v -0.176141 0.0289657 1.93274
v -0.0727457 0.0173383 1.97838
v 0.0332417 0.00539397 2.02045
v 0.141726 -0.00683806 2.0588
v 0.252588 -0.019322 2.09324
v 0.365683 -0.0320134 2.12363
v 0.480846 -0.0448577 2.14977
v 0.597894 -0.0577892 2.1715
v 0.716626 -0.0707301 2.18865
v 0.836826 -0.0835909 2.20104
v 1.27587 2.57734 0.292251
v 0.958261 -0.0962703 2.20849
v 1.33913 2.61814 0.435436
v 1.08068 -0.108656 2.21083
v 1.41007 2.65623 0.569395
v 1.20384 -0.120624 2.20789
v 1.32743 -0.132042 2.19946
v 1.48864 2.69156 0.694135
v 1.45119 -0.142769 2.18536
v 0.268849 1.77009 0.262842
v 1.57479 -0.152659 2.16538
v 1.57461 2.72387 0.807778
v 0.333753 1.80681 0.400653
v 1.69789 -0.16156 2.13929
v 0.40228 1.83943 0.52992
v 1.66745 2.75277 0.90924
v 0.474326 1.86799 0.658481
v 1.82017 -0.169318 2.10686
v 1.76641 2.77792 0.997095
v 0.549739 1.89285 0.784158
v 1.94123 -0.175782 2.06783
v 0.628483 1.91439 0.906449
v 2.06071 -0.180801 2.02194
v 0.788801 2.15646 0.218824
v 1.87063 2.79908 1.07159
v 0.710619 1.93294 1.02462
v 2.17818 -0.184233 1.9689
v 0.851284 2.19515 0.363293
v 0.796263 1.9488 1.13823
v 2.29321 -0.185941 1.90842
v 0.917272 2.22991 0.502495
v 1.97923 2.81609 1.13394
v 2.40535 -0.185801 1.84022
v 0.885545 1.96223 1.24653
v 0.987296 2.26157 0.64429
v 2.51413 -0.183699 1.76399
v 0.978582 1.97347 1.34875
v 1.06197 2.29044 0.779238
v 2.61905 -0.179534 1.6795
v 1.14175 2.31669 0.908213
v 1.07545 1.9827 1.44407
v 2.71961 -0.173217 1.58649
v 1.22689 2.34044 1.02888
v 1.17615 1.99004 1.53179
v 2.81526 -0.164677 1.48478
v 1.31744 2.36172 1.14009
v 1.28064 1.99558 1.61131
v 2.90545 -0.153853 1.37426
v 1.38877 1.99934 1.68219
v 2.98962 -0.140701 1.25488
v 3.06719 -0.125191 1.12672
v 1.4133 2.38052 1.24124
v 3.13754 -0.107305 0.989961
v 3.20007 -0.0870401 0.844946
v 3.25415 -0.0644035 0.692209
v 1.50032 2.00132 1.74415
v 1.51422 2.39676 1.33185
v 3.29916 -0.0394107 0.532502
v 3.33448 -0.0120731 0.367037
v 1.615 2.00147 1.79699
v 1.61985 2.41031 1.41165
v 3.35946 0.0176621 0.201096
v 1.73242 1.99976 1.8406
v 1.72974 2.42105 1.48049
v 1.85216 1.99611 1.87491
v 1.84336 2.42882 1.53843
v 1.96008 2.43349 1.58564
v 1.97372 1.99046 1.89986
v 2.07925 2.43495 1.62241
v 2.09653 1.98276 1.91541
v 2.20019 2.43314 1.649
v 2.22002 1.97296 1.92146
v -0.661172 0.965972 0.270309
v 2.32218 2.42801 1.66567
v 2.34353 1.96104 1.91789
v -0.603717 1.00085 0.421637
v 2.4664 1.947 1.9045
v -0.542856 1.03071 0.564549
v 2.44451 2.41956 1.6726
v 2.58792 1.93087 1.88103
v -0.478331 1.05581 0.703115
v 2.70736 1.91273 1.8471
v -0.410091 1.07671 0.836391
v 2.56645 2.40782 1.6699
v 2.82398 1.8927 1.80221
v -0.338102 1.09384 0.964126
v 2.93699 1.87094 1.74576
v 3.0456 1.84773 1.67693
v 3.14898 1.82339 1.59475
v 2.68728 2.39286 1.65762
v -0.262357 1.10762 1.08602
v 3.24631 1.7984 1.49795
v 3.33672 1.7734 1.385
v 2.80626 2.3748 1.63574
v 3.41935 1.74925 1.25407
v -0.182871 1.11837 1.20183
v 3.49331 1.72714 1.10304
v 2.92266 2.35378 1.6042
v 3.55766 1.7087 0.929716
v -0.0996747 1.12637 1.31145
v 3.03574 2.33004 1.5629
v 3.61144 1.6962 0.732132
v 3.1448 2.30387 1.51175
v 3.65361 1.69281 0.509266
v -0.0128267 1.13185 1.41482
v 3.24911 2.27564 1.45065
v 3.68302 1.703 0.263758
v 0.0775924 1.13501 1.5119
v 3.348 2.24589 1.37946
v 0.17148 1.13604 1.60266
v 3.44087 2.21526 1.29799
v 0.268718 1.13511 1.68713
v 3.52721 2.18461 1.2059
v 3.60672 2.15502 1.10259
v 0.369175 1.1324 1.76535
v 3.67934 2.12784 0.987136
v 3.74543 2.10478 0.858231
v 0.472714 1.12808 1.83734
v 3.80585 2.08798 0.714093
v 0.579193 1.1223 1.90315
v 3.86217 2.08009 0.552108
v 3.91641 2.08449 0.366042
v 0.688462 1.11524 1.96278
v 0.800365 1.10705 2.01622
v 0.914736 1.09789 2.06344
v 1.03139 1.0879 2.10436
v 1.15013 1.07722 2.13891
v 1.27072 1.06598 2.16697
v 1.39292 1.05428 2.18841
v 1.51644 1.04223 2.20307
v 1.64097 1.02994 2.21076
v -1.58152 0.168498 0.34302
v -1.51539 0.188871 0.484702
v 1.76616 1.01749 2.21128
v -1.44968 0.204052 0.616468
v -1.38272 0.214414 0.74274
v 1.89163 1.00498 2.20437
v -1.31403 0.220897 0.860994
v -1.24355 0.224118 0.971017
v 2.01696 0.992494 2.18973
v -1.17129 0.224687 1.0739
v -1.09723 0.223131 1.17054
v 2.14169 0.980129 2.16703
v -1.02125 0.219856 1.26162
v 2.26535 0.967982 2.13589
v -0.943217 0.215173 1.34769
v 2.38739 0.956157 2.09588
v -0.862993 0.209319 1.42918
v 2.50727 0.944771 2.0465
v -0.780437 0.202476 1.50643
v 2.6244 0.933958 1.98723
v -0.695424 0.194782 1.57969
v 2.73813 0.923863 1.91749
v 2.84782 0.914652 1.83668
v -0.607842 0.186347 1.64916
v 2.95277 0.906509 1.7442
v -0.517606 0.177253 1.71496
v 3.05223 0.899632 1.63946
v 3.14545 0.894236 1.52194
v -0.424653 0.167565 1.77714
v 3.2316 0.890535 1.39119
v 3.30983 0.888734 1.24692
v 3.37921 0.889003 1.08899
v -0.328947 0.157336 1.83573
v 3.43879 0.891431 0.917487
v 3.4875 0.89596 0.732808
v 3.52422 0.902269 0.536039
v -0.230481 0.14661 1.89071
v 3.54776 0.909579 0.330086
v -0.129276 0.135422 1.94201
v -0.0253812 0.123808 1.98955
v 0.0811271 0.111805 2.03323
v 0.190147 0.0994532 2.07293
v 0.301554 0.0867977 2.10851
v 0.415199 0.0738931 2.13982
v 0.530915 0.0608033 2.16673
v 0.648518 0.0476021 2.18908
v 0.767804 0.0343743 2.20671
v 0.888553 0.0212156 2.21946
v 1.01053 0.00823164 2.22718
v 1.13349 -0.00446168 2.22969
v 1.25716 -0.0167398 2.22681
v 1.38126 -0.0284704 2.21835
v 1.50549 -0.0395147 2.20411
v 1.62952 -0.0497296 2.18387
v 1.75302 -0.0589689 2.15739
v 1.87563 -0.067086 2.12443
v 1.99697 -0.0739357 2.08471
v 2.11662 -0.0793766 2.03795
v 2.23418 -0.0832725 1.98384
v 2.3492 -0.0854949 1.92209
v 2.4612 -0.085924 1.85239
v 2.56971 -0.0844502 1.77443
v 2.6742 -0.0809753 1.68795
v 2.77415 -0.0754131 1.59271
v 0.398806 1.86381 0.311236
v 2.869 -0.0676908 1.48852
v 0.465589 1.89873 0.443531
v 2.9582 -0.0577498 1.37526
v 0.5357 1.92958 0.574486
v 3.04116 -0.0455468 1.2529
v 0.609033 1.95677 0.703213
v 3.11726 -0.0310548 1.12153
v 3.18589 -0.0142637 0.981355
v 0.685642 1.98064 0.828519
v 3.24642 0.00481979 0.832719
v 0.76568 2.00151 0.950427
v 3.29821 0.0261729 0.676132
v 0.849343 2.01966 1.06799
v 3.34061 0.0497609 0.512231
v 0.936823 2.03536 1.18041
v 3.37298 0.0755359 0.34161
v 1.02828 2.04885 1.28657
v 1.1238 2.06029 1.38555
v 1.22342 2.06976 1.4765
v 1.32706 2.07732 1.55882
v 1.43455 2.08297 1.63207
v 1.54565 2.08666 1.69599
v 0.913542 2.25224 0.272751
v 1.66002 2.08833 1.75042
v 0.976341 2.29002 0.427785
v -0.541453 1.06575 0.351683
v 1.04341 2.3247 0.569348
v -0.482086 1.0987 0.495766
v 1.77724 2.08791 1.79528
v 1.11568 2.35645 0.708661
v -0.418909 1.12673 0.636143
v 1.19359 2.38544 0.840549
v 1.89684 2.08532 1.83056
v -0.351879 1.15037 0.772105
v 1.2773 2.41181 0.963333
v -0.28098 1.17011 0.902834
v 1.36679 2.43556 1.07633
v 2.01828 2.08048 1.85626
v -0.206215 1.18633 1.02767
v 1.4619 2.45667 1.17885
v 2.14098 2.07331 1.87235
v -0.127605 1.19937 1.1465
v 1.56233 2.47502 1.27043
v -0.0451937 1.20949 1.25918
v 2.2643 2.06379 1.87882
v 1.66766 2.49047 1.35076
v 0.0409478 1.21692 1.36556
v 1.77737 2.50284 1.41974
v 2.38759 2.05187 1.87558
v 0.13072 1.22185 1.46557
v 1.89084 2.51198 1.47749
v 2.51015 2.03757 1.86248
v 0.224004 1.2245 1.55918
v 2.63126 2.02092 1.83928
v 2.00742 2.51776 1.52433
v 0.320668 1.22503 1.64639
v 2.75018 2.00201 1.80567
v 0.420576 1.22364 1.72723
v 2.12641 2.52009 1.56063
v 2.86616 1.98097 1.76122
v 0.523588 1.22052 1.80177
v 2.9784 1.95799 1.70534
v 2.24708 2.51893 1.58676
v 3.08613 1.93335 1.63731
v 0.629564 1.21584 1.87001
v 3.18853 1.90742 1.55619
v 2.36871 2.51425 1.60301
v 3.2848 1.88074 1.46078
v 0.738363 1.20979 1.93195
v 3.37412 1.85399 1.34953
v 2.49057 2.50609 1.60962
v 3.45568 1.82816 1.22058
v 0.849835 1.20253 1.98756
v 3.52868 1.80456 1.07169
v 2.61194 2.49451 1.60671
v 0.963817 1.19422 2.03679
v 3.59233 1.78506 0.900423
v 1.08013 1.18501 2.07955
v 2.7321 2.4796 1.59436
v 3.64587 1.77224 0.704475
v 1.19858 1.17502 2.11573
v 3.68859 1.76981 0.482354
v 1.31893 1.16439 2.14522
v 2.85033 2.4615 1.5726
v 1.44093 1.15322 2.16786
v 2.9659 2.4404 1.5414
v 1.56429 1.1416 2.1835
v 3.07811 2.41655 1.50079
v 1.68868 1.12962 2.19195
v 3.18624 2.39028 1.45082
v 1.81374 1.11737 2.19298
v 3.28961 2.36201 1.39161
v -1.45665 0.256008 0.376783
v -1.39403 0.278163 0.526284
v 1.93907 1.10493 2.18633
v -1.32913 0.294438 0.665184
v 3.38759 2.3323 1.32338
v -1.26192 0.305531 0.791744
v 2.06423 1.09238 2.1717
v -1.19272 0.312465 0.909621
v 2.18874 1.07981 2.14875
v 3.47961 2.30185 1.24639
v -1.12159 0.316131 1.02013
v 2.3121 1.06729 2.11706
v -1.04847 0.317187 1.12405
v 2.43375 1.05495 2.07618
v 3.56528 2.27151 1.1609
v -0.973258 0.316122 1.22197
v 2.55311 1.0429 2.02559
v -0.895818 0.313311 1.31439
v 2.66956 1.03126 1.96471
v 3.6444 2.24235 1.06706
v 2.78244 1.02021 1.89292
v -0.816019 0.309042 1.40173
v 2.89106 1.00992 1.80955
v 2.99468 1.00059 1.71392
v -0.733737 0.303536 1.48433
v 3.71714 2.21563 0.96482
v 3.09255 0.992453 1.60535
v -0.648862 0.296965 1.56247
v 3.18383 0.985746 1.48322
v 3.78413 2.19274 0.853801
v 3.26767 0.980723 1.347
v -0.561301 0.289464 1.63635
v 3.34315 0.977628 1.19632
v 3.84669 2.17521 0.733172
v -0.470982 0.281136 1.7061
v 3.40928 0.976662 1.03104
v 3.90693 2.16442 0.601459
v -0.377859 0.272065 1.77183
v 3.46503 0.977938 0.851355
v 3.96779 2.1617 0.457507
v 3.50926 0.981396 0.658016
v 4.03356 2.16886 0.299976
v -0.28191 0.262321 1.83356
v 3.54082 0.986684 0.452588
v 3.55864 0.993044 0.237025
v -0.183144 0.251959 1.8913
v -0.0815913 0.24103 1.94503
v 0.0226869 0.229583 1.99468
v 0.129606 0.217665 2.04019
v 0.239057 0.205328 2.08144
v 0.35091 0.192629 2.11835
v 0.465012 0.179631 2.15079
v 0.581194 0.166409 2.17864
v 0.699266 0.153044 2.20177
v 0.819024 0.139628 2.22004
v 0.940245 0.126262 2.2333
v 1.06269 0.113055 2.2414
v 1.18611 0.100127 2.24417
v 1.31023 0.0876027 2.24143
v 1.43476 0.0756132 2.23299
v 1.55938 0.0642946 2.21865
v 1.68378 0.0537863 2.19816
v 1.80759 0.0442288 2.17129
v 1.93046 0.0357627 2.13778
v 2.05198 0.0285266 2.09733
v 2.17174 0.0226555 2.04964
v 2.28931 0.0182796 1.9944
v 2.40422 0.0155226 1.93129
v 2.51599 0.0145007 1.85999
v 2.62411 0.0153214 1.78017
v 2.72806 0.0180822 1.69158
v 2.82729 0.0228693 1.59395
v 2.92123 0.0297562 1.4871
v 1.68784 -3.10852 0.201828
v 3.00929 0.0388014 1.37093
v 1.7824 -3.10592 0.246577
v 3.09088 0.0500467 1.24541
v 1.88481 -3.10091 0.264205
v 3.16536 0.0635145 1.11063
v 3.2321 0.0792059 0.966834
v 2.00122 -3.09036 0.223815
v 3.29043 0.0971004 0.814344
v 3.3397 0.117159 0.653651
v 3.3792 0.139336 0.485367
v 3.40822 0.163617 0.31059
v 2.3533 -3.08795 0.166985
v 0.464919 1.91792 0.221558
v 0.529819 1.95538 0.355391
v 0.597761 1.98885 0.488935
v 0.66879 2.01862 0.619644
v -0.478489 1.12909 0.280481
v 0.74305 2.04504 0.748548
v -0.420593 1.16496 0.425084
v 0.820828 2.06839 0.874251
v -0.358764 1.19579 0.567972
v -0.292968 1.22214 0.706698
v 0.902392 2.08899 0.996312
v 0.987996 2.10713 1.11294
v -0.223196 1.24446 0.839762
v 1.07784 2.12303 1.22314
v -0.149453 1.26315 0.967221
v 1.17204 2.1368 1.32569
v -0.071761 1.27849 1.08885
v 1.27061 2.14853 1.41973
v 0.00982313 1.29075 1.20434
v 1.37346 2.15821 1.50464
v 0.095206 1.30014 1.31354
v 0.184266 1.30687 1.41632
v 1.48038 2.1658 1.58004
v 0.276866 1.31114 1.51263
v 0.372862 1.31317 1.60248
v 1.59109 2.17126 1.6457
v 0.472117 1.31314 1.68594
v 1.7052 2.17448 1.70149
v 0.574495 1.31127 1.76303
v 0.679866 1.30776 1.83375
v 1.82226 2.17537 1.74741
v 0.788095 1.30279 1.89808
v 1.94175 2.17384 1.78346
v 0.899044 1.29653 1.95595
v 0.13933 -1.62647 0.363486
v 1.01256 1.28915 2.00728
v 2.06309 2.16979 1.80973
v 1.12847 1.28079 2.05195
v 0.218934 -1.64989 0.57102
v 2.18567 2.16316 1.82624
v 1.24657 1.27159 2.08984
v 1.36663 1.26164 2.12081
v 2.30882 2.1539 1.83304
v 0.313792 -1.66909 0.739387
v 1.48839 1.25106 2.14472
v 2.43186 2.14199 1.83007
v 1.03597 2.35033 0.350105
v 1.10003 2.38785 0.497581
v 2.55408 2.12745 1.81725
v 1.61156 1.23992 2.16139
v 2.67474 2.11032 1.79439
v 0.423919 -1.67937 0.818701
v 1.16999 2.4223 0.639553
v 2.79311 2.09069 1.76123
v 1.2461 2.45389 0.772934
v 1.73578 1.2283 2.17061
v 2.90842 2.06872 1.7174
v 1.32844 2.48274 0.897248
v 3.0199 2.04463 1.66241
v 3.12677 2.0187 1.59563
v 0.537711 -1.68161 0.804771
v 1.86068 1.21628 2.17218
v 3.22824 1.99136 1.51622
v 1.41695 2.50887 1.01143
v 3.32356 1.96317 1.42309
v 3.41194 1.9349 1.31482
v 1.51139 2.53219 1.11476
v 1.98584 1.20392 2.16582
v 0.643602 -1.67936 0.709335
v 3.49269 1.90758 1.18958
v 1.6114 2.55255 1.20672
v 2.1108 1.1913 2.15121
v 3.56511 1.88265 1.04517
v 1.71646 2.56975 1.28695
v 2.23506 1.17848 2.12801
v 3.62865 1.8621 0.879025
v -1.39589 0.319866 0.287416
v 0.739011 -1.67463 0.581058
v 2.35808 1.16556 2.09579
v 1.82599 2.58362 1.35542
v 3.68284 1.84876 0.688573
v -1.33602 0.349232 0.44754
v 2.47929 1.15264 2.05406
v 3.72743 1.84667 0.47191
v 2.59807 1.13983 2.00227
v 1.9393 2.594 1.41241
v -1.27273 0.370834 0.586932
v 2.71378 1.12729 1.93979
v -1.2071 0.38624 0.719209
v 0.828663 -1.66885 0.484789
v 2.82573 1.11517 1.86595
v 2.05567 2.60077 1.45839
v -1.1394 0.396942 0.843862
v 2.93319 1.10367 1.78
v 2.17436 2.60387 1.49384
v 3.0354 1.09303 1.68117
v -1.06959 0.403902 0.961353
v 0.917516 -1.6643 0.444532
v 3.13155 1.08349 1.56869
v -0.997596 0.407812 1.07208
v 2.29463 2.60328 1.51918
v 3.22077 1.07533 1.44184
v -0.923302 0.409218 1.17648
v 3.30217 1.06886 1.30001
v 1.00741 -1.66055 0.454142
v 2.41575 2.59904 1.53475
v 3.37476 1.06436 1.14278
v -0.846594 0.408543 1.27502
v 2.537 2.59119 1.54079
v 3.43751 1.0621 0.970085
v 1.09832 -1.65387 0.493165
v -0.767357 0.406117 1.36806
v 2.65764 2.57983 1.53744
v 3.48929 1.06224 0.782322
v -0.685483 0.402196 1.45596
v 3.52893 1.0648 0.580664
v 1.18935 -1.64446 0.599951
v 2.77699 2.56509 1.5248
v 3.55522 1.06951 0.367657
v -0.600878 0.396982 1.53896
v -0.513464 0.390633 1.61729
v 1.28662 -1.6343 0.665278
v 2.89433 2.54713 1.50289
v -0.423187 0.383277 1.69108
v 1.38967 -1.62087 0.543808
v -0.330016 0.375016 1.76045
v 3.00895 2.52617 1.47175
v 1.48135 -1.60158 0.292077
v -0.233945 0.365936 1.82545
v -0.134992 0.356109 1.8861
v 3.12015 2.50249 1.43145
v -0.0332034 0.3456 1.94241
v 0.0713514 0.33447 1.99432
v 3.22725 2.47646 1.38218
v 0.178579 0.322779 2.04181
v 0.288364 0.310592 2.08479
v 3.32956 2.44854 1.3243
v 0.400569 0.297975 2.12319
v 0.515039 0.285004 2.15691
v 0.631599 0.271761 2.18585
v 0.750058 0.258336 2.2099
v 0.870208 0.244828 2.22893
v 0.991824 0.231343 2.24281
v 1.11466 0.217994 2.25138
v 1.23847 0.204902 2.25449
v 1.36296 0.192191 2.25196
v 1.48784 0.179993 2.24359
v 1.61279 0.168439 2.22916
v 1.73748 0.157666 2.20844
v 1.54989 -3.02106 0.241679
v 1.86154 0.147808 2.18118
v 1.64484 -3.01171 0.265145
v 1.98459 0.139 2.14708
v 1.74177 -2.99915 0.271052
v 2.10622 0.131375 2.10586
v 1.84006 -2.9915 0.259391
v 2.226 0.125063 2.05719
v 1.94165 -2.9826 0.220961
v 2.34349 0.12019 2.00073
v 2.4582 0.116877 1.93616
v 2.56964 0.115238 1.86314
v 2.67727 0.115381 1.78133
v 2.78057 0.117404 1.69046
v 2.87895 0.121395 1.59028
v 2.97184 0.127431 1.48059
v 2.09133 2.82894 1.18509
v 3.05863 0.13557 1.3613
v 3.13869 0.145853 1.23241
v 2.20611 2.83765 1.22571
v 3.21137 0.158296 1.09403
v 2.32278 2.8423 1.25632
v 3.27602 0.172889 0.946415
v 2.44061 2.843 1.27734
v 3.33194 0.189596 0.789981
v 2.5589 2.83988 1.28904
v 3.37842 0.208358 0.625425
v 3.41471 0.229117 0.45409
v 2.67698 2.83309 1.29161
v 3.44005 0.251848 0.27964
v 2.7942 2.8228 1.2851
v 2.9099 2.80919 1.26943
v 3.02341 2.79247 1.24441
v 3.13404 2.7729 1.20983
v 3.24107 2.75084 1.16571
v 3.34373 2.72673 1.11227
v -0.414694 1.19073 0.20678
v -0.358292 1.22937 0.354682
v 3.4413 2.70117 1.05003
v -0.297855 1.26301 0.499966
v 3.53311 2.67489 0.979662
v -0.233332 1.29203 0.639802
v -0.16474 1.31696 0.774889
v -0.0920565 1.3381 0.90483
v -0.0153152 1.35575 1.02889
v 0.0654022 1.37015 1.14697
v 0.149972 1.3815 1.25878
v 0.594928 2.00988 0.266608
v 0.238245 1.39002 1.36412
v 0.6606 2.04607 0.401393
v 0.729004 2.07874 0.534514
v 0.330066 1.39594 1.46299
v 0.80074 2.10784 0.666379
v 0.425288 1.39947 1.55542
v 0.8761 2.13382 0.797379
v 0.523775 1.40085 1.64148
v 0.955455 2.15703 0.923641
v 0.625404 1.40029 1.72117
v 1.03913 2.17777 1.04477
v 0.730058 1.398 1.79446
v 1.12737 2.19621 1.15883
v 0.837618 1.39419 1.86127
v 1.22028 2.21244 1.26474
v 0.947957 1.38902 1.9215
v 1.31787 2.2265 1.36158
v 1.06093 1.38265 1.97502
v 1.17637 1.37524 2.02168
v 3.6186 2.64876 0.901975
v 1.41999 2.23835 1.4488
v 1.29407 1.36689 2.06136
v 3.69738 2.62372 0.817725
v 1.41381 1.35771 2.09388
v 1.52641 2.24795 1.52605
v 3.76928 2.6007 0.727467
v 3.83443 2.58052 0.631583
v 1.63679 2.25518 1.59315
v 1.53531 1.34778 2.11909
v 3.89378 2.56407 0.529843
v 3.9528 2.55397 0.421401
v 1.7507 2.25996 1.65004
v 4.02469 2.55116 0.3086
v 1.65825 1.33718 2.13681
v 1.86763 2.26215 1.69673
v 1.78228 1.32596 2.14685
v 1.98703 2.26166 1.73333
v 2.10827 2.2584 1.75996
v 1.90701 1.31419 2.14897
v 2.03198 1.30191 2.14291
v 2.23071 2.25229 1.77673
v 2.15671 1.2892 2.12836
v 2.35365 2.24329 1.78372
v 2.28069 1.27611 2.10493
v 2.40334 1.26273 2.0722
v 2.52406 1.24916 2.02965
v 2.4764 2.2314 1.78096
v 2.64222 1.23552 1.9767
v 2.75713 1.22195 1.91268
v 2.59823 2.21665 1.76839
v 2.86808 1.20865 1.83684
v 2.7184 2.1991 1.7459
v 2.97432 1.19582 1.74836
v 2.83618 2.17886 1.71327
v 3.07503 1.18371 1.64638
v -1.27503 0.41748 0.359284
v 2.95079 2.1561 1.67023
v 3.16938 1.17262 1.53003
v -1.21366 0.443418 0.505322
v 3.25647 1.16288 1.39849
v 3.0615 2.13106 1.61639
v 3.33534 1.15484 1.25105
v -1.14996 0.463092 0.643669
v 3.16752 2.10406 1.55126
v 3.40497 1.14887 1.08729
v -1.08398 0.477729 0.774923
v 3.26812 2.07556 1.47417
v 3.46427 1.14533 0.907196
v -1.01565 0.488157 0.89886
v 3.36256 2.04615 1.38424
v 3.51205 1.14451 0.711375
v 3.5471 1.1466 0.501353
v 3.45017 2.01664 1.28026
v -0.944894 0.49512 1.01585
v 3.5683 1.15153 0.277663
v 3.53034 1.98811 1.16063
v -0.871639 0.499212 1.12634
v 3.60259 1.96205 1.02334
v -0.795781 0.500895 1.23067
v 3.6666 1.94049 0.865983
v -0.717222 0.500533 1.32921
v 3.72233 1.92625 0.68597
v -0.63587 0.498412 1.42225
v 3.77013 1.9234 0.481101
v -0.551647 0.49476 1.51004
v -0.464494 0.489763 1.59278
v -0.37437 0.483567 1.67062
v -0.281261 0.476296 1.74368
v -0.185173 0.468051 1.81201
v -0.0861397 0.45892 1.87566
v 0.0157833 0.448984 1.93464
v 0.120516 0.438315 1.98894
v 0.227956 0.426989 2.03853
v 0.337982 0.415081 2.08336
v 0.45045 0.402669 2.12338
v 0.5652 0.38984 2.15851
v 0.682055 0.376684 2.18866
v 0.80082 0.3633 2.21374
v 0.921284 0.349792 2.23364
v 1.04322 0.336273 2.24822
v 1.16638 0.322858 2.25736
v 1.29049 0.309668 2.26087
v 1.41529 0.296829 2.2586
v 1.54045 0.284468 2.25033
v 1.66566 0.272716 2.23584
v 1.79057 0.261702 2.2149
v 1.9148 0.251557 2.18722
v 1.31479 -2.95092 0.217728
v 1.41267 -2.93723 0.254306
v 2.03796 0.242411 2.15251
v 2.15962 0.234392 2.11047
v 1.51001 -2.92201 0.25182
v 2.27935 0.227627 2.06074
v 1.60652 -2.90838 0.230133
v 2.39667 0.222238 2.00299
v 2.51109 0.218344 1.93685
v 2.6221 0.216062 1.86197
v 2.72914 0.2155 1.77802
v 2.83166 0.21676 1.68471
v 2.16014 -2.92101 0.175979
v 2.92908 0.219935 1.58177
v 3.02077 0.225103 1.46903
v 3.10613 0.232328 1.3464
v 3.18448 0.241647 1.2139
v 3.25518 0.253071 1.0717
v 3.31752 0.266574 0.920097
v 3.37078 0.282096 0.759598
v 3.4142 0.29954 0.591012
v 3.447 0.318797 0.415769
v 3.46835 0.339764 0.238594
v -0.295179 1.29214 0.286363
v -0.236117 1.32838 0.430596
v -0.172971 1.36012 0.571394
v -0.105593 1.38763 0.708635
v -0.0339909 1.41122 0.840289
v 0.0417761 1.43116 0.966637
v 0.12159 1.44767 1.08713
v 0.205283 1.46096 1.20123
v 0.292677 1.47126 1.30889
v 0.383607 1.47883 1.41018
v 0.477928 1.4839 1.50516
v 0.57552 1.48672 1.59386
v 0.676278 1.48753 1.67624
v 0.780103 1.48654 1.75221
v 0.886895 1.48396 1.82162
v 0.99654 1.47997 1.88431
v 1.1089 1.47472 1.94012
v 1.22382 1.46834 1.98887
v 1.34109 1.46094 2.03039
v 1.46048 1.4526 2.06451
v 1.58169 1.4434 2.09106
v 1.70441 1.43338 2.10987
v 1.82824 1.4226 2.12073
v -0.0847164 -1.54187 0.256753
v 1.95277 1.41109 2.12343
v -0.0031438 -1.56676 0.366352
v 2.07754 1.3989 2.11769
v 2.20204 1.38607 2.10321
v 0.0798751 -1.58678 0.485671
v 2.3257 1.37267 2.07959
v 2.44795 1.35877 2.0464
v 2.56816 1.34448 2.0031
v 0.16531 -1.6038 0.61603
v 2.68564 1.3299 1.94908
v 2.79971 1.31521 1.88361
v 2.90961 1.30059 1.80589
v 0.258294 -1.61925 0.772251
v 2.87938 2.26656 1.66118
v -1.21174 0.481536 0.271532
v 3.01455 1.28629 1.71503
v 2.99326 2.2432 1.61902
v 3.11372 1.27258 1.61005
v -1.15259 0.512103 0.424082
v 3.20622 1.25981 1.48999
v 0.362135 -1.63104 0.878177
v 3.10316 2.21744 1.56651
v -1.09105 0.536468 0.567646
v 3.29113 1.24835 1.3539
v 3.20834 2.18966 1.50334
v 3.36746 1.23866 1.20099
v -1.02686 0.555123 0.704203
v 3.30809 2.16032 1.42907
v 3.43413 1.23121 1.03077
v -0.960068 0.569123 0.833719
v 3.40173 2.13007 1.34312
v 3.49002 1.22653 0.843219
v -0.890642 0.579289 0.95643
v 0.47271 -1.63792 0.913035
v 3.48869 2.09973 1.24464
v 3.53387 1.22513 0.639056
v -0.818513 0.586236 1.0725
v 3.56427 1.22751 0.420919
v 3.56849 2.0704 1.13245
v -0.743596 0.590455 1.18226
v 3.64085 2.04353 1.00497
v -0.665808 0.592337 1.286
v 3.70581 2.02104 0.86021
v 0.582282 -1.64075 0.880717
v -0.585074 0.592196 1.38397
v 3.76376 2.00557 0.695957
v -0.501331 0.590286 1.47641
v 3.81568 2.00078 0.510453
v -0.414536 0.586813 1.56349
v 3.86332 2.01196 0.304282
v 0.685484 -1.64095 0.800928
v -0.324664 0.581947 1.64534
v -0.231713 0.575827 1.72208
v 0.781999 -1.63939 0.714199
v -0.135706 0.568573 1.79377
v 0.874688 -1.63675 0.658371
v -0.0366868 0.560289 1.86046
v 0.0652766 0.551067 1.92219
v 0.966466 -1.63311 0.643907
v 0.170095 0.540997 1.97894
v 1.05898 -1.62713 0.659471
v 0.277657 0.530164 2.03073
v 0.387834 0.518657 2.07751
v 1.15307 -1.618 0.710265
v 0.500478 0.506566 2.11924
v 1.25065 -1.60702 0.758739
v 0.615424 0.493987 2.15588
v 1.35228 -1.59539 0.711625
v 0.732492 0.481021 2.18734
v 0.851483 0.467773 2.21355
v 1.45159 -1.58239 0.562855
v 0.972183 0.454355 2.23441
v 1.54147 -1.56494 0.384952
v 1.09436 0.440882 2.24978
v 1.21776 0.427473 2.25954
v 1.62485 -1.5429 0.259007
v 1.34213 0.414249 2.26352
v 1.46715 0.401334 2.26154
v 0.724049 2.10196 0.310919
v 1.177 -2.87262 0.249242
v 1.26888 -2.86542 0.282435
v 0.789805 2.13745 0.445888
v 1.36828 -2.85107 0.278874
v 1.59254 0.388854 2.25341
v 0.858782 2.16936 0.585366
v 0.93156 2.19809 0.719639
v 1.71794 0.376934 2.23888
v 1.00861 2.22407 0.851237
v 1.84299 0.365701 2.2177
v 1.09033 2.24753 0.97635
v 1.96733 0.35528 2.18959
v 1.17699 2.26861 1.09402
v 1.92861 -2.85291 0.182132
v 2.09052 0.345797 2.15424
v 1.26868 2.28737 1.20287
v 1.36536 2.3038 1.30211
v 2.21214 0.337376 2.11132
v 2.33174 0.33014 2.06046
v 2.44881 0.324211 2.00131
v 1.46684 2.31786 1.39125
v 2.56285 0.319709 1.93348
v 2.67332 0.316753 1.85661
v 1.57284 2.32945 1.46999
v 2.77966 0.315455 1.77035
v 1.68295 2.33846 1.53818
v 2.88128 0.315924 1.67439
v 2.84398 -2.87898 0.227927
v 2.97759 0.318258 1.56847
v 2.95081 -2.87462 0.256091
v 3.06793 0.322544 1.45243
v 1.7967 2.34476 1.5958
v 3.06437 -2.85343 0.188204
v 3.15168 0.328846 1.32621
v 3.22814 0.337204 1.18985
v 1.91352 2.34822 1.64294
v 3.29663 0.347619 1.04356
v 3.35643 0.360046 0.88771
v 2.03282 2.34874 1.67979
v 3.40678 0.374384 0.722794
v 3.4469 0.390468 0.549505
v 2.15394 2.34622 1.70654
v 3.47598 0.408088 0.368725
v 2.27619 2.34061 1.72337
v 2.39887 2.33188 1.73043
v 2.52126 2.32005 1.72776
v 2.64263 2.30515 1.71539
v 2.76225 2.28728 1.69324
v 3.10389 3.11966 0.646276
v 3.20443 3.10154 0.602239
v 3.30068 3.07889 0.542259
v 3.42648 2.41935 1.25834
v 3.391 3.05166 0.467783
v -0.230984 1.35289 0.222297
v 3.4739 3.01995 0.38014
v -0.173643 1.39205 0.360039
v 3.54815 2.98405 0.281584
v 3.51748 2.38962 1.18503
v -0.111867 1.42646 0.502682
v -0.0457063 1.45649 0.640041
v 0.0248022 1.4825 0.773669
v 3.60224 2.36026 1.10525
v 0.0995851 1.50469 0.902314
v 0.178451 1.52326 1.02466
v 3.68065 2.33233 1.01998
v 0.261182 1.53845 1.14067
v 3.75301 2.30703 0.930113
v 0.347579 1.55052 1.25043
v 0.43748 1.55974 1.35408
v 3.82023 2.28557 0.83622
v 0.530758 1.56638 1.45166
v 3.88407 2.26903 0.738321
v 3.94739 2.25796 0.635714
v 0.627316 1.5707 1.54311
v 4.01384 2.25197 0.527568
v -3.54674 -0.728983 0.474419
v 0.727075 1.57295 1.62831
v -3.45279 -0.736643 0.50479
v 4.08609 2.24997 0.415797
v 0.82996 1.57335 1.7071
v 4.16548 2.25072 0.30539
v 0.935891 1.57212 1.77924
v -3.3582 -0.745561 0.528731
v 1.04477 1.56941 1.84452
v -3.2633 -0.755236 0.546532
v 1.15647 1.56537 1.90272
v 1.27083 1.56012 1.95363
v -3.16824 -0.765583 0.558579
v 1.38765 1.55376 1.99704
v -3.07313 -0.77634 0.565181
v -2.97801 -0.787003 0.566675
v 1.50666 1.54634 2.0328
v -2.88284 -0.797031 0.563484
v 1.62759 1.53793 2.06071
v -2.78751 -0.806095 0.555903
v 1.75006 1.52854 2.08062
v -2.69203 -0.814051 0.543808
v -2.59672 -0.820586 0.526909
v 1.8737 1.51822 2.09232
v -2.50208 -0.825352 0.505414
v -2.40842 -0.828276 0.479737
v 1.99804 1.50699 2.09561
v -2.31584 -0.829378 0.450483
v 2.1226 1.49488 2.09021
v -1.09041 0.578133 0.344674
v -2.22437 -0.828247 0.419542
v -1.03079 0.606835 0.491162
v -2.13364 -0.826069 0.388061
v 2.24684 1.48192 2.07582
v -0.96834 0.629418 0.632321
v -2.04359 -0.823205 0.357457
v -0.903127 0.647078 0.766943
v 2.37018 1.46817 2.05206
v -1.95501 -0.817491 0.344301
v -0.835077 0.660544 0.894656
v 2.492 1.45369 2.01848
v -1.86722 -0.814003 0.33583
v -0.764134 0.670464 1.01574
v 2.61165 1.43859 1.97452
v -1.78382 -0.817372 0.356213
v 2.72844 1.42299 1.91954
v -0.690228 0.67735 1.13049
v -1.70103 -0.829192 0.404309
v 2.84162 1.40705 1.85278
v -0.613287 0.681616 1.2391
v -1.61832 -0.840785 0.462942
v 2.95043 1.391 1.77338
v -0.53325 0.6836 1.34177
v -1.53687 -0.852953 0.524091
v 3.05405 1.37509 1.68036
v -0.45007 0.683579 1.43867
v -1.45636 -0.864646 0.589689
v 3.15164 1.35965 1.57266
v -0.363717 0.68178 1.52995
v 3.24228 1.34506 1.44917
v -1.37674 -0.876172 0.656841
v 3.32503 1.3318 1.30881
v -1.29774 -0.887385 0.724298
v -0.274182 0.67839 1.61573
v 3.39885 1.32043 1.15067
v -1.21916 -0.898284 0.791635
v 3.46266 1.31159 0.974149
v -0.181477 0.673566 1.69611
v 3.51526 1.30602 0.779172
v -1.1408 -0.908977 0.858106
v 3.55536 1.30458 0.56642
v -0.0856375 0.667443 1.77114
v -1.06242 -0.91957 0.923275
v 3.58157 1.30815 0.336683
v 0.01328 0.66014 1.84089
v -0.983643 -0.930242 0.987145
v -0.90394 -0.941126 1.04996
v 0.115196 0.651763 1.90539
v -0.822761 -0.952184 1.11224
v 0.220012 0.642415 1.96466
v -0.739661 -0.963233 1.17399
v 0.327609 0.632194 2.0187
v -0.654359 -0.974067 1.23449
v -0.566691 -0.984519 1.29321
v 0.437852 0.621201 2.0675
v -0.476549 -0.994481 1.34983
v 0.550586 0.609538 2.11104
v -0.383849 -1.0039 1.40416
v 0.665645 0.597312 2.14927
v -0.28852 -1.01277 1.45602
v 0.782844 0.584632 2.18213
v -0.19051 -1.02111 1.50516
v 0.901982 0.571611 2.20956
v -0.0898054 -1.02899 1.55118
v 1.02284 0.558366 2.23144
v 0.013545 -1.0365 1.59355
v 1.14519 0.545016 2.24768
v 0.119409 -1.04372 1.63157
v 1.26877 0.531681 2.25812
v 0.227561 -1.05072 1.66441
v 0.858213 -2.78151 0.212322
v 1.39331 0.518482 2.26262
v 0.337689 -1.05753 1.69121
v 0.948495 -2.79185 0.24173
v 1.5185 0.505542 2.26098
v 1.04388 -2.7938 0.28103
v 0.44942 -1.06416 1.71128
v 1.13974 -2.78195 0.301795
v 0.562367 -1.07056 1.72422
v 1.64404 0.492982 2.253
v 1.23242 -2.76736 0.295673
v 1.76956 0.480923 2.23844
v 1.32545 -2.74943 0.265947
v 0.676169 -1.07664 1.73009
v 1.42031 -2.75352 0.220163
v 1.89471 0.469488 2.21702
v 0.79052 -1.0823 1.72928
v 1.51224 -2.77436 0.183839
v 2.01908 0.458797 2.18846
v 0.905173 -1.08744 1.72225
v 1.60123 -2.78304 0.176126
v 2.14224 0.448972 2.15243
v 1.69548 -2.77726 0.191287
v 1.01992 -1.09195 1.70928
v 2.26375 0.440135 2.10857
v 1.79199 -2.75618 0.183978
v 2.38312 0.432406 2.05651
v 1.13457 -1.09573 1.69026
v 2.49986 0.425908 1.99586
v 1.24888 -1.09867 1.66475
v 2.61342 0.420765 1.92621
v 1.3626 -1.10063 1.63231
v 2.72325 0.417098 1.84719
v 2.82877 0.415028 1.75842
v 1.4754 -1.10145 1.59281
v 2.92937 0.414672 1.65959
v 1.58696 -1.10088 1.54653
v 3.02441 0.416138 1.55044
v 3.11325 0.41952 1.43082
v 1.69695 -1.09866 1.49391
v 3.19519 0.424892 1.30069
v 3.26955 0.432293 1.16016
v 2.60971 -2.79458 0.239459
v 1.80503 -1.09447 1.43532
v 3.33559 0.441716 1.00948
v 3.39258 0.453089 0.849037
v 2.70157 -2.79301 0.286819
v 1.91089 -1.08801 1.37088
v 3.43973 0.466254 0.679298
v 2.01421 -1.07898 1.30057
v 3.47624 0.480957 0.500709
v 2.79864 -2.79111 0.314104
v 2.11465 -1.06715 1.22423
v 3.50122 0.496889 0.313583
v 2.90473 -2.7838 0.312519
v 2.21181 -1.05231 1.14171
v 3.01249 -2.76681 0.240792
v 2.30528 -1.03433 1.05284
v 2.3946 -1.01311 0.957591
v 2.47929 -0.988613 0.855921
v 3.26741 -2.77048 0.169996
v 2.55885 -0.960832 0.747914
v 2.6328 -0.929794 0.633913
v 2.70064 -0.895546 0.514625
v 2.76187 -0.858159 0.389343
v 2.81607 -0.817738 0.257533
v 1.09617 2.4112 0.277614
v 1.15748 2.45114 0.428455
v 1.22517 2.488 0.570698
v 1.29952 2.52198 0.705307
v 1.38057 2.55316 0.83048
v -0.311479 -1.44929 0.220595
v 1.46817 2.58152 0.945194
v -0.23135 -1.47782 0.302543
v 1.562 2.60691 1.04871
v 1.66163 2.62911 1.14033
v -0.149673 -1.50333 0.390749
v 1.76645 2.64791 1.2197
v 1.87577 2.66309 1.28691
v -0.0663369 -1.52556 0.485374
v 1.98883 2.67451 1.34251
v 1.85825 3.0448 0.189184
v 1.93968 3.07812 0.27958
v 2.10487 2.68211 1.38713
v 0.0192404 -1.5437 0.589011
v 2.02724 3.10728 0.34974
v 2.22312 2.68586 1.42134
v 2.11957 3.13193 0.411239
v 2.34282 2.68579 1.44557
v 0.107849 -1.5584 0.698287
v 2.21582 3.15223 0.458908
v -0.110371 1.45413 0.290685
v 2.31502 3.16817 0.499014
v 2.46324 2.68195 1.46016
v -0.049909 1.49096 0.430591
v 2.41636 3.17988 0.529022
v 0.201482 -1.57096 0.816552
v 0.0149721 1.52353 0.569597
v 2.58367 2.67444 1.46536
v 2.51914 3.18761 0.549803
v 0.0844242 1.5519 0.705765
v 2.62277 3.1915 0.561586
v 2.7034 2.66338 1.46131
v 0.302211 -1.58165 0.925865
v 0.158213 1.57625 0.835507
v 2.72669 3.19166 0.564507
v 0.236057 1.59682 0.959146
v 2.82176 2.64893 1.44806
v 2.83035 3.18829 0.558851
v 0.317702 1.61387 1.07673
v 0.40925 -1.58981 0.989428
v 2.93325 3.18138 0.544931
v 0.402951 1.6277 1.18854
v 3.03489 3.17064 0.524303
v 2.93803 2.63127 1.42564
v 0.491663 1.6386 1.29461
v 3.13452 3.15535 0.49105
v 0.583742 1.64686 1.39491
v 0.518563 -1.59524 0.999802
v 3.05154 2.61065 1.39407
v 3.23076 3.13478 0.440763
v 0.679121 1.65276 1.48928
v 3.32167 3.10887 0.372027
v 0.777753 1.65654 1.57748
v 3.16159 2.58739 1.35345
v 0.625615 -1.59836 0.964981
v -3.77017 -0.65253 0.214754
v 3.40527 3.07729 0.291011
v 0.879591 1.65844 1.65924
v 3.26747 2.56188 1.30408
v 3.48009 3.04028 0.201807
v -3.68205 -0.642809 0.277986
v 0.984577 1.65866 1.73426
v 0.728047 -1.59962 0.905666
v 1.09263 1.65734 1.80225
v 3.36853 2.53466 1.24646
v -3.59306 -0.636098 0.33582
v 1.20363 1.65463 1.86293
v -3.50216 -0.634618 0.390275
v 3.46415 2.50637 1.18137
v 0.826243 -1.59925 0.851024
v 1.3174 1.65062 1.91605
v -3.40983 -0.636752 0.437519
v 3.55384 2.47783 1.10988
v 1.43375 1.64539 1.96141
v 0.922087 -1.59717 0.820944
v -3.31675 -0.640911 0.47749
v 3.63726 2.45 1.03338
v -3.22299 -0.647383 0.511392
v 1.5524 1.63897 1.99881
v 1.01752 -1.5929 0.816241
v 3.71437 2.42398 0.953516
v -1.02718 0.641811 0.260171
v -3.12874 -0.655778 0.5395
v -0.969268 0.674256 0.416059
v 3.78554 2.40099 0.871978
v 1.67304 1.63141 2.0281
v -0.908676 0.701007 0.560639
v 1.114 -1.58597 0.833397
v -3.03414 -0.665498 0.562048
v 3.85186 2.38232 0.790004
v -0.845034 0.72231 0.699108
v 1.79529 1.6227 2.0491
v -0.77839 0.739121 0.831028
v -2.93927 -0.675899 0.579255
v 3.91564 2.36911 0.70759
v -0.70868 0.752085 0.95662
v 1.21265 -1.57688 0.857199
v -2.84408 -0.686619 0.591434
v -0.635837 0.761723 1.07591
v 1.91873 1.61288 2.06164
v 3.98078 2.36164 0.623353
v -0.559802 0.768474 1.18905
v -2.74858 -0.697402 0.598798
v 1.31378 -1.5668 0.837511
v 4.05132 2.35788 0.537153
v -0.480528 0.772696 1.29614
v 2.04288 1.60193 2.06551
v -2.65294 -0.707959 0.601435
v 4.12906 2.35419 0.45242
v -0.39798 0.774684 1.39729
v 1.41493 -1.55622 0.748915
v -2.55753 -0.717927 0.599502
v 2.16723 1.58988 2.06047
v 4.21278 2.34945 0.374467
v -0.312143 0.774682 1.49262
v -2.46273 -0.726999 0.593392
v 1.51162 -1.54402 0.61656
v 2.29121 1.57676 2.04622
v 4.3007 2.34441 0.307367
v -0.22302 0.772894 1.58222
v -2.36884 -0.73496 0.583764
v 4.39083 2.34328 0.252484
v 2.41421 1.56261 2.02237
v -0.130639 0.769491 1.66616
v 4.48112 2.3424 0.20303
v -2.27605 -0.741546 0.571706
v 2.53558 1.54749 1.98848
v -0.0350464 0.764622 1.7445
v 1.60204 -1.52876 0.490861
v 2.65466 1.5315 1.94398
v -2.18445 -0.746717 0.558831
v 0.0636879 0.75842 1.81729
v 2.77071 1.51478 1.88821
v -2.0942 -0.750459 0.547473
v 1.68848 -1.5103 0.397701
v 2.88298 1.49751 1.82039
v 0.165474 0.751004 1.88458
v -2.00577 -0.752277 0.541763
v 2.99068 1.47991 1.73958
v 0.270204 0.742488 1.94639
v -1.91962 -0.753148 0.545012
v 3.09297 1.46228 1.64473
v 1.77397 -1.48929 0.323577
v -1.8366 -0.75559 0.559236
v 0.37775 0.732987 2.00273
v 3.18899 1.44499 1.53468
v -1.75584 -0.761552 0.586811
v 3.27781 1.4285 1.40816
v 0.487973 0.722611 2.05361
v 1.85856 -1.4642 0.2536
v -1.67535 -0.769962 0.628005
v 3.35845 1.41339 1.26396
v 0.600714 0.711475 2.09901
v -1.59506 -0.778786 0.676949
v 3.42989 1.40036 1.10096
v -1.51528 -0.787666 0.730753
v 3.49098 1.39029 0.918389
v 0.715802 0.699696 2.13891
v 3.54052 1.38423 0.715992
v -1.43603 -0.796489 0.787655
v 3.57713 1.38349 0.494134
v 0.833051 0.687392 2.17324
v -1.35722 -0.805287 0.846268
v 3.59923 1.38957 0.253157
v 0.952258 0.674684 2.20195
v -1.27869 -0.814053 0.905639
v -1.20024 -0.82283 0.965138
v 1.0732 0.661692 2.22494
v -1.12164 -0.831691 1.02429
v -1.04257 -0.84073 1.0828
v 1.19565 0.648537 2.2421
v -0.962662 -0.850037 1.14062
v 1.31934 0.635341 2.25329
v -0.881454 -0.85963 1.19784
v -0.798532 -0.869427 1.25453
v 1.44399 0.622224 2.25835
v -0.713566 -0.879282 1.31055
v 1.56929 0.609303 2.25708
v -0.626331 -0.889041 1.36551
v -0.536676 -0.898579 1.419
v -0.444494 -0.907814 1.47068
v 1.69491 0.596698 2.24928
v -0.349713 -0.916703 1.52026
v 0.541404 -2.67959 0.201891
v 1.8205 0.584525 2.23469
v -0.252284 -0.925243 1.56744
v 1.94568 0.572901 2.21303
v -0.152193 -0.933461 1.61186
v -0.0494764 -0.941406 1.65309
v 2.07001 0.561941 2.184
v 0.055769 -0.949139 1.69061
v 2.19308 0.551765 2.14724
v 1.00315 -2.69253 0.298288
v 0.163373 -0.956713 1.72377
v 2.3144 0.542491 2.10238
v 1.1074 -2.68138 0.297566
v 0.273093 -0.964164 1.75194
v 2.43348 0.534241 2.04903
v 0.384632 -0.971496 1.77448
v 2.54979 0.527138 1.98677
v 1.19685 -2.67275 0.248283
v 2.66278 0.521311 1.91517
v 0.49766 -0.978683 1.79093
v 2.77186 0.516889 1.83382
v 2.87644 0.514002 1.74234
v 2.97587 0.512778 1.64038
v 0.611845 -0.985662 1.80103
v 3.06949 0.51334 1.5277
v 3.15663 0.515793 1.40416
v 1.6442 -2.68569 0.204482
v 0.726878 -0.992349 1.8048
v 3.23656 0.520222 1.26977
v 3.30857 0.526671 1.12469
v 0.842486 -0.998644 1.80242
v 3.37189 0.535124 0.969301
v 3.42575 0.54548 0.804147
v 0.958425 -1.00444 1.79406
v 3.46935 0.557514 0.629918
v 3.50185 0.570847 0.447393
v 1.07447 -1.00963 1.77973
v 3.52237 0.584955 0.256705
v 2.29223 -2.71132 0.220535
v 1.19038 -1.01408 1.75928
v 2.38271 -2.71038 0.257049
v 1.30591 -1.01767 1.73242
v 1.42076 -1.02023 1.69895
v 2.47305 -2.70671 0.289605
v 1.53463 -1.02155 1.65886
v 2.56449 -2.69915 0.317495
v 1.64719 -1.0214 1.61234
v 2.65795 -2.68987 0.337719
v 1.75811 -1.01951 1.5596
v 2.75485 -2.68175 0.34469
v 1.86706 -1.01558 1.50075
v 2.85591 -2.67747 0.331543
v 1.97372 -1.00936 1.43579
v 2.95491 -2.68289 0.274372
v 2.07773 -1.0006 1.36461
v 2.17871 -0.989075 1.28706
v 2.27626 -0.974627 1.20299
v 2.36994 -0.957136 1.11228
v 2.45929 -0.936523 1.01486
v 2.54382 -0.91275 0.910767
v 2.62304 -0.885813 0.800145
v 2.69647 -0.855734 0.683262
v 2.76361 -0.822552 0.559919
v 2.82397 -0.786314 0.430291
v 2.87707 -0.747024 0.294945
v -0.0458823 1.51403 0.222395
v 0.0128073 1.55369 0.356605
v 0.0765882 1.58869 0.499499
v 1.15767 2.47244 0.212273
v 0.145028 1.61928 0.635187
v 1.21608 2.51438 0.359799
v 0.217766 1.6457 0.765526
v 1.28147 2.55339 0.502573
v 0.294458 1.66821 0.889924
v 1.35412 2.58952 0.637594
v 0.374851 1.68712 1.00912
v 0.458773 1.70273 1.12307
v 1.43391 2.62286 0.762793
v 0.54612 1.71536 1.23176
v 1.52065 2.65329 0.877441
v 0.636833 1.72532 1.335
v 1.61395 2.68057 0.980355
v 0.730887 1.73289 1.4325
v 1.71324 2.7044 1.07075
v 0.82827 1.73833 1.52389
v 1.8178 2.72453 1.14825
v 0.928965 1.74185 1.60881
v 1.92683 2.74078 1.21339
v 1.03294 1.74363 1.68685
v 2.03951 2.75304 1.267
v -0.907022 0.739834 0.340455
v 1.14012 1.74384 1.75765
v 2.15504 2.76129 1.30982
v -0.848001 0.770166 0.488982
v 1.25038 1.74257 1.82087
v 2.27263 2.76556 1.34241
v -3.45074 -0.563402 0.2723
v -0.785947 0.795081 0.630344
v 1.36357 1.7399 1.87624
v 2.39153 2.76591 1.36519
v -0.720738 0.815252 0.765974
v -3.36156 -0.554427 0.32834
v 2.51102 2.76245 1.3785
v -0.652287 0.831278 0.895537
v -3.27074 -0.550923 0.383414
v 1.47946 1.73589 1.92355
v 2.63041 2.7553 1.38256
v -0.580546 0.843717 1.01895
v -3.17894 -0.551007 0.431609
v 2.74901 2.7446 1.37746
v -0.505466 0.853023 1.13625
v 1.59776 1.73055 1.9626
v -3.08626 -0.554474 0.475173
v 2.86616 2.73054 1.36324
v -0.42701 0.859567 1.24747
v -2.99299 -0.560037 0.513144
v 1.71813 1.7239 1.99324
v -0.345155 0.863658 1.35265
v 2.98118 2.71331 1.33981
v -2.89915 -0.567395 0.545941
v -0.259897 0.865554 1.45186
v -2.80475 -0.576291 0.573946
v 1.84017 1.71592 2.01532
v 3.09338 2.6932 1.30716
v -2.70993 -0.58638 0.597315
v -0.171255 0.865471 1.54514
v 3.20205 2.67052 1.26535
v 1.96342 1.7066 2.02868
v -2.61495 -0.597214 0.616192
v -0.0792677 0.863595 1.63254
v 3.30648 2.64572 1.21469
v -2.52018 -0.608353 0.630891
v 2.08739 1.69595 2.03314
v 0.0160034 0.860086 1.71412
v -2.42599 -0.619425 0.641931
v 3.406 2.61937 1.15575
v 0.114477 0.855088 1.78992
v 2.21153 1.68395 2.02847
v -2.33266 -0.630044 0.650087
v 0.216053 0.848733 1.85999
v 3.49997 2.59218 1.08938
v 2.09164 3.14216 0.238484
v -2.24046 -0.639847 0.656485
v 2.33524 1.67064 2.01438
v 0.320613 0.84115 1.92434
v 2.18176 3.16612 0.285976
v -2.14967 -0.648504 0.662707
v 3.58787 2.565 1.01671
v 2.45789 1.65604 1.99051
v 2.27542 3.18567 0.331367
v 0.428025 0.832462 1.98302
v -2.06074 -0.655658 0.670897
v 2.5788 1.64022 1.95641
v 3.66936 2.53885 0.93919
v 2.37176 3.20064 0.366546
v -1.9742 -0.661378 0.683428
v 2.69728 1.62328 1.91153
v 0.538142 0.822797 2.03602
v 3.74436 2.51486 0.858595
v 2.47001 3.2115 0.392032
v -1.89046 -0.666592 0.70199
v 2.81258 1.60536 1.85519
v 3.8132 2.49426 0.776911
v 2.56952 3.21843 0.40805
v -1.80928 -0.672552 0.727434
v 0.650804 0.812279 2.08335
v 2.92393 1.58665 1.78656
v 3.87704 2.4785 0.695643
v -1.7295 -0.679739 0.760359
v 2.66974 3.22135 0.415731
v 0.765839 0.801035 2.12498
v 3.03051 1.56741 1.7047
v 3.93912 2.46936 0.61402
v -1.65019 -0.6876 0.800483
v 2.77003 3.22052 0.414451
v 3.13149 1.54797 1.60845
v 0.883058 0.789192 2.16086
v -1.57116 -0.695552 0.846008
v 4.00572 2.46728 0.52869
v 2.86989 3.21617 0.404492
v 3.22598 1.52876 1.49655
v -1.49245 -0.703443 0.895263
v 2.96879 3.20821 0.38618
v 1.00226 0.776876 2.19093
v 4.08105 2.46772 0.444497
v 3.31304 1.51031 1.36758
v -1.414 -0.711283 0.946957
v 3.06628 3.1961 0.365014
v 3.3917 1.49335 1.22011
v 4.16399 2.46519 0.371992
v 1.12322 0.764212 2.21509
v -1.3357 -0.719118 1.00014
v 3.46091 1.47876 1.0528
v 3.16152 3.17835 0.326716
v 4.25221 2.46214 0.315529
v 3.51954 1.46769 0.864642
v -1.25737 -0.727 1.05411
v 3.25229 3.15398 0.27115
v 1.24569 0.751323 2.23323
v 3.56631 1.46164 0.65527
v 4.34364 2.45756 0.270722
v -1.17879 -0.734997 1.10837
v 3.59967 1.46248 0.426183
v 3.33613 3.12395 0.187668
v 1.36942 0.738327 2.24521
v 4.43665 2.45525 0.230806
v -1.09971 -0.743184 1.16256
v 1.49412 0.725343 2.25087
v -1.01978 -0.751633 1.21647
v -0.938669 -0.760381 1.27
v -0.85599 -0.769407 1.32311
v 1.61947 0.712486 2.25001
v -0.771421 -0.77863 1.3757
v -0.684705 -0.787939 1.42757
v -0.595651 -0.797223 1.47843
v 1.74513 0.699867 2.2424
v -0.504128 -0.806394 1.52792
v -0.410044 -0.815391 1.5757
v 1.87073 0.687599 2.22779
v -0.313343 -0.824188 1.62145
v 1.99587 0.675793 2.20588
v -0.214003 -0.832787 1.66479
v -0.112046 -0.841211 1.70536
v 2.12012 0.664561 2.17635
v -0.00754303 -0.849496 1.74269
v 2.24302 0.654017 2.13883
v 0.099376 -0.85768 1.77629
v 2.36408 0.644279 2.09292
v 0.208523 -0.865791 1.80564
v 2.48279 0.63547 2.0382
v 0.319657 -0.873838 1.83019
v 2.59859 0.627718 1.97421
v 0.432501 -0.881803 1.84949
v 2.7109 0.621155 1.90052
v 2.81913 0.615922 1.81666
v 0.54676 -0.889643 1.86318
v 2.92263 0.612162 1.72223
v 3.02074 0.610017 1.61686
v 0.66214 -0.897287 1.87107
v 0.953207 -2.60425 0.255959
v 3.11277 0.609626 1.5003
v 3.19801 0.611115 1.37243
v 1.0652 -2.59005 0.262451
v 0.778362 -0.904649 1.8731
v 3.2757 0.614581 1.23328
v -0.458221 -1.38328 0.252015
v 3.34508 0.620078 1.08315
v 0.895167 -0.911624 1.86931
v 3.40535 0.627584 0.922605
v -0.378566 -1.41146 0.342785
v 3.45568 0.636969 0.752577
v 1.01231 -0.918103 1.85969
v 3.49523 0.647936 0.574441
v -0.297276 -1.43675 0.428091
v 3.52311 0.659933 0.390375
v 1.12954 -0.923962 1.84416
v 1.24661 -0.929066 1.82256
v -0.214286 -1.45942 0.513789
v 1.36324 -0.933256 1.7947
v 1.47914 -0.936348 1.76048
v -0.129349 -1.4792 0.601482
v 1.68874 -2.59489 0.197725
v 1.59398 -0.938128 1.7199
v 1.78678 -2.61176 0.207711
v 1.70745 -0.938358 1.67302
v -0.0420251 -1.49579 0.692986
v 1.87982 -2.61555 0.207324
v 1.81922 -0.936783 1.61989
v 1.97015 -2.61413 0.21854
v 0.0483574 -1.5093 0.787622
v 2.05939 -2.61947 0.244127
v 1.92895 -0.933148 1.5605
v 2.15414 -2.62516 0.276525
v 2.03628 -0.927213 1.49475
v 0.142802 -1.52046 0.884572
v 2.25033 -2.61785 0.296893
v 2.14084 -0.918762 1.42251
v 2.24224 -0.907613 1.3436
v 2.34257 -2.60704 0.306042
v 0.242369 -1.52997 0.979055
v 2.43389 -2.59701 0.307496
v 2.34004 -0.893624 1.25789
v 2.52558 -2.58841 0.305889
v 2.43381 -0.876689 1.16526
v 0.34706 -1.53796 1.05299
v 2.61835 -2.58075 0.302135
v 2.52306 -0.856743 1.06567
v 2.71268 -2.57566 0.293238
v 2.60732 -0.833752 0.959162
v 2.80904 -2.5722 0.275971
v 2.68609 -0.807708 0.845828
v 2.90538 -2.57487 0.249222
v 0.455034 -1.54429 1.08986
v 2.75887 -0.778624 0.725686
v 2.99538 -2.5914 0.202974
v 2.82516 -0.74652 0.599004
v 2.88445 -0.711396 0.466463
v 0.563325 -1.54894 1.08869
v 2.93616 -0.67319 0.33015
v 2.97978 -0.632036 0.193786
v 0.669436 -1.55201 1.05905
v 0.772419 -1.5535 1.0184
v 0.872831 -1.55327 0.984984
v 0.971986 -1.55103 0.967384
v 1.07124 -1.54656 0.96461
v 1.1716 -1.54004 0.96858
v 1.2734 -1.53215 0.954696
v 1.37561 -1.52356 0.899301
v 1.47586 -1.51411 0.805192
v 1.57202 -1.50292 0.698108
v 1.66397 -1.48913 0.602453
v 1.75317 -1.47234 0.522812
v 1.84068 -1.45187 0.448378
v 0.0766337 1.61454 0.287017
v 0.139364 1.65173 0.425506
v 1.92591 -1.42679 0.358215
v 0.206764 1.68444 0.561405
v -0.843636 0.802902 0.270186
v 0.278309 1.71285 0.691191
v 2.00778 -1.39797 0.278132
v -0.786402 0.837087 0.417907
v 0.353663 1.73728 0.816799
v -0.726009 0.86568 0.561128
v 2.08626 -1.36538 0.20046
v 0.432605 1.75806 0.937678
v -3.21857 -0.483077 0.251477
v -0.662228 0.889134 0.699751
v -3.12932 -0.474445 0.314098
v 0.515005 1.77552 1.05405
v -0.595055 0.908204 0.832792
v -3.03908 -0.469335 0.370685
v 0.6008 1.78998 1.16564
v -0.524451 0.923466 0.959917
v -2.94798 -0.467563 0.421942
v -0.450368 0.935371 1.08103
v 0.689981 1.80176 1.27208
v -2.85595 -0.469153 0.469509
v -0.372777 0.944296 1.19608
v 0.782569 1.81113 1.37293
v -2.76313 -0.473615 0.513284
v -0.291666 0.95056 1.30505
v -2.66975 -0.480468 0.552977
v 0.878591 1.81835 1.46773
v -0.207044 0.954432 1.40793
v -2.57617 -0.488969 0.588604
v 0.978063 1.82362 1.55598
v -0.118943 0.956141 1.50474
v -2.48275 -0.498773 0.620623
v 1.08097 1.82712 1.63717
v -0.0274165 0.95588 1.5955
v 1.18725 1.82897 1.71085
v -2.38983 -0.50935 0.649508
v 0.0674626 0.953819 1.68024
v 1.29678 1.82926 1.77666
v -2.29772 -0.520196 0.675938
v 0.1656 0.950112 1.759
v 1.4094 1.82805 1.83429
v -2.20669 -0.530837 0.7008
v 0.266886 0.944905 1.83182
v -2.11718 -0.540805 0.725265
v 0.371194 0.938338 1.89873
v 1.52484 1.82534 1.88352
v -2.02974 -0.549811 0.750725
v -1.9448 -0.557989 0.778492
v 0.478385 0.930549 1.95976
v -1.86239 -0.565847 0.809484
v 1.64281 1.82116 1.92418
v 0.58831 0.921677 2.01493
v -1.78197 -0.573872 0.844255
v -1.70272 -0.582146 0.883079
v 1.76294 1.81546 1.95612
v 0.700807 0.91186 2.06424
v -1.62409 -0.590455 0.925748
v 0.815704 0.901234 2.10766
v -1.54583 -0.59863 0.971556
v 1.88479 1.80824 1.97924
v -1.4678 -0.606643 1.01969
v 0.932813 0.889932 2.14516
v -1.38987 -0.614539 1.06941
v 2.00788 1.79945 1.99339
v 1.05193 0.878086 2.17665
v -1.31184 -0.622388 1.12016
v 1.17283 0.865823 2.20204
v 2.13168 1.78909 1.99842
v -1.23351 -0.630272 1.17146
v 1.29528 0.853265 2.22123
v -1.15463 -0.638271 1.22298
v 1.41899 0.840529 2.23406
v 2.25561 1.77713 1.99412
v -1.07492 -0.646463 1.27447
v 2.37904 1.76359 1.98024
v -0.994071 -0.654903 1.32576
v 1.54368 0.827729 2.24036
v 2.50133 1.74851 1.95642
v -0.911761 -0.663608 1.37672
v -0.827687 -0.67255 1.42724
v 2.62177 1.73194 1.92224
v -0.741584 -0.681666 1.47718
v 1.66902 0.814973 2.23993
v 2.73964 1.71399 1.87715
v -0.653243 -0.690877 1.5263
v 2.85418 1.69481 1.82048
v -0.562504 -0.700105 1.57434
v 2.9646 1.67461 1.7514
v -0.469257 -0.709292 1.62099
v 1.79466 0.802368 2.23253
v 3.07009 1.65368 1.6689
v 2.33447 3.20912 0.198457
v -0.373428 -0.7184 1.6659
v 3.16978 1.63237 1.57179
v 2.42788 3.22272 0.233636
v 3.2628 1.61119 1.45868
v 2.52262 3.23287 0.247848
v 1.92022 0.790021 2.2179
v -0.274982 -0.727414 1.70873
v 3.34822 1.59079 1.328
v 2.61884 3.2385 0.260569
v 3.42507 1.57202 1.17808
v 2.04527 0.778035 2.19574
v 2.71536 3.23998 0.264036
v -0.173924 -0.736338 1.74913
v 3.4923 1.556 1.00728
v 3.54878 1.54422 0.814251
v 2.81176 3.23766 0.259333
v 2.16938 0.766519 2.16568
v -0.0703033 -0.745193 1.78668
v 2.9076 3.2318 0.243894
v 3.59323 1.53869 0.598259
v 0.856815 -2.44907 0.238871
v 3.00193 3.22206 0.220664
v 2.29205 0.755583 2.12736
v 3.62417 1.54203 0.359273
v 0.0357839 -0.754 1.82098
v 0.971458 -2.43262 0.202328
v 3.09489 3.20818 0.199855
v 2.41279 0.745346 2.08034
v 0.14419 -0.76278 1.85157
v 2.53104 0.735931 2.02416
v 0.254721 -0.771541 1.87799
v 2.64624 0.727472 1.95835
v 0.367144 -0.780272 1.89982
v 2.75778 0.72011 1.88241
v 0.481201 -0.788939 1.91668
v 2.86503 0.713997 1.79586
v 2.96732 0.709292 1.69823
v 0.596623 -0.797486 1.92827
v 3.06395 0.706157 1.58914
v 3.15421 0.704752 1.46829
v 3.23734 0.705225 1.33555
v 0.713141 -0.805838 1.93443
v 3.31253 0.707693 1.19096
v 0.830493 -0.813902 1.93504
v 3.37897 0.712221 1.03478
v 3.43579 0.718786 0.867481
v 3.48209 0.727222 0.68965
v 0.948424 -0.821571 1.93004
v 3.51692 0.737138 0.501711
v 3.53928 0.747756 0.30299
v 1.06668 -0.828727 1.91933
v 1.18501 -0.835236 1.90279
v 1.30313 -0.840948 1.88028
v 1.42077 -0.845691 1.85165
v 2.17068 -2.42967 0.201266
v 1.53762 -0.849273 1.81681
v 1.65335 -0.851477 1.77572
v 0.903309 -2.5282 0.243623
v 1.01585 -2.51205 0.230673
v 1.76765 -0.852074 1.72835
v 1.88017 -0.850828 1.67465
v 1.99056 -0.84751 1.61451
v 2.09845 -0.841906 1.54781
v 2.20344 -0.833828 1.47435
v 2.30512 -0.823117 1.39399
v 2.40306 -0.809649 1.30656
v 2.49679 -0.793334 1.21196
v 2.58583 -0.774111 1.11016
v 2.6697 -0.751949 1.00116
v 2.74789 -0.726835 0.885003
v 2.81989 -0.69877 0.761892
v 2.88518 -0.667752 0.632256
v 2.94322 -0.633766 0.496842
v 2.11234 -2.52148 0.257401
v 2.99349 -0.596827 0.35669
v 2.21266 -2.51085 0.272112
v 3.03553 -0.556958 0.216398
v 2.30339 -2.50465 0.250758
v 2.39358 -2.50128 0.219809
v -0.724158 0.902387 0.345771
v -0.665283 0.93428 0.491041
v -0.602916 0.9609 0.632538
v -0.537053 0.983005 0.768578
v -0.467619 1.00109 0.899026
v -0.394568 1.01562 1.02359
v -2.98586 -0.406614 0.229952
v -0.317882 1.02696 1.1422
v -2.89743 -0.395358 0.293603
v -0.237561 1.03545 1.25472
v -2.80802 -0.388001 0.354227
v -0.153628 1.04136 1.36108
v -2.71735 -0.385766 0.414151
v -0.0661262 1.04493 1.46126
v -2.62622 -0.386152 0.468762
v 0.0248775 1.04635 1.55524
v -2.5347 -0.389612 0.520817
v 0.119296 1.04581 1.64305
v -2.44326 -0.395416 0.569938
v 0.141755 1.67295 0.210679
v 0.217022 1.04346 1.7247
v 0.203487 1.71233 0.349206
v -2.35225 -0.402852 0.616505
v 0.317937 1.03948 1.80023
v 0.269678 1.74705 0.481978
v -2.2618 -0.411504 0.660989
v 0.421905 1.034 1.86969
v 0.339834 1.77747 0.613002
v -2.17223 -0.420808 0.703714
v 0.528787 1.02718 1.9331
v 0.413637 1.8039 0.739473
v -2.08413 -0.43027 0.745318
v 0.63843 1.01918 1.99048
v 0.490918 1.82664 0.862559
v -1.99806 -0.439595 0.786622
v 0.750676 1.01014 2.04182
v 0.571591 1.84606 0.981714
v -1.9143 -0.448743 0.828401
v 0.655649 1.86248 1.0965
v 0.865351 1.00021 2.0871
v -1.83271 -0.457829 0.871254
v 0.743137 1.87622 1.20638
v 0.982272 0.989527 2.12628
v -1.75281 -0.466945 0.91558
v 1.10123 0.978226 2.15926
v 0.834128 1.88754 1.31084
v -1.67405 -0.476041 0.961558
v -1.59598 -0.484999 1.00912
v 0.928695 1.89669 1.40925
v 1.22201 0.966435 2.18596
v -1.51832 -0.493741 1.05801
v 1.02688 1.90386 1.50098
v -1.44082 -0.502268 1.1079
v 1.34436 0.954274 2.20624
v -1.36325 -0.510628 1.15846
v 1.12869 1.90921 1.58541
v 1.468 0.941855 2.21996
v -1.28537 -0.518899 1.2094
v 1.23407 1.91284 1.66203
v -1.20692 -0.527171 1.26047
v 1.34288 1.91481 1.73041
v -1.12764 -0.535532 1.31148
v 1.59263 0.929285 2.22694
v -1.04726 -0.544053 1.36227
v -0.965491 -0.552781 1.4127
v 1.45494 1.91515 1.79025
v -0.882049 -0.561727 1.46267
v 1.71792 0.916667 2.22697
v -0.796684 -0.570867 1.51203
v 1.56998 1.91384 1.84134
v -0.709176 -0.58016 1.56062
v -0.619352 -0.58955 1.60823
v 1.8435 0.9041 2.21981
v 1.68766 1.91086 1.88353
v -0.527079 -0.59899 1.6546
v -0.432267 -0.608441 1.69943
v 1.80757 1.90618 1.91671
v 1.96896 0.891682 2.20517
v -0.334862 -0.617882 1.74242
v 1.92926 1.89973 1.9408
v -0.234852 -0.627308 1.78323
v 2.09388 0.879513 2.18274
v -0.132263 -0.636725 1.8215
v 2.05221 1.89149 1.95568
v 2.21778 0.867694 2.15215
v -0.0271644 -0.646144 1.85687
v 2.17585 1.88141 1.96125
v 2.34017 0.856335 2.11299
v 0.08033 -0.655579 1.88893
v 2.46051 0.845552 2.06481
v 2.29957 1.86948 1.95732
v 0.190064 -0.665035 1.9173
v 2.57824 0.835473 2.00711
v 2.42273 1.85569 1.94367
v 0.301844 -0.674503 1.94157
v 2.69275 0.826238 1.93937
v 2.54464 1.84009 1.91999
v 0.415447 -0.683958 1.96139
v 2.80341 0.817998 1.86106
v 2.66459 1.82275 1.88586
v 2.90956 0.810921 1.77162
v 2.78184 1.80375 1.84077
v 0.530631 -0.693353 1.97645
v 3.01051 0.805183 1.67055
v 2.89561 1.78329 1.78405
v 3.10552 0.800971 1.5574
v 3.00512 1.76157 1.71489
v 0.647146 -0.702626 1.98648
v 3.19381 0.79847 1.43181
v 3.10953 1.73891 1.63226
v 3.2746 0.797854 1.29359
v 3.20801 1.71574 1.53493
v 3.29966 1.69261 1.42141
v 3.34702 0.799264 1.14268
v 0.764735 -0.711693 1.9913
v 3.38359 1.67029 1.28999
v 3.41018 0.802779 0.979203
v 3.46313 0.808363 0.80343
v 3.45884 1.64979 1.13876
v 0.883147 -0.720457 1.99078
v 3.50485 0.815784 0.615807
v 3.52442 1.6325 0.965789
v 3.53419 0.824451 0.417554
v 3.57924 1.62028 0.769448
v 3.54975 0.833026 0.21862
v 1.00213 -0.728805 1.98477
v 3.62206 1.61574 0.549006
v 3.65144 1.62245 0.307556
v 1.12141 -0.736611 1.97317
v 1.24074 -0.743733 1.95582
v 1.35983 -0.750011 1.93257
v 1.47838 -0.755266 1.9033
v 1.59609 -0.759303 1.86788
v 0.637798 -2.0433 0.231454
v 1.71263 -0.761912 1.82624
v 1.82766 -0.762876 1.77827
v 1.94083 -0.761978 1.72386
v 2.05178 -0.759012 1.66284
v 2.16011 -0.753787 1.59504
v 0.812321 -2.36833 0.234939
v 2.26542 -0.746137 1.52028
v 2.36727 -0.735923 1.43836
v 2.46522 -0.723036 1.34914
v 2.5588 -0.707395 1.25252
v 2.64751 -0.688944 1.14844
v 2.73086 -0.667651 1.0369
v 2.80834 -0.643498 0.917995
v 2.87942 -0.616476 0.791989
v 2.94358 -0.586577 0.65927
v 3.00027 -0.553803 0.520394
v 3.04901 -0.518166 0.376447
v 1.64542 -2.05129 0.237319
v 3.08927 -0.479672 0.229702
v 2.01962 -2.372 0.208073
v -0.747838 -1.2358 0.313812
v -0.67097 -1.26479 0.414396
v -0.591978 -1.29093 0.503682
v -0.510949 -1.31422 0.58733
v -0.427938 -1.33491 0.667714
v -0.342928 -1.35324 0.746577
v -0.255772 -1.36935 0.823761
v -0.603961 -1.31181 0.296299
v -0.166205 -1.38329 0.900149
v -0.525548 -1.34067 0.382561
v -0.0738672 -1.39512 0.975767
v -0.445115 -1.36638 0.466011
v -0.362842 -1.38922 0.550168
v 0.0216491 -1.40506 1.05003
v -0.278704 -1.4095 0.632169
v 0.120696 -1.41349 1.12139
v -0.192502 -1.42727 0.714306
v 0.22336 -1.4208 1.18635
v -0.103882 -1.44245 0.797189
v 0.329213 -1.42723 1.23866
v -0.0123466 -1.45506 0.880928
v 0.437229 -1.43285 1.27199
v 0.0827187 -1.46549 0.964546
v 0.181891 -1.47429 1.04563
v 0.54605 -1.43764 1.28426
v 0.285274 -1.48187 1.11673
v 0.654458 -1.44146 1.27874
v 0.392014 -1.48834 1.16621
v 0.761768 -1.44414 1.26255
v 0.500359 -1.49367 1.18728
v 0.86793 -1.44547 1.24352
v 0.973336 -1.44528 1.22648
v 0.60836 -1.49782 1.18214
v -2.66583 -0.317994 0.280495
v 1.07852 -1.44355 1.21139
v 0.714695 -1.50068 1.15978
v -2.57752 -0.309138 0.349374
v 1.18382 -1.44041 1.19285
v -2.48856 -0.304997 0.417184
v 0.819055 -1.50207 1.1327
v 1.28916 -1.43614 1.16159
v -2.39988 -0.303592 0.481445
v 1.39393 -1.43091 1.111
v 0.921964 -1.50176 1.11087
v 1.02432 -1.49958 1.09741
v -2.31127 -0.305262 0.545417
v 1.49713 -1.4246 1.04316
v -2.2227 -0.309347 0.607604
v 1.59791 -1.41677 0.966959
v 1.12695 -1.49558 1.08875
v -2.13473 -0.315262 0.667477
v 1.69591 -1.40679 0.890378
v 1.23024 -1.49012 1.07298
v -2.0481 -0.322466 0.72545
v 1.79125 -1.39404 0.814787
v 1.33383 -1.48366 1.03412
v -1.96334 -0.330536 0.782035
v 1.88404 -1.37796 0.735327
v 1.43647 -1.47636 0.966612
v -1.88064 -0.339154 0.837674
v 1.97414 -1.3582 0.653051
v 1.53663 -1.46785 0.880756
v -1.79987 -0.348162 0.892731
v 2.06118 -1.33468 0.56824
v 1.63347 -1.45743 0.793007
v 2.14473 -1.3074 0.478276
v -1.72065 -0.35743 0.947453
v 1.72719 -1.44438 0.712319
v 2.22425 -1.27621 0.384374
v 2.29904 -1.24107 0.28729
v 1.81845 -1.42807 0.635665
v -1.64254 -0.366793 1.00197
v 2.36864 -1.20242 0.180097
v 1.90736 -1.40789 0.551467
v -1.56516 -0.376089 1.05632
v 1.99346 -1.38374 0.467774
v -1.48813 -0.385219 1.11049
v 2.07627 -1.35582 0.382601
v 2.15539 -1.32422 0.288589
v -1.41115 -0.394156 1.16445
v 2.23013 -1.28836 0.195791
v -1.3339 -0.402937 1.21812
v -1.2561 -0.411634 1.27144
v -1.17749 -0.420332 1.32433
v -1.0978 -0.429111 1.3767
v -1.01677 -0.438034 1.42848
v -0.934132 -0.447136 1.47958
v -0.849658 -0.456426 1.52992
v -0.763129 -0.465887 1.57936
v -0.674361 -0.475491 1.62777
v -0.583208 -0.485204 1.67493
v -0.489562 -0.494995 1.72061
v -0.393353 -0.504844 1.76456
v -0.294547 -0.514739 1.80648
v -0.193149 -0.524679 1.84606
v -0.0892054 -0.534669 1.88297
v -4.55986 -1.1058 0.209558
v -4.45563 -1.10799 0.241289
v -4.2833 -1.09795 0.295224
v -4.18688 -1.11741 0.33611
v -4.08981 -1.12558 0.34769
v -3.9936 -1.1297 0.346649
v -3.8981 -1.13251 0.337222
v -3.80324 -1.13403 0.320816
v -3.70891 -1.13445 0.296635
v -3.61553 -1.13131 0.270291
v -3.52316 -1.12462 0.244447
v -0.961407 -1.12923 0.243347
v -0.88688 -1.15716 0.313401
v -0.812847 -1.18519 0.431492
v -0.736253 -1.21111 0.529884
v -0.65713 -1.23429 0.619247
v -0.5758 -1.25514 0.702344
v -0.492355 -1.2738 0.780818
v -0.406783 -1.29043 0.856121
v 0.770249 -2.28584 0.233587
v -0.318988 -1.30513 0.929234
v -0.228781 -1.31802 1.00041
v -0.13591 -1.32917 1.06985
v -0.0400953 -1.33874 1.13718
v 0.0588949 -1.34698 1.20144
v 0.161126 -1.35419 1.26069
v 0.483007 -1.98189 0.275675
v 0.266359 -1.36063 1.31163
v 0.598439 -1.96184 0.25612
v 0.373976 -1.36645 1.35009
v 0.48306 -1.37167 1.37305
v 0.682029 -2.12392 0.229104
v 0.592639 -1.37619 1.3805
v 0.701961 -1.37988 1.37562
v 0.72673 -2.20441 0.231527
v 0.810663 -1.38256 1.36329
v 1.87457 -2.29813 0.206269
v 1.9842 -2.27845 0.205958
v 0.918753 -1.38405 1.34791
v 1.02645 -1.38427 1.33124
v 1.13398 -1.38323 1.31157
v 1.24134 -1.38106 1.28414
v 1.34822 -1.37786 1.24394
v 1.50424 -1.97378 0.222496
v 1.45402 -1.37359 1.18975
v 1.60834 -1.9616 0.226405
v 1.55805 -1.36799 1.12522
v 1.68858 -2.13522 0.222211
v 1.65981 -1.3606 1.05569
v 1.79791 -2.11559 0.218297
v 1.75908 -1.35087 0.98394
v 1.85579 -1.33828 0.908871
v 1.94984 -1.32241 0.829983
v 2.04096 -1.30301 0.747433
v 2.1288 -1.27996 0.66025
v 1.83599 -2.20763 0.229884
v 2.21287 -1.25315 0.568303
v 2.29264 -1.22254 0.471347
v 2.36754 -1.18823 0.368464
v 2.43703 -1.15024 0.263505
v -4.52105 -0.998676 0.267378
v -4.416 -1.00173 0.308426
v -4.32596 -0.99698 0.341905
v -4.24025 -1.00235 0.381429
v -4.14576 -1.01431 0.41305
v -4.04918 -1.02414 0.43134
v -3.95266 -1.03233 0.439829
v -3.85657 -1.03975 0.440732
v -3.76091 -1.04658 0.434989
v -3.66574 -1.0521 0.423476
v -3.57113 -1.05551 0.407389
v -3.4769 -1.05761 0.385833
v -3.38313 -1.05813 0.359563
v -3.28986 -1.05725 0.328598
v -3.1975 -1.05314 0.295575
v -3.1057 -1.04719 0.259942
v -3.01432 -1.03978 0.218943
v -1.10594 -1.06265 0.292206
v -1.02838 -1.08658 0.384101
v -0.952002 -1.10839 0.468715
v -0.876371 -1.12989 0.548492
v -0.799668 -1.15109 0.643176
v -0.72072 -1.17102 0.730697
v -0.639424 -1.18933 0.811729
v -0.555858 -1.20598 0.887927
v -0.470041 -1.22102 0.960313
v -0.381915 -1.23449 1.02972
v -0.291359 -1.24648 1.09665
v -0.198199 -1.25705 1.16122
v -0.102244 -1.26632 1.22327
v -0.00333778 -1.27448 1.2822
v 0.0985664 -1.28174 1.33683
v 0.526218 -2.05899 0.215094
v 0.203326 -1.28831 1.38529
v 0.310548 -1.29436 1.42506
v 0.0172007 -0.544716 1.91688
v 0.419613 -1.29995 1.45367
v 0.125945 -0.554821 1.94742
v 0.529784 -1.30506 1.46992
v 0.236867 -0.564977 1.97425
v 0.640381 -1.30958 1.47455
v 0.349778 -0.575163 1.99702
v 0.750923 -1.31336 1.47002
v 0.861186 -1.31625 1.45933
v 0.464462 -0.585343 2.01543
v 0.971146 -1.31813 1.4446
v 1.08086 -1.31895 1.42597
v 0.580689 -0.59546 2.0292
v 1.19031 -1.31872 1.40145
v 1.29932 -1.31747 1.36801
v 0.69822 -0.605444 2.03809
v 1.40749 -1.31515 1.32375
v 1.51434 -1.3116 1.26949
v 0.816809 -0.615207 2.04192
v 1.61936 -1.30649 1.20807
v 0.936205 -0.624644 2.04052
v 1.72222 -1.2994 1.14197
v 1.65061 2.90639 0.294296
v 1.05615 -0.633638 2.03373
v 1.82269 -1.28984 1.07176
v 1.72622 2.94606 0.395605
v 1.92058 -1.27739 0.99718
v 1.17639 -0.642054 2.02141
v 1.80995 2.98132 0.486685
v 2.01568 -1.26173 0.918142
v 1.90041 3.01197 0.566919
v 2.10765 -1.24264 0.834252
v 1.29663 -0.649746 2.00339
v 1.99644 3.03796 0.636075
v 2.19609 -1.21999 0.745208
v 2.28052 -1.19368 0.650724
v 2.09688 3.05945 0.694525
v 1.41659 -0.656547 1.97954
v 2.36042 -1.16372 0.550629
v 2.20076 3.07655 0.742628
v 2.43523 -1.13013 0.446169
v 1.53598 -0.662278 1.94969
v 2.30725 3.08941 0.780722
v 2.50434 -1.09297 0.337593
v 2.56753 -1.05251 0.222384
v 2.41559 3.09816 0.809405
v 1.65446 -0.666747 1.91371
v 2.5251 3.10299 0.828843
v 2.63518 3.10406 0.839283
v 1.77171 -0.669752 1.87147
v 2.74527 3.10154 0.840927
v 1.88738 -0.671092 1.82282
v 2.85481 3.09554 0.833884
v 2.0011 -0.670566 1.76758
v 2.96325 3.08608 0.818006
v 0.432355 -1.91184 0.360443
v 2.1125 -0.667988 1.70558
v 3.06994 3.07307 0.791896
v 0.550296 -1.89462 0.355485
v 2.22116 -0.663188 1.63659
v 3.17404 3.05637 0.753241
v 2.32667 -0.656019 1.56042
v 3.27446 3.03589 0.700595
v 2.42858 -0.646356 1.47687
v 3.36992 3.01168 0.634058
v 2.52643 -0.634102 1.3858
v 3.45908 2.98393 0.554216
v 2.61974 -0.619182 1.28708
v -2.06958 -0.0812882 0.268463
v 3.54074 2.9529 0.461809
v 2.70801 -0.601544 1.18065
v -1.98872 -0.06486 0.371726
v 3.61371 2.91866 0.355255
v 2.79072 -0.581154 1.06655
v -1.90834 -0.0543192 0.475095
v 3.67731 2.88096 0.231997
v 2.86736 -0.557991 0.94489
v -1.82939 -0.0475928 0.57498
v 1.52107 2.80482 0.231562
v 2.93739 -0.532043 0.815897
v -1.75191 -0.0451001 0.674367
v 3.00028 -0.503308 0.679925
v 1.58748 2.84751 0.361455
v -1.67594 -0.045739 0.770429
v 3.05551 -0.471791 0.537457
v 1.66341 2.88719 0.480354
v -1.60121 -0.0486248 0.862378
v 3.10257 -0.437509 0.388789
v 1.74782 2.92271 0.57871
v 1.46483 -1.88709 0.244746
v 3.14095 -0.400477 0.233536
v 1.83923 2.95375 0.664172
v -1.52724 -0.0530778 0.949863
v 1.93644 2.98019 0.737902
v -1.45345 -0.0585815 1.03303
v 2.03836 3.00208 0.800436
v 2.144 3.01953 0.852394
v -1.37929 -0.0648421 1.11225
v 2.25247 3.03267 0.894198
v 2.363 3.04166 0.926283
v -1.30436 -0.0717149 1.18791
v 2.47488 3.04666 0.949021
v 2.58747 3.04784 0.962653
v -4.46773 -0.902335 0.221146
v 2.70016 3.04536 0.967379
v -1.22834 -0.0791267 1.26034
v -4.37683 -0.894949 0.28103
v 2.8124 3.03938 0.963276
v -4.28766 -0.892358 0.332274
v -1.151 -0.0870304 1.32983
v 2.92358 3.02999 0.950167
v -4.19692 -0.896272 0.379525
v 3.03309 3.01725 0.927246
v -1.07215 -0.0953856 1.39661
v -4.10278 -0.904102 0.418695
v 3.14018 3.00119 0.893124
v -4.00741 -0.912592 0.448288
v 3.24395 2.98187 0.846669
v -0.991593 -0.104155 1.46088
v 3.34337 2.95945 0.787568
v -3.9119 -0.921188 0.46978
v 3.43733 2.93423 0.716012
v -0.909144 -0.113302 1.52279
v -3.81648 -0.930184 0.484452
v 3.52477 2.90661 0.632231
v -3.72118 -0.939463 0.492888
v -0.824628 -0.122794 1.58245
v -3.626 -0.948337 0.495485
v 3.60473 2.87693 0.535377
v -0.737886 -0.132598 1.6399
v 3.67647 2.84529 0.424508
v -3.53089 -0.956513 0.492557
v -3.43582 -0.963995 0.484187
v 3.73907 2.81109 0.297586
v -0.648778 -0.142685 1.69515
v -3.34095 -0.970573 0.470646
v -3.24648 -0.975759 0.452391
v -0.557192 -0.15303 1.74815
v -3.15249 -0.979501 0.429755
v -3.05891 -0.982148 0.402585
v -0.463045 -0.163614 1.7988
v -2.96568 -0.983761 0.370853
v -2.87299 -0.982783 0.337666
v -0.366285 -0.174421 1.84699
v -2.78044 -0.979577 0.304359
v -2.68798 -0.973266 0.271246
v -0.266893 -0.185442 1.89256
v -2.59586 -0.965205 0.224001
v -0.164884 -0.196667 1.93531
v -0.0603049 -0.208088 1.97503
v 0.0467651 -0.219696 2.01151
v 0.156216 -0.231472 2.04451
v -2.43616 -0.239105 0.279377
v 0.267911 -0.243391 2.0738
v -1.33031 -0.973066 0.264393
v -2.35093 -0.227827 0.359734
v -1.25061 -0.994978 0.355964
v 0.381688 -0.255417 2.09914
v -1.17182 -1.01523 0.44401
v -2.26498 -0.220969 0.442084
v -1.09373 -1.03411 0.526097
v -2.1784 -0.218148 0.520602
v -1.01635 -1.05149 0.607126
v 0.497364 -0.2675 2.1203
v -0.939372 -1.06821 0.683945
v -2.0923 -0.218633 0.59645
v -0.861909 -1.08487 0.75994
v -0.782894 -1.10126 0.839657
v -2.00733 -0.221863 0.670171
v 0.614738 -0.279577 2.13707
v -0.701737 -1.11692 0.916396
v -1.92406 -0.226992 0.741847
v -0.61828 -1.13156 0.989168
v -0.532486 -1.14508 1.05835
v -1.84265 -0.233518 0.81158
v -0.444312 -1.15744 1.12438
v -1.763 -0.241116 0.879496
v -0.353675 -1.16864 1.18763
v -0.260458 -1.17873 1.24827
v -1.68481 -0.249484 0.945637
v -0.164535 -1.18779 1.30619
v -0.0657994 -1.19594 1.36102
v -1.60768 -0.258289 1.01003
v 0.0357805 -1.20334 1.41202
v -1.5312 -0.267263 1.07277
v 0.140111 -1.21014 1.45805
v 0.246933 -1.2165 1.49755
v -1.45495 -0.276237 1.13399
v 0.355815 -1.22251 1.52879
v -1.37855 -0.285147 1.19384
v 0.466208 -1.22816 1.55045
v -1.30165 -0.294006 1.25246
v 0.577542 -1.23341 1.56218
v -1.22396 -0.302866 1.30991
v 0.68933 -1.23814 1.56479
v -1.1452 -0.311795 1.36626
v 0.801235 -1.24222 1.55993
v 0.913072 -1.24553 1.54924
v -1.06513 -0.320852 1.42152
v 1.02476 -1.24797 1.5335
v -0.983504 -0.330077 1.47567
v 1.13621 -1.24949 1.51224
v -0.900108 -0.339492 1.52871
v 1.24727 -1.25005 1.48393
v -0.814728 -0.349096 1.58056
v 1.35768 -1.2496 1.44709
v -0.72718 -0.358878 1.63114
v 1.46705 -1.24799 1.40139
v -0.637308 -0.368814 1.68033
v 1.57496 -1.24498 1.34794
v -0.54499 -0.378884 1.72795
v 1.68104 -1.24024 1.28838
v -0.450139 -0.389068 1.7738
v 1.78499 -1.23336 1.22367
v -0.352703 -0.399355 1.81765
v 1.88654 -1.22395 1.154
v 1.98544 -1.21167 1.07932
v -0.252667 -0.409739 1.85925
v 2.08139 -1.19624 0.999404
v 2.17402 -1.17747 0.914013
v -0.150052 -0.42022 1.89831
v 2.2629 -1.15524 0.822902
v -0.0449173 -0.4308 1.93453
v 2.34755 -1.12948 0.725965
v 2.42744 -1.10019 0.623612
v 0.0626414 -0.441476 1.96762
v 2.50205 -1.06739 0.515711
v 0.172494 -0.452243 1.99725
v 2.57092 -1.03117 0.402358
v 0.28448 -0.463081 2.02312
v 2.63361 -0.991625 0.283716
v 0.398412 -0.473961 2.04494
v 0.514083 -0.484834 2.06242
v 0.631271 -0.495639 2.07533
v 0.749741 -0.506297 2.08343
v 0.869253 -0.516713 2.08655
v 0.989556 -0.526779 2.0845
v 1.11039 -0.536371 2.07712
v 1.23149 -0.545351 2.06423
v 1.35256 -0.553567 2.04568
v 1.47332 -0.560853 2.02129
v 1.59345 -0.567031 1.99091
v 1.71262 -0.571915 1.95436
v 1.7167 2.96013 0.206208
v 1.83049 -0.575315 1.91148
v 1.79147 2.99905 0.300681
v 0.373999 -1.84315 0.446347
v 1.9467 -0.577042 1.86207
v 1.87399 3.03372 0.385682
v 1.96322 3.06354 0.461889
v 2.06088 -0.576914 1.80593
v 0.497531 -1.83449 0.498618
v 2.05764 3.0889 0.526587
v 2.17262 -0.574761 1.74284
v 2.15617 3.10984 0.580976
v 2.28151 -0.57043 1.67258
v 2.2579 3.12645 0.624523
v 2.362 3.13883 0.65893
v 2.38711 -0.563788 1.59492
v -4.23805 -0.807235 0.246302
v 2.46775 3.14717 0.683794
v 2.48897 -0.554724 1.50967
v -4.14786 -0.803265 0.306497
v 2.5745 3.15164 0.699581
v 2.58661 -0.543146 1.41666
v -4.05573 -0.804108 0.358046
v 2.68168 3.15241 0.706449
v 2.67953 -0.528988 1.31577
v 0.318669 -1.77171 0.505151
v 2.78876 3.14962 0.704633
v -3.9628 -0.807065 0.401227
v 2.76723 -0.512198 1.20695
v 2.89521 3.14333 0.694355
v -3.86942 -0.811879 0.437293
v 2.84918 -0.492741 1.09024
v 1.3088 -1.82146 0.235593
v 3.00048 3.13345 0.675782
v 0.433199 -1.77933 0.621029
v 2.92485 -0.470597 0.965731
v -3.77565 -0.818979 0.467851
v 1.41894 -1.80591 0.281826
v 0.554583 -1.76775 0.570772
v -3.68158 -0.82762 0.492641
v 2.9937 -0.445754 0.83367
v 3.05518 -0.418209 0.694393
v -3.58716 -0.836862 0.511576
v 3.10876 -0.387966 0.548312
v -3.49231 -0.846512 0.524663
v 3.15386 -0.355016 0.396171
v 3.18979 -0.319285 0.242
v -3.39712 -0.856383 0.531894
v -3.30187 -0.866052 0.533464
v -3.20675 -0.875282 0.529684
v -3.11185 -0.884058 0.520814
v 1.26232 -1.74233 0.3493
v -3.01717 -0.892235 0.507143
v -1.85015 0.0108212 0.341185
v -2.92274 -0.899168 0.489385
v 1.37236 -1.72626 0.36481
v -1.774 0.0255643 0.459635
v -2.82842 -0.904304 0.468453
v -2.73402 -0.907454 0.444416
v -1.69923 0.0348919 0.574239
v -2.63962 -0.90871 0.415469
v -2.54594 -0.907134 0.381219
v -1.62596 0.0400262 0.68543
v -2.45341 -0.90292 0.342984
v -2.36209 -0.896162 0.299442
v -1.55375 0.0418663 0.791249
v -2.27164 -0.887222 0.251442
v -1.48195 0.0413819 0.891348
v -1.40985 0.0391518 0.985967
v 1.33726 2.63945 0.230091
v -1.33693 0.035506 1.07551
v -1.5577 -0.891469 0.275101
v 1.3983 2.68188 0.368758
v -1.47538 -0.908994 0.354559
v -1.26283 0.0306621 1.16036
v 1.46745 2.7218 0.50089
v -1.39454 -0.92597 0.43362
v -1.31484 -0.942195 0.510129
v 1.54495 2.7589 0.623795
v -1.23584 -0.957228 0.58778
v -1.18735 0.0247925 1.2409
v -1.15741 -0.971524 0.663805
v 1.63029 2.79279 0.736083
v -1.0794 -0.985153 0.737403
v 1.72272 2.82295 0.834381
v -1.11033 0.0180489 1.31752
v -1.00154 -0.998356 0.809013
v 1.82131 2.84902 0.91787
v -0.923301 -1.01152 0.878582
v 1.92504 2.87081 0.988597
v -0.843949 -1.02478 0.94766
v -1.0316 0.0105608 1.39057
v 2.03298 2.88827 1.04772
v -0.762826 -1.03791 1.01704
v 2.14423 2.90145 1.09603
v -0.679554 -1.05063 1.08474
v 2.25795 2.91042 1.13411
v -0.593963 -1.06272 1.14993
v -0.950991 0.00243463 1.46036
v 2.37339 2.91532 1.16242
v -0.505963 -1.07406 1.21245
v 2.48983 2.91628 1.18133
v -0.415479 -1.08458 1.27235
v -0.868346 -0.0062437 1.52711
v 2.60661 2.91346 1.19107
v -0.322425 -1.09429 1.32964
v 2.72308 2.90702 1.1918
v -0.226711 -1.10322 1.38425
v -0.783504 -0.0154051 1.591
v -0.128268 -1.11143 1.43589
v 2.83862 2.89713 1.18347
v -0.0270748 -1.11904 1.48407
v 2.95259 2.88396 1.16586
v -0.696322 -0.0249939 1.65214
v 0.0768029 -1.12616 1.52804
v 3.06432 2.8677 1.13854
v 0.183183 -1.13291 1.56679
v -0.606681 -0.0349657 1.71057
v 3.17308 2.84859 1.10109
v 0.291759 -1.13938 1.59915
v 0.402118 -1.1456 1.624
v 3.27809 2.82696 1.05334
v -0.514485 -0.0452856 1.76629
v 3.37854 2.80324 0.995441
v 0.5138 -1.15154 1.64066
v 3.47361 2.77801 0.927744
v -2.21136 -0.1533 0.314026
v 0.626357 -1.15713 1.6491
v -0.419669 -0.0559265 1.81926
v -2.12762 -0.141016 0.405336
v 3.56256 2.75198 0.85059
v -2.04373 -0.134465 0.495845
v 0.739419 -1.16225 1.64995
v 3.6448 2.72588 0.76414
v -1.96086 -0.131762 0.584737
v 0.268353 -1.7051 0.54179
v 3.71988 2.70036 0.667854
v 0.852716 -1.1668 1.64418
v -1.87946 -0.1321 0.671259
v -0.322195 -0.0668677 1.86937
v 0.371052 -1.72305 0.69471
v 3.7875 2.67566 0.559798
v 0.96606 -1.17067 1.63254
v -1.79978 -0.134864 0.755365
v 3.84748 2.65099 0.435555
v 1.0793 -1.17376 1.61517
v -1.7217 -0.13969 0.836952
v 0.489144 -1.72576 0.727295
v 3.89927 2.62343 0.280176
v 1.19227 -1.17601 1.59151
v -1.64499 -0.145975 0.915553
v -0.22206 -0.0780926 1.91652
v 0.600756 -1.71859 0.632076
v 1.30474 -1.17731 1.56067
v -1.56923 -0.153188 0.991018
v 1.41639 -1.17754 1.52209
v 0.694644 -1.70837 0.454937
v 0.78083 -1.69468 0.304686
v -1.49395 -0.160939 1.06346
v 1.52689 -1.1765 1.47598
v -0.119289 -0.0895863 1.96054
v -1.41867 -0.16899 1.13313
v 1.63586 -1.17392 1.42314
v -1.34295 -0.177235 1.20033
v 1.74297 -1.16947 1.36439
v 1.84793 -1.16279 1.30011
v -1.26646 -0.185656 1.26532
v -0.0139416 -0.101333 2.00127
v 1.95043 -1.15355 1.23035
v 1.2226 -1.67479 0.485188
v 1.32504 -1.66893 0.539103
v -1.18891 -0.19427 1.32829
v 2.05018 -1.14147 1.15501
v 2.14682 -1.12631 1.07389
v -1.11006 -0.203104 1.38939
v 2.23994 -1.1079 0.986807
v 0.0938958 -0.113313 2.03852
v 2.32911 -1.08615 0.893625
v -1.02969 -0.212177 1.44872
v 2.41384 -1.06099 0.794437
v 2.49362 -1.03242 0.689179
v -0.947585 -0.221497 1.50634
v 0.204108 -0.125501 2.07209
v 2.56796 -1.00047 0.578019
v 2.63638 -0.96521 0.461451
v -0.863555 -0.231062 1.56231
v 2.69839 -0.926673 0.341938
v 2.75345 -0.88501 0.219257
v 0.316555 -0.137862 2.10178
v -0.777414 -0.240859 1.6166
v -0.689004 -0.250869 1.66918
v -0.598192 -0.261073 1.71995
v 0.733596 -0.291572 2.14923
v 0.431073 -0.150349 2.12738
v -0.504876 -0.271453 1.76878
v -0.408988 -0.281995 1.81551
v 0.853707 -0.303394 2.1566
v -0.310494 -0.29269 1.85994
v 0.54748 -0.162906 2.14871
v -0.209393 -0.303534 1.90185
v 0.974831 -0.314938 2.15899
v -0.105721 -0.314523 1.94099
v 1.09671 -0.326087 2.15621
v 0.000451878 -0.325655 1.9771
v 0.665575 -0.175463 2.16555
v 0.109022 -0.336919 2.00991
v 1.21908 -0.336709 2.14809
v 0.219855 -0.3483 2.03916
v 0.785144 -0.187935 2.17773
v 0.33279 -0.35977 2.06456
v 0.447642 -0.371289 2.08586
v 1.34167 -0.346664 2.13443
v 0.905957 -0.200226 2.18505
v 0.564209 -0.382801 2.10282
v 1.46416 -0.355797 2.11506
v -4.00328 -0.728431 0.243878
v 1.02777 -0.212229 2.18735
v 0.682273 -0.394237 2.11521
v -3.91368 -0.720908 0.29589
v -1.71351 0.0874073 0.331161
v -3.82308 -0.717974 0.347908
v 0.801603 -0.405512 2.12283
v -1.64224 0.105674 0.461949
v -3.73167 -0.719616 0.395667
v 1.58625 -0.363948 2.08977
v 1.15032 -0.22382 2.18443
v 0.92196 -0.416525 2.12548
v -3.63965 -0.723372 0.437946
v -1.57224 0.11785 0.587784
v 1.04309 -0.427164 2.12298
v -1.50304 0.125724 0.70746
v 1.70762 -0.370951 2.05836
v 1.16473 -0.437301 2.11516
v 1.27335 -0.23487 2.17611
v -0.988552 0.114194 1.37362
v -1.43368 0.130327 0.820388
v -1.36335 0.132212 0.926935
v 1.28661 -0.446793 2.10184
v -0.908056 0.107046 1.44921
v -1.29165 0.131822 1.02713
v -0.825376 0.0991385 1.52113
v 1.82791 -0.376635 2.02063
v 1.40844 -0.455489 2.08284
v -1.21844 0.129517 1.12133
v 1.39655 -0.245235 2.1622
v -0.74037 0.0905772 1.58961
v 1.5299 -0.463224 2.05799
v -1.1436 0.125631 1.21011
v 1.94675 -0.380833 1.97632
v -0.652911 0.0814435 1.65479
v -1.06701 0.120448 1.29405
v 1.65069 -0.469825 2.02709
v 1.51964 -0.254765 2.14251
v -0.562897 0.0718001 1.71678
v 1.77046 -0.475113 1.98996
v 3.79634 2.73406 0.364611
v 2.06377 -0.383382 1.92522
v 1.88887 -0.47891 1.94639
v -0.470249 0.0616961 1.7756
v 2.00553 -0.481039 1.89616
v 2.17856 -0.384125 1.86705
v -0.374916 0.0511695 1.83124
v 1.64228 -0.263304 2.11681
v 2.12006 -0.481335 1.83904
v -0.276877 0.0402507 1.88365
v 2.23205 -0.479641 1.77479
v 2.2907 -0.382922 1.80156
v 2.34106 -0.475818 1.70317
v 1.76414 -0.270692 2.0849
v 1.4587 2.74434 0.300802
v 2.44665 -0.469745 1.62394
v 1.52649 2.78576 0.430355
v 2.39974 -0.379642 1.7285
v 2.54835 -0.461319 1.5369
v 1.88486 -0.276768 2.04653
v 1.6031 2.82436 0.552588
v 2.64566 -0.450458 1.44187
v 1.68794 2.8594 0.661468
v 2.73808 -0.437094 1.33873
v 2.50521 -0.374175 1.64761
v 1.77996 2.89031 0.753202
v 2.82509 -0.421182 1.22744
v 1.878 2.91681 0.83173
v 2.00406 -0.281373 2.00145
v 2.90615 -0.402685 1.10802
v 2.60663 -0.366423 1.55869
v 1.981 2.93883 0.898401
v 2.98071 -0.381583 0.980598
v 3.04823 -0.357864 0.845416
v 2.08797 2.95642 0.954016
v 2.7035 -0.356309 1.46155
v 2.12135 -0.284355 1.94941
v 3.10812 -0.331522 0.702856
v 2.19802 2.96968 0.999205
v 3.15982 -0.302548 0.553583
v 2.31034 2.97874 1.03444
v 2.79531 -0.34377 1.35607
v 3.2027 -0.270917 0.399062
v 2.42419 2.98376 1.06013
v 2.2363 -0.28557 1.89013
v 3.23621 -0.236621 0.243248
v 2.85112 -0.249274 1.36789
v 2.5389 2.98489 1.07658
v 2.8815 -0.32876 1.2422
v 2.65382 2.9823 1.08401
v 2.93637 -0.235184 1.25133
v 2.76835 2.97614 1.0825
v 2.34849 -0.284886 1.82332
v 2.96153 -0.311243 1.11999
v 3.01524 -0.218665 1.12621
v 2.88189 2.96658 1.07196
v 3.08716 -0.199695 0.992689
v 2.99381 2.95374 1.05191
v 3.15151 -0.178263 0.851088
v 2.45745 -0.282181 1.74873
v 3.03485 -0.2912 0.989569
v 3.10342 2.93776 1.02156
v 3.24916 -0.185551 0.395548
v 3.2077 -0.154367 0.701949
v 2.66374 -0.270303 1.57518
v 3.20992 2.91881 0.980164
v 3.28007 -0.152745 0.237011
v 3.25511 -0.128007 0.546097
v 3.10086 -0.268619 0.851219
v 2.5627 -0.27735 1.66609
v 3.31246 2.89716 0.927406
v 2.76006 -0.260965 1.47582
v 3.29314 -0.0991896 0.384879
v 3.32123 -0.067924 0.222442
v 3.41008 2.87319 0.863377
v 3.15899 -0.243489 0.70543
v 3.50186 2.84741 0.788279
v 3.587 2.82039 0.701991
v 3.20862 -0.215802 0.553042
v 3.66482 2.79262 0.604013
v 3.73478 2.76414 0.492835
v -4.27825 -1.16924 0.212688
v -4.62747 -1.07585 0.185477
v -4.06325 -0.747518 0.244766
v -3.45921 -1.11027 0.257435
v -2.53796 -0.947684 0.248158
v -3.04033 -0.428105 0.250196
v -1.38553 -0.950968 0.278006
v -0.978794 0.684397 0.254665
v -0.702316 0.931707 0.233807
v 0.575859 -2.09585 0.216835
v 1.67099 -2.925 0.230451
v 1.84941 -2.80917 0.193472
v 1.98704 -2.85811 0.177019
v 2.20913 -2.96438 0.180793
v 1.60349 -2.62272 0.179585
v 2.09873 -2.40929 0.21087
v 2.29409 -3.04367 0.182871
v 2.45166 -2.52064 0.237754
v 2.5181 -1.09226 0.221888
v 0.319685 1.80982 0.247077
v 0.549287 1.978 0.242886
v 0.868702 2.21855 0.239246
v 1.19954 2.51013 0.236242
v 3.51384 0.528609 0.216506
v 3.56545 1.09343 0.240164
v 4.07785 2.19771 0.292408
v 4.34278 2.3044 0.234653
v 3.8621 2.67138 0.289101
v -4.2064 -1.18033 0.240217
v 2.26378 -2.98943 0.181789
v 0.362714 1.84279 0.223935
v -4.39024 -1.08301 0.259488
v -4.29948 -0.828406 0.235707
v -4.13327 -1.17655 0.257118
v -3.94379 -1.17143 0.257003
v -3.84981 -1.16642 0.24908
v -4.03823 -1.17466 0.260719
v -4.18892 -0.781552 0.224219
v -3.66298 -1.15138 0.221543
v -3.75623 -1.15963 0.237595
v -3.86431 -0.688335 0.246147
v -3.63358 -0.616183 0.242128
v -3.5433 -0.591392 0.263264
v -3.245 -1.07644 0.243836
v -3.33712 -1.09043 0.254238
v -2.92064 -1.01682 0.250566
v -2.82877 -1.00377 0.240792
v -2.73616 -0.991341 0.228354
v -2.41014 -0.918983 0.246968
v -3.31127 -0.516165 0.265526
v -2.84814 -0.367299 0.244295
v -2.75739 -0.346671 0.277192
v -2.52708 -0.271635 0.280827
v -2.61687 -0.293121 0.242573
v -2.38806 -0.215762 0.251702
v -2.30048 -0.185742 0.28537
v 0.18674 -1.65863 0.357856
v 0.221444 -1.69532 0.3607
v -2.21081 -0.870808 0.269356
v -2.15365 -0.862427 0.257298
v -1.19534 -1.02549 0.286971
v -1.61508 -0.871516 0.295732
v -2.08906 -0.849247 0.267592
v -1.99917 -0.836368 0.269283
v -2.16098 -0.12077 0.264865
v -1.93553 -0.0253836 0.304613
v -1.79849 0.0464893 0.289335
v -2.02133 -0.0566685 0.251073
v -1.73673 -0.838486 0.297362
v -0.515569 -1.35789 0.243438
v -0.831605 -1.19281 0.26154
v -1.05418 -1.08825 0.253784
v -0.691614 -1.26984 0.265037
v -0.176315 -1.50436 0.250207
v -0.406786 -1.40757 0.232712
v -0.0342991 -1.56354 0.242486
v 0.0529935 -1.59561 0.308605
v -1.66262 0.123841 0.287749
v -1.53006 0.210141 0.302761
v -1.48821 0.245136 0.272547
v -1.34824 0.364196 0.285275
v -1.16356 0.523321 0.260618
v -1.25323 0.448291 0.250041
v -1.06823 0.608347 0.23036
v -0.79497 0.84713 0.257658
v -0.753776 0.885669 0.233942
v -0.611729 1.01103 0.260496
v -0.569764 1.05067 0.23042
v -0.520464 1.0945 0.236591
v -0.338192 1.25701 0.240746
v -0.154748 1.41881 0.239447
v 0.0314117 1.57956 0.234474
v 0.466794 -2.65638 0.185506
v 0.788594 -2.7388 0.208644
v 0.839505 -2.70709 0.209213
v 0.936486 -2.71398 0.25745
v 0.99549 -2.82909 0.216656
v 1.08793 -2.84422 0.241452
v 1.37392 -2.7109 0.209485
v 1.22234 -2.90911 0.222223
v 1.28172 -2.72045 0.250936
v 0.752269 -2.35089 0.212607
v 0.736411 -2.14481 0.208905
v 0.704819 -2.27169 0.21443
v 0.654857 -2.1944 0.218096
v 0.786687 -2.22231 0.213
v 0.839731 -2.29778 0.21783
v 0.800184 -2.43 0.212251
v 0.888714 -2.37595 0.225917
v 1.12575 -2.60872 0.232793
v 1.45729 -2.99343 0.231695
v 1.5963 -3.05826 0.221593
v 1.46641 -2.87719 0.24114
v 1.79301 -2.9447 0.225727
v 1.83017 -3.14663 0.21607
v 1.99717 -3.17419 0.196103
v 2.01094 -3.01219 0.189936
v 1.8322 -2.55791 0.20783
v 1.73713 -2.56441 0.192715
v 1.76137 -2.20137 0.218599
v 1.71807 -2.05815 0.222572
v 1.63431 -2.11479 0.207167
v 1.57517 -2.04039 0.220582
v 2.01623 -2.54976 0.229544
v 1.92478 -2.54888 0.216026
v 2.2006 -2.68055 0.237603
v 2.10553 -2.66614 0.222602
v 2.25907 -2.4758 0.222544
v 1.90885 -2.21471 0.213566
v 1.96004 -2.355 0.202805
v 0.365223 -1.89309 0.311198
v 0.305384 -1.81804 0.347972
v 0.569238 -1.80548 0.4329
v 0.619005 -1.74538 0.456648
v 0.870179 -1.6793 0.312768
v 0.95958 -1.67447 0.311385
v 1.14092 -1.66495 0.399218
v 1.0502 -1.67216 0.335092
v 1.39553 -1.87681 0.235939
v 1.48524 -1.81793 0.236729
v 1.56519 -1.91036 0.223536
v 1.53289 -1.85921 0.220844
v 1.57481 -1.5617 0.257917
v 1.68526 -1.52336 0.246366
v 1.73869 -1.50733 0.225003
v 1.8068 -1.4846 0.223838
v 1.91779 -1.44017 0.229184
v 2.18189 -1.31539 0.198161
v 2.55077 -2.77388 0.238115
v 2.42844 -2.74176 0.228165
v 2.74962 -2.84049 0.240966
v 2.89441 -2.90247 0.205008
v 3.02634 -2.92453 0.181999
v 2.57503 -2.532 0.242327
v 2.66753 -2.53559 0.237136
v 2.76147 -2.53844 0.228045
v 2.85633 -2.54453 0.215006
v 2.61045 -1.01782 0.197803
v 2.68066 -0.953904 0.230752
v 2.91669 -0.707554 0.22662
v 2.85512 -0.779401 0.203442
v 0.223754 1.73687 0.241692
v 0.64455 2.04662 0.25623
v 0.963431 2.2952 0.264003
v 1.00476 2.3324 0.230818
v 1.05441 2.3761 0.235383
v 1.38239 2.68043 0.239886
v 1.56864 2.84553 0.229565
v 1.99677 3.10698 0.2256
v 2.23702 3.18614 0.223431
v 2.14383 3.16082 0.206213
v 2.57182 3.23954 0.1991
v 3.3943 0.109019 0.226035
v 3.4262 0.198546 0.218588
v 3.49285 0.435281 0.236039
v 3.5338 0.653359 0.249803
v 3.55579 0.937774 0.225274
v 3.57552 1.21516 0.256915
v 3.6093 1.4477 0.266745
v 3.71694 1.79009 0.32232
v 3.75879 1.8681 0.324426
v 3.80621 1.94343 0.336013
v 2.76177 3.24333 0.195513
v 2.66681 3.24358 0.200223
v 2.85682 3.2387 0.1954
v 3.19477 3.17937 0.225582
v 3.78071 2.77403 0.245183
v 3.6286 2.92488 0.231116
v 3.95633 2.11199 0.310148
v 4.2235 2.27179 0.275448
v 4.27665 2.2832 0.246952
v 4.20225 2.50866 0.270289
v 4.11353 2.52086 0.306313
v 4.29377 2.49899 0.239712
v 4.54526 2.39715 0.193141
v 4.49659 2.44714 0.20708
v -4.59405 -1.00215 0.216331
v -4.11837 -0.759129 0.228404
v -3.39769 -1.10482 0.240378
v -2.48171 -0.937189 0.238877
v -0.937602 0.722051 0.239192
v 0.609859 -2.14367 0.214571
v 1.73079 -2.92913 0.224551
v 2.51087 -2.52276 0.234742
v 3.82709 2.72021 0.253055
v -4.35276 -0.843995 0.219793
v 0.259847 -1.74354 0.376347
v -0.786416 -1.22177 0.222503
v -1.12202 0.561388 0.235101
v 0.716495 -2.73089 0.202333
v 1.92137 -3.16562 0.219651
v 2.49599 -2.76414 0.224608
v 1.61079 2.88144 0.20822
v 3.541 0.709059 0.219767
v 3.58264 1.26818 0.233126
v 0.643224 -2.72171 0.201509
v 0.599279 -2.68046 0.191576
v -4.30152 -1.12252 0.23228
v -4.30452 -1.18835 0.158179
v -4.31943 -1.20082 0.117782
v -4.2703 -1.20343 0.14205
v -4.24382 -1.1926 0.189464
v -4.65639 -1.09668 0.145126
v -4.65846 -1.0426 0.129628
v -4.67437 -1.10701 0.11239
v -4.59952 -1.11138 0.173473
v -4.62788 -1.01769 0.178462
v -4.64954 -1.02175 0.135631
v -4.57951 -1.13322 0.135668
v -4.62735 -1.11855 0.136306
v -4.31283 -1.0708 0.293881
v -4.31986 -1.13418 0.171662
v -4.34618 -1.06763 0.281643
v 1.92029 -3.20392 0.143051
v 0.718777 -2.66684 0.151629
v 0.713314 -2.79443 0.149473
v 0.648718 -2.65669 0.153618
v 0.628104 -2.67219 0.180654
v 1.74532 -2.24665 0.147018
v 0.568265 -2.72727 0.19996
v 0.418239 -2.65445 0.133249
v 2.21643 -3.00523 0.175845
v 2.29836 -2.99365 0.168576
v 0.411484 -2.67733 0.134522
v 0.788713 -2.67227 0.157609
v -4.35552 -1.10806 0.174686
v 0.790649 -2.80486 0.155676
v 2.11506 -2.35068 0.148914
v 1.84754 -2.87189 0.146916
v 1.95451 -2.88114 0.166095
v 1.8551 -2.747 0.146509
v 1.98454 -2.90897 0.136417
v 2.25273 -3.08071 0.142027
v -4.32072 -1.158 0.148282
v -4.66473 -1.0653 0.132869
v -4.21971 -1.20613 0.145084
v 2.18182 -3.01411 0.142999
v 2.25527 -3.04198 0.17644
v 2.32698 -2.99422 0.138991
v 1.57636 -2.66161 0.14252
v 2.13293 -2.36567 0.148594
v 4.55228 2.45709 0.145244
v 4.52959 2.44769 0.180575
v 4.51873 2.34245 0.182121
v -4.62423 -0.983052 0.1445
v 1.46861 -2.83386 0.163302
v 2.25317 -2.44772 0.145476
v 1.25481 -2.6873 0.223742
v 0.635295 -2.78438 0.1492
v 0.447135 -2.74923 0.160531
v 0.406593 -2.76313 0.112408
v 0.495513 -2.71602 0.198534
v 0.528967 -2.7661 0.165111
v 0.547699 -2.76672 0.16343
v 0.510271 -2.76246 0.161964
v 0.610864 -2.74196 0.196758
v 0.387385 -2.75762 0.108217
v 0.419408 -2.71737 0.159024
v 0.397627 -2.73812 0.123663
v 0.513181 -2.63994 0.178178
v 0.484464 -2.60951 0.13807
v 0.571745 -2.65318 0.178105
v 0.587508 -2.63724 0.135873
v 0.467399 -2.75181 0.164351
v 0.584597 -2.76926 0.165447
v 0.653097 -2.78599 0.149812
v 0.676634 -2.76153 0.187002
v 0.731101 -2.79556 0.150446
v 0.751744 -2.77073 0.190761
v 0.773181 -2.80157 0.154739
v 0.695738 -2.79142 0.149989
v 0.682379 -2.6906 0.188439
v 0.6029 -2.6404 0.133632
v 0.617939 -2.64462 0.134805
v 0.773341 -2.67294 0.155637
v 0.70339 -2.66622 0.151321
v 0.75339 -2.69878 0.191104
v 0.733981 -2.6688 0.152627
v 0.6638 -2.65987 0.153596
v 0.816744 -2.79001 0.190718
v 0.617685 -2.78119 0.149767
v 0.809447 -2.69267 0.188295
v 0.822166 -2.66715 0.141359
v 0.832644 -2.81555 0.145336
v 1.40871 -2.70903 0.186892
v 1.30944 -2.70921 0.221959
v 1.1735 -2.62553 0.195737
v 1.21287 -2.64356 0.162544
v 1.25363 -2.64012 0.138507
v 1.23647 -2.65329 0.183689
v 1.19996 -2.63586 0.159232
v 1.34 -2.70564 0.20663
v 1.27484 -2.65095 0.130435
v 1.2663 -2.63331 0.112607
v 1.29415 -2.68893 0.172836
v 1.34939 -2.68498 0.13534
v 0.427046 -2.63215 0.135474
v 0.433907 -2.58898 0.107479
v 0.451167 -2.59228 0.108843
v 0.453987 -2.61167 0.145265
v 0.538465 -2.62573 0.142686
v 0.50082 -2.61436 0.141338
v 0.554168 -2.63047 0.143967
v 1.28003 -2.6342 0.104772
v 1.15977 -2.59683 0.144489
v 1.42913 -2.84552 0.240275
v 1.64523 -2.80347 0.165699
v 1.49773 -2.80995 0.133601
v 1.46765 -2.72903 0.189241
v 1.46993 -2.78789 0.185612
v 1.51667 -2.81028 0.127978
v 1.4483 -2.80171 0.184802
v 1.58449 -2.81053 0.124492
v 1.60236 -2.8115 0.123104
v 1.55877 -2.79682 0.156994
v 1.62019 -2.81318 0.124221
v 1.53568 -2.81032 0.126761
v 1.55243 -2.74401 0.184701
v 1.66766 -2.81702 0.136912
v 1.41327 -2.80657 0.243846
v 1.74795 -2.83053 0.163697
v 1.8318 -2.86859 0.145691
v 1.77997 -2.84583 0.159104
v 1.81627 -2.86452 0.145928
v 1.76384 -2.83982 0.161648
v 1.88282 -2.7533 0.142863
v 1.7499 -2.73653 0.180052
v 1.68499 -2.81974 0.137351
v 1.77504 -2.71659 0.12912
v 1.70203 -2.82341 0.138808
v 1.82967 -2.75678 0.173148
v 1.7331 -2.79996 0.184159
v 1.80414 -2.72677 0.127893
v 1.81902 -2.73143 0.128538
v 1.78942 -2.72212 0.128436
v 1.80784 -2.82251 0.186453
v 1.87813 -2.85945 0.173634
v 1.73041 -2.71253 0.167942
v 1.96708 -3.21629 0.142679
v 1.95022 -3.19395 0.182897
v 2.02701 -3.12097 0.18617
v 2.04047 -3.24038 0.108589
v 2.04391 -3.082 0.145562
v 2.0466 -3.1382 0.141222
v 2.04482 -3.22267 0.113267
v 2.02612 -3.2075 0.152169
v 2.04349 -3.02939 0.128737
v 1.94736 -2.94781 0.143348
v 1.97446 -2.97101 0.181683
v 2.03678 -2.97362 0.111635
v 2.0462 -2.90632 0.166785
v 1.99457 -2.96082 0.140375
v 2.04268 -3.18091 0.14042
v 2.0451 -3.16318 0.138134
v 2.29486 -3.08561 0.17046
v 2.12352 -2.97024 0.142133
v 2.08612 -2.92333 0.167058
v 2.11079 -2.96125 0.143117
v 2.23558 -2.92087 0.138346
v 2.22004 -3.04382 0.153232
v 2.14162 -2.98351 0.142062
v 2.27534 -2.94453 0.130596
v 2.07234 -2.91684 0.167057
v 2.24823 -2.9515 0.167256
v 1.92039 -2.89372 0.131846
v 1.90403 -2.79716 0.180594
v 1.9051 -2.89011 0.131651
v 1.93573 -2.89698 0.132942
v 1.99947 -2.91276 0.137071
v 1.99417 -2.80611 0.134666
v 2.01686 -2.8158 0.134293
v 1.96984 -2.90435 0.137326
v 2.018 -2.86849 0.174624
v 1.96718 -2.82495 0.170865
v 1.89713 -2.76174 0.145512
v 1.87142 -2.75005 0.143242
v 1.88977 -2.75672 0.144398
v 1.95523 -2.79244 0.147425
v 1.94047 -2.78331 0.147508
v 1.94806 -2.78812 0.147053
v 1.93206 -2.77969 0.146536
v 1.96128 -2.79688 0.146932
v 1.88961 -2.88693 0.132579
v 2.14707 -2.87014 0.128423
v 2.05154 -2.85339 0.165074
v 2.20182 -2.92183 0.165069
v 2.17112 -2.9735 0.171271
v 2.19542 -2.89373 0.127243
v 2.17162 -2.8812 0.125466
v 2.08299 -2.86574 0.164551
v 2.12051 -2.90846 0.174759
v 2.29127 -3.11812 0.139468
v 1.49602 -2.70231 0.152647
v 1.44021 -2.69829 0.155779
v 1.57448 -2.71759 0.17464
v 1.55086 -2.61801 0.110735
v 1.60552 -2.66944 0.182342
v 1.58515 -2.5906 0.128652
v 1.6068 -2.71947 0.195741
v 1.52086 -2.70591 0.153022
v 1.56843 -2.62169 0.143474
v 1.6047 -2.57838 0.12995
v 1.63424 -2.58309 0.170186
v 1.68616 -2.71007 0.197772
v 1.72895 -2.6612 0.167966
v 1.71194 -2.66038 0.177627
v 1.64981 -2.55811 0.138194
v 1.777 -2.66266 0.150929
v 1.74658 -2.63921 0.192551
v 1.66988 -2.55015 0.139186
v 1.69941 -2.5571 0.172838
v 1.70665 -2.53471 0.133155
v 1.68137 -2.65714 0.198386
v 1.71549 -2.7073 0.173364
v 1.78186 -2.2683 0.166567
v 1.77801 -2.23489 0.201247
v 1.79907 -2.28115 0.166414
v 2.02856 -2.98693 0.147693
v 1.8342 -2.31711 0.140101
v 1.98493 -2.41873 0.14868
v 1.97606 -2.38946 0.183037
v 2.06646 -2.5151 0.217645
v 2.04469 -2.50043 0.175092
v 2.04727 -2.45445 0.160412
v 2.11272 -2.4437 0.222333
v 2.23929 -2.46529 0.214595
v 2.11785 -2.47976 0.237494
v 2.20785 -2.42138 0.137462
v 2.21131 -2.44896 0.206992
v 2.14612 -2.3964 0.180388
v 2.00312 -2.42993 0.150204
v 2.18994 -2.40677 0.129823
v 1.93099 -2.17247 0.145048
v 1.83186 -2.28143 0.197915
v 1.94948 -2.39808 0.138959
v 2.02395 -2.25976 0.139634
v 2.02546 -2.29863 0.190629
v 1.89499 -2.14766 0.16752
v 1.84083 -2.09211 0.146095
v 1.87725 -2.13162 0.168073
v 1.89607 -2.18196 0.199964
v 1.84261 -2.13122 0.204056
v 2.0796 -2.3601 0.194765
v 2.05771 -2.30193 0.160997
v 2.07425 -2.3188 0.161331
v 2.0674 -2.46233 0.168384
v 2.0393 -2.42093 0.191597
v 2.17141 -2.39268 0.132235
v 1.39937 -2.68874 0.135836
v 2.02929 -3.05268 0.177376
v 2.99992 -2.96014 0.133157
v 1.99315 -3.2207 0.14153
v 2.39867 -3.16539 0.117611
v 2.36421 -3.13289 0.155028
v 2.3661 -3.16746 0.132781
v 2.39471 -3.19317 0.111093
v 2.29591 -2.96067 0.129902
v 2.34377 -3.0139 0.137603
v 2.34511 -3.04695 0.163023
v 2.37404 -3.05194 0.122094
v 2.38525 -3.07527 0.118129
v 2.39235 -3.10152 0.122789
v 2.31501 -3.13825 0.136004
v 2.97927 -2.95385 0.141813
v 2.9353 -2.93272 0.164787
v 3.02194 -2.9649 0.134437
v 3.06302 -2.9811 0.110912
v 3.0712 -2.91287 0.134878
v 3.06578 -2.93602 0.134729
v 3.04864 -2.95862 0.140962
v 3.06374 -2.88995 0.162931
v 3.34522 -2.91283 0.127971
v 3.33109 -2.88756 0.136504
v 3.35659 -2.94755 0.104732
v 3.35692 -2.8618 0.13983
v 2.97132 -2.92724 0.202293
v 3.08029 -2.86864 0.125056
v 2.99654 -2.68302 0.194855
v 3.00981 -2.64957 0.188856
v 3.1278 -2.67355 0.176914
v 3.09229 -2.6566 0.178849
v 3.15304 -2.68876 0.175565
v 3.05496 -2.64112 0.184347
v 3.18422 -2.71083 0.173024
v 3.25004 -2.80842 0.126322
v 3.2209 -2.77927 0.127486
v 3.23545 -2.79374 0.125411
v 3.29585 -2.79874 0.165173
v 3.34627 -2.83607 0.146953
v 3.31557 -2.86287 0.144232
v 3.33109 -2.77031 0.136448
v 3.34085 -2.81897 0.148642
v 3.29661 -2.83029 0.154359
v 3.32386 -2.7537 0.13484
v 3.20971 -2.66036 0.169278
v 3.23202 -2.6785 0.167792
v 3.19522 -2.64911 0.169644
v 3.20691 -2.72935 0.171172
v 3.29144 -2.7106 0.138052
v 3.25321 -2.69785 0.165892
v 3.24922 -2.73929 0.174054
v 3.30382 -2.72374 0.135122
v 3.31442 -2.73836 0.134027
v 2.98456 -2.64888 0.228108
v 3.17111 -2.63295 0.170319
v 2.93062 -2.53779 0.157301
v 2.95393 -2.55656 0.196456
v 3.03722 -2.55981 0.140716
v 3.0337 -2.60522 0.192912
v 2.99959 -2.54847 0.136806
v 3.01863 -2.55324 0.137763
v 2.98049 -2.5439 0.141018
v 3.12839 -2.61008 0.170986
v 3.08042 -2.59301 0.172905
v 3.14599 -2.61807 0.170517
v 3.09935 -2.59928 0.171961
v 3.37138 -2.96415 0.101813
v 3.36577 -2.88778 0.129756
v 3.37234 -2.91409 0.118077
v 3.3703 -2.93451 0.115897
v 4.5016 2.31804 0.135595
v 4.54243 2.33406 0.149289
v 4.51855 2.47405 0.140864
v 4.56084 2.33999 0.145565
v 4.56751 2.44871 0.141982
v 4.62847 2.36844 0.137619
v 4.59287 2.39345 0.169494
v 4.6421 2.39877 0.125346
v 4.62136 2.40671 0.140626
v 4.58233 2.4389 0.142337
v 4.67318 2.37373 0.104587
v 4.66109 2.38943 0.106539
v 4.65115 2.37147 0.121499
v 4.57898 2.34864 0.142664
v 1.27452 -2.65947 0.136354
v 1.2607 -2.64031 0.133098
v 1.24669 -2.64006 0.144811
v 1.27976 -2.64305 0.106345
v 1.25904 -2.63335 0.113981
v 1.26897 -2.65827 0.153015
v 4.65499 2.39664 0.105399
v 4.65944 2.37664 0.115366
v -4.67442 -1.09649 0.118409
v 0.437324 -2.59902 0.11952
v 0.459813 -2.59373 0.111233
v 0.41581 -2.76492 0.113464
v 0.396925 -2.74984 0.118446
v 0.389903 -2.74655 0.109042
v 2.04258 -3.23171 0.110957
v 2.02813 -3.23671 0.111033
v 2.09308 -2.92646 0.166967
v 2.35203 -3.16039 0.136225
v 2.38067 -3.17424 0.127376
v 2.38707 -3.14457 0.138093
v 2.39952 -3.15071 0.119977
v 2.37996 -3.18625 0.112739
v 2.39731 -3.18057 0.113256
v 2.07077 -2.86088 0.16448
v 2.09506 -2.87103 0.164135
v 2.06541 -2.91366 0.167258
v 2.10207 -2.87431 0.164245
v 2.07922 -2.92008 0.167031
v 2.039 -2.9038 0.16642
v 2.05343 -2.90874 0.167041
v 2.03944 -2.84886 0.16483
v 2.02711 -2.89919 0.166411
v 3.06462 -2.64545 0.182328
v 3.07378 -2.64854 0.181018
v 3.07095 -2.59017 0.173354
v 3.13801 -2.61342 0.170099
v 3.10185 -2.66075 0.177994
v 3.10882 -2.60275 0.171501
v 3.13696 -2.6783 0.176571
v 3.17875 -2.63812 0.170171
v 3.14439 -2.68325 0.175906
v 3.16181 -2.69407 0.175127
v 3.17582 -2.705 0.173718
v 3.22523 -2.67242 0.167969
v 3.18774 -2.64376 0.169655
v 3.2468 -2.69144 0.166208
v 3.19907 -2.72274 0.171701
v 3.29 -2.82201 0.155177
v 3.33125 -2.80223 0.152835
v 3.35497 -2.85302 0.140901
v 3.34847 -2.84475 0.14564
v 3.35857 -2.87058 0.137846
v 3.33809 -2.89576 0.134309
v 3.36516 -2.87875 0.131878
v 3.36671 -2.89676 0.127646
v 3.33894 -2.90417 0.129417
v 3.35168 -2.92941 0.117872
v 3.37171 -2.92339 0.116548
v 3.37323 -2.9048 0.119895
v 3.36403 -2.9557 0.103105
v 3.34946 -2.93947 0.104827
v 3.37395 -2.95268 0.103298
v 3.36747 -2.94522 0.111934
v 3.35217 -2.9209 0.1243
v 3.32244 -2.8711 0.142664
v 3.30852 -2.85485 0.146324
v 3.32398 -2.87952 0.138791
v 3.33802 -2.81048 0.149755
v 3.30348 -2.83838 0.15287
v 3.34385 -2.8274 0.147562
v 3.30638 -2.84649 0.149916
v 3.22103 -2.74212 0.169233
v 3.2149 -2.73579 0.170397
v 3.23869 -2.68471 0.167311
v 3.20261 -2.65457 0.16935
v 3.21671 -2.66625 0.168922
v 3.19255 -2.71677 0.1726
v 3.16897 -2.69934 0.174511
v 3.15387 -2.6229 0.170606
v 3.11874 -2.66858 0.177198
v 3.16336 -2.6279 0.170165
v 3.11872 -2.60693 0.17155
v 3.11114 -2.66393 0.17803
v 4.64258 2.36689 0.124354
v 4.63538 2.40428 0.127445
v 1.55559 -2.63298 0.110672
v 1.5575 -2.60983 0.120386
v 1.27405 -2.63388 0.107518
v 1.27412 -2.642 0.119804
v 4.66407 2.36974 0.106211
v 4.64846 2.39295 0.121688
v 4.61951 2.36501 0.140215
v -4.30586 -1.2028 0.123939
v -4.32185 -1.18976 0.124494
v 0.431009 -2.59956 0.109524
v 0.442254 -2.59065 0.108553
v 0.415024 -2.7572 0.131417
v 0.39682 -2.76009 0.109041
v 2.0469 -3.21398 0.116814
v 2.02583 -2.96725 0.119161
v 2.0407 -2.98858 0.114795
v 2.06346 -2.85836 0.164782
v 2.10911 -2.87754 0.164408
v 3.06477 -2.96944 0.112952
v 3.08288 -2.65212 0.179896
v 3.08989 -2.59592 0.172197
v 3.06091 -2.58629 0.173524
v 3.04539 -2.63654 0.187683
v 4.62794 2.40078 0.137947
v 4.61421 2.36992 0.14861
v 4.61475 2.4127 0.143714
v 4.63719 2.37253 0.133122
v 4.66695 2.3812 0.105425
v 3.2595 -2.70438 0.165175
v -4.66177 -1.11189 0.116023
v 0.398467 -2.72633 0.129194
v 2.03075 -3.23069 0.122927
v 3.05232 -2.9779 0.113394
v -0.176141 0.0289657 -1.93274
v -0.0727457 0.0173383 -1.97838
v 0.0332417 0.00539397 -2.02045
v 0.141726 -0.00683806 -2.0588
v 0.252588 -0.019322 -2.09324
v 0.365683 -0.0320134 -2.12363
v 0.480846 -0.0448577 -2.14977
v 0.597894 -0.0577892 -2.1715
v 0.716626 -0.0707301 -2.18865
v 0.836826 -0.0835909 -2.20104
v 1.27587 2.57734 -0.292251
v 0.958261 -0.0962703 -2.20849
v 1.33913 2.61814 -0.435436
v 1.08068 -0.108656 -2.21083
v 1.41007 2.65623 -0.569395
v 1.20384 -0.120624 -2.20789
v 1.32743 -0.132042 -2.19946
v 1.48864 2.69156 -0.694135
v 1.45119 -0.142769 -2.18536
v 0.268849 1.77009 -0.262842
v 1.57479 -0.152659 -2.16538
v 1.57461 2.72387 -0.807778
v 0.333753 1.80681 -0.400653
v 1.69789 -0.16156 -2.13929
v 0.40228 1.83943 -0.52992
v 1.66745 2.75277 -0.90924
v 0.474326 1.86799 -0.658481
v 1.82017 -0.169318 -2.10686
v 1.76641 2.77792 -0.997095
v 0.549739 1.89285 -0.784158
v 1.94123 -0.175782 -2.06783
v 0.628483 1.91439 -0.906449
v 2.06071 -0.180801 -2.02194
v 0.788801 2.15646 -0.218824
v 1.87063 2.79908 -1.07159
v 0.710619 1.93294 -1.02462
v 2.17818 -0.184233 -1.9689
v 0.851284 2.19515 -0.363293
v 0.796263 1.9488 -1.13823
v 2.29321 -0.185941 -1.90842
v 0.917272 2.22991 -0.502495
v 1.97923 2.81609 -1.13394
v 2.40535 -0.185801 -1.84022
v 0.885545 1.96223 -1.24653
v 0.987296 2.26157 -0.64429
v 2.51413 -0.183699 -1.76399
v 0.978582 1.97347 -1.34875
v 1.06197 2.29044 -0.779238
v 2.61905 -0.179534 -1.6795
v 1.14175 2.31669 -0.908213
v 1.07545 1.9827 -1.44407
v 2.71961 -0.173217 -1.58649
v 1.22689 2.34044 -1.02888
v 1.17615 1.99004 -1.53179
v 2.81526 -0.164677 -1.48478
v 1.31744 2.36172 -1.14009
v 1.28064 1.99558 -1.61131
v 2.90545 -0.153853 -1.37426
v 1.38877 1.99934 -1.68219
v 2.98962 -0.140701 -1.25488
v 3.06719 -0.125191 -1.12672
v 1.4133 2.38052 -1.24124
v 3.13754 -0.107305 -0.989961
v 3.20007 -0.0870401 -0.844946
v 3.25415 -0.0644035 -0.692209
v 1.50032 2.00132 -1.74415
v 1.51422 2.39676 -1.33185
v 3.29916 -0.0394107 -0.532502
v 3.33448 -0.0120731 -0.367037
v 1.615 2.00147 -1.79699
v 1.61985 2.41031 -1.41165
v 3.35946 0.0176621 -0.201096
v 1.73242 1.99976 -1.8406
v 1.72974 2.42105 -1.48049
v 1.85216 1.99611 -1.87491
v 1.84336 2.42882 -1.53843
v 1.96008 2.43349 -1.58564
v 1.97372 1.99046 -1.89986
v 2.07925 2.43495 -1.62241
v 2.09653 1.98276 -1.91541
v 2.20019 2.43314 -1.649
v 2.22002 1.97296 -1.92146
v -0.661172 0.965972 -0.270309
v 2.32218 2.42801 -1.66567
v 2.34353 1.96104 -1.91789
v -0.603717 1.00085 -0.421637
v 2.4664 1.947 -1.9045
v -0.542856 1.03071 -0.564549
v 2.44451 2.41956 -1.6726
v 2.58792 1.93087 -1.88103
v -0.478331 1.05581 -0.703115
v 2.70736 1.91273 -1.8471
v -0.410091 1.07671 -0.836391
v 2.56645 2.40782 -1.6699
v 2.82398 1.8927 -1.80221
v -0.338102 1.09384 -0.964126
v 2.93699 1.87094 -1.74576
v 3.0456 1.84773 -1.67693
v 3.14898 1.82339 -1.59475
v 2.68728 2.39286 -1.65762
v -0.262357 1.10762 -1.08602
v 3.24631 1.7984 -1.49795
v 3.33672 1.7734 -1.385
v 2.80626 2.3748 -1.63574
v 3.41935 1.74925 -1.25407
v -0.182871 1.11837 -1.20183
v 3.49331 1.72714 -1.10304
v 2.92266 2.35378 -1.6042
v 3.55766 1.7087 -0.929716
v -0.0996747 1.12637 -1.31145
v 3.03574 2.33004 -1.5629
v 3.61144 1.6962 -0.732132
v 3.1448 2.30387 -1.51175
v 3.65361 1.69281 -0.509266
v -0.0128267 1.13185 -1.41482
v 3.24911 2.27564 -1.45065
v 3.68302 1.703 -0.263758
v 0.0775924 1.13501 -1.5119
v 3.348 2.24589 -1.37946
v 0.17148 1.13604 -1.60266
v 3.44087 2.21526 -1.29799
v 0.268718 1.13511 -1.68713
v 3.52721 2.18461 -1.2059
v 3.60672 2.15502 -1.10259
v 0.369175 1.1324 -1.76535
v 3.67934 2.12784 -0.987136
v 3.74543 2.10478 -0.858231
v 0.472714 1.12808 -1.83734
v 3.80585 2.08798 -0.714093
v 0.579193 1.1223 -1.90315
v 3.86217 2.08009 -0.552108
v 3.91641 2.08449 -0.366042
v 0.688462 1.11524 -1.96278
v 0.800365 1.10705 -2.01622
v 0.914736 1.09789 -2.06344
v 1.03139 1.0879 -2.10436
v 1.15013 1.07722 -2.13891
v 1.27072 1.06598 -2.16697
v 1.39292 1.05428 -2.18841
v 1.51644 1.04223 -2.20307
v 1.64097 1.02994 -2.21076
v -1.58152 0.168498 -0.34302
v -1.51539 0.188871 -0.484702
v 1.76616 1.01749 -2.21128
v -1.44968 0.204052 -0.616468
v -1.38272 0.214414 -0.74274
v 1.89163 1.00498 -2.20437
v -1.31403 0.220897 -0.860994
v -1.24355 0.224118 -0.971017
v 2.01696 0.992494 -2.18973
v -1.17129 0.224687 -1.0739
v -1.09723 0.223131 -1.17054
v 2.14169 0.980129 -2.16703
v -1.02125 0.219856 -1.26162
v 2.26535 0.967982 -2.13589
v -0.943217 0.215173 -1.34769
v 2.38739 0.956157 -2.09588
v -0.862993 0.209319 -1.42918
v 2.50727 0.944771 -2.0465
v -0.780437 0.202476 -1.50643
v 2.6244 0.933958 -1.98723
v -0.695424 0.194782 -1.57969
v 2.73813 0.923863 -1.91749
v 2.84782 0.914652 -1.83668
v -0.607842 0.186347 -1.64916
v 2.95277 0.906509 -1.7442
v -0.517606 0.177253 -1.71496
v 3.05223 0.899632 -1.63946
v 3.14545 0.894236 -1.52194
v -0.424653 0.167565 -1.77714
v 3.2316 0.890535 -1.39119
v 3.30983 0.888734 -1.24692
v 3.37921 0.889003 -1.08899
v -0.328947 0.157336 -1.83573
v 3.43879 0.891431 -0.917487
v 3.4875 0.89596 -0.732808
v 3.52422 0.902269 -0.536039
v -0.230481 0.14661 -1.89071
v 3.54776 0.909579 -0.330086
v -0.129276 0.135422 -1.94201
v -0.0253812 0.123808 -1.98955
v 0.0811271 0.111805 -2.03323
v 0.190147 0.0994532 -2.07293
v 0.301554 0.0867977 -2.10851
v 0.415199 0.0738931 -2.13982
v 0.530915 0.0608033 -2.16673
v 0.648518 0.0476021 -2.18908
v 0.767804 0.0343743 -2.20671
v 0.888553 0.0212156 -2.21946
v 1.01053 0.00823164 -2.22718
v 1.13349 -0.00446168 -2.22969
v 1.25716 -0.0167398 -2.22681
v 1.38126 -0.0284704 -2.21835
v 1.50549 -0.0395147 -2.20411
v 1.62952 -0.0497296 -2.18387
v 1.75302 -0.0589689 -2.15739
v 1.87563 -0.067086 -2.12443
v 1.99697 -0.0739357 -2.08471
v 2.11662 -0.0793766 -2.03795
v 2.23418 -0.0832725 -1.98384
v 2.3492 -0.0854949 -1.92209
v 2.4612 -0.085924 -1.85239
v 2.56971 -0.0844502 -1.77443
v 2.6742 -0.0809753 -1.68795
v 2.77415 -0.0754131 -1.59271
v 0.398806 1.86381 -0.311236
v 2.869 -0.0676908 -1.48852
v 0.465589 1.89873 -0.443531
v 2.9582 -0.0577498 -1.37526
v 0.5357 1.92958 -0.574486
v 3.04116 -0.0455468 -1.2529
v 0.609033 1.95677 -0.703213
v 3.11726 -0.0310548 -1.12153
v 3.18589 -0.0142637 -0.981355
v 0.685642 1.98064 -0.828519
v 3.24642 0.00481979 -0.832719
v 0.76568 2.00151 -0.950427
v 3.29821 0.0261729 -0.676132
v 0.849343 2.01966 -1.06799
v 3.34061 0.0497609 -0.512231
v 0.936823 2.03536 -1.18041
v 3.37298 0.0755359 -0.34161
v 1.02828 2.04885 -1.28657
v 1.1238 2.06029 -1.38555
v 1.22342 2.06976 -1.4765
v 1.32706 2.07732 -1.55882
v 1.43455 2.08297 -1.63207
v 1.54565 2.08666 -1.69599
v 0.913542 2.25224 -0.272751
v 1.66002 2.08833 -1.75042
v 0.976341 2.29002 -0.427785
v -0.541453 1.06575 -0.351683
v 1.04341 2.3247 -0.569348
v -0.482086 1.0987 -0.495766
v 1.77724 2.08791 -1.79528
v 1.11568 2.35645 -0.708661
v -0.418909 1.12673 -0.636143
v 1.19359 2.38544 -0.840549
v 1.89684 2.08532 -1.83056
v -0.351879 1.15037 -0.772105
v 1.2773 2.41181 -0.963333
v -0.28098 1.17011 -0.902834
v 1.36679 2.43556 -1.07633
v 2.01828 2.08048 -1.85626
v -0.206215 1.18633 -1.02767
v 1.4619 2.45667 -1.17885
v 2.14098 2.07331 -1.87235
v -0.127605 1.19937 -1.1465
v 1.56233 2.47502 -1.27043
v -0.0451937 1.20949 -1.25918
v 2.2643 2.06379 -1.87882
v 1.66766 2.49047 -1.35076
v 0.0409478 1.21692 -1.36556
v 1.77737 2.50284 -1.41974
v 2.38759 2.05187 -1.87558
v 0.13072 1.22185 -1.46557
v 1.89084 2.51198 -1.47749
v 2.51015 2.03757 -1.86248
v 0.224004 1.2245 -1.55918
v 2.63126 2.02092 -1.83928
v 2.00742 2.51776 -1.52433
v 0.320668 1.22503 -1.64639
v 2.75018 2.00201 -1.80567
v 0.420576 1.22364 -1.72723
v 2.12641 2.52009 -1.56063
v 2.86616 1.98097 -1.76122
v 0.523588 1.22052 -1.80177
v 2.9784 1.95799 -1.70534
v 2.24708 2.51893 -1.58676
v 3.08613 1.93335 -1.63731
v 0.629564 1.21584 -1.87001
v 3.18853 1.90742 -1.55619
v 2.36871 2.51425 -1.60301
v 3.2848 1.88074 -1.46078
v 0.738363 1.20979 -1.93195
v 3.37412 1.85399 -1.34953
v 2.49057 2.50609 -1.60962
v 3.45568 1.82816 -1.22058
v 0.849835 1.20253 -1.98756
v 3.52868 1.80456 -1.07169
v 2.61194 2.49451 -1.60671
v 0.963817 1.19422 -2.03679
v 3.59233 1.78506 -0.900423
v 1.08013 1.18501 -2.07955
v 2.7321 2.4796 -1.59436
v 3.64587 1.77224 -0.704475
v 1.19858 1.17502 -2.11573
v 3.68859 1.76981 -0.482354
v 1.31893 1.16439 -2.14522
v 2.85033 2.4615 -1.5726
v 1.44093 1.15322 -2.16786
v 2.9659 2.4404 -1.5414
v 1.56429 1.1416 -2.1835
v 3.07811 2.41655 -1.50079
v 1.68868 1.12962 -2.19195
v 3.18624 2.39028 -1.45082
v 1.81374 1.11737 -2.19298
v 3.28961 2.36201 -1.39161
v -1.45665 0.256008 -0.376783
v -1.39403 0.278163 -0.526284
v 1.93907 1.10493 -2.18633
v -1.32913 0.294438 -0.665184
v 3.38759 2.3323 -1.32338
v -1.26192 0.305531 -0.791744
v 2.06423 1.09238 -2.1717
v -1.19272 0.312465 -0.909621
v 2.18874 1.07981 -2.14875
v 3.47961 2.30185 -1.24639
v -1.12159 0.316131 -1.02013
v 2.3121 1.06729 -2.11706
v -1.04847 0.317187 -1.12405
v 2.43375 1.05495 -2.07618
v 3.56528 2.27151 -1.1609
v -0.973258 0.316122 -1.22197
v 2.55311 1.0429 -2.02559
v -0.895818 0.313311 -1.31439
v 2.66956 1.03126 -1.96471
v 3.6444 2.24235 -1.06706
v 2.78244 1.02021 -1.89292
v -0.816019 0.309042 -1.40173
v 2.89106 1.00992 -1.80955
v 2.99468 1.00059 -1.71392
v -0.733737 0.303536 -1.48433
v 3.71714 2.21563 -0.96482
v 3.09255 0.992453 -1.60535
v -0.648862 0.296965 -1.56247
v 3.18383 0.985746 -1.48322
v 3.78413 2.19274 -0.853801
v 3.26767 0.980723 -1.347
v -0.561301 0.289464 -1.63635
v 3.34315 0.977628 -1.19632
v 3.84669 2.17521 -0.733172
v -0.470982 0.281136 -1.7061
v 3.40928 0.976662 -1.03104
v 3.90693 2.16442 -0.601459
v -0.377859 0.272065 -1.77183
v 3.46503 0.977938 -0.851355
v 3.96779 2.1617 -0.457507
v 3.50926 0.981396 -0.658016
v 4.03356 2.16886 -0.299976
v -0.28191 0.262321 -1.83356
v 3.54082 0.986684 -0.452588
v 3.55864 0.993044 -0.237025
v -0.183144 0.251959 -1.8913
v -0.0815913 0.24103 -1.94503
v 0.0226869 0.229583 -1.99468
v 0.129606 0.217665 -2.04019
v 0.239057 0.205328 -2.08144
v 0.35091 0.192629 -2.11835
v 0.465012 0.179631 -2.15079
v 0.581194 0.166409 -2.17864
v 0.699266 0.153044 -2.20177
v 0.819024 0.139628 -2.22004
v 0.940245 0.126262 -2.2333
v 1.06269 0.113055 -2.2414
v 1.18611 0.100127 -2.24417
v 1.31023 0.0876027 -2.24143
v 1.43476 0.0756132 -2.23299
v 1.55938 0.0642946 -2.21865
v 1.68378 0.0537863 -2.19816
v 1.80759 0.0442288 -2.17129
v 1.93046 0.0357627 -2.13778
v 2.05198 0.0285266 -2.09733
v 2.17174 0.0226555 -2.04964
v 2.28931 0.0182796 -1.9944
v 2.40422 0.0155226 -1.93129
v 2.51599 0.0145007 -1.85999
v 2.62411 0.0153214 -1.78017
v 2.72806 0.0180822 -1.69158
v 2.82729 0.0228693 -1.59395
v 2.92123 0.0297562 -1.4871
v 1.68784 -3.10852 -0.201828
v 3.00929 0.0388014 -1.37093
v 1.7824 -3.10592 -0.246577
v 3.09088 0.0500467 -1.24541
v 1.88481 -3.10091 -0.264205
v 3.16536 0.0635145 -1.11063
v 3.2321 0.0792059 -0.966834
v 2.00122 -3.09036 -0.223815
v 3.29043 0.0971004 -0.814344
v 3.3397 0.117159 -0.653651
v 3.3792 0.139336 -0.485367
v 3.40822 0.163617 -0.31059
v 2.3533 -3.08795 -0.166985
v 0.464919 1.91792 -0.221558
v 0.529819 1.95538 -0.355391
v 0.597761 1.98885 -0.488935
v 0.66879 2.01862 -0.619644
v -0.478489 1.12909 -0.280481
v 0.74305 2.04504 -0.748548
v -0.420593 1.16496 -0.425084
v 0.820828 2.06839 -0.874251
v -0.358764 1.19579 -0.567972
v -0.292968 1.22214 -0.706698
v 0.902392 2.08899 -0.996312
v 0.987996 2.10713 -1.11294
v -0.223196 1.24446 -0.839762
v 1.07784 2.12303 -1.22314
v -0.149453 1.26315 -0.967221
v 1.17204 2.1368 -1.32569
v -0.071761 1.27849 -1.08885
v 1.27061 2.14853 -1.41973
v 0.00982313 1.29075 -1.20434
v 1.37346 2.15821 -1.50464
v 0.095206 1.30014 -1.31354
v 0.184266 1.30687 -1.41632
v 1.48038 2.1658 -1.58004
v 0.276866 1.31114 -1.51263
v 0.372862 1.31317 -1.60248
v 1.59109 2.17126 -1.6457
v 0.472117 1.31314 -1.68594
v 1.7052 2.17448 -1.70149
v 0.574495 1.31127 -1.76303
v 0.679866 1.30776 -1.83375
v 1.82226 2.17537 -1.74741
v 0.788095 1.30279 -1.89808
v 1.94175 2.17384 -1.78346
v 0.899044 1.29653 -1.95595
v 0.13933 -1.62647 -0.363486
v 1.01256 1.28915 -2.00728
v 2.06309 2.16979 -1.80973
v 1.12847 1.28079 -2.05195
v 0.218934 -1.64989 -0.57102
v 2.18567 2.16316 -1.82624
v 1.24657 1.27159 -2.08984
v 1.36663 1.26164 -2.12081
v 2.30882 2.1539 -1.83304
v 0.313792 -1.66909 -0.739387
v 1.48839 1.25106 -2.14472
v 2.43186 2.14199 -1.83007
v 1.03597 2.35033 -0.350105
v 1.10003 2.38785 -0.497581
v 2.55408 2.12745 -1.81725
v 1.61156 1.23992 -2.16139
v 2.67474 2.11032 -1.79439
v 0.423919 -1.67937 -0.818701
v 1.16999 2.4223 -0.639553
v 2.79311 2.09069 -1.76123
v 1.2461 2.45389 -0.772934
v 1.73578 1.2283 -2.17061
v 2.90842 2.06872 -1.7174
v 1.32844 2.48274 -0.897248
v 3.0199 2.04463 -1.66241
v 3.12677 2.0187 -1.59563
v 0.537711 -1.68161 -0.804771
v 1.86068 1.21628 -2.17218
v 3.22824 1.99136 -1.51622
v 1.41695 2.50887 -1.01143
v 3.32356 1.96317 -1.42309
v 3.41194 1.9349 -1.31482
v 1.51139 2.53219 -1.11476
v 1.98584 1.20392 -2.16582
v 0.643602 -1.67936 -0.709335
v 3.49269 1.90758 -1.18958
v 1.6114 2.55255 -1.20672
v 2.1108 1.1913 -2.15121
v 3.56511 1.88265 -1.04517
v 1.71646 2.56975 -1.28695
v 2.23506 1.17848 -2.12801
v 3.62865 1.8621 -0.879025
v -1.39589 0.319866 -0.287416
v 0.739011 -1.67463 -0.581058
v 2.35808 1.16556 -2.09579
v 1.82599 2.58362 -1.35542
v 3.68284 1.84876 -0.688573
v -1.33602 0.349232 -0.44754
v 2.47929 1.15264 -2.05406
v 3.72743 1.84667 -0.47191
v 2.59807 1.13983 -2.00227
v 1.9393 2.594 -1.41241
v -1.27273 0.370834 -0.586932
v 2.71378 1.12729 -1.93979
v -1.2071 0.38624 -0.719209
v 0.828663 -1.66885 -0.484789
v 2.82573 1.11517 -1.86595
v 2.05567 2.60077 -1.45839
v -1.1394 0.396942 -0.843862
v 2.93319 1.10367 -1.78
v 2.17436 2.60387 -1.49384
v 3.0354 1.09303 -1.68117
v -1.06959 0.403902 -0.961353
v 0.917516 -1.6643 -0.444532
v 3.13155 1.08349 -1.56869
v -0.997596 0.407812 -1.07208
v 2.29463 2.60328 -1.51918
v 3.22077 1.07533 -1.44184
v -0.923302 0.409218 -1.17648
v 3.30217 1.06886 -1.30001
v 1.00741 -1.66055 -0.454142
v 2.41575 2.59904 -1.53475
v 3.37476 1.06436 -1.14278
v -0.846594 0.408543 -1.27502
v 2.537 2.59119 -1.54079
v 3.43751 1.0621 -0.970085
v 1.09832 -1.65387 -0.493165
v -0.767357 0.406117 -1.36806
v 2.65764 2.57983 -1.53744
v 3.48929 1.06224 -0.782322
v -0.685483 0.402196 -1.45596
v 3.52893 1.0648 -0.580664
v 1.18935 -1.64446 -0.599951
v 2.77699 2.56509 -1.5248
v 3.55522 1.06951 -0.367657
v -0.600878 0.396982 -1.53896
v -0.513464 0.390633 -1.61729
v 1.28662 -1.6343 -0.665278
v 2.89433 2.54713 -1.50289
v -0.423187 0.383277 -1.69108
v 1.38967 -1.62087 -0.543808
v -0.330016 0.375016 -1.76045
v 3.00895 2.52617 -1.47175
v 1.48135 -1.60158 -0.292077
v -0.233945 0.365936 -1.82545
v -0.134992 0.356109 -1.8861
v 3.12015 2.50249 -1.43145
v -0.0332034 0.3456 -1.94241
v 0.0713514 0.33447 -1.99432
v 3.22725 2.47646 -1.38218
v 0.178579 0.322779 -2.04181
v 0.288364 0.310592 -2.08479
v 3.32956 2.44854 -1.3243
v 0.400569 0.297975 -2.12319
v 0.515039 0.285004 -2.15691
v 0.631599 0.271761 -2.18585
v 0.750058 0.258336 -2.2099
v 0.870208 0.244828 -2.22893
v 0.991824 0.231343 -2.24281
v 1.11466 0.217994 -2.25138
v 1.23847 0.204902 -2.25449
v 1.36296 0.192191 -2.25196
v 1.48784 0.179993 -2.24359
v 1.61279 0.168439 -2.22916
v 1.73748 0.157666 -2.20844
v 1.54989 -3.02106 -0.241679
v 1.86154 0.147808 -2.18118
v 1.64484 -3.01171 -0.265145
v 1.98459 0.139 -2.14708
v 1.74177 -2.99915 -0.271052
v 2.10622 0.131375 -2.10586
v 1.84006 -2.9915 -0.259391
v 2.226 0.125063 -2.05719
v 1.94165 -2.9826 -0.220961
v 2.34349 0.12019 -2.00073
v 2.4582 0.116877 -1.93616
v 2.56964 0.115238 -1.86314
v 2.67727 0.115381 -1.78133
v 2.78057 0.117404 -1.69046
v 2.87895 0.121395 -1.59028
v 2.97184 0.127431 -1.48059
v 2.09133 2.82894 -1.18509
v 3.05863 0.13557 -1.3613
v 3.13869 0.145853 -1.23241
v 2.20611 2.83765 -1.22571
v 3.21137 0.158296 -1.09403
v 2.32278 2.8423 -1.25632
v 3.27602 0.172889 -0.946415
v 2.44061 2.843 -1.27734
v 3.33194 0.189596 -0.789981
v 2.5589 2.83988 -1.28904
v 3.37842 0.208358 -0.625425
v 3.41471 0.229117 -0.45409
v 2.67698 2.83309 -1.29161
v 3.44005 0.251848 -0.27964
v 2.7942 2.8228 -1.2851
v 2.9099 2.80919 -1.26943
v 3.02341 2.79247 -1.24441
v 3.13404 2.7729 -1.20983
v 3.24107 2.75084 -1.16571
v 3.34373 2.72673 -1.11227
v -0.414694 1.19073 -0.20678
v -0.358292 1.22937 -0.354682
v 3.4413 2.70117 -1.05003
v -0.297855 1.26301 -0.499966
v 3.53311 2.67489 -0.979662
v -0.233332 1.29203 -0.639802
v -0.16474 1.31696 -0.774889
v -0.0920565 1.3381 -0.90483
v -0.0153152 1.35575 -1.02889
v 0.0654022 1.37015 -1.14697
v 0.149972 1.3815 -1.25878
v 0.594928 2.00988 -0.266608
v 0.238245 1.39002 -1.36412
v 0.6606 2.04607 -0.401393
v 0.729004 2.07874 -0.534514
v 0.330066 1.39594 -1.46299
v 0.80074 2.10784 -0.666379
v 0.425288 1.39947 -1.55542
v 0.8761 2.13382 -0.797379
v 0.523775 1.40085 -1.64148
v 0.955455 2.15703 -0.923641
v 0.625404 1.40029 -1.72117
v 1.03913 2.17777 -1.04477
v 0.730058 1.398 -1.79446
v 1.12737 2.19621 -1.15883
v 0.837618 1.39419 -1.86127
v 1.22028 2.21244 -1.26474
v 0.947957 1.38902 -1.9215
v 1.31787 2.2265 -1.36158
v 1.06093 1.38265 -1.97502
v 1.17637 1.37524 -2.02168
v 3.6186 2.64876 -0.901975
v 1.41999 2.23835 -1.4488
v 1.29407 1.36689 -2.06136
v 3.69738 2.62372 -0.817725
v 1.41381 1.35771 -2.09388
v 1.52641 2.24795 -1.52605
v 3.76928 2.6007 -0.727467
v 3.83443 2.58052 -0.631583
v 1.63679 2.25518 -1.59315
v 1.53531 1.34778 -2.11909
v 3.89378 2.56407 -0.529843
v 3.9528 2.55397 -0.421401
v 1.7507 2.25996 -1.65004
v 4.02469 2.55116 -0.3086
v 1.65825 1.33718 -2.13681
v 1.86763 2.26215 -1.69673
v 1.78228 1.32596 -2.14685
v 1.98703 2.26166 -1.73333
v 2.10827 2.2584 -1.75996
v 1.90701 1.31419 -2.14897
v 2.03198 1.30191 -2.14291
v 2.23071 2.25229 -1.77673
v 2.15671 1.2892 -2.12836
v 2.35365 2.24329 -1.78372
v 2.28069 1.27611 -2.10493
v 2.40334 1.26273 -2.0722
v 2.52406 1.24916 -2.02965
v 2.4764 2.2314 -1.78096
v 2.64222 1.23552 -1.9767
v 2.75713 1.22195 -1.91268
v 2.59823 2.21665 -1.76839
v 2.86808 1.20865 -1.83684
v 2.7184 2.1991 -1.7459
v 2.97432 1.19582 -1.74836
v 2.83618 2.17886 -1.71327
v 3.07503 1.18371 -1.64638
v -1.27503 0.41748 -0.359284
v 2.95079 2.1561 -1.67023
v 3.16938 1.17262 -1.53003
v -1.21366 0.443418 -0.505322
v 3.25647 1.16288 -1.39849
v 3.0615 2.13106 -1.61639
v 3.33534 1.15484 -1.25105
v -1.14996 0.463092 -0.643669
v 3.16752 2.10406 -1.55126
v 3.40497 1.14887 -1.08729
v -1.08398 0.477729 -0.774923
v 3.26812 2.07556 -1.47417
v 3.46427 1.14533 -0.907196
v -1.01565 0.488157 -0.89886
v 3.36256 2.04615 -1.38424
v 3.51205 1.14451 -0.711375
v 3.5471 1.1466 -0.501353
v 3.45017 2.01664 -1.28026
v -0.944894 0.49512 -1.01585
v 3.5683 1.15153 -0.277663
v 3.53034 1.98811 -1.16063
v -0.871639 0.499212 -1.12634
v 3.60259 1.96205 -1.02334
v -0.795781 0.500895 -1.23067
v 3.6666 1.94049 -0.865983
v -0.717222 0.500533 -1.32921
v 3.72233 1.92625 -0.68597
v -0.63587 0.498412 -1.42225
v 3.77013 1.9234 -0.481101
v -0.551647 0.49476 -1.51004
v -0.464494 0.489763 -1.59278
v -0.37437 0.483567 -1.67062
v -0.281261 0.476296 -1.74368
v -0.185173 0.468051 -1.81201
v -0.0861397 0.45892 -1.87566
v 0.0157833 0.448984 -1.93464
v 0.120516 0.438315 -1.98894
v 0.227956 0.426989 -2.03853
v 0.337982 0.415081 -2.08336
v 0.45045 0.402669 -2.12338
v 0.5652 0.38984 -2.15851
v 0.682055 0.376684 -2.18866
v 0.80082 0.3633 -2.21374
v 0.921284 0.349792 -2.23364
v 1.04322 0.336273 -2.24822
v 1.16638 0.322858 -2.25736
v 1.29049 0.309668 -2.26087
v 1.41529 0.296829 -2.2586
v 1.54045 0.284468 -2.25033
v 1.66566 0.272716 -2.23584
v 1.79057 0.261702 -2.2149
v 1.9148 0.251557 -2.18722
v 1.31479 -2.95092 -0.217728
v 1.41267 -2.93723 -0.254306
v 2.03796 0.242411 -2.15251
v 2.15962 0.234392 -2.11047
v 1.51001 -2.92201 -0.25182
v 2.27935 0.227627 -2.06074
v 1.60652 -2.90838 -0.230133
v 2.39667 0.222238 -2.00299
v 2.51109 0.218344 -1.93685
v 2.6221 0.216062 -1.86197
v 2.72914 0.2155 -1.77802
v 2.83166 0.21676 -1.68471
v 2.16014 -2.92101 -0.175979
v 2.92908 0.219935 -1.58177
v 3.02077 0.225103 -1.46903
v 3.10613 0.232328 -1.3464
v 3.18448 0.241647 -1.2139
v 3.25518 0.253071 -1.0717
v 3.31752 0.266574 -0.920097
v 3.37078 0.282096 -0.759598
v 3.4142 0.29954 -0.591012
v 3.447 0.318797 -0.415769
v 3.46835 0.339764 -0.238594
v -0.295179 1.29214 -0.286363
v -0.236117 1.32838 -0.430596
v -0.172971 1.36012 -0.571394
v -0.105593 1.38763 -0.708635
v -0.0339909 1.41122 -0.840289
v 0.0417761 1.43116 -0.966637
v 0.12159 1.44767 -1.08713
v 0.205283 1.46096 -1.20123
v 0.292677 1.47126 -1.30889
v 0.383607 1.47883 -1.41018
v 0.477928 1.4839 -1.50516
v 0.57552 1.48672 -1.59386
v 0.676278 1.48753 -1.67624
v 0.780103 1.48654 -1.75221
v 0.886895 1.48396 -1.82162
v 0.99654 1.47997 -1.88431
v 1.1089 1.47472 -1.94012
v 1.22382 1.46834 -1.98887
v 1.34109 1.46094 -2.03039
v 1.46048 1.4526 -2.06451
v 1.58169 1.4434 -2.09106
v 1.70441 1.43338 -2.10987
v 1.82824 1.4226 -2.12073
v -0.0847164 -1.54187 -0.256753
v 1.95277 1.41109 -2.12343
v -0.0031438 -1.56676 -0.366352
v 2.07754 1.3989 -2.11769
v 2.20204 1.38607 -2.10321
v 0.0798751 -1.58678 -0.485671
v 2.3257 1.37267 -2.07959
v 2.44795 1.35877 -2.0464
v 2.56816 1.34448 -2.0031
v 0.16531 -1.6038 -0.61603
v 2.68564 1.3299 -1.94908
v 2.79971 1.31521 -1.88361
v 2.90961 1.30059 -1.80589
v 0.258294 -1.61925 -0.772251
v 2.87938 2.26656 -1.66118
v -1.21174 0.481536 -0.271532
v 3.01455 1.28629 -1.71503
v 2.99326 2.2432 -1.61902
v 3.11372 1.27258 -1.61005
v -1.15259 0.512103 -0.424082
v 3.20622 1.25981 -1.48999
v 0.362135 -1.63104 -0.878177
v 3.10316 2.21744 -1.56651
v -1.09105 0.536468 -0.567646
v 3.29113 1.24835 -1.3539
v 3.20834 2.18966 -1.50334
v 3.36746 1.23866 -1.20099
v -1.02686 0.555123 -0.704203
v 3.30809 2.16032 -1.42907
v 3.43413 1.23121 -1.03077
v -0.960068 0.569123 -0.833719
v 3.40173 2.13007 -1.34312
v 3.49002 1.22653 -0.843219
v -0.890642 0.579289 -0.95643
v 0.47271 -1.63792 -0.913035
v 3.48869 2.09973 -1.24464
v 3.53387 1.22513 -0.639056
v -0.818513 0.586236 -1.0725
v 3.56427 1.22751 -0.420919
v 3.56849 2.0704 -1.13245
v -0.743596 0.590455 -1.18226
v 3.64085 2.04353 -1.00497
v -0.665808 0.592337 -1.286
v 3.70581 2.02104 -0.86021
v 0.582282 -1.64075 -0.880717
v -0.585074 0.592196 -1.38397
v 3.76376 2.00557 -0.695957
v -0.501331 0.590286 -1.47641
v 3.81568 2.00078 -0.510453
v -0.414536 0.586813 -1.56349
v 3.86332 2.01196 -0.304282
v 0.685484 -1.64095 -0.800928
v -0.324664 0.581947 -1.64534
v -0.231713 0.575827 -1.72208
v 0.781999 -1.63939 -0.714199
v -0.135706 0.568573 -1.79377
v 0.874688 -1.63675 -0.658371
v -0.0366868 0.560289 -1.86046
v 0.0652766 0.551067 -1.92219
v 0.966466 -1.63311 -0.643907
v 0.170095 0.540997 -1.97894
v 1.05898 -1.62713 -0.659471
v 0.277657 0.530164 -2.03073
v 0.387834 0.518657 -2.07751
v 1.15307 -1.618 -0.710265
v 0.500478 0.506566 -2.11924
v 1.25065 -1.60702 -0.758739
v 0.615424 0.493987 -2.15588
v 1.35228 -1.59539 -0.711625
v 0.732492 0.481021 -2.18734
v 0.851483 0.467773 -2.21355
v 1.45159 -1.58239 -0.562855
v 0.972183 0.454355 -2.23441
v 1.54147 -1.56494 -0.384952
v 1.09436 0.440882 -2.24978
v 1.21776 0.427473 -2.25954
v 1.62485 -1.5429 -0.259007
v 1.34213 0.414249 -2.26352
v 1.46715 0.401334 -2.26154
v 0.724049 2.10196 -0.310919
v 1.177 -2.87262 -0.249242
v 1.26888 -2.86542 -0.282435
v 0.789805 2.13745 -0.445888
v 1.36828 -2.85107 -0.278874
v 1.59254 0.388854 -2.25341
v 0.858782 2.16936 -0.585366
v 0.93156 2.19809 -0.719639
v 1.71794 0.376934 -2.23888
v 1.00861 2.22407 -0.851237
v 1.84299 0.365701 -2.2177
v 1.09033 2.24753 -0.97635
v 1.96733 0.35528 -2.18959
v 1.17699 2.26861 -1.09402
v 1.92861 -2.85291 -0.182132
v 2.09052 0.345797 -2.15424
v 1.26868 2.28737 -1.20287
v 1.36536 2.3038 -1.30211
v 2.21214 0.337376 -2.11132
v 2.33174 0.33014 -2.06046
v 2.44881 0.324211 -2.00131
v 1.46684 2.31786 -1.39125
v 2.56285 0.319709 -1.93348
v 2.67332 0.316753 -1.85661
v 1.57284 2.32945 -1.46999
v 2.77966 0.315455 -1.77035
v 1.68295 2.33846 -1.53818
v 2.88128 0.315924 -1.67439
v 2.84398 -2.87898 -0.227927
v 2.97759 0.318258 -1.56847
v 2.95081 -2.87462 -0.256091
v 3.06793 0.322544 -1.45243
v 1.7967 2.34476 -1.5958
v 3.06437 -2.85343 -0.188204
v 3.15168 0.328846 -1.32621
v 3.22814 0.337204 -1.18985
v 1.91352 2.34822 -1.64294
v 3.29663 0.347619 -1.04356
v 3.35643 0.360046 -0.88771
v 2.03282 2.34874 -1.67979
v 3.40678 0.374384 -0.722794
v 3.4469 0.390468 -0.549505
v 2.15394 2.34622 -1.70654
v 3.47598 0.408088 -0.368725
v 2.27619 2.34061 -1.72337
v 2.39887 2.33188 -1.73043
v 2.52126 2.32005 -1.72776
v 2.64263 2.30515 -1.71539
v 2.76225 2.28728 -1.69324
v 3.10389 3.11966 -0.646276
v 3.20443 3.10154 -0.602239
v 3.30068 3.07889 -0.542259
v 3.42648 2.41935 -1.25834
v 3.391 3.05166 -0.467783
v -0.230984 1.35289 -0.222297
v 3.4739 3.01995 -0.38014
v -0.173643 1.39205 -0.360039
v 3.54815 2.98405 -0.281584
v 3.51748 2.38962 -1.18503
v -0.111867 1.42646 -0.502682
v -0.0457063 1.45649 -0.640041
v 0.0248022 1.4825 -0.773669
v 3.60224 2.36026 -1.10525
v 0.0995851 1.50469 -0.902314
v 0.178451 1.52326 -1.02466
v 3.68065 2.33233 -1.01998
v 0.261182 1.53845 -1.14067
v 3.75301 2.30703 -0.930113
v 0.347579 1.55052 -1.25043
v 0.43748 1.55974 -1.35408
v 3.82023 2.28557 -0.83622
v 0.530758 1.56638 -1.45166
v 3.88407 2.26903 -0.738321
v 3.94739 2.25796 -0.635714
v 0.627316 1.5707 -1.54311
v 4.01384 2.25197 -0.527568
v -3.54674 -0.728983 -0.474419
v 0.727075 1.57295 -1.62831
v -3.45279 -0.736643 -0.50479
v 4.08609 2.24997 -0.415797
v 0.82996 1.57335 -1.7071
v 4.16548 2.25072 -0.30539
v 0.935891 1.57212 -1.77924
v -3.3582 -0.745561 -0.528731
v 1.04477 1.56941 -1.84452
v -3.2633 -0.755236 -0.546532
v 1.15647 1.56537 -1.90272
v 1.27083 1.56012 -1.95363
v -3.16824 -0.765583 -0.558579
v 1.38765 1.55376 -1.99704
v -3.07313 -0.77634 -0.565181
v -2.97801 -0.787003 -0.566675
v 1.50666 1.54634 -2.0328
v -2.88284 -0.797031 -0.563484
v 1.62759 1.53793 -2.06071
v -2.78751 -0.806095 -0.555903
v 1.75006 1.52854 -2.08062
v -2.69203 -0.814051 -0.543808
v -2.59672 -0.820586 -0.526909
v 1.8737 1.51822 -2.09232
v -2.50208 -0.825352 -0.505414
v -2.40842 -0.828276 -0.479737
v 1.99804 1.50699 -2.09561
v -2.31584 -0.829378 -0.450483
v 2.1226 1.49488 -2.09021
v -1.09041 0.578133 -0.344674
v -2.22437 -0.828247 -0.419542
v -1.03079 0.606835 -0.491162
v -2.13364 -0.826069 -0.388061
v 2.24684 1.48192 -2.07582
v -0.96834 0.629418 -0.632321
v -2.04359 -0.823205 -0.357457
v -0.903127 0.647078 -0.766943
v 2.37018 1.46817 -2.05206
v -1.95501 -0.817491 -0.344301
v -0.835077 0.660544 -0.894656
v 2.492 1.45369 -2.01848
v -1.86722 -0.814003 -0.33583
v -0.764134 0.670464 -1.01574
v 2.61165 1.43859 -1.97452
v -1.78382 -0.817372 -0.356213
v 2.72844 1.42299 -1.91954
v -0.690228 0.67735 -1.13049
v -1.70103 -0.829192 -0.404309
v 2.84162 1.40705 -1.85278
v -0.613287 0.681616 -1.2391
v -1.61832 -0.840785 -0.462942
v 2.95043 1.391 -1.77338
v -0.53325 0.6836 -1.34177
v -1.53687 -0.852953 -0.524091
v 3.05405 1.37509 -1.68036
v -0.45007 0.683579 -1.43867
v -1.45636 -0.864646 -0.589689
v 3.15164 1.35965 -1.57266
v -0.363717 0.68178 -1.52995
v 3.24228 1.34506 -1.44917
v -1.37674 -0.876172 -0.656841
v 3.32503 1.3318 -1.30881
v -1.29774 -0.887385 -0.724298
v -0.274182 0.67839 -1.61573
v 3.39885 1.32043 -1.15067
v -1.21916 -0.898284 -0.791635
v 3.46266 1.31159 -0.974149
v -0.181477 0.673566 -1.69611
v 3.51526 1.30602 -0.779172
v -1.1408 -0.908977 -0.858106
v 3.55536 1.30458 -0.56642
v -0.0856375 0.667443 -1.77114
v -1.06242 -0.91957 -0.923275
v 3.58157 1.30815 -0.336683
v 0.01328 0.66014 -1.84089
v -0.983643 -0.930242 -0.987145
v -0.90394 -0.941126 -1.04996
v 0.115196 0.651763 -1.90539
v -0.822761 -0.952184 -1.11224
v 0.220012 0.642415 -1.96466
v -0.739661 -0.963233 -1.17399
v 0.327609 0.632194 -2.0187
v -0.654359 -0.974067 -1.23449
v -0.566691 -0.984519 -1.29321
v 0.437852 0.621201 -2.0675
v -0.476549 -0.994481 -1.34983
v 0.550586 0.609538 -2.11104
v -0.383849 -1.0039 -1.40416
v 0.665645 0.597312 -2.14927
v -0.28852 -1.01277 -1.45602
v 0.782844 0.584632 -2.18213
v -0.19051 -1.02111 -1.50516
v 0.901982 0.571611 -2.20956
v -0.0898054 -1.02899 -1.55118
v 1.02284 0.558366 -2.23144
v 0.013545 -1.0365 -1.59355
v 1.14519 0.545016 -2.24768
v 0.119409 -1.04372 -1.63157
v 1.26877 0.531681 -2.25812
v 0.227561 -1.05072 -1.66441
v 0.858213 -2.78151 -0.212322
v 1.39331 0.518482 -2.26262
v 0.337689 -1.05753 -1.69121
v 0.948495 -2.79185 -0.24173
v 1.5185 0.505542 -2.26098
v 1.04388 -2.7938 -0.28103
v 0.44942 -1.06416 -1.71128
v 1.13974 -2.78195 -0.301795
v 0.562367 -1.07056 -1.72422
v 1.64404 0.492982 -2.253
v 1.23242 -2.76736 -0.295673
v 1.76956 0.480923 -2.23844
v 1.32545 -2.74943 -0.265947
v 0.676169 -1.07664 -1.73009
v 1.42031 -2.75352 -0.220163
v 1.89471 0.469488 -2.21702
v 0.79052 -1.0823 -1.72928
v 1.51224 -2.77436 -0.183839
v 2.01908 0.458797 -2.18846
v 0.905173 -1.08744 -1.72225
v 1.60123 -2.78304 -0.176126
v 2.14224 0.448972 -2.15243
v 1.69548 -2.77726 -0.191287
v 1.01992 -1.09195 -1.70928
v 2.26375 0.440135 -2.10857
v 1.79199 -2.75618 -0.183978
v 2.38312 0.432406 -2.05651
v 1.13457 -1.09573 -1.69026
v 2.49986 0.425908 -1.99586
v 1.24888 -1.09867 -1.66475
v 2.61342 0.420765 -1.92621
v 1.3626 -1.10063 -1.63231
v 2.72325 0.417098 -1.84719
v 2.82877 0.415028 -1.75842
v 1.4754 -1.10145 -1.59281
v 2.92937 0.414672 -1.65959
v 1.58696 -1.10088 -1.54653
v 3.02441 0.416138 -1.55044
v 3.11325 0.41952 -1.43082
v 1.69695 -1.09866 -1.49391
v 3.19519 0.424892 -1.30069
v 3.26955 0.432293 -1.16016
v 2.60971 -2.79458 -0.239459
v 1.80503 -1.09447 -1.43532
v 3.33559 0.441716 -1.00948
v 3.39258 0.453089 -0.849037
v 2.70157 -2.79301 -0.286819
v 1.91089 -1.08801 -1.37088
v 3.43973 0.466254 -0.679298
v 2.01421 -1.07898 -1.30057
v 3.47624 0.480957 -0.500709
v 2.79864 -2.79111 -0.314104
v 2.11465 -1.06715 -1.22423
v 3.50122 0.496889 -0.313583
v 2.90473 -2.7838 -0.312519
v 2.21181 -1.05231 -1.14171
v 3.01249 -2.76681 -0.240792
v 2.30528 -1.03433 -1.05284
v 2.3946 -1.01311 -0.957591
v 2.47929 -0.988613 -0.855921
v 3.26741 -2.77048 -0.169996
v 2.55885 -0.960832 -0.747914
v 2.6328 -0.929794 -0.633913
v 2.70064 -0.895546 -0.514625
v 2.76187 -0.858159 -0.389343
v 2.81607 -0.817738 -0.257533
v 1.09617 2.4112 -0.277614
v 1.15748 2.45114 -0.428455
v 1.22517 2.488 -0.570698
v 1.29952 2.52198 -0.705307
v 1.38057 2.55316 -0.83048
v -0.311479 -1.44929 -0.220595
v 1.46817 2.58152 -0.945194
v -0.23135 -1.47782 -0.302543
v 1.562 2.60691 -1.04871
v 1.66163 2.62911 -1.14033
v -0.149673 -1.50333 -0.390749
v 1.76645 2.64791 -1.2197
v 1.87577 2.66309 -1.28691
v -0.0663369 -1.52556 -0.485374
v 1.98883 2.67451 -1.34251
v 1.85825 3.0448 -0.189184
v 1.93968 3.07812 -0.27958
v 2.10487 2.68211 -1.38713
v 0.0192404 -1.5437 -0.589011
v 2.02724 3.10728 -0.34974
v 2.22312 2.68586 -1.42134
v 2.11957 3.13193 -0.411239
v 2.34282 2.68579 -1.44557
v 0.107849 -1.5584 -0.698287
v 2.21582 3.15223 -0.458908
v -0.110371 1.45413 -0.290685
v 2.31502 3.16817 -0.499014
v 2.46324 2.68195 -1.46016
v -0.049909 1.49096 -0.430591
v 2.41636 3.17988 -0.529022
v 0.201482 -1.57096 -0.816552
v 0.0149721 1.52353 -0.569597
v 2.58367 2.67444 -1.46536
v 2.51914 3.18761 -0.549803
v 0.0844242 1.5519 -0.705765
v 2.62277 3.1915 -0.561586
v 2.7034 2.66338 -1.46131
v 0.302211 -1.58165 -0.925865
v 0.158213 1.57625 -0.835507
v 2.72669 3.19166 -0.564507
v 0.236057 1.59682 -0.959146
v 2.82176 2.64893 -1.44806
v 2.83035 3.18829 -0.558851
v 0.317702 1.61387 -1.07673
v 0.40925 -1.58981 -0.989428
v 2.93325 3.18138 -0.544931
v 0.402951 1.6277 -1.18854
v 3.03489 3.17064 -0.524303
v 2.93803 2.63127 -1.42564
v 0.491663 1.6386 -1.29461
v 3.13452 3.15535 -0.49105
v 0.583742 1.64686 -1.39491
v 0.518563 -1.59524 -0.999802
v 3.05154 2.61065 -1.39407
v 3.23076 3.13478 -0.440763
v 0.679121 1.65276 -1.48928
v 3.32167 3.10887 -0.372027
v 0.777753 1.65654 -1.57748
v 3.16159 2.58739 -1.35345
v 0.625615 -1.59836 -0.964981
v -3.77017 -0.65253 -0.214754
v 3.40527 3.07729 -0.291011
v 0.879591 1.65844 -1.65924
v 3.26747 2.56188 -1.30408
v 3.48009 3.04028 -0.201807
v -3.68205 -0.642809 -0.277986
v 0.984577 1.65866 -1.73426
v 0.728047 -1.59962 -0.905666
v 1.09263 1.65734 -1.80225
v 3.36853 2.53466 -1.24646
v -3.59306 -0.636098 -0.33582
v 1.20363 1.65463 -1.86293
v -3.50216 -0.634618 -0.390275
v 3.46415 2.50637 -1.18137
v 0.826243 -1.59925 -0.851024
v 1.3174 1.65062 -1.91605
v -3.40983 -0.636752 -0.437519
v 3.55384 2.47783 -1.10988
v 1.43375 1.64539 -1.96141
v 0.922087 -1.59717 -0.820944
v -3.31675 -0.640911 -0.47749
v 3.63726 2.45 -1.03338
v -3.22299 -0.647383 -0.511392
v 1.5524 1.63897 -1.99881
v 1.01752 -1.5929 -0.816241
v 3.71437 2.42398 -0.953516
v -1.02718 0.641811 -0.260171
v -3.12874 -0.655778 -0.5395
v -0.969268 0.674256 -0.416059
v 3.78554 2.40099 -0.871978
v 1.67304 1.63141 -2.0281
v -0.908676 0.701007 -0.560639
v 1.114 -1.58597 -0.833397
v -3.03414 -0.665498 -0.562048
v 3.85186 2.38232 -0.790004
v -0.845034 0.72231 -0.699108
v 1.79529 1.6227 -2.0491
v -0.77839 0.739121 -0.831028
v -2.93927 -0.675899 -0.579255
v 3.91564 2.36911 -0.70759
v -0.70868 0.752085 -0.95662
v 1.21265 -1.57688 -0.857199
v -2.84408 -0.686619 -0.591434
v -0.635837 0.761723 -1.07591
v 1.91873 1.61288 -2.06164
v 3.98078 2.36164 -0.623353
v -0.559802 0.768474 -1.18905
v -2.74858 -0.697402 -0.598798
v 1.31378 -1.5668 -0.837511
v 4.05132 2.35788 -0.537153
v -0.480528 0.772696 -1.29614
v 2.04288 1.60193 -2.06551
v -2.65294 -0.707959 -0.601435
v 4.12906 2.35419 -0.45242
v -0.39798 0.774684 -1.39729
v 1.41493 -1.55622 -0.748915
v -2.55753 -0.717927 -0.599502
v 2.16723 1.58988 -2.06047
v 4.21278 2.34945 -0.374467
v -0.312143 0.774682 -1.49262
v -2.46273 -0.726999 -0.593392
v 1.51162 -1.54402 -0.61656
v 2.29121 1.57676 -2.04622
v 4.3007 2.34441 -0.307367
v -0.22302 0.772894 -1.58222
v -2.36884 -0.73496 -0.583764
v 4.39083 2.34328 -0.252484
v 2.41421 1.56261 -2.02237
v -0.130639 0.769491 -1.66616
v 4.48112 2.3424 -0.20303
v -2.27605 -0.741546 -0.571706
v 2.53558 1.54749 -1.98848
v -0.0350464 0.764622 -1.7445
v 1.60204 -1.52876 -0.490861
v 2.65466 1.5315 -1.94398
v -2.18445 -0.746717 -0.558831
v 0.0636879 0.75842 -1.81729
v 2.77071 1.51478 -1.88821
v -2.0942 -0.750459 -0.547473
v 1.68848 -1.5103 -0.397701
v 2.88298 1.49751 -1.82039
v 0.165474 0.751004 -1.88458
v -2.00577 -0.752277 -0.541763
v 2.99068 1.47991 -1.73958
v 0.270204 0.742488 -1.94639
v -1.91962 -0.753148 -0.545012
v 3.09297 1.46228 -1.64473
v 1.77397 -1.48929 -0.323577
v -1.8366 -0.75559 -0.559236
v 0.37775 0.732987 -2.00273
v 3.18899 1.44499 -1.53468
v -1.75584 -0.761552 -0.586811
v 3.27781 1.4285 -1.40816
v 0.487973 0.722611 -2.05361
v 1.85856 -1.4642 -0.2536
v -1.67535 -0.769962 -0.628005
v 3.35845 1.41339 -1.26396
v 0.600714 0.711475 -2.09901
v -1.59506 -0.778786 -0.676949
v 3.42989 1.40036 -1.10096
v -1.51528 -0.787666 -0.730753
v 3.49098 1.39029 -0.918389
v 0.715802 0.699696 -2.13891
v 3.54052 1.38423 -0.715992
v -1.43603 -0.796489 -0.787655
v 3.57713 1.38349 -0.494134
v 0.833051 0.687392 -2.17324
v -1.35722 -0.805287 -0.846268
v 3.59923 1.38957 -0.253157
v 0.952258 0.674684 -2.20195
v -1.27869 -0.814053 -0.905639
v -1.20024 -0.82283 -0.965138
v 1.0732 0.661692 -2.22494
v -1.12164 -0.831691 -1.02429
v -1.04257 -0.84073 -1.0828
v 1.19565 0.648537 -2.2421
v -0.962662 -0.850037 -1.14062
v 1.31934 0.635341 -2.25329
v -0.881454 -0.85963 -1.19784
v -0.798532 -0.869427 -1.25453
v 1.44399 0.622224 -2.25835
v -0.713566 -0.879282 -1.31055
v 1.56929 0.609303 -2.25708
v -0.626331 -0.889041 -1.36551
v -0.536676 -0.898579 -1.419
v -0.444494 -0.907814 -1.47068
v 1.69491 0.596698 -2.24928
v -0.349713 -0.916703 -1.52026
v 0.541404 -2.67959 -0.201891
v 1.8205 0.584525 -2.23469
v -0.252284 -0.925243 -1.56744
v 1.94568 0.572901 -2.21303
v -0.152193 -0.933461 -1.61186
v -0.0494764 -0.941406 -1.65309
v 2.07001 0.561941 -2.184
v 0.055769 -0.949139 -1.69061
v 2.19308 0.551765 -2.14724
v 1.00315 -2.69253 -0.298288
v 0.163373 -0.956713 -1.72377
v 2.3144 0.542491 -2.10238
v 1.1074 -2.68138 -0.297566
v 0.273093 -0.964164 -1.75194
v 2.43348 0.534241 -2.04903
v 0.384632 -0.971496 -1.77448
v 2.54979 0.527138 -1.98677
v 1.19685 -2.67275 -0.248283
v 2.66278 0.521311 -1.91517
v 0.49766 -0.978683 -1.79093
v 2.77186 0.516889 -1.83382
v 2.87644 0.514002 -1.74234
v 2.97587 0.512778 -1.64038
v 0.611845 -0.985662 -1.80103
v 3.06949 0.51334 -1.5277
v 3.15663 0.515793 -1.40416
v 1.6442 -2.68569 -0.204482
v 0.726878 -0.992349 -1.8048
v 3.23656 0.520222 -1.26977
v 3.30857 0.526671 -1.12469
v 0.842486 -0.998644 -1.80242
v 3.37189 0.535124 -0.969301
v 3.42575 0.54548 -0.804147
v 0.958425 -1.00444 -1.79406
v 3.46935 0.557514 -0.629918
v 3.50185 0.570847 -0.447393
v 1.07447 -1.00963 -1.77973
v 3.52237 0.584955 -0.256705
v 2.29223 -2.71132 -0.220535
v 1.19038 -1.01408 -1.75928
v 2.38271 -2.71038 -0.257049
v 1.30591 -1.01767 -1.73242
v 1.42076 -1.02023 -1.69895
v 2.47305 -2.70671 -0.289605
v 1.53463 -1.02155 -1.65886
v 2.56449 -2.69915 -0.317495
v 1.64719 -1.0214 -1.61234
v 2.65795 -2.68987 -0.337719
v 1.75811 -1.01951 -1.5596
v 2.75485 -2.68175 -0.34469
v 1.86706 -1.01558 -1.50075
v 2.85591 -2.67747 -0.331543
v 1.97372 -1.00936 -1.43579
v 2.95491 -2.68289 -0.274372
v 2.07773 -1.0006 -1.36461
v 2.17871 -0.989075 -1.28706
v 2.27626 -0.974627 -1.20299
v 2.36994 -0.957136 -1.11228
v 2.45929 -0.936523 -1.01486
v 2.54382 -0.91275 -0.910767
v 2.62304 -0.885813 -0.800145
v 2.69647 -0.855734 -0.683262
v 2.76361 -0.822552 -0.559919
v 2.82397 -0.786314 -0.430291
v 2.87707 -0.747024 -0.294945
v -0.0458823 1.51403 -0.222395
v 0.0128073 1.55369 -0.356605
v 0.0765882 1.58869 -0.499499
v 1.15767 2.47244 -0.212273
v 0.145028 1.61928 -0.635187
v 1.21608 2.51438 -0.359799
v 0.217766 1.6457 -0.765526
v 1.28147 2.55339 -0.502573
v 0.294458 1.66821 -0.889924
v 1.35412 2.58952 -0.637594
v 0.374851 1.68712 -1.00912
v 0.458773 1.70273 -1.12307
v 1.43391 2.62286 -0.762793
v 0.54612 1.71536 -1.23176
v 1.52065 2.65329 -0.877441
v 0.636833 1.72532 -1.335
v 1.61395 2.68057 -0.980355
v 0.730887 1.73289 -1.4325
v 1.71324 2.7044 -1.07075
v 0.82827 1.73833 -1.52389
v 1.8178 2.72453 -1.14825
v 0.928965 1.74185 -1.60881
v 1.92683 2.74078 -1.21339
v 1.03294 1.74363 -1.68685
v 2.03951 2.75304 -1.267
v -0.907022 0.739834 -0.340455
v 1.14012 1.74384 -1.75765
v 2.15504 2.76129 -1.30982
v -0.848001 0.770166 -0.488982
v 1.25038 1.74257 -1.82087
v 2.27263 2.76556 -1.34241
v -3.45074 -0.563402 -0.2723
v -0.785947 0.795081 -0.630344
v 1.36357 1.7399 -1.87624
v 2.39153 2.76591 -1.36519
v -0.720738 0.815252 -0.765974
v -3.36156 -0.554427 -0.32834
v 2.51102 2.76245 -1.3785
v -0.652287 0.831278 -0.895537
v -3.27074 -0.550923 -0.383414
v 1.47946 1.73589 -1.92355
v 2.63041 2.7553 -1.38256
v -0.580546 0.843717 -1.01895
v -3.17894 -0.551007 -0.431609
v 2.74901 2.7446 -1.37746
v -0.505466 0.853023 -1.13625
v 1.59776 1.73055 -1.9626
v -3.08626 -0.554474 -0.475173
v 2.86616 2.73054 -1.36324
v -0.42701 0.859567 -1.24747
v -2.99299 -0.560037 -0.513144
v 1.71813 1.7239 -1.99324
v -0.345155 0.863658 -1.35265
v 2.98118 2.71331 -1.33981
v -2.89915 -0.567395 -0.545941
v -0.259897 0.865554 -1.45186
v -2.80475 -0.576291 -0.573946
v 1.84017 1.71592 -2.01532
v 3.09338 2.6932 -1.30716
v -2.70993 -0.58638 -0.597315
v -0.171255 0.865471 -1.54514
v 3.20205 2.67052 -1.26535
v 1.96342 1.7066 -2.02868
v -2.61495 -0.597214 -0.616192
v -0.0792677 0.863595 -1.63254
v 3.30648 2.64572 -1.21469
v -2.52018 -0.608353 -0.630891
v 2.08739 1.69595 -2.03314
v 0.0160034 0.860086 -1.71412
v -2.42599 -0.619425 -0.641931
v 3.406 2.61937 -1.15575
v 0.114477 0.855088 -1.78992
v 2.21153 1.68395 -2.02847
v -2.33266 -0.630044 -0.650087
v 0.216053 0.848733 -1.85999
v 3.49997 2.59218 -1.08938
v 2.09164 3.14216 -0.238484
v -2.24046 -0.639847 -0.656485
v 2.33524 1.67064 -2.01438
v 0.320613 0.84115 -1.92434
v 2.18176 3.16612 -0.285976
v -2.14967 -0.648504 -0.662707
v 3.58787 2.565 -1.01671
v 2.45789 1.65604 -1.99051
v 2.27542 3.18567 -0.331367
v 0.428025 0.832462 -1.98302
v -2.06074 -0.655658 -0.670897
v 2.5788 1.64022 -1.95641
v 3.66936 2.53885 -0.93919
v 2.37176 3.20064 -0.366546
v -1.9742 -0.661378 -0.683428
v 2.69728 1.62328 -1.91153
v 0.538142 0.822797 -2.03602
v 3.74436 2.51486 -0.858595
v 2.47001 3.2115 -0.392032
v -1.89046 -0.666592 -0.70199
v 2.81258 1.60536 -1.85519
v 3.8132 2.49426 -0.776911
v 2.56952 3.21843 -0.40805
v -1.80928 -0.672552 -0.727434
v 0.650804 0.812279 -2.08335
v 2.92393 1.58665 -1.78656
v 3.87704 2.4785 -0.695643
v -1.7295 -0.679739 -0.760359
v 2.66974 3.22135 -0.415731
v 0.765839 0.801035 -2.12498
v 3.03051 1.56741 -1.7047
v 3.93912 2.46936 -0.61402
v -1.65019 -0.6876 -0.800483
v 2.77003 3.22052 -0.414451
v 3.13149 1.54797 -1.60845
v 0.883058 0.789192 -2.16086
v -1.57116 -0.695552 -0.846008
v 4.00572 2.46728 -0.52869
v 2.86989 3.21617 -0.404492
v 3.22598 1.52876 -1.49655
v -1.49245 -0.703443 -0.895263
v 2.96879 3.20821 -0.38618
v 1.00226 0.776876 -2.19093
v 4.08105 2.46772 -0.444497
v 3.31304 1.51031 -1.36758
v -1.414 -0.711283 -0.946957
v 3.06628 3.1961 -0.365014
v 3.3917 1.49335 -1.22011
v 4.16399 2.46519 -0.371992
v 1.12322 0.764212 -2.21509
v -1.3357 -0.719118 -1.00014
v 3.46091 1.47876 -1.0528
v 3.16152 3.17835 -0.326716
v 4.25221 2.46214 -0.315529
v 3.51954 1.46769 -0.864642
v -1.25737 -0.727 -1.05411
v 3.25229 3.15398 -0.27115
v 1.24569 0.751323 -2.23323
v 3.56631 1.46164 -0.65527
v 4.34364 2.45756 -0.270722
v -1.17879 -0.734997 -1.10837
v 3.59967 1.46248 -0.426183
v 3.33613 3.12395 -0.187668
v 1.36942 0.738327 -2.24521
v 4.43665 2.45525 -0.230806
v -1.09971 -0.743184 -1.16256
v 1.49412 0.725343 -2.25087
v -1.01978 -0.751633 -1.21647
v -0.938669 -0.760381 -1.27
v -0.85599 -0.769407 -1.32311
v 1.61947 0.712486 -2.25001
v -0.771421 -0.77863 -1.3757
v -0.684705 -0.787939 -1.42757
v -0.595651 -0.797223 -1.47843
v 1.74513 0.699867 -2.2424
v -0.504128 -0.806394 -1.52792
v -0.410044 -0.815391 -1.5757
v 1.87073 0.687599 -2.22779
v -0.313343 -0.824188 -1.62145
v 1.99587 0.675793 -2.20588
v -0.214003 -0.832787 -1.66479
v -0.112046 -0.841211 -1.70536
v 2.12012 0.664561 -2.17635
v -0.00754303 -0.849496 -1.74269
v 2.24302 0.654017 -2.13883
v 0.099376 -0.85768 -1.77629
v 2.36408 0.644279 -2.09292
v 0.208523 -0.865791 -1.80564
v 2.48279 0.63547 -2.0382
v 0.319657 -0.873838 -1.83019
v 2.59859 0.627718 -1.97421
v 0.432501 -0.881803 -1.84949
v 2.7109 0.621155 -1.90052
v 2.81913 0.615922 -1.81666
v 0.54676 -0.889643 -1.86318
v 2.92263 0.612162 -1.72223
v 3.02074 0.610017 -1.61686
v 0.66214 -0.897287 -1.87107
v 0.953207 -2.60425 -0.255959
v 3.11277 0.609626 -1.5003
v 3.19801 0.611115 -1.37243
v 1.0652 -2.59005 -0.262451
v 0.778362 -0.904649 -1.8731
v 3.2757 0.614581 -1.23328
v -0.458221 -1.38328 -0.252015
v 3.34508 0.620078 -1.08315
v 0.895167 -0.911624 -1.86931
v 3.40535 0.627584 -0.922605
v -0.378566 -1.41146 -0.342785
v 3.45568 0.636969 -0.752577
v 1.01231 -0.918103 -1.85969
v 3.49523 0.647936 -0.574441
v -0.297276 -1.43675 -0.428091
v 3.52311 0.659933 -0.390375
v 1.12954 -0.923962 -1.84416
v 1.24661 -0.929066 -1.82256
v -0.214286 -1.45942 -0.513789
v 1.36324 -0.933256 -1.7947
v 1.47914 -0.936348 -1.76048
v -0.129349 -1.4792 -0.601482
v 1.68874 -2.59489 -0.197725
v 1.59398 -0.938128 -1.7199
v 1.78678 -2.61176 -0.207711
v 1.70745 -0.938358 -1.67302
v -0.0420251 -1.49579 -0.692986
v 1.87982 -2.61555 -0.207324
v 1.81922 -0.936783 -1.61989
v 1.97015 -2.61413 -0.21854
v 0.0483574 -1.5093 -0.787622
v 2.05939 -2.61947 -0.244127
v 1.92895 -0.933148 -1.5605
v 2.15414 -2.62516 -0.276525
v 2.03628 -0.927213 -1.49475
v 0.142802 -1.52046 -0.884572
v 2.25033 -2.61785 -0.296893
v 2.14084 -0.918762 -1.42251
v 2.24224 -0.907613 -1.3436
v 2.34257 -2.60704 -0.306042
v 0.242369 -1.52997 -0.979055
v 2.43389 -2.59701 -0.307496
v 2.34004 -0.893624 -1.25789
v 2.52558 -2.58841 -0.305889
v 2.43381 -0.876689 -1.16526
v 0.34706 -1.53796 -1.05299
v 2.61835 -2.58075 -0.302135
v 2.52306 -0.856743 -1.06567
v 2.71268 -2.57566 -0.293238
v 2.60732 -0.833752 -0.959162
v 2.80904 -2.5722 -0.275971
v 2.68609 -0.807708 -0.845828
v 2.90538 -2.57487 -0.249222
v 0.455034 -1.54429 -1.08986
v 2.75887 -0.778624 -0.725686
v 2.99538 -2.5914 -0.202974
v 2.82516 -0.74652 -0.599004
v 2.88445 -0.711396 -0.466463
v 0.563325 -1.54894 -1.08869
v 2.93616 -0.67319 -0.33015
v 2.97978 -0.632036 -0.193786
v 0.669436 -1.55201 -1.05905
v 0.772419 -1.5535 -1.0184
v 0.872831 -1.55327 -0.984984
v 0.971986 -1.55103 -0.967384
v 1.07124 -1.54656 -0.96461
v 1.1716 -1.54004 -0.96858
v 1.2734 -1.53215 -0.954696
v 1.37561 -1.52356 -0.899301
v 1.47586 -1.51411 -0.805192
v 1.57202 -1.50292 -0.698108
v 1.66397 -1.48913 -0.602453
v 1.75317 -1.47234 -0.522812
v 1.84068 -1.45187 -0.448378
v 0.0766337 1.61454 -0.287017
v 0.139364 1.65173 -0.425506
v 1.92591 -1.42679 -0.358215
v 0.206764 1.68444 -0.561405
v -0.843636 0.802902 -0.270186
v 0.278309 1.71285 -0.691191
v 2.00778 -1.39797 -0.278132
v -0.786402 0.837087 -0.417907
v 0.353663 1.73728 -0.816799
v -0.726009 0.86568 -0.561128
v 2.08626 -1.36538 -0.20046
v 0.432605 1.75806 -0.937678
v -3.21857 -0.483077 -0.251477
v -0.662228 0.889134 -0.699751
v -3.12932 -0.474445 -0.314098
v 0.515005 1.77552 -1.05405
v -0.595055 0.908204 -0.832792
v -3.03908 -0.469335 -0.370685
v 0.6008 1.78998 -1.16564
v -0.524451 0.923466 -0.959917
v -2.94798 -0.467563 -0.421942
v -0.450368 0.935371 -1.08103
v 0.689981 1.80176 -1.27208
v -2.85595 -0.469153 -0.469509
v -0.372777 0.944296 -1.19608
v 0.782569 1.81113 -1.37293
v -2.76313 -0.473615 -0.513284
v -0.291666 0.95056 -1.30505
v -2.66975 -0.480468 -0.552977
v 0.878591 1.81835 -1.46773
v -0.207044 0.954432 -1.40793
v -2.57617 -0.488969 -0.588604
v 0.978063 1.82362 -1.55598
v -0.118943 0.956141 -1.50474
v -2.48275 -0.498773 -0.620623
v 1.08097 1.82712 -1.63717
v -0.0274165 0.95588 -1.5955
v 1.18725 1.82897 -1.71085
v -2.38983 -0.50935 -0.649508
v 0.0674626 0.953819 -1.68024
v 1.29678 1.82926 -1.77666
v -2.29772 -0.520196 -0.675938
v 0.1656 0.950112 -1.759
v 1.4094 1.82805 -1.83429
v -2.20669 -0.530837 -0.7008
v 0.266886 0.944905 -1.83182
v -2.11718 -0.540805 -0.725265
v 0.371194 0.938338 -1.89873
v 1.52484 1.82534 -1.88352
v -2.02974 -0.549811 -0.750725
v -1.9448 -0.557989 -0.778492
v 0.478385 0.930549 -1.95976
v -1.86239 -0.565847 -0.809484
v 1.64281 1.82116 -1.92418
v 0.58831 0.921677 -2.01493
v -1.78197 -0.573872 -0.844255
v -1.70272 -0.582146 -0.883079
v 1.76294 1.81546 -1.95612
v 0.700807 0.91186 -2.06424
v -1.62409 -0.590455 -0.925748
v 0.815704 0.901234 -2.10766
v -1.54583 -0.59863 -0.971556
v 1.88479 1.80824 -1.97924
v -1.4678 -0.606643 -1.01969
v 0.932813 0.889932 -2.14516
v -1.38987 -0.614539 -1.06941
v 2.00788 1.79945 -1.99339
v 1.05193 0.878086 -2.17665
v -1.31184 -0.622388 -1.12016
v 1.17283 0.865823 -2.20204
v 2.13168 1.78909 -1.99842
v -1.23351 -0.630272 -1.17146
v 1.29528 0.853265 -2.22123
v -1.15463 -0.638271 -1.22298
v 1.41899 0.840529 -2.23406
v 2.25561 1.77713 -1.99412
v -1.07492 -0.646463 -1.27447
v 2.37904 1.76359 -1.98024
v -0.994071 -0.654903 -1.32576
v 1.54368 0.827729 -2.24036
v 2.50133 1.74851 -1.95642
v -0.911761 -0.663608 -1.37672
v -0.827687 -0.67255 -1.42724
v 2.62177 1.73194 -1.92224
v -0.741584 -0.681666 -1.47718
v 1.66902 0.814973 -2.23993
v 2.73964 1.71399 -1.87715
v -0.653243 -0.690877 -1.5263
v 2.85418 1.69481 -1.82048
v -0.562504 -0.700105 -1.57434
v 2.9646 1.67461 -1.7514
v -0.469257 -0.709292 -1.62099
v 1.79466 0.802368 -2.23253
v 3.07009 1.65368 -1.6689
v 2.33447 3.20912 -0.198457
v -0.373428 -0.7184 -1.6659
v 3.16978 1.63237 -1.57179
v 2.42788 3.22272 -0.233636
v 3.2628 1.61119 -1.45868
v 2.52262 3.23287 -0.247848
v 1.92022 0.790021 -2.2179
v -0.274982 -0.727414 -1.70873
v 3.34822 1.59079 -1.328
v 2.61884 3.2385 -0.260569
v 3.42507 1.57202 -1.17808
v 2.04527 0.778035 -2.19574
v 2.71536 3.23998 -0.264036
v -0.173924 -0.736338 -1.74913
v 3.4923 1.556 -1.00728
v 3.54878 1.54422 -0.814251
v 2.81176 3.23766 -0.259333
v 2.16938 0.766519 -2.16568
v -0.0703033 -0.745193 -1.78668
v 2.9076 3.2318 -0.243894
v 3.59323 1.53869 -0.598259
v 0.856815 -2.44907 -0.238871
v 3.00193 3.22206 -0.220664
v 2.29205 0.755583 -2.12736
v 3.62417 1.54203 -0.359273
v 0.0357839 -0.754 -1.82098
v 0.971458 -2.43262 -0.202328
v 3.09489 3.20818 -0.199855
v 2.41279 0.745346 -2.08034
v 0.14419 -0.76278 -1.85157
v 2.53104 0.735931 -2.02416
v 0.254721 -0.771541 -1.87799
v 2.64624 0.727472 -1.95835
v 0.367144 -0.780272 -1.89982
v 2.75778 0.72011 -1.88241
v 0.481201 -0.788939 -1.91668
v 2.86503 0.713997 -1.79586
v 2.96732 0.709292 -1.69823
v 0.596623 -0.797486 -1.92827
v 3.06395 0.706157 -1.58914
v 3.15421 0.704752 -1.46829
v 3.23734 0.705225 -1.33555
v 0.713141 -0.805838 -1.93443
v 3.31253 0.707693 -1.19096
v 0.830493 -0.813902 -1.93504
v 3.37897 0.712221 -1.03478
v 3.43579 0.718786 -0.867481
v 3.48209 0.727222 -0.68965
v 0.948424 -0.821571 -1.93004
v 3.51692 0.737138 -0.501711
v 3.53928 0.747756 -0.30299
v 1.06668 -0.828727 -1.91933
v 1.18501 -0.835236 -1.90279
v 1.30313 -0.840948 -1.88028
v 1.42077 -0.845691 -1.85165
v 2.17068 -2.42967 -0.201266
v 1.53762 -0.849273 -1.81681
v 1.65335 -0.851477 -1.77572
v 0.903309 -2.5282 -0.243623
v 1.01585 -2.51205 -0.230673
v 1.76765 -0.852074 -1.72835
v 1.88017 -0.850828 -1.67465
v 1.99056 -0.84751 -1.61451
v 2.09845 -0.841906 -1.54781
v 2.20344 -0.833828 -1.47435
v 2.30512 -0.823117 -1.39399
v 2.40306 -0.809649 -1.30656
v 2.49679 -0.793334 -1.21196
v 2.58583 -0.774111 -1.11016
v 2.6697 -0.751949 -1.00116
v 2.74789 -0.726835 -0.885003
v 2.81989 -0.69877 -0.761892
v 2.88518 -0.667752 -0.632256
v 2.94322 -0.633766 -0.496842
v 2.11234 -2.52148 -0.257401
v 2.99349 -0.596827 -0.35669
v 2.21266 -2.51085 -0.272112
v 3.03553 -0.556958 -0.216398
v 2.30339 -2.50465 -0.250758
v 2.39358 -2.50128 -0.219809
v -0.724158 0.902387 -0.345771
v -0.665283 0.93428 -0.491041
v -0.602916 0.9609 -0.632538
v -0.537053 0.983005 -0.768578
v -0.467619 1.00109 -0.899026
v -0.394568 1.01562 -1.02359
v -2.98586 -0.406614 -0.229952
v -0.317882 1.02696 -1.1422
v -2.89743 -0.395358 -0.293603
v -0.237561 1.03545 -1.25472
v -2.80802 -0.388001 -0.354227
v -0.153628 1.04136 -1.36108
v -2.71735 -0.385766 -0.414151
v -0.0661262 1.04493 -1.46126
v -2.62622 -0.386152 -0.468762
v 0.0248775 1.04635 -1.55524
v -2.5347 -0.389612 -0.520817
v 0.119296 1.04581 -1.64305
v -2.44326 -0.395416 -0.569938
v 0.141755 1.67295 -0.210679
v 0.217022 1.04346 -1.7247
v 0.203487 1.71233 -0.349206
v -2.35225 -0.402852 -0.616505
v 0.317937 1.03948 -1.80023
v 0.269678 1.74705 -0.481978
v -2.2618 -0.411504 -0.660989
v 0.421905 1.034 -1.86969
v 0.339834 1.77747 -0.613002
v -2.17223 -0.420808 -0.703714
v 0.528787 1.02718 -1.9331
v 0.413637 1.8039 -0.739473
v -2.08413 -0.43027 -0.745318
v 0.63843 1.01918 -1.99048
v 0.490918 1.82664 -0.862559
v -1.99806 -0.439595 -0.786622
v 0.750676 1.01014 -2.04182
v 0.571591 1.84606 -0.981714
v -1.9143 -0.448743 -0.828401
v 0.655649 1.86248 -1.0965
v 0.865351 1.00021 -2.0871
v -1.83271 -0.457829 -0.871254
v 0.743137 1.87622 -1.20638
v 0.982272 0.989527 -2.12628
v -1.75281 -0.466945 -0.91558
v 1.10123 0.978226 -2.15926
v 0.834128 1.88754 -1.31084
v -1.67405 -0.476041 -0.961558
v -1.59598 -0.484999 -1.00912
v 0.928695 1.89669 -1.40925
v 1.22201 0.966435 -2.18596
v -1.51832 -0.493741 -1.05801
v 1.02688 1.90386 -1.50098
v -1.44082 -0.502268 -1.1079
v 1.34436 0.954274 -2.20624
v -1.36325 -0.510628 -1.15846
v 1.12869 1.90921 -1.58541
v 1.468 0.941855 -2.21996
v -1.28537 -0.518899 -1.2094
v 1.23407 1.91284 -1.66203
v -1.20692 -0.527171 -1.26047
v 1.34288 1.91481 -1.73041
v -1.12764 -0.535532 -1.31148
v 1.59263 0.929285 -2.22694
v -1.04726 -0.544053 -1.36227
v -0.965491 -0.552781 -1.4127
v 1.45494 1.91515 -1.79025
v -0.882049 -0.561727 -1.46267
v 1.71792 0.916667 -2.22697
v -0.796684 -0.570867 -1.51203
v 1.56998 1.91384 -1.84134
v -0.709176 -0.58016 -1.56062
v -0.619352 -0.58955 -1.60823
v 1.8435 0.9041 -2.21981
v 1.68766 1.91086 -1.88353
v -0.527079 -0.59899 -1.6546
v -0.432267 -0.608441 -1.69943
v 1.80757 1.90618 -1.91671
v 1.96896 0.891682 -2.20517
v -0.334862 -0.617882 -1.74242
v 1.92926 1.89973 -1.9408
v -0.234852 -0.627308 -1.78323
v 2.09388 0.879513 -2.18274
v -0.132263 -0.636725 -1.8215
v 2.05221 1.89149 -1.95568
v 2.21778 0.867694 -2.15215
v -0.0271644 -0.646144 -1.85687
v 2.17585 1.88141 -1.96125
v 2.34017 0.856335 -2.11299
v 0.08033 -0.655579 -1.88893
v 2.46051 0.845552 -2.06481
v 2.29957 1.86948 -1.95732
v 0.190064 -0.665035 -1.9173
v 2.57824 0.835473 -2.00711
v 2.42273 1.85569 -1.94367
v 0.301844 -0.674503 -1.94157
v 2.69275 0.826238 -1.93937
v 2.54464 1.84009 -1.91999
v 0.415447 -0.683958 -1.96139
v 2.80341 0.817998 -1.86106
v 2.66459 1.82275 -1.88586
v 2.90956 0.810921 -1.77162
v 2.78184 1.80375 -1.84077
v 0.530631 -0.693353 -1.97645
v 3.01051 0.805183 -1.67055
v 2.89561 1.78329 -1.78405
v 3.10552 0.800971 -1.5574
v 3.00512 1.76157 -1.71489
v 0.647146 -0.702626 -1.98648
v 3.19381 0.79847 -1.43181
v 3.10953 1.73891 -1.63226
v 3.2746 0.797854 -1.29359
v 3.20801 1.71574 -1.53493
v 3.29966 1.69261 -1.42141
v 3.34702 0.799264 -1.14268
v 0.764735 -0.711693 -1.9913
v 3.38359 1.67029 -1.28999
v 3.41018 0.802779 -0.979203
v 3.46313 0.808363 -0.80343
v 3.45884 1.64979 -1.13876
v 0.883147 -0.720457 -1.99078
v 3.50485 0.815784 -0.615807
v 3.52442 1.6325 -0.965789
v 3.53419 0.824451 -0.417554
v 3.57924 1.62028 -0.769448
v 3.54975 0.833026 -0.21862
v 1.00213 -0.728805 -1.98477
v 3.62206 1.61574 -0.549006
v 3.65144 1.62245 -0.307556
v 1.12141 -0.736611 -1.97317
v 1.24074 -0.743733 -1.95582
v 1.35983 -0.750011 -1.93257
v 1.47838 -0.755266 -1.9033
v 1.59609 -0.759303 -1.86788
v 0.637798 -2.0433 -0.231454
v 1.71263 -0.761912 -1.82624
v 1.82766 -0.762876 -1.77827
v 1.94083 -0.761978 -1.72386
v 2.05178 -0.759012 -1.66284
v 2.16011 -0.753787 -1.59504
v 0.812321 -2.36833 -0.234939
v 2.26542 -0.746137 -1.52028
v 2.36727 -0.735923 -1.43836
v 2.46522 -0.723036 -1.34914
v 2.5588 -0.707395 -1.25252
v 2.64751 -0.688944 -1.14844
v 2.73086 -0.667651 -1.0369
v 2.80834 -0.643498 -0.917995
v 2.87942 -0.616476 -0.791989
v 2.94358 -0.586577 -0.65927
v 3.00027 -0.553803 -0.520394
v 3.04901 -0.518166 -0.376447
v 1.64542 -2.05129 -0.237319
v 3.08927 -0.479672 -0.229702
v 2.01962 -2.372 -0.208073
v -0.747838 -1.2358 -0.313812
v -0.67097 -1.26479 -0.414396
v -0.591978 -1.29093 -0.503682
v -0.510949 -1.31422 -0.58733
v -0.427938 -1.33491 -0.667714
v -0.342928 -1.35324 -0.746577
v -0.255772 -1.36935 -0.823761
v -0.603961 -1.31181 -0.296299
v -0.166205 -1.38329 -0.900149
v -0.525548 -1.34067 -0.382561
v -0.0738672 -1.39512 -0.975767
v -0.445115 -1.36638 -0.466011
v -0.362842 -1.38922 -0.550168
v 0.0216491 -1.40506 -1.05003
v -0.278704 -1.4095 -0.632169
v 0.120696 -1.41349 -1.12139
v -0.192502 -1.42727 -0.714306
v 0.22336 -1.4208 -1.18635
v -0.103882 -1.44245 -0.797189
v 0.329213 -1.42723 -1.23866
v -0.0123466 -1.45506 -0.880928
v 0.437229 -1.43285 -1.27199
v 0.0827187 -1.46549 -0.964546
v 0.181891 -1.47429 -1.04563
v 0.54605 -1.43764 -1.28426
v 0.285274 -1.48187 -1.11673
v 0.654458 -1.44146 -1.27874
v 0.392014 -1.48834 -1.16621
v 0.761768 -1.44414 -1.26255
v 0.500359 -1.49367 -1.18728
v 0.86793 -1.44547 -1.24352
v 0.973336 -1.44528 -1.22648
v 0.60836 -1.49782 -1.18214
v -2.66583 -0.317994 -0.280495
v 1.07852 -1.44355 -1.21139
v 0.714695 -1.50068 -1.15978
v -2.57752 -0.309138 -0.349374
v 1.18382 -1.44041 -1.19285
v -2.48856 -0.304997 -0.417184
v 0.819055 -1.50207 -1.1327
v 1.28916 -1.43614 -1.16159
v -2.39988 -0.303592 -0.481445
v 1.39393 -1.43091 -1.111
v 0.921964 -1.50176 -1.11087
v 1.02432 -1.49958 -1.09741
v -2.31127 -0.305262 -0.545417
v 1.49713 -1.4246 -1.04316
v -2.2227 -0.309347 -0.607604
v 1.59791 -1.41677 -0.966959
v 1.12695 -1.49558 -1.08875
v -2.13473 -0.315262 -0.667477
v 1.69591 -1.40679 -0.890378
v 1.23024 -1.49012 -1.07298
v -2.0481 -0.322466 -0.72545
v 1.79125 -1.39404 -0.814787
v 1.33383 -1.48366 -1.03412
v -1.96334 -0.330536 -0.782035
v 1.88404 -1.37796 -0.735327
v 1.43647 -1.47636 -0.966612
v -1.88064 -0.339154 -0.837674
v 1.97414 -1.3582 -0.653051
v 1.53663 -1.46785 -0.880756
v -1.79987 -0.348162 -0.892731
v 2.06118 -1.33468 -0.56824
v 1.63347 -1.45743 -0.793007
v 2.14473 -1.3074 -0.478276
v -1.72065 -0.35743 -0.947453
v 1.72719 -1.44438 -0.712319
v 2.22425 -1.27621 -0.384374
v 2.29904 -1.24107 -0.28729
v 1.81845 -1.42807 -0.635665
v -1.64254 -0.366793 -1.00197
v 2.36864 -1.20242 -0.180097
v 1.90736 -1.40789 -0.551467
v -1.56516 -0.376089 -1.05632
v 1.99346 -1.38374 -0.467774
v -1.48813 -0.385219 -1.11049
v 2.07627 -1.35582 -0.382601
v 2.15539 -1.32422 -0.288589
v -1.41115 -0.394156 -1.16445
v 2.23013 -1.28836 -0.195791
v -1.3339 -0.402937 -1.21812
v -1.2561 -0.411634 -1.27144
v -1.17749 -0.420332 -1.32433
v -1.0978 -0.429111 -1.3767
v -1.01677 -0.438034 -1.42848
v -0.934132 -0.447136 -1.47958
v -0.849658 -0.456426 -1.52992
v -0.763129 -0.465887 -1.57936
v -0.674361 -0.475491 -1.62777
v -0.583208 -0.485204 -1.67493
v -0.489562 -0.494995 -1.72061
v -0.393353 -0.504844 -1.76456
v -0.294547 -0.514739 -1.80648
v -0.193149 -0.524679 -1.84606
v -0.0892054 -0.534669 -1.88297
v -4.55986 -1.1058 -0.209558
v -4.45563 -1.10799 -0.241289
v -4.2833 -1.09795 -0.295224
v -4.18688 -1.11741 -0.33611
v -4.08981 -1.12558 -0.34769
v -3.9936 -1.1297 -0.346649
v -3.8981 -1.13251 -0.337222
v -3.80324 -1.13403 -0.320816
v -3.70891 -1.13445 -0.296635
v -3.61553 -1.13131 -0.270291
v -3.52316 -1.12462 -0.244447
v -0.961407 -1.12923 -0.243347
v -0.88688 -1.15716 -0.313401
v -0.812847 -1.18519 -0.431492
v -0.736253 -1.21111 -0.529884
v -0.65713 -1.23429 -0.619247
v -0.5758 -1.25514 -0.702344
v -0.492355 -1.2738 -0.780818
v -0.406783 -1.29043 -0.856121
v 0.770249 -2.28584 -0.233587
v -0.318988 -1.30513 -0.929234
v -0.228781 -1.31802 -1.00041
v -0.13591 -1.32917 -1.06985
v -0.0400953 -1.33874 -1.13718
v 0.0588949 -1.34698 -1.20144
v 0.161126 -1.35419 -1.26069
v 0.483007 -1.98189 -0.275675
v 0.266359 -1.36063 -1.31163
v 0.598439 -1.96184 -0.25612
v 0.373976 -1.36645 -1.35009
v 0.48306 -1.37167 -1.37305
v 0.682029 -2.12392 -0.229104
v 0.592639 -1.37619 -1.3805
v 0.701961 -1.37988 -1.37562
v 0.72673 -2.20441 -0.231527
v 0.810663 -1.38256 -1.36329
v 1.87457 -2.29813 -0.206269
v 1.9842 -2.27845 -0.205958
v 0.918753 -1.38405 -1.34791
v 1.02645 -1.38427 -1.33124
v 1.13398 -1.38323 -1.31157
v 1.24134 -1.38106 -1.28414
v 1.34822 -1.37786 -1.24394
v 1.50424 -1.97378 -0.222496
v 1.45402 -1.37359 -1.18975
v 1.60834 -1.9616 -0.226405
v 1.55805 -1.36799 -1.12522
v 1.68858 -2.13522 -0.222211
v 1.65981 -1.3606 -1.05569
v 1.79791 -2.11559 -0.218297
v 1.75908 -1.35087 -0.98394
v 1.85579 -1.33828 -0.908871
v 1.94984 -1.32241 -0.829983
v 2.04096 -1.30301 -0.747433
v 2.1288 -1.27996 -0.66025
v 1.83599 -2.20763 -0.229884
v 2.21287 -1.25315 -0.568303
v 2.29264 -1.22254 -0.471347
v 2.36754 -1.18823 -0.368464
v 2.43703 -1.15024 -0.263505
v -4.52105 -0.998676 -0.267378
v -4.416 -1.00173 -0.308426
v -4.32596 -0.99698 -0.341905
v -4.24025 -1.00235 -0.381429
v -4.14576 -1.01431 -0.41305
v -4.04918 -1.02414 -0.43134
v -3.95266 -1.03233 -0.439829
v -3.85657 -1.03975 -0.440732
v -3.76091 -1.04658 -0.434989
v -3.66574 -1.0521 -0.423476
v -3.57113 -1.05551 -0.407389
v -3.4769 -1.05761 -0.385833
v -3.38313 -1.05813 -0.359563
v -3.28986 -1.05725 -0.328598
v -3.1975 -1.05314 -0.295575
v -3.1057 -1.04719 -0.259942
v -3.01432 -1.03978 -0.218943
v -1.10594 -1.06265 -0.292206
v -1.02838 -1.08658 -0.384101
v -0.952002 -1.10839 -0.468715
v -0.876371 -1.12989 -0.548492
v -0.799668 -1.15109 -0.643176
v -0.72072 -1.17102 -0.730697
v -0.639424 -1.18933 -0.811729
v -0.555858 -1.20598 -0.887927
v -0.470041 -1.22102 -0.960313
v -0.381915 -1.23449 -1.02972
v -0.291359 -1.24648 -1.09665
v -0.198199 -1.25705 -1.16122
v -0.102244 -1.26632 -1.22327
v -0.00333778 -1.27448 -1.2822
v 0.0985664 -1.28174 -1.33683
v 0.526218 -2.05899 -0.215094
v 0.203326 -1.28831 -1.38529
v 0.310548 -1.29436 -1.42506
v 0.0172007 -0.544716 -1.91688
v 0.419613 -1.29995 -1.45367
v 0.125945 -0.554821 -1.94742
v 0.529784 -1.30506 -1.46992
v 0.236867 -0.564977 -1.97425
v 0.640381 -1.30958 -1.47455
v 0.349778 -0.575163 -1.99702
v 0.750923 -1.31336 -1.47002
v 0.861186 -1.31625 -1.45933
v 0.464462 -0.585343 -2.01543
v 0.971146 -1.31813 -1.4446
v 1.08086 -1.31895 -1.42597
v 0.580689 -0.59546 -2.0292
v 1.19031 -1.31872 -1.40145
v 1.29932 -1.31747 -1.36801
v 0.69822 -0.605444 -2.03809
v 1.40749 -1.31515 -1.32375
v 1.51434 -1.3116 -1.26949
v 0.816809 -0.615207 -2.04192
v 1.61936 -1.30649 -1.20807
v 0.936205 -0.624644 -2.04052
v 1.72222 -1.2994 -1.14197
v 1.65061 2.90639 -0.294296
v 1.05615 -0.633638 -2.03373
v 1.82269 -1.28984 -1.07176
v 1.72622 2.94606 -0.395605
v 1.92058 -1.27739 -0.99718
v 1.17639 -0.642054 -2.02141
v 1.80995 2.98132 -0.486685
v 2.01568 -1.26173 -0.918142
v 1.90041 3.01197 -0.566919
v 2.10765 -1.24264 -0.834252
v 1.29663 -0.649746 -2.00339
v 1.99644 3.03796 -0.636075
v 2.19609 -1.21999 -0.745208
v 2.28052 -1.19368 -0.650724
v 2.09688 3.05945 -0.694525
v 1.41659 -0.656547 -1.97954
v 2.36042 -1.16372 -0.550629
v 2.20076 3.07655 -0.742628
v 2.43523 -1.13013 -0.446169
v 1.53598 -0.662278 -1.94969
v 2.30725 3.08941 -0.780722
v 2.50434 -1.09297 -0.337593
v 2.56753 -1.05251 -0.222384
v 2.41559 3.09816 -0.809405
v 1.65446 -0.666747 -1.91371
v 2.5251 3.10299 -0.828843
v 2.63518 3.10406 -0.839283
v 1.77171 -0.669752 -1.87147
v 2.74527 3.10154 -0.840927
v 1.88738 -0.671092 -1.82282
v 2.85481 3.09554 -0.833884
v 2.0011 -0.670566 -1.76758
v 2.96325 3.08608 -0.818006
v 0.432355 -1.91184 -0.360443
v 2.1125 -0.667988 -1.70558
v 3.06994 3.07307 -0.791896
v 0.550296 -1.89462 -0.355485
v 2.22116 -0.663188 -1.63659
v 3.17404 3.05637 -0.753241
v 2.32667 -0.656019 -1.56042
v 3.27446 3.03589 -0.700595
v 2.42858 -0.646356 -1.47687
v 3.36992 3.01168 -0.634058
v 2.52643 -0.634102 -1.3858
v 3.45908 2.98393 -0.554216
v 2.61974 -0.619182 -1.28708
v -2.06958 -0.0812882 -0.268463
v 3.54074 2.9529 -0.461809
v 2.70801 -0.601544 -1.18065
v -1.98872 -0.06486 -0.371726
v 3.61371 2.91866 -0.355255
v 2.79072 -0.581154 -1.06655
v -1.90834 -0.0543192 -0.475095
v 3.67731 2.88096 -0.231997
v 2.86736 -0.557991 -0.94489
v -1.82939 -0.0475928 -0.57498
v 1.52107 2.80482 -0.231562
v 2.93739 -0.532043 -0.815897
v -1.75191 -0.0451001 -0.674367
v 3.00028 -0.503308 -0.679925
v 1.58748 2.84751 -0.361455
v -1.67594 -0.045739 -0.770429
v 3.05551 -0.471791 -0.537457
v 1.66341 2.88719 -0.480354
v -1.60121 -0.0486248 -0.862378
v 3.10257 -0.437509 -0.388789
v 1.74782 2.92271 -0.57871
v 1.46483 -1.88709 -0.244746
v 3.14095 -0.400477 -0.233536
v 1.83923 2.95375 -0.664172
v -1.52724 -0.0530778 -0.949863
v 1.93644 2.98019 -0.737902
v -1.45345 -0.0585815 -1.03303
v 2.03836 3.00208 -0.800436
v 2.144 3.01953 -0.852394
v -1.37929 -0.0648421 -1.11225
v 2.25247 3.03267 -0.894198
v 2.363 3.04166 -0.926283
v -1.30436 -0.0717149 -1.18791
v 2.47488 3.04666 -0.949021
v 2.58747 3.04784 -0.962653
v -4.46773 -0.902335 -0.221146
v 2.70016 3.04536 -0.967379
v -1.22834 -0.0791267 -1.26034
v -4.37683 -0.894949 -0.28103
v 2.8124 3.03938 -0.963276
v -4.28766 -0.892358 -0.332274
v -1.151 -0.0870304 -1.32983
v 2.92358 3.02999 -0.950167
v -4.19692 -0.896272 -0.379525
v 3.03309 3.01725 -0.927246
v -1.07215 -0.0953856 -1.39661
v -4.10278 -0.904102 -0.418695
v 3.14018 3.00119 -0.893124
v -4.00741 -0.912592 -0.448288
v 3.24395 2.98187 -0.846669
v -0.991593 -0.104155 -1.46088
v 3.34337 2.95945 -0.787568
v -3.9119 -0.921188 -0.46978
v 3.43733 2.93423 -0.716012
v -0.909144 -0.113302 -1.52279
v -3.81648 -0.930184 -0.484452
v 3.52477 2.90661 -0.632231
v -3.72118 -0.939463 -0.492888
v -0.824628 -0.122794 -1.58245
v -3.626 -0.948337 -0.495485
v 3.60473 2.87693 -0.535377
v -0.737886 -0.132598 -1.6399
v 3.67647 2.84529 -0.424508
v -3.53089 -0.956513 -0.492557
v -3.43582 -0.963995 -0.484187
v 3.73907 2.81109 -0.297586
v -0.648778 -0.142685 -1.69515
v -3.34095 -0.970573 -0.470646
v -3.24648 -0.975759 -0.452391
v -0.557192 -0.15303 -1.74815
v -3.15249 -0.979501 -0.429755
v -3.05891 -0.982148 -0.402585
v -0.463045 -0.163614 -1.7988
v -2.96568 -0.983761 -0.370853
v -2.87299 -0.982783 -0.337666
v -0.366285 -0.174421 -1.84699
v -2.78044 -0.979577 -0.304359
v -2.68798 -0.973266 -0.271246
v -0.266893 -0.185442 -1.89256
v -2.59586 -0.965205 -0.224001
v -0.164884 -0.196667 -1.93531
v -0.0603049 -0.208088 -1.97503
v 0.0467651 -0.219696 -2.01151
v 0.156216 -0.231472 -2.04451
v -2.43616 -0.239105 -0.279377
v 0.267911 -0.243391 -2.0738
v -1.33031 -0.973066 -0.264393
v -2.35093 -0.227827 -0.359734
v -1.25061 -0.994978 -0.355964
v 0.381688 -0.255417 -2.09914
v -1.17182 -1.01523 -0.44401
v -2.26498 -0.220969 -0.442084
v -1.09373 -1.03411 -0.526097
v -2.1784 -0.218148 -0.520602
v -1.01635 -1.05149 -0.607126
v 0.497364 -0.2675 -2.1203
v -0.939372 -1.06821 -0.683945
v -2.0923 -0.218633 -0.59645
v -0.861909 -1.08487 -0.75994
v -0.782894 -1.10126 -0.839657
v -2.00733 -0.221863 -0.670171
v 0.614738 -0.279577 -2.13707
v -0.701737 -1.11692 -0.916396
v -1.92406 -0.226992 -0.741847
v -0.61828 -1.13156 -0.989168
v -0.532486 -1.14508 -1.05835
v -1.84265 -0.233518 -0.81158
v -0.444312 -1.15744 -1.12438
v -1.763 -0.241116 -0.879496
v -0.353675 -1.16864 -1.18763
v -0.260458 -1.17873 -1.24827
v -1.68481 -0.249484 -0.945637
v -0.164535 -1.18779 -1.30619
v -0.0657994 -1.19594 -1.36102
v -1.60768 -0.258289 -1.01003
v 0.0357805 -1.20334 -1.41202
v -1.5312 -0.267263 -1.07277
v 0.140111 -1.21014 -1.45805
v 0.246933 -1.2165 -1.49755
v -1.45495 -0.276237 -1.13399
v 0.355815 -1.22251 -1.52879
v -1.37855 -0.285147 -1.19384
v 0.466208 -1.22816 -1.55045
v -1.30165 -0.294006 -1.25246
v 0.577542 -1.23341 -1.56218
v -1.22396 -0.302866 -1.30991
v 0.68933 -1.23814 -1.56479
v -1.1452 -0.311795 -1.36626
v 0.801235 -1.24222 -1.55993
v 0.913072 -1.24553 -1.54924
v -1.06513 -0.320852 -1.42152
v 1.02476 -1.24797 -1.5335
v -0.983504 -0.330077 -1.47567
v 1.13621 -1.24949 -1.51224
v -0.900108 -0.339492 -1.52871
v 1.24727 -1.25005 -1.48393
v -0.814728 -0.349096 -1.58056
v 1.35768 -1.2496 -1.44709
v -0.72718 -0.358878 -1.63114
v 1.46705 -1.24799 -1.40139
v -0.637308 -0.368814 -1.68033
v 1.57496 -1.24498 -1.34794
v -0.54499 -0.378884 -1.72795
v 1.68104 -1.24024 -1.28838
v -0.450139 -0.389068 -1.7738
v 1.78499 -1.23336 -1.22367
v -0.352703 -0.399355 -1.81765
v 1.88654 -1.22395 -1.154
v 1.98544 -1.21167 -1.07932
v -0.252667 -0.409739 -1.85925
v 2.08139 -1.19624 -0.999404
v 2.17402 -1.17747 -0.914013
v -0.150052 -0.42022 -1.89831
v 2.2629 -1.15524 -0.822902
v -0.0449173 -0.4308 -1.93453
v 2.34755 -1.12948 -0.725965
v 2.42744 -1.10019 -0.623612
v 0.0626414 -0.441476 -1.96762
v 2.50205 -1.06739 -0.515711
v 0.172494 -0.452243 -1.99725
v 2.57092 -1.03117 -0.402358
v 0.28448 -0.463081 -2.02312
v 2.63361 -0.991625 -0.283716
v 0.398412 -0.473961 -2.04494
v 0.514083 -0.484834 -2.06242
v 0.631271 -0.495639 -2.07533
v 0.749741 -0.506297 -2.08343
v 0.869253 -0.516713 -2.08655
v 0.989556 -0.526779 -2.0845
v 1.11039 -0.536371 -2.07712
v 1.23149 -0.545351 -2.06423
v 1.35256 -0.553567 -2.04568
v 1.47332 -0.560853 -2.02129
v 1.59345 -0.567031 -1.99091
v 1.71262 -0.571915 -1.95436
v 1.7167 2.96013 -0.206208
v 1.83049 -0.575315 -1.91148
v 1.79147 2.99905 -0.300681
v 0.373999 -1.84315 -0.446347
v 1.9467 -0.577042 -1.86207
v 1.87399 3.03372 -0.385682
v 1.96322 3.06354 -0.461889
v 2.06088 -0.576914 -1.80593
v 0.497531 -1.83449 -0.498618
v 2.05764 3.0889 -0.526587
v 2.17262 -0.574761 -1.74284
v 2.15617 3.10984 -0.580976
v 2.28151 -0.57043 -1.67258
v 2.2579 3.12645 -0.624523
v 2.362 3.13883 -0.65893
v 2.38711 -0.563788 -1.59492
v -4.23805 -0.807235 -0.246302
v 2.46775 3.14717 -0.683794
v 2.48897 -0.554724 -1.50967
v -4.14786 -0.803265 -0.306497
v 2.5745 3.15164 -0.699581
v 2.58661 -0.543146 -1.41666
v -4.05573 -0.804108 -0.358046
v 2.68168 3.15241 -0.706449
v 2.67953 -0.528988 -1.31577
v 0.318669 -1.77171 -0.505151
v 2.78876 3.14962 -0.704633
v -3.9628 -0.807065 -0.401227
v 2.76723 -0.512198 -1.20695
v 2.89521 3.14333 -0.694355
v -3.86942 -0.811879 -0.437293
v 2.84918 -0.492741 -1.09024
v 1.3088 -1.82146 -0.235593
v 3.00048 3.13345 -0.675782
v 0.433199 -1.77933 -0.621029
v 2.92485 -0.470597 -0.965731
v -3.77565 -0.818979 -0.467851
v 1.41894 -1.80591 -0.281826
v 0.554583 -1.76775 -0.570772
v -3.68158 -0.82762 -0.492641
v 2.9937 -0.445754 -0.83367
v 3.05518 -0.418209 -0.694393
v -3.58716 -0.836862 -0.511576
v 3.10876 -0.387966 -0.548312
v -3.49231 -0.846512 -0.524663
v 3.15386 -0.355016 -0.396171
v 3.18979 -0.319285 -0.242
v -3.39712 -0.856383 -0.531894
v -3.30187 -0.866052 -0.533464
v -3.20675 -0.875282 -0.529684
v -3.11185 -0.884058 -0.520814
v 1.26232 -1.74233 -0.3493
v -3.01717 -0.892235 -0.507143
v -1.85015 0.0108212 -0.341185
v -2.92274 -0.899168 -0.489385
v 1.37236 -1.72626 -0.36481
v -1.774 0.0255643 -0.459635
v -2.82842 -0.904304 -0.468453
v -2.73402 -0.907454 -0.444416
v -1.69923 0.0348919 -0.574239
v -2.63962 -0.90871 -0.415469
v -2.54594 -0.907134 -0.381219
v -1.62596 0.0400262 -0.68543
v -2.45341 -0.90292 -0.342984
v -2.36209 -0.896162 -0.299442
v -1.55375 0.0418663 -0.791249
v -2.27164 -0.887222 -0.251442
v -1.48195 0.0413819 -0.891348
v -1.40985 0.0391518 -0.985967
v 1.33726 2.63945 -0.230091
v -1.33693 0.035506 -1.07551
v -1.5577 -0.891469 -0.275101
v 1.3983 2.68188 -0.368758
v -1.47538 -0.908994 -0.354559
v -1.26283 0.0306621 -1.16036
v 1.46745 2.7218 -0.50089
v -1.39454 -0.92597 -0.43362
v -1.31484 -0.942195 -0.510129
v 1.54495 2.7589 -0.623795
v -1.23584 -0.957228 -0.58778
v -1.18735 0.0247925 -1.2409
v -1.15741 -0.971524 -0.663805
v 1.63029 2.79279 -0.736083
v -1.0794 -0.985153 -0.737403
v 1.72272 2.82295 -0.834381
v -1.11033 0.0180489 -1.31752
v -1.00154 -0.998356 -0.809013
v 1.82131 2.84902 -0.91787
v -0.923301 -1.01152 -0.878582
v 1.92504 2.87081 -0.988597
v -0.843949 -1.02478 -0.94766
v -1.0316 0.0105608 -1.39057
v 2.03298 2.88827 -1.04772
v -0.762826 -1.03791 -1.01704
v 2.14423 2.90145 -1.09603
v -0.679554 -1.05063 -1.08474
v 2.25795 2.91042 -1.13411
v -0.593963 -1.06272 -1.14993
v -0.950991 0.00243463 -1.46036
v 2.37339 2.91532 -1.16242
v -0.505963 -1.07406 -1.21245
v 2.48983 2.91628 -1.18133
v -0.415479 -1.08458 -1.27235
v -0.868346 -0.0062437 -1.52711
v 2.60661 2.91346 -1.19107
v -0.322425 -1.09429 -1.32964
v 2.72308 2.90702 -1.1918
v -0.226711 -1.10322 -1.38425
v -0.783504 -0.0154051 -1.591
v -0.128268 -1.11143 -1.43589
v 2.83862 2.89713 -1.18347
v -0.0270748 -1.11904 -1.48407
v 2.95259 2.88396 -1.16586
v -0.696322 -0.0249939 -1.65214
v 0.0768029 -1.12616 -1.52804
v 3.06432 2.8677 -1.13854
v 0.183183 -1.13291 -1.56679
v -0.606681 -0.0349657 -1.71057
v 3.17308 2.84859 -1.10109
v 0.291759 -1.13938 -1.59915
v 0.402118 -1.1456 -1.624
v 3.27809 2.82696 -1.05334
v -0.514485 -0.0452856 -1.76629
v 3.37854 2.80324 -0.995441
v 0.5138 -1.15154 -1.64066
v 3.47361 2.77801 -0.927744
v -2.21136 -0.1533 -0.314026
v 0.626357 -1.15713 -1.6491
v -0.419669 -0.0559265 -1.81926
v -2.12762 -0.141016 -0.405336
v 3.56256 2.75198 -0.85059
v -2.04373 -0.134465 -0.495845
v 0.739419 -1.16225 -1.64995
v 3.6448 2.72588 -0.76414
v -1.96086 -0.131762 -0.584737
v 0.268353 -1.7051 -0.54179
v 3.71988 2.70036 -0.667854
v 0.852716 -1.1668 -1.64418
v -1.87946 -0.1321 -0.671259
v -0.322195 -0.0668677 -1.86937
v 0.371052 -1.72305 -0.69471
v 3.7875 2.67566 -0.559798
v 0.96606 -1.17067 -1.63254
v -1.79978 -0.134864 -0.755365
v 3.84748 2.65099 -0.435555
v 1.0793 -1.17376 -1.61517
v -1.7217 -0.13969 -0.836952
v 0.489144 -1.72576 -0.727295
v 3.89927 2.62343 -0.280176
v 1.19227 -1.17601 -1.59151
v -1.64499 -0.145975 -0.915553
v -0.22206 -0.0780926 -1.91652
v 0.600756 -1.71859 -0.632076
v 1.30474 -1.17731 -1.56067
v -1.56923 -0.153188 -0.991018
v 1.41639 -1.17754 -1.52209
v 0.694644 -1.70837 -0.454937
v 0.78083 -1.69468 -0.304686
v -1.49395 -0.160939 -1.06346
v 1.52689 -1.1765 -1.47598
v -0.119289 -0.0895863 -1.96054
v -1.41867 -0.16899 -1.13313
v 1.63586 -1.17392 -1.42314
v -1.34295 -0.177235 -1.20033
v 1.74297 -1.16947 -1.36439
v 1.84793 -1.16279 -1.30011
v -1.26646 -0.185656 -1.26532
v -0.0139416 -0.101333 -2.00127
v 1.95043 -1.15355 -1.23035
v 1.2226 -1.67479 -0.485188
v 1.32504 -1.66893 -0.539103
v -1.18891 -0.19427 -1.32829
v 2.05018 -1.14147 -1.15501
v 2.14682 -1.12631 -1.07389
v -1.11006 -0.203104 -1.38939
v 2.23994 -1.1079 -0.986807
v 0.0938958 -0.113313 -2.03852
v 2.32911 -1.08615 -0.893625
v -1.02969 -0.212177 -1.44872
v 2.41384 -1.06099 -0.794437
v 2.49362 -1.03242 -0.689179
v -0.947585 -0.221497 -1.50634
v 0.204108 -0.125501 -2.07209
v 2.56796 -1.00047 -0.578019
v 2.63638 -0.96521 -0.461451
v -0.863555 -0.231062 -1.56231
v 2.69839 -0.926673 -0.341938
v 2.75345 -0.88501 -0.219257
v 0.316555 -0.137862 -2.10178
v -0.777414 -0.240859 -1.6166
v -0.689004 -0.250869 -1.66918
v -0.598192 -0.261073 -1.71995
v 0.733596 -0.291572 -2.14923
v 0.431073 -0.150349 -2.12738
v -0.504876 -0.271453 -1.76878
v -0.408988 -0.281995 -1.81551
v 0.853707 -0.303394 -2.1566
v -0.310494 -0.29269 -1.85994
v 0.54748 -0.162906 -2.14871
v -0.209393 -0.303534 -1.90185
v 0.974831 -0.314938 -2.15899
v -0.105721 -0.314523 -1.94099
v 1.09671 -0.326087 -2.15621
v 0.000451878 -0.325655 -1.9771
v 0.665575 -0.175463 -2.16555
v 0.109022 -0.336919 -2.00991
v 1.21908 -0.336709 -2.14809
v 0.219855 -0.3483 -2.03916
v 0.785144 -0.187935 -2.17773
v 0.33279 -0.35977 -2.06456
v 0.447642 -0.371289 -2.08586
v 1.34167 -0.346664 -2.13443
v 0.905957 -0.200226 -2.18505
v 0.564209 -0.382801 -2.10282
v 1.46416 -0.355797 -2.11506
v -4.00328 -0.728431 -0.243878
v 1.02777 -0.212229 -2.18735
v 0.682273 -0.394237 -2.11521
v -3.91368 -0.720908 -0.29589
v -1.71351 0.0874073 -0.331161
v -3.82308 -0.717974 -0.347908
v 0.801603 -0.405512 -2.12283
v -1.64224 0.105674 -0.461949
v -3.73167 -0.719616 -0.395667
v 1.58625 -0.363948 -2.08977
v 1.15032 -0.22382 -2.18443
v 0.92196 -0.416525 -2.12548
v -3.63965 -0.723372 -0.437946
v -1.57224 0.11785 -0.587784
v 1.04309 -0.427164 -2.12298
v -1.50304 0.125724 -0.70746
v 1.70762 -0.370951 -2.05836
v 1.16473 -0.437301 -2.11516
v 1.27335 -0.23487 -2.17611
v -0.988552 0.114194 -1.37362
v -1.43368 0.130327 -0.820388
v -1.36335 0.132212 -0.926935
v 1.28661 -0.446793 -2.10184
v -0.908056 0.107046 -1.44921
v -1.29165 0.131822 -1.02713
v -0.825376 0.0991385 -1.52113
v 1.82791 -0.376635 -2.02063
v 1.40844 -0.455489 -2.08284
v -1.21844 0.129517 -1.12133
v 1.39655 -0.245235 -2.1622
v -0.74037 0.0905772 -1.58961
v 1.5299 -0.463224 -2.05799
v -1.1436 0.125631 -1.21011
v 1.94675 -0.380833 -1.97632
v -0.652911 0.0814435 -1.65479
v -1.06701 0.120448 -1.29405
v 1.65069 -0.469825 -2.02709
v 1.51964 -0.254765 -2.14251
v -0.562897 0.0718001 -1.71678
v 1.77046 -0.475113 -1.98996
v 3.79634 2.73406 -0.364611
v 2.06377 -0.383382 -1.92522
v 1.88887 -0.47891 -1.94639
v -0.470249 0.0616961 -1.7756
v 2.00553 -0.481039 -1.89616
v 2.17856 -0.384125 -1.86705
v -0.374916 0.0511695 -1.83124
v 1.64228 -0.263304 -2.11681
v 2.12006 -0.481335 -1.83904
v -0.276877 0.0402507 -1.88365
v 2.23205 -0.479641 -1.77479
v 2.2907 -0.382922 -1.80156
v 2.34106 -0.475818 -1.70317
v 1.76414 -0.270692 -2.0849
v 1.4587 2.74434 -0.300802
v 2.44665 -0.469745 -1.62394
v 1.52649 2.78576 -0.430355
v 2.39974 -0.379642 -1.7285
v 2.54835 -0.461319 -1.5369
v 1.88486 -0.276768 -2.04653
v 1.6031 2.82436 -0.552588
v 2.64566 -0.450458 -1.44187
v 1.68794 2.8594 -0.661468
v 2.73808 -0.437094 -1.33873
v 2.50521 -0.374175 -1.64761
v 1.77996 2.89031 -0.753202
v 2.82509 -0.421182 -1.22744
v 1.878 2.91681 -0.83173
v 2.00406 -0.281373 -2.00145
v 2.90615 -0.402685 -1.10802
v 2.60663 -0.366423 -1.55869
v 1.981 2.93883 -0.898401
v 2.98071 -0.381583 -0.980598
v 3.04823 -0.357864 -0.845416
v 2.08797 2.95642 -0.954016
v 2.7035 -0.356309 -1.46155
v 2.12135 -0.284355 -1.94941
v 3.10812 -0.331522 -0.702856
v 2.19802 2.96968 -0.999205
v 3.15982 -0.302548 -0.553583
v 2.31034 2.97874 -1.03444
v 2.79531 -0.34377 -1.35607
v 3.2027 -0.270917 -0.399062
v 2.42419 2.98376 -1.06013
v 2.2363 -0.28557 -1.89013
v 3.23621 -0.236621 -0.243248
v 2.85112 -0.249274 -1.36789
v 2.5389 2.98489 -1.07658
v 2.8815 -0.32876 -1.2422
v 2.65382 2.9823 -1.08401
v 2.93637 -0.235184 -1.25133
v 2.76835 2.97614 -1.0825
v 2.34849 -0.284886 -1.82332
v 2.96153 -0.311243 -1.11999
v 3.01524 -0.218665 -1.12621
v 2.88189 2.96658 -1.07196
v 3.08716 -0.199695 -0.992689
v 2.99381 2.95374 -1.05191
v 3.15151 -0.178263 -0.851088
v 2.45745 -0.282181 -1.74873
v 3.03485 -0.2912 -0.989569
v 3.10342 2.93776 -1.02156
v 3.24916 -0.185551 -0.395548
v 3.2077 -0.154367 -0.701949
v 2.66374 -0.270303 -1.57518
v 3.20992 2.91881 -0.980164
v 3.28007 -0.152745 -0.237011
v 3.25511 -0.128007 -0.546097
v 3.10086 -0.268619 -0.851219
v 2.5627 -0.27735 -1.66609
v 3.31246 2.89716 -0.927406
v 2.76006 -0.260965 -1.47582
v 3.29314 -0.0991896 -0.384879
v 3.32123 -0.067924 -0.222442
v 3.41008 2.87319 -0.863377
v 3.15899 -0.243489 -0.70543
v 3.50186 2.84741 -0.788279
v 3.587 2.82039 -0.701991
v 3.20862 -0.215802 -0.553042
v 3.66482 2.79262 -0.604013
v 3.73478 2.76414 -0.492835
v -4.27825 -1.16924 -0.212688
v -4.62747 -1.07585 -0.185477
v -4.06325 -0.747518 -0.244766
v -3.45921 -1.11027 -0.257435
v -2.53796 -0.947684 -0.248158
v -3.04033 -0.428105 -0.250196
v -1.38553 -0.950968 -0.278006
v -0.978794 0.684397 -0.254665
v -0.702316 0.931707 -0.233807
v 0.575859 -2.09585 -0.216835
v 1.67099 -2.925 -0.230451
v 1.84941 -2.80917 -0.193472
v 1.98704 -2.85811 -0.177019
v 2.20913 -2.96438 -0.180793
v 1.60349 -2.62272 -0.179585
v 2.09873 -2.40929 -0.21087
v 2.29409 -3.04367 -0.182871
v 2.45166 -2.52064 -0.237754
v 2.5181 -1.09226 -0.221888
v 0.319685 1.80982 -0.247077
v 0.549287 1.978 -0.242886
v 0.868702 2.21855 -0.239246
v 1.19954 2.51013 -0.236242
v 3.51384 0.528609 -0.216506
v 3.56545 1.09343 -0.240164
v 4.07785 2.19771 -0.292408
v 4.34278 2.3044 -0.234653
v 3.8621 2.67138 -0.289101
v -4.2064 -1.18033 -0.240217
v 2.26378 -2.98943 -0.181789
v 0.362714 1.84279 -0.223935
v -4.39024 -1.08301 -0.259488
v -4.29948 -0.828406 -0.235707
v -4.13327 -1.17655 -0.257118
v -3.94379 -1.17143 -0.257003
v -3.84981 -1.16642 -0.24908
v -4.03823 -1.17466 -0.260719
v -4.18892 -0.781552 -0.224219
v -3.66298 -1.15138 -0.221543
v -3.75623 -1.15963 -0.237595
v -3.86431 -0.688335 -0.246147
v -3.63358 -0.616183 -0.242128
v -3.5433 -0.591392 -0.263264
v -3.245 -1.07644 -0.243836
v -3.33712 -1.09043 -0.254238
v -2.92064 -1.01682 -0.250566
v -2.82877 -1.00377 -0.240792
v -2.73616 -0.991341 -0.228354
v -2.41014 -0.918983 -0.246968
v -3.31127 -0.516165 -0.265526
v -2.84814 -0.367299 -0.244295
v -2.75739 -0.346671 -0.277192
v -2.52708 -0.271635 -0.280827
v -2.61687 -0.293121 -0.242573
v -2.38806 -0.215762 -0.251702
v -2.30048 -0.185742 -0.28537
v 0.18674 -1.65863 -0.357856
v 0.221444 -1.69532 -0.3607
v -2.21081 -0.870808 -0.269356
v -2.15365 -0.862427 -0.257298
v -1.19534 -1.02549 -0.286971
v -1.61508 -0.871516 -0.295732
v -2.08906 -0.849247 -0.267592
v -1.99917 -0.836368 -0.269283
v -2.16098 -0.12077 -0.264865
v -1.93553 -0.0253836 -0.304613
v -1.79849 0.0464893 -0.289335
v -2.02133 -0.0566685 -0.251073
v -1.73673 -0.838486 -0.297362
v -0.515569 -1.35789 -0.243438
v -0.831605 -1.19281 -0.26154
v -1.05418 -1.08825 -0.253784
v -0.691614 -1.26984 -0.265037
v -0.176315 -1.50436 -0.250207
v -0.406786 -1.40757 -0.232712
v -0.0342991 -1.56354 -0.242486
v 0.0529935 -1.59561 -0.308605
v -1.66262 0.123841 -0.287749
v -1.53006 0.210141 -0.302761
v -1.48821 0.245136 -0.272547
v -1.34824 0.364196 -0.285275
v -1.16356 0.523321 -0.260618
v -1.25323 0.448291 -0.250041
v -1.06823 0.608347 -0.23036
v -0.79497 0.84713 -0.257658
v -0.753776 0.885669 -0.233942
v -0.611729 1.01103 -0.260496
v -0.569764 1.05067 -0.23042
v -0.520464 1.0945 -0.236591
v -0.338192 1.25701 -0.240746
v -0.154748 1.41881 -0.239447
v 0.0314117 1.57956 -0.234474
v 0.466794 -2.65638 -0.185506
v 0.788594 -2.7388 -0.208644
v 0.839505 -2.70709 -0.209213
v 0.936486 -2.71398 -0.25745
v 0.99549 -2.82909 -0.216656
v 1.08793 -2.84422 -0.241452
v 1.37392 -2.7109 -0.209485
v 1.22234 -2.90911 -0.222223
v 1.28172 -2.72045 -0.250936
v 0.752269 -2.35089 -0.212607
v 0.736411 -2.14481 -0.208905
v 0.704819 -2.27169 -0.21443
v 0.654857 -2.1944 -0.218096
v 0.786687 -2.22231 -0.213
v 0.839731 -2.29778 -0.21783
v 0.800184 -2.43 -0.212251
v 0.888714 -2.37595 -0.225917
v 1.12575 -2.60872 -0.232793
v 1.45729 -2.99343 -0.231695
v 1.5963 -3.05826 -0.221593
v 1.46641 -2.87719 -0.24114
v 1.79301 -2.9447 -0.225727
v 1.83017 -3.14663 -0.21607
v 1.99717 -3.17419 -0.196103
v 2.01094 -3.01219 -0.189936
v 1.8322 -2.55791 -0.20783
v 1.73713 -2.56441 -0.192715
v 1.76137 -2.20137 -0.218599
v 1.71807 -2.05815 -0.222572
v 1.63431 -2.11479 -0.207167
v 1.57517 -2.04039 -0.220582
v 2.01623 -2.54976 -0.229544
v 1.92478 -2.54888 -0.216026
v 2.2006 -2.68055 -0.237603
v 2.10553 -2.66614 -0.222602
v 2.25907 -2.4758 -0.222544
v 1.90885 -2.21471 -0.213566
v 1.96004 -2.355 -0.202805
v 0.365223 -1.89309 -0.311198
v 0.305384 -1.81804 -0.347972
v 0.569238 -1.80548 -0.4329
v 0.619005 -1.74538 -0.456648
v 0.870179 -1.6793 -0.312768
v 0.95958 -1.67447 -0.311385
v 1.14092 -1.66495 -0.399218
v 1.0502 -1.67216 -0.335092
v 1.39553 -1.87681 -0.235939
v 1.48524 -1.81793 -0.236729
v 1.56519 -1.91036 -0.223536
v 1.53289 -1.85921 -0.220844
v 1.57481 -1.5617 -0.257917
v 1.68526 -1.52336 -0.246366
v 1.73869 -1.50733 -0.225003
v 1.8068 -1.4846 -0.223838
v 1.91779 -1.44017 -0.229184
v 2.18189 -1.31539 -0.198161
v 2.55077 -2.77388 -0.238115
v 2.42844 -2.74176 -0.228165
v 2.74962 -2.84049 -0.240966
v 2.89441 -2.90247 -0.205008
v 3.02634 -2.92453 -0.181999
v 2.57503 -2.532 -0.242327
v 2.66753 -2.53559 -0.237136
v 2.76147 -2.53844 -0.228045
v 2.85633 -2.54453 -0.215006
v 2.61045 -1.01782 -0.197803
v 2.68066 -0.953904 -0.230752
v 2.91669 -0.707554 -0.22662
v 2.85512 -0.779401 -0.203442
v 0.223754 1.73687 -0.241692
v 0.64455 2.04662 -0.25623
v 0.963431 2.2952 -0.264003
v 1.00476 2.3324 -0.230818
v 1.05441 2.3761 -0.235383
v 1.38239 2.68043 -0.239886
v 1.56864 2.84553 -0.229565
v 1.99677 3.10698 -0.2256
v 2.23702 3.18614 -0.223431
v 2.14383 3.16082 -0.206213
v 2.57182 3.23954 -0.1991
v 3.3943 0.109019 -0.226035
v 3.4262 0.198546 -0.218588
v 3.49285 0.435281 -0.236039
v 3.5338 0.653359 -0.249803
v 3.55579 0.937774 -0.225274
v 3.57552 1.21516 -0.256915
v 3.6093 1.4477 -0.266745
v 3.71694 1.79009 -0.32232
v 3.75879 1.8681 -0.324426
v 3.80621 1.94343 -0.336013
v 2.76177 3.24333 -0.195513
v 2.66681 3.24358 -0.200223
v 2.85682 3.2387 -0.1954
v 3.19477 3.17937 -0.225582
v 3.78071 2.77403 -0.245183
v 3.6286 2.92488 -0.231116
v 3.95633 2.11199 -0.310148
v 4.2235 2.27179 -0.275448
v 4.27665 2.2832 -0.246952
v 4.20225 2.50866 -0.270289
v 4.11353 2.52086 -0.306313
v 4.29377 2.49899 -0.239712
v 4.54526 2.39715 -0.193141
v 4.49659 2.44714 -0.20708
v -4.59405 -1.00215 -0.216331
v -4.11837 -0.759129 -0.228404
v -3.39769 -1.10482 -0.240378
v -2.48171 -0.937189 -0.238877
v -0.937602 0.722051 -0.239192
v 0.609859 -2.14367 -0.214571
v 1.73079 -2.92913 -0.224551
v 2.51087 -2.52276 -0.234742
v 3.82709 2.72021 -0.253055
v -4.35276 -0.843995 -0.219793
v 0.259847 -1.74354 -0.376347
v -0.786416 -1.22177 -0.222503
v -1.12202 0.561388 -0.235101
v 0.716495 -2.73089 -0.202333
v 1.92137 -3.16562 -0.219651
v 2.49599 -2.76414 -0.224608
v 1.61079 2.88144 -0.20822
v 3.541 0.709059 -0.219767
v 3.58264 1.26818 -0.233126
v 0.643224 -2.72171 -0.201509
v 0.599279 -2.68046 -0.191576
v -4.30152 -1.12252 -0.23228
v -4.30452 -1.18835 -0.158179
v -4.31943 -1.20082 -0.117782
v -4.2703 -1.20343 -0.14205
v -4.24382 -1.1926 -0.189464
v -4.65639 -1.09668 -0.145126
v -4.65846 -1.0426 -0.129628
v -4.67437 -1.10701 -0.11239
v -4.59952 -1.11138 -0.173473
v -4.62788 -1.01769 -0.178462
v -4.64954 -1.02175 -0.135631
v -4.57951 -1.13322 -0.135668
v -4.62735 -1.11855 -0.136306
v -4.31283 -1.0708 -0.293881
v -4.31986 -1.13418 -0.171662
v -4.34618 -1.06763 -0.281643
v 1.92029 -3.20392 -0.143051
v 0.718777 -2.66684 -0.151629
v 0.713314 -2.79443 -0.149473
v 0.648718 -2.65669 -0.153618
v 0.628104 -2.67219 -0.180654
v 1.74532 -2.24665 -0.147018
v 0.568265 -2.72727 -0.19996
v 0.418239 -2.65445 -0.133249
v 2.21643 -3.00523 -0.175845
v 2.29836 -2.99365 -0.168576
v 0.411484 -2.67733 -0.134522
v 0.788713 -2.67227 -0.157609
v -4.35552 -1.10806 -0.174686
v 0.790649 -2.80486 -0.155676
v 2.11506 -2.35068 -0.148914
v 1.84754 -2.87189 -0.146916
v 1.95451 -2.88114 -0.166095
v 1.8551 -2.747 -0.146509
v 1.98454 -2.90897 -0.136417
v 2.25273 -3.08071 -0.142027
v -4.32072 -1.158 -0.148282
v -4.66473 -1.0653 -0.132869
v -4.21971 -1.20613 -0.145084
v 2.18182 -3.01411 -0.142999
v 2.25527 -3.04198 -0.17644
v 2.32698 -2.99422 -0.138991
v 1.57636 -2.66161 -0.14252
v 2.13293 -2.36567 -0.148594
v 4.55228 2.45709 -0.145244
v 4.52959 2.44769 -0.180575
v 4.51873 2.34245 -0.182121
v -4.62423 -0.983052 -0.1445
v 1.46861 -2.83386 -0.163302
v 2.25317 -2.44772 -0.145476
v 1.25481 -2.6873 -0.223742
v 0.635295 -2.78438 -0.1492
v 0.447135 -2.74923 -0.160531
v 0.406593 -2.76313 -0.112408
v 0.495513 -2.71602 -0.198534
v 0.528967 -2.7661 -0.165111
v 0.547699 -2.76672 -0.16343
v 0.510271 -2.76246 -0.161964
v 0.610864 -2.74196 -0.196758
v 0.387385 -2.75762 -0.108217
v 0.419408 -2.71737 -0.159024
v 0.397627 -2.73812 -0.123663
v 0.513181 -2.63994 -0.178178
v 0.484464 -2.60951 -0.13807
v 0.571745 -2.65318 -0.178105
v 0.587508 -2.63724 -0.135873
v 0.467399 -2.75181 -0.164351
v 0.584597 -2.76926 -0.165447
v 0.653097 -2.78599 -0.149812
v 0.676634 -2.76153 -0.187002
v 0.731101 -2.79556 -0.150446
v 0.751744 -2.77073 -0.190761
v 0.773181 -2.80157 -0.154739
v 0.695738 -2.79142 -0.149989
v 0.682379 -2.6906 -0.188439
v 0.6029 -2.6404 -0.133632
v 0.617939 -2.64462 -0.134805
v 0.773341 -2.67294 -0.155637
v 0.70339 -2.66622 -0.151321
v 0.75339 -2.69878 -0.191104
v 0.733981 -2.6688 -0.152627
v 0.6638 -2.65987 -0.153596
v 0.816744 -2.79001 -0.190718
v 0.617685 -2.78119 -0.149767
v 0.809447 -2.69267 -0.188295
v 0.822166 -2.66715 -0.141359
v 0.832644 -2.81555 -0.145336
v 1.40871 -2.70903 -0.186892
v 1.30944 -2.70921 -0.221959
v 1.1735 -2.62553 -0.195737
v 1.21287 -2.64356 -0.162544
v 1.25363 -2.64012 -0.138507
v 1.23647 -2.65329 -0.183689
v 1.19996 -2.63586 -0.159232
v 1.34 -2.70564 -0.20663
v 1.27484 -2.65095 -0.130435
v 1.2663 -2.63331 -0.112607
v 1.29415 -2.68893 -0.172836
v 1.34939 -2.68498 -0.13534
v 0.427046 -2.63215 -0.135474
v 0.433907 -2.58898 -0.107479
v 0.451167 -2.59228 -0.108843
v 0.453987 -2.61167 -0.145265
v 0.538465 -2.62573 -0.142686
v 0.50082 -2.61436 -0.141338
v 0.554168 -2.63047 -0.143967
v 1.28003 -2.6342 -0.104772
v 1.15977 -2.59683 -0.144489
v 1.42913 -2.84552 -0.240275
v 1.64523 -2.80347 -0.165699
v 1.49773 -2.80995 -0.133601
v 1.46765 -2.72903 -0.189241
v 1.46993 -2.78789 -0.185612
v 1.51667 -2.81028 -0.127978
v 1.4483 -2.80171 -0.184802
v 1.58449 -2.81053 -0.124492
v 1.60236 -2.8115 -0.123104
v 1.55877 -2.79682 -0.156994
v 1.62019 -2.81318 -0.124221
v 1.53568 -2.81032 -0.126761
v 1.55243 -2.74401 -0.184701
v 1.66766 -2.81702 -0.136912
v 1.41327 -2.80657 -0.243846
v 1.74795 -2.83053 -0.163697
v 1.8318 -2.86859 -0.145691
v 1.77997 -2.84583 -0.159104
v 1.81627 -2.86452 -0.145928
v 1.76384 -2.83982 -0.161648
v 1.88282 -2.7533 -0.142863
v 1.7499 -2.73653 -0.180052
v 1.68499 -2.81974 -0.137351
v 1.77504 -2.71659 -0.12912
v 1.70203 -2.82341 -0.138808
v 1.82967 -2.75678 -0.173148
v 1.7331 -2.79996 -0.184159
v 1.80414 -2.72677 -0.127893
v 1.81902 -2.73143 -0.128538
v 1.78942 -2.72212 -0.128436
v 1.80784 -2.82251 -0.186453
v 1.87813 -2.85945 -0.173634
v 1.73041 -2.71253 -0.167942
v 1.96708 -3.21629 -0.142679
v 1.95022 -3.19395 -0.182897
v 2.02701 -3.12097 -0.18617
v 2.04047 -3.24038 -0.108589
v 2.04391 -3.082 -0.145562
v 2.0466 -3.1382 -0.141222
v 2.04482 -3.22267 -0.113267
v 2.02612 -3.2075 -0.152169
v 2.04349 -3.02939 -0.128737
v 1.94736 -2.94781 -0.143348
v 1.97446 -2.97101 -0.181683
v 2.03678 -2.97362 -0.111635
v 2.0462 -2.90632 -0.166785
v 1.99457 -2.96082 -0.140375
v 2.04268 -3.18091 -0.14042
v 2.0451 -3.16318 -0.138134
v 2.29486 -3.08561 -0.17046
v 2.12352 -2.97024 -0.142133
v 2.08612 -2.92333 -0.167058
v 2.11079 -2.96125 -0.143117
v 2.23558 -2.92087 -0.138346
v 2.22004 -3.04382 -0.153232
v 2.14162 -2.98351 -0.142062
v 2.27534 -2.94453 -0.130596
v 2.07234 -2.91684 -0.167057
v 2.24823 -2.9515 -0.167256
v 1.92039 -2.89372 -0.131846
v 1.90403 -2.79716 -0.180594
v 1.9051 -2.89011 -0.131651
v 1.93573 -2.89698 -0.132942
v 1.99947 -2.91276 -0.137071
v 1.99417 -2.80611 -0.134666
v 2.01686 -2.8158 -0.134293
v 1.96984 -2.90435 -0.137326
v 2.018 -2.86849 -0.174624
v 1.96718 -2.82495 -0.170865
v 1.89713 -2.76174 -0.145512
v 1.87142 -2.75005 -0.143242
v 1.88977 -2.75672 -0.144398
v 1.95523 -2.79244 -0.147425
v 1.94047 -2.78331 -0.147508
v 1.94806 -2.78812 -0.147053
v 1.93206 -2.77969 -0.146536
v 1.96128 -2.79688 -0.146932
v 1.88961 -2.88693 -0.132579
v 2.14707 -2.87014 -0.128423
v 2.05154 -2.85339 -0.165074
v 2.20182 -2.92183 -0.165069
v 2.17112 -2.9735 -0.171271
v 2.19542 -2.89373 -0.127243
v 2.17162 -2.8812 -0.125466
v 2.08299 -2.86574 -0.164551
v 2.12051 -2.90846 -0.174759
v 2.29127 -3.11812 -0.139468
v 1.49602 -2.70231 -0.152647
v 1.44021 -2.69829 -0.155779
v 1.57448 -2.71759 -0.17464
v 1.55086 -2.61801 -0.110735
v 1.60552 -2.66944 -0.182342
v 1.58515 -2.5906 -0.128652
v 1.6068 -2.71947 -0.195741
v 1.52086 -2.70591 -0.153022
v 1.56843 -2.62169 -0.143474
v 1.6047 -2.57838 -0.12995
v 1.63424 -2.58309 -0.170186
v 1.68616 -2.71007 -0.197772
v 1.72895 -2.6612 -0.167966
v 1.71194 -2.66038 -0.177627
v 1.64981 -2.55811 -0.138194
v 1.777 -2.66266 -0.150929
v 1.74658 -2.63921 -0.192551
v 1.66988 -2.55015 -0.139186
v 1.69941 -2.5571 -0.172838
v 1.70665 -2.53471 -0.133155
v 1.68137 -2.65714 -0.198386
v 1.71549 -2.7073 -0.173364
v 1.78186 -2.2683 -0.166567
v 1.77801 -2.23489 -0.201247
v 1.79907 -2.28115 -0.166414
v 2.02856 -2.98693 -0.147693
v 1.8342 -2.31711 -0.140101
v 1.98493 -2.41873 -0.14868
v 1.97606 -2.38946 -0.183037
v 2.06646 -2.5151 -0.217645
v 2.04469 -2.50043 -0.175092
v 2.04727 -2.45445 -0.160412
v 2.11272 -2.4437 -0.222333
v 2.23929 -2.46529 -0.214595
v 2.11785 -2.47976 -0.237494
v 2.20785 -2.42138 -0.137462
v 2.21131 -2.44896 -0.206992
v 2.14612 -2.3964 -0.180388
v 2.00312 -2.42993 -0.150204
v 2.18994 -2.40677 -0.129823
v 1.93099 -2.17247 -0.145048
v 1.83186 -2.28143 -0.197915
v 1.94948 -2.39808 -0.138959
v 2.02395 -2.25976 -0.139634
v 2.02546 -2.29863 -0.190629
v 1.89499 -2.14766 -0.16752
v 1.84083 -2.09211 -0.146095
v 1.87725 -2.13162 -0.168073
v 1.89607 -2.18196 -0.199964
v 1.84261 -2.13122 -0.204056
v 2.0796 -2.3601 -0.194765
v 2.05771 -2.30193 -0.160997
v 2.07425 -2.3188 -0.161331
v 2.0674 -2.46233 -0.168384
v 2.0393 -2.42093 -0.191597
v 2.17141 -2.39268 -0.132235
v 1.39937 -2.68874 -0.135836
v 2.02929 -3.05268 -0.177376
v 2.99992 -2.96014 -0.133157
v 1.99315 -3.2207 -0.14153
v 2.39867 -3.16539 -0.117611
v 2.36421 -3.13289 -0.155028
v 2.3661 -3.16746 -0.132781
v 2.39471 -3.19317 -0.111093
v 2.29591 -2.96067 -0.129902
v 2.34377 -3.0139 -0.137603
v 2.34511 -3.04695 -0.163023
v 2.37404 -3.05194 -0.122094
v 2.38525 -3.07527 -0.118129
v 2.39235 -3.10152 -0.122789
v 2.31501 -3.13825 -0.136004
v 2.97927 -2.95385 -0.141813
v 2.9353 -2.93272 -0.164787
v 3.02194 -2.9649 -0.134437
v 3.06302 -2.9811 -0.110912
v 3.0712 -2.91287 -0.134878
v 3.06578 -2.93602 -0.134729
v 3.04864 -2.95862 -0.140962
v 3.06374 -2.88995 -0.162931
v 3.34522 -2.91283 -0.127971
v 3.33109 -2.88756 -0.136504
v 3.35659 -2.94755 -0.104732
v 3.35692 -2.8618 -0.13983
v 2.97132 -2.92724 -0.202293
v 3.08029 -2.86864 -0.125056
v 2.99654 -2.68302 -0.194855
v 3.00981 -2.64957 -0.188856
v 3.1278 -2.67355 -0.176914
v 3.09229 -2.6566 -0.178849
v 3.15304 -2.68876 -0.175565
v 3.05496 -2.64112 -0.184347
v 3.18422 -2.71083 -0.173024
v 3.25004 -2.80842 -0.126322
v 3.2209 -2.77927 -0.127486
v 3.23545 -2.79374 -0.125411
v 3.29585 -2.79874 -0.165173
v 3.34627 -2.83607 -0.146953
v 3.31557 -2.86287 -0.144232
v 3.33109 -2.77031 -0.136448
v 3.34085 -2.81897 -0.148642
v 3.29661 -2.83029 -0.154359
v 3.32386 -2.7537 -0.13484
v 3.20971 -2.66036 -0.169278
v 3.23202 -2.6785 -0.167792
v 3.19522 -2.64911 -0.169644
v 3.20691 -2.72935 -0.171172
v 3.29144 -2.7106 -0.138052
v 3.25321 -2.69785 -0.165892
v 3.24922 -2.73929 -0.174054
v 3.30382 -2.72374 -0.135122
v 3.31442 -2.73836 -0.134027
v 2.98456 -2.64888 -0.228108
v 3.17111 -2.63295 -0.170319
v 2.93062 -2.53779 -0.157301
v 2.95393 -2.55656 -0.196456
v 3.03722 -2.55981 -0.140716
v 3.0337 -2.60522 -0.192912
v 2.99959 -2.54847 -0.136806
v 3.01863 -2.55324 -0.137763
v 2.98049 -2.5439 -0.141018
v 3.12839 -2.61008 -0.170986
v 3.08042 -2.59301 -0.172905
v 3.14599 -2.61807 -0.170517
v 3.09935 -2.59928 -0.171961
v 3.37138 -2.96415 -0.101813
v 3.36577 -2.88778 -0.129756
v 3.37234 -2.91409 -0.118077
v 3.3703 -2.93451 -0.115897
v 4.5016 2.31804 -0.135595
v 4.54243 2.33406 -0.149289
v 4.51855 2.47405 -0.140864
v 4.56084 2.33999 -0.145565
v 4.56751 2.44871 -0.141982
v 4.62847 2.36844 -0.137619
v 4.59287 2.39345 -0.169494
v 4.6421 2.39877 -0.125346
v 4.62136 2.40671 -0.140626
v 4.58233 2.4389 -0.142337
v 4.67318 2.37373 -0.104587
v 4.66109 2.38943 -0.106539
v 4.65115 2.37147 -0.121499
v 4.57898 2.34864 -0.142664
v 1.27452 -2.65947 -0.136354
v 1.2607 -2.64031 -0.133098
v 1.24669 -2.64006 -0.144811
v 1.27976 -2.64305 -0.106345
v 1.25904 -2.63335 -0.113981
v 1.26897 -2.65827 -0.153015
v 4.65499 2.39664 -0.105399
v 4.65944 2.37664 -0.115366
v -4.67442 -1.09649 -0.118409
v 0.437324 -2.59902 -0.11952
v 0.459813 -2.59373 -0.111233
v 0.41581 -2.76492 -0.113464
v 0.396925 -2.74984 -0.118446
v 0.389903 -2.74655 -0.109042
v 2.04258 -3.23171 -0.110957
v 2.02813 -3.23671 -0.111033
v 2.09308 -2.92646 -0.166967
v 2.35203 -3.16039 -0.136225
v 2.38067 -3.17424 -0.127376
v 2.38707 -3.14457 -0.138093
v 2.39952 -3.15071 -0.119977
v 2.37996 -3.18625 -0.112739
v 2.39731 -3.18057 -0.113256
v 2.07077 -2.86088 -0.16448
v 2.09506 -2.87103 -0.164135
v 2.06541 -2.91366 -0.167258
v 2.10207 -2.87431 -0.164245
v 2.07922 -2.92008 -0.167031
v 2.039 -2.9038 -0.16642
v 2.05343 -2.90874 -0.167041
v 2.03944 -2.84886 -0.16483
v 2.02711 -2.89919 -0.166411
v 3.06462 -2.64545 -0.182328
v 3.07378 -2.64854 -0.181018
v 3.07095 -2.59017 -0.173354
v 3.13801 -2.61342 -0.170099
v 3.10185 -2.66075 -0.177994
v 3.10882 -2.60275 -0.171501
v 3.13696 -2.6783 -0.176571
v 3.17875 -2.63812 -0.170171
v 3.14439 -2.68325 -0.175906
v 3.16181 -2.69407 -0.175127
v 3.17582 -2.705 -0.173718
v 3.22523 -2.67242 -0.167969
v 3.18774 -2.64376 -0.169655
v 3.2468 -2.69144 -0.166208
v 3.19907 -2.72274 -0.171701
v 3.29 -2.82201 -0.155177
v 3.33125 -2.80223 -0.152835
v 3.35497 -2.85302 -0.140901
v 3.34847 -2.84475 -0.14564
v 3.35857 -2.87058 -0.137846
v 3.33809 -2.89576 -0.134309
v 3.36516 -2.87875 -0.131878
v 3.36671 -2.89676 -0.127646
v 3.33894 -2.90417 -0.129417
v 3.35168 -2.92941 -0.117872
v 3.37171 -2.92339 -0.116548
v 3.37323 -2.9048 -0.119895
v 3.36403 -2.9557 -0.103105
v 3.34946 -2.93947 -0.104827
v 3.37395 -2.95268 -0.103298
v 3.36747 -2.94522 -0.111934
v 3.35217 -2.9209 -0.1243
v 3.32244 -2.8711 -0.142664
v 3.30852 -2.85485 -0.146324
v 3.32398 -2.87952 -0.138791
v 3.33802 -2.81048 -0.149755
v 3.30348 -2.83838 -0.15287
v 3.34385 -2.8274 -0.147562
v 3.30638 -2.84649 -0.149916
v 3.22103 -2.74212 -0.169233
v 3.2149 -2.73579 -0.170397
v 3.23869 -2.68471 -0.167311
v 3.20261 -2.65457 -0.16935
v 3.21671 -2.66625 -0.168922
v 3.19255 -2.71677 -0.1726
v 3.16897 -2.69934 -0.174511
v 3.15387 -2.6229 -0.170606
v 3.11874 -2.66858 -0.177198
v 3.16336 -2.6279 -0.170165
v 3.11872 -2.60693 -0.17155
v 3.11114 -2.66393 -0.17803
v 4.64258 2.36689 -0.124354
v 4.63538 2.40428 -0.127445
v 1.55559 -2.63298 -0.110672
v 1.5575 -2.60983 -0.120386
v 1.27405 -2.63388 -0.107518
v 1.27412 -2.642 -0.119804
v 4.66407 2.36974 -0.106211
v 4.64846 2.39295 -0.121688
v 4.61951 2.36501 -0.140215
v -4.30586 -1.2028 -0.123939
v -4.32185 -1.18976 -0.124494
v 0.431009 -2.59956 -0.109524
v 0.442254 -2.59065 -0.108553
v 0.415024 -2.7572 -0.131417
v 0.39682 -2.76009 -0.109041
v 2.0469 -3.21398 -0.116814
v 2.02583 -2.96725 -0.119161
v 2.0407 -2.98858 -0.114795
v 2.06346 -2.85836 -0.164782
v 2.10911 -2.87754 -0.164408
v 3.06477 -2.96944 -0.112952
v 3.08288 -2.65212 -0.179896
v 3.08989 -2.59592 -0.172197
v 3.06091 -2.58629 -0.173524
v 3.04539 -2.63654 -0.187683
v 4.62794 2.40078 -0.137947
v 4.61421 2.36992 -0.14861
v 4.61475 2.4127 -0.143714
v 4.63719 2.37253 -0.133122
v 4.66695 2.3812 -0.105425
v 3.2595 -2.70438 -0.165175
v -4.66177 -1.11189 -0.116023
v 0.398467 -2.72633 -0.129194
v 2.03075 -3.23069 -0.122927
v 3.05232 -2.9779 -0.113394
v 2.07252 -2.48705 -0.08825
v 2.04456 -2.48664 -0.08825
v 2.01661 -2.48623 -0.08825
v 1.98524 -2.48653 -0.08825
v 1.95392 -2.48746 -0.08825
v 1.92267 -2.48911 -0.08825
v 1.89155 -2.49155 -0.08825
v 1.86059 -2.49487 -0.08825
v 1.82984 -2.49913 -0.08825
v 1.79933 -2.50443 -0.08825
v 1.76911 -2.51083 -0.08825
v 1.73922 -2.51842 -0.08825
v 1.7097 -2.52727 -0.08825
v 1.68059 -2.53746 -0.08825
v 1.65192 -2.54907 -0.08825
v 1.62375 -2.56218 -0.08825
v 1.59611 -2.57687 -0.08825
v 1.56905 -2.5932 -0.08825
v 1.54259 -2.61127 -0.08825
v 1.56173 -2.65284 -0.08825
v 1.58086 -2.6944 -0.08825
v 1.54323 -2.69227 -0.08825
v 1.5056 -2.69014 -0.08825
v 1.46796 -2.68801 -0.08825
v 1.43033 -2.68588 -0.08825
v 1.39287 -2.68376 -0.08825
v 1.35541 -2.68163 -0.08825
v 1.31795 -2.67951 -0.08825
v 1.28049 -2.67739 -0.08825
v 1.28167 -2.65236 -0.08825
v 1.28286 -2.62733 -0.08825
v 1.26652 -2.62954 -0.08825
v 1.24673 -2.63233 -0.08825
v 1.22693 -2.63522 -0.08825
v 1.2106 -2.63771 -0.08825
v 1.1832 -2.6122 -0.08825
v 1.15581 -2.5867 -0.08825
v 1.12842 -2.56119 -0.08825
v 1.1028 -2.53412 -0.08825
v 1.07719 -2.50706 -0.08825
v 1.05158 -2.47999 -0.08825
v 1.0274 -2.45168 -0.08825
v 1.00321 -2.42337 -0.08825
v 0.979033 -2.39506 -0.08825
v 0.955937 -2.36581 -0.08825
v 0.932841 -2.33657 -0.08825
v 0.909744 -2.30732 -0.08825
v 0.887386 -2.27746 -0.08825
v 0.865028 -2.24759 -0.08825
v 0.84267 -2.21773 -0.08825
v 0.820703 -2.18756 -0.08825
v 0.798736 -2.15739 -0.08825
v 0.776768 -2.12722 -0.08825
v 0.754844 -2.09706 -0.08825
v 0.732921 -2.06689 -0.08825
v 0.710997 -2.03673 -0.08825
v 0.688769 -2.00689 -0.08825
v 0.666542 -1.97705 -0.08825
v 0.644314 -1.9472 -0.08825
v 0.62893 -1.92483 -0.08825
v 0.617179 -1.89859 -0.08825
v 0.609677 -1.87011 -0.08825
v 0.607039 -1.841 -0.08825
v 0.607861 -1.82554 -0.08825
v 0.610392 -1.81063 -0.08825
v 0.614731 -1.79654 -0.08825
v 0.620976 -1.78353 -0.08825
v 0.629225 -1.77185 -0.08825
v 0.639576 -1.76176 -0.08825
v 0.652128 -1.75353 -0.08825
v 0.666978 -1.7474 -0.08825
v 0.706041 -1.72774 -0.08825
v 0.746136 -1.71241 -0.08825
v 0.787123 -1.7009 -0.08825
v 0.82886 -1.69266 -0.08825
v 0.871206 -1.68719 -0.08825
v 0.914019 -1.68393 -0.08825
v 0.957157 -1.68236 -0.08825
v 1.00048 -1.68196 -0.08825
v 1.03485 -1.68216 -0.08825
v 1.06922 -1.68236 -0.08825
v 1.10358 -1.68256 -0.08825
v 1.13891 -1.68193 -0.08825
v 1.17424 -1.68129 -0.08825
v 1.18804 -1.70588 -0.08825
v 1.20185 -1.73047 -0.08825
v 1.21784 -1.75344 -0.08825
v 1.23383 -1.7764 -0.08825
v 1.25159 -1.79804 -0.08825
v 1.26934 -1.81967 -0.08825
v 1.28843 -1.84028 -0.08825
v 1.30752 -1.86089 -0.08825
v 1.32752 -1.88076 -0.08825
v 1.34752 -1.90064 -0.08825
v 1.368 -1.92008 -0.08825
v 1.38848 -1.93953 -0.08825
v 1.40901 -1.95884 -0.08825
v 1.42955 -1.97815 -0.08825
v 1.44971 -1.99763 -0.08825
v 1.46988 -2.0171 -0.08825
v 1.49308 -2.03899 -0.08825
v 1.51629 -2.06088 -0.08825
v 1.53949 -2.08276 -0.08825
v 1.56328 -2.10402 -0.08825
v 1.58707 -2.12527 -0.08825
v 1.61086 -2.14653 -0.08825
v 1.63521 -2.16713 -0.08825
v 1.65957 -2.18774 -0.08825
v 1.68392 -2.20835 -0.08825
v 1.70882 -2.2283 -0.08825
v 1.73372 -2.24825 -0.08825
v 1.75862 -2.2682 -0.08825
v 1.78404 -2.28748 -0.08825
v 1.80947 -2.30675 -0.08825
v 1.83489 -2.32603 -0.08825
v 1.86082 -2.34463 -0.08825
v 1.88674 -2.36322 -0.08825
v 1.91267 -2.38181 -0.08825
v 1.93908 -2.39971 -0.08825
v 1.96549 -2.4176 -0.08825
v 1.9919 -2.4355 -0.08825
v 2.01877 -2.45268 -0.08825
v 2.04564 -2.46987 -0.08825
v 2.07252 -2.48705 0.08825
v 2.04456 -2.48664 0.08825
v 2.01661 -2.48623 0.08825
v 1.98524 -2.48653 0.08825
v 1.95392 -2.48746 0.08825
v 1.92267 -2.48911 0.08825
v 1.89155 -2.49155 0.08825
v 1.86059 -2.49487 0.08825
v 1.82984 -2.49913 0.08825
v 1.79933 -2.50443 0.08825
v 1.76911 -2.51083 0.08825
v 1.73922 -2.51842 0.08825
v 1.7097 -2.52727 0.08825
v 1.68059 -2.53746 0.08825
v 1.65192 -2.54907 0.08825
v 1.62375 -2.56218 0.08825
v 1.59611 -2.57687 0.08825
v 1.56905 -2.5932 0.08825
v 1.54259 -2.61127 0.08825
v 1.56173 -2.65284 0.08825
v 1.58086 -2.6944 0.08825
v 1.54323 -2.69227 0.08825
v 1.5056 -2.69014 0.08825
v 1.46796 -2.68801 0.08825
v 1.43033 -2.68588 0.08825
v 1.39287 -2.68376 0.08825
v 1.35541 -2.68163 0.08825
v 1.31795 -2.67951 0.08825
v 1.28049 -2.67739 0.08825
v 1.28167 -2.65236 0.08825
v 1.28286 -2.62733 0.08825
v 1.26652 -2.62954 0.08825
v 1.24673 -2.63233 0.08825
v 1.22693 -2.63522 0.08825
v 1.2106 -2.63771 0.08825
v 1.1832 -2.6122 0.08825
v 1.15581 -2.5867 0.08825
v 1.12842 -2.56119 0.08825
v 1.1028 -2.53412 0.08825
v 1.07719 -2.50706 0.08825
v 1.05158 -2.47999 0.08825
v 1.0274 -2.45168 0.08825
v 1.00321 -2.42337 0.08825
v 0.979033 -2.39506 0.08825
v 0.955937 -2.36581 0.08825
v 0.932841 -2.33657 0.08825
v 0.909744 -2.30732 0.08825
v 0.887386 -2.27746 0.08825
v 0.865028 -2.24759 0.08825
v 0.84267 -2.21773 0.08825
v 0.820703 -2.18756 0.08825
v 0.798736 -2.15739 0.08825
v 0.776768 -2.12722 0.08825
v 0.754844 -2.09706 0.08825
v 0.732921 -2.06689 0.08825
v 0.710997 -2.03673 0.08825
v 0.688769 -2.00689 0.08825
v 0.666542 -1.97705 0.08825
v 0.644314 -1.9472 0.08825
v 0.62893 -1.92483 0.08825
v 0.617179 -1.89859 0.08825
v 0.609677 -1.87011 0.08825
v 0.607039 -1.841 0.08825
v 0.607861 -1.82554 0.08825
v 0.610392 -1.81063 0.08825
v 0.614731 -1.79654 0.08825
v 0.620976 -1.78353 0.08825
v 0.629225 -1.77185 0.08825
v 0.639576 -1.76176 0.08825
v 0.652128 -1.75353 0.08825
v 0.666978 -1.7474 0.08825
v 0.706041 -1.72774 0.08825
v 0.746136 -1.71241 0.08825
v 0.787123 -1.7009 0.08825
v 0.82886 -1.69266 0.08825
v 0.871206 -1.68719 0.08825
v 0.914019 -1.68393 0.08825
v 0.957157 -1.68236 0.08825
v 1.00048 -1.68196 0.08825
v 1.03485 -1.68216 0.08825
v 1.06922 -1.68236 0.08825
v 1.10358 -1.68256 0.08825
v 1.13891 -1.68193 0.08825
v 1.17424 -1.68129 0.08825
v 1.18804 -1.70588 0.08825
v 1.20185 -1.73047 0.08825
v 1.21784 -1.75344 0.08825
v 1.23383 -1.7764 0.08825
v 1.25159 -1.79804 0.08825
v 1.26934 -1.81967 0.08825
v 1.28843 -1.84028 0.08825
v 1.30752 -1.86089 0.08825
v 1.32752 -1.88076 0.08825
v 1.34752 -1.90064 0.08825
v 1.368 -1.92008 0.08825
v 1.38848 -1.93953 0.08825
v 1.40901 -1.95884 0.08825
v 1.42955 -1.97815 0.08825
v 1.44971 -1.99763 0.08825
v 1.46988 -2.0171 0.08825
v 1.49308 -2.03899 0.08825
v 1.51629 -2.06088 0.08825
v 1.53949 -2.08276 0.08825
v 1.56328 -2.10402 0.08825
v 1.58707 -2.12527 0.08825
v 1.61086 -2.14653 0.08825
v 1.63521 -2.16713 0.08825
v 1.65957 -2.18774 0.08825
v 1.68392 -2.20835 0.08825
v 1.70882 -2.2283 0.08825
v 1.73372 -2.24825 0.08825
v 1.75862 -2.2682 0.08825
v 1.78404 -2.28748 0.08825
v 1.80947 -2.30675 0.08825
v 1.83489 -2.32603 0.08825
v 1.86082 -2.34463 0.08825
v 1.88674 -2.36322 0.08825
v 1.91267 -2.38181 0.08825
v 1.93908 -2.39971 0.08825
v 1.96549 -2.4176 0.08825
v 1.9919 -2.4355 0.08825
v 2.01877 -2.45268 0.08825
v 2.04564 -2.46987 0.08825
v 2.05854 -2.48685 4.57967e-16
v 2.03059 -2.48644 4.57967e-16
v 2.00093 -2.48638 4.57967e-16
v 1.96958 -2.48699 4.57967e-16
v 1.93829 -2.48828 4.57967e-16
v 1.90711 -2.49033 4.57967e-16
v 1.87607 -2.49321 4.57967e-16
v 1.84522 -2.497 4.57967e-16
v 1.81459 -2.50178 4.57967e-16
v 1.78422 -2.50763 4.57967e-16
v 1.75417 -2.51462 4.57967e-16
v 1.72446 -2.52284 4.57967e-16
v 1.69514 -2.53237 4.57967e-16
v 1.66625 -2.54327 4.57967e-16
v 1.63784 -2.55563 4.57967e-16
v 1.60993 -2.56952 4.57967e-16
v 1.58258 -2.58503 4.57967e-16
v 1.55582 -2.60224 4.57967e-16
v 1.55216 -2.63205 4.57967e-16
v 1.57129 -2.67362 4.57967e-16
v 1.56204 -2.69334 4.57967e-16
v 1.52441 -2.69121 4.57967e-16
v 1.48678 -2.68908 4.57967e-16
v 1.44915 -2.68695 4.57967e-16
v 1.4116 -2.68482 4.57967e-16
v 1.37414 -2.6827 4.57967e-16
v 1.33668 -2.68057 4.57967e-16
v 1.29922 -2.67845 4.57967e-16
v 1.28108 -2.66487 4.57967e-16
v 1.28226 -2.63985 4.57967e-16
v 1.27469 -2.62844 4.57967e-16
v 1.25662 -2.63094 4.57967e-16
v 1.23683 -2.63378 4.57967e-16
v 1.21876 -2.63647 4.57967e-16
v 1.1969 -2.62496 4.57967e-16
v 1.16951 -2.59945 4.57967e-16
v 1.14211 -2.57394 4.57967e-16
v 1.11561 -2.54766 4.57967e-16
v 1.09 -2.52059 4.57967e-16
v 1.06438 -2.49352 4.57967e-16
v 1.03949 -2.46584 4.57967e-16
v 1.0153 -2.43752 4.57967e-16
v 0.991123 -2.40921 4.57967e-16
v 0.967485 -2.38043 4.57967e-16
v 0.944389 -2.35119 4.57967e-16
v 0.921293 -2.32194 4.57967e-16
v 0.898565 -2.29239 4.57967e-16
v 0.876207 -2.26252 4.57967e-16
v 0.853849 -2.23266 4.57967e-16
v 0.831687 -2.20264 4.57967e-16
v 0.809719 -2.17247 4.57967e-16
v 0.787752 -2.1423 4.57967e-16
v 0.765806 -2.11214 4.57967e-16
v 0.743882 -2.08197 4.57967e-16
v 0.721959 -2.05181 4.57967e-16
v 0.699883 -2.02181 4.57967e-16
v 0.677656 -1.99197 4.57967e-16
v 0.655428 -1.96212 4.57967e-16
v 0.636622 -1.93602 4.57967e-16
v 0.623055 -1.91171 4.57967e-16
v 0.613428 -1.88435 4.57967e-16
v 0.608358 -1.85555 4.57967e-16
v 0.60745 -1.83327 4.57967e-16
v 0.609127 -1.81809 4.57967e-16
v 0.612562 -1.80359 4.57967e-16
v 0.617854 -1.79004 4.57967e-16
v 0.625101 -1.77769 4.57967e-16
v 0.634401 -1.7668 4.57967e-16
v 0.645852 -1.75764 4.57967e-16
v 0.659553 -1.75047 4.57967e-16
v 0.686509 -1.73757 4.57967e-16
v 0.726089 -1.72007 4.57967e-16
v 0.76663 -1.70665 4.57967e-16
v 0.807992 -1.69678 4.57967e-16
v 0.850033 -1.68993 4.57967e-16
v 0.892612 -1.68556 4.57967e-16
v 0.935588 -1.68315 4.57967e-16
v 0.978818 -1.68216 4.57967e-16
v 1.01766 -1.68206 4.57967e-16
v 1.05203 -1.68226 4.57967e-16
v 1.0864 -1.68246 4.57967e-16
v 1.12125 -1.68224 4.57967e-16
v 1.15658 -1.68161 4.57967e-16
v 1.18114 -1.69359 4.57967e-16
v 1.19495 -1.71818 4.57967e-16
v 1.20985 -1.74195 4.57967e-16
v 1.22584 -1.76492 4.57967e-16
v 1.24271 -1.78722 4.57967e-16
v 1.26047 -1.80885 4.57967e-16
v 1.27889 -1.82998 4.57967e-16
v 1.29798 -1.85058 4.57967e-16
v 1.31752 -1.87082 4.57967e-16
v 1.33752 -1.8907 4.57967e-16
v 1.35776 -1.91036 4.57967e-16
v 1.37824 -1.92981 4.57967e-16
v 1.39875 -1.94918 4.57967e-16
v 1.41928 -1.96849 4.57967e-16
v 1.43963 -1.98789 4.57967e-16
v 1.45979 -2.00736 4.57967e-16
v 1.48148 -2.02805 4.57967e-16
v 1.50468 -2.04993 4.57967e-16
v 1.52789 -2.07182 4.57967e-16
v 1.55139 -2.09339 4.57967e-16
v 1.57517 -2.11464 4.57967e-16
v 1.59896 -2.1359 4.57967e-16
v 1.62304 -2.15683 4.57967e-16
v 1.64739 -2.17744 4.57967e-16
v 1.67175 -2.19805 4.57967e-16
v 1.69637 -2.21833 4.57967e-16
v 1.72127 -2.23828 4.57967e-16
v 1.74617 -2.25822 4.57967e-16
v 1.77133 -2.27784 4.57967e-16
v 1.79676 -2.29712 4.57967e-16
v 1.82218 -2.31639 4.57967e-16
v 1.84785 -2.33533 4.57967e-16
v 1.87378 -2.35392 4.57967e-16
v 1.89971 -2.37251 4.57967e-16
v 1.92587 -2.39076 4.57967e-16
v 1.95228 -2.40865 4.57967e-16
v 1.97869 -2.42655 4.57967e-16
v 2.00534 -2.44409 4.57967e-16
v 2.03221 -2.46127 4.57967e-16
v 2.05908 -2.47846 4.57967e-16
v 4.68475 2.3715 -0.08825
v 4.66541 2.38982 -0.08825
v 4.64606 2.40813 -0.08825
v 4.62541 2.42328 -0.08825
v 4.60476 2.43843 -0.08825
v 4.58296 2.45079 -0.08825
v 4.56115 2.46315 -0.08825
v 4.53834 2.47309 -0.08825
v 4.51554 2.48302 -0.08825
v 4.49188 2.4909 -0.08825
v 4.46823 2.49878 -0.08825
v 4.44388 2.50497 -0.08825
v 4.41954 2.51116 -0.08825
v 4.39465 2.51603 -0.08825
v 4.36976 2.52089 -0.08825
v 4.34449 2.5248 -0.08825
v 4.31922 2.52871 -0.08825
v 4.29371 2.53203 -0.08825
v 4.2682 2.53535 -0.08825
v 4.24262 2.53845 -0.08825
v 4.21703 2.54154 -0.08825
v 4.19152 2.54479 -0.08825
v 4.16601 2.54803 -0.08825
v 4.14073 2.55178 -0.08825
v 4.11545 2.55554 -0.08825
v 4.09055 2.56017 -0.08825
v 4.06565 2.5648 -0.08825
v 4.04128 2.57068 -0.08825
v 4.01692 2.57656 -0.08825
v 3.99324 2.58405 -0.08825
v 3.96956 2.59154 -0.08825
v 3.94673 2.60102 -0.08825
v 3.9239 2.61049 -0.08825
v 3.90469 2.63573 -0.08825
v 3.88549 2.66098 -0.08825
v 3.86551 2.68574 -0.08825
v 3.84553 2.7105 -0.08825
v 3.82477 2.73469 -0.08825
v 3.80401 2.75888 -0.08825
v 3.78248 2.78242 -0.08825
v 3.76094 2.80595 -0.08825
v 3.73863 2.82875 -0.08825
v 3.71632 2.85154 -0.08825
v 3.69323 2.87351 -0.08825
v 3.67014 2.89547 -0.08825
v 3.64627 2.91653 -0.08825
v 3.6224 2.93758 -0.08825
v 3.59775 2.95764 -0.08825
v 3.5731 2.97769 -0.08825
v 3.54767 2.99666 -0.08825
v 3.52224 3.01563 -0.08825
v 3.49603 3.03343 -0.08825
v 3.46982 3.05123 -0.08825
v 3.44282 3.06777 -0.08825
v 3.41583 3.08431 -0.08825
v 3.38806 3.09951 -0.08825
v 3.36028 3.11471 -0.08825
v 3.33172 3.12848 -0.08825
v 3.30317 3.14225 -0.08825
v 3.27382 3.15451 -0.08825
v 3.24448 3.16677 -0.08825
v 3.21436 3.17743 -0.08825
v 3.18423 3.18809 -0.08825
v 3.15332 3.19706 -0.08825
v 3.12241 3.20603 -0.08825
v 3.08845 3.21202 -0.08825
v 3.05449 3.218 -0.08825
v 3.02054 3.22399 -0.08825
v 2.98623 3.2283 -0.08825
v 2.95193 3.23261 -0.08825
v 2.91762 3.23692 -0.08825
v 2.88308 3.23953 -0.08825
v 2.84854 3.24214 -0.08825
v 2.81401 3.24475 -0.08825
v 2.77935 3.24562 -0.08825
v 2.74469 3.2465 -0.08825
v 2.71003 3.24737 -0.08825
v 2.67458 3.24676 -0.08825
v 2.63913 3.24614 -0.08825
v 2.60372 3.24429 -0.08825
v 2.56832 3.24243 -0.08825
v 2.53302 3.23932 -0.08825
v 2.49772 3.23621 -0.08825
v 2.46257 3.23183 -0.08825
v 2.42742 3.22745 -0.08825
v 2.39248 3.22179 -0.08825
v 2.35755 3.21613 -0.08825
v 2.32287 3.20918 -0.08825
v 2.28819 3.20222 -0.08825
v 2.25383 3.19396 -0.08825
v 2.21947 3.18569 -0.08825
v 2.18547 3.17611 -0.08825
v 2.15148 3.16652 -0.08825
v 2.11791 3.1556 -0.08825
v 2.08434 3.14467 -0.08825
v 2.05124 3.1324 -0.08825
v 2.01815 3.12013 -0.08825
v 1.98558 3.10649 -0.08825
v 1.95302 3.09286 -0.08825
v 1.92103 3.07784 -0.08825
v 1.88905 3.06283 -0.08825
v 1.8577 3.04642 -0.08825
v 1.82635 3.03002 -0.08825
v 1.7957 3.01221 -0.08825
v 1.76504 2.9944 -0.08825
v 1.73512 2.97517 -0.08825
v 1.70521 2.95595 -0.08825
v 1.67609 2.93529 -0.08825
v 1.64698 2.91463 -0.08825
v 1.61999 2.89256 -0.08825
v 1.593 2.8705 -0.08825
v 1.56602 2.84843 -0.08825
v 1.53962 2.82567 -0.08825
v 1.51323 2.80291 -0.08825
v 1.48684 2.78015 -0.08825
v 1.4609 2.75685 -0.08825
v 1.43496 2.73356 -0.08825
v 1.40902 2.71027 -0.08825
v 1.38339 2.6866 -0.08825
v 1.35776 2.66294 -0.08825
v 1.33213 2.63928 -0.08825
v 1.30667 2.61541 -0.08825
v 1.2812 2.59154 -0.08825
v 1.25574 2.56767 -0.08825
v 1.2303 2.54376 -0.08825
v 1.20486 2.51985 -0.08825
v 1.17942 2.49594 -0.08825
v 1.15387 2.47214 -0.08825
v 1.12831 2.44835 -0.08825
v 1.10275 2.42456 -0.08825
v 1.07694 2.40105 -0.08825
v 1.05112 2.37753 -0.08825
v 1.0253 2.35402 -0.08825
v 0.996619 2.32949 -0.08825
v 0.967933 2.30496 -0.08825
v 0.939248 2.28043 -0.08825
v 0.910563 2.2559 -0.08825
v 0.881004 2.23247 -0.08825
v 0.851445 2.20903 -0.08825
v 0.821886 2.1856 -0.08825
v 0.792327 2.16217 -0.08825
v 0.762161 2.1395 -0.08825
v 0.731996 2.11683 -0.08825
v 0.70183 2.09416 -0.08825
v 0.671665 2.07149 -0.08825
v 0.64116 2.04924 -0.08825
v 0.610656 2.02699 -0.08825
v 0.580151 2.00474 -0.08825
v 0.549646 1.98249 -0.08825
v 0.51907 1.96033 -0.08825
v 0.488493 1.93816 -0.08825
v 0.457916 1.916 -0.08825
v 0.42734 1.89383 -0.08825
v 0.396958 1.87141 -0.08825
v 0.366577 1.84899 -0.08825
v 0.336195 1.82657 -0.08825
v 0.305814 1.80415 -0.08825
v 0.275895 1.78113 -0.08825
v 0.245976 1.75812 -0.08825
v 0.216057 1.7351 -0.08825
v 0.186138 1.71208 -0.08825
v 0.156949 1.68813 -0.08825
v 0.12776 1.66419 -0.08825
v 0.0985708 1.64024 -0.08825
v 0.0693816 1.61629 -0.08825
v 0.039493 1.59068 -0.08825
v 0.00960448 1.56508 -0.08825
v -0.0202841 1.53947 -0.08825
v -0.0501726 1.51387 -0.08825
v -0.0800612 1.48826 -0.08825
v -0.10995 1.46266 -0.08825
v -0.139531 1.4367 -0.08825
v -0.169112 1.41075 -0.08825
v -0.198693 1.38479 -0.08825
v -0.228274 1.35884 -0.08825
v -0.257856 1.33288 -0.08825
v -0.287437 1.30693 -0.08825
v -0.316824 1.28075 -0.08825
v -0.346211 1.25458 -0.08825
v -0.375599 1.22841 -0.08825
v -0.404986 1.20223 -0.08825
v -0.434373 1.17606 -0.08825
v -0.463761 1.14989 -0.08825
v -0.493067 1.12362 -0.08825
v -0.522374 1.09736 -0.08825
v -0.551681 1.0711 -0.08825
v -0.580988 1.04483 -0.08825
v -0.610295 1.01857 -0.08825
v -0.639602 0.992308 -0.08825
v -0.668942 0.966085 -0.08825
v -0.698282 0.939863 -0.08825
v -0.727622 0.913641 -0.08825
v -0.756962 0.887419 -0.08825
v -0.786302 0.861197 -0.08825
v -0.815642 0.834974 -0.08825
v -0.845128 0.808923 -0.08825
v -0.874615 0.782872 -0.08825
v -0.904102 0.75682 -0.08825
v -0.933588 0.730769 -0.08825
v -0.963075 0.704718 -0.08825
v -0.992561 0.678666 -0.08825
v -1.02231 0.652916 -0.08825
v -1.05205 0.627165 -0.08825
v -1.0818 0.601415 -0.08825
v -1.11155 0.575664 -0.08825
v -1.14129 0.549914 -0.08825
v -1.17104 0.524163 -0.08825
v -1.20116 0.498844 -0.08825
v -1.23128 0.473524 -0.08825
v -1.2614 0.448205 -0.08825
v -1.29152 0.422885 -0.08825
v -1.32164 0.397565 -0.08825
v -1.35176 0.372246 -0.08825
v -1.37912 0.346734 -0.08825
v -1.40648 0.321223 -0.08825
v -1.43491 0.2973 -0.08825
v -1.46335 0.273376 -0.08825
v -1.49277 0.250919 -0.08825
v -1.52219 0.228462 -0.08825
v -1.5525 0.207348 -0.08825
v -1.58281 0.186235 -0.08825
v -1.61393 0.166343 -0.08825
v -1.64504 0.146452 -0.08825
v -1.67687 0.12766 -0.08825
v -1.7087 0.108868 -0.08825
v -1.74115 0.0910539 -0.08825
v -1.77359 0.0732397 -0.08825
v -1.80657 0.056281 -0.08825
v -1.83954 0.0393223 -0.08825
v -1.87295 0.0230971 -0.08825
v -1.90637 0.00687181 -0.08825
v -1.94012 -0.00874209 -0.08825
v -1.97388 -0.024356 -0.08825
v -2.00789 -0.0394806 -0.08825
v -2.04191 -0.0546053 -0.08825
v -2.07608 -0.0693627 -0.08825
v -2.11026 -0.0841202 -0.08825
v -2.1445 -0.0986326 -0.08825
v -2.17875 -0.113145 -0.08825
v -2.21298 -0.127534 -0.08825
v -2.2472 -0.141924 -0.08825
v -2.28132 -0.156312 -0.08825
v -2.31544 -0.170701 -0.08825
v -2.34935 -0.185211 -0.08825
v -2.38326 -0.19972 -0.08825
v -2.41999 -0.212325 -0.08825
v -2.45673 -0.224929 -0.08825
v -2.49346 -0.237534 -0.08825
v -2.53019 -0.250138 -0.08825
v -2.5671 -0.262126 -0.08825
v -2.60402 -0.274113 -0.08825
v -2.64094 -0.286101 -0.08825
v -2.67786 -0.298088 -0.08825
v -2.71491 -0.309638 -0.08825
v -2.75196 -0.321189 -0.08825
v -2.78901 -0.332739 -0.08825
v -2.82606 -0.34429 -0.08825
v -2.86319 -0.355583 -0.08825
v -2.90032 -0.366876 -0.08825
v -2.93745 -0.378169 -0.08825
v -2.97458 -0.389462 -0.08825
v -3.01173 -0.400678 -0.08825
v -3.04888 -0.411894 -0.08825
v -3.08603 -0.423109 -0.08825
v -3.12318 -0.434325 -0.08825
v -3.1603 -0.445644 -0.08825
v -3.19741 -0.456962 -0.08825
v -3.23453 -0.46828 -0.08825
v -3.27165 -0.479598 -0.08825
v -3.30867 -0.491199 -0.08825
v -3.3457 -0.5028 -0.08825
v -3.38273 -0.5144 -0.08825
v -3.41976 -0.526001 -0.08825
v -3.45664 -0.538064 -0.08825
v -3.49353 -0.550127 -0.08825
v -3.53041 -0.56219 -0.08825
v -3.5673 -0.574253 -0.08825
v -3.59798 -0.584762 -0.08825
v -3.62866 -0.595271 -0.08825
v -3.65956 -0.605186 -0.08825
v -3.69046 -0.615101 -0.08825
v -3.72154 -0.624549 -0.08825
v -3.75262 -0.633996 -0.08825
v -3.78382 -0.643102 -0.08825
v -3.81503 -0.652207 -0.08825
v -3.84632 -0.661097 -0.08825
v -3.8776 -0.669986 -0.08825
v -3.90892 -0.678786 -0.08825
v -3.94024 -0.687586 -0.08825
v -3.97155 -0.696421 -0.08825
v -4.00285 -0.705257 -0.08825
v -4.03409 -0.714255 -0.08825
v -4.06533 -0.723252 -0.08825
v -4.09646 -0.732538 -0.08825
v -4.12759 -0.741823 -0.08825
v -4.15856 -0.751523 -0.08825
v -4.18953 -0.761222 -0.08825
v -4.2203 -0.771461 -0.08825
v -4.25106 -0.781701 -0.08825
v -4.28158 -0.792606 -0.08825
v -4.31209 -0.803511 -0.08825
v -4.3423 -0.815208 -0.08825
v -4.37251 -0.826905 -0.08825
v -4.40237 -0.83952 -0.08825
v -4.43223 -0.852134 -0.08825
v -4.4617 -0.865793 -0.08825
v -4.49116 -0.879451 -0.08825
v -4.52018 -0.894279 -0.08825
v -4.5492 -0.909107 -0.08825
v -4.57674 -0.925886 -0.08825
v -4.601 -0.94586 -0.08825
v -4.62211 -0.968635 -0.08825
v -4.64018 -0.993818 -0.08825
v -4.65536 -1.02102 -0.08825
v -4.66776 -1.04984 -0.08825
v -4.67751 -1.07989 -0.08825
v -4.68475 -1.11078 -0.08825
v -4.64612 -1.12089 -0.08825
v -4.60749 -1.131 -0.08825
v -4.56886 -1.14111 -0.08825
v -4.52988 -1.15099 -0.08825
v -4.4909 -1.16087 -0.08825
v -4.45191 -1.17075 -0.08825
v -4.42127 -1.15393 -0.08825
v -4.39062 -1.13711 -0.08825
v -4.35964 -1.12064 -0.08825
v -4.32865 -1.10418 -0.08825
v -4.32865 -1.13865 -0.08825
v -4.32865 -1.17313 -0.08825
v -4.32865 -1.20761 -0.08825
v -4.28811 -1.20852 -0.08825
v -4.24757 -1.20944 -0.08825
v -4.20703 -1.21035 -0.08825
v -4.16284 -1.20967 -0.08825
v -4.11866 -1.20899 -0.08825
v -4.07456 -1.20703 -0.08825
v -4.03047 -1.20506 -0.08825
v -3.98645 -1.20194 -0.08825
v -3.94244 -1.19881 -0.08825
v -3.8985 -1.19465 -0.08825
v -3.85456 -1.19048 -0.08825
v -3.81069 -1.1854 -0.08825
v -3.76682 -1.18031 -0.08825
v -3.72302 -1.17442 -0.08825
v -3.67921 -1.16854 -0.08825
v -3.63547 -1.16197 -0.08825
v -3.59172 -1.15541 -0.08825
v -3.54803 -1.14828 -0.08825
v -3.50433 -1.14116 -0.08825
v -3.46068 -1.13359 -0.08825
v -3.41703 -1.12603 -0.08825
v -3.37342 -1.11815 -0.08825
v -3.3298 -1.11027 -0.08825
v -3.28623 -1.10219 -0.08825
v -3.24265 -1.09412 -0.08825
v -3.19909 -1.08596 -0.08825
v -3.15554 -1.07781 -0.08825
v -3.11201 -1.0697 -0.08825
v -3.06847 -1.06158 -0.08825
v -3.02495 -1.05364 -0.08825
v -2.98144 -1.04569 -0.08825
v -2.93792 -1.03803 -0.08825
v -2.89441 -1.03037 -0.08825
v -2.8509 -1.02311 -0.08825
v -2.80739 -1.01586 -0.08825
v -2.77637 -1.01101 -0.08825
v -2.74534 -1.00617 -0.08825
v -2.71442 -1.00059 -0.08825
v -2.6835 -0.995004 -0.08825
v -2.65267 -0.988815 -0.08825
v -2.62183 -0.982626 -0.08825
v -2.59106 -0.975964 -0.08825
v -2.56029 -0.969303 -0.08825
v -2.52957 -0.962305 -0.08825
v -2.49885 -0.955306 -0.08825
v -2.46816 -0.948103 -0.08825
v -2.43747 -0.940901 -0.08825
v -2.40679 -0.93363 -0.08825
v -2.37611 -0.926358 -0.08825
v -2.34543 -0.919152 -0.08825
v -2.31474 -0.911945 -0.08825
v -2.28403 -0.904938 -0.08825
v -2.25332 -0.897931 -0.08825
v -2.22257 -0.891257 -0.08825
v -2.19181 -0.884583 -0.08825
v -2.161 -0.878377 -0.08825
v -2.13018 -0.87217 -0.08825
v -2.09928 -0.866566 -0.08825
v -2.06839 -0.860961 -0.08825
v -2.03739 -0.856093 -0.08825
v -2.0064 -0.851224 -0.08825
v -1.97529 -0.847226 -0.08825
v -1.94418 -0.843228 -0.08825
v -1.91293 -0.840234 -0.08825
v -1.88168 -0.83724 -0.08825
v -1.85029 -0.835385 -0.08825
v -1.81889 -0.83353 -0.08825
v -1.77867 -0.84269 -0.08825
v -1.73845 -0.851849 -0.08825
v -1.69824 -0.861009 -0.08825
v -1.65855 -0.872111 -0.08825
v -1.61887 -0.883213 -0.08825
v -1.57918 -0.894316 -0.08825
v -1.53997 -0.907061 -0.08825
v -1.50076 -0.919805 -0.08825
v -1.46155 -0.93255 -0.08825
v -1.42275 -0.946636 -0.08825
v -1.38395 -0.960721 -0.08825
v -1.34516 -0.974807 -0.08825
v -1.30671 -0.989933 -0.08825
v -1.26827 -1.00506 -0.08825
v -1.22983 -1.02019 -0.08825
v -1.19168 -1.03605 -0.08825
v -1.15353 -1.05192 -0.08825
v -1.11539 -1.06778 -0.08825
v -1.07747 -1.08409 -0.08825
v -1.03956 -1.10039 -0.08825
v -1.00165 -1.11669 -0.08825
v -0.963918 -1.13314 -0.08825
v -0.926184 -1.14958 -0.08825
v -0.88845 -1.16602 -0.08825
v -0.849011 -1.18895 -0.08825
v -0.809573 -1.21188 -0.08825
v -0.770135 -1.23481 -0.08825
v -0.72985 -1.25601 -0.08825
v -0.689566 -1.2772 -0.08825
v -0.649281 -1.29839 -0.08825
v -0.60831 -1.31817 -0.08825
v -0.567339 -1.33795 -0.08825
v -0.526367 -1.35772 -0.08825
v -0.484868 -1.37642 -0.08825
v -0.443369 -1.39511 -0.08825
v -0.401869 -1.4138 -0.08825
v -0.360001 -1.43173 -0.08825
v -0.318133 -1.44966 -0.08825
v -0.276264 -1.46759 -0.08825
v -0.234186 -1.48509 -0.08825
v -0.192108 -1.50259 -0.08825
v -0.15003 -1.52009 -0.08825
v -0.107901 -1.53748 -0.08825
v -0.0657713 -1.55487 -0.08825
v -0.0236421 -1.57226 -0.08825
v 0.0183791 -1.58987 -0.08825
v 0.0604003 -1.60748 -0.08825
v 0.102421 -1.6251 -0.08825
v 0.126812 -1.63325 -0.08825
v 0.148481 -1.64421 -0.08825
v 0.16775 -1.65767 -0.08825
v 0.184942 -1.6733 -0.08825
v 0.200379 -1.69079 -0.08825
v 0.214383 -1.70981 -0.08825
v 0.227278 -1.73005 -0.08825
v 0.239386 -1.75119 -0.08825
v 0.251028 -1.7729 -0.08825
v 0.262528 -1.79486 -0.08825
v 0.274208 -1.81676 -0.08825
v 0.28639 -1.83828 -0.08825
v 0.299397 -1.8591 -0.08825
v 0.313551 -1.87889 -0.08825
v 0.329175 -1.89734 -0.08825
v 0.346591 -1.91413 -0.08825
v 0.367733 -1.9342 -0.08825
v 0.388874 -1.95427 -0.08825
v 0.409064 -1.97512 -0.08825
v 0.429254 -1.99596 -0.08825
v 0.448592 -2.01749 -0.08825
v 0.467931 -2.03903 -0.08825
v 0.486518 -2.06117 -0.08825
v 0.505105 -2.08332 -0.08825
v 0.523041 -2.10599 -0.08825
v 0.540977 -2.12867 -0.08825
v 0.558361 -2.15179 -0.08825
v 0.575745 -2.17491 -0.08825
v 0.592678 -2.19841 -0.08825
v 0.609611 -2.2219 -0.08825
v 0.626192 -2.24568 -0.08825
v 0.642773 -2.26946 -0.08825
v 0.659102 -2.29345 -0.08825
v 0.675431 -2.31744 -0.08825
v 0.691609 -2.34156 -0.08825
v 0.707786 -2.36567 -0.08825
v 0.723912 -2.38984 -0.08825
v 0.740038 -2.414 -0.08825
v 0.756211 -2.43813 -0.08825
v 0.772385 -2.46225 -0.08825
v 0.788707 -2.48627 -0.08825
v 0.805029 -2.51028 -0.08825
v 0.821598 -2.5341 -0.08825
v 0.838168 -2.55792 -0.08825
v 0.855085 -2.58146 -0.08825
v 0.872003 -2.605 -0.08825
v 0.889368 -2.62819 -0.08825
v 0.906733 -2.65137 -0.08825
v 0.87988 -2.65485 -0.08825
v 0.853026 -2.65832 -0.08825
v 0.826364 -2.65943 -0.08825
v 0.799702 -2.66053 -0.08825
v 0.776135 -2.65971 -0.08825
v 0.752568 -2.6589 -0.08825
v 0.729161 -2.65656 -0.08825
v 0.705755 -2.65422 -0.08825
v 0.682513 -2.65053 -0.08825
v 0.659272 -2.64684 -0.08825
v 0.636199 -2.64196 -0.08825
v 0.613126 -2.63708 -0.08825
v 0.590226 -2.63118 -0.08825
v 0.567327 -2.62528 -0.08825
v 0.544604 -2.61852 -0.08825
v 0.521882 -2.61177 -0.08825
v 0.499341 -2.60433 -0.08825
v 0.476799 -2.5969 -0.08825
v 0.454444 -2.58894 -0.08825
v 0.432088 -2.58098 -0.08825
v 0.423219 -2.61121 -0.08825
v 0.41435 -2.64143 -0.08825
v 0.405481 -2.67166 -0.08825
v 0.397194 -2.70236 -0.08825
v 0.388907 -2.73306 -0.08825
v 0.38062 -2.76377 -0.08825
v 0.407132 -2.76729 -0.08825
v 0.433644 -2.77081 -0.08825
v 0.460285 -2.77409 -0.08825
v 0.486925 -2.77738 -0.08825
v 0.513657 -2.78054 -0.08825
v 0.540388 -2.78371 -0.08825
v 0.567174 -2.78686 -0.08825
v 0.593959 -2.79001 -0.08825
v 0.620761 -2.79325 -0.08825
v 0.647563 -2.7965 -0.08825
v 0.674344 -2.79995 -0.08825
v 0.701125 -2.8034 -0.08825
v 0.727848 -2.80716 -0.08825
v 0.754571 -2.81093 -0.08825
v 0.781198 -2.81512 -0.08825
v 0.807825 -2.81931 -0.08825
v 0.834319 -2.82403 -0.08825
v 0.860813 -2.82875 -0.08825
v 0.887137 -2.83412 -0.08825
v 0.913461 -2.83949 -0.08825
v 0.939577 -2.84561 -0.08825
v 0.965693 -2.85173 -0.08825
v 0.991564 -2.85872 -0.08825
v 1.01743 -2.8657 -0.08825
v 1.04302 -2.87366 -0.08825
v 1.06861 -2.88162 -0.08825
v 1.09388 -2.89066 -0.08825
v 1.11915 -2.8997 -0.08825
v 1.14406 -2.90993 -0.08825
v 1.16897 -2.92016 -0.08825
v 1.19349 -2.9317 -0.08825
v 1.21801 -2.94323 -0.08825
v 1.25163 -2.95852 -0.08825
v 1.28526 -2.9738 -0.08825
v 1.31889 -2.98909 -0.08825
v 1.35282 -3.00366 -0.08825
v 1.38675 -3.01822 -0.08825
v 1.42068 -3.03279 -0.08825
v 1.45491 -3.04662 -0.08825
v 1.48913 -3.06045 -0.08825
v 1.52336 -3.07429 -0.08825
v 1.55788 -3.08737 -0.08825
v 1.59239 -3.10046 -0.08825
v 1.6269 -3.11354 -0.08825
v 1.6617 -3.12587 -0.08825
v 1.69649 -3.13819 -0.08825
v 1.73129 -3.15052 -0.08825
v 1.76636 -3.16207 -0.08825
v 1.80142 -3.17363 -0.08825
v 1.83649 -3.18518 -0.08825
v 1.87182 -3.19594 -0.08825
v 1.90715 -3.20671 -0.08825
v 1.94249 -3.21748 -0.08825
v 1.97807 -3.22744 -0.08825
v 2.01366 -3.23741 -0.08825
v 2.04925 -3.24737 -0.08825
v 2.05082 -3.22263 -0.08825
v 2.05238 -3.19789 -0.08825
v 2.05288 -3.17316 -0.08825
v 2.05339 -3.14844 -0.08825
v 2.05179 -3.10289 -0.08825
v 2.05019 -3.05734 -0.08825
v 2.04572 -3.01209 -0.08825
v 2.04124 -2.96684 -0.08825
v 2.00428 -2.95666 -0.08825
v 1.96732 -2.94648 -0.08825
v 1.93017 -2.93717 -0.08825
v 1.89302 -2.92786 -0.08825
v 1.85575 -2.9191 -0.08825
v 1.81849 -2.91034 -0.08825
v 1.78118 -2.90184 -0.08825
v 1.74387 -2.89334 -0.08825
v 1.7066 -2.88478 -0.08825
v 1.66932 -2.87622 -0.08825
v 1.63216 -2.8673 -0.08825
v 1.59499 -2.85838 -0.08825
v 1.55801 -2.84879 -0.08825
v 1.52102 -2.83919 -0.08825
v 1.48429 -2.82863 -0.08825
v 1.44756 -2.81806 -0.08825
v 1.47595 -2.81682 -0.08825
v 1.50433 -2.81558 -0.08825
v 1.53313 -2.81489 -0.08825
v 1.56193 -2.81419 -0.08825
v 1.58942 -2.81465 -0.08825
v 1.61676 -2.8162 -0.08825
v 1.64384 -2.81913 -0.08825
v 1.67056 -2.82369 -0.08825
v 1.6968 -2.83018 -0.08825
v 1.72245 -2.83885 -0.08825
v 1.7474 -2.84999 -0.08825
v 1.77155 -2.86387 -0.08825
v 1.79413 -2.87006 -0.08825
v 1.81672 -2.87624 -0.08825
v 1.83968 -2.8817 -0.08825
v 1.86263 -2.88716 -0.08825
v 1.88571 -2.89245 -0.08825
v 1.90879 -2.89774 -0.08825
v 1.93174 -2.90342 -0.08825
v 1.95469 -2.90911 -0.08825
v 1.97726 -2.91574 -0.08825
v 1.99984 -2.92238 -0.08825
v 2.02178 -2.93052 -0.08825
v 2.04373 -2.93867 -0.08825
v 2.06481 -2.94888 -0.08825
v 2.08588 -2.95909 -0.08825
v 2.10583 -2.97194 -0.08825
v 2.12578 -2.98478 -0.08825
v 2.16172 -3.01138 -0.08825
v 2.19544 -3.04078 -0.08825
v 2.22791 -3.07172 -0.08825
v 2.2601 -3.10297 -0.08825
v 2.29297 -3.1333 -0.08825
v 2.3275 -3.16145 -0.08825
v 2.36465 -3.18619 -0.08825
v 2.40539 -3.20629 -0.08825
v 2.40724 -3.17183 -0.08825
v 2.4043 -3.13045 -0.08825
v 2.39582 -3.09248 -0.08825
v 2.38229 -3.05768 -0.08825
v 2.36422 -3.02583 -0.08825
v 2.3421 -2.99669 -0.08825
v 2.31644 -2.97002 -0.08825
v 2.28772 -2.94561 -0.08825
v 2.25645 -2.92321 -0.08825
v 2.22312 -2.90259 -0.08825
v 2.18824 -2.88353 -0.08825
v 2.1523 -2.86579 -0.08825
v 2.11581 -2.84913 -0.08825
v 2.07925 -2.83333 -0.08825
v 2.04313 -2.81816 -0.08825
v 2.00795 -2.80338 -0.08825
v 1.9742 -2.78876 -0.08825
v 1.96515 -2.78386 -0.08825
v 1.9546 -2.77821 -0.08825
v 1.94305 -2.77205 -0.08825
v 1.931 -2.76567 -0.08825
v 1.91895 -2.7593 -0.08825
v 1.9074 -2.75322 -0.08825
v 1.89685 -2.74768 -0.08825
v 1.88779 -2.74294 -0.08825
v 1.86437 -2.7378 -0.08825
v 1.84096 -2.73266 -0.08825
v 1.81821 -2.72596 -0.08825
v 1.79545 -2.71925 -0.08825
v 1.77341 -2.71073 -0.08825
v 1.75137 -2.70221 -0.08825
v 1.73008 -2.69164 -0.08825
v 1.70878 -2.68106 -0.08825
v 1.73339 -2.67872 -0.08825
v 1.758 -2.67638 -0.08825
v 1.78296 -2.67394 -0.08825
v 1.80793 -2.6715 -0.08825
v 1.83306 -2.66959 -0.08825
v 1.8582 -2.66767 -0.08825
v 1.88331 -2.66689 -0.08825
v 1.90842 -2.66611 -0.08825
v 1.93446 -2.66662 -0.08825
v 1.96032 -2.66826 -0.08825
v 1.98595 -2.67121 -0.08825
v 2.0113 -2.67565 -0.08825
v 2.03632 -2.68175 -0.08825
v 2.06094 -2.68968 -0.08825
v 2.08512 -2.69963 -0.08825
v 2.1088 -2.71177 -0.08825
v 2.1399 -2.71563 -0.08825
v 2.17099 -2.71949 -0.08825
v 2.20185 -2.72445 -0.08825
v 2.23271 -2.72942 -0.08825
v 2.26336 -2.73539 -0.08825
v 2.29401 -2.74136 -0.08825
v 2.32447 -2.74823 -0.08825
v 2.35492 -2.75511 -0.08825
v 2.3852 -2.7628 -0.08825
v 2.41548 -2.77049 -0.08825
v 2.44559 -2.77889 -0.08825
v 2.47571 -2.78729 -0.08825
v 2.50569 -2.79631 -0.08825
v 2.53567 -2.80533 -0.08825
v 2.56552 -2.81487 -0.08825
v 2.59538 -2.8244 -0.08825
v 2.62513 -2.83436 -0.08825
v 2.65488 -2.84431 -0.08825
v 2.68454 -2.85459 -0.08825
v 2.7142 -2.86487 -0.08825
v 2.7438 -2.87538 -0.08825
v 2.77339 -2.88589 -0.08825
v 2.80293 -2.89652 -0.08825
v 2.83247 -2.90715 -0.08825
v 2.86198 -2.91782 -0.08825
v 2.89149 -2.92848 -0.08825
v 2.92099 -2.93908 -0.08825
v 2.95048 -2.94968 -0.08825
v 2.97998 -2.96011 -0.08825
v 3.00947 -2.97054 -0.08825
v 3.03899 -2.98071 -0.08825
v 3.0685 -2.99089 -0.08825
v 3.07243 -2.95804 -0.08825
v 3.07635 -2.9252 -0.08825
v 3.08027 -2.89236 -0.08825
v 3.08407 -2.85987 -0.08825
v 3.08786 -2.82739 -0.08825
v 3.09166 -2.7949 -0.08825
v 3.06887 -2.7629 -0.08825
v 3.04608 -2.7309 -0.08825
v 3.02401 -2.6989 -0.08825
v 3.00193 -2.6669 -0.08825
v 3.03381 -2.6743 -0.08825
v 3.06416 -2.68415 -0.08825
v 3.09307 -2.69627 -0.08825
v 3.1206 -2.71049 -0.08825
v 3.14686 -2.72663 -0.08825
v 3.17192 -2.74453 -0.08825
v 3.19586 -2.764 -0.08825
v 3.21878 -2.78488 -0.08825
v 3.24075 -2.80698 -0.08825
v 3.26185 -2.83014 -0.08825
v 3.28218 -2.85418 -0.08825
v 3.30181 -2.87892 -0.08825
v 3.32083 -2.9042 -0.08825
v 3.33932 -2.92983 -0.08825
v 3.35737 -2.95564 -0.08825
v 3.37505 -2.98146 -0.08825
v 3.38018 -2.94885 -0.08825
v 3.38184 -2.91701 -0.08825
v 3.38065 -2.89027 -0.08825
v 3.37716 -2.86418 -0.08825
v 3.37149 -2.83878 -0.08825
v 3.36376 -2.81409 -0.08825
v 3.35409 -2.79015 -0.08825
v 3.34259 -2.76699 -0.08825
v 3.3294 -2.74465 -0.08825
v 3.31463 -2.72317 -0.08825
v 3.2984 -2.70257 -0.08825
v 3.28083 -2.6829 -0.08825
v 3.26204 -2.66418 -0.08825
v 3.24215 -2.64646 -0.08825
v 3.22128 -2.62976 -0.08825
v 3.19955 -2.61412 -0.08825
v 3.17709 -2.59958 -0.08825
v 3.154 -2.58617 -0.08825
v 3.12604 -2.57666 -0.08825
v 3.09808 -2.56715 -0.08825
v 3.06984 -2.55936 -0.08825
v 3.0416 -2.55157 -0.08825
v 3.01311 -2.54527 -0.08825
v 2.98462 -2.53898 -0.08825
v 2.95593 -2.53394 -0.08825
v 2.92723 -2.52891 -0.08825
v 2.89837 -2.5249 -0.08825
v 2.86951 -2.5209 -0.08825
v 2.84051 -2.5177 -0.08825
v 2.81152 -2.51449 -0.08825
v 2.78243 -2.51186 -0.08825
v 2.75335 -2.50923 -0.08825
v 2.7242 -2.50693 -0.08825
v 2.69506 -2.50464 -0.08825
v 2.6659 -2.50245 -0.08825
v 2.63675 -2.50026 -0.08825
v 2.60761 -2.49795 -0.08825
v 2.57847 -2.49564 -0.08825
v 2.54939 -2.49298 -0.08825
v 2.52032 -2.49032 -0.08825
v 2.49134 -2.48707 -0.08825
v 2.46235 -2.48382 -0.08825
v 2.43351 -2.47976 -0.08825
v 2.40466 -2.4757 -0.08825
v 2.37599 -2.47059 -0.08825
v 2.34732 -2.46548 -0.08825
v 2.31886 -2.45909 -0.08825
v 2.2904 -2.45271 -0.08825
v 2.26219 -2.44482 -0.08825
v 2.23398 -2.43692 -0.08825
v 2.20615 -2.41482 -0.08825
v 2.17831 -2.39272 -0.08825
v 2.15161 -2.36936 -0.08825
v 2.1249 -2.346 -0.08825
v 2.09897 -2.32179 -0.08825
v 2.07303 -2.29757 -0.08825
v 2.0475 -2.27291 -0.08825
v 2.02198 -2.24825 -0.08825
v 1.99651 -2.22355 -0.08825
v 1.97104 -2.19884 -0.08825
v 1.94527 -2.17449 -0.08825
v 1.9195 -2.15015 -0.08825
v 1.89307 -2.12657 -0.08825
v 1.86664 -2.10298 -0.08825
v 1.8392 -2.08057 -0.08825
v 1.81175 -2.05815 -0.08825
v 1.78475 -2.03479 -0.08825
v 1.75774 -2.01143 -0.08825
v 1.73074 -1.98807 -0.08825
v 1.70373 -1.9647 -0.08825
v 1.67789 -1.9401 -0.08825
v 1.65205 -1.9155 -0.08825
v 1.6262 -1.8909 -0.08825
v 1.60036 -1.8663 -0.08825
v 1.57556 -1.84068 -0.08825
v 1.55075 -1.81506 -0.08825
v 1.52595 -1.78943 -0.08825
v 1.50114 -1.76381 -0.08825
v 1.47726 -1.73739 -0.08825
v 1.45337 -1.71097 -0.08825
v 1.42948 -1.68455 -0.08825
v 1.40559 -1.65813 -0.08825
v 1.43489 -1.63736 -0.08825
v 1.46515 -1.6186 -0.08825
v 1.49628 -1.60164 -0.08825
v 1.52814 -1.58624 -0.08825
v 1.56065 -1.57216 -0.08825
v 1.59369 -1.55919 -0.08825
v 1.62716 -1.54707 -0.08825
v 1.66093 -1.53559 -0.08825
v 1.69491 -1.5245 -0.08825
v 1.72899 -1.51358 -0.08825
v 1.76305 -1.50259 -0.08825
v 1.797 -1.49131 -0.08825
v 1.83071 -1.47949 -0.08825
v 1.86408 -1.46691 -0.08825
v 1.89701 -1.45334 -0.08825
v 1.92938 -1.43853 -0.08825
v 1.96946 -1.42131 -0.08825
v 2.00955 -1.40408 -0.08825
v 2.04891 -1.38547 -0.08825
v 2.08826 -1.36685 -0.08825
v 2.12686 -1.34688 -0.08825
v 2.16546 -1.3269 -0.08825
v 2.20328 -1.30561 -0.08825
v 2.2411 -1.28432 -0.08825
v 2.27812 -1.26175 -0.08825
v 2.31513 -1.23918 -0.08825
v 2.35132 -1.21537 -0.08825
v 2.38751 -1.19156 -0.08825
v 2.42286 -1.16655 -0.08825
v 2.4582 -1.14153 -0.08825
v 2.49267 -1.11535 -0.08825
v 2.52714 -1.08917 -0.08825
v 2.56072 -1.06186 -0.08825
v 2.5943 -1.03455 -0.08825
v 2.62696 -1.00614 -0.08825
v 2.65963 -0.977744 -0.08825
v 2.69135 -0.94829 -0.08825
v 2.72307 -0.918837 -0.08825
v 2.75383 -0.888368 -0.08825
v 2.7846 -0.857899 -0.08825
v 2.81437 -0.826453 -0.08825
v 2.84415 -0.795008 -0.08825
v 2.87292 -0.762622 -0.08825
v 2.90169 -0.730237 -0.08825
v 2.92942 -0.69695 -0.08825
v 2.95716 -0.663663 -0.08825
v 2.98385 -0.629512 -0.08825
v 3.01053 -0.595361 -0.08825
v 3.03614 -0.560384 -0.08825
v 3.06175 -0.525408 -0.08825
v 3.08627 -0.489643 -0.08825
v 3.11078 -0.453877 -0.08825
v 3.13417 -0.417362 -0.08825
v 3.15756 -0.380846 -0.08825
v 3.1798 -0.343618 -0.08825
v 3.20205 -0.30639 -0.08825
v 3.22313 -0.268487 -0.08825
v 3.2442 -0.230584 -0.08825
v 3.26409 -0.192043 -0.08825
v 3.28398 -0.153503 -0.08825
v 3.30266 -0.114364 -0.08825
v 3.32133 -0.0752243 -0.08825
v 3.33877 -0.0355233 -0.08825
v 3.35622 0.00417762 -0.08825
v 3.3724 0.0444023 -0.08825
v 3.38858 0.0846269 -0.08825
v 3.40348 0.125337 -0.08825
v 3.41838 0.166048 -0.08825
v 3.43198 0.207207 -0.08825
v 3.44558 0.248365 -0.08825
v 3.45785 0.289934 -0.08825
v 3.47012 0.331503 -0.08825
v 3.48105 0.373445 -0.08825
v 3.49197 0.415386 -0.08825
v 3.50152 0.457662 -0.08825
v 3.51107 0.499938 -0.08825
v 3.51922 0.542511 -0.08825
v 3.52738 0.585084 -0.08825
v 3.53412 0.627917 -0.08825
v 3.54086 0.670749 -0.08825
v 3.54434 0.713513 -0.08825
v 3.54749 0.75659 -0.08825
v 3.55039 0.799943 -0.08825
v 3.55312 0.843532 -0.08825
v 3.55575 0.88732 -0.08825
v 3.55836 0.931268 -0.08825
v 3.56103 0.975338 -0.08825
v 3.56383 1.01949 -0.08825
v 3.56684 1.06369 -0.08825
v 3.57014 1.1079 -0.08825
v 3.57381 1.15208 -0.08825
v 3.57792 1.19618 -0.08825
v 3.58255 1.24018 -0.08825
v 3.58779 1.28404 -0.08825
v 3.59369 1.32771 -0.08825
v 3.60035 1.37116 -0.08825
v 3.60784 1.41435 -0.08825
v 3.61624 1.45724 -0.08825
v 3.62562 1.49979 -0.08825
v 3.63607 1.54197 -0.08825
v 3.64765 1.58374 -0.08825
v 3.66045 1.62505 -0.08825
v 3.67455 1.66588 -0.08825
v 3.69001 1.70618 -0.08825
v 3.70693 1.74591 -0.08825
v 3.72537 1.78504 -0.08825
v 3.74542 1.82353 -0.08825
v 3.76714 1.86133 -0.08825
v 3.79062 1.89842 -0.08825
v 3.81594 1.93475 -0.08825
v 3.84317 1.97028 -0.08825
v 3.87239 2.00498 -0.08825
v 3.89167 2.0273 -0.08825
v 3.91095 2.04963 -0.08825
v 3.93175 2.0693 -0.08825
v 3.95256 2.08896 -0.08825
v 3.97473 2.10624 -0.08825
v 3.99691 2.12351 -0.08825
v 4.02031 2.13865 -0.08825
v 4.0437 2.15378 -0.08825
v 4.06817 2.16704 -0.08825
v 4.09263 2.1803 -0.08825
v 4.11801 2.19193 -0.08825
v 4.14339 2.20357 -0.08825
v 4.16953 2.21384 -0.08825
v 4.19568 2.22412 -0.08825
v 4.22243 2.23328 -0.08825
v 4.24918 2.24245 -0.08825
v 4.2764 2.25077 -0.08825
v 4.30361 2.25909 -0.08825
v 4.33113 2.26682 -0.08825
v 4.35865 2.27456 -0.08825
v 4.38633 2.28196 -0.08825
v 4.414 2.28936 -0.08825
v 4.44168 2.29669 -0.08825
v 4.46936 2.30401 -0.08825
v 4.49689 2.31153 -0.08825
v 4.52442 2.31904 -0.08825
v 4.55164 2.327 -0.08825
v 4.57887 2.33495 -0.08825
v 4.60564 2.34361 -0.08825
v 4.63242 2.35227 -0.08825
v 4.65858 2.36189 -0.08825
v 4.68475 2.3715 0.08825
v 4.66541 2.38982 0.08825
v 4.64606 2.40813 0.08825
v 4.62541 2.42328 0.08825
v 4.60476 2.43843 0.08825
v 4.58296 2.45079 0.08825
v 4.56115 2.46315 0.08825
v 4.53834 2.47309 0.08825
v 4.51554 2.48302 0.08825
v 4.49188 2.4909 0.08825
v 4.46823 2.49878 0.08825
v 4.44388 2.50497 0.08825
v 4.41954 2.51116 0.08825
v 4.39465 2.51603 0.08825
v 4.36976 2.52089 0.08825
v 4.34449 2.5248 0.08825
v 4.31922 2.52871 0.08825
v 4.29371 2.53203 0.08825
v 4.2682 2.53535 0.08825
v 4.24262 2.53845 0.08825
v 4.21703 2.54154 0.08825
v 4.19152 2.54479 0.08825
v 4.16601 2.54803 0.08825
v 4.14073 2.55178 0.08825
v 4.11545 2.55554 0.08825
v 4.09055 2.56017 0.08825
v 4.06565 2.5648 0.08825
v 4.04128 2.57068 0.08825
v 4.01692 2.57656 0.08825
v 3.99324 2.58405 0.08825
v 3.96956 2.59154 0.08825
v 3.94673 2.60102 0.08825
v 3.9239 2.61049 0.08825
v 3.90469 2.63573 0.08825
v 3.88549 2.66098 0.08825
v 3.86551 2.68574 0.08825
v 3.84553 2.7105 0.08825
v 3.82477 2.73469 0.08825
v 3.80401 2.75888 0.08825
v 3.78248 2.78242 0.08825
v 3.76094 2.80595 0.08825
v 3.73863 2.82875 0.08825
v 3.71632 2.85154 0.08825
v 3.69323 2.87351 0.08825
v 3.67014 2.89547 0.08825
v 3.64627 2.91653 0.08825
v 3.6224 2.93758 0.08825
v 3.59775 2.95764 0.08825
v 3.5731 2.97769 0.08825
v 3.54767 2.99666 0.08825
v 3.52224 3.01563 0.08825
v 3.49603 3.03343 0.08825
v 3.46982 3.05123 0.08825
v 3.44282 3.06777 0.08825
v 3.41583 3.08431 0.08825
v 3.38806 3.09951 0.08825
v 3.36028 3.11471 0.08825
v 3.33172 3.12848 0.08825
v 3.30317 3.14225 0.08825
v 3.27382 3.15451 0.08825
v 3.24448 3.16677 0.08825
v 3.21436 3.17743 0.08825
v 3.18423 3.18809 0.08825
v 3.15332 3.19706 0.08825
v 3.12241 3.20603 0.08825
v 3.08845 3.21202 0.08825
v 3.05449 3.218 0.08825
v 3.02054 3.22399 0.08825
v 2.98623 3.2283 0.08825
v 2.95193 3.23261 0.08825
v 2.91762 3.23692 0.08825
v 2.88308 3.23953 0.08825
v 2.84854 3.24214 0.08825
v 2.81401 3.24475 0.08825
v 2.77935 3.24562 0.08825
v 2.74469 3.2465 0.08825
v 2.71003 3.24737 0.08825
v 2.67458 3.24676 0.08825
v 2.63913 3.24614 0.08825
v 2.60372 3.24429 0.08825
v 2.56832 3.24243 0.08825
v 2.53302 3.23932 0.08825
v 2.49772 3.23621 0.08825
v 2.46257 3.23183 0.08825
v 2.42742 3.22745 0.08825
v 2.39248 3.22179 0.08825
v 2.35755 3.21613 0.08825
v 2.32287 3.20918 0.08825
v 2.28819 3.20222 0.08825
v 2.25383 3.19396 0.08825
v 2.21947 3.18569 0.08825
v 2.18547 3.17611 0.08825
v 2.15148 3.16652 0.08825
v 2.11791 3.1556 0.08825
v 2.08434 3.14467 0.08825
v 2.05124 3.1324 0.08825
v 2.01815 3.12013 0.08825
v 1.98558 3.10649 0.08825
v 1.95302 3.09286 0.08825
v 1.92103 3.07784 0.08825
v 1.88905 3.06283 0.08825
v 1.8577 3.04642 0.08825
v 1.82635 3.03002 0.08825
v 1.7957 3.01221 0.08825
v 1.76504 2.9944 0.08825
v 1.73512 2.97517 0.08825
v 1.70521 2.95595 0.08825
v 1.67609 2.93529 0.08825
v 1.64698 2.91463 0.08825
v 1.61999 2.89256 0.08825
v 1.593 2.8705 0.08825
v 1.56602 2.84843 0.08825
v 1.53962 2.82567 0.08825
v 1.51323 2.80291 0.08825
v 1.48684 2.78015 0.08825
v 1.4609 2.75685 0.08825
v 1.43496 2.73356 0.08825
v 1.40902 2.71027 0.08825
v 1.38339 2.6866 0.08825
v 1.35776 2.66294 0.08825
v 1.33213 2.63928 0.08825
v 1.30667 2.61541 0.08825
v 1.2812 2.59154 0.08825
v 1.25574 2.56767 0.08825
v 1.2303 2.54376 0.08825
v 1.20486 2.51985 0.08825
v 1.17942 2.49594 0.08825
v 1.15387 2.47214 0.08825
v 1.12831 2.44835 0.08825
v 1.10275 2.42456 0.08825
v 1.07694 2.40105 0.08825
v 1.05112 2.37753 0.08825
v 1.0253 2.35402 0.08825
v 0.996619 2.32949 0.08825
v 0.967933 2.30496 0.08825
v 0.939248 2.28043 0.08825
v 0.910563 2.2559 0.08825
v 0.881004 2.23247 0.08825
v 0.851445 2.20903 0.08825
v 0.821886 2.1856 0.08825
v 0.792327 2.16217 0.08825
v 0.762161 2.1395 0.08825
v 0.731996 2.11683 0.08825
v 0.70183 2.09416 0.08825
v 0.671665 2.07149 0.08825
v 0.64116 2.04924 0.08825
v 0.610656 2.02699 0.08825
v 0.580151 2.00474 0.08825
v 0.549646 1.98249 0.08825
v 0.51907 1.96033 0.08825
v 0.488493 1.93816 0.08825
v 0.457916 1.916 0.08825
v 0.42734 1.89383 0.08825
v 0.396958 1.87141 0.08825
v 0.366577 1.84899 0.08825
v 0.336195 1.82657 0.08825
v 0.305814 1.80415 0.08825
v 0.275895 1.78113 0.08825
v 0.245976 1.75812 0.08825
v 0.216057 1.7351 0.08825
v 0.186138 1.71208 0.08825
v 0.156949 1.68813 0.08825
v 0.12776 1.66419 0.08825
v 0.0985708 1.64024 0.08825
v 0.0693816 1.61629 0.08825
v 0.039493 1.59068 0.08825
v 0.00960448 1.56508 0.08825
v -0.0202841 1.53947 0.08825
v -0.0501726 1.51387 0.08825
v -0.0800612 1.48826 0.08825
v -0.10995 1.46266 0.08825
v -0.139531 1.4367 0.08825
v -0.169112 1.41075 0.08825
v -0.198693 1.38479 0.08825
v -0.228274 1.35884 0.08825
v -0.257856 1.33288 0.08825
v -0.287437 1.30693 0.08825
v -0.316824 1.28075 0.08825
v -0.346211 1.25458 0.08825
v -0.375599 1.22841 0.08825
v -0.404986 1.20223 0.08825
v -0.434373 1.17606 0.08825
v -0.463761 1.14989 0.08825
v -0.493067 1.12362 0.08825
v -0.522374 1.09736 0.08825
v -0.551681 1.0711 0.08825
v -0.580988 1.04483 0.08825
v -0.610295 1.01857 0.08825
v -0.639602 0.992308 0.08825
v -0.668942 0.966085 0.08825
v -0.698282 0.939863 0.08825
v -0.727622 0.913641 0.08825
v -0.756962 0.887419 0.08825
v -0.786302 0.861197 0.08825
v -0.815642 0.834974 0.08825
v -0.845128 0.808923 0.08825
v -0.874615 0.782872 0.08825
v -0.904102 0.75682 0.08825
v -0.933588 0.730769 0.08825
v -0.963075 0.704718 0.08825
v -0.992561 0.678666 0.08825
v -1.02231 0.652916 0.08825
v -1.05205 0.627165 0.08825
v -1.0818 0.601415 0.08825
v -1.11155 0.575664 0.08825
v -1.14129 0.549914 0.08825
v -1.17104 0.524163 0.08825
v -1.20116 0.498844 0.08825
v -1.23128 0.473524 0.08825
v -1.2614 0.448205 0.08825
v -1.29152 0.422885 0.08825
v -1.32164 0.397565 0.08825
v -1.35176 0.372246 0.08825
v -1.37912 0.346734 0.08825
v -1.40648 0.321223 0.08825
v -1.43491 0.2973 0.08825
v -1.46335 0.273376 0.08825
v -1.49277 0.250919 0.08825
v -1.52219 0.228462 0.08825
v -1.5525 0.207348 0.08825
v -1.58281 0.186235 0.08825
v -1.61393 0.166343 0.08825
v -1.64504 0.146452 0.08825
v -1.67687 0.12766 0.08825
v -1.7087 0.108868 0.08825
v -1.74115 0.0910539 0.08825
v -1.77359 0.0732397 0.08825
v -1.80657 0.056281 0.08825
v -1.83954 0.0393223 0.08825
v -1.87295 0.0230971 0.08825
v -1.90637 0.00687181 0.08825
v -1.94012 -0.00874209 0.08825
v -1.97388 -0.024356 0.08825
v -2.00789 -0.0394806 0.08825
v -2.04191 -0.0546053 0.08825
v -2.07608 -0.0693627 0.08825
v -2.11026 -0.0841202 0.08825
v -2.1445 -0.0986326 0.08825
v -2.17875 -0.113145 0.08825
v -2.21298 -0.127534 0.08825
v -2.2472 -0.141924 0.08825
v -2.28132 -0.156312 0.08825
v -2.31544 -0.170701 0.08825
v -2.34935 -0.185211 0.08825
v -2.38326 -0.19972 0.08825
v -2.41999 -0.212325 0.08825
v -2.45673 -0.224929 0.08825
v -2.49346 -0.237534 0.08825
v -2.53019 -0.250138 0.08825
v -2.5671 -0.262126 0.08825
v -2.60402 -0.274113 0.08825
v -2.64094 -0.286101 0.08825
v -2.67786 -0.298088 0.08825
v -2.71491 -0.309638 0.08825
v -2.75196 -0.321189 0.08825
v -2.78901 -0.332739 0.08825
v -2.82606 -0.34429 0.08825
v -2.86319 -0.355583 0.08825
v -2.90032 -0.366876 0.08825
v -2.93745 -0.378169 0.08825
v -2.97458 -0.389462 0.08825
v -3.01173 -0.400678 0.08825
v -3.04888 -0.411894 0.08825
v -3.08603 -0.423109 0.08825
v -3.12318 -0.434325 0.08825
v -3.1603 -0.445644 0.08825
v -3.19741 -0.456962 0.08825
v -3.23453 -0.46828 0.08825
v -3.27165 -0.479598 0.08825
v -3.30867 -0.491199 0.08825
v -3.3457 -0.5028 0.08825
v -3.38273 -0.5144 0.08825
v -3.41976 -0.526001 0.08825
v -3.45664 -0.538064 0.08825
v -3.49353 -0.550127 0.08825
v -3.53041 -0.56219 0.08825
v -3.5673 -0.574253 0.08825
v -3.59798 -0.584762 0.08825
v -3.62866 -0.595271 0.08825
v -3.65956 -0.605186 0.08825
v -3.69046 -0.615101 0.08825
v -3.72154 -0.624549 0.08825
v -3.75262 -0.633996 0.08825
v -3.78382 -0.643102 0.08825
v -3.81503 -0.652207 0.08825
v -3.84632 -0.661097 0.08825
v -3.8776 -0.669986 0.08825
v -3.90892 -0.678786 0.08825
v -3.94024 -0.687586 0.08825
v -3.97155 -0.696421 0.08825
v -4.00285 -0.705257 0.08825
v -4.03409 -0.714255 0.08825
v -4.06533 -0.723252 0.08825
v -4.09646 -0.732538 0.08825
v -4.12759 -0.741823 0.08825
v -4.15856 -0.751523 0.08825
v -4.18953 -0.761222 0.08825
v -4.2203 -0.771461 0.08825
v -4.25106 -0.781701 0.08825
v -4.28158 -0.792606 0.08825
v -4.31209 -0.803511 0.08825
v -4.3423 -0.815208 0.08825
v -4.37251 -0.826905 0.08825
v -4.40237 -0.83952 0.08825
v -4.43223 -0.852134 0.08825
v -4.4617 -0.865793 0.08825
v -4.49116 -0.879451 0.08825
v -4.52018 -0.894279 0.08825
v -4.5492 -0.909107 0.08825
v -4.57674 -0.925886 0.08825
v -4.601 -0.94586 0.08825
v -4.62211 -0.968635 0.08825
v -4.64018 -0.993818 0.08825
v -4.65536 -1.02102 0.08825
v -4.66776 -1.04984 0.08825
v -4.67751 -1.07989 0.08825
v -4.68475 -1.11078 0.08825
v -4.64612 -1.12089 0.08825
v -4.60749 -1.131 0.08825
v -4.56886 -1.14111 0.08825
v -4.52988 -1.15099 0.08825
v -4.4909 -1.16087 0.08825
v -4.45191 -1.17075 0.08825
v -4.42127 -1.15393 0.08825
v -4.39062 -1.13711 0.08825
v -4.35964 -1.12064 0.08825
v -4.32865 -1.10418 0.08825
v -4.32865 -1.13865 0.08825
v -4.32865 -1.17313 0.08825
v -4.32865 -1.20761 0.08825
v -4.28811 -1.20852 0.08825
v -4.24757 -1.20944 0.08825
v -4.20703 -1.21035 0.08825
v -4.16284 -1.20967 0.08825
v -4.11866 -1.20899 0.08825
v -4.07456 -1.20703 0.08825
v -4.03047 -1.20506 0.08825
v -3.98645 -1.20194 0.08825
v -3.94244 -1.19881 0.08825
v -3.8985 -1.19465 0.08825
v -3.85456 -1.19048 0.08825
v -3.81069 -1.1854 0.08825
v -3.76682 -1.18031 0.08825
v -3.72302 -1.17442 0.08825
v -3.67921 -1.16854 0.08825
v -3.63547 -1.16197 0.08825
v -3.59172 -1.15541 0.08825
v -3.54803 -1.14828 0.08825
v -3.50433 -1.14116 0.08825
v -3.46068 -1.13359 0.08825
v -3.41703 -1.12603 0.08825
v -3.37342 -1.11815 0.08825
v -3.3298 -1.11027 0.08825
v -3.28623 -1.10219 0.08825
v -3.24265 -1.09412 0.08825
v -3.19909 -1.08596 0.08825
v -3.15554 -1.07781 0.08825
v -3.11201 -1.0697 0.08825
v -3.06847 -1.06158 0.08825
v -3.02495 -1.05364 0.08825
v -2.98144 -1.04569 0.08825
v -2.93792 -1.03803 0.08825
v -2.89441 -1.03037 0.08825
v -2.8509 -1.02311 0.08825
v -2.80739 -1.01586 0.08825
v -2.77637 -1.01101 0.08825
v -2.74534 -1.00617 0.08825
v -2.71442 -1.00059 0.08825
v -2.6835 -0.995004 0.08825
v -2.65267 -0.988815 0.08825
v -2.62183 -0.982626 0.08825
v -2.59106 -0.975964 0.08825
v -2.56029 -0.969303 0.08825
v -2.52957 -0.962305 0.08825
v -2.49885 -0.955306 0.08825
v -2.46816 -0.948103 0.08825
v -2.43747 -0.940901 0.08825
v -2.40679 -0.93363 0.08825
v -2.37611 -0.926358 0.08825
v -2.34543 -0.919152 0.08825
v -2.31474 -0.911945 0.08825
v -2.28403 -0.904938 0.08825
v -2.25332 -0.897931 0.08825
v -2.22257 -0.891257 0.08825
v -2.19181 -0.884583 0.08825
v -2.161 -0.878377 0.08825
v -2.13018 -0.87217 0.08825
v -2.09928 -0.866566 0.08825
v -2.06839 -0.860961 0.08825
v -2.03739 -0.856093 0.08825
v -2.0064 -0.851224 0.08825
v -1.97529 -0.847226 0.08825
v -1.94418 -0.843228 0.08825
v -1.91293 -0.840234 0.08825
v -1.88168 -0.83724 0.08825
v -1.85029 -0.835385 0.08825
v -1.81889 -0.83353 0.08825
v -1.77867 -0.84269 0.08825
v -1.73845 -0.851849 0.08825
v -1.69824 -0.861009 0.08825
v -1.65855 -0.872111 0.08825
v -1.61887 -0.883213 0.08825
v -1.57918 -0.894316 0.08825
v -1.53997 -0.907061 0.08825
v -1.50076 -0.919805 0.08825
v -1.46155 -0.93255 0.08825
v -1.42275 -0.946636 0.08825
v -1.38395 -0.960721 0.08825
v -1.34516 -0.974807 0.08825
v -1.30671 -0.989933 0.08825
v -1.26827 -1.00506 0.08825
v -1.22983 -1.02019 0.08825
v -1.19168 -1.03605 0.08825
v -1.15353 -1.05192 0.08825
v -1.11539 -1.06778 0.08825
v -1.07747 -1.08409 0.08825
v -1.03956 -1.10039 0.08825
v -1.00165 -1.11669 0.08825
v -0.963918 -1.13314 0.08825
v -0.926184 -1.14958 0.08825
v -0.88845 -1.16602 0.08825
v -0.849011 -1.18895 0.08825
v -0.809573 -1.21188 0.08825
v -0.770135 -1.23481 0.08825
v -0.72985 -1.25601 0.08825
v -0.689566 -1.2772 0.08825
v -0.649281 -1.29839 0.08825
v -0.60831 -1.31817 0.08825
v -0.567339 -1.33795 0.08825
v -0.526367 -1.35772 0.08825
v -0.484868 -1.37642 0.08825
v -0.443369 -1.39511 0.08825
v -0.401869 -1.4138 0.08825
v -0.360001 -1.43173 0.08825
v -0.318133 -1.44966 0.08825
v -0.276264 -1.46759 0.08825
v -0.234186 -1.48509 0.08825
v -0.192108 -1.50259 0.08825
v -0.15003 -1.52009 0.08825
v -0.107901 -1.53748 0.08825
v -0.0657713 -1.55487 0.08825
v -0.0236421 -1.57226 0.08825
v 0.0183791 -1.58987 0.08825
v 0.0604003 -1.60748 0.08825
v 0.102421 -1.6251 0.08825
v 0.126812 -1.63325 0.08825
v 0.148481 -1.64421 0.08825
v 0.16775 -1.65767 0.08825
v 0.184942 -1.6733 0.08825
v 0.200379 -1.69079 0.08825
v 0.214383 -1.70981 0.08825
v 0.227278 -1.73005 0.08825
v 0.239386 -1.75119 0.08825
v 0.251028 -1.7729 0.08825
v 0.262528 -1.79486 0.08825
v 0.274208 -1.81676 0.08825
v 0.28639 -1.83828 0.08825
v 0.299397 -1.8591 0.08825
v 0.313551 -1.87889 0.08825
v 0.329175 -1.89734 0.08825
v 0.346591 -1.91413 0.08825
v 0.367733 -1.9342 0.08825
v 0.388874 -1.95427 0.08825
v 0.409064 -1.97512 0.08825
v 0.429254 -1.99596 0.08825
v 0.448592 -2.01749 0.08825
v 0.467931 -2.03903 0.08825
v 0.486518 -2.06117 0.08825
v 0.505105 -2.08332 0.08825
v 0.523041 -2.10599 0.08825
v 0.540977 -2.12867 0.08825
v 0.558361 -2.15179 0.08825
v 0.575745 -2.17491 0.08825
v 0.592678 -2.19841 0.08825
v 0.609611 -2.2219 0.08825
v 0.626192 -2.24568 0.08825
v 0.642773 -2.26946 0.08825
v 0.659102 -2.29345 0.08825
v 0.675431 -2.31744 0.08825
v 0.691609 -2.34156 0.08825
v 0.707786 -2.36567 0.08825
v 0.723912 -2.38984 0.08825
v 0.740038 -2.414 0.08825
v 0.756211 -2.43813 0.08825
v 0.772385 -2.46225 0.08825
v 0.788707 -2.48627 0.08825
v 0.805029 -2.51028 0.08825
v 0.821598 -2.5341 0.08825
v 0.838168 -2.55792 0.08825
v 0.855085 -2.58146 0.08825
v 0.872003 -2.605 0.08825
v 0.889368 -2.62819 0.08825
v 0.906733 -2.65137 0.08825
v 0.87988 -2.65485 0.08825
v 0.853026 -2.65832 0.08825
v 0.826364 -2.65943 0.08825
v 0.799702 -2.66053 0.08825
v 0.776135 -2.65971 0.08825
v 0.752568 -2.6589 0.08825
v 0.729161 -2.65656 0.08825
v 0.705755 -2.65422 0.08825
v 0.682513 -2.65053 0.08825
v 0.659272 -2.64684 0.08825
v 0.636199 -2.64196 0.08825
v 0.613126 -2.63708 0.08825
v 0.590226 -2.63118 0.08825
v 0.567327 -2.62528 0.08825
v 0.544604 -2.61852 0.08825
v 0.521882 -2.61177 0.08825
v 0.499341 -2.60433 0.08825
v 0.476799 -2.5969 0.08825
v 0.454444 -2.58894 0.08825
v 0.432088 -2.58098 0.08825
v 0.423219 -2.61121 0.08825
v 0.41435 -2.64143 0.08825
v 0.405481 -2.67166 0.08825
v 0.397194 -2.70236 0.08825
v 0.388907 -2.73306 0.08825
v 0.38062 -2.76377 0.08825
v 0.407132 -2.76729 0.08825
v 0.433644 -2.77081 0.08825
v 0.460285 -2.77409 0.08825
v 0.486925 -2.77738 0.08825
v 0.513657 -2.78054 0.08825
v 0.540388 -2.78371 0.08825
v 0.567174 -2.78686 0.08825
v 0.593959 -2.79001 0.08825
v 0.620761 -2.79325 0.08825
v 0.647563 -2.7965 0.08825
v 0.674344 -2.79995 0.08825
v 0.701125 -2.8034 0.08825
v 0.727848 -2.80716 0.08825
v 0.754571 -2.81093 0.08825
v 0.781198 -2.81512 0.08825
v 0.807825 -2.81931 0.08825
v 0.834319 -2.82403 0.08825
v 0.860813 -2.82875 0.08825
v 0.887137 -2.83412 0.08825
v 0.913461 -2.83949 0.08825
v 0.939577 -2.84561 0.08825
v 0.965693 -2.85173 0.08825
v 0.991564 -2.85872 0.08825
v 1.01743 -2.8657 0.08825
v 1.04302 -2.87366 0.08825
v 1.06861 -2.88162 0.08825
v 1.09388 -2.89066 0.08825
v 1.11915 -2.8997 0.08825
v 1.14406 -2.90993 0.08825
v 1.16897 -2.92016 0.08825
v 1.19349 -2.9317 0.08825
v 1.21801 -2.94323 0.08825
v 1.25163 -2.95852 0.08825
v 1.28526 -2.9738 0.08825
v 1.31889 -2.98909 0.08825
v 1.35282 -3.00366 0.08825
v 1.38675 -3.01822 0.08825
v 1.42068 -3.03279 0.08825
v 1.45491 -3.04662 0.08825
v 1.48913 -3.06045 0.08825
v 1.52336 -3.07429 0.08825
v 1.55788 -3.08737 0.08825
v 1.59239 -3.10046 0.08825
v 1.6269 -3.11354 0.08825
v 1.6617 -3.12587 0.08825
v 1.69649 -3.13819 0.08825
v 1.73129 -3.15052 0.08825
v 1.76636 -3.16207 0.08825
v 1.80142 -3.17363 0.08825
v 1.83649 -3.18518 0.08825
v 1.87182 -3.19594 0.08825
v 1.90715 -3.20671 0.08825
v 1.94249 -3.21748 0.08825
v 1.97807 -3.22744 0.08825
v 2.01366 -3.23741 0.08825
v 2.04925 -3.24737 0.08825
v 2.05082 -3.22263 0.08825
v 2.05238 -3.19789 0.08825
v 2.05288 -3.17316 0.08825
v 2.05339 -3.14844 0.08825
v 2.05179 -3.10289 0.08825
v 2.05019 -3.05734 0.08825
v 2.04572 -3.01209 0.08825
v 2.04124 -2.96684 0.08825
v 2.00428 -2.95666 0.08825
v 1.96732 -2.94648 0.08825
v 1.93017 -2.93717 0.08825
v 1.89302 -2.92786 0.08825
v 1.85575 -2.9191 0.08825
v 1.81849 -2.91034 0.08825
v 1.78118 -2.90184 0.08825
v 1.74387 -2.89334 0.08825
v 1.7066 -2.88478 0.08825
v 1.66932 -2.87622 0.08825
v 1.63216 -2.8673 0.08825
v 1.59499 -2.85838 0.08825
v 1.55801 -2.84879 0.08825
v 1.52102 -2.83919 0.08825
v 1.48429 -2.82863 0.08825
v 1.44756 -2.81806 0.08825
v 1.47595 -2.81682 0.08825
v 1.50433 -2.81558 0.08825
v 1.53313 -2.81489 0.08825
v 1.56193 -2.81419 0.08825
v 1.58942 -2.81465 0.08825
v 1.61676 -2.8162 0.08825
v 1.64384 -2.81913 0.08825
v 1.67056 -2.82369 0.08825
v 1.6968 -2.83018 0.08825
v 1.72245 -2.83885 0.08825
v 1.7474 -2.84999 0.08825
v 1.77155 -2.86387 0.08825
v 1.79413 -2.87006 0.08825
v 1.81672 -2.87624 0.08825
v 1.83968 -2.8817 0.08825
v 1.86263 -2.88716 0.08825
v 1.88571 -2.89245 0.08825
v 1.90879 -2.89774 0.08825
v 1.93174 -2.90342 0.08825
v 1.95469 -2.90911 0.08825
v 1.97726 -2.91574 0.08825
v 1.99984 -2.92238 0.08825
v 2.02178 -2.93052 0.08825
v 2.04373 -2.93867 0.08825
v 2.06481 -2.94888 0.08825
v 2.08588 -2.95909 0.08825
v 2.10583 -2.97194 0.08825
v 2.12578 -2.98478 0.08825
v 2.16172 -3.01138 0.08825
v 2.19544 -3.04078 0.08825
v 2.22791 -3.07172 0.08825
v 2.2601 -3.10297 0.08825
v 2.29297 -3.1333 0.08825
v 2.3275 -3.16145 0.08825
v 2.36465 -3.18619 0.08825
v 2.40539 -3.20629 0.08825
v 2.40724 -3.17183 0.08825
v 2.4043 -3.13045 0.08825
v 2.39582 -3.09248 0.08825
v 2.38229 -3.05768 0.08825
v 2.36422 -3.02583 0.08825
v 2.3421 -2.99669 0.08825
v 2.31644 -2.97002 0.08825
v 2.28772 -2.94561 0.08825
v 2.25645 -2.92321 0.08825
v 2.22312 -2.90259 0.08825
v 2.18824 -2.88353 0.08825
v 2.1523 -2.86579 0.08825
v 2.11581 -2.84913 0.08825
v 2.07925 -2.83333 0.08825
v 2.04313 -2.81816 0.08825
v 2.00795 -2.80338 0.08825
v 1.9742 -2.78876 0.08825
v 1.96515 -2.78386 0.08825
v 1.9546 -2.77821 0.08825
v 1.94305 -2.77205 0.08825
v 1.931 -2.76567 0.08825
v 1.91895 -2.7593 0.08825
v 1.9074 -2.75322 0.08825
v 1.89685 -2.74768 0.08825
v 1.88779 -2.74294 0.08825
v 1.86437 -2.7378 0.08825
v 1.84096 -2.73266 0.08825
v 1.81821 -2.72596 0.08825
v 1.79545 -2.71925 0.08825
v 1.77341 -2.71073 0.08825
v 1.75137 -2.70221 0.08825
v 1.73008 -2.69164 0.08825
v 1.70878 -2.68106 0.08825
v 1.73339 -2.67872 0.08825
v 1.758 -2.67638 0.08825
v 1.78296 -2.67394 0.08825
v 1.80793 -2.6715 0.08825
v 1.83306 -2.66959 0.08825
v 1.8582 -2.66767 0.08825
v 1.88331 -2.66689 0.08825
v 1.90842 -2.66611 0.08825
v 1.93446 -2.66662 0.08825
v 1.96032 -2.66826 0.08825
v 1.98595 -2.67121 0.08825
v 2.0113 -2.67565 0.08825
v 2.03632 -2.68175 0.08825
v 2.06094 -2.68968 0.08825
v 2.08512 -2.69963 0.08825
v 2.1088 -2.71177 0.08825
v 2.1399 -2.71563 0.08825
v 2.17099 -2.71949 0.08825
v 2.20185 -2.72445 0.08825
v 2.23271 -2.72942 0.08825
v 2.26336 -2.73539 0.08825
v 2.29401 -2.74136 0.08825
v 2.32447 -2.74823 0.08825
v 2.35492 -2.75511 0.08825
v 2.3852 -2.7628 0.08825
v 2.41548 -2.77049 0.08825
v 2.44559 -2.77889 0.08825
v 2.47571 -2.78729 0.08825
v 2.50569 -2.79631 0.08825
v 2.53567 -2.80533 0.08825
v 2.56552 -2.81487 0.08825
v 2.59538 -2.8244 0.08825
v 2.62513 -2.83436 0.08825
v 2.65488 -2.84431 0.08825
v 2.68454 -2.85459 0.08825
v 2.7142 -2.86487 0.08825
v 2.7438 -2.87538 0.08825
v 2.77339 -2.88589 0.08825
v 2.80293 -2.89652 0.08825
v 2.83247 -2.90715 0.08825
v 2.86198 -2.91782 0.08825
v 2.89149 -2.92848 0.08825
v 2.92099 -2.93908 0.08825
v 2.95048 -2.94968 0.08825
v 2.97998 -2.96011 0.08825
v 3.00947 -2.97054 0.08825
v 3.03899 -2.98071 0.08825
v 3.0685 -2.99089 0.08825
v 3.07243 -2.95804 0.08825
v 3.07635 -2.9252 0.08825
v 3.08027 -2.89236 0.08825
v 3.08407 -2.85987 0.08825
v 3.08786 -2.82739 0.08825
v 3.09166 -2.7949 0.08825
v 3.06887 -2.7629 0.08825
v 3.04608 -2.7309 0.08825
v 3.02401 -2.6989 0.08825
v 3.00193 -2.6669 0.08825
v 3.03381 -2.6743 0.08825
v 3.06416 -2.68415 0.08825
v 3.09307 -2.69627 0.08825
v 3.1206 -2.71049 0.08825
v 3.14686 -2.72663 0.08825
v 3.17192 -2.74453 0.08825
v 3.19586 -2.764 0.08825
v 3.21878 -2.78488 0.08825
v 3.24075 -2.80698 0.08825
v 3.26185 -2.83014 0.08825
v 3.28218 -2.85418 0.08825
v 3.30181 -2.87892 0.08825
v 3.32083 -2.9042 0.08825
v 3.33932 -2.92983 0.08825
v 3.35737 -2.95564 0.08825
v 3.37505 -2.98146 0.08825
v 3.38018 -2.94885 0.08825
v 3.38184 -2.91701 0.08825
v 3.38065 -2.89027 0.08825
v 3.37716 -2.86418 0.08825
v 3.37149 -2.83878 0.08825
v 3.36376 -2.81409 0.08825
v 3.35409 -2.79015 0.08825
v 3.34259 -2.76699 0.08825
v 3.3294 -2.74465 0.08825
v 3.31463 -2.72317 0.08825
v 3.2984 -2.70257 0.08825
v 3.28083 -2.6829 0.08825
v 3.26204 -2.66418 0.08825
v 3.24215 -2.64646 0.08825
v 3.22128 -2.62976 0.08825
v 3.19955 -2.61412 0.08825
v 3.17709 -2.59958 0.08825
v 3.154 -2.58617 0.08825
v 3.12604 -2.57666 0.08825
v 3.09808 -2.56715 0.08825
v 3.06984 -2.55936 0.08825
v 3.0416 -2.55157 0.08825
v 3.01311 -2.54527 0.08825
v 2.98462 -2.53898 0.08825
v 2.95593 -2.53394 0.08825
v 2.92723 -2.52891 0.08825
v 2.89837 -2.5249 0.08825
v 2.86951 -2.5209 0.08825
v 2.84051 -2.5177 0.08825
v 2.81152 -2.51449 0.08825
v 2.78243 -2.51186 0.08825
v 2.75335 -2.50923 0.08825
v 2.7242 -2.50693 0.08825
v 2.69506 -2.50464 0.08825
v 2.6659 -2.50245 0.08825
v 2.63675 -2.50026 0.08825
v 2.60761 -2.49795 0.08825
v 2.57847 -2.49564 0.08825
v 2.54939 -2.49298 0.08825
v 2.52032 -2.49032 0.08825
v 2.49134 -2.48707 0.08825
v 2.46235 -2.48382 0.08825
v 2.43351 -2.47976 0.08825
v 2.40466 -2.4757 0.08825
v 2.37599 -2.47059 0.08825
v 2.34732 -2.46548 0.08825
v 2.31886 -2.45909 0.08825
v 2.2904 -2.45271 0.08825
v 2.26219 -2.44482 0.08825
v 2.23398 -2.43692 0.08825
v 2.20615 -2.41482 0.08825
v 2.17831 -2.39272 0.08825
v 2.15161 -2.36936 0.08825
v 2.1249 -2.346 0.08825
v 2.09897 -2.32179 0.08825
v 2.07303 -2.29757 0.08825
v 2.0475 -2.27291 0.08825
v 2.02198 -2.24825 0.08825
v 1.99651 -2.22355 0.08825
v 1.97104 -2.19884 0.08825
v 1.94527 -2.17449 0.08825
v 1.9195 -2.15015 0.08825
v 1.89307 -2.12657 0.08825
v 1.86664 -2.10298 0.08825
v 1.8392 -2.08057 0.08825
v 1.81175 -2.05815 0.08825
v 1.78475 -2.03479 0.08825
v 1.75774 -2.01143 0.08825
v 1.73074 -1.98807 0.08825
v 1.70373 -1.9647 0.08825
v 1.67789 -1.9401 0.08825
v 1.65205 -1.9155 0.08825
v 1.6262 -1.8909 0.08825
v 1.60036 -1.8663 0.08825
v 1.57556 -1.84068 0.08825
v 1.55075 -1.81506 0.08825
v 1.52595 -1.78943 0.08825
v 1.50114 -1.76381 0.08825
v 1.47726 -1.73739 0.08825
v 1.45337 -1.71097 0.08825
v 1.42948 -1.68455 0.08825
v 1.40559 -1.65813 0.08825
v 1.43489 -1.63736 0.08825
v 1.46515 -1.6186 0.08825
v 1.49628 -1.60164 0.08825
v 1.52814 -1.58624 0.08825
v 1.56065 -1.57216 0.08825
v 1.59369 -1.55919 0.08825
v 1.62716 -1.54707 0.08825
v 1.66093 -1.53559 0.08825
v 1.69491 -1.5245 0.08825
v 1.72899 -1.51358 0.08825
v 1.76305 -1.50259 0.08825
v 1.797 -1.49131 0.08825
v 1.83071 -1.47949 0.08825
v 1.86408 -1.46691 0.08825
v 1.89701 -1.45334 0.08825
v 1.92938 -1.43853 0.08825
v 1.96946 -1.42131 0.08825
v 2.00955 -1.40408 0.08825
v 2.04891 -1.38547 0.08825
v 2.08826 -1.36685 0.08825
v 2.12686 -1.34688 0.08825
v 2.16546 -1.3269 0.08825
v 2.20328 -1.30561 0.08825
v 2.2411 -1.28432 0.08825
v 2.27812 -1.26175 0.08825
v 2.31513 -1.23918 0.08825
v 2.35132 -1.21537 0.08825
v 2.38751 -1.19156 0.08825
v 2.42286 -1.16655 0.08825
v 2.4582 -1.14153 0.08825
v 2.49267 -1.11535 0.08825
v 2.52714 -1.08917 0.08825
v 2.56072 -1.06186 0.08825
v 2.5943 -1.03455 0.08825
v 2.62696 -1.00614 0.08825
v 2.65963 -0.977744 0.08825
v 2.69135 -0.94829 0.08825
v 2.72307 -0.918837 0.08825
v 2.75383 -0.888368 0.08825
v 2.7846 -0.857899 0.08825
v 2.81437 -0.826453 0.08825
v 2.84415 -0.795008 0.08825
v 2.87292 -0.762622 0.08825
v 2.90169 -0.730237 0.08825
v 2.92942 -0.69695 0.08825
v 2.95716 -0.663663 0.08825
v 2.98385 -0.629512 0.08825
v 3.01053 -0.595361 0.08825
v 3.03614 -0.560384 0.08825
v 3.06175 -0.525408 0.08825
v 3.08627 -0.489643 0.08825
v 3.11078 -0.453877 0.08825
v 3.13417 -0.417362 0.08825
v 3.15756 -0.380846 0.08825
v 3.1798 -0.343618 0.08825
v 3.20205 -0.30639 0.08825
v 3.22313 -0.268487 0.08825
v 3.2442 -0.230584 0.08825
v 3.26409 -0.192043 0.08825
v 3.28398 -0.153503 0.08825
v 3.30266 -0.114364 0.08825
v 3.32133 -0.0752243 0.08825
v 3.33877 -0.0355233 0.08825
v 3.35622 0.00417762 0.08825
v 3.3724 0.0444023 0.08825
v 3.38858 0.0846269 0.08825
v 3.40348 0.125337 0.08825
v 3.41838 0.166048 0.08825
v 3.43198 0.207207 0.08825
v 3.44558 0.248365 0.08825
v 3.45785 0.289934 0.08825
v 3.47012 0.331503 0.08825
v 3.48105 0.373445 0.08825
v 3.49197 0.415386 0.08825
v 3.50152 0.457662 0.08825
v 3.51107 0.499938 0.08825
v 3.51922 0.542511 0.08825
v 3.52738 0.585084 0.08825
v 3.53412 0.627917 0.08825
v 3.54086 0.670749 0.08825
v 3.54434 0.713513 0.08825
v 3.54749 0.75659 0.08825
v 3.55039 0.799943 0.08825
v 3.55312 0.843532 0.08825
v 3.55575 0.88732 0.08825
v 3.55836 0.931268 0.08825
v 3.56103 0.975338 0.08825
v 3.56383 1.01949 0.08825
v 3.56684 1.06369 0.08825
v 3.57014 1.1079 0.08825
v 3.57381 1.15208 0.08825
v 3.57792 1.19618 0.08825
v 3.58255 1.24018 0.08825
v 3.58779 1.28404 0.08825
v 3.59369 1.32771 0.08825
v 3.60035 1.37116 0.08825
v 3.60784 1.41435 0.08825
v 3.61624 1.45724 0.08825
v 3.62562 1.49979 0.08825
v 3.63607 1.54197 0.08825
v 3.64765 1.58374 0.08825
v 3.66045 1.62505 0.08825
v 3.67455 1.66588 0.08825
v 3.69001 1.70618 0.08825
v 3.70693 1.74591 0.08825
v 3.72537 1.78504 0.08825
v 3.74542 1.82353 0.08825
v 3.76714 1.86133 0.08825
v 3.79062 1.89842 0.08825
v 3.81594 1.93475 0.08825
v 3.84317 1.97028 0.08825
v 3.87239 2.00498 0.08825
v 3.89167 2.0273 0.08825
v 3.91095 2.04963 0.08825
v 3.93175 2.0693 0.08825
v 3.95256 2.08896 0.08825
v 3.97473 2.10624 0.08825
v 3.99691 2.12351 0.08825
v 4.02031 2.13865 0.08825
v 4.0437 2.15378 0.08825
v 4.06817 2.16704 0.08825
v 4.09263 2.1803 0.08825
v 4.11801 2.19193 0.08825
v 4.14339 2.20357 0.08825
v 4.16953 2.21384 0.08825
v 4.19568 2.22412 0.08825
v 4.22243 2.23328 0.08825
v 4.24918 2.24245 0.08825
v 4.2764 2.25077 0.08825
v 4.30361 2.25909 0.08825
v 4.33113 2.26682 0.08825
v 4.35865 2.27456 0.08825
v 4.38633 2.28196 0.08825
v 4.414 2.28936 0.08825
v 4.44168 2.29669 0.08825
v 4.46936 2.30401 0.08825
v 4.49689 2.31153 0.08825
v 4.52442 2.31904 0.08825
v 4.55164 2.327 0.08825
v 4.57887 2.33495 0.08825
v 4.60564 2.34361 0.08825
v 4.63242 2.35227 0.08825
v 4.65858 2.36189 0.08825
v 4.67508 2.38066 4.57967e-16
v 4.65574 2.39897 4.57967e-16
v 4.63574 2.4157 4.57967e-16
v 4.61509 2.43085 4.57967e-16
v 4.59386 2.44461 4.57967e-16
v 4.57205 2.45697 4.57967e-16
v 4.54975 2.46812 4.57967e-16
v 4.52694 2.47806 4.57967e-16
v 4.50371 2.48696 4.57967e-16
v 4.48006 2.49484 4.57967e-16
v 4.45606 2.50188 4.57967e-16
v 4.43171 2.50807 4.57967e-16
v 4.40709 2.51359 4.57967e-16
v 4.38221 2.51846 4.57967e-16
v 4.35713 2.52285 4.57967e-16
v 4.33185 2.52675 4.57967e-16
v 4.30646 2.53037 4.57967e-16
v 4.28096 2.53369 4.57967e-16
v 4.25541 2.5369 4.57967e-16
v 4.22983 2.54 4.57967e-16
v 4.20428 2.54317 4.57967e-16
v 4.17877 2.54641 4.57967e-16
v 4.15337 2.54991 4.57967e-16
v 4.12809 2.55366 4.57967e-16
v 4.103 2.55785 4.57967e-16
v 4.0781 2.56249 4.57967e-16
v 4.05346 2.56774 4.57967e-16
v 4.0291 2.57362 4.57967e-16
v 4.00508 2.58031 4.57967e-16
v 3.9814 2.5878 4.57967e-16
v 3.95815 2.59628 4.57967e-16
v 3.93531 2.60575 4.57967e-16
v 3.91429 2.62311 4.57967e-16
v 3.89509 2.64835 4.57967e-16
v 3.8755 2.67336 4.57967e-16
v 3.85552 2.69812 4.57967e-16
v 3.83515 2.7226 4.57967e-16
v 3.81439 2.74679 4.57967e-16
v 3.79324 2.77065 4.57967e-16
v 3.77171 2.79419 4.57967e-16
v 3.74979 2.81735 4.57967e-16
v 3.72747 2.84014 4.57967e-16
v 3.70477 2.86253 4.57967e-16
v 3.68168 2.88449 4.57967e-16
v 3.6582 2.906 4.57967e-16
v 3.63433 2.92705 4.57967e-16
v 3.61007 2.94761 4.57967e-16
v 3.58542 2.96766 4.57967e-16
v 3.56038 2.98717 4.57967e-16
v 3.53495 3.00614 4.57967e-16
v 3.50913 3.02453 4.57967e-16
v 3.48292 3.04233 4.57967e-16
v 3.45632 3.0595 4.57967e-16
v 3.42933 3.07604 4.57967e-16
v 3.40194 3.09191 4.57967e-16
v 3.37417 3.10711 4.57967e-16
v 3.346 3.1216 4.57967e-16
v 3.31744 3.13537 4.57967e-16
v 3.28849 3.14838 4.57967e-16
v 3.25915 3.16064 4.57967e-16
v 3.22942 3.1721 4.57967e-16
v 3.19929 3.18276 4.57967e-16
v 3.16878 3.19257 4.57967e-16
v 3.13786 3.20155 4.57967e-16
v 3.10543 3.20902 4.57967e-16
v 3.07147 3.21501 4.57967e-16
v 3.03751 3.221 4.57967e-16
v 3.00338 3.22615 4.57967e-16
v 2.96908 3.23046 4.57967e-16
v 2.93477 3.23477 4.57967e-16
v 2.90035 3.23823 4.57967e-16
v 2.86581 3.24084 4.57967e-16
v 2.83128 3.24344 4.57967e-16
v 2.79668 3.24519 4.57967e-16
v 2.76202 3.24606 4.57967e-16
v 2.72736 3.24694 4.57967e-16
v 2.6923 3.24707 4.57967e-16
v 2.65685 3.24645 4.57967e-16
v 2.62142 3.24522 4.57967e-16
v 2.58602 3.24336 4.57967e-16
v 2.55067 3.24088 4.57967e-16
v 2.51537 3.23776 4.57967e-16
v 2.48014 3.23402 4.57967e-16
v 2.445 3.22964 4.57967e-16
v 2.40995 3.22462 4.57967e-16
v 2.37502 3.21896 4.57967e-16
v 2.34021 3.21265 4.57967e-16
v 2.30553 3.2057 4.57967e-16
v 2.27101 3.19809 4.57967e-16
v 2.23665 3.18983 4.57967e-16
v 2.20247 3.1809 4.57967e-16
v 2.16848 3.17131 4.57967e-16
v 2.1347 3.16106 4.57967e-16
v 2.10112 3.15014 4.57967e-16
v 2.06779 3.13854 4.57967e-16
v 2.0347 3.12626 4.57967e-16
v 2.00186 3.11331 4.57967e-16
v 1.9693 3.09967 4.57967e-16
v 1.93702 3.08535 4.57967e-16
v 1.90504 3.07034 4.57967e-16
v 1.87337 3.05463 4.57967e-16
v 1.84203 3.03822 4.57967e-16
v 1.81102 3.02112 4.57967e-16
v 1.78037 3.00331 4.57967e-16
v 1.75008 2.98479 4.57967e-16
v 1.72017 2.96556 4.57967e-16
v 1.69065 2.94562 4.57967e-16
v 1.66153 2.92496 4.57967e-16
v 1.63348 2.9036 4.57967e-16
v 1.6065 2.88153 4.57967e-16
v 1.57951 2.85946 4.57967e-16
v 1.55282 2.83705 4.57967e-16
v 1.52643 2.81429 4.57967e-16
v 1.50004 2.79153 4.57967e-16
v 1.47387 2.7685 4.57967e-16
v 1.44793 2.74521 4.57967e-16
v 1.42199 2.72191 4.57967e-16
v 1.39621 2.69843 4.57967e-16
v 1.37058 2.67477 4.57967e-16
v 1.34495 2.65111 4.57967e-16
v 1.3194 2.62734 4.57967e-16
v 1.29394 2.60348 4.57967e-16
v 1.26847 2.57961 4.57967e-16
v 1.24302 2.55572 4.57967e-16
v 1.21758 2.53181 4.57967e-16
v 1.19214 2.50789 4.57967e-16
v 1.16665 2.48404 4.57967e-16
v 1.14109 2.46025 4.57967e-16
v 1.11553 2.43645 4.57967e-16
v 1.08985 2.4128 4.57967e-16
v 1.06403 2.38929 4.57967e-16
v 1.03821 2.36578 4.57967e-16
v 1.01096 2.34176 4.57967e-16
v 0.982276 2.31723 4.57967e-16
v 0.953591 2.29269 4.57967e-16
v 0.924906 2.26816 4.57967e-16
v 0.895783 2.24418 4.57967e-16
v 0.866224 2.22075 4.57967e-16
v 0.836665 2.19732 4.57967e-16
v 0.807106 2.17389 4.57967e-16
v 0.777244 2.15083 4.57967e-16
v 0.747079 2.12816 4.57967e-16
v 0.716913 2.10549 4.57967e-16
v 0.686748 2.08282 4.57967e-16
v 0.656413 2.06036 4.57967e-16
v 0.625908 2.03811 4.57967e-16
v 0.595403 2.01587 4.57967e-16
v 0.564899 1.99362 4.57967e-16
v 0.534358 1.97141 4.57967e-16
v 0.503781 1.94925 4.57967e-16
v 0.473205 1.92708 4.57967e-16
v 0.442628 1.90491 4.57967e-16
v 0.412149 1.88262 4.57967e-16
v 0.381768 1.8602 4.57967e-16
v 0.351386 1.83778 4.57967e-16
v 0.321005 1.81536 4.57967e-16
v 0.290855 1.79264 4.57967e-16
v 0.260936 1.76962 4.57967e-16
v 0.231017 1.74661 4.57967e-16
v 0.201098 1.72359 4.57967e-16
v 0.171544 1.70011 4.57967e-16
v 0.142355 1.67616 4.57967e-16
v 0.113165 1.65221 4.57967e-16
v 0.0839762 1.62826 4.57967e-16
v 0.0544373 1.60348 4.57967e-16
v 0.0245488 1.57788 4.57967e-16
v -0.0053398 1.55227 4.57967e-16
v -0.0352284 1.52667 4.57967e-16
v -0.0651169 1.50106 4.57967e-16
v -0.0950055 1.47546 4.57967e-16
v -0.12474 1.44968 4.57967e-16
v -0.154322 1.42372 4.57967e-16
v -0.183903 1.39777 4.57967e-16
v -0.213484 1.37181 4.57967e-16
v -0.243065 1.34586 4.57967e-16
v -0.272646 1.31991 4.57967e-16
v -0.302131 1.29384 4.57967e-16
v -0.331518 1.26767 4.57967e-16
v -0.360905 1.24149 4.57967e-16
v -0.390292 1.21532 4.57967e-16
v -0.41968 1.18915 4.57967e-16
v -0.449067 1.16297 4.57967e-16
v -0.478414 1.13675 4.57967e-16
v -0.507721 1.11049 4.57967e-16
v -0.537028 1.08423 4.57967e-16
v -0.566335 1.05797 4.57967e-16
v -0.595642 1.0317 4.57967e-16
v -0.624948 1.00544 4.57967e-16
v -0.654272 0.979197 4.57967e-16
v -0.683612 0.952974 4.57967e-16
v -0.712952 0.926752 4.57967e-16
v -0.742292 0.90053 4.57967e-16
v -0.771632 0.874308 4.57967e-16
v -0.800972 0.848086 4.57967e-16
v -0.830385 0.821949 4.57967e-16
v -0.859872 0.795897 4.57967e-16
v -0.889358 0.769846 4.57967e-16
v -0.918845 0.743795 4.57967e-16
v -0.948331 0.717743 4.57967e-16
v -0.977818 0.691692 4.57967e-16
v -1.00743 0.665791 4.57967e-16
v -1.03718 0.640041 4.57967e-16
v -1.06693 0.61429 4.57967e-16
v -1.09667 0.58854 4.57967e-16
v -1.12642 0.562789 4.57967e-16
v -1.15617 0.537039 4.57967e-16
v -1.1861 0.511504 4.57967e-16
v -1.21622 0.486184 4.57967e-16
v -1.24634 0.460864 4.57967e-16
v -1.27646 0.435545 4.57967e-16
v -1.30658 0.410225 4.57967e-16
v -1.3367 0.384906 4.57967e-16
v -1.36544 0.35949 4.57967e-16
v -1.3928 0.333979 4.57967e-16
v -1.4207 0.309261 4.57967e-16
v -1.44913 0.285338 4.57967e-16
v -1.47806 0.262148 4.57967e-16
v -1.50748 0.23969 4.57967e-16
v -1.53734 0.217905 4.57967e-16
v -1.56766 0.196792 4.57967e-16
v -1.59837 0.176289 4.57967e-16
v -1.62949 0.156398 4.57967e-16
v -1.66096 0.137056 4.57967e-16
v -1.69279 0.118264 4.57967e-16
v -1.72492 0.099961 4.57967e-16
v -1.75737 0.0821468 4.57967e-16
v -1.79008 0.0647603 4.57967e-16
v -1.82305 0.0478016 4.57967e-16
v -1.85625 0.0312097 4.57967e-16
v -1.88966 0.0149844 4.57967e-16
v -1.92324 -0.00093514 4.57967e-16
v -1.957 -0.016549 4.57967e-16
v -1.99089 -0.0319183 4.57967e-16
v -2.0249 -0.0470429 4.57967e-16
v -2.05899 -0.061984 4.57967e-16
v -2.09317 -0.0767414 4.57967e-16
v -2.12738 -0.0913764 4.57967e-16
v -2.16163 -0.105889 4.57967e-16
v -2.19586 -0.12034 4.57967e-16
v -2.23009 -0.134729 4.57967e-16
v -2.26426 -0.149118 4.57967e-16
v -2.29838 -0.163507 4.57967e-16
v -2.33239 -0.177956 4.57967e-16
v -2.36631 -0.192465 4.57967e-16
v -2.40163 -0.206022 4.57967e-16
v -2.43836 -0.218627 4.57967e-16
v -2.47509 -0.231231 4.57967e-16
v -2.51182 -0.243836 4.57967e-16
v -2.54865 -0.256132 4.57967e-16
v -2.58556 -0.268119 4.57967e-16
v -2.62248 -0.280107 4.57967e-16
v -2.6594 -0.292094 4.57967e-16
v -2.69639 -0.303863 4.57967e-16
v -2.73344 -0.315414 4.57967e-16
v -2.77049 -0.326964 4.57967e-16
v -2.80754 -0.338514 4.57967e-16
v -2.84463 -0.349936 4.57967e-16
v -2.88176 -0.361229 4.57967e-16
v -2.91889 -0.372522 4.57967e-16
v -2.95601 -0.383816 4.57967e-16
v -2.99315 -0.39507 4.57967e-16
v -3.0303 -0.406286 4.57967e-16
v -3.06745 -0.417502 4.57967e-16
v -3.1046 -0.428717 4.57967e-16
v -3.14174 -0.439984 4.57967e-16
v -3.17885 -0.451303 4.57967e-16
v -3.21597 -0.462621 4.57967e-16
v -3.25309 -0.473939 4.57967e-16
v -3.29016 -0.485399 4.57967e-16
v -3.32719 -0.496999 4.57967e-16
v -3.36422 -0.5086 4.57967e-16
v -3.40125 -0.520201 4.57967e-16
v -3.4382 -0.532033 4.57967e-16
v -3.47509 -0.544095 4.57967e-16
v -3.51197 -0.556158 4.57967e-16
v -3.54885 -0.568221 4.57967e-16
v -3.58264 -0.579507 4.57967e-16
v -3.61332 -0.590016 4.57967e-16
v -3.64411 -0.600229 4.57967e-16
v -3.67501 -0.610144 4.57967e-16
v -3.706 -0.619825 4.57967e-16
v -3.73708 -0.629273 4.57967e-16
v -3.76822 -0.638549 4.57967e-16
v -3.79943 -0.647655 4.57967e-16
v -3.83067 -0.656652 4.57967e-16
v -3.86196 -0.665542 4.57967e-16
v -3.89326 -0.674386 4.57967e-16
v -3.92458 -0.683186 4.57967e-16
v -3.95589 -0.692004 4.57967e-16
v -3.9872 -0.700839 4.57967e-16
v -4.01847 -0.709756 4.57967e-16
v -4.04971 -0.718753 4.57967e-16
v -4.0809 -0.727895 4.57967e-16
v -4.11203 -0.737181 4.57967e-16
v -4.14308 -0.746673 4.57967e-16
v -4.17405 -0.756372 4.57967e-16
v -4.20492 -0.766342 4.57967e-16
v -4.23568 -0.776581 4.57967e-16
v -4.26632 -0.787153 4.57967e-16
v -4.29683 -0.798058 4.57967e-16
v -4.32719 -0.809359 4.57967e-16
v -4.3574 -0.821056 4.57967e-16
v -4.38744 -0.833212 4.57967e-16
v -4.4173 -0.845827 4.57967e-16
v -4.44696 -0.858963 4.57967e-16
v -4.47643 -0.872622 4.57967e-16
v -4.50567 -0.886865 4.57967e-16
v -4.53469 -0.901693 4.57967e-16
v -4.56297 -0.917497 4.57967e-16
v -4.58887 -0.935873 4.57967e-16
v -4.61156 -0.957247 4.57967e-16
v -4.63114 -0.981227 4.57967e-16
v -4.64777 -1.00742 4.57967e-16
v -4.66156 -1.03543 4.57967e-16
v -4.67263 -1.06486 4.57967e-16
v -4.68113 -1.09533 4.57967e-16
v -4.66544 -1.11583 4.57967e-16
v -4.62681 -1.12594 4.57967e-16
v -4.58818 -1.13605 4.57967e-16
v -4.54937 -1.14605 4.57967e-16
v -4.51039 -1.15593 4.57967e-16
v -4.47141 -1.16581 4.57967e-16
v -4.43659 -1.16234 4.57967e-16
v -4.40595 -1.14552 4.57967e-16
v -4.37513 -1.12887 4.57967e-16
v -4.34414 -1.11241 4.57967e-16
v -4.32865 -1.12141 4.57967e-16
v -4.32865 -1.15589 4.57967e-16
v -4.32865 -1.19037 4.57967e-16
v -4.30838 -1.20806 4.57967e-16
v -4.26784 -1.20898 4.57967e-16
v -4.2273 -1.20989 4.57967e-16
v -4.18494 -1.21001 4.57967e-16
v -4.14075 -1.20933 4.57967e-16
v -4.09661 -1.20801 4.57967e-16
v -4.05251 -1.20605 4.57967e-16
v -4.00846 -1.2035 4.57967e-16
v -3.96444 -1.20038 4.57967e-16
v -3.92047 -1.19673 4.57967e-16
v -3.87653 -1.19257 4.57967e-16
v -3.83263 -1.18794 4.57967e-16
v -3.78876 -1.18285 4.57967e-16
v -3.74492 -1.17737 4.57967e-16
v -3.70112 -1.17148 4.57967e-16
v -3.65734 -1.16525 4.57967e-16
v -3.61359 -1.15869 4.57967e-16
v -3.56987 -1.15184 4.57967e-16
v -3.52618 -1.14472 4.57967e-16
v -3.4825 -1.13738 4.57967e-16
v -3.43885 -1.12981 4.57967e-16
v -3.39522 -1.12209 4.57967e-16
v -3.35161 -1.11421 4.57967e-16
v -3.30802 -1.10623 4.57967e-16
v -3.26444 -1.09815 4.57967e-16
v -3.22087 -1.09004 4.57967e-16
v -3.17732 -1.08188 4.57967e-16
v -3.13377 -1.07375 4.57967e-16
v -3.09024 -1.06564 4.57967e-16
v -3.04671 -1.05761 4.57967e-16
v -3.0032 -1.04966 4.57967e-16
v -2.95968 -1.04186 4.57967e-16
v -2.91617 -1.0342 4.57967e-16
v -2.87266 -1.02674 4.57967e-16
v -2.82915 -1.01948 4.57967e-16
v -2.79188 -1.01343 4.57967e-16
v -2.76086 -1.00859 4.57967e-16
v -2.72988 -1.00338 4.57967e-16
v -2.69896 -0.997796 4.57967e-16
v -2.66809 -0.991909 4.57967e-16
v -2.63725 -0.98572 4.57967e-16
v -2.60645 -0.979295 4.57967e-16
v -2.57568 -0.972634 4.57967e-16
v -2.54493 -0.965804 4.57967e-16
v -2.51421 -0.958805 4.57967e-16
v -2.48351 -0.951705 4.57967e-16
v -2.45282 -0.944502 4.57967e-16
v -2.42213 -0.937266 4.57967e-16
v -2.39145 -0.929994 4.57967e-16
v -2.36077 -0.922755 4.57967e-16
v -2.33008 -0.915549 4.57967e-16
v -2.29939 -0.908442 4.57967e-16
v -2.26867 -0.901434 4.57967e-16
v -2.23794 -0.894594 4.57967e-16
v -2.20719 -0.88792 4.57967e-16
v -2.1764 -0.88148 4.57967e-16
v -2.14559 -0.875273 4.57967e-16
v -2.11473 -0.869368 4.57967e-16
v -2.08384 -0.863763 4.57967e-16
v -2.05289 -0.858527 4.57967e-16
v -2.0219 -0.853659 4.57967e-16
v -1.99084 -0.849225 4.57967e-16
v -1.95973 -0.845227 4.57967e-16
v -1.92855 -0.841731 4.57967e-16
v -1.89731 -0.838737 4.57967e-16
v -1.86599 -0.836313 4.57967e-16
v -1.83459 -0.834458 4.57967e-16
v -1.79878 -0.83811 4.57967e-16
v -1.75856 -0.847269 4.57967e-16
v -1.71835 -0.856429 4.57967e-16
v -1.67839 -0.86656 4.57967e-16
v -1.63871 -0.877662 4.57967e-16
v -1.59903 -0.888765 4.57967e-16
v -1.55958 -0.900688 4.57967e-16
v -1.52037 -0.913433 4.57967e-16
v -1.48116 -0.926177 4.57967e-16
v -1.44215 -0.939593 4.57967e-16
v -1.40335 -0.953679 4.57967e-16
v -1.36456 -0.967764 4.57967e-16
v -1.32594 -0.98237 4.57967e-16
v -1.28749 -0.997496 4.57967e-16
v -1.24905 -1.01262 4.57967e-16
v -1.21075 -1.02812 4.57967e-16
v -1.17261 -1.04398 4.57967e-16
v -1.13446 -1.05985 4.57967e-16
v -1.09643 -1.07593 4.57967e-16
v -1.05852 -1.09224 4.57967e-16
v -1.02061 -1.10854 4.57967e-16
v -0.982785 -1.12492 4.57967e-16
v -0.945051 -1.14136 4.57967e-16
v -0.907317 -1.1578 4.57967e-16
v -0.868731 -1.17749 4.57967e-16
v -0.829292 -1.20042 4.57967e-16
v -0.789854 -1.22335 4.57967e-16
v -0.749992 -1.24541 4.57967e-16
v -0.709708 -1.2666 4.57967e-16
v -0.669424 -1.28779 4.57967e-16
v -0.628796 -1.30828 4.57967e-16
v -0.587824 -1.32806 4.57967e-16
v -0.546853 -1.34783 4.57967e-16
v -0.505618 -1.36707 4.57967e-16
v -0.464118 -1.38576 4.57967e-16
v -0.422619 -1.40445 4.57967e-16
v -0.380935 -1.42276 4.57967e-16
v -0.339067 -1.44069 4.57967e-16
v -0.297199 -1.45863 4.57967e-16
v -0.255225 -1.47634 4.57967e-16
v -0.213147 -1.49384 4.57967e-16
v -0.171069 -1.51134 4.57967e-16
v -0.128965 -1.52878 4.57967e-16
v -0.0868359 -1.54617 4.57967e-16
v -0.0447067 -1.56356 4.57967e-16
v -0.00263147 -1.58107 4.57967e-16
v 0.0393897 -1.59868 4.57967e-16
v 0.0814109 -1.61629 4.57967e-16
v 0.114617 -1.62917 4.57967e-16
v 0.137647 -1.63873 4.57967e-16
v 0.158115 -1.65094 4.57967e-16
v 0.176346 -1.66549 4.57967e-16
v 0.19266 -1.68205 4.57967e-16
v 0.207381 -1.7003 4.57967e-16
v 0.220831 -1.71993 4.57967e-16
v 0.233332 -1.74062 4.57967e-16
v 0.245207 -1.76204 4.57967e-16
v 0.256778 -1.78388 4.57967e-16
v 0.268368 -1.80581 4.57967e-16
v 0.280299 -1.82752 4.57967e-16
v 0.292893 -1.84869 4.57967e-16
v 0.306474 -1.86899 4.57967e-16
v 0.321363 -1.88812 4.57967e-16
v 0.337883 -1.90574 4.57967e-16
v 0.357162 -1.92417 4.57967e-16
v 0.378303 -1.94424 4.57967e-16
v 0.398969 -1.96469 4.57967e-16
v 0.419159 -1.98554 4.57967e-16
v 0.438923 -2.00673 4.57967e-16
v 0.458261 -2.02826 4.57967e-16
v 0.477224 -2.0501 4.57967e-16
v 0.495812 -2.07224 4.57967e-16
v 0.514073 -2.09465 4.57967e-16
v 0.532009 -2.11733 4.57967e-16
v 0.549669 -2.14023 4.57967e-16
v 0.567053 -2.16335 4.57967e-16
v 0.584212 -2.18666 4.57967e-16
v 0.601144 -2.21015 4.57967e-16
v 0.617901 -2.23379 4.57967e-16
v 0.634482 -2.25757 4.57967e-16
v 0.650938 -2.28146 4.57967e-16
v 0.667267 -2.30545 4.57967e-16
v 0.68352 -2.3295 4.57967e-16
v 0.699698 -2.35362 4.57967e-16
v 0.715849 -2.37775 4.57967e-16
v 0.731975 -2.40192 4.57967e-16
v 0.748125 -2.42606 4.57967e-16
v 0.764298 -2.45019 4.57967e-16
v 0.780546 -2.47426 4.57967e-16
v 0.796868 -2.49827 4.57967e-16
v 0.813313 -2.52219 4.57967e-16
v 0.829883 -2.54601 4.57967e-16
v 0.846627 -2.56969 4.57967e-16
v 0.863544 -2.59323 4.57967e-16
v 0.880685 -2.61659 4.57967e-16
v 0.898051 -2.63978 4.57967e-16
v 0.893306 -2.65311 4.57967e-16
v 0.866453 -2.65658 4.57967e-16
v 0.839695 -2.65887 4.57967e-16
v 0.813033 -2.65998 4.57967e-16
v 0.787919 -2.66012 4.57967e-16
v 0.764351 -2.65931 4.57967e-16
v 0.740865 -2.65773 4.57967e-16
v 0.717458 -2.65539 4.57967e-16
v 0.694134 -2.65237 4.57967e-16
v 0.670892 -2.64868 4.57967e-16
v 0.647735 -2.6444 4.57967e-16
v 0.624662 -2.63952 4.57967e-16
v 0.601676 -2.63413 4.57967e-16
v 0.578777 -2.62823 4.57967e-16
v 0.555966 -2.6219 4.57967e-16
v 0.533243 -2.61515 4.57967e-16
v 0.510611 -2.60805 4.57967e-16
v 0.48807 -2.60061 4.57967e-16
v 0.465621 -2.59292 4.57967e-16
v 0.443266 -2.58496 4.57967e-16
v 0.427653 -2.5961 4.57967e-16
v 0.418784 -2.62632 4.57967e-16
v 0.409915 -2.65655 4.57967e-16
v 0.401337 -2.68701 4.57967e-16
v 0.39305 -2.71771 4.57967e-16
v 0.384764 -2.74842 4.57967e-16
v 0.393876 -2.76553 4.57967e-16
v 0.420388 -2.76905 4.57967e-16
v 0.446964 -2.77245 4.57967e-16
v 0.473605 -2.77574 4.57967e-16
v 0.500291 -2.77896 4.57967e-16
v 0.527022 -2.78213 4.57967e-16
v 0.553781 -2.78528 4.57967e-16
v 0.580567 -2.78843 4.57967e-16
v 0.60736 -2.79163 4.57967e-16
v 0.634162 -2.79487 4.57967e-16
v 0.660954 -2.79822 4.57967e-16
v 0.687735 -2.80167 4.57967e-16
v 0.714487 -2.80528 4.57967e-16
v 0.741209 -2.80904 4.57967e-16
v 0.767884 -2.81302 4.57967e-16
v 0.794511 -2.81721 4.57967e-16
v 0.821072 -2.82167 4.57967e-16
v 0.847566 -2.82639 4.57967e-16
v 0.873975 -2.83144 4.57967e-16
v 0.900299 -2.83681 4.57967e-16
v 0.926519 -2.84255 4.57967e-16
v 0.952635 -2.84867 4.57967e-16
v 0.978628 -2.85523 4.57967e-16
v 1.0045 -2.86221 4.57967e-16
v 1.03023 -2.86968 4.57967e-16
v 1.05582 -2.87764 4.57967e-16
v 1.08125 -2.88614 4.57967e-16
v 1.10651 -2.89518 4.57967e-16
v 1.1316 -2.90481 4.57967e-16
v 1.15652 -2.91505 4.57967e-16
v 1.18123 -2.92593 4.57967e-16
v 1.20575 -2.93746 4.57967e-16
v 1.23482 -2.95087 4.57967e-16
v 1.26845 -2.96616 4.57967e-16
v 1.30207 -2.98145 4.57967e-16
v 1.33585 -2.99637 4.57967e-16
v 1.36979 -3.01094 4.57967e-16
v 1.40372 -3.02551 4.57967e-16
v 1.43779 -3.0397 4.57967e-16
v 1.47202 -3.05354 4.57967e-16
v 1.50625 -3.06737 4.57967e-16
v 1.54062 -3.08083 4.57967e-16
v 1.57513 -3.09391 4.57967e-16
v 1.60965 -3.107 4.57967e-16
v 1.6443 -3.11971 4.57967e-16
v 1.6791 -3.13203 4.57967e-16
v 1.71389 -3.14436 4.57967e-16
v 1.74882 -3.1563 4.57967e-16
v 1.78389 -3.16785 4.57967e-16
v 1.81896 -3.1794 4.57967e-16
v 1.85416 -3.19056 4.57967e-16
v 1.88949 -3.20133 4.57967e-16
v 1.92482 -3.21209 4.57967e-16
v 1.96028 -3.22246 4.57967e-16
v 1.99587 -3.23243 4.57967e-16
v 2.03146 -3.24239 4.57967e-16
v 2.05003 -3.235 4.57967e-16
v 2.0516 -3.21026 4.57967e-16
v 2.05263 -3.18552 4.57967e-16
v 2.05314 -3.1608 4.57967e-16
v 2.05259 -3.12566 4.57967e-16
v 2.05099 -3.08011 4.57967e-16
v 2.04795 -3.03471 4.57967e-16
v 2.04348 -2.98947 4.57967e-16
v 2.02276 -2.96175 4.57967e-16
v 1.9858 -2.95157 4.57967e-16
v 1.94874 -2.94183 4.57967e-16
v 1.91159 -2.93251 4.57967e-16
v 1.87439 -2.92348 4.57967e-16
v 1.83712 -2.91472 4.57967e-16
v 1.79983 -2.90609 4.57967e-16
v 1.76253 -2.89759 4.57967e-16
v 1.72524 -2.88906 4.57967e-16
v 1.68796 -2.8805 4.57967e-16
v 1.65074 -2.87176 4.57967e-16
v 1.61357 -2.86284 4.57967e-16
v 1.5765 -2.85358 4.57967e-16
v 1.53951 -2.84399 4.57967e-16
v 1.50266 -2.83391 4.57967e-16
v 1.46593 -2.82334 4.57967e-16
v 1.46175 -2.81744 4.57967e-16
v 1.49014 -2.8162 4.57967e-16
v 1.51873 -2.81523 4.57967e-16
v 1.54753 -2.81454 4.57967e-16
v 1.57567 -2.81442 4.57967e-16
v 1.60309 -2.81543 4.57967e-16
v 1.6303 -2.81766 4.57967e-16
v 1.6572 -2.82141 4.57967e-16
v 1.68368 -2.82694 4.57967e-16
v 1.70962 -2.83452 4.57967e-16
v 1.73492 -2.84442 4.57967e-16
v 1.75947 -2.85693 4.57967e-16
v 1.78284 -2.86697 4.57967e-16
v 1.80543 -2.87315 4.57967e-16
v 1.8282 -2.87897 4.57967e-16
v 1.85115 -2.88443 4.57967e-16
v 1.87417 -2.8898 4.57967e-16
v 1.89725 -2.89509 4.57967e-16
v 1.92026 -2.90058 4.57967e-16
v 1.94321 -2.90626 4.57967e-16
v 1.96598 -2.91242 4.57967e-16
v 1.98855 -2.91906 4.57967e-16
v 2.01081 -2.92645 4.57967e-16
v 2.03276 -2.93459 4.57967e-16
v 2.05427 -2.94377 4.57967e-16
v 2.07534 -2.95399 4.57967e-16
v 2.09586 -2.96552 4.57967e-16
v 2.11581 -2.97836 4.57967e-16
v 2.14375 -2.99808 4.57967e-16
v 2.17858 -3.02608 4.57967e-16
v 2.21167 -3.05625 4.57967e-16
v 2.244 -3.08735 4.57967e-16
v 2.27653 -3.11813 4.57967e-16
v 2.31023 -3.14737 4.57967e-16
v 2.34607 -3.17382 4.57967e-16
v 2.38502 -3.19624 4.57967e-16
v 2.40631 -3.18906 4.57967e-16
v 2.40577 -3.15114 4.57967e-16
v 2.40006 -3.11147 4.57967e-16
v 2.38906 -3.07508 4.57967e-16
v 2.37326 -3.04176 4.57967e-16
v 2.35316 -3.01126 4.57967e-16
v 2.32927 -2.98336 4.57967e-16
v 2.30208 -2.95782 4.57967e-16
v 2.27208 -2.93441 4.57967e-16
v 2.23978 -2.9129 4.57967e-16
v 2.20568 -2.89306 4.57967e-16
v 2.17027 -2.87466 4.57967e-16
v 2.13406 -2.85746 4.57967e-16
v 2.09753 -2.84123 4.57967e-16
v 2.06119 -2.82575 4.57967e-16
v 2.02554 -2.81077 4.57967e-16
v 1.99108 -2.79607 4.57967e-16
v 1.96968 -2.78631 4.57967e-16
v 1.95987 -2.78103 4.57967e-16
v 1.94882 -2.77513 4.57967e-16
v 1.93702 -2.76886 4.57967e-16
v 1.92497 -2.76248 4.57967e-16
v 1.91317 -2.75626 4.57967e-16
v 1.90212 -2.75045 4.57967e-16
v 1.89232 -2.74531 4.57967e-16
v 1.87608 -2.74037 4.57967e-16
v 1.85267 -2.73523 4.57967e-16
v 1.82958 -2.72931 4.57967e-16
v 1.80683 -2.72261 4.57967e-16
v 1.78443 -2.71499 4.57967e-16
v 1.76239 -2.70647 4.57967e-16
v 1.74072 -2.69693 4.57967e-16
v 1.71943 -2.68635 4.57967e-16
v 1.72109 -2.67989 4.57967e-16
v 1.74569 -2.67755 4.57967e-16
v 1.77048 -2.67516 4.57967e-16
v 1.79545 -2.67272 4.57967e-16
v 1.8205 -2.67054 4.57967e-16
v 1.84563 -2.66863 4.57967e-16
v 1.87076 -2.66728 4.57967e-16
v 1.89587 -2.6665 4.57967e-16
v 1.92144 -2.66637 4.57967e-16
v 1.94739 -2.66744 4.57967e-16
v 1.97313 -2.66974 4.57967e-16
v 1.99863 -2.67343 4.57967e-16
v 2.02381 -2.6787 4.57967e-16
v 2.04863 -2.68572 4.57967e-16
v 2.07303 -2.69466 4.57967e-16
v 2.09696 -2.7057 4.57967e-16
v 2.12435 -2.7137 4.57967e-16
v 2.15544 -2.71756 4.57967e-16
v 2.18642 -2.72197 4.57967e-16
v 2.21728 -2.72694 4.57967e-16
v 2.24804 -2.7324 4.57967e-16
v 2.27869 -2.73837 4.57967e-16
v 2.30924 -2.7448 4.57967e-16
v 2.33969 -2.75167 4.57967e-16
v 2.37006 -2.75896 4.57967e-16
v 2.40034 -2.76665 4.57967e-16
v 2.43054 -2.77469 4.57967e-16
v 2.46065 -2.78309 4.57967e-16
v 2.4907 -2.7918 4.57967e-16
v 2.52068 -2.80082 4.57967e-16
v 2.5506 -2.8101 4.57967e-16
v 2.58045 -2.81963 4.57967e-16
v 2.61025 -2.82938 4.57967e-16
v 2.64 -2.83934 4.57967e-16
v 2.66971 -2.84945 4.57967e-16
v 2.69937 -2.85973 4.57967e-16
v 2.729 -2.87013 4.57967e-16
v 2.75859 -2.88063 4.57967e-16
v 2.78816 -2.8912 4.57967e-16
v 2.8177 -2.90184 4.57967e-16
v 2.84723 -2.91249 4.57967e-16
v 2.87674 -2.92315 4.57967e-16
v 2.90624 -2.93378 4.57967e-16
v 2.93573 -2.94438 4.57967e-16
v 2.96523 -2.95489 4.57967e-16
v 2.99472 -2.96533 4.57967e-16
v 3.02423 -2.97563 4.57967e-16
v 3.05375 -2.9858 4.57967e-16
v 3.07047 -2.97446 4.57967e-16
v 3.07439 -2.94162 4.57967e-16
v 3.07831 -2.90878 4.57967e-16
v 3.08217 -2.87612 4.57967e-16
v 3.08597 -2.84363 4.57967e-16
v 3.08976 -2.81114 4.57967e-16
v 3.08027 -2.7789 4.57967e-16
v 3.05748 -2.7469 4.57967e-16
v 3.03504 -2.7149 4.57967e-16
v 3.01297 -2.6829 4.57967e-16
v 3.01787 -2.6706 4.57967e-16
v 3.04899 -2.67922 4.57967e-16
v 3.07861 -2.69021 4.57967e-16
v 3.10683 -2.70338 4.57967e-16
v 3.13373 -2.71856 4.57967e-16
v 3.15939 -2.73558 4.57967e-16
v 3.18389 -2.75427 4.57967e-16
v 3.20732 -2.77444 4.57967e-16
v 3.22976 -2.79593 4.57967e-16
v 3.2513 -2.81856 4.57967e-16
v 3.27202 -2.84216 4.57967e-16
v 3.29199 -2.86655 4.57967e-16
v 3.31132 -2.89156 4.57967e-16
v 3.33007 -2.91701 4.57967e-16
v 3.34834 -2.94273 4.57967e-16
v 3.36621 -2.96855 4.57967e-16
v 3.37761 -2.96515 4.57967e-16
v 3.38101 -2.93293 4.57967e-16
v 3.38125 -2.90364 4.57967e-16
v 3.37891 -2.87723 4.57967e-16
v 3.37433 -2.85148 4.57967e-16
v 3.36762 -2.82643 4.57967e-16
v 3.35892 -2.80212 4.57967e-16
v 3.34834 -2.77857 4.57967e-16
v 3.336 -2.75582 4.57967e-16
v 3.32202 -2.73391 4.57967e-16
v 3.30651 -2.71287 4.57967e-16
v 3.28961 -2.69274 4.57967e-16
v 3.27143 -2.67354 4.57967e-16
v 3.25209 -2.65532 4.57967e-16
v 3.23171 -2.63811 4.57967e-16
v 3.21042 -2.62194 4.57967e-16
v 3.18832 -2.60685 4.57967e-16
v 3.16554 -2.59288 4.57967e-16
v 3.14002 -2.58142 4.57967e-16
v 3.11206 -2.5719 4.57967e-16
v 3.08396 -2.56325 4.57967e-16
v 3.05572 -2.55546 4.57967e-16
v 3.02735 -2.54842 4.57967e-16
v 2.99887 -2.54212 4.57967e-16
v 2.97028 -2.53646 4.57967e-16
v 2.94158 -2.53142 4.57967e-16
v 2.9128 -2.5269 4.57967e-16
v 2.88394 -2.5229 4.57967e-16
v 2.85501 -2.5193 4.57967e-16
v 2.82602 -2.51609 4.57967e-16
v 2.79698 -2.51318 4.57967e-16
v 2.76789 -2.51054 4.57967e-16
v 2.73878 -2.50808 4.57967e-16
v 2.70963 -2.50578 4.57967e-16
v 2.68048 -2.50354 4.57967e-16
v 2.65133 -2.50136 4.57967e-16
v 2.62218 -2.49911 4.57967e-16
v 2.59304 -2.4968 4.57967e-16
v 2.56393 -2.49431 4.57967e-16
v 2.53485 -2.49165 4.57967e-16
v 2.50583 -2.48869 4.57967e-16
v 2.47684 -2.48545 4.57967e-16
v 2.44793 -2.48179 4.57967e-16
v 2.41909 -2.47773 4.57967e-16
v 2.39033 -2.47314 4.57967e-16
v 2.36166 -2.46803 4.57967e-16
v 2.33309 -2.46229 4.57967e-16
v 2.30463 -2.4559 4.57967e-16
v 2.27629 -2.44876 4.57967e-16
v 2.24808 -2.44087 4.57967e-16
v 2.22006 -2.42587 4.57967e-16
v 2.19223 -2.40377 4.57967e-16
v 2.16496 -2.38104 4.57967e-16
v 2.13826 -2.35768 4.57967e-16
v 2.11193 -2.33389 4.57967e-16
v 2.086 -2.30968 4.57967e-16
v 2.06027 -2.28524 4.57967e-16
v 2.03474 -2.26058 4.57967e-16
v 2.00925 -2.2359 4.57967e-16
v 1.98378 -2.21119 4.57967e-16
v 1.95816 -2.18667 4.57967e-16
v 1.93239 -2.16232 4.57967e-16
v 1.90629 -2.13836 4.57967e-16
v 1.87986 -2.11477 4.57967e-16
v 1.85292 -2.09178 4.57967e-16
v 1.82548 -2.06936 4.57967e-16
v 1.79825 -2.04647 4.57967e-16
v 1.77125 -2.02311 4.57967e-16
v 1.74424 -1.99975 4.57967e-16
v 1.71724 -1.97639 4.57967e-16
v 1.69081 -1.9524 4.57967e-16
v 1.66497 -1.9278 4.57967e-16
v 1.63913 -1.9032 4.57967e-16
v 1.61328 -1.8786 4.57967e-16
v 1.58796 -1.85349 4.57967e-16
v 1.56315 -1.82787 4.57967e-16
v 1.53835 -1.80225 4.57967e-16
v 1.51355 -1.77662 4.57967e-16
v 1.4892 -1.7506 4.57967e-16
v 1.46531 -1.72418 4.57967e-16
v 1.44142 -1.69776 4.57967e-16
v 1.41754 -1.67134 4.57967e-16
v 1.42024 -1.64774 4.57967e-16
v 1.45002 -1.62798 4.57967e-16
v 1.48072 -1.61012 4.57967e-16
v 1.51221 -1.59394 4.57967e-16
v 1.5444 -1.5792 4.57967e-16
v 1.57717 -1.56568 4.57967e-16
v 1.61043 -1.55313 4.57967e-16
v 1.64404 -1.54133 4.57967e-16
v 1.67792 -1.53004 4.57967e-16
v 1.71195 -1.51904 4.57967e-16
v 1.74602 -1.50809 4.57967e-16
v 1.78002 -1.49695 4.57967e-16
v 1.81385 -1.4854 4.57967e-16
v 1.84739 -1.4732 4.57967e-16
v 1.88054 -1.46012 4.57967e-16
v 1.91319 -1.44594 4.57967e-16
v 1.94942 -1.42992 4.57967e-16
v 1.98951 -1.4127 4.57967e-16
v 2.02923 -1.39478 4.57967e-16
v 2.06859 -1.37616 4.57967e-16
v 2.10756 -1.35686 4.57967e-16
v 2.14616 -1.33689 4.57967e-16
v 2.18437 -1.31626 4.57967e-16
v 2.22219 -1.29497 4.57967e-16
v 2.25961 -1.27304 4.57967e-16
v 2.29662 -1.25047 4.57967e-16
v 2.33323 -1.22728 4.57967e-16
v 2.36942 -1.20347 4.57967e-16
v 2.40519 -1.17905 4.57967e-16
v 2.44053 -1.15404 4.57967e-16
v 2.47544 -1.12844 4.57967e-16
v 2.50991 -1.10226 4.57967e-16
v 2.54393 -1.07551 4.57967e-16
v 2.57751 -1.0482 4.57967e-16
v 2.61063 -1.02035 4.57967e-16
v 2.6433 -0.991944 4.57967e-16
v 2.67549 -0.963017 4.57967e-16
v 2.70721 -0.933563 4.57967e-16
v 2.73845 -0.903602 4.57967e-16
v 2.76921 -0.873134 4.57967e-16
v 2.79948 -0.842176 4.57967e-16
v 2.82926 -0.81073 4.57967e-16
v 2.85853 -0.778815 4.57967e-16
v 2.8873 -0.74643 4.57967e-16
v 2.91556 -0.713593 4.57967e-16
v 2.94329 -0.680306 4.57967e-16
v 2.97051 -0.646588 4.57967e-16
v 2.99719 -0.612437 4.57967e-16
v 3.02334 -0.577873 4.57967e-16
v 3.04895 -0.542896 4.57967e-16
v 3.07401 -0.507525 4.57967e-16
v 3.09852 -0.47176 4.57967e-16
v 3.12247 -0.43562 4.57967e-16
v 3.14586 -0.399104 4.57967e-16
v 3.16868 -0.362232 4.57967e-16
v 3.19092 -0.325004 4.57967e-16
v 3.21259 -0.287438 4.57967e-16
v 3.23366 -0.249535 4.57967e-16
v 3.25415 -0.211313 4.57967e-16
v 3.27404 -0.172773 4.57967e-16
v 3.29332 -0.133933 4.57967e-16
v 3.312 -0.094794 4.57967e-16
v 3.33005 -0.0553738 4.57967e-16
v 3.34749 -0.0156728 4.57967e-16
v 3.36431 0.0242899 4.57967e-16
v 3.38049 0.0645146 4.57967e-16
v 3.39603 0.104982 4.57967e-16
v 3.41093 0.145693 4.57967e-16
v 3.42518 0.186627 4.57967e-16
v 3.43878 0.227786 4.57967e-16
v 3.45172 0.26915 4.57967e-16
v 3.46399 0.310719 4.57967e-16
v 3.47558 0.352474 4.57967e-16
v 3.48651 0.394415 4.57967e-16
v 3.49674 0.436524 4.57967e-16
v 3.50629 0.4788 4.57967e-16
v 3.51515 0.521225 4.57967e-16
v 3.5233 0.563798 4.57967e-16
v 3.53075 0.606501 4.57967e-16
v 3.53749 0.649333 4.57967e-16
v 3.5426 0.692131 4.57967e-16
v 3.54592 0.735052 4.57967e-16
v 3.54894 0.778267 4.57967e-16
v 3.55176 0.821737 4.57967e-16
v 3.55444 0.865426 4.57967e-16
v 3.55705 0.909294 4.57967e-16
v 3.55969 0.953303 4.57967e-16
v 3.56243 0.997415 4.57967e-16
v 3.56533 1.04159 4.57967e-16
v 3.56849 1.0858 4.57967e-16
v 3.57198 1.12999 4.57967e-16
v 3.57587 1.17413 4.57967e-16
v 3.58024 1.21818 4.57967e-16
v 3.58517 1.26211 4.57967e-16
v 3.59074 1.30587 4.57967e-16
v 3.59702 1.34943 4.57967e-16
v 3.6041 1.39275 4.57967e-16
v 3.61204 1.43579 4.57967e-16
v 3.62093 1.47852 4.57967e-16
v 3.63085 1.52088 4.57967e-16
v 3.64186 1.56286 4.57967e-16
v 3.65405 1.6044 4.57967e-16
v 3.6675 1.64547 4.57967e-16
v 3.68228 1.68603 4.57967e-16
v 3.69847 1.72604 4.57967e-16
v 3.71615 1.76547 4.57967e-16
v 3.73539 1.80428 4.57967e-16
v 3.75628 1.84243 4.57967e-16
v 3.77888 1.87987 4.57967e-16
v 3.80328 1.91658 4.57967e-16
v 3.82956 1.95251 4.57967e-16
v 3.85778 1.98763 4.57967e-16
v 3.88203 2.01614 4.57967e-16
v 3.90131 2.03847 4.57967e-16
v 3.92135 2.05946 4.57967e-16
v 3.94216 2.07913 4.57967e-16
v 3.96365 2.0976 4.57967e-16
v 3.98582 2.11487 4.57967e-16
v 4.00861 2.13108 4.57967e-16
v 4.032 2.14622 4.57967e-16
v 4.05593 2.16041 4.57967e-16
v 4.0804 2.17367 4.57967e-16
v 4.10532 2.18612 4.57967e-16
v 4.1307 2.19775 4.57967e-16
v 4.15646 2.20871 4.57967e-16
v 4.1826 2.21898 4.57967e-16
v 4.20905 2.2287 4.57967e-16
v 4.23581 2.23787 4.57967e-16
v 4.26279 2.24661 4.57967e-16
v 4.29001 2.25493 4.57967e-16
v 4.31737 2.26296 4.57967e-16
v 4.34489 2.27069 4.57967e-16
v 4.37249 2.27826 4.57967e-16
v 4.40017 2.28566 4.57967e-16
v 4.42784 2.29302 4.57967e-16
v 4.45552 2.30035 4.57967e-16
v 4.48313 2.30777 4.57967e-16
v 4.51065 2.31528 4.57967e-16
v 4.53803 2.32302 4.57967e-16
v 4.56526 2.33098 4.57967e-16
v 4.59226 2.33928 4.57967e-16
v 4.61903 2.34794 4.57967e-16
v 4.6455 2.35708 4.57967e-16
v 4.67167 2.3667 4.57967e-16
f 1982 8310 8311
f 8312 1982 8311
f 2883 8307 8308
f 8308 8309 2883
f 8310 1982 8309
f 8313 1982 8312
f 3302 2874 3301
f 2874 8318 3301
f 3301 8319 2873
f 2875 8319 8320
f 8318 8319 3301
f 2875 2873 8319
f 8316 8317 2908
f 3302 2873 2908
f 2873 3302 3301
f 2908 2655 2886
f 3302 2908 8317
f 8318 3302 8317
f 8316 2908 2886
f 2655 2908 2873
f 3302 8318 2874
f 8305 3323 2879
f 3323 8305 8306
f 3323 8306 2877
f 2884 8307 2880
f 2877 8306 2884
f 2879 3217 8305
f 2879 3323 3217
f 2880 2656 2884
f 3217 3323 2877
f 2877 2884 2656
f 3217 2877 2909
f 8306 8307 2884
f 8305 3217 8304
f 8309 1982 1981
f 8314 2900 8313
f 2655 2872 2886
f 2883 2880 8307
f 2872 8315 2886
f 1981 1982 2041
f 2883 8309 1981
f 2887 2900 8315
f 2686 1982 8313
f 2872 2885 8315
f 2686 8313 2900
f 8315 2900 8314
f 2872 1983 2885
f 1983 2872 2655
f 2883 1981 2880
f 8315 8316 2886
f 2656 2880 1981
f 2655 2873 2875
f 2910 8320 8321
f 2910 8321 8322
f 8322 2683 2910
f 2876 2910 2683
f 2910 2876 8320
f 2688 8323 8324
f 2688 8322 8323
f 8325 2691 8324
f 2876 2655 2875
f 2689 8326 8327
f 8327 8328 2689
f 8329 2690 8328
f 2694 8330 8331
f 2693 8332 8333
f 2694 8331 8332
f 2690 8329 8330
f 8325 8326 2691
f 2693 8333 8334
f 1983 2683 1984
f 2655 2876 2683
f 8324 2691 2688
f 8322 2688 2683
f 1990 2693 8334
f 2683 1983 2655
f 2691 2689 1986
f 2691 8326 2689
f 2694 1988 2690
f 2690 8330 2694
f 1989 2694 8332
f 1987 2689 2690
f 8328 2690 2689
f 2688 2691 1985
f 1990 8334 8335
f 2693 1989 8332
f 1991 8336 8337
f 8337 8338 2658
f 8339 2658 8338
f 2699 8340 8341
f 8342 8343 2698
f 2699 8341 8342
f 2853 8339 8340
f 8336 1990 8335
f 2688 1984 2683
f 2876 2875 8320
f 8344 2698 8343
f 8303 8304 2909
f 8303 2909 2878
f 2909 8304 3217
f 2656 2909 2877
f 2878 2909 2656
f 8302 2878 2882
f 2878 8302 8303
f 8302 2882 8301
f 2882 2878 2656
f 2656 2881 2882
f 2881 2919 2882
f 2656 2851 2881
f 1983 2044 2885
f 1985 1984 2688
f 2046 1985 1986
f 1987 1986 2689
f 1985 2691 1986
f 1985 2045 1984
f 2851 2041 8298
f 2656 1981 2851
f 2900 2887 2686
f 8315 2885 2887
f 2042 2686 2887
f 1982 2042 2041
f 2041 2851 1981
f 2885 2043 2887
f 1986 1987 2047
f 2686 2042 1982
f 2044 1983 1984
f 2919 2881 2851
f 8300 8301 2919
f 8300 2919 8299
f 2919 8301 2882
f 2042 2179 2041
f 8298 2041 8297
f 2919 2851 8299
f 2179 2182 8293
f 2851 8298 8299
f 2042 2182 2179
f 8296 2041 2179
f 2042 2043 2182
f 2043 2044 2184
f 2044 2043 2885
f 2045 2046 2190
f 2046 2045 1985
f 2044 1984 2045
f 2044 2045 2187
f 2184 2187 2335
f 2184 2044 2187
f 2046 2192 2190
f 2190 2187 2045
f 2192 2047 2196
f 2190 2192 2341
f 2192 2046 2047
f 2187 2190 2338
f 2046 1986 2047
f 2043 2184 2182
f 2042 2887 2043
f 2182 2184 2860
f 1987 2048 2047
f 2049 1988 1989
f 1989 1988 2694
f 2051 1990 1991
f 1991 1990 8336
f 1989 2693 1990
f 2050 1989 1990
f 2052 2658 2853
f 2658 1991 8337
f 2853 2699 2053
f 2698 2699 8342
f 2853 8340 2699
f 2658 2052 1991
f 2853 2658 8339
f 2054 2699 2698
f 8344 2055 2698
f 2056 8346 8347
f 2056 8345 8346
f 2057 8348 8349
f 2700 8350 8351
f 2700 8351 8352
f 2700 8349 8350
f 2057 8347 8348
f 8344 8345 2055
f 2701 8352 8353
f 2048 2049 2199
f 2048 1988 2049
f 2201 2049 2050
f 2050 1990 2051
f 1989 2050 2049
f 2199 2049 2201
f 2196 2199 2349
f 2196 2048 2199
f 2207 2051 2052
f 2052 2853 2053
f 2053 2699 2054
f 2208 2052 2053
f 2203 2050 2051
f 2054 2211 2053
f 1991 2052 2051
f 2196 2047 2048
f 2214 2055 2056
f 2055 8345 2056
f 8347 2057 2056
f 2054 2698 2055
f 2702 8354 8355
f 2056 2057 2215
f 8349 2700 2057
f 2701 8354 2220
f 2700 8352 2701
f 2702 8356 8357
f 2700 2701 2218
f 2702 8355 8356
f 2057 2700 2217
f 2054 2055 2212
f 8354 2701 8353
f 8354 2702 2220
f 2048 1987 1988
f 1987 2690 1988
f 2192 2196 2346
f 1489 8419 8420
f 8420 8421 2729
f 8422 2729 8421
f 2724 8417 8418
f 1489 2729 1493
f 8419 2724 8418
f 8420 2729 1489
f 1489 2724 8419
f 8422 1061 2729
f 8424 8425 1063
f 8425 8426 2728
f 2728 8426 8427
f 2729 1061 1493
f 1061 8422 8423
f 8424 1061 8423
f 8424 1063 1061
f 1501 1063 1066
f 1493 1061 1497
f 8425 2728 1063
f 1497 1061 1063
f 1063 2728 1066
f 1489 1493 1896
f 2862 8412 8413
f 8414 8415 2727
f 2727 8413 8414
f 2725 8410 8411
f 2727 1885 8413
f 2862 8411 8412
f 2862 8413 1885
f 2725 8411 2862
f 8415 1892 2727
f 8417 1892 8416
f 8417 2724 1892
f 1896 1894 1489
f 1501 1497 1063
f 1897 1493 1497
f 1899 1497 1501
f 2727 1892 1886
f 1894 1892 2724
f 1888 1894 1896
f 1896 1493 1897
f 1899 1897 1497
f 1889 1896 1897
f 2724 1489 1894
f 1894 1887 1892
f 1501 1901 1899
f 8416 1892 8415
f 1899 1890 1897
f 2728 8427 735
f 2731 8432 8433
f 419 8433 8434
f 419 2731 8433
f 2730 8429 8430
f 8430 8431 2730
f 2731 8431 8432
f 2731 2730 8431
f 8434 8435 419
f 2712 8438 8439
f 2861 8440 8441
f 2712 8439 8440
f 2711 8435 8436
f 8435 2711 419
f 2711 8437 2712
f 8438 2712 8437
f 8437 2711 8436
f 744 419 423
f 419 2711 423
f 2731 419 740
f 735 1066 2728
f 8428 8429 735
f 2730 737 735
f 2730 2731 737
f 2730 735 8429
f 735 737 1069
f 1501 1066 1504
f 1501 1504 1901
f 1903 1504 1509
f 1069 1504 1066
f 1069 1509 1504
f 1504 1903 1901
f 1066 735 1069
f 1891 1899 1901
f 1069 737 1074
f 8427 8428 735
f 1074 740 1079
f 740 1074 737
f 1518 1079 1086
f 744 1079 740
f 2731 740 737
f 1074 1079 1513
f 1509 1905 1903
f 1905 1509 1513
f 1513 1518 1907
f 1518 1513 1079
f 1900 1907 1908
f 1513 1907 1905
f 1509 1074 1513
f 1895 1903 1905
f 1086 1079 744
f 1074 1509 1069
f 744 740 419
f 1893 1901 1903
f 1907 1518 1908
f 1898 1905 1907
f 8402 8403 2058
f 2058 8404 2726
f 8403 8404 2058
f 8400 2232 8399
f 8400 8401 2715
f 8402 2715 8401
f 8402 2058 2715
f 8404 8405 2726
f 8406 8407 1992
f 8407 8408 1992
f 1993 8408 8409
f 2726 2059 2058
f 2059 2726 1992
f 1992 1993 2060
f 1993 1992 8408
f 2060 1993 2061
f 1992 2060 2059
f 2726 8406 1992
f 2236 2058 2059
f 8409 2725 1993
f 8406 2726 8405
f 2715 2058 2234
f 8357 8358 2221
f 8358 8359 2223
f 2223 8359 8360
f 8362 2659 8361
f 8362 8363 2659
f 8361 2223 8360
f 2854 8363 8364
f 2661 8396 8397
f 8397 8398 2230
f 8399 2230 8398
f 8395 8396 2661
f 8365 8366 2703
f 2392 8394 8395
f 8365 2854 8364
f 2232 8400 2715
f 2221 2702 8357
f 2060 2238 2059
f 2725 2862 1994
f 2725 8409 8410
f 1995 1885 1886
f 1885 2727 1886
f 1885 1994 2862
f 1996 1886 1887
f 1994 1995 2062
f 1995 1994 1885
f 1996 1997 2064
f 1997 1996 1887
f 1995 1886 1996
f 1995 1996 2063
f 1887 1888 1997
f 1994 2061 1993
f 1888 1889 1998
f 1887 1894 1888
f 1999 1889 1890
f 1889 1897 1890
f 1896 1889 1888
f 1998 1889 1999
f 1893 2002 1891
f 1890 1891 2001
f 2003 1893 1895
f 1893 1903 1895
f 1895 1905 1898
f 2004 1895 1898
f 1901 1893 1891
f 2005 1898 1900
f 1899 1891 1890
f 1888 1998 1997
f 1892 1887 1886
f 1997 1998 2065
f 2240 2060 2061
f 2061 1994 2062
f 1995 2063 2062
f 2001 1999 1890
f 1999 2066 1998
f 2067 1999 2001
f 2063 2243 2062
f 2063 1996 2064
f 2248 2064 2065
f 2065 1998 2066
f 2067 2066 1999
f 2249 2065 2066
f 1997 2065 2064
f 2246 2063 2064
f 2001 2068 2067
f 2242 2061 2062
f 2002 2003 2069
f 2003 2002 1893
f 2004 2005 2071
f 2005 2004 1898
f 2003 1895 2004
f 2003 2004 2070
f 2253 2067 2068
f 2069 2068 2002
f 2256 2069 2070
f 2071 2070 2004
f 2072 2071 2005
f 2257 2070 2071
f 2069 2003 2070
f 2254 2068 2069
f 2072 2005 2006
f 2002 2068 2001
f 2001 1891 2002
f 2251 2066 2067
f 2006 2005 1900
f 1994 1993 2725
f 1907 1900 1898
f 2259 2071 2072
f 2259 2072 2261
f 8367 2703 8366
f 8297 2041 8296
f 2179 8294 8295
f 8295 8296 2179
f 8292 2182 2860
f 2179 8293 8294
f 8290 2860 2687
f 2687 2184 2335
f 2182 8292 8293
f 8288 2687 2335
f 2184 2687 2860
f 2338 2190 2341
f 2335 2187 2338
f 2358 2201 2203
f 2207 2203 2051
f 2201 2050 2203
f 2361 2358 2203
f 2341 2346 2534
f 2341 2192 2346
f 2349 2355 2539
f 2349 2199 2355
f 2358 2355 2201
f 2355 2358 2542
f 2196 2349 2346
f 2346 2349 2537
f 2203 2207 2361
f 2338 2341 2852
f 2199 2201 2355
f 2335 2338 2692
f 8292 2860 8291
f 2687 8289 8290
f 8290 8291 2860
f 2335 2692 8286
f 2687 8288 8289
f 8288 2335 8287
f 8287 2335 8286
f 8286 2692 8285
f 8282 2852 2657
f 2692 2338 2852
f 2537 2534 2346
f 2363 2361 2207
f 2657 2852 2341
f 890 2546 2361
f 2534 2537 8278
f 2534 2657 2341
f 2539 2542 1116
f 2539 2355 2542
f 2542 2358 2546
f 2542 2546 1121
f 2349 2539 2537
f 2537 2539 2695
f 890 2361 2363
f 2692 2852 8284
f 2546 2358 2361
f 8280 2657 2534
f 2207 2208 2363
f 2366 2208 2211
f 2211 2208 2053
f 2368 2212 2214
f 2214 2212 2055
f 2211 2054 2212
f 2367 2211 2212
f 2371 2215 2217
f 2217 2215 2057
f 2376 2218 2220
f 2220 2218 2701
f 2217 2700 2218
f 2373 2217 2218
f 2214 2056 2215
f 2369 2214 2215
f 2223 2379 2221
f 2223 2221 8358
f 2854 2659 8363
f 8367 8368 2383
f 2703 2854 8365
f 2659 2380 2223
f 2223 8361 2659
f 2385 8370 8371
f 2385 8369 8370
f 2383 8368 8369
f 2385 8371 8372
f 2221 2377 2220
f 2220 2702 2221
f 2380 2659 2854
f 2366 2367 897
f 2366 2211 2367
f 2368 2369 902
f 2368 2214 2369
f 2212 2368 2367
f 2367 2368 899
f 2371 2373 905
f 2371 2217 2373
f 2376 2377 909
f 2376 2220 2377
f 2377 2221 2379
f 911 2377 2379
f 2218 2376 2373
f 2373 2376 907
f 2215 2371 2369
f 2369 2371 904
f 2380 2854 2382
f 2380 2379 2223
f 2385 2383 8369
f 8373 2713 8372
f 8374 2714 8373
f 915 2382 2383
f 2383 2382 2703
f 2713 2385 8372
f 2713 8373 2714
f 2713 920 2385
f 2383 2385 917
f 8367 2383 2703
f 2382 914 2380
f 2714 2717 922
f 2379 2380 912
f 2854 2703 2382
f 2363 2366 892
f 2208 2366 2363
f 2207 2052 2208
f 2713 2714 920
f 8281 8282 2657
f 8282 8283 2852
f 2852 8283 8284
f 8281 2657 8280
f 8278 8279 2534
f 8280 2534 8279
f 8284 8285 2692
f 1126 890 1128
f 892 890 2363
f 1132 892 897
f 899 897 2367
f 892 2366 897
f 1128 890 892
f 8277 2537 8276
f 8277 8278 2537
f 1116 1121 8270
f 1116 2695 2539
f 2542 1121 1116
f 1121 1126 2696
f 1126 1121 2546
f 8273 2695 1116
f 897 899 1136
f 2695 8276 2537
f 1126 2546 890
f 8276 2695 8275
f 8273 8274 2695
f 8275 2695 8274
f 8272 1116 8271
f 8269 8270 1121
f 8271 1116 8270
f 1116 8272 8273
f 2696 1126 2697
f 8268 1121 2696
f 1340 1128 1132
f 1136 1132 897
f 1128 892 1132
f 1345 1132 1136
f 2697 8266 2696
f 2696 8267 8268
f 1340 1345 8261
f 1340 2697 1128
f 1340 1132 1345
f 1345 1348 2704
f 1136 1348 1345
f 8263 2697 1340
f 1348 1136 1138
f 8268 8269 1121
f 2697 1126 1128
f 1136 899 1138
f 902 904 1143
f 904 902 2369
f 905 907 1154
f 907 905 2373
f 904 2371 905
f 904 905 1149
f 1138 1143 1352
f 1143 1138 902
f 1149 1154 1359
f 1154 1149 905
f 1143 904 1149
f 1143 1149 1356
f 907 1158 1154
f 902 1138 899
f 1158 909 1163
f 911 909 2377
f 1168 911 912
f 914 912 2380
f 911 2379 912
f 1163 909 911
f 915 1176 914
f 912 914 1172
f 1181 915 917
f 920 917 2385
f 922 920 2714
f 1186 917 920
f 915 2383 917
f 1191 920 922
f 914 2382 915
f 909 1158 907
f 907 2376 909
f 1154 1158 1363
f 1352 1356 1571
f 1352 1143 1356
f 1149 1359 1356
f 1168 1163 911
f 1158 1163 1365
f 1368 1163 1168
f 1359 1363 1577
f 1359 1154 1363
f 1365 1368 1583
f 1368 1365 1163
f 1372 1368 1168
f 1368 1372 1585
f 1158 1365 1363
f 1363 1365 1580
f 1168 1172 1372
f 1356 1359 1574
f 1172 1176 1375
f 1176 1172 914
f 1181 1186 1382
f 1186 1181 917
f 1176 915 1181
f 1176 1181 1378
f 1375 1378 1591
f 1375 1176 1378
f 1186 1386 1382
f 1382 1378 1181
f 1386 1191 1390
f 1382 1386 1598
f 1386 1186 1191
f 1378 1382 1595
f 1186 920 1191
f 1172 1375 1372
f 1168 912 1172
f 1372 1375 1588
f 922 1194 1191
f 1138 1352 1348
f 899 2368 902
f 1348 1352 1569
f 2714 8374 8375
f 8375 8376 2717
f 8377 8378 2717
f 8376 8377 2717
f 8379 8380 2718
f 8380 8381 2718
f 8378 8379 2718
f 2390 8391 8392
f 8392 8393 2390
f 8395 2661 2392
f 2392 8393 8394
f 937 8388 8389
f 8390 8391 2716
f 2390 8393 2392
f 2390 2716 8391
f 8389 8390 2716
f 8387 8388 2723
f 2392 2395 946
f 943 2390 2392
f 8378 2718 925
f 8381 8382 928
f 931 8382 8383
f 931 8383 8384
f 925 2718 928
f 925 2717 8378
f 928 931 1201
f 2718 8381 928
f 8382 931 928
f 925 928 1198
f 8384 8385 931
f 925 1194 922
f 934 8385 8386
f 8388 937 2723
f 2723 8386 8387
f 2716 937 8389
f 934 8386 2723
f 934 937 1207
f 937 934 2723
f 940 943 1214
f 940 2716 2390
f 940 2390 943
f 943 946 1216
f 937 2716 940
f 937 940 1211
f 2392 946 943
f 8385 934 931
f 931 934 1204
f 2392 2661 2395
f 922 2717 925
f 2230 2232 2396
f 2232 2230 8399
f 2234 2236 2400
f 2236 2234 2058
f 2232 2715 2234
f 2232 2234 2398
f 2238 2240 2405
f 2240 2238 2060
f 2242 2243 2409
f 2243 2242 2062
f 2240 2061 2242
f 2240 2242 2407
f 2236 2059 2238
f 2236 2238 2402
f 2246 2248 2414
f 2248 2246 2064
f 2249 2251 2419
f 2251 2249 2066
f 2248 2065 2249
f 2248 2249 2416
f 2253 2254 2424
f 2254 2253 2068
f 2256 2257 2428
f 2257 2256 2070
f 2259 2257 2071
f 2257 2259 2430
f 2254 2069 2256
f 2254 2256 2426
f 2251 2067 2253
f 2251 2253 2421
f 2243 2063 2246
f 2243 2246 2412
f 946 2395 950
f 2396 2395 2230
f 952 2396 2398
f 2400 2398 2234
f 2396 2232 2398
f 950 2395 2396
f 959 2400 2402
f 2405 2402 2238
f 965 2405 2407
f 2409 2407 2242
f 2412 2409 2243
f 966 2407 2409
f 2405 2240 2407
f 962 2402 2405
f 2400 2236 2402
f 955 2398 2400
f 970 2412 2414
f 2416 2414 2248
f 973 2416 2419
f 2421 2419 2251
f 2416 2249 2419
f 972 2414 2416
f 977 2421 2424
f 2426 2424 2254
f 981 2426 2428
f 2430 2428 2257
f 2433 2430 2259
f 983 2428 2430
f 2426 2256 2428
f 979 2424 2426
f 2421 2253 2424
f 975 2419 2421
f 2412 2246 2414
f 968 2409 2412
f 2433 2259 2261
f 2230 2395 2661
f 985 2430 2433
f 1194 1198 1395
f 1194 925 1198
f 1201 1204 1404
f 1201 931 1204
f 928 1201 1198
f 1198 1201 1399
f 1207 1211 1412
f 1207 937 1211
f 1214 1216 1421
f 1214 943 1216
f 940 1214 1211
f 1211 1214 1417
f 934 1207 1204
f 1204 1207 1408
f 950 952 1223
f 952 950 2396
f 1226 955 1227
f 959 955 2400
f 952 2398 955
f 952 955 1226
f 1220 1223 1430
f 1220 950 1223
f 962 1229 959
f 1226 1223 952
f 965 962 2405
f 1230 962 965
f 955 959 1227
f 1223 1226 1435
f 959 2402 962
f 1220 1216 946
f 950 1220 946
f 1216 1220 1425
f 1390 1395 1603
f 1390 1194 1395
f 1399 1404 1607
f 1399 1201 1404
f 1198 1399 1395
f 1395 1399 1606
f 1408 1412 1612
f 1408 1207 1412
f 1417 1421 1616
f 1417 1214 1421
f 1211 1417 1412
f 1412 1417 1613
f 1204 1408 1404
f 1404 1408 1609
f 1425 1220 1430
f 1425 1421 1216
f 1445 1227 1229
f 1230 1229 962
f 1227 959 1229
f 1450 1229 1230
f 1430 1435 1622
f 1430 1223 1435
f 1440 1445 1628
f 1445 1440 1227
f 1450 1445 1229
f 1445 1450 1630
f 1226 1440 1435
f 1435 1440 1625
f 1230 1452 1450
f 1425 1430 1620
f 1227 1440 1226
f 1421 1425 1618
f 965 1232 1230
f 1390 1191 1194
f 966 968 1234
f 968 966 2409
f 970 972 1237
f 972 970 2414
f 968 2412 970
f 968 970 1235
f 1232 1234 1453
f 1234 1232 966
f 1235 1237 1456
f 1237 1235 970
f 1234 968 1235
f 1234 1235 1454
f 972 1239 1237
f 966 1232 965
f 973 975 1240
f 975 973 2419
f 1241 975 977
f 979 977 2424
f 975 2421 977
f 1240 975 1241
f 1239 1240 1458
f 1239 973 1240
f 1246 979 981
f 983 981 2428
f 985 983 2430
f 1248 981 983
f 1243 977 979
f 1249 983 985
f 979 2426 981
f 973 1239 972
f 972 2416 973
f 1237 1239 1457
f 1452 1453 1635
f 1452 1232 1453
f 1235 1456 1454
f 1454 1453 1234
f 1460 1240 1241
f 1453 1454 1638
f 1456 1457 1641
f 1456 1237 1457
f 1458 1460 1646
f 1458 1240 1460
f 1461 1460 1241
f 1460 1461 1648
f 1239 1458 1457
f 1457 1458 1644
f 1241 1243 1461
f 1454 1456 1639
f 1243 1246 1463
f 1246 1243 979
f 1248 1249 1466
f 1249 1248 983
f 1246 981 1248
f 1246 1248 1465
f 1463 1465 1658
f 1463 1246 1465
f 1249 1468 1466
f 1466 1465 1248
f 1468 1251 1470
f 1466 1468 1669
f 1468 1249 1251
f 1465 1466 1664
f 1249 985 1251
f 1243 1463 1461
f 1241 977 1243
f 1461 1463 1652
f 1251 985 987
f 1232 1452 1230
f 965 2407 966
f 1450 1452 1633
f 987 985 2433
f 2717 2714 8375
f 2661 8397 2230
f 1386 1390 1601
f 8441 8442 2861
f 2931 8507 8508
f 3220 8509 3305
f 8509 3220 8508
f 2925 8508 3220
f 3222 2931 3306
f 3306 2931 8508
f 3306 2925 3221
f 3305 2925 3220
f 3306 8508 2925
f 3305 3221 2925
f 3305 8509 2924
f 8507 2931 8506
f 2929 8511 8512
f 8512 8513 2927
f 8514 2928 8513
f 2924 8509 8510
f 2938 8510 8511
f 2894 2927 2928
f 2929 8512 2927
f 2927 8513 2928
f 2929 2927 2926
f 8514 2939 2928
f 2939 2894 2928
f 8514 8515 2939
f 2929 2938 8511
f 8506 3222 2933
f 3222 8506 2931
f 3221 2933 3222
f 3324 2933 3305
f 3222 3306 3221
f 8506 2933 3324
f 8504 8505 2898
f 8505 2932 2898
f 3324 2932 8505
f 8505 8506 3324
f 8504 2898 2895
f 3221 3305 2933
f 2926 2932 2924
f 3324 3305 2932
f 2926 2924 2938
f 2927 2894 1244
f 2924 2932 3305
f 2938 2929 2926
f 2971 2895 2747
f 2898 2747 2895
f 2934 2926 1244
f 2926 2927 1244
f 2936 1244 2894
f 2926 2934 2747
f 2932 2926 2747
f 1244 2936 2977
f 2936 2894 2871
f 2747 2898 2932
f 8510 2938 2924
f 8504 2895 8503
f 2894 2939 2930
f 8515 8516 2955
f 8517 8518 2940
f 8516 8517 2923
f 2930 2955 2923
f 2955 8516 2923
f 2941 2940 2945
f 2923 8517 2940
f 8518 2945 2940
f 2870 2923 2940
f 8518 8519 2945
f 2955 2930 2939
f 8519 8520 2890
f 8521 8522 2944
f 8520 8521 2942
f 2890 2942 2943
f 2942 2890 8520
f 2748 2943 2944
f 2944 2943 2942
f 2944 2942 8521
f 2748 2944 2901
f 8522 2901 2944
f 2945 2890 2864
f 8522 8523 2901
f 8519 2890 2945
f 2864 2890 2943
f 2892 2930 2870
f 2930 2923 2870
f 2941 2946 2870
f 2950 2946 2889
f 2940 2941 2870
f 2953 2870 2946
f 2948 2871 2892
f 2871 2930 2892
f 2953 8491 2891
f 2891 2892 2870
f 2891 2870 2953
f 2950 8490 2953
f 2950 2953 2946
f 2871 2947 2936
f 2946 2941 2864
f 2871 2894 2930
f 2952 2864 2951
f 2864 2943 2951
f 8485 2899 2957
f 2748 2899 2951
f 2941 2945 2864
f 2949 2951 2899
f 8488 2889 2952
f 2952 2889 2864
f 2899 8486 2949
f 8486 2899 8485
f 2952 2949 8487
f 2952 2951 2949
f 2950 2889 8489
f 2956 2899 2748
f 2864 2889 2946
f 2748 2951 2943
f 2948 2892 2891
f 2748 2901 2954
f 2939 8515 2955
f 8487 2949 8486
f 8502 8503 2971
f 8503 2895 2971
f 2935 2747 2976
f 2747 2935 2974
f 2974 2971 2747
f 3218 2971 2974
f 8502 3303 2972
f 3303 8502 3218
f 2974 2935 3219
f 3218 8502 2971
f 3218 2974 3219
f 3304 3303 3218
f 2935 2976 8498
f 2975 8497 2976
f 2934 1244 2975
f 2975 2977 8496
f 2975 1244 2977
f 2937 2977 2936
f 8495 2977 2937
f 8498 2976 8497
f 8495 8496 2977
f 8494 8495 2937
f 8497 2975 8496
f 2937 2947 8494
f 2976 2934 2975
f 2747 2934 2976
f 8498 8499 2935
f 8500 3304 2973
f 3304 2972 3303
f 2973 3219 8500
f 8499 3219 2935
f 2973 3218 3219
f 8499 8500 3219
f 8501 2972 8500
f 2972 8501 8502
f 2972 3304 8500
f 3304 3218 2973
f 8459 8460 2664
f 2856 8460 8461
f 2664 8460 2856
f 8456 8457 2073
f 8458 2664 2073
f 2664 8458 8459
f 2073 2664 1864
f 8458 2073 8457
f 8456 2073 8455
f 8461 8462 2856
f 2007 8455 2073
f 8493 2947 2948
f 2937 2936 2947
f 8491 2953 8490
f 8489 8490 2950
f 2891 8491 8492
f 8492 8493 2948
f 2948 2891 8492
f 8489 2889 8488
f 2762 8472 8473
f 8469 8470 2756
f 2756 8471 1870
f 8472 2762 8471
f 8471 2756 8470
f 8469 2756 8468
f 2756 2761 2000
f 2871 2948 2947
f 8468 2756 2758
f 8464 8465 2759
f 2758 8465 8466
f 2759 8465 2758
f 2759 8462 8463
f 8462 2759 2856
f 2856 2012 1864
f 2012 2856 2759
f 2757 2012 2759
f 6831 1864 2012
f 8463 8464 2759
f 2856 1864 2664
f 2758 8466 8467
f 2015 2757 2759
f 2015 2758 2760
f 2000 2760 2758
f 6827 2760 6826
f 8467 8468 2758
f 2015 2760 6827
f 2012 2757 6829
f 2012 6829 6830
f 6828 6829 2757
f 6827 6828 2757
f 2757 2015 6827
f 2761 2760 2000
f 2759 2758 2015
f 2756 2000 2758
f 6831 2012 6830
f 8473 8474 2762
f 8494 2947 8493
f 8487 8488 2952
f 2009 2073 1864
f 2751 8531 8532
f 2752 8533 8534
f 2752 8532 8533
f 993 8527 8528
f 2751 8529 8530
f 2751 8528 8529
f 8530 8531 2751
f 2754 8537 8538
f 8538 8539 2754
f 8540 2754 8539
f 8535 8536 815
f 815 2754 816
f 815 8536 8537
f 689 816 2754
f 815 2752 8535
f 8537 2754 815
f 8534 8535 2752
f 2754 8540 689
f 1000 815 816
f 8523 8524 2958
f 2958 8525 990
f 8525 2958 8524
f 2958 2954 2901
f 2748 2749 2956
f 2748 2954 2749
f 2749 990 2750
f 990 2749 2954
f 2954 2958 990
f 2957 2956 2749
f 8525 8526 990
f 2899 2956 2957
f 993 2750 990
f 8526 8527 993
f 993 2751 995
f 993 8528 2751
f 8532 2752 2751
f 995 2751 2752
f 995 1253 993
f 993 1253 2750
f 1261 997 1000
f 997 2752 815
f 2755 2922 1000
f 995 997 1256
f 995 2752 997
f 2750 8482 2749
f 815 1000 997
f 993 990 8526
f 2922 1261 1000
f 1000 816 1002
f 8542 8543 689
f 8543 8544 690
f 2765 690 8544
f 818 816 689
f 8541 8542 689
f 818 690 2980
f 690 818 689
f 8543 690 689
f 816 818 1002
f 8544 8545 2765
f 2765 2767 690
f 2765 8546 8547
f 2765 693 2767
f 2920 2767 8585
f 690 2767 2980
f 818 2980 2994
f 8587 2980 2920
f 8585 8586 2920
f 2982 8588 8589
f 8586 8587 2920
f 2980 2767 2920
f 8587 8588 2986
f 2765 8545 8546
f 2994 2980 8587
f 2960 2755 1002
f 2755 1000 1002
f 2966 1002 2753
f 1004 2959 2753
f 2753 1002 2994
f 3123 2753 2959
f 6803 2969 2960
f 2960 2969 2755
f 2753 2970 2966
f 2970 2753 3123
f 6801 2970 3123
f 2966 2970 2960
f 2960 1002 2966
f 2970 6803 2960
f 2959 3068 3123
f 2755 2969 2922
f 1004 2994 2986
f 2994 8587 2986
f 2983 2984 1007
f 2984 2986 8588
f 2982 2984 8588
f 1004 2986 2984
f 1004 3068 2959
f 3068 1004 2983
f 2983 3067 6799
f 1007 3067 2983
f 2983 6799 3068
f 1004 2984 2983
f 3123 3068 6800
f 6798 6799 3067
f 2994 1004 2753
f 1002 818 2994
f 2969 6804 2922
f 534 2765 8547
f 689 8540 8541
f 6800 3068 6799
f 8484 2957 8483
f 2749 8483 2957
f 8478 1709 8477
f 8476 8477 1709
f 1672 8475 8476
f 1709 8478 8479
f 8485 2957 8484
f 1483 8479 8480
f 8480 8481 1483
f 8481 8482 2750
f 2749 8482 8483
f 8481 2750 1483
f 1709 1483 1710
f 1709 8479 1483
f 1710 1486 6815
f 1486 1710 1483
f 6815 1486 6814
f 1709 1710 1677
f 1483 1253 1486
f 1672 8476 1709
f 1253 1256 1486
f 1483 2750 1253
f 6815 6816 1710
f 2761 2756 1870
f 1870 2762 2763
f 1672 2763 2762
f 2763 1672 1677
f 8474 1672 2762
f 1870 2763 2761
f 2760 6825 6826
f 2760 2761 6825
f 6824 6825 2761
f 6824 2761 6823
f 2761 2763 6822
f 8471 2762 1870
f 1677 6818 6819
f 6818 1677 6817
f 6817 1677 1710
f 1672 1709 1677
f 6823 2761 6822
f 6820 6821 2763
f 6822 2763 6821
f 6819 6820 1677
f 1677 6820 2763
f 6816 6817 1710
f 8474 8475 1672
f 1261 2961 1256
f 1261 1256 997
f 2964 3214 3211
f 3214 2964 2922
f 1261 2922 2964
f 2962 1261 2964
f 3211 6809 2964
f 2964 6809 2962
f 6808 3211 2963
f 2963 3211 3214
f 3214 3210 2963
f 3210 3213 2963
f 3214 2967 3210
f 2965 1261 2962
f 6804 2969 6803
f 6802 2970 6801
f 2970 6802 6803
f 2967 3297 3210
f 2967 3209 6805
f 3297 2967 3212
f 6805 3209 6804
f 6805 3212 2967
f 3209 3214 6804
f 2967 3214 3209
f 2922 6804 3214
f 3123 6800 6801
f 2968 3210 3297
f 2979 2764 2961
f 2961 2764 1256
f 2961 2965 6811
f 2965 2962 6810
f 2961 1261 2965
f 6810 6811 2965
f 1486 6813 6814
f 2979 6811 6812
f 6811 2979 2961
f 2979 6812 6813
f 2764 2979 6813
f 1486 2764 6813
f 3213 2968 6807
f 3213 3210 2968
f 3296 3212 2978
f 3296 2968 3297
f 2962 6809 6810
f 2968 3296 6807
f 3211 6808 6809
f 6807 2978 6806
f 6807 6808 3213
f 2978 3212 6805
f 2978 6807 3296
f 6805 6806 2978
f 3213 6808 2963
f 3296 3297 3212
f 2764 1486 1256
f 1253 995 1256
f 8523 2958 2901
f 2785 8447 8448
f 8446 8447 2785
f 8449 2785 8448
f 2786 8444 8445
f 2786 8445 8446
f 2786 8443 8444
f 2785 8449 8450
f 8452 8453 2007
f 8454 2007 8453
f 8454 8455 2007
f 8452 2007 2131
f 8450 2131 2785
f 2131 8450 8451
f 2322 2131 2327
f 2131 2322 2785
f 2134 2327 2131
f 2786 2785 2322
f 8451 8452 2131
f 8446 2785 2786
f 2131 2007 2134
f 2353 2322 2327
f 2454 2712 2861
f 8440 2861 2712
f 2786 2344 2861
f 2786 2322 2344
f 2786 2861 8442
f 2454 2861 2344
f 744 423 748
f 744 748 1086
f 423 428 748
f 2454 428 423
f 423 2712 2454
f 1086 748 1093
f 2454 2344 2459
f 1523 1518 1086
f 436 428 2459
f 2459 428 2454
f 2353 2466 2459
f 2357 2466 2353
f 2459 2344 2353
f 436 2459 2466
f 1093 756 1100
f 748 756 1093
f 769 1100 756
f 445 769 436
f 1108 1100 769
f 769 756 436
f 428 436 756
f 1093 1100 1528
f 436 2466 445
f 756 748 428
f 2322 2353 2344
f 1086 1093 1523
f 2353 2327 2357
f 8442 8443 2786
f 6837 2134 6836
f 2009 2134 2007
f 6837 6838 2134
f 2134 2009 6836
f 2134 6838 2787
f 2787 6839 6840
f 6839 2787 6838
f 6840 6841 2787
f 2787 6841 6842
f 2787 2357 2327
f 6833 6834 2009
f 6833 1864 6832
f 2009 1864 6833
f 2788 6842 6843
f 6836 2009 6835
f 2787 6842 2788
f 6834 6835 2009
f 2073 2009 2007
f 2788 6843 6844
f 2357 2788 2471
f 2357 2787 2788
f 6845 6846 2788
f 6844 6845 2788
f 2788 6846 2475
f 445 2471 453
f 445 2466 2471
f 786 779 453
f 453 779 445
f 2475 453 2471
f 462 453 2475
f 2471 2788 2475
f 445 779 769
f 6846 6847 2475
f 2471 2466 2357
f 6848 2476 2475
f 6849 6850 2476
f 6848 6849 2476
f 786 462 789
f 786 453 462
f 474 789 462
f 2789 474 2476
f 1130 789 791
f 474 462 2476
f 2475 2476 462
f 1115 779 786
f 789 474 791
f 6847 6848 2475
f 1108 769 779
f 2787 2327 2134
f 6831 6832 1864
f 1123 786 789
f 1908 1523 1910
f 1908 1518 1523
f 1904 1902 1910
f 1528 1910 1523
f 1093 1528 1523
f 1908 1910 1902
f 2006 1902 2008
f 2006 1900 1902
f 2074 2008 2075
f 2008 2074 2006
f 2008 1902 1904
f 2074 2261 2072
f 1910 1528 1912
f 1900 1908 1902
f 1912 1536 1914
f 1912 1528 1536
f 1536 1541 1914
f 1541 1536 1108
f 1904 1910 1912
f 1912 1914 1906
f 2010 2008 1904
f 2008 2010 2075
f 2010 1906 2011
f 1906 2010 1904
f 1909 2011 1906
f 2075 2010 2077
f 1904 1912 1906
f 2077 2010 2011
f 1906 1914 1909
f 1100 1536 1528
f 1108 1536 1100
f 2074 2075 2262
f 2433 2261 2435
f 2433 2435 987
f 989 2435 2438
f 2262 2435 2261
f 2074 2262 2261
f 987 2435 989
f 1470 1254 1472
f 1470 1251 1254
f 1254 1257 1472
f 1257 1254 989
f 1254 987 989
f 1470 1472 1680
f 2435 2262 2438
f 1251 987 1254
f 2439 2438 2264
f 2264 2438 2262
f 2077 2266 2264
f 2079 2266 2077
f 2262 2075 2264
f 2439 2264 2266
f 1257 992 1259
f 1257 989 992
f 1257 1259 1474
f 996 1259 992
f 2439 996 992
f 1474 1259 1476
f 992 2438 2439
f 1257 1474 1472
f 2439 2266 2443
f 992 989 2438
f 2077 2264 2075
f 1472 1474 1682
f 2077 2011 2079
f 2072 2006 2074
f 1541 1115 1544
f 1115 1541 1108
f 1911 1917 1920
f 1544 1917 1541
f 1115 1123 1544
f 1917 1909 1914
f 2266 2079 2268
f 2011 2013 2079
f 2013 1911 2014
f 1911 2013 1909
f 1909 1917 1911
f 2079 2013 2081
f 1917 1544 1920
f 2011 1909 2013
f 1911 1920 1913
f 1544 1545 1920
f 1924 1545 1546
f 1130 1545 1123
f 1123 789 1130
f 1920 1545 1924
f 2083 2081 2014
f 2081 2013 2014
f 2016 1913 1915
f 1924 1913 1920
f 1924 1915 1913
f 1913 2016 2014
f 1911 1913 2014
f 2083 2014 2016
f 1546 1545 1130
f 1544 1123 1545
f 1115 786 1123
f 2079 2081 2268
f 998 996 2443
f 2439 2443 996
f 2268 2446 2443
f 2446 2268 2270
f 2268 2443 2266
f 998 2443 2446
f 1476 1263 1479
f 1476 1259 1263
f 1267 1479 1263
f 1003 1267 998
f 1479 1267 1482
f 1267 1263 998
f 1263 996 998
f 1476 1479 1686
f 998 2446 1003
f 1263 1259 996
f 2270 2083 2272
f 2270 2268 2081
f 1006 2451 2456
f 2272 2451 2270
f 2272 2083 2084
f 2451 1003 2446
f 1271 1267 1003
f 1267 1271 1482
f 1487 1271 1274
f 1006 1271 1003
f 1006 1274 1271
f 1271 1487 1482
f 1003 2451 1006
f 1482 1487 1693
f 2456 2451 2272
f 2451 2446 2270
f 2081 2083 2270
f 1479 1482 1689
f 2084 2083 2016
f 1914 1541 1917
f 1108 779 1115
f 1474 1476 1684
f 2476 6850 2789
f 2712 423 2711
f 6851 6852 2789
f 2789 6852 2790
f 6854 2790 6853
f 6852 6853 2790
f 2792 6854 6855
f 6855 6856 2792
f 2792 6856 6857
f 6851 2789 6850
f 6862 2370 6861
f 6863 2370 6862
f 6864 2370 6863
f 2791 6858 6859
f 6860 6861 2488
f 2370 2488 6861
f 6860 2488 6859
f 6857 6858 2791
f 501 2488 506
f 2791 6859 2488
f 794 791 482
f 791 474 482
f 2790 489 482
f 489 2790 2792
f 482 2789 2790
f 794 482 489
f 1547 1546 1135
f 1546 1130 1135
f 794 1140 1135
f 796 1140 794
f 1135 791 794
f 1140 1547 1135
f 794 489 796
f 1135 1130 791
f 495 796 489
f 495 2792 2791
f 2791 501 495
f 501 2791 2488
f 2792 6857 2791
f 495 501 799
f 796 1148 1140
f 1148 796 799
f 799 801 1157
f 801 799 501
f 1157 801 1164
f 799 1157 1148
f 796 495 799
f 1548 1140 1148
f 801 501 506
f 495 489 2792
f 2790 6854 2792
f 1157 1549 1148
f 2351 6864 6865
f 482 474 2789
f 2793 6868 6869
f 2793 6869 6870
f 2793 6870 6871
f 6866 6867 2351
f 2351 2793 2356
f 2351 6867 6868
f 6868 2793 2351
f 2351 2370 6864
f 6871 2165 2793
f 2024 2165 6873
f 2024 6873 6874
f 6874 6875 2024
f 2165 6871 6872
f 2165 2794 2793
f 2165 2796 2794
f 8808 2794 8807
f 2794 8808 2356
f 2794 2356 2793
f 6872 6873 2165
f 2351 2356 2374
f 6875 6876 2024
f 8809 2356 8808
f 2489 506 2488
f 2489 2370 2374
f 2374 8812 2489
f 8812 2374 8811
f 2351 2374 2370
f 2489 8812 509
f 803 801 506
f 801 803 1164
f 1171 803 806
f 509 803 506
f 509 806 803
f 803 1171 1164
f 506 2489 509
f 1550 1157 1164
f 509 8812 8813
f 2489 2488 2370
f 512 509 8813
f 8810 2374 2356
f 8811 2374 8810
f 1177 806 808
f 509 512 806
f 808 806 512
f 8815 512 8814
f 1553 1552 1177
f 8813 8814 512
f 806 1177 1171
f 8809 8810 2356
f 1551 1164 1171
f 512 8815 8816
f 2351 6865 6866
f 1552 1171 1177
f 1916 1915 1928
f 1915 1924 1928
f 1547 1929 1928
f 1929 1547 1548
f 1928 1546 1547
f 1916 1928 1929
f 2084 2019 2086
f 2084 2016 2019
f 2019 2020 2086
f 1916 2020 2019
f 2019 1915 1916
f 2084 2086 2273
f 1916 1929 1919
f 2019 2016 1915
f 1919 2020 1916
f 1929 1934 1919
f 1922 1934 1937
f 1549 1934 1548
f 1548 1148 1549
f 1919 1934 1922
f 2020 2087 2086
f 2087 2020 2021
f 2089 2021 2022
f 2021 2020 1919
f 2022 2021 1922
f 2021 2089 2087
f 1919 1922 2021
f 2087 2089 2277
f 1934 1549 1937
f 1929 1548 1934
f 1547 1140 1548
f 2086 2087 2275
f 2456 2273 2461
f 2456 2272 2273
f 1013 1009 2461
f 2275 2461 2273
f 2273 2086 2275
f 2456 2461 1009
f 1274 1009 1277
f 1274 1006 1009
f 1491 1277 1495
f 1277 1491 1274
f 1277 1009 1013
f 1274 1491 1487
f 2461 2275 2464
f 1009 1006 2456
f 1017 1013 2464
f 1013 2461 2464
f 2277 2468 2464
f 2279 2468 2277
f 2275 2277 2464
f 1017 2464 2468
f 1495 1280 1499
f 1495 1277 1280
f 1283 1499 1280
f 1019 1283 1017
f 1499 1283 1500
f 1283 1280 1017
f 1280 1013 1017
f 1495 1499 1702
f 1017 2468 1019
f 1280 1277 1013
f 2275 2087 2277
f 1491 1495 1699
f 2277 2089 2279
f 2273 2272 2084
f 1937 1550 1940
f 1550 1937 1549
f 1927 1925 1940
f 1551 1940 1550
f 1550 1164 1551
f 1937 1940 1925
f 2022 1925 2023
f 2022 1922 1925
f 2090 2023 2092
f 2023 2090 2022
f 2023 1925 1927
f 2090 2279 2089
f 1940 1551 1943
f 1925 1922 1937
f 1931 1927 1943
f 1943 1927 1940
f 1552 1946 1943
f 1553 1946 1552
f 1943 1551 1552
f 1931 1943 1946
f 2092 2025 2093
f 2092 2023 2025
f 2027 2093 2025
f 1933 2027 1931
f 2285 2093 2095
f 2027 2025 1931
f 2025 1927 1931
f 2092 2093 2283
f 1933 1931 1946
f 2025 2023 1927
f 1551 1171 1552
f 2090 2092 2281
f 2472 1019 2468
f 2472 2279 2281
f 2281 2474 2472
f 2474 2281 2283
f 2279 2090 2281
f 2472 2474 1021
f 1285 1283 1019
f 1283 1285 1500
f 1502 1285 1286
f 1021 1285 1019
f 1021 1286 1285
f 1285 1502 1500
f 1019 2472 1021
f 1500 1502 1704
f 1021 2474 1024
f 2472 2468 2279
f 1024 1286 1021
f 2474 2478 1024
f 1026 2478 2481
f 2285 2478 2283
f 2283 2093 2285
f 1024 2478 1026
f 1286 1503 1502
f 1503 1286 1288
f 1506 1288 1290
f 1288 1286 1024
f 1026 1290 1288
f 1288 1506 1503
f 1024 1026 1288
f 1503 1506 1707
f 2481 2478 2285
f 2474 2283 2478
f 2281 2092 2283
f 1502 1503 1705
f 2095 2093 2027
f 2090 2089 2022
f 1549 1157 1550
f 1499 1500 1703
f 1707 1506 1708
f 1928 1924 1546
f 1487 1491 1695
f 2982 1007 2984
f 1468 1470 1676
f 8265 8266 2697
f 8264 8265 2697
f 2697 8263 8264
f 8261 8262 1340
f 8260 8261 1345
f 8262 8263 1340
f 2696 8266 8267
f 8258 2704 8257
f 2704 1348 1569
f 8254 1569 1571
f 1569 1352 1571
f 1574 1571 1356
f 8257 2704 1569
f 8259 2704 8258
f 1737 1574 1577
f 1574 1359 1577
f 1577 1363 1580
f 1739 1577 1580
f 2660 1571 1574
f 1741 1580 1583
f 1365 1583 1580
f 8259 8260 1345
f 2704 8259 1345
f 8257 1569 8256
f 1569 8254 8255
f 8255 8256 1569
f 2660 8252 1571
f 1571 8253 8254
f 1571 8252 8253
f 2660 8251 8252
f 2660 8250 8251
f 8248 1737 1739
f 1737 2660 1574
f 2705 1741 2706
f 1741 2705 1739
f 1577 1739 1737
f 8247 1739 2705
f 8250 1737 8249
f 1739 8247 8248
f 8248 8249 1737
f 2706 8244 2705
f 8246 8247 2705
f 2706 1741 1743
f 1737 8250 2660
f 1580 1741 1739
f 1741 1583 1743
f 1585 1588 1745
f 1583 1368 1585
f 1591 1595 1749
f 1588 1375 1591
f 1588 1585 1372
f 1588 1591 1747
f 1743 1745 1918
f 1745 1743 1585
f 1747 1749 1923
f 1749 1747 1591
f 1745 1588 1747
f 1745 1747 1921
f 1749 1595 1753
f 1585 1743 1583
f 1753 1595 1598
f 1595 1382 1598
f 1759 1601 1603
f 1601 1390 1603
f 1386 1601 1598
f 1756 1598 1601
f 1765 1606 1607
f 1606 1399 1607
f 1771 1609 1612
f 1609 1408 1612
f 1612 1412 1613
f 1774 1612 1613
f 1404 1609 1607
f 1768 1607 1609
f 1395 1606 1603
f 1762 1603 1606
f 1378 1595 1591
f 1777 1613 1616
f 1918 1745 1921
f 1753 1926 1749
f 1930 1753 1756
f 1759 1756 1601
f 1753 1598 1756
f 1932 1756 1759
f 1921 1923 2707
f 1921 1747 1923
f 1926 1930 2231
f 1930 1926 1753
f 1932 1930 1756
f 1930 1932 2235
f 1749 1926 1923
f 1923 1926 2228
f 1759 1935 1932
f 1918 1921 2708
f 1762 1765 1938
f 1765 1762 1606
f 1941 1768 1944
f 1771 1768 1609
f 1765 1607 1768
f 1765 1768 1941
f 1935 1938 2241
f 1935 1762 1938
f 1774 1947 1771
f 1941 1938 1765
f 1777 1774 1613
f 1951 1774 1777
f 1768 1771 1944
f 1938 1941 2244
f 1771 1612 1774
f 1762 1935 1759
f 1759 1603 1762
f 1932 1935 2237
f 1777 1778 1956
f 1743 1918 2706
f 1616 1613 1417
f 8242 2706 1918
f 8246 2705 8245
f 8243 8244 2706
f 8245 2705 8244
f 8242 1918 8241
f 2708 8239 8240
f 8241 1918 8240
f 2706 8242 8243
f 8238 2708 2707
f 1926 2231 2228
f 2228 2231 2709
f 2228 2707 1923
f 2231 1930 2235
f 8236 8237 2707
f 8238 2707 8237
f 2235 2710 2231
f 2228 8236 2707
f 2237 2235 1932
f 2445 2235 2237
f 2709 2231 2710
f 8234 2228 2709
f 2708 1921 2707
f 2708 8238 8239
f 1918 2708 8240
f 8236 2228 8235
f 2709 8233 8234
f 8234 8235 2228
f 2709 2710 8232
f 2709 8232 8233
f 8231 8232 2710
f 8230 8231 2710
f 2710 8229 8230
f 8228 8229 2445
f 2445 8229 2710
f 8225 2719 2144
f 2448 2719 2445
f 2710 2235 2445
f 8228 2445 2719
f 8227 8228 2719
f 8225 8226 2719
f 2144 8224 8225
f 8227 2719 8226
f 2144 2719 2448
f 2237 2448 2445
f 2237 2241 2448
f 2241 2244 2450
f 2241 1938 2244
f 2247 1944 2250
f 2247 2244 1941
f 2237 1935 2241
f 2244 2247 2453
f 2144 2450 2147
f 2144 2448 2450
f 2150 2147 2453
f 2453 2147 2450
f 2450 2244 2453
f 2144 2147 2722
f 2247 2457 2453
f 2450 2448 2241
f 2252 2250 1947
f 1947 2250 1944
f 2252 1947 1951
f 1956 1951 1777
f 1947 1774 1951
f 2255 1951 1956
f 2150 2453 2457
f 2457 2250 2462
f 2252 2255 2465
f 2255 2252 1951
f 2159 2465 2469
f 2252 2465 2462
f 2250 2252 2462
f 2153 2457 2462
f 2465 2255 2469
f 2250 2457 2247
f 1944 1771 1947
f 2156 2462 2465
f 8222 8223 2722
f 2722 8223 2144
f 2372 8219 2720
f 2720 2722 2147
f 2147 2150 2720
f 8221 2722 2720
f 8221 8222 2722
f 8220 8221 2720
f 2372 8218 8219
f 2720 8219 8220
f 2720 2150 2372
f 2375 2372 2153
f 2153 2372 2150
f 2375 2153 2156
f 2159 2156 2465
f 2153 2462 2156
f 2378 2156 2159
f 2721 2375 2538
f 2375 2721 2372
f 2538 2378 2541
f 2378 2538 2375
f 2381 2541 2378
f 2538 2541 2732
f 2375 2156 2378
f 8217 2372 2721
f 2381 2378 2159
f 8218 2372 8217
f 2150 2457 2153
f 8214 2721 2538
f 2258 2255 1956
f 2144 8223 8224
f 1941 1944 2247
f 1777 1616 1778
f 1618 1620 1781
f 1616 1421 1618
f 1622 1625 1785
f 1620 1430 1622
f 1425 1620 1618
f 1620 1622 1783
f 1778 1781 1959
f 1781 1778 1618
f 1783 1785 1964
f 1785 1783 1622
f 1781 1620 1783
f 1781 1783 1961
f 1625 1788 1785
f 1618 1778 1616
f 1628 1630 1790
f 1625 1440 1628
f 1633 1635 1794
f 1630 1450 1633
f 1445 1630 1628
f 1630 1633 1792
f 1788 1790 1967
f 1790 1788 1628
f 1792 1794 1969
f 1794 1792 1633
f 1795 1794 1635
f 1794 1795 1970
f 1790 1630 1792
f 1790 1792 1968
f 1635 1638 1795
f 1628 1788 1625
f 1435 1625 1622
f 1785 1788 1966
f 1959 1961 2260
f 1961 1959 1781
f 1964 1966 2265
f 1966 1964 1785
f 1961 1783 1964
f 1961 1964 2263
f 2258 2260 2473
f 2260 2258 1959
f 2263 2265 2480
f 2265 2263 1964
f 2260 1961 2263
f 2260 2263 2477
f 1966 2267 2265
f 2258 1956 1959
f 1967 1968 2269
f 1968 1967 1790
f 1969 1970 2274
f 1970 1969 1794
f 1968 1792 1969
f 1968 1969 2271
f 2267 2269 2485
f 2269 2267 1967
f 2271 2274 2493
f 2274 2271 1969
f 2276 2274 1970
f 2274 2276 2497
f 2269 1968 2271
f 2269 2271 2490
f 2276 1970 1971
f 1967 2267 1966
f 1966 1788 1967
f 2265 2267 2482
f 1970 1795 1971
f 2258 2469 2255
f 1638 1639 1797
f 1635 1453 1638
f 1641 1644 1801
f 1639 1456 1641
f 1454 1639 1638
f 1639 1641 1799
f 1797 1799 1972
f 1799 1797 1639
f 1801 1802 1974
f 1802 1801 1644
f 1799 1641 1801
f 1799 1801 1973
f 1644 1646 1802
f 1797 1971 1795
f 1646 1648 1805
f 1644 1458 1646
f 1652 1658 1809
f 1648 1461 1652
f 1460 1648 1646
f 1648 1652 1806
f 1805 1806 1976
f 1805 1648 1806
f 1664 1811 1658
f 1809 1806 1652
f 1658 1465 1664
f 1813 1664 1669
f 1658 1811 1809
f 1806 1809 1977
f 1463 1658 1652
f 1646 1805 1802
f 1457 1644 1641
f 1802 1805 1975
f 1971 1972 2278
f 1971 1797 1972
f 1973 1974 2282
f 1973 1801 1974
f 1799 1973 1972
f 1972 1973 2280
f 2278 2280 2504
f 2278 1972 2280
f 1974 2284 2282
f 2282 2280 1973
f 2284 1975 2286
f 2282 2284 2509
f 2284 1974 1975
f 2280 2282 2508
f 1802 1975 1974
f 1971 2278 2276
f 1976 1977 2288
f 1976 1806 1977
f 1809 1978 1977
f 1813 1811 1664
f 1975 1805 1976
f 1979 1811 1813
f 2286 2288 2513
f 2286 1976 2288
f 2290 1977 1978
f 1979 1978 1811
f 1980 1979 1813
f 2293 1978 1979
f 2288 1977 2290
f 2296 1979 1980
f 1980 1813 1816
f 1976 2286 1975
f 1809 1811 1978
f 2284 2286 2510
f 1813 1669 1816
f 1797 1795 1638
f 1452 1635 1633
f 2276 2278 2500
f 2469 2473 2162
f 2469 2258 2473
f 2477 2480 2170
f 2477 2263 2480
f 2260 2477 2473
f 2473 2477 2168
f 2162 2168 2384
f 2168 2162 2473
f 2170 2173 2387
f 2173 2170 2480
f 2168 2477 2170
f 2168 2170 2386
f 2480 2482 2173
f 2162 2381 2159
f 2482 2485 2176
f 2482 2267 2485
f 2490 2493 2185
f 2490 2271 2493
f 2269 2490 2485
f 2485 2490 2181
f 2176 2181 2393
f 2176 2485 2181
f 2493 2189 2185
f 2185 2181 2490
f 2410 2189 2194
f 2185 2189 2404
f 2189 2493 2497
f 2181 2185 2399
f 2274 2497 2493
f 2482 2176 2173
f 2265 2482 2480
f 2173 2176 2389
f 2381 2384 2547
f 2384 2381 2162
f 2386 2387 2554
f 2387 2386 2170
f 2384 2168 2386
f 2384 2386 2549
f 2547 2549 143
f 2549 2547 2384
f 2554 2555 146
f 2555 2554 2387
f 2549 2386 2554
f 2549 2554 145
f 2387 2389 2555
f 2381 2547 2541
f 2389 2393 2558
f 2393 2389 2176
f 2399 2404 2566
f 2404 2399 2185
f 2393 2181 2399
f 2393 2399 2562
f 2558 2562 149
f 2558 2393 2562
f 2404 2569 2566
f 2566 2562 2399
f 2569 2410 2553
f 2566 2569 152
f 2569 2404 2410
f 2562 2566 151
f 2404 2189 2410
f 2389 2558 2555
f 2387 2173 2389
f 2555 2558 148
f 2189 2497 2194
f 2162 2159 2469
f 2500 2504 2198
f 2500 2278 2504
f 2508 2509 2205
f 2508 2282 2509
f 2280 2508 2504
f 2504 2508 2202
f 2194 2198 2417
f 2198 2194 2500
f 2202 2205 2427
f 2205 2202 2508
f 2198 2504 2202
f 2198 2202 2422
f 2205 2509 2210
f 2500 2194 2497
f 2510 2286 2513
f 2510 2509 2284
f 2516 2290 2293
f 2296 2293 1979
f 2290 1978 2293
f 2518 2293 2296
f 2213 2510 2513
f 2513 2288 2514
f 2219 2514 2516
f 2518 2516 2293
f 2520 2518 2296
f 2222 2516 2518
f 2514 2290 2516
f 2216 2513 2514
f 2520 2296 2298
f 2210 2509 2510
f 2497 2276 2500
f 2224 2518 2520
f 2417 2422 2557
f 2417 2198 2422
f 2202 2427 2422
f 2213 2210 2510
f 2432 2205 2210
f 2436 2210 2213
f 2553 2557 156
f 2553 2417 2557
f 2559 2422 2427
f 2427 2205 2432
f 2436 2432 2210
f 2564 2427 2432
f 2557 2422 2559
f 2436 2568 2432
f 2213 2441 2436
f 2553 2410 2417
f 2216 2219 2447
f 2219 2216 2514
f 2222 2224 2470
f 2224 2222 2518
f 2219 2516 2222
f 2219 2222 2458
f 2572 2436 2441
f 2447 2441 2216
f 2580 2447 2458
f 2470 2458 2222
f 2479 2470 2224
f 2583 2458 2470
f 2447 2219 2458
f 2577 2441 2447
f 2479 2224 2225
f 2216 2441 2213
f 2213 2513 2216
f 1 2470 2479
f 2224 2520 2225
f 2417 2410 2194
f 2514 2288 2290
f 2569 2553 154
f 2296 1980 2298
f 1956 1778 1959
f 1669 1664 1466
f 2541 2547 142
f 8217 2721 8216
f 2721 8214 8215
f 8215 8216 2721
f 146 145 2554
f 8214 2538 8213
f 8211 8212 2732
f 8213 2732 8212
f 2732 8210 8211
f 142 143 2733
f 142 2732 2541
f 145 146 300
f 143 2549 145
f 2547 143 142
f 143 145 299
f 8210 142 8209
f 2733 143 2734
f 299 145 300
f 299 300 461
f 8208 142 2733
f 8209 142 8208
f 299 2734 143
f 146 302 300
f 142 8210 2732
f 2538 2732 8213
f 8208 2733 8207
f 8206 2734 8205
f 2734 8206 8207
f 2734 8207 2733
f 2734 299 8205
f 461 8202 8203
f 8204 461 8203
f 8205 299 8204
f 2735 8201 8202
f 2735 461 466
f 637 466 471
f 466 461 300
f 299 461 8204
f 2735 466 637
f 8201 2735 8200
f 8199 637 2737
f 637 8199 8200
f 2737 637 750
f 8198 8199 2737
f 2735 637 8200
f 466 302 471
f 2735 8202 461
f 466 300 302
f 146 148 302
f 148 149 304
f 148 2558 149
f 151 152 309
f 151 2566 152
f 2562 151 149
f 149 151 306
f 304 306 473
f 306 304 149
f 309 311 481
f 311 309 152
f 306 151 309
f 306 309 477
f 152 154 311
f 304 471 302
f 154 156 314
f 154 2553 156
f 2557 158 156
f 2564 2559 2427
f 152 2569 154
f 160 2559 2564
f 314 316 487
f 314 156 316
f 158 160 320
f 160 158 2559
f 320 160 323
f 158 320 316
f 156 158 316
f 316 320 492
f 160 162 323
f 154 314 311
f 2555 148 146
f 311 314 484
f 471 473 640
f 471 304 473
f 477 481 647
f 477 309 481
f 306 477 473
f 473 477 644
f 754 750 640
f 750 637 640
f 754 640 644
f 647 644 477
f 650 647 481
f 758 644 647
f 640 473 644
f 650 762 647
f 481 484 650
f 640 637 471
f 484 487 655
f 484 314 487
f 320 496 492
f 492 487 316
f 481 311 484
f 487 492 658
f 765 650 655
f 655 487 658
f 660 496 662
f 660 658 492
f 499 662 496
f 772 658 660
f 496 660 492
f 768 655 658
f 496 323 499
f 484 655 650
f 320 323 496
f 775 660 662
f 160 2564 162
f 304 302 148
f 2559 158 2557
f 8197 2737 750
f 750 2736 8196
f 8196 2736 8195
f 8196 8197 750
f 8198 2737 8197
f 8195 2736 8194
f 8193 2863 2738
f 2863 8193 8194
f 2736 2863 8194
f 2736 754 2863
f 754 758 919
f 758 754 644
f 762 765 924
f 765 762 650
f 758 647 762
f 758 762 921
f 2738 919 1142
f 2738 2863 919
f 1144 1142 921
f 921 1142 919
f 924 921 762
f 1144 921 924
f 919 758 921
f 8193 2738 8192
f 924 926 1147
f 919 2863 754
f 754 2736 750
f 8191 2738 1142
f 2662 8189 1142
f 1142 8189 8190
f 8190 8191 1142
f 8192 2738 8191
f 8188 8189 2662
f 2855 8187 8188
f 8187 2855 8186
f 2855 8188 2662
f 2855 1144 1334
f 1144 2855 2662
f 1561 1334 1337
f 1147 1334 1144
f 1144 924 1147
f 1334 8185 8186
f 8184 8185 1561
f 8182 8183 2739
f 1561 8183 8184
f 1561 2739 8183
f 8185 1334 1561
f 1147 1337 1334
f 1334 8186 2855
f 1144 2662 1142
f 926 924 765
f 926 768 929
f 768 926 765
f 1341 1151 1153
f 929 1151 926
f 768 772 929
f 1151 1337 1147
f 2740 8182 2739
f 1561 1564 2739
f 1564 1341 1566
f 1341 1564 1337
f 1337 1151 1341
f 2740 2739 1564
f 1151 929 1153
f 1561 1337 1564
f 1341 1153 1344
f 929 932 1153
f 1153 932 1156
f 775 932 772
f 772 660 775
f 936 1156 932
f 1732 1731 1566
f 1731 1564 1566
f 1570 1344 1347
f 1156 1344 1153
f 1347 1344 1156
f 1344 1570 1566
f 1341 1344 1566
f 1732 1566 1570
f 932 775 936
f 929 772 932
f 768 658 772
f 2740 1564 1731
f 8180 8181 2740
f 2740 2663 8180
f 2663 1731 83
f 8182 2740 8181
f 8180 2663 8179
f 8179 2663 8178
f 8176 8177 2741
f 83 8177 8178
f 2741 8177 83
f 2663 83 8178
f 2740 1731 2663
f 2742 8176 2741
f 83 86 2741
f 2743 2742 232
f 86 2742 2741
f 86 1732 1733
f 2742 8175 8176
f 8175 2742 8174
f 8173 2743 8172
f 2743 8173 8174
f 8172 2743 389
f 2742 2743 8174
f 232 2742 86
f 83 1732 86
f 1732 83 1731
f 1732 1570 1733
f 1147 926 1151
f 765 655 768
f 662 777 775
f 162 2568 165
f 2568 162 2564
f 504 326 330
f 165 326 162
f 2568 2572 165
f 326 499 323
f 777 936 775
f 662 664 777
f 777 664 780
f 504 664 499
f 499 326 504
f 666 664 504
f 326 165 330
f 662 499 664
f 504 330 505
f 165 167 330
f 333 167 170
f 2577 167 2572
f 2572 2441 2577
f 330 167 333
f 782 780 666
f 780 664 666
f 667 505 508
f 666 504 505
f 508 505 333
f 505 667 666
f 330 333 505
f 782 666 667
f 167 2577 170
f 165 2572 167
f 2568 2436 2572
f 777 780 939
f 1159 1156 936
f 1156 1159 1347
f 1351 1159 1162
f 939 1159 936
f 777 939 936
f 1347 1159 1351
f 1733 1573 1734
f 1733 1570 1573
f 1573 1576 1734
f 1576 1573 1351
f 1573 1347 1351
f 1733 1734 88
f 1159 939 1162
f 1573 1570 1347
f 1166 1162 942
f 942 1162 939
f 782 945 942
f 784 945 782
f 939 780 942
f 1166 942 945
f 1576 1354 1578
f 1576 1351 1354
f 1358 1578 1354
f 1170 1358 1166
f 1578 1358 1581
f 1358 1354 1166
f 1354 1162 1166
f 1734 1576 1735
f 1166 945 1170
f 1354 1351 1162
f 782 942 780
f 1578 1735 1576
f 782 667 784
f 323 162 326
f 170 2580 174
f 2580 170 2577
f 341 336 174
f 2583 174 2580
f 2580 2458 2583
f 170 174 336
f 508 336 510
f 508 333 336
f 668 510 669
f 510 668 508
f 510 336 341
f 668 784 667
f 174 2583 178
f 336 333 170
f 344 341 178
f 178 341 174
f 1 180 178
f 2 180 1
f 178 2583 1
f 344 178 180
f 669 513 670
f 510 513 669
f 514 670 513
f 345 514 344
f 790 670 671
f 514 513 344
f 341 344 513
f 669 670 788
f 344 180 345
f 513 510 341
f 2583 2470 1
f 668 669 787
f 948 1170 945
f 948 784 787
f 787 953 948
f 953 787 788
f 784 668 787
f 948 953 1175
f 1361 1358 1170
f 1358 1361 1581
f 1584 1361 1364
f 1175 1361 1170
f 1175 1364 1361
f 1361 1584 1581
f 1170 948 1175
f 1736 1578 1581
f 1175 953 1180
f 948 945 784
f 1180 1364 1175
f 953 957 1180
f 1180 957 1184
f 790 957 788
f 788 670 790
f 961 1184 957
f 1364 1587 1584
f 1587 1364 1369
f 1590 1369 1373
f 1369 1364 1180
f 1373 1369 1184
f 1369 1590 1587
f 1180 1184 1369
f 1740 1584 1587
f 957 790 961
f 953 788 957
f 787 669 788
f 1738 1581 1584
f 670 514 671
f 668 667 508
f 2577 2447 2580
f 1742 1587 1590
f 232 88 234
f 232 86 88
f 391 234 237
f 91 234 88
f 1734 91 88
f 232 234 389
f 8171 389 570
f 8171 8172 389
f 570 391 571
f 391 570 389
f 389 234 391
f 8171 570 8170
f 234 91 237
f 389 2743 232
f 93 237 91
f 93 1735 1736
f 1736 96 93
f 96 1736 1738
f 1735 1578 1736
f 93 96 240
f 393 391 237
f 391 393 571
f 393 240 394
f 240 393 237
f 242 394 240
f 571 393 573
f 237 93 240
f 573 393 394
f 575 573 394
f 93 91 1735
f 1734 1735 91
f 570 571 2744
f 8170 570 8169
f 8168 2744 8167
f 8168 8169 570
f 8168 570 2744
f 8167 2744 8166
f 712 8165 8166
f 712 8164 8165
f 712 8166 2744
f 712 573 713
f 712 2744 571
f 2745 868 870
f 713 868 712
f 713 573 575
f 868 8163 8164
f 8163 868 8162
f 8161 2745 8160
f 2745 8161 8162
f 8160 2745 1081
f 868 2745 8162
f 870 868 713
f 868 8164 712
f 573 712 571
f 242 240 96
f 394 242 397
f 96 101 242
f 242 101 245
f 1740 101 1738
f 1738 1584 1740
f 106 245 101
f 714 575 576
f 575 394 397
f 399 397 245
f 575 397 576
f 397 242 245
f 714 870 713
f 101 1740 106
f 713 575 714
f 106 1742 110
f 1742 106 1740
f 401 248 250
f 110 248 106
f 110 1742 1744
f 248 399 245
f 576 399 577
f 576 397 399
f 716 715 577
f 577 715 576
f 401 577 399
f 578 716 577
f 399 248 401
f 576 715 714
f 248 110 250
f 245 106 248
f 1740 1587 1742
f 714 715 873
f 8160 1081 8159
f 2745 870 1081
f 1309 1081 1084
f 873 1081 870
f 714 873 870
f 8159 1081 8158
f 8157 8158 1309
f 8155 8156 2746
f 1309 8156 8157
f 1309 2746 8156
f 8158 1081 1309
f 1084 1081 873
f 1084 874 1087
f 874 1084 873
f 874 875 1087
f 875 874 716
f 873 715 874
f 1084 1087 1310
f 8154 2746 8153
f 8155 2746 8154
f 8153 1557 8152
f 2746 1557 8153
f 1310 1557 2746
f 1310 2746 1309
f 1310 1087 1311
f 1309 1084 1310
f 716 874 715
f 577 401 578
f 96 1738 101
f 1736 1581 1738
f 1742 1590 1744
f 88 86 1733
f 2564 2432 2568
f 1 2479 2
f 1816 1676 1819
f 1676 1816 1669
f 2078 2076 1819
f 1680 1819 1676
f 1468 1676 1669
f 1816 1819 2076
f 2298 2076 2301
f 2298 1980 2076
f 2522 2301 2524
f 2301 2522 2298
f 2301 2076 2078
f 2522 2225 2520
f 1819 1680 1822
f 2520 2298 2522
f 1822 1682 1825
f 1682 1822 1680
f 2082 2080 1825
f 1684 1825 1682
f 1472 1682 1680
f 1822 1825 2080
f 2303 2301 2078
f 2301 2303 2524
f 2303 2080 2305
f 2080 2303 2078
f 2082 2305 2080
f 2524 2303 2526
f 2078 1822 2080
f 2526 2303 2305
f 2526 2305 2528
f 1822 2078 1819
f 1470 1680 1676
f 2522 2524 2226
f 180 2 181
f 2479 2486 2
f 2 2486 3
f 2226 2486 2225
f 2522 2226 2225
f 2495 3 2486
f 345 181 346
f 345 180 181
f 181 182 346
f 182 181 3
f 181 2 3
f 345 346 516
f 2486 2226 2495
f 514 345 516
f 2501 2495 2227
f 2495 2226 2227
f 2526 2229 2227
f 2528 2229 2526
f 2524 2227 2226
f 2501 2227 2229
f 182 4 183
f 3 4 182
f 5 183 4
f 2507 5 2501
f 183 5 184
f 5 4 2501
f 2495 2501 4
f 346 182 347
f 2507 2501 2229
f 4 3 2495
f 2526 2227 2524
f 183 347 182
f 1684 1828 1825
f 2479 2225 2486
f 2085 2082 1828
f 1828 2082 1825
f 1686 1833 1828
f 1833 1686 1689
f 1828 1684 1686
f 2085 1828 1833
f 2528 2307 2529
f 2528 2305 2307
f 2307 2308 2529
f 2085 2308 2307
f 2307 2082 2085
f 2528 2529 2233
f 2085 1833 2088
f 2307 2305 2082
f 1838 2088 1833
f 1838 1689 1693
f 1693 1845 1838
f 1845 1693 1695
f 1479 1689 1686
f 1838 1845 2091
f 2308 2088 2309
f 2308 2085 2088
f 2309 2091 2310
f 2091 2309 2088
f 2094 2310 2091
f 2532 2308 2309
f 2088 1838 2091
f 2529 2308 2532
f 2091 1845 2094
f 1833 1689 1838
f 1476 1686 1684
f 2536 2309 2310
f 2512 2507 2233
f 2507 2229 2233
f 2517 2512 2239
f 2239 2233 2529
f 2529 2532 2239
f 2512 2233 2239
f 184 6 185
f 5 6 184
f 7 185 6
f 2517 7 2512
f 185 7 186
f 7 6 2512
f 2507 2512 6
f 348 183 184
f 2239 2532 2245
f 6 5 2507
f 2523 2517 2245
f 2517 2239 2245
f 2536 2511 2245
f 2540 2511 2536
f 2532 2536 2245
f 2523 2245 2511
f 186 8 187
f 7 8 186
f 9 187 8
f 2527 9 2523
f 352 351 187
f 9 8 2523
f 2517 2523 8
f 350 185 186
f 2523 2511 2527
f 8 7 2517
f 2532 2309 2536
f 349 184 185
f 2536 2310 2540
f 2233 2229 2528
f 1474 1684 1682
f 351 186 187
f 671 516 672
f 671 514 516
f 793 792 672
f 517 672 516
f 346 517 516
f 671 672 792
f 961 792 964
f 961 790 792
f 1192 1188 964
f 964 1188 961
f 964 792 793
f 1188 1373 1184
f 672 517 673
f 1184 961 1188
f 673 793 672
f 517 519 673
f 674 519 520
f 348 519 347
f 347 183 348
f 673 519 674
f 793 967 964
f 967 793 795
f 969 795 797
f 795 793 673
f 797 795 674
f 795 969 967
f 673 674 795
f 1192 964 967
f 519 348 520
f 517 347 519
f 346 347 517
f 1197 967 969
f 1593 1744 1590
f 1593 1373 1377
f 1596 1593 1377
f 1377 1373 1188
f 1188 1192 1377
f 1746 1593 1596
f 401 250 403
f 110 115 250
f 253 250 115
f 1746 115 1744
f 1744 1593 1746
f 118 115 1746
f 1377 1192 1380
f 110 1744 115
f 1599 1596 1380
f 1380 1596 1377
f 1197 1383 1380
f 1200 1383 1197
f 1380 1192 1197
f 1599 1380 1383
f 118 1748 120
f 1746 1748 118
f 1751 120 1748
f 1602 1751 1599
f 120 1751 122
f 1751 1748 1599
f 1596 1599 1748
f 253 115 118
f 1599 1383 1602
f 1748 1746 1596
f 1192 967 1197
f 120 256 118
f 1197 969 1200
f 1590 1373 1593
f 520 349 522
f 349 520 348
f 676 675 522
f 350 522 349
f 349 185 350
f 520 522 675
f 797 675 798
f 797 674 675
f 971 798 974
f 798 971 797
f 798 675 676
f 971 1200 969
f 522 350 523
f 675 674 520
f 677 676 523
f 676 522 523
f 351 524 523
f 352 524 351
f 350 351 523
f 677 523 524
f 974 800 976
f 798 800 974
f 802 976 800
f 678 802 677
f 1213 976 978
f 802 800 677
f 676 677 800
f 974 976 1209
f 678 677 524
f 800 798 676
f 350 186 351
f 971 974 1205
f 1388 1602 1383
f 1388 1200 1205
f 1205 1394 1388
f 1394 1205 1209
f 1200 971 1205
f 1388 1394 1604
f 1754 1751 1602
f 1751 1754 122
f 125 1754 1757
f 1604 1754 1602
f 1604 1757 1754
f 1754 125 122
f 1602 1388 1604
f 259 120 122
f 1604 1394 1608
f 1388 1383 1200
f 1608 1757 1604
f 1394 1401 1608
f 1611 1401 1409
f 1213 1401 1209
f 1209 976 1213
f 1608 1401 1611
f 1757 128 125
f 128 1757 1760
f 130 1760 1763
f 1760 1757 1608
f 1611 1763 1760
f 1760 130 128
f 1608 1611 1760
f 264 125 128
f 1409 1401 1213
f 1394 1209 1401
f 1205 974 1209
f 262 122 125
f 978 976 802
f 971 969 797
f 348 184 349
f 130 267 128
f 188 187 9
f 790 671 792
f 2310 2094 2311
f 1845 1850 2094
f 2094 1850 2096
f 1699 1850 1695
f 1487 1695 1693
f 1856 2096 1850
f 2540 2311 2545
f 2540 2310 2311
f 2311 2312 2545
f 2312 2311 2096
f 2311 2094 2096
f 2540 2545 2515
f 1850 1699 1856
f 2511 2540 2515
f 1856 1702 1859
f 1702 1856 1699
f 2103 1859 1860
f 1703 1859 1702
f 1495 1702 1699
f 1856 1859 2099
f 2312 2099 2313
f 2312 2096 2099
f 2548 2313 2551
f 2313 2548 2312
f 2103 2313 2099
f 2551 2313 2314
f 2099 1859 2103
f 2312 2548 2545
f 1859 1703 1860
f 2099 2096 1856
f 1491 1699 1695
f 2545 2548 2519
f 2527 2515 2531
f 2527 2511 2515
f 189 10 12
f 2531 10 2527
f 2515 2519 2531
f 10 188 9
f 352 188 353
f 352 187 188
f 353 189 354
f 189 353 188
f 188 10 189
f 352 353 525
f 10 2531 12
f 2527 10 9
f 2535 12 2531
f 2535 2519 2521
f 2544 2535 2521
f 2521 2519 2548
f 2515 2545 2519
f 14 2535 2544
f 190 189 12
f 189 190 354
f 355 190 191
f 14 190 12
f 14 191 190
f 190 355 354
f 12 2535 14
f 354 355 527
f 2525 2521 2551
f 2535 2531 2519
f 2551 2521 2548
f 353 354 526
f 2313 2103 2314
f 1845 1695 1850
f 1860 1704 1861
f 1704 1860 1703
f 2113 2108 1861
f 1705 1861 1704
f 1500 1704 1703
f 1860 1861 2108
f 2314 2108 2315
f 2314 2103 2108
f 2556 2315 2561
f 2315 2556 2314
f 2315 2108 2113
f 2556 2525 2551
f 1861 1705 1862
f 2551 2314 2556
f 2117 2113 1862
f 1862 2113 1861
f 1707 1863 1862
f 1708 1863 1707
f 1862 1705 1707
f 2117 1862 1863
f 2561 2316 2565
f 2561 2315 2316
f 2317 2565 2316
f 2122 2317 2117
f 2543 2565 2570
f 2317 2316 2117
f 2316 2113 2117
f 2561 2565 2533
f 2117 1863 2122
f 2316 2315 2113
f 1502 1705 1704
f 2556 2561 2530
f 2544 2525 2552
f 2544 2521 2525
f 17 2552 2563
f 2530 2552 2525
f 2525 2556 2530
f 2544 2552 16
f 191 16 192
f 191 14 16
f 356 192 357
f 192 356 191
f 17 192 16
f 192 17 193
f 16 2552 17
f 191 356 355
f 2552 2530 2563
f 16 14 2544
f 2563 2533 2571
f 2533 2563 2530
f 21 2571 2581
f 2543 2571 2533
f 2533 2565 2543
f 2563 2571 19
f 358 357 193
f 357 192 193
f 19 21 194
f 21 19 2571
f 359 194 195
f 19 194 193
f 17 19 193
f 358 193 194
f 2571 2543 2581
f 17 2563 19
f 2530 2561 2533
f 356 357 529
f 2565 2317 2570
f 2103 1860 2108
f 1499 1703 1702
f 355 356 528
f 678 525 679
f 678 524 525
f 805 804 679
f 526 679 525
f 353 526 525
f 678 679 804
f 978 804 980
f 978 802 804
f 1222 1218 980
f 980 1218 978
f 980 804 805
f 1218 1409 1213
f 679 526 680
f 804 802 678
f 680 527 681
f 527 680 526
f 809 681 682
f 528 681 527
f 355 528 527
f 680 681 807
f 805 982 980
f 982 805 807
f 807 809 984
f 809 807 681
f 1228 984 986
f 807 984 982
f 805 680 807
f 1222 980 982
f 681 528 682
f 680 805 679
f 354 527 526
f 1225 982 984
f 1615 1763 1611
f 1615 1409 1414
f 1617 1414 1420
f 1414 1409 1218
f 1218 1222 1414
f 1615 1414 1617
f 1763 133 130
f 133 1763 1766
f 1766 1617 1770
f 1766 1763 1615
f 1615 1617 1766
f 133 1766 134
f 1414 1222 1420
f 1615 1611 1409
f 1420 1225 1427
f 1225 1420 1222
f 1624 1621 1427
f 1228 1427 1225
f 1225 984 1228
f 1420 1427 1621
f 134 1770 135
f 1766 1770 134
f 1773 135 1770
f 1624 1773 1621
f 135 1773 136
f 1773 1770 1621
f 1621 1770 1617
f 275 133 134
f 1427 1228 1434
f 1617 1420 1621
f 1222 982 1225
f 271 130 133
f 984 809 986
f 1218 1213 978
f 682 529 683
f 529 682 528
f 812 810 683
f 530 683 529
f 357 530 529
f 682 683 810
f 986 810 988
f 986 809 810
f 1233 1231 988
f 988 1231 986
f 988 810 812
f 1231 1434 1228
f 683 530 684
f 1228 986 1231
f 684 812 683
f 530 531 684
f 685 531 532
f 359 531 358
f 358 194 359
f 684 531 685
f 812 991 988
f 991 812 813
f 994 813 819
f 813 812 684
f 819 813 685
f 813 994 991
f 684 685 813
f 1233 988 991
f 531 359 532
f 530 358 531
f 528 356 529
f 1236 991 994
f 1626 1624 1434
f 1624 1427 1434
f 1629 1626 1442
f 1442 1434 1231
f 1231 1233 1442
f 1626 1434 1442
f 136 1775 137
f 1773 1775 136
f 1780 137 1775
f 1629 1780 1626
f 137 1780 138
f 1780 1775 1626
f 1624 1626 1775
f 282 135 136
f 1442 1233 1448
f 1775 1773 1624
f 1631 1629 1448
f 1448 1629 1442
f 1236 1451 1448
f 1238 1451 1236
f 1448 1233 1236
f 1631 1448 1451
f 138 1784 139
f 1780 1784 138
f 1787 139 1784
f 1636 1787 1631
f 291 139 140
f 1787 1784 1631
f 1629 1631 1784
f 287 137 138
f 1631 1451 1636
f 1784 1780 1629
f 1233 991 1236
f 284 136 137
f 1236 994 1238
f 809 682 810
f 358 530 357
f 279 134 135
f 194 21 195
f 525 524 352
f 1482 1693 1689
f 289 138 139
f 403 253 405
f 253 403 250
f 580 579 405
f 256 405 253
f 253 118 256
f 403 405 579
f 717 875 716
f 717 578 579
f 579 718 717
f 580 718 579
f 578 403 579
f 717 718 877
f 405 256 406
f 578 401 403
f 406 259 408
f 259 406 256
f 585 408 409
f 262 408 259
f 259 122 262
f 406 408 582
f 580 719 718
f 719 580 582
f 582 585 720
f 585 582 408
f 882 880 720
f 582 720 719
f 580 406 582
f 719 720 880
f 408 262 409
f 406 580 405
f 256 120 259
f 718 719 878
f 1090 1311 1087
f 1090 875 877
f 877 1094 1090
f 1094 877 878
f 875 717 877
f 1090 1094 1313
f 1557 1311 1558
f 1557 1310 1311
f 1560 1558 1313
f 1313 1558 1311
f 1311 1090 1313
f 1557 1558 1750
f 1313 1094 1315
f 875 1090 1087
f 1096 1315 1094
f 1096 878 880
f 880 1099 1096
f 882 1099 880
f 878 719 880
f 1096 1099 1317
f 1560 1315 1562
f 1560 1313 1315
f 1562 1317 1565
f 1317 1562 1315
f 1319 1565 1317
f 1562 1565 1758
f 1315 1096 1317
f 1560 1562 1755
f 1319 1317 1099
f 1094 878 1096
f 877 718 878
f 1558 1560 1752
f 721 720 585
f 578 717 716
f 409 264 411
f 264 409 262
f 589 411 413
f 267 411 264
f 264 128 267
f 409 411 587
f 721 587 722
f 721 585 587
f 722 589 723
f 589 722 587
f 587 411 589
f 721 722 883
f 411 267 413
f 721 882 720
f 413 271 414
f 271 413 267
f 414 275 416
f 275 414 271
f 271 133 275
f 413 414 591
f 723 591 724
f 723 589 591
f 725 891 724
f 593 724 591
f 593 591 414
f 593 725 724
f 414 416 593
f 723 724 888
f 275 279 416
f 591 589 413
f 267 130 271
f 722 723 885
f 1102 1319 1099
f 1102 882 883
f 1102 883 1105
f 885 883 722
f 882 721 883
f 1105 883 885
f 1319 1568 1565
f 1568 1319 1320
f 1572 1320 1322
f 1320 1319 1102
f 1105 1322 1320
f 1320 1572 1568
f 1102 1105 1320
f 1568 1572 1764
f 1105 885 1107
f 1102 1099 882
f 1107 888 1111
f 1107 1322 1105
f 1326 1111 1113
f 891 1111 888
f 888 724 891
f 1107 1111 1324
f 1322 1575 1572
f 1575 1322 1324
f 1324 1326 1579
f 1326 1324 1111
f 1772 1579 1582
f 1324 1579 1575
f 1322 1107 1324
f 1575 1579 1769
f 1113 1111 891
f 1107 885 888
f 885 723 888
f 1572 1575 1767
f 1579 1326 1582
f 585 409 587
f 262 125 264
f 1565 1568 1761
f 8150 8151 1750
f 8150 1750 8149
f 1752 1750 1558
f 8152 1750 8151
f 2816 1750 1752
f 8148 8149 2816
f 8147 2816 20
f 2816 8147 8148
f 8149 1750 2816
f 1752 20 2816
f 23 20 1755
f 1755 20 1752
f 23 1755 1758
f 1761 1758 1565
f 1755 1562 1758
f 25 1758 1761
f 8145 8146 2674
f 8146 20 2674
f 2674 23 2685
f 25 23 1758
f 27 25 1761
f 206 23 25
f 20 23 2674
f 27 208 25
f 1761 1764 27
f 20 8146 8147
f 1752 1560 1755
f 8145 2674 8144
f 8144 2685 8143
f 8144 2674 2685
f 23 206 2685
f 8142 2685 206
f 8143 2685 8142
f 8141 8142 206
f 385 8140 8141
f 8141 206 385
f 385 208 386
f 208 385 206
f 581 8136 2675
f 386 2675 385
f 386 208 210
f 385 2675 8138
f 8139 385 8138
f 8136 8137 2675
f 581 8135 8136
f 2675 8137 8138
f 581 2675 386
f 385 8139 8140
f 206 25 208
f 210 208 27
f 30 27 1764
f 27 30 210
f 212 30 32
f 1767 30 1764
f 1764 1572 1767
f 210 30 212
f 581 387 583
f 581 386 387
f 387 388 583
f 388 387 212
f 387 210 212
f 581 583 2817
f 30 1767 32
f 387 386 210
f 32 1769 36
f 1769 32 1767
f 217 36 39
f 1772 36 1769
f 1769 1579 1772
f 32 36 215
f 388 215 390
f 388 212 215
f 584 390 586
f 390 584 388
f 217 390 215
f 586 390 392
f 215 36 217
f 388 584 583
f 36 1772 39
f 215 212 32
f 1767 1575 1769
f 583 584 814
f 8133 8134 2817
f 2817 814 8133
f 2817 583 814
f 8135 2817 8134
f 8133 814 8132
f 8132 814 8131
f 8130 34 8129
f 34 8130 8131
f 8129 34 8128
f 814 34 8131
f 814 817 34
f 34 2676 8128
f 34 38 2676
f 817 820 38
f 229 2676 38
f 814 584 817
f 2676 229 8126
f 8127 8128 2676
f 229 8125 8126
f 229 8124 8125
f 8127 2676 8126
f 586 820 817
f 38 34 817
f 586 817 584
f 392 390 217
f 2817 8135 581
f 1761 1568 1764
f 595 593 416
f 1750 8152 1557
f 593 595 725
f 416 279 418
f 725 595 726
f 595 416 418
f 279 282 418
f 597 726 595
f 1113 894 1118
f 1113 891 894
f 894 896 1118
f 896 894 726
f 894 725 726
f 1113 1118 1328
f 595 418 597
f 894 891 725
f 420 418 282
f 418 420 597
f 599 420 422
f 284 420 282
f 282 136 284
f 597 420 599
f 896 727 898
f 726 727 896
f 896 898 1122
f 728 898 727
f 728 727 599
f 1332 1122 1124
f 597 599 727
f 896 1122 1118
f 420 284 422
f 727 726 597
f 279 135 282
f 1118 1122 1330
f 1582 1328 1586
f 1582 1326 1328
f 44 1776 1779
f 1586 1776 1582
f 1328 1330 1586
f 1776 39 1772
f 219 217 39
f 217 219 392
f 392 219 395
f 44 219 39
f 39 1776 44
f 221 219 44
f 1776 1586 1779
f 1776 1772 1582
f 44 1779 47
f 1586 1589 1779
f 1782 1589 1592
f 1332 1589 1330
f 1330 1122 1332
f 1779 1589 1782
f 395 221 396
f 395 219 221
f 223 221 47
f 221 44 47
f 51 47 1782
f 221 223 396
f 1779 1782 47
f 395 396 590
f 1589 1332 1592
f 1586 1330 1589
f 1328 1118 1330
f 392 395 588
f 1122 898 1124
f 1328 1326 1113
f 422 287 425
f 287 422 284
f 729 600 603
f 425 600 422
f 287 289 425
f 600 728 599
f 1332 1124 1335
f 898 900 1124
f 1124 900 1127
f 729 900 728
f 728 600 729
f 901 900 729
f 600 425 603
f 898 728 900
f 729 603 730
f 425 426 603
f 605 426 429
f 291 426 289
f 289 139 291
f 603 426 605
f 1131 1127 901
f 1127 900 901
f 903 730 731
f 901 729 730
f 903 1134 1131
f 730 903 901
f 603 605 730
f 1131 901 903
f 731 730 605
f 425 289 426
f 287 138 289
f 1124 1127 1335
f 1592 1335 1594
f 1592 1332 1335
f 54 1786 1789
f 1594 1786 1592
f 1335 1338 1594
f 1786 51 1782
f 223 51 224
f 223 47 51
f 224 400 398
f 224 398 223
f 54 224 51
f 225 224 54
f 51 1786 54
f 223 398 396
f 1786 1594 1789
f 1592 1786 1782
f 1338 1131 1342
f 1338 1335 1127
f 1791 1597 1600
f 1342 1597 1338
f 1342 1131 1134
f 1597 1789 1594
f 57 54 1789
f 54 57 225
f 226 57 59
f 1791 57 1789
f 226 404 402
f 57 226 225
f 1789 1597 1791
f 400 224 225
f 59 57 1791
f 1597 1594 1338
f 1127 1131 1338
f 402 225 226
f 1600 1597 1342
f 599 422 600
f 284 137 287
f 396 398 592
f 820 588 821
f 820 586 588
f 45 41 821
f 590 821 588
f 395 590 588
f 820 821 41
f 229 41 231
f 229 38 41
f 2819 2818 231
f 231 2818 229
f 231 41 45
f 2818 8123 8124
f 821 590 823
f 41 38 820
f 48 45 823
f 823 45 821
f 592 825 823
f 825 592 594
f 823 590 592
f 48 823 825
f 431 233 432
f 431 231 233
f 236 432 233
f 50 236 48
f 1057 432 437
f 236 233 48
f 233 45 48
f 431 432 1056
f 48 825 50
f 233 231 45
f 396 592 590
f 2819 231 431
f 8122 8123 2819
f 8122 2819 8121
f 2819 431 2820
f 8123 2818 2819
f 8121 2819 2820
f 8120 8121 2820
f 1056 8118 8119
f 8120 2820 8119
f 8119 2820 1056
f 8117 1056 1312
f 1056 8117 8118
f 2677 1312 1314
f 1057 1312 1056
f 2820 431 1056
f 8117 1312 8116
f 8116 1312 8115
f 8114 2677 8113
f 2677 8114 8115
f 8113 2677 11
f 1312 2677 8115
f 1312 1057 1314
f 1057 1056 432
f 432 236 437
f 2818 8124 229
f 594 400 596
f 594 592 398
f 53 50 827
f 596 827 594
f 400 402 596
f 827 50 825
f 1057 437 1058
f 236 238 437
f 437 439 1058
f 238 439 437
f 238 50 53
f 1058 1314 1057
f 830 827 596
f 236 50 238
f 827 830 53
f 596 402 598
f 53 830 56
f 830 596 598
f 598 402 404
f 831 56 830
f 439 241 442
f 439 238 241
f 439 442 1059
f 243 442 241
f 442 1060 1059
f 1318 1059 1060
f 241 53 56
f 439 1059 1058
f 243 241 56
f 241 238 53
f 400 225 402
f 1058 1059 1316
f 8113 11 8112
f 2677 1314 11
f 2388 11 13
f 1316 11 1314
f 1314 1058 1316
f 8112 11 8111
f 8111 11 8110
f 8109 2388 8108
f 2388 8109 8110
f 8108 2388 2821
f 11 2388 8110
f 11 1316 13
f 2821 8107 8108
f 2388 2391 2821
f 13 15 2391
f 2821 2391 2588
f 13 1316 1318
f 2588 8106 2821
f 8107 2821 8106
f 8105 8106 2588
f 8104 8105 2588
f 8104 2588 8103
f 1318 15 13
f 2388 13 2391
f 1316 1059 1318
f 598 831 830
f 825 594 827
f 594 398 400
f 291 429 426
f 588 586 392
f 275 134 279
f 139 1787 140
f 1980 1816 2076
f 1503 1707 1705
f 534 8548 8549
f 8550 2766 8549
f 2766 8550 8551
f 534 8549 2766
f 695 8584 693
f 693 2765 534
f 695 8583 8584
f 695 693 534
f 693 8584 8585
f 534 2766 536
f 534 8547 8548
f 8551 8552 372
f 372 8553 8554
f 8553 372 8552
f 372 536 2766
f 695 8582 8583
f 8582 695 8581
f 2665 8581 695
f 2857 2665 536
f 2665 695 536
f 534 536 695
f 8580 8581 2665
f 2766 8551 372
f 8590 8591 2991
f 8589 8590 2985
f 1007 2985 2991
f 2985 8590 2991
f 1010 2989 2987
f 2989 2991 8591
f 2987 2989 8591
f 1007 2991 2989
f 8591 8592 2987
f 2985 1007 2982
f 8592 8593 2988
f 8594 8595 2993
f 8593 8594 2990
f 1010 2988 2990
f 2988 8593 2990
f 1012 2981 2993
f 2981 2990 8594
f 2981 8594 2993
f 3002 1012 2993
f 3002 2993 8595
f 1010 2987 2988
f 3002 8595 8596
f 8592 2988 2987
f 2981 1010 2990
f 538 536 372
f 8585 2767 693
f 538 2857 536
f 372 374 538
f 8555 374 8554
f 374 8555 2769
f 2768 2857 538
f 8580 2857 8579
f 8580 2665 2857
f 8578 8579 2857
f 8578 2857 2768
f 538 374 540
f 376 540 374
f 2769 8556 8557
f 8557 8558 2769
f 376 374 2769
f 2768 8577 8578
f 8577 2768 8576
f 8575 8576 540
f 3057 3011 8603
f 8576 2768 540
f 538 540 2768
f 2769 8555 8556
f 2995 8597 8598
f 8598 8599 2999
f 2997 8599 8600
f 2997 2999 8599
f 8596 3004 3002
f 8596 8597 3004
f 2995 1015 3006
f 2995 3006 3004
f 3004 8597 2995
f 2995 2999 1015
f 8598 2999 2995
f 3002 3004 1012
f 2999 2997 3010
f 2998 8600 8601
f 8601 8602 2996
f 8602 8603 2903
f 2903 2996 8602
f 3010 2998 2666
f 3010 2997 2998
f 2903 2666 2996
f 2666 2903 3011
f 3000 2666 3051
f 2996 2666 2998
f 2998 8601 2996
f 3010 1015 2999
f 8603 3011 2903
f 2998 2997 8600
f 3005 3010 2666
f 8558 2865 2769
f 374 372 8554
f 3006 1012 3004
f 3074 6798 3067
f 3074 1007 2992
f 3074 2992 6797
f 3069 2992 1010
f 2989 2992 1007
f 6797 2992 3069
f 6797 6798 3074
f 6795 6796 2914
f 6797 3069 6796
f 3069 3073 6796
f 3067 1007 3074
f 3071 6796 3073
f 1010 2981 3073
f 1505 3087 3080
f 3078 3073 2981
f 3078 2981 1012
f 3073 3078 1270
f 2914 3071 2669
f 6796 3071 2914
f 2669 1270 3087
f 1270 2669 3071
f 3087 1270 3078
f 2669 3087 3077
f 3073 1270 3071
f 6795 2914 3294
f 8656 3087 3078
f 3073 3069 1010
f 1010 2992 2989
f 3075 2914 2669
f 3070 3294 3295
f 3294 3070 6794
f 3295 3075 3072
f 3075 3295 3294
f 2914 3075 3294
f 3070 3295 6794
f 6794 3295 6793
f 3072 6792 6793
f 6792 3072 3076
f 3295 3072 6793
f 2669 3072 3075
f 3294 6794 6795
f 6791 3076 3077
f 3076 3072 2669
f 3077 1505 3081
f 2773 3085 1505
f 3077 3076 2669
f 3085 3084 1505
f 6790 6791 3081
f 3084 6789 6790
f 3084 3081 1505
f 3086 6789 3084
f 3084 6790 3081
f 6791 3077 3081
f 3084 3085 3086
f 3076 6791 6792
f 1505 3077 3087
f 3088 3078 1012
f 3012 3001 8654
f 3003 3001 1015
f 8652 3009 3007
f 1015 3009 3003
f 1012 3006 3001
f 3003 3009 8653
f 8655 3088 3012
f 3088 1012 3012
f 3001 3003 8654
f 3009 8652 8653
f 8653 8654 3003
f 3009 1015 3007
f 3012 1012 3001
f 3005 2905 3008
f 3005 2666 2905
f 8649 3050 8648
f 2905 2666 3050
f 2666 3000 3050
f 2905 3050 8649
f 3007 3008 8651
f 3007 1015 3008
f 8650 8651 3008
f 8650 3008 2905
f 2905 8649 8650
f 3007 8651 8652
f 3008 1015 3005
f 3006 1015 3001
f 1505 3080 3083
f 3080 8656 8657
f 8658 3079 8657
f 8656 3088 8655
f 3080 8657 3079
f 6787 6788 3086
f 6788 6789 3086
f 2773 1505 3083
f 3082 3083 3079
f 2773 3083 1507
f 3086 3085 2773
f 3079 3083 3080
f 2773 6787 3086
f 3087 8656 3080
f 8659 8660 3082
f 8658 8659 3082
f 1507 3083 3082
f 3082 8660 1507
f 1507 1510 2772
f 8662 1510 8661
f 8661 1510 1507
f 8660 8661 1507
f 1507 2772 2773
f 3082 3079 8658
f 8655 3012 8654
f 2772 6786 2773
f 8648 3050 3000
f 3088 8656 3078
f 1015 3010 3005
f 2666 3011 3040
f 2888 2865 8558
f 2888 8559 8560
f 2888 8560 3014
f 3013 8560 8561
f 3014 8560 3013
f 376 2865 379
f 376 2769 2865
f 2865 2770 379
f 3014 2770 2865
f 2865 2888 3014
f 542 376 379
f 3014 3013 2770
f 8558 8559 2888
f 3126 8561 8562
f 3224 3325 8562
f 3325 3224 3223
f 8562 3016 3224
f 3126 8562 3325
f 2770 3126 3020
f 2770 3013 3126
f 3017 3015 8568
f 2770 3018 3015
f 2770 3020 3027
f 3015 3017 379
f 3126 3325 3020
f 2770 3015 379
f 3020 3325 3307
f 3126 3013 8561
f 3124 379 3017
f 542 3022 8575
f 3022 542 3023
f 3022 3026 8573
f 542 2771 3023
f 3022 8573 8574
f 8574 8575 3022
f 3046 8607 8608
f 3026 3022 3023
f 8575 540 542
f 3026 2771 3092
f 2771 3026 3023
f 2771 3021 3092
f 3021 2771 3124
f 542 379 2771
f 3026 3092 3308
f 8609 2906 8608
f 3043 8609 8610
f 3308 8572 3026
f 3308 8571 8572
f 3240 3043 8610
f 3092 3309 3308
f 8573 3026 8572
f 379 3124 2771
f 3043 2906 8609
f 3017 8569 3124
f 3223 3019 3325
f 3223 3224 3016
f 3307 3325 3019
f 3019 3223 8564
f 3016 8564 3223
f 3028 3027 8566
f 3309 3021 8570
f 3018 8568 3015
f 3028 8567 3018
f 3017 8568 8569
f 3028 3018 2770
f 3309 3024 3308
f 3307 3027 3020
f 2770 3027 3028
f 3019 8564 3307
f 8564 3016 8563
f 8564 8565 3307
f 8565 8566 3027
f 3021 8569 8570
f 8567 8568 3018
f 3124 8569 3021
f 8567 3028 8566
f 3027 3307 8565
f 3016 8562 8563
f 3309 8570 8571
f 3236 8612 3031
f 3024 3309 8571
f 8610 8611 3025
f 3238 8611 3234
f 3233 3234 3037
f 3234 8611 8612
f 3234 8612 3037
f 3233 3037 3236
f 8612 3236 3037
f 3064 3238 3234
f 8612 8613 3031
f 8571 3308 3024
f 8614 8615 3030
f 3030 3035 701
f 3035 3030 8615
f 3035 8615 8616
f 8614 3030 3032
f 3311 3031 3225
f 8613 3225 3031
f 3032 701 3065
f 701 3032 3030
f 3065 701 3058
f 3032 3065 3225
f 3032 3225 8613
f 3236 3031 3235
f 3035 3061 701
f 8613 8614 3032
f 3065 3311 3225
f 3309 3092 3021
f 3238 3025 8611
f 8604 3041 3057
f 3041 8604 8605
f 8605 3039 3041
f 3039 8605 8606
f 3041 3039 828
f 3011 3057 828
f 3011 828 3040
f 3053 3040 828
f 3040 3053 3055
f 3057 3041 828
f 3040 3055 3049
f 3039 3042 828
f 2666 3040 3051
f 828 3042 2904
f 8606 8607 3042
f 3048 2904 2667
f 3046 2904 3042
f 3046 3042 8607
f 2904 3048 828
f 3053 3054 8642
f 3053 828 3054
f 3052 3048 3056
f 3052 3054 828
f 8641 3056 8640
f 3052 3056 8641
f 3052 828 3048
f 3054 3052 8642
f 3056 3048 3044
f 3042 3039 8606
f 3055 3053 8643
f 3051 3049 8647
f 3049 3051 3040
f 8646 8647 3049
f 3049 8645 8646
f 8647 8648 3000
f 1510 8663 8664
f 1510 8662 8663
f 1510 8664 8665
f 3000 3051 8647
f 3055 8644 8645
f 8644 3055 8643
f 3049 3055 8645
f 8665 1512 1510
f 8665 8666 1512
f 8667 1512 8666
f 1512 2779 1510
f 2779 1512 2778
f 8643 3053 8642
f 3052 8641 8642
f 1510 2779 2772
f 3046 2667 2904
f 8604 3057 8603
f 3043 3047 2906
f 3043 3240 3047
f 3240 3237 3059
f 3240 8610 3237
f 8608 2906 3046
f 3310 3059 3237
f 3045 2667 3047
f 3047 2667 2906
f 8638 3239 3059
f 3239 3047 3240
f 3240 3059 3239
f 3239 3045 3047
f 3237 3025 3310
f 3044 3048 2667
f 8636 3233 3235
f 3232 3238 3064
f 3235 3311 8636
f 3235 3031 3311
f 3233 3064 3234
f 3058 8636 3311
f 8637 3310 3232
f 3310 3025 3232
f 3233 8636 3064
f 8636 3058 8635
f 3232 3064 8637
f 3232 3025 3238
f 3059 3310 8637
f 8635 3058 3063
f 3235 3233 3236
f 3065 3058 3311
f 8636 8637 3064
f 3044 8639 8640
f 8639 3044 3045
f 3045 8638 8639
f 3045 3239 8638
f 3044 2667 3045
f 1512 8668 1514
f 1514 8668 8669
f 1514 2778 1512
f 1512 8667 8668
f 8640 3056 3044
f 8671 8672 2781
f 2781 8672 8673
f 1514 3096 2778
f 1514 8670 2781
f 1514 1725 3096
f 1516 1725 1514
f 2781 1516 1514
f 3096 1725 6776
f 8670 8671 2781
f 1514 8669 8670
f 1727 3101 1725
f 3059 8637 8638
f 2779 2778 6779
f 8673 2780 2781
f 2667 3046 2906
f 3025 3237 8610
f 6783 2772 2779
f 542 540 376
f 3096 3097 2778
f 2777 6877 6878
f 2777 6878 6879
f 2776 2777 6879
f 2024 2795 2796
f 2795 2024 2026
f 2777 2026 2024
f 1882 2026 2777
f 6876 2777 2024
f 2795 2026 8803
f 2776 6879 6880
f 6876 6877 2777
f 6881 6882 2776
f 2028 6882 6883
f 2776 6882 2028
f 2026 1882 8801
f 2777 2776 1882
f 8801 8802 2026
f 2775 1882 2776
f 8802 8803 2026
f 1882 8800 8801
f 6884 2028 6883
f 6880 6881 2776
f 2795 8803 8804
f 2794 8806 8807
f 2797 8816 8817
f 2796 8805 8806
f 512 8816 808
f 1177 808 1189
f 1177 1189 1553
f 808 811 1189
f 811 808 2797
f 808 8816 2797
f 1554 1553 1189
f 2796 8806 2794
f 2796 2795 8805
f 8818 811 2797
f 811 8819 8820
f 8819 811 8818
f 811 2798 1195
f 2798 811 8820
f 8821 2798 8820
f 1195 2798 2799
f 811 1195 1189
f 8818 2797 8817
f 2795 8804 8805
f 1195 1554 1189
f 2024 2796 2165
f 2772 6785 6786
f 2893 6887 3089
f 6885 6886 2893
f 2893 2774 6885
f 3090 2774 2893
f 6886 6887 2893
f 6884 2774 2028
f 3089 6887 6888
f 2774 6884 6885
f 3091 6888 6889
f 6785 2772 6784
f 3091 6889 3093
f 3090 3089 2036
f 3090 2893 3089
f 3116 2774 2036
f 3108 2036 3091
f 3113 3116 3114
f 2036 3089 3091
f 6888 3091 3089
f 2036 2774 3090
f 3093 6889 6890
f 6786 6787 2773
f 2030 2774 3116
f 2775 8799 1882
f 8798 2775 8797
f 8798 8799 2775
f 2775 2028 2030
f 1882 8799 8800
f 1203 2799 2800
f 8822 2799 8821
f 2799 1203 1195
f 2799 8822 8823
f 8821 2799 2798
f 2776 2028 2775
f 8797 2030 8796
f 2030 8797 2775
f 3113 8796 2030
f 2030 3116 3113
f 8823 2800 2799
f 2800 8823 8824
f 8825 1210 2800
f 8826 1210 8825
f 8825 2800 8824
f 2800 1210 1203
f 3113 8795 8796
f 2028 2774 2030
f 1555 1195 1203
f 3114 3116 2036
f 1556 1203 1210
f 2027 1933 2029
f 2027 2029 2095
f 1933 1936 2029
f 1936 1933 1949
f 1946 1949 1933
f 2287 2095 2097
f 1026 2481 1029
f 1026 1029 1290
f 2481 2483 1029
f 2483 2481 2287
f 2285 2287 2481
f 1290 1029 1292
f 2095 2029 2097
f 2285 2095 2287
f 1952 1949 1554
f 1949 1952 1936
f 1936 1939 2031
f 1939 1936 1952
f 1554 1555 1952
f 2031 2097 2029
f 2289 2287 2097
f 2287 2289 2483
f 1033 1292 1029
f 2484 1033 2483
f 2484 2483 2289
f 1511 1292 1294
f 2289 2097 2100
f 1033 1029 2483
f 2097 2031 2100
f 2031 2029 1936
f 1949 1553 1554
f 1290 1292 1508
f 1863 1708 1865
f 1863 1865 2122
f 1708 1711 1865
f 1711 1708 1508
f 1506 1508 1708
f 2318 2122 2125
f 2543 2570 2550
f 2581 2543 2550
f 2318 2573 2570
f 24 195 21
f 2317 2318 2570
f 21 2581 24
f 2122 1865 2125
f 2317 2122 2318
f 2320 2573 2318
f 1711 1866 1865
f 2560 2550 2573
f 2318 2125 2320
f 1711 1508 1511
f 2573 2550 2570
f 2587 2581 2550
f 2581 2587 24
f 196 360 195
f 28 196 24
f 2587 28 24
f 360 196 361
f 2587 2550 2560
f 196 195 24
f 1711 1511 1712
f 1866 2125 1865
f 1508 1292 1511
f 360 532 359
f 1292 1033 1294
f 1506 1290 1508
f 2031 1939 2032
f 1952 1955 1939
f 1939 1942 2032
f 1942 1939 1955
f 1555 1556 1955
f 2032 2100 2031
f 1033 2484 1037
f 2484 2289 2291
f 1712 1866 1711
f 1712 1511 1515
f 1033 1037 1294
f 1511 1294 1515
f 2032 2102 2100
f 2289 2100 2291
f 2032 2033 2102
f 1958 1942 1955
f 2102 2291 2100
f 1942 2033 2032
f 1958 1955 1556
f 2487 2291 2292
f 1296 1294 1037
f 1294 1296 1515
f 1037 1039 1296
f 2487 1039 1037
f 1296 1517 1515
f 1515 1517 1713
f 2484 2487 1037
f 1515 1713 1712
f 2292 2291 2102
f 2487 2484 2291
f 1555 1203 1556
f 1712 1713 1867
f 2127 2125 1866
f 2125 2127 2320
f 2320 2323 2576
f 2323 2320 2127
f 1866 1867 2127
f 2576 2560 2573
f 2593 2587 2560
f 2587 2593 28
f 197 361 196
f 31 197 28
f 31 28 2593
f 361 197 362
f 2593 2560 2567
f 197 196 28
f 2560 2576 2567
f 2576 2573 2320
f 2129 2127 1867
f 2127 2129 2323
f 2323 2326 2578
f 2129 2326 2323
f 2129 1867 1868
f 2578 2567 2576
f 2602 2593 2567
f 2593 2602 31
f 198 362 197
f 33 198 31
f 2602 33 31
f 362 198 363
f 2602 2567 2575
f 198 197 31
f 2575 2567 2578
f 2578 2576 2323
f 1866 1712 1867
f 361 362 535
f 1868 1867 1713
f 1952 1555 1955
f 1554 1195 1555
f 360 361 533
f 1210 1559 1556
f 1946 1553 1949
f 2779 6781 6782
f 2017 6892 2784
f 3108 2783 2036
f 3108 3093 2017
f 6891 2017 3093
f 2017 6891 6892
f 6890 6891 3093
f 2783 3108 2017
f 6892 6893 2784
f 6781 2779 6780
f 3094 3109 6895
f 2779 6779 6780
f 3109 2784 6893
f 6894 6895 3109
f 2018 2784 3111
f 3095 2784 3109
f 8790 2018 8789
f 2018 2017 2784
f 3109 3094 3095
f 6893 6894 3109
f 3095 1884 2784
f 2779 6782 6783
f 2783 2017 2018
f 3114 3112 8793
f 3114 2036 3112
f 3112 8792 8793
f 3107 3112 3115
f 3115 3112 2036
f 3114 8793 8794
f 8826 8827 1210
f 1210 2801 1559
f 3113 8794 8795
f 1559 1958 1556
f 3113 3114 8794
f 3107 8792 3112
f 3107 2783 8790
f 8790 8791 3107
f 2783 2018 8790
f 3107 8791 8792
f 2801 8827 8828
f 8827 2801 1210
f 8828 8829 2801
f 1563 1559 2801
f 2783 3107 3115
f 2036 2783 3115
f 8829 1563 2801
f 3108 3091 3093
f 6778 3097 6777
f 3121 6897 3098
f 3094 1884 3095
f 3094 6896 3105
f 3094 3105 1884
f 3105 6896 6897
f 6897 3121 3105
f 3121 1884 3105
f 6897 6898 3098
f 6898 3120 3098
f 6898 6776 3120
f 3120 6776 3099
f 6776 3097 3096
f 1725 3101 6776
f 3099 6776 3101
f 3121 2670 3117
f 3098 3120 2670
f 3104 2915 2670
f 1706 3104 3099
f 2915 3104 8783
f 3104 2670 3099
f 3120 3099 2670
f 2670 3121 3098
f 3099 3101 1706
f 6776 6777 3097
f 6779 2778 6778
f 2915 2902 2670
f 3111 1884 3118
f 2018 3111 3110
f 3118 8787 3111
f 8787 3118 8786
f 1884 3119 3118
f 3111 8787 3110
f 8788 3110 8787
f 8788 8789 3110
f 2018 3110 8789
f 8830 8831 1563
f 2784 1884 3111
f 3119 3117 2902
f 3117 2670 2902
f 8784 2902 2915
f 1884 3121 3117
f 8785 2902 8784
f 8786 3119 8785
f 8831 8832 1567
f 3119 2902 8785
f 8786 3118 3119
f 8833 2802 1963
f 3117 3119 1884
f 8784 2915 8783
f 1563 8829 8830
f 3104 3122 8783
f 3094 6895 6896
f 6784 2772 6783
f 1567 8832 8833
f 1945 1942 1958
f 1942 1945 2033
f 2033 2034 2105
f 2034 2033 1945
f 1958 1960 1945
f 2105 2292 2102
f 2491 2487 2292
f 2487 2491 1039
f 1039 1042 1298
f 1042 1039 2491
f 2491 2292 2294
f 1298 1517 1296
f 2292 2105 2294
f 2105 2102 2033
f 1948 1945 1960
f 1945 1948 2034
f 1960 1962 1948
f 1962 1960 1563
f 1958 1559 1960
f 2107 2034 2035
f 2492 2491 2294
f 2491 2492 1042
f 2294 2295 2492
f 2295 2294 2107
f 1045 1042 2492
f 1042 1045 1299
f 2105 2107 2294
f 1042 1299 1298
f 2034 1948 2035
f 2107 2105 2034
f 1559 1563 1960
f 1298 1299 1520
f 1714 1713 1517
f 1713 1714 1868
f 1868 1869 2132
f 1869 1868 1714
f 1517 1520 1714
f 2132 2326 2129
f 2582 2578 2326
f 2575 2578 2582
f 199 198 33
f 363 198 199
f 2602 2610 33
f 2610 2602 2575
f 2132 2329 2326
f 2132 2129 1868
f 2132 2135 2329
f 1715 1869 1714
f 2329 2582 2326
f 1869 2135 2132
f 1715 1714 1520
f 2579 2582 2584
f 37 33 2610
f 33 37 199
f 2610 2618 37
f 2579 2618 2610
f 37 200 199
f 199 200 364
f 2575 2579 2610
f 199 364 363
f 2584 2582 2329
f 2579 2575 2582
f 1517 1298 1520
f 363 364 539
f 1521 1520 1299
f 1298 1296 1039
f 2107 2035 2110
f 1948 1950 2035
f 1962 1963 1950
f 1963 1962 1567
f 1962 1563 1567
f 2107 2110 2295
f 1300 1299 1045
f 2295 2494 2492
f 1521 1715 1520
f 1521 1299 1300
f 2492 2494 1045
f 1715 1521 1716
f 1950 2037 2035
f 1948 1962 1950
f 2035 2037 2110
f 1953 2037 1950
f 2110 2111 2297
f 2037 2111 2110
f 1953 1950 1963
f 2297 2494 2295
f 1047 1045 2494
f 1045 1047 1300
f 1525 1716 1521
f 1301 1525 1300
f 1047 1301 1300
f 1872 1716 1717
f 1047 2494 2496
f 1525 1521 1300
f 2496 2494 2297
f 2297 2295 2110
f 1567 8833 1963
f 1715 1716 1871
f 2331 2329 2135
f 2329 2331 2584
f 2135 2137 2331
f 2137 2135 1871
f 1869 1871 2135
f 2585 2584 2586
f 40 37 2618
f 37 40 200
f 2618 2626 40
f 2626 2618 2585
f 201 200 40
f 200 201 365
f 2579 2585 2618
f 200 365 364
f 2584 2331 2586
f 2585 2579 2584
f 2334 2331 2137
f 2331 2334 2586
f 2137 2139 2334
f 1872 2139 2137
f 2137 1871 1872
f 2591 2586 2589
f 43 40 2626
f 40 43 201
f 2626 2633 43
f 2591 2633 2626
f 43 202 201
f 201 202 366
f 2585 2591 2626
f 201 366 365
f 2589 2586 2334
f 2591 2585 2586
f 1871 1716 1872
f 365 366 543
f 1717 1716 1525
f 1871 1869 1715
f 1563 8831 1567
f 364 365 541
f 6778 2778 3097
f 362 363 537
f 3063 3058 701
f 360 359 195
f 2912 8618 2907
f 2907 8618 8619
f 2907 3029 2671
f 3029 2907 8619
f 2912 2907 2671
f 2911 8616 8617
f 2896 8617 3034
f 3034 8617 8618
f 8618 2912 3034
f 3034 2912 2684
f 2897 2912 2671
f 8620 3137 3066
f 3137 8620 8621
f 8621 3226 3137
f 3226 8621 8622
f 384 3137 3128
f 3029 3066 384
f 3029 8619 3066
f 8628 8629 3132
f 3132 2671 3133
f 384 3133 3029
f 3133 8628 3132
f 3066 3137 384
f 3133 2671 3029
f 3133 384 3134
f 3066 8619 8620
f 3132 2913 2671
f 3061 2911 2668
f 2911 3061 8616
f 2668 2896 3038
f 2896 2668 2911
f 8617 2896 2911
f 3061 2668 3060
f 8633 3062 3060
f 3062 701 3060
f 3033 3038 8632
f 3033 3060 2668
f 2668 3038 3033
f 3033 8633 3060
f 2896 2684 3038
f 3060 701 3061
f 3131 2684 2897
f 2684 2896 3034
f 2897 2913 8630
f 8629 2913 3132
f 2897 2684 2912
f 8629 8630 2913
f 8632 3036 8631
f 8632 3038 3036
f 8631 3131 8630
f 3131 8631 3036
f 8630 3131 2897
f 3036 2684 3131
f 3036 3038 2684
f 2671 2913 2897
f 8632 8633 3033
f 3128 3137 3226
f 3063 701 3062
f 3228 3226 3129
f 3129 8622 3227
f 3228 3227 3229
f 3230 3227 8622
f 8622 3130 3230
f 3129 3227 3228
f 3135 3134 384
f 384 3136 3135
f 3228 3136 3128
f 8625 3136 3228
f 3226 3228 3128
f 3135 3136 8626
f 3231 3227 3230
f 3129 3226 8622
f 3231 3127 3227
f 3231 3130 8624
f 8623 8624 3130
f 3130 8622 8623
f 3231 8624 3127
f 3135 8626 8627
f 8625 3228 3229
f 8626 3136 8625
f 3229 8624 8625
f 3229 3127 8624
f 3127 3229 3227
f 3130 3231 3230
f 3135 8627 3134
f 8628 3133 3134
f 8628 3134 8627
f 3139 8700 3138
f 842 8696 8697
f 8698 8699 3139
f 3139 8699 8700
f 8697 8698 2806
f 8698 3139 2806
f 8700 8701 3138
f 8702 3140 3125
f 3140 8702 8703
f 3140 8703 3144
f 3326 8703 3141
f 3144 8703 3326
f 3138 3125 2807
f 3138 8701 3125
f 2807 3144 3143
f 2807 3125 3140
f 8705 3143 3144
f 3145 2807 3142
f 3140 3144 2807
f 3139 3138 3150
f 3144 3326 3312
f 3125 8701 8702
f 3128 3136 384
f 3138 2807 3150
f 3063 3062 8634
f 3062 8633 8634
f 1282 8678 8679
f 1284 8680 8681
f 1284 8679 8680
f 8681 8682 2804
f 8686 8687 2803
f 8688 8689 1032
f 8687 8688 1032
f 2866 8683 8684
f 8686 2803 8685
f 2803 8687 1032
f 2803 1032 1289
f 8684 8685 2866
f 8682 8683 2804
f 1289 1032 1291
f 2866 8685 2803
f 8674 8675 2780
f 8676 8677 1282
f 8675 8676 2780
f 1516 2780 1519
f 1516 2781 2780
f 1519 1282 1522
f 1282 1519 2780
f 2780 8676 1282
f 1727 1516 1519
f 8678 1282 8677
f 8673 8674 2780
f 1284 2804 1287
f 1282 8679 1284
f 1287 2866 1289
f 2866 1287 2804
f 8681 2804 1284
f 1284 1287 1524
f 1730 1522 1524
f 1522 1284 1524
f 1526 1289 1529
f 1526 1524 1287
f 1291 1529 1289
f 2808 1526 1529
f 1289 1526 1287
f 2858 1524 1526
f 2866 2803 1289
f 1284 1522 1282
f 8683 2866 2804
f 1729 1519 1522
f 1032 8689 8690
f 3063 8634 8635
f 8692 8693 2805
f 2805 8694 842
f 8693 8694 2805
f 8690 8691 1036
f 1036 2805 1041
f 2805 1036 8691
f 8691 8692 2805
f 1036 1291 1032
f 8694 8695 842
f 844 842 2806
f 842 8695 8696
f 3139 844 2806
f 847 2807 3145
f 8697 2806 842
f 847 3150 2807
f 1041 1044 1295
f 1041 842 1044
f 844 847 1046
f 847 844 3150
f 8712 1046 8711
f 844 1046 1044
f 842 844 1044
f 1044 1046 1297
f 1046 847 8711
f 842 1041 2805
f 1036 1041 1293
f 1291 1293 1531
f 1291 1036 1293
f 1295 1297 1535
f 1295 1044 1297
f 1041 1295 1293
f 1293 1295 1533
f 2810 1531 1533
f 1531 1293 1533
f 1535 3178 3181
f 1535 1533 1295
f 3181 3178 1538
f 1533 1535 2811
f 3178 1535 1297
f 1529 1531 2809
f 1297 3152 3178
f 1291 1531 1529
f 8714 3152 8713
f 3152 1046 8713
f 3316 8715 3157
f 1297 1046 3152
f 3178 3153 1538
f 3178 8714 3153
f 3153 3316 3183
f 3153 8714 8715
f 3183 3316 3315
f 3153 3183 1538
f 8715 3316 3153
f 3186 3181 1538
f 8714 3178 3152
f 8712 8713 1046
f 3183 3185 1538
f 3151 847 3145
f 1036 1032 8690
f 844 3139 3150
f 3181 3180 1535
f 3143 3142 2807
f 3035 8616 3061
f 3144 3312 8705
f 3312 3141 8705
f 8704 8705 3141
f 3141 8703 8704
f 8705 8706 3143
f 8709 847 3151
f 3145 8707 3151
f 8706 8707 3142
f 3143 8706 3142
f 3151 8707 8708
f 3312 3326 3141
f 8726 8727 3275
f 3273 3275 3149
f 3147 3275 8727
f 8727 3261 3147
f 8726 3275 3273
f 3163 3279 3274
f 3274 8725 8726
f 3274 8726 3164
f 3259 3274 3164
f 3273 3164 8726
f 3279 8725 3274
f 3164 3273 3259
f 3151 8708 8709
f 3159 8724 3256
f 8724 3159 8723
f 3161 8723 3159
f 1050 3160 3161
f 3161 3160 8722
f 8723 3161 8722
f 8721 8722 3160
f 3161 3159 1050
f 8710 847 8709
f 3276 3167 3277
f 8724 8725 3167
f 3277 3278 3166
f 3279 3278 3277
f 3256 8724 3167
f 3276 3277 3166
f 3256 3162 3159
f 3162 3256 3257
f 8737 3165 3257
f 3257 3165 3162
f 3257 3256 3167
f 3276 8737 3257
f 3167 3276 3257
f 1050 3159 3162
f 3276 3166 8736
f 3277 3167 8725
f 3279 3277 8725
f 3162 3165 3168
f 3260 3275 3147
f 847 8710 8711
f 3269 8729 3148
f 8729 3269 8728
f 3271 3269 3148
f 3268 3148 8729
f 8729 3191 3268
f 3265 3269 3194
f 3146 3264 8727
f 3146 8728 3272
f 3266 3272 3265
f 3265 3272 8728
f 8728 3269 3265
f 3267 3146 3272
f 3271 3148 3268
f 3270 3271 3268
f 3270 3191 8731
f 8730 8731 3191
f 3268 3191 3270
f 3270 8731 3271
f 3266 3265 3194
f 3271 8731 3194
f 3193 3266 8732
f 3193 3272 3266
f 8732 3266 3194
f 3193 8732 3267
f 8731 8732 3194
f 3194 3269 3271
f 3191 8729 8730
f 3267 3272 3193
f 3260 3261 3262
f 3261 8727 3264
f 8735 3258 3149
f 3149 3275 3260
f 3261 3264 3263
f 3258 3273 3149
f 8736 3278 3163
f 3278 3279 3163
f 8737 8738 3165
f 3259 3273 3258
f 8735 3259 3258
f 3259 8735 3163
f 3274 3259 3163
f 3166 3278 8736
f 3149 3260 8734
f 3147 3261 3260
f 3192 3263 8733
f 3263 3192 3261
f 3267 8733 3263
f 8733 3267 8732
f 3264 3146 3263
f 3192 8733 3262
f 8736 8737 3276
f 3262 8734 3260
f 8735 8736 3163
f 3149 8734 8735
f 3262 8733 8734
f 3192 3262 3261
f 3146 3267 3263
f 8728 3146 8727
f 3168 3165 8738
f 3241 8715 8716
f 3291 8717 3288
f 8716 8717 3155
f 3246 3313 3155
f 3313 8716 3155
f 3155 3245 3290
f 3291 3245 8717
f 8717 3245 3155
f 3291 3187 3245
f 8717 8718 3154
f 8716 3313 3242
f 8719 3250 3156
f 3250 8719 3286
f 3251 8719 8720
f 8719 3251 3286
f 3253 3156 3250
f 3287 3288 3154
f 8717 3154 3288
f 3179 3247 3249
f 3154 8718 3247
f 3249 3247 8718
f 3249 3248 3179
f 3156 3249 8718
f 3288 3189 3291
f 3248 3249 3156
f 3156 8718 8719
f 3289 3154 3247
f 3243 3157 3241
f 3157 8715 3241
f 3241 3242 3188
f 3242 3313 3190
f 3241 8716 3242
f 3190 3314 3242
f 3243 8751 3315
f 3315 3316 3243
f 3188 8751 3243
f 3314 3188 3242
f 3243 3241 3188
f 3314 8750 3188
f 3314 3190 8750
f 3243 3316 3157
f 8747 8748 3189
f 3291 3244 3187
f 8747 3287 3289
f 3189 3288 3287
f 3244 3291 3189
f 3287 8747 3189
f 8749 3246 3290
f 3313 3246 3190
f 3187 3244 8748
f 3155 3290 3246
f 8748 3244 3189
f 3290 3187 8749
f 3290 3245 3187
f 3190 3246 8749
f 3289 3179 8747
f 3287 3154 3289
f 3247 3179 3289
f 3315 3182 3183
f 3250 3286 3171
f 3172 3255 8720
f 3172 8721 3281
f 3281 3280 3174
f 3280 3281 8721
f 3160 3280 8721
f 3254 3172 3281
f 3284 3158 3285
f 8720 3285 3158
f 3285 3255 3170
f 3172 3282 3255
f 3255 3285 8720
f 3254 3281 3174
f 3280 3322 3174
f 3158 3251 8720
f 1050 3177 3176
f 3177 1050 3168
f 3168 8739 3177
f 8739 3168 8738
f 1050 3162 3168
f 3177 8739 8740
f 3175 3322 3280
f 3322 3175 3173
f 8741 3173 3176
f 3176 3173 3175
f 8740 3176 3177
f 3322 3173 8742
f 3175 1050 3176
f 3322 8742 3174
f 3175 3280 3160
f 8740 8741 3176
f 3283 3171 3286
f 3286 3169 3283
f 8745 3283 3169
f 3284 3169 3251
f 3158 3284 3251
f 8745 3171 3283
f 8746 3179 3248
f 3179 8746 8747
f 3253 3171 8746
f 3248 3156 3253
f 8745 8746 3171
f 3253 8746 3248
f 3171 3253 3250
f 3169 3284 8744
f 3169 3286 3251
f 8743 3170 3282
f 3284 3285 3252
f 3282 3254 8743
f 3282 3172 3254
f 3255 3282 3170
f 8743 3174 8742
f 8744 3284 3252
f 3169 8744 8745
f 3170 8744 3252
f 3170 8743 8744
f 3174 8743 3254
f 3285 3170 3252
f 8741 8742 3173
f 3172 8720 8721
f 3175 3160 1050
f 3142 8707 3145
f 8748 8749 3187
f 1706 3103 3102
f 1706 3101 3103
f 3102 8781 3106
f 3103 8780 3102
f 1727 3103 3101
f 1706 3102 3106
f 8783 3122 8782
f 8782 3106 8781
f 3106 8782 3122
f 3122 1706 3106
f 3100 3103 1727
f 8833 8834 2802
f 2921 8780 3103
f 2921 3100 2782
f 2921 2782 8778
f 2782 3100 1727
f 1727 1729 2782
f 8778 2782 1729
f 8781 3102 8780
f 8778 8779 2921
f 8777 8778 1729
f 8780 2921 8779
f 1729 8776 8777
f 3103 3100 2921
f 1519 1729 1727
f 1965 1963 2802
f 1963 1965 1953
f 8835 1965 2802
f 1965 8835 8836
f 2802 8834 8835
f 2038 1953 1954
f 2299 2297 2111
f 2297 2299 2496
f 2111 2114 2299
f 2114 2111 2038
f 2037 2038 2111
f 2496 2299 2498
f 1953 1965 1954
f 2038 2037 1953
f 2039 2038 1954
f 1965 8837 1954
f 8837 8838 1954
f 1954 8838 1957
f 2299 2114 2300
f 2299 2300 2498
f 2116 2114 2039
f 1957 2039 1954
f 2040 2039 1957
f 2114 2116 2300
f 2038 2039 2114
f 2498 2300 2499
f 1957 8838 8839
f 8836 8837 1965
f 2496 2498 1048
f 3122 3104 1706
f 8775 1730 8774
f 1730 8775 8776
f 8773 8774 1730
f 1730 2672 8773
f 1957 8839 8840
f 8841 1957 8840
f 1957 8841 2040
f 1730 8776 1729
f 8771 2672 2858
f 2672 1524 2858
f 2858 2808 8769
f 8767 2808 8766
f 2672 1730 1524
f 8767 8768 2808
f 8771 8772 2672
f 8769 8770 2858
f 8768 8769 2808
f 8771 2858 8770
f 2672 8772 8773
f 1729 1522 1730
f 2119 2116 2040
f 2116 2039 2040
f 2040 8843 2673
f 8843 2040 8842
f 2040 8841 8842
f 2119 2040 2673
f 2499 2302 2502
f 2499 2300 2302
f 2304 2502 2302
f 2120 2304 2119
f 2502 2304 2503
f 2304 2302 2119
f 2302 2116 2119
f 2499 2502 1051
f 2119 2673 2120
f 2302 2300 2116
f 8844 8845 2673
f 2673 8845 2120
f 2120 8845 8846
f 2304 2120 2306
f 2304 2306 2503
f 2505 2306 2813
f 2812 2306 2120
f 2812 2813 2306
f 2306 2505 2503
f 2120 8846 2812
f 2503 2505 1053
f 8847 2812 8846
f 2673 8843 8844
f 2502 2503 1052
f 2808 2858 1526
f 2498 2499 1049
f 1301 1048 1302
f 1301 1047 1048
f 1718 1527 1530
f 1302 1527 1301
f 1048 1049 1302
f 1527 1717 1525
f 1873 1872 1717
f 1872 1873 2139
f 2139 1873 2141
f 1718 1873 1717
f 1717 1527 1718
f 1874 1873 1718
f 1527 1302 1530
f 1527 1525 1301
f 1718 1530 1719
f 1302 1303 1530
f 1532 1303 1304
f 1051 1303 1049
f 1049 2499 1051
f 1530 1303 1532
f 2141 1874 2143
f 2141 1873 1874
f 1875 1874 1719
f 1874 1718 1719
f 2343 2340 2143
f 1874 1875 2143
f 1530 1532 1719
f 2141 2143 2340
f 1303 1051 1304
f 1302 1049 1303
f 1048 2498 1049
f 2139 2141 2337
f 2589 2337 2592
f 2589 2334 2337
f 2643 2633 2598
f 2592 2598 2589
f 2337 2340 2592
f 2598 2633 2591
f 46 43 2633
f 43 46 202
f 202 203 367
f 46 203 202
f 46 2633 2643
f 202 367 366
f 2604 2598 2592
f 2598 2591 2589
f 2598 2604 2643
f 2592 2340 2595
f 2638 2604 2609
f 2604 2592 2595
f 2595 2340 2343
f 2643 2604 2638
f 203 49 204
f 46 49 203
f 203 204 368
f 52 204 49
f 2638 52 49
f 368 204 369
f 2643 2638 49
f 203 368 367
f 2609 2604 2595
f 49 46 2643
f 2337 2141 2340
f 367 368 545
f 1719 1532 1720
f 2337 2334 2139
f 1720 1875 1719
f 1532 1534 1720
f 1304 1305 1534
f 1305 1304 1052
f 1304 1051 1052
f 1876 1720 1721
f 2146 2143 1875
f 2143 2146 2343
f 2146 1876 2149
f 1876 2146 1875
f 1875 1720 1876
f 2347 2343 2146
f 1720 1534 1721
f 1532 1304 1534
f 1305 1053 1306
f 1053 1305 1052
f 1722 1537 1539
f 1306 1537 1305
f 1306 1053 1054
f 1537 1721 1534
f 1877 1876 1721
f 1876 1877 2149
f 2152 1877 1878
f 1722 1877 1721
f 1878 1877 1722
f 1877 2152 2149
f 1721 1537 1722
f 2347 2146 2149
f 1537 1306 1539
f 1537 1534 1305
f 1052 2503 1053
f 2350 2149 2152
f 2609 2597 2615
f 2609 2595 2597
f 2597 2600 2615
f 2600 2597 2347
f 2597 2343 2347
f 2609 2615 2645
f 205 204 52
f 204 205 369
f 55 205 52
f 2620 55 2645
f 205 55 207
f 55 52 2645
f 2638 2645 52
f 369 205 370
f 2645 2615 2620
f 2645 2638 2609
f 2600 2350 2603
f 2350 2600 2347
f 2624 2620 2622
f 2603 2622 2600
f 2603 2350 2354
f 2622 2620 2615
f 205 207 370
f 2620 58 55
f 371 207 209
f 207 55 58
f 58 209 207
f 207 371 370
f 58 2620 2624
f 370 371 548
f 2627 2622 2603
f 2615 2600 2622
f 2347 2149 2350
f 369 370 547
f 2350 2152 2354
f 2597 2595 2343
f 1051 2502 1052
f 368 369 546
f 1053 2505 1054
f 1048 1047 2496
f 8765 8766 2809
f 2809 8764 8765
f 8764 2809 8763
f 8766 2808 2809
f 2505 2813 2506
f 2812 8848 2813
f 8848 8849 2813
f 2813 8849 8850
f 2810 8760 8761
f 2810 1533 8760
f 2811 8759 8760
f 2809 1531 2810
f 8762 8763 2810
f 2810 8761 8762
f 2813 8850 2506
f 2810 8763 2809
f 2808 1529 2809
f 2506 8850 8851
f 1054 2506 1055
f 1054 2505 2506
f 1540 1539 1307
f 1055 1307 1054
f 2506 8852 1055
f 1307 1539 1306
f 1722 1539 1723
f 1722 1723 1878
f 1878 1879 2155
f 1723 1879 1878
f 1723 1539 1540
f 2155 2354 2152
f 1308 1307 1055
f 1306 1054 1307
f 8853 2815 1055
f 1308 2815 2814
f 8854 2815 8853
f 1308 1055 2815
f 1724 1723 1540
f 1723 1724 1879
f 1540 1542 1724
f 1308 1542 1540
f 1724 1880 1879
f 1879 1880 2157
f 1307 1308 1540
f 1879 2157 2155
f 8854 8855 2815
f 1055 8852 8853
f 2506 8851 8852
f 2155 2157 2359
f 8759 2811 8758
f 1878 2155 2152
f 3180 8756 8757
f 8756 3180 8755
f 8755 3180 3181
f 1535 3180 2811
f 2815 8855 8856
f 2811 8757 8758
f 8856 2814 2815
f 8755 3186 8754
f 8757 2811 3180
f 8752 3185 3182
f 3186 8755 3181
f 8751 3188 8750
f 3183 3182 3185
f 3182 3315 8751
f 8754 3184 8753
f 3184 8754 3186
f 3185 8753 3184
f 3185 8752 8753
f 3182 8751 8752
f 3184 3186 1538
f 3185 3184 1538
f 2814 8857 8858
f 8857 2814 8856
f 2814 8858 1543
f 1543 8858 8859
f 1726 1724 1542
f 1724 1726 1880
f 1881 1726 1728
f 1543 1726 1542
f 1543 1728 1726
f 1726 1881 1880
f 1542 2814 1543
f 2160 1880 1881
f 1543 8859 8860
f 1542 1308 2814
f 1728 8860 8861
f 8860 1728 1543
f 8861 8862 1728
f 1728 8862 1883
f 1883 8863 8864
f 8863 1883 8862
f 1883 8864 2166
f 2166 8864 8865
f 1881 1883 2163
f 1728 1883 1881
f 1880 2160 2157
f 8749 8750 3190
f 8865 8866 2166
f 2606 2627 2603
f 2606 2354 2359
f 2606 2359 2607
f 2359 2157 2360
f 2155 2359 2354
f 2607 2359 2360
f 2628 2624 2627
f 2624 2622 2627
f 2634 2607 2642
f 2634 2627 2606
f 2606 2607 2634
f 2634 2628 2627
f 2360 2611 2607
f 2354 2606 2603
f 2362 2611 2360
f 2362 2160 2163
f 2163 2364 2362
f 2364 2163 2166
f 2160 1881 2163
f 2362 2364 2613
f 2642 2611 2649
f 2642 2607 2611
f 2649 2613 2652
f 2613 2649 2611
f 2616 2652 2613
f 2632 2642 2649
f 2611 2362 2613
f 2630 2634 2642
f 2613 2364 2616
f 2360 2160 2362
f 2160 2360 2157
f 2637 2649 2652
f 60 2628 61
f 209 58 60
f 213 211 61
f 2630 61 2628
f 2628 2634 2630
f 60 61 211
f 209 373 371
f 373 209 211
f 211 375 373
f 213 375 211
f 209 60 211
f 373 375 551
f 61 2630 63
f 60 2624 2628
f 63 2632 64
f 63 213 61
f 216 64 65
f 2637 64 2632
f 2632 2649 2637
f 63 64 214
f 213 377 375
f 377 213 214
f 214 216 378
f 216 214 64
f 378 216 380
f 214 378 377
f 213 63 214
f 377 378 554
f 65 64 2637
f 63 2630 2632
f 2630 2642 2632
f 375 377 552
f 2637 2652 2641
f 60 58 2624
f 2652 2616 2636
f 2364 2365 2616
f 2616 2365 2619
f 8867 2365 2166
f 2166 8866 8867
f 8869 2619 2365
f 2641 2636 2646
f 2652 2636 2641
f 2636 2640 2646
f 2619 2640 2636
f 2616 2619 2636
f 2641 2646 68
f 8868 2365 8867
f 2641 65 2637
f 8869 8870 2619
f 8871 2619 8870
f 2640 2619 8871
f 2640 2647 2646
f 2647 2640 8873
f 8872 8873 2640
f 8873 8874 2647
f 2640 8871 8872
f 2647 8874 8875
f 8869 2365 8868
f 2646 2647 69
f 218 380 216
f 218 65 68
f 218 68 220
f 68 2646 69
f 2641 68 65
f 220 68 69
f 380 381 558
f 380 218 381
f 220 222 382
f 222 220 69
f 382 222 383
f 220 382 381
f 218 220 381
f 381 382 560
f 69 72 222
f 218 216 65
f 72 8875 8876
f 72 69 2647
f 8876 8877 72
f 72 8877 2827
f 2828 383 2827
f 383 222 2827
f 8878 8879 2827
f 8879 8880 2827
f 2827 8877 8878
f 2828 2827 8880
f 2827 222 72
f 72 2647 8875
f 382 383 561
f 2364 2166 2365
f 2163 1883 2166
f 378 380 556
f 2812 8847 8848
f 8760 1533 2811
f 371 373 549
f 1727 1725 1516
f 366 367 544
f 685 532 686
f 685 686 819
f 819 686 822
f 533 686 532
f 360 533 532
f 687 822 686
f 1238 999 1242
f 1238 994 999
f 999 1001 1242
f 1001 999 822
f 999 819 822
f 1238 1242 1455
f 686 533 687
f 994 819 999
f 687 535 688
f 535 687 533
f 826 688 691
f 537 688 535
f 362 537 535
f 687 688 824
f 1001 824 1005
f 1001 822 824
f 1247 1245 1005
f 1005 1245 1001
f 826 1005 824
f 1008 1247 1005
f 824 688 826
f 1001 1245 1242
f 688 537 691
f 824 822 687
f 361 535 533
f 1242 1245 1459
f 1636 1455 1642
f 1636 1451 1455
f 1798 1793 1642
f 1459 1642 1455
f 1242 1459 1455
f 1636 1642 1793
f 140 1793 141
f 140 1787 1793
f 293 141 295
f 141 293 140
f 141 1793 1798
f 293 429 291
f 1642 1459 1649
f 1787 1636 1793
f 1649 1462 1657
f 1462 1649 1459
f 1462 1464 1657
f 1464 1462 1247
f 1459 1245 1462
f 1649 1657 1803
f 144 141 1798
f 141 144 295
f 144 1803 147
f 1803 144 1798
f 1808 147 1803
f 295 144 297
f 1798 1649 1803
f 147 297 144
f 1803 1657 1808
f 1649 1798 1642
f 1247 1462 1245
f 293 295 434
f 1005 826 1008
f 1451 1238 1455
f 691 539 692
f 539 691 537
f 832 829 692
f 541 692 539
f 364 541 539
f 691 692 829
f 1008 829 1011
f 1008 826 829
f 1252 1250 1011
f 1011 1250 1008
f 1011 829 832
f 1250 1464 1247
f 692 541 694
f 829 826 691
f 694 543 696
f 543 694 541
f 834 696 697
f 544 696 543
f 366 544 543
f 694 696 833
f 832 1014 1011
f 1014 832 833
f 833 834 1016
f 834 833 696
f 1258 1016 1018
f 833 1016 1014
f 832 694 833
f 1252 1011 1014
f 696 544 697
f 694 832 692
f 365 543 541
f 1255 1014 1016
f 1662 1808 1657
f 1662 1464 1467
f 1668 1467 1469
f 1467 1464 1250
f 1250 1252 1467
f 1662 1467 1668
f 1808 150 147
f 150 1808 1812
f 153 1812 1815
f 1812 1808 1662
f 1815 1812 1668
f 1812 153 150
f 1662 1668 1812
f 301 147 150
f 1467 1252 1469
f 1662 1657 1464
f 1469 1255 1471
f 1255 1469 1252
f 1679 1471 1473
f 1258 1471 1255
f 1255 1016 1258
f 1469 1471 1674
f 1815 1674 1818
f 1815 1668 1674
f 1815 1818 155
f 1818 1674 1679
f 157 155 1818
f 310 155 157
f 1674 1471 1679
f 1815 155 153
f 1471 1258 1473
f 1674 1668 1469
f 1252 1014 1255
f 305 150 153
f 1016 834 1018
f 1250 1247 1008
f 363 539 537
f 307 153 155
f 605 429 610
f 605 610 731
f 731 610 732
f 434 610 429
f 293 434 429
f 615 732 610
f 1134 906 1139
f 1134 903 906
f 906 908 1139
f 908 906 732
f 906 731 732
f 1134 1139 1349
f 610 434 615
f 903 731 906
f 617 615 440
f 440 615 434
f 297 446 440
f 446 297 301
f 434 295 440
f 617 440 446
f 908 733 910
f 732 733 908
f 734 910 733
f 620 734 617
f 1152 910 913
f 734 733 617
f 615 617 733
f 1139 908 1146
f 617 446 620
f 733 732 615
f 297 440 295
f 1146 908 910
f 1600 1349 1605
f 1600 1342 1349
f 1800 1796 1605
f 1355 1605 1349
f 1139 1355 1349
f 1600 1605 1796
f 59 1796 66
f 59 1791 1796
f 228 227 66
f 66 227 59
f 66 1796 1800
f 227 404 226
f 1605 1355 1610
f 1791 1600 1796
f 1610 1800 1605
f 1355 1360 1610
f 1610 1360 1614
f 1152 1360 1146
f 1146 910 1152
f 1366 1614 1360
f 1800 70 66
f 70 1800 1804
f 73 1804 1807
f 1804 1800 1610
f 1807 1804 1614
f 1804 73 70
f 1610 1614 1804
f 228 66 70
f 1360 1152 1366
f 1355 1146 1360
f 1139 1146 1355
f 73 230 70
f 910 734 913
f 1342 1134 1349
f 452 446 301
f 446 452 620
f 621 452 456
f 305 452 301
f 301 150 305
f 620 452 621
f 913 736 916
f 734 736 913
f 736 738 916
f 738 736 621
f 620 621 736
f 913 916 1160
f 452 305 456
f 736 734 620
f 456 307 459
f 307 456 305
f 625 459 463
f 310 459 307
f 307 155 310
f 456 459 623
f 738 623 739
f 738 621 623
f 738 739 918
f 739 623 625
f 923 739 741
f 918 739 923
f 623 459 625
f 738 918 916
f 463 459 310
f 623 621 456
f 305 153 307
f 916 918 1167
f 1366 1160 1371
f 1366 1152 1160
f 1623 1371 1376
f 1167 1371 1160
f 916 1167 1160
f 1366 1371 1619
f 1807 1619 1810
f 1807 1614 1619
f 75 1810 78
f 1810 75 1807
f 1623 1810 1619
f 1810 1623 1814
f 1619 1371 1623
f 1807 75 73
f 1371 1167 1376
f 1619 1614 1366
f 1376 1173 1381
f 1376 1167 1173
f 1173 1178 1381
f 923 1178 1173
f 918 1173 1167
f 1376 1381 1627
f 78 1814 80
f 78 1810 1814
f 1817 80 1814
f 1632 1817 1627
f 80 1817 82
f 1817 1814 1627
f 1623 1627 1814
f 239 75 78
f 1632 1627 1381
f 1623 1376 1627
f 923 1173 918
f 235 73 75
f 741 739 625
f 1160 1152 913
f 297 147 301
f 80 244 78
f 1820 1818 1679
f 291 140 293
f 697 545 698
f 545 697 544
f 837 836 698
f 546 698 545
f 368 546 545
f 697 698 836
f 1018 836 1020
f 1018 834 836
f 1260 1020 1262
f 1020 1260 1018
f 1020 836 837
f 1260 1473 1258
f 698 546 699
f 1258 1018 1260
f 839 837 699
f 699 837 698
f 547 700 699
f 700 547 548
f 699 546 547
f 839 699 700
f 1262 1022 1264
f 1262 1020 1022
f 1023 1264 1022
f 841 1023 839
f 1478 1264 1265
f 1023 1022 839
f 1022 837 839
f 1262 1264 1477
f 839 700 841
f 1022 1020 837
f 369 547 546
f 1260 1262 1475
f 1820 157 1818
f 1679 1681 1820
f 1820 1681 1823
f 1475 1681 1473
f 1473 1260 1475
f 1683 1823 1681
f 312 463 310
f 312 157 159
f 312 159 315
f 159 157 1820
f 1820 1823 159
f 161 159 1823
f 1681 1475 1683
f 1473 1681 1679
f 1683 1477 1685
f 1477 1683 1475
f 1829 1826 1685
f 1478 1685 1477
f 1477 1264 1478
f 1683 1685 1826
f 315 161 317
f 315 159 161
f 163 317 161
f 1829 163 1826
f 317 163 319
f 163 161 1826
f 1823 1826 161
f 315 317 469
f 1685 1478 1687
f 1823 1683 1826
f 1475 1262 1477
f 312 315 467
f 1264 1023 1265
f 834 697 836
f 1023 841 1025
f 700 702 841
f 841 702 843
f 549 702 548
f 371 549 548
f 703 843 702
f 1265 1025 1266
f 1265 1023 1025
f 1025 1027 1266
f 1027 1025 843
f 1025 841 843
f 1265 1266 1480
f 702 549 703
f 1478 1265 1480
f 703 551 704
f 551 703 549
f 848 704 705
f 552 704 551
f 375 552 551
f 703 704 845
f 1027 845 1028
f 1027 843 845
f 1269 1268 1028
f 1028 1268 1027
f 848 1028 845
f 1030 1269 1028
f 845 704 848
f 1027 1268 1266
f 704 552 705
f 845 843 703
f 373 551 549
f 1266 1268 1481
f 1831 1829 1687
f 1829 1685 1687
f 1480 1688 1687
f 1688 1480 1481
f 1478 1480 1687
f 1831 1687 1688
f 319 164 321
f 319 163 164
f 166 321 164
f 1834 166 1831
f 322 321 166
f 166 164 1831
f 164 1829 1831
f 319 321 475
f 1831 1688 1834
f 164 163 1829
f 1690 1834 1688
f 1690 1481 1484
f 1691 1484 1485
f 1484 1481 1268
f 1480 1266 1481
f 1690 1484 1691
f 1834 168 166
f 168 1834 1836
f 169 1836 1839
f 1836 1834 1690
f 1839 1836 1691
f 1836 169 168
f 1690 1691 1836
f 322 166 168
f 1484 1269 1485
f 1690 1688 1481
f 1269 1484 1268
f 325 168 169
f 1028 848 1030
f 700 548 702
f 370 548 547
f 317 319 472
f 626 741 625
f 626 463 467
f 467 627 626
f 627 467 469
f 312 467 463
f 626 627 742
f 927 923 741
f 923 927 1178
f 1183 1178 927
f 742 927 741
f 741 626 742
f 930 927 742
f 627 743 742
f 626 625 463
f 629 743 627
f 629 469 472
f 472 630 629
f 630 472 475
f 317 472 469
f 629 630 745
f 930 743 933
f 930 742 743
f 933 745 935
f 745 933 743
f 746 935 745
f 1187 930 933
f 743 629 745
f 1183 927 930
f 745 630 746
f 627 469 629
f 315 469 467
f 1190 933 935
f 1634 1632 1387
f 1632 1381 1387
f 1183 1392 1387
f 1392 1183 1187
f 1387 1178 1183
f 1634 1387 1392
f 82 1821 85
f 82 1817 1821
f 1821 1824 85
f 1634 1824 1821
f 1821 1632 1634
f 247 80 82
f 1634 1392 1637
f 1821 1817 1632
f 1637 1824 1634
f 1392 1396 1637
f 1637 1396 1640
f 1190 1396 1187
f 1187 933 1190
f 1400 1640 1396
f 1824 87 85
f 87 1824 1827
f 90 1827 1830
f 1827 1824 1637
f 1640 1830 1827
f 1827 90 87
f 1637 1640 1827
f 255 85 87
f 1400 1396 1190
f 1392 1187 1396
f 1183 930 1187
f 251 82 85
f 1193 1190 935
f 1387 1381 1178
f 632 746 630
f 632 475 478
f 634 632 478
f 478 475 321
f 472 319 475
f 747 632 634
f 1193 1400 1190
f 935 938 1193
f 1196 1193 938
f 747 938 746
f 746 632 747
f 941 938 747
f 478 322 480
f 935 746 938
f 636 634 480
f 480 634 478
f 325 483 480
f 327 483 325
f 480 322 325
f 636 480 483
f 941 751 944
f 747 751 941
f 753 944 751
f 639 753 636
f 1202 944 947
f 753 751 636
f 634 636 751
f 1196 938 941
f 636 483 639
f 751 747 634
f 322 168 325
f 1199 941 944
f 1643 1830 1640
f 1643 1400 1405
f 1643 1405 1645
f 1405 1400 1193
f 1193 1196 1405
f 1410 1645 1405
f 1830 92 90
f 92 1830 1832
f 95 1832 1835
f 1832 1830 1643
f 1835 1832 1645
f 1832 95 92
f 1643 1645 1832
f 260 90 92
f 1405 1196 1410
f 1643 1640 1400
f 1410 1199 1415
f 1199 1410 1196
f 1650 1415 1419
f 1202 1415 1199
f 1199 944 1202
f 1410 1415 1647
f 1835 1647 1837
f 1835 1645 1647
f 268 97 98
f 1837 97 1835
f 1650 1837 1647
f 98 97 1837
f 1647 1415 1650
f 1835 97 95
f 1415 1202 1419
f 1647 1645 1410
f 1196 941 1199
f 263 92 95
f 944 753 947
f 630 475 632
f 322 478 321
f 258 87 90
f 325 169 327
f 312 310 157
f 367 545 544
f 266 95 97
f 602 831 598
f 602 404 407
f 606 407 410
f 407 404 227
f 227 228 407
f 602 407 606
f 62 243 56
f 62 831 835
f 62 835 67
f 835 831 602
f 602 606 835
f 838 835 606
f 407 228 410
f 598 404 602
f 410 230 412
f 230 410 228
f 613 609 412
f 235 412 230
f 230 73 235
f 410 412 609
f 67 838 71
f 67 835 838
f 840 71 838
f 613 840 609
f 252 71 74
f 840 838 609
f 606 609 838
f 67 71 249
f 71 840 74
f 606 410 609
f 228 70 230
f 62 67 246
f 442 243 448
f 442 448 1060
f 1062 448 451
f 246 448 243
f 243 62 246
f 1060 448 1062
f 15 1321 18
f 15 1318 1321
f 1321 1323 18
f 1323 1321 1062
f 1321 1060 1062
f 15 18 2394
f 448 246 451
f 1318 1060 1321
f 451 249 455
f 249 451 246
f 1065 455 458
f 252 455 249
f 249 71 252
f 451 455 1064
f 1323 1064 1325
f 1323 1062 1064
f 26 22 1325
f 1325 22 1323
f 1065 1325 1064
f 1325 1065 1327
f 1064 455 1065
f 1323 22 18
f 458 455 252
f 1064 1062 451
f 246 67 249
f 18 22 2397
f 235 415 412
f 56 831 62
f 616 613 415
f 415 613 412
f 239 417 415
f 417 239 244
f 415 235 239
f 616 415 417
f 74 846 76
f 74 840 846
f 846 850 76
f 616 850 846
f 846 613 616
f 74 76 254
f 616 417 618
f 846 840 613
f 421 618 417
f 421 244 247
f 247 424 421
f 424 247 251
f 244 80 247
f 421 424 619
f 850 618 853
f 850 616 618
f 853 619 856
f 619 853 618
f 622 856 619
f 77 850 853
f 618 421 619
f 76 850 77
f 619 424 622
f 417 244 421
f 239 78 244
f 79 853 856
f 464 458 254
f 458 252 254
f 470 464 257
f 257 254 76
f 76 77 257
f 464 254 257
f 1327 1067 1329
f 1327 1065 1067
f 1068 1329 1067
f 470 1068 464
f 1329 1068 1331
f 1068 1067 464
f 1067 458 464
f 26 1325 1327
f 257 77 261
f 1067 1065 458
f 476 470 261
f 261 470 257
f 79 265 261
f 81 265 79
f 261 77 79
f 476 261 265
f 1331 1070 1333
f 1331 1068 1070
f 1073 1333 1070
f 479 1073 476
f 550 1333 1336
f 1073 1070 476
f 1070 470 476
f 35 1329 1331
f 476 265 479
f 1070 1068 470
f 77 853 79
f 29 1327 1329
f 79 856 81
f 254 252 74
f 235 75 239
f 42 1331 1333
f 2588 2394 2590
f 2588 2391 2394
f 2158 2590 2594
f 2397 2590 2394
f 18 2397 2394
f 2588 2590 2154
f 8101 8102 2154
f 8102 8103 2154
f 2867 2822 2158
f 2158 2822 2154
f 2154 2590 2158
f 8101 2154 2822
f 2590 2397 2594
f 2154 8103 2588
f 2401 26 2403
f 2401 2397 22
f 2599 2403 2406
f 29 2403 26
f 26 1327 29
f 2401 2403 2596
f 2594 2161 2158
f 2161 2594 2596
f 2596 2599 2164
f 2599 2596 2403
f 2104 2101 2164
f 2596 2164 2161
f 2594 2401 2596
f 2098 2158 2161
f 2403 29 2406
f 2401 2594 2397
f 26 2401 22
f 2101 2161 2164
f 8101 2822 8100
f 2822 8099 8100
f 2822 2867 8099
f 2098 2867 2158
f 8097 2867 2098
f 8099 2867 8098
f 8097 8098 2867
f 8096 8097 2098
f 2098 2319 8096
f 8094 8095 2319
f 8095 8096 2319
f 2101 2321 2319
f 2104 2321 2101
f 2098 2101 2319
f 8093 2319 2321
f 8094 2319 8093
f 8092 1071 8091
f 8093 2321 8092
f 1071 8090 8091
f 2321 1071 8092
f 2161 2101 2098
f 2167 2164 2599
f 2406 35 2408
f 35 2406 29
f 2169 2167 2601
f 2408 2601 2406
f 35 42 2408
f 2601 2167 2599
f 2104 2167 2106
f 2104 2164 2167
f 2325 2324 2106
f 2106 2324 2104
f 2106 2167 2169
f 2324 1071 2321
f 2601 2408 2605
f 2599 2406 2601
f 2605 2169 2601
f 2408 2411 2605
f 2605 2411 2608
f 550 2411 42
f 42 1333 550
f 2413 2608 2411
f 2169 2109 2106
f 2109 2169 2171
f 2112 2171 2172
f 2171 2169 2605
f 2172 2171 2608
f 2171 2112 2109
f 2605 2608 2171
f 2325 2106 2109
f 2411 550 2413
f 2408 42 2411
f 35 1331 42
f 2328 2109 2112
f 8088 1071 1072
f 1071 2324 1072
f 1072 1075 2823
f 1075 1072 2325
f 2324 2325 1072
f 8087 1072 2823
f 8089 1071 8088
f 8087 8088 1072
f 8087 2823 8086
f 8085 8086 2823
f 2823 8084 8085
f 1071 8089 8090
f 1075 2328 1077
f 2328 1075 2325
f 2825 1385 1389
f 1077 1385 1075
f 1077 2328 2330
f 1385 8084 2823
f 8084 1385 8083
f 8082 2825 8081
f 8082 8083 1385
f 8081 2825 8080
f 2825 8082 1385
f 1385 1077 1389
f 1385 2823 1075
f 2325 2109 2328
f 2328 2112 2330
f 2324 2321 2104
f 29 1329 35
f 1333 1073 1336
f 2391 15 2394
f 856 622 858
f 424 427 622
f 624 427 430
f 255 427 251
f 251 85 255
f 622 427 624
f 269 81 84
f 81 856 858
f 859 858 624
f 81 858 84
f 858 622 624
f 269 479 265
f 427 255 430
f 265 81 269
f 430 258 433
f 258 430 255
f 631 628 433
f 260 433 258
f 258 90 260
f 430 433 628
f 84 859 89
f 84 858 859
f 860 89 859
f 631 860 628
f 277 89 94
f 860 859 628
f 624 628 859
f 269 84 273
f 89 860 94
f 624 430 628
f 255 87 258
f 273 84 89
f 550 1336 553
f 1073 1076 1336
f 1336 1076 1339
f 485 1076 479
f 269 485 479
f 1078 1339 1076
f 2413 553 2415
f 550 553 2413
f 553 555 2415
f 555 553 1339
f 1336 1339 553
f 2413 2415 2612
f 1076 485 1078
f 2608 2413 2612
f 490 485 273
f 485 490 1078
f 1083 490 493
f 277 490 273
f 273 89 277
f 1078 490 1083
f 555 1343 557
f 555 1339 1343
f 555 557 2418
f 1346 557 1343
f 1083 1346 1343
f 2418 557 2420
f 1343 1078 1083
f 555 2418 2415
f 493 490 277
f 1343 1339 1078
f 269 273 485
f 2415 2418 2614
f 433 260 435
f 1073 479 1076
f 633 631 435
f 435 631 433
f 263 438 435
f 438 263 266
f 435 260 263
f 633 435 438
f 94 861 100
f 94 860 861
f 861 862 100
f 633 862 861
f 861 631 633
f 94 100 281
f 633 438 635
f 861 860 631
f 635 862 633
f 438 441 635
f 638 441 443
f 268 441 266
f 266 97 268
f 635 441 638
f 862 104 100
f 104 862 749
f 108 749 752
f 749 862 635
f 752 749 638
f 749 108 104
f 635 638 749
f 104 108 290
f 441 268 443
f 438 266 441
f 263 95 266
f 100 104 285
f 493 281 497
f 493 277 281
f 1092 1088 497
f 285 497 281
f 281 100 285
f 493 497 1088
f 559 557 1346
f 557 559 2420
f 1350 559 1346
f 1092 1350 1088
f 559 1350 562
f 1350 1346 1088
f 1083 1088 1346
f 2423 2420 559
f 497 285 502
f 1088 1083 493
f 1097 1092 502
f 1092 497 502
f 290 507 502
f 292 507 290
f 285 290 502
f 1097 502 507
f 562 1353 564
f 562 1350 1353
f 1357 564 1353
f 1104 1357 1097
f 2429 564 565
f 1357 1353 1097
f 1353 1092 1097
f 2423 559 562
f 1097 507 1104
f 1353 1350 1092
f 285 104 290
f 2425 562 564
f 290 108 292
f 281 277 94
f 260 92 263
f 2418 2420 2617
f 2172 2612 2174
f 2172 2608 2612
f 2118 2115 2174
f 2614 2174 2612
f 2415 2614 2612
f 2172 2174 2115
f 2330 2115 2332
f 2330 2112 2115
f 1080 2332 1082
f 2332 1080 2330
f 2332 2115 2118
f 1080 1389 1077
f 2174 2614 2175
f 1077 2330 1080
f 2121 2118 2175
f 2118 2174 2175
f 2617 2177 2175
f 2177 2617 2621
f 2614 2617 2175
f 2121 2175 2177
f 1082 2333 1085
f 1082 2332 2333
f 2336 1085 2333
f 2123 2336 2121
f 1403 1085 1089
f 2336 2333 2121
f 2333 2118 2121
f 1082 1085 1398
f 1089 1085 2336
f 2333 2332 2118
f 2418 2617 2614
f 1080 1082 1393
f 2825 2824 8080
f 2825 1389 2824
f 8077 2824 1651
f 1393 2824 1389
f 1389 1080 1393
f 8080 2824 8079
f 8079 2824 8078
f 8077 8078 2824
f 1651 8076 8077
f 1651 2824 1393
f 1651 1398 1654
f 1398 1651 1393
f 1656 8072 1654
f 1403 1654 1398
f 1398 1085 1403
f 1651 1654 8074
f 8075 1651 8074
f 8073 8074 1654
f 1654 8072 8073
f 8072 1656 8071
f 1656 1654 1403
f 1651 8075 8076
f 1393 1082 1398
f 2123 2121 2177
f 2172 2115 2112
f 2621 2423 2623
f 2621 2617 2420
f 2124 2178 2180
f 2623 2178 2621
f 2423 2425 2623
f 2178 2123 2177
f 2339 2336 2123
f 2336 2339 1089
f 2339 2124 2342
f 2124 2339 2123
f 2123 2178 2124
f 1089 2339 1091
f 2178 2623 2180
f 2178 2177 2621
f 2124 2180 2126
f 2623 2625 2180
f 2183 2625 2629
f 2429 2625 2425
f 2425 564 2429
f 2180 2625 2183
f 1095 1091 2342
f 1091 2339 2342
f 2345 2126 2128
f 2183 2126 2180
f 2345 1098 1095
f 2126 2345 2342
f 2124 2126 2342
f 1095 2342 2345
f 2128 2126 2183
f 2623 2425 2625
f 2423 562 2425
f 1089 1091 1407
f 1656 1407 1660
f 1656 1403 1407
f 8067 1660 2838
f 1413 1660 1407
f 1091 1413 1407
f 1656 1660 2826
f 8069 8070 2826
f 1660 8068 2826
f 8068 1660 8067
f 2826 8068 8069
f 8070 1656 2826
f 1660 1413 1663
f 1656 8070 8071
f 1660 1663 2838
f 1413 1095 1418
f 2837 1663 1667
f 1663 1413 1418
f 1418 1095 1098
f 2838 1663 8065
f 8066 2838 8065
f 8064 2837 8063
f 2837 8064 8065
f 8062 8063 2837
f 1663 2837 8065
f 1418 1667 1663
f 2838 8066 8067
f 1091 1095 1413
f 565 564 1357
f 1407 1403 1089
f 2621 2420 2423
f 2625 2429 2629
f 424 251 427
f 247 82 251
f 1837 1650 1840
f 226 59 227
f 705 554 706
f 554 705 552
f 1031 849 851
f 706 849 705
f 554 556 706
f 849 1030 848
f 1691 1485 1692
f 1269 1272 1485
f 1272 1031 1273
f 1031 1272 1030
f 1030 849 1031
f 1485 1272 1488
f 849 706 851
f 1269 1030 1272
f 1031 851 1034
f 706 707 851
f 851 707 852
f 558 707 556
f 380 558 556
f 708 852 707
f 1488 1273 1490
f 1272 1273 1488
f 1275 1273 1034
f 852 1034 851
f 1696 1694 1490
f 1273 1275 1490
f 1034 1273 1031
f 1488 1490 1694
f 707 558 708
f 706 556 707
f 378 556 554
f 1485 1488 1692
f 1839 1692 1841
f 1839 1691 1692
f 329 327 171
f 1841 171 1839
f 1692 1694 1841
f 171 327 169
f 753 639 755
f 483 486 639
f 639 641 755
f 486 641 639
f 486 327 329
f 755 947 753
f 172 171 1841
f 483 327 486
f 171 172 329
f 1841 1694 1844
f 329 172 331
f 172 1841 1844
f 1844 1694 1696
f 173 331 172
f 641 488 643
f 641 486 488
f 641 643 759
f 491 643 488
f 331 491 488
f 759 643 761
f 488 329 331
f 641 759 755
f 173 172 1844
f 488 486 329
f 1692 1488 1694
f 755 759 949
f 1034 852 1035
f 169 1839 171
f 1035 1275 1034
f 852 854 1035
f 708 709 854
f 709 708 560
f 708 558 560
f 1276 1035 1038
f 1492 1490 1275
f 1490 1492 1696
f 1492 1276 1494
f 1276 1492 1275
f 1275 1035 1276
f 1697 1696 1492
f 1035 854 1038
f 852 708 854
f 709 561 710
f 561 709 560
f 1040 855 857
f 710 855 709
f 561 563 710
f 855 1038 854
f 1278 1276 1038
f 1276 1278 1494
f 1496 1278 1279
f 1040 1278 1038
f 1279 1278 1040
f 1278 1496 1494
f 1038 855 1040
f 1697 1492 1494
f 855 710 857
f 855 854 709
f 382 561 560
f 1698 1494 1496
f 173 1847 175
f 1844 1847 173
f 1847 1848 175
f 1848 1847 1697
f 1696 1697 1847
f 173 175 334
f 646 643 491
f 643 646 761
f 494 646 491
f 337 494 334
f 764 761 646
f 494 491 334
f 331 334 491
f 649 646 494
f 334 175 337
f 334 331 173
f 1848 1698 1851
f 1698 1848 1697
f 339 176 177
f 1851 176 1848
f 1851 1698 1700
f 176 337 175
f 498 494 337
f 494 498 649
f 652 498 500
f 339 498 337
f 500 498 339
f 498 652 649
f 337 176 339
f 764 646 649
f 176 1851 177
f 176 175 1848
f 1697 1494 1698
f 767 649 652
f 1698 1496 1700
f 1847 1844 1696
f 381 560 558
f 759 761 951
f 1650 1419 1653
f 1202 1206 1419
f 1419 1424 1653
f 1424 1419 1206
f 947 949 1206
f 1653 1840 1650
f 98 1840 99
f 98 1837 1840
f 272 270 99
f 99 270 98
f 99 1840 1842
f 270 443 268
f 1840 1653 1842
f 947 1206 1202
f 1208 1206 949
f 1206 1208 1424
f 1429 1208 1212
f 951 1208 949
f 759 951 949
f 1424 1208 1429
f 1842 1655 1843
f 1842 1653 1655
f 1842 1843 102
f 1659 1843 1655
f 1659 1655 1429
f 274 102 103
f 1655 1424 1429
f 1842 102 99
f 1208 951 1212
f 1655 1653 1424
f 755 949 947
f 272 99 102
f 642 638 443
f 638 642 752
f 757 642 645
f 444 642 443
f 270 444 443
f 752 642 757
f 292 111 294
f 292 108 111
f 111 113 294
f 113 111 757
f 111 752 757
f 292 294 511
f 642 444 645
f 111 108 752
f 447 444 272
f 444 447 645
f 648 447 449
f 274 447 272
f 272 102 274
f 645 447 648
f 113 760 116
f 113 757 760
f 113 116 296
f 763 116 760
f 763 760 648
f 296 116 298
f 760 645 648
f 113 296 294
f 447 274 449
f 760 757 645
f 270 272 444
f 294 296 515
f 102 1843 103
f 270 268 98
f 1212 954 1215
f 954 1212 951
f 954 956 1215
f 956 954 764
f 951 761 954
f 1212 1215 1432
f 1659 1432 1661
f 1659 1429 1432
f 1846 1661 1849
f 1661 1846 1659
f 1661 1432 1436
f 1846 103 1843
f 1432 1215 1436
f 1432 1429 1212
f 956 767 958
f 767 956 764
f 1439 1217 1219
f 958 1217 956
f 958 767 771
f 1217 1436 1215
f 1665 1661 1436
f 1661 1665 1849
f 1852 1665 1666
f 1439 1665 1436
f 1666 1665 1439
f 1665 1852 1849
f 1436 1217 1439
f 1849 1852 107
f 1217 958 1219
f 1217 1215 956
f 764 649 767
f 1846 1849 105
f 276 274 103
f 274 276 449
f 449 276 450
f 105 276 103
f 103 1846 105
f 278 450 276
f 119 116 763
f 116 119 298
f 766 763 651
f 763 648 651
f 654 651 450
f 763 766 119
f 449 450 651
f 298 119 303
f 276 105 278
f 651 648 449
f 654 766 651
f 450 454 654
f 278 280 454
f 107 280 278
f 278 105 107
f 770 654 657
f 121 119 766
f 119 121 303
f 308 121 123
f 770 121 766
f 770 123 121
f 121 308 303
f 766 654 770
f 303 308 866
f 657 654 454
f 450 278 454
f 105 1849 107
f 298 303 521
f 1852 109 107
f 1846 1843 1659
f 954 761 764
f 296 298 518
f 767 652 771
f 848 705 849
f 1040 857 1043
f 710 711 857
f 563 8883 711
f 8882 563 2828
f 561 383 563
f 857 711 2829
f 1498 1279 1281
f 1040 1043 1279
f 2678 1043 2829
f 1279 1043 1281
f 857 2829 1043
f 1498 1700 1496
f 711 8885 2829
f 1496 1279 1498
f 8882 8883 563
f 8883 8884 711
f 8884 8885 711
f 2830 1281 8891
f 1043 2678 1281
f 8890 1281 2678
f 8888 2678 2829
f 2868 2830 8892
f 8886 2829 8885
f 1281 2830 1498
f 2828 8881 8882
f 552 377 554
f 1498 2830 2868
f 339 177 342
f 1851 1853 177
f 177 179 342
f 179 177 1853
f 1700 1701 1853
f 342 500 339
f 958 771 960
f 652 653 771
f 773 771 653
f 960 1219 958
f 653 500 503
f 1439 1219 1443
f 500 342 503
f 652 500 653
f 343 503 342
f 1853 1855 179
f 1701 8895 1855
f 2868 8894 1701
f 1700 1498 1701
f 343 342 179
f 1221 1219 960
f 1219 1221 1443
f 773 960 771
f 503 656 653
f 773 963 960
f 960 963 1221
f 653 656 773
f 1443 1221 1446
f 1855 2831 179
f 1853 1701 1855
f 1498 2868 1701
f 1443 1666 1439
f 2829 8886 8887
f 1851 1700 1853
f 8888 8889 2678
f 8889 8890 2678
f 8890 8891 1281
f 8899 343 2831
f 343 179 2831
f 8893 2868 8892
f 8891 8892 2830
f 2868 8893 8894
f 2829 8887 8888
f 8896 1855 8895
f 1855 8896 8897
f 8897 2831 1855
f 8898 2831 8897
f 8900 8901 343
f 8900 343 8899
f 8899 2831 8898
f 8895 1701 8894
f 343 8901 2679
f 8903 656 2679
f 656 503 2679
f 2869 2832 8905
f 656 8904 2832
f 2679 8901 8902
f 2869 773 2832
f 1224 1221 963
f 1221 1224 1446
f 963 2869 8907
f 2833 1224 8909
f 1224 2833 1446
f 963 8907 1224
f 773 2869 963
f 1675 1446 2833
f 8903 2679 8902
f 2832 773 656
f 8903 8904 656
f 8905 8906 2869
f 8904 8905 2832
f 8907 8908 1224
f 8910 8911 2833
f 8909 8910 2833
f 8908 8909 1224
f 8906 8907 2869
f 1443 1446 1671
f 2679 503 343
f 8911 1675 2833
f 109 280 107
f 1852 1854 109
f 112 1854 1857
f 1671 1854 1666
f 1443 1671 1666
f 109 1854 112
f 457 657 454
f 457 280 283
f 457 283 460
f 283 280 109
f 109 112 283
f 286 283 112
f 1854 1671 1857
f 1666 1854 1852
f 1857 1675 1858
f 1675 1857 1671
f 117 1858 8915
f 1675 8913 1858
f 1671 1446 1675
f 1857 1858 114
f 465 460 286
f 460 283 286
f 114 117 288
f 117 114 1858
f 468 288 2834
f 114 288 286
f 112 114 286
f 465 286 288
f 8913 1675 8912
f 112 1857 114
f 8912 1675 8911
f 457 460 659
f 774 123 770
f 774 657 659
f 659 776 774
f 776 659 661
f 457 659 657
f 774 776 124
f 123 313 308
f 313 123 124
f 124 318 313
f 126 318 124
f 123 774 124
f 313 318 876
f 124 776 126
f 774 770 657
f 661 465 663
f 661 659 460
f 781 663 665
f 468 663 465
f 465 288 468
f 661 663 778
f 126 778 127
f 126 776 778
f 324 127 328
f 127 324 126
f 781 127 778
f 127 781 129
f 778 663 781
f 126 324 318
f 663 468 665
f 778 776 661
f 465 661 460
f 318 324 879
f 288 117 2834
f 457 454 280
f 8915 1858 8914
f 8917 117 8916
f 8916 117 8915
f 781 665 783
f 468 2835 665
f 8918 2834 8917
f 2834 8919 2835
f 117 8917 2834
f 665 2835 2836
f 468 2834 2835
f 8920 2835 8919
f 8921 2836 2835
f 8921 2835 8920
f 2836 8922 8923
f 8922 2836 8921
f 785 8923 8924
f 2836 8923 785
f 665 2836 783
f 8919 2834 8918
f 8925 785 8924
f 131 129 783
f 129 781 783
f 131 783 785
f 132 8925 8926
f 783 2836 785
f 785 8925 132
f 328 332 884
f 328 129 332
f 335 131 132
f 132 131 785
f 8927 2843 132
f 131 335 332
f 129 131 332
f 2843 338 132
f 132 8926 8927
f 328 127 129
f 8927 8928 2843
f 8929 8930 2843
f 8928 8929 2843
f 340 8930 8931
f 8934 2680 8933
f 340 8932 8933
f 340 8931 8932
f 2843 8930 340
f 2680 8934 8935
f 1858 8913 8914
f 324 328 881
f 710 563 711
f 563 383 2828
f 308 313 872
f 1104 511 1109
f 1104 507 511
f 1367 1109 1114
f 515 1109 511
f 294 515 511
f 1104 1109 1362
f 565 1362 566
f 565 1357 1362
f 567 566 1367
f 1367 566 1362
f 1362 1109 1367
f 565 566 2431
f 1109 515 1114
f 1362 1357 1104
f 1119 1114 518
f 518 1114 515
f 1119 518 521
f 521 303 866
f 298 521 518
f 1125 521 866
f 1370 1119 1374
f 1119 1370 1114
f 1374 1125 1379
f 1125 1374 1119
f 1129 1379 1125
f 568 1370 1374
f 1119 521 1125
f 567 1367 1370
f 1125 866 1129
f 1114 1370 1367
f 296 518 515
f 569 1374 1379
f 2631 2629 2431
f 2629 2429 2431
f 2635 2434 2437
f 2434 2431 566
f 566 567 2434
f 2631 2431 2434
f 2186 2631 2188
f 2631 2186 2629
f 2188 2635 2191
f 2635 2188 2631
f 2631 2434 2635
f 2186 2188 2130
f 2434 567 2437
f 2186 2128 2183
f 2437 568 2440
f 568 2437 567
f 2440 569 2442
f 569 2440 568
f 568 1374 569
f 2437 2440 2639
f 2191 2639 2193
f 2191 2635 2639
f 2193 2644 2195
f 2644 2193 2639
f 2644 2639 2440
f 2644 2442 2648
f 2440 2442 2644
f 2191 2193 2136
f 2442 569 572
f 2639 2635 2437
f 567 1370 568
f 2188 2191 2133
f 569 1379 572
f 2431 2429 565
f 1129 872 1133
f 872 1129 866
f 1391 1133 1137
f 876 1133 872
f 313 876 872
f 1129 1133 1384
f 572 1384 574
f 572 1379 1384
f 601 574 1391
f 1391 574 1384
f 1384 1133 1391
f 572 574 2444
f 1133 876 1137
f 2442 572 2444
f 1141 1137 879
f 879 1137 876
f 1141 879 881
f 881 328 884
f 324 881 879
f 1145 881 884
f 1397 1141 1402
f 1141 1397 1137
f 1402 1145 1406
f 1145 1402 1141
f 1150 1406 1145
f 604 1397 1402
f 1141 881 1145
f 601 1391 1397
f 1145 884 1150
f 1137 1397 1391
f 318 879 876
f 607 1402 1406
f 2650 2648 2444
f 2648 2442 2444
f 2651 2449 2452
f 2449 2444 574
f 574 601 2449
f 2650 2444 2449
f 2195 2197 2140
f 2195 2648 2197
f 2650 2651 2200
f 2651 2650 2449
f 2200 2651 2204
f 2650 2200 2197
f 2648 2650 2197
f 2197 2200 2142
f 2449 601 2452
f 2195 2644 2648
f 2452 604 2455
f 604 2452 601
f 2455 607 2460
f 607 2455 604
f 604 1402 607
f 2452 2455 2653
f 2204 2653 2206
f 2204 2651 2653
f 2151 2206 2209
f 2654 2206 2653
f 2654 2653 2455
f 2654 2209 2206
f 2455 2460 2654
f 2204 2206 2148
f 2460 607 608
f 2653 2651 2452
f 601 1397 604
f 2200 2204 2145
f 607 1406 608
f 1379 1129 1384
f 308 872 866
f 2193 2195 2138
f 2348 1098 2345
f 2348 2128 2130
f 2130 2352 2348
f 2352 2130 2133
f 2128 2186 2130
f 2348 2352 1101
f 1423 1667 1418
f 1423 1098 1101
f 1101 1426 1423
f 1103 1426 1101
f 1098 2348 1101
f 1423 1426 1670
f 1101 2352 1103
f 2348 2345 2128
f 863 1103 2352
f 863 2133 2136
f 863 2136 864
f 2138 2136 2193
f 2133 2191 2136
f 864 2136 2138
f 1103 1431 1426
f 1431 1103 1106
f 1106 864 1110
f 1106 1103 863
f 865 1110 864
f 1431 1106 1437
f 863 864 1106
f 1437 1106 1110
f 864 2138 865
f 863 2352 2133
f 2130 2188 2133
f 1426 1431 1673
f 1667 2839 8062
f 2839 1667 1670
f 2839 1670 8060
f 8058 1670 1673
f 1423 1670 1667
f 8059 1670 8058
f 8061 8062 2839
f 8060 8061 2839
f 1670 8059 8060
f 1667 8062 2837
f 8055 1673 1678
f 1673 1431 1678
f 1678 2840 8052
f 1437 2840 1678
f 1670 1426 1673
f 8053 1678 8052
f 8057 1673 8056
f 8056 1673 8055
f 8055 1678 8054
f 1678 8053 8054
f 1673 8057 8058
f 1678 1431 1437
f 1437 1110 1441
f 1423 1418 1098
f 867 865 2140
f 2140 865 2138
f 867 2140 2142
f 2145 2142 2200
f 2140 2197 2142
f 869 2142 2145
f 1117 1112 867
f 867 1112 865
f 869 1117 867
f 871 869 2145
f 867 2142 869
f 871 1120 869
f 2145 2148 871
f 1112 1441 1110
f 8036 871 2842
f 2842 2148 2151
f 2842 2151 8034
f 8032 8033 2151
f 2148 2206 2151
f 8034 2151 8033
f 871 8037 8038
f 2842 8035 8036
f 871 8036 8037
f 8034 8035 2842
f 871 2148 2842
f 2145 2204 2148
f 8038 8039 871
f 8049 2840 1441
f 2840 1437 1441
f 1441 1447 8048
f 8046 1447 8045
f 1112 1447 1441
f 8046 8047 1447
f 8051 2840 8050
f 8049 8050 2840
f 8049 1441 8048
f 8047 8048 1447
f 2840 8051 8052
f 8042 1117 1120
f 1120 1117 869
f 8039 8040 1120
f 1120 871 8039
f 8041 1120 8040
f 1447 8044 8045
f 8043 8044 1117
f 8043 1117 8042
f 8041 8042 1120
f 8044 1447 1117
f 1112 1117 1447
f 1110 865 1112
f 2138 2195 2140
f 2654 2460 2574
f 2186 2183 2629
f 887 335 338
f 338 335 132
f 338 340 889
f 340 8933 2680
f 338 2843 340
f 2680 893 340
f 886 887 1155
f 887 886 335
f 889 893 1165
f 893 889 340
f 887 338 889
f 887 889 1161
f 893 2680 895
f 886 1150 884
f 895 8936 8937
f 2844 8938 8939
f 8935 895 2680
f 2844 8939 8940
f 2681 8942 8943
f 8941 8942 2845
f 2845 8940 8941
f 8937 8938 895
f 8936 895 8935
f 2681 8943 8944
f 1411 1150 1155
f 1150 886 1155
f 887 1161 1155
f 895 8938 2844
f 893 895 1169
f 1174 895 2844
f 1422 1161 1165
f 1161 889 1165
f 1433 1169 1174
f 1174 1169 895
f 893 1169 1165
f 1428 1165 1169
f 2844 2845 1174
f 1416 1155 1161
f 8945 8946 1182
f 8946 8947 1182
f 1185 8947 8948
f 2845 1179 1174
f 1179 2845 2681
f 8945 1182 2681
f 2845 8942 2681
f 1449 1182 1185
f 2681 1182 1179
f 1185 1182 8947
f 1444 1179 1182
f 8948 3195 1185
f 2845 2844 8940
f 2681 8944 8945
f 1438 1174 1179
f 884 332 886
f 8949 3195 8948
f 3195 8949 8950
f 3195 8950 2918
f 3196 8950 8951
f 2849 2918 3196
f 3196 2918 8950
f 2849 3196 3198
f 8952 3208 3198
f 3196 8951 3198
f 3208 3201 3198
f 3198 8951 8952
f 3195 2918 1185
f 3318 3208 8953
f 8953 8954 3300
f 8955 3292 8954
f 3300 3318 8953
f 3300 8954 3200
f 3292 3200 8954
f 3292 8955 3207
f 3298 3207 8955
f 3200 3292 3320
f 3298 8955 3205
f 7989 3205 8955
f 8953 3208 8952
f 3318 3300 3200
f 3319 3201 3318
f 3201 2849 3198
f 3200 3317 3318
f 3202 3320 3299
f 3320 3317 3200
f 3202 3317 3320
f 2850 2918 2849
f 3204 2849 3201
f 3203 3317 3293
f 3319 3318 3203
f 3293 3317 3202
f 3319 3203 7992
f 3318 3317 3203
f 3293 7992 3203
f 3202 7991 3293
f 3201 3208 3318
f 3299 3207 3216
f 3207 3298 3216
f 3321 3205 7990
f 3321 3216 3298
f 3205 3321 3298
f 3206 3216 3321
f 3215 3202 3299
f 3202 3215 7991
f 3215 3206 7990
f 3206 3215 3299
f 7990 3206 3321
f 3215 7990 7991
f 3299 3216 3206
f 3205 7989 7990
f 3207 3299 3320
f 3292 3207 3320
f 7992 3293 7991
f 1185 2918 2850
f 3204 3201 3319
f 608 1411 611
f 608 1406 1411
f 611 1416 612
f 1416 611 1411
f 1155 1416 1411
f 608 611 2463
f 2682 2463 2467
f 2463 611 2467
f 2467 612 8021
f 8020 612 8019
f 611 612 2467
f 8020 8021 612
f 1416 1422 612
f 2463 2574 2460
f 614 8019 612
f 614 1422 1428
f 8015 614 2847
f 2847 614 1428
f 1165 1428 1422
f 8015 2847 8014
f 8019 614 8018
f 614 8016 8017
f 8016 614 8015
f 614 8017 8018
f 614 612 1422
f 1161 1422 1416
f 2209 2574 2841
f 2209 2654 2574
f 2209 2841 8029
f 8027 8028 2841
f 2841 2574 2859
f 8029 2841 8028
f 2151 8031 8032
f 8031 2209 8030
f 2209 8029 8030
f 8031 2151 2209
f 2682 8023 8024
f 2682 2467 8023
f 8023 2467 8022
f 2467 8021 8022
f 2859 8027 2841
f 8027 2859 8026
f 2859 8025 8026
f 2859 2682 8025
f 2682 8024 8025
f 2859 2574 2463
f 2463 2682 2859
f 608 2463 2460
f 1433 1438 2846
f 1433 1174 1438
f 1182 1449 1444
f 1444 1438 1179
f 1185 2850 1449
f 1438 1444 2848
f 2848 8008 2846
f 2846 1438 2848
f 8002 1444 1449
f 2850 7999 1449
f 2848 1444 8004
f 7998 2850 3197
f 2850 2917 3197
f 1433 2846 2847
f 2849 2916 2917
f 2849 3199 2916
f 3199 3204 7994
f 2917 2850 2849
f 3199 2849 3204
f 3204 3319 7993
f 7996 2916 7995
f 7996 3197 2916
f 3199 7995 2916
f 3199 7994 7995
f 3204 7993 7994
f 2916 3197 2917
f 1428 1169 1433
f 7996 7997 3197
f 8009 8010 2846
f 2846 8008 8009
f 8008 2848 8007
f 8006 8007 2848
f 8012 8013 2847
f 8011 2847 2846
f 8011 2846 8010
f 8012 2847 8011
f 2847 8013 8014
f 8000 1449 7999
f 1449 8000 8001
f 8003 1444 8002
f 8005 8006 2848
f 8004 8005 2848
f 8004 1444 8003
f 8002 1449 8001
f 2850 7998 7999
f 3197 7997 7998
f 1433 2847 1428
f 3319 7992 7993
f 1406 1150 1411
f 332 335 886
f 511 507 292
f 8880 8881 2828
f 2982 8589 2985
f 7343 5308 7344
f 5308 7345 7344
f 7340 6209 7341
f 7342 7341 6209
f 5308 7343 7342
f 5308 7346 7345
f 6200 6628 6627
f 7351 6200 6627
f 7352 6627 6199
f 7352 6201 7353
f 7352 7351 6627
f 6199 6201 7352
f 7350 7349 6234
f 6199 6628 6234
f 6628 6199 6627
f 5981 6234 6212
f 6234 6628 7350
f 6628 7351 7350
f 6234 7349 6212
f 6234 5981 6199
f 7351 6628 6200
f 6649 7338 6205
f 7338 6649 7339
f 7339 6649 6203
f 7340 6210 6206
f 7339 6203 6210
f 6543 6205 7338
f 6649 6205 6543
f 5982 6206 6210
f 6649 6543 6203
f 6210 6203 5982
f 6203 6543 6235
f 7340 7339 6210
f 6543 7338 7337
f 5308 7342 5307
f 6226 7347 7346
f 6198 5981 6212
f 6206 6209 7340
f 7348 6198 6212
f 5308 5307 5367
f 7342 6209 5307
f 6226 6213 7348
f 5308 6012 7346
f 6211 6198 7348
f 7346 6012 6226
f 6226 7348 7347
f 5309 6198 6211
f 6198 5309 5981
f 5307 6209 6206
f 7349 7348 6212
f 6206 5982 5307
f 6199 5981 6201
f 7353 6236 7354
f 7354 6236 7355
f 6009 7355 6236
f 6236 6202 6009
f 6202 6236 7353
f 7356 6014 7357
f 7355 6014 7356
f 6017 7358 7357
f 5981 6202 6201
f 7359 6015 7360
f 7361 7360 6015
f 6016 7362 7361
f 7363 6020 7364
f 7365 6019 7366
f 7364 6020 7365
f 7362 6016 7363
f 7359 7358 6017
f 7366 6019 7367
f 6009 5309 5310
f 6202 5981 6009
f 6017 7357 6014
f 6014 7355 6009
f 6019 5316 7367
f 5309 6009 5981
f 6015 6017 5312
f 7359 6017 6015
f 5314 6020 6016
f 7363 6016 6020
f 6020 5315 7365
f 6015 5313 6016
f 6016 7361 6015
f 6017 6014 5311
f 7367 5316 7368
f 5315 6019 7365
f 7369 5317 7370
f 7371 7370 5984
f 5984 7372 7371
f 7373 6025 7374
f 7376 7375 6024
f 7374 6025 7375
f 7372 6179 7373
f 5316 7369 7368
f 5310 6014 6009
f 6201 6202 7353
f 6024 7377 7376
f 7337 7336 6235
f 6235 7336 6204
f 7337 6235 6543
f 6235 5982 6203
f 6235 6204 5982
f 6204 7335 6208
f 7335 6204 7336
f 6208 7335 7334
f 6204 6208 5982
f 6207 5982 6208
f 6245 6207 6208
f 6177 5982 6207
f 5370 5309 6211
f 5310 5311 6014
f 5311 5372 5312
f 5312 5313 6015
f 6017 5311 5312
f 5371 5311 5310
f 5367 6177 7331
f 5307 5982 6177
f 6213 6226 6012
f 6211 7348 6213
f 6012 5368 6213
f 5368 5308 5367
f 6177 5367 5307
f 5369 6211 6213
f 5313 5312 5373
f 5368 6012 5308
f 5309 5370 5310
f 6207 6245 6177
f 7334 7333 6245
f 6245 7333 7332
f 7334 6245 6208
f 5505 5368 5367
f 5367 7331 7330
f 6177 6245 7332
f 5508 5505 7326
f 7331 6177 7332
f 5508 5368 5505
f 5367 7329 5505
f 5369 5368 5508
f 5370 5369 5510
f 5369 5370 6211
f 5372 5371 5516
f 5371 5372 5311
f 5310 5370 5371
f 5371 5370 5513
f 5513 5510 5661
f 5370 5510 5513
f 5518 5372 5516
f 5513 5516 5371
f 5373 5518 5522
f 5518 5516 5667
f 5372 5518 5373
f 5516 5513 5664
f 5312 5372 5373
f 5510 5369 5508
f 6213 5368 5369
f 5510 5508 6186
f 5374 5313 5373
f 5314 5375 5315
f 5314 5315 6020
f 5316 5377 5317
f 5316 5317 7369
f 6019 5315 5316
f 5315 5376 5316
f 5984 5378 6179
f 5317 5984 7370
f 6025 6179 5379
f 6025 6024 7375
f 7373 6179 6025
f 5378 5984 5317
f 5984 6179 7372
f 6025 5380 6024
f 5381 7377 6024
f 7379 5382 7380
f 7378 5382 7379
f 7381 5383 7382
f 7383 6026 7384
f 7384 6026 7385
f 7382 6026 7383
f 7380 5383 7381
f 7378 7377 5381
f 7385 6027 7386
f 5375 5374 5525
f 5314 5374 5375
f 5375 5527 5376
f 5316 5376 5377
f 5376 5315 5375
f 5375 5525 5527
f 5525 5522 5675
f 5374 5522 5525
f 5377 5533 5378
f 6179 5378 5379
f 6025 5379 5380
f 5378 5534 5379
f 5376 5529 5377
f 5537 5380 5379
f 5378 5317 5377
f 5373 5522 5374
f 5381 5540 5382
f 7378 5381 5382
f 5383 7380 5382
f 6024 5380 5381
f 7387 6028 7388
f 5383 5382 5541
f 6026 7382 5383
f 7387 6027 5546
f 7385 6026 6027
f 7389 6028 7390
f 6027 6026 5544
f 7388 6028 7389
f 6026 5383 5543
f 5381 5380 5538
f 6027 7387 7386
f 6028 7387 5546
f 5313 5374 5314
f 6016 5313 5314
f 5522 5518 5672
f 7452 4815 7453
f 7454 7453 6055
f 6055 7455 7454
f 7450 6050 7451
f 6055 4815 4819
f 6050 7452 7451
f 6055 7453 4815
f 6050 4815 7452
f 4387 7455 6055
f 7458 7457 4389
f 7459 7458 6054
f 7459 6054 7460
f 4387 6055 4819
f 7455 4387 7456
f 4387 7457 7456
f 4389 7457 4387
f 4389 4827 4392
f 4387 4819 4823
f 6054 7458 4389
f 4387 4823 4389
f 6054 4389 4392
f 4819 4815 5222
f 7445 6188 7446
f 7448 7447 6053
f 7446 6053 7447
f 7443 6051 7444
f 5211 6053 7446
f 7444 6188 7445
f 7446 6188 5211
f 7444 6051 6188
f 5218 7448 6053
f 5218 7450 7449
f 6050 7450 5218
f 5220 5222 4815
f 4823 4827 4389
f 4819 5223 4823
f 4823 5225 4827
f 5218 6053 5212
f 5218 5220 6050
f 5220 5214 5222
f 4819 5222 5223
f 5223 5225 4823
f 5222 5215 5223
f 4815 6050 5220
f 5213 5220 5218
f 5227 4827 5225
f 5218 7449 7448
f 5216 5225 5223
f 7460 6054 4061
f 7465 6057 7466
f 7466 3745 7467
f 6057 3745 7466
f 7462 6056 7463
f 7464 7463 6056
f 7464 6057 7465
f 6056 6057 7464
f 7468 7467 3745
f 7471 6038 7472
f 7473 6187 7474
f 7472 6038 7473
f 7468 6037 7469
f 6037 7468 3745
f 7470 6037 6038
f 6038 7471 7470
f 6037 7470 7469
f 3745 4070 3749
f 6037 3745 3749
f 3745 6057 4066
f 4392 4061 6054
f 7462 7461 4061
f 4063 6056 4061
f 6057 6056 4063
f 4061 6056 7462
f 4063 4061 4395
f 4392 4827 4830
f 4830 4827 5227
f 4830 5229 4835
f 4830 4395 4392
f 4835 4395 4830
f 5229 4830 5227
f 4061 4392 4395
f 5225 5217 5227
f 4063 4395 4400
f 7461 7460 4061
f 4066 4400 4405
f 4400 4066 4063
f 4405 4844 4412
f 4405 4070 4066
f 4066 6057 4063
f 4405 4400 4839
f 5231 4835 5229
f 4835 5231 4839
f 4844 4839 5233
f 4839 4844 4405
f 5233 5226 5234
f 5233 4839 5231
f 4400 4835 4839
f 5229 5221 5231
f 4405 4412 4070
f 4835 4400 4395
f 4066 4070 3745
f 5227 5219 5229
f 4844 5233 5234
f 5231 5224 5233
f 7436 7435 5384
f 7437 5384 6052
f 7437 7436 5384
f 5558 7433 7432
f 7434 7433 6041
f 6041 7435 7434
f 5384 7435 6041
f 7438 7437 6052
f 7440 7439 5318
f 7441 7440 5318
f 7441 5319 7442
f 5385 6052 5384
f 6052 5385 5318
f 5319 5318 5386
f 5318 5319 7441
f 5319 5386 5387
f 5386 5318 5385
f 7439 6052 5318
f 5384 5562 5385
f 6051 7442 5319
f 6052 7439 7438
f 5384 6041 5560
f 7391 7390 5547
f 7392 7391 5549
f 7392 5549 7393
f 5985 7395 7394
f 7396 7395 5985
f 5549 7394 7393
f 7396 6180 7397
f 7429 5987 7430
f 7431 7430 5556
f 5556 7432 7431
f 7429 7428 5987
f 7399 7398 6029
f 7427 5718 7428
f 6180 7398 7397
f 7433 5558 6041
f 6028 5547 7390
f 5564 5386 5385
f 6188 6051 5320
f 7442 6051 7443
f 5211 5321 5212
f 6053 5211 5212
f 5320 5211 6188
f 5212 5322 5213
f 5321 5320 5388
f 5320 5321 5211
f 5323 5322 5390
f 5322 5323 5213
f 5212 5321 5322
f 5322 5321 5389
f 5214 5213 5323
f 5387 5320 5319
f 5215 5214 5324
f 5220 5213 5214
f 5215 5325 5216
f 5223 5215 5216
f 5215 5222 5214
f 5215 5324 5325
f 5328 5219 5217
f 5217 5216 5327
f 5219 5329 5221
f 5229 5219 5221
f 5231 5221 5224
f 5221 5330 5224
f 5219 5227 5217
f 5224 5331 5226
f 5217 5225 5216
f 5324 5214 5323
f 5213 5218 5212
f 5324 5323 5391
f 5386 5566 5387
f 5320 5387 5388
f 5389 5321 5388
f 5325 5327 5216
f 5392 5325 5324
f 5325 5393 5327
f 5569 5389 5388
f 5322 5389 5390
f 5390 5574 5391
f 5324 5391 5392
f 5392 5393 5325
f 5391 5575 5392
f 5391 5323 5390
f 5389 5572 5390
f 5394 5327 5393
f 5387 5568 5388
f 5329 5328 5395
f 5328 5329 5219
f 5331 5330 5397
f 5330 5331 5224
f 5221 5329 5330
f 5330 5329 5396
f 5393 5579 5394
f 5394 5395 5328
f 5395 5582 5396
f 5396 5397 5330
f 5397 5398 5331
f 5396 5583 5397
f 5329 5395 5396
f 5394 5580 5395
f 5331 5398 5332
f 5394 5328 5327
f 5217 5327 5328
f 5392 5577 5393
f 5331 5332 5226
f 5319 5320 6051
f 5226 5233 5224
f 5397 5585 5398
f 5398 5585 5587
f 6029 7400 7399
f 5367 7330 7329
f 7327 5505 7328
f 7329 7328 5505
f 5508 7325 6186
f 7326 5505 7327
f 6186 7323 6013
f 5510 6013 5661
f 7325 5508 7326
f 6013 7321 5661
f 6013 5510 6186
f 5516 5664 5667
f 5513 5661 5664
f 5527 5684 5529
f 5529 5533 5377
f 5376 5527 5529
f 5684 5687 5529
f 5672 5667 5860
f 5518 5667 5672
f 5681 5675 5865
f 5525 5675 5681
f 5681 5684 5527
f 5684 5681 5868
f 5675 5522 5672
f 5675 5672 5863
f 5533 5529 5687
f 5667 5664 6178
f 5527 5525 5681
f 5664 5661 6018
f 6186 7325 7324
f 7322 6013 7323
f 7324 7323 6186
f 6018 5661 7319
f 7321 6013 7322
f 5661 7321 7320
f 5661 7320 7319
f 6018 7319 7318
f 6178 7315 5983
f 5664 6018 6178
f 5860 5863 5672
f 5687 5689 5533
f 6178 5983 5667
f 5872 4216 5687
f 5863 5860 7311
f 5983 5860 5667
f 5868 5865 4442
f 5681 5865 5868
f 5684 5868 5872
f 5872 5868 4447
f 5865 5675 5863
f 5865 5863 6021
f 5687 4216 5689
f 6178 6018 7317
f 5684 5872 5687
f 5983 7313 5860
f 5534 5533 5689
f 5534 5692 5537
f 5534 5537 5379
f 5538 5694 5540
f 5538 5540 5381
f 5380 5537 5538
f 5537 5693 5538
f 5541 5697 5543
f 5541 5543 5383
f 5544 5702 5546
f 5544 5546 6027
f 6026 5543 5544
f 5543 5699 5544
f 5382 5540 5541
f 5540 5695 5541
f 5705 5549 5547
f 5547 5549 7391
f 5985 6180 7396
f 7401 7400 5709
f 6180 6029 7398
f 5706 5985 5549
f 7394 5549 5985
f 7403 5711 7404
f 7402 5711 7403
f 7401 5709 7402
f 7404 5711 7405
f 5703 5547 5546
f 6028 5546 5547
f 5985 5706 6180
f 5693 5692 4223
f 5537 5692 5693
f 5695 5694 4228
f 5540 5694 5695
f 5694 5538 5693
f 5694 5693 4225
f 5699 5697 4231
f 5543 5697 5699
f 5703 5702 4235
f 5546 5702 5703
f 5547 5703 5705
f 5703 4237 5705
f 5702 5544 5699
f 5702 5699 4233
f 5697 5541 5695
f 5697 5695 4230
f 6180 5706 5708
f 5705 5706 5549
f 5709 5711 7402
f 6039 7406 7405
f 6040 7407 7406
f 5708 4241 5709
f 5708 5709 6029
f 5711 6039 7405
f 7406 6039 6040
f 4246 6039 5711
f 5711 5709 4243
f 5709 7400 6029
f 4240 5708 5706
f 6043 6040 4248
f 5706 5705 4238
f 6029 6180 5708
f 5692 5689 4218
f 5692 5534 5689
f 5378 5533 5534
f 6040 6039 4246
f 7315 7314 5983
f 7316 7315 6178
f 7316 6178 7317
f 5983 7314 7313
f 7312 7311 5860
f 5860 7313 7312
f 7318 7317 6018
f 4216 4452 4454
f 4216 4218 5689
f 4218 4458 4223
f 4223 4225 5693
f 5692 4218 4223
f 4216 4454 4218
f 5863 7310 7309
f 7311 7310 5863
f 4447 4442 7303
f 6021 4442 5865
f 4447 5868 4442
f 4452 4447 6022
f 4447 4452 5872
f 6021 7306 4442
f 4225 4223 4462
f 7309 6021 5863
f 5872 4452 4216
f 6021 7309 7308
f 7307 7306 6021
f 6021 7308 7307
f 4442 7305 7304
f 7303 7302 4447
f 4442 7304 7303
f 7305 4442 7306
f 4452 6022 6023
f 4447 7301 6022
f 4454 4666 4458
f 4458 4462 4223
f 4218 4454 4458
f 4458 4671 4462
f 7299 6023 6022
f 7300 6022 7301
f 4671 4666 7294
f 6023 4666 4454
f 4458 4666 4671
f 4674 4671 6030
f 4674 4462 4671
f 6023 7296 4666
f 4462 4674 4464
f 7302 7301 4447
f 4452 6023 4454
f 4225 4462 4464
f 4230 4228 4469
f 4228 4230 5695
f 4233 4231 4480
f 4231 4233 5699
f 5697 4230 4231
f 4231 4230 4475
f 4469 4464 4678
f 4464 4469 4228
f 4480 4475 4685
f 4475 4480 4231
f 4230 4469 4475
f 4475 4469 4682
f 4484 4233 4480
f 4464 4228 4225
f 4235 4484 4489
f 4235 4237 5703
f 4237 4494 4238
f 4238 4240 5706
f 5705 4237 4238
f 4235 4489 4237
f 4502 4241 4240
f 4240 4238 4498
f 4241 4507 4243
f 4243 4246 5711
f 4246 4248 6040
f 4243 4512 4246
f 5709 4241 4243
f 4246 4517 4248
f 5708 4240 4241
f 4484 4235 4233
f 5702 4233 4235
f 4484 4480 4689
f 4682 4678 4897
f 4469 4678 4682
f 4685 4475 4682
f 4489 4494 4237
f 4489 4484 4691
f 4489 4694 4494
f 4689 4685 4903
f 4480 4685 4689
f 4694 4691 4909
f 4691 4694 4489
f 4694 4698 4494
f 4698 4694 4911
f 4691 4484 4689
f 4691 4689 4906
f 4498 4494 4698
f 4685 4682 4900
f 4502 4498 4701
f 4498 4502 4240
f 4512 4507 4708
f 4507 4512 4243
f 4241 4502 4507
f 4507 4502 4704
f 4704 4701 4917
f 4502 4701 4704
f 4712 4512 4708
f 4704 4708 4507
f 4517 4712 4716
f 4712 4708 4924
f 4512 4712 4517
f 4708 4704 4921
f 4246 4512 4517
f 4701 4498 4698
f 4238 4494 4498
f 4701 4698 4914
f 4520 4248 4517
f 4678 4464 4674
f 5694 4225 4228
f 4678 4674 4895
f 7407 6040 7408
f 7409 7408 6043
f 7411 7410 6043
f 7410 7409 6043
f 7413 7412 6044
f 7414 7413 6044
f 7412 7411 6044
f 7424 5716 7425
f 7426 7425 5716
f 5987 7428 5718
f 7426 5718 7427
f 7421 4263 7422
f 7424 7423 6042
f 7426 5716 5718
f 6042 5716 7424
f 7423 7422 6042
f 7421 7420 6049
f 5721 5718 4272
f 5716 4269 5718
f 6044 7411 4251
f 7415 7414 4254
f 7415 4257 7416
f 7416 4257 7417
f 6044 4251 4254
f 6043 4251 7411
f 4257 4254 4527
f 7414 6044 4254
f 4257 7415 4254
f 4254 4251 4524
f 7418 7417 4257
f 4520 4251 4248
f 7418 4260 7419
f 4263 7421 6049
f 7419 6049 7420
f 4263 6042 7422
f 7419 4260 6049
f 4263 4260 4533
f 4260 4263 6049
f 4269 4266 4540
f 6042 4266 5716
f 5716 4266 4269
f 4272 4269 4542
f 6042 4263 4266
f 4266 4263 4537
f 4272 5718 4269
f 4260 7418 4257
f 4260 4257 4530
f 5987 5718 5721
f 6043 4248 4251
f 5558 5556 5722
f 5556 5558 7432
f 5562 5560 5726
f 5560 5562 5384
f 6041 5558 5560
f 5560 5558 5724
f 5566 5564 5731
f 5564 5566 5386
f 5569 5568 5735
f 5568 5569 5388
f 5387 5566 5568
f 5568 5566 5733
f 5385 5562 5564
f 5564 5562 5728
f 5574 5572 5740
f 5572 5574 5390
f 5577 5575 5745
f 5575 5577 5392
f 5391 5574 5575
f 5575 5574 5742
f 5580 5579 5750
f 5579 5580 5394
f 5583 5582 5754
f 5582 5583 5396
f 5583 5585 5397
f 5585 5583 5756
f 5395 5580 5582
f 5582 5580 5752
f 5393 5577 5579
f 5579 5577 5747
f 5389 5569 5572
f 5572 5569 5738
f 5721 4272 4276
f 5721 5722 5556
f 5722 4278 5724
f 5724 5726 5560
f 5558 5722 5724
f 5721 4276 5722
f 5726 4285 5728
f 5728 5731 5564
f 5731 4291 5733
f 5733 5735 5568
f 5735 5738 5569
f 5733 4292 5735
f 5566 5731 5733
f 5728 4288 5731
f 5562 5726 5728
f 5724 4281 5726
f 5738 4296 5740
f 5740 5742 5574
f 5742 4299 5745
f 5745 5747 5577
f 5575 5742 5745
f 5740 4298 5742
f 5747 4303 5750
f 5750 5752 5580
f 5752 4307 5754
f 5754 5756 5583
f 5756 5759 5585
f 5754 4309 5756
f 5582 5752 5754
f 5750 4305 5752
f 5579 5747 5750
f 5745 4301 5747
f 5572 5738 5740
f 5735 4294 5738
f 5585 5759 5587
f 5721 5556 5987
f 5756 4311 5759
f 4524 4520 4721
f 4251 4520 4524
f 4530 4527 4730
f 4257 4527 4530
f 4527 4254 4524
f 4527 4524 4725
f 4537 4533 4738
f 4263 4533 4537
f 4542 4540 4747
f 4269 4540 4542
f 4540 4266 4537
f 4540 4537 4743
f 4533 4260 4530
f 4533 4530 4734
f 4278 4276 4549
f 4276 4278 5722
f 4281 4552 4553
f 4281 4285 5726
f 5724 4278 4281
f 4281 4278 4552
f 4549 4546 4756
f 4276 4546 4549
f 4555 4288 4285
f 4549 4552 4278
f 4288 4291 5731
f 4288 4556 4291
f 4285 4281 4553
f 4552 4549 4761
f 5728 4285 4288
f 4542 4546 4272
f 4546 4276 4272
f 4546 4542 4751
f 4721 4716 4929
f 4520 4716 4721
f 4730 4725 4933
f 4527 4725 4730
f 4725 4524 4721
f 4725 4721 4932
f 4738 4734 4938
f 4533 4734 4738
f 4747 4743 4942
f 4540 4743 4747
f 4743 4537 4738
f 4743 4738 4939
f 4734 4530 4730
f 4734 4730 4935
f 4546 4751 4756
f 4747 4751 4542
f 4553 4771 4555
f 4555 4556 4288
f 4285 4553 4555
f 4555 4776 4556
f 4761 4756 4948
f 4549 4756 4761
f 4771 4766 4954
f 4766 4771 4553
f 4771 4776 4555
f 4776 4771 4956
f 4766 4552 4761
f 4766 4761 4951
f 4778 4556 4776
f 4756 4751 4946
f 4766 4553 4552
f 4751 4747 4944
f 4558 4291 4556
f 4517 4716 4520
f 4294 4292 4560
f 4292 4294 5735
f 4298 4296 4563
f 4296 4298 5740
f 5738 4294 4296
f 4296 4294 4561
f 4560 4558 4779
f 4558 4560 4292
f 4563 4561 4782
f 4561 4563 4296
f 4294 4560 4561
f 4561 4560 4780
f 4565 4298 4563
f 4558 4292 4291
f 4301 4299 4566
f 4299 4301 5745
f 4301 4567 4303
f 4303 4305 5750
f 5747 4301 4303
f 4301 4566 4567
f 4566 4565 4784
f 4299 4565 4566
f 4305 4572 4307
f 4307 4309 5754
f 4309 4311 5756
f 4307 4574 4309
f 4303 4569 4305
f 4309 4575 4311
f 5752 4305 4307
f 4565 4299 4298
f 5742 4298 4299
f 4565 4563 4783
f 4779 4778 4961
f 4558 4778 4779
f 4782 4561 4780
f 4779 4780 4560
f 4566 4786 4567
f 4780 4779 4964
f 4783 4782 4967
f 4563 4782 4783
f 4786 4784 4972
f 4566 4784 4786
f 4786 4787 4567
f 4787 4786 4974
f 4784 4565 4783
f 4784 4783 4970
f 4569 4567 4787
f 4782 4780 4965
f 4572 4569 4789
f 4569 4572 4305
f 4575 4574 4792
f 4574 4575 4309
f 4307 4572 4574
f 4574 4572 4791
f 4791 4789 4984
f 4572 4789 4791
f 4794 4575 4792
f 4791 4792 4574
f 4577 4794 4796
f 4794 4792 4995
f 4575 4794 4577
f 4792 4791 4990
f 4311 4575 4577
f 4789 4569 4787
f 4303 4567 4569
f 4789 4787 4978
f 4311 4577 4313
f 4778 4558 4556
f 5733 4291 4292
f 4778 4776 4959
f 4311 4313 5759
f 6040 6043 7408
f 7430 5987 5556
f 4716 4712 4927
f 7475 7474 6187
f 7540 6257 7541
f 7542 6546 6631
f 6546 7542 7541
f 7541 6251 6546
f 6257 6548 6632
f 6257 6632 7541
f 6251 6632 6547
f 6251 6631 6546
f 7541 6632 6251
f 6547 6631 6251
f 7542 6631 6250
f 6257 7540 7539
f 7544 6255 7545
f 7546 7545 6253
f 6254 7547 7546
f 7542 6250 7543
f 7543 6264 7544
f 6253 6220 6254
f 7545 6255 6253
f 7546 6253 6254
f 6253 6255 6252
f 6265 7547 6254
f 6220 6265 6254
f 7548 7547 6265
f 6264 6255 7544
f 6548 7539 6259
f 7539 6548 6257
f 6259 6547 6548
f 6259 6650 6631
f 6632 6548 6547
f 6259 7539 6650
f 7538 7537 6224
f 6258 7538 6224
f 6258 6650 7538
f 7539 7538 6650
f 6224 7537 6221
f 6631 6547 6259
f 6258 6252 6250
f 6631 6650 6258
f 6250 6252 6264
f 6220 6253 4570
f 6258 6250 6631
f 6255 6264 6252
f 6221 6297 6073
f 6073 6224 6221
f 6252 6260 4570
f 6253 6252 4570
f 4570 6262 6220
f 6260 6252 6073
f 6252 6258 6073
f 6262 4570 6303
f 6220 6262 6197
f 6224 6073 6258
f 6264 7543 6250
f 6221 7537 7536
f 6265 6220 6256
f 7549 7548 6281
f 7551 7550 6266
f 7550 7549 6249
f 6281 6256 6249
f 7549 6281 6249
f 6266 6267 6271
f 7550 6249 6266
f 6271 7551 6266
f 6249 6196 6266
f 7552 7551 6271
f 6256 6281 6265
f 7553 7552 6216
f 7555 7554 6270
f 7554 7553 6268
f 6268 6216 6269
f 6216 6268 7553
f 6269 6074 6270
f 6269 6270 6268
f 6268 6270 7554
f 6270 6074 6227
f 6227 7555 6270
f 6216 6271 6190
f 7556 7555 6227
f 6216 7552 6271
f 6216 6190 6269
f 6256 6218 6196
f 6249 6256 6196
f 6272 6267 6196
f 6272 6276 6215
f 6267 6266 6196
f 6196 6279 6272
f 6197 6274 6218
f 6256 6197 6218
f 7524 6279 6217
f 6218 6217 6196
f 6196 6217 6279
f 7523 6276 6279
f 6279 6276 6272
f 6273 6197 6262
f 6267 6272 6190
f 6220 6197 6256
f 6190 6278 6277
f 6269 6190 6277
f 6225 7518 6283
f 6225 6074 6277
f 6271 6267 6190
f 6277 6275 6225
f 6215 7521 6278
f 6215 6278 6190
f 7519 6225 6275
f 6225 7519 7518
f 6275 6278 7520
f 6277 6278 6275
f 6215 6276 7522
f 6225 6282 6074
f 6215 6190 6272
f 6277 6074 6269
f 6218 6274 6217
f 6227 6074 6280
f 7548 6265 6281
f 6275 7520 7519
f 7536 7535 6297
f 6221 7536 6297
f 6073 6261 6302
f 6261 6073 6300
f 6297 6300 6073
f 6297 6544 6300
f 6629 7535 6298
f 7535 6629 6544
f 6261 6300 6545
f 7535 6544 6297
f 6300 6544 6545
f 6629 6630 6544
f 6302 6261 7531
f 7530 6301 6302
f 4570 6260 6301
f 6303 6301 7529
f 4570 6301 6303
f 6303 6263 6262
f 6303 7528 6263
f 6302 7531 7530
f 7529 7528 6303
f 7528 7527 6263
f 6301 7530 7529
f 6273 6263 7527
f 6260 6302 6301
f 6260 6073 6302
f 7532 7531 6261
f 6630 7533 6299
f 6298 6630 6629
f 6545 6299 7533
f 6545 7532 6261
f 6544 6299 6545
f 7533 7532 6545
f 6298 7534 7533
f 7534 6298 7535
f 6630 6298 7533
f 6544 6630 6299
f 7493 7492 5990
f 7493 6182 7494
f 7493 5990 6182
f 7490 7489 5399
f 5990 7491 5399
f 7491 5990 7492
f 5990 5399 5190
f 5399 7491 7490
f 5399 7489 7488
f 7495 7494 6182
f 7488 5333 5399
f 6273 7526 6274
f 6262 6263 6273
f 6279 7524 7523
f 7523 7522 6276
f 7524 6217 7525
f 7526 7525 6274
f 6217 6274 7525
f 6215 7522 7521
f 7505 6088 7506
f 7503 7502 6082
f 7504 6082 5196
f 6088 7505 7504
f 6082 7504 7503
f 6082 7502 7501
f 6087 6082 5326
f 6274 6197 6273
f 6082 7501 6084
f 7498 7497 6085
f 7498 6084 7499
f 7498 6085 6084
f 7495 6085 7496
f 6085 7495 6182
f 5338 6182 5190
f 6182 5338 6085
f 5338 6083 6085
f 5190 6708 5338
f 7497 7496 6085
f 5190 6182 5990
f 7499 6084 7500
f 6083 5341 6085
f 6084 5341 6086
f 6086 5326 6084
f 6086 6704 6703
f 7501 7500 6084
f 6086 5341 6704
f 6083 5338 6706
f 6706 5338 6707
f 6706 6705 6083
f 6705 6704 6083
f 5341 6083 6704
f 6086 6087 5326
f 6084 6085 5341
f 5326 6082 6084
f 5338 6708 6707
f 7507 7506 6088
f 6273 7527 7526
f 7521 7520 6278
f 5399 5335 5190
f 7564 6077 7565
f 7566 6078 7567
f 7565 6078 7566
f 7560 4319 7561
f 7562 6077 7563
f 7561 6077 7562
f 7564 7563 6077
f 7570 6080 7571
f 7572 7571 6080
f 6080 7573 7572
f 7569 7568 4141
f 6080 4141 4142
f 7569 4141 7570
f 4142 4015 6080
f 6078 4141 7568
f 6080 7570 4141
f 7568 7567 6078
f 7573 6080 4015
f 4141 4326 4142
f 7557 7556 6284
f 7558 6284 4316
f 6284 7558 7557
f 6280 6284 6227
f 6075 6074 6282
f 6280 6074 6075
f 4316 6075 6076
f 6075 4316 6280
f 6284 6280 4316
f 6282 6283 6075
f 7559 7558 4316
f 6282 6225 6283
f 6076 4319 4316
f 7560 7559 4319
f 6077 4319 4321
f 7561 4319 6077
f 6078 7565 6077
f 6077 4321 6078
f 4579 4321 4319
f 4579 4319 6076
f 4323 4587 4326
f 6078 4323 4141
f 6248 6081 4326
f 4323 4321 4582
f 6078 4321 4323
f 7515 6076 6075
f 4326 4141 4323
f 4316 4319 7559
f 4587 6248 4326
f 4142 4326 4328
f 7576 7575 4015
f 7577 7576 4016
f 4016 6091 7577
f 4142 4144 4015
f 7575 7574 4015
f 4016 4144 6306
f 4144 4016 4015
f 4016 7576 4015
f 4144 4142 4328
f 7578 7577 6091
f 6093 6091 4016
f 7579 6091 7580
f 4019 6091 6093
f 6093 6246 7618
f 6093 4016 6306
f 6306 4144 6320
f 6306 7620 6246
f 7619 7618 6246
f 7621 6308 7622
f 7620 7619 6246
f 6093 6306 6246
f 7621 7620 6312
f 7578 6091 7579
f 6306 6320 7620
f 6081 6286 4328
f 4326 6081 4328
f 4328 6292 6079
f 6285 4330 6079
f 4328 6079 6320
f 6079 6449 6285
f 6295 6680 6286
f 6295 6286 6081
f 6296 6079 6292
f 6079 6296 6449
f 6296 6678 6449
f 6296 6292 6286
f 4328 6286 6292
f 6680 6296 6286
f 6394 6285 6449
f 6295 6081 6248
f 6320 4330 6312
f 7620 6320 6312
f 6310 6309 4333
f 6312 6310 7621
f 6310 6308 7621
f 6312 4330 6310
f 6394 4330 6285
f 4330 6394 6309
f 6393 6309 6676
f 6393 4333 6309
f 6676 6309 6394
f 6310 4330 6309
f 6394 6449 6677
f 6676 6675 6393
f 4330 6320 6079
f 4144 4328 6320
f 6681 6295 6248
f 6091 3860 7580
f 7573 4015 7574
f 6394 6677 6676
f 6283 7517 7516
f 7516 6075 6283
f 5035 7511 7510
f 7510 7509 5035
f 7508 4998 7509
f 7511 5035 7512
f 6283 7518 7517
f 7512 4809 7513
f 7514 7513 4809
f 7515 7514 6076
f 7515 6075 7516
f 6076 7514 4809
f 4809 5035 5036
f 7512 5035 4809
f 4812 5036 6692
f 5036 4812 4809
f 4812 6692 6691
f 5036 5035 5003
f 4579 4809 4812
f 7509 4998 5035
f 4582 4579 4812
f 6076 4809 4579
f 6693 6692 5036
f 6082 6087 5196
f 6088 5196 6089
f 6089 4998 6088
f 4998 6089 5003
f 4998 7507 6088
f 6089 5196 6087
f 6702 6086 6703
f 6087 6086 6702
f 6702 6701 6087
f 6087 6701 6700
f 6089 6087 6699
f 6088 7504 5196
f 6695 5003 6696
f 5003 6695 6694
f 5003 6694 5036
f 5035 4998 5003
f 6087 6700 6699
f 6698 6697 6089
f 6089 6699 6698
f 6697 6696 5003
f 6697 5003 6089
f 6694 6693 5036
f 7508 7507 4998
f 6287 4587 4582
f 4582 4587 4323
f 6540 6290 6537
f 6290 6540 6248
f 6248 4587 6290
f 4587 6288 6290
f 6686 6537 6290
f 6686 6290 6288
f 6537 6685 6289
f 6537 6289 6540
f 6536 6540 6289
f 6539 6536 6289
f 6293 6540 6536
f 4587 6291 6288
f 6295 6681 6680
f 6296 6679 6678
f 6679 6296 6680
f 6623 6293 6536
f 6535 6293 6682
f 6293 6623 6538
f 6535 6682 6681
f 6538 6682 6293
f 6540 6535 6681
f 6540 6293 6535
f 6681 6248 6540
f 6677 6449 6678
f 6536 6294 6623
f 6090 6305 6287
f 6090 6287 4582
f 6291 6287 6688
f 6288 6291 6687
f 4587 6287 6291
f 6688 6687 6291
f 6690 4812 6691
f 6688 6305 6689
f 6305 6688 6287
f 6689 6305 6690
f 6305 6090 6690
f 6090 4812 6690
f 6294 6539 6684
f 6536 6539 6294
f 6538 6622 6304
f 6294 6622 6623
f 6686 6288 6687
f 6622 6294 6684
f 6685 6537 6686
f 6304 6684 6683
f 6685 6684 6539
f 6538 6304 6682
f 6684 6304 6622
f 6683 6682 6304
f 6685 6539 6289
f 6623 6622 6538
f 4812 6090 4582
f 4321 4579 4582
f 6284 7556 6227
f 7480 6111 7481
f 7480 7479 6111
f 6111 7482 7481
f 7477 6112 7478
f 7478 6112 7479
f 7476 6112 7477
f 7482 6111 7483
f 7486 7485 5333
f 5333 7487 7486
f 7488 7487 5333
f 5333 7485 5457
f 5457 7483 6111
f 7483 5457 7484
f 5457 5648 5653
f 5648 5457 6111
f 5653 5460 5457
f 6111 6112 5648
f 7485 7484 5457
f 6111 7479 6112
f 5333 5457 5460
f 5648 5679 5653
f 6038 5780 6187
f 6187 7473 6038
f 5670 6112 6187
f 5648 6112 5670
f 6187 6112 7475
f 6187 5780 5670
f 3749 4070 4074
f 4074 4070 4412
f 3754 3749 4074
f 3754 5780 3749
f 6038 3749 5780
f 4074 4412 4419
f 5670 5780 5785
f 4844 4849 4412
f 3754 3762 5785
f 3754 5785 5780
f 5792 5679 5785
f 5792 5683 5679
f 5670 5785 5679
f 5785 3762 5792
f 4082 4419 4426
f 4082 4074 4419
f 4426 4095 4082
f 4095 3771 3762
f 4426 4434 4095
f 4082 4095 3762
f 3762 3754 4082
f 4426 4419 4854
f 5792 3762 3771
f 4074 4082 3754
f 5679 5648 5670
f 4419 4412 4849
f 5653 5679 5683
f 7476 7475 6112
f 5460 6714 6713
f 5460 5335 5333
f 6715 6714 5460
f 5335 5460 6713
f 6715 5460 6113
f 6716 6113 6717
f 6113 6716 6715
f 6718 6717 6113
f 6718 6113 6719
f 5683 6113 5653
f 6711 6710 5335
f 5190 6710 6709
f 5190 5335 6710
f 6719 6114 6720
f 5335 6713 6712
f 6719 6113 6114
f 6712 6711 5335
f 5335 5399 5333
f 6720 6114 6721
f 6114 5683 5797
f 6113 5683 6114
f 6723 6722 6114
f 6722 6721 6114
f 6723 6114 5801
f 5797 3771 3779
f 5792 3771 5797
f 4105 4112 3779
f 4105 3779 3771
f 3779 5801 5797
f 3779 3788 5801
f 6114 5797 5801
f 4105 3771 4095
f 6724 6723 5801
f 5792 5797 5683
f 5802 6725 5801
f 6727 6726 5802
f 6726 6725 5802
f 3788 4112 4115
f 3779 4112 3788
f 4115 3800 3788
f 3800 6115 5802
f 4115 4456 4117
f 3788 3800 5802
f 5802 5801 3788
f 4105 4441 4112
f 3800 4115 4117
f 6725 6724 5801
f 4095 4434 4105
f 5653 6113 5460
f 6709 6708 5190
f 4112 4449 4115
f 4849 5234 5236
f 4844 5234 4849
f 5228 5230 5236
f 5236 4854 4849
f 4854 4419 4849
f 5236 5234 5228
f 5228 5332 5334
f 5226 5332 5228
f 5334 5400 5401
f 5400 5334 5332
f 5228 5334 5230
f 5587 5400 5398
f 4854 5236 5238
f 5234 5226 5228
f 4862 5238 5240
f 4854 5238 4862
f 4867 4862 5240
f 4862 4867 4434
f 5236 5230 5238
f 5240 5238 5232
f 5334 5336 5230
f 5336 5334 5401
f 5232 5336 5337
f 5336 5232 5230
f 5337 5235 5232
f 5336 5401 5403
f 5238 5230 5232
f 5336 5403 5337
f 5240 5232 5235
f 4862 4426 4854
f 4862 4434 4426
f 5401 5400 5588
f 5587 5759 5761
f 5761 5759 4313
f 5761 4315 5764
f 5761 5588 5587
f 5588 5400 5587
f 5761 4313 4315
f 4580 4796 4798
f 4577 4796 4580
f 4583 4580 4798
f 4580 4583 4315
f 4313 4580 4315
f 4798 4796 5006
f 5588 5761 5764
f 4313 4577 4580
f 5764 5765 5590
f 5764 5590 5588
f 5592 5403 5590
f 5592 5405 5403
f 5401 5588 5590
f 5590 5765 5592
f 4318 4583 4585
f 4315 4583 4318
f 4585 4583 4800
f 4585 4322 4318
f 4322 5765 4318
f 4585 4800 4802
f 5764 4318 5765
f 4800 4583 4798
f 5592 5765 5769
f 4315 4318 5764
f 5590 5403 5401
f 4800 4798 5008
f 5337 5403 5405
f 5332 5398 5400
f 4441 4867 4870
f 4867 4441 4434
f 5243 5237 5246
f 5243 4870 4867
f 4449 4441 4870
f 5235 5243 5240
f 5405 5592 5594
f 5339 5337 5405
f 5237 5339 5340
f 5339 5237 5235
f 5243 5235 5237
f 5339 5405 5407
f 4870 5243 5246
f 5235 5337 5339
f 5246 5237 5239
f 4871 4870 5246
f 4871 5250 4872
f 4871 4456 4449
f 4115 4449 4456
f 4871 5246 5250
f 5407 5409 5340
f 5339 5407 5340
f 5239 5342 5241
f 5239 5250 5246
f 5241 5250 5239
f 5342 5239 5340
f 5239 5237 5340
f 5340 5409 5342
f 4871 4872 4456
f 4449 4870 4871
f 4112 4441 4449
f 5407 5405 5594
f 4322 4324 5769
f 5769 5765 4322
f 5772 5594 5769
f 5594 5772 5596
f 5769 5594 5592
f 5769 4324 5772
f 4589 4802 4805
f 4585 4802 4589
f 4805 4593 4589
f 4593 4329 4324
f 4593 4805 4808
f 4589 4593 4324
f 4322 4589 4324
f 4805 4802 5012
f 5772 4324 4329
f 4585 4589 4322
f 5409 5596 5598
f 5594 5596 5407
f 5777 4332 5782
f 5777 5598 5596
f 5409 5598 5410
f 4329 5777 5772
f 4593 4597 4329
f 4597 4593 4808
f 4597 4813 4600
f 4597 4332 4329
f 4600 4332 4597
f 4813 4597 4808
f 5777 4329 4332
f 4813 4808 5019
f 5777 5782 5598
f 5772 5777 5596
f 5409 5407 5596
f 4808 4805 5015
f 5409 5410 5342
f 4867 5240 5243
f 4105 4434 4441
f 4802 4800 5010
f 6727 5802 6115
f 3749 6038 6037
f 6729 6728 6115
f 6729 6115 6116
f 6116 6731 6730
f 6730 6729 6116
f 6731 6118 6732
f 6733 6732 6118
f 6733 6118 6734
f 6115 6728 6727
f 5696 6739 6738
f 5696 6740 6739
f 5696 6741 6740
f 6735 6117 6736
f 6738 6737 5814
f 5814 5696 6738
f 5814 6737 6736
f 6735 6734 6117
f 5814 3827 3832
f 6736 6117 5814
f 4117 4120 3808
f 3800 4117 3808
f 3815 6116 3808
f 6116 3815 6118
f 6115 3808 6116
f 3808 4120 3815
f 4872 4873 4461
f 4456 4872 4461
f 4466 4120 4461
f 4466 4122 4120
f 4117 4461 4120
f 4873 4466 4461
f 3815 4120 4122
f 4456 4461 4117
f 4122 3821 3815
f 6118 3821 6117
f 3827 6117 3821
f 6117 3827 5814
f 6734 6118 6117
f 3827 3821 4125
f 4474 4122 4466
f 4122 4474 4125
f 4127 4125 4483
f 4125 4127 3827
f 4127 4483 4490
f 4483 4125 4474
f 3821 4122 4125
f 4466 4874 4474
f 3827 4127 3832
f 3815 3821 6118
f 6731 6116 6118
f 4875 4483 4474
f 6741 5677 6742
f 3800 3808 6115
f 6745 6119 6746
f 6746 6119 6747
f 6747 6119 6748
f 6744 6743 5677
f 6119 5677 5682
f 6744 5677 6745
f 6119 6745 5677
f 5696 5677 6741
f 5491 6748 6119
f 5491 5350 6750
f 6750 5350 6751
f 6752 6751 5350
f 6748 5491 6749
f 6120 5491 6119
f 6122 5491 6120
f 6120 7841 7840
f 7841 6120 5682
f 5682 6120 6119
f 6750 6749 5491
f 5682 5677 5700
f 6753 6752 5350
f 5682 7842 7841
f 3832 5815 5814
f 5696 5815 5700
f 7845 5700 5815
f 5700 7845 7844
f 5700 5677 5696
f 7845 5815 3835
f 4127 4129 3832
f 4129 4127 4490
f 4129 4497 4132
f 4129 3835 3832
f 4132 3835 4129
f 4497 4129 4490
f 5815 3832 3835
f 4483 4876 4490
f 7845 3835 7846
f 5814 5815 5696
f 3835 3838 7846
f 5700 7843 5682
f 5700 7844 7843
f 4132 4503 4134
f 3838 3835 4132
f 4132 4134 3838
f 3838 7848 7847
f 4878 4879 4503
f 7847 7846 3838
f 4503 4132 4497
f 7843 7842 5682
f 4490 4877 4497
f 7848 3838 7849
f 6742 5677 6743
f 4497 4878 4503
f 5241 5242 5254
f 5250 5241 5254
f 5255 4873 5254
f 4873 5255 4874
f 4872 5254 4873
f 5254 5242 5255
f 5345 5410 5412
f 5342 5410 5345
f 5346 5345 5412
f 5346 5242 5345
f 5241 5345 5242
f 5412 5410 5599
f 5255 5242 5245
f 5342 5345 5241
f 5346 5245 5242
f 5260 5255 5245
f 5260 5248 5263
f 5260 4875 4874
f 4474 4874 4875
f 5260 5245 5248
f 5413 5346 5412
f 5346 5413 5347
f 5347 5415 5348
f 5346 5347 5245
f 5347 5348 5248
f 5415 5347 5413
f 5248 5245 5347
f 5415 5413 5603
f 4875 5260 5263
f 4874 5255 5260
f 4466 4873 4874
f 5413 5412 5601
f 5599 5782 5787
f 5598 5782 5599
f 4335 4339 5787
f 5787 5601 5599
f 5412 5599 5601
f 5787 5782 4335
f 4335 4600 4603
f 4332 4600 4335
f 4603 4817 4821
f 4817 4603 4600
f 4335 4603 4339
f 4817 4600 4813
f 5601 5787 5790
f 4332 4335 5782
f 4339 4343 5790
f 5787 4339 5790
f 5794 5603 5790
f 5794 5605 5603
f 5603 5601 5790
f 5790 4343 5794
f 4606 4821 4825
f 4603 4821 4606
f 4825 4609 4606
f 4609 4345 4343
f 4609 4825 4826
f 4606 4609 4343
f 4339 4606 4343
f 4825 4821 5028
f 5794 4343 4345
f 4603 4606 4339
f 5413 5601 5603
f 4821 4817 5025
f 5415 5603 5605
f 5598 5599 5410
f 4876 5263 5266
f 5263 4876 4875
f 5251 5253 5266
f 5266 4877 4876
f 4490 4876 4877
f 5266 5263 5251
f 5251 5348 5349
f 5248 5348 5251
f 5349 5416 5418
f 5416 5349 5348
f 5251 5349 5253
f 5605 5416 5415
f 4877 5266 5269
f 5248 5251 5263
f 5253 5257 5269
f 5253 5269 5266
f 5272 4878 5269
f 5272 4879 4878
f 4877 5269 4878
f 5269 5257 5272
f 5351 5418 5419
f 5349 5418 5351
f 5419 5353 5351
f 5353 5259 5257
f 5419 5611 5421
f 5351 5353 5257
f 5253 5351 5257
f 5419 5418 5609
f 5257 5259 5272
f 5349 5351 5253
f 4497 4877 4878
f 5418 5416 5607
f 4345 5798 5794
f 5605 5798 5607
f 5800 5607 5798
f 5607 5800 5609
f 5416 5605 5607
f 5800 5798 4347
f 4609 4611 4345
f 4611 4609 4826
f 4611 4828 4612
f 4611 4347 4345
f 4612 4347 4611
f 4828 4611 4826
f 5798 4345 4347
f 4828 4826 5030
f 5800 4347 4350
f 5794 5798 5605
f 4612 4350 4347
f 5804 5800 4350
f 5804 4352 5807
f 5804 5611 5609
f 5419 5609 5611
f 5804 4350 4352
f 4829 4612 4828
f 4612 4829 4614
f 4614 4832 4616
f 4612 4614 4350
f 4616 4352 4614
f 4832 4614 4829
f 4352 4350 4614
f 4832 4829 5033
f 5804 5807 5611
f 5609 5800 5804
f 5418 5607 5609
f 4829 4828 5031
f 5419 5421 5353
f 5415 5416 5348
f 4483 4875 4876
f 4826 4825 5029
f 4832 5033 5034
f 5250 5254 4872
f 4817 4813 5021
f 4333 6308 6310
f 4796 4794 5002
f 7299 7298 6023
f 7298 7297 6023
f 7296 6023 7297
f 7295 7294 4666
f 7294 7293 4671
f 7296 7295 4666
f 7299 6022 7300
f 6030 7291 7290
f 4674 6030 4895
f 4895 7287 4897
f 4678 4895 4897
f 4897 4900 4682
f 6030 7290 4895
f 6030 7292 7291
f 4900 5063 4903
f 4685 4900 4903
f 4689 4903 4906
f 4903 5065 4906
f 4897 5986 4900
f 4906 5067 4909
f 4909 4691 4906
f 7293 7292 4671
f 7292 6030 4671
f 4895 7290 7289
f 7287 4895 7288
f 7289 7288 4895
f 7285 5986 4897
f 7286 4897 7287
f 7285 4897 7286
f 7284 5986 7285
f 7283 5986 7284
f 5063 7281 5065
f 5986 5063 4900
f 5067 6031 6032
f 6031 5067 5065
f 5065 4903 5063
f 5065 7280 6031
f 5063 7283 7282
f 7280 5065 7281
f 7282 7281 5063
f 7277 6032 6031
f 7280 7279 6031
f 5067 6032 5069
f 7283 5063 5986
f 5067 4906 5065
f 4909 5067 5069
f 4914 4911 5071
f 4694 4909 4911
f 4921 4917 5075
f 4701 4914 4917
f 4911 4914 4698
f 4917 4914 5073
f 5071 5069 5244
f 5069 5071 4911
f 5075 5073 5249
f 5073 5075 4917
f 4914 5071 5073
f 5073 5071 5247
f 4921 5075 5079
f 5069 4911 4909
f 4921 5079 4924
f 4708 4921 4924
f 4927 5085 4929
f 4716 4927 4929
f 4927 4712 4924
f 4924 5082 4927
f 4932 5091 4933
f 4725 4932 4933
f 4935 5097 4938
f 4734 4935 4938
f 4738 4938 4939
f 4938 5100 4939
f 4935 4730 4933
f 4933 5094 4935
f 4932 4721 4929
f 4929 5088 4932
f 4921 4704 4917
f 4939 5103 4942
f 5071 5244 5247
f 5252 5079 5075
f 5079 5256 5082
f 5082 5085 4927
f 4924 5079 5082
f 5082 5258 5085
f 5249 5247 6033
f 5073 5247 5249
f 5256 5252 5557
f 5252 5256 5079
f 5256 5258 5082
f 5258 5256 5561
f 5252 5075 5249
f 5252 5249 5554
f 5261 5085 5258
f 5247 5244 6034
f 5091 5088 5264
f 5088 5091 4932
f 5094 5267 5270
f 5094 5097 4935
f 4933 5091 5094
f 5094 5091 5267
f 5264 5261 5567
f 5088 5261 5264
f 5273 5100 5097
f 5264 5267 5091
f 5100 5103 4939
f 5100 5277 5103
f 5097 5094 5270
f 5267 5264 5570
f 4938 5097 5100
f 5261 5088 5085
f 4929 5085 5088
f 5261 5258 5563
f 5104 5103 5282
f 5244 5069 6032
f 4939 4942 4743
f 6032 7275 5244
f 6031 7279 7278
f 7277 7276 6032
f 6031 7278 7277
f 5244 7275 7274
f 7272 6034 7273
f 5244 7274 7273
f 7275 6032 7276
f 6034 7271 6033
f 5557 5252 5554
f 5557 5554 6035
f 6033 5554 5249
f 5256 5557 5561
f 7270 7269 6033
f 6033 7271 7270
f 6036 5561 5557
f 7269 5554 6033
f 5561 5563 5258
f 5561 5771 5563
f 5557 6035 6036
f 5554 7267 6035
f 5247 6034 6033
f 7271 6034 7272
f 6034 5244 7273
f 5554 7269 7268
f 7266 6035 7267
f 7268 7267 5554
f 6036 6035 7265
f 7265 6035 7266
f 7265 7264 6036
f 7264 7263 6036
f 7262 6036 7263
f 7262 7261 5771
f 7262 5771 6036
f 6045 7258 5470
f 6045 5774 5771
f 5561 6036 5771
f 5771 7261 6045
f 7261 7260 6045
f 7259 7258 6045
f 7257 5470 7258
f 6045 7260 7259
f 6045 5470 5774
f 5774 5563 5771
f 5567 5563 5774
f 5570 5567 5776
f 5264 5567 5570
f 5270 5573 5576
f 5570 5573 5267
f 5261 5563 5567
f 5573 5570 5779
f 5776 5470 5473
f 5774 5470 5776
f 5473 5476 5779
f 5473 5779 5776
f 5570 5776 5779
f 5473 5470 6048
f 5783 5573 5779
f 5774 5776 5567
f 5576 5578 5273
f 5576 5273 5270
f 5273 5578 5277
f 5277 5282 5103
f 5100 5273 5277
f 5277 5581 5282
f 5779 5476 5783
f 5576 5783 5788
f 5581 5578 5791
f 5578 5581 5277
f 5791 5485 5795
f 5791 5578 5788
f 5578 5576 5788
f 5783 5479 5788
f 5581 5791 5795
f 5783 5576 5573
f 5097 5270 5273
f 5788 5482 5791
f 7256 7255 6048
f 7256 6048 5470
f 7252 5698 6046
f 6048 6046 5473
f 5476 5473 6046
f 6048 7254 6046
f 7255 7254 6048
f 7254 7253 6046
f 7251 5698 7252
f 7252 6046 7253
f 5476 6046 5698
f 5698 5701 5479
f 5698 5479 5476
f 5479 5701 5482
f 5482 5485 5791
f 5788 5479 5482
f 5482 5704 5485
f 5701 6047 5864
f 6047 5701 5698
f 5704 5864 5867
f 5864 5704 5701
f 5867 5707 5704
f 5867 5864 6058
f 5482 5701 5704
f 5698 7250 6047
f 5704 5707 5485
f 5698 7251 7250
f 5783 5476 5479
f 6047 7247 5864
f 5581 5584 5282
f 7256 5470 7257
f 5270 5267 5573
f 4942 5103 5104
f 4946 4944 5107
f 4747 4942 4944
f 4951 4948 5111
f 4756 4946 4948
f 4946 4751 4944
f 4948 4946 5109
f 5107 5104 5285
f 5104 5107 4944
f 5111 5109 5290
f 5109 5111 4948
f 4946 5107 5109
f 5109 5107 5287
f 5114 4951 5111
f 5104 4944 4942
f 4956 4954 5116
f 4766 4951 4954
f 4961 4959 5120
f 4776 4956 4959
f 4956 4771 4954
f 4959 4956 5118
f 5116 5114 5293
f 5114 5116 4954
f 5120 5118 5295
f 5118 5120 4959
f 5120 5121 4961
f 5121 5120 5296
f 4956 5116 5118
f 5118 5116 5294
f 4964 4961 5121
f 5114 4954 4951
f 4951 4761 4948
f 5114 5111 5292
f 5287 5285 5586
f 5285 5287 5107
f 5292 5290 5591
f 5290 5292 5111
f 5109 5287 5290
f 5290 5287 5589
f 5586 5584 5799
f 5584 5586 5285
f 5591 5589 5806
f 5589 5591 5290
f 5287 5586 5589
f 5589 5586 5803
f 5593 5292 5591
f 5282 5584 5285
f 5294 5293 5595
f 5293 5294 5116
f 5296 5295 5600
f 5295 5296 5120
f 5118 5294 5295
f 5295 5294 5597
f 5595 5593 5811
f 5593 5595 5293
f 5600 5597 5819
f 5597 5600 5295
f 5600 5602 5296
f 5602 5600 5823
f 5294 5595 5597
f 5597 5595 5816
f 5296 5602 5297
f 5593 5293 5292
f 5114 5292 5293
f 5593 5591 5808
f 5121 5296 5297
f 5795 5584 5581
f 4965 4964 5123
f 4779 4961 4964
f 4970 4967 5127
f 4782 4965 4967
f 4965 4780 4964
f 4967 4965 5125
f 5125 5123 5298
f 5123 5125 4965
f 5128 5127 5300
f 5127 5128 4970
f 4967 5125 5127
f 5127 5125 5299
f 4972 4970 5128
f 5297 5123 5121
f 4974 4972 5131
f 4784 4970 4972
f 4984 4978 5135
f 4787 4974 4978
f 4974 4786 4972
f 4978 4974 5132
f 5132 5131 5302
f 4974 5131 5132
f 5137 4990 4984
f 5132 5135 4978
f 4791 4984 4990
f 4990 5139 4995
f 5137 4984 5135
f 5135 5132 5303
f 4984 4789 4978
f 5131 4972 5128
f 4970 4783 4967
f 5131 5128 5301
f 5298 5297 5604
f 5123 5297 5298
f 5300 5299 5608
f 5127 5299 5300
f 5299 5125 5298
f 5299 5298 5606
f 5606 5604 5830
f 5298 5604 5606
f 5610 5300 5608
f 5606 5608 5299
f 5301 5610 5612
f 5610 5608 5835
f 5300 5610 5301
f 5608 5606 5834
f 5301 5128 5300
f 5604 5297 5602
f 5303 5302 5614
f 5132 5302 5303
f 5304 5135 5303
f 5137 5139 4990
f 5131 5301 5302
f 5137 5305 5139
f 5614 5612 5839
f 5302 5612 5614
f 5303 5616 5304
f 5304 5305 5137
f 5305 5306 5139
f 5304 5619 5305
f 5303 5614 5616
f 5305 5622 5306
f 5139 5306 5142
f 5612 5302 5301
f 5137 5135 5304
f 5612 5610 5836
f 4995 5139 5142
f 5121 5123 4964
f 4961 4778 4959
f 5604 5602 5826
f 5799 5795 5488
f 5584 5795 5799
f 5806 5803 5496
f 5589 5803 5806
f 5803 5586 5799
f 5803 5799 5494
f 5494 5488 5710
f 5488 5494 5799
f 5499 5496 5713
f 5496 5499 5806
f 5803 5494 5496
f 5496 5494 5712
f 5808 5806 5499
f 5707 5488 5485
f 5811 5808 5502
f 5593 5808 5811
f 5819 5816 5511
f 5597 5816 5819
f 5816 5595 5811
f 5816 5811 5507
f 5507 5502 5719
f 5811 5502 5507
f 5515 5819 5511
f 5507 5511 5816
f 5515 5736 5520
f 5515 5511 5730
f 5819 5515 5823
f 5511 5507 5725
f 5823 5600 5819
f 5502 5808 5499
f 5808 5591 5806
f 5502 5499 5715
f 5710 5707 5873
f 5707 5710 5488
f 5713 5712 5880
f 5712 5713 5496
f 5494 5710 5712
f 5712 5710 5875
f 5875 5873 3469
f 5873 5875 5710
f 5881 5880 3472
f 5880 5881 5713
f 5712 5875 5880
f 5880 5875 3471
f 5715 5713 5881
f 5873 5707 5867
f 5719 5715 5884
f 5715 5719 5502
f 5730 5725 5892
f 5725 5730 5511
f 5507 5719 5725
f 5725 5719 5888
f 5888 5884 3475
f 5719 5884 5888
f 5895 5730 5892
f 5888 5892 5725
f 5736 5895 5879
f 5895 5892 3478
f 5730 5895 5736
f 5892 5888 3477
f 5515 5730 5736
f 5884 5715 5881
f 5499 5713 5715
f 5884 5881 3474
f 5823 5515 5520
f 5485 5488 5795
f 5830 5826 5524
f 5604 5826 5830
f 5835 5834 5531
f 5608 5834 5835
f 5834 5606 5830
f 5834 5830 5528
f 5524 5520 5743
f 5520 5524 5826
f 5531 5528 5753
f 5528 5531 5834
f 5830 5524 5528
f 5528 5524 5748
f 5835 5531 5536
f 5520 5826 5823
f 5612 5836 5839
f 5835 5836 5610
f 5616 5842 5619
f 5619 5622 5305
f 5304 5616 5619
f 5619 5844 5622
f 5836 5539 5839
f 5614 5839 5840
f 5840 5545 5842
f 5842 5844 5619
f 5844 5846 5622
f 5842 5548 5844
f 5616 5840 5842
f 5839 5542 5840
f 5622 5846 5624
f 5835 5536 5836
f 5602 5823 5826
f 5844 5550 5846
f 5748 5743 5883
f 5524 5743 5748
f 5753 5528 5748
f 5536 5539 5836
f 5531 5758 5536
f 5536 5762 5539
f 5883 5879 3482
f 5743 5879 5883
f 5748 5885 5753
f 5531 5753 5758
f 5758 5762 5536
f 5753 5890 5758
f 5748 5883 5885
f 5894 5762 5758
f 5767 5539 5762
f 5736 5879 5743
f 5545 5542 5773
f 5542 5545 5840
f 5550 5548 5796
f 5548 5550 5844
f 5842 5545 5548
f 5548 5545 5784
f 5762 5898 5767
f 5767 5773 5542
f 5773 5906 5784
f 5784 5796 5548
f 5796 5805 5550
f 5784 5909 5796
f 5545 5773 5784
f 5767 5903 5773
f 5550 5805 5551
f 5767 5542 5539
f 5839 5539 5542
f 5796 3327 5805
f 5846 5550 5551
f 5736 5743 5520
f 5614 5840 5616
f 5879 5895 3480
f 5306 5622 5624
f 5104 5282 5285
f 4990 4995 4792
f 5873 5867 3468
f 6047 7250 7249
f 7247 6047 7248
f 7249 7248 6047
f 3471 3472 5880
f 5864 7247 7246
f 7245 7244 6058
f 6058 7246 7245
f 7243 6058 7244
f 3469 3468 6059
f 6058 3468 5867
f 3472 3471 3626
f 5875 3469 3471
f 3469 5873 3468
f 3471 3469 3625
f 3468 7243 7242
f 3469 6059 6060
f 3471 3625 3626
f 3626 3625 3787
f 3468 7241 6059
f 3468 7242 7241
f 6060 3625 3469
f 3628 3472 3626
f 7243 3468 6058
f 6058 5864 7246
f 6059 7241 7240
f 6060 7239 7238
f 7239 6060 7240
f 7240 6060 6059
f 3625 6060 7238
f 7235 3787 7236
f 3787 7237 7236
f 3625 7238 7237
f 7234 6061 7235
f 3787 6061 3792
f 3792 3963 3797
f 3787 3792 3626
f 3787 3625 7237
f 3792 6061 3963
f 6061 7234 7233
f 3963 7232 6063
f 7232 3963 7233
f 3963 6063 4076
f 7232 7231 6063
f 3963 6061 7233
f 3628 3792 3797
f 7235 6061 3787
f 3626 3792 3628
f 3474 3472 3628
f 3475 3474 3630
f 5884 3474 3475
f 3478 3477 3635
f 5892 3477 3478
f 3477 5888 3475
f 3477 3475 3632
f 3632 3630 3799
f 3630 3632 3475
f 3637 3635 3807
f 3635 3637 3478
f 3477 3632 3635
f 3635 3632 3803
f 3480 3478 3637
f 3797 3630 3628
f 3482 3480 3640
f 5879 3480 3482
f 3484 5883 3482
f 5885 5890 5753
f 5895 3478 3480
f 5885 3486 5890
f 3642 3640 3813
f 3482 3640 3642
f 3486 3484 3646
f 3484 3486 5885
f 3486 3646 3649
f 3646 3484 3642
f 3484 3482 3642
f 3646 3642 3818
f 3488 3486 3649
f 3640 3480 3637
f 3474 5881 3472
f 3640 3637 3810
f 3799 3797 3966
f 3630 3797 3799
f 3807 3803 3973
f 3635 3803 3807
f 3803 3632 3799
f 3803 3799 3970
f 4076 4080 3966
f 3963 4076 3966
f 3966 4080 3970
f 3970 3973 3803
f 3973 3976 3807
f 3970 4084 3973
f 3799 3966 3970
f 4088 3976 3973
f 3810 3807 3976
f 3963 3966 3797
f 3813 3810 3981
f 3640 3810 3813
f 3822 3646 3818
f 3813 3818 3642
f 3637 3807 3810
f 3818 3813 3984
f 3976 4091 3981
f 3813 3981 3984
f 3822 3986 3988
f 3984 3986 3818
f 3988 3825 3822
f 3984 4098 3986
f 3986 3822 3818
f 3981 4094 3984
f 3649 3822 3825
f 3981 3810 3976
f 3649 3646 3822
f 3986 4101 3988
f 5890 3486 3488
f 3628 3630 3474
f 3484 5885 5883
f 6063 7230 4076
f 6062 4076 7229
f 6062 7229 7228
f 7230 7229 4076
f 6063 7231 7230
f 6062 7228 7227
f 6189 7226 6064
f 7226 6189 7227
f 6189 6062 7227
f 4080 6062 6189
f 4084 4080 4245
f 4080 4084 3970
f 4091 4088 4250
f 4088 4091 3976
f 3973 4084 4088
f 4088 4084 4247
f 4245 6064 4468
f 6189 6064 4245
f 4468 4470 4247
f 4468 4247 4245
f 4247 4250 4088
f 4247 4470 4250
f 4084 4245 4247
f 6064 7226 7225
f 4252 4250 4473
f 6189 4245 4080
f 6062 4080 4076
f 6064 7224 4468
f 7222 5988 4468
f 7222 4468 7223
f 7224 7223 4468
f 6064 7225 7224
f 7222 7221 5988
f 7220 6181 7221
f 6181 7220 7219
f 7221 6181 5988
f 4470 6181 4660
f 6181 4470 5988
f 4660 4887 4663
f 4660 4473 4470
f 4250 4470 4473
f 7218 4660 7219
f 7218 7217 4887
f 7216 7215 6065
f 7216 4887 7217
f 6065 4887 7216
f 4660 7218 4887
f 4663 4473 4660
f 7219 4660 6181
f 5988 4470 4468
f 4250 4252 4091
f 4094 4252 4255
f 4252 4094 4091
f 4477 4667 4479
f 4477 4255 4252
f 4098 4094 4255
f 4663 4477 4473
f 7215 6066 6065
f 4890 4887 6065
f 4667 4890 4892
f 4890 4667 4663
f 4477 4663 4667
f 6065 6066 4890
f 4255 4477 4479
f 4663 4887 4890
f 4479 4667 4670
f 4258 4255 4479
f 4258 4479 4482
f 4258 4101 4098
f 3986 4098 4101
f 4482 4262 4258
f 5057 5058 4892
f 4890 5057 4892
f 4670 4896 4673
f 4670 4482 4479
f 4670 4673 4482
f 4896 4670 4892
f 4670 4667 4892
f 4892 5058 4896
f 4101 4258 4262
f 4098 4255 4258
f 3984 4094 4098
f 4890 6066 5057
f 7214 7213 6066
f 5989 6066 7213
f 5057 5989 3409
f 6066 7215 7214
f 5989 7213 7212
f 5989 7212 7211
f 7210 7209 6067
f 7210 3409 7211
f 7210 6067 3409
f 3409 5989 7211
f 5057 6066 5989
f 7209 6068 6067
f 3412 3409 6067
f 6068 6069 3558
f 6068 3412 6067
f 5058 3412 5059
f 7208 6068 7209
f 6068 7208 7207
f 6069 7206 7205
f 7206 6069 7207
f 6069 7205 3715
f 6069 6068 7207
f 6068 3558 3412
f 5058 3409 3412
f 3409 5058 5057
f 4896 5058 5059
f 4252 4473 4477
f 3981 4091 4094
f 4103 3988 4101
f 5894 3488 3491
f 3488 5894 5890
f 3652 3830 3656
f 3652 3491 3488
f 5898 5894 3491
f 3825 3652 3649
f 4262 4103 4101
f 3990 3988 4103
f 3990 4103 4106
f 3990 3830 3825
f 3652 3825 3830
f 3990 3992 3830
f 3491 3652 3656
f 3825 3988 3990
f 3656 3830 3831
f 3493 3491 3656
f 3493 3659 3496
f 3493 5903 5898
f 5767 5898 5903
f 3493 3656 3659
f 4106 4108 3992
f 3990 4106 3992
f 3831 3993 3834
f 3830 3992 3831
f 3831 3834 3659
f 3993 3831 3992
f 3659 3656 3831
f 3992 4108 3993
f 5903 3493 3496
f 5898 3491 3493
f 5762 5894 5898
f 4106 4103 4265
f 4482 4485 4262
f 4485 4482 4673
f 4485 4677 4488
f 4485 4265 4262
f 4265 4103 4262
f 4485 4673 4677
f 4899 5059 5060
f 4896 5059 4899
f 4902 4899 5060
f 4899 4902 4677
f 4673 4899 4677
f 5060 5059 3414
f 4265 4485 4488
f 4896 4899 4673
f 4488 4492 4268
f 4488 4268 4265
f 4271 4108 4268
f 4271 4110 4108
f 4106 4265 4268
f 4268 4492 4271
f 4680 4902 4904
f 4677 4902 4680
f 4904 4684 4680
f 4684 4496 4492
f 4684 4904 4907
f 4680 4684 4492
f 4488 4680 4492
f 4902 5060 5061
f 4271 4492 4496
f 4677 4680 4488
f 4268 4108 4106
f 5061 4904 4902
f 3993 4108 4110
f 3488 3649 3652
f 5906 3496 3500
f 3496 5906 5903
f 3662 3667 3500
f 3500 5909 5906
f 5784 5906 5909
f 3500 3496 3662
f 3662 3834 3836
f 3659 3834 3662
f 3836 3994 3995
f 3994 3836 3834
f 3662 3836 3667
f 4110 3994 3993
f 5909 3500 3504
f 3659 3662 3496
f 3667 3670 3504
f 3667 3504 3500
f 3506 3327 3504
f 3506 3328 3327
f 5909 3504 3327
f 3504 3670 3506
f 3839 3995 3996
f 3839 3836 3995
f 3996 3840 3839
f 3840 3671 3670
f 3996 4116 3997
f 3839 3840 3670
f 3670 3667 3839
f 3996 3995 4114
f 3506 3670 3671
f 3836 3839 3667
f 5796 5909 3327
f 3995 3994 4113
f 4496 4274 4271
f 4110 4274 4113
f 4279 4113 4274
f 4113 4279 4114
f 3994 4110 4113
f 4279 4274 4501
f 4684 4687 4496
f 4687 4684 4907
f 4687 4910 4690
f 4687 4501 4496
f 4690 4501 4687
f 4910 4687 4907
f 4274 4496 4501
f 4904 5062 4907
f 4279 4501 4506
f 4271 4274 4110
f 4690 4506 4501
f 4283 4279 4506
f 4283 4506 4510
f 4283 4116 4114
f 3996 4114 4116
f 4510 4287 4283
f 4913 4690 4910
f 4690 4913 4695
f 4695 4916 4699
f 4690 4695 4506
f 4695 4699 4510
f 4916 4695 4913
f 4510 4506 4695
f 4910 5066 4913
f 4116 4283 4287
f 4114 4279 4283
f 3995 4113 4114
f 4907 5064 4910
f 3840 3996 3997
f 3993 3994 3834
f 5773 5903 5906
f 4913 5068 4916
f 3414 3558 3560
f 3412 3558 3414
f 3560 3717 3563
f 3560 3417 3414
f 3417 5060 3414
f 3560 3558 3715
f 3715 7204 3896
f 7205 7204 3715
f 3717 3896 3897
f 3896 3717 3715
f 3560 3715 3717
f 3896 7204 7203
f 3417 3560 3563
f 6069 3715 3558
f 3563 3419 3417
f 5061 3419 5062
f 3422 5062 3419
f 5062 3422 5064
f 4904 5061 5062
f 3422 3419 3566
f 3717 3719 3563
f 3719 3717 3897
f 3566 3719 3720
f 3719 3566 3563
f 3720 3568 3566
f 3719 3897 3899
f 3419 3563 3566
f 3719 3899 3720
f 3899 3901 3720
f 3417 3419 5061
f 5061 5060 3417
f 3897 3896 6070
f 3896 7203 7202
f 6070 7201 7200
f 7202 7201 3896
f 3896 7201 6070
f 6070 7200 7199
f 7198 4038 7199
f 7197 4038 7198
f 7199 4038 6070
f 3899 4038 4039
f 6070 4038 3897
f 4194 6071 4196
f 4194 4039 4038
f 3899 4039 3901
f 7196 4194 7197
f 4194 7196 7195
f 6071 7194 7193
f 7194 6071 7195
f 6071 7193 4407
f 6071 4194 7195
f 4194 4196 4039
f 7197 4194 4038
f 4038 3899 3897
f 3566 3568 3422
f 3568 3720 3723
f 3427 3422 3568
f 3427 3568 3571
f 3427 5066 5064
f 4910 5064 5066
f 3571 3432 3427
f 3901 4040 3902
f 3720 3901 3723
f 3723 3725 3571
f 3723 3901 3902
f 3568 3723 3571
f 4196 4040 4039
f 5066 3427 3432
f 3901 4039 4040
f 5068 3432 3436
f 3432 5068 5066
f 3574 3727 3576
f 3574 3436 3432
f 5068 3436 5070
f 3725 3574 3571
f 3725 3902 3903
f 3723 3902 3725
f 4041 4042 3903
f 4041 3903 3902
f 3903 3727 3725
f 4042 3904 3903
f 3574 3725 3727
f 4041 3902 4040
f 3436 3574 3576
f 3432 3571 3574
f 4913 5066 5068
f 4041 4040 4199
f 4407 7193 7192
f 4196 6071 4407
f 4407 4635 4410
f 4407 4199 4196
f 4199 4040 4196
f 4407 7192 7191
f 7191 7190 4635
f 7189 7188 6072
f 7189 4635 7190
f 6072 4635 7189
f 4407 7191 4635
f 4407 4410 4199
f 4200 4410 4413
f 4410 4200 4199
f 4201 4200 4413
f 4200 4201 4042
f 4041 4199 4200
f 4413 4410 4636
f 6072 7187 7186
f 6072 7188 7187
f 4883 7186 7185
f 4883 6072 7186
f 4883 4636 6072
f 6072 4636 4635
f 4413 4636 4637
f 4410 4635 4636
f 4200 4042 4041
f 3727 3903 3904
f 5064 3422 3427
f 4907 5062 5064
f 4916 5068 5070
f 3412 3414 5059
f 5758 5890 5894
f 5805 3327 3328
f 5002 5142 5145
f 5142 5002 4995
f 5402 5404 5145
f 5145 5006 5002
f 5002 4794 4995
f 5145 5142 5402
f 5402 5624 5627
f 5306 5624 5402
f 5627 5848 5850
f 5848 5627 5624
f 5402 5627 5404
f 5551 5848 5846
f 5006 5145 5148
f 5624 5846 5848
f 5008 5148 5151
f 5148 5008 5006
f 5406 5408 5151
f 5151 5010 5008
f 5008 4798 5006
f 5151 5148 5406
f 5627 5629 5404
f 5629 5627 5850
f 5406 5629 5631
f 5629 5406 5404
f 5631 5408 5406
f 5629 5850 5852
f 5148 5404 5406
f 5629 5852 5631
f 5631 5852 5854
f 5404 5148 5145
f 5006 4796 5002
f 5850 5848 5552
f 3328 3506 3507
f 5812 5805 3328
f 5812 3328 3329
f 5812 5552 5551
f 5552 5848 5551
f 3329 5821 5812
f 3507 3671 3672
f 3506 3671 3507
f 3508 3507 3672
f 3507 3508 3329
f 3328 3507 3329
f 3672 3671 3842
f 5552 5812 5821
f 3671 3840 3842
f 5821 5827 5553
f 5552 5821 5553
f 5555 5852 5553
f 5555 5854 5852
f 5553 5850 5552
f 5553 5827 5555
f 3330 3508 3509
f 3330 3329 3508
f 3509 3331 3330
f 3331 5833 5827
f 3331 3509 3510
f 3330 3331 5827
f 5827 5821 3330
f 3508 3672 3673
f 5827 5833 5555
f 3329 3330 5821
f 5553 5852 5850
f 3673 3509 3508
f 5154 5010 5151
f 5551 5805 5812
f 5408 5411 5154
f 5408 5154 5151
f 5159 5012 5154
f 5012 5159 5015
f 5010 5154 5012
f 5154 5411 5159
f 5633 5854 5855
f 5631 5854 5633
f 5634 5633 5855
f 5634 5411 5633
f 5408 5633 5411
f 5855 5854 5559
f 5159 5411 5414
f 5631 5633 5408
f 5414 5164 5159
f 5015 5164 5019
f 5171 5019 5164
f 5019 5171 5021
f 5015 4805 5012
f 5171 5164 5417
f 5414 5634 5635
f 5411 5634 5414
f 5417 5635 5636
f 5635 5417 5414
f 5636 5420 5417
f 5634 5858 5635
f 5164 5414 5417
f 5634 5855 5858
f 5171 5417 5420
f 5015 5159 5164
f 5012 4802 5010
f 5635 5862 5636
f 5833 5838 5559
f 5555 5833 5559
f 5838 5843 5565
f 5559 5565 5855
f 5858 5855 5565
f 5559 5838 5565
f 3332 3510 3511
f 3332 3331 3510
f 3511 3333 3332
f 3333 5843 5838
f 3333 3511 3512
f 3332 3333 5838
f 5838 5833 3332
f 3509 3674 3510
f 5858 5565 5571
f 3331 3332 5833
f 5843 5849 5571
f 5565 5843 5571
f 5837 5862 5571
f 5837 5866 5862
f 5862 5858 5571
f 5571 5849 5837
f 3334 3512 3513
f 3334 3333 3512
f 3513 3335 3334
f 3335 5853 5849
f 3677 3678 3513
f 3334 3335 5849
f 5849 5843 3334
f 3511 3676 3512
f 5837 5849 5853
f 3333 3334 5843
f 5635 5858 5862
f 3510 3675 3511
f 5636 5862 5866
f 5555 5559 5854
f 5010 4800 5008
f 3512 3677 3513
f 3842 3997 3998
f 3840 3997 3842
f 4118 4119 3998
f 3998 3843 3842
f 3843 3672 3842
f 3998 3997 4118
f 4118 4287 4290
f 4116 4287 4118
f 4514 4518 4290
f 4514 4290 4287
f 4118 4290 4119
f 4699 4514 4510
f 3843 3998 3999
f 4287 4510 4514
f 4119 3999 3998
f 3845 3843 3999
f 3845 4000 3846
f 3845 3674 3673
f 3509 3673 3674
f 3845 3999 4000
f 4293 4119 4290
f 4119 4293 4121
f 4121 4295 4123
f 4119 4121 3999
f 4121 4123 4000
f 4295 4121 4293
f 4000 3999 4121
f 4290 4518 4293
f 3674 3845 3846
f 3673 3843 3845
f 3673 3672 3843
f 4293 4523 4295
f 5070 4919 4916
f 4699 4919 4703
f 4919 4922 4703
f 4699 4703 4514
f 4518 4514 4703
f 4919 5072 4922
f 3576 3727 3729
f 3441 3436 3576
f 3576 3579 3441
f 3441 5072 5070
f 4919 5070 5072
f 3441 3444 5072
f 4518 4703 4706
f 5070 3436 3441
f 4922 4925 4706
f 4922 4706 4703
f 4709 4523 4706
f 4709 4526 4523
f 4518 4706 4523
f 4706 4925 4709
f 5074 3444 3446
f 5074 5072 3444
f 3446 5077 5074
f 5077 4928 4925
f 5077 3446 3448
f 5074 5077 4925
f 4925 4922 5074
f 3441 3579 3444
f 4709 4925 4928
f 5072 5074 4922
f 4293 4518 4523
f 3582 3446 3444
f 4295 4523 4526
f 4699 4916 4919
f 3675 3846 3848
f 3846 3675 3674
f 4001 4002 3848
f 3848 3676 3675
f 3511 3675 3676
f 3848 3846 4001
f 4001 4123 4124
f 4000 4123 4001
f 4124 4297 4300
f 4297 4124 4123
f 4001 4124 4002
f 4526 4297 4295
f 3676 3848 3849
f 4000 4001 3846
f 4002 4003 3849
f 3848 4002 3849
f 3850 3677 3849
f 3850 3678 3677
f 3677 3676 3849
f 3849 4003 3850
f 4126 4300 4302
f 4126 4124 4300
f 4302 4128 4126
f 4128 4004 4003
f 4302 4539 4304
f 4126 4128 4003
f 4003 4002 4126
f 4302 4300 4535
f 4003 4004 3850
f 4124 4126 4002
f 3512 3676 3677
f 4300 4297 4531
f 4928 4714 4709
f 4526 4714 4531
f 4720 4531 4714
f 4531 4720 4535
f 4297 4526 4531
f 4720 4714 4930
f 5077 5080 4928
f 5080 5077 3448
f 5080 3451 5083
f 5080 4930 4928
f 5083 4930 5080
f 3451 5080 3448
f 4714 4928 4930
f 3446 3585 3448
f 4720 4930 4934
f 4709 4714 4526
f 5083 4934 4930
f 4727 4720 4934
f 4727 4937 4735
f 4727 4539 4535
f 4302 4535 4539
f 4727 4934 4937
f 3454 5083 3451
f 5083 3454 5086
f 5086 3456 5089
f 5083 5086 4934
f 5089 4937 5086
f 3456 5086 3454
f 4937 4934 5086
f 3451 3590 3454
f 4727 4735 4539
f 4535 4720 4727
f 4300 4531 4535
f 3448 3588 3451
f 4302 4304 4128
f 4295 4297 4123
f 3510 3674 3675
f 3593 3456 3454
f 3513 3514 3335
f 3997 4116 4118
f 5420 5636 5637
f 5176 5171 5420
f 5176 5420 5422
f 5176 5025 5021
f 5021 4813 5019
f 5422 5182 5176
f 5637 5866 5871
f 5636 5866 5637
f 5638 5637 5871
f 5637 5638 5422
f 5420 5637 5422
f 5871 5866 5841
f 5025 5176 5182
f 5866 5837 5841
f 5028 5182 5185
f 5182 5028 5025
f 5185 5429 5186
f 5185 5029 5028
f 5028 4821 5025
f 5185 5182 5425
f 5425 5638 5639
f 5422 5638 5425
f 5639 5874 5877
f 5874 5639 5638
f 5639 5429 5425
f 5639 5877 5640
f 5185 5425 5429
f 5874 5638 5871
f 5029 5185 5186
f 5422 5425 5182
f 5025 4817 5021
f 5874 5871 5845
f 5841 5853 5857
f 5837 5853 5841
f 3336 3515 3338
f 3336 5857 5853
f 5845 5841 5857
f 3514 3336 3335
f 3514 3678 3679
f 3513 3678 3514
f 3515 3679 3680
f 3679 3515 3514
f 3336 3514 3515
f 3679 3678 3851
f 5857 3336 3338
f 3336 5853 3335
f 3338 5861 5857
f 5845 5861 5847
f 5861 5870 5847
f 5845 5847 5874
f 5871 5841 5845
f 5861 3340 5870
f 3515 3516 3338
f 3516 3515 3680
f 3516 3681 3517
f 3516 3340 3338
f 3517 3340 3516
f 3681 3516 3680
f 5861 3338 3340
f 3681 3680 3853
f 5847 5851 5877
f 5857 5861 5845
f 5847 5877 5874
f 3680 3679 3852
f 5429 5639 5640
f 5021 5171 5176
f 5030 5186 5187
f 5186 5030 5029
f 5434 5439 5187
f 5187 5031 5030
f 5030 4826 5029
f 5187 5186 5434
f 5434 5640 5641
f 5429 5640 5434
f 5641 5882 5887
f 5882 5641 5640
f 5434 5641 5439
f 5851 5882 5877
f 5031 5187 5188
f 5640 5877 5882
f 5439 5443 5188
f 5439 5188 5187
f 5189 5033 5188
f 5189 5034 5033
f 5031 5188 5033
f 5188 5443 5189
f 5642 5887 5891
f 5641 5887 5642
f 5891 5643 5642
f 5643 5448 5443
f 5891 5869 5896
f 5642 5643 5443
f 5439 5642 5443
f 5891 5887 5859
f 5189 5443 5448
f 5641 5642 5439
f 5031 4828 5030
f 5887 5882 5856
f 5851 5870 5878
f 5847 5870 5851
f 5878 3343 5889
f 5878 5856 5851
f 5882 5851 5856
f 5878 5870 3342
f 3342 3517 3518
f 3340 3517 3342
f 3518 3682 3683
f 3682 3518 3517
f 3518 3343 3342
f 3343 3518 3519
f 5878 3342 3343
f 3682 3517 3681
f 5856 5878 5889
f 3340 3342 5870
f 5859 5889 5897
f 5889 5859 5856
f 5897 3347 5907
f 5897 5869 5859
f 5891 5859 5869
f 5897 5889 3345
f 3683 3684 3519
f 3518 3683 3519
f 3347 3345 3520
f 3345 3347 5897
f 3520 3685 3521
f 3520 3345 3519
f 3345 3343 3519
f 3519 3684 3520
f 5869 5897 5907
f 5889 3343 3345
f 5887 5856 5859
f 3683 3682 3855
f 5643 5891 5896
f 5186 5429 5434
f 5029 4825 5028
f 3682 3681 3854
f 3851 4004 4005
f 3850 4004 3851
f 4130 4131 4005
f 4005 3852 3851
f 3852 3679 3851
f 4005 4004 4130
f 4130 4304 4306
f 4128 4304 4130
f 4544 4548 4306
f 4544 4306 4304
f 4130 4306 4131
f 4735 4544 4539
f 3852 4005 4006
f 4128 4130 4004
f 3853 4006 4007
f 4006 3853 3852
f 4007 4135 4008
f 4007 3854 3853
f 3854 3681 3853
f 4007 4006 4133
f 4308 4131 4306
f 4131 4308 4133
f 4135 4133 4310
f 4133 4135 4007
f 4310 4554 4312
f 4310 4133 4308
f 4006 4131 4133
f 4306 4548 4308
f 3854 4007 4008
f 4131 4006 4005
f 3853 3680 3852
f 4308 4551 4310
f 5089 4941 4937
f 4735 4941 4740
f 4740 4943 4746
f 4735 4740 4544
f 4548 4544 4740
f 4740 4941 4943
f 3459 5089 3456
f 5089 3459 5092
f 4943 5092 5096
f 5089 5092 4941
f 4943 4941 5092
f 5092 3459 3460
f 4548 4740 4746
f 4937 4941 4735
f 4551 4746 4753
f 4746 4551 4548
f 4947 4950 4753
f 4753 4554 4551
f 4310 4551 4554
f 4753 4746 4947
f 5096 3460 3461
f 5096 5092 3460
f 3461 5099 5096
f 5099 4950 4947
f 5099 3461 3462
f 5096 5099 4947
f 5096 4947 4943
f 3459 3601 3460
f 4554 4753 4760
f 4746 4943 4947
f 4308 4548 4551
f 3456 3597 3459
f 4135 4310 4312
f 4539 4544 4304
f 3855 4008 4009
f 4008 3855 3854
f 4136 4138 4009
f 4009 3856 3855
f 3856 3683 3855
f 4009 4008 4136
f 4136 4312 4314
f 4135 4312 4136
f 4557 4559 4314
f 4557 4314 4312
f 4136 4314 4138
f 4760 4557 4554
f 3856 4009 4010
f 4312 4554 4557
f 4138 4010 4009
f 3857 3856 4010
f 3857 4011 3858
f 3857 3685 3684
f 3520 3684 3685
f 3857 4010 4011
f 4317 4138 4314
f 4138 4317 4139
f 4139 4320 4145
f 4138 4139 4010
f 4139 4145 4011
f 4320 4139 4317
f 4011 4010 4139
f 4314 4559 4317
f 3685 3857 3858
f 3684 3856 3857
f 3682 3854 3855
f 4317 4562 4320
f 4950 4952 4760
f 4753 4950 4760
f 4952 4955 4768
f 4760 4768 4557
f 4559 4557 4768
f 4760 4952 4768
f 5101 3462 3463
f 5101 5099 3462
f 3463 5106 5101
f 5106 4955 4952
f 5106 3463 3464
f 5101 5106 4952
f 4952 4950 5101
f 3461 3608 3462
f 4559 4768 4774
f 5099 5101 4950
f 4955 4957 4774
f 4955 4774 4768
f 4777 4562 4774
f 4777 4564 4562
f 4559 4774 4562
f 4774 4957 4777
f 5110 3464 3465
f 5110 5106 3464
f 3465 5113 5110
f 5113 4962 4957
f 3465 3617 3466
f 5110 5113 4957
f 4957 4955 5110
f 3463 3613 3464
f 4777 4957 4962
f 5106 5110 4955
f 4317 4559 4562
f 3462 3610 3463
f 4320 4562 4564
f 4008 4135 4136
f 3856 3684 3683
f 3460 3605 3461
f 3347 3520 3521
f 3850 3851 3678
f 5019 4808 5015
f 3464 3615 3465
f 3579 3729 3731
f 3729 3579 3576
f 3905 3906 3731
f 3731 3582 3579
f 3444 3579 3582
f 3731 3729 3905
f 4201 4043 4042
f 3904 4043 3905
f 4044 3905 4043
f 4044 3906 3905
f 3729 3904 3905
f 4044 4043 4203
f 3582 3731 3732
f 3727 3904 3729
f 3585 3732 3734
f 3732 3585 3582
f 3734 3911 3735
f 3734 3588 3585
f 3448 3585 3588
f 3734 3732 3908
f 4045 3906 4044
f 3906 4045 3908
f 3911 3908 4046
f 3908 3911 3734
f 4206 4208 4046
f 4046 3908 4045
f 3732 3906 3908
f 4046 4045 4206
f 3588 3734 3735
f 3906 3732 3731
f 3446 3582 3585
f 4045 4044 4204
f 4637 4416 4413
f 4201 4416 4203
f 4420 4203 4416
f 4203 4420 4204
f 4043 4201 4203
f 4420 4416 4639
f 4637 4883 4884
f 4636 4883 4637
f 4884 4886 4639
f 4884 4639 4637
f 4416 4637 4639
f 4884 4883 5076
f 4420 4639 4641
f 4416 4201 4413
f 4641 4422 4420
f 4204 4422 4206
f 4425 4206 4422
f 4425 4208 4206
f 4045 4204 4206
f 4425 4422 4643
f 4641 4886 4888
f 4639 4886 4641
f 4643 4888 4891
f 4888 4643 4641
f 4891 4645 4643
f 4891 4888 5084
f 4422 4641 4643
f 4888 4886 5081
f 4643 4645 4425
f 4204 4420 4422
f 4044 4203 4204
f 4886 4884 5078
f 4046 4047 3911
f 4043 3904 4042
f 3590 3735 3737
f 3735 3590 3588
f 3737 3915 3739
f 3737 3593 3590
f 3454 3590 3593
f 3737 3735 3913
f 3913 4047 4048
f 3911 4047 3913
f 3915 4048 4049
f 4048 3915 3913
f 3737 3913 3915
f 4048 4047 4209
f 3593 3737 3739
f 4208 4047 4046
f 3597 3739 3740
f 3739 3597 3593
f 3601 3740 3742
f 3740 3601 3597
f 3459 3597 3601
f 3740 3739 3917
f 3917 4049 4050
f 3915 4049 3917
f 4217 4051 4050
f 4050 3919 3917
f 3917 3919 3740
f 4051 3919 4050
f 3742 3740 3919
f 4050 4049 4214
f 3605 3601 3742
f 3915 3917 3739
f 3456 3593 3597
f 4049 4048 4211
f 4645 4428 4425
f 4208 4428 4209
f 4209 4428 4431
f 4209 4211 4048
f 4047 4208 4209
f 4209 4431 4211
f 4894 4645 4891
f 4645 4894 4646
f 4646 4898 4648
f 4645 4646 4428
f 4648 4431 4646
f 4898 4646 4894
f 4431 4428 4646
f 4898 4894 5090
f 4211 4431 4433
f 4425 4428 4208
f 4214 4433 4437
f 4648 4433 4431
f 4437 4652 4439
f 4437 4217 4214
f 4050 4214 4217
f 4437 4433 4650
f 4901 4648 4898
f 4648 4901 4650
f 4652 4650 4905
f 4650 4652 4437
f 4905 5098 4908
f 4905 4650 4901
f 4433 4648 4650
f 4905 4901 5095
f 4437 4439 4217
f 4211 4433 4214
f 4049 4211 4214
f 4901 4898 5093
f 4652 4905 4908
f 3735 3911 3913
f 3451 3588 3590
f 4894 4891 5087
f 7184 7183 5076
f 5076 7183 7182
f 5076 5078 4884
f 5076 7185 7184
f 5076 6142 5078
f 7182 7181 6142
f 6142 7180 3346
f 7180 6142 7181
f 5076 7182 6142
f 3346 5078 6142
f 3346 3349 5081
f 3346 5081 5078
f 5081 3349 5084
f 5084 5087 4891
f 4888 5081 5084
f 5084 3351 5087
f 7179 7178 6000
f 3346 7179 6000
f 3349 6000 6011
f 3349 3351 5084
f 3351 3353 5087
f 3349 3532 3351
f 3349 3346 6000
f 3534 3353 3351
f 5090 5087 3353
f 7179 3346 7180
f 4886 5078 5081
f 6000 7178 7177
f 6011 7177 7176
f 6000 7177 6011
f 3532 3349 6011
f 6011 7175 3532
f 6011 7176 7175
f 7175 7174 3532
f 7173 3711 7174
f 3532 7174 3711
f 3534 3711 3712
f 3711 3534 3532
f 7169 3907 6001
f 6001 3712 3711
f 3534 3712 3536
f 6001 3711 7171
f 3711 7172 7171
f 7170 7169 6001
f 7168 3907 7169
f 7170 6001 7171
f 6001 3907 3712
f 7172 3711 7173
f 3351 3532 3534
f 3534 3536 3353
f 3353 3356 5090
f 3356 3353 3536
f 3356 3538 3358
f 3356 5093 5090
f 4898 5090 5093
f 3356 3536 3538
f 3713 3907 3909
f 3712 3907 3713
f 3714 3713 3909
f 3713 3714 3538
f 3536 3713 3538
f 3909 3907 6143
f 5093 3356 3358
f 3712 3713 3536
f 5095 3358 3362
f 3358 5095 5093
f 3362 3543 3365
f 3362 5098 5095
f 4905 5095 5098
f 3362 3358 3541
f 3541 3714 3716
f 3538 3714 3541
f 3716 3910 3912
f 3910 3716 3714
f 3716 3543 3541
f 3716 3912 3718
f 3362 3541 3543
f 3910 3714 3909
f 5098 3362 3365
f 3538 3541 3358
f 4901 5093 5095
f 3910 3909 4140
f 7167 7166 6143
f 4140 6143 7166
f 3909 6143 4140
f 6143 7168 7167
f 4140 7166 7165
f 4140 7165 7164
f 3360 7163 7162
f 7163 3360 7164
f 3360 7162 7161
f 3360 4140 7164
f 4143 4140 3360
f 6002 3360 7161
f 3364 3360 6002
f 4146 4143 3364
f 6002 3555 3364
f 3910 4140 4143
f 3555 6002 7159
f 7161 7160 6002
f 7158 3555 7159
f 7157 3555 7158
f 6002 7160 7159
f 4146 3912 4143
f 3360 3364 4143
f 4143 3912 3910
f 3716 3718 3543
f 7168 6143 3907
f 4894 5087 5090
f 3919 3921 3742
f 7185 5076 4883
f 3921 3919 4051
f 3605 3742 3744
f 3921 4051 4052
f 3742 3921 3744
f 3608 3605 3744
f 4052 3923 3921
f 4220 4439 4444
f 4217 4439 4220
f 4222 4220 4444
f 4220 4222 4052
f 4051 4220 4052
f 4444 4439 4654
f 3744 3921 3923
f 4217 4220 4051
f 3744 3746 3608
f 3746 3744 3923
f 3746 3925 3748
f 3746 3610 3608
f 3462 3608 3610
f 3746 3923 3925
f 4053 4222 4224
f 4053 4052 4222
f 4224 4222 4448
f 4224 4054 4053
f 4053 4054 3925
f 4448 4658 4450
f 3925 3923 4053
f 4448 4222 4444
f 3610 3746 3748
f 4052 4053 3923
f 3461 3605 3608
f 4448 4444 4656
f 4654 4908 4912
f 4652 4908 4654
f 5102 3370 5105
f 5102 4912 4908
f 4656 4654 4912
f 3365 5102 5098
f 3543 3545 3365
f 3545 3543 3718
f 3545 3718 3721
f 3545 3370 3365
f 5102 3365 3370
f 3545 3547 3370
f 4912 5102 5105
f 5098 5102 4908
f 5105 3370 3373
f 4915 4912 5105
f 4915 5108 4918
f 4915 4658 4656
f 4448 4656 4658
f 4915 5105 5108
f 3547 3721 3722
f 3545 3721 3547
f 3547 3549 3373
f 3370 3547 3373
f 3373 3377 5108
f 3549 3547 3722
f 5108 5105 3373
f 3722 3721 3916
f 4658 4915 4918
f 4656 4912 4915
f 4444 4654 4656
f 3721 3718 3914
f 4224 4448 4450
f 4652 4654 4439
f 3613 3748 3751
f 3748 3613 3610
f 3926 4055 3929
f 3926 3751 3748
f 3615 3613 3751
f 4054 3926 3925
f 4450 4658 4661
f 4226 4224 4450
f 4226 4450 4453
f 4226 4055 4054
f 3926 4054 4055
f 4226 4227 4055
f 3751 3926 3929
f 4054 4224 4226
f 3929 4055 4056
f 3752 3751 3929
f 3752 3931 3755
f 3752 3617 3615
f 3465 3615 3617
f 3752 3929 3931
f 4453 4457 4227
f 4226 4453 4227
f 4056 4229 4057
f 4055 4227 4056
f 4460 4229 4457
f 4229 4056 4227
f 3931 3929 4056
f 4227 4457 4229
f 4056 4057 3931
f 3615 3751 3752
f 3464 3613 3615
f 4453 4450 4661
f 4661 4918 4920
f 4658 4918 4661
f 5112 3380 5115
f 5112 4920 4918
f 4664 4661 4920
f 3377 5112 5108
f 3377 3549 3550
f 3373 3549 3377
f 3726 3550 3724
f 3724 3550 3549
f 3550 3380 3377
f 3550 3551 3380
f 5112 3377 3380
f 3724 3549 3722
f 4920 5112 5115
f 5112 4918 5108
f 4457 4664 4668
f 4661 4664 4453
f 4923 5117 4926
f 4923 4668 4664
f 4457 4668 4460
f 5115 4923 4920
f 3380 3383 5115
f 3383 3380 3551
f 3383 3552 3385
f 3383 5117 5115
f 3730 3552 3728
f 3552 3383 3551
f 4923 5115 5117
f 3550 3726 3551
f 3383 3385 5117
f 4920 4923 4664
f 4457 4453 4664
f 3551 3728 3552
f 4923 4926 4668
f 3748 3925 3926
f 3463 3610 3613
f 3724 3722 3918
f 3914 4146 4147
f 3912 4146 3914
f 3367 3371 4147
f 4147 3916 3914
f 3916 3721 3914
f 4147 4146 3367
f 3367 3555 3557
f 3364 3555 3367
f 6144 6145 3557
f 6144 3557 3555
f 3367 3557 3371
f 7156 6144 7157
f 3916 4147 4149
f 3364 3367 4146
f 3371 3374 4149
f 3371 4149 4147
f 4151 3918 4149
f 3918 4151 3920
f 3916 4149 3918
f 4149 3374 4151
f 3559 3757 3758
f 3557 3757 3559
f 3758 3562 3559
f 3562 3376 3374
f 3758 4383 3763
f 3559 3562 3374
f 3371 3559 3374
f 3758 3757 4382
f 4151 3374 3376
f 3557 3559 3371
f 3918 3722 3916
f 3557 6145 3757
f 7156 7155 6145
f 6145 7155 7154
f 3757 6145 6146
f 6144 7156 6145
f 6145 7154 6146
f 7154 7153 6146
f 7151 4382 7152
f 6146 7153 7152
f 6146 7152 4382
f 4382 7150 4638
f 7150 4382 7151
f 4638 6003 4640
f 4638 4383 4382
f 3757 6146 4382
f 4638 7150 7149
f 4638 7149 7148
f 6003 7147 7146
f 7147 6003 7148
f 6003 7146 3337
f 6003 4638 7148
f 4383 4638 4640
f 4382 4383 3758
f 3562 3758 3763
f 7157 6144 3555
f 3726 3920 3922
f 3918 3920 3724
f 3376 3379 4153
f 4153 3922 3920
f 3728 3726 3922
f 3376 4153 4151
f 3763 4383 4384
f 3564 3562 3763
f 3765 3763 4384
f 3765 3564 3763
f 3376 3564 3379
f 4640 4384 4383
f 4153 4156 3922
f 3376 3562 3564
f 4156 4153 3379
f 3728 3922 3924
f 4156 3379 3382
f 3922 4156 3924
f 3728 3924 3730
f 3382 4157 4156
f 3567 3765 3768
f 3564 3765 3567
f 3768 3765 4385
f 3768 3569 3567
f 4386 3768 4385
f 4385 4644 4386
f 3379 3567 3382
f 4385 3765 4384
f 3567 3569 3382
f 3564 3567 3379
f 3551 3726 3728
f 4385 4384 4642
f 3337 7146 7145
f 4640 6003 3337
f 3337 5714 3339
f 3337 4642 4640
f 4384 4640 4642
f 3337 7145 7144
f 3337 7144 7143
f 5714 7142 7141
f 7142 5714 7143
f 5714 7141 6147
f 5714 3337 7143
f 4642 3337 3339
f 7140 6147 7141
f 5717 5714 6147
f 3341 3339 5717
f 5717 6147 5914
f 4642 3339 4644
f 7139 5914 6147
f 6147 7140 7139
f 7139 7138 5914
f 7138 7137 5914
f 5914 7137 7136
f 3341 4644 3339
f 3339 5714 5717
f 4385 4642 4644
f 4157 3924 4156
f 3920 4151 4153
f 3724 3920 3726
f 3755 3617 3752
f 3912 3914 3718
f 3460 3601 3605
f 5113 3465 3466
f 5142 5306 5402
f 5033 4829 5031
f 7581 3860 7582
f 6092 7583 7582
f 7583 6092 7584
f 7582 3860 6092
f 7617 4021 4019
f 6091 4019 3860
f 7616 4021 7617
f 4019 4021 3860
f 7617 4019 7618
f 6092 3860 3862
f 7580 3860 7581
f 7585 7584 3698
f 7586 3698 7587
f 3698 7586 7585
f 3862 3698 6092
f 7615 4021 7616
f 4021 7615 7614
f 7614 5991 4021
f 5991 6183 3862
f 4021 5991 3862
f 3862 3860 4021
f 7614 7613 5991
f 7584 6092 3698
f 7624 7623 6317
f 7623 7622 6311
f 6311 4333 6317
f 7623 6311 6317
f 6315 4336 6313
f 6317 6315 7624
f 6315 6313 7624
f 6317 4333 6315
f 7625 7624 6313
f 4333 6311 6308
f 7626 7625 6314
f 7628 7627 6319
f 7627 7626 6316
f 6314 4336 6316
f 7626 6314 6316
f 6307 4338 6319
f 6316 6307 7627
f 7627 6307 6319
f 4338 6328 6319
f 6319 6328 7628
f 6313 4336 6314
f 7628 6328 7629
f 6314 7625 6313
f 4336 6307 6316
f 3862 3864 3698
f 6093 7618 4019
f 6183 3864 3862
f 3700 3698 3864
f 3700 7588 7587
f 7588 3700 6095
f 6183 6094 3864
f 6183 7613 7612
f 5991 7613 6183
f 7612 7611 6183
f 6183 7611 6094
f 3700 3864 3866
f 3866 3702 3700
f 7589 6095 7590
f 7591 7590 6095
f 3700 3702 6095
f 7610 6094 7611
f 6094 7610 7609
f 7609 7608 3866
f 6337 6383 7636
f 6094 7609 3866
f 3866 3864 6094
f 7588 6095 7589
f 7630 6321 7631
f 7632 7631 6325
f 7632 6323 7633
f 6325 6323 7632
f 6330 7629 6328
f 7630 7629 6330
f 4341 6321 6332
f 6332 6321 6330
f 7630 6330 6321
f 6325 6321 4341
f 6325 7631 6321
f 6330 6328 4338
f 6323 6325 6336
f 7633 6324 7634
f 7635 7634 6322
f 7636 7635 6229
f 6322 6229 7635
f 6324 6336 5992
f 6323 6336 6324
f 5992 6229 6322
f 6229 5992 6337
f 5992 6326 6377
f 5992 6322 6324
f 7634 6324 6322
f 4341 6336 6325
f 6337 7636 6229
f 6323 6324 7633
f 6336 6331 5992
f 6191 7591 6095
f 3698 3700 7587
f 4338 6332 6330
f 6675 6400 6393
f 4333 6400 6318
f 6318 6400 6674
f 6318 6395 4336
f 6318 6315 4333
f 6318 6674 6395
f 6675 6674 6400
f 6673 6672 6240
f 6395 6674 6673
f 6399 6395 6673
f 4333 6393 6400
f 6673 6397 6399
f 6307 4336 6399
f 6413 4831 6406
f 6399 6404 6307
f 6307 6404 4338
f 6404 6399 4596
f 6397 6240 5995
f 6397 6673 6240
f 4596 5995 6413
f 5995 4596 6397
f 4596 6413 6404
f 6413 5995 6403
f 4596 6399 6397
f 6240 6672 6620
f 6413 7689 6404
f 6395 6399 4336
f 6318 4336 6315
f 6240 6401 5995
f 6620 6396 6621
f 6396 6620 6671
f 6401 6621 6398
f 6621 6401 6620
f 6401 6240 6620
f 6621 6396 6671
f 6621 6671 6670
f 6669 6398 6670
f 6398 6669 6402
f 6398 6621 6670
f 6398 5995 6401
f 6671 6620 6672
f 6402 6668 6403
f 6398 6402 5995
f 4831 6403 6407
f 6411 6099 4831
f 6402 6403 5995
f 6410 6411 4831
f 6668 6667 6407
f 6666 6410 6667
f 6407 6410 4831
f 6666 6412 6410
f 6667 6410 6407
f 6403 6668 6407
f 6411 6410 6412
f 6668 6402 6669
f 6403 4831 6413
f 6404 6414 4338
f 6327 6338 7687
f 6327 6329 4341
f 6335 7685 6333
f 6335 4341 6329
f 6332 4338 6327
f 6335 6329 7686
f 6414 7688 6338
f 4338 6414 6338
f 6329 6327 7687
f 7685 6335 7686
f 7687 7686 6329
f 4341 6335 6333
f 4338 6338 6327
f 6231 6331 6334
f 5992 6331 6231
f 6376 7682 7681
f 5992 6231 6376
f 6326 5992 6376
f 6376 6231 7682
f 6334 6333 7684
f 4341 6333 6334
f 7684 7683 6334
f 6334 7683 6231
f 7682 6231 7683
f 7684 6333 7685
f 4341 6334 6331
f 4341 6332 6327
f 6406 4831 6409
f 7689 6406 7690
f 6405 7691 7690
f 6414 7689 7688
f 7690 6406 6405
f 6665 6664 6412
f 6666 6665 6412
f 4831 6099 6409
f 6409 6408 6405
f 6409 6099 4833
f 6411 6412 6099
f 6409 6405 6406
f 6664 6099 6412
f 7689 6413 6406
f 7693 7692 6408
f 7692 7691 6408
f 6409 4833 6408
f 7693 6408 4833
f 4836 4833 6098
f 4836 7695 7694
f 4836 7694 4833
f 7694 7693 4833
f 6098 4833 6099
f 6405 6408 7691
f 6338 7688 7687
f 6663 6098 6099
f 6376 7681 6326
f 7689 6414 6404
f 6336 4341 6331
f 6337 5992 6366
f 6191 6214 7591
f 7592 6214 7593
f 7593 6214 6340
f 7593 6339 7594
f 7593 6340 6339
f 6191 3702 3705
f 6095 3702 6191
f 6096 6191 3705
f 6096 6340 6191
f 6214 6191 6340
f 3702 3868 3705
f 6339 6340 6096
f 7592 7591 6214
f 7594 6452 7595
f 6651 6550 7595
f 6550 6651 6549
f 6342 7595 6550
f 7595 6452 6651
f 6452 6096 6346
f 6339 6096 6452
f 6341 6343 7601
f 6344 6096 6341
f 6346 6096 6353
f 6343 6341 3705
f 6651 6452 6346
f 6341 6096 3705
f 6651 6346 6633
f 6339 6452 7594
f 3705 6450 6343
f 6348 3868 7608
f 3868 6348 6349
f 6352 6348 7606
f 6097 3868 6349
f 7606 6348 7607
f 7608 7607 6348
f 7640 6372 7641
f 6348 6352 6349
f 3866 7608 3868
f 6097 6352 6418
f 6352 6097 6349
f 6347 6097 6418
f 6097 6347 6450
f 3705 3868 6097
f 6418 6352 6634
f 6232 7642 7641
f 7642 6369 7643
f 7605 6634 6352
f 7604 6634 7605
f 6369 6566 7643
f 6635 6418 6634
f 6352 7606 7605
f 6450 3705 6097
f 6232 6369 7642
f 7602 6343 6450
f 6345 6549 6651
f 6550 6549 6342
f 6651 6633 6345
f 6549 6345 7597
f 7597 6342 6549
f 6353 6354 7599
f 6347 6635 7603
f 7601 6344 6341
f 7600 6354 6344
f 7601 6343 7602
f 6344 6354 6096
f 6350 6635 6634
f 6353 6633 6346
f 6353 6096 6354
f 7597 6345 6633
f 6342 7597 7596
f 7598 7597 6633
f 7599 7598 6353
f 7602 6347 7603
f 7601 7600 6344
f 7602 6450 6347
f 6354 7600 7599
f 6633 6353 7598
f 7595 6342 7596
f 7603 6635 7604
f 7645 6562 6357
f 6635 6350 7604
f 7644 7643 6351
f 7644 6564 6560
f 6560 6559 6363
f 7644 6560 7645
f 7645 6560 6363
f 6363 6559 6562
f 6562 7645 6363
f 6564 6390 6560
f 7646 7645 6357
f 6634 7604 6350
f 7648 7647 6356
f 6361 6356 4027
f 6356 6361 7648
f 7648 6361 7649
f 6356 7647 6358
f 6357 6637 6551
f 6551 7646 6357
f 4027 6358 6391
f 6358 4027 6356
f 4027 6391 6384
f 6391 6358 6551
f 6551 6358 7646
f 6357 6562 6561
f 6387 6361 4027
f 7647 7646 6358
f 6637 6391 6551
f 6418 6635 6347
f 6351 6564 7644
f 6367 7637 6383
f 7637 6367 7638
f 6365 7638 6367
f 7638 6365 7639
f 6365 6367 4154
f 6383 6337 4154
f 4154 6337 6366
f 6366 6379 4154
f 6379 6366 6381
f 6367 6383 4154
f 6381 6366 6375
f 6368 6365 4154
f 6366 5992 6377
f 6368 4154 6230
f 7640 7639 6368
f 6230 6374 5993
f 6230 6372 6368
f 6368 6372 7640
f 6374 6230 4154
f 6380 6379 7675
f 4154 6379 6380
f 6374 6378 6382
f 6380 6378 4154
f 6382 7674 7673
f 6382 6378 7674
f 4154 6378 6374
f 6378 6380 7675
f 6374 6382 6370
f 6365 6368 7639
f 6379 6381 7676
f 6375 6377 7680
f 6377 6375 6366
f 7680 7679 6375
f 7678 6375 7679
f 7681 7680 6326
f 7696 4836 7697
f 7695 4836 7696
f 7697 4836 7698
f 6377 6326 7680
f 7677 6381 7678
f 6381 7677 7676
f 6381 6375 7678
f 4838 7698 4836
f 7699 7698 4838
f 4838 7700 7699
f 6105 4838 4836
f 4838 6105 6104
f 6379 7676 7675
f 7674 6378 7675
f 6105 4836 6098
f 5993 6372 6230
f 6383 7637 7636
f 6373 6369 6232
f 6566 6369 6373
f 6563 6566 6385
f 7643 6566 6563
f 6232 7641 6372
f 6385 6636 6563
f 5993 6371 6373
f 5993 6373 6232
f 6565 7671 6385
f 6373 6565 6566
f 6385 6566 6565
f 6371 6565 6373
f 6351 6563 6636
f 6374 6370 5993
f 6559 7669 6561
f 6564 6558 6390
f 6637 6561 7669
f 6357 6561 6637
f 6390 6559 6560
f 7669 6384 6637
f 6636 7670 6558
f 6351 6636 6558
f 7669 6559 6390
f 6384 7669 7668
f 6390 6558 7670
f 6351 6558 6564
f 6636 6385 7670
f 6384 7668 6389
f 6559 6561 6562
f 6384 6391 6637
f 7670 7669 6390
f 7672 6370 7673
f 6370 7672 6371
f 7671 6371 7672
f 6565 6371 7671
f 5993 6370 6371
f 7701 4838 4840
f 7701 4840 7702
f 6104 4840 4838
f 7700 4838 7701
f 6382 7673 6370
f 7705 7704 6107
f 7705 6107 7706
f 6422 4840 6104
f 7703 4840 6107
f 5051 4840 6422
f 5051 4842 4840
f 4842 6107 4840
f 5051 6422 6653
f 7704 7703 6107
f 7702 4840 7703
f 6427 5053 5051
f 7670 6385 7671
f 6104 6105 6656
f 6106 7706 6107
f 6372 5993 6232
f 6563 6351 7643
f 6098 6660 6105
f 3866 3868 3702
f 6423 6422 6104
f 6754 6103 6755
f 6755 6103 6756
f 6103 6102 6756
f 6121 5350 6122
f 5350 6121 5352
f 5352 6103 5350
f 5352 5208 6103
f 6103 6753 5350
f 5352 6121 7836
f 6756 6102 6757
f 6754 6753 6103
f 6759 6758 6102
f 6759 5354 6760
f 6759 6102 5354
f 5208 5352 7834
f 6102 6103 5208
f 7835 7834 5352
f 5208 6101 6102
f 7836 7835 5352
f 7833 5208 7834
f 5354 6761 6760
f 6758 6757 6102
f 7836 6121 7837
f 7839 6120 7840
f 7849 6123 7850
f 7838 6122 7839
f 7849 3838 4134
f 4134 4503 4515
f 4515 4503 4879
f 4137 4134 4515
f 4134 4137 6123
f 7849 4134 6123
f 4879 4880 4515
f 7839 6122 6120
f 6121 6122 7838
f 4137 7851 6123
f 7852 4137 7853
f 4137 7852 7851
f 6124 4137 4521
f 4137 6124 7853
f 6124 7854 7853
f 6124 4521 6125
f 4521 4137 4515
f 6123 7851 7850
f 7837 6121 7838
f 4880 4521 4515
f 6122 5350 5491
f 6662 6098 6663
f 6764 6219 6415
f 6763 6762 6219
f 6100 6219 6762
f 6100 6416 6219
f 6764 6763 6219
f 6100 6761 5354
f 6764 6415 6765
f 6761 6100 6762
f 6765 6417 6766
f 6098 6662 6661
f 6766 6417 6419
f 6415 6416 5362
f 6219 6416 6415
f 6100 6442 5362
f 5362 6434 6417
f 6442 6439 6440
f 6415 5362 6417
f 6417 6765 6415
f 6100 5362 6416
f 6766 6419 6767
f 6664 6663 6099
f 6100 5356 6442
f 7832 6101 5208
f 6101 7831 7830
f 7832 7831 6101
f 5354 6101 5356
f 7832 5208 7833
f 6125 4529 6126
f 6125 7855 7854
f 4529 6125 4521
f 7855 6125 7856
f 6125 7854 6124
f 5354 6102 6101
f 5356 7830 7829
f 7830 5356 6101
f 7829 6439 5356
f 6442 5356 6439
f 6126 7856 6125
f 7856 6126 7857
f 4536 7858 6126
f 4536 7859 7858
f 6126 7858 7857
f 4536 6126 4529
f 7828 6439 7829
f 6100 5354 5356
f 4521 4881 4529
f 6442 6440 5362
f 4529 4882 4536
f 5259 5353 5355
f 5355 5353 5421
f 5262 5259 5355
f 5259 5262 5275
f 5275 5272 5259
f 5421 5613 5423
f 5807 4352 4355
f 4355 4352 4616
f 5809 5807 4355
f 5807 5809 5613
f 5613 5611 5807
f 4355 4616 4618
f 5355 5421 5423
f 5421 5611 5613
f 5275 5278 4880
f 5278 5275 5262
f 5265 5262 5357
f 5262 5265 5278
f 4881 4880 5278
f 5423 5357 5355
f 5613 5615 5423
f 5615 5613 5809
f 4618 4359 4355
f 4359 5810 5809
f 5809 5810 5615
f 4618 4837 4620
f 5423 5615 5426
f 4355 4359 5809
f 5357 5423 5426
f 5355 5357 5262
f 4879 5275 4880
f 4618 4616 4834
f 5034 5189 5191
f 5191 5189 5448
f 5037 5034 5191
f 5034 5037 4834
f 4834 4832 5034
f 5448 5644 5451
f 5896 5869 5876
f 5869 5907 5876
f 5899 5644 5896
f 3521 3350 3347
f 5644 5643 5896
f 5907 3347 3350
f 5191 5448 5451
f 5448 5643 5644
f 5899 5646 5644
f 5192 5037 5191
f 5876 5886 5899
f 5451 5644 5646
f 4834 5037 4837
f 5876 5899 5896
f 5907 5913 5876
f 5913 5907 3350
f 3686 3522 3521
f 3522 3354 3350
f 3354 5913 3350
f 3522 3686 3687
f 5876 5913 5886
f 3521 3522 3350
f 4837 5037 5038
f 5451 5192 5191
f 4618 4834 4837
f 3858 3686 3685
f 4359 4618 4620
f 4616 4832 4834
f 5265 5357 5358
f 5281 5278 5265
f 5268 5265 5358
f 5265 5268 5281
f 4882 4881 5281
f 5426 5358 5357
f 5810 4359 4363
f 5615 5810 5617
f 5192 5038 5037
f 4837 5038 4841
f 4363 4359 4620
f 4620 4837 4841
f 5428 5358 5426
f 5426 5615 5617
f 5359 5358 5428
f 5268 5284 5281
f 5617 5428 5426
f 5359 5268 5358
f 5281 5284 4882
f 5617 5813 5618
f 4620 4622 4363
f 4622 4620 4841
f 4365 4363 4622
f 4365 5813 4363
f 4843 4622 4841
f 4843 4841 5039
f 5813 5810 4363
f 5039 4841 5038
f 5617 5618 5428
f 5810 5813 5617
f 4529 4881 4882
f 5039 5038 5193
f 5451 5453 5192
f 5453 5451 5646
f 5649 5646 5902
f 5646 5649 5453
f 5193 5192 5453
f 5886 5902 5899
f 5913 5919 5886
f 5919 5913 3354
f 3687 3523 3522
f 3523 3357 3354
f 3354 3357 5919
f 3523 3687 3688
f 5886 5919 5893
f 3522 3523 3354
f 5902 5886 5893
f 5899 5902 5646
f 5453 5455 5193
f 5455 5453 5649
f 5652 5649 5904
f 5652 5455 5649
f 5193 5455 5194
f 5893 5904 5902
f 5919 5928 5893
f 5928 5919 3357
f 3688 3524 3523
f 3524 3359 3357
f 3359 5928 3357
f 3524 3688 3689
f 5893 5928 5901
f 3523 3524 3357
f 5893 5901 5904
f 5902 5904 5649
f 5038 5192 5193
f 3688 3687 3861
f 5193 5194 5039
f 4881 5278 5281
f 4521 4880 4881
f 3687 3686 3859
f 4885 4536 4882
f 4879 5272 5275
f 6658 6105 6659
f 6769 5343 6110
f 6109 6434 5362
f 6419 6434 5343
f 5343 6768 6419
f 6768 5343 6769
f 6768 6767 6419
f 6434 6109 5343
f 6770 6769 6110
f 6105 6658 6657
f 6435 6420 6772
f 6656 6105 6657
f 6110 6435 6770
f 6772 6771 6435
f 6110 5344 6437
f 6110 6421 6435
f 5344 7823 7822
f 5343 5344 6110
f 6420 6435 6421
f 6771 6770 6435
f 5210 6421 6110
f 6659 6105 6660
f 5343 6109 5344
f 6438 6440 7826
f 5362 6440 6438
f 7825 6438 7826
f 6438 6433 6441
f 6438 6441 5362
f 7826 6440 7827
f 7860 7859 4536
f 6127 4536 4885
f 7827 6439 7828
f 5284 4885 4882
f 6440 6439 7827
f 7825 6433 6438
f 6109 6433 7823
f 7824 7823 6433
f 5344 6109 7823
f 7824 6433 7825
f 7860 6127 7861
f 6127 7860 4536
f 7862 7861 6127
f 4885 4889 6127
f 6433 6109 6441
f 6109 5362 6441
f 4889 7862 6127
f 6417 6434 6419
f 6423 6655 6654
f 6774 6447 6424
f 5210 6420 6421
f 6773 6420 6431
f 6431 6420 5210
f 6773 6431 6774
f 6447 6774 6431
f 5210 6447 6431
f 6775 6774 6424
f 6446 6775 6424
f 6653 6775 6446
f 6653 6446 6425
f 6423 6653 6422
f 6427 5051 6653
f 6653 6425 6427
f 5996 6447 6443
f 6446 6424 5996
f 6241 6430 5996
f 6430 5032 6425
f 6430 6241 7816
f 5996 6430 6425
f 6425 6446 5996
f 6447 5996 6424
f 6427 6425 5032
f 6654 6653 6423
f 6104 6656 6655
f 6228 6241 5996
f 5210 6437 6444
f 6437 5344 6436
f 7820 6444 6437
f 6444 7820 7819
f 6445 5210 6444
f 7820 6437 6436
f 6436 7821 7820
f 7822 7821 6436
f 6436 5344 7822
f 7864 7863 4889
f 5210 6110 6437
f 6443 6445 6228
f 5996 6443 6228
f 6228 7817 6241
f 6447 5210 6443
f 6228 7818 7817
f 6445 7819 7818
f 7865 7864 4893
f 6228 6445 7818
f 6444 7819 6445
f 6128 7866 5289
f 6445 6443 5210
f 6241 7817 7816
f 7862 4889 7863
f 6448 6430 7816
f 6772 6420 6773
f 6098 6661 6660
f 7865 4893 7866
f 5268 5271 5284
f 5271 5268 5359
f 5360 5359 5431
f 5359 5360 5271
f 5286 5284 5271
f 5618 5431 5428
f 5813 5817 5618
f 5817 5813 4365
f 4368 4365 4624
f 4365 4368 5817
f 5618 5817 5620
f 4843 4624 4622
f 5431 5618 5620
f 5428 5431 5359
f 5271 5274 5286
f 5274 5271 5360
f 5288 5286 5274
f 5286 5288 4889
f 4885 5284 5286
f 5360 5433 5361
f 5817 5818 5620
f 5818 5817 4368
f 5621 5620 5818
f 5620 5621 5433
f 4368 4371 5818
f 4371 4368 4625
f 5433 5431 5620
f 4625 4368 4624
f 5274 5360 5361
f 5431 5433 5360
f 4889 4885 5286
f 4625 4624 4846
f 5039 5040 4843
f 5040 5039 5194
f 5195 5194 5458
f 5194 5195 5040
f 4846 4843 5040
f 5652 5458 5455
f 5904 5908 5652
f 5904 5901 5908
f 3524 3525 3359
f 3524 3689 3525
f 5936 5928 3359
f 5928 5936 5901
f 5655 5458 5652
f 5455 5458 5194
f 5461 5458 5655
f 5195 5041 5040
f 5908 5655 5652
f 5461 5195 5458
f 5040 5041 4846
f 5908 5905 5910
f 3359 3363 5936
f 3363 3359 3525
f 5944 5936 3363
f 5944 5905 5936
f 3526 3363 3525
f 3526 3525 3690
f 5905 5901 5936
f 3690 3525 3689
f 5908 5910 5655
f 5901 5905 5908
f 4624 4843 4846
f 3690 3689 3865
f 4846 4847 4625
f 4622 4624 4365
f 5361 5433 5436
f 5276 5274 5361
f 5289 5288 5276
f 5288 5289 4893
f 4889 5288 4893
f 5436 5433 5621
f 4625 4626 4371
f 5820 5621 5818
f 5041 4847 4846
f 4625 4847 4626
f 5820 5818 4371
f 4847 5041 5042
f 5363 5276 5361
f 5288 5274 5276
f 5363 5361 5436
f 5363 5279 5276
f 5437 5436 5623
f 5437 5363 5436
f 5276 5279 5289
f 5820 5623 5621
f 4371 4373 5820
f 4373 4371 4626
f 5042 4851 4847
f 4851 4627 4626
f 4627 4373 4626
f 5042 5198 5043
f 5820 4373 5822
f 4847 4851 4626
f 5820 5822 5623
f 5621 5623 5436
f 7866 4893 5289
f 5042 5041 5197
f 5655 5657 5461
f 5657 5655 5910
f 5463 5461 5657
f 5461 5463 5197
f 5197 5195 5461
f 5910 5911 5912
f 3363 3366 5944
f 3366 3363 3526
f 5952 5944 3366
f 5944 5952 5911
f 3526 3527 3366
f 3527 3526 3691
f 5911 5905 5944
f 3691 3526 3690
f 5657 5910 5912
f 5905 5911 5910
f 5657 5660 5463
f 5660 5657 5912
f 5465 5463 5660
f 5465 5198 5463
f 5197 5463 5198
f 5912 5917 5915
f 3366 3369 5952
f 3369 3366 3527
f 5959 5952 3369
f 5959 5917 5952
f 3528 3369 3527
f 3528 3527 3692
f 5917 5911 5952
f 3692 3527 3691
f 5912 5915 5660
f 5911 5917 5912
f 5042 5197 5198
f 3692 3691 3869
f 5042 5043 4851
f 5195 5197 5041
f 7864 4889 4893
f 3691 3690 3867
f 6104 6655 6423
f 3689 3688 3863
f 6384 6389 4027
f 3685 3686 3521
f 7651 6238 6233
f 7651 6233 7652
f 6355 6233 5997
f 6233 6355 7652
f 6233 6238 5997
f 7649 6237 7650
f 7650 6222 6360
f 7650 6360 7651
f 6238 7651 6360
f 6238 6360 6010
f 6238 6223 5997
f 6463 7653 6392
f 7653 6463 7654
f 6552 7654 6463
f 7654 6552 7655
f 6463 3710 6454
f 6392 6355 3710
f 7652 6355 6392
f 7662 7661 6458
f 5997 6458 6459
f 6459 3710 6355
f 7661 6459 6458
f 6463 6392 3710
f 5997 6459 6355
f 3710 6459 6460
f 7652 6392 7653
f 6239 6458 5997
f 6237 6387 5994
f 6387 6237 7649
f 6222 5994 6364
f 5994 6222 6237
f 6222 7650 6237
f 5994 6387 6386
f 6388 7666 6386
f 4027 6388 6386
f 6364 6359 7665
f 6386 6359 5994
f 6364 5994 6359
f 7666 6359 6386
f 6010 6222 6364
f 4027 6386 6387
f 6010 6457 6223
f 6222 6010 6360
f 6239 6223 7663
f 6239 7662 6458
f 6010 6223 6238
f 7663 7662 6239
f 6362 7665 7664
f 6364 7665 6362
f 6457 7664 7663
f 7664 6457 6362
f 6457 7663 6223
f 6010 6362 6457
f 6364 6362 6010
f 6239 5997 6223
f 7666 7665 6359
f 6463 6454 6552
f 4027 6389 6388
f 6552 6554 6455
f 7655 6455 6553
f 6553 6554 6555
f 6553 6556 7655
f 6456 7655 6556
f 6553 6455 6554
f 6460 6461 3710
f 6462 3710 6461
f 6462 6554 6454
f 6462 7658 6554
f 6554 6552 6454
f 6462 6461 7659
f 6553 6557 6556
f 6552 6455 7655
f 6453 6557 6553
f 6456 6557 7657
f 7657 7656 6456
f 7655 6456 7656
f 7657 6557 6453
f 7659 6461 7660
f 6554 7658 6555
f 6462 7659 7658
f 7657 6555 7658
f 6453 6555 7657
f 6555 6453 6553
f 6557 6456 6556
f 7660 6461 6460
f 6459 7661 6460
f 6460 7661 7660
f 7733 6465 6464
f 7729 4168 7730
f 7732 7731 6465
f 7732 6465 7733
f 7731 7730 6132
f 6465 7731 6132
f 7734 7733 6464
f 6466 7735 6451
f 7735 6466 7736
f 7736 6466 6470
f 7736 6652 6467
f 7736 6470 6652
f 6451 6464 6133
f 7734 6464 6451
f 6470 6133 6469
f 6451 6133 6466
f 6469 7738 6470
f 6133 6471 6468
f 6470 6466 6133
f 6464 6465 6476
f 6652 6470 6638
f 7734 6451 7735
f 6462 6454 3710
f 6133 6464 6476
f 6388 6389 7667
f 7666 6388 7667
f 7711 4608 7712
f 7713 4610 7714
f 7712 4610 7713
f 7715 7714 6130
f 7720 7719 6129
f 7722 7721 4358
f 7721 7720 4358
f 7716 6192 7717
f 6129 7719 7718
f 7720 6129 4358
f 4358 6129 4615
f 7718 7717 6192
f 7716 7715 6130
f 4358 4615 4617
f 7718 6192 6129
f 7708 7707 6106
f 7710 7709 4608
f 7709 7708 6106
f 6106 4842 4845
f 6107 4842 6106
f 4608 4845 4848
f 4845 4608 6106
f 7709 6106 4608
f 4842 5053 4845
f 4608 7711 7710
f 7707 7706 6106
f 6130 4610 4613
f 7712 4608 4610
f 6192 4613 4615
f 4613 6192 6130
f 6130 7714 4610
f 4613 4610 4850
f 4848 5056 4850
f 4610 4848 4850
f 4615 4852 4855
f 4850 4852 4613
f 4855 4617 4615
f 4852 6134 4855
f 4852 4615 4613
f 4850 6184 4852
f 6129 6192 4615
f 4848 4610 4608
f 6192 7716 6130
f 4845 5055 4848
f 7722 4358 7723
f 7667 6389 7668
f 7726 7725 6131
f 7727 6131 4168
f 7727 7726 6131
f 7724 7723 4362
f 6131 4362 4367
f 4362 6131 7724
f 7725 7724 6131
f 4617 4362 4358
f 7728 7727 4168
f 4168 4170 6132
f 7728 4168 7729
f 4170 6465 6132
f 6133 4173 6471
f 6132 7730 4168
f 6476 4173 6133
f 4370 4367 4621
f 4168 4367 4370
f 4173 4170 4372
f 4170 4173 6476
f 4372 7745 7744
f 4372 4170 4370
f 4170 4168 4370
f 4372 4370 4623
f 4173 4372 7744
f 4367 4168 6131
f 4367 4362 4619
f 4619 4617 4857
f 4362 4617 4619
f 4623 4621 4861
f 4370 4621 4623
f 4621 4367 4619
f 4621 4619 4859
f 4857 6136 4859
f 4619 4857 4859
f 6504 4861 6507
f 4859 4861 4621
f 6504 6507 4864
f 4861 4859 6137
f 4861 6504 4623
f 4857 4855 6135
f 6478 4623 6504
f 4857 4617 4855
f 6478 7747 7746
f 4372 6478 7746
f 7748 6642 6483
f 4372 4623 6478
f 6479 6504 4864
f 7747 6504 6479
f 6642 6479 6509
f 7747 6479 7748
f 6642 6509 6641
f 6509 6479 4864
f 6642 7748 6479
f 6507 6512 4864
f 6504 7747 6478
f 7746 7745 4372
f 6511 6509 4864
f 4173 6477 6471
f 4358 4362 7723
f 6465 4170 6476
f 6506 6507 4861
f 6468 6469 6133
f 7649 6361 6387
f 6638 6470 7738
f 6467 6638 7738
f 7738 7737 6467
f 7736 6467 7737
f 7739 7738 6469
f 4173 7742 6477
f 7740 6471 6477
f 7740 7739 6468
f 7739 6469 6468
f 7740 6477 7741
f 6652 6638 6467
f 7760 7759 6601
f 6601 6599 6475
f 6601 6473 7760
f 6587 7760 6473
f 6601 7759 6599
f 6605 6489 6600
f 7758 6600 7759
f 7759 6600 6490
f 6600 6585 6490
f 6490 6599 7759
f 7758 6605 6600
f 6599 6490 6585
f 7741 6477 7742
f 7757 6485 6582
f 6485 7757 7756
f 7756 6487 6485
f 6486 4376 6487
f 6486 6487 7755
f 6487 7756 7755
f 7755 7754 6486
f 6485 6487 4376
f 4173 7743 7742
f 6493 6602 6603
f 7758 7757 6493
f 6604 6603 6492
f 6604 6605 6603
f 7757 6582 6493
f 6603 6602 6492
f 6488 6582 6485
f 6582 6488 6583
f 6491 7770 6583
f 6491 6583 6488
f 6582 6583 6493
f 7770 6602 6583
f 6602 6493 6583
f 6485 4376 6488
f 6492 6602 7769
f 6493 6603 7758
f 6603 6605 7758
f 6491 6488 6494
f 6601 6586 6473
f 7743 4173 7744
f 7762 6595 6474
f 6595 7762 7761
f 6595 6597 6474
f 6474 6594 7762
f 6517 7762 6594
f 6595 6591 6520
f 6590 6472 7760
f 7761 6472 6598
f 6598 6592 6591
f 6598 6591 7761
f 6595 7761 6591
f 6472 6593 6598
f 6474 6597 6594
f 6597 6596 6594
f 6517 6596 7764
f 7764 7763 6517
f 6517 6594 6596
f 7764 6596 6597
f 6591 6592 6520
f 7764 6597 6520
f 6592 6519 7765
f 6598 6519 6592
f 6592 7765 6520
f 7765 6519 6593
f 7765 7764 6520
f 6595 6520 6597
f 7762 6517 7763
f 6598 6593 6519
f 6587 6586 6588
f 7760 6587 6590
f 6584 7768 6475
f 6601 6475 6586
f 6590 6587 6589
f 6599 6584 6475
f 6604 7769 6489
f 6605 6604 6489
f 7771 7770 6491
f 6599 6585 6584
f 6585 7768 6584
f 7768 6585 6489
f 6585 6600 6489
f 6604 6492 7769
f 6586 6475 7767
f 6587 6473 6586
f 6589 6518 7766
f 6518 6589 6587
f 7766 6593 6589
f 6593 7766 7765
f 6472 6590 6589
f 7766 6518 6588
f 7770 7769 6602
f 7767 6588 6586
f 7769 7768 6489
f 7767 6475 7768
f 7766 6588 7767
f 6588 6518 6587
f 6593 6472 6589
f 6472 7761 7760
f 6491 6494 7771
f 7748 6567 7749
f 7750 6617 6614
f 7750 7749 6481
f 6639 6572 6481
f 7749 6639 6481
f 6571 6481 6616
f 6571 6617 7750
f 6571 7750 6481
f 6513 6617 6571
f 7751 7750 6480
f 6639 7749 6568
f 6576 7752 6482
f 7752 6576 6612
f 7752 6577 7753
f 6577 7752 6612
f 6482 6579 6576
f 6614 6613 6480
f 6480 7750 6614
f 6573 6505 6575
f 7751 6480 6573
f 6573 6575 7751
f 6574 6575 6505
f 6575 6482 7751
f 6515 6614 6617
f 6575 6574 6482
f 7751 6482 7752
f 6480 6615 6573
f 6483 6569 6567
f 7748 6483 6567
f 6568 6567 6514
f 6639 6568 6516
f 7749 6567 6568
f 6640 6516 6568
f 7784 6569 6641
f 6642 6641 6569
f 7784 6514 6569
f 6514 6640 6568
f 6567 6569 6514
f 7783 6640 6514
f 6516 6640 7783
f 6642 6569 6483
f 7781 7780 6515
f 6570 6617 6513
f 6613 7780 6615
f 6614 6515 6613
f 6617 6570 6515
f 7780 6613 6515
f 6572 7782 6616
f 6572 6639 6516
f 6570 6513 7781
f 6616 6481 6572
f 6570 7781 6515
f 6513 6616 7782
f 6571 6616 6513
f 6572 6516 7782
f 6505 6615 7780
f 6480 6613 6615
f 6505 6573 6615
f 6508 6641 6509
f 6612 6576 6497
f 6581 6498 7753
f 7754 6498 6607
f 6606 6607 6500
f 6607 6606 7754
f 6606 6486 7754
f 6498 6580 6607
f 6484 6610 6611
f 6611 7753 6484
f 6581 6611 6496
f 6608 6498 6581
f 6611 6581 7753
f 6607 6580 6500
f 6648 6606 6500
f 6577 6484 7753
f 6503 4376 6502
f 4376 6503 6494
f 7772 6494 6503
f 6494 7772 7771
f 6488 4376 6494
f 7772 6503 7773
f 6648 6501 6606
f 6501 6648 6499
f 6499 7774 6502
f 6499 6502 6501
f 6502 7773 6503
f 6499 6648 7775
f 4376 6501 6502
f 7775 6648 6500
f 6606 6501 6486
f 7774 7773 6502
f 6497 6609 6612
f 6495 6612 6609
f 6609 7778 6495
f 6495 6610 6577
f 6610 6484 6577
f 6497 7778 6609
f 6505 7779 6574
f 7779 6505 7780
f 6497 6579 7779
f 6482 6574 6579
f 7779 7778 6497
f 7779 6579 6574
f 6579 6497 6576
f 6610 6495 7777
f 6612 6495 6577
f 6496 7776 6608
f 6611 6610 6578
f 6580 6608 7776
f 6498 6608 6580
f 6608 6581 6496
f 6500 7776 7775
f 6610 7777 6578
f 7777 6495 7778
f 7777 6496 6578
f 7776 6496 7777
f 7776 6500 6580
f 6496 6611 6578
f 7775 7774 6499
f 7753 6498 7754
f 6486 6501 4376
f 7740 6468 6471
f 7782 7781 6513
f 6429 5032 6428
f 6427 5032 6429
f 7814 6428 6432
f 7813 6429 6428
f 6429 5053 6427
f 6428 5032 6432
f 6448 7816 7815
f 6432 7815 7814
f 7815 6432 6448
f 5032 6448 6432
f 6429 6426 5053
f 7867 7866 6128
f 7813 6247 6429
f 6426 6247 6108
f 6108 6247 7811
f 6426 6108 5053
f 5055 5053 6108
f 6108 7811 5055
f 6428 7814 7813
f 7812 7811 6247
f 7811 7810 5055
f 6247 7813 7812
f 7809 5055 7810
f 6426 6429 6247
f 5055 4845 5053
f 5289 5291 6128
f 5291 5289 5279
f 5291 7868 6128
f 7868 5291 7869
f 7867 6128 7868
f 5279 5364 5280
f 5623 5625 5437
f 5625 5623 5822
f 5440 5437 5625
f 5437 5440 5364
f 5364 5363 5437
f 5625 5822 5824
f 5291 5279 5280
f 5363 5364 5279
f 5364 5365 5280
f 7870 5291 5280
f 7871 7870 5280
f 7871 5280 5283
f 5440 5625 5626
f 5626 5625 5824
f 5440 5442 5365
f 5365 5283 5280
f 5365 5366 5283
f 5442 5440 5626
f 5365 5364 5440
f 5626 5824 5825
f 7871 5283 7872
f 7870 7869 5291
f 5824 5822 4374
f 6430 6448 5032
f 5056 7808 7807
f 7808 5056 7809
f 7807 7806 5056
f 5998 5056 7806
f 7872 5283 7873
f 5283 7874 7873
f 7874 5283 5366
f 7809 5056 5055
f 5998 7804 6184
f 4850 5998 6184
f 6134 6184 7802
f 6134 7800 7799
f 5056 5998 4850
f 7801 7800 6134
f 7805 7804 5998
f 7803 7802 6184
f 7802 7801 6134
f 6184 7804 7803
f 7805 5998 7806
f 4848 5055 5056
f 5442 5445 5366
f 5365 5442 5366
f 7876 5366 5999
f 5366 7876 7875
f 7874 5366 7875
f 5366 5445 5999
f 5628 5825 5828
f 5626 5825 5628
f 5828 5630 5628
f 5630 5446 5445
f 5630 5828 5829
f 5628 5630 5445
f 5442 5628 5445
f 5828 5825 4377
f 5999 5445 5446
f 5626 5628 5442
f 7878 7877 5999
f 7878 5999 5446
f 7878 5446 7879
f 5446 5630 5632
f 5632 5630 5829
f 5632 5831 6139
f 5632 6138 5446
f 6139 6138 5632
f 5831 5632 5829
f 7879 5446 6138
f 5831 5829 4379
f 6138 7880 7879
f 7876 5999 7877
f 5829 5828 4378
f 6184 6134 4852
f 5825 5824 4375
f 4374 4627 4628
f 4373 4627 4374
f 4853 5044 4856
f 4853 4628 4627
f 4375 4374 4628
f 5043 4853 4851
f 5198 5199 5043
f 5199 5198 5465
f 5199 5465 5467
f 5199 5044 5043
f 4853 5043 5044
f 5199 5200 5044
f 4628 4853 4856
f 4851 4853 4627
f 4856 5044 5045
f 4629 4628 4856
f 4629 4858 4630
f 4629 4377 4375
f 5825 4375 4377
f 4629 4856 4858
f 5200 5467 5469
f 5199 5467 5200
f 5200 5201 5045
f 5044 5200 5045
f 5666 5669 5469
f 5201 5200 5469
f 4858 4856 5045
f 5469 5467 5666
f 4377 4629 4630
f 4375 4628 4629
f 5824 4374 4375
f 5467 5465 5663
f 5663 5915 5918
f 5660 5915 5663
f 5959 5969 5924
f 5924 5918 5915
f 5666 5663 5918
f 5959 5924 5917
f 3369 3372 5959
f 3372 3369 3528
f 3529 3528 3693
f 3529 3372 3528
f 5959 3372 5969
f 3693 3528 3692
f 5924 5930 5918
f 5917 5924 5915
f 5930 5924 5969
f 5666 5918 5921
f 5930 5964 5935
f 5918 5930 5921
f 5666 5921 5669
f 5930 5969 5964
f 3375 3529 3530
f 3375 3372 3529
f 3530 3529 3694
f 3530 3378 3375
f 3378 5964 3375
f 3530 3694 3695
f 5964 5969 3375
f 3694 3529 3693
f 5930 5935 5921
f 3372 3375 5969
f 5467 5663 5666
f 3694 3693 3871
f 4858 5045 5046
f 5660 5663 5465
f 5201 5046 5045
f 4860 4858 5046
f 4631 4630 4860
f 4630 4631 4378
f 4377 4630 4378
f 5046 5202 5047
f 5469 5472 5201
f 5472 5469 5669
f 5202 5472 5475
f 5472 5202 5201
f 5046 5201 5202
f 5669 5673 5472
f 4860 5046 5047
f 4630 4858 4860
f 4379 4631 4632
f 4631 4379 4378
f 4863 5048 4865
f 4863 4632 4631
f 4379 4632 4380
f 5047 4863 4860
f 5202 5203 5047
f 5203 5202 5475
f 5203 5478 5204
f 5203 5048 5047
f 5203 5204 5048
f 5478 5203 5475
f 4863 5047 5048
f 5472 5673 5475
f 4632 4863 4865
f 4860 4863 4631
f 5829 4378 4379
f 5475 5676 5478
f 5923 5935 5941
f 5921 5935 5923
f 5926 5923 5941
f 5923 5926 5673
f 5669 5923 5673
f 5941 5935 5971
f 3530 3531 3378
f 3531 3530 3695
f 3531 3381 3378
f 3381 5946 5971
f 3381 3531 3533
f 3378 3381 5971
f 5971 5964 3378
f 3531 3695 3696
f 5941 5971 5946
f 5964 5971 5935
f 5676 5926 5929
f 5926 5676 5673
f 5946 5950 5948
f 5948 5929 5926
f 5676 5929 5680
f 5946 5948 5941
f 3533 3531 3696
f 3384 5946 3381
f 3533 3697 3535
f 3381 3533 3384
f 3535 3384 3533
f 3697 3533 3696
f 5946 3384 5950
f 3697 3696 3874
f 5948 5953 5929
f 5926 5941 5948
f 5475 5673 5676
f 3696 3695 3873
f 5478 5676 5680
f 5921 5923 5669
f 5828 4377 4378
f 3695 3694 3872
f 5831 4379 4380
f 4373 4374 5822
f 7799 7798 6135
f 7797 6135 7798
f 6135 7797 7796
f 6134 7799 6135
f 6139 5831 5832
f 7881 6138 6139
f 7882 7881 6139
f 7882 6139 7883
f 7793 6136 7794
f 4859 6136 7793
f 7792 6137 7793
f 4857 6135 6136
f 7796 7795 6136
f 7794 6136 7795
f 7883 6139 5832
f 7796 6136 6135
f 4855 6134 6135
f 7883 5832 7884
f 5832 4380 4381
f 5831 4380 5832
f 4865 4866 4633
f 4633 4381 4380
f 7885 5832 4381
f 4865 4633 4632
f 4865 5048 5049
f 5049 5048 5204
f 5205 5204 5481
f 5205 5049 5204
f 4865 5049 4866
f 5680 5481 5478
f 4633 4634 4381
f 4380 4632 4633
f 6141 7886 4381
f 6141 4634 6140
f 6141 7887 7886
f 4381 4634 6141
f 5049 5050 4866
f 5050 5049 5205
f 4868 4866 5050
f 4868 4634 4866
f 5206 5050 5205
f 5206 5205 5483
f 4634 4633 4866
f 5483 5205 5481
f 7888 7887 6141
f 7885 4381 7886
f 7884 5832 7885
f 5483 5481 5685
f 6137 7792 7791
f 5481 5204 5478
f 7789 6506 7790
f 6506 7789 7788
f 6506 7788 6507
f 6506 4861 6137
f 7888 6141 7889
f 7790 6137 7791
f 6140 7889 6141
f 6512 7788 7787
f 6137 7790 6506
f 6511 7785 6508
f 7788 6512 6507
f 6514 7784 7783
f 6508 6509 6511
f 6641 6508 7784
f 6510 7787 7786
f 7787 6510 6512
f 7786 6511 6510
f 7785 6511 7786
f 7784 6508 7785
f 6512 6510 4864
f 6510 6511 4864
f 7890 6140 7891
f 6140 7890 7889
f 7891 6140 4869
f 7891 4869 7892
f 5050 5052 4868
f 5052 5050 5206
f 5052 5207 5054
f 5052 4869 4868
f 5054 4869 5052
f 5207 5052 5206
f 6140 4868 4869
f 5206 5486 5207
f 7892 4869 7893
f 4634 4868 6140
f 7893 5054 7894
f 5054 7893 4869
f 7895 7894 5054
f 7895 5054 5209
f 7896 5209 7897
f 5209 7896 7895
f 7897 5209 5492
f 7897 5492 7898
f 5209 5207 5489
f 5209 5054 5207
f 5486 5206 5483
f 7783 7782 6516
f 7899 7898 5492
f 5953 5932 5929
f 5680 5932 5685
f 5685 5932 5933
f 5483 5685 5686
f 5685 5481 5680
f 5685 5933 5686
f 5950 5954 5953
f 5948 5950 5953
f 5933 5960 5968
f 5953 5960 5932
f 5933 5932 5960
f 5954 5960 5953
f 5937 5686 5933
f 5932 5680 5929
f 5937 5688 5686
f 5486 5688 5489
f 5690 5489 5688
f 5489 5690 5492
f 5207 5486 5489
f 5690 5688 5939
f 5937 5968 5975
f 5933 5968 5937
f 5939 5975 5978
f 5975 5939 5937
f 5978 5942 5939
f 5968 5958 5975
f 5688 5937 5939
f 5960 5956 5968
f 5690 5939 5942
f 5486 5686 5688
f 5686 5486 5483
f 5975 5963 5978
f 5954 3386 3387
f 3384 3535 3386
f 3537 3539 3387
f 3387 5956 5954
f 5960 5954 5956
f 3387 3386 3537
f 3699 3535 3697
f 3535 3699 3537
f 3701 3537 3699
f 3701 3539 3537
f 3386 3535 3537
f 3701 3699 3877
f 5956 3387 3389
f 5950 3386 5954
f 5958 3389 3390
f 3539 3389 3387
f 3390 3542 3391
f 3390 5963 5958
f 5975 5958 5963
f 3390 3389 3540
f 3703 3539 3701
f 3539 3703 3540
f 3542 3540 3704
f 3540 3542 3390
f 3542 3704 3706
f 3704 3540 3703
f 3389 3539 3540
f 3704 3703 3880
f 3390 3391 5963
f 5956 3389 5958
f 5968 5956 5958
f 3703 3701 3878
f 5978 5963 5967
f 3384 3386 5950
f 5942 5978 5962
f 5691 5690 5942
f 5691 5942 5945
f 5691 7900 5492
f 7899 5492 7900
f 5945 7902 5691
f 5962 5967 5972
f 5962 5978 5967
f 5966 5962 5972
f 5966 5945 5962
f 5945 5942 5962
f 5972 5967 3394
f 5691 7901 7900
f 3391 5967 5963
f 7903 7902 5945
f 5945 7904 7903
f 5945 5966 7904
f 5973 5966 5972
f 5966 5973 7906
f 7906 7905 5966
f 7907 7906 5973
f 7904 5966 7905
f 7907 5973 7908
f 5691 7902 7901
f 5973 5972 3395
f 3706 3544 3542
f 3391 3544 3394
f 3394 3544 3546
f 5972 3394 3395
f 3394 5967 3391
f 3394 3546 3395
f 3707 3706 3884
f 3544 3706 3707
f 3548 3546 3708
f 3546 3548 3395
f 3548 3708 3709
f 3708 3546 3707
f 3546 3544 3707
f 3708 3707 3886
f 3398 3395 3548
f 3542 3544 3391
f 7908 3398 7909
f 3395 3398 5973
f 7910 7909 3398
f 7910 3398 6153
f 3709 6154 6153
f 3548 3709 6153
f 7912 7911 6153
f 7913 7912 6153
f 7910 6153 7911
f 6153 6154 7913
f 3548 6153 3398
f 5973 3398 7908
f 3709 3708 3887
f 5492 5690 5691
f 5209 5489 5492
f 3706 3704 3882
f 7880 6138 7881
f 4859 7793 6137
f 3699 3697 3875
f 5051 5053 4842
f 3693 3692 3870
f 3858 4011 4012
f 4012 4011 4145
f 4012 4145 4148
f 4012 3859 3858
f 3859 3686 3858
f 4148 4013 4012
f 4325 4564 4568
f 4320 4564 4325
f 4327 4325 4568
f 4325 4327 4148
f 4145 4325 4148
f 4568 4564 4781
f 3859 4012 4013
f 4145 4320 4325
f 3861 4013 4014
f 4013 3861 3859
f 4014 4152 4017
f 4014 3863 3861
f 3863 3688 3861
f 4014 4013 4150
f 4150 4327 4331
f 4148 4327 4150
f 4571 4573 4331
f 4571 4331 4327
f 4331 4152 4150
f 4573 4334 4331
f 4014 4150 4152
f 4571 4327 4568
f 3863 4014 4017
f 4148 4150 4013
f 3861 3687 3859
f 4571 4568 4785
f 4781 4962 4968
f 4777 4962 4781
f 5119 5124 4968
f 4968 4785 4781
f 4785 4568 4781
f 4968 4962 5119
f 5119 3466 3467
f 5113 3466 5119
f 3467 3619 3621
f 3619 3467 3466
f 5119 3467 5124
f 3755 3619 3617
f 4785 4968 4975
f 4962 5113 5119
f 4788 4975 4983
f 4975 4788 4785
f 4790 4788 4983
f 4788 4790 4573
f 4571 4785 4788
f 4983 4975 5129
f 3467 3470 5124
f 3470 3467 3621
f 5129 3470 3473
f 3470 5129 5124
f 3473 5134 5129
f 3470 3621 3623
f 4975 5124 5129
f 3623 3473 3470
f 4983 5129 5134
f 5124 4975 4968
f 4788 4573 4571
f 3621 3619 3760
f 4152 4331 4334
f 4564 4777 4781
f 3865 4017 4018
f 4017 3865 3863
f 4155 4158 4018
f 4018 3867 3865
f 3867 3690 3865
f 4018 4017 4155
f 4155 4334 4337
f 4152 4334 4155
f 4576 4578 4337
f 4576 4337 4334
f 4155 4337 4158
f 4790 4576 4573
f 3867 4018 4020
f 4152 4155 4017
f 3869 4020 4022
f 4020 3869 3867
f 4022 4160 4023
f 4022 3870 3869
f 3870 3692 3869
f 4022 4020 4159
f 4340 4158 4337
f 4158 4340 4159
f 4160 4159 4342
f 4159 4160 4022
f 4342 4584 4344
f 4342 4159 4340
f 4020 4158 4159
f 4337 4578 4340
f 3870 4022 4023
f 4158 4020 4018
f 3869 3691 3867
f 4340 4581 4342
f 5134 4988 4983
f 4790 4988 4793
f 4793 4994 4795
f 4790 4793 4576
f 4578 4576 4793
f 4793 4988 4994
f 3476 5134 3473
f 5134 3476 5138
f 5138 3479 5141
f 5134 5138 4988
f 5138 5141 4994
f 3479 5138 3476
f 4994 4988 5138
f 3473 3627 3476
f 4578 4793 4795
f 4983 4988 4790
f 4581 4795 4797
f 4795 4581 4578
f 4797 5005 4799
f 4797 4584 4581
f 4342 4581 4584
f 4797 4795 5000
f 5000 5141 5144
f 4994 5141 5000
f 5144 5141 3481
f 5000 5144 5005
f 3481 3483 5144
f 3481 3636 3483
f 4797 5000 5005
f 3481 5141 3479
f 4584 4797 4799
f 4994 5000 4795
f 4340 4578 4581
f 3476 3631 3479
f 4160 4342 4344
f 4573 4576 4334
f 3865 3689 3863
f 3479 3633 3481
f 3755 3931 3936
f 3936 3931 4057
f 3936 4057 4058
f 3936 3760 3755
f 3760 3619 3755
f 4058 3941 3936
f 4232 4460 4465
f 4229 4460 4232
f 4234 4232 4465
f 4232 4234 4058
f 4057 4232 4058
f 4465 4460 4675
f 3760 3936 3941
f 4057 4229 4232
f 3941 3943 3766
f 3941 3766 3760
f 3772 3623 3766
f 3623 3772 3627
f 3621 3760 3766
f 3766 3943 3772
f 4059 4234 4236
f 4059 4058 4234
f 4236 4060 4059
f 4060 3946 3943
f 4236 4478 4239
f 4059 4060 3943
f 3943 3941 4059
f 4234 4465 4472
f 3772 3943 3946
f 4058 4059 3941
f 3766 3623 3621
f 4234 4472 4236
f 4675 4926 4931
f 4668 4926 4675
f 5122 5126 4931
f 4931 4681 4675
f 4681 4465 4675
f 4931 4926 5122
f 5122 3385 3392
f 5117 3385 5122
f 3553 3554 3392
f 3553 3392 3385
f 5122 3392 5126
f 3730 3553 3552
f 4681 4931 4936
f 4926 5117 5122
f 5126 4936 4931
f 4686 4681 4936
f 4686 4936 4940
f 4686 4478 4472
f 4236 4472 4478
f 4940 4692 4686
f 3396 5126 3392
f 5126 3396 5130
f 5130 3399 5133
f 5126 5130 4936
f 5130 5133 4940
f 3399 5130 3396
f 4940 4936 5130
f 3392 3554 3396
f 4478 4686 4692
f 4472 4681 4686
f 4472 4465 4681
f 3556 3399 3396
f 4060 4236 4239
f 4460 4668 4675
f 3772 3778 3627
f 3778 3772 3946
f 3778 3947 3782
f 3778 3631 3627
f 3476 3627 3631
f 3778 3946 3947
f 4062 4239 4242
f 4062 4060 4239
f 4064 4062 4242
f 4062 4064 3947
f 3947 3946 4062
f 4242 4239 4486
f 3631 3778 3782
f 4060 4062 3946
f 3633 3782 3785
f 3782 3633 3631
f 3785 3951 3789
f 3785 3636 3633
f 3481 3633 3636
f 3785 3782 3949
f 3949 4064 4065
f 3947 4064 3949
f 4065 4064 4244
f 3949 4065 3951
f 4065 4249 4067
f 4065 4244 4249
f 3785 3949 3951
f 4244 4064 4242
f 3785 3789 3636
f 3947 3949 3782
f 3479 3631 3633
f 4244 4242 4493
f 4486 4692 4697
f 4478 4692 4486
f 4697 4949 4702
f 4697 4493 4486
f 4493 4242 4486
f 4697 4692 4945
f 4945 5133 5136
f 4940 5133 4945
f 5136 3401 3404
f 3401 5136 5133
f 5136 4949 4945
f 4949 5136 5140
f 4697 4945 4949
f 3401 5133 3399
f 4493 4697 4702
f 4940 4945 4692
f 4499 4702 4707
f 4493 4702 4499
f 4504 4499 4707
f 4504 4249 4499
f 4499 4244 4493
f 4707 4702 4953
f 5140 3404 3406
f 5136 3404 5140
f 3406 5143 5140
f 5143 4958 4953
f 5143 3406 3408
f 5140 5143 4953
f 4953 4949 5140
f 3401 3565 3404
f 4953 4958 4707
f 4702 4949 4953
f 4499 4249 4244
f 3399 3561 3401
f 4065 4067 3951
f 4478 4486 4239
f 3473 3623 3627
f 3570 3406 3404
f 5144 5146 5005
f 3466 3617 3619
f 3871 4023 4024
f 4023 3871 3870
f 4162 4163 4024
f 4024 3872 3871
f 3872 3694 3871
f 4024 4023 4162
f 4162 4344 4346
f 4160 4344 4162
f 4346 4586 4588
f 4586 4346 4344
f 4162 4346 4163
f 4799 4586 4584
f 3872 4024 4025
f 4344 4584 4586
f 4163 4165 4025
f 4163 4025 4024
f 4026 3873 4025
f 3873 4026 3874
f 3872 4025 3873
f 4025 4165 4026
f 4348 4588 4590
f 4346 4588 4348
f 4590 4349 4348
f 4349 4167 4165
f 4590 4804 4591
f 4348 4349 4165
f 4163 4348 4165
f 4590 4588 4803
f 4026 4165 4167
f 4346 4348 4163
f 3873 3695 3872
f 4588 4586 4801
f 3483 5146 5144
f 5007 5005 5146
f 5007 5146 5149
f 5007 4801 4799
f 4586 4799 4801
f 5149 5009 5007
f 3789 3638 3636
f 3483 3638 3485
f 3485 3638 3641
f 3483 3485 5146
f 5149 5146 3485
f 3485 3487 5149
f 4801 5007 5009
f 5007 4799 5005
f 4803 5009 5011
f 5009 4803 4801
f 5152 5155 5011
f 5011 4804 4803
f 4590 4803 4804
f 5011 5009 5152
f 3487 3641 3643
f 3485 3641 3487
f 3643 3489 3487
f 3489 5155 5152
f 3489 3643 3645
f 3487 3489 5152
f 5152 5149 3487
f 3643 3641 3795
f 4804 5011 5013
f 5009 5149 5152
f 4588 4801 4803
f 3641 3638 3793
f 4349 4590 4591
f 4023 4160 4162
f 4167 4349 4351
f 4028 4026 4167
f 4028 4167 4169
f 4028 3875 3874
f 3875 3697 3874
f 4169 4029 4028
f 4351 4591 4592
f 4349 4591 4351
f 4353 4351 4592
f 4351 4353 4169
f 4167 4351 4169
f 4592 4591 4806
f 3875 4028 4029
f 4591 4804 4806
f 3877 4029 4030
f 4029 3877 3875
f 4030 4174 4031
f 4030 3878 3877
f 3878 3701 3877
f 4030 4029 4171
f 4171 4353 4354
f 4169 4353 4171
f 4594 4595 4354
f 4594 4354 4353
f 4354 4174 4171
f 4595 4356 4354
f 4030 4171 4174
f 4594 4353 4592
f 3878 4030 4031
f 4169 4171 4029
f 3877 3699 3875
f 4594 4592 4807
f 5155 5157 5013
f 5011 5155 5013
f 5014 4806 5013
f 4806 5014 4807
f 4806 4804 5013
f 5013 5157 5014
f 3490 3645 3647
f 3489 3645 3490
f 3647 3492 3490
f 3492 5160 5157
f 3647 3648 3492
f 3490 3492 5157
f 5155 3490 5157
f 3647 3645 3801
f 5014 5157 5160
f 3489 3490 5155
f 5160 5016 5014
f 4807 5016 4810
f 4810 5017 4811
f 4807 4810 4594
f 4592 4806 4807
f 4810 5016 5017
f 3494 5160 3492
f 5160 3494 5162
f 5162 3495 5165
f 5160 5162 5016
f 5162 5165 5017
f 3495 5162 3494
f 5017 5016 5162
f 3492 3648 3494
f 4595 4810 4811
f 5014 5016 4807
f 4810 4595 4594
f 3494 3651 3495
f 4174 4354 4356
f 3874 4026 4028
f 3874 3696 3873
f 3645 3643 3798
f 4067 3952 3951
f 3789 3952 3793
f 3953 3793 3952
f 3793 3953 3795
f 3793 3638 3789
f 3953 3952 4068
f 4249 4253 4067
f 4253 4249 4504
f 4504 4509 4253
f 4253 4068 4067
f 3952 4067 4068
f 4253 4256 4068
f 4069 3953 4068
f 3951 3952 3789
f 4069 3955 3953
f 3795 3955 3798
f 3956 3798 3955
f 3798 3956 3801
f 3798 3643 3795
f 3956 3955 4071
f 4069 4256 4259
f 4068 4256 4069
f 4071 4259 4261
f 4259 4071 4069
f 4261 4072 4071
f 4256 4513 4259
f 3955 4069 4071
f 4253 4509 4256
f 3956 4071 4072
f 3795 3953 3955
f 3795 3641 3793
f 4259 4516 4261
f 4958 4960 4713
f 4707 4958 4713
f 4718 4509 4713
f 4509 4718 4513
f 4504 4713 4509
f 4713 4960 4718
f 5147 3408 3411
f 5143 3408 5147
f 5150 5147 3411
f 5150 4960 5147
f 4958 5147 4960
f 3406 3573 3408
f 4718 4960 4963
f 5143 5147 4958
f 5150 4963 4960
f 4722 4718 4963
f 4722 4963 4966
f 4722 4516 4513
f 4259 4513 4516
f 4966 4726 4722
f 3413 5150 3411
f 5150 3413 5153
f 5153 3416 5156
f 5150 5153 4963
f 5156 4966 5153
f 3416 5153 3413
f 4966 4963 5153
f 3411 3581 3413
f 4722 4726 4516
f 4513 4718 4722
f 4256 4509 4513
f 3408 3577 3411
f 4516 4519 4261
f 4707 4713 4504
f 4072 3958 3956
f 3801 3958 3804
f 3958 3960 3804
f 3801 3804 3647
f 3645 3798 3801
f 3958 4073 3960
f 4726 4519 4516
f 4264 4261 4519
f 4519 4522 4264
f 4264 4073 4072
f 3958 4072 4073
f 4264 4267 4073
f 3648 3804 3806
f 4072 4261 4264
f 3960 3962 3806
f 3960 3806 3804
f 3809 3651 3806
f 3809 3653 3651
f 3648 3806 3651
f 3806 3962 3809
f 4077 4267 4270
f 4077 4073 4267
f 4270 4079 4077
f 4079 3965 3962
f 4270 4528 4273
f 4077 4079 3962
f 3962 3960 4077
f 4264 4522 4267
f 3809 3962 3965
f 4073 4077 3960
f 3494 3648 3651
f 4267 4525 4270
f 5156 4969 4966
f 4726 4969 4731
f 4731 4969 4971
f 4726 4731 4519
f 4522 4519 4731
f 4971 4736 4731
f 3418 5156 3416
f 5156 3418 5158
f 5158 3421 5161
f 5156 5158 4969
f 5158 5161 4971
f 3421 5158 3418
f 4971 4969 5158
f 3416 3586 3418
f 4522 4731 4736
f 4966 4969 4726
f 4525 4736 4741
f 4736 4525 4522
f 4741 4976 4745
f 4741 4528 4525
f 4270 4525 4528
f 4741 4736 4973
f 4973 5161 5163
f 4971 5161 4973
f 3423 3594 3424
f 3423 5163 5161
f 5163 4976 4973
f 3423 3424 5163
f 4741 4973 4976
f 3423 5161 3421
f 4528 4741 4745
f 4971 4973 4736
f 4267 4522 4525
f 3418 3589 3421
f 4079 4270 4273
f 3801 3956 3958
f 3804 3648 3647
f 3413 3584 3416
f 3495 3651 3653
f 3636 3638 3483
f 3871 3693 3870
f 3421 3592 3423
f 4157 3928 3924
f 3730 3928 3733
f 3733 3932 3736
f 3730 3733 3553
f 3554 3553 3733
f 3733 3928 3932
f 3569 3388 3382
f 4157 3388 4161
f 4161 3388 3393
f 4157 4161 3928
f 3932 3928 4161
f 4161 4164 3932
f 3554 3733 3736
f 3730 3924 3928
f 3556 3736 3738
f 3736 3556 3554
f 3935 3939 3738
f 3738 3561 3556
f 3399 3556 3561
f 3738 3736 3935
f 4164 3393 3397
f 4161 3393 4164
f 3397 4166 4164
f 4166 3939 3935
f 3397 3578 3400
f 4164 4166 3935
f 3935 3932 4164
f 3397 3393 3575
f 4166 3397 3400
f 3736 3932 3935
f 3396 3554 3556
f 3393 3388 3572
f 3569 3768 3774
f 3774 3768 4386
f 3774 4388 3777
f 3774 3572 3569
f 3388 3569 3572
f 3774 4386 4388
f 4647 3341 3344
f 4644 3341 4647
f 4649 4647 3344
f 4647 4649 4388
f 4386 4647 4388
f 3344 3341 5720
f 3572 3774 3777
f 4386 4644 4647
f 3575 3777 3781
f 3777 3575 3572
f 3781 4391 3784
f 3781 3578 3575
f 3397 3575 3578
f 3781 3777 4390
f 4390 4649 4651
f 4388 4649 4390
f 3348 3352 4651
f 3348 4651 4649
f 4651 4391 4390
f 4391 4651 4653
f 3781 4390 4391
f 3348 4649 3344
f 3781 3784 3578
f 4388 4390 3777
f 3393 3572 3575
f 3348 3344 5723
f 3741 3561 3738
f 4157 3382 3388
f 3939 3942 3741
f 3939 3741 3738
f 3743 3565 3741
f 3565 3743 3570
f 3561 3741 3565
f 3741 3942 3743
f 4172 3400 3402
f 4166 3400 4172
f 4176 4172 3402
f 4176 3942 4172
f 3939 4172 3942
f 3402 3400 3580
f 3743 3942 3944
f 4166 4172 3939
f 3944 3747 3743
f 3570 3747 3573
f 3750 3573 3747
f 3573 3750 3577
f 3406 3570 3573
f 3750 3747 3945
f 3944 4176 4179
f 3942 4176 3944
f 3945 4179 4182
f 4179 3945 3944
f 4182 3948 3945
f 4176 3403 4179
f 3747 3944 3945
f 4176 3402 3403
f 3750 3945 3948
f 3570 3743 3747
f 3404 3565 3570
f 4179 3405 4182
f 3784 3790 3580
f 3578 3784 3580
f 3790 3796 3583
f 3580 3583 3402
f 3403 3402 3583
f 3580 3790 3583
f 4393 4653 4655
f 4391 4653 4393
f 4655 4394 4393
f 4394 3796 3790
f 4394 4655 4657
f 4393 4394 3790
f 3784 4393 3790
f 4651 3352 4653
f 3403 3583 3587
f 4391 4393 3784
f 3796 3802 3587
f 3796 3587 3583
f 3591 3405 3587
f 3591 3407 3405
f 3403 3587 3405
f 3587 3802 3591
f 4396 4657 4659
f 4394 4657 4396
f 4659 4399 4396
f 4399 3805 3802
f 4659 3876 4662
f 4396 4399 3802
f 3796 4396 3802
f 4655 3361 4657
f 3591 3802 3805
f 4394 4396 3796
f 4179 3403 3405
f 4653 3355 4655
f 4182 3405 3407
f 3578 3580 3400
f 3401 3561 3565
f 4657 3368 4659
f 5720 5914 5916
f 5717 5914 5720
f 5916 5484 5920
f 5916 5723 5720
f 5723 3344 5720
f 5916 5914 5480
f 7135 7134 5480
f 7136 7135 5480
f 6148 6193 5484
f 6148 5484 5480
f 5916 5480 5484
f 5480 7134 6148
f 5723 5916 5920
f 7136 5480 5914
f 3352 5727 5729
f 5723 5727 3348
f 5729 5925 5732
f 5729 3355 3352
f 4653 3352 3355
f 5729 5727 5922
f 5487 5920 5484
f 5920 5487 5922
f 5925 5922 5490
f 5922 5925 5729
f 5427 5430 5490
f 5490 5922 5487
f 5727 5920 5922
f 5484 5424 5487
f 3355 5729 5732
f 5920 5727 5723
f 5727 3352 3348
f 5487 5427 5490
f 6148 7134 7133
f 7132 6148 7133
f 6193 6148 7132
f 6193 5424 5484
f 6193 7130 5424
f 6193 7132 7131
f 7131 7130 6193
f 7130 7129 5424
f 5645 5424 7129
f 7128 7127 5645
f 7129 7128 5645
f 5647 5427 5645
f 5647 5430 5427
f 5427 5424 5645
f 5645 7126 5647
f 5645 7127 7126
f 4397 7125 7124
f 5647 7126 7125
f 7123 4397 7124
f 4397 5647 7125
f 5427 5487 5424
f 5490 5493 5925
f 3361 5732 5734
f 5732 3361 3355
f 5493 5495 5927
f 5927 5734 5732
f 3368 3361 5734
f 5493 5927 5925
f 5493 5430 5432
f 5490 5430 5493
f 5650 5651 5432
f 5650 5432 5430
f 5493 5432 5495
f 4397 5650 5647
f 5734 5927 5931
f 5732 5925 5927
f 5495 5931 5927
f 5737 5734 5931
f 5737 5931 5934
f 5737 3876 3368
f 4659 3368 3876
f 5934 5739 5737
f 5435 5495 5432
f 5495 5435 5497
f 5497 5438 5498
f 5495 5497 5931
f 5497 5498 5934
f 5438 5497 5435
f 5934 5931 5497
f 5432 5651 5435
f 3876 5737 5739
f 3368 5734 5737
f 4657 3361 3368
f 5435 5654 5438
f 4397 7121 4398
f 5650 4397 4398
f 4401 4398 6149
f 4398 4401 5651
f 5651 5650 4398
f 4398 7120 6149
f 4397 7122 7121
f 7121 7120 4398
f 6149 7120 7119
f 7119 7118 6149
f 7117 6149 7118
f 7122 4397 7123
f 5654 4401 4403
f 4401 5654 5651
f 4711 6151 4715
f 4711 4403 4401
f 5654 4403 5656
f 7117 4711 6149
f 4711 7117 7116
f 6151 7115 7114
f 7116 7115 4711
f 6151 7114 7113
f 7115 6151 4711
f 4403 4711 4715
f 6149 4711 4401
f 5435 5651 5654
f 5438 5654 5656
f 5647 5650 5430
f 4655 3355 3361
f 4399 4659 4662
f 3341 5717 5720
f 3948 4182 4184
f 3753 3750 3948
f 3753 3950 3756
f 3753 3581 3577
f 3411 3577 3581
f 3753 3948 3950
f 3407 3595 3410
f 4182 3407 4184
f 4184 4185 3950
f 4184 3407 3410
f 3948 4184 3950
f 3805 3595 3591
f 3581 3753 3756
f 3407 3591 3595
f 3584 3756 3759
f 3756 3584 3581
f 3954 3957 3759
f 3759 3586 3584
f 3416 3584 3586
f 3759 3756 3954
f 4185 3410 3415
f 4184 3410 4185
f 3415 4186 4185
f 4186 3957 3954
f 3415 3603 3420
f 4185 4186 3954
f 3954 3950 4185
f 3410 3595 3599
f 4186 3415 3420
f 3756 3950 3954
f 3413 3581 3584
f 3410 3599 3415
f 4662 3876 3879
f 4402 4399 4662
f 4402 4662 4665
f 4402 3811 3805
f 3811 3595 3805
f 4665 4404 4402
f 3879 5739 5741
f 3879 3876 5739
f 3881 3879 5741
f 3879 3881 4665
f 4665 4662 3879
f 5741 5739 5938
f 3811 4402 4404
f 5739 5934 5938
f 3811 3816 3599
f 3816 3811 4404
f 3816 4409 3819
f 3816 3603 3599
f 3415 3599 3603
f 3816 4404 4409
f 4669 3881 3883
f 4665 3881 4669
f 3883 3881 5744
f 3883 4672 4669
f 4672 4409 4669
f 3883 5744 5746
f 4404 4669 4409
f 5744 3881 5741
f 3816 3819 3603
f 4665 4669 4404
f 3599 3595 3811
f 5744 5741 5940
f 3586 3759 3761
f 3805 4399 4402
f 3957 3959 3761
f 3957 3761 3759
f 3764 3589 3761
f 3589 3764 3592
f 3586 3761 3589
f 3761 3959 3764
f 4187 3420 3426
f 4186 3420 4187
f 4188 4187 3426
f 4188 3959 4187
f 3957 4187 3959
f 3426 3420 3607
f 3764 3959 3961
f 4186 4187 3957
f 4188 3961 3959
f 3767 3764 3961
f 3767 3964 3769
f 3767 3594 3592
f 3423 3592 3594
f 3767 3961 3964
f 3430 4188 3426
f 4188 3430 4075
f 4075 3434 4078
f 4188 4075 3961
f 4075 4078 3964
f 3434 4075 3430
f 3964 3961 4075
f 3434 3430 3616
f 3594 3767 3769
f 3592 3764 3767
f 3421 3589 3592
f 3430 3426 3611
f 3607 3819 3823
f 3603 3819 3607
f 4414 4418 3823
f 3823 3611 3607
f 3426 3607 3611
f 3823 3819 4414
f 3883 3885 4672
f 3885 3883 5746
f 3885 4676 4672
f 4676 4418 4414
f 4676 3885 3888
f 4672 4676 4414
f 4414 4409 4672
f 5746 5749 3885
f 3611 3823 3828
f 4409 4414 3819
f 4418 4423 3828
f 3823 4418 3828
f 3833 3616 3828
f 3833 3618 3616
f 3616 3611 3828
f 3828 4423 3833
f 4679 3888 3890
f 4676 3888 4679
f 3890 4683 4679
f 4683 4430 4423
f 3890 5755 3891
f 4679 4683 4423
f 4418 4679 4423
f 3885 5749 3888
f 3833 4423 4430
f 4676 4679 4418
f 3430 3611 3616
f 3888 5751 3890
f 3434 3616 3618
f 3603 3607 3420
f 3418 3586 3589
f 5746 5744 5943
f 5938 5498 5500
f 5934 5498 5938
f 5441 5444 5500
f 5500 5940 5938
f 5940 5741 5938
f 5500 5498 5441
f 5441 5656 5658
f 5438 5656 5441
f 5658 4406 4408
f 4406 5658 5656
f 5441 5658 5444
f 4715 4406 4403
f 5940 5500 5501
f 5656 4403 4406
f 5444 5447 5501
f 5500 5444 5501
f 5503 5943 5501
f 5943 5503 5947
f 5943 5940 5501
f 5501 5447 5503
f 5659 4408 4411
f 5658 4408 5659
f 4411 5662 5659
f 5662 5449 5447
f 4411 4729 4415
f 5659 5662 5447
f 5444 5659 5447
f 4411 4408 4724
f 4411 4415 5662
f 5658 5659 5444
f 5943 5744 5940
f 4408 4406 4719
f 6150 6151 7113
f 4715 6151 6150
f 6150 7110 4977
f 6150 4719 4715
f 4406 4715 4719
f 6150 7113 7112
f 6150 7112 7111
f 7111 7110 6150
f 7109 4977 7110
f 6150 4977 4719
f 4724 4977 4980
f 4977 4724 4719
f 7105 4982 4980
f 4980 4729 4724
f 4411 4724 4729
f 4980 4977 7107
f 4977 7108 7107
f 7107 7106 4980
f 7105 4980 7106
f 4982 7105 7104
f 4980 4982 4729
f 7108 4977 7109
f 4408 4719 4724
f 5447 5449 5503
f 5441 5498 5438
f 5749 5947 5949
f 5943 5947 5746
f 5504 5450 5506
f 5504 5949 5947
f 5751 5749 5949
f 5449 5504 5503
f 5662 5665 5449
f 5665 5662 4415
f 5450 5665 5668
f 5665 5450 5449
f 5504 5449 5450
f 5665 4415 4417
f 5949 5504 5506
f 5503 5504 5947
f 5506 5450 5452
f 5951 5949 5506
f 5951 5509 5955
f 5951 5755 5751
f 3890 5751 5755
f 5951 5506 5509
f 4417 4421 5668
f 5665 4417 5668
f 5452 5671 5454
f 5452 5509 5506
f 4424 5671 4421
f 5671 5452 5668
f 5452 5450 5668
f 5668 4421 5671
f 5452 5454 5509
f 5751 5949 5951
f 3888 5749 5751
f 4417 4415 4733
f 4733 4982 4986
f 4729 4982 4733
f 4986 7100 6164
f 4986 4739 4733
f 4739 4417 4733
f 4986 4982 6152
f 7103 7102 6152
f 7101 4986 6152
f 4986 7101 7100
f 7101 6152 7102
f 4982 7103 6152
f 4739 4986 4989
f 7103 4982 7104
f 4989 4986 6164
f 4421 4739 4744
f 4989 6163 4993
f 4739 4989 4744
f 4421 4744 4424
f 4989 6164 7098
f 6164 7099 7098
f 6163 7097 7096
f 7097 6163 7098
f 7096 7095 6163
f 6163 4989 7098
f 4993 4744 4989
f 7099 6164 7100
f 4421 4417 4739
f 3890 3891 4683
f 4729 4733 4415
f 5746 5947 5749
f 5755 5951 5955
f 3577 3750 3753
f 3408 3573 3577
f 4976 5163 5166
f 3385 3552 3553
f 3880 4031 4032
f 4031 3880 3878
f 4175 4357 4177
f 4175 4032 4031
f 3882 3880 4032
f 4356 4175 4174
f 4811 5017 5018
f 4598 4595 4811
f 4357 4598 4599
f 4598 4357 4356
f 4175 4356 4357
f 4598 4811 4814
f 4032 4175 4177
f 4356 4595 4598
f 4177 4357 4360
f 4033 4032 4177
f 4033 4177 4178
f 4033 3884 3882
f 3884 3706 3882
f 4178 4034 4033
f 4599 4814 4816
f 4599 4598 4814
f 4599 4601 4360
f 4360 4178 4177
f 5020 5022 4816
f 4601 4599 4816
f 4599 4360 4357
f 4816 4814 5020
f 3884 4033 4034
f 3882 4032 4033
f 3882 3704 3880
f 4814 4811 5018
f 5018 5165 5167
f 5017 5165 5018
f 3653 3655 3497
f 3497 5167 5165
f 5020 5018 5167
f 3653 3497 3495
f 3965 4079 4081
f 3812 3809 3965
f 3967 3965 4081
f 3967 3812 3965
f 3653 3812 3655
f 4273 4081 4079
f 3497 3498 5167
f 3653 3809 3812
f 3498 3497 3655
f 5020 5167 5170
f 3498 3655 3657
f 5167 3498 5170
f 5020 5170 5022
f 3657 3499 3498
f 3814 3967 3969
f 3812 3967 3814
f 3969 3967 4085
f 3969 3817 3814
f 3817 3657 3814
f 3969 4085 4087
f 3655 3814 3657
f 4085 3967 4081
f 3498 3499 5170
f 3812 3814 3655
f 4814 5018 5020
f 4085 4081 4275
f 4178 4360 4361
f 5165 3495 3497
f 4601 4361 4360
f 4180 4178 4361
f 4035 4034 4180
f 4034 4035 3886
f 3884 4034 3886
f 4361 4602 4364
f 4816 4818 4601
f 4818 4816 5022
f 4602 4818 4820
f 4818 4602 4601
f 4361 4601 4602
f 5022 5023 4818
f 4180 4361 4364
f 4034 4178 4180
f 3887 4035 4036
f 4035 3887 3886
f 4181 4366 4183
f 4181 4036 4035
f 3889 3887 4036
f 4364 4181 4180
f 4602 4604 4364
f 4604 4602 4820
f 4604 4822 4605
f 4604 4366 4364
f 4604 4605 4366
f 4822 4604 4820
f 4181 4364 4366
f 4818 5023 4820
f 4036 4181 4183
f 4180 4181 4035
f 3887 3708 3886
f 4820 5024 4822
f 5173 3499 3501
f 5173 5170 3499
f 5174 5173 3501
f 5173 5174 5023
f 5023 5022 5173
f 3501 3499 3660
f 3969 3972 3817
f 3972 3969 4087
f 3972 3820 3817
f 3820 3663 3660
f 4087 4090 3972
f 3817 3820 3660
f 3660 3657 3817
f 3972 3975 3820
f 3501 3660 3663
f 3657 3660 3499
f 5024 5174 5177
f 5174 5024 5023
f 3502 3665 3503
f 3502 5177 5174
f 5024 5177 5026
f 3663 3502 3501
f 3820 3824 3663
f 3824 3820 3975
f 3824 3978 3826
f 3824 3665 3663
f 3824 3826 3665
f 3978 3824 3975
f 3502 3663 3665
f 3972 4090 3975
f 5177 3502 3503
f 3501 3502 5174
f 4820 5023 5024
f 3975 4093 3978
f 4822 5024 5026
f 5170 5173 5022
f 3886 3707 3884
f 4087 4085 4277
f 4745 4976 4979
f 4532 4528 4745
f 4750 4745 4979
f 4745 4750 4532
f 4275 4273 4532
f 5166 4979 4976
f 5166 3424 3425
f 5163 3424 5166
f 3596 3598 3425
f 3596 3425 3424
f 5166 3425 5168
f 3769 3596 3594
f 4979 5166 5168
f 4532 4273 4528
f 4532 4534 4275
f 4534 4532 4750
f 4534 4755 4538
f 4534 4277 4275
f 4277 4085 4275
f 4534 4750 4755
f 4981 5168 5169
f 4979 5168 4981
f 5169 5168 3428
f 5169 4985 4981
f 4981 4985 4755
f 3428 3600 3429
f 4750 4981 4755
f 3428 5168 3425
f 4277 4534 4538
f 4979 4981 4750
f 4275 4081 4273
f 3425 3598 3428
f 3964 3968 3769
f 3968 3964 4078
f 3968 4083 3971
f 3968 3770 3769
f 3770 3596 3769
f 3968 4078 4083
f 3437 3618 3620
f 3434 3618 3437
f 3439 3437 3620
f 3437 3439 4083
f 4078 3437 4083
f 3620 3618 3837
f 3770 3968 3971
f 3434 3437 4078
f 3770 3773 3598
f 3773 3770 3971
f 3773 3974 3775
f 3773 3600 3598
f 3428 3598 3600
f 3773 3971 3974
f 4086 3439 3442
f 4083 3439 4086
f 3442 3439 3622
f 3442 4089 4086
f 4086 4089 3974
f 3442 3622 3624
f 3971 4086 3974
f 3622 3439 3620
f 3600 3773 3775
f 4083 4086 3971
f 3598 3596 3770
f 3622 3620 3841
f 5169 3428 3429
f 3594 3596 3424
f 4280 4538 4541
f 4538 4280 4277
f 4282 4280 4541
f 4280 4282 4090
f 4087 4277 4280
f 4541 4538 4758
f 4758 4985 4987
f 4755 4985 4758
f 4987 5172 5175
f 5172 4987 4985
f 4758 4987 4762
f 3429 5172 5169
f 4541 4758 4762
f 4755 4758 4538
f 4093 4282 4284
f 4282 4093 4090
f 4543 4765 4545
f 4543 4284 4282
f 4093 4284 4097
f 4762 4543 4541
f 4987 4991 4762
f 4991 4987 5175
f 4991 5178 4992
f 4991 4765 4762
f 4991 4992 4765
f 5178 4991 5175
f 4543 4762 4765
f 5178 5175 3433
f 4284 4543 4545
f 4541 4543 4282
f 3975 4090 4093
f 5175 5172 3431
f 3600 3602 3429
f 3602 3600 3775
f 3602 3775 3776
f 3602 3431 3429
f 5172 3429 3431
f 3776 3604 3602
f 3442 3445 4089
f 3445 3442 3624
f 4089 4092 3977
f 3974 4089 3977
f 3977 3980 3776
f 4092 4089 3445
f 3776 3775 3977
f 3445 3624 3629
f 3431 3602 3604
f 3974 3977 3775
f 4092 3980 3977
f 3780 3776 3980
f 3606 3604 3780
f 3606 3433 3604
f 3431 3604 3433
f 3980 4096 3983
f 3445 3447 4092
f 3447 3445 3629
f 3447 3634 3449
f 3447 4096 4092
f 3449 4096 3447
f 3634 3447 3629
f 3980 4092 4096
f 3634 3629 4192
f 3980 3983 3780
f 3604 3776 3780
f 5175 3431 3433
f 3629 3624 3847
f 3435 5178 3433
f 5169 5172 4985
f 4087 4280 4090
f 3624 3622 3844
f 3978 4093 4097
f 4031 4174 4175
f 4183 4366 4369
f 4037 4036 4183
f 7916 3889 4037
f 3889 7915 6154
f 3709 3887 3889
f 4037 4183 6155
f 4605 4824 4607
f 4369 4366 4605
f 4369 6004 6155
f 4369 4605 4607
f 6155 4183 4369
f 5026 4824 4822
f 7918 4037 6155
f 4605 4822 4824
f 7916 7915 3889
f 7917 7916 4037
f 7918 7917 4037
f 4607 6156 7924
f 6004 4369 4607
f 4607 7923 6004
f 6004 7921 6155
f 6156 6194 7925
f 6155 7919 7918
f 6156 4607 4824
f 7914 6154 7915
f 3703 3878 3880
f 6156 4824 6194
f 3503 3665 3668
f 5179 5177 3503
f 3505 3503 3668
f 3503 3505 5179
f 5027 5026 5179
f 3826 3668 3665
f 4097 4284 4286
f 3979 3978 4097
f 4097 4099 3979
f 4545 4286 4284
f 3826 3979 3829
f 4545 4765 4769
f 3668 3826 3829
f 3826 3978 3979
f 3829 3669 3668
f 5181 5179 3505
f 7928 5027 5181
f 7927 6194 5027
f 4824 5026 5027
f 3668 3669 3505
f 4545 4547 4286
f 4547 4545 4769
f 4286 4099 4097
f 3982 3829 3979
f 4289 4099 4286
f 4289 4286 4547
f 3982 3979 4099
f 4547 4769 4772
f 6157 5181 3505
f 5027 5179 5181
f 6194 4824 5027
f 4992 4769 4765
f 7919 6155 7920
f 5026 5177 5179
f 7922 7921 6004
f 7923 7922 6004
f 7924 7923 4607
f 3669 7932 6157
f 3505 3669 6157
f 6194 7926 7925
f 7925 7924 6156
f 7926 6194 7927
f 7920 6155 7921
f 5181 7929 7928
f 7929 5181 7930
f 6157 7930 5181
f 6157 7931 7930
f 7934 7933 3669
f 3669 7933 7932
f 6157 7932 7931
f 5027 7928 7927
f 7934 3669 6005
f 3982 7936 6005
f 3829 3982 6005
f 6158 6195 7938
f 7937 3982 6158
f 7934 6005 7935
f 4099 6195 6158
f 4547 4550 4289
f 4550 4547 4772
f 6195 4289 7940
f 4550 6159 7942
f 6159 4550 4772
f 7940 4289 4550
f 6195 4099 4289
f 4772 5001 6159
f 6005 7936 7935
f 4099 6158 3982
f 7937 7936 3982
f 7939 7938 6195
f 7938 7937 6158
f 7941 7940 4550
f 7944 7943 6159
f 7943 7942 6159
f 7942 7941 4550
f 7940 7939 6195
f 4772 4769 4997
f 3829 6005 3669
f 5001 7944 6159
f 3606 3435 3433
f 5180 5178 3435
f 5180 3438 5183
f 5180 4997 4992
f 4997 4769 4992
f 5180 3435 3438
f 3983 3783 3780
f 3606 3783 3609
f 3609 3783 3786
f 3606 3609 3435
f 3438 3435 3609
f 3609 3612 3438
f 4997 5180 5183
f 5180 4992 5178
f 5001 5183 5184
f 5183 5001 4997
f 5184 3443 7948
f 7946 5001 5184
f 4772 4997 5001
f 5184 5183 3440
f 3786 3791 3612
f 3609 3786 3612
f 3443 3440 3614
f 3440 3443 5184
f 3614 3794 6160
f 3614 3440 3612
f 3440 3438 3612
f 3612 3791 3614
f 5001 7946 7945
f 5183 3438 3440
f 5001 7945 7944
f 3786 3783 3985
f 3449 4100 4096
f 3983 4100 3985
f 4102 3985 4100
f 3985 4102 3987
f 3985 3783 3983
f 4102 4100 3450
f 3639 3449 3634
f 3449 3639 3450
f 3644 3450 3639
f 3644 3452 3450
f 4100 3449 3450
f 3644 3639 4202
f 4102 3450 3452
f 4096 4100 3983
f 3791 3987 3989
f 3985 3987 3786
f 3989 4107 3991
f 3989 3794 3791
f 3614 3791 3794
f 3989 3987 4104
f 4104 3452 3453
f 4102 3452 4104
f 3453 3650 3654
f 3650 3453 3452
f 3453 4107 4104
f 4107 3453 3455
f 3989 4104 4107
f 3650 3452 3644
f 3794 3989 3991
f 4102 4104 3987
f 3987 3791 3786
f 3650 3644 4205
f 3443 3614 6160
f 3780 3783 3606
f 5184 7948 7947
f 3443 7950 7949
f 3443 7949 7948
f 3991 4107 4109
f 6161 3794 3991
f 6160 7951 7950
f 7952 6160 6161
f 7950 3443 6160
f 6161 3991 6162
f 6160 3794 6161
f 6161 7953 7952
f 6162 7954 6161
f 6161 7954 7953
f 7955 6162 7956
f 6162 7955 7954
f 7956 4111 7957
f 7956 6162 4111
f 6162 3991 4109
f 6160 7952 7951
f 4111 7958 7957
f 3455 3457 4109
f 4107 3455 4109
f 4109 3457 4111
f 7958 3458 7959
f 6162 4109 4111
f 7958 4111 3458
f 3658 3654 4210
f 3455 3654 3658
f 3457 3661 3458
f 3457 3458 4111
f 6169 7960 3458
f 3661 3457 3658
f 3457 3455 3658
f 3664 6169 3458
f 7959 3458 7960
f 3453 3654 3455
f 7961 7960 6169
f 7963 7962 6169
f 7962 7961 6169
f 7963 3666 7964
f 6006 7967 7966
f 7965 3666 7966
f 7964 3666 7965
f 7963 6169 3666
f 7967 6006 7968
f 7946 5184 7947
f 3654 3650 4207
f 3889 4036 4037
f 3709 3889 6154
f 3639 3634 4198
f 3837 4430 4435
f 3833 4430 3837
f 4435 4693 4440
f 4435 3841 3837
f 3841 3620 3837
f 4435 4430 4688
f 4688 3891 3892
f 4683 3891 4688
f 3892 3893 4693
f 3892 4693 4688
f 4435 4688 4693
f 3892 3891 5757
f 3841 4435 4440
f 4683 4688 4430
f 4440 4445 3844
f 4440 3844 3841
f 3844 4445 3847
f 3629 3847 4192
f 3847 3624 3844
f 3847 4451 4192
f 4445 4696 4700
f 4696 4445 4440
f 4451 4700 4705
f 4700 4451 4445
f 4705 4455 4451
f 4696 3894 4700
f 3847 4445 4451
f 4693 3893 4696
f 4192 4451 4455
f 4696 4440 4693
f 3844 3622 3841
f 4700 3895 4705
f 5955 5957 5757
f 5755 5955 5757
f 5760 5961 5763
f 5757 5760 3892
f 3893 3892 5760
f 5757 5957 5760
f 5957 5512 5514
f 5512 5957 5955
f 5961 5514 5517
f 5514 5961 5957
f 5760 5957 5961
f 5514 5512 5456
f 3893 5760 5763
f 5454 5512 5509
f 3894 5763 5766
f 5763 3894 3893
f 3895 5766 5768
f 5766 3895 3894
f 4700 3894 3895
f 5766 5763 5965
f 5965 5517 5519
f 5961 5517 5965
f 5970 5519 5521
f 5519 5970 5965
f 5965 5970 5766
f 5768 5970 5974
f 5768 5766 5970
f 5519 5517 5462
f 3895 5768 3898
f 5961 5965 5763
f 4696 3893 3894
f 5517 5514 5459
f 4705 3895 3898
f 5755 5757 3891
f 4198 4455 4459
f 4455 4198 4192
f 4459 4717 4463
f 4459 4202 4198
f 4202 3639 4198
f 4459 4455 4710
f 4710 3898 3900
f 4705 3898 4710
f 3900 3927 4717
f 3900 4717 4710
f 4459 4710 4717
f 3900 3898 5770
f 4202 4459 4463
f 3898 5768 5770
f 4463 4467 4205
f 4463 4205 4202
f 4205 4467 4207
f 3654 4207 4210
f 4207 3650 4205
f 4207 4471 4210
f 4467 4723 4728
f 4723 4467 4463
f 4471 4728 4732
f 4728 4471 4467
f 4732 4476 4471
f 4723 3930 4728
f 4207 4467 4471
f 4717 3927 4723
f 4210 4471 4476
f 4723 4463 4717
f 4205 3644 4202
f 4728 3933 4732
f 5974 5976 5770
f 5768 5974 5770
f 5775 5977 5778
f 5770 5775 3900
f 3927 3900 5775
f 5770 5976 5775
f 5523 5521 5466
f 5974 5521 5523
f 5977 5976 5526
f 5976 5977 5775
f 5977 5526 5530
f 5526 5976 5523
f 5976 5974 5523
f 5526 5523 5468
f 3927 5775 5778
f 5970 5521 5974
f 3930 5778 5781
f 5778 3930 3927
f 3933 5781 5786
f 5781 3933 3930
f 4728 3930 3933
f 5781 5778 5979
f 5979 5530 5532
f 5977 5530 5979
f 5532 5477 5535
f 5532 5980 5979
f 5979 5980 5781
f 5535 5980 5532
f 5786 5781 5980
f 5532 5530 5474
f 3933 5786 3934
f 5977 5979 5778
f 4723 3927 3930
f 5530 5526 5471
f 4732 3933 3934
f 4455 4705 4710
f 4198 3634 4192
f 5521 5519 5464
f 4424 5674 5671
f 5454 5674 5456
f 5678 5456 5674
f 5456 5678 5459
f 5512 5454 5456
f 5678 5674 4427
f 4993 4749 4744
f 4424 4749 4427
f 4752 4427 4749
f 4752 4429 4427
f 5674 4424 4427
f 4752 4749 4996
f 5678 4427 4429
f 5671 5674 5454
f 4429 4189 5678
f 5459 4189 5462
f 5462 4189 4190
f 5462 5464 5519
f 5517 5459 5462
f 5462 4190 5464
f 4757 4429 4752
f 4429 4757 4432
f 4190 4432 4436
f 4429 4432 4189
f 4436 4191 4190
f 4432 4757 4763
f 4190 4189 4432
f 4432 4763 4436
f 5464 4190 4191
f 5678 4189 5459
f 5514 5456 5459
f 4757 4752 4999
f 6165 4993 7095
f 4993 6165 4996
f 4996 6165 7093
f 4996 7091 4999
f 4996 4749 4993
f 4996 7092 7091
f 7095 7094 6165
f 7094 7093 6165
f 7092 4996 7093
f 7095 4993 6163
f 4999 7088 5004
f 4757 4999 5004
f 6166 5004 7085
f 6166 4763 5004
f 4752 4996 4999
f 5004 7086 7085
f 4999 7090 7089
f 4999 7089 7088
f 5004 7088 7087
f 7086 5004 7087
f 7090 4999 7091
f 4757 5004 4763
f 4436 4763 4767
f 4744 4749 4424
f 4191 4193 5466
f 4191 5466 5464
f 5466 4193 5468
f 5468 5471 5526
f 5523 5466 5468
f 5468 4195 5471
f 4438 4443 4193
f 4438 4193 4191
f 4443 4195 4193
f 4195 4197 5471
f 5468 4193 4195
f 4446 4197 4195
f 5474 5471 4197
f 4767 4438 4436
f 4197 7069 6168
f 5474 6168 5477
f 5477 6168 7067
f 7066 7065 5477
f 5532 5474 5477
f 5477 7067 7066
f 7070 4197 7071
f 7068 6168 7069
f 7069 4197 7070
f 7068 7067 6168
f 5474 4197 6168
f 5530 5471 5474
f 7072 7071 4197
f 6166 7082 4767
f 4763 6166 4767
f 4773 4767 7081
f 4773 7079 7078
f 4773 4438 4767
f 7080 7079 4773
f 6166 7084 7083
f 7083 7082 6166
f 4767 7082 7081
f 7081 7080 4773
f 7084 6166 7085
f 4443 7075 4446
f 4443 4446 4195
f 7073 7072 4446
f 4197 4446 7072
f 4446 7074 7073
f 7077 4773 7078
f 7077 7076 4443
f 4443 7076 7075
f 7075 7074 4446
f 4773 7077 4443
f 4443 4438 4773
f 4191 4436 4438
f 5521 5464 5466
f 5786 5980 5900
f 5509 5512 5955
f 3661 4213 3664
f 3661 3664 3458
f 3666 3664 4215
f 7966 3666 6006
f 6169 3664 3666
f 4219 6006 3666
f 4213 4212 4481
f 4212 4213 3661
f 4219 4215 4491
f 4215 4219 3666
f 3664 4213 4215
f 4215 4213 4487
f 6006 4219 4221
f 4476 4212 4210
f 7969 4221 7970
f 7971 6170 7972
f 4221 7968 6006
f 7972 6170 7973
f 7975 6007 7976
f 7975 7974 6171
f 7973 6171 7974
f 7971 7970 4221
f 4221 7969 7968
f 7976 6007 7977
f 4476 4737 4481
f 4212 4476 4481
f 4487 4213 4481
f 7971 4221 6170
f 4221 4219 4495
f 4221 4500 6170
f 4487 4748 4491
f 4215 4487 4491
f 4495 4759 4500
f 4495 4500 4221
f 4495 4219 4491
f 4491 4754 4495
f 6171 6170 4500
f 4481 4742 4487
f 7979 7978 4508
f 7980 7979 4508
f 7980 4511 7981
f 4505 6171 4500
f 6171 4505 6007
f 4508 7978 6007
f 7975 6171 6007
f 4508 4775 4511
f 4508 6007 4505
f 4508 4511 7980
f 4505 4770 4508
f 6521 7981 4511
f 6170 6171 7973
f 7977 6007 7978
f 4500 4764 4505
f 3658 4210 4212
f 6521 7982 7981
f 7982 6521 7983
f 7983 6521 6244
f 7983 6522 7984
f 6244 6175 6522
f 6244 6522 7983
f 6522 6175 6524
f 6534 7985 6524
f 7984 6522 6524
f 6527 6534 6524
f 7984 6524 7985
f 6244 6521 4511
f 6534 6644 7986
f 7987 7986 6626
f 6618 7988 7987
f 6644 6626 7986
f 7987 6626 6526
f 6526 6618 7987
f 7988 6618 6533
f 6533 6624 7988
f 6618 6526 6646
f 7988 6624 6531
f 6531 7022 7988
f 6534 7986 7985
f 6626 6644 6526
f 6527 6645 6644
f 6175 6527 6524
f 6643 6526 6644
f 6646 6528 6625
f 6643 6646 6526
f 6643 6528 6646
f 6244 6176 6175
f 6175 6530 6527
f 6643 6529 6619
f 6644 6645 6529
f 6643 6619 6528
f 6529 6645 7025
f 6643 6644 6529
f 7025 6619 6529
f 7024 6528 6619
f 6534 6527 6644
f 6533 6625 6542
f 6624 6533 6542
f 6531 6647 7023
f 6542 6647 6624
f 6647 6531 6624
f 6542 6532 6647
f 6528 6541 6625
f 6541 6528 7024
f 6532 6541 7023
f 6541 6532 6625
f 6532 7023 6647
f 7023 6541 7024
f 6542 6625 6532
f 7022 6531 7023
f 6625 6533 6646
f 6533 6618 6646
f 6619 7025 7024
f 6244 4511 6176
f 6527 6530 6645
f 4737 3934 3937
f 4732 3934 4737
f 4742 3937 3938
f 3937 4742 4737
f 4742 4481 4737
f 3937 3934 5789
f 5789 6008 5793
f 3937 5789 5793
f 3938 5793 7054
f 3938 7053 7052
f 3938 3937 5793
f 7054 7053 3938
f 4748 4742 3938
f 5900 5789 5786
f 7052 3940 3938
f 4748 3940 4754
f 3940 7048 6173
f 3940 6173 4754
f 4754 4491 4748
f 6173 7048 7047
f 3940 7052 7051
f 7049 3940 7050
f 3940 7049 7048
f 7050 3940 7051
f 3938 3940 4748
f 4748 4487 4742
f 5900 5535 6167
f 5980 5535 5900
f 6167 5535 7062
f 7061 7060 6167
f 5900 6167 6185
f 6167 7062 7061
f 7064 5477 7065
f 5535 7064 7063
f 7062 5535 7063
f 5477 7064 5535
f 7056 6008 7057
f 5793 6008 7056
f 5793 7056 7055
f 7054 5793 7055
f 7060 6185 6167
f 6185 7060 7059
f 7058 6185 7059
f 6008 6185 7058
f 7057 6008 7058
f 5900 6185 5789
f 6008 5789 6185
f 5789 3934 5786
f 4764 4759 6172
f 4500 4759 4764
f 4775 4508 4770
f 4764 4770 4505
f 6176 4511 4775
f 4770 4764 6174
f 7041 6174 6172
f 4764 6172 6174
f 4770 7035 4775
f 7032 6176 4775
f 4770 6174 7037
f 6176 7031 6523
f 6243 6176 6523
f 6172 4759 6173
f 6242 6175 6243
f 6525 6175 6242
f 6530 6525 7027
f 6176 6243 6175
f 6175 6525 6530
f 6645 6530 7026
f 6242 7029 7028
f 6523 7029 6242
f 7028 6525 6242
f 7027 6525 7028
f 7026 6530 7027
f 6523 6242 6243
f 4495 4754 4759
f 7030 7029 6523
f 7043 7042 6172
f 7041 6172 7042
f 6174 7041 7040
f 7040 7039 6174
f 7046 7045 6173
f 6173 7044 6172
f 6172 7044 7043
f 6173 7045 7044
f 7046 6173 7047
f 4775 7033 7032
f 7033 4775 7034
f 4770 7036 7035
f 7039 7038 6174
f 7038 7037 6174
f 4770 7037 7036
f 4775 7035 7034
f 7031 6176 7032
f 7030 6523 7031
f 6173 4759 4754
f 7025 6645 7026
f 4476 4732 4737
f 3661 3658 4212
f 3833 3837 3618
f 7914 7913 6154
f 7622 6308 6311
f 6899 6653 6654
f 6899 6654 6777
f 6899 6777 6776
f 6899 6776 6653
f 6900 6654 6655
f 6900 6655 6778
f 6900 6778 6777
f 6900 6777 6654
f 6901 6655 6656
f 6901 6656 6779
f 6901 6779 6778
f 6901 6778 6655
f 6902 6656 6657
f 6902 6657 6780
f 6902 6780 6779
f 6902 6779 6656
f 6903 6657 6658
f 6903 6658 6781
f 6903 6781 6780
f 6903 6780 6657
f 6904 6658 6659
f 6904 6659 6782
f 6904 6782 6781
f 6904 6781 6658
f 6905 6659 6660
f 6905 6660 6783
f 6905 6783 6782
f 6905 6782 6659
f 6906 6660 6661
f 6906 6661 6784
f 6906 6784 6783
f 6906 6783 6660
f 6907 6661 6662
f 6907 6662 6785
f 6907 6785 6784
f 6907 6784 6661
f 6908 6662 6663
f 6908 6663 6786
f 6908 6786 6785
f 6908 6785 6662
f 6909 6663 6664
f 6909 6664 6787
f 6909 6787 6786
f 6909 6786 6663
f 6910 6664 6665
f 6910 6665 6788
f 6910 6788 6787
f 6910 6787 6664
f 6911 6665 6666
f 6911 6666 6789
f 6911 6789 6788
f 6911 6788 6665
f 6912 6666 6667
f 6912 6667 6790
f 6912 6790 6789
f 6912 6789 6666
f 6913 6667 6668
f 6913 6668 6791
f 6913 6791 6790
f 6913 6790 6667
f 6914 6668 6669
f 6914 6669 6792
f 6914 6792 6791
f 6914 6791 6668
f 6915 6669 6670
f 6915 6670 6793
f 6915 6793 6792
f 6915 6792 6669
f 6916 6670 6671
f 6916 6671 6794
f 6916 6794 6793
f 6916 6793 6670
f 6917 6671 6672
f 6917 6672 6795
f 6917 6795 6794
f 6917 6794 6671
f 6918 6672 6673
f 6918 6673 6796
f 6918 6796 6795
f 6918 6795 6672
f 6919 6673 6674
f 6919 6674 6797
f 6919 6797 6796
f 6919 6796 6673
f 6920 6674 6675
f 6920 6675 6798
f 6920 6798 6797
f 6920 6797 6674
f 6921 6675 6676
f 6921 6676 6799
f 6921 6799 6798
f 6921 6798 6675
f 6922 6676 6677
f 6922 6677 6800
f 6922 6800 6799
f 6922 6799 6676
f 6923 6677 6678
f 6923 6678 6801
f 6923 6801 6800
f 6923 6800 6677
f 6924 6678 6679
f 6924 6679 6802
f 6924 6802 6801
f 6924 6801 6678
f 6925 6679 6680
f 6925 6680 6803
f 6925 6803 6802
f 6925 6802 6679
f 6926 6680 6681
f 6926 6681 6804
f 6926 6804 6803
f 6926 6803 6680
f 6927 6681 6682
f 6927 6682 6805
f 6927 6805 6804
f 6927 6804 6681
f 6928 6682 6683
f 6928 6683 6806
f 6928 6806 6805
f 6928 6805 6682
f 6929 6683 6684
f 6929 6684 6807
f 6929 6807 6806
f 6929 6806 6683
f 6930 6684 6685
f 6930 6685 6808
f 6930 6808 6807
f 6930 6807 6684
f 6931 6685 6686
f 6931 6686 6809
f 6931 6809 6808
f 6931 6808 6685
f 6932 6686 6687
f 6932 6687 6810
f 6932 6810 6809
f 6932 6809 6686
f 6933 6687 6688
f 6933 6688 6811
f 6933 6811 6810
f 6933 6810 6687
f 6934 6688 6689
f 6934 6689 6812
f 6934 6812 6811
f 6934 6811 6688
f 6935 6689 6690
f 6935 6690 6813
f 6935 6813 6812
f 6935 6812 6689
f 6936 6690 6691
f 6936 6691 6814
f 6936 6814 6813
f 6936 6813 6690
f 6937 6691 6692
f 6937 6692 6815
f 6937 6815 6814
f 6937 6814 6691
f 6938 6692 6693
f 6938 6693 6816
f 6938 6816 6815
f 6938 6815 6692
f 6939 6693 6694
f 6939 6694 6817
f 6939 6817 6816
f 6939 6816 6693
f 6940 6694 6695
f 6940 6695 6818
f 6940 6818 6817
f 6940 6817 6694
f 6941 6695 6696
f 6941 6696 6819
f 6941 6819 6818
f 6941 6818 6695
f 6942 6696 6697
f 6942 6697 6820
f 6942 6820 6819
f 6942 6819 6696
f 6943 6697 6698
f 6943 6698 6821
f 6943 6821 6820
f 6943 6820 6697
f 6944 6698 6699
f 6944 6699 6822
f 6944 6822 6821
f 6944 6821 6698
f 6945 6699 6700
f 6945 6700 6823
f 6945 6823 6822
f 6945 6822 6699
f 6946 6700 6701
f 6946 6701 6824
f 6946 6824 6823
f 6946 6823 6700
f 6947 6701 6702
f 6947 6702 6825
f 6947 6825 6824
f 6947 6824 6701
f 6948 6702 6703
f 6948 6703 6826
f 6948 6826 6825
f 6948 6825 6702
f 6949 6703 6704
f 6949 6704 6827
f 6949 6827 6826
f 6949 6826 6703
f 6950 6704 6705
f 6950 6705 6828
f 6950 6828 6827
f 6950 6827 6704
f 6951 6705 6706
f 6951 6706 6829
f 6951 6829 6828
f 6951 6828 6705
f 6952 6706 6707
f 6952 6707 6830
f 6952 6830 6829
f 6952 6829 6706
f 6953 6707 6708
f 6953 6708 6831
f 6953 6831 6830
f 6953 6830 6707
f 6954 6708 6709
f 6954 6709 6832
f 6954 6832 6831
f 6954 6831 6708
f 6955 6709 6710
f 6955 6710 6833
f 6955 6833 6832
f 6955 6832 6709
f 6956 6710 6711
f 6956 6711 6834
f 6956 6834 6833
f 6956 6833 6710
f 6957 6711 6712
f 6957 6712 6835
f 6957 6835 6834
f 6957 6834 6711
f 6958 6712 6713
f 6958 6713 6836
f 6958 6836 6835
f 6958 6835 6712
f 6959 6713 6714
f 6959 6714 6837
f 6959 6837 6836
f 6959 6836 6713
f 6960 6714 6715
f 6960 6715 6838
f 6960 6838 6837
f 6960 6837 6714
f 6961 6715 6716
f 6961 6716 6839
f 6961 6839 6838
f 6961 6838 6715
f 6962 6716 6717
f 6962 6717 6840
f 6962 6840 6839
f 6962 6839 6716
f 6963 6717 6718
f 6963 6718 6841
f 6963 6841 6840
f 6963 6840 6717
f 6964 6718 6719
f 6964 6719 6842
f 6964 6842 6841
f 6964 6841 6718
f 6965 6719 6720
f 6965 6720 6843
f 6965 6843 6842
f 6965 6842 6719
f 6966 6720 6721
f 6966 6721 6844
f 6966 6844 6843
f 6966 6843 6720
f 6967 6721 6722
f 6967 6722 6845
f 6967 6845 6844
f 6967 6844 6721
f 6968 6722 6723
f 6968 6723 6846
f 6968 6846 6845
f 6968 6845 6722
f 6969 6723 6724
f 6969 6724 6847
f 6969 6847 6846
f 6969 6846 6723
f 6970 6724 6725
f 6970 6725 6848
f 6970 6848 6847
f 6970 6847 6724
f 6971 6725 6726
f 6971 6726 6849
f 6971 6849 6848
f 6971 6848 6725
f 6972 6726 6727
f 6972 6727 6850
f 6972 6850 6849
f 6972 6849 6726
f 6973 6727 6728
f 6973 6728 6851
f 6973 6851 6850
f 6973 6850 6727
f 6974 6728 6729
f 6974 6729 6852
f 6974 6852 6851
f 6974 6851 6728
f 6975 6729 6730
f 6975 6730 6853
f 6975 6853 6852
f 6975 6852 6729
f 6976 6730 6731
f 6976 6731 6854
f 6976 6854 6853
f 6976 6853 6730
f 6977 6731 6732
f 6977 6732 6855
f 6977 6855 6854
f 6977 6854 6731
f 6978 6732 6733
f 6978 6733 6856
f 6978 6856 6855
f 6978 6855 6732
f 6979 6733 6734
f 6979 6734 6857
f 6979 6857 6856
f 6979 6856 6733
f 6980 6734 6735
f 6980 6735 6858
f 6980 6858 6857
f 6980 6857 6734
f 6981 6735 6736
f 6981 6736 6859
f 6981 6859 6858
f 6981 6858 6735
f 6982 6736 6737
f 6982 6737 6860
f 6982 6860 6859
f 6982 6859 6736
f 6983 6737 6738
f 6983 6738 6861
f 6983 6861 6860
f 6983 6860 6737
f 6984 6738 6739
f 6984 6739 6862
f 6984 6862 6861
f 6984 6861 6738
f 6985 6739 6740
f 6985 6740 6863
f 6985 6863 6862
f 6985 6862 6739
f 6986 6740 6741
f 6986 6741 6864
f 6986 6864 6863
f 6986 6863 6740
f 6987 6741 6742
f 6987 6742 6865
f 6987 6865 6864
f 6987 6864 6741
f 6988 6742 6743
f 6988 6743 6866
f 6988 6866 6865
f 6988 6865 6742
f 6989 6743 6744
f 6989 6744 6867
f 6989 6867 6866
f 6989 6866 6743
f 6990 6744 6745
f 6990 6745 6868
f 6990 6868 6867
f 6990 6867 6744
f 6991 6745 6746
f 6991 6746 6869
f 6991 6869 6868
f 6991 6868 6745
f 6992 6746 6747
f 6992 6747 6870
f 6992 6870 6869
f 6992 6869 6746
f 6993 6747 6748
f 6993 6748 6871
f 6993 6871 6870
f 6993 6870 6747
f 6994 6748 6749
f 6994 6749 6872
f 6994 6872 6871
f 6994 6871 6748
f 6995 6749 6750
f 6995 6750 6873
f 6995 6873 6872
f 6995 6872 6749
f 6996 6750 6751
f 6996 6751 6874
f 6996 6874 6873
f 6996 6873 6750
f 6997 6751 6752
f 6997 6752 6875
f 6997 6875 6874
f 6997 6874 6751
f 6998 6752 6753
f 6998 6753 6876
f 6998 6876 6875
f 6998 6875 6752
f 6999 6753 6754
f 6999 6754 6877
f 6999 6877 6876
f 6999 6876 6753
f 7000 6754 6755
f 7000 6755 6878
f 7000 6878 6877
f 7000 6877 6754
f 7001 6755 6756
f 7001 6756 6879
f 7001 6879 6878
f 7001 6878 6755
f 7002 6756 6757
f 7002 6757 6880
f 7002 6880 6879
f 7002 6879 6756
f 7003 6757 6758
f 7003 6758 6881
f 7003 6881 6880
f 7003 6880 6757
f 7004 6758 6759
f 7004 6759 6882
f 7004 6882 6881
f 7004 6881 6758
f 7005 6759 6760
f 7005 6760 6883
f 7005 6883 6882
f 7005 6882 6759
f 7006 6760 6761
f 7006 6761 6884
f 7006 6884 6883
f 7006 6883 6760
f 7007 6761 6762
f 7007 6762 6885
f 7007 6885 6884
f 7007 6884 6761
f 7008 6762 6763
f 7008 6763 6886
f 7008 6886 6885
f 7008 6885 6762
f 7009 6763 6764
f 7009 6764 6887
f 7009 6887 6886
f 7009 6886 6763
f 7010 6764 6765
f 7010 6765 6888
f 7010 6888 6887
f 7010 6887 6764
f 7011 6765 6766
f 7011 6766 6889
f 7011 6889 6888
f 7011 6888 6765
f 7012 6766 6767
f 7012 6767 6890
f 7012 6890 6889
f 7012 6889 6766
f 7013 6767 6768
f 7013 6768 6891
f 7013 6891 6890
f 7013 6890 6767
f 7014 6768 6769
f 7014 6769 6892
f 7014 6892 6891
f 7014 6891 6768
f 7015 6769 6770
f 7015 6770 6893
f 7015 6893 6892
f 7015 6892 6769
f 7016 6770 6771
f 7016 6771 6894
f 7016 6894 6893
f 7016 6893 6770
f 7017 6771 6772
f 7017 6772 6895
f 7017 6895 6894
f 7017 6894 6771
f 7018 6772 6773
f 7018 6773 6896
f 7018 6896 6895
f 7018 6895 6772
f 7019 6773 6774
f 7019 6774 6897
f 7019 6897 6896
f 7019 6896 6773
f 7020 6774 6775
f 7020 6775 6898
f 7020 6898 6897
f 7020 6897 6774
f 7021 6775 6653
f 7021 6653 6776
f 7021 6776 6898
f 7021 6898 6775
f 8956 7022 7023
f 8956 7023 7990
f 8956 7990 7989
f 8956 7989 7022
f 8957 7023 7024
f 8957 7024 7991
f 8957 7991 7990
f 8957 7990 7023
f 8958 7024 7025
f 8958 7025 7992
f 8958 7992 7991
f 8958 7991 7024
f 8959 7025 7026
f 8959 7026 7993
f 8959 7993 7992
f 8959 7992 7025
f 8960 7026 7027
f 8960 7027 7994
f 8960 7994 7993
f 8960 7993 7026
f 8961 7027 7028
f 8961 7028 7995
f 8961 7995 7994
f 8961 7994 7027
f 8962 7028 7029
f 8962 7029 7996
f 8962 7996 7995
f 8962 7995 7028
f 8963 7029 7030
f 8963 7030 7997
f 8963 7997 7996
f 8963 7996 7029
f 8964 7030 7031
f 8964 7031 7998
f 8964 7998 7997
f 8964 7997 7030
f 8965 7031 7032
f 8965 7032 7999
f 8965 7999 7998
f 8965 7998 7031
f 8966 7032 7033
f 8966 7033 8000
f 8966 8000 7999
f 8966 7999 7032
f 8967 7033 7034
f 8967 7034 8001
f 8967 8001 8000
f 8967 8000 7033
f 8968 7034 7035
f 8968 7035 8002
f 8968 8002 8001
f 8968 8001 7034
f 8969 7035 7036
f 8969 7036 8003
f 8969 8003 8002
f 8969 8002 7035
f 8970 7036 7037
f 8970 7037 8004
f 8970 8004 8003
f 8970 8003 7036
f 8971 7037 7038
f 8971 7038 8005
f 8971 8005 8004
f 8971 8004 7037
f 8972 7038 7039
f 8972 7039 8006
f 8972 8006 8005
f 8972 8005 7038
f 8973 7039 7040
f 8973 7040 8007
f 8973 8007 8006
f 8973 8006 7039
f 8974 7040 7041
f 8974 7041 8008
f 8974 8008 8007
f 8974 8007 7040
f 8975 7041 7042
f 8975 7042 8009
f 8975 8009 8008
f 8975 8008 7041
f 8976 7042 7043
f 8976 7043 8010
f 8976 8010 8009
f 8976 8009 7042
f 8977 7043 7044
f 8977 7044 8011
f 8977 8011 8010
f 8977 8010 7043
f 8978 7044 7045
f 8978 7045 8012
f 8978 8012 8011
f 8978 8011 7044
f 8979 7045 7046
f 8979 7046 8013
f 8979 8013 8012
f 8979 8012 7045
f 8980 7046 7047
f 8980 7047 8014
f 8980 8014 8013
f 8980 8013 7046
f 8981 7047 7048
f 8981 7048 8015
f 8981 8015 8014
f 8981 8014 7047
f 8982 7048 7049
f 8982 7049 8016
f 8982 8016 8015
f 8982 8015 7048
f 8983 7049 7050
f 8983 7050 8017
f 8983 8017 8016
f 8983 8016 7049
f 8984 7050 7051
f 8984 7051 8018
f 8984 8018 8017
f 8984 8017 7050
f 8985 7051 7052
f 8985 7052 8019
f 8985 8019 8018
f 8985 8018 7051
f 8986 7052 7053
f 8986 7053 8020
f 8986 8020 8019
f 8986 8019 7052
f 8987 7053 7054
f 8987 7054 8021
f 8987 8021 8020
f 8987 8020 7053
f 8988 7054 7055
f 8988 7055 8022
f 8988 8022 8021
f 8988 8021 7054
f 8989 7055 7056
f 8989 7056 8023
f 8989 8023 8022
f 8989 8022 7055
f 8990 7056 7057
f 8990 7057 8024
f 8990 8024 8023
f 8990 8023 7056
f 8991 7057 7058
f 8991 7058 8025
f 8991 8025 8024
f 8991 8024 7057
f 8992 7058 7059
f 8992 7059 8026
f 8992 8026 8025
f 8992 8025 7058
f 8993 7059 7060
f 8993 7060 8027
f 8993 8027 8026
f 8993 8026 7059
f 8994 7060 7061
f 8994 7061 8028
f 8994 8028 8027
f 8994 8027 7060
f 8995 7061 7062
f 8995 7062 8029
f 8995 8029 8028
f 8995 8028 7061
f 8996 7062 7063
f 8996 7063 8030
f 8996 8030 8029
f 8996 8029 7062
f 8997 7063 7064
f 8997 7064 8031
f 8997 8031 8030
f 8997 8030 7063
f 8998 7064 7065
f 8998 7065 8032
f 8998 8032 8031
f 8998 8031 7064
f 8999 7065 7066
f 8999 7066 8033
f 8999 8033 8032
f 8999 8032 7065
f 9000 7066 7067
f 9000 7067 8034
f 9000 8034 8033
f 9000 8033 7066
f 9001 7067 7068
f 9001 7068 8035
f 9001 8035 8034
f 9001 8034 7067
f 9002 7068 7069
f 9002 7069 8036
f 9002 8036 8035
f 9002 8035 7068
f 9003 7069 7070
f 9003 7070 8037
f 9003 8037 8036
f 9003 8036 7069
f 9004 7070 7071
f 9004 7071 8038
f 9004 8038 8037
f 9004 8037 7070
f 9005 7071 7072
f 9005 7072 8039
f 9005 8039 8038
f 9005 8038 7071
f 9006 7072 7073
f 9006 7073 8040
f 9006 8040 8039
f 9006 8039 7072
f 9007 7073 7074
f 9007 7074 8041
f 9007 8041 8040
f 9007 8040 7073
f 9008 7074 7075
f 9008 7075 8042
f 9008 8042 8041
f 9008 8041 7074
f 9009 7075 7076
f 9009 7076 8043
f 9009 8043 8042
f 9009 8042 7075
f 9010 7076 7077
f 9010 7077 8044
f 9010 8044 8043
f 9010 8043 7076
f 9011 7077 7078
f 9011 7078 8045
f 9011 8045 8044
f 9011 8044 7077
f 9012 7078 7079
f 9012 7079 8046
f 9012 8046 8045
f 9012 8045 7078
f 9013 7079 7080
f 9013 7080 8047
f 9013 8047 8046
f 9013 8046 7079
f 9014 7080 7081
f 9014 7081 8048
f 9014 8048 8047
f 9014 8047 7080
f 9015 7081 7082
f 9015 7082 8049
f 9015 8049 8048
f 9015 8048 7081
f 9016 7082 7083
f 9016 7083 8050
f 9016 8050 8049
f 9016 8049 7082
f 9017 7083 7084
f 9017 7084 8051
f 9017 8051 8050
f 9017 8050 7083
f 9018 7084 7085
f 9018 7085 8052
f 9018 8052 8051
f 9018 8051 7084
f 9019 7085 7086
f 9019 7086 8053
f 9019 8053 8052
f 9019 8052 7085
f 9020 7086 7087
f 9020 7087 8054
f 9020 8054 8053
f 9020 8053 7086
f 9021 7087 7088
f 9021 7088 8055
f 9021 8055 8054
f 9021 8054 7087
f 9022 7088 7089
f 9022 7089 8056
f 9022 8056 8055
f 9022 8055 7088
f 9023 7089 7090
f 9023 7090 8057
f 9023 8057 8056
f 9023 8056 7089
f 9024 7090 7091
f 9024 7091 8058
f 9024 8058 8057
f 9024 8057 7090
f 9025 7091 7092
f 9025 7092 8059
f 9025 8059 8058
f 9025 8058 7091
f 9026 7092 7093
f 9026 7093 8060
f 9026 8060 8059
f 9026 8059 7092
f 9027 7093 7094
f 9027 7094 8061
f 9027 8061 8060
f 9027 8060 7093
f 9028 7094 7095
f 9028 7095 8062
f 9028 8062 8061
f 9028 8061 7094
f 9029 7095 7096
f 9029 7096 8063
f 9029 8063 8062
f 9029 8062 7095
f 9030 7096 7097
f 9030 7097 8064
f 9030 8064 8063
f 9030 8063 7096
f 9031 7097 7098
f 9031 7098 8065
f 9031 8065 8064
f 9031 8064 7097
f 9032 7098 7099
f 9032 7099 8066
f 9032 8066 8065
f 9032 8065 7098
f 9033 7099 7100
f 9033 7100 8067
f 9033 8067 8066
f 9033 8066 7099
f 9034 7100 7101
f 9034 7101 8068
f 9034 8068 8067
f 9034 8067 7100
f 9035 7101 7102
f 9035 7102 8069
f 9035 8069 8068
f 9035 8068 7101
f 9036 7102 7103
f 9036 7103 8070
f 9036 8070 8069
f 9036 8069 7102
f 9037 7103 7104
f 9037 7104 8071
f 9037 8071 8070
f 9037 8070 7103
f 9038 7104 7105
f 9038 7105 8072
f 9038 8072 8071
f 9038 8071 7104
f 9039 7105 7106
f 9039 7106 8073
f 9039 8073 8072
f 9039 8072 7105
f 9040 7106 7107
f 9040 7107 8074
f 9040 8074 8073
f 9040 8073 7106
f 9041 7107 7108
f 9041 7108 8075
f 9041 8075 8074
f 9041 8074 7107
f 9042 7108 7109
f 9042 7109 8076
f 9042 8076 8075
f 9042 8075 7108
f 9043 7109 7110
f 9043 7110 8077
f 9043 8077 8076
f 9043 8076 7109
f 9044 7110 7111
f 9044 7111 8078
f 9044 8078 8077
f 9044 8077 7110
f 9045 7111 7112
f 9045 7112 8079
f 9045 8079 8078
f 9045 8078 7111
f 9046 7112 7113
f 9046 7113 8080
f 9046 8080 8079
f 9046 8079 7112
f 9047 7113 7114
f 9047 7114 8081
f 9047 8081 8080
f 9047 8080 7113
f 9048 7114 7115
f 9048 7115 8082
f 9048 8082 8081
f 9048 8081 7114
f 9049 7115 7116
f 9049 7116 8083
f 9049 8083 8082
f 9049 8082 7115
f 9050 7116 7117
f 9050 7117 8084
f 9050 8084 8083
f 9050 8083 7116
f 9051 7117 7118
f 9051 7118 8085
f 9051 8085 8084
f 9051 8084 7117
f 9052 7118 7119
f 9052 7119 8086
f 9052 8086 8085
f 9052 8085 7118
f 9053 7119 7120
f 9053 7120 8087
f 9053 8087 8086
f 9053 8086 7119
f 9054 7120 7121
f 9054 7121 8088
f 9054 8088 8087
f 9054 8087 7120
f 9055 7121 7122
f 9055 7122 8089
f 9055 8089 8088
f 9055 8088 7121
f 9056 7122 7123
f 9056 7123 8090
f 9056 8090 8089
f 9056 8089 7122
f 9057 7123 7124
f 9057 7124 8091
f 9057 8091 8090
f 9057 8090 7123
f 9058 7124 7125
f 9058 7125 8092
f 9058 8092 8091
f 9058 8091 7124
f 9059 7125 7126
f 9059 7126 8093
f 9059 8093 8092
f 9059 8092 7125
f 9060 7126 7127
f 9060 7127 8094
f 9060 8094 8093
f 9060 8093 7126
f 9061 7127 7128
f 9061 7128 8095
f 9061 8095 8094
f 9061 8094 7127
f 9062 7128 7129
f 9062 7129 8096
f 9062 8096 8095
f 9062 8095 7128
f 9063 7129 7130
f 9063 7130 8097
f 9063 8097 8096
f 9063 8096 7129
f 9064 7130 7131
f 9064 7131 8098
f 9064 8098 8097
f 9064 8097 7130
f 9065 7131 7132
f 9065 7132 8099
f 9065 8099 8098
f 9065 8098 7131
f 9066 7132 7133
f 9066 7133 8100
f 9066 8100 8099
f 9066 8099 7132
f 9067 7133 7134
f 9067 7134 8101
f 9067 8101 8100
f 9067 8100 7133
f 9068 7134 7135
f 9068 7135 8102
f 9068 8102 8101
f 9068 8101 7134
f 9069 7135 7136
f 9069 7136 8103
f 9069 8103 8102
f 9069 8102 7135
f 9070 7136 7137
f 9070 7137 8104
f 9070 8104 8103
f 9070 8103 7136
f 9071 7137 7138
f 9071 7138 8105
f 9071 8105 8104
f 9071 8104 7137
f 9072 7138 7139
f 9072 7139 8106
f 9072 8106 8105
f 9072 8105 7138
f 9073 7139 7140
f 9073 7140 8107
f 9073 8107 8106
f 9073 8106 7139
f 9074 7140 7141
f 9074 7141 8108
f 9074 8108 8107
f 9074 8107 7140
f 9075 7141 7142
f 9075 7142 8109
f 9075 8109 8108
f 9075 8108 7141
f 9076 7142 7143
f 9076 7143 8110
f 9076 8110 8109
f 9076 8109 7142
f 9077 7143 7144
f 9077 7144 8111
f 9077 8111 8110
f 9077 8110 7143
f 9078 7144 7145
f 9078 7145 8112
f 9078 8112 8111
f 9078 8111 7144
f 9079 7145 7146
f 9079 7146 8113
f 9079 8113 8112
f 9079 8112 7145
f 9080 7146 7147
f 9080 7147 8114
f 9080 8114 8113
f 9080 8113 7146
f 9081 7147 7148
f 9081 7148 8115
f 9081 8115 8114
f 9081 8114 7147
f 9082 7148 7149
f 9082 7149 8116
f 9082 8116 8115
f 9082 8115 7148
f 9083 7149 7150
f 9083 7150 8117
f 9083 8117 8116
f 9083 8116 7149
f 9084 7150 7151
f 9084 7151 8118
f 9084 8118 8117
f 9084 8117 7150
f 9085 7151 7152
f 9085 7152 8119
f 9085 8119 8118
f 9085 8118 7151
f 9086 7152 7153
f 9086 7153 8120
f 9086 8120 8119
f 9086 8119 7152
f 9087 7153 7154
f 9087 7154 8121
f 9087 8121 8120
f 9087 8120 7153
f 9088 7154 7155
f 9088 7155 8122
f 9088 8122 8121
f 9088 8121 7154
f 9089 7155 7156
f 9089 7156 8123
f 9089 8123 8122
f 9089 8122 7155
f 9090 7156 7157
f 9090 7157 8124
f 9090 8124 8123
f 9090 8123 7156
f 9091 7157 7158
f 9091 7158 8125
f 9091 8125 8124
f 9091 8124 7157
f 9092 7158 7159
f 9092 7159 8126
f 9092 8126 8125
f 9092 8125 7158
f 9093 7159 7160
f 9093 7160 8127
f 9093 8127 8126
f 9093 8126 7159
f 9094 7160 7161
f 9094 7161 8128
f 9094 8128 8127
f 9094 8127 7160
f 9095 7161 7162
f 9095 7162 8129
f 9095 8129 8128
f 9095 8128 7161
f 9096 7162 7163
f 9096 7163 8130
f 9096 8130 8129
f 9096 8129 7162
f 9097 7163 7164
f 9097 7164 8131
f 9097 8131 8130
f 9097 8130 7163
f 9098 7164 7165
f 9098 7165 8132
f 9098 8132 8131
f 9098 8131 7164
f 9099 7165 7166
f 9099 7166 8133
f 9099 8133 8132
f 9099 8132 7165
f 9100 7166 7167
f 9100 7167 8134
f 9100 8134 8133
f 9100 8133 7166
f 9101 7167 7168
f 9101 7168 8135
f 9101 8135 8134
f 9101 8134 7167
f 9102 7168 7169
f 9102 7169 8136
f 9102 8136 8135
f 9102 8135 7168
f 9103 7169 7170
f 9103 7170 8137
f 9103 8137 8136
f 9103 8136 7169
f 9104 7170 7171
f 9104 7171 8138
f 9104 8138 8137
f 9104 8137 7170
f 9105 7171 7172
f 9105 7172 8139
f 9105 8139 8138
f 9105 8138 7171
f 9106 7172 7173
f 9106 7173 8140
f 9106 8140 8139
f 9106 8139 7172
f 9107 7173 7174
f 9107 7174 8141
f 9107 8141 8140
f 9107 8140 7173
f 9108 7174 7175
f 9108 7175 8142
f 9108 8142 8141
f 9108 8141 7174
f 9109 7175 7176
f 9109 7176 8143
f 9109 8143 8142
f 9109 8142 7175
f 9110 7176 7177
f 9110 7177 8144
f 9110 8144 8143
f 9110 8143 7176
f 9111 7177 7178
f 9111 7178 8145
f 9111 8145 8144
f 9111 8144 7177
f 9112 7178 7179
f 9112 7179 8146
f 9112 8146 8145
f 9112 8145 7178
f 9113 7179 7180
f 9113 7180 8147
f 9113 8147 8146
f 9113 8146 7179
f 9114 7180 7181
f 9114 7181 8148
f 9114 8148 8147
f 9114 8147 7180
f 9115 7181 7182
f 9115 7182 8149
f 9115 8149 8148
f 9115 8148 7181
f 9116 7182 7183
f 9116 7183 8150
f 9116 8150 8149
f 9116 8149 7182
f 9117 7183 7184
f 9117 7184 8151
f 9117 8151 8150
f 9117 8150 7183
f 9118 7184 7185
f 9118 7185 8152
f 9118 8152 8151
f 9118 8151 7184
f 9119 7185 7186
f 9119 7186 8153
f 9119 8153 8152
f 9119 8152 7185
f 9120 7186 7187
f 9120 7187 8154
f 9120 8154 8153
f 9120 8153 7186
f 9121 7187 7188
f 9121 7188 8155
f 9121 8155 8154
f 9121 8154 7187
f 9122 7188 7189
f 9122 7189 8156
f 9122 8156 8155
f 9122 8155 7188
f 9123 7189 7190
f 9123 7190 8157
f 9123 8157 8156
f 9123 8156 7189
f 9124 7190 7191
f 9124 7191 8158
f 9124 8158 8157
f 9124 8157 7190
f 9125 7191 7192
f 9125 7192 8159
f 9125 8159 8158
f 9125 8158 7191
f 9126 7192 7193
f 9126 7193 8160
f 9126 8160 8159
f 9126 8159 7192
f 9127 7193 7194
f 9127 7194 8161
f 9127 8161 8160
f 9127 8160 7193
f 9128 7194 7195
f 9128 7195 8162
f 9128 8162 8161
f 9128 8161 7194
f 9129 7195 7196
f 9129 7196 8163
f 9129 8163 8162
f 9129 8162 7195
f 9130 7196 7197
f 9130 7197 8164
f 9130 8164 8163
f 9130 8163 7196
f 9131 7197 7198
f 9131 7198 8165
f 9131 8165 8164
f 9131 8164 7197
f 9132 7198 7199
f 9132 7199 8166
f 9132 8166 8165
f 9132 8165 7198
f 9133 7199 7200
f 9133 7200 8167
f 9133 8167 8166
f 9133 8166 7199
f 9134 7200 7201
f 9134 7201 8168
f 9134 8168 8167
f 9134 8167 7200
f 9135 7201 7202
f 9135 7202 8169
f 9135 8169 8168
f 9135 8168 7201
f 9136 7202 7203
f 9136 7203 8170
f 9136 8170 8169
f 9136 8169 7202
f 9137 7203 7204
f 9137 7204 8171
f 9137 8171 8170
f 9137 8170 7203
f 9138 7204 7205
f 9138 7205 8172
f 9138 8172 8171
f 9138 8171 7204
f 9139 7205 7206
f 9139 7206 8173
f 9139 8173 8172
f 9139 8172 7205
f 9140 7206 7207
f 9140 7207 8174
f 9140 8174 8173
f 9140 8173 7206
f 9141 7207 7208
f 9141 7208 8175
f 9141 8175 8174
f 9141 8174 7207
f 9142 7208 7209
f 9142 7209 8176
f 9142 8176 8175
f 9142 8175 7208
f 9143 7209 7210
f 9143 7210 8177
f 9143 8177 8176
f 9143 8176 7209
f 9144 7210 7211
f 9144 7211 8178
f 9144 8178 8177
f 9144 8177 7210
f 9145 7211 7212
f 9145 7212 8179
f 9145 8179 8178
f 9145 8178 7211
f 9146 7212 7213
f 9146 7213 8180
f 9146 8180 8179
f 9146 8179 7212
f 9147 7213 7214
f 9147 7214 8181
f 9147 8181 8180
f 9147 8180 7213
f 9148 7214 7215
f 9148 7215 8182
f 9148 8182 8181
f 9148 8181 7214
f 9149 7215 7216
f 9149 7216 8183
f 9149 8183 8182
f 9149 8182 7215
f 9150 7216 7217
f 9150 7217 8184
f 9150 8184 8183
f 9150 8183 7216
f 9151 7217 7218
f 9151 7218 8185
f 9151 8185 8184
f 9151 8184 7217
f 9152 7218 7219
f 9152 7219 8186
f 9152 8186 8185
f 9152 8185 7218
f 9153 7219 7220
f 9153 7220 8187
f 9153 8187 8186
f 9153 8186 7219
f 9154 7220 7221
f 9154 7221 8188
f 9154 8188 8187
f 9154 8187 7220
f 9155 7221 7222
f 9155 7222 8189
f 9155 8189 8188
f 9155 8188 7221
f 9156 7222 7223
f 9156 7223 8190
f 9156 8190 8189
f 9156 8189 7222
f 9157 7223 7224
f 9157 7224 8191
f 9157 8191 8190
f 9157 8190 7223
f 9158 7224 7225
f 9158 7225 8192
f 9158 8192 8191
f 9158 8191 7224
f 9159 7225 7226
f 9159 7226 8193
f 9159 8193 8192
f 9159 8192 7225
f 9160 7226 7227
f 9160 7227 8194
f 9160 8194 8193
f 9160 8193 7226
f 9161 7227 7228
f 9161 7228 8195
f 9161 8195 8194
f 9161 8194 7227
f 9162 7228 7229
f 9162 7229 8196
f 9162 8196 8195
f 9162 8195 7228
f 9163 7229 7230
f 9163 7230 8197
f 9163 8197 8196
f 9163 8196 7229
f 9164 7230 7231
f 9164 7231 8198
f 9164 8198 8197
f 9164 8197 7230
f 9165 7231 7232
f 9165 7232 8199
f 9165 8199 8198
f 9165 8198 7231
f 9166 7232 7233
f 9166 7233 8200
f 9166 8200 8199
f 9166 8199 7232
f 9167 7233 7234
f 9167 7234 8201
f 9167 8201 8200
f 9167 8200 7233
f 9168 7234 7235
f 9168 7235 8202
f 9168 8202 8201
f 9168 8201 7234
f 9169 7235 7236
f 9169 7236 8203
f 9169 8203 8202
f 9169 8202 7235
f 9170 7236 7237
f 9170 7237 8204
f 9170 8204 8203
f 9170 8203 7236
f 9171 7237 7238
f 9171 7238 8205
f 9171 8205 8204
f 9171 8204 7237
f 9172 7238 7239
f 9172 7239 8206
f 9172 8206 8205
f 9172 8205 7238
f 9173 7239 7240
f 9173 7240 8207
f 9173 8207 8206
f 9173 8206 7239
f 9174 7240 7241
f 9174 7241 8208
f 9174 8208 8207
f 9174 8207 7240
f 9175 7241 7242
f 9175 7242 8209
f 9175 8209 8208
f 9175 8208 7241
f 9176 7242 7243
f 9176 7243 8210
f 9176 8210 8209
f 9176 8209 7242
f 9177 7243 7244
f 9177 7244 8211
f 9177 8211 8210
f 9177 8210 7243
f 9178 7244 7245
f 9178 7245 8212
f 9178 8212 8211
f 9178 8211 7244
f 9179 7245 7246
f 9179 7246 8213
f 9179 8213 8212
f 9179 8212 7245
f 9180 7246 7247
f 9180 7247 8214
f 9180 8214 8213
f 9180 8213 7246
f 9181 7247 7248
f 9181 7248 8215
f 9181 8215 8214
f 9181 8214 7247
f 9182 7248 7249
f 9182 7249 8216
f 9182 8216 8215
f 9182 8215 7248
f 9183 7249 7250
f 9183 7250 8217
f 9183 8217 8216
f 9183 8216 7249
f 9184 7250 7251
f 9184 7251 8218
f 9184 8218 8217
f 9184 8217 7250
f 9185 7251 7252
f 9185 7252 8219
f 9185 8219 8218
f 9185 8218 7251
f 9186 7252 7253
f 9186 7253 8220
f 9186 8220 8219
f 9186 8219 7252
f 9187 7253 7254
f 9187 7254 8221
f 9187 8221 8220
f 9187 8220 7253
f 9188 7254 7255
f 9188 7255 8222
f 9188 8222 8221
f 9188 8221 7254
f 9189 7255 7256
f 9189 7256 8223
f 9189 8223 8222
f 9189 8222 7255
f 9190 7256 7257
f 9190 7257 8224
f 9190 8224 8223
f 9190 8223 7256
f 9191 7257 7258
f 9191 7258 8225
f 9191 8225 8224
f 9191 8224 7257
f 9192 7258 7259
f 9192 7259 8226
f 9192 8226 8225
f 9192 8225 7258
f 9193 7259 7260
f 9193 7260 8227
f 9193 8227 8226
f 9193 8226 7259
f 9194 7260 7261
f 9194 7261 8228
f 9194 8228 8227
f 9194 8227 7260
f 9195 7261 7262
f 9195 7262 8229
f 9195 8229 8228
f 9195 8228 7261
f 9196 7262 7263
f 9196 7263 8230
f 9196 8230 8229
f 9196 8229 7262
f 9197 7263 7264
f 9197 7264 8231
f 9197 8231 8230
f 9197 8230 7263
f 9198 7264 7265
f 9198 7265 8232
f 9198 8232 8231
f 9198 8231 7264
f 9199 7265 7266
f 9199 7266 8233
f 9199 8233 8232
f 9199 8232 7265
f 9200 7266 7267
f 9200 7267 8234
f 9200 8234 8233
f 9200 8233 7266
f 9201 7267 7268
f 9201 7268 8235
f 9201 8235 8234
f 9201 8234 7267
f 9202 7268 7269
f 9202 7269 8236
f 9202 8236 8235
f 9202 8235 7268
f 9203 7269 7270
f 9203 7270 8237
f 9203 8237 8236
f 9203 8236 7269
f 9204 7270 7271
f 9204 7271 8238
f 9204 8238 8237
f 9204 8237 7270
f 9205 7271 7272
f 9205 7272 8239
f 9205 8239 8238
f 9205 8238 7271
f 9206 7272 7273
f 9206 7273 8240
f 9206 8240 8239
f 9206 8239 7272
f 9207 7273 7274
f 9207 7274 8241
f 9207 8241 8240
f 9207 8240 7273
f 9208 7274 7275
f 9208 7275 8242
f 9208 8242 8241
f 9208 8241 7274
f 9209 7275 7276
f 9209 7276 8243
f 9209 8243 8242
f 9209 8242 7275
f 9210 7276 7277
f 9210 7277 8244
f 9210 8244 8243
f 9210 8243 7276
f 9211 7277 7278
f 9211 7278 8245
f 9211 8245 8244
f 9211 8244 7277
f 9212 7278 7279
f 9212 7279 8246
f 9212 8246 8245
f 9212 8245 7278
f 9213 7279 7280
f 9213 7280 8247
f 9213 8247 8246
f 9213 8246 7279
f 9214 7280 7281
f 9214 7281 8248
f 9214 8248 8247
f 9214 8247 7280
f 9215 7281 7282
f 9215 7282 8249
f 9215 8249 8248
f 9215 8248 7281
f 9216 7282 7283
f 9216 7283 8250
f 9216 8250 8249
f 9216 8249 7282
f 9217 7283 7284
f 9217 7284 8251
f 9217 8251 8250
f 9217 8250 7283
f 9218 7284 7285
f 9218 7285 8252
f 9218 8252 8251
f 9218 8251 7284
f 9219 7285 7286
f 9219 7286 8253
f 9219 8253 8252
f 9219 8252 7285
f 9220 7286 7287
f 9220 7287 8254
f 9220 8254 8253
f 9220 8253 7286
f 9221 7287 7288
f 9221 7288 8255
f 9221 8255 8254
f 9221 8254 7287
f 9222 7288 7289
f 9222 7289 8256
f 9222 8256 8255
f 9222 8255 7288
f 9223 7289 7290
f 9223 7290 8257
f 9223 8257 8256
f 9223 8256 7289
f 9224 7290 7291
f 9224 7291 8258
f 9224 8258 8257
f 9224 8257 7290
f 9225 7291 7292
f 9225 7292 8259
f 9225 8259 8258
f 9225 8258 7291
f 9226 7292 7293
f 9226 7293 8260
f 9226 8260 8259
f 9226 8259 7292
f 9227 7293 7294
f 9227 7294 8261
f 9227 8261 8260
f 9227 8260 7293
f 9228 7294 7295
f 9228 7295 8262
f 9228 8262 8261
f 9228 8261 7294
f 9229 7295 7296
f 9229 7296 8263
f 9229 8263 8262
f 9229 8262 7295
f 9230 7296 7297
f 9230 7297 8264
f 9230 8264 8263
f 9230 8263 7296
f 9231 7297 7298
f 9231 7298 8265
f 9231 8265 8264
f 9231 8264 7297
f 9232 7298 7299
f 9232 7299 8266
f 9232 8266 8265
f 9232 8265 7298
f 9233 7299 7300
f 9233 7300 8267
f 9233 8267 8266
f 9233 8266 7299
f 9234 7300 7301
f 9234 7301 8268
f 9234 8268 8267
f 9234 8267 7300
f 9235 7301 7302
f 9235 7302 8269
f 9235 8269 8268
f 9235 8268 7301
f 9236 7302 7303
f 9236 7303 8270
f 9236 8270 8269
f 9236 8269 7302
f 9237 7303 7304
f 9237 7304 8271
f 9237 8271 8270
f 9237 8270 7303
f 9238 7304 7305
f 9238 7305 8272
f 9238 8272 8271
f 9238 8271 7304
f 9239 7305 7306
f 9239 7306 8273
f 9239 8273 8272
f 9239 8272 7305
f 9240 7306 7307
f 9240 7307 8274
f 9240 8274 8273
f 9240 8273 7306
f 9241 7307 7308
f 9241 7308 8275
f 9241 8275 8274
f 9241 8274 7307
f 9242 7308 7309
f 9242 7309 8276
f 9242 8276 8275
f 9242 8275 7308
f 9243 7309 7310
f 9243 7310 8277
f 9243 8277 8276
f 9243 8276 7309
f 9244 7310 7311
f 9244 7311 8278
f 9244 8278 8277
f 9244 8277 7310
f 9245 7311 7312
f 9245 7312 8279
f 9245 8279 8278
f 9245 8278 7311
f 9246 7312 7313
f 9246 7313 8280
f 9246 8280 8279
f 9246 8279 7312
f 9247 7313 7314
f 9247 7314 8281
f 9247 8281 8280
f 9247 8280 7313
f 9248 7314 7315
f 9248 7315 8282
f 9248 8282 8281
f 9248 8281 7314
f 9249 7315 7316
f 9249 7316 8283
f 9249 8283 8282
f 9249 8282 7315
f 9250 7316 7317
f 9250 7317 8284
f 9250 8284 8283
f 9250 8283 7316
f 9251 7317 7318
f 9251 7318 8285
f 9251 8285 8284
f 9251 8284 7317
f 9252 7318 7319
f 9252 7319 8286
f 9252 8286 8285
f 9252 8285 7318
f 9253 7319 7320
f 9253 7320 8287
f 9253 8287 8286
f 9253 8286 7319
f 9254 7320 7321
f 9254 7321 8288
f 9254 8288 8287
f 9254 8287 7320
f 9255 7321 7322
f 9255 7322 8289
f 9255 8289 8288
f 9255 8288 7321
f 9256 7322 7323
f 9256 7323 8290
f 9256 8290 8289
f 9256 8289 7322
f 9257 7323 7324
f 9257 7324 8291
f 9257 8291 8290
f 9257 8290 7323
f 9258 7324 7325
f 9258 7325 8292
f 9258 8292 8291
f 9258 8291 7324
f 9259 7325 7326
f 9259 7326 8293
f 9259 8293 8292
f 9259 8292 7325
f 9260 7326 7327
f 9260 7327 8294
f 9260 8294 8293
f 9260 8293 7326
f 9261 7327 7328
f 9261 7328 8295
f 9261 8295 8294
f 9261 8294 7327
f 9262 7328 7329
f 9262 7329 8296
f 9262 8296 8295
f 9262 8295 7328
f 9263 7329 7330
f 9263 7330 8297
f 9263 8297 8296
f 9263 8296 7329
f 9264 7330 7331
f 9264 7331 8298
f 9264 8298 8297
f 9264 8297 7330
f 9265 7331 7332
f 9265 7332 8299
f 9265 8299 8298
f 9265 8298 7331
f 9266 7332 7333
f 9266 7333 8300
f 9266 8300 8299
f 9266 8299 7332
f 9267 7333 7334
f 9267 7334 8301
f 9267 8301 8300
f 9267 8300 7333
f 9268 7334 7335
f 9268 7335 8302
f 9268 8302 8301
f 9268 8301 7334
f 9269 7335 7336
f 9269 7336 8303
f 9269 8303 8302
f 9269 8302 7335
f 9270 7336 7337
f 9270 7337 8304
f 9270 8304 8303
f 9270 8303 7336
f 9271 7337 7338
f 9271 7338 8305
f 9271 8305 8304
f 9271 8304 7337
f 9272 7338 7339
f 9272 7339 8306
f 9272 8306 8305
f 9272 8305 7338
f 9273 7339 7340
f 9273 7340 8307
f 9273 8307 8306
f 9273 8306 7339
f 9274 7340 7341
f 9274 7341 8308
f 9274 8308 8307
f 9274 8307 7340
f 9275 7341 7342
f 9275 7342 8309
f 9275 8309 8308
f 9275 8308 7341
f 9276 7342 7343
f 9276 7343 8310
f 9276 8310 8309
f 9276 8309 7342
f 9277 7343 7344
f 9277 7344 8311
f 9277 8311 8310
f 9277 8310 7343
f 9278 7344 7345
f 9278 7345 8312
f 9278 8312 8311
f 9278 8311 7344
f 9279 7345 7346
f 9279 7346 8313
f 9279 8313 8312
f 9279 8312 7345
f 9280 7346 7347
f 9280 7347 8314
f 9280 8314 8313
f 9280 8313 7346
f 9281 7347 7348
f 9281 7348 8315
f 9281 8315 8314
f 9281 8314 7347
f 9282 7348 7349
f 9282 7349 8316
f 9282 8316 8315
f 9282 8315 7348
f 9283 7349 7350
f 9283 7350 8317
f 9283 8317 8316
f 9283 8316 7349
f 9284 7350 7351
f 9284 7351 8318
f 9284 8318 8317
f 9284 8317 7350
f 9285 7351 7352
f 9285 7352 8319
f 9285 8319 8318
f 9285 8318 7351
f 9286 7352 7353
f 9286 7353 8320
f 9286 8320 8319
f 9286 8319 7352
f 9287 7353 7354
f 9287 7354 8321
f 9287 8321 8320
f 9287 8320 7353
f 9288 7354 7355
f 9288 7355 8322
f 9288 8322 8321
f 9288 8321 7354
f 9289 7355 7356
f 9289 7356 8323
f 9289 8323 8322
f 9289 8322 7355
f 9290 7356 7357
f 9290 7357 8324
f 9290 8324 8323
f 9290 8323 7356
f 9291 7357 7358
f 9291 7358 8325
f 9291 8325 8324
f 9291 8324 7357
f 9292 7358 7359
f 9292 7359 8326
f 9292 8326 8325
f 9292 8325 7358
f 9293 7359 7360
f 9293 7360 8327
f 9293 8327 8326
f 9293 8326 7359
f 9294 7360 7361
f 9294 7361 8328
f 9294 8328 8327
f 9294 8327 7360
f 9295 7361 7362
f 9295 7362 8329
f 9295 8329 8328
f 9295 8328 7361
f 9296 7362 7363
f 9296 7363 8330
f 9296 8330 8329
f 9296 8329 7362
f 9297 7363 7364
f 9297 7364 8331
f 9297 8331 8330
f 9297 8330 7363
f 9298 7364 7365
f 9298 7365 8332
f 9298 8332 8331
f 9298 8331 7364
f 9299 7365 7366
f 9299 7366 8333
f 9299 8333 8332
f 9299 8332 7365
f 9300 7366 7367
f 9300 7367 8334
f 9300 8334 8333
f 9300 8333 7366
f 9301 7367 7368
f 9301 7368 8335
f 9301 8335 8334
f 9301 8334 7367
f 9302 7368 7369
f 9302 7369 8336
f 9302 8336 8335
f 9302 8335 7368
f 9303 7369 7370
f 9303 7370 8337
f 9303 8337 8336
f 9303 8336 7369
f 9304 7370 7371
f 9304 7371 8338
f 9304 8338 8337
f 9304 8337 7370
f 9305 7371 7372
f 9305 7372 8339
f 9305 8339 8338
f 9305 8338 7371
f 9306 7372 7373
f 9306 7373 8340
f 9306 8340 8339
f 9306 8339 7372
f 9307 7373 7374
f 9307 7374 8341
f 9307 8341 8340
f 9307 8340 7373
f 9308 7374 7375
f 9308 7375 8342
f 9308 8342 8341
f 9308 8341 7374
f 9309 7375 7376
f 9309 7376 8343
f 9309 8343 8342
f 9309 8342 7375
f 9310 7376 7377
f 9310 7377 8344
f 9310 8344 8343
f 9310 8343 7376
f 9311 7377 7378
f 9311 7378 8345
f 9311 8345 8344
f 9311 8344 7377
f 9312 7378 7379
f 9312 7379 8346
f 9312 8346 8345
f 9312 8345 7378
f 9313 7379 7380
f 9313 7380 8347
f 9313 8347 8346
f 9313 8346 7379
f 9314 7380 7381
f 9314 7381 8348
f 9314 8348 8347
f 9314 8347 7380
f 9315 7381 7382
f 9315 7382 8349
f 9315 8349 8348
f 9315 8348 7381
f 9316 7382 7383
f 9316 7383 8350
f 9316 8350 8349
f 9316 8349 7382
f 9317 7383 7384
f 9317 7384 8351
f 9317 8351 8350
f 9317 8350 7383
f 9318 7384 7385
f 9318 7385 8352
f 9318 8352 8351
f 9318 8351 7384
f 9319 7385 7386
f 9319 7386 8353
f 9319 8353 8352
f 9319 8352 7385
f 9320 7386 7387
f 9320 7387 8354
f 9320 8354 8353
f 9320 8353 7386
f 9321 7387 7388
f 9321 7388 8355
f 9321 8355 8354
f 9321 8354 7387
f 9322 7388 7389
f 9322 7389 8356
f 9322 8356 8355
f 9322 8355 7388
f 9323 7389 7390
f 9323 7390 8357
f 9323 8357 8356
f 9323 8356 7389
f 9324 7390 7391
f 9324 7391 8358
f 9324 8358 8357
f 9324 8357 7390
f 9325 7391 7392
f 9325 7392 8359
f 9325 8359 8358
f 9325 8358 7391
f 9326 7392 7393
f 9326 7393 8360
f 9326 8360 8359
f 9326 8359 7392
f 9327 7393 7394
f 9327 7394 8361
f 9327 8361 8360
f 9327 8360 7393
f 9328 7394 7395
f 9328 7395 8362
f 9328 8362 8361
f 9328 8361 7394
f 9329 7395 7396
f 9329 7396 8363
f 9329 8363 8362
f 9329 8362 7395
f 9330 7396 7397
f 9330 7397 8364
f 9330 8364 8363
f 9330 8363 7396
f 9331 7397 7398
f 9331 7398 8365
f 9331 8365 8364
f 9331 8364 7397
f 9332 7398 7399
f 9332 7399 8366
f 9332 8366 8365
f 9332 8365 7398
f 9333 7399 7400
f 9333 7400 8367
f 9333 8367 8366
f 9333 8366 7399
f 9334 7400 7401
f 9334 7401 8368
f 9334 8368 8367
f 9334 8367 7400
f 9335 7401 7402
f 9335 7402 8369
f 9335 8369 8368
f 9335 8368 7401
f 9336 7402 7403
f 9336 7403 8370
f 9336 8370 8369
f 9336 8369 7402
f 9337 7403 7404
f 9337 7404 8371
f 9337 8371 8370
f 9337 8370 7403
f 9338 7404 7405
f 9338 7405 8372
f 9338 8372 8371
f 9338 8371 7404
f 9339 7405 7406
f 9339 7406 8373
f 9339 8373 8372
f 9339 8372 7405
f 9340 7406 7407
f 9340 7407 8374
f 9340 8374 8373
f 9340 8373 7406
f 9341 7407 7408
f 9341 7408 8375
f 9341 8375 8374
f 9341 8374 7407
f 9342 7408 7409
f 9342 7409 8376
f 9342 8376 8375
f 9342 8375 7408
f 9343 7409 7410
f 9343 7410 8377
f 9343 8377 8376
f 9343 8376 7409
f 9344 7410 7411
f 9344 7411 8378
f 9344 8378 8377
f 9344 8377 7410
f 9345 7411 7412
f 9345 7412 8379
f 9345 8379 8378
f 9345 8378 7411
f 9346 7412 7413
f 9346 7413 8380
f 9346 8380 8379
f 9346 8379 7412
f 9347 7413 7414
f 9347 7414 8381
f 9347 8381 8380
f 9347 8380 7413
f 9348 7414 7415
f 9348 7415 8382
f 9348 8382 8381
f 9348 8381 7414
f 9349 7415 7416
f 9349 7416 8383
f 9349 8383 8382
f 9349 8382 7415
f 9350 7416 7417
f 9350 7417 8384
f 9350 8384 8383
f 9350 8383 7416
f 9351 7417 7418
f 9351 7418 8385
f 9351 8385 8384
f 9351 8384 7417
f 9352 7418 7419
f 9352 7419 8386
f 9352 8386 8385
f 9352 8385 7418
f 9353 7419 7420
f 9353 7420 8387
f 9353 8387 8386
f 9353 8386 7419
f 9354 7420 7421
f 9354 7421 8388
f 9354 8388 8387
f 9354 8387 7420
f 9355 7421 7422
f 9355 7422 8389
f 9355 8389 8388
f 9355 8388 7421
f 9356 7422 7423
f 9356 7423 8390
f 9356 8390 8389
f 9356 8389 7422
f 9357 7423 7424
f 9357 7424 8391
f 9357 8391 8390
f 9357 8390 7423
f 9358 7424 7425
f 9358 7425 8392
f 9358 8392 8391
f 9358 8391 7424
f 9359 7425 7426
f 9359 7426 8393
f 9359 8393 8392
f 9359 8392 7425
f 9360 7426 7427
f 9360 7427 8394
f 9360 8394 8393
f 9360 8393 7426
f 9361 7427 7428
f 9361 7428 8395
f 9361 8395 8394
f 9361 8394 7427
f 9362 7428 7429
f 9362 7429 8396
f 9362 8396 8395
f 9362 8395 7428
f 9363 7429 7430
f 9363 7430 8397
f 9363 8397 8396
f 9363 8396 7429
f 9364 7430 7431
f 9364 7431 8398
f 9364 8398 8397
f 9364 8397 7430
f 9365 7431 7432
f 9365 7432 8399
f 9365 8399 8398
f 9365 8398 7431
f 9366 7432 7433
f 9366 7433 8400
f 9366 8400 8399
f 9366 8399 7432
f 9367 7433 7434
f 9367 7434 8401
f 9367 8401 8400
f 9367 8400 7433
f 9368 7434 7435
f 9368 7435 8402
f 9368 8402 8401
f 9368 8401 7434
f 9369 7435 7436
f 9369 7436 8403
f 9369 8403 8402
f 9369 8402 7435
f 9370 7436 7437
f 9370 7437 8404
f 9370 8404 8403
f 9370 8403 7436
f 9371 7437 7438
f 9371 7438 8405
f 9371 8405 8404
f 9371 8404 7437
f 9372 7438 7439
f 9372 7439 8406
f 9372 8406 8405
f 9372 8405 7438
f 9373 7439 7440
f 9373 7440 8407
f 9373 8407 8406
f 9373 8406 7439
f 9374 7440 7441
f 9374 7441 8408
f 9374 8408 8407
f 9374 8407 7440
f 9375 7441 7442
f 9375 7442 8409
f 9375 8409 8408
f 9375 8408 7441
f 9376 7442 7443
f 9376 7443 8410
f 9376 8410 8409
f 9376 8409 7442
f 9377 7443 7444
f 9377 7444 8411
f 9377 8411 8410
f 9377 8410 7443
f 9378 7444 7445
f 9378 7445 8412
f 9378 8412 8411
f 9378 8411 7444
f 9379 7445 7446
f 9379 7446 8413
f 9379 8413 8412
f 9379 8412 7445
f 9380 7446 7447
f 9380 7447 8414
f 9380 8414 8413
f 9380 8413 7446
f 9381 7447 7448
f 9381 7448 8415
f 9381 8415 8414
f 9381 8414 7447
f 9382 7448 7449
f 9382 7449 8416
f 9382 8416 8415
f 9382 8415 7448
f 9383 7449 7450
f 9383 7450 8417
f 9383 8417 8416
f 9383 8416 7449
f 9384 7450 7451
f 9384 7451 8418
f 9384 8418 8417
f 9384 8417 7450
f 9385 7451 7452
f 9385 7452 8419
f 9385 8419 8418
f 9385 8418 7451
f 9386 7452 7453
f 9386 7453 8420
f 9386 8420 8419
f 9386 8419 7452
f 9387 7453 7454
f 9387 7454 8421
f 9387 8421 8420
f 9387 8420 7453
f 9388 7454 7455
f 9388 7455 8422
f 9388 8422 8421
f 9388 8421 7454
f 9389 7455 7456
f 9389 7456 8423
f 9389 8423 8422
f 9389 8422 7455
f 9390 7456 7457
f 9390 7457 8424
f 9390 8424 8423
f 9390 8423 7456
f 9391 7457 7458
f 9391 7458 8425
f 9391 8425 8424
f 9391 8424 7457
f 9392 7458 7459
f 9392 7459 8426
f 9392 8426 8425
f 9392 8425 7458
f 9393 7459 7460
f 9393 7460 8427
f 9393 8427 8426
f 9393 8426 7459
f 9394 7460 7461
f 9394 7461 8428
f 9394 8428 8427
f 9394 8427 7460
f 9395 7461 7462
f 9395 7462 8429
f 9395 8429 8428
f 9395 8428 7461
f 9396 7462 7463
f 9396 7463 8430
f 9396 8430 8429
f 9396 8429 7462
f 9397 7463 7464
f 9397 7464 8431
f 9397 8431 8430
f 9397 8430 7463
f 9398 7464 7465
f 9398 7465 8432
f 9398 8432 8431
f 9398 8431 7464
f 9399 7465 7466
f 9399 7466 8433
f 9399 8433 8432
f 9399 8432 7465
f 9400 7466 7467
f 9400 7467 8434
f 9400 8434 8433
f 9400 8433 7466
f 9401 7467 7468
f 9401 7468 8435
f 9401 8435 8434
f 9401 8434 7467
f 9402 7468 7469
f 9402 7469 8436
f 9402 8436 8435
f 9402 8435 7468
f 9403 7469 7470
f 9403 7470 8437
f 9403 8437 8436
f 9403 8436 7469
f 9404 7470 7471
f 9404 7471 8438
f 9404 8438 8437
f 9404 8437 7470
f 9405 7471 7472
f 9405 7472 8439
f 9405 8439 8438
f 9405 8438 7471
f 9406 7472 7473
f 9406 7473 8440
f 9406 8440 8439
f 9406 8439 7472
f 9407 7473 7474
f 9407 7474 8441
f 9407 8441 8440
f 9407 8440 7473
f 9408 7474 7475
f 9408 7475 8442
f 9408 8442 8441
f 9408 8441 7474
f 9409 7475 7476
f 9409 7476 8443
f 9409 8443 8442
f 9409 8442 7475
f 9410 7476 7477
f 9410 7477 8444
f 9410 8444 8443
f 9410 8443 7476
f 9411 7477 7478
f 9411 7478 8445
f 9411 8445 8444
f 9411 8444 7477
f 9412 7478 7479
f 9412 7479 8446
f 9412 8446 8445
f 9412 8445 7478
f 9413 7479 7480
f 9413 7480 8447
f 9413 8447 8446
f 9413 8446 7479
f 9414 7480 7481
f 9414 7481 8448
f 9414 8448 8447
f 9414 8447 7480
f 9415 7481 7482
f 9415 7482 8449
f 9415 8449 8448
f 9415 8448 7481
f 9416 7482 7483
f 9416 7483 8450
f 9416 8450 8449
f 9416 8449 7482
f 9417 7483 7484
f 9417 7484 8451
f 9417 8451 8450
f 9417 8450 7483
f 9418 7484 7485
f 9418 7485 8452
f 9418 8452 8451
f 9418 8451 7484
f 9419 7485 7486
f 9419 7486 8453
f 9419 8453 8452
f 9419 8452 7485
f 9420 7486 7487
f 9420 7487 8454
f 9420 8454 8453
f 9420 8453 7486
f 9421 7487 7488
f 9421 7488 8455
f 9421 8455 8454
f 9421 8454 7487
f 9422 7488 7489
f 9422 7489 8456
f 9422 8456 8455
f 9422 8455 7488
f 9423 7489 7490
f 9423 7490 8457
f 9423 8457 8456
f 9423 8456 7489
f 9424 7490 7491
f 9424 7491 8458
f 9424 8458 8457
f 9424 8457 7490
f 9425 7491 7492
f 9425 7492 8459
f 9425 8459 8458
f 9425 8458 7491
f 9426 7492 7493
f 9426 7493 8460
f 9426 8460 8459
f 9426 8459 7492
f 9427 7493 7494
f 9427 7494 8461
f 9427 8461 8460
f 9427 8460 7493
f 9428 7494 7495
f 9428 7495 8462
f 9428 8462 8461
f 9428 8461 7494
f 9429 7495 7496
f 9429 7496 8463
f 9429 8463 8462
f 9429 8462 7495
f 9430 7496 7497
f 9430 7497 8464
f 9430 8464 8463
f 9430 8463 7496
f 9431 7497 7498
f 9431 7498 8465
f 9431 8465 8464
f 9431 8464 7497
f 9432 7498 7499
f 9432 7499 8466
f 9432 8466 8465
f 9432 8465 7498
f 9433 7499 7500
f 9433 7500 8467
f 9433 8467 8466
f 9433 8466 7499
f 9434 7500 7501
f 9434 7501 8468
f 9434 8468 8467
f 9434 8467 7500
f 9435 7501 7502
f 9435 7502 8469
f 9435 8469 8468
f 9435 8468 7501
f 9436 7502 7503
f 9436 7503 8470
f 9436 8470 8469
f 9436 8469 7502
f 9437 7503 7504
f 9437 7504 8471
f 9437 8471 8470
f 9437 8470 7503
f 9438 7504 7505
f 9438 7505 8472
f 9438 8472 8471
f 9438 8471 7504
f 9439 7505 7506
f 9439 7506 8473
f 9439 8473 8472
f 9439 8472 7505
f 9440 7506 7507
f 9440 7507 8474
f 9440 8474 8473
f 9440 8473 7506
f 9441 7507 7508
f 9441 7508 8475
f 9441 8475 8474
f 9441 8474 7507
f 9442 7508 7509
f 9442 7509 8476
f 9442 8476 8475
f 9442 8475 7508
f 9443 7509 7510
f 9443 7510 8477
f 9443 8477 8476
f 9443 8476 7509
f 9444 7510 7511
f 9444 7511 8478
f 9444 8478 8477
f 9444 8477 7510
f 9445 7511 7512
f 9445 7512 8479
f 9445 8479 8478
f 9445 8478 7511
f 9446 7512 7513
f 9446 7513 8480
f 9446 8480 8479
f 9446 8479 7512
f 9447 7513 7514
f 9447 7514 8481
f 9447 8481 8480
f 9447 8480 7513
f 9448 7514 7515
f 9448 7515 8482
f 9448 8482 8481
f 9448 8481 7514
f 9449 7515 7516
f 9449 7516 8483
f 9449 8483 8482
f 9449 8482 7515
f 9450 7516 7517
f 9450 7517 8484
f 9450 8484 8483
f 9450 8483 7516
f 9451 7517 7518
f 9451 7518 8485
f 9451 8485 8484
f 9451 8484 7517
f 9452 7518 7519
f 9452 7519 8486
f 9452 8486 8485
f 9452 8485 7518
f 9453 7519 7520
f 9453 7520 8487
f 9453 8487 8486
f 9453 8486 7519
f 9454 7520 7521
f 9454 7521 8488
f 9454 8488 8487
f 9454 8487 7520
f 9455 7521 7522
f 9455 7522 8489
f 9455 8489 8488
f 9455 8488 7521
f 9456 7522 7523
f 9456 7523 8490
f 9456 8490 8489
f 9456 8489 7522
f 9457 7523 7524
f 9457 7524 8491
f 9457 8491 8490
f 9457 8490 7523
f 9458 7524 7525
f 9458 7525 8492
f 9458 8492 8491
f 9458 8491 7524
f 9459 7525 7526
f 9459 7526 8493
f 9459 8493 8492
f 9459 8492 7525
f 9460 7526 7527
f 9460 7527 8494
f 9460 8494 8493
f 9460 8493 7526
f 9461 7527 7528
f 9461 7528 8495
f 9461 8495 8494
f 9461 8494 7527
f 9462 7528 7529
f 9462 7529 8496
f 9462 8496 8495
f 9462 8495 7528
f 9463 7529 7530
f 9463 7530 8497
f 9463 8497 8496
f 9463 8496 7529
f 9464 7530 7531
f 9464 7531 8498
f 9464 8498 8497
f 9464 8497 7530
f 9465 7531 7532
f 9465 7532 8499
f 9465 8499 8498
f 9465 8498 7531
f 9466 7532 7533
f 9466 7533 8500
f 9466 8500 8499
f 9466 8499 7532
f 9467 7533 7534
f 9467 7534 8501
f 9467 8501 8500
f 9467 8500 7533
f 9468 7534 7535
f 9468 7535 8502
f 9468 8502 8501
f 9468 8501 7534
f 9469 7535 7536
f 9469 7536 8503
f 9469 8503 8502
f 9469 8502 7535
f 9470 7536 7537
f 9470 7537 8504
f 9470 8504 8503
f 9470 8503 7536
f 9471 7537 7538
f 9471 7538 8505
f 9471 8505 8504
f 9471 8504 7537
f 9472 7538 7539
f 9472 7539 8506
f 9472 8506 8505
f 9472 8505 7538
f 9473 7539 7540
f 9473 7540 8507
f 9473 8507 8506
f 9473 8506 7539
f 9474 7540 7541
f 9474 7541 8508
f 9474 8508 8507
f 9474 8507 7540
f 9475 7541 7542
f 9475 7542 8509
f 9475 8509 8508
f 9475 8508 7541
f 9476 7542 7543
f 9476 7543 8510
f 9476 8510 8509
f 9476 8509 7542
f 9477 7543 7544
f 9477 7544 8511
f 9477 8511 8510
f 9477 8510 7543
f 9478 7544 7545
f 9478 7545 8512
f 9478 8512 8511
f 9478 8511 7544
f 9479 7545 7546
f 9479 7546 8513
f 9479 8513 8512
f 9479 8512 7545
f 9480 7546 7547
f 9480 7547 8514
f 9480 8514 8513
f 9480 8513 7546
f 9481 7547 7548
f 9481 7548 8515
f 9481 8515 8514
f 9481 8514 7547
f 9482 7548 7549
f 9482 7549 8516
f 9482 8516 8515
f 9482 8515 7548
f 9483 7549 7550
f 9483 7550 8517
f 9483 8517 8516
f 9483 8516 7549
f 9484 7550 7551
f 9484 7551 8518
f 9484 8518 8517
f 9484 8517 7550
f 9485 7551 7552
f 9485 7552 8519
f 9485 8519 8518
f 9485 8518 7551
f 9486 7552 7553
f 9486 7553 8520
f 9486 8520 8519
f 9486 8519 7552
f 9487 7553 7554
f 9487 7554 8521
f 9487 8521 8520
f 9487 8520 7553
f 9488 7554 7555
f 9488 7555 8522
f 9488 8522 8521
f 9488 8521 7554
f 9489 7555 7556
f 9489 7556 8523
f 9489 8523 8522
f 9489 8522 7555
f 9490 7556 7557
f 9490 7557 8524
f 9490 8524 8523
f 9490 8523 7556
f 9491 7557 7558
f 9491 7558 8525
f 9491 8525 8524
f 9491 8524 7557
f 9492 7558 7559
f 9492 7559 8526
f 9492 8526 8525
f 9492 8525 7558
f 9493 7559 7560
f 9493 7560 8527
f 9493 8527 8526
f 9493 8526 7559
f 9494 7560 7561
f 9494 7561 8528
f 9494 8528 8527
f 9494 8527 7560
f 9495 7561 7562
f 9495 7562 8529
f 9495 8529 8528
f 9495 8528 7561
f 9496 7562 7563
f 9496 7563 8530
f 9496 8530 8529
f 9496 8529 7562
f 9497 7563 7564
f 9497 7564 8531
f 9497 8531 8530
f 9497 8530 7563
f 9498 7564 7565
f 9498 7565 8532
f 9498 8532 8531
f 9498 8531 7564
f 9499 7565 7566
f 9499 7566 8533
f 9499 8533 8532
f 9499 8532 7565
f 9500 7566 7567
f 9500 7567 8534
f 9500 8534 8533
f 9500 8533 7566
f 9501 7567 7568
f 9501 7568 8535
f 9501 8535 8534
f 9501 8534 7567
f 9502 7568 7569
f 9502 7569 8536
f 9502 8536 8535
f 9502 8535 7568
f 9503 7569 7570
f 9503 7570 8537
f 9503 8537 8536
f 9503 8536 7569
f 9504 7570 7571
f 9504 7571 8538
f 9504 8538 8537
f 9504 8537 7570
f 9505 7571 7572
f 9505 7572 8539
f 9505 8539 8538
f 9505 8538 7571
f 9506 7572 7573
f 9506 7573 8540
f 9506 8540 8539
f 9506 8539 7572
f 9507 7573 7574
f 9507 7574 8541
f 9507 8541 8540
f 9507 8540 7573
f 9508 7574 7575
f 9508 7575 8542
f 9508 8542 8541
f 9508 8541 7574
f 9509 7575 7576
f 9509 7576 8543
f 9509 8543 8542
f 9509 8542 7575
f 9510 7576 7577
f 9510 7577 8544
f 9510 8544 8543
f 9510 8543 7576
f 9511 7577 7578
f 9511 7578 8545
f 9511 8545 8544
f 9511 8544 7577
f 9512 7578 7579
f 9512 7579 8546
f 9512 8546 8545
f 9512 8545 7578
f 9513 7579 7580
f 9513 7580 8547
f 9513 8547 8546
f 9513 8546 7579
f 9514 7580 7581
f 9514 7581 8548
f 9514 8548 8547
f 9514 8547 7580
f 9515 7581 7582
f 9515 7582 8549
f 9515 8549 8548
f 9515 8548 7581
f 9516 7582 7583
f 9516 7583 8550
f 9516 8550 8549
f 9516 8549 7582
f 9517 7583 7584
f 9517 7584 8551
f 9517 8551 8550
f 9517 8550 7583
f 9518 7584 7585
f 9518 7585 8552
f 9518 8552 8551
f 9518 8551 7584
f 9519 7585 7586
f 9519 7586 8553
f 9519 8553 8552
f 9519 8552 7585
f 9520 7586 7587
f 9520 7587 8554
f 9520 8554 8553
f 9520 8553 7586
f 9521 7587 7588
f 9521 7588 8555
f 9521 8555 8554
f 9521 8554 7587
f 9522 7588 7589
f 9522 7589 8556
f 9522 8556 8555
f 9522 8555 7588
f 9523 7589 7590
f 9523 7590 8557
f 9523 8557 8556
f 9523 8556 7589
f 9524 7590 7591
f 9524 7591 8558
f 9524 8558 8557
f 9524 8557 7590
f 9525 7591 7592
f 9525 7592 8559
f 9525 8559 8558
f 9525 8558 7591
f 9526 7592 7593
f 9526 7593 8560
f 9526 8560 8559
f 9526 8559 7592
f 9527 7593 7594
f 9527 7594 8561
f 9527 8561 8560
f 9527 8560 7593
f 9528 7594 7595
f 9528 7595 8562
f 9528 8562 8561
f 9528 8561 7594
f 9529 7595 7596
f 9529 7596 8563
f 9529 8563 8562
f 9529 8562 7595
f 9530 7596 7597
f 9530 7597 8564
f 9530 8564 8563
f 9530 8563 7596
f 9531 7597 7598
f 9531 7598 8565
f 9531 8565 8564
f 9531 8564 7597
f 9532 7598 7599
f 9532 7599 8566
f 9532 8566 8565
f 9532 8565 7598
f 9533 7599 7600
f 9533 7600 8567
f 9533 8567 8566
f 9533 8566 7599
f 9534 7600 7601
f 9534 7601 8568
f 9534 8568 8567
f 9534 8567 7600
f 9535 7601 7602
f 9535 7602 8569
f 9535 8569 8568
f 9535 8568 7601
f 9536 7602 7603
f 9536 7603 8570
f 9536 8570 8569
f 9536 8569 7602
f 9537 7603 7604
f 9537 7604 8571
f 9537 8571 8570
f 9537 8570 7603
f 9538 7604 7605
f 9538 7605 8572
f 9538 8572 8571
f 9538 8571 7604
f 9539 7605 7606
f 9539 7606 8573
f 9539 8573 8572
f 9539 8572 7605
f 9540 7606 7607
f 9540 7607 8574
f 9540 8574 8573
f 9540 8573 7606
f 9541 7607 7608
f 9541 7608 8575
f 9541 8575 8574
f 9541 8574 7607
f 9542 7608 7609
f 9542 7609 8576
f 9542 8576 8575
f 9542 8575 7608
f 9543 7609 7610
f 9543 7610 8577
f 9543 8577 8576
f 9543 8576 7609
f 9544 7610 7611
f 9544 7611 8578
f 9544 8578 8577
f 9544 8577 7610
f 9545 7611 7612
f 9545 7612 8579
f 9545 8579 8578
f 9545 8578 7611
f 9546 7612 7613
f 9546 7613 8580
f 9546 8580 8579
f 9546 8579 7612
f 9547 7613 7614
f 9547 7614 8581
f 9547 8581 8580
f 9547 8580 7613
f 9548 7614 7615
f 9548 7615 8582
f 9548 8582 8581
f 9548 8581 7614
f 9549 7615 7616
f 9549 7616 8583
f 9549 8583 8582
f 9549 8582 7615
f 9550 7616 7617
f 9550 7617 8584
f 9550 8584 8583
f 9550 8583 7616
f 9551 7617 7618
f 9551 7618 8585
f 9551 8585 8584
f 9551 8584 7617
f 9552 7618 7619
f 9552 7619 8586
f 9552 8586 8585
f 9552 8585 7618
f 9553 7619 7620
f 9553 7620 8587
f 9553 8587 8586
f 9553 8586 7619
f 9554 7620 7621
f 9554 7621 8588
f 9554 8588 8587
f 9554 8587 7620
f 9555 7621 7622
f 9555 7622 8589
f 9555 8589 8588
f 9555 8588 7621
f 9556 7622 7623
f 9556 7623 8590
f 9556 8590 8589
f 9556 8589 7622
f 9557 7623 7624
f 9557 7624 8591
f 9557 8591 8590
f 9557 8590 7623
f 9558 7624 7625
f 9558 7625 8592
f 9558 8592 8591
f 9558 8591 7624
f 9559 7625 7626
f 9559 7626 8593
f 9559 8593 8592
f 9559 8592 7625
f 9560 7626 7627
f 9560 7627 8594
f 9560 8594 8593
f 9560 8593 7626
f 9561 7627 7628
f 9561 7628 8595
f 9561 8595 8594
f 9561 8594 7627
f 9562 7628 7629
f 9562 7629 8596
f 9562 8596 8595
f 9562 8595 7628
f 9563 7629 7630
f 9563 7630 8597
f 9563 8597 8596
f 9563 8596 7629
f 9564 7630 7631
f 9564 7631 8598
f 9564 8598 8597
f 9564 8597 7630
f 9565 7631 7632
f 9565 7632 8599
f 9565 8599 8598
f 9565 8598 7631
f 9566 7632 7633
f 9566 7633 8600
f 9566 8600 8599
f 9566 8599 7632
f 9567 7633 7634
f 9567 7634 8601
f 9567 8601 8600
f 9567 8600 7633
f 9568 7634 7635
f 9568 7635 8602
f 9568 8602 8601
f 9568 8601 7634
f 9569 7635 7636
f 9569 7636 8603
f 9569 8603 8602
f 9569 8602 7635
f 9570 7636 7637
f 9570 7637 8604
f 9570 8604 8603
f 9570 8603 7636
f 9571 7637 7638
f 9571 7638 8605
f 9571 8605 8604
f 9571 8604 7637
f 9572 7638 7639
f 9572 7639 8606
f 9572 8606 8605
f 9572 8605 7638
f 9573 7639 7640
f 9573 7640 8607
f 9573 8607 8606
f 9573 8606 7639
f 9574 7640 7641
f 9574 7641 8608
f 9574 8608 8607
f 9574 8607 7640
f 9575 7641 7642
f 9575 7642 8609
f 9575 8609 8608
f 9575 8608 7641
f 9576 7642 7643
f 9576 7643 8610
f 9576 8610 8609
f 9576 8609 7642
f 9577 7643 7644
f 9577 7644 8611
f 9577 8611 8610
f 9577 8610 7643
f 9578 7644 7645
f 9578 7645 8612
f 9578 8612 8611
f 9578 8611 7644
f 9579 7645 7646
f 9579 7646 8613
f 9579 8613 8612
f 9579 8612 7645
f 9580 7646 7647
f 9580 7647 8614
f 9580 8614 8613
f 9580 8613 7646
f 9581 7647 7648
f 9581 7648 8615
f 9581 8615 8614
f 9581 8614 7647
f 9582 7648 7649
f 9582 7649 8616
f 9582 8616 8615
f 9582 8615 7648
f 9583 7649 7650
f 9583 7650 8617
f 9583 8617 8616
f 9583 8616 7649
f 9584 7650 7651
f 9584 7651 8618
f 9584 8618 8617
f 9584 8617 7650
f 9585 7651 7652
f 9585 7652 8619
f 9585 8619 8618
f 9585 8618 7651
f 9586 7652 7653
f 9586 7653 8620
f 9586 8620 8619
f 9586 8619 7652
f 9587 7653 7654
f 9587 7654 8621
f 9587 8621 8620
f 9587 8620 7653
f 9588 7654 7655
f 9588 7655 8622
f 9588 8622 8621
f 9588 8621 7654
f 9589 7655 7656
f 9589 7656 8623
f 9589 8623 8622
f 9589 8622 7655
f 9590 7656 7657
f 9590 7657 8624
f 9590 8624 8623
f 9590 8623 7656
f 9591 7657 7658
f 9591 7658 8625
f 9591 8625 8624
f 9591 8624 7657
f 9592 7658 7659
f 9592 7659 8626
f 9592 8626 8625
f 9592 8625 7658
f 9593 7659 7660
f 9593 7660 8627
f 9593 8627 8626
f 9593 8626 7659
f 9594 7660 7661
f 9594 7661 8628
f 9594 8628 8627
f 9594 8627 7660
f 9595 7661 7662
f 9595 7662 8629
f 9595 8629 8628
f 9595 8628 7661
f 9596 7662 7663
f 9596 7663 8630
f 9596 8630 8629
f 9596 8629 7662
f 9597 7663 7664
f 9597 7664 8631
f 9597 8631 8630
f 9597 8630 7663
f 9598 7664 7665
f 9598 7665 8632
f 9598 8632 8631
f 9598 8631 7664
f 9599 7665 7666
f 9599 7666 8633
f 9599 8633 8632
f 9599 8632 7665
f 9600 7666 7667
f 9600 7667 8634
f 9600 8634 8633
f 9600 8633 7666
f 9601 7667 7668
f 9601 7668 8635
f 9601 8635 8634
f 9601 8634 7667
f 9602 7668 7669
f 9602 7669 8636
f 9602 8636 8635
f 9602 8635 7668
f 9603 7669 7670
f 9603 7670 8637
f 9603 8637 8636
f 9603 8636 7669
f 9604 7670 7671
f 9604 7671 8638
f 9604 8638 8637
f 9604 8637 7670
f 9605 7671 7672
f 9605 7672 8639
f 9605 8639 8638
f 9605 8638 7671
f 9606 7672 7673
f 9606 7673 8640
f 9606 8640 8639
f 9606 8639 7672
f 9607 7673 7674
f 9607 7674 8641
f 9607 8641 8640
f 9607 8640 7673
f 9608 7674 7675
f 9608 7675 8642
f 9608 8642 8641
f 9608 8641 7674
f 9609 7675 7676
f 9609 7676 8643
f 9609 8643 8642
f 9609 8642 7675
f 9610 7676 7677
f 9610 7677 8644
f 9610 8644 8643
f 9610 8643 7676
f 9611 7677 7678
f 9611 7678 8645
f 9611 8645 8644
f 9611 8644 7677
f 9612 7678 7679
f 9612 7679 8646
f 9612 8646 8645
f 9612 8645 7678
f 9613 7679 7680
f 9613 7680 8647
f 9613 8647 8646
f 9613 8646 7679
f 9614 7680 7681
f 9614 7681 8648
f 9614 8648 8647
f 9614 8647 7680
f 9615 7681 7682
f 9615 7682 8649
f 9615 8649 8648
f 9615 8648 7681
f 9616 7682 7683
f 9616 7683 8650
f 9616 8650 8649
f 9616 8649 7682
f 9617 7683 7684
f 9617 7684 8651
f 9617 8651 8650
f 9617 8650 7683
f 9618 7684 7685
f 9618 7685 8652
f 9618 8652 8651
f 9618 8651 7684
f 9619 7685 7686
f 9619 7686 8653
f 9619 8653 8652
f 9619 8652 7685
f 9620 7686 7687
f 9620 7687 8654
f 9620 8654 8653
f 9620 8653 7686
f 9621 7687 7688
f 9621 7688 8655
f 9621 8655 8654
f 9621 8654 7687
f 9622 7688 7689
f 9622 7689 8656
f 9622 8656 8655
f 9622 8655 7688
f 9623 7689 7690
f 9623 7690 8657
f 9623 8657 8656
f 9623 8656 7689
f 9624 7690 7691
f 9624 7691 8658
f 9624 8658 8657
f 9624 8657 7690
f 9625 7691 7692
f 9625 7692 8659
f 9625 8659 8658
f 9625 8658 7691
f 9626 7692 7693
f 9626 7693 8660
f 9626 8660 8659
f 9626 8659 7692
f 9627 7693 7694
f 9627 7694 8661
f 9627 8661 8660
f 9627 8660 7693
f 9628 7694 7695
f 9628 7695 8662
f 9628 8662 8661
f 9628 8661 7694
f 9629 7695 7696
f 9629 7696 8663
f 9629 8663 8662
f 9629 8662 7695
f 9630 7696 7697
f 9630 7697 8664
f 9630 8664 8663
f 9630 8663 7696
f 9631 7697 7698
f 9631 7698 8665
f 9631 8665 8664
f 9631 8664 7697
f 9632 7698 7699
f 9632 7699 8666
f 9632 8666 8665
f 9632 8665 7698
f 9633 7699 7700
f 9633 7700 8667
f 9633 8667 8666
f 9633 8666 7699
f 9634 7700 7701
f 9634 7701 8668
f 9634 8668 8667
f 9634 8667 7700
f 9635 7701 7702
f 9635 7702 8669
f 9635 8669 8668
f 9635 8668 7701
f 9636 7702 7703
f 9636 7703 8670
f 9636 8670 8669
f 9636 8669 7702
f 9637 7703 7704
f 9637 7704 8671
f 9637 8671 8670
f 9637 8670 7703
f 9638 7704 7705
f 9638 7705 8672
f 9638 8672 8671
f 9638 8671 7704
f 9639 7705 7706
f 9639 7706 8673
f 9639 8673 8672
f 9639 8672 7705
f 9640 7706 7707
f 9640 7707 8674
f 9640 8674 8673
f 9640 8673 7706
f 9641 7707 7708
f 9641 7708 8675
f 9641 8675 8674
f 9641 8674 7707
f 9642 7708 7709
f 9642 7709 8676
f 9642 8676 8675
f 9642 8675 7708
f 9643 7709 7710
f 9643 7710 8677
f 9643 8677 8676
f 9643 8676 7709
f 9644 7710 7711
f 9644 7711 8678
f 9644 8678 8677
f 9644 8677 7710
f 9645 7711 7712
f 9645 7712 8679
f 9645 8679 8678
f 9645 8678 7711
f 9646 7712 7713
f 9646 7713 8680
f 9646 8680 8679
f 9646 8679 7712
f 9647 7713 7714
f 9647 7714 8681
f 9647 8681 8680
f 9647 8680 7713
f 9648 7714 7715
f 9648 7715 8682
f 9648 8682 8681
f 9648 8681 7714
f 9649 7715 7716
f 9649 7716 8683
f 9649 8683 8682
f 9649 8682 7715
f 9650 7716 7717
f 9650 7717 8684
f 9650 8684 8683
f 9650 8683 7716
f 9651 7717 7718
f 9651 7718 8685
f 9651 8685 8684
f 9651 8684 7717
f 9652 7718 7719
f 9652 7719 8686
f 9652 8686 8685
f 9652 8685 7718
f 9653 7719 7720
f 9653 7720 8687
f 9653 8687 8686
f 9653 8686 7719
f 9654 7720 7721
f 9654 7721 8688
f 9654 8688 8687
f 9654 8687 7720
f 9655 7721 7722
f 9655 7722 8689
f 9655 8689 8688
f 9655 8688 7721
f 9656 7722 7723
f 9656 7723 8690
f 9656 8690 8689
f 9656 8689 7722
f 9657 7723 7724
f 9657 7724 8691
f 9657 8691 8690
f 9657 8690 7723
f 9658 7724 7725
f 9658 7725 8692
f 9658 8692 8691
f 9658 8691 7724
f 9659 7725 7726
f 9659 7726 8693
f 9659 8693 8692
f 9659 8692 7725
f 9660 7726 7727
f 9660 7727 8694
f 9660 8694 8693
f 9660 8693 7726
f 9661 7727 7728
f 9661 7728 8695
f 9661 8695 8694
f 9661 8694 7727
f 9662 7728 7729
f 9662 7729 8696
f 9662 8696 8695
f 9662 8695 7728
f 9663 7729 7730
f 9663 7730 8697
f 9663 8697 8696
f 9663 8696 7729
f 9664 7730 7731
f 9664 7731 8698
f 9664 8698 8697
f 9664 8697 7730
f 9665 7731 7732
f 9665 7732 8699
f 9665 8699 8698
f 9665 8698 7731
f 9666 7732 7733
f 9666 7733 8700
f 9666 8700 8699
f 9666 8699 7732
f 9667 7733 7734
f 9667 7734 8701
f 9667 8701 8700
f 9667 8700 7733
f 9668 7734 7735
f 9668 7735 8702
f 9668 8702 8701
f 9668 8701 7734
f 9669 7735 7736
f 9669 7736 8703
f 9669 8703 8702
f 9669 8702 7735
f 9670 7736 7737
f 9670 7737 8704
f 9670 8704 8703
f 9670 8703 7736
f 9671 7737 7738
f 9671 7738 8705
f 9671 8705 8704
f 9671 8704 7737
f 9672 7738 7739
f 9672 7739 8706
f 9672 8706 8705
f 9672 8705 7738
f 9673 7739 7740
f 9673 7740 8707
f 9673 8707 8706
f 9673 8706 7739
f 9674 7740 7741
f 9674 7741 8708
f 9674 8708 8707
f 9674 8707 7740
f 9675 7741 7742
f 9675 7742 8709
f 9675 8709 8708
f 9675 8708 7741
f 9676 7742 7743
f 9676 7743 8710
f 9676 8710 8709
f 9676 8709 7742
f 9677 7743 7744
f 9677 7744 8711
f 9677 8711 8710
f 9677 8710 7743
f 9678 7744 7745
f 9678 7745 8712
f 9678 8712 8711
f 9678 8711 7744
f 9679 7745 7746
f 9679 7746 8713
f 9679 8713 8712
f 9679 8712 7745
f 9680 7746 7747
f 9680 7747 8714
f 9680 8714 8713
f 9680 8713 7746
f 9681 7747 7748
f 9681 7748 8715
f 9681 8715 8714
f 9681 8714 7747
f 9682 7748 7749
f 9682 7749 8716
f 9682 8716 8715
f 9682 8715 7748
f 9683 7749 7750
f 9683 7750 8717
f 9683 8717 8716
f 9683 8716 7749
f 9684 7750 7751
f 9684 7751 8718
f 9684 8718 8717
f 9684 8717 7750
f 9685 7751 7752
f 9685 7752 8719
f 9685 8719 8718
f 9685 8718 7751
f 9686 7752 7753
f 9686 7753 8720
f 9686 8720 8719
f 9686 8719 7752
f 9687 7753 7754
f 9687 7754 8721
f 9687 8721 8720
f 9687 8720 7753
f 9688 7754 7755
f 9688 7755 8722
f 9688 8722 8721
f 9688 8721 7754
f 9689 7755 7756
f 9689 7756 8723
f 9689 8723 8722
f 9689 8722 7755
f 9690 7756 7757
f 9690 7757 8724
f 9690 8724 8723
f 9690 8723 7756
f 9691 7757 7758
f 9691 7758 8725
f 9691 8725 8724
f 9691 8724 7757
f 9692 7758 7759
f 9692 7759 8726
f 9692 8726 8725
f 9692 8725 7758
f 9693 7759 7760
f 9693 7760 8727
f 9693 8727 8726
f 9693 8726 7759
f 9694 7760 7761
f 9694 7761 8728
f 9694 8728 8727
f 9694 8727 7760
f 9695 7761 7762
f 9695 7762 8729
f 9695 8729 8728
f 9695 8728 7761
f 9696 7762 7763
f 9696 7763 8730
f 9696 8730 8729
f 9696 8729 7762
f 9697 7763 7764
f 9697 7764 8731
f 9697 8731 8730
f 9697 8730 7763
f 9698 7764 7765
f 9698 7765 8732
f 9698 8732 8731
f 9698 8731 7764
f 9699 7765 7766
f 9699 7766 8733
f 9699 8733 8732
f 9699 8732 7765
f 9700 7766 7767
f 9700 7767 8734
f 9700 8734 8733
f 9700 8733 7766
f 9701 7767 7768
f 9701 7768 8735
f 9701 8735 8734
f 9701 8734 7767
f 9702 7768 7769
f 9702 7769 8736
f 9702 8736 8735
f 9702 8735 7768
f 9703 7769 7770
f 9703 7770 8737
f 9703 8737 8736
f 9703 8736 7769
f 9704 7770 7771
f 9704 7771 8738
f 9704 8738 8737
f 9704 8737 7770
f 9705 7771 7772
f 9705 7772 8739
f 9705 8739 8738
f 9705 8738 7771
f 9706 7772 7773
f 9706 7773 8740
f 9706 8740 8739
f 9706 8739 7772
f 9707 7773 7774
f 9707 7774 8741
f 9707 8741 8740
f 9707 8740 7773
f 9708 7774 7775
f 9708 7775 8742
f 9708 8742 8741
f 9708 8741 7774
f 9709 7775 7776
f 9709 7776 8743
f 9709 8743 8742
f 9709 8742 7775
f 9710 7776 7777
f 9710 7777 8744
f 9710 8744 8743
f 9710 8743 7776
f 9711 7777 7778
f 9711 7778 8745
f 9711 8745 8744
f 9711 8744 7777
f 9712 7778 7779
f 9712 7779 8746
f 9712 8746 8745
f 9712 8745 7778
f 9713 7779 7780
f 9713 7780 8747
f 9713 8747 8746
f 9713 8746 7779
f 9714 7780 7781
f 9714 7781 8748
f 9714 8748 8747
f 9714 8747 7780
f 9715 7781 7782
f 9715 7782 8749
f 9715 8749 8748
f 9715 8748 7781
f 9716 7782 7783
f 9716 7783 8750
f 9716 8750 8749
f 9716 8749 7782
f 9717 7783 7784
f 9717 7784 8751
f 9717 8751 8750
f 9717 8750 7783
f 9718 7784 7785
f 9718 7785 8752
f 9718 8752 8751
f 9718 8751 7784
f 9719 7785 7786
f 9719 7786 8753
f 9719 8753 8752
f 9719 8752 7785
f 9720 7786 7787
f 9720 7787 8754
f 9720 8754 8753
f 9720 8753 7786
f 9721 7787 7788
f 9721 7788 8755
f 9721 8755 8754
f 9721 8754 7787
f 9722 7788 7789
f 9722 7789 8756
f 9722 8756 8755
f 9722 8755 7788
f 9723 7789 7790
f 9723 7790 8757
f 9723 8757 8756
f 9723 8756 7789
f 9724 7790 7791
f 9724 7791 8758
f 9724 8758 8757
f 9724 8757 7790
f 9725 7791 7792
f 9725 7792 8759
f 9725 8759 8758
f 9725 8758 7791
f 9726 7792 7793
f 9726 7793 8760
f 9726 8760 8759
f 9726 8759 7792
f 9727 7793 7794
f 9727 7794 8761
f 9727 8761 8760
f 9727 8760 7793
f 9728 7794 7795
f 9728 7795 8762
f 9728 8762 8761
f 9728 8761 7794
f 9729 7795 7796
f 9729 7796 8763
f 9729 8763 8762
f 9729 8762 7795
f 9730 7796 7797
f 9730 7797 8764
f 9730 8764 8763
f 9730 8763 7796
f 9731 7797 7798
f 9731 7798 8765
f 9731 8765 8764
f 9731 8764 7797
f 9732 7798 7799
f 9732 7799 8766
f 9732 8766 8765
f 9732 8765 7798
f 9733 7799 7800
f 9733 7800 8767
f 9733 8767 8766
f 9733 8766 7799
f 9734 7800 7801
f 9734 7801 8768
f 9734 8768 8767
f 9734 8767 7800
f 9735 7801 7802
f 9735 7802 8769
f 9735 8769 8768
f 9735 8768 7801
f 9736 7802 7803
f 9736 7803 8770
f 9736 8770 8769
f 9736 8769 7802
f 9737 7803 7804
f 9737 7804 8771
f 9737 8771 8770
f 9737 8770 7803
f 9738 7804 7805
f 9738 7805 8772
f 9738 8772 8771
f 9738 8771 7804
f 9739 7805 7806
f 9739 7806 8773
f 9739 8773 8772
f 9739 8772 7805
f 9740 7806 7807
f 9740 7807 8774
f 9740 8774 8773
f 9740 8773 7806
f 9741 7807 7808
f 9741 7808 8775
f 9741 8775 8774
f 9741 8774 7807
f 9742 7808 7809
f 9742 7809 8776
f 9742 8776 8775
f 9742 8775 7808
f 9743 7809 7810
f 9743 7810 8777
f 9743 8777 8776
f 9743 8776 7809
f 9744 7810 7811
f 9744 7811 8778
f 9744 8778 8777
f 9744 8777 7810
f 9745 7811 7812
f 9745 7812 8779
f 9745 8779 8778
f 9745 8778 7811
f 9746 7812 7813
f 9746 7813 8780
f 9746 8780 8779
f 9746 8779 7812
f 9747 7813 7814
f 9747 7814 8781
f 9747 8781 8780
f 9747 8780 7813
f 9748 7814 7815
f 9748 7815 8782
f 9748 8782 8781
f 9748 8781 7814
f 9749 7815 7816
f 9749 7816 8783
f 9749 8783 8782
f 9749 8782 7815
f 9750 7816 7817
f 9750 7817 8784
f 9750 8784 8783
f 9750 8783 7816
f 9751 7817 7818
f 9751 7818 8785
f 9751 8785 8784
f 9751 8784 7817
f 9752 7818 7819
f 9752 7819 8786
f 9752 8786 8785
f 9752 8785 7818
f 9753 7819 7820
f 9753 7820 8787
f 9753 8787 8786
f 9753 8786 7819
f 9754 7820 7821
f 9754 7821 8788
f 9754 8788 8787
f 9754 8787 7820
f 9755 7821 7822
f 9755 7822 8789
f 9755 8789 8788
f 9755 8788 7821
f 9756 7822 7823
f 9756 7823 8790
f 9756 8790 8789
f 9756 8789 7822
f 9757 7823 7824
f 9757 7824 8791
f 9757 8791 8790
f 9757 8790 7823
f 9758 7824 7825
f 9758 7825 8792
f 9758 8792 8791
f 9758 8791 7824
f 9759 7825 7826
f 9759 7826 8793
f 9759 8793 8792
f 9759 8792 7825
f 9760 7826 7827
f 9760 7827 8794
f 9760 8794 8793
f 9760 8793 7826
f 9761 7827 7828
f 9761 7828 8795
f 9761 8795 8794
f 9761 8794 7827
f 9762 7828 7829
f 9762 7829 8796
f 9762 8796 8795
f 9762 8795 7828
f 9763 7829 7830
f 9763 7830 8797
f 9763 8797 8796
f 9763 8796 7829
f 9764 7830 7831
f 9764 7831 8798
f 9764 8798 8797
f 9764 8797 7830
f 9765 7831 7832
f 9765 7832 8799
f 9765 8799 8798
f 9765 8798 7831
f 9766 7832 7833
f 9766 7833 8800
f 9766 8800 8799
f 9766 8799 7832
f 9767 7833 7834
f 9767 7834 8801
f 9767 8801 8800
f 9767 8800 7833
f 9768 7834 7835
f 9768 7835 8802
f 9768 8802 8801
f 9768 8801 7834
f 9769 7835 7836
f 9769 7836 8803
f 9769 8803 8802
f 9769 8802 7835
f 9770 7836 7837
f 9770 7837 8804
f 9770 8804 8803
f 9770 8803 7836
f 9771 7837 7838
f 9771 7838 8805
f 9771 8805 8804
f 9771 8804 7837
f 9772 7838 7839
f 9772 7839 8806
f 9772 8806 8805
f 9772 8805 7838
f 9773 7839 7840
f 9773 7840 8807
f 9773 8807 8806
f 9773 8806 7839
f 9774 7840 7841
f 9774 7841 8808
f 9774 8808 8807
f 9774 8807 7840
f 9775 7841 7842
f 9775 7842 8809
f 9775 8809 8808
f 9775 8808 7841
f 9776 7842 7843
f 9776 7843 8810
f 9776 8810 8809
f 9776 8809 7842
f 9777 7843 7844
f 9777 7844 8811
f 9777 8811 8810
f 9777 8810 7843
f 9778 7844 7845
f 9778 7845 8812
f 9778 8812 8811
f 9778 8811 7844
f 9779 7845 7846
f 9779 7846 8813
f 9779 8813 8812
f 9779 8812 7845
f 9780 7846 7847
f 9780 7847 8814
f 9780 8814 8813
f 9780 8813 7846
f 9781 7847 7848
f 9781 7848 8815
f 9781 8815 8814
f 9781 8814 7847
f 9782 7848 7849
f 9782 7849 8816
f 9782 8816 8815
f 9782 8815 7848
f 9783 7849 7850
f 9783 7850 8817
f 9783 8817 8816
f 9783 8816 7849
f 9784 7850 7851
f 9784 7851 8818
f 9784 8818 8817
f 9784 8817 7850
f 9785 7851 7852
f 9785 7852 8819
f 9785 8819 8818
f 9785 8818 7851
f 9786 7852 7853
f 9786 7853 8820
f 9786 8820 8819
f 9786 8819 7852
f 9787 7853 7854
f 9787 7854 8821
f 9787 8821 8820
f 9787 8820 7853
f 9788 7854 7855
f 9788 7855 8822
f 9788 8822 8821
f 9788 8821 7854
f 9789 7855 7856
f 9789 7856 8823
f 9789 8823 8822
f 9789 8822 7855
f 9790 7856 7857
f 9790 7857 8824
f 9790 8824 8823
f 9790 8823 7856
f 9791 7857 7858
f 9791 7858 8825
f 9791 8825 8824
f 9791 8824 7857
f 9792 7858 7859
f 9792 7859 8826
f 9792 8826 8825
f 9792 8825 7858
f 9793 7859 7860
f 9793 7860 8827
f 9793 8827 8826
f 9793 8826 7859
f 9794 7860 7861
f 9794 7861 8828
f 9794 8828 8827
f 9794 8827 7860
f 9795 7861 7862
f 9795 7862 8829
f 9795 8829 8828
f 9795 8828 7861
f 9796 7862 7863
f 9796 7863 8830
f 9796 8830 8829
f 9796 8829 7862
f 9797 7863 7864
f 9797 7864 8831
f 9797 8831 8830
f 9797 8830 7863
f 9798 7864 7865
f 9798 7865 8832
f 9798 8832 8831
f 9798 8831 7864
f 9799 7865 7866
f 9799 7866 8833
f 9799 8833 8832
f 9799 8832 7865
f 9800 7866 7867
f 9800 7867 8834
f 9800 8834 8833
f 9800 8833 7866
f 9801 7867 7868
f 9801 7868 8835
f 9801 8835 8834
f 9801 8834 7867
f 9802 7868 7869
f 9802 7869 8836
f 9802 8836 8835
f 9802 8835 7868
f 9803 7869 7870
f 9803 7870 8837
f 9803 8837 8836
f 9803 8836 7869
f 9804 7870 7871
f 9804 7871 8838
f 9804 8838 8837
f 9804 8837 7870
f 9805 7871 7872
f 9805 7872 8839
f 9805 8839 8838
f 9805 8838 7871
f 9806 7872 7873
f 9806 7873 8840
f 9806 8840 8839
f 9806 8839 7872
f 9807 7873 7874
f 9807 7874 8841
f 9807 8841 8840
f 9807 8840 7873
f 9808 7874 7875
f 9808 7875 8842
f 9808 8842 8841
f 9808 8841 7874
f 9809 7875 7876
f 9809 7876 8843
f 9809 8843 8842
f 9809 8842 7875
f 9810 7876 7877
f 9810 7877 8844
f 9810 8844 8843
f 9810 8843 7876
f 9811 7877 7878
f 9811 7878 8845
f 9811 8845 8844
f 9811 8844 7877
f 9812 7878 7879
f 9812 7879 8846
f 9812 8846 8845
f 9812 8845 7878
f 9813 7879 7880
f 9813 7880 8847
f 9813 8847 8846
f 9813 8846 7879
f 9814 7880 7881
f 9814 7881 8848
f 9814 8848 8847
f 9814 8847 7880
f 9815 7881 7882
f 9815 7882 8849
f 9815 8849 8848
f 9815 8848 7881
f 9816 7882 7883
f 9816 7883 8850
f 9816 8850 8849
f 9816 8849 7882
f 9817 7883 7884
f 9817 7884 8851
f 9817 8851 8850
f 9817 8850 7883
f 9818 7884 7885
f 9818 7885 8852
f 9818 8852 8851
f 9818 8851 7884
f 9819 7885 7886
f 9819 7886 8853
f 9819 8853 8852
f 9819 8852 7885
f 9820 7886 7887
f 9820 7887 8854
f 9820 8854 8853
f 9820 8853 7886
f 9821 7887 7888
f 9821 7888 8855
f 9821 8855 8854
f 9821 8854 7887
f 9822 7888 7889
f 9822 7889 8856
f 9822 8856 8855
f 9822 8855 7888
f 9823 7889 7890
f 9823 7890 8857
f 9823 8857 8856
f 9823 8856 7889
f 9824 7890 7891
f 9824 7891 8858
f 9824 8858 8857
f 9824 8857 7890
f 9825 7891 7892
f 9825 7892 8859
f 9825 8859 8858
f 9825 8858 7891
f 9826 7892 7893
f 9826 7893 8860
f 9826 8860 8859
f 9826 8859 7892
f 9827 7893 7894
f 9827 7894 8861
f 9827 8861 8860
f 9827 8860 7893
f 9828 7894 7895
f 9828 7895 8862
f 9828 8862 8861
f 9828 8861 7894
f 9829 7895 7896
f 9829 7896 8863
f 9829 8863 8862
f 9829 8862 7895
f 9830 7896 7897
f 9830 7897 8864
f 9830 8864 8863
f 9830 8863 7896
f 9831 7897 7898
f 9831 7898 8865
f 9831 8865 8864
f 9831 8864 7897
f 9832 7898 7899
f 9832 7899 8866
f 9832 8866 8865
f 9832 8865 7898
f 9833 7899 7900
f 9833 7900 8867
f 9833 8867 8866
f 9833 8866 7899
f 9834 7900 7901
f 9834 7901 8868
f 9834 8868 8867
f 9834 8867 7900
f 9835 7901 7902
f 9835 7902 8869
f 9835 8869 8868
f 9835 8868 7901
f 9836 7902 7903
f 9836 7903 8870
f 9836 8870 8869
f 9836 8869 7902
f 9837 7903 7904
f 9837 7904 8871
f 9837 8871 8870
f 9837 8870 7903
f 9838 7904 7905
f 9838 7905 8872
f 9838 8872 8871
f 9838 8871 7904
f 9839 7905 7906
f 9839 7906 8873
f 9839 8873 8872
f 9839 8872 7905
f 9840 7906 7907
f 9840 7907 8874
f 9840 8874 8873
f 9840 8873 7906
f 9841 7907 7908
f 9841 7908 8875
f 9841 8875 8874
f 9841 8874 7907
f 9842 7908 7909
f 9842 7909 8876
f 9842 8876 8875
f 9842 8875 7908
f 9843 7909 7910
f 9843 7910 8877
f 9843 8877 8876
f 9843 8876 7909
f 9844 7910 7911
f 9844 7911 8878
f 9844 8878 8877
f 9844 8877 7910
f 9845 7911 7912
f 9845 7912 8879
f 9845 8879 8878
f 9845 8878 7911
f 9846 7912 7913
f 9846 7913 8880
f 9846 8880 8879
f 9846 8879 7912
f 9847 7913 7914
f 9847 7914 8881
f 9847 8881 8880
f 9847 8880 7913
f 9848 7914 7915
f 9848 7915 8882
f 9848 8882 8881
f 9848 8881 7914
f 9849 7915 7916
f 9849 7916 8883
f 9849 8883 8882
f 9849 8882 7915
f 9850 7916 7917
f 9850 7917 8884
f 9850 8884 8883
f 9850 8883 7916
f 9851 7917 7918
f 9851 7918 8885
f 9851 8885 8884
f 9851 8884 7917
f 9852 7918 7919
f 9852 7919 8886
f 9852 8886 8885
f 9852 8885 7918
f 9853 7919 7920
f 9853 7920 8887
f 9853 8887 8886
f 9853 8886 7919
f 9854 7920 7921
f 9854 7921 8888
f 9854 8888 8887
f 9854 8887 7920
f 9855 7921 7922
f 9855 7922 8889
f 9855 8889 8888
f 9855 8888 7921
f 9856 7922 7923
f 9856 7923 8890
f 9856 8890 8889
f 9856 8889 7922
f 9857 7923 7924
f 9857 7924 8891
f 9857 8891 8890
f 9857 8890 7923
f 9858 7924 7925
f 9858 7925 8892
f 9858 8892 8891
f 9858 8891 7924
f 9859 7925 7926
f 9859 7926 8893
f 9859 8893 8892
f 9859 8892 7925
f 9860 7926 7927
f 9860 7927 8894
f 9860 8894 8893
f 9860 8893 7926
f 9861 7927 7928
f 9861 7928 8895
f 9861 8895 8894
f 9861 8894 7927
f 9862 7928 7929
f 9862 7929 8896
f 9862 8896 8895
f 9862 8895 7928
f 9863 7929 7930
f 9863 7930 8897
f 9863 8897 8896
f 9863 8896 7929
f 9864 7930 7931
f 9864 7931 8898
f 9864 8898 8897
f 9864 8897 7930
f 9865 7931 7932
f 9865 7932 8899
f 9865 8899 8898
f 9865 8898 7931
f 9866 7932 7933
f 9866 7933 8900
f 9866 8900 8899
f 9866 8899 7932
f 9867 7933 7934
f 9867 7934 8901
f 9867 8901 8900
f 9867 8900 7933
f 9868 7934 7935
f 9868 7935 8902
f 9868 8902 8901
f 9868 8901 7934
f 9869 7935 7936
f 9869 7936 8903
f 9869 8903 8902
f 9869 8902 7935
f 9870 7936 7937
f 9870 7937 8904
f 9870 8904 8903
f 9870 8903 7936
f 9871 7937 7938
f 9871 7938 8905
f 9871 8905 8904
f 9871 8904 7937
f 9872 7938 7939
f 9872 7939 8906
f 9872 8906 8905
f 9872 8905 7938
f 9873 7939 7940
f 9873 7940 8907
f 9873 8907 8906
f 9873 8906 7939
f 9874 7940 7941
f 9874 7941 8908
f 9874 8908 8907
f 9874 8907 7940
f 9875 7941 7942
f 9875 7942 8909
f 9875 8909 8908
f 9875 8908 7941
f 9876 7942 7943
f 9876 7943 8910
f 9876 8910 8909
f 9876 8909 7942
f 9877 7943 7944
f 9877 7944 8911
f 9877 8911 8910
f 9877 8910 7943
f 9878 7944 7945
f 9878 7945 8912
f 9878 8912 8911
f 9878 8911 7944
f 9879 7945 7946
f 9879 7946 8913
f 9879 8913 8912
f 9879 8912 7945
f 9880 7946 7947
f 9880 7947 8914
f 9880 8914 8913
f 9880 8913 7946
f 9881 7947 7948
f 9881 7948 8915
f 9881 8915 8914
f 9881 8914 7947
f 9882 7948 7949
f 9882 7949 8916
f 9882 8916 8915
f 9882 8915 7948
f 9883 7949 7950
f 9883 7950 8917
f 9883 8917 8916
f 9883 8916 7949
f 9884 7950 7951
f 9884 7951 8918
f 9884 8918 8917
f 9884 8917 7950
f 9885 7951 7952
f 9885 7952 8919
f 9885 8919 8918
f 9885 8918 7951
f 9886 7952 7953
f 9886 7953 8920
f 9886 8920 8919
f 9886 8919 7952
f 9887 7953 7954
f 9887 7954 8921
f 9887 8921 8920
f 9887 8920 7953
f 9888 7954 7955
f 9888 7955 8922
f 9888 8922 8921
f 9888 8921 7954
f 9889 7955 7956
f 9889 7956 8923
f 9889 8923 8922
f 9889 8922 7955
f 9890 7956 7957
f 9890 7957 8924
f 9890 8924 8923
f 9890 8923 7956
f 9891 7957 7958
f 9891 7958 8925
f 9891 8925 8924
f 9891 8924 7957
f 9892 7958 7959
f 9892 7959 8926
f 9892 8926 8925
f 9892 8925 7958
f 9893 7959 7960
f 9893 7960 8927
f 9893 8927 8926
f 9893 8926 7959
f 9894 7960 7961
f 9894 7961 8928
f 9894 8928 8927
f 9894 8927 7960
f 9895 7961 7962
f 9895 7962 8929
f 9895 8929 8928
f 9895 8928 7961
f 9896 7962 7963
f 9896 7963 8930
f 9896 8930 8929
f 9896 8929 7962
f 9897 7963 7964
f 9897 7964 8931
f 9897 8931 8930
f 9897 8930 7963
f 9898 7964 7965
f 9898 7965 8932
f 9898 8932 8931
f 9898 8931 7964
f 9899 7965 7966
f 9899 7966 8933
f 9899 8933 8932
f 9899 8932 7965
f 9900 7966 7967
f 9900 7967 8934
f 9900 8934 8933
f 9900 8933 7966
f 9901 7967 7968
f 9901 7968 8935
f 9901 8935 8934
f 9901 8934 7967
f 9902 7968 7969
f 9902 7969 8936
f 9902 8936 8935
f 9902 8935 7968
f 9903 7969 7970
f 9903 7970 8937
f 9903 8937 8936
f 9903 8936 7969
f 9904 7970 7971
f 9904 7971 8938
f 9904 8938 8937
f 9904 8937 7970
f 9905 7971 7972
f 9905 7972 8939
f 9905 8939 8938
f 9905 8938 7971
f 9906 7972 7973
f 9906 7973 8940
f 9906 8940 8939
f 9906 8939 7972
f 9907 7973 7974
f 9907 7974 8941
f 9907 8941 8940
f 9907 8940 7973
f 9908 7974 7975
f 9908 7975 8942
f 9908 8942 8941
f 9908 8941 7974
f 9909 7975 7976
f 9909 7976 8943
f 9909 8943 8942
f 9909 8942 7975
f 9910 7976 7977
f 9910 7977 8944
f 9910 8944 8943
f 9910 8943 7976
f 9911 7977 7978
f 9911 7978 8945
f 9911 8945 8944
f 9911 8944 7977
f 9912 7978 7979
f 9912 7979 8946
f 9912 8946 8945
f 9912 8945 7978
f 9913 7979 7980
f 9913 7980 8947
f 9913 8947 8946
f 9913 8946 7979
f 9914 7980 7981
f 9914 7981 8948
f 9914 8948 8947
f 9914 8947 7980
f 9915 7981 7982
f 9915 7982 8949
f 9915 8949 8948
f 9915 8948 7981
f 9916 7982 7983
f 9916 7983 8950
f 9916 8950 8949
f 9916 8949 7982
f 9917 7983 7984
f 9917 7984 8951
f 9917 8951 8950
f 9917 8950 7983
f 9918 7984 7985
f 9918 7985 8952
f 9918 8952 8951
f 9918 8951 7984
f 9919 7985 7986
f 9919 7986 8953
f 9919 8953 8952
f 9919 8952 7985
f 9920 7986 7987
f 9920 7987 8954
f 9920 8954 8953
f 9920 8953 7986
f 9921 7987 7988
f 9921 7988 8955
f 9921 8955 8954
f 9921 8954 7987
f 9922 7988 7022
f 9922 7022 7989
f 9922 7989 8955
f 9922 8955 7988
