g groupNumber_0
v -2.2220 0.0273 0.1357
v -2.1898 0.0288 0.2044
v 0.0705 0.7891 0.5100
v -2.1472 0.0304 0.2605
v -2.0960 0.0318 0.3052
v 0.1281 0.7863 0.5062
v -2.0375 0.0331 0.3394
v 0.1849 0.7828 0.5016
v 0.1076 -0.7770 0.5073
v -1.9728 0.0343 0.3637
v 0.1644 -0.7731 0.5024
v 0.2409 0.7787 0.4961
v 1.2296 0.3386 0.4237
v -1.9038 0.0355 0.3781
v 0.2203 -0.7684 0.4965
v -1.8324 0.0367 0.3820
v 1.2638 0.3306 0.4224
v 0.2960 0.7739 0.4895
v 0.2753 -0.7631 0.4893
v -1.7613 0.0379 0.3730
v 1.2978 0.3258 0.4235
v 0.3292 -0.7572 0.4807
v -1.6939 0.0391 0.3457
v 0.3500 0.7684 0.4816
v 0.3819 -0.7505 0.4705
v 1.3339 0.3251 0.4254
v -1.6347 0.0396 0.2890
v 1.3745 0.3264 0.4292
v 0.4334 -0.7431 0.4582
v -1.5894 0.0376 0.1823
v 0.4029 0.7623 0.4722
v 1.4205 0.3269 0.4350
v 0.4836 -0.7349 0.4435
v 1.4718 0.3254 0.4411
v 0.5323 -0.7259 0.4260
v 0.4547 0.7556 0.4612
v 0.5796 -0.7161 0.4051
v 1.5276 0.3214 0.4458
v 0.6254 -0.7055 0.3802
v 1.5874 0.3149 0.4477
v 0.5053 0.7482 0.4481
v 0.6696 -0.6939 0.3508
v -0.5996 0.2140 0.5526
v 1.6501 0.3062 0.4457
v 0.7122 -0.6813 0.3162
v 0.5546 0.7402 0.4328
v 1.7145 0.2960 0.4384
v -0.5380 0.2172 0.5540
v 0.7533 -0.6676 0.2759
v 1.7790 0.2850 0.4238
v 0.7929 -0.6525 0.2293
v 0.6026 0.7314 0.4147
v -0.4757 0.2199 0.5551
v 1.8418 0.2746 0.3992
v 0.8309 -0.6360 0.1763
v 1.9007 0.2661 0.3609
v -0.4129 0.2223 0.5559
v 0.6493 0.7219 0.3934
v 0.8675 -0.6177 0.1182
v 1.9535 0.2613 0.3050
v -0.3497 0.2243 0.5565
v 1.9976 0.2617 0.2284
v 0.6948 0.7115 0.3684
v -0.2863 0.2260 0.5569
v -1.1858 0.0347 0.1354
v 2.0309 0.2689 0.1313
v 0.7388 0.7003 0.3390
v -1.1654 0.0403 0.3010
v -0.2228 0.2274 0.5571
v -1.1368 0.0410 0.3994
v 0.7816 0.6880 0.3046
v -1.1016 0.0399 0.4564
v 0.8229 0.6745 0.2647
v -0.1593 0.2285 0.5572
v -1.0611 0.0384 0.4902
v 0.8630 0.6598 0.2190
v -1.0163 0.0369 0.5112
v -0.0960 0.2294 0.5572
v 0.9018 0.6437 0.1679
v -0.9680 0.0358 0.5248
v -0.9167 0.0349 0.5341
v 0.9396 0.6260 0.1105
v -0.8630 0.0343 0.5405
v -0.0330 0.2300 0.5570
v -0.8072 0.0340 0.5452
v -0.7496 0.0339 0.5487
v 1.5260 -0.6000 0.0929
v -0.6905 0.0340 0.5513
v 0.0295 0.2304 0.5567
v 1.5627 -0.6154 0.1735
v -0.6302 0.0341 0.5533
v 1.6073 -0.6242 0.2434
v -0.5689 0.0343 0.5548
v 1.6592 -0.6271 0.2976
v 0.0916 0.2306 0.5563
v -0.5068 0.0346 0.5560
v 1.7175 -0.6250 0.3358
v -0.4440 0.0349 0.5569
v 1.7809 -0.6191 0.3594
v -0.3807 0.0352 0.5575
v -2.0172 0.3563 0.1036
v 0.1530 0.2305 0.5557
v -0.3171 0.0355 0.5580
v 1.8479 -0.6104 0.3698
v -0.2534 0.0357 0.5583
v -1.9772 0.3688 0.1740
v 0.2137 0.2304 0.5550
v -0.1897 0.0360 0.5585
v 1.9163 -0.6001 0.3676
v -1.9290 0.3748 0.2341
v -0.1260 0.0362 0.5585
v 0.2736 0.2300 0.5541
v 1.9835 -0.5894 0.3519
v -1.8738 0.3745 0.2800
v 0.3326 0.2296 0.5531
v 2.0467 -0.5798 0.3205
v -1.8137 0.3686 0.3112
v 1.4988 0.6118 0.1000
v -0.0626 0.0364 0.5584
v 0.3906 0.2290 0.5519
v 2.1024 -0.5727 0.2697
v 1.5362 0.6264 0.1856
v -1.7509 0.3580 0.3276
v 2.1471 -0.5697 0.1962
v 1.5812 0.6350 0.2547
v 0.4475 0.2283 0.5506
v 2.1771 -0.5728 0.1004
v 1.6335 0.6381 0.3070
v 0.0004 0.0365 0.5582
v -1.6883 0.3443 0.3292
v 0.5033 0.2274 0.5490
v 1.6922 0.6366 0.3437
v 1.7560 0.6314 0.3664
v 0.0630 0.0366 0.5579
v -1.6286 0.3296 0.3142
v 1.8234 0.6234 0.3765
v 0.5579 0.2265 0.5471
v 1.8923 0.6138 0.3747
v -1.5742 0.3171 0.2801
v 0.1250 0.0366 0.5575
v 0.6113 0.2256 0.5451
v -1.5260 0.3103 0.2268
v 1.9603 0.6039 0.3602
v 0.6634 0.2245 0.5428
v -1.4820 0.3112 0.1606
v 0.1863 0.0366 0.5569
v 2.0246 0.5947 0.3311
v -1.7650 -0.5671 0.1139
v -1.3007 0.3121 0.1480
v -1.7252 -0.5809 0.1798
v 0.7142 0.2234 0.5401
v -1.6825 -0.5906 0.2375
v -1.2636 0.3065 0.2386
v 0.2468 0.0366 0.5563
v 2.0820 0.5876 0.2843
v -1.2298 0.3060 0.3243
v -1.6378 -0.5969 0.2865
v -1.5921 -0.6010 0.3271
v -1.1961 0.3121 0.3913
v 0.7636 0.2223 0.5372
v 2.1290 0.5839 0.2169
v -1.1604 0.3227 0.4380
v -1.5458 -0.6037 0.3604
v -1.1216 0.3360 0.4697
v 2.1623 0.5843 0.1281
v 0.3065 0.0366 0.5555
v -1.4994 -0.6058 0.3877
v -1.0795 0.3504 0.4915
v 0.8116 0.2210 0.5340
v -1.4531 -0.6080 0.4101
v -1.0343 0.3649 0.5068
v -1.4068 -0.6108 0.4286
v -0.9862 0.3789 0.5178
v 0.3652 0.0365 0.5545
v -1.3606 -0.6144 0.4442
v 0.8583 0.2197 0.5305
v -0.9356 0.3921 0.5259
v -0.8828 0.4042 0.5320
v -1.3142 -0.6191 0.4573
v -0.8280 0.4152 0.5367
v -0.7716 0.4251 0.5403
v -1.2675 -0.6249 0.4685
v 0.9035 0.2182 0.5267
v -0.7139 0.4339 0.5432
v 0.4229 0.0364 0.5534
v -0.6549 0.4417 0.5454
v -1.2203 -0.6316 0.4781
v -0.5949 0.4485 0.5472
v -1.1724 -0.6393 0.4864
v 0.9474 0.2166 0.5226
v 0.4794 0.0362 0.5521
v -1.1236 -0.6475 0.4937
v -0.5341 0.4544 0.5486
v 0.9899 0.2149 0.5183
v -1.0737 -0.6562 0.5000
v 0.5348 0.0361 0.5506
v -1.0228 -0.6651 0.5055
v 1.0310 0.2128 0.5138
v -0.4727 0.4594 0.5496
v -0.9708 -0.6740 0.5103
v -0.4108 0.4638 0.5504
v 0.5890 0.0359 0.5490
v 1.0708 0.2104 0.5092
v -0.9175 -0.6827 0.5144
v 1.1093 0.2076 0.5047
v -0.3486 0.4674 0.5510
v -0.8632 -0.6910 0.5180
v 0.6419 0.0357 0.5471
v 1.1467 0.2043 0.5004
v -0.8077 -0.6989 0.5211
v -1.6796 0.6522 0.0772
v -0.2861 0.4703 0.5513
v -0.7513 -0.7061 0.5237
v -1.6393 0.6661 0.1413
v 0.6934 0.0356 0.5451
v -1.5952 0.6740 0.2007
v 1.1831 0.2006 0.4964
v -0.6939 -0.7127 0.5259
v -1.5490 0.6779 0.2501
v -0.2236 0.4726 0.5515
v -0.6357 -0.7186 0.5277
v 0.7436 0.0354 0.5428
v -1.5021 0.6797 0.2906
v 1.2189 0.1966 0.4929
v -0.5768 -0.7238 0.5291
v -1.4551 0.6806 0.3240
v -0.5173 -0.7282 0.5302
v 1.2547 0.1927 0.4898
v -0.1611 0.4744 0.5514
v 0.7923 0.0353 0.5402
v -1.4085 0.6818 0.3519
v -0.4574 -0.7319 0.5309
v 1.2914 0.1891 0.4871
v -1.3624 0.6841 0.3754
v 0.8397 0.0352 0.5375
v -0.0989 0.4757 0.5512
v -0.3972 -0.7348 0.5313
v 1.3299 0.1862 0.4846
v -1.3167 0.6879 0.3955
v 1.3715 0.1838 0.4823
v -0.3367 -0.7370 0.5313
v 0.8855 0.0350 0.5346
v -1.2710 0.6934 0.4128
v 1.4169 0.1814 0.4800
v -0.0369 0.4765 0.5508
v -0.2762 -0.7384 0.5310
v 1.4666 0.1786 0.4775
v -1.2251 0.7006 0.4277
v -0.2157 -0.7392 0.5304
v 0.9299 0.0350 0.5315
v 1.5204 0.1748 0.4742
v 0.0247 0.4768 0.5502
v -1.1788 0.7092 0.4406
v -0.1554 -0.7393 0.5294
v 1.5776 0.1699 0.4692
v -1.1317 0.7190 0.4517
v 0.9727 0.0349 0.5282
v -0.0953 -0.7388 0.5280
v 1.6372 0.1637 0.4612
v 0.0858 0.4767 0.5494
v 1.6980 0.1564 0.4484
v -1.0837 0.7294 0.4613
v -0.0357 -0.7376 0.5261
v 1.7582 0.1484 0.4277
v 1.0141 0.0349 0.5249
v -1.0347 0.7403 0.4695
v 1.8162 0.1404 0.3941
v 0.0235 -0.7358 0.5238
v 0.1463 0.4763 0.5484
v 1.0540 0.0348 0.5215
v 1.8699 0.1341 0.3403
v -0.9845 0.7512 0.4765
v 0.0821 -0.7333 0.5209
v 1.9168 0.1322 0.2588
v -0.9332 0.7619 0.4826
v 1.0926 0.0348 0.5180
v 0.1399 -0.7303 0.5173
v 0.2060 0.4754 0.5472
v 1.9535 0.1378 0.1492
v -0.8807 0.7722 0.4878
v 0.1970 -0.7267 0.5130
v 1.1299 0.0346 0.5147
v -0.8273 0.7819 0.4923
v 0.2531 -0.7225 0.5079
v 1.1663 0.0343 0.5114
v 0.2650 0.4743 0.5457
v -0.7728 0.7909 0.4961
v 2.0397 -1.1264 0.0730
v 0.3082 -0.7176 0.5017
v 1.2022 0.0338 0.5082
v -0.7175 0.7992 0.4994
v 2.1016 -1.1299 0.0790
v 0.3230 0.4728 0.5439
v 0.3623 -0.7122 0.4942
v 1.2381 0.0331 0.5050
v -0.6614 0.8066 0.5021
v 0.4151 -0.7061 0.4853
v 1.2749 0.0321 0.5020
v -0.6046 0.8133 0.5043
v 0.3800 0.4710 0.5418
v 0.4667 -0.6994 0.4746
v 1.3136 0.0310 0.4989
v -0.5471 0.8191 0.5060
v 0.5169 -0.6921 0.4619
v 0.4360 0.4690 0.5393
v 1.3549 0.0298 0.4957
v -0.4892 0.8241 0.5073
v 0.5658 -0.6840 0.4466
v 1.3996 0.0286 0.4923
v -0.4309 0.8283 0.5082
v 0.4909 0.4667 0.5364
v 0.6131 -0.6753 0.4283
v 1.4480 0.0275 0.4885
v -0.3723 0.8317 0.5086
v 1.5002 0.0266 0.4839
v 1.5555 0.0257 0.4778
v 0.6590 -0.6657 0.4066
v 1.6132 0.0249 0.4692
v 1.6718 0.0242 0.4563
v 1.7295 0.0235 0.4363
v -0.3134 0.8342 0.5086
v 0.5446 0.4642 0.5331
v 0.7034 -0.6554 0.3807
v 1.7841 0.0228 0.4040
v 1.8323 0.0220 0.3487
v 1.8701 0.0213 0.2410
v 0.7463 -0.6441 0.3500
v -0.2544 0.8360 0.5081
v -2.1482 0.2220 0.0908
v 0.5971 0.4615 0.5292
v 0.7877 -0.6319 0.3139
v -0.1955 0.8370 0.5071
v -2.1149 0.2336 0.1631
v 0.6484 0.4586 0.5247
v 0.8276 -0.6184 0.2718
v -0.1366 0.8371 0.5056
v 0.8662 -0.6036 0.2233
v -2.0726 0.2407 0.2252
v 0.6984 0.4554 0.5194
v -0.0780 0.8365 0.5035
v 0.9034 -0.5872 0.1682
v -2.0219 0.2438 0.2757
v 0.7471 0.4520 0.5134
v 0.9394 -0.5691 0.1037
v -0.0197 0.8351 0.5008
v -1.9638 0.2434 0.3138
v 0.7946 0.4484 0.5065
v 0.0382 0.8330 0.4973
v 0.8408 0.4445 0.4985
v -1.8997 0.2395 0.3394
v 0.8857 0.4403 0.4894
v 0.0954 0.8300 0.4930
v -1.8318 0.2324 0.3519
v 0.9295 0.4357 0.4790
v -1.7627 0.2227 0.3496
v 0.1520 0.8263 0.4877
v -1.6960 0.2114 0.3277
v 0.9722 0.4307 0.4672
v 0.2078 0.8218 0.4813
v -1.6365 0.2005 0.2758
v 1.0138 0.4252 0.4539
v -0.4384 -1.0835 0.0544
v 0.2627 0.8166 0.4736
v 1.4944 -0.5637 0.1249
v -2.2309 0.0772 0.0920
v -0.3875 -1.0835 0.0550
v -1.5903 0.1939 0.1739
v 1.0545 0.4190 0.4391
v 1.5340 -0.5766 0.2048
v -2.2043 0.0822 0.1652
v 0.3166 0.8106 0.4645
v 1.5806 -0.5836 0.2686
v 1.0942 0.4120 0.4228
v 1.6337 -0.5852 0.3170
v -2.1667 0.0855 0.2270
v 1.1331 0.4041 0.4055
v 0.3693 0.8039 0.4536
v 1.6927 -0.5821 0.3509
v -2.1200 0.0876 0.2777
v 1.7564 -0.5753 0.3716
v 1.1711 0.3950 0.3881
v 0.4210 0.7965 0.4407
v -2.0652 0.0888 0.3177
v 1.8233 -0.5659 0.3803
v 1.2080 0.3847 0.3728
v 1.2434 0.3737 0.3636
v 0.4714 0.7883 0.4256
v -2.0036 0.0891 0.3475
v 1.8913 -0.5551 0.3775
v 1.2768 0.3647 0.3667
v 1.3101 0.3633 0.3728
v 0.5205 0.7794 0.4078
v -1.9365 0.0887 0.3671
v 1.9583 -0.5442 0.3622
v 1.3471 0.3679 0.3817
v -1.8658 0.0875 0.3761
v 2.0216 -0.5343 0.3322
v 0.5684 0.7698 0.3870
v 1.3898 0.3721 0.3956
v -1.7939 0.0857 0.3729
v 2.0781 -0.5271 0.2843
v 1.4380 0.3737 0.4104
v 0.6150 0.7593 0.3628
v -1.7241 0.0835 0.3528
v 1.4912 0.3723 0.4231
v 2.1246 -0.5240 0.2146
v -1.1650 0.1918 0.2995
v 0.6602 0.7478 0.3345
v 1.5489 0.3679 0.4323
v 2.1577 -0.5266 0.1221
v -1.6610 0.0810 0.3065
v -1.1362 0.1967 0.3976
v 1.6103 0.3608 0.4372
v -1.1007 0.2046 0.4539
v 0.7041 0.7353 0.3015
v -1.6106 0.0779 0.2162
v -1.0599 0.2136 0.4872
v 1.6744 0.3514 0.4368
v -1.0149 0.2228 0.5081
v 0.7467 0.7217 0.2633
v 1.7400 0.3406 0.4302
v -0.9664 0.2316 0.5217
v -0.9151 0.2399 0.5310
v 1.8053 0.3293 0.4157
v 0.7877 0.7068 0.2192
v -0.8614 0.2475 0.5377
v 1.8685 0.3187 0.3908
v -0.8057 0.2544 0.5425
v 1.9275 0.3104 0.3523
v -0.7482 0.2607 0.5461
v 0.8274 0.6903 0.1699
v -0.6894 0.2662 0.5488
v 1.9800 0.3057 0.2966
v -0.6293 0.2711 0.5509
v 2.0236 0.3061 0.2207
v 0.8658 0.6724 0.1138
v -0.5683 0.2754 0.5525
v -1.8356 -0.5155 0.0783
v -0.5065 0.2792 0.5537
v 2.0563 0.3130 0.1242
v -1.7981 -0.5315 0.1539
v -0.4441 0.2824 0.5546
v -1.7564 -0.5426 0.2174
v -0.3812 0.2852 0.5553
v -1.7117 -0.5494 0.2710
v -1.6653 -0.5530 0.3154
v -0.3180 0.2875 0.5558
v -1.6179 -0.5543 0.3516
v -1.5703 -0.5544 0.3810
v -0.2547 0.2894 0.5561
v -1.5230 -0.5541 0.4049
v -1.4761 -0.5541 0.4244
v -0.1914 0.2909 0.5563
v -1.4296 -0.5550 0.4407
v 2.0090 -1.0909 0.1131
v -1.1704 0.0756 0.1773
v -1.3835 -0.5571 0.4545
v -0.1282 0.2921 0.5563
v 2.0741 -1.0995 0.1381
v -1.1493 0.0788 0.3323
v -1.3375 -0.5606 0.4663
v -1.1188 0.0804 0.4198
v 2.1396 -1.0928 0.1155
v -1.2915 -0.5655 0.4765
v -0.0652 0.2930 0.5561
v -1.0815 0.0816 0.4692
v 2.1869 -1.0738 0.0567
v -1.2451 -0.5718 0.4854
v -1.0391 0.0827 0.4984
v -0.9926 0.0841 0.5166
v -1.1982 -0.5792 0.4932
v -0.0026 0.2935 0.5559
v -0.9429 0.0855 0.5285
v -1.1503 -0.5876 0.5001
v -0.8903 0.0870 0.5366
v -0.8356 0.0886 0.5424
v -1.1015 -0.5965 0.5061
v 0.0596 0.2938 0.5555
v -1.9849 0.3929 0.0732
v -0.7788 0.0901 0.5466
v -1.0515 -0.6059 0.5114
v -0.7205 0.0916 0.5497
v -1.9469 0.4078 0.1487
v -0.6608 0.0931 0.5520
v -1.0003 -0.6153 0.5161
v 0.1211 0.2939 0.5549
v -0.6000 0.0944 0.5538
v -1.9004 0.4153 0.2139
v -0.5382 0.0956 0.5551
v -0.9478 -0.6245 0.5201
v 1.5652 0.6652 0.1552
v -0.4758 0.0968 0.5562
v -1.8473 0.4161 0.2641
v 0.1820 0.2937 0.5542
v -0.8941 -0.6335 0.5237
v 1.6083 0.6757 0.2296
v -0.4128 0.0978 0.5570
v -0.8391 -0.6420 0.5267
v -1.7894 0.4109 0.2993
v 1.6593 0.6803 0.2871
v -0.3494 0.0987 0.5575
v 0.2422 0.2933 0.5533
v 1.7173 0.6800 0.3278
v -0.7831 -0.6499 0.5293
v -0.2857 0.0994 0.5579
v -1.7292 0.4007 0.3201
v -0.7260 -0.6571 0.5315
v 1.7811 0.6756 0.3533
v -0.2220 0.1001 0.5582
v 0.3015 0.2928 0.5523
v -0.6679 -0.6636 0.5333
v 1.8486 0.6684 0.3649
v -0.6091 -0.6694 0.5348
v -1.6690 0.3875 0.3273
v -0.1583 0.1006 0.5583
v 0.3598 0.2920 0.5511
v 1.9178 0.6594 0.3632
v -0.5496 -0.6744 0.5360
v -0.4895 -0.6787 0.5368
v -1.6112 0.3732 0.3214
v -0.0948 0.1010 0.5583
v 0.4171 0.2911 0.5496
v 1.9859 0.6499 0.3474
v -1.5574 0.3607 0.3029
v -0.4290 -0.6822 0.5374
v -1.5078 0.3519 0.2751
v -0.3681 -0.6850 0.5377
v 0.4733 0.2901 0.5480
v 2.0497 0.6411 0.3153
v -0.0316 0.1013 0.5581
v -1.4611 0.3474 0.2449
v -1.4158 0.3455 0.2240
v -0.3072 -0.6871 0.5377
v -1.3720 0.3448 0.2265
v -1.3305 0.3442 0.2576
v -0.7703 -1.0462 0.0687
v 0.5284 0.2890 0.5461
v -0.2461 -0.6885 0.5374
v 2.1057 0.6344 0.2635
v -0.7208 -1.0545 0.0884
v -1.2917 0.3444 0.3061
v 0.0312 0.1016 0.5579
v -0.1852 -0.6892 0.5368
v -0.6706 -1.0616 0.1038
v -1.2549 0.3477 0.3585
v 2.1498 0.6310 0.1895
v 0.5822 0.2877 0.5439
v -0.6199 -1.0673 0.1163
v -1.2187 0.3550 0.4049
v -0.1245 -0.6893 0.5359
v 0.0934 0.1017 0.5575
v 2.1783 0.6316 0.0944
v -0.5687 -1.0719 0.1267
v -1.1816 0.3661 0.4412
v -0.0641 -0.6888 0.5346
v -0.5172 -1.0753 0.1333
v 0.6349 0.2863 0.5414
v -1.1422 0.3797 0.4682
v -0.4653 -1.0774 0.1374
v -1.1003 0.3947 0.4879
v -0.0041 -0.6878 0.5330
v -0.4133 -1.0782 0.1391
v 0.1550 0.1017 0.5570
v -0.3613 -1.0776 0.1383
v -1.0556 0.4100 0.5024
v -0.3094 -1.0756 0.1347
v 0.6862 0.2849 0.5386
v 0.0554 -0.6861 0.5309
v -1.0083 0.4250 0.5132
v -0.2577 -1.0726 0.1266
v 0.2160 0.1017 0.5564
v -0.2064 -1.0683 0.1169
v -0.9586 0.4393 0.5214
v 0.1142 -0.6839 0.5283
v -0.1556 -1.0628 0.1056
v 0.7362 0.2833 0.5354
v -0.1052 -1.0560 0.0922
v -0.9066 0.4526 0.5277
v 0.1722 -0.6812 0.5253
v -0.0555 -1.0480 0.0752
v 0.2760 0.1015 0.5556
v -0.8528 0.4647 0.5326
v 0.2294 -0.6779 0.5215
v -0.7973 0.4757 0.5365
v 0.7848 0.2817 0.5319
v -0.7403 0.4856 0.5395
v 0.2857 -0.6741 0.5170
v -0.6821 0.4943 0.5420
v 0.3352 0.1013 0.5547
v 0.3409 -0.6697 0.5116
v 0.8321 0.2799 0.5280
v -0.6229 0.5020 0.5439
v 0.3934 0.1011 0.5537
v 0.3950 -0.6648 0.5052
v 0.4479 -0.6594 0.4974
v 0.8781 0.2780 0.5236
v -0.5628 0.5087 0.5455
v 0.4505 0.1008 0.5525
v 0.4995 -0.6534 0.4882
v 0.9226 0.2760 0.5189
v -0.5020 0.5145 0.5467
v 0.5498 -0.6469 0.4771
v 0.5065 0.1004 0.5511
v 0.5987 -0.6398 0.4639
v -0.4407 0.5194 0.5476
v 0.9659 0.2737 0.5138
v 0.6461 -0.6320 0.4481
v 0.5612 0.1000 0.5495
v -0.3790 0.5236 0.5482
v -1.6069 0.7009 0.0887
v 1.0078 0.2711 0.5083
v 0.6921 -0.6236 0.4293
v -1.5651 0.7131 0.1542
v -1.5209 0.7213 0.2088
v 0.7366 -0.6145 0.4068
v -0.3170 0.5270 0.5487
v 1.0485 0.2681 0.5027
v 0.6147 0.0996 0.5477
v -1.4754 0.7267 0.2551
v 0.7797 -0.6046 0.3800
v -1.4294 0.7309 0.2937
v 0.8214 -0.5938 0.3483
v 1.0879 0.2646 0.4970
v -0.2548 0.5297 0.5489
v 0.6670 0.0992 0.5457
v -1.3833 0.7347 0.3258
v 0.8618 -0.5820 0.3110
v 1.1262 0.2606 0.4914
v -1.3371 0.7390 0.3526
v -0.1927 0.5318 0.5489
v 0.9008 -0.5689 0.2673
v 0.7178 0.0987 0.5435
v -1.2909 0.7442 0.3751
v 1.1633 0.2559 0.4863
v 0.9386 -0.5545 0.2164
v -0.1306 0.5333 0.5486
v -1.2445 0.7505 0.3941
v 0.9753 -0.5383 0.1582
v 1.1995 0.2508 0.4819
v 0.7673 0.0983 0.5410
v -1.1978 0.7580 0.4102
v 1.0108 -0.5197 0.0944
v -0.0688 0.5343 0.5482
v 1.2349 0.2455 0.4784
v -1.1505 0.7665 0.4239
v 0.8154 0.0978 0.5383
v 1.2704 0.2407 0.4758
v -1.1025 0.7757 0.4356
v -0.0074 0.5347 0.5476
v -1.0536 0.7853 0.4455
v 1.3068 0.2368 0.4737
v 0.8620 0.0973 0.5354
v -1.0037 0.7952 0.4541
v 1.3457 0.2342 0.4720
v 0.0536 0.5347 0.5468
v -0.9529 0.8050 0.4614
v 1.3883 0.2322 0.4708
v 1.9300 -1.0345 0.0768
v 0.9072 0.0968 0.5323
v -0.9011 0.8146 0.4678
v 1.9799 -1.0507 0.1453
v 1.4354 0.2300 0.4698
v 0.1140 0.5342 0.5457
v -0.8483 0.8237 0.4732
v 2.0449 -1.0594 0.1795
v 1.4870 0.2268 0.4687
v 0.9509 0.0962 0.5290
v 1.4640 -0.5263 0.1613
v -0.7946 0.8323 0.4778
v 1.5428 0.2220 0.4665
v 0.1738 0.5333 0.5443
v 2.1149 -1.0573 0.1742
v 1.5057 -0.5372 0.2347
v -0.7401 0.8403 0.4817
v 2.1762 -1.0449 0.1306
v 1.6019 0.2157 0.4621
v 1.5541 -0.5425 0.2928
v 0.9931 0.0956 0.5256
v 2.2166 -1.0269 0.0562
v -0.6848 0.8476 0.4850
v 1.6632 0.2078 0.4540
v 0.2328 0.5320 0.5427
v 1.6084 -0.5428 0.3359
v -0.6289 0.8541 0.4877
v 1.7253 0.1988 0.4402
v 1.6681 -0.5388 0.3656
v 1.0338 0.0949 0.5221
v 1.7866 0.1893 0.4175
v -0.5724 0.8599 0.4899
v 1.7319 -0.5313 0.3834
v 0.2909 0.5303 0.5407
v 1.8451 0.1808 0.3812
v 1.0732 0.0941 0.5186
v -0.5153 0.8649 0.4916
v 1.8987 0.1750 0.3254
v 1.7986 -0.5214 0.3904
v 1.9446 0.1744 0.2457
v 0.3481 0.5282 0.5384
v -0.4579 0.8691 0.4927
v 1.1113 0.0931 0.5151
v 1.8664 -0.5102 0.3868
v 1.9796 0.1813 0.1437
v -0.4000 0.8725 0.4934
v 1.1483 0.0918 0.5116
v 0.4042 0.5259 0.5356
v 1.9331 -0.4989 0.3716
v -0.3420 0.8751 0.4935
v 1.1845 0.0903 0.5083
v 0.4593 0.5232 0.5323
v 1.9964 -0.4889 0.3428
v 1.2204 0.0887 0.5051
v -0.2837 0.8770 0.4931
v 2.0534 -0.4815 0.2969
v 1.2567 0.0868 0.5020
v -0.2255 0.8780 0.4921
v 0.5133 0.5203 0.5285
v 2.1013 -0.4783 0.2302
v 1.2943 0.0849 0.4990
v -0.1672 0.8782 0.4905
v 1.3340 0.0831 0.4959
v 2.1368 -0.4807 0.1409
v 0.5660 0.5171 0.5241
v 1.3767 0.0813 0.4928
v -0.1091 0.8776 0.4882
v 1.4231 0.0796 0.4894
v 0.6176 0.5136 0.5189
v 1.4732 0.0777 0.4854
v 1.5270 0.0756 0.4804
v -0.0513 0.8762 0.4851
v 1.5837 0.0731 0.4735
v 1.6422 0.0702 0.4633
v 0.6678 0.5098 0.5128
v 1.7010 0.0669 0.4477
v 1.7582 0.0632 0.4230
v 0.0061 0.8739 0.4811
v 1.8115 0.0593 0.3823
v 0.7168 0.5057 0.5057
v 1.8583 0.0559 0.3114
v -0.9484 -1.0007 0.0718
v 1.8967 0.0558 0.1906
v 0.0630 0.8708 0.4762
v 0.7646 0.5014 0.4975
v -0.9010 -1.0129 0.0989
v -0.8525 -1.0237 0.1223
v -0.8032 -1.0332 0.1444
v 0.8111 0.4967 0.4880
v -2.1157 0.2627 0.0751
v 0.1192 0.8668 0.4702
v -0.7531 -1.0416 0.1627
v -0.7022 -1.0488 0.1786
v -1.8686 -0.4797 0.1159
v -2.0821 0.2770 0.1483
v 0.8563 0.4917 0.4770
v -0.6507 -1.0548 0.1916
v -1.8296 -0.4933 0.1872
v 0.1747 0.8620 0.4628
v -0.5987 -1.0596 0.2017
v -1.7860 -0.5017 0.2480
v 0.9004 0.4862 0.4642
v -2.0399 0.2858 0.2125
v -0.5462 -1.0634 0.2093
v -1.7393 -0.5059 0.2977
v -0.4935 -1.0660 0.2143
v 0.2293 0.8564 0.4539
v -1.6909 -0.5069 0.3378
v -1.9894 0.2897 0.2651
v 0.9434 0.4803 0.4495
v -0.4405 -1.0675 0.2170
v -1.6418 -0.5056 0.3700
v 0.9854 0.4738 0.4325
v 0.2830 0.8499 0.4433
v -0.3874 -1.0677 0.2171
v -1.9318 0.2889 0.3049
v -1.5927 -0.5032 0.3958
v -0.3343 -1.0666 0.2147
v -1.5443 -0.5004 0.4166
v 1.0264 0.4667 0.4131
v -1.8685 0.2838 0.3312
v -0.2814 -1.0644 0.2094
v 0.3356 0.8427 0.4307
v -1.4967 -0.4982 0.4337
v -0.2289 -1.0611 0.2016
v -1.4499 -0.4971 0.4481
v 1.0667 0.4587 0.3909
v -1.8018 0.2749 0.3436
v -0.1767 -1.0566 0.1919
v -1.4040 -0.4976 0.4604
v 0.3870 0.8346 0.4158
v -2.2088 0.1293 0.1024
v -0.1249 -1.0510 0.1799
v 1.1062 0.4497 0.3659
v -1.3585 -0.4998 0.4712
v -1.7347 0.2630 0.3403
v -0.0738 -1.0441 0.1651
v -2.1782 0.1364 0.1747
v -0.0233 -1.0362 0.1480
v 0.4372 0.8257 0.3983
v -1.3133 -0.5039 0.4808
v 1.1450 0.4396 0.3380
v -1.6706 0.2497 0.3166
v 0.0265 -1.0271 0.1279
v -2.1378 0.1406 0.2349
v 0.0755 -1.0169 0.1021
v -1.2679 -0.5096 0.4893
v 1.1831 0.4280 0.3081
v -1.6138 0.2378 0.2627
v -2.0886 0.1429 0.2837
v 0.4861 0.8160 0.3779
v 0.1235 -1.0052 0.0760
v 1.2204 0.4149 0.2782
v -1.2220 -0.5168 0.4970
v -1.5690 0.2324 0.1621
v 1.2564 0.4005 0.2524
v -2.0317 0.1435 0.3217
v -1.1754 -0.5252 0.5038
v 1.2900 0.3915 0.2617
v 0.5338 0.8054 0.3542
v -1.1277 -0.5345 0.5098
v 1.3238 0.4019 0.2885
v -1.9683 0.1425 0.3488
v 0.5801 0.7939 0.3268
v 1.3634 0.4115 0.3240
v -1.0789 -0.5442 0.5151
v 1.4079 0.4176 0.3565
v -1.8999 0.1399 0.3651
v 0.6251 0.7814 0.2952
v -1.0287 -0.5542 0.5198
v 1.4575 0.4199 0.3833
v -1.8288 0.1359 0.3695
v -0.9772 -0.5640 0.5239
v 1.5121 0.4186 0.4039
v 0.6688 0.7677 0.2589
v 1.5710 0.4139 0.4182
v -1.7578 0.1308 0.3591
v -0.9243 -0.5736 0.5275
v 0.7111 0.7528 0.2176
v 1.6337 0.4064 0.4261
v -1.6909 0.1250 0.3269
v -0.8700 -0.5828 0.5306
v 1.6989 0.3967 0.4276
v 0.7519 0.7365 0.1703
v -1.1836 0.2294 0.2860
v -1.6338 0.1193 0.2589
v -1.1547 0.2339 0.3848
v 1.7653 0.3856 0.4219
v -0.8145 -0.5913 0.5333
v 0.7913 0.7186 0.1173
v -1.5952 0.1151 0.1326
v -1.1201 0.2430 0.4434
v 1.8313 0.3741 0.4076
v -0.7578 -0.5992 0.5355
v -1.0807 0.2539 0.4790
v 1.8949 0.3636 0.3827
v -1.0370 0.2653 0.5016
v 1.9540 0.3554 0.3440
v -0.7000 -0.6063 0.5374
v -0.9898 0.2765 0.5164
v 2.0061 0.3508 0.2882
v -0.9397 0.2870 0.5267
v -0.6414 -0.6126 0.5390
v -0.8871 0.2967 0.5340
v 2.0491 0.3512 0.2127
v -0.8323 0.3055 0.5394
v -0.5819 -0.6182 0.5403
v -0.7757 0.3134 0.5434
v 2.0807 0.3580 0.1183
v -0.5217 -0.6230 0.5413
v -0.7176 0.3205 0.5464
v -0.6583 0.3268 0.5487
v -0.4611 -0.6271 0.5420
v -0.5979 0.3323 0.5506
v -0.5366 0.3370 0.5520
v -0.4000 -0.6304 0.5424
v -0.4747 0.3412 0.5530
v -0.3387 -0.6330 0.5426
v -0.4122 0.3447 0.5538
v -0.2772 -0.6350 0.5426
v -0.3494 0.3477 0.5544
v -0.2158 -0.6363 0.5423
v -0.1545 -0.6370 0.5418
v -0.2864 0.3501 0.5548
v 1.9008 -0.9964 0.1063
v -0.0934 -0.6371 0.5409
v 1.5947 0.7035 0.1239
v 1.6356 0.7159 0.2038
v 1.9519 -1.0095 0.1724
v 1.6853 0.7220 0.2667
v 2.0161 -1.0161 0.2104
v -0.0327 -0.6366 0.5398
v -0.2233 0.3521 0.5550
v -1.1598 0.1155 0.2556
v 1.7427 0.7229 0.3116
v 2.0869 -1.0151 0.2156
v 0.0276 -0.6357 0.5383
v -1.1343 0.1182 0.3765
v 1.8062 0.7196 0.3397
v 2.1543 -1.0061 0.1870
v -0.1602 0.3537 0.5551
v 0.0872 -0.6342 0.5365
v -1.1005 0.1216 0.4445
v 1.8739 0.7131 0.3525
v 2.2071 -0.9914 0.1260
v -1.0606 0.1255 0.4835
v 0.1462 -0.6322 0.5343
v -0.0974 0.3548 0.5550
v -1.0161 0.1295 0.5071
v 1.9433 0.7047 0.3505
v 0.2044 -0.6297 0.5316
v -0.9679 0.1335 0.5221
v -0.9167 0.1373 0.5321
v 0.2617 -0.6268 0.5283
v -0.0348 0.3556 0.5547
v -0.8630 0.1410 0.5390
v 2.0113 0.6955 0.3327
v -0.8073 0.1444 0.5440
v -1.9163 0.4452 0.1205
v 0.3180 -0.6234 0.5244
v -0.7497 0.1476 0.5476
v 0.0274 0.3561 0.5543
v -0.6907 0.1505 0.5504
v 2.0742 0.6870 0.2962
v 0.3733 -0.6195 0.5197
v -1.8723 0.4550 0.1902
v -0.6304 0.1531 0.5524
v -0.5692 0.1555 0.5540
v 2.1276 0.6805 0.2369
v 0.4274 -0.6152 0.5140
v -1.8217 0.4576 0.2452
v 0.0891 0.3562 0.5538
v -0.5071 0.1576 0.5552
v 2.1671 0.6775 0.1522
v 0.4803 -0.6104 0.5073
v -0.4445 0.1594 0.5562
v -1.7665 0.4538 0.2853
v -0.3813 0.1610 0.5568
v 0.1501 0.3560 0.5530
v 0.5319 -0.6052 0.4994
v -0.3179 0.1623 0.5573
v -1.7088 0.4451 0.3117
v 0.5821 -0.5995 0.4898
v -0.2542 0.1635 0.5577
v 0.2104 0.3556 0.5522
v 0.6310 -0.5932 0.4784
v -1.6511 0.4331 0.3259
v -0.1906 0.1644 0.5578
v -1.5952 0.4200 0.3298
v 0.6785 -0.5865 0.4649
v 0.2699 0.3550 0.5511
v -0.1271 0.1652 0.5579
v -1.5422 0.4080 0.3259
v 0.7245 -0.5792 0.4487
v 0.3285 0.3541 0.5498
v -1.4925 0.3985 0.3183
v 0.7692 -0.5713 0.4294
v -1.4456 0.3920 0.3126
v -0.0638 0.1657 0.5578
v -1.0758 -0.9568 0.0779
v -1.4012 0.3885 0.3153
v 0.8124 -0.5627 0.4064
v -1.0302 -0.9711 0.1096
v 0.3862 0.3530 0.5483
v -1.3591 0.3877 0.3303
v -0.9833 -0.9839 0.1407
v 0.8544 -0.5533 0.3791
v -1.3189 0.3895 0.3561
v -0.9354 -0.9955 0.1686
v -0.0009 0.1661 0.5576
v -1.2802 0.3941 0.3874
v -0.8864 -1.0060 0.1925
v 0.8951 -0.5431 0.3467
v 0.4427 0.3518 0.5465
v -1.2421 0.4020 0.4184
v -0.8365 -1.0153 0.2131
v -0.7858 -1.0236 0.2310
v -1.2034 0.4129 0.4454
v 0.9346 -0.5318 0.3085
v 0.0616 0.1663 0.5572
v 0.4982 0.3503 0.5445
v -0.7344 -1.0309 0.2461
v -1.1632 0.4262 0.4673
v 0.9730 -0.5191 0.2636
v -0.6822 -1.0371 0.2585
v -1.1211 0.4410 0.4845
v 1.0103 -0.5048 0.2110
v 0.5524 0.3488 0.5421
v -0.6295 -1.0422 0.2685
v 0.1234 0.1664 0.5568
v -1.0767 0.4564 0.4978
v 1.0465 -0.4885 0.1489
v -0.5763 -1.0464 0.2761
v -1.0299 0.4718 0.5082
v -0.5227 -1.0495 0.2815
v -0.9808 0.4867 0.5162
v 1.0814 -0.4697 0.0742
v 0.6055 0.3471 0.5394
v -1.5321 0.7469 0.0969
v 0.1847 0.1664 0.5562
v -0.4688 -1.0515 0.2848
v -0.9297 0.5007 0.5226
v -1.4898 0.7594 0.1567
v -0.8767 0.5136 0.5277
v -0.4148 -1.0525 0.2860
v 0.6573 0.3452 0.5363
v -1.4457 0.7685 0.2083
v 0.2451 0.1662 0.5555
v -0.8221 0.5254 0.5318
v -0.3607 -1.0522 0.2848
v -1.4006 0.7760 0.2519
v -0.7659 0.5361 0.5351
v 0.7078 0.3433 0.5328
v -0.3067 -1.0509 0.2814
v -1.3549 0.7824 0.2885
v -0.7086 0.5456 0.5378
v 0.3046 0.1659 0.5546
v -0.2529 -1.0485 0.2758
v -1.3088 0.7886 0.3192
v 0.7570 0.3412 0.5288
v -0.1995 -1.0450 0.2682
v -1.2623 0.7952 0.3448
v -0.6501 0.5541 0.5399
v 1.3971 -0.4732 0.1153
v 0.3633 0.1656 0.5536
v -0.1464 -1.0404 0.2585
v 0.8048 0.3389 0.5244
v 1.4345 -0.4878 0.1978
v -1.2155 0.8023 0.3662
v -0.0939 -1.0348 0.2463
v 1.4782 -0.4968 0.2649
v 0.4208 0.1651 0.5524
v -1.1682 0.8102 0.3841
v -0.0419 -1.0280 0.2318
v -0.5907 0.5614 0.5416
v 0.8514 0.3365 0.5193
v 1.5280 -0.5007 0.3165
v 0.0093 -1.0202 0.2146
v -1.1202 0.8185 0.3993
v 1.5833 -0.5000 0.3543
v 0.4773 0.1646 0.5510
v 0.0599 -1.0113 0.1940
v -1.0715 0.8273 0.4122
v 0.8966 0.3339 0.5137
v -0.5306 0.5679 0.5430
v 1.6434 -0.4952 0.3799
v 0.1095 -1.0011 0.1706
v -1.0220 0.8363 0.4231
v 0.1581 -0.9896 0.1441
v 1.7074 -0.4871 0.3949
v 0.5326 0.1640 0.5495
v 0.2056 -0.9769 0.1137
v 0.9406 0.3311 0.5076
v -0.4699 0.5734 0.5440
v -0.9717 0.8453 0.4325
v 1.7740 -0.4768 0.4002
v 0.2518 -0.9626 0.0840
v -0.9204 0.8542 0.4405
v 0.5867 0.1633 0.5477
v -0.8684 0.8628 0.4474
v 1.8415 -0.4652 0.3957
v 0.9833 0.3279 0.5008
v -0.4088 0.5780 0.5448
v -0.8155 0.8709 0.4532
v 1.9079 -0.4537 0.3804
v 1.0247 0.3243 0.4936
v 0.6396 0.1626 0.5457
v -0.7618 0.8786 0.4582
v -0.3473 0.5818 0.5453
v -0.7074 0.8856 0.4624
v 1.9711 -0.4435 0.3523
v 1.0650 0.3202 0.4860
v -0.2856 0.5849 0.5455
v -0.6523 0.8919 0.4659
v 0.6911 0.1619 0.5434
v 2.0285 -0.4361 0.3080
v 1.1042 0.3155 0.4783
v -0.5967 0.8975 0.4687
v -0.2238 0.5874 0.5456
v 2.0773 -0.4328 0.2439
v 0.7412 0.1611 0.5409
v -0.5406 0.9025 0.4709
v 2.1148 -0.4349 0.1572
v 1.1422 0.3100 0.4709
v -0.4840 0.9067 0.4724
v -0.1621 0.5891 0.5454
v 1.1791 0.3038 0.4644
v 0.7900 0.1603 0.5382
v -0.4271 0.9102 0.4735
v -0.1006 0.5902 0.5450
v 1.2150 0.2971 0.4594
v -0.3698 0.9128 0.4738
v 0.8374 0.1594 0.5352
v 1.2499 0.2905 0.4564
v -0.0394 0.5908 0.5443
v -0.3124 0.9147 0.4736
v 1.2847 0.2851 0.4550
v 0.8833 0.1585 0.5320
v 1.3209 0.2820 0.4542
v -0.2549 0.9158 0.4726
v 0.0214 0.5908 0.5434
v 1.3604 0.2807 0.4543
v -1.9350 -0.4249 0.0691
v -1.9005 -0.4419 0.1465
v 1.4044 0.2798 0.4553
v -0.1973 0.9161 0.4709
v 0.9278 0.1575 0.5285
v 0.0817 0.5903 0.5422
v -1.8596 -0.4529 0.2155
v 1.4534 0.2780 0.4569
v -1.8141 -0.4589 0.2725
v -0.1399 0.9155 0.4684
v 1.5072 0.2743 0.4580
v -1.7654 -0.4607 0.3184
v 0.9708 0.1564 0.5248
v 0.1414 0.5893 0.5407
v -1.7149 -0.4593 0.3546
v -0.0827 0.9140 0.4650
v 1.5650 0.2687 0.4576
v -1.6639 -0.4557 0.3831
v 1.0125 0.1551 0.5210
v 1.6260 0.2610 0.4542
v 0.2004 0.5878 0.5388
v -1.6132 -0.4508 0.4056
v -0.0258 0.9117 0.4605
v 1.6889 0.2518 0.4463
v -1.5635 -0.4457 0.4236
v 1.0527 0.1536 0.5171
v 0.0306 0.9084 0.4549
v 1.7523 0.2415 0.4320
v -1.5150 -0.4412 0.4383
v 0.2586 0.5859 0.5366
v 1.8144 0.2314 0.4080
v 1.0916 0.1519 0.5133
v -1.4679 -0.4381 0.4508
v 1.8733 0.2228 0.3703
v 0.0865 0.9043 0.4480
v 1.8717 -0.9569 0.1331
v -1.4220 -0.4368 0.4619
v 0.3158 0.5836 0.5340
v 1.9265 0.2176 0.3142
v 1.9241 -0.9675 0.1968
v 1.1293 0.1498 0.5095
v -1.3771 -0.4377 0.4719
v 1.9713 0.2178 0.2364
v 1.9879 -0.9720 0.2354
v 0.1416 0.8992 0.4396
v 2.0584 -0.9704 0.2463
v -1.3326 -0.4407 0.4812
v 2.0054 0.2250 0.1378
v 0.3721 0.5809 0.5308
v 1.1660 0.1474 0.5058
v -1.2884 -0.4458 0.4897
v 0.1959 0.8932 0.4295
v 2.1281 -0.9627 0.2279
v 1.2021 0.1447 0.5024
v 0.4273 0.5778 0.5271
v 2.1879 -0.9505 0.1792
v -1.2438 -0.4527 0.4975
v 2.2288 -0.9371 0.0998
v 1.2380 0.1418 0.4992
v 0.2493 0.8863 0.4173
v -1.1986 -0.4611 0.5046
v 0.4814 0.5744 0.5228
v 1.2746 0.1390 0.4962
v -1.1523 -0.4706 0.5110
v 0.3016 0.8785 0.4028
v 1.3127 0.1364 0.4933
v -1.1048 -0.4808 0.5167
v 0.5343 0.5707 0.5176
v 1.3534 0.1341 0.4905
v 1.3974 0.1319 0.4876
v -1.0559 -0.4912 0.5217
v 0.3528 0.8698 0.3857
v 1.4454 0.1296 0.4844
v 0.5860 0.5666 0.5116
v 1.4973 0.1268 0.4806
v -1.0055 -0.5017 0.5261
v 1.5527 0.1233 0.4754
v 0.4028 0.8602 0.3658
v 0.6365 0.5621 0.5046
v -0.9536 -0.5119 0.5299
v 1.6108 0.1190 0.4678
v 1.6703 0.1138 0.4562
v 1.7297 0.1079 0.4380
v -0.9002 -0.5217 0.5331
v 0.6857 0.5573 0.4963
v 0.4515 0.8496 0.3426
v 1.7870 0.1016 0.4085
v 1.8403 0.0957 0.3597
v -0.8454 -0.5308 0.5360
v 0.7337 0.5522 0.4866
v 1.8876 0.0923 0.2798
v 1.9260 0.0955 0.1615
v -2.0495 0.3177 0.1286
v -0.7892 -0.5393 0.5384
v 0.7804 0.5466 0.4752
v 0.4988 0.8381 0.3158
v 0.8258 0.5406 0.4619
v -2.0080 0.3283 0.1955
v -0.7319 -0.5470 0.5404
v 0.5449 0.8256 0.2852
v 0.8701 0.5342 0.4464
v -1.9585 0.3331 0.2512
v -0.6735 -0.5538 0.5421
v 0.5896 0.8121 0.2504
v -1.1564 -0.9225 0.1018
v -0.6142 -0.5599 0.5435
v -1.1115 -0.9370 0.1413
v -1.9018 0.3324 0.2935
v 0.9132 0.5272 0.4284
v -0.5541 -0.5652 0.5446
v -1.0654 -0.9501 0.1763
v 0.6330 0.7973 0.2111
v -1.0182 -0.9622 0.2061
v 0.9553 0.5196 0.4073
v -1.8399 0.3266 0.3217
v -0.4934 -0.5697 0.5454
v -0.9698 -0.9732 0.2321
v 0.6750 0.7813 0.1671
v -0.9204 -0.9833 0.2548
v -0.4322 -0.5735 0.5460
v 0.9965 0.5112 0.3828
v -0.8701 -0.9924 0.2740
v -1.7750 0.3164 0.3354
v 0.7155 0.7637 0.1188
v -0.8189 -1.0007 0.2905
v -0.3706 -0.5766 0.5464
v 1.0368 0.5020 0.3544
v -0.7670 -1.0080 0.3044
v -0.7143 -1.0144 0.3159
v -0.3088 -0.5790 0.5465
v -1.7100 0.3031 0.3333
v 0.7545 0.7443 0.0662
v -0.6610 -1.0198 0.3253
v 1.0765 0.4917 0.3213
v -0.2470 -0.5808 0.5465
v -0.6071 -1.0244 0.3326
v -1.6482 0.2887 0.3119
v -2.1800 0.1778 0.1010
v -0.5528 -1.0279 0.3381
v 1.1155 0.4802 0.2829
v -0.1851 -0.5820 0.5462
v -0.4982 -1.0306 0.3417
v -2.1475 0.1870 0.1727
v 1.1540 0.4672 0.2381
v -1.5930 0.2764 0.2646
v -0.1235 -0.5826 0.5457
v -0.4433 -1.0321 0.3435
v 1.1919 0.4524 0.1858
v -0.0621 -0.5827 0.5449
v -2.1056 0.1924 0.2332
v -0.3883 -1.0327 0.3435
v -1.5468 0.2710 0.1833
v 1.2291 0.4352 0.1241
v -0.3333 -1.0322 0.3416
v -0.0012 -0.5823 0.5439
v -2.0553 0.1950 0.2823
v -0.2784 -1.0307 0.3378
v 0.0593 -0.5815 0.5426
v -1.9974 0.1950 0.3198
v -0.2238 -1.0281 0.3322
v 1.3451 0.4431 0.1993
v 0.1191 -0.5801 0.5410
v -0.1695 -1.0246 0.3248
v -1.9332 0.1925 0.3456
v 1.3847 0.4548 0.2663
v -0.1157 -1.0200 0.3155
v 0.1781 -0.5784 0.5390
v 1.4295 0.4620 0.3172
v -0.0624 -1.0145 0.3039
v -1.8646 0.1877 0.3595
v -1.2344 0.2710 0.1679
v 1.4794 0.4650 0.3560
v 0.2364 -0.5762 0.5366
v -0.0097 -1.0078 0.2901
v -1.2055 0.2672 0.2962
v 1.5345 0.4640 0.3844
v -1.7941 0.1807 0.3600
v 0.0423 -1.0002 0.2736
v 0.2937 -0.5736 0.5337
v -1.1746 0.2721 0.3831
v 1.5942 0.4594 0.4037
v -1.1399 0.2820 0.4382
v 0.0934 -0.9914 0.2543
v -1.7250 0.1722 0.3430
v 0.3500 -0.5706 0.5303
v -1.1011 0.2944 0.4731
v 1.6575 0.4518 0.4148
v 0.1437 -0.9815 0.2317
v -1.0585 0.3076 0.4960
v 0.4053 -0.5672 0.5262
v 1.7235 0.4420 0.4181
v 1.6247 0.7415 0.0908
v -1.6619 0.1634 0.2993
v 0.1929 -0.9703 0.2061
v -1.0124 0.3207 0.5115
v 1.6635 0.7556 0.1780
v 0.2409 -0.9578 0.1776
v 0.4593 -0.5635 0.5213
v -0.9634 0.3331 0.5223
v 1.7907 0.4309 0.4133
v 1.7116 0.7633 0.2461
v -1.6112 0.1563 0.2117
v 0.2876 -0.9440 0.1452
v -0.9118 0.3447 0.5301
v 0.5122 -0.5593 0.5155
v 0.3330 -0.9288 0.1083
v 1.7681 0.7655 0.2950
v 1.8572 0.4195 0.3994
v -0.8580 0.3553 0.5359
v -0.8023 0.3649 0.5403
v 0.3768 -0.9123 0.0628
v 0.5637 -0.5548 0.5085
v 1.8314 0.7632 0.3256
v -0.7451 0.3734 0.5436
v 1.9211 0.4092 0.3743
v -0.6865 0.3810 0.5462
v -0.6268 0.3877 0.5482
v 1.9802 0.4010 0.3353
v 1.8992 0.7574 0.3394
v 0.6139 -0.5499 0.5003
v -0.5661 0.3935 0.5498
v 2.0320 0.3965 0.2791
v 0.6627 -0.5445 0.4906
v 1.9688 0.7494 0.3365
v -0.5048 0.3985 0.5510
v 2.0741 0.3969 0.2034
v 0.7102 -0.5387 0.4790
v -0.4428 0.4028 0.5520
v 2.1044 0.4035 0.1086
v 0.7562 -0.5325 0.4652
v 2.0363 0.7404 0.3157
v 0.8009 -0.5257 0.4488
v -0.3804 0.4065 0.5527
v 2.0975 0.7318 0.2732
v 0.8443 -0.5184 0.4293
v 2.1470 0.7252 0.2037
v 0.8864 -0.5104 0.4062
v -0.3177 0.4095 0.5531
v 2.1791 0.7219 0.1037
v 0.9274 -0.5016 0.3788
v -0.2549 0.4120 0.5534
v 0.9673 -0.4918 0.3463
v -0.1921 0.4139 0.5535
v 1.0061 -0.4808 0.3078
v -1.1705 0.1534 0.1781
v 1.0440 -0.4684 0.2618
v -1.1492 0.1548 0.3324
v -0.1294 0.4154 0.5534
v -1.1184 0.1596 0.4190
v 1.0809 -0.4542 0.2068
v -1.0810 0.1658 0.4680
v 1.1166 -0.4377 0.1409
v -0.0669 0.4164 0.5532
v -1.0385 0.1724 0.4970
v -0.9919 0.1790 0.5151
v -0.9421 0.1854 0.5270
v -0.0047 0.4170 0.5528
v -0.8896 0.1914 0.5352
v -0.8348 0.1969 0.5410
v -0.7781 0.2019 0.5452
v 0.0569 0.4172 0.5522
v -0.7199 0.2064 0.5484
v 1.3665 -0.4358 0.1609
v -0.6603 0.2104 0.5508
v -1.8851 0.4816 0.0886
v 1.4063 -0.4480 0.2373
v 0.1180 0.4171 0.5515
v 1.4517 -0.4554 0.2959
v -1.8440 0.4940 0.1625
v 1.5025 -0.4581 0.3402
v -1.2146 -0.2771 0.4946
v 1.5585 -0.4565 0.3723
v -1.7963 0.4991 0.2223
v 0.1784 0.4167 0.5505
v 1.6189 -0.4512 0.3939
v -1.1725 -0.2875 0.5050
v 1.6828 -0.4428 0.4062
v -1.7439 0.4976 0.2682
v -1.1287 -0.2988 0.5139
v 1.7492 -0.4321 0.4097
v 0.2381 0.4159 0.5494
v 1.8030 -0.9012 0.0743
v -1.6890 0.4910 0.3010
v -1.0831 -0.3105 0.5214
v -1.4558 0.7908 0.0967
v 1.8164 -0.4203 0.4043
v 1.8434 -0.9163 0.1576
v -1.6337 0.4811 0.3228
v -1.4132 0.8042 0.1502
v 0.2969 0.4149 0.5480
v -1.0354 -0.3220 0.5277
v 1.8966 -0.9249 0.2186
v -1.3690 0.8148 0.1984
v -1.5796 0.4699 0.3359
v 1.9602 -0.9276 0.2567
v 1.8826 -0.4086 0.3888
v -0.9856 -0.3331 0.5329
v -1.3237 0.8237 0.2397
v -1.5279 0.4593 0.3436
v 2.0301 -0.9250 0.2703
v 0.3548 0.4136 0.5464
v -1.4788 0.4506 0.3494
v 1.9457 -0.3983 0.3611
v -1.4325 0.4447 0.3568
v -1.2778 0.8319 0.2746
v -0.9339 -0.3436 0.5372
v -1.3885 0.4420 0.3686
v 2.1006 -0.9176 0.2586
v 2.0032 -0.3907 0.3179
v -1.3465 0.4427 0.3854
v 0.4116 0.4121 0.5445
v -1.2313 0.8400 0.3036
v -0.8804 -0.3532 0.5407
v 2.1643 -0.9068 0.2196
v -1.3059 0.4466 0.4059
v 2.0527 -0.3874 0.2557
v 2.2131 -0.8950 0.1514
v 2.0915 -0.3896 0.1724
v -1.2659 0.4536 0.4275
v -1.1843 0.8481 0.3279
v -0.8251 -0.3620 0.5436
v 0.4674 0.4104 0.5423
v -1.2257 0.4636 0.4478
v 2.1167 -0.3987 0.0707
v -1.1846 0.4759 0.4655
v -0.7684 -0.3699 0.5460
v -1.1366 0.8564 0.3484
v -1.1420 0.4898 0.4804
v -0.7102 -0.3769 0.5480
v -1.0883 0.8648 0.3657
v -1.0975 0.5047 0.4925
v 0.5220 0.4085 0.5397
v -1.0510 0.5198 0.5023
v -0.6510 -0.3831 0.5496
v -1.0393 0.8733 0.3803
v -1.0025 0.5346 0.5102
v 0.5754 0.4064 0.5367
v -0.9894 0.8818 0.3928
v -0.9520 0.5488 0.5166
v -0.5907 -0.3884 0.5508
v -0.9388 0.8902 0.4034
v -0.8998 0.5621 0.5219
v 0.6276 0.4042 0.5332
v -0.8875 0.8983 0.4125
v -0.8459 0.5744 0.5261
v -0.5296 -0.3930 0.5519
v -0.8353 0.9061 0.4202
v -0.7906 0.5856 0.5297
v 0.6785 0.4017 0.5293
v -0.7825 0.9134 0.4267
v -0.4679 -0.3969 0.5526
v -0.7341 0.5957 0.5325
v 0.7281 0.3991 0.5247
v -1.9670 -0.3873 0.0985
v -0.7289 0.9201 0.4322
v -1.9310 -0.4020 0.1735
v -0.4056 -0.4001 0.5532
v -0.6764 0.6047 0.5349
v 0.7765 0.3964 0.5195
v -1.8885 -0.4109 0.2387
v -0.6748 0.9263 0.4368
v -1.8411 -0.4148 0.2920
v -0.3430 -0.4028 0.5536
v -0.6201 0.9318 0.4405
v -1.7903 -0.4146 0.3341
v 0.8235 0.3934 0.5137
v -0.6178 0.6126 0.5368
v -1.7377 -0.4110 0.3667
v -0.5649 0.9366 0.4435
v -0.2802 -0.4049 0.5538
v 0.8693 0.3902 0.5070
v -1.6846 -0.4052 0.3917
v -1.2790 -0.8688 0.0788
v -0.5093 0.9408 0.4457
v -0.5585 0.6195 0.5383
v -0.2174 -0.4065 0.5539
v -1.6321 -0.3981 0.4110
v -1.2362 -0.8847 0.1236
v -0.4533 0.9443 0.4473
v 0.9138 0.3867 0.4995
v -1.5809 -0.3908 0.4261
v -1.1921 -0.8991 0.1669
v -0.1546 -0.4077 0.5538
v -0.3970 0.9470 0.4481
v -1.1468 -0.9123 0.2037
v -0.4984 0.6255 0.5395
v -1.5314 -0.3842 0.4383
v 0.9571 0.3829 0.4911
v -1.1003 -0.9245 0.2361
v -0.0920 -0.4084 0.5535
v -1.4837 -0.3790 0.4489
v -0.3404 0.9490 0.4481
v -1.0527 -0.9357 0.2641
v -1.4378 -0.3760 0.4585
v -0.4379 0.6306 0.5404
v -0.0298 -0.4088 0.5531
v -1.0041 -0.9461 0.2879
v 0.9993 0.3787 0.4818
v -1.3932 -0.3753 0.4678
v -0.2837 0.9502 0.4473
v -0.9544 -0.9558 0.3084
v -0.9037 -0.9647 0.3259
v 0.0321 -0.4088 0.5525
v -1.3497 -0.3772 0.4770
v -0.3770 0.6348 0.5410
v -0.8522 -0.9729 0.3407
v -0.2269 0.9505 0.4456
v 1.0404 0.3739 0.4717
v -1.3066 -0.3815 0.4859
v 0.0933 -0.4085 0.5517
v -0.7999 -0.9802 0.3532
v -0.1702 0.9499 0.4429
v -0.7468 -0.9868 0.3637
v -0.3159 0.6382 0.5413
v -1.2634 -0.3879 0.4944
v 1.0804 0.3685 0.4608
v -0.6930 -0.9926 0.3722
v 0.1539 -0.4079 0.5507
v -0.1136 0.9485 0.4392
v -0.6386 -0.9975 0.3790
v -1.2197 -0.3961 0.5023
v 1.1194 0.3623 0.4496
v 0.2138 -0.4070 0.5495
v -0.5837 -1.0016 0.3842
v -0.0573 0.9461 0.4343
v -0.2546 0.6409 0.5414
v -1.1751 -0.4057 0.5095
v -0.5284 -1.0047 0.3879
v 0.2728 -0.4059 0.5480
v -0.0014 0.9427 0.4280
v -1.1292 -0.4162 0.5159
v 1.1573 0.3552 0.4388
v -0.4727 -1.0070 0.3901
v -0.1933 0.6429 0.5412
v -1.0817 -0.4272 0.5216
v 0.3309 -0.4045 0.5463
v -0.4169 -1.0082 0.3909
v 0.0539 0.9384 0.4202
v 1.1941 0.3471 0.4296
v -1.0327 -0.4382 0.5265
v -0.3611 -1.0085 0.3901
v 0.1087 0.9332 0.4108
v -0.1322 0.6442 0.5408
v 0.3879 -0.4029 0.5442
v -0.9820 -0.4490 0.5307
v -0.3052 -1.0079 0.3879
v -0.9296 -0.4593 0.5344
v 0.4438 -0.4011 0.5418
v -0.2496 -1.0063 0.3841
v 0.1626 0.9269 0.3993
v -0.0712 0.6448 0.5400
v -0.8756 -0.4690 0.5375
v -0.1942 -1.0037 0.3788
v 0.4986 -0.3990 0.5389
v -0.1391 -1.0001 0.3718
v 0.2156 0.9196 0.3855
v -0.8202 -0.4780 0.5401
v -1.5094 -0.7404 0.0983
v -0.0106 0.6449 0.5390
v 0.5522 -0.3968 0.5356
v -0.0846 -0.9957 0.3631
v -1.4689 -0.7559 0.1582
v -0.7634 -0.4861 0.5423
v -0.0306 -0.9902 0.3525
v 0.2677 0.9113 0.3691
v -1.4270 -0.7694 0.2090
v 0.0495 0.6443 0.5377
v 0.0228 -0.9838 0.3397
v -0.7055 -0.4935 0.5442
v -1.3837 -0.7811 0.2530
v 0.3185 0.9020 0.3497
v 0.0754 -0.9763 0.3245
v 0.1090 0.6432 0.5360
v -1.3393 -0.7916 0.2904
v -0.6465 -0.5000 0.5457
v 0.1272 -0.9678 0.3065
v -1.2939 -0.8012 0.3221
v 0.3682 0.8916 0.3272
v 0.1779 -0.9582 0.2856
v -0.5865 -0.5057 0.5469
v 0.1679 0.6416 0.5340
v -1.2476 -0.8104 0.3488
v 0.2277 -0.9474 0.2616
v -0.5259 -0.5106 0.5479
v 0.4166 0.8803 0.3012
v -1.2005 -0.8193 0.3714
v 0.2762 -0.9353 0.2338
v 0.2260 0.6395 0.5314
v -0.4646 -0.5147 0.5486
v 0.3234 -0.9220 0.2020
v -1.1525 -0.8281 0.3905
v -0.4029 -0.5182 0.5492
v 0.4636 0.8679 0.2715
v 0.3692 -0.9074 0.1651
v -1.1036 -0.8368 0.4067
v 0.2833 0.6369 0.5284
v -0.3408 -0.5210 0.5495
v 0.4135 -0.8913 0.1240
v -1.0537 -0.8453 0.4204
v -0.2786 -0.5232 0.5496
v 0.5093 0.8545 0.2378
v 0.4559 -0.8736 0.0822
v 0.3396 0.6338 0.5248
v -1.0029 -0.8537 0.4321
v -0.2164 -0.5248 0.5495
v -0.9511 -0.8617 0.4421
v -0.2766 -0.9795 0.4249
v 0.5537 0.8399 0.2003
v -0.1543 -0.5258 0.5492
v -0.8984 -0.8695 0.4505
v 0.3949 0.6303 0.5206
v -0.8448 -0.8768 0.4577
v -0.0923 -0.5264 0.5488
v -0.7904 -0.8835 0.4637
v 0.5967 0.8241 0.1588
v 0.4490 0.6264 0.5156
v -0.7351 -0.8897 0.4687
v -0.0308 -0.5265 0.5481
v -0.6792 -0.8953 0.4727
v -0.2202 -0.9779 0.4213
v 0.6383 0.8069 0.1124
v 0.0304 -0.5261 0.5471
v -0.6226 -0.9001 0.4759
v 0.5021 0.6221 0.5096
v -0.5655 -0.9042 0.4784
v 0.0909 -0.5253 0.5460
v 0.6785 0.7881 0.0647
v 0.5539 0.6174 0.5026
v -0.5079 -0.9075 0.4800
v -0.1641 -0.9753 0.4164
v 0.1508 -0.5241 0.5445
v -0.4501 -0.9100 0.4809
v 0.6045 0.6122 0.4944
v 0.2099 -0.5226 0.5427
v -0.3920 -0.9117 0.4811
v -0.1083 -0.9719 0.4100
v 0.2682 -0.5207 0.5406
v 0.6539 0.6067 0.4847
v -0.3338 -0.9126 0.4805
v 0.3255 -0.5184 0.5380
v -0.2757 -0.9126 0.4791
v 0.7019 0.6007 0.4733
v -0.2177 -0.9118 0.4770
v -0.0531 -0.9675 0.4022
v 0.3817 -0.5159 0.5350
v 0.7487 0.5942 0.4598
v -0.1600 -0.9102 0.4740
v 0.4369 -0.5130 0.5314
v -0.1026 -0.9079 0.4700
v 0.7943 0.5871 0.4440
v 0.0015 -0.9622 0.3926
v 0.4908 -0.5097 0.5271
v -0.0457 -0.9047 0.4650
v 0.8386 0.5796 0.4253
v 0.0107 -0.9006 0.4589
v 0.5435 -0.5062 0.5221
v -1.0212 -0.8867 0.3906
v 0.0664 -0.8958 0.4514
v 0.8818 0.5713 0.4035
v 0.5949 -0.5023 0.5161
v 0.0555 -0.9560 0.3810
v -0.9703 -0.8952 0.4041
v 0.1214 -0.8901 0.4423
v -0.9185 -0.9032 0.4155
v 0.9238 0.5624 0.3780
v 0.6450 -0.4982 0.5090
v 0.1755 -0.8836 0.4315
v -0.8658 -0.9108 0.4252
v 0.6937 -0.4937 0.5006
v 0.2286 -0.8761 0.4187
v 0.9649 0.5527 0.3482
v 0.1087 -0.9488 0.3672
v -0.8122 -0.9178 0.4334
v 0.2807 -0.8678 0.4034
v 0.7411 -0.4888 0.4908
v -0.7578 -0.9243 0.4401
v 1.0050 0.5419 0.3134
v -0.7027 -0.9300 0.4457
v 0.3316 -0.8584 0.3852
v 0.7871 -0.4835 0.4791
v 1.7741 -0.8612 0.0997
v -0.6470 -0.9350 0.4502
v 0.1610 -0.9406 0.3510
v 1.0444 0.5301 0.2728
v 0.3812 -0.8481 0.3638
v 1.8157 -0.8749 0.1790
v 1.6919 0.7947 0.1526
v 0.8318 -0.4778 0.4653
v -0.5907 -0.9393 0.4536
v 1.7382 0.8041 0.2252
v 1.8696 -0.8819 0.2383
v -0.5340 -0.9428 0.4560
v 0.4294 -0.8367 0.3387
v 0.8752 -0.4716 0.4491
v 1.0832 0.5168 0.2250
v 1.7936 0.8077 0.2779
v 1.9330 -0.8831 0.2752
v -0.4769 -0.9454 0.4575
v 2.0024 -0.8795 0.2901
v 1.1212 0.5017 0.1691
v 0.9174 -0.4648 0.4299
v 0.4762 -0.8241 0.3092
v 1.8566 0.8064 0.3110
v 0.2122 -0.9313 0.3319
v -0.4196 -0.9472 0.4581
v 1.1584 0.4845 0.0999
v 2.0730 -0.8720 0.2826
v 0.9585 -0.4573 0.4072
v 0.5213 -0.8103 0.2752
v 1.9246 0.8014 0.3253
v -0.3622 -0.9481 0.4577
v 2.1388 -0.8619 0.2508
v 0.9985 -0.4488 0.3804
v 0.5648 -0.7953 0.2359
v -0.3047 -0.9482 0.4564
v 2.1932 -0.8512 0.1916
v 1.9942 0.7936 0.3210
v 2.2295 -0.8432 0.1042
v 0.6067 -0.7790 0.1913
v 1.0376 -0.4393 0.3487
v 0.2624 -0.9209 0.3096
v -0.2474 -0.9474 0.4541
v 1.0757 -0.4285 0.3112
v 0.6467 -0.7611 0.1408
v -0.1903 -0.9458 0.4508
v 2.0609 0.7843 0.2962
v 1.1130 -0.4161 0.2668
v 0.6850 -0.7417 0.0880
v -0.1335 -0.9433 0.4463
v 2.1196 0.7751 0.2463
v 0.3114 -0.9094 0.2836
v 1.1492 -0.4017 0.2138
v -0.0771 -0.9400 0.4407
v 1.3730 0.4822 0.1348
v 1.1847 -0.3853 0.1453
v 2.1639 0.7679 0.1659
v -0.0213 -0.9358 0.4337
v 1.4103 0.4962 0.2163
v 0.3590 -0.8967 0.2534
v 0.0339 -0.9307 0.4251
v 1.4538 0.5050 0.2808
v 1.3022 -0.3814 0.1366
v 1.5033 0.5089 0.3296
v 0.0884 -0.9247 0.4149
v 1.3388 -0.3960 0.2207
v 1.5582 0.5085 0.3650
v 0.1421 -0.9178 0.4026
v 1.3802 -0.4064 0.2813
v 0.4052 -0.8827 0.2187
v 1.6180 0.5043 0.3890
v 0.1948 -0.9100 0.3881
v 1.4267 -0.4124 0.3285
v 1.6818 0.4970 0.4031
v 0.2465 -0.9011 0.3709
v 1.4781 -0.4144 0.3642
v 1.5343 -0.4123 0.3902
v 1.7483 0.4874 0.4083
v 0.2971 -0.8912 0.3506
v 1.5946 -0.4068 0.4076
v 0.4498 -0.8672 0.1802
v 0.3464 -0.8803 0.3268
v 1.6583 -0.3982 0.4172
v 1.8160 0.4765 0.4045
v -1.3571 -0.8281 0.0923
v 1.7243 -0.3875 0.4191
v 0.3944 -0.8682 0.2990
v -1.3151 -0.8442 0.1419
v 1.8830 0.4653 0.3908
v 0.4408 -0.8548 0.2670
v 1.7911 -0.3755 0.4128
v -1.2717 -0.8584 0.1864
v 0.4927 -0.8502 0.1364
v 1.9472 0.4552 0.3655
v 0.4857 -0.8401 0.2300
v 1.8570 -0.3636 0.3970
v -1.2271 -0.8712 0.2253
v 2.0061 0.4472 0.3257
v 0.5290 -0.8241 0.1890
v 1.9200 -0.3532 0.3694
v -1.1814 -0.8830 0.2595
v 0.5704 -0.8067 0.1424
v 1.9777 -0.3455 0.3269
v 0.5338 -0.8318 0.0914
v -1.1346 -0.8940 0.2889
v 2.0574 0.4428 0.2684
v 0.6102 -0.7878 0.0905
v -1.0868 -0.9044 0.3140
v 2.0277 -0.3421 0.2659
v 2.0984 0.4432 0.1914
v 2.0676 -0.3443 0.1843
v -1.0379 -0.9143 0.3354
v 2.0945 -0.3535 0.0866
v 2.1267 0.4498 0.0957
v -0.9880 -0.9235 0.3536
v -0.9372 -0.9322 0.3690
v -0.8855 -0.9403 0.3821
v -1.3783 0.8329 0.0826
v 1.6527 -0.7280 0.0776
v -0.8329 -0.9478 0.3932
v -1.3350 0.8466 0.1343
v 1.6898 -0.7426 0.1665
v -0.7794 -0.9546 0.4024
v -1.2904 0.8582 0.1801
v 1.7365 -0.7506 0.2377
v -0.7253 -0.9607 0.4101
v -1.2448 0.8684 0.2185
v 1.7922 -0.7527 0.2889
v -0.6705 -0.9660 0.4163
v -1.1985 0.8781 0.2509
v -0.6151 -0.9705 0.4211
v 1.8552 -0.7502 0.3207
v -1.1515 0.8873 0.2784
v -0.5593 -0.9742 0.4247
v 1.9229 -0.7441 0.3352
v -1.9984 -0.3485 0.1199
v -0.5030 -0.9771 0.4271
v -1.1037 0.8962 0.3019
v -1.9608 -0.3608 0.1951
v -1.9167 -0.3677 0.2574
v 1.9926 -0.7354 0.3330
v -1.0553 0.9048 0.3219
v -0.4465 -0.9791 0.4284
v -1.8674 -0.3698 0.3072
v 2.0602 -0.7256 0.3132
v -1.0061 0.9133 0.3389
v -0.3899 -0.9801 0.4284
v -1.8146 -0.3678 0.3458
v -0.9562 0.9215 0.3533
v 2.1218 -0.7162 0.2729
v -1.7597 -0.3626 0.3750
v -0.3332 -0.9803 0.4273
v -0.9055 0.9294 0.3655
v -1.7044 -0.3549 0.3967
v 2.1725 -0.7090 0.2081
v -0.8542 0.9370 0.3759
v 2.2076 -0.7065 0.1164
v -1.6499 -0.3459 0.4126
v -1.1293 0.9335 0.1126
v -0.8021 0.9441 0.3848
v -1.5969 -0.3367 0.4245
v -1.0827 0.9452 0.1463
v -0.7495 0.9507 0.3922
v -1.5462 -0.3281 0.4337
v -1.0353 0.9557 0.1764
v -0.6963 0.9567 0.3984
v -1.4977 -0.3211 0.4417
v -1.4516 -0.3163 0.4494
v -0.9872 0.9653 0.2022
v -0.6425 0.9621 0.4035
v -1.8148 0.5322 0.1289
v -1.4073 -0.3141 0.4577
v -0.9383 0.9743 0.2237
v -1.7702 0.5404 0.1942
v -0.5883 0.9669 0.4075
v -1.3644 -0.3146 0.4668
v -0.8887 0.9826 0.2424
v -1.7207 0.5417 0.2466
v -1.3224 -0.3178 0.4765
v -0.8385 0.9903 0.2585
v -0.5336 0.9711 0.4107
v -1.6685 0.5379 0.2863
v -1.2807 -0.3235 0.4863
v -0.7877 0.9972 0.2723
v -1.6156 0.5308 0.3155
v -0.4786 0.9746 0.4130
v -1.2387 -0.3314 0.4958
v -1.5635 0.5222 0.3368
v -0.7363 1.0035 0.2838
v -0.4233 0.9774 0.4145
v -1.1959 -0.3408 0.5046
v -1.5131 0.5139 0.3531
v 1.7176 -0.7817 0.1412
v -0.6844 1.0091 0.2934
v -1.4649 0.5072 0.3671
v -1.1518 -0.3515 0.5124
v -0.3676 0.9794 0.4150
v -1.4188 0.5031 0.3811
v 1.7625 -0.7917 0.2181
v -0.6322 1.0141 0.3010
v -1.1060 -0.3627 0.5192
v -1.3747 0.5020 0.3962
v -1.5838 -0.6944 0.0956
v 1.8175 -0.7955 0.2728
v -1.3321 0.5042 0.4127
v -0.5795 1.0185 0.3071
v -0.3118 0.9807 0.4146
v -1.0586 -0.3741 0.5251
v -1.5441 -0.7101 0.1556
v -1.2902 0.5096 0.4297
v -1.5025 -0.7228 0.2106
v 1.8805 -0.7943 0.3067
v -1.2485 0.5179 0.4462
v -1.0092 -0.3854 0.5301
v -1.4596 -0.7335 0.2579
v -0.5266 1.0222 0.3121
v -0.2559 0.9811 0.4130
v -1.2063 0.5285 0.4612
v 1.9488 -0.7890 0.3218
v -1.4156 -0.7429 0.2976
v -0.9581 -0.3962 0.5343
v -1.1629 0.5410 0.4743
v -0.4732 1.0253 0.3160
v -0.1999 0.9806 0.4103
v -1.1182 0.5547 0.4855
v -1.3707 -0.7514 0.3309
v -0.9052 -0.4064 0.5379
v 2.0189 -0.7808 0.3187
v -1.0717 0.5689 0.4948
v -1.3251 -0.7595 0.3588
v -0.4196 1.0276 0.3187
v -0.1441 0.9792 0.4063
v -0.8506 -0.4158 0.5409
v -1.0236 0.5832 0.5027
v 2.0864 -0.7711 0.2961
v -1.2787 -0.7674 0.3821
v -0.9737 0.5971 0.5091
v -0.7945 -0.4243 0.5434
v -0.0885 0.9769 0.4010
v -0.3657 1.0292 0.3198
v 2.1465 -0.7615 0.2508
v -0.9221 0.6103 0.5146
v -1.2316 -0.7753 0.4017
v 2.1940 -0.7542 0.1790
v -0.7371 -0.4320 0.5455
v -0.8690 0.6227 0.5191
v -1.1837 -0.7833 0.4182
v -0.0332 0.9735 0.3941
v -0.3117 1.0300 0.3193
v 2.2234 -0.7519 0.0805
v -0.8145 0.6341 0.5228
v -1.1349 -0.7914 0.4322
v -0.6785 -0.4388 0.5472
v 0.0216 0.9691 0.3855
v -0.2575 1.0299 0.3172
v -1.0853 -0.7996 0.4441
v -0.7587 0.6444 0.5260
v -0.6188 -0.4448 0.5486
v 0.0758 0.9636 0.3750
v -0.2033 1.0287 0.3134
v -1.0347 -0.8079 0.4542
v -0.1493 1.0266 0.3077
v 0.1293 0.9571 0.3622
v -0.7019 0.6538 0.5286
v -0.9832 -0.8160 0.4629
v -0.5583 -0.4500 0.5497
v -0.0955 1.0233 0.3001
v -0.4971 -0.4544 0.5506
v -0.9306 -0.8240 0.4703
v -0.6441 0.6621 0.5307
v 0.1820 0.9495 0.3469
v -0.8772 -0.8316 0.4766
v -0.0420 1.0189 0.2903
v -0.4353 -0.4582 0.5512
v -0.8228 -0.8388 0.4819
v -0.5855 0.6693 0.5324
v -0.7675 -0.8454 0.4864
v 0.2336 0.9408 0.3287
v 0.0109 1.0133 0.2782
v -0.3731 -0.4612 0.5517
v -0.7115 -0.8515 0.4901
v -0.6547 -0.8569 0.4931
v 0.0633 1.0066 0.2635
v -0.3107 -0.4637 0.5519
v -0.5262 0.6757 0.5338
v -0.5973 -0.8616 0.4955
v 0.2842 0.9310 0.3072
v -0.5394 -0.8656 0.4972
v 0.1149 0.9986 0.2460
v -0.2481 -0.4656 0.5520
v -0.4812 -0.8688 0.4983
v -0.4664 0.6811 0.5348
v 0.3335 0.9200 0.2823
v 0.1656 0.9893 0.2254
v -0.1856 -0.4670 0.5519
v -0.4487 1.0036 0.3711
v -0.4226 -0.8712 0.4988
v 0.2153 0.9787 0.2009
v -0.1232 -0.4679 0.5516
v -0.3638 -0.8728 0.4988
v -0.4061 0.6856 0.5355
v 0.3815 0.9079 0.2536
v -0.3941 1.0058 0.3725
v -0.0611 -0.4684 0.5512
v -0.3050 -0.8736 0.4981
v -0.3392 1.0072 0.3726
v 0.2638 0.9668 0.1726
v 0.4282 0.8947 0.2212
v -0.3456 0.6894 0.5359
v -0.2462 -0.8737 0.4968
v 0.0006 -0.4684 0.5505
v -0.1876 -0.8729 0.4948
v -0.2841 1.0077 0.3715
v 0.0619 -0.4681 0.5497
v 0.3110 0.9534 0.1404
v -0.2849 0.6923 0.5360
v -0.1293 -0.8714 0.4921
v 0.1225 -0.4674 0.5486
v -0.2291 1.0074 0.3689
v -0.0714 -0.8692 0.4886
v 0.3568 0.9387 0.1057
v -0.2241 0.6944 0.5359
v 0.1824 -0.4664 0.5473
v -0.0139 -0.8662 0.4843
v -0.1740 1.0061 0.3649
v 0.2415 -0.4650 0.5457
v 0.0429 -0.8624 0.4789
v -0.1634 0.6959 0.5354
v 0.4012 0.9228 0.0657
v -0.1192 1.0038 0.3592
v 0.2997 -0.4634 0.5438
v 0.0991 -0.8578 0.4723
v -0.0646 1.0004 0.3519
v -0.1028 0.6966 0.5346
v 0.1544 -0.8524 0.4645
v 0.3569 -0.4615 0.5415
v 0.2089 -0.8463 0.4550
v -0.0104 0.9960 0.3426
v 0.4130 -0.4593 0.5388
v -0.0426 0.6967 0.5335
v 0.2623 -0.8393 0.4437
v 0.0432 0.9905 0.3311
v 0.4680 -0.4568 0.5356
v 0.3147 -0.8314 0.4303
v 1.7456 -0.8213 0.1188
v 0.0173 0.6962 0.5320
v 0.3658 -0.8227 0.4142
v 0.0962 0.9838 0.3173
v 0.5218 -0.4541 0.5318
v 1.7889 -0.8332 0.1991
v 0.4157 -0.8130 0.3952
v 0.5743 -0.4512 0.5274
v 0.1484 0.9759 0.3007
v 0.0767 0.6950 0.5301
v 0.4641 -0.8024 0.3726
v 0.6255 -0.4480 0.5222
v 0.5111 -0.7907 0.3461
v 1.8433 -0.8386 0.2561
v 0.1354 0.6932 0.5278
v 0.1996 0.9669 0.2810
v 0.6754 -0.4445 0.5161
v 0.5565 -0.7779 0.3149
v 0.6003 -0.7639 0.2787
v 0.7239 -0.4407 0.5090
v 1.9065 -0.8386 0.2917
v 0.1934 0.6909 0.5249
v 0.2497 0.9566 0.2577
v 0.6424 -0.7488 0.2367
v 0.7711 -0.4367 0.5006
v 1.9753 -0.8342 0.3070
v 0.6828 -0.7322 0.1896
v 0.2506 0.6880 0.5215
v 0.8170 -0.4323 0.4908
v 0.2987 0.9451 0.2305
v 0.7216 -0.7141 0.1365
v 0.8615 -0.4276 0.4793
v 0.7586 -0.6944 0.0795
v 0.3069 0.6846 0.5173
v 0.9049 -0.4223 0.4659
v 0.3463 0.9323 0.2000
v 2.0457 -0.8264 0.3022
v 0.9470 -0.4166 0.4502
v 0.3621 0.6806 0.5124
v 0.3926 0.9184 0.1654
v 0.9880 -0.4101 0.4320
v 2.1127 -0.8166 0.2757
v 1.0279 -0.4028 0.4108
v 0.4163 0.6762 0.5066
v 1.0669 -0.3945 0.3863
v 0.4375 0.9031 0.1276
v 2.1706 -0.8066 0.2241
v 1.1049 -0.3849 0.3583
v 0.4694 0.6713 0.4997
v 1.1419 -0.3738 0.3268
v 0.4810 0.8867 0.0866
v 2.2135 -0.7989 0.1443
v 1.1778 -0.3611 0.2926
v 0.5213 0.6659 0.4916
v 1.2124 -0.3465 0.2592
v 1.2788 -0.3413 0.2564
v 0.5719 0.6600 0.4820
v 1.3158 -0.3536 0.2940
v 1.3575 -0.3625 0.3312
v 0.6213 0.6537 0.4706
v 1.4040 -0.3677 0.3631
v 1.4552 -0.3693 0.3888
v 0.6695 0.6468 0.4572
v 1.5110 -0.3672 0.4081
v 1.5708 -0.3618 0.4211
v 0.7163 0.6393 0.4414
v 1.6339 -0.3535 0.4279
v 1.6220 -0.6911 0.1088
v 1.6992 -0.3429 0.4282
v 0.7619 0.6312 0.4227
v 1.6620 -0.7036 0.1918
v 1.7655 -0.3311 0.4211
v 0.8062 0.6224 0.4006
v 1.7107 -0.7096 0.2577
v 1.8311 -0.3191 0.4051
v 1.7672 -0.7102 0.3047
v 0.8492 0.6128 0.3747
v 1.8939 -0.3084 0.3776
v 1.7786 0.9108 0.0744
v 1.8302 -0.7064 0.3341
v 1.9518 -0.3005 0.3353
v 1.8178 0.9256 0.1610
v 1.8976 -0.6994 0.3474
v 0.8911 0.6025 0.3444
v 2.0023 -0.2970 0.2749
v 1.8703 0.9340 0.2248
v 2.0431 -0.2991 0.1939
v 0.9319 0.5912 0.3092
v 1.9335 0.9366 0.2625
v 1.9667 -0.6902 0.3456
v 2.0719 -0.3081 0.0937
v 0.9717 0.5787 0.2685
v 2.0344 -0.6801 0.3278
v 2.0029 0.9332 0.2746
v 1.0106 0.5650 0.2212
v 2.0968 -0.6708 0.2913
v 2.1498 -0.6637 0.2324
v 1.0487 0.5496 0.1666
v 2.1890 -0.6611 0.1484
v 1.0860 0.5322 0.1026
v 2.0723 0.9244 0.2613
v 2.1345 0.9119 0.2188
v -2.0604 -0.2920 0.0615
v -2.0293 -0.3083 0.1408
v -1.9905 -0.3185 0.2125
v 2.1812 0.8996 0.1405
v -1.9448 -0.3236 0.2719
v -1.8937 -0.3242 0.3186
v -1.8388 -0.3208 0.3541
v -1.7817 -0.3143 0.3802
v -1.7240 -0.3053 0.3986
v -1.6671 -0.2949 0.4112
v 1.4384 0.5360 0.1732
v -1.6577 -0.6477 0.0851
v -1.6123 -0.2841 0.4193
v -1.6184 -0.6636 0.1487
v 1.4801 0.5466 0.2473
v -1.5771 -0.6759 0.2069
v -1.5600 -0.2739 0.4245
v 1.5285 0.5518 0.3042
v -1.5343 -0.6857 0.2568
v -1.5107 -0.2654 0.4284
v -1.4904 -0.6938 0.2993
v 1.5828 0.5523 0.3458
v -1.4640 -0.2591 0.4327
v -1.4457 -0.7007 0.3347
v 1.6424 0.5488 0.3742
v -1.4003 -0.7072 0.3640
v -1.4197 -0.2554 0.4388
v 1.7064 0.5420 0.3912
v 1.7498 0.8720 0.1024
v -1.3773 -0.2546 0.4475
v -1.3544 -0.7136 0.3883
v 1.7732 0.5328 0.3981
v 1.7913 0.8852 0.1824
v -1.3362 -0.2566 0.4584
v -1.3080 -0.7201 0.4086
v 1.8446 0.8917 0.2428
v 1.8414 0.5222 0.3952
v -1.2958 -0.2612 0.4706
v -1.2610 -0.7270 0.4256
v 1.9074 0.8927 0.2797
v -1.2134 -0.7342 0.4399
v -1.2555 -0.2682 0.4830
v 1.9088 0.5114 0.3816
v 1.9761 0.8889 0.2935
v -1.1650 -0.7419 0.4521
v 1.9731 0.5015 0.3556
v -1.1157 -0.7499 0.4624
v 0.8158 0.6517 0.3417
v 2.0457 0.8807 0.2841
v -1.0655 -0.7581 0.4713
v 2.0319 0.4938 0.3145
v -1.0144 -0.7663 0.4789
v 2.0823 0.4896 0.2551
v 0.8574 0.6398 0.3065
v 2.1099 0.8697 0.2483
v 2.1214 0.4901 0.1757
v -0.9622 -0.7745 0.4855
v 0.8979 0.6268 0.2659
v 2.1465 0.4966 0.0791
v -0.9091 -0.7825 0.4911
v 2.1616 0.8583 0.1801
v -0.8549 -0.7902 0.4959
v -0.7998 -0.7973 0.5000
v 0.9372 0.6126 0.2195
v 2.1932 0.8514 0.0744
v -0.7438 -0.8040 0.5034
v -0.6870 -0.8100 0.5062
v 0.9755 0.5968 0.1677
v -0.6295 -0.8153 0.5085
v 1.0130 0.5792 0.1083
v -0.5713 -0.8199 0.5103
v -0.5127 -0.8238 0.5115
v -0.4537 -0.8269 0.5123
v -1.0477 0.9637 0.0689
v -0.3945 -0.8292 0.5126
v -1.0007 0.9752 0.1020
v -0.3351 -0.8308 0.5124
v -0.9529 0.9857 0.1279
v -0.2756 -0.8316 0.5117
v -0.9043 0.9954 0.1504
v -0.8551 1.0040 0.1711
v -0.2163 -0.8317 0.5105
v -0.8053 1.0116 0.1891
v -0.1572 -0.8310 0.5087
v -0.7549 1.0186 0.2043
v -0.0983 -0.8296 0.5063
v -0.7040 1.0247 0.2171
v -1.7839 0.5687 0.0894
v -0.0399 -0.8275 0.5032
v -0.6527 1.0300 0.2275
v -1.7424 0.5804 0.1606
v 0.0180 -0.8246 0.4994
v -0.6011 1.0347 0.2355
v -1.6959 0.5852 0.2192
v 0.0752 -0.8211 0.4948
v -1.6465 0.5849 0.2658
v -0.5491 1.0387 0.2421
v -1.4338 -0.7850 0.0993
v -1.5960 0.5811 0.3021
v 0.1317 -0.8168 0.4891
v -0.4969 1.0421 0.2479
v -1.5457 0.5757 0.3304
v 1.4680 0.5745 0.1344
v -1.3927 -0.8009 0.1534
v 0.1874 -0.8118 0.4822
v -1.4966 0.5703 0.3532
v -0.4443 1.0447 0.2524
v 1.5077 0.5869 0.2159
v 0.2422 -0.8061 0.4740
v -1.4491 0.5661 0.3727
v -0.3915 1.0466 0.2549
v 1.5546 0.5937 0.2794
v -1.4031 0.5641 0.3904
v -1.3501 -0.8149 0.2009
v 0.2959 -0.7996 0.4641
v -1.3586 0.5648 0.4073
v -0.3384 1.0476 0.2555
v 1.6080 0.5955 0.3265
v -1.3149 0.5684 0.4234
v 0.3484 -0.7923 0.4523
v 1.6672 0.5929 0.3591
v -1.2716 0.5747 0.4385
v -0.2852 1.0478 0.2543
v -1.2281 0.5834 0.4524
v -1.3062 -0.8273 0.2421
v 0.3998 -0.7842 0.4383
v 1.7311 0.5868 0.3790
v -1.1839 0.5940 0.4648
v -0.2319 1.0469 0.2509
v -1.1387 0.6061 0.4756
v 0.4498 -0.7752 0.4215
v -1.1749 0.9204 0.0766
v 1.7983 0.5782 0.3876
v -1.0922 0.6190 0.4849
v -0.1788 1.0450 0.2454
v 0.4984 -0.7654 0.4015
v -1.0442 0.6322 0.4928
v -1.2612 -0.8385 0.2777
v -0.1258 1.0418 0.2379
v 1.8668 0.5681 0.3853
v -0.9946 0.6453 0.4995
v 0.5456 -0.7546 0.3778
v -0.0731 1.0376 0.2282
v 0.5912 -0.7429 0.3498
v -0.9436 0.6581 0.5052
v 1.9345 0.5576 0.3715
v -0.0209 1.0321 0.2159
v 0.6352 -0.7301 0.3168
v -1.2151 -0.8490 0.3080
v -0.8912 0.6702 0.5101
v 0.0307 1.0253 0.2006
v -1.7124 0.6182 0.1203
v 0.6776 -0.7162 0.2786
v 1.9990 0.5481 0.3443
v -0.8374 0.6815 0.5141
v -1.6689 0.6271 0.1849
v 0.0817 1.0172 0.1830
v 0.7183 -0.7010 0.2343
v -1.6222 0.6307 0.2378
v 0.1318 1.0078 0.1617
v -1.1681 -0.8590 0.3339
v -0.7825 0.6919 0.5176
v 2.0572 0.5407 0.3009
v 0.7575 -0.6844 0.1840
v -1.5740 0.6307 0.2807
v 0.1809 0.9970 0.1379
v -1.5254 0.6288 0.3153
v 0.7951 -0.6663 0.1276
v 0.2289 0.9848 0.1085
v 2.1063 0.5367 0.2383
v -0.7264 0.7013 0.5204
v -1.4775 0.6265 0.3437
v 0.8311 -0.6461 0.0675
v 2.1428 0.5372 0.1550
v -1.4304 0.6250 0.3675
v -0.6694 0.7098 0.5228
v -1.3844 0.6252 0.3881
v -0.6117 0.7173 0.5248
v -1.3393 0.6275 0.4064
v -1.2945 0.6322 0.4227
v -0.5532 0.7238 0.5264
v -1.2498 0.6390 0.4373
v -1.2048 0.6478 0.4502
v -0.4941 0.7295 0.5276
v -1.1590 0.6580 0.4614
v 0.2756 0.9710 0.0773
v -1.1122 0.6693 0.4712
v -0.4346 0.7343 0.5284
v -1.0642 0.6812 0.4796
v -0.3747 0.7382 0.5289
v -0.3146 0.7413 0.5291
v 1.5919 -0.6537 0.1408
v 1.6344 -0.6642 0.2177
v -0.2544 0.7437 0.5290
v 1.6848 -0.6685 0.2777
v 1.7423 -0.6677 0.3204
v -0.1942 0.7452 0.5285
v 1.8055 -0.6628 0.3469
v 1.8726 -0.6548 0.3589
v -0.1341 0.7461 0.5277
v 1.9414 -0.6451 0.3571
v -0.0742 0.7462 0.5264
v 2.0088 -0.6348 0.3406
v -0.0147 0.7456 0.5248
v 2.0717 -0.6253 0.3070
v 2.1263 -0.6182 0.2526
v 2.1687 -0.6154 0.1743
v 0.0444 0.7443 0.5226
v 2.1949 -0.6189 0.0733
v 0.1029 0.7424 0.5199
v 0.1607 0.7399 0.5167
v 0.2178 0.7367 0.5127
v 0.2740 0.7329 0.5079
v -1.6923 -0.6162 0.1344
v -1.6514 -0.6288 0.1968
v -1.6084 -0.6381 0.2504
v -1.5642 -0.6450 0.2957
v 0.3291 0.7285 0.5022
v -1.5192 -0.6503 0.3334
v -1.4737 -0.6549 0.3645
v 0.3833 0.7236 0.4954
v -1.4278 -0.6593 0.3902
v -1.3818 -0.6639 0.4114
v -1.3354 -0.6690 0.4290
v 0.4363 0.7181 0.4874
v -1.2886 -0.6748 0.4439
v -1.2414 -0.6813 0.4564
v 0.4882 0.7120 0.4779
v -1.1935 -0.6885 0.4671
v 1.8444 0.9664 0.1406
v 1.8996 1.0511 0.1015
v -1.1448 -0.6963 0.4763
v 0.5388 0.7054 0.4667
v 1.8964 0.9773 0.2061
v 1.9528 1.0663 0.1573
v -1.0150 0.6933 0.4868
v -1.0952 -0.7045 0.4842
v 1.9605 0.9815 0.2428
v 2.0180 1.0722 0.1841
v 0.5882 0.6982 0.4535
v -1.0447 -0.7130 0.4911
v -0.9930 -0.7215 0.4970
v 2.0305 0.9784 0.2520
v 0.6363 0.6904 0.4379
v 2.0866 1.0684 0.1838
v -0.9644 0.7052 0.4930
v -0.9403 -0.7299 0.5021
v 0.6831 0.6819 0.4194
v 2.0993 0.9685 0.2341
v 2.1502 1.0560 0.1573
v -0.8865 -0.7380 0.5065
v 0.7287 0.6726 0.3976
v -0.8317 -0.7458 0.5103
v 2.1585 0.9543 0.1848
v 2.1992 1.0384 0.0971
v -0.7759 -0.7530 0.5135
v 0.7729 0.6626 0.3719
v -0.9126 0.7167 0.4983
v -0.7192 -0.7596 0.5162
v 2.1987 0.9414 0.0981
v -0.6617 -0.7656 0.5184
v -0.4854 -0.7791 0.5225
v -0.6035 -0.7708 0.5202
v -1.1201 -0.8686 0.3560
v -0.5447 -0.7754 0.5216
v -0.4257 -0.7821 0.5230
v -0.8595 0.7276 0.5028
v -1.0712 -0.8778 0.3747
v -0.3658 -0.7844 0.5232
v -0.3058 -0.7859 0.5229
v -0.2459 -0.7867 0.5222
v -0.1860 -0.7868 0.5211
v -0.8053 0.7378 0.5067
v -0.1264 -0.7862 0.5195
v -0.0671 -0.7849 0.5174
v -0.0083 -0.7829 0.5147
v 0.4735 0.8804 0.1852
v 0.0500 -0.7803 0.5114
v -0.7501 0.7471 0.5099
v -0.6939 0.7555 0.5127
v 1.8709 1.0085 0.1207
v 1.9237 1.0218 0.1851
v 0.5174 0.8647 0.1453
v 1.9887 1.0273 0.2180
v 2.0589 1.0240 0.2231
v -0.6370 0.7631 0.5150
v -0.5916 1.0547 0.0691
v 2.1259 1.0129 0.2005
v -0.5413 1.0593 0.0751
v 2.1806 0.9967 0.1456
v -0.4908 1.0629 0.0852
v -0.4400 1.0656 0.0936
v 0.5600 0.8479 0.1017
v -0.3891 1.0678 0.0953
v -0.3379 1.0688 0.0957
v -0.2866 1.0686 0.0960
v -0.2354 1.0673 0.0928
v -0.8708 1.0103 0.0679
v -0.5793 0.7698 0.5168
v -0.1843 1.0649 0.0841
v -0.8219 1.0190 0.0945
v -0.1334 1.0610 0.0789
v -0.7726 1.0271 0.1106
v -0.0829 1.0559 0.0681
v -0.7227 1.0340 0.1273
v -0.6724 1.0400 0.1413
v -0.6217 1.0453 0.1510
v -0.5707 1.0497 0.1591
v -0.5195 1.0535 0.1667
v -0.5210 0.7756 0.5182
v -0.4680 1.0566 0.1738
v -0.4163 1.0589 0.1783
v -0.3642 1.0603 0.1800
v -0.3120 1.0608 0.1800
v -0.2597 1.0603 0.1778
v -0.2075 1.0587 0.1727
v -0.1554 1.0558 0.1656
v -0.4623 0.7805 0.5193
v -0.1037 1.0517 0.1567
v -0.0523 1.0463 0.1447
v -0.0014 1.0397 0.1300
v 0.0488 1.0316 0.1121
v 0.0982 1.0222 0.0925
v 0.1466 1.0113 0.0680
v -0.4032 0.7846 0.5199
v -0.2246 0.7920 0.5196
v -0.1650 0.7929 0.5187
v -0.3438 0.7879 0.5202
v 2.0163 1.1364 0.0658
v 2.0731 1.1391 0.0648
v -0.1056 0.7931 0.5173
v -0.0465 0.7925 0.5155
v -0.2842 0.7903 0.5201
v 0.0123 0.7911 0.5130
v 0.7401 -0.2140 0.5364
v 1.9304 1.0913 0.0707
v 1.9838 1.1069 0.1171
v 2.0471 1.1120 0.1356
v 2.0233 -0.2189 0.1090
v 2.1109 1.1074 0.1282
v 2.1681 1.0944 0.1000
v 0.7885 -0.2127 0.5329
v 0.8355 -0.2112 0.5289
v -2.1232 -0.2112 0.0956
v -2.0911 -0.2230 0.1712
v -2.0505 -0.2296 0.2370
v 0.8810 -0.2095 0.5245
v -2.0025 -0.2319 0.2907
v -1.9483 -0.2305 0.3324
v 1.2757 -0.2226 0.4573
v -1.8895 -0.2259 0.3631
v 1.3122 -0.2233 0.4556
v 1.3530 -0.2250 0.4550
v 0.9252 -0.2076 0.5197
v -1.8278 -0.2185 0.3841
v 1.3987 -0.2261 0.4560
v 1.4494 -0.2254 0.4576
v -1.7651 -0.2088 0.3968
v 1.5044 -0.2224 0.4587
v -1.7033 -0.1976 0.4021
v 1.5632 -0.2170 0.4580
v 0.9679 -0.2054 0.5145
v -0.9153 -0.0698 0.5367
v 1.6246 -0.2095 0.4542
v -1.6440 -0.1857 0.4007
v 1.6876 -0.2001 0.4457
v -0.8615 -0.0741 0.5421
v 1.7507 -0.1896 0.4303
v -1.5884 -0.1743 0.3931
v -0.8056 -0.0778 0.5462
v 1.8122 -0.1790 0.4044
v 1.7206 0.8335 0.1268
v -0.7481 -0.0810 0.5493
v 1.0093 -0.2028 0.5090
v 1.8703 -0.1700 0.3633
v -1.5368 -0.1648 0.3808
v -1.3725 -0.1131 0.2542
v 1.9224 -0.1648 0.3017
v -0.6890 -0.0836 0.5517
v -1.4890 -0.1578 0.3667
v 1.7648 0.8447 0.2040
v 1.9659 -0.1657 0.2171
v -1.3312 -0.1121 0.2831
v -1.4439 -0.1535 0.3558
v -0.6288 -0.0858 0.5535
v 1.9981 -0.1746 0.1113
v -1.2927 -0.1109 0.3283
v -1.4010 -0.1513 0.3539
v -0.5675 -0.0876 0.5549
v 1.8191 0.8497 0.2605
v 1.0492 -0.1998 0.5034
v -1.3598 -0.1508 0.3650
v -0.5054 -0.0890 0.5560
v -1.2566 -0.1117 0.3783
v -0.4427 -0.0902 0.5568
v -1.3203 -0.1518 0.3870
v -1.2212 -0.1159 0.4228
v -0.3795 -0.0912 0.5575
v -1.2825 -0.1547 0.4148
v -1.1848 -0.1230 0.4575
v 1.0876 -0.1963 0.4977
v -0.3160 -0.0919 0.5579
v 1.8819 0.8495 0.2957
v -1.2453 -0.1601 0.4428
v -1.1463 -0.1320 0.4832
v -1.1843 0.0022 0.2894
v -0.2523 -0.0925 0.5582
v -1.2076 -0.1679 0.4674
v -1.1051 -0.1418 0.5019
v -1.1557 0.0025 0.3887
v -0.1886 -0.0929 0.5583
v -1.0611 -0.1518 0.5155
v 1.9501 0.8451 0.3101
v -1.1215 -0.0003 0.4479
v -1.1684 -0.1775 0.4873
v 1.1247 -0.1922 0.4924
v -1.0142 -0.1614 0.5256
v -2.1538 -0.1679 0.1023
v -0.1250 -0.0932 0.5583
v -1.0824 -0.0043 0.4839
v -1.1272 -0.1882 0.5029
v -2.1219 -0.1774 0.1791
v -0.9647 -0.1703 0.5331
v -2.0812 -0.1823 0.2433
v -1.0391 -0.0084 0.5065
v -1.0835 -0.1992 0.5150
v -0.9128 -0.1783 0.5388
v -2.0326 -0.1836 0.2952
v -0.0617 -0.0934 0.5582
v 1.1605 -0.1877 0.4877
v -0.9922 -0.0122 0.5214
v -0.8587 -0.1855 0.5432
v -1.9773 -0.1819 0.3352
v -1.0372 -0.2101 0.5243
v -0.9422 -0.0155 0.5315
v -0.8028 -0.1918 0.5466
v -1.9170 -0.1774 0.3644
v 2.0197 0.8373 0.3037
v -0.9885 -0.2203 0.5314
v 0.0013 -0.0935 0.5580
v -1.8533 -0.1705 0.3838
v -0.8896 -0.0184 0.5386
v -0.7453 -0.1974 0.5492
v -0.9375 -0.2298 0.5370
v 1.1951 -0.1831 0.4837
v -0.6864 -0.2021 0.5513
v -0.8347 -0.0207 0.5437
v -1.7882 -0.1616 0.3944
v 0.0638 -0.0936 0.5577
v -0.8843 -0.2384 0.5414
v -0.6263 -0.2062 0.5530
v -0.7780 -0.0226 0.5475
v -0.8293 -0.2461 0.5449
v -1.7238 -0.1510 0.3966
v 0.1258 -0.0936 0.5572
v -0.5652 -0.2096 0.5543
v -0.7196 -0.0241 0.5504
v -0.7725 -0.2529 0.5477
v 1.2290 -0.1791 0.4804
v -1.6620 -0.1398 0.3901
v -0.6599 -0.0253 0.5526
v -0.5032 -0.2125 0.5553
v 2.0854 0.8273 0.2739
v 0.1870 -0.0935 0.5566
v -0.7143 -0.2589 0.5499
v -0.5991 -0.0262 0.5543
v -0.4407 -0.2149 0.5560
v -1.6045 -0.1291 0.3742
v -0.6548 -0.2640 0.5516
v 0.2475 -0.0934 0.5559
v -0.5374 -0.0269 0.5555
v -0.3777 -0.2169 0.5566
v -1.5521 -0.1204 0.3483
v 1.2633 -0.1764 0.4777
v -0.5943 -0.2684 0.5530
v -0.4749 -0.0274 0.5565
v -0.3144 -0.2185 0.5570
v 0.3070 -0.0932 0.5550
v -1.5043 -0.1151 0.3146
v -0.5329 -0.2722 0.5541
v -0.4118 -0.0278 0.5573
v 2.1408 0.8171 0.2154
v -1.4594 -0.1134 0.2796
v -0.4708 -0.2754 0.5550
v 0.3656 -0.0930 0.5540
v -0.2509 -0.2198 0.5573
v -0.3484 -0.0281 0.5578
v 1.2995 -0.1756 0.4751
v -1.4156 -0.1134 0.2546
v -0.4081 -0.2780 0.5556
v -0.2848 -0.0283 0.5582
v 0.4232 -0.0928 0.5528
v -0.1875 -0.2208 0.5574
v 1.3389 -0.1760 0.4730
v -0.2210 -0.0285 0.5584
v -0.3451 -0.2802 0.5561
v 0.4797 -0.0925 0.5515
v -0.1241 -0.2215 0.5573
v -0.1573 -0.0285 0.5585
v 1.3826 -0.1765 0.4714
v 2.1793 0.8097 0.1227
v -0.2819 -0.2819 0.5564
v 0.5350 -0.0922 0.5499
v 1.4310 -0.1761 0.4704
v -0.0610 -0.2220 0.5572
v -0.0938 -0.0286 0.5585
v 0.5890 -0.0919 0.5481
v -0.2186 -0.2833 0.5565
v 1.4838 -0.1742 0.4691
v 0.0017 -0.2222 0.5569
v 0.6418 -0.0915 0.5461
v -0.0305 -0.0286 0.5583
v -0.1553 -0.2843 0.5565
v 1.5405 -0.1703 0.4667
v 0.0640 -0.2223 0.5564
v 0.6932 -0.0911 0.5439
v -0.0922 -0.2850 0.5563
v 0.0323 -0.0286 0.5581
v 0.1257 -0.2222 0.5559
v 1.6001 -0.1645 0.4620
v 0.1867 -0.2220 0.5552
v 0.7432 -0.0907 0.5414
v -0.0295 -0.2854 0.5561
v 0.0946 -0.0286 0.5577
v 1.6616 -0.1570 0.4536
v 0.7919 -0.0901 0.5386
v 0.0328 -0.2856 0.5557
v 1.7234 -0.1480 0.4391
v 0.1562 -0.0285 0.5572
v 0.0946 -0.2855 0.5551
v 0.8391 -0.0895 0.5356
v -1.2554 0.8853 0.1117
v 1.7840 -0.1384 0.4150
v -1.2103 0.8980 0.1516
v 0.2171 -0.0285 0.5566
v 0.8848 -0.0888 0.5324
v 0.1558 -0.2853 0.5544
v 0.2468 -0.2217 0.5543
v -1.1643 0.9093 0.1867
v 1.8415 -0.1294 0.3759
v 0.2772 -0.0284 0.5558
v 0.9291 -0.0880 0.5289
v 0.2162 -0.2848 0.5535
v -1.1175 0.9197 0.2175
v 1.8939 -0.1232 0.3147
v 0.9719 -0.0869 0.5252
v 0.2757 -0.2842 0.5524
v -1.0698 0.9293 0.2442
v 0.3364 -0.0284 0.5549
v -1.0214 0.9383 0.2673
v 1.0131 -0.0857 0.5214
v 0.3343 -0.2835 0.5511
v 1.9384 -0.1229 0.2269
v 0.3062 -0.2212 0.5533
v 0.5076 -0.0282 0.5513
v 0.3946 -0.0283 0.5539
v -0.9723 0.9469 0.2868
v 1.0530 -0.0843 0.5176
v -0.9225 0.9551 0.3033
v 0.3920 -0.2826 0.5497
v 1.9715 -0.1313 0.1178
v 0.4517 -0.0283 0.5527
v -0.8720 0.9628 0.3174
v 0.5624 -0.0281 0.5497
v 1.0913 -0.0826 0.5138
v -0.8208 0.9700 0.3295
v 0.4485 -0.2815 0.5479
v 1.1284 -0.0808 0.5101
v 0.6159 -0.0281 0.5479
v -0.7691 0.9766 0.3397
v 1.1644 -0.0789 0.5065
v 0.5039 -0.2804 0.5459
v 0.3645 -0.2206 0.5521
v -0.7167 0.9827 0.3482
v 1.1997 -0.0771 0.5032
v 0.9000 -0.2664 0.5148
v 0.6680 -0.0280 0.5459
v -0.6639 0.9881 0.3551
v 0.5580 -0.2791 0.5435
v 1.2349 -0.0756 0.5000
v 0.9434 -0.2637 0.5085
v 0.7189 -0.0278 0.5437
v -0.6107 0.9929 0.3607
v 1.2710 -0.0748 0.4970
v 0.6109 -0.2777 0.5408
v 0.9854 -0.2606 0.5016
v 1.3090 -0.0746 0.4940
v -0.5571 0.9971 0.3651
v 0.7683 -0.0277 0.5412
v 1.0261 -0.2569 0.4942
v 0.4218 -0.2199 0.5507
v 1.3498 -0.0748 0.4910
v 0.6625 -0.2762 0.5377
v -0.5030 1.0007 0.3686
v 1.0654 -0.2527 0.4865
v 1.3943 -0.0750 0.4879
v 0.8163 -0.0275 0.5385
v 0.7127 -0.2746 0.5342
v 1.4429 -0.0747 0.4846
v 1.1034 -0.2478 0.4789
v 0.8628 -0.0272 0.5356
v 1.4953 -0.0737 0.4807
v 0.7616 -0.2728 0.5302
v 1.5512 -0.0717 0.4754
v 1.1751 -0.2359 0.4661
v 1.1399 -0.2421 0.4718
v 1.6095 -0.0687 0.4677
v 0.9079 -0.0269 0.5325
v 1.6689 -0.0646 0.4558
v 0.8091 -0.2709 0.5256
v 0.4780 -0.2192 0.5490
v 1.7279 -0.0596 0.4372
v 1.2089 -0.2297 0.4620
v 1.2420 -0.2248 0.4594
v 0.9514 -0.0264 0.5292
v 1.7842 -0.0539 0.4071
v 0.8553 -0.2688 0.5205
v 1.8357 -0.0482 0.3564
v 1.8800 -0.0441 0.2690
v 0.9935 -0.0259 0.5258
v 1.8126 -0.0910 0.3909
v -0.0929 -0.1578 0.5579
v 0.5867 -0.2174 0.5449
v 1.9160 -0.0471 0.1345
v 1.8645 -0.0842 0.3328
v 1.0341 -0.0253 0.5223
v 1.9097 -0.0818 0.2421
v -0.0298 -0.1581 0.5577
v 0.6392 -0.2164 0.5424
v 0.5330 -0.2183 0.5471
v 1.9445 -0.0884 0.1213
v 1.0732 -0.0246 0.5188
v 0.0329 -0.1582 0.5574
v 0.6903 -0.2152 0.5396
v 1.1110 -0.0238 0.5153
v 0.0950 -0.1582 0.5570
v 1.1476 -0.0229 0.5120
v 0.1565 -0.1582 0.5564
v 1.1834 -0.0222 0.5087
v -2.1220 -0.0256 0.2807
v -2.2283 -0.0228 0.0841
v 0.2172 -0.1580 0.5557
v 1.2190 -0.0217 0.5055
v -2.1823 -0.1215 0.1049
v -2.2040 -0.0257 0.1625
v 1.2550 -0.0216 0.5024
v 0.2772 -0.1577 0.5548
v -2.1678 -0.0263 0.2279
v -2.0680 -0.0242 0.3219
v 1.2924 -0.0218 0.4993
v -2.1519 -0.1292 0.1811
v 0.3361 -0.1574 0.5538
v 1.3322 -0.0223 0.4962
v 1.3751 -0.0230 0.4930
v -2.2079 -0.0730 0.1005
v -1.8010 -0.0122 0.3853
v -2.1117 -0.1327 0.2448
v 0.3941 -0.1570 0.5526
v 1.4217 -0.0235 0.4895
v -2.1799 -0.0784 0.1766
v -2.0073 -0.0221 0.3526
v 1.4721 -0.0237 0.4855
v -1.7317 -0.0077 0.3730
v -1.1980 -0.0749 0.4034
v -2.1411 -0.0805 0.2404
v 0.4510 -0.1565 0.5513
v 1.5261 -0.0233 0.4804
v 1.5829 -0.0224 0.4734
v -2.0631 -0.1332 0.2959
v -2.0933 -0.0805 0.2916
v -1.1629 -0.0807 0.4494
v 1.6415 -0.0209 0.4631
v -1.6671 -0.0033 0.3422
v 0.5068 -0.1560 0.5497
v 1.7001 -0.0189 0.4474
v 1.7568 -0.0164 0.4226
v -1.9413 -0.0195 0.3734
v -2.0380 -0.0788 0.3311
v 1.8091 -0.0136 0.3814
v -1.1247 -0.0885 0.4806
v -1.6112 -0.0002 0.2822
v 1.8536 -0.0108 0.3088
v 0.5614 -0.1554 0.5479
v -2.0074 -0.1314 0.3351
v -1.9764 -0.0758 0.3600
v 1.8862 -0.0093 0.1696
v -1.0832 -0.0970 0.5018
v -1.5676 -0.0017 0.1750
v 0.6146 -0.1548 0.5458
v -1.9103 -0.0715 0.3791
v -1.0385 -0.1053 0.5166
v -1.9460 -0.1275 0.3636
v -1.8718 -0.0161 0.3846
v -1.6228 -0.0862 0.3572
v 0.6666 -0.1541 0.5435
v -1.8415 -0.0659 0.3887
v -0.9907 -0.1131 0.5272
v -1.5698 -0.0791 0.3162
v -1.7723 -0.0592 0.3882
v -0.9403 -0.1203 0.5348
v 0.7172 -0.1533 0.5408
v -1.8808 -0.1217 0.3823
v -1.5233 -0.0766 0.2561
v -0.8875 -0.1266 0.5405
v -1.7054 -0.0518 0.3753
v 0.7665 -0.1524 0.5379
v -1.4803 -0.0796 0.1817
v -0.8325 -0.1321 0.5448
v -1.6436 -0.0447 0.3458
v 0.8143 -0.1515 0.5347
v -0.7758 -0.1369 0.5480
v -1.8136 -0.1142 0.3918
v -1.5896 -0.0395 0.2919
v 0.8607 -0.1504 0.5311
v -0.7175 -0.1409 0.5506
v -1.3010 -0.0833 0.1668
v 0.9056 -0.1491 0.5273
v -1.5451 -0.0396 0.2052
v -0.6579 -0.1444 0.5525
v -1.2356 -0.0417 0.1756
v -1.2643 -0.0752 0.2506
v -1.7466 -0.1052 0.3918
v -0.5972 -0.1473 0.5541
v -1.2312 -0.0726 0.3373
v 0.9491 -0.1477 0.5232
v -0.5355 -0.1498 0.5552
v -1.2066 -0.0353 0.3034
v 0.9912 -0.1459 0.5188
v -0.4732 -0.1518 0.5562
v -1.6823 -0.0955 0.3812
v 1.0317 -0.1439 0.5143
v -0.4103 -0.1535 0.5569
v -1.1418 -0.0402 0.4456
v 1.2858 -0.1262 0.4882
v -1.1761 -0.0358 0.3903
v 1.5180 -0.1226 0.4744
v -0.3470 -0.1548 0.5574
v 1.0708 -0.1415 0.5098
v 1.3244 -0.1259 0.4855
v -1.1035 -0.0463 0.4806
v 1.5757 -0.1187 0.4692
v 1.3666 -0.1261 0.4829
v 1.6356 -0.1134 0.4610
v 1.1085 -0.1387 0.5055
v 1.6961 -0.1067 0.4477
v -1.0613 -0.0528 0.5033
v 1.4129 -0.1260 0.4804
v 1.7558 -0.0990 0.4262
v 1.1449 -0.1357 0.5014
v 1.4635 -0.1250 0.4778
v -1.0156 -0.0590 0.5186
v -0.2834 -0.1559 0.5577
v -0.9668 -0.0647 0.5291
v 1.1802 -0.1325 0.4976
v -0.1563 -0.1573 0.5580
v 1.2149 -0.1296 0.4942
v -0.2198 -0.1567 0.5579
v 1.2497 -0.1274 0.4911
v 0.6044 -0.3944 0.5317
v 0.6554 -0.3918 0.5272
v 0.7050 -0.3889 0.5219
v 0.7533 -0.3859 0.5158
v 0.8002 -0.3826 0.5087
v 0.8458 -0.3790 0.5005
v 0.8902 -0.3750 0.4910
v 0.9332 -0.3706 0.4801
v 0.9750 -0.3657 0.4676
v 1.0157 -0.3601 0.4535
v 1.0553 -0.3537 0.4376
v 1.0937 -0.3463 0.4201
v 1.1309 -0.3377 0.4017
v 1.1669 -0.3278 0.3840
v 1.2013 -0.3168 0.3707
v -1.9205 -0.2778 0.3269
v -1.8636 -0.2736 0.3597
v 1.2339 -0.3061 0.3677
v 1.2651 -0.3028 0.3701
v -1.8041 -0.2663 0.3830
v 1.2994 -0.3096 0.3713
v 1.3392 -0.3166 0.3827
v -1.7440 -0.2566 0.3984
v 1.3843 -0.3212 0.3982
v 1.4344 -0.3227 0.4133
v 1.4890 -0.3210 0.4257
v -1.6847 -0.2454 0.4073
v -1.0120 -0.2708 0.5297
v 1.5478 -0.3161 0.4343
v 0.1246 -0.3475 0.5532
v -1.6277 -0.2337 0.4109
v -0.9617 -0.2813 0.5351
v 1.6098 -0.3085 0.4384
v -0.9093 -0.2910 0.5395
v 1.6742 -0.2985 0.4371
v -1.5738 -0.2226 0.4106
v -0.8551 -0.2998 0.5430
v 1.7397 -0.2870 0.4294
v -1.5233 -0.2131 0.4081
v -0.7991 -0.3078 0.5458
v 1.8047 -0.2751 0.4132
v -1.4760 -0.2059 0.4060
v 0.1852 -0.3470 0.5523
v 1.8673 -0.2642 0.3859
v -0.7416 -0.3148 0.5481
v 1.9254 -0.2560 0.3438
v -1.4314 -0.2013 0.4070
v 1.9764 -0.2522 0.2832
v -0.6828 -0.3209 0.5500
v -1.3890 -0.1994 0.4133
v 2.0180 -0.2543 0.2023
v 2.0478 -0.2635 0.1035
v -0.6229 -0.3263 0.5515
v -0.5004 -0.3348 0.5536
v -1.3483 -0.1999 0.4253
v 0.2449 -0.3462 0.5512
v -0.5620 -0.3309 0.5527
v -1.3089 -0.2030 0.4415
v -1.2701 -0.2084 0.4593
v -1.2311 -0.2162 0.4764
v -0.4382 -0.3381 0.5543
v -1.1912 -0.2258 0.4915
v 1.0804 -0.3018 0.4604
v 0.3038 -0.3453 0.5498
v -1.1496 -0.2367 0.5042
v 1.1179 -0.2953 0.4491
v -1.1060 -0.2481 0.5146
v 1.1541 -0.2877 0.4388
v -2.0922 -0.2525 0.0808
v -0.3755 -0.3408 0.5548
v 1.1887 -0.2793 0.4310
v -2.0602 -0.2666 0.1580
v -1.0602 -0.2596 0.5230
v -2.0203 -0.2749 0.2265
v 1.2218 -0.2712 0.4273
v 0.3616 -0.3442 0.5482
v -1.9733 -0.2784 0.2829
v -0.1864 -0.3460 0.5554
v 1.2538 -0.2660 0.4265
v 1.2873 -0.2663 0.4253
v -0.3126 -0.3430 0.5552
v 1.3248 -0.2700 0.4258
v -0.1235 -0.3469 0.5552
v 1.3676 -0.2735 0.4300
v -0.0608 -0.3475 0.5550
v 1.4157 -0.2749 0.4363
v 1.4686 -0.2737 0.4425
v 0.4184 -0.3428 0.5463
v 1.5256 -0.2697 0.4470
v 0.0016 -0.3478 0.5545
v -0.2495 -0.3447 0.5553
v 0.0634 -0.3478 0.5540
v 1.5862 -0.2630 0.4485
v 1.7779 -0.2319 0.4216
v 1.6493 -0.2540 0.4458
v 1.8401 -0.2210 0.3947
v 0.4741 -0.3414 0.5441
v 1.7137 -0.2434 0.4376
v 1.8982 -0.2124 0.3528
v 1.9499 -0.2080 0.2918
v 1.9924 -0.2097 0.2094
v 0.8735 -0.3236 0.5084
v 0.6338 -0.3360 0.5351
v 0.5819 -0.3380 0.5386
v 0.9175 -0.3203 0.5007
v 0.5286 -0.3397 0.5415
v 0.9601 -0.3166 0.4919
v 1.0014 -0.3124 0.4822
v 1.0415 -0.3075 0.4717
v 0.7338 -0.3317 0.5265
v 0.6845 -0.3339 0.5311
v 0.8283 -0.3265 0.5153
v 0.7817 -0.3292 0.5213
v -1.1908 -0.9086 0.0881
v -1.4817 -0.7581 0.0886
v -1.5372 -0.7245 0.0859
v -1.6104 -0.6785 0.0857
v -1.4058 -0.8021 0.0862
v -1.3292 -0.8436 0.0806
v -1.7241 -0.6001 0.0973
v -1.8101 -0.5360 0.0854
v -1.9886 -0.3682 0.0762
v -2.0228 -0.3303 0.0821
v -1.8945 -0.4618 0.0840
v -2.1426 -0.1919 0.0664
v -2.1728 -0.1491 0.0667
v -2.1994 -0.1032 0.0676
v -2.2217 -0.0547 0.0613
v -2.2368 0.0176 0.0729
v -1.4504 -0.0895 0.1686
v -1.5477 -0.0167 0.1344
v -1.5036 -0.0615 0.1550
v -1.3917 -0.0992 0.1643
v -1.3470 -0.0979 0.1772
v -1.2139 -0.0186 0.1811
v -1.2559 -0.0570 0.1642
v -0.8721 -1.0224 0.0700
v -1.1269 -0.9366 0.0774
v -1.0001 -0.9838 0.0784
v -0.8223 -1.0341 0.0821
v -0.6933 -1.0603 0.0640
v -0.6427 -1.0674 0.0697
v -0.5919 -1.0732 0.0750
v -0.5409 -1.0776 0.0785
v -0.4899 -1.0806 0.0804
v -0.3530 -1.0819 0.0721
v -0.2850 -1.0781 0.0772
v -0.2341 -1.0739 0.0750
v -0.1326 -1.0615 0.0662
v -0.1833 -1.0684 0.0697
v -0.0195 -1.0406 0.0790
v -2.2252 0.1110 0.0654
v -2.1995 0.1593 0.0658
v -2.1685 0.2027 0.0632
v -2.0905 0.2887 0.0798
v -2.0418 0.3384 0.0760
v -1.9441 0.4285 0.0850
v -1.8594 0.5035 0.0925
v -1.5891 0.0653 0.1371
v -1.5714 0.0224 0.1266
v -1.5897 0.1649 0.1337
v -1.5724 0.2071 0.1203
v -1.5491 0.2464 0.1249
v -1.1693 0.1254 0.1508
v -1.1824 0.1986 0.1919
v -1.2034 0.2379 0.1933
v -1.5204 0.2822 0.1444
v -1.4370 0.3260 0.1564
v -1.3278 0.3222 0.1508
v -1.3914 0.3299 0.1472
v -1.7410 0.6024 0.0937
v -1.5806 0.7179 0.0893
v -1.6324 0.6846 0.0823
v -1.5052 0.7641 0.0887
v -1.4289 0.8065 0.0882
v -1.3044 0.8657 0.0990
v -1.2267 0.8994 0.0900
v -1.1001 0.9460 0.0852
v -0.9229 0.9970 0.0868
v -0.9725 0.9847 0.0786
v -0.7442 1.0343 0.0750
v -0.6433 1.0481 0.0869
v -0.6939 1.0416 0.0847
v -0.3632 1.0699 0.0644
v -0.3124 1.0704 0.0627
v -0.2615 1.0695 0.0649
v 0.0197 1.0396 0.0752
v -0.0309 1.0479 0.0825
v 0.0463 -1.0260 0.0717
v 0.0960 -1.0135 0.0610
v 0.1578 -0.9948 0.0739
v 0.2851 -0.9501 0.0787
v 0.4056 -0.8989 0.0661
v 0.4857 -0.8587 0.0734
v 0.5634 -0.8159 0.0787
v 0.6389 -0.7712 0.0750
v 0.7120 -0.7250 0.0776
v 0.8961 -0.5999 0.0927
v 0.9660 -0.5518 0.0863
v 1.0350 -0.5026 0.0896
v 1.1427 -0.4198 0.1231
v 1.2373 -0.3302 0.2776
v 1.7228 -0.8028 0.0856
v 1.6911 -0.7646 0.0983
v 1.5994 -0.6730 0.0850
v 1.5648 -0.6365 0.0998
v 1.8747 -0.9780 0.0798
v 1.8420 -0.9393 0.0956
v 1.9559 -1.0584 0.0794
v 2.1402 -1.1149 0.0704
v 2.2301 -0.9710 0.0745
v 2.2351 -0.8796 0.0840
v 2.2288 -0.7858 0.0786
v 2.2065 -0.6726 0.0864
v 2.2194 -0.7224 0.0709
v 1.4229 -0.4990 0.1063
v 1.2584 -0.3262 0.2892
v 1.3406 -0.4181 0.1290
v 1.4697 -0.5459 0.0928
v 2.1714 -0.5440 0.0776
v 2.1536 -0.4961 0.0856
v 2.1348 -0.4486 0.0907
v 0.9846 0.5987 0.0925
v 0.9101 0.6462 0.0899
v 1.1829 0.4678 0.1048
v 1.1330 0.5016 0.0976
v 1.0588 0.5508 0.0915
v 0.3265 0.9523 0.0773
v 0.4304 0.9101 0.0698
v 0.5127 0.8723 0.0773
v 0.5934 0.8323 0.0828
v 0.0700 1.0297 0.0692
v 0.1791 1.0021 0.0730
v 0.8353 0.6933 0.0902
v 1.3067 0.4103 0.2066
v 1.3978 0.5085 0.1205
v 1.4432 0.5567 0.0978
v 1.5237 0.6366 0.1006
v 1.8886 0.0327 0.1712
v 1.9179 0.0711 0.1237
v 1.9460 0.1127 0.1030
v 1.9726 0.1557 0.0963
v 1.9983 0.1992 0.0918
v 2.0235 0.2430 0.0882
v 2.0487 0.2868 0.0823
v 2.0730 0.3314 0.0794
v 2.0964 0.3768 0.0774
v 2.1188 0.4225 0.0677
v 2.1568 0.5310 0.0834
v 2.1758 0.5993 0.0733
v 1.5707 0.6856 0.0927
v 1.6493 0.7660 0.0964
v 1.6956 0.8158 0.0918
v 1.8156 0.9489 0.0956
v 2.1828 0.6676 0.0821
v 2.1828 0.7743 0.0947
v 2.1955 0.8826 0.0806
v 1.8747 1.0304 0.0773
v 1.9591 1.1124 0.0676
v 2.1144 1.1309 0.0707
v 2.2048 0.9767 0.0830
v 2.1995 1.0724 0.0663
v 1.8456 0.9889 0.0866
v -1.2187 -0.8971 0.0735
v -2.2400 0.0499 0.0591
v -1.4229 -0.0946 0.1562
v -1.1971 0.0065 0.1752
v -0.3189 -1.0805 0.0704
v 0.0131 -1.0340 0.0676
v -2.0686 0.3127 0.0718
v -1.3546 0.3269 0.1449
v 1.9776 -1.0811 0.0747
v 1.4443 -0.5217 0.0915
v 0.8107 0.7099 0.0694
v 1.4186 0.5324 0.0983
v 1.5446 0.6595 0.0897
v 2.1668 0.5615 0.0733
v 2.1494 1.1216 0.0624
v 2.2099 1.0061 0.0701
v -1.5227 -0.0428 0.1318
v 0.1877 -0.9857 0.0670
v 2.2382 -0.9089 0.0676
v 0.6202 0.8194 0.0653
v 0.2089 0.9936 0.0640
v 1.6699 0.7897 0.0861
v -2.2220 0.0273 -0.1357
v -2.1898 0.0288 -0.2044
v 0.0705 0.7891 -0.5100
v -2.1472 0.0304 -0.2605
v -2.0960 0.0318 -0.3052
v 0.1281 0.7863 -0.5062
v -2.0375 0.0331 -0.3394
v 0.1849 0.7828 -0.5016
v 0.1076 -0.7770 -0.5073
v -1.9728 0.0343 -0.3637
v 0.1644 -0.7731 -0.5024
v 0.2409 0.7787 -0.4961
v 1.2296 0.3386 -0.4237
v -1.9038 0.0355 -0.3781
v 0.2203 -0.7684 -0.4965
v -1.8324 0.0367 -0.3820
v 1.2638 0.3306 -0.4224
v 0.2960 0.7739 -0.4895
v 0.2753 -0.7631 -0.4893
v -1.7613 0.0379 -0.3730
v 1.2978 0.3258 -0.4235
v 0.3292 -0.7572 -0.4807
v -1.6939 0.0391 -0.3457
v 0.3500 0.7684 -0.4816
v 0.3819 -0.7505 -0.4705
v 1.3339 0.3251 -0.4254
v -1.6347 0.0396 -0.2890
v 1.3745 0.3264 -0.4292
v 0.4334 -0.7431 -0.4582
v -1.5894 0.0376 -0.1823
v 0.4029 0.7623 -0.4722
v 1.4205 0.3269 -0.4350
v 0.4836 -0.7349 -0.4435
v 1.4718 0.3254 -0.4411
v 0.5323 -0.7259 -0.4260
v 0.4547 0.7556 -0.4612
v 0.5796 -0.7161 -0.4051
v 1.5276 0.3214 -0.4458
v 0.6254 -0.7055 -0.3802
v 1.5874 0.3149 -0.4477
v 0.5053 0.7482 -0.4481
v 0.6696 -0.6939 -0.3508
v -0.5996 0.2140 -0.5526
v 1.6501 0.3062 -0.4457
v 0.7122 -0.6813 -0.3162
v 0.5546 0.7402 -0.4328
v 1.7145 0.2960 -0.4384
v -0.5380 0.2172 -0.5540
v 0.7533 -0.6676 -0.2759
v 1.7790 0.2850 -0.4238
v 0.7929 -0.6525 -0.2293
v 0.6026 0.7314 -0.4147
v -0.4757 0.2199 -0.5551
v 1.8418 0.2746 -0.3992
v 0.8309 -0.6360 -0.1763
v 1.9007 0.2661 -0.3609
v -0.4129 0.2223 -0.5559
v 0.6493 0.7219 -0.3934
v 0.8675 -0.6177 -0.1182
v 1.9535 0.2613 -0.3050
v -0.3497 0.2243 -0.5565
v 1.9976 0.2617 -0.2284
v 0.6948 0.7115 -0.3684
v -0.2863 0.2260 -0.5569
v -1.1858 0.0347 -0.1354
v 2.0309 0.2689 -0.1313
v 0.7388 0.7003 -0.3390
v -1.1654 0.0403 -0.3010
v -0.2228 0.2274 -0.5571
v -1.1368 0.0410 -0.3994
v 0.7816 0.6880 -0.3046
v -1.1016 0.0399 -0.4564
v 0.8229 0.6745 -0.2647
v -0.1593 0.2285 -0.5572
v -1.0611 0.0384 -0.4902
v 0.8630 0.6598 -0.2190
v -1.0163 0.0369 -0.5112
v -0.0960 0.2294 -0.5572
v 0.9018 0.6437 -0.1679
v -0.9680 0.0358 -0.5248
v -0.9167 0.0349 -0.5341
v 0.9396 0.6260 -0.1105
v -0.8630 0.0343 -0.5405
v -0.0330 0.2300 -0.5570
v -0.8072 0.0340 -0.5452
v -0.7496 0.0339 -0.5487
v 1.5260 -0.6000 -0.0929
v -0.6905 0.0340 -0.5513
v 0.0295 0.2304 -0.5567
v 1.5627 -0.6154 -0.1735
v -0.6302 0.0341 -0.5533
v 1.6073 -0.6242 -0.2434
v -0.5689 0.0343 -0.5548
v 1.6592 -0.6271 -0.2976
v 0.0916 0.2306 -0.5563
v -0.5068 0.0346 -0.5560
v 1.7175 -0.6250 -0.3358
v -0.4440 0.0349 -0.5569
v 1.7809 -0.6191 -0.3594
v -0.3807 0.0352 -0.5575
v -2.0172 0.3563 -0.1036
v 0.1530 0.2305 -0.5557
v -0.3171 0.0355 -0.5580
v 1.8479 -0.6104 -0.3698
v -0.2534 0.0357 -0.5583
v -1.9772 0.3688 -0.1740
v 0.2137 0.2304 -0.5550
v -0.1897 0.0360 -0.5585
v 1.9163 -0.6001 -0.3676
v -1.9290 0.3748 -0.2341
v -0.1260 0.0362 -0.5585
v 0.2736 0.2300 -0.5541
v 1.9835 -0.5894 -0.3519
v -1.8738 0.3745 -0.2800
v 0.3326 0.2296 -0.5531
v 2.0467 -0.5798 -0.3205
v -1.8137 0.3686 -0.3112
v 1.4988 0.6118 -0.1000
v -0.0626 0.0364 -0.5584
v 0.3906 0.2290 -0.5519
v 2.1024 -0.5727 -0.2697
v 1.5362 0.6264 -0.1856
v -1.7509 0.3580 -0.3276
v 2.1471 -0.5697 -0.1962
v 1.5812 0.6350 -0.2547
v 0.4475 0.2283 -0.5506
v 2.1771 -0.5728 -0.1004
v 1.6335 0.6381 -0.3070
v 0.0004 0.0365 -0.5582
v -1.6883 0.3443 -0.3292
v 0.5033 0.2274 -0.5490
v 1.6922 0.6366 -0.3437
v 1.7560 0.6314 -0.3664
v 0.0630 0.0366 -0.5579
v -1.6286 0.3296 -0.3142
v 1.8234 0.6234 -0.3765
v 0.5579 0.2265 -0.5471
v 1.8923 0.6138 -0.3747
v -1.5742 0.3171 -0.2801
v 0.1250 0.0366 -0.5575
v 0.6113 0.2256 -0.5451
v -1.5260 0.3103 -0.2268
v 1.9603 0.6039 -0.3602
v 0.6634 0.2245 -0.5428
v -1.4820 0.3112 -0.1606
v 0.1863 0.0366 -0.5569
v 2.0246 0.5947 -0.3311
v -1.7650 -0.5671 -0.1139
v -1.3007 0.3121 -0.1480
v -1.7252 -0.5809 -0.1798
v 0.7142 0.2234 -0.5401
v -1.6825 -0.5906 -0.2375
v -1.2636 0.3065 -0.2386
v 0.2468 0.0366 -0.5563
v 2.0820 0.5876 -0.2843
v -1.2298 0.3060 -0.3243
v -1.6378 -0.5969 -0.2865
v -1.5921 -0.6010 -0.3271
v -1.1961 0.3121 -0.3913
v 0.7636 0.2223 -0.5372
v 2.1290 0.5839 -0.2169
v -1.1604 0.3227 -0.4380
v -1.5458 -0.6037 -0.3604
v -1.1216 0.3360 -0.4697
v 2.1623 0.5843 -0.1281
v 0.3065 0.0366 -0.5555
v -1.4994 -0.6058 -0.3877
v -1.0795 0.3504 -0.4915
v 0.8116 0.2210 -0.5340
v -1.4531 -0.6080 -0.4101
v -1.0343 0.3649 -0.5068
v -1.4068 -0.6108 -0.4286
v -0.9862 0.3789 -0.5178
v 0.3652 0.0365 -0.5545
v -1.3606 -0.6144 -0.4442
v 0.8583 0.2197 -0.5305
v -0.9356 0.3921 -0.5259
v -0.8828 0.4042 -0.5320
v -1.3142 -0.6191 -0.4573
v -0.8280 0.4152 -0.5367
v -0.7716 0.4251 -0.5403
v -1.2675 -0.6249 -0.4685
v 0.9035 0.2182 -0.5267
v -0.7139 0.4339 -0.5432
v 0.4229 0.0364 -0.5534
v -0.6549 0.4417 -0.5454
v -1.2203 -0.6316 -0.4781
v -0.5949 0.4485 -0.5472
v -1.1724 -0.6393 -0.4864
v 0.9474 0.2166 -0.5226
v 0.4794 0.0362 -0.5521
v -1.1236 -0.6475 -0.4937
v -0.5341 0.4544 -0.5486
v 0.9899 0.2149 -0.5183
v -1.0737 -0.6562 -0.5000
v 0.5348 0.0361 -0.5506
v -1.0228 -0.6651 -0.5055
v 1.0310 0.2128 -0.5138
v -0.4727 0.4594 -0.5496
v -0.9708 -0.6740 -0.5103
v -0.4108 0.4638 -0.5504
v 0.5890 0.0359 -0.5490
v 1.0708 0.2104 -0.5092
v -0.9175 -0.6827 -0.5144
v 1.1093 0.2076 -0.5047
v -0.3486 0.4674 -0.5510
v -0.8632 -0.6910 -0.5180
v 0.6419 0.0357 -0.5471
v 1.1467 0.2043 -0.5004
v -0.8077 -0.6989 -0.5211
v -1.6796 0.6522 -0.0772
v -0.2861 0.4703 -0.5513
v -0.7513 -0.7061 -0.5237
v -1.6393 0.6661 -0.1413
v 0.6934 0.0356 -0.5451
v -1.5952 0.6740 -0.2007
v 1.1831 0.2006 -0.4964
v -0.6939 -0.7127 -0.5259
v -1.5490 0.6779 -0.2501
v -0.2236 0.4726 -0.5515
v -0.6357 -0.7186 -0.5277
v 0.7436 0.0354 -0.5428
v -1.5021 0.6797 -0.2906
v 1.2189 0.1966 -0.4929
v -0.5768 -0.7238 -0.5291
v -1.4551 0.6806 -0.3240
v -0.5173 -0.7282 -0.5302
v 1.2547 0.1927 -0.4898
v -0.1611 0.4744 -0.5514
v 0.7923 0.0353 -0.5402
v -1.4085 0.6818 -0.3519
v -0.4574 -0.7319 -0.5309
v 1.2914 0.1891 -0.4871
v -1.3624 0.6841 -0.3754
v 0.8397 0.0352 -0.5375
v -0.0989 0.4757 -0.5512
v -0.3972 -0.7348 -0.5313
v 1.3299 0.1862 -0.4846
v -1.3167 0.6879 -0.3955
v 1.3715 0.1838 -0.4823
v -0.3367 -0.7370 -0.5313
v 0.8855 0.0350 -0.5346
v -1.2710 0.6934 -0.4128
v 1.4169 0.1814 -0.4800
v -0.0369 0.4765 -0.5508
v -0.2762 -0.7384 -0.5310
v 1.4666 0.1786 -0.4775
v -1.2251 0.7006 -0.4277
v -0.2157 -0.7392 -0.5304
v 0.9299 0.0350 -0.5315
v 1.5204 0.1748 -0.4742
v 0.0247 0.4768 -0.5502
v -1.1788 0.7092 -0.4406
v -0.1554 -0.7393 -0.5294
v 1.5776 0.1699 -0.4692
v -1.1317 0.7190 -0.4517
v 0.9727 0.0349 -0.5282
v -0.0953 -0.7388 -0.5280
v 1.6372 0.1637 -0.4612
v 0.0858 0.4767 -0.5494
v 1.6980 0.1564 -0.4484
v -1.0837 0.7294 -0.4613
v -0.0357 -0.7376 -0.5261
v 1.7582 0.1484 -0.4277
v 1.0141 0.0349 -0.5249
v -1.0347 0.7403 -0.4695
v 1.8162 0.1404 -0.3941
v 0.0235 -0.7358 -0.5238
v 0.1463 0.4763 -0.5484
v 1.0540 0.0348 -0.5215
v 1.8699 0.1341 -0.3403
v -0.9845 0.7512 -0.4765
v 0.0821 -0.7333 -0.5209
v 1.9168 0.1322 -0.2588
v -0.9332 0.7619 -0.4826
v 1.0926 0.0348 -0.5180
v 0.1399 -0.7303 -0.5173
v 0.2060 0.4754 -0.5472
v 1.9535 0.1378 -0.1492
v -0.8807 0.7722 -0.4878
v 0.1970 -0.7267 -0.5130
v 1.1299 0.0346 -0.5147
v -0.8273 0.7819 -0.4923
v 0.2531 -0.7225 -0.5079
v 1.1663 0.0343 -0.5114
v 0.2650 0.4743 -0.5457
v -0.7728 0.7909 -0.4961
v 2.0397 -1.1264 -0.0730
v 0.3082 -0.7176 -0.5017
v 1.2022 0.0338 -0.5082
v -0.7175 0.7992 -0.4994
v 2.1016 -1.1299 -0.0790
v 0.3230 0.4728 -0.5439
v 0.3623 -0.7122 -0.4942
v 1.2381 0.0331 -0.5050
v -0.6614 0.8066 -0.5021
v 0.4151 -0.7061 -0.4853
v 1.2749 0.0321 -0.5020
v -0.6046 0.8133 -0.5043
v 0.3800 0.4710 -0.5418
v 0.4667 -0.6994 -0.4746
v 1.3136 0.0310 -0.4989
v -0.5471 0.8191 -0.5060
v 0.5169 -0.6921 -0.4619
v 0.4360 0.4690 -0.5393
v 1.3549 0.0298 -0.4957
v -0.4892 0.8241 -0.5073
v 0.5658 -0.6840 -0.4466
v 1.3996 0.0286 -0.4923
v -0.4309 0.8283 -0.5082
v 0.4909 0.4667 -0.5364
v 0.6131 -0.6753 -0.4283
v 1.4480 0.0275 -0.4885
v -0.3723 0.8317 -0.5086
v 1.5002 0.0266 -0.4839
v 1.5555 0.0257 -0.4778
v 0.6590 -0.6657 -0.4066
v 1.6132 0.0249 -0.4692
v 1.6718 0.0242 -0.4563
v 1.7295 0.0235 -0.4363
v -0.3134 0.8342 -0.5086
v 0.5446 0.4642 -0.5331
v 0.7034 -0.6554 -0.3807
v 1.7841 0.0228 -0.4040
v 1.8323 0.0220 -0.3487
v 1.8701 0.0213 -0.2410
v 0.7463 -0.6441 -0.3500
v -0.2544 0.8360 -0.5081
v -2.1482 0.2220 -0.0908
v 0.5971 0.4615 -0.5292
v 0.7877 -0.6319 -0.3139
v -0.1955 0.8370 -0.5071
v -2.1149 0.2336 -0.1631
v 0.6484 0.4586 -0.5247
v 0.8276 -0.6184 -0.2718
v -0.1366 0.8371 -0.5056
v 0.8662 -0.6036 -0.2233
v -2.0726 0.2407 -0.2252
v 0.6984 0.4554 -0.5194
v -0.0780 0.8365 -0.5035
v 0.9034 -0.5872 -0.1682
v -2.0219 0.2438 -0.2757
v 0.7471 0.4520 -0.5134
v 0.9394 -0.5691 -0.1037
v -0.0197 0.8351 -0.5008
v -1.9638 0.2434 -0.3138
v 0.7946 0.4484 -0.5065
v 0.0382 0.8330 -0.4973
v 0.8408 0.4445 -0.4985
v -1.8997 0.2395 -0.3394
v 0.8857 0.4403 -0.4894
v 0.0954 0.8300 -0.4930
v -1.8318 0.2324 -0.3519
v 0.9295 0.4357 -0.4790
v -1.7627 0.2227 -0.3496
v 0.1520 0.8263 -0.4877
v -1.6960 0.2114 -0.3277
v 0.9722 0.4307 -0.4672
v 0.2078 0.8218 -0.4813
v -1.6365 0.2005 -0.2758
v 1.0138 0.4252 -0.4539
v -0.4384 -1.0835 -0.0544
v 0.2627 0.8166 -0.4736
v 1.4944 -0.5637 -0.1249
v -2.2309 0.0772 -0.0920
v -0.3875 -1.0835 -0.0550
v -1.5903 0.1939 -0.1739
v 1.0545 0.4190 -0.4391
v 1.5340 -0.5766 -0.2048
v -2.2043 0.0822 -0.1652
v 0.3166 0.8106 -0.4645
v 1.5806 -0.5836 -0.2686
v 1.0942 0.4120 -0.4228
v 1.6337 -0.5852 -0.3170
v -2.1667 0.0855 -0.2270
v 1.1331 0.4041 -0.4055
v 0.3693 0.8039 -0.4536
v 1.6927 -0.5821 -0.3509
v -2.1200 0.0876 -0.2777
v 1.7564 -0.5753 -0.3716
v 1.1711 0.3950 -0.3881
v 0.4210 0.7965 -0.4407
v -2.0652 0.0888 -0.3177
v 1.8233 -0.5659 -0.3803
v 1.2080 0.3847 -0.3728
v 1.2434 0.3737 -0.3636
v 0.4714 0.7883 -0.4256
v -2.0036 0.0891 -0.3475
v 1.8913 -0.5551 -0.3775
v 1.2768 0.3647 -0.3667
v 1.3101 0.3633 -0.3728
v 0.5205 0.7794 -0.4078
v -1.9365 0.0887 -0.3671
v 1.9583 -0.5442 -0.3622
v 1.3471 0.3679 -0.3817
v -1.8658 0.0875 -0.3761
v 2.0216 -0.5343 -0.3322
v 0.5684 0.7698 -0.3870
v 1.3898 0.3721 -0.3956
v -1.7939 0.0857 -0.3729
v 2.0781 -0.5271 -0.2843
v 1.4380 0.3737 -0.4104
v 0.6150 0.7593 -0.3628
v -1.7241 0.0835 -0.3528
v 1.4912 0.3723 -0.4231
v 2.1246 -0.5240 -0.2146
v -1.1650 0.1918 -0.2995
v 0.6602 0.7478 -0.3345
v 1.5489 0.3679 -0.4323
v 2.1577 -0.5266 -0.1221
v -1.6610 0.0810 -0.3065
v -1.1362 0.1967 -0.3976
v 1.6103 0.3608 -0.4372
v -1.1007 0.2046 -0.4539
v 0.7041 0.7353 -0.3015
v -1.6106 0.0779 -0.2162
v -1.0599 0.2136 -0.4872
v 1.6744 0.3514 -0.4368
v -1.0149 0.2228 -0.5081
v 0.7467 0.7217 -0.2633
v 1.7400 0.3406 -0.4302
v -0.9664 0.2316 -0.5217
v -0.9151 0.2399 -0.5310
v 1.8053 0.3293 -0.4157
v 0.7877 0.7068 -0.2192
v -0.8614 0.2475 -0.5377
v 1.8685 0.3187 -0.3908
v -0.8057 0.2544 -0.5425
v 1.9275 0.3104 -0.3523
v -0.7482 0.2607 -0.5461
v 0.8274 0.6903 -0.1699
v -0.6894 0.2662 -0.5488
v 1.9800 0.3057 -0.2966
v -0.6293 0.2711 -0.5509
v 2.0236 0.3061 -0.2207
v 0.8658 0.6724 -0.1138
v -0.5683 0.2754 -0.5525
v -1.8356 -0.5155 -0.0783
v -0.5065 0.2792 -0.5537
v 2.0563 0.3130 -0.1242
v -1.7981 -0.5315 -0.1539
v -0.4441 0.2824 -0.5546
v -1.7564 -0.5426 -0.2174
v -0.3812 0.2852 -0.5553
v -1.7117 -0.5494 -0.2710
v -1.6653 -0.5530 -0.3154
v -0.3180 0.2875 -0.5558
v -1.6179 -0.5543 -0.3516
v -1.5703 -0.5544 -0.3810
v -0.2547 0.2894 -0.5561
v -1.5230 -0.5541 -0.4049
v -1.4761 -0.5541 -0.4244
v -0.1914 0.2909 -0.5563
v -1.4296 -0.5550 -0.4407
v 2.0090 -1.0909 -0.1131
v -1.1704 0.0756 -0.1773
v -1.3835 -0.5571 -0.4545
v -0.1282 0.2921 -0.5563
v 2.0741 -1.0995 -0.1381
v -1.1493 0.0788 -0.3323
v -1.3375 -0.5606 -0.4663
v -1.1188 0.0804 -0.4198
v 2.1396 -1.0928 -0.1155
v -1.2915 -0.5655 -0.4765
v -0.0652 0.2930 -0.5561
v -1.0815 0.0816 -0.4692
v 2.1869 -1.0738 -0.0567
v -1.2451 -0.5718 -0.4854
v -1.0391 0.0827 -0.4984
v -0.9926 0.0841 -0.5166
v -1.1982 -0.5792 -0.4932
v -0.0026 0.2935 -0.5559
v -0.9429 0.0855 -0.5285
v -1.1503 -0.5876 -0.5001
v -0.8903 0.0870 -0.5366
v -0.8356 0.0886 -0.5424
v -1.1015 -0.5965 -0.5061
v 0.0596 0.2938 -0.5555
v -1.9849 0.3929 -0.0732
v -0.7788 0.0901 -0.5466
v -1.0515 -0.6059 -0.5114
v -0.7205 0.0916 -0.5497
v -1.9469 0.4078 -0.1487
v -0.6608 0.0931 -0.5520
v -1.0003 -0.6153 -0.5161
v 0.1211 0.2939 -0.5549
v -0.6000 0.0944 -0.5538
v -1.9004 0.4153 -0.2139
v -0.5382 0.0956 -0.5551
v -0.9478 -0.6245 -0.5201
v 1.5652 0.6652 -0.1552
v -0.4758 0.0968 -0.5562
v -1.8473 0.4161 -0.2641
v 0.1820 0.2937 -0.5542
v -0.8941 -0.6335 -0.5237
v 1.6083 0.6757 -0.2296
v -0.4128 0.0978 -0.5570
v -0.8391 -0.6420 -0.5267
v -1.7894 0.4109 -0.2993
v 1.6593 0.6803 -0.2871
v -0.3494 0.0987 -0.5575
v 0.2422 0.2933 -0.5533
v 1.7173 0.6800 -0.3278
v -0.7831 -0.6499 -0.5293
v -0.2857 0.0994 -0.5579
v -1.7292 0.4007 -0.3201
v -0.7260 -0.6571 -0.5315
v 1.7811 0.6756 -0.3533
v -0.2220 0.1001 -0.5582
v 0.3015 0.2928 -0.5523
v -0.6679 -0.6636 -0.5333
v 1.8486 0.6684 -0.3649
v -0.6091 -0.6694 -0.5348
v -1.6690 0.3875 -0.3273
v -0.1583 0.1006 -0.5583
v 0.3598 0.2920 -0.5511
v 1.9178 0.6594 -0.3632
v -0.5496 -0.6744 -0.5360
v -0.4895 -0.6787 -0.5368
v -1.6112 0.3732 -0.3214
v -0.0948 0.1010 -0.5583
v 0.4171 0.2911 -0.5496
v 1.9859 0.6499 -0.3474
v -1.5574 0.3607 -0.3029
v -0.4290 -0.6822 -0.5374
v -1.5078 0.3519 -0.2751
v -0.3681 -0.6850 -0.5377
v 0.4733 0.2901 -0.5480
v 2.0497 0.6411 -0.3153
v -0.0316 0.1013 -0.5581
v -1.4611 0.3474 -0.2449
v -1.4158 0.3455 -0.2240
v -0.3072 -0.6871 -0.5377
v -1.3720 0.3448 -0.2265
v -1.3305 0.3442 -0.2576
v -0.7703 -1.0462 -0.0687
v 0.5284 0.2890 -0.5461
v -0.2461 -0.6885 -0.5374
v 2.1057 0.6344 -0.2635
v -0.7208 -1.0545 -0.0884
v -1.2917 0.3444 -0.3061
v 0.0312 0.1016 -0.5579
v -0.1852 -0.6892 -0.5368
v -0.6706 -1.0616 -0.1038
v -1.2549 0.3477 -0.3585
v 2.1498 0.6310 -0.1895
v 0.5822 0.2877 -0.5439
v -0.6199 -1.0673 -0.1163
v -1.2187 0.3550 -0.4049
v -0.1245 -0.6893 -0.5359
v 0.0934 0.1017 -0.5575
v 2.1783 0.6316 -0.0944
v -0.5687 -1.0719 -0.1267
v -1.1816 0.3661 -0.4412
v -0.0641 -0.6888 -0.5346
v -0.5172 -1.0753 -0.1333
v 0.6349 0.2863 -0.5414
v -1.1422 0.3797 -0.4682
v -0.4653 -1.0774 -0.1374
v -1.1003 0.3947 -0.4879
v -0.0041 -0.6878 -0.5330
v -0.4133 -1.0782 -0.1391
v 0.1550 0.1017 -0.5570
v -0.3613 -1.0776 -0.1383
v -1.0556 0.4100 -0.5024
v -0.3094 -1.0756 -0.1347
v 0.6862 0.2849 -0.5386
v 0.0554 -0.6861 -0.5309
v -1.0083 0.4250 -0.5132
v -0.2577 -1.0726 -0.1266
v 0.2160 0.1017 -0.5564
v -0.2064 -1.0683 -0.1169
v -0.9586 0.4393 -0.5214
v 0.1142 -0.6839 -0.5283
v -0.1556 -1.0628 -0.1056
v 0.7362 0.2833 -0.5354
v -0.1052 -1.0560 -0.0922
v -0.9066 0.4526 -0.5277
v 0.1722 -0.6812 -0.5253
v -0.0555 -1.0480 -0.0752
v 0.2760 0.1015 -0.5556
v -0.8528 0.4647 -0.5326
v 0.2294 -0.6779 -0.5215
v -0.7973 0.4757 -0.5365
v 0.7848 0.2817 -0.5319
v -0.7403 0.4856 -0.5395
v 0.2857 -0.6741 -0.5170
v -0.6821 0.4943 -0.5420
v 0.3352 0.1013 -0.5547
v 0.3409 -0.6697 -0.5116
v 0.8321 0.2799 -0.5280
v -0.6229 0.5020 -0.5439
v 0.3934 0.1011 -0.5537
v 0.3950 -0.6648 -0.5052
v 0.4479 -0.6594 -0.4974
v 0.8781 0.2780 -0.5236
v -0.5628 0.5087 -0.5455
v 0.4505 0.1008 -0.5525
v 0.4995 -0.6534 -0.4882
v 0.9226 0.2760 -0.5189
v -0.5020 0.5145 -0.5467
v 0.5498 -0.6469 -0.4771
v 0.5065 0.1004 -0.5511
v 0.5987 -0.6398 -0.4639
v -0.4407 0.5194 -0.5476
v 0.9659 0.2737 -0.5138
v 0.6461 -0.6320 -0.4481
v 0.5612 0.1000 -0.5495
v -0.3790 0.5236 -0.5482
v -1.6069 0.7009 -0.0887
v 1.0078 0.2711 -0.5083
v 0.6921 -0.6236 -0.4293
v -1.5651 0.7131 -0.1542
v -1.5209 0.7213 -0.2088
v 0.7366 -0.6145 -0.4068
v -0.3170 0.5270 -0.5487
v 1.0485 0.2681 -0.5027
v 0.6147 0.0996 -0.5477
v -1.4754 0.7267 -0.2551
v 0.7797 -0.6046 -0.3800
v -1.4294 0.7309 -0.2937
v 0.8214 -0.5938 -0.3483
v 1.0879 0.2646 -0.4970
v -0.2548 0.5297 -0.5489
v 0.6670 0.0992 -0.5457
v -1.3833 0.7347 -0.3258
v 0.8618 -0.5820 -0.3110
v 1.1262 0.2606 -0.4914
v -1.3371 0.7390 -0.3526
v -0.1927 0.5318 -0.5489
v 0.9008 -0.5689 -0.2673
v 0.7178 0.0987 -0.5435
v -1.2909 0.7442 -0.3751
v 1.1633 0.2559 -0.4863
v 0.9386 -0.5545 -0.2164
v -0.1306 0.5333 -0.5486
v -1.2445 0.7505 -0.3941
v 0.9753 -0.5383 -0.1582
v 1.1995 0.2508 -0.4819
v 0.7673 0.0983 -0.5410
v -1.1978 0.7580 -0.4102
v 1.0108 -0.5197 -0.0944
v -0.0688 0.5343 -0.5482
v 1.2349 0.2455 -0.4784
v -1.1505 0.7665 -0.4239
v 0.8154 0.0978 -0.5383
v 1.2704 0.2407 -0.4758
v -1.1025 0.7757 -0.4356
v -0.0074 0.5347 -0.5476
v -1.0536 0.7853 -0.4455
v 1.3068 0.2368 -0.4737
v 0.8620 0.0973 -0.5354
v -1.0037 0.7952 -0.4541
v 1.3457 0.2342 -0.4720
v 0.0536 0.5347 -0.5468
v -0.9529 0.8050 -0.4614
v 1.3883 0.2322 -0.4708
v 1.9300 -1.0345 -0.0768
v 0.9072 0.0968 -0.5323
v -0.9011 0.8146 -0.4678
v 1.9799 -1.0507 -0.1453
v 1.4354 0.2300 -0.4698
v 0.1140 0.5342 -0.5457
v -0.8483 0.8237 -0.4732
v 2.0449 -1.0594 -0.1795
v 1.4870 0.2268 -0.4687
v 0.9509 0.0962 -0.5290
v 1.4640 -0.5263 -0.1613
v -0.7946 0.8323 -0.4778
v 1.5428 0.2220 -0.4665
v 0.1738 0.5333 -0.5443
v 2.1149 -1.0573 -0.1742
v 1.5057 -0.5372 -0.2347
v -0.7401 0.8403 -0.4817
v 2.1762 -1.0449 -0.1306
v 1.6019 0.2157 -0.4621
v 1.5541 -0.5425 -0.2928
v 0.9931 0.0956 -0.5256
v 2.2166 -1.0269 -0.0562
v -0.6848 0.8476 -0.4850
v 1.6632 0.2078 -0.4540
v 0.2328 0.5320 -0.5427
v 1.6084 -0.5428 -0.3359
v -0.6289 0.8541 -0.4877
v 1.7253 0.1988 -0.4402
v 1.6681 -0.5388 -0.3656
v 1.0338 0.0949 -0.5221
v 1.7866 0.1893 -0.4175
v -0.5724 0.8599 -0.4899
v 1.7319 -0.5313 -0.3834
v 0.2909 0.5303 -0.5407
v 1.8451 0.1808 -0.3812
v 1.0732 0.0941 -0.5186
v -0.5153 0.8649 -0.4916
v 1.8987 0.1750 -0.3254
v 1.7986 -0.5214 -0.3904
v 1.9446 0.1744 -0.2457
v 0.3481 0.5282 -0.5384
v -0.4579 0.8691 -0.4927
v 1.1113 0.0931 -0.5151
v 1.8664 -0.5102 -0.3868
v 1.9796 0.1813 -0.1437
v -0.4000 0.8725 -0.4934
v 1.1483 0.0918 -0.5116
v 0.4042 0.5259 -0.5356
v 1.9331 -0.4989 -0.3716
v -0.3420 0.8751 -0.4935
v 1.1845 0.0903 -0.5083
v 0.4593 0.5232 -0.5323
v 1.9964 -0.4889 -0.3428
v 1.2204 0.0887 -0.5051
v -0.2837 0.8770 -0.4931
v 2.0534 -0.4815 -0.2969
v 1.2567 0.0868 -0.5020
v -0.2255 0.8780 -0.4921
v 0.5133 0.5203 -0.5285
v 2.1013 -0.4783 -0.2302
v 1.2943 0.0849 -0.4990
v -0.1672 0.8782 -0.4905
v 1.3340 0.0831 -0.4959
v 2.1368 -0.4807 -0.1409
v 0.5660 0.5171 -0.5241
v 1.3767 0.0813 -0.4928
v -0.1091 0.8776 -0.4882
v 1.4231 0.0796 -0.4894
v 0.6176 0.5136 -0.5189
v 1.4732 0.0777 -0.4854
v 1.5270 0.0756 -0.4804
v -0.0513 0.8762 -0.4851
v 1.5837 0.0731 -0.4735
v 1.6422 0.0702 -0.4633
v 0.6678 0.5098 -0.5128
v 1.7010 0.0669 -0.4477
v 1.7582 0.0632 -0.4230
v 0.0061 0.8739 -0.4811
v 1.8115 0.0593 -0.3823
v 0.7168 0.5057 -0.5057
v 1.8583 0.0559 -0.3114
v -0.9484 -1.0007 -0.0718
v 1.8967 0.0558 -0.1906
v 0.0630 0.8708 -0.4762
v 0.7646 0.5014 -0.4975
v -0.9010 -1.0129 -0.0989
v -0.8525 -1.0237 -0.1223
v -0.8032 -1.0332 -0.1444
v 0.8111 0.4967 -0.4880
v -2.1157 0.2627 -0.0751
v 0.1192 0.8668 -0.4702
v -0.7531 -1.0416 -0.1627
v -0.7022 -1.0488 -0.1786
v -1.8686 -0.4797 -0.1159
v -2.0821 0.2770 -0.1483
v 0.8563 0.4917 -0.4770
v -0.6507 -1.0548 -0.1916
v -1.8296 -0.4933 -0.1872
v 0.1747 0.8620 -0.4628
v -0.5987 -1.0596 -0.2017
v -1.7860 -0.5017 -0.2480
v 0.9004 0.4862 -0.4642
v -2.0399 0.2858 -0.2125
v -0.5462 -1.0634 -0.2093
v -1.7393 -0.5059 -0.2977
v -0.4935 -1.0660 -0.2143
v 0.2293 0.8564 -0.4539
v -1.6909 -0.5069 -0.3378
v -1.9894 0.2897 -0.2651
v 0.9434 0.4803 -0.4495
v -0.4405 -1.0675 -0.2170
v -1.6418 -0.5056 -0.3700
v 0.9854 0.4738 -0.4325
v 0.2830 0.8499 -0.4433
v -0.3874 -1.0677 -0.2171
v -1.9318 0.2889 -0.3049
v -1.5927 -0.5032 -0.3958
v -0.3343 -1.0666 -0.2147
v -1.5443 -0.5004 -0.4166
v 1.0264 0.4667 -0.4131
v -1.8685 0.2838 -0.3312
v -0.2814 -1.0644 -0.2094
v 0.3356 0.8427 -0.4307
v -1.4967 -0.4982 -0.4337
v -0.2289 -1.0611 -0.2016
v -1.4499 -0.4971 -0.4481
v 1.0667 0.4587 -0.3909
v -1.8018 0.2749 -0.3436
v -0.1767 -1.0566 -0.1919
v -1.4040 -0.4976 -0.4604
v 0.3870 0.8346 -0.4158
v -2.2088 0.1293 -0.1024
v -0.1249 -1.0510 -0.1799
v 1.1062 0.4497 -0.3659
v -1.3585 -0.4998 -0.4712
v -1.7347 0.2630 -0.3403
v -0.0738 -1.0441 -0.1651
v -2.1782 0.1364 -0.1747
v -0.0233 -1.0362 -0.1480
v 0.4372 0.8257 -0.3983
v -1.3133 -0.5039 -0.4808
v 1.1450 0.4396 -0.3380
v -1.6706 0.2497 -0.3166
v 0.0265 -1.0271 -0.1279
v -2.1378 0.1406 -0.2349
v 0.0755 -1.0169 -0.1021
v -1.2679 -0.5096 -0.4893
v 1.1831 0.4280 -0.3081
v -1.6138 0.2378 -0.2627
v -2.0886 0.1429 -0.2837
v 0.4861 0.8160 -0.3779
v 0.1235 -1.0052 -0.0760
v 1.2204 0.4149 -0.2782
v -1.2220 -0.5168 -0.4970
v -1.5690 0.2324 -0.1621
v 1.2564 0.4005 -0.2524
v -2.0317 0.1435 -0.3217
v -1.1754 -0.5252 -0.5038
v 1.2900 0.3915 -0.2617
v 0.5338 0.8054 -0.3542
v -1.1277 -0.5345 -0.5098
v 1.3238 0.4019 -0.2885
v -1.9683 0.1425 -0.3488
v 0.5801 0.7939 -0.3268
v 1.3634 0.4115 -0.3240
v -1.0789 -0.5442 -0.5151
v 1.4079 0.4176 -0.3565
v -1.8999 0.1399 -0.3651
v 0.6251 0.7814 -0.2952
v -1.0287 -0.5542 -0.5198
v 1.4575 0.4199 -0.3833
v -1.8288 0.1359 -0.3695
v -0.9772 -0.5640 -0.5239
v 1.5121 0.4186 -0.4039
v 0.6688 0.7677 -0.2589
v 1.5710 0.4139 -0.4182
v -1.7578 0.1308 -0.3591
v -0.9243 -0.5736 -0.5275
v 0.7111 0.7528 -0.2176
v 1.6337 0.4064 -0.4261
v -1.6909 0.1250 -0.3269
v -0.8700 -0.5828 -0.5306
v 1.6989 0.3967 -0.4276
v 0.7519 0.7365 -0.1703
v -1.1836 0.2294 -0.2860
v -1.6338 0.1193 -0.2589
v -1.1547 0.2339 -0.3848
v 1.7653 0.3856 -0.4219
v -0.8145 -0.5913 -0.5333
v 0.7913 0.7186 -0.1173
v -1.5952 0.1151 -0.1326
v -1.1201 0.2430 -0.4434
v 1.8313 0.3741 -0.4076
v -0.7578 -0.5992 -0.5355
v -1.0807 0.2539 -0.4790
v 1.8949 0.3636 -0.3827
v -1.0370 0.2653 -0.5016
v 1.9540 0.3554 -0.3440
v -0.7000 -0.6063 -0.5374
v -0.9898 0.2765 -0.5164
v 2.0061 0.3508 -0.2882
v -0.9397 0.2870 -0.5267
v -0.6414 -0.6126 -0.5390
v -0.8871 0.2967 -0.5340
v 2.0491 0.3512 -0.2127
v -0.8323 0.3055 -0.5394
v -0.5819 -0.6182 -0.5403
v -0.7757 0.3134 -0.5434
v 2.0807 0.3580 -0.1183
v -0.5217 -0.6230 -0.5413
v -0.7176 0.3205 -0.5464
v -0.6583 0.3268 -0.5487
v -0.4611 -0.6271 -0.5420
v -0.5979 0.3323 -0.5506
v -0.5366 0.3370 -0.5520
v -0.4000 -0.6304 -0.5424
v -0.4747 0.3412 -0.5530
v -0.3387 -0.6330 -0.5426
v -0.4122 0.3447 -0.5538
v -0.2772 -0.6350 -0.5426
v -0.3494 0.3477 -0.5544
v -0.2158 -0.6363 -0.5423
v -0.1545 -0.6370 -0.5418
v -0.2864 0.3501 -0.5548
v 1.9008 -0.9964 -0.1063
v -0.0934 -0.6371 -0.5409
v 1.5947 0.7035 -0.1239
v 1.6356 0.7159 -0.2038
v 1.9519 -1.0095 -0.1724
v 1.6853 0.7220 -0.2667
v 2.0161 -1.0161 -0.2104
v -0.0327 -0.6366 -0.5398
v -0.2233 0.3521 -0.5550
v -1.1598 0.1155 -0.2556
v 1.7427 0.7229 -0.3116
v 2.0869 -1.0151 -0.2156
v 0.0276 -0.6357 -0.5383
v -1.1343 0.1182 -0.3765
v 1.8062 0.7196 -0.3397
v 2.1543 -1.0061 -0.1870
v -0.1602 0.3537 -0.5551
v 0.0872 -0.6342 -0.5365
v -1.1005 0.1216 -0.4445
v 1.8739 0.7131 -0.3525
v 2.2071 -0.9914 -0.1260
v -1.0606 0.1255 -0.4835
v 0.1462 -0.6322 -0.5343
v -0.0974 0.3548 -0.5550
v -1.0161 0.1295 -0.5071
v 1.9433 0.7047 -0.3505
v 0.2044 -0.6297 -0.5316
v -0.9679 0.1335 -0.5221
v -0.9167 0.1373 -0.5321
v 0.2617 -0.6268 -0.5283
v -0.0348 0.3556 -0.5547
v -0.8630 0.1410 -0.5390
v 2.0113 0.6955 -0.3327
v -0.8073 0.1444 -0.5440
v -1.9163 0.4452 -0.1205
v 0.3180 -0.6234 -0.5244
v -0.7497 0.1476 -0.5476
v 0.0274 0.3561 -0.5543
v -0.6907 0.1505 -0.5504
v 2.0742 0.6870 -0.2962
v 0.3733 -0.6195 -0.5197
v -1.8723 0.4550 -0.1902
v -0.6304 0.1531 -0.5524
v -0.5692 0.1555 -0.5540
v 2.1276 0.6805 -0.2369
v 0.4274 -0.6152 -0.5140
v -1.8217 0.4576 -0.2452
v 0.0891 0.3562 -0.5538
v -0.5071 0.1576 -0.5552
v 2.1671 0.6775 -0.1522
v 0.4803 -0.6104 -0.5073
v -0.4445 0.1594 -0.5562
v -1.7665 0.4538 -0.2853
v -0.3813 0.1610 -0.5568
v 0.1501 0.3560 -0.5530
v 0.5319 -0.6052 -0.4994
v -0.3179 0.1623 -0.5573
v -1.7088 0.4451 -0.3117
v 0.5821 -0.5995 -0.4898
v -0.2542 0.1635 -0.5577
v 0.2104 0.3556 -0.5522
v 0.6310 -0.5932 -0.4784
v -1.6511 0.4331 -0.3259
v -0.1906 0.1644 -0.5578
v -1.5952 0.4200 -0.3298
v 0.6785 -0.5865 -0.4649
v 0.2699 0.3550 -0.5511
v -0.1271 0.1652 -0.5579
v -1.5422 0.4080 -0.3259
v 0.7245 -0.5792 -0.4487
v 0.3285 0.3541 -0.5498
v -1.4925 0.3985 -0.3183
v 0.7692 -0.5713 -0.4294
v -1.4456 0.3920 -0.3126
v -0.0638 0.1657 -0.5578
v -1.0758 -0.9568 -0.0779
v -1.4012 0.3885 -0.3153
v 0.8124 -0.5627 -0.4064
v -1.0302 -0.9711 -0.1096
v 0.3862 0.3530 -0.5483
v -1.3591 0.3877 -0.3303
v -0.9833 -0.9839 -0.1407
v 0.8544 -0.5533 -0.3791
v -1.3189 0.3895 -0.3561
v -0.9354 -0.9955 -0.1686
v -0.0009 0.1661 -0.5576
v -1.2802 0.3941 -0.3874
v -0.8864 -1.0060 -0.1925
v 0.8951 -0.5431 -0.3467
v 0.4427 0.3518 -0.5465
v -1.2421 0.4020 -0.4184
v -0.8365 -1.0153 -0.2131
v -0.7858 -1.0236 -0.2310
v -1.2034 0.4129 -0.4454
v 0.9346 -0.5318 -0.3085
v 0.0616 0.1663 -0.5572
v 0.4982 0.3503 -0.5445
v -0.7344 -1.0309 -0.2461
v -1.1632 0.4262 -0.4673
v 0.9730 -0.5191 -0.2636
v -0.6822 -1.0371 -0.2585
v -1.1211 0.4410 -0.4845
v 1.0103 -0.5048 -0.2110
v 0.5524 0.3488 -0.5421
v -0.6295 -1.0422 -0.2685
v 0.1234 0.1664 -0.5568
v -1.0767 0.4564 -0.4978
v 1.0465 -0.4885 -0.1489
v -0.5763 -1.0464 -0.2761
v -1.0299 0.4718 -0.5082
v -0.5227 -1.0495 -0.2815
v -0.9808 0.4867 -0.5162
v 1.0814 -0.4697 -0.0742
v 0.6055 0.3471 -0.5394
v -1.5321 0.7469 -0.0969
v 0.1847 0.1664 -0.5562
v -0.4688 -1.0515 -0.2848
v -0.9297 0.5007 -0.5226
v -1.4898 0.7594 -0.1567
v -0.8767 0.5136 -0.5277
v -0.4148 -1.0525 -0.2860
v 0.6573 0.3452 -0.5363
v -1.4457 0.7685 -0.2083
v 0.2451 0.1662 -0.5555
v -0.8221 0.5254 -0.5318
v -0.3607 -1.0522 -0.2848
v -1.4006 0.7760 -0.2519
v -0.7659 0.5361 -0.5351
v 0.7078 0.3433 -0.5328
v -0.3067 -1.0509 -0.2814
v -1.3549 0.7824 -0.2885
v -0.7086 0.5456 -0.5378
v 0.3046 0.1659 -0.5546
v -0.2529 -1.0485 -0.2758
v -1.3088 0.7886 -0.3192
v 0.7570 0.3412 -0.5288
v -0.1995 -1.0450 -0.2682
v -1.2623 0.7952 -0.3448
v -0.6501 0.5541 -0.5399
v 1.3971 -0.4732 -0.1153
v 0.3633 0.1656 -0.5536
v -0.1464 -1.0404 -0.2585
v 0.8048 0.3389 -0.5244
v 1.4345 -0.4878 -0.1978
v -1.2155 0.8023 -0.3662
v -0.0939 -1.0348 -0.2463
v 1.4782 -0.4968 -0.2649
v 0.4208 0.1651 -0.5524
v -1.1682 0.8102 -0.3841
v -0.0419 -1.0280 -0.2318
v -0.5907 0.5614 -0.5416
v 0.8514 0.3365 -0.5193
v 1.5280 -0.5007 -0.3165
v 0.0093 -1.0202 -0.2146
v -1.1202 0.8185 -0.3993
v 1.5833 -0.5000 -0.3543
v 0.4773 0.1646 -0.5510
v 0.0599 -1.0113 -0.1940
v -1.0715 0.8273 -0.4122
v 0.8966 0.3339 -0.5137
v -0.5306 0.5679 -0.5430
v 1.6434 -0.4952 -0.3799
v 0.1095 -1.0011 -0.1706
v -1.0220 0.8363 -0.4231
v 0.1581 -0.9896 -0.1441
v 1.7074 -0.4871 -0.3949
v 0.5326 0.1640 -0.5495
v 0.2056 -0.9769 -0.1137
v 0.9406 0.3311 -0.5076
v -0.4699 0.5734 -0.5440
v -0.9717 0.8453 -0.4325
v 1.7740 -0.4768 -0.4002
v 0.2518 -0.9626 -0.0840
v -0.9204 0.8542 -0.4405
v 0.5867 0.1633 -0.5477
v -0.8684 0.8628 -0.4474
v 1.8415 -0.4652 -0.3957
v 0.9833 0.3279 -0.5008
v -0.4088 0.5780 -0.5448
v -0.8155 0.8709 -0.4532
v 1.9079 -0.4537 -0.3804
v 1.0247 0.3243 -0.4936
v 0.6396 0.1626 -0.5457
v -0.7618 0.8786 -0.4582
v -0.3473 0.5818 -0.5453
v -0.7074 0.8856 -0.4624
v 1.9711 -0.4435 -0.3523
v 1.0650 0.3202 -0.4860
v -0.2856 0.5849 -0.5455
v -0.6523 0.8919 -0.4659
v 0.6911 0.1619 -0.5434
v 2.0285 -0.4361 -0.3080
v 1.1042 0.3155 -0.4783
v -0.5967 0.8975 -0.4687
v -0.2238 0.5874 -0.5456
v 2.0773 -0.4328 -0.2439
v 0.7412 0.1611 -0.5409
v -0.5406 0.9025 -0.4709
v 2.1148 -0.4349 -0.1572
v 1.1422 0.3100 -0.4709
v -0.4840 0.9067 -0.4724
v -0.1621 0.5891 -0.5454
v 1.1791 0.3038 -0.4644
v 0.7900 0.1603 -0.5382
v -0.4271 0.9102 -0.4735
v -0.1006 0.5902 -0.5450
v 1.2150 0.2971 -0.4594
v -0.3698 0.9128 -0.4738
v 0.8374 0.1594 -0.5352
v 1.2499 0.2905 -0.4564
v -0.0394 0.5908 -0.5443
v -0.3124 0.9147 -0.4736
v 1.2847 0.2851 -0.4550
v 0.8833 0.1585 -0.5320
v 1.3209 0.2820 -0.4542
v -0.2549 0.9158 -0.4726
v 0.0214 0.5908 -0.5434
v 1.3604 0.2807 -0.4543
v -1.9350 -0.4249 -0.0691
v -1.9005 -0.4419 -0.1465
v 1.4044 0.2798 -0.4553
v -0.1973 0.9161 -0.4709
v 0.9278 0.1575 -0.5285
v 0.0817 0.5903 -0.5422
v -1.8596 -0.4529 -0.2155
v 1.4534 0.2780 -0.4569
v -1.8141 -0.4589 -0.2725
v -0.1399 0.9155 -0.4684
v 1.5072 0.2743 -0.4580
v -1.7654 -0.4607 -0.3184
v 0.9708 0.1564 -0.5248
v 0.1414 0.5893 -0.5407
v -1.7149 -0.4593 -0.3546
v -0.0827 0.9140 -0.4650
v 1.5650 0.2687 -0.4576
v -1.6639 -0.4557 -0.3831
v 1.0125 0.1551 -0.5210
v 1.6260 0.2610 -0.4542
v 0.2004 0.5878 -0.5388
v -1.6132 -0.4508 -0.4056
v -0.0258 0.9117 -0.4605
v 1.6889 0.2518 -0.4463
v -1.5635 -0.4457 -0.4236
v 1.0527 0.1536 -0.5171
v 0.0306 0.9084 -0.4549
v 1.7523 0.2415 -0.4320
v -1.5150 -0.4412 -0.4383
v 0.2586 0.5859 -0.5366
v 1.8144 0.2314 -0.4080
v 1.0916 0.1519 -0.5133
v -1.4679 -0.4381 -0.4508
v 1.8733 0.2228 -0.3703
v 0.0865 0.9043 -0.4480
v 1.8717 -0.9569 -0.1331
v -1.4220 -0.4368 -0.4619
v 0.3158 0.5836 -0.5340
v 1.9265 0.2176 -0.3142
v 1.9241 -0.9675 -0.1968
v 1.1293 0.1498 -0.5095
v -1.3771 -0.4377 -0.4719
v 1.9713 0.2178 -0.2364
v 1.9879 -0.9720 -0.2354
v 0.1416 0.8992 -0.4396
v 2.0584 -0.9704 -0.2463
v -1.3326 -0.4407 -0.4812
v 2.0054 0.2250 -0.1378
v 0.3721 0.5809 -0.5308
v 1.1660 0.1474 -0.5058
v -1.2884 -0.4458 -0.4897
v 0.1959 0.8932 -0.4295
v 2.1281 -0.9627 -0.2279
v 1.2021 0.1447 -0.5024
v 0.4273 0.5778 -0.5271
v 2.1879 -0.9505 -0.1792
v -1.2438 -0.4527 -0.4975
v 2.2288 -0.9371 -0.0998
v 1.2380 0.1418 -0.4992
v 0.2493 0.8863 -0.4173
v -1.1986 -0.4611 -0.5046
v 0.4814 0.5744 -0.5228
v 1.2746 0.1390 -0.4962
v -1.1523 -0.4706 -0.5110
v 0.3016 0.8785 -0.4028
v 1.3127 0.1364 -0.4933
v -1.1048 -0.4808 -0.5167
v 0.5343 0.5707 -0.5176
v 1.3534 0.1341 -0.4905
v 1.3974 0.1319 -0.4876
v -1.0559 -0.4912 -0.5217
v 0.3528 0.8698 -0.3857
v 1.4454 0.1296 -0.4844
v 0.5860 0.5666 -0.5116
v 1.4973 0.1268 -0.4806
v -1.0055 -0.5017 -0.5261
v 1.5527 0.1233 -0.4754
v 0.4028 0.8602 -0.3658
v 0.6365 0.5621 -0.5046
v -0.9536 -0.5119 -0.5299
v 1.6108 0.1190 -0.4678
v 1.6703 0.1138 -0.4562
v 1.7297 0.1079 -0.4380
v -0.9002 -0.5217 -0.5331
v 0.6857 0.5573 -0.4963
v 0.4515 0.8496 -0.3426
v 1.7870 0.1016 -0.4085
v 1.8403 0.0957 -0.3597
v -0.8454 -0.5308 -0.5360
v 0.7337 0.5522 -0.4866
v 1.8876 0.0923 -0.2798
v 1.9260 0.0955 -0.1615
v -2.0495 0.3177 -0.1286
v -0.7892 -0.5393 -0.5384
v 0.7804 0.5466 -0.4752
v 0.4988 0.8381 -0.3158
v 0.8258 0.5406 -0.4619
v -2.0080 0.3283 -0.1955
v -0.7319 -0.5470 -0.5404
v 0.5449 0.8256 -0.2852
v 0.8701 0.5342 -0.4464
v -1.9585 0.3331 -0.2512
v -0.6735 -0.5538 -0.5421
v 0.5896 0.8121 -0.2504
v -1.1564 -0.9225 -0.1018
v -0.6142 -0.5599 -0.5435
v -1.1115 -0.9370 -0.1413
v -1.9018 0.3324 -0.2935
v 0.9132 0.5272 -0.4284
v -0.5541 -0.5652 -0.5446
v -1.0654 -0.9501 -0.1763
v 0.6330 0.7973 -0.2111
v -1.0182 -0.9622 -0.2061
v 0.9553 0.5196 -0.4073
v -1.8399 0.3266 -0.3217
v -0.4934 -0.5697 -0.5454
v -0.9698 -0.9732 -0.2321
v 0.6750 0.7813 -0.1671
v -0.9204 -0.9833 -0.2548
v -0.4322 -0.5735 -0.5460
v 0.9965 0.5112 -0.3828
v -0.8701 -0.9924 -0.2740
v -1.7750 0.3164 -0.3354
v 0.7155 0.7637 -0.1188
v -0.8189 -1.0007 -0.2905
v -0.3706 -0.5766 -0.5464
v 1.0368 0.5020 -0.3544
v -0.7670 -1.0080 -0.3044
v -0.7143 -1.0144 -0.3159
v -0.3088 -0.5790 -0.5465
v -1.7100 0.3031 -0.3333
v 0.7545 0.7443 -0.0662
v -0.6610 -1.0198 -0.3253
v 1.0765 0.4917 -0.3213
v -0.2470 -0.5808 -0.5465
v -0.6071 -1.0244 -0.3326
v -1.6482 0.2887 -0.3119
v -2.1800 0.1778 -0.1010
v -0.5528 -1.0279 -0.3381
v 1.1155 0.4802 -0.2829
v -0.1851 -0.5820 -0.5462
v -0.4982 -1.0306 -0.3417
v -2.1475 0.1870 -0.1727
v 1.1540 0.4672 -0.2381
v -1.5930 0.2764 -0.2646
v -0.1235 -0.5826 -0.5457
v -0.4433 -1.0321 -0.3435
v 1.1919 0.4524 -0.1858
v -0.0621 -0.5827 -0.5449
v -2.1056 0.1924 -0.2332
v -0.3883 -1.0327 -0.3435
v -1.5468 0.2710 -0.1833
v 1.2291 0.4352 -0.1241
v -0.3333 -1.0322 -0.3416
v -0.0012 -0.5823 -0.5439
v -2.0553 0.1950 -0.2823
v -0.2784 -1.0307 -0.3378
v 0.0593 -0.5815 -0.5426
v -1.9974 0.1950 -0.3198
v -0.2238 -1.0281 -0.3322
v 1.3451 0.4431 -0.1993
v 0.1191 -0.5801 -0.5410
v -0.1695 -1.0246 -0.3248
v -1.9332 0.1925 -0.3456
v 1.3847 0.4548 -0.2663
v -0.1157 -1.0200 -0.3155
v 0.1781 -0.5784 -0.5390
v 1.4295 0.4620 -0.3172
v -0.0624 -1.0145 -0.3039
v -1.8646 0.1877 -0.3595
v -1.2344 0.2710 -0.1679
v 1.4794 0.4650 -0.3560
v 0.2364 -0.5762 -0.5366
v -0.0097 -1.0078 -0.2901
v -1.2055 0.2672 -0.2962
v 1.5345 0.4640 -0.3844
v -1.7941 0.1807 -0.3600
v 0.0423 -1.0002 -0.2736
v 0.2937 -0.5736 -0.5337
v -1.1746 0.2721 -0.3831
v 1.5942 0.4594 -0.4037
v -1.1399 0.2820 -0.4382
v 0.0934 -0.9914 -0.2543
v -1.7250 0.1722 -0.3430
v 0.3500 -0.5706 -0.5303
v -1.1011 0.2944 -0.4731
v 1.6575 0.4518 -0.4148
v 0.1437 -0.9815 -0.2317
v -1.0585 0.3076 -0.4960
v 0.4053 -0.5672 -0.5262
v 1.7235 0.4420 -0.4181
v 1.6247 0.7415 -0.0908
v -1.6619 0.1634 -0.2993
v 0.1929 -0.9703 -0.2061
v -1.0124 0.3207 -0.5115
v 1.6635 0.7556 -0.1780
v 0.2409 -0.9578 -0.1776
v 0.4593 -0.5635 -0.5213
v -0.9634 0.3331 -0.5223
v 1.7907 0.4309 -0.4133
v 1.7116 0.7633 -0.2461
v -1.6112 0.1563 -0.2117
v 0.2876 -0.9440 -0.1452
v -0.9118 0.3447 -0.5301
v 0.5122 -0.5593 -0.5155
v 0.3330 -0.9288 -0.1083
v 1.7681 0.7655 -0.2950
v 1.8572 0.4195 -0.3994
v -0.8580 0.3553 -0.5359
v -0.8023 0.3649 -0.5403
v 0.3768 -0.9123 -0.0628
v 0.5637 -0.5548 -0.5085
v 1.8314 0.7632 -0.3256
v -0.7451 0.3734 -0.5436
v 1.9211 0.4092 -0.3743
v -0.6865 0.3810 -0.5462
v -0.6268 0.3877 -0.5482
v 1.9802 0.4010 -0.3353
v 1.8992 0.7574 -0.3394
v 0.6139 -0.5499 -0.5003
v -0.5661 0.3935 -0.5498
v 2.0320 0.3965 -0.2791
v 0.6627 -0.5445 -0.4906
v 1.9688 0.7494 -0.3365
v -0.5048 0.3985 -0.5510
v 2.0741 0.3969 -0.2034
v 0.7102 -0.5387 -0.4790
v -0.4428 0.4028 -0.5520
v 2.1044 0.4035 -0.1086
v 0.7562 -0.5325 -0.4652
v 2.0363 0.7404 -0.3157
v 0.8009 -0.5257 -0.4488
v -0.3804 0.4065 -0.5527
v 2.0975 0.7318 -0.2732
v 0.8443 -0.5184 -0.4293
v 2.1470 0.7252 -0.2037
v 0.8864 -0.5104 -0.4062
v -0.3177 0.4095 -0.5531
v 2.1791 0.7219 -0.1037
v 0.9274 -0.5016 -0.3788
v -0.2549 0.4120 -0.5534
v 0.9673 -0.4918 -0.3463
v -0.1921 0.4139 -0.5535
v 1.0061 -0.4808 -0.3078
v -1.1705 0.1534 -0.1781
v 1.0440 -0.4684 -0.2618
v -1.1492 0.1548 -0.3324
v -0.1294 0.4154 -0.5534
v -1.1184 0.1596 -0.4190
v 1.0809 -0.4542 -0.2068
v -1.0810 0.1658 -0.4680
v 1.1166 -0.4377 -0.1409
v -0.0669 0.4164 -0.5532
v -1.0385 0.1724 -0.4970
v -0.9919 0.1790 -0.5151
v -0.9421 0.1854 -0.5270
v -0.0047 0.4170 -0.5528
v -0.8896 0.1914 -0.5352
v -0.8348 0.1969 -0.5410
v -0.7781 0.2019 -0.5452
v 0.0569 0.4172 -0.5522
v -0.7199 0.2064 -0.5484
v 1.3665 -0.4358 -0.1609
v -0.6603 0.2104 -0.5508
v -1.8851 0.4816 -0.0886
v 1.4063 -0.4480 -0.2373
v 0.1180 0.4171 -0.5515
v 1.4517 -0.4554 -0.2959
v -1.8440 0.4940 -0.1625
v 1.5025 -0.4581 -0.3402
v -1.2146 -0.2771 -0.4946
v 1.5585 -0.4565 -0.3723
v -1.7963 0.4991 -0.2223
v 0.1784 0.4167 -0.5505
v 1.6189 -0.4512 -0.3939
v -1.1725 -0.2875 -0.5050
v 1.6828 -0.4428 -0.4062
v -1.7439 0.4976 -0.2682
v -1.1287 -0.2988 -0.5139
v 1.7492 -0.4321 -0.4097
v 0.2381 0.4159 -0.5494
v 1.8030 -0.9012 -0.0743
v -1.6890 0.4910 -0.3010
v -1.0831 -0.3105 -0.5214
v -1.4558 0.7908 -0.0967
v 1.8164 -0.4203 -0.4043
v 1.8434 -0.9163 -0.1576
v -1.6337 0.4811 -0.3228
v -1.4132 0.8042 -0.1502
v 0.2969 0.4149 -0.5480
v -1.0354 -0.3220 -0.5277
v 1.8966 -0.9249 -0.2186
v -1.3690 0.8148 -0.1984
v -1.5796 0.4699 -0.3359
v 1.9602 -0.9276 -0.2567
v 1.8826 -0.4086 -0.3888
v -0.9856 -0.3331 -0.5329
v -1.3237 0.8237 -0.2397
v -1.5279 0.4593 -0.3436
v 2.0301 -0.9250 -0.2703
v 0.3548 0.4136 -0.5464
v -1.4788 0.4506 -0.3494
v 1.9457 -0.3983 -0.3611
v -1.4325 0.4447 -0.3568
v -1.2778 0.8319 -0.2746
v -0.9339 -0.3436 -0.5372
v -1.3885 0.4420 -0.3686
v 2.1006 -0.9176 -0.2586
v 2.0032 -0.3907 -0.3179
v -1.3465 0.4427 -0.3854
v 0.4116 0.4121 -0.5445
v -1.2313 0.8400 -0.3036
v -0.8804 -0.3532 -0.5407
v 2.1643 -0.9068 -0.2196
v -1.3059 0.4466 -0.4059
v 2.0527 -0.3874 -0.2557
v 2.2131 -0.8950 -0.1514
v 2.0915 -0.3896 -0.1724
v -1.2659 0.4536 -0.4275
v -1.1843 0.8481 -0.3279
v -0.8251 -0.3620 -0.5436
v 0.4674 0.4104 -0.5423
v -1.2257 0.4636 -0.4478
v 2.1167 -0.3987 -0.0707
v -1.1846 0.4759 -0.4655
v -0.7684 -0.3699 -0.5460
v -1.1366 0.8564 -0.3484
v -1.1420 0.4898 -0.4804
v -0.7102 -0.3769 -0.5480
v -1.0883 0.8648 -0.3657
v -1.0975 0.5047 -0.4925
v 0.5220 0.4085 -0.5397
v -1.0510 0.5198 -0.5023
v -0.6510 -0.3831 -0.5496
v -1.0393 0.8733 -0.3803
v -1.0025 0.5346 -0.5102
v 0.5754 0.4064 -0.5367
v -0.9894 0.8818 -0.3928
v -0.9520 0.5488 -0.5166
v -0.5907 -0.3884 -0.5508
v -0.9388 0.8902 -0.4034
v -0.8998 0.5621 -0.5219
v 0.6276 0.4042 -0.5332
v -0.8875 0.8983 -0.4125
v -0.8459 0.5744 -0.5261
v -0.5296 -0.3930 -0.5519
v -0.8353 0.9061 -0.4202
v -0.7906 0.5856 -0.5297
v 0.6785 0.4017 -0.5293
v -0.7825 0.9134 -0.4267
v -0.4679 -0.3969 -0.5526
v -0.7341 0.5957 -0.5325
v 0.7281 0.3991 -0.5247
v -1.9670 -0.3873 -0.0985
v -0.7289 0.9201 -0.4322
v -1.9310 -0.4020 -0.1735
v -0.4056 -0.4001 -0.5532
v -0.6764 0.6047 -0.5349
v 0.7765 0.3964 -0.5195
v -1.8885 -0.4109 -0.2387
v -0.6748 0.9263 -0.4368
v -1.8411 -0.4148 -0.2920
v -0.3430 -0.4028 -0.5536
v -0.6201 0.9318 -0.4405
v -1.7903 -0.4146 -0.3341
v 0.8235 0.3934 -0.5137
v -0.6178 0.6126 -0.5368
v -1.7377 -0.4110 -0.3667
v -0.5649 0.9366 -0.4435
v -0.2802 -0.4049 -0.5538
v 0.8693 0.3902 -0.5070
v -1.6846 -0.4052 -0.3917
v -1.2790 -0.8688 -0.0788
v -0.5093 0.9408 -0.4457
v -0.5585 0.6195 -0.5383
v -0.2174 -0.4065 -0.5539
v -1.6321 -0.3981 -0.4110
v -1.2362 -0.8847 -0.1236
v -0.4533 0.9443 -0.4473
v 0.9138 0.3867 -0.4995
v -1.5809 -0.3908 -0.4261
v -1.1921 -0.8991 -0.1669
v -0.1546 -0.4077 -0.5538
v -0.3970 0.9470 -0.4481
v -1.1468 -0.9123 -0.2037
v -0.4984 0.6255 -0.5395
v -1.5314 -0.3842 -0.4383
v 0.9571 0.3829 -0.4911
v -1.1003 -0.9245 -0.2361
v -0.0920 -0.4084 -0.5535
v -1.4837 -0.3790 -0.4489
v -0.3404 0.9490 -0.4481
v -1.0527 -0.9357 -0.2641
v -1.4378 -0.3760 -0.4585
v -0.4379 0.6306 -0.5404
v -0.0298 -0.4088 -0.5531
v -1.0041 -0.9461 -0.2879
v 0.9993 0.3787 -0.4818
v -1.3932 -0.3753 -0.4678
v -0.2837 0.9502 -0.4473
v -0.9544 -0.9558 -0.3084
v -0.9037 -0.9647 -0.3259
v 0.0321 -0.4088 -0.5525
v -1.3497 -0.3772 -0.4770
v -0.3770 0.6348 -0.5410
v -0.8522 -0.9729 -0.3407
v -0.2269 0.9505 -0.4456
v 1.0404 0.3739 -0.4717
v -1.3066 -0.3815 -0.4859
v 0.0933 -0.4085 -0.5517
v -0.7999 -0.9802 -0.3532
v -0.1702 0.9499 -0.4429
v -0.7468 -0.9868 -0.3637
v -0.3159 0.6382 -0.5413
v -1.2634 -0.3879 -0.4944
v 1.0804 0.3685 -0.4608
v -0.6930 -0.9926 -0.3722
v 0.1539 -0.4079 -0.5507
v -0.1136 0.9485 -0.4392
v -0.6386 -0.9975 -0.3790
v -1.2197 -0.3961 -0.5023
v 1.1194 0.3623 -0.4496
v 0.2138 -0.4070 -0.5495
v -0.5837 -1.0016 -0.3842
v -0.0573 0.9461 -0.4343
v -0.2546 0.6409 -0.5414
v -1.1751 -0.4057 -0.5095
v -0.5284 -1.0047 -0.3879
v 0.2728 -0.4059 -0.5480
v -0.0014 0.9427 -0.4280
v -1.1292 -0.4162 -0.5159
v 1.1573 0.3552 -0.4388
v -0.4727 -1.0070 -0.3901
v -0.1933 0.6429 -0.5412
v -1.0817 -0.4272 -0.5216
v 0.3309 -0.4045 -0.5463
v -0.4169 -1.0082 -0.3909
v 0.0539 0.9384 -0.4202
v 1.1941 0.3471 -0.4296
v -1.0327 -0.4382 -0.5265
v -0.3611 -1.0085 -0.3901
v 0.1087 0.9332 -0.4108
v -0.1322 0.6442 -0.5408
v 0.3879 -0.4029 -0.5442
v -0.9820 -0.4490 -0.5307
v -0.3052 -1.0079 -0.3879
v -0.9296 -0.4593 -0.5344
v 0.4438 -0.4011 -0.5418
v -0.2496 -1.0063 -0.3841
v 0.1626 0.9269 -0.3993
v -0.0712 0.6448 -0.5400
v -0.8756 -0.4690 -0.5375
v -0.1942 -1.0037 -0.3788
v 0.4986 -0.3990 -0.5389
v -0.1391 -1.0001 -0.3718
v 0.2156 0.9196 -0.3855
v -0.8202 -0.4780 -0.5401
v -1.5094 -0.7404 -0.0983
v -0.0106 0.6449 -0.5390
v 0.5522 -0.3968 -0.5356
v -0.0846 -0.9957 -0.3631
v -1.4689 -0.7559 -0.1582
v -0.7634 -0.4861 -0.5423
v -0.0306 -0.9902 -0.3525
v 0.2677 0.9113 -0.3691
v -1.4270 -0.7694 -0.2090
v 0.0495 0.6443 -0.5377
v 0.0228 -0.9838 -0.3397
v -0.7055 -0.4935 -0.5442
v -1.3837 -0.7811 -0.2530
v 0.3185 0.9020 -0.3497
v 0.0754 -0.9763 -0.3245
v 0.1090 0.6432 -0.5360
v -1.3393 -0.7916 -0.2904
v -0.6465 -0.5000 -0.5457
v 0.1272 -0.9678 -0.3065
v -1.2939 -0.8012 -0.3221
v 0.3682 0.8916 -0.3272
v 0.1779 -0.9582 -0.2856
v -0.5865 -0.5057 -0.5469
v 0.1679 0.6416 -0.5340
v -1.2476 -0.8104 -0.3488
v 0.2277 -0.9474 -0.2616
v -0.5259 -0.5106 -0.5479
v 0.4166 0.8803 -0.3012
v -1.2005 -0.8193 -0.3714
v 0.2762 -0.9353 -0.2338
v 0.2260 0.6395 -0.5314
v -0.4646 -0.5147 -0.5486
v 0.3234 -0.9220 -0.2020
v -1.1525 -0.8281 -0.3905
v -0.4029 -0.5182 -0.5492
v 0.4636 0.8679 -0.2715
v 0.3692 -0.9074 -0.1651
v -1.1036 -0.8368 -0.4067
v 0.2833 0.6369 -0.5284
v -0.3408 -0.5210 -0.5495
v 0.4135 -0.8913 -0.1240
v -1.0537 -0.8453 -0.4204
v -0.2786 -0.5232 -0.5496
v 0.5093 0.8545 -0.2378
v 0.4559 -0.8736 -0.0822
v 0.3396 0.6338 -0.5248
v -1.0029 -0.8537 -0.4321
v -0.2164 -0.5248 -0.5495
v -0.9511 -0.8617 -0.4421
v -0.2766 -0.9795 -0.4249
v 0.5537 0.8399 -0.2003
v -0.1543 -0.5258 -0.5492
v -0.8984 -0.8695 -0.4505
v 0.3949 0.6303 -0.5206
v -0.8448 -0.8768 -0.4577
v -0.0923 -0.5264 -0.5488
v -0.7904 -0.8835 -0.4637
v 0.5967 0.8241 -0.1588
v 0.4490 0.6264 -0.5156
v -0.7351 -0.8897 -0.4687
v -0.0308 -0.5265 -0.5481
v -0.6792 -0.8953 -0.4727
v -0.2202 -0.9779 -0.4213
v 0.6383 0.8069 -0.1124
v 0.0304 -0.5261 -0.5471
v -0.6226 -0.9001 -0.4759
v 0.5021 0.6221 -0.5096
v -0.5655 -0.9042 -0.4784
v 0.0909 -0.5253 -0.5460
v 0.6785 0.7881 -0.0647
v 0.5539 0.6174 -0.5026
v -0.5079 -0.9075 -0.4800
v -0.1641 -0.9753 -0.4164
v 0.1508 -0.5241 -0.5445
v -0.4501 -0.9100 -0.4809
v 0.6045 0.6122 -0.4944
v 0.2099 -0.5226 -0.5427
v -0.3920 -0.9117 -0.4811
v -0.1083 -0.9719 -0.4100
v 0.2682 -0.5207 -0.5406
v 0.6539 0.6067 -0.4847
v -0.3338 -0.9126 -0.4805
v 0.3255 -0.5184 -0.5380
v -0.2757 -0.9126 -0.4791
v 0.7019 0.6007 -0.4733
v -0.2177 -0.9118 -0.4770
v -0.0531 -0.9675 -0.4022
v 0.3817 -0.5159 -0.5350
v 0.7487 0.5942 -0.4598
v -0.1600 -0.9102 -0.4740
v 0.4369 -0.5130 -0.5314
v -0.1026 -0.9079 -0.4700
v 0.7943 0.5871 -0.4440
v 0.0015 -0.9622 -0.3926
v 0.4908 -0.5097 -0.5271
v -0.0457 -0.9047 -0.4650
v 0.8386 0.5796 -0.4253
v 0.0107 -0.9006 -0.4589
v 0.5435 -0.5062 -0.5221
v -1.0212 -0.8867 -0.3906
v 0.0664 -0.8958 -0.4514
v 0.8818 0.5713 -0.4035
v 0.5949 -0.5023 -0.5161
v 0.0555 -0.9560 -0.3810
v -0.9703 -0.8952 -0.4041
v 0.1214 -0.8901 -0.4423
v -0.9185 -0.9032 -0.4155
v 0.9238 0.5624 -0.3780
v 0.6450 -0.4982 -0.5090
v 0.1755 -0.8836 -0.4315
v -0.8658 -0.9108 -0.4252
v 0.6937 -0.4937 -0.5006
v 0.2286 -0.8761 -0.4187
v 0.9649 0.5527 -0.3482
v 0.1087 -0.9488 -0.3672
v -0.8122 -0.9178 -0.4334
v 0.2807 -0.8678 -0.4034
v 0.7411 -0.4888 -0.4908
v -0.7578 -0.9243 -0.4401
v 1.0050 0.5419 -0.3134
v -0.7027 -0.9300 -0.4457
v 0.3316 -0.8584 -0.3852
v 0.7871 -0.4835 -0.4791
v 1.7741 -0.8612 -0.0997
v -0.6470 -0.9350 -0.4502
v 0.1610 -0.9406 -0.3510
v 1.0444 0.5301 -0.2728
v 0.3812 -0.8481 -0.3638
v 1.8157 -0.8749 -0.1790
v 1.6919 0.7947 -0.1526
v 0.8318 -0.4778 -0.4653
v -0.5907 -0.9393 -0.4536
v 1.7382 0.8041 -0.2252
v 1.8696 -0.8819 -0.2383
v -0.5340 -0.9428 -0.4560
v 0.4294 -0.8367 -0.3387
v 0.8752 -0.4716 -0.4491
v 1.0832 0.5168 -0.2250
v 1.7936 0.8077 -0.2779
v 1.9330 -0.8831 -0.2752
v -0.4769 -0.9454 -0.4575
v 2.0024 -0.8795 -0.2901
v 1.1212 0.5017 -0.1691
v 0.9174 -0.4648 -0.4299
v 0.4762 -0.8241 -0.3092
v 1.8566 0.8064 -0.3110
v 0.2122 -0.9313 -0.3319
v -0.4196 -0.9472 -0.4581
v 1.1584 0.4845 -0.0999
v 2.0730 -0.8720 -0.2826
v 0.9585 -0.4573 -0.4072
v 0.5213 -0.8103 -0.2752
v 1.9246 0.8014 -0.3253
v -0.3622 -0.9481 -0.4577
v 2.1388 -0.8619 -0.2508
v 0.9985 -0.4488 -0.3804
v 0.5648 -0.7953 -0.2359
v -0.3047 -0.9482 -0.4564
v 2.1932 -0.8512 -0.1916
v 1.9942 0.7936 -0.3210
v 2.2295 -0.8432 -0.1042
v 0.6067 -0.7790 -0.1913
v 1.0376 -0.4393 -0.3487
v 0.2624 -0.9209 -0.3096
v -0.2474 -0.9474 -0.4541
v 1.0757 -0.4285 -0.3112
v 0.6467 -0.7611 -0.1408
v -0.1903 -0.9458 -0.4508
v 2.0609 0.7843 -0.2962
v 1.1130 -0.4161 -0.2668
v 0.6850 -0.7417 -0.0880
v -0.1335 -0.9433 -0.4463
v 2.1196 0.7751 -0.2463
v 0.3114 -0.9094 -0.2836
v 1.1492 -0.4017 -0.2138
v -0.0771 -0.9400 -0.4407
v 1.3730 0.4822 -0.1348
v 1.1847 -0.3853 -0.1453
v 2.1639 0.7679 -0.1659
v -0.0213 -0.9358 -0.4337
v 1.4103 0.4962 -0.2163
v 0.3590 -0.8967 -0.2534
v 0.0339 -0.9307 -0.4251
v 1.4538 0.5050 -0.2808
v 1.3022 -0.3814 -0.1366
v 1.5033 0.5089 -0.3296
v 0.0884 -0.9247 -0.4149
v 1.3388 -0.3960 -0.2207
v 1.5582 0.5085 -0.3650
v 0.1421 -0.9178 -0.4026
v 1.3802 -0.4064 -0.2813
v 0.4052 -0.8827 -0.2187
v 1.6180 0.5043 -0.3890
v 0.1948 -0.9100 -0.3881
v 1.4267 -0.4124 -0.3285
v 1.6818 0.4970 -0.4031
v 0.2465 -0.9011 -0.3709
v 1.4781 -0.4144 -0.3642
v 1.5343 -0.4123 -0.3902
v 1.7483 0.4874 -0.4083
v 0.2971 -0.8912 -0.3506
v 1.5946 -0.4068 -0.4076
v 0.4498 -0.8672 -0.1802
v 0.3464 -0.8803 -0.3268
v 1.6583 -0.3982 -0.4172
v 1.8160 0.4765 -0.4045
v -1.3571 -0.8281 -0.0923
v 1.7243 -0.3875 -0.4191
v 0.3944 -0.8682 -0.2990
v -1.3151 -0.8442 -0.1419
v 1.8830 0.4653 -0.3908
v 0.4408 -0.8548 -0.2670
v 1.7911 -0.3755 -0.4128
v -1.2717 -0.8584 -0.1864
v 0.4927 -0.8502 -0.1364
v 1.9472 0.4552 -0.3655
v 0.4857 -0.8401 -0.2300
v 1.8570 -0.3636 -0.3970
v -1.2271 -0.8712 -0.2253
v 2.0061 0.4472 -0.3257
v 0.5290 -0.8241 -0.1890
v 1.9200 -0.3532 -0.3694
v -1.1814 -0.8830 -0.2595
v 0.5704 -0.8067 -0.1424
v 1.9777 -0.3455 -0.3269
v 0.5338 -0.8318 -0.0914
v -1.1346 -0.8940 -0.2889
v 2.0574 0.4428 -0.2684
v 0.6102 -0.7878 -0.0905
v -1.0868 -0.9044 -0.3140
v 2.0277 -0.3421 -0.2659
v 2.0984 0.4432 -0.1914
v 2.0676 -0.3443 -0.1843
v -1.0379 -0.9143 -0.3354
v 2.0945 -0.3535 -0.0866
v 2.1267 0.4498 -0.0957
v -0.9880 -0.9235 -0.3536
v -0.9372 -0.9322 -0.3690
v -0.8855 -0.9403 -0.3821
v -1.3783 0.8329 -0.0826
v 1.6527 -0.7280 -0.0776
v -0.8329 -0.9478 -0.3932
v -1.3350 0.8466 -0.1343
v 1.6898 -0.7426 -0.1665
v -0.7794 -0.9546 -0.4024
v -1.2904 0.8582 -0.1801
v 1.7365 -0.7506 -0.2377
v -0.7253 -0.9607 -0.4101
v -1.2448 0.8684 -0.2185
v 1.7922 -0.7527 -0.2889
v -0.6705 -0.9660 -0.4163
v -1.1985 0.8781 -0.2509
v -0.6151 -0.9705 -0.4211
v 1.8552 -0.7502 -0.3207
v -1.1515 0.8873 -0.2784
v -0.5593 -0.9742 -0.4247
v 1.9229 -0.7441 -0.3352
v -1.9984 -0.3485 -0.1199
v -0.5030 -0.9771 -0.4271
v -1.1037 0.8962 -0.3019
v -1.9608 -0.3608 -0.1951
v -1.9167 -0.3677 -0.2574
v 1.9926 -0.7354 -0.3330
v -1.0553 0.9048 -0.3219
v -0.4465 -0.9791 -0.4284
v -1.8674 -0.3698 -0.3072
v 2.0602 -0.7256 -0.3132
v -1.0061 0.9133 -0.3389
v -0.3899 -0.9801 -0.4284
v -1.8146 -0.3678 -0.3458
v -0.9562 0.9215 -0.3533
v 2.1218 -0.7162 -0.2729
v -1.7597 -0.3626 -0.3750
v -0.3332 -0.9803 -0.4273
v -0.9055 0.9294 -0.3655
v -1.7044 -0.3549 -0.3967
v 2.1725 -0.7090 -0.2081
v -0.8542 0.9370 -0.3759
v 2.2076 -0.7065 -0.1164
v -1.6499 -0.3459 -0.4126
v -1.1293 0.9335 -0.1126
v -0.8021 0.9441 -0.3848
v -1.5969 -0.3367 -0.4245
v -1.0827 0.9452 -0.1463
v -0.7495 0.9507 -0.3922
v -1.5462 -0.3281 -0.4337
v -1.0353 0.9557 -0.1764
v -0.6963 0.9567 -0.3984
v -1.4977 -0.3211 -0.4417
v -1.4516 -0.3163 -0.4494
v -0.9872 0.9653 -0.2022
v -0.6425 0.9621 -0.4035
v -1.8148 0.5322 -0.1289
v -1.4073 -0.3141 -0.4577
v -0.9383 0.9743 -0.2237
v -1.7702 0.5404 -0.1942
v -0.5883 0.9669 -0.4075
v -1.3644 -0.3146 -0.4668
v -0.8887 0.9826 -0.2424
v -1.7207 0.5417 -0.2466
v -1.3224 -0.3178 -0.4765
v -0.8385 0.9903 -0.2585
v -0.5336 0.9711 -0.4107
v -1.6685 0.5379 -0.2863
v -1.2807 -0.3235 -0.4863
v -0.7877 0.9972 -0.2723
v -1.6156 0.5308 -0.3155
v -0.4786 0.9746 -0.4130
v -1.2387 -0.3314 -0.4958
v -1.5635 0.5222 -0.3368
v -0.7363 1.0035 -0.2838
v -0.4233 0.9774 -0.4145
v -1.1959 -0.3408 -0.5046
v -1.5131 0.5139 -0.3531
v 1.7176 -0.7817 -0.1412
v -0.6844 1.0091 -0.2934
v -1.4649 0.5072 -0.3671
v -1.1518 -0.3515 -0.5124
v -0.3676 0.9794 -0.4150
v -1.4188 0.5031 -0.3811
v 1.7625 -0.7917 -0.2181
v -0.6322 1.0141 -0.3010
v -1.1060 -0.3627 -0.5192
v -1.3747 0.5020 -0.3962
v -1.5838 -0.6944 -0.0956
v 1.8175 -0.7955 -0.2728
v -1.3321 0.5042 -0.4127
v -0.5795 1.0185 -0.3071
v -0.3118 0.9807 -0.4146
v -1.0586 -0.3741 -0.5251
v -1.5441 -0.7101 -0.1556
v -1.2902 0.5096 -0.4297
v -1.5025 -0.7228 -0.2106
v 1.8805 -0.7943 -0.3067
v -1.2485 0.5179 -0.4462
v -1.0092 -0.3854 -0.5301
v -1.4596 -0.7335 -0.2579
v -0.5266 1.0222 -0.3121
v -0.2559 0.9811 -0.4130
v -1.2063 0.5285 -0.4612
v 1.9488 -0.7890 -0.3218
v -1.4156 -0.7429 -0.2976
v -0.9581 -0.3962 -0.5343
v -1.1629 0.5410 -0.4743
v -0.4732 1.0253 -0.3160
v -0.1999 0.9806 -0.4103
v -1.1182 0.5547 -0.4855
v -1.3707 -0.7514 -0.3309
v -0.9052 -0.4064 -0.5379
v 2.0189 -0.7808 -0.3187
v -1.0717 0.5689 -0.4948
v -1.3251 -0.7595 -0.3588
v -0.4196 1.0276 -0.3187
v -0.1441 0.9792 -0.4063
v -0.8506 -0.4158 -0.5409
v -1.0236 0.5832 -0.5027
v 2.0864 -0.7711 -0.2961
v -1.2787 -0.7674 -0.3821
v -0.9737 0.5971 -0.5091
v -0.7945 -0.4243 -0.5434
v -0.0885 0.9769 -0.4010
v -0.3657 1.0292 -0.3198
v 2.1465 -0.7615 -0.2508
v -0.9221 0.6103 -0.5146
v -1.2316 -0.7753 -0.4017
v 2.1940 -0.7542 -0.1790
v -0.7371 -0.4320 -0.5455
v -0.8690 0.6227 -0.5191
v -1.1837 -0.7833 -0.4182
v -0.0332 0.9735 -0.3941
v -0.3117 1.0300 -0.3193
v 2.2234 -0.7519 -0.0805
v -0.8145 0.6341 -0.5228
v -1.1349 -0.7914 -0.4322
v -0.6785 -0.4388 -0.5472
v 0.0216 0.9691 -0.3855
v -0.2575 1.0299 -0.3172
v -1.0853 -0.7996 -0.4441
v -0.7587 0.6444 -0.5260
v -0.6188 -0.4448 -0.5486
v 0.0758 0.9636 -0.3750
v -0.2033 1.0287 -0.3134
v -1.0347 -0.8079 -0.4542
v -0.1493 1.0266 -0.3077
v 0.1293 0.9571 -0.3622
v -0.7019 0.6538 -0.5286
v -0.9832 -0.8160 -0.4629
v -0.5583 -0.4500 -0.5497
v -0.0955 1.0233 -0.3001
v -0.4971 -0.4544 -0.5506
v -0.9306 -0.8240 -0.4703
v -0.6441 0.6621 -0.5307
v 0.1820 0.9495 -0.3469
v -0.8772 -0.8316 -0.4766
v -0.0420 1.0189 -0.2903
v -0.4353 -0.4582 -0.5512
v -0.8228 -0.8388 -0.4819
v -0.5855 0.6693 -0.5324
v -0.7675 -0.8454 -0.4864
v 0.2336 0.9408 -0.3287
v 0.0109 1.0133 -0.2782
v -0.3731 -0.4612 -0.5517
v -0.7115 -0.8515 -0.4901
v -0.6547 -0.8569 -0.4931
v 0.0633 1.0066 -0.2635
v -0.3107 -0.4637 -0.5519
v -0.5262 0.6757 -0.5338
v -0.5973 -0.8616 -0.4955
v 0.2842 0.9310 -0.3072
v -0.5394 -0.8656 -0.4972
v 0.1149 0.9986 -0.2460
v -0.2481 -0.4656 -0.5520
v -0.4812 -0.8688 -0.4983
v -0.4664 0.6811 -0.5348
v 0.3335 0.9200 -0.2823
v 0.1656 0.9893 -0.2254
v -0.1856 -0.4670 -0.5519
v -0.4487 1.0036 -0.3711
v -0.4226 -0.8712 -0.4988
v 0.2153 0.9787 -0.2009
v -0.1232 -0.4679 -0.5516
v -0.3638 -0.8728 -0.4988
v -0.4061 0.6856 -0.5355
v 0.3815 0.9079 -0.2536
v -0.3941 1.0058 -0.3725
v -0.0611 -0.4684 -0.5512
v -0.3050 -0.8736 -0.4981
v -0.3392 1.0072 -0.3726
v 0.2638 0.9668 -0.1726
v 0.4282 0.8947 -0.2212
v -0.3456 0.6894 -0.5359
v -0.2462 -0.8737 -0.4968
v 0.0006 -0.4684 -0.5505
v -0.1876 -0.8729 -0.4948
v -0.2841 1.0077 -0.3715
v 0.0619 -0.4681 -0.5497
v 0.3110 0.9534 -0.1404
v -0.2849 0.6923 -0.5360
v -0.1293 -0.8714 -0.4921
v 0.1225 -0.4674 -0.5486
v -0.2291 1.0074 -0.3689
v -0.0714 -0.8692 -0.4886
v 0.3568 0.9387 -0.1057
v -0.2241 0.6944 -0.5359
v 0.1824 -0.4664 -0.5473
v -0.0139 -0.8662 -0.4843
v -0.1740 1.0061 -0.3649
v 0.2415 -0.4650 -0.5457
v 0.0429 -0.8624 -0.4789
v -0.1634 0.6959 -0.5354
v 0.4012 0.9228 -0.0657
v -0.1192 1.0038 -0.3592
v 0.2997 -0.4634 -0.5438
v 0.0991 -0.8578 -0.4723
v -0.0646 1.0004 -0.3519
v -0.1028 0.6966 -0.5346
v 0.1544 -0.8524 -0.4645
v 0.3569 -0.4615 -0.5415
v 0.2089 -0.8463 -0.4550
v -0.0104 0.9960 -0.3426
v 0.4130 -0.4593 -0.5388
v -0.0426 0.6967 -0.5335
v 0.2623 -0.8393 -0.4437
v 0.0432 0.9905 -0.3311
v 0.4680 -0.4568 -0.5356
v 0.3147 -0.8314 -0.4303
v 1.7456 -0.8213 -0.1188
v 0.0173 0.6962 -0.5320
v 0.3658 -0.8227 -0.4142
v 0.0962 0.9838 -0.3173
v 0.5218 -0.4541 -0.5318
v 1.7889 -0.8332 -0.1991
v 0.4157 -0.8130 -0.3952
v 0.5743 -0.4512 -0.5274
v 0.1484 0.9759 -0.3007
v 0.0767 0.6950 -0.5301
v 0.4641 -0.8024 -0.3726
v 0.6255 -0.4480 -0.5222
v 0.5111 -0.7907 -0.3461
v 1.8433 -0.8386 -0.2561
v 0.1354 0.6932 -0.5278
v 0.1996 0.9669 -0.2810
v 0.6754 -0.4445 -0.5161
v 0.5565 -0.7779 -0.3149
v 0.6003 -0.7639 -0.2787
v 0.7239 -0.4407 -0.5090
v 1.9065 -0.8386 -0.2917
v 0.1934 0.6909 -0.5249
v 0.2497 0.9566 -0.2577
v 0.6424 -0.7488 -0.2367
v 0.7711 -0.4367 -0.5006
v 1.9753 -0.8342 -0.3070
v 0.6828 -0.7322 -0.1896
v 0.2506 0.6880 -0.5215
v 0.8170 -0.4323 -0.4908
v 0.2987 0.9451 -0.2305
v 0.7216 -0.7141 -0.1365
v 0.8615 -0.4276 -0.4793
v 0.7586 -0.6944 -0.0795
v 0.3069 0.6846 -0.5173
v 0.9049 -0.4223 -0.4659
v 0.3463 0.9323 -0.2000
v 2.0457 -0.8264 -0.3022
v 0.9470 -0.4166 -0.4502
v 0.3621 0.6806 -0.5124
v 0.3926 0.9184 -0.1654
v 0.9880 -0.4101 -0.4320
v 2.1127 -0.8166 -0.2757
v 1.0279 -0.4028 -0.4108
v 0.4163 0.6762 -0.5066
v 1.0669 -0.3945 -0.3863
v 0.4375 0.9031 -0.1276
v 2.1706 -0.8066 -0.2241
v 1.1049 -0.3849 -0.3583
v 0.4694 0.6713 -0.4997
v 1.1419 -0.3738 -0.3268
v 0.4810 0.8867 -0.0866
v 2.2135 -0.7989 -0.1443
v 1.1778 -0.3611 -0.2926
v 0.5213 0.6659 -0.4916
v 1.2124 -0.3465 -0.2592
v 1.2788 -0.3413 -0.2564
v 0.5719 0.6600 -0.4820
v 1.3158 -0.3536 -0.2940
v 1.3575 -0.3625 -0.3312
v 0.6213 0.6537 -0.4706
v 1.4040 -0.3677 -0.3631
v 1.4552 -0.3693 -0.3888
v 0.6695 0.6468 -0.4572
v 1.5110 -0.3672 -0.4081
v 1.5708 -0.3618 -0.4211
v 0.7163 0.6393 -0.4414
v 1.6339 -0.3535 -0.4279
v 1.6220 -0.6911 -0.1088
v 1.6992 -0.3429 -0.4282
v 0.7619 0.6312 -0.4227
v 1.6620 -0.7036 -0.1918
v 1.7655 -0.3311 -0.4211
v 0.8062 0.6224 -0.4006
v 1.7107 -0.7096 -0.2577
v 1.8311 -0.3191 -0.4051
v 1.7672 -0.7102 -0.3047
v 0.8492 0.6128 -0.3747
v 1.8939 -0.3084 -0.3776
v 1.7786 0.9108 -0.0744
v 1.8302 -0.7064 -0.3341
v 1.9518 -0.3005 -0.3353
v 1.8178 0.9256 -0.1610
v 1.8976 -0.6994 -0.3474
v 0.8911 0.6025 -0.3444
v 2.0023 -0.2970 -0.2749
v 1.8703 0.9340 -0.2248
v 2.0431 -0.2991 -0.1939
v 0.9319 0.5912 -0.3092
v 1.9335 0.9366 -0.2625
v 1.9667 -0.6902 -0.3456
v 2.0719 -0.3081 -0.0937
v 0.9717 0.5787 -0.2685
v 2.0344 -0.6801 -0.3278
v 2.0029 0.9332 -0.2746
v 1.0106 0.5650 -0.2212
v 2.0968 -0.6708 -0.2913
v 2.1498 -0.6637 -0.2324
v 1.0487 0.5496 -0.1666
v 2.1890 -0.6611 -0.1484
v 1.0860 0.5322 -0.1026
v 2.0723 0.9244 -0.2613
v 2.1345 0.9119 -0.2188
v -2.0604 -0.2920 -0.0615
v -2.0293 -0.3083 -0.1408
v -1.9905 -0.3185 -0.2125
v 2.1812 0.8996 -0.1405
v -1.9448 -0.3236 -0.2719
v -1.8937 -0.3242 -0.3186
v -1.8388 -0.3208 -0.3541
v -1.7817 -0.3143 -0.3802
v -1.7240 -0.3053 -0.3986
v -1.6671 -0.2949 -0.4112
v 1.4384 0.5360 -0.1732
v -1.6577 -0.6477 -0.0851
v -1.6123 -0.2841 -0.4193
v -1.6184 -0.6636 -0.1487
v 1.4801 0.5466 -0.2473
v -1.5771 -0.6759 -0.2069
v -1.5600 -0.2739 -0.4245
v 1.5285 0.5518 -0.3042
v -1.5343 -0.6857 -0.2568
v -1.5107 -0.2654 -0.4284
v -1.4904 -0.6938 -0.2993
v 1.5828 0.5523 -0.3458
v -1.4640 -0.2591 -0.4327
v -1.4457 -0.7007 -0.3347
v 1.6424 0.5488 -0.3742
v -1.4003 -0.7072 -0.3640
v -1.4197 -0.2554 -0.4388
v 1.7064 0.5420 -0.3912
v 1.7498 0.8720 -0.1024
v -1.3773 -0.2546 -0.4475
v -1.3544 -0.7136 -0.3883
v 1.7732 0.5328 -0.3981
v 1.7913 0.8852 -0.1824
v -1.3362 -0.2566 -0.4584
v -1.3080 -0.7201 -0.4086
v 1.8446 0.8917 -0.2428
v 1.8414 0.5222 -0.3952
v -1.2958 -0.2612 -0.4706
v -1.2610 -0.7270 -0.4256
v 1.9074 0.8927 -0.2797
v -1.2134 -0.7342 -0.4399
v -1.2555 -0.2682 -0.4830
v 1.9088 0.5114 -0.3816
v 1.9761 0.8889 -0.2935
v -1.1650 -0.7419 -0.4521
v 1.9731 0.5015 -0.3556
v -1.1157 -0.7499 -0.4624
v 0.8158 0.6517 -0.3417
v 2.0457 0.8807 -0.2841
v -1.0655 -0.7581 -0.4713
v 2.0319 0.4938 -0.3145
v -1.0144 -0.7663 -0.4789
v 2.0823 0.4896 -0.2551
v 0.8574 0.6398 -0.3065
v 2.1099 0.8697 -0.2483
v 2.1214 0.4901 -0.1757
v -0.9622 -0.7745 -0.4855
v 0.8979 0.6268 -0.2659
v 2.1465 0.4966 -0.0791
v -0.9091 -0.7825 -0.4911
v 2.1616 0.8583 -0.1801
v -0.8549 -0.7902 -0.4959
v -0.7998 -0.7973 -0.5000
v 0.9372 0.6126 -0.2195
v 2.1932 0.8514 -0.0744
v -0.7438 -0.8040 -0.5034
v -0.6870 -0.8100 -0.5062
v 0.9755 0.5968 -0.1677
v -0.6295 -0.8153 -0.5085
v 1.0130 0.5792 -0.1083
v -0.5713 -0.8199 -0.5103
v -0.5127 -0.8238 -0.5115
v -0.4537 -0.8269 -0.5123
v -1.0477 0.9637 -0.0689
v -0.3945 -0.8292 -0.5126
v -1.0007 0.9752 -0.1020
v -0.3351 -0.8308 -0.5124
v -0.9529 0.9857 -0.1279
v -0.2756 -0.8316 -0.5117
v -0.9043 0.9954 -0.1504
v -0.8551 1.0040 -0.1711
v -0.2163 -0.8317 -0.5105
v -0.8053 1.0116 -0.1891
v -0.1572 -0.8310 -0.5087
v -0.7549 1.0186 -0.2043
v -0.0983 -0.8296 -0.5063
v -0.7040 1.0247 -0.2171
v -1.7839 0.5687 -0.0894
v -0.0399 -0.8275 -0.5032
v -0.6527 1.0300 -0.2275
v -1.7424 0.5804 -0.1606
v 0.0180 -0.8246 -0.4994
v -0.6011 1.0347 -0.2355
v -1.6959 0.5852 -0.2192
v 0.0752 -0.8211 -0.4948
v -1.6465 0.5849 -0.2658
v -0.5491 1.0387 -0.2421
v -1.4338 -0.7850 -0.0993
v -1.5960 0.5811 -0.3021
v 0.1317 -0.8168 -0.4891
v -0.4969 1.0421 -0.2479
v -1.5457 0.5757 -0.3304
v 1.4680 0.5745 -0.1344
v -1.3927 -0.8009 -0.1534
v 0.1874 -0.8118 -0.4822
v -1.4966 0.5703 -0.3532
v -0.4443 1.0447 -0.2524
v 1.5077 0.5869 -0.2159
v 0.2422 -0.8061 -0.4740
v -1.4491 0.5661 -0.3727
v -0.3915 1.0466 -0.2549
v 1.5546 0.5937 -0.2794
v -1.4031 0.5641 -0.3904
v -1.3501 -0.8149 -0.2009
v 0.2959 -0.7996 -0.4641
v -1.3586 0.5648 -0.4073
v -0.3384 1.0476 -0.2555
v 1.6080 0.5955 -0.3265
v -1.3149 0.5684 -0.4234
v 0.3484 -0.7923 -0.4523
v 1.6672 0.5929 -0.3591
v -1.2716 0.5747 -0.4385
v -0.2852 1.0478 -0.2543
v -1.2281 0.5834 -0.4524
v -1.3062 -0.8273 -0.2421
v 0.3998 -0.7842 -0.4383
v 1.7311 0.5868 -0.3790
v -1.1839 0.5940 -0.4648
v -0.2319 1.0469 -0.2509
v -1.1387 0.6061 -0.4756
v 0.4498 -0.7752 -0.4215
v -1.1749 0.9204 -0.0766
v 1.7983 0.5782 -0.3876
v -1.0922 0.6190 -0.4849
v -0.1788 1.0450 -0.2454
v 0.4984 -0.7654 -0.4015
v -1.0442 0.6322 -0.4928
v -1.2612 -0.8385 -0.2777
v -0.1258 1.0418 -0.2379
v 1.8668 0.5681 -0.3853
v -0.9946 0.6453 -0.4995
v 0.5456 -0.7546 -0.3778
v -0.0731 1.0376 -0.2282
v 0.5912 -0.7429 -0.3498
v -0.9436 0.6581 -0.5052
v 1.9345 0.5576 -0.3715
v -0.0209 1.0321 -0.2159
v 0.6352 -0.7301 -0.3168
v -1.2151 -0.8490 -0.3080
v -0.8912 0.6702 -0.5101
v 0.0307 1.0253 -0.2006
v -1.7124 0.6182 -0.1203
v 0.6776 -0.7162 -0.2786
v 1.9990 0.5481 -0.3443
v -0.8374 0.6815 -0.5141
v -1.6689 0.6271 -0.1849
v 0.0817 1.0172 -0.1830
v 0.7183 -0.7010 -0.2343
v -1.6222 0.6307 -0.2378
v 0.1318 1.0078 -0.1617
v -1.1681 -0.8590 -0.3339
v -0.7825 0.6919 -0.5176
v 2.0572 0.5407 -0.3009
v 0.7575 -0.6844 -0.1840
v -1.5740 0.6307 -0.2807
v 0.1809 0.9970 -0.1379
v -1.5254 0.6288 -0.3153
v 0.7951 -0.6663 -0.1276
v 0.2289 0.9848 -0.1085
v 2.1063 0.5367 -0.2383
v -0.7264 0.7013 -0.5204
v -1.4775 0.6265 -0.3437
v 0.8311 -0.6461 -0.0675
v 2.1428 0.5372 -0.1550
v -1.4304 0.6250 -0.3675
v -0.6694 0.7098 -0.5228
v -1.3844 0.6252 -0.3881
v -0.6117 0.7173 -0.5248
v -1.3393 0.6275 -0.4064
v -1.2945 0.6322 -0.4227
v -0.5532 0.7238 -0.5264
v -1.2498 0.6390 -0.4373
v -1.2048 0.6478 -0.4502
v -0.4941 0.7295 -0.5276
v -1.1590 0.6580 -0.4614
v 0.2756 0.9710 -0.0773
v -1.1122 0.6693 -0.4712
v -0.4346 0.7343 -0.5284
v -1.0642 0.6812 -0.4796
v -0.3747 0.7382 -0.5289
v -0.3146 0.7413 -0.5291
v 1.5919 -0.6537 -0.1408
v 1.6344 -0.6642 -0.2177
v -0.2544 0.7437 -0.5290
v 1.6848 -0.6685 -0.2777
v 1.7423 -0.6677 -0.3204
v -0.1942 0.7452 -0.5285
v 1.8055 -0.6628 -0.3469
v 1.8726 -0.6548 -0.3589
v -0.1341 0.7461 -0.5277
v 1.9414 -0.6451 -0.3571
v -0.0742 0.7462 -0.5264
v 2.0088 -0.6348 -0.3406
v -0.0147 0.7456 -0.5248
v 2.0717 -0.6253 -0.3070
v 2.1263 -0.6182 -0.2526
v 2.1687 -0.6154 -0.1743
v 0.0444 0.7443 -0.5226
v 2.1949 -0.6189 -0.0733
v 0.1029 0.7424 -0.5199
v 0.1607 0.7399 -0.5167
v 0.2178 0.7367 -0.5127
v 0.2740 0.7329 -0.5079
v -1.6923 -0.6162 -0.1344
v -1.6514 -0.6288 -0.1968
v -1.6084 -0.6381 -0.2504
v -1.5642 -0.6450 -0.2957
v 0.3291 0.7285 -0.5022
v -1.5192 -0.6503 -0.3334
v -1.4737 -0.6549 -0.3645
v 0.3833 0.7236 -0.4954
v -1.4278 -0.6593 -0.3902
v -1.3818 -0.6639 -0.4114
v -1.3354 -0.6690 -0.4290
v 0.4363 0.7181 -0.4874
v -1.2886 -0.6748 -0.4439
v -1.2414 -0.6813 -0.4564
v 0.4882 0.7120 -0.4779
v -1.1935 -0.6885 -0.4671
v 1.8444 0.9664 -0.1406
v 1.8996 1.0511 -0.1015
v -1.1448 -0.6963 -0.4763
v 0.5388 0.7054 -0.4667
v 1.8964 0.9773 -0.2061
v 1.9528 1.0663 -0.1573
v -1.0150 0.6933 -0.4868
v -1.0952 -0.7045 -0.4842
v 1.9605 0.9815 -0.2428
v 2.0180 1.0722 -0.1841
v 0.5882 0.6982 -0.4535
v -1.0447 -0.7130 -0.4911
v -0.9930 -0.7215 -0.4970
v 2.0305 0.9784 -0.2520
v 0.6363 0.6904 -0.4379
v 2.0866 1.0684 -0.1838
v -0.9644 0.7052 -0.4930
v -0.9403 -0.7299 -0.5021
v 0.6831 0.6819 -0.4194
v 2.0993 0.9685 -0.2341
v 2.1502 1.0560 -0.1573
v -0.8865 -0.7380 -0.5065
v 0.7287 0.6726 -0.3976
v -0.8317 -0.7458 -0.5103
v 2.1585 0.9543 -0.1848
v 2.1992 1.0384 -0.0971
v -0.7759 -0.7530 -0.5135
v 0.7729 0.6626 -0.3719
v -0.9126 0.7167 -0.4983
v -0.7192 -0.7596 -0.5162
v 2.1987 0.9414 -0.0981
v -0.6617 -0.7656 -0.5184
v -0.4854 -0.7791 -0.5225
v -0.6035 -0.7708 -0.5202
v -1.1201 -0.8686 -0.3560
v -0.5447 -0.7754 -0.5216
v -0.4257 -0.7821 -0.5230
v -0.8595 0.7276 -0.5028
v -1.0712 -0.8778 -0.3747
v -0.3658 -0.7844 -0.5232
v -0.3058 -0.7859 -0.5229
v -0.2459 -0.7867 -0.5222
v -0.1860 -0.7868 -0.5211
v -0.8053 0.7378 -0.5067
v -0.1264 -0.7862 -0.5195
v -0.0671 -0.7849 -0.5174
v -0.0083 -0.7829 -0.5147
v 0.4735 0.8804 -0.1852
v 0.0500 -0.7803 -0.5114
v -0.7501 0.7471 -0.5099
v -0.6939 0.7555 -0.5127
v 1.8709 1.0085 -0.1207
v 1.9237 1.0218 -0.1851
v 0.5174 0.8647 -0.1453
v 1.9887 1.0273 -0.2180
v 2.0589 1.0240 -0.2231
v -0.6370 0.7631 -0.5150
v -0.5916 1.0547 -0.0691
v 2.1259 1.0129 -0.2005
v -0.5413 1.0593 -0.0751
v 2.1806 0.9967 -0.1456
v -0.4908 1.0629 -0.0852
v -0.4400 1.0656 -0.0936
v 0.5600 0.8479 -0.1017
v -0.3891 1.0678 -0.0953
v -0.3379 1.0688 -0.0957
v -0.2866 1.0686 -0.0960
v -0.2354 1.0673 -0.0928
v -0.8708 1.0103 -0.0679
v -0.5793 0.7698 -0.5168
v -0.1843 1.0649 -0.0841
v -0.8219 1.0190 -0.0945
v -0.1334 1.0610 -0.0789
v -0.7726 1.0271 -0.1106
v -0.0829 1.0559 -0.0681
v -0.7227 1.0340 -0.1273
v -0.6724 1.0400 -0.1413
v -0.6217 1.0453 -0.1510
v -0.5707 1.0497 -0.1591
v -0.5195 1.0535 -0.1667
v -0.5210 0.7756 -0.5182
v -0.4680 1.0566 -0.1738
v -0.4163 1.0589 -0.1783
v -0.3642 1.0603 -0.1800
v -0.3120 1.0608 -0.1800
v -0.2597 1.0603 -0.1778
v -0.2075 1.0587 -0.1727
v -0.1554 1.0558 -0.1656
v -0.4623 0.7805 -0.5193
v -0.1037 1.0517 -0.1567
v -0.0523 1.0463 -0.1447
v -0.0014 1.0397 -0.1300
v 0.0488 1.0316 -0.1121
v 0.0982 1.0222 -0.0925
v 0.1466 1.0113 -0.0680
v -0.4032 0.7846 -0.5199
v -0.2246 0.7920 -0.5196
v -0.1650 0.7929 -0.5187
v -0.3438 0.7879 -0.5202
v 2.0163 1.1364 -0.0658
v 2.0731 1.1391 -0.0648
v -0.1056 0.7931 -0.5173
v -0.0465 0.7925 -0.5155
v -0.2842 0.7903 -0.5201
v 0.0123 0.7911 -0.5130
v 0.7401 -0.2140 -0.5364
v 1.9304 1.0913 -0.0707
v 1.9838 1.1069 -0.1171
v 2.0471 1.1120 -0.1356
v 2.0233 -0.2189 -0.1090
v 2.1109 1.1074 -0.1282
v 2.1681 1.0944 -0.1000
v 0.7885 -0.2127 -0.5329
v 0.8355 -0.2112 -0.5289
v -2.1232 -0.2112 -0.0956
v -2.0911 -0.2230 -0.1712
v -2.0505 -0.2296 -0.2370
v 0.8810 -0.2095 -0.5245
v -2.0025 -0.2319 -0.2907
v -1.9483 -0.2305 -0.3324
v 1.2757 -0.2226 -0.4573
v -1.8895 -0.2259 -0.3631
v 1.3122 -0.2233 -0.4556
v 1.3530 -0.2250 -0.4550
v 0.9252 -0.2076 -0.5197
v -1.8278 -0.2185 -0.3841
v 1.3987 -0.2261 -0.4560
v 1.4494 -0.2254 -0.4576
v -1.7651 -0.2088 -0.3968
v 1.5044 -0.2224 -0.4587
v -1.7033 -0.1976 -0.4021
v 1.5632 -0.2170 -0.4580
v 0.9679 -0.2054 -0.5145
v -0.9153 -0.0698 -0.5367
v 1.6246 -0.2095 -0.4542
v -1.6440 -0.1857 -0.4007
v 1.6876 -0.2001 -0.4457
v -0.8615 -0.0741 -0.5421
v 1.7507 -0.1896 -0.4303
v -1.5884 -0.1743 -0.3931
v -0.8056 -0.0778 -0.5462
v 1.8122 -0.1790 -0.4044
v 1.7206 0.8335 -0.1268
v -0.7481 -0.0810 -0.5493
v 1.0093 -0.2028 -0.5090
v 1.8703 -0.1700 -0.3633
v -1.5368 -0.1648 -0.3808
v -1.3725 -0.1131 -0.2542
v 1.9224 -0.1648 -0.3017
v -0.6890 -0.0836 -0.5517
v -1.4890 -0.1578 -0.3667
v 1.7648 0.8447 -0.2040
v 1.9659 -0.1657 -0.2171
v -1.3312 -0.1121 -0.2831
v -1.4439 -0.1535 -0.3558
v -0.6288 -0.0858 -0.5535
v 1.9981 -0.1746 -0.1113
v -1.2927 -0.1109 -0.3283
v -1.4010 -0.1513 -0.3539
v -0.5675 -0.0876 -0.5549
v 1.8191 0.8497 -0.2605
v 1.0492 -0.1998 -0.5034
v -1.3598 -0.1508 -0.3650
v -0.5054 -0.0890 -0.5560
v -1.2566 -0.1117 -0.3783
v -0.4427 -0.0902 -0.5568
v -1.3203 -0.1518 -0.3870
v -1.2212 -0.1159 -0.4228
v -0.3795 -0.0912 -0.5575
v -1.2825 -0.1547 -0.4148
v -1.1848 -0.1230 -0.4575
v 1.0876 -0.1963 -0.4977
v -0.3160 -0.0919 -0.5579
v 1.8819 0.8495 -0.2957
v -1.2453 -0.1601 -0.4428
v -1.1463 -0.1320 -0.4832
v -1.1843 0.0022 -0.2894
v -0.2523 -0.0925 -0.5582
v -1.2076 -0.1679 -0.4674
v -1.1051 -0.1418 -0.5019
v -1.1557 0.0025 -0.3887
v -0.1886 -0.0929 -0.5583
v -1.0611 -0.1518 -0.5155
v 1.9501 0.8451 -0.3101
v -1.1215 -0.0003 -0.4479
v -1.1684 -0.1775 -0.4873
v 1.1247 -0.1922 -0.4924
v -1.0142 -0.1614 -0.5256
v -2.1538 -0.1679 -0.1023
v -0.1250 -0.0932 -0.5583
v -1.0824 -0.0043 -0.4839
v -1.1272 -0.1882 -0.5029
v -2.1219 -0.1774 -0.1791
v -0.9647 -0.1703 -0.5331
v -2.0812 -0.1823 -0.2433
v -1.0391 -0.0084 -0.5065
v -1.0835 -0.1992 -0.5150
v -0.9128 -0.1783 -0.5388
v -2.0326 -0.1836 -0.2952
v -0.0617 -0.0934 -0.5582
v 1.1605 -0.1877 -0.4877
v -0.9922 -0.0122 -0.5214
v -0.8587 -0.1855 -0.5432
v -1.9773 -0.1819 -0.3352
v -1.0372 -0.2101 -0.5243
v -0.9422 -0.0155 -0.5315
v -0.8028 -0.1918 -0.5466
v -1.9170 -0.1774 -0.3644
v 2.0197 0.8373 -0.3037
v -0.9885 -0.2203 -0.5314
v 0.0013 -0.0935 -0.5580
v -1.8533 -0.1705 -0.3838
v -0.8896 -0.0184 -0.5386
v -0.7453 -0.1974 -0.5492
v -0.9375 -0.2298 -0.5370
v 1.1951 -0.1831 -0.4837
v -0.6864 -0.2021 -0.5513
v -0.8347 -0.0207 -0.5437
v -1.7882 -0.1616 -0.3944
v 0.0638 -0.0936 -0.5577
v -0.8843 -0.2384 -0.5414
v -0.6263 -0.2062 -0.5530
v -0.7780 -0.0226 -0.5475
v -0.8293 -0.2461 -0.5449
v -1.7238 -0.1510 -0.3966
v 0.1258 -0.0936 -0.5572
v -0.5652 -0.2096 -0.5543
v -0.7196 -0.0241 -0.5504
v -0.7725 -0.2529 -0.5477
v 1.2290 -0.1791 -0.4804
v -1.6620 -0.1398 -0.3901
v -0.6599 -0.0253 -0.5526
v -0.5032 -0.2125 -0.5553
v 2.0854 0.8273 -0.2739
v 0.1870 -0.0935 -0.5566
v -0.7143 -0.2589 -0.5499
v -0.5991 -0.0262 -0.5543
v -0.4407 -0.2149 -0.5560
v -1.6045 -0.1291 -0.3742
v -0.6548 -0.2640 -0.5516
v 0.2475 -0.0934 -0.5559
v -0.5374 -0.0269 -0.5555
v -0.3777 -0.2169 -0.5566
v -1.5521 -0.1204 -0.3483
v 1.2633 -0.1764 -0.4777
v -0.5943 -0.2684 -0.5530
v -0.4749 -0.0274 -0.5565
v -0.3144 -0.2185 -0.5570
v 0.3070 -0.0932 -0.5550
v -1.5043 -0.1151 -0.3146
v -0.5329 -0.2722 -0.5541
v -0.4118 -0.0278 -0.5573
v 2.1408 0.8171 -0.2154
v -1.4594 -0.1134 -0.2796
v -0.4708 -0.2754 -0.5550
v 0.3656 -0.0930 -0.5540
v -0.2509 -0.2198 -0.5573
v -0.3484 -0.0281 -0.5578
v 1.2995 -0.1756 -0.4751
v -1.4156 -0.1134 -0.2546
v -0.4081 -0.2780 -0.5556
v -0.2848 -0.0283 -0.5582
v 0.4232 -0.0928 -0.5528
v -0.1875 -0.2208 -0.5574
v 1.3389 -0.1760 -0.4730
v -0.2210 -0.0285 -0.5584
v -0.3451 -0.2802 -0.5561
v 0.4797 -0.0925 -0.5515
v -0.1241 -0.2215 -0.5573
v -0.1573 -0.0285 -0.5585
v 1.3826 -0.1765 -0.4714
v 2.1793 0.8097 -0.1227
v -0.2819 -0.2819 -0.5564
v 0.5350 -0.0922 -0.5499
v 1.4310 -0.1761 -0.4704
v -0.0610 -0.2220 -0.5572
v -0.0938 -0.0286 -0.5585
v 0.5890 -0.0919 -0.5481
v -0.2186 -0.2833 -0.5565
v 1.4838 -0.1742 -0.4691
v 0.0017 -0.2222 -0.5569
v 0.6418 -0.0915 -0.5461
v -0.0305 -0.0286 -0.5583
v -0.1553 -0.2843 -0.5565
v 1.5405 -0.1703 -0.4667
v 0.0640 -0.2223 -0.5564
v 0.6932 -0.0911 -0.5439
v -0.0922 -0.2850 -0.5563
v 0.0323 -0.0286 -0.5581
v 0.1257 -0.2222 -0.5559
v 1.6001 -0.1645 -0.4620
v 0.1867 -0.2220 -0.5552
v 0.7432 -0.0907 -0.5414
v -0.0295 -0.2854 -0.5561
v 0.0946 -0.0286 -0.5577
v 1.6616 -0.1570 -0.4536
v 0.7919 -0.0901 -0.5386
v 0.0328 -0.2856 -0.5557
v 1.7234 -0.1480 -0.4391
v 0.1562 -0.0285 -0.5572
v 0.0946 -0.2855 -0.5551
v 0.8391 -0.0895 -0.5356
v -1.2554 0.8853 -0.1117
v 1.7840 -0.1384 -0.4150
v -1.2103 0.8980 -0.1516
v 0.2171 -0.0285 -0.5566
v 0.8848 -0.0888 -0.5324
v 0.1558 -0.2853 -0.5544
v 0.2468 -0.2217 -0.5543
v -1.1643 0.9093 -0.1867
v 1.8415 -0.1294 -0.3759
v 0.2772 -0.0284 -0.5558
v 0.9291 -0.0880 -0.5289
v 0.2162 -0.2848 -0.5535
v -1.1175 0.9197 -0.2175
v 1.8939 -0.1232 -0.3147
v 0.9719 -0.0869 -0.5252
v 0.2757 -0.2842 -0.5524
v -1.0698 0.9293 -0.2442
v 0.3364 -0.0284 -0.5549
v -1.0214 0.9383 -0.2673
v 1.0131 -0.0857 -0.5214
v 0.3343 -0.2835 -0.5511
v 1.9384 -0.1229 -0.2269
v 0.3062 -0.2212 -0.5533
v 0.5076 -0.0282 -0.5513
v 0.3946 -0.0283 -0.5539
v -0.9723 0.9469 -0.2868
v 1.0530 -0.0843 -0.5176
v -0.9225 0.9551 -0.3033
v 0.3920 -0.2826 -0.5497
v 1.9715 -0.1313 -0.1178
v 0.4517 -0.0283 -0.5527
v -0.8720 0.9628 -0.3174
v 0.5624 -0.0281 -0.5497
v 1.0913 -0.0826 -0.5138
v -0.8208 0.9700 -0.3295
v 0.4485 -0.2815 -0.5479
v 1.1284 -0.0808 -0.5101
v 0.6159 -0.0281 -0.5479
v -0.7691 0.9766 -0.3397
v 1.1644 -0.0789 -0.5065
v 0.5039 -0.2804 -0.5459
v 0.3645 -0.2206 -0.5521
v -0.7167 0.9827 -0.3482
v 1.1997 -0.0771 -0.5032
v 0.9000 -0.2664 -0.5148
v 0.6680 -0.0280 -0.5459
v -0.6639 0.9881 -0.3551
v 0.5580 -0.2791 -0.5435
v 1.2349 -0.0756 -0.5000
v 0.9434 -0.2637 -0.5085
v 0.7189 -0.0278 -0.5437
v -0.6107 0.9929 -0.3607
v 1.2710 -0.0748 -0.4970
v 0.6109 -0.2777 -0.5408
v 0.9854 -0.2606 -0.5016
v 1.3090 -0.0746 -0.4940
v -0.5571 0.9971 -0.3651
v 0.7683 -0.0277 -0.5412
v 1.0261 -0.2569 -0.4942
v 0.4218 -0.2199 -0.5507
v 1.3498 -0.0748 -0.4910
v 0.6625 -0.2762 -0.5377
v -0.5030 1.0007 -0.3686
v 1.0654 -0.2527 -0.4865
v 1.3943 -0.0750 -0.4879
v 0.8163 -0.0275 -0.5385
v 0.7127 -0.2746 -0.5342
v 1.4429 -0.0747 -0.4846
v 1.1034 -0.2478 -0.4789
v 0.8628 -0.0272 -0.5356
v 1.4953 -0.0737 -0.4807
v 0.7616 -0.2728 -0.5302
v 1.5512 -0.0717 -0.4754
v 1.1751 -0.2359 -0.4661
v 1.1399 -0.2421 -0.4718
v 1.6095 -0.0687 -0.4677
v 0.9079 -0.0269 -0.5325
v 1.6689 -0.0646 -0.4558
v 0.8091 -0.2709 -0.5256
v 0.4780 -0.2192 -0.5490
v 1.7279 -0.0596 -0.4372
v 1.2089 -0.2297 -0.4620
v 1.2420 -0.2248 -0.4594
v 0.9514 -0.0264 -0.5292
v 1.7842 -0.0539 -0.4071
v 0.8553 -0.2688 -0.5205
v 1.8357 -0.0482 -0.3564
v 1.8800 -0.0441 -0.2690
v 0.9935 -0.0259 -0.5258
v 1.8126 -0.0910 -0.3909
v -0.0929 -0.1578 -0.5579
v 0.5867 -0.2174 -0.5449
v 1.9160 -0.0471 -0.1345
v 1.8645 -0.0842 -0.3328
v 1.0341 -0.0253 -0.5223
v 1.9097 -0.0818 -0.2421
v -0.0298 -0.1581 -0.5577
v 0.6392 -0.2164 -0.5424
v 0.5330 -0.2183 -0.5471
v 1.9445 -0.0884 -0.1213
v 1.0732 -0.0246 -0.5188
v 0.0329 -0.1582 -0.5574
v 0.6903 -0.2152 -0.5396
v 1.1110 -0.0238 -0.5153
v 0.0950 -0.1582 -0.5570
v 1.1476 -0.0229 -0.5120
v 0.1565 -0.1582 -0.5564
v 1.1834 -0.0222 -0.5087
v -2.1220 -0.0256 -0.2807
v -2.2283 -0.0228 -0.0841
v 0.2172 -0.1580 -0.5557
v 1.2190 -0.0217 -0.5055
v -2.1823 -0.1215 -0.1049
v -2.2040 -0.0257 -0.1625
v 1.2550 -0.0216 -0.5024
v 0.2772 -0.1577 -0.5548
v -2.1678 -0.0263 -0.2279
v -2.0680 -0.0242 -0.3219
v 1.2924 -0.0218 -0.4993
v -2.1519 -0.1292 -0.1811
v 0.3361 -0.1574 -0.5538
v 1.3322 -0.0223 -0.4962
v 1.3751 -0.0230 -0.4930
v -2.2079 -0.0730 -0.1005
v -1.8010 -0.0122 -0.3853
v -2.1117 -0.1327 -0.2448
v 0.3941 -0.1570 -0.5526
v 1.4217 -0.0235 -0.4895
v -2.1799 -0.0784 -0.1766
v -2.0073 -0.0221 -0.3526
v 1.4721 -0.0237 -0.4855
v -1.7317 -0.0077 -0.3730
v -1.1980 -0.0749 -0.4034
v -2.1411 -0.0805 -0.2404
v 0.4510 -0.1565 -0.5513
v 1.5261 -0.0233 -0.4804
v 1.5829 -0.0224 -0.4734
v -2.0631 -0.1332 -0.2959
v -2.0933 -0.0805 -0.2916
v -1.1629 -0.0807 -0.4494
v 1.6415 -0.0209 -0.4631
v -1.6671 -0.0033 -0.3422
v 0.5068 -0.1560 -0.5497
v 1.7001 -0.0189 -0.4474
v 1.7568 -0.0164 -0.4226
v -1.9413 -0.0195 -0.3734
v -2.0380 -0.0788 -0.3311
v 1.8091 -0.0136 -0.3814
v -1.1247 -0.0885 -0.4806
v -1.6112 -0.0002 -0.2822
v 1.8536 -0.0108 -0.3088
v 0.5614 -0.1554 -0.5479
v -2.0074 -0.1314 -0.3351
v -1.9764 -0.0758 -0.3600
v 1.8862 -0.0093 -0.1696
v -1.0832 -0.0970 -0.5018
v -1.5676 -0.0017 -0.1750
v 0.6146 -0.1548 -0.5458
v -1.9103 -0.0715 -0.3791
v -1.0385 -0.1053 -0.5166
v -1.9460 -0.1275 -0.3636
v -1.8718 -0.0161 -0.3846
v -1.6228 -0.0862 -0.3572
v 0.6666 -0.1541 -0.5435
v -1.8415 -0.0659 -0.3887
v -0.9907 -0.1131 -0.5272
v -1.5698 -0.0791 -0.3162
v -1.7723 -0.0592 -0.3882
v -0.9403 -0.1203 -0.5348
v 0.7172 -0.1533 -0.5408
v -1.8808 -0.1217 -0.3823
v -1.5233 -0.0766 -0.2561
v -0.8875 -0.1266 -0.5405
v -1.7054 -0.0518 -0.3753
v 0.7665 -0.1524 -0.5379
v -1.4803 -0.0796 -0.1817
v -0.8325 -0.1321 -0.5448
v -1.6436 -0.0447 -0.3458
v 0.8143 -0.1515 -0.5347
v -0.7758 -0.1369 -0.5480
v -1.8136 -0.1142 -0.3918
v -1.5896 -0.0395 -0.2919
v 0.8607 -0.1504 -0.5311
v -0.7175 -0.1409 -0.5506
v -1.3010 -0.0833 -0.1668
v 0.9056 -0.1491 -0.5273
v -1.5451 -0.0396 -0.2052
v -0.6579 -0.1444 -0.5525
v -1.2356 -0.0417 -0.1756
v -1.2643 -0.0752 -0.2506
v -1.7466 -0.1052 -0.3918
v -0.5972 -0.1473 -0.5541
v -1.2312 -0.0726 -0.3373
v 0.9491 -0.1477 -0.5232
v -0.5355 -0.1498 -0.5552
v -1.2066 -0.0353 -0.3034
v 0.9912 -0.1459 -0.5188
v -0.4732 -0.1518 -0.5562
v -1.6823 -0.0955 -0.3812
v 1.0317 -0.1439 -0.5143
v -0.4103 -0.1535 -0.5569
v -1.1418 -0.0402 -0.4456
v 1.2858 -0.1262 -0.4882
v -1.1761 -0.0358 -0.3903
v 1.5180 -0.1226 -0.4744
v -0.3470 -0.1548 -0.5574
v 1.0708 -0.1415 -0.5098
v 1.3244 -0.1259 -0.4855
v -1.1035 -0.0463 -0.4806
v 1.5757 -0.1187 -0.4692
v 1.3666 -0.1261 -0.4829
v 1.6356 -0.1134 -0.4610
v 1.1085 -0.1387 -0.5055
v 1.6961 -0.1067 -0.4477
v -1.0613 -0.0528 -0.5033
v 1.4129 -0.1260 -0.4804
v 1.7558 -0.0990 -0.4262
v 1.1449 -0.1357 -0.5014
v 1.4635 -0.1250 -0.4778
v -1.0156 -0.0590 -0.5186
v -0.2834 -0.1559 -0.5577
v -0.9668 -0.0647 -0.5291
v 1.1802 -0.1325 -0.4976
v -0.1563 -0.1573 -0.5580
v 1.2149 -0.1296 -0.4942
v -0.2198 -0.1567 -0.5579
v 1.2497 -0.1274 -0.4911
v 0.6044 -0.3944 -0.5317
v 0.6554 -0.3918 -0.5272
v 0.7050 -0.3889 -0.5219
v 0.7533 -0.3859 -0.5158
v 0.8002 -0.3826 -0.5087
v 0.8458 -0.3790 -0.5005
v 0.8902 -0.3750 -0.4910
v 0.9332 -0.3706 -0.4801
v 0.9750 -0.3657 -0.4676
v 1.0157 -0.3601 -0.4535
v 1.0553 -0.3537 -0.4376
v 1.0937 -0.3463 -0.4201
v 1.1309 -0.3377 -0.4017
v 1.1669 -0.3278 -0.3840
v 1.2013 -0.3168 -0.3707
v -1.9205 -0.2778 -0.3269
v -1.8636 -0.2736 -0.3597
v 1.2339 -0.3061 -0.3677
v 1.2651 -0.3028 -0.3701
v -1.8041 -0.2663 -0.3830
v 1.2994 -0.3096 -0.3713
v 1.3392 -0.3166 -0.3827
v -1.7440 -0.2566 -0.3984
v 1.3843 -0.3212 -0.3982
v 1.4344 -0.3227 -0.4133
v 1.4890 -0.3210 -0.4257
v -1.6847 -0.2454 -0.4073
v -1.0120 -0.2708 -0.5297
v 1.5478 -0.3161 -0.4343
v 0.1246 -0.3475 -0.5532
v -1.6277 -0.2337 -0.4109
v -0.9617 -0.2813 -0.5351
v 1.6098 -0.3085 -0.4384
v -0.9093 -0.2910 -0.5395
v 1.6742 -0.2985 -0.4371
v -1.5738 -0.2226 -0.4106
v -0.8551 -0.2998 -0.5430
v 1.7397 -0.2870 -0.4294
v -1.5233 -0.2131 -0.4081
v -0.7991 -0.3078 -0.5458
v 1.8047 -0.2751 -0.4132
v -1.4760 -0.2059 -0.4060
v 0.1852 -0.3470 -0.5523
v 1.8673 -0.2642 -0.3859
v -0.7416 -0.3148 -0.5481
v 1.9254 -0.2560 -0.3438
v -1.4314 -0.2013 -0.4070
v 1.9764 -0.2522 -0.2832
v -0.6828 -0.3209 -0.5500
v -1.3890 -0.1994 -0.4133
v 2.0180 -0.2543 -0.2023
v 2.0478 -0.2635 -0.1035
v -0.6229 -0.3263 -0.5515
v -0.5004 -0.3348 -0.5536
v -1.3483 -0.1999 -0.4253
v 0.2449 -0.3462 -0.5512
v -0.5620 -0.3309 -0.5527
v -1.3089 -0.2030 -0.4415
v -1.2701 -0.2084 -0.4593
v -1.2311 -0.2162 -0.4764
v -0.4382 -0.3381 -0.5543
v -1.1912 -0.2258 -0.4915
v 1.0804 -0.3018 -0.4604
v 0.3038 -0.3453 -0.5498
v -1.1496 -0.2367 -0.5042
v 1.1179 -0.2953 -0.4491
v -1.1060 -0.2481 -0.5146
v 1.1541 -0.2877 -0.4388
v -2.0922 -0.2525 -0.0808
v -0.3755 -0.3408 -0.5548
v 1.1887 -0.2793 -0.4310
v -2.0602 -0.2666 -0.1580
v -1.0602 -0.2596 -0.5230
v -2.0203 -0.2749 -0.2265
v 1.2218 -0.2712 -0.4273
v 0.3616 -0.3442 -0.5482
v -1.9733 -0.2784 -0.2829
v -0.1864 -0.3460 -0.5554
v 1.2538 -0.2660 -0.4265
v 1.2873 -0.2663 -0.4253
v -0.3126 -0.3430 -0.5552
v 1.3248 -0.2700 -0.4258
v -0.1235 -0.3469 -0.5552
v 1.3676 -0.2735 -0.4300
v -0.0608 -0.3475 -0.5550
v 1.4157 -0.2749 -0.4363
v 1.4686 -0.2737 -0.4425
v 0.4184 -0.3428 -0.5463
v 1.5256 -0.2697 -0.4470
v 0.0016 -0.3478 -0.5545
v -0.2495 -0.3447 -0.5553
v 0.0634 -0.3478 -0.5540
v 1.5862 -0.2630 -0.4485
v 1.7779 -0.2319 -0.4216
v 1.6493 -0.2540 -0.4458
v 1.8401 -0.2210 -0.3947
v 0.4741 -0.3414 -0.5441
v 1.7137 -0.2434 -0.4376
v 1.8982 -0.2124 -0.3528
v 1.9499 -0.2080 -0.2918
v 1.9924 -0.2097 -0.2094
v 0.8735 -0.3236 -0.5084
v 0.6338 -0.3360 -0.5351
v 0.5819 -0.3380 -0.5386
v 0.9175 -0.3203 -0.5007
v 0.5286 -0.3397 -0.5415
v 0.9601 -0.3166 -0.4919
v 1.0014 -0.3124 -0.4822
v 1.0415 -0.3075 -0.4717
v 0.7338 -0.3317 -0.5265
v 0.6845 -0.3339 -0.5311
v 0.8283 -0.3265 -0.5153
v 0.7817 -0.3292 -0.5213
v -1.1908 -0.9086 -0.0881
v -1.4817 -0.7581 -0.0886
v -1.5372 -0.7245 -0.0859
v -1.6104 -0.6785 -0.0857
v -1.4058 -0.8021 -0.0862
v -1.3292 -0.8436 -0.0806
v -1.7241 -0.6001 -0.0973
v -1.8101 -0.5360 -0.0854
v -1.9886 -0.3682 -0.0762
v -2.0228 -0.3303 -0.0821
v -1.8945 -0.4618 -0.0840
v -2.1426 -0.1919 -0.0664
v -2.1728 -0.1491 -0.0667
v -2.1994 -0.1032 -0.0676
v -2.2217 -0.0547 -0.0613
v -2.2368 0.0176 -0.0729
v -1.4504 -0.0895 -0.1686
v -1.5477 -0.0167 -0.1344
v -1.5036 -0.0615 -0.1550
v -1.3917 -0.0992 -0.1643
v -1.3470 -0.0979 -0.1772
v -1.2139 -0.0186 -0.1811
v -1.2559 -0.0570 -0.1642
v -0.8721 -1.0224 -0.0700
v -1.1269 -0.9366 -0.0774
v -1.0001 -0.9838 -0.0784
v -0.8223 -1.0341 -0.0821
v -0.6933 -1.0603 -0.0640
v -0.6427 -1.0674 -0.0697
v -0.5919 -1.0732 -0.0750
v -0.5409 -1.0776 -0.0785
v -0.4899 -1.0806 -0.0804
v -0.3530 -1.0819 -0.0721
v -0.2850 -1.0781 -0.0772
v -0.2341 -1.0739 -0.0750
v -0.1326 -1.0615 -0.0662
v -0.1833 -1.0684 -0.0697
v -0.0195 -1.0406 -0.0790
v -2.2252 0.1110 -0.0654
v -2.1995 0.1593 -0.0658
v -2.1685 0.2027 -0.0632
v -2.0905 0.2887 -0.0798
v -2.0418 0.3384 -0.0760
v -1.9441 0.4285 -0.0850
v -1.8594 0.5035 -0.0925
v -1.5891 0.0653 -0.1371
v -1.5714 0.0224 -0.1266
v -1.5897 0.1649 -0.1337
v -1.5724 0.2071 -0.1203
v -1.5491 0.2464 -0.1249
v -1.1693 0.1254 -0.1508
v -1.1824 0.1986 -0.1919
v -1.2034 0.2379 -0.1933
v -1.5204 0.2822 -0.1444
v -1.4370 0.3260 -0.1564
v -1.3278 0.3222 -0.1508
v -1.3914 0.3299 -0.1472
v -1.7410 0.6024 -0.0937
v -1.5806 0.7179 -0.0893
v -1.6324 0.6846 -0.0823
v -1.5052 0.7641 -0.0887
v -1.4289 0.8065 -0.0882
v -1.3044 0.8657 -0.0990
v -1.2267 0.8994 -0.0900
v -1.1001 0.9460 -0.0852
v -0.9229 0.9970 -0.0868
v -0.9725 0.9847 -0.0786
v -0.7442 1.0343 -0.0750
v -0.6433 1.0481 -0.0869
v -0.6939 1.0416 -0.0847
v -0.3632 1.0699 -0.0644
v -0.3124 1.0704 -0.0627
v -0.2615 1.0695 -0.0649
v 0.0197 1.0396 -0.0752
v -0.0309 1.0479 -0.0825
v 0.0463 -1.0260 -0.0717
v 0.0960 -1.0135 -0.0610
v 0.1578 -0.9948 -0.0739
v 0.2851 -0.9501 -0.0787
v 0.4056 -0.8989 -0.0661
v 0.4857 -0.8587 -0.0734
v 0.5634 -0.8159 -0.0787
v 0.6389 -0.7712 -0.0750
v 0.7120 -0.7250 -0.0776
v 0.8961 -0.5999 -0.0927
v 0.9660 -0.5518 -0.0863
v 1.0350 -0.5026 -0.0896
v 1.1427 -0.4198 -0.1231
v 1.2373 -0.3302 -0.2776
v 1.7228 -0.8028 -0.0856
v 1.6911 -0.7646 -0.0983
v 1.5994 -0.6730 -0.0850
v 1.5648 -0.6365 -0.0998
v 1.8747 -0.9780 -0.0798
v 1.8420 -0.9393 -0.0956
v 1.9559 -1.0584 -0.0794
v 2.1402 -1.1149 -0.0704
v 2.2301 -0.9710 -0.0745
v 2.2351 -0.8796 -0.0840
v 2.2288 -0.7858 -0.0786
v 2.2065 -0.6726 -0.0864
v 2.2194 -0.7224 -0.0709
v 1.4229 -0.4990 -0.1063
v 1.2584 -0.3262 -0.2892
v 1.3406 -0.4181 -0.1290
v 1.4697 -0.5459 -0.0928
v 2.1714 -0.5440 -0.0776
v 2.1536 -0.4961 -0.0856
v 2.1348 -0.4486 -0.0907
v 0.9846 0.5987 -0.0925
v 0.9101 0.6462 -0.0899
v 1.1829 0.4678 -0.1048
v 1.1330 0.5016 -0.0976
v 1.0588 0.5508 -0.0915
v 0.3265 0.9523 -0.0773
v 0.4304 0.9101 -0.0698
v 0.5127 0.8723 -0.0773
v 0.5934 0.8323 -0.0828
v 0.0700 1.0297 -0.0692
v 0.1791 1.0021 -0.0730
v 0.8353 0.6933 -0.0902
v 1.3067 0.4103 -0.2066
v 1.3978 0.5085 -0.1205
v 1.4432 0.5567 -0.0978
v 1.5237 0.6366 -0.1006
v 1.8886 0.0327 -0.1712
v 1.9179 0.0711 -0.1237
v 1.9460 0.1127 -0.1030
v 1.9726 0.1557 -0.0963
v 1.9983 0.1992 -0.0918
v 2.0235 0.2430 -0.0882
v 2.0487 0.2868 -0.0823
v 2.0730 0.3314 -0.0794
v 2.0964 0.3768 -0.0774
v 2.1188 0.4225 -0.0677
v 2.1568 0.5310 -0.0834
v 2.1758 0.5993 -0.0733
v 1.5707 0.6856 -0.0927
v 1.6493 0.7660 -0.0964
v 1.6956 0.8158 -0.0918
v 1.8156 0.9489 -0.0956
v 2.1828 0.6676 -0.0821
v 2.1828 0.7743 -0.0947
v 2.1955 0.8826 -0.0806
v 1.8747 1.0304 -0.0773
v 1.9591 1.1124 -0.0676
v 2.1144 1.1309 -0.0707
v 2.2048 0.9767 -0.0830
v 2.1995 1.0724 -0.0663
v 1.8456 0.9889 -0.0866
v -1.2187 -0.8971 -0.0735
v -2.2400 0.0499 -0.0591
v -1.4229 -0.0946 -0.1562
v -1.1971 0.0065 -0.1752
v -0.3189 -1.0805 -0.0704
v 0.0131 -1.0340 -0.0676
v -2.0686 0.3127 -0.0718
v -1.3546 0.3269 -0.1449
v 1.9776 -1.0811 -0.0747
v 1.4443 -0.5217 -0.0915
v 0.8107 0.7099 -0.0694
v 1.4186 0.5324 -0.0983
v 1.5446 0.6595 -0.0897
v 2.1668 0.5615 -0.0733
v 2.1494 1.1216 -0.0624
v 2.2099 1.0061 -0.0701
v -1.5227 -0.0428 -0.1318
v 0.1877 -0.9857 -0.0670
v 2.2382 -0.9089 -0.0676
v 0.6202 0.8194 -0.0653
v 0.2089 0.9936 -0.0640
v 1.6699 0.7897 -0.0861
v -1.1736 0.1145 -0.0009
v -1.1746 0.0935 -0.0009
v -1.1778 0.0731 -0.0009
v -1.1828 0.0535 -0.0009
v -1.1897 0.0346 -0.0009
v -1.1984 0.0167 -0.0009
v -1.2087 -0.0002 -0.0009
v -1.2205 -0.0160 -0.0009
v -1.2338 -0.0306 -0.0009
v -1.2484 -0.0438 -0.0009
v -1.2642 -0.0556 -0.0009
v -1.2812 -0.0659 -0.0009
v -1.2991 -0.0745 -0.0009
v -1.3180 -0.0814 -0.0009
v -1.3377 -0.0865 -0.0009
v -1.3580 -0.0896 -0.0009
v -1.3790 -0.0906 -0.0009
v -1.4000 -0.0896 -0.0009
v -1.4204 -0.0865 -0.0009
v -1.4401 -0.0814 -0.0009
v -1.4589 -0.0745 -0.0009
v -1.4769 -0.0659 -0.0009
v -1.4938 -0.0556 -0.0009
v -1.5096 -0.0438 -0.0009
v -1.5242 -0.0306 -0.0009
v -1.5375 -0.0160 -0.0009
v -1.5493 -0.0002 -0.0009
v -1.5596 0.0167 -0.0009
v -1.5683 0.0346 -0.0009
v -1.5752 0.0535 -0.0009
v -1.5803 0.0731 -0.0009
v -1.5834 0.0935 -0.0009
v -1.5845 0.1145 -0.0009
v -1.5834 0.1355 -0.0009
v -1.5803 0.1559 -0.0009
v -1.5752 0.1756 -0.0009
v -1.5683 0.1945 -0.0009
v -1.5596 0.2125 -0.0009
v -1.5493 0.2294 -0.0009
v -1.5375 0.2452 -0.0009
v -1.5242 0.2598 -0.0009
v -1.5096 0.2731 -0.0009
v -1.4938 0.2849 -0.0009
v -1.4769 0.2952 -0.0009
v -1.4589 0.3038 -0.0009
v -1.4401 0.3107 -0.0009
v -1.4204 0.3157 -0.0009
v -1.4000 0.3189 -0.0009
v -1.3790 0.3199 -0.0009
v -1.3580 0.3189 -0.0009
v -1.3377 0.3157 -0.0009
v -1.3180 0.3107 -0.0009
v -1.2991 0.3038 -0.0009
v -1.2812 0.2952 -0.0009
v -1.2642 0.2849 -0.0009
v -1.2484 0.2731 -0.0009
v -1.2338 0.2598 -0.0009
v -1.2205 0.2452 -0.0009
v -1.2087 0.2294 -0.0009
v -1.1984 0.2125 -0.0009
v -1.1897 0.1945 -0.0009
v -1.1828 0.1756 -0.0009
v -1.1778 0.1559 -0.0009
v -1.1746 0.1355 -0.0009
v -1.1736 0.1145 0.0009
v -1.1746 0.0935 0.0009
v -1.1778 0.0731 0.0009
v -1.1828 0.0535 0.0009
v -1.1897 0.0346 0.0009
v -1.1984 0.0167 0.0009
v -1.2087 -0.0002 0.0009
v -1.2205 -0.0160 0.0009
v -1.2338 -0.0306 0.0009
v -1.2484 -0.0438 0.0009
v -1.2642 -0.0556 0.0009
v -1.2812 -0.0659 0.0009
v -1.2991 -0.0745 0.0009
v -1.3180 -0.0814 0.0009
v -1.3377 -0.0865 0.0009
v -1.3580 -0.0896 0.0009
v -1.3790 -0.0906 0.0009
v -1.4000 -0.0896 0.0009
v -1.4204 -0.0865 0.0009
v -1.4401 -0.0814 0.0009
v -1.4589 -0.0745 0.0009
v -1.4769 -0.0659 0.0009
v -1.4938 -0.0556 0.0009
v -1.5096 -0.0438 0.0009
v -1.5242 -0.0306 0.0009
v -1.5375 -0.0160 0.0009
v -1.5493 -0.0002 0.0009
v -1.5596 0.0167 0.0009
v -1.5683 0.0346 0.0009
v -1.5752 0.0535 0.0009
v -1.5803 0.0731 0.0009
v -1.5834 0.0935 0.0009
v -1.5845 0.1145 0.0009
v -1.5834 0.1355 0.0009
v -1.5803 0.1559 0.0009
v -1.5752 0.1756 0.0009
v -1.5683 0.1945 0.0009
v -1.5596 0.2125 0.0009
v -1.5493 0.2294 0.0009
v -1.5375 0.2452 0.0009
v -1.5242 0.2598 0.0009
v -1.5096 0.2731 0.0009
v -1.4938 0.2849 0.0009
v -1.4769 0.2952 0.0009
v -1.4589 0.3038 0.0009
v -1.4401 0.3107 0.0009
v -1.4204 0.3157 0.0009
v -1.4000 0.3189 0.0009
v -1.3790 0.3199 0.0009
v -1.3580 0.3189 0.0009
v -1.3377 0.3157 0.0009
v -1.3180 0.3107 0.0009
v -1.2991 0.3038 0.0009
v -1.2812 0.2952 0.0009
v -1.2642 0.2849 0.0009
v -1.2484 0.2731 0.0009
v -1.2338 0.2598 0.0009
v -1.2205 0.2452 0.0009
v -1.2087 0.2294 0.0009
v -1.1984 0.2125 0.0009
v -1.1897 0.1945 0.0009
v -1.1828 0.1756 0.0009
v -1.1778 0.1559 0.0009
v -1.1746 0.1355 0.0009
v -1.1741 0.1040 -0.0000
v -1.1762 0.0833 -0.0000
v -1.1803 0.0633 -0.0000
v -1.1863 0.0440 -0.0000
v -1.1941 0.0256 -0.0000
v -1.2035 0.0082 -0.0000
v -1.2146 -0.0081 -0.0000
v -1.2272 -0.0233 -0.0000
v -1.2411 -0.0372 -0.0000
v -1.2563 -0.0497 -0.0000
v -1.2727 -0.0608 -0.0000
v -1.2901 -0.0702 -0.0000
v -1.3085 -0.0780 -0.0000
v -1.3278 -0.0839 -0.0000
v -1.3478 -0.0880 -0.0000
v -1.3685 -0.0901 -0.0000
v -1.3895 -0.0901 -0.0000
v -1.4102 -0.0880 -0.0000
v -1.4302 -0.0839 -0.0000
v -1.4495 -0.0780 -0.0000
v -1.4679 -0.0702 -0.0000
v -1.4853 -0.0608 -0.0000
v -1.5017 -0.0497 -0.0000
v -1.5169 -0.0372 -0.0000
v -1.5309 -0.0233 -0.0000
v -1.5434 -0.0081 -0.0000
v -1.5545 0.0082 -0.0000
v -1.5640 0.0256 -0.0000
v -1.5717 0.0440 -0.0000
v -1.5777 0.0633 -0.0000
v -1.5818 0.0833 -0.0000
v -1.5839 0.1040 -0.0000
v -1.5839 0.1250 -0.0000
v -1.5818 0.1457 -0.0000
v -1.5777 0.1658 -0.0000
v -1.5717 0.1851 -0.0000
v -1.5640 0.2035 -0.0000
v -1.5545 0.2210 -0.0000
v -1.5434 0.2373 -0.0000
v -1.5309 0.2525 -0.0000
v -1.5169 0.2664 -0.0000
v -1.5017 0.2790 -0.0000
v -1.4853 0.2900 -0.0000
v -1.4679 0.2995 -0.0000
v -1.4495 0.3072 -0.0000
v -1.4302 0.3132 -0.0000
v -1.4102 0.3173 -0.0000
v -1.3895 0.3194 -0.0000
v -1.3685 0.3194 -0.0000
v -1.3478 0.3173 -0.0000
v -1.3278 0.3132 -0.0000
v -1.3085 0.3072 -0.0000
v -1.2901 0.2995 -0.0000
v -1.2727 0.2900 -0.0000
v -1.2563 0.2790 -0.0000
v -1.2411 0.2664 -0.0000
v -1.2272 0.2525 -0.0000
v -1.2146 0.2373 -0.0000
v -1.2035 0.2210 -0.0000
v -1.1941 0.2035 -0.0000
v -1.1863 0.1851 -0.0000
v -1.1803 0.1658 -0.0000
v -1.1762 0.1457 -0.0000
v -1.1741 0.1250 -0.0000
v 2.2437 -0.9120 -0.0009
v 2.2439 -0.8961 -0.0009
v 2.2435 -0.8754 -0.0009
v 2.2424 -0.8530 -0.0009
v 2.2404 -0.8288 -0.0009
v 2.2390 -0.8158 -0.0009
v 2.2375 -0.8028 -0.0009
v 2.2355 -0.7888 -0.0009
v 2.2336 -0.7749 -0.0009
v 2.2311 -0.7599 -0.0009
v 2.2285 -0.7450 -0.0009
v 2.2254 -0.7290 -0.0009
v 2.2224 -0.7131 -0.0009
v 2.2186 -0.6961 -0.0009
v 2.2149 -0.6791 -0.0009
v 2.2115 -0.6647 -0.0009
v 2.2075 -0.6486 -0.0009
v 2.2028 -0.6308 -0.0009
v 2.1974 -0.6112 -0.0009
v 2.1912 -0.5901 -0.0009
v 2.1842 -0.5673 -0.0009
v 2.1802 -0.5551 -0.0009
v 2.1762 -0.5430 -0.0009
v 2.1718 -0.5301 -0.0009
v 2.1673 -0.5171 -0.0009
v 2.1624 -0.5035 -0.0009
v 2.1574 -0.4898 -0.0009
v 2.1519 -0.4755 -0.0009
v 2.1464 -0.4611 -0.0009
v 2.1404 -0.4461 -0.0009
v 2.1343 -0.4310 -0.0009
v 2.1276 -0.4153 -0.0009
v 2.1210 -0.3996 -0.0009
v 2.1137 -0.3832 -0.0009
v 2.1064 -0.3669 -0.0009
v 2.0985 -0.3499 -0.0009
v 2.0905 -0.3329 -0.0009
v 2.0819 -0.3154 -0.0009
v 2.0733 -0.2978 -0.0009
v 2.0640 -0.2796 -0.0009
v 2.0546 -0.2615 -0.0009
v 2.0432 -0.2402 -0.0009
v 2.0317 -0.2189 -0.0009
v 2.0204 -0.1988 -0.0009
v 2.0090 -0.1787 -0.0009
v 1.9978 -0.1598 -0.0009
v 1.9866 -0.1409 -0.0009
v 1.9756 -0.1233 -0.0009
v 1.9647 -0.1056 -0.0009
v 1.9541 -0.0893 -0.0009
v 1.9435 -0.0729 -0.0009
v 1.9333 -0.0578 -0.0009
v 1.9232 -0.0427 -0.0009
v 1.9135 -0.0289 -0.0009
v 1.9039 -0.0150 -0.0009
v 1.8949 -0.0025 -0.0009
v 1.8859 0.0100 -0.0009
v 1.8969 0.0264 -0.0009
v 1.9089 0.0445 -0.0009
v 1.9218 0.0644 -0.0009
v 1.9287 0.0752 -0.0009
v 1.9355 0.0859 -0.0009
v 1.9428 0.0975 -0.0009
v 1.9500 0.1090 -0.0009
v 1.9576 0.1214 -0.0009
v 1.9652 0.1337 -0.0009
v 1.9730 0.1468 -0.0009
v 1.9809 0.1599 -0.0009
v 1.9890 0.1737 -0.0009
v 1.9971 0.1875 -0.0009
v 2.0052 0.2017 -0.0009
v 2.0134 0.2159 -0.0009
v 2.0211 0.2295 -0.0009
v 2.0288 0.2430 -0.0009
v 2.0362 0.2560 -0.0009
v 2.0436 0.2690 -0.0009
v 2.0505 0.2816 -0.0009
v 2.0575 0.2941 -0.0009
v 2.0642 0.3062 -0.0009
v 2.0708 0.3183 -0.0009
v 2.0771 0.3301 -0.0009
v 2.0833 0.3419 -0.0009
v 2.0893 0.3535 -0.0009
v 2.0952 0.3650 -0.0009
v 2.1008 0.3764 -0.0009
v 2.1064 0.3877 -0.0009
v 2.1169 0.4102 -0.0009
v 2.1269 0.4327 -0.0009
v 2.1362 0.4552 -0.0009
v 2.1450 0.4780 -0.0009
v 2.1532 0.5011 -0.0009
v 2.1608 0.5248 -0.0009
v 2.1644 0.5370 -0.0009
v 2.1680 0.5492 -0.0009
v 2.1713 0.5618 -0.0009
v 2.1746 0.5744 -0.0009
v 2.1787 0.5914 -0.0009
v 2.1820 0.6064 -0.0009
v 2.1845 0.6196 -0.0009
v 2.1863 0.6314 -0.0009
v 2.1875 0.6421 -0.0009
v 2.1883 0.6520 -0.0009
v 2.1886 0.6616 -0.0009
v 2.1888 0.6710 -0.0009
v 2.1887 0.6797 -0.0009
v 2.1886 0.6889 -0.0009
v 2.1884 0.6987 -0.0009
v 2.1884 0.7095 -0.0009
v 2.1884 0.7165 -0.0009
v 2.1885 0.7239 -0.0009
v 2.1887 0.7319 -0.0009
v 2.1890 0.7405 -0.0009
v 2.1894 0.7497 -0.0009
v 2.1899 0.7596 -0.0009
v 2.1906 0.7702 -0.0009
v 2.1914 0.7816 -0.0009
v 2.1925 0.7939 -0.0009
v 2.1937 0.8070 -0.0009
v 2.1951 0.8211 -0.0009
v 2.1968 0.8362 -0.0009
v 2.1987 0.8524 -0.0009
v 2.2009 0.8696 -0.0009
v 2.2033 0.8880 -0.0009
v 2.2061 0.9077 -0.0009
v 2.2082 0.9225 -0.0009
v 2.2103 0.9373 -0.0009
v 2.2122 0.9518 -0.0009
v 2.2141 0.9662 -0.0009
v 2.2154 0.9801 -0.0009
v 2.2168 0.9940 -0.0009
v 2.2173 1.0072 -0.0009
v 2.2179 1.0204 -0.0009
v 2.2175 1.0338 -0.0009
v 2.2164 1.0466 -0.0009
v 2.2144 1.0588 -0.0009
v 2.2115 1.0702 -0.0009
v 2.2075 1.0809 -0.0009
v 2.2023 1.0908 -0.0009
v 2.1959 1.0998 -0.0009
v 2.1881 1.1078 -0.0009
v 2.1824 1.1124 -0.0009
v 2.1763 1.1166 -0.0009
v 2.1698 1.1204 -0.0009
v 2.1630 1.1239 -0.0009
v 2.1560 1.1270 -0.0009
v 2.1489 1.1298 -0.0009
v 2.1418 1.1323 -0.0009
v 2.1348 1.1345 -0.0009
v 2.1281 1.1364 -0.0009
v 2.1216 1.1381 -0.0009
v 2.1156 1.1395 -0.0009
v 2.1100 1.1407 -0.0009
v 2.1051 1.1417 -0.0009
v 2.1008 1.1425 -0.0009
v 2.0974 1.1430 -0.0009
v 2.0941 1.1436 -0.0009
v 2.0882 1.1443 -0.0009
v 2.0834 1.1448 -0.0009
v 2.0775 1.1453 -0.0009
v 2.0707 1.1457 -0.0009
v 2.0632 1.1460 -0.0009
v 2.0551 1.1461 -0.0009
v 2.0375 1.1455 -0.0009
v 2.0193 1.1435 -0.0009
v 2.0031 1.1398 -0.0009
v 1.9875 1.1345 -0.0009
v 1.9725 1.1277 -0.0009
v 1.9583 1.1198 -0.0009
v 1.9448 1.1109 -0.0009
v 1.9320 1.1013 -0.0009
v 1.9201 1.0911 -0.0009
v 1.9090 1.0807 -0.0009
v 1.8988 1.0702 -0.0009
v 1.8895 1.0599 -0.0009
v 1.8812 1.0500 -0.0009
v 1.8738 1.0407 -0.0009
v 1.8674 1.0322 -0.0009
v 1.8621 1.0249 -0.0009
v 1.8579 1.0188 -0.0009
v 1.8548 1.0143 -0.0009
v 1.8403 0.9940 -0.0009
v 1.8316 0.9827 -0.0009
v 1.8230 0.9714 -0.0009
v 1.8129 0.9590 -0.0009
v 1.8028 0.9465 -0.0009
v 1.7913 0.9328 -0.0009
v 1.7798 0.9192 -0.0009
v 1.7669 0.9044 -0.0009
v 1.7540 0.8895 -0.0009
v 1.7397 0.8735 -0.0009
v 1.7253 0.8575 -0.0009
v 1.7096 0.8402 -0.0009
v 1.6939 0.8230 -0.0009
v 1.6824 0.8107 -0.0009
v 1.6710 0.7985 -0.0009
v 1.6595 0.7862 -0.0009
v 1.6471 0.7731 -0.0009
v 1.6347 0.7600 -0.0009
v 1.6224 0.7469 -0.0009
v 1.6090 0.7330 -0.0009
v 1.5957 0.7192 -0.0009
v 1.5824 0.7053 -0.0009
v 1.5681 0.6906 -0.0009
v 1.5538 0.6759 -0.0009
v 1.5395 0.6612 -0.0009
v 1.5243 0.6457 -0.0009
v 1.5091 0.6302 -0.0009
v 1.4938 0.6147 -0.0009
v 1.4777 0.5984 -0.0009
v 1.4615 0.5821 -0.0009
v 1.4453 0.5658 -0.0009
v 1.4282 0.5486 -0.0009
v 1.4110 0.5315 -0.0009
v 1.3939 0.5144 -0.0009
v 1.3804 0.5009 -0.0009
v 1.3668 0.4875 -0.0009
v 1.3533 0.4740 -0.0009
v 1.3397 0.4606 -0.0009
v 1.3254 0.4465 -0.0009
v 1.3112 0.4324 -0.0009
v 1.2969 0.4183 -0.0009
v 1.2826 0.4043 -0.0009
v 1.2660 0.4156 -0.0009
v 1.2495 0.4269 -0.0009
v 1.2313 0.4392 -0.0009
v 1.2132 0.4515 -0.0009
v 1.1935 0.4647 -0.0009
v 1.1738 0.4780 -0.0009
v 1.1597 0.4874 -0.0009
v 1.1455 0.4968 -0.0009
v 1.1314 0.5062 -0.0009
v 1.1163 0.5162 -0.0009
v 1.1012 0.5261 -0.0009
v 1.0861 0.5361 -0.0009
v 1.0701 0.5465 -0.0009
v 1.0541 0.5569 -0.0009
v 1.0380 0.5674 -0.0009
v 1.0211 0.5783 -0.0009
v 1.0042 0.5892 -0.0009
v 0.9872 0.6001 -0.0009
v 0.9694 0.6114 -0.0009
v 0.9516 0.6228 -0.0009
v 0.9338 0.6341 -0.0009
v 0.9227 0.6411 -0.0009
v 0.9116 0.6482 -0.0009
v 0.8905 0.6615 -0.0009
v 0.8705 0.6741 -0.0009
v 0.8514 0.6861 -0.0009
v 0.8333 0.6975 -0.0009
v 0.8158 0.7083 -0.0009
v 0.7991 0.7187 -0.0009
v 0.7829 0.7286 -0.0009
v 0.7671 0.7382 -0.0009
v 0.7516 0.7475 -0.0009
v 0.7364 0.7565 -0.0009
v 0.7213 0.7653 -0.0009
v 0.7062 0.7739 -0.0009
v 0.6910 0.7825 -0.0009
v 0.6756 0.7911 -0.0009
v 0.6599 0.7996 -0.0009
v 0.6455 0.8074 -0.0009
v 0.6285 0.8164 -0.0009
v 0.6093 0.8264 -0.0009
v 0.5879 0.8374 -0.0009
v 0.5762 0.8433 -0.0009
v 0.5645 0.8491 -0.0009
v 0.5519 0.8553 -0.0009
v 0.5392 0.8616 -0.0009
v 0.5258 0.8680 -0.0009
v 0.5123 0.8745 -0.0009
v 0.4980 0.8811 -0.0009
v 0.4837 0.8878 -0.0009
v 0.4688 0.8946 -0.0009
v 0.4538 0.9014 -0.0009
v 0.4382 0.9082 -0.0009
v 0.4226 0.9151 -0.0009
v 0.4064 0.9219 -0.0009
v 0.3902 0.9288 -0.0009
v 0.3736 0.9355 -0.0009
v 0.3570 0.9423 -0.0009
v 0.3399 0.9489 -0.0009
v 0.3229 0.9556 -0.0009
v 0.3055 0.9620 -0.0009
v 0.2881 0.9684 -0.0009
v 0.2705 0.9746 -0.0009
v 0.2529 0.9807 -0.0009
v 0.2351 0.9866 -0.0009
v 0.2173 0.9924 -0.0009
v 0.1987 0.9980 -0.0009
v 0.1801 1.0035 -0.0009
v 0.1617 1.0086 -0.0009
v 0.1433 1.0137 -0.0009
v 0.1251 1.0183 -0.0009
v 0.1069 1.0228 -0.0009
v 0.0889 1.0270 -0.0009
v 0.0709 1.0311 -0.0009
v 0.0531 1.0347 -0.0009
v 0.0353 1.0384 -0.0009
v 0.0177 1.0416 -0.0009
v 0.0001 1.0449 -0.0009
v -0.0172 1.0477 -0.0009
v -0.0345 1.0505 -0.0009
v -0.0516 1.0530 -0.0009
v -0.0687 1.0554 -0.0009
v -0.0855 1.0575 -0.0009
v -0.1023 1.0596 -0.0009
v -0.1189 1.0613 -0.0009
v -0.1354 1.0630 -0.0009
v -0.1516 1.0644 -0.0009
v -0.1679 1.0659 -0.0009
v -0.1838 1.0670 -0.0009
v -0.1997 1.0681 -0.0009
v -0.2153 1.0689 -0.0009
v -0.2310 1.0697 -0.0009
v -0.2462 1.0703 -0.0009
v -0.2615 1.0709 -0.0009
v -0.2764 1.0712 -0.0009
v -0.2914 1.0715 -0.0009
v -0.3060 1.0716 -0.0009
v -0.3205 1.0717 -0.0009
v -0.3411 1.0715 -0.0009
v -0.3616 1.0713 -0.0009
v -0.3813 1.0708 -0.0009
v -0.4010 1.0702 -0.0009
v -0.4199 1.0693 -0.0009
v -0.4387 1.0685 -0.0009
v -0.4567 1.0674 -0.0009
v -0.4746 1.0663 -0.0009
v -0.4916 1.0651 -0.0009
v -0.5085 1.0638 -0.0009
v -0.5245 1.0624 -0.0009
v -0.5405 1.0611 -0.0009
v -0.5555 1.0597 -0.0009
v -0.5704 1.0583 -0.0009
v -0.5843 1.0569 -0.0009
v -0.5982 1.0556 -0.0009
v -0.6176 1.0534 -0.0009
v -0.6371 1.0513 -0.0009
v -0.6562 1.0489 -0.0009
v -0.6753 1.0465 -0.0009
v -0.6940 1.0439 -0.0009
v -0.7127 1.0412 -0.0009
v -0.7311 1.0383 -0.0009
v -0.7495 1.0354 -0.0009
v -0.7675 1.0322 -0.0009
v -0.7855 1.0291 -0.0009
v -0.8031 1.0257 -0.0009
v -0.8207 1.0224 -0.0009
v -0.8380 1.0188 -0.0009
v -0.8552 1.0153 -0.0009
v -0.8721 1.0115 -0.0009
v -0.8889 1.0078 -0.0009
v -0.9054 1.0039 -0.0009
v -0.9218 1.0000 -0.0009
v -0.9379 0.9960 -0.0009
v -0.9539 0.9920 -0.0009
v -0.9696 0.9878 -0.0009
v -0.9852 0.9836 -0.0009
v -1.0005 0.9794 -0.0009
v -1.0157 0.9751 -0.0009
v -1.0305 0.9707 -0.0009
v -1.0453 0.9663 -0.0009
v -1.0597 0.9619 -0.0009
v -1.0741 0.9575 -0.0009
v -1.0880 0.9530 -0.0009
v -1.1020 0.9485 -0.0009
v -1.1155 0.9439 -0.0009
v -1.1290 0.9394 -0.0009
v -1.1420 0.9348 -0.0009
v -1.1551 0.9302 -0.0009
v -1.1677 0.9257 -0.0009
v -1.1803 0.9211 -0.0009
v -1.1924 0.9165 -0.0009
v -1.2045 0.9120 -0.0009
v -1.2279 0.9029 -0.0009
v -1.2503 0.8939 -0.0009
v -1.2717 0.8851 -0.0009
v -1.2921 0.8764 -0.0009
v -1.3116 0.8679 -0.0009
v -1.3301 0.8596 -0.0009
v -1.3475 0.8516 -0.0009
v -1.3639 0.8439 -0.0009
v -1.3793 0.8365 -0.0009
v -1.3937 0.8295 -0.0009
v -1.4069 0.8228 -0.0009
v -1.4191 0.8166 -0.0009
v -1.4302 0.8109 -0.0009
v -1.4458 0.8026 -0.0009
v -1.4613 0.7943 -0.0009
v -1.4769 0.7860 -0.0009
v -1.4917 0.7776 -0.0009
v -1.5065 0.7692 -0.0009
v -1.5213 0.7608 -0.0009
v -1.5424 0.7482 -0.0009
v -1.5636 0.7355 -0.0009
v -1.5837 0.7227 -0.0009
v -1.6039 0.7099 -0.0009
v -1.6232 0.6970 -0.0009
v -1.6425 0.6841 -0.0009
v -1.6611 0.6711 -0.0009
v -1.6796 0.6581 -0.0009
v -1.6974 0.6449 -0.0009
v -1.7152 0.6318 -0.0009
v -1.7324 0.6185 -0.0009
v -1.7496 0.6053 -0.0009
v -1.7663 0.5919 -0.0009
v -1.7830 0.5785 -0.0009
v -1.7993 0.5649 -0.0009
v -1.8155 0.5514 -0.0009
v -1.8314 0.5377 -0.0009
v -1.8473 0.5240 -0.0009
v -1.8630 0.5102 -0.0009
v -1.8786 0.4964 -0.0009
v -1.8941 0.4824 -0.0009
v -1.9095 0.4684 -0.0009
v -1.9249 0.4543 -0.0009
v -1.9403 0.4402 -0.0009
v -1.9557 0.4259 -0.0009
v -1.9711 0.4116 -0.0009
v -1.9866 0.3972 -0.0009
v -2.0021 0.3827 -0.0009
v -2.0121 0.3732 -0.0009
v -2.0222 0.3637 -0.0009
v -2.0317 0.3546 -0.0009
v -2.0412 0.3454 -0.0009
v -2.0592 0.3279 -0.0009
v -2.0760 0.3111 -0.0009
v -2.0918 0.2949 -0.0009
v -2.1065 0.2794 -0.0009
v -2.1203 0.2646 -0.0009
v -2.1331 0.2504 -0.0009
v -2.1451 0.2368 -0.0009
v -2.1561 0.2238 -0.0009
v -2.1663 0.2113 -0.0009
v -2.1757 0.1994 -0.0009
v -2.1843 0.1880 -0.0009
v -2.1921 0.1772 -0.0009
v -2.1992 0.1668 -0.0009
v -2.2057 0.1568 -0.0009
v -2.2115 0.1474 -0.0009
v -2.2167 0.1383 -0.0009
v -2.2213 0.1297 -0.0009
v -2.2254 0.1214 -0.0009
v -2.2289 0.1135 -0.0009
v -2.2320 0.1060 -0.0009
v -2.2346 0.0988 -0.0009
v -2.2369 0.0919 -0.0009
v -2.2387 0.0853 -0.0009
v -2.2402 0.0789 -0.0009
v -2.2414 0.0728 -0.0009
v -2.2423 0.0669 -0.0009
v -2.2430 0.0613 -0.0009
v -2.2434 0.0558 -0.0009
v -2.2437 0.0504 -0.0009
v -2.2439 0.0453 -0.0009
v -2.2439 0.0414 -0.0009
v -2.2432 0.0283 -0.0009
v -2.2425 0.0153 -0.0009
v -2.2405 0.0023 -0.0009
v -2.2385 -0.0107 -0.0009
v -2.2352 -0.0236 -0.0009
v -2.2319 -0.0365 -0.0009
v -2.2275 -0.0493 -0.0009
v -2.2230 -0.0622 -0.0009
v -2.2174 -0.0751 -0.0009
v -2.2119 -0.0879 -0.0009
v -2.2052 -0.1008 -0.0009
v -2.1986 -0.1136 -0.0009
v -2.1910 -0.1265 -0.0009
v -2.1834 -0.1394 -0.0009
v -2.1749 -0.1523 -0.0009
v -2.1664 -0.1652 -0.0009
v -2.1570 -0.1783 -0.0009
v -2.1477 -0.1913 -0.0009
v -2.1375 -0.2044 -0.0009
v -2.1274 -0.2175 -0.0009
v -2.1166 -0.2307 -0.0009
v -2.1058 -0.2439 -0.0009
v -2.0943 -0.2573 -0.0009
v -2.0829 -0.2707 -0.0009
v -2.0709 -0.2842 -0.0009
v -2.0589 -0.2978 -0.0009
v -2.0464 -0.3115 -0.0009
v -2.0339 -0.3252 -0.0009
v -2.0210 -0.3392 -0.0009
v -2.0081 -0.3531 -0.0009
v -1.9948 -0.3673 -0.0009
v -1.9816 -0.3815 -0.0009
v -1.9724 -0.3913 -0.0009
v -1.9605 -0.4037 -0.0009
v -1.9459 -0.4185 -0.0009
v -1.9288 -0.4354 -0.0009
v -1.9191 -0.4448 -0.0009
v -1.9094 -0.4542 -0.0009
v -1.8984 -0.4644 -0.0009
v -1.8875 -0.4746 -0.0009
v -1.8755 -0.4855 -0.0009
v -1.8634 -0.4963 -0.0009
v -1.8503 -0.5078 -0.0009
v -1.8372 -0.5192 -0.0009
v -1.8302 -0.5251 -0.0009
v -1.8223 -0.5317 -0.0009
v -1.8134 -0.5391 -0.0009
v -1.8033 -0.5472 -0.0009
v -1.7922 -0.5561 -0.0009
v -1.7798 -0.5656 -0.0009
v -1.7663 -0.5759 -0.0009
v -1.7515 -0.5869 -0.0009
v -1.7353 -0.5987 -0.0009
v -1.7178 -0.6112 -0.0009
v -1.6989 -0.6244 -0.0009
v -1.6785 -0.6383 -0.0009
v -1.6676 -0.6456 -0.0009
v -1.6566 -0.6530 -0.0009
v -1.6449 -0.6607 -0.0009
v -1.6331 -0.6684 -0.0009
v -1.6206 -0.6764 -0.0009
v -1.6080 -0.6845 -0.0009
v -1.5947 -0.6929 -0.0009
v -1.5813 -0.7013 -0.0009
v -1.5675 -0.7099 -0.0009
v -1.5526 -0.7192 -0.0009
v -1.5365 -0.7291 -0.0009
v -1.5193 -0.7396 -0.0009
v -1.5010 -0.7507 -0.0009
v -1.4818 -0.7621 -0.0009
v -1.4616 -0.7740 -0.0009
v -1.4404 -0.7862 -0.0009
v -1.4294 -0.7924 -0.0009
v -1.4184 -0.7987 -0.0009
v -1.4070 -0.8050 -0.0009
v -1.3956 -0.8114 -0.0009
v -1.3838 -0.8178 -0.0009
v -1.3720 -0.8242 -0.0009
v -1.3598 -0.8306 -0.0009
v -1.3476 -0.8370 -0.0009
v -1.3350 -0.8435 -0.0009
v -1.3225 -0.8499 -0.0009
v -1.3096 -0.8564 -0.0009
v -1.2968 -0.8628 -0.0009
v -1.2836 -0.8691 -0.0009
v -1.2704 -0.8755 -0.0009
v -1.2569 -0.8818 -0.0009
v -1.2435 -0.8881 -0.0009
v -1.2308 -0.8938 -0.0009
v -1.2174 -0.9000 -0.0009
v -1.2031 -0.9064 -0.0009
v -1.1880 -0.9131 -0.0009
v -1.1720 -0.9200 -0.0009
v -1.1552 -0.9272 -0.0009
v -1.1376 -0.9345 -0.0009
v -1.1193 -0.9420 -0.0009
v -1.1001 -0.9497 -0.0009
v -1.0802 -0.9574 -0.0009
v -1.0595 -0.9651 -0.0009
v -1.0380 -0.9729 -0.0009
v -1.0158 -0.9807 -0.0009
v -0.9929 -0.9884 -0.0009
v -0.9693 -0.9960 -0.0009
v -0.9571 -0.9998 -0.0009
v -0.9449 -1.0036 -0.0009
v -0.9324 -1.0073 -0.0009
v -0.9198 -1.0110 -0.0009
v -0.9070 -1.0146 -0.0009
v -0.8941 -1.0182 -0.0009
v -0.8808 -1.0217 -0.0009
v -0.8676 -1.0252 -0.0009
v -0.8541 -1.0286 -0.0009
v -0.8405 -1.0320 -0.0009
v -0.8266 -1.0353 -0.0009
v -0.8127 -1.0386 -0.0009
v -0.7985 -1.0417 -0.0009
v -0.7842 -1.0448 -0.0009
v -0.7697 -1.0477 -0.0009
v -0.7551 -1.0507 -0.0009
v -0.7403 -1.0535 -0.0009
v -0.7254 -1.0562 -0.0009
v -0.7102 -1.0588 -0.0009
v -0.6950 -1.0614 -0.0009
v -0.6796 -1.0637 -0.0009
v -0.6641 -1.0661 -0.0009
v -0.6483 -1.0682 -0.0009
v -0.6325 -1.0703 -0.0009
v -0.6164 -1.0722 -0.0009
v -0.6003 -1.0741 -0.0009
v -0.5839 -1.0757 -0.0009
v -0.5675 -1.0774 -0.0009
v -0.5509 -1.0787 -0.0009
v -0.5342 -1.0800 -0.0009
v -0.5172 -1.0811 -0.0009
v -0.5003 -1.0821 -0.0009
v -0.4830 -1.0829 -0.0009
v -0.4658 -1.0836 -0.0009
v -0.4554 -1.0840 -0.0009
v -0.4430 -1.0843 -0.0009
v -0.4284 -1.0845 -0.0009
v -0.4119 -1.0846 -0.0009
v -0.3914 -1.0845 -0.0009
v -0.3685 -1.0840 -0.0009
v -0.3436 -1.0832 -0.0009
v -0.3300 -1.0825 -0.0009
v -0.3165 -1.0819 -0.0009
v -0.3020 -1.0810 -0.0009
v -0.2875 -1.0801 -0.0009
v -0.2721 -1.0789 -0.0009
v -0.2566 -1.0776 -0.0009
v -0.2403 -1.0761 -0.0009
v -0.2239 -1.0745 -0.0009
v -0.2068 -1.0726 -0.0009
v -0.1896 -1.0707 -0.0009
v -0.1716 -1.0683 -0.0009
v -0.1537 -1.0660 -0.0009
v -0.1349 -1.0632 -0.0009
v -0.1162 -1.0604 -0.0009
v -0.0968 -1.0571 -0.0009
v -0.0774 -1.0538 -0.0009
v -0.0573 -1.0500 -0.0009
v -0.0373 -1.0462 -0.0009
v -0.0166 -1.0419 -0.0009
v 0.0041 -1.0375 -0.0009
v 0.0253 -1.0326 -0.0009
v 0.0465 -1.0276 -0.0009
v 0.0682 -1.0220 -0.0009
v 0.0899 -1.0164 -0.0009
v 0.1121 -1.0101 -0.0009
v 0.1343 -1.0038 -0.0009
v 0.1542 -0.9976 -0.0009
v 0.1740 -0.9914 -0.0009
v 0.1939 -0.9852 -0.0009
v 0.2131 -0.9784 -0.0009
v 0.2323 -0.9717 -0.0009
v 0.2514 -0.9650 -0.0009
v 0.2701 -0.9578 -0.0009
v 0.2887 -0.9506 -0.0009
v 0.3073 -0.9435 -0.0009
v 0.3253 -0.9358 -0.0009
v 0.3434 -0.9282 -0.0009
v 0.3615 -0.9205 -0.0009
v 0.3791 -0.9124 -0.0009
v 0.3967 -0.9044 -0.0009
v 0.4144 -0.8963 -0.0009
v 0.4316 -0.8878 -0.0009
v 0.4488 -0.8792 -0.0009
v 0.4661 -0.8707 -0.0009
v 0.4830 -0.8618 -0.0009
v 0.4999 -0.8529 -0.0009
v 0.5169 -0.8440 -0.0009
v 0.5335 -0.8346 -0.0009
v 0.5502 -0.8253 -0.0009
v 0.5669 -0.8160 -0.0009
v 0.5834 -0.8063 -0.0009
v 0.5999 -0.7966 -0.0009
v 0.6164 -0.7869 -0.0009
v 0.6328 -0.7768 -0.0009
v 0.6492 -0.7668 -0.0009
v 0.6656 -0.7567 -0.0009
v 0.6820 -0.7463 -0.0009
v 0.6983 -0.7358 -0.0009
v 0.7147 -0.7254 -0.0009
v 0.7311 -0.7147 -0.0009
v 0.7475 -0.7039 -0.0009
v 0.7638 -0.6931 -0.0009
v 0.7803 -0.6821 -0.0009
v 0.7968 -0.6710 -0.0009
v 0.8133 -0.6599 -0.0009
v 0.8300 -0.6485 -0.0009
v 0.8466 -0.6371 -0.0009
v 0.8633 -0.6257 -0.0009
v 0.8802 -0.6141 -0.0009
v 0.8971 -0.6024 -0.0009
v 0.9140 -0.5907 -0.0009
v 0.9312 -0.5787 -0.0009
v 0.9484 -0.5668 -0.0009
v 0.9656 -0.5548 -0.0009
v 0.9803 -0.5445 -0.0009
v 0.9951 -0.5341 -0.0009
v 1.0098 -0.5237 -0.0009
v 1.0237 -0.5137 -0.0009
v 1.0377 -0.5037 -0.0009
v 1.0516 -0.4936 -0.0009
v 1.0714 -0.4791 -0.0009
v 1.0911 -0.4646 -0.0009
v 1.1096 -0.4507 -0.0009
v 1.1281 -0.4368 -0.0009
v 1.1454 -0.4236 -0.0009
v 1.1626 -0.4104 -0.0009
v 1.1786 -0.3980 -0.0009
v 1.1945 -0.3856 -0.0009
v 1.2091 -0.3740 -0.0009
v 1.2237 -0.3625 -0.0009
v 1.2369 -0.3519 -0.0009
v 1.2501 -0.3413 -0.0009
v 1.2595 -0.3502 -0.0009
v 1.2697 -0.3599 -0.0009
v 1.2809 -0.3705 -0.0009
v 1.2928 -0.3819 -0.0009
v 1.3055 -0.3941 -0.0009
v 1.3190 -0.4070 -0.0009
v 1.3331 -0.4206 -0.0009
v 1.3479 -0.4348 -0.0009
v 1.3611 -0.4475 -0.0009
v 1.3742 -0.4602 -0.0009
v 1.3874 -0.4728 -0.0009
v 1.3997 -0.4848 -0.0009
v 1.4120 -0.4967 -0.0009
v 1.4244 -0.5086 -0.0009
v 1.4417 -0.5253 -0.0009
v 1.4590 -0.5420 -0.0009
v 1.4752 -0.5577 -0.0009
v 1.4914 -0.5734 -0.0009
v 1.5065 -0.5881 -0.0009
v 1.5215 -0.6028 -0.0009
v 1.5356 -0.6165 -0.0009
v 1.5496 -0.6303 -0.0009
v 1.5627 -0.6431 -0.0009
v 1.5757 -0.6560 -0.0009
v 1.5878 -0.6680 -0.0009
v 1.5999 -0.6800 -0.0009
v 1.6110 -0.6913 -0.0009
v 1.6222 -0.7025 -0.0009
v 1.6325 -0.7130 -0.0009
v 1.6428 -0.7236 -0.0009
v 1.6523 -0.7334 -0.0009
v 1.6617 -0.7433 -0.0009
v 1.6704 -0.7525 -0.0009
v 1.6791 -0.7618 -0.0009
v 1.6950 -0.7792 -0.0009
v 1.7095 -0.7956 -0.0009
v 1.7228 -0.8112 -0.0009
v 1.7348 -0.8259 -0.0009
v 1.7504 -0.8455 -0.0009
v 1.7653 -0.8638 -0.0009
v 1.7797 -0.8811 -0.0009
v 1.7936 -0.8976 -0.0009
v 1.8072 -0.9133 -0.0009
v 1.8205 -0.9285 -0.0009
v 1.8338 -0.9433 -0.0009
v 1.8471 -0.9578 -0.0009
v 1.8606 -0.9723 -0.0009
v 1.8744 -0.9868 -0.0009
v 1.8886 -1.0016 -0.0009
v 1.9033 -1.0168 -0.0009
v 1.9187 -1.0325 -0.0009
v 1.9350 -1.0490 -0.0009
v 1.9521 -1.0663 -0.0009
v 1.9612 -1.0755 -0.0009
v 1.9703 -1.0847 -0.0009
v 1.9806 -1.0949 -0.0009
v 1.9918 -1.1054 -0.0009
v 2.0040 -1.1157 -0.0009
v 2.0171 -1.1253 -0.0009
v 2.0312 -1.1337 -0.0009
v 2.0462 -1.1402 -0.0009
v 2.0623 -1.1446 -0.0009
v 2.0794 -1.1461 -0.0009
v 2.0951 -1.1447 -0.0009
v 2.1081 -1.1415 -0.0009
v 2.1205 -1.1368 -0.0009
v 2.1323 -1.1307 -0.0009
v 2.1435 -1.1235 -0.0009
v 2.1539 -1.1154 -0.0009
v 2.1637 -1.1067 -0.0009
v 2.1727 -1.0977 -0.0009
v 2.1809 -1.0884 -0.0009
v 2.1883 -1.0793 -0.0009
v 2.1950 -1.0704 -0.0009
v 2.2007 -1.0621 -0.0009
v 2.2056 -1.0546 -0.0009
v 2.2097 -1.0481 -0.0009
v 2.2128 -1.0429 -0.0009
v 2.2149 -1.0391 -0.0009
v 2.2167 -1.0359 -0.0009
v 2.2187 -1.0320 -0.0009
v 2.2208 -1.0276 -0.0009
v 2.2231 -1.0224 -0.0009
v 2.2255 -1.0166 -0.0009
v 2.2279 -1.0100 -0.0009
v 2.2303 -1.0027 -0.0009
v 2.2327 -0.9946 -0.0009
v 2.2349 -0.9856 -0.0009
v 2.2370 -0.9757 -0.0009
v 2.2389 -0.9649 -0.0009
v 2.2406 -0.9532 -0.0009
v 2.2420 -0.9405 -0.0009
v 2.2430 -0.9268 -0.0009
v 2.2437 -0.9120 0.0009
v 2.2439 -0.8961 0.0009
v 2.2435 -0.8754 0.0009
v 2.2424 -0.8530 0.0009
v 2.2404 -0.8288 0.0009
v 2.2390 -0.8158 0.0009
v 2.2375 -0.8028 0.0009
v 2.2355 -0.7888 0.0009
v 2.2336 -0.7749 0.0009
v 2.2311 -0.7599 0.0009
v 2.2285 -0.7450 0.0009
v 2.2254 -0.7290 0.0009
v 2.2224 -0.7131 0.0009
v 2.2186 -0.6961 0.0009
v 2.2149 -0.6791 0.0009
v 2.2115 -0.6647 0.0009
v 2.2075 -0.6486 0.0009
v 2.2028 -0.6308 0.0009
v 2.1974 -0.6112 0.0009
v 2.1912 -0.5901 0.0009
v 2.1842 -0.5673 0.0009
v 2.1802 -0.5551 0.0009
v 2.1762 -0.5430 0.0009
v 2.1718 -0.5301 0.0009
v 2.1673 -0.5171 0.0009
v 2.1624 -0.5035 0.0009
v 2.1574 -0.4898 0.0009
v 2.1519 -0.4755 0.0009
v 2.1464 -0.4611 0.0009
v 2.1404 -0.4461 0.0009
v 2.1343 -0.4310 0.0009
v 2.1276 -0.4153 0.0009
v 2.1210 -0.3996 0.0009
v 2.1137 -0.3832 0.0009
v 2.1064 -0.3669 0.0009
v 2.0985 -0.3499 0.0009
v 2.0905 -0.3329 0.0009
v 2.0819 -0.3154 0.0009
v 2.0733 -0.2978 0.0009
v 2.0640 -0.2796 0.0009
v 2.0546 -0.2615 0.0009
v 2.0432 -0.2402 0.0009
v 2.0317 -0.2189 0.0009
v 2.0204 -0.1988 0.0009
v 2.0090 -0.1787 0.0009
v 1.9978 -0.1598 0.0009
v 1.9866 -0.1409 0.0009
v 1.9756 -0.1233 0.0009
v 1.9647 -0.1056 0.0009
v 1.9541 -0.0893 0.0009
v 1.9435 -0.0729 0.0009
v 1.9333 -0.0578 0.0009
v 1.9232 -0.0427 0.0009
v 1.9135 -0.0289 0.0009
v 1.9039 -0.0150 0.0009
v 1.8949 -0.0025 0.0009
v 1.8859 0.0100 0.0009
v 1.8969 0.0264 0.0009
v 1.9089 0.0445 0.0009
v 1.9218 0.0644 0.0009
v 1.9287 0.0752 0.0009
v 1.9355 0.0859 0.0009
v 1.9428 0.0975 0.0009
v 1.9500 0.1090 0.0009
v 1.9576 0.1214 0.0009
v 1.9652 0.1337 0.0009
v 1.9730 0.1468 0.0009
v 1.9809 0.1599 0.0009
v 1.9890 0.1737 0.0009
v 1.9971 0.1875 0.0009
v 2.0052 0.2017 0.0009
v 2.0134 0.2159 0.0009
v 2.0211 0.2295 0.0009
v 2.0288 0.2430 0.0009
v 2.0362 0.2560 0.0009
v 2.0436 0.2690 0.0009
v 2.0505 0.2816 0.0009
v 2.0575 0.2941 0.0009
v 2.0642 0.3062 0.0009
v 2.0708 0.3183 0.0009
v 2.0771 0.3301 0.0009
v 2.0833 0.3419 0.0009
v 2.0893 0.3535 0.0009
v 2.0952 0.3650 0.0009
v 2.1008 0.3764 0.0009
v 2.1064 0.3877 0.0009
v 2.1169 0.4102 0.0009
v 2.1269 0.4327 0.0009
v 2.1362 0.4552 0.0009
v 2.1450 0.4780 0.0009
v 2.1532 0.5011 0.0009
v 2.1608 0.5248 0.0009
v 2.1644 0.5370 0.0009
v 2.1680 0.5492 0.0009
v 2.1713 0.5618 0.0009
v 2.1746 0.5744 0.0009
v 2.1787 0.5914 0.0009
v 2.1820 0.6064 0.0009
v 2.1845 0.6196 0.0009
v 2.1863 0.6314 0.0009
v 2.1875 0.6421 0.0009
v 2.1883 0.6520 0.0009
v 2.1886 0.6616 0.0009
v 2.1888 0.6710 0.0009
v 2.1887 0.6797 0.0009
v 2.1886 0.6889 0.0009
v 2.1884 0.6987 0.0009
v 2.1884 0.7095 0.0009
v 2.1884 0.7165 0.0009
v 2.1885 0.7239 0.0009
v 2.1887 0.7319 0.0009
v 2.1890 0.7405 0.0009
v 2.1894 0.7497 0.0009
v 2.1899 0.7596 0.0009
v 2.1906 0.7702 0.0009
v 2.1914 0.7816 0.0009
v 2.1925 0.7939 0.0009
v 2.1937 0.8070 0.0009
v 2.1951 0.8211 0.0009
v 2.1968 0.8362 0.0009
v 2.1987 0.8524 0.0009
v 2.2009 0.8696 0.0009
v 2.2033 0.8880 0.0009
v 2.2061 0.9077 0.0009
v 2.2082 0.9225 0.0009
v 2.2103 0.9373 0.0009
v 2.2122 0.9518 0.0009
v 2.2141 0.9662 0.0009
v 2.2154 0.9801 0.0009
v 2.2168 0.9940 0.0009
v 2.2173 1.0072 0.0009
v 2.2179 1.0204 0.0009
v 2.2175 1.0338 0.0009
v 2.2164 1.0466 0.0009
v 2.2144 1.0588 0.0009
v 2.2115 1.0702 0.0009
v 2.2075 1.0809 0.0009
v 2.2023 1.0908 0.0009
v 2.1959 1.0998 0.0009
v 2.1881 1.1078 0.0009
v 2.1824 1.1124 0.0009
v 2.1763 1.1166 0.0009
v 2.1698 1.1204 0.0009
v 2.1630 1.1239 0.0009
v 2.1560 1.1270 0.0009
v 2.1489 1.1298 0.0009
v 2.1418 1.1323 0.0009
v 2.1348 1.1345 0.0009
v 2.1281 1.1364 0.0009
v 2.1216 1.1381 0.0009
v 2.1156 1.1395 0.0009
v 2.1100 1.1407 0.0009
v 2.1051 1.1417 0.0009
v 2.1008 1.1425 0.0009
v 2.0974 1.1430 0.0009
v 2.0941 1.1436 0.0009
v 2.0882 1.1443 0.0009
v 2.0834 1.1448 0.0009
v 2.0775 1.1453 0.0009
v 2.0707 1.1457 0.0009
v 2.0632 1.1460 0.0009
v 2.0551 1.1461 0.0009
v 2.0375 1.1455 0.0009
v 2.0193 1.1435 0.0009
v 2.0031 1.1398 0.0009
v 1.9875 1.1345 0.0009
v 1.9725 1.1277 0.0009
v 1.9583 1.1198 0.0009
v 1.9448 1.1109 0.0009
v 1.9320 1.1013 0.0009
v 1.9201 1.0911 0.0009
v 1.9090 1.0807 0.0009
v 1.8988 1.0702 0.0009
v 1.8895 1.0599 0.0009
v 1.8812 1.0500 0.0009
v 1.8738 1.0407 0.0009
v 1.8674 1.0322 0.0009
v 1.8621 1.0249 0.0009
v 1.8579 1.0188 0.0009
v 1.8548 1.0143 0.0009
v 1.8403 0.9940 0.0009
v 1.8316 0.9827 0.0009
v 1.8230 0.9714 0.0009
v 1.8129 0.9590 0.0009
v 1.8028 0.9465 0.0009
v 1.7913 0.9328 0.0009
v 1.7798 0.9192 0.0009
v 1.7669 0.9044 0.0009
v 1.7540 0.8895 0.0009
v 1.7397 0.8735 0.0009
v 1.7253 0.8575 0.0009
v 1.7096 0.8402 0.0009
v 1.6939 0.8230 0.0009
v 1.6824 0.8107 0.0009
v 1.6710 0.7985 0.0009
v 1.6595 0.7862 0.0009
v 1.6471 0.7731 0.0009
v 1.6347 0.7600 0.0009
v 1.6224 0.7469 0.0009
v 1.6090 0.7330 0.0009
v 1.5957 0.7192 0.0009
v 1.5824 0.7053 0.0009
v 1.5681 0.6906 0.0009
v 1.5538 0.6759 0.0009
v 1.5395 0.6612 0.0009
v 1.5243 0.6457 0.0009
v 1.5091 0.6302 0.0009
v 1.4938 0.6147 0.0009
v 1.4777 0.5984 0.0009
v 1.4615 0.5821 0.0009
v 1.4453 0.5658 0.0009
v 1.4282 0.5486 0.0009
v 1.4110 0.5315 0.0009
v 1.3939 0.5144 0.0009
v 1.3804 0.5009 0.0009
v 1.3668 0.4875 0.0009
v 1.3533 0.4740 0.0009
v 1.3397 0.4606 0.0009
v 1.3254 0.4465 0.0009
v 1.3112 0.4324 0.0009
v 1.2969 0.4183 0.0009
v 1.2826 0.4043 0.0009
v 1.2660 0.4156 0.0009
v 1.2495 0.4269 0.0009
v 1.2313 0.4392 0.0009
v 1.2132 0.4515 0.0009
v 1.1935 0.4647 0.0009
v 1.1738 0.4780 0.0009
v 1.1597 0.4874 0.0009
v 1.1455 0.4968 0.0009
v 1.1314 0.5062 0.0009
v 1.1163 0.5162 0.0009
v 1.1012 0.5261 0.0009
v 1.0861 0.5361 0.0009
v 1.0701 0.5465 0.0009
v 1.0541 0.5569 0.0009
v 1.0380 0.5674 0.0009
v 1.0211 0.5783 0.0009
v 1.0042 0.5892 0.0009
v 0.9872 0.6001 0.0009
v 0.9694 0.6114 0.0009
v 0.9516 0.6228 0.0009
v 0.9338 0.6341 0.0009
v 0.9227 0.6411 0.0009
v 0.9116 0.6482 0.0009
v 0.8905 0.6615 0.0009
v 0.8705 0.6741 0.0009
v 0.8514 0.6861 0.0009
v 0.8333 0.6975 0.0009
v 0.8158 0.7083 0.0009
v 0.7991 0.7187 0.0009
v 0.7829 0.7286 0.0009
v 0.7671 0.7382 0.0009
v 0.7516 0.7475 0.0009
v 0.7364 0.7565 0.0009
v 0.7213 0.7653 0.0009
v 0.7062 0.7739 0.0009
v 0.6910 0.7825 0.0009
v 0.6756 0.7911 0.0009
v 0.6599 0.7996 0.0009
v 0.6455 0.8074 0.0009
v 0.6285 0.8164 0.0009
v 0.6093 0.8264 0.0009
v 0.5879 0.8374 0.0009
v 0.5762 0.8433 0.0009
v 0.5645 0.8491 0.0009
v 0.5519 0.8553 0.0009
v 0.5392 0.8616 0.0009
v 0.5258 0.8680 0.0009
v 0.5123 0.8745 0.0009
v 0.4980 0.8811 0.0009
v 0.4837 0.8878 0.0009
v 0.4688 0.8946 0.0009
v 0.4538 0.9014 0.0009
v 0.4382 0.9082 0.0009
v 0.4226 0.9151 0.0009
v 0.4064 0.9219 0.0009
v 0.3902 0.9288 0.0009
v 0.3736 0.9355 0.0009
v 0.3570 0.9423 0.0009
v 0.3399 0.9489 0.0009
v 0.3229 0.9556 0.0009
v 0.3055 0.9620 0.0009
v 0.2881 0.9684 0.0009
v 0.2705 0.9746 0.0009
v 0.2529 0.9807 0.0009
v 0.2351 0.9866 0.0009
v 0.2173 0.9924 0.0009
v 0.1987 0.9980 0.0009
v 0.1801 1.0035 0.0009
v 0.1617 1.0086 0.0009
v 0.1433 1.0137 0.0009
v 0.1251 1.0183 0.0009
v 0.1069 1.0228 0.0009
v 0.0889 1.0270 0.0009
v 0.0709 1.0311 0.0009
v 0.0531 1.0347 0.0009
v 0.0353 1.0384 0.0009
v 0.0177 1.0416 0.0009
v 0.0001 1.0449 0.0009
v -0.0172 1.0477 0.0009
v -0.0345 1.0505 0.0009
v -0.0516 1.0530 0.0009
v -0.0687 1.0554 0.0009
v -0.0855 1.0575 0.0009
v -0.1023 1.0596 0.0009
v -0.1189 1.0613 0.0009
v -0.1354 1.0630 0.0009
v -0.1516 1.0644 0.0009
v -0.1679 1.0659 0.0009
v -0.1838 1.0670 0.0009
v -0.1997 1.0681 0.0009
v -0.2153 1.0689 0.0009
v -0.2310 1.0697 0.0009
v -0.2462 1.0703 0.0009
v -0.2615 1.0709 0.0009
v -0.2764 1.0712 0.0009
v -0.2914 1.0715 0.0009
v -0.3060 1.0716 0.0009
v -0.3205 1.0717 0.0009
v -0.3411 1.0715 0.0009
v -0.3616 1.0713 0.0009
v -0.3813 1.0708 0.0009
v -0.4010 1.0702 0.0009
v -0.4199 1.0693 0.0009
v -0.4387 1.0685 0.0009
v -0.4567 1.0674 0.0009
v -0.4746 1.0663 0.0009
v -0.4916 1.0651 0.0009
v -0.5085 1.0638 0.0009
v -0.5245 1.0624 0.0009
v -0.5405 1.0611 0.0009
v -0.5555 1.0597 0.0009
v -0.5704 1.0583 0.0009
v -0.5843 1.0569 0.0009
v -0.5982 1.0556 0.0009
v -0.6176 1.0534 0.0009
v -0.6371 1.0513 0.0009
v -0.6562 1.0489 0.0009
v -0.6753 1.0465 0.0009
v -0.6940 1.0439 0.0009
v -0.7127 1.0412 0.0009
v -0.7311 1.0383 0.0009
v -0.7495 1.0354 0.0009
v -0.7675 1.0322 0.0009
v -0.7855 1.0291 0.0009
v -0.8031 1.0257 0.0009
v -0.8207 1.0224 0.0009
v -0.8380 1.0188 0.0009
v -0.8552 1.0153 0.0009
v -0.8721 1.0115 0.0009
v -0.8889 1.0078 0.0009
v -0.9054 1.0039 0.0009
v -0.9218 1.0000 0.0009
v -0.9379 0.9960 0.0009
v -0.9539 0.9920 0.0009
v -0.9696 0.9878 0.0009
v -0.9852 0.9836 0.0009
v -1.0005 0.9794 0.0009
v -1.0157 0.9751 0.0009
v -1.0305 0.9707 0.0009
v -1.0453 0.9663 0.0009
v -1.0597 0.9619 0.0009
v -1.0741 0.9575 0.0009
v -1.0880 0.9530 0.0009
v -1.1020 0.9485 0.0009
v -1.1155 0.9439 0.0009
v -1.1290 0.9394 0.0009
v -1.1420 0.9348 0.0009
v -1.1551 0.9302 0.0009
v -1.1677 0.9257 0.0009
v -1.1803 0.9211 0.0009
v -1.1924 0.9165 0.0009
v -1.2045 0.9120 0.0009
v -1.2279 0.9029 0.0009
v -1.2503 0.8939 0.0009
v -1.2717 0.8851 0.0009
v -1.2921 0.8764 0.0009
v -1.3116 0.8679 0.0009
v -1.3301 0.8596 0.0009
v -1.3475 0.8516 0.0009
v -1.3639 0.8439 0.0009
v -1.3793 0.8365 0.0009
v -1.3937 0.8295 0.0009
v -1.4069 0.8228 0.0009
v -1.4191 0.8166 0.0009
v -1.4302 0.8109 0.0009
v -1.4458 0.8026 0.0009
v -1.4613 0.7943 0.0009
v -1.4769 0.7860 0.0009
v -1.4917 0.7776 0.0009
v -1.5065 0.7692 0.0009
v -1.5213 0.7608 0.0009
v -1.5424 0.7482 0.0009
v -1.5636 0.7355 0.0009
v -1.5837 0.7227 0.0009
v -1.6039 0.7099 0.0009
v -1.6232 0.6970 0.0009
v -1.6425 0.6841 0.0009
v -1.6611 0.6711 0.0009
v -1.6796 0.6581 0.0009
v -1.6974 0.6449 0.0009
v -1.7152 0.6318 0.0009
v -1.7324 0.6185 0.0009
v -1.7496 0.6053 0.0009
v -1.7663 0.5919 0.0009
v -1.7830 0.5785 0.0009
v -1.7993 0.5649 0.0009
v -1.8155 0.5514 0.0009
v -1.8314 0.5377 0.0009
v -1.8473 0.5240 0.0009
v -1.8630 0.5102 0.0009
v -1.8786 0.4964 0.0009
v -1.8941 0.4824 0.0009
v -1.9095 0.4684 0.0009
v -1.9249 0.4543 0.0009
v -1.9403 0.4402 0.0009
v -1.9557 0.4259 0.0009
v -1.9711 0.4116 0.0009
v -1.9866 0.3972 0.0009
v -2.0021 0.3827 0.0009
v -2.0121 0.3732 0.0009
v -2.0222 0.3637 0.0009
v -2.0317 0.3546 0.0009
v -2.0412 0.3454 0.0009
v -2.0592 0.3279 0.0009
v -2.0760 0.3111 0.0009
v -2.0918 0.2949 0.0009
v -2.1065 0.2794 0.0009
v -2.1203 0.2646 0.0009
v -2.1331 0.2504 0.0009
v -2.1451 0.2368 0.0009
v -2.1561 0.2238 0.0009
v -2.1663 0.2113 0.0009
v -2.1757 0.1994 0.0009
v -2.1843 0.1880 0.0009
v -2.1921 0.1772 0.0009
v -2.1992 0.1668 0.0009
v -2.2057 0.1568 0.0009
v -2.2115 0.1474 0.0009
v -2.2167 0.1383 0.0009
v -2.2213 0.1297 0.0009
v -2.2254 0.1214 0.0009
v -2.2289 0.1135 0.0009
v -2.2320 0.1060 0.0009
v -2.2346 0.0988 0.0009
v -2.2369 0.0919 0.0009
v -2.2387 0.0853 0.0009
v -2.2402 0.0789 0.0009
v -2.2414 0.0728 0.0009
v -2.2423 0.0669 0.0009
v -2.2430 0.0613 0.0009
v -2.2434 0.0558 0.0009
v -2.2437 0.0504 0.0009
v -2.2439 0.0453 0.0009
v -2.2439 0.0414 0.0009
v -2.2432 0.0283 0.0009
v -2.2425 0.0153 0.0009
v -2.2405 0.0023 0.0009
v -2.2385 -0.0107 0.0009
v -2.2352 -0.0236 0.0009
v -2.2319 -0.0365 0.0009
v -2.2275 -0.0493 0.0009
v -2.2230 -0.0622 0.0009
v -2.2174 -0.0751 0.0009
v -2.2119 -0.0879 0.0009
v -2.2052 -0.1008 0.0009
v -2.1986 -0.1136 0.0009
v -2.1910 -0.1265 0.0009
v -2.1834 -0.1394 0.0009
v -2.1749 -0.1523 0.0009
v -2.1664 -0.1652 0.0009
v -2.1570 -0.1783 0.0009
v -2.1477 -0.1913 0.0009
v -2.1375 -0.2044 0.0009
v -2.1274 -0.2175 0.0009
v -2.1166 -0.2307 0.0009
v -2.1058 -0.2439 0.0009
v -2.0943 -0.2573 0.0009
v -2.0829 -0.2707 0.0009
v -2.0709 -0.2842 0.0009
v -2.0589 -0.2978 0.0009
v -2.0464 -0.3115 0.0009
v -2.0339 -0.3252 0.0009
v -2.0210 -0.3392 0.0009
v -2.0081 -0.3531 0.0009
v -1.9948 -0.3673 0.0009
v -1.9816 -0.3815 0.0009
v -1.9724 -0.3913 0.0009
v -1.9605 -0.4037 0.0009
v -1.9459 -0.4185 0.0009
v -1.9288 -0.4354 0.0009
v -1.9191 -0.4448 0.0009
v -1.9094 -0.4542 0.0009
v -1.8984 -0.4644 0.0009
v -1.8875 -0.4746 0.0009
v -1.8755 -0.4855 0.0009
v -1.8634 -0.4963 0.0009
v -1.8503 -0.5078 0.0009
v -1.8372 -0.5192 0.0009
v -1.8302 -0.5251 0.0009
v -1.8223 -0.5317 0.0009
v -1.8134 -0.5391 0.0009
v -1.8033 -0.5472 0.0009
v -1.7922 -0.5561 0.0009
v -1.7798 -0.5656 0.0009
v -1.7663 -0.5759 0.0009
v -1.7515 -0.5869 0.0009
v -1.7353 -0.5987 0.0009
v -1.7178 -0.6112 0.0009
v -1.6989 -0.6244 0.0009
v -1.6785 -0.6383 0.0009
v -1.6676 -0.6456 0.0009
v -1.6566 -0.6530 0.0009
v -1.6449 -0.6607 0.0009
v -1.6331 -0.6684 0.0009
v -1.6206 -0.6764 0.0009
v -1.6080 -0.6845 0.0009
v -1.5947 -0.6929 0.0009
v -1.5813 -0.7013 0.0009
v -1.5675 -0.7099 0.0009
v -1.5526 -0.7192 0.0009
v -1.5365 -0.7291 0.0009
v -1.5193 -0.7396 0.0009
v -1.5010 -0.7507 0.0009
v -1.4818 -0.7621 0.0009
v -1.4616 -0.7740 0.0009
v -1.4404 -0.7862 0.0009
v -1.4294 -0.7924 0.0009
v -1.4184 -0.7987 0.0009
v -1.4070 -0.8050 0.0009
v -1.3956 -0.8114 0.0009
v -1.3838 -0.8178 0.0009
v -1.3720 -0.8242 0.0009
v -1.3598 -0.8306 0.0009
v -1.3476 -0.8370 0.0009
v -1.3350 -0.8435 0.0009
v -1.3225 -0.8499 0.0009
v -1.3096 -0.8564 0.0009
v -1.2968 -0.8628 0.0009
v -1.2836 -0.8691 0.0009
v -1.2704 -0.8755 0.0009
v -1.2569 -0.8818 0.0009
v -1.2435 -0.8881 0.0009
v -1.2308 -0.8938 0.0009
v -1.2174 -0.9000 0.0009
v -1.2031 -0.9064 0.0009
v -1.1880 -0.9131 0.0009
v -1.1720 -0.9200 0.0009
v -1.1552 -0.9272 0.0009
v -1.1376 -0.9345 0.0009
v -1.1193 -0.9420 0.0009
v -1.1001 -0.9497 0.0009
v -1.0802 -0.9574 0.0009
v -1.0595 -0.9651 0.0009
v -1.0380 -0.9729 0.0009
v -1.0158 -0.9807 0.0009
v -0.9929 -0.9884 0.0009
v -0.9693 -0.9960 0.0009
v -0.9571 -0.9998 0.0009
v -0.9449 -1.0036 0.0009
v -0.9324 -1.0073 0.0009
v -0.9198 -1.0110 0.0009
v -0.9070 -1.0146 0.0009
v -0.8941 -1.0182 0.0009
v -0.8808 -1.0217 0.0009
v -0.8676 -1.0252 0.0009
v -0.8541 -1.0286 0.0009
v -0.8405 -1.0320 0.0009
v -0.8266 -1.0353 0.0009
v -0.8127 -1.0386 0.0009
v -0.7985 -1.0417 0.0009
v -0.7842 -1.0448 0.0009
v -0.7697 -1.0477 0.0009
v -0.7551 -1.0507 0.0009
v -0.7403 -1.0535 0.0009
v -0.7254 -1.0562 0.0009
v -0.7102 -1.0588 0.0009
v -0.6950 -1.0614 0.0009
v -0.6796 -1.0637 0.0009
v -0.6641 -1.0661 0.0009
v -0.6483 -1.0682 0.0009
v -0.6325 -1.0703 0.0009
v -0.6164 -1.0722 0.0009
v -0.6003 -1.0741 0.0009
v -0.5839 -1.0757 0.0009
v -0.5675 -1.0774 0.0009
v -0.5509 -1.0787 0.0009
v -0.5342 -1.0800 0.0009
v -0.5172 -1.0811 0.0009
v -0.5003 -1.0821 0.0009
v -0.4830 -1.0829 0.0009
v -0.4658 -1.0836 0.0009
v -0.4554 -1.0840 0.0009
v -0.4430 -1.0843 0.0009
v -0.4284 -1.0845 0.0009
v -0.4119 -1.0846 0.0009
v -0.3914 -1.0845 0.0009
v -0.3685 -1.0840 0.0009
v -0.3436 -1.0832 0.0009
v -0.3300 -1.0825 0.0009
v -0.3165 -1.0819 0.0009
v -0.3020 -1.0810 0.0009
v -0.2875 -1.0801 0.0009
v -0.2721 -1.0789 0.0009
v -0.2566 -1.0776 0.0009
v -0.2403 -1.0761 0.0009
v -0.2239 -1.0745 0.0009
v -0.2068 -1.0726 0.0009
v -0.1896 -1.0707 0.0009
v -0.1716 -1.0683 0.0009
v -0.1537 -1.0660 0.0009
v -0.1349 -1.0632 0.0009
v -0.1162 -1.0604 0.0009
v -0.0968 -1.0571 0.0009
v -0.0774 -1.0538 0.0009
v -0.0573 -1.0500 0.0009
v -0.0373 -1.0462 0.0009
v -0.0166 -1.0419 0.0009
v 0.0041 -1.0375 0.0009
v 0.0253 -1.0326 0.0009
v 0.0465 -1.0276 0.0009
v 0.0682 -1.0220 0.0009
v 0.0899 -1.0164 0.0009
v 0.1121 -1.0101 0.0009
v 0.1343 -1.0038 0.0009
v 0.1542 -0.9976 0.0009
v 0.1740 -0.9914 0.0009
v 0.1939 -0.9852 0.0009
v 0.2131 -0.9784 0.0009
v 0.2323 -0.9717 0.0009
v 0.2514 -0.9650 0.0009
v 0.2701 -0.9578 0.0009
v 0.2887 -0.9506 0.0009
v 0.3073 -0.9435 0.0009
v 0.3253 -0.9358 0.0009
v 0.3434 -0.9282 0.0009
v 0.3615 -0.9205 0.0009
v 0.3791 -0.9124 0.0009
v 0.3967 -0.9044 0.0009
v 0.4144 -0.8963 0.0009
v 0.4316 -0.8878 0.0009
v 0.4488 -0.8792 0.0009
v 0.4661 -0.8707 0.0009
v 0.4830 -0.8618 0.0009
v 0.4999 -0.8529 0.0009
v 0.5169 -0.8440 0.0009
v 0.5335 -0.8346 0.0009
v 0.5502 -0.8253 0.0009
v 0.5669 -0.8160 0.0009
v 0.5834 -0.8063 0.0009
v 0.5999 -0.7966 0.0009
v 0.6164 -0.7869 0.0009
v 0.6328 -0.7768 0.0009
v 0.6492 -0.7668 0.0009
v 0.6656 -0.7567 0.0009
v 0.6820 -0.7463 0.0009
v 0.6983 -0.7358 0.0009
v 0.7147 -0.7254 0.0009
v 0.7311 -0.7147 0.0009
v 0.7475 -0.7039 0.0009
v 0.7638 -0.6931 0.0009
v 0.7803 -0.6821 0.0009
v 0.7968 -0.6710 0.0009
v 0.8133 -0.6599 0.0009
v 0.8300 -0.6485 0.0009
v 0.8466 -0.6371 0.0009
v 0.8633 -0.6257 0.0009
v 0.8802 -0.6141 0.0009
v 0.8971 -0.6024 0.0009
v 0.9140 -0.5907 0.0009
v 0.9312 -0.5787 0.0009
v 0.9484 -0.5668 0.0009
v 0.9656 -0.5548 0.0009
v 0.9803 -0.5445 0.0009
v 0.9951 -0.5341 0.0009
v 1.0098 -0.5237 0.0009
v 1.0237 -0.5137 0.0009
v 1.0377 -0.5037 0.0009
v 1.0516 -0.4936 0.0009
v 1.0714 -0.4791 0.0009
v 1.0911 -0.4646 0.0009
v 1.1096 -0.4507 0.0009
v 1.1281 -0.4368 0.0009
v 1.1454 -0.4236 0.0009
v 1.1626 -0.4104 0.0009
v 1.1786 -0.3980 0.0009
v 1.1945 -0.3856 0.0009
v 1.2091 -0.3740 0.0009
v 1.2237 -0.3625 0.0009
v 1.2369 -0.3519 0.0009
v 1.2501 -0.3413 0.0009
v 1.2595 -0.3502 0.0009
v 1.2697 -0.3599 0.0009
v 1.2809 -0.3705 0.0009
v 1.2928 -0.3819 0.0009
v 1.3055 -0.3941 0.0009
v 1.3190 -0.4070 0.0009
v 1.3331 -0.4206 0.0009
v 1.3479 -0.4348 0.0009
v 1.3611 -0.4475 0.0009
v 1.3742 -0.4602 0.0009
v 1.3874 -0.4728 0.0009
v 1.3997 -0.4848 0.0009
v 1.4120 -0.4967 0.0009
v 1.4244 -0.5086 0.0009
v 1.4417 -0.5253 0.0009
v 1.4590 -0.5420 0.0009
v 1.4752 -0.5577 0.0009
v 1.4914 -0.5734 0.0009
v 1.5065 -0.5881 0.0009
v 1.5215 -0.6028 0.0009
v 1.5356 -0.6165 0.0009
v 1.5496 -0.6303 0.0009
v 1.5627 -0.6431 0.0009
v 1.5757 -0.6560 0.0009
v 1.5878 -0.6680 0.0009
v 1.5999 -0.6800 0.0009
v 1.6110 -0.6913 0.0009
v 1.6222 -0.7025 0.0009
v 1.6325 -0.7130 0.0009
v 1.6428 -0.7236 0.0009
v 1.6523 -0.7334 0.0009
v 1.6617 -0.7433 0.0009
v 1.6704 -0.7525 0.0009
v 1.6791 -0.7618 0.0009
v 1.6950 -0.7792 0.0009
v 1.7095 -0.7956 0.0009
v 1.7228 -0.8112 0.0009
v 1.7348 -0.8259 0.0009
v 1.7504 -0.8455 0.0009
v 1.7653 -0.8638 0.0009
v 1.7797 -0.8811 0.0009
v 1.7936 -0.8976 0.0009
v 1.8072 -0.9133 0.0009
v 1.8205 -0.9285 0.0009
v 1.8338 -0.9433 0.0009
v 1.8471 -0.9578 0.0009
v 1.8606 -0.9723 0.0009
v 1.8744 -0.9868 0.0009
v 1.8886 -1.0016 0.0009
v 1.9033 -1.0168 0.0009
v 1.9187 -1.0325 0.0009
v 1.9350 -1.0490 0.0009
v 1.9521 -1.0663 0.0009
v 1.9612 -1.0755 0.0009
v 1.9703 -1.0847 0.0009
v 1.9806 -1.0949 0.0009
v 1.9918 -1.1054 0.0009
v 2.0040 -1.1157 0.0009
v 2.0171 -1.1253 0.0009
v 2.0312 -1.1337 0.0009
v 2.0462 -1.1402 0.0009
v 2.0623 -1.1446 0.0009
v 2.0794 -1.1461 0.0009
v 2.0951 -1.1447 0.0009
v 2.1081 -1.1415 0.0009
v 2.1205 -1.1368 0.0009
v 2.1323 -1.1307 0.0009
v 2.1435 -1.1235 0.0009
v 2.1539 -1.1154 0.0009
v 2.1637 -1.1067 0.0009
v 2.1727 -1.0977 0.0009
v 2.1809 -1.0884 0.0009
v 2.1883 -1.0793 0.0009
v 2.1950 -1.0704 0.0009
v 2.2007 -1.0621 0.0009
v 2.2056 -1.0546 0.0009
v 2.2097 -1.0481 0.0009
v 2.2128 -1.0429 0.0009
v 2.2149 -1.0391 0.0009
v 2.2167 -1.0359 0.0009
v 2.2187 -1.0320 0.0009
v 2.2208 -1.0276 0.0009
v 2.2231 -1.0224 0.0009
v 2.2255 -1.0166 0.0009
v 2.2279 -1.0100 0.0009
v 2.2303 -1.0027 0.0009
v 2.2327 -0.9946 0.0009
v 2.2349 -0.9856 0.0009
v 2.2370 -0.9757 0.0009
v 2.2389 -0.9649 0.0009
v 2.2406 -0.9532 0.0009
v 2.2420 -0.9405 0.0009
v 2.2430 -0.9268 0.0009
v 2.2438 -0.9040 -0.0000
v 2.2437 -0.8857 -0.0000
v 2.2430 -0.8642 -0.0000
v 2.2414 -0.8409 -0.0000
v 2.2397 -0.8223 -0.0000
v 2.2382 -0.8093 -0.0000
v 2.2365 -0.7958 -0.0000
v 2.2346 -0.7819 -0.0000
v 2.2323 -0.7674 -0.0000
v 2.2298 -0.7525 -0.0000
v 2.2270 -0.7370 -0.0000
v 2.2239 -0.7211 -0.0000
v 2.2205 -0.7046 -0.0000
v 2.2168 -0.6876 -0.0000
v 2.2132 -0.6719 -0.0000
v 2.2095 -0.6567 -0.0000
v 2.2051 -0.6397 -0.0000
v 2.2001 -0.6210 -0.0000
v 2.1943 -0.6007 -0.0000
v 2.1877 -0.5787 -0.0000
v 2.1822 -0.5612 -0.0000
v 2.1782 -0.5491 -0.0000
v 2.1740 -0.5365 -0.0000
v 2.1695 -0.5236 -0.0000
v 2.1648 -0.5103 -0.0000
v 2.1599 -0.4967 -0.0000
v 2.1547 -0.4827 -0.0000
v 2.1492 -0.4683 -0.0000
v 2.1434 -0.4536 -0.0000
v 2.1373 -0.4386 -0.0000
v 2.1309 -0.4232 -0.0000
v 2.1243 -0.4075 -0.0000
v 2.1173 -0.3914 -0.0000
v 2.1100 -0.3751 -0.0000
v 2.1024 -0.3584 -0.0000
v 2.0945 -0.3414 -0.0000
v 2.0862 -0.3242 -0.0000
v 2.0776 -0.3066 -0.0000
v 2.0686 -0.2887 -0.0000
v 2.0593 -0.2706 -0.0000
v 2.0489 -0.2508 -0.0000
v 2.0375 -0.2295 -0.0000
v 2.0261 -0.2088 -0.0000
v 2.0147 -0.1887 -0.0000
v 2.0034 -0.1692 -0.0000
v 1.9922 -0.1503 -0.0000
v 1.9811 -0.1321 -0.0000
v 1.9702 -0.1145 -0.0000
v 1.9594 -0.0974 -0.0000
v 1.9488 -0.0811 -0.0000
v 1.9384 -0.0653 -0.0000
v 1.9283 -0.0502 -0.0000
v 1.9184 -0.0358 -0.0000
v 1.9087 -0.0219 -0.0000
v 1.8994 -0.0088 -0.0000
v 1.8904 0.0037 -0.0000
v 1.8914 0.0182 -0.0000
v 1.9029 0.0354 -0.0000
v 1.9153 0.0545 -0.0000
v 1.9252 0.0698 -0.0000
v 1.9321 0.0805 -0.0000
v 1.9391 0.0917 -0.0000
v 1.9464 0.1033 -0.0000
v 1.9538 0.1152 -0.0000
v 1.9614 0.1276 -0.0000
v 1.9691 0.1403 -0.0000
v 1.9769 0.1534 -0.0000
v 1.9849 0.1668 -0.0000
v 1.9930 0.1806 -0.0000
v 2.0011 0.1946 -0.0000
v 2.0093 0.2088 -0.0000
v 2.0172 0.2227 -0.0000
v 2.0250 0.2363 -0.0000
v 2.0325 0.2495 -0.0000
v 2.0399 0.2625 -0.0000
v 2.0471 0.2753 -0.0000
v 2.0541 0.2878 -0.0000
v 2.0608 0.3002 -0.0000
v 2.0675 0.3123 -0.0000
v 2.0739 0.3242 -0.0000
v 2.0802 0.3360 -0.0000
v 2.0863 0.3477 -0.0000
v 2.0922 0.3592 -0.0000
v 2.0980 0.3707 -0.0000
v 2.1036 0.3821 -0.0000
v 2.1117 0.3990 -0.0000
v 2.1219 0.4215 -0.0000
v 2.1315 0.4439 -0.0000
v 2.1406 0.4666 -0.0000
v 2.1491 0.4896 -0.0000
v 2.1570 0.5130 -0.0000
v 2.1626 0.5309 -0.0000
v 2.1662 0.5431 -0.0000
v 2.1696 0.5555 -0.0000
v 2.1730 0.5681 -0.0000
v 2.1767 0.5829 -0.0000
v 2.1804 0.5989 -0.0000
v 2.1832 0.6130 -0.0000
v 2.1854 0.6255 -0.0000
v 2.1869 0.6367 -0.0000
v 2.1879 0.6471 -0.0000
v 2.1885 0.6568 -0.0000
v 2.1887 0.6663 -0.0000
v 2.1887 0.6753 -0.0000
v 2.1886 0.6843 -0.0000
v 2.1885 0.6938 -0.0000
v 2.1884 0.7041 -0.0000
v 2.1884 0.7130 -0.0000
v 2.1884 0.7202 -0.0000
v 2.1886 0.7279 -0.0000
v 2.1888 0.7362 -0.0000
v 2.1892 0.7451 -0.0000
v 2.1896 0.7546 -0.0000
v 2.1902 0.7649 -0.0000
v 2.1910 0.7759 -0.0000
v 2.1919 0.7877 -0.0000
v 2.1931 0.8004 -0.0000
v 2.1944 0.8141 -0.0000
v 2.1959 0.8287 -0.0000
v 2.1977 0.8443 -0.0000
v 2.1998 0.8610 -0.0000
v 2.2021 0.8788 -0.0000
v 2.2047 0.8978 -0.0000
v 2.2071 0.9151 -0.0000
v 2.2092 0.9299 -0.0000
v 2.2112 0.9445 -0.0000
v 2.2131 0.9590 -0.0000
v 2.2147 0.9732 -0.0000
v 2.2161 0.9871 -0.0000
v 2.2171 1.0006 -0.0000
v 2.2176 1.0138 -0.0000
v 2.2177 1.0271 -0.0000
v 2.2170 1.0402 -0.0000
v 2.2154 1.0527 -0.0000
v 2.2129 1.0645 -0.0000
v 2.2095 1.0756 -0.0000
v 2.2049 1.0859 -0.0000
v 2.1991 1.0953 -0.0000
v 2.1919 1.1038 -0.0000
v 2.1852 1.1101 -0.0000
v 2.1793 1.1145 -0.0000
v 2.1730 1.1185 -0.0000
v 2.1664 1.1221 -0.0000
v 2.1595 1.1254 -0.0000
v 2.1524 1.1284 -0.0000
v 2.1454 1.1310 -0.0000
v 2.1383 1.1334 -0.0000
v 2.1315 1.1355 -0.0000
v 2.1248 1.1373 -0.0000
v 2.1186 1.1388 -0.0000
v 2.1128 1.1401 -0.0000
v 2.1075 1.1412 -0.0000
v 2.1030 1.1421 -0.0000
v 2.0991 1.1427 -0.0000
v 2.0957 1.1433 -0.0000
v 2.0911 1.1439 -0.0000
v 2.0858 1.1445 -0.0000
v 2.0804 1.1450 -0.0000
v 2.0741 1.1455 -0.0000
v 2.0670 1.1459 -0.0000
v 2.0591 1.1461 -0.0000
v 2.0463 1.1458 -0.0000
v 2.0284 1.1445 -0.0000
v 2.0112 1.1416 -0.0000
v 1.9953 1.1371 -0.0000
v 1.9800 1.1311 -0.0000
v 1.9654 1.1238 -0.0000
v 1.9515 1.1154 -0.0000
v 1.9384 1.1061 -0.0000
v 1.9261 1.0962 -0.0000
v 1.9145 1.0859 -0.0000
v 1.9039 1.0755 -0.0000
v 1.8942 1.0651 -0.0000
v 1.8853 1.0550 -0.0000
v 1.8775 1.0454 -0.0000
v 1.8706 1.0365 -0.0000
v 1.8648 1.0286 -0.0000
v 1.8600 1.0218 -0.0000
v 1.8564 1.0165 -0.0000
v 1.8476 1.0041 -0.0000
v 1.8360 0.9884 -0.0000
v 1.8273 0.9771 -0.0000
v 1.8179 0.9652 -0.0000
v 1.8078 0.9527 -0.0000
v 1.7971 0.9397 -0.0000
v 1.7856 0.9260 -0.0000
v 1.7734 0.9118 -0.0000
v 1.7604 0.8969 -0.0000
v 1.7468 0.8815 -0.0000
v 1.7325 0.8655 -0.0000
v 1.7175 0.8489 -0.0000
v 1.7017 0.8316 -0.0000
v 1.6881 0.8169 -0.0000
v 1.6767 0.8046 -0.0000
v 1.6652 0.7923 -0.0000
v 1.6533 0.7796 -0.0000
v 1.6409 0.7666 -0.0000
v 1.6286 0.7535 -0.0000
v 1.6157 0.7400 -0.0000
v 1.6024 0.7261 -0.0000
v 1.5890 0.7122 -0.0000
v 1.5752 0.6979 -0.0000
v 1.5609 0.6832 -0.0000
v 1.5467 0.6685 -0.0000
v 1.5319 0.6535 -0.0000
v 1.5167 0.6380 -0.0000
v 1.5014 0.6225 -0.0000
v 1.4857 0.6065 -0.0000
v 1.4696 0.5902 -0.0000
v 1.4534 0.5739 -0.0000
v 1.4367 0.5572 -0.0000
v 1.4196 0.5401 -0.0000
v 1.4025 0.5230 -0.0000
v 1.3872 0.5077 -0.0000
v 1.3736 0.4942 -0.0000
v 1.3600 0.4807 -0.0000
v 1.3465 0.4673 -0.0000
v 1.3326 0.4535 -0.0000
v 1.3183 0.4395 -0.0000
v 1.3040 0.4254 -0.0000
v 1.2897 0.4113 -0.0000
v 1.2743 0.4099 -0.0000
v 1.2578 0.4212 -0.0000
v 1.2404 0.4330 -0.0000
v 1.2223 0.4453 -0.0000
v 1.2033 0.4581 -0.0000
v 1.1836 0.4714 -0.0000
v 1.1667 0.4827 -0.0000
v 1.1526 0.4921 -0.0000
v 1.1385 0.5015 -0.0000
v 1.1239 0.5112 -0.0000
v 1.1087 0.5211 -0.0000
v 1.0937 0.5311 -0.0000
v 1.0781 0.5413 -0.0000
v 1.0621 0.5517 -0.0000
v 1.0460 0.5622 -0.0000
v 1.0296 0.5728 -0.0000
v 1.0126 0.5838 -0.0000
v 0.9957 0.5947 -0.0000
v 0.9783 0.6058 -0.0000
v 0.9605 0.6171 -0.0000
v 0.9427 0.6284 -0.0000
v 0.9283 0.6376 -0.0000
v 0.9171 0.6446 -0.0000
v 0.9010 0.6548 -0.0000
v 0.8805 0.6678 -0.0000
v 0.8610 0.6801 -0.0000
v 0.8423 0.6918 -0.0000
v 0.8245 0.7029 -0.0000
v 0.8075 0.7135 -0.0000
v 0.7910 0.7237 -0.0000
v 0.7750 0.7334 -0.0000
v 0.7593 0.7428 -0.0000
v 0.7440 0.7520 -0.0000
v 0.7288 0.7609 -0.0000
v 0.7137 0.7696 -0.0000
v 0.6986 0.7782 -0.0000
v 0.6833 0.7868 -0.0000
v 0.6678 0.7953 -0.0000
v 0.6527 0.8035 -0.0000
v 0.6370 0.8119 -0.0000
v 0.6189 0.8214 -0.0000
v 0.5986 0.8319 -0.0000
v 0.5821 0.8403 -0.0000
v 0.5704 0.8462 -0.0000
v 0.5582 0.8522 -0.0000
v 0.5456 0.8584 -0.0000
v 0.5325 0.8648 -0.0000
v 0.5190 0.8712 -0.0000
v 0.5051 0.8778 -0.0000
v 0.4909 0.8845 -0.0000
v 0.4762 0.8912 -0.0000
v 0.4613 0.8980 -0.0000
v 0.4460 0.9048 -0.0000
v 0.4304 0.9116 -0.0000
v 0.4145 0.9185 -0.0000
v 0.3983 0.9253 -0.0000
v 0.3819 0.9321 -0.0000
v 0.3653 0.9389 -0.0000
v 0.3484 0.9456 -0.0000
v 0.3314 0.9523 -0.0000
v 0.3142 0.9588 -0.0000
v 0.2968 0.9652 -0.0000
v 0.2793 0.9715 -0.0000
v 0.2617 0.9777 -0.0000
v 0.2440 0.9836 -0.0000
v 0.2262 0.9895 -0.0000
v 0.2080 0.9952 -0.0000
v 0.1894 1.0007 -0.0000
v 0.1709 1.0061 -0.0000
v 0.1525 1.0111 -0.0000
v 0.1342 1.0160 -0.0000
v 0.1160 1.0206 -0.0000
v 0.0979 1.0249 -0.0000
v 0.0799 1.0290 -0.0000
v 0.0620 1.0329 -0.0000
v 0.0442 1.0366 -0.0000
v 0.0265 1.0400 -0.0000
v 0.0089 1.0432 -0.0000
v -0.0085 1.0463 -0.0000
v -0.0259 1.0491 -0.0000
v -0.0431 1.0517 -0.0000
v -0.0602 1.0542 -0.0000
v -0.0771 1.0564 -0.0000
v -0.0939 1.0585 -0.0000
v -0.1106 1.0604 -0.0000
v -0.1271 1.0622 -0.0000
v -0.1435 1.0637 -0.0000
v -0.1597 1.0652 -0.0000
v -0.1758 1.0664 -0.0000
v -0.1918 1.0675 -0.0000
v -0.2075 1.0685 -0.0000
v -0.2231 1.0693 -0.0000
v -0.2386 1.0700 -0.0000
v -0.2539 1.0706 -0.0000
v -0.2690 1.0710 -0.0000
v -0.2839 1.0714 -0.0000
v -0.2987 1.0716 -0.0000
v -0.3132 1.0717 -0.0000
v -0.3308 1.0716 -0.0000
v -0.3513 1.0714 -0.0000
v -0.3715 1.0710 -0.0000
v -0.3912 1.0705 -0.0000
v -0.4105 1.0698 -0.0000
v -0.4293 1.0689 -0.0000
v -0.4477 1.0679 -0.0000
v -0.4656 1.0669 -0.0000
v -0.4831 1.0657 -0.0000
v -0.5001 1.0644 -0.0000
v -0.5165 1.0631 -0.0000
v -0.5325 1.0618 -0.0000
v -0.5480 1.0604 -0.0000
v -0.5629 1.0590 -0.0000
v -0.5774 1.0576 -0.0000
v -0.5912 1.0562 -0.0000
v -0.6079 1.0545 -0.0000
v -0.6273 1.0524 -0.0000
v -0.6466 1.0501 -0.0000
v -0.6657 1.0477 -0.0000
v -0.6846 1.0452 -0.0000
v -0.7034 1.0425 -0.0000
v -0.7219 1.0397 -0.0000
v -0.7403 1.0368 -0.0000
v -0.7585 1.0338 -0.0000
v -0.7765 1.0307 -0.0000
v -0.7943 1.0274 -0.0000
v -0.8119 1.0241 -0.0000
v -0.8294 1.0206 -0.0000
v -0.8466 1.0171 -0.0000
v -0.8636 1.0134 -0.0000
v -0.8805 1.0097 -0.0000
v -0.8972 1.0059 -0.0000
v -0.9136 1.0020 -0.0000
v -0.9299 0.9980 -0.0000
v -0.9459 0.9940 -0.0000
v -0.9618 0.9899 -0.0000
v -0.9774 0.9857 -0.0000
v -0.9929 0.9815 -0.0000
v -1.0081 0.9772 -0.0000
v -1.0231 0.9729 -0.0000
v -1.0379 0.9685 -0.0000
v -1.0525 0.9641 -0.0000
v -1.0669 0.9597 -0.0000
v -1.0810 0.9552 -0.0000
v -1.0950 0.9507 -0.0000
v -1.1087 0.9462 -0.0000
v -1.1222 0.9416 -0.0000
v -1.1355 0.9371 -0.0000
v -1.1485 0.9325 -0.0000
v -1.1614 0.9280 -0.0000
v -1.1740 0.9234 -0.0000
v -1.1863 0.9188 -0.0000
v -1.1985 0.9142 -0.0000
v -1.2162 0.9074 -0.0000
v -1.2391 0.8984 -0.0000
v -1.2610 0.8895 -0.0000
v -1.2819 0.8807 -0.0000
v -1.3019 0.8721 -0.0000
v -1.3208 0.8637 -0.0000
v -1.3388 0.8556 -0.0000
v -1.3557 0.8477 -0.0000
v -1.3716 0.8402 -0.0000
v -1.3865 0.8330 -0.0000
v -1.4003 0.8261 -0.0000
v -1.4130 0.8197 -0.0000
v -1.4246 0.8138 -0.0000
v -1.4380 0.8068 -0.0000
v -1.4535 0.7985 -0.0000
v -1.4691 0.7901 -0.0000
v -1.4843 0.7818 -0.0000
v -1.4991 0.7734 -0.0000
v -1.5139 0.7650 -0.0000
v -1.5318 0.7545 -0.0000
v -1.5530 0.7418 -0.0000
v -1.5736 0.7291 -0.0000
v -1.5938 0.7163 -0.0000
v -1.6136 0.7035 -0.0000
v -1.6329 0.6906 -0.0000
v -1.6518 0.6776 -0.0000
v -1.6703 0.6646 -0.0000
v -1.6885 0.6515 -0.0000
v -1.7063 0.6384 -0.0000
v -1.7238 0.6252 -0.0000
v -1.7410 0.6119 -0.0000
v -1.7580 0.5986 -0.0000
v -1.7747 0.5852 -0.0000
v -1.7911 0.5717 -0.0000
v -1.8074 0.5582 -0.0000
v -1.8235 0.5445 -0.0000
v -1.8394 0.5309 -0.0000
v -1.8551 0.5171 -0.0000
v -1.8708 0.5033 -0.0000
v -1.8863 0.4894 -0.0000
v -1.9018 0.4754 -0.0000
v -1.9172 0.4614 -0.0000
v -1.9326 0.4472 -0.0000
v -1.9480 0.4330 -0.0000
v -1.9634 0.4188 -0.0000
v -1.9788 0.4044 -0.0000
v -1.9943 0.3899 -0.0000
v -2.0071 0.3780 -0.0000
v -2.0172 0.3685 -0.0000
v -2.0270 0.3591 -0.0000
v -2.0365 0.3500 -0.0000
v -2.0502 0.3367 -0.0000
v -2.0676 0.3195 -0.0000
v -2.0839 0.3030 -0.0000
v -2.0991 0.2872 -0.0000
v -2.1134 0.2720 -0.0000
v -2.1267 0.2575 -0.0000
v -2.1391 0.2436 -0.0000
v -2.1506 0.2303 -0.0000
v -2.1612 0.2175 -0.0000
v -2.1710 0.2054 -0.0000
v -2.1799 0.1937 -0.0000
v -2.1882 0.1826 -0.0000
v -2.1957 0.1720 -0.0000
v -2.2024 0.1618 -0.0000
v -2.2086 0.1521 -0.0000
v -2.2141 0.1429 -0.0000
v -2.2190 0.1340 -0.0000
v -2.2233 0.1256 -0.0000
v -2.2271 0.1175 -0.0000
v -2.2305 0.1098 -0.0000
v -2.2333 0.1024 -0.0000
v -2.2357 0.0953 -0.0000
v -2.2378 0.0886 -0.0000
v -2.2395 0.0821 -0.0000
v -2.2408 0.0759 -0.0000
v -2.2418 0.0699 -0.0000
v -2.2426 0.0641 -0.0000
v -2.2432 0.0585 -0.0000
v -2.2436 0.0531 -0.0000
v -2.2438 0.0479 -0.0000
v -2.2439 0.0433 -0.0000
v -2.2435 0.0349 -0.0000
v -2.2429 0.0218 -0.0000
v -2.2415 0.0088 -0.0000
v -2.2395 -0.0042 -0.0000
v -2.2369 -0.0171 -0.0000
v -2.2336 -0.0300 -0.0000
v -2.2297 -0.0429 -0.0000
v -2.2252 -0.0558 -0.0000
v -2.2202 -0.0686 -0.0000
v -2.2146 -0.0815 -0.0000
v -2.2085 -0.0943 -0.0000
v -2.2019 -0.1072 -0.0000
v -2.1948 -0.1201 -0.0000
v -2.1872 -0.1329 -0.0000
v -2.1791 -0.1458 -0.0000
v -2.1706 -0.1588 -0.0000
v -2.1617 -0.1718 -0.0000
v -2.1523 -0.1848 -0.0000
v -2.1426 -0.1978 -0.0000
v -2.1325 -0.2109 -0.0000
v -2.1220 -0.2241 -0.0000
v -2.1112 -0.2373 -0.0000
v -2.1001 -0.2506 -0.0000
v -2.0886 -0.2640 -0.0000
v -2.0769 -0.2775 -0.0000
v -2.0649 -0.2910 -0.0000
v -2.0526 -0.3046 -0.0000
v -2.0402 -0.3184 -0.0000
v -2.0274 -0.3322 -0.0000
v -2.0145 -0.3462 -0.0000
v -2.0015 -0.3602 -0.0000
v -1.9882 -0.3744 -0.0000
v -1.9770 -0.3864 -0.0000
v -1.9664 -0.3975 -0.0000
v -1.9532 -0.4111 -0.0000
v -1.9374 -0.4269 -0.0000
v -1.9240 -0.4401 -0.0000
v -1.9142 -0.4495 -0.0000
v -1.9039 -0.4593 -0.0000
v -1.8930 -0.4695 -0.0000
v -1.8815 -0.4800 -0.0000
v -1.8695 -0.4909 -0.0000
v -1.8569 -0.5020 -0.0000
v -1.8438 -0.5135 -0.0000
v -1.8337 -0.5221 -0.0000
v -1.8263 -0.5284 -0.0000
v -1.8178 -0.5354 -0.0000
v -1.8083 -0.5432 -0.0000
v -1.7977 -0.5517 -0.0000
v -1.7860 -0.5609 -0.0000
v -1.7731 -0.5708 -0.0000
v -1.7589 -0.5814 -0.0000
v -1.7434 -0.5928 -0.0000
v -1.7266 -0.6049 -0.0000
v -1.7084 -0.6178 -0.0000
v -1.6887 -0.6313 -0.0000
v -1.6730 -0.6420 -0.0000
v -1.6621 -0.6493 -0.0000
v -1.6507 -0.6568 -0.0000
v -1.6390 -0.6645 -0.0000
v -1.6268 -0.6724 -0.0000
v -1.6143 -0.6804 -0.0000
v -1.6013 -0.6887 -0.0000
v -1.5880 -0.6971 -0.0000
v -1.5744 -0.7056 -0.0000
v -1.5600 -0.7145 -0.0000
v -1.5445 -0.7242 -0.0000
v -1.5279 -0.7344 -0.0000
v -1.5101 -0.7451 -0.0000
v -1.4914 -0.7564 -0.0000
v -1.4717 -0.7681 -0.0000
v -1.4510 -0.7801 -0.0000
v -1.4349 -0.7893 -0.0000
v -1.4239 -0.7956 -0.0000
v -1.4127 -0.8018 -0.0000
v -1.4013 -0.8082 -0.0000
v -1.3897 -0.8146 -0.0000
v -1.3779 -0.8210 -0.0000
v -1.3659 -0.8274 -0.0000
v -1.3537 -0.8338 -0.0000
v -1.3413 -0.8403 -0.0000
v -1.3288 -0.8467 -0.0000
v -1.3160 -0.8531 -0.0000
v -1.3032 -0.8596 -0.0000
v -1.2902 -0.8660 -0.0000
v -1.2770 -0.8723 -0.0000
v -1.2637 -0.8786 -0.0000
v -1.2502 -0.8849 -0.0000
v -1.2371 -0.8909 -0.0000
v -1.2241 -0.8969 -0.0000
v -1.2102 -0.9032 -0.0000
v -1.1955 -0.9097 -0.0000
v -1.1800 -0.9166 -0.0000
v -1.1636 -0.9236 -0.0000
v -1.1464 -0.9309 -0.0000
v -1.1284 -0.9383 -0.0000
v -1.1097 -0.9459 -0.0000
v -1.0901 -0.9535 -0.0000
v -1.0698 -0.9612 -0.0000
v -1.0488 -0.9690 -0.0000
v -1.0270 -0.9768 -0.0000
v -1.0044 -0.9845 -0.0000
v -0.9811 -0.9922 -0.0000
v -0.9632 -0.9979 -0.0000
v -0.9510 -1.0017 -0.0000
v -0.9386 -1.0054 -0.0000
v -0.9261 -1.0091 -0.0000
v -0.9134 -1.0128 -0.0000
v -0.9005 -1.0164 -0.0000
v -0.8875 -1.0200 -0.0000
v -0.8742 -1.0235 -0.0000
v -0.8608 -1.0270 -0.0000
v -0.8473 -1.0303 -0.0000
v -0.8335 -1.0337 -0.0000
v -0.8196 -1.0369 -0.0000
v -0.8056 -1.0401 -0.0000
v -0.7914 -1.0433 -0.0000
v -0.7770 -1.0463 -0.0000
v -0.7624 -1.0492 -0.0000
v -0.7477 -1.0521 -0.0000
v -0.7328 -1.0549 -0.0000
v -0.7178 -1.0575 -0.0000
v -0.7026 -1.0601 -0.0000
v -0.6873 -1.0626 -0.0000
v -0.6718 -1.0649 -0.0000
v -0.6562 -1.0672 -0.0000
v -0.6404 -1.0693 -0.0000
v -0.6244 -1.0713 -0.0000
v -0.6083 -1.0732 -0.0000
v -0.5921 -1.0749 -0.0000
v -0.5757 -1.0765 -0.0000
v -0.5592 -1.0780 -0.0000
v -0.5425 -1.0794 -0.0000
v -0.5257 -1.0806 -0.0000
v -0.5088 -1.0816 -0.0000
v -0.4917 -1.0825 -0.0000
v -0.4744 -1.0833 -0.0000
v -0.4606 -1.0838 -0.0000
v -0.4492 -1.0841 -0.0000
v -0.4357 -1.0844 -0.0000
v -0.4202 -1.0845 -0.0000
v -0.4016 -1.0845 -0.0000
v -0.3800 -1.0842 -0.0000
v -0.3561 -1.0836 -0.0000
v -0.3368 -1.0829 -0.0000
v -0.3233 -1.0822 -0.0000
v -0.3093 -1.0814 -0.0000
v -0.2948 -1.0805 -0.0000
v -0.2798 -1.0795 -0.0000
v -0.2643 -1.0783 -0.0000
v -0.2484 -1.0769 -0.0000
v -0.2321 -1.0753 -0.0000
v -0.2154 -1.0736 -0.0000
v -0.1982 -1.0717 -0.0000
v -0.1806 -1.0695 -0.0000
v -0.1626 -1.0672 -0.0000
v -0.1443 -1.0646 -0.0000
v -0.1256 -1.0618 -0.0000
v -0.1065 -1.0588 -0.0000
v -0.0871 -1.0555 -0.0000
v -0.0674 -1.0519 -0.0000
v -0.0473 -1.0481 -0.0000
v -0.0269 -1.0441 -0.0000
v -0.0063 -1.0397 -0.0000
v 0.0147 -1.0350 -0.0000
v 0.0359 -1.0301 -0.0000
v 0.0573 -1.0248 -0.0000
v 0.0791 -1.0192 -0.0000
v 0.1010 -1.0132 -0.0000
v 0.1232 -1.0070 -0.0000
v 0.1442 -1.0007 -0.0000
v 0.1641 -0.9945 -0.0000
v 0.1839 -0.9883 -0.0000
v 0.2035 -0.9818 -0.0000
v 0.2227 -0.9751 -0.0000
v 0.2419 -0.9684 -0.0000
v 0.2607 -0.9614 -0.0000
v 0.2794 -0.9542 -0.0000
v 0.2980 -0.9471 -0.0000
v 0.3163 -0.9396 -0.0000
v 0.3344 -0.9320 -0.0000
v 0.3524 -0.9244 -0.0000
v 0.3703 -0.9165 -0.0000
v 0.3879 -0.9084 -0.0000
v 0.4056 -0.9003 -0.0000
v 0.4230 -0.8920 -0.0000
v 0.4402 -0.8835 -0.0000
v 0.4575 -0.8750 -0.0000
v 0.4746 -0.8663 -0.0000
v 0.4915 -0.8573 -0.0000
v 0.5084 -0.8484 -0.0000
v 0.5252 -0.8393 -0.0000
v 0.5419 -0.8300 -0.0000
v 0.5586 -0.8207 -0.0000
v 0.5752 -0.8112 -0.0000
v 0.5917 -0.8014 -0.0000
v 0.6082 -0.7917 -0.0000
v 0.6246 -0.7819 -0.0000
v 0.6410 -0.7718 -0.0000
v 0.6574 -0.7617 -0.0000
v 0.6738 -0.7515 -0.0000
v 0.6901 -0.7411 -0.0000
v 0.7065 -0.7306 -0.0000
v 0.7229 -0.7200 -0.0000
v 0.7393 -0.7093 -0.0000
v 0.7557 -0.6985 -0.0000
v 0.7721 -0.6876 -0.0000
v 0.7886 -0.6765 -0.0000
v 0.8051 -0.6654 -0.0000
v 0.8216 -0.6542 -0.0000
v 0.8383 -0.6428 -0.0000
v 0.8550 -0.6314 -0.0000
v 0.8717 -0.6199 -0.0000
v 0.8886 -0.6082 -0.0000
v 0.9055 -0.5965 -0.0000
v 0.9226 -0.5847 -0.0000
v 0.9398 -0.5728 -0.0000
v 0.9570 -0.5608 -0.0000
v 0.9730 -0.5496 -0.0000
v 0.9877 -0.5393 -0.0000
v 1.0024 -0.5289 -0.0000
v 1.0167 -0.5187 -0.0000
v 1.0307 -0.5087 -0.0000
v 1.0447 -0.4986 -0.0000
v 1.0615 -0.4864 -0.0000
v 1.0812 -0.4718 -0.0000
v 1.1004 -0.4576 -0.0000
v 1.1189 -0.4437 -0.0000
v 1.1367 -0.4302 -0.0000
v 1.1540 -0.4170 -0.0000
v 1.1706 -0.4042 -0.0000
v 1.1865 -0.3918 -0.0000
v 1.2018 -0.3798 -0.0000
v 1.2164 -0.3683 -0.0000
v 1.2303 -0.3572 -0.0000
v 1.2435 -0.3466 -0.0000
v 1.2548 -0.3457 -0.0000
v 1.2646 -0.3551 -0.0000
v 1.2753 -0.3652 -0.0000
v 1.2868 -0.3762 -0.0000
v 1.2992 -0.3880 -0.0000
v 1.3123 -0.4005 -0.0000
v 1.3261 -0.4138 -0.0000
v 1.3405 -0.4277 -0.0000
v 1.3545 -0.4411 -0.0000
v 1.3676 -0.4538 -0.0000
v 1.3808 -0.4665 -0.0000
v 1.3935 -0.4788 -0.0000
v 1.4059 -0.4907 -0.0000
v 1.4182 -0.5026 -0.0000
v 1.4330 -0.5169 -0.0000
v 1.4503 -0.5337 -0.0000
v 1.4671 -0.5499 -0.0000
v 1.4833 -0.5656 -0.0000
v 1.4989 -0.5807 -0.0000
v 1.5140 -0.5954 -0.0000
v 1.5286 -0.6096 -0.0000
v 1.5426 -0.6234 -0.0000
v 1.5561 -0.6367 -0.0000
v 1.5692 -0.6495 -0.0000
v 1.5817 -0.6620 -0.0000
v 1.5938 -0.6740 -0.0000
v 1.6055 -0.6856 -0.0000
v 1.6166 -0.6969 -0.0000
v 1.6274 -0.7078 -0.0000
v 1.6377 -0.7183 -0.0000
v 1.6475 -0.7285 -0.0000
v 1.6570 -0.7383 -0.0000
v 1.6661 -0.7479 -0.0000
v 1.6748 -0.7572 -0.0000
v 1.6871 -0.7705 -0.0000
v 1.7023 -0.7874 -0.0000
v 1.7162 -0.8034 -0.0000
v 1.7288 -0.8185 -0.0000
v 1.7426 -0.8357 -0.0000
v 1.7579 -0.8546 -0.0000
v 1.7725 -0.8725 -0.0000
v 1.7866 -0.8894 -0.0000
v 1.8004 -0.9054 -0.0000
v 1.8138 -0.9209 -0.0000
v 1.8271 -0.9359 -0.0000
v 1.8404 -0.9505 -0.0000
v 1.8538 -0.9651 -0.0000
v 1.8675 -0.9796 -0.0000
v 1.8815 -0.9942 -0.0000
v 1.8960 -1.0092 -0.0000
v 1.9110 -1.0247 -0.0000
v 1.9268 -1.0408 -0.0000
v 1.9435 -1.0576 -0.0000
v 1.9566 -1.0709 -0.0000
v 1.9657 -1.0801 -0.0000
v 1.9754 -1.0898 -0.0000
v 1.9862 -1.1002 -0.0000
v 1.9979 -1.1106 -0.0000
v 2.0106 -1.1205 -0.0000
v 2.0241 -1.1295 -0.0000
v 2.0387 -1.1369 -0.0000
v 2.0542 -1.1424 -0.0000
v 2.0708 -1.1454 -0.0000
v 2.0872 -1.1454 -0.0000
v 2.1016 -1.1431 -0.0000
v 2.1143 -1.1392 -0.0000
v 2.1264 -1.1337 -0.0000
v 2.1379 -1.1271 -0.0000
v 2.1487 -1.1195 -0.0000
v 2.1588 -1.1111 -0.0000
v 2.1682 -1.1022 -0.0000
v 2.1768 -1.0930 -0.0000
v 2.1846 -1.0838 -0.0000
v 2.1916 -1.0748 -0.0000
v 2.1978 -1.0663 -0.0000
v 2.2032 -1.0583 -0.0000
v 2.2077 -1.0514 -0.0000
v 2.2112 -1.0455 -0.0000
v 2.2138 -1.0410 -0.0000
v 2.2158 -1.0375 -0.0000
v 2.2177 -1.0340 -0.0000
v 2.2197 -1.0298 -0.0000
v 2.2220 -1.0250 -0.0000
v 2.2243 -1.0195 -0.0000
v 2.2267 -1.0133 -0.0000
v 2.2291 -1.0064 -0.0000
v 2.2315 -0.9986 -0.0000
v 2.2338 -0.9901 -0.0000
v 2.2360 -0.9807 -0.0000
v 2.2380 -0.9703 -0.0000
v 2.2398 -0.9591 -0.0000
v 2.2413 -0.9469 -0.0000
v 2.2425 -0.9336 -0.0000
v 2.2433 -0.9194 -0.0000
f 2999 7828 7829
f 2999 7829 7830
f 2136 7825 7826
f 7826 7827 2136
f 2999 7827 7828
f 2999 2136 7827
f 7830 1881 2999
f 2998 7832 7833
f 7833 7834 2998
f 7835 2998 7834
f 7831 1881 7830
f 7831 7832 1881
f 2998 1887 1881
f 1557 1887 2998
f 7832 2998 1881
f 2999 1881 2138
f 2998 7835 1557
f 2140 1881 1887
f 3002 7820 7821
f 3002 7821 7822
f 2338 3002 7822
f 148 7817 7818
f 7818 7819 148
f 3002 7819 7820
f 7819 3002 148
f 7822 7823 2338
f 2136 2338 7823
f 7824 7825 2136
f 2138 2140 2340
f 2136 2999 2138
f 1881 2140 2138
f 2136 2138 2339
f 3002 2338 150
f 2339 2338 2136
f 2340 157 2339
f 2341 2340 2140
f 2339 2138 2340
f 152 2338 2339
f 2341 2140 2143
f 2136 7823 7824
f 2341 158 2340
f 2140 1887 2143
f 2222 7840 7841
f 3000 2222 7841
f 2997 7837 7838
f 7839 2222 7838
f 2222 7839 7840
f 2997 7838 2222
f 7841 7842 3000
f 1763 7844 7845
f 1763 7845 7846
f 1763 7846 7847
f 7843 3000 7842
f 7843 7844 3000
f 1569 2228 2238
f 1763 2228 3000
f 7844 1763 3000
f 3000 2228 2222
f 7847 3001 1763
f 2222 2228 1565
f 1889 1887 1557
f 1557 7836 2997
f 2997 1561 1557
f 2997 2222 1561
f 7837 2997 7836
f 1557 1561 1889
f 2143 1889 2145
f 2143 1887 1889
f 2343 2145 2344
f 2145 2343 2143
f 2145 1889 1893
f 2143 2343 2341
f 1889 1561 1893
f 1557 7835 7836
f 1893 1565 1898
f 1565 1893 1561
f 2150 1898 1904
f 1569 1898 1565
f 2222 1565 1561
f 1893 1898 2148
f 2344 2148 2346
f 2344 2145 2148
f 172 2346 2347
f 2150 2346 2148
f 2148 1898 2150
f 167 2343 2344
f 1898 1569 1904
f 2148 2145 1893
f 1569 1565 2228
f 163 2341 2343
f 2228 1763 2238
f 170 2344 2346
f 438 7810 7811
f 7810 438 7809
f 7807 3006 7806
f 751 7808 7809
f 7808 3006 7807
f 438 7811 7812
f 3003 7814 7815
f 7815 7816 3003
f 7816 7817 148
f 148 3003 7816
f 7813 438 7812
f 438 7813 3003
f 3003 441 438
f 441 3003 148
f 7813 7814 3003
f 7809 438 751
f 441 443 758
f 755 438 441
f 7802 7803 1100
f 7804 1100 7803
f 1100 7804 3006
f 7802 1100 7801
f 7799 7800 1453
f 7800 7801 1453
f 7798 7799 3004
f 7801 1100 1453
f 7806 3006 7805
f 7808 751 3006
f 755 758 1108
f 751 438 755
f 441 758 755
f 751 755 1106
f 1101 1100 3006
f 3006 751 1101
f 1459 1101 1106
f 1101 751 1106
f 755 1108 1106
f 1455 1100 1101
f 758 1111 1108
f 3006 7804 7805
f 1108 1461 1106
f 441 148 443
f 150 152 445
f 148 3002 150
f 157 158 448
f 152 2339 157
f 2338 152 150
f 152 157 446
f 443 445 762
f 445 443 150
f 446 448 769
f 448 446 157
f 445 152 446
f 445 446 765
f 158 449 448
f 150 443 148
f 163 167 451
f 158 2341 163
f 170 172 454
f 167 2344 170
f 2343 167 163
f 167 170 452
f 449 451 776
f 451 449 163
f 452 454 783
f 454 452 170
f 451 167 452
f 451 452 781
f 454 457 787
f 163 449 158
f 2340 158 157
f 448 449 774
f 762 765 1114
f 765 762 445
f 769 774 1121
f 774 769 448
f 765 446 769
f 765 769 1117
f 1464 1108 1111
f 1114 1111 762
f 1471 1114 1117
f 1121 1117 769
f 1114 765 1117
f 1467 1111 1114
f 774 1124 1121
f 1111 758 762
f 776 781 1128
f 781 776 451
f 783 787 1136
f 787 783 454
f 781 452 783
f 781 783 1132
f 1480 1121 1124
f 1128 1124 776
f 1490 1128 1132
f 1136 1132 783
f 1128 781 1132
f 1486 1124 1128
f 787 1141 1136
f 776 1124 774
f 774 449 776
f 1476 1117 1121
f 454 172 457
f 762 758 443
f 2346 172 170
f 1136 1493 1132
f 2346 2150 2347
f 7855 1477 7854
f 3146 7855 7856
f 7853 7854 1472
f 1472 7852 7853
f 1472 7851 7852
f 7856 7857 3146
f 2996 7859 7860
f 7860 7861 1204
f 7861 3020 1204
f 3146 7858 2996
f 7858 3146 7857
f 2996 1204 1481
f 2996 7858 7859
f 7860 1204 2996
f 3146 2996 1481
f 1481 1204 1484
f 1477 7855 3146
f 3001 7848 7849
f 7849 7850 3001
f 7850 7851 1472
f 1472 3001 7850
f 1763 3001 1766
f 1763 1766 2238
f 2238 2249 1573
f 1766 2249 2238
f 3001 1472 1766
f 1573 1904 1569
f 1766 1472 1770
f 1573 1569 2238
f 1770 1477 1775
f 1477 1770 1472
f 1775 1481 1779
f 1481 1775 1477
f 7854 1477 1472
f 1770 1775 2262
f 1573 2249 1576
f 2249 1770 2262
f 2273 1779 2285
f 2273 2262 1775
f 1779 2273 1775
f 1576 2249 2262
f 1779 1481 1484
f 1770 2249 1766
f 3146 1481 1477
f 2273 1581 2262
f 3020 7861 7862
f 957 7865 7866
f 957 7866 960
f 7866 7867 960
f 1206 1204 3020
f 3020 7863 7864
f 7864 957 3020
f 957 7864 7865
f 1206 3020 957
f 7867 7868 960
f 3021 7869 7870
f 739 7870 7871
f 739 7871 7872
f 960 3021 963
f 960 7868 3021
f 1216 963 966
f 739 963 3021
f 3021 7870 739
f 1210 957 960
f 7872 7873 739
f 3021 7868 7869
f 1212 960 963
f 1484 1206 1488
f 1484 1204 1206
f 1786 1488 1492
f 1210 1488 1206
f 1206 957 1210
f 1484 1488 1783
f 2285 1783 2388
f 2285 1779 1783
f 2388 1786 2392
f 1786 2388 1783
f 1783 1488 1786
f 1585 2273 2285
f 1488 1210 1492
f 1779 1484 1783
f 1492 1212 1496
f 1212 1492 1210
f 1793 1496 1500
f 1216 1496 1212
f 1212 963 1216
f 1492 1496 1790
f 2392 1790 1656
f 2392 1786 1790
f 1603 1656 1661
f 1793 1656 1790
f 1790 1496 1793
f 1594 2388 2392
f 1496 1216 1500
f 1790 1786 1492
f 1210 960 1212
f 1590 2285 2388
f 963 739 966
f 7862 7863 3020
f 1598 2392 1656
f 1573 1908 1904
f 1908 1573 1576
f 2159 1908 1914
f 1904 1908 2155
f 2347 2155 2348
f 2347 2150 2155
f 2348 2159 2350
f 2159 2348 2155
f 2155 1908 2159
f 2347 2348 175
f 1908 1576 1914
f 2150 1904 2155
f 1914 1581 1921
f 1581 1914 1576
f 2165 1921 1925
f 1585 1921 1581
f 1581 2273 1585
f 1914 1921 2163
f 2350 2163 2351
f 2350 2159 2163
f 187 2351 2353
f 2165 2351 2163
f 2163 1921 2165
f 2350 2351 182
f 1921 1585 1925
f 2163 2159 1914
f 1576 2262 1581
f 2348 2350 179
f 457 175 461
f 457 172 175
f 798 461 464
f 179 461 175
f 175 2348 179
f 457 461 792
f 1141 792 1146
f 1141 787 792
f 1146 798 1150
f 798 1146 792
f 792 461 798
f 1498 1136 1141
f 461 179 464
f 787 457 792
f 464 182 468
f 182 464 179
f 811 468 471
f 187 468 182
f 182 2351 187
f 464 468 804
f 1150 804 1156
f 1150 798 804
f 1156 811 1160
f 811 1156 804
f 804 468 811
f 1508 1146 1150
f 468 187 471
f 804 798 464
f 179 2350 182
f 1503 1141 1146
f 2351 2165 2353
f 172 2347 175
f 1925 1590 1930
f 1590 1925 1585
f 2171 1930 1934
f 1594 1930 1590
f 1590 2388 1594
f 1925 1930 2169
f 2353 2169 2356
f 2353 2165 2169
f 2356 2171 2361
f 2171 2356 2169
f 2169 1930 2171
f 2353 2356 189
f 1930 1594 1934
f 2169 2165 1925
f 1934 1598 1939
f 1598 1934 1594
f 2176 1939 1943
f 1603 1939 1598
f 1598 1656 1603
f 1934 1939 2174
f 2361 2174 2365
f 2361 2171 2174
f 197 2365 2366
f 2176 2365 2174
f 2174 1939 2176
f 2361 2365 195
f 1939 1603 1943
f 2174 2171 1934
f 1594 2392 1598
f 2356 2361 192
f 471 189 474
f 471 187 189
f 818 474 477
f 192 474 189
f 189 2356 192
f 471 474 815
f 1160 815 1163
f 1160 811 815
f 1163 818 1166
f 818 1163 815
f 815 474 818
f 1520 1156 1160
f 474 192 477
f 815 811 471
f 477 195 481
f 195 477 192
f 827 481 485
f 197 481 195
f 195 2365 197
f 477 481 823
f 1166 823 1170
f 1166 818 823
f 1539 1170 1175
f 827 1170 823
f 823 481 827
f 1530 1163 1166
f 481 197 485
f 823 818 477
f 192 2361 195
f 1526 1160 1163
f 2365 2176 2366
f 189 187 2353
f 1585 2285 1590
f 1514 1150 1156
f 1656 1793 1661
f 7847 7848 3001
f 1534 1166 1170
f 7795 3005 7794
f 7796 3005 7795
f 7792 7793 2125
f 7794 2125 7793
f 3005 2125 7794
f 7792 2125 7791
f 7796 7797 3005
f 1814 3005 7797
f 1814 3004 1453
f 1814 1453 1817
f 1455 1453 1100
f 7797 7798 3004
f 1817 1453 1455
f 3005 2126 2125
f 3005 1814 2126
f 2127 1817 2129
f 2126 1814 2127
f 1814 1817 2127
f 2126 2127 2956
f 1817 1818 2129
f 1814 7797 3004
f 7799 1453 3004
f 2125 2126 2954
f 2951 2468 7788
f 7789 2951 7788
f 7790 2951 7789
f 3007 7785 7786
f 7786 7787 3007
f 2468 7787 7788
f 2468 3007 7787
f 7790 7791 2951
f 2951 2954 2469
f 7791 2125 2951
f 2127 2959 2956
f 2951 2125 2954
f 2954 2126 2956
f 2954 2956 2470
f 2469 2470 2548
f 2469 2954 2470
f 2472 2959 2473
f 2472 2470 2956
f 2959 2472 2956
f 2470 2472 2552
f 2129 2898 2959
f 2951 2469 2468
f 2129 2959 2127
f 2468 2469 2546
f 1817 1455 1818
f 1822 1818 1459
f 1459 1818 1455
f 1461 1459 1106
f 1822 1459 1461
f 2130 1822 2131
f 1822 2130 1818
f 2131 1826 2132
f 1826 2131 1822
f 1822 1461 1826
f 2130 2131 2899
f 1461 1464 1826
f 2130 2898 2129
f 1464 1467 1829
f 1467 1464 1111
f 1471 1476 1836
f 1476 1471 1117
f 1467 1114 1471
f 1467 1471 1832
f 2133 2132 1829
f 2132 1826 1829
f 2133 1829 1832
f 1836 1832 1471
f 1829 1467 1832
f 2134 1832 1836
f 1836 1839 2137
f 1829 1826 1464
f 1461 1108 1464
f 2131 2132 2902
f 2898 2899 2475
f 2898 2130 2899
f 2902 2905 2482
f 2902 2132 2905
f 2131 2902 2899
f 2899 2902 2479
f 2473 2475 2561
f 2475 2473 2898
f 2479 2482 2572
f 2482 2479 2902
f 2475 2899 2479
f 2475 2479 2565
f 2905 2484 2482
f 2473 2959 2898
f 2909 2484 2905
f 2909 2133 2134
f 2909 2134 2913
f 2137 2134 1836
f 2133 1832 2134
f 2913 2134 2137
f 2484 2489 2584
f 2484 2909 2489
f 2913 2493 2489
f 2918 2493 2913
f 2909 2913 2489
f 2489 2493 2592
f 2913 2137 2918
f 2909 2905 2133
f 2905 2132 2133
f 2482 2484 2578
f 1836 1476 1839
f 2129 1818 2130
f 1455 1101 1459
f 2472 2473 2557
f 3008 7782 7783
f 7782 3008 7781
f 7779 3009 7778
f 7780 7781 3008
f 7780 3009 7779
f 3008 7783 7784
f 2542 3008 7784
f 3007 2468 2542
f 2546 2548 2781
f 2542 2468 2546
f 2548 2546 2469
f 2542 2546 2775
f 7780 3008 3009
f 3008 2542 2768
f 2784 2768 2775
f 2768 2542 2775
f 2546 2781 2775
f 3008 2768 3009
f 2781 2793 2794
f 2542 7784 3007
f 7784 7785 3007
f 2789 2775 2781
f 3010 7774 7775
f 3010 7775 7776
f 3010 7776 7777
f 7772 7773 2765
f 3010 2765 7773
f 2765 3010 2779
f 7773 7774 3010
f 7772 2765 7771
f 7777 2779 3010
f 3009 2779 7777
f 3009 2768 2779
f 2784 2789 2772
f 2779 2768 2784
f 2789 2784 2775
f 2779 2784 2769
f 2769 2772 2
f 2769 2784 2772
f 2764 2794 2773
f 2764 2772 2789
f 2794 2764 2789
f 2772 2764 4
f 2781 2794 2789
f 2779 2769 2765
f 7777 7778 3009
f 2765 2769 1
f 2781 2548 2793
f 2552 2557 2808
f 2548 2470 2552
f 2561 2565 2826
f 2557 2473 2561
f 2472 2557 2552
f 2557 2561 2816
f 2793 2808 2802
f 2808 2793 2552
f 2816 2826 2814
f 2826 2816 2561
f 2808 2557 2816
f 2808 2816 2809
f 2565 2836 2826
f 2552 2793 2548
f 2572 2578 2846
f 2565 2479 2572
f 2584 2592 2818
f 2578 2484 2584
f 2482 2578 2572
f 2578 2584 2854
f 2836 2846 2823
f 2846 2836 2572
f 2854 2818 2833
f 2818 2854 2584
f 2846 2578 2854
f 2846 2854 2829
f 2818 2822 2837
f 2572 2836 2565
f 2475 2565 2561
f 2826 2836 2820
f 2802 2809 2785
f 2809 2802 2808
f 2814 2820 2817
f 2820 2814 2826
f 2809 2816 2814
f 2809 2814 2801
f 2773 2785 7
f 2785 2773 2802
f 2801 2817 14
f 2817 2801 2814
f 2785 2809 2801
f 2785 2801 10
f 2820 2780 2817
f 2773 2794 2802
f 2823 2829 2787
f 2829 2823 2846
f 2833 2837 2805
f 2837 2833 2818
f 2829 2854 2833
f 2829 2833 2797
f 2780 2787 20
f 2787 2780 2823
f 2797 2805 27
f 2805 2797 2833
f 2787 2829 2797
f 2787 2797 23
f 2837 2812 2805
f 2823 2780 2820
f 2820 2836 2823
f 2817 2780 16
f 2822 2818 2592
f 2802 2794 2793
f 2489 2592 2584
f 2764 2773 5
f 2592 2493 2597
f 1842 1839 1480
f 1480 1839 1476
f 1486 1480 1124
f 1842 1480 1486
f 2141 1842 2144
f 1842 2141 1839
f 2147 2144 1845
f 1845 2144 1842
f 1842 1486 1845
f 2141 2144 2921
f 1486 1490 1845
f 2141 2918 2137
f 1490 1493 1846
f 1493 1490 1132
f 1498 1503 1854
f 1503 1498 1141
f 1493 1136 1498
f 1493 1498 1850
f 2147 1845 1846
f 1850 1846 1493
f 2154 1850 1854
f 1857 1854 1503
f 1850 1498 1854
f 2151 1846 1850
f 1503 1508 1857
f 1490 1846 1845
f 1486 1128 1490
f 2158 1854 1857
f 2918 2921 2500
f 2918 2141 2921
f 2924 2147 2929
f 2924 2921 2144
f 2147 2924 2144
f 2921 2924 2504
f 2500 2504 2603
f 2500 2921 2504
f 2508 2929 2512
f 2508 2504 2924
f 2929 2508 2924
f 2504 2508 2607
f 2147 2151 2929
f 2500 2597 2493
f 2932 2512 2929
f 2932 2151 2154
f 2932 2154 2937
f 2158 2154 1854
f 2151 1850 2154
f 2937 2154 2158
f 2512 2516 2501
f 2512 2932 2516
f 2937 2520 2516
f 2940 2520 2937
f 2932 2937 2516
f 2516 2520 2507
f 2940 2937 2158
f 2932 2929 2151
f 2147 1846 2151
f 2508 2512 2613
f 2158 1857 2162
f 2493 2918 2500
f 1861 2162 1857
f 1861 1508 1514
f 1861 1514 1865
f 1520 1514 1156
f 1508 1150 1514
f 1865 1514 1520
f 2162 2166 2941
f 2162 1861 2166
f 1865 1370 2166
f 1869 1370 1865
f 1861 1865 2166
f 2166 1370 2942
f 1865 1520 1869
f 2162 2940 2158
f 1526 1530 1874
f 1530 1526 1163
f 1534 1539 1886
f 1539 1534 1170
f 1530 1166 1534
f 1530 1534 1879
f 1370 1869 1375
f 1874 1869 1526
f 1378 1874 1879
f 1886 1879 1534
f 1874 1530 1879
f 1375 1869 1874
f 1886 1892 1390
f 1526 1869 1520
f 1520 1160 1526
f 1383 1879 1886
f 2940 2941 2523
f 2940 2162 2941
f 1370 2944 2942
f 2942 2941 2166
f 2944 1370 1375
f 2941 2942 2528
f 2523 2528 2518
f 2523 2941 2528
f 2532 2944 2539
f 2532 2528 2942
f 2944 2532 2942
f 2528 2532 2521
f 1375 2947 2944
f 2940 2523 2520
f 2949 2947 1378
f 1378 2947 1375
f 2949 1378 1383
f 1390 1383 1886
f 1378 1879 1383
f 2955 1383 1390
f 2539 2545 2529
f 2539 2947 2545
f 2545 2949 2550
f 2955 2949 1383
f 2947 2949 2545
f 2550 2949 2955
f 2955 2910 2558
f 2947 2539 2944
f 1375 1874 1378
f 2532 2539 2524
f 1886 1539 1892
f 1857 1508 1861
f 1503 1146 1508
f 2520 2523 2511
f 2597 2603 2827
f 2597 2500 2603
f 2603 2504 2607
f 2603 2607 2831
f 2842 2822 2827
f 2822 2597 2827
f 6419 2831 3012
f 2831 2827 2603
f 3012 2831 2607
f 3014 2827 2831
f 2607 3148 3012
f 2822 2592 2597
f 2613 3015 3148
f 3015 2613 2501
f 3015 2501 3016
f 2501 2516 2507
f 2512 2501 2613
f 3016 2501 2507
f 3012 3148 6418
f 3148 3015 6416
f 6414 3015 3016
f 6416 3015 6415
f 6415 3015 6414
f 3016 2840 6412
f 2613 3148 2607
f 2508 2613 2607
f 6417 3148 6416
f 2842 3162 3013
f 2842 2827 3162
f 3162 3014 6422
f 6421 3014 6420
f 2827 3014 3162
f 6422 3014 6421
f 6425 2812 3013
f 3013 2812 2842
f 6423 3013 3162
f 3162 6422 6423
f 3013 6423 6424
f 2812 2837 2842
f 6419 3012 6418
f 6413 6414 3016
f 6420 3014 2831
f 2840 6411 6412
f 6413 3016 6412
f 6420 2831 6419
f 3148 6417 6418
f 2840 3016 2507
f 2842 2837 2822
f 2511 2518 2845
f 2511 2523 2518
f 2521 2524 2788
f 2521 2532 2524
f 2528 2521 2518
f 2518 2521 2848
f 2840 2845 6410
f 2845 2840 2511
f 2848 2788 2851
f 2788 2848 2521
f 2845 2518 2848
f 2845 2848 2844
f 2524 2795 2788
f 2511 2840 2507
f 2529 2533 2804
f 2529 2545 2533
f 2533 2550 2536
f 2558 2550 2955
f 2524 2539 2529
f 2536 2550 2558
f 2795 2804 2857
f 2795 2529 2804
f 2870 2811 2815
f 2811 2804 2533
f 2536 2811 2533
f 2804 2811 2864
f 2811 2536 2815
f 2529 2795 2524
f 2507 2520 2511
f 2788 2795 2859
f 6409 6410 3018
f 3018 6410 2845
f 2844 2851 3017
f 2844 3018 2845
f 2851 2844 2848
f 6408 3018 2844
f 6409 3018 6408
f 6406 6407 3017
f 6407 6408 2844
f 3017 6407 2844
f 2851 2530 3017
f 2859 2857 2534
f 2851 2788 2859
f 2864 2870 2544
f 2857 2804 2864
f 2795 2857 2859
f 2857 2864 2538
f 2530 2534 68
f 2534 2530 2859
f 2538 2544 72
f 2544 2538 2864
f 2534 2857 2538
f 2534 2538 70
f 2870 2549 2544
f 2859 2530 2851
f 2811 2870 2864
f 2536 2558 2541
f 2840 6410 6411
f 2550 2533 2545
f 2530 3149 3017
f 2955 1390 2910
f 2137 1839 2141
f 1476 1121 1480
f 2805 2812 30
f 1170 827 1175
f 3022 7880 7881
f 7879 7880 3019
f 7878 7879 3019
f 7877 7878 3019
f 3019 7876 7877
f 3022 7881 7882
f 540 7887 7888
f 536 7886 7887
f 7888 7889 540
f 536 7883 7884
f 7885 7886 536
f 536 7884 7885
f 7883 3022 7882
f 7889 3023 540
f 739 7874 743
f 7874 7875 743
f 7876 3019 743
f 743 7875 7876
f 966 743 969
f 966 739 743
f 969 744 973
f 744 969 743
f 743 3019 744
f 966 969 1218
f 3019 3022 744
f 1218 1216 966
f 745 973 744
f 745 3022 536
f 745 536 749
f 540 536 7887
f 7880 3022 3019
f 749 536 540
f 973 974 1224
f 973 745 974
f 749 979 974
f 750 979 749
f 745 749 974
f 974 979 1227
f 750 749 540
f 745 744 3022
f 7883 536 3022
f 969 973 1221
f 3023 7889 7890
f 7896 3025 7895
f 7895 3024 7894
f 7892 3023 7891
f 3024 7893 7894
f 7893 3024 7892
f 7896 7897 3025
f 3026 7900 7901
f 7901 7902 3027
f 7903 3027 7902
f 7898 7899 3026
f 3026 3027 556
f 3026 7899 7900
f 7901 3027 3026
f 7897 7898 3025
f 556 3027 559
f 3025 7898 3026
f 544 750 540
f 3023 7892 544
f 3024 548 544
f 548 3024 3025
f 7892 3024 544
f 544 548 754
f 750 982 979
f 982 750 754
f 754 986 982
f 757 986 754
f 750 544 754
f 982 986 1232
f 754 548 757
f 544 540 3023
f 553 548 3025
f 548 553 757
f 757 553 761
f 553 3025 3026
f 3026 556 553
f 761 553 556
f 990 761 992
f 761 990 757
f 1241 992 998
f 763 992 761
f 761 556 763
f 990 992 1238
f 763 556 559
f 757 990 986
f 3024 7895 3025
f 986 990 1235
f 992 763 998
f 7891 3023 7890
f 979 982 1228
f 1501 1500 1218
f 1500 1216 1218
f 1221 1218 969
f 1501 1218 1221
f 1661 1794 1663
f 1661 1793 1794
f 1794 1795 1663
f 1501 1795 1794
f 1794 1500 1501
f 1661 1663 1605
f 1501 1221 1505
f 1793 1500 1794
f 1505 1224 1510
f 1224 1505 1221
f 1510 1227 1512
f 1227 1510 1224
f 1224 974 1227
f 1505 1510 1798
f 1663 1795 1667
f 1795 1505 1798
f 1675 1801 1804
f 1801 1798 1510
f 1512 1801 1510
f 1667 1795 1798
f 1227 1228 1512
f 1505 1795 1501
f 1221 973 1224
f 1672 1798 1801
f 1947 1943 1605
f 1943 1603 1605
f 1950 1609 1611
f 1609 1605 1663
f 1663 1667 1609
f 1947 1605 1609
f 2181 1947 2184
f 1947 2181 1943
f 2184 1950 2186
f 1950 2184 1947
f 1947 1609 1950
f 2181 2184 2371
f 1609 1667 1611
f 2181 2366 2176
f 1611 1672 1613
f 1672 1611 1667
f 1955 1613 1616
f 1675 1613 1672
f 1672 1801 1675
f 1611 1613 1953
f 2186 1953 2187
f 2186 1950 1953
f 2187 1955 2190
f 1955 2187 1953
f 1953 1613 1955
f 2186 2187 2377
f 1613 1675 1616
f 1953 1950 1611
f 1667 1798 1672
f 2184 2186 2375
f 1801 1512 1804
f 1603 1661 1605
f 1516 1804 1512
f 1516 1228 1232
f 1232 1519 1516
f 1519 1232 1235
f 1228 982 1232
f 1516 1519 1807
f 1677 1616 1675
f 1677 1804 1807
f 1807 1681 1677
f 1809 1681 1807
f 1804 1516 1807
f 1677 1681 1618
f 1807 1519 1809
f 1516 1512 1228
f 1523 1809 1519
f 1523 1235 1238
f 1523 1238 1527
f 1241 1238 992
f 1235 990 1238
f 1527 1238 1241
f 1681 1809 1688
f 1809 1523 1812
f 1527 1815 1812
f 1532 1815 1527
f 1523 1527 1812
f 1688 1809 1812
f 1532 1527 1241
f 1523 1519 1235
f 1232 986 1235
f 1691 1812 1815
f 1959 2190 1955
f 1959 1616 1618
f 1959 1618 1960
f 1618 1681 1622
f 1677 1618 1616
f 1960 1618 1622
f 2190 2191 2383
f 2190 1959 2191
f 1960 2193 2191
f 1964 2193 1960
f 1959 1960 2191
f 2191 2193 2385
f 1960 1622 1964
f 1959 1955 1616
f 1624 1964 1622
f 1624 1688 1691
f 1691 1628 1624
f 1697 1628 1691
f 1688 1812 1691
f 1624 1628 1966
f 1964 2195 2193
f 2195 1964 1966
f 1966 2196 2195
f 1969 2196 1966
f 1964 1624 1966
f 2195 2196 2389
f 1969 1966 1628
f 1624 1622 1688
f 1688 1622 1681
f 2193 2195 2387
f 1697 1691 1815
f 1677 1675 1804
f 1227 979 1228
f 2187 2190 2380
f 7904 3027 7903
f 2181 2176 1943
f 362 7907 7908
f 366 362 7908
f 7904 7905 362
f 7906 362 7905
f 362 7906 7907
f 362 559 3027
f 7908 7909 366
f 3028 366 7910
f 7911 3028 7910
f 7912 3028 7911
f 7914 3150 7913
f 7912 7913 3150
f 3029 7914 7915
f 3029 7915 7916
f 7910 366 7909
f 362 366 562
f 768 998 763
f 768 559 562
f 768 562 772
f 562 366 564
f 362 562 559
f 772 562 564
f 998 1002 1246
f 998 768 1002
f 772 1007 1002
f 775 1007 772
f 768 772 1002
f 1002 1007 1250
f 772 564 775
f 763 559 768
f 3150 566 564
f 3150 3028 7912
f 566 3029 570
f 3029 566 3150
f 3150 7914 3029
f 566 775 564
f 775 1011 1007
f 1011 775 779
f 779 570 782
f 779 775 566
f 566 570 779
f 1011 779 1015
f 570 3029 3030
f 564 3028 3150
f 3028 564 366
f 1007 1011 1253
f 3029 7916 7917
f 1246 1241 998
f 3030 7917 7918
f 7918 7919 3030
f 7920 3030 7919
f 7920 3032 3030
f 3032 7920 7921
f 3032 7922 7923
f 7922 3032 7921
f 3030 3032 572
f 570 3030 572
f 7923 7924 3031
f 7924 7925 3031
f 7925 7926 577
f 7928 580 7927
f 7928 7929 580
f 7927 577 7926
f 7923 575 3032
f 3033 7929 7930
f 786 782 572
f 782 570 572
f 790 786 575
f 575 572 3032
f 7923 3031 575
f 786 572 575
f 1015 1018 1259
f 1015 782 1018
f 786 1023 1018
f 790 1023 786
f 782 786 1018
f 1018 1023 1262
f 575 3031 577
f 1015 779 782
f 794 790 577
f 577 790 575
f 794 577 580
f 3033 580 7929
f 3031 7925 577
f 796 580 3033
f 1027 794 1031
f 794 1027 790
f 1031 796 1035
f 796 1031 794
f 794 580 796
f 1027 1031 1268
f 796 801 1035
f 790 1027 1023
f 7927 580 577
f 1023 1027 1265
f 796 3033 3151
f 3030 3029 7917
f 1011 1015 1256
f 1536 1532 1246
f 1532 1241 1246
f 1246 1002 1250
f 1536 1246 1250
f 1697 1821 1704
f 1697 1815 1821
f 1821 1825 1704
f 1536 1825 1821
f 1821 1532 1536
f 1697 1704 1631
f 1536 1250 1540
f 1815 1532 1821
f 1540 1253 1545
f 1253 1540 1250
f 1545 1256 1548
f 1256 1545 1253
f 1011 1256 1253
f 1540 1545 1830
f 1704 1825 1710
f 1825 1540 1830
f 1721 1606 1619
f 1606 1830 1545
f 1548 1606 1545
f 1710 1825 1830
f 1256 1259 1548
f 1540 1825 1536
f 1007 1253 1250
f 1714 1830 1606
f 1975 1969 1631
f 1969 1628 1631
f 1978 1634 1638
f 1634 1631 1704
f 1704 1710 1634
f 1975 1631 1634
f 2197 1975 2199
f 1975 2197 1969
f 2199 1978 2201
f 1978 2199 1975
f 1975 1634 1978
f 2197 2199 2390
f 1634 1710 1638
f 1969 2197 2196
f 1638 1714 1640
f 1714 1638 1710
f 1988 1640 1642
f 1721 1640 1714
f 1714 1606 1721
f 1638 1640 1983
f 2201 1983 2203
f 2201 1978 1983
f 2203 1988 2206
f 1988 2203 1983
f 1983 1640 1988
f 2201 2203 2394
f 1640 1721 1642
f 1983 1978 1638
f 1710 1830 1714
f 2199 2201 2393
f 1606 1548 1619
f 1628 1697 1631
f 1552 1619 1548
f 1552 1259 1262
f 1552 1262 1554
f 1262 1023 1265
f 1018 1262 1259
f 1554 1262 1265
f 1619 1629 1724
f 1619 1552 1629
f 1554 1635 1629
f 1560 1635 1554
f 1552 1554 1629
f 1629 1635 1728
f 1554 1265 1560
f 1552 1548 1259
f 1563 1560 1268
f 1268 1560 1265
f 1567 1273 1277
f 1273 1268 1031
f 1265 1027 1268
f 1563 1268 1273
f 1643 1563 1650
f 1563 1643 1560
f 1739 1650 1660
f 1567 1650 1563
f 1563 1273 1567
f 1643 1650 1736
f 1273 1035 1277
f 1560 1643 1635
f 1256 1015 1259
f 1635 1643 1732
f 1642 1724 1646
f 1642 1721 1724
f 1646 1728 1648
f 1728 1646 1724
f 1724 1629 1728
f 1642 1646 1990
f 2208 2206 1990
f 2206 1988 1990
f 1995 1648 1998
f 1995 1990 1646
f 1646 1648 1995
f 1995 2208 1990
f 1728 1732 1648
f 1990 1988 1642
f 1652 1998 1648
f 1652 1732 1736
f 1652 1736 1654
f 1739 1736 1650
f 1732 1643 1736
f 1654 1736 1739
f 2210 1995 1998
f 1998 1652 2002
f 1654 2005 2002
f 1657 2005 1654
f 1652 1654 2002
f 2213 1998 2002
f 1654 1739 1657
f 1652 1648 1732
f 1728 1635 1732
f 2216 2002 2005
f 1650 1567 1660
f 1724 1721 1619
f 1035 1273 1031
f 2203 2206 2395
f 3033 7930 7931
f 3027 7904 362
f 2196 2197 2386
f 2366 2371 200
f 2366 2181 2371
f 200 2371 204
f 200 485 197
f 830 1175 827
f 830 485 490
f 490 204 495
f 490 485 200
f 200 204 490
f 835 830 490
f 2371 2375 204
f 827 485 830
f 207 495 204
f 207 2375 2377
f 207 2377 210
f 2377 2187 2380
f 2186 2377 2375
f 210 2377 2380
f 835 490 495
f 495 207 498
f 210 504 498
f 213 504 210
f 207 210 498
f 839 495 498
f 210 2380 213
f 207 204 2375
f 2184 2375 2371
f 846 498 504
f 1175 1179 1544
f 1175 830 1179
f 835 1183 1179
f 1183 835 839
f 830 835 1179
f 1179 1183 1546
f 1892 1544 1899
f 1892 1539 1544
f 1899 1546 1905
f 1546 1899 1544
f 1544 1179 1546
f 1892 1899 1396
f 1183 1551 1546
f 1390 1892 1396
f 1188 1551 1183
f 1188 839 846
f 846 1193 1188
f 851 1193 846
f 839 498 846
f 1188 1193 1556
f 1905 1551 1911
f 1905 1546 1551
f 1911 1556 1916
f 1556 1911 1551
f 1551 1188 1556
f 1905 1911 1412
f 1193 1562 1556
f 1183 839 1188
f 835 495 839
f 1899 1905 1405
f 846 504 851
f 1539 1175 1544
f 218 213 2383
f 2383 213 2380
f 2383 2191 2385
f 218 2383 2385
f 856 851 507
f 504 507 851
f 218 511 507
f 221 511 218
f 213 218 507
f 511 856 507
f 218 2385 221
f 1193 851 1198
f 225 221 2387
f 2387 221 2385
f 225 2387 2389
f 2389 2196 2386
f 2195 2389 2387
f 227 2389 2386
f 513 225 518
f 225 513 221
f 867 518 519
f 227 518 225
f 225 2389 227
f 860 511 513
f 518 227 519
f 221 513 511
f 2193 2387 2385
f 864 513 518
f 1568 1562 1198
f 1916 1556 1562
f 856 1202 1198
f 1202 856 860
f 1198 851 856
f 1568 1198 1202
f 1916 1923 1425
f 1916 1562 1923
f 1568 1931 1923
f 1574 1931 1568
f 1562 1568 1923
f 1923 1931 1428
f 1568 1202 1574
f 1193 1198 1562
f 1205 1574 1202
f 1205 860 864
f 1205 864 1209
f 867 864 518
f 860 513 864
f 1209 864 867
f 1931 1574 1936
f 1574 1205 1579
f 1209 1583 1579
f 1215 1583 1209
f 1205 1209 1579
f 1936 1574 1579
f 1215 1209 867
f 1205 1202 860
f 856 511 860
f 1944 1579 1583
f 1944 1583 1946
f 504 213 507
f 2190 2383 2380
f 1911 1916 1420
f 2914 2910 1396
f 2910 1390 1396
f 1396 1899 1405
f 2914 1396 1405
f 2541 2563 2547
f 2541 2558 2563
f 2563 2568 2547
f 2914 2568 2563
f 2563 2910 2914
f 2541 2547 2821
f 2914 1405 2916
f 2541 2815 2536
f 2916 1412 2919
f 1412 2916 1405
f 2919 1420 2922
f 1420 2919 1412
f 1911 1420 1412
f 2916 2919 2574
f 2547 2568 2551
f 2568 2916 2574
f 2560 2556 2577
f 2577 2574 2919
f 2922 2577 2919
f 2551 2568 2574
f 1420 1425 2922
f 2916 2568 2914
f 1905 1412 1405
f 2556 2574 2577
f 2875 2549 2870
f 2875 2815 2821
f 2875 2821 2877
f 2821 2547 2824
f 2541 2821 2815
f 2877 2821 2824
f 2549 2555 77
f 2549 2875 2555
f 2877 2559 2555
f 2487 2559 2877
f 2875 2877 2555
f 2555 2559 80
f 2877 2824 2487
f 2875 2870 2815
f 2828 2487 2824
f 2828 2551 2556
f 2556 2832 2828
f 2560 2832 2556
f 2551 2574 2556
f 2828 2832 2491
f 2487 2566 2559
f 2566 2487 2491
f 2491 2571 2566
f 2494 2571 2491
f 2487 2828 2491
f 2566 2571 83
f 2494 2491 2832
f 2828 2824 2551
f 2551 2824 2547
f 2559 2566 81
f 2582 2577 2922
f 2910 2563 2558
f 2927 2582 2922
f 2927 1425 1428
f 2927 1428 2931
f 1428 1931 1433
f 1923 1428 1425
f 2931 1428 1433
f 2582 2589 2567
f 2582 2927 2589
f 2931 2593 2589
f 2935 2593 2931
f 2927 2931 2589
f 2589 2593 2570
f 2931 1433 2935
f 2582 2560 2577
f 1439 2935 1433
f 1439 1936 1944
f 1944 1445 1439
f 1946 1445 1944
f 1936 1579 1944
f 1439 1445 2939
f 2935 2599 2593
f 2599 2935 2939
f 2939 2604 2599
f 2936 2604 2939
f 2935 1439 2939
f 2599 2604 2580
f 2936 2939 1445
f 1439 1433 1936
f 1420 1916 1425
f 2593 2599 2575
f 2835 2494 2832
f 2835 2560 2567
f 2835 2567 2839
f 2570 2567 2589
f 2560 2582 2567
f 2839 2567 2570
f 2494 2576 2571
f 2576 2494 2497
f 2497 2839 2503
f 2497 2494 2835
f 2835 2839 2497
f 2581 2576 2497
f 2570 2843 2839
f 2835 2832 2560
f 2843 2575 2847
f 2575 2843 2570
f 2847 2580 2850
f 2580 2847 2575
f 2575 2599 2580
f 2843 2847 2509
f 2581 2497 2503
f 2503 2843 2509
f 2513 2850 2517
f 2513 2509 2847
f 2850 2513 2847
f 2585 2503 2509
f 2850 2580 2586
f 2843 2503 2839
f 2570 2593 2575
f 2513 2590 2509
f 2586 2580 2604
f 2922 1425 2927
f 1433 1931 1936
f 2571 2576 85
f 232 227 2386
f 2366 200 197
f 237 232 2390
f 2390 232 2386
f 2390 2199 2393
f 237 2390 2393
f 870 1215 867
f 870 519 525
f 525 237 527
f 525 519 232
f 232 237 525
f 873 870 525
f 2393 241 237
f 232 519 227
f 241 2394 246
f 2394 241 2393
f 246 2395 249
f 2395 246 2394
f 2203 2395 2394
f 241 246 533
f 873 525 527
f 527 241 533
f 879 538 543
f 538 533 246
f 249 538 246
f 875 527 533
f 2395 2396 249
f 241 527 237
f 2201 2394 2393
f 877 533 538
f 1215 1219 1588
f 1215 870 1219
f 873 1225 1219
f 1225 873 875
f 870 873 1219
f 1219 1225 1591
f 1946 1588 1952
f 1946 1583 1588
f 1952 1591 1958
f 1591 1952 1588
f 1588 1219 1591
f 1946 1952 1450
f 1225 1596 1591
f 1588 1583 1215
f 1229 1596 1225
f 1229 875 877
f 1229 877 1234
f 879 877 538
f 875 533 877
f 1234 877 879
f 1962 1958 1596
f 1958 1591 1596
f 1604 1599 1234
f 1599 1596 1229
f 1229 1234 1599
f 1599 1962 1596
f 1234 879 1240
f 1225 875 1229
f 873 527 875
f 1952 1958 1456
f 538 249 543
f 870 867 519
f 2396 2208 2398
f 2396 2395 2206
f 258 2398 2399
f 2210 2398 2208
f 2208 1995 2210
f 2396 2398 254
f 543 254 550
f 543 249 254
f 550 258 555
f 258 550 254
f 254 2398 258
f 543 550 880
f 2398 2210 2399
f 879 543 880
f 2399 2213 2400
f 2213 2399 2210
f 2400 2216 2402
f 2216 2400 2213
f 2213 2002 2216
f 2399 2400 263
f 561 555 263
f 555 258 263
f 568 268 273
f 268 263 2400
f 2400 2402 268
f 561 263 268
f 2402 2216 2219
f 263 258 2399
f 2210 1998 2213
f 550 555 883
f 1240 880 1245
f 1240 879 880
f 1245 883 1248
f 883 1245 880
f 550 883 880
f 1240 1245 1608
f 1968 1599 1604
f 1604 1240 1608
f 1612 1248 1617
f 1612 1608 1245
f 1248 1612 1245
f 1973 1604 1608
f 883 889 1248
f 1604 1234 1240
f 889 561 894
f 889 883 555
f 1257 894 899
f 568 894 561
f 561 268 568
f 889 894 1254
f 1617 1254 1621
f 1617 1248 1254
f 1992 1621 1625
f 1257 1621 1254
f 1254 894 1257
f 1982 1612 1617
f 894 568 899
f 1254 1248 889
f 561 889 555
f 1977 1608 1612
f 268 2402 273
f 249 2396 254
f 2386 2197 2390
f 1989 1617 1621
f 2943 2936 1450
f 2936 1445 1450
f 1450 1952 1456
f 2943 1450 1456
f 2608 2943 2614
f 2943 2608 2936
f 2614 2952 2620
f 2952 2614 2943
f 2943 1456 2952
f 2608 2614 2591
f 1456 1462 2952
f 2608 2586 2604
f 1462 1962 1469
f 1462 1456 1958
f 1469 1968 1475
f 1968 1469 1962
f 1962 1599 1968
f 1462 1469 2963
f 2626 2620 2963
f 2620 2952 2963
f 2632 2973 2960
f 2973 2963 1469
f 1469 1475 2973
f 2626 2963 2973
f 1968 1973 1475
f 2963 2952 1462
f 1962 1462 1958
f 2614 2620 2596
f 2853 2517 2850
f 2853 2586 2591
f 2853 2591 2856
f 2591 2614 2596
f 2608 2591 2586
f 2856 2591 2596
f 2595 2513 2517
f 2517 2853 2519
f 2856 2522 2519
f 2861 2522 2856
f 2853 2856 2519
f 2600 2517 2519
f 2856 2596 2861
f 2853 2850 2586
f 2601 2626 2610
f 2601 2596 2620
f 2881 2876 2610
f 2632 2610 2626
f 2626 2973 2632
f 2601 2610 2876
f 2861 2526 2522
f 2526 2861 2876
f 2876 2531 2526
f 2881 2531 2876
f 2861 2601 2876
f 2611 2522 2526
f 2610 2632 2617
f 2601 2861 2596
f 2601 2620 2626
f 2605 2519 2522
f 2973 1475 2960
f 2608 2604 2936
f 1482 2960 1475
f 1482 1973 1977
f 1977 1489 1482
f 1489 1977 1982
f 1973 1608 1977
f 1482 1489 2965
f 2637 2617 2632
f 2637 2960 2965
f 2965 2641 2637
f 2967 2641 2965
f 2960 1482 2965
f 2637 2641 2622
f 2965 1489 2967
f 2632 2960 2637
f 1495 2967 1489
f 1495 1982 1989
f 1495 1989 1502
f 1992 1989 1621
f 1982 1617 1989
f 1502 1989 1992
f 2641 2967 2647
f 2967 1495 2972
f 1502 2974 2972
f 1509 2974 1502
f 1495 1502 2972
f 2647 2967 2972
f 1502 1992 1509
f 1495 1489 1982
f 1977 1612 1982
f 2651 2972 2974
f 2879 2881 2617
f 2881 2610 2617
f 2879 2617 2622
f 2622 2641 2629
f 2637 2622 2617
f 2746 2622 2629
f 2535 2879 2543
f 2879 2535 2881
f 2543 2746 2553
f 2746 2543 2879
f 2879 2622 2746
f 2619 2531 2535
f 2629 2752 2746
f 2881 2535 2531
f 2634 2752 2629
f 2634 2647 2651
f 2651 2639 2634
f 2654 2639 2651
f 2647 2972 2651
f 2634 2639 2757
f 2553 2752 2564
f 2553 2746 2752
f 2642 2564 2573
f 2757 2564 2752
f 2752 2634 2757
f 2630 2543 2553
f 2564 2757 2573
f 2629 2647 2634
f 2647 2629 2641
f 2623 2535 2543
f 2651 2974 2654
f 1475 1973 1482
f 1968 1604 1973
f 2615 2526 2531
f 1621 1257 1625
f 1450 1445 1946
f 2208 2396 2206
f 2636 2553 2564
f 2216 2005 2219
f 7874 739 7873
f 2544 2549 75
f 3147 7766 7767
f 3147 7767 7768
f 7765 7766 3147
f 3147 7763 7764
f 7764 7765 3147
f 7768 7769 3011
f 7770 7771 3011
f 3011 1 3147
f 3011 7771 2765
f 1 3011 2765
f 3011 3147 7768
f 7761 7762 3147
f 7762 7763 3147
f 365 370 789
f 365 3147 1
f 1 370 365
f 7760 3147 365
f 1 2 370
f 7769 7770 3011
f 7760 365 7759
f 7758 7759 365
f 7758 3034 7757
f 7756 7757 3034
f 7755 7756 3034
f 7755 3034 7754
f 3147 7760 7761
f 7752 7753 3034
f 7752 3034 3035
f 3034 7758 365
f 7753 7754 3034
f 3035 3034 789
f 7750 7751 3035
f 7750 3035 7749
f 1237 3035 789
f 7751 7752 3035
f 7747 3035 1237
f 1237 789 795
f 365 789 3034
f 789 370 795
f 2 4 375
f 1 2769 2
f 2 2772 4
f 4 5 379
f 375 379 802
f 375 4 379
f 383 7 388
f 383 379 5
f 7 383 5
f 379 383 807
f 2764 5 4
f 375 795 370
f 10 14 393
f 14 10 2801
f 396 16 400
f 20 16 2780
f 14 2817 16
f 14 16 396
f 388 393 820
f 388 10 393
f 404 20 23
f 396 393 14
f 16 20 400
f 393 396 825
f 20 2787 23
f 10 388 7
f 2773 7 5
f 383 388 814
f 795 802 1242
f 795 375 802
f 807 814 1255
f 807 383 814
f 379 807 802
f 802 807 1249
f 1242 1249 333
f 1249 1242 802
f 1255 1258 342
f 1258 1255 814
f 1249 807 1255
f 1249 1255 338
f 814 820 1258
f 795 1242 1237
f 820 393 825
f 820 814 388
f 834 400 404
f 411 404 23
f 400 20 404
f 838 404 411
f 1263 820 825
f 825 396 829
f 1276 829 834
f 838 834 404
f 829 400 834
f 1269 825 829
f 838 843 1292
f 1258 820 1263
f 829 396 400
f 1283 834 838
f 23 27 411
f 375 370 2
f 2785 10 7
f 1237 1242 329
f 3035 7748 7749
f 3036 7747 1237
f 3035 7747 7748
f 7747 3036 7746
f 7746 3036 7745
f 3036 7744 7745
f 3036 329 7744
f 329 333 747
f 329 3036 1237
f 338 342 760
f 342 338 1255
f 333 1249 338
f 333 338 752
f 7742 329 747
f 7742 7743 329
f 752 760 1192
f 747 333 752
f 338 760 752
f 747 752 3037
f 760 766 1197
f 329 7743 7744
f 1242 333 329
f 7742 747 7741
f 7740 3037 7739
f 7740 7741 747
f 7740 747 3037
f 7739 3037 7738
f 7737 3152 3038
f 3152 7737 7738
f 3037 3152 7738
f 752 3152 3037
f 3038 1192 101
f 3038 7736 7737
f 7733 101 479
f 1197 101 1192
f 752 1192 3152
f 3038 101 7735
f 7736 3038 7735
f 7734 7735 101
f 7733 7734 101
f 101 1197 106
f 3038 3152 1192
f 1197 1192 760
f 760 342 766
f 346 1263 350
f 346 342 1258
f 350 1269 353
f 1269 350 1263
f 1263 825 1269
f 346 350 773
f 766 773 1201
f 766 346 773
f 778 353 785
f 778 773 350
f 353 778 350
f 773 778 1207
f 1269 1276 353
f 346 766 342
f 355 785 353
f 355 1276 1283
f 355 1283 357
f 1292 1283 838
f 1276 834 1283
f 357 1283 1292
f 785 793 1222
f 785 355 793
f 357 800 793
f 360 800 357
f 355 357 793
f 793 800 1230
f 357 1292 360
f 355 353 1276
f 1269 829 1276
f 778 785 1214
f 106 1201 110
f 106 1197 1201
f 110 1207 114
f 1207 110 1201
f 1201 773 1207
f 106 110 483
f 479 483 3039
f 479 106 483
f 488 114 493
f 488 483 110
f 114 488 110
f 483 488 916
f 1207 1214 114
f 479 101 106
f 117 493 114
f 117 1214 1222
f 117 1222 123
f 1230 1222 793
f 1214 785 1222
f 123 1222 1230
f 493 499 928
f 493 117 499
f 123 506 499
f 130 506 123
f 117 123 499
f 499 506 934
f 130 123 1230
f 117 114 1214
f 1207 778 1214
f 488 493 923
f 1230 800 1236
f 1197 766 1201
f 1258 1263 346
f 7733 479 7732
f 838 411 843
f 2805 30 27
f 2812 3042 30
f 30 3042 6428
f 27 30 416
f 848 416 3041
f 416 30 3041
f 6428 3041 30
f 6427 6428 3042
f 6428 6429 3041
f 3042 6426 6427
f 416 843 411
f 6426 2812 6425
f 6406 3017 6405
f 6402 6403 65
f 6404 65 6403
f 6405 3149 6404
f 6426 3042 2812
f 23 2797 27
f 1301 843 848
f 848 3041 6430
f 6430 6431 848
f 843 416 848
f 6432 3043 848
f 360 1301 367
f 360 1292 1301
f 6434 367 3043
f 3043 367 1301
f 1301 848 3043
f 806 360 367
f 6432 848 6431
f 800 360 806
f 6433 6434 3043
f 6432 6433 3043
f 3044 6434 6435
f 6458 6459 3047
f 367 6434 3044
f 6429 6430 3041
f 6436 3044 6435
f 1292 843 1301
f 456 6402 65
f 3149 2530 65
f 456 68 460
f 68 456 65
f 68 65 2530
f 456 6401 6402
f 6401 456 6400
f 891 460 895
f 3046 6400 456
f 456 460 891
f 3046 456 891
f 68 70 460
f 65 6404 3149
f 462 895 460
f 462 70 72
f 462 72 466
f 70 2538 72
f 2534 70 68
f 466 72 75
f 895 900 1348
f 895 462 900
f 900 466 903
f 469 466 75
f 462 466 900
f 903 466 469
f 75 77 469
f 462 460 70
f 2544 75 72
f 891 895 1346
f 1344 6461 6462
f 6399 3046 6462
f 6399 6400 3046
f 1344 6462 3046
f 6460 3047 6459
f 3047 6460 1344
f 1344 407 3047
f 1346 407 1344
f 6460 6461 1344
f 842 3047 407
f 3046 891 1344
f 1346 1348 412
f 891 1346 1344
f 1350 903 1353
f 1350 1348 900
f 1348 1346 895
f 1348 1350 414
f 844 407 412
f 412 1348 414
f 854 417 419
f 417 414 1350
f 1353 417 1350
f 849 412 414
f 1353 903 906
f 1346 412 407
f 1350 900 903
f 3047 3048 6458
f 903 469 906
f 3017 3149 6405
f 852 414 417
f 367 812 806
f 812 367 3044
f 3045 812 6437
f 806 812 1244
f 135 1236 1244
f 1236 806 1244
f 1251 3045 6439
f 1251 1244 812
f 3045 1251 812
f 139 1244 1251
f 3044 6436 812
f 1236 800 806
f 6439 3045 6438
f 6439 6440 3049
f 6439 3049 1251
f 145 3049 6441
f 6441 3049 6440
f 145 6441 6442
f 3049 142 1251
f 6438 3045 6437
f 6437 812 6436
f 6443 145 6442
f 130 135 514
f 130 1236 135
f 139 142 524
f 139 1251 142
f 1244 139 135
f 135 139 520
f 514 520 944
f 520 514 135
f 524 526 950
f 526 524 142
f 520 139 524
f 520 524 946
f 142 145 526
f 130 514 506
f 6444 6445 3050
f 6446 6447 3052
f 6445 6446 3052
f 145 531 526
f 531 145 3050
f 531 3050 532
f 145 6443 3050
f 6445 3052 3050
f 3052 532 3050
f 6447 3153 3052
f 145 142 3049
f 6444 3050 6443
f 526 531 953
f 130 1230 1236
f 1270 6455 6456
f 6457 3048 6456
f 6457 6458 3048
f 1270 6456 3048
f 6453 6454 1270
f 1270 1274 156
f 1270 6454 6455
f 3048 1274 1270
f 6453 1270 153
f 3048 842 1274
f 842 844 1279
f 3048 3047 842
f 849 852 1285
f 844 412 849
f 407 844 842
f 844 849 1281
f 1279 1281 162
f 1279 844 1281
f 1288 852 854
f 1285 1281 849
f 852 1288 1285
f 1281 1285 164
f 414 852 849
f 842 1279 1274
f 417 854 852
f 1274 1279 159
f 6449 6450 3051
f 6451 6452 149
f 6450 6451 149
f 6448 3153 6447
f 6448 6449 3153
f 535 3051 149
f 3153 6449 3051
f 6450 149 3051
f 535 3153 3051
f 6452 153 149
f 541 149 153
f 6452 6453 153
f 1279 162 159
f 153 1270 156
f 156 1274 159
f 156 545 153
f 159 162 554
f 162 1281 164
f 164 168 560
f 171 168 1288
f 1285 168 164
f 162 164 558
f 171 1288 1294
f 549 156 159
f 1285 1288 168
f 3052 3153 534
f 1288 854 1294
f 565 168 171
f 417 1353 419
f 411 27 416
f 6424 6425 3013
f 506 514 939
f 479 7731 7732
f 3039 7730 479
f 479 7730 7731
f 7730 3039 7729
f 7728 7729 3039
f 7727 7728 3039
f 3039 916 7727
f 916 923 1364
f 916 3039 483
f 928 934 1372
f 923 493 928
f 923 916 488
f 923 928 1368
f 1364 1368 3040
f 1364 923 1368
f 1377 934 939
f 1372 1368 928
f 934 1377 1372
f 1368 1372 1849
f 934 506 939
f 7727 916 7726
f 499 934 928
f 7726 916 1364
f 7726 1364 7725
f 7724 3040 7723
f 7724 7725 1364
f 7724 1364 3040
f 7723 3040 7722
f 7721 7722 1849
f 7721 1849 7720
f 1849 7722 3040
f 1849 1852 2212
f 1849 1372 1852
f 1852 1377 1856
f 1382 1377 939
f 3040 1368 1849
f 1856 1377 1382
f 7720 2212 7719
f 2212 1852 2215
f 1856 2218 2215
f 1860 2218 1856
f 1852 1856 2215
f 3053 2212 2215
f 1856 1382 1860
f 1849 2212 7720
f 1852 1372 1377
f 2218 2276 2215
f 939 944 1382
f 944 946 1387
f 944 520 946
f 946 524 950
f 946 950 1393
f 1387 1393 1863
f 1387 946 1393
f 1398 953 1401
f 1398 1393 950
f 953 1398 950
f 1393 1398 1866
f 526 953 950
f 1387 1860 1382
f 958 955 532
f 955 953 531
f 958 532 534
f 535 534 3153
f 532 3052 534
f 962 534 535
f 1401 1403 1873
f 1401 955 1403
f 1403 958 1406
f 962 958 534
f 955 958 1403
f 1406 958 962
f 962 965 1409
f 955 1401 953
f 939 514 944
f 1398 1401 1870
f 1860 1863 2220
f 1860 1387 1863
f 1866 1870 2226
f 1866 1398 1870
f 1393 1866 1863
f 1863 1866 2223
f 2280 2218 2220
f 2223 2220 1863
f 2289 2223 2226
f 2230 2226 1870
f 2223 1866 2226
f 2283 2220 2223
f 1870 1873 2230
f 1860 2220 2218
f 1873 1876 2234
f 1873 1403 1876
f 1876 1406 1880
f 1409 1406 962
f 1870 1401 1873
f 1880 1406 1409
f 2296 2230 2234
f 2234 1876 2237
f 1880 2240 2237
f 1883 2240 1880
f 1876 1880 2237
f 2299 2234 2237
f 1880 1409 1883
f 1873 2234 2230
f 1406 1876 1403
f 2291 2226 2230
f 962 535 965
f 1387 1382 944
f 531 532 955
f 2301 2237 2240
f 2212 7718 7719
f 3053 7717 2212
f 2212 7717 7718
f 7717 3053 7716
f 7716 3053 7715
f 7715 2276 7714
f 7715 3053 2276
f 2276 2280 211
f 2276 3053 2215
f 2283 2289 216
f 2220 2283 2280
f 2218 2280 2276
f 2280 2283 214
f 211 214 3055
f 214 211 2280
f 216 219 613
f 219 216 2289
f 214 2283 216
f 214 216 610
f 2289 2291 219
f 7714 2276 7713
f 2289 2283 2223
f 7713 2276 211
f 7713 211 7712
f 7711 3055 7710
f 7711 7712 211
f 7711 211 3055
f 7710 3055 7709
f 7708 610 3054
f 610 7708 7709
f 3055 610 7709
f 214 610 3055
f 7706 7707 3054
f 3054 7707 7708
f 613 996 3054
f 614 996 613
f 3054 610 613
f 7706 3054 996
f 7706 996 7705
f 7704 7705 996
f 3056 7703 7704
f 3056 7704 996
f 613 610 216
f 614 613 219
f 996 614 1000
f 219 223 614
f 614 223 619
f 2296 223 2291
f 2226 2291 2289
f 226 619 223
f 3056 1000 1384
f 996 1000 3056
f 1000 1004 1384
f 1004 1000 619
f 614 619 1000
f 3056 1384 7701
f 223 2296 226
f 3056 7702 7703
f 226 2299 231
f 2299 226 2296
f 626 231 234
f 2301 231 2299
f 2234 2299 2296
f 226 231 621
f 1004 621 1008
f 1004 619 621
f 1392 1008 1012
f 626 1008 621
f 621 231 626
f 1384 1004 1388
f 231 2301 234
f 621 619 226
f 2230 2296 2291
f 1388 1004 1008
f 7702 3056 7701
f 1384 7699 7700
f 7700 7701 1384
f 1384 3057 7699
f 7699 3057 7698
f 7698 3057 7697
f 3057 7696 7697
f 3057 1796 7696
f 7696 1796 7695
f 1796 3057 1388
f 1799 7692 1796
f 1392 1796 1388
f 1388 1008 1392
f 7695 1796 7694
f 7694 1796 7693
f 7693 1796 7692
f 7692 1799 7691
f 1012 1008 626
f 1384 1388 3057
f 1392 1799 1796
f 219 2291 223
f 2237 2301 2299
f 2240 2303 2301
f 965 541 968
f 541 965 535
f 968 541 545
f 965 968 1414
f 1883 1414 1888
f 1883 1409 1414
f 2246 2243 1888
f 1888 2243 1883
f 1888 1414 1418
f 2243 2303 2240
f 1414 968 1418
f 2240 1883 2243
f 972 1418 968
f 972 545 549
f 549 975 972
f 975 549 554
f 545 156 549
f 972 975 1422
f 1418 1891 1888
f 1891 1418 1422
f 1422 1896 1891
f 1424 1896 1422
f 1418 972 1422
f 2246 1888 1891
f 1422 975 1424
f 972 968 545
f 541 153 545
f 2248 1891 1896
f 234 2303 239
f 234 2301 2303
f 633 239 243
f 2304 239 2303
f 2243 2304 2303
f 234 239 629
f 1012 629 1016
f 1012 626 629
f 1019 1016 633
f 633 1016 629
f 629 239 633
f 1012 1016 1397
f 239 2304 243
f 629 626 234
f 2306 243 2304
f 2306 2246 2248
f 2248 2307 2306
f 2252 2307 2248
f 2246 1891 2248
f 2306 2307 248
f 243 637 633
f 637 243 248
f 248 641 637
f 253 641 248
f 243 2306 248
f 1019 633 637
f 248 2307 253
f 2306 2304 2246
f 2243 2246 2304
f 641 1026 637
f 2248 1896 2252
f 1409 965 1414
f 980 1424 975
f 980 554 558
f 558 983 980
f 983 558 560
f 554 162 558
f 980 983 1427
f 1900 2252 1896
f 1900 1424 1427
f 1427 1903 1900
f 1430 1903 1427
f 1424 980 1427
f 1900 1903 2254
f 1427 983 1430
f 980 975 554
f 988 1430 983
f 988 560 565
f 565 991 988
f 569 991 565
f 560 168 565
f 988 991 1432
f 1430 1907 1903
f 1907 1430 1432
f 1432 1912 1907
f 1435 1912 1432
f 1430 988 1432
f 1907 1912 2261
f 1432 991 1435
f 988 983 560
f 558 164 560
f 1903 1907 2258
f 2309 253 2307
f 2309 2252 2254
f 2254 2311 2309
f 2311 2254 2258
f 2252 1900 2254
f 2309 2311 256
f 253 645 641
f 645 253 256
f 256 648 645
f 262 648 256
f 253 2309 256
f 1030 641 645
f 256 2311 262
f 2309 2307 2252
f 2313 262 2311
f 2313 2258 2261
f 2261 2360 2313
f 2265 2360 2261
f 2258 1907 2261
f 2313 2360 266
f 262 650 648
f 650 262 266
f 266 653 650
f 272 653 266
f 262 2313 266
f 1040 648 650
f 266 2360 272
f 2313 2311 2258
f 2254 1903 2258
f 1036 645 648
f 2261 1912 2265
f 1900 1896 1424
f 549 159 554
f 1045 650 653
f 1016 1404 1397
f 1404 1016 1019
f 1805 1802 1404
f 1397 1404 1802
f 3058 7690 7691
f 3058 1799 1802
f 1802 2656 3058
f 1805 2656 1802
f 1799 1397 1802
f 3058 2656 7688
f 1404 1019 1411
f 1799 1392 1397
f 1411 1026 1419
f 1026 1411 1019
f 1811 1419 1426
f 1030 1419 1026
f 1026 641 1030
f 1411 1419 1808
f 1805 2658 2656
f 2658 1805 1808
f 2658 1808 2663
f 1811 1808 1419
f 1805 1411 1808
f 2663 1808 1811
f 1419 1030 1426
f 1411 1805 1404
f 1019 637 1026
f 2656 2658 3059
f 7690 3058 7689
f 2656 7687 7688
f 7688 7689 3058
f 2656 3059 7687
f 7687 3059 7686
f 7685 7686 3059
f 2256 7684 7685
f 7685 3059 2256
f 7682 7683 2256
f 7682 2256 7681
f 2256 7683 7684
f 2658 2256 3059
f 7681 2256 1837
f 7680 7681 1837
f 1837 7679 7680
f 1837 7678 7679
f 2663 1837 2256
f 2663 2256 2658
f 2663 1811 2668
f 3058 7691 1799
f 1426 1036 1429
f 1036 1426 1030
f 2672 1816 1820
f 1429 1816 1426
f 1036 1040 1429
f 1816 2668 1811
f 1837 2668 1840
f 1837 2663 2668
f 1840 2672 1843
f 2672 1840 2668
f 2668 1816 2672
f 1837 1840 3060
f 1816 1429 1820
f 1811 1426 1816
f 1434 1820 1429
f 1434 1040 1045
f 1045 1437 1434
f 1052 1437 1045
f 1040 650 1045
f 1434 1437 1824
f 2674 2672 1820
f 2672 2674 1843
f 2681 1847 2674
f 1824 2674 1820
f 1820 1434 1824
f 1843 2674 1847
f 2681 2674 1824
f 1434 1429 1040
f 1036 648 1040
f 1840 1843 2198
f 7677 3060 7676
f 7677 7678 3060
f 7675 3060 2198
f 3060 7675 7676
f 1840 2198 3060
f 7675 2198 7674
f 7673 7674 2198
f 7672 7673 2198
f 2198 7671 7672
f 7670 7671 2200
f 7671 2198 2200
f 2200 2202 3062
f 7667 3062 3061
f 1843 2200 2198
f 7669 2200 3062
f 7670 2200 7669
f 7669 3062 7668
f 3062 7667 7668
f 1847 2202 2200
f 1847 2200 1843
f 1827 1824 1437
f 3060 7678 1837
f 1030 645 1036
f 1045 653 1052
f 1397 1392 1012
f 535 149 541
f 565 171 569
f 77 80 470
f 77 2555 80
f 470 80 473
f 470 906 469
f 1354 419 1353
f 1354 906 909
f 909 473 910
f 909 906 470
f 470 473 909
f 1355 1354 909
f 80 81 473
f 1353 906 1354
f 475 910 473
f 475 81 83
f 475 83 476
f 83 2571 85
f 2566 83 81
f 476 83 85
f 1355 909 910
f 910 475 913
f 476 915 913
f 480 915 476
f 475 476 913
f 1357 910 913
f 476 85 480
f 475 473 81
f 2559 81 80
f 1358 913 915
f 419 422 857
f 419 1354 422
f 1355 423 422
f 423 1355 1357
f 1354 1355 422
f 422 423 859
f 1294 857 1298
f 1294 854 857
f 1298 859 1303
f 859 1298 857
f 857 422 859
f 1294 1298 173
f 423 861 859
f 171 1294 173
f 426 861 423
f 426 1357 1358
f 1358 428 426
f 1359 428 1358
f 1357 913 1358
f 426 428 863
f 1303 861 1308
f 1303 859 861
f 1309 1308 863
f 863 1308 861
f 861 426 863
f 1303 1308 178
f 428 865 863
f 423 1357 426
f 1355 910 1357
f 1298 1303 177
f 1358 915 1359
f 854 419 857
f 86 2581 88
f 86 85 2576
f 88 2581 2585
f 86 88 482
f 918 1359 915
f 918 480 482
f 482 920 918
f 484 920 482
f 480 86 482
f 918 920 1361
f 482 88 484
f 86 480 85
f 91 484 88
f 91 2585 2590
f 91 2590 93
f 2595 2590 2513
f 2585 2509 2590
f 93 2590 2595
f 920 484 924
f 484 91 487
f 93 489 487
f 96 489 93
f 91 93 487
f 924 484 487
f 93 2595 96
f 91 88 2585
f 2581 2503 2585
f 925 487 489
f 430 865 428
f 430 1359 1361
f 430 1361 432
f 1361 920 1363
f 918 1361 1359
f 432 1361 1363
f 1309 863 865
f 865 430 868
f 432 869 868
f 434 869 432
f 430 432 868
f 1313 865 868
f 432 1363 434
f 430 428 1359
f 43 434 1363
f 43 924 925
f 925 48 43
f 930 48 925
f 924 487 925
f 43 48 437
f 434 871 869
f 871 434 437
f 437 872 871
f 439 872 437
f 434 43 437
f 1316 869 871
f 437 48 439
f 43 1363 924
f 924 1363 920
f 1315 868 869
f 925 489 930
f 918 915 480
f 2549 77 75
f 1320 871 872
f 573 569 173
f 569 171 173
f 173 1298 177
f 573 173 177
f 1438 1435 993
f 1435 991 993
f 573 999 993
f 578 999 573
f 993 569 573
f 999 1438 993
f 573 177 578
f 1912 1435 1915
f 582 578 178
f 178 578 177
f 584 180 181
f 180 178 1308
f 177 1303 178
f 582 178 180
f 1001 582 1006
f 582 1001 578
f 1447 1006 1009
f 584 1006 582
f 582 180 584
f 1441 999 1001
f 180 1309 181
f 578 1001 999
f 180 1308 1309
f 1444 1001 1006
f 1915 1438 1920
f 1438 1915 1435
f 2274 2269 1920
f 1441 1920 1438
f 1438 999 1441
f 1915 1920 2269
f 2370 272 2360
f 2370 2265 2269
f 2269 2382 2370
f 2274 2382 2269
f 2265 1915 2269
f 2370 2382 275
f 1920 1441 1924
f 2265 1912 1915
f 1924 1444 1929
f 1444 1924 1441
f 2286 2279 1929
f 1447 1929 1444
f 1444 1006 1447
f 1924 1929 2279
f 2274 2391 2382
f 2391 2274 2279
f 2279 2397 2391
f 2286 2397 2279
f 2274 1924 2279
f 2391 2397 283
f 1929 1447 1935
f 1924 2274 1920
f 1441 1001 1444
f 2382 2391 280
f 1006 584 1009
f 2360 2265 2370
f 181 1313 184
f 1313 181 1309
f 588 184 186
f 1315 184 1313
f 1313 868 1315
f 181 184 586
f 1009 586 1013
f 1009 584 586
f 1013 588 1020
f 588 1013 586
f 586 184 588
f 1009 1013 1451
f 184 1315 186
f 1447 1009 1451
f 186 1316 188
f 1316 186 1315
f 188 1320 193
f 1320 188 1316
f 1316 871 1320
f 186 188 592
f 1032 1020 592
f 1020 588 592
f 1042 597 601
f 597 592 188
f 188 193 597
f 1032 592 597
f 193 1320 1324
f 592 588 186
f 1315 869 1316
f 1013 1020 1457
f 1935 1451 1942
f 1935 1447 1451
f 1942 1457 1948
f 1457 1942 1451
f 1013 1457 1451
f 1935 1942 2295
f 2397 2286 2403
f 2286 1935 2295
f 2300 1948 2302
f 2300 2295 1942
f 1948 2300 1942
f 2403 2286 2295
f 1457 1466 1948
f 2286 1929 1935
f 1466 1032 1474
f 1466 1457 1020
f 1963 1474 1485
f 1042 1474 1032
f 1032 597 1042
f 1466 1474 1954
f 2302 1954 2305
f 2302 1948 1954
f 2305 1963 2308
f 1963 2305 1954
f 1954 1474 1963
f 2410 2300 2302
f 1474 1042 1485
f 1954 1948 1466
f 1032 1466 1020
f 2404 2295 2300
f 597 193 601
f 584 181 586
f 1309 865 1313
f 2305 2423 2302
f 1320 872 1324
f 991 569 993
f 98 96 2600
f 2600 96 2595
f 2605 2600 2519
f 98 2600 2605
f 930 492 933
f 930 489 492
f 492 497 933
f 98 497 492
f 492 96 98
f 930 933 53
f 98 2605 100
f 492 489 96
f 100 2611 103
f 2611 100 2605
f 103 2615 105
f 2615 103 2611
f 2611 2526 2615
f 100 103 501
f 933 497 935
f 497 100 501
f 941 505 509
f 505 501 103
f 105 505 103
f 935 497 501
f 2615 2619 105
f 100 497 98
f 2605 2522 2611
f 938 501 505
f 442 439 53
f 439 48 53
f 444 57 61
f 57 53 933
f 933 935 57
f 442 53 57
f 874 442 876
f 442 874 439
f 876 444 878
f 444 876 442
f 442 57 444
f 874 876 1327
f 57 935 61
f 874 1324 872
f 61 938 64
f 938 61 935
f 450 64 69
f 941 64 938
f 938 505 941
f 61 64 447
f 878 447 881
f 878 444 447
f 881 450 890
f 450 881 447
f 447 64 450
f 878 881 1337
f 64 941 69
f 447 444 61
f 935 501 938
f 876 878 1332
f 505 105 509
f 53 48 930
f 108 509 105
f 108 2619 2623
f 2623 111 108
f 111 2623 2630
f 2619 2535 2623
f 108 111 515
f 945 69 941
f 945 509 515
f 515 949 945
f 521 949 515
f 509 108 515
f 945 949 74
f 515 111 521
f 108 105 2619
f 119 521 111
f 119 2630 2636
f 119 2636 129
f 2642 2636 2564
f 2630 2553 2636
f 129 2636 2642
f 949 521 956
f 521 119 530
f 129 542 530
f 134 542 129
f 119 129 530
f 956 521 530
f 129 2642 134
f 119 111 2630
f 2623 2543 2630
f 967 530 542
f 453 890 450
f 453 69 74
f 453 74 458
f 74 949 78
f 945 74 69
f 458 74 78
f 890 898 1342
f 890 453 898
f 458 905 898
f 465 905 458
f 453 458 898
f 898 905 1347
f 458 78 465
f 453 450 69
f 84 465 78
f 84 956 967
f 967 89 84
f 977 89 967
f 956 530 967
f 84 89 472
f 465 912 905
f 912 465 472
f 472 919 912
f 478 919 472
f 465 84 472
f 912 919 1356
f 472 89 478
f 84 78 956
f 956 78 949
f 905 912 1352
f 967 542 977
f 945 941 509
f 2615 2531 2619
f 881 890 1340
f 1324 1327 199
f 1327 1324 874
f 199 1327 201
f 199 601 193
f 1051 1485 1042
f 1051 601 605
f 605 201 609
f 605 601 199
f 199 201 605
f 1060 1051 605
f 1327 1332 201
f 199 193 1324
f 206 609 201
f 206 1332 1337
f 206 1337 212
f 1340 1337 881
f 1332 878 1337
f 212 1337 1340
f 1060 605 609
f 609 206 616
f 212 624 616
f 220 624 212
f 206 212 616
f 1066 609 616
f 212 1340 220
f 206 201 1332
f 1327 876 1332
f 1070 616 624
f 1485 1494 1970
f 1485 1051 1494
f 1060 1504 1494
f 1504 1060 1066
f 1051 1060 1494
f 1494 1504 1979
f 2308 1970 2312
f 2308 1963 1970
f 2312 1979 2314
f 1979 2312 1970
f 1970 1494 1979
f 2434 2305 2308
f 1504 1987 1979
f 1970 1963 1485
f 1513 1987 1504
f 1513 1066 1070
f 1070 1525 1513
f 1076 1525 1070
f 1066 616 1070
f 1513 1525 1994
f 2314 1987 2315
f 2314 1979 1987
f 2315 1994 2318
f 1994 2315 1987
f 1987 1513 1994
f 2449 2312 2314
f 1525 2000 1994
f 1504 1066 1513
f 1060 609 1066
f 2442 2308 2312
f 1070 624 1076
f 1051 1042 601
f 220 1342 229
f 1342 220 1340
f 636 229 236
f 1347 229 1342
f 1342 898 1347
f 220 229 630
f 1076 630 1083
f 1076 624 630
f 1083 636 1087
f 636 1083 630
f 630 229 636
f 1076 1083 1533
f 229 1347 236
f 1525 1076 1533
f 236 1352 245
f 1352 236 1347
f 245 1356 252
f 1356 245 1352
f 1352 912 1356
f 236 245 643
f 1092 1087 643
f 1087 636 643
f 1098 649 655
f 649 643 245
f 245 252 649
f 1092 643 649
f 252 1356 1360
f 643 636 236
f 1347 905 1352
f 1083 1087 1542
f 2000 1533 2006
f 2000 1525 1533
f 2006 1542 2012
f 1542 2006 1533
f 1083 1542 1533
f 2000 2006 2321
f 2457 2315 2318
f 2318 2000 2321
f 2324 2012 2326
f 2324 2321 2006
f 2012 2324 2006
f 2450 2318 2321
f 1542 1550 2012
f 2318 1994 2000
f 1550 1092 1558
f 1550 1542 1087
f 2024 1558 1566
f 1098 1558 1092
f 1092 649 1098
f 1550 1558 2018
f 2326 2018 2328
f 2326 2012 2018
f 2458 2328 2332
f 2024 2328 2018
f 2018 1558 2024
f 2455 2324 2326
f 1558 1098 1566
f 2018 2012 1550
f 1092 1550 1087
f 2451 2321 2324
f 649 252 655
f 624 220 630
f 1340 890 1342
f 2452 2314 2315
f 1356 919 1360
f 874 872 439
f 2595 2517 2600
f 2456 2326 2328
f 272 275 656
f 272 2370 275
f 275 2382 280
f 275 280 660
f 1052 656 1055
f 1052 653 656
f 1055 660 1057
f 660 1055 656
f 656 275 660
f 1052 1055 1440
f 280 664 660
f 1437 1052 1440
f 669 664 283
f 283 664 280
f 674 287 291
f 287 283 2397
f 280 2391 283
f 669 283 287
f 1057 1061 1446
f 1057 664 1061
f 1061 669 1065
f 674 669 287
f 664 669 1061
f 1065 669 674
f 287 2403 291
f 664 1057 660
f 2397 2403 287
f 1055 1057 1443
f 1827 1440 1831
f 1827 1437 1440
f 1831 1443 1834
f 1443 1831 1440
f 1055 1443 1440
f 1827 1831 2683
f 2681 2683 1851
f 2681 1827 2683
f 2687 1834 2690
f 2687 2683 1831
f 1834 2687 1831
f 2683 2687 1855
f 1443 1446 1834
f 2681 1824 1827
f 1446 1449 1838
f 1446 1061 1449
f 1065 1454 1449
f 1067 1454 1065
f 1443 1057 1446
f 1449 1454 1841
f 2690 1838 2694
f 2690 1834 1838
f 2698 2694 1841
f 1841 2694 1838
f 1838 1449 1841
f 2690 2694 1862
f 1841 1454 1844
f 1838 1834 1446
f 1449 1061 1065
f 2687 2690 1858
f 1065 674 1067
f 272 656 653
f 296 291 2404
f 2404 291 2403
f 2410 2404 2300
f 296 2404 2410
f 1067 680 1071
f 1067 674 680
f 680 684 1071
f 296 684 680
f 680 291 296
f 1067 1071 1460
f 296 2410 299
f 1454 1067 1460
f 299 2423 303
f 2423 299 2410
f 303 2434 307
f 2434 303 2423
f 2423 2305 2434
f 299 303 689
f 1071 684 1075
f 684 299 689
f 1082 694 699
f 694 689 303
f 307 694 303
f 1075 684 689
f 2434 2442 307
f 299 684 296
f 2410 2302 2423
f 1079 689 694
f 1848 1844 1460
f 1844 1454 1460
f 1853 1848 1463
f 1463 1460 1071
f 1071 1075 1463
f 1848 1460 1463
f 2698 2702 1872
f 2698 1844 2702
f 1848 2707 2702
f 1853 2707 1848
f 1844 1848 2702
f 2702 2707 1878
f 1463 1075 1468
f 2698 1841 1844
f 1468 1079 1473
f 1079 1468 1075
f 1864 1473 1478
f 1082 1473 1079
f 1079 694 1082
f 1468 1473 1859
f 1853 2712 2707
f 2712 1853 1859
f 2712 1859 2718
f 1864 1859 1473
f 1853 1468 1859
f 2718 1859 1864
f 1473 1082 1478
f 1468 1853 1463
f 1075 689 1079
f 2707 2712 1884
f 694 307 699
f 674 291 680
f 2403 2295 2404
f 2694 2698 1867
f 2204 2202 1851
f 2202 1847 1851
f 1851 2683 1855
f 2204 1851 1855
f 3061 2204 2422
f 2204 3061 2202
f 2422 2205 2425
f 2205 2422 2204
f 2204 1855 2205
f 3061 2422 7664
f 1855 1858 2205
f 3061 7666 7667
f 2207 2425 2205
f 2207 1858 1862
f 2207 1862 2209
f 1862 2694 1867
f 2690 1862 1858
f 2209 1862 1867
f 2425 2427 7658
f 2425 2207 2427
f 2209 2429 2427
f 2211 2429 2209
f 2207 2209 2427
f 2427 2429 3063
f 3065 3063 2429
f 2207 2205 1858
f 2687 1858 1855
f 2422 2425 7660
f 7665 3061 7664
f 7662 7663 2422
f 2422 7663 7664
f 7661 2422 7660
f 2422 7661 7662
f 2425 7659 7660
f 3061 7665 7666
f 7658 2427 7657
f 7656 3063 7655
f 7656 7657 2427
f 7659 2425 7658
f 7655 3063 7654
f 7653 7654 3063
f 3065 7653 3063
f 7653 3065 7652
f 2427 3063 7656
f 2211 2209 1867
f 3061 3062 2202
f 2211 1872 2214
f 1872 2211 1867
f 2431 2214 2217
f 1878 2214 1872
f 2702 1878 1872
f 2211 2214 2430
f 3065 2430 3064
f 3065 2429 2430
f 2411 3064 2431
f 2431 3064 2430
f 2430 2214 2431
f 3065 3064 7651
f 2214 1878 2217
f 2430 2429 2211
f 2221 2217 1884
f 1884 2217 1878
f 2225 1894 1901
f 1894 1884 2712
f 1878 2707 1884
f 2221 1884 1894
f 2432 2221 2433
f 2221 2432 2217
f 2415 2433 2435
f 2225 2433 2221
f 2221 1894 2225
f 2411 2431 2432
f 1894 2718 1901
f 2217 2432 2431
f 1867 2698 1872
f 2413 2432 2433
f 7651 3064 7650
f 3064 7648 7649
f 7649 7650 3064
f 7648 3064 2411
f 7648 2411 7647
f 7647 2411 7646
f 2411 7645 7646
f 2411 2413 7645
f 7643 7644 2413
f 7643 2413 7642
f 2415 2413 2433
f 7644 7645 2413
f 7641 2413 2415
f 7642 2413 7641
f 7641 2415 7640
f 2415 7639 7640
f 7639 2415 7638
f 2411 2432 2413
f 2435 2433 2225
f 3065 7651 7652
f 2718 1894 2712
f 1974 2718 1864
f 1851 1847 2681
f 2442 2449 310
f 2449 2442 2312
f 310 2449 314
f 310 699 307
f 1086 1478 1082
f 1086 699 703
f 703 314 707
f 703 699 310
f 310 314 703
f 1086 703 1089
f 2449 2452 314
f 1082 699 1086
f 321 707 314
f 321 2452 2457
f 2457 328 321
f 328 2457 2450
f 2452 2315 2457
f 321 328 712
f 1089 707 1093
f 1089 703 707
f 1093 712 1097
f 712 1093 707
f 707 321 712
f 1089 1093 1491
f 712 715 1097
f 314 2452 321
f 2449 2314 2452
f 1086 1089 1483
f 1868 1974 1864
f 1868 1478 1483
f 1483 1875 1868
f 1875 1483 1491
f 1086 1483 1478
f 1868 1875 1981
f 1901 1974 1909
f 1901 2718 1974
f 1909 1981 1918
f 1981 1909 1974
f 1974 1868 1981
f 1901 1909 2231
f 1875 1984 1981
f 1478 1868 1864
f 1885 1984 1875
f 1885 1491 1499
f 1895 1499 1506
f 1499 1491 1093
f 1483 1089 1491
f 1885 1499 1895
f 1927 1918 1984
f 1918 1981 1984
f 1991 1895 1997
f 1991 1984 1885
f 1885 1895 1991
f 1991 1927 1984
f 1499 1097 1506
f 1875 1491 1885
f 1499 1093 1097
f 1909 1918 2235
f 712 328 715
f 307 2442 310
f 332 715 328
f 332 2450 2451
f 2451 336 332
f 336 2451 2455
f 2450 2321 2451
f 332 336 719
f 1103 1506 1097
f 1103 715 719
f 719 1109 1103
f 724 1109 719
f 715 332 719
f 1103 1109 1511
f 719 336 724
f 332 328 2450
f 340 724 336
f 340 2455 2456
f 340 2456 345
f 2458 2456 2328
f 2455 2326 2456
f 345 2456 2458
f 1109 724 1115
f 724 340 729
f 345 735 729
f 348 735 345
f 340 345 729
f 1115 724 729
f 1126 1122 735
f 340 336 2455
f 2451 2324 2455
f 1122 729 735
f 1902 1997 1895
f 1902 1506 1511
f 1902 1511 1910
f 1511 1109 1518
f 1103 1511 1506
f 1910 1511 1518
f 1933 1991 1997
f 1997 1902 2003
f 1910 2008 2003
f 1917 2008 1910
f 1902 1910 2003
f 1938 1997 2003
f 1910 1518 1917
f 1902 1895 1506
f 1524 1917 1518
f 1524 1115 1122
f 1122 1529 1524
f 1126 1529 1122
f 1115 729 1122
f 1524 1529 1926
f 1917 2011 2008
f 2011 1917 1926
f 1926 2016 2011
f 1932 2016 1926
f 1917 1524 1926
f 1945 2008 2011
f 1957 1951 2016
f 1524 1518 1115
f 1115 1518 1109
f 1940 2003 2008
f 1932 1926 1529
f 1103 1097 715
f 2457 2318 2450
f 1951 2011 2016
f 2436 2435 2231
f 2435 2225 2231
f 2231 1909 2235
f 2436 2231 2235
f 2416 2436 2418
f 2436 2416 2435
f 2418 2437 2419
f 2437 2418 2436
f 2436 2235 2437
f 2416 2418 7636
f 2235 2241 2437
f 2416 7638 2415
f 2241 1927 2247
f 2241 2235 1918
f 2439 2247 2253
f 1933 2247 1927
f 1927 1991 1933
f 2241 2247 2438
f 2419 2438 2420
f 2419 2437 2438
f 3068 2420 2421
f 2439 2420 2438
f 2438 2247 2439
f 2419 2420 3067
f 2421 2420 2439
f 2438 2437 2241
f 1927 2241 1918
f 2418 2419 3066
f 7638 2416 7637
f 2418 7635 7636
f 7636 7637 2416
f 2418 3066 7634
f 2418 7634 7635
f 7633 7634 3066
f 7632 7633 3066
f 2419 7632 3066
f 3067 2420 7629
f 7632 2419 3067
f 7626 7627 3068
f 7626 3068 2421
f 7628 3068 7627
f 7631 3067 7630
f 7629 7630 3067
f 7629 2420 7628
f 3067 7631 7632
f 7628 2420 3068
f 2253 2247 1933
f 2416 2415 2435
f 2253 1938 2259
f 1938 2253 1933
f 2441 2259 2263
f 1940 2259 1938
f 1938 2003 1940
f 2253 2259 2440
f 2421 2440 2424
f 2421 2439 2440
f 2426 2424 2441
f 2441 2424 2440
f 2440 2259 2441
f 2421 2424 7624
f 2259 1940 2263
f 2440 2439 2253
f 2263 1945 2267
f 1945 2263 1940
f 2267 1951 2271
f 1951 2267 1945
f 1945 2011 1951
f 2263 2267 2443
f 2428 2443 2444
f 2443 2267 2444
f 2444 2445 3070
f 7612 3070 7611
f 2267 2271 2444
f 2426 2441 2443
f 2271 1951 1957
f 2263 2443 2441
f 1940 2008 1945
f 3070 2428 2444
f 7621 2424 7620
f 2426 7619 7620
f 7619 2426 7618
f 7622 2424 7621
f 2421 7624 7625
f 7624 2424 7623
f 7623 2424 7622
f 2424 2426 7620
f 2428 7614 7615
f 2428 3070 7614
f 7614 3070 7613
f 3070 7612 7613
f 2426 7617 7618
f 7617 2428 7616
f 2428 7615 7616
f 7617 2426 2428
f 2426 2443 2428
f 2271 2445 2444
f 2421 7625 7626
f 1933 1997 1938
f 2458 348 345
f 2231 2225 1901
f 2434 2308 2442
f 2024 2332 2328
f 469 77 470
f 2581 86 2576
f 2760 2757 2639
f 7932 7933 3071
f 7931 7932 3151
f 1039 1035 801
f 801 3151 3071
f 3071 803 801
f 7934 803 3071
f 3151 7932 3071
f 801 803 1039
f 3071 7933 7934
f 796 3151 801
f 3072 7934 7935
f 3072 7935 7936
f 809 7936 7937
f 3072 809 803
f 3072 7936 809
f 3073 7937 7938
f 809 7937 3073
f 3073 7938 7939
f 7934 3072 803
f 803 809 1044
f 1277 1039 1282
f 1277 1035 1039
f 1575 1571 1282
f 1044 1282 1039
f 803 1044 1039
f 1277 1282 1571
f 1660 1571 1671
f 1660 1567 1571
f 1746 1743 1671
f 1671 1743 1660
f 1671 1571 1575
f 1743 1657 1739
f 1282 1044 1287
f 1567 1277 1571
f 1287 1046 1293
f 1287 1044 1046
f 1046 1049 1293
f 3073 3163 1046
f 1575 1282 1287
f 1287 1293 1578
f 1575 1682 1671
f 1682 1575 1578
f 1578 1703 1682
f 1582 1703 1578
f 1575 1287 1578
f 1746 1671 1682
f 1582 1578 1293
f 809 1046 1044
f 3073 1046 809
f 1703 1750 1682
f 3163 3073 7939
f 1743 1739 1660
f 3163 7940 7941
f 1049 7941 7942
f 1296 1293 1049
f 3163 7941 1049
f 1054 7943 7944
f 1049 7942 1054
f 7942 7943 1054
f 1296 1049 1054
f 7940 3163 7939
f 3074 7944 7945
f 7945 7946 3074
f 7946 1305 3074
f 7948 1305 7947
f 7946 7947 1305
f 1310 7948 7949
f 1310 7949 7950
f 7944 3074 1054
f 1302 1054 3074
f 1586 1582 1296
f 1582 1293 1296
f 1586 1296 1302
f 1302 3074 1305
f 1054 1302 1296
f 1589 1302 1305
f 1720 1586 1730
f 1586 1720 1582
f 1730 1589 1738
f 1589 1730 1586
f 1586 1302 1589
f 1753 1703 1720
f 1305 1593 1589
f 1582 1720 1703
f 1310 3075 1597
f 3075 1310 7951
f 7951 7952 3075
f 1305 7948 1310
f 1597 3075 1601
f 1738 1593 1748
f 1593 1738 1589
f 1768 1748 1759
f 1597 1748 1593
f 1593 1310 1597
f 1760 1730 1738
f 1748 1597 1759
f 1310 1593 1305
f 1310 7950 7951
f 1757 1720 1730
f 1049 1046 3163
f 1765 1738 1748
f 1743 1662 1657
f 1662 1743 1746
f 2013 1662 1666
f 1657 1662 2010
f 2219 2010 2224
f 2219 2005 2010
f 2224 2013 2229
f 2013 2224 2010
f 2010 1662 2013
f 2219 2224 9
f 1662 1746 1666
f 2005 1657 2010
f 1666 1750 1669
f 1750 1666 1746
f 2019 1669 1673
f 1753 1669 1750
f 1750 1703 1753
f 1666 1669 2015
f 2229 2015 2233
f 2229 2013 2015
f 19 2233 2239
f 2019 2233 2015
f 2015 1669 2019
f 2229 2233 15
f 1669 1753 1673
f 2015 2013 1666
f 1746 1682 1750
f 2224 2229 11
f 273 9 277
f 273 2402 9
f 579 277 281
f 11 277 9
f 9 2224 11
f 273 277 574
f 899 574 904
f 899 568 574
f 904 579 908
f 579 904 574
f 574 277 579
f 1261 899 904
f 277 11 281
f 574 568 273
f 281 15 284
f 15 281 11
f 587 284 289
f 19 284 15
f 15 2233 19
f 281 284 583
f 908 583 911
f 908 579 583
f 911 587 917
f 587 911 583
f 583 284 587
f 1272 908 911
f 284 19 289
f 583 579 281
f 11 2229 15
f 1266 904 908
f 2233 2019 2239
f 2402 2219 9
f 1673 1757 1678
f 1757 1673 1753
f 2025 1678 1684
f 1760 1678 1757
f 1757 1730 1760
f 1673 1678 2022
f 2239 2022 2244
f 2239 2019 2022
f 2244 2025 2250
f 2025 2244 2022
f 2022 1678 2025
f 2239 2244 22
f 1678 1760 1684
f 2022 2019 1673
f 1684 1765 1692
f 1765 1684 1760
f 2033 1692 1701
f 1768 1692 1765
f 1765 1748 1768
f 1684 1692 2029
f 2250 2029 2255
f 2250 2025 2029
f 33 2255 2260
f 2033 2255 2029
f 2029 1692 2033
f 2250 2255 29
f 1701 1692 1768
f 2029 2025 1684
f 1760 1738 1765
f 2244 2250 25
f 289 22 294
f 289 19 22
f 594 294 297
f 25 294 22
f 22 2244 25
f 289 294 590
f 917 590 922
f 917 587 590
f 922 594 927
f 594 922 590
f 590 294 594
f 1284 917 922
f 294 25 297
f 590 587 289
f 297 29 301
f 29 297 25
f 599 301 304
f 33 301 29
f 29 2255 33
f 297 301 595
f 927 595 932
f 927 594 595
f 932 599 937
f 599 932 595
f 595 301 599
f 1297 927 932
f 304 301 33
f 595 594 297
f 25 2250 29
f 1289 922 927
f 2260 2255 2033
f 22 19 2239
f 1753 1720 1757
f 1278 911 917
f 7953 3075 7952
f 1261 1257 899
f 7953 7954 1601
f 7954 7955 1601
f 1759 1601 1771
f 1759 1597 1601
f 1771 3076 1782
f 3076 1771 1601
f 1601 7955 3076
f 1759 1771 1773
f 7955 7956 3076
f 1601 3075 7953
f 7957 7958 3076
f 7958 1782 3076
f 7959 1782 7958
f 3077 1782 7960
f 7960 1782 7959
f 3077 7960 7961
f 3077 7961 7962
f 7957 3076 7956
f 1771 1782 1777
f 1701 1773 1708
f 1701 1768 1773
f 2040 1708 1713
f 1777 1708 1773
f 1771 1777 1773
f 1701 1708 2035
f 2260 2035 2266
f 2260 2033 2035
f 2266 2040 2268
f 2040 2266 2035
f 2035 1708 2040
f 35 2260 2266
f 1708 1777 1713
f 2035 2033 1701
f 1718 1713 1780
f 1713 1777 1780
f 3077 1785 1780
f 1785 3077 7962
f 1782 1780 1777
f 1718 1780 1785
f 2268 2041 2272
f 2040 2041 2268
f 2041 2046 2272
f 1718 2046 2041
f 1713 1718 2041
f 39 2268 2272
f 1718 1785 1723
f 2041 2040 1713
f 3077 1780 1782
f 37 2266 2268
f 7962 7963 1785
f 1773 1768 1759
f 1785 7964 3078
f 3078 7964 7965
f 3078 7965 7966
f 1723 3078 1727
f 1723 1785 3078
f 7967 1727 3078
f 1727 7967 7968
f 3078 7966 7967
f 2049 1723 1727
f 1723 2046 1718
f 1727 7969 3079
f 7969 7970 3079
f 7971 3079 7970
f 7972 2055 7971
f 7971 2055 3079
f 2055 7972 7973
f 2053 1727 3079
f 7969 1727 7968
f 7974 2055 7973
f 2046 2049 2277
f 2046 1723 2049
f 2053 2055 2288
f 2053 3079 2055
f 1727 2053 2049
f 2049 2053 2282
f 45 2277 2282
f 2282 2277 2049
f 51 2288 2292
f 2292 2288 2055
f 2282 2053 2288
f 49 2282 2288
f 7974 2292 2055
f 2046 2277 2272
f 2292 7976 2297
f 2297 7976 7977
f 2297 7977 7978
f 59 2297 7979
f 7979 2297 7978
f 59 7979 7980
f 2292 2297 55
f 7976 2292 7975
f 7974 7975 2292
f 2272 2277 42
f 7963 7964 1785
f 7980 7981 3080
f 35 37 308
f 35 2266 37
f 37 2268 39
f 37 39 312
f 304 308 602
f 308 304 35
f 312 317 607
f 317 312 39
f 308 37 312
f 308 312 604
f 39 42 317
f 304 33 35
f 42 45 323
f 42 2277 45
f 49 51 331
f 49 2288 51
f 2282 49 45
f 45 49 327
f 323 327 615
f 323 45 327
f 335 51 55
f 331 327 49
f 51 335 331
f 327 331 620
f 2292 55 51
f 42 323 317
f 2272 42 39
f 317 323 612
f 602 604 940
f 602 308 604
f 607 612 947
f 607 317 612
f 312 607 604
f 604 607 943
f 1311 937 940
f 940 937 602
f 1322 943 947
f 947 943 607
f 940 604 943
f 1319 940 943
f 612 951 947
f 937 599 602
f 615 620 954
f 615 327 620
f 964 622 627
f 622 620 331
f 612 323 615
f 620 622 959
f 1329 951 954
f 954 951 615
f 1334 959 964
f 964 959 622
f 954 620 959
f 1331 954 959
f 627 622 335
f 615 951 612
f 622 331 335
f 1326 947 951
f 335 55 337
f 602 599 304
f 59 3080 341
f 59 7980 3080
f 3080 7982 344
f 55 2297 59
f 344 7982 7983
f 631 627 337
f 337 627 335
f 341 631 337
f 344 341 3080
f 337 59 341
f 344 635 341
f 7983 7984 344
f 59 337 55
f 3081 7984 7985
f 3081 7985 7986
f 3081 7986 7987
f 7988 642 7987
f 7987 642 3081
f 642 7988 7989
f 3081 638 344
f 7984 3081 344
f 7990 3082 7989
f 631 635 976
f 635 631 341
f 638 642 984
f 642 638 3081
f 635 344 638
f 635 638 981
f 1339 970 976
f 976 970 631
f 1343 981 984
f 984 981 638
f 976 635 981
f 1341 976 981
f 642 989 984
f 631 970 627
f 994 3082 7991
f 3082 642 7989
f 994 7991 7992
f 994 7992 7993
f 1349 989 994
f 994 989 3082
f 994 7994 1351
f 994 7993 7994
f 984 989 1345
f 3082 989 642
f 7990 7991 3082
f 964 970 1336
f 627 970 964
f 3080 7981 7982
f 932 937 1304
f 35 33 2260
f 1351 7994 7995
f 1630 1625 1261
f 1625 1257 1261
f 1266 1261 904
f 1630 1261 1266
f 1996 1630 2001
f 1630 1996 1625
f 2001 1633 2004
f 1633 2001 1630
f 1630 1266 1633
f 1996 2001 1517
f 1266 1272 1633
f 1996 1509 1992
f 1636 2004 1633
f 1636 1272 1278
f 1636 1278 1639
f 1284 1278 917
f 1272 911 1278
f 1639 1278 1284
f 2004 2009 1528
f 2004 1636 2009
f 2009 1639 2014
f 1644 1639 1284
f 1636 1639 2009
f 2014 1639 1644
f 1284 1289 1644
f 1636 1633 1272
f 1266 908 1272
f 2001 2004 1522
f 2912 2654 2974
f 2912 1509 1517
f 2912 1517 2925
f 1517 2001 1522
f 1996 1517 1509
f 2925 1517 1522
f 2654 2661 2643
f 2654 2912 2661
f 2925 2667 2661
f 2938 2667 2925
f 2912 2925 2661
f 2661 2667 2645
f 2925 1522 2938
f 2639 2654 2643
f 2946 2938 1528
f 1528 2938 1522
f 2958 1535 1543
f 1535 1528 2009
f 1522 2004 1528
f 2946 1528 1535
f 2671 2946 2676
f 2946 2671 2938
f 2684 2676 2958
f 2958 2676 2946
f 2946 1535 2958
f 2671 2676 2678
f 1543 1535 2014
f 2938 2671 2667
f 2009 2014 1535
f 2667 2671 2662
f 2014 1644 2017
f 2974 1509 2912
f 1289 1297 1647
f 1297 1289 927
f 1304 1297 932
f 1297 1304 1651
f 2017 1647 2021
f 2017 1644 1647
f 2021 1651 2027
f 1651 2021 1647
f 1647 1297 1651
f 2017 2021 1547
f 1304 1655 1651
f 2017 1543 2014
f 1659 1655 1311
f 1655 2027 1651
f 1659 1311 1319
f 1322 1319 943
f 1311 940 1319
f 1665 1319 1322
f 1659 2030 1655
f 1655 2030 2027
f 2034 1659 1665
f 1668 1665 1322
f 1659 1319 1665
f 2039 1665 1668
f 1322 1326 1668
f 1655 1304 1311
f 1304 937 1311
f 2021 2027 1553
f 1543 1547 2970
f 1543 2017 1547
f 2027 1559 1553
f 1553 1547 2021
f 1559 2027 2030
f 1547 1553 2979
f 2684 2958 2970
f 2970 1547 2979
f 2988 1559 2986
f 2988 2979 1553
f 1559 2988 1553
f 2691 2970 2979
f 2030 2883 1559
f 1543 2970 2958
f 2883 2034 2884
f 2034 2883 2030
f 2884 2039 2885
f 2039 2884 2034
f 2034 1665 2039
f 2883 2884 2985
f 2703 2988 2986
f 2986 2883 2985
f 2722 2717 2993
f 2993 2985 2884
f 2885 2993 2884
f 2709 2986 2985
f 2885 2039 2042
f 2883 2986 1559
f 2030 1659 2034
f 2696 2979 2988
f 2039 1668 2042
f 1644 1289 1647
f 1284 922 1289
f 2717 2985 2993
f 2762 2760 2643
f 2760 2639 2643
f 2643 2661 2645
f 2762 2643 2645
f 2573 2579 2648
f 2573 2760 2579
f 2579 2762 2588
f 2766 2762 2645
f 2760 2762 2579
f 2766 2588 2762
f 2645 2662 2766
f 2573 2757 2760
f 2662 2678 2771
f 2662 2671 2678
f 2697 2684 2715
f 2697 2678 2676
f 2645 2667 2662
f 2678 2697 2776
f 2594 2766 2771
f 2771 2678 2776
f 2616 2609 2782
f 2782 2776 2697
f 2715 2782 2697
f 2602 2771 2776
f 2684 2691 2715
f 2662 2771 2766
f 2676 2684 2697
f 2609 2776 2782
f 2648 2653 140
f 2648 2579 2653
f 2653 2588 2659
f 2594 2588 2766
f 2579 2588 2653
f 2659 2588 2594
f 134 140 551
f 134 2648 140
f 146 2659 154
f 146 140 2653
f 2659 146 2653
f 140 146 563
f 2594 2665 2659
f 134 2642 2648
f 2665 2602 2673
f 2602 2665 2594
f 2673 2609 2680
f 2609 2673 2602
f 2602 2776 2609
f 2665 2673 166
f 154 166 581
f 154 2665 166
f 174 2680 185
f 174 166 2673
f 2680 174 2673
f 166 174 589
f 2680 2609 2616
f 2665 154 2659
f 2594 2771 2602
f 146 154 571
f 2782 2715 2790
f 2648 2642 2573
f 2735 2790 2715
f 2735 2691 2696
f 2735 2696 2754
f 2703 2696 2988
f 2691 2979 2696
f 2754 2696 2703
f 2621 2616 2790
f 2616 2782 2790
f 2798 2754 2807
f 2798 2790 2735
f 2735 2754 2798
f 2798 2621 2790
f 2703 2747 2754
f 2715 2691 2735
f 2747 2709 2753
f 2709 2747 2703
f 2753 2717 2758
f 2717 2753 2709
f 2709 2985 2717
f 2747 2753 2813
f 2627 2798 2807
f 2807 2747 2813
f 2640 2819 2825
f 2819 2813 2753
f 2758 2819 2753
f 2631 2807 2813
f 2758 2717 2722
f 2747 2807 2754
f 2703 2986 2709
f 2635 2813 2819
f 2686 2621 2679
f 2621 2686 2616
f 2679 2627 2688
f 2627 2679 2621
f 2621 2798 2627
f 2686 2679 191
f 185 191 598
f 185 2686 191
f 196 2688 202
f 196 191 2679
f 2688 196 2679
f 191 196 603
f 2627 2631 2688
f 185 2680 2686
f 2693 202 2688
f 2693 2631 2635
f 2693 2635 2701
f 2640 2635 2819
f 2631 2813 2635
f 2701 2635 2640
f 202 208 618
f 202 2693 208
f 2701 215 208
f 2706 215 2701
f 2693 2701 208
f 208 215 625
f 2706 2701 2640
f 2693 2688 2631
f 2627 2807 2631
f 196 202 608
f 2825 2819 2758
f 2686 2680 2616
f 2684 2970 2691
f 174 185 593
f 2885 2992 2993
f 1625 1996 1992
f 1326 1329 1674
f 1329 1326 951
f 1331 1329 954
f 1329 1331 1679
f 2042 1674 2047
f 2042 1668 1674
f 2047 1679 2051
f 1679 2047 1674
f 1674 1329 1679
f 2042 2047 2886
f 1331 1687 1679
f 2885 2042 2886
f 1687 1334 1693
f 1687 2051 1679
f 1693 1336 1700
f 1336 1693 1334
f 1334 964 1336
f 1687 1693 2054
f 2051 2054 2888
f 2051 1687 2054
f 2890 2057 2060
f 2057 2054 1693
f 1700 2057 1693
f 2054 2057 2889
f 1336 1339 1700
f 1687 1331 1334
f 1331 959 1334
f 2047 2051 2887
f 2992 2886 2995
f 2992 2885 2886
f 2995 2887 2994
f 2887 2995 2886
f 2886 2047 2887
f 2992 2995 2727
f 2722 2727 2459
f 2722 2992 2727
f 2734 2994 2741
f 2734 2727 2995
f 2994 2734 2995
f 2727 2734 2466
f 2887 2888 2994
f 2722 2993 2992
f 2984 2741 2994
f 2984 2888 2889
f 2984 2889 2987
f 2890 2889 2057
f 2888 2054 2889
f 2987 2889 2890
f 2741 2700 2471
f 2741 2984 2700
f 2987 2705 2700
f 2989 2705 2987
f 2984 2987 2700
f 2700 2705 2478
f 2987 2890 2989
f 2984 2994 2888
f 2887 2051 2888
f 2734 2741 2467
f 2057 1700 2060
f 1668 1326 1674
f 1707 2060 1700
f 1707 1339 1341
f 1707 1341 1712
f 1343 1341 981
f 1339 976 1341
f 1712 1341 1343
f 2060 2063 2891
f 2060 1707 2063
f 1712 2065 2063
f 1719 2065 1712
f 1707 1712 2063
f 2063 2065 2892
f 1712 1343 1719
f 1707 1700 1339
f 1722 1345 1349
f 1349 1345 989
f 1349 1351 1726
f 3083 1351 7995
f 1349 994 1351
f 3083 1731 1351
f 2065 1719 2067
f 1722 1719 1345
f 2070 1722 1726
f 1731 1726 1351
f 1722 1349 1726
f 2067 1719 1722
f 1731 1734 2075
f 1345 1719 1343
f 1343 984 1345
f 2072 1726 1731
f 2891 2892 2990
f 2891 2063 2892
f 2945 2893 2894
f 2893 2892 2065
f 2067 2893 2065
f 2892 2893 2991
f 2705 2989 2710
f 2990 2989 2891
f 2714 2990 2991
f 2945 2991 2893
f 2990 2892 2991
f 2710 2989 2990
f 2893 2067 2894
f 2989 2890 2891
f 2895 2894 2070
f 2070 2894 2067
f 2895 2070 2072
f 2075 2072 1731
f 2070 1726 2072
f 2896 2072 2075
f 2948 2895 2950
f 2895 2948 2894
f 2729 2950 2953
f 2896 2950 2895
f 2895 2072 2896
f 2724 2945 2948
f 2950 2896 2953
f 2894 2948 2945
f 2067 1722 2070
f 2719 2991 2945
f 1734 1731 3083
f 2891 2890 2060
f 1336 970 1339
f 2730 2948 2950
f 2830 2825 2459
f 2825 2758 2459
f 2459 2727 2466
f 2830 2459 2466
f 2646 2830 2650
f 2830 2646 2825
f 2655 2650 2834
f 2834 2650 2830
f 2830 2466 2834
f 2646 2650 2713
f 2466 2467 2834
f 2646 2706 2640
f 2467 2471 2838
f 2467 2741 2471
f 2705 2486 2478
f 2478 2471 2700
f 2466 2734 2467
f 2471 2478 2841
f 2655 2834 2838
f 2838 2471 2841
f 2670 2849 2852
f 2849 2841 2478
f 2486 2849 2478
f 2660 2838 2841
f 2849 2486 2852
f 2467 2838 2834
f 2710 2486 2705
f 2666 2841 2849
f 2706 2713 222
f 2706 2646 2713
f 2721 2655 2725
f 2721 2713 2650
f 2655 2721 2650
f 2713 2721 230
f 222 230 640
f 222 2713 230
f 235 2725 242
f 235 230 2721
f 2725 235 2721
f 230 235 646
f 2655 2660 2725
f 2706 222 215
f 2732 242 2725
f 2732 2660 2666
f 2732 2666 2739
f 2670 2666 2849
f 2660 2841 2666
f 2739 2666 2670
f 242 250 659
f 242 2732 250
f 2739 257 250
f 2744 257 2739
f 2732 2739 250
f 250 257 667
f 2744 2739 2670
f 2732 2725 2660
f 2655 2838 2660
f 235 242 652
f 2498 2486 2710
f 2646 2640 2825
f 2498 2714 2515
f 2714 2498 2710
f 2515 2719 2525
f 2719 2515 2714
f 2714 2991 2719
f 2498 2515 2855
f 2852 2855 2675
f 2852 2498 2855
f 2862 2525 2868
f 2862 2855 2515
f 2525 2862 2515
f 2855 2862 2682
f 2719 2724 2525
f 2498 2852 2486
f 2540 2868 2525
f 2540 2724 2730
f 2540 2730 2554
f 2729 2730 2950
f 2724 2948 2730
f 2554 2730 2729
f 2868 2873 2692
f 2868 2540 2873
f 2554 2878 2873
f 2569 2878 2554
f 2540 2554 2873
f 2873 2878 2695
f 2569 2554 2729
f 2540 2525 2724
f 2719 2945 2724
f 2862 2868 2689
f 2750 2744 2675
f 2744 2670 2675
f 2750 2675 2682
f 2689 2682 2862
f 2675 2855 2682
f 2756 2682 2689
f 265 2750 270
f 2750 265 2744
f 270 2756 276
f 2756 270 2750
f 2750 2682 2756
f 265 270 687
f 2689 2759 2756
f 2744 265 257
f 2759 2692 2761
f 2692 2759 2689
f 2761 2695 2763
f 2695 2761 2692
f 2692 2873 2695
f 2759 2761 282
f 276 282 700
f 276 2759 282
f 285 2763 290
f 285 282 2761
f 2763 285 2761
f 282 285 704
f 2763 2695 2699
f 2759 276 2756
f 2689 2868 2692
f 270 276 693
f 2699 2695 2878
f 2675 2670 2852
f 2710 2990 2714
f 257 265 678
f 2075 2897 2896
f 2459 2758 2722
f 1322 947 1326
f 215 222 632
f 3083 7995 7996
f 3151 3033 7931
f 8043 1680 8042
f 8044 1680 8043
f 3085 8040 8041
f 8042 2023 8041
f 1680 2023 8042
f 3085 8041 2023
f 8044 8045 1381
f 8047 8048 3090
f 8049 3090 8048
f 3090 8049 3089
f 8047 3090 1381
f 8044 1381 1680
f 1381 8045 8046
f 1381 1685 1680
f 1381 8046 8047
f 1381 1386 1685
f 2023 1680 2028
f 2028 1685 2036
f 2028 1680 1685
f 1797 8035 8036
f 3086 8036 8037
f 3086 1797 8036
f 8032 8033 1797
f 8034 1797 8033
f 1797 8034 8035
f 8032 1797 2090
f 8037 8038 3086
f 8038 3085 3086
f 8039 8040 3085
f 2023 1877 1871
f 2023 1871 3085
f 2028 1877 2023
f 3086 3085 1871
f 3086 1800 1797
f 3086 1871 1800
f 1803 1871 1877
f 1882 1877 2028
f 1800 1871 1803
f 1882 1806 1877
f 1882 2028 2036
f 3085 8038 8039
f 1797 1800 2093
f 1386 1381 3090
f 658 8053 8054
f 658 8054 8055
f 3089 8051 8052
f 886 882 658
f 882 8052 8053
f 8053 658 882
f 3089 8052 882
f 8055 3091 658
f 3154 8057 8058
f 8058 8059 3154
f 8060 3154 8059
f 8056 3091 8055
f 8056 8057 3091
f 3154 661 3091
f 455 661 3154
f 8057 3154 3091
f 3091 661 658
f 3154 8060 455
f 886 658 661
f 1690 1685 1386
f 3090 1135 1386
f 1135 3090 3089
f 1391 1135 1139
f 8051 3089 8050
f 1386 1135 1391
f 1890 2036 2043
f 2036 1685 1690
f 1696 1690 1391
f 2036 1690 2043
f 1690 1386 1391
f 2036 1890 1882
f 3089 882 1135
f 8050 3089 8049
f 1139 886 1143
f 1135 882 1139
f 1698 1696 1394
f 1143 1394 1139
f 1143 886 888
f 1394 1696 1391
f 2043 1696 2048
f 2043 1690 1696
f 1819 1897 1906
f 2048 1897 2043
f 2048 1696 1698
f 2043 1897 1890
f 1897 2048 1906
f 1391 1139 1394
f 886 1139 882
f 1810 1882 1890
f 886 661 888
f 1813 1890 1897
f 3088 8025 8026
f 3088 8024 8025
f 8022 8023 87
f 8024 87 8023
f 3088 87 8024
f 8022 87 364
f 8026 8027 3088
f 3087 8029 8030
f 8031 2090 8030
f 8031 8032 2090
f 3087 8030 2090
f 8027 3087 3088
f 3087 8027 8028
f 3087 2316 3088
f 2316 3087 2090
f 8028 8029 3087
f 87 3088 90
f 2316 2317 92
f 90 3088 2316
f 8019 8020 3101
f 364 8020 8021
f 8020 364 3101
f 8019 3101 3155
f 3098 8016 8017
f 8018 3155 8017
f 3155 8018 8019
f 3155 3098 8017
f 3101 668 3155
f 364 369 673
f 364 87 369
f 369 90 372
f 92 90 2316
f 8021 8022 364
f 372 90 92
f 668 673 1028
f 668 364 673
f 677 372 683
f 677 673 369
f 372 677 369
f 673 677 1034
f 92 374 372
f 364 668 3101
f 90 369 87
f 1025 3155 668
f 2316 2090 2317
f 2093 2096 2319
f 2093 1800 2096
f 2096 1803 2098
f 1806 1803 1877
f 1797 2093 2090
f 2098 1803 1806
f 2317 2319 94
f 2317 2093 2319
f 2320 2098 2322
f 2320 2319 2096
f 2098 2320 2096
f 2319 2320 97
f 1806 2102 2098
f 2093 2317 2090
f 2105 2102 1810
f 2102 2322 2098
f 2105 1810 1813
f 1819 1813 1897
f 1810 1890 1813
f 2112 1813 1819
f 2322 2323 104
f 2322 2102 2323
f 2323 2105 2325
f 2112 2105 1813
f 2102 2105 2323
f 2325 2105 2112
f 2112 2115 2327
f 2102 1806 1810
f 1806 1882 1810
f 2320 2322 99
f 378 374 94
f 374 92 94
f 378 94 97
f 97 2320 99
f 2319 97 94
f 380 97 99
f 378 686 374
f 374 686 683
f 690 378 380
f 384 380 99
f 378 97 380
f 384 696 380
f 99 104 384
f 683 372 374
f 104 109 389
f 104 2323 109
f 109 2325 113
f 2327 2325 2112
f 99 2322 104
f 113 2325 2327
f 701 384 389
f 389 109 394
f 113 397 394
f 116 397 113
f 109 113 394
f 394 706 389
f 116 113 2327
f 104 389 384
f 2323 2325 109
f 397 710 394
f 2115 2112 1819
f 92 2317 94
f 1803 2096 1800
f 677 683 1037
f 1394 1143 1399
f 288 8064 8065
f 292 288 8065
f 8061 8062 288
f 8063 288 8062
f 288 8063 8064
f 8061 288 455
f 8065 8066 292
f 292 8067 8068
f 292 8068 8069
f 292 8069 8070
f 8071 3092 8070
f 8070 3092 292
f 3092 8071 8072
f 3092 8072 8073
f 8067 292 8066
f 288 292 459
f 661 455 665
f 661 665 888
f 893 665 672
f 459 665 455
f 288 459 455
f 888 665 893
f 1399 1145 1407
f 1399 1143 1145
f 1145 1152 1407
f 1152 1145 893
f 1145 888 893
f 1399 1407 1706
f 665 459 672
f 1143 888 1145
f 672 463 675
f 672 459 463
f 3092 467 463
f 675 463 467
f 292 463 459
f 672 675 897
f 1152 897 1155
f 1152 893 897
f 1413 1155 1416
f 1155 1413 1152
f 1155 897 902
f 1152 1413 1407
f 902 897 675
f 897 893 672
f 3092 463 292
f 1407 1413 1711
f 8073 8074 3092
f 1394 1399 1698
f 467 8074 8075
f 467 8075 8076
f 467 8076 8077
f 679 902 675
f 679 467 8079
f 8078 8079 467
f 467 8077 8078
f 679 8079 8080
f 8074 467 3092
f 8081 8082 679
f 8083 679 8082
f 8083 8084 679
f 8085 8086 679
f 679 8086 8087
f 8084 8085 679
f 8081 679 8080
f 679 8087 8088
f 902 679 3093
f 679 8088 8089
f 8089 8090 679
f 679 8090 3093
f 1416 1157 3164
f 1155 1157 1416
f 1157 8096 3164
f 3093 8095 1157
f 902 3093 1157
f 3094 1416 3164
f 3093 8090 8091
f 1157 1155 902
f 8092 8093 3093
f 8094 3093 8093
f 8094 8095 3093
f 7312 3164 8096
f 3164 7312 7313
f 8095 8096 1157
f 8091 8092 3093
f 3094 3164 7313
f 679 675 467
f 1413 1416 1715
f 1698 1706 2059
f 1698 1399 1706
f 1913 2059 2064
f 2059 1906 2048
f 1823 1819 1906
f 1819 1823 2115
f 2118 2115 1823
f 1913 1823 1906
f 1906 2059 1913
f 1828 1823 1913
f 2059 1706 2064
f 2059 2048 1698
f 2064 1711 2069
f 1711 2064 1706
f 1922 2069 2074
f 1715 2069 1711
f 1413 1715 1711
f 2064 2069 1919
f 1828 1919 1833
f 1828 1913 1919
f 2121 1833 1835
f 1922 1833 1919
f 1919 2069 1922
f 2118 1823 1828
f 1835 1833 1922
f 1919 1913 2064
f 1407 1711 1706
f 2119 1828 1833
f 2329 2118 2330
f 2118 2329 2115
f 124 121 2330
f 2119 2330 2118
f 2118 1828 2119
f 2329 2330 121
f 116 401 397
f 401 116 121
f 121 406 401
f 124 406 121
f 116 2329 121
f 717 401 406
f 2330 2119 2331
f 116 2327 2329
f 124 2331 127
f 2331 124 2330
f 2331 2333 127
f 7333 3102 127
f 2331 2119 2121
f 124 127 410
f 410 721 406
f 7336 3103 410
f 3103 7336 7337
f 410 3102 7336
f 410 127 3102
f 3103 721 410
f 2121 2333 2331
f 410 406 124
f 2119 1833 2121
f 397 401 713
f 2074 2069 1715
f 2329 2327 2115
f 2074 1717 3095
f 2074 1715 1717
f 7321 1928 3095
f 1717 7317 3095
f 1416 1717 1715
f 2074 3095 1928
f 1928 1835 1922
f 3097 1928 7322
f 7322 7323 3097
f 7322 1928 7321
f 3097 7323 7324
f 7315 1717 3094
f 1835 1928 3097
f 7317 1717 7316
f 7316 1717 7315
f 3095 7317 7318
f 7321 3095 7320
f 3095 7319 7320
f 7318 7319 3095
f 7314 7315 3094
f 3094 7313 7314
f 127 2333 7331
f 2121 3096 2333
f 7331 7332 127
f 7328 2333 3096
f 1835 7325 3096
f 7332 7333 127
f 3102 7335 7336
f 7335 3102 7334
f 7334 3102 7333
f 1835 3096 2121
f 7327 3096 7326
f 7326 3096 7325
f 7327 7328 3096
f 2333 7330 7331
f 7330 2333 7329
f 7329 2333 7328
f 1835 3097 7325
f 3097 7324 7325
f 1922 2074 1928
f 1416 3094 1717
f 8060 8061 455
f 7338 3103 7337
f 3083 7997 1734
f 1734 7997 7998
f 1734 7999 8000
f 7999 1734 7998
f 1734 8000 2077
f 2075 1734 2077
f 8009 8010 3100
f 3100 8011 1362
f 8010 8011 3100
f 8007 8008 1741
f 2080 1741 1744
f 1741 8008 8009
f 8009 3100 1741
f 8007 1741 8006
f 8011 8012 1362
f 2078 8006 1741
f 2077 8001 8002
f 8001 2077 8000
f 3084 8002 8003
f 8002 3084 2077
f 2077 3084 2900
f 2953 2897 2957
f 2953 2896 2897
f 2961 2957 2900
f 2900 2957 2897
f 2897 2077 2900
f 2953 2957 2737
f 3084 2901 2900
f 2897 2075 2077
f 3099 8003 8004
f 8005 2078 8004
f 8005 8006 2078
f 3099 8004 2078
f 2901 3084 3099
f 3099 2078 2901
f 2903 2080 2904
f 2901 2078 2903
f 2078 2080 2903
f 2961 2900 2901
f 1741 2080 2078
f 3099 3084 8003
f 2903 2962 2901
f 1741 3100 1744
f 3083 7996 7997
f 1021 8014 8015
f 1028 673 1034
f 1021 8015 3098
f 3100 1362 1744
f 1362 8012 8013
f 1362 1021 1365
f 1021 1362 8013
f 8013 8014 1021
f 1747 1744 1362
f 1025 1021 3098
f 1025 1028 1367
f 1025 3098 3155
f 1034 1037 1371
f 1037 1034 677
f 668 1028 1025
f 1028 1034 1369
f 1747 1362 1365
f 1367 1365 1025
f 1754 1367 1369
f 1371 1369 1034
f 1367 1028 1369
f 1751 1365 1367
f 1371 1374 1758
f 1025 1365 1021
f 8015 8016 3098
f 1755 1369 1371
f 2081 1747 2083
f 1747 2081 1744
f 2083 1751 2084
f 1751 2083 1747
f 1747 1365 1751
f 2081 2083 2906
f 2964 2903 2904
f 2904 2081 2906
f 2907 2084 2908
f 2907 2906 2083
f 2084 2907 2083
f 2966 2904 2906
f 1751 1754 2084
f 2904 2080 2081
f 2086 2908 2084
f 2086 1754 1755
f 2086 1755 2087
f 1758 1755 1371
f 1754 1369 1755
f 2087 1755 1758
f 2969 2907 2908
f 2908 2086 2911
f 2087 2915 2911
f 2089 2915 2087
f 2086 2087 2911
f 2971 2908 2911
f 2087 1758 2089
f 2086 2084 1754
f 1751 1367 1754
f 2968 2906 2907
f 1371 1037 1374
f 2081 2080 1744
f 2975 2911 2915
f 2957 2738 2737
f 2738 2957 2961
f 2598 2583 2738
f 2737 2738 2583
f 2880 2699 2878
f 2880 2569 2583
f 2583 2882 2880
f 2598 2882 2583
f 2569 2737 2583
f 2880 2882 2704
f 2738 2961 2474
f 2569 2729 2737
f 2474 2962 2476
f 2962 2474 2961
f 2476 2964 2477
f 2964 2476 2962
f 2962 2903 2964
f 2474 2476 2612
f 2882 2598 2858
f 2598 2474 2612
f 2866 2863 2618
f 2618 2612 2476
f 2477 2618 2476
f 2858 2598 2612
f 2964 2966 2477
f 2474 2598 2738
f 2961 2901 2962
f 2863 2612 2618
f 2767 290 2763
f 2767 2699 2704
f 2767 2704 2770
f 2704 2882 2708
f 2880 2704 2699
f 2770 2704 2708
f 290 295 711
f 290 2767 295
f 2770 298 295
f 2774 298 2770
f 2767 2770 295
f 295 298 714
f 2770 2708 2774
f 2767 2763 2699
f 2711 2774 2708
f 2711 2858 2863
f 2863 2716 2711
f 2866 2716 2863
f 2858 2612 2863
f 2711 2716 2777
f 2774 302 298
f 302 2774 2777
f 2777 306 302
f 2778 306 2777
f 2774 2711 2777
f 302 306 720
f 2778 2777 2716
f 2711 2708 2858
f 2858 2708 2882
f 298 302 718
f 2624 2618 2477
f 2880 2878 2569
f 2480 2624 2477
f 2480 2966 2968
f 2480 2968 2481
f 2969 2968 2907
f 2966 2906 2968
f 2481 2968 2969
f 2871 2866 2624
f 2866 2618 2624
f 2628 2481 2633
f 2628 2624 2480
f 2480 2481 2628
f 2628 2871 2624
f 2969 2483 2481
f 2477 2966 2480
f 2483 2971 2485
f 2971 2483 2969
f 2485 2975 2488
f 2975 2485 2971
f 2971 2911 2975
f 2483 2485 2638
f 2874 2628 2633
f 2633 2483 2638
f 2867 2644 2649
f 2644 2638 2485
f 2488 2644 2485
f 2860 2633 2638
f 2488 2975 2977
f 2483 2633 2481
f 2969 2908 2971
f 2865 2638 2644
f 2720 2871 2723
f 2871 2720 2866
f 2723 2874 2726
f 2874 2723 2871
f 2871 2628 2874
f 2720 2723 2783
f 306 2778 309
f 2778 2720 2783
f 2786 2726 2791
f 2786 2783 2723
f 2726 2786 2723
f 309 2778 2783
f 2874 2860 2726
f 2778 2716 2720
f 2728 2791 2726
f 2728 2860 2865
f 2728 2865 2731
f 2867 2865 2644
f 2860 2638 2865
f 2731 2865 2867
f 315 2786 2791
f 2791 2728 2792
f 2731 2796 2792
f 2733 2796 2731
f 2728 2731 2792
f 316 2791 2792
f 2731 2867 2733
f 2728 2726 2860
f 2874 2633 2860
f 313 2783 2786
f 2644 2488 2649
f 2720 2716 2866
f 2964 2904 2966
f 2796 318 2792
f 2975 2915 2977
f 2737 2729 2953
f 1047 1043 686
f 1043 1037 683
f 690 686 378
f 1047 686 690
f 1374 1376 1761
f 1374 1043 1376
f 1047 1379 1376
f 1053 1379 1047
f 1043 1047 1376
f 1376 1379 1764
f 1047 690 1053
f 1043 1374 1037
f 1058 1053 696
f 696 1053 690
f 1058 696 701
f 706 701 389
f 696 384 701
f 1062 701 706
f 1395 1385 1058
f 1058 1385 1053
f 1395 1058 1062
f 1068 1062 706
f 1058 701 1062
f 1402 1062 1068
f 706 710 1068
f 1053 1385 1379
f 690 380 696
f 1379 1385 1769
f 2091 2089 1761
f 2089 1758 1761
f 2091 1761 1764
f 1764 1379 1769
f 1376 1764 1761
f 2094 1764 1769
f 2917 2091 2920
f 2091 2917 2089
f 2923 2920 2094
f 2094 2920 2091
f 2091 1764 2094
f 2917 2920 2980
f 1769 2097 2094
f 2917 2977 2915
f 1774 1395 1778
f 1774 2097 1769
f 1778 1402 1781
f 1402 1778 1395
f 1395 1062 1402
f 1774 1778 2100
f 2923 2094 2097
f 2097 1774 2100
f 2103 1781 2107
f 2103 2100 1778
f 1781 2103 1778
f 2926 2097 2100
f 1781 1402 1408
f 1769 1385 1774
f 1774 1385 1395
f 2103 2928 2100
f 1402 1068 1408
f 1761 1758 1374
f 1073 1408 1068
f 1073 710 713
f 1073 713 1077
f 717 713 401
f 710 397 713
f 1077 713 717
f 1408 1415 1787
f 1408 1073 1415
f 1415 1077 1417
f 1080 1077 717
f 1073 1077 1415
f 1080 1417 1077
f 717 721 1080
f 1073 1068 710
f 3104 7339 7340
f 3104 721 3103
f 3104 3103 7339
f 3103 7338 7339
f 1080 3104 1423
f 7343 3104 7342
f 7341 7342 3104
f 3104 7340 7341
f 721 3104 1080
f 717 406 721
f 7343 1423 3104
f 1787 1789 2109
f 1787 1415 1789
f 1417 1791 1789
f 1791 1417 1423
f 1415 1417 1789
f 1789 1791 2113
f 2933 2107 2109
f 2109 2107 1787
f 2109 2113 2934
f 7350 7351 2113
f 2109 1789 2113
f 2103 2107 2930
f 2113 1791 7348
f 2107 1781 1787
f 7346 7347 1791
f 7346 1423 7345
f 7344 7345 1423
f 1423 7343 7344
f 2113 7349 7350
f 7349 2113 7348
f 7348 1791 7347
f 7346 1791 1423
f 1417 1080 1423
f 1787 1781 1408
f 706 394 710
f 2934 2113 7351
f 2977 2980 2490
f 2977 2917 2980
f 2980 2920 2976
f 2980 2976 2492
f 2649 2490 2652
f 2649 2488 2490
f 2657 2652 2492
f 2492 2652 2490
f 2490 2980 2492
f 2649 2652 2869
f 2976 2495 2492
f 2490 2488 2977
f 2978 2495 2976
f 2978 2923 2926
f 2978 2926 2981
f 2928 2926 2100
f 2923 2097 2926
f 2981 2926 2928
f 2657 2492 2495
f 2495 2978 2499
f 2981 2502 2499
f 2982 2502 2981
f 2978 2981 2499
f 2664 2495 2499
f 2981 2928 2982
f 2978 2976 2923
f 2923 2976 2920
f 2669 2499 2502
f 2736 2733 2869
f 2733 2867 2869
f 2740 2872 2745
f 2872 2869 2652
f 2652 2657 2872
f 2736 2869 2872
f 2799 2736 2800
f 2736 2799 2733
f 2800 2740 2803
f 2740 2800 2736
f 2736 2872 2740
f 320 2799 2800
f 2872 2657 2745
f 2733 2799 2796
f 2745 2664 2749
f 2664 2745 2657
f 2743 2749 2751
f 2669 2749 2664
f 2664 2499 2669
f 2745 2749 2742
f 2803 2742 2806
f 2803 2740 2742
f 2806 2743 2810
f 2743 2806 2742
f 2742 2749 2743
f 325 2803 2806
f 2751 2749 2669
f 2742 2740 2745
f 2657 2495 2664
f 324 2800 2803
f 2669 2502 2677
f 2869 2867 2649
f 2982 2930 2983
f 2930 2982 2928
f 2510 2983 2463
f 2933 2983 2930
f 2930 2107 2933
f 2982 2983 2506
f 2677 2506 2685
f 2677 2502 2506
f 7358 2685 2510
f 2510 2685 2506
f 2506 2983 2510
f 2677 2685 2755
f 2983 2933 2463
f 2677 2751 2669
f 2463 2934 7353
f 2934 2463 2933
f 7352 7353 2934
f 2934 7351 7352
f 2463 7353 7354
f 2510 7356 7357
f 2510 7355 7356
f 2463 7354 7355
f 2510 2463 7355
f 2933 2109 2934
f 7358 2510 7357
f 2748 2743 2751
f 2743 2748 2810
f 2810 2748 7366
f 7364 7365 2748
f 2748 2751 2755
f 7366 2748 7365
f 7367 7368 2810
f 7367 2810 7366
f 326 2810 7368
f 2806 2810 326
f 2755 7360 7361
f 2755 2685 7360
f 7360 2685 7359
f 2751 2677 2755
f 2748 7363 7364
f 7362 7363 2755
f 7361 7362 2755
f 7363 2748 2755
f 7358 7359 2685
f 2502 2982 2506
f 2928 2103 2930
f 2796 2799 319
f 2917 2915 2089
f 683 686 1043
f 7368 7369 3121
f 285 290 708
f 987 977 551
f 977 542 551
f 551 140 563
f 987 551 563
f 95 987 102
f 987 95 977
f 107 102 997
f 997 102 987
f 987 563 997
f 95 102 486
f 563 571 997
f 95 478 89
f 571 581 1005
f 571 154 581
f 589 593 1022
f 589 174 593
f 166 589 581
f 581 589 1014
f 107 997 1005
f 1014 1005 581
f 115 1014 1022
f 1029 1022 593
f 1014 589 1022
f 112 1005 1014
f 593 598 1029
f 571 1005 997
f 146 571 563
f 120 1022 1029
f 478 486 929
f 478 95 486
f 494 107 502
f 494 486 102
f 107 494 102
f 486 494 936
f 929 936 1366
f 929 486 936
f 942 502 948
f 942 936 494
f 502 942 494
f 936 942 1373
f 107 112 502
f 929 1360 919
f 510 948 502
f 510 112 115
f 510 115 516
f 120 115 1022
f 112 1014 115
f 516 115 120
f 948 952 1389
f 948 510 952
f 516 961 952
f 522 961 516
f 510 516 952
f 952 961 1400
f 522 516 120
f 510 502 112
f 107 1005 112
f 942 948 1380
f 120 1029 126
f 95 89 977
f 598 603 1038
f 598 191 603
f 603 196 608
f 603 608 1048
f 126 1038 131
f 126 1029 1038
f 131 1048 137
f 1048 131 1038
f 1038 603 1048
f 126 131 528
f 608 1056 1048
f 126 522 120
f 1064 1056 618
f 618 1056 608
f 1064 618 625
f 625 215 632
f 208 625 618
f 1072 625 632
f 1064 141 1056
f 1056 141 137
f 144 1064 1072
f 1078 1072 632
f 1064 625 1072
f 151 1072 1078
f 632 640 1078
f 1056 137 1048
f 202 618 608
f 131 137 537
f 522 528 971
f 522 126 528
f 137 547 537
f 537 528 131
f 547 137 141
f 528 537 978
f 971 978 1421
f 971 528 978
f 985 547 995
f 985 978 537
f 547 985 537
f 978 985 1431
f 141 557 547
f 522 971 961
f 557 144 567
f 144 557 141
f 567 151 576
f 151 567 144
f 144 1072 151
f 557 567 1003
f 995 1003 1442
f 995 557 1003
f 1452 1010 1017
f 1010 1003 567
f 576 1010 567
f 1003 1010 1448
f 576 151 160
f 557 995 547
f 141 1064 144
f 985 995 1436
f 151 1078 160
f 1029 598 1038
f 185 598 593
f 961 971 1410
f 1360 1366 260
f 1366 1360 929
f 1373 1366 936
f 1366 1373 269
f 655 260 663
f 655 252 260
f 269 671 663
f 269 663 260
f 260 1366 269
f 655 663 1105
f 269 1373 278
f 260 252 1360
f 1380 1389 286
f 1389 1380 948
f 1400 1410 300
f 1410 1400 961
f 1389 952 1400
f 1389 1400 293
f 671 269 278
f 286 278 1380
f 691 286 293
f 300 293 1400
f 286 1389 293
f 682 278 286
f 698 300 705
f 1380 278 1373
f 1373 942 1380
f 698 293 300
f 1105 1113 1572
f 1105 663 1113
f 1113 671 1120
f 682 671 278
f 663 671 1113
f 1120 671 682
f 2032 1566 1572
f 1566 1105 1572
f 1580 1120 1587
f 1580 1572 1113
f 1120 1580 1113
f 2037 1572 1580
f 682 1129 1120
f 1566 1098 1105
f 1129 691 1137
f 691 1129 682
f 1137 698 1148
f 698 1137 691
f 691 293 698
f 1129 1137 1595
f 2050 1587 1595
f 1587 1129 1595
f 1602 1148 1610
f 1602 1595 1137
f 1148 1602 1137
f 2056 1595 1602
f 1148 698 705
f 1129 1587 1120
f 682 286 691
f 2044 1580 1587
f 300 1410 305
f 1105 1098 655
f 305 1421 311
f 1421 305 1410
f 311 1431 322
f 1431 311 1421
f 1421 978 1431
f 305 311 709
f 705 709 1154
f 705 305 709
f 716 322 722
f 716 709 311
f 322 716 311
f 709 716 1161
f 1431 1436 322
f 305 705 300
f 1436 1442 330
f 1442 1436 995
f 1448 1452 339
f 1452 1448 1010
f 1442 1003 1448
f 1442 1448 334
f 726 722 330
f 722 322 330
f 726 330 334
f 339 334 1448
f 330 1442 334
f 732 334 339
f 339 343 737
f 330 322 1436
f 1431 985 1436
f 716 722 1167
f 1154 1161 1615
f 1154 709 1161
f 1167 1173 1627
f 1167 722 1173
f 716 1167 1161
f 1161 1167 1623
f 2066 1610 1615
f 1615 1610 1154
f 2076 1623 1627
f 1627 1623 1167
f 1615 1161 1623
f 2071 1615 1623
f 1173 1632 1627
f 1610 1148 1154
f 1178 1632 1173
f 1178 726 732
f 1178 732 1184
f 737 732 339
f 726 334 732
f 1184 732 737
f 2082 1632 1637
f 1632 1178 1637
f 1184 1641 1637
f 1189 1641 1184
f 1178 1184 1637
f 2085 1637 1641
f 1184 737 1189
f 1178 1173 726
f 1173 722 726
f 2079 1627 1632
f 339 1452 343
f 1154 1148 705
f 1410 971 1421
f 2061 1602 1610
f 1010 576 1017
f 929 919 478
f 640 646 1085
f 640 230 646
f 646 235 652
f 646 652 1090
f 160 1085 169
f 160 1078 1085
f 169 1090 176
f 1090 169 1085
f 1085 646 1090
f 160 169 585
f 652 1095 1090
f 1085 1078 640
f 1104 1095 659
f 659 1095 652
f 1104 659 667
f 667 257 678
f 250 667 659
f 1112 667 678
f 176 183 596
f 176 1095 183
f 183 1104 190
f 1112 1104 667
f 1095 1104 183
f 190 1104 1112
f 1112 1118 194
f 1095 176 1090
f 242 659 652
f 169 176 591
f 1024 1017 585
f 1017 576 585
f 1024 585 591
f 591 176 596
f 169 591 585
f 1033 591 596
f 1458 1024 1465
f 1024 1458 1017
f 1465 1033 1470
f 1033 1465 1024
f 1024 591 1033
f 1458 1465 347
f 596 1041 1033
f 1458 343 1452
f 600 190 606
f 600 596 183
f 1059 606 611
f 194 606 190
f 190 1112 194
f 600 606 1050
f 1479 1470 1041
f 1041 1470 1033
f 1479 1041 1050
f 1059 1050 606
f 1041 600 1050
f 1059 1487 1050
f 606 194 611
f 600 1041 596
f 600 183 190
f 1465 1470 349
f 1112 678 1118
f 585 576 160
f 1125 1118 687
f 687 1118 678
f 1125 687 693
f 693 276 700
f 270 693 687
f 1131 693 700
f 198 1125 203
f 1125 198 1118
f 203 1131 205
f 1131 203 1125
f 1125 693 1131
f 198 203 617
f 700 1140 1131
f 198 611 194
f 1149 1140 704
f 704 1140 700
f 1149 704 708
f 708 290 711
f 285 708 704
f 1153 708 711
f 1149 209 1140
f 1140 209 205
f 217 1149 1153
f 1158 1153 711
f 1149 708 1153
f 224 1153 1158
f 711 714 1158
f 1140 205 1131
f 282 704 700
f 203 205 623
f 611 617 1063
f 611 198 617
f 205 628 623
f 623 617 203
f 628 205 209
f 617 623 1069
f 1497 1059 1063
f 1063 617 1069
f 1074 628 1081
f 1074 1069 623
f 628 1074 623
f 1507 1063 1069
f 209 634 628
f 611 1063 1059
f 634 217 639
f 217 634 209
f 639 224 644
f 224 639 217
f 217 1153 224
f 634 639 1084
f 1521 1074 1081
f 1081 634 1084
f 13 1088 1091
f 1088 1084 639
f 644 1088 639
f 1531 1081 1084
f 644 224 228
f 634 1081 628
f 209 1149 217
f 1515 1069 1074
f 1091 1088 644
f 198 194 1118
f 265 687 678
f 1538 1084 1088
f 343 347 742
f 343 1458 347
f 347 1465 349
f 347 349 746
f 742 746 1194
f 742 347 746
f 753 351 759
f 753 746 349
f 351 753 349
f 746 753 1196
f 1470 351 349
f 742 1189 737
f 1479 1487 354
f 1487 1479 1050
f 1497 1507 361
f 1507 1497 1063
f 1487 1059 1497
f 1487 1497 358
f 767 759 354
f 759 351 354
f 767 354 358
f 361 358 1497
f 354 1487 358
f 770 358 361
f 361 368 777
f 354 351 1479
f 351 1470 1479
f 753 759 1200
f 1189 1194 1645
f 1189 742 1194
f 1196 1200 1653
f 1196 753 1200
f 746 1196 1194
f 1194 1196 1649
f 2092 1645 1649
f 1649 1645 1194
f 2099 1653 1658
f 1658 1653 1200
f 1649 1196 1653
f 2095 1649 1653
f 1200 1208 1658
f 1189 1645 1641
f 1213 1208 767
f 1208 1200 759
f 1213 767 770
f 777 770 361
f 767 358 770
f 1220 770 777
f 1664 1213 1670
f 1213 1664 1208
f 1670 1220 1676
f 1220 1670 1213
f 1213 770 1220
f 2110 1664 1670
f 777 1226 1220
f 1208 1664 1658
f 759 767 1208
f 2106 1658 1664
f 361 1507 368
f 742 737 343
f 368 1515 373
f 1515 368 1507
f 373 1521 376
f 1521 373 1515
f 1515 1074 1521
f 368 373 784
f 1233 1226 784
f 1226 777 784
f 791 376 799
f 791 784 373
f 373 376 791
f 791 1233 784
f 1521 1531 376
f 1226 1676 1220
f 381 799 376
f 381 1531 1538
f 381 1538 385
f 13 1538 1088
f 1531 1084 1538
f 385 1538 13
f 1239 791 799
f 799 381 805
f 385 810 805
f 386 810 385
f 381 385 805
f 1243 799 805
f 1247 810 1252
f 381 376 1531
f 1521 1081 1531
f 1247 805 810
f 1676 1226 1683
f 1683 1226 1233
f 1694 1233 1239
f 1243 1239 799
f 1233 791 1239
f 1699 1239 1243
f 1694 2120 1683
f 1694 1683 1233
f 1694 1699 2122
f 1705 3108 1699
f 1694 1239 1699
f 2117 1676 1683
f 1699 1243 1705
f 2122 1699 3108
f 1705 1247 3107
f 1247 1705 1243
f 1705 3107 7539
f 1252 7537 3107
f 1252 3107 1247
f 7538 3107 7537
f 7541 1705 7540
f 7539 7540 1705
f 7538 7539 3107
f 1705 7541 3108
f 1243 805 1247
f 1670 1676 2114
f 13 386 385
f 777 368 784
f 1507 1069 1515
f 1641 1645 2088
f 228 224 1158
f 1458 1452 1017
f 222 640 632
f 7542 3108 7541
f 2334 2332 2032
f 2332 2024 2032
f 2037 2032 1572
f 2334 2032 2037
f 348 3 352
f 348 2458 3
f 3 6 352
f 2334 6 3
f 3 2332 2334
f 348 352 741
f 2334 2037 2335
f 3 2458 2332
f 2335 2044 2336
f 2335 6 2334
f 2336 2050 2337
f 2050 2336 2044
f 2044 1587 2050
f 2335 2336 8
f 352 6 356
f 6 2335 8
f 363 359 12
f 12 8 2336
f 2337 12 2336
f 356 6 8
f 2050 2056 2337
f 2335 2037 2044
f 2037 1580 2044
f 359 8 12
f 1126 741 1134
f 1126 735 741
f 1541 1134 1144
f 748 1134 741
f 352 748 741
f 1126 1134 1537
f 1932 1537 1937
f 1932 1529 1537
f 1941 1937 1541
f 1541 1937 1537
f 1537 1134 1541
f 1932 1937 2020
f 1134 748 1144
f 1537 1529 1126
f 756 1144 748
f 756 356 359
f 359 764 756
f 363 764 359
f 356 8 359
f 756 764 1151
f 1144 1549 1541
f 1549 1144 1151
f 1151 1555 1549
f 1159 1555 1151
f 1144 756 1151
f 1941 1541 1549
f 1159 1151 764
f 756 748 356
f 352 356 748
f 1555 1949 1549
f 18 12 2337
f 741 735 348
f 2056 2061 2342
f 2061 2056 1602
f 24 2342 2345
f 2342 18 2337
f 363 18 371
f 363 12 18
f 377 371 24
f 24 371 18
f 18 2342 24
f 363 371 771
f 2342 2061 2345
f 2337 2056 2342
f 2349 2345 2066
f 2066 2345 2061
f 2349 2066 2071
f 2076 2071 1623
f 2066 1615 2071
f 2352 2071 2076
f 31 2349 36
f 2349 31 2345
f 387 36 41
f 2352 36 2349
f 2349 2071 2352
f 377 24 31
f 36 2352 41
f 2345 31 24
f 2061 1610 2066
f 382 31 36
f 1164 1159 771
f 1159 764 771
f 1171 780 788
f 780 771 371
f 371 377 780
f 1164 771 780
f 1564 1164 1570
f 1164 1564 1159
f 1570 1171 1577
f 1171 1570 1164
f 1164 780 1171
f 1956 1555 1564
f 780 377 788
f 1159 1564 1555
f 788 382 797
f 382 788 377
f 1185 797 808
f 387 797 382
f 382 36 387
f 788 797 1177
f 1577 1177 1584
f 1577 1171 1177
f 1986 1584 1592
f 1185 1584 1177
f 1177 797 1185
f 1971 1570 1577
f 808 797 387
f 1177 1171 788
f 377 31 382
f 1965 1564 1570
f 1592 1584 1185
f 771 764 363
f 2050 1595 2056
f 1980 1577 1584
f 1937 2026 2020
f 2026 1937 1941
f 1967 1961 2026
f 2020 2026 1961
f 2275 2445 2271
f 2275 1957 1961
f 1961 2281 2275
f 1967 2281 1961
f 1957 2020 1961
f 2446 2275 2281
f 2026 1941 2031
f 1957 2016 2020
f 1972 1967 2031
f 1967 2026 2031
f 1949 2038 2031
f 2038 1949 1956
f 1941 1949 2031
f 1972 2031 2038
f 2284 1972 2290
f 1972 2284 1967
f 2284 2290 2448
f 3166 3115 2290
f 2290 1972 1976
f 2281 2284 2447
f 1976 1972 2038
f 1967 2284 2281
f 1941 1549 1949
f 2290 3115 2448
f 3069 7611 3070
f 3069 2445 2446
f 2446 3114 3069
f 3114 2446 2447
f 2445 2275 2446
f 3069 3114 7608
f 7611 3069 7610
f 7609 7610 3069
f 7608 7609 3069
f 3114 7607 7608
f 3069 3070 2445
f 7604 2447 2448
f 2448 2447 2284
f 7602 7603 2448
f 2448 3115 7602
f 7604 2448 7603
f 3114 7606 7607
f 7605 7606 2447
f 7604 7605 2447
f 7606 3114 2447
f 2446 2281 2447
f 3115 7601 7602
f 2275 2271 1957
f 2045 1976 2038
f 2045 1956 1965
f 2045 1965 2052
f 1971 1965 1570
f 1956 1564 1965
f 2052 1965 1971
f 2293 1976 1985
f 1976 2045 1985
f 2052 1993 1985
f 2058 1993 2052
f 2045 2052 1985
f 2310 1985 1993
f 2052 1971 2058
f 2290 1976 2293
f 2058 1980 2062
f 1980 2058 1971
f 2007 2062 2068
f 1986 2062 1980
f 1980 1584 1986
f 2058 2062 1999
f 7591 3110 1999
f 3110 1993 1999
f 1999 2007 7590
f 7587 7588 2007
f 1999 2062 2007
f 7588 7589 2007
f 1986 2068 2062
f 1999 1993 2058
f 1971 1577 1980
f 3110 2310 1993
f 7598 3166 2293
f 3115 3166 7600
f 7597 2310 7596
f 2310 7597 2293
f 1985 2310 2293
f 7598 2293 7597
f 3115 7600 7601
f 7599 7600 3166
f 7598 7599 3166
f 2290 2293 3166
f 3110 7592 7593
f 3110 7591 7592
f 7593 7594 3110
f 7596 2310 7595
f 2310 7594 7595
f 7594 2310 3110
f 1999 7590 7591
f 7589 7590 2007
f 2038 1956 2045
f 1949 1555 1956
f 2076 2357 2352
f 2020 2016 1932
f 2079 2082 2364
f 2082 2079 1632
f 2085 2082 1637
f 2082 2085 2368
f 2357 2364 46
f 2364 2357 2079
f 2368 2372 58
f 2372 2368 2085
f 2364 2082 2368
f 2364 2368 52
f 2085 2088 2372
f 2357 41 2352
f 2088 2092 2376
f 2092 2088 1645
f 2095 2099 2172
f 2099 2095 1653
f 2092 1649 2095
f 2092 2095 2381
f 2376 2381 67
f 2381 2376 2092
f 2172 2178 73
f 2178 2172 2099
f 2381 2095 2172
f 2381 2172 71
f 2099 2106 2178
f 2088 2376 2372
f 2085 1641 2088
f 2372 2376 63
f 41 46 392
f 46 41 2357
f 52 58 403
f 58 52 2368
f 46 2364 52
f 46 52 398
f 817 392 398
f 398 392 46
f 826 403 408
f 408 403 58
f 398 52 403
f 821 398 403
f 58 63 408
f 392 808 387
f 63 67 415
f 67 63 2376
f 71 73 425
f 73 71 2172
f 67 2381 71
f 67 71 420
f 836 415 420
f 420 415 67
f 847 425 431
f 431 425 73
f 420 71 425
f 841 420 425
f 431 73 76
f 63 415 408
f 58 2372 63
f 832 408 415
f 73 2178 76
f 2357 2076 2079
f 2106 2110 2182
f 2110 2106 1664
f 2114 2117 2192
f 2117 2114 1676
f 2110 1670 2114
f 2110 2114 2188
f 2182 2188 79
f 2188 2182 2110
f 2192 2194 3105
f 2194 2192 2117
f 2188 2114 2192
f 2188 2192 82
f 2117 2120 2194
f 2182 76 2178
f 3109 2120 2122
f 2122 2120 1694
f 7543 2122 3108
f 3108 7542 7543
f 7544 2122 7543
f 2194 3109 7548
f 3109 2122 7546
f 7546 2122 7545
f 2122 7544 7545
f 2120 3109 2194
f 2117 1683 2120
f 7547 3109 7546
f 436 76 79
f 76 2182 79
f 3106 82 7554
f 82 3106 79
f 2188 82 79
f 436 79 3106
f 431 436 3116
f 7557 436 3106
f 7556 3106 7555
f 3106 7554 7555
f 82 7553 7554
f 76 436 431
f 2194 7550 3105
f 2194 7549 7550
f 7549 2194 7548
f 3105 82 2192
f 82 7552 7553
f 7551 7552 3105
f 7550 7551 3105
f 7552 82 3105
f 7547 7548 3109
f 2182 2178 2106
f 2099 1658 2106
f 3106 7556 7557
f 808 817 1195
f 808 392 817
f 1195 817 1199
f 1195 1592 1185
f 2401 2068 1986
f 2401 1592 1600
f 1600 1199 1607
f 1600 1592 1195
f 1195 1199 1600
f 2401 1600 2407
f 817 821 1199
f 1195 1185 808
f 1607 2407 1600
f 1199 1203 1607
f 1614 1203 1211
f 826 1203 821
f 403 826 821
f 1607 1203 1614
f 2407 2417 3112
f 2407 1607 2417
f 1614 3113 2417
f 3165 3113 1614
f 1607 1614 2417
f 2417 3113 7576
f 1211 1203 826
f 1199 821 1203
f 398 821 817
f 2401 2407 2073
f 3111 7587 2007
f 3111 2068 2073
f 3111 2073 7585
f 7583 2073 7582
f 2401 2073 2068
f 7584 2073 7583
f 7587 3111 7586
f 7585 7586 3111
f 7584 7585 2073
f 3111 2007 2068
f 2417 7579 3112
f 2417 7578 7579
f 7578 2417 7577
f 2417 7576 7577
f 7582 3112 7581
f 7581 3112 7580
f 3112 7579 7580
f 3112 7582 2073
f 2407 3112 2073
f 3113 7575 7576
f 2401 1986 1592
f 832 836 1217
f 832 415 836
f 841 847 1231
f 841 425 847
f 420 841 836
f 836 841 1223
f 1211 1217 1620
f 1217 1211 832
f 1223 1231 7566
f 1231 1223 841
f 1217 836 1223
f 1217 1223 1626
f 1231 847 7563
f 832 1211 826
f 7560 3156 3116
f 3156 847 431
f 7559 436 7558
f 436 7557 7558
f 3116 436 7559
f 7562 3156 7561
f 7561 3156 7560
f 3116 7559 7560
f 847 3156 7563
f 826 408 832
f 7562 7563 3156
f 7572 3165 1620
f 3113 3165 7574
f 7571 1626 7570
f 1626 7571 1620
f 1217 1626 1620
f 7572 1620 7571
f 3113 7574 7575
f 7573 7574 3165
f 7572 7573 3165
f 1614 1620 3165
f 1223 7566 7567
f 7566 1231 7565
f 7568 1223 7567
f 7570 1626 7569
f 7569 1626 7568
f 7568 1626 1223
f 1231 7564 7565
f 7563 7564 1231
f 1614 1211 1620
f 3116 3156 431
f 392 387 41
f 2076 1627 2079
f 2032 2024 1566
f 714 718 1162
f 714 298 718
f 718 302 720
f 718 720 1165
f 228 1162 233
f 228 1158 1162
f 233 1165 238
f 1165 233 1162
f 1162 718 1165
f 228 233 647
f 720 1168 1165
f 1162 1158 714
f 723 309 725
f 723 720 306
f 1172 725 727
f 313 725 309
f 309 2783 313
f 723 725 1169
f 240 238 1168
f 1168 238 1165
f 240 1168 1169
f 1172 1169 725
f 1168 723 1169
f 244 1169 1172
f 725 313 727
f 723 1168 720
f 711 295 714
f 233 238 651
f 1094 1091 647
f 1091 644 647
f 1094 647 651
f 651 238 654
f 233 651 647
f 1096 651 654
f 17 1094 21
f 1094 17 1091
f 21 1096 26
f 1096 21 1094
f 1094 651 1096
f 17 21 390
f 654 1099 1096
f 17 386 13
f 657 1099 654
f 657 240 244
f 244 662 657
f 247 662 244
f 240 1169 244
f 657 662 1102
f 26 1099 28
f 26 1096 1099
f 28 1102 32
f 1102 28 1099
f 1099 657 1102
f 26 28 395
f 662 1107 1102
f 654 240 657
f 240 654 238
f 21 26 391
f 244 1172 247
f 647 644 228
f 728 727 315
f 315 727 313
f 316 315 2791
f 728 315 316
f 1174 728 1176
f 728 1174 727
f 1176 730 1180
f 730 1176 728
f 728 316 730
f 1174 1176 251
f 316 318 730
f 1174 247 1172
f 731 1180 730
f 731 318 319
f 731 319 733
f 320 319 2799
f 318 2796 319
f 733 319 320
f 1180 1181 259
f 1180 731 1181
f 733 1182 1181
f 734 1182 733
f 731 733 1181
f 1181 1182 261
f 733 320 734
f 731 730 318
f 316 2792 318
f 1176 1180 255
f 666 1107 662
f 666 247 251
f 666 251 670
f 255 251 1176
f 247 1174 251
f 670 251 255
f 34 32 1107
f 32 1102 1107
f 1110 670 1116
f 1110 1107 666
f 666 670 1110
f 1110 34 1107
f 255 676 670
f 247 666 662
f 676 259 681
f 259 676 255
f 681 261 685
f 261 681 259
f 259 1181 261
f 676 681 1119
f 38 1110 1116
f 1116 676 1119
f 47 44 1123
f 1123 1119 681
f 685 1123 681
f 40 1116 1119
f 685 261 264
f 676 1116 670
f 255 1180 259
f 44 1119 1123
f 261 1182 264
f 1172 727 1174
f 313 2786 315
f 28 32 399
f 386 390 813
f 386 17 390
f 813 390 816
f 813 1252 810
f 7534 7535 813
f 7535 1252 813
f 7533 816 3117
f 7533 7534 813
f 816 7533 813
f 390 391 816
f 813 810 386
f 819 3117 816
f 819 391 395
f 819 395 822
f 395 28 399
f 26 395 391
f 822 395 399
f 7533 3117 7532
f 3117 819 1260
f 1260 822 1264
f 824 822 399
f 819 822 1260
f 1264 822 824
f 399 402 824
f 819 816 391
f 21 391 390
f 3117 1260 7531
f 7535 7536 1252
f 7531 1260 7530
f 7530 1260 7529
f 7527 7528 1733
f 1260 7528 7529
f 7532 3117 7531
f 1733 1264 1737
f 1260 1733 7528
f 3118 1737 3157
f 1737 3118 1733
f 1737 1264 1267
f 1733 3118 7526
f 7526 3118 7525
f 7523 7524 3157
f 3157 7524 7525
f 3118 3157 7525
f 1737 2135 3157
f 1733 7526 7527
f 1733 1260 1264
f 1264 824 1267
f 1252 7536 7537
f 402 34 405
f 402 399 32
f 831 405 409
f 38 405 34
f 34 1110 38
f 402 405 828
f 1267 828 1271
f 1267 824 828
f 1271 831 1275
f 831 1271 828
f 828 405 831
f 1267 1271 1740
f 405 38 409
f 1737 1267 1740
f 409 40 413
f 40 409 38
f 413 44 418
f 44 413 40
f 40 1119 44
f 409 413 833
f 1280 1275 833
f 1275 831 833
f 1286 837 840
f 837 833 413
f 413 418 837
f 1280 833 837
f 418 44 47
f 833 831 409
f 38 1116 40
f 1271 1275 1742
f 2135 1740 2139
f 2135 1737 1740
f 2139 1742 2142
f 1742 2139 1740
f 1271 1742 1740
f 2135 2139 2227
f 7523 3157 3119
f 3119 2135 2227
f 2232 2142 2236
f 2232 2227 2139
f 2142 2232 2139
f 2227 2232 118
f 1742 1745 2142
f 3119 3157 2135
f 1745 1280 1749
f 1745 1742 1275
f 2149 1749 1752
f 1286 1749 1280
f 1280 837 1286
f 1745 1749 2146
f 2236 2146 2242
f 2236 2142 2146
f 2242 2149 2245
f 2149 2242 2146
f 2146 1749 2149
f 2236 2242 125
f 1752 1749 1286
f 2146 2142 1745
f 1280 1745 1275
f 2232 2236 122
f 840 837 418
f 824 402 828
f 34 402 32
f 7521 3119 2227
f 685 1127 1123
f 17 13 1091
f 736 734 324
f 324 734 320
f 325 324 2803
f 736 324 325
f 267 264 1186
f 264 1182 1186
f 736 1187 1186
f 738 1187 736
f 1186 734 736
f 1187 267 1186
f 736 325 738
f 685 264 688
f 740 738 326
f 326 738 325
f 740 326 3121
f 3121 326 7368
f 7369 7370 3121
f 740 3121 7370
f 1190 740 1191
f 740 1190 738
f 7373 1191 3122
f 3122 1191 740
f 740 7370 3122
f 271 1187 1190
f 274 1191 279
f 738 1190 1187
f 325 2806 326
f 274 1190 1191
f 1130 1127 688
f 1127 685 688
f 267 692 688
f 692 267 271
f 688 264 267
f 1130 688 692
f 421 47 50
f 47 1127 50
f 1130 54 50
f 1133 54 1130
f 1127 1130 50
f 424 50 54
f 1130 692 1133
f 47 1123 1127
f 695 1133 692
f 695 271 274
f 274 697 695
f 279 697 274
f 271 1190 274
f 695 697 1138
f 1133 56 54
f 56 1133 1138
f 1138 60 56
f 1142 60 1138
f 1133 695 1138
f 429 56 60
f 1142 1138 697
f 695 692 271
f 267 1187 271
f 427 54 56
f 7370 7371 3122
f 1182 734 1186
f 7372 7373 3122
f 7373 3123 1191
f 7374 3123 7373
f 3124 279 7377
f 279 1191 3123
f 3125 702 3124
f 3124 702 279
f 7377 279 3123
f 702 1142 697
f 3123 7374 7375
f 3122 7371 7372
f 3123 7376 7377
f 7378 3124 7377
f 7378 7379 3124
f 7380 3125 3124
f 7380 7381 3125
f 3124 7379 7380
f 7376 3123 7375
f 3125 7381 7382
f 1142 702 1147
f 1147 702 3125
f 3125 7383 3126
f 3125 7382 7383
f 7384 3126 7383
f 62 1147 66
f 1147 62 1142
f 3127 66 3126
f 3126 66 1147
f 1147 3125 3126
f 435 62 66
f 3126 7384 7385
f 1142 62 60
f 3126 7386 3127
f 7386 7387 3127
f 7388 3127 7387
f 3127 7389 7390
f 7389 3127 7388
f 3127 7390 440
f 440 66 3127
f 7386 3126 7385
f 60 62 433
f 702 697 279
f 3128 7390 7391
f 845 840 421
f 840 418 421
f 421 50 424
f 845 421 424
f 1290 845 1299
f 845 1290 840
f 1299 850 1307
f 850 1299 845
f 845 424 850
f 1290 1299 1756
f 424 427 850
f 1290 1752 1286
f 853 1307 850
f 853 427 429
f 853 429 855
f 429 60 433
f 56 429 427
f 855 429 433
f 1307 1314 1767
f 1307 853 1314
f 1314 855 1317
f 858 855 433
f 853 855 1314
f 1317 855 858
f 433 435 858
f 853 850 427
f 54 427 424
f 1299 1307 1762
f 2152 2245 2149
f 2152 1752 1756
f 2152 1756 2156
f 1756 1299 1762
f 1290 1756 1752
f 2156 1756 1762
f 2245 2251 132
f 2245 2152 2251
f 2156 2257 2251
f 2161 2257 2156
f 2152 2156 2251
f 2251 2257 133
f 2156 1762 2161
f 2152 2149 1752
f 2167 2161 1767
f 1767 2161 1762
f 2170 1772 1776
f 1772 1767 1314
f 1762 1307 1767
f 2167 1767 1772
f 2264 2167 2270
f 2167 2264 2161
f 2278 2270 2170
f 2170 2270 2167
f 2167 1772 2170
f 2264 2270 138
f 1776 1772 1317
f 2161 2264 2257
f 1314 1317 1772
f 2257 2264 136
f 1317 858 1321
f 1290 1286 840
f 862 1321 858
f 862 435 440
f 862 440 866
f 440 7390 3128
f 66 440 435
f 866 440 3128
f 1321 1325 1784
f 1321 862 1325
f 866 1328 1325
f 3129 1328 866
f 862 866 1325
f 1325 1328 1788
f 866 3128 7394
f 1321 1776 1317
f 7393 7394 3128
f 866 7394 3129
f 3129 7394 7395
f 3129 7396 7397
f 7396 3129 7395
f 7397 3130 1328
f 7397 1328 3129
f 7393 3128 7392
f 433 62 435
f 3130 7397 7398
f 1776 1784 2175
f 1776 1321 1784
f 1328 1792 1788
f 1788 1784 1325
f 1792 1328 3130
f 1784 1788 2177
f 2287 2175 2177
f 2175 1784 2177
f 2180 1792 2183
f 2180 2177 1788
f 1792 2180 1788
f 2294 2177 2180
f 3130 7399 1792
f 1776 2175 2170
f 7400 7401 1792
f 7401 2183 1792
f 7402 2183 7401
f 2180 2183 2298
f 2183 7402 3131
f 7403 7404 3131
f 7402 7403 3131
f 3131 7404 3159
f 7400 1792 7399
f 3130 7398 7399
f 2170 2175 2278
f 858 435 862
f 7391 7392 3128
f 2183 3131 2298
f 421 418 47
f 320 2800 324
f 2242 2245 128
f 7523 3119 7522
f 7522 3119 7521
f 7519 7520 118
f 7518 118 3120
f 118 7518 7519
f 7521 2227 7520
f 2227 118 7520
f 122 125 491
f 118 2232 122
f 128 132 500
f 132 128 2245
f 2236 125 122
f 125 128 496
f 7518 3120 7517
f 3158 3120 122
f 496 500 885
f 491 125 496
f 128 500 496
f 491 496 884
f 885 500 887
f 122 3120 118
f 2242 128 125
f 491 3158 122
f 7516 7517 3158
f 7516 3158 7515
f 3158 491 3133
f 7517 3120 3158
f 7515 3158 3133
f 7515 3133 7514
f 884 7512 7513
f 3133 7513 7514
f 7513 3133 884
f 1291 7511 7512
f 1291 884 885
f 885 1295 1291
f 887 1295 885
f 491 884 3133
f 1291 1295 3134
f 7511 1291 7510
f 7508 7509 3134
f 7509 7510 1291
f 3134 7509 1291
f 3134 1295 3167
f 1291 7512 884
f 496 885 884
f 500 132 503
f 508 503 133
f 133 503 132
f 133 2257 136
f 508 133 136
f 887 892 1300
f 887 503 892
f 892 508 896
f 512 508 136
f 503 508 892
f 512 896 508
f 136 138 512
f 503 887 500
f 138 143 517
f 138 2270 143
f 143 2278 147
f 2287 2278 2175
f 136 2264 138
f 147 2278 2287
f 901 512 517
f 517 143 523
f 147 529 523
f 155 529 147
f 143 147 523
f 907 517 523
f 147 2287 155
f 138 517 512
f 132 2251 133
f 914 523 529
f 1300 1306 1689
f 1300 892 1306
f 1306 896 1312
f 901 896 512
f 892 896 1306
f 1312 896 901
f 1686 1689 2496
f 1686 1300 1689
f 1695 1312 1702
f 1695 1689 1306
f 1312 1695 1306
f 1689 1695 2505
f 901 1318 1312
f 1686 1295 1300
f 1318 907 1323
f 1318 1702 1312
f 1323 914 1330
f 914 1323 907
f 907 523 914
f 1318 1323 1709
f 1702 1709 2527
f 1702 1318 1709
f 2562 1716 1725
f 1716 1709 1323
f 1330 1716 1323
f 1709 1716 2537
f 1330 914 921
f 1318 901 907
f 901 517 907
f 1695 1702 2514
f 914 529 921
f 1300 1295 887
f 143 2270 2278
f 1686 3167 1295
f 3134 7507 7508
f 7507 3134 3167
f 7507 3167 7506
f 7505 7506 3167
f 3135 7503 7504
f 7504 7505 3135
f 3135 7505 3167
f 2496 7502 7503
f 3167 1686 3135
f 2505 2514 2157
f 1686 2496 3135
f 2505 2496 1689
f 2496 2505 2153
f 7501 7502 2153
f 7501 2153 7500
f 2157 2153 2505
f 7502 2496 2153
f 2101 2153 2157
f 2157 2160 2104
f 2496 7503 3135
f 2514 2505 1695
f 7499 7500 2101
f 7498 2101 7497
f 2101 7498 7499
f 2153 2101 7500
f 3136 7496 7497
f 3136 7495 7496
f 7495 3136 7494
f 2101 3136 7497
f 7494 3145 7493
f 3145 7494 3136
f 3136 2354 3145
f 2104 2354 3136
f 3136 2101 2104
f 7493 3145 7492
f 7491 7492 3145
f 3140 7490 7491
f 7490 3140 7489
f 2405 7491 3145
f 2157 2104 2101
f 2160 2157 2514
f 2160 2527 2164
f 2527 2160 2514
f 2358 2108 2111
f 2164 2108 2160
f 2527 2537 2164
f 2108 2354 2104
f 7489 3140 7488
f 7491 2405 3140
f 2355 3140 2405
f 2358 2405 2354
f 2354 2108 2358
f 2406 2405 2358
f 2108 2164 2111
f 2405 3145 2354
f 2168 2164 2537
f 2164 2168 2111
f 2116 2168 2173
f 2562 2168 2537
f 1709 2537 2527
f 2111 2168 2116
f 2406 2362 2408
f 2406 2358 2362
f 2362 2367 2408
f 2367 2362 2116
f 2362 2111 2116
f 2355 2405 2406
f 2168 2562 2173
f 2362 2358 2111
f 1702 2527 2514
f 2359 2406 2408
f 7488 3140 7487
f 7486 2355 7485
f 7486 7487 3140
f 2355 7486 3140
f 7485 2355 7484
f 2460 7483 7484
f 2460 7482 7483
f 2460 7484 2355
f 7481 2460 3141
f 2460 7481 7482
f 2460 2461 3141
f 2461 2460 2359
f 2460 2355 2359
f 7481 3141 7480
f 7480 3141 7479
f 7478 7479 3141
f 7477 7478 3141
f 3141 2453 7477
f 2355 2406 2359
f 2363 2359 2408
f 2104 2160 2108
f 1716 2562 2537
f 1716 1330 1725
f 161 155 2294
f 2294 155 2287
f 2298 2294 2180
f 161 2294 2298
f 921 539 926
f 921 529 539
f 539 546 926
f 161 546 539
f 539 155 161
f 921 926 1333
f 161 2298 165
f 1330 921 1333
f 165 3159 3132
f 3159 165 2298
f 7410 552 3132
f 3159 7407 3132
f 2298 3131 3159
f 165 3132 552
f 546 931 926
f 931 546 552
f 552 3137 931
f 7412 3137 552
f 546 165 552
f 931 3137 1338
f 1338 3137 7418
f 165 546 161
f 7404 7405 3159
f 926 931 1335
f 1725 1333 1729
f 1725 1330 1333
f 2606 2587 1729
f 1335 1729 1333
f 1333 926 1335
f 1725 1729 2587
f 2173 2587 2179
f 2173 2562 2587
f 2123 2179 2124
f 2179 2123 2173
f 2179 2587 2606
f 2123 2367 2116
f 1729 1335 1735
f 2116 2173 2123
f 2625 2606 1735
f 1735 2606 1729
f 1338 3138 1735
f 7424 3138 1338
f 1735 1335 1338
f 2625 1735 3138
f 2124 2185 2128
f 2179 2185 2124
f 2185 2189 2128
f 2625 2189 2185
f 2606 2625 2185
f 2378 2124 2128
f 2625 3138 7428
f 2185 2179 2606
f 1335 931 1338
f 2373 2123 2124
f 7405 7406 3159
f 2562 1725 2587
f 7407 7408 3132
f 7409 3132 7408
f 3132 7409 7410
f 7412 552 7411
f 7413 3137 7412
f 552 7410 7411
f 7414 3137 7413
f 7416 7417 3137
f 7418 3137 7417
f 3137 7415 7416
f 7420 1338 7419
f 1338 7418 7419
f 7420 7421 1338
f 7415 3137 7414
f 7421 7422 1338
f 7424 1338 7423
f 7426 3138 7425
f 7425 3138 7424
f 2189 3139 2128
f 7433 3139 2189
f 7428 3138 7427
f 7426 7427 3138
f 2625 7428 7429
f 1338 7422 7423
f 7430 2625 7429
f 7430 7431 2189
f 7430 2189 2625
f 7432 7433 2189
f 7434 7435 3139
f 7433 7434 3139
f 7431 7432 2189
f 2128 3139 2384
f 7406 7407 3159
f 3139 7435 2384
f 2367 2373 2409
f 2367 2123 2373
f 2369 2363 2409
f 2409 2363 2408
f 2461 2363 2462
f 2461 2359 2363
f 2453 2462 2454
f 2462 2453 2461
f 2462 2363 2369
f 2453 7476 7477
f 2409 2373 2412
f 2367 2409 2408
f 2369 2412 2374
f 2412 2369 2409
f 2412 2414 2374
f 2374 2465 2464
f 2412 2373 2378
f 2369 2374 2464
f 2454 2464 3142
f 2454 2462 2464
f 2454 3142 7467
f 3160 3142 2464
f 3142 3160 7460
f 2453 2454 7474
f 2414 2412 2378
f 2464 2462 2369
f 2124 2378 2373
f 7460 7461 3142
f 7475 7476 2453
f 7469 7470 2454
f 2454 7470 7471
f 2454 7471 7472
f 2453 7474 7475
f 2454 7473 7474
f 7472 7473 2454
f 7464 7465 3142
f 7464 3142 7463
f 7465 7466 3142
f 7468 2454 7467
f 7467 3142 7466
f 2454 7468 7469
f 3142 7462 7463
f 3142 7461 7462
f 2453 3141 2461
f 2384 7436 7437
f 2384 2378 2128
f 7437 7438 2384
f 2384 7438 3143
f 2379 2465 2374
f 2379 2414 3161
f 3143 3161 2414
f 7440 3161 3143
f 2414 2384 3143
f 2379 3161 7443
f 3143 7438 7439
f 2384 2414 2378
f 7441 3161 7440
f 7442 3161 7441
f 7442 7443 3161
f 7445 3144 2379
f 7445 2379 7444
f 7443 7444 2379
f 7440 3143 7439
f 3144 7445 7446
f 7454 3160 7453
f 3160 2464 2465
f 7454 7455 3160
f 3160 2465 7452
f 3160 7455 7456
f 7459 3160 7458
f 7457 7458 3160
f 7456 7457 3160
f 3160 7459 7460
f 3144 7449 7450
f 7449 3144 7448
f 7447 7448 3144
f 3144 7446 7447
f 3160 7452 7453
f 7452 2465 7451
f 7450 7451 3144
f 2465 3144 7451
f 2465 2379 3144
f 2374 2414 2379
f 2384 7435 7436
f 529 155 539
f 2287 2177 2294
f 723 306 309
f 551 542 134
f 7043 6166 7044
f 7044 6166 7045
f 7040 5303 7041
f 7042 7041 5303
f 7042 6166 7043
f 5303 6166 7042
f 5048 7045 6166
f 7047 6165 7048
f 7049 7048 6165
f 6165 7050 7049
f 5048 7046 7045
f 7047 7046 5048
f 5054 6165 5048
f 5054 4724 6165
f 6165 7047 5048
f 5048 6166 5305
f 7050 6165 4724
f 5048 5307 5054
f 7035 6169 7036
f 7036 6169 7037
f 6169 5505 7037
f 7032 3315 7033
f 7034 7033 3315
f 7034 6169 7035
f 6169 7034 3315
f 7038 7037 5505
f 5505 5303 7038
f 7040 7039 5303
f 5307 5305 5507
f 6166 5303 5305
f 5307 5048 5305
f 5305 5303 5506
f 5505 6169 3317
f 5505 5506 5303
f 3324 5507 5506
f 5507 5508 5307
f 5305 5506 5507
f 5505 3319 5506
f 5307 5508 5310
f 7038 5303 7039
f 3325 5508 5507
f 5054 5307 5310
f 7055 5389 7056
f 5389 6167 7056
f 7052 6164 7053
f 5389 7054 7053
f 7054 5389 7055
f 7053 6164 5389
f 7057 7056 6167
f 7059 4930 7060
f 7060 4930 7061
f 7061 4930 7062
f 6167 7058 7057
f 7059 7058 6167
f 5395 4736 5405
f 5395 4930 6167
f 4930 7059 6167
f 5395 6167 5389
f 6168 7062 4930
f 5395 5389 4732
f 5054 5056 4724
f 7051 4724 6164
f 4728 6164 4724
f 5389 6164 4728
f 6164 7052 7051
f 4728 4724 5056
f 5056 5310 5312
f 5054 5310 5056
f 5312 5510 5511
f 5510 5312 5310
f 5056 5312 5060
f 5510 5310 5508
f 4728 5056 5060
f 7050 4724 7051
f 4732 5060 5065
f 5060 4732 4728
f 5065 5317 5071
f 5065 4736 4732
f 4732 5389 4728
f 5065 5060 5315
f 5315 5511 5513
f 5312 5511 5315
f 5513 3339 5514
f 5513 5317 5315
f 5065 5315 5317
f 5510 3334 5511
f 4736 5065 5071
f 5312 5315 5060
f 4732 4736 5395
f 5508 3330 5510
f 4930 5395 5405
f 5511 3337 5513
f 7025 3605 7026
f 3605 7025 7024
f 6173 7022 7021
f 7023 3918 7024
f 6173 7023 7022
f 7026 3605 7027
f 7029 6170 7030
f 7031 7030 6170
f 7032 7031 3315
f 6170 3315 7031
f 3605 7028 7027
f 7028 3605 6170
f 3608 6170 3605
f 6170 3608 3315
f 7029 7028 6170
f 3605 7024 3918
f 3610 3608 3925
f 3605 3922 3608
f 7018 7017 4267
f 4267 7019 7018
f 7019 4267 6173
f 4267 7017 7016
f 7015 7014 4620
f 7016 7015 4620
f 7014 7013 6171
f 4267 7016 4620
f 6173 7021 7020
f 3918 7023 6173
f 3925 3922 4275
f 3605 3918 3922
f 3925 3608 3922
f 3922 3918 4273
f 4267 4268 6173
f 3918 6173 4268
f 4268 4626 4273
f 3918 4268 4273
f 4275 3922 4273
f 4267 4622 4268
f 4278 3925 4275
f 7019 6173 7020
f 4628 4275 4273
f 3315 3608 3610
f 3319 3317 3612
f 6169 3315 3317
f 3325 3324 3615
f 5506 3319 3324
f 3319 5505 3317
f 3324 3319 3613
f 3612 3610 3929
f 3610 3612 3317
f 3615 3613 3936
f 3613 3615 3324
f 3319 3612 3613
f 3613 3612 3932
f 3616 3325 3615
f 3610 3317 3315
f 3334 3330 3618
f 5508 3325 3330
f 3339 3337 3621
f 5511 3334 3337
f 3334 5510 3330
f 3337 3334 3619
f 3618 3616 3943
f 3616 3618 3330
f 3621 3619 3950
f 3619 3621 3337
f 3334 3618 3619
f 3619 3618 3948
f 3624 3621 3954
f 3616 3330 3325
f 3325 5507 3324
f 3616 3615 3941
f 3932 3929 4281
f 3929 3932 3612
f 3941 3936 4288
f 3936 3941 3615
f 3613 3932 3936
f 3936 3932 4284
f 4275 4631 4278
f 4278 4281 3929
f 4281 4638 4284
f 4284 4288 3936
f 3932 4281 4284
f 4278 4634 4281
f 4291 3941 4288
f 3925 4278 3929
f 3948 3943 4295
f 3943 3948 3618
f 3954 3950 4303
f 3950 3954 3621
f 3619 3948 3950
f 3950 3948 4299
f 4288 4647 4291
f 4291 4295 3943
f 4295 4657 4299
f 4299 4303 3950
f 3948 4295 4299
f 4291 4653 4295
f 4308 3954 4303
f 4291 3943 3941
f 3616 3941 3943
f 4284 4643 4288
f 3339 3621 3624
f 3925 3929 3610
f 3339 5513 3337
f 4660 4303 4299
f 5317 5513 5514
f 4644 7070 7069
f 7070 6313 7071
f 7069 7068 4639
f 7067 4639 7068
f 7066 4639 7067
f 7072 7071 6313
f 7074 6163 7075
f 7076 7075 4371
f 6187 7076 4371
f 7073 6313 6163
f 6313 7073 7072
f 4371 6163 4648
f 7073 6163 7074
f 4371 7075 6163
f 6163 6313 4648
f 4371 4648 4651
f 7070 4644 6313
f 7063 6168 7064
f 7065 7064 6168
f 7066 7065 4639
f 6168 4639 7065
f 6168 4930 4933
f 4933 4930 5405
f 5416 5405 4740
f 5416 4933 5405
f 4639 6168 4933
f 5071 4740 4736
f 4639 4933 4937
f 4736 4740 5405
f 4644 4937 4942
f 4937 4644 4639
f 4648 4942 4946
f 4942 4648 4644
f 4644 7069 4639
f 4942 4937 5429
f 5416 4740 4743
f 4937 5416 5429
f 4946 5440 5452
f 5429 5440 4942
f 5440 4946 4942
f 5416 4743 5429
f 4648 4946 4651
f 5416 4937 4933
f 4648 6313 4644
f 4748 5440 5429
f 7076 6187 7077
f 7080 4124 7081
f 7081 4124 4127
f 7082 7081 4127
f 4371 4373 6187
f 7078 6187 7079
f 4124 7079 6187
f 7079 4124 7080
f 6187 4373 4124
f 7083 7082 4127
f 7084 6188 7085
f 7085 3906 7086
f 7086 3906 7087
f 6188 4127 4130
f 7083 4127 6188
f 4130 4383 4133
f 4130 3906 6188
f 7085 6188 3906
f 4124 4377 4127
f 7088 7087 3906
f 7083 6188 7084
f 4127 4379 4130
f 4373 4651 4655
f 4371 4651 4373
f 4655 4953 4659
f 4655 4377 4373
f 4124 4373 4377
f 4655 4651 4950
f 4950 5452 5555
f 4946 5452 4950
f 4953 5555 5559
f 5555 4953 4950
f 4655 4950 4953
f 5440 4752 5452
f 4377 4655 4659
f 4651 4946 4950
f 4379 4659 4663
f 4659 4379 4377
f 4663 4960 4667
f 4663 4383 4379
f 4130 4379 4383
f 4663 4659 4957
f 4957 5559 4823
f 4953 5559 4957
f 4823 4770 4828
f 4823 4960 4957
f 4663 4957 4960
f 5555 4761 5559
f 4383 4663 4667
f 4953 4957 4659
f 4127 4377 4379
f 5452 4757 5555
f 3906 4130 4133
f 7078 7077 6187
f 5559 4765 4823
f 5075 4740 5071
f 4740 5075 4743
f 5075 5326 5081
f 5075 5071 5322
f 5322 5514 5515
f 5317 5514 5322
f 5326 5515 5517
f 5515 5326 5322
f 5075 5322 5326
f 5515 5514 3342
f 4743 5075 5081
f 5071 5317 5322
f 4748 5081 5088
f 5081 4748 4743
f 5088 5332 5092
f 5088 4752 4748
f 5440 4748 4752
f 5088 5081 5330
f 5330 5517 5518
f 5326 5517 5330
f 5518 3354 5520
f 5518 5332 5330
f 5088 5330 5332
f 5518 5517 3349
f 4752 5088 5092
f 5326 5330 5081
f 5429 4743 4748
f 5517 5515 3346
f 3342 3624 3628
f 3339 3624 3342
f 3628 3965 3631
f 3628 3346 3342
f 5515 3342 3346
f 3628 3624 3959
f 3959 4308 4313
f 3954 4308 3959
f 3965 4313 4317
f 4313 3965 3959
f 3628 3959 3965
f 4303 4665 4308
f 3346 3628 3631
f 3624 3954 3959
f 3349 3631 3635
f 3631 3349 3346
f 3635 3978 3638
f 3635 3354 3349
f 5518 3349 3354
f 3635 3631 3971
f 3971 4317 4323
f 3965 4317 3971
f 3978 4323 4327
f 4323 3978 3971
f 3635 3971 3978
f 4313 4675 4317
f 3354 3635 3638
f 3965 3971 3631
f 5517 3346 3349
f 4308 4670 4313
f 5332 5518 5520
f 5514 3339 3342
f 4757 5092 5097
f 5092 4757 4752
f 5097 5338 5101
f 5097 4761 4757
f 5555 4757 4761
f 5097 5092 5336
f 5336 5520 5523
f 5332 5520 5336
f 5338 5523 5528
f 5523 5338 5336
f 5097 5336 5338
f 5523 5520 3356
f 4761 5097 5101
f 5332 5336 5092
f 4765 5101 5106
f 5101 4765 4761
f 5106 5343 5110
f 5106 4770 4765
f 4823 4765 4770
f 5106 5101 5341
f 5341 5528 5532
f 5338 5528 5341
f 5532 3364 5533
f 5532 5343 5341
f 5106 5341 5343
f 5532 5528 3362
f 4770 5106 5110
f 5338 5341 5101
f 5559 4761 4765
f 5528 5523 3359
f 3356 3638 3641
f 3354 3638 3356
f 3641 3985 3644
f 3641 3359 3356
f 5523 3356 3359
f 3641 3638 3982
f 3982 4327 4330
f 3978 4327 3982
f 3985 4330 4333
f 4330 3985 3982
f 3641 3982 3985
f 4323 4687 4327
f 3359 3641 3644
f 3978 3982 3638
f 3362 3644 3648
f 3644 3362 3359
f 3648 3994 3652
f 3648 3364 3362
f 5532 3362 3364
f 3648 3644 3990
f 3990 4333 4337
f 3985 4333 3990
f 4337 4706 4342
f 4337 3994 3990
f 3648 3990 3994
f 4330 4697 4333
f 3364 3648 3652
f 3985 3990 3644
f 5528 3359 3362
f 4327 4693 4330
f 5343 5532 5533
f 3354 3356 5520
f 5452 4752 4757
f 4317 4681 4323
f 4960 4823 4828
f 7063 7062 6168
f 4333 4701 4337
f 6172 7010 7009
f 6172 7011 7010
f 7008 7007 5292
f 5292 7009 7008
f 5292 6172 7009
f 5292 7007 7006
f 7012 7011 6172
f 6172 4981 7012
f 6171 4981 4620
f 4620 4981 4984
f 4620 4622 4267
f 7013 7012 6171
f 4620 4984 4622
f 5293 6172 5292
f 4981 6172 5293
f 4984 5294 5296
f 4981 5293 5294
f 4984 4981 5294
f 5294 5293 6123
f 4985 4984 5296
f 7012 4981 6171
f 4620 7014 6171
f 5293 5292 6121
f 5635 6118 7003
f 6118 7004 7003
f 6118 7005 7004
f 7000 6174 7001
f 7002 7001 6174
f 7002 5635 7003
f 6174 5635 7002
f 7006 7005 6118
f 6121 6118 5636
f 5292 7006 6118
f 6126 5294 6123
f 5292 6118 6121
f 5293 6121 6123
f 6123 6121 5637
f 5637 5636 5715
f 6121 5636 5637
f 6126 5639 5640
f 5637 5639 6123
f 5639 6126 6123
f 5639 5637 5719
f 6065 5296 6126
f 5636 6118 5635
f 6126 5296 5294
f 5636 5635 5713
f 4622 4984 4985
f 4985 4989 4626
f 4985 4626 4622
f 4626 4628 4273
f 4626 4989 4628
f 4989 5297 5298
f 5297 4989 4985
f 4993 5298 5299
f 5298 4993 4989
f 4628 4989 4993
f 5298 5297 6066
f 4631 4628 4993
f 6065 5297 5296
f 4634 4631 4996
f 4631 4634 4278
f 4643 4638 5003
f 4638 4643 4284
f 4281 4634 4638
f 4638 4634 4999
f 5299 5300 4996
f 4993 5299 4996
f 4996 5300 4999
f 4999 5003 4638
f 4634 4996 4999
f 4999 5301 5003
f 5006 5003 5304
f 4993 4996 4631
f 4275 4628 4631
f 5299 5298 6069
f 6066 6065 5642
f 5297 6065 6066
f 6072 6069 5649
f 5299 6069 6072
f 6069 5298 6066
f 6069 6066 5646
f 5642 5640 5728
f 5640 5642 6065
f 5649 5646 5739
f 5646 5649 6069
f 6066 5642 5646
f 5646 5642 5732
f 5651 6072 5649
f 6126 5640 6065
f 5651 6076 6072
f 5300 6076 5301
f 5301 6076 6080
f 5301 5304 5003
f 4999 5300 5301
f 5301 6080 5304
f 5656 5651 5751
f 6076 5651 5656
f 5660 6080 5656
f 5660 6085 6080
f 6080 6076 5656
f 5660 5656 5759
f 5304 6080 6085
f 6072 6076 5300
f 5299 6072 5300
f 5651 5649 5745
f 4643 5003 5006
f 4985 5296 5297
f 4268 4622 4626
f 5640 5639 5724
f 6997 6175 6998
f 6175 6997 6996
f 6176 6994 6993
f 6996 6995 6175
f 6176 6995 6994
f 6998 6175 6999
f 6175 5709 6999
f 5635 6174 5709
f 5715 5713 5948
f 5635 5709 5713
f 5713 5715 5636
f 5713 5709 5942
f 6175 6995 6176
f 5709 6175 5935
f 5935 5951 5942
f 5709 5935 5942
f 5948 5713 5942
f 5935 6175 6176
f 5960 5948 5961
f 6999 5709 6174
f 7000 6999 6174
f 5942 5956 5948
f 6989 6177 6990
f 6990 6177 6991
f 6991 6177 6992
f 6988 6987 5932
f 5932 6177 6988
f 6177 5932 5946
f 6989 6988 6177
f 5932 6987 6986
f 5946 6992 6177
f 5946 6176 6992
f 5935 6176 5946
f 5956 5951 5939
f 5935 5946 5951
f 5951 5956 5942
f 5951 5946 5936
f 5939 5936 3169
f 5951 5936 5939
f 5961 5931 5940
f 5939 5931 5956
f 5931 5961 5956
f 5931 5939 3171
f 5961 5948 5956
f 5936 5946 5932
f 6993 6992 6176
f 5936 5932 3168
f 5715 5948 5960
f 5724 5719 5975
f 5637 5715 5719
f 5732 5728 5993
f 5640 5724 5728
f 5724 5639 5719
f 5728 5724 5983
f 5975 5960 5969
f 5960 5975 5719
f 5993 5983 5981
f 5983 5993 5728
f 5724 5975 5983
f 5983 5975 5976
f 6003 5732 5993
f 5960 5719 5715
f 5745 5739 6013
f 5646 5732 5739
f 5759 5751 5985
f 5651 5745 5751
f 5745 5649 5739
f 5751 5745 6021
f 6013 6003 5990
f 6003 6013 5739
f 5985 6021 6000
f 6021 5985 5751
f 5745 6013 6021
f 6021 6013 5996
f 5989 5985 6004
f 6003 5739 5732
f 5732 5642 5728
f 6003 5993 5987
f 5976 5969 5952
f 5969 5976 5975
f 5987 5981 5984
f 5981 5987 5993
f 5983 5976 5981
f 5981 5976 5968
f 5952 5940 3174
f 5940 5952 5969
f 5984 5968 3181
f 5968 5984 5981
f 5976 5952 5968
f 5968 5952 3177
f 5947 5987 5984
f 5961 5940 5969
f 5996 5990 5954
f 5990 5996 6013
f 6004 6000 5972
f 6000 6004 5985
f 6021 5996 6000
f 6000 5996 5964
f 5954 5947 3187
f 5947 5954 5990
f 5972 5964 3194
f 5964 5972 6000
f 5996 5954 5964
f 5964 5954 3190
f 5979 6004 5972
f 5947 5990 5987
f 6003 5987 5990
f 5947 5984 3183
f 5985 5989 5759
f 5961 5969 5960
f 5759 5656 5751
f 5940 5931 3172
f 5660 5759 5764
f 5006 5009 4647
f 5006 4647 4643
f 4647 4653 4291
f 4647 5009 4653
f 5009 5308 5311
f 5308 5009 5006
f 5311 5314 5012
f 5311 5012 5009
f 4653 5009 5012
f 5311 5308 6088
f 4657 4653 5012
f 6085 5308 5304
f 4660 4657 5013
f 4657 4660 4299
f 4670 4665 5021
f 4665 4670 4308
f 4303 4660 4665
f 4665 4660 5017
f 5012 5314 5013
f 5013 5017 4660
f 5017 5321 5021
f 5021 5024 4670
f 4665 5017 5021
f 5013 5318 5017
f 4675 4670 5024
f 5013 4657 5012
f 4295 4653 4657
f 5021 5325 5024
f 6088 6085 5667
f 5308 6085 6088
f 5314 6091 6096
f 6088 6091 5311
f 6091 5314 5311
f 6091 6088 5671
f 5671 5667 5770
f 6088 5667 5671
f 6096 5675 5679
f 5671 5675 6091
f 5675 6096 6091
f 5675 5671 5774
f 5318 5314 6096
f 5764 5667 5660
f 5679 6099 6096
f 5318 6099 5321
f 5321 6099 6104
f 5321 5325 5021
f 5017 5318 5321
f 5321 6104 5325
f 5683 5679 5668
f 6099 5679 5683
f 5687 6104 5683
f 5687 6107 6104
f 6104 6099 5683
f 5687 5683 5674
f 6104 6107 5325
f 6096 6099 5318
f 5013 5314 5318
f 5679 5675 5780
f 5024 5325 5329
f 6085 5660 5667
f 5329 5028 5024
f 4675 5028 4681
f 4681 5028 5032
f 4681 4687 4323
f 4317 4675 4681
f 4681 5032 4687
f 5333 5329 6108
f 5028 5329 5333
f 4537 5032 5333
f 4537 5036 5032
f 5032 5028 5333
f 4537 5333 6109
f 4687 5032 5036
f 6107 5329 5325
f 4697 4693 5041
f 4693 4697 4330
f 4706 4701 5053
f 4701 4706 4337
f 4333 4697 4701
f 4701 4697 5046
f 5036 4537 4542
f 5036 5041 4693
f 5041 4545 5046
f 5046 5053 4701
f 4697 5041 5046
f 5036 4542 5041
f 5059 5053 4557
f 5036 4693 4687
f 4327 4687 4693
f 5046 4550 5053
f 6108 6107 5690
f 5329 6107 6108
f 6111 4537 6109
f 6108 6109 5333
f 4537 6111 4542
f 6109 6108 5695
f 5695 5690 5685
f 6108 5690 5695
f 6111 5699 5706
f 5695 5699 6109
f 5699 6111 6109
f 5699 5695 5688
f 6114 4542 6111
f 5690 6107 5687
f 6114 6116 4545
f 6114 4545 4542
f 4545 6116 4550
f 4550 4557 5053
f 5046 4545 4550
f 4550 6122 4557
f 5712 5706 5696
f 6114 5706 5712
f 6116 5712 5717
f 6116 6122 4550
f 6116 6114 5712
f 6116 5717 6122
f 6077 6122 5725
f 5706 6114 6111
f 5041 4542 4545
f 5706 5699 5691
f 4706 5053 5059
f 4675 5024 5028
f 4313 4670 4675
f 5690 5687 5678
f 5770 5764 5994
f 5667 5764 5770
f 5671 5770 5774
f 5774 5770 5998
f 5989 6009 5994
f 5764 5989 5994
f 5998 6355 6179
f 5994 5998 5770
f 5998 6179 5774
f 5994 6181 5998
f 6315 5774 6179
f 5759 5989 5764
f 6182 5780 6315
f 5780 6182 5668
f 5668 6182 6183
f 5683 5668 5674
f 5668 5679 5780
f 5668 6183 5674
f 6315 6179 6354
f 6182 6315 6352
f 6182 6350 6183
f 6182 6352 6351
f 6182 6351 6350
f 6007 6183 6348
f 6315 5780 5774
f 5780 5675 5774
f 6315 6353 6352
f 6329 6009 6180
f 5994 6009 6329
f 6181 6329 6358
f 6181 6357 6356
f 6181 5994 6329
f 6181 6358 6357
f 5979 6361 6180
f 5979 6180 6009
f 6180 6359 6329
f 6358 6329 6359
f 6359 6180 6360
f 6004 5979 6009
f 6179 6355 6354
f 6350 6349 6183
f 6181 6356 5998
f 6347 6007 6348
f 6183 6349 6348
f 5998 6356 6355
f 6353 6315 6354
f 6183 6007 5674
f 6004 6009 5989
f 5685 5678 6012
f 5690 5678 5685
f 5691 5688 5955
f 5699 5688 5691
f 5688 5695 5685
f 5688 5685 6015
f 6012 6007 6346
f 6007 6012 5678
f 5955 6015 6018
f 6015 5955 5688
f 5685 6012 6015
f 6015 6012 6011
f 5962 5691 5955
f 6007 5678 5674
f 5700 5696 5971
f 5712 5696 5700
f 5717 5700 5703
f 5717 5725 6122
f 5706 5691 5696
f 5717 5703 5725
f 5971 5962 6024
f 5696 5962 5971
f 5978 6037 5982
f 5971 5978 5700
f 5978 5703 5700
f 5978 5971 6031
f 5703 5978 5982
f 5962 5696 5691
f 5687 5674 5678
f 5962 5955 6026
f 6346 6345 6185
f 6346 6185 6012
f 6018 6011 6184
f 6185 6011 6012
f 6011 6018 6015
f 6185 6344 6011
f 6185 6345 6344
f 6343 6342 6184
f 6344 6343 6011
f 6343 6184 6011
f 5697 6018 6184
f 6024 6026 5701
f 5955 6018 6026
f 6037 6031 5711
f 5971 6024 6031
f 6024 5962 6026
f 6031 6024 5705
f 5701 5697 3235
f 5697 5701 6026
f 5711 5705 3239
f 5705 5711 6031
f 6024 5701 5705
f 5705 5701 3237
f 5716 6037 5711
f 5697 6026 6018
f 6037 5978 6031
f 5725 5703 5708
f 6346 6007 6347
f 5700 5717 5712
f 6316 5697 6184
f 4557 6122 6077
f 5006 5304 5308
f 4288 4643 4647
f 5979 5972 3197
f 3994 4337 4342
f 7095 6189 7096
f 7095 7094 6186
f 7094 7093 6186
f 7093 7092 6186
f 7091 6186 7092
f 7096 6189 7097
f 7102 3707 7103
f 7101 3703 7102
f 7104 7103 3707
f 7098 3703 7099
f 7101 7100 3703
f 7099 3703 7100
f 6189 7098 7097
f 6190 7104 3707
f 7089 3906 3910
f 7090 7089 3910
f 6186 7091 3910
f 7090 3910 7091
f 3910 4133 4136
f 3906 4133 3910
f 3911 4136 4140
f 4136 3911 3910
f 6186 3910 3911
f 4136 4133 4385
f 6189 6186 3911
f 4383 4385 4133
f 4140 3912 3911
f 6189 3912 3703
f 3703 3912 3916
f 3703 3707 7102
f 6189 7095 6186
f 3703 3916 3707
f 4141 4140 4391
f 3912 4140 4141
f 4146 3916 4141
f 4146 3917 3916
f 3916 3912 4141
f 4146 4141 4394
f 3916 3917 3707
f 3911 3912 6189
f 3703 7098 6189
f 4140 4136 4388
f 7104 6190 7105
f 6192 7111 7110
f 6191 7110 7109
f 6190 7107 7106
f 7108 6191 7109
f 6191 7108 7107
f 7112 7111 6192
f 7115 6193 7116
f 7117 7116 6194
f 6194 7118 7117
f 7114 7113 6193
f 6194 6193 3723
f 7114 6193 7115
f 6194 7116 6193
f 7113 7112 6192
f 6194 3723 3726
f 7113 6192 6193
f 3917 3711 3707
f 7107 6190 3711
f 3715 6191 3711
f 6191 3715 6192
f 6191 7107 3711
f 3715 3711 3921
f 4149 3917 4146
f 3917 4149 3921
f 4153 3921 4149
f 4153 3924 3921
f 3711 3917 3921
f 4153 4149 4399
f 3715 3921 3924
f 3707 3711 6190
f 3715 3720 6192
f 3720 3715 3924
f 3720 3924 3928
f 6192 3720 6193
f 3723 6193 3720
f 3720 3928 3723
f 3928 4157 4159
f 4157 3928 3924
f 4159 4408 4165
f 4159 3930 3928
f 3723 3928 3930
f 4159 4157 4405
f 3723 3930 3726
f 4157 3924 4153
f 7110 6191 6192
f 4157 4153 4402
f 3930 4159 4165
f 6190 7106 7105
f 4149 4146 4395
f 4667 4668 4385
f 4383 4667 4385
f 4385 4388 4136
f 4385 4668 4388
f 4961 4828 4830
f 4960 4828 4961
f 4962 4961 4830
f 4962 4668 4961
f 4667 4961 4668
f 4830 4828 4772
f 4388 4668 4672
f 4667 4960 4961
f 4391 4672 4677
f 4672 4391 4388
f 4394 4677 4679
f 4677 4394 4391
f 4141 4391 4394
f 4677 4672 4965
f 4962 4830 4834
f 4672 4962 4965
f 4968 4842 4971
f 4965 4968 4677
f 4968 4679 4677
f 4962 4834 4965
f 4395 4394 4679
f 4962 4672 4668
f 4140 4388 4391
f 4965 4839 4968
f 5110 5114 4772
f 4770 5110 4772
f 4776 5117 4778
f 4772 4776 4830
f 4834 4830 4776
f 4772 5114 4776
f 5114 5348 5351
f 5348 5114 5110
f 5117 5351 5353
f 5351 5117 5114
f 4776 5114 5117
f 5351 5348 5538
f 4834 4776 4778
f 5533 5348 5343
f 4839 4778 4780
f 4778 4839 4834
f 4780 5122 4783
f 4780 4842 4839
f 4968 4839 4842
f 4780 4778 5120
f 5120 5353 5354
f 5117 5353 5120
f 5122 5354 5357
f 5354 5122 5120
f 4780 5120 5122
f 5354 5353 5544
f 4842 4780 4783
f 5117 5120 4778
f 4965 4834 4839
f 5353 5351 5542
f 4679 4968 4971
f 4828 4770 4772
f 4971 4683 4679
f 4395 4683 4399
f 4686 4399 4683
f 4399 4686 4402
f 4149 4395 4399
f 4686 4683 4974
f 4783 4844 4842
f 4971 4844 4974
f 4848 4974 4844
f 4848 4976 4974
f 4683 4971 4974
f 4848 4844 4785
f 4686 4974 4976
f 4679 4683 4395
f 4976 4690 4686
f 4402 4690 4405
f 4405 4690 4694
f 4405 4408 4159
f 4157 4402 4405
f 4405 4694 4408
f 4976 4848 4855
f 4690 4976 4979
f 4982 4694 4979
f 4982 4699 4694
f 4694 4690 4979
f 4976 4855 4979
f 4694 4699 4408
f 4686 4690 4402
f 4153 4399 4402
f 4979 4858 4982
f 5357 5126 5122
f 4783 5126 4785
f 4785 5126 5127
f 4848 4785 4789
f 4785 4844 4783
f 4785 5127 4789
f 5358 5357 5550
f 5126 5357 5358
f 5360 5127 5358
f 5360 5131 5127
f 5127 5126 5358
f 5360 5358 5552
f 4789 5127 5131
f 5122 5126 4783
f 5131 4791 4789
f 4855 4791 4858
f 4795 4858 4791
f 4795 4864 4858
f 4979 4855 4858
f 4795 4791 5133
f 5362 5131 5360
f 5131 5362 5133
f 5363 5133 5362
f 5363 5136 5133
f 4791 5131 5133
f 5363 5362 5556
f 5133 5136 4795
f 4789 4791 4855
f 4789 4855 4848
f 5362 5360 5554
f 4858 4864 4982
f 4842 4844 4971
f 4146 4394 4395
f 5357 5354 5547
f 6194 7119 7118
f 5343 5348 5110
f 7122 3529 7123
f 3529 3533 7123
f 7120 7119 3529
f 3529 7121 7120
f 7121 3529 7122
f 3726 3529 6194
f 7124 7123 3533
f 3533 6195 7125
f 6195 7126 7125
f 6195 7127 7126
f 6317 7129 7128
f 7128 7127 6317
f 7129 6196 7130
f 7130 6196 7131
f 3533 7125 7124
f 3533 3529 3729
f 4165 3935 3930
f 3726 3935 3729
f 3729 3935 3939
f 3533 3729 3731
f 3729 3529 3726
f 3729 3939 3731
f 4169 4165 4413
f 3935 4165 4169
f 4174 3939 4169
f 4174 3942 3939
f 3939 3935 4169
f 4174 4169 4417
f 3731 3939 3942
f 3726 3930 3935
f 3733 6317 3731
f 6195 6317 7127
f 6196 3733 3737
f 3733 6196 6317
f 7129 6317 6196
f 3942 3733 3731
f 4178 3942 4174
f 3942 4178 3946
f 3737 3946 3949
f 3942 3946 3733
f 3737 3733 3946
f 3946 4178 4182
f 6196 3737 6197
f 6195 3731 6317
f 3731 6195 3533
f 4178 4174 4420
f 7131 6196 7132
f 4408 4413 4165
f 7132 6197 7133
f 7134 7133 6197
f 6197 7135 7134
f 6199 7135 6197
f 7135 6199 7136
f 7137 6199 7138
f 6199 7137 7136
f 6199 6197 3739
f 6197 3737 3739
f 7139 7138 6198
f 7140 7139 6198
f 7141 7140 3744
f 3747 7143 7142
f 7144 7143 3747
f 3744 7142 7141
f 3742 7138 6199
f 7144 6200 7145
f 3949 3953 3739
f 3737 3949 3739
f 3953 3957 3742
f 3739 3742 6199
f 6198 7138 3742
f 3739 3953 3742
f 4185 4182 4426
f 3949 4182 4185
f 4190 3953 4185
f 4190 3957 3953
f 3953 3949 4185
f 4190 4185 4429
f 6198 3742 3744
f 3946 4182 3949
f 3957 3961 3744
f 3957 3744 3742
f 3744 3961 3747
f 3747 6200 7144
f 7140 6198 3744
f 3747 3963 6200
f 3961 4194 4198
f 4194 3961 3957
f 3963 4198 4202
f 4198 3963 3961
f 3747 3961 3963
f 4198 4194 4435
f 3968 3963 4202
f 4194 3957 4190
f 3747 7142 3744
f 4194 4190 4432
f 6200 3963 6318
f 6196 6197 7132
f 4182 4178 4423
f 4699 4703 4413
f 4408 4699 4413
f 4169 4413 4417
f 4413 4703 4417
f 4988 4864 4871
f 4982 4864 4988
f 4992 4988 4871
f 4992 4703 4988
f 4699 4988 4703
f 4871 4864 4798
f 4417 4703 4707
f 4699 4982 4988
f 4420 4707 4712
f 4707 4420 4417
f 4423 4712 4715
f 4712 4423 4420
f 4423 4178 4420
f 4712 4707 4997
f 4992 4871 4877
f 4707 4992 4997
f 4773 4888 4786
f 4997 4773 4712
f 4773 4715 4712
f 4992 4877 4997
f 4426 4423 4715
f 4992 4707 4703
f 4420 4174 4417
f 4997 4881 4773
f 5136 5142 4798
f 4795 5136 4798
f 4801 5145 4805
f 4798 4801 4871
f 4877 4871 4801
f 4798 5142 4801
f 5142 5364 5366
f 5364 5142 5136
f 5145 5366 5368
f 5366 5145 5142
f 4801 5142 5145
f 5366 5364 5557
f 4877 4801 4805
f 5364 5136 5363
f 4881 4805 4807
f 4805 4881 4877
f 4807 5155 4809
f 4807 4888 4881
f 4773 4881 4888
f 4807 4805 5150
f 5150 5368 5370
f 5145 5368 5150
f 5155 5370 5373
f 5370 5155 5150
f 4807 5150 5155
f 5370 5368 5561
f 4888 4807 4809
f 5145 5150 4805
f 4997 4877 4881
f 5368 5366 5560
f 4715 4773 4786
f 4864 4795 4798
f 4786 4719 4715
f 4426 4719 4429
f 4429 4719 4721
f 4190 4429 4432
f 4429 4185 4426
f 4429 4721 4432
f 4796 4786 4891
f 4719 4786 4796
f 4802 4721 4796
f 4802 4727 4721
f 4721 4719 4796
f 4802 4796 4895
f 4432 4721 4727
f 4715 4719 4426
f 4727 4730 4435
f 4727 4435 4432
f 4440 4734 4444
f 4435 4440 4198
f 4194 4432 4435
f 4435 4730 4440
f 4730 4810 4817
f 4810 4730 4727
f 4817 4906 4827
f 4817 4734 4730
f 4440 4730 4734
f 4817 4810 4903
f 4202 4440 4444
f 4810 4727 4802
f 4182 4423 4426
f 4810 4802 4899
f 4891 4809 4813
f 4888 4809 4891
f 4895 4813 4815
f 4813 4895 4891
f 4796 4891 4895
f 4813 4809 5157
f 5373 5375 5157
f 5155 5373 5157
f 4815 5162 5165
f 5157 5162 4813
f 4815 4813 5162
f 5375 5162 5157
f 4899 4895 4815
f 5155 5157 4809
f 5165 4819 4815
f 4899 4819 4903
f 4903 4819 4821
f 4903 4906 4817
f 4810 4899 4903
f 4903 4821 4906
f 5162 5377 5165
f 4819 5165 5169
f 5172 4821 5169
f 5172 4824 4821
f 4821 4819 5169
f 5165 5380 5169
f 4906 4821 4824
f 4815 4819 4899
f 4802 4895 4899
f 5169 5383 5172
f 4734 4817 4827
f 4888 4891 4786
f 4440 4202 4198
f 5373 5370 5562
f 7145 6200 7146
f 7119 6194 3529
f 5364 5363 5553
f 5538 5533 3367
f 5348 5533 5538
f 5538 3367 3371
f 3652 3367 3364
f 4342 3997 3994
f 3652 3997 3657
f 3371 3657 3662
f 3652 3657 3367
f 3371 3367 3657
f 3997 4002 3657
f 5542 5538 3371
f 3652 3994 3997
f 3662 3374 3371
f 5542 3374 5544
f 5544 3374 3377
f 5354 5544 5547
f 5544 5353 5542
f 5544 3377 5547
f 3657 4002 3662
f 3374 3662 3665
f 3671 3377 3665
f 3671 3380 3377
f 3377 3374 3665
f 3662 4006 3665
f 5547 3377 3380
f 3371 3374 5542
f 5542 5351 5538
f 3665 4013 3671
f 4346 4342 4711
f 3997 4342 4346
f 4350 4002 4346
f 4002 4350 4006
f 4002 3997 4346
f 4350 4346 4713
f 4711 5059 5066
f 4706 5059 4711
f 4713 5066 5072
f 5066 4713 4711
f 4346 4711 4713
f 5066 5059 4563
f 4718 4350 4713
f 5059 4557 4563
f 4718 4355 4350
f 4006 4355 4013
f 4360 4013 4355
f 4360 4018 4013
f 3665 4006 4013
f 4360 4355 4723
f 4718 5072 5078
f 4713 5072 4718
f 4723 5078 5083
f 5078 4723 4718
f 4355 4718 4723
f 5078 5072 4579
f 4729 4360 4723
f 4006 4350 4355
f 3662 4002 4006
f 5072 5066 4572
f 3671 4013 4018
f 4342 4706 4711
f 3380 3385 5550
f 3380 5550 5547
f 5358 5550 5552
f 5550 3385 5552
f 4018 4023 3674
f 3674 3671 4018
f 3678 3385 3674
f 3678 3388 3385
f 3385 3380 3674
f 4023 3678 3674
f 5552 3385 3388
f 4018 4360 4365
f 3388 3392 5554
f 3388 5554 5552
f 5554 3392 5556
f 5363 5556 5553
f 5556 5362 5554
f 5556 3394 5553
f 3392 3680 3685
f 3680 3392 3388
f 3685 4034 3686
f 3685 3394 3392
f 5556 3392 3394
f 3678 4027 3680
f 3394 3685 3686
f 3680 3388 3678
f 5554 5360 5552
f 3680 4031 3685
f 4729 4735 4365
f 4723 5083 4729
f 4369 4023 4365
f 4023 4369 4027
f 4018 4365 4023
f 4365 4735 4369
f 5090 5083 4592
f 4729 5083 5090
f 5098 4735 5090
f 5098 4741 4735
f 4735 4729 5090
f 5098 5090 4595
f 4369 4735 4741
f 4365 4360 4729
f 4741 4372 4369
f 4027 4372 4031
f 4031 4372 4376
f 4031 4034 3685
f 3680 4027 4031
f 4031 4376 4034
f 4741 5098 5103
f 4372 4741 4746
f 4750 4376 4746
f 4750 4382 4376
f 4376 4372 4746
f 4741 5103 4746
f 4376 4382 4034
f 4369 4372 4027
f 3678 4023 4027
f 4746 5111 4750
f 4750 5111 5113
f 3380 3671 3674
f 5550 5357 5547
f 5083 5078 4587
f 6077 6081 4563
f 4557 6077 4563
f 5066 4563 4572
f 4563 6081 4572
f 5730 5708 5714
f 5725 5708 5730
f 5735 5730 5714
f 5735 6081 5730
f 6077 5730 6081
f 5714 5708 5988
f 4572 6081 6083
f 5982 5708 5703
f 4579 6083 6086
f 6083 4579 4572
f 4587 6086 6089
f 6086 4587 4579
f 4587 5078 4579
f 6086 6083 5741
f 5735 5714 5718
f 6083 5735 5741
f 5723 5727 5744
f 5741 5744 6086
f 5744 6089 6086
f 5735 5718 5741
f 4592 4587 6089
f 5735 6083 6081
f 4579 5072 4572
f 5741 5723 5744
f 5716 6042 6037
f 5982 6042 5988
f 5988 6042 6044
f 5714 5988 5991
f 5988 5708 5982
f 5988 6044 5991
f 5722 5716 3244
f 6042 5716 5722
f 5726 6044 5722
f 5726 5654 6044
f 6044 6042 5722
f 5726 5722 3247
f 5991 6044 5654
f 6037 6042 5982
f 5654 5995 5991
f 5718 5995 5723
f 5999 5723 5995
f 5999 5727 5723
f 5741 5718 5723
f 5999 5995 5658
f 5733 5654 5726
f 5654 5733 5658
f 5738 5658 5733
f 5738 5661 5658
f 5995 5654 5658
f 5738 5733 3250
f 5658 5661 5999
f 5991 5995 5718
f 5991 5718 5714
f 5733 5726 3248
f 5744 5749 6089
f 5730 6077 5725
f 5749 6094 6089
f 4592 6094 4595
f 4595 6094 6098
f 5098 4595 4600
f 4595 5090 4592
f 4595 6098 4600
f 5756 5749 5734
f 6094 5749 5756
f 5760 6098 5756
f 5760 6102 6098
f 6098 6094 5756
f 5760 5756 5737
f 4600 6098 6102
f 5727 5749 5744
f 6102 4606 4600
f 5103 4606 5111
f 4612 5111 4606
f 4612 5113 5111
f 4746 5103 5111
f 4612 4606 6106
f 5766 6102 5760
f 6102 5766 6106
f 5771 6106 5766
f 5771 6103 6106
f 4606 6102 6106
f 5771 5766 5747
f 6106 6103 4612
f 4600 4606 5103
f 5083 4587 4592
f 5766 5760 5742
f 5661 6002 5999
f 5727 6002 5734
f 5734 6002 6006
f 5734 5737 5756
f 5749 5727 5734
f 5734 6006 5737
f 5743 5661 5738
f 5661 5743 5664
f 6006 5664 5670
f 5661 5664 6002
f 6006 6002 5664
f 5743 5748 5664
f 6010 5737 6006
f 5999 6002 5727
f 5742 6010 6014
f 6010 5742 5737
f 5747 6014 6017
f 6014 5747 5742
f 5766 5742 5747
f 6014 6010 5676
f 5664 5748 5670
f 6010 5670 5676
f 6017 5680 5684
f 5676 5680 6014
f 5680 6017 6014
f 5670 5752 5676
f 5747 6017 5753
f 5670 6010 6006
f 5760 5737 5742
f 5757 5680 5676
f 5747 5753 5771
f 4592 6089 6094
f 5098 4600 5103
f 5743 5738 3252
f 3394 3399 5553
f 3367 5533 3364
f 3399 3404 5557
f 3399 5557 5553
f 5366 5557 5560
f 5557 3404 5560
f 4382 4037 4034
f 3686 4037 3692
f 3404 3692 3694
f 3686 3692 3399
f 3404 3399 3692
f 4037 4040 3692
f 3408 5560 3404
f 3686 3399 3394
f 5561 3408 3413
f 3408 5561 5560
f 5562 3413 3416
f 3413 5562 5561
f 5562 5370 5561
f 3413 3408 3700
f 3692 4040 3694
f 3408 3694 3700
f 3705 4046 3710
f 3700 3705 3413
f 3705 3416 3413
f 3694 4042 3700
f 5563 5562 3416
f 3694 3408 3404
f 5561 5368 5560
f 3700 4044 3705
f 4386 4382 4755
f 4037 4382 4386
f 4392 4040 4386
f 4040 4392 4042
f 4040 4037 4386
f 4392 4386 4758
f 4755 5113 5119
f 4750 5113 4755
f 4758 5119 5125
f 5119 4758 4755
f 4386 4755 4758
f 5119 5113 4617
f 4763 4392 4758
f 4750 4755 4382
f 4763 4396 4392
f 4042 4396 4044
f 4044 4396 4401
f 4044 4046 3705
f 3700 4042 4044
f 4044 4401 4046
f 5125 5129 4763
f 4758 5125 4763
f 4766 4771 4401
f 4763 4766 4396
f 4401 4396 4766
f 5129 4766 4763
f 4046 4401 4407
f 4042 4392 4396
f 3694 4040 4042
f 5125 5119 4623
f 3416 3705 3710
f 4034 4037 3686
f 5375 5563 5565
f 5562 5563 5373
f 5565 3425 5566
f 5565 5377 5375
f 5162 5375 5377
f 5565 5563 3421
f 3421 3710 3717
f 3416 3710 3421
f 3425 3717 3722
f 3717 3425 3421
f 5565 3421 3425
f 3717 3710 4047
f 5377 5565 5566
f 3710 4046 4047
f 5380 5566 5567
f 5566 5380 5377
f 5383 5567 5569
f 5567 5383 5380
f 5169 5380 5383
f 5567 5566 3430
f 3722 3728 3430
f 3425 3722 3430
f 3435 3735 3440
f 3430 3435 5567
f 5569 5567 3435
f 3430 3728 3435
f 5383 5569 5386
f 3425 3430 5566
f 5165 5377 5380
f 3722 3717 4050
f 4047 4407 4412
f 4046 4407 4047
f 4050 4412 4415
f 4412 4050 4047
f 4050 3717 4047
f 4412 4407 4775
f 4766 5135 4771
f 4407 4771 4775
f 4415 4779 4784
f 4775 4779 4412
f 4779 4415 4412
f 4771 5140 4775
f 4056 4050 4415
f 4401 4771 4407
f 3728 4056 4061
f 4050 4056 3722
f 4061 4424 4066
f 4061 3735 3728
f 3435 3728 3735
f 4061 4056 4421
f 4421 4784 4788
f 4415 4784 4421
f 4788 5159 4792
f 4788 4424 4421
f 4061 4421 4424
f 4779 5149 4784
f 3735 4061 4066
f 4415 4421 4056
f 4056 3728 3722
f 4775 5144 4779
f 5569 3435 3440
f 5563 3416 3421
f 5364 5553 5557
f 4784 5156 4788
f 6103 6110 4617
f 4612 6103 4617
f 5119 4617 4623
f 4617 6110 4623
f 6110 5775 5781
f 5775 6110 6103
f 6119 5781 5787
f 5781 6119 6110
f 4623 6110 6119
f 5781 5775 5758
f 4629 4623 6119
f 5753 5775 5771
f 5129 4629 4636
f 4623 4629 5125
f 5135 4636 4642
f 4636 5135 5129
f 4766 5129 5135
f 4636 4629 6130
f 5787 5793 6130
f 6119 5787 6130
f 6140 5799 6127
f 6130 6140 4636
f 4642 4636 6140
f 6130 5793 6140
f 5140 5135 4642
f 6119 6130 4629
f 4629 5129 5125
f 5787 5781 5763
f 5684 6020 6017
f 5753 6020 5758
f 5758 6020 6023
f 5781 5758 5763
f 5758 5775 5753
f 5758 6023 5763
f 5680 5762 5684
f 6020 5684 5686
f 5689 6023 5686
f 5689 6028 6023
f 6023 6020 5686
f 5684 5767 5686
f 5763 6023 6028
f 6017 6020 5753
f 5793 5768 5777
f 5763 5768 5787
f 6043 6048 5777
f 5777 5799 5793
f 6140 5793 5799
f 5777 5768 6043
f 5693 6028 5689
f 6028 5693 6043
f 5698 6043 5693
f 5698 6048 6043
f 5768 6028 6043
f 5689 5778 5693
f 5799 5777 5784
f 6028 5768 5763
f 5787 5768 5793
f 5686 5772 5689
f 4642 6140 6127
f 5771 5775 6103
f 6127 4649 4642
f 5140 4649 5144
f 4656 5144 4649
f 5144 4656 5149
f 4775 5140 5144
f 4656 4649 6132
f 5784 5804 5799
f 6127 5804 6132
f 5808 6132 5804
f 5808 6134 6132
f 4649 6127 6132
f 5808 5804 5789
f 4656 6132 6134
f 6127 5799 5804
f 6134 4662 4656
f 5149 4662 5156
f 5156 4662 4669
f 5156 5159 4788
f 4784 5149 5156
f 5156 4669 5159
f 6134 5808 5814
f 4662 6134 6139
f 6141 4669 6139
f 6141 4676 4669
f 4669 4662 6139
f 6134 5814 6139
f 5159 4669 4676
f 4656 4662 5149
f 4779 5144 5149
f 6139 5818 6141
f 6048 6046 5784
f 5777 6048 5784
f 5784 6046 5789
f 5808 5789 5796
f 5789 5804 5784
f 5789 5913 5796
f 6046 5702 5710
f 5702 6046 6048
f 5913 5710 5720
f 5710 5913 6046
f 5789 6046 5913
f 5698 5786 5702
f 5919 5796 5913
f 5702 6048 5698
f 5919 5801 5796
f 5814 5801 5818
f 5806 5818 5801
f 5806 5821 5818
f 6139 5814 5818
f 5806 5801 5924
f 5919 5720 5731
f 5913 5720 5919
f 5731 5809 5740
f 5731 5924 5919
f 5801 5919 5924
f 5710 5797 5720
f 5924 5731 5740
f 5814 5796 5801
f 5796 5814 5808
f 5702 5790 5710
f 6141 5818 5821
f 5140 4642 4649
f 4771 5135 5140
f 5693 5782 5698
f 4424 4788 4792
f 4612 4617 5113
f 5563 5375 5373
f 5720 5803 5731
f 5172 5383 5386
f 3906 7089 7088
f 5716 5711 3242
f 6981 6314 6982
f 6982 6314 6983
f 6981 6980 6314
f 6978 6314 6979
f 6980 6979 6314
f 6984 6983 6178
f 6986 6985 6178
f 3168 6178 6314
f 6986 6178 5932
f 6178 3168 5932
f 6314 6178 6983
f 6977 6976 6314
f 6978 6977 6314
f 3537 3532 3956
f 6314 3532 3168
f 3537 3168 3532
f 6314 6975 3532
f 3169 3168 3537
f 6985 6984 6178
f 3532 6975 6974
f 6974 6973 3532
f 6201 6973 6972
f 6972 6971 6201
f 6971 6970 6201
f 6201 6970 6969
f 6975 6314 6976
f 6968 6967 6201
f 6201 6967 6202
f 6973 6201 3532
f 6969 6968 6201
f 6201 6202 3956
f 6966 6965 6202
f 6202 6965 6964
f 6202 4404 3956
f 6967 6966 6202
f 6202 6962 4404
f 3956 4404 3962
f 3956 3532 6201
f 3537 3956 3962
f 3171 3169 3542
f 5936 3168 3169
f 5939 3169 3171
f 3172 3171 3546
f 3546 3542 3969
f 3171 3542 3546
f 3174 3550 3555
f 3546 3550 3172
f 3550 3174 3172
f 3550 3546 3974
f 3172 5931 3171
f 3962 3542 3537
f 3181 3177 3560
f 3177 3181 5968
f 3183 3563 3567
f 3183 3187 5947
f 5984 3181 3183
f 3183 3181 3563
f 3560 3555 3987
f 3177 3555 3560
f 3187 3571 3190
f 3560 3563 3181
f 3187 3183 3567
f 3563 3560 3992
f 5954 3187 3190
f 3555 3177 3174
f 3174 5940 3172
f 3555 3550 3981
f 3969 3962 4409
f 3542 3962 3969
f 3981 3974 4422
f 3550 3974 3981
f 3974 3546 3969
f 3974 3969 4416
f 4416 4409 3500
f 4409 4416 3969
f 4425 4422 3509
f 4422 4425 3981
f 3974 4416 4422
f 4422 4416 3505
f 3987 3981 4425
f 4409 3962 4404
f 3560 3987 3992
f 3981 3987 3555
f 3567 4001 3571
f 3571 3578 3190
f 3187 3567 3571
f 3571 4005 3578
f 3987 4430 3992
f 3563 3992 3996
f 3996 4443 4001
f 4001 4005 3571
f 3567 3996 4001
f 3992 4436 3996
f 4010 4005 4459
f 3987 4425 4430
f 3563 3996 3567
f 4001 4450 4005
f 3194 3190 3578
f 3537 3542 3169
f 3177 5952 3174
f 4409 4404 3496
f 6963 6202 6964
f 6962 6203 4404
f 6962 6202 6963
f 6203 6962 6961
f 6203 6961 6960
f 6959 6203 6960
f 3496 6203 6959
f 3500 3496 3914
f 6203 3496 4404
f 3509 3505 3927
f 3505 3509 4422
f 4416 3500 3505
f 3505 3500 3919
f 3496 6957 3914
f 6958 6957 3496
f 3927 3919 4359
f 3500 3914 3919
f 3927 3505 3919
f 3919 3914 6204
f 3933 3927 4364
f 6958 3496 6959
f 3500 4409 3496
f 3914 6957 6956
f 6204 6955 6954
f 6956 6955 3914
f 3914 6955 6204
f 6204 6954 6953
f 6319 6952 6205
f 6952 6319 6953
f 6319 6204 6953
f 6319 3919 6204
f 4359 6205 3268
f 6951 6205 6952
f 3268 6948 3646
f 3268 4364 4359
f 4359 3919 6319
f 3268 6205 6950
f 6205 6951 6950
f 6950 6949 3268
f 6949 6948 3268
f 4364 3268 3273
f 6319 6205 4359
f 4359 4364 3927
f 3509 3927 3933
f 4430 3513 3517
f 3509 3513 4425
f 4436 3517 3520
f 3517 4436 4430
f 3992 4430 4436
f 3517 3513 3940
f 3940 3933 4368
f 3513 3933 3940
f 3520 3945 3952
f 3940 3945 3517
f 3945 3520 3517
f 3945 3940 4374
f 4443 4436 3520
f 3933 3513 3509
f 3952 3522 3520
f 4443 3522 4450
f 4450 3522 3524
f 4450 4459 4005
f 4001 4443 4450
f 4450 3524 4459
f 3960 3952 4389
f 3522 3952 3960
f 3967 3524 3960
f 3967 3527 3524
f 3524 3522 3960
f 3967 3960 4397
f 4459 3524 3527
f 3520 3522 4443
f 3996 4436 4443
f 3952 3945 4381
f 4368 3273 3277
f 4364 3273 4368
f 4374 3277 3281
f 3277 4374 4368
f 3940 4368 4374
f 3277 3273 3650
f 3650 3646 6206
f 3273 3646 3650
f 3281 3655 3660
f 3650 3655 3277
f 3655 3281 3277
f 3655 3650 4083
f 4381 4374 3281
f 3268 3646 3273
f 3660 3284 3281
f 4381 3284 4389
f 4389 3284 3290
f 4389 4397 3960
f 3952 4381 4389
f 4389 3290 4397
f 3666 3660 4095
f 3284 3660 3666
f 3673 3290 3666
f 3673 3297 3290
f 3290 3284 3666
f 3673 3666 4101
f 3290 3297 4397
f 3281 3284 4381
f 3945 4374 4381
f 3660 3655 4090
f 3967 4397 4403
f 3933 4364 4368
f 4430 4425 3513
f 3646 6948 6947
f 3578 4005 4010
f 3197 5972 3194
f 6209 5979 3197
f 6209 3197 6364
f 3197 3194 3583
f 3583 4015 6208
f 3197 3583 6208
f 6208 6364 3197
f 6364 6363 6209
f 6365 6364 6208
f 6362 6209 6363
f 4010 3583 3578
f 5979 6362 6361
f 6184 6342 6341
f 6339 6338 3232
f 3232 6340 6339
f 6316 6341 6340
f 6209 6362 5979
f 5964 3190 3194
f 4010 4468 4015
f 6208 4015 6366
f 6367 6366 4015
f 3583 4010 4015
f 6210 6368 4015
f 4468 3527 3534
f 4459 3527 4468
f 3534 6370 6210
f 3534 6210 4468
f 4015 4468 6210
f 3527 3973 3534
f 4015 6368 6367
f 3527 3967 3973
f 6370 6369 6210
f 6369 6368 6210
f 6370 6211 6371
f 6395 6394 6214
f 6370 3534 6211
f 6366 6365 6208
f 6211 6372 6371
f 4010 4459 4468
f 6338 3623 3232
f 5697 6316 3232
f 3235 3623 3627
f 3623 3235 3232
f 3232 3235 5697
f 6337 3623 6338
f 3623 6337 6336
f 3627 4058 4062
f 6336 6213 3623
f 3627 3623 4058
f 3623 6213 4058
f 3237 3235 3627
f 6340 3232 6316
f 4062 3629 3627
f 3237 3629 3239
f 3239 3629 3633
f 5705 3237 3239
f 3237 5701 3235
f 3239 3633 3242
f 4067 4062 4515
f 3629 4062 4067
f 3633 4067 4070
f 3633 3636 3242
f 3633 3629 4067
f 3633 4070 3636
f 3244 3242 3636
f 3627 3629 3237
f 3242 5711 3239
f 4062 4058 4513
f 6397 4511 6398
f 6213 6335 6398
f 6336 6335 6213
f 6398 4511 6213
f 6214 6396 6395
f 6396 6214 4511
f 3574 4511 6214
f 3574 4513 4511
f 6397 6396 4511
f 6214 4009 3574
f 4058 6213 4511
f 4515 4513 3579
f 4513 4058 4511
f 4070 4517 4520
f 4515 4517 4067
f 4513 4515 4062
f 4517 4515 3581
f 3574 4011 3579
f 4515 3579 3581
f 3584 4021 3586
f 3581 3584 4517
f 3584 4520 4517
f 3579 4016 3581
f 4070 4520 4073
f 3579 4513 3574
f 4067 4517 4070
f 6215 6214 6394
f 3636 4070 4073
f 6316 6184 6341
f 3581 4019 3584
f 3979 3534 3973
f 3534 3979 6211
f 3979 6212 6373
f 3979 3973 4411
f 4403 3302 4411
f 3973 4403 4411
f 6212 4418 6375
f 4411 4418 3979
f 4418 6212 3979
f 4411 3306 4418
f 6372 6211 3979
f 3967 4403 3973
f 6212 6375 6374
f 6376 6375 6216
f 6216 6375 4418
f 6216 3312 6377
f 6216 6377 6376
f 6377 3312 6378
f 3309 6216 4418
f 6212 6374 6373
f 3979 6373 6372
f 3312 6379 6378
f 3302 3297 3681
f 4403 3297 3302
f 3309 3306 3691
f 4418 3306 3309
f 3306 4411 3302
f 3306 3302 3687
f 3687 3681 4111
f 3681 3687 3302
f 3693 3691 4117
f 3691 3693 3309
f 3306 3687 3691
f 3691 3687 4113
f 3312 3309 3693
f 3681 3297 3673
f 6381 6380 6217
f 6383 6382 6219
f 6382 6381 6219
f 3698 3312 3693
f 3312 3698 6217
f 6217 3698 3699
f 6379 3312 6217
f 6219 6381 6217
f 3699 6219 6217
f 6320 6383 6219
f 3309 3312 6216
f 6217 6380 6379
f 3698 3693 4120
f 4397 3297 4403
f 6391 4437 6392
f 6215 6393 6392
f 6394 6393 6215
f 6392 4437 6215
f 6390 6389 4437
f 4441 4437 3323
f 6390 4437 6391
f 4441 6215 4437
f 4437 6389 3320
f 4009 6215 4441
f 4011 4009 4446
f 6214 6215 4009
f 4019 4016 4452
f 3579 4011 4016
f 4011 3574 4009
f 4016 4011 4448
f 4448 4446 3329
f 4011 4446 4448
f 4019 4455 4021
f 4448 4452 4016
f 4455 4019 4452
f 4452 4448 3331
f 4019 3581 4016
f 4446 4009 4441
f 4021 3584 4019
f 4446 4441 3326
f 6386 6385 6218
f 6388 6387 3316
f 6387 6386 3316
f 6320 6384 6383
f 6385 6384 6320
f 6218 3702 3316
f 6385 6320 6218
f 3316 6386 6218
f 6320 3702 6218
f 3320 6388 3316
f 3316 3708 3320
f 6389 6388 3320
f 3329 4446 3326
f 4437 3320 3323
f 4441 3323 3326
f 3712 3323 3320
f 3329 3326 3721
f 4448 3329 3331
f 3335 3331 3727
f 3335 3338 4455
f 3335 4452 3331
f 3331 3329 3725
f 4455 3338 4461
f 3323 3716 3326
f 4455 4452 3335
f 6320 6219 3701
f 4021 4455 4461
f 3335 3732 3338
f 4520 3584 3586
f 3194 3578 3583
f 6361 6360 6180
f 3681 3673 4106
f 6946 3646 6947
f 6945 6206 3646
f 6945 3646 6946
f 6206 6945 6944
f 6944 6943 6206
f 6943 6942 6206
f 4083 6206 6942
f 4090 4083 4531
f 6206 4083 3650
f 4101 4095 4539
f 3660 4090 4095
f 4083 4090 3655
f 4095 4090 4535
f 4535 4531 6207
f 4090 4531 4535
f 4101 4544 4106
f 4535 4539 4095
f 4544 4101 4539
f 4539 4535 5016
f 3673 4101 4106
f 4083 6942 6941
f 4101 3666 4095
f 4083 6941 4531
f 4531 6941 6940
f 6207 6939 6938
f 6940 6939 4531
f 4531 6939 6207
f 6207 6938 6937
f 6937 6936 5016
f 5016 6936 6935
f 6937 5016 6207
f 5019 5016 5379
f 4539 5016 5019
f 4544 5019 5023
f 4544 4549 4106
f 4535 6207 5016
f 4544 5023 4549
f 5379 6935 6934
f 5019 5379 5382
f 5385 5023 5382
f 5385 5027 5023
f 5023 5019 5382
f 5379 6220 5382
f 4549 5023 5027
f 5379 5016 6935
f 4539 5019 4544
f 5443 5385 5382
f 4111 4106 4549
f 4113 4111 4554
f 3687 4111 4113
f 3691 4113 4117
f 4117 4113 4560
f 4560 4554 5030
f 4113 4554 4560
f 4120 4565 4568
f 4560 4565 4117
f 4565 4120 4117
f 4565 4560 5033
f 4120 3693 4117
f 5027 4554 4549
f 4122 4125 3699
f 4120 4122 3698
f 3699 4125 3701
f 3701 3702 6320
f 6219 3699 3701
f 3701 4129 3702
f 4570 4568 5040
f 4122 4568 4570
f 4125 4570 4573
f 4125 4129 3701
f 4125 4122 4570
f 4125 4573 4129
f 4132 4129 4576
f 4568 4122 4120
f 3681 4106 4111
f 4568 4565 5037
f 5030 5027 5387
f 4554 5027 5030
f 5037 5033 5393
f 4565 5033 5037
f 5033 4560 5030
f 5033 5030 5390
f 5385 5447 5387
f 5387 5390 5030
f 5390 5456 5393
f 5393 5397 5037
f 5033 5390 5393
f 5387 5450 5390
f 5040 5037 5397
f 5387 5027 5385
f 5043 5040 5401
f 4570 5040 5043
f 4573 5043 5047
f 4573 4576 4129
f 4568 5037 5040
f 4573 5047 4576
f 5397 5463 5401
f 5043 5401 5404
f 5407 5047 5404
f 5407 5050 5047
f 5047 5043 5404
f 5401 5466 5404
f 4576 5047 5050
f 5401 5040 5397
f 5043 4573 4570
f 5393 5458 5397
f 3702 4129 4132
f 4549 4554 4111
f 3699 3698 4122
f 5404 5468 5407
f 6933 5379 6934
f 6932 6220 5379
f 6932 5379 6933
f 6220 6932 6931
f 6220 6931 6930
f 5443 6930 6929
f 6220 6930 5443
f 5447 5443 3378
f 6220 5443 5382
f 5456 5450 3383
f 5450 5387 5447
f 5447 5385 5443
f 5450 5447 3381
f 3381 3378 6222
f 3378 3381 5447
f 3386 3383 3780
f 3383 3386 5456
f 5450 3381 3383
f 3383 3381 3777
f 5458 5456 3386
f 5443 6929 6928
f 5450 5456 5390
f 5443 6928 3378
f 3378 6928 6927
f 6222 6926 6925
f 6927 6926 3378
f 3378 6926 6222
f 6222 6925 6924
f 3777 6923 6221
f 6923 3777 6924
f 3777 6222 6924
f 3777 3381 6222
f 6922 6921 6221
f 6922 6221 6923
f 4163 3780 6221
f 4163 3781 3780
f 3777 6221 3780
f 6221 6921 4163
f 4163 6921 6920
f 6920 6919 4163
f 6918 6223 6919
f 6919 6223 4163
f 3777 3780 3383
f 3780 3781 3386
f 3781 4163 4167
f 3390 3386 3781
f 3390 3781 3786
f 3390 5463 5458
f 5458 5393 5456
f 3786 3393 3390
f 4167 6223 4551
f 4167 4163 6223
f 4171 4167 4551
f 4167 4171 3786
f 3786 3781 4167
f 4551 6223 6916
f 5463 3390 3393
f 6917 6223 6918
f 5466 3393 3398
f 3393 5466 5463
f 3398 3793 3401
f 3398 5468 5466
f 5466 5401 5463
f 3398 3393 3788
f 3788 4171 4175
f 3786 4171 3788
f 4175 4559 4179
f 4175 3793 3788
f 3398 3788 3793
f 4171 4551 4555
f 5468 3398 3401
f 3786 3788 3393
f 5463 5397 5458
f 4171 4555 4175
f 6223 6917 6916
f 6914 4551 6915
f 6916 6915 4551
f 6224 4551 6914
f 6224 6914 6913
f 6224 6913 6912
f 6911 6224 6912
f 4963 6224 6911
f 4963 6911 6910
f 6224 4963 4555
f 6907 4966 4963
f 4963 4559 4555
f 4175 4555 4559
f 4963 6910 6909
f 4963 6909 6908
f 4963 6908 6907
f 4966 6907 6906
f 4175 4179 3793
f 4555 4551 6224
f 4966 4559 4963
f 5458 3386 3390
f 5468 5404 5466
f 5470 5407 5468
f 3708 4132 4135
f 4132 3708 3702
f 3708 4135 3712
f 4135 4132 4581
f 4581 5050 5055
f 4576 5050 4581
f 5410 5413 5055
f 5410 5055 5050
f 4581 5055 4585
f 5470 5410 5407
f 4135 4581 4585
f 5050 5407 5410
f 4585 4139 4135
f 3712 4139 3716
f 4142 3716 4139
f 3716 4142 3721
f 3323 3712 3716
f 4142 4139 4589
f 5058 4585 5055
f 4585 5058 4589
f 5063 4589 5058
f 5063 4591 4589
f 4139 4585 4589
f 5055 5413 5058
f 4142 4589 4591
f 4135 4139 3712
f 3320 3708 3712
f 5058 5415 5063
f 5470 3401 3406
f 5468 3401 5470
f 3406 3800 3410
f 3406 5471 5470
f 5471 5410 5470
f 3406 3401 3796
f 3796 4179 4183
f 3793 4179 3796
f 4183 4186 3800
f 4183 3800 3796
f 3406 3796 3800
f 4183 4179 4564
f 5471 3406 3410
f 3793 3796 3401
f 3410 5473 5471
f 5413 5473 5415
f 5474 5415 5473
f 5474 5419 5415
f 5058 5413 5415
f 5474 5473 3415
f 3804 3410 3800
f 3410 3804 3415
f 3808 3415 3804
f 3808 3420 3415
f 5473 3410 3415
f 3800 4186 3804
f 5474 3415 3420
f 5471 5473 5413
f 5413 5410 5471
f 4193 3808 3804
f 5063 5415 5419
f 4132 4576 4581
f 4591 4147 4142
f 3721 4147 3725
f 4150 3725 4147
f 3725 4150 3727
f 3329 3721 3725
f 4150 4147 4594
f 5419 5067 5063
f 4591 5067 4594
f 5070 4594 5067
f 5070 4597 4594
f 4147 4591 4594
f 5070 5067 5421
f 4150 4594 4597
f 4142 4147 3721
f 4597 4155 4150
f 3727 4155 3732
f 4158 3732 4155
f 4158 3736 3732
f 3335 3727 3732
f 4158 4155 4599
f 5074 4597 5070
f 4597 5074 4599
f 5079 4599 5074
f 5079 4602 4599
f 4155 4597 4599
f 5079 5074 5428
f 4158 4599 4602
f 4150 4155 3727
f 3331 3725 3727
f 5074 5070 5425
f 3420 5476 5474
f 5419 5476 5421
f 5478 5421 5476
f 5421 5478 5425
f 5067 5419 5421
f 5478 5476 3423
f 3812 3420 3808
f 3420 3812 3423
f 3815 3423 3812
f 3815 3429 3423
f 5476 3420 3423
f 3808 4197 3812
f 5478 3423 3429
f 5474 5476 5419
f 3429 5480 5478
f 5425 5480 5428
f 5527 5428 5480
f 5527 5432 5428
f 5074 5425 5428
f 5527 5480 3433
f 3817 3429 3815
f 3429 3817 3433
f 3820 3433 3817
f 3820 3439 3433
f 5480 3429 3433
f 3815 4207 3817
f 5527 3433 3439
f 5478 5480 5425
f 5070 5421 5425
f 3812 4203 3815
f 5079 5428 5432
f 5063 5067 4591
f 3326 3716 3721
f 3817 4212 3820
f 4571 4183 4564
f 4183 4571 4186
f 4969 4972 4571
f 4571 4564 4969
f 6905 6225 6906
f 4966 6225 4969
f 5823 4969 6225
f 5823 4972 4969
f 4564 4966 4969
f 5823 6225 6903
f 4186 4571 4578
f 4559 4966 4564
f 4193 4578 4586
f 4578 4193 4186
f 4586 4978 4593
f 4586 4197 4193
f 3808 4193 4197
f 4586 4578 4975
f 5825 4972 5823
f 4972 5825 4975
f 4975 5825 5830
f 4975 4978 4586
f 4578 4972 4975
f 4975 5830 4978
f 4197 4586 4593
f 4972 4578 4571
f 3804 4186 4193
f 5825 5823 6226
f 6225 6905 6904
f 6902 5823 6903
f 6904 6903 6225
f 6226 5823 6902
f 6226 6902 6901
f 6901 6900 6226
f 6899 5423 6900
f 6226 6900 5423
f 6898 6897 5423
f 5423 6897 6896
f 6898 5423 6899
f 5423 5825 6226
f 5423 6896 5004
f 6896 6895 5004
f 6894 5004 6895
f 6893 5004 6894
f 5004 5830 5423
f 5423 5830 5825
f 4978 5830 5835
f 6906 6225 4966
f 4203 4593 4596
f 4593 4203 4197
f 4983 5839 4987
f 4983 4596 4593
f 4207 4203 4596
f 5835 4983 4978
f 5835 5004 5007
f 5830 5004 5835
f 5839 5007 5010
f 5007 5839 5835
f 4983 5835 5839
f 5007 5004 6227
f 4596 4983 4987
f 4593 4978 4983
f 4987 4601 4596
f 4207 4601 4212
f 4604 4212 4601
f 4604 4219 4212
f 3817 4207 4212
f 4604 4601 4991
f 5839 5841 4987
f 5841 5839 5010
f 5014 5848 5841
f 5841 4991 4987
f 4601 4987 4991
f 5841 5010 5014
f 5841 5848 4991
f 4596 4601 4207
f 3815 4203 4207
f 5010 5007 5365
f 6227 6892 6891
f 6893 6892 6227
f 6227 6890 5365
f 6890 6227 6891
f 5365 5007 6227
f 5365 6890 6889
f 6889 6888 5365
f 6888 6887 5365
f 6886 5365 6887
f 6886 6885 5367
f 5365 6886 5367
f 5369 5367 6229
f 6229 6882 6228
f 5367 5010 5365
f 5367 6884 6229
f 5367 6885 6884
f 6229 6884 6883
f 6882 6229 6883
f 5369 5014 5367
f 5367 5014 5010
f 4991 4994 4604
f 6893 6227 5004
f 3812 4197 4203
f 3820 4212 4219
f 4559 4564 4179
f 3316 3702 3708
f 3338 3732 3736
f 3247 3244 3637
f 5722 3244 3247
f 3247 3637 3640
f 4073 3637 3636
f 3586 4521 4520
f 4073 4521 4076
f 3640 4076 4077
f 4073 4076 3637
f 3640 3637 4076
f 4521 4522 4076
f 3248 3247 3640
f 4073 4520 4521
f 4077 3642 3640
f 3248 3642 3250
f 3250 3642 3643
f 5738 3250 3252
f 3250 5733 3248
f 3250 3643 3252
f 4076 4522 4077
f 3642 4077 4080
f 4082 3643 4080
f 4082 3647 3643
f 3643 3642 4080
f 4077 4524 4080
f 3252 3643 3647
f 3640 3642 3248
f 3248 5726 3247
f 4080 4525 4082
f 3589 3586 4024
f 4521 3586 3589
f 3590 4522 3589
f 4522 3590 4524
f 4522 4521 3589
f 3590 3589 4026
f 4024 4461 4465
f 4021 4461 4024
f 4026 4465 4470
f 4465 4026 4024
f 3589 4024 4026
f 4465 4461 3340
f 4028 3590 4026
f 4461 3338 3340
f 4028 3593 3590
f 4524 3593 4525
f 3595 4525 3593
f 3595 4526 4525
f 4080 4524 4525
f 3595 3593 4030
f 4028 4470 4475
f 4026 4470 4028
f 4475 4476 4030
f 4475 4030 4028
f 3593 4028 4030
f 4475 4470 3345
f 4032 3595 4030
f 4524 3590 3593
f 4077 4522 4524
f 4470 4465 3344
f 4082 4525 4526
f 3586 4021 4024
f 5748 3253 3255
f 3252 3253 5743
f 5748 3255 5752
f 3255 3253 3649
f 4526 4085 4082
f 3647 4085 3649
f 4087 3649 4085
f 4087 3651 3649
f 3253 3647 3649
f 4087 4085 4528
f 3255 3649 3651
f 3647 3253 3252
f 3651 3258 3255
f 5752 3258 5757
f 5757 3258 3260
f 5757 5762 5680
f 5676 5752 5757
f 5757 3260 5762
f 3651 4087 4091
f 3258 3651 3654
f 3656 3260 3654
f 3656 3263 3260
f 3260 3258 3654
f 3651 4091 3654
f 5762 3260 3263
f 3255 3258 5752
f 5670 5748 5752
f 3654 4092 3656
f 4032 3597 3595
f 4526 3597 4528
f 4528 3597 3599
f 4087 4528 4530
f 4528 4085 4526
f 4528 3599 4530
f 4030 4476 4032
f 3597 4032 4035
f 4036 3599 4035
f 4036 3601 3599
f 3599 3597 4035
f 4032 4480 4035
f 4530 3599 3601
f 3595 3597 4526
f 3601 3210 4530
f 4091 3210 4092
f 3215 4092 3210
f 3215 4097 4092
f 3654 4091 4092
f 3215 3210 3604
f 4038 3601 4036
f 3601 4038 3604
f 4039 3604 4038
f 4039 3606 3604
f 3210 3601 3604
f 4036 4483 4038
f 3215 3604 3606
f 4530 3210 4091
f 4530 4091 4087
f 4035 4482 4036
f 3656 4092 4097
f 4082 4085 3647
f 3244 5716 3242
f 4038 4487 4039
f 3736 3740 3340
f 3338 3736 3340
f 4465 3340 3344
f 3340 3740 3344
f 4602 4605 4160
f 4158 4602 4160
f 4166 3740 4160
f 4166 3745 3740
f 3736 4160 3740
f 4605 4166 4160
f 3344 3740 3745
f 4602 5079 5082
f 3745 3749 3345
f 3745 3345 3344
f 3347 3751 3348
f 3345 3347 4475
f 4470 3344 3345
f 3345 3749 3347
f 3749 4168 4173
f 4168 3749 3745
f 4173 4614 4176
f 4173 3751 3749
f 3347 3749 3751
f 4166 4608 4168
f 4476 3347 3348
f 4168 3745 4166
f 4475 3347 4476
f 4168 4611 4173
f 4605 5082 5087
f 5082 4605 4602
f 5436 5441 5087
f 5087 4608 4605
f 4166 4605 4608
f 5087 5082 5436
f 3439 5537 5527
f 5432 5537 5436
f 5549 5436 5537
f 5549 5441 5436
f 5082 5432 5436
f 5549 5537 3442
f 4608 5087 5091
f 5079 5432 5082
f 4611 5091 5096
f 5091 4611 4608
f 5446 5453 5096
f 5096 4614 4611
f 4173 4611 4614
f 5096 5091 5446
f 5558 5441 5549
f 5441 5558 5446
f 5564 5446 5558
f 5564 5453 5446
f 5091 5441 5446
f 5564 5558 3450
f 4614 5096 5102
f 5441 5091 5087
f 4168 4608 4611
f 5558 5549 3447
f 3751 4173 4176
f 5432 5527 5537
f 4480 3348 3351
f 3348 4480 4476
f 3351 3755 3353
f 3351 4482 4480
f 4035 4480 4482
f 3351 3348 3753
f 3753 4176 4180
f 3751 4176 3753
f 3755 4180 4187
f 4180 3755 3753
f 3351 3753 3755
f 4180 4176 4618
f 4482 3351 3353
f 4176 4614 4618
f 4483 3353 3355
f 3353 4483 4482
f 4487 3355 3360
f 3355 4487 4483
f 4038 4483 4487
f 3355 3353 3759
f 4187 4199 3759
f 3755 4187 3759
f 3764 4209 3768
f 3759 3764 3355
f 3360 3355 3764
f 3759 4199 3764
f 4487 3360 4491
f 3755 3759 3353
f 4036 4482 4483
f 4187 4180 4624
f 4618 5102 5109
f 4614 5102 4618
f 4624 5109 5115
f 5109 4624 4618
f 4624 4180 4618
f 5109 5102 5462
f 5453 5564 5570
f 5102 5453 5462
f 5115 5467 5469
f 5462 5467 5109
f 5467 5115 5109
f 5453 5570 5462
f 4633 4624 5115
f 5096 5453 5102
f 4199 4633 4641
f 4624 4633 4187
f 4641 5130 4652
f 4641 4209 4199
f 3764 4199 4209
f 4641 4633 5121
f 5121 5469 5472
f 5115 5469 5121
f 5130 5472 5475
f 5472 5130 5121
f 4641 5121 5130
f 5467 5577 5469
f 4209 4641 4652
f 5115 5121 4633
f 4633 4199 4187
f 5462 5571 5467
f 3360 3764 3768
f 3348 3751 3753
f 4032 4476 4480
f 5590 5472 5469
f 4039 4487 4491
f 3736 4158 4160
f 3263 3265 5767
f 3263 5767 5762
f 5767 5772 5686
f 5767 3265 5772
f 3659 4097 4100
f 3656 4097 3659
f 3664 3659 4100
f 3664 3265 3659
f 3263 3659 3265
f 4100 4097 3220
f 5772 3265 3267
f 3656 3659 3263
f 5778 3267 3270
f 3267 5778 5772
f 5782 3270 3272
f 3270 5782 5778
f 5693 5778 5782
f 3270 3267 3668
f 3664 4100 4102
f 3267 3664 3668
f 3672 4108 3676
f 3668 3672 3270
f 3672 3272 3270
f 3664 4102 3668
f 5786 5782 3272
f 3664 3267 3265
f 5689 5772 5778
f 3668 4105 3672
f 3606 3609 3220
f 3215 3606 3220
f 3224 3611 3228
f 3220 3224 4100
f 4102 4100 3224
f 3220 3609 3224
f 3609 4041 4043
f 4041 3609 3606
f 3611 4043 4045
f 4043 3611 3609
f 3224 3609 3611
f 4043 4041 4494
f 4102 3224 3228
f 4491 4041 4039
f 4105 3228 3231
f 3228 4105 4102
f 3231 3617 3236
f 3231 4108 4105
f 3672 4105 4108
f 3231 3228 3614
f 3614 4045 4048
f 3611 4045 3614
f 3617 4048 4057
f 4048 3617 3614
f 3231 3614 3617
f 4048 4045 4504
f 4108 3231 3236
f 3611 3614 3228
f 3668 4102 4105
f 4045 4043 4499
f 3272 3672 3676
f 3215 3220 4097
f 3676 3275 3272
f 5786 3275 5790
f 3278 5790 3275
f 5790 3278 5797
f 5702 5786 5790
f 3278 3275 3682
f 3236 4112 4108
f 3676 4112 3682
f 4116 3682 4112
f 4116 3688 3682
f 3275 3676 3682
f 4116 4112 3241
f 3278 3682 3688
f 3272 3275 5786
f 3688 3286 3278
f 5797 3286 5803
f 5803 3286 3296
f 5803 5809 5731
f 5720 5797 5803
f 5803 3296 5809
f 3688 4116 4123
f 3286 3688 3697
f 3709 3296 3697
f 3709 3301 3296
f 3296 3286 3697
f 3688 4123 3697
f 5809 3296 3301
f 3278 3286 5797
f 5710 5790 5797
f 3697 4134 3709
f 4057 3620 3617
f 3236 3620 3241
f 3241 3620 3625
f 4116 3241 3245
f 3241 4112 3236
f 3241 3625 3245
f 4065 4057 4509
f 3620 4057 4065
f 4072 3625 4065
f 4072 3632 3625
f 3625 3620 4065
f 4072 4065 4514
f 3245 3625 3632
f 3617 3620 3236
f 3632 3251 3245
f 4123 3251 4134
f 3256 4134 3251
f 3256 4144 4134
f 3697 4123 4134
f 3256 3251 3639
f 4079 3632 4072
f 3632 4079 3639
f 4086 3639 4079
f 4086 3645 3639
f 3251 3632 3639
f 4086 4079 4523
f 3256 3639 3645
f 3245 3251 4123
f 3245 4123 4116
f 4079 4072 4519
f 3709 4134 4144
f 4108 4112 3676
f 5698 5782 5786
f 4057 4048 4507
f 4494 4491 3366
f 4491 4494 4041
f 4494 3366 3368
f 3768 3366 3360
f 4652 4218 4209
f 3768 4218 3772
f 3368 3772 3776
f 3768 3772 3366
f 3368 3366 3772
f 4218 4227 3772
f 4499 4494 3368
f 3360 3366 4491
f 3776 3373 3368
f 4499 3373 4504
f 4504 3373 3379
f 4504 4507 4048
f 4045 4499 4504
f 4504 3379 4507
f 3772 4227 3776
f 3373 3776 3783
f 3791 3379 3783
f 3791 3387 3379
f 3379 3373 3783
f 3776 4233 3783
f 4507 3379 3387
f 3368 3373 4499
f 4043 4494 4499
f 3783 4237 3791
f 4661 4652 5137
f 4218 4652 4661
f 4671 4227 4661
f 4227 4671 4233
f 4227 4218 4661
f 4671 4661 5146
f 5137 5475 5479
f 5130 5475 5137
f 5146 5479 5481
f 5479 5146 5137
f 4661 5137 5146
f 5472 5601 5475
f 5154 4671 5146
f 5130 5137 4652
f 5154 4680 4671
f 4233 4680 4237
f 4692 4237 4680
f 4692 4243 4237
f 3783 4233 4237
f 4692 4680 5161
f 5154 5481 5482
f 5146 5481 5154
f 5161 5482 5485
f 5482 5161 5154
f 4680 5154 5161
f 5479 5616 5481
f 5167 4692 5161
f 4233 4671 4680
f 3776 4227 4233
f 5475 5609 5479
f 3791 4237 4243
f 4209 4218 3768
f 4509 3387 3396
f 3387 4509 4507
f 3396 3803 3403
f 3396 4514 4509
f 4065 4509 4514
f 3396 3387 3797
f 3797 4243 4250
f 3791 4243 3797
f 3803 4250 4254
f 4250 3803 3797
f 3396 3797 3803
f 4250 4243 4700
f 4514 3396 3403
f 4243 4692 4700
f 4519 3403 3412
f 3403 4519 4514
f 4523 3412 3419
f 3412 4523 4519
f 4079 4519 4523
f 3412 3403 3810
f 4254 4259 3810
f 3803 4254 3810
f 3816 4265 3822
f 3810 3816 3412
f 3419 3412 3816
f 3810 4259 3816
f 4523 3419 4527
f 3803 3810 3403
f 4072 4514 4519
f 4254 4250 4709
f 4700 5167 5173
f 4692 5167 4700
f 4709 5173 5179
f 5173 4709 4700
f 4709 4250 4700
f 5173 5167 5488
f 5482 5624 5485
f 5167 5485 5488
f 5179 5491 5493
f 5488 5491 5173
f 5491 5179 5173
f 5485 5617 5488
f 4717 4709 5179
f 5161 5485 5167
f 4259 4717 4725
f 4709 4717 4254
f 4725 5191 4733
f 4725 4265 4259
f 3816 4259 4265
f 4725 4717 5185
f 5185 5493 5495
f 5179 5493 5185
f 5495 5625 5499
f 5495 5191 5185
f 4725 5185 5191
f 5491 5622 5493
f 4265 4725 4733
f 5179 5185 4717
f 4717 4259 4254
f 5488 5618 5491
f 3419 3816 3822
f 3387 3791 3797
f 4057 4507 4509
f 5481 5619 5482
f 4086 4523 4527
f 4039 4041 3606
f 5684 5762 5767
f 5493 5623 5495
f 3442 3439 3823
f 5537 3439 3442
f 5549 3442 3447
f 3447 3442 3827
f 3823 4219 4222
f 3820 4219 3823
f 3827 4222 4224
f 4222 3827 3823
f 3442 3823 3827
f 4222 4219 4607
f 3831 3447 3827
f 4219 4604 4607
f 3831 3836 3450
f 3831 3450 3447
f 3454 3841 3458
f 3450 3454 5564
f 5558 3447 3450
f 3450 3836 3454
f 4228 4224 4613
f 3831 4224 4228
f 3836 4228 4232
f 3836 3841 3454
f 3836 3831 4228
f 3836 4232 3841
f 5570 3454 3458
f 4224 3831 3827
f 5570 5564 3454
f 4224 4222 4610
f 4607 4994 4998
f 4604 4994 4607
f 4610 4998 5001
f 4998 4610 4607
f 4610 4222 4607
f 4998 4994 5850
f 5850 5848 5018
f 4994 5848 5850
f 5001 5854 5857
f 5850 5854 4998
f 5854 5001 4998
f 5854 5850 5022
f 4613 4610 5001
f 4991 5848 4994
f 4616 4613 5005
f 4228 4613 4616
f 4621 4232 4616
f 4621 4234 4232
f 4224 4610 4613
f 4621 4616 5008
f 5005 5857 5861
f 5001 5857 5005
f 5861 5865 5008
f 5861 5008 5005
f 4616 5005 5008
f 5861 5857 5029
f 4621 5008 5011
f 5001 5005 4613
f 4228 4616 4232
f 5857 5854 5025
f 3841 4232 4234
f 3823 3439 3820
f 3458 3463 5571
f 3458 5571 5570
f 5571 5577 5467
f 5571 3463 5577
f 3847 4234 4238
f 3841 4234 3847
f 3851 3847 4238
f 3851 3463 3847
f 3458 3847 3463
f 4238 4234 4627
f 5577 3463 3466
f 4234 4621 4627
f 5590 3466 3470
f 3466 5590 5577
f 5601 3470 3474
f 3470 5601 5590
f 5472 5590 5601
f 3470 3466 3856
f 3851 4238 4242
f 3466 3851 3856
f 3861 4249 3866
f 3856 3861 3470
f 3861 3474 3470
f 3851 4242 3856
f 5609 5601 3474
f 3851 3466 3463
f 5469 5577 5590
f 3856 4246 3861
f 5011 5015 4627
f 4621 5011 4627
f 5015 5020 4630
f 4627 4630 4238
f 4242 4238 4630
f 4627 5015 4630
f 5869 5865 5039
f 5011 5865 5869
f 5874 5015 5869
f 5874 5020 5015
f 5015 5011 5869
f 5874 5869 5045
f 4242 4630 4635
f 5008 5865 5011
f 4246 4635 4640
f 4635 4246 4242
f 4640 5031 4645
f 4640 4249 4246
f 3861 4246 4249
f 4640 4635 5026
f 5879 5020 5874
f 5020 5879 5026
f 5026 5879 5885
f 5026 5031 4640
f 4635 5020 5026
f 5026 5885 5031
f 4249 4640 4645
f 5020 4635 4630
f 3856 4242 4246
f 5879 5874 5051
f 3474 3861 3866
f 3458 3841 3847
f 5462 5570 5571
f 5865 5861 5034
f 5369 5371 5018
f 5014 5369 5018
f 5850 5018 5022
f 5018 5371 5022
f 5371 6228 5589
f 6228 5371 5369
f 5372 5589 5592
f 5589 5372 5371
f 5022 5371 5372
f 5589 6228 6879
f 5025 5022 5372
f 6881 6228 6882
f 5592 5374 5372
f 5025 5374 5029
f 5029 5374 5376
f 5861 5029 5034
f 5029 5857 5025
f 5029 5376 5034
f 5594 5592 6873
f 5374 5592 5594
f 5596 5376 5594
f 5596 5378 5376
f 5376 5374 5594
f 5596 5594 6230
f 6230 6232 5596
f 5372 5374 5025
f 5025 5854 5022
f 5592 5589 6875
f 6228 6880 6879
f 6878 6877 5589
f 6878 5589 6879
f 5589 6876 6875
f 6876 5589 6877
f 6874 5592 6875
f 6880 6228 6881
f 5594 6873 6872
f 6230 6871 6870
f 6872 6871 5594
f 5592 6874 6873
f 6230 6870 6869
f 6869 6868 6230
f 6868 6232 6230
f 6232 6868 6867
f 6230 5594 6871
f 5376 5378 5034
f 6229 6228 5369
f 5039 5378 5381
f 5378 5039 5034
f 5381 5598 5384
f 5381 5045 5039
f 5045 5869 5039
f 5381 5378 5597
f 5597 6232 6231
f 5596 6232 5597
f 6231 5578 5598
f 6231 5598 5597
f 5381 5597 5598
f 6231 6232 6866
f 5045 5381 5384
f 5596 5597 5378
f 5384 5388 5051
f 5384 5051 5045
f 5061 5392 5068
f 5051 5061 5879
f 5874 5045 5051
f 5051 5388 5061
f 5388 5599 5600
f 5599 5388 5384
f 5600 5582 5602
f 5600 5392 5388
f 5061 5388 5392
f 5598 5578 5599
f 5885 5061 5068
f 5599 5384 5598
f 5865 5034 5039
f 5599 5580 5600
f 6231 6866 6865
f 6863 6231 6864
f 6865 6864 6231
f 6231 6863 5578
f 5578 6863 6862
f 5578 6862 6861
f 6860 5578 6861
f 5580 5578 6860
f 6859 6858 5580
f 5580 6858 6857
f 5580 5582 5600
f 6860 6859 5580
f 5580 6856 5582
f 5580 6857 6856
f 5582 6856 6855
f 6854 5582 6855
f 5582 6854 6853
f 5599 5578 5580
f 5600 5602 5392
f 6866 6232 6867
f 5061 5885 5879
f 5885 5141 5031
f 5014 5018 5848
f 5616 5609 3477
f 5609 5616 5479
f 5616 3477 3481
f 3866 3477 3474
f 4645 4253 4249
f 3866 4253 3870
f 3481 3870 3874
f 3866 3870 3477
f 3481 3477 3870
f 3870 4253 4256
f 5619 5616 3481
f 3866 4249 4253
f 3874 3488 3481
f 5619 3488 5624
f 3495 5624 3488
f 5624 3495 5617
f 5482 5619 5624
f 3495 3488 3879
f 3874 4256 4260
f 3870 4256 3874
f 3879 4260 4264
f 4260 3879 3874
f 3488 3874 3879
f 4260 4256 4658
f 3882 3879 4264
f 5619 3481 3488
f 5481 5616 5619
f 4256 4253 4650
f 5141 5035 5031
f 4645 5035 4650
f 5042 4650 5035
f 4650 5042 4658
f 4650 4253 4645
f 5042 5035 5148
f 5141 5068 5076
f 5885 5068 5141
f 5148 5076 5085
f 5076 5148 5141
f 5035 5141 5148
f 5076 5068 5398
f 5151 5042 5148
f 5035 4645 5031
f 5151 5052 5042
f 4658 5052 4666
f 4666 5062 4673
f 4658 4666 4260
f 4256 4650 4658
f 4666 5052 5062
f 5085 5094 5151
f 5148 5085 5151
f 5062 5158 5164
f 5151 5158 5052
f 5062 5052 5158
f 5094 5158 5151
f 4264 4666 4673
f 4658 5042 5052
f 4260 4666 4264
f 5085 5076 5402
f 3495 3879 3882
f 5609 3474 3477
f 3882 3499 3495
f 5617 3499 5618
f 3503 5618 3499
f 5618 3503 5622
f 5488 5617 5618
f 3503 3499 3886
f 4673 4270 4264
f 3882 4270 3886
f 4276 3886 4270
f 4276 3891 3886
f 3499 3882 3886
f 4276 4270 4678
f 3503 3886 3891
f 3495 3499 5617
f 3891 3507 3503
f 5622 3507 5623
f 5623 3507 3512
f 5623 5625 5495
f 5493 5622 5623
f 5623 3512 5625
f 3891 4276 4282
f 3507 3891 3896
f 3902 3512 3896
f 3902 3515 3512
f 3512 3507 3896
f 3891 4282 3896
f 4289 4293 3902
f 3503 3507 5622
f 5491 5618 5622
f 3896 4289 3902
f 5164 5069 5062
f 4673 5069 4678
f 4678 5069 5077
f 4276 4678 4685
f 4678 4270 4673
f 4678 5077 4685
f 5158 5100 5164
f 5069 5164 5170
f 5175 5077 5170
f 5175 5084 5077
f 5077 5069 5170
f 5164 5105 5170
f 4685 5077 5084
f 5062 5069 4673
f 5084 4691 4685
f 4282 4691 4289
f 4696 4289 4691
f 4696 4293 4289
f 3896 4282 4289
f 4696 4691 5093
f 5178 5084 5175
f 5084 5178 5093
f 5183 5093 5178
f 5183 5099 5093
f 4691 5084 5093
f 5175 5112 5178
f 5118 5124 5183
f 4685 4691 4282
f 4685 4282 4276
f 5170 5107 5175
f 5093 5099 4696
f 4264 4270 3882
f 5485 5624 5617
f 5178 5118 5183
f 5602 5603 5398
f 5392 5602 5398
f 5076 5398 5402
f 5398 5603 5402
f 5603 5583 5585
f 5583 5603 5602
f 5604 5585 5586
f 5585 5604 5603
f 5402 5603 5604
f 5585 5583 6851
f 5408 5402 5604
f 6853 5583 5582
f 5094 5408 5414
f 5402 5408 5085
f 5414 5606 5420
f 5414 5100 5094
f 5158 5094 5100
f 5414 5408 5605
f 5605 5586 5587
f 5604 5586 5605
f 5587 6235 5588
f 5587 5606 5605
f 5414 5605 5606
f 5587 5586 6234
f 5587 5588 5606
f 5604 5605 5408
f 5408 5094 5085
f 5586 5585 6233
f 5583 6853 6852
f 6850 5585 6851
f 6852 6851 5583
f 6233 5585 6849
f 6849 5585 6850
f 6849 6848 6233
f 6848 6847 6233
f 6847 5586 6233
f 5587 6234 6844
f 5586 6847 6234
f 6842 6841 6235
f 6235 6841 5588
f 6235 6843 6842
f 6234 6846 6845
f 6845 6844 6234
f 5587 6844 6843
f 6846 6234 6847
f 5587 6843 6235
f 5414 5420 5100
f 5582 5583 5602
f 5105 5420 5426
f 5420 5105 5100
f 5426 5608 5430
f 5426 5107 5105
f 5170 5105 5107
f 5426 5420 5607
f 5607 5588 5591
f 5606 5588 5607
f 5591 5593 5608
f 5591 5608 5607
f 5426 5607 5608
f 5591 5588 6839
f 5107 5426 5430
f 5606 5607 5420
f 5112 5430 5434
f 5430 5112 5107
f 5118 5434 5438
f 5434 5118 5112
f 5178 5112 5118
f 5434 5430 5610
f 5610 5595 5611
f 5434 5610 5611
f 5612 5611 6237
f 6237 6827 6826
f 5438 5434 5611
f 5608 5593 5610
f 5118 5438 5124
f 5610 5430 5608
f 5175 5107 5112
f 5595 6237 5611
f 5591 6836 6835
f 6834 5593 6835
f 5593 6834 6833
f 5591 6837 6836
f 6839 5588 6840
f 5591 6839 6838
f 5591 6838 6837
f 5593 5591 6835
f 6829 5595 6830
f 6237 5595 6829
f 6237 6829 6828
f 6827 6237 6828
f 6832 5593 6833
f 5595 6832 6831
f 6830 5595 6831
f 5593 6832 5595
f 5610 5593 5595
f 5612 5438 5611
f 6840 5588 6841
f 5164 5100 5105
f 3515 5625 3512
f 5392 5398 5068
f 5475 5601 5609
f 5499 5191 5495
f 3244 3636 3637
f 3253 5748 5743
f 5924 5927 5806
f 7148 7147 6238
f 7147 7146 6318
f 4202 4206 3968
f 6318 3968 6238
f 3970 6238 3968
f 3970 7149 6238
f 7147 6318 6238
f 3970 3968 4206
f 7148 6238 7149
f 6318 3963 3968
f 7149 6239 7150
f 7150 6239 7151
f 7151 3976 7152
f 3976 6239 3970
f 7151 6239 3976
f 7152 6240 7153
f 7152 3976 6240
f 7153 6240 7154
f 6239 7149 3970
f 3976 3970 4211
f 4206 4444 4449
f 4202 4444 4206
f 4738 4742 4449
f 4449 4211 4206
f 4211 3970 4206
f 4449 4444 4738
f 4738 4827 4838
f 4734 4827 4738
f 4910 4913 4838
f 4910 4838 4827
f 4738 4838 4742
f 4824 4910 4906
f 4211 4449 4454
f 4444 4734 4738
f 4213 4454 4460
f 4211 4454 4213
f 4216 4213 4460
f 6330 6240 4213
f 4449 4742 4454
f 4460 4454 4745
f 4849 4742 4838
f 4742 4849 4745
f 4870 4745 4849
f 4870 4749 4745
f 4454 4742 4745
f 4838 4913 4849
f 4745 4749 4460
f 4213 3976 4211
f 4213 6240 3976
f 4917 4870 4849
f 6240 6330 7154
f 4906 4910 4827
f 7155 6330 7156
f 7156 4216 7157
f 4460 4463 4216
f 7156 6330 4216
f 7158 4221 7159
f 7157 4216 4221
f 7158 7157 4221
f 4216 4463 4221
f 6330 7155 7154
f 7159 6241 7160
f 7161 7160 6241
f 4472 7161 6241
f 4472 7163 7162
f 7162 7161 4472
f 7163 4477 7164
f 7164 4477 7165
f 6241 7159 4221
f 4221 4469 6241
f 4749 4753 4463
f 4460 4749 4463
f 4463 4753 4469
f 6241 4469 4472
f 4469 4221 4463
f 4469 4756 4472
f 4753 4887 4897
f 4887 4753 4749
f 4756 4897 4905
f 4897 4756 4753
f 4469 4753 4756
f 4870 4920 4887
f 4760 4472 4756
f 4887 4749 4870
f 6242 4477 4764
f 4477 6242 7166
f 7167 7166 6242
f 7163 4472 4477
f 6242 4764 4768
f 4760 4905 4915
f 4905 4760 4756
f 4915 4935 4926
f 4915 4764 4760
f 4477 4760 4764
f 4897 4927 4905
f 4764 4915 4926
f 4760 4477 4472
f 7165 4477 7166
f 4887 4924 4897
f 4213 4216 6330
f 4905 4932 4915
f 4829 4910 4824
f 4910 4829 4913
f 4829 5180 4833
f 4829 4824 5177
f 5177 5386 5391
f 5172 5386 5177
f 5180 5391 5396
f 5391 5180 5177
f 4829 5177 5180
f 5391 5386 3176
f 4913 4829 4833
f 4824 5172 5177
f 4917 4833 4836
f 4833 4917 4913
f 4836 5186 4840
f 4836 4920 4917
f 4870 4917 4920
f 4836 4833 5182
f 5182 5396 5400
f 5180 5396 5182
f 5400 3186 5406
f 5400 5186 5182
f 4836 5182 5186
f 5400 5396 3182
f 4920 4836 4840
f 5180 5182 4833
f 4849 4913 4917
f 5396 5391 3178
f 3176 3440 3444
f 5569 3440 3176
f 3444 3746 3448
f 3444 3178 3176
f 5391 3176 3178
f 3444 3440 3741
f 3741 4066 4071
f 3735 4066 3741
f 3746 4071 4075
f 4071 3746 3741
f 3444 3741 3746
f 4066 4428 4071
f 3178 3444 3448
f 3735 3741 3440
f 3182 3448 3451
f 3448 3182 3178
f 3451 3754 3456
f 3451 3186 3182
f 5400 3182 3186
f 3451 3448 3750
f 3750 4075 4078
f 3746 4075 3750
f 3754 4078 4084
f 4078 3754 3750
f 3451 3750 3754
f 4075 4439 4078
f 3186 3451 3456
f 3746 3750 3448
f 5396 3178 3182
f 4071 4433 4075
f 5186 5400 5406
f 5386 5569 3176
f 4924 4840 4845
f 4840 4924 4920
f 4845 5192 4851
f 4845 4927 4924
f 4897 4924 4927
f 4845 4840 5189
f 5189 5406 5411
f 5186 5406 5189
f 5192 5411 5417
f 5411 5192 5189
f 4845 5189 5192
f 5411 5406 3189
f 4927 4845 4851
f 5186 5189 4840
f 4932 4851 4859
f 4851 4932 4927
f 4859 5200 4868
f 4859 4935 4932
f 4915 4932 4935
f 4859 4851 5196
f 5196 5417 5422
f 5192 5417 5196
f 5422 3200 5427
f 5422 5200 5196
f 4859 5196 5200
f 5422 5417 3196
f 4859 4868 4935
f 5192 5196 4851
f 4905 4927 4932
f 5417 5411 3192
f 3189 3456 3461
f 3186 3456 3189
f 3461 3761 3464
f 3461 3192 3189
f 5411 3189 3192
f 3461 3456 3757
f 3757 4084 4089
f 3754 4084 3757
f 3761 4089 4094
f 4089 3761 3757
f 3461 3757 3761
f 4084 4451 4089
f 3192 3461 3464
f 3754 3757 3456
f 3196 3464 3468
f 3464 3196 3192
f 3468 3766 3471
f 3468 3200 3196
f 5422 3196 3200
f 3468 3464 3762
f 3762 4094 4099
f 3761 4094 3762
f 3766 4099 4104
f 4099 3766 3762
f 3468 3762 3766
f 4094 4464 4099
f 3468 3471 3200
f 3761 3762 3464
f 5417 3192 3196
f 4089 4456 4094
f 5422 5427 5200
f 3186 3189 5406
f 4887 4920 4924
f 4078 4445 4084
f 6242 7168 7167
f 4424 4428 4066
f 7169 7168 4768
f 7170 7169 4768
f 4768 4926 4938
f 4764 4926 4768
f 6243 4938 4949
f 4938 6243 4768
f 7170 4768 6243
f 4938 4926 4940
f 7171 7170 6243
f 6242 4768 7168
f 7173 7172 6243
f 4949 7173 6243
f 4949 7174 7173
f 4949 6244 7175
f 4949 7175 7174
f 7175 6244 7176
f 7176 6244 7177
f 6243 7172 7171
f 4949 4938 4944
f 4940 4868 4875
f 4935 4868 4940
f 4875 5207 4880
f 4875 4944 4940
f 4944 4938 4940
f 4875 4868 5202
f 5202 5427 5433
f 5200 5427 5202
f 5207 5433 5435
f 5433 5207 5202
f 4875 5202 5207
f 5427 3202 5433
f 4944 4875 4880
f 5200 5202 4868
f 4880 4885 4947
f 4944 4880 4947
f 4952 6244 4947
f 6244 4952 7177
f 4947 4949 4944
f 4947 4885 4952
f 5208 5435 5439
f 5208 5207 5435
f 5213 5208 5439
f 5213 4885 5208
f 4885 4880 5208
f 5435 3206 5439
f 4952 4885 4890
f 5207 5208 4880
f 4947 6244 4949
f 5433 3204 5435
f 7178 7177 4952
f 4935 4940 4926
f 7179 4952 6245
f 7179 6245 7180
f 7180 6245 7181
f 6245 4890 4894
f 4952 4890 6245
f 4894 7182 6245
f 7182 4894 7183
f 7181 6245 7182
f 4890 5216 4894
f 5213 4890 4885
f 7184 4894 6246
f 7185 7184 6246
f 6246 7186 7185
f 5222 7187 7186
f 5222 7186 6246
f 7187 5222 7188
f 4894 5220 6246
f 4894 7184 7183
f 5222 7189 7188
f 5216 5213 5444
f 4890 5213 5216
f 5222 5220 5455
f 6246 5220 5222
f 5220 4894 5216
f 5220 5216 5449
f 5444 3212 5449
f 5444 5449 5216
f 5455 3218 5459
f 5455 5459 5222
f 5220 5449 5455
f 5449 3216 5455
f 5459 7189 5222
f 5444 5213 5439
f 7191 5459 5464
f 7191 5464 7192
f 7192 5464 7193
f 5464 3226 7194
f 5464 7194 7193
f 7194 3226 7195
f 5464 5459 3222
f 5459 7191 7190
f 7190 7189 5459
f 5444 5439 3209
f 7179 7178 4952
f 7196 7195 6247
f 3204 3202 3475
f 5433 3202 3204
f 5435 3204 3206
f 3206 3204 3479
f 3475 3471 3769
f 3471 3475 3202
f 3484 3479 3774
f 3479 3484 3206
f 3204 3475 3479
f 3479 3475 3771
f 3209 3206 3484
f 3200 3471 3202
f 3212 3209 3490
f 5444 3209 3212
f 3218 3216 3498
f 5455 3216 3218
f 3216 5449 3212
f 3216 3212 3494
f 3494 3490 3782
f 3212 3490 3494
f 3218 3502 3222
f 3494 3498 3216
f 3502 3218 3498
f 3498 3494 3787
f 3222 5459 3218
f 3490 3209 3484
f 3209 5439 3206
f 3490 3484 3779
f 3771 3769 4107
f 3475 3769 3771
f 3779 3774 4114
f 3484 3774 3779
f 3774 3479 3771
f 3774 3771 4110
f 4104 4478 4107
f 4104 4107 3769
f 4110 4489 4114
f 4110 4114 3774
f 3771 4107 4110
f 4107 4486 4110
f 4118 3779 4114
f 3766 4104 3769
f 3787 3782 4121
f 3494 3782 3787
f 3789 4131 3794
f 3787 3789 3498
f 3490 3779 3782
f 3789 3787 4126
f 4118 4496 4121
f 4118 4121 3782
f 4126 4501 4131
f 4126 4131 3789
f 3787 4121 4126
f 4121 4498 4126
f 3789 3794 3502
f 4118 3782 3779
f 3498 3789 3502
f 4114 4493 4118
f 3222 3502 3504
f 3766 3769 3471
f 6247 3226 3508
f 7195 3226 6247
f 7197 6247 3511
f 5464 3222 3226
f 7197 3511 7198
f 3794 3798 3504
f 3794 3504 3502
f 3798 3508 3504
f 3508 3511 6247
f 3226 3504 3508
f 3802 3511 3508
f 7199 7198 3511
f 3504 3226 3222
f 7199 6248 7200
f 7200 6248 7201
f 7201 6248 7202
f 3809 7203 7202
f 3809 7202 6248
f 7203 3809 7204
f 3805 6248 3511
f 6248 7199 3511
f 6249 7205 7204
f 3802 3798 4143
f 3798 3802 3508
f 3809 3805 4151
f 3805 3809 6248
f 3511 3802 3805
f 3805 3802 4148
f 4137 4506 4143
f 4137 4143 3798
f 4148 4510 4151
f 4148 4151 3805
f 3802 4143 4148
f 4143 4508 4148
f 4156 3809 4151
f 4137 3798 3794
f 6249 4161 7206
f 3809 6249 7204
f 7206 4161 7207
f 7207 4161 7208
f 4156 4516 4161
f 4156 4161 6249
f 7209 4161 4518
f 7208 4161 7209
f 4156 4151 4512
f 4156 6249 3809
f 7206 7205 6249
f 4137 4131 4503
f 4137 3794 4131
f 7196 6247 7197
f 4104 4099 4471
f 3200 3202 5427
f 7209 4518 7210
f 4792 4797 4428
f 4424 4792 4428
f 4428 4433 4071
f 4428 4797 4433
f 4797 5163 5168
f 5163 4797 4792
f 4800 5168 5171
f 5168 4800 4797
f 4433 4797 4800
f 5168 5163 4684
f 4439 4433 4800
f 4676 5163 5159
f 5171 4803 4800
f 4439 4803 4445
f 4445 4803 4806
f 4445 4451 4084
f 4078 4439 4445
f 4445 4806 4451
f 5176 5171 4695
f 4803 5171 5176
f 4806 5176 5181
f 4806 4811 4451
f 4806 4803 5176
f 4806 5181 4811
f 4456 4451 4811
f 4800 4803 4439
f 4075 4433 4439
f 5171 5168 4689
f 5821 6079 6141
f 4676 6079 4684
f 4684 6079 6092
f 5168 4684 4689
f 4684 5163 4676
f 4684 6092 4689
f 5828 5821 5810
f 6079 5821 5828
f 5834 6092 5828
f 5834 6105 6092
f 6092 6079 5828
f 5834 5828 5812
f 4689 6092 6105
f 5821 5806 5810
f 6105 6113 4695
f 6105 4695 4689
f 4702 6125 4710
f 4695 4702 5176
f 5171 4689 4695
f 4695 6113 4702
f 6113 5838 5843
f 5838 6113 6105
f 5843 5851 6125
f 5843 6125 6113
f 4702 6113 6125
f 5843 5838 5845
f 4702 4710 5181
f 5838 6105 5834
f 5181 5176 4702
f 5838 5834 5829
f 4811 5181 5184
f 4676 6141 6079
f 4464 4456 4814
f 4456 4464 4094
f 4464 4471 4099
f 4471 4464 4818
f 4814 5184 5188
f 4811 5184 4814
f 4818 5188 5194
f 5188 4818 4814
f 4464 4814 4818
f 5188 5184 4714
f 4822 4471 4818
f 4710 5184 5181
f 4822 4826 4478
f 5194 4822 4818
f 4478 4826 4486
f 4486 4489 4110
f 4107 4478 4486
f 4486 4832 4489
f 5197 4826 4822
f 5197 4822 5194
f 4826 5201 4832
f 4832 4835 4489
f 4486 4826 4832
f 4832 5206 4835
f 4493 4489 4835
f 4471 4822 4478
f 4104 4471 4478
f 5194 5188 4720
f 4714 4710 6137
f 5184 4710 4714
f 4726 5194 4720
f 4714 4720 5188
f 5194 4726 5197
f 4720 4714 6146
f 6125 5851 6137
f 4714 6137 6146
f 4726 6155 6153
f 6146 6155 4720
f 6155 4726 4720
f 6137 5858 6146
f 6050 5197 4726
f 6137 4710 6125
f 5201 6050 6051
f 6050 5201 5197
f 5206 6051 6052
f 6051 5206 5201
f 4832 5201 5206
f 6051 6050 6152
f 6155 5870 6153
f 6050 6153 6152
f 5884 5889 6160
f 6152 6160 6051
f 6160 6052 6051
f 6153 5876 6152
f 5206 6052 5209
f 6153 6050 4726
f 4826 5197 5201
f 6146 5863 6155
f 4835 5206 5209
f 4456 4811 4814
f 4089 4451 4456
f 6152 5884 6160
f 5927 5929 5810
f 5806 5927 5810
f 5828 5810 5812
f 5810 5929 5812
f 5746 5740 5815
f 5927 5740 5746
f 5929 5746 5755
f 5929 5933 5812
f 5929 5927 5746
f 5755 5933 5929
f 5829 5812 5933
f 5924 5740 5927
f 5845 5829 5938
f 5838 5829 5845
f 5851 5864 5882
f 5845 5864 5843
f 5834 5812 5829
f 5864 5845 5943
f 5933 5761 5938
f 5845 5938 5943
f 5776 5783 5949
f 5943 5949 5864
f 5949 5882 5864
f 5938 5769 5943
f 5858 5851 5882
f 5938 5829 5933
f 5851 5843 5864
f 5943 5776 5949
f 5820 5815 3307
f 5746 5815 5820
f 5755 5820 5826
f 5755 5761 5933
f 5755 5746 5820
f 5755 5826 5761
f 3307 3301 3718
f 5815 3301 3307
f 5826 3313 3321
f 3307 3313 5820
f 3313 5826 5820
f 3313 3307 3730
f 5832 5761 5826
f 5809 3301 5815
f 5769 5832 5840
f 5832 5769 5761
f 5776 5840 5847
f 5840 5776 5769
f 5943 5769 5776
f 5840 5832 3333
f 3333 3321 3748
f 5832 3321 3333
f 5847 3341 3352
f 3333 3341 5840
f 3341 5847 5840
f 3341 3333 3756
f 5776 5847 5783
f 3321 5832 5826
f 5938 5761 5769
f 3321 3313 3738
f 5882 5949 5957
f 5809 5815 5740
f 5957 5902 5882
f 5858 5902 5863
f 5863 5902 5921
f 5863 5870 6155
f 6146 5858 5863
f 5863 5921 5870
f 5783 5788 5957
f 5949 5783 5957
f 5921 5965 5974
f 5957 5965 5902
f 5921 5902 5965
f 5788 5965 5957
f 5914 5870 5921
f 5858 5882 5902
f 5876 5914 5920
f 5914 5876 5870
f 5884 5920 5925
f 5920 5884 5876
f 6152 5876 5884
f 5920 5914 5980
f 5965 5794 5974
f 5914 5974 5980
f 5986 5807 5992
f 5980 5986 5920
f 5986 5925 5920
f 5974 5798 5980
f 5884 5925 5889
f 5974 5914 5921
f 6153 5870 5876
f 5980 5802 5986
f 5788 5853 5846
f 5853 5788 5783
f 5794 5846 5855
f 5846 5794 5788
f 5965 5788 5794
f 5846 5853 3358
f 3358 3352 3765
f 5853 3352 3358
f 5855 3363 3369
f 3358 3363 5846
f 3363 5855 5846
f 3363 3358 3770
f 5798 5794 5855
f 5847 3352 5853
f 3369 5860 5855
f 5798 5860 5802
f 5802 5860 5868
f 5802 5807 5986
f 5980 5798 5802
f 5802 5868 5807
f 3375 3369 3785
f 5860 3369 3375
f 3382 5868 3375
f 3382 5873 5868
f 5868 5860 3375
f 3382 3375 3792
f 5868 5873 5807
f 5855 5860 5798
f 5974 5794 5798
f 3369 3363 3775
f 5986 5992 5925
f 5847 5853 5783
f 6137 5851 5858
f 3352 3341 3760
f 6159 6052 6160
f 5163 4792 5159
f 4496 4493 4841
f 4493 4496 4118
f 4496 4498 4121
f 4498 4496 4846
f 4841 5209 5214
f 4835 5209 4841
f 4846 5214 5218
f 5214 4846 4841
f 4496 4841 4846
f 5214 5209 6053
f 4854 4498 4846
f 5209 6052 6053
f 4501 4854 4860
f 5218 4854 4846
f 4503 4860 4867
f 4860 4503 4501
f 4131 4501 4503
f 4860 4854 5221
f 5221 5218 6055
f 4854 5218 5221
f 5224 6057 5227
f 5221 5224 4860
f 5224 4867 4860
f 5224 5221 6056
f 4506 4503 4867
f 4498 4854 4501
f 4126 4498 4501
f 5218 5214 6054
f 6053 6159 6162
f 6052 6159 6053
f 6054 6162 6161
f 6162 6054 6053
f 5214 6053 6054
f 6162 6159 5894
f 5894 5889 5626
f 6159 5889 5894
f 6161 5901 5908
f 5894 5901 6162
f 5901 6161 6162
f 5901 5894 5633
f 6055 6054 6161
f 6160 5889 6159
f 5908 6151 6161
f 6055 6151 6056
f 6056 6151 6154
f 6056 6057 5224
f 5221 6055 6056
f 6056 6154 6057
f 5867 5908 5638
f 6151 5908 5867
f 5872 6154 5867
f 5872 6156 6154
f 6154 6151 5867
f 5872 5867 5645
f 6057 6154 6156
f 6161 6151 6055
f 5218 6054 6055
f 5908 5901 5634
f 4867 5224 5227
f 4493 4835 4841
f 5227 4874 4867
f 4506 4874 4508
f 4508 4874 4879
f 4508 4510 4148
f 4143 4506 4508
f 4508 4879 4510
f 5230 5227 6058
f 4874 5227 5230
f 5232 4879 5230
f 5232 4886 4879
f 4879 4874 5230
f 5232 5230 6059
f 4510 4879 4886
f 4867 4874 4506
f 4512 4889 4516
f 4512 4516 4156
f 4518 4516 4893
f 4518 6250 7210
f 4161 4516 4518
f 4898 6250 4518
f 4886 5232 5234
f 4886 4889 4512
f 4889 5237 4893
f 4893 4898 4518
f 4516 4889 4893
f 4886 5234 4889
f 4901 4898 5242
f 4886 4512 4510
f 4151 4510 4512
f 4893 5239 4898
f 6059 6058 6157
f 5230 6058 6059
f 6060 6112 6061
f 6059 6060 5232
f 6060 5234 5232
f 6060 6059 6158
f 6156 5872 5877
f 6156 6157 6058
f 6157 5881 6158
f 6158 6112 6060
f 6059 6157 6158
f 6156 5877 6157
f 5234 6060 6061
f 6057 6156 6058
f 6061 6062 5237
f 6061 5237 5234
f 5237 6062 5239
f 5239 5242 4898
f 4893 5237 5239
f 5239 6063 5242
f 6062 6115 6117
f 6115 6062 6061
f 6117 5896 6120
f 6117 6063 6062
f 5239 6062 6063
f 6112 5891 6115
f 6063 6117 6120
f 6115 6061 6112
f 4889 5234 5237
f 6158 5886 6112
f 4898 4901 6250
f 6057 6058 5227
f 4137 4503 4506
f 6115 5897 6117
f 5992 5997 5626
f 5925 5992 5626
f 5894 5626 5633
f 5626 5997 5633
f 5997 5813 5817
f 5813 5997 5992
f 5817 5822 6001
f 5817 6001 5997
f 5633 5997 6001
f 5817 5813 5880
f 5634 5633 6001
f 5873 5813 5807
f 5638 5634 6005
f 5908 5634 5638
f 5653 5872 5645
f 5638 5645 5867
f 5901 5633 5634
f 5645 5638 6008
f 6001 5822 6005
f 5638 6005 6008
f 6016 5837 6019
f 6008 6016 5645
f 6016 5653 5645
f 6005 5827 6008
f 5653 6016 6019
f 6005 5634 6001
f 5653 5877 5872
f 6008 5833 6016
f 5880 5873 3389
f 5813 5873 5880
f 5822 5888 5892
f 5880 5888 5817
f 5888 5822 5817
f 5888 5880 3397
f 3397 3389 3807
f 5880 3389 3397
f 5892 3402 3409
f 3397 3402 5888
f 3402 5892 5888
f 3402 3397 3813
f 5827 5822 5892
f 3389 5873 3382
f 3409 5899 5892
f 5827 5899 5833
f 5833 5899 5906
f 5833 5837 6016
f 6008 5827 5833
f 5833 5906 5837
f 3417 3409 3826
f 5899 3409 3417
f 3424 5906 3417
f 3424 5911 5906
f 5906 5899 3417
f 3424 3417 3834
f 5906 5911 5837
f 5892 5899 5827
f 6005 5822 5827
f 3409 3402 3819
f 5653 5665 5877
f 5807 5813 5992
f 5881 5665 5682
f 5665 5881 5877
f 5886 5682 5692
f 5682 5886 5881
f 6158 5881 5886
f 5682 5665 6022
f 6022 6019 5842
f 5665 6019 6022
f 5692 6029 6035
f 6022 6029 5682
f 6029 5692 5682
f 6029 6022 5849
f 5891 5886 5692
f 6019 5665 5653
f 6035 5707 5692
f 5891 5707 5897
f 5897 5707 5721
f 5897 5896 6117
f 6115 5891 5897
f 5897 5721 5896
f 6040 6035 5859
f 5707 6035 6040
f 6045 5721 6040
f 6045 5736 5721
f 5721 5707 6040
f 6045 6040 5862
f 5721 5736 5896
f 5692 5707 5891
f 6112 5886 5891
f 6035 6029 5856
f 5911 5917 5842
f 5837 5911 5842
f 5842 5917 5849
f 5849 5856 6029
f 6022 5842 5849
f 5849 5923 5856
f 5917 3432 3437
f 3432 5917 5911
f 5923 3437 3443
f 3437 5923 5917
f 5849 5917 5923
f 3437 3432 3854
f 5926 5856 5923
f 3432 5911 3424
f 5859 5926 5928
f 5926 5859 5856
f 5862 5928 5930
f 5928 5862 5859
f 6040 5859 5862
f 5928 5926 3449
f 3449 3443 3867
f 5926 3443 3449
f 5930 3452 3457
f 3449 3452 5928
f 3452 5930 5928
f 3452 3449 3871
f 5862 5930 5866
f 3443 5926 5923
f 6035 5856 5859
f 3443 3437 3860
f 5862 5866 6045
f 5837 5842 6019
f 6157 5877 5881
f 3432 3424 3845
f 6064 5242 6063
f 5925 5626 5889
f 4114 4489 4493
f 3389 3382 3799
f 7210 6250 7211
f 6200 6318 7146
f 4847 7258 7257
f 4847 7259 7258
f 7255 6252 7256
f 5190 7257 7256
f 5190 4847 7257
f 7256 6252 5190
f 7260 7259 4548
f 7263 7262 6257
f 6257 7264 7263
f 7264 6257 6256
f 6257 7262 4548
f 4548 7259 4847
f 7260 4548 7261
f 4852 4548 4847
f 7261 4548 7262
f 4553 4548 4852
f 4847 5190 5195
f 4852 5195 5203
f 4847 5195 4852
f 7250 4964 7251
f 7251 6253 7252
f 4964 6253 7251
f 7248 7247 4964
f 4964 7249 7248
f 7249 4964 7250
f 4964 7247 5257
f 7253 7252 6253
f 6252 7253 6253
f 7255 7254 6252
f 5044 5190 5038
f 5038 5190 6252
f 5044 5195 5190
f 6252 6253 5038
f 4967 6253 4964
f 5038 6253 4967
f 5038 4970 5044
f 5044 5049 5195
f 5038 4967 4970
f 4973 5049 5044
f 5195 5049 5203
f 7253 6252 7254
f 4967 4964 5260
f 4548 4553 6257
f 7268 3825 7269
f 7269 3825 7270
f 7266 6256 7267
f 4049 4053 3825
f 7267 4049 7268
f 3825 7268 4049
f 7267 6256 4049
f 6258 7270 3825
f 7272 6321 7273
f 7274 7273 6321
f 6321 7275 7274
f 6258 7271 7270
f 7272 7271 6258
f 3828 6321 6258
f 3828 3622 6321
f 6321 7272 6258
f 3828 6258 3825
f 7275 6321 3622
f 3825 4053 3828
f 4852 4857 4553
f 4302 6257 4553
f 6257 4302 6256
f 4302 4558 4306
f 6256 7266 7265
f 4302 4553 4558
f 5203 5057 5210
f 4852 5203 4857
f 4857 4863 4558
f 4857 5203 5210
f 4553 4857 4558
f 5057 5203 5049
f 4049 6256 4302
f 6256 7265 7264
f 4053 4306 4310
f 4049 4302 4306
f 4863 4865 4561
f 4561 4310 4306
f 4053 4310 4055
f 4863 4561 4558
f 4863 5210 5215
f 4857 5210 4863
f 5064 4986 5073
f 5064 5215 5210
f 4863 5215 4865
f 5064 5210 5057
f 5215 5064 5073
f 4306 4558 4561
f 4306 4053 4049
f 5049 4977 5057
f 3828 4053 4055
f 5057 4980 5064
f 7240 6255 7241
f 7239 6255 7240
f 7238 7237 3254
f 3254 7239 7238
f 3254 6255 7239
f 3254 7237 3531
f 7242 7241 6255
f 7244 6254 7245
f 5257 7246 7245
f 7247 7246 5257
f 7245 6254 5257
f 6254 7242 6255
f 7242 6254 7243
f 5483 6254 6255
f 6254 5483 5257
f 7244 7243 6254
f 6255 3254 3257
f 5484 5483 3259
f 6255 3257 5483
f 7235 7234 6268
f 7235 3531 7236
f 3531 7235 6268
f 6268 7234 6322
f 7231 6265 7232
f 6322 7233 7232
f 7233 6322 7234
f 6265 6322 7232
f 3835 6268 6322
f 3536 3531 3840
f 3254 3531 3536
f 3257 3536 3539
f 3257 3259 5483
f 7237 7236 3531
f 3257 3539 3259
f 3840 3835 4195
f 3531 3835 3840
f 3539 3844 3850
f 3840 3844 3536
f 3844 3539 3536
f 3844 3840 4201
f 3541 3259 3539
f 3835 3531 6268
f 3536 3257 3254
f 6322 4192 3835
f 5257 5483 5484
f 5263 5260 5486
f 4967 5260 5263
f 4970 5263 5265
f 4970 4973 5044
f 5260 4964 5257
f 4970 5265 4973
f 5486 5484 3261
f 5260 5484 5486
f 5265 5487 5489
f 5486 5487 5263
f 5487 5265 5263
f 5487 5486 3264
f 5269 4973 5265
f 5484 5260 5257
f 5269 5272 4977
f 5489 5269 5265
f 4977 5272 4980
f 4980 4986 5064
f 5057 4977 4980
f 4980 5279 4986
f 5490 5489 3271
f 5269 5489 5490
f 5272 5490 5492
f 5272 5279 4980
f 5272 5269 5490
f 5272 5492 5279
f 5282 5279 5494
f 4973 5269 4977
f 5049 4973 4977
f 5489 5487 3266
f 3541 3545 3261
f 3259 3541 3261
f 3261 3545 3264
f 5487 3264 3266
f 3264 5486 3261
f 3264 3547 3266
f 3853 3545 3541
f 3853 3541 3850
f 3545 3857 3547
f 3547 3551 3266
f 3264 3545 3547
f 3863 3551 3547
f 3271 3266 3551
f 3539 3850 3541
f 3276 3271 3556
f 5490 3271 3276
f 5492 3276 3280
f 5492 5494 5279
f 5489 3266 3271
f 5492 3280 5494
f 3551 3868 3556
f 3276 3556 3561
f 3564 3280 3561
f 3564 3283 3280
f 3280 3276 3561
f 3873 3561 3556
f 3280 3283 5494
f 3556 3271 3551
f 5492 5490 3276
f 3877 3564 3561
f 5279 5282 4986
f 5484 3259 3261
f 5263 4970 4967
f 3850 3844 4204
f 4310 4561 4566
f 7279 3455 7280
f 3455 3459 7280
f 7277 7276 3455
f 3455 7278 7277
f 7278 3455 7279
f 3455 7276 3622
f 7281 7280 3459
f 7282 3459 7283
f 7283 3459 7284
f 7284 3459 7285
f 6259 7286 7285
f 6259 7285 3459
f 7286 6259 7287
f 7287 6259 7288
f 3459 7282 7281
f 3459 3455 3626
f 3622 3828 3832
f 3832 3828 4055
f 3832 4060 3839
f 3832 3626 3622
f 3626 3455 3622
f 3832 4055 4060
f 4312 4566 4574
f 4310 4566 4312
f 4319 4312 4574
f 4312 4319 4060
f 4055 4312 4060
f 4574 4566 4873
f 3626 3832 3839
f 4055 4310 4312
f 3630 3839 3842
f 3626 3839 3630
f 3634 6259 3630
f 3630 3842 3634
f 3630 3459 3626
f 3842 3839 4064
f 4064 4319 4322
f 4060 4319 4064
f 4322 4580 4583
f 4580 4322 4319
f 4064 4322 4069
f 4580 4319 4574
f 4064 4069 3842
f 4060 4064 3839
f 3630 6259 3459
f 4580 4574 4878
f 7289 7288 6259
f 4566 4561 4865
f 7289 3634 7290
f 7290 3634 7291
f 7291 3634 7292
f 4069 3846 3842
f 3634 3846 7294
f 7294 7293 3634
f 7292 3634 7293
f 7294 3846 7295
f 3634 7289 6259
f 7297 7296 3846
f 3846 7298 7297
f 7299 7298 3846
f 7301 7300 3846
f 7301 3846 7302
f 7300 7299 3846
f 3846 7296 7295
f 7302 3846 7303
f 3846 4069 6260
f 7303 3846 7304
f 7305 7304 3846
f 7305 3846 6260
f 4324 4583 6331
f 4324 4322 4583
f 7311 4324 6331
f 7310 6260 4324
f 6260 4069 4324
f 4583 6261 6331
f 7305 6260 7306
f 4322 4324 4069
f 7308 7307 6260
f 6260 7309 7308
f 7310 7309 6260
f 6331 6527 7311
f 6527 6331 6528
f 7311 7310 4324
f 7307 7306 6260
f 6331 6261 6528
f 3842 3846 3634
f 4583 4580 4882
f 4873 4865 5226
f 4566 4865 4873
f 5226 5080 5231
f 5073 5226 5215
f 4986 4990 5073
f 4990 4986 5282
f 5282 5285 4990
f 4990 5080 5073
f 5226 5073 5080
f 4990 4995 5080
f 4873 5226 5231
f 5215 5226 4865
f 4878 5231 5236
f 5231 4878 4873
f 5236 5089 5241
f 5236 4882 4878
f 4882 4580 4878
f 5236 5231 5086
f 5086 4995 5000
f 5080 4995 5086
f 5000 5288 5002
f 5000 5089 5086
f 5236 5086 5089
f 4990 5285 4995
f 5000 5002 5089
f 5080 5086 5231
f 4878 4574 4873
f 4995 5286 5000
f 5285 5496 5497
f 5496 5285 5282
f 3288 3291 5497
f 5497 5286 5285
f 4995 5285 5286
f 5497 5496 3288
f 3568 3283 3564
f 3283 3568 3288
f 3573 3288 3568
f 3573 3291 3288
f 5496 3283 3288
f 3568 3884 3573
f 5286 5497 5498
f 5494 3283 5496
f 5498 3291 3294
f 3291 5498 5497
f 5500 5498 3294
f 6269 6548 3294
f 5286 5498 5288
f 3294 3291 3577
f 3888 3577 3573
f 6270 6551 3577
f 6551 6270 6552
f 6269 3577 6551
f 3294 3577 6269
f 3888 6270 3577
f 5500 5288 5498
f 3573 3577 3291
f 5000 5286 5288
f 3568 3564 3880
f 5236 5241 4882
f 5494 5496 5282
f 4884 5241 6262
f 4882 5241 4884
f 5095 6536 6262
f 6532 4884 6262
f 4884 4583 4882
f 6262 5241 5095
f 5002 5095 5089
f 5095 6264 6537
f 6538 6537 6264
f 5095 6537 6536
f 6538 6264 6539
f 4884 6530 6261
f 5095 5002 6264
f 4884 6532 6531
f 4884 6531 6530
f 6532 6262 6533
f 6262 6536 6535
f 6534 6262 6535
f 6534 6533 6262
f 6530 6529 6261
f 6528 6261 6529
f 5500 3294 6546
f 6263 5288 5500
f 6547 6546 3294
f 5500 6543 6263
f 6540 5002 6263
f 6548 6547 3294
f 6550 6269 6551
f 6269 6550 6549
f 6269 6549 6548
f 6263 5002 5288
f 6263 6542 6541
f 6263 6541 6540
f 6543 6542 6263
f 6545 5500 6546
f 5500 6545 6544
f 5500 6544 6543
f 6264 5002 6540
f 6539 6264 6540
f 5241 5089 5095
f 6261 4583 4884
f 7276 7275 3622
f 6270 6553 6552
f 7212 6250 4901
f 7212 4901 7213
f 7214 4901 7215
f 4901 7214 7213
f 7215 4901 5244
f 4901 5242 5244
f 7225 7224 6267
f 7226 6267 4529
f 7226 7225 6267
f 7223 7222 4908
f 4908 5247 4911
f 7223 4908 7224
f 6267 7224 4908
f 4908 7222 7221
f 7227 7226 4529
f 7221 5245 4908
f 7216 5244 7217
f 5244 7216 7215
f 7217 6251 7218
f 6251 7217 5244
f 6251 5244 6067
f 6064 6120 6124
f 6063 6120 6064
f 6124 6128 6067
f 6124 6067 6064
f 5244 6064 6067
f 6124 6120 5904
f 6068 6251 6067
f 5242 6064 5244
f 7218 6266 7219
f 5245 7220 7219
f 7221 7220 5245
f 7219 6266 5245
f 6251 6068 6266
f 5245 6266 6068
f 5247 6070 6071
f 5245 6068 6070
f 5247 5245 6070
f 6067 6128 6068
f 5247 4908 5245
f 6251 6266 7218
f 6129 6070 6068
f 6267 4908 4911
f 7211 6250 7212
f 7229 4188 7230
f 3840 4195 4201
f 7230 4188 6265
f 4529 6267 4911
f 7227 4529 7228
f 4188 4529 4532
f 4529 4188 7228
f 7229 7228 4188
f 4911 4914 4529
f 4188 4192 6265
f 4195 4192 4534
f 6265 4192 6322
f 4204 4201 4538
f 4201 4204 3844
f 4195 3835 4192
f 4201 4195 4536
f 4529 4914 4532
f 4532 4534 4192
f 4534 4921 4536
f 4536 4538 4201
f 4195 4534 4536
f 4532 4918 4534
f 4541 4538 4925
f 4532 4192 4188
f 7231 7230 6265
f 4536 4922 4538
f 4914 5248 5250
f 5248 4914 4911
f 4918 5250 5251
f 5250 4918 4914
f 4532 4914 4918
f 5250 5248 6073
f 6070 6131 6071
f 5248 6071 6073
f 5251 6074 6075
f 6073 6074 5250
f 6074 5251 5250
f 6071 6133 6073
f 4921 4918 5251
f 5247 6071 5248
f 6075 5253 5251
f 4921 5253 4922
f 4922 5253 5254
f 4922 4925 4538
f 4536 4921 4922
f 4922 5254 4925
f 6074 6136 6075
f 5253 6075 6078
f 6082 5254 6078
f 6082 5256 5254
f 5254 5253 6078
f 6075 6138 6078
f 4925 5254 5256
f 5251 5253 4921
f 4534 4918 4921
f 6073 6135 6074
f 4204 4538 4541
f 5247 5248 4911
f 6078 6142 6082
f 5905 6124 5904
f 6124 5905 6128
f 5750 5765 5905
f 5905 5904 5750
f 5866 6047 6045
f 5736 6047 5750
f 6049 5750 6047
f 6049 5765 5750
f 5904 5736 5750
f 6049 6047 5871
f 6128 5905 5641
f 5896 5736 5904
f 6129 5641 5643
f 5641 6129 6128
f 6131 5643 5644
f 5643 6131 6129
f 6070 6129 6131
f 5643 5641 5779
f 5765 6049 6025
f 5641 5765 5779
f 6030 6033 5785
f 5779 5785 5643
f 5785 5644 5643
f 5765 6025 5779
f 6133 6131 5644
f 5765 5641 5905
f 6068 6128 6129
f 5779 6030 5785
f 3457 5934 5930
f 5866 5934 5871
f 5871 5934 5937
f 6049 5871 5875
f 5871 6047 5866
f 5871 5937 5875
f 3462 3457 3878
f 5934 3457 3462
f 3465 5937 3462
f 3465 5941 5937
f 5937 5934 3462
f 3465 3462 3881
f 5875 5937 5941
f 5930 5934 5866
f 5941 5878 5875
f 6025 5878 6030
f 5883 6030 5878
f 5883 6033 6030
f 5779 6025 6030
f 5883 5878 5944
f 3469 5941 3465
f 5941 3469 5944
f 3473 5944 3469
f 3473 5945 5944
f 5878 5941 5944
f 3473 3469 3887
f 5944 5945 5883
f 5875 5878 6025
f 5875 6025 6049
f 3469 3465 3885
f 5785 5791 5644
f 6045 6047 5736
f 5791 5647 5644
f 6133 5647 6135
f 6135 5647 5648
f 6135 6136 6074
f 6073 6133 6135
f 6135 5648 6136
f 6033 6038 5791
f 5785 6033 5791
f 5648 5795 5800
f 5791 5795 5647
f 5648 5647 5795
f 6038 5795 5791
f 5650 6136 5648
f 6133 5644 5647
f 6138 5650 5652
f 5650 6138 6136
f 6142 5652 5655
f 5652 6142 6138
f 6078 6138 6142
f 5652 5650 5805
f 5795 6041 5800
f 5650 5800 5805
f 5811 6034 5816
f 5805 5811 5652
f 5811 5655 5652
f 5800 6027 5805
f 6142 5655 6144
f 5800 5650 5648
f 6075 6136 6138
f 5805 6032 5811
f 6038 5887 5890
f 5887 6038 6033
f 6041 5890 5893
f 5890 6041 6038
f 5795 6038 6041
f 5890 5887 5950
f 5945 3473 3476
f 5887 5945 5950
f 5893 5953 5958
f 5950 5953 5890
f 5953 5893 5890
f 5945 3476 5950
f 6027 6041 5893
f 5883 5945 5887
f 5958 5895 5893
f 6027 5895 6032
f 6032 5895 5898
f 6032 6034 5811
f 5805 6027 6032
f 6032 5898 6034
f 5953 3482 5958
f 5895 5958 5959
f 5963 5898 5959
f 5963 5900 5898
f 5898 5895 5959
f 5958 3483 5959
f 6034 5898 5900
f 5893 5895 6027
f 5800 6041 6027
f 5950 3480 5953
f 5655 5811 5816
f 5883 5887 6033
f 6071 6131 6133
f 3485 5963 5959
f 6082 6142 6144
f 5896 5904 6120
f 4210 4214 3853
f 4204 4210 3850
f 3853 3857 3545
f 3853 4214 3857
f 4543 4541 4928
f 4210 4541 4543
f 4546 4214 4543
f 4546 4220 4214
f 4214 4210 4543
f 4546 4543 4931
f 3857 4214 4220
f 4541 4210 4204
f 4220 4225 3863
f 4220 3863 3857
f 3863 4225 3868
f 3868 3873 3556
f 3551 3863 3868
f 3868 4229 3873
f 4552 4562 4225
f 4552 4225 4220
f 4225 4562 4229
f 4229 4235 3873
f 3868 4225 4229
f 4229 4569 4235
f 3877 3873 4235
f 4552 4220 4546
f 3547 3857 3863
f 4552 4546 4936
f 5256 5258 4928
f 4925 5256 4928
f 4928 5258 4931
f 4546 4931 4936
f 4931 4543 4928
f 4931 5261 4936
f 5258 6084 6087
f 6084 5258 5256
f 6087 6090 5261
f 6087 5261 5258
f 4931 5258 5261
f 6087 6084 6147
f 5264 4936 5261
f 6144 6084 6082
f 4562 4941 4945
f 5264 4941 4936
f 4569 4945 4948
f 4945 4569 4562
f 4229 4562 4569
f 4945 4941 5267
f 5261 6090 5264
f 4941 5264 5267
f 4948 5270 5274
f 5267 5270 4945
f 5270 4948 4945
f 5264 6093 5267
f 4569 4948 4575
f 4552 4936 4941
f 4552 4941 4562
f 6095 5270 5267
f 4235 4569 4575
f 4925 4928 4541
f 4575 4240 4235
f 3877 4240 3880
f 3880 4240 4244
f 3880 3884 3568
f 3564 3877 3880
f 3880 4244 3884
f 4582 4575 4954
f 4240 4575 4582
f 4244 4582 4584
f 4244 4247 3884
f 4244 4240 4582
f 4584 4247 4244
f 3888 3884 4247
f 4235 4240 3877
f 6554 6271 6555
f 3888 6271 6270
f 6270 6271 6554
f 6553 6270 6554
f 6271 4247 4590
f 6271 6558 6557
f 6557 6556 6271
f 6555 6271 6556
f 6271 3888 4247
f 3573 3884 3888
f 4590 6558 6271
f 4956 4954 5276
f 4582 4954 4956
f 4958 4584 4956
f 4584 4958 4590
f 4584 4582 4956
f 4958 4956 5280
f 5274 6100 5276
f 5274 5276 4954
f 5280 5276 6101
f 6566 6565 5280
f 4956 5276 5280
f 5274 5270 6097
f 4958 5280 6563
f 4948 5274 4954
f 6562 6561 4958
f 4590 6561 6560
f 6560 6559 4590
f 6558 4590 6559
f 6564 5280 6565
f 5280 6564 6563
f 4958 6563 6562
f 4958 6561 4590
f 4247 4584 4590
f 4948 4954 4575
f 3561 3873 3877
f 5280 6101 6566
f 6147 6144 5657
f 6084 6144 6147
f 6087 6147 6143
f 6143 6147 5659
f 5657 5816 5819
f 5655 5816 5657
f 5819 5824 5659
f 5819 5659 5657
f 6147 5657 5659
f 5819 5816 6036
f 5662 6143 5659
f 5655 5657 6144
f 5662 6145 6143
f 6090 6145 6093
f 6093 6145 6148
f 6093 6095 5267
f 5264 6090 6093
f 6093 6148 6095
f 5659 5824 5662
f 6145 5662 5666
f 5669 6148 5666
f 5669 6149 6148
f 6148 6145 5666
f 5662 5831 5666
f 6095 6148 6149
f 6143 6145 6090
f 6143 6090 6087
f 5666 5836 5669
f 5900 5903 6036
f 6034 5900 6036
f 6039 5907 5912
f 6036 6039 5819
f 5824 5819 6039
f 6036 5903 6039
f 5903 5966 5967
f 5966 5903 5900
f 5907 5967 5970
f 5967 5907 5903
f 6039 5903 5907
f 5966 3487 5967
f 5824 6039 5912
f 5966 5900 5963
f 5831 5912 5916
f 5912 5831 5824
f 5916 5910 5918
f 5916 5836 5831
f 5666 5831 5836
f 5916 5912 5909
f 5909 5970 5973
f 5907 5970 5909
f 5910 5973 5977
f 5973 5910 5909
f 5916 5909 5910
f 5970 3492 5973
f 5916 5918 5836
f 5907 5909 5912
f 5662 5824 5831
f 5967 3491 5970
f 5669 5836 5844
f 6034 6036 5816
f 6097 6149 6150
f 6149 6097 6095
f 6150 5677 5630
f 6150 6100 6097
f 5274 6097 6100
f 6150 6149 5673
f 5673 5844 5852
f 5669 5844 5673
f 5852 6573 5677
f 5852 5677 5673
f 6150 5673 5677
f 5852 5844 5922
f 6100 6150 5630
f 5918 5844 5836
f 6101 5630 6568
f 5630 6101 6100
f 6568 6567 6101
f 6566 6101 6567
f 6568 5630 6569
f 6571 5677 6572
f 6570 5677 6571
f 6569 5630 6570
f 5630 5677 6570
f 5276 6100 6101
f 5677 6573 6572
f 5910 5915 5918
f 5915 5910 5977
f 5915 5977 6581
f 6580 6579 5915
f 5918 5915 5922
f 5915 6581 6580
f 6583 6582 5977
f 5977 6582 6581
f 5977 3493 6583
f 5977 5973 3493
f 6575 5922 6576
f 5852 5922 6575
f 5852 6575 6574
f 5844 5918 5922
f 6578 5915 6579
f 6578 6577 5922
f 6577 6576 5922
f 5915 6578 5922
f 6574 6573 5852
f 6149 5669 5673
f 5270 6095 6097
f 5966 5963 3486
f 6082 6084 5256
f 3853 3850 4210
f 6584 6583 6288
f 3457 3452 3875
f 4144 4154 3718
f 3709 4144 3718
f 3307 3718 3730
f 3718 4154 3730
f 4154 3262 3269
f 3262 4154 4144
f 3269 3274 4164
f 3269 4164 4154
f 3730 4154 4164
f 3269 3262 3653
f 3738 3730 4164
f 3645 3262 3256
f 3748 3738 4172
f 3321 3738 3748
f 3760 3756 4189
f 3341 3756 3760
f 3756 3333 3748
f 3756 3748 4181
f 4164 3274 4172
f 4172 4181 3748
f 4181 3282 4189
f 4189 4196 3760
f 3756 4181 4189
f 4172 3279 4181
f 3765 3760 4196
f 4172 3738 4164
f 3738 3313 3730
f 4189 3287 4196
f 3653 3645 4096
f 3262 3645 3653
f 3274 3661 3669
f 3653 3661 3269
f 3661 3274 3269
f 3661 3653 4103
f 4103 4096 4533
f 3653 4096 4103
f 3669 4109 4115
f 4103 4109 3661
f 4109 3669 3661
f 4109 4103 4540
f 3279 3274 3669
f 4527 4096 4086
f 4115 3677 3669
f 3279 3677 3282
f 3282 3677 3683
f 3282 3287 4189
f 4181 3279 3282
f 3282 3683 3287
f 4119 4115 4556
f 3677 4115 4119
f 4128 3683 4119
f 4128 3689 3683
f 3683 3677 4119
f 4128 4119 4567
f 3683 3689 3287
f 3669 3677 3279
f 4172 3274 3279
f 4115 4109 4547
f 4196 3287 3293
f 3256 3262 4144
f 3770 3765 4205
f 3358 3765 3770
f 3363 3770 3775
f 3775 3770 4215
f 4205 3293 3298
f 4196 3293 4205
f 4215 3298 3304
f 3298 4215 4205
f 3770 4205 4215
f 3298 3293 3695
f 4223 3775 4215
f 3689 3293 3287
f 4223 4231 3785
f 4223 3785 3775
f 3785 4231 3792
f 3382 3792 3799
f 3792 3375 3785
f 3792 4239 3799
f 3308 4231 4223
f 3308 4223 3304
f 4231 3311 4239
f 4239 4245 3799
f 3792 4231 4239
f 4239 3318 4245
f 3807 3799 4245
f 3304 4223 4215
f 3785 3369 3775
f 3304 3298 3704
f 3695 3689 4138
f 3293 3689 3695
f 3714 3304 3704
f 3695 3704 3298
f 3304 3714 3308
f 3704 3695 4145
f 4145 4138 4588
f 3695 4138 4145
f 3714 4152 4162
f 4145 4152 3704
f 4152 3714 3704
f 4152 4145 4598
f 3724 3308 3714
f 4138 3689 4128
f 3311 3724 3734
f 3724 3311 3308
f 3318 3734 3743
f 3734 3318 3311
f 4239 3311 3318
f 3734 3724 4170
f 4170 4162 4609
f 3724 4162 4170
f 4177 4619 4184
f 4170 4177 3734
f 4177 3743 3734
f 4177 4170 4615
f 3318 3743 3327
f 4162 3724 3714
f 4231 3308 3311
f 4162 4152 4603
f 4245 3318 3327
f 3765 4196 4205
f 3765 3352 3760
f 4138 4128 4577
f 4533 4527 3427
f 4527 4533 4096
f 4533 4540 4103
f 4540 4533 3436
f 3427 3822 3830
f 3419 3822 3427
f 3838 3436 3830
f 3830 3436 3427
f 4533 3427 3436
f 3830 3822 4272
f 4540 3436 3445
f 3419 3427 4527
f 4556 4547 3453
f 4547 4556 4115
f 4577 4567 3467
f 4567 4577 4128
f 4119 4556 4567
f 4567 4556 3460
f 3436 3838 3445
f 3445 3453 4547
f 3453 3858 3460
f 3460 3467 4567
f 4556 3453 3460
f 3445 3849 3453
f 3467 3865 3872
f 3445 4547 4540
f 4109 4540 4547
f 3460 3865 3467
f 4280 4272 4739
f 3830 4272 4280
f 3838 4280 4287
f 3838 3849 3445
f 3838 3830 4280
f 3838 4287 3849
f 4733 5199 4739
f 4272 4733 4739
f 4287 4747 4754
f 4739 4747 4280
f 4747 4287 4280
f 4739 5204 4747
f 4296 3849 4287
f 4265 4733 4272
f 3858 4296 4304
f 4296 3858 3849
f 3865 4304 4315
f 4304 3865 3858
f 3460 3858 3865
f 4304 4296 4762
f 4754 5217 4762
f 4296 4754 4762
f 4315 4769 4777
f 4762 4769 4304
f 4769 4315 4304
f 4762 5223 4769
f 3865 4315 3872
f 4754 4296 4287
f 3453 3849 3858
f 4747 5211 4754
f 4577 3467 3472
f 4265 4272 3822
f 4588 3472 3478
f 3472 4588 4577
f 4598 3478 3489
f 3478 4598 4588
f 4145 4588 4598
f 3478 3472 3876
f 3876 3872 4321
f 3472 3872 3876
f 3489 3883 3889
f 3876 3883 3478
f 3883 3489 3478
f 3883 3876 4328
f 4603 4598 3489
f 3872 3472 3467
f 4609 4603 3497
f 4603 4609 4162
f 4619 4615 3506
f 4615 4619 4177
f 4170 4609 4615
f 4615 4609 3501
f 3889 3893 3497
f 3489 3889 3497
f 3497 3893 3501
f 3501 3506 4615
f 4609 3497 3501
f 3501 3899 3506
f 3510 3506 3904
f 3489 3497 4603
f 4152 4598 4603
f 3889 3883 4334
f 4328 4321 4782
f 3876 4321 4328
f 4340 4334 4794
f 3889 4334 4340
f 4334 3883 4328
f 4334 4328 4790
f 4777 5233 4782
f 4777 4782 4321
f 4790 5243 4794
f 4790 4794 4334
f 4328 4782 4790
f 4782 5238 4790
f 4799 4340 4794
f 4315 4777 4321
f 4799 4345 4340
f 3893 4345 3899
f 3899 4345 4351
f 3899 3904 3506
f 3501 3893 3899
f 3899 4351 3904
f 4799 5249 4804
f 4345 4799 4804
f 4808 4351 4804
f 4808 4356 4351
f 4351 4345 4804
f 4804 5252 4808
f 3904 4351 4356
f 4340 4345 3893
f 3889 4340 3893
f 4794 5246 4799
f 4619 3506 3510
f 4315 4321 3872
f 4138 4577 4588
f 4769 5228 4777
f 3743 4177 4184
f 4086 4096 3645
f 3813 3807 4252
f 3397 3807 3813
f 3402 3813 3819
f 3819 3813 4257
f 4252 3327 3336
f 4245 3327 4252
f 4257 3336 3343
f 3336 4257 4252
f 3813 4252 4257
f 3336 3327 3752
f 4262 3819 4257
f 4245 4252 3807
f 4262 4271 3826
f 4262 3826 3819
f 3826 4271 3834
f 3424 3834 3845
f 3834 3417 3826
f 3834 4279 3845
f 3350 3343 3763
f 4262 3343 3350
f 4271 3350 3357
f 4271 4279 3834
f 4271 4262 3350
f 4271 3357 4279
f 4285 4279 3361
f 3343 4262 4257
f 3826 3409 3819
f 3343 3336 3758
f 4184 4191 3752
f 3743 4184 3752
f 3752 4191 3758
f 3343 3758 3763
f 3758 3336 3752
f 3758 4200 3763
f 4191 4625 4632
f 4625 4191 4184
f 4200 4632 4637
f 4632 4200 4191
f 3758 4191 4200
f 4632 4625 3514
f 4208 3763 4200
f 3510 4625 4619
f 3357 3767 3773
f 3763 3767 3350
f 3773 4226 3778
f 3773 3361 3357
f 4279 3357 3361
f 3773 3767 4217
f 4637 4646 4208
f 4637 4208 4200
f 4208 4646 4217
f 4217 4226 3773
f 3767 4208 4217
f 4654 4226 4217
f 3361 3773 3778
f 4208 3767 3763
f 3350 3767 3357
f 4637 4632 3516
f 3845 4279 4285
f 3743 3752 3327
f 4285 4292 3854
f 4285 3854 3845
f 3854 4292 3860
f 3443 3860 3867
f 3860 3437 3854
f 3860 4298 3867
f 4292 3365 3370
f 3365 4292 4285
f 4298 3370 3372
f 3370 4298 4292
f 3860 4292 4298
f 3370 3365 3784
f 4307 3867 4298
f 3778 3365 3361
f 4307 4316 3871
f 4307 3871 3867
f 3871 4316 3875
f 3457 3875 3878
f 3875 3452 3871
f 3875 4320 3878
f 3376 4316 4307
f 3376 4307 3372
f 4316 3384 4320
f 4320 4325 3878
f 3875 4316 4320
f 4320 3391 4325
f 3881 3878 4325
f 3372 4307 4298
f 3871 3449 3867
f 3372 3370 3790
f 3784 3778 4230
f 3365 3778 3784
f 3795 3372 3790
f 3784 3790 3370
f 3372 3795 3376
f 3790 3784 4236
f 4226 4664 4230
f 3784 4230 4236
f 3795 4241 4248
f 4236 4241 3790
f 4241 3795 3790
f 4230 4674 4236
f 3801 3376 3795
f 4230 3778 4226
f 3384 3801 3806
f 3801 3384 3376
f 3391 3806 3811
f 3806 3391 3384
f 4320 3384 3391
f 3806 3801 4251
f 4241 4688 4248
f 3801 4248 4251
f 4255 3180 4258
f 4251 4255 3806
f 4255 3811 3806
f 4248 4698 4251
f 3391 3811 3395
f 4248 3801 3795
f 4316 3376 3384
f 4236 4682 4241
f 4255 4258 3811
f 3361 3365 4285
f 3854 3432 3845
f 4251 4705 4255
f 3514 3510 3909
f 4625 3510 3514
f 4632 3514 3516
f 3516 3514 3913
f 3913 3909 4361
f 3514 3909 3913
f 3518 3920 3926
f 3913 3920 3516
f 3920 3518 3516
f 3920 3913 4363
f 3518 4637 3516
f 4356 3909 3904
f 4654 4646 3521
f 4646 4654 4217
f 4674 4664 3528
f 4664 4674 4230
f 4226 4654 4664
f 4664 4654 3525
f 3926 3934 3521
f 3518 3926 3521
f 3521 3934 3525
f 3525 3528 4664
f 4654 3521 3525
f 3525 3937 3528
f 3535 3528 3944
f 3518 3521 4646
f 4637 3518 4646
f 3926 3920 4367
f 4361 4356 4812
f 3909 4356 4361
f 4367 4363 4820
f 3920 4363 4367
f 4363 3913 4361
f 4363 4361 4816
f 4812 5259 4816
f 4812 4816 4361
f 4820 5266 4825
f 4820 4825 4367
f 4363 4816 4820
f 4816 5262 4820
f 4375 4367 4825
f 4812 4356 4808
f 4375 4380 3934
f 4367 4375 3926
f 3934 4380 3937
f 3937 3944 3528
f 3525 3934 3937
f 3937 4387 3944
f 4380 4831 4837
f 4831 4380 4375
f 4387 4837 4843
f 4837 4387 4380
f 3937 4380 4387
f 4831 5277 4837
f 4393 3944 4387
f 4831 4375 4825
f 3934 3926 4375
f 4825 5273 4831
f 4674 3528 3535
f 3904 3909 3510
f 4682 3535 3540
f 3535 4682 4674
f 4688 3540 3543
f 3540 4688 4682
f 4241 4682 4688
f 3540 3535 3951
f 4393 4400 3951
f 3944 4393 3951
f 3543 3958 3966
f 3951 3958 3540
f 3543 3540 3958
f 4400 3958 3951
f 4698 4688 3543
f 4843 4393 4387
f 3966 3548 3543
f 4698 3548 4705
f 4705 3548 3552
f 4705 3180 4255
f 4251 4698 4705
f 4705 3552 3180
f 3958 4406 3966
f 3548 3966 3972
f 3977 3552 3972
f 3977 3553 3552
f 3552 3548 3972
f 3966 4410 3972
f 3977 4414 4419
f 3543 3548 4698
f 4248 4688 4698
f 3972 4414 3977
f 4393 4843 4850
f 4393 4850 4400
f 4400 4861 4406
f 4406 4410 3966
f 3958 4400 4406
f 4406 4866 4410
f 5287 4861 4850
f 4850 4861 4400
f 4866 4861 5289
f 6275 4872 4866
f 4406 4861 4866
f 4843 5284 4850
f 4410 4866 4872
f 4866 5289 6275
f 4414 4872 6274
f 4872 4414 4410
f 6274 4872 6754
f 6752 4419 6274
f 6274 4419 4414
f 6274 6753 6752
f 4872 6756 6755
f 6755 6754 4872
f 6754 6753 6274
f 6756 4872 6275
f 3972 4410 4414
f 4843 4837 5281
f 3553 3180 3552
f 3535 3944 3951
f 4236 4674 4682
f 4812 4808 5255
f 3391 3395 4325
f 4619 4625 4184
f 3807 3389 3799
f 6275 6757 6756
f 5499 5501 5199
f 5191 5499 5199
f 5199 5204 4739
f 5199 5501 5204
f 3170 3515 3519
f 5625 3515 3170
f 3173 3170 3519
f 3173 5501 3170
f 5499 3170 5501
f 3519 3515 3908
f 5204 5501 5502
f 5625 3170 5499
f 5211 5502 5503
f 3173 5502 5501
f 5217 5503 5504
f 5503 5217 5211
f 4754 5211 5217
f 5503 5502 3175
f 3173 3519 3523
f 5502 3173 3175
f 3526 3530 3179
f 3175 3179 5503
f 3179 5504 5503
f 3173 3523 3175
f 5223 5217 5504
f 5204 5502 5211
f 4747 5204 5211
f 3175 3526 3179
f 3908 4293 4301
f 3902 4293 3908
f 4301 4708 4311
f 4301 3915 3908
f 3915 3519 3908
f 4301 4293 4704
f 4704 5099 5104
f 4696 5099 4704
f 5104 5108 4708
f 5104 4708 4704
f 4301 4704 4708
f 5104 5099 5187
f 3915 4301 4311
f 4696 4704 4293
f 4311 3923 3915
f 3523 3923 3526
f 3931 3526 3923
f 3931 3530 3526
f 3175 3523 3526
f 3931 3923 4318
f 4716 4311 4708
f 4311 4716 4318
f 4722 4318 4716
f 4722 4326 4318
f 3923 4311 4318
f 4708 5108 4716
f 4318 4326 3931
f 3915 3923 3523
f 3523 3519 3915
f 5116 4722 4716
f 3179 3185 5504
f 3902 3908 3515
f 5228 5223 5509
f 5223 5228 4769
f 5509 3191 5512
f 3185 5509 5504
f 3185 3530 3538
f 3179 3530 3185
f 3538 3544 3191
f 3538 3191 3185
f 5509 3185 3191
f 3538 3530 3938
f 5228 5509 5512
f 5223 5504 5509
f 5512 5516 5233
f 5512 5233 5228
f 5233 5516 5238
f 5238 5243 4790
f 4782 5233 5238
f 5238 5519 5243
f 5516 3198 3203
f 3198 5516 5512
f 3203 3554 3208
f 3203 5519 5516
f 5238 5516 5519
f 3191 3544 3198
f 5519 3203 3208
f 3198 5512 3191
f 4777 5228 5233
f 3198 3549 3203
f 4326 4331 3938
f 3931 4326 3938
f 3947 4338 3955
f 3938 3947 3538
f 3544 3538 3947
f 3938 4331 3947
f 4331 4731 4737
f 4731 4331 4326
f 4338 4737 4744
f 4737 4338 4331
f 3947 4331 4338
f 4722 5123 4731
f 3544 3947 3955
f 4731 4326 4722
f 3549 3955 3964
f 3955 3549 3544
f 3964 4352 3975
f 3964 3554 3549
f 3203 3549 3554
f 3964 3955 4344
f 4344 4744 4751
f 4338 4744 4344
f 4751 5153 4759
f 4751 4352 4344
f 3964 4344 4352
f 4737 5138 4744
f 3964 3975 3554
f 4338 4344 3955
f 3198 3544 3549
f 4731 5132 4737
f 4751 4759 4352
f 3931 3938 3530
f 4762 5217 5223
f 4744 5147 4751
f 5193 5104 5187
f 5104 5193 5108
f 5128 5134 5193
f 5193 5187 5128
f 5612 5442 5438
f 5124 5442 5128
f 5448 5128 5442
f 5448 5134 5128
f 5187 5124 5128
f 5442 5613 5448
f 5108 5193 5198
f 5183 5124 5187
f 5134 5139 5198
f 5193 5134 5198
f 5205 5116 5198
f 5116 5205 5123
f 5116 5108 5198
f 5198 5139 5205
f 5139 5451 5457
f 5451 5139 5134
f 5457 5451 5615
f 6282 6333 5457
f 5139 5457 5143
f 5451 5448 5614
f 5139 5143 5205
f 5451 5134 5448
f 4716 5108 5116
f 6282 5457 5615
f 6826 6236 6237
f 5612 6236 5613
f 6281 5613 6236
f 5613 6281 5614
f 5442 5612 5613
f 6281 6236 6823
f 6236 6826 6825
f 6825 6824 6236
f 6824 6823 6236
f 6822 6281 6823
f 6237 6236 5612
f 5614 6819 5615
f 5614 5615 5451
f 6818 6817 5615
f 6282 5615 6817
f 5615 6819 6818
f 6821 6281 6822
f 6821 6820 5614
f 6820 6819 5614
f 6281 6821 5614
f 5448 5613 5614
f 6816 6282 6817
f 5438 5442 5124
f 5143 5212 5205
f 5123 5212 5132
f 5132 5212 5219
f 5132 5138 4737
f 4731 5123 5132
f 5132 5219 5138
f 5143 5460 5152
f 5212 5143 5152
f 5160 5219 5152
f 5160 5225 5219
f 5219 5212 5152
f 5152 5477 5160
f 5138 5219 5225
f 5143 5457 5460
f 5147 5225 5229
f 5225 5147 5138
f 5229 5174 5235
f 5229 5153 5147
f 4751 5147 5153
f 5229 5225 5166
f 6277 6806 5166
f 5160 6277 5166
f 5174 5166 6805
f 6803 6802 5174
f 5229 5166 5174
f 6804 6803 5174
f 5235 5153 5229
f 5160 5166 5225
f 4744 5138 5147
f 5477 6277 5160
f 6333 6813 5460
f 6333 6282 6815
f 5477 6812 6811
f 6812 5477 5460
f 5477 5152 5460
f 5460 6813 6812
f 6815 6282 6816
f 6815 6814 6333
f 6814 6813 6333
f 5460 5457 6333
f 6807 6277 6808
f 6806 6277 6807
f 6809 6808 6277
f 5477 6811 6810
f 6809 5477 6810
f 5477 6809 6277
f 6805 5166 6806
f 6805 6804 5174
f 5123 5205 5212
f 4722 5116 5123
f 5524 5243 5519
f 5183 5187 5099
f 5249 5246 5531
f 5246 5249 4799
f 5249 5252 4804
f 5252 5249 5535
f 5531 5524 3213
f 5524 5531 5246
f 5539 5535 3225
f 5535 5539 5252
f 5249 5531 5535
f 5535 5531 3219
f 5255 5252 5539
f 3208 5524 5519
f 5259 5255 5543
f 5255 5259 4812
f 5266 5262 5339
f 5262 5266 4820
f 4816 5259 5262
f 5262 5259 5548
f 5548 5543 3234
f 5543 5548 5259
f 5345 5339 3240
f 5339 5345 5266
f 5262 5548 5339
f 5339 5548 3238
f 5273 5266 5345
f 5543 5255 5539
f 4808 5252 5255
f 5543 5539 3230
f 3213 3208 3559
f 3208 3213 5524
f 3225 3219 3570
f 3219 3225 5535
f 5531 3213 3219
f 3219 3213 3565
f 3559 3984 3565
f 3559 3565 3213
f 3570 3993 3575
f 3570 3575 3225
f 3219 3565 3570
f 3565 3988 3570
f 3230 3225 3575
f 3975 3559 3554
f 3234 3230 3582
f 3230 3234 5543
f 3240 3238 3592
f 3238 3240 5339
f 5548 3234 3238
f 3238 3234 3587
f 3582 4003 3587
f 3582 3587 3234
f 3592 4014 3598
f 3592 3598 3240
f 3238 3587 3592
f 3587 4008 3592
f 3240 3598 3243
f 3582 3230 3575
f 5539 3225 3230
f 3575 3999 3582
f 5345 3240 3243
f 5243 5524 5246
f 5277 5273 5349
f 5273 5277 4831
f 5284 5281 5359
f 5281 5284 4843
f 4837 5277 5281
f 5281 5277 5355
f 5355 5349 3246
f 5349 5355 5277
f 5361 5359 6272
f 5359 5361 5284
f 5281 5355 5359
f 5359 5355 3249
f 5287 5284 5361
f 3243 5349 5345
f 5287 6276 5289
f 5287 5289 4861
f 5289 6758 6275
f 6757 6275 6758
f 5289 6759 6758
f 6276 5361 6763
f 5289 6276 6761
f 5289 6761 6760
f 6759 5289 6760
f 6276 5287 5361
f 4850 5284 5287
f 6276 6762 6761
f 3243 3603 3246
f 5349 3243 3246
f 3249 6273 6769
f 6273 3249 3246
f 3249 5355 3246
f 3246 3603 6273
f 3603 3598 6283
f 3603 6772 6273
f 6273 6771 6770
f 6769 6273 6770
f 6768 3249 6769
f 3603 3243 3598
f 6765 5361 6272
f 6764 5361 6765
f 5361 6764 6763
f 3249 6272 5359
f 6767 3249 6768
f 6767 6766 6272
f 6766 6765 6272
f 3249 6767 6272
f 6763 6762 6276
f 5345 5349 5273
f 4825 5266 5273
f 6771 6273 6772
f 3984 3975 4362
f 3559 3975 3984
f 3984 4362 4366
f 4759 4362 4352
f 5235 5568 5153
f 4759 5568 4767
f 4366 4767 4774
f 4759 4767 4362
f 4366 4362 4767
f 4767 5568 5574
f 3988 3984 4366
f 4352 4362 3975
f 5574 4774 4767
f 4370 4366 4774
f 4370 4781 4378
f 4370 3993 3988
f 3993 3570 3988
f 4370 4774 4781
f 5584 5574 6279
f 4774 5574 5584
f 6280 4781 5584
f 6280 6332 4781
f 4781 4774 5584
f 6280 5584 6791
f 4370 4378 3993
f 3988 4366 4370
f 3988 3565 3984
f 5574 5568 5240
f 6802 6278 5174
f 5235 6278 5240
f 5240 6278 6800
f 5240 6798 6797
f 5240 5568 5235
f 5240 6799 6798
f 6278 6802 6801
f 6801 6800 6278
f 6800 6799 5240
f 5174 6278 5235
f 6794 5584 6279
f 6793 5584 6794
f 5584 6793 6792
f 6791 5584 6792
f 6279 6797 6796
f 6279 6796 6795
f 6794 6279 6795
f 6797 6279 5240
f 6279 5574 5240
f 6790 6280 6791
f 5153 5568 4759
f 4003 3999 4384
f 3582 3999 4003
f 4014 4008 4398
f 3592 4008 4014
f 4008 3587 4003
f 4008 4003 4390
f 4384 4378 4787
f 4378 4384 3999
f 4398 4390 6781
f 4390 4398 4008
f 4003 4384 4390
f 4390 4384 4793
f 4014 4398 6778
f 4378 3999 3993
f 6323 6775 6283
f 4014 6323 3598
f 3603 6774 6773
f 6772 3603 6773
f 3603 6283 6774
f 6323 6777 6776
f 6323 6776 6775
f 6774 6283 6775
f 6323 4014 6778
f 3575 3993 3999
f 6778 6777 6323
f 6332 6787 4787
f 6332 6280 6789
f 4793 6786 6785
f 6786 4793 4787
f 4793 4384 4787
f 4787 6787 6786
f 6789 6280 6790
f 6789 6788 6332
f 6788 6787 6332
f 4787 4781 6332
f 6781 4390 6782
f 4398 6781 6780
f 4390 6783 6782
f 4793 6785 6784
f 4793 6784 6783
f 4793 6783 4390
f 6779 4398 6780
f 6779 6778 4398
f 4378 4781 4787
f 6323 6283 3598
f 3554 3559 3208
f 4794 5243 5246
f 5191 5199 4733
f 3885 3881 4329
f 3465 3881 3885
f 3469 3885 3887
f 3887 3885 4332
f 4329 3395 3400
f 4325 3395 4329
f 4332 3400 3405
f 3400 4332 4329
f 3885 4329 4332
f 3400 3395 3814
f 4335 3887 4332
f 4325 4329 3881
f 3476 3890 3892
f 3887 3890 3473
f 3892 4339 3894
f 3892 3480 3476
f 5950 3476 3480
f 3892 3890 4336
f 3405 3407 4335
f 3405 4335 4332
f 4335 3407 4336
f 4336 4339 3892
f 3890 4335 4336
f 4336 3411 4339
f 3480 3892 3894
f 4335 3890 3887
f 3462 3878 3881
f 3405 3400 3818
f 4258 4261 3814
f 3811 4258 3814
f 3814 4261 3818
f 3405 3818 3821
f 3818 3400 3814
f 3818 4263 3821
f 4261 3184 3188
f 3184 4261 4258
f 4263 3188 3193
f 3188 4263 4261
f 3818 4261 4263
f 3188 3184 3557
f 4266 3821 4263
f 3553 3184 3180
f 4266 3824 3821
f 3407 3824 3411
f 3829 3411 3824
f 3829 3414 3411
f 4336 3407 3411
f 3829 3824 4269
f 4266 3193 3195
f 4263 3193 4266
f 4269 3195 3199
f 3195 4269 4266
f 3824 4266 4269
f 3195 3193 3562
f 4274 3829 4269
f 3407 3821 3824
f 3821 3407 3405
f 3193 3188 3558
f 4339 3411 3414
f 3811 3814 3395
f 3894 3895 3482
f 3894 3482 3480
f 3482 3483 5958
f 3482 3895 3483
f 3895 4341 4343
f 4341 3895 3894
f 3897 4343 4347
f 4343 3897 3895
f 3483 3895 3897
f 4343 4341 3418
f 3485 3483 3897
f 3414 4341 4339
f 4347 3898 3897
f 3485 3898 3486
f 3486 3898 3900
f 3486 3487 5966
f 5963 3485 3486
f 3486 3900 3487
f 4348 4347 3426
f 3898 4347 4348
f 4349 3900 4348
f 4349 3901 3900
f 3900 3898 4348
f 4349 4348 3428
f 3487 3900 3901
f 3897 3898 3485
f 5959 3483 3485
f 4347 4343 3422
f 4274 3833 3829
f 3414 3833 3418
f 3418 3833 3837
f 3418 3422 4343
f 4341 3414 3418
f 3418 3837 3422
f 3199 3201 4274
f 4269 3199 4274
f 3837 4277 4283
f 4274 4277 3833
f 3837 3833 4277
f 3201 4277 4274
f 3843 3422 3837
f 3833 3414 3829
f 3426 3843 3848
f 3843 3426 3422
f 3428 3848 3852
f 3848 3428 3426
f 4348 3426 3428
f 3848 3843 4286
f 4277 3205 4283
f 3843 4283 4286
f 3211 3214 4290
f 4286 4290 3848
f 4290 3852 3848
f 4283 3207 4286
f 3428 3852 3431
f 4283 3843 3837
f 4347 3422 3426
f 4286 3211 4290
f 4349 3428 3431
f 3894 4339 4341
f 5953 3480 3482
f 3199 3195 3566
f 3557 3553 3980
f 3184 3553 3557
f 3557 3980 3983
f 4419 3980 3977
f 6750 6749 3980
f 4419 6750 3980
f 3983 6748 6284
f 6749 6748 3980
f 6748 3983 3980
f 3558 3557 3983
f 3977 3980 3553
f 6284 3986 3983
f 3558 3986 3562
f 3562 3986 3989
f 3195 3562 3566
f 3562 3193 3558
f 3562 3989 3566
f 6284 6748 6747
f 3986 6284 4427
f 3989 4427 4431
f 3989 3991 3566
f 3989 3986 4427
f 3989 4431 3991
f 3569 3566 3991
f 3983 3986 3558
f 3558 3188 3557
f 4427 6284 6746
f 6751 6750 4419
f 4427 6746 6745
f 4427 6745 6744
f 6743 6742 4900
f 6743 4427 6744
f 6284 6747 6746
f 4431 4900 4904
f 4900 4427 6743
f 4904 6285 6324
f 6285 4904 4900
f 4431 4904 4434
f 6285 4900 6741
f 6285 6741 6740
f 6739 6738 6324
f 6739 6324 6740
f 6324 6285 6740
f 5302 4904 6324
f 6741 4900 6742
f 4427 4900 4431
f 3991 4431 4434
f 6751 4419 6752
f 3201 3569 3572
f 3566 3569 3199
f 3572 3998 3576
f 3572 3205 3201
f 4277 3201 3205
f 3572 3569 3995
f 3995 4434 4438
f 3991 4434 3995
f 3998 4438 4442
f 4438 3998 3995
f 3572 3995 3998
f 4438 4434 4907
f 3205 3572 3576
f 4434 4904 4907
f 3207 3576 3580
f 3576 3207 3205
f 3211 3580 3585
f 3580 3211 3207
f 4286 3207 3211
f 3580 3576 4000
f 4442 4447 4000
f 3998 4442 4000
f 4004 4453 4007
f 4000 4004 3580
f 3585 3580 4004
f 4000 4447 4004
f 3211 3585 3214
f 3998 4000 3576
f 4283 3205 3207
f 4442 4438 4909
f 4907 5302 5306
f 4904 5302 4907
f 4909 5306 5309
f 5306 4909 4907
f 4909 4438 4907
f 5306 5302 5394
f 6324 6738 6286
f 5302 6286 5394
f 5309 5399 5403
f 5394 5399 5306
f 5399 5309 5306
f 5399 5394 3285
f 4912 4909 5309
f 6324 6286 5302
f 4447 4912 4916
f 4909 4912 4442
f 4916 5316 4919
f 4916 4453 4447
f 4004 4447 4453
f 4916 4912 5313
f 5313 5403 5409
f 5309 5403 5313
f 5316 5409 5412
f 5409 5316 5313
f 4916 5313 5316
f 5409 5403 3292
f 4916 4919 4453
f 5309 5313 4912
f 4912 4447 4442
f 5403 5399 3289
f 4004 4007 3585
f 3569 3991 3995
f 3569 3201 3199
f 6286 6736 5394
f 4294 3852 4290
f 3180 3184 4258
f 3901 3903 3491
f 3901 3491 3487
f 3491 3492 5970
f 3491 3903 3492
f 3431 3434 4353
f 4349 3431 4353
f 4354 3903 4353
f 4354 3905 3903
f 3901 4353 3903
f 3434 4354 4353
f 3492 3903 3905
f 3431 3852 3855
f 3905 3907 3493
f 3905 3493 3492
f 3493 3907 6288
f 3493 6288 6583
f 6585 6584 6288
f 6288 3907 6585
f 3907 4357 4358
f 4357 3907 3905
f 4358 6588 6289
f 4358 6289 3907
f 6585 3907 6289
f 4354 3438 4357
f 4358 3441 3446
f 4357 3905 4354
f 5973 3492 3493
f 4357 3441 4358
f 4294 4297 3855
f 3852 4294 3855
f 3859 3434 3855
f 3434 3859 3438
f 3431 3855 3434
f 3855 4297 3859
f 3214 3588 3217
f 4294 3214 3217
f 3221 4297 3217
f 3221 4300 4297
f 4297 4294 3217
f 3217 3591 3221
f 3859 4297 4300
f 4290 3214 4294
f 4300 3862 3859
f 3438 3862 3441
f 3864 3441 3862
f 3864 3446 3441
f 4357 3438 3441
f 3864 3862 4305
f 3223 4300 3221
f 4300 3223 4305
f 3227 4305 3223
f 3227 4309 4305
f 3862 4300 4305
f 3223 3596 3227
f 4305 4309 3864
f 3859 3862 3438
f 4354 3434 3438
f 3221 3594 3223
f 6586 6585 6289
f 3901 4349 4353
f 6588 6587 6289
f 6290 6588 4358
f 6290 6589 6588
f 3446 6291 6592
f 4358 3446 6290
f 3869 6292 6291
f 3869 6291 3446
f 3446 6592 6290
f 4309 3869 3864
f 6589 6290 6590
f 6586 6289 6587
f 6591 6290 6592
f 6291 6593 6592
f 6594 6593 6291
f 6292 6595 6291
f 6596 6595 6292
f 6594 6291 6595
f 6290 6591 6590
f 6596 6292 6597
f 3869 4309 4314
f 3869 4314 6292
f 6598 6292 6293
f 6597 6292 6598
f 6293 6599 6598
f 4314 3229 3233
f 3229 4314 4309
f 3233 6294 6293
f 3233 6293 4314
f 6292 4314 6293
f 3229 3602 3233
f 6599 6293 6600
f 3229 4309 3227
f 6601 6293 6294
f 6602 6601 6294
f 6294 6603 6602
f 6604 6294 6605
f 6294 6604 6603
f 6605 6294 3607
f 3233 3607 6294
f 6293 6601 6600
f 3229 3227 3600
f 3864 3869 3446
f 6605 6295 6606
f 4007 4012 3588
f 3585 4007 3588
f 3217 3588 3591
f 3588 4012 3591
f 4012 4457 4466
f 4457 4012 4007
f 4017 4466 4474
f 4466 4017 4012
f 3591 4012 4017
f 4466 4457 4923
f 3594 3591 4017
f 4919 4457 4453
f 4474 4020 4017
f 3594 4020 3596
f 3596 4020 4022
f 3227 3596 3600
f 3596 3223 3594
f 3596 4022 3600
f 4481 4474 4934
f 4020 4474 4481
f 4022 4481 4484
f 4022 4025 3600
f 4022 4020 4481
f 4022 4484 4025
f 3602 3600 4025
f 4017 4020 3594
f 3594 3221 3591
f 4474 4466 4929
f 5412 5319 5316
f 4919 5319 4923
f 4923 5319 5323
f 4466 4923 4929
f 4923 4457 4919
f 4923 5323 4929
f 5418 5412 3299
f 5319 5412 5418
f 5424 5323 5418
f 5424 5328 5323
f 5323 5319 5418
f 5424 5418 3300
f 4929 5323 5328
f 5316 5319 4919
f 5328 5334 4934
f 5328 4934 4929
f 4939 5337 4943
f 4934 4939 4481
f 4474 4929 4934
f 4934 5334 4939
f 5334 5431 5437
f 5431 5334 5328
f 5437 5445 5337
f 5437 5337 5334
f 4939 5334 5337
f 5437 5431 3305
f 4939 4943 4484
f 5431 5328 5424
f 4484 4481 4939
f 5431 5424 3303
f 4025 4484 4488
f 4453 4457 4007
f 4488 4029 4025
f 3602 4029 3607
f 3607 4029 4033
f 6605 3607 6295
f 3607 3233 3602
f 3607 4033 6295
f 4492 4488 4951
f 4029 4488 4492
f 4495 4033 4492
f 4495 6296 4033
f 4033 4029 4492
f 4495 4492 4955
f 6295 4033 6609
f 4943 4488 4484
f 6609 6608 6295
f 6609 4033 6296
f 6609 6296 6610
f 6611 6296 6612
f 6296 6611 6610
f 6297 6612 4495
f 4495 6612 6296
f 6295 6608 6607
f 3229 3600 3602
f 6612 6297 6613
f 4951 4943 5342
f 4488 4943 4951
f 4959 4495 4955
f 4951 4955 4492
f 4495 4959 6297
f 4955 4951 5344
f 5342 5454 5344
f 4951 5342 5344
f 4959 5347 5350
f 5344 5347 4955
f 5347 4959 4955
f 5344 5461 5347
f 6614 6297 4959
f 5342 4943 5337
f 6616 6615 4959
f 5350 6616 4959
f 5350 6617 6616
f 5350 5347 5465
f 6617 5350 6298
f 6619 6618 6298
f 6618 6617 6298
f 6619 6298 6326
f 4959 6615 6614
f 6613 6297 6614
f 5342 5337 5445
f 3602 4025 4029
f 6607 6606 6295
f 6298 5350 5465
f 3585 3588 3214
f 5967 3487 3491
f 5412 5409 3295
f 6286 6738 6737
f 6286 6737 6736
f 6735 6734 3285
f 3285 6733 6287
f 6733 3285 6734
f 5394 6736 6735
f 3285 5394 6735
f 3292 3289 3658
f 5399 3285 3289
f 3299 3295 3667
f 3295 3299 5412
f 3292 5403 3289
f 3295 3292 3663
f 6287 6733 6732
f 6287 6325 3289
f 3667 3663 4052
f 3292 3658 3663
f 3667 3295 3663
f 3663 3658 4051
f 3667 4052 4054
f 6287 3289 3285
f 3295 5409 3292
f 6325 3658 3289
f 6732 6731 6325
f 6325 6731 6730
f 3658 6325 6300
f 6287 6732 6325
f 6325 6730 6300
f 6300 6730 6729
f 6727 4051 6728
f 6728 6300 6729
f 6300 6728 4051
f 6726 4458 6727
f 4051 4458 4052
f 4462 4052 4458
f 4462 4054 4052
f 4051 3658 6300
f 4462 4458 6301
f 4458 6726 6725
f 6724 6723 6301
f 6725 6724 4458
f 6724 6301 4458
f 4462 6301 6334
f 6727 4458 4051
f 4052 3663 4051
f 3299 3667 3670
f 3670 3675 3300
f 3670 3300 3299
f 5424 3300 3303
f 3300 3675 3303
f 4059 4054 4467
f 3670 4054 4059
f 3675 4059 4063
f 3675 3679 3303
f 3675 3670 4059
f 4063 3679 3675
f 3305 3303 3679
f 4054 3670 3667
f 3310 3305 3684
f 5437 3305 3310
f 5445 3310 3314
f 5445 5454 5342
f 5431 3303 3305
f 5445 3314 5454
f 3679 4068 3684
f 3310 3684 3690
f 3696 3314 3690
f 3696 3322 3314
f 3314 3310 3690
f 3684 4074 3690
f 5454 3314 3322
f 3684 3305 3679
f 5418 3299 3300
f 3690 4081 3696
f 4473 4467 4856
f 4059 4467 4473
f 4063 4473 4479
f 4063 4068 3679
f 4063 4059 4473
f 4063 4479 4068
f 4856 4853 5663
f 4467 4853 4856
f 4479 4862 4869
f 4856 4862 4473
f 4862 4479 4473
f 4862 4856 5672
f 4485 4068 4479
f 4462 4853 4467
f 4074 4485 4490
f 4869 4485 4479
f 4081 4490 4497
f 4490 4081 4074
f 3690 4074 4081
f 4490 4485 4876
f 4876 4869 5694
f 4485 4869 4876
f 4883 5729 4892
f 4876 4883 4490
f 4883 4497 4490
f 4883 4876 5704
f 4081 4497 4088
f 4068 4485 4074
f 3684 4068 4074
f 4869 4862 5681
f 3696 4081 4088
f 4462 4467 4054
f 5437 3310 5445
f 6334 4853 4462
f 6722 6301 6723
f 6301 6722 6334
f 6334 6722 6721
f 6721 6720 6334
f 6718 6302 6719
f 6720 6719 6302
f 6720 6302 6334
f 6717 5663 6718
f 4853 6334 6302
f 5681 5672 5324
f 5663 4853 6302
f 5663 5672 4856
f 5672 5663 5320
f 6717 6716 5320
f 5320 6716 6715
f 5320 5324 5672
f 5663 6717 5320
f 5320 5268 5324
f 5327 5324 5271
f 6718 5663 6302
f 5672 5681 4862
f 6715 6714 5268
f 5268 6713 6712
f 6713 5268 6714
f 5268 5320 6715
f 6711 6303 6712
f 6710 6303 6711
f 6303 6710 6709
f 6303 5268 6712
f 6312 6709 6708
f 6709 6312 6303
f 5521 6303 6312
f 5521 5271 6303
f 5268 6303 5271
f 6312 6708 6707
f 6707 6706 6312
f 6705 6307 6706
f 6307 6705 6704
f 6706 5572 6312
f 5271 5324 5268
f 5324 5327 5681
f 5694 5327 5331
f 5327 5694 5681
f 5275 5525 5278
f 5275 5331 5327
f 5704 5694 5331
f 5521 5275 5271
f 6307 6704 6703
f 5572 6706 6307
f 6307 5522 5572
f 5572 5525 5521
f 5275 5521 5525
f 5572 5573 5525
f 5331 5275 5278
f 6312 5572 5521
f 5331 5335 5704
f 5335 5331 5278
f 5335 5283 5340
f 5335 5729 5704
f 5704 4876 5694
f 5335 5278 5283
f 5529 5573 5575
f 5525 5573 5529
f 5534 5529 5575
f 5529 5534 5283
f 5278 5529 5283
f 5572 5522 5573
f 5729 5335 5340
f 5525 5529 5278
f 5694 4869 5681
f 5573 5526 5575
f 6307 6703 6702
f 5522 6701 6700
f 6702 6701 6307
f 6701 5522 6307
f 5522 6700 6699
f 6698 5627 6699
f 6697 5627 6698
f 6699 5627 5522
f 5627 6696 6308
f 6696 5627 6697
f 5628 5627 6308
f 5627 5628 5526
f 5522 5627 5526
f 6308 6696 6695
f 6308 6695 6694
f 6694 6693 6308
f 6693 6692 6308
f 5620 6308 6692
f 5573 5522 5526
f 5526 5530 5575
f 5327 5271 5275
f 5729 4883 5704
f 4497 4883 4892
f 3322 3328 5461
f 3322 5461 5454
f 5461 5465 5347
f 5461 3328 5465
f 3706 4088 4093
f 3696 4088 3706
f 3713 3706 4093
f 3713 3328 3706
f 3322 3706 3328
f 4093 4088 4500
f 5465 3328 3332
f 4088 4497 4500
f 6326 3332 6299
f 3332 6326 5465
f 3719 6625 6299
f 6622 6326 6299
f 6298 5465 6326
f 6299 3332 3719
f 4098 3713 4093
f 3713 4098 3719
f 6304 3719 4098
f 6304 6627 3719
f 3332 3713 3719
f 6304 4098 4505
f 6304 4505 6633
f 3713 3332 3328
f 6620 6619 6326
f 4098 4093 4502
f 4500 4892 4896
f 4497 4892 4500
f 5754 5773 4896
f 4896 4502 4500
f 4093 4500 4502
f 4896 4892 5754
f 5754 5340 5346
f 5729 5340 5754
f 5346 5290 5291
f 5290 5346 5340
f 5754 5346 5773
f 5534 5290 5283
f 4502 4896 4902
f 5340 5283 5290
f 5773 5792 4902
f 5773 4902 4896
f 6305 4505 4902
f 6305 6639 4505
f 4502 4902 4505
f 4902 5792 6305
f 5352 5291 5295
f 5352 5346 5291
f 5356 5352 5295
f 5356 5792 5352
f 5792 5773 5352
f 5291 5545 5295
f 6305 5792 6643
f 5346 5352 5773
f 4098 4502 4505
f 5290 5540 5291
f 6621 6620 6326
f 4892 5729 5754
f 6623 6622 6299
f 6299 6624 6623
f 6624 6299 6625
f 3719 6627 6626
f 6304 6628 6627
f 6625 3719 6626
f 6304 6629 6628
f 6632 6631 6304
f 6304 6633 6632
f 6630 6304 6631
f 4505 6635 6634
f 6633 4505 6634
f 6636 6635 4505
f 6304 6630 6629
f 6637 6636 4505
f 4505 6639 6638
f 6305 6641 6640
f 6305 6640 6639
f 6306 5356 5295
f 6306 6648 5356
f 6305 6643 6642
f 6642 6641 6305
f 6643 5792 6644
f 6637 4505 6638
f 5792 6645 6644
f 6646 6645 5356
f 5356 6645 5792
f 6648 6647 5356
f 6650 6649 6306
f 6649 6648 6306
f 6647 6646 5356
f 6306 5295 5551
f 6622 6621 6326
f 6650 6306 5551
f 5540 5534 5576
f 5290 5534 5540
f 5530 5536 5576
f 5530 5576 5575
f 5530 5628 5629
f 5526 5628 5530
f 5629 5620 5621
f 5620 5629 5628
f 5530 5629 5536
f 6691 5620 6692
f 5540 5576 5579
f 5576 5534 5575
f 5579 5536 5541
f 5536 5579 5576
f 5581 5579 5541
f 5632 5541 5631
f 5540 5579 5545
f 5541 5536 5631
f 5631 5621 6309
f 5629 5621 5631
f 6309 5621 6682
f 6309 6327 5631
f 6327 6309 6675
f 5621 5620 6689
f 5579 5581 5545
f 5629 5631 5536
f 5545 5291 5540
f 6676 6675 6309
f 6691 6690 5620
f 6685 6684 5621
f 6685 5621 6686
f 6686 5621 6687
f 6689 5620 6690
f 6688 5621 6689
f 6688 6687 5621
f 6680 6679 6309
f 6309 6679 6678
f 6681 6680 6309
f 5621 6683 6682
f 6309 6682 6681
f 6683 5621 6684
f 6677 6309 6678
f 6676 6309 6677
f 6308 5620 5628
f 6651 5551 6652
f 5545 5551 5295
f 6653 6652 5551
f 6653 5551 6310
f 5632 5546 5541
f 5581 5546 6328
f 6328 6310 5581
f 6328 6655 6310
f 5551 5581 6310
f 6328 5546 6658
f 6653 6310 6654
f 5581 5551 5545
f 6328 6656 6655
f 6328 6657 6656
f 6658 6657 6328
f 6311 6660 5546
f 5546 6660 6659
f 6659 6658 5546
f 6310 6655 6654
f 6660 6311 6661
f 6327 6669 6668
f 5631 6327 5632
f 6670 6669 6327
f 5632 6327 6667
f 6670 6327 6671
f 6327 6674 6673
f 6673 6672 6327
f 6672 6671 6327
f 6674 6327 6675
f 6664 6311 6665
f 6311 6664 6663
f 6663 6662 6311
f 6661 6311 6662
f 6667 6327 6668
f 5632 6667 6666
f 6666 6665 6311
f 6311 5632 6666
f 5546 5632 6311
f 5581 5541 5546
f 6650 5551 6651
f 3322 3696 3706
f 5344 5454 5461
f 3473 3890 3476
f 3709 3718 3301
f 6463 6335 6336
f 6463 6336 6400
f 6463 6400 6399
f 6463 6399 6335
f 6464 6336 6337
f 6464 6337 6401
f 6464 6401 6400
f 6464 6400 6336
f 6465 6337 6338
f 6465 6338 6402
f 6465 6402 6401
f 6465 6401 6337
f 6466 6338 6339
f 6466 6339 6403
f 6466 6403 6402
f 6466 6402 6338
f 6467 6339 6340
f 6467 6340 6404
f 6467 6404 6403
f 6467 6403 6339
f 6468 6340 6341
f 6468 6341 6405
f 6468 6405 6404
f 6468 6404 6340
f 6469 6341 6342
f 6469 6342 6406
f 6469 6406 6405
f 6469 6405 6341
f 6470 6342 6343
f 6470 6343 6407
f 6470 6407 6406
f 6470 6406 6342
f 6471 6343 6344
f 6471 6344 6408
f 6471 6408 6407
f 6471 6407 6343
f 6472 6344 6345
f 6472 6345 6409
f 6472 6409 6408
f 6472 6408 6344
f 6473 6345 6346
f 6473 6346 6410
f 6473 6410 6409
f 6473 6409 6345
f 6474 6346 6347
f 6474 6347 6411
f 6474 6411 6410
f 6474 6410 6346
f 6475 6347 6348
f 6475 6348 6412
f 6475 6412 6411
f 6475 6411 6347
f 6476 6348 6349
f 6476 6349 6413
f 6476 6413 6412
f 6476 6412 6348
f 6477 6349 6350
f 6477 6350 6414
f 6477 6414 6413
f 6477 6413 6349
f 6478 6350 6351
f 6478 6351 6415
f 6478 6415 6414
f 6478 6414 6350
f 6479 6351 6352
f 6479 6352 6416
f 6479 6416 6415
f 6479 6415 6351
f 6480 6352 6353
f 6480 6353 6417
f 6480 6417 6416
f 6480 6416 6352
f 6481 6353 6354
f 6481 6354 6418
f 6481 6418 6417
f 6481 6417 6353
f 6482 6354 6355
f 6482 6355 6419
f 6482 6419 6418
f 6482 6418 6354
f 6483 6355 6356
f 6483 6356 6420
f 6483 6420 6419
f 6483 6419 6355
f 6484 6356 6357
f 6484 6357 6421
f 6484 6421 6420
f 6484 6420 6356
f 6485 6357 6358
f 6485 6358 6422
f 6485 6422 6421
f 6485 6421 6357
f 6486 6358 6359
f 6486 6359 6423
f 6486 6423 6422
f 6486 6422 6358
f 6487 6359 6360
f 6487 6360 6424
f 6487 6424 6423
f 6487 6423 6359
f 6488 6360 6361
f 6488 6361 6425
f 6488 6425 6424
f 6488 6424 6360
f 6489 6361 6362
f 6489 6362 6426
f 6489 6426 6425
f 6489 6425 6361
f 6490 6362 6363
f 6490 6363 6427
f 6490 6427 6426
f 6490 6426 6362
f 6491 6363 6364
f 6491 6364 6428
f 6491 6428 6427
f 6491 6427 6363
f 6492 6364 6365
f 6492 6365 6429
f 6492 6429 6428
f 6492 6428 6364
f 6493 6365 6366
f 6493 6366 6430
f 6493 6430 6429
f 6493 6429 6365
f 6494 6366 6367
f 6494 6367 6431
f 6494 6431 6430
f 6494 6430 6366
f 6495 6367 6368
f 6495 6368 6432
f 6495 6432 6431
f 6495 6431 6367
f 6496 6368 6369
f 6496 6369 6433
f 6496 6433 6432
f 6496 6432 6368
f 6497 6369 6370
f 6497 6370 6434
f 6497 6434 6433
f 6497 6433 6369
f 6498 6370 6371
f 6498 6371 6435
f 6498 6435 6434
f 6498 6434 6370
f 6499 6371 6372
f 6499 6372 6436
f 6499 6436 6435
f 6499 6435 6371
f 6500 6372 6373
f 6500 6373 6437
f 6500 6437 6436
f 6500 6436 6372
f 6501 6373 6374
f 6501 6374 6438
f 6501 6438 6437
f 6501 6437 6373
f 6502 6374 6375
f 6502 6375 6439
f 6502 6439 6438
f 6502 6438 6374
f 6503 6375 6376
f 6503 6376 6440
f 6503 6440 6439
f 6503 6439 6375
f 6504 6376 6377
f 6504 6377 6441
f 6504 6441 6440
f 6504 6440 6376
f 6505 6377 6378
f 6505 6378 6442
f 6505 6442 6441
f 6505 6441 6377
f 6506 6378 6379
f 6506 6379 6443
f 6506 6443 6442
f 6506 6442 6378
f 6507 6379 6380
f 6507 6380 6444
f 6507 6444 6443
f 6507 6443 6379
f 6508 6380 6381
f 6508 6381 6445
f 6508 6445 6444
f 6508 6444 6380
f 6509 6381 6382
f 6509 6382 6446
f 6509 6446 6445
f 6509 6445 6381
f 6510 6382 6383
f 6510 6383 6447
f 6510 6447 6446
f 6510 6446 6382
f 6511 6383 6384
f 6511 6384 6448
f 6511 6448 6447
f 6511 6447 6383
f 6512 6384 6385
f 6512 6385 6449
f 6512 6449 6448
f 6512 6448 6384
f 6513 6385 6386
f 6513 6386 6450
f 6513 6450 6449
f 6513 6449 6385
f 6514 6386 6387
f 6514 6387 6451
f 6514 6451 6450
f 6514 6450 6386
f 6515 6387 6388
f 6515 6388 6452
f 6515 6452 6451
f 6515 6451 6387
f 6516 6388 6389
f 6516 6389 6453
f 6516 6453 6452
f 6516 6452 6388
f 6517 6389 6390
f 6517 6390 6454
f 6517 6454 6453
f 6517 6453 6389
f 6518 6390 6391
f 6518 6391 6455
f 6518 6455 6454
f 6518 6454 6390
f 6519 6391 6392
f 6519 6392 6456
f 6519 6456 6455
f 6519 6455 6391
f 6520 6392 6393
f 6520 6393 6457
f 6520 6457 6456
f 6520 6456 6392
f 6521 6393 6394
f 6521 6394 6458
f 6521 6458 6457
f 6521 6457 6393
f 6522 6394 6395
f 6522 6395 6459
f 6522 6459 6458
f 6522 6458 6394
f 6523 6395 6396
f 6523 6396 6460
f 6523 6460 6459
f 6523 6459 6395
f 6524 6396 6397
f 6524 6397 6461
f 6524 6461 6460
f 6524 6460 6396
f 6525 6397 6398
f 6525 6398 6462
f 6525 6462 6461
f 6525 6461 6397
f 6526 6398 6335
f 6526 6335 6399
f 6526 6399 6462
f 6526 6462 6398
f 8097 6527 6528
f 8097 6528 7313
f 8097 7313 7312
f 8097 7312 6527
f 8098 6528 6529
f 8098 6529 7314
f 8098 7314 7313
f 8098 7313 6528
f 8099 6529 6530
f 8099 6530 7315
f 8099 7315 7314
f 8099 7314 6529
f 8100 6530 6531
f 8100 6531 7316
f 8100 7316 7315
f 8100 7315 6530
f 8101 6531 6532
f 8101 6532 7317
f 8101 7317 7316
f 8101 7316 6531
f 8102 6532 6533
f 8102 6533 7318
f 8102 7318 7317
f 8102 7317 6532
f 8103 6533 6534
f 8103 6534 7319
f 8103 7319 7318
f 8103 7318 6533
f 8104 6534 6535
f 8104 6535 7320
f 8104 7320 7319
f 8104 7319 6534
f 8105 6535 6536
f 8105 6536 7321
f 8105 7321 7320
f 8105 7320 6535
f 8106 6536 6537
f 8106 6537 7322
f 8106 7322 7321
f 8106 7321 6536
f 8107 6537 6538
f 8107 6538 7323
f 8107 7323 7322
f 8107 7322 6537
f 8108 6538 6539
f 8108 6539 7324
f 8108 7324 7323
f 8108 7323 6538
f 8109 6539 6540
f 8109 6540 7325
f 8109 7325 7324
f 8109 7324 6539
f 8110 6540 6541
f 8110 6541 7326
f 8110 7326 7325
f 8110 7325 6540
f 8111 6541 6542
f 8111 6542 7327
f 8111 7327 7326
f 8111 7326 6541
f 8112 6542 6543
f 8112 6543 7328
f 8112 7328 7327
f 8112 7327 6542
f 8113 6543 6544
f 8113 6544 7329
f 8113 7329 7328
f 8113 7328 6543
f 8114 6544 6545
f 8114 6545 7330
f 8114 7330 7329
f 8114 7329 6544
f 8115 6545 6546
f 8115 6546 7331
f 8115 7331 7330
f 8115 7330 6545
f 8116 6546 6547
f 8116 6547 7332
f 8116 7332 7331
f 8116 7331 6546
f 8117 6547 6548
f 8117 6548 7333
f 8117 7333 7332
f 8117 7332 6547
f 8118 6548 6549
f 8118 6549 7334
f 8118 7334 7333
f 8118 7333 6548
f 8119 6549 6550
f 8119 6550 7335
f 8119 7335 7334
f 8119 7334 6549
f 8120 6550 6551
f 8120 6551 7336
f 8120 7336 7335
f 8120 7335 6550
f 8121 6551 6552
f 8121 6552 7337
f 8121 7337 7336
f 8121 7336 6551
f 8122 6552 6553
f 8122 6553 7338
f 8122 7338 7337
f 8122 7337 6552
f 8123 6553 6554
f 8123 6554 7339
f 8123 7339 7338
f 8123 7338 6553
f 8124 6554 6555
f 8124 6555 7340
f 8124 7340 7339
f 8124 7339 6554
f 8125 6555 6556
f 8125 6556 7341
f 8125 7341 7340
f 8125 7340 6555
f 8126 6556 6557
f 8126 6557 7342
f 8126 7342 7341
f 8126 7341 6556
f 8127 6557 6558
f 8127 6558 7343
f 8127 7343 7342
f 8127 7342 6557
f 8128 6558 6559
f 8128 6559 7344
f 8128 7344 7343
f 8128 7343 6558
f 8129 6559 6560
f 8129 6560 7345
f 8129 7345 7344
f 8129 7344 6559
f 8130 6560 6561
f 8130 6561 7346
f 8130 7346 7345
f 8130 7345 6560
f 8131 6561 6562
f 8131 6562 7347
f 8131 7347 7346
f 8131 7346 6561
f 8132 6562 6563
f 8132 6563 7348
f 8132 7348 7347
f 8132 7347 6562
f 8133 6563 6564
f 8133 6564 7349
f 8133 7349 7348
f 8133 7348 6563
f 8134 6564 6565
f 8134 6565 7350
f 8134 7350 7349
f 8134 7349 6564
f 8135 6565 6566
f 8135 6566 7351
f 8135 7351 7350
f 8135 7350 6565
f 8136 6566 6567
f 8136 6567 7352
f 8136 7352 7351
f 8136 7351 6566
f 8137 6567 6568
f 8137 6568 7353
f 8137 7353 7352
f 8137 7352 6567
f 8138 6568 6569
f 8138 6569 7354
f 8138 7354 7353
f 8138 7353 6568
f 8139 6569 6570
f 8139 6570 7355
f 8139 7355 7354
f 8139 7354 6569
f 8140 6570 6571
f 8140 6571 7356
f 8140 7356 7355
f 8140 7355 6570
f 8141 6571 6572
f 8141 6572 7357
f 8141 7357 7356
f 8141 7356 6571
f 8142 6572 6573
f 8142 6573 7358
f 8142 7358 7357
f 8142 7357 6572
f 8143 6573 6574
f 8143 6574 7359
f 8143 7359 7358
f 8143 7358 6573
f 8144 6574 6575
f 8144 6575 7360
f 8144 7360 7359
f 8144 7359 6574
f 8145 6575 6576
f 8145 6576 7361
f 8145 7361 7360
f 8145 7360 6575
f 8146 6576 6577
f 8146 6577 7362
f 8146 7362 7361
f 8146 7361 6576
f 8147 6577 6578
f 8147 6578 7363
f 8147 7363 7362
f 8147 7362 6577
f 8148 6578 6579
f 8148 6579 7364
f 8148 7364 7363
f 8148 7363 6578
f 8149 6579 6580
f 8149 6580 7365
f 8149 7365 7364
f 8149 7364 6579
f 8150 6580 6581
f 8150 6581 7366
f 8150 7366 7365
f 8150 7365 6580
f 8151 6581 6582
f 8151 6582 7367
f 8151 7367 7366
f 8151 7366 6581
f 8152 6582 6583
f 8152 6583 7368
f 8152 7368 7367
f 8152 7367 6582
f 8153 6583 6584
f 8153 6584 7369
f 8153 7369 7368
f 8153 7368 6583
f 8154 6584 6585
f 8154 6585 7370
f 8154 7370 7369
f 8154 7369 6584
f 8155 6585 6586
f 8155 6586 7371
f 8155 7371 7370
f 8155 7370 6585
f 8156 6586 6587
f 8156 6587 7372
f 8156 7372 7371
f 8156 7371 6586
f 8157 6587 6588
f 8157 6588 7373
f 8157 7373 7372
f 8157 7372 6587
f 8158 6588 6589
f 8158 6589 7374
f 8158 7374 7373
f 8158 7373 6588
f 8159 6589 6590
f 8159 6590 7375
f 8159 7375 7374
f 8159 7374 6589
f 8160 6590 6591
f 8160 6591 7376
f 8160 7376 7375
f 8160 7375 6590
f 8161 6591 6592
f 8161 6592 7377
f 8161 7377 7376
f 8161 7376 6591
f 8162 6592 6593
f 8162 6593 7378
f 8162 7378 7377
f 8162 7377 6592
f 8163 6593 6594
f 8163 6594 7379
f 8163 7379 7378
f 8163 7378 6593
f 8164 6594 6595
f 8164 6595 7380
f 8164 7380 7379
f 8164 7379 6594
f 8165 6595 6596
f 8165 6596 7381
f 8165 7381 7380
f 8165 7380 6595
f 8166 6596 6597
f 8166 6597 7382
f 8166 7382 7381
f 8166 7381 6596
f 8167 6597 6598
f 8167 6598 7383
f 8167 7383 7382
f 8167 7382 6597
f 8168 6598 6599
f 8168 6599 7384
f 8168 7384 7383
f 8168 7383 6598
f 8169 6599 6600
f 8169 6600 7385
f 8169 7385 7384
f 8169 7384 6599
f 8170 6600 6601
f 8170 6601 7386
f 8170 7386 7385
f 8170 7385 6600
f 8171 6601 6602
f 8171 6602 7387
f 8171 7387 7386
f 8171 7386 6601
f 8172 6602 6603
f 8172 6603 7388
f 8172 7388 7387
f 8172 7387 6602
f 8173 6603 6604
f 8173 6604 7389
f 8173 7389 7388
f 8173 7388 6603
f 8174 6604 6605
f 8174 6605 7390
f 8174 7390 7389
f 8174 7389 6604
f 8175 6605 6606
f 8175 6606 7391
f 8175 7391 7390
f 8175 7390 6605
f 8176 6606 6607
f 8176 6607 7392
f 8176 7392 7391
f 8176 7391 6606
f 8177 6607 6608
f 8177 6608 7393
f 8177 7393 7392
f 8177 7392 6607
f 8178 6608 6609
f 8178 6609 7394
f 8178 7394 7393
f 8178 7393 6608
f 8179 6609 6610
f 8179 6610 7395
f 8179 7395 7394
f 8179 7394 6609
f 8180 6610 6611
f 8180 6611 7396
f 8180 7396 7395
f 8180 7395 6610
f 8181 6611 6612
f 8181 6612 7397
f 8181 7397 7396
f 8181 7396 6611
f 8182 6612 6613
f 8182 6613 7398
f 8182 7398 7397
f 8182 7397 6612
f 8183 6613 6614
f 8183 6614 7399
f 8183 7399 7398
f 8183 7398 6613
f 8184 6614 6615
f 8184 6615 7400
f 8184 7400 7399
f 8184 7399 6614
f 8185 6615 6616
f 8185 6616 7401
f 8185 7401 7400
f 8185 7400 6615
f 8186 6616 6617
f 8186 6617 7402
f 8186 7402 7401
f 8186 7401 6616
f 8187 6617 6618
f 8187 6618 7403
f 8187 7403 7402
f 8187 7402 6617
f 8188 6618 6619
f 8188 6619 7404
f 8188 7404 7403
f 8188 7403 6618
f 8189 6619 6620
f 8189 6620 7405
f 8189 7405 7404
f 8189 7404 6619
f 8190 6620 6621
f 8190 6621 7406
f 8190 7406 7405
f 8190 7405 6620
f 8191 6621 6622
f 8191 6622 7407
f 8191 7407 7406
f 8191 7406 6621
f 8192 6622 6623
f 8192 6623 7408
f 8192 7408 7407
f 8192 7407 6622
f 8193 6623 6624
f 8193 6624 7409
f 8193 7409 7408
f 8193 7408 6623
f 8194 6624 6625
f 8194 6625 7410
f 8194 7410 7409
f 8194 7409 6624
f 8195 6625 6626
f 8195 6626 7411
f 8195 7411 7410
f 8195 7410 6625
f 8196 6626 6627
f 8196 6627 7412
f 8196 7412 7411
f 8196 7411 6626
f 8197 6627 6628
f 8197 6628 7413
f 8197 7413 7412
f 8197 7412 6627
f 8198 6628 6629
f 8198 6629 7414
f 8198 7414 7413
f 8198 7413 6628
f 8199 6629 6630
f 8199 6630 7415
f 8199 7415 7414
f 8199 7414 6629
f 8200 6630 6631
f 8200 6631 7416
f 8200 7416 7415
f 8200 7415 6630
f 8201 6631 6632
f 8201 6632 7417
f 8201 7417 7416
f 8201 7416 6631
f 8202 6632 6633
f 8202 6633 7418
f 8202 7418 7417
f 8202 7417 6632
f 8203 6633 6634
f 8203 6634 7419
f 8203 7419 7418
f 8203 7418 6633
f 8204 6634 6635
f 8204 6635 7420
f 8204 7420 7419
f 8204 7419 6634
f 8205 6635 6636
f 8205 6636 7421
f 8205 7421 7420
f 8205 7420 6635
f 8206 6636 6637
f 8206 6637 7422
f 8206 7422 7421
f 8206 7421 6636
f 8207 6637 6638
f 8207 6638 7423
f 8207 7423 7422
f 8207 7422 6637
f 8208 6638 6639
f 8208 6639 7424
f 8208 7424 7423
f 8208 7423 6638
f 8209 6639 6640
f 8209 6640 7425
f 8209 7425 7424
f 8209 7424 6639
f 8210 6640 6641
f 8210 6641 7426
f 8210 7426 7425
f 8210 7425 6640
f 8211 6641 6642
f 8211 6642 7427
f 8211 7427 7426
f 8211 7426 6641
f 8212 6642 6643
f 8212 6643 7428
f 8212 7428 7427
f 8212 7427 6642
f 8213 6643 6644
f 8213 6644 7429
f 8213 7429 7428
f 8213 7428 6643
f 8214 6644 6645
f 8214 6645 7430
f 8214 7430 7429
f 8214 7429 6644
f 8215 6645 6646
f 8215 6646 7431
f 8215 7431 7430
f 8215 7430 6645
f 8216 6646 6647
f 8216 6647 7432
f 8216 7432 7431
f 8216 7431 6646
f 8217 6647 6648
f 8217 6648 7433
f 8217 7433 7432
f 8217 7432 6647
f 8218 6648 6649
f 8218 6649 7434
f 8218 7434 7433
f 8218 7433 6648
f 8219 6649 6650
f 8219 6650 7435
f 8219 7435 7434
f 8219 7434 6649
f 8220 6650 6651
f 8220 6651 7436
f 8220 7436 7435
f 8220 7435 6650
f 8221 6651 6652
f 8221 6652 7437
f 8221 7437 7436
f 8221 7436 6651
f 8222 6652 6653
f 8222 6653 7438
f 8222 7438 7437
f 8222 7437 6652
f 8223 6653 6654
f 8223 6654 7439
f 8223 7439 7438
f 8223 7438 6653
f 8224 6654 6655
f 8224 6655 7440
f 8224 7440 7439
f 8224 7439 6654
f 8225 6655 6656
f 8225 6656 7441
f 8225 7441 7440
f 8225 7440 6655
f 8226 6656 6657
f 8226 6657 7442
f 8226 7442 7441
f 8226 7441 6656
f 8227 6657 6658
f 8227 6658 7443
f 8227 7443 7442
f 8227 7442 6657
f 8228 6658 6659
f 8228 6659 7444
f 8228 7444 7443
f 8228 7443 6658
f 8229 6659 6660
f 8229 6660 7445
f 8229 7445 7444
f 8229 7444 6659
f 8230 6660 6661
f 8230 6661 7446
f 8230 7446 7445
f 8230 7445 6660
f 8231 6661 6662
f 8231 6662 7447
f 8231 7447 7446
f 8231 7446 6661
f 8232 6662 6663
f 8232 6663 7448
f 8232 7448 7447
f 8232 7447 6662
f 8233 6663 6664
f 8233 6664 7449
f 8233 7449 7448
f 8233 7448 6663
f 8234 6664 6665
f 8234 6665 7450
f 8234 7450 7449
f 8234 7449 6664
f 8235 6665 6666
f 8235 6666 7451
f 8235 7451 7450
f 8235 7450 6665
f 8236 6666 6667
f 8236 6667 7452
f 8236 7452 7451
f 8236 7451 6666
f 8237 6667 6668
f 8237 6668 7453
f 8237 7453 7452
f 8237 7452 6667
f 8238 6668 6669
f 8238 6669 7454
f 8238 7454 7453
f 8238 7453 6668
f 8239 6669 6670
f 8239 6670 7455
f 8239 7455 7454
f 8239 7454 6669
f 8240 6670 6671
f 8240 6671 7456
f 8240 7456 7455
f 8240 7455 6670
f 8241 6671 6672
f 8241 6672 7457
f 8241 7457 7456
f 8241 7456 6671
f 8242 6672 6673
f 8242 6673 7458
f 8242 7458 7457
f 8242 7457 6672
f 8243 6673 6674
f 8243 6674 7459
f 8243 7459 7458
f 8243 7458 6673
f 8244 6674 6675
f 8244 6675 7460
f 8244 7460 7459
f 8244 7459 6674
f 8245 6675 6676
f 8245 6676 7461
f 8245 7461 7460
f 8245 7460 6675
f 8246 6676 6677
f 8246 6677 7462
f 8246 7462 7461
f 8246 7461 6676
f 8247 6677 6678
f 8247 6678 7463
f 8247 7463 7462
f 8247 7462 6677
f 8248 6678 6679
f 8248 6679 7464
f 8248 7464 7463
f 8248 7463 6678
f 8249 6679 6680
f 8249 6680 7465
f 8249 7465 7464
f 8249 7464 6679
f 8250 6680 6681
f 8250 6681 7466
f 8250 7466 7465
f 8250 7465 6680
f 8251 6681 6682
f 8251 6682 7467
f 8251 7467 7466
f 8251 7466 6681
f 8252 6682 6683
f 8252 6683 7468
f 8252 7468 7467
f 8252 7467 6682
f 8253 6683 6684
f 8253 6684 7469
f 8253 7469 7468
f 8253 7468 6683
f 8254 6684 6685
f 8254 6685 7470
f 8254 7470 7469
f 8254 7469 6684
f 8255 6685 6686
f 8255 6686 7471
f 8255 7471 7470
f 8255 7470 6685
f 8256 6686 6687
f 8256 6687 7472
f 8256 7472 7471
f 8256 7471 6686
f 8257 6687 6688
f 8257 6688 7473
f 8257 7473 7472
f 8257 7472 6687
f 8258 6688 6689
f 8258 6689 7474
f 8258 7474 7473
f 8258 7473 6688
f 8259 6689 6690
f 8259 6690 7475
f 8259 7475 7474
f 8259 7474 6689
f 8260 6690 6691
f 8260 6691 7476
f 8260 7476 7475
f 8260 7475 6690
f 8261 6691 6692
f 8261 6692 7477
f 8261 7477 7476
f 8261 7476 6691
f 8262 6692 6693
f 8262 6693 7478
f 8262 7478 7477
f 8262 7477 6692
f 8263 6693 6694
f 8263 6694 7479
f 8263 7479 7478
f 8263 7478 6693
f 8264 6694 6695
f 8264 6695 7480
f 8264 7480 7479
f 8264 7479 6694
f 8265 6695 6696
f 8265 6696 7481
f 8265 7481 7480
f 8265 7480 6695
f 8266 6696 6697
f 8266 6697 7482
f 8266 7482 7481
f 8266 7481 6696
f 8267 6697 6698
f 8267 6698 7483
f 8267 7483 7482
f 8267 7482 6697
f 8268 6698 6699
f 8268 6699 7484
f 8268 7484 7483
f 8268 7483 6698
f 8269 6699 6700
f 8269 6700 7485
f 8269 7485 7484
f 8269 7484 6699
f 8270 6700 6701
f 8270 6701 7486
f 8270 7486 7485
f 8270 7485 6700
f 8271 6701 6702
f 8271 6702 7487
f 8271 7487 7486
f 8271 7486 6701
f 8272 6702 6703
f 8272 6703 7488
f 8272 7488 7487
f 8272 7487 6702
f 8273 6703 6704
f 8273 6704 7489
f 8273 7489 7488
f 8273 7488 6703
f 8274 6704 6705
f 8274 6705 7490
f 8274 7490 7489
f 8274 7489 6704
f 8275 6705 6706
f 8275 6706 7491
f 8275 7491 7490
f 8275 7490 6705
f 8276 6706 6707
f 8276 6707 7492
f 8276 7492 7491
f 8276 7491 6706
f 8277 6707 6708
f 8277 6708 7493
f 8277 7493 7492
f 8277 7492 6707
f 8278 6708 6709
f 8278 6709 7494
f 8278 7494 7493
f 8278 7493 6708
f 8279 6709 6710
f 8279 6710 7495
f 8279 7495 7494
f 8279 7494 6709
f 8280 6710 6711
f 8280 6711 7496
f 8280 7496 7495
f 8280 7495 6710
f 8281 6711 6712
f 8281 6712 7497
f 8281 7497 7496
f 8281 7496 6711
f 8282 6712 6713
f 8282 6713 7498
f 8282 7498 7497
f 8282 7497 6712
f 8283 6713 6714
f 8283 6714 7499
f 8283 7499 7498
f 8283 7498 6713
f 8284 6714 6715
f 8284 6715 7500
f 8284 7500 7499
f 8284 7499 6714
f 8285 6715 6716
f 8285 6716 7501
f 8285 7501 7500
f 8285 7500 6715
f 8286 6716 6717
f 8286 6717 7502
f 8286 7502 7501
f 8286 7501 6716
f 8287 6717 6718
f 8287 6718 7503
f 8287 7503 7502
f 8287 7502 6717
f 8288 6718 6719
f 8288 6719 7504
f 8288 7504 7503
f 8288 7503 6718
f 8289 6719 6720
f 8289 6720 7505
f 8289 7505 7504
f 8289 7504 6719
f 8290 6720 6721
f 8290 6721 7506
f 8290 7506 7505
f 8290 7505 6720
f 8291 6721 6722
f 8291 6722 7507
f 8291 7507 7506
f 8291 7506 6721
f 8292 6722 6723
f 8292 6723 7508
f 8292 7508 7507
f 8292 7507 6722
f 8293 6723 6724
f 8293 6724 7509
f 8293 7509 7508
f 8293 7508 6723
f 8294 6724 6725
f 8294 6725 7510
f 8294 7510 7509
f 8294 7509 6724
f 8295 6725 6726
f 8295 6726 7511
f 8295 7511 7510
f 8295 7510 6725
f 8296 6726 6727
f 8296 6727 7512
f 8296 7512 7511
f 8296 7511 6726
f 8297 6727 6728
f 8297 6728 7513
f 8297 7513 7512
f 8297 7512 6727
f 8298 6728 6729
f 8298 6729 7514
f 8298 7514 7513
f 8298 7513 6728
f 8299 6729 6730
f 8299 6730 7515
f 8299 7515 7514
f 8299 7514 6729
f 8300 6730 6731
f 8300 6731 7516
f 8300 7516 7515
f 8300 7515 6730
f 8301 6731 6732
f 8301 6732 7517
f 8301 7517 7516
f 8301 7516 6731
f 8302 6732 6733
f 8302 6733 7518
f 8302 7518 7517
f 8302 7517 6732
f 8303 6733 6734
f 8303 6734 7519
f 8303 7519 7518
f 8303 7518 6733
f 8304 6734 6735
f 8304 6735 7520
f 8304 7520 7519
f 8304 7519 6734
f 8305 6735 6736
f 8305 6736 7521
f 8305 7521 7520
f 8305 7520 6735
f 8306 6736 6737
f 8306 6737 7522
f 8306 7522 7521
f 8306 7521 6736
f 8307 6737 6738
f 8307 6738 7523
f 8307 7523 7522
f 8307 7522 6737
f 8308 6738 6739
f 8308 6739 7524
f 8308 7524 7523
f 8308 7523 6738
f 8309 6739 6740
f 8309 6740 7525
f 8309 7525 7524
f 8309 7524 6739
f 8310 6740 6741
f 8310 6741 7526
f 8310 7526 7525
f 8310 7525 6740
f 8311 6741 6742
f 8311 6742 7527
f 8311 7527 7526
f 8311 7526 6741
f 8312 6742 6743
f 8312 6743 7528
f 8312 7528 7527
f 8312 7527 6742
f 8313 6743 6744
f 8313 6744 7529
f 8313 7529 7528
f 8313 7528 6743
f 8314 6744 6745
f 8314 6745 7530
f 8314 7530 7529
f 8314 7529 6744
f 8315 6745 6746
f 8315 6746 7531
f 8315 7531 7530
f 8315 7530 6745
f 8316 6746 6747
f 8316 6747 7532
f 8316 7532 7531
f 8316 7531 6746
f 8317 6747 6748
f 8317 6748 7533
f 8317 7533 7532
f 8317 7532 6747
f 8318 6748 6749
f 8318 6749 7534
f 8318 7534 7533
f 8318 7533 6748
f 8319 6749 6750
f 8319 6750 7535
f 8319 7535 7534
f 8319 7534 6749
f 8320 6750 6751
f 8320 6751 7536
f 8320 7536 7535
f 8320 7535 6750
f 8321 6751 6752
f 8321 6752 7537
f 8321 7537 7536
f 8321 7536 6751
f 8322 6752 6753
f 8322 6753 7538
f 8322 7538 7537
f 8322 7537 6752
f 8323 6753 6754
f 8323 6754 7539
f 8323 7539 7538
f 8323 7538 6753
f 8324 6754 6755
f 8324 6755 7540
f 8324 7540 7539
f 8324 7539 6754
f 8325 6755 6756
f 8325 6756 7541
f 8325 7541 7540
f 8325 7540 6755
f 8326 6756 6757
f 8326 6757 7542
f 8326 7542 7541
f 8326 7541 6756
f 8327 6757 6758
f 8327 6758 7543
f 8327 7543 7542
f 8327 7542 6757
f 8328 6758 6759
f 8328 6759 7544
f 8328 7544 7543
f 8328 7543 6758
f 8329 6759 6760
f 8329 6760 7545
f 8329 7545 7544
f 8329 7544 6759
f 8330 6760 6761
f 8330 6761 7546
f 8330 7546 7545
f 8330 7545 6760
f 8331 6761 6762
f 8331 6762 7547
f 8331 7547 7546
f 8331 7546 6761
f 8332 6762 6763
f 8332 6763 7548
f 8332 7548 7547
f 8332 7547 6762
f 8333 6763 6764
f 8333 6764 7549
f 8333 7549 7548
f 8333 7548 6763
f 8334 6764 6765
f 8334 6765 7550
f 8334 7550 7549
f 8334 7549 6764
f 8335 6765 6766
f 8335 6766 7551
f 8335 7551 7550
f 8335 7550 6765
f 8336 6766 6767
f 8336 6767 7552
f 8336 7552 7551
f 8336 7551 6766
f 8337 6767 6768
f 8337 6768 7553
f 8337 7553 7552
f 8337 7552 6767
f 8338 6768 6769
f 8338 6769 7554
f 8338 7554 7553
f 8338 7553 6768
f 8339 6769 6770
f 8339 6770 7555
f 8339 7555 7554
f 8339 7554 6769
f 8340 6770 6771
f 8340 6771 7556
f 8340 7556 7555
f 8340 7555 6770
f 8341 6771 6772
f 8341 6772 7557
f 8341 7557 7556
f 8341 7556 6771
f 8342 6772 6773
f 8342 6773 7558
f 8342 7558 7557
f 8342 7557 6772
f 8343 6773 6774
f 8343 6774 7559
f 8343 7559 7558
f 8343 7558 6773
f 8344 6774 6775
f 8344 6775 7560
f 8344 7560 7559
f 8344 7559 6774
f 8345 6775 6776
f 8345 6776 7561
f 8345 7561 7560
f 8345 7560 6775
f 8346 6776 6777
f 8346 6777 7562
f 8346 7562 7561
f 8346 7561 6776
f 8347 6777 6778
f 8347 6778 7563
f 8347 7563 7562
f 8347 7562 6777
f 8348 6778 6779
f 8348 6779 7564
f 8348 7564 7563
f 8348 7563 6778
f 8349 6779 6780
f 8349 6780 7565
f 8349 7565 7564
f 8349 7564 6779
f 8350 6780 6781
f 8350 6781 7566
f 8350 7566 7565
f 8350 7565 6780
f 8351 6781 6782
f 8351 6782 7567
f 8351 7567 7566
f 8351 7566 6781
f 8352 6782 6783
f 8352 6783 7568
f 8352 7568 7567
f 8352 7567 6782
f 8353 6783 6784
f 8353 6784 7569
f 8353 7569 7568
f 8353 7568 6783
f 8354 6784 6785
f 8354 6785 7570
f 8354 7570 7569
f 8354 7569 6784
f 8355 6785 6786
f 8355 6786 7571
f 8355 7571 7570
f 8355 7570 6785
f 8356 6786 6787
f 8356 6787 7572
f 8356 7572 7571
f 8356 7571 6786
f 8357 6787 6788
f 8357 6788 7573
f 8357 7573 7572
f 8357 7572 6787
f 8358 6788 6789
f 8358 6789 7574
f 8358 7574 7573
f 8358 7573 6788
f 8359 6789 6790
f 8359 6790 7575
f 8359 7575 7574
f 8359 7574 6789
f 8360 6790 6791
f 8360 6791 7576
f 8360 7576 7575
f 8360 7575 6790
f 8361 6791 6792
f 8361 6792 7577
f 8361 7577 7576
f 8361 7576 6791
f 8362 6792 6793
f 8362 6793 7578
f 8362 7578 7577
f 8362 7577 6792
f 8363 6793 6794
f 8363 6794 7579
f 8363 7579 7578
f 8363 7578 6793
f 8364 6794 6795
f 8364 6795 7580
f 8364 7580 7579
f 8364 7579 6794
f 8365 6795 6796
f 8365 6796 7581
f 8365 7581 7580
f 8365 7580 6795
f 8366 6796 6797
f 8366 6797 7582
f 8366 7582 7581
f 8366 7581 6796
f 8367 6797 6798
f 8367 6798 7583
f 8367 7583 7582
f 8367 7582 6797
f 8368 6798 6799
f 8368 6799 7584
f 8368 7584 7583
f 8368 7583 6798
f 8369 6799 6800
f 8369 6800 7585
f 8369 7585 7584
f 8369 7584 6799
f 8370 6800 6801
f 8370 6801 7586
f 8370 7586 7585
f 8370 7585 6800
f 8371 6801 6802
f 8371 6802 7587
f 8371 7587 7586
f 8371 7586 6801
f 8372 6802 6803
f 8372 6803 7588
f 8372 7588 7587
f 8372 7587 6802
f 8373 6803 6804
f 8373 6804 7589
f 8373 7589 7588
f 8373 7588 6803
f 8374 6804 6805
f 8374 6805 7590
f 8374 7590 7589
f 8374 7589 6804
f 8375 6805 6806
f 8375 6806 7591
f 8375 7591 7590
f 8375 7590 6805
f 8376 6806 6807
f 8376 6807 7592
f 8376 7592 7591
f 8376 7591 6806
f 8377 6807 6808
f 8377 6808 7593
f 8377 7593 7592
f 8377 7592 6807
f 8378 6808 6809
f 8378 6809 7594
f 8378 7594 7593
f 8378 7593 6808
f 8379 6809 6810
f 8379 6810 7595
f 8379 7595 7594
f 8379 7594 6809
f 8380 6810 6811
f 8380 6811 7596
f 8380 7596 7595
f 8380 7595 6810
f 8381 6811 6812
f 8381 6812 7597
f 8381 7597 7596
f 8381 7596 6811
f 8382 6812 6813
f 8382 6813 7598
f 8382 7598 7597
f 8382 7597 6812
f 8383 6813 6814
f 8383 6814 7599
f 8383 7599 7598
f 8383 7598 6813
f 8384 6814 6815
f 8384 6815 7600
f 8384 7600 7599
f 8384 7599 6814
f 8385 6815 6816
f 8385 6816 7601
f 8385 7601 7600
f 8385 7600 6815
f 8386 6816 6817
f 8386 6817 7602
f 8386 7602 7601
f 8386 7601 6816
f 8387 6817 6818
f 8387 6818 7603
f 8387 7603 7602
f 8387 7602 6817
f 8388 6818 6819
f 8388 6819 7604
f 8388 7604 7603
f 8388 7603 6818
f 8389 6819 6820
f 8389 6820 7605
f 8389 7605 7604
f 8389 7604 6819
f 8390 6820 6821
f 8390 6821 7606
f 8390 7606 7605
f 8390 7605 6820
f 8391 6821 6822
f 8391 6822 7607
f 8391 7607 7606
f 8391 7606 6821
f 8392 6822 6823
f 8392 6823 7608
f 8392 7608 7607
f 8392 7607 6822
f 8393 6823 6824
f 8393 6824 7609
f 8393 7609 7608
f 8393 7608 6823
f 8394 6824 6825
f 8394 6825 7610
f 8394 7610 7609
f 8394 7609 6824
f 8395 6825 6826
f 8395 6826 7611
f 8395 7611 7610
f 8395 7610 6825
f 8396 6826 6827
f 8396 6827 7612
f 8396 7612 7611
f 8396 7611 6826
f 8397 6827 6828
f 8397 6828 7613
f 8397 7613 7612
f 8397 7612 6827
f 8398 6828 6829
f 8398 6829 7614
f 8398 7614 7613
f 8398 7613 6828
f 8399 6829 6830
f 8399 6830 7615
f 8399 7615 7614
f 8399 7614 6829
f 8400 6830 6831
f 8400 6831 7616
f 8400 7616 7615
f 8400 7615 6830
f 8401 6831 6832
f 8401 6832 7617
f 8401 7617 7616
f 8401 7616 6831
f 8402 6832 6833
f 8402 6833 7618
f 8402 7618 7617
f 8402 7617 6832
f 8403 6833 6834
f 8403 6834 7619
f 8403 7619 7618
f 8403 7618 6833
f 8404 6834 6835
f 8404 6835 7620
f 8404 7620 7619
f 8404 7619 6834
f 8405 6835 6836
f 8405 6836 7621
f 8405 7621 7620
f 8405 7620 6835
f 8406 6836 6837
f 8406 6837 7622
f 8406 7622 7621
f 8406 7621 6836
f 8407 6837 6838
f 8407 6838 7623
f 8407 7623 7622
f 8407 7622 6837
f 8408 6838 6839
f 8408 6839 7624
f 8408 7624 7623
f 8408 7623 6838
f 8409 6839 6840
f 8409 6840 7625
f 8409 7625 7624
f 8409 7624 6839
f 8410 6840 6841
f 8410 6841 7626
f 8410 7626 7625
f 8410 7625 6840
f 8411 6841 6842
f 8411 6842 7627
f 8411 7627 7626
f 8411 7626 6841
f 8412 6842 6843
f 8412 6843 7628
f 8412 7628 7627
f 8412 7627 6842
f 8413 6843 6844
f 8413 6844 7629
f 8413 7629 7628
f 8413 7628 6843
f 8414 6844 6845
f 8414 6845 7630
f 8414 7630 7629
f 8414 7629 6844
f 8415 6845 6846
f 8415 6846 7631
f 8415 7631 7630
f 8415 7630 6845
f 8416 6846 6847
f 8416 6847 7632
f 8416 7632 7631
f 8416 7631 6846
f 8417 6847 6848
f 8417 6848 7633
f 8417 7633 7632
f 8417 7632 6847
f 8418 6848 6849
f 8418 6849 7634
f 8418 7634 7633
f 8418 7633 6848
f 8419 6849 6850
f 8419 6850 7635
f 8419 7635 7634
f 8419 7634 6849
f 8420 6850 6851
f 8420 6851 7636
f 8420 7636 7635
f 8420 7635 6850
f 8421 6851 6852
f 8421 6852 7637
f 8421 7637 7636
f 8421 7636 6851
f 8422 6852 6853
f 8422 6853 7638
f 8422 7638 7637
f 8422 7637 6852
f 8423 6853 6854
f 8423 6854 7639
f 8423 7639 7638
f 8423 7638 6853
f 8424 6854 6855
f 8424 6855 7640
f 8424 7640 7639
f 8424 7639 6854
f 8425 6855 6856
f 8425 6856 7641
f 8425 7641 7640
f 8425 7640 6855
f 8426 6856 6857
f 8426 6857 7642
f 8426 7642 7641
f 8426 7641 6856
f 8427 6857 6858
f 8427 6858 7643
f 8427 7643 7642
f 8427 7642 6857
f 8428 6858 6859
f 8428 6859 7644
f 8428 7644 7643
f 8428 7643 6858
f 8429 6859 6860
f 8429 6860 7645
f 8429 7645 7644
f 8429 7644 6859
f 8430 6860 6861
f 8430 6861 7646
f 8430 7646 7645
f 8430 7645 6860
f 8431 6861 6862
f 8431 6862 7647
f 8431 7647 7646
f 8431 7646 6861
f 8432 6862 6863
f 8432 6863 7648
f 8432 7648 7647
f 8432 7647 6862
f 8433 6863 6864
f 8433 6864 7649
f 8433 7649 7648
f 8433 7648 6863
f 8434 6864 6865
f 8434 6865 7650
f 8434 7650 7649
f 8434 7649 6864
f 8435 6865 6866
f 8435 6866 7651
f 8435 7651 7650
f 8435 7650 6865
f 8436 6866 6867
f 8436 6867 7652
f 8436 7652 7651
f 8436 7651 6866
f 8437 6867 6868
f 8437 6868 7653
f 8437 7653 7652
f 8437 7652 6867
f 8438 6868 6869
f 8438 6869 7654
f 8438 7654 7653
f 8438 7653 6868
f 8439 6869 6870
f 8439 6870 7655
f 8439 7655 7654
f 8439 7654 6869
f 8440 6870 6871
f 8440 6871 7656
f 8440 7656 7655
f 8440 7655 6870
f 8441 6871 6872
f 8441 6872 7657
f 8441 7657 7656
f 8441 7656 6871
f 8442 6872 6873
f 8442 6873 7658
f 8442 7658 7657
f 8442 7657 6872
f 8443 6873 6874
f 8443 6874 7659
f 8443 7659 7658
f 8443 7658 6873
f 8444 6874 6875
f 8444 6875 7660
f 8444 7660 7659
f 8444 7659 6874
f 8445 6875 6876
f 8445 6876 7661
f 8445 7661 7660
f 8445 7660 6875
f 8446 6876 6877
f 8446 6877 7662
f 8446 7662 7661
f 8446 7661 6876
f 8447 6877 6878
f 8447 6878 7663
f 8447 7663 7662
f 8447 7662 6877
f 8448 6878 6879
f 8448 6879 7664
f 8448 7664 7663
f 8448 7663 6878
f 8449 6879 6880
f 8449 6880 7665
f 8449 7665 7664
f 8449 7664 6879
f 8450 6880 6881
f 8450 6881 7666
f 8450 7666 7665
f 8450 7665 6880
f 8451 6881 6882
f 8451 6882 7667
f 8451 7667 7666
f 8451 7666 6881
f 8452 6882 6883
f 8452 6883 7668
f 8452 7668 7667
f 8452 7667 6882
f 8453 6883 6884
f 8453 6884 7669
f 8453 7669 7668
f 8453 7668 6883
f 8454 6884 6885
f 8454 6885 7670
f 8454 7670 7669
f 8454 7669 6884
f 8455 6885 6886
f 8455 6886 7671
f 8455 7671 7670
f 8455 7670 6885
f 8456 6886 6887
f 8456 6887 7672
f 8456 7672 7671
f 8456 7671 6886
f 8457 6887 6888
f 8457 6888 7673
f 8457 7673 7672
f 8457 7672 6887
f 8458 6888 6889
f 8458 6889 7674
f 8458 7674 7673
f 8458 7673 6888
f 8459 6889 6890
f 8459 6890 7675
f 8459 7675 7674
f 8459 7674 6889
f 8460 6890 6891
f 8460 6891 7676
f 8460 7676 7675
f 8460 7675 6890
f 8461 6891 6892
f 8461 6892 7677
f 8461 7677 7676
f 8461 7676 6891
f 8462 6892 6893
f 8462 6893 7678
f 8462 7678 7677
f 8462 7677 6892
f 8463 6893 6894
f 8463 6894 7679
f 8463 7679 7678
f 8463 7678 6893
f 8464 6894 6895
f 8464 6895 7680
f 8464 7680 7679
f 8464 7679 6894
f 8465 6895 6896
f 8465 6896 7681
f 8465 7681 7680
f 8465 7680 6895
f 8466 6896 6897
f 8466 6897 7682
f 8466 7682 7681
f 8466 7681 6896
f 8467 6897 6898
f 8467 6898 7683
f 8467 7683 7682
f 8467 7682 6897
f 8468 6898 6899
f 8468 6899 7684
f 8468 7684 7683
f 8468 7683 6898
f 8469 6899 6900
f 8469 6900 7685
f 8469 7685 7684
f 8469 7684 6899
f 8470 6900 6901
f 8470 6901 7686
f 8470 7686 7685
f 8470 7685 6900
f 8471 6901 6902
f 8471 6902 7687
f 8471 7687 7686
f 8471 7686 6901
f 8472 6902 6903
f 8472 6903 7688
f 8472 7688 7687
f 8472 7687 6902
f 8473 6903 6904
f 8473 6904 7689
f 8473 7689 7688
f 8473 7688 6903
f 8474 6904 6905
f 8474 6905 7690
f 8474 7690 7689
f 8474 7689 6904
f 8475 6905 6906
f 8475 6906 7691
f 8475 7691 7690
f 8475 7690 6905
f 8476 6906 6907
f 8476 6907 7692
f 8476 7692 7691
f 8476 7691 6906
f 8477 6907 6908
f 8477 6908 7693
f 8477 7693 7692
f 8477 7692 6907
f 8478 6908 6909
f 8478 6909 7694
f 8478 7694 7693
f 8478 7693 6908
f 8479 6909 6910
f 8479 6910 7695
f 8479 7695 7694
f 8479 7694 6909
f 8480 6910 6911
f 8480 6911 7696
f 8480 7696 7695
f 8480 7695 6910
f 8481 6911 6912
f 8481 6912 7697
f 8481 7697 7696
f 8481 7696 6911
f 8482 6912 6913
f 8482 6913 7698
f 8482 7698 7697
f 8482 7697 6912
f 8483 6913 6914
f 8483 6914 7699
f 8483 7699 7698
f 8483 7698 6913
f 8484 6914 6915
f 8484 6915 7700
f 8484 7700 7699
f 8484 7699 6914
f 8485 6915 6916
f 8485 6916 7701
f 8485 7701 7700
f 8485 7700 6915
f 8486 6916 6917
f 8486 6917 7702
f 8486 7702 7701
f 8486 7701 6916
f 8487 6917 6918
f 8487 6918 7703
f 8487 7703 7702
f 8487 7702 6917
f 8488 6918 6919
f 8488 6919 7704
f 8488 7704 7703
f 8488 7703 6918
f 8489 6919 6920
f 8489 6920 7705
f 8489 7705 7704
f 8489 7704 6919
f 8490 6920 6921
f 8490 6921 7706
f 8490 7706 7705
f 8490 7705 6920
f 8491 6921 6922
f 8491 6922 7707
f 8491 7707 7706
f 8491 7706 6921
f 8492 6922 6923
f 8492 6923 7708
f 8492 7708 7707
f 8492 7707 6922
f 8493 6923 6924
f 8493 6924 7709
f 8493 7709 7708
f 8493 7708 6923
f 8494 6924 6925
f 8494 6925 7710
f 8494 7710 7709
f 8494 7709 6924
f 8495 6925 6926
f 8495 6926 7711
f 8495 7711 7710
f 8495 7710 6925
f 8496 6926 6927
f 8496 6927 7712
f 8496 7712 7711
f 8496 7711 6926
f 8497 6927 6928
f 8497 6928 7713
f 8497 7713 7712
f 8497 7712 6927
f 8498 6928 6929
f 8498 6929 7714
f 8498 7714 7713
f 8498 7713 6928
f 8499 6929 6930
f 8499 6930 7715
f 8499 7715 7714
f 8499 7714 6929
f 8500 6930 6931
f 8500 6931 7716
f 8500 7716 7715
f 8500 7715 6930
f 8501 6931 6932
f 8501 6932 7717
f 8501 7717 7716
f 8501 7716 6931
f 8502 6932 6933
f 8502 6933 7718
f 8502 7718 7717
f 8502 7717 6932
f 8503 6933 6934
f 8503 6934 7719
f 8503 7719 7718
f 8503 7718 6933
f 8504 6934 6935
f 8504 6935 7720
f 8504 7720 7719
f 8504 7719 6934
f 8505 6935 6936
f 8505 6936 7721
f 8505 7721 7720
f 8505 7720 6935
f 8506 6936 6937
f 8506 6937 7722
f 8506 7722 7721
f 8506 7721 6936
f 8507 6937 6938
f 8507 6938 7723
f 8507 7723 7722
f 8507 7722 6937
f 8508 6938 6939
f 8508 6939 7724
f 8508 7724 7723
f 8508 7723 6938
f 8509 6939 6940
f 8509 6940 7725
f 8509 7725 7724
f 8509 7724 6939
f 8510 6940 6941
f 8510 6941 7726
f 8510 7726 7725
f 8510 7725 6940
f 8511 6941 6942
f 8511 6942 7727
f 8511 7727 7726
f 8511 7726 6941
f 8512 6942 6943
f 8512 6943 7728
f 8512 7728 7727
f 8512 7727 6942
f 8513 6943 6944
f 8513 6944 7729
f 8513 7729 7728
f 8513 7728 6943
f 8514 6944 6945
f 8514 6945 7730
f 8514 7730 7729
f 8514 7729 6944
f 8515 6945 6946
f 8515 6946 7731
f 8515 7731 7730
f 8515 7730 6945
f 8516 6946 6947
f 8516 6947 7732
f 8516 7732 7731
f 8516 7731 6946
f 8517 6947 6948
f 8517 6948 7733
f 8517 7733 7732
f 8517 7732 6947
f 8518 6948 6949
f 8518 6949 7734
f 8518 7734 7733
f 8518 7733 6948
f 8519 6949 6950
f 8519 6950 7735
f 8519 7735 7734
f 8519 7734 6949
f 8520 6950 6951
f 8520 6951 7736
f 8520 7736 7735
f 8520 7735 6950
f 8521 6951 6952
f 8521 6952 7737
f 8521 7737 7736
f 8521 7736 6951
f 8522 6952 6953
f 8522 6953 7738
f 8522 7738 7737
f 8522 7737 6952
f 8523 6953 6954
f 8523 6954 7739
f 8523 7739 7738
f 8523 7738 6953
f 8524 6954 6955
f 8524 6955 7740
f 8524 7740 7739
f 8524 7739 6954
f 8525 6955 6956
f 8525 6956 7741
f 8525 7741 7740
f 8525 7740 6955
f 8526 6956 6957
f 8526 6957 7742
f 8526 7742 7741
f 8526 7741 6956
f 8527 6957 6958
f 8527 6958 7743
f 8527 7743 7742
f 8527 7742 6957
f 8528 6958 6959
f 8528 6959 7744
f 8528 7744 7743
f 8528 7743 6958
f 8529 6959 6960
f 8529 6960 7745
f 8529 7745 7744
f 8529 7744 6959
f 8530 6960 6961
f 8530 6961 7746
f 8530 7746 7745
f 8530 7745 6960
f 8531 6961 6962
f 8531 6962 7747
f 8531 7747 7746
f 8531 7746 6961
f 8532 6962 6963
f 8532 6963 7748
f 8532 7748 7747
f 8532 7747 6962
f 8533 6963 6964
f 8533 6964 7749
f 8533 7749 7748
f 8533 7748 6963
f 8534 6964 6965
f 8534 6965 7750
f 8534 7750 7749
f 8534 7749 6964
f 8535 6965 6966
f 8535 6966 7751
f 8535 7751 7750
f 8535 7750 6965
f 8536 6966 6967
f 8536 6967 7752
f 8536 7752 7751
f 8536 7751 6966
f 8537 6967 6968
f 8537 6968 7753
f 8537 7753 7752
f 8537 7752 6967
f 8538 6968 6969
f 8538 6969 7754
f 8538 7754 7753
f 8538 7753 6968
f 8539 6969 6970
f 8539 6970 7755
f 8539 7755 7754
f 8539 7754 6969
f 8540 6970 6971
f 8540 6971 7756
f 8540 7756 7755
f 8540 7755 6970
f 8541 6971 6972
f 8541 6972 7757
f 8541 7757 7756
f 8541 7756 6971
f 8542 6972 6973
f 8542 6973 7758
f 8542 7758 7757
f 8542 7757 6972
f 8543 6973 6974
f 8543 6974 7759
f 8543 7759 7758
f 8543 7758 6973
f 8544 6974 6975
f 8544 6975 7760
f 8544 7760 7759
f 8544 7759 6974
f 8545 6975 6976
f 8545 6976 7761
f 8545 7761 7760
f 8545 7760 6975
f 8546 6976 6977
f 8546 6977 7762
f 8546 7762 7761
f 8546 7761 6976
f 8547 6977 6978
f 8547 6978 7763
f 8547 7763 7762
f 8547 7762 6977
f 8548 6978 6979
f 8548 6979 7764
f 8548 7764 7763
f 8548 7763 6978
f 8549 6979 6980
f 8549 6980 7765
f 8549 7765 7764
f 8549 7764 6979
f 8550 6980 6981
f 8550 6981 7766
f 8550 7766 7765
f 8550 7765 6980
f 8551 6981 6982
f 8551 6982 7767
f 8551 7767 7766
f 8551 7766 6981
f 8552 6982 6983
f 8552 6983 7768
f 8552 7768 7767
f 8552 7767 6982
f 8553 6983 6984
f 8553 6984 7769
f 8553 7769 7768
f 8553 7768 6983
f 8554 6984 6985
f 8554 6985 7770
f 8554 7770 7769
f 8554 7769 6984
f 8555 6985 6986
f 8555 6986 7771
f 8555 7771 7770
f 8555 7770 6985
f 8556 6986 6987
f 8556 6987 7772
f 8556 7772 7771
f 8556 7771 6986
f 8557 6987 6988
f 8557 6988 7773
f 8557 7773 7772
f 8557 7772 6987
f 8558 6988 6989
f 8558 6989 7774
f 8558 7774 7773
f 8558 7773 6988
f 8559 6989 6990
f 8559 6990 7775
f 8559 7775 7774
f 8559 7774 6989
f 8560 6990 6991
f 8560 6991 7776
f 8560 7776 7775
f 8560 7775 6990
f 8561 6991 6992
f 8561 6992 7777
f 8561 7777 7776
f 8561 7776 6991
f 8562 6992 6993
f 8562 6993 7778
f 8562 7778 7777
f 8562 7777 6992
f 8563 6993 6994
f 8563 6994 7779
f 8563 7779 7778
f 8563 7778 6993
f 8564 6994 6995
f 8564 6995 7780
f 8564 7780 7779
f 8564 7779 6994
f 8565 6995 6996
f 8565 6996 7781
f 8565 7781 7780
f 8565 7780 6995
f 8566 6996 6997
f 8566 6997 7782
f 8566 7782 7781
f 8566 7781 6996
f 8567 6997 6998
f 8567 6998 7783
f 8567 7783 7782
f 8567 7782 6997
f 8568 6998 6999
f 8568 6999 7784
f 8568 7784 7783
f 8568 7783 6998
f 8569 6999 7000
f 8569 7000 7785
f 8569 7785 7784
f 8569 7784 6999
f 8570 7000 7001
f 8570 7001 7786
f 8570 7786 7785
f 8570 7785 7000
f 8571 7001 7002
f 8571 7002 7787
f 8571 7787 7786
f 8571 7786 7001
f 8572 7002 7003
f 8572 7003 7788
f 8572 7788 7787
f 8572 7787 7002
f 8573 7003 7004
f 8573 7004 7789
f 8573 7789 7788
f 8573 7788 7003
f 8574 7004 7005
f 8574 7005 7790
f 8574 7790 7789
f 8574 7789 7004
f 8575 7005 7006
f 8575 7006 7791
f 8575 7791 7790
f 8575 7790 7005
f 8576 7006 7007
f 8576 7007 7792
f 8576 7792 7791
f 8576 7791 7006
f 8577 7007 7008
f 8577 7008 7793
f 8577 7793 7792
f 8577 7792 7007
f 8578 7008 7009
f 8578 7009 7794
f 8578 7794 7793
f 8578 7793 7008
f 8579 7009 7010
f 8579 7010 7795
f 8579 7795 7794
f 8579 7794 7009
f 8580 7010 7011
f 8580 7011 7796
f 8580 7796 7795
f 8580 7795 7010
f 8581 7011 7012
f 8581 7012 7797
f 8581 7797 7796
f 8581 7796 7011
f 8582 7012 7013
f 8582 7013 7798
f 8582 7798 7797
f 8582 7797 7012
f 8583 7013 7014
f 8583 7014 7799
f 8583 7799 7798
f 8583 7798 7013
f 8584 7014 7015
f 8584 7015 7800
f 8584 7800 7799
f 8584 7799 7014
f 8585 7015 7016
f 8585 7016 7801
f 8585 7801 7800
f 8585 7800 7015
f 8586 7016 7017
f 8586 7017 7802
f 8586 7802 7801
f 8586 7801 7016
f 8587 7017 7018
f 8587 7018 7803
f 8587 7803 7802
f 8587 7802 7017
f 8588 7018 7019
f 8588 7019 7804
f 8588 7804 7803
f 8588 7803 7018
f 8589 7019 7020
f 8589 7020 7805
f 8589 7805 7804
f 8589 7804 7019
f 8590 7020 7021
f 8590 7021 7806
f 8590 7806 7805
f 8590 7805 7020
f 8591 7021 7022
f 8591 7022 7807
f 8591 7807 7806
f 8591 7806 7021
f 8592 7022 7023
f 8592 7023 7808
f 8592 7808 7807
f 8592 7807 7022
f 8593 7023 7024
f 8593 7024 7809
f 8593 7809 7808
f 8593 7808 7023
f 8594 7024 7025
f 8594 7025 7810
f 8594 7810 7809
f 8594 7809 7024
f 8595 7025 7026
f 8595 7026 7811
f 8595 7811 7810
f 8595 7810 7025
f 8596 7026 7027
f 8596 7027 7812
f 8596 7812 7811
f 8596 7811 7026
f 8597 7027 7028
f 8597 7028 7813
f 8597 7813 7812
f 8597 7812 7027
f 8598 7028 7029
f 8598 7029 7814
f 8598 7814 7813
f 8598 7813 7028
f 8599 7029 7030
f 8599 7030 7815
f 8599 7815 7814
f 8599 7814 7029
f 8600 7030 7031
f 8600 7031 7816
f 8600 7816 7815
f 8600 7815 7030
f 8601 7031 7032
f 8601 7032 7817
f 8601 7817 7816
f 8601 7816 7031
f 8602 7032 7033
f 8602 7033 7818
f 8602 7818 7817
f 8602 7817 7032
f 8603 7033 7034
f 8603 7034 7819
f 8603 7819 7818
f 8603 7818 7033
f 8604 7034 7035
f 8604 7035 7820
f 8604 7820 7819
f 8604 7819 7034
f 8605 7035 7036
f 8605 7036 7821
f 8605 7821 7820
f 8605 7820 7035
f 8606 7036 7037
f 8606 7037 7822
f 8606 7822 7821
f 8606 7821 7036
f 8607 7037 7038
f 8607 7038 7823
f 8607 7823 7822
f 8607 7822 7037
f 8608 7038 7039
f 8608 7039 7824
f 8608 7824 7823
f 8608 7823 7038
f 8609 7039 7040
f 8609 7040 7825
f 8609 7825 7824
f 8609 7824 7039
f 8610 7040 7041
f 8610 7041 7826
f 8610 7826 7825
f 8610 7825 7040
f 8611 7041 7042
f 8611 7042 7827
f 8611 7827 7826
f 8611 7826 7041
f 8612 7042 7043
f 8612 7043 7828
f 8612 7828 7827
f 8612 7827 7042
f 8613 7043 7044
f 8613 7044 7829
f 8613 7829 7828
f 8613 7828 7043
f 8614 7044 7045
f 8614 7045 7830
f 8614 7830 7829
f 8614 7829 7044
f 8615 7045 7046
f 8615 7046 7831
f 8615 7831 7830
f 8615 7830 7045
f 8616 7046 7047
f 8616 7047 7832
f 8616 7832 7831
f 8616 7831 7046
f 8617 7047 7048
f 8617 7048 7833
f 8617 7833 7832
f 8617 7832 7047
f 8618 7048 7049
f 8618 7049 7834
f 8618 7834 7833
f 8618 7833 7048
f 8619 7049 7050
f 8619 7050 7835
f 8619 7835 7834
f 8619 7834 7049
f 8620 7050 7051
f 8620 7051 7836
f 8620 7836 7835
f 8620 7835 7050
f 8621 7051 7052
f 8621 7052 7837
f 8621 7837 7836
f 8621 7836 7051
f 8622 7052 7053
f 8622 7053 7838
f 8622 7838 7837
f 8622 7837 7052
f 8623 7053 7054
f 8623 7054 7839
f 8623 7839 7838
f 8623 7838 7053
f 8624 7054 7055
f 8624 7055 7840
f 8624 7840 7839
f 8624 7839 7054
f 8625 7055 7056
f 8625 7056 7841
f 8625 7841 7840
f 8625 7840 7055
f 8626 7056 7057
f 8626 7057 7842
f 8626 7842 7841
f 8626 7841 7056
f 8627 7057 7058
f 8627 7058 7843
f 8627 7843 7842
f 8627 7842 7057
f 8628 7058 7059
f 8628 7059 7844
f 8628 7844 7843
f 8628 7843 7058
f 8629 7059 7060
f 8629 7060 7845
f 8629 7845 7844
f 8629 7844 7059
f 8630 7060 7061
f 8630 7061 7846
f 8630 7846 7845
f 8630 7845 7060
f 8631 7061 7062
f 8631 7062 7847
f 8631 7847 7846
f 8631 7846 7061
f 8632 7062 7063
f 8632 7063 7848
f 8632 7848 7847
f 8632 7847 7062
f 8633 7063 7064
f 8633 7064 7849
f 8633 7849 7848
f 8633 7848 7063
f 8634 7064 7065
f 8634 7065 7850
f 8634 7850 7849
f 8634 7849 7064
f 8635 7065 7066
f 8635 7066 7851
f 8635 7851 7850
f 8635 7850 7065
f 8636 7066 7067
f 8636 7067 7852
f 8636 7852 7851
f 8636 7851 7066
f 8637 7067 7068
f 8637 7068 7853
f 8637 7853 7852
f 8637 7852 7067
f 8638 7068 7069
f 8638 7069 7854
f 8638 7854 7853
f 8638 7853 7068
f 8639 7069 7070
f 8639 7070 7855
f 8639 7855 7854
f 8639 7854 7069
f 8640 7070 7071
f 8640 7071 7856
f 8640 7856 7855
f 8640 7855 7070
f 8641 7071 7072
f 8641 7072 7857
f 8641 7857 7856
f 8641 7856 7071
f 8642 7072 7073
f 8642 7073 7858
f 8642 7858 7857
f 8642 7857 7072
f 8643 7073 7074
f 8643 7074 7859
f 8643 7859 7858
f 8643 7858 7073
f 8644 7074 7075
f 8644 7075 7860
f 8644 7860 7859
f 8644 7859 7074
f 8645 7075 7076
f 8645 7076 7861
f 8645 7861 7860
f 8645 7860 7075
f 8646 7076 7077
f 8646 7077 7862
f 8646 7862 7861
f 8646 7861 7076
f 8647 7077 7078
f 8647 7078 7863
f 8647 7863 7862
f 8647 7862 7077
f 8648 7078 7079
f 8648 7079 7864
f 8648 7864 7863
f 8648 7863 7078
f 8649 7079 7080
f 8649 7080 7865
f 8649 7865 7864
f 8649 7864 7079
f 8650 7080 7081
f 8650 7081 7866
f 8650 7866 7865
f 8650 7865 7080
f 8651 7081 7082
f 8651 7082 7867
f 8651 7867 7866
f 8651 7866 7081
f 8652 7082 7083
f 8652 7083 7868
f 8652 7868 7867
f 8652 7867 7082
f 8653 7083 7084
f 8653 7084 7869
f 8653 7869 7868
f 8653 7868 7083
f 8654 7084 7085
f 8654 7085 7870
f 8654 7870 7869
f 8654 7869 7084
f 8655 7085 7086
f 8655 7086 7871
f 8655 7871 7870
f 8655 7870 7085
f 8656 7086 7087
f 8656 7087 7872
f 8656 7872 7871
f 8656 7871 7086
f 8657 7087 7088
f 8657 7088 7873
f 8657 7873 7872
f 8657 7872 7087
f 8658 7088 7089
f 8658 7089 7874
f 8658 7874 7873
f 8658 7873 7088
f 8659 7089 7090
f 8659 7090 7875
f 8659 7875 7874
f 8659 7874 7089
f 8660 7090 7091
f 8660 7091 7876
f 8660 7876 7875
f 8660 7875 7090
f 8661 7091 7092
f 8661 7092 7877
f 8661 7877 7876
f 8661 7876 7091
f 8662 7092 7093
f 8662 7093 7878
f 8662 7878 7877
f 8662 7877 7092
f 8663 7093 7094
f 8663 7094 7879
f 8663 7879 7878
f 8663 7878 7093
f 8664 7094 7095
f 8664 7095 7880
f 8664 7880 7879
f 8664 7879 7094
f 8665 7095 7096
f 8665 7096 7881
f 8665 7881 7880
f 8665 7880 7095
f 8666 7096 7097
f 8666 7097 7882
f 8666 7882 7881
f 8666 7881 7096
f 8667 7097 7098
f 8667 7098 7883
f 8667 7883 7882
f 8667 7882 7097
f 8668 7098 7099
f 8668 7099 7884
f 8668 7884 7883
f 8668 7883 7098
f 8669 7099 7100
f 8669 7100 7885
f 8669 7885 7884
f 8669 7884 7099
f 8670 7100 7101
f 8670 7101 7886
f 8670 7886 7885
f 8670 7885 7100
f 8671 7101 7102
f 8671 7102 7887
f 8671 7887 7886
f 8671 7886 7101
f 8672 7102 7103
f 8672 7103 7888
f 8672 7888 7887
f 8672 7887 7102
f 8673 7103 7104
f 8673 7104 7889
f 8673 7889 7888
f 8673 7888 7103
f 8674 7104 7105
f 8674 7105 7890
f 8674 7890 7889
f 8674 7889 7104
f 8675 7105 7106
f 8675 7106 7891
f 8675 7891 7890
f 8675 7890 7105
f 8676 7106 7107
f 8676 7107 7892
f 8676 7892 7891
f 8676 7891 7106
f 8677 7107 7108
f 8677 7108 7893
f 8677 7893 7892
f 8677 7892 7107
f 8678 7108 7109
f 8678 7109 7894
f 8678 7894 7893
f 8678 7893 7108
f 8679 7109 7110
f 8679 7110 7895
f 8679 7895 7894
f 8679 7894 7109
f 8680 7110 7111
f 8680 7111 7896
f 8680 7896 7895
f 8680 7895 7110
f 8681 7111 7112
f 8681 7112 7897
f 8681 7897 7896
f 8681 7896 7111
f 8682 7112 7113
f 8682 7113 7898
f 8682 7898 7897
f 8682 7897 7112
f 8683 7113 7114
f 8683 7114 7899
f 8683 7899 7898
f 8683 7898 7113
f 8684 7114 7115
f 8684 7115 7900
f 8684 7900 7899
f 8684 7899 7114
f 8685 7115 7116
f 8685 7116 7901
f 8685 7901 7900
f 8685 7900 7115
f 8686 7116 7117
f 8686 7117 7902
f 8686 7902 7901
f 8686 7901 7116
f 8687 7117 7118
f 8687 7118 7903
f 8687 7903 7902
f 8687 7902 7117
f 8688 7118 7119
f 8688 7119 7904
f 8688 7904 7903
f 8688 7903 7118
f 8689 7119 7120
f 8689 7120 7905
f 8689 7905 7904
f 8689 7904 7119
f 8690 7120 7121
f 8690 7121 7906
f 8690 7906 7905
f 8690 7905 7120
f 8691 7121 7122
f 8691 7122 7907
f 8691 7907 7906
f 8691 7906 7121
f 8692 7122 7123
f 8692 7123 7908
f 8692 7908 7907
f 8692 7907 7122
f 8693 7123 7124
f 8693 7124 7909
f 8693 7909 7908
f 8693 7908 7123
f 8694 7124 7125
f 8694 7125 7910
f 8694 7910 7909
f 8694 7909 7124
f 8695 7125 7126
f 8695 7126 7911
f 8695 7911 7910
f 8695 7910 7125
f 8696 7126 7127
f 8696 7127 7912
f 8696 7912 7911
f 8696 7911 7126
f 8697 7127 7128
f 8697 7128 7913
f 8697 7913 7912
f 8697 7912 7127
f 8698 7128 7129
f 8698 7129 7914
f 8698 7914 7913
f 8698 7913 7128
f 8699 7129 7130
f 8699 7130 7915
f 8699 7915 7914
f 8699 7914 7129
f 8700 7130 7131
f 8700 7131 7916
f 8700 7916 7915
f 8700 7915 7130
f 8701 7131 7132
f 8701 7132 7917
f 8701 7917 7916
f 8701 7916 7131
f 8702 7132 7133
f 8702 7133 7918
f 8702 7918 7917
f 8702 7917 7132
f 8703 7133 7134
f 8703 7134 7919
f 8703 7919 7918
f 8703 7918 7133
f 8704 7134 7135
f 8704 7135 7920
f 8704 7920 7919
f 8704 7919 7134
f 8705 7135 7136
f 8705 7136 7921
f 8705 7921 7920
f 8705 7920 7135
f 8706 7136 7137
f 8706 7137 7922
f 8706 7922 7921
f 8706 7921 7136
f 8707 7137 7138
f 8707 7138 7923
f 8707 7923 7922
f 8707 7922 7137
f 8708 7138 7139
f 8708 7139 7924
f 8708 7924 7923
f 8708 7923 7138
f 8709 7139 7140
f 8709 7140 7925
f 8709 7925 7924
f 8709 7924 7139
f 8710 7140 7141
f 8710 7141 7926
f 8710 7926 7925
f 8710 7925 7140
f 8711 7141 7142
f 8711 7142 7927
f 8711 7927 7926
f 8711 7926 7141
f 8712 7142 7143
f 8712 7143 7928
f 8712 7928 7927
f 8712 7927 7142
f 8713 7143 7144
f 8713 7144 7929
f 8713 7929 7928
f 8713 7928 7143
f 8714 7144 7145
f 8714 7145 7930
f 8714 7930 7929
f 8714 7929 7144
f 8715 7145 7146
f 8715 7146 7931
f 8715 7931 7930
f 8715 7930 7145
f 8716 7146 7147
f 8716 7147 7932
f 8716 7932 7931
f 8716 7931 7146
f 8717 7147 7148
f 8717 7148 7933
f 8717 7933 7932
f 8717 7932 7147
f 8718 7148 7149
f 8718 7149 7934
f 8718 7934 7933
f 8718 7933 7148
f 8719 7149 7150
f 8719 7150 7935
f 8719 7935 7934
f 8719 7934 7149
f 8720 7150 7151
f 8720 7151 7936
f 8720 7936 7935
f 8720 7935 7150
f 8721 7151 7152
f 8721 7152 7937
f 8721 7937 7936
f 8721 7936 7151
f 8722 7152 7153
f 8722 7153 7938
f 8722 7938 7937
f 8722 7937 7152
f 8723 7153 7154
f 8723 7154 7939
f 8723 7939 7938
f 8723 7938 7153
f 8724 7154 7155
f 8724 7155 7940
f 8724 7940 7939
f 8724 7939 7154
f 8725 7155 7156
f 8725 7156 7941
f 8725 7941 7940
f 8725 7940 7155
f 8726 7156 7157
f 8726 7157 7942
f 8726 7942 7941
f 8726 7941 7156
f 8727 7157 7158
f 8727 7158 7943
f 8727 7943 7942
f 8727 7942 7157
f 8728 7158 7159
f 8728 7159 7944
f 8728 7944 7943
f 8728 7943 7158
f 8729 7159 7160
f 8729 7160 7945
f 8729 7945 7944
f 8729 7944 7159
f 8730 7160 7161
f 8730 7161 7946
f 8730 7946 7945
f 8730 7945 7160
f 8731 7161 7162
f 8731 7162 7947
f 8731 7947 7946
f 8731 7946 7161
f 8732 7162 7163
f 8732 7163 7948
f 8732 7948 7947
f 8732 7947 7162
f 8733 7163 7164
f 8733 7164 7949
f 8733 7949 7948
f 8733 7948 7163
f 8734 7164 7165
f 8734 7165 7950
f 8734 7950 7949
f 8734 7949 7164
f 8735 7165 7166
f 8735 7166 7951
f 8735 7951 7950
f 8735 7950 7165
f 8736 7166 7167
f 8736 7167 7952
f 8736 7952 7951
f 8736 7951 7166
f 8737 7167 7168
f 8737 7168 7953
f 8737 7953 7952
f 8737 7952 7167
f 8738 7168 7169
f 8738 7169 7954
f 8738 7954 7953
f 8738 7953 7168
f 8739 7169 7170
f 8739 7170 7955
f 8739 7955 7954
f 8739 7954 7169
f 8740 7170 7171
f 8740 7171 7956
f 8740 7956 7955
f 8740 7955 7170
f 8741 7171 7172
f 8741 7172 7957
f 8741 7957 7956
f 8741 7956 7171
f 8742 7172 7173
f 8742 7173 7958
f 8742 7958 7957
f 8742 7957 7172
f 8743 7173 7174
f 8743 7174 7959
f 8743 7959 7958
f 8743 7958 7173
f 8744 7174 7175
f 8744 7175 7960
f 8744 7960 7959
f 8744 7959 7174
f 8745 7175 7176
f 8745 7176 7961
f 8745 7961 7960
f 8745 7960 7175
f 8746 7176 7177
f 8746 7177 7962
f 8746 7962 7961
f 8746 7961 7176
f 8747 7177 7178
f 8747 7178 7963
f 8747 7963 7962
f 8747 7962 7177
f 8748 7178 7179
f 8748 7179 7964
f 8748 7964 7963
f 8748 7963 7178
f 8749 7179 7180
f 8749 7180 7965
f 8749 7965 7964
f 8749 7964 7179
f 8750 7180 7181
f 8750 7181 7966
f 8750 7966 7965
f 8750 7965 7180
f 8751 7181 7182
f 8751 7182 7967
f 8751 7967 7966
f 8751 7966 7181
f 8752 7182 7183
f 8752 7183 7968
f 8752 7968 7967
f 8752 7967 7182
f 8753 7183 7184
f 8753 7184 7969
f 8753 7969 7968
f 8753 7968 7183
f 8754 7184 7185
f 8754 7185 7970
f 8754 7970 7969
f 8754 7969 7184
f 8755 7185 7186
f 8755 7186 7971
f 8755 7971 7970
f 8755 7970 7185
f 8756 7186 7187
f 8756 7187 7972
f 8756 7972 7971
f 8756 7971 7186
f 8757 7187 7188
f 8757 7188 7973
f 8757 7973 7972
f 8757 7972 7187
f 8758 7188 7189
f 8758 7189 7974
f 8758 7974 7973
f 8758 7973 7188
f 8759 7189 7190
f 8759 7190 7975
f 8759 7975 7974
f 8759 7974 7189
f 8760 7190 7191
f 8760 7191 7976
f 8760 7976 7975
f 8760 7975 7190
f 8761 7191 7192
f 8761 7192 7977
f 8761 7977 7976
f 8761 7976 7191
f 8762 7192 7193
f 8762 7193 7978
f 8762 7978 7977
f 8762 7977 7192
f 8763 7193 7194
f 8763 7194 7979
f 8763 7979 7978
f 8763 7978 7193
f 8764 7194 7195
f 8764 7195 7980
f 8764 7980 7979
f 8764 7979 7194
f 8765 7195 7196
f 8765 7196 7981
f 8765 7981 7980
f 8765 7980 7195
f 8766 7196 7197
f 8766 7197 7982
f 8766 7982 7981
f 8766 7981 7196
f 8767 7197 7198
f 8767 7198 7983
f 8767 7983 7982
f 8767 7982 7197
f 8768 7198 7199
f 8768 7199 7984
f 8768 7984 7983
f 8768 7983 7198
f 8769 7199 7200
f 8769 7200 7985
f 8769 7985 7984
f 8769 7984 7199
f 8770 7200 7201
f 8770 7201 7986
f 8770 7986 7985
f 8770 7985 7200
f 8771 7201 7202
f 8771 7202 7987
f 8771 7987 7986
f 8771 7986 7201
f 8772 7202 7203
f 8772 7203 7988
f 8772 7988 7987
f 8772 7987 7202
f 8773 7203 7204
f 8773 7204 7989
f 8773 7989 7988
f 8773 7988 7203
f 8774 7204 7205
f 8774 7205 7990
f 8774 7990 7989
f 8774 7989 7204
f 8775 7205 7206
f 8775 7206 7991
f 8775 7991 7990
f 8775 7990 7205
f 8776 7206 7207
f 8776 7207 7992
f 8776 7992 7991
f 8776 7991 7206
f 8777 7207 7208
f 8777 7208 7993
f 8777 7993 7992
f 8777 7992 7207
f 8778 7208 7209
f 8778 7209 7994
f 8778 7994 7993
f 8778 7993 7208
f 8779 7209 7210
f 8779 7210 7995
f 8779 7995 7994
f 8779 7994 7209
f 8780 7210 7211
f 8780 7211 7996
f 8780 7996 7995
f 8780 7995 7210
f 8781 7211 7212
f 8781 7212 7997
f 8781 7997 7996
f 8781 7996 7211
f 8782 7212 7213
f 8782 7213 7998
f 8782 7998 7997
f 8782 7997 7212
f 8783 7213 7214
f 8783 7214 7999
f 8783 7999 7998
f 8783 7998 7213
f 8784 7214 7215
f 8784 7215 8000
f 8784 8000 7999
f 8784 7999 7214
f 8785 7215 7216
f 8785 7216 8001
f 8785 8001 8000
f 8785 8000 7215
f 8786 7216 7217
f 8786 7217 8002
f 8786 8002 8001
f 8786 8001 7216
f 8787 7217 7218
f 8787 7218 8003
f 8787 8003 8002
f 8787 8002 7217
f 8788 7218 7219
f 8788 7219 8004
f 8788 8004 8003
f 8788 8003 7218
f 8789 7219 7220
f 8789 7220 8005
f 8789 8005 8004
f 8789 8004 7219
f 8790 7220 7221
f 8790 7221 8006
f 8790 8006 8005
f 8790 8005 7220
f 8791 7221 7222
f 8791 7222 8007
f 8791 8007 8006
f 8791 8006 7221
f 8792 7222 7223
f 8792 7223 8008
f 8792 8008 8007
f 8792 8007 7222
f 8793 7223 7224
f 8793 7224 8009
f 8793 8009 8008
f 8793 8008 7223
f 8794 7224 7225
f 8794 7225 8010
f 8794 8010 8009
f 8794 8009 7224
f 8795 7225 7226
f 8795 7226 8011
f 8795 8011 8010
f 8795 8010 7225
f 8796 7226 7227
f 8796 7227 8012
f 8796 8012 8011
f 8796 8011 7226
f 8797 7227 7228
f 8797 7228 8013
f 8797 8013 8012
f 8797 8012 7227
f 8798 7228 7229
f 8798 7229 8014
f 8798 8014 8013
f 8798 8013 7228
f 8799 7229 7230
f 8799 7230 8015
f 8799 8015 8014
f 8799 8014 7229
f 8800 7230 7231
f 8800 7231 8016
f 8800 8016 8015
f 8800 8015 7230
f 8801 7231 7232
f 8801 7232 8017
f 8801 8017 8016
f 8801 8016 7231
f 8802 7232 7233
f 8802 7233 8018
f 8802 8018 8017
f 8802 8017 7232
f 8803 7233 7234
f 8803 7234 8019
f 8803 8019 8018
f 8803 8018 7233
f 8804 7234 7235
f 8804 7235 8020
f 8804 8020 8019
f 8804 8019 7234
f 8805 7235 7236
f 8805 7236 8021
f 8805 8021 8020
f 8805 8020 7235
f 8806 7236 7237
f 8806 7237 8022
f 8806 8022 8021
f 8806 8021 7236
f 8807 7237 7238
f 8807 7238 8023
f 8807 8023 8022
f 8807 8022 7237
f 8808 7238 7239
f 8808 7239 8024
f 8808 8024 8023
f 8808 8023 7238
f 8809 7239 7240
f 8809 7240 8025
f 8809 8025 8024
f 8809 8024 7239
f 8810 7240 7241
f 8810 7241 8026
f 8810 8026 8025
f 8810 8025 7240
f 8811 7241 7242
f 8811 7242 8027
f 8811 8027 8026
f 8811 8026 7241
f 8812 7242 7243
f 8812 7243 8028
f 8812 8028 8027
f 8812 8027 7242
f 8813 7243 7244
f 8813 7244 8029
f 8813 8029 8028
f 8813 8028 7243
f 8814 7244 7245
f 8814 7245 8030
f 8814 8030 8029
f 8814 8029 7244
f 8815 7245 7246
f 8815 7246 8031
f 8815 8031 8030
f 8815 8030 7245
f 8816 7246 7247
f 8816 7247 8032
f 8816 8032 8031
f 8816 8031 7246
f 8817 7247 7248
f 8817 7248 8033
f 8817 8033 8032
f 8817 8032 7247
f 8818 7248 7249
f 8818 7249 8034
f 8818 8034 8033
f 8818 8033 7248
f 8819 7249 7250
f 8819 7250 8035
f 8819 8035 8034
f 8819 8034 7249
f 8820 7250 7251
f 8820 7251 8036
f 8820 8036 8035
f 8820 8035 7250
f 8821 7251 7252
f 8821 7252 8037
f 8821 8037 8036
f 8821 8036 7251
f 8822 7252 7253
f 8822 7253 8038
f 8822 8038 8037
f 8822 8037 7252
f 8823 7253 7254
f 8823 7254 8039
f 8823 8039 8038
f 8823 8038 7253
f 8824 7254 7255
f 8824 7255 8040
f 8824 8040 8039
f 8824 8039 7254
f 8825 7255 7256
f 8825 7256 8041
f 8825 8041 8040
f 8825 8040 7255
f 8826 7256 7257
f 8826 7257 8042
f 8826 8042 8041
f 8826 8041 7256
f 8827 7257 7258
f 8827 7258 8043
f 8827 8043 8042
f 8827 8042 7257
f 8828 7258 7259
f 8828 7259 8044
f 8828 8044 8043
f 8828 8043 7258
f 8829 7259 7260
f 8829 7260 8045
f 8829 8045 8044
f 8829 8044 7259
f 8830 7260 7261
f 8830 7261 8046
f 8830 8046 8045
f 8830 8045 7260
f 8831 7261 7262
f 8831 7262 8047
f 8831 8047 8046
f 8831 8046 7261
f 8832 7262 7263
f 8832 7263 8048
f 8832 8048 8047
f 8832 8047 7262
f 8833 7263 7264
f 8833 7264 8049
f 8833 8049 8048
f 8833 8048 7263
f 8834 7264 7265
f 8834 7265 8050
f 8834 8050 8049
f 8834 8049 7264
f 8835 7265 7266
f 8835 7266 8051
f 8835 8051 8050
f 8835 8050 7265
f 8836 7266 7267
f 8836 7267 8052
f 8836 8052 8051
f 8836 8051 7266
f 8837 7267 7268
f 8837 7268 8053
f 8837 8053 8052
f 8837 8052 7267
f 8838 7268 7269
f 8838 7269 8054
f 8838 8054 8053
f 8838 8053 7268
f 8839 7269 7270
f 8839 7270 8055
f 8839 8055 8054
f 8839 8054 7269
f 8840 7270 7271
f 8840 7271 8056
f 8840 8056 8055
f 8840 8055 7270
f 8841 7271 7272
f 8841 7272 8057
f 8841 8057 8056
f 8841 8056 7271
f 8842 7272 7273
f 8842 7273 8058
f 8842 8058 8057
f 8842 8057 7272
f 8843 7273 7274
f 8843 7274 8059
f 8843 8059 8058
f 8843 8058 7273
f 8844 7274 7275
f 8844 7275 8060
f 8844 8060 8059
f 8844 8059 7274
f 8845 7275 7276
f 8845 7276 8061
f 8845 8061 8060
f 8845 8060 7275
f 8846 7276 7277
f 8846 7277 8062
f 8846 8062 8061
f 8846 8061 7276
f 8847 7277 7278
f 8847 7278 8063
f 8847 8063 8062
f 8847 8062 7277
f 8848 7278 7279
f 8848 7279 8064
f 8848 8064 8063
f 8848 8063 7278
f 8849 7279 7280
f 8849 7280 8065
f 8849 8065 8064
f 8849 8064 7279
f 8850 7280 7281
f 8850 7281 8066
f 8850 8066 8065
f 8850 8065 7280
f 8851 7281 7282
f 8851 7282 8067
f 8851 8067 8066
f 8851 8066 7281
f 8852 7282 7283
f 8852 7283 8068
f 8852 8068 8067
f 8852 8067 7282
f 8853 7283 7284
f 8853 7284 8069
f 8853 8069 8068
f 8853 8068 7283
f 8854 7284 7285
f 8854 7285 8070
f 8854 8070 8069
f 8854 8069 7284
f 8855 7285 7286
f 8855 7286 8071
f 8855 8071 8070
f 8855 8070 7285
f 8856 7286 7287
f 8856 7287 8072
f 8856 8072 8071
f 8856 8071 7286
f 8857 7287 7288
f 8857 7288 8073
f 8857 8073 8072
f 8857 8072 7287
f 8858 7288 7289
f 8858 7289 8074
f 8858 8074 8073
f 8858 8073 7288
f 8859 7289 7290
f 8859 7290 8075
f 8859 8075 8074
f 8859 8074 7289
f 8860 7290 7291
f 8860 7291 8076
f 8860 8076 8075
f 8860 8075 7290
f 8861 7291 7292
f 8861 7292 8077
f 8861 8077 8076
f 8861 8076 7291
f 8862 7292 7293
f 8862 7293 8078
f 8862 8078 8077
f 8862 8077 7292
f 8863 7293 7294
f 8863 7294 8079
f 8863 8079 8078
f 8863 8078 7293
f 8864 7294 7295
f 8864 7295 8080
f 8864 8080 8079
f 8864 8079 7294
f 8865 7295 7296
f 8865 7296 8081
f 8865 8081 8080
f 8865 8080 7295
f 8866 7296 7297
f 8866 7297 8082
f 8866 8082 8081
f 8866 8081 7296
f 8867 7297 7298
f 8867 7298 8083
f 8867 8083 8082
f 8867 8082 7297
f 8868 7298 7299
f 8868 7299 8084
f 8868 8084 8083
f 8868 8083 7298
f 8869 7299 7300
f 8869 7300 8085
f 8869 8085 8084
f 8869 8084 7299
f 8870 7300 7301
f 8870 7301 8086
f 8870 8086 8085
f 8870 8085 7300
f 8871 7301 7302
f 8871 7302 8087
f 8871 8087 8086
f 8871 8086 7301
f 8872 7302 7303
f 8872 7303 8088
f 8872 8088 8087
f 8872 8087 7302
f 8873 7303 7304
f 8873 7304 8089
f 8873 8089 8088
f 8873 8088 7303
f 8874 7304 7305
f 8874 7305 8090
f 8874 8090 8089
f 8874 8089 7304
f 8875 7305 7306
f 8875 7306 8091
f 8875 8091 8090
f 8875 8090 7305
f 8876 7306 7307
f 8876 7307 8092
f 8876 8092 8091
f 8876 8091 7306
f 8877 7307 7308
f 8877 7308 8093
f 8877 8093 8092
f 8877 8092 7307
f 8878 7308 7309
f 8878 7309 8094
f 8878 8094 8093
f 8878 8093 7308
f 8879 7309 7310
f 8879 7310 8095
f 8879 8095 8094
f 8879 8094 7309
f 8880 7310 7311
f 8880 7311 8096
f 8880 8096 8095
f 8880 8095 7310
f 8881 7311 6527
f 8881 6527 7312
f 8881 7312 8096
f 8881 8096 7311
