o model
v -0.8837 -0.0744 0.0981
v -0.8918 -0.1500 0.0137
v -0.8593 -0.3643 -0.0479
v -0.8765 -0.0168 0.1219
v -0.8566 0.0997 -0.0822
v -0.8919 -0.0912 0.0051
v -0.8503 -0.3130 0.1901
v -0.8299 -0.4520 -0.0936
v -0.8891 -0.1442 0.0721
v -0.8523 -0.0129 -0.2584
v -0.8488 0.1423 0.0389
v -0.8863 -0.2127 -0.0171
v -0.8253 -0.4424 0.1352
v -0.8379 -0.3851 0.1644
v -0.8531 -0.2764 -0.2226
v -0.8506 -0.1546 0.2775
v -0.8362 0.0506 -0.2659
v -0.8582 -0.0365 0.2313
v -0.8899 -0.1131 -0.0656
v -0.8455 -0.1516 0.2895
v -0.8170 -0.3987 0.2398
v -0.8460 -0.2547 -0.2584
v -0.8443 -0.2970 0.2369
v -0.8372 -0.2923 0.2592
v -0.8128 -0.4480 -0.1843
v -0.8413 0.1418 0.1113
v -0.8450 0.1079 0.1587
v -0.8882 -0.1840 -0.0700
v -0.8538 0.0112 0.2283
v -0.8405 -0.0877 0.3019
v -0.8889 -0.0804 -0.0390
v -0.8866 -0.0562 0.0767
v -0.8818 -0.2376 0.0802
v -0.8211 0.1937 0.0966
v -0.7968 -0.4358 0.2695
v -0.8829 -0.2537 0.0235
v -0.7752 -0.5687 -0.0654
v -0.8831 -0.2350 -0.0752
v -0.7923 -0.4534 -0.2696
v -0.8318 -0.1293 -0.3333
v -0.8181 0.1854 0.1399
v -0.8188 0.0120 0.3273
v -0.8316 -0.2205 -0.3188
v -0.8326 -0.1757 -0.3263
v -0.7594 0.3079 0.0413
v -0.8863 -0.0942 0.0908
v -0.7685 0.2398 -0.2560
v -0.7679 -0.5081 0.2474
v -0.7994 -0.1196 -0.4096
v -0.8825 -0.1820 -0.1286
v -0.7260 0.3508 0.0507
v -0.7052 -0.6454 -0.1804
v -0.8813 -0.1045 -0.1481
v -0.6852 -0.6896 0.0529
v -0.7602 0.2869 0.1561
v -0.7750 0.2467 0.2034
v -0.7736 0.2518 0.1931
v -0.7737 0.2519 0.1931
v -0.7567 0.3075 0.0980
v -0.8200 0.0757 0.2925
v -0.7796 -0.3128 -0.4077
v -0.7393 0.2888 -0.2438
v -0.8827 -0.0940 0.1244
v -0.8799 -0.1535 0.1455
v -0.5938 -0.7502 0.1886
v -0.7924 -0.0868 0.4157
v -0.7350 -0.4373 0.4115
v -0.7335 -0.4416 0.4117
v -0.7309 -0.5334 -0.3335
v -0.8767 -0.2439 -0.1278
v -0.6765 0.3928 -0.1426
v -0.7694 -0.1182 0.4548
v -0.6301 -0.7247 0.1444
v -0.6564 0.4144 -0.1229
v -0.8787 -0.0388 -0.1421
v -0.6753 -0.5842 0.3669
v -0.8786 0.0165 -0.0184
v -0.8865 -0.0400 0.0095
v -0.8803 -0.0026 0.0860
v -0.8799 0.0122 0.0407
v -0.7444 -0.3845 -0.4406
v -0.6363 0.4227 -0.1749
v -0.6463 0.4250 0.0817
v -0.7177 0.3480 0.1472
v -0.7262 -0.1940 0.5199
v -0.7511 -0.2918 -0.4642
v -0.6825 0.3692 -0.2104
v -0.7173 -0.4892 -0.4073
v -0.7044 -0.4798 0.4271
v -0.8742 -0.2309 0.1514
v -0.6817 -0.5124 0.4371
v -0.6956 -0.4606 0.4529
v -0.5135 -0.8016 -0.2195
v -0.8709 -0.3234 -0.0213
v -0.6618 0.3535 -0.3102
v -0.6942 0.3333 0.2650
v -0.8719 -0.3000 -0.0877
v -0.6893 0.3306 0.2837
v -0.7773 -0.0355 0.4333
v -0.7373 -0.3199 -0.4769
v -0.6102 -0.6675 0.3573
v -0.5288 -0.7984 0.1760
v -0.6778 -0.5862 -0.3771
v -0.5997 0.4419 -0.2046
v -0.5837 0.4646 0.1074
v -0.7490 0.0969 0.4361
v -0.7609 -0.1144 0.4709
v -0.7638 -0.0585 0.4623
v -0.6823 -0.5504 -0.4101
v -0.6797 -0.5421 -0.4223
v -0.7196 -0.0297 -0.5266
v -0.7380 0.1672 -0.4138
v -0.7272 0.1574 -0.4426
v -0.6029 0.4256 -0.2571
v -0.6500 0.3989 0.2064
v -0.6912 -0.3959 0.5066
v -0.5213 -0.8121 0.1180
v -0.6971 -0.5033 -0.4275
v -0.7231 -0.4517 -0.4280
v -0.6388 0.3176 -0.4106
v -0.6344 0.3985 0.2606
v -0.8808 -0.0058 0.0163
v -0.7141 0.2581 0.3423
v -0.6990 -0.3764 -0.5103
v -0.6071 0.3443 -0.4286
v -0.5706 0.4623 -0.2051
v -0.5292 0.4895 -0.1354
v -0.8796 -0.0100 0.0943
v -0.5361 0.4909 -0.0521
v -0.8811 -0.0423 0.1106
v -0.5409 0.4866 0.0884
v -0.5768 0.4701 0.0562
v -0.5771 0.4530 0.1976
v -0.5024 -0.8096 0.1930
v -0.7187 -0.3455 -0.4987
v -0.6377 0.3907 0.2728
v -0.7612 0.1067 0.4050
v -0.7581 0.1133 0.4043
v -0.7581 0.1133 0.4043
v -0.4716 -0.8278 0.1526
v -0.4740 -0.8421 -0.0146
v -0.4869 -0.7983 -0.2920
v -0.6623 -0.5585 -0.4298
v -0.6680 -0.5494 -0.4286
v -0.6947 -0.1322 -0.5740
v -0.7202 -0.0740 -0.5325
v -0.5906 0.4639 -0.0514
v -0.5000 0.5019 -0.0988
v -0.6240 -0.5158 0.5146
v -0.6282 -0.6243 -0.4069
v -0.6413 -0.6338 -0.3733
v -0.6106 -0.6623 -0.3808
v -0.6823 -0.5164 -0.4415
v -0.7031 -0.3417 -0.5162
v -0.5428 0.4773 -0.1880
v -0.7510 0.1250 0.4101
v -0.7386 -0.0555 0.4999
v -0.6480 -0.3835 0.5618
v -0.4413 -0.8011 0.3276
v -0.4839 -0.7871 -0.3304
v -0.6684 -0.2104 -0.5985
v -0.6612 -0.2324 -0.6045
v -0.6304 0.2876 -0.4670
v -0.6343 0.3738 0.3102
v -0.6556 0.3626 0.2883
v -0.4341 -0.8582 -0.0227
v -0.4823 -0.8026 -0.2832
v -0.4688 -0.8113 -0.2798
v -0.4751 -0.7970 -0.3126
v -0.4751 -0.7971 -0.3126
v -0.7362 0.1384 0.4264
v -0.7431 0.1302 0.4225
v -0.6308 -0.4220 0.5627
v -0.4769 -0.7469 0.4062
v -0.4282 -0.8343 -0.2594
v -0.4509 -0.8288 -0.2443
v -0.4683 -0.7972 -0.3233
v -0.4683 -0.7972 -0.3233
v -0.5222 -0.7546 -0.3467
v -0.6887 0.1370 -0.5128
v -0.6606 -0.3333 0.5651
v -0.5236 -0.6459 0.4964
v -0.5020 -0.7604 -0.3653
v -0.6916 -0.4679 -0.4673
v -0.6852 -0.4833 -0.4638
v -0.6863 -0.4801 -0.4641
v -0.6833 -0.4829 -0.4677
v -0.6774 -0.4297 -0.5129
v -0.6981 -0.3021 -0.5409
v -0.6887 0.0210 -0.5641
v -0.6988 0.1569 -0.4837
v -0.6874 0.1965 -0.4747
v -0.6843 0.2103 -0.4654
v -0.5178 0.4849 -0.2197
v -0.6739 0.3088 0.3488
v -0.5834 -0.6634 -0.4241
v -0.6980 0.0350 -0.5457
v -0.7216 0.0544 0.4987
v -0.6068 -0.5079 0.5369
v -0.3597 -0.8716 -0.1980
v -0.3872 -0.8418 -0.2974
v -0.4523 -0.7993 -0.3420
v -0.4454 -0.7988 -0.3541
v -0.4651 -0.7853 -0.3614
v -0.4255 -0.7987 -0.3787
v -0.4453 -0.7987 -0.3540
v -0.5989 -0.7549 0.1467
v -0.4524 -0.7995 -0.3421
v -0.4459 -0.8009 -0.3476
v -0.4459 -0.8009 -0.3476
v -0.6044 -0.6129 -0.4541
v -0.6118 -0.6119 -0.4473
v -0.6619 -0.5221 -0.4692
v -0.6837 0.2863 0.3651
v -0.6684 0.3000 0.3775
v -0.7253 0.0598 0.4925
v -0.7323 -0.0262 0.5084
v -0.4448 -0.7480 0.4409
v -0.7063 0.2112 0.4147
v -0.7198 0.0089 0.5157
v -0.7231 -0.0180 0.5181
v -0.8765 0.0026 0.1106
v -0.7228 -0.0195 0.5177
v -0.5118 -0.6344 0.5184
v -0.3306 -0.8152 0.4064
v -0.6504 -0.5420 -0.4646
v -0.7308 -0.1818 0.5154
v -0.7308 -0.1812 0.5155
v -0.7212 -0.0352 0.5246
v -0.6422 -0.2238 -0.6265
v -0.7788 0.0886 0.3836
v -0.6562 0.1568 -0.5421
v -0.3879 0.5180 -0.0442
v -0.5056 0.4930 0.1632
v -0.6190 -0.4459 0.5620
v -0.6422 0.3375 0.3673
v -0.7139 0.1319 0.4661
v -0.4790 -0.6417 0.5442
v -0.5673 0.4064 -0.3759
v -0.5501 0.4565 -0.2737
v -0.5539 0.4518 -0.2848
v -0.3841 0.5195 0.0128
v -0.4813 0.4991 0.1937
v -0.6088 -0.3395 0.6188
v -0.6113 -0.4142 0.5900
v -0.7084 0.1424 0.4686
v -0.6979 -0.0716 0.5593
v -0.6351 -0.2237 0.6186
v -0.6338 -0.2621 0.6144
v -0.3450 -0.7803 0.4651
v -0.2409 -0.8512 0.3705
v -0.6513 -0.4625 -0.5276
v -0.6183 -0.5146 -0.5312
v -0.6271 -0.2235 -0.6407
v -0.5319 0.3653 -0.4862
v -0.3642 0.5236 -0.0180
v -0.3344 0.5326 -0.0349
v -0.6947 0.2231 0.4262
v -0.6923 0.1290 0.5067
v -0.7208 0.0447 -0.5108
v -0.8659 -0.2941 0.1470
v -0.5617 -0.5338 0.5651
v -0.5436 -0.5740 0.5453
v -0.4490 -0.6766 0.5294
v -0.6497 -0.4392 -0.5423
v -0.3847 0.5172 0.1080
v -0.7047 0.1540 0.4682
v -0.6849 -0.0402 0.5724
v -0.8692 -0.3127 0.0826
v -0.6948 -0.0063 0.5527
v -0.4317 -0.7042 0.5089
v -0.7360 -0.4419 -0.4116
v -0.6672 -0.3282 -0.5715
v -0.6254 0.3244 0.4139
v -0.4805 -0.7369 -0.4315
v -0.5405 -0.6759 -0.4579
v -0.5249 -0.6723 -0.4781
v -0.6124 -0.4812 -0.5605
v -0.6185 -0.3028 -0.6331
v -0.5179 0.4473 -0.3570
v -0.4665 0.4842 -0.3049
v -0.3559 0.5260 0.0495
v -0.5925 0.3928 0.3474
v -0.6960 0.1710 0.4700
v -0.6260 -0.3007 0.6129
v -0.5589 -0.7952 -0.1018
v -0.5760 -0.4710 0.5927
v -0.6048 -0.7468 0.1590
v -0.6047 -0.7468 0.1590
v -0.4639 -0.7283 -0.4610
v -0.6004 -0.5457 -0.5250
v -0.4132 0.5111 0.1699
v -0.6196 0.3314 0.4104
v -0.6105 0.3019 0.4606
v -0.6789 0.0829 0.5440
v -0.5935 -0.4282 0.5995
v -0.5506 -0.5542 0.5594
v -0.5376 -0.5629 0.5662
v -0.6108 -0.4797 -0.5634
v -0.6097 -0.4787 -0.5649
v -0.6162 -0.3689 -0.6149
v -0.5150 0.4579 -0.3212
v -0.3545 0.5100 -0.3018
v -0.6747 0.1206 0.5322
v -0.4311 -0.6777 0.5455
v -0.4262 -0.7624 -0.4456
v -0.4357 -0.7531 -0.4543
v -0.3382 0.5267 0.0895
v -0.6141 -0.2407 0.6420
v -0.6042 -0.3054 0.6367
v -0.5940 -0.2298 0.6600
v -0.1366 -0.8711 0.3625
v -0.3048 -0.8162 -0.4429
v -0.8858 -0.0329 -0.0577
v -0.3944 -0.7501 -0.4947
v -0.6020 -0.2228 -0.6654
v -0.6071 -0.2811 0.6413
v -0.4019 -0.7208 0.5065
v -0.6384 -0.4121 -0.5727
v -0.5635 -0.2746 0.6744
v -0.6034 -0.5016 -0.5584
v -0.6042 0.2430 -0.5360
v -0.5892 0.2218 -0.5739
v -0.5823 0.2578 -0.5525
v -0.4588 0.4742 -0.3510
v -0.3337 0.5332 0.0381
v -0.3273 0.5377 0.0477
v -0.6462 0.2165 0.5026
v -0.2384 -0.8478 -0.4130
v -0.4798 -0.6957 -0.4903
v -0.5859 -0.1162 -0.6837
v -0.6205 0.1111 -0.6084
v -0.6209 0.1298 -0.5992
v -0.5768 0.3767 0.4015
v -0.2771 -0.7336 0.5721
v -0.5984 0.3005 0.4769
v -0.4666 -0.6921 -0.5119
v -0.8808 -0.0061 -0.0337
v -0.5512 -0.6101 -0.5185
v -0.5518 -0.5840 -0.5485
v -0.5887 0.1606 -0.6126
v -0.4347 0.4923 0.3054
v -0.5723 0.3964 0.3738
v -0.5534 0.4050 0.3870
v -0.5380 0.3921 0.4268
v -0.4179 -0.7264 -0.5116
v -0.5949 0.0566 -0.6503
v -0.6036 0.0663 -0.6379
v -0.5858 -0.7415 0.2420
v -0.5858 -0.7415 0.2420
v -0.5785 0.1161 -0.6437
v -0.5064 0.3530 -0.5306
v -0.4209 0.4802 -0.3591
v -0.3071 0.5457 0.0474
v -0.5153 -0.3867 0.6798
v -0.5248 -0.3567 0.6813
v -0.5800 0.3225 0.4706
v -0.5480 -0.2116 0.7020
v -0.2540 -0.8200 -0.4693
v -0.5578 -0.2447 -0.6991
v -0.5530 -0.2673 -0.6982
v -0.5870 0.0620 -0.6553
v -0.4528 0.4612 -0.3910
v -0.4586 0.4539 -0.4061
v -0.3442 0.4986 -0.3942
v -0.3122 0.5191 0.2308
v -0.6017 0.1856 0.5732
v -0.5309 -0.4782 0.6295
v -0.5263 -0.5084 0.6140
v -0.5639 -0.5186 -0.5851
v -0.4583 0.4295 -0.4646
v -0.5069 0.3882 -0.4803
v -0.6053 0.1342 0.5964
v -0.5630 -0.0483 0.6869
v -0.5953 -0.3707 -0.6300
v -0.5876 0.0233 -0.6631
v -0.5302 0.3906 0.4381
v -0.5330 0.3910 0.4333
v -0.5331 0.3910 0.4331
v -0.5166 0.4044 0.4274
v -0.5510 0.3692 0.4487
v -0.5344 0.3911 0.4313
v -0.2027 -0.7615 0.5622
v -0.2325 -0.7577 0.5570
v -0.2325 -0.7578 0.5569
v -0.0130 -0.9289 -0.0943
v 0.0091 -0.8977 -0.3184
v -0.3049 -0.7622 -0.5399
v -0.3497 -0.7219 -0.5660
v -0.3497 -0.7219 -0.5660
v -0.2969 0.5223 0.2277
v -0.3250 0.5120 0.2905
v -0.5573 0.3367 0.4832
v -0.6107 0.0994 0.6076
v -0.6015 -0.0215 0.6522
v -0.3059 -0.6583 0.6380
v -0.2709 -0.8004 -0.4954
v -0.8804 -0.0642 0.1306
v -0.2535 -0.8161 -0.4793
v -0.2826 -0.7931 -0.5052
v -0.2637 -0.7714 -0.5492
v -0.4667 0.3991 -0.5045
v -0.3399 0.4875 -0.4384
v -0.6195 0.0009 0.6299
v -0.4867 -0.3768 0.7065
v -0.4297 -0.6966 -0.5377
v -0.5868 -0.4684 -0.5981
v -0.4969 -0.1903 -0.7478
v -0.2561 0.5101 -0.3864
v -0.2519 0.5110 -0.3948
v -0.3515 -0.6578 0.6131
v -0.4507 -0.6702 -0.5515
v -0.4395 -0.6816 -0.5469
v -0.4330 -0.6657 -0.5705
v -0.5572 -0.1176 -0.7082
v -0.5499 -0.1660 -0.7132
v -0.2172 0.5437 -0.2463
v -0.5677 0.2083 0.5905
v -0.4232 -0.5513 0.6567
v -0.4998 -0.5552 -0.6174
v -0.8680 -0.3265 -0.0502
v -0.3266 -0.6238 0.6547
v -0.5728 -0.4343 -0.6292
v -0.5922 -0.4294 -0.6114
v -0.8563 -0.3665 -0.0977
v -0.8652 -0.2959 -0.1486
v -0.4412 0.3725 -0.5642
v -0.4436 0.4399 -0.4603
v -0.4791 -0.2683 0.7411
v -0.3703 -0.6050 0.6454
v -0.2871 -0.7448 -0.5716
v -0.3455 -0.7035 -0.5898
v -0.4200 0.3845 -0.5623
v -0.2580 0.5794 -0.0954
v -0.4404 0.4693 0.3735
v -0.5190 -0.2734 0.7079
v -0.2452 -0.6547 0.6654
v -0.2093 -0.6613 0.6663
v 0.0052 -0.8016 -0.5613
v -0.5520 -0.0030 -0.7015
v -0.5131 0.1875 -0.6600
v -0.5012 0.2555 -0.6257
v -0.4265 0.4081 -0.5278
v -0.4243 -0.4812 0.6981
v -0.4411 -0.4773 0.6929
v -0.1924 -0.7535 -0.5980
v -0.5294 -0.2826 -0.7133
v -0.5289 -0.3050 -0.7099
v -0.5556 -0.0645 -0.7070
v -0.8742 -0.2038 -0.1744
v -0.5012 0.0912 -0.7151
v -0.2288 0.4910 -0.4972
v -0.8745 -0.1398 -0.1857
v -0.1777 0.5050 -0.4757
v -0.2533 0.5144 0.3312
v -0.3177 0.4916 0.4252
v -0.3121 0.4921 0.4274
v -0.3119 -0.5816 0.6947
v -0.3098 -0.5811 0.6958
v 0.1112 -0.8210 -0.5200
v -0.5138 0.2120 -0.6424
v -0.4663 0.2713 -0.6392
v -0.3563 0.4661 -0.4799
v -0.8725 0.0128 -0.1353
v -0.2683 0.5435 0.1734
v -0.5069 -0.3147 0.7078
v -0.5070 -0.3148 0.7079
v -0.5076 -0.3096 0.7087
v -0.5076 -0.3096 0.7087
v -0.4978 -0.3443 0.7084
v -0.5055 -0.3077 0.7112
v -0.5055 -0.3077 0.7112
v -0.3493 -0.5458 0.7019
v -0.2602 -0.6194 0.6890
v 0.1821 -0.8544 0.3949
v -0.5048 0.1363 -0.6924
v -0.4894 0.2312 -0.6537
v -0.2590 0.4920 0.4623
v -0.5021 0.3300 0.5463
v -0.5603 0.0030 0.6796
v -0.5478 -0.0009 0.6945
v -0.5428 0.0499 0.6854
v -0.4839 -0.1175 0.7476
v -0.4671 -0.1385 0.7600
v -0.4851 -0.3196 0.7233
v -0.4672 -0.5817 -0.6222
v -0.4706 -0.5587 -0.6349
v -0.4146 0.4354 -0.4872
v -0.3992 0.4365 -0.5036
v -0.2659 0.5557 0.1301
v -0.5855 0.0943 0.6352
v -0.1349 -0.6675 0.6832
v -0.5603 -0.4103 -0.6500
v -0.5455 -0.4292 -0.6536
v -0.5587 -0.4197 -0.6446
v -0.5627 -0.4139 -0.6447
v -0.5611 -0.4160 -0.6447
v -0.5508 -0.4436 -0.6406
v -0.3262 -0.6874 -0.6165
v -0.4443 -0.6249 -0.5974
v -0.5048 -0.3781 -0.7041
v -0.4864 -0.2690 -0.7418
v -0.4825 -0.0801 -0.7547
v -0.2914 0.4635 -0.5302
v -0.2389 0.5344 0.2335
v -0.4208 0.4543 0.4338
v -0.4007 0.4538 0.4567
v -0.4859 0.3950 0.4764
v -0.4667 -0.1534 0.7598
v -0.4553 -0.1326 0.7669
v -0.4553 -0.1326 0.7670
v -0.2122 -0.7445 -0.6048
v -0.3279 -0.6614 -0.6407
v -0.3250 -0.6556 -0.6472
v -0.3250 -0.6556 -0.6472
v -0.1130 0.4997 -0.5084
v -0.1031 0.4892 -0.5407
v -0.4860 0.1008 0.7108
v -0.4971 0.0606 0.7145
v -0.4231 -0.2135 -0.7871
v -0.3744 0.3371 -0.6472
v -0.3803 0.4149 -0.5524
v -0.1227 0.5265 -0.3468
v -0.5326 0.1492 0.6549
v -0.4622 -0.2035 0.7601
v -0.4717 -0.3052 0.7376
v -0.4083 -0.4641 0.7125
v 0.2343 -0.8490 -0.4171
v 0.1395 -0.8154 -0.5248
v -0.4166 -0.2942 -0.7793
v -0.4530 0.2022 -0.6940
v -0.1491 0.5172 0.3667
v -0.1917 0.5098 0.4197
v -0.5474 0.1325 0.6497
v -0.7134 0.3334 -0.2074
v 0.3141 -0.8787 -0.2386
v -0.3017 -0.6813 -0.6347
v -0.2613 -0.7196 -0.6121
v -0.4534 -0.2828 -0.7589
v -0.4579 0.2186 -0.6802
v -0.2001 0.4728 -0.5519
v -0.4213 0.4395 0.4620
v -0.4109 -0.4611 0.7132
v -0.3687 0.3667 -0.6186
v -0.4258 0.4335 0.4671
v -0.4373 0.3492 0.5771
v 0.2283 -0.8173 0.4645
v -0.1529 -0.7045 -0.6630
v -0.8702 -0.1890 0.1957
v -0.1502 -0.6818 -0.6838
v -0.1544 -0.7151 -0.6527
v -0.4183 -0.5892 -0.6464
v -0.4036 -0.5824 -0.6616
v -0.5141 -0.4115 -0.6850
v -0.4800 -0.3793 -0.7194
v -0.0150 0.5182 -0.4113
v -0.5070 0.2022 0.6455
v -0.4547 -0.3002 0.7474
v -0.4407 -0.3347 0.7471
v 0.1632 -0.7935 -0.5523
v -0.2412 -0.7205 -0.6212
v -0.1526 0.5418 -0.2942
v -0.4872 0.2131 0.6563
v -0.5019 0.1566 0.6769
v -0.2664 -0.6784 -0.6508
v -0.3322 -0.6368 -0.6601
v -0.5089 -0.4057 -0.6884
v -0.5079 -0.4081 -0.6876
v -0.3877 -0.1354 -0.8102
v -0.3590 0.4571 0.4778
v -0.4215 0.3918 0.5332
v -0.4217 0.2872 0.6477
v -0.3018 -0.5217 0.7317
v -0.2561 -0.5201 0.7537
v -0.8563 -0.3479 -0.1394
v 0.2764 -0.7677 0.5269
v -0.4672 0.1162 0.7154
v 0.1968 -0.7776 -0.5624
v -0.3764 -0.5962 -0.6651
v -0.3536 -0.6038 -0.6741
v -0.4033 0.2044 -0.7259
v -0.4721 0.1892 0.6808
v -0.4085 -0.0583 0.7892
v -0.3796 -0.2088 0.8052
v 0.2190 -0.6926 0.6401
v -0.8743 -0.2403 -0.1379
v 0.1999 -0.7976 -0.5352
v -0.2433 -0.6800 -0.6582
v -0.3740 -0.2045 -0.8138
v -0.4291 -0.0249 -0.7873
v -0.4300 -0.0289 -0.7873
v -0.4637 0.0216 -0.7573
v -0.4407 0.1464 -0.7277
v -0.3381 0.4186 -0.5741
v -0.3199 0.4050 -0.5993
v -0.8679 -0.0101 -0.1884
v -0.8718 0.0404 -0.0819
v -0.6763 0.3841 -0.1889
v -0.3013 0.4626 0.5080
v -0.3350 0.4435 0.5240
v -0.2953 0.4428 0.5467
v -0.2637 0.4644 0.5284
v -0.3860 0.4349 0.4995
v -0.3848 0.3583 0.6031
v -0.3097 -0.5054 0.7388
v 0.2958 -0.7424 0.5514
v 0.1604 -0.7160 -0.6480
v -0.2287 -0.6816 -0.6644
v -0.4709 -0.3881 -0.7205
v -0.4664 -0.4098 -0.7159
v -0.4520 0.0696 -0.7510
v -0.3654 0.2915 -0.6897
v -0.1601 0.4457 -0.6096
v -0.4486 -0.5004 -0.6845
v -0.8713 0.0442 0.0834
v -0.4402 -0.4950 -0.6933
v -0.4501 0.0257 -0.7641
v -0.1776 0.5372 0.2731
v -0.1797 0.4346 0.6036
v -0.3768 -0.3279 0.7836
v -0.3871 -0.3932 0.7536
v 0.2445 -0.7724 -0.5565
v -0.4648 -0.4761 -0.6874
v -0.3486 0.3202 -0.6738
v -0.1816 0.5452 0.2473
v -0.4249 -0.0243 0.7780
v -0.4261 -0.0002 0.7727
v -0.4068 -0.0323 0.7868
v 0.1538 -0.6627 -0.6984
v -0.4333 -0.3404 -0.7580
v 0.0902 0.5050 -0.5039
v -0.3956 -0.0253 0.7916
v -0.3358 -0.2885 0.8088
v 0.2568 -0.7440 -0.5861
v 0.2038 -0.7099 -0.6454
v -0.4273 0.0140 -0.7799
v 0.0922 0.4783 -0.5731
v 0.0553 0.5177 -0.4178
v 0.0528 0.5177 -0.4181
v 0.0528 0.5177 -0.4181
v 0.0553 0.5177 -0.4178
v 0.0537 0.5182 -0.4134
v 0.0537 0.5175 -0.4133
v 0.0610 0.5195 -0.4024
v 0.0559 0.5185 -0.4106
v 0.0559 0.5185 -0.4106
v 0.0559 0.5191 -0.4052
v 0.0559 0.5191 -0.4052
v -0.3043 0.4137 0.5805
v -0.1274 -0.5656 0.7594
v 0.2281 -0.6670 0.6607
v 0.3782 -0.7895 -0.4486
v -0.0801 -0.6142 -0.7466
v -0.8795 -0.0573 0.1174
v -0.7259 0.3251 0.1884
v -0.1577 0.5314 0.2996
v -0.4344 0.2273 0.6779
v -0.4470 0.1882 0.6938
v 0.2453 -0.6611 0.6610
v 0.2574 -0.6380 0.6749
v -0.1350 -0.6124 -0.7409
v -0.1350 -0.6124 -0.7409
v -0.1385 -0.6148 -0.7386
v -0.1385 -0.6148 -0.7386
v -0.1436 -0.6196 -0.7345
v -0.1436 -0.6196 -0.7345
v -0.1407 -0.6119 -0.7401
v -0.1407 -0.6121 -0.7403
v -0.3750 -0.5416 -0.7017
v -0.2991 0.2730 -0.7338
v 0.0473 0.4507 -0.6230
v -0.3258 0.2828 0.7036
v -0.3538 -0.1694 0.8181
v -0.3534 -0.4470 0.7505
v -0.3664 -0.4023 0.7614
v -0.3299 -0.4140 0.7745
v -0.8781 -0.0617 0.1511
v -0.3310 -0.4534 0.7592
v -0.3841 -0.4288 0.7441
v -0.3426 -0.3713 0.7822
v -0.2186 -0.4871 0.7767
v -0.1242 -0.5038 0.7912
v -0.1433 -0.5340 0.7729
v -0.0970 -0.5355 0.7761
v -0.3272 -0.5787 -0.7043
v -0.4406 -0.4033 -0.7347
v -0.3191 -0.2199 -0.8336
v 0.0078 0.4316 -0.6493
v -0.0350 0.4296 -0.6533
v -0.0027 0.4377 -0.6419
v 0.0234 0.4236 -0.6580
v -0.1600 0.5946 -0.2272
v -0.3595 0.2486 0.7128
v -0.3741 0.2586 0.6983
v 0.4787 -0.7923 -0.3284
v -0.3562 0.2310 -0.7332
v 0.1200 0.5179 -0.3954
v 0.0326 0.5221 -0.3869
v -0.4115 0.2118 0.7071
v -0.3132 -0.2181 0.8251
v 0.4042 -0.7722 -0.4571
v -0.3511 -0.5404 -0.7160
v -0.4482 -0.4201 -0.7234
v -0.3747 -0.3689 -0.7811
v -0.4266 0.0651 -0.7685
v -0.3130 0.2392 -0.7484
v -0.3279 0.2148 -0.7544
v -0.3321 0.2436 -0.7393
v -0.0074 0.3923 -0.6930
v -0.3075 -0.3084 0.8123
v 0.3063 -0.6284 0.6657
v -0.2048 -0.5779 -0.7460
v -0.2798 -0.1153 -0.8497
v -0.3302 -0.0061 -0.8247
v -0.4133 0.0433 -0.7780
v -0.2498 0.3124 -0.7229
v -0.1666 0.3845 -0.6805
v -0.1842 0.5913 0.1884
v -0.8700 -0.1910 -0.1905
v -0.4097 0.0784 0.7634
v 0.0261 -0.5815 -0.7730
v -0.0849 -0.5943 -0.7607
v -0.2675 0.3229 -0.7101
v 0.1806 0.5107 -0.4426
v 0.0274 0.4898 0.5285
v 0.2627 -0.7082 -0.6259
v 0.2547 -0.6311 -0.6953
v -0.3313 0.1638 -0.7765
v -0.2294 0.3550 -0.6948
v -0.8637 0.0458 -0.1559
v -0.3854 0.0558 0.7826
v -0.3434 -0.0115 0.8157
v 0.3209 -0.7796 -0.4997
v 0.3364 -0.7690 -0.5001
v 0.3464 -0.7544 -0.5214
v 0.3382 -0.7759 -0.4918
v 0.1522 -0.5902 -0.7493
v -0.2753 -0.2128 -0.8499
v -0.2715 -0.2535 -0.8469
v -0.2537 -0.1036 -0.8594
v 0.0540 0.4032 -0.6816
v 0.0539 0.4031 -0.6815
v 0.0504 0.3997 -0.6853
v 0.0504 0.3997 -0.6853
v 0.0504 0.3997 -0.6853
v 0.0426 0.4000 -0.6855
v 0.0543 0.3939 -0.6905
v 0.0543 0.3939 -0.6905
v 0.1192 0.4205 -0.6535
v -0.1214 0.5923 -0.2526
v -0.2282 0.3338 0.6961
v -0.3503 0.2286 0.7280
v 0.1525 -0.5458 0.7616
v 0.3355 -0.6124 0.6652
v -0.3038 -0.5585 -0.7258
v -0.4086 -0.4516 -0.7306
v -0.3035 -0.3569 -0.8108
v -0.2330 0.3266 -0.7171
v -0.1607 0.6262 -0.2094
v 0.0155 0.5135 0.4332
v -0.1978 0.3756 0.6649
v -0.2303 0.3724 0.6600
v -0.7214 -0.3671 0.4747
v -0.7310 -0.3355 0.4744
v 0.3147 -0.7232 -0.5829
v -0.2289 -0.5506 -0.7560
v -0.4193 -0.4410 -0.7299
v -0.2593 0.2655 -0.7513
v -0.1916 0.3556 -0.7043
v 0.0027 0.4198 0.6428
v 0.5486 -0.7874 -0.2002
v 0.3878 -0.7543 -0.4942
v 0.3944 -0.7453 -0.5025
v 0.3917 -0.7490 -0.4991
v -0.0081 -0.5066 -0.8100
v 0.0278 -0.5382 -0.7911
v 0.0067 -0.5475 -0.7887
v 0.0494 -0.5147 -0.8056
v -0.4192 -0.4288 -0.7353
v -0.2636 -0.3192 -0.8326
v -0.1945 0.3303 -0.7261
v -0.1020 0.3368 -0.7386
v -0.0291 0.3253 -0.7519
v -0.8720 -0.1138 0.1891
v 0.1368 0.4650 0.5664
v -0.3774 0.1859 0.7391
v -0.3615 0.1796 0.7482
v -0.3570 0.0588 0.7923
v -0.3571 0.0589 0.7926
v -0.3518 0.0596 0.7952
v -0.3519 0.0596 0.7953
v -0.3116 -0.0099 0.8276
v 0.3038 -0.6020 0.6868
v 0.4518 -0.6599 0.5496
v 0.4650 -0.7466 -0.4403
v 0.1071 -0.5183 -0.7988
v -0.2311 -0.2213 -0.8596
v -0.1189 0.6371 -0.2336
v 0.1131 0.5019 0.4847
v 0.0423 0.4481 0.6049
v -0.2594 0.2537 0.7478
v -0.1709 -0.5288 -0.7837
v -0.3011 -0.5196 -0.7480
v -0.3307 -0.3984 -0.7883
v -0.2523 -0.4292 -0.8049
v -0.2430 -0.1474 -0.8619
v -0.2358 0.7430 -0.0206
v -0.2357 0.7430 -0.0206
v -0.2358 0.7430 -0.0206
v -0.2365 0.7482 -0.0187
v -0.2367 0.7480 -0.0196
v -0.2367 0.7480 -0.0196
v -0.2367 0.7480 -0.0196
v -0.2367 0.7480 -0.0196
v -0.2374 0.7486 -0.0198
v -0.2375 0.7488 -0.0198
v -0.2335 0.7507 0.0966
v -0.0558 -0.3924 0.8438
v 0.1656 -0.5018 0.7878
v 0.2809 -0.5297 0.7404
v 0.4684 -0.6494 0.5469
v 0.4377 -0.6946 0.5130
v -0.8561 -0.3717 0.0802
v 0.4473 -0.6775 0.5307
v 0.4575 -0.6726 0.5286
v 0.4581 -0.6723 0.5284
v 0.4872 -0.7337 -0.4372
v 0.4985 -0.7239 -0.4394
v -0.8517 -0.3982 -0.0105
v 0.2640 -0.6693 -0.6616
v -0.3461 0.0842 -0.8011
v -0.3350 0.1410 -0.7811
v 0.1192 0.5103 0.4428
v 0.1213 0.5123 0.4368
v 0.0556 0.4199 0.6403
v -0.3350 0.0774 0.7985
v -0.1962 -0.4674 0.7943
v 0.3652 -0.5606 0.6837
v 0.4698 -0.6657 0.5259
v 0.5257 -0.7005 0.4285
v 0.5294 -0.6911 0.4386
v 0.5710 -0.7388 0.2891
v 0.3885 -0.7281 -0.5314
v -0.8629 -0.2486 -0.2004
v -0.8711 -0.2383 -0.1678
v -0.1837 -0.5298 -0.7806
v -0.2507 -0.3560 -0.8293
v -0.2461 -0.3723 -0.8259
v -0.2734 0.0705 -0.8288
v -0.1555 0.3072 -0.7495
v 0.0218 0.3182 -0.7574
v 0.1278 0.5161 0.3971
v -0.2605 -0.1490 0.8482
v -0.2503 -0.1751 0.8527
v -0.2652 -0.3975 0.8020
v 0.1151 -0.4513 0.8179
v 0.2610 -0.4947 0.7644
v 0.5851 -0.7685 -0.1495
v 0.4593 -0.7257 -0.4761
v 0.1226 -0.4869 -0.8115
v -0.0450 -0.4719 -0.8239
v -0.2759 -0.4491 -0.7867
v -0.2874 0.0994 -0.8174
v -0.3215 0.0845 -0.8082
v -0.3243 0.1110 -0.7994
v -0.1330 0.3148 -0.7507
v -0.1189 0.3374 -0.7359
v 0.2777 0.5089 -0.3903
v 0.0751 0.5183 0.3846
v 0.1281 0.4451 0.6015
v -0.3198 0.1324 0.7860
v -0.3241 0.1198 0.7891
v -0.3240 0.1198 0.7890
v -0.3438 0.0959 0.7897
v -0.8685 -0.1638 -0.2146
v -0.1546 -0.4421 0.8120
v -0.8695 -0.1105 -0.2148
v 0.2313 -0.5028 0.7698
v 0.2924 -0.5345 0.7331
v 0.2941 -0.5651 0.7091
v 0.4205 -0.7066 -0.5366
v 0.2507 -0.5196 -0.7621
v 0.0920 -0.4463 -0.8311
v -0.0256 -0.4653 -0.8288
v -0.3774 -0.4455 -0.7490
v -0.3326 -0.4099 -0.7817
v -0.2020 -0.2100 -0.8680
v -0.1962 -0.2965 -0.8573
v -0.8573 0.0206 -0.2151
v 0.2171 0.4241 -0.6239
v 0.2150 0.4465 -0.5910
v -0.0125 -0.3584 0.8544
v 0.1374 -0.4654 0.8075
v 0.2795 -0.4849 0.7623
v 0.6228 -0.7451 0.0994
v 0.6034 -0.7577 0.1269
v 0.5537 -0.6633 -0.4592
v -0.8673 0.0611 -0.0616
v 0.3135 -0.5985 -0.6975
v -0.1758 0.6467 0.1662
v -0.1759 0.6467 0.1662
v 0.1177 0.5169 0.3825
v -0.1584 -0.4012 0.8285
v 0.3273 -0.5544 0.7046
v 0.6056 -0.7330 0.2282
v -0.6628 -0.6885 -0.2019
v 0.3715 -0.6551 -0.6226
v 0.1472 -0.4401 -0.8264
v -0.1208 -0.0751 -0.8816
v -0.0607 0.6078 -0.2649
v -0.2089 -0.3224 0.8374
v -0.2044 -0.3499 0.8320
v -0.2158 -0.4075 0.8120
v -0.2146 -0.4082 0.8125
v -0.2137 -0.4086 0.8125
v -0.2160 -0.4076 0.8124
v -0.1996 -0.3929 0.8232
v -0.2046 -0.3831 0.8241
v -0.2263 -0.4030 0.8126
v -0.1878 -0.4424 0.8069
v -0.2340 -0.3238 0.8343
v -0.2180 -0.3018 0.8418
v 0.5537 -0.6729 0.4345
v -0.1683 -0.2582 -0.8649
v 0.1327 0.3528 -0.7199
v 0.1889 -0.4639 0.7985
v 0.6305 -0.7456 -0.0177
v 0.1695 -0.3908 -0.8382
v -0.1929 -0.0145 -0.8674
v 0.2164 0.3816 -0.6701
v 0.2388 0.4633 -0.5610
v -0.1207 0.6680 -0.2280
v -0.1153 0.7053 -0.2293
v 0.2135 0.5128 0.3819
v -0.2397 0.1770 0.7968
v -0.2266 0.1986 0.7895
v -0.2268 0.1986 0.7896
v 0.2522 -0.4731 0.7763
v 0.2654 -0.4647 0.7763
v 0.5740 -0.6648 0.4206
v 0.6322 -0.7315 0.1326
v -0.8708 -0.0698 0.1881
v 0.6219 -0.7317 0.1766
v 0.6435 -0.7040 -0.2086
v 0.6329 -0.7262 -0.1771
v 0.3855 -0.6401 -0.6285
v -0.2624 0.1046 -0.8221
v 0.3082 0.5076 -0.3824
v -0.1673 0.7255 -0.1921
v -0.1586 0.6320 0.1851
v 0.1802 0.4995 0.4719
v 0.1507 0.4028 0.6495
v -0.2976 0.0870 0.8107
v -0.2687 0.1266 0.8073
v -0.8545 -0.2640 0.2278
v -0.1889 -0.0671 0.8679
v 0.2076 -0.4384 0.8039
v -0.8584 -0.2633 0.2093
v 0.2238 -0.4153 0.8090
v 0.3170 -0.5348 0.7205
v 0.4913 -0.6651 -0.5232
v 0.3106 -0.5642 -0.7162
v 0.1820 -0.4685 -0.8077
v -0.1894 -0.3504 -0.8468
v -0.1694 -0.3948 -0.8378
v -0.1519 -0.3738 -0.8464
v -0.1365 -0.4054 -0.8364
v -0.8505 -0.3630 0.1397
v -0.1856 -0.4206 -0.8241
v -0.1251 -0.3781 -0.8471
v -0.1625 -0.0138 -0.8703
v -0.0930 0.2489 -0.7976
v 0.2619 0.3993 -0.6373
v 0.2447 0.3757 -0.6694
v 0.2563 0.4617 -0.5530
v 0.1954 0.5010 0.4660
v 0.1747 0.4583 0.5607
v 0.0063 0.2487 0.7904
v -0.2426 0.1209 0.8178
v 0.1332 -0.3695 0.8419
v 0.6662 -0.6928 0.1531
v 0.6625 -0.7018 0.1349
v 0.1240 -0.4063 -0.8399
v 0.1877 0.3094 -0.7414
v 0.3024 0.4902 -0.4647
v -0.1584 -0.1764 0.8741
v 0.4991 -0.4885 0.6495
v 0.6741 -0.6851 -0.1726
v -0.0780 0.6370 -0.2544
v 0.2400 0.5002 0.4442
v 0.1923 0.4181 0.6139
v 0.1737 -0.3898 0.8292
v 0.1808 -0.4242 0.8162
v -0.8456 -0.3252 -0.2108
v 0.2527 -0.4861 -0.7787
v 0.1244 -0.3720 -0.8511
v -0.0131 -0.3426 -0.8632
v -0.0233 -0.3208 -0.8689
v -0.0235 -0.3211 -0.8691
v 0.0232 -0.0550 -0.8861
v 0.0235 -0.0551 -0.8861
v -0.1252 0.0673 0.8579
v 0.4434 -0.4937 0.6807
v 0.4415 -0.5233 0.6679
v 0.5548 -0.5779 0.5360
v 0.6269 -0.6716 0.3232
v 0.6387 -0.6723 0.2980
v 0.6991 -0.6668 0.1035
v -0.1326 0.2459 -0.7940
v 0.3141 0.4345 -0.5667
v 0.2579 0.4971 0.4404
v -0.7669 0.1691 -0.3557
v 0.1713 -0.3555 0.8397
v 0.1882 0.2503 -0.7812
v 0.1977 0.5301 -0.3024
v -0.1885 0.7213 -0.1574
v 0.1462 0.5260 0.3203
v 0.2978 0.5045 0.3925
v 0.6656 -0.6694 0.2370
v 0.6829 -0.6535 0.2232
v 0.6761 -0.6607 0.2258
v 0.7032 -0.6323 0.2158
v 0.6855 -0.6507 0.2222
v 0.6830 -0.6534 0.2231
v 0.7058 -0.6692 -0.0394
v 0.6946 -0.6828 -0.0075
v 0.5774 -0.5993 -0.5019
v 0.4353 -0.6251 -0.6023
v -0.0934 0.0500 -0.8685
v -0.0833 0.5867 0.2498
v 0.2321 0.4675 0.5354
v 0.2656 0.4359 0.5672
v 0.3329 -0.5096 0.7307
v 0.3268 -0.4822 0.7456
v 0.5144 -0.6663 -0.4973
v 0.5293 -0.6320 -0.5220
v 0.5472 -0.6386 -0.4961
v 0.5100 -0.6423 -0.5253
v 0.5191 -0.6133 -0.5482
v 0.4551 -0.6188 -0.5975
v -0.0400 0.1769 -0.8333
v 0.0000 0.1732 -0.8336
v 0.0000 0.1732 -0.8336
v 0.0039 0.1683 -0.8354
v 0.0039 0.1683 -0.8354
v 0.1309 0.2236 0.7959
v 0.2973 -0.3436 0.8109
v 0.3015 -0.4335 0.7776
v 0.6195 -0.5780 0.4682
v 0.6253 -0.6407 0.3743
v 0.6315 -0.6298 0.3829
v 0.6920 -0.6222 0.2726
v 0.6075 -0.5646 -0.4987
v 0.4883 -0.6317 -0.5636
v 0.3922 -0.5862 -0.6631
v -0.8115 0.1246 0.2756
v 0.3937 -0.5384 -0.6944
v 0.3036 -0.5313 -0.7387
v 0.1563 -0.3305 0.8492
v 0.5520 -0.5549 0.5617
v 0.7327 -0.6154 0.1452
v 0.2214 -0.3638 -0.8343
v 0.0826 0.1720 -0.8327
v -0.0776 0.6111 0.2389
v 0.1704 0.2014 0.7992
v 0.2272 -0.3525 0.8290
v 0.6355 -0.5775 0.4437
v 0.4590 -0.5576 -0.6454
v 0.3402 -0.5358 -0.7222
v 0.3191 -0.5195 -0.7385
v 0.3208 -0.5179 -0.7387
v 0.2598 0.2798 -0.7416
v 0.0904 0.5553 0.2737
v 0.4013 -0.4845 0.7085
v 0.3997 -0.4732 0.7134
v 0.3906 -0.4890 0.7094
v 0.3926 -0.4826 0.7112
v 0.3926 -0.4826 0.7112
v 0.3965 -0.4748 0.7132
v 0.3282 -0.5158 -0.7380
v 0.3210 -0.5181 -0.7389
v 0.2344 -0.3103 -0.8463
v 0.2157 -0.2524 -0.8593
v -0.1906 0.7451 0.1229
v -0.1906 0.7451 0.1223
v -0.1906 0.7451 0.1223
v -0.1901 0.7453 0.1227
v -0.1905 0.7451 0.1232
v -0.1912 0.7458 0.1223
v -0.1893 0.7435 0.1225
v -0.1896 0.7435 0.1230
v -0.1897 0.7434 0.1227
v -0.1890 0.7432 0.1227
v -0.1888 0.7434 0.1228
v -0.1881 0.7452 0.1224
v -0.1880 0.7451 0.1228
v -0.1896 0.7227 0.1248
v -0.1890 0.7186 0.1253
v 0.3931 0.4961 0.3357
v 0.1954 0.2132 0.7895
v 0.0254 0.1144 0.8501
v 0.5740 -0.5723 -0.5292
v 0.1321 -0.2581 -0.8728
v -0.1908 0.7141 0.1335
v 0.4541 0.4965 0.2611
v 0.3412 -0.4432 0.7553
v 0.5252 -0.4338 0.6576
v 0.4970 -0.4607 0.6676
v -0.8575 -0.0212 -0.2373
v -0.8020 0.0128 0.3703
v 0.6852 -0.6044 0.3184
v 0.7402 -0.5946 0.1709
v 0.4743 -0.5796 -0.6233
v 0.1383 -0.0852 -0.8789
v 0.1707 -0.0681 -0.8752
v 0.3798 0.4051 -0.5648
v 0.3797 0.3943 -0.5815
v 0.0026 0.6895 -0.2606
v 0.1358 0.5468 0.2732
v 0.3205 0.5179 0.2233
v 0.2865 0.4788 0.4759
v 0.2476 0.3548 0.6694
v 0.2423 0.3517 0.6748
v 0.3015 0.2787 0.7145
v 0.3015 0.2787 0.7145
v 0.3077 0.2752 0.7147
v 0.3077 0.2753 0.7148
v 0.2671 -0.3232 0.8261
v 0.3406 -0.4173 0.7675
v 0.7201 -0.5961 0.2454
v 0.5594 -0.5851 -0.5366
v 0.1329 0.1754 -0.8262
v -0.8688 0.0654 0.0598
v 0.2194 0.1916 -0.8031
v 0.2633 0.2421 -0.7655
v -0.1506 0.7911 -0.2258
v 0.1602 -0.1143 0.8745
v 0.5759 -0.4628 0.5993
v 0.6022 -0.5469 -0.5245
v 0.3752 0.4735 -0.4520
v -0.0563 0.5999 0.2456
v 0.3877 0.4388 0.4938
v 0.6535 -0.5087 0.4844
v 0.6581 -0.5278 -0.4719
v 0.4912 -0.5283 -0.6409
v 0.4410 0.3413 -0.5998
v -0.7437 -0.4568 0.3826
v 0.2140 0.5355 0.2423
v 0.3833 0.4715 0.4251
v 0.4010 0.4796 0.3906
v 0.1061 -0.0819 0.8811
v 0.1140 -0.0493 0.8777
v -0.8011 -0.0691 0.3907
v 0.4129 -0.3569 0.7585
v 0.7605 -0.5885 0.0639
v -0.7996 0.0520 0.3597
v 0.7120 -0.4962 -0.4163
v 0.2675 -0.4367 -0.7976
v 0.3952 0.5119 -0.2106
v -0.7801 0.2427 0.1929
v 0.3349 0.4553 0.5019
v 0.3264 0.4317 0.5375
v 0.3633 0.4208 0.5371
v 0.2878 0.4079 0.5981
v 0.1462 -0.0583 0.8738
v 0.2628 -0.2712 0.8374
v 0.2827 -0.2810 0.8309
v 0.5825 -0.4132 0.6203
v 0.6966 -0.5219 -0.4189
v 0.1975 -0.1779 -0.8687
v 0.3990 0.4204 -0.5316
v 0.3807 0.4286 -0.5312
v 0.3803 0.4365 -0.5227
v 0.4280 0.4938 -0.3252
v 0.4387 0.4915 -0.3226
v 0.2495 0.3837 0.6404
v 0.2598 0.4128 0.6028
v 0.2895 0.3550 0.6571
v 0.3165 0.2427 0.7335
v -0.1808 0.7173 0.0940
v -0.1659 0.7698 0.1806
v 0.3080 0.5285 0.1695
v 0.3775 0.5171 0.1453
v -0.8703 -0.1202 0.2040
v -0.8603 -0.1956 0.2361
v 0.7752 -0.5434 0.1568
v 0.7832 -0.4757 -0.2616
v 0.1613 0.1105 -0.8457
v 0.3460 0.2194 -0.7450
v -0.1307 0.8112 -0.2562
v -0.1307 0.8112 -0.2562
v 0.3355 0.3473 0.6423
v 0.2716 -0.2441 0.8390
v 0.3894 -0.3798 0.7626
v 0.6422 -0.4732 0.5223
v 0.6747 -0.5918 0.3570
v 0.7132 -0.5703 0.3076
v 0.7158 -0.5601 0.3160
v 0.7706 -0.5734 0.0643
v 0.6697 -0.5024 -0.4778
v 0.6351 -0.5248 -0.4988
v 0.2908 -0.4060 -0.8022
v 0.2449 -0.1718 -0.8610
v 0.2259 -0.2077 -0.8630
v 0.2282 -0.1858 -0.8628
v -0.8573 -0.2957 0.1845
v 0.2504 -0.2074 -0.8572
v 0.4399 0.3995 -0.5312
v 0.3963 0.4882 -0.3855
v -0.1868 0.7484 0.1067
v 0.1672 0.5520 0.2456
v 0.4855 0.4948 0.2185
v 0.3290 0.3758 0.6146
v 0.6855 -0.5837 0.3437
v 0.4746 0.2612 -0.6462
v -0.0334 0.6989 -0.2194
v -0.0180 0.7548 -0.2315
v -0.0651 0.7648 -0.2530
v -0.0635 0.7549 -0.2509
v 0.0265 0.8249 -0.2624
v 0.1150 0.0397 0.8620
v 0.1637 0.0156 0.8620
v 0.1505 0.0162 0.8624
v 0.1505 -0.0069 0.8676
v 0.1166 0.0098 0.8689
v 0.1536 0.0632 0.8539
v 0.3791 -0.2668 0.7965
v 0.4614 -0.3807 0.7200
v 0.6918 -0.5625 0.3664
v -0.8430 -0.4164 -0.0465
v 0.7434 -0.4817 -0.3644
v 0.7516 -0.4896 -0.3394
v -0.8053 0.0416 0.3487
v 0.6413 -0.4956 -0.5175
v 0.2009 0.0543 -0.8507
v 0.4655 0.4743 -0.3511
v 0.5281 0.4370 0.3504
v 0.3797 -0.2127 0.8042
v 0.6366 -0.4417 0.5491
v 0.6698 -0.4511 0.5020
v 0.7549 -0.5397 0.2513
v 0.3651 0.3027 -0.6787
v 0.4303 0.2368 -0.6922
v 0.5982 -0.4830 -0.5797
v 0.5594 -0.5320 -0.5834
v 0.3471 0.5195 -0.1832
v 0.1517 0.5978 -0.2308
v 0.1693 0.5893 -0.2238
v 0.3957 0.5165 0.1107
v 0.5669 0.4453 0.2648
v 0.2499 0.1016 0.8216
v 0.6624 -0.3979 0.5436
v 0.5011 0.2830 -0.6085
v 0.4432 0.4188 -0.5022
v 0.4433 0.5117 0.0935
v 0.5689 0.4169 0.3370
v 0.3690 0.3055 0.6659
v 0.3879 0.2841 0.6720
v 0.2932 0.1368 0.7934
v -0.8685 -0.2235 -0.1857
v 0.2932 0.1367 0.7932
v 0.3002 0.1472 0.7891
v 0.3016 -0.1903 0.8365
v 0.2888 -0.2089 0.8372
v 0.4753 -0.3381 0.7252
v 0.4727 -0.3536 0.7208
v 0.6405 -0.3272 0.5968
v 0.7386 -0.5155 0.3252
v 0.8122 -0.4527 -0.1906
v 0.8008 -0.4770 -0.2067
v 0.5169 -0.4882 -0.6463
v 0.3167 -0.3919 -0.7958
v 0.2650 -0.0317 -0.8504
v 0.5058 0.3413 -0.5505
v -0.7859 0.1757 -0.2993
v -0.2077 0.8000 0.1034
v -0.2187 0.7967 0.0549
v -0.2336 0.8404 0.0845
v -0.2804 0.8825 0.0757
v -0.2960 0.8930 0.0738
v -0.2956 0.8926 0.0816
v -0.3041 0.8928 0.0740
v -0.2979 0.8892 0.0870
v -0.3090 0.8897 0.0816
v -0.3045 0.8849 0.0896
v -0.2886 0.8848 0.0580
v -0.3142 0.8862 0.0788
v -0.2642 0.8626 0.0394
v -0.2999 0.8842 0.0540
v -0.2803 0.8787 0.0912
v -0.3150 0.8810 0.0860
v -0.3145 0.8849 0.0737
v -0.2515 0.8561 0.0675
v -0.2400 0.8392 0.0423
v -0.2327 0.8325 0.0652
v -0.2772 0.8671 0.0305
v -0.2887 0.8724 0.0979
v -0.3074 0.8756 0.0933
v -0.3193 0.8760 0.0812
v -0.3187 0.8763 0.0769
v -0.2413 0.8345 0.0244
v -0.2517 0.8617 0.0938
v -0.3185 0.8754 0.0843
v -0.3186 0.8754 0.0844
v -0.3167 0.8777 0.0716
v -0.3106 0.8702 0.0919
v -0.3181 0.8740 0.0856
v -0.3183 0.8740 0.0857
v -0.3191 0.8759 0.0812
v -0.3186 0.8762 0.0769
v -0.3167 0.8777 0.0716
v -0.3146 0.8776 0.0664
v -0.3146 0.8776 0.0664
v -0.3108 0.8754 0.0567
v -0.8542 0.1050 -0.1223
v -0.2874 0.8759 0.0402
v -0.3164 0.8721 0.0880
v -0.3172 0.8740 0.0868
v -0.3172 0.8740 0.0868
v -0.3192 0.8740 0.0831
v -0.3193 0.8740 0.0831
v -0.3195 0.8740 0.0792
v -0.3193 0.8740 0.0792
v -0.3189 0.8755 0.0756
v -0.3185 0.8755 0.0758
v -0.3036 0.8778 0.0487
v -0.8693 0.0697 0.0053
v -0.2390 0.8485 0.1055
v -0.3060 0.8701 0.0941
v -0.3105 0.8703 0.0916
v -0.3131 0.8701 0.0903
v -0.3131 0.8701 0.0903
v -0.3136 0.8720 0.0901
v -0.3136 0.8720 0.0901
v -0.3163 0.8721 0.0880
v -0.3185 0.8691 0.0841
v -0.3142 0.8759 0.0642
v -0.3145 0.8760 0.0641
v -0.2536 0.8413 0.0161
v -0.3059 0.8701 0.0940
v -0.3167 0.8671 0.0860
v -0.3184 0.8692 0.0841
v -0.3184 0.8676 0.0803
v -0.2271 0.8335 0.1012
v -0.2577 0.8646 0.1011
v -0.3050 0.8681 0.0940
v -0.3050 0.8681 0.0940
v -0.3091 0.8681 0.0920
v -0.3108 0.8754 0.0568
v -0.3068 0.8712 0.0468
v -0.2870 0.8664 0.0278
v -0.2307 0.8231 0.0347
v -0.3092 0.8680 0.0923
v -0.3108 0.8740 0.0557
v -0.3108 0.8740 0.0557
v -0.3088 0.8745 0.0525
v -0.3088 0.8745 0.0525
v -0.2960 0.8661 0.0970
v -0.3018 0.8681 0.0952
v -0.3018 0.8681 0.0952
v -0.3146 0.8641 0.0849
v -0.3117 0.8653 0.0622
v -0.3087 0.8721 0.0507
v -0.3088 0.8722 0.0507
v -0.2066 0.7778 0.0536
v -0.2959 0.8661 0.0968
v -0.2993 0.8666 0.0948
v -0.2995 0.8665 0.0953
v -0.3087 0.8696 0.0489
v -0.3092 0.8695 0.0491
v -0.3067 0.8712 0.0468
v -0.2912 0.8612 0.0253
v -0.2842 0.8566 0.0190
v -0.2687 0.8513 0.0182
v -0.2568 0.8353 0.0067
v -0.2125 0.8037 0.0871
v -0.2207 0.8209 0.1115
v -0.2752 0.8610 0.1045
v -0.2921 0.8642 0.0980
v -0.2921 0.8642 0.0980
v -0.2940 0.8642 0.0971
v -0.2940 0.8642 0.0972
v -0.2966 0.8580 0.0916
v -0.3069 0.8702 0.0460
v -0.3067 0.8701 0.0461
v -0.2994 0.8621 0.0340
v -0.2581 0.8622 0.1059
v -0.2695 0.8631 0.1053
v -0.2877 0.8622 0.0996
v -0.2910 0.8624 0.0981
v -0.2910 0.8624 0.0981
v -0.3069 0.8663 0.0447
v -0.3034 0.8640 0.0394
v -0.8686 -0.0263 0.1852
v -0.2130 0.7766 0.0186
v -0.2008 0.7811 0.0774
v -0.2302 0.8320 0.1143
v -0.2773 0.8564 0.1036
v -0.2831 0.8565 0.1001
v -0.2877 0.8621 0.0999
v -0.2952 0.8516 0.0804
v -0.3074 0.8596 0.0475
v -0.3049 0.8656 0.0418
v -0.3049 0.8656 0.0418
v -0.3033 0.8640 0.0395
v -0.2996 0.8621 0.0338
v -0.2912 0.8612 0.0253
v -0.2897 0.8597 0.0231
v -0.2896 0.8597 0.0232
v -0.1959 0.7421 0.0474
v -0.2453 0.8490 0.1122
v -0.3070 0.8663 0.0447
v -0.3048 0.8632 0.0410
v -0.3048 0.8632 0.0410
v -0.3026 0.8622 0.0382
v -0.3026 0.8622 0.0382
v -0.2944 0.8599 0.0276
v -0.2930 0.8594 0.0254
v -0.2915 0.8582 0.0231
v -0.2914 0.8581 0.0232
v -0.2881 0.8579 0.0212
v -0.2888 0.8581 0.0211
v -0.2842 0.8564 0.0192
v -0.2212 0.7943 0.0218
v -0.1689 0.7871 0.1867
v 0.4159 0.2716 0.6656
v 0.2564 0.0611 0.8316
v -0.7935 -0.4655 -0.2347
v 0.7646 -0.5035 0.2742
v 0.3164 0.0931 -0.8106
v 0.2841 0.1529 -0.8023
v 0.5120 0.2591 -0.6173
v 0.4326 0.2767 0.6501
v 0.4346 0.1749 0.7126
v 0.7945 -0.4504 0.2587
v 0.3960 0.2547 -0.7009
v -0.2103 0.7786 -0.0749
v -0.8025 0.1297 -0.3062
v 0.3552 0.1421 0.7690
v 0.2715 -0.1073 0.8467
v 0.4166 -0.1657 0.7887
v 0.4214 -0.2356 0.7802
v 0.5833 -0.4900 -0.5875
v 0.4995 0.4999 -0.1209
v -0.0552 0.7472 -0.2638
v -0.0550 0.7473 -0.2636
v -0.0550 0.7378 -0.2598
v -0.0550 0.7378 -0.2598
v -0.0527 0.7371 -0.2617
v -0.0527 0.7370 -0.2618
v -0.0539 0.7482 -0.2649
v -0.0539 0.7482 -0.2649
v -0.0536 0.7518 -0.2667
v -0.0537 0.7517 -0.2668
v -0.0494 0.7536 -0.2696
v -0.0494 0.7536 -0.2696
v -0.1051 0.7747 -0.1996
v -0.1561 0.7924 0.2010
v 0.3538 0.5253 0.0623
v 0.4582 0.1782 0.6956
v 0.6958 -0.4613 0.4566
v 0.7470 -0.5381 0.2712
v 0.7537 -0.5147 0.2790
v 0.7543 -0.5028 0.3015
v 0.7799 -0.4660 0.2835
v 0.8260 -0.4424 0.1344
v 0.7405 -0.3887 -0.4437
v 0.2784 -0.0184 -0.8470
v 0.3856 0.2292 -0.7171
v 0.3978 0.2206 -0.7178
v 0.1598 0.6172 -0.2141
v -0.1614 0.8284 -0.2461
v 0.3393 0.5311 0.0538
v 0.5507 0.4856 0.0332
v 0.5786 0.4577 0.1751
v 0.4794 0.3657 0.5250
v 0.4651 0.2712 0.6331
v 0.4651 0.2712 0.6331
v 0.4730 0.2695 0.6283
v 0.4730 0.2695 0.6283
v 0.2721 -0.0693 0.8467
v 0.4482 -0.3134 0.7495
v 0.4776 -0.2775 0.7406
v 0.6831 -0.3104 0.5496
v 0.7534 -0.4856 0.3212
v 0.5367 0.4733 -0.2229
v 0.6049 0.3503 0.4082
v 0.4440 -0.2258 0.7668
v 0.4439 -0.2300 0.7661
v 0.3551 -0.2912 -0.8074
v 0.4800 0.1718 -0.6956
v 0.5312 0.2723 -0.5912
v 0.5175 0.4700 -0.2884
v 0.5645 -0.3132 0.6642
v 0.5532 -0.2856 0.6819
v 0.5560 -0.2962 0.6783
v 0.3658 -0.4433 -0.7571
v 0.3433 -0.3497 -0.8000
v 0.4741 0.2356 0.6530
v 0.4386 0.2209 0.6831
v 0.5444 -0.2478 0.6999
v 0.7075 -0.4423 0.4483
v 0.7080 -0.4428 0.4479
v 0.7079 -0.4429 0.4468
v 0.7072 -0.4434 0.4473
v 0.7072 -0.4434 0.4473
v 0.7081 -0.4426 0.4468
v 0.7081 -0.4426 0.4468
v 0.7094 -0.4397 0.4475
v 0.7094 -0.4397 0.4474
v 0.8203 -0.4376 0.1794
v 0.8008 -0.4569 0.2255
v 0.4589 -0.4317 -0.7156
v 0.4583 0.4345 -0.4597
v 0.6226 0.4034 0.2723
v 0.5407 0.3291 -0.5306
v 0.5004 0.3861 -0.4961
v 0.5121 0.3588 -0.5227
v 0.5663 0.4628 -0.2025
v 0.6256 0.4015 0.2677
v 0.4904 0.4260 0.4146
v 0.4570 0.2179 0.6758
v 0.4011 -0.0834 0.7945
v 0.5903 -0.2260 0.6618
v 0.8295 -0.3896 0.2126
v -0.8381 -0.3960 -0.1655
v 0.3152 -0.0965 -0.8390
v 0.5739 0.2276 -0.5856
v 0.5898 0.2225 -0.5742
v 0.5788 0.2472 -0.5655
v 0.5738 0.2276 -0.5856
v 0.5817 0.2232 -0.5813
v 0.5817 0.2232 -0.5813
v 0.3861 0.0910 0.7739
v 0.3741 0.1075 0.7727
v 0.6067 -0.2314 0.6477
v 0.8653 -0.3293 0.0760
v 0.8630 -0.2945 -0.1610
v 0.8226 -0.3923 -0.2433
v 0.7939 -0.3588 -0.3528
v 0.5037 -0.4453 -0.6794
v 0.5606 0.4745 -0.1467
v 0.5894 0.4522 -0.1865
v 0.6061 0.4367 0.1783
v 0.5081 0.2342 0.6254
v 0.8217 -0.3692 -0.2586
v 0.8387 -0.3248 -0.2419
v 0.8291 -0.3202 -0.2772
v 0.8260 -0.3415 -0.2723
v 0.8307 -0.3385 -0.2514
v 0.8360 -0.3354 -0.2413
v 0.4603 0.1536 -0.7193
v 0.5741 0.2883 -0.5336
v 0.6051 0.4476 0.1391
v 0.5056 0.4045 0.4345
v 0.5047 0.3957 0.4509
v -0.8574 -0.0808 -0.2610
v 0.7771 -0.4425 0.3126
v 0.7965 -0.4008 0.3029
v 0.8415 -0.3365 0.2244
v 0.8036 -0.3079 -0.3586
v 0.3951 -0.3060 -0.7887
v 0.3503 -0.0408 -0.8219
v 0.3438 -0.0431 -0.8226
v 0.3438 -0.0431 -0.8226
v 0.3438 -0.0431 -0.8226
v 0.3438 -0.0431 -0.8226
v 0.3414 -0.0121 -0.8213
v 0.3448 -0.0445 -0.8227
v 0.3448 -0.0445 -0.8227
v 0.3448 -0.0445 -0.8227
v 0.3448 -0.0445 -0.8227
v 0.3448 -0.0520 -0.8241
v 0.3429 -0.0438 -0.8236
v 0.3429 -0.0438 -0.8236
v 0.3429 -0.0438 -0.8236
v 0.3437 -0.0464 -0.8240
v 0.3433 -0.0471 -0.8239
v 0.3356 -0.0440 -0.8288
v 0.3457 -0.0550 -0.8246
v 0.3552 -0.0590 -0.8227
v 0.3346 -0.0168 -0.8254
v 0.3458 -0.0551 -0.8248
v -0.8495 0.0640 -0.2092
v 0.4454 0.1462 -0.7317
v 0.5829 0.4675 -0.0943
v 0.5808 0.4675 0.0490
v 0.5981 0.4588 0.0546
v 0.5730 0.4733 0.0360
v 0.4381 0.0833 0.7474
v 0.4228 0.1006 0.7498
v 0.7282 -0.2676 0.5037
v 0.7406 -0.3523 0.4517
v 0.8168 -0.3485 0.2960
v 0.5778 0.4556 -0.2108
v 0.5438 0.4853 -0.0190
v 0.6563 0.3561 0.3093
v 0.5212 0.3798 0.4640
v 0.5306 0.3625 0.4781
v 0.5041 0.3818 0.4703
v 0.5409 0.3334 0.5036
v -0.8532 0.1284 -0.0365
v 0.5686 0.3276 0.4795
v 0.6429 -0.2530 0.6107
v -0.8613 0.0986 0.0469
v 0.6233 -0.2403 0.6286
v 0.7188 -0.2249 0.5254
v 0.8294 -0.3195 0.2759
v 0.8104 -0.2356 -0.3679
v 0.7898 -0.2822 -0.3978
v 0.7739 -0.2522 -0.4359
v 0.4137 -0.3863 -0.7532
v 0.3569 0.0768 -0.7995
v 0.4573 0.1399 -0.7262
v 0.5089 0.1084 -0.7044
v 0.6186 0.4345 -0.1757
v 0.6367 0.4296 0.1069
v 0.6624 0.2838 0.4094
v 0.6624 0.2838 0.4094
v 0.6628 0.2873 0.4038
v 0.6630 0.2875 0.4039
v 0.6686 0.2852 0.3958
v 0.6686 0.2852 0.3958
v 0.5355 0.2958 0.5523
v 0.4312 -0.0332 0.7754
v 0.7414 -0.3059 0.4711
v 0.8606 -0.2994 0.1502
v 0.7045 -0.3839 -0.5002
v 0.5557 0.1433 -0.6497
v 0.5934 0.1893 -0.5922
v 0.6542 0.3201 0.3662
v 0.5970 0.3278 0.4507
v 0.5148 0.2450 0.6148
v 0.4656 -0.0537 0.7597
v 0.4992 -0.1163 0.7410
v 0.7697 -0.3341 0.4073
v 0.4708 -0.3885 -0.7258
v 0.4869 -0.4153 -0.7053
v -0.8651 -0.0456 0.2136
v 0.3806 -0.3994 -0.7685
v 0.3817 -0.3767 -0.7757
v 0.3975 -0.2024 -0.8046
v 0.5782 0.3014 0.4972
v 0.4913 -0.2376 0.7376
v 0.5448 -0.1467 0.7075
v 0.5204 -0.1698 0.7243
v 0.5173 -0.1943 0.7225
v 0.5113 -0.1795 0.7310
v 0.5053 -0.2286 0.7270
v 0.5168 -0.2025 0.7228
v -0.8465 -0.2389 0.2649
v 0.5543 -0.2295 0.6952
v 0.4941 -0.1852 0.7426
v 0.6955 -0.3753 -0.5149
v 0.4318 -0.3632 -0.7538
v 0.8098 -0.3175 0.3304
v 0.8512 -0.2468 -0.2486
v 0.8391 -0.2452 -0.2910
v 0.4554 0.0755 -0.7503
v 0.4829 0.1121 -0.7181
v 0.5295 0.0714 -0.7021
v 0.5121 0.0457 -0.7199
v 0.6036 0.4306 -0.2234
v 0.5995 0.4335 -0.2207
v 0.5996 0.4337 -0.2207
v 0.5997 0.4338 -0.2208
v 0.5996 0.4336 -0.2207
v 0.6071 0.4293 -0.2241
v 0.6183 0.4192 -0.2353
v 0.6068 0.4288 -0.2239
v 0.5988 0.4394 -0.2122
v 0.5904 0.4397 -0.2325
v 0.6764 0.3429 0.2821
v 0.5789 0.2664 0.5321
v 0.5892 0.2603 0.5264
v 0.5892 0.2603 0.5264
v 0.4907 -0.0467 0.7427
v 0.4920 -0.0615 0.7436
v 0.5818 -0.0942 0.6772
v 0.7056 -0.2049 0.5482
v 0.7608 -0.2905 0.4432
v 0.8880 -0.1884 0.0408
v 0.8576 -0.2052 -0.2381
v 0.5599 0.0744 -0.6743
v 0.6190 -0.1612 0.6441
v 0.7703 -0.4029 0.3596
v 0.8488 -0.2821 0.2392
v 0.8583 -0.2984 0.1730
v 0.8918 -0.1274 -0.0088
v 0.4906 -0.3650 -0.7206
v 0.5812 0.1313 -0.6323
v 0.6188 0.2790 -0.4903
v 0.7643 -0.2220 0.4543
v 0.7845 -0.3725 0.3512
v 0.7816 -0.3841 0.3515
v 0.7815 -0.3568 0.3705
v 0.7944 -0.3288 0.3620
v 0.8302 -0.2163 0.3226
v 0.8399 -0.2712 0.2709
v 0.8407 -0.2638 0.2719
v 0.8403 -0.2637 0.2715
v -0.8393 -0.3906 0.1536
v 0.8390 -0.2688 0.2727
v 0.8391 -0.2685 0.2726
v 0.8459 -0.2447 0.2687
v 0.6173 0.1020 -0.6130
v 0.6858 0.3685 -0.2026
v 0.6768 0.3782 -0.2012
v 0.6573 0.3873 0.2331
v -0.8349 -0.4148 0.1128
v 0.7375 0.2468 0.3190
v 0.6486 0.2716 0.4479
v 0.4888 0.0069 0.7360
v -0.8380 -0.4294 0.0611
v 0.6369 -0.1551 0.6246
v 0.7688 -0.2794 0.4314
v 0.5637 0.4465 -0.2847
v 0.5960 0.4228 -0.2862
v 0.6187 0.4112 -0.2670
v 0.6360 0.4006 -0.2505
v 0.6072 0.2596 0.5089
v 0.6072 0.2596 0.5089
v 0.5234 0.1223 0.6777
v 0.7075 -0.0885 0.5507
v 0.4298 0.0761 -0.7645
v 0.5827 0.0798 -0.6550
v 0.6710 0.3721 0.2399
v 0.6849 0.3525 0.2500
v 0.5507 0.1755 0.6288
v 0.5327 -0.0429 0.7122
v 0.6569 -0.0863 0.6075
v 0.3919 0.0562 -0.7871
v 0.6526 0.2022 -0.5142
v 0.5814 0.3656 -0.4408
v 0.7615 -0.2032 -0.4732
v 0.7490 -0.1787 -0.4984
v 0.5910 0.0895 -0.6427
v 0.5948 0.1316 -0.6218
v 0.5847 0.1171 -0.6358
v 0.6343 0.1203 -0.5873
v 0.7222 0.3571 0.0332
v 0.7095 0.3674 0.0452
v 0.4862 0.0426 0.7276
v 0.6945 -0.2824 -0.5552
v 0.6118 -0.3179 -0.6341
v 0.6110 -0.3514 -0.6225
v 0.4146 -0.3402 -0.7695
v 0.4602 0.0213 -0.7617
v 0.6264 0.2988 -0.4577
v 0.7326 0.2855 0.2607
v 0.7328 0.2851 0.2617
v 0.7327 0.2907 0.2498
v 0.7327 0.2907 0.2497
v 0.7338 0.2923 0.2424
v 0.7338 0.2923 0.2424
v 0.7378 0.2184 0.3529
v 0.6562 0.1998 0.5021
v 0.5609 -0.0392 0.6877
v 0.6470 0.0237 0.6004
v 0.6424 -0.0028 0.6088
v 0.6389 -0.0385 0.6160
v 0.6570 -0.0202 0.6003
v 0.5780 -0.0570 -0.6884
v 0.7541 0.3125 -0.0593
v 0.7190 0.2239 0.3765
v 0.6137 0.1750 0.5704
v 0.5891 0.1950 0.5789
v 0.5647 0.1779 0.6116
v 0.5646 0.1776 0.6114
v 0.5707 0.1485 0.6249
v 0.4933 0.0565 0.7194
v 0.7757 -0.2544 0.4248
v 0.7758 -0.2557 0.4238
v 0.7760 -0.2558 0.4240
v 0.5072 -0.3059 -0.7245
v 0.7224 0.3352 0.1724
v 0.6469 0.0936 -0.5837
v 0.6068 0.4020 -0.3239
v 0.5762 0.4237 -0.3229
v 0.5934 0.4174 -0.2990
v 0.5487 0.4039 -0.4135
v 0.5416 0.4190 -0.3946
v 0.5803 0.4010 -0.3736
v 0.5718 0.4162 -0.3453
v 0.5652 0.4173 -0.3586
v 0.5564 0.4087 -0.3934
v 0.5603 0.3969 -0.4061
v 0.5581 0.4286 -0.3383
v 0.5329 0.4227 -0.3968
v 0.5431 0.4060 -0.4150
v 0.5855 0.3812 -0.4017
v 0.5915 0.3736 -0.4053
v 0.6110 0.3795 -0.3679
v 0.7387 0.2870 0.2357
v 0.8798 -0.0009 -0.0658
v 0.8813 -0.0233 -0.0696
v 0.7654 -0.0898 -0.4726
v 0.5996 -0.0680 -0.6720
v 0.6746 0.2379 -0.4576
v 0.7372 0.3083 0.1914
v 0.6691 0.1683 0.5080
v 0.6132 0.0498 0.6218
v 0.5891 0.0580 0.6462
v 0.5785 0.0915 0.6435
v 0.6292 0.0999 0.5897
v 0.5972 0.1173 0.6138
v 0.6531 0.1100 0.5608
v 0.5914 0.1514 0.6030
v 0.6160 0.1456 0.5842
v -0.8627 0.0592 0.1259
v -0.8641 0.0368 0.1536
v -0.8720 -0.0203 0.1677
v 0.6442 0.0534 0.5956
v 0.7464 -0.1462 0.4947
v 0.8697 -0.1297 0.2030
v 0.6142 0.0095 -0.6457
v 0.6221 0.3630 -0.3787
v 0.7048 -0.2935 -0.5339
v 0.5253 -0.0170 -0.7242
v 0.5335 -0.0463 -0.7234
v -0.8579 -0.1867 -0.2543
v 0.6779 0.1662 -0.5094
v 0.7806 0.2704 -0.1060
v 0.7956 0.1912 0.2318
v 0.7576 -0.0981 0.4780
v 0.8767 -0.0094 0.0971
v 0.8784 0.0171 -0.0098
v 0.6640 0.0601 -0.5788
v 0.7279 0.3199 -0.2045
v -0.8334 -0.2276 0.3123
v 0.7963 0.1727 0.2622
v 0.8275 -0.1014 0.3442
v 0.8712 0.0241 0.1028
v 0.8613 -0.0556 -0.2260
v 0.4462 0.0022 -0.7695
v 0.4510 -0.0305 -0.7729
v 0.6918 0.1049 0.5160
v 0.7301 -0.0367 0.5073
v 0.4870 -0.2728 -0.7460
v 0.4934 -0.2688 -0.7415
v 0.4940 -0.2611 -0.7421
v 0.6870 0.1187 -0.5282
v 0.7657 -0.0960 0.4612
v 0.6710 0.0574 -0.5730
v 0.8176 0.1304 0.2494
v 0.7808 -0.1099 0.4412
v 0.8676 -0.0512 0.2059
v 0.8702 0.0625 -0.0300
v 0.8687 0.0558 -0.0867
v 0.7113 -0.2427 -0.5402
v 0.7209 -0.2036 -0.5328
v 0.4943 -0.2560 -0.7424
v 0.7076 0.1142 -0.4970
v 0.7445 0.2938 -0.1969
v 0.7435 0.3178 0.1244
v 0.7876 0.2208 0.2024
v 0.8117 -0.1171 0.3752
v 0.6301 -0.0684 -0.6408
v 0.7854 0.2655 0.0796
v 0.7854 0.2660 0.0705
v 0.7835 0.2681 0.0816
v 0.7851 0.2653 0.0795
v 0.7499 0.0688 0.4455
v 0.5270 -0.2092 -0.7258
v 0.5168 -0.1685 -0.7325
v 0.5546 -0.1673 -0.7097
v 0.7412 0.1037 0.4425
v 0.7243 0.0569 0.4799
v 0.7324 0.0347 0.4796
v 0.7390 0.0240 0.4781
v 0.7479 0.0685 0.4484
v 0.7458 0.0092 0.4750
v 0.8015 0.0992 0.3243
v 0.8080 0.0457 0.3452
v 0.7998 0.0759 0.3481
v 0.7978 -0.0428 0.3994
v 0.8027 -0.0665 0.3939
v 0.7710 0.0078 0.4358
v 0.7691 0.0151 0.4351
v -0.8312 -0.4422 -0.1107
v 0.7674 0.0449 0.4245
v -0.8307 -0.3715 -0.2284
v 0.7864 0.0092 0.3998
v 0.7957 -0.0107 0.3936
v 0.7748 0.0479 0.4021
v 0.7929 0.0386 0.3762
v 0.7600 -0.0269 0.4646
v 0.8611 0.0699 0.1138
v -0.8627 -0.1607 -0.2349
v -0.8641 -0.1051 -0.2320
v 0.8567 0.0931 -0.1126
v 0.7689 0.0147 -0.4405
v 0.7420 -0.0375 -0.4993
v 0.6342 -0.0140 -0.6328
v 0.7077 0.2011 -0.4403
v 0.8481 -0.0184 -0.2689
v 0.7376 -0.0614 -0.5134
v 0.7175 0.1729 -0.4435
v 0.8328 0.1486 -0.1630
v 0.6851 -0.1011 -0.5863
v 0.6742 -0.0443 -0.5962
v 0.7184 -0.0033 -0.5336
v 0.7051 0.0128 -0.5475
v 0.7286 0.0179 -0.5115
v 0.7257 -0.0044 -0.5222
v 0.7287 0.0428 -0.5007
v 0.7186 0.0687 -0.5031
v 0.7196 0.0900 -0.4954
v 0.7067 0.0575 -0.5276
v 0.6890 -0.0226 -0.5719
v 0.6896 -0.0272 -0.5722
v 0.6988 -0.0328 -0.5647
v 0.6941 -0.0521 -0.5720
v 0.6889 -0.0225 -0.5718
v 0.6880 -0.0212 -0.5726
v 0.7149 -0.1054 -0.5482
v 0.7204 -0.0404 -0.5363
v 0.6816 -0.0270 -0.5849
v 0.7214 -0.0853 -0.5357
v 0.7133 0.0248 -0.5294
v 0.7284 -0.0645 -0.5291
v 0.7305 0.0269 -0.5041
v 0.7306 0.0268 -0.5039
v 0.7307 0.0268 -0.5038
v 0.7038 0.0924 -0.5135
v -0.8555 0.0847 0.1413
v 0.6807 0.0201 -0.5743
v 0.6782 -0.1562 -0.5921
v 0.7089 -0.1651 -0.5562
v 0.7326 0.0276 -0.5011
v 0.7324 0.0275 -0.5013
v 0.8511 0.0502 -0.2117
v 0.6811 0.2962 -0.3780
v 0.8370 0.0954 -0.2211
v 0.8383 0.0348 -0.2752
v 0.8287 0.0489 -0.2887
v 0.7799 0.0433 -0.4177
v 0.7083 0.2926 -0.3236
v 0.7872 0.2198 -0.2033
v 0.7404 0.1478 -0.4237
v 0.7621 0.0539 -0.4391
v 0.7578 0.0776 -0.4358
v 0.7241 0.2076 -0.4057
v 0.7245 0.1993 -0.4112
v 0.7262 0.2010 -0.4076
v 0.7251 0.2001 -0.4108
v 0.7240 0.2075 -0.4057
v 0.7233 0.2210 -0.3929
v 0.7233 0.2210 -0.3929
v 0.7454 0.2487 -0.3075
v 0.7601 0.1028 -0.4169
v 0.7600 0.1184 -0.4075
v 0.7658 0.0952 -0.4073
v 0.7973 0.1319 -0.3162
v -0.8650 -0.1121 0.2231
v 0.7561 0.2423 -0.2845
v 0.7969 0.1574 -0.2911
v 0.7283 0.2169 -0.3877
v 0.7194 0.2438 -0.3709
v 0.7378 0.2244 -0.3594
v 0.7378 0.2244 -0.3594
v 0.7297 0.2352 -0.3633
v 0.7407 0.2219 -0.3543
v 0.7407 0.2219 -0.3543
v 0.7384 0.2258 -0.3544
v 0.7384 0.2258 -0.3544
v 0.7343 0.2334 -0.3520
v 0.7156 0.2421 -0.3823
v -0.8605 -0.0897 0.2437
v 0.7733 0.2040 -0.2928
v 0.7713 0.2112 -0.2863
v 0.7695 0.2091 -0.2960
v 0.7733 0.2138 -0.2792
v 0.7762 0.2038 -0.2847
v 0.7736 0.1570 -0.3485
v 0.7719 0.1722 -0.3368
v 0.7699 0.1721 -0.3400
v 0.7799 0.1471 -0.3363
v 0.7638 0.1833 -0.3411
v -0.8593 -0.1325 0.2477
v 0.7636 0.1563 -0.3723
v 0.7639 0.1839 -0.3400
v 0.7639 0.1839 -0.3400
v 0.7790 0.1581 -0.3311
v 0.7629 0.1897 -0.3378
v 0.7724 0.1994 -0.3008
v 0.7383 0.2115 -0.3740
v 0.7499 0.1855 -0.3757
v 0.7445 0.1850 -0.3829
v 0.7876 0.1291 -0.3377
v 0.7567 0.2158 -0.3250
v 0.7383 0.2115 -0.3740
v 0.7544 0.1700 -0.3795
v 0.7763 0.2038 -0.2847
v 0.7732 0.2039 -0.2928
v 0.7723 0.1994 -0.3008
v 0.7688 0.2011 -0.3086
v 0.7423 0.2204 -0.3526
v 0.7718 0.1121 -0.3882
v 0.7784 0.1196 -0.3723
v 0.7717 0.2114 -0.2865
v 0.7694 0.2090 -0.2959
v 0.7688 0.2011 -0.3086
v 0.7611 0.2077 -0.3226
v 0.7611 0.2077 -0.3226
v 0.7422 0.2204 -0.3526
v 0.7394 0.2251 -0.3524
v 0.7395 0.2251 -0.3524
v 0.7339 0.2160 -0.3778
v 0.7338 0.2160 -0.3777
v 0.7309 0.2175 -0.3817
v 0.7881 0.2029 -0.2553
v 0.7809 0.2085 -0.2665
v 0.7809 0.2084 -0.2665
v 0.7783 0.2091 -0.2725
v 0.7783 0.2091 -0.2725
v 0.7733 0.2138 -0.2792
v 0.7642 0.2069 -0.3143
v 0.7642 0.2069 -0.3143
v 0.7421 0.2230 -0.3495
v 0.7127 0.2668 -0.3599
v 0.7823 0.2108 -0.2589
v 0.7824 0.2108 -0.2590
v 0.7878 0.2027 -0.2552
v 0.7467 0.2200 -0.3431
v 0.7467 0.2200 -0.3431
v 0.7422 0.2230 -0.3496
v 0.7270 0.2496 -0.3487
v 0.7309 0.2175 -0.3817
v 0.7918 0.1024 -0.3473
v 0.7894 0.2040 -0.2482
v 0.7565 0.2157 -0.3249
v 0.7470 0.2232 -0.3394
v 0.7469 0.2231 -0.3394
v 0.7281 0.2168 -0.3876
v 0.7306 0.2024 -0.3984
v 0.7306 0.2024 -0.3984
v -0.8203 -0.4214 -0.2062
v 0.8035 0.1634 -0.2643
v 0.7907 0.2035 -0.2438
v 0.7892 0.2039 -0.2481
v 0.7552 0.2519 -0.2728
v 0.7370 0.2653 -0.2987
v 0.7027 0.2625 -0.3819
v 0.7257 0.2215 -0.3875
v 0.7257 0.2215 -0.3875
v 0.7248 0.2151 -0.3963
v 0.7248 0.2151 -0.3963
v 0.7298 0.1985 -0.4037
v 0.7300 0.1986 -0.4038
v 0.7454 0.1717 -0.3978
v 0.8080 0.0660 -0.3370
v 0.7927 0.2048 -0.2307
v 0.7648 0.2483 -0.2456
v 0.7090 0.2480 -0.3911
v 0.7265 0.2009 -0.4077
v -0.8559 -0.2209 -0.2405
v 0.8147 0.0486 -0.3345
v 0.7906 0.2034 -0.2438
v 0.7993 0.1979 -0.2097
v 0.7530 0.2625 -0.2590
v 0.7123 0.2740 -0.3457
v 0.7014 0.2505 -0.4027
v 0.7239 0.1973 -0.4152
v 0.7239 0.1973 -0.4152
v 0.7249 0.1977 -0.4131
v 0.7249 0.1977 -0.4131
v 0.8169 0.1411 -0.2346
v 0.8219 0.1051 -0.2651
v 0.7930 0.2009 -0.2390
v 0.7930 0.2009 -0.2390
v 0.7662 0.2477 -0.2402
v -0.8497 0.0177 -0.2400
v 0.7367 0.2758 -0.2876
v 0.7159 0.2006 -0.4262
v 0.7214 0.1976 -0.4196
v 0.7214 0.1976 -0.4196
v 0.7953 0.1965 -0.2379
v 0.7953 0.1965 -0.2379
v 0.7987 0.1976 -0.2096
v 0.7665 0.2478 -0.2397
v 0.7650 0.2483 -0.2449
v 0.7202 0.1969 -0.4224
v 0.7202 0.1969 -0.4224
v 0.7434 0.1000 -0.4532
v 0.7973 0.1958 -0.2267
v 0.7977 0.1960 -0.2268
v 0.8014 0.1987 -0.1992
v -0.8552 0.1059 0.0994
v 0.7671 0.2476 -0.2367
v 0.7560 0.2736 -0.2208
v 0.7450 0.2787 -0.2479
v 0.6682 0.3365 -0.3390
v 0.7160 0.2007 -0.4264
v 0.7259 0.1934 -0.4157
v 0.7258 0.1934 -0.4157
v 0.7511 0.0580 -0.4585
v 0.7933 0.0719 -0.3649
v 0.8371 0.0194 -0.2849
v 0.8273 0.1273 -0.2177
v 0.8006 0.1960 -0.2091
v 0.8006 0.1960 -0.2091
v 0.7616 0.2675 -0.2060
v 0.7317 0.2803 -0.2891
v 0.6744 0.3017 -0.3792
v 0.7118 0.2011 -0.4336
v 0.7118 0.2011 -0.4336
v 0.7300 0.1413 -0.4505
v 0.7572 0.0329 -0.4605
v 0.8032 0.0560 -0.3473
v 0.8067 0.0437 -0.3509
v 0.8434 0.0421 -0.2519
v 0.8014 0.1987 -0.1992
v 0.7991 0.2108 -0.1847
v 0.7330 0.2906 -0.2623
v 0.7111 0.2041 -0.4325
v 0.7109 0.2040 -0.4324
v 0.7771 0.0751 -0.4014
v 0.7942 0.0809 -0.3501
v 0.8036 0.1932 -0.2039
v 0.8033 0.1931 -0.2038
v 0.7890 0.2389 -0.1732
v 0.7144 0.2998 -0.2989
v 0.6694 0.3286 -0.3510
v 0.6489 0.3561 -0.3412
v 0.6724 0.2799 -0.4135
v 0.7266 0.1137 -0.4734
v 0.6901 -0.1628 -0.5802
v 0.7217 -0.1580 -0.5376
v 0.7516 0.0168 -0.4756
v 0.8559 0.0461 -0.1919
v 0.8445 0.0920 -0.1929
v 0.8189 0.1758 -0.1742
v 0.8193 0.1759 -0.1743
v 0.7312 0.2874 -0.2707
v 0.6899 0.3156 -0.3157
v 0.7077 0.2010 -0.4402
v 0.7074 0.1936 -0.4464
v 0.6536 0.0100 -0.6068
v 0.6506 -0.0392 -0.6175
v -0.8255 -0.4624 0.0839
v 0.6469 -0.0050 -0.6139
v 0.6709 -0.1959 -0.5964
v 0.6674 -0.1598 -0.6045
v 0.6640 -0.1987 -0.6062
v -0.8125 -0.4997 -0.0050
v 0.8494 -0.0070 -0.2532
v 0.8572 -0.0023 -0.2272
v -0.8229 -0.4424 -0.1604
v 0.8319 0.1676 -0.1094
v 0.8391 0.1452 -0.1200
v 0.8259 0.1860 -0.0892
v 0.8429 0.1383 -0.0885
v -0.8248 -0.4201 -0.1856
v 0.8531 0.1189 -0.0718
v 0.8206 0.1755 -0.1673
v 0.8206 0.1755 -0.1673
v 0.8119 0.1854 -0.1841
v 0.8118 0.1854 -0.1841
v 0.8066 0.1908 -0.1945
v 0.8066 0.1908 -0.1945
v 0.7022 0.3148 -0.2999
v 0.6948 0.2452 -0.4162
v 0.6928 0.2436 -0.4200
v 0.6934 0.2440 -0.4189
v 0.7004 0.1927 -0.4582
v 0.7074 0.1936 -0.4463
v 0.6474 -0.0959 -0.6276
v 0.8181 0.0031 -0.3471
v 0.8608 0.0835 -0.0915
v 0.8525 0.1278 -0.0268
v 0.8291 0.1447 0.1764
v 0.8025 0.2259 0.1078
v 0.8102 0.1918 0.1634
v 0.8340 0.1743 -0.0654
v 0.8324 0.1822 0.0144
v 0.8234 0.1913 0.0537
v 0.8308 0.1708 0.0952
v 0.8462 0.1324 0.0823
v 0.8396 0.1585 0.0310
v 0.8562 0.1111 0.0648
v -0.8405 0.0759 -0.2355
v 0.8640 0.0356 0.1551
v 0.8573 0.0685 0.1509
v 0.8616 0.0200 0.1783
v 0.8531 0.0250 0.2231
v 0.8426 0.1072 0.1773
v 0.8658 -0.0226 0.1960
v 0.8658 -0.0240 0.1874
v 0.8368 0.0585 0.2558
v 0.8184 0.0762 0.2969
v 0.8084 0.1188 0.2922
v 0.8188 0.1109 0.2647
v 0.7665 0.2642 0.1778
v 0.7513 0.2997 0.1547
v 0.7775 0.2691 0.1189
v 0.7630 0.2782 0.1417
v 0.7577 0.2954 0.1214
v 0.7837 0.2420 0.1524
v -0.8557 0.0178 0.2178
v 0.7513 0.2997 0.1547
v 0.8210 0.1777 -0.1597
v 0.8212 0.1778 -0.1597
v 0.8135 0.1872 -0.1748
v 0.8134 0.1872 -0.1748
v 0.6809 0.3359 -0.3003
v 0.6913 0.2425 -0.4229
v 0.6912 0.2411 -0.4249
v 0.6916 0.2333 -0.4357
v 0.6879 0.2178 -0.4547
v 0.6778 0.0447 -0.5692
v 0.6001 -0.1451 -0.6733
v 0.5958 -0.2206 -0.6724
v 0.6188 -0.1460 -0.6540
v 0.6264 -0.1753 -0.6467
v 0.5727 -0.1629 -0.6915
v 0.5793 -0.1165 -0.6861
v 0.6130 -0.2238 -0.6528
v -0.8476 -0.1773 0.2777
v 0.5694 -0.2113 -0.6919
v -0.8330 -0.2780 0.2887
v 0.7430 -0.0761 -0.5042
v 0.7422 -0.0436 -0.4998
v 0.7910 0.0526 -0.3863
v 0.8353 -0.0054 -0.3049
v 0.8518 0.0726 -0.1856
v 0.8711 0.0326 -0.1163
v 0.8092 -0.0402 0.3750
v 0.8047 -0.1250 0.3947
v 0.7415 -0.0328 0.4947
v 0.7765 0.0816 0.3838
v 0.8271 0.1325 0.2029
v 0.7501 0.2990 0.1657
v 0.7500 0.2989 0.1657
v 0.7504 0.2991 0.1629
v 0.7504 0.2991 0.1629
v 0.7502 0.3028 0.1474
v 0.7502 0.3028 0.1474
v 0.7521 0.3022 0.1292
v 0.7657 0.2866 0.1155
v 0.7670 0.2860 0.1112
v 0.7670 0.2860 0.1112
v 0.7656 0.2866 0.1155
v 0.8165 0.2164 0.0070
v 0.8136 0.1937 -0.1595
v 0.8136 0.1937 -0.1595
v 0.7725 0.2690 -0.1709
v 0.7275 0.3051 -0.2530
v -0.8303 -0.3768 0.2232
v 0.6732 0.2662 -0.4228
v 0.6815 0.2552 -0.4246
v 0.6912 0.2409 -0.4252
v 0.7038 0.1903 -0.4550
v 0.5860 -0.0700 -0.6823
v 0.5083 -0.2258 -0.7370
v 0.6996 -0.2397 -0.5595
v 0.7367 -0.1280 -0.5209
v 0.7425 -0.0468 -0.5002
v 0.8567 -0.0362 -0.2421
v 0.8291 -0.0161 0.3182
v 0.7551 -0.0249 0.4703
v 0.7497 0.0687 0.4451
v 0.7503 0.3006 0.1591
v 0.7502 0.3005 0.1591
v 0.7653 0.2895 0.1068
v 0.7653 0.2895 0.1068
v 0.7627 0.2969 0.0907
v 0.7715 0.2811 0.1048
v 0.7716 0.2811 0.1048
v -0.8415 -0.3304 -0.2243
v 0.7861 0.2677 0.0441
v 0.8156 0.1937 -0.1478
v 0.8156 0.1937 -0.1478
v 0.8070 0.2110 -0.1486
v 0.7533 0.2894 -0.1877
v -0.8579 0.0473 0.1708
v 0.6568 0.3028 -0.4097
v -0.8488 -0.2481 -0.2535
v 0.6914 0.2390 -0.4279
v 0.6938 0.2016 -0.4593
v 0.7037 0.1903 -0.4550
v 0.6866 0.0349 -0.5639
v 0.4974 -0.1668 -0.7513
v 0.4743 -0.0733 -0.7656
v 0.4885 -0.0483 -0.7542
v 0.4941 -0.1028 -0.7547
v -0.8589 -0.1326 -0.2610
v 0.5020 -0.0543 -0.7441
v 0.5091 -0.0927 -0.7416
v 0.5064 -0.2552 -0.7347
v 0.4991 -0.2593 -0.7371
v 0.5468 -0.2429 -0.7088
v 0.8090 0.0129 -0.3633
v 0.8609 0.0102 -0.2032
v 0.7698 -0.0420 0.4490
v 0.7297 0.0148 0.4929
v 0.7112 0.0471 0.5124
v 0.7521 0.0687 0.4410
v 0.7621 0.0688 0.4226
v 0.7785 0.1225 0.3537
v 0.7845 0.1326 0.3325
v 0.8107 0.1659 0.2187
v 0.7504 0.2962 0.1703
v 0.7504 0.2962 0.1703
v 0.7499 0.3051 0.1352
v 0.7500 0.3051 0.1352
v 0.7531 0.3029 0.1221
v 0.7618 0.2938 0.1111
v 0.7617 0.2936 0.1111
v 0.7835 0.2680 0.0816
v 0.7853 0.2660 0.0707
v 0.8116 0.2009 -0.1506
v 0.8116 0.2009 -0.1506
v 0.7228 0.3048 -0.2623
v 0.6407 0.3387 -0.3816
v -0.8536 0.0430 0.2072
v 0.6928 0.2037 -0.4586
v 0.6921 0.2042 -0.4584
v 0.6938 0.2016 -0.4593
v 0.6966 0.1982 -0.4586
v 0.6966 0.1982 -0.4586
v 0.6933 0.0579 -0.5483
v 0.5155 -0.1281 -0.7358
v 0.4952 -0.2434 -0.7431
v 0.4940 -0.2606 -0.7421
v 0.5332 -0.2421 -0.7187
v 0.5788 -0.2801 -0.6758
v 0.6685 -0.2394 -0.5948
v 0.7737 -0.0107 -0.4387
v 0.8332 -0.0408 -0.3228
v 0.8442 -0.0698 -0.2960
v -0.8393 -0.1909 0.3050
v 0.8688 -0.0447 0.1906
v 0.7219 0.1062 0.4640
v 0.7486 0.2945 0.1814
v 0.7552 0.2756 0.2005
v 0.7486 0.2944 0.1814
v 0.7474 0.2986 0.1761
v 0.7474 0.2985 0.1760
v 0.7579 0.2955 0.1214
v 0.7616 0.2925 0.1149
v 0.7616 0.2925 0.1149
v 0.7739 0.2811 0.0927
v 0.7837 0.2685 0.0759
v 0.7836 0.2685 0.0759
v 0.8058 0.2363 0.0037
v 0.8058 0.2363 0.0037
v 0.8001 0.2463 0.0117
v 0.8097 0.2285 -0.0547
v 0.8038 0.2222 -0.1369
v 0.8038 0.2222 -0.1369
v 0.8070 0.2110 -0.1486
v 0.6677 0.2780 -0.4195
v 0.6843 0.2164 -0.4593
v 0.6843 0.2166 -0.4589
v 0.6841 0.2160 -0.4595
v 0.6871 0.2122 -0.4590
v 0.6897 0.2070 -0.4587
v 0.6908 0.2061 -0.4588
v 0.6897 0.2073 -0.4590
v 0.6915 0.2050 -0.4589
v 0.6981 0.1954 -0.4592
v 0.6980 0.1954 -0.4591
v 0.7003 0.1927 -0.4582
v 0.7029 0.0766 -0.5220
v 0.6221 -0.0342 -0.6450
v 0.6214 -0.0529 -0.6505
v 0.5567 -0.1452 -0.7098
v 0.5134 -0.0284 -0.7354
v 0.4793 -0.1269 -0.7652
v 0.6300 -0.2062 -0.6412
v 0.8189 -0.0565 -0.3609
v 0.8094 -0.0169 -0.3721
v 0.8118 -0.0515 -0.3722
v -0.7993 -0.5089 -0.1238
v 0.8657 -0.0362 -0.2038
v 0.8667 0.0071 -0.1804
v 0.8694 0.0585 0.0591
v 0.8579 -0.0653 0.2429
v 0.7297 0.1450 0.4334
v -0.8219 -0.3839 -0.2437
v 0.7860 0.1483 0.3168
v 0.7444 0.3007 0.1837
v 0.7522 0.3023 0.1292
v 0.7531 0.3028 0.1222
v 0.7739 0.2811 0.0927
v 0.7760 0.2797 0.0894
v 0.7756 0.2795 0.0893
v 0.7780 0.2759 0.0888
v 0.7780 0.2759 0.0888
v 0.8000 0.2463 0.0117
v 0.8024 0.2428 -0.0022
v 0.8023 0.2428 -0.0022
v 0.8046 0.2387 -0.0080
v 0.8046 0.2387 -0.0080
v 0.8086 0.2306 -0.0359
v 0.8086 0.2306 -0.0359
v 0.8080 0.2300 -0.0711
v 0.8079 0.2299 -0.0711
v 0.8069 0.2328 -0.0656
v 0.8049 0.2267 -0.1174
v 0.8046 0.2266 -0.1173
v 0.7906 0.2483 -0.1340
v 0.6813 0.2200 -0.4599
v 0.6867 0.2120 -0.4587
v 0.6876 0.2108 -0.4590
v 0.6880 0.2095 -0.4597
v 0.6880 0.2095 -0.4597
v 0.6902 0.2060 -0.4600
v 0.6902 0.2060 -0.4600
v 0.7018 0.1878 -0.4611
v 0.5245 -0.0690 -0.7321
v 0.4583 0.0031 -0.7662
v 0.4705 -0.2914 -0.7501
v 0.5698 -0.2515 -0.6855
v 0.6459 -0.2538 -0.6165
v 0.6316 -0.2562 -0.6322
v 0.6573 -0.2779 -0.5989
v 0.7264 -0.2257 -0.5201
v 0.7247 -0.2635 -0.5161
v 0.7493 -0.0439 -0.4929
v 0.7776 -0.0049 -0.4334
v 0.8666 -0.0647 -0.2130
v 0.8683 0.0246 -0.1397
v -0.8344 0.1316 -0.1844
v 0.8534 -0.0593 0.2628
v 0.6821 0.1314 0.5154
v 0.7496 0.1736 0.3748
v 0.7428 0.1797 0.3812
v 0.7770 0.2272 0.2168
v 0.7442 0.3005 0.1836
v 0.7813 0.2721 0.0820
v 0.7862 0.2677 0.0441
v 0.7846 0.2688 0.0567
v 0.7846 0.2688 0.0567
v 0.7865 0.2684 0.0347
v 0.7865 0.2684 0.0347
v 0.7957 0.2529 0.0214
v 0.7957 0.2529 0.0214
v 0.7987 0.2489 0.0068
v 0.7987 0.2489 0.0068
v 0.8095 0.2284 -0.0547
v 0.8069 0.2328 -0.0656
v 0.8082 0.2268 -0.0860
v 0.8082 0.2268 -0.0860
v 0.8066 0.2266 -0.1016
v 0.8066 0.2266 -0.1016
v 0.6816 0.3440 -0.2767
v 0.6529 0.3789 -0.2784
v 0.6797 0.2220 -0.4607
v 0.6796 0.2219 -0.4607
v 0.6814 0.2200 -0.4600
v 0.6816 0.2185 -0.4607
v 0.6817 0.2185 -0.4607
v 0.6828 0.2177 -0.4599
v 0.6828 0.2177 -0.4599
v 0.6838 0.2150 -0.4609
v 0.6838 0.2150 -0.4609
v 0.6838 0.2150 -0.4609
v 0.6841 0.2159 -0.4596
v 0.6875 0.2108 -0.4589
v 0.6322 0.0615 -0.6152
v 0.6260 0.0468 -0.6229
v 0.6365 0.0275 -0.6192
v 0.6251 0.0541 -0.6212
v 0.5044 -0.2800 -0.7312
v 0.5128 -0.2867 -0.7262
v 0.8679 -0.1069 -0.2160
v 0.8634 -0.1482 -0.2318
v 0.8757 -0.0287 0.1427
v 0.8358 -0.1023 0.3194
v 0.8257 -0.1715 0.3480
v 0.7842 -0.1457 0.4352
v 0.7534 -0.1759 0.4853
v 0.7066 0.1185 0.4807
v -0.8375 -0.3375 -0.2287
v 0.7364 0.3051 0.2006
v 0.7811 0.2720 0.0820
v 0.7844 0.2725 0.0344
v 0.7843 0.2724 0.0344
v 0.8024 0.2420 -0.0287
v 0.8024 0.2420 -0.0287
v 0.7862 0.2691 -0.0601
v 0.8003 0.2401 -0.1012
v 0.8000 0.2399 -0.1012
v 0.6511 0.3273 -0.3880
v 0.6789 0.2239 -0.4605
v 0.6789 0.2239 -0.4605
v 0.6859 0.2123 -0.4602
v 0.6859 0.2123 -0.4602
v 0.6769 0.1454 -0.5270
v 0.4244 -0.0067 -0.7871
v 0.4867 -0.2451 -0.7487
v 0.5278 -0.3058 -0.7105
v 0.5981 -0.3004 -0.6555
v -0.8256 -0.4129 0.1916
v 0.7479 -0.0934 -0.5006
v 0.7900 -0.0134 -0.4138
v 0.8598 -0.1336 -0.2425
v 0.8769 0.0178 0.0666
v 0.8013 -0.2232 0.3920
v 0.8115 -0.1769 0.3775
v 0.7948 -0.2040 0.4051
v 0.8110 -0.1730 0.3775
v 0.7904 -0.2157 0.4078
v 0.7914 -0.2094 0.4082
v 0.7912 -0.2094 0.4081
v 0.7877 -0.2466 0.4073
v 0.7894 -0.2170 0.4086
v 0.7904 -0.2157 0.4078
v 0.8108 -0.1795 0.3771
v 0.7899 -0.2158 0.4092
v 0.7895 -0.2170 0.4090
v 0.7914 -0.2078 0.4093
v 0.6871 0.0329 0.5518
v 0.7371 0.1595 0.4060
v 0.7370 0.3082 0.1913
v 0.7477 0.3202 0.0878
v 0.7702 0.2964 0.0191
v 0.6998 0.3427 -0.2465
v 0.6575 0.2925 -0.4190
v 0.6775 0.2248 -0.4605
v 0.6781 0.2252 -0.4611
v 0.6806 0.2135 -0.4701
v 0.6685 0.1803 -0.5111
v -0.8582 -0.1982 -0.2387
v 0.6247 0.0587 -0.6206
v 0.6175 0.0484 -0.6331
v 0.4375 0.0129 -0.7733
v 0.4561 -0.0897 -0.7773
v 0.4732 -0.1193 -0.7674
v 0.5877 -0.2840 -0.6667
v -0.8488 -0.0562 -0.2795
v 0.7312 -0.2229 -0.5164
v 0.7739 -0.0532 -0.4535
v -0.8433 0.0419 -0.2508
v 0.8040 -0.0494 -0.3966
v 0.8131 -0.1096 -0.3747
v 0.8244 -0.1103 -0.3540
v 0.8421 -0.1024 -0.3045
v 0.8600 -0.0788 -0.2405
v 0.8697 -0.0941 -0.2084
v 0.8810 -0.0766 0.1157
v 0.8669 -0.1058 0.2211
v 0.8108 -0.1827 0.3770
v 0.8077 -0.2464 0.3661
v 0.8019 -0.2877 0.3649
v 0.7873 -0.2225 0.4097
v 0.7877 -0.2225 0.4100
v 0.7872 -0.2258 0.4101
v 0.7829 -0.2375 0.4159
v -0.8354 0.1739 -0.0646
v 0.7364 0.3051 0.2006
v 0.7456 0.3102 -0.1634
v 0.6281 0.3759 -0.3401
v 0.6804 0.1820 -0.4967
v 0.6704 0.1057 -0.5538
v 0.5583 -0.0969 -0.7076
v 0.4302 -0.0675 -0.7893
v -0.8532 0.0645 0.1773
v 0.7320 -0.1806 -0.5228
v 0.7849 -0.0507 -0.4302
v 0.8072 -0.0806 -0.3932
v 0.8762 -0.0980 0.1722
v 0.8666 -0.1484 0.2199
v 0.8358 -0.1335 0.3199
v 0.8104 -0.1973 0.3765
v -0.8549 -0.0834 0.2585
v 0.7462 -0.1567 0.4942
v 0.6839 0.0310 0.5547
v 0.6839 0.0323 0.5546
v 0.7371 0.3006 0.2085
v 0.7371 0.3006 0.2085
v 0.7339 0.3069 0.2062
v 0.7339 0.3069 0.2062
v 0.7268 0.3253 -0.1889
v 0.6738 0.2329 -0.4609
v 0.6752 0.2286 -0.4600
v 0.6761 0.2292 -0.4607
v 0.6760 0.2285 -0.4609
v 0.6759 0.2275 -0.4619
v 0.6759 0.2275 -0.4619
v 0.6576 0.1400 -0.5514
v -0.8251 -0.2679 0.3152
v 0.5317 -0.0134 -0.7204
v 0.4990 -0.0144 -0.7409
v 0.4166 -0.0332 -0.7926
v 0.4724 -0.1646 -0.7674
v 0.5672 -0.3029 -0.6764
v 0.6144 -0.2828 -0.6419
v -0.8289 -0.3492 0.2555
v 0.7295 -0.2680 -0.5100
v 0.7630 -0.1149 -0.4764
v 0.8857 -0.0906 0.0969
v 0.7787 -0.1924 0.4388
v 0.7655 -0.1752 0.4607
v 0.7435 -0.1397 0.5018
v 0.6849 0.0246 0.5555
v 0.6839 0.0306 0.5548
v 0.5607 0.1437 0.6343
v 0.7544 0.2296 0.2938
v 0.7369 0.2843 0.2484
v -0.8155 -0.4485 -0.1783
v 0.7387 0.2869 0.2357
v 0.7194 0.3217 0.2269
v 0.6054 0.4105 -0.2989
v -0.8154 -0.4113 -0.2358
v 0.6366 0.3265 -0.4069
v 0.6456 0.2767 -0.4575
v 0.6706 0.2375 -0.4619
v 0.6738 0.2328 -0.4609
v 0.6743 0.2310 -0.4615
v 0.6743 0.2310 -0.4615
v 0.6631 0.1240 -0.5520
v 0.6647 0.1190 -0.5528
v 0.6140 -0.0355 -0.6537
v 0.4067 0.0188 -0.7886
v 0.4490 -0.2829 -0.7649
v 0.4723 -0.3243 -0.7437
v 0.7620 -0.1791 -0.4747
v 0.8367 -0.1277 -0.3220
v 0.8544 -0.1473 -0.2684
v 0.8849 -0.0333 0.0536
v 0.8823 -0.1223 0.1306
v 0.8586 -0.1347 0.2522
v 0.8132 -0.2350 0.3618
v 0.7934 -0.1936 0.4108
v 0.7380 -0.1216 0.5087
v 0.7364 -0.0789 0.5079
v 0.6846 0.0270 0.5553
v 0.5131 0.0817 0.6982
v 0.5654 0.0624 0.6662
v 0.5538 0.0248 0.6832
v 0.5610 0.0370 0.6766
v 0.5241 0.0644 0.6936
v -0.8197 0.1200 -0.2526
v 0.5338 0.0776 0.6842
v 0.5341 0.0511 0.6928
v 0.5158 0.0775 0.6971
v 0.5211 0.0379 0.7049
v 0.5003 0.0786 0.7091
v 0.5140 0.0803 0.6979
v -0.8300 0.1696 -0.1299
v 0.5550 0.0780 0.6675
v 0.5343 0.0022 0.7038
v 0.5658 0.1008 0.6477
v 0.6431 0.2108 0.5072
v 0.6785 0.2011 0.4691
v -0.8413 0.1484 -0.0974
v 0.7041 0.1704 0.4511
v 0.7645 0.2262 0.2744
v 0.7527 0.2657 0.2235
v 0.7370 0.2843 0.2484
v 0.7367 0.2880 0.2411
v 0.7367 0.2880 0.2411
v 0.7358 0.2951 0.2282
v 0.7358 0.2951 0.2282
v 0.7043 0.3317 -0.2589
v -0.8182 0.2118 -0.0720
v -0.8335 0.1807 0.0255
v 0.5805 0.4287 -0.2992
v 0.5439 0.4343 -0.3559
v 0.6705 0.2374 -0.4619
v 0.6653 0.1183 -0.5525
v 0.5517 -0.0107 -0.7047
v 0.4465 -0.1547 -0.7807
v 0.4668 -0.2300 -0.7650
v 0.7093 -0.3040 -0.5272
v 0.7619 -0.1792 -0.4746
v 0.7618 -0.1792 -0.4745
v 0.7634 -0.1817 -0.4732
v 0.7694 -0.1336 -0.4687
v 0.8757 -0.0529 -0.1661
v 0.8835 -0.0681 -0.1092
v 0.8739 -0.1526 0.1860
v 0.7423 -0.1889 0.4995
v 0.7462 -0.1565 0.4941
v 0.5630 0.1815 0.6101
v 0.5689 0.1821 0.6067
v 0.6413 0.1450 0.5571
v -0.7958 -0.5065 -0.1642
v 0.7295 0.3488 -0.0342
v 0.7298 0.3342 -0.1458
v 0.5218 0.4138 -0.4304
v 0.5262 0.4015 -0.4488
v 0.5672 0.3913 -0.4087
v 0.6682 0.2375 -0.4665
v 0.6703 0.2363 -0.4637
v 0.6703 0.2363 -0.4637
v 0.6635 0.1243 -0.5524
v 0.6645 0.1194 -0.5531
v 0.6644 0.1029 -0.5626
v 0.3944 -0.0273 -0.8019
v 0.6947 -0.3463 -0.5308
v 0.7410 -0.2518 -0.4987
v 0.8684 -0.1874 -0.2031
v 0.8765 -0.1210 -0.1757
v 0.8788 -0.1351 -0.1613
v 0.8781 -0.1734 0.1364
v 0.6078 0.0007 0.6425
v 0.5515 0.1156 0.6557
v 0.7019 0.3641 0.1468
v 0.7284 0.3475 0.0667
v 0.7495 0.3160 -0.0973
v 0.6647 0.3716 -0.2638
v 0.5577 0.4380 -0.3085
v 0.5571 0.4332 -0.3307
v 0.6189 0.3334 -0.4238
v 0.6352 0.3058 -0.4307
v 0.6302 0.2874 -0.4667
v 0.6682 0.2375 -0.4665
v 0.6643 0.2147 -0.4877
v 0.6609 0.2077 -0.4999
v 0.5878 -0.0171 -0.6760
v 0.4874 0.0130 -0.7430
v -0.8326 -0.2898 -0.2875
v 0.4280 -0.1734 -0.7919
v 0.4344 -0.2983 -0.7676
v 0.4431 -0.3317 -0.7597
v 0.6274 -0.3039 -0.6258
v 0.7681 -0.1686 -0.4693
v 0.8331 -0.1795 -0.3255
v 0.8731 -0.1707 -0.1743
v 0.8882 -0.0593 -0.0117
v 0.8590 -0.2200 0.2358
v 0.7923 -0.2822 0.3880
v -0.8436 -0.0740 -0.2978
v 0.7061 -0.0383 0.5451
v -0.8328 -0.0270 -0.3217
v -0.8325 0.0013 -0.3120
v 0.5724 -0.0263 0.6791
v 0.5067 0.0900 0.6999
v 0.6043 0.1976 0.5632
v 0.6801 0.2263 0.4433
v 0.7323 0.2756 0.2764
v 0.7158 0.3021 0.2670
v 0.6797 0.3759 0.1834
v -0.8231 0.1685 -0.1616
v 0.7253 0.3414 0.1301
v 0.5397 0.4328 -0.3643
v 0.5790 0.3786 -0.4189
v 0.6661 0.2402 -0.4673
v 0.6661 0.2402 -0.4673
v 0.6521 0.1837 -0.5337
v 0.6246 0.1474 -0.5838
v 0.6353 0.1369 -0.5802
v 0.4967 0.0234 -0.7362
v 0.4329 -0.1274 -0.7904
v 0.5204 -0.3413 -0.7053
v 0.5122 -0.3440 -0.7093
v 0.5441 -0.3169 -0.6947
v 0.6744 -0.2797 -0.5805
v 0.7868 -0.1076 -0.4359
v 0.8137 -0.1620 -0.3732
v 0.8246 -0.1677 -0.3463
v 0.8908 -0.1126 0.0391
v 0.8838 -0.1811 0.1092
v 0.7747 -0.2489 0.4326
v 0.4858 0.0675 0.7165
v -0.8289 -0.3224 0.2748
v 0.6448 0.2663 0.4585
v 0.6350 0.2582 0.4739
v 0.6242 0.2876 0.4561
v 0.6327 0.2596 0.4752
v 0.6326 0.2595 0.4751
v 0.6351 0.2583 0.4740
v 0.6285 0.2593 0.4811
v 0.6285 0.2593 0.4811
v 0.6287 0.2640 0.4757
v 0.6288 0.2641 0.4758
v 0.6443 0.2592 0.4641
v 0.6444 0.2592 0.4642
v 0.6401 0.2515 0.4749
v 0.6401 0.2515 0.4749
v 0.6142 0.2572 0.5035
v 0.6214 0.2569 0.4938
v 0.6088 0.2560 0.5107
v 0.6140 0.2571 0.5034
v 0.6163 0.2586 0.4992
v 0.6162 0.2585 0.4992
v 0.6214 0.2569 0.4938
v 0.6099 0.2584 0.5070
v 0.6239 0.2643 0.4829
v 0.6237 0.2642 0.4827
v 0.6466 0.2676 0.4544
v 0.6442 0.2484 0.4732
v 0.6443 0.2485 0.4733
v 0.7057 0.2538 0.3696
v 0.7324 0.2757 0.2765
v 0.6858 0.3832 0.1433
v 0.7101 0.3458 -0.1963
v 0.4997 0.4405 -0.4010
v 0.5770 0.3778 -0.4239
v 0.5778 0.3783 -0.4225
v -0.8413 -0.1096 0.3049
v 0.6218 0.2992 -0.4623
v 0.6188 0.1496 -0.5908
v 0.5847 0.1176 -0.6358
v 0.5856 0.1135 -0.6368
v 0.5721 0.1194 -0.6474
v -0.8043 -0.4879 0.1509
v 0.3848 0.0392 -0.7920
v 0.3866 -0.0020 -0.8002
v 0.5828 -0.3135 -0.6631
v 0.6177 -0.3542 -0.6180
v 0.8733 -0.2331 0.1417
v 0.8421 -0.2041 0.2956
v 0.8050 -0.3038 0.3511
v 0.7504 -0.2095 0.4852
v 0.7195 -0.1409 0.5354
v 0.5416 0.2165 0.6105
v 0.5611 0.2005 0.6021
v 0.6099 0.2585 0.5071
v 0.6444 0.2660 0.4582
v 0.6466 0.2676 0.4544
v 0.6465 0.2531 0.4667
v 0.6466 0.2532 0.4668
v 0.7018 0.2314 0.4057
v 0.7232 0.2533 0.3404
v 0.6888 0.3901 0.0338
v 0.7183 0.3580 -0.0601
v 0.5140 0.4420 -0.3834
v 0.5098 0.4386 -0.3951
v 0.5756 0.3774 -0.4273
v 0.6602 0.2545 -0.4603
v 0.6647 0.2385 -0.4707
v 0.6649 0.2386 -0.4708
v 0.4230 0.0681 -0.7701
v -0.7891 -0.5407 0.0778
v 0.3877 0.0458 -0.7904
v -0.8016 -0.5168 -0.0731
v 0.5934 -0.3561 -0.6409
v 0.6751 -0.3357 -0.5576
v 0.8785 -0.1892 -0.1515
v 0.8864 -0.1262 -0.1039
v 0.8696 -0.2202 0.1800
v 0.7743 -0.2867 0.4207
v 0.4562 0.0430 0.7495
v 0.4620 0.0490 0.7442
v -0.8276 -0.3540 -0.2595
v 0.5326 0.1869 0.6376
v 0.6087 0.2559 0.5105
v 0.6051 0.2586 0.5119
v 0.6051 0.2586 0.5119
v -0.8046 0.2383 0.0288
v 0.6876 0.3907 0.0732
v 0.6976 0.3831 -0.0262
v 0.5373 0.4441 -0.3395
v 0.5459 0.3834 -0.4525
v 0.5842 0.3494 -0.4583
v 0.6613 0.2433 -0.4711
v 0.6613 0.2433 -0.4711
v 0.6413 0.2048 -0.5299
v 0.6423 0.1582 -0.5605
v 0.6172 0.1739 -0.5775
v 0.5855 0.0335 -0.6675
v 0.4837 0.0440 -0.7387
v 0.3803 0.0767 -0.7888
v 0.3859 0.0414 -0.7918
v 0.3866 0.0430 -0.7913
v 0.4028 -0.0744 -0.8032
v 0.4364 -0.2759 -0.7741
v -0.8317 0.0747 -0.2567
v 0.6069 -0.3786 -0.6186
v 0.6703 -0.3487 -0.5572
v 0.6835 -0.3661 -0.5383
v 0.7116 -0.3283 -0.5164
v 0.7229 -0.3245 -0.4984
v 0.8211 -0.2196 -0.3397
v 0.8352 -0.1985 -0.3153
v 0.6996 -0.0873 0.5570
v 0.6362 -0.1164 0.6259
v 0.4705 -0.0296 0.7540
v 0.5021 0.1378 0.6817
v 0.5279 0.2070 0.6270
v 0.5714 0.1950 0.5968
v 0.6029 0.2618 0.5114
v 0.6029 0.2617 0.5113
v 0.6320 0.3030 0.4317
v 0.6485 0.2715 0.4479
v 0.7329 0.2739 0.2791
v 0.6958 0.3679 -0.1752
v 0.6810 0.3680 -0.2317
v 0.5838 0.4365 -0.2708
v 0.6036 0.3549 -0.4153
v 0.6554 0.2438 -0.4786
v 0.6235 0.2303 -0.5341
v 0.6283 0.2079 -0.5422
v 0.6403 0.1882 -0.5432
v -0.8365 0.1642 0.0852
v -0.8361 0.1368 0.1638
v -0.8485 0.1046 0.1517
v 0.4115 0.1018 -0.7659
v 0.5358 -0.3706 -0.6851
v 0.7595 -0.2332 -0.4713
v 0.8051 -0.1615 -0.3955
v 0.8668 -0.2565 0.1659
v 0.8385 -0.2697 0.2736
v 0.7784 -0.3543 0.3763
v 0.7073 -0.1322 0.5517
v 0.7000 -0.0952 0.5575
v 0.6593 -0.1384 0.6062
v 0.6097 -0.0419 0.6472
v -0.8507 -0.0516 0.2667
v 0.4502 0.0436 0.7508
v 0.4908 0.0980 0.7040
v 0.4985 0.1196 0.6907
v 0.5988 0.2557 0.5206
v 0.5988 0.2557 0.5206
v 0.6076 0.2960 0.4718
v 0.6517 0.2748 0.4395
v 0.7181 0.2798 0.3089
v 0.7276 0.2799 0.2805
v 0.7276 0.2799 0.2805
v 0.6650 0.4104 -0.0781
v 0.5724 0.4464 -0.2602
v 0.5334 0.4398 -0.3520
v 0.5063 0.4391 -0.3957
v 0.5094 0.4058 -0.4516
v 0.5301 0.3852 -0.4650
v 0.6007 0.2814 -0.5087
v 0.6248 0.2710 -0.4932
v 0.6553 0.2438 -0.4785
v 0.4672 -0.3573 -0.7377
v 0.5630 -0.3433 -0.6697
v 0.6622 -0.3458 -0.5713
v 0.7226 -0.3255 -0.4980
v 0.7471 -0.2820 -0.4773
v 0.7698 -0.2173 -0.4568
v 0.8755 -0.2419 0.1244
v 0.8235 -0.2825 0.3161
v 0.7734 -0.4082 0.3511
v 0.7685 -0.4249 0.3472
v 0.7839 -0.3373 0.3770
v 0.7576 -0.3082 0.4413
v 0.6996 -0.0657 0.5568
v 0.5635 -0.0751 0.6895
v -0.7974 -0.5288 -0.0061
v 0.4589 0.0716 0.7367
v 0.5098 0.1523 0.6729
v 0.5307 0.1588 0.6539
v 0.6487 0.2755 0.4435
v 0.6486 0.2754 0.4434
v 0.7328 0.2738 0.2790
v 0.5344 0.4401 -0.3508
v 0.5333 0.4395 -0.3520
v 0.5334 0.4397 -0.3519
v 0.5036 0.4398 -0.3963
v 0.5049 0.4394 -0.3961
v 0.5050 0.4393 -0.3961
v 0.5052 0.4243 -0.4317
v 0.5184 0.3949 -0.4641
v 0.6506 0.2478 -0.4812
v 0.6506 0.2478 -0.4812
v 0.5601 0.1023 -0.6617
v 0.3861 0.1173 -0.7747
v 0.3764 0.0115 -0.8050
v 0.4139 -0.2269 -0.7935
v 0.4056 -0.2967 -0.7870
v 0.4093 -0.3624 -0.7655
v 0.6291 -0.3781 -0.5990
v 0.7223 -0.3276 -0.4976
v 0.7225 -0.3257 -0.4978
v 0.8863 -0.2081 -0.0688
v 0.7965 -0.3426 0.3409
v 0.7619 -0.4020 0.3818
v 0.6103 -0.0892 0.6486
v 0.5201 0.2109 0.6285
v 0.5791 0.2666 0.5322
v 0.5748 0.2607 0.5427
v 0.5749 0.2607 0.5428
v 0.5669 0.2680 0.5467
v 0.5667 0.2679 0.5465
v 0.5644 0.2913 0.5251
v 0.5645 0.2654 0.5514
v 0.6515 0.2747 0.4394
v 0.6976 0.2636 0.3718
v 0.6914 0.2896 0.3486
v 0.6931 0.2891 0.3459
v 0.6931 0.2891 0.3459
v 0.7197 0.2822 0.2987
v 0.7288 0.2742 0.2895
v 0.7288 0.2742 0.2895
v 0.7196 0.2821 0.2986
v 0.7009 0.3752 -0.0948
v 0.5855 0.4360 -0.2678
v 0.5861 0.4358 -0.2670
v 0.4967 0.4291 -0.4273
v 0.5284 0.3786 -0.4801
v 0.5513 0.3651 -0.4745
v -0.8219 0.1494 -0.1996
v 0.5573 0.0225 -0.6941
v 0.3715 0.0719 -0.7946
v 0.3880 -0.0545 -0.8068
v 0.3963 -0.3437 -0.7767
v -0.8064 0.2348 -0.0732
v 0.6459 -0.3635 -0.5827
v 0.7223 -0.3295 -0.4975
v 0.7285 -0.3206 -0.4939
v 0.8630 -0.2394 -0.2050
v 0.8811 -0.2449 0.0548
v 0.7891 -0.3905 0.3285
v 0.7645 -0.4324 0.3515
v 0.6885 -0.1605 0.5715
v 0.5389 -0.1010 0.7110
v 0.4754 -0.0341 0.7511
v 0.5220 0.1926 0.6405
v 0.5632 0.2439 0.5706
v 0.6863 0.2815 0.3676
v 0.6832 0.2860 0.3668
v 0.6832 0.2860 0.3668
v 0.6809 0.2895 0.3659
v 0.6809 0.2895 0.3659
v 0.6836 0.2878 0.3637
v 0.6836 0.2878 0.3637
v 0.6843 0.2892 0.3606
v 0.6843 0.2892 0.3606
v 0.6891 0.2882 0.3542
v 0.6891 0.2882 0.3542
v 0.6938 0.2917 0.3407
v 0.6937 0.2917 0.3407
v 0.6986 0.2877 0.3368
v 0.6985 0.2876 0.3368
v 0.7178 0.2796 0.3088
v 0.6321 0.4110 0.2218
v 0.6694 0.4081 0.0680
v -0.8459 0.0755 0.2068
v 0.6290 0.4408 0.0123
v 0.5803 0.4668 -0.0051
v 0.6024 0.4567 -0.0108
v 0.5877 0.4679 -0.0368
v 0.6040 0.4578 0.0213
v 0.6544 0.4208 -0.0194
v 0.5901 0.4349 -0.2590
v 0.5907 0.4349 -0.2581
v 0.5296 0.4435 -0.3483
v 0.5003 0.4435 -0.3927
v 0.5003 0.4435 -0.3928
v 0.4885 0.4486 -0.3967
v 0.5768 0.3100 -0.5112
v 0.3836 -0.1215 -0.8136
v 0.4101 -0.2327 -0.7933
v 0.4208 -0.2465 -0.7878
v 0.4258 -0.3817 -0.7486
v 0.5074 -0.3872 -0.6998
v 0.7827 -0.1754 -0.4382
v 0.8695 -0.2241 -0.1766
v 0.8735 -0.2397 -0.1494
v 0.8508 -0.3261 0.1777
v 0.8416 -0.3019 0.2474
v 0.5973 -0.1636 0.6602
v 0.4853 -0.1773 0.7461
v 0.4759 -0.0347 0.7508
v 0.5645 0.2654 0.5513
v 0.6575 0.2828 0.4187
v 0.6576 0.2829 0.4188
v 0.6913 0.2895 0.3486
v 0.6884 0.2966 0.3441
v 0.6882 0.2964 0.3440
v 0.6962 0.2973 0.3276
v 0.6959 0.2971 0.3275
v 0.7080 0.2873 0.3194
v 0.7077 0.2870 0.3192
v 0.6400 0.3849 0.2748
v 0.5806 0.4671 -0.0049
v 0.5728 0.4749 -0.0314
v 0.6211 0.4452 -0.0796
v 0.6411 0.4248 -0.1280
v 0.6428 0.4228 -0.1284
v 0.6621 0.4050 -0.1488
v 0.6206 0.4265 -0.2065
v 0.5558 0.4533 -0.2642
v 0.5001 0.4434 -0.3929
v 0.4996 0.4433 -0.3936
v 0.6111 0.2658 -0.5144
v -0.8049 -0.3589 0.3204
v 0.6363 0.2532 -0.4961
v 0.6410 0.2537 -0.4889
v 0.6410 0.2537 -0.4889
v 0.6362 0.2531 -0.4961
v 0.6390 0.2472 -0.4978
v 0.4310 0.1031 -0.7563
v 0.3891 -0.1602 -0.8102
v -0.8074 -0.4478 0.2009
v 0.3812 -0.3664 -0.7782
v 0.4799 -0.4260 -0.7047
v -0.7897 -0.5205 0.1495
v 0.7468 -0.3101 -0.4649
v 0.8022 -0.2079 -0.3939
v 0.7784 -0.4184 0.3337
v 0.7643 -0.3356 0.4143
v 0.6652 -0.1998 0.5954
v -0.8073 -0.4263 -0.2404
v 0.4810 -0.0389 0.7477
v 0.4519 -0.0357 0.7641
v 0.4667 0.1070 0.7216
v 0.5620 0.2665 0.5534
v 0.5619 0.2664 0.5533
v 0.5595 0.2642 0.5575
v 0.5595 0.2642 0.5575
v 0.5404 0.3095 0.5340
v 0.6848 0.2934 0.3541
v 0.6848 0.2934 0.3541
v 0.6876 0.2937 0.3492
v 0.6876 0.2937 0.3492
v -0.8260 -0.2800 -0.3087
v 0.5870 0.4671 0.0131
v 0.5476 0.4539 -0.2860
v 0.5326 0.4511 -0.3224
v 0.5865 0.2846 -0.5246
v 0.6235 0.2367 -0.5289
v 0.6389 0.2472 -0.4978
v 0.6235 0.2365 -0.5279
v 0.5464 0.1868 -0.6342
v 0.3850 -0.2018 -0.8070
v -0.8487 -0.1185 -0.2862
v 0.4445 -0.3742 -0.7452
v 0.4742 -0.4152 -0.7114
v 0.5183 -0.4033 -0.6865
v -0.8319 -0.0783 -0.3323
v 0.6618 -0.3923 -0.5503
v 0.6774 -0.3939 -0.5330
v 0.7583 -0.3156 -0.4477
v -0.8226 0.0491 -0.3095
v 0.7555 -0.4504 0.3531
v 0.5748 -0.1812 0.6807
v 0.5136 -0.2538 0.7207
v 0.4198 0.0598 0.7652
v 0.4873 0.1554 0.6841
v 0.4997 0.1880 0.6608
v 0.5557 0.2663 0.5595
v 0.5557 0.2663 0.5595
v 0.5115 0.2771 0.5897
v 0.5093 0.3279 0.5404
v 0.6130 0.3290 0.4278
v 0.6727 0.2821 0.3925
v 0.6727 0.2821 0.3925
v 0.6756 0.2860 0.3812
v 0.6756 0.2860 0.3812
v -0.8416 -0.0558 0.2976
v 0.6420 0.4101 0.1774
v 0.6389 0.4256 -0.1279
v 0.6415 0.4237 -0.1281
v 0.4961 0.4486 -0.3880
v 0.4971 0.4166 -0.4483
v 0.5711 0.3307 -0.4940
v 0.6338 0.2427 -0.5084
v 0.6338 0.2427 -0.5084
v 0.5370 0.1095 -0.6831
v 0.4050 0.1469 -0.7521
v 0.3534 0.1312 -0.7838
v 0.3727 -0.4231 -0.7640
v 0.3957 -0.3850 -0.7661
v 0.4048 -0.4006 -0.7528
v 0.6170 -0.3858 -0.6081
v -0.8288 0.1627 0.1455
v 0.6955 -0.3776 -0.5139
v 0.7277 -0.3523 -0.4824
v 0.8202 -0.2687 -0.3300
v 0.8493 -0.2775 -0.2369
v 0.8825 -0.2510 -0.0384
v 0.8564 -0.3273 0.1453
v 0.8448 -0.3486 0.1912
v 0.7326 -0.3215 0.4769
v 0.7236 -0.2596 0.5105
v -0.8499 0.0326 0.2231
v 0.4946 -0.2778 0.7278
v 0.4860 -0.0723 0.7471
v 0.4089 -0.0290 0.7867
v 0.4363 0.0088 0.7655
v 0.5110 0.3566 0.5003
v 0.6369 0.4280 -0.1278
v 0.5452 0.4646 -0.2528
v 0.5693 0.3110 -0.5162
v 0.6279 0.2388 -0.5198
v 0.6156 0.2290 -0.5424
v 0.5392 0.1561 -0.6604
v -0.8160 -0.2902 0.3252
v 0.3874 -0.2466 -0.8024
v 0.3792 -0.3363 -0.7892
v 0.6434 -0.4023 -0.5672
v 0.6958 -0.3833 -0.5119
v 0.7571 -0.3888 0.3998
v 0.4381 -0.0520 0.7754
v -0.7705 -0.5652 0.1033
v -0.7797 -0.5618 0.0389
v 0.4519 0.0967 0.7334
v 0.4643 0.1350 0.7128
v 0.5138 0.2687 0.5955
v 0.5391 0.4654 -0.2586
v 0.5088 0.4529 -0.3608
v 0.4895 0.4647 -0.3480
v 0.4745 0.4480 -0.4180
v 0.5062 0.3936 -0.4792
v 0.5374 0.3562 -0.4992
v 0.6216 0.2348 -0.5317
v 0.6216 0.2348 -0.5317
v 0.6231 0.2301 -0.5338
v 0.6206 0.2312 -0.5357
v 0.6206 0.2312 -0.5357
v 0.6099 0.2162 -0.5584
v 0.3319 -0.1096 -0.8351
v 0.4339 -0.4126 -0.7370
v -0.8151 -0.4034 -0.2413
v -0.8173 0.2005 -0.1327
v 0.6956 -0.3827 -0.5117
v 0.6956 -0.3829 -0.5117
v 0.7652 -0.2816 -0.4481
v 0.7609 -0.4487 0.3462
v 0.7398 -0.4368 0.4027
v 0.7466 -0.4455 0.3796
v 0.7406 -0.4516 0.3826
v 0.7261 -0.4587 0.4082
v 0.7390 -0.4703 0.3677
v -0.8353 -0.2350 -0.3039
v 0.7247 -0.4899 0.3853
v 0.5271 0.2607 0.5898
v 0.5472 0.2602 0.5722
v 0.5472 0.2602 0.5722
v 0.5511 0.2639 0.5657
v 0.5511 0.2639 0.5657
v -0.8389 -0.1077 -0.3128
v 0.6135 0.2311 -0.5435
v 0.6157 0.2290 -0.5425
v 0.5721 0.2232 -0.5910
v 0.4190 0.1582 -0.7417
v 0.4026 0.1876 -0.7363
v 0.3998 0.1480 -0.7528
v 0.4268 -0.4009 -0.7425
v 0.4733 -0.4385 -0.7014
v 0.5626 -0.3810 -0.6566
v 0.5750 -0.4389 -0.6205
v 0.5811 -0.4259 -0.6228
v 0.5532 -0.4421 -0.6413
v 0.5626 -0.4100 -0.6444
v -0.8078 0.1853 -0.2027
v 0.5547 -0.4221 -0.6445
v 0.5673 -0.4323 -0.6344
v 0.5549 -0.4221 -0.6447
v 0.5404 -0.4480 -0.6462
v -0.8172 0.2057 -0.1048
v 0.7495 -0.3341 -0.4527
v 0.8216 -0.3303 -0.2956
v 0.7877 -0.4247 0.3006
v 0.7280 -0.4501 0.4103
v 0.7303 -0.4326 0.4225
v 0.4782 -0.2366 0.7463
v 0.4893 -0.1344 0.7459
v 0.5019 0.2746 0.6011
v 0.5900 0.4610 -0.1038
v 0.4882 0.4093 -0.4732
v 0.6134 0.2311 -0.5434
v 0.6098 0.2161 -0.5583
v 0.5898 0.2225 -0.5742
v 0.5472 0.2350 -0.6061
v 0.3955 0.1819 -0.7408
v 0.3422 0.0718 -0.8041
v 0.3734 -0.1909 -0.8146
v 0.3717 -0.3850 -0.7741
v 0.4689 -0.4654 -0.6911
v 0.4789 -0.4532 -0.6923
v -0.8474 -0.0139 0.2650
v 0.7827 -0.3552 -0.3746
v 0.8502 -0.3368 -0.1854
v 0.8687 -0.3094 -0.0974
v 0.8727 -0.3033 0.0010
v 0.8484 -0.3684 0.1385
v -0.7924 -0.5341 -0.0415
v 0.7385 -0.4707 0.3673
v 0.7319 -0.4907 0.3631
v 0.7476 -0.3814 0.4238
v 0.7246 -0.3665 0.4699
v 0.6840 -0.2441 0.5657
v -0.8108 -0.1128 0.3814
v 0.6657 -0.2468 0.5877
v 0.5093 -0.2876 0.7173
v 0.4709 -0.1678 0.7567
v 0.3840 -0.0324 0.8000
v 0.3739 0.0860 0.7792
v 0.3696 0.1042 0.7750
v 0.3717 0.1169 0.7682
v 0.4878 0.1543 0.6846
v 0.4856 0.1609 0.6833
v 0.5081 0.2740 0.5959
v 0.5270 0.2606 0.5897
v 0.5325 0.2669 0.5794
v 0.5325 0.2669 0.5794
v 0.5216 0.2727 0.5840
v -0.8146 -0.4040 -0.2419
v 0.6092 0.4325 0.2008
v 0.5864 0.4665 0.0792
v 0.5520 0.4822 -0.1043
v 0.6025 0.4511 -0.1412
v 0.4515 0.4487 -0.4412
v 0.5947 0.2241 -0.5679
v 0.5947 0.2241 -0.5679
v 0.5625 0.2334 -0.5929
v 0.5719 0.2230 -0.5908
v 0.5471 0.2349 -0.6060
v 0.5310 0.2169 -0.6278
v 0.5013 0.1446 -0.6945
v -0.7995 -0.4215 0.2725
v 0.2994 -0.0962 -0.8458
v 0.3374 -0.1857 -0.8320
v 0.3682 -0.3707 -0.7830
v 0.5781 -0.4604 -0.6088
v -0.7970 -0.4951 0.1781
v -0.7834 -0.5505 0.0697
v -0.7768 -0.5693 0.0126
v 0.7381 -0.4732 0.3659
v 0.6996 -0.2657 0.5434
v -0.7881 -0.5121 -0.1839
v 0.5167 -0.2765 0.7145
v 0.4553 -0.2009 0.7618
v 0.4529 -0.2017 0.7634
v 0.4460 -0.2042 0.7692
v 0.4516 -0.2022 0.7644
v 0.4523 -0.2019 0.7636
v 0.4441 -0.2281 0.7662
v 0.3917 0.0442 0.7843
v 0.3722 0.1142 0.7688
v 0.3719 0.1144 0.7667
v 0.3711 0.1171 0.7678
v 0.3838 0.1483 0.7531
v -0.7989 -0.4689 -0.2213
v 0.4496 0.1341 0.7217
v 0.4811 0.1743 0.6807
v 0.5137 0.2686 0.5954
v 0.5080 0.2739 0.5959
v 0.5216 0.2727 0.5840
v 0.4894 0.3072 0.5836
v 0.5222 0.3956 0.4361
v 0.5532 0.3588 0.4534
v 0.5774 0.3575 0.4301
v -0.8148 -0.4038 -0.2418
v 0.6395 0.3707 0.3121
v -0.8144 -0.4040 -0.2441
v 0.5730 0.4660 0.1519
v 0.6077 0.4517 0.1019
v 0.5204 0.4639 -0.3021
v -0.8192 -0.3371 -0.2981
v 0.5308 0.3491 -0.5160
v 0.6033 0.2278 -0.5562
v 0.6033 0.2278 -0.5562
v 0.5615 0.2296 -0.5964
v 0.5615 0.2296 -0.5964
v 0.5576 0.2311 -0.5992
v 0.5575 0.2310 -0.5991
v 0.5504 0.2360 -0.6024
v 0.5428 0.2351 -0.6094
v 0.5429 0.2352 -0.6095
v 0.3952 0.2032 -0.7311
v 0.3845 0.1823 -0.7477
v 0.3332 0.1266 -0.7916
v 0.3460 0.0288 -0.8126
v 0.3107 -0.0053 -0.8330
v 0.3768 -0.2623 -0.8043
v 0.3589 -0.4253 -0.7666
v 0.5615 -0.4535 -0.6281
v 0.5995 -0.4373 -0.6028
v 0.8463 -0.3979 0.0858
v 0.8113 -0.3976 0.2686
v 0.7148 -0.4396 0.4419
v 0.7104 -0.4389 0.4469
v 0.7176 -0.4212 0.4509
v 0.7099 -0.4394 0.4469
v 0.7102 -0.4389 0.4467
v 0.7121 -0.3210 0.5096
v 0.4533 -0.0945 0.7685
v 0.3709 0.1130 0.7697
v 0.3709 0.1130 0.7697
v 0.3698 0.1159 0.7693
v 0.5013 0.2785 0.5982
v 0.5013 0.2785 0.5982
v 0.5025 0.2798 0.5960
v 0.5025 0.2798 0.5960
v 0.5114 0.2771 0.5896
v 0.4608 0.3935 0.5074
v 0.4720 0.4613 -0.3849
v 0.4499 0.4349 -0.4629
v 0.5623 0.2333 -0.5928
v 0.5503 0.2359 -0.6024
v 0.5395 0.2385 -0.6098
v 0.5394 0.2385 -0.6098
v 0.5273 0.1844 -0.6541
v -0.8136 0.1741 -0.1818
v 0.3435 -0.4193 -0.7763
v 0.3866 -0.4289 -0.7534
v 0.4553 -0.4170 -0.7235
v 0.4697 -0.4780 -0.6871
v -0.7721 0.2923 -0.0521
v 0.6461 -0.4169 -0.5547
v 0.7504 -0.3396 -0.4500
v 0.7498 -0.3340 -0.4531
v 0.7752 -0.3147 -0.4119
v 0.7894 -0.3907 -0.3397
v 0.8654 -0.3396 -0.0563
v 0.8681 -0.3309 0.0378
v 0.8544 -0.3667 0.0843
v 0.7768 -0.4492 0.3042
v 0.7092 -0.4396 0.4473
v 0.7092 -0.4396 0.4473
v 0.7093 -0.4427 0.4459
v 0.7094 -0.4427 0.4459
v 0.7056 -0.4466 0.4482
v 0.7040 -0.4504 0.4484
v 0.7054 -0.4475 0.4476
v 0.7042 -0.4464 0.4466
v 0.7032 -0.4480 0.4550
v 0.7096 -0.4386 0.4483
v 0.7099 -0.4387 0.4484
v 0.5321 -0.3029 0.6978
v 0.3576 -0.0183 0.8105
v 0.4561 0.2663 0.6436
v 0.5019 0.2746 0.6010
v 0.4825 0.4206 0.4384
v 0.4771 0.4673 -0.3666
v 0.4633 0.4669 -0.3811
v 0.4601 0.4659 -0.3839
v 0.5281 0.2439 -0.6141
v 0.5207 0.2521 -0.6147
v 0.3873 0.2093 -0.7325
v 0.3335 -0.3436 -0.8041
v 0.3477 -0.3846 -0.7877
v 0.4120 -0.4029 -0.7512
v 0.4662 -0.4448 -0.7042
v 0.7502 -0.3373 -0.4513
v -0.8218 0.1838 0.1294
v 0.8012 -0.3760 -0.3196
v 0.8144 -0.3765 -0.2864
v 0.8073 -0.4276 -0.2552
v 0.7582 -0.4720 0.3273
v 0.7092 -0.4859 0.4118
v 0.7091 -0.4450 0.4454
v 0.7065 -0.4464 0.4469
v 0.7049 -0.4501 0.4470
v 0.7047 -0.4501 0.4469
v 0.7040 -0.4504 0.4484
v 0.3906 -0.0811 0.8010
v 0.3640 0.1131 0.7745
v 0.3745 0.1238 0.7653
v 0.4899 0.2711 0.6137
v 0.4899 0.2711 0.6136
v 0.4952 0.2763 0.6053
v 0.4952 0.2763 0.6053
v 0.4575 0.4379 0.4347
v 0.5127 0.4975 -0.0130
v 0.5103 0.4706 -0.2920
v 0.4918 0.4684 -0.3375
v 0.4415 0.4502 -0.4436
v 0.4519 0.4253 -0.4805
v 0.4790 0.4251 -0.4565
v 0.4829 0.4105 -0.4737
v 0.5040 0.3693 -0.5145
v 0.5414 0.3197 -0.5388
v 0.5260 0.2720 -0.5945
v 0.5281 0.2439 -0.6141
v 0.5137 0.2343 -0.6334
v 0.4352 0.1782 -0.7228
v 0.3446 0.1699 -0.7731
v 0.3447 -0.2891 -0.8138
v -0.8015 0.0578 -0.3596
v 0.3819 -0.4429 -0.7485
v 0.5067 -0.4732 -0.6615
v 0.5493 -0.4867 -0.6228
v 0.6899 -0.4435 -0.4909
v 0.7086 -0.4495 -0.4531
v 0.7674 -0.3846 -0.3896
v 0.7447 -0.4637 0.3644
v 0.7140 -0.4742 0.4126
v 0.7180 -0.4659 0.4131
v 0.7160 -0.4695 0.4131
v 0.7201 -0.4622 0.4131
v 0.7200 -0.4622 0.4131
v 0.7181 -0.4612 0.4195
v 0.7040 -0.4597 0.4453
v 0.7032 -0.4514 0.4492
v 0.7026 -0.3757 0.5010
v 0.5717 -0.2819 0.6678
v -0.8144 -0.3319 0.3139
v -0.7935 -0.4008 0.3143
v 0.4439 -0.2274 0.7661
v 0.4536 -0.1514 0.7682
v 0.2938 -0.0574 0.8369
v 0.2486 -0.0192 0.8478
v 0.3224 0.0335 0.8156
v 0.3018 0.0288 0.8246
v 0.2858 0.0201 0.8300
v 0.2972 -0.0189 0.8335
v 0.2733 -0.0245 0.8429
v 0.3161 -0.0232 0.8257
v 0.2434 0.0203 0.8435
v -0.7806 -0.5558 0.0657
v -0.7803 -0.5562 0.0652
v -0.7779 -0.5594 0.0619
v -0.7514 0.3100 -0.1402
v -0.7565 0.3085 0.0089
v 0.3953 0.1875 0.7273
v 0.3991 0.1819 0.7291
v 0.4782 0.2752 0.6195
v 0.4782 0.2752 0.6195
v 0.4669 0.3446 0.5621
v 0.4577 0.4059 0.4916
v 0.4630 0.4160 0.4667
v 0.5271 0.4066 0.4146
v 0.5753 0.3872 0.3869
v -0.7546 -0.5719 -0.1915
v 0.5707 0.4560 0.2170
v 0.4498 0.5121 -0.1256
v -0.1968 0.7456 -0.0576
v -0.8119 -0.2986 -0.3318
v 0.1867 0.5816 -0.2127
v -0.0296 0.7969 -0.2854
v 0.0608 0.7100 -0.2413
v 0.0608 0.7091 -0.2398
v 0.0613 0.7102 -0.2414
v 0.0613 0.7102 -0.2414
v 0.0613 0.7102 -0.2414
v 0.0613 0.7102 -0.2414
v 0.0623 0.7100 -0.2430
v 0.0624 0.7100 -0.2422
v 0.0624 0.7100 -0.2422
v 0.0624 0.7091 -0.2425
v 0.0609 0.7078 -0.2405
v 0.0609 0.7086 -0.2423
v 0.0614 0.7088 -0.2423
v 0.0624 0.7091 -0.2425
v 0.0633 0.7088 -0.2422
v 0.0641 0.7104 -0.2443
v 0.1462 0.5982 0.2128
v 0.2211 0.5570 0.1939
v 0.2360 0.5635 0.1709
v 0.4033 0.5159 0.0484
v 0.4591 0.5102 0.0066
v -0.1105 0.7992 -0.2095
v 0.4097 0.5150 -0.1045
v 0.1732 0.6228 -0.1993
v 0.1731 0.6227 -0.1992
v 0.0628 0.7595 -0.2522
v 0.0625 0.7612 -0.2527
v 0.0623 0.7531 -0.2508
v 0.0636 0.7525 -0.2510
v -0.1525 0.7704 -0.1736
v -0.0939 0.8307 -0.2522
v -0.1749 0.8033 -0.1708
v -0.1457 0.8177 -0.2047
v -0.1466 0.8407 -0.2255
v -0.1295 0.8682 -0.2626
v -0.1511 0.8778 -0.2612
v -0.1725 0.8894 -0.2701
v -0.1679 0.8877 -0.2613
v -0.1644 0.8872 -0.2730
v -0.1731 0.8862 -0.2796
v -0.1710 0.8825 -0.2473
v -0.1803 0.8884 -0.2593
v -0.1823 0.8872 -0.2726
v -0.1660 0.8789 -0.2859
v -0.1551 0.8805 -0.2793
v -0.1747 0.8714 -0.2284
v -0.1824 0.8847 -0.2491
v -0.1792 0.8814 -0.2838
v -0.1299 0.8695 -0.2704
v -0.1679 0.8676 -0.2287
v -0.1893 0.8810 -0.2749
v -0.1509 0.8740 -0.2834
v -0.1680 0.8674 -0.2288
v -0.1888 0.8823 -0.2528
v -0.1903 0.8823 -0.2650
v -0.1660 0.8651 -0.2278
v -0.1660 0.8651 -0.2278
v -0.1682 0.8653 -0.2258
v -0.1682 0.8653 -0.2258
v -0.1666 0.8630 -0.2244
v -0.1666 0.8630 -0.2244
v -0.1654 0.8594 -0.2202
v -0.1653 0.8594 -0.2210
v -0.1695 0.8673 -0.2272
v -0.1695 0.8673 -0.2272
v -0.1723 0.8694 -0.2281
v -0.1724 0.8692 -0.2282
v -0.1787 0.8751 -0.2323
v -0.1890 0.8765 -0.2797
v -0.1767 0.8755 -0.2874
v -0.1631 0.8587 -0.2225
v -0.1747 0.8713 -0.2284
v -0.1807 0.8773 -0.2358
v -0.1807 0.8775 -0.2357
v -0.1826 0.8788 -0.2385
v -0.1826 0.8788 -0.2385
v -0.1498 0.8614 -0.2429
v -0.8144 -0.4040 -0.2442
v -0.1645 0.8613 -0.2246
v -0.1645 0.8613 -0.2246
v -0.1626 0.8583 -0.2229
v -0.1644 0.8441 -0.2043
v -0.1786 0.8728 -0.2295
v -0.1786 0.8728 -0.2295
v -0.1788 0.8750 -0.2323
v -0.1827 0.8769 -0.2354
v -0.1827 0.8769 -0.2354
v -0.1845 0.8789 -0.2395
v -0.1845 0.8789 -0.2395
v -0.1699 0.8700 -0.2888
v -0.1526 0.8668 -0.2864
v -0.1275 0.8645 -0.2755
v -0.1131 0.8542 -0.2577
v -0.1505 0.8530 -0.2332
v -0.1530 0.8541 -0.2312
v -0.1607 0.8581 -0.2253
v -0.1607 0.8581 -0.2253
v -0.1767 0.8700 -0.2260
v -0.1806 0.8753 -0.2325
v -0.1806 0.8752 -0.2325
v -0.1844 0.8708 -0.2268
v -0.1879 0.8773 -0.2398
v -0.1897 0.8744 -0.2793
v -0.1896 0.8744 -0.2792
v -0.1191 0.8617 -0.2670
v -0.1169 0.8458 -0.2432
v -0.1767 0.8698 -0.2261
v -0.1872 0.8771 -0.2386
v -0.1872 0.8770 -0.2386
v -0.1936 0.8707 -0.2686
v -0.1804 0.8683 -0.2865
v -0.1192 0.8618 -0.2644
v -0.1505 0.8531 -0.2332
v -0.1530 0.8541 -0.2312
v -0.1549 0.8538 -0.2283
v -0.1549 0.8538 -0.2283
v -0.1879 0.8773 -0.2398
v -0.1897 0.8769 -0.2421
v -0.8169 -0.3588 -0.2866
v -0.1857 0.8688 -0.2835
v -0.1465 0.8407 -0.2254
v -0.1742 0.8446 -0.1983
v -0.1852 0.8529 -0.2065
v -0.1897 0.8769 -0.2421
v -0.1899 0.8673 -0.2782
v -0.1856 0.8688 -0.2834
v -0.1637 0.8625 -0.2878
v -0.1191 0.8615 -0.2656
v -0.1496 0.8466 -0.2276
v -0.1496 0.8466 -0.2276
v -0.1668 0.8270 -0.1882
v -0.1900 0.8753 -0.2382
v -0.1897 0.8751 -0.2385
v -0.1916 0.8749 -0.2419
v -0.1915 0.8748 -0.2419
v -0.1915 0.8757 -0.2440
v -0.1912 0.8755 -0.2440
v -0.1858 0.8629 -0.2799
v -0.1259 0.8544 -0.2793
v -0.1192 0.8616 -0.2671
v -0.1190 0.8614 -0.2657
v -0.1935 0.8724 -0.2437
v -0.1936 0.8724 -0.2437
v -0.1945 0.8702 -0.2421
v -0.1747 0.8585 -0.2838
v -0.1139 0.8568 -0.2667
v -0.1419 0.8475 -0.2357
v -0.1033 0.8418 -0.2527
v -0.1964 0.8650 -0.2374
v -0.1343 0.8502 -0.2802
v -0.1107 0.8497 -0.2718
v -0.1013 0.8422 -0.2584
v -0.1049 0.8419 -0.2503
v -0.1443 0.8361 -0.2232
v -0.1820 0.8307 -0.1855
v -0.1918 0.8531 -0.2108
v -0.1944 0.8702 -0.2421
v -0.1967 0.8623 -0.2393
v -0.1035 0.8449 -0.2628
v -0.1958 0.8672 -0.2414
v -0.1130 0.8497 -0.2739
v -0.1016 0.8417 -0.2564
v -0.1016 0.8417 -0.2564
v -0.1435 0.8356 -0.2230
v -0.1699 0.8127 -0.1774
v -0.1956 0.8673 -0.2413
v -0.1961 0.8655 -0.2380
v -0.1556 0.8527 -0.2827
v -0.1145 0.8517 -0.2737
v -0.1078 0.8483 -0.2683
v -0.1075 0.8485 -0.2685
v -0.1048 0.8450 -0.2651
v -0.1035 0.8449 -0.2628
v -0.1006 0.8416 -0.2606
v -0.1007 0.8415 -0.2606
v -0.1014 0.8421 -0.2584
v -0.1022 0.8402 -0.2518
v -0.1033 0.8418 -0.2527
v -0.1050 0.8418 -0.2504
v -0.1397 0.8292 -0.2202
v -0.1429 0.8346 -0.2231
v -0.8383 -0.1752 -0.3059
v -0.1888 0.8389 -0.1944
v -0.1957 0.8535 -0.2178
v -0.1036 0.8451 -0.2647
v -0.1012 0.8421 -0.2627
v -0.1013 0.8421 -0.2627
v -0.1023 0.8402 -0.2519
v -0.1061 0.8387 -0.2454
v -0.1061 0.8387 -0.2454
v -0.1397 0.8292 -0.2202
v -0.1952 0.8546 -0.2393
v -0.1833 0.8456 -0.2456
v -0.1152 0.8524 -0.2738
v -0.1963 0.8623 -0.2363
v -0.1963 0.8623 -0.2363
v -0.1964 0.8622 -0.2392
v -0.1132 0.8497 -0.2738
v -0.1119 0.8501 -0.2725
v -0.1373 0.8298 -0.2220
v -0.1373 0.8298 -0.2220
v -0.1355 0.8072 -0.2047
v -0.1458 0.7980 -0.1913
v -0.1836 0.8124 -0.1738
v -0.1976 0.8519 -0.2263
v -0.1966 0.8603 -0.2373
v -0.1966 0.8603 -0.2373
v -0.1454 0.8387 -0.2717
v -0.1150 0.8484 -0.2755
v -0.1149 0.8485 -0.2757
v -0.0929 0.8296 -0.2635
v -0.0837 0.8146 -0.2559
v -0.1035 0.8379 -0.2470
v -0.1036 0.8378 -0.2471
v -0.1354 0.8257 -0.2193
v -0.1354 0.8257 -0.2193
v -0.1963 0.8584 -0.2392
v -0.1963 0.8584 -0.2392
v -0.1593 0.8415 -0.2667
v -0.1226 0.8415 -0.2772
v -0.1039 0.8350 -0.2436
v -0.1040 0.8350 -0.2436
v -0.1337 0.8264 -0.2206
v -0.1337 0.8264 -0.2205
v -0.1952 0.8546 -0.2394
v -0.1131 0.8441 -0.2747
v -0.1129 0.8442 -0.2747
v -0.0837 0.8144 -0.2568
v -0.1162 0.8185 -0.2202
v -0.1228 0.8244 -0.2226
v -0.1947 0.8307 -0.1925
v -0.1123 0.8389 -0.2763
v -0.1110 0.8414 -0.2755
v -0.1110 0.8414 -0.2755
v -0.0972 0.8276 -0.2716
v -0.0759 0.7977 -0.2598
v -0.0838 0.8145 -0.2561
v -0.0837 0.8140 -0.2518
v -0.1033 0.8293 -0.2381
v -0.1035 0.8291 -0.2383
v -0.1228 0.8245 -0.2226
v -0.1348 0.7862 -0.1940
v -0.8200 -0.0054 -0.3404
v -0.1970 0.8524 -0.2330
v -0.1937 0.8526 -0.2411
v -0.1937 0.8526 -0.2411
v -0.1318 0.8370 -0.2736
v -0.1047 0.8256 -0.2342
v -0.1198 0.8199 -0.2201
v -0.1938 0.8505 -0.2384
v -0.1938 0.8505 -0.2384
v -0.1123 0.8389 -0.2764
v -0.1092 0.8376 -0.2756
v -0.1092 0.8376 -0.2756
v -0.0837 0.8143 -0.2545
v -0.1198 0.8199 -0.2201
v -0.1177 0.8145 -0.2166
v -0.1726 0.7830 0.1350
v 0.1287 0.5939 0.2270
v -0.1284 0.7354 -0.1765
v -0.1351 0.7433 -0.1766
v 0.3452 0.5249 -0.1234
v 0.3704 0.5218 0.0141
v 0.0679 0.7225 -0.2144
v -0.8126 -0.3821 -0.2761
v -0.8126 -0.3824 -0.2761
v -0.1658 0.6385 0.1147
v -0.0547 0.7251 0.2318
v -0.0588 0.7311 0.2277
v -0.0556 0.6819 0.1971
v -0.0595 0.7441 0.2315
v 0.2470 0.5847 0.1028
v 0.0791 0.7226 -0.2501
v 0.0790 0.7269 -0.2506
v 0.0790 0.7269 -0.2506
v -0.2051 0.7033 -0.0094
v -0.1918 0.7211 0.0219
v -0.1834 0.7105 0.0336
v -0.1750 0.5965 0.1035
v -0.1909 0.6897 0.0181
v -0.1932 0.6876 0.0133
v -0.1964 0.6830 0.0026
v -0.1929 0.6804 0.0184
v -0.1520 0.5716 -0.1513
v 0.1852 0.6005 0.1783
v 0.1807 0.6267 0.1683
v 0.3646 0.5239 -0.0332
v 0.3257 0.5371 -0.0377
v 0.0864 0.7709 -0.2078
v 0.0802 0.6424 -0.1994
v 0.2204 0.5971 0.1431
v 0.2355 0.6063 0.1017
v 0.1249 0.6539 -0.1738
v 0.1300 0.6180 -0.1736
v -0.1798 0.6080 -0.1097
v -0.1862 0.6291 -0.0915
v -0.1863 0.6291 -0.0915
v -0.1874 0.6426 -0.0871
v -0.1875 0.6426 -0.0871
v 0.3389 0.5322 -0.0466
v 0.3157 0.5421 -0.0556
v 0.3358 0.5304 -0.0593
v -0.1895 0.6428 -0.0820
v -0.1899 0.6466 -0.0783
v 0.2597 0.5987 -0.0024
v 0.3092 0.5452 -0.0407
v -0.0450 0.6172 0.1906
v -0.0537 0.6199 0.1885
v -0.0586 0.6152 0.1864
v 0.0626 0.4987 -0.1616
v -0.1532 0.5216 -0.1106
v -0.0422 0.5763 0.1885
v 0.1812 0.7297 -0.1814
v -0.1897 0.5501 -0.0430
v -0.0116 0.8341 0.2429
v -0.0042 0.8907 0.3243
v -0.0041 0.8907 0.3243
v -0.0032 0.8907 0.3243
v -0.0035 0.8966 0.3088
v 0.0032 0.8954 0.3118
v -0.0068 0.8955 0.3057
v -0.0068 0.8954 0.3057
v 0.0062 0.8932 0.2997
v -0.0071 0.8910 0.3241
v -0.0085 0.8947 0.3115
v -0.0085 0.8947 0.3115
v -0.0084 0.8949 0.3096
v -0.0084 0.8949 0.3096
v -0.0088 0.8948 0.3077
v -0.0088 0.8948 0.3077
v -0.0079 0.8945 0.3036
v -0.0083 0.8953 0.3035
v -0.0096 0.8943 0.3096
v -0.0096 0.8943 0.3096
v -0.0045 0.8947 0.3008
v -0.0046 0.8950 0.3007
v -0.0007 0.8949 0.3009
v -0.0007 0.8949 0.3010
v 0.0030 0.8904 0.3243
v -0.0109 0.8929 0.3135
v -0.0110 0.8930 0.3135
v -0.0147 0.8899 0.3166
v -0.0209 0.8829 0.2980
v 0.0032 0.8930 0.2982
v -0.0122 0.8911 0.3162
v -0.0121 0.8911 0.3162
v -0.0006 0.8928 0.2965
v -0.0008 0.8930 0.2971
v 0.0008 0.8929 0.2971
v 0.0029 0.8930 0.2981
v 0.0117 0.8913 0.3008
v -0.0139 0.8893 0.3164
v -0.0211 0.8787 0.2884
v 0.0170 0.8879 0.3087
v -0.0048 0.8870 0.3284
v -0.0108 0.8854 0.3266
v -0.0138 0.8885 0.3187
v -0.0079 0.8902 0.2941
v 0.0036 0.8910 0.2948
v 0.0036 0.8911 0.2947
v 0.0040 0.8855 0.3289
v -0.0047 0.8869 0.3283
v -0.0137 0.8884 0.3186
v -0.0160 0.8868 0.3166
v 0.0010 0.8914 0.2941
v 0.0010 0.8911 0.2944
v -0.0159 0.8867 0.3166
v 0.0097 0.8861 0.2910
v 0.0098 0.8862 0.2909
v 0.0126 0.8848 0.2908
v 0.0126 0.8848 0.2908
v 0.0176 0.8808 0.2885
v 0.0206 0.8788 0.2880
v 0.0226 0.8770 0.2861
v 0.0146 0.8833 0.3219
v -0.0046 0.8826 0.3316
v -0.0157 0.8853 0.3191
v -0.0158 0.8854 0.3192
v 0.0139 0.8828 0.2889
v 0.0139 0.8828 0.2889
v 0.0332 0.8697 0.2893
v 0.0231 0.8802 0.3093
v 0.0085 0.8788 0.3296
v -0.0321 0.8695 0.2952
v 0.0176 0.8807 0.2885
v -0.0156 0.8799 0.3235
v -0.0156 0.8799 0.3235
v -0.7997 0.1692 -0.2690
v 0.0194 0.8787 0.2868
v 0.0194 0.8787 0.2868
v 0.0206 0.8788 0.2881
v 0.0224 0.8767 0.2862
v 0.0335 0.8684 0.2831
v -0.0007 0.8765 0.3323
v -0.0128 0.8767 0.3276
v -0.0177 0.8777 0.3210
v -0.0213 0.8739 0.3172
v 0.0200 0.8742 0.2806
v 0.0207 0.8767 0.2848
v 0.0207 0.8767 0.2848
v 0.0224 0.8748 0.2829
v 0.0224 0.8748 0.2829
v 0.0327 0.8655 0.2748
v 0.0376 0.8637 0.2909
v -0.0372 0.8650 0.2829
v -0.7941 0.2072 -0.2249
v -0.0079 0.8738 0.3304
v -0.0177 0.8777 0.3210
v -0.0368 0.8632 0.2723
v 0.0207 0.8752 0.2823
v 0.0207 0.8752 0.2823
v 0.0226 0.8731 0.2802
v 0.0226 0.8731 0.2802
v 0.0318 0.8658 0.2733
v 0.0345 0.8649 0.2760
v 0.0334 0.8691 0.2863
v 0.0201 0.8765 0.3180
v -0.0179 0.8759 0.3213
v -0.0178 0.8759 0.3213
v -0.0195 0.8756 0.3189
v -0.0195 0.8756 0.3189
v -0.0210 0.8737 0.3170
v -0.0325 0.8647 0.3020
v -0.0128 0.8745 0.2792
v 0.0200 0.8742 0.2806
v 0.0275 0.8691 0.2768
v 0.0275 0.8691 0.2768
v 0.0350 0.8646 0.2762
v 0.0335 0.8691 0.2865
v 0.0333 0.8695 0.2880
v 0.0360 0.8623 0.2964
v -0.0217 0.8719 0.3171
v 0.0233 0.8708 0.2772
v 0.0234 0.8710 0.2771
v 0.0283 0.8675 0.2747
v 0.0283 0.8675 0.2747
v 0.0299 0.8648 0.2715
v 0.0300 0.8650 0.2713
v 0.0372 0.8631 0.2769
v 0.0373 0.8632 0.2768
v 0.0363 0.8644 0.2782
v 0.0363 0.8643 0.2783
v -0.0214 0.8718 0.3169
v -0.0315 0.8619 0.3050
v 0.0263 0.8672 0.2732
v 0.0263 0.8672 0.2731
v 0.0371 0.8647 0.2835
v 0.0370 0.8646 0.2835
v 0.0247 0.8667 0.3109
v -0.0264 0.8621 0.3115
v -0.0257 0.8664 0.3122
v -0.0256 0.8663 0.3121
v -0.0254 0.8656 0.3128
v -0.0254 0.8656 0.3127
v -0.0336 0.8616 0.2672
v 0.0475 0.8467 0.2627
v 0.0385 0.8624 0.2862
v -0.0059 0.8652 0.3243
v -0.0261 0.8643 0.3117
v -0.0261 0.8643 0.3117
v 0.0385 0.8624 0.2862
v 0.0373 0.8635 0.2911
v 0.0359 0.8603 0.2958
v 0.0130 0.8728 0.3252
v 0.0031 0.8662 0.3248
v -0.0262 0.8622 0.3113
v -0.0308 0.8604 0.3056
v -0.0319 0.8617 0.3053
v 0.0228 0.8637 0.2675
v 0.0357 0.8493 0.2548
v 0.0367 0.8620 0.2963
v 0.0325 0.8578 0.2993
v -0.0308 0.8604 0.3056
v -0.0432 0.8567 0.2693
v -0.0447 0.8496 0.2583
v -0.0364 0.8529 0.2580
v 0.0464 0.8426 0.2552
v 0.0470 0.8451 0.2600
v 0.0471 0.8458 0.2614
v 0.0372 0.8597 0.2932
v 0.0365 0.8622 0.2939
v -0.0246 0.8546 0.3084
v -0.0334 0.8602 0.3014
v -0.0334 0.8602 0.3014
v 0.0472 0.8458 0.2615
v 0.0372 0.8597 0.2932
v 0.0358 0.8603 0.2957
v -0.0354 0.8554 0.2973
v -0.0333 0.8583 0.3013
v -0.0333 0.8583 0.3013
v -0.0333 0.8583 0.3013
v -0.0365 0.8583 0.2960
v -0.0410 0.8563 0.2875
v 0.0371 0.8583 0.2935
v 0.0370 0.8583 0.2934
v -0.0365 0.8583 0.2960
v -0.0470 0.8509 0.2667
v 0.0183 0.8478 0.2505
v 0.0537 0.8318 0.2554
v 0.0453 0.8520 0.2735
v 0.0389 0.8565 0.2900
v 0.0387 0.8564 0.2901
v 0.0376 0.8544 0.2914
v 0.0376 0.8544 0.2914
v 0.0376 0.8564 0.2921
v 0.0376 0.8564 0.2921
v -0.0336 0.8526 0.2979
v -0.0352 0.8554 0.2971
v -0.0389 0.8576 0.2913
v -0.0431 0.8383 0.2454
v -0.0261 0.8451 0.2511
v 0.0386 0.8545 0.2899
v 0.0386 0.8545 0.2899
v 0.0375 0.8526 0.2907
v 0.0373 0.8527 0.2904
v 0.0237 0.8541 0.3009
v -0.0160 0.8527 0.3095
v -0.0375 0.8564 0.2943
v -0.0375 0.8564 0.2943
v -0.0389 0.8576 0.2913
v -0.0469 0.8507 0.2745
v -0.0469 0.8509 0.2667
v 0.0585 0.8123 0.2458
v 0.0514 0.8238 0.2443
v 0.0536 0.8310 0.2626
v -0.0342 0.8502 0.2956
v -0.0355 0.8522 0.2957
v -0.0355 0.8522 0.2957
v -0.0355 0.8522 0.2957
v -0.0355 0.8522 0.2957
v -0.0390 0.8563 0.2918
v -0.0389 0.8563 0.2917
v -0.0415 0.8572 0.2849
v -0.0415 0.8572 0.2849
v -0.0467 0.8513 0.2711
v -0.0467 0.8512 0.2711
v -0.0492 0.8458 0.2608
v -0.0489 0.8456 0.2608
v 0.0394 0.8360 0.2451
v 0.0523 0.8001 0.2311
v -0.0409 0.8563 0.2875
v -0.0464 0.8498 0.2752
v -0.0521 0.8325 0.2476
v 0.0514 0.8294 0.2690
v 0.0434 0.8424 0.2792
v -0.0362 0.8460 0.2919
v -0.0342 0.8502 0.2956
v -0.0432 0.8533 0.2851
v -0.0430 0.8542 0.2840
v -0.0422 0.8537 0.2841
v -0.0454 0.8521 0.2792
v -0.0454 0.8521 0.2792
v -0.0471 0.8496 0.2756
v -0.0470 0.8498 0.2774
v -0.0468 0.8497 0.2773
v -0.0526 0.8376 0.2661
v -0.0508 0.8422 0.2598
v -0.0506 0.8421 0.2598
v 0.0581 0.7854 0.2269
v 0.0365 0.8425 0.2845
v 0.0386 0.8462 0.2855
v 0.0386 0.8462 0.2855
v -0.0346 0.8477 0.2935
v -0.0345 0.8478 0.2935
v -0.0449 0.8517 0.2813
v -0.0449 0.8517 0.2813
v -0.0509 0.8408 0.2567
v -0.0510 0.8408 0.2567
v -0.8320 0.1431 0.1690
v 0.0363 0.8464 0.2872
v 0.0363 0.8464 0.2872
v 0.0342 0.8423 0.2851
v -0.0456 0.8190 0.2341
v 0.0405 0.8370 0.2792
v 0.0363 0.8428 0.2841
v -0.0360 0.8463 0.2915
v -0.0482 0.8400 0.2799
v -0.0518 0.8389 0.2568
v -0.0518 0.8389 0.2568
v -0.0297 0.8294 0.2369
v 0.0356 0.8405 0.2833
v 0.0356 0.8405 0.2833
v -0.0104 0.8429 0.2966
v -0.0530 0.8361 0.2558
v -0.0521 0.8359 0.2555
v -0.0527 0.8361 0.2546
v -0.0578 0.8058 0.2403
v 0.0635 0.7895 0.2445
v 0.0606 0.8075 0.2548
v 0.0342 0.8423 0.2851
v 0.0322 0.8409 0.2847
v 0.0088 0.8420 0.2889
v -0.0188 0.8365 0.2895
v -0.0367 0.8439 0.2895
v -0.0367 0.8439 0.2895
v -0.0547 0.8301 0.2529
v -0.0547 0.8301 0.2529
v -0.0558 0.8247 0.2510
v -0.0558 0.8247 0.2510
v -0.0569 0.8187 0.2486
v -0.0539 0.7975 0.2299
v 0.0503 0.7827 0.2211
v 0.0498 0.8238 0.2706
v 0.0426 0.8221 0.2734
v 0.0322 0.8408 0.2847
v 0.0257 0.8431 0.2883
v 0.0257 0.8431 0.2883
v 0.0217 0.8416 0.2873
v 0.0217 0.8416 0.2873
v -0.0478 0.8321 0.2776
v -0.0558 0.8260 0.2529
v -0.0557 0.8259 0.2529
v -0.0569 0.8203 0.2509
v -0.0568 0.8202 0.2509
v -0.0568 0.8187 0.2486
v 0.0624 0.7911 0.2370
v 0.0256 0.8402 0.2856
v -0.0383 0.8422 0.2877
v -0.0383 0.8422 0.2877
v 0.0305 0.8191 0.2354
v 0.0315 0.8281 0.2770
v 0.0256 0.8403 0.2856
v -0.0371 0.8388 0.2857
v -0.0586 0.8111 0.2491
v -0.8436 0.0225 0.2597
v 0.0602 0.7951 0.2546
v 0.0227 0.8399 0.2856
v 0.0227 0.8399 0.2856
v 0.0152 0.8366 0.2834
v -0.0585 0.8111 0.2492
v 0.0008 0.8098 0.2316
v 0.0132 0.8291 0.2778
v 0.0197 0.8375 0.2837
v 0.0197 0.8375 0.2837
v -0.0371 0.8387 0.2857
v -0.0604 0.7929 0.2475
v -0.0592 0.8047 0.2468
v -0.0588 0.8079 0.2470
v -0.0588 0.8079 0.2470
v 0.1735 0.6918 0.1659
v 0.0837 0.7445 0.2300
v 0.2293 0.6151 -0.1237
v -0.1860 0.5692 -0.0888
v -0.1961 0.5576 -0.0254
v 0.1248 0.5206 -0.1453
v 0.1586 0.7384 0.1801
v 0.1480 0.5658 -0.1533
v -0.1184 0.4953 -0.1132
v 0.2491 0.5950 -0.0957
v 0.2491 0.5950 -0.0957
v 0.2469 0.6035 -0.0869
v 0.2469 0.6035 -0.0869
v 0.1551 0.8187 -0.2427
v 0.0265 0.4649 -0.1077
v -0.0132 0.4574 -0.0864
v 0.1816 0.7230 0.1596
v 0.0864 0.4952 -0.1436
v -0.0791 0.4705 -0.0918
v -0.1241 0.4885 -0.0870
v 0.1704 0.5867 -0.1314
v -0.0889 0.4637 -0.0314
v -0.0885 0.4688 -0.0682
v 0.1429 0.7312 -0.1600
v -0.0391 0.4528 -0.0424
v -0.1188 0.4776 -0.0529
v -0.1562 0.5044 0.0495
v 0.0326 0.5248 0.1694
v 0.1801 0.7872 0.1787
v 0.1801 0.7872 0.1786
v 0.1327 0.5031 -0.1110
v -0.1506 0.4965 -0.0587
v -0.1583 0.4976 -0.0285
v 0.1325 0.8219 -0.2604
v 0.1064 0.4874 -0.1099
v 0.1035 0.4778 -0.0825
v -0.1406 0.4846 -0.0145
v -0.1177 0.4736 0.0012
v 0.0699 0.5486 0.1711
v 0.1481 0.7906 0.1995
v 0.2356 0.6525 -0.0782
v 0.1865 0.7280 -0.1492
v 0.1857 0.7286 -0.1485
v 0.1705 0.7219 -0.1439
v -0.0342 0.4507 0.0348
v 0.0989 0.5853 0.1669
v 0.1375 0.8521 -0.2393
v 0.1232 0.4911 -0.0970
v -0.1407 0.4887 0.0351
v 0.0392 0.4487 0.0127
v -0.1059 0.4780 0.0650
v -0.0298 0.4548 0.0547
v 0.1850 0.6607 -0.0886
v 0.1995 0.7868 0.1580
v -0.0697 0.4740 0.0881
v 0.1869 0.6266 -0.0996
v 0.1674 0.5086 -0.0496
v 0.0311 0.4691 0.0944
v 0.0999 0.7231 0.1604
v 0.1581 0.7050 0.1271
v 0.1093 0.7217 0.1539
v 0.1743 0.5146 0.0200
v 0.2660 0.8122 0.0633
v 0.0941 0.5022 0.1250
v 0.1880 0.7336 0.1224
v 0.1592 0.7914 0.1454
v 0.1764 0.7913 0.1382
v 0.1694 0.8209 0.1603
v 0.1649 0.8732 0.2092
v 0.1649 0.8732 0.2092
v 0.1854 0.8457 0.1727
v 0.1827 0.8604 0.1857
v 0.1960 0.8702 0.2246
v 0.1756 0.8936 0.2293
v 0.1711 0.8871 0.2481
v 0.1817 0.8848 0.2468
v 0.1829 0.8910 0.2284
v 0.1902 0.8835 0.2264
v 0.1860 0.8852 0.2168
v 0.1895 0.8824 0.2397
v 0.1617 0.8885 0.2422
v 0.1777 0.8909 0.2212
v 0.1841 0.8871 0.2186
v 0.1841 0.8871 0.2186
v 0.1810 0.8890 0.2191
v 0.1833 0.8869 0.2171
v 0.1833 0.8869 0.2171
v 0.1851 0.8850 0.2156
v 0.1854 0.8855 0.2153
v 0.1858 0.8850 0.2168
v 0.1537 0.8827 0.2471
v -0.8124 -0.0537 0.3731
v 0.1810 0.8890 0.2191
v 0.1823 0.8869 0.2162
v 0.1823 0.8870 0.2162
v 0.1628 0.8829 0.2535
v 0.1656 0.8890 0.2285
v 0.1750 0.8909 0.2224
v 0.1749 0.8910 0.2223
v 0.1802 0.8888 0.2184
v 0.1802 0.8888 0.2184
v 0.1807 0.8870 0.2154
v 0.1807 0.8869 0.2154
v 0.1883 0.8810 0.2139
v 0.1884 0.8811 0.2139
v 0.1949 0.8708 0.2464
v 0.1564 0.8860 0.2368
v 0.1787 0.8834 0.2103
v 0.1807 0.8848 0.2122
v 0.1807 0.8853 0.2119
v 0.1460 0.8772 0.2315
v 0.1721 0.8862 0.2157
v 0.1765 0.8828 0.2102
v 0.1895 0.8692 0.1974
v 0.1737 0.8795 0.2565
v 0.1411 0.8742 0.2403
v 0.1655 0.8891 0.2282
v 0.1765 0.8829 0.2101
v 0.1787 0.8835 0.2102
v 0.1891 0.8737 0.2520
v 0.1723 0.8852 0.2153
v 0.1919 0.8754 0.2109
v 0.1731 0.8835 0.2129
v 0.1731 0.8835 0.2129
v 0.1920 0.8755 0.2108
v 0.1936 0.8731 0.2127
v 0.1969 0.8680 0.2386
v 0.1970 0.8681 0.2386
v 0.1674 0.8738 0.2593
v 0.1539 0.8752 0.2551
v 0.1265 0.8653 0.2341
v 0.1716 0.8810 0.2109
v 0.1717 0.8809 0.2110
v 0.1696 0.8792 0.2108
v 0.1761 0.8669 0.1943
v 0.1967 0.8621 0.2342
v 0.1970 0.8661 0.2393
v 0.1384 0.8674 0.2482
v 0.1590 0.8792 0.2208
v 0.1699 0.8755 0.2071
v 0.1698 0.8756 0.2070
v 0.1741 0.8655 0.1936
v 0.1937 0.8716 0.2094
v 0.1936 0.8732 0.2127
v 0.1958 0.8701 0.2246
v 0.1960 0.8682 0.2232
v 0.1960 0.8682 0.2232
v 0.1965 0.8621 0.2343
v 0.1965 0.8641 0.2413
v 0.1969 0.8661 0.2393
v 0.1961 0.8661 0.2432
v 0.1961 0.8661 0.2432
v 0.1892 0.8722 0.2519
v 0.1221 0.8614 0.2431
v 0.1262 0.8655 0.2393
v 0.1219 0.8621 0.2431
v 0.1263 0.8654 0.2393
v 0.1696 0.8792 0.2108
v 0.1728 0.8490 0.1778
v 0.1937 0.8716 0.2094
v 0.1947 0.8708 0.2143
v 0.1947 0.8708 0.2144
v 0.1960 0.8633 0.2175
v 0.1958 0.8607 0.2324
v 0.1948 0.8606 0.2324
v 0.1957 0.8607 0.2293
v 0.1957 0.8607 0.2293
v 0.1958 0.8594 0.2325
v 0.1957 0.8605 0.2356
v 0.1956 0.8606 0.2355
v 0.1963 0.8642 0.2413
v 0.1960 0.8647 0.2445
v 0.1956 0.8649 0.2443
v 0.1956 0.8649 0.2443
v 0.1918 0.8649 0.2503
v 0.1896 0.8710 0.2521
v 0.1896 0.8711 0.2521
v 0.1897 0.8702 0.2525
v 0.1593 0.8667 0.2590
v 0.1266 0.8652 0.2341
v 0.1578 0.8775 0.2201
v 0.1578 0.8775 0.2201
v 0.1656 0.8771 0.2124
v 0.1655 0.8771 0.2124
v 0.1645 0.8573 0.1918
v 0.1736 0.8650 0.1936
v 0.1923 0.8541 0.1817
v 0.1936 0.8573 0.2280
v 0.1936 0.8573 0.2280
v 0.1959 0.8623 0.2405
v 0.1958 0.8623 0.2405
v 0.1920 0.8648 0.2507
v 0.1800 0.8685 0.2581
v 0.1282 0.8653 0.2306
v 0.1282 0.8653 0.2306
v 0.1554 0.8770 0.2217
v 0.1554 0.8770 0.2217
v 0.1590 0.8792 0.2208
v 0.1717 0.8635 0.1931
v 0.1848 0.8158 0.1521
v 0.1951 0.8604 0.2248
v 0.1951 0.8604 0.2248
v 0.1907 0.8565 0.2412
v 0.1898 0.8622 0.2503
v 0.1406 0.8623 0.2520
v 0.1144 0.8565 0.2356
v 0.1516 0.8753 0.2230
v 0.1516 0.8753 0.2230
v 0.1614 0.8772 0.2165
v 0.1614 0.8772 0.2165
v 0.1623 0.8750 0.2135
v 0.1624 0.8749 0.2136
v 0.1952 0.8620 0.1947
v 0.1940 0.8583 0.2240
v 0.1940 0.8583 0.2240
v 0.1221 0.8573 0.2241
v 0.1432 0.8710 0.2246
v 0.1432 0.8710 0.2246
v 0.1466 0.8732 0.2246
v 0.1466 0.8732 0.2246
v 0.1551 0.8753 0.2201
v 0.1551 0.8753 0.2201
v 0.1438 0.8426 0.1981
v 0.1939 0.8583 0.2204
v 0.1936 0.8585 0.2204
v 0.1219 0.8580 0.2474
v 0.1217 0.8581 0.2475
v 0.1040 0.8446 0.2314
v 0.1291 0.8633 0.2260
v 0.1295 0.8628 0.2263
v 0.1398 0.8690 0.2247
v 0.1398 0.8690 0.2247
v 0.1458 0.8709 0.2226
v 0.1458 0.8709 0.2226
v 0.1493 0.8731 0.2224
v 0.1493 0.8732 0.2224
v 0.1980 0.8508 0.1834
v 0.1998 0.8522 0.1980
v 0.1628 0.8607 0.2576
v 0.1422 0.8566 0.2527
v 0.1342 0.8651 0.2240
v 0.1341 0.8651 0.2240
v 0.1428 0.8033 0.1637
v 0.1945 0.8270 0.1610
v 0.1733 0.8405 0.2237
v 0.1806 0.8594 0.2532
v 0.1028 0.8420 0.2433
v 0.1424 0.8686 0.2223
v 0.1424 0.8685 0.2223
v 0.1965 0.8551 0.2079
v 0.1937 0.8561 0.2143
v 0.1937 0.8561 0.2144
v 0.1289 0.8578 0.2502
v 0.1288 0.8579 0.2503
v 0.1250 0.8559 0.2502
v 0.1250 0.8559 0.2503
v 0.1432 0.7772 0.1499
v 0.1575 0.7735 0.1380
v 0.1771 0.7712 0.1287
v 0.1874 0.7822 0.1315
v 0.1877 0.8502 0.2173
v 0.1625 0.7557 0.1303
v 0.1917 0.8113 0.1490
v 0.2004 0.8286 0.1677
v 0.2020 0.8457 0.1860
v 0.1751 0.8473 0.2376
v 0.1535 0.8470 0.2469
v 0.1462 0.8519 0.2515
v 0.1358 0.8577 0.2520
v 0.1358 0.8576 0.2520
v 0.1338 0.8584 0.2513
v 0.1338 0.8584 0.2513
v 0.1253 0.8514 0.2522
v 0.1151 0.8485 0.2500
v 0.1024 0.8361 0.2222
v 0.1387 0.8492 0.2082
v 0.1285 0.8527 0.2520
v 0.1285 0.8525 0.2515
v 0.1253 0.8514 0.2521
v 0.1813 0.7512 0.1231
v 0.1919 0.8514 0.2122
v 0.1918 0.8514 0.2123
v 0.1777 0.7145 0.1229
v 0.1938 0.8521 0.2104
v 0.1938 0.8521 0.2104
v 0.1240 0.8486 0.2525
v 0.1230 0.8496 0.2521
v 0.1230 0.8496 0.2521
v 0.1215 0.8481 0.2521
v 0.1215 0.8481 0.2521
v 0.1199 0.8451 0.2520
v 0.1150 0.8417 0.2516
v 0.0874 0.8215 0.2384
v 0.1325 0.7426 0.1471
v 0.1175 0.7484 0.1643
v 0.2004 0.7983 0.1462
v 0.1957 0.8449 0.2030
v 0.1937 0.8510 0.2097
v 0.1936 0.8510 0.2097
v 0.1240 0.8486 0.2524
v 0.1235 0.8465 0.2527
v 0.1235 0.8465 0.2526
v 0.1198 0.8452 0.2522
v 0.1160 0.8404 0.2517
v 0.0885 0.8237 0.2309
v 0.2521 0.8066 -0.1274
v 0.2521 0.8066 -0.1274
v 0.1312 0.5129 0.1088
v 0.2717 0.8233 0.0660
v 0.2717 0.8233 0.0660
v 0.2731 0.8245 0.0647
v 0.2734 0.8243 0.0648
v 0.2842 0.8367 0.0651
v 0.2842 0.8367 0.0651
v 0.2880 0.8439 0.0753
v 0.1732 0.6981 0.1038
v 0.1894 0.6445 0.0670
v 0.2066 0.7934 0.0793
v 0.2053 0.7100 -0.0061
v 0.2229 0.7428 -0.0191
v 0.2232 0.7197 -0.0191
v 0.2224 0.7150 -0.0193
v 0.2233 0.7239 -0.0205
v 0.2227 0.7257 -0.0205
v 0.2233 0.7431 -0.0203
v 0.2195 0.7139 -0.0173
v 0.2230 0.7163 -0.0204
v 0.2211 0.7446 -0.0214
v 0.2230 0.7432 -0.0191
v 0.2135 0.7771 0.0420
v 0.2314 0.8193 0.0331
v 0.2996 0.8941 0.0762
v 0.2982 0.8894 0.0614
v 0.2897 0.8907 0.0793
v 0.3079 0.8918 0.0689
v 0.3075 0.8884 0.0607
v 0.2796 0.8849 0.0851
v 0.2869 0.8826 0.0628
v 0.3089 0.8895 0.0833
v 0.2881 0.8751 0.0418
v 0.3056 0.8823 0.0508
v -0.7772 -0.5628 -0.0894
v 0.3165 0.8841 0.0770
v 0.2945 0.8908 0.0859
v 0.3152 0.8832 0.0645
v 0.2854 0.8863 0.0906
v 0.2914 0.8753 0.0411
v 0.2636 0.8652 0.0710
v 0.2640 0.8712 0.0837
v 0.2653 0.8728 0.0856
v 0.2625 0.8652 0.0732
v 0.2654 0.8728 0.0856
v 0.2630 0.8628 0.0643
v 0.3192 0.8765 0.0734
v 0.2646 0.8713 0.0948
v 0.2654 0.8731 0.0903
v 0.2633 0.8715 0.0888
v 0.2632 0.8716 0.0888
v 0.2637 0.8716 0.0837
v 0.3118 0.8722 0.0488
v 0.3175 0.8769 0.0840
v 0.3119 0.8838 0.0873
v 0.2950 0.8864 0.0922
v 0.2654 0.8731 0.0903
v 0.2656 0.8618 0.0432
v 0.2929 0.8752 0.0409
v -0.8009 -0.4777 -0.1922
v 0.3000 0.8740 0.0406
v 0.2642 0.8716 0.0930
v 0.2642 0.8716 0.0930
v 0.2624 0.8652 0.0732
v 0.2636 0.8653 0.0710
v 0.2629 0.8629 0.0643
v 0.2617 0.8634 0.0705
v 0.2617 0.8634 0.0705
v 0.2656 0.8618 0.0432
v 0.2655 0.8600 0.0345
v 0.2655 0.8600 0.0345
v 0.2655 0.8593 0.0320
v 0.3182 0.8720 0.0642
v 0.2647 0.8712 0.0947
v 0.2406 0.8440 0.0675
v 0.2631 0.8615 0.0554
v 0.2631 0.8615 0.0554
v 0.2634 0.8589 0.0372
v 0.2634 0.8590 0.0372
v 0.2655 0.8593 0.0320
v 0.2635 0.8576 0.0311
v 0.2636 0.8576 0.0311
v 0.2942 0.8751 0.0408
v 0.3153 0.8731 0.0884
v 0.3146 0.8733 0.0879
v 0.3149 0.8767 0.0883
v 0.2997 0.8810 0.0945
v 0.2624 0.8682 0.0977
v 0.2637 0.8564 0.0276
v 0.2637 0.8564 0.0276
v 0.2654 0.8577 0.0275
v 0.2654 0.8577 0.0275
v 0.2929 0.8694 0.0350
v 0.3168 0.8659 0.0755
v 0.2626 0.8678 0.0975
v 0.2409 0.8509 0.1062
v 0.2462 0.8432 0.0390
v 0.2521 0.8423 0.0197
v 0.2641 0.8555 0.0245
v 0.2641 0.8555 0.0245
v 0.2789 0.8671 0.0329
v 0.2790 0.8669 0.0331
v 0.2866 0.8687 0.0334
v 0.2791 0.8723 0.1020
v 0.2626 0.8653 0.1030
v 0.2652 0.8560 0.0229
v 0.2821 0.8671 0.0321
v 0.2866 0.8680 0.0341
v 0.2872 0.8676 0.0316
v 0.2929 0.8694 0.0351
v 0.2970 0.8698 0.0367
v 0.2970 0.8698 0.0367
v 0.3130 0.8706 0.0882
v 0.3059 0.8688 0.0922
v 0.2377 0.8497 0.0970
v 0.2653 0.8558 0.0231
v 0.2669 0.8583 0.0248
v 0.2672 0.8578 0.0249
v 0.2772 0.8654 0.0310
v 0.2775 0.8655 0.0310
v 0.2803 0.8657 0.0306
v 0.2803 0.8657 0.0306
v 0.2895 0.8683 0.0335
v 0.2938 0.8684 0.0347
v 0.2938 0.8684 0.0347
v 0.2956 0.8677 0.0349
v 0.2956 0.8677 0.0348
v 0.3010 0.8667 0.0369
v 0.3050 0.8654 0.0388
v 0.3070 0.8653 0.0408
v 0.3127 0.8642 0.0496
v 0.2343 0.8447 0.0880
v 0.2677 0.8574 0.0235
v 0.2677 0.8574 0.0235
v 0.2696 0.8594 0.0255
v 0.2696 0.8594 0.0255
v 0.2821 0.8672 0.0320
v 0.2870 0.8667 0.0318
v 0.2988 0.8691 0.0370
v 0.2988 0.8691 0.0370
v 0.3009 0.8667 0.0369
v 0.3089 0.8646 0.0426
v 0.3126 0.8642 0.0497
v 0.3144 0.8631 0.0576
v 0.3110 0.8612 0.0817
v 0.2849 0.8693 0.1024
v 0.2649 0.8636 0.1062
v 0.2637 0.8654 0.1038
v 0.2625 0.8654 0.1031
v 0.2543 0.8399 0.0136
v 0.2707 0.8537 0.0160
v 0.2725 0.8611 0.0265
v 0.2724 0.8614 0.0265
v 0.3049 0.8654 0.0390
v 0.3087 0.8645 0.0427
v 0.3098 0.8640 0.0424
v 0.3095 0.8638 0.0425
v 0.3130 0.8632 0.0511
v 0.3129 0.8633 0.0511
v 0.3144 0.8630 0.0576
v 0.3148 0.8628 0.0650
v 0.3149 0.8627 0.0650
v 0.2892 0.8575 0.0266
v 0.3031 0.8637 0.0371
v 0.3031 0.8636 0.0372
v 0.3070 0.8653 0.0408
v 0.3092 0.8573 0.0459
v 0.3124 0.8623 0.0500
v 0.3123 0.8624 0.0501
v 0.3128 0.8615 0.0533
v 0.3128 0.8615 0.0532
v 0.3049 0.8676 0.0920
v 0.2946 0.8647 0.0969
v 0.2637 0.8654 0.1038
v 0.3052 0.8642 0.0389
v 0.3052 0.8642 0.0389
v 0.3132 0.8604 0.0683
v 0.3133 0.8604 0.0683
v 0.3132 0.8606 0.0713
v 0.3132 0.8606 0.0713
v 0.3032 0.8647 0.0914
v 0.3047 0.8673 0.0919
v 0.2867 0.8613 0.1016
v 0.2637 0.8637 0.1056
v 0.2637 0.8637 0.1056
v 0.2623 0.8634 0.1052
v 0.2623 0.8634 0.1052
v 0.2218 0.8089 0.0597
v 0.3117 0.8589 0.0711
v 0.3015 0.8507 0.0726
v 0.3036 0.8654 0.0915
v 0.2649 0.8635 0.1062
v 0.2473 0.8511 0.1112
v 0.2232 0.8237 0.0828
v 0.2762 0.8516 0.0151
v 0.2945 0.8515 0.0287
v 0.3069 0.8551 0.0734
v -0.8180 -0.2993 -0.3190
v 0.2666 0.8623 0.1075
v 0.2666 0.8623 0.1075
v 0.2624 0.8614 0.1073
v 0.2624 0.8614 0.1073
v 0.2296 0.8013 0.0117
v 0.2942 0.8432 0.0328
v 0.2927 0.8576 0.0921
v 0.2785 0.8590 0.1064
v 0.2636 0.8614 0.1077
v 0.2636 0.8614 0.1077
v 0.2021 0.7491 0.0088
v 0.2015 0.7391 0.0012
v 0.1967 0.7449 0.0242
v 0.1969 0.7446 0.0238
v 0.1951 0.7199 0.0091
v 0.1973 0.7485 0.0395
v 0.1969 0.7417 0.0144
v 0.1866 0.7299 0.0505
v 0.2197 0.7512 -0.0150
v 0.2272 0.7747 -0.0111
v 0.1969 0.7456 0.0277
v 0.1883 0.7167 0.0254
v -0.8068 -0.0273 -0.3806
v 0.2164 0.7681 0.0048
v 0.3119 0.8587 0.0711
v 0.3070 0.8550 0.0734
v 0.2695 0.8573 0.1097
v 0.2695 0.8573 0.1097
v 0.2684 0.8584 0.1095
v 0.2686 0.8604 0.1087
v 0.2686 0.8604 0.1087
v 0.2665 0.8589 0.1096
v 0.2666 0.8589 0.1095
v -0.8252 -0.0359 -0.3388
v 0.3048 0.8532 0.0715
v 0.3048 0.8532 0.0715
v 0.2684 0.8584 0.1095
v 0.2273 0.8360 0.1060
v -0.8111 0.0957 -0.3086
v 0.2227 0.7161 -0.0203
v 0.2615 0.8437 0.0110
v 0.3012 0.8512 0.0725
v 0.2685 0.8526 0.1108
v 0.1958 0.7508 0.0619
v 0.1796 0.6914 0.0723
v 0.2149 0.7125 -0.0137
v 0.2209 0.7158 -0.0181
v 0.2224 0.7149 -0.0195
v 0.2224 0.7149 -0.0195
v 0.2224 0.7149 -0.0195
v 0.2229 0.7151 -0.0201
v 0.2223 0.7169 -0.0214
v 0.2226 0.7161 -0.0218
v 0.2176 0.7546 -0.0301
v 0.2223 0.7448 -0.0198
v 0.2231 0.7432 -0.0202
v 0.2420 0.8108 0.0006
v 0.2656 0.8329 0.0027
v 0.2660 0.8458 0.1117
v 0.2686 0.8527 0.1111
v 0.2509 0.8487 0.1138
v 0.1824 0.7312 0.0732
v 0.1814 0.6733 0.0660
v 0.1864 0.6856 0.0448
v 0.2213 0.7141 -0.0190
v 0.2213 0.7141 -0.0190
v 0.2213 0.7141 -0.0190
v 0.2213 0.7141 -0.0190
v 0.2213 0.7141 -0.0190
v 0.2217 0.7160 -0.0214
v 0.2243 0.7440 -0.0196
v 0.2243 0.7439 -0.0197
v 0.2244 0.7439 -0.0196
v 0.2243 0.7439 -0.0195
v 0.2997 0.8498 0.0707
v 0.2997 0.8498 0.0707
v 0.2980 0.8484 0.0699
v -0.7867 0.2027 -0.2620
v 0.2187 0.7110 -0.0176
v 0.2189 0.7121 -0.0175
v 0.2189 0.7121 -0.0175
v 0.2189 0.7121 -0.0175
v 0.2194 0.7139 -0.0174
v 0.2195 0.7139 -0.0187
v 0.2202 0.7139 -0.0180
v 0.2210 0.7118 -0.0181
v 0.2204 0.7127 -0.0192
v 0.2207 0.7129 -0.0198
v 0.2207 0.7129 -0.0198
v 0.2207 0.7129 -0.0198
v 0.2202 0.7144 -0.0204
v 0.2212 0.7141 -0.0204
v 0.2212 0.7141 -0.0204
v 0.2150 0.7177 -0.0292
v 0.2253 0.7511 -0.0205
v 0.2253 0.7510 -0.0191
v 0.2802 0.8518 0.1014
v 0.2667 0.8504 0.1120
v 0.2665 0.8504 0.1111
v 0.1995 0.7794 0.0822
v 0.1849 0.6737 0.0550
v 0.1849 0.6737 0.0550
v 0.1855 0.6699 0.0558
v 0.1855 0.6699 0.0558
v 0.1889 0.6701 0.0452
v 0.1869 0.6821 0.0448
v 0.1877 0.6775 0.0446
v 0.1877 0.6769 0.0447
v 0.1992 0.6742 0.0090
v 0.2027 0.6746 -0.0035
v 0.2167 0.7081 -0.0167
v 0.2187 0.7105 -0.0165
v 0.2175 0.7101 -0.0171
v 0.2183 0.7114 -0.0186
v 0.2187 0.7110 -0.0179
v 0.2188 0.7108 -0.0185
v 0.2180 0.7097 -0.0186
v 0.2198 0.7121 -0.0186
v 0.2198 0.7121 -0.0186
v 0.2198 0.7121 -0.0186
v 0.2198 0.7121 -0.0186
v 0.2194 0.7121 -0.0205
v 0.2194 0.7121 -0.0205
v 0.2197 0.7118 -0.0206
v 0.2063 0.7359 -0.0451
v 0.2252 0.7511 -0.0191
v 0.2449 0.8053 -0.0067
v 0.2980 0.8484 0.0699
v 0.2663 0.8459 0.1120
v 0.1798 0.6739 0.0745
v 0.1819 0.6734 0.0661
v 0.1834 0.6701 0.0628
v 0.1834 0.6701 0.0628
v 0.1885 0.6702 0.0460
v 0.1915 0.6702 0.0368
v 0.1915 0.6702 0.0368
v 0.1914 0.6745 0.0345
v 0.1914 0.6745 0.0345
v 0.2169 0.7087 -0.0174
v 0.2180 0.7097 -0.0186
v 0.2180 0.7097 -0.0186
v 0.2189 0.7109 -0.0198
v 0.2189 0.7109 -0.0198
v 0.2189 0.7109 -0.0198
v 0.2164 0.7132 -0.0250
v 0.2253 0.7510 -0.0205
v 0.2248 0.7511 -0.0204
v 0.2522 0.8426 0.1156
v 0.1794 0.6815 0.0740
v 0.1794 0.6815 0.0740
v 0.1799 0.6619 0.0808
v 0.1944 0.6737 0.0253
v 0.2069 0.6870 -0.0134
v -0.7834 0.2726 0.0380
v 0.2142 0.7042 -0.0166
v 0.2142 0.7042 -0.0166
v 0.2157 0.7064 -0.0186
v 0.2130 0.7016 -0.0184
v 0.2175 0.7100 -0.0206
v 0.2175 0.7100 -0.0206
v 0.2175 0.7100 -0.0206
v 0.2055 0.7426 -0.0530
v 0.2263 0.7517 -0.0197
v 0.2263 0.7517 -0.0197
v 0.2263 0.7517 -0.0196
v 0.2263 0.7517 -0.0196
v 0.2261 0.7513 -0.0193
v 0.2263 0.7517 -0.0195
v 0.2254 0.7510 -0.0191
v 0.2254 0.7510 -0.0191
v 0.2906 0.8435 0.0243
v 0.2934 0.8403 0.0456
v 0.2959 0.8457 0.0649
v 0.2959 0.8457 0.0649
v 0.2643 0.8460 0.1122
v 0.2643 0.8460 0.1122
v 0.2270 0.8301 0.1163
v 0.1835 0.7410 0.1014
v 0.1799 0.6739 0.0746
v 0.1944 0.6691 0.0287
v 0.1944 0.6691 0.0287
v 0.2122 0.7010 -0.0156
v 0.2130 0.7007 -0.0151
v 0.2120 0.7001 -0.0166
v 0.2289 0.7814 -0.0368
v 0.2111 0.7575 -0.0641
v 0.2244 0.7877 -0.0574
v 0.2489 0.8302 -0.0522
v 0.2753 0.8807 -0.1174
v 0.3011 0.8890 -0.1014
v 0.3009 0.8887 -0.1015
v 0.3052 0.8890 -0.1052
v 0.3053 0.8892 -0.1051
v 0.2977 0.8888 -0.0995
v 0.2913 0.8929 -0.1123
v 0.3046 0.8909 -0.1089
v 0.3046 0.8908 -0.1089
v 0.3067 0.8890 -0.1076
v 0.3069 0.8893 -0.1075
v 0.2977 0.8875 -0.0952
v 0.2977 0.8888 -0.0995
v 0.2950 0.8942 -0.1123
v 0.3086 0.8882 -0.1122
v 0.3091 0.8886 -0.1123
v 0.3087 0.8887 -0.1113
v 0.2974 0.8871 -0.0955
v 0.3011 0.8937 -0.1124
v 0.2940 0.8850 -0.0914
v 0.3088 0.8889 -0.1153
v 0.3090 0.8887 -0.1124
v 0.3148 0.8825 -0.1123
v 0.3147 0.8825 -0.1123
v 0.3132 0.8815 -0.1056
v 0.2940 0.8850 -0.0914
v 0.2939 0.8868 -0.0949
v 0.2939 0.8867 -0.0949
v 0.3089 0.8889 -0.1154
v 0.3173 0.8794 -0.1146
v 0.2920 0.8845 -0.0907
v 0.2920 0.8845 -0.0907
v 0.2920 0.8856 -0.0927
v 0.2920 0.8855 -0.0928
v 0.2944 0.8860 -0.1251
v 0.3166 0.8790 -0.1146
v 0.3064 0.8760 -0.0904
v 0.2907 0.8850 -0.0915
v 0.2908 0.8848 -0.0916
v 0.2786 0.8828 -0.1219
v 0.3147 0.8823 -0.1142
v 0.3147 0.8823 -0.1142
v 0.3163 0.8793 -0.1160
v 0.3162 0.8793 -0.1160
v 0.2939 0.8791 -0.0831
v 0.3049 0.8892 -0.1194
v 0.3167 0.8769 -0.1174
v 0.3167 0.8769 -0.1175
v 0.2900 0.8829 -0.0877
v 0.2901 0.8828 -0.0878
v 0.2872 0.8815 -0.0862
v 0.3149 0.8793 -0.1200
v 0.3146 0.8787 -0.1194
v 0.3166 0.8743 -0.1189
v 0.3169 0.8744 -0.1191
v 0.3186 0.8674 -0.1131
v 0.3171 0.8720 -0.1050
v 0.2863 0.8792 -0.0835
v 0.2863 0.8792 -0.0835
v 0.2873 0.8814 -0.0862
v 0.2844 0.8832 -0.1254
v 0.3164 0.8721 -0.1198
v 0.3165 0.8721 -0.1199
v 0.2833 0.8774 -0.0821
v 0.2810 0.8671 -0.0699
v 0.2650 0.8581 -0.0696
v 0.2834 0.8772 -0.0822
v 0.2851 0.8790 -0.0839
v 0.2851 0.8790 -0.0839
v 0.3008 0.8814 -0.1272
v 0.3144 0.8700 -0.1230
v 0.2826 0.8775 -0.0832
v 0.2827 0.8774 -0.0833
v 0.3143 0.8720 -0.1222
v 0.3143 0.8720 -0.1222
v 0.3000 0.8685 -0.0792
v 0.3139 0.8701 -0.1225
v 0.3105 0.8700 -0.1253
v 0.3145 0.8614 -0.1012
v 0.2742 0.8699 -0.0804
v 0.2741 0.8699 -0.0804
v 0.2792 0.8752 -0.0830
v 0.2793 0.8751 -0.0831
v 0.2746 0.8779 -0.1280
v 0.2846 0.8832 -0.1253
v 0.3105 0.8720 -0.1254
v 0.3124 0.8720 -0.1238
v 0.3124 0.8720 -0.1238
v 0.3119 0.8624 -0.1208
v 0.2831 0.8546 -0.0601
v 0.2697 0.8659 -0.0792
v 0.2697 0.8659 -0.0792
v 0.2530 0.8671 -0.1176
v 0.3103 0.8719 -0.1252
v 0.3104 0.8701 -0.1251
v 0.3058 0.8638 -0.0843
v 0.2675 0.8621 -0.0749
v 0.3069 0.8721 -0.1267
v 0.3069 0.8721 -0.1267
v 0.3136 0.8595 -0.1102
v 0.2634 0.8517 -0.0626
v 0.2634 0.8517 -0.0626
v 0.2669 0.8625 -0.0770
v -0.8325 0.1181 0.2105
v 0.2616 0.8735 -0.1243
v 0.2699 0.8770 -0.1270
v 0.3070 0.8703 -0.1266
v 0.3070 0.8703 -0.1266
v 0.3081 0.8593 -0.0890
v 0.2637 0.8470 -0.0564
v 0.2632 0.8500 -0.0604
v 0.2632 0.8500 -0.0604
v 0.2675 0.8621 -0.0749
v 0.2670 0.8625 -0.0771
v 0.2547 0.8548 -0.0910
v 0.2478 0.8636 -0.1296
v 0.2702 0.8766 -0.1277
v 0.2698 0.8772 -0.1271
v 0.3059 0.8634 -0.1253
v 0.3067 0.8555 -0.1141
v 0.2660 0.8481 -0.0561
v 0.2611 0.8495 -0.0619
v 0.2611 0.8495 -0.0619
v 0.2520 0.8445 -0.0669
v 0.2619 0.8525 -0.0656
v 0.2619 0.8525 -0.0656
v 0.2652 0.8578 -0.0697
v 0.2710 0.8757 -0.1293
v 0.3024 0.8721 -0.1280
v 0.3024 0.8721 -0.1280
v 0.3027 0.8702 -0.1278
v 0.3027 0.8701 -0.1279
v 0.2619 0.8485 -0.0596
v 0.2619 0.8484 -0.0597
v 0.2636 0.8574 -0.0721
v 0.2636 0.8574 -0.0721
v 0.2651 0.8596 -0.0740
v 0.2651 0.8596 -0.0740
v 0.2617 0.8731 -0.1271
v 0.2617 0.8732 -0.1272
v 0.2755 0.8754 -0.1303
v 0.2755 0.8753 -0.1303
v 0.2764 0.8721 -0.1319
v 0.3033 0.8552 -0.1172
v 0.2747 0.8478 -0.0540
v 0.2637 0.8470 -0.0564
v 0.2673 0.8731 -0.1309
v 0.2722 0.8739 -0.1311
v 0.2722 0.8739 -0.1311
v 0.2746 0.8738 -0.1313
v 0.2746 0.8738 -0.1312
v 0.2783 0.8702 -0.1321
v 0.2977 0.8701 -0.1288
v 0.2977 0.8701 -0.1288
v 0.2660 0.8480 -0.0562
v 0.2592 0.8695 -0.1312
v 0.2607 0.8703 -0.1310
v 0.2607 0.8703 -0.1310
v 0.2673 0.8732 -0.1310
v 0.2853 0.8699 -0.1311
v 0.2853 0.8699 -0.1314
v 0.2880 0.8614 -0.1291
v 0.2950 0.8562 -0.1230
v 0.3005 0.8492 -0.0932
v 0.2865 0.8485 -0.0597
v 0.2416 0.8539 -0.1099
v 0.2396 0.8564 -0.1239
v 0.2537 0.8651 -0.1329
v 0.2537 0.8651 -0.1329
v 0.2576 0.8675 -0.1329
v 0.2577 0.8673 -0.1328
v 0.2592 0.8695 -0.1311
v 0.2621 0.8691 -0.1328
v 0.2621 0.8691 -0.1328
v 0.2639 0.8716 -0.1312
v 0.2639 0.8716 -0.1312
v 0.2764 0.8721 -0.1319
v 0.2851 0.8681 -0.1311
v 0.2851 0.8681 -0.1311
v 0.3028 0.8553 -0.1175
v 0.2662 0.8458 -0.0542
v 0.2662 0.8458 -0.0542
v 0.2638 0.8422 -0.0522
v 0.2411 0.8538 -0.1360
v 0.2455 0.8578 -0.1352
v 0.2488 0.8607 -0.1348
v 0.2491 0.8597 -0.1340
v 0.2527 0.8623 -0.1350
v 0.2527 0.8623 -0.1351
v 0.2543 0.8634 -0.1347
v 0.2543 0.8635 -0.1349
v 0.2607 0.8688 -0.1325
v 0.2607 0.8688 -0.1325
v 0.2646 0.8706 -0.1324
v 0.2646 0.8705 -0.1323
v 0.2666 0.8707 -0.1326
v 0.2665 0.8708 -0.1326
v 0.2763 0.8681 -0.1330
v 0.2784 0.8702 -0.1321
v 0.2796 0.8682 -0.1322
v 0.2796 0.8682 -0.1322
v 0.3008 0.8554 -0.1192
v 0.2675 0.8440 -0.0524
v 0.2675 0.8440 -0.0524
v 0.2433 0.8558 -0.1355
v 0.2432 0.8559 -0.1355
v 0.2455 0.8578 -0.1352
v 0.2763 0.8681 -0.1329
v 0.2743 0.8571 -0.1332
v 0.2975 0.8469 -0.0816
v 0.2638 0.8422 -0.0522
v 0.2381 0.8509 -0.1370
v 0.2384 0.8506 -0.1367
v 0.2400 0.8518 -0.1370
v 0.2399 0.8519 -0.1371
v 0.2412 0.8537 -0.1359
v 0.2454 0.8559 -0.1370
v 0.2453 0.8562 -0.1373
v 0.2469 0.8576 -0.1363
v 0.2469 0.8577 -0.1363
v 0.2923 0.8456 -0.1012
v 0.2900 0.8454 -0.0638
v 0.2375 0.8370 -0.0885
v 0.2359 0.8462 -0.1391
v 0.2359 0.8462 -0.1391
v 0.2631 0.8614 -0.1369
v 0.2607 0.8358 -0.0483
v 0.2472 0.8123 -0.0351
v 0.2267 0.8395 -0.1230
v 0.2688 0.8330 -0.0455
v 0.2626 0.8371 -0.0488
v 0.2627 0.8370 -0.0489
v 0.2607 0.8357 -0.0483
v 0.2332 0.8432 -0.1396
v 0.2798 0.8515 -0.1275
v 0.2813 0.8466 -0.1195
v 0.2647 0.8330 -0.0456
v 0.2528 0.8165 -0.0354
v 0.2329 0.8216 -0.0688
v 0.2332 0.8432 -0.1396
v 0.2814 0.8310 -0.0561
v 0.2821 0.8344 -0.0555
v 0.2824 0.8343 -0.0554
v 0.2798 0.8329 -0.0523
v 0.2607 0.8334 -0.0464
v 0.2607 0.8334 -0.0465
v -0.8119 -0.2157 0.3674
v 0.2281 0.8413 -0.1300
v 0.2263 0.8312 -0.1449
v 0.2299 0.8370 -0.1432
v 0.2301 0.8367 -0.1431
v 0.2537 0.8423 -0.1442
v 0.2773 0.8376 -0.0507
v 0.2773 0.8376 -0.0507
v 0.2396 0.8135 -0.0470
v 0.2376 0.8407 -0.1445
v 0.2812 0.8272 -0.0615
v 0.2810 0.8293 -0.0561
v 0.2809 0.8317 -0.0543
v 0.2809 0.8317 -0.0544
v 0.2776 0.8357 -0.0504
v 0.2776 0.8357 -0.0504
v 0.2750 0.8352 -0.0487
v 0.2749 0.8351 -0.0487
v 0.2687 0.8329 -0.0459
v 0.2647 0.8330 -0.0456
v 0.2627 0.8312 -0.0444
v 0.2627 0.8312 -0.0446
v 0.2267 0.8310 -0.1446
v 0.2240 0.8244 -0.1471
v 0.2239 0.8245 -0.1472
v 0.2286 0.8334 -0.1447
v 0.2286 0.8332 -0.1445
v 0.2816 0.8310 -0.0560
v 0.2766 0.8306 -0.0491
v 0.2666 0.8313 -0.0448
v 0.2666 0.8313 -0.0448
v 0.2224 0.8234 -0.1467
v 0.2225 0.8234 -0.1466
v 0.2800 0.8256 -0.0733
v 0.2808 0.8260 -0.0644
v 0.2811 0.8293 -0.0560
v 0.2797 0.8329 -0.0523
v 0.2758 0.8328 -0.0487
v 0.2687 0.8306 -0.0447
v 0.2687 0.8306 -0.0448
v 0.2206 0.8284 -0.1356
v 0.2203 0.8242 -0.1431
v 0.2212 0.8195 -0.1485
v 0.2211 0.8195 -0.1487
v 0.2266 0.8152 -0.1529
v 0.2670 0.8478 -0.1362
v 0.2721 0.8426 -0.1277
v 0.2809 0.8274 -0.0585
v 0.2808 0.8274 -0.0585
v 0.2789 0.8310 -0.0515
v 0.2789 0.8310 -0.0515
v 0.2775 0.8303 -0.0500
v 0.2775 0.8303 -0.0500
v 0.2766 0.8306 -0.0490
v 0.2759 0.8328 -0.0485
v 0.2576 0.8161 -0.0350
v 0.2408 0.8296 -0.1486
v 0.2815 0.8266 -0.0675
v 0.2813 0.8271 -0.0615
v 0.2775 0.8281 -0.0501
v 0.2775 0.8281 -0.0501
v 0.2618 0.8118 -0.0351
v 0.2205 0.8264 -0.1393
v 0.2205 0.8263 -0.1394
v 0.2576 0.8381 -0.1427
v 0.2809 0.8259 -0.0644
v 0.2744 0.8261 -0.0468
v 0.2740 0.8261 -0.0471
v 0.2205 0.8271 -0.1380
v 0.2166 0.8121 -0.1487
v 0.2166 0.8121 -0.1487
v 0.2187 0.8136 -0.1498
v 0.2187 0.8136 -0.1499
v 0.2815 0.8266 -0.0675
v 0.2793 0.8237 -0.0602
v 0.2793 0.8237 -0.0603
v 0.2596 0.8143 -0.0348
v 0.2575 0.8369 -0.1425
v 0.2785 0.8288 -0.0896
v 0.2788 0.8231 -0.0701
v 0.2788 0.8230 -0.0701
v 0.2795 0.8238 -0.0654
v 0.2795 0.8238 -0.0654
v 0.2609 0.8130 -0.0349
v 0.2167 0.8095 -0.1505
v 0.2167 0.8095 -0.1505
v 0.2469 0.8220 -0.1477
v 0.2573 0.8350 -0.1423
v 0.2574 0.8348 -0.1422
v 0.2575 0.8319 -0.1414
v 0.2666 0.8012 -0.0437
v 0.2531 0.8049 -0.0297
v -0.7849 -0.4553 0.2804
v 0.2265 0.7531 -0.0200
v 0.2768 0.8389 0.0080
v 0.2764 0.8427 0.0888
v 0.2640 0.8429 0.1116
v 0.2033 0.7936 0.1088
v 0.1778 0.6777 0.0816
v 0.1778 0.6777 0.0816
v 0.1944 0.6737 0.0254
v 0.2123 0.7000 -0.0167
v 0.2123 0.7000 -0.0167
v 0.2123 0.7000 -0.0167
v 0.2123 0.7000 -0.0167
v 0.2118 0.7002 -0.0187
v -0.7962 -0.4630 0.2346
v 0.2156 0.8077 -0.1505
v 0.2156 0.8077 -0.1505
v 0.2167 0.8054 -0.1525
v 0.2329 0.8035 -0.1533
v 0.2802 0.8254 -0.0733
v 0.2637 0.8096 -0.0353
v 0.2560 0.7983 -0.0286
v 0.2261 0.7603 -0.0231
v 0.2262 0.7603 -0.0231
v 0.2271 0.7589 -0.0219
v 0.2267 0.7550 -0.0205
v 0.2267 0.7550 -0.0205
v 0.2271 0.7589 -0.0193
v 0.2275 0.7588 -0.0190
v 0.2933 0.8436 0.0639
v 0.2933 0.8436 0.0639
v 0.2912 0.8412 0.0607
v 0.2611 0.8426 0.1135
v 0.2611 0.8425 0.1135
v 0.2144 0.8126 0.1152
v 0.1792 0.7147 0.1013
v 0.1778 0.6818 0.0814
v 0.1778 0.6818 0.0814
v -0.7612 -0.5484 0.2091
v 0.1990 0.6741 0.0089
v 0.2107 0.6974 -0.0156
v 0.2110 0.6984 -0.0154
v 0.2110 0.6984 -0.0154
v 0.2110 0.6984 -0.0154
v 0.2108 0.6974 -0.0167
v 0.2103 0.6959 -0.0168
v 0.2101 0.6981 -0.0164
v 0.2108 0.6975 -0.0159
v 0.2118 0.7002 -0.0187
v 0.2108 0.7973 -0.1526
v 0.2146 0.8060 -0.1506
v 0.2146 0.8060 -0.1506
v 0.2771 0.8211 -0.0721
v 0.2770 0.8212 -0.0721
v 0.2652 0.8011 -0.0372
v 0.2281 0.7600 -0.0213
v 0.2280 0.7600 -0.0213
v 0.2277 0.7602 -0.0206
v 0.2282 0.7600 -0.0213
v 0.2279 0.7588 -0.0206
v 0.2279 0.7588 -0.0206
v 0.2283 0.7587 -0.0204
v 0.2281 0.7593 -0.0205
v 0.2260 0.7634 -0.0169
v -0.7555 -0.5813 0.1515
v 0.2577 0.8171 -0.0046
v 0.2669 0.8165 -0.0028
v 0.2774 0.8327 0.0064
v 0.2329 0.8310 0.1187
v 0.2143 0.8126 0.1157
v 0.1758 0.6776 0.0892
v 0.1758 0.6776 0.0892
v 0.1757 0.6739 0.0897
v 0.1757 0.6739 0.0897
v 0.2025 0.6504 0.0116
v 0.2096 0.6965 -0.0148
v 0.2107 0.6974 -0.0157
v 0.2107 0.6974 -0.0157
v 0.2107 0.6974 -0.0175
v 0.2108 0.6974 -0.0176
v 0.2086 0.6973 -0.0194
v 0.2196 0.8183 -0.1056
v 0.2167 0.8054 -0.1525
v 0.2145 0.7931 -0.1552
v 0.2757 0.8205 -0.0766
v 0.2757 0.8205 -0.0766
v 0.2434 0.7900 -0.0256
v 0.2296 0.7638 -0.0215
v 0.2286 0.7608 -0.0206
v 0.2281 0.7598 -0.0203
v 0.2286 0.7608 -0.0206
v 0.2286 0.7608 -0.0206
v 0.2283 0.7595 -0.0200
v 0.2283 0.7596 -0.0199
v 0.2275 0.7590 -0.0195
v 0.2279 0.7592 -0.0195
v 0.2283 0.7595 -0.0196
v 0.2752 0.8222 0.0054
v 0.2912 0.8412 0.0607
v 0.2849 0.8356 0.0596
v 0.2641 0.8428 0.1118
v 0.2580 0.8384 0.1131
v 0.2579 0.8385 0.1132
v 0.1903 0.7542 0.0939
v 0.1879 0.6222 0.0747
v 0.2012 0.6722 0.0025
v 0.2013 0.6722 0.0025
v 0.2036 0.6777 -0.0060
v 0.2052 0.6859 -0.0099
v 0.2096 0.6965 -0.0148
v 0.2096 0.6965 -0.0148
v 0.2096 0.6965 -0.0148
v 0.2100 0.6963 -0.0166
v 0.2100 0.6963 -0.0166
v 0.2100 0.6963 -0.0166
v 0.2100 0.6963 -0.0166
v 0.2089 0.6959 -0.0178
v 0.2097 0.6950 -0.0181
v 0.2060 0.7031 -0.0289
v 0.2059 0.7032 -0.0289
v 0.2148 0.8036 -0.1520
v 0.2148 0.8036 -0.1520
v 0.2625 0.8150 -0.0987
v 0.2731 0.8177 -0.0789
v 0.2731 0.8177 -0.0789
v 0.2292 0.7629 -0.0218
v 0.2292 0.7629 -0.0218
v 0.2298 0.7633 -0.0211
v 0.2303 0.7639 -0.0200
v 0.2296 0.7630 -0.0204
v 0.2296 0.7630 -0.0205
v 0.2288 0.7628 -0.0192
v 0.2288 0.7628 -0.0192
v 0.2288 0.7628 -0.0192
v 0.2619 0.8287 0.0927
v 0.2573 0.8367 0.1136
v 0.2573 0.8367 0.1136
v 0.2542 0.8363 0.1152
v 0.2084 0.8009 0.1162
v 0.1742 0.6745 0.0960
v 0.1742 0.6745 0.0960
v 0.2029 0.6746 -0.0034
v 0.2052 0.6859 -0.0099
v 0.2087 0.6951 -0.0141
v 0.2088 0.6932 -0.0155
v 0.2090 0.6944 -0.0152
v 0.2090 0.6943 -0.0157
v 0.2090 0.6935 -0.0163
v 0.2090 0.6947 -0.0164
v 0.2090 0.6947 -0.0164
v 0.2088 0.6954 -0.0176
v 0.2089 0.6941 -0.0174
v 0.2086 0.6973 -0.0194
v 0.2064 0.6984 -0.0237
v 0.2063 0.6985 -0.0236
v 0.1967 0.7097 -0.0478
v 0.2034 0.7863 -0.0975
v 0.2130 0.7999 -0.1526
v 0.2131 0.7999 -0.1525
v 0.2300 0.7856 -0.1519
v 0.2449 0.8083 -0.1467
v 0.2703 0.8130 -0.0770
v 0.2703 0.8130 -0.0770
v 0.2302 0.7637 -0.0213
v 0.2302 0.7637 -0.0214
v 0.2301 0.7638 -0.0214
v 0.2301 0.7641 -0.0200
v 0.2566 0.8060 -0.0084
v 0.2772 0.8220 0.0243
v 0.2867 0.8367 0.0567
v 0.2868 0.8366 0.0567
v 0.2849 0.8356 0.0596
v 0.2802 0.8343 0.0684
v 0.2802 0.8343 0.0684
v 0.2578 0.8291 0.1080
v 0.2565 0.8349 0.1135
v 0.2565 0.8349 0.1135
v 0.2390 0.8233 0.1207
v 0.1724 0.6659 0.1027
v 0.1737 0.6678 0.0975
v 0.1737 0.6678 0.0975
v 0.2048 0.6805 -0.0092
v 0.2048 0.6805 -0.0092
v 0.2057 0.6856 -0.0109
v 0.2057 0.6856 -0.0109
v 0.2069 0.6870 -0.0134
v 0.2069 0.6870 -0.0134
v 0.2088 0.6932 -0.0157
v 0.2088 0.6932 -0.0157
v 0.2088 0.6932 -0.0157
v 0.2083 0.6940 -0.0170
v 0.2026 0.6972 -0.0285
v 0.2026 0.6972 -0.0285
v 0.1907 0.7263 -0.0672
v 0.1964 0.7806 -0.1408
v 0.1998 0.7826 -0.1493
v 0.2680 0.8084 -0.0763
v 0.2289 0.7718 -0.0274
v 0.2306 0.7665 -0.0193
v 0.2305 0.7665 -0.0193
v 0.2618 0.7991 -0.0059
v 0.2767 0.8302 0.0677
v 0.2542 0.8363 0.1151
v 0.2149 0.8069 0.1213
v 0.1724 0.6659 0.1027
v 0.2042 0.5949 -0.0001
v 0.1717 0.5617 0.0932
v 0.1882 0.5613 0.0570
v 0.1940 0.5794 0.0487
v 0.1813 0.5735 0.0808
v -0.8070 -0.4258 -0.2403
v -0.8071 -0.4243 -0.2413
v -0.8124 -0.4049 -0.2553
v 0.1966 0.5633 0.0215
v 0.1853 0.5977 0.0797
v 0.1879 0.5470 0.0391
v 0.2036 0.6777 -0.0060
v 0.2055 0.6813 -0.0106
v 0.2055 0.6813 -0.0106
v 0.2071 0.6885 -0.0147
v 0.2072 0.6885 -0.0146
v 0.2077 0.6904 -0.0146
v 0.2077 0.6904 -0.0146
v 0.2082 0.6925 -0.0147
v 0.2082 0.6925 -0.0147
v 0.2082 0.6925 -0.0147
v 0.2082 0.6925 -0.0147
v 0.2082 0.6925 -0.0147
v 0.2077 0.6924 -0.0166
v 0.2076 0.6925 -0.0164
v 0.2077 0.6924 -0.0166
v 0.1989 0.6907 -0.0311
v 0.2070 0.7797 -0.0824
v 0.2110 0.7972 -0.1523
v 0.2325 0.7794 -0.1478
v 0.2688 0.8117 -0.0802
v 0.2686 0.8118 -0.0801
v 0.2677 0.8085 -0.0762
v 0.2315 0.7678 -0.0214
v 0.2311 0.7669 -0.0219
v 0.2287 0.7678 -0.0210
v 0.2314 0.7669 -0.0206
v 0.2317 0.7669 -0.0205
v 0.2324 0.7677 -0.0200
v 0.2325 0.7703 -0.0191
v 0.2588 0.7972 -0.0087
v 0.2633 0.7938 -0.0003
v 0.2776 0.8319 0.0690
v 0.2776 0.8319 0.0690
v 0.2503 0.8272 0.1157
v 0.2528 0.8332 0.1147
v 0.2530 0.8328 0.1155
v 0.2482 0.8281 0.1171
v 0.1728 0.6977 0.1091
v 0.1719 0.6624 0.1034
v 0.1717 0.6624 0.1033
v 0.1803 0.6310 0.0916
v 0.1568 0.5461 0.1063
v 0.1675 0.5373 0.0826
v 0.2066 0.6743 -0.0148
v 0.2062 0.6823 -0.0127
v 0.2063 0.6821 -0.0127
v 0.2067 0.6849 -0.0134
v 0.2067 0.6848 -0.0136
v 0.2065 0.6843 -0.0129
v 0.2068 0.6850 -0.0137
v 0.2068 0.6850 -0.0137
v 0.2067 0.6859 -0.0155
v 0.2074 0.6904 -0.0162
v 0.2074 0.6904 -0.0161
v 0.2074 0.6904 -0.0161
v 0.1891 0.7017 -0.0577
v 0.1966 0.7486 -0.0804
v 0.2489 0.8082 -0.1407
v 0.2650 0.8059 -0.0802
v 0.2650 0.8059 -0.0802
v 0.2390 0.7765 -0.0214
v 0.2323 0.7676 -0.0215
v 0.2321 0.7677 -0.0214
v 0.2330 0.7684 -0.0217
v 0.2319 0.7681 -0.0201
v 0.2775 0.8224 0.0117
v 0.2767 0.8303 0.0677
v 0.2747 0.8287 0.0691
v 0.2747 0.8287 0.0691
v -0.8320 -0.2329 -0.3108
v 0.2274 0.8167 0.1228
v 0.1933 0.7621 0.1146
v 0.1728 0.6744 0.1086
v 0.1712 0.6638 0.1066
v 0.2063 0.6843 -0.0147
v 0.2065 0.6843 -0.0147
v 0.2067 0.6844 -0.0148
v 0.2067 0.6844 -0.0148
v 0.2067 0.6859 -0.0155
v 0.2010 0.6908 -0.0274
v 0.2028 0.6938 -0.0254
v 0.2028 0.6938 -0.0254
v 0.1974 0.6912 -0.0351
v 0.2101 0.7947 -0.1527
v 0.2101 0.7947 -0.1527
v 0.2649 0.8038 -0.0765
v 0.2649 0.8038 -0.0765
v 0.2518 0.7814 -0.0267
v 0.2326 0.7689 -0.0210
v 0.2326 0.7687 -0.0216
v 0.2339 0.7684 -0.0200
v 0.1823 0.7185 0.1102
v 0.1749 0.6854 0.1174
v 0.1712 0.6639 0.1066
v 0.1707 0.6605 0.1067
v 0.1707 0.6605 0.1067
v 0.1682 0.6545 0.1105
v 0.1507 0.5282 0.1021
v -0.8177 -0.1366 -0.3672
v 0.2011 0.6908 -0.0275
v 0.2244 0.7931 -0.1554
v 0.2364 0.7770 -0.1408
v 0.2635 0.8292 -0.1269
v 0.2599 0.7984 -0.0823
v 0.2599 0.7984 -0.0823
v 0.2331 0.7706 -0.0224
v 0.2331 0.7706 -0.0224
v 0.2336 0.7702 -0.0205
v 0.2336 0.7702 -0.0205
v 0.2336 0.7701 -0.0205
v 0.2329 0.7713 -0.0209
v 0.2336 0.7702 -0.0205
v 0.2723 0.8253 0.0685
v 0.2502 0.8272 0.1156
v 0.2481 0.8280 0.1166
v 0.1882 0.7477 0.1165
v 0.1762 0.6982 0.1161
v 0.1763 0.6982 0.1160
v 0.1760 0.6964 0.1164
v 0.1761 0.6964 0.1164
v 0.1761 0.6964 0.1164
v 0.1761 0.6964 0.1164
v 0.1748 0.6844 0.1162
v 0.1696 0.6578 0.1094
v 0.1696 0.6578 0.1094
v 0.1799 0.5355 0.0506
v 0.1830 0.5258 0.0070
v 0.1900 0.5398 -0.0239
v 0.2038 0.5860 -0.0187
v 0.1998 0.6828 -0.0276
v 0.2067 0.7874 -0.1518
v 0.2068 0.7899 -0.1524
v 0.2547 0.7810 -0.0712
v 0.2554 0.7788 -0.0324
v 0.2330 0.7707 -0.0223
v 0.2351 0.7727 -0.0219
v 0.2345 0.7712 -0.0216
v 0.2345 0.7712 -0.0216
v 0.2345 0.7712 -0.0216
v 0.2345 0.7712 -0.0216
v 0.2343 0.7712 -0.0204
v 0.2341 0.7723 -0.0199
v 0.2342 0.7715 -0.0195
v 0.2337 0.7727 -0.0196
v 0.2617 0.7988 -0.0059
v 0.2618 0.7988 -0.0059
v 0.2628 0.7926 0.0110
v 0.2699 0.8202 0.0651
v 0.2723 0.8254 0.0685
v 0.2465 0.8247 0.1174
v 0.2463 0.8239 0.1170
v 0.2008 0.7737 0.1216
v 0.1802 0.7063 0.1185
v 0.1780 0.7002 0.1181
v 0.1780 0.7002 0.1181
v 0.1780 0.7002 0.1181
v 0.1780 0.7002 0.1181
v 0.1780 0.7002 0.1181
v 0.1769 0.6984 0.1188
v 0.1770 0.6983 0.1181
v 0.1785 0.6971 0.1199
v 0.1770 0.6983 0.1181
v 0.1775 0.6989 0.1184
v 0.1770 0.6983 0.1181
v 0.1770 0.6983 0.1181
v 0.1748 0.6955 0.1189
v 0.1775 0.6960 0.1196
v 0.1758 0.6971 0.1191
v 0.1760 0.6964 0.1181
v 0.1761 0.6964 0.1183
v 0.1761 0.6964 0.1183
v 0.1758 0.6944 0.1178
v 0.1758 0.6944 0.1178
v 0.1758 0.6944 0.1178
v 0.1756 0.6920 0.1168
v 0.1756 0.6919 0.1172
v 0.1756 0.6920 0.1172
v 0.1735 0.6729 0.1162
v 0.1694 0.6609 0.1161
v 0.1261 0.5249 0.1257
v 0.2047 0.6596 -0.0156
v 0.1991 0.6907 -0.0311
v 0.1974 0.6912 -0.0351
v 0.1958 0.6913 -0.0388
v 0.1959 0.6913 -0.0388
v 0.2055 0.7871 -0.1523
v 0.2060 0.7873 -0.1520
v 0.2351 0.7727 -0.0219
v 0.2351 0.7727 -0.0219
v 0.2354 0.7727 -0.0205
v 0.2365 0.7732 -0.0199
v 0.2354 0.7727 -0.0205
v 0.2354 0.7727 -0.0205
v 0.2354 0.7727 -0.0205
v 0.2346 0.7725 -0.0194
v 0.2433 0.7917 -0.0141
v 0.2451 0.7882 -0.0163
v 0.2699 0.8202 0.0651
v 0.2698 0.8215 0.0682
v 0.2697 0.8216 0.0682
v 0.2448 0.8124 0.1139
v 0.2471 0.8226 0.1178
v 0.2451 0.8218 0.1177
v 0.2451 0.8218 0.1177
v 0.2422 0.8182 0.1189
v 0.2167 0.7988 0.1248
v 0.1912 0.7469 0.1225
v 0.1865 0.7217 0.1160
v 0.1775 0.6989 0.1188
v 0.1773 0.6990 0.1189
v 0.1774 0.6990 0.1192
v 0.1776 0.6990 0.1191
v 0.1747 0.6948 0.1188
v 0.1754 0.6853 0.1172
v 0.1751 0.6849 0.1170
v 0.1754 0.6853 0.1172
v 0.1745 0.6846 0.1161
v 0.1733 0.6727 0.1161
v 0.1733 0.6727 0.1161
v 0.1733 0.6727 0.1161
v 0.1715 0.6663 0.1161
v 0.1687 0.6545 0.1107
v 0.1547 0.5187 0.0848
v 0.2036 0.6403 -0.0149
v 0.1987 0.6888 -0.0313
v 0.1987 0.6888 -0.0313
v 0.1972 0.6881 -0.0348
v 0.1972 0.6881 -0.0348
v 0.1947 0.6872 -0.0409
v 0.1908 0.6866 -0.0507
v 0.1888 0.7655 -0.1352
v 0.2535 0.7931 -0.0904
v 0.2534 0.7931 -0.0904
v 0.2431 0.7828 -0.0230
v 0.2431 0.7826 -0.0235
v 0.2366 0.7740 -0.0216
v 0.2363 0.7735 -0.0215
v 0.2363 0.7735 -0.0215
v 0.2363 0.7735 -0.0215
v 0.2372 0.7747 -0.0205
v 0.2360 0.7738 -0.0200
v 0.2680 0.8165 0.0636
v 0.2680 0.8165 0.0636
v 0.2443 0.8181 0.1174
v 0.2443 0.8181 0.1174
v 0.2422 0.8182 0.1189
v 0.1791 0.7023 0.1187
v 0.1805 0.7023 0.1179
v 0.1788 0.7020 0.1182
v 0.1788 0.7020 0.1182
v 0.1786 0.7018 0.1197
v 0.1780 0.7003 0.1193
v 0.1780 0.7003 0.1193
v 0.1780 0.7003 0.1193
v 0.1780 0.7003 0.1193
v 0.1745 0.6846 0.1176
v 0.1746 0.6845 0.1178
v 0.1735 0.6733 0.1167
v 0.1736 0.6734 0.1165
v 0.1736 0.6734 0.1169
v 0.1736 0.6734 0.1172
v 0.1732 0.6731 0.1172
v 0.1729 0.6727 0.1179
v 0.1727 0.6727 0.1176
v 0.1717 0.6676 0.1172
v 0.1713 0.6672 0.1173
v 0.1737 0.6675 0.1174
v 0.1701 0.6681 0.1168
v 0.1715 0.6663 0.1161
v 0.1715 0.6663 0.1161
v 0.1715 0.6663 0.1161
v 0.1701 0.6629 0.1163
v 0.1690 0.6627 0.1167
v 0.1699 0.6628 0.1167
v 0.1680 0.6547 0.1130
v 0.1681 0.6547 0.1130
v 0.1674 0.6536 0.1140
v 0.1346 0.5035 0.0914
v 0.1940 0.5546 -0.0389
v 0.1948 0.6872 -0.0409
v 0.1932 0.6868 -0.0449
v 0.1932 0.6868 -0.0449
v 0.1932 0.6842 -0.0453
v 0.1932 0.6842 -0.0454
v 0.2043 0.7849 -0.1527
v 0.2500 0.8046 -0.1329
v 0.2500 0.8046 -0.1329
v 0.2517 0.8076 -0.1312
v 0.2517 0.8076 -0.1312
v 0.2372 0.7748 -0.0212
v 0.2369 0.7745 -0.0213
v 0.2371 0.7747 -0.0206
v 0.2371 0.7747 -0.0206
v 0.2431 0.7840 -0.0180
v 0.2655 0.8123 0.0631
v 0.2222 0.7939 0.1256
v 0.1968 0.7610 0.1235
v 0.1913 0.7434 0.1230
v 0.1796 0.7027 0.1191
v 0.1799 0.7027 0.1189
v 0.1796 0.7027 0.1191
v 0.1795 0.7027 0.1192
v 0.1786 0.7021 0.1196
v 0.1786 0.7021 0.1196
v 0.1786 0.7021 0.1196
v 0.1746 0.6845 0.1177
v 0.1746 0.6845 0.1177
v 0.1738 0.6756 0.1175
v 0.1738 0.6754 0.1174
v 0.1708 0.6670 0.1176
v 0.1694 0.6620 0.1174
v 0.1700 0.6619 0.1176
v 0.1693 0.6610 0.1161
v 0.1693 0.6610 0.1161
v 0.1672 0.6560 0.1166
v -0.8000 0.2400 0.0915
v 0.1797 0.5207 -0.0313
v 0.1908 0.6866 -0.0507
v 0.1802 0.6888 -0.0891
v 0.2008 0.7792 -0.1525
v 0.2504 0.7910 -0.0962
v 0.2502 0.7911 -0.0962
v 0.2435 0.7647 -0.0217
v 0.2417 0.7815 -0.0231
v 0.2383 0.7755 -0.0214
v 0.2384 0.7757 -0.0211
v 0.2383 0.7755 -0.0214
v 0.2391 0.7774 -0.0213
v 0.2389 0.7767 -0.0206
v 0.2389 0.7764 -0.0213
v 0.2446 0.7789 -0.0197
v 0.2450 0.7860 -0.0170
v 0.2594 0.7949 0.0287
v 0.2518 0.8142 0.0964
v 0.2415 0.8155 0.1188
v 0.2415 0.8155 0.1187
v 0.1922 0.7410 0.1238
v 0.1843 0.7134 0.1160
v 0.1823 0.7083 0.1190
v 0.1806 0.7060 0.1202
v 0.1800 0.7043 0.1196
v 0.1786 0.7055 0.1208
v 0.1911 0.7432 0.1232
v 0.1904 0.7485 0.1230
v -0.7835 0.2703 -0.0886
v 0.1957 0.8449 0.2030
v 0.1195 0.8421 0.2528
v 0.1195 0.8421 0.2522
v 0.1150 0.8416 0.2514
v 0.1181 0.7810 0.1753
v 0.1708 0.6670 0.1176
v 0.1703 0.6651 0.1174
v 0.1703 0.6651 0.1174
v 0.1703 0.6651 0.1174
v 0.1675 0.6585 0.1168
v 0.1681 0.6595 0.1173
v 0.1681 0.6596 0.1173
v 0.1678 0.6584 0.1170
v 0.1675 0.6536 0.1141
v 0.1622 0.6470 0.1195
v 0.1609 0.5903 0.1202
v 0.0905 0.4870 0.1045
v 0.1088 0.4929 0.1006
v 0.1650 0.5135 0.0535
v 0.1975 0.5807 -0.0541
v 0.1862 0.7321 -0.0920
v 0.2007 0.7789 -0.1526
v 0.2501 0.8031 -0.1308
v 0.2498 0.8032 -0.1307
v 0.2500 0.8020 -0.1273
v 0.2500 0.8020 -0.1273
v 0.2494 0.7981 -0.1187
v 0.2502 0.7888 -0.0931
v 0.2503 0.7887 -0.0931
v 0.2413 0.7764 -0.0215
v 0.2431 0.7817 -0.0190
v 0.2644 0.8092 0.0605
v 0.2615 0.8024 0.0564
v 0.2644 0.8092 0.0605
v 0.2345 0.8040 0.1212
v 0.2345 0.8040 0.1212
v 0.2304 0.7983 0.1230
v 0.2139 0.7822 0.1260
v 0.1979 0.7620 0.1239
v 0.1919 0.7427 0.1230
v 0.1940 0.7411 0.1250
v 0.1941 0.7410 0.1249
v 0.1934 0.7319 0.1232
v 0.1934 0.7319 0.1232
v 0.1926 0.7163 0.1199
v 0.1805 0.7062 0.1182
v 0.1805 0.7062 0.1182
v 0.1809 0.7076 0.1194
v 0.1807 0.7060 0.1201
v 0.1807 0.7060 0.1201
v 0.1786 0.7055 0.1208
v 0.1920 0.7378 0.1242
v 0.1920 0.7380 0.1243
v 0.1920 0.7380 0.1243
v 0.1921 0.7409 0.1239
v 0.1917 0.7408 0.1260
v 0.1909 0.7419 0.1234
v 0.1924 0.7644 0.1261
v 0.1957 0.7931 0.1393
v 0.2035 0.8252 0.1770
v 0.1934 0.8447 0.2050
v 0.1936 0.8446 0.2052
v 0.1160 0.8404 0.2517
v 0.1142 0.8379 0.2513
v 0.1142 0.8379 0.2510
v 0.1065 0.8313 0.2498
v 0.0915 0.8137 0.2128
v 0.1666 0.6573 0.1176
v 0.1669 0.6571 0.1178
v 0.1670 0.6571 0.1181
v 0.1671 0.6554 0.1161
v 0.1657 0.6534 0.1170
v 0.1548 0.5831 0.1255
v 0.1349 0.5539 0.1343
v 0.1798 0.5292 -0.0580
v 0.2005 0.6498 -0.0324
v 0.2386 0.7769 -0.1331
v 0.2386 0.7769 -0.1331
v 0.2416 0.7836 -0.1310
v 0.2416 0.7836 -0.1310
v 0.2413 0.7768 -0.0214
v 0.2413 0.7765 -0.0213
v 0.2413 0.7765 -0.0211
v 0.2413 0.7765 -0.0211
v 0.2413 0.7765 -0.0211
v 0.2411 0.7784 -0.0202
v 0.2411 0.7784 -0.0202
v 0.2438 0.7783 -0.0196
v 0.2437 0.7776 -0.0197
v 0.2612 0.8031 0.0603
v 0.2344 0.8004 0.1205
v 0.2211 0.7872 0.1253
v 0.2208 0.7870 0.1252
v 0.2159 0.7830 0.1259
v 0.1949 0.7539 0.1236
v 0.1928 0.7495 0.1226
v 0.1903 0.7485 0.1231
v 0.1938 0.8422 0.2031
v 0.1937 0.8422 0.2031
v 0.1608 0.8366 0.2323
v 0.1263 0.8328 0.2489
v 0.1065 0.8313 0.2498
v 0.0881 0.8169 0.2210
v 0.1375 0.7347 0.1412
v 0.1658 0.6534 0.1171
v 0.1617 0.6367 0.1187
v 0.0904 0.5211 0.1473
v 0.1717 0.5085 -0.0025
v 0.1879 0.7591 -0.1460
v 0.1985 0.7759 -0.1528
v 0.1987 0.7758 -0.1526
v 0.2494 0.7981 -0.1187
v 0.2453 0.7855 -0.1027
v 0.2462 0.7851 -0.1029
v 0.2432 0.7746 -0.0218
v 0.2421 0.7756 -0.0214
v 0.2421 0.7756 -0.0214
v 0.2421 0.7756 -0.0214
v 0.2421 0.7756 -0.0214
v 0.2430 0.7766 -0.0203
v 0.2430 0.7766 -0.0203
v 0.2430 0.7766 -0.0203
v 0.2444 0.7731 -0.0197
v 0.2615 0.8024 0.0564
v 0.2611 0.8031 0.0603
v 0.2334 0.8023 0.1216
v 0.2334 0.8023 0.1216
v 0.2303 0.7984 0.1227
v 0.2234 0.7919 0.1250
v 0.2234 0.7919 0.1249
v 0.2212 0.7865 0.1250
v 0.2213 0.7864 0.1252
v 0.2159 0.7830 0.1259
v 0.2119 0.7783 0.1260
v 0.1999 0.7585 0.1255
v 0.1970 0.7609 0.1235
v 0.1927 0.7483 0.1222
v 0.1974 0.7744 0.1308
v 0.2029 0.8372 0.1893
v 0.1922 0.8418 0.2041
v 0.1922 0.8418 0.2041
v 0.1204 0.7968 0.1817
v 0.1223 0.4879 0.0776
v 0.1465 0.4985 0.0622
v 0.2040 0.6030 -0.0348
v 0.2028 0.6136 -0.0391
v 0.1977 0.6725 -0.0359
v 0.1896 0.6816 -0.0575
v 0.1897 0.6816 -0.0575
v 0.1865 0.6773 -0.0723
v 0.2168 0.7406 -0.1433
v 0.2368 0.7704 -0.1301
v 0.2368 0.7704 -0.1301
v 0.2366 0.7682 -0.1263
v 0.2456 0.7863 -0.1076
v 0.2458 0.7862 -0.1077
v -0.8283 0.0207 0.3091
v 0.2409 0.7452 -0.0264
v 0.2430 0.7555 -0.0243
v 0.2433 0.7747 -0.0217
v 0.2430 0.7748 -0.0212
v 0.2432 0.7746 -0.0204
v 0.2433 0.7747 -0.0206
v 0.2480 0.7522 -0.0039
v 0.2538 0.7709 0.0121
v 0.2520 0.7811 0.0265
v -0.8253 -0.0343 0.3329
v 0.2342 0.8004 0.1204
v 0.2326 0.7986 0.1213
v 0.2326 0.7986 0.1213
v 0.2308 0.7949 0.1215
v 0.2308 0.7949 0.1215
v 0.2283 0.7946 0.1232
v 0.2283 0.7946 0.1232
v 0.2274 0.7913 0.1223
v 0.2276 0.7912 0.1227
v 0.2235 0.7885 0.1244
v 0.2235 0.7885 0.1244
v 0.2139 0.7822 0.1260
v 0.2139 0.7794 0.1260
v 0.2139 0.7794 0.1260
v 0.1941 0.7494 0.1242
v 0.1924 0.7491 0.1230
v 0.1923 0.7489 0.1230
v 0.1917 0.7471 0.1233
v 0.1917 0.7471 0.1239
v 0.1917 0.7471 0.1233
v 0.1917 0.7471 0.1233
v 0.1937 0.7543 0.1247
v 0.2011 0.8318 0.1895
v 0.1855 0.8381 0.2068
v 0.1695 0.8321 0.2146
v 0.0930 0.8037 0.2037
v 0.1632 0.6500 0.1185
v 0.1618 0.6474 0.1193
v 0.1865 0.6773 -0.0723
v 0.1810 0.6771 -0.0884
v 0.2053 0.7385 -0.1507
v 0.2366 0.7682 -0.1263
v 0.2421 0.7460 -0.0719
v 0.2431 0.7434 -0.0355
v 0.2520 0.7790 0.0237
v 0.2583 0.7963 0.0572
v 0.2583 0.7963 0.0572
v 0.2519 0.7969 0.0817
v 0.2159 0.7797 0.1257
v 0.2159 0.7796 0.1259
v 0.2119 0.7783 0.1260
v 0.2060 0.7675 0.1259
v 0.2060 0.7675 0.1259
v 0.2021 0.7597 0.1257
v 0.2021 0.7597 0.1257
v 0.1969 0.7528 0.1252
v 0.1969 0.7528 0.1252
v 0.1962 0.7508 0.1250
v 0.1963 0.7508 0.1247
v 0.1930 0.7494 0.1233
v 0.1932 0.7497 0.1231
v 0.1923 0.7490 0.1235
v 0.1952 0.7597 0.1270
v 0.1947 0.7658 0.1276
v 0.1897 0.8366 0.2027
v 0.1897 0.8366 0.2027
v 0.1065 0.8291 0.2497
v 0.1065 0.8291 0.2496
v 0.1045 0.8291 0.2493
v 0.1045 0.8291 0.2493
v 0.1026 0.8271 0.2490
v 0.1026 0.8271 0.2490
v 0.1006 0.8247 0.2487
v 0.1006 0.8247 0.2487
v 0.0925 0.8213 0.2464
v 0.1008 0.7463 0.1748
v 0.1236 0.7060 0.1450
v 0.1478 0.6656 0.1304
v 0.1580 0.6465 0.1228
v 0.1124 0.5324 0.1416
v 0.0607 0.4843 0.1159
v 0.1803 0.7386 -0.1269
v 0.2347 0.7603 -0.1217
v 0.2499 0.7698 -0.0166
v 0.2576 0.7932 0.0496
v 0.2120 0.7757 0.1261
v 0.2120 0.7757 0.1260
v 0.2081 0.7705 0.1260
v 0.2081 0.7705 0.1260
v 0.2081 0.7676 0.1260
v 0.2081 0.7676 0.1261
v 0.2061 0.7638 0.1260
v 0.2061 0.7638 0.1260
v 0.2041 0.7627 0.1259
v 0.2041 0.7627 0.1259
v 0.2040 0.7503 0.1258
v 0.1999 0.7585 0.1253
v 0.1983 0.7548 0.1253
v 0.1983 0.7548 0.1253
v 0.1955 0.7484 0.1250
v 0.1955 0.7484 0.1250
v 0.1951 0.7473 0.1256
v 0.1941 0.7493 0.1245
v 0.1940 0.7492 0.1245
v 0.1942 0.7493 0.1243
v 0.1942 0.7493 0.1243
v 0.1942 0.7493 0.1243
v 0.1942 0.7493 0.1243
v 0.2026 0.7984 0.1528
v 0.1855 0.8381 0.2068
v 0.1056 0.8272 0.2494
v 0.1056 0.8272 0.2494
v 0.1026 0.8252 0.2490
v 0.1026 0.8252 0.2490
v 0.0986 0.8189 0.2484
v 0.0985 0.8189 0.2484
v 0.1213 0.6842 0.1466
v 0.1603 0.6495 0.1210
v 0.1603 0.6495 0.1209
v 0.1558 0.6483 0.1245
v 0.1724 0.5226 -0.0714
v 0.1868 0.6698 -0.0776
v 0.1868 0.6698 -0.0776
v 0.1856 0.6675 -0.0835
v 0.1979 0.7690 -0.1541
v 0.1977 0.7689 -0.1543
v 0.2345 0.7604 -0.1217
v 0.2404 0.7560 -0.0215
v 0.2404 0.7560 -0.0215
v 0.2404 0.7560 -0.0215
v 0.2423 0.7563 -0.0207
v 0.2416 0.7568 -0.0220
v 0.2413 0.7567 -0.0221
v 0.2415 0.7567 -0.0220
v 0.2424 0.7639 -0.0214
v 0.2425 0.7638 -0.0213
v 0.2422 0.7640 -0.0212
v 0.2442 0.7631 -0.0208
v 0.2434 0.7646 -0.0218
v 0.2522 0.7720 0.0175
v 0.2576 0.7932 0.0496
v 0.2564 0.7928 0.0564
v 0.2566 0.7927 0.0564
v 0.2100 0.7744 0.1260
v 0.2100 0.7744 0.1260
v 0.2100 0.7715 0.1261
v 0.2100 0.7715 0.1261
v 0.2001 0.7548 0.1256
v 0.2001 0.7548 0.1256
v 0.1943 0.7471 0.1255
v 0.1949 0.7471 0.1250
v 0.1949 0.7471 0.1250
v 0.1935 0.7414 0.1259
v 0.1953 0.7489 0.1259
v 0.1954 0.7520 0.1265
v 0.1975 0.7645 0.1307
v 0.1854 0.8319 0.2029
v 0.1854 0.8319 0.2029
v 0.0763 0.7127 0.1700
v 0.1181 0.5591 0.1502
v 0.1594 0.5130 -0.0863
v 0.1892 0.6012 -0.0955
v 0.1864 0.6655 -0.0821
v 0.1855 0.6675 -0.0835
v -0.7507 -0.5772 0.1774
v 0.1724 0.6991 -0.1241
v 0.2352 0.7559 -0.1075
v 0.2340 0.7482 -0.1004
v 0.2374 0.7438 -0.0220
v 0.2393 0.7509 -0.0220
v 0.2393 0.7509 -0.0220
v 0.2392 0.7509 -0.0221
v 0.2384 0.7561 -0.0193
v 0.2417 0.7555 -0.0197
v 0.2407 0.7571 -0.0204
v 0.2407 0.7571 -0.0204
v 0.2407 0.7571 -0.0204
v 0.2407 0.7571 -0.0204
v 0.2406 0.7571 -0.0205
v 0.2421 0.7607 -0.0204
v 0.2421 0.7607 -0.0204
v 0.2424 0.7640 -0.0212
v 0.2429 0.7648 -0.0203
v 0.2431 0.7646 -0.0205
v 0.2521 0.7672 -0.0111
v 0.2520 0.7790 0.0237
v 0.2521 0.7810 0.0266
v 0.1942 0.7411 0.1248
v 0.1940 0.7411 0.1258
v 0.1964 0.7413 0.1336
v 0.1976 0.7630 0.1306
v 0.1847 0.8132 0.1924
v 0.1766 0.8285 0.2068
v 0.1362 0.8266 0.2393
v 0.1057 0.8100 0.2455
v 0.0967 0.8154 0.2479
v 0.0947 0.8173 0.2477
v 0.1580 0.6465 0.1227
v 0.0707 0.4678 0.0741
v 0.1597 0.5008 0.0276
v -0.7515 -0.6056 0.0446
v 0.1865 0.6655 -0.0821
v 0.1854 0.6644 -0.0856
v 0.1854 0.6644 -0.0856
v 0.1968 0.7651 -0.1546
v 0.2307 0.7413 -0.1063
v 0.2342 0.7520 -0.1059
v 0.2342 0.7520 -0.1059
v 0.2349 0.7232 -0.0246
v 0.2311 0.7082 -0.0204
v 0.2384 0.7501 -0.0215
v 0.2399 0.7508 -0.0207
v 0.2384 0.7501 -0.0215
v 0.2384 0.7501 -0.0215
v 0.2386 0.7514 -0.0204
v 0.2386 0.7514 -0.0204
v 0.2386 0.7514 -0.0204
v 0.2386 0.7514 -0.0204
v 0.2386 0.7514 -0.0204
v 0.2393 0.7509 -0.0191
v 0.2397 0.7528 -0.0193
v 0.2397 0.7528 -0.0193
v 0.2404 0.7560 -0.0195
v 0.2409 0.7565 -0.0195
v 0.2415 0.7566 -0.0195
v 0.2414 0.7567 -0.0192
v 0.2421 0.7592 -0.0192
v 0.2420 0.7588 -0.0194
v 0.2538 0.7709 0.0121
v 0.2522 0.7720 0.0175
v 0.2540 0.7852 0.0449
v 0.2540 0.7852 0.0449
v 0.2538 0.7855 0.0526
v 0.2537 0.7856 0.0526
v 0.2160 0.7617 0.1223
v 0.1825 0.7081 0.1187
v 0.1825 0.7081 0.1187
v 0.1818 0.7068 0.1190
v 0.1818 0.7068 0.1190
v 0.1818 0.7068 0.1190
v 0.1818 0.7068 0.1190
v 0.1816 0.7071 0.1207
v 0.1811 0.7081 0.1202
v 0.1822 0.7080 0.1212
v 0.1815 0.7073 0.1210
v 0.1806 0.7070 0.1210
v 0.1806 0.7070 0.1210
v 0.1845 0.7101 0.1223
v 0.1929 0.7372 0.1255
v 0.1929 0.7372 0.1255
v 0.1934 0.7408 0.1248
v 0.1932 0.7406 0.1250
v 0.1928 0.7413 0.1260
v 0.1937 0.7411 0.1251
v 0.2018 0.7797 0.1412
v 0.2018 0.7772 0.1468
v 0.2021 0.7916 0.1547
v 0.2022 0.7916 0.1547
v 0.2014 0.7929 0.1583
v 0.1862 0.8114 0.1896
v 0.1847 0.8132 0.1923
v 0.1822 0.8278 0.2026
v 0.1822 0.8278 0.2026
v 0.1540 0.6517 0.1262
v 0.1540 0.6517 0.1262
v 0.1558 0.6483 0.1246
v 0.1495 0.6022 0.1325
v 0.0429 0.4965 0.1412
v -0.7973 -0.4788 -0.1973
v 0.1838 0.5765 -0.1009
v 0.1839 0.6655 -0.0888
v 0.1839 0.6655 -0.0888
v 0.1944 0.7631 -0.1531
v 0.1944 0.7631 -0.1531
v 0.1968 0.7651 -0.1546
v 0.1982 0.7602 -0.1552
v 0.2352 0.7559 -0.1075
v 0.2459 0.7502 -0.0459
v 0.2337 0.7293 -0.0224
v 0.2352 0.7412 -0.0204
v 0.2349 0.7391 -0.0208
v 0.2349 0.7391 -0.0208
v 0.2366 0.7439 -0.0212
v 0.2366 0.7439 -0.0212
v 0.2368 0.7452 -0.0205
v 0.2367 0.7452 -0.0205
v 0.2368 0.7452 -0.0205
v 0.2366 0.7448 -0.0202
v 0.2399 0.7499 -0.0197
v 0.2365 0.7504 -0.0194
v 0.2391 0.7507 -0.0196
v 0.2388 0.7507 -0.0194
v 0.2393 0.7509 -0.0191
v 0.2514 0.7678 0.0128
v 0.2524 0.7675 0.0132
v 0.2518 0.7674 0.0147
v 0.2518 0.7674 0.0147
v 0.2530 0.7834 0.0335
v 0.2530 0.7834 0.0335
v 0.2336 0.7464 0.0854
v 0.1943 0.7270 0.1227
v 0.1929 0.7251 0.1216
v 0.1929 0.7251 0.1216
v 0.1938 0.7170 0.1211
v 0.1880 0.7089 0.1195
v 0.1844 0.7088 0.1191
v 0.1844 0.7088 0.1191
v 0.1828 0.7076 0.1200
v 0.1828 0.7076 0.1200
v 0.1829 0.7084 0.1203
v 0.1828 0.7076 0.1200
v 0.1828 0.7076 0.1200
v 0.1828 0.7076 0.1200
v 0.1822 0.7077 0.1209
v 0.1893 0.7216 0.1250
v 0.1893 0.7216 0.1251
v 0.1903 0.7299 0.1242
v 0.1906 0.7298 0.1240
v 0.1912 0.7308 0.1250
v 0.1913 0.7308 0.1249
v 0.1917 0.7353 0.1244
v 0.1917 0.7353 0.1244
v 0.1920 0.7237 0.1295
v 0.2016 0.7863 0.1531
v 0.2015 0.7885 0.1548
v 0.2015 0.7885 0.1548
v 0.2014 0.7929 0.1583
v 0.1862 0.8114 0.1896
v 0.1812 0.8074 0.1915
v 0.1778 0.8257 0.2041
v 0.1778 0.8257 0.2041
v 0.1765 0.8286 0.2066
v 0.0951 0.8117 0.2475
v 0.0951 0.8117 0.2475
v 0.0967 0.8154 0.2479
v 0.0947 0.8173 0.2476
v 0.0776 0.7332 0.1793
v 0.0741 0.7036 0.1693
v 0.0798 0.6950 0.1647
v -0.7820 -0.5058 -0.2043
v 0.1219 0.5772 0.1527
v 0.0940 0.5389 0.1571
v 0.0061 0.4918 0.1393
v 0.0994 0.4722 0.0607
v 0.1495 0.5009 -0.0772
v 0.1837 0.5579 -0.0853
v 0.1850 0.6607 -0.0886
v 0.1867 0.7493 -0.1483
v 0.1853 0.7491 -0.1484
v 0.1867 0.7492 -0.1477
v 0.1866 0.7491 -0.1482
v 0.1875 0.7500 -0.1486
v 0.1875 0.7500 -0.1486
v 0.1875 0.7500 -0.1486
v 0.1875 0.7500 -0.1486
v 0.1875 0.7500 -0.1486
v 0.1865 0.7492 -0.1488
v 0.1886 0.7939 -0.1657
v 0.1886 0.7939 -0.1657
v 0.1886 0.7921 -0.1648
v 0.1886 0.7921 -0.1649
v 0.1867 0.7951 -0.1655
v 0.1884 0.7898 -0.1639
v 0.1885 0.7899 -0.1637
v 0.1866 0.7949 -0.1658
v 0.1884 0.7991 -0.1683
v 0.1884 0.7991 -0.1683
v 0.1908 0.7922 -0.1659
v 0.1908 0.7922 -0.1658
v 0.1883 0.7857 -0.1618
v 0.1883 0.7857 -0.1618
v 0.1832 0.7750 -0.1557
v 0.1686 0.7693 -0.1555
v 0.1943 0.8028 -0.1722
v 0.1891 0.8210 -0.1792
v 0.1903 0.8406 -0.1940
v 0.1797 0.8824 -0.2404
v 0.1897 0.8745 -0.2388
v 0.1777 0.8870 -0.2800
v 0.1766 0.8819 -0.2849
v 0.1649 0.8809 -0.2846
v 0.1852 0.8835 -0.2746
v 0.1769 0.8904 -0.2734
v 0.1783 0.8898 -0.2605
v 0.1659 0.8700 -0.2884
v 0.1629 0.8911 -0.2724
v 0.1554 0.8819 -0.2793
v 0.1830 0.8708 -0.2867
v 0.1847 0.8849 -0.2533
v 0.1670 0.8915 -0.2725
v -0.8012 -0.4448 -0.2384
v 0.1746 0.8713 -0.2895
v 0.1787 0.8867 -0.2493
v 0.1868 0.8766 -0.2809
v 0.1810 0.8701 -0.2237
v 0.1771 0.8869 -0.2499
v 0.1774 0.8863 -0.2500
v 0.1773 0.8866 -0.2495
v 0.1787 0.8878 -0.2529
v 0.1768 0.8889 -0.2543
v 0.1768 0.8899 -0.2607
v 0.1709 0.8917 -0.2686
v 0.1690 0.8917 -0.2705
v 0.1547 0.8868 -0.2707
v 0.1436 0.8655 -0.2818
v 0.1865 0.8619 -0.2162
v 0.1759 0.8849 -0.2463
v 0.1768 0.8864 -0.2490
v 0.1749 0.8871 -0.2523
v 0.1768 0.8884 -0.2544
v 0.1729 0.8894 -0.2593
v 0.1750 0.8883 -0.2553
v 0.1750 0.8883 -0.2553
v 0.1732 0.8906 -0.2640
v 0.1712 0.8909 -0.2655
v 0.1709 0.8917 -0.2686
v 0.1690 0.8917 -0.2705
v 0.1670 0.8912 -0.2724
v 0.1635 0.8903 -0.2709
v 0.1634 0.8904 -0.2709
v 0.1279 0.8612 -0.2776
v 0.1701 0.8618 -0.2884
v 0.1804 0.8628 -0.2866
v 0.1925 0.8735 -0.2690
v 0.1771 0.8646 -0.2176
v 0.1759 0.8848 -0.2464
v 0.1744 0.8851 -0.2488
v 0.1744 0.8851 -0.2488
v 0.1749 0.8871 -0.2523
v 0.1728 0.8894 -0.2604
v 0.1729 0.8902 -0.2627
v 0.1729 0.8902 -0.2627
v 0.1711 0.8909 -0.2657
v 0.1700 0.8910 -0.2659
v 0.1701 0.8908 -0.2660
v 0.1670 0.8914 -0.2705
v 0.1670 0.8914 -0.2705
v 0.1633 0.8901 -0.2722
v 0.1945 0.8703 -0.2516
v 0.1773 0.8598 -0.2124
v 0.1770 0.8647 -0.2175
v 0.1768 0.8709 -0.2252
v 0.1768 0.8743 -0.2296
v 0.1767 0.8744 -0.2296
v 0.1764 0.8792 -0.2365
v 0.1764 0.8792 -0.2365
v 0.1757 0.8811 -0.2400
v 0.1757 0.8811 -0.2400
v 0.1747 0.8812 -0.2411
v 0.1747 0.8812 -0.2412
v 0.1755 0.8831 -0.2437
v 0.1755 0.8831 -0.2437
v 0.1741 0.8830 -0.2452
v 0.1741 0.8830 -0.2452
v 0.1734 0.8871 -0.2542
v 0.1734 0.8871 -0.2542
v 0.1707 0.8893 -0.2623
v 0.1611 0.8894 -0.2704
v 0.1610 0.8896 -0.2704
v 0.1565 0.8873 -0.2704
v 0.1409 0.8774 -0.2708
v 0.1933 0.8656 -0.2708
v 0.1806 0.8500 -0.2015
v 0.1766 0.8607 -0.2139
v 0.1766 0.8606 -0.2139
v 0.1767 0.8682 -0.2221
v 0.1767 0.8682 -0.2221
v 0.1751 0.8691 -0.2240
v 0.1751 0.8691 -0.2240
v 0.1768 0.8708 -0.2253
v 0.1759 0.8731 -0.2283
v 0.1759 0.8732 -0.2282
v 0.1749 0.8733 -0.2293
v 0.1749 0.8733 -0.2293
v 0.1744 0.8758 -0.2328
v 0.1745 0.8757 -0.2329
v 0.1755 0.8772 -0.2341
v 0.1755 0.8772 -0.2341
v 0.1742 0.8773 -0.2354
v 0.1742 0.8772 -0.2354
v 0.1749 0.8798 -0.2387
v 0.1749 0.8798 -0.2387
v 0.1707 0.8895 -0.2622
v 0.1560 0.8871 -0.2686
v 0.1565 0.8872 -0.2704
v 0.1896 0.8608 -0.2743
v 0.1924 0.8594 -0.2198
v 0.1773 0.8597 -0.2125
v 0.1753 0.8592 -0.2128
v 0.1748 0.8703 -0.2257
v 0.1748 0.8703 -0.2257
v 0.1561 0.8869 -0.2686
v 0.1551 0.8863 -0.2703
v 0.1531 0.8837 -0.2692
v 0.1527 0.8845 -0.2689
v 0.1510 0.8580 -0.2838
v 0.1955 0.8583 -0.2270
v 0.1771 0.8579 -0.2106
v 0.1771 0.8580 -0.2106
v 0.1753 0.8592 -0.2129
v 0.1660 0.8658 -0.2275
v 0.1551 0.8866 -0.2682
v 0.1553 0.8863 -0.2683
v 0.1464 0.8809 -0.2698
v 0.1412 0.8770 -0.2705
v 0.1729 0.8543 -0.2834
v 0.1846 0.8420 -0.1943
v 0.1845 0.8422 -0.1943
v 0.1866 0.8389 -0.1917
v 0.1866 0.8389 -0.1917
v 0.1897 0.8319 -0.1879
v 0.1897 0.8322 -0.1874
v 0.1885 0.8300 -0.1854
v 0.1912 0.8320 -0.1872
v 0.1905 0.8295 -0.1854
v 0.1905 0.8295 -0.1854
v 0.1887 0.8300 -0.1852
v 0.1866 0.8361 -0.1895
v 0.1866 0.8361 -0.1895
v 0.1849 0.8382 -0.1912
v 0.1849 0.8382 -0.1912
v 0.1807 0.8453 -0.1976
v 0.1807 0.8452 -0.1978
v 0.1806 0.8497 -0.2018
v 0.1786 0.8538 -0.2062
v 0.1786 0.8538 -0.2062
v 0.1514 0.8843 -0.2685
v 0.1514 0.8843 -0.2685
v 0.1464 0.8809 -0.2698
v 0.1422 0.8780 -0.2684
v 0.1422 0.8780 -0.2684
v 0.1402 0.8767 -0.2686
v 0.1401 0.8769 -0.2687
v 0.1879 0.8303 -0.1852
v 0.1879 0.8303 -0.1853
v 0.1782 0.8487 -0.2013
v 0.1782 0.8486 -0.2015
v 0.1786 0.8507 -0.2033
v 0.1786 0.8507 -0.2033
v 0.1774 0.8516 -0.2045
v 0.1774 0.8515 -0.2045
v 0.1768 0.8536 -0.2067
v 0.1768 0.8536 -0.2067
v 0.1456 0.8806 -0.2685
v 0.1458 0.8805 -0.2685
v 0.1373 0.8744 -0.2640
v 0.1339 0.8505 -0.2812
v 0.1565 0.8468 -0.2786
v 0.1798 0.8554 -0.2800
v 0.1940 0.8415 -0.1985
v 0.1973 0.8210 -0.1842
v 0.1902 0.7879 -0.1637
v 0.1903 0.7879 -0.1637
v 0.1884 0.8159 -0.1764
v 0.1884 0.8153 -0.1765
v 0.1890 0.8205 -0.1794
v 0.1885 0.8274 -0.1832
v 0.1885 0.8274 -0.1832
v 0.1796 0.8307 -0.1868
v 0.1330 0.8713 -0.2688
v 0.1330 0.8713 -0.2688
v 0.1282 0.8673 -0.2702
v 0.1255 0.8644 -0.2723
v 0.1235 0.8633 -0.2704
v 0.1236 0.8633 -0.2704
v 0.1221 0.8615 -0.2715
v 0.1219 0.8617 -0.2716
v 0.1951 0.8567 -0.2438
v -0.8236 -0.2290 -0.3366
v 0.1734 0.7935 -0.1664
v 0.1323 0.8711 -0.2683
v 0.1257 0.8642 -0.2721
v 0.1970 0.8463 -0.2184
v 0.1995 0.8093 -0.1814
v 0.1910 0.7825 -0.1620
v 0.1910 0.7825 -0.1620
v 0.1898 0.7795 -0.1600
v 0.1898 0.7795 -0.1600
v 0.1909 0.7700 -0.1564
v 0.1908 0.7665 -0.1551
v 0.1495 0.8683 -0.2477
v 0.1365 0.8711 -0.2590
v 0.1324 0.8710 -0.2683
v 0.1296 0.8690 -0.2685
v 0.1297 0.8689 -0.2685
v 0.1282 0.8673 -0.2702
v 0.1255 0.8649 -0.2705
v 0.1255 0.8649 -0.2705
v 0.1178 0.8589 -0.2687
v 0.1178 0.8589 -0.2687
v 0.1997 0.8290 -0.1965
v 0.1913 0.7775 -0.1601
v 0.1913 0.7775 -0.1601
v 0.1870 0.7536 -0.1502
v 0.1662 0.7484 -0.1492
v 0.1122 0.8550 -0.2665
v 0.1140 0.8564 -0.2684
v 0.1142 0.8562 -0.2684
v 0.1905 0.7754 -0.1587
v 0.1905 0.7754 -0.1587
v 0.1913 0.7732 -0.1581
v 0.1913 0.7732 -0.1581
v 0.1908 0.7699 -0.1565
v 0.1861 0.7639 -0.1527
v 0.1872 0.7534 -0.1501
v 0.1867 0.7530 -0.1499
v 0.1867 0.7530 -0.1499
v 0.1880 0.7531 -0.1495
v 0.1880 0.7531 -0.1495
v 0.1880 0.7531 -0.1495
v 0.1887 0.7530 -0.1501
v 0.1880 0.7531 -0.1495
v 0.1880 0.7531 -0.1495
v 0.1877 0.7530 -0.1481
v 0.1877 0.7530 -0.1481
v 0.1877 0.7530 -0.1481
v 0.1958 0.7647 -0.1540
v 0.1958 0.7647 -0.1540
v 0.2110 0.7221 -0.1422
v 0.2198 0.7316 -0.1316
v 0.2298 0.7230 -0.0203
v 0.2302 0.7160 -0.0200
v 0.2303 0.7230 -0.0199
v 0.2303 0.7230 -0.0199
v 0.2314 0.7244 -0.0196
v 0.2322 0.7294 -0.0202
v 0.2326 0.7328 -0.0196
v 0.2331 0.7326 -0.0196
v 0.2326 0.7327 -0.0198
v 0.2326 0.7328 -0.0196
v 0.2332 0.7335 -0.0204
v 0.2332 0.7335 -0.0204
v 0.2332 0.7335 -0.0204
v 0.2332 0.7335 -0.0204
v 0.2340 0.7356 -0.0206
v 0.2340 0.7355 -0.0206
v 0.2348 0.7403 -0.0195
v 0.2346 0.7403 -0.0195
v 0.2346 0.7403 -0.0195
v 0.2346 0.7403 -0.0195
v 0.2346 0.7403 -0.0195
v 0.2353 0.7409 -0.0197
v 0.2353 0.7410 -0.0203
v 0.2354 0.7411 -0.0197
v 0.2353 0.7410 -0.0203
v 0.2374 0.7437 -0.0197
v 0.2361 0.7432 -0.0205
v 0.2365 0.7446 -0.0195
v 0.2367 0.7449 -0.0195
v 0.2354 0.7443 -0.0194
v 0.2373 0.7451 -0.0191
v 0.2373 0.7451 -0.0191
v 0.2372 0.7452 -0.0191
v 0.2393 0.7393 -0.0161
v 0.2440 0.7604 0.0278
v 0.2517 0.7812 0.0301
v 0.2519 0.7811 0.0302
v 0.2523 0.7816 0.0404
v 0.2523 0.7816 0.0404
v 0.2524 0.7818 0.0489
v 0.2524 0.7818 0.0489
v 0.2042 0.7209 0.1219
v 0.1942 0.7270 0.1227
v 0.1938 0.7170 0.1211
v 0.1905 0.7098 0.1194
v 0.1880 0.7082 0.1189
v 0.1845 0.7081 0.1201
v 0.1845 0.7081 0.1201
v 0.1845 0.7081 0.1201
v 0.1824 0.7081 0.1212
v 0.1824 0.7081 0.1212
v 0.1824 0.7081 0.1212
v 0.1881 0.7196 0.1245
v 0.2016 0.7861 0.1531
v 0.1995 0.7868 0.1580
v 0.1980 0.8071 0.1749
v 0.0947 0.8146 0.2476
v 0.0947 0.8146 0.2476
v 0.1252 0.6448 0.1494
v 0.1505 0.6499 0.1291
v 0.1505 0.6499 0.1291
v 0.0646 0.5135 0.1521
v -0.0324 0.4916 0.1361
v -0.0551 0.4892 0.1251
v -0.0145 0.4681 0.0958
v -0.0344 0.4733 0.1034
v -0.8066 -0.0800 -0.3832
v 0.1736 0.6757 -0.1067
v 0.1850 0.7454 -0.1459
v 0.1860 0.7471 -0.1476
v 0.1854 0.7457 -0.1485
v 0.1854 0.7456 -0.1484
v 0.1852 0.7454 -0.1484
v 0.1859 0.7471 -0.1486
v 0.1863 0.7479 -0.1486
v 0.1080 0.8521 -0.2647
v 0.1149 0.8363 -0.2792
v 0.1850 0.8498 -0.2544
v 0.2001 0.8028 -0.1851
v 0.1916 0.7676 -0.1560
v 0.1916 0.7676 -0.1559
v 0.1908 0.7664 -0.1552
v 0.1915 0.7619 -0.1543
v 0.1913 0.7618 -0.1546
v 0.1878 0.7537 -0.1503
v 0.1881 0.7537 -0.1509
v 0.1889 0.7549 -0.1502
v 0.1893 0.7553 -0.1501
v 0.1889 0.7548 -0.1497
v 0.1889 0.7548 -0.1497
v 0.1925 0.7569 -0.1531
v 0.1956 0.7627 -0.1542
v 0.1956 0.7627 -0.1542
v 0.2342 0.7481 -0.1004
v 0.2306 0.7297 -0.0961
v 0.2385 0.7135 -0.0350
v 0.2343 0.7025 -0.0227
v 0.2327 0.7044 -0.0214
v 0.2301 0.7178 -0.0192
v 0.2304 0.7251 -0.0194
v 0.2305 0.7251 -0.0195
v 0.2305 0.7251 -0.0196
v 0.2310 0.7254 -0.0199
v 0.2305 0.7250 -0.0197
v 0.2313 0.7263 -0.0209
v 0.2309 0.7263 -0.0206
v 0.2313 0.7257 -0.0204
v 0.2319 0.7277 -0.0192
v 0.2319 0.7277 -0.0192
v 0.2326 0.7328 -0.0195
v 0.2330 0.7332 -0.0195
v 0.2326 0.7328 -0.0195
v 0.2335 0.7334 -0.0191
v 0.2335 0.7334 -0.0191
v 0.2340 0.7353 -0.0193
v 0.2340 0.7353 -0.0193
v 0.2361 0.7431 -0.0194
v 0.2379 0.7260 -0.0141
v 0.2501 0.7633 0.0159
v 0.2500 0.7630 0.0155
v 0.2434 0.7566 0.0605
v 0.2252 0.7697 0.1149
v 0.1925 0.7163 0.1201
v 0.1939 0.7138 0.1212
v 0.1867 0.7066 0.1195
v 0.1870 0.7071 0.1212
v 0.1870 0.7071 0.1212
v 0.1866 0.7077 0.1212
v 0.1864 0.7080 0.1204
v 0.1864 0.7080 0.1204
v 0.1864 0.7080 0.1204
v 0.1845 0.7084 0.1213
v 0.1845 0.7084 0.1213
v 0.1845 0.7084 0.1213
v 0.1860 0.7082 0.1217
v 0.1866 0.7107 0.1230
v 0.1866 0.7107 0.1230
v 0.1866 0.7107 0.1230
v 0.1881 0.7196 0.1245
v 0.1881 0.7196 0.1245
v 0.2014 0.7774 0.1467
v 0.1838 0.8057 0.1880
v 0.1837 0.8057 0.1879
v 0.1812 0.8074 0.1915
v 0.1758 0.8166 0.2003
v 0.1773 0.8227 0.2027
v 0.1773 0.8227 0.2027
v 0.0908 0.7994 0.2458
v 0.0928 0.8135 0.2472
v 0.0928 0.8135 0.2472
v 0.0957 0.7682 0.1851
v 0.0346 0.4544 0.0534
v 0.1302 0.4848 0.0526
v 0.1500 0.4910 0.0023
v 0.1424 0.4914 -0.0589
v 0.1835 0.6619 -0.0916
v 0.1835 0.6619 -0.0916
v 0.1828 0.7448 -0.1410
v 0.1854 0.7453 -0.1473
v 0.1852 0.7453 -0.1464
v 0.1856 0.7453 -0.1475
v 0.1851 0.7452 -0.1478
v 0.1850 0.7456 -0.1485
v 0.1848 0.7455 -0.1482
v 0.1850 0.7456 -0.1485
v 0.1838 0.7470 -0.1483
v 0.1474 0.8372 -0.2077
v 0.1440 0.8423 -0.2153
v 0.0997 0.8463 -0.2627
v 0.1122 0.8550 -0.2665
v 0.1101 0.8532 -0.2667
v 0.1101 0.8532 -0.2667
v 0.1061 0.8497 -0.2667
v 0.1212 0.8311 -0.2779
v -0.7812 0.2381 -0.2159
v 0.1972 0.7784 -0.1736
v 0.1945 0.7742 -0.1623
v 0.1921 0.7641 -0.1555
v 0.1921 0.7641 -0.1555
v 0.1889 0.7568 -0.1517
v 0.1889 0.7568 -0.1517
v 0.1889 0.7568 -0.1517
v 0.1889 0.7568 -0.1517
v 0.1886 0.7548 -0.1507
v 0.1893 0.7552 -0.1506
v 0.1886 0.7548 -0.1507
v 0.1895 0.7554 -0.1504
v 0.1915 0.7559 -0.1525
v 0.1927 0.7568 -0.1527
v 0.2309 0.7413 -0.1063
v 0.2314 0.7086 -0.0190
v 0.2308 0.7090 -0.0195
v 0.2308 0.7090 -0.0195
v 0.2308 0.7090 -0.0195
v 0.2307 0.7098 -0.0194
v 0.2314 0.7257 -0.0191
v 0.2314 0.7257 -0.0191
v 0.2314 0.7257 -0.0191
v 0.2355 0.7410 -0.0192
v 0.2498 0.7581 0.0087
v 0.2499 0.7604 0.0129
v 0.2499 0.7611 0.0138
v 0.2496 0.7610 0.0135
v 0.1939 0.7137 0.1212
v 0.1929 0.7096 0.1216
v 0.1929 0.7096 0.1216
v 0.1903 0.7100 0.1199
v 0.1911 0.7083 0.1208
v 0.1903 0.7087 0.1221
v 0.1903 0.7081 0.1207
v 0.1884 0.7068 0.1211
v 0.1884 0.7068 0.1211
v 0.1883 0.7067 0.1214
v 0.1884 0.7068 0.1211
v 0.1884 0.7068 0.1211
v 0.1884 0.7068 0.1211
v 0.1871 0.7071 0.1213
v 0.1871 0.7071 0.1213
v 0.1871 0.7071 0.1213
v 0.1865 0.7081 0.1216
v 0.1865 0.7081 0.1216
v 0.1865 0.7081 0.1216
v 0.1883 0.7119 0.1242
v 0.1881 0.7173 0.1246
v 0.1881 0.7173 0.1246
v 0.1890 0.7196 0.1254
v 0.1891 0.7196 0.1253
v 0.1990 0.7667 0.1451
v 0.2003 0.7740 0.1474
v 0.2003 0.7740 0.1474
v 0.1976 0.7879 0.1621
v 0.1973 0.7904 0.1641
v 0.1780 0.8039 0.1919
v 0.1785 0.8082 0.1940
v 0.1735 0.8212 0.2040
v 0.1735 0.8212 0.2040
v 0.1464 0.8182 0.2201
v 0.0927 0.8106 0.2472
v 0.0927 0.8106 0.2472
v 0.0752 0.7913 0.2149
v 0.0997 0.6535 0.1631
v 0.1148 0.6364 0.1567
v 0.1305 0.6439 0.1455
v 0.1438 0.6501 0.1348
v 0.1438 0.6501 0.1348
v 0.0988 0.5629 0.1632
v -0.0790 0.4630 0.0481
v 0.0037 0.4520 0.0509
v 0.0391 0.4508 0.0354
v 0.0734 0.4587 0.0390
v 0.1780 0.7156 -0.1366
v 0.1802 0.7359 -0.1390
v 0.1838 0.7414 -0.1456
v 0.1849 0.7449 -0.1458
v 0.1845 0.7436 -0.1467
v 0.1846 0.7449 -0.1477
v 0.1846 0.7449 -0.1477
v 0.1839 0.7449 -0.1474
v 0.1838 0.7470 -0.1483
v 0.1838 0.7470 -0.1483
v -0.7683 0.2939 0.0336
v 0.1081 0.8520 -0.2647
v 0.1060 0.8502 -0.2648
v 0.1061 0.8500 -0.2647
v 0.1061 0.8497 -0.2667
v 0.1957 0.8416 -0.2221
v 0.2007 0.8233 -0.2006
v 0.1952 0.7610 -0.1585
v 0.1905 0.7556 -0.1516
v 0.1907 0.7558 -0.1519
v 0.1905 0.7556 -0.1516
v 0.2000 0.7160 -0.1489
v 0.2304 0.7335 -0.1007
v 0.2303 0.7335 -0.1007
v 0.2378 0.7224 -0.0721
v 0.2324 0.7046 -0.0204
v 0.2323 0.7059 -0.0206
v 0.2319 0.7061 -0.0204
v 0.2313 0.7084 -0.0196
v 0.2313 0.7082 -0.0202
v 0.2313 0.7257 -0.0187
v 0.2501 0.7596 0.0105
v 0.2501 0.7596 0.0105
v 0.1913 0.7071 0.1214
v 0.1913 0.7071 0.1214
v 0.1902 0.7063 0.1216
v 0.1902 0.7068 0.1212
v 0.1902 0.7068 0.1212
v 0.1902 0.7059 0.1220
v 0.1887 0.7063 0.1222
v 0.1887 0.7063 0.1222
v 0.1887 0.7063 0.1222
v 0.1875 0.7050 0.1237
v 0.1887 0.7063 0.1222
v 0.1881 0.7083 0.1225
v 0.1881 0.7083 0.1225
v 0.1881 0.7083 0.1225
v 0.1878 0.7095 0.1228
v 0.1878 0.7095 0.1228
v 0.1878 0.7095 0.1228
v 0.1878 0.7095 0.1228
v 0.1886 0.7099 0.1239
v 0.1886 0.7099 0.1239
v 0.1882 0.7098 0.1242
v 0.1884 0.7094 0.1240
v 0.1883 0.7118 0.1242
v 0.1889 0.7176 0.1255
v 0.1889 0.7176 0.1255
v 0.1993 0.7695 0.1467
v 0.1993 0.7695 0.1467
v 0.1975 0.7879 0.1620
v 0.1974 0.7904 0.1641
v 0.1856 0.8012 0.1829
v 0.1856 0.8012 0.1829
v 0.1829 0.8020 0.1861
v 0.1829 0.8020 0.1861
v 0.1779 0.8039 0.1918
v 0.1785 0.8082 0.1939
v 0.1758 0.8167 0.2002
v 0.0923 0.7920 0.2434
v 0.0899 0.8088 0.2464
v 0.0901 0.8089 0.2460
v 0.1305 0.6439 0.1454
v 0.1191 0.6001 0.1562
v -0.8434 0.0594 0.2278
v -0.0747 0.4965 0.1266
v 0.1819 0.6596 -0.0961
v 0.1819 0.6596 -0.0961
v 0.1702 0.6523 -0.1286
v 0.1839 0.7414 -0.1456
v 0.1844 0.7432 -0.1471
v 0.1827 0.7449 -0.1478
v 0.1827 0.7449 -0.1478
v 0.1827 0.7449 -0.1478
v 0.1827 0.7449 -0.1478
v 0.1433 0.8271 -0.2030
v 0.1256 0.8277 -0.2732
v 0.1356 0.8410 -0.2786
v 0.1596 0.8344 -0.2585
v 0.1922 0.7569 -0.1536
v 0.1922 0.7569 -0.1536
v 0.1916 0.7559 -0.1525
v 0.1916 0.7559 -0.1525
v 0.1916 0.7559 -0.1525
v 0.1916 0.7559 -0.1525
v 0.2034 0.7129 -0.1474
v 0.2359 0.7170 -0.0770
v 0.2377 0.7225 -0.0720
v 0.2326 0.7008 -0.0196
v 0.2342 0.7008 -0.0193
v 0.2326 0.7008 -0.0195
v 0.2321 0.7010 -0.0196
v 0.2326 0.7007 -0.0193
v 0.2324 0.7027 -0.0191
v 0.2314 0.7082 -0.0191
v 0.2316 0.7082 -0.0191
v 0.2185 0.7450 0.1153
v 0.2025 0.7029 0.1217
v 0.1948 0.7031 0.1228
v 0.1903 0.7058 0.1219
v 0.1903 0.7058 0.1219
v 0.1903 0.7058 0.1219
v 0.1903 0.7058 0.1219
v 0.1894 0.7051 0.1230
v 0.1894 0.7051 0.1230
v 0.1894 0.7051 0.1230
v 0.1913 0.7053 0.1225
v 0.1903 0.7043 0.1227
v 0.1903 0.7043 0.1227
v 0.1903 0.7043 0.1227
v 0.1900 0.7045 0.1232
v 0.1903 0.7043 0.1227
v 0.1893 0.7092 0.1248
v 0.1990 0.7667 0.1451
v 0.1945 0.7862 0.1651
v 0.1937 0.7889 0.1676
v 0.1740 0.7987 0.1915
v 0.1740 0.7987 0.1915
v 0.1145 0.8050 0.2375
v 0.0870 0.8057 0.2449
v 0.0841 0.8012 0.2432
v 0.0799 0.8014 0.2379
v 0.0777 0.7533 0.1875
v 0.0707 0.7631 0.1971
v 0.0892 0.6750 0.1638
v 0.1251 0.6447 0.1491
v 0.1199 0.6373 0.1534
v 0.1198 0.6373 0.1533
v 0.1140 0.4737 0.0368
v -0.8387 0.0471 0.2583
v 0.1614 0.5243 -0.1011
v 0.1771 0.6153 -0.1240
v 0.1805 0.6591 -0.0993
v 0.1805 0.6591 -0.0993
v 0.1756 0.6516 -0.1132
v 0.1711 0.6683 -0.1299
v 0.1741 0.6907 -0.1357
v 0.1758 0.7020 -0.1363
v 0.1840 0.7413 -0.1469
v 0.1840 0.7413 -0.1469
v 0.1746 0.7456 -0.1469
v -0.8390 0.0259 0.2682
v 0.1068 0.8496 -0.2543
v 0.1029 0.8475 -0.2651
v 0.1029 0.8475 -0.2651
v 0.1369 0.8392 -0.2772
v 0.1936 0.7550 -0.1547
v 0.1924 0.7553 -0.1533
v 0.1924 0.7553 -0.1533
v 0.1924 0.7553 -0.1533
v 0.1924 0.7553 -0.1533
v 0.1943 0.7549 -0.1541
v 0.1948 0.7408 -0.1525
v 0.2287 0.7287 -0.1025
v 0.2309 0.7296 -0.0962
v 0.2366 0.7170 -0.0752
v 0.2366 0.7170 -0.0752
v 0.2379 0.6928 -0.0317
v 0.2332 0.7001 -0.0204
v 0.2332 0.7001 -0.0204
v 0.2331 0.6992 -0.0207
v 0.2340 0.7004 -0.0207
v 0.2330 0.7005 -0.0193
v 0.2362 0.7085 -0.0155
v 0.2498 0.7581 0.0087
v 0.2481 0.7546 0.0103
v 0.2366 0.7398 0.0728
v 0.1924 0.7039 0.1224
v 0.1924 0.7039 0.1224
v 0.1907 0.7022 0.1229
v 0.1907 0.7022 0.1229
v 0.1919 0.6992 0.1251
v 0.1916 0.6989 0.1233
v 0.1913 0.6990 0.1233
v 0.1913 0.6990 0.1233
v 0.1921 0.6986 0.1236
v 0.1907 0.6973 0.1249
v 0.1907 0.7012 0.1242
v 0.1907 0.7012 0.1242
v 0.1899 0.7044 0.1238
v 0.1899 0.7044 0.1238
v 0.1899 0.7044 0.1238
v 0.1921 0.7113 0.1352
v 0.1955 0.7498 0.1451
v 0.1970 0.7583 0.1457
v 0.1970 0.7582 0.1457
v 0.1944 0.7862 0.1651
v 0.1832 0.7929 0.1794
v 0.1698 0.7835 0.1864
v 0.1739 0.8017 0.1932
v 0.1739 0.8017 0.1932
v 0.1741 0.8091 0.1971
v 0.1741 0.8091 0.1971
v 0.1699 0.8021 0.1957
v 0.1451 0.8074 0.2105
v 0.0887 0.8057 0.2458
v 0.0887 0.8057 0.2458
v 0.0697 0.7829 0.2279
v 0.0892 0.6749 0.1639
v 0.0238 0.5086 0.1586
v 0.1731 0.6806 -0.1339
v 0.1752 0.6963 -0.1358
v 0.1755 0.6967 -0.1363
v 0.1752 0.6963 -0.1358
v 0.1825 0.7354 -0.1456
v 0.1832 0.7384 -0.1451
v 0.1836 0.7382 -0.1467
v 0.1836 0.7382 -0.1467
v 0.1836 0.7382 -0.1467
v 0.1836 0.7382 -0.1467
v 0.1827 0.7409 -0.1471
v 0.1528 0.8026 -0.1839
v 0.1002 0.8458 -0.2626
v 0.1370 0.8390 -0.2771
v 0.1895 0.8455 -0.2385
v 0.1907 0.8323 -0.2222
v 0.1935 0.7481 -0.1580
v 0.1931 0.7530 -0.1540
v 0.1931 0.7530 -0.1540
v 0.1931 0.7530 -0.1540
v 0.2288 0.7205 -0.0982
v 0.2369 0.7102 -0.0726
v 0.2395 0.7204 -0.0587
v 0.2348 0.6935 -0.0195
v 0.2339 0.6931 -0.0184
v 0.2348 0.6935 -0.0195
v 0.2348 0.6935 -0.0195
v 0.2348 0.6935 -0.0195
v 0.2335 0.7000 -0.0185
v 0.2335 0.7001 -0.0186
v 0.2483 0.7545 0.0103
v 0.2116 0.7144 0.1168
v 0.1925 0.6983 0.1237
v 0.1920 0.6977 0.1228
v 0.1925 0.6983 0.1237
v 0.1917 0.6982 0.1243
v 0.1914 0.6983 0.1244
v 0.1914 0.6983 0.1244
v 0.1914 0.6983 0.1244
v 0.1916 0.6972 0.1250
v 0.1916 0.6972 0.1250
v 0.1919 0.6968 0.1253
v 0.1916 0.6972 0.1250
v 0.1911 0.7015 0.1257
v 0.1955 0.7498 0.1451
v 0.1938 0.7889 0.1676
v 0.1716 0.8039 0.1957
v 0.1716 0.8039 0.1957
v 0.0870 0.8057 0.2448
v 0.0681 0.7362 0.1893
v 0.0816 0.6538 0.1739
v 0.1147 0.6364 0.1567
v 0.0645 0.5306 0.1653
v -0.0254 0.5085 0.1583
v -0.0962 0.4903 0.1010
v -0.1011 0.4697 0.0398
v 0.1760 0.7022 -0.1363
v 0.1770 0.7043 -0.1379
v 0.1767 0.7054 -0.1384
v 0.1770 0.7043 -0.1379
v 0.1770 0.7043 -0.1379
v 0.1765 0.7023 -0.1377
v 0.1765 0.7023 -0.1377
v 0.1763 0.7021 -0.1385
v 0.1817 0.7342 -0.1440
v 0.1829 0.7375 -0.1463
v 0.1830 0.7375 -0.1457
v 0.1830 0.7375 -0.1457
v 0.1828 0.7373 -0.1462
v 0.1824 0.7370 -0.1467
v 0.1544 0.7698 -0.1649
v 0.0940 0.8408 -0.2607
v 0.0962 0.8425 -0.2625
v 0.0962 0.8425 -0.2625
v 0.0940 0.8376 -0.2681
v 0.1148 0.8460 -0.2780
v 0.1399 0.8365 -0.2738
v 0.1386 0.8376 -0.2754
v -0.7700 -0.4713 0.3063
v 0.1926 0.7471 -0.1551
v 0.1926 0.7450 -0.1534
v 0.1930 0.7490 -0.1538
v 0.1943 0.7451 -0.1529
v 0.1943 0.7451 -0.1529
v 0.1943 0.7451 -0.1529
v 0.1931 0.7436 -0.1526
v 0.1931 0.7436 -0.1526
v 0.1931 0.7436 -0.1526
v 0.1931 0.7436 -0.1526
v 0.1903 0.7168 -0.1483
v 0.2287 0.7287 -0.1025
v 0.2352 0.7207 -0.0799
v 0.2352 0.7207 -0.0800
v 0.2360 0.7170 -0.0770
v 0.2369 0.7105 -0.0726
v 0.2357 0.6913 -0.0204
v 0.2355 0.6927 -0.0203
v 0.2355 0.6927 -0.0203
v 0.2355 0.6927 -0.0203
v 0.2417 0.7307 -0.0060
v 0.1963 0.6896 0.1252
v 0.1944 0.6962 0.1241
v 0.1924 0.6964 0.1246
v 0.1924 0.6964 0.1246
v 0.1924 0.6964 0.1246
v 0.1920 0.6965 0.1259
v 0.1920 0.6965 0.1259
v 0.1918 0.6964 0.1260
v 0.1917 0.7306 0.1465
v 0.1832 0.7991 0.1838
v 0.1832 0.7991 0.1838
v 0.1700 0.7944 0.1918
v 0.1701 0.7943 0.1920
v 0.1708 0.7984 0.1933
v 0.1708 0.7984 0.1933
v 0.0841 0.8012 0.2432
v 0.0868 0.8036 0.2440
v 0.0870 0.8036 0.2439
v 0.1054 0.6282 0.1631
v 0.1127 0.6290 0.1586
v 0.1127 0.6290 0.1586
v 0.0113 0.4465 0.0133
v 0.1783 0.6530 -0.1068
v 0.1783 0.6530 -0.1068
v 0.1757 0.6516 -0.1132
v 0.1697 0.6557 -0.1303
v 0.1747 0.6942 -0.1358
v 0.1744 0.6924 -0.1357
v 0.1748 0.6944 -0.1357
v 0.1757 0.6970 -0.1367
v 0.1753 0.6968 -0.1369
v 0.1753 0.6966 -0.1367
v 0.1768 0.6978 -0.1368
v 0.1760 0.7004 -0.1377
v 0.1760 0.7004 -0.1377
v 0.1760 0.7004 -0.1377
v 0.1760 0.7004 -0.1377
v 0.1757 0.7009 -0.1386
v 0.1749 0.7008 -0.1389
v 0.1750 0.7006 -0.1384
v 0.1751 0.7015 -0.1384
v 0.1762 0.7011 -0.1399
v 0.1760 0.7010 -0.1387
v 0.1760 0.7010 -0.1387
v 0.1763 0.7023 -0.1389
v 0.1763 0.7023 -0.1389
v 0.1768 0.7041 -0.1396
v 0.1768 0.7041 -0.1396
v 0.1768 0.7041 -0.1396
v 0.1769 0.7046 -0.1400
v 0.1768 0.7041 -0.1396
v 0.1768 0.7041 -0.1396
v 0.1768 0.7041 -0.1396
v 0.1776 0.7050 -0.1392
v 0.1776 0.7051 -0.1387
v 0.1776 0.7053 -0.1386
v 0.1774 0.7051 -0.1387
v 0.1777 0.7050 -0.1403
v 0.1778 0.7050 -0.1396
v 0.1820 0.7300 -0.1446
v 0.1818 0.7342 -0.1440
v 0.1823 0.7354 -0.1456
v 0.1823 0.7355 -0.1456
v 0.1823 0.7354 -0.1456
v 0.1822 0.7375 -0.1466
v 0.0933 0.8395 -0.2547
v -0.7738 -0.5142 0.2280
v 0.1953 0.7873 -0.1869
v 0.1934 0.7426 -0.1635
v 0.1930 0.7490 -0.1538
v 0.1928 0.7470 -0.1536
v 0.1928 0.7470 -0.1536
v 0.1928 0.7470 -0.1536
v 0.1924 0.7451 -0.1532
v 0.1924 0.7451 -0.1532
v 0.1921 0.7448 -0.1529
v 0.1924 0.7451 -0.1532
v 0.1924 0.7451 -0.1532
v 0.1922 0.7447 -0.1527
v 0.1917 0.7446 -0.1525
v 0.1908 0.7443 -0.1523
v 0.1929 0.7440 -0.1526
v 0.1915 0.7446 -0.1526
v 0.1914 0.7445 -0.1534
v 0.1916 0.7445 -0.1536
v 0.1914 0.7445 -0.1534
v 0.2280 0.7230 -0.1014
v 0.2280 0.7230 -0.1014
v 0.2337 0.7145 -0.0834
v 0.2337 0.7145 -0.0834
v 0.2365 0.6851 -0.0718
v 0.2364 0.6888 -0.0202
v 0.2378 0.6895 -0.0201
v 0.2375 0.6884 -0.0205
v 0.2365 0.6888 -0.0194
v 0.2362 0.6906 -0.0205
v 0.2362 0.6906 -0.0205
v 0.2366 0.7002 -0.0159
v 0.2368 0.6997 -0.0161
v 0.2369 0.7273 0.0515
v 0.2065 0.6989 0.1199
v 0.1938 0.6925 0.1258
v 0.1942 0.6922 0.1249
v 0.1937 0.6918 0.1252
v 0.1934 0.6926 0.1253
v 0.1932 0.6927 0.1254
v 0.1925 0.6933 0.1247
v 0.1929 0.6944 0.1248
v 0.1932 0.6970 0.1317
v 0.1897 0.7215 0.1489
v 0.1953 0.7452 0.1458
v 0.1945 0.7453 0.1455
v 0.1937 0.7466 0.1480
v 0.1937 0.7467 0.1480
v 0.1910 0.7551 0.1552
v 0.1919 0.7864 0.1681
v 0.1919 0.7864 0.1681
v 0.1894 0.7866 0.1707
v 0.1832 0.7928 0.1794
v 0.1681 0.7955 0.1933
v 0.1681 0.7955 0.1933
v 0.1699 0.8021 0.1956
v 0.0723 0.6825 0.1767
v 0.0988 0.6309 0.1666
v 0.1053 0.6282 0.1631
v -0.0600 0.5041 0.1435
v -0.0588 0.4536 0.0164
v 0.0696 0.4553 0.0079
v -0.7356 -0.6136 -0.1495
v 0.1699 0.6467 -0.1293
v 0.1706 0.6640 -0.1298
v 0.1711 0.6683 -0.1300
v 0.1711 0.6683 -0.1300
v 0.1745 0.6887 -0.1360
v 0.1735 0.6897 -0.1366
v 0.1734 0.6896 -0.1365
v 0.1748 0.6960 -0.1367
v 0.1748 0.6963 -0.1370
v 0.1748 0.6963 -0.1370
v 0.1748 0.6963 -0.1370
v 0.1747 0.6983 -0.1375
v 0.1747 0.6983 -0.1375
v 0.1747 0.7002 -0.1382
v 0.1748 0.7021 -0.1389
v 0.1753 0.7049 -0.1408
v 0.1751 0.7043 -0.1398
v 0.1751 0.7043 -0.1398
v 0.1751 0.7043 -0.1398
v 0.1709 0.7140 -0.1421
v 0.1717 0.7090 -0.1405
v 0.1764 0.7049 -0.1405
v 0.1758 0.7051 -0.1404
v 0.1767 0.7049 -0.1406
v 0.1779 0.7050 -0.1407
v 0.1779 0.7050 -0.1407
v 0.1764 0.7056 -0.1405
v 0.1779 0.7050 -0.1407
v 0.1781 0.7062 -0.1396
v 0.1781 0.7062 -0.1396
v 0.1789 0.7083 -0.1399
v 0.1816 0.7119 -0.1421
v 0.1838 0.7240 -0.1458
v 0.1838 0.7240 -0.1458
v 0.1821 0.7334 -0.1456
v 0.1821 0.7334 -0.1456
v 0.1768 0.7062 -0.1412
v 0.1768 0.7062 -0.1412
v 0.1768 0.7062 -0.1412
v 0.1787 0.7067 -0.1416
v 0.1786 0.7072 -0.1422
v 0.1784 0.7070 -0.1419
v 0.1787 0.7067 -0.1416
v 0.1779 0.7080 -0.1422
v 0.1791 0.7075 -0.1413
v 0.1787 0.7067 -0.1416
v 0.1787 0.7067 -0.1416
v 0.1789 0.7083 -0.1399
v 0.1789 0.7083 -0.1399
v 0.1851 0.7203 -0.1470
v 0.1854 0.7204 -0.1467
v 0.1849 0.7252 -0.1473
v 0.1849 0.7252 -0.1473
v 0.1837 0.7258 -0.1463
v 0.1835 0.7261 -0.1464
v 0.1824 0.7314 -0.1457
v 0.1824 0.7314 -0.1457
v 0.1823 0.7313 -0.1461
v 0.1828 0.7315 -0.1463
v 0.1819 0.7327 -0.1466
v 0.1790 0.7254 -0.1466
v 0.1795 0.7090 -0.1446
v 0.1789 0.7075 -0.1427
v 0.1782 0.7075 -0.1424
v 0.1783 0.7075 -0.1424
v 0.1794 0.7073 -0.1426
v 0.1795 0.7073 -0.1427
v 0.1795 0.7073 -0.1426
v 0.1797 0.7073 -0.1426
v 0.1799 0.7086 -0.1437
v 0.1789 0.7092 -0.1413
v 0.1796 0.7092 -0.1407
v 0.2288 0.7205 -0.0982
v 0.2310 0.7131 -0.0907
v 0.2310 0.7131 -0.0907
v 0.2322 0.7042 -0.0871
v 0.2323 0.7042 -0.0871
v 0.2363 0.6769 -0.0722
v 0.2376 0.6892 -0.0186
v 0.2369 0.6888 -0.0188
v 0.2363 0.6906 -0.0184
v 0.2363 0.6906 -0.0184
v 0.2356 0.6927 -0.0187
v 0.2356 0.6927 -0.0187
v 0.2356 0.6927 -0.0187
v 0.2466 0.7476 0.0058
v 0.2466 0.7476 0.0058
v 0.2463 0.7479 0.0096
v 0.2463 0.7479 0.0096
v 0.1984 0.6749 0.1276
v 0.1963 0.6896 0.1252
v 0.1938 0.6916 0.1252
v 0.1936 0.6915 0.1251
v 0.1935 0.6915 0.1252
v 0.1934 0.6918 0.1257
v 0.1937 0.6909 0.1260
v 0.1935 0.6911 0.1266
v 0.1928 0.6912 0.1262
v 0.1934 0.6911 0.1264
v 0.1932 0.6923 0.1259
v 0.1926 0.6944 0.1260
v 0.1926 0.6944 0.1260
v 0.1917 0.7306 0.1465
v 0.1917 0.7329 0.1472
v 0.1917 0.7329 0.1472
v 0.1918 0.7369 0.1483
v 0.1918 0.7369 0.1483
v 0.1896 0.7863 0.1699
v 0.1887 0.7873 0.1713
v 0.1817 0.7939 0.1817
v 0.1817 0.7939 0.1817
v 0.0898 0.7725 0.2343
v 0.0841 0.7905 0.2421
v 0.0987 0.6309 0.1665
v 0.0957 0.6266 0.1687
v -0.0150 0.5216 0.1704
v -0.1323 0.4966 0.0766
v 0.1147 0.4723 0.0099
v -0.7484 -0.6092 -0.0694
v 0.1690 0.5533 -0.1155
v 0.1739 0.6461 -0.1198
v 0.1706 0.6459 -0.1273
v 0.1706 0.6459 -0.1273
v 0.1696 0.6466 -0.1292
v 0.1700 0.6522 -0.1286
v 0.1701 0.6583 -0.1296
v 0.1703 0.6611 -0.1297
v 0.1703 0.6611 -0.1297
v 0.1715 0.6699 -0.1327
v 0.1716 0.6699 -0.1328
v 0.1714 0.6695 -0.1326
v 0.1723 0.6702 -0.1330
v 0.1714 0.6693 -0.1322
v 0.1735 0.6813 -0.1348
v 0.1732 0.6810 -0.1348
v 0.1735 0.6813 -0.1348
v 0.1740 0.6885 -0.1355
v 0.1740 0.6885 -0.1355
v 0.1729 0.6889 -0.1365
v 0.1734 0.6896 -0.1366
v 0.1703 0.7090 -0.1404
v 0.1684 0.7087 -0.1404
v 0.1662 0.7083 -0.1409
v 0.1701 0.7090 -0.1404
v 0.0940 0.8408 -0.2607
v 0.1908 0.8009 -0.2020
v 0.1935 0.7478 -0.1583
v 0.1925 0.7471 -0.1551
v 0.1925 0.7471 -0.1551
v 0.1918 0.7446 -0.1544
v 0.1914 0.7443 -0.1547
v 0.1920 0.7450 -0.1550
v 0.1920 0.7450 -0.1550
v 0.1911 0.7431 -0.1533
v 0.1912 0.7431 -0.1523
v 0.1905 0.7408 -0.1519
v 0.1902 0.7408 -0.1519
v 0.1904 0.7408 -0.1526
v 0.1905 0.7410 -0.1526
v 0.1897 0.7402 -0.1523
v 0.1888 0.7405 -0.1532
v 0.1897 0.7402 -0.1523
v 0.1897 0.7402 -0.1523
v 0.1856 0.7286 -0.1485
v 0.1856 0.7286 -0.1485
v 0.1857 0.7286 -0.1485
v 0.1857 0.7286 -0.1485
v 0.1829 0.7295 -0.1458
v 0.1844 0.7291 -0.1456
v 0.1829 0.7295 -0.1458
v 0.1828 0.7296 -0.1464
v 0.1822 0.7314 -0.1467
v 0.1820 0.7110 -0.1483
v 0.1789 0.7082 -0.1433
v 0.1789 0.7082 -0.1433
v 0.1789 0.7082 -0.1433
v 0.1789 0.7082 -0.1433
v 0.1799 0.7084 -0.1418
v 0.1799 0.7084 -0.1418
v 0.1813 0.7094 -0.1429
v 0.1817 0.7119 -0.1420
v 0.1863 0.7144 -0.1463
v 0.1876 0.7118 -0.1469
v 0.2075 0.6917 -0.1412
v 0.2291 0.7168 -0.0961
v 0.2291 0.7168 -0.0961
v 0.2288 0.7116 -0.0958
v 0.2284 0.7116 -0.0956
v 0.2312 0.7080 -0.0898
v 0.2312 0.7080 -0.0898
v 0.2382 0.6314 -0.0772
v 0.2365 0.6671 -0.0718
v 0.2365 0.6671 -0.0718
v 0.2362 0.6750 -0.0724
v 0.2392 0.6522 -0.0390
v 0.2410 0.6657 -0.0192
v 0.2377 0.6850 -0.0185
v 0.2370 0.6884 -0.0184
v 0.2375 0.7024 -0.0143
v 0.2398 0.7023 -0.0049
v 0.2429 0.7320 0.0018
v 0.2459 0.7449 0.0052
v 0.2459 0.7449 0.0052
v 0.1962 0.6825 0.1266
v 0.1962 0.6825 0.1266
v 0.1947 0.6885 0.1263
v 0.1947 0.6885 0.1263
v 0.1942 0.6905 0.1258
v 0.1942 0.6905 0.1258
v 0.1942 0.6905 0.1258
v 0.1936 0.6908 0.1273
v 0.1935 0.6911 0.1272
v 0.1935 0.6911 0.1272
v 0.0816 0.7973 0.2410
v 0.0816 0.7973 0.2410
v 0.0677 0.7790 0.2170
v 0.0629 0.7446 0.2022
v 0.0956 0.6265 0.1686
v 0.0730 0.5999 0.1795
v -0.0405 0.5221 0.1673
v -0.7977 -0.4781 -0.1977
v 0.1094 0.4713 -0.0267
v 0.0564 0.4626 -0.0795
v 0.1739 0.6461 -0.1198
v 0.1698 0.6557 -0.1303
v 0.1701 0.6583 -0.1296
v 0.1706 0.6640 -0.1298
v 0.1707 0.6661 -0.1318
v 0.1707 0.6661 -0.1318
v 0.1707 0.6661 -0.1318
v 0.1713 0.6691 -0.1320
v 0.1713 0.6691 -0.1320
v 0.1707 0.6771 -0.1333
v 0.1725 0.6768 -0.1338
v 0.1729 0.6788 -0.1338
v 0.1729 0.6788 -0.1338
v 0.1729 0.6788 -0.1338
v 0.1733 0.6806 -0.1339
v 0.1733 0.6806 -0.1339
v 0.1739 0.6858 -0.1352
v 0.1739 0.6858 -0.1352
v 0.1727 0.6884 -0.1365
v 0.1727 0.6884 -0.1365
v 0.1727 0.6884 -0.1365
v 0.1650 0.6814 -0.1390
v 0.1934 0.7459 -0.1601
v 0.1907 0.7372 -0.1554
v 0.1904 0.7410 -0.1531
v 0.1893 0.7354 -0.1530
v 0.1893 0.7354 -0.1530
v 0.1887 0.7336 -0.1510
v 0.1888 0.7334 -0.1512
v 0.1905 0.7336 -0.1506
v 0.1886 0.7331 -0.1503
v 0.1885 0.7331 -0.1506
v 0.1887 0.7332 -0.1506
v 0.1878 0.7328 -0.1504
v 0.1869 0.7276 -0.1489
v 0.1835 0.7290 -0.1468
v 0.1831 0.7293 -0.1466
v 0.1836 0.7289 -0.1467
v 0.1828 0.7294 -0.1469
v 0.1828 0.7294 -0.1469
v 0.1828 0.7294 -0.1469
v 0.1827 0.7274 -0.1475
v 0.1795 0.7090 -0.1446
v 0.1795 0.7090 -0.1446
v 0.1806 0.7084 -0.1434
v 0.1806 0.7084 -0.1434
v 0.1806 0.7084 -0.1434
v 0.1806 0.7084 -0.1434
v 0.1805 0.7085 -0.1434
v 0.1806 0.7084 -0.1434
v 0.1814 0.7094 -0.1429
v 0.1857 0.7137 -0.1470
v 0.2302 0.7072 -0.0920
v 0.2302 0.7072 -0.0920
v 0.2383 0.6921 -0.0157
v 0.2383 0.6922 -0.0157
v 0.2429 0.7320 0.0018
v 0.2006 0.6679 0.1286
v 0.1958 0.6828 0.1270
v 0.1963 0.6825 0.1267
v 0.1953 0.6832 0.1269
v 0.1953 0.6832 0.1269
v 0.1953 0.6832 0.1269
v 0.1953 0.6832 0.1269
v 0.1951 0.6853 0.1266
v 0.1951 0.6853 0.1266
v 0.1938 0.6904 0.1279
v 0.1938 0.6904 0.1279
v 0.1887 0.7173 0.1495
v 0.1898 0.7274 0.1496
v 0.1898 0.7274 0.1496
v 0.1899 0.7320 0.1505
v 0.1899 0.7320 0.1505
v 0.1751 0.7616 0.1711
v 0.0792 0.7935 0.2389
v 0.0695 0.7716 0.2036
v 0.0709 0.6603 0.1824
v 0.0912 0.6331 0.1704
v 0.0912 0.6331 0.1704
v 0.0437 0.5380 0.1747
v -0.0120 0.4470 -0.0207
v 0.0606 0.4547 -0.0242
v 0.1698 0.6430 -0.1295
v 0.1698 0.6430 -0.1295
v 0.1698 0.6585 -0.1311
v 0.1698 0.6585 -0.1311
v 0.1707 0.6690 -0.1335
v 0.1708 0.6690 -0.1336
v 0.1707 0.6691 -0.1335
v 0.1708 0.6706 -0.1339
v 0.1716 0.6738 -0.1346
v 0.1716 0.6775 -0.1349
v 0.1726 0.6805 -0.1352
v 0.1722 0.6774 -0.1350
v 0.1722 0.6774 -0.1350
v 0.1728 0.6806 -0.1352
v 0.1728 0.6806 -0.1352
v 0.1334 0.7512 -0.1782
v 0.1296 0.8291 -0.2215
v 0.1075 0.8439 -0.2465
v 0.0905 0.8371 -0.2607
v 0.0905 0.8372 -0.2607
v 0.1130 0.8115 -0.2689
v 0.1934 0.7461 -0.1599
v 0.1887 0.7182 -0.1618
v 0.1901 0.7333 -0.1505
v 0.1903 0.7333 -0.1508
v 0.1899 0.7331 -0.1504
v 0.1876 0.7326 -0.1504
v 0.1876 0.7326 -0.1504
v 0.1874 0.7314 -0.1501
v 0.1875 0.7316 -0.1503
v 0.1874 0.7314 -0.1501
v 0.1865 0.7291 -0.1494
v 0.1865 0.7291 -0.1494
v 0.1848 0.7285 -0.1501
v 0.1865 0.7291 -0.1494
v 0.1844 0.7287 -0.1481
v 0.1846 0.7287 -0.1477
v 0.1846 0.7287 -0.1477
v 0.1846 0.7287 -0.1477
v 0.1838 0.7267 -0.1483
v 0.1838 0.7268 -0.1483
v 0.1851 0.7186 -0.1507
v 0.1850 0.7158 -0.1507
v 0.1809 0.7100 -0.1466
v 0.1801 0.7082 -0.1462
v 0.1809 0.7089 -0.1454
v 0.1809 0.7089 -0.1454
v 0.1809 0.7089 -0.1454
v 0.1809 0.7089 -0.1454
v 0.1809 0.7089 -0.1454
v 0.1820 0.7090 -0.1442
v 0.1820 0.7090 -0.1442
v 0.1827 0.7081 -0.1445
v 0.1834 0.7095 -0.1451
v 0.1849 0.7119 -0.1454
v 0.1849 0.7119 -0.1454
v 0.1862 0.7137 -0.1460
v 0.2212 0.6609 -0.1184
v 0.2351 0.6182 -0.1035
v 0.2381 0.6526 -0.0647
v 0.2403 0.6636 -0.0251
v 0.2441 0.7381 0.0060
v 0.2441 0.7381 0.0060
v 0.2440 0.7391 0.0096
v 0.2442 0.7390 0.0096
v 0.2179 0.7211 0.1092
v 0.1977 0.6767 0.1271
v 0.1973 0.6780 0.1271
v 0.1972 0.6768 0.1267
v 0.1968 0.6807 0.1269
v 0.1968 0.6807 0.1269
v 0.1962 0.6809 0.1277
v 0.1956 0.6822 0.1280
v 0.1956 0.6822 0.1280
v 0.1956 0.6822 0.1280
v 0.1958 0.6821 0.1281
v 0.1951 0.6831 0.1317
v 0.1950 0.6846 0.1280
v 0.1950 0.6846 0.1280
v 0.1847 0.7585 0.1629
v 0.0812 0.7943 0.2407
v 0.0812 0.7943 0.2407
v 0.0793 0.7935 0.2388
v 0.0683 0.7114 0.1813
v 0.0816 0.6301 0.1761
v 0.0862 0.6292 0.1734
v 0.0862 0.6292 0.1734
v 0.0773 0.6279 0.1783
v -0.1446 0.5019 -0.0907
v -0.0059 0.4522 -0.0604
v 0.0238 0.4505 -0.0458
v 0.1734 0.6310 -0.1273
v 0.1648 0.6450 -0.1372
v 0.1695 0.6602 -0.1324
v 0.1622 0.7031 -0.1409
v -0.8361 -0.1413 -0.3132
v 0.0896 0.8362 -0.2617
v 0.1079 0.8172 -0.2747
v 0.1884 0.7313 -0.1516
v 0.1885 0.7335 -0.1511
v 0.1885 0.7335 -0.1511
v 0.1885 0.7335 -0.1511
v 0.1876 0.7325 -0.1505
v 0.1876 0.7325 -0.1505
v 0.1876 0.7325 -0.1505
v 0.1874 0.7295 -0.1509
v 0.1873 0.7295 -0.1509
v 0.1873 0.7295 -0.1509
v 0.1860 0.7276 -0.1498
v 0.1852 0.7276 -0.1488
v 0.1852 0.7276 -0.1488
v 0.1825 0.7113 -0.1481
v 0.1817 0.7092 -0.1465
v 0.1820 0.7098 -0.1466
v 0.1817 0.7086 -0.1472
v 0.1827 0.7089 -0.1456
v 0.1827 0.7089 -0.1456
v 0.1827 0.7089 -0.1456
v 0.1842 0.7082 -0.1452
v 0.1853 0.7089 -0.1468
v 0.1904 0.7021 -0.1494
v 0.2239 0.6371 -0.1215
v 0.2381 0.6526 -0.0646
v 0.2385 0.6527 -0.0587
v 0.2403 0.6636 -0.0251
v 0.2405 0.6752 -0.0145
v 0.2424 0.7290 0.0019
v 0.2424 0.7290 0.0019
v 0.2426 0.7308 0.0057
v 0.2427 0.7308 0.0057
v 0.2393 0.7305 0.0311
v 0.1968 0.6793 0.1278
v 0.1968 0.6786 0.1279
v 0.1961 0.6807 0.1280
v 0.1895 0.7216 0.1488
v 0.1630 0.7663 0.1841
v 0.0802 0.7784 0.2370
v 0.0647 0.7627 0.2069
v 0.0628 0.7131 0.1977
v -0.0954 0.5116 0.1333
v -0.1382 0.5122 0.0939
v -0.1654 0.5081 0.0330
v -0.1618 0.5004 0.0064
v 0.0746 0.4793 -0.1191
v 0.1102 0.5020 -0.1347
v 0.1608 0.5682 -0.1392
v 0.1729 0.6309 -0.1270
v 0.0939 0.8312 -0.2448
v 0.0897 0.8361 -0.2616
v 0.1274 0.8011 -0.2454
v 0.1880 0.7314 -0.1517
v 0.1858 0.7259 -0.1502
v 0.1858 0.7259 -0.1501
v 0.1847 0.7256 -0.1492
v 0.1847 0.7256 -0.1492
v 0.1825 0.7110 -0.1484
v 0.1829 0.7098 -0.1477
v 0.1830 0.7088 -0.1486
v 0.1829 0.7098 -0.1477
v 0.1828 0.7090 -0.1469
v 0.1828 0.7090 -0.1469
v 0.1842 0.7090 -0.1468
v 0.1841 0.7091 -0.1464
v 0.1841 0.7091 -0.1464
v 0.1883 0.7045 -0.1490
v 0.1984 0.6886 -0.1503
v 0.2123 0.7029 -0.1336
v 0.2228 0.6939 -0.1068
v 0.2446 0.6135 -0.0759
v 0.2413 0.6308 -0.0645
v 0.2386 0.6527 -0.0587
v 0.2392 0.6519 -0.0444
v 0.2391 0.6519 -0.0444
v 0.2392 0.6522 -0.0390
v 0.2396 0.6566 -0.0298
v 0.2396 0.6566 -0.0298
v 0.2400 0.6590 -0.0250
v 0.2400 0.6590 -0.0250
v 0.2405 0.6708 -0.0138
v 0.2403 0.6751 -0.0145
v 0.2403 0.6774 -0.0128
v 0.2403 0.6774 -0.0128
v 0.2398 0.6914 -0.0088
v 0.2398 0.6914 -0.0088
v 0.2408 0.7180 -0.0009
v 0.2408 0.7180 -0.0009
v 0.2413 0.7222 0.0020
v 0.2414 0.7222 0.0020
v 0.2325 0.7062 0.0622
v 0.1984 0.6750 0.1276
v 0.1958 0.6781 0.1319
v 0.1958 0.6781 0.1319
v 0.1887 0.7173 0.1495
v 0.1881 0.7221 0.1512
v 0.1881 0.7221 0.1512
v 0.0790 0.7910 0.2386
v 0.0790 0.7910 0.2386
v 0.0815 0.6301 0.1759
v -0.0485 0.5433 0.1786
v 0.1500 0.5377 -0.1328
v 0.0872 0.8343 -0.2607
v 0.0879 0.8340 -0.2607
v 0.1874 0.7277 -0.1710
v 0.1851 0.7186 -0.1507
v 0.1849 0.7118 -0.1499
v 0.1855 0.7123 -0.1504
v 0.1863 0.7083 -0.1492
v 0.1843 0.7092 -0.1478
v 0.1846 0.7091 -0.1479
v 0.1852 0.7091 -0.1473
v 0.1853 0.7088 -0.1482
v 0.1850 0.7091 -0.1472
v 0.1859 0.7090 -0.1463
v 0.1878 0.7048 -0.1487
v 0.1890 0.7046 -0.1494
v 0.2467 0.6088 -0.0768
v 0.2398 0.6440 -0.0567
v 0.2397 0.6440 -0.0567
v 0.2397 0.6440 -0.0567
v 0.2400 0.6436 -0.0510
v 0.2399 0.6436 -0.0510
v 0.2394 0.6491 -0.0399
v 0.2394 0.6491 -0.0399
v 0.2392 0.6531 -0.0360
v 0.2392 0.6531 -0.0360
v 0.2393 0.6505 -0.0281
v 0.2405 0.6657 -0.0192
v 0.2407 0.6708 -0.0138
v 0.2400 0.6856 -0.0108
v 0.2400 0.6856 -0.0108
v 0.2394 0.6982 -0.0049
v 0.2396 0.6982 -0.0049
v 0.2395 0.7023 -0.0049
v 0.2401 0.7095 -0.0015
v 0.2400 0.7095 -0.0015
v 0.2110 0.6868 0.1157
v 0.2139 0.6400 0.1228
v 0.1983 0.6718 0.1284
v 0.1984 0.6715 0.1286
v 0.1975 0.6726 0.1291
v 0.1972 0.6723 0.1292
v 0.1975 0.6711 0.1297
v 0.1972 0.6751 0.1286
v 0.1972 0.6751 0.1286
v 0.1972 0.6751 0.1286
v 0.1972 0.6751 0.1286
v 0.1972 0.6751 0.1286
v 0.1950 0.6805 0.1333
v 0.1950 0.6805 0.1333
v -0.7953 0.2147 -0.1850
v 0.1878 0.7115 0.1504
v 0.1878 0.7115 0.1504
v 0.1014 0.7790 0.2320
v 0.0769 0.7888 0.2364
v 0.0769 0.7888 0.2364
v -0.8054 0.1981 -0.1754
v 0.0621 0.7257 0.2119
v 0.0626 0.7158 0.2102
v 0.0613 0.7099 0.2097
v 0.0624 0.7022 0.1943
v 0.0773 0.6280 0.1783
v 0.0649 0.6253 0.1855
v 0.0490 0.6065 0.1915
v -0.1573 0.5192 0.0772
v 0.1197 0.8241 -0.2255
v 0.0894 0.8242 -0.2715
v 0.1743 0.8033 -0.2177
v 0.1836 0.7906 -0.2051
v 0.1839 0.7905 -0.2051
v 0.1863 0.7188 -0.1517
v 0.1861 0.7188 -0.1518
v 0.1861 0.7188 -0.1518
v 0.1850 0.7158 -0.1507
v 0.1851 0.7138 -0.1506
v 0.1851 0.7138 -0.1506
v 0.1853 0.7089 -0.1486
v 0.1853 0.7089 -0.1486
v 0.1865 0.7082 -0.1481
v 0.1865 0.7082 -0.1481
v 0.1862 0.7083 -0.1487
v 0.1865 0.7082 -0.1481
v 0.1875 0.7049 -0.1485
v 0.1876 0.7047 -0.1489
v 0.1966 0.6723 -0.1532
v 0.2063 0.6541 -0.1462
v -0.7876 0.2502 -0.1461
v 0.2448 0.6135 -0.0760
v 0.2422 0.6223 -0.0723
v 0.2422 0.6223 -0.0723
v 0.2426 0.6240 -0.0680
v 0.2426 0.6240 -0.0680
v 0.2417 0.6269 -0.0684
v 0.2417 0.6269 -0.0684
v 0.2410 0.6337 -0.0610
v 0.2394 0.6463 -0.0306
v 0.2394 0.6463 -0.0306
v 0.2394 0.6505 -0.0281
v 0.2400 0.6867 -0.0088
v 0.2400 0.6867 -0.0088
v 0.2395 0.6989 -0.0019
v 0.2399 0.6989 -0.0019
v 0.2405 0.7151 0.0029
v 0.2406 0.7151 0.0029
v 0.1993 0.6660 0.1290
v 0.2000 0.6613 0.1299
v 0.2003 0.6677 0.1281
v 0.1986 0.6709 0.1284
v 0.1986 0.6709 0.1284
v 0.1959 0.6734 0.1336
v 0.1959 0.6735 0.1336
v 0.1944 0.6779 0.1356
v 0.1944 0.6779 0.1356
v 0.1916 0.6817 0.1408
v 0.1888 0.7041 0.1477
v 0.1888 0.7041 0.1477
v 0.1880 0.7000 0.1493
v 0.1878 0.6999 0.1492
v 0.0744 0.7842 0.2341
v 0.0619 0.7256 0.2119
v 0.0624 0.7217 0.2136
v 0.0617 0.7217 0.2133
v -0.0258 0.5428 0.1814
v -0.0933 0.5272 0.1496
v -0.1715 0.5151 -0.0470
v -0.1671 0.5191 -0.0760
v 0.1434 0.5214 -0.1244
v -0.8201 0.1617 0.1976
v 0.0985 0.8250 -0.2364
v 0.0857 0.8302 -0.2635
v 0.1818 0.7910 -0.2069
v 0.1861 0.7157 -0.1518
v 0.1861 0.7157 -0.1518
v 0.1861 0.7157 -0.1518
v 0.1862 0.7138 -0.1517
v 0.1862 0.7138 -0.1516
v 0.1862 0.7138 -0.1516
v 0.1863 0.7082 -0.1493
v 0.1863 0.7082 -0.1493
v 0.1874 0.7043 -0.1494
v 0.1874 0.7043 -0.1494
v 0.1874 0.7043 -0.1494
v 0.1874 0.7043 -0.1494
v 0.1881 0.7026 -0.1498
v 0.1876 0.7028 -0.1500
v 0.1877 0.7028 -0.1502
v 0.1883 0.7029 -0.1501
v 0.1883 0.7036 -0.1489
v 0.1885 0.7037 -0.1490
v 0.2443 0.6177 -0.0722
v 0.2440 0.6175 -0.0722
v 0.2424 0.6265 -0.0646
v 0.2424 0.6265 -0.0646
v 0.2413 0.6308 -0.0645
v 0.2410 0.6337 -0.0610
v 0.2413 0.6349 -0.0551
v 0.2411 0.6349 -0.0551
v 0.2404 0.6386 -0.0565
v 0.2404 0.6386 -0.0565
v 0.2398 0.6359 -0.0105
v 0.2404 0.6656 -0.0114
v 0.2405 0.6656 -0.0114
v 0.1993 0.6659 0.1291
v 0.1930 0.6794 0.1382
v 0.1931 0.6794 0.1383
v 0.1932 0.6817 0.1377
v 0.1932 0.6817 0.1377
v 0.1426 0.7803 0.1986
v 0.0744 0.7842 0.2342
v 0.0604 0.7259 0.2130
v 0.0607 0.7255 0.2131
v 0.0611 0.7256 0.2131
v 0.0614 0.7236 0.2133
v 0.0597 0.7258 0.2135
v 0.0597 0.7237 0.2130
v 0.0544 0.7235 0.2088
v 0.0598 0.7214 0.2139
v 0.0598 0.7214 0.2139
v 0.0598 0.7214 0.2139
v 0.0596 0.7211 0.2151
v 0.0615 0.7236 0.2134
v 0.0615 0.7236 0.2134
v 0.0615 0.7236 0.2134
v 0.0626 0.6861 0.1937
v 0.0689 0.6285 0.1834
v 0.0689 0.6285 0.1834
v 0.0651 0.6253 0.1857
v 0.0616 0.6255 0.1878
v 0.0334 0.5656 0.1865
v -0.1160 0.5243 0.1304
v 0.1549 0.6147 -0.1556
v 0.1496 0.6688 -0.1512
v 0.1369 0.7940 -0.1925
v 0.0855 0.8306 -0.2608
v 0.1816 0.7909 -0.2071
v 0.1876 0.7097 -0.1534
v 0.1879 0.7025 -0.1508
v 0.1885 0.7021 -0.1497
v 0.1885 0.7021 -0.1497
v 0.1885 0.7021 -0.1497
v 0.1903 0.7021 -0.1495
v 0.1906 0.6965 -0.1509
v -0.8058 -0.1780 0.3906
v 0.2467 0.6088 -0.0768
v 0.2418 0.6297 -0.0590
v 0.2421 0.6298 -0.0590
v 0.2421 0.6310 -0.0567
v 0.2419 0.6310 -0.0567
v 0.1917 0.6817 0.1408
v 0.0745 0.7826 0.2345
v 0.0746 0.7826 0.2345
v 0.0733 0.7822 0.2333
v 0.0608 0.7401 0.2118
v 0.0604 0.7282 0.2133
v 0.0604 0.7281 0.2128
v 0.0601 0.7281 0.2128
v 0.0556 0.7291 0.2099
v 0.0600 0.7157 0.2157
v 0.0588 0.7113 0.2126
v 0.0587 0.7112 0.2126
v 0.0586 0.7121 0.2131
v 0.0606 0.7211 0.2144
v 0.0606 0.7207 0.2147
v 0.0606 0.7207 0.2147
v 0.0605 0.7207 0.2147
v 0.0613 0.7214 0.2142
v 0.0613 0.7214 0.2142
v 0.0611 0.7209 0.2145
v 0.0613 0.7214 0.2142
v 0.0613 0.7214 0.2142
v 0.0622 0.7216 0.2133
v 0.0622 0.7216 0.2133
v 0.0622 0.7216 0.2133
v 0.0625 0.7128 0.2157
v 0.0624 0.7158 0.2159
v 0.0624 0.7158 0.2159
v 0.0624 0.7158 0.2159
v 0.0623 0.7136 0.2155
v 0.0623 0.7136 0.2155
v 0.0609 0.7101 0.2097
v 0.0609 0.7101 0.2097
v 0.0604 0.7093 0.2088
v 0.0601 0.7093 0.2085
v 0.0606 0.7104 0.2085
v 0.0602 0.7097 0.2093
v 0.0603 0.7094 0.2088
v 0.0595 0.7107 0.2136
v 0.0598 0.7100 0.2150
v 0.0598 0.7098 0.2096
v 0.0603 0.7091 0.2080
v 0.0602 0.7090 0.2078
v -0.0230 0.5604 0.1874
v -0.1741 0.5136 -0.0083
v -0.1785 0.5369 -0.0708
v -0.0840 0.4857 -0.1282
v -0.0571 0.4738 -0.1191
v -0.0142 0.4654 -0.1137
v 0.0496 0.4796 -0.1358
v 0.1202 0.7287 -0.1747
v 0.1306 0.7824 -0.1918
v 0.0858 0.8261 -0.2679
v 0.1789 0.7911 -0.2096
v 0.1789 0.7628 -0.1973
v 0.1880 0.7021 -0.1513
v 0.1880 0.7021 -0.1513
v 0.1882 0.7021 -0.1512
v 0.1896 0.6972 -0.1506
v 0.1898 0.6971 -0.1506
v 0.1898 0.6960 -0.1496
v 0.1897 0.6972 -0.1502
v 0.2502 0.5905 -0.1000
v 0.2502 0.5905 -0.1000
v 0.2016 0.6539 0.1314
v 0.2016 0.6539 0.1313
v 0.0994 0.7641 0.2271
v 0.0922 0.7491 0.2273
v 0.0733 0.7822 0.2333
v 0.0631 0.7577 0.2112
v 0.0604 0.7348 0.2127
v 0.0604 0.7356 0.2127
v 0.0583 0.7099 0.2078
v 0.0598 0.7090 0.2078
v 0.0607 0.7082 0.2058
v 0.0605 0.7084 0.2054
v 0.0607 0.7082 0.2058
v 0.0607 0.7082 0.2058
v 0.0602 0.7068 0.2042
v -0.8017 -0.2960 0.3622
v 0.1586 0.5965 -0.1509
v 0.1321 0.7016 -0.1603
v 0.0865 0.8270 -0.2508
v 0.0858 0.8301 -0.2635
v 0.0929 0.8002 -0.2712
v 0.2538 0.5868 -0.0958
v 0.2538 0.5868 -0.0958
v 0.2607 0.5909 -0.0573
v 0.2427 0.6254 -0.0005
v 0.2160 0.6869 0.1061
v 0.2028 0.6526 0.1307
v 0.2028 0.6526 0.1307
v 0.2016 0.6506 0.1330
v 0.1878 0.6781 0.1467
v 0.0719 0.7787 0.2328
v 0.0721 0.7786 0.2325
v 0.0696 0.7744 0.2314
v 0.0621 0.7520 0.2144
v 0.0622 0.7517 0.2138
v 0.0622 0.7517 0.2138
v 0.0624 0.7523 0.2144
v 0.0611 0.7402 0.2118
v 0.0604 0.7355 0.2127
v 0.0604 0.7354 0.2126
v 0.0604 0.7355 0.2127
v 0.0601 0.7071 0.2050
v 0.0596 0.7079 0.2058
v 0.0599 0.7084 0.2048
v 0.0596 0.7079 0.2058
v 0.0601 0.7060 0.2042
v 0.0602 0.7060 0.2042
v 0.0611 0.6452 0.1897
v 0.0649 0.6337 0.1863
v 0.0649 0.6337 0.1863
v 0.0616 0.6255 0.1879
v -0.1799 0.5338 -0.0587
v -0.1786 0.5369 -0.0708
v -0.1759 0.5363 -0.0772
v -0.1759 0.5363 -0.0772
v -0.7864 -0.3754 0.3478
v 0.0952 0.5119 -0.1600
v 0.1077 0.7104 -0.1759
v 0.0837 0.8265 -0.2610
v 0.0837 0.8265 -0.2610
v 0.0837 0.8265 -0.2610
v 0.0837 0.8265 -0.2626
v 0.1039 0.7634 -0.2495
v 0.1895 0.6965 -0.1515
v 0.1888 0.6948 -0.1502
v 0.1895 0.6965 -0.1515
v 0.1892 0.6971 -0.1514
v 0.1906 0.6964 -0.1509
v 0.1923 0.6874 -0.1523
v 0.1916 0.6876 -0.1525
v 0.1916 0.6876 -0.1525
v 0.1924 0.6869 -0.1532
v 0.1940 0.6814 -0.1524
v 0.1946 0.6809 -0.1529
v 0.1954 0.6797 -0.1524
v 0.2497 0.5879 -0.1050
v 0.2494 0.5877 -0.1049
v 0.2540 0.5822 -0.1032
v 0.2544 0.5800 -0.1057
v 0.2540 0.5822 -0.1032
v 0.2703 0.5692 -0.0877
v 0.2697 0.5832 -0.0394
v 0.2388 0.6390 0.0369
v 0.2343 0.6759 0.0438
v 0.1877 0.6780 0.1466
v 0.0659 0.7694 0.2286
v 0.0614 0.7545 0.2161
v 0.0614 0.7555 0.2166
v 0.0620 0.7555 0.2165
v 0.0615 0.7549 0.2163
v 0.0623 0.7557 0.2166
v 0.0621 0.7556 0.2162
v 0.0623 0.7557 0.2166
v 0.0624 0.7549 0.2157
v 0.0624 0.7549 0.2157
v 0.0624 0.7549 0.2157
v 0.0622 0.7516 0.2154
v 0.0623 0.7524 0.2148
v 0.0617 0.7490 0.2138
v 0.0615 0.7489 0.2140
v 0.0610 0.7470 0.2138
v 0.0608 0.7428 0.2131
v 0.0608 0.7428 0.2131
v 0.0542 0.7101 0.2012
v 0.0595 0.7062 0.2038
v 0.0597 0.7048 0.2024
v 0.0603 0.7049 0.2031
v 0.0604 0.7048 0.2032
v 0.0606 0.7045 0.2023
v 0.0614 0.6327 0.1886
v 0.0614 0.6327 0.1886
v 0.0593 0.6277 0.1894
v 0.0594 0.6278 0.1894
v 0.0557 0.6286 0.1909
v -0.1411 0.5369 0.1175
v -0.1786 0.5260 0.0340
v -0.1798 0.5338 -0.0587
v -0.1791 0.5468 -0.0823
v -0.1756 0.5419 -0.0863
v -0.1756 0.5419 -0.0863
v -0.0388 0.4866 -0.1541
v 0.0291 0.4843 -0.1525
v 0.1266 0.8032 -0.2065
v 0.0832 0.8235 -0.2546
v 0.0896 0.8213 -0.2718
v 0.0990 0.7835 -0.2633
v 0.1219 0.7840 -0.2393
v 0.1905 0.6949 -0.1614
v 0.1900 0.6947 -0.1519
v 0.1900 0.6946 -0.1521
v 0.1892 0.6946 -0.1526
v 0.1905 0.6944 -0.1518
v 0.1905 0.6943 -0.1518
v 0.1904 0.6943 -0.1518
v 0.1928 0.6866 -0.1523
v 0.1928 0.6866 -0.1523
v 0.1928 0.6866 -0.1523
v 0.1943 0.6807 -0.1521
v 0.2880 0.5554 -0.0818
v 0.2476 0.6179 -0.0313
v 0.2414 0.6340 0.0251
v 0.2116 0.6277 0.1324
v 0.2035 0.6493 0.1313
v 0.2035 0.6493 0.1312
v 0.2016 0.6506 0.1330
v 0.1723 0.6679 0.1644
v 0.1372 0.7526 0.1956
v 0.0720 0.7650 0.2333
v 0.0696 0.7744 0.2314
v 0.0617 0.7593 0.2188
v 0.0620 0.7590 0.2180
v 0.0624 0.7582 0.2192
v 0.0604 0.7557 0.2164
v 0.0600 0.7551 0.2172
v 0.0578 0.7686 0.2190
v 0.0484 0.7638 0.2132
v 0.0614 0.7534 0.2166
v 0.0614 0.7544 0.2162
v 0.0615 0.7527 0.2160
v 0.0614 0.7511 0.2150
v 0.0614 0.7511 0.2150
v 0.0605 0.7476 0.2143
v 0.0606 0.7476 0.2147
v 0.0609 0.7474 0.2143
v 0.0607 0.7476 0.2147
v 0.0594 0.7471 0.2152
v 0.0611 0.7470 0.2138
v 0.0610 0.7470 0.2136
v 0.0595 0.7428 0.2131
v 0.0596 0.7028 0.2019
v 0.0606 0.7036 0.2008
v 0.0607 0.7043 0.2019
v 0.0609 0.7020 0.2001
v 0.0621 0.6874 0.1947
v 0.0624 0.6777 0.1931
v 0.0623 0.6761 0.1930
v 0.0615 0.6587 0.1909
v -0.1237 0.5506 0.1442
v -0.1627 0.5447 0.0968
v -0.1791 0.5468 -0.0823
v -0.1717 0.5429 -0.0978
v -0.1344 0.5154 -0.1295
v 0.0011 0.4836 -0.1547
v 0.1314 0.6876 -0.1618
v 0.0897 0.8136 -0.2730
v 0.1677 0.7545 -0.2018
v 0.1720 0.7403 -0.1941
v 0.1899 0.6943 -0.1534
v 0.1899 0.6943 -0.1534
v 0.1899 0.6943 -0.1534
v 0.1906 0.6912 -0.1534
v 0.1906 0.6912 -0.1534
v 0.1917 0.6869 -0.1533
v 0.1915 0.6869 -0.1551
v 0.1910 0.6867 -0.1550
v 0.1919 0.6865 -0.1532
v 0.1919 0.6865 -0.1532
v 0.1925 0.6846 -0.1534
v 0.1931 0.6846 -0.1536
v 0.1931 0.6827 -0.1533
v 0.1935 0.6794 -0.1541
v 0.1936 0.6794 -0.1541
v 0.1935 0.6794 -0.1541
v 0.1938 0.6791 -0.1541
v 0.1966 0.6700 -0.1534
v 0.2302 0.6026 -0.1329
v 0.2527 0.5790 -0.1119
v 0.2527 0.5790 -0.1119
v 0.2544 0.5800 -0.1058
v 0.2565 0.5769 -0.1068
v 0.2029 0.6465 0.1330
v 0.0625 0.7588 0.2177
v 0.0621 0.7593 0.2181
v 0.0622 0.7595 0.2189
v 0.0622 0.7596 0.2187
v 0.0621 0.7596 0.2187
v 0.0558 0.7945 0.2583
v 0.0142 0.8341 0.2814
v 0.0156 0.8369 0.2834
v -0.0300 0.8314 0.2821
v -0.0399 0.8359 0.2831
v -0.0399 0.8359 0.2831
v -0.0553 0.8093 0.2599
v 0.0595 0.7529 0.2152
v 0.0596 0.7510 0.2156
v 0.0599 0.7509 0.2150
v 0.0597 0.7469 0.2141
v 0.0595 0.7470 0.2135
v 0.0596 0.7025 0.2003
v 0.0605 0.7023 0.2006
v 0.0606 0.7028 0.2012
v 0.0606 0.7028 0.2012
v 0.0608 0.7021 0.2002
v 0.0622 0.6936 0.1949
v 0.0623 0.6632 0.1911
v 0.0607 0.6598 0.1912
v 0.0607 0.6598 0.1912
v 0.0615 0.6587 0.1907
v 0.0592 0.6327 0.1892
v 0.0595 0.6326 0.1896
v 0.0556 0.6289 0.1910
v -0.0970 0.5417 0.1559
v -0.1747 0.5347 0.0637
v -0.1849 0.5324 -0.0233
v -0.1833 0.5381 -0.0511
v -0.1833 0.5381 -0.0511
v -0.1896 0.5501 -0.0430
v -0.1873 0.5440 -0.0432
v -0.1872 0.5440 -0.0431
v -0.1915 0.5513 -0.0351
v -0.1915 0.5513 -0.0351
v -0.0805 0.4940 -0.1466
v 0.0822 0.8222 -0.2560
v 0.0819 0.8215 -0.2567
v 0.0810 0.8200 -0.2582
v 0.0816 0.8196 -0.2630
v 0.0810 0.8198 -0.2631
v 0.0897 0.8129 -0.2726
v 0.0896 0.8192 -0.2720
v 0.1605 0.8089 -0.2303
v 0.1870 0.7057 -0.1687
v 0.1937 0.6787 -0.1554
v 0.1937 0.6786 -0.1555
v 0.1937 0.6786 -0.1555
v 0.1944 0.6786 -0.1533
v 0.1943 0.6787 -0.1534
v 0.1944 0.6787 -0.1535
v 0.1959 0.6698 -0.1551
v 0.1955 0.6715 -0.1542
v 0.1977 0.6596 -0.1545
v 0.2406 0.5818 -0.1390
v 0.2500 0.5791 -0.1192
v 0.2500 0.5791 -0.1192
v 0.2544 0.5762 -0.1133
v 0.2545 0.5762 -0.1133
v -0.7976 -0.4779 -0.1982
v 0.2868 0.5673 -0.0350
v 0.2241 0.6964 0.0825
v 0.1778 0.6551 0.1607
v 0.0846 0.7136 0.2259
v 0.0613 0.7624 0.2197
v 0.0613 0.7624 0.2197
v 0.0613 0.7624 0.2197
v 0.0621 0.7631 0.2208
v 0.0624 0.7629 0.2210
v 0.0624 0.7630 0.2209
v -0.7938 -0.4620 -0.2354
v -0.0088 0.8237 0.2778
v -0.0589 0.8046 0.2469
v -0.0475 0.7896 0.2221
v 0.0479 0.7204 0.2012
v 0.0596 0.7019 0.2006
v 0.0596 0.7019 0.2006
v 0.0596 0.7019 0.2006
v 0.0594 0.7001 0.1996
v 0.0594 0.7001 0.1996
v 0.0594 0.7001 0.1996
v 0.0607 0.7003 0.1996
v 0.0607 0.7003 0.1996
v 0.0607 0.7003 0.1996
v 0.0607 0.7003 0.1996
v 0.0602 0.6981 0.1990
v 0.0605 0.6974 0.1987
v 0.0605 0.6974 0.1989
v 0.0605 0.6974 0.1989
v 0.0605 0.6974 0.1989
v 0.0613 0.6824 0.1942
v 0.0603 0.6832 0.1950
v 0.0605 0.6833 0.1950
v 0.0599 0.6830 0.1953
v 0.0605 0.6833 0.1950
v 0.0606 0.6832 0.1950
v 0.0613 0.6826 0.1945
v 0.0613 0.6826 0.1945
v 0.0604 0.6838 0.1932
v 0.0615 0.6769 0.1933
v 0.0615 0.6768 0.1933
v 0.0615 0.6768 0.1933
v 0.0625 0.6646 0.1912
v 0.0615 0.6699 0.1921
v 0.0595 0.6639 0.1917
v 0.0595 0.6639 0.1917
v 0.0595 0.6585 0.1911
v 0.0595 0.6585 0.1911
v 0.0496 0.6577 0.1904
v 0.0595 0.6543 0.1907
v 0.0593 0.6527 0.1911
v 0.0611 0.6452 0.1895
v 0.0594 0.6398 0.1899
v 0.0594 0.6398 0.1899
v 0.0540 0.6306 0.1912
v 0.0433 0.6233 0.1937
v 0.0277 0.5978 0.1943
v -0.0206 0.5958 0.1938
v -0.0510 0.5764 0.1855
v -0.1886 0.5886 -0.0887
v -0.8121 -0.3849 -0.2757
v -0.1816 0.5701 -0.1014
v -0.1814 0.5702 -0.1013
v -0.1753 0.5483 -0.0949
v -0.1754 0.5483 -0.0950
v 0.1184 0.5607 -0.1749
v 0.0854 0.8008 -0.2298
v 0.0813 0.8135 -0.2676
v 0.1942 0.6768 -0.1553
v 0.1942 0.6768 -0.1553
v 0.2256 0.5963 -0.1457
v 0.2565 0.5769 -0.1068
v 0.2181 0.6613 0.1056
v 0.2029 0.6465 0.1330
v 0.0787 0.7085 0.2261
v 0.0690 0.7718 0.2307
v 0.0690 0.7717 0.2311
v 0.0682 0.7717 0.2304
v 0.0628 0.7626 0.2198
v 0.0628 0.7626 0.2198
v 0.0630 0.7625 0.2202
v 0.0628 0.7626 0.2198
v 0.0614 0.7651 0.2227
v 0.0619 0.7647 0.2215
v 0.0624 0.7654 0.2213
v 0.0132 0.8291 0.2779
v -0.0365 0.8327 0.2817
v -0.0365 0.8327 0.2817
v -0.0313 0.8005 0.2239
v 0.0462 0.7376 0.2059
v 0.0601 0.6983 0.1991
v 0.0603 0.6967 0.1982
v 0.0604 0.6965 0.1981
v 0.0611 0.6963 0.1979
v 0.0605 0.6914 0.1969
v 0.0602 0.6911 0.1967
v 0.0603 0.6909 0.1965
v 0.0605 0.6914 0.1969
v 0.0605 0.6914 0.1969
v 0.0611 0.6906 0.1961
v 0.0611 0.6906 0.1961
v 0.0616 0.6903 0.1963
v 0.0613 0.6882 0.1960
v 0.0611 0.6885 0.1956
v 0.0610 0.6865 0.1953
v 0.0595 0.6867 0.1954
v 0.0596 0.6868 0.1950
v 0.0597 0.6825 0.1946
v 0.0595 0.6797 0.1940
v 0.0596 0.6797 0.1939
v 0.0595 0.6797 0.1940
v 0.0601 0.6731 0.1927
v 0.0605 0.6738 0.1931
v 0.0606 0.6734 0.1929
v 0.0615 0.6698 0.1922
v 0.0595 0.6502 0.1902
v 0.0539 0.6306 0.1912
v -0.1918 0.5502 -0.0317
v -0.1916 0.5503 -0.0316
v -0.2030 0.5885 -0.0298
v -0.1815 0.5748 -0.1035
v -0.1815 0.5748 -0.1035
v 0.1251 0.5285 -0.1523
v 0.0989 0.6897 -0.1790
v 0.0779 0.8021 -0.2456
v 0.2046 0.6291 -0.1575
v 0.2465 0.5779 -0.1321
v 0.2941 0.5543 -0.0688
v 0.2956 0.5605 -0.0247
v 0.2117 0.6277 0.1324
v 0.1619 0.7199 0.1767
v 0.1058 0.7386 0.2172
v 0.0782 0.7454 0.2306
v 0.0671 0.7703 0.2294
v 0.0635 0.7646 0.2196
v 0.0635 0.7646 0.2196
v 0.0630 0.7648 0.2215
v 0.0617 0.7661 0.2217
v 0.0621 0.7658 0.2227
v 0.0625 0.7656 0.2226
v 0.0625 0.7655 0.2227
v 0.0626 0.7721 0.2271
v -0.0202 0.8287 0.2819
v -0.0300 0.8313 0.2821
v -0.0523 0.8041 0.2617
v -0.8152 -0.2146 -0.3640
v -0.0598 0.8010 0.2431
v -0.0598 0.8010 0.2431
v -0.0607 0.7952 0.2408
v 0.0598 0.6966 0.1982
v 0.0597 0.6954 0.1989
v 0.0608 0.6944 0.1973
v 0.0608 0.6944 0.1973
v 0.0597 0.6962 0.1981
v 0.0598 0.6906 0.1963
v 0.0598 0.6906 0.1963
v 0.0613 0.6730 0.1927
v 0.0613 0.6730 0.1927
v 0.0596 0.6700 0.1924
v 0.0596 0.6700 0.1924
v 0.0510 0.6281 0.1919
v 0.0510 0.6281 0.1918
v -0.0418 0.6173 0.1912
v -0.0418 0.6173 0.1912
v -0.0450 0.6172 0.1905
v -0.0516 0.6253 0.1893
v -0.0537 0.6199 0.1885
v -0.0592 0.6383 0.1882
v -0.0479 0.5553 0.1831
v -0.1081 0.5586 0.1570
v -0.1863 0.5350 0.0030
v -0.1795 0.5796 -0.1099
v -0.1773 0.5660 -0.1079
v -0.1770 0.5661 -0.1077
v -0.1759 0.5590 -0.1047
v -0.1759 0.5590 -0.1047
v -0.1716 0.5430 -0.0978
v -0.0465 0.4973 -0.1672
v 0.0703 0.5185 -0.1785
v 0.0885 0.7529 -0.1988
v 0.1910 0.6841 -0.1654
v 0.2467 0.5777 -0.1312
v 0.2165 0.6082 0.1388
v 0.2113 0.6236 0.1355
v 0.2113 0.6236 0.1355
v 0.2012 0.6276 0.1450
v 0.1470 0.6700 0.1875
v 0.1357 0.7262 0.1935
v 0.0662 0.7401 0.2260
v 0.0672 0.7703 0.2294
v 0.0661 0.7693 0.2285
v 0.0654 0.7687 0.2277
v 0.0642 0.7674 0.2236
v 0.0638 0.7671 0.2234
v 0.0638 0.7671 0.2237
v 0.0644 0.7676 0.2255
v 0.0642 0.7671 0.2216
v 0.0640 0.7666 0.2217
v 0.0645 0.7666 0.2217
v 0.0638 0.7661 0.2215
v 0.0638 0.7661 0.2215
v 0.0627 0.7655 0.2227
v 0.0627 0.7655 0.2227
v 0.0629 0.7668 0.2235
v 0.0626 0.7665 0.2232
v 0.0622 0.7666 0.2231
v -0.0173 0.8275 0.2811
v -0.0266 0.8289 0.2809
v -0.0224 0.8259 0.2793
v -0.0328 0.8134 0.2704
v 0.0295 0.7783 0.2165
v 0.0595 0.6943 0.1973
v 0.0597 0.6730 0.1928
v 0.0479 0.6282 0.1924
v 0.0479 0.6282 0.1924
v 0.0432 0.6233 0.1934
v -0.0537 0.6268 0.1888
v -0.0537 0.6268 0.1888
v -0.0687 0.6592 0.1874
v -0.1547 0.5663 0.1244
v -0.1953 0.5578 -0.0253
v -0.1974 0.5622 -0.0199
v -0.1974 0.5622 -0.0199
v -0.7823 0.2267 -0.2322
v -0.7673 0.2866 0.1091
v -0.1797 0.5761 -0.1083
v -0.1796 0.5761 -0.1083
v -0.1726 0.5507 -0.1046
v -0.1724 0.5508 -0.1045
v -0.1101 0.5121 -0.1502
v 0.0359 0.5032 -0.1762
v 0.0961 0.5224 -0.1680
v 0.1272 0.5836 -0.1743
v 0.1464 0.5985 -0.1623
v 0.0796 0.8159 -0.2608
v 0.0798 0.8158 -0.2608
v 0.2444 0.6212 0.0267
v 0.2248 0.6295 0.1047
v 0.2012 0.6276 0.1450
v 0.0718 0.7100 0.2244
v 0.0671 0.7686 0.2296
v 0.0671 0.7686 0.2296
v 0.0631 0.7671 0.2236
v 0.0633 0.7668 0.2235
v 0.0633 0.7668 0.2235
v 0.0628 0.7678 0.2243
v 0.0117 0.8191 0.2715
v 0.0094 0.8225 0.2741
v 0.0094 0.8225 0.2741
v -0.0173 0.8274 0.2811
v -0.0202 0.8287 0.2819
v -0.0266 0.8289 0.2810
v -0.0476 0.8180 0.2706
v -0.0604 0.7978 0.2432
v -0.0604 0.7978 0.2432
v -0.0607 0.7943 0.2392
v -0.0291 0.6135 0.1935
v -0.0358 0.6206 0.1923
v -0.0358 0.6206 0.1923
v -0.0445 0.6249 0.1907
v -0.0446 0.6249 0.1908
v -0.0516 0.6253 0.1893
v -0.0568 0.6300 0.1880
v -0.0568 0.6300 0.1880
v -0.0590 0.6383 0.1879
v -0.1444 0.5678 0.1364
v -0.1948 0.5556 -0.0215
v -0.1948 0.5556 -0.0215
v -0.1953 0.5557 -0.0174
v -0.1952 0.5558 -0.0174
v -0.1965 0.5587 -0.0138
v -0.1965 0.5587 -0.0138
v -0.2029 0.5787 -0.0117
v -0.2047 0.6123 -0.0280
v -0.2032 0.6462 -0.0260
v -0.1930 0.6581 -0.0601
v -0.7851 0.2492 0.1551
v -0.2053 0.6638 -0.0187
v -0.2065 0.6841 -0.0185
v -0.2067 0.6852 -0.0185
v -0.1841 0.6209 -0.0975
v -0.1843 0.6209 -0.0975
v -0.1818 0.6137 -0.1041
v -0.1818 0.6137 -0.1041
v -0.1815 0.6093 -0.1055
v -0.1815 0.6093 -0.1055
v -0.1801 0.5839 -0.1095
v -0.1801 0.5839 -0.1095
v -0.1796 0.5795 -0.1099
v -0.1665 0.5627 -0.1259
v -0.1707 0.5817 -0.1281
v -0.1737 0.5584 -0.1088
v -0.1737 0.5584 -0.1088
v -0.0779 0.5025 -0.1602
v 0.0132 0.4973 -0.1730
v 0.0875 0.6954 -0.1880
v 0.1038 0.7643 -0.1946
v 0.1011 0.7831 -0.2054
v 0.0801 0.8155 -0.2630
v 0.0804 0.8154 -0.2629
v 0.1492 0.7697 -0.2151
v 0.1629 0.7274 -0.1982
v 0.1928 0.6506 -0.1673
v 0.2419 0.6213 0.0480
v 0.2092 0.6218 0.1391
v 0.2092 0.6218 0.1391
v 0.1899 0.6273 0.1586
v 0.1377 0.6601 0.1965
v -0.8140 0.1386 0.2551
v 0.0656 0.7224 0.2212
v 0.0658 0.7667 0.2289
v 0.0658 0.7667 0.2289
v 0.0644 0.7666 0.2274
v 0.0649 0.7665 0.2276
v 0.0648 0.7666 0.2274
v 0.0648 0.7666 0.2274
v 0.0641 0.7672 0.2256
v 0.0641 0.7672 0.2256
v 0.0643 0.7672 0.2256
v 0.0643 0.7672 0.2256
v 0.0643 0.7672 0.2256
v 0.0643 0.7679 0.2250
v 0.0647 0.7679 0.2252
v 0.0640 0.7672 0.2256
v 0.0640 0.7672 0.2256
v 0.0636 0.7699 0.2292
v 0.0620 0.7642 0.2352
v 0.0352 0.7916 0.2606
v 0.0178 0.8056 0.2636
v -0.0224 0.8258 0.2793
v -0.0613 0.7920 0.2413
v -0.0607 0.7952 0.2408
v 0.0384 0.7142 0.1959
v -0.8372 0.0578 0.2525
v 0.0357 0.6868 0.1894
v 0.0332 0.6290 0.1942
v 0.0371 0.6246 0.1946
v 0.0371 0.6246 0.1941
v -0.0176 0.6164 0.1947
v -0.0291 0.6135 0.1934
v -0.0578 0.6370 0.1882
v -0.0578 0.6370 0.1882
v -0.0590 0.6450 0.1886
v -0.0590 0.6450 0.1887
v -0.0611 0.6485 0.1885
v -0.0612 0.6485 0.1888
v -0.0771 0.6219 0.1760
v -0.1972 0.5603 -0.0082
v -0.1972 0.5603 -0.0082
v -0.2047 0.6896 -0.0268
v -0.1873 0.6470 -0.0863
v -0.1878 0.6471 -0.0865
v -0.1891 0.6428 -0.0819
v -0.1744 0.6494 -0.1150
v -0.1703 0.6581 -0.1267
v -0.1706 0.6625 -0.1299
v -0.1697 0.6438 -0.1299
v -0.1717 0.6723 -0.1104
v -0.1797 0.6080 -0.1097
v -0.1793 0.5910 -0.1120
v -0.1415 0.5312 -0.1374
v -0.8290 0.0439 0.2931
v 0.0953 0.7214 -0.1875
v 0.2407 0.5818 -0.1393
v 0.2493 0.5679 -0.1507
v 0.2846 0.5561 -0.0968
v 0.3098 0.5445 -0.0773
v 0.2026 0.6233 0.1460
v 0.2025 0.6233 0.1460
v 0.0647 0.7667 0.2278
v 0.0640 0.7665 0.2275
v 0.0640 0.7666 0.2276
v 0.0641 0.7666 0.2274
v 0.0286 0.7964 0.2617
v -0.8052 0.0104 0.3673
v -0.0088 0.8236 0.2777
v -0.0137 0.8231 0.2776
v -0.0137 0.8231 0.2776
v -0.0606 0.7942 0.2392
v -0.0215 0.6130 0.1944
v -0.0215 0.6130 0.1944
v -0.0253 0.6168 0.1939
v -0.0253 0.6168 0.1940
v -0.0620 0.6548 0.1893
v -0.0620 0.6547 0.1893
v -0.1993 0.5677 0.0080
v -0.2036 0.6440 -0.0158
v -0.1933 0.6617 -0.0572
v -0.1716 0.6702 -0.1300
v -0.1714 0.6686 -0.1318
v -0.1713 0.6686 -0.1317
v -0.1715 0.6686 -0.1317
v -0.1708 0.6694 -0.1316
v -0.1713 0.6692 -0.1326
v -0.1718 0.6697 -0.1327
v -0.1718 0.6697 -0.1327
v -0.1705 0.6682 -0.1328
v -0.1708 0.6689 -0.1329
v -0.1699 0.6646 -0.1327
v -0.1699 0.6646 -0.1327
v -0.1702 0.6610 -0.1317
v -0.1702 0.6610 -0.1317
v -0.1702 0.6610 -0.1317
v -0.1792 0.5910 -0.1120
v -0.1789 0.5876 -0.1128
v -0.1788 0.5876 -0.1127
v 0.0958 0.7636 -0.2562
v 0.1438 0.7551 -0.2127
v 0.2264 0.5830 -0.1661
v 0.2337 0.5826 -0.1533
v 0.2633 0.5849 0.0418
v 0.1946 0.6221 0.1559
v 0.1072 0.6863 0.2123
v 0.0651 0.7548 0.2282
v 0.0652 0.7548 0.2279
v 0.0638 0.7566 0.2282
v 0.0641 0.7626 0.2282
v -0.8057 -0.2370 0.3776
v 0.0641 0.7626 0.2282
v 0.0170 0.8093 0.2653
v 0.0170 0.8093 0.2653
v 0.0117 0.8191 0.2715
v -0.0020 0.8182 0.2728
v 0.0332 0.6290 0.1941
v -0.0176 0.6164 0.1945
v -0.1702 0.5722 0.1067
v -0.1807 0.5702 0.0839
v -0.1933 0.5609 0.0369
v -0.1971 0.5605 -0.0020
v -0.1971 0.5605 -0.0020
v -0.1934 0.6618 -0.0572
v -0.1929 0.6581 -0.0601
v -0.1909 0.6583 -0.0662
v -0.1910 0.6583 -0.0662
v -0.1909 0.6541 -0.0695
v -0.1909 0.6541 -0.0695
v -0.1893 0.6503 -0.0783
v -0.1898 0.6466 -0.0783
v -0.1727 0.6774 -0.1319
v -0.1708 0.6801 -0.1344
v -0.1616 0.6717 -0.1366
v -0.1697 0.6576 -0.1326
v -0.1694 0.6386 -0.1282
v -0.1696 0.6297 -0.1270
v -0.1758 0.6071 -0.1180
v -0.1758 0.6071 -0.1180
v -0.1797 0.5974 -0.1108
v -0.1797 0.5974 -0.1108
v -0.1228 0.5315 -0.1574
v 0.0439 0.5199 -0.1895
v 0.0780 0.8087 -0.2619
v 0.0865 0.7703 -0.2613
v 0.0946 0.7373 -0.2466
v 0.1097 0.7539 -0.2374
v 0.1639 0.6789 -0.1941
v 0.2928 0.5440 -0.1198
v 0.2865 0.5454 -0.1397
v 0.3259 0.5370 -0.0355
v 0.2927 0.5609 -0.0036
v 0.2909 0.5645 0.0015
v 0.2707 0.5849 0.0042
v 0.2326 0.5905 0.1232
v -0.7626 -0.4576 0.3368
v 0.1947 0.6221 0.1560
v 0.1783 0.6290 0.1696
v 0.1522 0.6363 0.1906
v 0.0639 0.7153 0.2191
v 0.0637 0.7567 0.2281
v 0.0637 0.7567 0.2281
v 0.0637 0.7567 0.2281
v 0.0634 0.7612 0.2296
v 0.0634 0.7612 0.2295
v 0.0610 0.7596 0.2358
v 0.0252 0.8021 0.2636
v 0.0252 0.8021 0.2636
v 0.0178 0.8057 0.2635
v -0.0020 0.8182 0.2728
v -0.0612 0.7920 0.2412
v -0.0631 0.7791 0.2320
v -0.0145 0.7763 0.2126
v 0.0237 0.6332 0.1944
v 0.0237 0.6332 0.1941
v -0.0163 0.6214 0.1944
v -0.0163 0.6214 0.1944
v -0.0597 0.6676 0.1933
v -0.0611 0.6615 0.1912
v -0.0804 0.6681 0.1779
v -0.1304 0.5750 0.1489
v -0.1990 0.5678 0.0079
v -0.1917 0.6626 -0.0615
v -0.1916 0.6626 -0.0615
v -0.1896 0.6504 -0.0784
v -0.1727 0.7026 -0.1116
v -0.1726 0.6807 -0.1339
v -0.1723 0.6810 -0.1337
v -0.1708 0.6801 -0.1345
v -0.1656 0.6546 -0.1357
v -0.1690 0.6479 -0.1319
v -0.1696 0.6577 -0.1326
v -0.1699 0.6330 -0.1267
v -0.1699 0.6330 -0.1267
v -0.1738 0.6134 -0.1212
v -0.1738 0.6134 -0.1212
v -0.1741 0.6084 -0.1217
v -0.1740 0.6084 -0.1216
v 0.0723 0.7903 -0.2571
v 0.0780 0.8087 -0.2619
v 0.0790 0.7865 -0.2635
v 0.1841 0.6467 -0.1783
v 0.2366 0.5817 -0.1491
v 0.2366 0.5817 -0.1490
v 0.3258 0.5374 -0.0382
v 0.3203 0.5418 -0.0086
v 0.1899 0.6273 0.1586
v 0.1425 0.6429 0.1972
v 0.1255 0.6816 0.2015
v 0.0632 0.7274 0.2198
v 0.0636 0.7351 0.2220
v 0.0635 0.7414 0.2240
v 0.0637 0.7523 0.2269
v 0.0643 0.7518 0.2268
v 0.0641 0.7523 0.2269
v 0.0644 0.7523 0.2270
v 0.0655 0.7529 0.2278
v 0.0652 0.7548 0.2279
v 0.0652 0.7548 0.2279
v 0.0633 0.7548 0.2279
v 0.0625 0.7545 0.2277
v 0.0629 0.7544 0.2281
v 0.0633 0.7548 0.2279
v 0.0626 0.7556 0.2286
v 0.0626 0.7556 0.2286
v 0.0626 0.7568 0.2292
v 0.0621 0.7642 0.2352
v 0.0365 0.7754 0.2540
v 0.0286 0.7964 0.2617
v 0.0095 0.8152 0.2690
v 0.0096 0.8152 0.2692
v 0.0058 0.8145 0.2692
v 0.0058 0.8145 0.2691
v -0.0008 0.8137 0.2693
v -0.0008 0.8137 0.2693
v -0.0054 0.8169 0.2722
v -0.0054 0.8169 0.2722
v -0.0117 0.8186 0.2740
v -0.0117 0.8186 0.2740
v -0.0465 0.7898 0.2587
v -0.0566 0.7676 0.2469
v -0.0618 0.7886 0.2392
v -0.0618 0.7886 0.2392
v -0.0626 0.7706 0.2250
v 0.0078 0.6328 0.1942
v 0.0078 0.6328 0.1943
v -0.0039 0.6211 0.1948
v -0.0039 0.6211 0.1948
v -0.0611 0.6615 0.1912
v -0.0622 0.6701 0.1932
v -0.1236 0.5898 0.1546
v -0.2008 0.6581 -0.0049
v -0.1960 0.6894 -0.0482
v -0.1971 0.6952 -0.0466
v -0.1970 0.6952 -0.0466
v -0.1958 0.6933 -0.0490
v -0.1958 0.6972 -0.0496
v -0.1958 0.6972 -0.0496
v -0.1960 0.6894 -0.0482
v -0.1956 0.6832 -0.0493
v -0.1956 0.6832 -0.0493
v -0.1954 0.6754 -0.0503
v -0.1954 0.6754 -0.0504
v -0.1931 0.6680 -0.0566
v -0.1931 0.6680 -0.0566
v -0.1791 0.6767 -0.0931
v -0.1689 0.6476 -0.1316
v -0.1694 0.6386 -0.1282
v -0.1758 0.5956 -0.1192
v -0.1760 0.6008 -0.1185
v -0.1760 0.6008 -0.1185
v -0.1757 0.5957 -0.1194
v -0.0395 0.5038 -0.1770
v 0.0006 0.5097 -0.1865
v 0.0721 0.5342 -0.1874
v 0.0652 0.5832 -0.2106
v 0.0806 0.7051 -0.2004
v -0.7283 -0.6222 0.1363
v 0.0775 0.8049 -0.2634
v 0.0778 0.8049 -0.2633
v 0.1399 0.7360 -0.2111
v 0.3239 0.5352 -0.0837
v 0.3334 0.5328 -0.0736
v 0.3561 0.5252 -0.0722
v 0.3742 0.5209 -0.0612
v 0.3259 0.5371 -0.0359
v 0.1807 0.6268 0.1684
v 0.1425 0.6429 0.1972
v 0.1377 0.6600 0.1964
v 0.1255 0.6816 0.2015
v 0.0630 0.7139 0.2179
v 0.0630 0.7163 0.2178
v 0.0630 0.7163 0.2178
v 0.0630 0.7163 0.2178
v 0.0630 0.7139 0.2178
v 0.0630 0.7139 0.2178
v 0.0610 0.7107 0.2139
v 0.0598 0.7105 0.2143
v 0.0607 0.7208 0.2147
v 0.0618 0.7201 0.2145
v 0.0618 0.7201 0.2145
v 0.0615 0.7200 0.2149
v 0.0618 0.7201 0.2145
v 0.0621 0.7198 0.2143
v 0.0621 0.7199 0.2142
v 0.0623 0.7195 0.2139
v 0.0623 0.7191 0.2158
v 0.0617 0.7195 0.2155
v 0.0619 0.7193 0.2158
v 0.0623 0.7191 0.2158
v 0.0623 0.7191 0.2158
v 0.0623 0.7191 0.2158
v 0.0623 0.7191 0.2158
v 0.0625 0.7327 0.2206
v 0.0625 0.7325 0.2208
v 0.0632 0.7329 0.2207
v 0.0636 0.7339 0.2205
v 0.0627 0.7400 0.2243
v 0.0635 0.7408 0.2245
v 0.0627 0.7469 0.2253
v 0.0629 0.7471 0.2255
v 0.0628 0.7464 0.2250
v 0.0634 0.7489 0.2260
v 0.0627 0.7524 0.2271
v 0.0624 0.7520 0.2267
v 0.0625 0.7520 0.2267
v 0.0625 0.7520 0.2267
v 0.0636 0.7527 0.2270
v 0.0628 0.7529 0.2275
v 0.0636 0.7527 0.2270
v 0.0636 0.7527 0.2270
v 0.0636 0.7527 0.2270
v 0.0625 0.7542 0.2283
v 0.0352 0.7917 0.2606
v 0.0321 0.7910 0.2598
v 0.0321 0.7909 0.2599
v 0.0298 0.7922 0.2600
v 0.0298 0.7922 0.2600
v 0.0248 0.7988 0.2618
v 0.0248 0.7988 0.2618
v 0.0097 0.8096 0.2655
v 0.0097 0.8096 0.2655
v -0.0617 0.7880 0.2373
v -0.0617 0.7880 0.2373
v -0.0375 0.6578 0.1904
v -0.0416 0.6675 0.1912
v -0.0619 0.6638 0.1916
v -0.0619 0.6638 0.1916
v -0.0986 0.6478 0.1649
v -0.7764 -0.5672 -0.0237
v -0.1990 0.5723 0.0224
v -0.1990 0.5723 0.0224
v -0.2041 0.5925 0.0126
v -0.2083 0.6945 -0.0186
v -0.1978 0.6982 -0.0458
v -0.1978 0.6982 -0.0458
v -0.1958 0.6933 -0.0490
v -0.1884 0.6958 -0.0653
v -0.1719 0.7024 -0.1221
v -0.1728 0.6806 -0.1319
v -0.1721 0.6810 -0.1342
v -0.1722 0.6813 -0.1342
v -0.1720 0.6815 -0.1346
v -0.1720 0.6815 -0.1346
v -0.1660 0.6946 -0.1375
v -0.1693 0.6441 -0.1298
v -0.1678 0.6345 -0.1307
v -0.1679 0.6345 -0.1307
v -0.1697 0.6297 -0.1270
v -0.1087 0.5328 -0.1689
v 0.0870 0.6815 -0.1878
v 0.0742 0.7943 -0.2580
v 0.0864 0.7403 -0.2516
v 0.2009 0.6239 -0.1701
v 0.2311 0.5822 -0.1588
v 0.2311 0.5822 -0.1588
v 0.2337 0.5826 -0.1533
v 0.3069 0.5413 -0.1063
v 0.3261 0.5368 -0.0342
v 0.1784 0.6290 0.1697
v 0.1581 0.6293 0.1884
v 0.1581 0.6293 0.1884
v 0.1548 0.6317 0.1902
v 0.1548 0.6317 0.1902
v 0.1523 0.6363 0.1907
v 0.1464 0.6342 0.1965
v 0.1464 0.6342 0.1965
v 0.1424 0.6367 0.1991
v 0.1424 0.6367 0.1991
v 0.1364 0.6536 0.1991
v 0.1303 0.6733 0.1994
v 0.1303 0.6733 0.1994
v 0.0669 0.6946 0.2242
v 0.0637 0.7100 0.2194
v 0.0632 0.7108 0.2167
v 0.0622 0.7113 0.2165
v 0.0621 0.7119 0.2159
v 0.0621 0.7120 0.2157
v 0.0621 0.7120 0.2154
v 0.0613 0.7113 0.2159
v 0.0610 0.7107 0.2139
v 0.0606 0.7101 0.2167
v 0.0609 0.7116 0.2167
v 0.0609 0.7116 0.2167
v 0.0606 0.7149 0.2168
v 0.0606 0.7149 0.2168
v 0.0614 0.7175 0.2163
v 0.0615 0.7191 0.2160
v 0.0613 0.7177 0.2163
v 0.0614 0.7196 0.2155
v 0.0614 0.7196 0.2155
v 0.0623 0.7197 0.2175
v 0.0623 0.7236 0.2191
v 0.0623 0.7197 0.2176
v 0.0628 0.7197 0.2176
v 0.0628 0.7197 0.2176
v 0.0625 0.7265 0.2192
v 0.0622 0.7263 0.2191
v 0.0624 0.7265 0.2188
v 0.0626 0.7265 0.2190
v 0.0624 0.7265 0.2188
v 0.0625 0.7272 0.2196
v 0.0625 0.7274 0.2198
v 0.0631 0.7272 0.2198
v 0.0623 0.7327 0.2207
v 0.0633 0.7333 0.2215
v 0.0633 0.7333 0.2215
v 0.0627 0.7367 0.2230
v 0.0630 0.7372 0.2224
v 0.0625 0.7403 0.2229
v 0.0625 0.7402 0.2229
v 0.0626 0.7403 0.2228
v 0.0624 0.7403 0.2228
v 0.0625 0.7463 0.2248
v 0.0626 0.7463 0.2248
v 0.0625 0.7463 0.2248
v 0.0626 0.7463 0.2248
v 0.0624 0.7463 0.2248
v 0.0634 0.7489 0.2259
v 0.0634 0.7489 0.2259
v 0.0624 0.7504 0.2264
v 0.0624 0.7504 0.2264
v 0.0628 0.7527 0.2277
v 0.0606 0.7532 0.2333
v 0.0072 0.7900 0.2523
v -0.0623 0.7849 0.2372
v -0.0623 0.7849 0.2372
v -0.0599 0.6679 0.1920
v -0.0908 0.6658 0.1686
v -0.1977 0.5834 0.0432
v -0.2085 0.6957 -0.0196
v -0.2093 0.6960 -0.0199
v -0.1990 0.7014 -0.0444
v -0.1990 0.7014 -0.0444
v -0.1990 0.7052 -0.0455
v -0.1990 0.7052 -0.0455
v -0.1937 0.6919 -0.0535
v -0.1937 0.6919 -0.0535
v -0.1864 0.6778 -0.0706
v -0.1728 0.6843 -0.1319
v -0.1728 0.6827 -0.1336
v -0.1727 0.6826 -0.1336
v -0.1520 0.6931 -0.1465
v -0.1681 0.6308 -0.1301
v -0.1681 0.6308 -0.1301
v -0.7972 -0.4787 -0.1972
v -0.7984 -0.4782 -0.1966
v -0.7983 -0.4779 -0.1963
v 0.0834 0.6006 -0.2038
v 0.1057 0.6039 -0.1893
v 0.0763 0.8017 -0.2608
v 0.0761 0.8018 -0.2610
v 0.2474 0.5630 -0.1634
v 0.2621 0.5519 -0.1633
v 0.2294 0.5858 0.1416
v 0.1738 0.6297 0.1741
v 0.1741 0.6297 0.1737
v -0.8060 -0.3954 -0.2890
v 0.1364 0.6536 0.1991
v 0.1319 0.6640 0.2000
v 0.1319 0.6640 0.2000
v 0.1272 0.6757 0.2011
v 0.1272 0.6757 0.2012
v 0.0633 0.7079 0.2198
v 0.0623 0.7103 0.2179
v 0.0623 0.7102 0.2180
v 0.0627 0.7103 0.2180
v 0.0623 0.7110 0.2167
v 0.0620 0.7109 0.2166
v 0.0614 0.7109 0.2161
v 0.0614 0.7109 0.2161
v 0.0614 0.7109 0.2161
v 0.0614 0.7109 0.2161
v 0.0612 0.7121 0.2173
v 0.0617 0.7124 0.2173
v 0.0608 0.7122 0.2177
v 0.0617 0.7182 0.2175
v 0.0615 0.7177 0.2177
v 0.0618 0.7197 0.2176
v 0.0618 0.7197 0.2175
v 0.0618 0.7197 0.2175
v 0.0622 0.7243 0.2186
v 0.0604 0.7165 0.2202
v 0.0620 0.7273 0.2197
v 0.0620 0.7274 0.2198
v 0.0621 0.7294 0.2203
v 0.0621 0.7294 0.2203
v 0.0619 0.7334 0.2216
v 0.0619 0.7334 0.2216
v 0.0618 0.7334 0.2217
v 0.0620 0.7354 0.2221
v 0.0620 0.7354 0.2221
v 0.0620 0.7412 0.2238
v 0.0621 0.7410 0.2238
v 0.0622 0.7430 0.2243
v 0.0622 0.7470 0.2256
v 0.0622 0.7470 0.2256
v 0.0622 0.7470 0.2256
v 0.0606 0.7532 0.2332
v 0.0608 0.7597 0.2357
v 0.0365 0.7754 0.2540
v 0.0149 0.7848 0.2506
v -0.0057 0.6885 0.1892
v -0.1603 0.5896 0.1253
v -0.1976 0.5713 0.0312
v -0.1974 0.5714 0.0311
v -0.2089 0.6964 -0.0199
v -0.8129 -0.3489 -0.3029
v -0.1734 0.6886 -0.1338
v -0.1734 0.6886 -0.1338
v -0.1734 0.6886 -0.1338
v -0.1743 0.6892 -0.1341
v -0.1728 0.6888 -0.1350
v -0.1724 0.6856 -0.1348
v -0.1724 0.6856 -0.1348
v -0.0813 0.5181 -0.1734
v -0.0165 0.5285 -0.2020
v 0.0170 0.5262 -0.1999
v 0.0787 0.7358 -0.2522
v 0.2266 0.5831 -0.1662
v 0.2292 0.5806 -0.1647
v 0.2292 0.5807 -0.1647
v 0.3055 0.5353 -0.1455
v 0.3878 0.5184 -0.0218
v 0.3649 0.5230 -0.0256
v 0.3370 0.5319 -0.0292
v 0.2858 0.5638 0.0423
v 0.2732 0.5756 0.0358
v 0.2548 0.5835 0.0749
v 0.2045 0.6016 0.1588
v 0.1351 0.6549 0.2004
v 0.1348 0.6548 0.2000
v 0.1235 0.6763 0.2036
v 0.1235 0.6763 0.2036
v 0.0637 0.7100 0.2195
v 0.0624 0.7089 0.2187
v 0.0624 0.7088 0.2186
v 0.0626 0.7088 0.2187
v 0.0626 0.7088 0.2187
v 0.0622 0.7089 0.2187
v 0.0617 0.7083 0.2188
v 0.0619 0.7103 0.2180
v 0.0619 0.7103 0.2180
v 0.0619 0.7103 0.2180
v 0.0619 0.7103 0.2180
v 0.0611 0.7121 0.2176
v 0.0610 0.7119 0.2197
v 0.0608 0.7120 0.2197
v 0.0609 0.7157 0.2191
v 0.0609 0.7157 0.2191
v 0.0544 0.7558 0.2425
v 0.0471 0.7722 0.2522
v -0.0371 0.7849 0.2570
v -0.0621 0.7660 0.2373
v -0.0627 0.7815 0.2348
v -0.0627 0.7815 0.2348
v -0.0409 0.7747 0.2134
v -0.0242 0.7758 0.2125
v -0.0610 0.6679 0.1931
v -0.0622 0.6701 0.1932
v -0.0906 0.6939 0.1618
v -0.0763 0.6939 0.1748
v -0.1987 0.5772 0.0333
v -0.1986 0.5766 0.0315
v -0.1992 0.5747 0.0248
v -0.1992 0.5747 0.0248
v -0.1954 0.6846 0.0069
v -0.1950 0.6854 0.0086
v -0.2099 0.6986 -0.0187
v -0.2109 0.6993 -0.0189
v -0.2099 0.6986 -0.0187
v -0.2099 0.6986 -0.0187
v -0.2096 0.6984 -0.0204
v -0.2099 0.6985 -0.0204
v -0.2096 0.6984 -0.0204
v -0.2096 0.6984 -0.0204
v -0.2020 0.7095 -0.0413
v -0.2020 0.7095 -0.0413
v -0.2028 0.7128 -0.0405
v -0.1727 0.6891 -0.1338
v -0.1733 0.6890 -0.1346
v -0.1733 0.6920 -0.1346
v -0.1728 0.6887 -0.1349
v -0.0455 0.5338 -0.1983
v 0.0784 0.7447 -0.2040
v 0.0755 0.7362 -0.2516
v 0.0755 0.7363 -0.2513
v 0.0787 0.7359 -0.2518
v 0.1490 0.6805 -0.2060
v 0.1844 0.6467 -0.1787
v 0.2054 0.6030 -0.1796
v 0.2183 0.5829 -0.1790
v 0.2936 0.5373 -0.1504
v 0.3951 0.5178 -0.0489
v 0.1188 0.6704 0.2074
v 0.1188 0.6704 0.2074
v 0.0627 0.7027 0.2211
v 0.0633 0.7023 0.2213
v 0.0635 0.7025 0.2215
v 0.0628 0.7029 0.2210
v 0.0625 0.7030 0.2209
v 0.0625 0.7031 0.2209
v 0.0625 0.7030 0.2210
v 0.0634 0.7044 0.2204
v 0.0633 0.7042 0.2208
v 0.0633 0.7081 0.2196
v 0.0633 0.7081 0.2196
v 0.0619 0.7081 0.2198
v 0.0619 0.7081 0.2198
v 0.0619 0.7081 0.2198
v 0.0614 0.7100 0.2198
v 0.0610 0.7120 0.2198
v 0.0590 0.7435 0.2321
v 0.0589 0.7507 0.2350
v 0.0589 0.7507 0.2350
v -0.0526 0.7443 0.2396
v -0.0631 0.7789 0.2352
v -0.0283 0.7756 0.2126
v -0.0282 0.7756 0.2125
v -0.0012 0.7228 0.1954
v -0.0576 0.6767 0.1963
v -0.0664 0.6811 0.1906
v -0.0993 0.7010 0.1568
v -0.1959 0.5895 0.0516
v -0.1973 0.5832 0.0430
v -0.2025 0.6343 0.0209
v -0.2106 0.6993 -0.0194
v -0.2106 0.6996 -0.0198
v -0.2106 0.6993 -0.0194
v -0.2106 0.6993 -0.0194
v -0.2106 0.6993 -0.0194
v -0.2109 0.7005 -0.0202
v -0.2109 0.7005 -0.0202
v -0.1982 0.7425 -0.0504
v -0.1634 0.7087 -0.1422
v -0.1602 0.5861 -0.1466
v 0.0614 0.5617 -0.2049
v 0.0718 0.6671 -0.2030
v 0.0736 0.7944 -0.2583
v 0.0792 0.7414 -0.2531
v 0.0731 0.7368 -0.2512
v 0.1046 0.7300 -0.2358
v 0.1856 0.6409 -0.1798
v 0.1856 0.6410 -0.1799
v 0.2184 0.5829 -0.1791
v 0.2228 0.5819 -0.1739
v 0.2228 0.5819 -0.1739
v 0.2249 0.5803 -0.1725
v 0.2249 0.5803 -0.1725
v 0.4081 0.5157 -0.0475
v 0.3234 0.5396 -0.0219
v 0.3174 0.5422 0.0033
v 0.2906 0.5578 0.0468
v 0.1959 0.5875 0.1788
v 0.1352 0.6239 0.2081
v 0.0630 0.6959 0.2229
v 0.0629 0.6955 0.2230
v 0.0634 0.6961 0.2229
v 0.0634 0.6962 0.2234
v 0.0628 0.6949 0.2234
v 0.0617 0.6951 0.2230
v 0.0625 0.6954 0.2230
v 0.0621 0.7062 0.2204
v 0.0621 0.7062 0.2204
v 0.0610 0.7080 0.2215
v 0.0610 0.7080 0.2214
v 0.0590 0.7435 0.2321
v -0.0629 0.7789 0.2352
v -0.0627 0.7790 0.2321
v -0.0628 0.7752 0.2302
v -0.0115 0.7557 0.2037
v -0.0601 0.6735 0.1948
v -0.0601 0.6735 0.1948
v -0.0596 0.6709 0.1944
v -0.0596 0.6709 0.1944
v -0.0966 0.7310 0.1671
v -0.0875 0.7515 0.1773
v -0.1851 0.8573 0.1818
v -0.1963 0.8424 0.1727
v -0.1881 0.8438 0.1700
v -0.0916 0.8016 0.1988
v -0.1211 0.8613 0.2340
v -0.1217 0.8570 0.2249
v -0.1014 0.8465 0.2320
v -0.1197 0.8472 0.2160
v -0.1045 0.8335 0.2151
v -0.1100 0.8551 0.2393
v -0.1483 0.8761 0.2349
v -0.1737 0.8909 0.2407
v -0.1736 0.8910 0.2408
v -0.1875 0.8830 0.2450
v -0.1816 0.8893 0.2394
v -0.1830 0.8888 0.2373
v -0.1830 0.8888 0.2373
v -0.1855 0.8874 0.2348
v -0.1857 0.8875 0.2348
v -0.1829 0.8893 0.2354
v -0.1827 0.8890 0.2354
v -0.1816 0.8893 0.2394
v -0.1778 0.8907 0.2386
v -0.1778 0.8907 0.2386
v -0.1787 0.8908 0.2374
v -0.1787 0.8906 0.2374
v -0.1701 0.8914 0.2357
v -0.1701 0.8908 0.2402
v -0.1700 0.8910 0.2403
v -0.1780 0.8877 0.2459
v -0.1878 0.8849 0.2321
v -0.1896 0.8803 0.2221
v -0.1649 0.8905 0.2390
v -0.1879 0.8849 0.2321
v -0.1797 0.8883 0.2286
v -0.1651 0.8902 0.2391
v -0.1941 0.8775 0.2337
v -0.1893 0.8815 0.2256
v -0.1901 0.8803 0.2220
v -0.1627 0.8894 0.2371
v -0.1632 0.8888 0.2373
v -0.1604 0.8870 0.2395
v -0.1600 0.8868 0.2392
v -0.1600 0.8869 0.2393
v -0.1602 0.8869 0.2380
v -0.1602 0.8868 0.2374
v -0.1580 0.8850 0.2404
v -0.1633 0.8860 0.2461
v -0.1604 0.8869 0.2373
v -0.1572 0.8843 0.2393
v -0.1572 0.8843 0.2393
v -0.1580 0.8849 0.2404
v -0.1941 0.8721 0.2449
v -0.1866 0.8758 0.2058
v -0.1554 0.8825 0.2412
v -0.1554 0.8825 0.2412
v -0.1517 0.8793 0.2392
v -0.1516 0.8795 0.2393
v -0.1787 0.8779 0.2540
v -0.1886 0.8739 0.2513
v -0.1910 0.8780 0.2205
v -0.1523 0.8799 0.2413
v -0.1523 0.8799 0.2413
v -0.1695 0.8835 0.2511
v -0.1959 0.8668 0.2407
v -0.1521 0.8744 0.2277
v -0.7447 0.3231 -0.1157
v -0.1287 0.8654 0.2405
v -0.1493 0.8756 0.2459
v -0.1910 0.8780 0.2205
v -0.7322 0.3441 -0.0434
v -0.1111 0.8557 0.2402
v -0.1112 0.8556 0.2402
v -0.1241 0.8630 0.2411
v -0.1286 0.8655 0.2405
v -0.1323 0.8672 0.2413
v -0.1427 0.8733 0.2411
v -0.1480 0.8766 0.2413
v -0.1480 0.8766 0.2413
v -0.1706 0.8740 0.2555
v -0.1941 0.8650 0.2445
v -0.1934 0.8711 0.2110
v -0.1102 0.8549 0.2393
v -0.1117 0.8556 0.2413
v -0.1117 0.8556 0.2413
v -0.1146 0.8575 0.2412
v -0.1146 0.8576 0.2412
v -0.1241 0.8628 0.2411
v -0.1323 0.8672 0.2413
v -0.1426 0.8733 0.2411
v -0.1889 0.8658 0.2511
v -0.1915 0.8746 0.2132
v -0.1915 0.8746 0.2132
v -0.1779 0.8792 0.2090
v -0.0929 0.8391 0.2396
v -0.1086 0.8534 0.2412
v -0.1085 0.8534 0.2413
v -0.1102 0.8546 0.2413
v -0.1098 0.8550 0.2417
v -0.1225 0.8615 0.2426
v -0.1225 0.8614 0.2426
v -0.1235 0.8615 0.2436
v -0.1235 0.8615 0.2436
v -0.1264 0.8634 0.2428
v -0.1264 0.8634 0.2428
v -0.1391 0.8709 0.2415
v -0.1391 0.8710 0.2416
v -0.1841 0.8706 0.2546
v -0.1001 0.8013 0.1934
v -0.0907 0.8341 0.2319
v -0.1172 0.8576 0.2444
v -0.1172 0.8576 0.2444
v -0.1211 0.8597 0.2443
v -0.1212 0.8596 0.2443
v -0.1523 0.8736 0.2494
v -0.1915 0.8729 0.2092
v -0.1915 0.8729 0.2092
v -0.1919 0.8715 0.2064
v -0.0836 0.8205 0.2282
v -0.1000 0.8458 0.2414
v -0.1000 0.8457 0.2414
v -0.1953 0.8635 0.2035
v -0.1933 0.8710 0.2110
v -0.1737 0.8740 0.2048
v -0.1522 0.8622 0.2140
v -0.1889 0.8569 0.2411
v -0.1935 0.8685 0.2064
v -0.1935 0.8685 0.2064
v -0.1917 0.8713 0.2065
v -0.0787 0.7915 0.2057
v -0.0994 0.8444 0.2430
v -0.1557 0.8663 0.2521
v -0.1769 0.8682 0.2552
v -0.1902 0.8616 0.1882
v -0.1836 0.8696 0.1949
v -0.0982 0.8437 0.2413
v -0.0982 0.8437 0.2413
v -0.0995 0.8443 0.2429
v -0.1141 0.8480 0.2507
v -0.1392 0.8610 0.2521
v -0.1753 0.8571 0.2483
v -0.1884 0.8492 0.2198
v -0.1943 0.8664 0.2049
v -0.1943 0.8664 0.2049
v -0.1955 0.8608 0.1973
v -0.1956 0.8609 0.1973
v -0.1984 0.8509 0.1863
v -0.1946 0.8234 0.1558
v -0.1407 0.8335 0.1978
v -0.0920 0.8360 0.2388
v -0.0915 0.8363 0.2388
v -0.0936 0.8387 0.2395
v -0.0959 0.8410 0.2414
v -0.0958 0.8411 0.2414
v -0.1945 0.8581 0.2168
v -0.1942 0.8654 0.2023
v -0.1942 0.8654 0.2023
v -0.1985 0.8261 0.1610
v -0.0884 0.8312 0.2375
v -0.0972 0.8378 0.2463
v -0.1958 0.8625 0.2119
v -0.1953 0.8635 0.2034
v -0.1985 0.8511 0.1908
v -0.0866 0.8272 0.2374
v -0.0885 0.8311 0.2375
v -0.0859 0.8263 0.2354
v -0.0859 0.8263 0.2354
v -0.0896 0.8331 0.2375
v -0.0896 0.8331 0.2375
v -0.0916 0.8357 0.2397
v -0.0914 0.8358 0.2397
v -0.1807 0.8576 0.2476
v -0.1982 0.8510 0.1909
v -0.1876 0.8113 0.1457
v -0.0972 0.7711 0.1823
v -0.0857 0.7779 0.1917
v -0.0802 0.7583 0.1847
v -0.0692 0.7770 0.2088
v -0.0858 0.8251 0.2373
v -0.0858 0.8251 0.2373
v -0.0866 0.8273 0.2375
v -0.0895 0.8327 0.2392
v -0.0897 0.8326 0.2391
v -0.1993 0.8453 0.1812
v -0.1994 0.8453 0.1812
v -0.1994 0.8422 0.1773
v -0.1993 0.8421 0.1773
v -0.2015 0.8323 0.1711
v -0.0821 0.8178 0.2353
v -0.0824 0.8173 0.2353
v -0.0838 0.8215 0.2355
v -0.0837 0.8215 0.2355
v -0.0844 0.8212 0.2373
v -0.1985 0.8506 0.1885
v -0.1978 0.8504 0.1866
v -0.1994 0.8478 0.1861
v -0.2016 0.8323 0.1712
v -0.2014 0.8302 0.1686
v -0.2014 0.8302 0.1686
v -0.1316 0.8067 0.1855
v -0.0706 0.7881 0.2265
v -0.0821 0.8143 0.2361
v -0.0820 0.8149 0.2361
v -0.0845 0.8233 0.2354
v -0.0845 0.8233 0.2354
v -0.8330 0.0367 0.2822
v -0.1563 0.8572 0.2495
v -0.1747 0.8428 0.2283
v -0.1956 0.8509 0.2067
v -0.1994 0.8478 0.1862
v -0.2024 0.8369 0.1809
v -0.2013 0.8379 0.1767
v -0.2013 0.8379 0.1767
v -0.2033 0.8263 0.1696
v -0.2012 0.8258 0.1644
v -0.2013 0.8217 0.1614
v -0.1798 0.8238 0.1568
v -0.1575 0.8211 0.1753
v -0.0778 0.8035 0.2328
v -0.0798 0.8087 0.2345
v -0.0795 0.8087 0.2348
v -0.0844 0.8212 0.2373
v -0.0999 0.8314 0.2491
v -0.1099 0.8288 0.2508
v -0.1992 0.8492 0.1940
v -0.2016 0.8279 0.1671
v -0.2016 0.8279 0.1671
v -0.2012 0.8258 0.1644
v -0.2015 0.8238 0.1634
v -0.2015 0.8238 0.1634
v -0.2013 0.8217 0.1614
v -0.1142 0.7407 0.1659
v -0.0779 0.8035 0.2328
v -0.0883 0.8239 0.2422
v -0.2008 0.8378 0.1887
v -0.2032 0.8262 0.1696
v -0.2031 0.8193 0.1631
v -0.2031 0.8193 0.1631
v -0.2014 0.8173 0.1583
v -0.2012 0.8173 0.1583
v -0.0649 0.7736 0.2202
v -0.0779 0.8000 0.2342
v -0.0796 0.8059 0.2350
v -0.0796 0.8059 0.2350
v -0.8139 0.0349 0.3299
v -0.1921 0.8429 0.2064
v -0.2044 0.8179 0.1707
v -0.2031 0.8243 0.1676
v -0.2031 0.8243 0.1676
v -0.1204 0.7716 0.1732
v -0.0756 0.7948 0.2329
v -0.0779 0.8000 0.2342
v -0.0778 0.7980 0.2345
v -0.0791 0.8025 0.2351
v -0.0791 0.8025 0.2351
v -0.1624 0.8483 0.2418
v -0.2030 0.8160 0.1604
v -0.2030 0.8160 0.1604
v -0.1306 0.7678 0.1661
v -0.0761 0.7481 0.1843
v -0.0758 0.7948 0.2328
v -0.0778 0.7980 0.2345
v -0.0923 0.8140 0.2447
v -0.2014 0.8148 0.1565
v -0.2014 0.8148 0.1565
v -0.1045 0.7179 0.1562
v -0.0831 0.7235 0.1737
v -0.0752 0.7909 0.2331
v -0.1052 0.8134 0.2463
v -0.2038 0.8089 0.1560
v -0.1797 0.8045 0.1438
v -0.1749 0.8296 0.1638
v -0.1225 0.7224 0.1499
v -0.1294 0.6270 0.1496
v -0.1422 0.5889 0.1424
v -0.1823 0.6983 0.0341
v -0.2124 0.7030 -0.0203
v -0.2089 0.7145 -0.0329
v -0.2029 0.7128 -0.0405
v -0.8017 -0.3324 0.3417
v -0.1741 0.6963 -0.1357
v -0.1745 0.6951 -0.1351
v -0.1728 0.6956 -0.1362
v -0.1728 0.6956 -0.1362
v 0.0743 0.6839 -0.2021
v 0.0792 0.7414 -0.2532
v 0.0772 0.7219 -0.2503
v 0.0772 0.7219 -0.2500
v 0.0791 0.7226 -0.2499
v 0.1272 0.7080 -0.2172
v 0.1542 0.6541 -0.2051
v 0.1825 0.6415 -0.1824
v 0.1823 0.6413 -0.1822
v 0.1890 0.6357 -0.1785
v 0.1890 0.6357 -0.1786
v 0.1971 0.6167 -0.1803
v 0.3732 0.5223 -0.0155
v 0.2517 0.5695 0.1186
v 0.2219 0.5827 0.1589
v 0.1723 0.6034 0.1902
v 0.1314 0.6057 0.2184
v 0.1175 0.6301 0.2156
v 0.0918 0.6567 0.2212
v 0.0755 0.6773 0.2265
v 0.0655 0.6788 0.2269
v 0.0633 0.6945 0.2234
v 0.0633 0.6945 0.2234
v 0.0623 0.6974 0.2228
v 0.0623 0.6974 0.2228
v 0.0620 0.7003 0.2223
v 0.0620 0.7003 0.2223
v 0.0619 0.7023 0.2219
v 0.0619 0.7023 0.2218
v 0.0619 0.7023 0.2218
v 0.0585 0.7095 0.2250
v 0.0572 0.7443 0.2351
v 0.0360 0.7717 0.2525
v 0.0360 0.7717 0.2525
v -0.0607 0.7527 0.2331
v -0.0618 0.7661 0.2372
v -0.0626 0.7669 0.2341
v -0.0626 0.7669 0.2341
v -0.0628 0.7701 0.2353
v -0.0625 0.7701 0.2353
v -0.0288 0.7224 0.1973
v -0.0596 0.6763 0.1957
v -0.0596 0.6763 0.1957
v -0.0615 0.6727 0.1945
v -0.0614 0.6728 0.1942
v -0.0869 0.7033 0.1648
v -0.0640 0.7703 0.2236
v -0.0752 0.7909 0.2330
v -0.1996 0.8202 0.1805
v -0.2017 0.8120 0.1553
v -0.2017 0.8120 0.1553
v -0.2117 0.7022 -0.0185
v -0.2117 0.7022 -0.0185
v -0.2117 0.7022 -0.0185
v -0.2117 0.7022 -0.0185
v -0.2120 0.7024 -0.0204
v -0.2126 0.7031 -0.0198
v -0.2120 0.7024 -0.0204
v -0.2088 0.7044 -0.0277
v -0.2027 0.7167 -0.0412
v -0.2027 0.7167 -0.0412
v -0.1729 0.6962 -0.1364
v -0.1301 0.5700 -0.1714
v -0.0978 0.5398 -0.1786
v 0.0728 0.7696 -0.2200
v 0.0737 0.7910 -0.2584
v 0.0682 0.7411 -0.2502
v 0.0732 0.7368 -0.2512
v 0.0757 0.7054 -0.2497
v 0.1916 0.6275 -0.1797
v 0.2100 0.5916 -0.1817
v 0.2100 0.5916 -0.1817
v 0.2102 0.5879 -0.1845
v 0.2102 0.5879 -0.1845
v 0.1949 0.5871 -0.2010
v 0.2627 0.5491 -0.1761
v 0.1155 0.6619 0.2104
v 0.1155 0.6619 0.2104
v 0.0638 0.6911 0.2244
v 0.0635 0.6924 0.2242
v 0.0633 0.6902 0.2261
v 0.0621 0.6945 0.2240
v 0.0621 0.6945 0.2240
v 0.0621 0.6945 0.2240
v 0.0546 0.7039 0.2305
v 0.0571 0.7443 0.2350
v 0.0340 0.7728 0.2528
v 0.0340 0.7729 0.2527
v -0.0621 0.7630 0.2341
v -0.0621 0.7630 0.2341
v -0.0624 0.7752 0.2303
v -0.0629 0.7708 0.2263
v -0.0583 0.6803 0.1968
v -0.0576 0.6767 0.1961
v -0.0692 0.7073 0.1842
v -0.0635 0.7590 0.2078
v -0.7265 -0.6130 -0.1893
v -0.0640 0.7703 0.2236
v -0.0640 0.7703 0.2236
v -0.0720 0.7851 0.2306
v -0.0720 0.7851 0.2306
v -0.2044 0.8031 0.1615
v -0.2032 0.8088 0.1562
v -0.1954 0.8037 0.1435
v -0.1496 0.6041 0.1358
v -0.1901 0.6332 0.0686
v -0.1951 0.5895 0.0513
v -0.1974 0.5875 0.0432
v -0.1975 0.5875 0.0432
v -0.2124 0.7047 -0.0178
v -0.2127 0.7031 -0.0195
v -0.2127 0.7031 -0.0195
v -0.2127 0.7032 -0.0194
v -0.2130 0.7039 -0.0194
v -0.2047 0.7152 -0.0381
v -0.2047 0.7152 -0.0382
v -0.1786 0.7358 -0.1355
v -0.1754 0.7117 -0.1318
v -0.7532 -0.5447 0.2378
v -0.1739 0.6964 -0.1355
v -0.1739 0.6964 -0.1355
v -0.1739 0.6964 -0.1355
v -0.1739 0.6971 -0.1366
v -0.1735 0.6969 -0.1365
v -0.1739 0.6971 -0.1366
v -0.1739 0.6971 -0.1366
v -0.1728 0.6967 -0.1366
v -0.1407 0.6750 -0.1597
v -0.1564 0.6309 -0.1485
v -0.1447 0.5841 -0.1635
v 0.0386 0.5355 -0.2014
v 0.0644 0.7707 -0.2472
v 0.0737 0.7910 -0.2584
v 0.0732 0.7880 -0.2589
v 0.0708 0.7357 -0.2502
v 0.0708 0.7357 -0.2502
v 0.0831 0.7173 -0.2488
v 0.0851 0.7167 -0.2480
v 0.1259 0.7290 -0.2191
v 0.1917 0.6276 -0.1798
v 0.2053 0.6029 -0.1795
v 0.2077 0.5944 -0.1824
v 0.2077 0.5944 -0.1824
v 0.2045 0.5955 -0.1851
v 0.2199 0.5758 -0.1862
v 0.3375 0.5258 -0.1302
v 0.3608 0.5226 -0.1076
v 0.4113 0.5164 -0.0130
v 0.3383 0.5329 0.0117
v 0.2568 0.5738 0.0985
v 0.2480 0.5664 0.1443
v 0.1172 0.6521 0.2111
v 0.1173 0.6521 0.2111
v 0.1115 0.6552 0.2132
v 0.1115 0.6552 0.2132
v 0.0649 0.6887 0.2242
v 0.0638 0.6886 0.2260
v 0.0652 0.6888 0.2240
v 0.0628 0.6898 0.2253
v 0.0629 0.6898 0.2252
v 0.0553 0.7176 0.2296
v -0.0330 0.7399 0.2422
v -0.0594 0.7226 0.2240
v -0.0591 0.7150 0.2234
v -0.0593 0.7088 0.2237
v -0.0592 0.7150 0.2234
v -0.0591 0.7150 0.2234
v -0.0592 0.7225 0.2240
v -0.0586 0.7321 0.2278
v -0.0594 0.7441 0.2315
v -0.0630 0.7685 0.2317
v -0.0630 0.7685 0.2317
v -0.0632 0.7725 0.2275
v -0.0628 0.7724 0.2277
v -0.0628 0.7724 0.2277
v -0.0630 0.7678 0.2234
v -0.0625 0.7674 0.2228
v -0.0627 0.7674 0.2228
v -0.0625 0.7674 0.2228
v -0.0628 0.7667 0.2216
v -0.0623 0.7667 0.2217
v -0.0628 0.7667 0.2216
v -0.0628 0.7667 0.2216
v -0.0624 0.7674 0.2228
v -0.0624 0.7674 0.2228
v -0.0626 0.7687 0.2237
v -0.0626 0.7685 0.2235
v -0.0622 0.7687 0.2235
v -0.0617 0.7689 0.2247
v -0.0616 0.7666 0.2215
v -0.0585 0.6816 0.1970
v -0.0585 0.6816 0.1969
v -0.0580 0.6802 0.1968
v -0.0580 0.6802 0.1968
v -0.0594 0.6787 0.1961
v -0.0594 0.6787 0.1961
v -0.0629 0.7646 0.2202
v -0.0624 0.7650 0.2208
v -0.0626 0.7651 0.2209
v -0.0622 0.7652 0.2209
v -0.0616 0.7666 0.2214
v -0.0416 0.7445 0.2036
v -0.0365 0.6969 0.1936
v -0.0593 0.6807 0.1964
v -0.0593 0.6807 0.1964
v -0.0624 0.7612 0.2204
v -0.0624 0.7616 0.2187
v -0.0620 0.7612 0.2183
v -0.0624 0.7616 0.2187
v -0.0627 0.7645 0.2198
v -0.0627 0.7645 0.2198
v -0.0627 0.7645 0.2198
v -0.0627 0.7645 0.2198
v -0.0619 0.7647 0.2204
v -0.0616 0.7649 0.2209
v -0.0620 0.7651 0.2208
v -0.0534 0.7710 0.2169
v -0.0584 0.6918 0.1969
v -0.0621 0.7609 0.2178
v -0.0621 0.7607 0.2176
v -0.0625 0.7609 0.2175
v -0.0615 0.7625 0.2192
v -0.0615 0.7625 0.2193
v -0.0615 0.7645 0.2202
v -0.0575 0.6924 0.1974
v -0.0658 0.7477 0.1978
v -0.0622 0.7607 0.2153
v -0.0624 0.7598 0.2167
v -0.0624 0.7598 0.2167
v -0.0620 0.7594 0.2167
v -0.0627 0.7588 0.2158
v -0.0615 0.7606 0.2179
v -0.0615 0.7606 0.2179
v -0.0615 0.7606 0.2179
v -0.0615 0.7606 0.2179
v -0.0615 0.7606 0.2179
v -0.0606 0.7617 0.2186
v -0.0606 0.7617 0.2186
v -0.0557 0.6979 0.1979
v -0.0557 0.6918 0.1974
v -0.0622 0.7590 0.2158
v -0.0622 0.7590 0.2158
v -0.0615 0.7590 0.2170
v -0.0615 0.7590 0.2170
v -0.0615 0.7590 0.2170
v -0.0615 0.7590 0.2170
v -0.0606 0.7559 0.2166
v -0.0606 0.7559 0.2166
v -0.0607 0.7554 0.2160
v -0.0606 0.7559 0.2166
v -0.0601 0.7589 0.2170
v -0.0601 0.7589 0.2170
v -0.0601 0.7589 0.2170
v -0.0601 0.7589 0.2170
v -0.0601 0.7589 0.2170
v -0.0598 0.7609 0.2176
v -0.0598 0.7609 0.2176
v -0.0598 0.7609 0.2176
v -0.0463 0.7207 0.2023
v -0.0586 0.6940 0.1971
v -0.0585 0.6939 0.1970
v -0.0609 0.7552 0.2156
v -0.0610 0.7552 0.2157
v -0.0578 0.6957 0.1974
v -0.0609 0.7490 0.2138
v -0.0610 0.7551 0.2158
v -0.0588 0.7550 0.2149
v -0.0577 0.6985 0.1986
v -0.0577 0.6964 0.1977
v -0.0577 0.6964 0.1977
v -0.0587 0.6977 0.1975
v -0.0609 0.7530 0.2152
v -0.0609 0.7530 0.2152
v -0.0609 0.7530 0.2152
v -0.0596 0.7550 0.2156
v -0.0596 0.7550 0.2156
v -0.0596 0.7551 0.2155
v -0.0596 0.7550 0.2155
v -0.0590 0.7527 0.2143
v -0.0583 0.6987 0.1984
v -0.0578 0.6986 0.1985
v -0.0588 0.6986 0.1980
v -0.0588 0.6986 0.1980
v -0.0588 0.6986 0.1980
v -0.0606 0.7495 0.2147
v -0.0605 0.7495 0.2147
v -0.0605 0.7495 0.2147
v -0.0602 0.7492 0.2143
v -0.0604 0.7495 0.2147
v -0.0604 0.7495 0.2147
v -0.0604 0.7495 0.2147
v -0.0581 0.7028 0.2011
v -0.0584 0.7000 0.1979
v -0.0577 0.7001 0.1993
v -0.0586 0.6993 0.1990
v -0.0586 0.6995 0.1990
v -0.0586 0.6993 0.1990
v -0.0587 0.7002 0.1993
v -0.0587 0.7002 0.1993
v -0.0599 0.7355 0.2117
v -0.0609 0.7490 0.2139
v -0.0609 0.7490 0.2139
v -0.0609 0.7490 0.2139
v -0.0597 0.7490 0.2140
v -0.0597 0.7489 0.2141
v -0.0597 0.7489 0.2141
v -0.0602 0.7025 0.1981
v -0.0602 0.7025 0.1981
v -0.0608 0.7469 0.2136
v -0.0608 0.7471 0.2135
v -0.0585 0.7414 0.2120
v -0.0586 0.7005 0.2019
v -0.0578 0.7023 0.2004
v -0.0592 0.7023 0.2001
v -0.0592 0.7023 0.2001
v -0.0592 0.7023 0.2001
v -0.0594 0.7022 0.2007
v -0.0607 0.7449 0.2131
v -0.0607 0.7449 0.2131
v -0.0594 0.7448 0.2130
v -0.0594 0.7448 0.2131
v -0.0533 0.7181 0.2066
v -0.0579 0.7044 0.2017
v -0.0587 0.7025 0.2015
v -0.0586 0.7031 0.2007
v -0.0601 0.7038 0.2001
v -0.0600 0.7038 0.2001
v -0.0637 0.7130 0.1965
v -0.0604 0.7375 0.2124
v -0.0603 0.7372 0.2126
v -0.0605 0.7376 0.2124
v -0.0582 0.7084 0.2056
v -0.0579 0.7043 0.2018
v -0.0579 0.7043 0.2018
v -0.0595 0.7045 0.2018
v -0.0595 0.7045 0.2018
v -0.0598 0.7043 0.2020
v -0.0591 0.7050 0.2015
v -0.0595 0.7045 0.2018
v -0.7920 -0.4748 -0.2317
v -0.0603 0.7400 0.2128
v -0.0607 0.7378 0.2113
v -0.0605 0.7378 0.2126
v -0.0602 0.7405 0.2128
v -0.0587 0.7048 0.2032
v -0.0587 0.7050 0.2031
v -0.0585 0.7051 0.2029
v -0.0589 0.7051 0.2030
v -0.0606 0.7071 0.2046
v -0.0604 0.7353 0.2124
v -0.0604 0.7349 0.2127
v -0.0605 0.7349 0.2127
v -0.0606 0.7348 0.2126
v -0.0606 0.7355 0.2120
v -0.0597 0.7355 0.2124
v -0.0597 0.7355 0.2124
v -0.0596 0.7355 0.2125
v -0.0597 0.7372 0.2124
v -0.0595 0.7234 0.2133
v -0.0582 0.7064 0.2037
v -0.0582 0.7064 0.2037
v -0.0580 0.7064 0.2047
v -0.0594 0.7077 0.2041
v -0.0595 0.7062 0.2038
v -0.0595 0.7062 0.2038
v -0.0605 0.7079 0.2039
v -0.0605 0.7069 0.2040
v -0.0604 0.7325 0.2127
v -0.0583 0.7083 0.2057
v -0.0583 0.7083 0.2057
v -0.0590 0.7066 0.2054
v -0.0592 0.7083 0.2040
v -0.0586 0.7072 0.2049
v -0.0602 0.7073 0.2052
v -0.0607 0.7288 0.2130
v -0.0592 0.7121 0.2132
v -0.0586 0.7091 0.2072
v -0.0586 0.7090 0.2072
v -0.0596 0.7078 0.2059
v -0.0596 0.7078 0.2059
v -0.0596 0.7078 0.2059
v -0.0589 0.7074 0.2070
v -0.0608 0.7084 0.2056
v -0.0607 0.7082 0.2058
v -0.0612 0.7082 0.2062
v -0.0624 0.7155 0.2060
v -0.0606 0.7288 0.2130
v -0.0600 0.7103 0.2138
v -0.0595 0.7089 0.2079
v -0.0595 0.7089 0.2079
v -0.0614 0.7253 0.2119
v -0.0614 0.7253 0.2119
v -0.0593 0.7096 0.2098
v -0.0593 0.7096 0.2098
v -0.0606 0.7093 0.2111
v -0.0607 0.7094 0.2114
v -0.0607 0.7092 0.2112
v -0.0621 0.7112 0.2066
v -0.0616 0.7236 0.2139
v -0.0610 0.7238 0.2135
v -0.0612 0.7216 0.2138
v -0.0595 0.7218 0.2139
v -0.0591 0.7138 0.2141
v -0.0591 0.7120 0.2133
v -0.0591 0.7120 0.2133
v -0.0597 0.7101 0.2120
v -0.0597 0.7101 0.2120
v -0.0597 0.7101 0.2120
v -0.0601 0.7101 0.2114
v -0.0606 0.7092 0.2114
v -0.0607 0.7097 0.2117
v -0.0606 0.7092 0.2114
v -0.0633 0.7141 0.2177
v -0.0620 0.7196 0.2139
v -0.0598 0.7217 0.2140
v -0.0593 0.7213 0.2154
v -0.0591 0.7138 0.2142
v -0.0604 0.7119 0.2193
v -0.0598 0.7120 0.2157
v -0.0600 0.7119 0.2156
v -0.0601 0.7120 0.2157
v -0.0600 0.7103 0.2138
v -0.0600 0.7103 0.2138
v -0.0600 0.7103 0.2138
v -0.0600 0.7102 0.2138
v -0.0613 0.7100 0.2120
v -0.0613 0.7100 0.2120
v -0.0630 0.7098 0.2129
v -0.0622 0.7112 0.2125
v -0.0623 0.7110 0.2157
v -0.0612 0.7216 0.2139
v -0.0612 0.7216 0.2139
v -0.0612 0.7216 0.2139
v -0.0607 0.7211 0.2150
v -0.0605 0.7211 0.2150
v -0.0606 0.7211 0.2149
v -0.0605 0.7211 0.2152
v -0.0594 0.7196 0.2139
v -0.0594 0.7196 0.2139
v -0.0598 0.7185 0.2217
v -0.0598 0.7185 0.2217
v -0.0610 0.7514 0.2319
v -0.0608 0.7501 0.2314
v -0.0605 0.7527 0.2330
v -0.0625 0.7599 0.2288
v -0.0632 0.7713 0.2308
v -0.0632 0.7713 0.2308
v -0.0629 0.7708 0.2263
v -0.0638 0.7698 0.2255
v -0.0626 0.7698 0.2250
v -0.0624 0.7705 0.2251
v -0.0625 0.7693 0.2247
v -0.0628 0.7692 0.2245
v -0.0631 0.7687 0.2236
v -0.0634 0.7702 0.2255
v -0.0640 0.7699 0.2252
v -0.0645 0.7706 0.2258
v -0.0649 0.7698 0.2259
v -0.0673 0.7743 0.2290
v -0.0674 0.7743 0.2289
v -0.0686 0.7775 0.2287
v -0.0682 0.7776 0.2290
v -0.0777 0.7813 0.2354
v -0.0939 0.8012 0.2434
v -0.1224 0.8170 0.2401
v -0.1445 0.7644 0.1539
v -0.1942 0.6015 0.0547
v -0.1942 0.6015 0.0547
v -0.2024 0.7350 0.0032
v -0.2103 0.7140 -0.0126
v -0.2131 0.7042 -0.0190
v -0.2133 0.7044 -0.0199
v -0.2133 0.7042 -0.0203
v -0.2133 0.7042 -0.0203
v -0.2030 0.7350 -0.0406
v -0.1874 0.7274 -0.0768
v -0.1753 0.7022 -0.1358
v -0.1745 0.6999 -0.1356
v -0.1745 0.6999 -0.1356
v -0.1732 0.7028 -0.1384
v -0.8135 -0.3771 -0.2772
v -0.8132 -0.3793 -0.2768
v 0.0729 0.7901 -0.2569
v 0.0655 0.7462 -0.2498
v 0.0658 0.7464 -0.2494
v 0.0655 0.7462 -0.2498
v 0.0682 0.7411 -0.2501
v 0.0850 0.7167 -0.2478
v 0.0831 0.7173 -0.2488
v 0.0907 0.7149 -0.2451
v 0.1520 0.6362 -0.2125
v 0.1882 0.6307 -0.1815
v 0.1882 0.6307 -0.1815
v 0.1971 0.6166 -0.1802
v 0.2240 0.5646 -0.1988
v -0.8070 -0.3282 -0.3316
v 0.3167 0.5280 -0.1591
v 0.4398 0.5137 -0.0342
v 0.3147 0.5443 0.0164
v 0.2747 0.5655 0.0607
v 0.1069 0.6528 0.2155
v 0.1069 0.6528 0.2155
v 0.0830 0.6573 0.2249
v 0.0635 0.6884 0.2250
v 0.0636 0.6884 0.2253
v 0.0628 0.6898 0.2250
v 0.0536 0.7369 0.2367
v 0.0536 0.7369 0.2367
v -0.0453 0.7339 0.2391
v -0.0550 0.7062 0.2299
v -0.0593 0.7088 0.2237
v -0.0600 0.7108 0.2216
v -0.0600 0.7108 0.2216
v -0.0604 0.7119 0.2177
v -0.0604 0.7103 0.2158
v -0.0604 0.7103 0.2158
v -0.0604 0.7103 0.2158
v -0.0616 0.7104 0.2137
v -0.0616 0.7104 0.2137
v -0.0616 0.7104 0.2137
v -0.0620 0.7196 0.2139
v -0.0620 0.7196 0.2139
v -0.0608 0.7211 0.2150
v -0.0608 0.7211 0.2150
v -0.0604 0.7195 0.2156
v -0.0604 0.7195 0.2156
v -0.0604 0.7195 0.2156
v -0.0588 0.7197 0.2159
v -0.0606 0.7191 0.2176
v -0.0610 0.7196 0.2177
v -0.0611 0.7195 0.2174
v -0.0606 0.7191 0.2176
v -0.0602 0.7176 0.2197
v -0.0602 0.7176 0.2197
v -0.0607 0.7205 0.2187
v -0.0627 0.7596 0.2286
v -0.0627 0.7596 0.2286
v -0.0639 0.7704 0.2295
v -0.0632 0.7705 0.2294
v -0.0632 0.7705 0.2294
v -0.0640 0.7686 0.2275
v -0.0642 0.7693 0.2264
v -0.0642 0.7696 0.2261
v -0.0637 0.7694 0.2257
v -0.0637 0.7694 0.2257
v -0.0637 0.7694 0.2257
v -0.0637 0.7694 0.2257
v -0.0645 0.7694 0.2265
v -0.0649 0.7694 0.2275
v -0.0652 0.7687 0.2273
v -0.0716 0.7812 0.2311
v -0.0716 0.7812 0.2311
v -0.2027 0.7959 0.1493
v -0.1240 0.6687 0.1469
v -0.1931 0.6266 0.0576
v -0.1932 0.6266 0.0576
v -0.1942 0.6172 0.0546
v -0.1942 0.6172 0.0546
v -0.1940 0.6649 0.0324
v -0.2138 0.7061 -0.0185
v -0.2138 0.7061 -0.0185
v -0.2138 0.7061 -0.0185
v -0.2144 0.7057 -0.0204
v -0.2132 0.7069 -0.0203
v -0.2144 0.7057 -0.0204
v -0.2144 0.7057 -0.0204
v -0.2068 0.7168 -0.0356
v -0.2068 0.7168 -0.0356
v -0.1774 0.7297 -0.1170
v -0.1749 0.7020 -0.1376
v -0.1749 0.7020 -0.1376
v -0.1698 0.7190 -0.1434
v -0.1401 0.7253 -0.1620
v -0.1388 0.7264 -0.1634
v -0.1482 0.6003 -0.1610
v 0.0574 0.6322 -0.2153
v 0.0720 0.7874 -0.2561
v 0.0720 0.7874 -0.2561
v 0.0735 0.7880 -0.2586
v 0.0645 0.7504 -0.2502
v 0.0645 0.7504 -0.2502
v 0.0636 0.7510 -0.2500
v 0.0636 0.7510 -0.2500
v 0.0636 0.7510 -0.2500
v 0.0635 0.7490 -0.2495
v 0.0635 0.7490 -0.2495
v 0.0635 0.7490 -0.2495
v 0.0635 0.7470 -0.2487
v 0.0628 0.7468 -0.2488
v 0.0634 0.7469 -0.2488
v 0.0634 0.7469 -0.2488
v 0.0626 0.7466 -0.2492
v 0.0626 0.7463 -0.2482
v 0.0626 0.7463 -0.2482
v 0.0627 0.7464 -0.2482
v 0.0636 0.7413 -0.2476
v 0.1021 0.7095 -0.2361
v 0.1812 0.6313 -0.1876
v 0.1812 0.6313 -0.1876
v 0.1924 0.6224 -0.1814
v 0.1925 0.6225 -0.1815
v 0.2012 0.6044 -0.1831
v 0.2012 0.6044 -0.1831
v 0.2045 0.5955 -0.1851
v 0.2135 0.5645 -0.2116
v 0.3906 0.5162 -0.1113
v 0.3870 0.5183 -0.1052
v 0.4228 0.5148 -0.0712
v 0.3792 0.5209 0.0191
v 0.3601 0.5259 0.0232
v 0.0975 0.6541 0.2191
v 0.0975 0.6541 0.2191
v 0.0675 0.6677 0.2287
v 0.0646 0.6791 0.2269
v 0.0645 0.6794 0.2268
v 0.0645 0.6794 0.2268
v 0.0645 0.6794 0.2268
v 0.0634 0.6845 0.2263
v 0.0634 0.6845 0.2263
v 0.0621 0.6885 0.2261
v 0.0511 0.7480 0.2423
v 0.0511 0.7480 0.2423
v 0.0439 0.7383 0.2419
v 0.0381 0.7478 0.2447
v 0.0379 0.7595 0.2483
v 0.0379 0.7595 0.2483
v 0.0379 0.7651 0.2502
v 0.0379 0.7651 0.2502
v 0.0355 0.7655 0.2502
v 0.0355 0.7655 0.2502
v -0.0604 0.7065 0.2217
v -0.0604 0.7065 0.2217
v -0.0607 0.7092 0.2191
v -0.0607 0.7092 0.2191
v -0.0607 0.7092 0.2191
v -0.0607 0.7092 0.2191
v -0.0606 0.7103 0.2178
v -0.0606 0.7103 0.2178
v -0.0606 0.7103 0.2178
v -0.0606 0.7103 0.2178
v -0.0606 0.7103 0.2178
v -0.0615 0.7099 0.2158
v -0.0615 0.7099 0.2158
v -0.0615 0.7099 0.2158
v -0.0615 0.7099 0.2158
v -0.0615 0.7099 0.2158
v -0.0626 0.7156 0.2157
v -0.0626 0.7156 0.2157
v -0.0626 0.7156 0.2157
v -0.0623 0.7182 0.2150
v -0.0623 0.7182 0.2150
v -0.0630 0.7183 0.2157
v -0.0616 0.7193 0.2158
v -0.0616 0.7193 0.2158
v -0.0616 0.7193 0.2158
v -0.0616 0.7193 0.2158
v -0.0616 0.7193 0.2158
v -0.0616 0.7193 0.2158
v -0.0607 0.7205 0.2187
v -0.0607 0.7205 0.2187
v -0.0622 0.7490 0.2259
v -0.0628 0.7545 0.2274
v -0.0629 0.7547 0.2275
v -0.0624 0.7546 0.2277
v -0.0624 0.7548 0.2278
v -0.0631 0.7605 0.2288
v -0.0634 0.7607 0.2287
v -0.0643 0.7624 0.2281
v -0.0640 0.7625 0.2284
v -0.0639 0.7626 0.2284
v -0.0639 0.7626 0.2284
v -0.0641 0.7687 0.2277
v -0.0637 0.7687 0.2276
v -0.0644 0.7687 0.2275
v -0.0640 0.7687 0.2276
v -0.0640 0.7687 0.2276
v -0.0647 0.7687 0.2278
v -0.0898 0.7789 0.2377
v -0.1877 0.8037 0.1820
v -0.2016 0.8062 0.1516
v -0.2017 0.8063 0.1516
v -0.7926 -0.0124 -0.4099
v -0.1689 0.6469 0.1119
v -0.1724 0.6465 0.1035
v -0.1759 0.6429 0.0958
v -0.1911 0.6328 0.0629
v -0.1911 0.6328 0.0629
v -0.1802 0.6929 0.0594
v -0.1810 0.7100 0.0434
v -0.2169 0.7085 -0.0184
v -0.2157 0.7082 -0.0189
v -0.2157 0.7082 -0.0189
v -0.2150 0.7068 -0.0192
v -0.2150 0.7068 -0.0192
v -0.2150 0.7068 -0.0192
v -0.2150 0.7086 -0.0236
v -0.2110 0.7138 -0.0306
v -0.2088 0.7145 -0.0329
v -0.1754 0.7026 -0.1364
v -0.1752 0.7023 -0.1359
v -0.1749 0.7020 -0.1377
v -0.1749 0.7020 -0.1377
v -0.1749 0.7020 -0.1377
v -0.1747 0.7025 -0.1384
v -0.1735 0.7025 -0.1392
v -0.1716 0.7366 -0.1449
v -0.1375 0.7275 -0.1650
v -0.1338 0.6935 -0.1623
v -0.7983 0.0753 -0.3559
v -0.1233 0.5796 -0.1792
v -0.1045 0.5719 -0.1881
v 0.0018 0.5406 -0.2104
v 0.0593 0.7004 -0.2215
v 0.0693 0.7821 -0.2531
v 0.0728 0.7846 -0.2560
v 0.0717 0.7847 -0.2566
v 0.0628 0.7526 -0.2502
v 0.0632 0.7528 -0.2503
v 0.0634 0.7529 -0.2499
v 0.0628 0.7526 -0.2502
v 0.0636 0.7531 -0.2504
v 0.0636 0.7531 -0.2504
v 0.0635 0.7531 -0.2505
v 0.0635 0.7548 -0.2509
v 0.0635 0.7548 -0.2509
v 0.0624 0.7531 -0.2509
v 0.0624 0.7531 -0.2509
v 0.0624 0.7531 -0.2509
v 0.0626 0.7523 -0.2502
v 0.0624 0.7503 -0.2499
v 0.0624 0.7503 -0.2499
v 0.0624 0.7503 -0.2499
v 0.0622 0.7470 -0.2491
v 0.0622 0.7470 -0.2491
v 0.0625 0.7463 -0.2482
v 0.0622 0.7470 -0.2491
v 0.0626 0.7463 -0.2482
v 0.0626 0.7463 -0.2482
v 0.0618 0.7395 -0.2471
v 0.0623 0.7438 -0.2479
v 0.0638 0.7394 -0.2473
v 0.0673 0.7355 -0.2484
v 0.0672 0.7355 -0.2484
v 0.0672 0.7355 -0.2484
v 0.1255 0.7264 -0.2188
v 0.1792 0.6263 -0.1917
v 0.1792 0.6263 -0.1917
v 0.2522 0.5542 -0.1821
v 0.2859 0.5385 -0.1738
v -0.7601 -0.4255 0.3752
v 0.4626 0.5107 -0.0998
v 0.4612 0.5107 -0.0767
v 0.4529 0.5113 -0.0853
v 0.4721 0.5082 -0.0289
v 0.0655 0.6741 0.2277
v 0.0655 0.6741 0.2277
v 0.0654 0.6788 0.2270
v 0.0640 0.6815 0.2266
v 0.0640 0.6815 0.2266
v 0.0353 0.7630 0.2495
v 0.0353 0.7631 0.2493
v -0.0623 0.7071 0.2218
v -0.0602 0.7063 0.2200
v -0.0605 0.7080 0.2204
v -0.0606 0.7081 0.2203
v -0.0606 0.7081 0.2203
v -0.0621 0.7087 0.2184
v -0.0621 0.7086 0.2185
v -0.0621 0.7086 0.2190
v -0.0620 0.7090 0.2183
v -0.0614 0.7094 0.2178
v -0.0614 0.7094 0.2178
v -0.0614 0.7094 0.2178
v -0.0614 0.7094 0.2178
v -0.0614 0.7094 0.2178
v -0.0625 0.7107 0.2159
v -0.0625 0.7107 0.2159
v -0.0625 0.7107 0.2159
v -0.0625 0.7107 0.2159
v -0.0616 0.7112 0.2161
v -0.0624 0.7186 0.2166
v -0.0624 0.7186 0.2166
v -0.0624 0.7186 0.2166
v -0.0615 0.7199 0.2176
v -0.0614 0.7198 0.2175
v -0.0614 0.7198 0.2175
v -0.0614 0.7198 0.2175
v -0.0614 0.7198 0.2175
v -0.0617 0.7215 0.2180
v -0.0617 0.7215 0.2180
v -0.0623 0.7270 0.2185
v -0.0622 0.7269 0.2188
v -0.0616 0.7276 0.2195
v -0.0615 0.7277 0.2197
v -0.0624 0.7346 0.2208
v -0.0625 0.7346 0.2206
v -0.0623 0.7346 0.2208
v -0.0617 0.7353 0.2217
v -0.0626 0.7538 0.2267
v -0.0626 0.7538 0.2267
v -0.0626 0.7538 0.2267
v -0.0626 0.7538 0.2267
v -0.0626 0.7538 0.2267
v -0.0633 0.7556 0.2275
v -0.0633 0.7546 0.2273
v -0.0635 0.7567 0.2280
v -0.0635 0.7567 0.2280
v -0.0636 0.7603 0.2286
v -0.0644 0.7623 0.2286
v -0.0644 0.7650 0.2286
v -0.0737 0.7659 0.2330
v -0.1769 0.7957 0.1401
v -0.1874 0.6386 0.0725
v -0.1845 0.6419 0.0785
v -0.1893 0.6331 0.0683
v -0.1902 0.6457 0.0606
v -0.2169 0.7093 -0.0191
v -0.2191 0.7116 -0.0188
v -0.2195 0.7121 -0.0189
v -0.2195 0.7121 -0.0189
v -0.2195 0.7121 -0.0189
v -0.2180 0.7166 -0.0164
v -0.2188 0.7108 -0.0192
v -0.2188 0.7108 -0.0192
v -0.2188 0.7107 -0.0199
v -0.2189 0.7109 -0.0196
v -0.2176 0.7101 -0.0190
v -0.2176 0.7101 -0.0190
v -0.2169 0.7089 -0.0193
v -0.2169 0.7089 -0.0193
v -0.2169 0.7089 -0.0193
v -0.2179 0.7098 -0.0204
v -0.2190 0.7108 -0.0203
v -0.2179 0.7098 -0.0204
v -0.2179 0.7098 -0.0204
v -0.2179 0.7098 -0.0204
v -0.2161 0.7079 -0.0204
v -0.2161 0.7078 -0.0204
v -0.2161 0.7079 -0.0204
v -0.2161 0.7079 -0.0204
v -0.2161 0.7079 -0.0204
v -0.1906 0.7430 -0.0826
v -0.1786 0.7138 -0.1380
v -0.1757 0.7029 -0.1372
v -0.1747 0.7033 -0.1376
v -0.1759 0.7029 -0.1376
v -0.1759 0.7029 -0.1376
v -0.1760 0.7031 -0.1380
v -0.1756 0.7029 -0.1385
v -0.1749 0.7027 -0.1387
v -0.1749 0.7027 -0.1387
v -0.1754 0.7024 -0.1397
v -0.1735 0.7029 -0.1386
v -0.1851 0.7867 -0.1612
v -0.1933 0.8479 -0.2361
v -0.1103 0.8349 -0.2764
v -0.1163 0.8183 -0.2204
v -0.1178 0.8144 -0.2168
v -0.1330 0.7539 -0.1832
v -0.1414 0.7241 -0.1603
v -0.7633 0.2953 0.1053
v -0.0209 0.5502 -0.2132
v 0.0711 0.7765 -0.2279
v 0.0693 0.7826 -0.2534
v 0.0654 0.7544 -0.2515
v 0.0654 0.7545 -0.2515
v 0.0634 0.7602 -0.2516
v 0.0635 0.7568 -0.2514
v 0.0635 0.7568 -0.2514
v 0.0635 0.7588 -0.2519
v 0.0635 0.7588 -0.2519
v -0.7900 0.2136 0.2149
v 0.0614 0.7518 -0.2540
v 0.0615 0.7518 -0.2540
v 0.0607 0.7536 -0.2575
v 0.0412 0.8362 -0.3087
v 0.0401 0.8353 -0.3088
v 0.0401 0.8353 -0.3088
v 0.0412 0.8362 -0.3087
v -0.0064 0.8574 -0.3509
v 0.0055 0.8648 -0.3609
v -0.0079 0.8656 -0.3582
v 0.0076 0.8578 -0.3518
v 0.0090 0.8700 -0.3633
v -0.7974 0.1957 0.2224
v 0.0086 0.8712 -0.3632
v 0.0088 0.8702 -0.3629
v 0.0082 0.8710 -0.3633
v 0.0057 0.8720 -0.3636
v 0.0057 0.8720 -0.3636
v -0.0037 0.8739 -0.3634
v 0.0123 0.8719 -0.3617
v 0.0109 0.8719 -0.3616
v 0.0108 0.8719 -0.3624
v 0.0097 0.8722 -0.3636
v 0.0081 0.8735 -0.3634
v 0.0081 0.8735 -0.3633
v 0.0049 0.8739 -0.3636
v 0.0049 0.8739 -0.3638
v 0.0136 0.8666 -0.3575
v 0.0022 0.8827 -0.3619
v -0.0117 0.8739 -0.3606
v -0.0116 0.8739 -0.3603
v 0.0143 0.8741 -0.3596
v 0.0140 0.8740 -0.3594
v 0.0140 0.8754 -0.3598
v 0.0137 0.8753 -0.3595
v 0.0092 0.8806 -0.3611
v -0.0141 0.8613 -0.3502
v 0.0039 0.8510 -0.3406
v -0.0143 0.8592 -0.3480
v 0.0225 0.8579 -0.3362
v -0.0185 0.8637 -0.3480
v -0.0140 0.8613 -0.3501
v -0.0142 0.8593 -0.3479
v -0.0142 0.8593 -0.3479
v 0.0178 0.8763 -0.3535
v 0.0178 0.8762 -0.3535
v -0.0110 0.8812 -0.3593
v -0.8297 0.0767 0.2663
v 0.0164 0.8496 -0.3285
v -0.0063 0.8898 -0.3556
v -0.0141 0.8758 -0.3578
v -0.0140 0.8758 -0.3578
v -0.0199 0.8719 -0.3502
v -0.0209 0.8498 -0.3290
v 0.0219 0.8829 -0.3427
v 0.0138 0.8886 -0.3509
v 0.0073 0.8935 -0.3513
v -0.0178 0.8738 -0.3529
v -0.0178 0.8738 -0.3529
v -0.0182 0.8759 -0.3526
v -0.0180 0.8759 -0.3525
v -0.0218 0.8721 -0.3468
v -0.0197 0.8720 -0.3501
v -0.0124 0.8422 -0.3207
v 0.0213 0.8758 -0.3478
v 0.0213 0.8758 -0.3478
v -0.0286 0.8576 -0.3293
v 0.0262 0.8669 -0.3394
v 0.0236 0.8743 -0.3441
v 0.0235 0.8743 -0.3440
v -0.0125 0.8873 -0.3530
v -0.0218 0.8721 -0.3468
v 0.0308 0.8483 -0.3214
v 0.0014 0.8958 -0.3472
v -0.0209 0.8807 -0.3453
v -0.0232 0.8740 -0.3440
v -0.0232 0.8740 -0.3440
v 0.0206 0.8424 -0.3187
v 0.0273 0.8739 -0.3367
v 0.0272 0.8739 -0.3366
v 0.0176 0.8904 -0.3416
v -0.0255 0.8724 -0.3400
v -0.0255 0.8724 -0.3400
v 0.0046 0.8413 -0.3179
v 0.0290 0.8719 -0.3344
v -0.0160 0.8908 -0.3400
v -0.0253 0.8738 -0.3399
v -0.0253 0.8738 -0.3399
v -0.0359 0.8640 -0.3218
v 0.0090 0.8958 -0.3384
v -0.0298 0.8702 -0.3320
v -0.0302 0.8455 -0.3185
v 0.0289 0.8719 -0.3343
v 0.0177 0.8908 -0.3388
v -0.0267 0.8740 -0.3370
v -0.0267 0.8740 -0.3370
v -0.0275 0.8719 -0.3360
v -0.0275 0.8719 -0.3360
v -0.0297 0.8702 -0.3320
v -0.0383 0.8526 -0.3159
v 0.0359 0.8548 -0.3215
v 0.0371 0.8631 -0.3207
v 0.0298 0.8726 -0.3318
v 0.0298 0.8726 -0.3318
v -0.0063 0.8953 -0.3383
v -0.0292 0.8717 -0.3327
v -0.0291 0.8717 -0.3327
v -0.0329 0.8680 -0.3262
v 0.0179 0.8909 -0.3371
v 0.0179 0.8909 -0.3371
v 0.0181 0.8913 -0.3368
v -0.0316 0.8702 -0.3281
v -0.0316 0.8702 -0.3281
v 0.0390 0.8376 -0.3107
v 0.0320 0.8708 -0.3279
v 0.0321 0.8708 -0.3279
v 0.0262 0.8827 -0.3265
v 0.0200 0.8891 -0.3310
v -0.0310 0.8761 -0.3252
v -0.0328 0.8680 -0.3262
v -0.0353 0.8646 -0.3214
v 0.0390 0.8376 -0.3107
v 0.0434 0.8390 -0.3087
v 0.0198 0.8890 -0.3279
v 0.0200 0.8891 -0.3310
v -0.0337 0.8683 -0.3245
v -0.0337 0.8683 -0.3245
v -0.0350 0.8661 -0.3224
v -0.0359 0.8669 -0.3201
v -0.0359 0.8669 -0.3201
v -0.0374 0.8631 -0.3182
v -0.0374 0.8631 -0.3182
v -0.0404 0.8604 -0.3137
v 0.0385 0.8345 -0.3090
v 0.0385 0.8345 -0.3090
v 0.0501 0.8229 -0.2971
v 0.0432 0.8391 -0.3085
v 0.0424 0.8408 -0.3099
v 0.0333 0.8711 -0.3242
v 0.0333 0.8711 -0.3242
v -0.0392 0.8619 -0.3148
v -0.0392 0.8619 -0.3148
v 0.0384 0.8321 -0.3074
v 0.0384 0.8321 -0.3074
v 0.0447 0.8368 -0.3065
v 0.0450 0.8377 -0.3066
v 0.0423 0.8408 -0.3098
v 0.0168 0.8889 -0.3255
v -0.0002 0.8914 -0.3280
v -0.0166 0.8896 -0.3262
v -0.0400 0.8603 -0.3135
v -0.0412 0.8599 -0.3109
v -0.0412 0.8599 -0.3109
v -0.0421 0.8584 -0.3095
v 0.0359 0.8305 -0.3071
v 0.0359 0.8305 -0.3071
v 0.0363 0.8270 -0.3046
v 0.0462 0.8435 -0.3065
v 0.0450 0.8380 -0.3067
v 0.0355 0.8702 -0.3179
v 0.0166 0.8890 -0.3253
v 0.0146 0.8888 -0.3244
v 0.0140 0.8888 -0.3240
v -0.0353 0.8724 -0.3132
v -0.0420 0.8604 -0.3076
v -0.0247 0.8294 -0.3054
v 0.0272 0.8258 -0.3043
v 0.0337 0.8280 -0.3058
v 0.0337 0.8280 -0.3058
v 0.0455 0.8399 -0.3066
v 0.0437 0.8486 -0.3096
v 0.0430 0.8464 -0.3103
v 0.0431 0.8464 -0.3103
v 0.0435 0.8490 -0.3098
v 0.0430 0.8538 -0.3090
v 0.0373 0.8671 -0.3163
v 0.0353 0.8691 -0.3201
v 0.0353 0.8691 -0.3201
v -0.0270 0.8825 -0.3219
v -0.0413 0.8621 -0.3043
v -0.0420 0.8584 -0.3095
v -0.0466 0.8262 -0.3002
v -0.0417 0.8283 -0.3032
v -0.0340 0.8293 -0.3050
v 0.0016 0.8297 -0.3052
v 0.0363 0.8270 -0.3047
v 0.0432 0.8505 -0.3099
v 0.0430 0.8538 -0.3090
v 0.0354 0.8701 -0.3179
v -0.0419 0.8604 -0.3076
v -0.0432 0.8573 -0.3065
v -0.0436 0.8574 -0.3066
v 0.0338 0.8242 -0.3031
v 0.0338 0.8242 -0.3031
v 0.0440 0.8532 -0.3062
v 0.0440 0.8531 -0.3063
v 0.0392 0.8634 -0.3126
v 0.0371 0.8670 -0.3163
v -0.0403 0.8588 -0.2950
v -0.0413 0.8614 -0.3025
v -0.0478 0.8466 -0.2983
v 0.0294 0.8236 -0.3028
v 0.0272 0.8257 -0.3044
v 0.0556 0.8056 -0.2877
v 0.0539 0.7993 -0.2867
v 0.0547 0.8025 -0.2872
v 0.0429 0.8557 -0.3067
v 0.0398 0.8627 -0.3100
v 0.0392 0.8633 -0.3126
v 0.0376 0.8674 -0.3146
v 0.0373 0.8672 -0.3146
v 0.0314 0.8747 -0.3094
v 0.0188 0.8820 -0.3141
v -0.0328 0.8726 -0.3069
v -0.0413 0.8613 -0.3024
v -0.0432 0.8582 -0.3035
v -0.0432 0.8582 -0.3035
v 0.0247 0.8236 -0.3023
v 0.0247 0.8236 -0.3023
v 0.0294 0.8236 -0.3028
v 0.0546 0.8020 -0.2871
v 0.0563 0.7948 -0.2834
v 0.0552 0.8044 -0.2875
v 0.0577 0.8155 -0.2873
v 0.0398 0.8627 -0.3101
v -0.0162 0.8832 -0.3154
v -0.0217 0.8835 -0.3165
v -0.0335 0.8640 -0.2958
v -0.0411 0.8609 -0.3010
v -0.0432 0.8580 -0.3015
v -0.0432 0.8580 -0.3015
v -0.0439 0.8565 -0.3037
v -0.0439 0.8565 -0.3037
v -0.0172 0.8293 -0.3055
v 0.0479 0.8476 -0.2925
v -0.0433 0.8575 -0.3001
v -0.0433 0.8575 -0.3001
v -0.0440 0.8565 -0.3017
v -0.0440 0.8565 -0.3017
v -0.0493 0.8322 -0.2989
v -0.0361 0.8272 -0.3032
v -0.0321 0.8267 -0.3031
v -0.0281 0.8265 -0.3028
v -0.0348 0.8271 -0.3030
v -0.0248 0.8293 -0.3054
v 0.0544 0.8321 -0.2901
v 0.0350 0.8706 -0.3074
v -0.0187 0.8831 -0.3157
v -0.0451 0.8537 -0.2988
v -0.0451 0.8537 -0.2988
v 0.0412 0.7914 -0.2843
v 0.0565 0.7641 -0.2696
v 0.0603 0.8137 -0.2785
v -0.0166 0.8831 -0.3155
v -0.0185 0.8832 -0.3155
v -0.0437 0.8558 -0.2978
v -0.0437 0.8558 -0.2978
v 0.0177 0.8185 -0.2971
v 0.0177 0.8185 -0.2971
v 0.0372 0.8093 -0.2934
v 0.0606 0.7815 -0.2733
v 0.0618 0.7996 -0.2769
v 0.0334 0.8696 -0.3024
v -0.0222 0.8744 -0.3043
v -0.0447 0.8531 -0.2958
v -0.0447 0.8531 -0.2958
v -0.0455 0.8519 -0.2958
v -0.0455 0.8519 -0.2958
v -0.0473 0.8477 -0.2932
v -0.0472 0.8477 -0.2932
v -0.0596 0.8094 -0.2785
v 0.0499 0.7761 -0.2776
v -0.7757 -0.2669 0.4259
v 0.0521 0.7731 -0.2759
v 0.0334 0.8693 -0.3026
v -0.0453 0.8514 -0.2942
v -0.0453 0.8514 -0.2942
v -0.0545 0.8268 -0.2818
v -0.0544 0.8129 -0.2886
v -0.0492 0.8123 -0.2932
v 0.0130 0.8142 -0.2927
v 0.0184 0.8160 -0.2951
v 0.0184 0.8160 -0.2951
v 0.0158 0.8143 -0.2932
v 0.0568 0.7603 -0.2676
v 0.0559 0.8272 -0.2800
v -0.0468 0.8461 -0.2895
v -0.0574 0.8113 -0.2826
v -0.0550 0.8135 -0.2869
v -0.0551 0.8135 -0.2869
v -0.0544 0.8129 -0.2886
v -0.0535 0.8134 -0.2900
v -0.0517 0.8134 -0.2919
v 0.0158 0.8142 -0.2933
v 0.0499 0.7761 -0.2776
v 0.0538 0.7685 -0.2731
v 0.0634 0.7796 -0.2660
v 0.0489 0.8424 -0.2847
v 0.0399 0.8579 -0.2927
v -0.0236 0.8515 -0.2813
v -0.0468 0.8460 -0.2895
v -0.0576 0.8114 -0.2826
v -0.0595 0.7941 -0.2785
v -0.0535 0.8134 -0.2899
v -0.0477 0.8104 -0.2927
v 0.0130 0.8142 -0.2928
v 0.0228 0.8007 -0.2853
v 0.0225 0.7969 -0.2831
v 0.0324 0.7801 -0.2777
v 0.0481 0.7712 -0.2758
v 0.0521 0.7731 -0.2758
v 0.0525 0.7687 -0.2738
v 0.0525 0.7688 -0.2738
v 0.0538 0.7685 -0.2731
v 0.0547 0.7659 -0.2717
v 0.0547 0.7659 -0.2716
v 0.0584 0.7554 -0.2631
v 0.0608 0.7536 -0.2575
v 0.0617 0.7483 -0.2511
v 0.0617 0.7483 -0.2511
v 0.0617 0.7483 -0.2511
v 0.0613 0.7428 -0.2497
v 0.0637 0.7332 -0.2452
v 0.1646 0.6237 -0.2070
v 0.1646 0.6237 -0.2070
v 0.1629 0.6142 -0.2132
v 0.1650 0.6172 -0.2099
v 0.1993 0.5694 -0.2156
v 0.2682 0.5417 -0.1870
v 0.3102 0.5298 -0.1688
v 0.3762 0.5180 -0.1239
v 0.3906 0.5160 -0.1113
v 0.4196 0.5152 0.0007
v -0.7822 -0.4761 0.2585
v 0.2673 0.5578 0.1194
v 0.1915 0.5807 0.1933
v 0.0918 0.6567 0.2212
v 0.0869 0.6557 0.2234
v 0.0869 0.6557 0.2234
v 0.0653 0.6689 0.2288
v 0.0653 0.6689 0.2286
v 0.0637 0.6786 0.2273
v 0.0637 0.6786 0.2273
v 0.0637 0.6786 0.2273
v 0.0631 0.6806 0.2272
v 0.0631 0.6806 0.2272
v 0.0528 0.7334 0.2364
v 0.0528 0.7334 0.2364
v 0.0460 0.7391 0.2420
v -0.0137 0.7622 0.2441
v -0.0619 0.6945 0.2239
v -0.0606 0.7012 0.2229
v -0.0605 0.7014 0.2228
v -0.0606 0.7012 0.2229
v -0.0617 0.7047 0.2228
v -0.0607 0.7040 0.2220
v -0.0595 0.7047 0.2212
v -0.0615 0.7061 0.2204
v -0.0615 0.7061 0.2204
v -0.0615 0.7061 0.2204
v -0.0614 0.7079 0.2194
v -0.0614 0.7079 0.2194
v -0.0614 0.7079 0.2194
v -0.0614 0.7079 0.2194
v -0.0626 0.7087 0.2185
v -0.0626 0.7087 0.2185
v -0.0626 0.7087 0.2185
v -0.0628 0.7100 0.2179
v -0.0628 0.7100 0.2179
v -0.0628 0.7100 0.2179
v -0.0632 0.7100 0.2179
v -0.0628 0.7100 0.2179
v -0.0632 0.7119 0.2179
v -0.0632 0.7119 0.2179
v -0.0633 0.7141 0.2179
v -0.0633 0.7141 0.2179
v -0.0627 0.7195 0.2177
v -0.0630 0.7176 0.2178
v -0.0630 0.7176 0.2178
v -0.0628 0.7195 0.2177
v -0.0628 0.7195 0.2177
v -0.0628 0.7195 0.2177
v -0.0628 0.7216 0.2181
v -0.0628 0.7216 0.2181
v -0.0623 0.7267 0.2189
v -0.0625 0.7269 0.2188
v -0.0621 0.7257 0.2208
v -0.0625 0.7345 0.2209
v -0.0618 0.7353 0.2215
v -0.0618 0.7352 0.2216
v -0.0624 0.7422 0.2228
v -0.0624 0.7422 0.2227
v -0.0623 0.7422 0.2228
v -0.0625 0.7422 0.2228
v -0.0625 0.7429 0.2236
v -0.0620 0.7429 0.2238
v -0.0619 0.7431 0.2239
v -0.0625 0.7479 0.2248
v -0.0625 0.7479 0.2248
v -0.0625 0.7479 0.2248
v -0.0625 0.7479 0.2248
v -0.0625 0.7479 0.2248
v -0.0622 0.7487 0.2256
v -0.0626 0.7486 0.2256
v -0.0636 0.7491 0.2252
v -0.0637 0.7502 0.2254
v -0.0673 0.7377 0.2256
v -0.1109 0.8136 0.2445
v -0.1689 0.8255 0.2157
v -0.1779 0.7806 0.1309
v -0.1768 0.7954 0.1400
v -0.1689 0.6501 0.1118
v -0.1696 0.6479 0.1113
v -0.1696 0.6479 0.1113
v -0.1738 0.6475 0.0993
v -0.1737 0.6475 0.0992
v -0.1758 0.6428 0.0958
v -0.1873 0.6386 0.0725
v -0.2130 0.7560 -0.0042
v -0.2127 0.7425 -0.0106
v -0.2207 0.7128 -0.0193
v -0.2204 0.7132 -0.0196
v -0.2205 0.7128 -0.0195
v -0.2202 0.7132 -0.0198
v -0.2199 0.7122 -0.0204
v -0.2200 0.7120 -0.0205
v -0.2199 0.7122 -0.0204
v -0.2205 0.7101 -0.0215
v -0.2190 0.7109 -0.0203
v -0.2109 0.7138 -0.0305
v -0.2129 0.7159 -0.0293
v -0.1763 0.7043 -0.1377
v -0.1763 0.7043 -0.1377
v -0.1760 0.7030 -0.1387
v -0.1748 0.7063 -0.1397
v -0.1562 0.7329 -0.1491
v -0.1904 0.8150 -0.1780
v -0.1946 0.8290 -0.2168
v -0.1935 0.8478 -0.2362
v -0.1103 0.8350 -0.2763
v -0.1083 0.8330 -0.2760
v -0.1083 0.8330 -0.2760
v -0.1060 0.8291 -0.2762
v -0.1062 0.8291 -0.2752
v -0.0796 0.7954 -0.2669
v -0.1133 0.8138 -0.2186
v -0.1133 0.8138 -0.2186
v -0.1252 0.7212 -0.1710
v 0.0598 0.7059 -0.2239
v 0.0674 0.7470 -0.2185
v 0.0675 0.7782 -0.2512
v 0.0648 0.7592 -0.2520
v 0.0648 0.7592 -0.2520
v 0.0648 0.7592 -0.2520
v 0.0648 0.7592 -0.2520
v 0.0648 0.7592 -0.2520
v 0.0643 0.7624 -0.2525
v 0.0636 0.7621 -0.2512
v 0.0644 0.7621 -0.2521
v 0.0644 0.7620 -0.2522
v 0.0647 0.7622 -0.2524
v 0.0629 0.7595 -0.2524
v 0.0627 0.7616 -0.2549
v 0.0630 0.7952 -0.2673
v 0.0036 0.8580 -0.2911
v -0.0472 0.8444 -0.2880
v -0.0472 0.8444 -0.2880
v -0.0529 0.8068 -0.2893
v -0.0524 0.8115 -0.2907
v -0.0524 0.8115 -0.2907
v -0.0517 0.8134 -0.2919
v -0.0492 0.8123 -0.2932
v -0.0477 0.8104 -0.2928
v -0.0134 0.8090 -0.2915
v 0.0204 0.8042 -0.2871
v 0.0204 0.8042 -0.2871
v 0.0210 0.8012 -0.2854
v 0.0210 0.8012 -0.2854
v 0.0228 0.8006 -0.2853
v 0.0291 0.7857 -0.2794
v 0.0290 0.7860 -0.2793
v -0.7101 -0.6287 0.1970
v 0.0500 0.7715 -0.2756
v 0.0500 0.7715 -0.2756
v 0.0565 0.7641 -0.2695
v 0.0608 0.7500 -0.2553
v 0.0608 0.7500 -0.2553
v 0.0619 0.7393 -0.2469
v 0.0626 0.7377 -0.2478
v 0.0633 0.7389 -0.2459
v 0.0625 0.7386 -0.2462
v 0.0626 0.7388 -0.2460
v 0.0641 0.7333 -0.2458
v 0.0643 0.7226 -0.2443
v -0.7103 -0.6571 0.0781
v 0.5020 0.5021 -0.0734
v 0.4391 0.5140 0.0074
v 0.0830 0.6573 0.2250
v 0.0783 0.6584 0.2269
v 0.0783 0.6584 0.2269
v 0.0498 0.7376 0.2403
v 0.0497 0.7376 0.2401
v -0.0492 0.7063 0.2331
v -0.0556 0.6871 0.2322
v -0.0605 0.7026 0.2226
v -0.0605 0.7026 0.2226
v -0.0605 0.7026 0.2226
v -0.0611 0.7041 0.2214
v -0.0625 0.7030 0.2213
v -0.0624 0.7030 0.2209
v -0.0623 0.7032 0.2216
v -0.0634 0.7078 0.2198
v -0.0634 0.7079 0.2198
v -0.0634 0.7079 0.2198
v -0.0634 0.7079 0.2198
v -0.0658 0.7096 0.2213
v -0.0628 0.7276 0.2199
v -0.0630 0.7276 0.2197
v -0.0634 0.7351 0.2218
v -0.0633 0.7351 0.2221
v -0.0632 0.7351 0.2219
v -0.0631 0.7431 0.2238
v -0.0630 0.7429 0.2239
v -0.0642 0.7439 0.2252
v -0.0632 0.7488 0.2257
v -0.1931 0.7728 0.1618
v -0.1900 0.7872 0.1328
v -0.1758 0.7925 0.1388
v -0.1679 0.6539 0.1150
v -0.1703 0.6502 0.1101
v -0.1703 0.6502 0.1101
v -0.1706 0.6483 0.1084
v -0.1706 0.6483 0.1084
v -0.1713 0.6487 0.1060
v -0.1714 0.6487 0.1061
v -0.1798 0.6433 0.0875
v -0.1798 0.6433 0.0875
v -0.1845 0.6419 0.0784
v -0.2215 0.7159 -0.0186
v -0.2216 0.7158 -0.0185
v -0.2215 0.7159 -0.0186
v -0.2219 0.7156 -0.0206
v -0.2198 0.7138 -0.0222
v -0.2187 0.7110 -0.0213
v -0.2187 0.7110 -0.0213
v -0.2127 0.7159 -0.0291
v -0.1768 0.7047 -0.1396
v -0.1768 0.7047 -0.1396
v -0.1768 0.7047 -0.1396
v -0.1768 0.7047 -0.1396
v -0.1770 0.7055 -0.1394
v -0.1764 0.7054 -0.1400
v -0.1751 0.7061 -0.1400
v -0.1917 0.7938 -0.1674
v -0.1938 0.8439 -0.2318
v -0.1938 0.8439 -0.2318
v -0.1064 0.8271 -0.2760
v -0.1083 0.8311 -0.2761
v -0.1083 0.8311 -0.2761
v -0.1044 0.8270 -0.2757
v -0.1047 0.8256 -0.2342
v -0.1108 0.8146 -0.2207
v -0.1108 0.8146 -0.2207
v -0.1150 0.8135 -0.2174
v -0.1150 0.8135 -0.2174
v -0.7582 -0.5515 -0.2128
v -0.0488 0.5660 -0.2102
v 0.0606 0.7090 -0.2267
v 0.0604 0.7092 -0.2285
v 0.0604 0.7092 -0.2279
v 0.0586 0.7101 -0.2273
v 0.0605 0.7093 -0.2286
v 0.0604 0.7092 -0.2287
v 0.0605 0.7096 -0.2292
v 0.0607 0.7100 -0.2294
v 0.0603 0.7103 -0.2304
v 0.0607 0.7100 -0.2294
v 0.0606 0.7108 -0.2393
v 0.0606 0.7109 -0.2394
v 0.0607 0.7109 -0.2393
v 0.0608 0.7109 -0.2394
v 0.0609 0.7108 -0.2394
v 0.0601 0.7108 -0.2373
v 0.0595 0.7108 -0.2353
v 0.0601 0.7108 -0.2373
v 0.0601 0.7108 -0.2373
v 0.0603 0.7111 -0.2380
v 0.0601 0.7108 -0.2373
v 0.0609 0.7107 -0.2353
v 0.0609 0.7107 -0.2353
v 0.0609 0.7107 -0.2353
v 0.0608 0.7104 -0.2315
v 0.0594 0.7091 -0.2294
v 0.0596 0.7093 -0.2301
v 0.0596 0.7093 -0.2301
v 0.0596 0.7093 -0.2301
v 0.0596 0.7093 -0.2301
v 0.0596 0.7091 -0.2293
v 0.0596 0.7093 -0.2301
v 0.0596 0.7093 -0.2301
v 0.0608 0.7104 -0.2314
v 0.0608 0.7104 -0.2314
v 0.0596 0.7102 -0.2334
v 0.0593 0.7104 -0.2337
v 0.0596 0.7102 -0.2334
v 0.0596 0.7102 -0.2334
v 0.0596 0.7102 -0.2334
v 0.0596 0.7107 -0.2353
v 0.0591 0.7110 -0.2351
v 0.0596 0.7107 -0.2353
v 0.0596 0.7107 -0.2353
v 0.0589 0.7120 -0.2358
v 0.0589 0.7120 -0.2358
v 0.0589 0.7120 -0.2358
v 0.0596 0.7121 -0.2372
v 0.0596 0.7121 -0.2372
v 0.0594 0.7121 -0.2373
v 0.0592 0.7235 -0.2371
v 0.0602 0.7238 -0.2394
v 0.0603 0.7238 -0.2394
v 0.0601 0.7186 -0.2393
v 0.0601 0.7186 -0.2393
v 0.0600 0.7139 -0.2393
v 0.0600 0.7139 -0.2393
v 0.0602 0.7120 -0.2393
v 0.0602 0.7120 -0.2393
v 0.0681 0.7794 -0.2526
v 0.0685 0.7785 -0.2516
v 0.0656 0.7706 -0.2532
v 0.0654 0.7652 -0.2532
v 0.0631 0.7609 -0.2530
v 0.0631 0.7609 -0.2530
v 0.0404 0.8471 -0.2805
v -0.0480 0.8398 -0.2827
v -0.0471 0.8436 -0.2862
v -0.0465 0.8437 -0.2858
v -0.0472 0.8432 -0.2864
v -0.0493 0.8356 -0.2799
v -0.0604 0.8105 -0.2724
v -0.0589 0.8093 -0.2806
v -0.0522 0.7998 -0.2876
v -0.0498 0.8115 -0.2926
v -0.0498 0.8116 -0.2925
v -0.0444 0.8114 -0.2936
v -0.0444 0.8114 -0.2937
v -0.0294 0.8125 -0.2933
v -0.0294 0.8125 -0.2932
v 0.0205 0.7983 -0.2836
v 0.0204 0.7983 -0.2837
v 0.0225 0.7968 -0.2832
v 0.0206 0.7900 -0.2793
v 0.0244 0.7601 -0.2679
v 0.0439 0.7710 -0.2757
v 0.0481 0.7713 -0.2757
v 0.0550 0.7620 -0.2696
v 0.0550 0.7620 -0.2696
v 0.0566 0.7605 -0.2677
v 0.0575 0.7559 -0.2647
v 0.0573 0.7557 -0.2645
v 0.0584 0.7554 -0.2631
v 0.0588 0.7540 -0.2619
v 0.0588 0.7540 -0.2619
v 0.0593 0.7497 -0.2589
v 0.0591 0.7498 -0.2588
v 0.0624 0.7387 -0.2461
v 0.0645 0.7163 -0.2441
v 0.0626 0.7119 -0.2418
v 0.0626 0.7119 -0.2418
v 0.0625 0.7172 -0.2399
v 0.0619 0.7145 -0.2394
v 0.0623 0.7314 -0.2284
v 0.0652 0.7627 -0.2527
v 0.0652 0.7627 -0.2527
v 0.0652 0.7627 -0.2527
v 0.0637 0.7627 -0.2529
v 0.0637 0.7627 -0.2529
v 0.0640 0.7638 -0.2532
v 0.0628 0.7631 -0.2549
v 0.0589 0.8018 -0.2628
v -0.0532 0.8274 -0.2765
v -0.0588 0.8093 -0.2805
v -0.0528 0.8067 -0.2892
v 0.0231 0.7928 -0.2813
v 0.0231 0.7928 -0.2813
v 0.0206 0.7899 -0.2795
v 0.0324 0.7801 -0.2777
v 0.0376 0.7772 -0.2775
v 0.0376 0.7772 -0.2775
v 0.0411 0.7713 -0.2756
v 0.0439 0.7711 -0.2756
v 0.0434 0.7441 -0.2656
v 0.0605 0.7314 -0.2454
v 0.0616 0.7333 -0.2452
v 0.0615 0.7333 -0.2453
v 0.0634 0.7332 -0.2453
v 0.0634 0.7332 -0.2453
v 0.0626 0.7328 -0.2443
v 0.0624 0.7327 -0.2443
v 0.0625 0.7328 -0.2443
v 0.0626 0.7328 -0.2443
v 0.0617 0.7158 -0.2394
v 0.0617 0.7158 -0.2394
v 0.0656 0.7663 -0.2307
v 0.0653 0.7686 -0.2527
v 0.0638 0.7646 -0.2531
v 0.0638 0.7646 -0.2532
v 0.0636 0.7687 -0.2548
v -0.0478 0.8396 -0.2828
v -0.0492 0.8356 -0.2800
v -0.0532 0.8273 -0.2765
v -0.0551 0.8220 -0.2729
v -0.0571 0.8171 -0.2702
v -0.0595 0.8094 -0.2784
v -0.0410 0.8107 -0.2933
v -0.0410 0.8106 -0.2933
v -0.0374 0.8114 -0.2934
v -0.0374 0.8114 -0.2934
v -0.0308 0.8091 -0.2916
v -0.0308 0.8091 -0.2916
v 0.0411 0.7713 -0.2756
v 0.0524 0.7436 -0.2635
v 0.0568 0.7528 -0.2639
v 0.0568 0.7528 -0.2639
v 0.0574 0.7516 -0.2629
v 0.0574 0.7517 -0.2628
v 0.0615 0.7333 -0.2452
v 0.0615 0.7333 -0.2452
v 0.0623 0.7327 -0.2443
v 0.0618 0.7294 -0.2446
v 0.0616 0.7313 -0.2440
v 0.0616 0.7313 -0.2440
v 0.0613 0.7295 -0.2435
v 0.0615 0.7277 -0.2427
v 0.0628 0.7295 -0.2438
v 0.0628 0.7295 -0.2438
v 0.0630 0.7275 -0.2433
v 0.0629 0.7274 -0.2433
v 0.0629 0.7274 -0.2433
v 0.0622 0.7266 -0.2423
v 0.0618 0.7268 -0.2423
v 0.0624 0.7267 -0.2423
v 0.0624 0.7267 -0.2423
v 0.0624 0.7267 -0.2423
v 0.0620 0.7185 -0.2406
v 0.0618 0.7180 -0.2398
v 0.0616 0.7180 -0.2394
v 0.0616 0.7180 -0.2394
v 0.0664 0.7752 -0.2510
v 0.0503 0.8285 -0.2726
v 0.0285 0.8593 -0.2892
v -0.0510 0.8310 -0.2772
v -0.0510 0.8310 -0.2772
v -0.0530 0.8262 -0.2743
v -0.0530 0.8262 -0.2743
v -0.0551 0.8220 -0.2729
v -0.0570 0.8170 -0.2703
v -0.7754 -0.4994 -0.2585
v -0.0603 0.8105 -0.2724
v -0.0604 0.8087 -0.2754
v -0.0604 0.8087 -0.2754
v -0.0613 0.8061 -0.2750
v -0.0611 0.8061 -0.2750
v -0.0134 0.8092 -0.2914
v 0.0337 0.7702 -0.2739
v 0.0337 0.7702 -0.2739
v 0.0368 0.7730 -0.2756
v 0.0368 0.7730 -0.2756
v 0.0606 0.7306 -0.2442
v 0.0606 0.7306 -0.2442
v 0.0606 0.7306 -0.2442
v 0.0605 0.7306 -0.2442
v 0.0615 0.7277 -0.2427
v 0.0615 0.7277 -0.2427
v 0.0608 0.7274 -0.2429
v 0.0615 0.7278 -0.2427
v 0.0615 0.7277 -0.2427
v 0.0615 0.7277 -0.2427
v 0.0606 0.7267 -0.2421
v 0.0606 0.7267 -0.2421
v 0.0606 0.7267 -0.2421
v 0.0606 0.7267 -0.2421
v 0.0601 0.7268 -0.2425
v 0.0615 0.7267 -0.2422
v 0.0625 0.7256 -0.2422
v 0.0619 0.7257 -0.2419
v 0.0621 0.7254 -0.2419
v 0.0620 0.7216 -0.2407
v 0.0620 0.7216 -0.2407
v 0.0620 0.7216 -0.2407
v 0.0610 0.7234 -0.2413
v 0.0612 0.7257 -0.2375
v 0.0664 0.7752 -0.2510
v 0.0645 0.7688 -0.2527
v 0.0649 0.7693 -0.2523
v 0.0640 0.7687 -0.2529
v 0.0635 0.7706 -0.2528
v 0.0640 0.7687 -0.2529
v 0.0636 0.7731 -0.2553
v 0.0611 0.7798 -0.2514
v -0.0536 0.8236 -0.2723
v -0.0536 0.8236 -0.2723
v -0.0552 0.8201 -0.2707
v -0.0552 0.8201 -0.2707
v -0.0608 0.8084 -0.2688
v -0.0607 0.8083 -0.2688
v -0.0518 0.7783 -0.2784
v 0.0408 0.7668 -0.2736
v 0.0408 0.7668 -0.2736
v 0.0604 0.7274 -0.2432
v 0.0613 0.7253 -0.2416
v 0.0626 0.7236 -0.2419
v 0.0626 0.7236 -0.2419
v 0.0626 0.7236 -0.2419
v 0.0612 0.7238 -0.2395
v 0.0612 0.7247 -0.2394
v 0.0656 0.7706 -0.2530
v 0.0644 0.7694 -0.2520
v 0.0644 0.7695 -0.2518
v 0.0644 0.7694 -0.2520
v 0.0644 0.7694 -0.2520
v 0.0644 0.7694 -0.2520
v 0.0636 0.7706 -0.2529
v 0.0636 0.7706 -0.2529
v 0.0636 0.7706 -0.2529
v 0.0636 0.7706 -0.2529
v -0.0376 0.8418 -0.2763
v -0.0560 0.8169 -0.2685
v -0.0559 0.8167 -0.2684
v -0.0567 0.8144 -0.2671
v -0.0567 0.8144 -0.2671
v -0.0611 0.8066 -0.2670
v -0.0610 0.8066 -0.2669
v -0.0212 0.8036 -0.2887
v -0.0212 0.8036 -0.2887
v 0.0150 0.7549 -0.2663
v 0.0574 0.7206 -0.2516
v 0.0598 0.7221 -0.2434
v 0.0598 0.7221 -0.2434
v 0.0604 0.7237 -0.2412
v 0.0604 0.7237 -0.2412
v 0.0604 0.7237 -0.2412
v 0.0603 0.7237 -0.2413
v 0.0604 0.7237 -0.2412
v 0.0615 0.7237 -0.2409
v 0.0615 0.7237 -0.2409
v 0.0607 0.7242 -0.2394
v 0.0607 0.7242 -0.2403
v 0.0606 0.7252 -0.2391
v 0.0606 0.7253 -0.2390
v 0.0606 0.7392 -0.2352
v 0.0646 0.7705 -0.2472
v 0.0646 0.7705 -0.2472
v 0.0645 0.7709 -0.2492
v 0.0645 0.7709 -0.2492
v 0.0638 0.7708 -0.2490
v 0.0645 0.7709 -0.2492
v 0.0643 0.7705 -0.2513
v 0.0643 0.7706 -0.2511
v 0.0647 0.7706 -0.2512
v 0.0647 0.7706 -0.2512
v 0.0647 0.7706 -0.2512
v 0.0639 0.7706 -0.2512
v 0.0639 0.7706 -0.2512
v 0.0629 0.7720 -0.2510
v 0.0297 0.8404 -0.2719
v -0.0531 0.8177 -0.2649
v -0.0256 0.7967 -0.2854
v -0.0256 0.7967 -0.2854
v -0.0296 0.7969 -0.2855
v -0.0118 0.8038 -0.2887
v -0.0118 0.8038 -0.2887
v -0.0034 0.7884 -0.2821
v 0.0601 0.7178 -0.2413
v 0.0604 0.7238 -0.2394
v 0.0605 0.7250 -0.2389
v 0.0605 0.7250 -0.2389
v 0.0604 0.7270 -0.2382
v 0.0610 0.7256 -0.2375
v 0.0649 0.7690 -0.2463
v 0.0648 0.7693 -0.2465
v 0.0630 0.7698 -0.2455
v 0.0644 0.7693 -0.2466
v 0.0620 0.7700 -0.2498
v 0.0636 0.7719 -0.2488
v 0.0634 0.7709 -0.2492
v 0.0634 0.7709 -0.2492
v 0.0622 0.7725 -0.2505
v -0.0620 0.8045 -0.2685
v -0.0618 0.8045 -0.2685
v -0.8006 -0.3233 -0.3564
v 0.0511 0.7271 -0.2589
v 0.0601 0.7179 -0.2412
v 0.0606 0.7097 -0.2417
v 0.0604 0.7083 -0.2428
v 0.0614 0.7078 -0.2428
v 0.0614 0.7078 -0.2428
v 0.0614 0.7078 -0.2428
v 0.0614 0.7078 -0.2428
v 0.0614 0.7078 -0.2428
v 0.0628 0.7083 -0.2434
v 0.0628 0.7083 -0.2434
v 0.1202 0.6387 -0.2333
v 0.1616 0.6183 -0.2123
v 0.1616 0.6183 -0.2123
v 0.1629 0.6142 -0.2132
v 0.1650 0.6171 -0.2099
v 0.3780 0.5165 -0.1319
v 0.3130 0.5442 0.0418
v 0.0887 0.6514 0.2232
v 0.0887 0.6514 0.2232
v 0.0714 0.6583 0.2295
v 0.0675 0.6677 0.2288
v 0.0496 0.7327 0.2387
v 0.0497 0.7327 0.2388
v 0.0081 0.7713 0.2457
v -0.0615 0.7021 0.2214
v -0.0617 0.6999 0.2224
v -0.0617 0.6999 0.2224
v -0.0616 0.7022 0.2218
v -0.0616 0.7022 0.2218
v -0.0616 0.7022 0.2218
v -0.0616 0.7022 0.2218
v -0.0616 0.7022 0.2218
v -0.0625 0.7030 0.2209
v -0.2015 0.7990 0.1483
v -0.2015 0.7990 0.1483
v -0.2012 0.7911 0.1441
v -0.1353 0.7321 0.1456
v -0.1627 0.6532 0.1173
v -0.1699 0.6525 0.1120
v -0.1722 0.6465 0.1034
v -0.1801 0.7048 0.0712
v -0.2224 0.7169 -0.0198
v -0.2226 0.7178 -0.0192
v -0.2221 0.7172 -0.0194
v -0.2226 0.7178 -0.0192
v -0.2225 0.7165 -0.0194
v -0.2225 0.7165 -0.0196
v -0.2225 0.7166 -0.0195
v -0.2223 0.7164 -0.0200
v -0.2225 0.7166 -0.0197
v -0.2219 0.7158 -0.0203
v -0.2219 0.7158 -0.0203
v -0.2217 0.7156 -0.0206
v -0.2217 0.7157 -0.0204
v -0.2219 0.7158 -0.0203
v -0.2208 0.7145 -0.0215
v -0.2208 0.7145 -0.0215
v -0.2170 0.7151 -0.0251
v -0.2107 0.7516 -0.0375
v -0.1828 0.7507 -0.1285
v -0.1777 0.7056 -0.1400
v -0.1777 0.7051 -0.1408
v -0.1776 0.7053 -0.1405
v -0.1778 0.7053 -0.1405
v -0.1775 0.7052 -0.1407
v -0.1746 0.7155 -0.1438
v -0.1793 0.7193 -0.1468
v -0.1812 0.7259 -0.1467
v -0.1936 0.8403 -0.2285
v -0.1936 0.8403 -0.2285
v -0.1938 0.8427 -0.2306
v -0.1938 0.8427 -0.2306
v -0.1919 0.8400 -0.2315
v -0.1044 0.8270 -0.2756
v -0.1016 0.8222 -0.2339
v -0.1017 0.8221 -0.2340
v -0.1054 0.8147 -0.2247
v -0.1115 0.8104 -0.2170
v -0.1115 0.8104 -0.2170
v -0.1285 0.7053 -0.1657
v -0.1281 0.6709 -0.1706
v -0.0306 0.5669 -0.2166
v 0.0282 0.5578 -0.2139
v -0.8000 -0.1962 -0.4004
v -0.8069 -0.1642 -0.3864
v 0.0604 0.7091 -0.2265
v 0.0595 0.7090 -0.2291
v 0.0595 0.7090 -0.2291
v 0.0595 0.7090 -0.2291
v 0.0582 0.7105 -0.2314
v 0.0582 0.7105 -0.2314
v 0.0579 0.7102 -0.2294
v 0.0587 0.7110 -0.2346
v 0.0587 0.7110 -0.2346
v 0.0581 0.7119 -0.2335
v 0.0588 0.7111 -0.2346
v 0.0594 0.7235 -0.2370
v 0.0600 0.7256 -0.2374
v 0.0601 0.7256 -0.2373
v 0.0605 0.7299 -0.2367
v 0.0608 0.7287 -0.2366
v 0.0608 0.7287 -0.2366
v 0.0608 0.7287 -0.2366
v 0.0642 0.7680 -0.2433
v 0.0642 0.7680 -0.2433
v 0.0639 0.7681 -0.2452
v 0.0639 0.7681 -0.2452
v 0.0639 0.7681 -0.2452
v 0.0627 0.7678 -0.2447
v 0.0626 0.7676 -0.2461
v 0.0627 0.7676 -0.2460
v 0.0626 0.7676 -0.2461
v 0.0626 0.7676 -0.2461
v 0.0626 0.7676 -0.2461
v 0.0629 0.7687 -0.2466
v 0.0627 0.7685 -0.2464
v 0.0633 0.7686 -0.2467
v 0.0633 0.7686 -0.2467
v 0.0634 0.7700 -0.2478
v 0.0634 0.7700 -0.2478
v 0.0634 0.7700 -0.2478
v 0.0634 0.7700 -0.2478
v 0.0634 0.7700 -0.2478
v 0.0634 0.7700 -0.2478
v -0.0515 0.8159 -0.2619
v -0.0529 0.8178 -0.2650
v 0.0597 0.7080 -0.2431
v 0.0601 0.7080 -0.2432
v 0.0627 0.7035 -0.2448
v 0.1127 0.6467 -0.2352
v 0.1597 0.6174 -0.2141
v 0.2591 0.5428 -0.2023
v 0.3367 0.5256 -0.1413
v 0.4752 0.5057 -0.1329
v 0.5377 0.4899 -0.0851
v 0.5188 0.4847 -0.2034
v 0.4496 0.4668 -0.4000
v 0.4867 0.4066 -0.4766
v 0.4867 0.4066 -0.4768
v 0.5253 0.2516 -0.6111
v 0.4263 0.2088 -0.7102
v 0.3262 -0.1744 -0.8346
v 0.3362 -0.2081 -0.8293
v 0.3326 -0.4043 -0.7854
v 0.4508 -0.4265 -0.7209
v 0.5224 -0.4658 -0.6510
v -0.7634 0.1998 -0.3334
v 0.7992 -0.4116 -0.2990
v 0.8433 -0.4072 -0.1048
v -0.7806 0.2500 -0.1764
v 0.7061 -0.5175 0.3910
v 0.7168 -0.4667 0.4140
v 0.7168 -0.4667 0.4140
v 0.7007 -0.4577 0.4498
v 0.5483 -0.2980 0.6828
v 0.5528 -0.2880 0.6816
v 0.4560 -0.3355 0.7403
v 0.4438 -0.2296 0.7659
v -0.7535 0.2988 -0.1654
v 0.2293 -0.0181 0.8511
v 0.2831 0.0709 0.8199
v 0.3923 0.1918 0.7260
v 0.4326 0.2245 0.6867
v 0.4448 0.2349 0.6712
v 0.4560 0.2662 0.6433
v 0.4253 0.2980 0.6365
v 0.4289 0.3322 0.5993
v 0.5157 0.4279 0.3912
v 0.5329 0.4765 0.2065
v 0.5206 0.4964 0.0503
v 0.3808 0.5206 0.0520
v 0.3091 0.5453 0.0512
v 0.2929 0.5513 0.0694
v 0.2705 0.5624 0.0957
v 0.2673 0.5512 0.1508
v 0.1507 0.5693 0.2366
v 0.0883 0.6012 0.2376
v 0.0756 0.6542 0.2286
v 0.0756 0.6542 0.2286
v 0.0655 0.6667 0.2293
v 0.0655 0.6667 0.2293
v 0.0550 0.6717 0.2333
v 0.0451 0.7391 0.2418
v -0.0623 0.6830 0.2270
v -0.0620 0.6925 0.2244
v -0.0620 0.6925 0.2244
v -0.0620 0.6925 0.2244
v -0.0624 0.6948 0.2234
v -0.0619 0.6945 0.2239
v -0.0624 0.6952 0.2230
v -0.0624 0.6952 0.2230
v -0.0624 0.6952 0.2230
v -0.0637 0.6962 0.2231
v -0.0633 0.7023 0.2215
v -0.0633 0.7022 0.2214
v -0.0633 0.7023 0.2214
v -0.0761 0.7382 0.2287
v -0.1313 0.8006 0.2199
v -0.2019 0.7858 0.1445
v -0.1664 0.7650 0.1305
v -0.1317 0.7135 0.1432
v -0.1679 0.6539 0.1151
v -0.1699 0.6588 0.1138
v -0.1700 0.6588 0.1138
v -0.2219 0.7197 -0.0183
v -0.2218 0.7197 -0.0184
v -0.2226 0.7277 -0.0213
v -0.2222 0.7179 -0.0210
v -0.2222 0.7179 -0.0210
v -0.2171 0.7151 -0.0252
v -0.1793 0.7079 -0.1410
v -0.1771 0.7063 -0.1412
v -0.1771 0.7063 -0.1412
v -0.1771 0.7063 -0.1412
v -0.1788 0.7137 -0.1466
v -0.1787 0.7137 -0.1467
v -0.1809 0.7208 -0.1475
v -0.1792 0.7193 -0.1468
v -0.1654 0.7477 -0.1500
v -0.1697 0.7750 -0.1614
v -0.1045 0.8193 -0.2751
v -0.1064 0.8272 -0.2759
v -0.1045 0.8252 -0.2757
v -0.1045 0.8252 -0.2757
v -0.1033 0.8237 -0.2755
v -0.1033 0.8237 -0.2755
v -0.0927 0.8113 -0.2723
v -0.0832 0.7931 -0.2689
v -0.1032 0.8190 -0.2300
v -0.1032 0.8190 -0.2300
v 0.0528 0.6008 -0.2176
v 0.0556 0.6498 -0.2170
v 0.0587 0.7072 -0.2264
v 0.0587 0.7071 -0.2265
v 0.0589 0.7071 -0.2266
v 0.0596 0.7084 -0.2272
v 0.0596 0.7084 -0.2272
v 0.0596 0.7084 -0.2272
v 0.0596 0.7084 -0.2272
v 0.0584 0.7090 -0.2290
v 0.0584 0.7090 -0.2290
v 0.0584 0.7090 -0.2290
v 0.0584 0.7090 -0.2290
v 0.0578 0.7101 -0.2294
v 0.0578 0.7101 -0.2294
v 0.0578 0.7101 -0.2294
v 0.0579 0.7102 -0.2294
v 0.0570 0.7130 -0.2317
v 0.0547 0.7262 -0.2321
v 0.0605 0.7302 -0.2363
v 0.0605 0.7305 -0.2363
v 0.0606 0.7307 -0.2363
v 0.0606 0.7307 -0.2363
v 0.0631 0.7644 -0.2434
v 0.0628 0.7651 -0.2444
v 0.0624 0.7652 -0.2444
v 0.0626 0.7651 -0.2443
v 0.0628 0.7651 -0.2444
v 0.0631 0.7668 -0.2450
v 0.0626 0.7669 -0.2452
v 0.0631 0.7668 -0.2450
v 0.0631 0.7668 -0.2450
v 0.0623 0.7687 -0.2464
v 0.0619 0.7706 -0.2471
v 0.0619 0.7706 -0.2471
v 0.0619 0.7706 -0.2471
v 0.0619 0.7706 -0.2471
v 0.0390 0.8279 -0.2658
v -0.0016 0.8363 -0.2709
v -0.0606 0.8000 -0.2611
v -0.0606 0.8000 -0.2611
v -0.0631 0.7931 -0.2622
v -0.0634 0.7874 -0.2671
v -0.0479 0.7553 -0.2705
v -0.0307 0.7930 -0.2837
v -0.0307 0.7930 -0.2837
v 0.0588 0.7098 -0.2458
v 0.0600 0.7061 -0.2439
v 0.0605 0.7054 -0.2456
v 0.0606 0.7026 -0.2445
v 0.0596 0.7024 -0.2443
v 0.0604 0.7030 -0.2443
v 0.0610 0.7029 -0.2453
v 0.0613 0.7041 -0.2442
v 0.0856 0.6858 -0.2481
v 0.0855 0.6858 -0.2480
v 0.5288 0.4869 -0.1669
v 0.5047 0.4901 -0.1965
v 0.5115 0.4860 -0.2205
v 0.4580 0.4663 -0.3837
v 0.4581 0.4664 -0.3838
v 0.4865 0.4065 -0.4768
v 0.5253 0.2516 -0.6111
v 0.3270 0.1556 -0.7816
v 0.3235 0.0234 -0.8235
v 0.2838 -0.0839 -0.8491
v 0.3234 -0.2602 -0.8280
v 0.3386 -0.4695 -0.7547
v 0.4216 -0.4270 -0.7369
v -0.8030 -0.1138 0.3944
v 0.4560 -0.4807 -0.6915
v 0.6237 -0.4401 -0.5760
v 0.6636 -0.4482 -0.5204
v 0.7281 -0.4209 -0.4433
v 0.7727 -0.3997 -0.3618
v 0.8430 -0.3764 -0.1706
v 0.8028 -0.4679 0.2007
v 0.8018 -0.4461 0.2352
v 0.7506 -0.4915 0.3255
v 0.7150 -0.4705 0.4139
v 0.7189 -0.4630 0.4141
v 0.7189 -0.4630 0.4141
v 0.6695 -0.3557 0.5526
v 0.5809 -0.3116 0.6539
v 0.5532 -0.2855 0.6818
v 0.4049 -0.1327 0.7956
v 0.2836 -0.1107 0.8428
v 0.2745 0.1158 0.8084
v 0.2630 0.1144 0.8112
v 0.3476 0.0757 0.7959
v 0.3763 0.1987 0.7346
v 0.4580 0.2707 0.6384
v 0.4580 0.2707 0.6384
v 0.4531 0.2767 0.6369
v 0.4531 0.2767 0.6369
v 0.3945 0.3202 0.6408
v 0.4456 0.4339 0.4485
v 0.4704 0.4443 0.4018
v 0.5969 0.4017 0.3227
v 0.5611 0.4570 0.2262
v 0.4956 0.5047 0.0314
v 0.4421 0.5132 0.0553
v 0.4086 0.5167 0.0547
v 0.1815 0.5724 0.2083
v 0.1183 0.5861 0.2358
v 0.0797 0.6518 0.2272
v 0.0798 0.6518 0.2272
v 0.0682 0.6647 0.2292
v 0.0682 0.6647 0.2292
v 0.0684 0.6621 0.2296
v 0.0477 0.7112 0.2356
v 0.0423 0.7156 0.2379
v 0.0379 0.7430 0.2434
v -0.0122 0.7454 0.2400
v -0.0326 0.7089 0.2373
v -0.0621 0.6887 0.2259
v -0.0624 0.6893 0.2249
v -0.0630 0.6893 0.2255
v -0.0624 0.6893 0.2249
v -0.0624 0.6889 0.2253
v -0.0623 0.6888 0.2255
v -0.0696 0.6921 0.2252
v -0.0636 0.6940 0.2230
v -0.0634 0.6924 0.2241
v -0.0634 0.6924 0.2241
v -0.0633 0.6944 0.2235
v -0.0633 0.6944 0.2235
v -0.0633 0.6944 0.2235
v -0.2025 0.7959 0.1494
v -0.2015 0.7953 0.1469
v -0.2015 0.7953 0.1469
v -0.1364 0.6684 0.1383
v -0.1692 0.6573 0.1144
v -0.1781 0.6738 0.0772
v -0.2227 0.7216 -0.0192
v -0.2227 0.7216 -0.0192
v -0.2221 0.7327 -0.0207
v -0.2185 0.7158 -0.0244
v -0.2184 0.7159 -0.0243
v -0.1813 0.7254 -0.1424
v -0.1802 0.7065 -0.1407
v -0.1786 0.7065 -0.1413
v -0.1786 0.7065 -0.1413
v -0.1790 0.7061 -0.1411
v -0.1786 0.7065 -0.1413
v -0.1786 0.7065 -0.1413
v -0.1779 0.7072 -0.1424
v -0.1779 0.7072 -0.1424
v -0.1779 0.7072 -0.1424
v -0.1809 0.7208 -0.1475
v -0.1814 0.7308 -0.1466
v -0.1981 0.8288 -0.2021
v -0.1918 0.8385 -0.2295
v -0.1918 0.8385 -0.2295
v -0.1918 0.8404 -0.2312
v -0.1033 0.8222 -0.2754
v -0.1033 0.8222 -0.2754
v -0.0753 0.7870 -0.2319
v -0.1079 0.8122 -0.2208
v -0.1079 0.8122 -0.2208
v -0.1059 0.8104 -0.2212
v -0.1058 0.8105 -0.2211
v -0.7367 -0.6261 0.0048
v -0.0061 0.5615 -0.2188
v 0.0591 0.7064 -0.2253
v 0.0591 0.7064 -0.2253
v 0.0591 0.7064 -0.2253
v 0.0595 0.7052 -0.2248
v 0.0585 0.7072 -0.2265
v 0.0585 0.7072 -0.2265
v 0.0579 0.7083 -0.2271
v 0.0579 0.7083 -0.2271
v 0.0579 0.7083 -0.2271
v 0.0565 0.7098 -0.2268
v 0.0604 0.7300 -0.2363
v 0.0605 0.7313 -0.2356
v 0.0609 0.7313 -0.2353
v 0.0602 0.7315 -0.2355
v 0.0609 0.7316 -0.2353
v 0.0623 0.7542 -0.2373
v -0.7064 -0.6673 -0.0471
v 0.0628 0.7607 -0.2413
v 0.0628 0.7607 -0.2413
v 0.0628 0.7607 -0.2413
v 0.0627 0.7612 -0.2420
v 0.0628 0.7604 -0.2411
v 0.0630 0.7646 -0.2432
v 0.0630 0.7646 -0.2432
v 0.0630 0.7646 -0.2432
v 0.0611 0.7647 -0.2451
v 0.0620 0.7662 -0.2444
v 0.0622 0.7652 -0.2444
v 0.0619 0.7668 -0.2450
v 0.0619 0.7668 -0.2450
v 0.0567 0.7720 -0.2428
v 0.0523 0.7886 -0.2488
v 0.0479 0.8053 -0.2567
v -0.0511 0.8155 -0.2624
v -0.0515 0.8088 -0.2577
v -0.0570 0.7978 -0.2556
v -0.0541 0.7318 -0.2587
v -0.0541 0.7318 -0.2587
v -0.0458 0.7684 -0.2753
v -0.0458 0.7683 -0.2754
v -0.0446 0.7701 -0.2759
v -0.0354 0.7866 -0.2816
v -0.0354 0.7866 -0.2816
v -0.0086 0.7391 -0.2664
v 0.0543 0.7077 -0.2532
v 0.1056 0.6513 -0.2384
v 0.1566 0.6151 -0.2172
v -0.7485 -0.5705 -0.2088
v 0.5006 0.4779 -0.2793
v 0.4355 0.4434 -0.4629
v 0.4859 0.4062 -0.4776
v 0.5479 0.3033 -0.5500
v 0.5206 0.2521 -0.6147
v 0.4812 0.1840 -0.6893
v 0.3442 0.1852 -0.7663
v 0.2910 0.0828 -0.8223
v 0.3200 -0.4055 -0.7872
v 0.4501 -0.4644 -0.7046
v 0.4965 -0.4881 -0.6605
v 0.5375 -0.4801 -0.6345
v 0.6390 -0.4461 -0.5530
v 0.7741 -0.4290 -0.3416
v -0.7690 -0.4430 -0.3500
v 0.8472 -0.4095 -0.0145
v 0.7383 -0.5334 0.2975
v 0.7352 -0.4916 0.3583
v 0.7223 -0.5144 0.3595
v 0.7148 -0.4704 0.4138
v 0.6851 -0.4110 0.5037
v 0.6801 -0.4408 0.4951
v 0.6719 -0.4290 0.5120
v 0.5660 -0.3639 0.6505
v 0.5613 -0.3599 0.6558
v 0.5124 -0.3211 0.7053
v -0.8087 -0.2558 -0.3678
v 0.2511 -0.0712 0.8541
v 0.2328 0.0302 0.8427
v 0.2413 0.5496 0.1887
v 0.2043 0.5644 0.2018
v 0.0713 0.6583 0.2295
v 0.0684 0.6621 0.2297
v 0.0403 0.7346 0.2413
v 0.0401 0.7400 0.2427
v 0.0401 0.7400 0.2427
v 0.0377 0.7431 0.2434
v -0.0554 0.6594 0.2323
v -0.0621 0.6886 0.2258
v -0.0990 0.7761 0.2339
v -0.1988 0.7682 0.1486
v -0.2015 0.7927 0.1462
v -0.2015 0.7927 0.1462
v -0.1585 0.7471 0.1302
v -0.1697 0.6658 0.1171
v -0.2230 0.7451 -0.0189
v -0.1819 0.7370 -0.1440
v -0.1819 0.7294 -0.1440
v -0.1819 0.7294 -0.1440
v -0.1799 0.7070 -0.1422
v -0.1799 0.7070 -0.1422
v -0.1799 0.7070 -0.1422
v -0.1807 0.7070 -0.1436
v -0.1807 0.7070 -0.1436
v -0.1807 0.7070 -0.1436
v -0.1807 0.7070 -0.1436
v -0.1807 0.7070 -0.1436
v -0.1791 0.7069 -0.1433
v -0.1791 0.7069 -0.1433
v -0.1791 0.7069 -0.1433
v -0.1791 0.7069 -0.1433
v -0.1795 0.7068 -0.1445
v -0.1797 0.7106 -0.1466
v -0.1797 0.7106 -0.1466
v -0.1848 0.7272 -0.1490
v -0.1864 0.7249 -0.1512
v -0.1832 0.7255 -0.1475
v -0.1833 0.7255 -0.1474
v -0.1819 0.7305 -0.1464
v -0.1819 0.7305 -0.1464
v -0.1820 0.7307 -0.1461
v -0.1819 0.7304 -0.1461
v -0.1816 0.7312 -0.1459
v -0.1814 0.7314 -0.1458
v -0.1820 0.7313 -0.1456
v -0.1820 0.7313 -0.1456
v -0.1820 0.7313 -0.1456
v -0.1808 0.7368 -0.1456
v -0.7748 0.1702 -0.3363
v -0.1917 0.8346 -0.2261
v -0.1917 0.8346 -0.2261
v -0.1918 0.8367 -0.2278
v -0.1918 0.8367 -0.2278
v -0.1197 0.8224 -0.2700
v -0.1121 0.8224 -0.2737
v -0.1005 0.8213 -0.2750
v -0.1005 0.8213 -0.2748
v -0.1025 0.8193 -0.2751
v -0.0889 0.7960 -0.2705
v -0.1054 0.8147 -0.2248
v -0.1054 0.8147 -0.2248
v -0.1128 0.6646 -0.1812
v -0.0931 0.5967 -0.1971
v 0.0244 0.5797 -0.2204
v 0.0279 0.6164 -0.2239
v 0.0569 0.6717 -0.2187
v 0.0605 0.6820 -0.2160
v 0.0605 0.6819 -0.2160
v 0.0603 0.6895 -0.2169
v 0.0600 0.6915 -0.2172
v 0.0587 0.7013 -0.2222
v 0.0587 0.7013 -0.2224
v 0.0587 0.7013 -0.2224
v 0.0586 0.7013 -0.2223
v 0.0591 0.7044 -0.2234
v 0.0591 0.7044 -0.2234
v 0.0585 0.7052 -0.2238
v 0.0587 0.7051 -0.2245
v 0.0587 0.7051 -0.2245
v 0.0587 0.7051 -0.2245
v 0.0578 0.7062 -0.2252
v 0.0578 0.7062 -0.2252
v 0.0578 0.7062 -0.2252
v 0.0548 0.7116 -0.2270
v 0.0545 0.7114 -0.2274
v 0.0595 0.7318 -0.2356
v 0.0598 0.7314 -0.2356
v 0.0597 0.7333 -0.2352
v 0.0597 0.7333 -0.2352
v 0.0606 0.7399 -0.2361
v 0.0604 0.7423 -0.2363
v 0.0606 0.7398 -0.2361
v 0.0607 0.7398 -0.2362
v 0.0624 0.7612 -0.2425
v 0.0624 0.7613 -0.2422
v 0.0621 0.7616 -0.2420
v 0.0620 0.7609 -0.2418
v 0.0628 0.7628 -0.2426
v 0.0628 0.7628 -0.2426
v 0.0628 0.7628 -0.2426
v 0.0616 0.7645 -0.2434
v 0.0615 0.7637 -0.2440
v 0.0616 0.7645 -0.2434
v -0.0514 0.8088 -0.2578
v -0.0544 0.8042 -0.2572
v -0.0570 0.7977 -0.2554
v -0.0589 0.7320 -0.2510
v -0.0555 0.7311 -0.2571
v -0.0474 0.7341 -0.2637
v -0.0493 0.7364 -0.2639
v -0.0499 0.7375 -0.2639
v -0.0479 0.7522 -0.2694
v -0.0479 0.7522 -0.2694
v -0.0479 0.7553 -0.2705
v -0.0454 0.7581 -0.2718
v -0.0446 0.7701 -0.2759
v -0.0402 0.7717 -0.2764
v -0.0402 0.7717 -0.2764
v -0.0351 0.7775 -0.2781
v 0.0597 0.7022 -0.2451
v 0.0593 0.7020 -0.2450
v 0.0586 0.7000 -0.2445
v 0.0614 0.7023 -0.2449
v 0.0614 0.6925 -0.2467
v 0.0771 0.6546 -0.2524
v 0.1275 0.6345 -0.2306
v 0.1498 0.6120 -0.2233
v 0.2335 0.5490 -0.2206
v 0.4889 0.4985 -0.1824
v 0.5076 0.2741 -0.6104
v 0.3747 0.2637 -0.7037
v 0.2631 0.0073 -0.8466
v 0.2498 0.0415 -0.8436
v 0.3424 -0.4389 -0.7671
v 0.3557 -0.4671 -0.7508
v 0.3861 -0.4509 -0.7444
v 0.4025 -0.4319 -0.7461
v 0.8289 -0.4221 -0.1659
v 0.7913 -0.4894 0.2073
v 0.6987 -0.5225 0.3958
v -0.7639 0.2844 0.1524
v 0.6859 -0.4601 0.4701
v 0.6485 -0.3931 0.5603
v 0.6188 -0.3013 0.6223
v 0.4203 -0.2907 0.7711
v 0.4061 -0.2610 0.7833
v -0.8101 0.1616 0.2343
v 0.2614 0.1193 0.8106
v 0.2613 0.1196 0.8106
v 0.2937 0.1171 0.8018
v 0.4442 0.2721 0.6460
v 0.4442 0.2721 0.6460
v 0.4325 0.2766 0.6500
v 0.4386 0.3824 0.5389
v 0.4485 0.4543 0.4030
v 0.4387 0.4643 0.3768
v 0.5269 0.4892 0.1432
v 0.3300 0.5305 0.1110
v 0.3553 0.5229 0.1145
v 0.2298 0.5451 0.2136
v 0.0725 0.6532 0.2296
v 0.0726 0.6532 0.2299
v 0.0421 0.7360 0.2416
v -0.0625 0.6835 0.2268
v -0.0625 0.6835 0.2268
v -0.0624 0.6832 0.2269
v -0.0622 0.6866 0.2263
v -0.0622 0.6866 0.2263
v -0.0622 0.6866 0.2263
v -0.0634 0.6827 0.2265
v -0.0634 0.6852 0.2260
v -0.0634 0.6852 0.2260
v -0.0634 0.6852 0.2260
v -0.0634 0.6881 0.2251
v -0.0634 0.6881 0.2251
v -0.0634 0.6881 0.2251
v -0.0708 0.7044 0.2245
v -0.1850 0.7637 0.1665
v -0.2008 0.7910 0.1444
v -0.1698 0.6624 0.1153
v -0.1699 0.6623 0.1153
v -0.1692 0.6573 0.1144
v -0.2223 0.7348 -0.0195
v -0.2598 0.8536 -0.0660
v -0.2978 0.8895 -0.0977
v -0.3019 0.8919 -0.1077
v -0.2938 0.8941 -0.1143
v -0.3113 0.8856 -0.1083
v -0.2958 0.8939 -0.1143
v -0.3038 0.8916 -0.1163
v -0.2958 0.8938 -0.1143
v -0.2938 0.8938 -0.1143
v -0.2938 0.8934 -0.1162
v -0.2938 0.8933 -0.1162
v -0.2897 0.8928 -0.1161
v -0.2898 0.8926 -0.1161
v -0.2919 0.8936 -0.1143
v -0.2919 0.8936 -0.1143
v -0.2888 0.8923 -0.1097
v -0.2944 0.8849 -0.0901
v -0.2978 0.8927 -0.1163
v -0.2978 0.8923 -0.1163
v -0.2958 0.8933 -0.1162
v -0.2958 0.8933 -0.1162
v -0.3038 0.8916 -0.1163
v -0.8013 0.0266 0.3681
v -0.2880 0.8919 -0.1162
v -0.2880 0.8918 -0.1162
v -0.2873 0.8908 -0.1184
v -0.2879 0.8897 -0.1179
v -0.3062 0.8840 -0.0940
v -0.3104 0.8866 -0.1162
v -0.3106 0.8868 -0.1162
v -0.3018 0.8915 -0.1183
v -0.3017 0.8914 -0.1182
v -0.2944 0.8906 -0.1211
v -0.2844 0.8704 -0.0762
v -0.3146 0.8814 -0.1123
v -0.3148 0.8815 -0.1122
v -0.3127 0.8844 -0.1163
v -0.3077 0.8894 -0.1163
v -0.2831 0.8884 -0.1183
v -0.2830 0.8886 -0.1183
v -0.3145 0.8817 -0.1143
v -0.3145 0.8817 -0.1143
v -0.3163 0.8792 -0.1143
v -0.3157 0.8791 -0.1142
v -0.3129 0.8852 -0.1166
v -0.3069 0.8890 -0.1195
v -0.3069 0.8889 -0.1194
v -0.2806 0.8865 -0.1198
v -0.2806 0.8865 -0.1198
v -0.3019 0.8782 -0.0832
v -0.3158 0.8788 -0.1123
v -0.3158 0.8788 -0.1123
v -0.3036 0.8858 -0.1242
v -0.2784 0.8842 -0.1201
v -0.2781 0.8848 -0.1203
v -0.2738 0.8681 -0.0830
v -0.3161 0.8741 -0.1053
v -0.3166 0.8761 -0.1119
v -0.3167 0.8762 -0.1119
v -0.3106 0.8750 -0.0909
v -0.3164 0.8721 -0.1071
v -0.3174 0.8710 -0.1162
v -0.3129 0.8751 -0.1239
v -0.8072 -0.0520 0.3802
v -0.2558 0.8663 -0.1127
v -0.3159 0.8740 -0.1053
v -0.3165 0.8720 -0.1071
v -0.3126 0.8672 -0.1227
v -0.2711 0.8784 -0.1252
v -0.2709 0.8787 -0.1254
v -0.2591 0.8562 -0.0838
v -0.2663 0.8552 -0.0606
v -0.3156 0.8720 -0.1035
v -0.3156 0.8720 -0.1035
v -0.2879 0.8786 -0.1303
v -0.2694 0.8770 -0.1272
v -0.2552 0.8680 -0.1261
v -0.3134 0.8720 -0.0970
v -0.3134 0.8720 -0.0969
v -0.3163 0.8665 -0.1084
v -0.2679 0.8723 -0.1333
v -0.3052 0.8719 -0.0812
v -0.3141 0.8701 -0.0989
v -0.3141 0.8701 -0.0989
v -0.3134 0.8610 -0.1132
v -0.2820 0.8680 -0.1356
v -0.2689 0.8772 -0.1259
v -0.2689 0.8772 -0.1259
v -0.3050 0.8715 -0.0817
v -0.3124 0.8701 -0.0931
v -0.3120 0.8701 -0.0933
v -0.3088 0.8646 -0.0875
v -0.2694 0.8770 -0.1272
v -0.2662 0.8746 -0.1285
v -0.2775 0.8565 -0.0600
v -0.3122 0.8684 -0.0945
v -0.3122 0.8684 -0.0945
v -0.3084 0.8593 -0.1190
v -0.2662 0.8747 -0.1286
v -0.2455 0.8409 -0.0849
v -0.2502 0.8423 -0.0615
v -0.2921 0.8609 -0.0682
v -0.3053 0.8681 -0.0806
v -0.2915 0.8632 -0.1317
v -0.2682 0.8499 -0.0547
v -0.3086 0.8647 -0.0876
v -0.2369 0.8469 -0.1119
v -0.3076 0.8642 -0.0849
v -0.2620 0.8712 -0.1306
v -0.2620 0.8712 -0.1306
v -0.2609 0.8709 -0.1298
v -0.2609 0.8709 -0.1298
v -0.2982 0.8508 -0.0734
v -0.3069 0.8623 -0.0847
v -0.3069 0.8623 -0.0847
v -0.3075 0.8642 -0.0850
v -0.2559 0.8673 -0.1308
v -0.8003 -0.1984 0.3966
v -0.3030 0.8570 -0.0800
v -0.3028 0.8570 -0.0800
v -0.2669 0.8652 -0.1381
v -0.2592 0.8694 -0.1315
v -0.2594 0.8692 -0.1313
v -0.2559 0.8673 -0.1308
v -0.2406 0.8242 -0.0581
v -0.2530 0.8388 -0.0535
v -0.2602 0.8399 -0.0495
v -0.2792 0.8437 -0.0529
v -0.2902 0.8474 -0.0623
v -0.2689 0.8569 -0.1404
v -0.2565 0.8672 -0.1319
v -0.2565 0.8671 -0.1319
v -0.2508 0.8632 -0.1319
v -0.2402 0.8535 -0.1222
v -0.3008 0.8531 -0.0783
v -0.3005 0.8532 -0.0784
v -0.2544 0.8655 -0.1323
v -0.2544 0.8655 -0.1323
v -0.2533 0.8651 -0.1316
v -0.2533 0.8651 -0.1316
v -0.2508 0.8632 -0.1319
v -0.2672 0.8374 -0.0465
v -0.2980 0.8508 -0.0735
v -0.3000 0.8493 -0.0844
v -0.2940 0.8565 -0.1270
v -0.2464 0.8560 -0.1385
v -0.2517 0.8635 -0.1331
v -0.2518 0.8634 -0.1330
v -0.2989 0.8509 -0.0756
v -0.2989 0.8509 -0.0756
v -0.2970 0.8482 -0.0729
v -0.2867 0.8346 -0.0951
v -0.2267 0.8382 -0.1283
v -0.2947 0.8451 -0.0698
v -0.2947 0.8451 -0.0698
v -0.2970 0.8483 -0.0729
v -0.2403 0.8537 -0.1320
v -0.2908 0.8391 -0.0655
v -0.2908 0.8391 -0.0655
v -0.2924 0.8411 -0.0675
v -0.2929 0.8410 -0.0673
v -0.2940 0.8426 -0.0712
v -0.2140 0.8086 -0.1062
v -0.2241 0.8062 -0.0747
v -0.2912 0.8388 -0.0675
v -0.2911 0.8388 -0.0675
v -0.2940 0.8427 -0.0712
v -0.2954 0.8480 -0.1165
v -0.2406 0.8543 -0.1320
v -0.2356 0.8491 -0.1317
v -0.2315 0.7959 -0.0442
v -0.2891 0.8364 -0.0653
v -0.2893 0.8363 -0.0653
v -0.2900 0.8368 -0.0674
v -0.2900 0.8368 -0.0674
v -0.2619 0.8417 -0.1414
v -0.2357 0.8488 -0.1318
v -0.2882 0.8343 -0.0697
v -0.2433 0.8459 -0.1447
v -0.2346 0.8475 -0.1339
v -0.2346 0.8475 -0.1339
v -0.2156 0.8211 -0.1417
v -0.1949 0.7696 -0.1152
v -0.2311 0.8411 -0.1420
v -0.2294 0.8417 -0.1337
v -0.2293 0.8417 -0.1337
v -0.2284 0.8400 -0.1360
v -0.2284 0.8400 -0.1360
v -0.2873 0.8327 -0.0635
v -0.2873 0.8327 -0.0635
v -0.2874 0.8328 -0.0654
v -0.2874 0.8328 -0.0654
v -0.2264 0.8375 -0.1357
v -0.2264 0.8375 -0.1357
v -0.1819 0.7334 -0.1453
v -0.1819 0.7334 -0.1453
v -0.1819 0.7334 -0.1453
v -0.1819 0.7354 -0.1452
v -0.1808 0.7333 -0.1457
v -0.1808 0.7333 -0.1457
v -0.1808 0.7333 -0.1457
v -0.1976 0.8145 -0.1877
v -0.1122 0.8224 -0.2738
v -0.1066 0.8204 -0.2749
v -0.1066 0.8204 -0.2749
v -0.1045 0.8193 -0.2749
v -0.1025 0.8193 -0.2750
v -0.1018 0.7182 -0.1815
v -0.1052 0.6909 -0.1776
v 0.0603 0.6889 -0.2168
v 0.0590 0.6930 -0.2191
v 0.0591 0.6979 -0.2207
v 0.0585 0.6951 -0.2203
v 0.0589 0.6983 -0.2208
v 0.0591 0.7004 -0.2214
v 0.0591 0.7004 -0.2214
v 0.0577 0.7022 -0.2230
v 0.0577 0.7022 -0.2229
v 0.0577 0.7001 -0.2220
v 0.0577 0.7000 -0.2220
v 0.0577 0.6999 -0.2220
v 0.0577 0.7000 -0.2220
v 0.0577 0.7043 -0.2239
v 0.0577 0.7043 -0.2239
v 0.0577 0.7043 -0.2239
v 0.0598 0.7392 -0.2355
v 0.0610 0.7370 -0.2350
v 0.0610 0.7370 -0.2350
v 0.0609 0.7392 -0.2354
v 0.0605 0.7395 -0.2357
v 0.0609 0.7392 -0.2354
v 0.0606 0.7399 -0.2361
v 0.0602 0.7427 -0.2363
v 0.0602 0.7427 -0.2363
v 0.0627 0.7588 -0.2406
v 0.0620 0.7589 -0.2408
v 0.0622 0.7587 -0.2407
v 0.0616 0.7606 -0.2416
v 0.0616 0.7606 -0.2416
v 0.0616 0.7606 -0.2416
v -0.0431 0.8129 -0.2563
v -0.0544 0.8042 -0.2572
v -0.0554 0.7311 -0.2570
v -0.0493 0.7365 -0.2638
v -0.0454 0.7582 -0.2715
v -0.0429 0.7656 -0.2743
v -0.0429 0.7656 -0.2743
v -0.0351 0.7774 -0.2783
v 0.0591 0.7005 -0.2472
v 0.0587 0.7002 -0.2469
v 0.0594 0.7001 -0.2458
v 0.0594 0.7001 -0.2458
v 0.0723 0.6622 -0.2531
v 0.0893 0.6849 -0.2461
v 0.0892 0.6849 -0.2460
v 0.1328 0.6232 -0.2309
v 0.1498 0.6120 -0.2233
v 0.1485 0.6100 -0.2251
v 0.2102 0.5597 -0.2224
v 0.3050 0.5291 -0.1867
v -0.7357 -0.5514 0.2846
v 0.4249 0.5129 -0.1365
v 0.4955 0.4999 -0.1457
v 0.4820 0.3778 -0.5263
v 0.5105 0.2661 -0.6139
v -0.6884 -0.6756 -0.1396
v 0.4545 0.2425 -0.6705
v 0.2783 -0.0742 -0.8491
v 0.3060 -0.1892 -0.8408
v 0.3134 -0.2327 -0.8351
v 0.3252 -0.3269 -0.8125
v 0.4258 -0.4467 -0.7273
v 0.4495 -0.4831 -0.6929
v 0.5914 -0.5032 -0.5732
v 0.6449 -0.4655 -0.5330
v 0.7821 -0.4414 -0.3130
v 0.8062 -0.4478 -0.2362
v 0.8313 -0.4548 -0.0525
v 0.8222 -0.4710 0.0791
v 0.7963 -0.5028 0.1608
v 0.3130 -0.1123 0.8347
v 0.2567 0.1345 0.8082
v 0.2604 0.1227 0.8102
v -0.7320 0.3432 0.0020
v 0.3820 0.2068 0.7254
v 0.4218 0.2768 0.6574
v 0.4218 0.2768 0.6574
v 0.4019 0.3354 0.6204
v 0.4255 0.4698 0.3928
v 0.2921 0.5420 0.1279
v 0.2803 0.5422 0.1576
v 0.0642 0.5947 0.2502
v 0.0401 0.7347 0.2414
v -0.0338 0.6790 0.2376
v -0.1111 0.7925 0.2335
v -0.2012 0.7884 0.1447
v -0.2012 0.7884 0.1447
v -0.1842 0.7735 0.1270
v -0.1709 0.6793 0.1034
v -0.1776 0.6937 0.0771
v -0.1888 0.7263 0.0680
v -0.2830 0.8564 0.1000
v -0.3009 0.8553 0.0360
v -0.2990 0.8606 0.0334
v -0.2988 0.8605 0.0335
v -0.2940 0.8598 0.0279
v -0.2930 0.8594 0.0254
v -0.2862 0.8560 0.0193
v -0.2862 0.8560 0.0193
v -0.2772 0.8507 0.0163
v -0.2647 0.8431 0.0118
v -0.2440 0.8038 -0.0364
v -0.2694 0.8238 -0.0411
v -0.2749 0.8195 -0.0437
v -0.2851 0.8291 -0.0614
v -0.2850 0.8291 -0.0614
v -0.2863 0.8311 -0.0644
v -0.2863 0.8311 -0.0644
v -0.2264 0.8372 -0.1377
v -0.2245 0.8334 -0.1416
v -0.2265 0.8372 -0.1377
v -0.1819 0.7374 -0.1439
v -0.1820 0.7354 -0.1453
v -0.1820 0.7354 -0.1453
v -0.1820 0.7354 -0.1453
v -0.1820 0.7354 -0.1453
v -0.1808 0.7354 -0.1458
v -0.1808 0.7354 -0.1458
v -0.1808 0.7354 -0.1458
v -0.1898 0.8296 -0.2241
v -0.1898 0.8296 -0.2241
v -0.1732 0.8277 -0.2356
v -0.1641 0.8193 -0.2356
v -0.1412 0.8276 -0.2627
v -0.1174 0.8237 -0.2720
v -0.1174 0.8237 -0.2720
v -0.1065 0.8167 -0.2736
v -0.1065 0.8167 -0.2735
v -0.1042 0.8153 -0.2740
v -0.1042 0.8154 -0.2738
v -0.1085 0.6234 -0.1875
v 0.0499 0.6514 -0.2183
v 0.0586 0.6857 -0.2186
v 0.0571 0.6930 -0.2198
v 0.0573 0.6928 -0.2208
v 0.0535 0.7126 -0.2263
v 0.0536 0.7127 -0.2261
v 0.0598 0.7391 -0.2355
v 0.0598 0.7392 -0.2356
v 0.0598 0.7392 -0.2356
v 0.0597 0.7488 -0.2373
v 0.0596 0.7483 -0.2371
v 0.0612 0.7468 -0.2368
v 0.0612 0.7468 -0.2368
v 0.0612 0.7468 -0.2368
v 0.0612 0.7490 -0.2372
v 0.0612 0.7490 -0.2373
v 0.0612 0.7490 -0.2373
v 0.0612 0.7490 -0.2373
v 0.0612 0.7490 -0.2372
v 0.0607 0.7497 -0.2381
v 0.0609 0.7497 -0.2381
v 0.0608 0.7497 -0.2381
v 0.0609 0.7497 -0.2381
v 0.0624 0.7542 -0.2373
v 0.0624 0.7542 -0.2373
v 0.0625 0.7555 -0.2387
v 0.0620 0.7553 -0.2390
v 0.0621 0.7551 -0.2388
v 0.0623 0.7565 -0.2392
v 0.0624 0.7569 -0.2397
v 0.0622 0.7564 -0.2394
v 0.0625 0.7573 -0.2403
v 0.0625 0.7573 -0.2403
v 0.0625 0.7573 -0.2403
v 0.0615 0.7563 -0.2399
v 0.0615 0.7563 -0.2399
v 0.0615 0.7563 -0.2399
v 0.0615 0.7563 -0.2399
v 0.0615 0.7563 -0.2399
v 0.0615 0.7563 -0.2399
v 0.0616 0.7588 -0.2409
v 0.0552 0.7590 -0.2373
v -0.7803 -0.0041 -0.4307
v -0.0209 0.8252 -0.2616
v -0.0534 0.8027 -0.2554
v -0.0532 0.8026 -0.2554
v -0.0551 0.7219 -0.2551
v -0.0550 0.7219 -0.2551
v -0.0478 0.7344 -0.2639
v -0.0391 0.7316 -0.2653
v 0.0587 0.6997 -0.2465
v 0.0587 0.6995 -0.2463
v 0.0587 0.6994 -0.2463
v 0.1127 0.6467 -0.2352
v 0.1202 0.6387 -0.2333
v 0.1274 0.6344 -0.2305
v 0.1285 0.6308 -0.2310
v 0.1285 0.6308 -0.2309
v 0.1329 0.6233 -0.2311
v 0.1444 0.6142 -0.2262
v 0.1444 0.6142 -0.2262
v 0.1485 0.6101 -0.2252
v 0.1486 0.6099 -0.2252
v 0.4943 0.4769 -0.3022
v 0.4717 0.4787 -0.3322
v -0.7902 0.1215 -0.3398
v 0.5121 0.2591 -0.6174
v 0.3772 0.2245 -0.7269
v 0.3280 -0.4213 -0.7790
v 0.4732 -0.5055 -0.6701
v 0.5017 -0.4941 -0.6562
v 0.7520 -0.4124 -0.4016
v 0.8349 -0.4461 0.0092
v 0.6957 -0.5142 0.4101
v 0.5449 -0.3459 0.6755
v 0.5046 -0.3266 0.7068
v 0.4797 -0.3459 0.7208
v 0.4727 -0.3537 0.7209
v 0.3116 -0.1507 0.8352
v 0.3835 0.2090 0.7228
v 0.3837 0.2093 0.7225
v 0.3872 0.2145 0.7170
v 0.4157 0.2714 0.6653
v 0.4180 0.2771 0.6597
v 0.4180 0.2771 0.6597
v 0.4262 0.2780 0.6533
v 0.4262 0.2780 0.6533
v 0.2995 0.5435 0.1075
v 0.0558 0.6522 0.2351
v 0.0369 0.6862 0.2375
v -0.0622 0.6740 0.2284
v -0.0620 0.6771 0.2282
v -0.0634 0.6827 0.2265
v -0.0631 0.6820 0.2269
v -0.0634 0.6827 0.2265
v -0.0634 0.6827 0.2265
v -0.2007 0.7881 0.1434
v -0.2006 0.7880 0.1435
v -0.1948 0.7809 0.1331
v -0.2523 0.8498 0.1141
v -0.2774 0.8565 0.1037
v -0.2932 0.8515 0.0220
v -0.2890 0.8535 0.0193
v -0.2842 0.8530 0.0174
v -0.2842 0.8530 0.0173
v -0.2723 0.8482 0.0154
v -0.2723 0.8482 0.0154
v -0.2685 0.8467 0.0147
v -0.2685 0.8467 0.0147
v -0.2646 0.8443 0.0131
v -0.2646 0.8444 0.0131
v -0.2647 0.8430 0.0119
v -0.2647 0.8390 0.0085
v -0.2647 0.8390 0.0085
v -0.2220 0.7462 -0.0211
v -0.2222 0.7400 -0.0209
v -0.7980 0.1933 0.2244
v -0.2550 0.8128 -0.0359
v -0.2852 0.8294 -0.0634
v -0.2852 0.8294 -0.0634
v -0.2246 0.8346 -0.1379
v -0.2245 0.8347 -0.1379
v -0.1820 0.7432 -0.1412
v -0.1820 0.7373 -0.1438
v -0.1820 0.7373 -0.1438
v -0.1822 0.7372 -0.1456
v -0.1822 0.7372 -0.1456
v -0.1822 0.7372 -0.1456
v -0.1823 0.7374 -0.1461
v -0.1822 0.7372 -0.1456
v -0.1822 0.7372 -0.1456
v -0.1815 0.7374 -0.1462
v -0.1809 0.7371 -0.1460
v -0.1809 0.7371 -0.1460
v -0.1807 0.7421 -0.1466
v -0.1974 0.8046 -0.1913
v -0.1880 0.8279 -0.2244
v -0.1881 0.8279 -0.2245
v -0.1230 0.8219 -0.2678
v -0.1198 0.8224 -0.2701
v -0.1149 0.8209 -0.2719
v -0.1149 0.8210 -0.2719
v -0.0973 0.7964 -0.2688
v -0.1032 0.7333 -0.1871
v -0.0966 0.7036 -0.1815
v -0.0527 0.5997 -0.2159
v 0.0588 0.6895 -0.2188
v 0.0569 0.6929 -0.2205
v 0.0570 0.6927 -0.2203
v 0.0551 0.6937 -0.2204
v 0.0430 0.7107 -0.2211
v 0.0498 0.7090 -0.2226
v 0.0510 0.7129 -0.2245
v 0.0510 0.7129 -0.2245
v 0.0599 0.7490 -0.2375
v 0.0604 0.7493 -0.2377
v 0.0607 0.7498 -0.2381
v 0.0602 0.7520 -0.2384
v 0.0602 0.7520 -0.2384
v 0.0602 0.7520 -0.2384
v 0.0614 0.7530 -0.2385
v 0.0614 0.7530 -0.2385
v 0.0614 0.7530 -0.2385
v 0.0619 0.7547 -0.2390
v 0.0617 0.7549 -0.2390
v 0.0617 0.7549 -0.2390
v -0.0555 0.7802 -0.2455
v -0.0601 0.7814 -0.2505
v -0.0570 0.7223 -0.2519
v -0.0573 0.7223 -0.2520
v 0.0381 0.7228 -0.2617
v 0.0595 0.6924 -0.2470
v 0.0603 0.6933 -0.2468
v 0.0603 0.6931 -0.2463
v 0.0603 0.6929 -0.2466
v 0.0900 0.6676 -0.2462
v 0.0900 0.6676 -0.2462
v 0.1056 0.6513 -0.2384
v 0.1076 0.6426 -0.2386
v 0.1076 0.6426 -0.2386
v 0.1129 0.6426 -0.2359
v 0.1127 0.6425 -0.2355
v 0.1233 0.6349 -0.2328
v 0.1233 0.6349 -0.2328
v 0.2615 0.5315 -0.2392
v 0.2819 0.5333 -0.2084
v 0.4557 0.5093 -0.1334
v 0.4534 0.4990 -0.2455
v 0.4224 0.4737 -0.4053
v 0.4185 0.4626 -0.4406
v 0.4263 0.4443 -0.4674
v 0.4615 0.4020 -0.5102
v 0.5076 0.2741 -0.6104
v 0.5105 0.2660 -0.6139
v 0.3749 0.2841 -0.6868
v 0.2612 0.1129 -0.8204
v 0.2387 -0.0098 -0.8545
v 0.2996 -0.2132 -0.8391
v -0.8050 0.0103 0.3673
v 0.3089 -0.3305 -0.8172
v 0.4137 -0.4510 -0.7298
v 0.5527 -0.5279 -0.5903
v 0.5779 -0.5278 -0.5659
v 0.8230 -0.4620 -0.1127
v 0.7890 -0.5112 0.1745
v 0.6981 -0.4793 0.4400
v -0.7696 -0.2287 0.4466
v -0.7804 -0.3291 0.3916
v 0.4351 -0.3584 0.7442
v 0.4148 -0.3325 0.7635
v 0.4062 -0.3277 0.7676
v 0.2889 -0.1669 0.8407
v 0.1966 0.0029 0.8591
v -0.7657 -0.3687 0.3975
v -0.7564 -0.4105 0.3952
v 0.4068 0.2714 0.6704
v 0.4118 0.2734 0.6662
v 0.4118 0.2734 0.6662
v 0.4178 0.3702 0.5650
v 0.4989 0.4457 0.3720
v 0.4801 0.5049 0.1387
v -0.7538 -0.5135 0.2966
v 0.1927 0.5485 0.2308
v 0.1404 0.5632 0.2480
v 0.0648 0.6229 0.2397
v -0.0622 0.6740 0.2284
v -0.0620 0.6771 0.2281
v -0.0628 0.6814 0.2270
v -0.0640 0.6791 0.2268
v -0.0641 0.6788 0.2268
v -0.0639 0.6788 0.2269
v -0.0638 0.6788 0.2271
v -0.0725 0.6611 0.2286
v -0.2013 0.7859 0.1446
v -0.2041 0.7895 0.1129
v -0.2329 0.8277 0.1184
v -0.3000 0.8536 0.0666
v -0.2896 0.8522 0.0191
v -0.2803 0.8506 0.0163
v -0.2803 0.8506 0.0163
v -0.2772 0.8507 0.0164
v -0.2746 0.8487 0.0156
v -0.2746 0.8487 0.0156
v -0.2712 0.8467 0.0145
v -0.2712 0.8467 0.0145
v -0.2687 0.8450 0.0133
v -0.2687 0.8450 0.0133
v -0.2667 0.8452 0.0135
v -0.2667 0.8452 0.0135
v -0.2667 0.8428 0.0116
v -0.2667 0.8428 0.0116
v -0.2438 0.8247 0.0077
v -0.2231 0.7431 -0.0189
v -0.2228 0.7403 -0.0200
v -0.2228 0.7403 -0.0200
v -0.2234 0.7452 -0.0204
v -0.2825 0.8268 -0.0531
v -0.2814 0.8231 -0.0613
v -0.2716 0.8402 -0.1318
v -0.1830 0.7394 -0.1461
v -0.1831 0.7392 -0.1462
v -0.1836 0.7401 -0.1463
v -0.1830 0.7393 -0.1456
v -0.1819 0.7377 -0.1464
v -0.1818 0.7377 -0.1465
v -0.1816 0.7377 -0.1464
v -0.1943 0.7950 -0.1705
v -0.1869 0.8210 -0.2205
v -0.1869 0.8210 -0.2205
v -0.1861 0.8237 -0.2232
v -0.1732 0.8276 -0.2356
v -0.1672 0.8227 -0.2362
v -0.6913 -0.6278 0.2594
v -0.1231 0.8218 -0.2679
v -0.0919 0.7447 -0.2519
v -0.0780 0.7615 -0.2569
v -0.0920 0.7991 -0.2248
v -0.0920 0.7991 -0.2248
v -0.0737 0.6182 -0.2067
v 0.0568 0.6716 -0.2185
v 0.0557 0.6687 -0.2185
v 0.0579 0.6922 -0.2199
v 0.0578 0.6871 -0.2192
v 0.0577 0.6923 -0.2200
v 0.0576 0.6923 -0.2200
v 0.0557 0.6923 -0.2203
v 0.0557 0.6923 -0.2203
v 0.0557 0.6923 -0.2203
v 0.0483 0.7160 -0.2245
v 0.0477 0.7168 -0.2244
v 0.0498 0.7482 -0.2322
v -0.6833 -0.6805 0.1140
v 0.0596 0.7548 -0.2387
v 0.0596 0.7548 -0.2387
v 0.0596 0.7548 -0.2387
v 0.0596 0.7548 -0.2387
v -0.0628 0.7546 -0.2508
v -0.0622 0.7548 -0.2511
v -0.0624 0.7548 -0.2513
v -0.0626 0.7541 -0.2503
v -0.0626 0.7541 -0.2503
v -0.0626 0.7541 -0.2503
v -0.0626 0.7541 -0.2503
v -0.0636 0.7471 -0.2491
v -0.0636 0.7474 -0.2493
v -0.0607 0.7431 -0.2491
v -0.0538 0.7033 -0.2530
v -0.0450 0.6902 -0.2579
v -0.6923 -0.6610 -0.1750
v 0.0597 0.6925 -0.2470
v 0.0614 0.6925 -0.2468
v 0.0614 0.6925 -0.2468
v 0.0615 0.6869 -0.2482
v 0.0867 0.6647 -0.2482
v 0.0977 0.6584 -0.2423
v 0.1309 0.6190 -0.2345
v 0.1365 0.6176 -0.2306
v 0.1364 0.6176 -0.2306
v 0.1484 0.6020 -0.2302
v 0.1957 0.5585 -0.2327
v 0.2268 0.5444 -0.2395
v 0.4776 0.4887 -0.2758
v 0.4390 0.4785 -0.3742
v 0.4155 0.4854 -0.3817
v 0.4273 0.4237 -0.5046
v 0.4941 0.3477 -0.5508
v 0.5021 0.2753 -0.6137
v 0.5021 0.2753 -0.6137
v 0.5040 0.2724 -0.6144
v 0.5040 0.2724 -0.6144
v 0.3911 0.2826 -0.6828
v 0.3478 0.2571 -0.7238
v 0.2838 0.1917 -0.7849
v 0.2541 0.1483 -0.8078
v 0.2177 0.0656 -0.8466
v 0.2585 -0.0462 -0.8542
v 0.2585 -0.1103 -0.8579
v 0.4500 -0.5198 -0.6749
v 0.4569 -0.5173 -0.6738
v 0.7838 -0.5432 0.1018
v 0.6838 -0.4810 0.4567
v 0.6138 -0.3745 0.6060
v 0.5537 -0.3789 0.6564
v 0.2686 -0.1378 0.8490
v 0.2441 -0.1358 0.8566
v 0.2279 -0.0682 0.8563
v 0.2137 -0.0307 0.8586
v -0.7770 -0.3932 -0.3681
v 0.2354 0.0816 0.8301
v 0.2927 0.1583 0.7859
v 0.3456 0.2025 0.7433
v 0.3879 0.2840 0.6719
v 0.3750 0.3337 0.6392
v 0.4229 0.4411 0.4613
v 0.4618 0.4691 0.3508
v 0.5130 0.4966 0.1252
v 0.4691 0.5080 0.0947
v 0.2671 0.5380 0.1860
v 0.0262 0.6553 0.2403
v 0.0132 0.7147 0.2386
v -0.0634 0.6754 0.2277
v -0.0634 0.6754 0.2277
v -0.0634 0.6754 0.2277
v -0.0635 0.6785 0.2271
v -0.0635 0.6785 0.2271
v -0.0635 0.6785 0.2271
v -0.0654 0.6781 0.2269
v -0.0785 0.7045 0.2255
v -0.1934 0.7609 0.1556
v -0.1703 0.6723 0.1190
v -0.1696 0.6702 0.1188
v -0.1696 0.6702 0.1189
v -0.1696 0.6702 0.1189
v -0.1698 0.6660 0.1173
v -0.7781 -0.2696 -0.4250
v -0.7786 -0.1928 -0.4453
v -0.2618 0.8498 0.1123
v -0.2765 0.8543 0.1037
v -0.2765 0.8543 0.1038
v -0.2895 0.8523 0.0193
v -0.2823 0.8506 0.0164
v -0.2823 0.8506 0.0164
v -0.2825 0.8428 0.0148
v -0.2794 0.8488 0.0156
v -0.2794 0.8488 0.0156
v -0.2762 0.8484 0.0154
v -0.2762 0.8484 0.0154
v -0.2744 0.8467 0.0146
v -0.2744 0.8467 0.0147
v -0.2628 0.8354 0.0055
v -0.2628 0.8354 0.0055
v -0.2235 0.7450 -0.0185
v -0.2232 0.7433 -0.0202
v -0.2232 0.7433 -0.0202
v -0.2810 0.8233 -0.0634
v -0.2186 0.8250 -0.1417
v -0.2187 0.8246 -0.1417
v -0.2163 0.8207 -0.1416
v -0.2167 0.8208 -0.1438
v -0.2167 0.8208 -0.1438
v -0.2146 0.8179 -0.1436
v -0.2010 0.7896 -0.1437
v -0.1843 0.7447 -0.1453
v -0.1847 0.7449 -0.1453
v -0.1837 0.7401 -0.1464
v -0.1837 0.7401 -0.1463
v -0.1837 0.7401 -0.1463
v -0.1837 0.7400 -0.1464
v -0.1837 0.7401 -0.1465
v -0.1827 0.7395 -0.1468
v -0.1827 0.7393 -0.1465
v -0.1826 0.7393 -0.1465
v -0.1862 0.8236 -0.2232
v -0.1841 0.8249 -0.2259
v -0.1841 0.8249 -0.2259
v -0.1765 0.8274 -0.2331
v -0.1765 0.8274 -0.2331
v -0.1694 0.8235 -0.2351
v -0.1694 0.8234 -0.2351
v -0.1672 0.8227 -0.2362
v -0.1642 0.8193 -0.2356
v -0.1270 0.8134 -0.2601
v -0.0698 0.7868 -0.2469
v -0.0885 0.7938 -0.2235
v -0.0886 0.7937 -0.2236
v -0.0281 0.5993 -0.2221
v 0.0054 0.5914 -0.2236
v 0.0558 0.6690 -0.2183
v 0.0481 0.7107 -0.2226
v 0.0481 0.7107 -0.2226
v 0.0485 0.7159 -0.2245
v 0.0437 0.7601 -0.2344
v -0.0636 0.7576 -0.2515
v -0.0636 0.7576 -0.2515
v -0.0634 0.7548 -0.2508
v -0.7722 -0.0794 -0.4606
v -0.0619 0.7471 -0.2490
v -0.0618 0.7471 -0.2491
v -0.0619 0.7470 -0.2491
v -0.0619 0.7470 -0.2491
v -0.0627 0.7466 -0.2492
v -0.0625 0.7464 -0.2482
v -0.0625 0.7464 -0.2483
v -0.0576 0.7155 -0.2492
v -0.0413 0.6996 -0.2595
v 0.0108 0.7208 -0.2611
v 0.0597 0.6924 -0.2470
v 0.0594 0.6893 -0.2478
v 0.0593 0.6893 -0.2478
v 0.0602 0.6854 -0.2487
v 0.0607 0.6855 -0.2493
v 0.0604 0.6853 -0.2485
v 0.0604 0.6853 -0.2483
v 0.0908 0.6623 -0.2462
v 0.0908 0.6623 -0.2461
v 0.0976 0.6586 -0.2425
v 0.1021 0.6512 -0.2406
v 0.1021 0.6512 -0.2406
v 0.1307 0.6188 -0.2342
v 0.1485 0.6021 -0.2302
v 0.1604 0.5697 -0.2509
v 0.2814 0.5281 -0.2353
v -0.7777 0.0538 -0.4162
v 0.4837 0.4738 -0.3265
v 0.3984 0.4768 -0.4239
v 0.4669 0.3859 -0.5255
v 0.4991 0.2768 -0.6146
v 0.2725 0.1694 -0.7987
v 0.2902 -0.1592 -0.8485
v 0.3654 -0.4808 -0.7389
v 0.4893 -0.5073 -0.6549
v 0.6858 -0.5016 -0.4482
v 0.7338 -0.4468 -0.4151
v 0.8022 -0.5098 0.0948
v 0.7698 -0.5192 0.2389
v 0.6879 -0.4716 0.4592
v -0.7528 0.2868 -0.2119
v -0.6993 0.3736 -0.1107
v -0.7068 0.3699 -0.0142
v -0.7826 -0.1142 0.4364
v 0.4068 0.2714 0.6704
v -0.0651 0.6681 0.2287
v -0.0652 0.6679 0.2287
v -0.0654 0.6709 0.2277
v -0.0845 0.7293 0.2266
v -0.0882 0.7502 0.2298
v -0.7755 0.2601 0.1660
v -0.1935 0.7620 0.1563
v -0.1990 0.7774 0.1373
v -0.1990 0.7774 0.1374
v -0.1573 0.6827 0.1251
v -0.1709 0.6690 0.1162
v -0.1712 0.6709 0.1162
v -0.2515 0.8394 0.1171
v -0.2708 0.8504 0.1070
v -0.2740 0.8544 0.1052
v -0.2740 0.8544 0.1052
v -0.2808 0.8514 0.0987
v -0.2646 0.8332 0.0037
v -0.2627 0.8328 0.0033
v -0.2627 0.8328 0.0033
v -0.2500 0.8171 -0.0043
v -0.2290 0.8056 0.0112
v -0.2235 0.7451 -0.0186
v -0.2235 0.7451 -0.0186
v -0.2244 0.7457 -0.0195
v -0.2244 0.7457 -0.0196
v -0.2244 0.7457 -0.0195
v -0.2244 0.7457 -0.0196
v -0.2244 0.7457 -0.0194
v -0.2244 0.7457 -0.0194
v -0.2235 0.7451 -0.0205
v -0.2235 0.7451 -0.0205
v -0.2235 0.7451 -0.0205
v -0.2231 0.7743 -0.0328
v -0.2469 0.8395 -0.1465
v -0.2244 0.8331 -0.1418
v -0.2225 0.8304 -0.1419
v -0.2226 0.8301 -0.1426
v -0.2152 0.8142 -0.1503
v -0.2148 0.8176 -0.1436
v -0.1991 0.7855 -0.1455
v -0.2007 0.7897 -0.1438
v -0.1871 0.7561 -0.1448
v -0.1843 0.8223 -0.2237
v -0.1844 0.8223 -0.2238
v -0.1425 0.8102 -0.2466
v -0.1338 0.8108 -0.2535
v -0.1226 0.8185 -0.2662
v -0.1226 0.8184 -0.2662
v -0.0883 0.7402 -0.2519
v -0.0760 0.7794 -0.2245
v -0.0810 0.7845 -0.2231
v -0.0908 0.6713 -0.1906
v -0.0567 0.6336 -0.2167
v 0.0443 0.7133 -0.2226
v 0.0442 0.7133 -0.2227
v 0.0476 0.7167 -0.2244
v -0.0509 0.7743 -0.2408
v -0.0630 0.7686 -0.2529
v -0.0625 0.7598 -0.2519
v -0.0625 0.7598 -0.2519
v -0.0628 0.7467 -0.2487
v -0.0626 0.7464 -0.2483
v -0.0613 0.7391 -0.2472
v -0.0614 0.7405 -0.2475
v -0.0608 0.7418 -0.2484
v -0.0608 0.7418 -0.2484
v -0.0596 0.7405 -0.2482
v -0.0612 0.7390 -0.2471
v -0.0607 0.7392 -0.2478
v -0.0570 0.7155 -0.2504
v -0.0570 0.7155 -0.2504
v 0.0613 0.6846 -0.2487
v 0.0885 0.6504 -0.2487
v 0.3658 0.5170 -0.1628
v 0.4516 0.5044 -0.2191
v -0.8078 0.1373 0.2724
v 0.3164 0.2029 -0.7651
v 0.7820 -0.4938 -0.2430
v 0.8154 -0.4933 0.0368
v 0.6996 -0.5725 0.3356
v 0.6805 -0.4963 0.4507
v 0.5861 -0.3501 0.6391
v 0.4089 -0.3025 0.7734
v -0.7839 -0.1564 0.4321
v 0.3651 0.2392 0.7157
v 0.3787 0.2832 0.6776
v 0.3558 0.3770 0.6017
v 0.4224 0.4565 0.4235
v 0.0537 0.5733 0.2664
v 0.0310 0.6007 0.2517
v -0.0199 0.6641 0.2401
v -0.0349 0.6347 0.2422
v -0.0654 0.6708 0.2282
v -0.1229 0.7759 0.2143
v -0.1982 0.7724 0.1357
v -0.1528 0.7190 0.1283
v -0.1703 0.6690 0.1178
v -0.1703 0.6690 0.1178
v -0.1707 0.6709 0.1181
v -0.1709 0.6690 0.1162
v -0.1713 0.6709 0.1162
v -0.1713 0.6709 0.1162
v -0.1713 0.6717 0.1171
v -0.1727 0.6788 0.1162
v -0.2695 0.8489 0.1076
v -0.2695 0.8489 0.1076
v -0.2666 0.8485 0.1098
v -0.2666 0.8485 0.1098
v -0.2721 0.8508 0.1054
v -0.2723 0.8508 0.1057
v -0.2664 0.8273 -0.0001
v -0.2646 0.8332 0.0037
v -0.2614 0.8282 0.0000
v -0.2614 0.8281 0.0001
v -0.2254 0.7510 -0.0187
v -0.2255 0.7510 -0.0188
v -0.2250 0.7492 -0.0190
v -0.2748 0.8122 -0.0449
v -0.2814 0.8231 -0.0613
v -0.2811 0.8233 -0.0634
v -0.2800 0.8236 -0.0679
v -0.2800 0.8236 -0.0679
v -0.2775 0.8215 -0.0718
v -0.2226 0.8294 -0.1436
v -0.1845 0.7451 -0.1455
v -0.1848 0.7453 -0.1482
v -0.1846 0.7455 -0.1475
v -0.1828 0.7450 -0.1476
v -0.1828 0.7450 -0.1476
v -0.1828 0.7450 -0.1476
v -0.1808 0.7625 -0.1521
v -0.1964 0.7678 -0.1627
v -0.1904 0.7890 -0.1940
v -0.1819 0.8200 -0.2242
v -0.1819 0.8200 -0.2242
v -0.1806 0.8250 -0.2286
v -0.1806 0.8250 -0.2286
v -0.0703 0.7775 -0.2575
v -0.0798 0.7655 -0.2118
v 0.0091 0.6394 -0.2245
v 0.0431 0.7247 -0.2256
v -0.0632 0.7617 -0.2523
v -0.0760 0.7793 -0.2245
v -0.0811 0.7844 -0.2232
v -0.0903 0.7295 -0.1930
v -0.0551 0.6607 -0.2188
v 0.0424 0.6902 -0.2179
v 0.0396 0.7091 -0.2206
v 0.0395 0.7091 -0.2207
v 0.0429 0.7106 -0.2213
v -0.6761 -0.6810 0.1612
v -0.0627 0.7750 -0.2538
v -0.0629 0.7661 -0.2533
v -0.0629 0.7623 -0.2534
v -0.0628 0.7626 -0.2524
v -0.0628 0.7626 -0.2526
v -0.7199 -0.6506 -0.0053
v 0.0373 0.7825 -0.2425
v -0.0623 0.7705 -0.2471
v -0.0629 0.7630 -0.2527
v -0.0636 0.7628 -0.2523
v -0.0636 0.7628 -0.2523
v -0.0563 0.6621 -0.2185
v -0.0338 0.8019 -0.2502
v -0.0626 0.7646 -0.2532
v -0.0626 0.7646 -0.2532
v -0.0636 0.7647 -0.2537
v -0.0643 0.7652 -0.2523
v -0.0637 0.7648 -0.2523
v -0.0641 0.7655 -0.2528
v -0.0632 0.7666 -0.2522
v -0.0643 0.7656 -0.2524
v -0.0645 0.7655 -0.2522
v -0.0652 0.7648 -0.2528
v -0.0658 0.7725 -0.2526
v 0.0299 0.7070 -0.2204
v 0.0299 0.7070 -0.2204
v -0.0628 0.7680 -0.2520
v -0.0631 0.7667 -0.2524
v -0.0642 0.7656 -0.2522
v -0.0648 0.7706 -0.2516
v -0.0534 0.6637 -0.2189
v -0.0013 0.6644 -0.2205
v -0.0628 0.7687 -0.2530
v -0.0630 0.7684 -0.2525
v -0.0641 0.7686 -0.2531
v -0.0633 0.7683 -0.2522
v -0.0641 0.7687 -0.2525
v -0.0642 0.7688 -0.2520
v -0.0660 0.7753 -0.2523
v -0.0739 0.7765 -0.2245
v -0.0739 0.7765 -0.2245
v -0.7541 -0.5485 -0.2462
v -0.0551 0.6607 -0.2187
v -0.0418 0.6503 -0.2183
v 0.0158 0.7087 -0.2211
v 0.0158 0.7087 -0.2211
v -0.0631 0.7691 -0.2522
v -0.0624 0.7683 -0.2508
v -0.0636 0.7688 -0.2520
v -0.0636 0.7688 -0.2520
v -0.0647 0.7705 -0.2516
v -0.0647 0.7705 -0.2516
v -0.0647 0.7705 -0.2516
v -0.0647 0.7708 -0.2514
v -0.0647 0.7705 -0.2516
v -0.0658 0.7725 -0.2527
v -0.0679 0.7749 -0.2342
v -0.7827 -0.4910 -0.2397
v -0.0563 0.6621 -0.2185
v -0.0563 0.6620 -0.2185
v 0.0039 0.7146 -0.2227
v -0.0632 0.7708 -0.2510
v -0.0625 0.7700 -0.2501
v -0.0628 0.7707 -0.2513
v -0.0635 0.7707 -0.2509
v -0.0638 0.7710 -0.2508
v -0.0635 0.7707 -0.2509
v -0.0638 0.7713 -0.2504
v -0.0640 0.7716 -0.2500
v -0.0640 0.7715 -0.2501
v -0.0640 0.7716 -0.2503
v -0.0650 0.7724 -0.2511
v -0.0650 0.7724 -0.2511
v -0.0650 0.7724 -0.2511
v -0.0699 0.7754 -0.2299
v -0.0700 0.7754 -0.2299
v -0.0675 0.7717 -0.2299
v -0.0711 0.7474 -0.2120
v -0.0916 0.6957 -0.1851
v -0.0833 0.6756 -0.1952
v -0.0712 0.6719 -0.2062
v -0.0557 0.6638 -0.2188
v -0.0557 0.6638 -0.2188
v -0.0534 0.6637 -0.2189
v -0.0459 0.6675 -0.2186
v -0.0618 0.7669 -0.2448
v -0.0632 0.7711 -0.2492
v -0.0631 0.7723 -0.2487
v -0.0626 0.7711 -0.2490
v -0.0626 0.7711 -0.2490
v -0.0626 0.7711 -0.2490
v -0.0638 0.7714 -0.2494
v -0.0635 0.7712 -0.2492
v -0.0635 0.7712 -0.2492
v -0.0635 0.7712 -0.2492
v -0.0640 0.7716 -0.2499
v -0.0644 0.7715 -0.2485
v -0.0644 0.7715 -0.2485
v -0.0650 0.7712 -0.2484
v -0.0645 0.7719 -0.2491
v -0.0645 0.7717 -0.2486
v -0.0647 0.7723 -0.2492
v -0.0648 0.7723 -0.2491
v -0.0559 0.6772 -0.2204
v -0.0459 0.6675 -0.2186
v -0.0007 0.7090 -0.2215
v -0.0007 0.7090 -0.2215
v 0.0039 0.7146 -0.2226
v -0.0624 0.7685 -0.2465
v -0.0626 0.7676 -0.2461
v -0.0620 0.7704 -0.2473
v -0.0620 0.7704 -0.2473
v -0.0620 0.7704 -0.2473
v -0.0635 0.7703 -0.2474
v -0.0635 0.7703 -0.2474
v -0.0635 0.7703 -0.2474
v -0.0635 0.7703 -0.2474
v -0.0635 0.7703 -0.2474
v -0.0644 0.7714 -0.2473
v -0.0680 0.7748 -0.2342
v -0.0681 0.7715 -0.2302
v -0.0571 0.6688 -0.2189
v -0.0573 0.6687 -0.2190
v -0.0571 0.6688 -0.2189
v -0.0576 0.6715 -0.2192
v -0.0557 0.6701 -0.2194
v -0.0557 0.6701 -0.2195
v -0.0415 0.6701 -0.2185
v -0.0415 0.6701 -0.2185
v -0.7613 -0.4885 -0.3143
v 0.0037 0.6876 -0.2192
v -0.0071 0.7088 -0.2214
v -0.0071 0.7088 -0.2214
v -0.0579 0.7650 -0.2409
v -0.0624 0.7655 -0.2442
v -0.0622 0.7655 -0.2442
v -0.0624 0.7655 -0.2442
v -0.0616 0.7651 -0.2447
v -0.0624 0.7669 -0.2450
v -0.0623 0.7667 -0.2448
v -0.0626 0.7676 -0.2461
v -0.0626 0.7676 -0.2461
v -0.0626 0.7676 -0.2461
v -0.0641 0.7702 -0.2452
v -0.0640 0.7707 -0.2451
v -0.0638 0.7710 -0.2453
v -0.0686 0.7376 -0.2125
v -0.0567 0.7591 -0.2385
v -0.0567 0.7591 -0.2385
v -0.0606 0.7618 -0.2420
v -0.0606 0.7618 -0.2420
v -0.0606 0.7618 -0.2420
v -0.0606 0.7618 -0.2420
v -0.0600 0.7648 -0.2426
v -0.0617 0.7633 -0.2412
v -0.0616 0.7648 -0.2434
v -0.0622 0.7649 -0.2433
v -0.0616 0.7648 -0.2434
v -0.0623 0.7647 -0.2430
v -0.0626 0.7655 -0.2442
v -0.0631 0.7660 -0.2446
v -0.0628 0.7669 -0.2449
v -0.0644 0.7705 -0.2432
v -0.0644 0.7705 -0.2432
v -0.0663 0.7742 -0.2398
v -0.0663 0.7742 -0.2398
v -0.0583 0.6692 -0.2183
v -0.0560 0.6770 -0.2208
v -0.0447 0.6766 -0.2190
v -0.0447 0.6765 -0.2191
v -0.0138 0.7043 -0.2206
v -0.0138 0.7042 -0.2207
v -0.0323 0.7321 -0.2253
v -0.0575 0.7553 -0.2378
v -0.0570 0.7571 -0.2381
v -0.0571 0.7569 -0.2380
v -0.0597 0.7610 -0.2410
v -0.0597 0.7610 -0.2410
v -0.0597 0.7610 -0.2410
v -0.0595 0.7609 -0.2411
v -0.0620 0.7621 -0.2412
v -0.0621 0.7626 -0.2413
v -0.0626 0.7631 -0.2412
v -0.0614 0.7628 -0.2423
v -0.0614 0.7628 -0.2423
v -0.0614 0.7628 -0.2423
v -0.0614 0.7628 -0.2423
v -0.0614 0.7628 -0.2423
v -0.0625 0.7635 -0.2423
v -0.0625 0.7635 -0.2423
v -0.0624 0.7633 -0.2419
v -0.0630 0.7633 -0.2420
v -0.0627 0.7648 -0.2429
v -0.0660 0.7714 -0.2361
v -0.0662 0.7714 -0.2361
v -0.0592 0.6767 -0.2194
v -0.0593 0.6767 -0.2195
v -0.0577 0.6765 -0.2204
v -0.0577 0.6766 -0.2202
v -0.0585 0.6778 -0.2204
v -0.0585 0.6777 -0.2204
v -0.0586 0.6777 -0.2205
v -0.0556 0.6795 -0.2210
v -0.0556 0.6795 -0.2210
v -0.0600 0.7589 -0.2405
v -0.0600 0.7589 -0.2405
v -0.0612 0.7610 -0.2411
v -0.0612 0.7610 -0.2411
v -0.0608 0.7610 -0.2407
v -0.0612 0.7610 -0.2410
v -0.0612 0.7610 -0.2411
v -0.0612 0.7610 -0.2411
v -0.0622 0.7607 -0.2394
v -0.0624 0.7605 -0.2392
v -0.0626 0.7600 -0.2392
v -0.0576 0.6806 -0.2213
v -0.0576 0.6834 -0.2217
v -0.0576 0.6834 -0.2217
v -0.0576 0.6834 -0.2217
v -0.0576 0.6806 -0.2212
v -0.0576 0.6806 -0.2212
v -0.0234 0.6953 -0.2196
v -0.0234 0.6953 -0.2196
v -0.0597 0.7497 -0.2380
v -0.0604 0.7552 -0.2393
v -0.0597 0.7551 -0.2392
v -0.0592 0.7531 -0.2396
v -0.0597 0.7551 -0.2392
v -0.0606 0.7558 -0.2401
v -0.0606 0.7558 -0.2401
v -0.0603 0.7558 -0.2396
v -0.0606 0.7558 -0.2401
v -0.0606 0.7558 -0.2401
v -0.0598 0.6877 -0.2216
v -0.0597 0.6881 -0.2218
v -0.0576 0.6864 -0.2221
v -0.0576 0.6864 -0.2221
v -0.0576 0.6864 -0.2221
v -0.0576 0.6864 -0.2221
v -0.0558 0.6835 -0.2216
v -0.0558 0.6835 -0.2216
v -0.0410 0.6956 -0.2198
v -0.0410 0.6956 -0.2199
v -0.0356 0.6956 -0.2196
v -0.0356 0.6956 -0.2196
v -0.0334 0.6989 -0.2198
v -0.0496 0.7409 -0.2306
v -0.0582 0.7471 -0.2365
v -0.0599 0.7516 -0.2384
v -0.0642 0.7384 -0.2199
v -0.0665 0.7083 -0.2157
v -0.0587 0.6887 -0.2222
v -0.0594 0.6883 -0.2217
v -0.0575 0.6883 -0.2223
v -0.0575 0.6883 -0.2223
v -0.0579 0.6888 -0.2224
v -0.0577 0.6888 -0.2223
v -0.0576 0.6939 -0.2220
v -0.0557 0.6878 -0.2220
v -0.0557 0.6878 -0.2220
v -0.0599 0.7512 -0.2380
v -0.0595 0.7509 -0.2379
v -0.0595 0.7510 -0.2387
v -0.0604 0.7516 -0.2383
v -0.0604 0.7515 -0.2382
v -0.0604 0.7515 -0.2379
v -0.0612 0.7545 -0.2405
v -0.0607 0.7530 -0.2385
v -0.0587 0.6890 -0.2224
v -0.0587 0.6890 -0.2224
v -0.0587 0.6890 -0.2224
v -0.0587 0.6890 -0.2224
v -0.0587 0.6890 -0.2224
v -0.0459 0.7141 -0.2243
v -0.0582 0.7471 -0.2365
v -0.0601 0.7486 -0.2382
v -0.0597 0.7469 -0.2366
v -0.0588 0.7453 -0.2366
v -0.0596 0.7490 -0.2374
v -0.0596 0.7490 -0.2374
v -0.0607 0.7509 -0.2373
v -0.0607 0.7509 -0.2373
v -0.0607 0.7509 -0.2373
v -0.0607 0.7509 -0.2373
v -0.0576 0.6932 -0.2228
v -0.0576 0.6932 -0.2228
v -0.0578 0.7428 -0.2351
v -0.0584 0.7452 -0.2363
v -0.0586 0.7437 -0.2362
v -0.0590 0.7437 -0.2362
v -0.0604 0.7464 -0.2361
v -0.0612 0.7455 -0.2364
v -0.0605 0.7461 -0.2361
v -0.0641 0.7129 -0.2222
v -0.0593 0.7001 -0.2233
v -0.0595 0.6974 -0.2233
v -0.0590 0.6958 -0.2228
v -0.0589 0.7437 -0.2362
v -0.0587 0.7437 -0.2362
v -0.0590 0.7437 -0.2362
v -0.0600 0.7452 -0.2357
v -0.0605 0.7446 -0.2346
v -0.0577 0.7003 -0.2237
v -0.0577 0.7003 -0.2239
v -0.0577 0.7430 -0.2354
v -0.0578 0.7430 -0.2355
v -0.0578 0.7430 -0.2355
v -0.0597 0.7430 -0.2353
v -0.0597 0.7430 -0.2352
v -0.0597 0.7430 -0.2353
v -0.0607 0.7433 -0.2344
v -0.0592 0.6983 -0.2230
v -0.0571 0.7343 -0.2338
v -0.0592 0.7003 -0.2234
v -0.0592 0.7003 -0.2234
v -0.0577 0.7002 -0.2238
v -0.0577 0.7002 -0.2238
v -0.0577 0.7002 -0.2238
v -0.0598 0.7336 -0.2350
v -0.0594 0.7360 -0.2347
v -0.0602 0.7373 -0.2338
v -0.0586 0.7011 -0.2244
v -0.0586 0.7011 -0.2244
v -0.0586 0.7011 -0.2243
v -0.0586 0.7011 -0.2244
v -0.0586 0.7011 -0.2244
v -0.0583 0.7017 -0.2241
v -0.0562 0.7021 -0.2239
v -0.0561 0.7022 -0.2238
v -0.0545 0.7133 -0.2288
v -0.0556 0.7182 -0.2327
v -0.0582 0.7297 -0.2345
v -0.0581 0.7370 -0.2347
v -0.0581 0.7370 -0.2347
v -0.0583 0.7024 -0.2248
v -0.0589 0.7024 -0.2248
v -0.0584 0.7022 -0.2247
v -0.0549 0.7051 -0.2244
v -0.0549 0.7051 -0.2244
v -0.0571 0.7343 -0.2339
v -0.0592 0.7041 -0.2255
v -0.0592 0.7041 -0.2255
v -0.0592 0.7041 -0.2255
v -0.0590 0.7045 -0.2260
v -0.0576 0.7041 -0.2258
v -0.0576 0.7041 -0.2258
v -0.0576 0.7041 -0.2258
v -0.0580 0.7045 -0.2263
v -0.0581 0.7277 -0.2352
v -0.0581 0.7333 -0.2347
v -0.0581 0.7333 -0.2347
v -0.0598 0.7318 -0.2353
v -0.0600 0.7072 -0.2270
v -0.0585 0.7049 -0.2266
v -0.0589 0.7049 -0.2266
v -0.0586 0.7048 -0.2265
v -0.0582 0.7048 -0.2266
v -0.0578 0.7062 -0.2273
v -0.0578 0.7062 -0.2273
v -0.0578 0.7062 -0.2273
v -0.0579 0.7062 -0.2273
v -0.0596 0.7314 -0.2352
v -0.0609 0.7277 -0.2355
v -0.0609 0.7277 -0.2354
v -0.0609 0.7087 -0.2294
v -0.0593 0.7063 -0.2272
v -0.0593 0.7063 -0.2272
v -0.0593 0.7063 -0.2272
v -0.0588 0.7107 -0.2390
v -0.0580 0.7277 -0.2354
v -0.0580 0.7277 -0.2354
v -0.0580 0.7295 -0.2351
v -0.0580 0.7295 -0.2351
v -0.0597 0.7274 -0.2366
v -0.0596 0.7284 -0.2362
v -0.0596 0.7284 -0.2362
v -0.0596 0.7284 -0.2362
v -0.0596 0.7284 -0.2362
v -0.0587 0.7073 -0.2283
v -0.0587 0.7068 -0.2289
v -0.0594 0.7071 -0.2293
v -0.0584 0.7071 -0.2287
v -0.0579 0.7082 -0.2293
v -0.0579 0.7083 -0.2293
v -0.0579 0.7084 -0.2294
v -0.0588 0.7179 -0.2392
v -0.0590 0.7211 -0.2381
v -0.0590 0.7271 -0.2364
v -0.0594 0.7275 -0.2365
v -0.0586 0.7271 -0.2363
v -0.0586 0.7271 -0.2363
v -0.0586 0.7271 -0.2363
v -0.0608 0.7277 -0.2355
v -0.0608 0.7277 -0.2355
v -0.0632 0.7152 -0.2352
v -0.0606 0.7089 -0.2294
v -0.0606 0.7089 -0.2294
v -0.0606 0.7089 -0.2294
v -0.0595 0.7080 -0.2294
v -0.0595 0.7080 -0.2294
v -0.0595 0.7080 -0.2293
v -0.0588 0.7158 -0.2413
v -0.0588 0.7158 -0.2413
v -0.0587 0.7147 -0.2434
v -0.0587 0.7147 -0.2434
v -0.0574 0.7155 -0.2491
v -0.0332 0.6951 -0.2601
v 0.0482 0.6939 -0.2561
v 0.0595 0.6812 -0.2498
v 0.0595 0.6814 -0.2497
v 0.0607 0.6775 -0.2498
v 0.0611 0.6772 -0.2504
v 0.0846 0.6533 -0.2500
v 0.0867 0.6647 -0.2482
v 0.0875 0.6603 -0.2481
v 0.0875 0.6603 -0.2481
v 0.0888 0.6551 -0.2480
v 0.0888 0.6551 -0.2480
v 0.1473 0.5966 -0.2353
v 0.1472 0.5965 -0.2352
v 0.1517 0.5979 -0.2308
v 0.1698 0.5569 -0.2610
v 0.3129 0.5207 -0.2338
v -0.7662 -0.0204 -0.4616
v 0.4989 0.2767 -0.6144
v 0.4950 0.2758 -0.6184
v 0.4950 0.2757 -0.6184
v 0.3629 0.3303 -0.6595
v -0.7790 0.0955 -0.3811
v 0.2882 -0.2237 -0.8430
v 0.2985 -0.2859 -0.8313
v 0.3011 -0.3602 -0.8128
v -0.7777 0.1342 -0.3602
v 0.4302 -0.4698 -0.7143
v 0.5346 -0.5367 -0.6026
v 0.5428 -0.5597 -0.5755
v 0.6286 -0.5085 -0.5259
v -0.8185 0.1002 0.2755
v 0.8045 -0.5125 -0.0711
v 0.7786 -0.5514 0.1023
v 0.7814 -0.5234 0.1718
v 0.5394 -0.3500 0.6763
v 0.5393 -0.3499 0.6762
v 0.5403 -0.3486 0.6765
v 0.3572 -0.3641 0.7782
v 0.2547 -0.1895 0.8517
v 0.2300 -0.1269 0.8594
v 0.1087 0.0684 0.8572
v 0.3787 0.2833 0.6777
v 0.5135 0.4675 0.2891
v 0.4342 0.5112 0.1637
v -0.7251 0.3395 -0.1446
v 0.2508 0.5355 0.2186
v 0.0580 0.5836 0.2574
v -0.0698 0.6665 0.2287
v -0.0848 0.6848 0.2227
v -0.1860 0.7439 0.1587
v -0.1935 0.7587 0.1546
v -0.1936 0.7522 0.1512
v -0.7537 0.3113 0.0928
v -0.1702 0.6723 0.1191
v -0.1702 0.6723 0.1191
v -0.1707 0.6708 0.1181
v -0.1707 0.6708 0.1181
v -0.1707 0.6708 0.1181
v -0.1713 0.6712 0.1174
v -0.1707 0.6708 0.1181
v -0.1716 0.6715 0.1174
v -0.1716 0.6715 0.1174
v -0.2118 0.7948 0.1203
v -0.2667 0.8465 0.1094
v -0.2667 0.8465 0.1094
v -0.2688 0.8468 0.1078
v -0.2688 0.8468 0.1078
v -0.2707 0.8504 0.1069
v -0.2851 0.8344 0.0202
v -0.2763 0.8393 0.0118
v -0.2649 0.8281 0.0002
v -0.2254 0.7510 -0.0202
v -0.2250 0.7491 -0.0200
v -0.2250 0.7491 -0.0200
v -0.2254 0.7510 -0.0201
v -0.2254 0.7510 -0.0201
v -0.2254 0.7510 -0.0201
v -0.2793 0.8222 -0.0667
v -0.2793 0.8222 -0.0667
v -0.2788 0.8229 -0.0708
v -0.2788 0.8229 -0.0708
v -0.2724 0.8159 -0.0846
v -0.1994 0.7854 -0.1454
v -0.1948 0.7756 -0.1458
v -0.1948 0.7756 -0.1458
v -0.1855 0.7467 -0.1476
v -0.1852 0.7459 -0.1475
v -0.1855 0.7464 -0.1471
v -0.1849 0.7455 -0.1476
v -0.1849 0.7455 -0.1476
v -0.1850 0.7459 -0.1480
v -0.1891 0.7739 -0.1569
v -0.1481 0.8112 -0.2428
v -0.1481 0.8112 -0.2428
v -0.1271 0.8134 -0.2602
v -0.1236 0.8132 -0.2623
v -0.1236 0.8131 -0.2623
v -0.0955 0.7712 -0.2588
v -0.0634 0.7396 -0.2473
v -0.0634 0.7393 -0.2470
v -0.0615 0.7392 -0.2468
v -0.0617 0.7388 -0.2465
v -0.0615 0.7392 -0.2468
v -0.0623 0.7387 -0.2463
v -0.0623 0.7385 -0.2462
v -0.0617 0.7384 -0.2460
v -0.0610 0.7379 -0.2466
v -0.0610 0.7380 -0.2465
v -0.0610 0.7380 -0.2465
v -0.0609 0.7380 -0.2465
v -0.0600 0.7309 -0.2474
v -0.0592 0.7180 -0.2432
v -0.0592 0.7180 -0.2432
v -0.0590 0.7211 -0.2381
v -0.0586 0.7256 -0.2365
v -0.0587 0.7247 -0.2360
v -0.0602 0.7271 -0.2367
v -0.0603 0.7272 -0.2365
v -0.0597 0.7274 -0.2366
v -0.0606 0.7271 -0.2367
v -0.0606 0.7271 -0.2367
v -0.0606 0.7092 -0.2331
v -0.0606 0.7092 -0.2331
v -0.0608 0.7092 -0.2383
v -0.0594 0.7090 -0.2314
v -0.0596 0.7087 -0.2314
v -0.0596 0.7087 -0.2314
v -0.0596 0.7098 -0.2412
v -0.0579 0.7119 -0.2471
v 0.0293 0.6972 -0.2606
v 0.0605 0.6778 -0.2503
v 0.1466 0.5919 -0.2393
v 0.1466 0.5919 -0.2393
v 0.3054 0.5202 -0.2536
v 0.3455 0.5178 -0.2035
v 0.3279 0.5202 -0.2062
v 0.4381 0.5036 -0.2585
v -0.7854 0.2233 0.2163
v 0.4241 0.4933 -0.3398
v 0.4821 0.3654 -0.5428
v -0.7933 0.2032 0.2206
v 0.4731 0.2850 -0.6284
v 0.4825 0.2792 -0.6257
v 0.4824 0.2792 -0.6257
v 0.4574 0.2849 -0.6416
v 0.3825 0.3144 -0.6641
v -0.7967 0.1719 0.2663
v 0.3115 -0.4549 -0.7729
v 0.3684 -0.4778 -0.7385
v 0.6200 -0.5438 -0.5039
v 0.7206 -0.5736 0.2847
v 0.6893 -0.5190 0.4153
v 0.5621 -0.3607 0.6547
v 0.5396 -0.3499 0.6765
v 0.4522 -0.3976 0.7185
v 0.2634 -0.2428 0.8407
v 0.2477 0.1438 0.8070
v 0.3835 0.2742 0.6814
v 0.3835 0.2742 0.6814
v 0.3319 0.2686 0.7088
v -0.8039 0.0009 0.3714
v 0.3218 0.3081 0.6846
v 0.4903 0.4830 0.2702
v 0.4509 0.5041 0.2230
v -0.0701 0.6290 0.2347
v -0.0694 0.6622 0.2293
v -0.0694 0.6622 0.2293
v -0.0699 0.6666 0.2286
v -0.1023 0.7532 0.2228
v -0.1474 0.7615 0.1929
v -0.1980 0.7764 0.1357
v -0.1978 0.7764 0.1358
v -0.1938 0.7641 0.1269
v -0.1713 0.6735 0.1188
v -0.1712 0.6735 0.1186
v -0.1712 0.6735 0.1186
v -0.1733 0.6963 0.1028
v -0.2420 0.8278 0.1192
v -0.2638 0.8445 0.1115
v -0.2659 0.8438 0.1096
v -0.2659 0.8438 0.1096
v -0.2628 0.8281 -0.0000
v -0.2628 0.8281 -0.0000
v -0.2606 0.8215 -0.0038
v -0.2605 0.8211 -0.0045
v -0.2322 0.7982 -0.0015
v -0.2258 0.7513 -0.0193
v -0.2254 0.7510 -0.0188
v -0.2263 0.7517 -0.0194
v -0.2263 0.7517 -0.0195
v -0.2264 0.7517 -0.0194
v -0.2263 0.7518 -0.0195
v -0.2263 0.7518 -0.0196
v -0.2268 0.7587 -0.0215
v -0.2271 0.7720 -0.0255
v -0.2444 0.7923 -0.0278
v -0.2798 0.8219 -0.0642
v -0.2798 0.8219 -0.0642
v -0.2775 0.8202 -0.0684
v -0.2776 0.8217 -0.0718
v -0.2683 0.8173 -0.0973
v -0.2639 0.8306 -0.1303
v -0.2242 0.8244 -0.1495
v -0.2073 0.7939 -0.1534
v -0.1954 0.7759 -0.1473
v -0.1954 0.7759 -0.1473
v -0.1843 0.7475 -0.1480
v -0.1858 0.7469 -0.1482
v -0.1857 0.7461 -0.1484
v -0.1857 0.7461 -0.1484
v -0.1857 0.7461 -0.1484
v -0.1857 0.7461 -0.1484
v -0.1843 0.7465 -0.1482
v -0.1843 0.7464 -0.1483
v -0.1843 0.7465 -0.1482
v -0.1380 0.8073 -0.2479
v -0.1286 0.8100 -0.2568
v -0.1072 0.7817 -0.2567
v -0.0633 0.7393 -0.2470
v -0.0625 0.7386 -0.2463
v -0.0628 0.7371 -0.2461
v -0.0628 0.7371 -0.2461
v -0.0615 0.7359 -0.2451
v -0.0606 0.7333 -0.2457
v -0.0606 0.7333 -0.2457
v -0.0606 0.7333 -0.2457
v -0.0606 0.7333 -0.2457
v -0.0606 0.7333 -0.2457
v -0.0616 0.7332 -0.2448
v -0.0614 0.7328 -0.2448
v -0.0608 0.7321 -0.2449
v -0.0612 0.7323 -0.2445
v -0.0607 0.7315 -0.2447
v -0.0606 0.7311 -0.2445
v -0.0609 0.7310 -0.2445
v -0.0606 0.7310 -0.2443
v -0.0605 0.7272 -0.2427
v -0.0602 0.7217 -0.2414
v -0.0602 0.7217 -0.2414
v -0.0597 0.7197 -0.2414
v -0.0597 0.7197 -0.2413
v -0.0585 0.7236 -0.2368
v -0.0597 0.7255 -0.2373
v -0.0597 0.7255 -0.2373
v -0.0597 0.7238 -0.2379
v -0.0624 0.7172 -0.2394
v -0.0625 0.7124 -0.2394
v -0.0595 0.7090 -0.2335
v -0.0599 0.7105 -0.2411
v -0.0586 0.7119 -0.2433
v -0.0586 0.7119 -0.2433
v -0.0579 0.7119 -0.2471
v -0.0414 0.6994 -0.2599
v 0.0252 0.6958 -0.2609
v 0.0336 0.6910 -0.2600
v 0.0591 0.6759 -0.2516
v 0.0618 0.6639 -0.2541
v 0.0946 0.6283 -0.2505
v 0.1121 0.6111 -0.2501
v 0.2385 0.5323 -0.2600
v 0.2463 0.5350 -0.2474
v 0.4785 0.3377 -0.5766
v 0.2180 0.0064 -0.8571
v 0.1978 -0.1229 -0.8726
v 0.2944 -0.4592 -0.7786
v 0.3168 -0.4748 -0.7637
v 0.3277 -0.4995 -0.7461
v 0.3424 -0.5035 -0.7366
v 0.3669 -0.4791 -0.7384
v 0.3668 -0.4791 -0.7384
v 0.4270 -0.5068 -0.6949
v 0.5461 -0.5654 -0.5685
v -0.7272 -0.5044 0.3702
v 0.7895 -0.5141 -0.1737
v 0.7853 -0.5505 0.0503
v 0.7367 -0.5804 0.2239
v 0.7551 -0.5534 0.2189
v 0.7539 -0.5591 0.2138
v 0.7463 -0.5646 0.2209
v 0.7462 -0.5646 0.2209
v 0.7084 -0.5870 0.2876
v 0.6855 -0.5839 0.3436
v 0.6831 -0.5483 0.3927
v 0.5626 -0.3613 0.6542
v 0.4277 -0.4084 0.7314
v -0.7283 -0.5484 0.3062
v 0.3396 -0.2987 0.8060
v 0.3061 -0.2336 0.8300
v 0.1842 -0.0485 0.8673
v 0.1012 0.0293 0.8684
v 0.3702 0.2782 0.6855
v 0.3702 0.2782 0.6855
v 0.3521 0.2741 0.6970
v 0.3910 0.4088 0.5366
v 0.4174 0.4810 0.3588
v 0.3923 0.5146 0.1625
v -0.0708 0.6641 0.2288
v -0.0708 0.6641 0.2288
v -0.1985 0.7572 0.1408
v -0.1976 0.7732 0.1344
v -0.1721 0.6816 0.1193
v -0.1723 0.6786 0.1183
v -0.1723 0.6786 0.1183
v -0.2495 0.8292 0.1174
v -0.2553 0.8330 0.1154
v -0.2639 0.8445 0.1116
v -0.2654 0.8419 0.1094
v -0.2655 0.8418 0.1095
v -0.2722 0.8422 0.1000
v -0.7086 -0.6242 -0.2151
v -0.2820 0.8359 0.0146
v -0.2647 0.8282 0.0003
v -0.2265 0.7531 -0.0198
v -0.2786 0.8161 -0.0532
v -0.2487 0.8311 -0.1462
v -0.1931 0.7717 -0.1461
v -0.1932 0.7717 -0.1461
v -0.1866 0.7511 -0.1476
v -0.1966 0.7661 -0.1672
v -0.1425 0.8102 -0.2466
v -0.1339 0.8107 -0.2536
v -0.0693 0.7300 -0.2483
v -0.0616 0.7352 -0.2455
v -0.0616 0.7352 -0.2455
v -0.0616 0.7332 -0.2448
v -0.0622 0.7328 -0.2446
v -0.0617 0.7331 -0.2448
v -0.0624 0.7318 -0.2443
v -0.0627 0.7323 -0.2442
v -0.0625 0.7325 -0.2444
v -0.0621 0.7314 -0.2442
v -0.0616 0.7315 -0.2442
v -0.0616 0.7315 -0.2442
v -0.0610 0.7274 -0.2430
v -0.0605 0.7275 -0.2433
v -0.0607 0.7269 -0.2422
v -0.0609 0.7269 -0.2421
v -0.0609 0.7269 -0.2422
v -0.0619 0.7272 -0.2414
v -0.0606 0.7237 -0.2393
v -0.0607 0.7237 -0.2395
v -0.0604 0.7234 -0.2394
v -0.0604 0.7234 -0.2394
v -0.0604 0.7234 -0.2394
v -0.0597 0.7238 -0.2379
v -0.0597 0.7238 -0.2379
v -0.0597 0.7238 -0.2379
v -0.0610 0.7238 -0.2375
v -0.0610 0.7238 -0.2375
v -0.0610 0.7238 -0.2375
v -0.0608 0.7087 -0.2416
v -0.0603 0.7091 -0.2380
v -0.0596 0.7097 -0.2414
v -0.0588 0.7101 -0.2415
v -0.0588 0.7101 -0.2415
v -0.0588 0.7091 -0.2424
v -0.0588 0.7091 -0.2424
v -0.0588 0.7085 -0.2425
v -0.0578 0.7095 -0.2471
v -0.0578 0.7095 -0.2471
v 0.0522 0.6741 -0.2548
v 0.0769 0.6546 -0.2524
v 0.0846 0.6533 -0.2500
v 0.0884 0.6504 -0.2487
v 0.1445 0.5867 -0.2446
v 0.1445 0.5867 -0.2446
v 0.2724 0.5269 -0.2431
v 0.3190 0.5179 -0.2403
v 0.3377 0.5169 -0.2110
v 0.4054 0.5127 -0.1958
v 0.3922 0.4562 -0.4728
v 0.4680 0.3170 -0.6028
v 0.4643 0.2878 -0.6337
v 0.4642 0.2876 -0.6335
v 0.3384 0.3328 -0.6712
v 0.3487 0.3082 -0.6861
v 0.3435 0.3116 -0.6859
v 0.2598 0.2202 -0.7786
v 0.3829 -0.4736 -0.7371
v 0.4334 -0.5184 -0.6863
v 0.5154 -0.5511 -0.6069
v -0.8031 -0.2929 -0.3651
v 0.7597 -0.5410 -0.2369
v 0.7731 -0.5408 -0.1888
v 0.7768 -0.5623 -0.0843
v 0.7873 -0.5498 -0.0293
v 0.6929 -0.5095 0.4204
v 0.5208 -0.3649 0.6862
v 0.3513 -0.2461 0.8117
v 0.2072 -0.1213 0.8652
v 0.1441 0.1026 0.8444
v 0.2093 0.1230 0.8244
v 0.2994 0.2140 0.7568
v -0.7897 0.0170 -0.4087
v 0.3660 0.2717 0.6921
v 0.3660 0.2717 0.6921
v -0.7694 0.1049 -0.4007
v -0.7965 0.0647 -0.3669
v -0.7968 0.0662 -0.3654
v -0.0726 0.6610 0.2290
v -0.7972 0.0686 -0.3628
v -0.0988 0.7246 0.2193
v -0.1902 0.7163 0.1409
v -0.1975 0.7732 0.1344
v -0.1701 0.7502 0.1235
v -0.1728 0.6787 0.1162
v -0.1733 0.6813 0.1170
v -0.1734 0.6814 0.1168
v -0.1731 0.6809 0.1164
v -0.1727 0.6816 0.1170
v -0.1732 0.6835 0.1171
v -0.1736 0.6848 0.1169
v -0.2315 0.8131 0.1210
v -0.2435 0.8216 0.1186
v -0.2495 0.8292 0.1173
v -0.2552 0.8331 0.1154
v -0.2630 0.8407 0.1115
v -0.2630 0.8407 0.1115
v -0.2668 0.8269 0.0000
v -0.2719 0.8224 0.0000
v -0.2569 0.8156 -0.0078
v -0.2274 0.7588 -0.0186
v -0.2271 0.7569 -0.0188
v -0.2271 0.7569 -0.0188
v -0.2271 0.7569 -0.0188
v -0.2282 0.7581 -0.0210
v -0.2271 0.7567 -0.0205
v -0.2271 0.7567 -0.0205
v -0.2581 0.7991 -0.0307
v -0.2774 0.8182 -0.0643
v -0.2774 0.8181 -0.0638
v -0.2774 0.8183 -0.0645
v -0.2756 0.8178 -0.0709
v -0.1960 0.7716 -0.1521
v -0.1876 0.7505 -0.1485
v -0.1880 0.7511 -0.1477
v -0.1869 0.7522 -0.1477
v -0.1871 0.7532 -0.1498
v -0.1867 0.7510 -0.1489
v -0.1285 0.8101 -0.2567
v -0.0810 0.7226 -0.2503
v -0.0634 0.7333 -0.2453
v -0.0634 0.7333 -0.2453
v -0.0634 0.7333 -0.2453
v -0.0634 0.7333 -0.2453
v -0.0616 0.7294 -0.2436
v -0.0616 0.7294 -0.2436
v -0.0616 0.7275 -0.2429
v -0.0616 0.7275 -0.2429
v -0.0619 0.7186 -0.2407
v -0.0610 0.7245 -0.2412
v -0.0609 0.7233 -0.2434
v -0.0605 0.7236 -0.2413
v -0.0605 0.7236 -0.2413
v -0.0608 0.7233 -0.2394
v -0.0624 0.7172 -0.2394
v -0.0602 0.7090 -0.2393
v -0.0590 0.7094 -0.2411
v -0.0590 0.7094 -0.2411
v -0.0585 0.7067 -0.2451
v -0.0586 0.7062 -0.2444
v -0.0584 0.7067 -0.2450
v -0.0561 0.6890 -0.2508
v -0.0479 0.6872 -0.2567
v -0.0363 0.6947 -0.2600
v -0.0361 0.6947 -0.2602
v 0.0293 0.6972 -0.2606
v 0.1424 0.5810 -0.2508
v 0.4704 0.4854 -0.3010
v 0.3809 0.4914 -0.3961
v -0.7507 0.2087 -0.3443
v -0.7391 0.2731 -0.2845
v 0.4510 0.3800 -0.5498
v 0.4731 0.2850 -0.6285
v 0.4573 0.2848 -0.6414
v 0.4492 0.2880 -0.6443
v 0.4492 0.2880 -0.6443
v 0.4272 0.2892 -0.6580
v 0.3386 0.3144 -0.6860
v 0.3456 0.3102 -0.6860
v 0.3433 0.3118 -0.6860
v 0.3316 0.3000 -0.7017
v 0.2039 0.1353 -0.8291
v 0.1633 -0.1984 -0.8749
v 0.3579 -0.4913 -0.7382
v 0.4085 -0.4907 -0.7127
v -0.6863 0.3932 -0.0464
v 0.7590 -0.5101 -0.2930
v 0.7606 -0.5846 0.0929
v 0.6445 -0.4878 0.5120
v 0.5537 -0.4490 0.6291
v 0.5696 -0.3668 0.6467
v 0.4838 -0.3830 0.7065
v 0.2551 -0.3116 0.8309
v 0.2350 -0.1788 0.8564
v 0.3563 0.2641 0.7022
v 0.3563 0.2641 0.7022
v 0.3520 0.2740 0.6969
v 0.3449 0.2683 0.7041
v 0.3449 0.2683 0.7041
v 0.2786 0.5235 0.2372
v 0.1248 0.5603 0.2581
v 0.0087 0.6151 0.2510
v -0.7933 0.2032 0.2207
v -0.1982 0.7724 0.1357
v -0.1759 0.7412 0.1214
v -0.1620 0.7134 0.1237
v -0.1742 0.6826 0.1205
v -0.1730 0.6810 0.1179
v -0.1730 0.6810 0.1179
v -0.1730 0.6810 0.1179
v -0.1736 0.6855 0.1175
v -0.1736 0.6855 0.1175
v -0.1866 0.7430 0.1158
v -0.2262 0.8073 0.1217
v -0.2262 0.8073 0.1216
v -0.2294 0.8115 0.1211
v -0.2294 0.8115 0.1211
v -0.2315 0.8131 0.1210
v -0.2340 0.8138 0.1207
v -0.2341 0.8138 0.1208
v -0.2411 0.8214 0.1193
v -0.2481 0.8262 0.1165
v -0.2484 0.8261 0.1172
v -0.2506 0.8289 0.1159
v -0.2510 0.8287 0.1170
v -0.2533 0.8293 0.1154
v -0.2533 0.8293 0.1154
v -0.2581 0.8339 0.1138
v -0.2580 0.8340 0.1137
v -0.2620 0.8384 0.1116
v -0.2623 0.8382 0.1119
v -0.2789 0.8321 0.0716
v -0.2971 0.8457 0.0442
v -0.2660 0.8133 -0.0068
v -0.2395 0.7979 -0.0109
v -0.2265 0.7663 -0.0151
v -0.2756 0.8178 -0.0709
v -0.2515 0.8265 -0.1433
v -0.1913 0.7674 -0.1458
v -0.1913 0.7674 -0.1458
v -0.1875 0.7579 -0.1446
v -0.1873 0.7579 -0.1446
v -0.1875 0.7555 -0.1456
v -0.1876 0.7516 -0.1487
v -0.1872 0.7516 -0.1486
v -0.1876 0.7507 -0.1500
v -0.1933 0.7570 -0.1549
v -0.1892 0.7649 -0.1838
v -0.1381 0.8073 -0.2480
v -0.1381 0.8073 -0.2480
v -0.0870 0.7380 -0.2518
v -0.0616 0.7236 -0.2414
v -0.0620 0.7176 -0.2410
v -0.0623 0.7124 -0.2394
v -0.0602 0.7090 -0.2394
v -0.0597 0.7084 -0.2416
v -0.0597 0.7084 -0.2416
v -0.0597 0.7084 -0.2416
v -0.0597 0.7084 -0.2416
v -0.0597 0.7084 -0.2416
v -0.0597 0.7084 -0.2416
v -0.0605 0.7070 -0.2421
v -0.0603 0.7070 -0.2423
v -0.0603 0.7070 -0.2423
v -0.0591 0.7077 -0.2428
v -0.0591 0.7077 -0.2428
v -0.0591 0.7077 -0.2428
v -0.0591 0.7077 -0.2428
v -0.0587 0.7062 -0.2441
v -0.0590 0.7060 -0.2438
v -0.0587 0.7062 -0.2441
v -0.0568 0.6907 -0.2498
v -0.0520 0.6793 -0.2550
v -0.0333 0.6951 -0.2605
v -0.0293 0.6933 -0.2607
v 0.0213 0.6919 -0.2609
v 0.0213 0.6919 -0.2609
v 0.0252 0.6958 -0.2608
v 0.0336 0.6910 -0.2599
v 0.0724 0.6622 -0.2523
v 0.3353 0.5174 -0.2313
v 0.3782 0.5130 -0.2294
v 0.4242 0.2982 -0.6531
v 0.4438 0.2866 -0.6492
v 0.4438 0.2866 -0.6492
v 0.4111 0.3005 -0.6593
v 0.3714 0.3352 -0.6523
v 0.2473 0.1908 -0.7941
v 0.1584 0.0143 -0.8680
v -0.8256 0.0582 0.2860
v -0.8133 0.0497 0.3268
v 0.4638 -0.5426 -0.6500
v 0.7555 -0.5799 0.1420
v 0.7419 -0.5831 0.2036
v 0.6851 -0.5867 0.3420
v 0.6216 -0.4925 0.5362
v 0.5945 -0.4769 0.5759
v 0.6213 -0.4444 0.5659
v 0.4305 -0.4374 0.7162
v 0.3461 -0.3212 0.7981
v 0.2356 -0.2427 0.8498
v 0.0926 0.1073 0.8482
v 0.2549 0.2001 0.7801
v 0.2739 0.3389 0.6766
v 0.3239 0.4026 0.5834
v 0.3065 0.4538 0.5114
v 0.2760 0.4602 0.5165
v 0.3604 0.5142 0.2021
v 0.0274 0.5857 0.2599
v -0.0758 0.6542 0.2286
v -0.0758 0.6542 0.2286
v -0.1872 0.7247 0.1516
v -0.1986 0.7671 0.1362
v -0.1977 0.7704 0.1341
v -0.1977 0.7704 0.1341
v -0.1975 0.7681 0.1326
v -0.1975 0.7681 0.1326
v -0.1861 0.7595 0.1235
v -0.1724 0.6862 0.1193
v -0.1744 0.6872 0.1207
v -0.1748 0.6862 0.1191
v -0.1731 0.6884 0.1188
v -0.1734 0.6883 0.1190
v -0.1736 0.6882 0.1187
v -0.1738 0.6886 0.1183
v -0.1738 0.6886 0.1183
v -0.1736 0.6887 0.1182
v -0.1740 0.6887 0.1186
v -0.1809 0.7151 0.1074
v -0.1924 0.7569 0.1196
v -0.2231 0.8036 0.1215
v -0.2293 0.8093 0.1213
v -0.2293 0.8093 0.1214
v -0.7403 -0.3916 0.4335
v -0.2407 0.8187 0.1197
v -0.2375 0.8177 0.1201
v -0.2375 0.8177 0.1201
v -0.2406 0.8188 0.1193
v -0.2411 0.8214 0.1193
v -0.2434 0.8216 0.1185
v -0.2776 0.8273 0.0076
v -0.2529 0.8096 -0.0101
v -0.2274 0.7588 -0.0186
v -0.2274 0.7588 -0.0186
v -0.2284 0.7594 -0.0197
v -0.2281 0.7592 -0.0201
v -0.2284 0.7594 -0.0196
v -0.2285 0.7595 -0.0197
v -0.2284 0.7594 -0.0194
v -0.2283 0.7595 -0.0195
v -0.2284 0.7594 -0.0194
v -0.2279 0.7588 -0.0204
v -0.2279 0.7588 -0.0204
v -0.2279 0.7588 -0.0204
v -0.2279 0.7588 -0.0204
v -0.2229 0.8085 -0.1553
v -0.1931 0.7695 -0.1487
v -0.1931 0.7695 -0.1487
v -0.1912 0.7657 -0.1479
v -0.1913 0.7657 -0.1479
v -0.1866 0.7529 -0.1499
v -0.1870 0.7532 -0.1500
v -0.1866 0.7529 -0.1499
v -0.1870 0.7537 -0.1498
v -0.1870 0.7534 -0.1502
v -0.1920 0.7590 -0.1539
v -0.1741 0.7808 -0.2056
v -0.1369 0.7857 -0.2341
v -0.1361 0.7905 -0.2379
v -0.1385 0.7960 -0.2396
v -0.1385 0.7960 -0.2396
v -0.1362 0.8013 -0.2452
v -0.1362 0.8013 -0.2452
v -0.0627 0.7176 -0.2413
v -0.0626 0.7175 -0.2415
v -0.0608 0.7149 -0.2418
v -0.0629 0.7157 -0.2414
v -0.0627 0.7118 -0.2415
v -0.0624 0.7120 -0.2414
v -0.0619 0.7105 -0.2416
v -0.0610 0.7083 -0.2415
v -0.0610 0.7073 -0.2416
v -0.0610 0.7083 -0.2415
v -0.0597 0.7063 -0.2431
v -0.0597 0.7063 -0.2431
v -0.0597 0.7063 -0.2431
v -0.0597 0.7063 -0.2431
v -0.0597 0.7063 -0.2431
v -0.0599 0.7030 -0.2443
v -0.0594 0.7046 -0.2451
v -0.0592 0.7045 -0.2442
v -0.0588 0.7046 -0.2443
v -0.0588 0.7046 -0.2443
v -0.0583 0.7034 -0.2439
v -0.0585 0.7020 -0.2456
v -0.0569 0.6907 -0.2499
v -0.0561 0.6890 -0.2508
v -0.0478 0.6872 -0.2567
v -0.0449 0.6902 -0.2579
v -0.0293 0.6933 -0.2605
v -0.0253 0.6950 -0.2609
v -0.0253 0.6950 -0.2609
v -0.0208 0.6988 -0.2612
v -0.0208 0.6988 -0.2612
v 0.0026 0.6895 -0.2606
v 0.0177 0.6913 -0.2610
v 0.0177 0.6913 -0.2610
v 0.0294 0.6869 -0.2604
v 0.0293 0.6869 -0.2603
v 0.0522 0.6741 -0.2548
v 0.0533 0.6697 -0.2551
v 0.1384 0.5841 -0.2500
v 0.1386 0.5843 -0.2502
v 0.1758 0.5509 -0.2677
v 0.4203 0.5077 -0.2386
v 0.4319 0.3244 -0.6245
v 0.4272 0.2892 -0.6579
v 0.4031 0.3052 -0.6599
v 0.4031 0.3052 -0.6599
v 0.3129 0.2722 -0.7256
v -0.7339 -0.5218 0.3320
v 0.1633 -0.1116 -0.8779
v 0.1702 -0.2550 -0.8672
v 0.2696 -0.2941 -0.8402
v 0.2794 -0.4524 -0.7874
v 0.2942 -0.4870 -0.7636
v -0.6933 -0.5861 0.3325
v 0.7716 -0.5443 0.1639
v 0.5880 -0.5175 0.5535
v 0.0861 -0.0553 0.8805
v 0.0722 0.0509 0.8667
v 0.3368 0.2591 0.7140
v 0.3368 0.2591 0.7140
v 0.3320 0.2687 0.7090
v 0.2502 0.3279 0.6961
v 0.2651 0.4746 0.4887
v 0.3244 0.4680 0.4842
v 0.3670 0.4698 0.4473
v 0.4106 0.5084 0.2415
v 0.3386 0.5169 0.2137
v 0.1159 0.5527 0.2719
v 0.0087 0.5955 0.2587
v -0.0290 0.6097 0.2494
v -0.0347 0.6027 0.2511
v -0.0798 0.6522 0.2272
v -0.0798 0.6522 0.2271
v -0.1183 0.6958 0.2049
v -0.1770 0.7164 0.1217
v -0.1734 0.6890 0.1190
v -0.1736 0.6894 0.1191
v -0.2231 0.8036 0.1215
v -0.2831 0.8298 0.0270
v -0.2555 0.8143 -0.0079
v -0.2555 0.8143 -0.0079
v -0.2287 0.7608 -0.0192
v -0.2295 0.7614 -0.0206
v -0.2287 0.7610 -0.0204
v -0.2287 0.7610 -0.0204
v -0.2282 0.7608 -0.0212
v -0.2282 0.7607 -0.0212
v -0.2729 0.8128 -0.0729
v -0.2728 0.8128 -0.0729
v -0.2567 0.8187 -0.1220
v -0.2138 0.7902 -0.1570
v -0.2002 0.7692 -0.1552
v -0.1903 0.7568 -0.1514
v -0.1901 0.7645 -0.1456
v -0.1901 0.7645 -0.1456
v -0.1892 0.7616 -0.1461
v -0.1892 0.7616 -0.1461
v -0.1878 0.7552 -0.1473
v -0.1878 0.7552 -0.1473
v -0.1878 0.7552 -0.1473
v -0.1879 0.7529 -0.1493
v -0.1879 0.7529 -0.1493
v -0.1879 0.7529 -0.1493
v -0.1879 0.7529 -0.1493
v -0.1881 0.7534 -0.1499
v -0.1879 0.7529 -0.1493
v -0.1877 0.7535 -0.1503
v -0.1936 0.7514 -0.1687
v -0.1361 0.7905 -0.2379
v -0.0644 0.7186 -0.2440
v -0.0627 0.7138 -0.2414
v -0.0615 0.7062 -0.2435
v -0.0615 0.7062 -0.2435
v -0.0615 0.7062 -0.2435
v -0.0608 0.7028 -0.2446
v -0.0611 0.7026 -0.2441
v -0.0605 0.7029 -0.2442
v -0.0602 0.7028 -0.2443
v -0.0597 0.7023 -0.2452
v -0.0590 0.7033 -0.2445
v -0.0585 0.7020 -0.2456
v -0.0585 0.7020 -0.2456
v -0.0585 0.7020 -0.2456
v -0.0590 0.6943 -0.2468
v -0.0589 0.6935 -0.2467
v -0.0498 0.6785 -0.2561
v -0.0497 0.6785 -0.2559
v -0.0410 0.6916 -0.2591
v -0.0409 0.6916 -0.2588
v -0.0078 0.6953 -0.2608
v -0.0078 0.6953 -0.2608
v 0.0117 0.6914 -0.2609
v 0.0117 0.6914 -0.2609
v 0.0355 0.6702 -0.2593
v 0.0533 0.6697 -0.2551
v 0.0620 0.6638 -0.2541
v 0.0680 0.6578 -0.2545
v 0.0678 0.6577 -0.2536
v 0.1057 0.5872 -0.2661
v 0.1423 0.5809 -0.2507
v 0.1684 0.5503 -0.2697
v 0.1758 0.5508 -0.2677
v 0.2038 0.5388 -0.2677
v 0.2643 0.5274 -0.2618
v 0.2986 0.5172 -0.2758
v 0.3598 0.4433 -0.5219
v 0.4320 0.2921 -0.6526
v 0.4320 0.2921 -0.6526
v 0.3960 0.3139 -0.6570
v 0.3960 0.3139 -0.6570
v 0.3917 0.3174 -0.6564
v 0.3917 0.3175 -0.6565
v 0.3817 0.3275 -0.6530
v 0.2156 0.2156 -0.7927
v -0.7456 -0.5018 -0.3367
v 0.2662 -0.3621 -0.8221
v 0.5294 -0.5737 -0.5772
v 0.5809 -0.5805 -0.5177
v 0.5755 -0.5659 -0.5343
v -0.7664 -0.3792 -0.4001
v 0.5740 -0.5722 -0.5291
v 0.6400 -0.5528 -0.4724
v 0.6639 -0.5353 -0.4514
v 0.7565 -0.5954 -0.0834
v 0.7440 -0.6048 0.1043
v 0.3646 -0.4490 0.7454
v 0.2150 -0.2181 0.8588
v 0.1864 0.1563 0.8175
v 0.3202 0.2734 0.7106
v 0.3202 0.2734 0.7106
v -0.7576 0.0243 -0.4623
v 0.3244 0.5146 0.2729
v 0.2471 0.5291 0.2467
v -0.0779 0.6283 0.2326
v -0.0802 0.6397 0.2289
v -0.0802 0.6397 0.2289
v -0.0818 0.6467 0.2269
v -0.0818 0.6467 0.2270
v -0.1005 0.6728 0.2142
v -0.1700 0.7482 0.1732
v -0.1749 0.6984 0.1195
v -0.2102 0.7823 0.1231
v -0.2156 0.7920 0.1220
v -0.2151 0.7914 0.1225
v -0.2184 0.7965 0.1218
v -0.2184 0.7965 0.1218
v -0.2233 0.8017 0.1217
v -0.2233 0.8017 0.1218
v -0.2604 0.8189 0.0856
v -0.2807 0.8263 0.0157
v -0.2567 0.8145 -0.0081
v -0.2549 0.8115 -0.0092
v -0.2549 0.8115 -0.0092
v -0.7955 0.0598 -0.3718
v -0.2294 0.7629 -0.0190
v -0.2296 0.7631 -0.0196
v -0.2294 0.7629 -0.0190
v -0.2294 0.7629 -0.0190
v -0.2295 0.7629 -0.0203
v -0.2295 0.7629 -0.0203
v -0.2522 0.8219 -0.1393
v -0.1889 0.7551 -0.1502
v -0.1894 0.7557 -0.1501
v -0.1889 0.7550 -0.1496
v -0.1887 0.7549 -0.1502
v -0.1881 0.7536 -0.1504
v -0.1881 0.7536 -0.1504
v -0.1867 0.7548 -0.1505
v -0.1907 0.7596 -0.1532
v -0.1934 0.7472 -0.1649
v -0.1933 0.7514 -0.1686
v -0.1912 0.7473 -0.1725
v -0.1369 0.7857 -0.2342
v -0.1016 0.7554 -0.2506
v -0.0909 0.7408 -0.2515
v -0.0635 0.7074 -0.2451
v -0.0637 0.7088 -0.2447
v -0.0596 0.7021 -0.2447
v -0.0596 0.7021 -0.2447
v -0.0596 0.7021 -0.2447
v -0.0596 0.7021 -0.2447
v -0.0596 0.6962 -0.2462
v -0.0597 0.6990 -0.2454
v -0.0597 0.6990 -0.2454
v -0.0606 0.6931 -0.2466
v -0.0608 0.6930 -0.2461
v -0.0606 0.6932 -0.2476
v -0.0584 0.6923 -0.2478
v -0.0589 0.6920 -0.2484
v -0.0584 0.6923 -0.2478
v -0.0588 0.6873 -0.2484
v -0.0586 0.6887 -0.2483
v -0.0586 0.6887 -0.2483
v -0.0586 0.6887 -0.2483
v -0.0570 0.6776 -0.2520
v -0.0570 0.6776 -0.2520
v -0.0576 0.6735 -0.2524
v -0.0577 0.6731 -0.2520
v -0.0519 0.6793 -0.2549
v -0.0196 0.6914 -0.2609
v -0.0196 0.6914 -0.2608
v 0.0136 0.6831 -0.2609
v 0.0136 0.6831 -0.2612
v 0.0266 0.6738 -0.2608
v 0.0293 0.6793 -0.2603
v 0.0293 0.6793 -0.2603
v 0.0500 0.6691 -0.2557
v 0.0501 0.6691 -0.2560
v 0.0827 0.6177 -0.2571
v 0.1341 0.5802 -0.2559
v 0.1341 0.5802 -0.2559
v 0.3588 0.5138 -0.2247
v 0.3731 0.4884 -0.4106
v 0.3585 0.4644 -0.4837
v 0.4060 0.4481 -0.4812
v 0.4241 0.2981 -0.6529
v 0.4110 0.3003 -0.6591
v 0.4026 0.3102 -0.6560
v 0.4026 0.3102 -0.6560
v 0.3755 0.3364 -0.6487
v 0.2742 -0.3963 -0.8088
v 0.2648 -0.4210 -0.8023
v 0.3632 -0.5217 -0.7218
v -0.7315 0.2428 -0.3463
v 0.6182 -0.5634 -0.4899
v -0.7565 0.2581 -0.2532
v 0.7579 -0.5729 -0.1691
v 0.7747 -0.5716 0.0124
v 0.7130 -0.6061 0.2428
v 0.7156 -0.6030 0.2437
v 0.7063 -0.6045 0.2691
v 0.4073 -0.4577 0.7169
v 0.1264 -0.0987 0.8774
v 0.0281 0.0551 0.8664
v 0.0220 0.0678 0.8627
v 0.0072 0.0630 0.8663
v 0.2710 0.2690 0.7329
v 0.2329 0.3009 0.7210
v 0.2151 0.3329 0.6987
v 0.2398 0.3501 0.6770
v 0.2398 0.3501 0.6772
v 0.2657 0.4870 0.4638
v 0.4683 0.4802 0.3106
v 0.2860 0.5169 0.2772
v 0.1812 0.5413 0.2584
v -0.0779 0.6283 0.2325
v -0.0793 0.6252 0.2329
v -0.0794 0.6252 0.2329
v -0.0820 0.6346 0.2291
v -0.0820 0.6346 0.2291
v -0.0851 0.6364 0.2271
v -0.0851 0.6364 0.2271
v -0.0838 0.6410 0.2269
v -0.0838 0.6410 0.2269
v -0.1977 0.7629 0.1318
v -0.1977 0.7629 0.1318
v -0.1745 0.6980 0.1195
v -0.1745 0.6956 0.1182
v -0.1745 0.6956 0.1182
v -0.2136 0.7861 0.1225
v -0.2137 0.7861 0.1227
v -0.2179 0.7940 0.1220
v -0.2179 0.7940 0.1220
v -0.2666 0.8128 0.0647
v -0.2774 0.8236 0.0069
v -0.2776 0.8272 0.0076
v -0.2570 0.8141 -0.0082
v -0.2530 0.8076 -0.0110
v -0.2529 0.8095 -0.0100
v -0.2441 0.8010 -0.0120
v -0.2302 0.7638 -0.0196
v -0.2303 0.7637 -0.0195
v -0.2303 0.7638 -0.0198
v -0.2303 0.7637 -0.0195
v -0.2308 0.7664 -0.0217
v -0.2679 0.8001 -0.0666
v -0.1896 0.7557 -0.1505
v -0.1896 0.7558 -0.1504
v -0.1886 0.7550 -0.1506
v -0.1886 0.7550 -0.1506
v -0.1886 0.7550 -0.1506
v -0.1886 0.7550 -0.1506
v -0.1938 0.7485 -0.1631
v -0.1938 0.7485 -0.1631
v -0.1933 0.7472 -0.1649
v -0.1354 0.7827 -0.2336
v -0.1354 0.7826 -0.2336
v -0.1124 0.7748 -0.2498
v -0.1088 0.7685 -0.2500
v -0.0920 0.7446 -0.2521
v -0.0615 0.7021 -0.2448
v -0.0615 0.7021 -0.2448
v -0.0595 0.6962 -0.2461
v -0.0610 0.6929 -0.2463
v -0.0597 0.6924 -0.2469
v -0.0595 0.6888 -0.2478
v -0.0595 0.6888 -0.2478
v -0.0595 0.6888 -0.2478
v -0.0599 0.6866 -0.2481
v -0.0599 0.6866 -0.2481
v -0.0599 0.6866 -0.2481
v -0.0603 0.6850 -0.2483
v -0.0588 0.6872 -0.2484
v -0.0588 0.6872 -0.2484
v -0.0588 0.6872 -0.2484
v -0.0582 0.6846 -0.2496
v -0.0582 0.6846 -0.2496
v -0.0584 0.6817 -0.2499
v -0.0584 0.6817 -0.2499
v -0.0563 0.6690 -0.2540
v -0.0563 0.6690 -0.2540
v -0.0550 0.6739 -0.2539
v -0.0550 0.6739 -0.2539
v -0.0305 0.6489 -0.2618
v -0.7955 0.1982 0.2269
v -0.7972 0.1951 0.2225
v 0.2855 0.5200 -0.2805
v 0.3105 0.5153 -0.2875
v 0.4109 0.4999 -0.3193
v 0.3788 0.4996 -0.3596
v 0.3880 0.3227 -0.6539
v 0.3880 0.3227 -0.6539
v 0.3817 0.3275 -0.6530
v 0.3660 0.3464 -0.6441
v 0.3660 0.3464 -0.6441
v -0.7646 0.2103 0.3014
v 0.1633 0.1954 -0.8131
v 0.1637 0.2170 -0.8040
v 0.0848 0.1184 -0.8521
v 0.0888 0.0465 -0.8698
v 0.1911 -0.2444 -0.8634
v 0.2572 -0.2369 -0.8511
v 0.7259 -0.5501 -0.3277
v 0.5558 -0.5073 0.5913
v 0.5122 -0.4636 0.6530
v 0.3918 -0.4418 0.7351
v 0.3135 -0.4177 0.7807
v -0.7947 -0.0194 0.4000
v 0.0987 -0.1367 0.8811
v 0.0630 -0.0173 0.8786
v 0.0044 0.0315 0.8724
v 0.0794 0.1542 0.8343
v 0.2372 0.3484 0.6797
v 0.4004 0.5031 0.2950
v 0.2309 0.5265 0.2658
v -0.0803 0.6299 0.2311
v -0.0802 0.6299 0.2311
v -0.1335 0.7401 0.1971
v -0.1603 0.7301 0.1785
v -0.1916 0.7324 0.1246
v -0.1964 0.7435 0.1316
v -0.1979 0.7574 0.1300
v -0.1767 0.7061 0.1205
v -0.1753 0.6980 0.1182
v -0.1753 0.6980 0.1182
v -0.1753 0.6981 0.1182
v -0.1781 0.7039 0.1182
v -0.1850 0.7168 0.1133
v -0.1895 0.7444 0.1210
v -0.1895 0.7444 0.1209
v -0.1994 0.7672 0.1236
v -0.2102 0.7823 0.1235
v -0.2212 0.7815 0.1210
v -0.2442 0.8110 0.1147
v -0.2530 0.8076 -0.0109
v -0.2511 0.8057 -0.0116
v -0.2318 0.7676 -0.0194
v -0.2306 0.7649 -0.0197
v -0.2305 0.7647 -0.0196
v -0.2306 0.7649 -0.0202
v -0.2305 0.7658 -0.0215
v -0.2698 0.8066 -0.0722
v -0.2698 0.8066 -0.0722
v -0.2244 0.7986 -0.1563
v -0.1926 0.7572 -0.1532
v -0.1897 0.7557 -0.1506
v -0.1897 0.7557 -0.1506
v -0.1888 0.7569 -0.1515
v -0.1888 0.7569 -0.1515
v -0.1888 0.7569 -0.1515
v -0.1888 0.7568 -0.1516
v -0.1946 0.7530 -0.1592
v -0.1945 0.7530 -0.1592
v -0.1939 0.7485 -0.1611
v -0.1939 0.7485 -0.1611
v -0.1124 0.7748 -0.2498
v -0.1088 0.7685 -0.2500
v -0.1053 0.7621 -0.2502
v -0.1015 0.7555 -0.2504
v -0.0883 0.7402 -0.2520
v -0.0870 0.7380 -0.2518
v -0.0869 0.7304 -0.2507
v -0.0616 0.6964 -0.2461
v -0.0619 0.6866 -0.2480
v -0.0615 0.6884 -0.2476
v -0.0615 0.6884 -0.2476
v -0.0615 0.6884 -0.2476
v -0.0619 0.6866 -0.2481
v -0.0619 0.6866 -0.2481
v -0.0615 0.6846 -0.2484
v -0.0615 0.6846 -0.2484
v -0.0615 0.6846 -0.2484
v -0.0615 0.6846 -0.2484
v -0.0615 0.6846 -0.2484
v -0.0603 0.6850 -0.2483
v -0.0602 0.6847 -0.2484
v -0.0603 0.6850 -0.2490
v -0.0596 0.6792 -0.2499
v -0.0605 0.6757 -0.2503
v -0.0605 0.6757 -0.2503
v -0.0596 0.6573 -0.2546
v -0.0504 0.6752 -0.2560
v -0.0504 0.6752 -0.2560
v 0.0266 0.6738 -0.2608
v 0.1268 0.5783 -0.2611
v 0.4099 0.5059 -0.2824
v 0.3959 0.5007 -0.3403
v 0.3533 0.4856 -0.4408
v 0.3316 0.4312 -0.5637
v 0.3803 0.3328 -0.6489
v 0.3803 0.3328 -0.6490
v 0.3723 0.3414 -0.6455
v 0.3723 0.3414 -0.6455
v 0.3687 0.3446 -0.6444
v 0.3687 0.3446 -0.6444
v 0.3555 0.3597 -0.6362
v 0.3249 0.3259 -0.6808
v 0.3070 0.3161 -0.6978
v 0.1299 0.2128 -0.8084
v 0.1158 -0.0789 -0.8827
v 0.2379 -0.4460 -0.8016
v 0.2707 -0.4787 -0.7773
v 0.3088 -0.4970 -0.7570
v 0.4090 -0.5180 -0.6988
v 0.4455 -0.5441 -0.6631
v 0.7225 -0.6002 0.2296
v 0.5611 -0.4919 0.5965
v 0.5760 -0.4628 0.5993
v 0.5733 -0.4633 0.6016
v 0.5735 -0.4633 0.6013
v 0.5453 -0.4713 0.6248
v 0.4015 -0.4661 0.7149
v 0.3272 -0.3725 0.7901
v 0.2610 -0.3788 0.8116
v 0.2524 -0.3643 0.8173
v 0.1904 -0.2077 0.8637
v 0.1578 -0.2043 0.8719
v -0.0042 0.1052 0.8546
v 0.2382 0.2565 0.7516
v 0.2833 0.2822 0.7192
v 0.2833 0.2822 0.7192
v -0.7394 -0.5409 0.2965
v 0.2186 0.4016 0.6336
v 0.2282 0.4266 0.6000
v 0.0188 0.5633 0.2805
v -0.1045 0.6331 0.2180
v -0.1979 0.7566 0.1302
v -0.1977 0.7597 0.1305
v -0.1903 0.7309 0.1244
v -0.1969 0.7582 0.1294
v -0.1969 0.7582 0.1294
v -0.1926 0.7521 0.1243
v -0.1903 0.7309 0.1244
v -0.1914 0.7458 0.1232
v -0.1914 0.7458 0.1232
v -0.1914 0.7458 0.1232
v -0.1914 0.7458 0.1231
v -0.1914 0.7458 0.1231
v -0.1914 0.7458 0.1231
v -0.2506 0.8126 0.1070
v -0.2729 0.8144 0.0000
v -0.2535 0.7953 -0.0151
v -0.2512 0.8057 -0.0115
v -0.2315 0.7670 -0.0197
v -0.2313 0.7669 -0.0191
v -0.2313 0.7669 -0.0191
v -0.2322 0.7674 -0.0201
v -0.2315 0.7669 -0.0203
v -0.2653 0.7950 -0.0416
v -0.2526 0.8093 -0.1061
v -0.6630 -0.6661 0.2509
v -0.1904 0.7568 -0.1513
v -0.1904 0.7568 -0.1513
v -0.1904 0.7568 -0.1513
v -0.1904 0.7568 -0.1513
v -0.1894 0.7576 -0.1523
v -0.1894 0.7576 -0.1523
v -0.1897 0.7577 -0.1516
v -0.1932 0.7530 -0.1553
v -0.1935 0.7480 -0.1587
v -0.1935 0.7480 -0.1587
v -0.1930 0.7470 -0.1573
v -0.1916 0.7459 -0.1707
v -0.1916 0.7459 -0.1707
v -0.1389 0.7706 -0.2243
v -0.1387 0.7711 -0.2247
v -0.1386 0.7709 -0.2246
v -0.1188 0.7773 -0.2456
v -0.1188 0.7773 -0.2457
v -0.1132 0.7701 -0.2471
v -0.1133 0.7701 -0.2472
v -0.1055 0.7620 -0.2504
v -0.1038 0.7562 -0.2491
v -0.1037 0.7562 -0.2490
v -0.0955 0.7440 -0.2504
v -0.0955 0.7440 -0.2504
v -0.0928 0.7426 -0.2512
v -0.0928 0.7426 -0.2512
v -0.0909 0.7408 -0.2514
v -0.0654 0.6871 -0.2489
v -0.0597 0.6843 -0.2487
v -0.0616 0.6750 -0.2504
v 0.0272 0.6699 -0.2609
v 0.0272 0.6699 -0.2609
v 0.0356 0.6702 -0.2595
v 0.1268 0.5783 -0.2611
v 0.1775 0.5418 -0.2809
v 0.2921 0.5193 -0.2875
v 0.3596 0.3965 -0.5911
v 0.3755 0.3364 -0.6487
v 0.2773 0.3053 -0.7194
v 0.1147 -0.0193 -0.8775
v 0.1119 -0.1573 -0.8834
v 0.0965 -0.2161 -0.8820
v 0.1555 -0.2803 -0.8660
v 0.2185 -0.3178 -0.8481
v 0.3970 -0.5269 -0.6987
v 0.4442 -0.6014 -0.6232
v 0.6901 -0.5438 -0.4081
v -0.6577 -0.7178 -0.0749
v 0.7281 -0.5739 -0.2825
v 0.7330 -0.6350 -0.0057
v 0.6465 -0.5780 0.4284
v 0.6144 -0.5513 0.5013
v 0.5412 -0.5379 0.5837
v 0.5720 -0.4635 0.6028
v 0.5141 -0.4698 0.6496
v 0.4255 -0.4696 0.7053
v 0.3973 -0.4736 0.7134
v 0.3973 -0.4736 0.7134
v 0.4001 -0.4672 0.7147
v 0.3999 -0.4673 0.7148
v 0.3016 -0.4229 0.7828
v 0.1518 -0.1642 0.8757
v 0.0770 -0.1828 0.8811
v 0.0313 -0.1143 0.8866
v 0.1847 0.2416 0.7754
v 0.1996 0.2472 0.7680
v 0.2709 0.2688 0.7327
v 0.2079 0.3089 0.7240
v 0.2064 0.3745 0.6624
v 0.2436 0.4733 0.5172
v 0.2466 0.4902 0.4674
v 0.3047 0.4893 0.4430
v 0.3782 0.5096 0.2735
v 0.1585 0.5342 0.2839
v 0.0508 0.5584 0.2829
v 0.0074 0.5788 0.2696
v -0.0396 0.5925 0.2561
v -0.0853 0.6275 0.2292
v -0.0854 0.6275 0.2292
v -0.1244 0.6618 0.2042
v -0.1896 0.7227 0.1249
v -0.1885 0.7213 0.1243
v -0.1752 0.6986 0.1191
v -0.1748 0.6983 0.1194
v -0.1757 0.6991 0.1191
v -0.1755 0.6998 0.1193
v -0.1897 0.7430 0.1220
v -0.1897 0.7430 0.1220
v -0.1897 0.7430 0.1220
v -0.1898 0.7425 0.1222
v -0.1897 0.7430 0.1220
v -0.1885 0.7430 0.1225
v -0.1885 0.7430 0.1225
v -0.1887 0.7412 0.1224
v -0.1894 0.7426 0.1233
v -0.1890 0.7413 0.1223
v -0.1913 0.7326 0.1249
v -0.1913 0.7326 0.1249
v -0.1922 0.7509 0.1222
v -0.1921 0.7509 0.1223
v -0.2801 0.8280 0.0520
v -0.2441 0.8009 -0.0119
v -0.2308 0.7721 -0.0159
v -0.2306 0.7690 -0.0173
v -0.2306 0.7690 -0.0173
v -0.2324 0.7676 -0.0195
v -0.2323 0.7677 -0.0196
v -0.2323 0.7677 -0.0196
v -0.2323 0.7677 -0.0196
v -0.2317 0.7686 -0.0213
v -0.2309 0.7688 -0.0203
v -0.2319 0.7682 -0.0209
v -0.2319 0.7682 -0.0209
v -0.2684 0.8023 -0.0706
v -0.2679 0.8026 -0.0704
v -0.2382 0.8105 -0.1510
v -0.2018 0.7569 -0.1550
v -0.1916 0.7572 -0.1525
v -0.1911 0.7571 -0.1523
v -0.1907 0.7571 -0.1526
v -0.1909 0.7582 -0.1539
v -0.1938 0.7503 -0.1577
v -0.1938 0.7503 -0.1577
v -0.1913 0.7473 -0.1726
v -0.1351 0.7713 -0.2279
v -0.1351 0.7713 -0.2279
v -0.1253 0.7756 -0.2390
v -0.1253 0.7756 -0.2390
v -0.0889 0.7373 -0.2512
v -0.0889 0.7373 -0.2512
v -0.0810 0.7226 -0.2503
v -0.0616 0.6963 -0.2461
v -0.0644 0.6837 -0.2492
v -0.0644 0.6837 -0.2492
v -0.0718 0.6705 -0.2517
v 0.0262 0.6546 -0.2628
v 0.1195 0.5716 -0.2710
v 0.1343 0.5639 -0.2714
v 0.1566 0.5511 -0.2763
v 0.2807 0.5161 -0.2998
v 0.3367 0.4710 -0.4815
v 0.3275 0.4723 -0.4901
v 0.4140 0.3753 -0.5787
v 0.3738 0.3439 -0.6416
v 0.3739 0.3440 -0.6417
v 0.3691 0.3484 -0.6401
v 0.3691 0.3484 -0.6401
v 0.3655 0.3515 -0.6390
v 0.3655 0.3515 -0.6390
v 0.2298 0.2533 -0.7673
v 0.1602 -0.3015 -0.8608
v 0.2469 -0.3638 -0.8284
v 0.1845 -0.3603 -0.8447
v 0.3136 -0.5188 -0.7426
v 0.3149 -0.5210 -0.7401
v 0.3192 -0.5196 -0.7389
v 0.4163 -0.5544 -0.6742
v 0.4027 -0.5595 -0.6764
v 0.4573 -0.5627 -0.6437
v 0.4564 -0.5649 -0.6431
v 0.4576 -0.5622 -0.6439
v -0.7882 -0.3336 -0.3753
v 0.7222 -0.6205 -0.1919
v 0.7225 -0.6477 0.0364
v 0.7111 -0.6101 0.2422
v 0.7122 -0.6083 0.2426
v 0.6427 -0.6224 0.3753
v 0.5342 -0.5247 0.5955
v 0.1987 -0.3341 0.8387
v 0.1781 -0.3257 0.8466
v 0.1185 0.1933 0.8132
v 0.1927 0.2422 0.7730
v 0.1927 0.2423 0.7730
v 0.2382 0.2564 0.7514
v 0.2580 0.2742 0.7332
v 0.2579 0.2742 0.7332
v 0.3604 0.4944 0.3771
v 0.1944 0.5318 0.2770
v 0.1293 0.5344 0.3037
v -0.7632 -0.2437 -0.4583
v -0.0595 0.5839 0.2539
v -0.0972 0.6296 0.2227
v -0.0972 0.6296 0.2227
v -0.1884 0.7213 0.1245
v -0.1884 0.7213 0.1245
v -0.1761 0.7003 0.1193
v -0.1884 0.7344 0.1198
v -0.1893 0.7394 0.1212
v -0.1895 0.7395 0.1211
v -0.1895 0.7412 0.1220
v -0.1895 0.7412 0.1220
v -0.1897 0.7406 0.1226
v -0.1896 0.7408 0.1233
v -0.1899 0.7404 0.1236
v -0.1906 0.7349 0.1239
v -0.1906 0.7348 0.1239
v -0.1916 0.7349 0.1246
v -0.1916 0.7349 0.1246
v -0.1922 0.7389 0.1241
v -0.1931 0.7406 0.1250
v -0.1965 0.7539 0.1289
v -0.1965 0.7539 0.1289
v -0.1931 0.7513 0.1246
v -0.1939 0.7511 0.1247
v -0.1934 0.7507 0.1266
v -0.1932 0.7515 0.1249
v -0.1922 0.7529 0.1245
v -0.1925 0.7509 0.1239
v -0.1918 0.7490 0.1234
v -0.1922 0.7509 0.1222
v -0.1947 0.7558 0.1235
v -0.2099 0.7774 0.1238
v -0.2099 0.7774 0.1239
v -0.2759 0.8172 0.0202
v -0.2689 0.8016 -0.0015
v -0.2491 0.7979 -0.0150
v -0.2492 0.8008 -0.0136
v -0.2492 0.8007 -0.0134
v -0.2471 0.7996 -0.0140
v -0.2471 0.7996 -0.0139
v -0.2306 0.7721 -0.0157
v -0.2325 0.7717 -0.0175
v -0.2325 0.7717 -0.0175
v -0.2328 0.7689 -0.0199
v -0.2327 0.7687 -0.0193
v -0.2326 0.7686 -0.0197
v -0.2327 0.7688 -0.0203
v -0.2325 0.7693 -0.0209
v -0.2328 0.7698 -0.0213
v -0.2325 0.7694 -0.0214
v -0.2325 0.7694 -0.0214
v -0.2334 0.7732 -0.0224
v -0.2499 0.7928 -0.0269
v -0.2635 0.7896 -0.0503
v -0.2676 0.8003 -0.0666
v -0.1926 0.7571 -0.1533
v -0.1926 0.7571 -0.1533
v -0.1931 0.7570 -0.1550
v -0.1929 0.7567 -0.1549
v -0.1933 0.7528 -0.1553
v -0.1930 0.7470 -0.1573
v -0.1916 0.7419 -0.1564
v -0.1899 0.7415 -0.1730
v -0.1745 0.7518 -0.1918
v -0.1367 0.7678 -0.2247
v -0.1281 0.7706 -0.2338
v -0.1281 0.7706 -0.2337
v -0.0868 0.7304 -0.2504
v -0.0654 0.6871 -0.2489
v -0.0674 0.6869 -0.2494
v -0.0425 0.6507 -0.2600
v 0.0424 0.6135 -0.2702
v 0.0853 0.5801 -0.2767
v 0.1313 0.5742 -0.2625
v 0.1313 0.5742 -0.2625
v 0.1864 0.5415 -0.2779
v 0.2101 0.5334 -0.2835
v 0.2367 0.5259 -0.2902
v 0.2399 0.5255 -0.2888
v 0.2425 0.5254 -0.2875
v 0.2424 0.5254 -0.2876
v 0.3657 0.5117 -0.2809
v 0.3567 0.3885 -0.6010
v 0.3645 0.3565 -0.6343
v 0.3614 0.3548 -0.6377
v 0.3614 0.3548 -0.6377
v 0.3554 0.3596 -0.6361
v 0.0077 0.1173 -0.8527
v 0.0077 0.1174 -0.8529
v -0.0234 0.1174 -0.8535
v -0.0234 0.1175 -0.8538
v 0.3159 -0.5226 -0.7385
v 0.3156 -0.5222 -0.7388
v 0.3159 -0.5226 -0.7384
v 0.3105 -0.5342 -0.7359
v 0.4452 -0.5839 -0.6380
v 0.6669 -0.5779 -0.4073
v 0.5100 -0.4671 0.6526
v 0.5099 -0.4671 0.6525
v 0.4455 -0.4829 0.6870
v 0.4650 -0.4597 0.6870
v 0.3811 -0.5149 0.7013
v 0.3792 -0.4894 0.7175
v 0.3980 -0.4699 0.7158
v 0.2902 -0.4186 0.7858
v 0.1505 -0.3045 0.8547
v 0.1972 -0.2719 0.8543
v -0.0140 -0.1011 0.8867
v -0.0091 -0.0371 0.8833
v -0.0801 0.0102 0.8727
v -0.0637 -0.0034 0.8776
v -0.0617 0.0544 0.8679
v 0.0803 0.2288 0.7994
v 0.2299 0.2639 0.7490
v 0.2299 0.2639 0.7490
v 0.2269 0.2733 0.7436
v 0.2269 0.2733 0.7436
v 0.1796 0.3244 0.7198
v 0.2032 0.3931 0.6442
v 0.0854 0.5417 0.2968
v 0.0490 0.5409 0.3083
v 0.0034 0.5653 0.2812
v -0.1046 0.6332 0.2183
v -0.1707 0.7064 0.1680
v -0.1851 0.7035 0.1505
v -0.1892 0.7154 0.1268
v -0.1896 0.7174 0.1265
v -0.1890 0.7187 0.1254
v -0.1890 0.7187 0.1254
v -0.1868 0.7157 0.1241
v -0.1773 0.7028 0.1190
v -0.1767 0.7021 0.1195
v -0.1767 0.7021 0.1195
v -0.1772 0.7018 0.1182
v -0.1759 0.7029 0.1184
v -0.1772 0.7018 0.1182
v -0.1772 0.7018 0.1182
v -0.1905 0.7393 0.1229
v -0.1922 0.7388 0.1218
v -0.1903 0.7395 0.1229
v -0.1904 0.7394 0.1224
v -0.1897 0.7405 0.1231
v -0.1925 0.7510 0.1240
v -0.1925 0.7510 0.1240
v -0.1925 0.7510 0.1240
v -0.1933 0.7518 0.1232
v -0.1933 0.7518 0.1232
v -0.1933 0.7518 0.1232
v -0.2080 0.7764 0.1238
v -0.2080 0.7764 0.1239
v -0.2317 0.7734 -0.0158
v -0.2333 0.7706 -0.0186
v -0.2333 0.7706 -0.0186
v -0.2333 0.7706 -0.0186
v -0.2338 0.7702 -0.0204
v -0.2338 0.7702 -0.0204
v -0.2338 0.7702 -0.0204
v -0.2338 0.7702 -0.0204
v -0.2338 0.7702 -0.0204
v -0.2338 0.7702 -0.0204
v -0.2338 0.7702 -0.0204
v -0.2331 0.7707 -0.0216
v -0.2331 0.7707 -0.0216
v -0.2331 0.7707 -0.0216
v -0.2291 0.7908 -0.1530
v -0.2197 0.7794 -0.1555
v -0.1944 0.7569 -0.1537
v -0.1943 0.7568 -0.1537
v -0.1931 0.7549 -0.1539
v -0.1931 0.7549 -0.1539
v -0.1931 0.7549 -0.1539
v -0.1931 0.7549 -0.1539
v -0.1930 0.7550 -0.1539
v -0.1932 0.7530 -0.1539
v -0.1932 0.7530 -0.1539
v -0.1927 0.7490 -0.1552
v -0.1927 0.7489 -0.1550
v -0.1920 0.7466 -0.1545
v -0.1920 0.7464 -0.1548
v -0.1922 0.7469 -0.1551
v -0.1922 0.7469 -0.1551
v -0.7400 0.3288 0.0900
v -0.1422 0.7692 -0.2211
v -0.1422 0.7692 -0.2211
v -0.0792 0.7173 -0.2497
v -0.0792 0.7173 -0.2497
v -0.0691 0.6910 -0.2493
v -0.0674 0.6869 -0.2494
v -0.0059 0.6356 -0.2674
v 0.0641 0.5996 -0.2698
v 0.1242 0.5724 -0.2675
v 0.1242 0.5724 -0.2675
v 0.1431 0.5580 -0.2736
v 0.1414 0.5582 -0.2746
v 0.2401 0.5252 -0.2887
v 0.3609 0.4943 -0.3977
v 0.3134 0.4519 -0.5401
v 0.3310 0.4155 -0.5824
v 0.3645 0.3564 -0.6342
v 0.0902 0.2380 -0.8029
v 0.0088 0.1436 -0.8456
v -0.0077 0.1329 -0.8483
v 0.0058 0.1559 -0.8401
v 0.0058 0.1559 -0.8401
v 0.0034 0.1471 -0.8433
v 0.0092 0.1878 -0.8286
v 0.0018 0.1569 -0.8398
v 0.0018 0.1569 -0.8398
v 0.0034 0.1471 -0.8434
v 0.0088 0.1434 -0.8448
v -0.0077 0.1330 -0.8486
v -0.1973 0.1007 -0.8396
v -0.1769 0.1497 -0.8288
v -0.1282 0.1107 -0.8490
v -0.0980 0.1344 -0.8452
v -0.1286 0.1448 -0.8371
v -0.1618 0.1330 -0.8380
v -0.1675 0.1295 -0.8383
v -0.1727 0.0927 -0.8494
v -0.1539 0.0860 -0.8526
v -0.1646 0.1312 -0.8381
v -0.1680 0.1291 -0.8381
v -0.1509 0.1654 -0.8269
v -0.1205 0.1803 -0.8227
v -0.1703 0.1277 -0.8381
v -0.1215 0.0964 -0.8555
v -0.1043 0.0696 -0.8617
v -0.0907 0.0816 -0.8610
v -0.1295 0.2151 -0.8093
v -0.1995 0.1398 -0.8258
v -0.0992 0.1785 -0.8287
v -0.2045 0.1093 -0.8331
v -0.1437 0.0764 -0.8579
v -0.0400 0.0977 -0.8587
v -0.0400 0.0978 -0.8587
v -0.0235 0.1008 -0.8580
v -0.0235 0.1008 -0.8580
v -0.0235 0.0697 -0.8659
v 0.0233 0.0075 -0.8794
v 0.2834 -0.4828 -0.7719
v 0.3652 -0.6163 -0.6588
v 0.3966 -0.6001 -0.6530
v 0.4783 -0.6039 -0.5958
v 0.6988 -0.5945 -0.3233
v -0.8215 0.0851 0.2818
v 0.1646 0.2434 0.7776
v 0.1847 0.2415 0.7752
v 0.1995 0.2472 0.7681
v 0.2199 0.2660 0.7507
v 0.2199 0.2660 0.7506
v 0.2092 0.4430 0.5813
v -0.0126 0.5894 0.2595
v -0.0981 0.6275 0.2228
v -0.0980 0.6274 0.2225
v -0.1051 0.6280 0.2195
v -0.1051 0.6280 0.2195
v -0.1073 0.6325 0.2173
v -0.1073 0.6325 0.2173
v -0.1155 0.6453 0.2111
v -0.1155 0.6453 0.2111
v -0.1880 0.7166 0.1246
v -0.1880 0.7166 0.1246
v -0.1880 0.7166 0.1246
v -0.1880 0.7166 0.1246
v -0.1767 0.7042 0.1200
v -0.1767 0.7042 0.1200
v -0.1779 0.7028 0.1192
v -0.1779 0.7028 0.1192
v -0.1788 0.7042 0.1182
v -0.1788 0.7042 0.1182
v -0.1913 0.7389 0.1233
v -0.1915 0.7386 0.1231
v -0.1914 0.7386 0.1232
v -0.1915 0.7386 0.1231
v -0.1904 0.7393 0.1233
v -0.1922 0.7390 0.1242
v -0.1931 0.7391 0.1257
v -0.1950 0.7435 0.1278
v -0.1948 0.7431 0.1276
v -0.1945 0.7432 0.1278
v -0.1948 0.7431 0.1276
v -0.1952 0.7475 0.1272
v -0.1952 0.7475 0.1272
v -0.1952 0.7475 0.1272
v -0.1953 0.7510 0.1269
v -0.1953 0.7510 0.1269
v -0.1953 0.7510 0.1269
v -0.1953 0.7510 0.1269
v -0.1944 0.7509 0.1257
v -0.1944 0.7509 0.1257
v -0.1944 0.7509 0.1257
v -0.1944 0.7509 0.1257
v -0.1944 0.7509 0.1257
v -0.1951 0.7499 0.1250
v -0.1951 0.7499 0.1250
v -0.1950 0.7498 0.1253
v -0.1942 0.7510 0.1243
v -0.1941 0.7510 0.1246
v -0.1942 0.7510 0.1243
v -0.1942 0.7510 0.1243
v -0.1942 0.7510 0.1243
v -0.2061 0.7696 0.1247
v -0.2061 0.7696 0.1247
v -0.2080 0.7719 0.1244
v -0.2080 0.7719 0.1245
v -0.2618 0.7942 -0.0099
v -0.2491 0.7978 -0.0149
v -0.2463 0.7959 -0.0156
v -0.2464 0.7959 -0.0157
v -0.2366 0.7827 -0.0157
v -0.2346 0.7736 -0.0185
v -0.2345 0.7735 -0.0180
v -0.2345 0.7711 -0.0193
v -0.2345 0.7711 -0.0193
v -0.2345 0.7711 -0.0193
v -0.2345 0.7711 -0.0193
v -0.2345 0.7716 -0.0217
v -0.2344 0.7715 -0.0214
v -0.2344 0.7715 -0.0214
v -0.2344 0.7715 -0.0214
v -0.2601 0.7873 -0.0645
v -0.1943 0.7548 -0.1537
v -0.1943 0.7548 -0.1537
v -0.1944 0.7548 -0.1538
v -0.1926 0.7470 -0.1532
v -0.1929 0.7490 -0.1537
v -0.1929 0.7490 -0.1537
v -0.1923 0.7467 -0.1528
v -0.1925 0.7470 -0.1532
v -0.1921 0.7468 -0.1529
v -0.1925 0.7470 -0.1532
v -0.1925 0.7470 -0.1532
v -0.1915 0.7466 -0.1533
v -0.1917 0.7465 -0.1536
v -0.1915 0.7466 -0.1533
v -0.1915 0.7466 -0.1534
v -0.1880 0.7153 -0.1645
v -0.1878 0.7321 -0.1737
v -0.1899 0.7415 -0.1730
v -0.1518 0.7618 -0.2112
v -0.1364 0.7679 -0.2244
v -0.0876 0.7153 -0.2480
v -0.0810 0.7184 -0.2497
v -0.0810 0.7184 -0.2497
v -0.0772 0.7118 -0.2497
v -0.0772 0.7118 -0.2496
v -0.0727 0.6905 -0.2499
v -0.0691 0.6910 -0.2493
v -0.0727 0.6905 -0.2499
v 0.1230 0.5679 -0.2723
v 0.1194 0.5714 -0.2707
v 0.1230 0.5679 -0.2723
v 0.1684 0.5395 -0.2899
v 0.2632 0.5232 -0.2834
v 0.2795 0.5165 -0.3088
v 0.2953 0.5161 -0.3012
v 0.3588 0.5060 -0.3427
v 0.3284 0.5053 -0.3854
v 0.3428 0.4957 -0.4154
v 0.3137 0.4667 -0.5153
v 0.3546 0.3726 -0.6220
v 0.3152 0.3763 -0.6411
v 0.2609 0.3156 -0.7174
v 0.2152 0.3262 -0.7189
v 0.0060 0.1834 -0.8298
v 0.0020 0.1818 -0.8303
v -0.1588 0.2179 -0.8036
v -0.2119 0.0586 -0.8492
v -0.1943 0.0489 -0.8551
v -0.7483 -0.2414 0.4774
v 0.0363 -0.0053 -0.8809
v 0.0651 -0.2287 -0.8819
v 0.0946 -0.3148 -0.8674
v 0.2401 -0.4250 -0.8097
v 0.7085 -0.6581 -0.1023
v 0.6688 -0.6298 0.3136
v -0.7249 -0.4784 0.3961
v 0.6033 -0.6028 0.4636
v -0.1095 -0.1357 0.8806
v -0.0265 -0.2128 0.8826
v -0.1032 -0.1872 0.8767
v -0.0845 -0.2191 0.8741
v -0.1095 -0.1984 0.8775
v 0.0035 -0.2227 0.8803
v -0.6621 -0.6355 0.3116
v -0.0593 -0.2002 0.8821
v -0.6412 -0.7075 0.1900
v -0.1066 0.1084 0.8478
v 0.0063 0.1898 0.8192
v 0.1833 0.2479 0.7713
v 0.1833 0.2479 0.7713
v 0.2247 0.4850 0.5008
v -0.1221 0.6164 0.2161
v -0.1223 0.6427 0.2087
v -0.1223 0.6427 0.2087
v -0.1532 0.6904 0.1831
v -0.1868 0.7157 0.1241
v -0.1772 0.7063 0.1190
v -0.1786 0.7042 0.1195
v -0.1786 0.7042 0.1195
v -0.1786 0.7042 0.1195
v -0.1786 0.7042 0.1195
v -0.1786 0.7042 0.1195
v -0.1806 0.7049 0.1207
v -0.1799 0.7052 0.1191
v -0.1795 0.7052 0.1191
v -0.1800 0.7050 0.1188
v -0.1806 0.7061 0.1182
v -0.1806 0.7061 0.1182
v -0.1806 0.7061 0.1182
v -0.1813 0.7075 0.1175
v -0.1920 0.7288 0.1221
v -0.1929 0.7369 0.1236
v -0.1923 0.7390 0.1242
v -0.1926 0.7372 0.1236
v -0.1923 0.7390 0.1241
v -0.1923 0.7390 0.1241
v -0.1941 0.7413 0.1249
v -0.1932 0.7407 0.1250
v -0.1931 0.7407 0.1250
v -0.1936 0.7410 0.1254
v -0.1937 0.7413 0.1258
v -0.1940 0.7414 0.1252
v -0.1937 0.7413 0.1258
v -0.1950 0.7426 0.1250
v -0.1950 0.7428 0.1251
v -0.1948 0.7428 0.1250
v -0.1946 0.7429 0.1253
v -0.1946 0.7433 0.1257
v -0.1946 0.7433 0.1257
v -0.1946 0.7433 0.1255
v -0.1946 0.7433 0.1257
v -0.1946 0.7433 0.1257
v -0.1949 0.7450 0.1259
v -0.1950 0.7454 0.1260
v -0.1949 0.7450 0.1259
v -0.1950 0.7470 0.1260
v -0.1950 0.7470 0.1260
v -0.1954 0.7493 0.1255
v -0.1955 0.7491 0.1256
v -0.1951 0.7492 0.1257
v -0.1951 0.7492 0.1257
v -0.1951 0.7492 0.1257
v -0.2451 0.7920 -0.0165
v -0.2392 0.7857 -0.0166
v -0.2366 0.7827 -0.0157
v -0.2352 0.7728 -0.0190
v -0.2352 0.7728 -0.0190
v -0.2352 0.7728 -0.0190
v -0.2352 0.7728 -0.0190
v -0.2356 0.7725 -0.0204
v -0.2356 0.7725 -0.0204
v -0.2356 0.7725 -0.0204
v -0.2356 0.7725 -0.0204
v -0.2352 0.7725 -0.0212
v -0.2356 0.7725 -0.0204
v -0.2356 0.7725 -0.0204
v -0.2351 0.7727 -0.0216
v -0.2351 0.7727 -0.0216
v -0.2608 0.7924 -0.0336
v -0.2442 0.7941 -0.0912
v -0.2011 0.7376 -0.1515
v -0.1943 0.7470 -0.1529
v -0.1932 0.7464 -0.1509
v -0.1932 0.7456 -0.1526
v -0.1931 0.7456 -0.1526
v -0.1915 0.7466 -0.1528
v -0.1917 0.7466 -0.1525
v -0.1915 0.7466 -0.1524
v -0.1904 0.7430 -0.1526
v -0.1905 0.7431 -0.1533
v -0.1905 0.7431 -0.1532
v -0.1897 0.7425 -0.1523
v -0.1897 0.7424 -0.1525
v -0.1897 0.7424 -0.1525
v -0.1894 0.7425 -0.1523
v -0.1518 0.7618 -0.2112
v -0.1439 0.7642 -0.2176
v -0.1439 0.7642 -0.2176
v 0.1343 0.5640 -0.2716
v 0.3550 0.3678 -0.6274
v 0.3550 0.3678 -0.6274
v 0.3025 0.3547 -0.6678
v -0.6569 -0.7200 0.0418
v 0.1269 0.2365 -0.7981
v 0.1098 0.2161 -0.8105
v -0.0235 0.0697 -0.8658
v -0.0220 0.0433 -0.8725
v -0.0220 0.0433 -0.8725
v 0.0363 -0.0054 -0.8807
v 0.0379 -0.0307 -0.8837
v 0.0390 -0.1172 -0.8883
v -0.0234 -0.2743 -0.8786
v 0.0947 -0.3548 -0.8577
v 0.2882 -0.5034 -0.7593
v 0.2873 -0.5397 -0.7436
v 0.4149 -0.5716 -0.6624
v -0.7248 -0.5957 -0.2488
v 0.6785 -0.6474 -0.2698
v 0.6665 -0.6618 0.2476
v 0.5830 -0.6281 0.4564
v 0.5795 -0.5999 0.4900
v 0.5305 -0.5835 0.5584
v 0.5138 -0.5589 0.5912
v -0.7368 -0.4825 -0.3769
v 0.3905 -0.5281 0.6931
v 0.3204 -0.5115 0.7318
v 0.2834 -0.4126 0.7913
v -0.7636 -0.4334 -0.3685
v 0.1150 -0.2428 0.8734
v -0.1314 -0.2156 0.8753
v -0.1280 -0.1774 0.8785
v 0.1494 0.2459 0.7790
v 0.1645 0.2433 0.7775
v 0.1888 0.3950 0.6457
v 0.2677 0.5048 0.4132
v -0.1133 0.6366 0.2139
v -0.1133 0.6366 0.2139
v -0.1240 0.6456 0.2073
v -0.1240 0.6456 0.2073
v -0.1951 0.6823 0.1331
v -0.1879 0.7138 0.1246
v -0.1879 0.7138 0.1246
v -0.1879 0.7138 0.1245
v -0.1882 0.7100 0.1242
v -0.1868 0.7137 0.1240
v -0.1868 0.7137 0.1240
v -0.1868 0.7118 0.1236
v -0.1826 0.7084 0.1215
v -0.1787 0.7061 0.1202
v -0.1807 0.7062 0.1198
v -0.1807 0.7062 0.1198
v -0.1823 0.7072 0.1199
v -0.1822 0.7068 0.1196
v -0.1823 0.7067 0.1192
v -0.1822 0.7069 0.1194
v -0.1822 0.7069 0.1189
v -0.1822 0.7069 0.1189
v -0.1822 0.7069 0.1189
v -0.1826 0.7081 0.1183
v -0.1826 0.7081 0.1183
v -0.1826 0.7081 0.1183
v -0.1933 0.7125 0.1215
v -0.1928 0.7345 0.1234
v -0.1942 0.7412 0.1248
v -0.1942 0.7412 0.1248
v -0.1942 0.7412 0.1248
v -0.1962 0.7433 0.1252
v -0.1957 0.7429 0.1251
v -0.1962 0.7433 0.1252
v -0.1962 0.7433 0.1252
v -0.1962 0.7433 0.1252
v -0.1960 0.7490 0.1259
v -0.1961 0.7491 0.1255
v -0.2057 0.7658 0.1251
v -0.2057 0.7658 0.1251
v -0.2080 0.7685 0.1247
v -0.2080 0.7685 0.1247
v -0.2292 0.7773 0.1148
v -0.2697 0.8012 0.0046
v -0.2371 0.7738 -0.0189
v -0.2363 0.7736 -0.0196
v -0.2358 0.7739 -0.0202
v -0.2364 0.7736 -0.0198
v -0.2364 0.7735 -0.0204
v -0.2366 0.7737 -0.0214
v -0.2366 0.7735 -0.0214
v -0.2366 0.7735 -0.0214
v -0.2366 0.7735 -0.0214
v -0.2386 0.7761 -0.0210
v -0.2375 0.7748 -0.0211
v -0.2372 0.7746 -0.0212
v -0.2411 0.7783 -0.0225
v -0.2513 0.7853 -0.0256
v -0.2595 0.7991 -0.0813
v -0.2119 0.7488 -0.1491
v -0.1906 0.7432 -0.1521
v -0.1906 0.7432 -0.1518
v -0.1906 0.7431 -0.1521
v -0.1906 0.7431 -0.1521
v -0.1897 0.7424 -0.1522
v -0.1891 0.7336 -0.1534
v -0.1891 0.7336 -0.1534
v -0.1870 0.7330 -0.1512
v -0.1872 0.7328 -0.1506
v -0.1873 0.7296 -0.1514
v -0.1861 0.7279 -0.1514
v -0.1860 0.7264 -0.1502
v -0.1860 0.7264 -0.1502
v -0.1860 0.7264 -0.1502
v -0.1844 0.7267 -0.1480
v -0.1840 0.7265 -0.1480
v -0.1813 0.7259 -0.1466
v -0.1822 0.7295 -0.1462
v -0.1835 0.7299 -0.1463
v -0.1824 0.7293 -0.1458
v -0.1824 0.7294 -0.1456
v -0.1824 0.7294 -0.1456
v -0.1858 0.7139 -0.1457
v -0.1813 0.7084 -0.1431
v -0.1813 0.7084 -0.1431
v -0.1813 0.7084 -0.1431
v -0.1813 0.7072 -0.1446
v -0.1818 0.7073 -0.1448
v -0.1813 0.7082 -0.1451
v -0.1819 0.7073 -0.1447
v -0.1812 0.7072 -0.1448
v -0.1805 0.7066 -0.1449
v -0.1809 0.7071 -0.1449
v -0.1806 0.7073 -0.1449
v -0.1798 0.7072 -0.1445
v -0.1794 0.7083 -0.1449
v -0.1818 0.7109 -0.1482
v -0.1880 0.7366 -0.1759
v -0.1876 0.7367 -0.1757
v -0.1651 0.7561 -0.2000
v -0.0772 0.6962 -0.2497
v -0.0772 0.6962 -0.2496
v -0.0751 0.6967 -0.2497
v -0.0751 0.6967 -0.2497
v -0.0835 0.6643 -0.2498
v -0.0574 0.6265 -0.2591
v 0.1354 0.5590 -0.2762
v 0.1354 0.5590 -0.2762
v 0.1364 0.5571 -0.2785
v 0.3436 0.4772 -0.4632
v 0.3544 0.3727 -0.6222
v 0.3446 0.3720 -0.6288
v 0.3446 0.3720 -0.6288
v 0.0092 0.1876 -0.8282
v 0.0060 0.1834 -0.8298
v 0.0020 0.1818 -0.8304
v -0.7713 -0.1516 -0.4632
v -0.1792 0.0421 -0.8578
v 0.0338 -0.0044 -0.8806
v 0.0338 -0.0044 -0.8806
v 0.0379 -0.0307 -0.8838
v 0.0390 -0.1016 -0.8881
v 0.0247 -0.1406 -0.8885
v 0.2058 -0.3963 -0.8294
v 0.2416 -0.4765 -0.7884
v 0.4278 -0.6183 -0.6178
v 0.6294 -0.6180 -0.4169
v -0.7641 0.0517 -0.4378
v 0.6791 -0.6709 0.1863
v 0.6208 -0.6337 0.3973
v 0.5719 -0.5327 0.5600
v 0.5271 -0.4977 0.6238
v -0.7657 0.0801 -0.4221
v 0.0239 -0.2182 0.8813
v -0.7585 0.2769 0.1959
v -0.0617 -0.1283 0.8856
v -0.0873 -0.0811 0.8827
v -0.1198 -0.0168 0.8738
v -0.0559 0.1838 0.8226
v 0.1494 0.2459 0.7790
v 0.1635 0.2565 0.7698
v 0.1635 0.2565 0.7698
v 0.1727 0.2954 0.7429
v 0.2507 0.5156 0.3133
v 0.0796 0.5347 0.3153
v -0.0155 0.5731 0.2699
v -0.1272 0.6453 0.2057
v -0.1273 0.6453 0.2057
v -0.1755 0.6581 0.1624
v -0.1935 0.6717 0.1386
v -0.1868 0.7118 0.1236
v -0.1807 0.7076 0.1207
v -0.1807 0.7076 0.1207
v -0.1807 0.7076 0.1207
v -0.1842 0.7077 0.1201
v -0.1831 0.7092 0.1214
v -0.1828 0.7075 0.1202
v -0.1828 0.7075 0.1202
v -0.1828 0.7075 0.1202
v -0.1854 0.7091 0.1191
v -0.1846 0.7088 0.1189
v -0.1995 0.7323 0.1242
v -0.1982 0.7439 0.1254
v -0.1982 0.7439 0.1254
v -0.1980 0.7480 0.1257
v -0.1980 0.7480 0.1257
v -0.2000 0.7475 0.1256
v -0.2000 0.7475 0.1257
v -0.2021 0.7541 0.1256
v -0.2021 0.7541 0.1256
v -0.2061 0.7587 0.1250
v -0.2062 0.7587 0.1254
v -0.2658 0.8084 0.0567
v -0.2451 0.7920 -0.0167
v -0.2452 0.7920 -0.0166
v -0.2451 0.7841 -0.0186
v -0.2431 0.7900 -0.0170
v -0.2412 0.7870 -0.0171
v -0.2412 0.7870 -0.0171
v -0.2392 0.7856 -0.0165
v -0.2386 0.7814 -0.0177
v -0.2386 0.7814 -0.0177
v -0.2407 0.7782 -0.0199
v -0.2367 0.7745 -0.0193
v -0.2367 0.7745 -0.0193
v -0.2388 0.7750 -0.0208
v -0.2375 0.7747 -0.0206
v -0.2393 0.7782 -0.0228
v -0.2482 0.8098 -0.1304
v -0.1894 0.7374 -0.1517
v -0.1894 0.7374 -0.1517
v -0.1894 0.7352 -0.1513
v -0.1895 0.7349 -0.1508
v -0.1892 0.7352 -0.1513
v -0.1893 0.7347 -0.1508
v -0.1892 0.7352 -0.1513
v -0.1891 0.7339 -0.1500
v -0.1894 0.7345 -0.1505
v -0.1884 0.7333 -0.1508
v -0.1884 0.7334 -0.1513
v -0.1887 0.7335 -0.1506
v -0.1877 0.7327 -0.1505
v -0.1877 0.7327 -0.1506
v -0.1869 0.7276 -0.1512
v -0.1869 0.7276 -0.1512
v -0.1848 0.7282 -0.1482
v -0.1852 0.7270 -0.1489
v -0.1852 0.7270 -0.1489
v -0.1830 0.7257 -0.1477
v -0.1836 0.7271 -0.1467
v -0.1831 0.7274 -0.1463
v -0.1829 0.7275 -0.1469
v -0.1829 0.7275 -0.1469
v -0.1829 0.7275 -0.1469
v -0.1833 0.7276 -0.1456
v -0.1831 0.7275 -0.1457
v -0.1833 0.7240 -0.1450
v -0.1834 0.7093 -0.1449
v -0.1821 0.7082 -0.1442
v -0.1821 0.7082 -0.1442
v -0.1821 0.7082 -0.1442
v -0.1819 0.7073 -0.1450
v -0.1808 0.7081 -0.1459
v -0.1808 0.7081 -0.1459
v -0.1808 0.7081 -0.1459
v -0.1813 0.7086 -0.1467
v -0.1810 0.7101 -0.1473
v -0.1810 0.7101 -0.1473
v -0.1878 0.7321 -0.1737
v -0.1652 0.7561 -0.2001
v 0.1359 0.5564 -0.2790
v 0.1584 0.5407 -0.2900
v 0.3157 0.5134 -0.3259
v 0.3335 0.3779 -0.6284
v 0.3336 0.3779 -0.6283
v 0.3180 0.3803 -0.6341
v 0.3206 0.3772 -0.6365
v 0.3206 0.3772 -0.6365
v 0.3149 0.3760 -0.6407
v 0.2388 0.3390 -0.7038
v 0.1065 0.2633 -0.7874
v 0.0116 0.1941 -0.8256
v 0.0011 0.1868 -0.8284
v 0.0011 0.1868 -0.8284
v -0.0411 0.2288 -0.8106
v -0.0971 0.2114 -0.8134
v -0.2064 0.0936 -0.8384
v -0.1640 0.0368 -0.8628
v 0.0233 0.0074 -0.8786
v 0.0395 -0.0542 -0.8855
v 0.0395 -0.0542 -0.8855
v 0.0234 -0.0860 -0.8883
v 0.0079 -0.1950 -0.8872
v -0.0391 -0.2586 -0.8803
v -0.0235 -0.3027 -0.8731
v -0.7034 0.3537 -0.1798
v 0.3568 -0.6026 -0.6737
v 0.5727 -0.6097 -0.4959
v 0.6067 -0.5982 -0.4711
v 0.6569 -0.6098 -0.3836
v -0.7294 0.3426 0.0982
v 0.6057 -0.6509 0.3966
v 0.5775 -0.6112 0.4777
v 0.5679 -0.5840 0.5195
v 0.2773 -0.4695 0.7702
v 0.2702 -0.4319 0.7883
v 0.1174 -0.3455 0.8511
v -0.0816 -0.2463 0.8730
v 0.1317 0.2446 0.7835
v 0.1317 0.2446 0.7836
v 0.1483 0.2578 0.7719
v 0.1483 0.2578 0.7719
v 0.2402 0.5066 0.4136
v 0.2975 0.5103 0.3473
v 0.1863 0.5201 0.3213
v -0.7755 0.2480 0.1950
v -0.7756 0.2480 0.1950
v 0.1866 0.5199 0.3252
v 0.0618 0.5287 0.3331
v 0.0553 0.5254 0.3451
v -0.0922 0.5976 0.2402
v -0.1306 0.6384 0.2054
v -0.1306 0.6384 0.2054
v -0.1548 0.6575 0.1833
v -0.1921 0.6964 0.1258
v -0.1882 0.7100 0.1242
v -0.1882 0.7100 0.1242
v -0.1870 0.7089 0.1232
v -0.1828 0.7084 0.1211
v -0.1828 0.7084 0.1211
v -0.1848 0.7076 0.1205
v -0.1851 0.7070 0.1191
v -0.1845 0.7078 0.1202
v -0.1845 0.7078 0.1202
v -0.1884 0.7107 0.1191
v -0.1935 0.7181 0.1211
v -0.1921 0.7290 0.1219
v -0.2020 0.7502 0.1255
v -0.2020 0.7502 0.1255
v -0.2051 0.7523 0.1251
v -0.2040 0.7557 0.1254
v -0.2040 0.7557 0.1254
v -0.2626 0.8014 0.0330
v -0.2401 0.7838 -0.0179
v -0.2401 0.7838 -0.0179
v -0.2391 0.7769 -0.0214
v -0.2398 0.7777 -0.0200
v -0.2391 0.7766 -0.0207
v -0.2391 0.7766 -0.0207
v -0.2385 0.7754 -0.0213
v -0.2385 0.7754 -0.0213
v -0.2391 0.7762 -0.0213
v -0.2391 0.7763 -0.0217
v -0.2391 0.7763 -0.0217
v -0.2393 0.7782 -0.0227
v -0.2393 0.7782 -0.0227
v -0.2600 0.7868 -0.0627
v -0.2597 0.7876 -0.0644
v -0.2386 0.7901 -0.1329
v -0.1904 0.7353 -0.1508
v -0.1904 0.7353 -0.1508
v -0.1904 0.7353 -0.1508
v -0.1904 0.7353 -0.1508
v -0.1888 0.7334 -0.1503
v -0.1879 0.7323 -0.1492
v -0.1879 0.7324 -0.1517
v -0.1872 0.7295 -0.1499
v -0.1872 0.7295 -0.1499
v -0.1868 0.7273 -0.1495
v -0.1866 0.7270 -0.1488
v -0.1867 0.7273 -0.1494
v -0.1864 0.7282 -0.1487
v -0.1867 0.7273 -0.1494
v -0.1867 0.7273 -0.1494
v -0.1867 0.7273 -0.1494
v -0.1874 0.7264 -0.1487
v -0.1874 0.7264 -0.1487
v -0.1874 0.7264 -0.1487
v -0.1862 0.7270 -0.1483
v -0.1862 0.7270 -0.1483
v -0.1845 0.7269 -0.1477
v -0.1845 0.7269 -0.1477
v -0.1845 0.7269 -0.1477
v -0.1845 0.7269 -0.1477
v -0.1838 0.7269 -0.1465
v -0.1838 0.7269 -0.1465
v -0.1872 0.7138 -0.1470
v -0.1868 0.7117 -0.1463
v -0.1834 0.7093 -0.1449
v -0.1827 0.7081 -0.1456
v -0.1827 0.7081 -0.1456
v -0.1827 0.7081 -0.1456
v -0.1827 0.7081 -0.1456
v -0.1827 0.7081 -0.1456
v -0.1827 0.7081 -0.1456
v -0.1813 0.7087 -0.1467
v -0.1813 0.7087 -0.1467
v -0.1813 0.7087 -0.1467
v -0.1860 0.7115 -0.1521
v -0.1889 0.7015 -0.1567
v -0.1867 0.7317 -0.1753
v -0.1748 0.7517 -0.1920
v -0.1706 0.7529 -0.1953
v -0.1706 0.7529 -0.1953
v -0.1584 0.7550 -0.2042
v -0.1584 0.7550 -0.2042
v -0.1369 0.7424 -0.2150
v -0.1029 0.7167 -0.2401
v 0.0491 0.5862 -0.2814
v 0.1353 0.5549 -0.2811
v 0.1353 0.5548 -0.2811
v 0.2160 0.5262 -0.3049
v 0.2636 0.5188 -0.3154
v 0.3038 0.5098 -0.3604
v 0.3380 0.4861 -0.4418
v 0.2928 0.4670 -0.5234
v 0.3180 0.3803 -0.6341
v -0.7747 0.1811 0.3084
v -0.7993 0.1318 0.3020
v -0.0235 0.0229 -0.8764
v -0.0235 0.0233 -0.8767
v 0.0035 0.0225 -0.8762
v 0.0035 0.0225 -0.8762
v 0.0077 0.0072 -0.8784
v 0.0077 0.0072 -0.8785
v 0.0234 -0.0395 -0.8845
v 0.0234 -0.0395 -0.8845
v 0.0238 -0.0696 -0.8873
v 0.0390 -0.1016 -0.8880
v 0.0390 -0.1172 -0.8881
v 0.0078 -0.1641 -0.8881
v -0.0234 -0.2741 -0.8775
v -0.1145 -0.3063 -0.8646
v -0.0883 -0.3271 -0.8653
v -0.0831 -0.3621 -0.8570
v -0.1152 -0.2661 -0.8731
v -0.0389 -0.3355 -0.8658
v -0.0286 -0.3303 -0.8668
v -0.0286 -0.3303 -0.8668
v 0.1342 -0.4135 -0.8348
v 0.4681 -0.6642 -0.5481
v 0.6559 -0.6380 -0.3425
v 0.6861 -0.6888 0.0570
v -0.7947 0.0363 0.3784
v 0.3737 -0.5276 0.6976
v 0.3735 -0.5275 0.6972
v -0.7992 0.0220 0.3712
v -0.7989 0.0220 0.3712
v 0.1620 -0.4122 0.8218
v -0.1602 -0.0189 0.8661
v -0.1869 0.1020 0.8368
v -0.2052 0.0698 0.8423
v -0.1653 0.1498 0.8246
v 0.1009 0.2528 0.7832
v -0.7954 -0.0842 0.4085
v 0.1918 0.5238 0.3091
v 0.1866 0.5199 0.3252
v 0.1798 0.5220 0.3239
v 0.1353 0.5226 0.3440
v 0.0034 0.5485 0.3022
v -0.1203 0.5984 0.2262
v -0.1355 0.6111 0.2100
v -0.1884 0.7082 0.1237
v -0.1873 0.7080 0.1228
v -0.1845 0.7080 0.1214
v -0.1849 0.7075 0.1211
v -0.1847 0.7076 0.1210
v -0.1849 0.7072 0.1209
v -0.1849 0.7072 0.1209
v -0.1866 0.7070 0.1212
v -0.1866 0.7071 0.1212
v -0.1864 0.7083 0.1200
v -0.1882 0.7095 0.1198
v -0.1893 0.7112 0.1193
v -0.1897 0.7107 0.1190
v -0.1891 0.7111 0.1195
v -0.2473 0.7765 -0.0180
v -0.2478 0.7826 -0.0179
v -0.2451 0.7841 -0.0185
v -0.2410 0.7786 -0.0199
v -0.2392 0.7764 -0.0206
v -0.2411 0.7764 -0.0218
v -0.2411 0.7764 -0.0218
v -0.2411 0.7764 -0.0218
v -0.2411 0.7763 -0.0218
v -0.2413 0.7764 -0.0218
v -0.2411 0.7783 -0.0224
v -0.2580 0.7855 -0.0664
v -0.2278 0.7686 -0.1381
v -0.1884 0.7275 -0.1493
v -0.1884 0.7275 -0.1492
v -0.1884 0.7275 -0.1492
v -0.1884 0.7275 -0.1492
v -0.1849 0.7256 -0.1471
v -0.1849 0.7256 -0.1471
v -0.1849 0.7256 -0.1471
v -0.1849 0.7256 -0.1471
v -0.1855 0.7196 -0.1466
v -0.1856 0.7196 -0.1464
v -0.1857 0.7139 -0.1458
v -0.1841 0.7087 -0.1463
v -0.1841 0.7087 -0.1463
v -0.1841 0.7087 -0.1463
v -0.1831 0.7083 -0.1475
v -0.1831 0.7083 -0.1475
v -0.1831 0.7083 -0.1475
v -0.1831 0.7083 -0.1475
v -0.1831 0.7083 -0.1475
v -0.1835 0.7089 -0.1475
v -0.1837 0.7087 -0.1485
v -0.1837 0.7087 -0.1485
v -0.1867 0.7317 -0.1753
v -0.1792 0.7410 -0.1860
v -0.0125 0.6074 -0.2750
v 0.0401 0.5836 -0.2846
v 0.1747 0.5342 -0.3001
v 0.2614 0.4416 -0.5821
v 0.3134 0.3826 -0.6335
v 0.3134 0.3826 -0.6335
v 0.1294 0.2796 -0.7743
v 0.0116 0.1941 -0.8256
v 0.0041 0.1947 -0.8252
v 0.0041 0.1947 -0.8252
v -0.7375 -0.3172 0.4729
v -0.7309 -0.2664 0.5007
v -0.2198 0.0659 -0.8437
v -0.0233 0.0074 -0.8787
v -0.0233 0.0075 -0.8793
v -0.0310 -0.0781 -0.8883
v 0.0234 -0.0860 -0.8880
v 0.0234 -0.1172 -0.8884
v 0.0234 -0.1172 -0.8884
v 0.0246 -0.1406 -0.8882
v 0.0078 -0.1950 -0.8868
v -0.0235 -0.2274 -0.8837
v -0.0391 -0.2585 -0.8797
v -0.1476 -0.2394 -0.8724
v -0.1568 -0.3119 -0.8599
v -0.0389 -0.3355 -0.8656
v 0.0298 -0.3668 -0.8581
v 0.2265 -0.4843 -0.7899
v 0.2815 -0.5535 -0.7373
v 0.3671 -0.5674 -0.6914
v 0.4061 -0.6665 -0.5891
v 0.6767 -0.6658 -0.2265
v 0.6832 -0.6863 -0.1088
v 0.6411 -0.6945 0.2384
v 0.5917 -0.6855 0.3615
v 0.6044 -0.6718 0.3635
v 0.5723 -0.7079 0.3521
v 0.5357 -0.6294 0.5077
v 0.5014 -0.5425 0.6134
v 0.3371 -0.5233 0.7217
v 0.1026 -0.3391 0.8562
v 0.1020 -0.2943 0.8662
v 0.0273 -0.2625 0.8763
v -0.0115 -0.2834 0.8726
v -0.1120 -0.2854 0.8662
v -0.1540 -0.2310 0.8684
v -0.1880 0.0091 0.8598
v 0.0706 0.2625 0.7794
v 0.1009 0.2528 0.7831
v 0.1176 0.2588 0.7770
v 0.1175 0.2588 0.7769
v 0.1824 0.4418 0.5832
v 0.0893 0.5239 0.3508
v -0.1952 0.6857 0.1312
v -0.1891 0.7064 0.1240
v -0.1891 0.7064 0.1240
v -0.1891 0.7064 0.1240
v -0.1891 0.7064 0.1240
v -0.1878 0.7075 0.1227
v -0.1878 0.7075 0.1227
v -0.1878 0.7075 0.1227
v -0.1866 0.7071 0.1214
v -0.1866 0.7071 0.1214
v -0.1866 0.7071 0.1214
v -0.1866 0.7071 0.1214
v -0.1866 0.7071 0.1214
v -0.1885 0.7068 0.1211
v -0.1885 0.7077 0.1229
v -0.1887 0.7067 0.1214
v -0.1885 0.7068 0.1211
v -0.1885 0.7068 0.1211
v -0.1901 0.7102 0.1202
v -0.1982 0.7148 0.1217
v -0.2493 0.7896 0.0764
v -0.2477 0.7826 -0.0178
v -0.2431 0.7821 -0.0190
v -0.2429 0.7757 -0.0202
v -0.2412 0.7780 -0.0199
v -0.2410 0.7764 -0.0207
v -0.2410 0.7764 -0.0207
v -0.2411 0.7763 -0.0205
v -0.2412 0.7764 -0.0207
v -0.2490 0.7688 -0.0267
v -0.2537 0.7826 -0.0708
v -0.2422 0.7963 -0.1032
v -0.2187 0.7514 -0.1423
v -0.1867 0.7112 -0.1460
v -0.1852 0.7095 -0.1470
v -0.1853 0.7095 -0.1470
v -0.1848 0.7082 -0.1476
v -0.1848 0.7081 -0.1477
v -0.1848 0.7081 -0.1477
v -0.1848 0.7081 -0.1477
v -0.1848 0.7081 -0.1477
v -0.1848 0.7081 -0.1477
v -0.1848 0.7081 -0.1477
v -0.1855 0.7070 -0.1484
v -0.1855 0.7070 -0.1486
v -0.1854 0.7070 -0.1487
v -0.1855 0.7070 -0.1484
v -0.1850 0.7080 -0.1494
v -0.1865 0.7080 -0.1484
v -0.1850 0.7080 -0.1494
v -0.1850 0.7080 -0.1494
v -0.1864 0.7078 -0.1504
v -0.1858 0.7073 -0.1505
v -0.1863 0.7128 -0.1723
v -0.1786 0.7481 -0.1882
v -0.1786 0.7481 -0.1882
v -0.1765 0.7443 -0.1888
v 0.0104 0.6074 -0.2731
v 0.1306 0.5525 -0.2850
v 0.1307 0.5527 -0.2852
v 0.1413 0.5457 -0.2927
v 0.2835 0.5138 -0.3486
v 0.2387 0.4494 -0.5825
v 0.3055 0.3851 -0.6342
v 0.3055 0.3851 -0.6341
v 0.2868 0.3887 -0.6383
v 0.0542 0.2205 -0.8130
v 0.0542 0.2205 -0.8129
v 0.0181 0.2043 -0.8210
v 0.0181 0.2043 -0.8210
v 0.0110 0.2021 -0.8221
v 0.0110 0.2021 -0.8221
v -0.2077 0.2313 -0.7875
v -0.1897 0.2511 -0.7822
v -0.2275 0.2158 -0.7875
v -0.1967 0.2621 -0.7736
v -0.1916 0.1799 -0.8107
v -0.2545 0.1374 -0.8146
v 0.0078 -0.1641 -0.8881
v -0.0079 -0.1952 -0.8867
v -0.0079 -0.1952 -0.8871
v -0.0235 -0.2274 -0.8836
v -0.0391 -0.2272 -0.8834
v -0.0539 -0.3593 -0.8598
v -0.0539 -0.3593 -0.8597
v -0.0391 -0.3512 -0.8624
v -0.0391 -0.3511 -0.8619
v 0.0079 -0.3939 -0.8498
v 0.3634 -0.6238 -0.6543
v 0.3792 -0.6349 -0.6347
v -0.7016 -0.5652 0.3450
v -0.6254 -0.6916 0.2814
v 0.4157 -0.5443 0.6680
v -0.6469 -0.7153 0.1234
v -0.0493 -0.2487 0.8748
v -0.1660 -0.1688 0.8720
v -0.1367 0.1819 0.8164
v -0.0635 0.2447 0.7907
v 0.0706 0.2625 0.7793
v 0.0865 0.2616 0.7789
v 0.0865 0.2616 0.7789
v 0.1020 0.2605 0.7782
v 0.1020 0.2604 0.7780
v 0.1787 0.3620 0.6871
v 0.1809 0.4867 0.5053
v 0.1714 0.5179 0.3526
v -0.0155 0.5584 0.2835
v -0.1050 0.5716 0.2547
v -0.1378 0.6384 0.2004
v -0.1378 0.6384 0.2004
v -0.1954 0.6774 0.1351
v -0.1920 0.6964 0.1258
v -0.1916 0.6970 0.1252
v -0.1914 0.6983 0.1255
v -0.1930 0.6974 0.1249
v -0.1894 0.7029 0.1231
v -0.1898 0.7024 0.1235
v -0.1903 0.7027 0.1233
v -0.1893 0.7028 0.1233
v -0.1894 0.7029 0.1231
v -0.1891 0.7043 0.1227
v -0.1891 0.7043 0.1227
v -0.1891 0.7043 0.1227
v -0.1884 0.7064 0.1221
v -0.1884 0.7064 0.1221
v -0.1884 0.7064 0.1221
v -0.1884 0.7064 0.1221
v -0.1884 0.7064 0.1221
v -0.1884 0.7064 0.1221
v -0.1898 0.7070 0.1212
v -0.1900 0.7066 0.1215
v -0.1909 0.7060 0.1207
v -0.1904 0.7074 0.1219
v -0.1915 0.7092 0.1212
v -0.1915 0.7092 0.1212
v -0.1931 0.7118 0.1215
v -0.2053 0.7521 0.1255
v -0.2501 0.7755 -0.0160
v -0.2451 0.7822 -0.0187
v -0.2451 0.7822 -0.0187
v -0.2451 0.7803 -0.0189
v -0.2451 0.7803 -0.0188
v -0.2417 0.7697 -0.0213
v -0.2420 0.7718 -0.0216
v -0.2600 0.7868 -0.0627
v -0.2445 0.7876 -0.0846
v -0.1975 0.7111 -0.1490
v -0.1870 0.7167 -0.1475
v -0.1868 0.7177 -0.1471
v -0.1871 0.7137 -0.1471
v -0.1867 0.7119 -0.1471
v -0.1865 0.7081 -0.1481
v -0.1865 0.7081 -0.1481
v -0.1881 0.7068 -0.1483
v -0.1869 0.7069 -0.1486
v -0.1866 0.7069 -0.1485
v -0.1864 0.7067 -0.1489
v -0.1854 0.7070 -0.1489
v -0.1854 0.7070 -0.1489
v -0.1859 0.7073 -0.1501
v -0.1859 0.7073 -0.1501
v -0.1867 0.7062 -0.1512
v -0.1867 0.7062 -0.1512
v -0.1867 0.7062 -0.1512
v -0.1885 0.7010 -0.1510
v -0.1875 0.7024 -0.1515
v -0.1820 0.7221 -0.1799
v -0.1792 0.7410 -0.1860
v -0.1765 0.7442 -0.1888
v -0.0474 0.6199 -0.2647
v 0.0521 0.5582 -0.3056
v 0.1234 0.5559 -0.2844
v 0.1232 0.5557 -0.2841
v 0.2118 0.5242 -0.3118
v 0.2504 0.5170 -0.3303
v 0.3202 0.4990 -0.4219
v -0.6399 -0.7243 -0.1512
v 0.2868 0.3886 -0.6383
v -0.0363 0.2532 -0.7983
v -0.1763 0.2687 -0.7745
v -0.6674 -0.6735 -0.2249
v -0.2278 0.1072 -0.8315
v -0.2128 0.0126 -0.8568
v -0.1575 -0.0300 -0.8740
v -0.1290 -0.0263 -0.8780
v -0.0539 -0.1478 -0.8877
v -0.0234 -0.2116 -0.8852
v -0.0234 -0.2116 -0.8852
v -0.0391 -0.2272 -0.8833
v -0.1430 -0.4513 -0.8202
v 0.2668 -0.5117 -0.7625
v 0.3318 -0.6099 -0.6797
v 0.3237 -0.6170 -0.6770
v 0.4088 -0.6406 -0.6124
v 0.4219 -0.6741 -0.5693
v -0.7348 -0.5649 -0.2747
v -0.1417 -0.3127 0.8566
v -0.1608 -0.1195 0.8748
v 0.0233 0.2737 0.7741
v 0.0233 0.2737 0.7741
v 0.0494 0.2748 0.7721
v 0.0494 0.2748 0.7721
v 0.0737 0.3158 0.7426
v -0.7646 -0.3551 -0.4156
v 0.2022 0.5183 0.3332
v -0.1394 0.5967 0.2145
v -0.1375 0.6351 0.2015
v -0.1375 0.6350 0.2015
v -0.1435 0.6349 0.1967
v -0.1435 0.6349 0.1966
v -0.1586 0.6320 0.1851
v -0.1646 0.6277 0.1819
v -0.1800 0.6577 0.1578
v -0.1938 0.6912 0.1260
v -0.1906 0.6967 0.1229
v -0.1915 0.6970 0.1248
v -0.1919 0.6967 0.1248
v -0.1913 0.6984 0.1241
v -0.1919 0.6989 0.1238
v -0.1913 0.6984 0.1241
v -0.1907 0.7003 0.1241
v -0.1907 0.7003 0.1241
v -0.1900 0.7022 0.1240
v -0.1900 0.7022 0.1240
v -0.1894 0.7028 0.1230
v -0.1894 0.7028 0.1230
v -0.1904 0.7042 0.1224
v -0.1904 0.7042 0.1224
v -0.1904 0.7062 0.1217
v -0.1904 0.7062 0.1217
v -0.2443 0.7899 0.1001
v -0.2475 0.7811 -0.0179
v -0.2475 0.7811 -0.0179
v -0.2472 0.7765 -0.0179
v -0.2424 0.7683 -0.0214
v -0.2423 0.7694 -0.0213
v -0.2423 0.7696 -0.0212
v -0.2498 0.7621 -0.0338
v -0.2575 0.7831 -0.0633
v -0.2576 0.7831 -0.0634
v -0.1902 0.7143 -0.1483
v -0.1876 0.7067 -0.1489
v -0.1865 0.7063 -0.1495
v -0.1865 0.7063 -0.1495
v -0.1867 0.7063 -0.1496
v -0.1865 0.7063 -0.1495
v -0.1865 0.7063 -0.1495
v -0.1866 0.7063 -0.1495
v -0.1881 0.7008 -0.1512
v -0.1878 0.7007 -0.1506
v -0.1883 0.7007 -0.1507
v -0.1880 0.7004 -0.1512
v -0.1878 0.7007 -0.1510
v -0.1881 0.7001 -0.1516
v -0.1881 0.7001 -0.1516
v -0.1881 0.7001 -0.1516
v -0.1888 0.6983 -0.1532
v -0.1888 0.6983 -0.1532
v -0.1886 0.6935 -0.1526
v -0.1893 0.6933 -0.1529
v -0.1914 0.6857 -0.1544
v -0.1820 0.7221 -0.1799
v -0.0275 0.6157 -0.2702
v 0.0080 0.5876 -0.2817
v 0.1240 0.5542 -0.2863
v 0.1240 0.5542 -0.2863
v 0.1277 0.5526 -0.2868
v 0.1277 0.5526 -0.2868
v 0.1246 0.5522 -0.2887
v -0.7615 -0.2196 -0.4716
v 0.2751 0.3979 -0.6324
v 0.2751 0.3979 -0.6323
v 0.2618 0.3991 -0.6371
v 0.2540 0.4054 -0.6331
v 0.2540 0.4054 -0.6331
v 0.2517 0.4043 -0.6354
v 0.2517 0.4043 -0.6354
v 0.2437 0.4068 -0.6360
v 0.2437 0.4068 -0.6360
v 0.2390 0.4086 -0.6358
v 0.2390 0.4086 -0.6358
v 0.2025 0.3582 -0.6953
v 0.0288 0.2293 -0.8096
v 0.0288 0.2294 -0.8097
v -0.2607 0.0724 -0.8336
v -0.1186 -0.2105 -0.8803
v -0.7655 -0.0684 -0.4685
v 0.2448 -0.4999 -0.7758
v 0.2579 -0.5479 -0.7486
v 0.5648 -0.6541 0.4478
v 0.5064 -0.6068 0.5569
v 0.2069 -0.4510 0.8005
v -0.1667 -0.3363 0.8454
v -0.2392 0.1916 0.7896
v -0.2392 0.1916 0.7896
v -0.1666 0.2009 0.8025
v 0.0078 0.2844 0.7678
v 0.0078 0.2843 0.7678
v 0.0234 0.2839 0.7675
v 0.0234 0.2839 0.7675
v 0.1535 0.3730 0.6813
v 0.0247 0.5234 0.3608
v 0.0075 0.5321 0.3312
v -0.1646 0.6277 0.1819
v -0.1764 0.6393 0.1685
v -0.1779 0.6529 0.1621
v -0.1759 0.6581 0.1627
v -0.1939 0.6679 0.1394
v -0.1953 0.6774 0.1351
v -0.1950 0.6823 0.1331
v -0.1952 0.6857 0.1312
v -0.1936 0.6910 0.1260
v -0.1938 0.6914 0.1259
v -0.1934 0.6912 0.1250
v -0.1934 0.6912 0.1250
v -0.1934 0.6912 0.1250
v -0.1935 0.6912 0.1250
v -0.1921 0.6980 0.1233
v -0.1924 0.6963 0.1244
v -0.1925 0.6963 0.1244
v -0.1925 0.6983 0.1235
v -0.1916 0.6978 0.1223
v -0.1925 0.6983 0.1236
v -0.1916 0.6990 0.1232
v -0.1914 0.6991 0.1232
v -0.1904 0.7021 0.1229
v -0.1904 0.7021 0.1229
v -0.1904 0.7021 0.1229
v -0.1904 0.7021 0.1229
v -0.1904 0.7021 0.1229
v -0.1904 0.7021 0.1229
v -0.2494 0.7613 -0.0085
v -0.2425 0.7681 -0.0213
v -0.2580 0.7854 -0.0664
v -0.2049 0.7202 -0.1469
v -0.1882 0.7063 -0.1491
v -0.1886 0.7002 -0.1503
v -0.1886 0.7002 -0.1503
v -0.1887 0.6998 -0.1506
v -0.1892 0.6990 -0.1505
v -0.1892 0.6988 -0.1507
v -0.1890 0.6988 -0.1509
v -0.1906 0.6987 -0.1507
v -0.1903 0.6989 -0.1505
v -0.1903 0.6986 -0.1500
v -0.1889 0.6983 -0.1512
v -0.1890 0.6984 -0.1513
v -0.1902 0.6929 -0.1521
v -0.1898 0.6934 -0.1524
v -0.1898 0.6934 -0.1524
v -0.7132 0.2606 -0.3633
v -0.1806 0.7269 -0.1832
v -0.1795 0.7302 -0.1836
v -0.1779 0.7350 -0.1858
v -0.1779 0.7350 -0.1858
v 0.1247 0.5524 -0.2888
v 0.2002 0.5250 -0.3186
v 0.2861 0.4930 -0.4597
v 0.2872 0.4885 -0.4768
v 0.2891 0.4716 -0.5130
v 0.2471 0.4076 -0.6336
v 0.2471 0.4076 -0.6336
v 0.2424 0.4085 -0.6345
v 0.2424 0.4085 -0.6345
v 0.2353 0.4126 -0.6325
v 0.2353 0.4125 -0.6325
v 0.1831 0.3606 -0.7009
v 0.0390 0.2522 -0.7982
v 0.0390 0.2522 -0.7982
v 0.0390 0.2418 -0.8035
v 0.0390 0.2419 -0.8035
v -0.0916 0.2746 -0.7833
v -0.2235 0.1976 -0.7981
v -0.2068 -0.0450 -0.8654
v -0.2006 -0.3416 -0.8461
v -0.1166 -0.4271 -0.8350
v -0.0699 -0.4111 -0.8454
v 0.0516 -0.4059 -0.8476
v -0.7247 0.3285 -0.1901
v 0.3310 -0.6326 -0.6635
v 0.5858 -0.6442 -0.4452
v 0.6468 -0.7228 -0.1213
v 0.6370 -0.7380 0.0588
v 0.6418 -0.7121 0.1762
v 0.6115 -0.7044 0.2881
v 0.5530 -0.6408 0.4739
v 0.4812 -0.5656 0.6116
v 0.3638 -0.5410 0.6950
v 0.3058 -0.4856 0.7539
v 0.2844 -0.4956 0.7543
v -0.0286 -0.3204 0.8649
v -0.1910 -0.2872 0.8525
v -0.2017 -0.2438 0.8589
v -0.2604 0.1977 0.7796
v -0.1439 0.2265 0.7935
v -0.0542 0.2834 0.7671
v -0.0076 0.2843 0.7680
v -0.0076 0.2842 0.7679
v 0.0079 0.2924 0.7624
v 0.0079 0.2922 0.7622
v 0.1059 0.3566 0.7050
v -0.0028 0.5259 0.3518
v -0.1461 0.6368 0.1940
v -0.1461 0.6368 0.1940
v -0.1673 0.6270 0.1803
v -0.1750 0.6329 0.1723
v -0.1802 0.6577 0.1580
v -0.1938 0.6717 0.1389
v -0.1958 0.6788 0.1335
v -0.1958 0.6788 0.1335
v -0.1964 0.6863 0.1286
v -0.1953 0.6861 0.1293
v -0.1939 0.6905 0.1261
v -0.1939 0.6905 0.1261
v -0.1932 0.6899 0.1259
v -0.1954 0.6949 0.1240
v -0.2364 0.7792 0.1074
v -0.2518 0.7709 -0.0131
v -0.7490 0.3037 0.1546
v -0.2470 0.7745 -0.0179
v -0.2470 0.7745 -0.0179
v -0.2425 0.7665 -0.0214
v -0.2423 0.7665 -0.0214
v -0.2424 0.7666 -0.0214
v -0.2545 0.7777 -0.0631
v -0.1907 0.6926 -0.1520
v -0.1903 0.6927 -0.1526
v -0.1902 0.6926 -0.1532
v -0.1800 0.7261 -0.1822
v -0.1440 0.7238 -0.2077
v 0.1388 0.5409 -0.3064
v 0.2401 0.5169 -0.3426
v 0.2713 0.5128 -0.3732
v 0.3101 0.4941 -0.4423
v -0.7752 0.2488 0.1943
v 0.2332 0.4095 -0.6370
v 0.2332 0.4095 -0.6371
v 0.0390 0.2603 -0.7937
v 0.0390 0.2603 -0.7937
v 0.0271 0.2693 -0.7887
v 0.0271 0.2694 -0.7888
v 0.0232 0.2537 -0.7977
v 0.0232 0.2537 -0.7977
v -0.7525 0.2519 0.2665
v -0.1421 0.2927 -0.7640
v -0.2781 0.1192 -0.8131
v -0.2937 0.1277 -0.8055
v -0.7752 0.1712 0.3189
v -0.2180 -0.3681 -0.8365
v -0.0545 -0.3989 -0.8500
v -0.0545 -0.3987 -0.8494
v 0.0150 -0.4390 -0.8376
v 0.2114 -0.5107 -0.7806
v 0.4804 -0.6887 -0.5078
v 0.6278 -0.6956 -0.2867
v 0.6061 -0.7498 0.1543
v 0.5305 -0.6138 0.5275
v 0.4102 -0.5814 0.6485
v -0.7990 0.0543 0.3575
v 0.2449 -0.4637 0.7849
v -0.7991 0.0230 0.3711
v 0.0645 -0.3366 0.8597
v 0.0136 -0.3358 0.8596
v -0.1254 -0.3314 0.8531
v -0.2066 -0.1888 0.8639
v -0.2438 0.0314 0.8410
v -0.2769 0.0987 0.8127
v -0.2529 0.1991 0.7812
v -0.2503 0.1967 0.7833
v -0.2503 0.1967 0.7833
v -0.2459 0.1956 0.7855
v -0.2459 0.1956 0.7855
v -0.2196 0.2015 0.7895
v -0.2196 0.2015 0.7895
v -0.0373 0.2842 0.7671
v -0.0373 0.2842 0.7671
v -0.0081 0.2925 0.7629
v -0.0081 0.2921 0.7623
v -0.0136 0.3379 0.7268
v 0.1600 0.4759 0.5343
v 0.1367 0.4882 0.5195
v 0.1377 0.5025 0.4838
v 0.1947 0.5096 0.4271
v -0.0032 0.5359 0.3258
v -0.0518 0.5678 0.2729
v -0.0590 0.5731 0.2637
v -0.1027 0.5672 0.2603
v -0.1262 0.5765 0.2422
v -0.1488 0.6275 0.1940
v -0.1488 0.6275 0.1940
v -0.1583 0.6263 0.1869
v -0.1583 0.6263 0.1869
v -0.1750 0.6329 0.1723
v -0.1778 0.6528 0.1620
v -0.1803 0.6542 0.1586
v -0.1803 0.6542 0.1586
v -0.1845 0.6584 0.1527
v -0.1845 0.6583 0.1526
v -0.1957 0.6728 0.1354
v -0.1957 0.6728 0.1354
v -0.1974 0.6766 0.1286
v -0.1956 0.6845 0.1281
v -0.1956 0.6845 0.1281
v -0.1956 0.6845 0.1281
v -0.1956 0.6845 0.1281
v -0.1965 0.6856 0.1280
v -0.1952 0.6856 0.1266
v -0.1957 0.6848 0.1268
v -0.1954 0.6851 0.1268
v -0.1952 0.6864 0.1281
v -0.1946 0.6885 0.1279
v -0.1946 0.6885 0.1279
v -0.1952 0.6889 0.1253
v -0.1949 0.6885 0.1259
v -0.1941 0.6883 0.1250
v -0.1958 0.6888 0.1249
v -0.1945 0.6904 0.1249
v -0.1945 0.6904 0.1249
v -0.2156 0.7422 0.1170
v -0.2461 0.7695 0.0546
v -0.2501 0.7755 -0.0160
v -0.2500 0.7730 -0.0158
v -0.2500 0.7730 -0.0158
v -0.2476 0.7720 -0.0174
v -0.2476 0.7720 -0.0174
v -0.2425 0.7587 -0.0201
v -0.2421 0.7585 -0.0217
v -0.2491 0.7605 -0.0496
v -0.1918 0.6877 -0.1524
v -0.1907 0.6926 -0.1521
v -0.1907 0.6926 -0.1521
v -0.1908 0.6906 -0.1533
v -0.1908 0.6906 -0.1533
v -0.1929 0.6901 -0.1531
v -0.7692 -0.1681 0.4532
v -0.0104 0.5923 -0.2827
v 0.1245 0.5507 -0.2915
v 0.1245 0.5507 -0.2915
v 0.1282 0.5493 -0.2922
v 0.1282 0.5493 -0.2923
v 0.1816 0.5294 -0.3160
v 0.2643 0.4923 -0.4829
v 0.2109 0.4734 -0.5483
v 0.2355 0.4278 -0.6119
v 0.2269 0.4125 -0.6354
v 0.2281 0.4093 -0.6388
v 0.2088 0.4099 -0.6419
v 0.1878 0.3911 -0.6709
v 0.0387 0.2830 -0.7799
v 0.0265 0.2795 -0.7824
v 0.0265 0.2795 -0.7823
v -0.7264 -0.3869 0.4577
v -0.2240 0.2369 -0.7757
v -0.2272 0.0269 -0.8510
v -0.1384 -0.1363 -0.8812
v -0.2223 -0.4043 -0.8196
v -0.3794 -0.4275 -0.7542
v -0.3703 -0.4304 -0.7587
v -0.2214 -0.4602 -0.7992
v -0.2012 -0.4751 -0.7988
v -0.2411 -0.4526 -0.7985
v -0.2189 -0.5128 -0.7785
v -0.2121 -0.4993 -0.7872
v -0.2559 -0.4780 -0.7820
v -0.2402 -0.5027 -0.7773
v -0.2783 -0.4766 -0.7776
v -0.2354 -0.4992 -0.7784
v -0.6994 -0.5372 0.3837
v -0.2056 -0.4529 -0.8076
v -0.2820 -0.4492 -0.7859
v -0.2354 -0.4991 -0.7784
v -0.2329 -0.5010 -0.7779
v -0.2297 -0.5050 -0.7772
v -0.2994 -0.4709 -0.7703
v -0.3289 -0.4507 -0.7697
v -0.3223 -0.4457 -0.7717
v -0.3412 -0.4626 -0.7594
v -0.3520 -0.4617 -0.7531
v -0.6790 -0.6934 0.0751
v -0.3331 -0.4796 -0.7533
v -0.2297 -0.5051 -0.7773
v -0.1392 -0.4912 -0.8062
v -0.2825 -0.5047 -0.7620
v -0.0718 -0.4185 -0.8429
v -0.0699 -0.4111 -0.8452
v 0.0435 -0.4556 -0.8318
v 0.2927 -0.5844 -0.7128
v -0.7476 -0.1733 -0.5003
v 0.5791 -0.6807 -0.4050
v 0.5462 -0.6981 -0.4218
v 0.5994 -0.6960 -0.3461
v 0.6053 -0.7587 -0.1324
v 0.6001 -0.7533 -0.1844
v 0.5810 -0.7676 -0.1792
v 0.5828 -0.7610 -0.2039
v 0.6226 -0.7502 -0.0603
v 0.6073 -0.7261 0.2404
v -0.6866 -0.6435 -0.2363
v -0.7654 -0.1056 -0.4690
v 0.4193 -0.5971 0.6293
v -0.1360 -0.3644 0.8430
v -0.2384 -0.4487 0.7925
v -0.2366 -0.3808 0.8174
v -0.2453 -0.2254 0.8494
v -0.2832 0.0564 0.8243
v -0.2604 0.1976 0.7795
v -0.2529 0.1991 0.7812
v -0.1972 0.1995 0.7952
v -0.1167 0.2598 0.7763
v -0.1167 0.2598 0.7763
v -0.1170 0.2711 0.7692
v -0.1170 0.2710 0.7691
v -0.0861 0.2728 0.7713
v -0.0861 0.2728 0.7713
v -0.0688 0.2827 0.7666
v -0.0542 0.2833 0.7670
v -0.0387 0.2914 0.7620
v -0.0387 0.2914 0.7620
v -0.1546 0.6066 0.1959
v -0.1673 0.6270 0.1802
v -0.1726 0.6275 0.1765
v -0.1726 0.6275 0.1765
v -0.1726 0.6275 0.1765
v -0.1764 0.6362 0.1696
v -0.1764 0.6362 0.1696
v -0.1763 0.6393 0.1685
v -0.1767 0.6419 0.1671
v -0.1767 0.6419 0.1671
v -0.1785 0.6422 0.1650
v -0.1785 0.6422 0.1651
v -0.1780 0.6453 0.1644
v -0.1780 0.6453 0.1644
v -0.1920 0.6631 0.1426
v -0.1920 0.6631 0.1426
v -0.1939 0.6679 0.1394
v -0.1966 0.6807 0.1280
v -0.1966 0.6807 0.1280
v -0.1963 0.6844 0.1263
v -0.1963 0.6844 0.1263
v -0.1963 0.6844 0.1263
v -0.1952 0.6866 0.1264
v -0.1962 0.6888 0.1250
v -0.1962 0.6888 0.1250
v -0.1962 0.6888 0.1250
v -0.2039 0.7175 0.1208
v -0.2372 0.7526 0.0886
v -0.2488 0.7704 -0.0164
v -0.2488 0.7704 -0.0164
v -0.2467 0.7683 -0.0179
v -0.2467 0.7683 -0.0179
v -0.2464 0.7655 -0.0179
v -0.2464 0.7655 -0.0180
v -0.2416 0.7580 -0.0202
v -0.2420 0.7594 -0.0206
v -0.2420 0.7584 -0.0194
v -0.2507 0.7700 -0.0625
v -0.2544 0.7777 -0.0630
v -0.1914 0.6897 -0.1523
v -0.1914 0.6897 -0.1523
v -0.1915 0.6883 -0.1530
v -0.1918 0.6881 -0.1530
v -0.1919 0.6867 -0.1533
v -0.1917 0.6862 -0.1543
v -0.1917 0.6856 -0.1543
v -0.1913 0.6853 -0.1548
v -0.1909 0.6887 -0.1615
v -0.1156 0.6254 -0.2389
v -0.0845 0.5994 -0.2647
v 0.0090 0.5756 -0.2907
v 0.0705 0.5507 -0.3095
v 0.1191 0.5483 -0.2981
v 0.2947 0.5028 -0.4208
v 0.2269 0.4125 -0.6354
v 0.2281 0.4093 -0.6388
v 0.0387 0.2829 -0.7798
v -0.1988 0.2798 -0.7595
v -0.7045 0.2906 -0.3395
v -0.2954 -0.4500 -0.7820
v -0.3456 -0.4656 -0.7542
v -0.2295 -0.5075 -0.7763
v -0.2250 -0.5112 -0.7760
v -0.2257 -0.5104 -0.7760
v -0.0718 -0.4185 -0.8428
v 0.2765 -0.5761 -0.7262
v 0.5969 -0.7541 0.1769
v 0.5615 -0.7338 0.3181
v 0.5055 -0.6426 0.5166
v 0.3292 -0.5854 0.6861
v -0.7592 -0.0185 -0.4699
v 0.1650 -0.4785 0.7989
v -0.0657 -0.3610 0.8521
v -0.7533 0.0523 -0.4560
v -0.2191 -0.4520 0.7946
v -0.2363 -0.2527 0.8483
v -0.2118 -0.0342 0.8590
v -0.2943 0.1254 0.8002
v -0.6890 0.3897 0.0636
v -0.2636 0.2024 0.7764
v -0.2636 0.2024 0.7764
v -0.2108 0.2108 0.7865
v -0.2117 0.1965 0.7937
v -0.2117 0.1965 0.7937
v -0.1972 0.1995 0.7952
v -0.1328 0.2581 0.7753
v -0.1638 0.2573 0.7706
v -0.1670 0.2813 0.7548
v -0.0815 0.2816 0.7660
v -0.0815 0.2816 0.7660
v -0.0688 0.2827 0.7665
v -0.0549 0.2913 0.7617
v -0.0549 0.2912 0.7615
v 0.0745 0.4020 0.6616
v 0.1729 0.5075 0.4440
v 0.1035 0.5178 0.3891
v 0.0121 0.5213 0.3702
v -0.0403 0.5604 0.2816
v -0.1179 0.5570 0.2645
v -0.1784 0.6028 0.1841
v -0.1760 0.6262 0.1743
v -0.1760 0.6262 0.1743
v -0.1770 0.6319 0.1708
v -0.1770 0.6319 0.1708
v -0.1782 0.6399 0.1663
v -0.1782 0.6399 0.1663
v -0.1965 0.6396 0.1423
v -0.1927 0.6576 0.1425
v -0.1927 0.6576 0.1425
v -0.1976 0.6779 0.1273
v -0.1976 0.6779 0.1272
v -0.1963 0.6865 0.1257
v -0.2129 0.7150 0.1140
v -0.2264 0.7335 0.1013
v -0.2411 0.7645 0.0707
v -0.2456 0.7613 -0.0181
v -0.2474 0.7665 -0.0170
v -0.2474 0.7665 -0.0170
v -0.2456 0.7613 -0.0181
v -0.2426 0.7592 -0.0194
v -0.2418 0.7589 -0.0203
v -0.2418 0.7589 -0.0203
v -0.2422 0.7606 -0.0217
v -0.2422 0.7606 -0.0217
v -0.2430 0.7516 -0.0264
v -0.2507 0.7700 -0.0625
v -0.2309 0.7713 -0.1027
v -0.2314 0.7700 -0.1278
v -0.1930 0.6866 -0.1522
v -0.1928 0.6865 -0.1521
v -0.1921 0.6880 -0.1530
v -0.1918 0.6878 -0.1526
v -0.1921 0.6866 -0.1530
v -0.1919 0.6847 -0.1552
v -0.1919 0.6847 -0.1552
v -0.0314 0.5963 -0.2779
v 0.1192 0.5484 -0.2982
v 0.1258 0.5455 -0.3012
v 0.1343 0.5339 -0.3212
v 0.2232 0.4111 -0.6379
v -0.7436 0.2008 -0.3801
v -0.2172 -0.2959 -0.8522
v -0.3811 -0.4191 -0.7591
v -0.3455 -0.4655 -0.7541
v -0.3433 -0.4674 -0.7539
v -0.3433 -0.4674 -0.7539
v -0.0703 -0.4296 -0.8395
v -0.0703 -0.4295 -0.8393
v 0.1342 -0.5219 -0.7919
v -0.7179 0.3243 -0.2295
v 0.3383 -0.6462 -0.6471
v 0.5799 -0.7777 -0.1237
v 0.5902 -0.7617 0.1516
v 0.5506 -0.7023 0.3971
v 0.4356 -0.6007 0.6170
v -0.6628 0.4147 -0.0369
v 0.0560 -0.3798 0.8480
v -0.2615 -0.0217 0.8442
v -0.3414 0.1012 0.7889
v -0.3468 0.1053 0.7851
v -0.3414 0.1012 0.7889
v -0.3411 0.1116 0.7853
v -0.3411 0.1116 0.7853
v -0.3475 0.1141 0.7814
v -0.3342 0.1113 0.7881
v -0.3342 0.1113 0.7881
v -0.2948 0.1794 0.7775
v -0.2571 0.2004 0.7792
v -0.2571 0.2004 0.7792
v -0.2108 0.2108 0.7864
v -0.1953 0.2109 0.7897
v -0.1953 0.2109 0.7896
v -0.1329 0.2580 0.7754
v -0.1451 0.3144 0.7350
v -0.0891 0.2999 0.7524
v -0.0705 0.2903 0.7611
v -0.0705 0.2903 0.7611
v -0.0705 0.2903 0.7611
v -0.0702 0.3015 0.7536
v -0.0702 0.3012 0.7533
v 0.1635 0.5118 0.4202
v 0.0426 0.5189 0.3805
v -0.0116 0.5275 0.3421
v -0.1051 0.5543 0.2756
v -0.1768 0.6154 0.1787
v -0.1767 0.6207 0.1768
v -0.1764 0.6206 0.1764
v -0.1994 0.6679 0.1290
v -0.1993 0.6747 0.1270
v -0.2032 0.6944 0.1220
v -0.2529 0.7691 0.0041
v -0.2421 0.7583 -0.0195
v -0.2402 0.7561 -0.0184
v -0.2415 0.7566 -0.0194
v -0.2415 0.7566 -0.0194
v -0.2415 0.7566 -0.0194
v -0.2408 0.7556 -0.0202
v -0.2405 0.7560 -0.0199
v -0.2405 0.7558 -0.0196
v -0.2403 0.7559 -0.0201
v -0.2401 0.7549 -0.0198
v -0.2409 0.7544 -0.0205
v -0.2397 0.7548 -0.0205
v -0.2397 0.7548 -0.0205
v -0.2398 0.7546 -0.0209
v -0.2408 0.7568 -0.0204
v -0.2404 0.7564 -0.0209
v -0.2403 0.7562 -0.0205
v -0.2403 0.7562 -0.0212
v -0.2409 0.7573 -0.0206
v -0.2409 0.7573 -0.0206
v -0.2409 0.7573 -0.0206
v -0.2409 0.7573 -0.0206
v -0.2409 0.7573 -0.0206
v -0.2418 0.7569 -0.0224
v -0.2418 0.7587 -0.0219
v -0.2418 0.7587 -0.0219
v -0.2418 0.7587 -0.0219
v -0.2117 0.7163 -0.1399
v -0.1943 0.6808 -0.1529
v -0.1926 0.6846 -0.1534
v -0.1926 0.6846 -0.1534
v -0.1926 0.6846 -0.1534
v -0.1927 0.6817 -0.1553
v -0.0835 0.6198 -0.2562
v -0.0097 0.5743 -0.2957
v 0.1577 0.5264 -0.3352
v 0.2332 0.5159 -0.3472
v -0.7311 0.2826 0.2732
v 0.2601 0.4935 -0.4785
v 0.2435 0.4850 -0.5095
v 0.2232 0.4111 -0.6379
v 0.0564 0.3273 -0.7496
v 0.0518 0.3073 -0.7637
v 0.0410 0.3060 -0.7650
v 0.0410 0.3060 -0.7650
v -0.7839 0.1399 0.3267
v -0.3406 0.0458 -0.8105
v -0.1636 -0.2095 -0.8730
v -0.7349 -0.4355 0.4112
v -0.3865 -0.4425 -0.7459
v -0.3850 -0.4437 -0.7464
v -0.3852 -0.4435 -0.7463
v -0.3417 -0.4688 -0.7541
v -0.3366 -0.4741 -0.7539
v -0.1777 -0.5291 -0.7822
v -0.0812 -0.4808 -0.8198
v -0.0703 -0.4450 -0.8337
v -0.0703 -0.4450 -0.8337
v -0.0547 -0.4456 -0.8344
v -0.0547 -0.4456 -0.8344
v 0.0791 -0.4674 -0.8240
v 0.4776 -0.7180 -0.4711
v 0.2666 -0.5185 0.7497
v 0.0600 -0.4308 0.8293
v 0.0895 -0.4281 0.8274
v -0.1209 -0.4688 0.8091
v -0.1533 -0.4668 0.7989
v -0.2643 -0.4373 0.7881
v -0.2723 -0.4137 0.7947
v -0.2647 -0.1730 0.8467
v -0.2291 -0.1235 0.8601
v -0.3437 0.0959 0.7896
v -0.3467 0.1053 0.7850
v -0.3269 0.1206 0.7877
v -0.3269 0.1206 0.7876
v -0.3010 0.1603 0.7830
v -0.2952 0.1724 0.7802
v -0.2824 0.1883 0.7775
v -0.2824 0.1883 0.7775
v -0.2726 0.1988 0.7755
v -0.2665 0.2150 0.7690
v -0.2345 0.2754 0.7404
v -0.2322 0.2322 0.7699
v -0.1915 0.2243 0.7831
v -0.1915 0.2243 0.7831
v -0.1854 0.2280 0.7825
v -0.1854 0.2280 0.7825
v -0.1632 0.2397 0.7813
v -0.1632 0.2397 0.7813
v -0.1637 0.2574 0.7704
v -0.0891 0.2999 0.7524
v 0.0311 0.3682 0.6975
v 0.1031 0.4290 0.6250
v -0.0049 0.5165 0.4114
v -0.0167 0.5425 0.3077
v -0.1395 0.5566 0.2598
v -0.1612 0.5910 0.2001
v -0.1993 0.6747 0.1270
v -0.2387 0.7521 -0.0196
v -0.2391 0.7527 -0.0196
v -0.2395 0.7528 -0.0194
v -0.2386 0.7522 -0.0195
v -0.2390 0.7532 -0.0205
v -0.2390 0.7532 -0.0205
v -0.2390 0.7532 -0.0205
v -0.2402 0.7519 -0.0204
v -0.2390 0.7532 -0.0205
v -0.2390 0.7532 -0.0205
v -0.2403 0.7563 -0.0216
v -0.2400 0.7548 -0.0218
v -0.2400 0.7548 -0.0218
v -0.2400 0.7548 -0.0218
v -0.2403 0.7563 -0.0216
v -0.2415 0.7567 -0.0224
v -0.2415 0.7567 -0.0224
v -0.2437 0.7655 -0.0723
v -0.2220 0.7345 -0.1172
v -0.1935 0.6793 -0.1541
v -0.1936 0.6793 -0.1542
v -0.1926 0.6817 -0.1553
v -0.1666 0.6905 -0.1916
v -0.1560 0.6816 -0.2005
v -0.0039 0.5616 -0.3073
v 0.1071 0.5389 -0.3210
v 0.1258 0.5455 -0.3012
v 0.2067 0.4411 -0.6047
v 0.2112 0.4162 -0.6347
v 0.2112 0.4162 -0.6346
v 0.2081 0.4143 -0.6374
v 0.0518 0.3073 -0.7637
v -0.1544 0.3461 -0.7190
v -0.2901 0.1782 -0.7886
v -0.2478 0.0201 -0.8490
v -0.2467 -0.0220 -0.8544
v -0.2354 -0.1906 -0.8601
v -0.2766 -0.3501 -0.8249
v -0.7206 -0.4681 0.4092
v -0.3828 -0.4456 -0.7463
v -0.3831 -0.4454 -0.7465
v -0.3462 -0.4750 -0.7514
v -0.3414 -0.4698 -0.7548
v -0.3408 -0.4703 -0.7546
v -0.3404 -0.4703 -0.7539
v -0.3385 -0.4722 -0.7538
v -0.3385 -0.4722 -0.7539
v -0.3366 -0.4741 -0.7539
v -0.3178 -0.5011 -0.7496
v -0.2613 -0.5173 -0.7633
v -0.2096 -0.5331 -0.7699
v -0.1104 -0.5115 -0.8021
v -0.0701 -0.4571 -0.8291
v -0.0702 -0.4571 -0.8292
v -0.0544 -0.4574 -0.8297
v -0.0544 -0.4574 -0.8297
v -0.0348 -0.4807 -0.8209
v -0.0348 -0.4807 -0.8209
v -0.0351 -0.4882 -0.8175
v 0.1536 -0.5577 -0.7715
v 0.2385 -0.5557 -0.7487
v 0.2875 -0.6163 -0.6940
v 0.3001 -0.6321 -0.6760
v 0.3841 -0.7037 -0.5638
v 0.5171 -0.7074 -0.4424
v 0.5600 -0.7478 0.2846
v 0.4641 -0.6080 0.5903
v 0.1047 -0.4833 0.8050
v -0.0292 -0.3955 0.8424
v -0.1452 -0.4723 0.7991
v -0.2974 0.0120 0.8283
v -0.3492 0.0657 0.7950
v -0.3455 0.0825 0.7925
v -0.3455 0.0825 0.7925
v -0.3484 0.0754 0.7930
v -0.3484 0.0754 0.7930
v -0.1811 0.2402 0.7765
v -0.1811 0.2402 0.7765
v -0.1170 0.3338 0.7237
v -0.0862 0.3080 0.7466
v -0.0862 0.3080 0.7466
v 0.0232 0.5174 0.3964
v -0.0167 0.5212 0.3742
v -0.0694 0.5585 0.2770
v -0.1946 0.6227 0.1546
v -0.1993 0.6678 0.1290
v -0.2009 0.6665 0.1279
v -0.2382 0.7509 -0.0195
v -0.2392 0.7504 -0.0201
v -0.2396 0.7493 -0.0209
v -0.2398 0.7523 -0.0208
v -0.2390 0.7525 -0.0215
v -0.2386 0.7520 -0.0215
v -0.2394 0.7527 -0.0219
v -0.2394 0.7527 -0.0219
v -0.2398 0.7494 -0.0231
v -0.2371 0.7784 -0.0898
v -0.2191 0.7311 -0.1299
v -0.2044 0.6925 -0.1452
v -0.1722 0.6759 -0.1865
v 0.1783 0.5249 -0.3352
v 0.2148 0.5189 -0.3430
v 0.2513 0.5124 -0.3678
v 0.2621 0.5110 -0.3799
v -0.2289 0.2806 -0.7517
v -0.2516 0.2117 -0.7833
v -0.3147 0.1470 -0.7917
v -0.3551 0.1115 -0.7855
v -0.3699 0.0904 -0.7846
v -0.2372 -0.0424 -0.8598
v -0.3148 -0.4088 -0.7922
v -0.3593 -0.4074 -0.7754
v -0.2040 -0.5412 -0.7679
v -0.1768 -0.5290 -0.7822
v -0.0551 -0.4648 -0.8267
v -0.0551 -0.4648 -0.8268
v -0.0450 -0.4719 -0.8240
v -0.0428 -0.4802 -0.8206
v -0.0428 -0.4802 -0.8206
v 0.1973 -0.5637 -0.7559
v 0.4363 -0.7405 -0.4705
v 0.5758 -0.7548 -0.2499
v 0.5848 -0.7818 -0.0234
v 0.5940 -0.7736 0.0488
v 0.4981 -0.6898 0.4731
v 0.4666 -0.6818 0.5093
v 0.4645 -0.6687 0.5270
v -0.6313 -0.7449 -0.0367
v -0.1425 -0.4743 0.7994
v -0.1515 -0.4679 0.7986
v -0.2634 -0.2084 0.8436
v -0.3498 0.0989 0.7855
v -0.3483 0.0900 0.7891
v -0.3483 0.0900 0.7891
v -0.3498 0.0990 0.7856
v -0.3199 0.1324 0.7861
v -0.3167 0.1437 0.7830
v -0.3167 0.1437 0.7830
v -0.3133 0.1517 0.7812
v -0.3133 0.1517 0.7812
v -0.3010 0.1603 0.7830
v -0.2952 0.1724 0.7802
v -0.2948 0.1793 0.7774
v -0.2870 0.1933 0.7737
v -0.2870 0.1933 0.7737
v -0.2812 0.1935 0.7754
v -0.2812 0.1935 0.7754
v -0.2725 0.1988 0.7755
v -0.1016 0.3170 0.7380
v -0.1016 0.3170 0.7380
v -0.0151 0.5187 0.3848
v -0.1786 0.6029 0.1843
v -0.1768 0.6154 0.1787
v -0.2129 0.6929 0.1136
v -0.2398 0.7441 -0.0164
v -0.2358 0.7431 -0.0194
v -0.2359 0.7429 -0.0192
v -0.2351 0.7421 -0.0204
v -0.2353 0.7427 -0.0196
v -0.2347 0.7422 -0.0196
v -0.2347 0.7422 -0.0196
v -0.2368 0.7420 -0.0218
v -0.2374 0.7488 -0.0204
v -0.2374 0.7488 -0.0204
v -0.2374 0.7488 -0.0204
v -0.1947 0.6787 -0.1533
v -0.1935 0.6793 -0.1542
v -0.1935 0.6793 -0.1542
v -0.1937 0.6781 -0.1554
v -0.1943 0.6781 -0.1559
v -0.1937 0.6781 -0.1554
v -0.1947 0.6718 -0.1579
v -0.0817 0.5787 -0.2773
v 0.0146 0.5576 -0.3074
v 0.0393 0.5463 -0.3220
v 0.0850 0.5366 -0.3323
v 0.1208 0.5420 -0.3100
v 0.1208 0.5420 -0.3100
v 0.1229 0.5344 -0.3273
v 0.2133 0.4870 -0.5217
v 0.2088 0.4099 -0.6419
v 0.1371 0.3703 -0.7038
v 0.0697 0.3609 -0.7202
v 0.0564 0.3272 -0.7492
v -0.3567 0.0469 -0.8055
v -0.7477 -0.4548 -0.3785
v -0.1819 -0.1125 -0.8753
v -0.7571 -0.4226 -0.3854
v -0.2758 -0.3885 -0.8119
v -0.3337 -0.3922 -0.7891
v -0.3756 -0.4729 -0.7381
v -0.1752 -0.5591 -0.7648
v -0.1582 -0.5623 -0.7680
v -0.1828 -0.5295 -0.7805
v -0.0351 -0.4882 -0.8175
v 0.1139 -0.4852 -0.8129
v 0.1199 -0.4865 -0.8118
v 0.1193 -0.4865 -0.8119
v -0.7111 0.2432 -0.3918
v 0.2693 -0.6441 -0.6762
v 0.4246 -0.7362 -0.4896
v -0.7658 -0.2684 -0.4511
v 0.4979 -0.7245 -0.4392
v 0.5639 -0.7357 -0.3274
v 0.5426 -0.7574 0.2944
v 0.5296 -0.7211 0.3930
v 0.2476 -0.5497 0.7373
v 0.2121 -0.4820 0.7839
v -0.1181 -0.4321 0.8229
v -0.7539 -0.1164 -0.4875
v -0.2772 -0.0417 0.8430
v -0.2967 -0.0409 0.8352
v -0.3406 0.0215 0.8116
v -0.3492 0.0657 0.7950
v -0.3049 0.1798 0.7733
v -0.1016 0.3250 0.7324
v -0.1016 0.3247 0.7320
v -0.0533 0.3660 0.6985
v 0.1032 0.5105 0.4528
v -0.0143 0.5157 0.3975
v -0.0441 0.5346 0.3239
v -0.0390 0.5502 0.2947
v -0.0938 0.5530 0.2779
v -0.1808 0.5994 0.1843
v -0.1810 0.5996 0.1845
v -0.1791 0.6087 0.1802
v -0.1792 0.6088 0.1803
v -0.2334 0.7342 -0.0208
v -0.2334 0.7335 -0.0206
v -0.2332 0.7303 -0.0210
v -0.2480 0.7646 -0.0624
v -0.2480 0.7646 -0.0624
v -0.2490 0.7678 -0.0637
v -0.2490 0.7678 -0.0637
v -0.1946 0.6787 -0.1533
v -0.1946 0.6787 -0.1533
v 0.2583 0.5116 -0.3924
v 0.2151 0.4622 -0.5667
v 0.2081 0.4144 -0.6374
v 0.1716 0.4189 -0.6433
v 0.0677 0.3452 -0.7335
v 0.0547 0.3362 -0.7423
v -0.2732 0.2218 -0.7702
v -0.7604 0.1596 -0.3828
v -0.3800 0.0935 -0.7820
v -0.3348 -0.3853 -0.7916
v -0.3343 -0.3910 -0.7893
v -0.3343 -0.3908 -0.7893
v -0.3349 -0.3897 -0.7894
v -0.3380 -0.3888 -0.7874
v -0.3360 -0.3917 -0.7875
v -0.3826 -0.3949 -0.7690
v -0.2739 -0.5385 -0.7471
v -0.2683 -0.5459 -0.7439
v -0.2721 -0.5585 -0.7374
v -0.1329 -0.5403 -0.7849
v -0.0848 -0.5352 -0.7944
v -0.0234 -0.4921 -0.8163
v -0.0234 -0.4921 -0.8163
v 0.1141 -0.4853 -0.8129
v 0.1075 -0.5671 -0.7698
v -0.7203 0.3040 -0.2739
v 0.3470 -0.6937 -0.6003
v 0.3416 -0.7275 -0.5650
v 0.3620 -0.7298 -0.5457
v 0.4456 -0.7469 -0.4566
v 0.5397 -0.7424 -0.3527
v 0.5709 -0.7907 -0.0552
v 0.5300 -0.7220 0.3917
v 0.4982 -0.7203 0.4313
v -0.7968 0.1170 0.3196
v 0.3903 -0.5779 0.6603
v 0.2688 -0.5793 0.7084
v -0.7367 0.3092 -0.2073
v 0.0515 -0.4800 0.8084
v -0.1362 -0.4785 0.7999
v -0.2699 -0.4453 0.7812
v -0.2816 -0.2678 0.8315
v -0.2563 -0.2434 0.8428
v -0.2414 -0.0886 0.8565
v -0.3557 0.0519 0.7950
v -0.3557 0.0519 0.7950
v -0.3734 0.1198 0.7692
v -0.3047 0.1797 0.7730
v -0.1837 0.3364 0.7083
v -0.1170 0.3336 0.7234
v -0.1673 0.5582 0.2311
v -0.2122 0.6121 0.1345
v -0.2481 0.7717 0.0295
v -0.2448 0.7478 0.0055
v -0.2423 0.7400 -0.0071
v -0.2337 0.7335 -0.0192
v -0.2334 0.7334 -0.0191
v -0.2324 0.7345 -0.0198
v -0.2326 0.7329 -0.0197
v -0.2327 0.7328 -0.0195
v -0.2326 0.7328 -0.0197
v -0.2344 0.7156 -0.0155
v -0.2342 0.7329 -0.0193
v -0.2423 0.7376 -0.0366
v -0.1871 0.6794 -0.1691
v 0.0395 0.5333 -0.3490
v 0.0772 0.5348 -0.3383
v 0.0772 0.5348 -0.3383
v 0.0850 0.5366 -0.3323
v 0.1071 0.5390 -0.3210
v 0.1135 0.5398 -0.3173
v 0.1135 0.5398 -0.3173
v 0.1121 0.4195 -0.6563
v 0.0677 0.3453 -0.7335
v 0.0547 0.3360 -0.7421
v -0.4013 0.0929 -0.7720
v -0.3717 0.0648 -0.7931
v -0.3247 0.0591 -0.8150
v -0.2868 0.0270 -0.8353
v -0.3376 -0.3899 -0.7877
v -0.3883 -0.3924 -0.7656
v -0.3897 -0.3917 -0.7649
v -0.3897 -0.3917 -0.7650
v -0.3884 -0.3923 -0.7655
v -0.2275 -0.5400 -0.7624
v -0.0196 -0.5022 -0.8117
v -0.0196 -0.5022 -0.8117
v -0.0081 -0.5065 -0.8098
v -0.7259 0.3082 0.2372
v 0.1707 -0.5876 -0.7460
v -0.7382 0.2452 0.3146
v 0.2291 -0.6765 -0.6639
v 0.3010 -0.6842 -0.6324
v 0.3977 -0.7402 -0.5069
v 0.5024 -0.7205 -0.4400
v 0.5453 -0.7986 -0.1496
v 0.5395 -0.7844 0.2171
v 0.5245 -0.7603 0.3210
v 0.5286 -0.7195 0.3974
v 0.2624 -0.6025 0.6974
v -0.2827 -0.3597 0.8097
v -0.4026 0.1373 0.7485
v -0.4027 0.1701 0.7322
v -0.4251 0.1359 0.7354
v -0.4347 0.1481 0.7266
v -0.1178 0.3411 0.7167
v -0.1178 0.3411 0.7167
v -0.8010 0.0909 0.3322
v -0.0145 0.5162 0.3976
v -0.0438 0.5202 0.3677
v -0.2218 0.6239 0.1156
v -0.2072 0.6596 0.1240
v -0.7864 0.0677 0.3819
v -0.2308 0.7228 -0.0195
v -0.2306 0.7228 -0.0194
v -0.2312 0.7232 -0.0195
v -0.2308 0.7228 -0.0196
v -0.2308 0.7228 -0.0195
v -0.2319 0.7236 -0.0190
v -0.2315 0.7235 -0.0189
v -0.2331 0.7303 -0.0211
v -0.2339 0.7305 -0.0210
v -0.2340 0.7305 -0.0217
v -0.2032 0.6606 -0.1484
v -0.1993 0.6643 -0.1524
v -0.1960 0.6709 -0.1552
v -0.1956 0.6720 -0.1546
v -0.1955 0.6720 -0.1548
v -0.8000 -0.0079 0.3873
v -0.1014 0.5833 -0.2656
v 0.0867 0.5332 -0.3403
v 0.0867 0.5332 -0.3403
v 0.1962 0.4184 -0.6364
v 0.1962 0.4184 -0.6364
v 0.0697 0.3607 -0.7199
v -0.2787 -0.0418 -0.8478
v -0.3853 -0.4004 -0.7637
v -0.4059 -0.4542 -0.7304
v -0.3821 -0.4864 -0.7285
v -0.3001 -0.5290 -0.7432
v -0.2109 -0.5706 -0.7499
v -0.1802 -0.5671 -0.7607
v -0.1674 -0.5702 -0.7608
v -0.1352 -0.5854 -0.7588
v -0.0078 -0.5317 -0.7973
v -0.0078 -0.5317 -0.7973
v 0.0533 -0.5568 -0.7820
v 0.2598 -0.6952 -0.6382
v 0.3161 -0.7031 -0.6056
v 0.2967 -0.7293 -0.5856
v 0.5225 -0.7821 -0.2820
v 0.5681 -0.7932 0.0191
v 0.5406 -0.7928 0.1774
v 0.4134 -0.7086 0.5201
v 0.1846 -0.5279 0.7662
v 0.1319 -0.5182 0.7822
v -0.2843 -0.4190 0.7873
v -0.3576 0.0450 0.7956
v -0.3576 0.0450 0.7956
v -0.3605 0.0412 0.7950
v -0.3605 0.0412 0.7949
v -0.1603 0.3804 0.6723
v -0.1169 0.3498 0.7089
v -0.1169 0.3498 0.7089
v -0.1013 0.3672 0.6953
v 0.0832 0.4731 0.5621
v 0.0707 0.5028 0.4924
v 0.0847 0.5139 0.4234
v 0.0198 0.5116 0.4542
v -0.0560 0.5238 0.3590
v -0.1693 0.5751 0.2086
v -0.1806 0.5969 0.1862
v -0.1806 0.5969 0.1862
v -0.2318 0.7094 -0.0184
v -0.2306 0.7228 -0.0200
v -0.2314 0.7235 -0.0204
v -0.2314 0.7235 -0.0204
v -0.2312 0.7250 -0.0210
v -0.2314 0.7235 -0.0204
v -0.2312 0.7236 -0.0207
v -0.2448 0.7559 -0.0627
v -0.2468 0.7619 -0.0630
v -0.2466 0.7620 -0.0629
v -0.7371 -0.4311 0.4117
v -0.1957 0.6708 -0.1553
v 0.0176 0.5482 -0.3197
v 0.0741 0.5320 -0.3464
v 0.0741 0.5320 -0.3464
v 0.0768 0.5310 -0.3491
v 0.0768 0.5310 -0.3490
v 0.1025 0.5369 -0.3271
v 0.1025 0.5369 -0.3271
v 0.2255 0.5034 -0.4671
v 0.2190 0.4926 -0.5052
v 0.1858 0.4851 -0.5367
v 0.1640 0.4615 -0.5876
v 0.1714 0.4184 -0.6429
v 0.1488 0.4167 -0.6505
v 0.0548 0.3632 -0.7187
v 0.0548 0.3632 -0.7187
v -0.7009 -0.5166 0.4018
v -0.2931 0.2162 -0.7683
v -0.3777 0.1418 -0.7681
v -0.4165 0.0699 -0.7695
v -0.4089 0.1126 -0.7603
v -0.2962 -0.0394 -0.8414
v -0.2976 0.0139 -0.8327
v -0.6348 -0.6661 0.3052
v -0.3912 -0.3917 -0.7640
v -0.3912 -0.3918 -0.7640
v -0.4101 -0.4501 -0.7304
v -0.3686 -0.4951 -0.7304
v -0.3592 -0.5044 -0.7308
v -0.5971 -0.7341 0.2382
v -0.2281 -0.5467 -0.7584
v -0.2280 -0.5461 -0.7588
v -0.2275 -0.5404 -0.7621
v -0.0681 -0.5547 -0.7853
v -0.0547 -0.5395 -0.7936
v 0.2504 -0.6605 -0.6714
v 0.5262 -0.8162 -0.0781
v -0.6254 -0.7445 -0.1024
v 0.5672 -0.7874 0.1070
v -0.6029 -0.7492 -0.1824
v 0.3866 -0.6385 0.6147
v 0.1758 -0.5769 0.7424
v 0.0194 -0.4762 0.8137
v 0.0025 -0.4287 0.8334
v -0.1882 -0.5088 0.7751
v -0.2764 -0.4306 0.7842
v -0.2795 -0.4259 0.7853
v -0.6879 -0.6376 -0.2569
v -0.2940 -0.3079 0.8179
v -0.2823 -0.2183 0.8383
v -0.2806 -0.0897 0.8447
v -0.3656 0.0298 0.7949
v -0.3656 0.0298 0.7949
v -0.2917 0.2405 0.7452
v -0.2473 0.3583 0.6691
v -0.1027 0.3749 0.6874
v -0.1030 0.3588 0.7026
v -0.1030 0.3588 0.7026
v -0.0953 0.3752 0.6877
v -0.0725 0.4165 0.6433
v -0.0365 0.5167 0.4027
v -0.1063 0.5407 0.2974
v -0.1264 0.5418 0.2847
v -0.1825 0.5952 0.1861
v -0.1825 0.5952 0.1861
v -0.2062 0.5976 0.1587
v -0.2384 0.7134 -0.0101
v -0.2306 0.7178 -0.0202
v -0.2316 0.7139 -0.0218
v -0.2325 0.7244 -0.0216
v -0.2346 0.7247 -0.0232
v -0.2347 0.7246 -0.0231
v -0.2406 0.7360 -0.0300
v -0.2266 0.7461 -0.1002
v -0.1974 0.6656 -0.1529
v -0.1979 0.6657 -0.1533
v -0.1921 0.6505 -0.1675
v -0.1301 0.6130 -0.2340
v -0.0414 0.5631 -0.2980
v -0.7238 -0.5291 -0.3571
v 0.0184 0.5322 -0.3519
v 0.0743 0.5292 -0.3553
v 0.0914 0.5254 -0.3630
v 0.1892 0.5168 -0.3822
v 0.1837 0.5159 -0.3871
v 0.1838 0.5159 -0.3873
v -0.7132 -0.5032 -0.4002
v 0.1795 0.5175 -0.3754
v 0.1829 0.5160 -0.3848
v 0.1844 0.5157 -0.3893
v 0.2438 0.5081 -0.4248
v 0.1988 0.4918 -0.5121
v 0.1208 0.4365 -0.6332
v 0.1615 0.4202 -0.6436
v 0.1614 0.4202 -0.6435
v -0.7377 -0.4671 -0.3864
v 0.1329 0.4203 -0.6506
v 0.0555 0.3845 -0.6990
v 0.0555 0.3845 -0.6990
v 0.0157 0.3834 -0.7017
v -0.1308 0.3580 -0.7160
v -0.3131 -0.0328 -0.8361
v -0.2803 -0.0836 -0.8481
v -0.2505 -0.2968 -0.8430
v -0.2828 -0.3093 -0.8313
v -0.3252 -0.3517 -0.8069
v -0.3489 -0.3662 -0.7913
v -0.4085 -0.4518 -0.7306
v -0.3588 -0.5048 -0.7306
v -0.3587 -0.5050 -0.7305
v -0.2732 -0.5732 -0.7277
v -0.0681 -0.5545 -0.7850
v -0.0531 -0.5822 -0.7665
v -0.0800 -0.5805 -0.7681
v -0.0667 -0.5610 -0.7812
v -0.0667 -0.5610 -0.7811
v -0.0722 -0.5669 -0.7771
v -0.0722 -0.5669 -0.7771
v -0.0885 -0.5802 -0.7678
v -0.0382 -0.5702 -0.7753
v -0.0234 -0.5399 -0.7929
v -0.0234 -0.5399 -0.7929
v 0.3760 -0.7546 -0.5021
v 0.4999 -0.8285 -0.0992
v 0.5203 -0.8217 0.0033
v 0.5232 -0.8144 0.1017
v -0.2608 -0.4705 0.7717
v -0.3668 0.0273 0.7949
v -0.3668 0.0272 0.7949
v -0.4354 0.1720 0.7138
v -0.2124 0.3861 0.6524
v -0.1013 0.3670 0.6950
v -0.0953 0.3751 0.6877
v -0.0912 0.3817 0.6811
v -0.0912 0.3817 0.6811
v 0.0410 0.5132 0.4465
v -0.0623 0.5383 0.3087
v -0.1522 0.5443 0.2734
v -0.2333 0.7294 0.0830
v -0.2308 0.7105 -0.0195
v -0.2308 0.7105 -0.0194
v -0.2311 0.7105 -0.0196
v -0.2308 0.7105 -0.0197
v -0.2339 0.7229 -0.0229
v -0.2339 0.7229 -0.0229
v -0.2427 0.7382 -0.0512
v -0.2448 0.7559 -0.0627
v -0.2117 0.6847 -0.1347
v -0.1993 0.6643 -0.1524
v -0.0824 0.5666 -0.2865
v 0.0723 0.5249 -0.3688
v 0.0743 0.5292 -0.3553
v 0.0768 0.5275 -0.3615
v 0.2086 0.4923 -0.5089
v 0.1488 0.4167 -0.6505
v 0.1329 0.4202 -0.6506
v 0.0663 0.4157 -0.6664
v 0.0663 0.4157 -0.6664
v 0.0512 0.4062 -0.6786
v 0.0512 0.4061 -0.6786
v 0.0426 0.3999 -0.6855
v -0.4011 0.0639 -0.7830
v -0.3719 0.0735 -0.7910
v -0.2518 -0.1705 -0.8590
v -0.4109 -0.3714 -0.7614
v -0.3996 -0.4000 -0.7587
v -0.3646 -0.5059 -0.7283
v -0.3471 -0.5151 -0.7319
v -0.0741 -0.5741 -0.7722
v -0.0741 -0.5741 -0.7722
v -0.0800 -0.5805 -0.7681
v -0.0885 -0.5802 -0.7677
v -0.0548 -0.5538 -0.7856
v -0.0548 -0.5538 -0.7856
v -0.0547 -0.5395 -0.7935
v -0.0389 -0.5398 -0.7930
v -0.0389 -0.5398 -0.7930
v -0.0392 -0.5533 -0.7852
v -0.6898 0.3158 -0.3279
v 0.0722 -0.5387 -0.7917
v 0.2806 -0.7884 -0.5165
v 0.4597 -0.7717 0.3815
v 0.4600 -0.7157 0.4740
v -0.0295 -0.4932 0.8067
v -0.0149 -0.4815 0.8110
v -0.0316 -0.4737 0.8156
v -0.2857 -0.4412 0.7807
v -0.2773 -0.1351 0.8458
v -0.3774 -0.0017 0.7956
v -0.3760 0.0060 0.7951
v -0.3760 0.0060 0.7952
v -0.3700 0.0284 0.7932
v -0.3700 0.0284 0.7932
v -0.3935 0.2092 0.7174
v -0.1026 0.3748 0.6873
v -0.0904 0.3872 0.6753
v -0.0904 0.3871 0.6752
v 0.0055 0.4476 0.6067
v -0.0223 0.5151 0.4145
v -0.0650 0.5268 0.3400
v -0.1842 0.5913 0.1883
v -0.1826 0.5930 0.1879
v -0.1826 0.5930 0.1879
v -0.1856 0.5911 0.1874
v -0.2169 0.6586 0.1109
v -0.2299 0.6953 0.0800
v -0.2359 0.7331 0.0455
v -0.2347 0.6987 -0.0185
v -0.2315 0.7099 -0.0187
v -0.2316 0.7098 -0.0185
v -0.2353 0.7152 -0.0245
v -0.2441 0.7515 -0.0606
v -0.2441 0.7515 -0.0606
v -0.2012 0.6608 -0.1510
v 0.0010 0.5516 -0.3182
v 0.0174 0.5279 -0.3661
v 0.0762 0.5260 -0.3668
v 0.0768 0.5274 -0.3615
v 0.0762 0.5260 -0.3668
v 0.1397 0.5253 -0.3511
v 0.1794 0.5156 -0.3830
v 0.2076 0.4923 -0.5092
v 0.1185 0.4531 -0.6108
v 0.1191 0.4202 -0.6533
v 0.1121 0.4192 -0.6561
v 0.0694 0.4195 -0.6614
v 0.0694 0.4195 -0.6614
v -0.0700 0.3828 -0.7005
v -0.1178 0.3881 -0.6902
v -0.2734 0.3355 -0.6956
v -0.2770 0.2476 -0.7562
v -0.2805 -0.0891 -0.8482
v -0.2984 -0.2188 -0.8384
v -0.2997 -0.2526 -0.8355
v -0.3000 -0.2835 -0.8303
v -0.4201 -0.4123 -0.7423
v -0.4288 -0.4406 -0.7235
v -0.1334 -0.5766 -0.7643
v -0.1334 -0.5766 -0.7643
v -0.1308 -0.5817 -0.7618
v -0.1308 -0.5817 -0.7618
v -0.0392 -0.5534 -0.7854
v 0.0986 -0.6138 -0.7449
v 0.2139 -0.6223 -0.7155
v -0.7462 0.2150 0.3361
v 0.2491 -0.7058 -0.6313
v 0.3379 -0.7909 -0.4720
v 0.4914 -0.8118 -0.2402
v 0.5054 -0.7793 0.3014
v 0.4264 -0.7185 0.4964
v 0.4091 -0.6940 0.5429
v 0.3222 -0.6744 0.6180
v 0.3117 -0.6482 0.6436
v -0.0971 -0.5069 0.7932
v -0.1582 -0.5010 0.7839
v -0.3066 -0.3474 0.8031
v -0.2540 0.3287 0.6939
v -0.1551 0.3960 0.6561
v -0.1025 0.3945 0.6660
v -0.1025 0.3945 0.6660
v -0.0400 0.4741 0.5609
v 0.0341 0.5027 0.4929
v 0.0026 0.5134 0.4456
v -0.0216 0.5103 0.4671
v -0.7993 0.0544 0.3575
v -0.7993 0.0527 0.3590
v -0.0717 0.5170 0.3832
v -0.2331 0.7008 -0.0192
v -0.2317 0.7094 -0.0208
v -0.2314 0.7097 -0.0207
v -0.2315 0.7099 -0.0204
v -0.2352 0.7190 -0.0245
v -0.2352 0.7190 -0.0245
v -0.2362 0.7148 -0.0256
v -0.2013 0.6609 -0.1510
v 0.1813 0.5143 -0.4013
v 0.1833 0.5084 -0.4613
v 0.1993 0.4919 -0.5119
v 0.0548 0.4170 -0.6658
v 0.0548 0.4170 -0.6658
v -0.1567 0.4039 -0.6645
v -0.4027 0.1410 -0.7508
v -0.4325 0.0954 -0.7559
v -0.3031 0.0505 -0.8236
v -0.2805 -0.0891 -0.8482
v -0.4300 -0.4400 -0.7231
v -0.4289 -0.4429 -0.7235
v -0.4288 -0.4424 -0.7229
v -0.1242 -0.5836 -0.7617
v -0.1242 -0.5835 -0.7617
v -0.1000 -0.5811 -0.7660
v -0.1000 -0.5811 -0.7661
v -0.7561 -0.1583 0.4753
v 0.0896 -0.5693 -0.7720
v 0.1591 -0.5950 -0.7443
v 0.2211 -0.6661 -0.6787
v 0.1987 -0.6915 -0.6622
v 0.2987 -0.7943 -0.4920
v 0.4988 -0.8132 0.1900
v 0.4492 -0.7935 0.3454
v 0.2172 -0.6061 0.7122
v -0.2465 -0.4876 0.7695
v -0.2903 -0.4018 0.7915
v -0.6222 -0.7431 0.1109
v -0.4020 0.0341 0.7800
v -0.0388 0.5136 0.4516
v -0.7222 -0.4345 0.4350
v -0.1856 0.5911 0.1874
v -0.2357 0.6992 -0.0187
v -0.2328 0.7009 -0.0195
v -0.2328 0.7009 -0.0195
v -0.2362 0.7107 -0.0256
v -0.2352 0.7152 -0.0245
v -0.2424 0.7473 -0.0640
v -0.2187 0.7026 -0.1143
v -0.2057 0.6575 -0.1459
v -0.2033 0.6606 -0.1485
v -0.1778 0.6284 -0.1911
v 0.0723 0.5255 -0.3690
v 0.0725 0.5234 -0.3778
v 0.0725 0.5235 -0.3779
v 0.1182 0.4970 -0.5235
v 0.0234 0.4237 -0.6581
v 0.0274 0.4088 -0.6748
v 0.0274 0.4088 -0.6748
v -0.3105 0.1971 -0.7714
v -0.2856 -0.0911 -0.8484
v -0.4015 -0.4699 -0.7247
v -0.3986 -0.4722 -0.7249
v -0.3950 -0.4788 -0.7235
v -0.2198 -0.5779 -0.7433
v -0.1331 -0.5839 -0.7600
v -0.1071 -0.6037 -0.7517
v -0.1143 -0.5789 -0.7655
v -0.1143 -0.5789 -0.7655
v 0.0245 -0.5964 -0.7639
v 0.1717 -0.6386 -0.7111
v 0.3341 -0.8007 -0.4592
v 0.4601 -0.7772 -0.3880
v 0.3418 -0.6667 0.6152
v 0.2970 -0.6699 0.6313
v 0.0989 -0.5299 0.7812
v -0.2021 -0.5173 0.7641
v -0.3239 -0.1608 0.8276
v -0.1017 0.4107 0.6481
v -0.1017 0.4108 0.6480
v -0.6412 -0.7077 -0.2113
v -0.0846 0.5198 0.3733
v -0.1880 0.5887 0.1880
v -0.1880 0.5887 0.1880
v -0.2230 0.7012 0.0978
v -0.2410 0.7371 0.0220
v -0.2352 0.6970 -0.0182
v -0.2346 0.6951 -0.0195
v -0.2354 0.6950 -0.0193
v -0.2346 0.6950 -0.0195
v -0.2342 0.6984 -0.0185
v -0.2342 0.6984 -0.0185
v -0.2335 0.7002 -0.0187
v -0.2335 0.7002 -0.0187
v -0.2335 0.7002 -0.0187
v -0.2327 0.7009 -0.0197
v -0.2327 0.7009 -0.0197
v -0.2362 0.7148 -0.0256
v -0.2423 0.7473 -0.0640
v -0.2057 0.6575 -0.1459
v -0.1995 0.6415 -0.1599
v -0.0897 0.5569 -0.2950
v -0.0066 0.5468 -0.3259
v 0.0032 0.5252 -0.3762
v 0.1591 0.5195 -0.3758
v 0.1846 0.5033 -0.4842
v 0.0873 0.4884 -0.5530
v 0.0234 0.4168 -0.6658
v 0.0234 0.4168 -0.6658
v -0.2763 0.3632 -0.6716
v -0.3333 0.2247 -0.7489
v -0.4159 0.1340 -0.7499
v -0.3279 -0.0358 -0.8291
v -0.2948 -0.1848 -0.8441
v -0.4435 -0.4287 -0.7214
v -0.3743 -0.5072 -0.7212
v -0.3413 -0.5829 -0.6933
v -0.1357 -0.5852 -0.7586
v -0.7257 -0.4840 -0.3957
v 0.2349 -0.7272 -0.6155
v 0.3136 -0.7703 -0.5238
v 0.4671 -0.8187 -0.2632
v 0.4834 -0.8394 0.0213
v 0.4228 -0.7477 0.4600
v 0.1819 -0.6113 0.7178
v -0.1860 -0.5320 0.7637
v -0.3410 -0.0890 0.8233
v -0.3641 -0.0438 0.8111
v -0.4537 0.1514 0.7107
v -0.3159 0.3310 0.6688
v -0.1025 0.4505 0.5952
v -0.1883 0.5864 0.1902
v -0.1883 0.5864 0.1902
v -0.2090 0.5832 0.1689
v -0.2256 0.6560 0.0935
v -0.2404 0.7139 -0.0017
v -0.2346 0.6950 -0.0197
v -0.2338 0.7001 -0.0206
v -0.2338 0.7001 -0.0205
v -0.2338 0.7001 -0.0206
v -0.2338 0.7001 -0.0206
v -0.2376 0.7047 -0.0284
v -0.2362 0.7107 -0.0256
v -0.2369 0.7123 -0.0265
v -0.2369 0.7123 -0.0265
v -0.2378 0.7090 -0.0284
v -0.2407 0.7386 -0.0648
v -0.2407 0.7386 -0.0648
v -0.2397 0.7349 -0.0687
v -0.2037 0.6547 -0.1491
v -0.2037 0.6547 -0.1491
v -0.1594 0.6097 -0.2181
v -0.0637 0.5453 -0.3159
v -0.7489 -0.2231 -0.4902
v 0.0684 0.5239 -0.3771
v 0.0684 0.5239 -0.3771
v -0.7409 -0.2035 -0.5070
v 0.0078 0.4314 -0.6492
v -0.0027 0.4377 -0.6419
v -0.0127 0.4378 -0.6422
v -0.1996 0.3892 -0.6711
v -0.3013 0.3667 -0.6564
v -0.4101 0.1437 -0.7480
v -0.4409 0.0672 -0.7597
v -0.3183 -0.1096 -0.8396
v -0.3272 -0.3216 -0.8125
v -0.4050 -0.3399 -0.7756
v -0.4017 -0.4700 -0.7251
v -0.3987 -0.4716 -0.7248
v -0.3806 -0.5283 -0.7066
v -0.3355 -0.5947 -0.6880
v -0.2996 -0.6047 -0.6987
v -0.1781 -0.5881 -0.7473
v -0.0429 -0.6023 -0.7563
v 0.2110 -0.6311 -0.7102
v 0.2137 -0.6395 -0.7021
v 0.3082 -0.7526 -0.5522
v 0.4524 -0.8438 -0.1652
v 0.4493 -0.8520 -0.0829
v 0.4713 -0.8273 0.1881
v 0.4626 -0.8089 0.2812
v 0.3669 -0.7272 0.5320
v -0.3305 -0.4717 0.7508
v -0.3787 -0.4482 0.7374
v -0.3655 -0.1433 0.8136
v -0.4126 0.0408 0.7714
v -0.4428 0.0820 0.7423
v -0.4396 0.0703 0.7480
v -0.4545 0.1613 0.7030
v -0.2019 0.4063 0.6331
v -0.1020 0.4197 0.6376
v -0.1018 0.4206 0.6362
v -0.1015 0.4369 0.6148
v -0.0741 0.4982 0.5026
v -0.0771 0.5130 0.4337
v -0.0776 0.5152 0.4230
v -0.1472 0.5312 0.3017
v -0.6896 0.2725 -0.3934
v -0.2376 0.5928 0.1143
v -0.2238 0.6329 0.1071
v -0.2361 0.6924 -0.0184
v -0.2352 0.6943 -0.0186
v -0.2360 0.6945 -0.0183
v -0.2354 0.6943 -0.0204
v -0.2358 0.6939 -0.0206
v -0.2351 0.6940 -0.0206
v -0.2401 0.7319 -0.0641
v -0.2165 0.6596 -0.1264
v -0.2114 0.6523 -0.1378
v -0.2077 0.6546 -0.1435
v -0.2077 0.6546 -0.1435
v -0.2058 0.6517 -0.1468
v -0.2058 0.6517 -0.1468
v -0.1518 0.5816 -0.2415
v -0.1317 0.5745 -0.2601
v 0.0645 0.5235 -0.3799
v 0.0645 0.5235 -0.3799
v 0.0078 0.4388 -0.6406
v 0.0078 0.4385 -0.6404
v -0.0127 0.4378 -0.6422
v -0.3119 0.3243 -0.6887
v -0.3414 0.2621 -0.7217
v -0.4318 0.0282 -0.7753
v -0.4111 0.0013 -0.7909
v -0.3416 -0.0424 -0.8266
v -0.4601 -0.4166 -0.7175
v -0.2422 -0.6174 -0.7104
v -0.1375 -0.6100 -0.7420
v -0.1375 -0.6100 -0.7420
v -0.1364 -0.5899 -0.7551
v -0.1364 -0.5899 -0.7551
v -0.1285 -0.5879 -0.7583
v -0.1285 -0.5879 -0.7583
v 0.2138 -0.6399 -0.7017
v 0.2201 -0.7524 -0.5854
v 0.4252 -0.7735 -0.4353
v 0.2201 -0.6427 0.6846
v 0.0804 -0.5966 0.7455
v -0.0517 -0.5357 0.7830
v -0.3529 -0.4749 0.7345
v -0.3754 -0.3649 0.7723
v -0.3367 -0.3262 0.8001
v -0.3445 -0.2246 0.8160
v -0.3579 -0.1881 0.8143
v -0.3775 -0.0017 0.7958
v -0.3958 -0.0118 0.7896
v -0.4341 0.0476 0.7609
v -0.4553 0.1583 0.7034
v -0.4553 0.1583 0.7034
v -0.3083 0.3668 0.6388
v -0.2663 0.4066 0.6101
v -0.2921 0.4219 0.5780
v -0.3238 0.3818 0.6117
v -0.3273 0.3975 0.5918
v -0.6864 0.3831 0.1310
v -0.1012 0.4300 0.6237
v -0.0773 0.5135 0.4305
v -0.0911 0.5224 0.3571
v -0.1853 0.5584 0.2185
v -0.2321 0.6049 0.1115
v -0.2389 0.7071 0.0173
v -0.2378 0.7090 -0.0283
v -0.2383 0.6836 -0.0508
v -0.2401 0.7319 -0.0640
v -0.2392 0.7349 -0.0685
v -0.2149 0.6526 -0.1314
v -0.2149 0.6526 -0.1314
v -0.2115 0.6523 -0.1378
v -0.1764 0.6105 -0.2002
v 0.0016 0.5329 -0.3550
v 0.0161 0.5180 -0.4088
v 0.0554 0.5207 -0.3953
v 0.0554 0.5207 -0.3953
v 0.0597 0.5208 -0.3951
v 0.0597 0.5208 -0.3951
v 0.0663 0.5219 -0.3871
v -0.2332 0.3773 -0.6716
v -0.2863 0.3919 -0.6368
v -0.3190 0.3511 -0.6588
v -0.4248 0.1546 -0.7353
v -0.2809 -0.1504 -0.8508
v -0.3086 -0.2925 -0.8266
v -0.3845 -0.3428 -0.7827
v -0.7764 0.1604 0.3241
v -0.3923 -0.3216 -0.7831
v -0.4352 -0.3766 -0.7491
v -0.4366 -0.4667 -0.7104
v -0.4228 -0.4780 -0.7113
v -0.3596 -0.5742 -0.6901
v -0.2782 -0.6252 -0.6917
v -0.2782 -0.6251 -0.6916
v -0.2750 -0.6371 -0.6838
v -0.2750 -0.6371 -0.6837
v -0.2675 -0.6323 -0.6903
v -0.2675 -0.6323 -0.6903
v -0.2663 -0.6258 -0.6958
v -0.2663 -0.6259 -0.6959
v -0.2793 -0.6428 -0.6761
v -0.2715 -0.6407 -0.6823
v -0.2833 -0.6391 -0.6782
v -0.2794 -0.6426 -0.6760
v -0.2715 -0.6407 -0.6823
v -0.2474 -0.6571 -0.6788
v -0.2537 -0.6282 -0.6978
v -0.2474 -0.6244 -0.7026
v -0.2268 -0.6366 -0.6991
v -0.2537 -0.6282 -0.6979
v -0.1295 -0.5910 -0.7561
v -0.1293 -0.5910 -0.7561
v 0.2150 -0.6443 -0.6978
v 0.1995 -0.7313 -0.6248
v 0.1973 -0.7493 -0.6024
v 0.4370 -0.8140 -0.3285
v 0.4252 -0.8445 -0.2291
v 0.4329 -0.8597 0.0128
v 0.3907 -0.7888 0.4148
v 0.3728 -0.7602 0.4797
v 0.2676 -0.6876 0.6251
v -0.1975 -0.5524 0.7483
v -0.7994 0.0566 0.3554
v -0.3633 -0.0704 0.8138
v -0.2258 0.4131 0.6170
v -0.1161 0.4403 0.6074
v -0.1133 0.5028 0.4900
v -0.0771 0.5127 0.4345
v -0.0773 0.5128 0.4361
v -0.0996 0.5143 0.4197
v -0.1947 0.5772 0.1948
v -0.1947 0.5772 0.1948
v -0.2337 0.7108 0.0607
v -0.2366 0.6893 -0.0193
v -0.2379 0.6894 -0.0192
v -0.2366 0.6892 -0.0199
v -0.2373 0.6889 -0.0201
v -0.2377 0.7047 -0.0283
v -0.2386 0.7042 -0.0312
v -0.2391 0.6998 -0.0406
v -0.2148 0.6446 -0.1335
v -0.2148 0.6446 -0.1335
v -0.2109 0.6449 -0.1402
v -0.2109 0.6449 -0.1402
v -0.1655 0.5739 -0.2413
v 0.0610 0.5196 -0.4024
v 0.0663 0.5220 -0.3871
v 0.0836 0.5158 -0.4242
v 0.1051 0.5157 -0.4111
v -0.0122 0.4448 -0.6327
v -0.0122 0.4448 -0.6327
v -0.1159 0.4316 -0.6401
v -0.3769 0.0324 -0.7990
v -0.3286 -0.1856 -0.8329
v -0.3787 -0.2938 -0.7989
v -0.4098 -0.4750 -0.7196
v -0.3823 -0.5402 -0.6999
v -0.2810 -0.6417 -0.6761
v -0.2710 -0.6437 -0.6800
v -0.2170 -0.6401 -0.6985
v -0.2127 -0.6420 -0.6990
v -0.2221 -0.6385 -0.6989
v -0.2255 -0.6372 -0.6991
v -0.2474 -0.6243 -0.7026
v -0.1552 -0.6213 -0.7306
v -0.1462 -0.6213 -0.7326
v -0.1462 -0.6213 -0.7326
v -0.1335 -0.6039 -0.7467
v -0.1337 -0.6040 -0.7465
v 0.2980 -0.8110 -0.4664
v 0.4114 -0.8380 0.2575
v 0.4282 -0.8129 0.3185
v 0.2922 -0.7073 0.5966
v 0.0526 -0.5538 0.7695
v -0.2875 -0.4694 0.7682
v -0.3163 -0.4924 0.7444
v -0.3866 -0.0119 0.7936
v -0.3866 -0.0119 0.7936
v -0.3958 -0.0118 0.7896
v -0.4624 0.1317 0.7129
v -0.4573 0.1525 0.7051
v -0.4563 0.1555 0.7043
v -0.4563 0.1555 0.7043
v -0.4565 0.1572 0.7032
v -0.4565 0.1573 0.7031
v -0.4588 0.1634 0.7002
v -0.4092 0.2689 0.6682
v -0.3603 0.2927 0.6793
v -0.1161 0.4403 0.6074
v -0.1025 0.4505 0.5952
v -0.1090 0.4710 0.5639
v -0.0792 0.5092 0.4614
v -0.1181 0.5196 0.3584
v -0.1943 0.5757 0.1968
v -0.1943 0.5757 0.1968
v -0.1971 0.5743 0.1958
v -0.2133 0.5650 0.1891
v -0.2351 0.6558 0.0640
v -0.2344 0.7043 0.0386
v -0.2371 0.6885 -0.0186
v -0.2371 0.6885 -0.0186
v -0.2375 0.6885 -0.0204
v -0.2385 0.7042 -0.0311
v -0.2382 0.7214 -0.0677
v -0.2382 0.7214 -0.0677
v -0.2164 0.6596 -0.1264
v -0.2169 0.6527 -0.1272
v -0.2169 0.6527 -0.1272
v 0.0511 0.5171 -0.4218
v 0.0511 0.5169 -0.4218
v 0.0614 0.5165 -0.4201
v 0.1272 0.5125 -0.4475
v 0.0096 0.4654 -0.6005
v 0.0096 0.4654 -0.6005
v -0.0180 0.4486 -0.6275
v -0.0180 0.4486 -0.6275
v -0.0198 0.4439 -0.6340
v -0.0198 0.4439 -0.6340
v -0.3677 0.2059 -0.7403
v -0.4505 0.0771 -0.7493
v -0.4682 -0.4257 -0.7092
v -0.3763 -0.5399 -0.7016
v -0.3750 -0.5410 -0.7013
v -0.6493 -0.6387 0.3366
v -0.3304 -0.6008 -0.6848
v -0.3051 -0.6225 -0.6810
v -0.2830 -0.6387 -0.6778
v -0.2757 -0.6474 -0.6741
v -0.2757 -0.6474 -0.6741
v -0.2709 -0.6437 -0.6799
v -0.2089 -0.6514 -0.6937
v -0.2420 -0.6170 -0.7099
v -0.1143 -0.6558 -0.7133
v -0.0265 -0.6384 -0.7317
v 0.0518 -0.6184 -0.7465
v 0.1441 -0.6785 -0.6890
v 0.2810 -0.8049 -0.4842
v 0.4170 -0.8095 -0.3664
v 0.4093 -0.8546 0.1783
v 0.0068 -0.5506 0.7771
v -0.1527 -0.5625 0.7550
v -0.2287 -0.5002 0.7673
v -0.2500 -0.5078 0.7619
v -0.3949 -0.4282 0.7404
v -0.3992 -0.0206 0.7891
v -0.4497 0.0492 0.7479
v -0.4554 0.0812 0.7364
v -0.4571 0.1523 0.7051
v -0.4581 0.1549 0.7036
v -0.4581 0.1549 0.7036
v -0.3497 0.3373 0.6460
v -0.6063 -0.7635 0.0548
v -0.5940 -0.7641 -0.1511
v -0.1184 0.5305 0.3187
v -0.1975 0.5727 0.1976
v -0.1974 0.5726 0.1975
v -0.1971 0.5743 0.1958
v -0.6316 -0.7097 -0.2270
v -0.2395 0.6786 -0.0182
v -0.2210 0.6634 -0.1140
v -0.2210 0.6634 -0.1140
v -0.1978 0.6227 -0.1720
v -0.1966 0.6004 -0.1884
v -0.1324 0.5615 -0.2725
v -0.0230 0.5311 -0.3520
v 0.0510 0.5154 -0.4346
v 0.0031 0.4725 -0.5903
v 0.0033 0.4727 -0.5903
v 0.0064 0.4693 -0.5951
v 0.0064 0.4693 -0.5951
v -0.0088 0.4657 -0.6017
v -0.0110 0.4614 -0.6079
v -0.0110 0.4614 -0.6079
v -0.0214 0.4570 -0.6151
v -0.0254 0.4521 -0.6227
v -0.0274 0.4459 -0.6313
v -0.0274 0.4459 -0.6313
v -0.6580 -0.6763 -0.2547
v -0.4362 0.1229 -0.7446
v -0.4504 0.0771 -0.7491
v -0.3536 -0.0189 -0.8186
v -0.3562 -0.0714 -0.8213
v -0.3652 -0.2318 -0.8149
v -0.4731 -0.4437 -0.6979
v -0.4762 -0.4462 -0.6954
v -0.4729 -0.4436 -0.6976
v -0.4827 -0.4576 -0.6841
v -0.4758 -0.4625 -0.6875
v -0.4691 -0.4752 -0.6841
v -0.3824 -0.5629 -0.6840
v -0.2761 -0.6525 -0.6699
v -0.2756 -0.6497 -0.6724
v -0.2756 -0.6497 -0.6724
v -0.2122 -0.6215 -0.7163
v -0.2273 -0.6185 -0.7137
v -0.2273 -0.6185 -0.7137
v -0.2233 -0.6113 -0.7202
v -0.2233 -0.6113 -0.7202
v -0.1552 -0.6213 -0.7306
v -0.1509 -0.6237 -0.7299
v -0.1509 -0.6237 -0.7299
v -0.1417 -0.6235 -0.7326
v -0.1417 -0.6232 -0.7323
v 0.1656 -0.7387 -0.6249
v -0.7266 -0.5464 -0.3279
v 0.2751 -0.8050 -0.4878
v 0.3987 -0.8628 -0.1805
v 0.3772 -0.8774 0.0116
v 0.4454 -0.8501 0.1092
v 0.0175 -0.6099 0.7387
v -0.0879 -0.5763 0.7553
v -0.1664 -0.5691 0.7485
v -0.3163 -0.4923 0.7443
v -0.3272 -0.4844 0.7460
v -0.3777 -0.4798 0.7260
v -0.3616 -0.2855 0.8015
v -0.3956 -0.0253 0.7916
v -0.3992 -0.0206 0.7891
v -0.4083 -0.0389 0.7870
v -0.4083 -0.0389 0.7870
v -0.4099 -0.0458 0.7872
v -0.4590 0.1501 0.7053
v -0.4582 0.1515 0.7048
v -0.4009 0.3911 0.5535
v -0.3897 0.3946 0.5540
v -0.3670 0.3948 0.5725
v -0.3822 0.3786 0.5797
v -0.3800 0.3810 0.5795
v -0.7516 -0.4010 -0.4146
v -0.3870 0.4257 0.5146
v -0.3734 0.4337 0.5104
v -0.2388 0.4331 0.5863
v -0.1477 0.4500 0.5881
v -0.1477 0.4500 0.5881
v -0.1180 0.4555 0.5860
v -0.1180 0.4555 0.5860
v -0.2098 0.5363 0.2488
v -0.2045 0.5543 0.2175
v -0.1978 0.5637 0.2073
v -0.7378 -0.3630 -0.4626
v -0.2383 0.5834 0.1261
v -0.7580 -0.3208 -0.4416
v -0.2373 0.6167 0.0818
v -0.2369 0.7079 -0.0689
v -0.2368 0.7079 -0.0689
v -0.2267 0.6587 -0.0991
v -0.2268 0.6587 -0.0991
v -0.2250 0.6578 -0.1042
v -0.2250 0.6578 -0.1042
v -0.2202 0.6375 -0.1252
v -0.2063 0.5908 -0.1837
v -0.1030 0.5409 -0.3177
v -0.0148 0.5202 -0.3976
v 0.0043 0.5183 -0.4151
v 0.0261 0.5059 -0.5127
v 0.0036 0.4745 -0.5874
v -0.0041 0.4694 -0.5955
v -0.0041 0.4694 -0.5955
v -0.0088 0.4656 -0.6016
v -0.0214 0.4569 -0.6151
v -0.0254 0.4520 -0.6227
v -0.0287 0.4529 -0.6219
v -0.1644 0.4265 -0.6363
v -0.7480 -0.2362 -0.4878
v -0.3888 0.2462 -0.7095
v -0.3838 0.1680 -0.7517
v -0.4030 -0.3015 -0.7849
v -0.4707 -0.4737 -0.6839
v -0.4215 -0.4791 -0.7115
v -0.3371 -0.6025 -0.6820
v -0.2864 -0.6378 -0.6771
v -0.2872 -0.6548 -0.6657
v -0.2708 -0.6557 -0.6694
v -0.2121 -0.6214 -0.7161
v -0.2101 -0.6140 -0.7221
v -0.2101 -0.6140 -0.7221
v -0.1546 -0.6252 -0.7281
v -0.1546 -0.6251 -0.7280
v 0.0826 -0.6705 -0.7055
v 0.2802 -0.8049 -0.4847
v 0.2656 -0.8179 -0.4706
v 0.3766 -0.8757 -0.1021
v 0.3729 -0.8135 0.3758
v 0.1420 -0.6521 0.6948
v 0.0902 -0.6307 0.7200
v -0.7039 0.3258 -0.2719
v -0.4044 -0.0284 0.7875
v -0.4069 -0.0327 0.7869
v -0.4099 -0.0458 0.7872
v -0.7546 -0.0379 -0.4838
v -0.4253 -0.0526 0.7820
v -0.4468 0.0598 0.7441
v -0.4595 0.1452 0.7078
v -0.1469 0.4551 0.5811
v -0.1469 0.4551 0.5811
v -0.1515 0.4575 0.5769
v -0.1515 0.4574 0.5769
v -0.1640 0.4769 0.5396
v -0.1244 0.5089 0.4600
v -0.1172 0.5153 0.3981
v -0.1633 0.5253 0.3137
v -0.2237 0.5846 0.1484
v -0.7508 0.1000 -0.4331
v -0.2391 0.6972 -0.0371
v -0.2297 0.6550 -0.0905
v 0.0479 0.5164 -0.4282
v 0.0479 0.5164 -0.4282
v 0.0898 0.5123 -0.4675
v 0.0191 0.5005 -0.5299
v 0.0279 0.4922 -0.5468
v 0.0273 0.4908 -0.5513
v 0.0029 0.4771 -0.5827
v 0.0029 0.4773 -0.5829
v 0.0035 0.4812 -0.5748
v 0.0035 0.4815 -0.5750
v -0.0287 0.4526 -0.6218
v -0.1222 0.4590 -0.5994
v -0.4560 0.0767 -0.7475
v -0.4590 -0.3783 -0.7339
v -0.4951 -0.4380 -0.6853
v -0.4779 -0.4649 -0.6842
v -0.4753 -0.4661 -0.6848
v -0.4763 -0.4661 -0.6843
v -0.4751 -0.4672 -0.6840
v -0.4707 -0.4737 -0.6838
v -0.4563 -0.5035 -0.6793
v -0.4557 -0.5190 -0.6686
v -0.3290 -0.6028 -0.6840
v -0.3290 -0.6028 -0.6840
v -0.3269 -0.6044 -0.6839
v -0.2785 -0.6584 -0.6636
v -0.2761 -0.6525 -0.6699
v -0.2708 -0.6557 -0.6693
v -0.6126 0.4524 -0.0349
v -0.1992 -0.6237 -0.7179
v -0.1992 -0.6237 -0.7179
v -0.1924 -0.6173 -0.7243
v -0.1924 -0.6173 -0.7243
v -0.1647 -0.6188 -0.7301
v -0.1647 -0.6188 -0.7301
v 0.2310 -0.8046 -0.5127
v 0.2747 -0.8050 -0.4880
v 0.3243 -0.8143 -0.4420
v 0.3606 -0.8160 -0.4073
v 0.3827 -0.8732 0.0892
v 0.3537 -0.8377 0.3285
v 0.3423 -0.8031 0.4252
v 0.3451 -0.7775 0.4713
v -0.0469 -0.5948 0.7486
v -0.2325 -0.5346 0.7521
v -0.2492 -0.5081 0.7616
v -0.2475 -0.5090 0.7618
v -0.2517 -0.5068 0.7616
v -0.4073 -0.0473 0.7886
v -0.4073 -0.0473 0.7886
v -0.4493 -0.0237 0.7605
v -0.4624 0.1319 0.7123
v -0.3820 0.3791 0.5798
v -0.3130 0.4629 0.5039
v -0.2508 0.4588 0.5422
v -0.1638 0.4526 0.5811
v -0.1591 0.4571 0.5754
v -0.1591 0.4571 0.5754
v -0.1191 0.4897 0.5248
v -0.1345 0.5202 0.3559
v -0.1633 0.5243 0.3166
v -0.1633 0.5252 0.3137
v -0.2073 0.5251 0.2875
v -0.2023 0.5651 0.2027
v -0.2392 0.7011 -0.0371
v -0.2392 0.7011 -0.0371
v -0.2392 0.6998 -0.0406
v -0.2372 0.6947 -0.0645
v -0.2371 0.6851 -0.0646
v -0.2371 0.6851 -0.0646
v -0.2372 0.6947 -0.0645
v -0.2365 0.7000 -0.0686
v -0.2365 0.7000 -0.0686
v -0.2328 0.7024 -0.0810
v 0.0198 0.5159 -0.4322
v -0.3156 0.3822 -0.6294
v -0.6278 0.4351 -0.1396
v -0.4484 0.1175 -0.7380
v -0.4320 -0.0387 -0.7879
v -0.3785 -0.0912 -0.8139
v -0.3982 -0.1806 -0.8022
v -0.4302 -0.3133 -0.7688
v -0.5067 -0.4131 -0.6868
v -0.4837 -0.4563 -0.6836
v -0.4778 -0.4638 -0.6844
v -0.4770 -0.4650 -0.6839
v -0.4775 -0.4647 -0.6839
v -0.4768 -0.4649 -0.6840
v -0.4764 -0.4657 -0.6840
v -0.4768 -0.4649 -0.6840
v -0.4751 -0.4672 -0.6840
v -0.4736 -0.4708 -0.6836
v -0.4636 -0.5134 -0.6659
v -0.4550 -0.5221 -0.6662
v -0.4552 -0.5223 -0.6663
v -0.4533 -0.5236 -0.6662
v -0.4441 -0.5323 -0.6676
v -0.3008 -0.6618 -0.6517
v -0.6578 0.4194 0.0501
v -0.1851 -0.6269 -0.7192
v -0.1851 -0.6269 -0.7192
v -0.0526 -0.6826 -0.6985
v 0.0065 -0.6751 -0.7058
v 0.3897 -0.8429 -0.2958
v -0.0782 -0.6192 0.7296
v -0.1550 -0.5910 0.7347
v -0.2495 -0.5080 0.7616
v -0.3170 -0.5025 0.7401
v -0.4633 0.1328 0.7116
v -0.4605 0.1417 0.7087
v -0.3858 0.3767 0.5802
v -0.3860 0.3769 0.5804
v -0.2647 0.4759 0.5022
v -0.1638 0.4527 0.5812
v -0.1618 0.4589 0.5717
v -0.1618 0.4589 0.5717
v -0.1640 0.4622 0.5658
v -0.1678 0.5254 0.3123
v -0.2065 0.5514 0.2221
v -0.2076 0.5502 0.2245
v -0.2023 0.5651 0.2027
v -0.2044 0.5658 0.1995
v -0.2044 0.5658 0.1995
v -0.2350 0.5588 0.1793
v -0.2507 0.5719 0.1183
v -0.2361 0.6626 0.0436
v -0.2409 0.6603 0.0150
v -0.2392 0.6972 -0.0371
v -0.2379 0.6751 -0.0605
v -0.2379 0.6751 -0.0605
v -0.2374 0.6710 -0.0645
v -0.2363 0.6921 -0.0683
v -0.2363 0.6921 -0.0683
v -0.2317 0.6540 -0.0869
v -0.2241 0.6082 -0.1335
v -0.2138 0.5999 -0.1579
v 0.0349 0.5161 -0.4285
v 0.0349 0.5161 -0.4285
v 0.0388 0.5157 -0.4349
v 0.0388 0.5156 -0.4349
v 0.0444 0.5159 -0.4330
v 0.0444 0.5159 -0.4330
v 0.0215 0.4955 -0.5409
v 0.0279 0.4925 -0.5470
v 0.0372 0.4846 -0.5653
v 0.0372 0.4846 -0.5653
v -0.7526 0.2010 0.3382
v -0.1760 0.4442 -0.6088
v -0.3877 -0.2540 -0.8004
v -0.4469 -0.3239 -0.7535
v -0.4531 -0.3107 -0.7523
v -0.4827 -0.4575 -0.6840
v -0.4808 -0.4605 -0.6840
v -0.4764 -0.4660 -0.6838
v -0.4578 -0.5191 -0.6659
v -0.4577 -0.5191 -0.6659
v -0.4564 -0.5208 -0.6658
v -0.4564 -0.5208 -0.6658
v -0.4614 -0.5220 -0.6631
v -0.4423 -0.5273 -0.6734
v -0.3884 -0.5651 -0.6809
v -0.2823 -0.6621 -0.6594
v -0.2786 -0.6585 -0.6637
v -0.2763 -0.6565 -0.6663
v -0.2763 -0.6565 -0.6663
v -0.2752 -0.6607 -0.6629
v 0.3334 -0.8807 -0.1934
v 0.3206 -0.8927 -0.0047
v 0.3256 -0.8895 0.0717
v 0.3499 -0.8677 0.2118
v 0.2851 -0.8092 0.4505
v 0.2427 -0.7288 0.5883
v -0.1865 -0.5925 0.7280
v -0.4034 -0.3583 0.7595
v -0.3825 -0.2358 0.8003
v -0.4085 -0.0583 0.7892
v -0.4650 0.1231 0.7132
v -0.4610 0.1367 0.7110
v -0.4610 0.1403 0.7090
v -0.4479 0.2399 0.6636
v -0.1637 0.4615 0.5667
v -0.1455 0.5236 0.3347
v -0.2083 0.5486 0.2263
v -0.2467 0.5598 0.1591
v -0.2545 0.5638 0.1345
v -0.2393 0.6908 -0.0411
v -0.2393 0.6908 -0.0411
v -0.2391 0.6921 -0.0452
v -0.2391 0.6921 -0.0452
v -0.2385 0.6718 -0.0572
v -0.2373 0.6710 -0.0645
v -0.2355 0.6599 -0.0736
v -0.2321 0.6542 -0.0859
v -0.2360 0.6344 -0.0840
v -0.7808 -0.0061 0.4242
v -0.0501 0.5264 -0.3610
v -0.0160 0.5200 -0.3979
v -0.0159 0.5199 -0.3982
v 0.0215 0.4954 -0.5409
v 0.0273 0.4909 -0.5513
v 0.0241 0.4883 -0.5578
v 0.0241 0.4883 -0.5578
v 0.0127 0.4840 -0.5679
v 0.0127 0.4840 -0.5679
v -0.3511 0.4165 -0.5643
v -0.3506 0.3478 -0.6505
v -0.4360 0.1721 -0.7200
v -0.4310 -0.0344 -0.7874
v -0.3616 -0.0850 -0.8209
v -0.4873 -0.4190 -0.7001
v -0.4838 -0.4657 -0.6810
v -0.4598 -0.5173 -0.6662
v -0.4596 -0.5171 -0.6658
v -0.3652 -0.6160 -0.6582
v -0.3097 -0.6584 -0.6505
v -0.7816 -0.0480 0.4305
v -0.2792 -0.6607 -0.6616
v -0.2792 -0.6607 -0.6616
v -0.2196 -0.7093 -0.6397
v -0.2562 -0.7016 -0.6304
v -0.2174 -0.7151 -0.6340
v -0.1808 -0.6706 -0.6868
v 0.1280 -0.7024 -0.6714
v 0.2514 -0.8177 -0.4793
v 0.3384 -0.8472 -0.3428
v 0.3188 -0.8681 -0.2889
v 0.3507 -0.8751 0.1639
v 0.0925 -0.6882 0.6720
v 0.0732 -0.6596 0.6974
v -0.1364 -0.5802 0.7476
v -0.3535 -0.4944 0.7252
v -0.4382 -0.2969 0.7602
v -0.4106 -0.0662 0.7890
v -0.4106 -0.0662 0.7890
v -0.4477 -0.0656 0.7696
v -0.4571 0.0032 0.7547
v -0.4568 0.0434 0.7456
v -0.4738 0.0945 0.7190
v -0.4662 0.1223 0.7131
v -0.4650 0.1231 0.7132
v -0.4837 0.1426 0.6945
v -0.4211 0.3675 0.5674
v -0.1642 0.4764 0.5394
v -0.1458 0.5031 0.4751
v -0.2270 0.5271 0.2707
v -0.2181 0.5359 0.2499
v -0.2092 0.5472 0.2285
v -0.2056 0.5635 0.2017
v -0.2056 0.5635 0.2017
v -0.2389 0.6836 -0.0508
v -0.2385 0.6718 -0.0572
v -0.2384 0.6636 -0.0602
v -0.2384 0.6636 -0.0602
v -0.2385 0.6636 -0.0602
v -0.2376 0.6635 -0.0643
v -0.2375 0.6635 -0.0643
v -0.0167 0.5208 -0.3975
v -0.0147 0.5201 -0.3976
v 0.0197 0.5118 -0.4744
v 0.0182 0.4936 -0.5454
v 0.0184 0.4937 -0.5453
v -0.1100 0.4732 -0.5762
v -0.3654 0.3824 -0.6031
v -0.4247 0.2605 -0.6729
v -0.4266 0.2284 -0.6957
v -0.4372 0.2389 -0.6782
v -0.7365 -0.4330 0.4117
v -0.4686 0.0849 -0.7383
v -0.4592 -0.0355 -0.7664
v -0.4609 -0.5155 -0.6659
v -0.4615 -0.5151 -0.6657
v -0.4382 -0.5539 -0.6608
v -0.3929 -0.6054 -0.6502
v -0.2989 -0.6629 -0.6512
v -0.2823 -0.6621 -0.6594
v -0.2752 -0.6607 -0.6629
v -0.6704 -0.5666 0.3984
v -0.2713 -0.6931 -0.6346
v 0.2946 -0.8208 -0.4488
v 0.3229 -0.8882 -0.1315
v 0.3101 -0.8598 0.2960
v -0.2365 -0.5628 0.7344
v -0.4183 -0.4444 0.7188
v -0.4110 -0.0754 0.7891
v -0.4109 -0.0748 0.7892
v -0.4765 0.0715 0.7251
v -0.4142 0.3773 0.5600
v -0.3731 0.4502 0.4801
v -0.2846 0.4774 0.4889
v -0.2078 0.4771 0.5240
v -0.1793 0.4736 0.5390
v -0.1763 0.4806 0.5260
v -0.1763 0.4806 0.5260
v -0.1458 0.5236 0.3347
v -0.1455 0.5238 0.3348
v -0.1465 0.5236 0.3342
v -0.1466 0.5236 0.3342
v -0.1516 0.5222 0.3320
v -0.2193 0.5419 0.2335
v -0.2172 0.5471 0.2190
v -0.2088 0.5618 0.2009
v -0.2088 0.5618 0.2009
v -0.2446 0.5526 0.1773
v -0.2528 0.5748 0.1080
v -0.5901 -0.7319 0.2596
v -0.2395 0.6836 -0.0429
v -0.2395 0.6836 -0.0429
v -0.2391 0.6758 -0.0508
v -0.2391 0.6758 -0.0508
v -0.2369 0.6597 -0.0685
v -0.2369 0.6597 -0.0685
v -0.2341 0.6563 -0.0795
v -0.2341 0.6563 -0.0795
v -0.1825 0.5802 -0.2171
v -0.1279 0.5531 -0.2856
v -0.1161 0.5322 -0.3324
v -0.0207 0.5194 -0.4083
v 0.0277 0.5159 -0.4332
v 0.0277 0.5159 -0.4332
v -0.0040 0.5039 -0.5164
v -0.0139 0.5058 -0.5089
v 0.0069 0.5027 -0.5217
v 0.0069 0.5027 -0.5217
v 0.0190 0.5001 -0.5297
v -0.0220 0.4818 -0.5731
v -0.2880 0.4351 -0.5770
v -0.5950 -0.7739 -0.0079
v -0.4317 -0.0360 -0.7879
v -0.4191 -0.0636 -0.7946
v -0.4712 -0.3453 -0.7387
v -0.4888 -0.4866 -0.6663
v -0.4688 -0.5052 -0.6684
v -0.2954 -0.6638 -0.6521
v -0.2954 -0.6638 -0.6521
v -0.2900 -0.6636 -0.6550
v -0.2900 -0.6636 -0.6550
v 0.0264 -0.7007 -0.6841
v 0.1483 -0.7780 -0.5806
v 0.1287 -0.7864 -0.5730
v 0.1717 -0.8144 -0.5186
v 0.2447 -0.9088 -0.0369
v 0.1491 -0.7214 0.6268
v -0.0029 -0.6606 0.7006
v -0.4161 -0.0807 0.7869
v -0.4792 0.0824 0.7194
v -0.5120 0.1241 0.6839
v -0.5258 0.1214 0.6740
v -0.5318 0.1429 0.6599
v -0.4493 0.2907 0.6247
v -0.4431 0.3932 0.5189
v -0.4331 0.4179 0.4910
v -0.4369 0.4107 0.4972
v -0.7234 -0.5779 -0.2831
v -0.6998 -0.5867 -0.3322
v -0.4459 0.4097 0.4951
v -0.3932 0.4380 0.4912
v -0.1793 0.4736 0.5390
v -0.2135 0.5588 0.2012
v -0.2124 0.5620 0.1968
v -0.2124 0.5620 0.1968
v -0.2580 0.5895 0.0534
v -0.7249 -0.5429 -0.3338
v -0.2425 0.6237 0.0576
v -0.2356 0.6599 -0.0736
v -0.2146 0.5750 -0.1917
v -0.1733 0.5574 -0.2581
v 0.0098 0.5158 -0.4355
v 0.0098 0.5158 -0.4355
v 0.0198 0.5160 -0.4322
v 0.0046 0.5126 -0.4748
v -0.0084 0.5072 -0.5035
v -0.0040 0.5039 -0.5164
v 0.0120 0.5013 -0.5261
v 0.0120 0.5013 -0.5261
v -0.1685 0.4650 -0.5771
v -0.7491 -0.4483 -0.3799
v -0.7497 -0.4462 -0.3805
v -0.4896 0.1103 -0.7164
v -0.4635 -0.2948 -0.7518
v -0.5296 -0.4093 -0.6744
v -0.4644 -0.5131 -0.6661
v -0.4626 -0.5143 -0.6659
v -0.4286 -0.5938 -0.6391
v -0.3190 -0.6542 -0.6510
v -0.3056 -0.6601 -0.6504
v -0.3055 -0.6601 -0.6503
v -0.3008 -0.6615 -0.6515
v -0.2989 -0.6630 -0.6512
v -0.2929 -0.6653 -0.6519
v -0.2929 -0.6653 -0.6519
v -0.2829 -0.6638 -0.6574
v -0.2829 -0.6637 -0.6573
v -0.2675 -0.6821 -0.6468
v -0.1051 -0.7007 -0.6764
v 0.2022 -0.8184 -0.4992
v 0.2340 -0.8233 -0.4730
v 0.2748 -0.8417 -0.4107
v 0.2427 -0.9077 0.0598
v 0.2759 -0.8371 0.3937
v 0.2202 -0.8124 0.4779
v -0.3047 -0.5361 0.7256
v -0.4290 -0.1511 0.7828
v -0.4236 -0.0874 0.7839
v -0.4236 -0.0874 0.7839
v -0.4625 -0.0274 0.7562
v -0.5188 0.1141 0.6819
v -0.5220 0.1816 0.6476
v -0.4554 0.3869 0.5174
v -0.7400 -0.2029 -0.5082
v -0.7384 -0.2017 -0.5103
v -0.7384 -0.2017 -0.5103
v -0.1333 0.5132 0.4253
v -0.2144 0.5185 0.3157
v -0.2279 0.5192 0.3081
v -0.2135 0.5588 0.2012
v -0.2431 0.6307 0.0353
v -0.2425 0.6472 -0.0357
v -0.2413 0.6422 -0.0580
v -0.7476 -0.1216 -0.5020
v -0.1823 0.5413 -0.2780
v 0.0120 0.5148 -0.4474
v 0.0120 0.5148 -0.4474
v 0.0079 0.5138 -0.4607
v 0.0046 0.5123 -0.4748
v -0.0150 0.5046 -0.5135
v -0.0150 0.5046 -0.5135
v -0.0094 0.5021 -0.5216
v -0.0094 0.5021 -0.5216
v -0.2601 0.4361 -0.5909
v -0.4562 0.1441 -0.7236
v -0.5009 0.0202 -0.7340
v -0.4017 -0.2138 -0.7961
v -0.4481 -0.2558 -0.7679
v -0.5125 -0.4592 -0.6645
v -0.4664 -0.5380 -0.6511
v -0.2897 -0.6654 -0.6532
v -0.2897 -0.6655 -0.6532
v -0.2681 -0.6839 -0.6448
v -0.2680 -0.6838 -0.6450
v 0.2893 -0.8630 -0.3355
v -0.7257 0.0879 -0.4871
v 0.2772 -0.8944 0.1412
v 0.2876 -0.8801 0.2274
v -0.1964 -0.6382 0.6908
v -0.4432 -0.1940 0.7714
v -0.4305 -0.1191 0.7816
v -0.4273 -0.0997 0.7825
v -0.5329 0.0944 0.6789
v -0.5532 0.0796 0.6655
v -0.5499 0.1021 0.6580
v -0.5587 0.0883 0.6591
v -0.4980 0.2577 0.6177
v -0.4374 0.3539 0.5705
v -0.2076 0.4764 0.5236
v -0.2207 0.5562 0.1988
v -0.2167 0.5604 0.1957
v -0.2166 0.5602 0.1955
v -0.2438 0.6010 -0.0964
v -0.2284 0.5927 -0.1425
v -0.2266 0.5809 -0.1605
v -0.2013 0.5780 -0.2032
v -0.1867 0.5643 -0.2329
v -0.0039 0.5112 -0.4829
v -0.0039 0.5113 -0.4830
v -0.0084 0.5072 -0.5034
v -0.0139 0.5058 -0.5089
v -0.0345 0.5048 -0.5105
v -0.7338 0.2062 -0.3936
v -0.4154 -0.2587 -0.7873
v -0.3190 -0.6543 -0.6510
v -0.3097 -0.6583 -0.6505
v -0.2970 -0.7061 -0.6086
v -0.6792 0.3532 -0.2750
v -0.0323 -0.7185 -0.6661
v 0.0743 -0.7452 -0.6345
v 0.1754 -0.7568 0.5793
v 0.0432 -0.6980 0.6629
v -0.1668 -0.6243 0.7063
v -0.1790 -0.6581 0.6793
v -0.2980 -0.5372 0.7263
v -0.3291 -0.5098 0.7312
v -0.4331 -0.3915 0.7340
v -0.4273 -0.0997 0.7825
v -0.5169 0.1956 0.6435
v -0.4733 0.2917 0.6079
v -0.4667 0.3256 0.5801
v -0.5006 0.2775 0.5976
v -0.5060 0.2777 0.5897
v -0.4920 0.2994 0.5838
v -0.4431 0.3770 0.5396
v -0.4383 0.4275 0.4706
v -0.4254 0.4334 0.4680
v -0.2793 0.4843 0.4739
v -0.2658 0.4886 0.4675
v -0.1852 0.4997 0.4738
v -0.1848 0.5182 0.3413
v -0.0675 0.5232 -0.3724
v -0.0805 0.5175 -0.4067
v 0.0079 0.5138 -0.4607
v 0.0004 0.5130 -0.4715
v 0.0004 0.5131 -0.4715
v -0.0078 0.5094 -0.4927
v -0.0078 0.5094 -0.4927
v -0.0222 0.5066 -0.5049
v -0.0222 0.5066 -0.5049
v -0.3010 0.4519 -0.5460
v -0.3721 0.3971 -0.5781
v -0.3944 0.3000 -0.6647
v -0.5025 -0.0254 -0.7411
v -0.5086 -0.0581 -0.7389
v -0.4425 -0.1445 -0.7820
v -0.4397 -0.1930 -0.7795
v -0.4906 -0.3131 -0.7338
v -0.5179 -0.4002 -0.6863
v -0.3156 -0.6577 -0.6493
v -0.3156 -0.6577 -0.6493
v -0.6628 0.4059 0.1231
v 0.2627 -0.8536 -0.3853
v 0.2396 -0.8912 -0.2510
v 0.0817 -0.7331 0.6258
v 0.0823 -0.7456 0.6103
v 0.0902 -0.7455 0.6101
v 0.0740 -0.7457 0.6105
v 0.0427 -0.7460 0.6112
v -0.0639 -0.6737 0.6876
v -0.4104 -0.4616 0.7125
v -0.4676 -0.2165 0.7547
v -0.4305 -0.1191 0.7815
v -0.4298 -0.1011 0.7813
v -0.4298 -0.1011 0.7813
v -0.4742 0.0213 0.7396
v -0.5078 0.2733 0.5917
v -0.4796 0.3163 0.5774
v -0.4260 0.4337 0.4669
v -0.4260 0.4336 0.4669
v -0.2793 0.4843 0.4739
v -0.2297 0.4840 0.4984
v -0.2115 0.4820 0.5100
v -0.2115 0.4820 0.5100
v -0.2186 0.4850 0.5003
v -0.2186 0.4850 0.5003
v -0.2113 0.5105 0.4125
v -0.2207 0.5563 0.1988
v -0.7257 0.2722 0.2997
v -0.2451 0.6331 0.0101
v -0.2429 0.6167 -0.0782
v -0.0790 0.5140 -0.4398
v -0.0236 0.5092 -0.4925
v -0.0236 0.5094 -0.4925
v -0.0745 0.5102 -0.4779
v -0.4309 0.2802 -0.6591
v -0.4606 0.2432 -0.6672
v -0.4512 -0.1028 -0.7778
v -0.4771 -0.2850 -0.7456
v -0.4149 -0.6222 -0.6246
v -0.4357 -0.6097 -0.6195
v -0.4335 -0.6113 -0.6192
v -0.4350 -0.6109 -0.6193
v -0.4349 -0.6106 -0.6189
v -0.4419 -0.6081 -0.6179
v -0.4570 -0.6106 -0.6035
v -0.4188 -0.6235 -0.6194
v -0.3686 -0.6349 -0.6416
v -0.3209 -0.6555 -0.6492
v -0.3209 -0.6555 -0.6492
v -0.1837 -0.7238 -0.6375
v 0.2252 -0.9067 -0.1629
v 0.2036 -0.9152 0.0070
v 0.2164 -0.8536 0.3831
v 0.1028 -0.7453 0.6098
v -0.4633 -0.1262 0.7624
v -0.4450 -0.1173 0.7730
v -0.4450 -0.1173 0.7730
v -0.4338 -0.1013 0.7792
v -0.4338 -0.1013 0.7792
v -0.4731 -0.0527 0.7543
v -0.4791 0.0010 0.7414
v -0.4828 0.0344 0.7334
v -0.4261 0.4410 0.4555
v -0.7797 -0.0571 0.4338
v -0.2659 0.4887 0.4675
v -0.2420 0.4862 0.4879
v -0.2421 0.4858 0.4876
v -0.2297 0.4839 0.4984
v -0.2251 0.5553 0.1970
v -0.2561 0.5957 0.0453
v -0.2577 0.5584 -0.1502
v -0.1092 0.5182 -0.3958
v -0.1154 0.5186 -0.3937
v -0.4525 0.2529 -0.6663
v -0.5212 0.0493 -0.7097
v -0.5309 0.0585 -0.6998
v -0.7469 -0.1596 0.4938
v -0.5110 -0.0101 -0.7325
v -0.5087 -0.3185 -0.7213
v -0.6304 -0.6660 0.3200
v -0.3894 -0.6354 -0.6305
v -0.3219 -0.6585 -0.6461
v -0.3219 -0.6585 -0.6461
v -0.7224 -0.3371 0.4827
v 0.0040 -0.7691 -0.6084
v 0.1714 -0.9116 0.1394
v 0.2562 -0.8664 0.3174
v -0.0170 -0.7182 0.6468
v -0.3004 -0.5789 0.7013
v -0.3895 -0.4926 0.7109
v -0.4046 -0.4769 0.7093
v -0.4047 -0.4767 0.7092
v -0.4101 -0.4716 0.7091
v -0.4632 -0.1262 0.7623
v -0.4982 0.0421 0.7204
v -0.5421 0.1525 0.6446
v -0.5215 0.2534 0.5978
v -0.7101 -0.4909 0.4073
v -0.2932 0.4835 0.4664
v -0.2932 0.4835 0.4664
v -0.2713 0.4885 0.4658
v -0.2713 0.4884 0.4658
v -0.2590 0.4918 0.4622
v -0.2573 0.4873 0.4756
v -0.2573 0.4873 0.4756
v -0.2651 0.5163 0.3020
v -0.2251 0.5553 0.1970
v -0.2467 0.5706 -0.1465
v -0.2262 0.5660 -0.1917
v -0.3365 0.4542 -0.5146
v -0.3971 0.3281 -0.6378
v -0.5216 -0.0695 -0.7325
v -0.6265 -0.6657 0.3319
v -0.5354 -0.3783 -0.6828
v -0.4187 -0.6235 -0.6194
v -0.4168 -0.6251 -0.6193
v -0.3218 -0.6642 -0.6411
v -0.3218 -0.6642 -0.6411
v 0.0692 -0.7722 -0.6015
v -0.5969 -0.7338 0.2381
v 0.1766 -0.9170 -0.1010
v 0.1525 -0.9202 0.0599
v 0.2168 -0.8968 0.2012
v 0.1745 -0.7967 0.5209
v 0.0840 -0.7801 0.5666
v -0.3726 -0.5041 0.7134
v -0.4065 -0.4749 0.7091
v -0.4670 -0.1385 0.7598
v -0.4766 -0.0437 0.7504
v -0.5660 0.0523 0.6642
v -0.5736 0.1124 0.6365
v -0.5973 -0.7683 0.0700
v -0.6037 -0.7615 0.0863
v -0.6037 -0.7615 0.0863
v -0.6060 -0.7631 0.0548
v -0.5984 -0.7694 0.0547
v -0.5078 0.2733 0.5917
v -0.5220 0.2936 0.5666
v -0.4306 0.4493 0.4376
v -0.3014 0.4854 0.4559
v -0.2620 0.5157 0.3101
v -0.5961 -0.7456 -0.2080
v -0.2520 0.5236 0.2691
v -0.2645 0.5248 0.2463
v -0.2736 0.5601 0.0988
v -0.2109 0.5640 -0.2127
v -0.1739 0.4880 -0.5270
v -0.5033 -0.1154 -0.7432
v -0.5326 -0.4596 -0.6480
v -0.4928 -0.4980 -0.6568
v -0.4906 -0.5332 -0.6386
v -0.4681 -0.6019 -0.6033
v -0.3279 -0.6614 -0.6407
v -0.2661 -0.7379 -0.5901
v -0.0933 -0.7435 -0.6337
v 0.2047 -0.8753 -0.3536
v 0.1702 -0.8335 0.4507
v -0.7077 -0.5699 -0.3396
v -0.4517 -0.3991 0.7184
v -0.4667 -0.1534 0.7597
v -0.7026 -0.5413 -0.3852
v -0.5385 0.1771 0.6326
v -0.5475 0.2901 0.5387
v -0.5202 0.3215 0.5367
v -0.5431 0.3139 0.5189
v -0.4603 0.3553 0.5541
v -0.4874 0.3636 0.5166
v -0.4656 0.4122 0.4669
v -0.7415 -0.4600 -0.3833
v -0.3327 0.4793 0.4529
v -0.3014 0.4854 0.4559
v -0.2882 0.4869 0.4598
v -0.2882 0.4869 0.4598
v -0.2336 0.5127 0.3777
v -0.2406 0.5101 0.3864
v -0.2672 0.5168 0.2894
v -0.2582 0.5288 0.2387
v -0.2369 0.5477 0.2024
v -0.2369 0.5477 0.2024
v -0.2787 0.5405 0.1592
v -0.2879 0.5491 0.1083
v -0.2527 0.6094 0.0097
v -0.4291 0.4332 -0.4840
v -0.4837 0.1627 -0.6936
v -0.4761 -0.1288 -0.7620
v -0.4833 -0.5170 -0.6513
v -0.4258 -0.6387 -0.6013
v -0.3277 -0.6663 -0.6363
v -0.3277 -0.6663 -0.6363
v -0.3263 -0.6712 -0.6326
v 0.0683 -0.7994 -0.5626
v 0.1250 -0.9085 -0.2372
v 0.1700 -0.8904 0.2713
v 0.1664 -0.8748 0.3367
v 0.1467 -0.8123 0.5014
v -0.0917 -0.7261 0.6335
v -0.4518 -0.4469 0.7005
v -0.7421 -0.2043 -0.5059
v -0.7346 -0.1667 -0.5175
v -0.5070 0.0536 0.7118
v -0.5545 0.2783 0.5459
v -0.4825 0.3986 0.4727
v -0.3160 0.4884 0.4382
v -0.3160 0.4884 0.4382
v -0.3079 0.4912 0.4344
v -0.3079 0.4912 0.4344
v -0.3121 0.4922 0.4274
v -0.3046 0.4884 0.4452
v -0.3046 0.4884 0.4452
v -0.2891 0.4914 0.4454
v -0.2891 0.4914 0.4454
v -0.2455 0.5426 0.2052
v -0.2643 0.5804 0.0543
v -0.2476 0.5473 -0.2088
v -0.1800 0.5301 -0.3085
v -0.4305 0.4190 -0.5046
v -0.7377 -0.0183 -0.5055
v -0.5136 0.1015 -0.7004
v -0.5493 0.0504 -0.6845
v -0.4500 -0.2086 -0.7740
v -0.4786 -0.2445 -0.7535
v -0.5608 -0.4161 -0.6448
v -0.5601 -0.4193 -0.6450
v -0.5597 -0.4191 -0.6443
v -0.5539 -0.4504 -0.6367
v -0.5033 -0.4820 -0.6587
v -0.4068 -0.6368 -0.6169
v -0.3319 -0.6743 -0.6269
v -0.3263 -0.6712 -0.6325
v -0.0877 -0.7756 -0.5937
v 0.1841 -0.8363 -0.4711
v 0.1609 -0.8625 -0.4140
v 0.0825 -0.9286 -0.0487
v -0.3735 -0.5197 0.7051
v -0.5040 -0.2982 0.7150
v -0.4792 -0.1925 0.7497
v -0.4742 -0.1640 0.7543
v -0.4742 -0.1640 0.7543
v -0.5050 0.3326 0.5385
v -0.3149 0.4924 0.4246
v -0.3149 0.4924 0.4246
v -0.2408 0.5434 0.2079
v -0.2408 0.5434 0.2079
v -0.2778 0.5565 0.0940
v -0.2510 0.6178 -0.0369
v -0.6595 0.3119 -0.3900
v -0.6703 0.3214 -0.3533
v -0.5703 0.0295 -0.6795
v -0.5663 0.0190 -0.6843
v -0.5625 -0.4138 -0.6445
v -0.5618 -0.4153 -0.6442
v -0.5304 -0.4757 -0.6441
v -0.3690 -0.6759 -0.6028
v -0.3850 -0.6696 -0.6012
v -0.3366 -0.6807 -0.6184
v -0.3318 -0.6743 -0.6269
v -0.3262 -0.6874 -0.6164
v -0.3100 -0.7205 -0.5903
v 0.1259 -0.8491 -0.4578
v 0.0868 -0.8117 0.5152
v 0.0020 -0.7751 0.5776
v -0.5107 -0.3324 0.6997
v -0.5060 -0.2998 0.7130
v -0.5059 -0.2998 0.7129
v -0.4799 -0.1836 0.7496
v -0.4799 -0.1836 0.7496
v -0.4875 -0.1887 0.7450
v -0.4802 -0.0267 0.7440
v -0.5632 -0.0141 0.6818
v -0.5553 0.0317 0.6786
v -0.5731 0.0621 0.6576
v -0.5141 0.2322 0.6233
v -0.5478 0.3241 0.5063
v -0.4406 0.4608 0.4015
v -0.3176 0.4913 0.4251
v -0.3001 0.5013 0.4045
v -0.2650 0.5160 0.3018
v -0.2824 0.5178 0.2836
v -0.2455 0.5426 0.2052
v -0.6142 0.4421 -0.1598
v -0.2578 0.5981 -0.0466
v -0.1687 0.5177 -0.3728
v -0.1458 0.5116 -0.4531
v -0.3276 0.4711 -0.4870
v -0.3949 0.4566 -0.4659
v -0.4348 0.2970 -0.6434
v -0.5320 0.1819 -0.6502
v -0.5506 0.0972 -0.6721
v -0.5675 0.4768 -0.0859
v -0.5637 -0.4132 -0.6442
v -0.3321 -0.6897 -0.6114
v -0.3321 -0.6897 -0.6114
v -0.3246 -0.7031 -0.6019
v -0.2409 -0.7487 -0.5871
v -0.1447 -0.7780 -0.5811
v 0.1088 -0.8850 -0.3568
v 0.1174 -0.8973 -0.3020
v 0.1038 -0.9230 -0.1279
v 0.1105 -0.9092 0.1938
v -0.0035 -0.7946 0.5490
v -0.1191 -0.7246 0.6303
v -0.2636 -0.6366 0.6745
v -0.7019 0.3596 0.1619
v -0.3350 -0.5861 0.6816
v -0.3189 -0.5829 0.6908
v -0.5040 -0.2982 0.7149
v -0.5032 -0.2726 0.7209
v -0.4823 -0.1830 0.7480
v -0.4823 -0.1830 0.7480
v -0.4345 0.4474 0.4390
v -0.3843 0.4791 0.4091
v -0.3486 0.4809 0.4328
v -0.3173 0.4925 0.4221
v -0.3173 0.4925 0.4221
v -0.2622 0.5330 0.2127
v -0.2800 0.5657 0.0470
v -0.2600 0.5975 -0.0297
v -0.2810 0.4864 -0.4824
v -0.5707 -0.0315 -0.6903
v -0.5675 -0.3473 -0.6670
v -0.5631 -0.3226 -0.6755
v -0.4506 -0.6322 -0.5899
v -0.3365 -0.6805 -0.6181
v -0.3325 -0.6945 -0.6064
v -0.3326 -0.6947 -0.6066
v 0.0440 -0.8191 -0.5294
v 0.0781 -0.9225 0.1082
v 0.0752 -0.8506 0.4345
v -0.3581 -0.5749 0.6773
v -0.4035 -0.5712 0.6524
v -0.7941 0.1013 0.3378
v -0.5080 -0.3375 0.7010
v -0.5080 -0.3375 0.7010
v -0.5096 -0.3339 0.7002
v -0.5098 -0.3340 0.7004
v -0.5046 -0.2885 0.7168
v -0.5046 -0.2885 0.7168
v -0.5051 -0.2942 0.7151
v -0.5051 -0.2942 0.7151
v -0.4792 -0.1925 0.7496
v -0.4820 -0.0365 0.7440
v -0.4806 -0.0336 0.7444
v -0.4802 -0.0270 0.7439
v -0.5262 -0.0047 0.7095
v -0.5325 -0.0255 0.7093
v -0.7660 0.0341 0.4382
v -0.5872 0.1388 0.6139
v -0.5044 0.3713 0.4942
v -0.4835 0.3979 0.4738
v -0.4841 0.4246 0.4308
v -0.7780 -0.0485 0.4348
v -0.4252 0.4732 0.3844
v -0.3220 0.4940 0.4158
v -0.3185 0.4937 0.4182
v -0.3185 0.4937 0.4182
v -0.3220 0.4938 0.4158
v -0.2664 0.5156 0.3036
v -0.2695 0.5293 0.2156
v -0.2482 0.5398 0.2092
v -0.2482 0.5398 0.2092
v -0.2624 0.5501 -0.1623
v -0.2611 0.5411 -0.2065
v -0.2155 0.5236 -0.3052
v -0.2036 0.5188 -0.3525
v -0.5656 0.0595 -0.6746
v -0.4944 -0.2441 -0.7427
v -0.5735 -0.2983 -0.6749
v -0.4878 -0.5204 -0.6480
v -0.4156 -0.6378 -0.6100
v -0.3246 -0.7031 -0.6018
v -0.3256 -0.7050 -0.5994
v -0.0690 -0.8015 -0.5590
v 0.1140 -0.8647 0.3890
v -0.0527 -0.7630 0.5926
v -0.2802 -0.6494 0.6558
v -0.3897 -0.5147 0.7004
v -0.4998 -0.2519 0.7277
v -0.4822 -0.1912 0.7478
v -0.4822 -0.1912 0.7478
v -0.5304 0.0052 0.7063
v -0.7134 -0.4771 0.4106
v -0.6062 0.0361 0.6344
v -0.6033 0.0053 0.6460
v -0.5994 0.0760 0.6299
v -0.7134 -0.4772 0.4106
v -0.5351 0.2285 0.6059
v -0.4859 0.4124 0.4510
v -0.4777 0.4295 0.4255
v -0.4574 0.4587 0.3831
v -0.6911 -0.5272 0.4050
v -0.2995 0.5161 0.2645
v -0.2528 0.5378 0.2091
v -0.2528 0.5378 0.2091
v -0.2869 0.5364 0.1637
v -0.2187 0.5176 -0.3402
v -0.2711 0.5014 -0.4385
v -0.4066 0.3530 -0.5992
v -0.5742 -0.0330 -0.6857
v -0.5557 -0.2904 -0.6898
v -0.5784 -0.4488 -0.6140
v -0.6268 -0.6349 0.3770
v -0.4105 -0.6373 -0.6140
v -0.3322 -0.6998 -0.6012
v -0.3322 -0.6998 -0.6012
v -0.3256 -0.7050 -0.5993
v -0.1947 -0.7885 -0.5514
v 0.0227 -0.8540 -0.4530
v 0.0623 -0.8695 -0.4120
v 0.0576 -0.9284 0.0442
v 0.0806 -0.8952 0.2797
v 0.0735 -0.8750 0.3667
v -0.4249 -0.5075 0.6846
v -0.5107 -0.2673 0.7164
v -0.5107 -0.2673 0.7165
v -0.5052 -0.2810 0.7179
v -0.5052 -0.2810 0.7179
v -0.4874 -0.1886 0.7450
v -0.4825 -0.0401 0.7445
v -0.4825 -0.0414 0.7443
v -0.4824 -0.0400 0.7443
v -0.5736 -0.0064 0.6738
v -0.6107 -0.6914 0.3053
v -0.5900 -0.7318 0.2595
v -0.5611 0.2631 0.5535
v -0.5739 0.2585 0.5479
v -0.5937 -0.7335 0.2468
v -0.5937 -0.7335 0.2468
v -0.5657 0.3048 0.5113
v -0.5875 -0.7448 0.2273
v -0.5876 -0.7450 0.2273
v -0.5937 -0.7502 0.1885
v -0.3278 0.5073 0.3473
v -0.3235 0.5085 0.3304
v -0.2943 0.5396 0.1406
v -0.2726 0.5728 0.0360
v -0.2339 0.5312 -0.2662
v -0.2365 0.5141 -0.3611
v -0.4103 0.4629 -0.4405
v -0.6045 -0.7541 0.1268
v -0.6024 -0.7603 0.1018
v -0.6024 -0.7603 0.1018
v -0.5923 -0.7664 0.1113
v -0.5288 0.2252 -0.6275
v -0.5960 -0.7674 0.0851
v -0.5960 -0.7674 0.0851
v -0.5235 0.2174 -0.6353
v -0.5975 -0.7685 0.0700
v -0.5982 -0.7691 0.0547
v -0.5505 0.1879 -0.6313
v -0.5380 0.1503 -0.6631
v -0.5719 -0.0106 -0.6832
v -0.5746 -0.0368 -0.6859
v -0.5761 -0.0488 -0.6871
v -0.5606 -0.2933 -0.6865
v -0.5703 -0.4075 -0.6426
v -0.5855 -0.4402 -0.6110
v -0.4273 -0.6602 -0.5815
v -0.3288 -0.7075 -0.5948
v -0.3288 -0.7075 -0.5948
v 0.0647 -0.9115 -0.2396
v 0.0347 -0.9311 -0.0131
v -0.1220 -0.7715 0.5721
v -0.1340 -0.7594 0.5845
v -0.1729 -0.7685 0.5587
v -0.1654 -0.7435 0.5931
v -0.1882 -0.6973 0.6406
v -0.3934 -0.6291 0.6173
v -0.4712 -0.4812 0.6700
v -0.5107 -0.3422 0.6971
v -0.5108 -0.3324 0.6998
v -0.5346 -0.3056 0.6870
v -0.6912 -0.6254 -0.2794
v -0.5012 -0.1996 0.7358
v -0.5035 -0.1487 0.7380
v -0.4826 -0.0727 0.7471
v -0.4828 -0.0432 0.7444
v -0.5817 0.1838 0.5930
v -0.5653 0.1821 0.6097
v -0.5752 0.2461 0.5555
v -0.4943 0.3613 0.5147
v -0.4883 0.4251 0.4215
v -0.3241 0.4949 0.4103
v -0.3241 0.4948 0.4103
v -0.3326 0.4947 0.4041
v -0.3326 0.4947 0.4041
v -0.2945 0.5182 0.2474
v -0.2604 0.5353 0.2071
v -0.2604 0.5353 0.2071
v -0.2518 0.5221 -0.2934
v -0.4524 0.3959 -0.5201
v -0.4881 0.2793 -0.6185
v -0.5254 -0.1753 -0.7300
v -0.5254 -0.2390 -0.7247
v -0.5332 -0.2314 -0.7182
v -0.5926 -0.4111 -0.6205
v -0.5794 -0.4506 -0.6128
v -0.5189 -0.5718 -0.5885
v -0.4265 -0.6898 -0.5502
v -0.3454 -0.7034 -0.5897
v -0.7233 -0.5463 -0.3327
v -0.1434 -0.8031 -0.5439
v -0.0750 -0.8173 -0.5315
v 0.0135 -0.9104 0.2099
v -0.0011 -0.8159 0.5135
v -0.0731 -0.7894 0.5530
v -0.5107 -0.3422 0.6971
v -0.5033 -0.2726 0.7209
v -0.4982 -0.2122 0.7360
v -0.4938 -0.1909 0.7413
v -0.4938 -0.1909 0.7413
v -0.4938 -0.0154 0.7353
v -0.6164 0.0510 0.6227
v -0.4903 0.4221 0.4238
v -0.4904 0.4221 0.4238
v -0.4142 0.4867 0.3505
v -0.3433 0.4963 0.3899
v -0.3433 0.4963 0.3899
v -0.3652 0.4947 0.3775
v -0.3570 0.4939 0.3866
v -0.3570 0.4939 0.3866
v -0.2621 0.5329 0.2126
v -0.2780 0.5334 0.1903
v -0.7494 -0.4466 -0.3803
v -0.2808 0.5624 -0.0737
v -0.2218 0.5078 -0.4312
v -0.7515 -0.4407 -0.3820
v -0.4609 0.4347 -0.4466
v -0.4499 0.3125 -0.6147
v -0.5652 0.0958 -0.6630
v -0.5725 -0.0060 -0.6820
v -0.5725 -0.0060 -0.6819
v -0.5800 -0.0110 -0.6801
v -0.5856 -0.4405 -0.6112
v -0.5647 -0.4761 -0.6122
v -0.5098 -0.6059 -0.5663
v -0.5331 -0.5738 -0.5713
v -0.4396 -0.6818 -0.5471
v -0.4391 -0.6949 -0.5344
v -0.3482 -0.7104 -0.5801
v -0.3482 -0.7104 -0.5801
v -0.3482 -0.7283 -0.5592
v -0.3262 -0.7326 -0.5668
v -0.7523 0.0753 -0.4401
v -0.1952 -0.8171 -0.5038
v -0.5129 -0.3402 0.6958
v -0.5129 -0.3402 0.6958
v -0.5240 -0.2085 0.7176
v -0.5055 -0.2595 0.7218
v -0.5055 -0.2595 0.7218
v -0.4960 -0.1857 0.7405
v -0.4960 -0.1857 0.7405
v -0.5053 -0.0956 0.7369
v -0.5967 0.2595 0.5210
v -0.4941 0.4203 0.4226
v -0.4797 0.4421 0.3929
v -0.2727 0.5281 0.2151
v -0.2695 0.5292 0.2156
v -0.2667 0.5309 0.2131
v -0.2667 0.5309 0.2130
v -0.3113 0.5322 0.1485
v -0.3015 0.5426 0.0941
v -0.2650 0.5891 0.0014
v -0.2666 0.5605 -0.1200
v -0.2552 0.5101 -0.3863
v -0.2564 0.5102 -0.3865
v -0.2562 0.5109 -0.3867
v -0.2607 0.5096 -0.3943
v -0.3032 0.4976 -0.4306
v -0.7238 -0.0061 -0.5202
v -0.4354 0.3326 -0.6050
v -0.7414 0.0980 -0.4576
v -0.5354 -0.6005 -0.5499
v -0.4105 -0.7168 -0.5288
v -0.4089 -0.7110 -0.5346
v -0.3685 -0.7031 -0.5774
v -0.2516 -0.7989 -0.5114
v -0.0665 -0.8366 -0.4925
v -0.0021 -0.9168 -0.2100
v 0.0225 -0.8525 0.4344
v -0.7492 0.1266 -0.4169
v -0.2117 -0.7264 0.6042
v -0.2418 -0.6979 0.6260
v -0.4368 -0.5795 0.6338
v -0.4890 -0.4270 0.6849
v -0.5098 -0.3575 0.6933
v -0.5098 -0.3575 0.6933
v -0.5137 -0.3577 0.6898
v -0.5137 -0.3577 0.6898
v -0.4998 -0.2519 0.7277
v -0.4981 -0.1935 0.7385
v -0.6303 0.4145 -0.2142
v -0.4713 0.4621 0.3645
v -0.3952 0.4907 0.3581
v -0.3635 0.4940 0.3808
v -0.3635 0.4939 0.3807
v -0.3651 0.4943 0.3774
v -0.3345 0.5098 0.3152
v -0.3104 0.5326 0.1378
v -0.6926 0.2543 -0.4100
v -0.2748 0.5332 -0.2172
v -0.2601 0.5136 -0.3686
v -0.5692 -0.1618 -0.6941
v -0.5764 -0.3659 -0.6537
v -0.3937 -0.7167 -0.5410
v -0.3483 -0.7284 -0.5592
v -0.3552 -0.7318 -0.5505
v -0.3552 -0.7317 -0.5505
v -0.1537 -0.8291 -0.4931
v -0.0390 -0.9303 -0.0541
v -0.2335 -0.7561 0.5588
v -0.2336 -0.7560 0.5590
v -0.3687 -0.6619 0.6014
v -0.5118 -0.3740 0.6862
v -0.5118 -0.3740 0.6862
v -0.5170 -0.3612 0.6859
v -0.5170 -0.3612 0.6859
v -0.5040 -0.2524 0.7243
v -0.5040 -0.2524 0.7243
v -0.4969 -0.2430 0.7317
v -0.4969 -0.2430 0.7317
v -0.4958 -0.2306 0.7347
v -0.4958 -0.2306 0.7347
v -0.4983 -0.2122 0.7361
v -0.4982 -0.1935 0.7386
v -0.5948 0.1620 0.5929
v -0.5561 0.2314 0.5861
v -0.5845 0.2939 0.4998
v -0.3934 0.4945 0.3395
v -0.3961 0.4927 0.3475
v -0.3829 0.4947 0.3515
v -0.3574 0.5045 0.3271
v -0.2727 0.5282 0.2151
v -0.3195 0.5236 0.1891
v -0.3180 0.5332 0.1179
v -0.2976 0.5500 0.0633
v -0.2756 0.5764 -0.0347
v -0.2722 0.5398 -0.1792
v -0.6316 0.4403 -0.0268
v -0.4552 0.3600 -0.5652
v -0.6419 0.4315 0.0157
v -0.5762 0.0083 -0.6780
v -0.5799 -0.0738 -0.6870
v -0.5398 -0.2099 -0.7177
v -0.5524 -0.5447 -0.5789
v -0.4814 -0.6610 -0.5372
v -0.5230 -0.6311 -0.5257
v -0.5049 -0.6513 -0.5229
v -0.3738 -0.7242 -0.5467
v -0.3489 -0.7338 -0.5517
v -0.3489 -0.7338 -0.5517
v -0.0242 -0.9063 -0.2773
v -0.0146 -0.9240 0.1062
v -0.0005 -0.8921 0.3018
v -0.0588 -0.8424 0.4547
v -0.1107 -0.8052 0.5207
v -0.2339 -0.7555 0.5598
v -0.4483 -0.5376 0.6514
v -0.5109 -0.4834 0.6430
v -0.4880 -0.5142 0.6412
v -0.5488 -0.2365 0.6967
v -0.5012 -0.1996 0.7358
v -0.5017 -0.0646 0.7358
v -0.7197 0.3114 0.2444
v -0.5909 0.2776 0.5073
v -0.5029 0.4300 0.3947
v -0.4945 0.4417 0.3846
v -0.4432 0.4820 0.3382
v -0.3934 0.4947 0.3395
v -0.2820 0.5255 0.2194
v -0.2820 0.5256 0.2194
v -0.2788 0.5725 0.0006
v -0.4019 0.4766 -0.4073
v -0.5714 -0.1054 -0.6942
v -0.5758 -0.3434 -0.6603
v -0.6139 -0.4221 -0.5967
v -0.3472 -0.7450 -0.5379
v -0.3466 -0.7376 -0.5479
v -0.3466 -0.7376 -0.5479
v -0.2731 -0.8293 -0.4311
v -0.0336 -0.9299 0.0194
v -0.0310 -0.9114 0.1989
v -0.0461 -0.8618 0.4083
v -0.1930 -0.7885 0.5257
v -0.7740 0.1507 0.3447
v -0.4071 -0.6356 0.6042
v -0.5414 -0.4958 0.6060
v -0.5429 -0.4889 0.6090
v -0.5427 -0.4826 0.6133
v -0.5427 -0.4826 0.6133
v -0.5441 -0.4789 0.6144
v -0.5441 -0.4789 0.6144
v -0.5443 -0.4815 0.6126
v -0.5471 -0.4638 0.6205
v -0.5452 -0.4751 0.6155
v -0.5453 -0.4751 0.6155
v -0.5112 -0.3823 0.6841
v -0.5112 -0.3823 0.6840
v -0.5141 -0.3813 0.6822
v -0.5034 -0.0658 0.7348
v -0.6005 0.2358 0.5391
v -0.3791 0.5025 0.3251
v -0.3961 0.4926 0.3475
v -0.3754 0.4924 0.3736
v -0.3754 0.4923 0.3736
v -0.3601 0.5063 0.3155
v -0.3219 0.5169 0.2354
v -0.3122 0.5436 0.0479
v -0.2885 0.5474 -0.1079
v -0.7600 0.0724 0.4319
v -0.4791 0.4373 -0.4207
v -0.5329 0.2461 -0.6087
v -0.5889 -0.0352 -0.6773
v -0.7697 -0.0414 0.4487
v -0.4494 -0.7072 -0.5104
v -0.3021 -0.7811 -0.5111
v -0.2498 -0.8290 -0.4530
v -0.1230 -0.8547 -0.4438
v -0.0996 -0.9223 -0.1362
v -0.1141 -0.9195 0.1150
v -0.5413 -0.4957 0.6059
v -0.5430 -0.4890 0.6092
v -0.5430 -0.4858 0.6110
v -0.5430 -0.4858 0.6110
v -0.5449 -0.4831 0.6113
v -0.5449 -0.4830 0.6113
v -0.5443 -0.4815 0.6126
v -0.5575 -0.4746 0.6090
v -0.5141 -0.3813 0.6822
v -0.5040 -0.0663 0.7345
v -0.6234 0.0743 0.6060
v -0.6241 0.1008 0.5964
v -0.6017 0.1627 0.5870
v -0.5967 0.3056 0.4715
v -0.3951 0.4904 0.3581
v -0.3829 0.4916 0.3674
v -0.3829 0.4916 0.3674
v -0.3435 0.5134 0.2473
v -0.7131 -0.2665 0.5185
v -0.2968 0.5218 0.2277
v -0.2953 0.5223 0.2250
v -0.3286 0.5259 0.1493
v -0.2857 0.5607 0.0421
v -0.2996 0.5183 -0.2658
v -0.3043 0.5207 -0.2563
v -0.4916 0.3227 -0.5762
v -0.6007 0.1073 -0.6268
v -0.5797 -0.7408 0.2570
v -0.5797 -0.7408 0.2570
v -0.5837 -0.3334 -0.6580
v -0.6107 -0.3567 -0.6229
v -0.6042 -0.4739 -0.5760
v -0.5074 -0.6577 -0.5149
v -0.3472 -0.7450 -0.5379
v -0.3493 -0.7470 -0.5340
v -0.3478 -0.7484 -0.5334
v -0.1092 -0.8278 0.4776
v -0.3323 -0.7037 0.5778
v -0.5428 -0.4915 0.6071
v -0.5429 -0.4916 0.6073
v -0.5446 -0.4697 0.6194
v -0.5446 -0.4698 0.6194
v -0.5387 -0.4553 0.6346
v -0.5155 -0.3923 0.6779
v -0.5153 -0.3867 0.6797
v -0.5646 -0.3262 0.6642
v -0.5146 -0.0730 0.7273
v -0.5102 -0.0701 0.7304
v -0.5763 -0.0718 0.6821
v -0.6297 0.1278 0.5776
v -0.6537 -0.5727 0.4212
v -0.6184 0.2304 0.5225
v -0.6710 -0.6486 -0.2852
v -0.3830 0.4948 0.3516
v -0.3575 0.5050 0.3271
v -0.3600 0.5061 0.3155
v -0.3677 0.5070 0.2986
v -0.3166 0.5180 0.2316
v -0.3166 0.5180 0.2316
v -0.3031 0.5205 0.2275
v -0.2987 0.5215 0.2255
v -0.2987 0.5215 0.2255
v -0.2953 0.5222 0.2250
v -0.2910 0.5238 0.2207
v -0.2910 0.5237 0.2207
v -0.2928 0.5324 -0.1737
v -0.3186 0.5060 -0.3793
v -0.5411 0.2791 -0.5738
v -0.5884 0.0757 -0.6500
v -0.5966 -0.7545 0.1612
v -0.5960 -0.7537 0.1610
v -0.3493 -0.7470 -0.5340
v -0.2939 -0.7965 -0.4875
v -0.1811 -0.8477 -0.4435
v -0.0898 -0.8816 -0.3696
v -0.0998 -0.9273 -0.0020
v -0.0933 -0.9249 0.0664
v -0.0596 -0.8733 0.3725
v -0.6016 -0.7582 0.1172
v -0.6016 -0.7583 0.1172
v -0.5923 -0.7663 0.1113
v -0.4381 -0.6212 0.5961
v -0.5857 -0.7794 0.0392
v -0.5856 -0.7793 0.0392
v -0.4649 -0.5690 0.6192
v -0.5171 -0.5511 0.5937
v -0.5418 -0.4972 0.6044
v -0.5413 -0.4985 0.6039
v -0.5626 -0.4334 0.6228
v -0.5322 -0.4359 0.6503
v -0.5322 -0.4359 0.6503
v -0.5329 -0.4398 0.6480
v -0.5328 -0.4398 0.6480
v -0.5683 -0.7746 -0.1898
v -0.5336 -0.4327 0.6512
v -0.5333 -0.4328 0.6508
v -0.5125 -0.4091 0.6744
v -0.5122 -0.4027 0.6768
v -0.5155 -0.3923 0.6779
v -0.5205 -0.1244 0.7258
v -0.6189 -0.0516 0.6422
v -0.6239 0.0750 0.6048
v -0.6250 0.1977 0.5390
v -0.6209 0.2444 0.5097
v -0.5974 0.2783 0.5023
v -0.4576 0.4807 0.3202
v -0.3793 0.4997 0.3331
v -0.3793 0.4997 0.3331
v -0.3789 0.5016 0.3249
v -0.3637 0.5053 0.3180
v -0.3638 0.5053 0.3181
v -0.3706 0.5079 0.2919
v -0.3632 0.5130 0.2476
v -0.3219 0.5169 0.2354
v -0.3122 0.5187 0.2308
v -0.3031 0.5205 0.2275
v -0.3268 0.5318 0.0782
v -0.2932 0.5587 -0.0405
v -0.3122 0.5208 -0.2439
v -0.3804 0.4977 -0.3500
v -0.5035 0.4063 -0.4480
v -0.4886 0.3802 -0.5091
v -0.5879 0.0700 -0.6524
v -0.5882 0.0737 -0.6509
v -0.5882 0.0740 -0.6507
v -0.6819 -0.6220 -0.3109
v -0.4983 -0.6760 -0.5013
v -0.3729 -0.7487 -0.5146
v -0.3543 -0.7505 -0.5256
v -0.3478 -0.7483 -0.5334
v -0.0812 -0.9058 -0.2714
v -0.0819 -0.8946 0.2823
v -0.1384 -0.8607 0.3938
v -0.1625 -0.8077 0.5019
v -0.5413 -0.5020 0.6019
v -0.5413 -0.5019 0.6018
v -0.5429 -0.4942 0.6053
v -0.5419 -0.4970 0.6044
v -0.5435 -0.4941 0.6061
v -0.5298 -0.4272 0.6555
v -0.7249 -0.5429 -0.3338
v -0.5298 -0.4271 0.6554
v -0.5169 -0.3963 0.6757
v -0.5169 -0.3963 0.6757
v -0.6239 0.0750 0.6050
v -0.6265 0.0781 0.6019
v -0.6255 0.0769 0.6030
v -0.5667 0.4054 0.3618
v -0.5568 0.4139 0.3541
v -0.7318 -0.4566 -0.4085
v -0.4040 0.5065 0.2676
v -0.3708 0.5032 0.3239
v -0.3708 0.5032 0.3239
v -0.3637 0.5063 0.3090
v -0.3637 0.5063 0.3090
v -0.3428 0.5157 0.2340
v -0.3243 0.5176 0.2286
v -0.3243 0.5176 0.2286
v -0.3372 0.5252 0.1287
v -0.2926 0.5611 -0.0026
v -0.2947 0.5509 -0.0836
v -0.2853 0.5266 -0.2339
v -0.3169 0.5140 -0.2914
v -0.3036 0.5143 -0.3205
v -0.3258 0.5108 -0.3054
v -0.5177 0.4322 -0.3983
v -0.5056 0.3819 -0.4883
v -0.5738 -0.1921 -0.6912
v -0.5889 -0.2820 -0.6666
v -0.5860 -0.5041 -0.5759
v -0.5708 -0.5430 -0.5645
v -0.7208 -0.4022 -0.4680
v -0.4420 -0.7297 -0.4804
v -0.4489 -0.7248 -0.4782
v -0.3502 -0.7481 -0.5319
v -0.3502 -0.7481 -0.5319
v -0.1210 -0.9038 0.2208
v -0.4166 -0.6608 0.5706
v -0.5402 -0.5052 0.6011
v -0.5472 -0.4639 0.6206
v -0.5441 -0.4662 0.6222
v -0.5441 -0.4662 0.6222
v -0.5454 -0.4622 0.6234
v -0.5454 -0.4622 0.6234
v -0.5420 -0.4651 0.6253
v -0.5420 -0.4651 0.6253
v -0.5352 -0.4558 0.6376
v -0.5352 -0.4558 0.6376
v -0.5335 -0.4468 0.6438
v -0.5335 -0.4468 0.6438
v -0.5215 -0.4286 0.6603
v -0.5215 -0.4286 0.6603
v -0.5124 -0.4091 0.6743
v -0.5122 -0.4027 0.6768
v -0.5190 -0.3966 0.6741
v -0.5190 -0.3966 0.6741
v -0.5663 -0.3500 0.6555
v -0.6395 0.0195 0.6076
v -0.5918 0.3372 0.4415
v -0.5212 0.4369 0.3604
v -0.4388 0.5004 0.2677
v -0.3683 0.5063 0.3041
v -0.3683 0.5063 0.3041
v -0.3677 0.5071 0.2986
v -0.3267 0.5318 0.0757
v -0.2900 0.5406 -0.1401
v -0.3153 0.5263 -0.1677
v -0.2939 0.5294 -0.2023
v -0.3411 0.5138 -0.2778
v -0.7471 -0.0671 -0.4994
v -0.6247 -0.4495 -0.5651
v -0.6333 -0.4364 -0.5613
v -0.5272 -0.6528 -0.5006
v -0.4172 -0.7480 -0.4785
v -0.3502 -0.7513 -0.5279
v -0.2122 -0.8531 -0.4148
v -0.1718 -0.8672 -0.3957
v -0.1573 -0.9090 -0.2130
v -0.1476 -0.9222 -0.0623
v -0.2753 -0.7786 0.5098
v -0.3842 -0.7113 0.5360
v -0.5392 -0.5095 0.6002
v -0.5388 -0.5093 0.5998
v -0.5402 -0.5052 0.6011
v -0.5412 -0.5063 0.5997
v -0.5730 -0.4435 0.6113
v -0.5386 -0.4552 0.6346
v -0.5328 -0.4510 0.6422
v -0.5328 -0.4510 0.6422
v -0.5328 -0.4510 0.6422
v -0.5346 -0.4499 0.6412
v -0.5353 -0.4495 0.6408
v -0.5236 -0.4142 0.6646
v -0.5236 -0.4142 0.6646
v -0.5965 -0.1002 0.6648
v -0.6280 -0.0021 0.6245
v -0.6442 0.0194 0.6040
v -0.5912 0.3764 0.3845
v -0.4812 0.4591 0.3540
v -0.3732 0.5068 0.2961
v -0.3732 0.5069 0.2961
v -0.3706 0.5078 0.2919
v -0.3632 0.5128 0.2475
v -0.3318 0.5176 0.2225
v -0.3318 0.5176 0.2225
v -0.3666 0.5163 0.1789
v -0.3268 0.5316 0.0781
v -0.3267 0.5315 0.0779
v -0.3103 0.5368 -0.1089
v -0.3278 0.5171 -0.2443
v -0.3490 0.5075 -0.3278
v -0.3891 0.5018 -0.3280
v -0.6237 0.0381 -0.6283
v -0.5981 -0.0038 -0.6625
v -0.3543 -0.7503 -0.5254
v -0.3501 -0.7510 -0.5277
v -0.1855 -0.9152 0.0786
v -0.3360 -0.7373 0.5340
v -0.4696 -0.6020 0.5874
v -0.5334 -0.5333 0.5919
v -0.5374 -0.5170 0.5972
v -0.5411 -0.5063 0.5997
v -0.5430 -0.4571 0.6289
v -0.5430 -0.4571 0.6289
v -0.5485 -0.1341 0.7064
v -0.5610 -0.0903 0.6955
v -0.6308 -0.0450 0.6293
v -0.5918 0.3141 0.4687
v -0.5819 0.3949 0.3631
v -0.5578 0.4140 0.3532
v -0.4798 0.4599 0.3527
v -0.4777 0.4613 0.3506
v -0.4519 0.4875 0.3080
v -0.3720 0.5083 0.2859
v -0.3720 0.5083 0.2859
v -0.3672 0.5099 0.2735
v -0.3672 0.5099 0.2735
v -0.3735 0.5119 0.2492
v -0.3735 0.5121 0.2492
v -0.3621 0.5133 0.2440
v -0.3621 0.5133 0.2440
v -0.3550 0.5141 0.2403
v -0.3550 0.5141 0.2403
v -0.3518 0.5147 0.2363
v -0.3518 0.5147 0.2364
v -0.3427 0.5156 0.2339
v -0.3398 0.5168 0.2227
v -0.3398 0.5168 0.2227
v -0.3899 0.5117 0.2129
v -0.3357 0.5320 0.0500
v -0.3016 0.5502 -0.0649
v -0.3296 0.5337 -0.0889
v -0.3060 0.5245 -0.2177
v -0.5394 0.3099 -0.5468
v -0.6182 0.2091 -0.5498
v -0.6044 -0.2374 -0.6622
v -0.6005 -0.2901 -0.6531
v -0.5997 -0.3341 -0.6435
v -0.6067 -0.4761 -0.5711
v -0.1495 -0.8892 -0.3239
v -0.5374 -0.5170 0.5972
v -0.5390 -0.5154 0.5965
v -0.5768 -0.4429 0.6078
v -0.5421 -0.4464 0.6358
v -0.5421 -0.4464 0.6358
v -0.6552 0.0776 0.5706
v -0.5579 0.4142 0.3533
v -0.5465 0.4285 0.3357
v -0.3713 0.5106 0.2620
v -0.3713 0.5106 0.2620
v -0.3708 0.5116 0.2535
v -0.3708 0.5116 0.2535
v -0.3465 0.5160 0.2240
v -0.3465 0.5160 0.2240
v -0.4040 0.5126 0.1838
v -0.4186 0.4888 -0.3368
v -0.4842 0.4570 -0.3743
v -0.6391 0.1429 -0.5641
v -0.6240 0.0706 -0.6192
v -0.6445 -0.3376 -0.5977
v -0.6408 -0.4335 -0.5561
v -0.7320 0.2340 0.3390
v -0.5814 -0.5659 -0.5267
v -0.5696 -0.5819 -0.5265
v -0.5626 -0.6072 -0.5069
v -0.3726 -0.7481 -0.5142
v -0.3637 -0.7509 -0.5175
v -0.3636 -0.7507 -0.5174
v -0.2115 -0.8253 0.4515
v -0.5391 -0.5154 0.5965
v -0.5740 -0.4432 0.6102
v -0.7309 -0.1715 0.5164
v -0.6374 0.1800 0.5393
v -0.6754 0.1866 0.4882
v -0.7953 0.1081 0.3298
v -0.7949 0.1060 0.3323
v -0.6539 0.2243 0.4869
v -0.6824 0.1633 0.4975
v -0.6804 0.1858 0.4796
v -0.6818 0.1856 0.4771
v -0.6869 0.1853 0.4703
v -0.6818 0.1857 0.4774
v -0.6103 0.2914 0.4707
v -0.4836 0.4606 0.3494
v -0.4506 0.4991 0.2487
v -0.3267 0.5318 0.0761
v -0.3187 0.5432 -0.0016
v -0.5897 0.2677 -0.5285
v -0.6079 -0.0484 -0.6583
v -0.6016 -0.1139 -0.6678
v -0.6556 -0.3853 -0.5672
v -0.6085 -0.5041 -0.5498
v -0.5484 -0.6385 -0.4943
v -0.2135 -0.8699 -0.3653
v -0.1882 -0.9120 -0.1560
v -0.1890 -0.9071 0.1552
v -0.1743 -0.8848 0.2929
v -0.3035 -0.7737 0.5020
v -0.3692 -0.7310 0.5169
v -0.4477 -0.6334 0.5726
v -0.5325 -0.5364 0.5908
v -0.5324 -0.5364 0.5906
v -0.5410 -0.5366 0.5827
v -0.5410 -0.5366 0.5827
v -0.5333 -0.5332 0.5918
v -0.5393 -0.5333 0.5863
v -0.5393 -0.5333 0.5863
v -0.5352 -0.5278 0.5933
v -0.5352 -0.5278 0.5933
v -0.5735 -0.4432 0.6104
v -0.6152 -0.1510 0.6500
v -0.7312 -0.1573 0.5173
v -0.5636 0.4222 0.3258
v -0.5335 0.4456 0.3179
v -0.4683 0.4902 0.2797
v -0.4443 0.5029 0.2316
v -0.3604 0.5216 0.0933
v -0.5147 0.4179 -0.4240
v -0.5294 0.3476 -0.5071
v -0.6231 0.1797 -0.5624
v -0.6410 0.0768 -0.5998
v -0.6580 0.1005 -0.5684
v -0.6084 0.0170 -0.6501
v -0.4442 -0.7577 -0.4373
v -0.3925 -0.7666 -0.4706
v -0.3944 -0.7500 -0.4947
v -0.3795 -0.7520 -0.5031
v -0.3795 -0.7520 -0.5031
v -0.3488 -0.8047 -0.4381
v -0.3368 -0.8238 -0.4065
v -0.2539 -0.9055 -0.0873
v -0.1979 -0.8872 0.2665
v -0.3564 -0.7507 0.5005
v -0.5433 -0.5425 0.5765
v -0.5433 -0.5425 0.5765
v -0.5769 -0.4429 0.6076
v -0.6126 -0.1710 0.6516
v -0.6310 0.3338 0.3900
v -0.6295 -0.6755 -0.3232
v -0.3417 0.5164 -0.2411
v -0.5390 0.4385 -0.3392
v -0.6376 0.2095 -0.5323
v -0.5990 -0.1849 -0.6703
v -0.6186 -0.2641 -0.6398
v -0.6573 -0.4242 -0.5414
v -0.6058 -0.5059 -0.5508
v -0.6056 -0.5058 -0.5507
v -0.5776 -0.7225 0.3035
v -0.5775 -0.7224 0.3034
v -0.5712 -0.7339 0.2891
v -0.5712 -0.7338 0.2891
v -0.5574 -0.7665 0.2310
v -0.4850 -0.7022 -0.4783
v -0.3836 -0.7606 -0.4864
v -0.3836 -0.7606 -0.4864
v -0.3882 -0.7805 -0.4513
v -0.2507 -0.8752 -0.3207
v -0.2376 -0.9086 0.0405
v -0.2548 -0.8292 0.4212
v -0.4582 -0.6424 0.5586
v -0.4853 -0.6086 0.5709
v -0.5054 -0.5853 0.5748
v -0.5496 -0.5581 0.5564
v -0.5496 -0.5581 0.5564
v -0.5506 -0.5541 0.5594
v -0.5508 -0.5415 0.5701
v -0.5508 -0.5415 0.5701
v -0.5598 -0.5377 0.5640
v -0.6045 -0.7541 0.1268
v -0.6022 -0.4472 0.5829
v -0.6151 -0.1092 0.6502
v -0.6768 0.2125 0.4623
v -0.4497 0.5037 0.1900
v -0.3981 0.5010 -0.3120
v -0.5269 0.3825 -0.4658
v -0.6740 -0.3537 -0.5575
v -0.4656 -0.7486 -0.4263
v -0.4439 -0.7607 -0.4283
v -0.4103 -0.7827 -0.4272
v -0.3924 -0.7665 -0.4705
v -0.2547 -0.8995 -0.1739
v -0.2898 -0.8064 0.4510
v -0.4131 -0.7247 0.4975
v -0.5302 -0.5790 0.5575
v -0.5309 -0.5797 0.5556
v -0.5538 -0.5489 0.5607
v -0.5538 -0.5489 0.5607
v -0.5598 -0.5377 0.5640
v -0.5879 -0.5063 0.5606
v -0.6997 -0.5609 -0.3640
v -0.6504 0.0341 0.5934
v -0.4723 0.4940 0.2491
v -0.3706 0.5179 0.1492
v -0.3417 0.5323 0.0032
v -0.3616 0.5142 -0.2573
v -0.4943 0.4793 -0.2932
v -0.5568 0.3166 -0.5163
v -0.6269 0.2355 -0.5228
v -0.6597 0.1152 -0.5573
v -0.6279 -0.1031 -0.6467
v -0.6674 -0.3903 -0.5471
v -0.3956 -0.7764 -0.4518
v -0.3848 -0.7711 -0.4689
v -0.3848 -0.7711 -0.4689
v -0.2726 -0.8496 -0.3856
v -0.2595 -0.8921 -0.2186
v -0.2468 -0.9022 0.1199
v -0.2727 -0.8857 0.2091
v -0.5089 -0.6016 0.5560
v -0.5312 -0.5800 0.5551
v -0.5437 -0.5741 0.5453
v -0.5527 -0.5538 0.5571
v -0.5527 -0.5538 0.5572
v -0.5597 -0.5432 0.5595
v -0.5597 -0.5432 0.5594
v -0.5790 -0.5274 0.5535
v -0.5617 -0.5338 0.5651
v -0.6704 0.2639 0.4230
v -0.6057 0.3833 0.3422
v -0.5844 0.4044 0.3301
v -0.5748 0.4133 0.3251
v -0.5408 0.4421 0.3093
v -0.5172 0.4580 0.3105
v -0.4867 0.4831 0.2782
v -0.4508 0.5043 0.1855
v -0.3438 0.5286 -0.0825
v -0.3545 0.5223 -0.1223
v -0.4417 0.4992 -0.2820
v -0.5750 0.2943 -0.5203
v -0.6435 0.0078 -0.6196
v -0.6421 -0.0334 -0.6272
v -0.6209 -0.1696 -0.6539
v -0.5448 -0.6779 -0.4476
v -0.5599 -0.6600 -0.4552
v -0.3955 -0.7764 -0.4518
v -0.3647 -0.7563 0.4888
v -0.5335 -0.5810 0.5504
v -0.5335 -0.5810 0.5504
v -0.5345 -0.5921 0.5358
v -0.5416 -0.5798 0.5416
v -0.6018 -0.4782 0.5644
v -0.6303 -0.1875 0.6319
v -0.6486 -0.1106 0.6193
v -0.6684 -0.0605 0.5933
v -0.6654 -0.1201 0.5997
v -0.6979 0.0335 0.5384
v -0.5973 0.3896 0.3404
v -0.5839 0.4043 0.3310
v -0.4995 0.4651 0.3154
v -0.4943 0.4655 0.3228
v -0.4502 0.5040 0.1889
v -0.3813 0.5204 -0.0342
v -0.4643 0.4928 -0.2836
v -0.6731 0.0598 -0.5678
v -0.6837 -0.3148 -0.5577
v -0.6546 -0.4297 -0.5410
v -0.5840 -0.5935 -0.5010
v -0.5643 -0.6310 -0.4847
v -0.3961 -0.7819 -0.4418
v -0.3961 -0.7819 -0.4418
v -0.3881 -0.7803 -0.4512
v -0.3157 -0.8550 -0.3356
v -0.2910 -0.8589 0.3118
v -0.5436 -0.5760 0.5433
v -0.5436 -0.5760 0.5433
v -0.5524 -0.5834 0.5293
v -0.6266 -0.3578 0.5962
v -0.6798 -0.1232 0.5851
v -0.7002 -0.0208 0.5506
v -0.7083 0.1908 0.4381
v -0.5783 0.4121 0.3244
v -0.5020 0.4648 0.3118
v -0.5018 0.4649 0.3121
v -0.4503 0.5040 0.1887
v -0.4508 0.5043 0.1859
v -0.3919 0.5187 0.0509
v -0.4042 0.5159 0.0489
v -0.3629 0.5197 -0.1317
v -0.4083 0.5147 -0.1473
v -0.6573 0.3110 -0.3946
v -0.5497 0.3803 -0.4500
v -0.6723 0.0785 -0.5576
v -0.6706 -0.2997 -0.5742
v -0.6584 -0.4277 -0.5388
v -0.6539 -0.4327 -0.5404
v -0.6424 -0.4893 -0.5183
v -0.3359 -0.8686 -0.2544
v -0.3547 -0.7945 0.4311
v -0.5417 -0.5799 0.5417
v -0.7018 -0.0570 0.5541
v -0.6900 0.0708 0.5332
v -0.7135 0.1965 0.4197
v -0.5784 0.4122 0.3244
v -0.6550 0.3952 -0.2078
v -0.6551 0.3951 -0.2078
v -0.5382 0.4448 0.3071
v -0.6525 0.3971 -0.2084
v -0.6518 0.3977 -0.2086
v -0.5025 0.4648 0.3110
v -0.4080 0.5159 0.0524
v -0.4042 0.5160 0.0488
v -0.5676 0.3296 -0.4946
v -0.6195 0.2677 -0.5033
v -0.6610 -0.2901 -0.5919
v -0.6688 -0.3955 -0.5397
v -0.6665 -0.4014 -0.5396
v -0.6556 -0.4290 -0.5404
v -0.6556 -0.4290 -0.5404
v -0.6546 -0.4297 -0.5409
v -0.5587 -0.6769 -0.4350
v -0.4523 -0.7706 -0.4026
v -0.4102 -0.7827 -0.4272
v -0.3981 -0.7877 -0.4295
v -0.3981 -0.7877 -0.4295
v -0.4003 -0.7940 -0.4160
v -0.4014 -0.8154 -0.3651
v -0.3028 -0.8927 -0.1242
v -0.3226 -0.8844 0.1395
v -0.3163 -0.8361 0.3619
v -0.4669 -0.7033 0.4838
v -0.5426 -0.5843 0.5361
v -0.5876 -0.5545 0.5167
v -0.7042 0.1425 0.4786
v -0.7198 0.1087 0.4746
v -0.7155 0.1265 0.4669
v -0.5852 0.4043 0.3298
v -0.5056 0.4895 0.2119
v -0.5047 0.4964 0.1309
v -0.4581 0.5084 0.1243
v -0.3864 0.5170 -0.1054
v -0.3771 0.5172 -0.1650
v -0.5434 0.4610 -0.2593
v -0.5462 0.4392 -0.3316
v -0.6481 0.2426 -0.4932
v -0.6808 -0.3651 -0.5409
v -0.6680 -0.3986 -0.5391
v -0.6680 -0.3986 -0.5391
v -0.6630 -0.4479 -0.5216
v -0.6573 -0.4607 -0.5197
v -0.6567 -0.4610 -0.5197
v -0.6548 -0.4645 -0.5197
v -0.6182 -0.5585 -0.4894
v -0.6326 -0.5625 -0.4703
v -0.5212 -0.7100 -0.4311
v -0.4002 -0.7937 -0.4159
v -0.3354 -0.8883 0.0370
v -0.5426 -0.5844 0.5362
v -0.6269 -0.3292 0.6062
v -0.7142 0.1319 0.4663
v -0.7175 0.1689 0.4410
v -0.6200 0.3678 0.3502
v -0.4702 0.5053 0.1524
v -0.4608 0.5101 0.1033
v -0.4342 0.5127 0.0621
v -0.3800 0.5137 -0.2034
v -0.4232 0.5042 -0.2754
v -0.5696 0.4147 -0.3479
v -0.5684 0.3871 -0.4120
v -0.7949 0.1084 0.3289
v -0.5425 0.4046 -0.4179
v -0.6394 -0.2697 -0.6211
v -0.6724 -0.3872 -0.5396
v -0.6722 -0.3871 -0.5393
v -0.4886 -0.7402 -0.4181
v -0.4139 -0.7878 -0.4138
v -0.4139 -0.7878 -0.4138
v -0.3472 -0.8566 0.2624
v -0.4639 -0.6609 0.5358
v -0.6127 -0.4735 0.5521
v -0.7007 0.2436 0.3909
v -0.6594 0.3247 0.3549
v -0.6202 0.3745 0.3386
v -0.5356 0.4479 0.3048
v -0.5331 0.4780 0.2039
v -0.3971 0.5177 0.0306
v -0.3863 0.5186 -0.0848
v -0.4256 0.5073 -0.2343
v -0.6705 -0.1017 -0.6040
v -0.6790 -0.2763 -0.5743
v -0.6705 -0.3974 -0.5378
v -0.6575 -0.4602 -0.5191
v -0.6530 -0.4711 -0.5183
v -0.6526 -0.4686 -0.5198
v -0.6527 -0.4686 -0.5199
v -0.6530 -0.4692 -0.5199
v -0.6526 -0.4687 -0.5196
v -0.7311 -0.1715 0.5165
v -0.6583 -0.5361 -0.4615
v -0.5310 -0.7225 -0.3955
v -0.4158 -0.7937 -0.4002
v -0.4158 -0.7937 -0.4002
v -0.4250 -0.7962 -0.3853
v -0.4249 -0.7961 -0.3852
v -0.4255 -0.7988 -0.3787
v -0.5450 -0.5857 0.5329
v -0.5450 -0.5857 0.5329
v -0.6293 -0.4590 0.5461
v -0.7369 -0.0175 0.4975
v -0.5630 0.4423 0.2767
v -0.5293 0.4799 0.1736
v -0.3724 0.5210 -0.0542
v -0.5230 0.4761 -0.2429
v -0.5607 0.3504 -0.4765
v -0.6807 0.1806 -0.4964
v -0.6887 0.0590 -0.5488
v -0.6755 -0.0259 -0.5899
v -0.6750 -0.0649 -0.5944
v -0.6536 -0.4680 -0.5190
v -0.6536 -0.4680 -0.5190
v -0.6536 -0.4680 -0.5190
v -0.6536 -0.4680 -0.5190
v -0.6449 -0.5160 -0.4969
v -0.6026 -0.5944 -0.4780
v -0.5986 -0.7546 0.1466
v -0.5675 -0.6851 -0.4076
v -0.5483 -0.7008 -0.4090
v -0.3864 -0.8599 -0.2154
v -0.3586 -0.8685 0.1894
v -0.5498 -0.5889 0.5263
v -0.5521 -0.5832 0.5291
v -0.6290 -0.3561 0.5942
v -0.6357 -0.3524 0.5877
v -0.6614 -0.2613 0.5871
v -0.6746 -0.2686 0.5705
v -0.6485 -0.1759 0.6139
v -0.7003 -0.1455 0.5588
v -0.7107 -0.1310 0.5484
v -0.7329 -0.0585 0.5134
v -0.7351 -0.0016 0.4950
v -0.7317 0.0092 0.4959
v -0.6913 0.2770 0.3664
v -0.4931 0.5023 0.1014
v -0.4683 0.4965 -0.2472
v -0.5679 0.4297 -0.3196
v -0.6306 -0.6659 0.3189
v -0.6315 -0.6659 0.3156
v -0.5771 0.3884 -0.3997
v -0.5679 -0.7233 0.3190
v -0.5287 -0.7277 -0.3860
v -0.4528 -0.8011 -0.3368
v -0.4528 -0.8011 -0.3367
v -0.4292 -0.8017 -0.3666
v -0.4292 -0.8017 -0.3666
v -0.4160 -0.8358 0.2514
v -0.5136 -0.6810 0.4645
v -0.5609 -0.7957 -0.0518
v -0.4995 -0.7192 0.4268
v -0.5705 -0.7897 0.0389
v -0.5706 -0.7899 0.0389
v -0.5703 -0.7904 0.0235
v -0.5703 -0.7904 0.0235
v -0.5614 -0.7965 0.0086
v -0.4885 -0.6846 0.4857
v -0.5498 -0.5889 0.5263
v -0.5585 -0.5916 0.5173
v -0.5583 -0.5915 0.5174
v -0.5889 -0.7387 -0.2627
v -0.6283 -0.3566 0.5946
v -0.6236 -0.7096 -0.2576
v -0.6795 -0.1618 0.5841
v -0.7371 -0.0490 0.5017
v -0.7379 -0.0529 0.5006
v -0.7390 -0.0573 0.4993
v -0.7020 0.2540 0.3706
v -0.5902 0.4204 0.2848
v -0.5145 0.4620 0.3015
v -0.4548 0.5108 0.0561
v -0.4355 0.5095 -0.2005
v -0.5943 0.3948 -0.3485
v -0.5685 0.3869 -0.4121
v -0.6657 0.2372 -0.4655
v -0.6785 0.1133 -0.5393
v -0.5412 -0.7191 -0.3866
v -0.3829 -0.8251 0.3323
v -0.5336 -0.7011 0.4151
v -0.6075 -0.5456 0.5087
v -0.7325 0.2049 0.3777
v -0.6047 0.4040 0.3051
v -0.5454 0.4611 0.2448
v -0.5624 0.4521 0.2490
v -0.5512 0.4677 0.1866
v -0.5609 0.4494 -0.2733
v -0.6082 0.3774 -0.3578
v -0.6009 0.3970 -0.3383
v -0.6145 0.3667 -0.3788
v -0.7005 0.0625 -0.5349
v -0.6959 -0.0231 -0.5644
v -0.6793 -0.0848 -0.5913
v -0.6738 -0.4525 -0.5056
v -0.6837 -0.4826 -0.4670
v -0.4516 -0.8216 -0.2746
v -0.4175 -0.8464 -0.2144
v -0.3691 -0.8768 -0.1221
v -0.3891 -0.8734 -0.0036
v -0.3842 -0.8713 0.1066
v -0.4085 -0.7911 0.3910
v -0.5447 -0.6884 0.4218
v -0.5897 -0.5769 0.5006
v -0.6356 -0.3524 0.5878
v -0.6721 -0.2070 0.5873
v -0.7338 0.0960 0.4623
v -0.7280 0.1329 0.4473
v -0.7290 0.1652 0.4197
v -0.7223 0.2208 0.3746
v -0.6633 0.3219 0.3488
v -0.6588 0.3288 0.3423
v -0.4875 0.5040 0.0567
v -0.4588 0.5110 -0.0269
v -0.4529 0.5110 -0.1132
v -0.4696 0.5029 -0.2013
v -0.5771 0.3794 -0.4162
v -0.6958 0.1935 -0.4592
v -0.7051 0.1785 -0.4588
v -0.7094 -0.1068 -0.5565
v -0.6836 -0.4017 -0.5210
v -0.6919 -0.4163 -0.4984
v -0.7056 -0.3847 -0.4968
v -0.6846 -0.4816 -0.4658
v -0.6838 -0.4824 -0.4666
v -0.6774 -0.4979 -0.4632
v -0.4462 -0.8297 -0.2470
v -0.4592 -0.7689 0.3825
v -0.5016 -0.7325 0.4014
v -0.5527 -0.6169 0.5020
v -0.5658 -0.5938 0.5100
v -0.5657 -0.5938 0.5099
v -0.6938 -0.2518 0.5539
v -0.6646 0.3209 0.3465
v -0.5685 0.4569 0.2110
v -0.5526 0.4633 -0.2443
v -0.6760 -0.1391 -0.5960
v -0.6760 -0.1132 -0.5958
v -0.6803 -0.2484 -0.5813
v -0.6975 -0.2656 -0.5516
v -0.7045 -0.2569 -0.5456
v -0.7209 -0.3052 -0.5077
v -0.7012 -0.4716 -0.4475
v -0.6837 -0.4840 -0.4646
v -0.6838 -0.4841 -0.4647
v -0.5466 -0.6857 0.4235
v -0.7185 -0.0662 0.5310
v -0.6798 0.3066 0.3450
v -0.6663 0.3197 0.3441
v -0.6648 0.3207 0.3463
v -0.6622 0.3243 0.3433
v -0.6605 0.3265 0.3427
v -0.6606 0.3267 0.3427
v -0.6608 0.3269 0.3427
v -0.5257 0.4887 0.1388
v -0.5016 0.5025 -0.0013
v -0.4979 0.4958 -0.1868
v -0.6239 0.3219 -0.4362
v -0.6505 0.2663 -0.4621
v -0.6768 0.2238 -0.4629
v -0.6901 0.2013 -0.4602
v -0.6900 0.2013 -0.4602
v -0.6900 0.2013 -0.4602
v -0.6921 0.1980 -0.4601
v -0.6921 0.1980 -0.4601
v -0.7001 0.1196 -0.5015
v -0.7154 0.0227 -0.5230
v -0.7198 -0.2577 -0.5274
v -0.7206 -0.2991 -0.5098
v -0.6918 -0.4163 -0.4984
v -0.5800 -0.6733 -0.4103
v -0.5518 -0.7292 -0.3558
v -0.4831 -0.7974 -0.2992
v -0.4831 -0.7974 -0.2992
v -0.4273 -0.8541 -0.1528
v -0.4207 -0.8614 0.0774
v -0.4125 -0.8528 0.1759
v -0.5336 -0.7015 0.4142
v -0.5337 -0.7018 0.4137
v -0.5634 -0.5998 0.5073
v -0.5634 -0.5998 0.5073
v -0.5664 -0.5955 0.5080
v -0.5664 -0.5955 0.5080
v -0.5682 -0.5966 0.5057
v -0.5682 -0.5965 0.5057
v -0.7189 -0.0890 0.5314
v -0.7632 0.1138 0.3973
v -0.7329 0.1851 0.3945
v -0.7314 0.2151 0.3671
v -0.6700 0.3146 0.3457
v -0.6648 0.3210 0.3444
v -0.6513 0.3390 0.3387
v -0.5937 0.4216 0.2791
v -0.5536 0.4751 0.1533
v -0.5288 0.4933 0.0519
v -0.5881 0.4221 -0.2915
v -0.6857 0.2096 -0.4590
v -0.6859 0.2091 -0.4592
v -0.6873 0.2047 -0.4591
v -0.6881 0.2043 -0.4600
v -0.6895 0.2028 -0.4589
v -0.6895 0.2028 -0.4589
v -0.6916 0.1992 -0.4590
v -0.6916 0.1992 -0.4590
v -0.6916 0.1992 -0.4590
v -0.6916 0.1992 -0.4590
v -0.6916 0.1992 -0.4590
v -0.6942 0.1972 -0.4578
v -0.7208 -0.2944 -0.5117
v -0.7205 -0.2992 -0.5096
v -0.6976 -0.4059 -0.4952
v -0.6980 -0.4104 -0.4934
v -0.6210 -0.6530 -0.3783
v -0.4814 -0.7955 -0.3075
v -0.4814 -0.7955 -0.3075
v -0.4848 -0.7971 -0.2975
v -0.4848 -0.7971 -0.2975
v -0.4866 -0.7980 -0.2919
v -0.4860 -0.8007 -0.2844
v -0.4423 -0.8541 -0.0881
v -0.4554 -0.8224 0.2378
v -0.5342 -0.7107 0.3990
v -0.5350 -0.6845 0.4388
v -0.6572 -0.4524 0.5191
v -0.6527 0.3969 -0.2084
v -0.7271 -0.0893 0.5238
v -0.7447 -0.0980 0.4978
v -0.7601 -0.0304 0.4639
v -0.7561 -0.0145 0.4657
v -0.6694 0.3161 0.3449
v -0.6654 0.3217 0.3428
v -0.6654 0.3217 0.3428
v -0.6619 0.3255 0.3418
v -0.6614 0.3269 0.3414
v -0.6614 0.3274 0.3410
v -0.6594 0.3292 0.3407
v -0.6594 0.3292 0.3407
v -0.6148 0.3994 0.2959
v -0.6859 0.2092 -0.4592
v -0.6878 0.2053 -0.4592
v -0.6891 0.2042 -0.4585
v -0.6891 0.2042 -0.4585
v -0.6907 0.2022 -0.4581
v -0.6907 0.2022 -0.4581
v -0.6907 0.2022 -0.4581
v -0.6965 0.2012 -0.4525
v -0.6956 0.1934 -0.4591
v -0.7096 -0.4450 -0.4500
v -0.7097 -0.4388 -0.4574
v -0.7171 -0.4325 -0.4482
v -0.7069 -0.4558 -0.4487
v -0.7080 -0.4127 -0.4777
v -0.6421 -0.6564 -0.3334
v -0.4860 -0.8007 -0.2844
v -0.4824 -0.8028 -0.2833
v -0.4630 -0.8299 -0.1972
v -0.5462 -0.6863 0.4231
v -0.5630 -0.6048 0.5033
v -0.5630 -0.6048 0.5033
v -0.5669 -0.6011 0.5033
v -0.5668 -0.6010 0.5031
v -0.6445 -0.4182 0.5510
v -0.6529 -0.4160 0.5440
v -0.7065 -0.1912 0.5475
v -0.7190 -0.0905 0.5315
v -0.6976 0.2887 0.3397
v -0.6323 0.3749 -0.3299
v -0.6394 0.2996 -0.4433
v -0.6594 -0.1974 -0.6112
v -0.7215 -0.2803 -0.5173
v -0.6752 -0.5275 -0.4411
v -0.6707 -0.5530 -0.4225
v -0.6171 -0.6565 -0.3793
v -0.6182 -0.6555 -0.3790
v -0.4855 -0.8031 -0.2773
v -0.4855 -0.8030 -0.2773
v -0.4806 -0.8076 -0.2709
v -0.4806 -0.8077 -0.2709
v -0.4704 -0.8134 -0.2697
v -0.4704 -0.8134 -0.2697
v -0.4687 -0.8113 -0.2798
v -0.7316 0.2336 0.3387
v -0.4701 -0.7749 0.3589
v -0.5618 -0.6125 0.4973
v -0.5617 -0.6125 0.4973
v -0.5653 -0.6083 0.4978
v -0.5653 -0.6082 0.4978
v -0.6318 -0.5172 0.5031
v -0.6494 -0.4167 0.5466
v -0.6490 -0.4167 0.5470
v -0.7558 0.0203 0.4584
v -0.5764 0.4535 0.1954
v -0.5762 0.4536 0.1948
v -0.5755 0.4547 0.1887
v -0.5776 0.4459 -0.2460
v -0.6291 0.3593 -0.3630
v -0.6998 -0.4840 -0.4405
v -0.6745 -0.5487 -0.4226
v -0.6331 -0.5950 -0.4376
v -0.5427 -0.7536 -0.3207
v -0.5625 -0.7303 -0.3345
v -0.4771 -0.8120 -0.2621
v -0.4771 -0.8121 -0.2621
v -0.4563 -0.8471 0.0768
v -0.4863 -0.7963 0.2789
v -0.5254 -0.7333 0.3737
v -0.5338 -0.7046 0.4090
v -0.5590 -0.6419 0.4684
v -0.6331 -0.5174 0.5014
v -0.6330 -0.5174 0.5016
v -0.7153 -0.2350 0.5216
v -0.7206 -0.1832 0.5268
v -0.7785 -0.0480 0.4331
v -0.7636 0.1021 0.4021
v -0.7619 0.1461 0.3728
v -0.7621 0.1462 0.3729
v -0.7438 0.1771 0.3836
v -0.7313 0.2327 0.3410
v -0.6711 0.3429 0.2982
v -0.5756 0.4546 0.1893
v -0.5441 0.4847 0.0162
v -0.5290 0.4866 -0.1733
v -0.7210 0.1255 -0.4738
v -0.6970 -0.1801 -0.5695
v -0.7151 -0.2208 -0.5371
v -0.7085 -0.2292 -0.5471
v -0.7248 -0.3504 -0.4865
v -0.7320 -0.4288 -0.4320
v -0.6742 -0.5490 -0.4226
v -0.5860 -0.6792 0.3813
v -0.5769 -0.6801 0.3934
v -0.5578 -0.6710 0.4319
v -0.5530 -0.6773 0.4282
v -0.5769 -0.6162 0.4770
v -0.5673 -0.6144 0.4893
v -0.5673 -0.6144 0.4893
v -0.6051 -0.6030 0.4558
v -0.6358 -0.5182 0.4976
v -0.6813 -0.4446 0.4906
v -0.6826 -0.3297 0.5458
v -0.7636 0.1020 0.4021
v -0.7628 0.1414 0.3777
v -0.7665 0.1428 0.3690
v -0.6735 0.3404 0.2996
v -0.6615 0.3693 0.2629
v -0.5958 0.4307 0.2494
v -0.6047 0.4348 0.2073
v -0.5963 0.4632 0.0382
v -0.5969 0.4621 0.0239
v -0.6197 0.3966 -0.2983
v -0.6681 0.2508 -0.4542
v -0.7272 -0.0584 -0.5246
v -0.7271 -0.1034 -0.5279
v -0.6764 -0.5462 -0.4225
v -0.5968 -0.7099 -0.3172
v -0.4833 -0.8114 -0.2494
v -0.4833 -0.8114 -0.2494
v -0.4943 -0.8097 -0.2275
v -0.5153 -0.8048 -0.2018
v -0.5783 -0.6875 0.3770
v -0.5783 -0.6875 0.3770
v -0.5907 -0.6726 0.3855
v -0.5769 -0.6162 0.4770
v -0.6292 -0.5709 0.4551
v -0.6602 -0.4994 0.4817
v -0.7211 -0.1350 0.5303
v -0.7375 -0.1138 0.5073
v -0.7181 0.2570 0.3317
v -0.6708 0.3686 0.2380
v -0.7082 0.0760 -0.5145
v -0.7207 -0.4587 -0.4240
v -0.5678 -0.7233 0.3190
v -0.5731 -0.7340 -0.3112
v -0.5670 -0.7533 -0.2727
v -0.5390 -0.7781 -0.2529
v -0.5522 -0.7970 0.0949
v -0.5610 -0.7965 0.0234
v -0.5610 -0.7965 0.0234
v -0.5614 -0.7965 0.0086
v -0.5610 -0.7966 -0.0087
v -0.5610 -0.7966 -0.0087
v -0.5609 -0.7956 -0.0542
v -0.5500 -0.7987 -0.1166
v -0.5046 -0.8029 -0.2344
v -0.5584 -0.7946 -0.1019
v -0.4925 -0.8077 -0.2426
v -0.4925 -0.8077 -0.2426
v -0.5464 -0.7971 -0.1481
v -0.5060 -0.8202 -0.1505
v -0.4831 -0.8028 0.2632
v -0.5750 -0.6926 0.3715
v -0.5831 -0.6834 0.3775
v -0.5831 -0.6833 0.3775
v -0.5859 -0.6791 0.3812
v -0.5907 -0.6725 0.3855
v -0.5978 -0.6646 0.3877
v -0.5978 -0.6646 0.3877
v -0.6003 -0.6580 0.3938
v -0.6004 -0.6581 0.3939
v -0.6089 -0.6541 0.3861
v -0.5962 -0.6627 0.3931
v -0.5961 -0.6626 0.3931
v -0.5960 -0.6672 0.3861
v -0.5960 -0.6672 0.3861
v -0.6052 -0.6523 0.3945
v -0.6052 -0.6523 0.3945
v -0.6031 -0.6501 0.4009
v -0.6031 -0.6501 0.4009
v -0.6032 -0.6424 0.4112
v -0.5773 -0.6242 0.4678
v -0.5773 -0.6242 0.4678
v -0.5825 -0.6138 0.4730
v -0.5825 -0.6138 0.4730
v -0.7036 -0.3921 0.4881
v -0.7029 -0.2917 0.5245
v -0.7662 0.0158 0.4412
v -0.7598 0.0476 0.4420
v -0.6823 0.3285 0.3052
v -0.6744 0.3386 0.3002
v -0.6818 -0.6267 -0.3001
v -0.6484 0.3076 -0.4122
v -0.6928 0.2296 -0.4364
v -0.7435 0.1802 -0.3979
v -0.7165 0.2064 -0.4160
v -0.7292 -0.2495 -0.5135
v -0.7342 -0.2991 -0.4938
v -0.7229 -0.4198 -0.4492
v -0.7239 -0.4192 -0.4488
v -0.7238 -0.4191 -0.4487
v -0.6705 -0.6097 -0.3533
v -0.5046 -0.8029 -0.2344
v -0.5002 -0.8051 -0.2351
v -0.5002 -0.8051 -0.2351
v -0.4943 -0.8098 -0.2275
v -0.5063 -0.8051 -0.2206
v -0.5175 -0.8211 -0.0528
v -0.5749 -0.6925 0.3715
v -0.5784 -0.6918 0.3660
v -0.5784 -0.6918 0.3660
v -0.5755 -0.6939 0.3667
v -0.5755 -0.6940 0.3667
v -0.5847 -0.6953 0.3431
v -0.5799 -0.6890 0.3700
v -0.5799 -0.6890 0.3700
v -0.5906 -0.6754 0.3803
v -0.5906 -0.6754 0.3803
v -0.6058 -0.6470 0.4009
v -0.6058 -0.6470 0.4009
v -0.5950 -0.6420 0.4239
v -0.5928 -0.6237 0.4494
v -0.5874 -0.6186 0.4619
v -0.5874 -0.6186 0.4619
v -0.6861 -0.5881 -0.3548
v -0.5819 0.4596 0.1538
v -0.5695 0.4754 0.0037
v -0.6385 0.4018 -0.2452
v -0.7384 0.1333 -0.4401
v -0.7272 -0.4127 -0.4507
v -0.6691 -0.6107 -0.3527
v -0.5063 -0.8050 -0.2206
v -0.5320 -0.7525 0.3176
v -0.5749 -0.6964 0.3617
v -0.5749 -0.6964 0.3617
v -0.5935 -0.6717 0.3824
v -0.5935 -0.6717 0.3824
v -0.6053 -0.6444 0.4054
v -0.6053 -0.6444 0.4054
v -0.6032 -0.6424 0.4112
v -0.6015 -0.6399 0.4171
v -0.6015 -0.6399 0.4171
v -0.5928 -0.6237 0.4492
v -0.6525 -0.5450 0.4527
v -0.7783 -0.0484 0.4346
v -0.7735 -0.0191 0.4342
v -0.7773 0.0559 0.4070
v -0.7699 0.0835 0.4004
v -0.7044 0.2999 0.3048
v -0.7101 0.3133 0.2737
v -0.6860 0.3657 0.2084
v -0.5987 0.4507 0.1433
v -0.5557 0.4781 -0.1277
v -0.6285 0.3440 -0.3941
v -0.7108 0.0510 -0.5187
v -0.7320 -0.2361 -0.5139
v -0.6700 -0.6093 -0.3532
v -0.6624 -0.6348 -0.3305
v -0.6232 -0.6921 -0.3012
v -0.5135 -0.8016 -0.2195
v -0.5152 -0.8047 -0.2017
v -0.5644 -0.7050 0.3633
v -0.6090 -0.6339 0.4136
v -0.6089 -0.6339 0.4136
v -0.5948 -0.6418 0.4238
v -0.6275 -0.6081 0.4155
v -0.7447 0.2105 0.3406
v -0.7340 0.2291 0.3393
v -0.6689 0.2813 -0.4160
v -0.6500 0.3082 -0.4099
v -0.7270 -0.3510 -0.4837
v -0.6723 -0.6076 -0.3516
v -0.6612 -0.6207 -0.3544
v -0.5291 -0.8012 -0.1842
v -0.5290 -0.8011 -0.1842
v -0.5332 -0.8129 0.0393
v -0.5644 -0.7050 0.3633
v -0.5722 -0.7011 0.3563
v -0.5722 -0.7011 0.3563
v -0.6002 -0.6319 0.4287
v -0.6002 -0.6319 0.4287
v -0.7756 -0.0153 0.4315
v -0.6719 0.3903 0.1632
v -0.6275 0.4431 0.0448
v -0.6536 0.3096 -0.4022
v -0.6689 0.3258 -0.3463
v -0.5325 -0.7976 -0.1911
v -0.5232 -0.8018 -0.1952
v -0.5232 -0.8018 -0.1952
v -0.5586 -0.7153 0.3531
v -0.5585 -0.7152 0.3530
v -0.7142 -0.3216 0.5030
v -0.7767 -0.0135 0.4303
v -0.7786 -0.0100 0.4277
v -0.7327 0.2306 0.3398
v -0.7310 0.2329 0.3404
v -0.6856 0.3766 0.1547
v -0.5324 -0.7976 -0.1911
v -0.5395 -0.7959 -0.1792
v -0.5395 -0.7959 -0.1792
v -0.5370 -0.8004 -0.1637
v -0.5371 -0.8005 -0.1637
v -0.5464 -0.7971 -0.1481
v -0.5499 -0.7986 -0.1165
v -0.5541 -0.8013 0.0078
v -0.5616 -0.7179 0.3418
v -0.5616 -0.7179 0.3418
v -0.5653 -0.7191 0.3321
v -0.5653 -0.7192 0.3321
v -0.7777 -0.0486 0.4346
v -0.7777 -0.0473 0.4337
v -0.7785 -0.0477 0.4331
v -0.7781 -0.0477 0.4336
v -0.7326 0.2306 0.3398
v -0.5540 -0.8011 0.0078
v -0.5532 -0.8014 0.0234
v -0.5532 -0.8014 0.0234
f 3480 2760 2591
f 7611 40 3695
f 3695 40 44
f 58 56 15376
f 57 58 1160
f 19605 18591 18900
f 18591 19605 101
f 104 19069 82
f 113 112 20274
f 20308 112 113
f 143 144 20122
f 20089 164 19935
f 168 167 169
f 202 203 210
f 242 19651 257
f 19646 19673 262
f 270 19726 268
f 309 317 311
f 19366 19493 316
f 381 377 345
f 379 377 380
f 397 19054 399
f 19054 397 400
f 373 394 18825
f 18899 18748 18749
f 18878 424 423
f 436 466 468
f 469 467 470
f 482 18748 481
f 495 493 494
f 496 493 497
f 495 494 498
f 18572 509 511
f 18038 595 17638
f 602 599 600
f 585 659 651
f 640 643 641
f 638 642 645
f 646 643 648
f 683 650 682
f 659 660 651
f 666 663 661
f 661 663 667
f 664 665 668
f 674 675 679
f 676 675 674
f 676 674 678
f 675 676 680
f 693 672 694
f 697 17177 17314
f 685 702 755
f 17471 706 707
f 706 17471 708
f 735 734 733
f 733 734 736
f 746 745 748
f 743 741 747
f 827 16638 828
f 848 847 16216
f 16726 802 16349
f 16623 831 864
f 831 865 16214
f 16142 888 964
f 895 941 896
f 907 15857 946
f 914 917 918
f 914 920 917
f 918 912 921
f 912 16060 16159
f 981 941 982
f 16234 954 953
f 970 967 966
f 967 965 966
f 964 966 965
f 1019 1022 15225
f 1036 1038 1039
f 15221 14699 1058
f 1074 1075 1076
f 1076 1075 1077
f 14639 14098 14627
f 1173 1171 1172
f 1164 1177 1176
f 1204 1205 1203
f 1207 1204 1203
f 13671 1218 1219
f 1224 1222 1223
f 13391 1258 1257
f 1262 1259 11935
f 1263 12521 1264
f 1282 1281 1280
f 1281 1279 1280
f 1284 1281 1282
f 1280 1279 1286
f 1283 1281 1284
f 1283 1284 1285
f 1284 1282 1287
f 1288 1286 1279
f 1282 1280 1289
f 1279 1281 1290
f 1290 1281 1283
f 1285 1284 1291
f 1291 1284 1287
f 1287 1282 1292
f 1293 1288 1302
f 1288 1279 1302
f 1289 1280 1286
f 1286 1288 1296
f 1288 1293 1294
f 1292 1282 1289
f 1289 1286 1316
f 1316 1286 1296
f 1294 1293 1295
f 1298 1285 1291
f 1291 1287 1299
f 1300 1299 1292
f 1299 1287 1292
f 1288 1294 1301
f 1295 1293 1278
f 1345 1279 1290
f 1283 1285 1297
f 1303 1291 1299
f 1278 1293 1302
f 1302 1279 1345
f 1290 1283 1297
f 1297 1285 1298
f 1291 1303 1307
f 1300 1292 1305
f 1298 1291 1317
f 1317 1291 1318
f 1291 1307 1318
f 1303 1299 1320
f 1321 1309 1322
f 1299 1300 1323
f 1322 1310 1324
f 1300 1305 1325
f 1305 1292 1312
f 1312 1292 1314
f 1292 1289 1326
f 1289 1316 1351
f 1294 1295 1352
f 1278 1302 1328
f 1329 1298 1306
f 1331 1306 1333
f 1306 1298 1333
f 1298 1317 1333
f 1335 1319 1308
f 1341 1308 1336
f 1336 1308 1321
f 1308 1304 1321
f 1322 1324 1343
f 1324 1311 1337
f 1311 1313 1337
f 1338 1312 1314
f 1292 1326 1314
f 1330 1332 1341
f 1334 1335 1332
f 1332 1335 1341
f 1335 1308 1341
f 1336 1321 1343
f 1321 1322 1343
f 1289 1351 1326
f 1344 1278 1328
f 1387 1345 1290
f 1347 1340 1353
f 1329 1306 1348
f 1330 1341 1353
f 1341 1342 1343
f 1288 1301 1339
f 1297 1298 1358
f 1358 1298 1329
f 1337 1349 1324
f 1324 1349 1355
f 1354 1314 1356
f 1314 1326 1356
f 1326 1350 1356
f 1351 1316 1296
f 1296 1288 1339
f 1387 1290 1297
f 1358 1329 1359
f 1329 1346 1359
f 1347 1353 1360
f 1343 1324 1362
f 1356 1350 1363
f 1350 1326 1384
f 1301 1294 1352
f 1277 1295 1376
f 1328 1302 1345
f 1387 1297 1388
f 1358 1359 1367
f 1360 1353 1368
f 1353 1341 1361
f 1341 1343 1361
f 1324 1355 1370
f 1357 1364 1355
f 1370 1364 1371
f 1351 1296 1373
f 1374 1296 1339
f 1339 1301 12561
f 1295 1278 1376
f 1276 1278 1344
f 1379 1358 1381
f 1366 1368 1382
f 1382 1368 1353
f 1324 1370 1362
f 1355 1364 1370
f 1369 1350 1384
f 1326 1372 1384
f 1384 1372 1386
f 1326 1351 1372
f 1373 1296 1374
f 1377 1344 1328
f 1328 1345 1387
f 1378 1297 1389
f 1297 1358 1389
f 1358 1379 1389
f 1389 1379 1390
f 1380 1382 1391
f 1353 1361 1383
f 1361 1343 1362
f 1370 1385 1412
f 1384 1386 1393
f 1374 1339 1375
f 1396 1365 1376
f 1376 1365 1277
f 1344 1377 1276
f 1377 1328 1397
f 1388 1297 1378
f 1378 1389 1399
f 1400 1391 12270
f 1382 1353 1391
f 1391 1353 1383
f 1362 1370 1402
f 1403 1384 1393
f 1372 1351 1408
f 1339 12561 1375
f 1352 1295 1277
f 1397 1328 1411
f 1411 1328 1387
f 1398 1378 1399
f 12270 1391 1383
f 1383 1361 1401
f 1392 1384 1403
f 1403 1393 1413
f 1414 1405 1416
f 1393 1386 1415
f 1386 1372 1417
f 1417 1372 1418
f 1372 1408 1419
f 1420 1409 1422
f 1408 1351 1373
f 12561 1301 12812
f 1301 1352 12812
f 1431 3354 1430
f 1449 1447 1445
f 1450 1446 1452
f 1496 1652 1495
f 1506 1507 1502
f 1503 1508 1510
f 1529 1528 1530
f 1528 1529 1532
f 1549 1547 1550
f 1550 1547 1551
f 1547 1549 1548
f 1550 1546 1549
f 1598 1555 1556
f 1555 1598 3332
f 1565 1568 1563
f 1564 1563 1569
f 1573 1569 1583
f 1583 1569 1563
f 1582 1568 1567
f 1582 1567 1576
f 1566 1572 1575
f 1574 1570 1578
f 1571 1573 1577
f 1582 1577 1579
f 1579 1577 1573
f 1583 1563 1581
f 1579 1573 1580
f 1579 1580 1583
f 1581 1563 2994
f 1587 1588 1589
f 1600 1599 1598
f 1606 1604 2902
f 1690 1638 1637
f 1641 3153 1640
f 1647 1648 1649
f 1647 1646 1648
f 1644 1649 1648
f 1645 1646 1652
f 1648 1646 1635
f 1635 1646 3005
f 1670 1663 1666
f 1663 1664 1666
f 1666 1667 1671
f 1668 1669 1663
f 1668 1670 1666
f 1667 1664 1672
f 1664 1663 1672
f 1705 1701 1700
f 2898 1699 1703
f 1703 1699 1704
f 1699 1701 1704
f 1737 1739 1738
f 2703 1741 1742
f 1760 1761 1762
f 2679 1768 1770
f 1784 1783 1785
f 1783 2686 1786
f 1787 1786 2686
f 1784 1785 1788
f 1786 1781 1782
f 1786 1787 1781
f 1783 1792 1791
f 1780 1778 2661
f 2661 1778 1779
f 1783 1784 1779
f 1781 1789 1782
f 1789 1781 1790
f 1783 1791 2686
f 1783 1778 1793
f 1806 1803 1802
f 1803 1806 1804
f 1770 1806 1808
f 1809 1807 2680
f 1806 1802 1805
f 1808 1806 1809
f 1806 1770 1804
f 1809 1806 1805
f 2474 2596 1825
f 1835 1836 2529
f 2292 1864 1866
f 1871 1870 1872
f 1868 1869 1870
f 1870 1871 1867
f 1884 1886 1883
f 1884 1883 1876
f 1881 1879 1885
f 1879 1878 1885
f 1885 1878 1883
f 2295 1878 1879
f 1885 1883 1886
f 1886 1874 1875
f 1875 1873 2300
f 1876 1877 2228
f 1876 1883 1878
f 1887 1879 1872
f 1879 1871 1872
f 1863 1867 1871
f 1871 1879 1881
f 1881 1885 2299
f 2231 1885 1886
f 1895 2209 2116
f 1906 1907 1908
f 1909 1904 1920
f 1905 1920 1904
f 1925 1906 1909
f 1920 1905 1902
f 1910 1912 1913
f 1910 1913 1911
f 1911 1915 1914
f 1917 1912 1902
f 1919 1916 1917
f 1916 1912 1917
f 1915 1911 1918
f 1918 1911 1913
f 1912 1916 1913
f 1909 1906 1904
f 1908 1907 1853
f 1906 1925 1907
f 1903 1902 1912
f 1921 1919 1917
f 1913 1901 1918
f 1905 1917 1902
f 1904 1906 1922
f 1901 1913 1900
f 1900 1913 1916
f 1922 1906 1930
f 1935 2099 1936
f 2069 1935 1936
f 1944 1943 1945
f 1953 1951 1952
f 1964 1961 1966
f 1965 1960 1967
f 1960 1962 1967
f 1968 1959 1962
f 1972 1971 1970
f 1984 1978 1977
f 1977 1976 1984
f 1981 1979 1977
f 1982 1977 1979
f 1977 1975 1981
f 1977 1978 1975
f 1977 1982 1985
f 1985 1983 1979
f 1990 1984 1954
f 1979 1981 1988
f 1988 1987 1961
f 1978 1984 1990
f 1974 1984 1986
f 1991 1976 1985
f 1976 1977 1985
f 1958 1987 1988
f 1988 1981 1993
f 1995 1974 1986
f 1986 1984 1997
f 1984 1976 1997
f 1979 1988 1985
f 1985 1988 1998
f 1988 1961 1998
f 1988 1993 1989
f 1975 2000 1981
f 1954 1984 1957
f 1984 1974 1957
f 1974 1995 2001
f 1976 1991 2005
f 1998 1961 1964
f 1963 1965 2007
f 1965 1967 2007
f 1962 1959 2021
f 2010 1987 2011
f 2011 1987 1958
f 1958 1988 1989
f 1975 1978 1990
f 2013 1974 2016
f 2016 1974 2017
f 1994 1971 1973
f 1971 1956 1973
f 1995 1986 2002
f 1972 1996 2003
f 1997 1976 2019
f 1998 1964 2008
f 1960 1992 2009
f 2012 1957 1974
f 2012 1974 2013
f 1950 1956 1972
f 1956 1971 1972
f 1972 2003 2018
f 1976 2005 2019
f 1985 1998 1991
f 2006 2007 2027
f 1962 1960 2009
f 2000 1975 1990
f 1990 1954 2030
f 2030 1954 2052
f 2024 2022 2031
f 2023 2012 2013
f 2015 1973 2014
f 1973 1956 2042
f 1972 2018 2032
f 2018 2004 2032
f 1998 2026 1991
f 1991 2026 2034
f 1998 2020 2026
f 2007 1967 2027
f 1967 1962 2028
f 2009 2029 1962
f 2039 1957 2012
f 2040 2012 2041
f 2014 1973 2042
f 2043 1956 1950
f 1950 1972 2032
f 2033 2025 2027
f 2027 1967 2028
f 1962 2021 2028
f 2028 2021 2062
f 2021 1959 2044
f 1959 1968 2044
f 1968 1962 2045
f 1962 2029 2045
f 2011 1958 2046
f 2047 2036 2049
f 2037 1958 2051
f 1981 1999 1952
f 1981 2000 1999
f 2000 1990 2030
f 1954 1957 2039
f 2059 2031 2053
f 2031 2022 2054
f 2022 2014 2054
f 1950 2032 2033
f 1949 2046 1958
f 1958 2037 2048
f 2056 1947 2050
f 1943 2047 2049
f 1989 2051 1958
f 1989 1993 2051
f 1993 1981 2051
f 2051 1981 1952
f 2058 2052 1954
f 2039 2012 2040
f 2044 1968 2055
f 1948 2035 2047
f 2050 2037 2051
f 1937 1942 1951
f 2030 2052 2119
f 1954 2039 2069
f 2059 2053 2070
f 2053 1939 2060
f 2053 2031 2054
f 2014 2042 2054
f 2042 1956 2074
f 2074 1956 2043
f 2033 2027 1950
f 2027 2028 1950
f 2063 1948 2047
f 2075 1944 2076
f 1944 2064 2076
f 1944 2066 2064
f 2050 2067 1946
f 1946 2056 2050
f 2097 1942 1941
f 2040 2071 2079
f 2053 2054 1939
f 2054 2042 2061
f 2047 1943 2063
f 2067 2050 2065
f 2051 1952 1940
f 2097 2085 1942
f 1941 1942 1937
f 1953 1952 1999
f 2098 2030 2119
f 1934 2068 2100
f 2068 2069 2039
f 2070 2053 2078
f 2078 2053 2086
f 2053 2060 2086
f 2054 2072 1939
f 2061 2042 2074
f 2043 1950 1938
f 1938 1950 2062
f 2062 1950 2028
f 2062 2021 1938
f 1938 2021 2124
f 1933 2124 2021
f 2055 1968 1948
f 1968 2045 1948
f 1943 1944 2075
f 2075 2076 2083
f 2084 2077 2095
f 2076 2064 2096
f 2065 2050 2095
f 1952 1951 1940
f 1942 2085 1951
f 1951 1953 2118
f 2119 2052 2110
f 2058 1954 2069
f 1934 2069 2068
f 2040 2079 2039
f 2087 2080 2101
f 2060 2088 2102
f 2060 1939 2088
f 2072 2090 1939
f 2090 2054 2091
f 2054 2061 2091
f 2162 1938 2136
f 1938 2124 2093
f 1933 2021 2044
f 2055 1948 2063
f 2063 1943 2075
f 2094 2084 2107
f 2107 2084 2095
f 2095 2050 2051
f 1940 1951 2108
f 2109 2097 1941
f 1937 1951 2118
f 2000 2030 2098
f 2058 2069 1936
f 1935 2069 2112
f 2039 2079 2087
f 2090 2091 1939
f 1939 2091 2103
f 2105 2124 1933
f 2117 2094 2107
f 2051 1940 2095
f 2095 1940 1898
f 2118 1953 1999
f 2110 2052 2111
f 2069 1934 2112
f 1934 1932 2112
f 2100 2068 2120
f 2120 2068 2039
f 2087 2101 2039
f 2120 2101 2113
f 2088 1939 2114
f 2091 1854 2103
f 2061 2092 2091
f 1938 2162 2123
f 2136 1938 2093
f 1933 2044 2055
f 2108 1951 2085
f 2085 2097 1908
f 1912 1910 1927
f 1910 1915 1927
f 1900 1916 1929
f 2130 1906 1908
f 1908 2097 2109
f 1892 1941 1937
f 1932 1934 2131
f 2132 2131 1934
f 2134 1899 2132
f 2100 2120 2134
f 2039 2101 2120
f 2122 2114 1939
f 2115 2074 2135
f 2104 2074 2043
f 2125 2124 2486
f 2126 2055 2063
f 2116 2106 1895
f 2107 2095 2138
f 2095 1898 2138
f 2085 1908 2127
f 1907 1925 1853
f 1927 1915 1918
f 2139 2140 2142
f 2140 2139 1901
f 2168 1894 2140
f 2144 2143 2145
f 1928 1900 2128
f 1900 1929 2128
f 1917 1905 1921
f 1905 1897 1921
f 1904 1922 1924
f 2130 1908 2109
f 2118 1999 2000
f 2119 2110 2098
f 2111 2052 2058
f 2147 2112 2148
f 2112 1896 1935
f 2151 2150 2153
f 2152 2175 2155
f 2153 2150 2152
f 2170 2153 2155
f 2153 2152 2155
f 1891 2151 2153
f 2150 2151 1899
f 1899 2134 2157
f 2134 2120 2159
f 2159 2120 2161
f 2160 2121 2088
f 2061 2074 2115
f 2074 2104 2135
f 2063 2075 2165
f 2165 2075 2116
f 2209 1895 2166
f 1898 1940 2108
f 2365 1925 1909
f 1858 2168 2215
f 2168 2140 1901
f 1897 1905 1893
f 1930 1906 2130
f 2225 2169 2058
f 1936 2099 2058
f 1896 2112 2147
f 2226 2131 2132
f 2100 2134 2132
f 2180 2176 2177
f 2180 2179 2181
f 2181 2179 2187
f 2179 2178 2187
f 2179 2180 2177
f 2176 2180 2175
f 2183 2184 2185
f 2187 2178 2172
f 2173 2174 2178
f 2178 2179 2177
f 2171 2175 2180
f 2181 2187 2184
f 2184 2186 2185
f 2185 2188 2189
f 2188 2185 2186
f 2191 2190 2193
f 2190 2186 2187
f 2186 2184 2187
f 2172 2178 2174
f 2196 2197 2199
f 2197 2196 2198
f 2194 2197 2195
f 2173 2178 2177
f 2171 2155 2175
f 1899 2157 2203
f 2202 2156 2204
f 2156 2133 2204
f 2134 2159 2205
f 1939 2103 2122
f 2092 2061 2115
f 2136 2206 2162
f 1933 2055 2126
f 2209 2166 2210
f 2137 2107 2138
f 2282 1912 1927
f 2214 2213 2212
f 2212 2216 2217
f 2213 2214 2218
f 2214 1858 2215
f 1901 1900 2168
f 2168 1900 1928
f 2143 2144 1928
f 1929 2256 2128
f 1916 1919 2129
f 2129 1919 1921
f 2223 1897 1893
f 1893 1905 1904
f 1924 1930 1904
f 2109 1941 1892
f 2224 1937 2118
f 2098 2110 2111
f 2169 2225 2330
f 2058 2099 2225
f 1932 2131 2294
f 1934 2100 2132
f 2226 2132 1899
f 2153 2170 1891
f 1849 2170 2155
f 1888 2181 2184
f 2191 1875 1874
f 1874 1886 2228
f 2295 1879 1887
f 2230 1872 1870
f 1881 2299 1871
f 1885 2231 2299
f 2231 1886 1875
f 2192 2191 2193
f 2234 2194 2236
f 2238 2195 2239
f 2195 2197 2239
f 2198 2196 2240
f 2196 2199 2173
f 2173 2177 1859
f 2245 2202 2204
f 2160 2088 2158
f 2088 2114 2158
f 1854 2275 2103
f 2248 2115 2135
f 2315 2125 2486
f 2126 2063 2251
f 2063 2207 2251
f 2165 2116 2209
f 1895 2167 2166
f 2253 2138 1898
f 2108 2085 2127
f 1903 1912 2282
f 1927 1918 2139
f 1918 1901 2139
f 2254 2212 2217
f 2255 1865 1864
f 1864 2292 2326
f 2220 2216 2212
f 1928 2144 2168
f 1929 1916 2129
f 2129 1921 2257
f 1897 2223 2258
f 2329 1892 2422
f 2000 2224 2118
f 2259 2147 2148
f 1899 2151 1891
f 2184 2183 1888
f 2190 2191 2260
f 2260 2191 1874
f 2228 1886 1884
f 1857 1877 2229
f 1887 1872 2261
f 1868 1870 1867
f 1873 1875 2191
f 2190 2187 2232
f 2174 2173 2199
f 2194 2174 2199
f 2236 2194 2264
f 2194 2195 2264
f 2267 2265 2268
f 2266 2242 2269
f 2240 2196 2242
f 1859 2177 1860
f 1860 2177 2271
f 2177 2176 2244
f 2150 1899 2272
f 1899 2203 2272
f 2203 2246 2272
f 2245 2204 2274
f 2204 2158 2274
f 2274 2158 2114
f 2122 2103 2247
f 2247 2103 2275
f 2091 2092 2248
f 2135 2104 2314
f 2486 2124 2105
f 2105 1933 2126
f 2207 2252 2251
f 2251 2252 2209
f 2207 2165 2209
f 2166 2167 2281
f 2253 1898 2108
f 2282 1927 2211
f 1894 2142 2140
f 2285 2289 2286
f 2288 2289 2285
f 2255 1864 2326
f 2212 2213 2220
f 2143 1928 2128
f 1850 2256 1851
f 2256 1929 1851
f 2257 1921 1897
f 2222 1897 2258
f 1893 1904 2130
f 1904 1930 2130
f 1892 1937 2422
f 2224 2000 2098
f 2111 2058 2293
f 2058 2169 2293
f 2226 1899 1891
f 1891 2170 2227
f 2171 2180 2181
f 1847 2188 2186
f 2228 1884 1876
f 2228 1877 1857
f 2230 1870 2296
f 2296 1870 1869
f 2475 1868 2334
f 2231 1875 2300
f 2193 2190 2232
f 2187 2172 2232
f 2232 2172 2174
f 2174 2194 1856
f 2194 2234 2304
f 1855 2263 2237
f 2263 2201 2237
f 2238 2239 2306
f 2239 2197 2307
f 2307 2197 2198
f 2240 2242 2309
f 2241 2265 2308
f 2242 2196 2269
f 2173 1859 2196
f 1859 1861 2196
f 2273 2245 2312
f 2245 2274 2312
f 2114 2122 2274
f 1829 2091 2248
f 2248 2092 2115
f 2248 2135 2314
f 2123 2104 1938
f 2104 2043 1938
f 2093 2124 2125
f 2105 2126 2277
f 2210 2280 2317
f 2320 2280 2210
f 1909 1920 1902
f 2322 1902 1903
f 2168 1858 1894
f 2367 1858 2214
f 1864 1865 2323
f 2323 2283 2286
f 2285 2286 2284
f 2290 2291 2324
f 2324 2291 2325
f 1840 2325 2291
f 2255 2326 2290
f 1866 2216 2292
f 2214 2215 2218
f 2145 2143 2328
f 1851 1929 2129
f 2421 1893 2130
f 2329 2109 1892
f 2225 2331 2540
f 2423 2148 2376
f 2148 2112 2294
f 2112 1932 2294
f 1849 2155 1848
f 2189 2188 2333
f 2186 2190 2260
f 2260 1874 2228
f 2228 1857 1832
f 2229 1877 1876
f 1846 1876 2295
f 1876 1878 2295
f 1869 1868 2297
f 2301 2300 1873
f 2191 2192 1873
f 1845 2193 2232
f 2174 2302 2232
f 2335 2194 2304
f 2303 2233 2338
f 2235 2263 2233
f 1855 2237 2305
f 2243 2308 2341
f 2265 2267 2308
f 2267 2268 2343
f 1861 1859 2345
f 1862 2311 2344
f 2177 2244 2271
f 2346 2348 2244
f 2244 2176 2349
f 2176 2175 2349
f 2152 2150 2272
f 2272 2313 2352
f 2555 2125 2315
f 2277 2126 2353
f 2250 2126 2251
f 2210 2317 2359
f 2210 2166 2320
f 2320 2166 2362
f 1842 1925 2365
f 1902 2322 1909
f 1844 2211 1927
f 1894 1858 2366
f 2286 2289 2323
f 2292 2216 2220
f 2220 2213 2327
f 2218 2215 2371
f 2215 2168 2144
f 2222 2258 2421
f 2258 1893 2421
f 2098 2111 2224
f 2224 2111 2293
f 2099 1935 1896
f 1896 2147 2259
f 2148 2294 2376
f 2227 2170 1849
f 2155 2171 1848
f 2185 2189 2333
f 2188 1847 2333
f 1847 2186 2426
f 1869 2297 2296
f 2334 1868 1867
f 2299 2231 2300
f 2382 2301 1873
f 2199 2197 2194
f 2194 2335 2336
f 2304 2339 2335
f 2240 2342 2198
f 2340 2341 2308
f 2267 2343 2387
f 2386 2269 2388
f 2269 2390 2388
f 2390 2269 2196
f 2244 2348 2271
f 2393 2346 2395
f 2175 2398 2349
f 2398 2175 2152
f 2152 2272 2402
f 2272 2351 2402
f 2272 2352 2351
f 2274 2122 2403
f 2136 2093 2206
f 2210 1799 2209
f 2210 2354 2404
f 2357 2210 2406
f 2407 2406 2359
f 2406 2210 2359
f 2358 2361 2410
f 2411 2409 2318
f 2318 2319 2411
f 2411 2319 2321
f 2364 2253 2411
f 1925 1842 1853
f 2139 2142 2464
f 1866 1864 2368
f 2288 2369 2412
f 2284 2286 2370
f 2323 1865 2283
f 2283 1865 2255
f 2255 2290 2324
f 2324 1840 1839
f 2220 2327 2415
f 2215 2144 2371
f 2144 2145 2371
f 2418 2328 2752
f 1850 2419 2420
f 2130 2109 2329
f 2169 2372 2373
f 2330 2225 2540
f 2225 2099 1896
f 2148 2423 2259
f 2131 2377 2294
f 1891 2227 2424
f 1848 2171 2378
f 2171 2181 2378
f 2181 1888 1833
f 1888 2183 1833
f 2185 2333 2183
f 1847 2426 2379
f 2186 2260 2426
f 2260 2228 1832
f 1876 1846 2229
f 1843 1846 2295
f 1837 2297 2475
f 1863 2299 1867
f 1867 2299 2300
f 2516 2428 2429
f 1873 2192 2382
f 2302 2174 1856
f 2336 2335 2383
f 2337 2338 2431
f 2305 2384 1855
f 2390 2196 1861
f 2432 2310 2344
f 2271 2435 1860
f 2271 2348 2439
f 2439 2348 2441
f 2391 2347 2440
f 2347 2392 2440
f 2346 2244 2395
f 2349 2397 2244
f 2398 2400 2349
f 2398 2152 2445
f 2445 2152 2447
f 2152 2402 2447
f 2401 2350 2403
f 2350 2274 2403
f 2486 2105 2277
f 2210 2404 2450
f 2404 2354 2453
f 2456 2355 2457
f 2354 2210 2357
f 2524 2408 2409
f 2408 2360 2409
f 2321 2363 2411
f 2253 2108 2411
f 2108 2127 2556
f 2556 2127 1853
f 2127 1908 1853
f 1903 2282 2322
f 2463 2462 2464
f 2214 2212 2367
f 2212 2254 1798
f 2368 2217 2216
f 2368 2216 1866
f 2289 2288 2412
f 1836 2413 2284
f 2370 2286 2283
f 2290 2326 2467
f 2416 2328 2418
f 2328 2143 2256
f 2143 2128 2256
f 2129 2257 2561
f 2498 1937 2224
f 2373 2372 2374
f 2331 2225 1896
f 2423 2468 2541
f 1834 2259 2423
f 1833 2183 2470
f 1846 2473 2229
f 2596 1843 1825
f 1838 2230 2296
f 2297 1868 2475
f 1867 2300 2428
f 1831 2192 1845
f 2192 2193 1845
f 1845 2232 2302
f 2652 2336 2383
f 2233 2263 2338
f 1855 2384 2385
f 2387 2389 2432
f 2390 1861 2478
f 2344 2311 2434
f 2434 2433 2479
f 2271 2437 2480
f 2437 2271 2439
f 2392 2394 2481
f 2395 2244 2482
f 2244 2397 2482
f 2481 2396 2483
f 2396 2442 2483
f 2442 2443 2483
f 2443 2399 2484
f 2399 2444 2484
f 2445 2447 2485
f 2446 2401 2484
f 2403 2122 2247
f 2162 2206 2658
f 2206 2448 2658
f 2206 2093 2449
f 2555 2315 1817
f 2353 2126 2250
f 2210 2450 2487
f 2452 2454 2451
f 2455 2458 2454
f 2460 2405 2458
f 2458 2405 2490
f 2357 2406 2489
f 2461 2408 2490
f 2409 2411 2524
f 2363 2364 2411
f 2556 1853 1822
f 1853 1842 2491
f 1844 1927 1828
f 1927 2139 1828
f 1828 2139 2462
f 2462 2139 2464
f 2462 2463 2465
f 2464 2142 1894
f 2366 1858 2367
f 1864 2323 2368
f 2493 1839 2414
f 2290 2466 2291
f 2466 2290 2467
f 2145 2328 2417
f 2328 2416 2417
f 1850 1851 2419
f 2561 1851 2129
f 1897 2222 2497
f 2497 2222 2421
f 2293 2169 2373
f 2372 2169 2330
f 2468 2469 2541
f 2541 2469 2499
f 2541 1834 2423
f 2377 2131 2226
f 2226 1891 2424
f 1849 1848 1795
f 1795 1848 1827
f 2378 2181 1833
f 1833 2470 1826
f 2470 2183 2333
f 2379 2426 2625
f 2426 2260 1832
f 2471 1832 2566
f 2503 2505 2508
f 2505 2503 2506
f 2501 2503 2508
f 2505 2509 2508
f 2513 2510 2514
f 2510 2507 2514
f 2506 2503 2514
f 2514 2503 2627
f 2503 2501 2627
f 2229 2473 2502
f 1825 2295 1887
f 2261 1872 2230
f 2297 1837 2515
f 1867 2428 2516
f 2302 1856 1824
f 2652 2383 2477
f 2477 2383 2517
f 2431 2338 1800
f 2739 1776 1855
f 1855 1776 2263
f 1855 2385 2308
f 2385 2340 2308
f 2518 2308 2267
f 2344 2434 2479
f 2436 2438 2479
f 2438 2440 2479
f 2479 2440 2519
f 2440 2392 2519
f 2392 2481 2483
f 2443 2484 2483
f 1823 2484 2403
f 2484 2401 2403
f 2275 2554 2247
f 2091 1829 1854
f 2314 2104 2123
f 2449 2093 2125
f 2277 2353 2521
f 2522 2210 2487
f 2488 2451 2523
f 2451 2454 2524
f 2454 2458 2524
f 2458 2490 2524
f 2490 2408 2524
f 2108 2556 2411
f 2365 1909 2322
f 2367 2212 1798
f 2254 2217 1763
f 2217 2368 1763
f 2368 2323 2412
f 2412 2369 1820
f 2285 2284 2413
f 1836 1835 2413
f 2492 2529 1836
f 2324 1839 2493
f 1840 2291 2466
f 2495 2213 2218
f 2371 2145 2417
f 2752 2328 2256
f 2257 1897 2497
f 2130 2329 2535
f 2329 2562 2535
f 1937 2498 2422
f 2498 2224 2293
f 2373 2374 2537
f 1896 2259 2541
f 2259 1834 2541
f 2468 2423 2542
f 2377 2226 2424
f 1848 2378 1827
f 2378 1833 2500
f 2543 1826 2470
f 2426 1832 2471
f 2472 1832 1857
f 1857 2229 2504
f 2229 2502 2504
f 2502 2501 2567
f 2546 2567 2501
f 2548 2550 2508
f 2551 2550 2549
f 2548 2508 2512
f 2501 2502 2627
f 2295 1825 1843
f 1807 1837 2427
f 2380 1867 2516
f 2382 2192 1831
f 1831 1845 2302
f 2338 2263 1800
f 2263 1776 1800
f 2387 2432 2479
f 2432 2344 2479
f 2519 2392 2483
f 1829 2791 2576
f 2314 2123 2658
f 2123 2162 2658
f 2206 2449 2448
f 2251 2209 1799
f 2523 2451 2524
f 2556 1822 2525
f 1842 2365 2322
f 2527 2462 2465
f 2528 2464 1894
f 2616 2366 2367
f 1763 2368 2558
f 2559 2284 2530
f 2284 2370 2531
f 2588 2531 2370
f 2588 2370 2283
f 2667 2588 2283
f 2255 2324 2493
f 2467 2326 2494
f 2327 2213 2532
f 2495 2218 2590
f 2218 2417 2590
f 2218 2371 2417
f 1850 1818 1744
f 2420 2419 2534
f 2562 2329 2422
f 2372 2538 2374
f 2539 2372 2330
f 2331 1896 2541
f 2376 2294 2377
f 2470 2333 2564
f 2564 2333 1847
f 2544 2565 1815
f 2544 1847 2379
f 2566 1832 2472
f 2472 1857 2504
f 2546 2501 2547
f 2550 2551 2508
f 2514 2627 2512
f 2502 2473 2627
f 1846 1843 2596
f 2569 2474 1814
f 2474 1825 1814
f 2261 2230 1887
f 1838 2296 2297
f 1837 1807 2515
f 1813 1807 1805
f 1805 1807 1809
f 1765 2516 2429
f 2428 2300 1756
f 1756 2300 2382
f 2300 2301 2382
f 1831 2302 1824
f 1824 1856 2430
f 1856 2194 2430
f 2652 2477 2573
f 2573 2477 2575
f 2553 1800 2574
f 2518 2267 2387
f 2483 2484 1823
f 2791 1829 2520
f 2555 1817 1793
f 2353 2250 2825
f 2825 2250 2251
f 2577 1799 2578
f 1799 2210 2578
f 2580 2210 2581
f 2210 2522 2581
f 2582 2523 2524
f 1822 1853 2491
f 2323 2289 2412
f 1819 1820 2369
f 2285 2586 2288
f 2559 2492 1836
f 1836 2284 2559
f 1839 1840 2466
f 2532 2213 2495
f 2752 2256 1744
f 1797 2593 2497
f 2497 2421 1797
f 2293 2373 2537
f 2537 2374 2563
f 2372 2539 2538
f 1849 1795 1796
f 1827 2378 2500
f 2500 1833 1826
f 2544 2379 2625
f 2472 2504 2567
f 2551 2549 2512
f 2595 2627 2473
f 1814 1825 2597
f 1838 2297 2515
f 1805 1802 1813
f 2600 1804 1770
f 2680 1807 2427
f 2427 1837 2475
f 2334 1867 2475
f 1867 2380 2475
f 1756 2382 2601
f 2601 2382 1831
f 2518 2387 2519
f 2387 2479 2519
f 2275 1854 2576
f 1854 1829 2576
f 1829 2248 2520
f 2248 2314 2658
f 1783 1779 1778
f 1778 1780 2606
f 1783 1786 1785
f 2315 2486 2608
f 2610 1799 2577
f 2577 2578 2612
f 2613 2579 2582
f 2524 2411 2556
f 1842 2557 2583
f 2583 2557 2614
f 2615 2614 2557
f 2322 2282 2211
f 1777 1828 2462
f 2462 2527 1706
f 2464 2528 2463
f 2369 2288 2586
f 2285 2413 1748
f 2617 2492 2587
f 2719 2618 2414
f 2414 1839 2619
f 2466 2467 1775
f 2220 2415 2292
f 2256 1850 1744
f 2420 2534 2592
f 2419 1851 2534
f 2534 1851 2561
f 2561 2257 1736
f 2497 2593 2257
f 2421 2130 2535
f 2541 2499 2622
f 2377 2424 2227
f 1849 1796 2227
f 1827 2500 2623
f 1826 2543 2594
f 2543 2470 2624
f 2470 2564 2624
f 1847 2544 2564
f 2544 1815 2564
f 2564 1815 2675
f 2565 2544 2625
f 2625 2426 2471
f 2567 2546 2626
f 1846 2596 2473
f 2474 2569 2676
f 2628 2597 2629
f 1825 1887 2230
f 2515 2571 2598
f 2515 1807 2571
f 2637 2635 2638
f 2633 2634 2644
f 1804 2632 1803
f 2633 2638 2645
f 2638 2635 2640
f 2640 2635 2641
f 2641 2635 2732
f 2634 2632 2644
f 2680 2427 1801
f 2427 2475 1801
f 2648 1801 2650
f 2429 2428 1756
f 2601 1831 2651
f 2194 2336 2430
f 2655 2602 1794
f 1794 2652 2657
f 2652 2573 2657
f 2656 2572 2574
f 2574 1800 2605
f 1855 2308 2518
f 1764 2483 1823
f 1823 2403 2247
f 2554 2275 2576
f 2125 2555 2449
f 2555 1793 1778
f 1780 1718 2606
f 2661 1718 1780
f 2885 1792 1793
f 1792 1783 1793
f 2486 2277 2608
f 2277 2521 2608
f 1842 2583 2491
f 2527 2463 2528
f 1894 2366 1816
f 2368 2412 2558
f 1820 1819 2585
f 2586 2285 1748
f 2667 2283 2255
f 2493 2414 2667
f 2618 2719 2718
f 2718 2719 1747
f 1839 1775 2619
f 1775 1839 2466
f 2327 2589 2415
f 2620 2593 2672
f 2593 1797 2672
f 1797 2421 2535
f 2498 2293 2537
f 2539 2330 2621
f 2330 2540 2621
f 2541 2622 2331
f 2423 2376 2542
f 2542 2376 2673
f 2673 2376 2377
f 2673 2377 2227
f 2674 2227 1796
f 1796 1795 1827
f 2500 1826 2623
f 2625 2471 2566
f 2508 2726 2501
f 2551 1772 1774
f 2230 1838 2629
f 2728 1838 2515
f 2633 1758 2731
f 2600 1770 1768
f 1769 2679 2678
f 1808 1809 1766
f 2475 2650 1801
f 2604 2656 2654
f 1754 2656 2605
f 2605 2656 2574
f 1800 1776 2605
f 1855 2518 2739
f 2519 2483 2682
f 2483 1764 2682
f 1823 2247 2683
f 2448 2449 2705
f 1788 1785 2662
f 2684 1790 2685
f 1781 1787 2686
f 2885 1793 1817
f 1799 2825 2251
f 2825 1799 2610
f 2687 2610 2688
f 2663 2611 2689
f 2611 2613 2711
f 2613 2582 2524
f 2691 2664 2557
f 2557 1842 2322
f 2322 2211 1844
f 2528 1706 2527
f 2413 1835 1725
f 2284 2531 2530
f 2531 2588 2530
f 1818 1850 2668
f 2592 2534 2695
f 2257 2593 1736
f 2721 2620 2672
f 2562 2422 2498
f 2563 2374 2538
f 2468 2542 2697
f 2697 2542 2673
f 2724 1827 2623
f 2624 2564 2675
f 2675 1815 2565
f 2472 2567 2626
f 2508 2551 1774
f 1772 2551 2758
f 2551 2512 2627
f 2597 1825 2629
f 1825 2230 2629
f 1807 1813 2571
f 2632 1804 2644
f 1804 2600 2646
f 1766 1809 2680
f 1757 2647 1801
f 1765 2429 1756
f 2430 2336 2652
f 1794 2602 2652
f 2655 1755 2602
f 1754 1752 2653
f 2602 1753 1750
f 2654 2656 1754
f 1754 2605 1752
f 2518 2519 2703
f 2703 2519 1741
f 1764 1823 2704
f 1823 2683 2704
f 2683 2247 2554
f 2520 2248 2658
f 1779 1784 2707
f 2707 1784 1788
f 2685 1790 1781
f 2608 2521 2709
f 2710 1749 2609
f 2609 2521 2353
f 2825 2610 2687
f 2689 2611 2711
f 2711 2613 2524
f 2711 2524 2827
f 2713 2712 2524
f 2557 2692 2691
f 2557 2322 1844
f 1737 1706 2528
f 2528 1894 1816
f 2366 2616 1816
f 2367 1798 2616
f 2558 2412 1763
f 2715 2586 1748
f 2588 2666 2748
f 2717 2666 2588
f 2493 2667 2255
f 2494 2326 2292
f 2805 1746 1745
f 1745 2590 2720
f 2668 1850 2420
f 1736 2593 2620
f 2621 2722 2539
f 2540 2331 2622
f 1683 2499 2469
f 2696 2468 2697
f 2834 2697 2698
f 2673 2227 2674
f 1796 1827 2724
f 1826 2594 2623
f 2699 2624 2675
f 2565 2625 2725
f 2625 2566 2807
f 2501 2726 2547
f 2473 2596 2595
f 2676 2569 2597
f 2569 2677 2597
f 2677 1814 2597
f 1813 1802 1759
f 1802 2700 1760
f 2731 2634 2633
f 2631 2635 2637
f 1804 2646 2644
f 2680 1801 1766
f 1766 1801 2647
f 2475 2380 2650
f 1711 1756 2601
f 2651 1831 1824
f 1824 2430 2652
f 2702 1776 2739
f 1764 2821 2682
f 2658 2448 2705
f 1786 1782 1785
f 1789 1790 2684
f 1792 2794 1791
f 1792 1734 2794
f 2521 2609 2709
f 2609 1749 2709
f 2742 2825 2687
f 2713 2524 2556
f 2556 2525 1733
f 2525 1822 1733
f 1822 2744 1733
f 2557 1844 2692
f 1777 1740 2746
f 2746 1740 2745
f 1706 1737 1738
f 1798 2254 2714
f 2254 1763 2714
f 1763 2412 2665
f 2412 1820 2665
f 2665 1820 2585
f 2529 2492 2617
f 2802 1732 2617
f 2617 2587 2693
f 2559 2530 2748
f 2530 2588 2748
f 2751 2494 2292
f 2804 2327 2532
f 2720 2590 2417
f 1744 1818 2694
f 2534 2561 2695
f 2561 1736 2695
f 1736 2620 1735
f 1735 2620 2670
f 2562 2498 2537
f 2538 2539 2754
f 2539 2722 2755
f 2724 2623 2756
f 2594 2543 2624
f 2699 2757 2624
f 2565 2725 2675
f 1698 2566 2472
f 2627 2595 2758
f 2629 1838 2728
f 2728 2515 2598
f 1759 1802 1760
f 2641 2732 2906
f 2637 2638 2644
f 2638 2633 2644
f 2646 2600 2701
f 1729 1768 2678
f 1766 1767 1808
f 2761 2763 2762
f 2766 2765 2767
f 2762 2763 2764
f 2767 2765 2769
f 2771 2762 2773
f 2766 2767 2774
f 2780 2775 2776
f 2777 2775 2782
f 2783 2768 2770
f 2763 2770 2764
f 2761 2762 2771
f 2787 2774 2767
f 2767 2776 2647
f 2776 2775 2647
f 1757 1801 2648
f 2516 1765 2818
f 2651 1824 2652
f 1751 1752 2605
f 2605 1776 2737
f 2518 2703 2739
f 1741 2519 2682
f 2520 2658 2705
f 2708 1817 2608
f 1817 2315 2608
f 2608 2709 2708
f 2796 1749 2710
f 2743 2711 2827
f 2744 1822 2491
f 2583 2614 2690
f 2797 2745 1740
f 1777 2462 1706
f 1737 1726 2800
f 2586 2715 2747
f 2413 1725 1748
f 2617 2693 2803
f 2492 2559 2587
f 2667 2414 2618
f 2749 2750 1775
f 2467 2494 1775
f 2532 2495 2804
f 2805 1745 2720
f 2694 1818 2668
f 1735 2670 2721
f 2469 2468 2696
f 2723 2697 2834
f 2697 2673 2698
f 1689 2724 2756
f 2756 2623 2594
f 2699 2675 2836
f 2725 2625 2807
f 2546 2547 2626
f 2758 2551 2627
f 2629 2728 1724
f 2571 1813 2599
f 2599 1813 1762
f 2872 1731 1761
f 1802 1803 2700
f 2632 2634 1803
f 2633 2645 1730
f 2645 2638 2640
f 2641 1771 1713
f 1771 1743 1713
f 1713 1743 2839
f 1743 1771 2759
f 2678 2679 2812
f 2812 2679 2876
f 1767 1766 2733
f 2778 2779 2813
f 2776 2767 2784
f 2816 2771 2786
f 2771 2773 2786
f 2648 2650 2380
f 2380 2516 2818
f 2602 2601 2651
f 2651 2652 2602
f 2735 1751 2736
f 2605 1727 1728
f 2820 1742 1741
f 1719 2449 2555
f 2555 1778 1719
f 1778 2606 1719
f 2706 2661 1779
f 2662 1785 2740
f 1785 1782 2740
f 1782 1789 2792
f 1789 2684 2951
f 2849 1781 2686
f 2824 2686 1791
f 1817 2708 2885
f 2609 2353 2825
f 2556 1733 2713
f 2692 1844 1777
f 1844 1828 1777
f 1737 2528 1726
f 1816 2616 2714
f 2616 1798 2714
f 1725 1835 2828
f 2748 2666 2717
f 2862 2618 2718
f 2414 2619 2719
f 2672 1797 2753
f 1797 2535 2562
f 2754 2539 2755
f 2722 2621 2540
f 1683 2469 2696
f 2673 2674 2698
f 2698 2674 2835
f 2674 1796 2835
f 1796 2724 2835
f 2835 2724 1689
f 2675 2725 2836
f 2807 2566 1698
f 1698 2472 2626
f 2808 2547 1697
f 1774 1773 1716
f 1716 1773 1772
f 1693 2595 2596
f 2628 2629 1724
f 2598 2599 1762
f 1813 1759 1762
f 1759 1760 1762
f 1762 1761 1731
f 1715 2902 2872
f 1758 2633 1730
f 2645 2640 1713
f 2640 2641 1713
f 1713 2839 2838
f 2906 2759 2641
f 2631 2637 1723
f 2646 2701 2644
f 2841 1729 2811
f 2876 2679 1808
f 2679 1770 1808
f 1766 2647 2775
f 2813 1721 2842
f 2777 1722 2844
f 2779 2781 2783
f 1712 2761 2785
f 2814 2772 2815
f 2815 2772 2817
f 1765 1756 2788
f 1756 1711 2819
f 2602 1750 2789
f 2847 2682 2821
f 1764 2704 2985
f 2683 2554 2576
f 2661 1717 1718
f 2661 2706 1717
f 1782 2792 2823
f 2685 1781 2849
f 2742 2826 2851
f 2853 1733 2744
f 2491 2583 2854
f 2691 2692 2690
f 1777 2746 2692
f 2746 2745 2855
f 1777 1706 1740
f 1691 1737 2800
f 1684 2800 1726
f 1726 2528 2856
f 2528 1816 2856
f 2369 2586 2747
f 2747 2715 2857
f 1835 2529 2828
f 2802 2617 2803
f 2693 2587 2861
f 2587 2559 2861
f 2862 2667 2618
f 2751 2292 2415
f 2495 2590 1745
f 2867 2668 2420
f 1735 2721 2895
f 2562 2537 2753
f 2538 2754 2563
f 2722 2540 2870
f 2540 2622 2870
f 2499 1683 2622
f 3047 2723 2834
f 2594 2624 2757
f 2699 2806 2757
f 2726 1697 2547
f 1774 1716 2837
f 1772 2758 1716
f 2596 2474 2809
f 2871 1724 2936
f 2598 1762 2728
f 2872 2902 1731
f 1803 2634 2700
f 2700 2634 2731
f 1713 2838 2873
f 1771 2641 2759
f 2637 2644 1723
f 2600 1768 1729
f 2812 1729 2678
f 1808 1767 2876
f 2733 1766 2775
f 2843 1721 2877
f 2761 2942 2879
f 2761 1712 2942
f 2787 2767 1757
f 2767 2647 1757
f 2817 1757 2648
f 2648 2380 2818
f 2818 1765 2788
f 2788 1756 2819
f 2881 2602 2789
f 2605 2737 1727
f 1776 2702 2790
f 2846 2703 1742
f 2821 1764 2985
f 2985 2704 2683
f 2683 2576 2791
f 1707 2791 2883
f 2883 2791 2520
f 1719 2606 1718
f 1718 1717 2884
f 2848 2662 2740
f 2740 1782 2822
f 2684 2685 2919
f 2685 2849 2920
f 2824 2794 1734
f 1734 1792 2885
f 2742 2851 2825
f 2852 2827 2886
f 2853 2888 2887
f 2745 2797 2855
f 1740 1706 2797
f 1738 1739 1691
f 2856 1816 2714
f 1819 2369 2747
f 1748 1725 1659
f 1725 2828 2893
f 2529 2617 2828
f 2828 2617 1732
f 2588 2667 2717
f 2667 3043 2717
f 3043 2667 2862
f 1690 2619 1775
f 2749 1775 2494
f 1745 2864 2495
f 2720 2417 2416
f 2833 2865 2926
f 2866 2833 2694
f 2895 2721 2929
f 1797 2562 2753
f 2563 2754 2896
f 2594 2757 2756
f 2806 2699 2836
f 1687 2725 1705
f 1704 1701 2898
f 1705 2725 2807
f 2626 2547 2808
f 1697 1696 1694
f 2965 1697 1694
f 1696 1695 1694
f 2508 1774 2837
f 2596 2809 1693
f 2676 2809 2474
f 2597 2628 2810
f 2901 1724 2871
f 1761 1760 2903
f 1760 2700 2903
f 1730 2645 1713
f 2732 2874 2907
f 2874 2732 2631
f 2644 2701 1723
f 2841 2811 2875
f 2811 1729 2812
f 2775 2777 2733
f 2733 2777 2909
f 2909 2777 2844
f 1721 2813 2877
f 2910 2813 2779
f 2779 2783 2910
f 2763 2761 2879
f 2880 2815 2911
f 2787 1757 2817
f 2648 2734 2817
f 1711 2601 2602
f 2913 2735 2736
f 2790 2702 2739
f 2739 2703 2846
f 1742 2820 2846
f 1741 2682 2847
f 2791 1707 2882
f 1708 1707 2883
f 2520 2705 2883
f 1719 1718 2884
f 2884 1717 3035
f 2951 2792 1789
f 2850 1734 2885
f 2709 1749 2708
f 2922 2921 1692
f 2825 2851 2923
f 2827 2524 2712
f 2853 2889 2888
f 2889 2853 2744
f 2491 2854 2744
f 2854 2583 2690
f 2690 2692 2746
f 1706 1738 2797
f 1763 2665 2714
f 1819 2747 2585
f 2747 1662 2585
f 2828 1732 2858
f 1655 1747 2719
f 2619 1690 2924
f 2751 2415 2589
f 2589 2327 2804
f 2720 2416 2418
f 1744 2694 2752
f 2694 2833 2752
f 2867 2420 2592
f 2695 1736 2895
f 1736 1735 2895
f 2537 2563 2753
f 2869 2755 2722
f 2723 3047 2697
f 2834 2698 2835
f 2806 2836 2897
f 2836 1688 2897
f 2898 1701 1705
f 2626 2808 2931
f 1695 1686 2932
f 2758 2595 1693
f 2900 2810 1724
f 2810 2628 1724
f 2936 1724 2728
f 2728 1762 2936
f 2872 1685 1715
f 1761 2967 2872
f 2731 1758 2937
f 2906 2732 2907
f 2631 1723 2874
f 2600 1729 2941
f 2733 2909 1676
f 1675 2908 1674
f 1674 2908 2877
f 2909 2844 2878
f 2813 2910 2877
f 2783 2770 2763
f 2815 2817 2911
f 2734 2648 2818
f 1711 2912 2819
f 1711 2602 2881
f 2944 2735 2913
f 2605 1728 1751
f 1727 2737 1709
f 2737 1776 2790
f 2820 1741 2847
f 2847 2821 2985
f 2985 2683 2882
f 2683 2791 2882
f 1707 1708 2882
f 1719 1720 2449
f 1669 1720 1719
f 3035 1717 2916
f 2706 1779 2707
f 1788 2662 2848
f 3036 2848 2917
f 2917 2848 2740
f 2950 2823 2792
f 2951 2684 2919
f 2919 2685 2952
f 2686 2824 2849
f 2849 2824 1734
f 2922 1692 2710
f 2953 2825 2923
f 2886 2827 2712
f 2800 1684 2955
f 2665 2585 2992
f 2857 1662 2747
f 2857 2715 1748
f 2858 1732 2859
f 2802 2803 2957
f 2718 1747 2862
f 1775 2750 1690
f 2750 3045 1690
f 2804 2495 2832
f 1745 1746 2864
f 2418 2752 2720
f 2694 2668 2867
f 2868 2867 2592
f 2592 2695 2999
f 2672 2753 2896
f 2754 2755 1609
f 2696 2697 3047
f 2964 2835 1689
f 1682 1689 2756
f 2756 2757 1682
f 2757 2806 2930
f 1705 1700 1687
f 1698 2931 2807
f 1698 2626 2931
f 2899 1696 2934
f 1696 1697 2934
f 2934 1697 2726
f 1716 1681 2935
f 1724 2901 2900
f 1762 1731 2936
f 1685 2872 2967
f 2903 2700 2731
f 2731 2937 1679
f 1713 1677 1730
f 1743 2939 2839
f 1743 2759 2939
f 2941 2940 1723
f 2701 2600 1723
f 2600 2941 1723
f 1729 2841 2941
f 2841 2875 3007
f 1633 2875 2811
f 2733 1676 2969
f 2971 2973 2975
f 3101 2974 1601
f 2972 2970 1674
f 2880 2911 2943
f 2980 2978 2819
f 2912 1711 2981
f 2981 1711 2983
f 1711 2881 2983
f 2881 2914 2983
f 2982 2913 2984
f 2913 2736 2984
f 1751 1728 2736
f 2736 1728 1673
f 2739 2846 2790
f 3026 2846 2820
f 2847 2915 3033
f 2915 2847 2985
f 2883 2705 2449
f 2449 1720 2883
f 1671 1668 1666
f 1672 1663 1669
f 1719 2884 2987
f 2707 1788 2848
f 1782 2823 2822
f 2950 2792 2948
f 2988 2792 2951
f 2952 2685 2920
f 2849 1734 2990
f 2885 2708 2850
f 2922 2710 2609
f 2690 2746 2854
f 1726 2856 1684
f 2856 2714 2992
f 2714 2665 2992
f 1660 1662 2857
f 2859 2802 2858
f 2858 2802 2993
f 2957 2803 2994
f 2803 2693 2994
f 2559 2748 2861
f 2861 2748 3041
f 3041 2748 2717
f 1642 2717 2958
f 2717 3043 2958
f 2862 1747 2959
f 1747 2960 2995
f 2960 1747 1655
f 2750 2749 3045
f 2749 2894 3045
f 2894 2749 2751
f 2749 2494 2751
f 2589 2804 2925
f 2720 2752 2926
f 2752 2833 2926
f 1628 1654 2694
f 2999 2963 2868
f 2929 2721 3046
f 3046 2721 2896
f 2721 2672 2896
f 2753 2563 2896
f 2896 2754 1609
f 2870 2622 1658
f 1658 2622 1657
f 2622 1683 1657
f 2696 3000 1683
f 2836 2725 1688
f 1688 2725 1687
f 2808 1656 2931
f 1656 2808 2965
f 2808 1697 2965
f 2932 2933 3090
f 3003 2933 2932
f 2932 1686 3003
f 2726 2508 2837
f 1716 2758 1681
f 2758 1693 1681
f 2597 2810 2676
f 1761 2903 2967
f 1758 1730 3005
f 3170 2873 2838
f 2905 2838 2939
f 2939 2838 2839
f 2876 1767 3008
f 2733 2969 2971
f 2974 2972 1674
f 2911 2817 2734
f 2788 2977 2818
f 2788 2819 2977
f 2819 2978 2977
f 2977 2978 3009
f 3013 3011 3015
f 3011 3009 3015
f 3015 3009 3017
f 3009 2978 3019
f 3021 2980 3023
f 2980 2819 3023
f 3023 2819 2912
f 2820 2847 3033
f 3031 3030 3033
f 1669 1668 3071
f 1672 1669 3035
f 3035 1669 1719
f 1719 2987 3035
f 3036 2946 2740
f 3036 2740 2822
f 3144 2823 3038
f 2823 2948 3038
f 3039 2948 2792
f 2989 2920 2849
f 2708 1749 2850
f 3040 1692 2921
f 2921 2922 3075
f 2609 2825 2922
f 2889 2744 2854
f 2855 2797 1630
f 2585 1662 2992
f 1661 1662 1615
f 2857 1748 1659
f 1659 1725 3082
f 2858 2956 2828
f 2993 2802 2957
f 2994 2693 2861
f 1628 2694 2867
f 2868 2998 2867
f 2998 2963 2999
f 1611 2929 3046
f 1609 2755 2869
f 2696 3047 3000
f 1689 1682 2964
f 1688 1687 1560
f 1560 1687 3050
f 3050 1687 1700
f 1699 2898 1608
f 1705 2807 2931
f 1694 1695 2965
f 2837 1716 2935
f 1607 2810 1680
f 2903 2731 1679
f 3005 1646 1645
f 1647 1649 1650
f 1653 1648 1635
f 1730 1677 1678
f 1678 1677 3168
f 1677 1713 2873
f 1634 2873 3095
f 1723 2940 2874
f 3129 2874 2940
f 2941 2841 3007
f 2875 1633 2968
f 3008 1767 2971
f 1767 2733 2971
f 2975 3008 2971
f 3054 2972 3097
f 2974 1674 1643
f 1674 2877 1643
f 1643 2877 2910
f 2734 2818 1619
f 3012 3014 3016
f 3017 3009 3019
f 3020 3022 3060
f 3023 2912 3063
f 3024 2984 3062
f 3062 2984 2736
f 3064 1673 1728
f 3030 3029 3065
f 3030 3031 3066
f 3033 2915 3067
f 2915 2985 3070
f 2985 2882 3070
f 3070 2882 1708
f 2883 1720 3071
f 2707 2848 2706
f 3038 2948 3073
f 2989 2849 2990
f 1749 2796 2850
f 2710 1692 3040
f 2922 3078 3077
f 2922 2825 3078
f 2825 2953 3078
f 3079 2954 3081
f 2954 2886 3081
f 2712 2713 2886
f 2886 2713 2887
f 2713 1733 2887
f 1733 2853 2887
f 2992 1662 1661
f 3083 3041 1642
f 3041 2717 1642
f 1638 1690 3045
f 2751 2589 2925
f 2832 2495 2864
f 2961 2720 2926
f 2865 2833 2866
f 2868 2592 2999
f 2928 2695 2895
f 3046 2896 3089
f 1609 3089 2896
f 2869 2722 2870
f 1657 1683 3160
f 2835 2964 2834
f 1682 2757 3001
f 2757 2930 3001
f 2897 1688 1627
f 3049 1688 1560
f 3050 1700 1699
f 2898 1705 2931
f 2965 1695 3002
f 2932 3090 1695
f 1686 1695 2966
f 1695 1696 2966
f 1636 2934 2726
f 2935 1681 1626
f 1680 2810 2900
f 2900 2901 3004
f 1685 2967 3051
f 2967 2903 1679
f 3126 1679 2937
f 1758 3005 2937
f 1677 3053 1634
f 3053 2873 1634
f 3095 2873 3170
f 3170 2838 2905
f 3096 2939 2906
f 2939 2759 2906
f 3130 2940 2941
f 3007 2875 2968
f 2968 1633 1545
f 2811 2812 2876
f 3008 2975 3098
f 2972 2974 3097
f 3097 2974 3101
f 1601 2974 1603
f 2783 2763 2910
f 2976 3055 2942
f 2911 2734 3056
f 3056 2734 1619
f 1619 2818 1620
f 2818 2977 1620
f 2977 3009 3011
f 3016 3018 3102
f 3103 3019 3105
f 3019 2978 3105
f 3104 3057 3058
f 2978 2980 3059
f 2979 3020 3058
f 3023 3063 3061
f 1709 3141 3025
f 3141 1709 2737
f 1617 2790 3026
f 2790 2846 3026
f 3026 2820 3033
f 3033 3030 3028
f 3028 3030 3032
f 3032 3030 3107
f 3030 3065 3107
f 3029 3030 3066
f 3031 3033 3067
f 3067 2915 3068
f 2915 3069 3068
f 3069 2915 3070
f 1708 2883 3071
f 1720 1669 3071
f 3108 1717 2706
f 2706 2848 3109
f 2920 2989 3194
f 2990 1734 2850
f 2850 2796 2710
f 3110 3040 2921
f 3111 3075 2922
f 3077 3078 3112
f 2746 2855 2854
f 1630 2797 1738
f 2800 1629 3114
f 1629 2800 2955
f 1684 2856 2992
f 2828 2956 2893
f 2994 2861 3041
f 3083 1642 3115
f 1642 2958 3042
f 2958 3043 3042
f 3043 2862 2959
f 2959 1747 2995
f 3153 2960 1612
f 3044 1612 2960
f 1655 3044 2960
f 1655 2719 3117
f 2719 2619 2924
f 1637 1638 3118
f 2961 2926 2997
f 2865 2866 3121
f 2999 2695 2928
f 2834 3048 3047
f 2834 2964 3048
f 1682 3001 3161
f 2806 2897 1627
f 3050 1699 1608
f 3002 1695 3090
f 3003 1686 2966
f 2726 2837 1636
f 2676 2810 1607
f 2901 2936 3004
f 3004 2936 2902
f 2936 1731 2902
f 1646 1650 3127
f 1653 1644 1648
f 3005 1730 1635
f 1730 1678 1635
f 1677 1634 3168
f 3098 3100 3008
f 3134 1624 3101
f 2910 1632 1643
f 1632 2910 3135
f 1623 1620 3137
f 1620 2977 3137
f 3137 2977 3139
f 2977 3011 3139
f 3010 3012 3138
f 3012 3016 3102
f 3020 3060 3058
f 3060 3062 1597
f 3062 2736 1597
f 2736 1673 1597
f 3141 2737 2790
f 3026 3033 3028
f 1596 3029 3066
f 1708 3071 3070
f 1671 1667 1595
f 3109 2848 3036
f 2988 2951 3145
f 2990 2850 3146
f 2922 3077 3111
f 3111 3077 3147
f 3080 3081 3148
f 3148 3081 2887
f 3081 2886 2887
f 1691 2800 3114
f 1662 1660 1615
f 1660 2857 1659
f 1725 2893 3082
f 3150 3082 2893
f 2858 2993 3151
f 3151 2993 1613
f 2959 2995 1562
f 2995 2960 3085
f 3085 2960 1641
f 2960 3153 1641
f 1638 3086 3118
f 2720 2961 3155
f 3121 2866 3122
f 3089 1609 1610
f 3000 3160 1683
f 2964 1682 3161
f 2898 2931 1608
f 1636 2837 2935
f 2935 1626 1593
f 1693 2809 1681
f 1592 2676 1607
f 1715 1606 2902
f 3051 2967 1679
f 1649 3127 1650
f 3130 2941 3007
f 2876 3008 2811
f 3099 3097 3131
f 3097 3101 1624
f 1599 1600 3171
f 1643 1632 1603
f 3055 1618 1621
f 1621 1622 3138
f 1622 3136 3138
f 3138 3012 1631
f 3102 3104 3058
f 3064 1728 1727
f 3141 2790 1617
f 1554 1617 3339
f 3031 3067 1586
f 1668 1671 3071
f 1667 1672 1595
f 3035 2916 1595
f 2916 1717 3072
f 3073 2948 3039
f 3039 2792 2988
f 2919 2952 3194
f 2850 2710 3146
f 2710 3040 3146
f 3110 2921 3075
f 3111 3147 3175
f 3148 2887 3113
f 3176 2888 2889
f 1684 3149 2955
f 1684 2992 3149
f 2992 1661 3149
f 1614 1552 1660
f 1614 1660 1659
f 3082 3150 3226
f 3115 1642 3179
f 3042 3043 2959
f 1640 3153 3152
f 3153 1612 3154
f 3119 3045 2894
f 2894 2751 2925
f 2805 2720 3155
f 2997 2926 3181
f 3121 2926 2865
f 2866 2694 3182
f 2999 3158 2998
f 3088 2928 3123
f 3123 2928 2895
f 2929 1611 3208
f 1610 1609 1561
f 1609 2869 3159
f 3047 3048 1538
f 3161 3001 3266
f 2930 2806 3162
f 2931 1656 1594
f 1681 2809 1626
f 2809 2676 1592
f 3165 1592 1607
f 2902 1604 3092
f 2937 3005 1645
f 1635 1678 3168
f 1625 3184 3095
f 3169 1625 3170
f 1625 3095 3170
f 3188 3096 2906
f 2940 3130 3129
f 3130 3007 1499
f 3100 3132 3008
f 3131 3097 1624
f 3171 1601 1599
f 1598 1556 1600
f 1603 2974 1643
f 2910 2763 3135
f 2879 2942 1621
f 2942 3055 1621
f 3138 1631 1621
f 3069 3070 3172
f 3070 3071 1616
f 1671 1595 3071
f 1543 3071 1595
f 1672 3035 1595
f 3072 3173 2916
f 3173 3072 3190
f 3072 1717 3108
f 3036 2822 3191
f 3145 2951 2919
f 2952 2920 3194
f 2990 3146 3195
f 1553 3040 3110
f 3197 3113 2887
f 2887 2888 3176
f 3176 2889 3201
f 2889 2854 3201
f 1738 1691 3114
f 1615 1660 1491
f 1585 1614 1659
f 3150 2893 2956
f 2993 2957 1613
f 2957 2994 1563
f 3202 1579 1583
f 3179 1642 3042
f 1641 1640 3259
f 3117 2719 2924
f 3086 1638 3045
f 3231 2894 2925
f 2804 2832 2925
f 2805 3155 1746
f 2694 1654 3182
f 1654 1628 3206
f 1628 2867 2998
f 3208 2895 2929
f 1610 1611 3089
f 2869 2870 3159
f 2870 1658 3159
f 1658 1657 1548
f 1548 1657 3160
f 3047 3264 3000
f 3264 3047 1538
f 2806 1627 3162
f 3162 1627 1688
f 3049 1560 3163
f 1608 2931 1594
f 3090 1559 3002
f 3090 1558 1559
f 3090 2933 3209
f 3209 2933 3003
f 3209 3003 3125
f 3213 3212 3211
f 3214 3212 3216
f 3213 3211 3210
f 3211 3212 3214
f 3183 2966 1696
f 2934 1636 2899
f 3091 1636 2935
f 1626 3164 1593
f 1626 2809 1592
f 1607 1680 3311
f 1680 2900 3004
f 3004 2902 3092
f 2937 1645 3126
f 1649 3167 3127
f 3167 1649 1644
f 3052 1653 3248
f 1653 1635 3248
f 3128 2905 1590
f 1590 2905 2939
f 2939 3096 3187
f 2874 3129 2907
f 3007 2968 1545
f 1633 2811 3217
f 2811 3008 3217
f 3219 3008 3221
f 3008 3132 3221
f 3220 3131 1624
f 1599 1601 1603
f 2763 2879 3135
f 2879 1621 3135
f 3058 3060 1597
f 3141 1617 1554
f 1617 3026 3339
f 3339 3026 3028
f 1588 3032 1589
f 3172 3067 3068
f 3146 3040 3174
f 3174 3040 1553
f 3223 3196 3199
f 3196 3198 3199
f 2854 2855 3201
f 3225 1630 3114
f 1630 1738 3114
f 3177 1629 2955
f 3177 2955 3149
f 1585 1659 3082
f 3227 3150 3228
f 3151 2956 2858
f 2957 1563 1568
f 1562 2995 3180
f 1655 3203 3044
f 3359 3233 3232
f 3235 3234 3237
f 3237 3234 3240
f 3237 3240 3239
f 3238 3234 3235
f 3359 3238 3233
f 3181 2926 3121
f 3206 1628 3182
f 3208 3123 2895
f 3046 3089 1611
f 1658 1548 3243
f 1547 1548 3160
f 3048 2964 3265
f 2964 3161 3265
f 3266 3001 3398
f 1537 3001 2930
f 1594 1656 3002
f 1656 2965 3002
f 3244 1559 1558
f 3125 3003 3211
f 3216 3212 3213
f 3213 3210 3245
f 3245 3210 3246
f 3211 3003 2966
f 3183 1696 2899
f 1715 1685 1606
f 1679 3126 3051
f 1644 1653 3247
f 3277 3052 3248
f 1625 3169 1523
f 3170 2905 3128
f 2907 3188 2906
f 3189 1633 3217
f 3217 3008 3219
f 3218 3220 1624
f 3135 1621 1631
f 3012 3102 1631
f 1597 1673 3064
f 1544 3141 1554
f 3028 3032 3339
f 3032 1588 3339
f 1589 3032 3107
f 3172 3070 1616
f 3191 2822 3417
f 2822 2823 3417
f 2823 3144 3417
f 3452 2988 3145
f 2919 3194 3251
f 2990 3195 2989
f 3111 3196 3223
f 3223 3199 3224
f 3200 2887 3176
f 2855 1630 3201
f 1630 3225 3254
f 1533 3254 3225
f 3351 3255 3114
f 3255 3225 3114
f 3114 1629 3177
f 1615 1491 3301
f 1585 3082 3226
f 3226 3150 3227
f 3227 3228 3256
f 3355 2957 1568
f 1581 2994 3041
f 3041 3083 3258
f 3042 2959 3179
f 2959 1562 3179
f 3085 1641 3259
f 1640 3152 3259
f 3259 3152 3358
f 3203 1655 3117
f 2924 1690 1637
f 3261 3260 3230
f 3261 3230 3086
f 3045 3119 1541
f 2894 3231 3119
f 3119 3231 3235
f 2866 3182 3122
f 1628 2998 3158
f 3263 1540 11618
f 1561 1609 3159
f 1546 1550 1551
f 1538 3048 3265
f 3397 3161 3266
f 1537 2930 3162
f 3125 3211 3469
f 3211 2966 3210
f 3183 2899 1636
f 3091 2935 1593
f 3273 1680 3004
f 3248 1635 3168
f 3369 3095 3184
f 1625 1523 3184
f 1534 1535 3279
f 3279 1535 3280
f 1535 3441 3281
f 1534 3128 1590
f 1590 2939 3187
f 1633 3249 1545
f 3249 1633 3284
f 1633 3189 3284
f 3217 3219 3287
f 3218 1624 3286
f 3286 1624 3288
f 1624 3133 3288
f 3101 1601 3134
f 3134 1601 3171
f 1603 1632 3334
f 1487 1632 3135
f 1631 3102 1597
f 3102 3058 1597
f 1727 1709 3064
f 3107 3029 1596
f 1586 3067 3250
f 3293 3067 3172
f 1616 3071 1543
f 1543 1542 3293
f 2706 3109 3340
f 3144 3073 3039
f 3039 2988 3193
f 1517 2989 1518
f 3110 3075 3111
f 3201 1630 3254
f 1531 1533 3225
f 3300 3351 3114
f 1661 1615 3149
f 1660 1552 1491
f 3228 3150 2956
f 3356 1579 3202
f 1583 1581 3202
f 1581 3041 3202
f 3041 3258 3304
f 3115 3179 3258
f 3180 2995 3085
f 3085 3259 3305
f 3044 3229 1612
f 2924 1637 3117
f 3235 3239 3119
f 3159 1658 3243
f 1546 1551 1539
f 1547 3160 1551
f 3160 3000 3264
f 3398 3001 1537
f 3163 1560 1525
f 1558 3090 3209
f 3469 3211 3269
f 3211 3214 3269
f 3214 3216 3270
f 3210 2966 3271
f 2966 3183 3271
f 3091 1593 3271
f 3272 1593 3164
f 1607 3311 3165
f 1685 3051 1536
f 1536 3051 1524
f 1645 1652 3126
f 1652 1646 3127
f 3277 3314 3319
f 3319 3318 3316
f 3169 3170 3320
f 3320 3170 3128
f 3280 1535 3321
f 1535 3281 3321
f 3441 1535 3324
f 3324 1535 1534
f 3096 3188 3326
f 1522 1460 3130
f 1522 3130 1499
f 3189 3217 3330
f 3285 3286 3288
f 3331 3133 3134
f 3133 1624 3134
f 3171 1600 1476
f 1476 1600 3378
f 3504 3378 1600
f 1598 1599 3332
f 3332 1599 3333
f 1599 1603 3333
f 3135 1631 1487
f 1597 3064 3336
f 3064 1520 1515
f 1520 3064 1709
f 1544 3290 3025
f 3339 1588 3291
f 1588 1587 3291
f 3031 1586 3292
f 3293 3172 1616
f 1616 1543 3293
f 1595 2916 3173
f 3190 3072 3108
f 3108 2706 3340
f 3036 3191 3340
f 3192 3449 3191
f 3193 2988 3452
f 3145 2919 3251
f 1516 3146 3174
f 3252 3176 3344
f 3176 3201 3344
f 3343 3253 3295
f 3201 3254 3296
f 3295 1529 1530
f 3225 3348 3346
f 3348 3225 3255
f 3349 3299 3383
f 3151 1613 3354
f 1582 1579 3356
f 3356 3202 1527
f 3202 3041 3304
f 3083 3115 3258
f 3179 1562 3357
f 3305 3180 3085
f 3152 3153 3388
f 3388 3153 3154
f 3154 1612 3425
f 1612 3229 3425
f 3044 3203 3229
f 3118 3086 3230
f 3086 3045 1541
f 3119 3239 3240
f 3238 3359 3234
f 2925 2832 3231
f 2864 1746 3155
f 2999 2928 3158
f 2928 3088 3158
f 3158 3088 3242
f 3395 1611 1610
f 1561 1540 3395
f 1561 3243 1540
f 1561 3159 3243
f 1548 1549 3243
f 3243 1549 3430
f 1551 3160 3264
f 3265 3161 3397
f 3162 3267 3399
f 1688 3049 3162
f 1560 3050 1608
f 3002 1559 1594
f 3214 3270 3310
f 3366 3363 3364
f 3183 1636 3271
f 1636 3091 3271
f 1626 1592 3368
f 1592 3165 3311
f 3273 3004 3275
f 3004 3092 3275
f 3092 1604 3275
f 1524 3051 3126
f 3247 1653 3052
f 3314 3318 3319
f 3168 1634 3369
f 3369 1634 3095
f 1523 3169 3439
f 3278 3169 3320
f 3128 1534 3320
f 3280 3321 3370
f 3371 3322 3372
f 3322 3323 3372
f 3129 3130 3327
f 3130 1460 3327
f 3007 1545 1499
f 3373 3329 3375
f 3376 3284 3377
f 3284 3189 3377
f 3328 3288 3133
f 1521 1555 3332
f 3333 1603 3334
f 1632 1487 3334
f 3141 1544 3025
f 3338 1554 3339
f 3292 1586 3250
f 3067 3293 3250
f 1542 1543 1595
f 3108 3340 1493
f 3109 3036 3340
f 3294 3193 3452
f 2989 3195 3342
f 3195 3146 3342
f 3146 1516 3342
f 3111 3223 1530
f 3223 3343 1530
f 3343 3295 1530
f 1528 3298 3297
f 3381 3225 3346
f 3348 3255 3382
f 3383 3299 3350
f 3384 3351 3300
f 3114 3177 3385
f 3352 3227 3256
f 3228 2956 3353
f 1613 3257 3354
f 3257 1613 3355
f 3305 3259 3358
f 3118 1513 1637
f 3230 3260 3426
f 3260 3261 3390
f 1541 3119 3240
f 3306 3232 3233
f 3235 3231 2832
f 1610 1561 3395
f 3395 1540 3263
f 1537 3162 3399
f 3049 3163 3162
f 1525 3362 1511
f 3362 1594 1559
f 3244 1558 3400
f 3432 1558 3209
f 3364 3363 3246
f 3363 1509 3404
f 1509 1504 3404
f 1503 3409 3405
f 3409 3406 3405
f 1503 1510 3409
f 3409 3402 3411
f 3401 3367 3410
f 3411 3364 3365
f 3478 3272 3164
f 3164 1626 3368
f 3368 1592 3311
f 3311 1680 3273
f 3313 3127 3276
f 3127 3167 3276
f 3314 3277 3483
f 3169 3278 3439
f 3413 3278 3320
f 3280 3370 3372
f 1534 1590 1591
f 3187 3096 3326
f 2907 3327 3188
f 1460 3188 3327
f 3284 3374 3249
f 3133 3331 3375
f 1556 1555 3416
f 1555 1521 3416
f 3064 1515 3336
f 1520 1709 3025
f 3107 1596 1474
f 1519 1542 1595
f 3192 3191 3417
f 3144 3039 3379
f 3452 3145 3251
f 3194 2989 1517
f 3455 1516 3174
f 1553 3110 1530
f 1530 3110 3111
f 3345 3347 3297
f 3347 3349 3297
f 3297 3349 1492
f 3384 3300 3420
f 3149 1615 3301
f 3301 1491 11761
f 1614 1585 3459
f 1469 3352 3422
f 3353 3256 3228
f 1613 2957 3355
f 1568 1582 3355
f 3258 3179 3357
f 1562 3180 3357
f 3180 1498 3357
f 1490 3357 1498
f 1497 3152 3388
f 3203 3117 1637
f 1637 1513 3389
f 3261 3086 1541
f 3306 3233 3360
f 3208 1611 3395
f 1540 3429 3396
f 3430 3429 1540
f 1540 3243 3430
f 3430 1549 1546
f 1539 3431 1546
f 3264 1538 11619
f 11619 1538 3265
f 3267 3361 3399
f 1512 1511 11621
f 1511 3362 11621
f 1560 1608 3362
f 1608 1594 3362
f 3400 1558 3432
f 3213 3245 3474
f 3404 1505 3435
f 1503 3405 3408
f 3435 3407 3436
f 3437 3405 3438
f 3438 3405 3406
f 3365 3364 3246
f 3210 3271 3246
f 3271 1593 3272
f 3164 3368 3478
f 1524 3126 1652
f 1501 1495 1652
f 3479 1496 1494
f 1652 3127 1501
f 3127 3313 1501
f 3247 1483 1644
f 1488 3319 3316
f 3316 3314 3483
f 3248 3168 3369
f 3486 3413 3320
f 1534 3279 3320
f 3440 3280 3372
f 3372 3281 3440
f 3440 3281 3441
f 3324 1534 1591
f 1460 1522 1500
f 1522 1499 3414
f 1545 3249 3442
f 3442 3249 3445
f 3415 3373 3444
f 3373 3375 3444
f 3375 3331 3444
f 1631 1597 3336
f 3290 1544 1475
f 1544 1554 1475
f 1475 1554 3338
f 3291 1587 1589
f 3447 1596 3066
f 3066 3031 11448
f 3031 3292 11448
f 3292 3250 1542
f 3250 3293 1542
f 1519 1595 3173
f 3190 3108 1493
f 3379 3419 3418
f 1514 3380 3450
f 3451 3380 1514
f 3454 1517 1518
f 1518 2989 3342
f 3455 3174 1553
f 1492 3349 3383
f 3420 3300 3421
f 3421 3300 3458
f 3177 3149 3301
f 1552 1614 3459
f 1585 3226 3459
f 3354 3257 1430
f 11608 3355 1582
f 3356 1527 3303
f 3304 3258 3357
f 3390 3261 1541
f 1541 11459 3464
f 11459 1541 3240
f 3234 3359 3465
f 3233 3238 2832
f 3238 3235 2832
f 2997 3181 11768
f 3181 3121 3392
f 3392 3121 3122
f 3158 3242 3393
f 3393 3088 3123
f 3468 3395 3263
f 3397 3266 3398
f 3398 1537 3399
f 3162 3163 3267
f 1525 1560 3362
f 3269 3310 3469
f 3310 3270 3469
f 11773 3469 3270
f 11774 3270 3216
f 3216 3213 3433
f 3433 3213 3470
f 3470 3213 3471
f 3245 3246 3475
f 3404 3435 3476
f 3435 3436 3476
f 3368 3311 1484
f 1652 1496 3479
f 1501 3412 1495
f 3167 1644 1483
f 3247 3052 3277
f 3247 3277 3319
f 3277 3248 3483
f 3483 3248 3369
f 3489 3487 3488
f 3489 3488 3490
f 3487 3489 3486
f 3489 3491 3486
f 3491 3489 3484
f 3484 3489 3490
f 3484 3490 1481
f 3488 3487 11474
f 3324 3499 11634
f 3499 3498 11634
f 1591 1590 3326
f 1590 3187 3326
f 1499 1545 3442
f 1480 3442 3501
f 3500 3443 3331
f 3443 3444 3331
f 3134 3171 1476
f 3378 3504 3503
f 1600 1556 3504
f 1556 3416 3504
f 1631 3336 1487
f 3290 1475 3508
f 3339 3291 3338
f 3291 1589 1474
f 1589 3107 1474
f 3516 3521 3526
f 3552 3550 3551
f 3555 3551 3550
f 3550 3552 3553
f 3555 3550 3556
f 3556 3550 3553
f 3553 3552 3558
f 3552 3551 3549
f 3557 3553 3558
f 3551 3555 3554
f 3554 3555 3560
f 3553 3557 3561
f 3552 3549 3562
f 3563 3554 3559
f 3587 3554 3560
f 3564 3556 3561
f 3556 3553 3561
f 3557 3558 3565
f 3552 3562 3558
f 3562 3549 3548
f 3549 3551 3554
f 3567 3560 3555
f 3555 3556 3568
f 3581 3554 3587
f 3567 3555 3568
f 3568 3556 3564
f 3554 3563 3590
f 3590 3563 3569
f 3575 3573 3579
f 3579 3573 3571
f 3571 3570 3577
f 3569 3563 3578
f 3577 3566 3579
f 3563 3559 3580
f 3559 3554 3581
f 3582 3564 3561
f 3561 3557 3583
f 3569 3572 3574
f 3579 3571 3577
f 3589 3587 3560
f 3554 3590 3549
f 3569 3574 3593
f 3573 3575 3592
f 3593 3576 3594
f 3575 3579 3585
f 3600 3587 3589
f 3589 3560 3602
f 3565 3558 3605
f 3607 3590 3608
f 3610 3590 3594
f 3590 3569 3594
f 3569 3593 3594
f 3575 3585 3635
f 3635 3585 3611
f 3559 3581 3620
f 3620 3581 3597
f 3596 3598 3612
f 3613 3581 3587
f 3599 3588 3614
f 3614 3588 3601
f 3602 3560 3615
f 3564 3582 3617
f 3582 3561 3583
f 3583 3557 3603
f 3603 3557 3604
f 3604 3557 3565
f 3605 3558 3562
f 3606 3548 3619
f 3584 3575 3595
f 3611 3596 3612
f 3586 3599 3612
f 3612 3599 3614
f 3614 3601 3621
f 3622 3602 3615
f 3615 3560 3567
f 3568 3564 3623
f 3623 3564 3617
f 3624 3583 3603
f 3548 3618 3562
f 3618 3548 3625
f 3548 3606 3625
f 3608 3590 3629
f 3590 3610 3629
f 3595 3575 3635
f 3631 3615 3567
f 3623 3617 3616
f 3616 3582 3638
f 3638 3582 3633
f 3633 3582 3624
f 3582 3583 3624
f 3619 3548 3549
f 3628 3609 3584
f 3635 3611 3614
f 3614 3611 3612
f 3614 3621 3645
f 3645 3621 3630
f 3623 3616 3638
f 3639 3633 3624
f 3659 3562 3618
f 3634 3607 3643
f 3626 3627 3642
f 3642 3627 3628
f 3628 3584 3595
f 3644 3595 3635
f 3635 3614 3636
f 3615 3631 3646
f 3648 3631 3650
f 3631 3567 3650
f 3638 3633 3651
f 3624 3603 3640
f 3603 3604 3640
f 3652 3565 3605
f 3628 3595 3547
f 3645 3637 3647
f 3650 3567 3656
f 3656 3567 3657
f 3657 3567 3568
f 3639 3624 3651
f 3604 3565 3652
f 3562 3659 3605
f 3618 3654 3659
f 3654 3625 3659
f 3590 3607 3660
f 3607 3634 3660
f 3642 3628 3547
f 3547 3595 3546
f 3651 3624 3658
f 3624 3640 3658
f 3619 3549 3660
f 3549 3590 3660
f 3669 3636 3614
f 3645 3647 3662
f 3662 3647 3655
f 3647 3649 3655
f 3657 3568 3673
f 3568 3623 3673
f 3664 3605 3659
f 3659 3625 3665
f 3625 3606 3665
f 3661 3606 3666
f 3666 3606 3619
f 3546 3595 3644
f 3662 3655 3670
f 3673 3623 3671
f 3640 3604 3663
f 3672 3659 3665
f 3667 3547 3546
f 3668 3635 3636
f 3604 3652 3663
f 3652 3605 3674
f 3660 3634 3677
f 3667 3546 3715
f 3614 3645 3669
f 3662 3670 3679
f 3658 3640 3681
f 3681 3640 3663
f 3605 3664 3682
f 3683 3659 3685
f 3672 3665 3688
f 3606 3676 3665
f 3544 3675 3690
f 3676 3606 3661
f 3668 3678 3635
f 3678 3644 3635
f 3696 3668 3636
f 3696 3636 3669
f 3669 3645 3697
f 3697 3645 3662
f 3623 3638 3759
f 3674 3605 3682
f 3664 3659 3683
f 3659 3672 3685
f 3685 3672 3700
f 3686 3687 3699
f 3689 3675 3687
f 3675 3544 3687
f 3675 3691 3690
f 3701 3661 3666
f 3660 3677 3693
f 3694 3667 3715
f 3680 3673 3671
f 3671 3623 3705
f 3690 3692 3726
f 3666 3703 3727
f 3666 3619 3703
f 3694 3715 3704
f 3546 3644 3716
f 3709 3680 3671
f 3759 3638 3706
f 3706 3638 3651
f 3711 3707 3712
f 3699 3687 3544
f 3736 3619 3660
f 3678 3668 3717
f 3662 3708 3718
f 3718 3708 3719
f 3708 3710 3719
f 3658 3681 3721
f 3698 3699 3724
f 3699 3544 3724
f 3724 3544 3725
f 3660 3693 3714
f 3713 3704 3728
f 3704 3715 3728
f 3715 3546 3716
f 3697 3662 3718
f 3718 3719 3730
f 3720 3671 3731
f 3671 3705 3731
f 3663 3652 3733
f 3652 3674 3723
f 3726 3702 3734
f 3703 3619 3735
f 3660 3714 3736
f 3736 3714 3729
f 3716 3644 3678
f 3545 3678 3717
f 3681 3663 3760
f 3760 3663 3733
f 3722 3711 3739
f 3725 3741 3724
f 3619 3736 3743
f 3737 3728 3715
f 3717 3668 10859
f 3668 3696 10859
f 10859 3696 3744
f 3696 3669 3744
f 3744 3669 3697
f 3757 3718 3730
f 3757 3730 3738
f 3658 3732 3651
f 3681 3760 3721
f 3652 3723 3745
f 3745 3723 3740
f 3739 3711 3746
f 3746 3711 3748
f 3711 3712 3748
f 3684 3698 3724
f 3544 3690 3726
f 3753 3735 3619
f 3757 3738 3758
f 3705 3623 3759
f 3740 3747 3745
f 3712 3684 3748
f 3725 3544 3751
f 3753 3619 3761
f 3619 3743 3762
f 3737 3715 3754
f 3715 3716 3755
f 3716 3678 3543
f 3697 3718 11695
f 3757 3758 3763
f 3732 3658 3721
f 3652 3745 3733
f 3765 3746 3766
f 3746 3748 3766
f 3544 3726 3752
f 3726 3734 3752
f 3761 3619 3742
f 3619 3762 3742
f 3754 3715 3770
f 10858 9032 10410
f 8614 3812 3810
f 3822 3821 3825
f 3832 3833 3836
f 3837 3832 3838
f 3838 3832 3840
f 3832 3834 3840
f 3840 3834 3842
f 3843 3835 3845
f 3833 3832 3837
f 3838 3840 3846
f 3841 3843 3847
f 3847 3843 3845
f 3844 3834 3848
f 3834 3832 3848
f 3848 3832 3850
f 3832 3836 3850
f 3837 3838 3853
f 3839 3847 3854
f 3847 3845 3854
f 3836 3833 3864
f 3833 3837 3852
f 3854 3845 3855
f 3837 3853 3858
f 3859 3854 3855
f 3849 3851 3861
f 3850 3836 3860
f 3845 3856 3855
f 3866 3856 3845
f 3867 3864 3833
f 3867 3833 3852
f 3868 3852 3830
f 3830 3837 3868
f 3868 3837 3869
f 3837 3858 3870
f 3845 3849 3871
f 3860 3863 3872
f 3863 3836 3872
f 3836 3864 3872
f 3852 3868 3875
f 3869 3837 3870
f 3858 3865 3870
f 3876 3855 3877
f 3845 3871 3866
f 3871 3849 3878
f 3849 3861 3878
f 3860 3872 3879
f 3874 3852 3875
f 3872 3864 3881
f 3885 3864 3886
f 3864 3887 3886
f 3887 3864 3894
f 3894 3864 3867
f 3867 3852 3888
f 3868 3869 3889
f 3870 3880 3890
f 3877 3855 3897
f 3878 3873 3882
f 3881 3864 3883
f 3883 3864 3892
f 3892 3864 3885
f 3896 3874 3889
f 3874 3868 3889
f 3855 3856 3897
f 3882 3884 3893
f 3888 3852 3874
f 3870 3890 3869
f 3869 3890 3899
f 3885 3886 3902
f 3906 3887 3894
f 3894 3867 3917
f 3917 3867 3895
f 3900 3891 3909
f 3866 3871 3937
f 3893 3898 3911
f 3911 3898 3903
f 3903 3904 3913
f 3886 3887 3912
f 3913 3905 3915
f 3916 3887 3906
f 3896 3889 3907
f 3889 3869 3908
f 3908 3869 3899
f 3891 3910 3909
f 3891 3877 3910
f 3856 3866 3918
f 3878 3937 3871
f 3867 3888 3895
f 3888 3874 3896
f 3907 3889 3920
f 3889 3908 3920
f 3908 3899 3921
f 3878 3882 3911
f 3882 3893 3911
f 3903 3913 3911
f 3911 3913 3924
f 3913 3915 3924
f 3923 3914 3925
f 3914 3887 3916
f 3930 3888 3896
f 3908 3921 3931
f 3932 3909 3934
f 3897 3856 3918
f 3918 3866 3922
f 3924 3926 3911
f 3925 3914 3939
f 3914 3916 3939
f 3916 3906 3941
f 3917 3895 3944
f 3908 3931 3945
f 3931 3933 3935
f 3934 3909 3910
f 3910 3936 3956
f 3910 3877 3936
f 3936 3877 3897
f 3968 3922 3866
f 3938 3925 3946
f 3925 3939 3946
f 3939 3916 3948
f 3948 3916 3950
f 3953 3928 3955
f 3941 3906 3954
f 3895 3888 3930
f 3977 3896 3907
f 3931 3935 3945
f 3957 3956 3936
f 3968 3866 3937
f 3878 3911 3947
f 3947 3940 3959
f 3939 3948 3958
f 3949 3951 3959
f 3927 3953 3969
f 3927 3928 3953
f 3952 3954 3961
f 3961 3954 3906
f 3906 3942 3961
f 3961 3942 3894
f 3944 3895 3930
f 3930 3896 3977
f 3977 3907 3978
f 3920 3908 3963
f 3908 3945 3963
f 3956 3957 3965
f 3907 3920 3978
f 3978 3920 3971
f 3967 3965 3973
f 3965 3957 3973
f 3927 3969 3990
f 3961 3894 3970
f 3894 3917 3970
f 3962 3930 3977
f 3963 3945 3966
f 3945 3964 3966
f 3966 3972 3963
f 3973 3957 3979
f 3980 3963 3981
f 3922 3968 3988
f 3947 3982 3878
f 3982 3959 3951
f 3951 3927 3983
f 3969 3953 4013
f 4013 3953 3960
f 3976 3944 3985
f 3944 3930 3962
f 3922 3988 3987
f 3937 3878 3982
f 3947 3959 3982
f 3951 3983 3982
f 3960 3974 4013
f 4013 3974 3975
f 3917 3944 3994
f 3985 3944 3962
f 3963 3980 3995
f 3986 3957 3997
f 3957 3936 3997
f 3988 3968 3989
f 3927 3990 3983
f 3975 3984 3993
f 3993 3984 4000
f 3920 3995 3971
f 3920 3963 3995
f 3980 3996 4003
f 4004 3997 4005
f 3997 3936 4005
f 3897 3918 4006
f 3975 3993 4007
f 4008 3999 3985
f 3999 3976 3985
f 3985 3962 3977
f 4029 3977 3978
f 3971 3995 4030
f 3980 4001 3995
f 3980 4003 4001
f 3897 4006 3936
f 3936 4006 4022
f 3918 3922 3987
f 3988 3989 4023
f 3989 3968 3937
f 3982 3983 4011
f 4013 3975 4014
f 4016 4015 4018
f 4014 3975 4019
f 3975 4007 4019
f 4018 4008 3985
f 3985 3977 4029
f 4002 4009 4021
f 4005 3936 4022
f 3987 3988 4010
f 3989 3937 4024
f 3937 3982 4024
f 3990 4012 4037
f 4012 3990 3998
f 4014 4017 4025
f 4026 4016 4027
f 4016 4018 3985
f 4032 4005 4022
f 4024 3982 4011
f 3998 3969 4012
f 4012 3969 4038
f 3969 4013 4038
f 4014 4025 4058
f 4058 4025 4028
f 4027 4016 3985
f 4077 3995 4039
f 4009 4031 4021
f 4032 4022 4045
f 4006 3918 4047
f 4034 3987 4049
f 3987 4010 4049
f 3983 3990 4052
f 4037 4012 4036
f 4038 4013 4014
f 3995 4001 4042
f 4021 4031 4044
f 3918 3987 4034
f 4035 4050 4048
f 4010 3988 4051
f 4051 3988 4056
f 3988 4023 4056
f 4023 3989 4024
f 3978 3971 4030
f 4059 3995 4077
f 3995 4043 4039
f 4044 4033 4061
f 4033 4054 4061
f 4065 4034 4066
f 4055 4048 4069
f 4048 4050 4069
f 4052 3990 4037
f 4053 4037 4072
f 4072 4037 4036
f 4057 4038 4058
f 4038 4014 4058
f 4058 4028 4075
f 4076 4060 4041
f 4054 4046 4061
f 3918 4034 4047
f 4034 4065 4047
f 4078 4064 4067
f 4065 4066 4068
f 4071 4051 4081
f 4051 4056 4081
f 4011 3983 4052
f 4037 4053 4052
f 4058 4073 4087
f 4058 4075 4073
f 4073 4075 4084
f 4074 4027 4083
f 4027 3985 4083
f 4083 3985 4085
f 4085 3985 4029
f 4061 4062 4078
f 4063 4047 4079
f 4047 4065 4079
f 4061 4078 4067
f 4055 4069 4067
f 4069 4050 4070
f 4056 4023 4086
f 4023 4024 4093
f 4024 3828 4093
f 4036 4012 4102
f 4083 4085 4088
f 3978 4030 4096
f 4030 3995 4106
f 3995 4059 4106
f 4076 4041 4089
f 4041 4021 4089
f 4061 4067 4090
f 4070 4080 4091
f 4102 4012 4038
f 4057 4058 4116
f 4116 4058 4087
f 4094 4087 4073
f 4089 4021 4090
f 4021 4044 4090
f 4044 4061 4090
f 4090 4067 4069
f 4069 4070 4097
f 4070 4091 4097
f 4097 4091 4099
f 4092 4081 4098
f 4081 4056 4098
f 4102 4038 4057
f 4094 4073 4103
f 4085 4029 4104
f 4098 4056 4110
f 4112 4056 4113
f 4114 4100 4056
f 4114 4056 4086
f 4024 4011 3828
f 4036 4101 4129
f 4101 4036 4102
f 4117 4116 4087
f 4087 4094 4118
f 4095 4085 4104
f 4104 4029 4119
f 4119 4029 4121
f 4121 4029 4105
f 4105 4029 4096
f 4029 3978 4096
f 4030 4106 4096
f 4110 4056 4125
f 4056 4112 4125
f 4056 4100 4113
f 4086 4023 4093
f 4072 4036 4129
f 4134 4087 4118
f 4107 4089 4131
f 4089 4090 4123
f 4097 4109 4069
f 4111 4126 4124
f 4112 4113 4127
f 4011 4052 4133
f 4053 4115 4052
f 4104 4119 4135
f 4130 4120 4122
f 4059 4108 4136
f 4136 4108 4132
f 4069 4109 4124
f 4113 4100 4137
f 4053 4072 4115
f 4139 4102 4116
f 4102 4057 4116
f 4130 4122 4141
f 4121 4105 4140
f 4140 4105 4142
f 4131 4089 4123
f 4124 4126 4069
f 4069 4126 4149
f 4126 4128 4143
f 3828 4011 4133
f 4133 4052 4115
f 4102 4139 4101
f 4117 4087 4134
f 4145 4118 8204
f 4140 4142 4146
f 4148 4131 4123
f 4150 4143 4151
f 4137 4100 4152
f 3828 4133 4144
f 4072 8141 4115
f 4189 4201 4190
f 4435 4432 4217
f 4219 4218 4220
f 4311 4224 4223
f 4228 4229 4226
f 4232 4229 4228
f 4226 4227 4228
f 4229 4230 4231
f 4233 4227 4226
f 4229 4231 4235
f 4229 4232 4230
f 4226 4229 4234
f 4234 4229 4237
f 4229 4235 4237
f 4239 4236 4241
f 4240 4235 4231
f 4233 4259 4243
f 4237 4235 4238
f 4239 4241 4247
f 4248 4227 4233
f 4249 4233 4226
f 4226 4234 4250
f 4234 4237 4252
f 4245 4239 4253
f 4239 4247 4253
f 4252 4246 4254
f 4241 4242 4257
f 4248 4233 4243
f 4259 4233 4249
f 4226 4250 4251
f 4252 4254 4234
f 4260 4234 4261
f 4234 4254 4261
f 4255 4247 4262
f 4247 4241 4262
f 4227 4248 4267
f 4249 4226 4264
f 4234 4260 4265
f 4262 4241 4266
f 4241 4257 4277
f 4256 4231 4230
f 4230 4232 4258
f 4258 4232 4272
f 4272 4232 4228
f 4228 4227 4267
f 4268 4243 4259
f 4259 4249 4269
f 4226 4251 4264
f 4251 4234 4264
f 4264 4234 4265
f 4225 4230 4258
f 4272 4228 4267
f 4268 4259 4263
f 4256 4230 4274
f 4248 4243 4282
f 4263 4259 4269
f 4264 4265 4275
f 4266 4241 4277
f 4225 4258 4279
f 4283 4268 4263
f 4273 4276 4285
f 4276 4270 4285
f 4270 4271 4287
f 4271 4262 4224
f 4365 4266 4277
f 4274 4230 4278
f 4288 4280 4289
f 4267 4248 4281
f 4281 4248 4282
f 4243 4268 4290
f 4263 4269 4291
f 4271 4224 4287
f 4287 4224 4294
f 4225 4279 4298
f 4299 4280 4288
f 4288 4289 4301
f 4279 4258 4302
f 4302 4258 4303
f 4290 4268 4306
f 4268 4307 4306
f 4291 4264 4286
f 4264 4284 4286
f 4285 4270 4293
f 4270 4287 4293
f 4294 4224 4311
f 4224 4262 4266
f 4365 4277 4295
f 4295 4277 4296
f 4278 4230 4313
f 4230 4225 4313
f 4288 4317 4319
f 4317 4288 4322
f 4289 4304 4301
f 4301 4304 4326
f 4303 4258 4325
f 4258 4272 4329
f 4331 4281 4282
f 4308 4309 4332
f 4307 4268 4283
f 4291 4269 4264
f 4291 4286 4335
f 4285 4293 4310
f 4339 4224 4266
f 4299 4288 4315
f 4315 4288 4319
f 4318 4320 4340
f 4320 4316 4321
f 4321 4300 4342
f 4288 4301 4343
f 4323 4324 4342
f 4324 4258 4327
f 4327 4258 4344
f 4344 4258 4330
f 4258 4329 4330
f 4330 4272 4345
f 4272 4267 4345
f 4267 4281 4345
f 4243 4290 4282
f 4308 4332 4358
f 4346 4358 4332
f 4347 4283 4263
f 4291 4333 4348
f 4286 4292 4335
f 4221 4335 4292
f 4293 4287 4337
f 4312 4278 4313
f 4315 4314 4297
f 4315 4319 4354
f 4354 4319 4341
f 4320 4321 4355
f 4324 4327 4356
f 4344 4330 4345
f 4368 4358 4346
f 4359 4291 4348
f 4291 4335 4361
f 4361 4335 4363
f 4337 4294 4311
f 4223 4352 4311
f 4311 4352 4220
f 4223 4224 4339
f 4339 4266 4365
f 4297 4299 4315
f 4353 4340 4366
f 4321 4342 4355
f 4355 4342 4324
f 4331 4282 4357
f 4357 4282 4290
f 4369 4263 4371
f 4263 4291 4371
f 4371 4291 4359
f 4359 4348 4373
f 4374 4349 4334
f 4350 4362 4334
f 4336 4222 4364
f 4377 4315 4367
f 4315 4354 4367
f 4376 4366 4340
f 4413 4340 4320
f 4345 4281 4331
f 4290 4306 4378
f 4308 4358 4399
f 4369 4371 4385
f 4387 4371 4359
f 4360 4374 4388
f 4334 4362 4364
f 4410 4218 4219
f 4339 4365 4389
f 4365 4295 4390
f 4390 4295 4314
f 4376 4340 4413
f 4355 4324 4356
f 4345 4331 4391
f 4331 4357 4392
f 4358 4380 4399
f 4380 4358 4368
f 4393 4263 4383
f 4263 4369 4383
f 4386 4372 4388
f 4374 4334 4364
f 4375 4364 4222
f 4293 4337 4222
f 4220 4218 4395
f 4352 4223 4415
f 4415 4223 4396
f 4223 4339 4396
f 4344 4345 4398
f 4368 4346 4381
f 4347 4263 4393
f 4394 4384 4400
f 4383 4369 4401
f 4370 4386 4400
f 4388 4374 4375
f 4374 4364 4375
f 4411 4410 4219
f 4390 4314 4402
f 4314 4315 4402
f 4315 4377 4402
f 4402 4377 4404
f 4376 4413 4403
f 4413 4320 4355
f 4398 4356 4344
f 4345 4391 4398
f 4391 4331 4392
f 4290 4378 4357
f 4357 4378 4405
f 4405 4378 4407
f 4379 4308 4399
f 4368 4381 4394
f 4382 4347 4393
f 4400 4386 4388
f 4409 4218 4410
f 4219 4220 4352
f 4396 4339 4389
f 4413 4355 4397
f 4355 4356 4398
f 4388 4375 4400
f 4375 4222 4337
f 4337 4311 4395
f 4410 4411 4414
f 4219 4352 4415
f 4389 4365 4417
f 4365 4390 4417
f 4418 4397 4355
f 4391 4392 4420
f 4421 4357 4423
f 4357 4405 4423
f 4424 4406 4425
f 4406 4408 4425
f 4408 4379 4426
f 4426 4379 4399
f 4368 4394 4400
f 4400 4375 4428
f 4311 4220 4395
f 4218 4409 4395
f 4432 4414 4411
f 4411 4219 4412
f 4416 4396 4389
f 4419 4391 4420
f 4422 4424 4430
f 4424 4425 4430
f 4427 4380 4368
f 4412 4219 4415
f 4403 4413 4434
f 4418 4355 4398
f 4357 4421 4392
f 4425 4408 4426
f 4399 4380 4457
f 4400 4428 4368
f 4416 4389 4417
f 4402 4404 4437
f 4403 4434 4436
f 4391 4419 4398
f 4421 4429 4392
f 4392 4429 4438
f 4429 4431 4438
f 4425 4426 4440
f 4440 4426 4442
f 4442 4426 4443
f 4432 4435 4212
f 4415 4396 4448
f 4402 4437 4451
f 4437 4433 4451
f 4450 4434 5805
f 4434 4413 4397
f 4431 4439 4438
f 4452 4440 4442
f 4454 4442 4443
f 4443 4426 4444
f 4446 4409 4410
f 4472 4473 4478
f 4474 4476 4479
f 4475 4477 4480
f 4476 4474 4481
f 4485 4486 4484
f 4485 4484 4487
f 4488 4485 4487
f 4486 4485 4490
f 4491 4487 4484
f 4489 4486 4490
f 4485 4488 4493
f 4484 4486 4496
f 4490 4485 4492
f 4488 4487 4497
f 4487 4491 4495
f 4491 4484 4496
f 4501 4489 4490
f 4492 4485 4499
f 4497 4487 4495
f 4496 4486 4498
f 4499 4485 4493
f 4489 4501 4502
f 4501 4490 4503
f 4495 4491 4514
f 4491 4496 4515
f 4486 4489 4498
f 4503 4490 4500
f 4576 4490 4492
f 4493 4488 4497
f 4497 4495 4506
f 4506 4495 4513
f 4495 4514 4513
f 4489 4502 4508
f 4500 4490 4505
f 4514 4491 4515
f 4496 4498 4515
f 4502 4509 4508
f 4505 4490 4517
f 4493 4497 4512
f 4512 4497 4532
f 4497 4506 4532
f 4489 4508 4507
f 4526 4500 4505
f 4490 4576 4517
f 4517 4576 4529
f 4499 4493 4520
f 4513 4514 4545
f 4546 4514 4515
f 4489 4507 4498
f 4508 4521 4507
f 4504 4511 4510
f 4523 4524 4527
f 4527 4525 4534
f 4534 4525 4536
f 4505 4517 4535
f 4530 4539 4540
f 4531 4529 4576
f 4562 4492 4520
f 4506 4513 4543
f 4543 4513 4545
f 4498 4507 4564
f 4534 4536 4538
f 4538 4536 4528
f 4529 4537 4517
f 4530 4540 4538
f 4549 4540 4551
f 4541 4531 4550
f 4550 4531 4576
f 4562 4520 4552
f 4532 4506 4553
f 4506 4543 4553
f 4498 4563 4515
f 4533 4522 4554
f 4516 4510 4522
f 4523 4527 4534
f 4534 4538 4556
f 4557 4540 4549
f 4557 4549 4559
f 4558 4548 4550
f 4576 4492 4560
f 4560 4492 4562
f 4520 4493 4512
f 4545 4514 4546
f 4507 4547 4564
f 4554 4522 4555
f 4556 4538 4540
f 4565 4557 4559
f 4560 4562 4566
f 4568 4562 4552
f 4590 4512 4532
f 4572 4544 4573
f 4544 4545 4573
f 4546 4515 4563
f 4522 4510 4555
f 4510 4511 4574
f 4511 4523 4534
f 4575 4558 4576
f 4558 4550 4576
f 4576 4560 4578
f 4578 4560 4580
f 4581 4561 4596
f 4552 4570 4583
f 4584 4571 4586
f 4552 4520 4570
f 4587 4520 4588
f 4588 4520 4512
f 4601 4512 4590
f 4590 4532 4617
f 4543 4572 4604
f 4563 4498 4606
f 4556 4540 4557
f 4565 4577 4593
f 4592 4576 4594
f 4594 4576 4578
f 4596 4567 4597
f 4582 4569 4584
f 4585 4570 4598
f 4570 4520 4598
f 4598 4520 4587
f 4588 4512 4589
f 4601 4589 4512
f 4617 4532 4603
f 4603 4532 4553
f 4553 4543 4604
f 4545 4546 4605
f 4606 4498 4607
f 4498 4564 4607
f 4608 4554 4555
f 4574 4511 4591
f 4609 4557 4565
f 4565 4593 4610
f 4593 4595 4610
f 4610 4595 4612
f 4594 4578 4611
f 4582 4584 4597
f 4586 4599 4600
f 4601 4590 4615
f 4603 4553 4620
f 4563 4605 4546
f 4609 4565 4698
f 4610 4612 4579
f 4584 4586 4622
f 4623 4587 4588
f 4616 4602 4627
f 4590 4617 4628
f 4629 4617 4603
f 4573 4545 4632
f 4511 4534 4591
f 4698 4565 4610
f 4610 4579 4581
f 4622 4586 4600
f 4588 4589 4634
f 4625 4614 4616
f 4626 4616 4627
f 4626 4627 4630
f 4627 4618 4630
f 4630 4619 4621
f 4620 4553 4636
f 4636 4553 4638
f 4638 4553 4604
f 4604 4572 4640
f 4640 4572 4573
f 4573 4632 4641
f 4545 4605 4632
f 4606 4607 4644
f 4644 4607 4646
f 4633 4608 4645
f 4510 4574 4555
f 4654 4581 4596
f 4613 4635 4624
f 4624 4635 4616
f 4635 4625 4616
f 4637 4639 4682
f 4638 4604 4648
f 4632 4605 4642
f 4645 4608 4652
f 4652 4608 4555
f 4653 4556 4483
f 4653 4483 4647
f 4483 4556 4557
f 4610 4581 4654
f 4597 4584 4622
f 4622 4600 4624
f 4655 4624 4616
f 4630 4621 4626
f 4626 4621 4637
f 4648 4604 4656
f 4563 4606 4659
f 4606 4644 4661
f 4643 4645 4660
f 4556 4653 4534
f 4654 4596 4597
f 4622 4624 4655
f 4616 4626 4663
f 4656 4604 4649
f 4642 4605 4665
f 4605 4563 4665
f 4659 4606 4667
f 4651 4660 4666
f 4645 4652 4660
f 4674 4668 4669
f 4674 4669 4672
f 4673 4668 4670
f 4668 4674 4670
f 4675 4674 4679
f 4672 4679 4674
f 4669 4668 4677
f 4668 4673 4681
f 4673 4482 4681
f 4482 4647 4483
f 4654 4597 4622
f 4640 4641 4664
f 4685 4665 4686
f 4665 4563 4686
f 4686 4563 4688
f 4563 4659 4688
f 4688 4659 4690
f 4658 4666 4689
f 4472 4669 4676
f 4626 4637 4682
f 4604 4640 4664
f 4641 4632 4664
f 4694 4687 4689
f 4666 4660 4689
f 4689 4660 4652
f 4591 4695 4574
f 4591 4534 4653
f 4751 4475 4480
f 4713 4476 4481
f 4668 4681 4677
f 4655 4616 4663
f 4656 4649 4692
f 4649 4604 4664
f 4482 4673 4701
f 4673 4674 4675
f 4721 4702 4679
f 4669 4472 4471
f 4704 4473 4706
f 4697 4475 4709
f 4681 4482 4483
f 4662 4483 4557
f 4714 4557 4609
f 4698 4610 4715
f 4829 4683 4693
f 4665 4700 4716
f 4665 4685 4700
f 4684 4694 4717
f 4694 4689 4717
f 4689 4652 4718
f 4672 4669 4471
f 4472 4478 4471
f 4471 4478 4703
f 4478 4473 4704
f 4704 4706 4724
f 4681 4483 4662
f 4655 4663 4828
f 4693 4699 4829
f 4732 4649 4734
f 4734 4649 4467
f 4642 4665 4716
f 4673 4675 4701
f 4721 4720 4702
f 4679 4672 4766
f 4703 4478 4736
f 4478 4704 4741
f 4704 4723 4741
f 4742 4725 4743
f 4744 4726 4748
f 4722 4705 4749
f 4707 4727 4750
f 4750 4727 4751
f 4727 4709 4751
f 4709 4475 4751
f 4480 4477 4752
f 4752 4477 4729
f 5247 4676 4669
f 4662 4557 4714
f 4610 4654 4715
f 4654 4622 5186
f 4622 4655 5186
f 4829 4626 4682
f 4829 4699 4733
f 4649 4664 4467
f 4664 4632 4754
f 4632 4642 4754
f 4555 4574 4695
f 4470 4647 4482
f 4720 4721 4758
f 4758 4721 4762
f 4672 4767 4766
f 4773 4737 4776
f 4738 4740 4777
f 4775 4745 4779
f 4780 4746 4751
f 4747 4750 4751
f 4782 4751 4480
f 4480 4711 4782
f 4804 4730 4783
f 4731 4472 4753
f 4784 4609 4698
f 5249 4698 4715
f 4715 4654 5186
f 4642 4716 4754
f 4716 4700 4756
f 4717 4689 4718
f 4653 4647 4470
f 4757 4482 4701
f 4719 4675 4679
f 4789 4720 4760
f 4720 4758 4760
f 4761 4759 4791
f 4792 4762 4794
f 4762 4764 4794
f 4721 4679 4764
f 4764 4679 4766
f 4703 4769 4768
f 4814 4796 4771
f 4796 4770 4771
f 4774 4778 4781
f 4801 4780 4802
f 4780 4751 4802
f 4480 4752 5208
f 4753 4472 4676
f 5186 4655 5251
f 4682 4683 4829
f 4829 4733 4785
f 4717 4718 4805
f 4695 4591 4653
f 4482 4757 4470
f 4679 4702 4719
f 4702 4720 4806
f 4808 4788 4790
f 4703 4768 4812
f 4812 4768 4814
f 4768 4796 4814
f 4814 4798 4818
f 4797 4799 4816
f 4800 4802 4817
f 4782 4711 4819
f 5208 4752 4820
f 4821 4803 4826
f 5247 4669 4677
f 4609 4784 4714
f 5251 4655 4828
f 4663 4626 4829
f 4829 4785 4831
f 4734 4467 4830
f 4786 4755 4832
f 4555 4695 4834
f 4701 4675 5287
f 4720 4787 4806
f 4836 4788 4808
f 4790 4761 4808
f 4838 4791 4793
f 4793 4795 4838
f 4764 4809 4794
f 4764 4766 4809
f 4471 4703 4839
f 4703 4812 4841
f 4841 4813 4815
f 4813 4814 4815
f 4814 4817 4802
f 4751 4782 5339
f 4851 4847 4864
f 4864 4847 4853
f 4853 4847 4849
f 4850 4848 4857
f 4851 4864 4852
f 4850 4856 4854
f 4850 4857 4856
f 4848 4858 4857
f 4853 4855 4860
f 4863 4851 4872
f 4872 4851 4852
f 4864 4853 4866
f 4853 4860 4866
f 4861 4856 4869
f 4869 4856 4870
f 4865 4857 4873
f 4866 4860 4874
f 4860 4868 4874
f 4857 4865 4890
f 4877 4865 4879
f 4871 4872 4878
f 4878 4872 4852
f 4883 4852 4896
f 4859 4864 4880
f 4864 4866 4891
f 4870 4875 4869
f 4870 4856 4882
f 4890 4865 4877
f 4876 4878 4883
f 4878 4852 4883
f 4885 4852 4859
f 4874 4868 4886
f 4869 4875 4887
f 4886 4881 4888
f 4856 4857 4882
f 4890 4877 4894
f 4894 4877 4884
f 4885 4859 4880
f 4880 4864 4891
f 4874 4897 4891
f 4897 4874 4888
f 4874 4886 4888
f 4889 4875 4893
f 4882 4857 4890
f 4890 4894 4910
f 4895 4883 4896
f 4846 4852 4885
f 4897 4888 4892
f 4900 4893 4875
f 4901 4875 4902
f 4902 4875 4870
f 4910 4894 4904
f 4904 4894 4905
f 4927 4896 4852
f 4906 4885 4880
f 4893 4900 4898
f 4908 4900 4875
f 4910 4909 4911
f 4910 4904 4909
f 4909 4904 4914
f 4903 4896 4913
f 4891 4897 4915
f 4897 4899 4907
f 4916 4908 4901
f 4908 4875 4901
f 4870 4882 4902
f 4911 4909 4917
f 4918 4912 4913
f 4913 4896 4918
f 4897 4907 4919
f 4908 4916 4920
f 4880 4891 4915
f 4901 4902 4924
f 4882 4890 4921
f 4911 4917 4928
f 4918 4896 4927
f 4927 4852 4846
f 4951 4885 4929
f 4930 4880 4915
f 4915 4897 4931
f 4897 4919 4932
f 4919 4922 4932
f 4933 4916 4923
f 4890 4910 4935
f 4911 4926 4937
f 4926 4911 4928
f 4938 4846 4885
f 4929 4885 4906
f 4897 4932 4931
f 4931 4932 4940
f 4916 4901 4934
f 4924 4902 4941
f 4902 4882 4941
f 4921 4890 4935
f 4942 4911 4937
f 4936 4925 4927
f 4929 4906 4930
f 4934 4923 4916
f 4934 4901 4945
f 4941 4882 4921
f 4950 4938 4885
f 4915 4931 4943
f 4944 4939 4953
f 4939 4923 4953
f 4901 4924 4945
f 4954 4924 4941
f 4911 4947 4957
f 4942 4937 4959
f 4985 4885 4951
f 4929 4930 4986
f 4930 4915 4986
f 4953 4923 4964
f 4923 4934 4964
f 4910 4911 4966
f 4966 4911 4955
f 4911 4957 4955
f 4957 4947 4968
f 4967 4946 4969
f 4969 4946 4970
f 4947 4911 4971
f 4927 4846 4936
f 4961 4938 4950
f 4950 4885 4985
f 4985 4951 4963
f 4915 4943 4974
f 4943 4952 4974
f 4974 4952 4976
f 4953 4964 4977
f 4934 4945 4965
f 4955 4957 4979
f 4978 4956 4967
f 4911 4942 4983
f 4982 4958 4948
f 4936 4846 4948
f 4846 4960 4948
f 4961 4950 4984
f 5005 4915 4974
f 4935 4910 4990
f 4969 4970 4972
f 4981 4911 4983
f 4960 4846 4938
f 4938 4961 5012
f 5001 4984 4985
f 4985 4963 4992
f 4992 4963 4993
f 4963 4929 4993
f 4993 4929 4986
f 4995 4986 4988
f 4986 4915 4988
f 4997 4988 5005
f 4988 4915 5005
f 5006 4999 5024
f 5005 4974 4998
f 4975 4977 4999
f 4934 4965 4989
f 4921 4935 5010
f 4978 4967 4969
f 4980 4982 4948
f 4961 4984 5001
f 5001 4985 5002
f 4994 4987 4996
f 5024 4999 4977
f 4977 4964 5007
f 4964 4934 5008
f 5008 4934 4989
f 4945 4924 5009
f 4921 5010 4941
f 4910 4966 4990
f 4938 5012 5011
f 5013 4961 5001
f 5018 5002 5020
f 5002 4985 5020
f 4985 4992 5020
f 5042 5004 5022
f 5004 4994 5022
f 4994 4996 5022
f 5024 4977 5007
f 4954 4941 5067
f 5026 5000 5028
f 5000 4991 5028
f 4972 4980 4969
f 4948 4960 4969
f 5031 4961 5033
f 4961 5013 5033
f 5034 5014 5036
f 5035 5013 5015
f 5013 5001 5015
f 5016 5017 5038
f 5001 5002 5037
f 5038 5003 5019
f 5019 5021 5039
f 5040 5020 5041
f 5020 4992 5041
f 4997 5005 5045
f 5005 5023 5045
f 4965 4945 5009
f 4966 5027 5049
f 4969 4980 4948
f 5029 4961 5050
f 5050 4961 5030
f 5036 5016 5019
f 5016 5038 5019
f 4988 4997 5053
f 5043 5044 5046
f 5046 5024 5054
f 4954 5067 5055
f 4966 5049 4990
f 5048 5026 5028
f 4978 4845 4991
f 4960 4938 5011
f 4961 5029 5057
f 5057 5029 5059
f 5050 5030 5062
f 5063 5052 5065
f 5030 4961 5064
f 4961 5031 5064
f 5065 5032 5034
f 5019 5039 5036
f 5036 5039 5071
f 5039 5042 5071
f 5042 5022 5071
f 5022 5043 5071
f 5071 5046 5054
f 5024 5007 5054
f 5007 4964 5008
f 4924 4954 5055
f 4941 5010 5067
f 4978 4969 4845
f 4960 5011 5068
f 5060 5061 5051
f 5065 5034 5036
f 5063 5036 5071
f 5043 5046 5071
f 5009 4924 5055
f 4991 4845 5073
f 4961 5057 5012
f 5079 5057 5069
f 5070 5058 5060
f 5060 5051 5063
f 5065 5036 5063
f 4965 5009 5066
f 5075 4935 4990
f 5049 5056 5076
f 5077 5028 5072
f 5028 4991 5072
f 5011 5012 5074
f 5054 5007 5080
f 5008 4965 5081
f 4935 5075 5010
f 4990 5049 5082
f 5049 5076 5082
f 5072 4991 5083
f 4991 5073 5083
f 5084 4845 4969
f 5074 5012 5093
f 5070 5060 5101
f 5080 5007 5008
f 5081 4965 5066
f 5086 5067 5087
f 5067 5010 5089
f 5076 5078 5091
f 5072 5083 5090
f 5093 5057 5079
f 5095 5094 5079
f 5096 5085 5070
f 5060 5063 5101
f 5067 5086 5055
f 5010 5075 5099
f 4845 5084 5100
f 5012 5057 5093
f 5093 5079 5094
f 5096 5070 5101
f 5063 5071 5101
f 5097 5071 5054
f 5055 5086 5102
f 5086 5087 5105
f 5087 5067 5089
f 5010 5099 5107
f 5099 5075 5109
f 4990 5082 5075
f 5082 5076 5113
f 5076 5091 5113
f 5090 5083 5112
f 5073 4845 5100
f 5116 5117 5135
f 5116 5114 5117
f 5094 5095 5118
f 5117 5096 5101
f 5156 5097 5137
f 5137 5097 5054
f 5137 5054 5080
f 5080 5008 5081
f 5086 5103 5102
f 5089 5010 5120
f 5010 5107 5120
f 5098 5108 5106
f 5106 5108 5146
f 5084 4969 5068
f 4969 4960 5068
f 5094 5115 5123
f 5124 5116 5135
f 5136 5135 5117
f 5101 5071 5097
f 5009 5055 5125
f 5104 5088 5128
f 5120 5107 5129
f 5082 5122 5075
f 5075 5122 5131
f 5121 5111 5112
f 5093 5094 5132
f 5133 5094 5123
f 5138 5137 5080
f 5066 5009 5125
f 5055 5102 5126
f 5102 5103 5140
f 5104 5128 5141
f 5089 5120 5142
f 5142 5120 5144
f 5108 5110 5130
f 5130 5121 5112
f 5147 5112 5083
f 5117 5101 5136
f 5148 5136 5101
f 5055 5126 5149
f 5104 5141 5151
f 5141 5143 5151
f 5108 5130 5146
f 5112 5147 5153
f 5068 5011 5074
f 5094 5133 5154
f 5123 5134 5133
f 5148 5101 5097
f 5055 5149 5125
f 5119 5104 5127
f 5104 5151 5127
f 5152 5144 5159
f 5144 5120 5159
f 5145 5146 5158
f 5130 5112 5153
f 5093 5132 5074
f 5094 5154 5132
f 5133 5134 5161
f 5161 5134 5163
f 5181 5137 5138
f 5080 5081 5138
f 5126 5102 5167
f 5150 5139 5166
f 5130 5153 5146
f 5178 5097 5156
f 5149 5126 5174
f 5173 5157 5166
f 5146 5153 5158
f 5084 5068 5265
f 5068 5074 5265
f 5162 5164 5177
f 5178 5156 5179
f 5125 5170 5066
f 5149 5172 5125
f 5127 5151 5158
f 5147 5083 5183
f 4844 4843 4842
f 5284 4716 4833
f 5287 4675 4719
f 4761 4469 4808
f 4469 4761 4838
f 4761 4791 4838
f 4837 4794 4809
f 4672 4471 4810
f 4815 4814 5197
f 4814 4802 5197
f 4842 4843 4711
f 5199 5161 5176
f 5177 5164 5201
f 5164 5135 5201
f 5201 5135 5136
f 5148 5097 5178
f 5178 5179 5181
f 5181 5156 5137
f 5165 5173 5171
f 5173 5166 5171
f 5139 5127 5182
f 5158 5153 5204
f 5204 5147 5205
f 5073 5100 5381
f 5381 5100 4842
f 4842 5100 4844
f 4711 4480 5206
f 5207 4480 5208
f 5208 4820 5209
f 5210 4825 5212
f 5211 4824 4676
f 4677 4681 4662
f 4784 4698 5249
f 5281 5251 4828
f 4829 4831 5214
f 4830 4467 5213
f 5213 4467 5215
f 4664 4754 5187
f 4754 4716 5284
f 5188 4832 5216
f 4832 4755 5216
f 4717 4805 4755
f 5218 4695 4653
f 4653 4470 5189
f 4719 4702 5219
f 5219 4702 4468
f 4807 5191 5221
f 5191 4807 4836
f 5228 5225 5194
f 5226 4840 5195
f 5193 4815 5197
f 5133 5161 5234
f 5161 5199 5234
f 5200 5177 5201
f 5136 5148 5202
f 5202 5148 5178
f 5081 5066 5170
f 5170 5125 5236
f 5203 5171 5237
f 5139 5182 5166
f 5158 5204 5238
f 5147 5183 5205
f 5206 5207 5239
f 5207 5208 5239
f 5208 5209 5241
f 5245 5210 5212
f 5211 4676 5247
f 5187 4467 4664
f 4718 4652 5252
f 4555 4834 4652
f 4652 4834 5252
f 5253 4695 5218
f 4653 5189 5218
f 4468 4702 4806
f 5220 5190 5254
f 5191 4836 5255
f 5255 4836 5257
f 4810 4471 5259
f 4471 4839 5259
f 5259 4839 5224
f 5196 5232 5229
f 5197 4802 5302
f 4802 4751 5339
f 4819 4711 4843
f 4844 5100 5416
f 5340 5084 5265
f 5233 5133 5234
f 5234 5199 5266
f 5201 5136 5267
f 5181 5138 5502
f 5127 5158 5238
f 5083 5073 5183
f 5206 5239 5271
f 4677 4662 4714
f 5249 4715 5250
f 4715 5186 5250
f 5250 5186 5251
f 5465 4828 4663
f 4829 5214 5282
f 5215 4467 5283
f 5284 5217 5286
f 4757 4701 5287
f 4806 5220 4468
f 5220 5254 4468
f 5257 4836 5439
f 5439 4836 4808
f 4838 5258 4469
f 4838 5192 5258
f 5192 5223 5258
f 5223 5290 5258
f 5289 4766 4767
f 4767 4672 5291
f 4672 4810 5292
f 5224 5261 5259
f 5293 5230 5298
f 5297 5263 5301
f 5300 5262 5264
f 5262 5197 5264
f 5305 5235 5201
f 5500 5136 5202
f 5138 5081 5502
f 5502 5081 5306
f 5170 5236 5269
f 5307 5268 5237
f 5182 5127 5238
f 5238 5204 5205
f 5073 5270 5183
f 4842 4711 5381
f 5310 5240 5314
f 5240 5273 5314
f 5312 5272 5316
f 5317 5275 5280
f 5351 5249 5250
f 5281 4828 5465
f 5283 4467 4466
f 5284 5286 5320
f 5285 5216 5321
f 5216 4755 5321
f 4755 4805 5321
f 4695 5253 4834
f 5322 5218 5189
f 4719 4835 5287
f 4835 4719 5219
f 4468 5254 5323
f 5254 5256 5323
f 4672 5292 5291
f 4810 5259 5327
f 5327 5259 5328
f 5329 5295 5333
f 5294 5299 5332
f 5331 5296 5334
f 5337 5264 5302
f 5264 5197 5302
f 5302 4802 5339
f 5416 5100 5340
f 5100 5084 5340
f 5133 5233 5379
f 5233 5234 5341
f 5234 5304 5341
f 5305 5201 5342
f 5342 5201 5267
f 5178 5181 5344
f 5269 5308 5170
f 5307 5237 5345
f 5171 5166 5237
f 4711 5206 5381
f 5381 5206 5271
f 5315 5278 5247
f 4677 4714 4784
f 4663 4829 5352
f 4829 5282 5353
f 5215 5283 5354
f 4466 4467 5356
f 5356 4467 5187
f 5187 4754 5318
f 5360 5284 5320
f 5319 5285 5321
f 4470 4757 5189
f 4468 5323 5362
f 5362 5323 5363
f 5324 5257 5364
f 5364 5257 5439
f 5325 5258 5290
f 5291 5292 5365
f 5292 4810 5367
f 5331 5334 5374
f 5335 5336 5413
f 5413 5336 5338
f 5343 5202 5178
f 5306 5081 5170
f 5345 5237 5380
f 5205 5183 5270
f 5381 5271 5348
f 5350 5315 5382
f 5382 5315 5247
f 5281 5384 5250
f 5385 4465 5357
f 5358 4754 5284
f 5360 5320 5386
f 5218 5322 5387
f 5388 5364 5439
f 5393 5392 5391
f 5392 5393 5398
f 5391 5392 5397
f 5393 5391 5390
f 5391 5397 5399
f 5392 5389 5397
f 5392 5398 5288
f 5366 5326 5402
f 5401 5292 5367
f 5403 4810 5408
f 4810 5327 5408
f 5327 5328 5409
f 5407 5371 5412
f 5372 5335 5413
f 5413 5338 5375
f 5338 5303 5375
f 5302 5339 5376
f 5377 5339 4782
f 5377 4782 4819
f 4843 4844 5416
f 5265 5074 5132
f 5133 5378 5132
f 5267 5136 5500
f 5343 5178 5344
f 5419 5170 5308
f 5308 5346 5419
f 5420 5345 5380
f 5237 5166 5380
f 5381 5348 5422
f 5349 5313 5424
f 5313 5383 5427
f 4784 5249 5595
f 5430 5384 5281
f 5250 5251 5281
f 5465 4663 5352
f 5352 4829 5353
f 5355 4465 5385
f 5385 5357 5432
f 5359 5321 5434
f 5321 4805 5436
f 4805 4718 5361
f 5361 4718 5252
f 4757 5287 5189
f 4469 5288 5440
f 5288 4469 5392
f 5392 4469 5258
f 5443 5325 5366
f 5325 5400 5366
f 5402 5368 5445
f 5367 4810 5444
f 5450 5370 5451
f 5370 5404 5451
f 5451 5404 5452
f 5404 5406 5452
f 5405 5410 5453
f 5411 5414 5454
f 5415 5376 5339
f 5378 5133 5379
f 5343 5344 5418
f 5457 5181 5502
f 5419 5421 5459
f 5166 5182 5380
f 5270 5073 5460
f 5460 5073 5381
f 5423 5425 5462
f 5464 5382 5428
f 5428 5382 5247
f 5541 4677 4784
f 5351 5250 5429
f 5355 5385 5353
f 5431 5356 5187
f 5284 5433 5358
f 5284 5360 5433
f 5433 5360 5435
f 5321 5436 5434
f 5470 4834 5387
f 5189 5287 5471
f 5219 4468 5437
f 5437 4468 5472
f 4468 5362 5472
f 5439 4808 5496
f 5496 4808 4469
f 5441 5390 5442
f 5390 5391 5442
f 5392 5258 5389
f 5325 5443 5580
f 5443 5366 5445
f 5366 5402 5445
f 5445 5448 5475
f 5477 5449 5478
f 5413 5375 5481
f 5456 4843 5416
f 5379 5233 5483
f 5484 5417 5342
f 5344 5181 5457
f 5306 5170 5419
f 5458 5380 5485
f 5238 5205 5487
f 5534 5381 5461
f 5463 5426 5490
f 5490 5426 5428
f 5428 5247 5541
f 5247 4677 5541
f 5595 5249 5351
f 5384 5429 5250
f 5353 5385 4464
f 5467 5466 5431
f 4754 5358 5318
f 4805 5361 5436
f 5361 5252 5470
f 5252 4834 5470
f 4834 5253 5387
f 5287 4835 5471
f 5515 4835 5491
f 4835 5219 5491
f 5491 5219 5437
f 5472 5362 5473
f 5362 5438 5473
f 5493 5439 5495
f 5496 5495 5439
f 4469 5440 5496
f 5497 5441 5442
f 5442 5391 5525
f 5391 5399 5525
f 5389 5528 5397
f 5413 5479 5474
f 5413 5481 5479
f 5499 5480 5415
f 5480 5376 5415
f 5455 5339 5377
f 4843 5456 4819
f 5484 5342 5267
f 5202 5343 5500
f 5419 5459 5503
f 5503 5459 5486
f 5506 5489 5511
f 5430 5281 5465
f 5352 5353 4464
f 4464 5385 5468
f 5512 5467 5187
f 5467 5431 5187
f 5434 5436 5513
f 5516 5492 5518
f 5437 5472 5522
f 5473 5494 5472
f 5472 5494 5523
f 5526 5525 5399
f 5526 5399 5397
f 5258 5325 5580
f 5443 5445 5475
f 5529 5474 5479
f 5455 5482 5415
f 5415 5339 5455
f 5265 5132 5340
f 5379 5483 5530
f 5419 5503 5306
f 5504 5485 5532
f 5485 5380 5532
f 5460 5381 5534
f 5535 5534 5537
f 5505 5507 5536
f 5490 5428 5542
f 5541 4784 5728
f 5596 5595 5351
f 4464 4462 5547
f 4462 4464 5548
f 4463 5467 5512
f 5512 5187 5318
f 5549 5436 5361
f 5322 5189 5551
f 5491 5437 5552
f 5437 5492 5516
f 5554 5517 5561
f 5516 5518 5564
f 5563 5519 5569
f 5570 5521 5572
f 5571 5520 5574
f 5577 5522 5472
f 5440 5288 5398
f 5398 5393 5760
f 5760 5393 5390
f 5497 4460 5579
f 5527 5526 5397
f 5377 4819 5456
f 5132 5378 5630
f 5379 5530 5585
f 5531 5484 5267
f 5418 5344 5457
f 5380 5182 5532
f 5238 5487 5533
f 5205 5270 5633
f 5588 5539 5593
f 5538 5509 5592
f 5590 5540 5594
f 4784 5595 5728
f 5384 5544 5429
f 5384 5430 5545
f 5547 4462 5599
f 4461 5512 5598
f 5436 5549 5601
f 5549 5361 5602
f 5470 5387 5605
f 5387 5322 5551
f 5189 5471 5551
f 4835 5515 5471
f 5515 5491 5606
f 5437 5516 5552
f 5567 5568 5612
f 5492 5437 5522
f 5620 5577 5472
f 5620 5472 5578
f 5578 5472 5523
f 5524 5495 5496
f 5622 5497 5442
f 5389 5258 5580
f 5443 5474 5529
f 5529 5479 5625
f 5625 5479 5581
f 5626 5482 5583
f 5482 5455 5583
f 5340 5132 5630
f 5586 5531 5267
f 5501 5418 5457
f 5487 5205 5633
f 5634 5270 5723
f 5587 5589 5636
f 5637 5591 5640
f 5429 5596 5351
f 5429 5544 5545
f 5546 5430 5352
f 5430 5465 5352
f 4464 5547 5641
f 5318 5358 5600
f 5433 5514 5600
f 5514 5550 5600
f 5361 5604 5602
f 5643 5602 5604
f 5607 5606 5491
f 5516 5553 5647
f 5648 5556 5652
f 5557 5609 5654
f 5612 5568 5656
f 5656 5568 5613
f 5663 5618 5666
f 5577 5620 5667
f 5578 5523 5674
f 5523 5621 5674
f 5675 5496 5676
f 5397 5528 5678
f 5415 5482 5624
f 5625 5582 5627
f 5583 5629 5628
f 5583 5455 5629
f 5457 5502 5688
f 4459 5688 5502
f 5306 5503 5632
f 5631 5504 5772
f 5504 5532 5772
f 5270 5460 5723
f 5534 5535 5460
f 5460 5535 5635
f 5637 5640 5692
f 5639 5541 5728
f 5545 5430 5429
f 5597 5598 5642
f 5512 5318 5598
f 5600 5550 5644
f 5550 5603 5644
f 5470 5605 5695
f 5516 5647 5552
f 5649 5653 5704
f 5565 5655 5662
f 5616 5658 5707
f 5662 5664 5709
f 5620 5578 5672
f 5714 5578 5674
f 4460 4216 5579
f 4460 5497 5622
f 5526 5527 5716
f 5527 5397 5678
f 5678 5528 5764
f 5389 5580 5623
f 5529 5625 5627
f 5627 5584 5679
f 5679 5681 5683
f 5682 5680 5629
f 5680 5628 5629
f 5719 5379 5585
f 5684 5586 5267
f 5685 5457 5688
f 5306 5632 5721
f 5238 5533 5182
f 5722 5533 5487
f 5693 5595 5730
f 5730 5595 5731
f 5731 5595 5596
f 5352 4464 5732
f 5598 5318 5733
f 5644 5645 5735
f 5736 5697 5607
f 5697 5606 5607
f 5607 5491 5737
f 5491 5552 5738
f 5741 5650 5565
f 5742 4217 5743
f 4217 4432 5743
f 5803 4415 4448
f 5883 4390 4402
f 5746 4392 4453
f 4392 4438 4453
f 4438 4441 4453
f 4443 4456 5747
f 4443 4444 4456
f 4399 4457 4445
f 4457 4380 4427
f 4375 4337 4395
f 4395 4409 5749
f 4409 4446 5749
f 5848 4446 4410
f 4410 4414 5848
f 4414 4432 4212
f 5706 5616 5707
f 5655 5660 5662
f 5750 5670 5751
f 5669 5671 5752
f 5711 5713 5756
f 5712 5714 5755
f 5714 5674 5758
f 5676 5496 5759
f 5398 5760 5440
f 5760 5390 5817
f 5390 5441 5817
f 5761 4216 5762
f 5622 5442 5763
f 5442 5525 5763
f 5525 5526 4214
f 5528 5389 5889
f 5389 5623 5889
f 5443 5529 5891
f 5529 5627 5679
f 5456 5416 5765
f 5416 5340 5765
f 5766 5684 5267
f 5267 5500 6177
f 5686 5687 5767
f 5687 4458 5767
f 5767 4458 5769
f 4459 5502 5770
f 5721 5632 5773
f 5633 5723 5774
f 5723 5460 5774
f 5728 5595 5775
f 5775 5693 5730
f 5730 5596 5429
f 4464 5641 5776
f 5641 5694 5776
f 5642 5598 4215
f 5358 5433 5600
f 5604 5361 5734
f 5470 5695 5361
f 5361 5695 5781
f 5695 5605 5782
f 5387 5551 5605
f 5783 5551 5696
f 5551 5471 5696
f 5785 5736 5787
f 5787 5736 5607
f 6566 5607 5737
f 5491 5738 5737
f 5791 5699 5739
f 5792 5701 5795
f 5701 5650 5795
f 5565 4435 5741
f 5796 5742 5800
f 4432 4411 5802
f 4412 4415 5803
f 4396 4416 4448
f 4417 4390 5883
f 4449 4402 5806
f 4402 4451 5806
f 4434 4397 5936
f 4455 5746 4453
f 5976 4399 4445
f 5749 4446 4447
f 4435 5565 4212
f 5565 5662 4212
f 5812 5757 5815
f 5813 5676 5816
f 5816 5676 5759
f 5762 4216 4460
f 5762 4460 5677
f 4460 5622 5677
f 5764 5528 5889
f 5529 5679 5683
f 5683 5717 5891
f 5455 5718 5629
f 5455 5377 5765
f 5501 5457 5822
f 5502 5771 5770
f 5771 5502 5721
f 5502 5306 5721
f 5633 5774 5859
f 5829 5728 5831
f 5728 5775 5831
f 5832 5775 5730
f 5732 4464 5777
f 4464 5776 5777
f 5778 4215 5834
f 4215 5598 5733
f 5318 5600 5733
f 5735 5780 5644
f 5644 5780 5835
f 5695 5782 5838
f 5696 5471 5839
f 5839 5471 5840
f 5840 5471 5515
f 5802 4411 4412
f 4416 4417 5804
f 4417 5883 5804
f 5745 5805 5842
f 5805 4434 5936
f 4420 4392 5845
f 5748 5808 5807
f 4444 5810 5809
f 4426 4399 5976
f 4457 4427 5847
f 4428 4375 5886
f 4375 4395 5886
f 5886 4395 5749
f 5662 5709 5814
f 5709 5710 5814
f 5754 5814 5710
f 5759 5496 5850
f 5817 5441 5818
f 5441 5497 5818
f 5497 5579 5818
f 5819 5716 5527
f 5889 5623 5890
f 5623 5820 5890
f 5891 5529 5683
f 5455 5765 5718
f 5377 5456 5765
f 5853 5378 5379
f 5854 5379 5719
f 5824 5457 5768
f 5457 5685 5768
f 5823 5767 5769
f 5772 5857 5720
f 5182 5533 6179
f 5722 5487 5859
f 5487 5633 5859
f 5860 5828 5866
f 5827 5830 5865
f 5831 5775 5864
f 5775 5832 5864
f 5546 5352 5732
f 5777 5776 5869
f 5779 5734 5870
f 5870 5734 5781
f 5734 5361 5781
f 5873 5781 5695
f 5873 5695 5875
f 5837 5695 5838
f 5782 5605 5878
f 5840 5515 5606
f 5882 4412 5803
f 5883 4402 5934
f 5934 4402 4449
f 5842 5805 5884
f 4398 4419 5844
f 4392 5746 5845
f 5807 5808 5746
f 4426 5976 4444
f 4427 5811 5847
f 5811 4427 5937
f 5937 4427 4368
f 4447 4446 4211
f 4446 4213 4211
f 4446 5848 4213
f 5662 5814 4212
f 5496 5440 5850
f 5850 5440 5760
f 5579 4216 5851
f 5762 5677 5887
f 5677 5622 5888
f 5525 4214 5763
f 5852 4214 5526
f 5526 5716 5852
f 5623 5580 5820
f 5580 5443 5891
f 5891 5717 5892
f 5629 5718 5894
f 5501 5822 5897
f 5896 5821 5898
f 5822 5457 5824
f 5769 5856 5823
f 5771 5721 5900
f 5721 5858 5900
f 5772 5532 5857
f 5903 5533 5722
f 5862 5833 5906
f 5906 5833 5867
f 5867 5832 5730
f 5985 5730 5429
f 5908 5430 5546
f 5949 5834 4215
f 5913 5870 5781
f 5914 5872 5916
f 5915 5781 5917
f 5919 5873 5921
f 5874 5876 5922
f 5924 5782 5878
f 5605 5551 5879
f 5551 5783 5879
f 5696 5839 5880
f 5881 5784 5932
f 5801 5841 5929
f 5743 4432 5802
f 5802 4412 5882
f 5882 5803 4448
f 4448 4416 6010
f 5884 5805 5935
f 4418 5844 4397
f 4418 4398 5844
f 4419 4420 5845
f 4444 5976 5810
f 4368 4428 5937
f 5814 5849 5939
f 5938 5816 5759
f 4209 5716 5819
f 6247 5678 5764
f 5893 5629 5894
f 5718 5941 5894
f 5500 5343 5942
f 5418 5895 5942
f 6521 5418 5501
f 5898 5821 5823
f 5823 5856 5899
f 5533 5902 5945
f 5533 5903 5902
f 5985 5429 5430
f 5910 5546 5732
f 5868 5834 5947
f 5949 4215 5733
f 5644 5835 5600
f 5779 5870 5912
f 5871 5914 5835
f 5781 5873 5917
f 5917 5873 5919
f 5922 5876 5920
f 5876 5836 5951
f 5836 5877 5951
f 5838 5782 5950
f 5923 5925 5951
f 5783 5880 5879
f 5879 5880 5957
f 5880 5839 5957
f 5959 5839 5926
f 5930 5743 5802
f 5933 5802 5964
f 5964 5802 5965
f 4416 5804 6010
f 5884 5935 5966
f 5969 5810 5971
f 5971 5810 5973
f 5810 5976 5973
f 5973 5976 5975
f 5759 5850 5980
f 5579 5851 5981
f 6022 4209 5819
f 5527 5678 5819
f 5580 5891 5820
f 5891 5892 5940
f 5340 5630 5983
f 5855 5766 5267
f 5343 5418 5942
f 5895 5418 6521
f 6521 5501 5984
f 5984 5501 5943
f 5501 5897 5943
f 5898 5823 5899
f 5533 5945 6179
f 5910 5946 5546
f 5732 5777 5986
f 5986 5777 5948
f 5835 5914 5916
f 5916 5918 5920
f 5951 5925 5987
f 5925 5952 5987
f 5878 5605 5989
f 5605 5879 5989
f 5879 5953 5989
f 5989 5953 5991
f 5992 5954 5994
f 5993 5953 5995
f 5953 5879 5995
f 5879 5955 5995
f 5996 5956 5997
f 5879 5957 5999
f 5839 5959 5957
f 6001 5959 5926
f 5839 5840 6009
f 5963 5802 6004
f 6004 5802 5933
f 5933 5964 6056
f 5802 5882 5965
f 4449 5843 5934
f 5843 5885 5967
f 5808 5846 5968
f 5968 5970 6012
f 5971 5973 6013
f 6012 5972 6014
f 5973 5975 6015
f 6014 5974 6016
f 5978 4212 5814
f 5979 5814 6019
f 6019 5814 5939
f 5980 5850 6021
f 5818 5579 5981
f 5761 5982 4216
f 5888 5622 5763
f 5764 5889 5890
f 5891 5940 6024
f 5765 5340 5983
f 5630 5378 5853
f 6027 5855 5267
f 5898 5899 6028
f 5532 5182 6179
f 6030 5903 6033
f 5903 5722 6033
f 6036 6033 5722
f 6040 5904 5907
f 5985 5430 6086
f 5909 5546 6041
f 5986 5948 6044
f 5834 5949 6043
f 5835 5916 6136
f 5916 5920 6136
f 5920 5876 6136
f 5988 5878 6045
f 5878 5989 6045
f 6045 5989 6047
f 5990 5992 6048
f 6048 5992 5997
f 5997 5992 5994
f 5994 5996 5997
f 5956 5998 5997
f 5997 5998 6050
f 5879 5999 6049
f 6000 5958 6050
f 5958 5960 6050
f 6002 6008 6053
f 6051 6006 6056
f 6005 5933 6056
f 6056 5965 6057
f 5882 4448 6156
f 5804 5883 5934
f 5967 6011 6059
f 5935 5805 5936
f 5808 5968 5746
f 5746 5968 6016
f 5968 6012 6016
f 6012 6014 6016
f 6017 5975 5976
f 5977 4447 4211
f 4211 4213 6060
f 5848 4414 5978
f 4414 4212 5978
f 6020 5759 5980
f 5818 5981 6061
f 6583 5851 4216
f 6169 4216 5982
f 5887 5677 5888
f 5852 5716 4209
f 5819 5678 6247
f 6063 5764 5890
f 5891 6024 6103
f 6023 6025 6064
f 6025 6023 5941
f 6023 5894 5941
f 5853 6679 5630
f 6028 5899 6068
f 5899 5857 6068
f 5857 5532 5944
f 5902 5903 6071
f 5903 6029 6071
f 6073 6032 6075
f 6031 6034 6077
f 6080 6035 6082
f 6082 6035 6038
f 6040 5907 6085
f 5906 5867 6084
f 5867 5730 5985
f 6086 5430 5908
f 5834 6043 5947
f 6046 6048 5987
f 5987 6048 5997
f 5997 6050 5960
f 5960 6003 5786
f 6052 6055 6089
f 6089 6055 6090
f 6091 6054 6051
f 6051 6056 6092
f 6056 6057 6092
f 4448 6010 6156
f 5843 5967 5934
f 6093 5967 6059
f 6058 5935 5936
f 4419 5845 6095
f 5746 6096 5845
f 5746 6016 6096
f 4213 5848 5978
f 6018 5978 5979
f 5978 5814 5979
f 5760 5817 6168
f 5982 4210 6169
f 5761 5762 5887
f 5763 4214 6101
f 6062 4209 6022
f 6103 6065 6105
f 6589 5718 6067
f 5718 5765 6067
f 6067 5765 5983
f 5853 5379 5854
f 6027 5267 6106
f 6108 6068 5857
f 6180 6110 6070
f 6110 5902 6070
f 6070 5902 6112
f 5902 6071 6114
f 6115 6072 6117
f 6073 6075 6120
f 6119 6074 6123
f 6127 6078 6129
f 6079 6081 6128
f 6081 6083 6128
f 6083 6084 6128
f 6128 6084 5867
f 5732 5986 6132
f 6132 5986 6134
f 6135 6042 6043
f 5951 5987 5997
f 5997 5960 5786
f 5738 5552 6140
f 5790 5793 6139
f 6141 5794 6144
f 5792 5795 6148
f 6145 5741 4435
f 4217 5742 5796
f 6151 5798 6154
f 6057 5965 5882
f 6092 5882 6156
f 6156 6010 6157
f 6157 6010 6159
f 6159 6010 5804
f 6160 5804 5934
f 5934 5967 6093
f 6093 6059 6164
f 6058 5936 6163
f 6163 5936 6094
f 5749 4447 5977
f 6166 5979 6019
f 6019 6099 6167
f 6242 5818 6061
f 5982 5761 6100
f 5854 6026 6176
f 6106 5267 6177
f 5944 5532 6179
f 6180 6070 6181
f 6181 6070 6184
f 6184 6070 6187
f 6070 6113 6187
f 6187 6113 6190
f 6118 6122 6194
f 6121 6124 6126
f 6195 6130 6197
f 6198 5909 6041
f 5546 5946 6041
f 5910 5732 6558
f 5732 6132 6200
f 5835 6136 5600
f 5600 6136 6643
f 5951 5997 6136
f 5787 5607 6203
f 5607 5789 6203
f 6203 5789 6205
f 5789 5607 6566
f 6566 5737 6206
f 6206 5737 5738
f 6207 6137 6210
f 6138 6142 6214
f 6141 6144 6213
f 6145 4435 6149
f 4435 4217 6574
f 6574 4217 6216
f 6216 4217 6218
f 6218 4217 6220
f 6220 4217 5796
f 5797 6150 6222
f 6223 6151 6224
f 6151 6154 6224
f 6051 6092 6091
f 6157 6159 6225
f 6575 6158 6226
f 5804 6160 6159
f 6232 6164 6233
f 5845 6096 6095
f 6016 6097 6234
f 6097 6016 6237
f 6017 5976 6098
f 5937 4428 5886
f 6060 4213 6239
f 6240 4213 5978
f 6019 6167 6166
f 6021 5850 6581
f 5850 5760 6168
f 5817 5818 6242
f 6243 5981 5851
f 6169 4210 6244
f 4210 5982 6100
f 6100 5761 6245
f 6245 5761 5887
f 5763 6101 5888
f 6101 4214 5852
f 6246 4209 6062
f 6247 5764 6171
f 6171 5764 6063
f 4208 6063 5890
f 5891 6103 5820
f 6103 6105 4205
f 6104 6025 6172
f 6025 5941 6172
f 6251 5853 6256
f 6275 6260 6261
f 6262 6263 6264
f 6273 6264 6263
f 6262 6259 6263
f 6266 6260 6275
f 6275 6261 6270
f 6262 6264 6269
f 6275 6268 6266
f 6452 6276 6275
f 6283 6280 6284
f 6280 6281 6282
f 6290 6283 6285
f 6281 6293 6282
f 6286 6282 6293
f 6281 6280 6295
f 6285 6283 6284
f 6284 6280 6287
f 6280 6282 6287
f 6295 6280 6283
f 6291 6284 6287
f 6293 6281 6289
f 6289 6281 6295
f 6282 6288 6287
f 6290 6278 6279
f 6278 6290 6294
f 6283 6290 6325
f 6294 6290 6300
f 6300 6290 6285
f 6301 6285 6284
f 6303 6284 6304
f 6304 6284 6291
f 6287 6288 6305
f 6282 6286 6306
f 6308 6294 6298
f 6294 6285 6297
f 6297 6285 6301
f 6312 6301 6315
f 6301 6302 6315
f 6302 6284 6315
f 6315 6284 6303
f 6288 6282 6322
f 6322 6282 6306
f 6293 6289 6324
f 6279 6278 6307
f 6278 6296 6307
f 6278 6294 6308
f 6327 6309 6328
f 6299 6310 6329
f 6299 6311 6310
f 6310 6311 6314
f 6311 6312 6314
f 6312 6315 6333
f 6315 6303 6334
f 6316 6317 6335
f 6317 6318 6337
f 6304 6291 6338
f 6319 6320 6337
f 6321 6291 6287
f 6360 6287 6305
f 6286 6293 6323
f 6323 6293 6324
f 6295 6283 6325
f 6325 6290 6340
f 6290 6279 6340
f 6364 6296 6341
f 6341 6296 6326
f 6343 6296 6345
f 6296 6278 6345
f 6345 6278 6346
f 6349 6278 6351
f 6351 6278 6353
f 6278 6308 6353
f 6353 6308 6355
f 6327 6328 6354
f 6328 6330 6356
f 6310 6314 6357
f 6313 6331 6356
f 6356 6331 6384
f 6331 6332 6384
f 6333 6315 6358
f 6358 6315 6336
f 6317 6337 6335
f 6337 6320 6335
f 6320 6339 6359
f 6360 6305 6361
f 6305 6288 6362
f 6288 6322 6362
f 6397 6286 6323
f 6289 6295 6363
f 6307 6296 6364
f 6366 6341 6326
f 6370 6368 6343
f 6368 6326 6343
f 6326 6296 6343
f 6343 6345 6373
f 6373 6345 6375
f 6345 6346 6379
f 6379 6346 6381
f 6346 6278 6383
f 6278 6349 6383
f 6382 6348 6350
f 6350 6352 6354
f 6354 6328 6384
f 6328 6356 6384
f 6335 6320 6385
f 6320 6359 6385
f 6306 6286 6397
f 6387 6289 6363
f 6295 6325 6363
f 6279 6307 6388
f 6342 6367 6369
f 6369 6371 6391
f 6392 6343 6373
f 6402 6374 6376
f 6374 6344 6376
f 6345 6379 6377
f 6376 6378 6380
f 6380 6347 6382
f 6354 6384 6350
f 6359 6386 6385
f 6393 6361 6305
f 6289 6387 6324
f 6340 6363 6325
f 6340 6279 6398
f 6307 6364 6277
f 6400 6341 6401
f 6390 6389 6365
f 6365 6342 6390
f 6342 6369 6402
f 6369 6391 6402
f 6391 6372 6402
f 6372 6374 6402
f 6402 6376 6380
f 6380 6382 6350
f 6385 6394 6403
f 6404 6305 6396
f 6322 6464 6362
f 6323 6324 6407
f 6364 6408 6277
f 6411 6277 6408
f 6411 6413 6277
f 6277 6413 6415
f 6415 6276 6452
f 6418 6417 6415
f 6413 6411 6420
f 6419 6410 6421
f 6411 6408 6422
f 6421 6409 6423
f 6424 6408 6364
f 6364 6341 6427
f 6427 6341 6400
f 6350 6384 6402
f 6335 6385 6403
f 6305 6362 6396
f 6396 6362 6405
f 6405 6362 6432
f 6407 6324 6450
f 6398 6279 6388
f 6276 6415 6417
f 6415 6413 6436
f 6412 6419 6435
f 6435 6419 6421
f 6423 6425 6437
f 6364 6427 6440
f 6440 6427 6442
f 6427 6400 6444
f 6443 6399 6390
f 6380 6350 6402
f 6335 6403 6384
f 6395 6428 6403
f 6429 6396 6446
f 6396 6405 6446
f 6430 6431 6445
f 6445 6431 6447
f 6406 6433 6431
f 6431 6433 6447
f 6448 6306 6397
f 6397 6323 6449
f 6323 6407 6449
f 6388 6307 6451
f 6307 6277 6451
f 6452 6277 6415
f 6270 6265 6454
f 6453 6264 6271
f 6264 6273 6271
f 6268 6275 6456
f 6276 6417 6459
f 6416 6414 6458
f 6458 6414 6455
f 6455 6414 6435
f 6435 6421 6460
f 6421 6423 6460
f 6364 6440 6438
f 6437 6439 6441
f 6441 6426 6443
f 6342 6402 6390
f 6403 6428 6445
f 6466 6464 6468
f 6450 6324 6387
f 6363 6340 6469
f 6451 6277 6452
f 6452 6275 6475
f 6275 6270 6454
f 6922 6273 6274
f 6274 6273 6471
f 6263 6267 6455
f 6275 6276 6456
f 6457 6458 6455
f 6460 6423 6437
f 6443 6390 6402
f 6403 6445 6447
f 6447 6433 6472
f 6433 6461 6472
f 6462 6434 6463
f 6434 6362 6463
f 6463 6362 6464
f 6468 6464 6322
f 6340 6398 6474
f 6275 6454 6476
f 6454 6272 6476
f 6271 6273 6478
f 6478 6273 6480
f 6273 6263 6471
f 6455 6435 6460
f 6441 6443 6437
f 6462 6463 6484
f 6484 6463 6486
f 6465 6485 6487
f 6463 6464 6489
f 6473 6465 6488
f 6465 6467 6490
f 6448 6397 6859
f 6387 6363 6469
f 6340 6474 6469
f 6451 6452 6492
f 6452 6475 6492
f 6275 6476 6698
f 6698 6476 6493
f 6493 6476 6479
f 6477 6271 6478
f 6495 6273 6922
f 6922 6274 6496
f 6471 6263 6455
f 6689 6402 6482
f 6482 6402 6384
f 6384 6403 6482
f 6403 6447 6483
f 6487 6488 6465
f 6485 6465 6497
f 6465 6490 6497
f 6491 6468 6499
f 6322 6306 7057
f 6397 6449 6859
f 6388 6451 6398
f 6475 6275 6698
f 6494 6478 6500
f 6478 6480 6500
f 6480 6273 6481
f 6481 6273 6505
f 6258 6254 6508
f 6507 6253 6511
f 6514 6257 6517
f 6256 5853 6515
f 6174 5854 6518
f 5854 6176 6518
f 5895 6520 5942
f 5984 6178 6107
f 6107 6178 6109
f 6108 5857 6069
f 6111 6110 6522
f 6626 6180 6530
f 6529 6180 6536
f 6180 6183 6536
f 6536 6183 6541
f 6540 6182 6544
f 6181 6184 6547
f 6188 6191 6554
f 6552 6192 6555
f 6121 6126 6555
f 6126 6128 5985
f 6128 5867 5985
f 5985 6086 6555
f 6087 6088 6556
f 6558 5732 6200
f 6200 6132 6560
f 6132 6134 6562
f 5951 6136 5876
f 6563 5997 5786
f 5786 5788 6564
f 6567 6208 6211
f 6568 6209 6572
f 6217 6219 6221
f 6221 6223 6224
f 6224 6054 6091
f 6091 6092 6156
f 6227 6159 6160
f 6160 5934 6577
f 6577 6093 6161
f 5936 4397 5844
f 6096 6016 6669
f 6669 6016 6234
f 6234 6097 6578
f 6236 6098 6579
f 6672 5749 5977
f 5977 6238 6904
f 6238 5977 4211
f 4213 6240 6239
f 6165 6021 6581
f 6581 5850 6168
f 6244 4210 6586
f 5890 5820 6103
f 4205 6105 6173
f 6679 5853 6590
f 5853 6250 6590
f 6443 6402 6688
f 6472 6485 6447
f 6485 6497 6597
f 7057 6306 6598
f 6306 6448 6598
f 6599 6387 6469
f 6493 6501 6503
f 6500 6480 6502
f 6480 6481 6601
f 6273 6495 6505
f 6513 6516 6611
f 6515 5853 6609
f 5854 6612 5853
f 6612 5854 6174
f 6174 6518 6613
f 6614 6519 6106
f 6107 6109 6615
f 6069 5857 5944
f 5902 6110 6617
f 6619 6618 6111
f 6618 6110 6111
f 6523 6526 6716
f 6524 6110 6625
f 6625 6110 6626
f 6110 6180 6626
f 6630 6627 6633
f 6635 6535 6636
f 6534 6537 6637
f 6537 6542 6637
f 6546 6548 6551
f 6549 6553 6639
f 6639 6552 6555
f 6555 6126 5985
f 6556 6088 6557
f 6199 6559 6557
f 6559 6133 6561
f 6135 6043 6642
f 6043 5949 6642
f 6136 5997 6563
f 5786 6564 6563
f 5787 6203 6202
f 6564 6204 6565
f 5789 6566 6645
f 6567 6211 6646
f 6650 6569 6653
f 6570 6573 6654
f 6145 6149 6656
f 6217 6221 6748
f 6575 6226 6966
f 6966 6226 4206
f 4206 6226 6228
f 6576 6160 6577
f 5934 6093 6577
f 6834 6161 6664
f 6663 6229 6665
f 6229 6162 6665
f 6093 6164 6668
f 6164 6232 6668
f 6976 6094 5936
f 6235 6579 6671
f 6579 6098 6671
f 6098 5976 6671
f 5817 6242 6168
f 4216 6169 6583
f 6586 6587 6244
f 6244 6587 6584
f 6587 6585 6584
f 4204 6587 6586
f 6673 4210 6100
f 4209 6246 6676
f 4208 5890 6103
f 6248 6172 6677
f 5941 5718 6589
f 6773 5983 5630
f 6590 6250 6594
f 6684 6596 6687
f 6596 6495 6687
f 6687 6495 6922
f 6688 6437 6443
f 6688 6402 6689
f 6403 6483 6482
f 6485 6597 6690
f 6490 6498 6497
f 6499 6693 6691
f 6497 6692 6597
f 6693 6499 6694
f 6499 6468 6694
f 6694 6468 7056
f 7056 6468 6322
f 6695 6448 6859
f 6398 6451 6492
f 6788 6492 6600
f 6492 6475 6600
f 6600 6475 6697
f 6493 6503 6698
f 6698 6503 6602
f 6503 6504 6602
f 6602 6603 6700
f 6481 6604 6699
f 6604 6481 6505
f 6701 6505 6607
f 6505 6495 6607
f 6512 6610 6707
f 6609 5853 6709
f 6709 5853 6612
f 6710 6175 6614
f 6614 6106 6177
f 5500 5942 6177
f 6521 5984 6107
f 6715 6111 6522
f 6620 6621 6802
f 6719 6628 6629
f 6802 6631 6634
f 6634 6538 6720
f 6720 6549 6639
f 6721 5546 5909
f 6197 6640 6195
f 6195 6640 6722
f 6197 6131 6640
f 6131 6087 6556
f 6557 6559 6561
f 5949 5733 6643
f 6565 6644 6725
f 6645 6566 6726
f 6566 6206 6729
f 6729 6206 6736
f 6567 6646 6732
f 6651 6655 6741
f 6657 6149 6744
f 6149 4435 6744
f 4435 6574 6744
f 6745 6660 6747
f 6661 6217 6748
f 6224 6748 6221
f 6156 6157 6749
f 6749 6157 6751
f 6753 6576 6577
f 6577 6161 6834
f 6755 6230 6093
f 6093 6668 6666
f 6666 6668 6757
f 6667 6231 6756
f 6231 6094 6756
f 6758 5936 5844
f 5844 4419 6095
f 6669 6234 6759
f 6234 6670 6759
f 6671 5976 6760
f 4457 5847 6761
f 6905 5886 5749
f 4211 6060 6238
f 6018 6580 6762
f 6762 6580 6763
f 6018 5979 6580
f 5979 6166 6766
f 6766 6166 6582
f 6242 6061 6767
f 6061 5981 6243
f 6587 4204 4207
f 6586 4210 6769
f 4210 6673 6769
f 6770 6673 6771
f 6673 6100 6771
f 5887 6674 6245
f 6674 5888 6101
f 6675 6101 5852
f 5852 4209 6675
f 6062 6022 6912
f 6103 4205 4208
f 6172 5941 6677
f 6773 5630 6679
f 6774 6679 6590
f 6455 6460 6471
f 6485 6690 6447
f 6447 6690 6483
f 6693 6694 6783
f 6690 6597 6784
f 6784 6597 6786
f 6598 6448 6695
f 6469 6474 6787
f 6398 6492 6474
f 6475 6698 6697
f 6602 6700 6789
f 6789 6700 6605
f 6702 6705 6790
f 6710 6614 6177
f 6711 6069 6794
f 6069 5944 6616
f 5945 5902 6617
f 6619 6111 6797
f 6713 6620 6802
f 6721 5909 6803
f 5909 6196 6803
f 6195 6722 6804
f 6640 6131 6556
f 5733 5600 6643
f 6564 6565 6725
f 6727 6728 6730
f 6806 6730 6810
f 6731 6737 6809
f 6808 6735 6815
f 6813 6740 6818
f 6739 6742 6817
f 6656 6149 6816
f 6816 6149 6820
f 6149 6657 6821
f 6822 6659 6824
f 6823 6658 6827
f 6826 6746 6894
f 6894 6746 6829
f 6745 6747 6828
f 6831 6749 6751
f 6750 6662 6575
f 6576 6753 6752
f 6834 6664 6837
f 6663 6665 6754
f 6754 6665 6839
f 6093 6666 6755
f 6096 6669 6841
f 6669 6759 6842
f 6760 5976 6843
f 5886 6905 5937
f 6905 5749 6672
f 6240 5978 6018
f 6580 5979 6764
f 6764 5979 6766
f 6765 6581 6168
f 6168 6242 6845
f 6767 6061 6243
f 6585 6587 4207
f 4203 4207 6768
f 6768 4207 4204
f 4204 6586 6769
f 6100 6245 6771
f 5887 5888 6674
f 6674 6101 6675
f 6675 4209 6676
f 6677 5941 6848
f 6067 5983 6772
f 6772 5983 6773
f 6851 6775 6779
f 6776 6781 6854
f 6853 6687 6922
f 6471 6460 6688
f 6460 6437 6688
f 6407 6450 6599
f 6599 6450 6387
f 6602 6789 6698
f 6789 6605 6862
f 6604 6505 6861
f 6861 6505 6864
f 6505 6704 6863
f 5942 6520 6793
f 6069 6616 6794
f 6110 6618 6617
f 6619 6797 6871
f 6873 6798 6876
f 6799 6801 6877
f 7012 6722 6724
f 6556 6557 6642
f 6557 6561 6642
f 6561 6135 6642
f 6879 6564 6725
f 6725 6727 6880
f 6730 6806 6727
f 6727 6806 6880
f 6880 6805 6884
f 6812 6885 6882
f 6883 6886 6891
f 6814 6819 6825
f 6894 6829 6748
f 6830 6750 6575
f 6966 4206 6832
f 6896 6753 6897
f 6753 6577 6897
f 6976 5936 6758
f 6095 6096 6900
f 6843 5976 6901
f 6901 5976 6902
f 5976 4445 6903
f 4445 4457 6979
f 4457 6761 6979
f 6672 5977 6904
f 6763 6580 6909
f 4197 6768 4204
f 6676 6246 4200
f 6022 5819 6247
f 6063 4208 6913
f 4205 6678 6849
f 6848 5941 6914
f 6589 6067 6850
f 6850 6067 6917
f 6919 6067 6772
f 6920 6852 6855
f 6483 6690 6924
f 6784 6925 6690
f 6785 6694 6926
f 6449 6407 6860
f 6492 6788 6474
f 6788 6600 7149
f 6928 6789 6930
f 6789 6862 6929
f 6862 6865 6929
f 6866 6710 6932
f 6710 6177 6932
f 6931 6177 6933
f 6793 6520 6867
f 6935 6107 6795
f 6616 5944 6796
f 6937 6868 6796
f 6618 6619 6942
f 6874 6712 7010
f 7010 6712 6945
f 6713 6802 6945
f 6802 6634 6945
f 6945 6634 6720
f 5908 5546 6721
f 6946 6804 7012
f 6804 6722 7012
f 6724 6640 6556
f 6948 6642 5949
f 6563 6564 6879
f 6879 6725 6880
f 6880 6884 6950
f 6881 6890 6949
f 6889 6953 6950
f 6956 6952 6959
f 6959 6952 6962
f 6951 6893 6963
f 6826 6894 6888
f 6091 6156 6967
f 6156 6749 6967
f 6895 6830 6966
f 6830 6575 6966
f 6577 6834 6969
f 6898 6754 6971
f 6838 6755 6972
f 6755 6666 6974
f 6973 6840 6975
f 6975 6840 6756
f 6758 5844 6095
f 6669 6842 6977
f 6978 6843 6901
f 5976 6903 6902
f 6761 5847 5811
f 6240 6906 7032
f 7032 6906 6980
f 6908 6907 6844
f 6765 6168 6844
f 4198 6242 6767
f 6169 6981 6583
f 6847 6585 4207
f 6245 6674 6910
f 4205 6849 6915
f 5941 6589 6916
f 6916 6589 6850
f 6982 6917 6067
f 6918 6067 6919
f 6773 6679 6986
f 6679 6774 6990
f 6851 6779 6991
f 6988 6921 6992
f 6921 6856 6992
f 6853 6922 6987
f 6274 6471 6993
f 6689 6482 4199
f 6695 6859 6995
f 6599 6469 6996
f 6469 6787 6997
f 6787 6474 6788
f 6928 6930 7000
f 6931 6933 7001
f 6521 6107 6935
f 6616 6796 7073
f 7073 6796 6868
f 7003 6796 7004
f 5944 6179 7004
f 6179 5945 7004
f 6617 6618 6939
f 7008 6618 6942
f 7081 6555 5908
f 6555 6086 5908
f 6948 5949 6201
f 6643 6136 6878
f 6950 6953 6880
f 6955 6960 7020
f 7025 6958 6894
f 6958 6961 6894
f 6894 6748 6964
f 6748 6224 6964
f 6964 6224 6091
f 6965 6091 6967
f 6832 6833 6968
f 6835 6836 7091
f 6663 6754 6836
f 6970 6754 6898
f 7029 6755 6974
f 6756 6094 6976
f 6669 6977 7030
f 6903 4445 6979
f 6905 6672 6904
f 6904 6238 6905
f 6980 6762 7032
f 6906 6240 6762
f 6240 6018 6762
f 6908 6844 6845
f 6844 6168 6845
f 6242 4198 6845
f 7034 6243 5851
f 6169 6244 6981
f 6244 6584 7035
f 7036 6847 4207
f 7036 4207 4203
f 4203 7037 4201
f 7037 4203 6768
f 6674 6675 6910
f 4200 6246 4183
f 4208 4205 6915
f 6982 6067 6918
f 6773 6986 7046
f 6986 6679 7048
f 7049 6679 6990
f 6987 6922 7051
f 6471 6688 6993
f 6993 6688 6857
f 6994 6926 7055
f 7055 6926 7056
f 6926 6694 7056
f 7057 7056 6322
f 6695 6995 7058
f 6859 6449 7058
f 6788 7149 6787
f 6697 6698 6789
f 6789 6928 6998
f 6998 6928 7061
f 7061 6928 7063
f 6999 6933 7062
f 6177 6934 6933
f 6933 6934 7066
f 7066 6934 7069
f 6177 5942 6793
f 6794 6616 7072
f 7002 6616 7073
f 6938 7076 7075
f 6938 6869 7076
f 6796 5944 7004
f 7004 5945 6617
f 6939 6618 7173
f 7173 6618 7077
f 6618 7008 7079
f 7009 6943 7011
f 7012 6724 7580
f 6201 5949 6643
f 6563 7013 6136
f 6879 6880 7082
f 7082 6880 7083
f 6880 7014 7083
f 7084 7016 7021
f 7024 7025 7089
f 7191 6091 7090
f 6091 6965 7090
f 6966 6832 6968
f 6897 6577 6969
f 6754 6970 4181
f 7094 6899 7096
f 6899 6972 7096
f 6972 6755 7029
f 7028 6973 6975
f 6900 6096 7768
f 7768 6096 6841
f 7097 6669 7098
f 6669 7030 7098
f 7099 6901 6902
f 6238 7031 6905
f 6762 6763 7100
f 7100 6763 7102
f 7101 7033 6908
f 5851 6583 7034
f 6981 6244 7035
f 6585 6847 7207
f 6769 6673 6770
f 4202 7103 6770
f 7328 6910 6675
f 6676 4200 4188
f 6022 6247 6912
f 6247 6171 7330
f 4208 6915 7105
f 6914 5941 7104
f 5941 6916 7104
f 6919 7040 7114
f 7118 7043 7124
f 7044 7042 7127
f 7127 7042 7134
f 7039 7136 7133
f 7040 6919 6772
f 6772 6773 7141
f 7141 6773 7046
f 6922 4196 7051
f 6496 6274 7052
f 6274 6993 7052
f 6690 7054 7053
f 6858 6695 7058
f 6860 6407 6599
f 6469 6997 6996
f 6600 6697 7149
f 6789 6998 7150
f 6933 7065 7062
f 7064 7067 7155
f 7068 6934 7164
f 6934 6177 6793
f 5895 6521 6520
f 6935 6936 7169
f 7168 6616 7002
f 7171 7074 7075
f 7075 7076 7287
f 7287 7076 4193
f 4193 7076 7172
f 7175 6939 7173
f 7007 7010 7179
f 7010 6945 7179
f 6945 6720 6639
f 6639 6555 7081
f 6642 6948 7181
f 7013 6563 7182
f 7082 7083 7183
f 7083 7015 7183
f 7189 7086 7088
f 7089 7025 7190
f 7025 6894 6964
f 7090 6965 7193
f 7193 6965 7195
f 7196 6966 6968
f 6968 7027 7197
f 7199 7198 6897
f 6897 6969 4182
f 7201 6970 7093
f 6970 6898 7093
f 7094 7096 7202
f 7096 6972 7203
f 6972 7029 7203
f 6756 6976 4192
f 6238 6060 7031
f 7101 6845 7206
f 7101 6908 6845
f 7034 4191 6243
f 6584 6585 7207
f 6768 4197 7208
f 4204 6769 4197
f 4202 6770 6771
f 6771 6245 6910
f 4188 4200 4187
f 4183 6246 6062
f 4208 7105 7106
f 6916 6850 7211
f 6850 6917 7212
f 7215 7109 7217
f 7217 7109 7221
f 7110 6985 7220
f 7111 7117 7222
f 7222 7117 7224
f 7225 7123 7229
f 7126 7130 7228
f 7227 7129 7233
f 7138 7040 7237
f 7237 7040 7241
f 7040 6772 7241
f 6772 7141 7243
f 7141 7046 7245
f 7142 7145 7246
f 7230 7231 7247
f 7231 7226 7247
f 7226 7235 7247
f 7248 7236 7250
f 7238 7240 7257
f 7256 7239 7259
f 6772 7242 7241
f 7263 7261 7244
f 7243 7141 7264
f 7141 7245 7267
f 7269 7144 7146
f 7270 7051 7271
f 7051 4196 7271
f 7271 4196 7230
f 7230 7247 7274
f 7254 7241 7281
f 7281 7241 7242
f 6772 7243 7260
f 7263 4195 7261
f 4195 4194 7261
f 7002 7073 7284
f 7073 7170 7284
f 7284 7170 7286
f 7171 7075 7287
f 7003 7004 7288
f 7176 7177 7292
f 7292 7177 7295
f 7178 7080 7294
f 7078 7005 7293
f 7006 7179 7180
f 7409 6945 6639
f 5908 6721 7296
f 6721 6947 7296
f 7297 7012 7299
f 7012 7580 7299
f 6136 7013 6878
f 6563 6879 7182
f 6879 7082 7182
f 7082 7300 7182
f 7082 7183 7302
f 7188 7087 7312
f 7190 7025 6964
f 7191 6964 6091
f 7315 7090 7317
f 7194 7026 6966
f 6897 4182 7199
f 6969 6834 7321
f 6834 7092 7321
f 7091 6836 7320
f 6836 6754 7320
f 6754 4181 7320
f 6975 6756 4192
f 7768 6841 7322
f 6841 6669 7323
f 6239 6240 7204
f 6762 7100 7205
f 7324 7206 7325
f 7206 6845 7325
f 6767 6243 4191
f 7036 4203 7327
f 4203 4201 7327
f 4197 6769 7103
f 6769 6770 7103
f 4202 6771 7209
f 6675 6676 7432
f 7330 6912 6247
f 6171 6063 6913
f 6913 4208 7331
f 4208 7106 7331
f 7107 6850 7336
f 7336 6850 7337
f 7337 6850 7212
f 6917 6982 7342
f 7120 7122 7218
f 7226 7231 7122
f 6924 6690 7147
f 7053 7147 6690
f 6787 7149 7356
f 6697 7150 7149
f 6697 6789 7150
f 7151 7154 7359
f 7358 7152 7362
f 7153 7159 7363
f 6934 6793 7071
f 7262 7243 7264
f 7264 7141 7379
f 7141 7266 7379
f 7272 7230 7275
f 7280 7254 7281
f 7389 7282 7390
f 7390 7282 7391
f 7242 6772 7392
f 7392 6772 7260
f 7261 4194 7393
f 4194 7071 7393
f 7682 6520 6521
f 6521 6935 7169
f 7398 7169 7283
f 7002 7284 7395
f 7395 7284 7397
f 7285 7287 7400
f 7403 4193 7404
f 7404 4193 7172
f 7407 7175 7408
f 7006 7180 7291
f 7180 6945 7409
f 5908 7296 7412
f 6201 6643 6878
f 7300 7082 7414
f 7423 7308 7190
f 7308 7089 7190
f 7090 7193 7317
f 7194 6966 7196
f 7196 6968 7318
f 6968 7197 7318
f 7200 7320 4181
f 7201 7095 6975
f 6669 7097 7323
f 6902 6903 7425
f 7427 7031 7599
f 6240 7032 7204
f 6762 7205 7032
f 7034 6583 4180
f 6583 6981 4180
f 7326 7035 7430
f 7035 6584 7207
f 4189 4184 4185
f 4190 4201 7037
f 6771 6910 7328
f 7328 6675 7432
f 7432 6676 4188
f 6916 7211 7332
f 7440 7213 7442
f 7346 6982 6918
f 7450 7348 7453
f 7347 7350 7454
f 7455 7216 7218
f 7122 7231 7218
f 7231 7230 7354
f 6922 6496 4196
f 4186 6858 7058
f 6860 6599 6996
f 7061 7361 6998
f 7361 7163 7457
f 7457 7163 7371
f 7364 7162 7458
f 7460 7373 7462
f 7461 7367 7463
f 6934 7071 7164
f 7071 4194 7467
f 4195 7263 7265
f 7270 7271 7472
f 7230 7272 7383
f 7477 7387 7480
f 7386 7279 7479
f 7483 7388 7484
f 7485 7261 7393
f 7394 6867 6520
f 6521 7169 7682
f 7682 7169 7398
f 7396 7398 7283
f 7397 7284 7486
f 7284 7399 7486
f 7400 7287 7487
f 7288 7004 6617
f 7641 7407 7290
f 7488 7180 7409
f 7409 6639 7410
f 7410 6639 7081
f 7411 7081 5908
f 7296 7298 7412
f 6556 6642 7181
f 7182 7300 7491
f 7415 7301 7494
f 7301 7303 7494
f 7499 7417 7500
f 7416 7420 7501
f 7500 7422 7190
f 7503 7313 7505
f 7090 7315 7506
f 7314 7316 7505
f 7316 7192 7194
f 6758 6095 6976
f 6976 6095 6900
f 7425 6903 7508
f 6761 5811 7509
f 7031 6060 7599
f 7032 7205 7512
f 7512 7205 7428
f 6845 4198 7325
f 6981 7035 7326
f 4184 4189 4178
f 4197 7103 7514
f 4202 7209 7515
f 6771 7328 7209
f 7209 7328 7432
f 4200 4183 4187
f 4183 6062 7841
f 6062 6912 7841
f 6171 6913 4173
f 7434 6916 7332
f 7333 7334 7517
f 7335 7435 7334
f 7435 7436 7519
f 7336 7337 7518
f 7338 7437 7519
f 7519 7437 7439
f 7212 6917 7438
f 7439 7441 7521
f 7520 7340 7523
f 7339 7443 7523
f 7523 7443 7525
f 7444 7446 7527
f 7528 7447 7530
f 7445 7449 7529
f 7344 7451 7526
f 7451 7452 7526
f 7526 7349 7455
f 7231 7353 7218
f 7354 7230 7353
f 7353 4196 6496
f 4176 7052 7531
f 6857 6688 6689
f 6689 4199 7532
f 4199 6482 6483
f 6483 6924 7533
f 7147 7053 7534
f 7535 7355 7612
f 7355 7055 7612
f 7612 7055 7056
f 6449 6860 7058
f 7537 6998 7538
f 7361 7457 6998
f 7372 7459 7457
f 7164 7071 7366
f 7071 7467 7540
f 7468 7377 7550
f 7376 7265 7471
f 7555 7553 7475
f 7553 7474 7475
f 7473 7271 7475
f 7555 7475 7557
f 7475 7271 7557
f 7383 7272 7559
f 7559 7272 7562
f 7476 7478 7561
f 7565 7481 7567
f 7482 7390 7569
f 7569 7390 7391
f 7242 7392 7570
f 7287 4193 7573
f 7575 4193 7403
f 6617 6939 7288
f 6939 7405 7288
f 7405 6939 7576
f 6939 7406 7576
f 7641 7290 7488
f 7290 7291 7488
f 7291 7180 7488
f 7411 5908 7577
f 5908 7412 7577
f 7577 7412 7579
f 7413 7299 7580
f 7580 6724 6556
f 7582 7300 7414
f 7586 7493 7589
f 7592 7591 7497
f 7495 7498 7593
f 7594 7499 7500
f 7090 7504 7191
f 7196 7316 7194
f 7196 7318 7595
f 7319 4181 7318
f 6970 7201 7651
f 7651 7201 4192
f 6975 4192 7201
f 7323 7097 7596
f 7097 7424 7596
f 6979 6761 7426
f 5811 5937 7509
f 5937 6905 7509
f 6060 6239 7599
f 7204 7032 7510
f 7032 7512 7600
f 7600 7512 7602
f 7603 7601 7325
f 7601 7511 7325
f 4191 7034 7513
f 7513 7034 4180
f 7327 4201 4179
f 4197 7514 7208
f 7606 7605 7514
f 7514 7103 7606
f 7103 4202 7606
f 7517 7334 7608
f 7435 7519 7609
f 7519 7439 7609
f 7439 7521 7609
f 7230 4196 7353
f 6496 7052 4176
f 7613 6598 6695
f 7613 6695 6858
f 6858 4186 7536
f 7537 7538 7150
f 6998 7457 7538
f 7457 7459 7614
f 7614 7459 7617
f 7544 7549 7622
f 7548 7551 7624
f 7624 7551 7626
f 7551 7556 7626
f 7628 7563 7632
f 7564 7566 7633
f 7569 7391 7635
f 7391 7571 7635
f 7571 7572 7635
f 7635 7572 7393
f 7393 7071 7636
f 6867 7394 7681
f 7638 7402 7639
f 7402 7288 7639
f 7288 7405 7639
f 7406 6939 7175
f 7175 7407 7641
f 7488 7489 7641
f 7489 7409 7641
f 7641 7409 7698
f 7698 7409 7410
f 7081 7411 7642
f 7642 7411 7644
f 7490 7578 7645
f 7645 7578 7580
f 6878 7581 6201
f 7581 6878 7013
f 7583 7585 7649
f 7496 7594 7592
f 7594 7500 7592
f 7592 7500 7190
f 7190 6964 7592
f 7592 6964 7191
f 7709 7503 7505
f 7505 7316 7196
f 4181 7507 7318
f 7652 7322 6841
f 7425 7508 7597
f 7653 6905 7031
f 7599 6239 7204
f 7713 7601 7603
f 7603 7325 4198
f 7603 4198 7429
f 4198 6767 4191
f 7430 7035 7207
f 7207 6847 7655
f 7655 6847 7036
f 4175 4178 4174
f 4178 4189 4174
f 4189 4190 4174
f 4190 7037 7208
f 7037 6768 7208
f 7514 7605 4177
f 4202 7515 7606
f 7209 7432 7515
f 7515 7432 4188
f 7659 7433 4188
f 4188 4187 7659
f 6171 4173 7661
f 6913 7331 7607
f 7434 7332 7662
f 7332 7516 7662
f 7607 7517 7608
f 7608 7334 7609
f 7334 7435 7609
f 7609 7520 7455
f 7526 7455 7524
f 7218 7353 7610
f 7052 6993 7907
f 4199 6483 7533
f 7664 7147 7534
f 6997 6787 7356
f 7616 7619 7666
f 7620 7621 7614
f 7621 7624 7668
f 7624 7626 7668
f 7668 7626 7670
f 7625 7555 7669
f 7555 7557 7669
f 7271 7230 7557
f 7557 7230 7558
f 7230 7383 7558
f 7627 7560 7672
f 7629 7631 7678
f 7636 7071 6793
f 7394 6520 7682
f 7398 7487 7683
f 7683 7487 7287
f 7573 4193 7401
f 7574 7401 7684
f 7401 4193 7685
f 7639 7405 7687
f 7405 7576 7690
f 7690 7576 7692
f 7694 7175 7641
f 7746 7698 7410
f 7702 7081 7642
f 7580 6556 7646
f 6556 7181 7646
f 7591 7592 7707
f 7650 7503 7709
f 7505 7196 7709
f 7507 4181 7651
f 4181 6970 7651
f 6841 7323 7652
f 7323 7596 7711
f 7596 7598 7711
f 7508 6903 6979
f 7509 6905 7653
f 7429 4198 4191
f 7326 7430 7714
f 4179 4201 7657
f 4201 4189 7658
f 7658 4189 4185
f 4190 7208 4174
f 7208 7514 4177
f 7659 4187 4170
f 4187 4183 7660
f 7715 6912 7330
f 7330 6171 7661
f 7520 7523 7455
f 7523 7524 7455
f 7455 7218 7610
f 6857 6689 7532
f 6924 7147 7533
f 7533 7147 7663
f 7147 7664 7716
f 7057 6598 8171
f 6858 7536 7613
f 7058 6860 4186
f 6860 6996 4166
f 7356 7149 7718
f 7669 7557 7667
f 7558 7383 7720
f 7721 7671 7722
f 7671 7674 7722
f 7636 7680 7393
f 7637 7573 7401
f 7637 7401 7574
f 7574 7684 7731
f 4193 7575 7732
f 7575 7686 7732
f 7639 7687 7734
f 7734 7687 7736
f 7687 7405 7738
f 7405 7690 7740
f 7741 7691 7693
f 7693 7640 7742
f 7695 7697 7743
f 7744 7641 7698
f 7410 7081 7749
f 7749 7081 7700
f 7700 7081 7702
f 7643 7645 7703
f 7645 7580 7646
f 7013 7182 7751
f 7182 7491 7751
f 7491 7300 7753
f 7754 7705 7755
f 7755 7705 7759
f 7300 7582 7758
f 7584 7647 7760
f 7648 7591 7762
f 7762 7591 7707
f 7707 7592 7764
f 7592 7191 7828
f 7830 7502 7767
f 7766 7708 7709
f 7502 7191 7710
f 7595 7318 7507
f 6976 6900 7768
f 7712 7508 7770
f 7770 7508 6979
f 7653 7031 7427
f 7774 7773 7654
f 7427 7599 7775
f 7603 7429 7777
f 4180 6981 7326
f 7655 7036 7327
f 7656 7327 7779
f 4201 7658 7657
f 4184 4172 7604
f 4184 4178 4172
f 4174 7208 4177
f 7515 7433 7606
f 7515 4188 7433
f 4170 4187 7660
f 7353 6496 4176
f 7531 7052 7907
f 4186 7665 7536
f 6997 7356 7782
f 7149 7150 7718
f 7614 7621 7785
f 7621 7668 7785
f 7668 7719 7785
f 7789 7558 7720
f 7728 7393 7797
f 7393 7680 7797
f 7681 7394 7799
f 7682 7398 7683
f 7684 7401 7804
f 7804 7401 7806
f 7806 7401 7808
f 7808 7401 7685
f 4193 7732 7685
f 7685 7732 7809
f 7688 7737 7735
f 7737 7689 7810
f 7811 7405 7740
f 7740 7690 7812
f 7175 7694 7406
f 7743 7697 7745
f 7696 7641 7744
f 7744 7698 7813
f 7814 7699 7816
f 7699 7747 7816
f 7747 7748 7816
f 7410 7749 7815
f 7749 7700 7817
f 7701 7703 7818
f 7703 7645 7818
f 7818 7645 7646
f 6948 6201 7581
f 7491 7752 7751
f 7707 7764 7825
f 7824 7763 7826
f 7827 7764 7592
f 7828 7191 7502
f 7828 7502 7830
f 7766 7709 4169
f 4169 7709 7196
f 4192 6976 7882
f 7711 7769 7833
f 7927 7654 7772
f 7772 7654 7773
f 7032 7600 7776
f 7778 7429 4191
f 4191 7513 7903
f 7430 7207 7838
f 7207 7655 7838
f 7655 7327 7656
f 7327 4179 7779
f 4185 4184 7839
f 7839 4184 7840
f 4172 4178 4171
f 4178 4175 4171
f 7780 7532 4199
f 7780 4199 7533
f 7533 7663 7843
f 7717 7612 7844
f 7612 7056 7844
f 7056 7057 7781
f 4166 6996 6997
f 7356 7976 7782
f 7976 7356 7845
f 7457 7614 7538
f 7557 7558 7786
f 7787 7788 7847
f 7558 7789 7846
f 7848 7790 7851
f 7789 7720 7850
f 7849 7721 7852
f 7796 7798 7853
f 7859 7855 7730
f 7636 6793 6867
f 7394 7800 7799
f 7287 7573 7683
f 7684 7804 7865
f 7805 7807 7866
f 7867 7808 7685
f 7871 7809 7873
f 7809 7732 7873
f 7872 7733 7870
f 7733 7735 7870
f 7737 7810 7735
f 7739 7741 7810
f 7810 7741 7874
f 7741 7693 7742
f 7406 7694 7876
f 7745 7814 7743
f 7743 7814 7816
f 7181 6948 7704
f 6948 7581 8264
f 7581 7013 7751
f 7821 7822 7819
f 7823 7756 7820
f 7761 7706 7757
f 7706 7824 7757
f 7878 7826 7880
f 7827 7592 7881
f 7828 7830 7832
f 7829 7766 7831
f 7322 7989 7768
f 7323 7711 7652
f 7711 7833 7652
f 7770 6979 7883
f 7834 7835 7887
f 7890 7889 7894
f 7892 7888 7895
f 7603 7777 7899
f 4180 7326 7837
f 7326 7714 7837
f 7838 7655 7904
f 4171 4175 4174
f 4177 7605 4168
f 4167 7433 7659
f 4158 7660 4183
f 7609 7455 7906
f 7610 7353 4176
f 4176 7531 7973
f 7908 7717 7844
f 7356 7784 7845
f 7784 7356 7977
f 7356 7718 7977
f 7614 7785 7538
f 7785 7849 7910
f 7849 7852 7910
f 7852 7856 7910
f 7910 7857 7861
f 7682 7683 7394
f 4155 7637 7574
f 7574 7731 4165
f 7864 7803 7805
f 7866 7868 7919
f 7685 7809 7920
f 7919 7869 7921
f 7809 7871 7922
f 7870 7735 7874
f 7735 7810 7874
f 7874 7741 7875
f 7741 7742 7875
f 7750 7818 7816
f 7818 7646 7816
f 7704 6948 8264
f 7820 7757 7824
f 7824 7826 7878
f 7881 7592 7828
f 6976 7768 7882
f 7652 7833 7924
f 7883 6979 7926
f 7927 7834 7887
f 7931 7889 7890
f 7933 7890 7932
f 7890 7894 7932
f 7893 7896 7941
f 7887 7835 7943
f 7836 7772 7773
f 7962 7955 7963
f 7599 7204 7775
f 7204 7510 7898
f 7510 7776 7900
f 7777 7429 7902
f 7658 4185 7967
f 7968 7839 7840
f 4172 4171 4161
f 4161 4171 7969
f 4174 4177 4171
f 7605 7606 4168
f 7606 7433 4167
f 4167 7659 7972
f 7841 6912 7715
f 7715 7330 7661
f 7607 7905 6913
f 6993 6857 7907
f 7907 6857 7532
f 7844 7056 7975
f 7056 7781 7975
f 7057 8171 7781
f 7150 7538 7718
f 7910 7861 7979
f 7978 7914 7981
f 7915 7916 7862
f 7862 7916 7984
f 7636 6867 7916
f 7573 7800 7394
f 7574 4165 4163
f 4162 4164 8008
f 8010 8008 7918
f 8008 4164 7918
f 7918 7802 7864
f 7864 7805 7919
f 7805 7866 7919
f 7875 7816 8069
f 7816 7646 8070
f 8070 7646 7181
f 7824 7878 8071
f 7881 7828 7879
f 8016 7828 7832
f 7766 4169 7831
f 4169 7196 7595
f 7651 4192 7882
f 7990 7989 4154
f 4154 7989 7322
f 7883 7926 7925
f 7653 7427 7992
f 7427 7654 7927
f 7994 7927 7887
f 7961 7958 7933
f 7933 7958 7995
f 7960 7774 8000
f 8001 8000 7654
f 8000 7774 7654
f 7654 7427 7775
f 7032 7776 7510
f 7902 7429 7778
f 7778 4191 7903
f 7513 4180 7837
f 7714 7430 7838
f 7655 7656 7904
f 7967 4185 7839
f 7604 4172 4161
f 4171 7970 7969
f 4171 4177 4168
f 7606 4167 4168
f 7659 4170 7972
f 4183 7841 4158
f 4173 6913 8003
f 6913 7905 8003
f 7905 7607 7608
f 7455 7610 8004
f 7663 7147 8005
f 7147 7716 8005
f 6598 7613 8007
f 4186 6860 4166
f 7538 7785 7910
f 7394 7683 7573
f 7986 4163 8009
f 7921 7870 8011
f 7870 7874 8011
f 7743 7816 7875
f 7491 7877 8013
f 8013 7877 7987
f 7507 7651 4159
f 7924 7991 8017
f 8018 7926 8019
f 8019 7926 6979
f 7426 6761 7509
f 7509 7653 7426
f 7992 7427 8023
f 7995 7957 8029
f 7996 7999 8031
f 8030 7998 8033
f 7775 7204 7898
f 8034 8163 7510
f 7510 7900 8036
f 7900 7901 8036
f 8035 7777 7902
f 7903 7513 7837
f 7966 7837 8431
f 7839 7968 8038
f 7840 4184 7604
f 7970 4171 7971
f 4171 4168 7971
f 3823 7972 4170
f 4160 7715 7661
f 7661 4173 8003
f 8044 8004 7610
f 7907 7532 8109
f 7780 7533 7843
f 8046 7908 8048
f 8048 7908 7975
f 7908 8006 7975
f 6598 8007 8171
f 8246 4166 6997
f 7910 7980 7538
f 7978 7981 8052
f 8056 7916 7681
f 7916 6867 7681
f 8059 7681 8061
f 7574 4163 4155
f 8062 7985 8066
f 8066 7985 8008
f 8008 8010 8067
f 8067 8010 8068
f 8010 7918 7864
f 7919 7921 8126
f 7921 8011 8126
f 8069 7816 8070
f 7181 7704 8070
f 7581 7751 8012
f 7988 7820 7824
f 7878 7923 8071
f 7831 4169 4153
f 7882 7768 7989
f 8078 7992 8084
f 8087 8023 7927
f 8023 7427 7927
f 8088 8024 8027
f 8026 7889 7931
f 8090 7890 7933
f 7995 8028 8091
f 8095 8001 7654
f 8034 7510 8036
f 8036 8037 8097
f 7902 7778 8098
f 3825 7966 8431
f 8431 7837 7714
f 8101 7656 7779
f 7657 7658 7967
f 3827 4156 4157
f 8039 8041 8104
f 8105 8040 7840
f 8040 7968 7840
f 4168 4167 7971
f 7971 4167 8108
f 4167 7972 8108
f 4170 7660 8043
f 4158 8043 7660
f 4158 7841 7715
f 7608 7609 7906
f 7610 4176 8044
f 8044 4176 7973
f 7665 4186 4166
f 6997 7782 8246
f 7784 7977 7976
f 7977 7718 3826
f 7538 7980 8114
f 8114 7980 8053
f 8118 7916 8056
f 8055 7681 8059
f 8061 7681 7799
f 4163 7986 4155
f 8068 8390 8125
f 7874 7875 8127
f 8070 7704 8264
f 8012 7751 8335
f 8129 7752 8013
f 7752 7491 8013
f 8129 8013 8131
f 8014 7988 8015
f 7988 7824 8015
f 8071 7831 4153
f 7595 7507 4169
f 7652 7924 8134
f 8019 6979 8072
f 7992 8079 7653
f 8136 8073 8139
f 8141 8139 8142
f 8082 8083 8144
f 8147 8022 8151
f 8087 7927 8089
f 8214 8154 8025
f 7933 7995 8090
f 8090 7995 8091
f 8156 8094 8158
f 7654 7775 8159
f 8162 7898 8305
f 8305 7898 7510
f 8305 7510 8163
f 8036 8097 8034
f 8096 7902 8098
f 8098 7778 8100
f 7903 7837 7966
f 8164 7838 7904
f 8101 7904 7656
f 8101 7779 8165
f 7839 8038 8230
f 8039 4156 3827
f 4156 8039 8104
f 8166 8040 8105
f 8105 7840 8167
f 7604 3824 7840
f 7969 7970 8107
f 8107 7970 7971
f 7971 8108 8169
f 3823 4170 8043
f 7455 8004 8170
f 7974 7907 8109
f 8175 8120 8177
f 8119 8058 8178
f 8057 8121 8182
f 8183 8122 8184
f 8123 8060 8185
f 8185 8060 8187
f 8063 8064 8065
f 8196 8066 8008
f 8068 8125 8067
f 7864 7919 8126
f 8127 7875 8069
f 8335 8264 8012
f 8264 7581 8012
f 7751 7752 8335
f 7824 8071 8015
f 8071 4153 8132
f 4169 7507 4159
f 8133 7651 7882
f 7322 7652 8395
f 8134 7924 8135
f 7924 8017 8135
f 7653 8079 8199
f 8077 8074 8138
f 8136 8139 8141
f 4139 4116 8203
f 8203 4116 4117
f 4118 4130 4147
f 4130 4141 4147
f 4059 4136 4106
f 4148 4123 8207
f 8207 4123 8515
f 4069 4149 4090
f 4090 4149 8209
f 4126 4143 4149
f 4143 4150 4149
f 8142 8139 8210
f 8140 8143 8211
f 8145 8148 8212
f 8149 8153 8213
f 8026 7931 8155
f 8090 8091 8092
f 8095 7654 8218
f 8217 7654 8159
f 7775 7898 8220
f 8220 7898 8160
f 8221 8163 8223
f 8034 8097 8099
f 7778 7903 8319
f 7779 4179 8229
f 4179 7657 8229
f 7967 7839 8230
f 8230 8038 8231
f 8232 8103 8039
f 7604 4161 8168
f 4161 7969 8238
f 7969 8107 8238
f 7661 8003 4160
f 7532 7780 8109
f 8005 7716 8241
f 7716 8045 8241
f 8241 8045 8242
f 8047 8048 8243
f 7975 7781 8244
f 7536 8049 8112
f 8049 7536 7665
f 8114 8053 8176
f 8176 8178 8180
f 8178 8058 8180
f 8181 8179 8248
f 8179 8186 8248
f 8186 8188 8248
f 8189 8124 8251
f 8124 7799 8251
f 8251 7799 8254
f 7799 8191 8254
f 8333 8192 8257
f 8192 4155 7986
f 8258 8065 8194
f 8196 8008 8067
f 8390 8068 8263
f 7752 8129 8197
f 8130 8015 8336
f 8015 8071 8265
f 4154 7322 8395
f 8395 7652 8134
f 8072 6979 7426
f 8270 8268 8141
f 8268 8136 8141
f 8588 4129 4101
f 4118 4147 8204
f 8204 4147 8205
f 8274 4105 4096
f 4090 8209 4123
f 4093 3828 4144
f 4115 8141 8142
f 8210 8152 8155
f 7931 8352 8155
f 7931 7890 8277
f 8282 8278 8284
f 8280 8219 8287
f 8159 7775 8292
f 8160 7898 8293
f 7898 8161 8293
f 8293 8161 8304
f 8304 8161 8162
f 8221 8223 8306
f 8306 8223 8308
f 8307 8222 8309
f 8223 8163 8310
f 8309 8224 8312
f 8034 8099 8316
f 8378 8315 8227
f 8315 8226 8227
f 8225 8098 8100
f 8100 7778 8318
f 7714 7838 8228
f 8229 7657 8102
f 7657 7967 8102
f 8232 8039 3827
f 8233 8236 8234
f 4156 8104 8106
f 8105 8167 8326
f 7604 8168 3824
f 8492 8168 4161
f 8492 4161 8238
f 8107 7971 8169
f 8108 7972 3823
f 8043 4158 8385
f 7905 7608 7906
f 7531 7907 7974
f 8329 7843 7663
f 8243 8048 8330
f 8048 7975 8330
f 4166 8246 7665
f 7977 8172 7976
f 8173 7977 3826
f 7538 8247 7718
f 7538 8114 8247
f 8176 8180 8114
f 8180 8248 8114
f 8248 8254 8114
f 8114 8254 8443
f 8250 8253 8332
f 8331 8252 8254
f 8252 8255 8254
f 8191 8256 8254
f 7800 7573 7637
f 8192 7986 8063
f 8065 8258 8063
f 8258 8194 8261
f 8261 8194 8334
f 8193 8195 8196
f 8195 8066 8196
f 8068 8010 8126
f 7864 8126 8010
f 8011 7874 8499
f 8499 7874 8127
f 8335 8069 8070
f 7752 8500 8335
f 7651 8133 4159
f 8133 7882 7989
f 7990 4154 8266
f 8339 8019 8340
f 8019 8072 8340
f 7653 8199 8344
f 8200 8267 8341
f 8269 8271 8342
f 8270 8141 8345
f 4096 4106 8274
f 4106 4136 8206
f 8206 4136 8350
f 4136 8208 8350
f 8349 8207 8515
f 4152 4100 8275
f 8210 8155 8142
f 8352 7931 8277
f 8092 8281 8090
f 8090 8281 8289
f 8283 8285 8353
f 8291 7775 8356
f 8356 7775 8220
f 8360 8220 8364
f 8220 8293 8364
f 8293 8298 8364
f 8365 8294 8368
f 8370 8299 8371
f 8300 8302 8373
f 8372 8303 8374
f 8304 8162 8375
f 8305 8221 8306
f 8307 8309 8311
f 8309 8312 8311
f 8163 8034 8313
f 8378 8314 8315
f 8378 8227 8317
f 7966 3825 8320
f 3825 8431 8321
f 8164 7904 8101
f 8230 8231 8234
f 8232 3827 8235
f 8234 8236 8380
f 4157 8237 3827
f 8382 4156 8322
f 8384 4156 8325
f 4156 8106 8327
f 8003 7905 8496
f 7906 7455 8170
f 8005 8239 8387
f 7613 7536 8112
f 8112 8049 8669
f 8049 7665 8113
f 7782 7976 8172
f 8443 8254 8256
f 7799 7800 8256
f 7800 7637 4155
f 8388 4155 8192
f 8063 8258 8389
f 8390 8263 8391
f 8070 8264 8335
f 8128 7752 8197
f 8071 8132 8265
f 8393 4153 4159
f 4153 4169 4159
f 7989 7990 8394
f 8337 4154 8395
f 8134 8135 8338
f 8340 8072 8396
f 7653 8344 8398
f 8397 8343 8400
f 8272 8346 8399
f 8401 8141 4072
f 4072 4129 8404
f 8404 4129 8588
f 8348 4142 4105
f 4123 8209 8407
f 8275 4100 8410
f 8410 4100 8411
f 4114 4086 8276
f 8351 4086 4093
f 8352 8142 8155
f 7890 8090 8277
f 8090 8289 8412
f 8220 8361 8356
f 8363 8366 8418
f 8417 8365 8368
f 8375 8162 8420
f 8162 8305 8420
f 8305 8306 8420
f 8419 8377 8421
f 8306 8308 8422
f 8421 8307 8311
f 3820 3825 8428
f 3825 3821 8428
f 3822 3825 8321
f 8228 7838 8164
f 8230 8234 8380
f 8237 4157 8381
f 4157 4156 8382
f 8322 4156 8434
f 4156 8384 8434
f 8438 8325 4156
f 8238 8107 8440
f 3823 8043 8441
f 8494 8043 8385
f 8385 4158 7715
f 4160 8328 8385
f 3806 7906 8170
f 8044 8386 8004
f 8044 7973 8442
f 7973 7531 8559
f 7531 7974 8559
f 8329 7663 8005
f 7975 8244 8330
f 8171 8007 8244
f 7665 8246 7782
f 3826 7718 8247
f 8247 8114 8443
f 8388 8192 8333
f 8444 8259 8260
f 3819 8390 8391
f 8336 8015 8265
f 8449 4153 8393
f 8133 7989 8394
f 7990 8266 8394
f 8266 4154 8337
f 8451 8337 8395
f 8451 8395 8134
f 8454 8072 8458
f 8072 7426 8458
f 7426 7653 8458
f 7653 8398 8461
f 8397 8400 8463
f 4134 4118 4145
f 4106 8405 8469
f 8405 4106 8470
f 8470 4106 8206
f 8471 8349 8472
f 8349 8515 8472
f 4123 8407 8515
f 4149 4150 8409
f 4144 4133 8473
f 4133 4115 8473
f 8277 8090 8416
f 8414 8357 8413
f 8369 8296 8372
f 8419 8421 8374
f 8421 8311 8374
f 8311 8312 8378
f 8378 8317 8477
f 8379 8100 8423
f 8476 8423 8318
f 8423 8100 8318
f 8318 7778 8319
f 8524 8429 8480
f 8479 3821 3822
f 8165 7779 8229
f 8102 7967 8433
f 8433 7967 8230
f 8434 8384 8489
f 8488 8383 8435
f 8383 8324 8435
f 8325 8438 8436
f 8327 8439 8491
f 8167 7840 3824
f 8494 8441 8043
f 7715 4160 8385
f 8328 4160 8495
f 4160 8003 8496
f 8170 8004 8386
f 8558 8386 8044
f 8559 7974 8560
f 8239 8241 8497
f 8497 8241 8242
f 8007 7613 8112
f 7977 8173 8172
f 7800 4155 8388
f 8192 8063 8257
f 8260 8196 8067
f 8390 3819 8629
f 8391 8263 8068
f 8068 8126 3818
f 8127 8069 8499
f 8445 7752 8128
f 8336 8448 8392
f 4153 8449 8132
f 8393 4159 8450
f 4159 8133 8450
f 8502 8337 8451
f 8134 8338 8503
f 8338 8452 8503
f 8396 8072 8504
f 8462 8465 8506
f 8505 8401 8404
f 8401 4072 8404
f 4134 4145 8683
f 8683 4145 8509
f 8348 4105 8274
f 4106 8469 8274
f 8406 8349 8514
f 8514 8349 8471
f 4149 8409 8516
f 8517 8410 8411
f 8411 4100 8518
f 8276 4086 8351
f 4093 4144 8351
f 8473 4115 8142
f 8374 8311 8597
f 8317 8424 8477
f 8319 7903 8320
f 7903 7966 8320
f 8320 3825 3820
f 3820 8425 8519
f 8519 8425 8520
f 8425 3820 8522
f 8523 8427 8524
f 8479 3822 8525
f 3822 8430 8525
f 8430 3822 8609
f 8228 8432 7714
f 8228 8164 8432
f 8528 8164 8101
f 8528 8101 8482
f 8482 8101 8165
f 8165 8229 8688
f 8380 8483 8529
f 4157 8485 8530
f 8529 8484 8531
f 8532 8485 8534
f 8534 8485 8535
f 8536 8322 3816
f 8538 8537 8536
f 8540 8537 8612
f 8538 8536 3816
f 3808 8546 8548
f 8545 8543 8322
f 8543 3809 8322
f 8322 8434 8550
f 8553 8435 8552
f 8436 8438 8555
f 8438 4156 8327
f 8490 8167 3824
f 8492 8238 8556
f 8108 3823 8493
f 8495 4160 8496
f 8498 8243 8562
f 8243 8330 8562
f 7782 8172 8563
f 8443 8256 8565
f 8256 7800 8388
f 8063 8389 8257
f 8260 8067 8444
f 3819 3814 8629
f 3814 3813 3815
f 8499 8069 8566
f 8069 8335 8500
f 7752 3805 8500
f 3805 7752 8445
f 8128 8446 8445
f 8445 8446 8567
f 8447 8392 8568
f 8392 8448 8568
f 8572 8502 8451
f 8576 8134 8573
f 8134 8503 8573
f 8503 8453 8573
f 8072 8454 8574
f 8574 8454 8577
f 8578 8454 8582
f 8454 8458 8582
f 8584 8505 8404
f 8589 4101 4139
f 8590 9141 4117
f 8590 4117 4134
f 8509 4145 8511
f 8510 8348 8274
f 8513 8514 8471
f 4149 8516 8593
f 8593 8516 8594
f 8277 8416 8369
f 8372 8374 8597
f 8318 8319 8599
f 8320 3820 8519
f 8426 8523 8521
f 8525 8430 8603
f 8605 8430 8607
f 8430 8481 8607
f 8481 8430 8609
f 8431 7714 8432
f 8230 8380 8531
f 8380 8529 8531
f 8531 8533 8610
f 8534 8535 8611
f 8535 8485 4157
f 8382 8322 8536
f 8537 8540 8649
f 8542 8540 8612
f 3816 3817 8538
f 3816 8322 3811
f 8322 3809 3811
f 8614 8615 3812
f 8620 8616 8617
f 8618 8617 8619
f 8544 8546 3808
f 8322 8550 8622
f 8488 8435 8551
f 8551 8435 8553
f 8552 8435 8554
f 8554 8437 8490
f 8438 8327 8491
f 8623 3824 8168
f 8107 8842 8440
f 8169 8842 8107
f 8169 8108 8557
f 8557 8108 8493
f 8940 8386 8558
f 8558 8044 8625
f 8044 8442 8625
f 8560 7780 7843
f 8172 8173 8564
f 8444 8067 8627
f 8125 8390 8629
f 3801 3814 3819
f 8126 8011 8499
f 8567 8501 8630
f 8448 8336 8569
f 8336 8265 8569
f 8132 8449 8570
f 8633 8586 8588
f 8585 8404 8588
f 9141 8203 4117
f 8590 4134 8636
f 4134 8683 8591
f 8274 8469 8640
f 8405 8592 8469
f 8369 8372 8597
f 8378 8477 8311
f 8311 8477 8598
f 8598 8477 8600
f 8477 8478 8600
f 8601 8320 8642
f 8642 8320 8519
f 8521 8523 8914
f 8480 8526 8524
f 8524 8526 8604
f 8527 8606 8604
f 8609 3822 8321
f 8531 8610 8433
f 8611 8535 8648
f 8612 8537 8650
f 8537 8538 8650
f 8651 8653 8658
f 8660 8652 8662
f 8662 8652 8665
f 8664 8653 8619
f 8653 8651 8619
f 8614 3810 8544
f 8545 8322 8547
f 8622 8550 8668
f 8554 8490 8552
f 8552 8490 3824
f 8238 8440 8556
f 8493 3823 8441
f 7905 7906 3806
f 7974 8109 8560
f 8109 7780 8560
f 8113 7665 8563
f 7665 7782 8563
f 8563 8172 8670
f 8626 8444 8627
f 8067 8125 8628
f 3813 3814 3801
f 8720 3801 3819
f 8391 8068 8721
f 8631 8448 8674
f 8448 8569 8674
f 8265 8132 8570
f 8449 8393 8450
f 8134 8576 8677
f 8676 8632 8678
f 8678 8632 8634
f 8633 8588 4101
f 8734 4101 8589
f 8685 8510 8274
f 8639 8512 8471
f 8407 8209 8810
f 8352 8277 8595
f 8320 8601 8319
f 8519 8644 8642
f 8602 8521 8645
f 8521 8914 8645
f 8523 8524 8606
f 8524 8604 8606
f 8747 8608 8647
f 8607 8481 8646
f 8482 8165 8688
f 8689 8688 8229
f 8229 8102 8690
f 8690 8102 8433
f 8230 8531 8433
f 8433 8610 8691
f 8611 8648 8692
f 8535 4157 8382
f 8697 8538 8699
f 8538 3817 8699
f 3816 8613 3817
f 8617 8618 8651
f 8701 8651 8657
f 8702 8703 8934
f 8702 8659 8703
f 8664 8619 8704
f 8619 8617 8705
f 8616 8614 8544
f 8547 8322 8621
f 8621 8322 8709
f 8322 8622 8709
f 8549 8551 8667
f 8168 8492 8711
f 8842 8169 8557
f 8493 8441 8712
f 7905 3807 8496
f 8713 8497 8561
f 8669 8049 8715
f 8564 8173 3826
f 8565 8256 8388
f 8627 8067 8718
f 8067 8628 8718
f 9240 3819 8391
f 8068 3818 8723
f 3818 8126 8499
f 3805 8445 8724
f 8445 8567 8630
f 9119 8630 8726
f 8265 8570 8728
f 8675 8450 8394
f 8450 8133 8394
f 8785 8451 8134
f 8731 8679 8795
f 8795 8679 8733
f 8734 8681 8633
f 8633 4101 8734
f 8636 4134 8737
f 8737 4134 8591
f 8685 8274 8806
f 8639 8471 8472
f 8810 8209 4149
f 8411 8518 8740
f 8518 4100 8741
f 4144 8473 8742
f 8352 8595 8142
f 8277 8369 8595
f 8595 8369 8597
f 8311 8598 8743
f 8686 8599 8744
f 8599 8319 8601
f 8643 8645 8687
f 8687 8645 8746
f 8523 8606 8914
f 8916 8646 8481
f 8433 8691 8751
f 8535 8382 8536
f 8649 8540 8821
f 8650 8538 8752
f 8753 8694 9028
f 8694 8696 9028
f 8538 8697 8695
f 8700 8614 8754
f 8701 8657 8757
f 8655 8702 8756
f 8759 8703 8659
f 8661 8663 8761
f 8763 8705 8617
f 8616 8544 8706
f 8544 3808 8706
f 8706 3808 8765
f 8765 3808 8767
f 3808 8708 8767
f 8667 8551 8553
f 8385 8328 8494
f 3807 7905 3806
f 8329 8005 8387
f 8387 8239 8768
f 8239 8497 8768
f 8769 8562 8330
f 8244 8007 8770
f 8716 8049 8113
f 8717 3826 8443
f 3826 8247 8443
f 8443 8565 8771
f 8671 8333 8672
f 8333 8257 8773
f 3814 8852 8629
f 3814 3815 8852
f 8721 8068 8722
f 8068 8723 8722
f 8724 8445 3804
f 8569 8265 8727
f 8728 8570 8777
f 8449 8450 8778
f 8675 8394 8266
f 8502 8572 8729
f 8572 8451 8781
f 8785 8134 8677
f 8787 8732 8789
f 8790 8730 8793
f 8794 8731 8795
f 8795 8733 8796
f 8589 4139 8735
f 8683 8509 8800
f 8684 8510 8799
f 8510 8685 8799
f 8799 8685 8804
f 8803 8739 8805
f 8805 8638 8807
f 8274 8640 8808
f 8639 8472 8807
f 8593 8641 8811
f 8813 4100 4114
f 8351 4144 8742
f 8311 8743 8914
f 8744 8599 8814
f 8814 8599 8816
f 8599 8601 8816
f 8816 8601 8745
f 8746 8645 8914
f 8748 8747 8647
f 8819 8916 8481
f 8749 8481 8609
f 8431 8432 8321
f 8432 8164 8750
f 8750 8164 8528
f 8690 8433 8751
f 8823 8612 8822
f 8924 8823 8826
f 8829 8612 8831
f 8612 8650 8831
f 8834 8693 8753
f 8754 8614 8835
f 8755 8620 8617
f 8759 8659 8760
f 8617 8616 8763
f 8763 8616 8706
f 8708 3808 8840
f 3808 8710 8840
f 8839 8709 8841
f 8709 8622 8841
f 8666 8667 8838
f 3797 8552 8623
f 3824 8623 8552
f 8623 8168 8711
f 8492 8556 9105
f 8495 8496 3807
f 8170 8386 3806
f 8442 7973 8559
f 8769 8330 8849
f 8330 8244 8770
f 8007 8112 8714
f 8850 8670 8564
f 8670 8172 8564
f 8388 8333 8943
f 8333 8773 8672
f 8626 8627 8772
f 8627 8718 8719
f 8628 8947 8718
f 8947 8628 8851
f 8851 8628 8125
f 3815 3813 8854
f 3818 8673 8723
f 3818 8499 8673
f 8499 8566 8673
f 3785 3805 8724
f 8856 8569 8727
f 8727 8265 8728
f 8778 8450 8675
f 8862 7949 8864
f 8865 7950 7953
f 7773 7774 8967
f 8967 7774 8866
f 7944 7945 8872
f 7947 7773 8875
f 8875 7773 7948
f 8881 7951 8863
f 8860 8729 8572
f 8780 8572 8781
f 8781 8451 8891
f 8451 8783 8892
f 8892 8783 8896
f 8785 8677 8901
f 8788 8792 8900
f 8735 4139 9140
f 9140 4139 8203
f 8797 9141 8590
f 8590 8636 8907
f 8906 8798 9637
f 8636 8737 8909
f 8683 8800 8911
f 8911 8800 8802
f 8807 8472 8805
f 8515 8407 8809
f 4149 8593 8811
f 8812 8518 8913
f 8741 4100 8813
f 8597 8311 8914
f 8817 8746 8815
f 8746 8914 8815
f 8606 8608 8915
f 8818 8646 8916
f 8321 8432 8820
f 8689 8229 8690
f 8690 8751 8920
f 8535 8536 8922
f 8536 8537 8649
f 8540 8541 3795
f 8541 8542 8923
f 8923 8542 9020
f 8542 8612 9020
f 8822 8825 8823
f 8827 8824 8926
f 8612 8829 8822
f 8927 8830 8832
f 8831 8650 8833
f 8698 8754 8696
f 8614 8616 8835
f 8616 8620 8835
f 8928 8755 8617
f 8651 8701 9029
f 8929 8701 8757
f 8702 8934 8932
f 8836 8704 8619
f 8935 8837 8936
f 8937 8705 8763
f 8707 8838 8766
f 8838 8667 8553
f 8553 8552 9225
f 8711 8492 8939
f 8492 9105 8939
f 8557 8843 8842
f 8494 8844 8441
f 8560 7843 3802
f 8768 8497 8941
f 8941 8497 8713
f 3826 8717 8564
f 8333 8671 8943
f 8671 8672 8945
f 8851 8629 8852
f 3815 8853 8852
f 3801 8854 3813
f 8720 3819 9240
f 9240 8391 8775
f 8566 8069 8500
f 8630 9119 8445
f 9119 8726 3798
f 8951 8728 8953
f 8728 8777 8956
f 8956 8777 8958
f 8957 8857 8959
f 8961 8449 8778
f 8502 8729 8963
f 8729 8860 8964
f 8860 7952 8964
f 7955 7962 8969
f 8867 7933 8972
f 8972 7933 7932
f 8972 7932 8975
f 8974 7932 8977
f 7932 7939 8977
f 8875 7948 8882
f 8880 8861 8985
f 8860 8572 8984
f 8984 8572 8987
f 8990 8572 8779
f 8572 8885 8779
f 8572 8780 8885
f 8780 8781 9001
f 8891 8451 8892
f 8892 8896 9011
f 9013 8795 8796
f 9090 8903 8904
f 8905 8590 8907
f 9637 8798 8908
f 8908 8736 8738
f 9014 8738 8682
f 8805 8472 8803
f 8803 8472 9014
f 8472 8515 8809
f 8809 8407 8810
f 8811 8912 9015
f 8518 8741 8913
f 8742 8473 9260
f 9260 8473 8142
f 8743 8815 8914
f 8914 8606 8915
f 8608 8747 8915
f 9594 8819 8481
f 8749 8609 8918
f 8820 8432 8750
f 9019 8689 8690
f 9023 8925 9025
f 9025 8925 8827
f 8926 8828 9027
f 8822 8829 9026
f 8830 8927 9027
f 8927 8832 9028
f 8832 8834 9028
f 8834 8753 9028
f 8617 8651 9029
f 9032 8934 8703
f 8935 8936 8760
f 8936 8762 9033
f 9034 8763 8706
f 8938 8764 8766
f 8766 8838 8553
f 9225 8552 3797
f 8556 8440 8842
f 8845 8328 9038
f 8328 8495 9038
f 9039 9038 8495
f 8559 8560 3802
f 8941 8713 9040
f 8713 8848 9040
f 8849 8330 8770
f 8714 8112 8669
f 8669 8715 8942
f 8715 8049 8716
f 8772 8627 9042
f 8125 8629 8851
f 8948 8720 9240
f 8775 8391 8721
f 8566 8500 3805
f 8724 3804 9044
f 3798 8726 3799
f 8726 8776 3799
f 8727 8728 9046
f 8777 8570 9048
f 9048 8570 9121
f 9050 8570 8961
f 8570 8449 8961
f 8962 8502 9053
f 8968 8970 9061
f 8973 8976 9064
f 9064 8976 9068
f 8978 8980 9069
f 9072 8989 9073
f 8993 8883 9076
f 9074 8994 9079
f 8884 8996 9077
f 9078 8995 9080
f 8886 8998 9081
f 9079 9002 9082
f 8888 9004 9083
f 9086 9008 9010
f 9013 8796 9089
f 9140 8203 9141
f 8910 8801 9014
f 8801 8803 9014
f 9143 8810 4149
f 4149 8811 9206
f 9206 8811 9015
f 8142 8595 9260
f 9092 8597 8914
f 8747 8748 8917
f 8321 8820 8609
f 9094 8690 8920
f 8921 8648 8922
f 8648 8535 8922
f 8536 8649 8821
f 9609 9020 8612
f 8823 8924 9022
f 8696 8754 8835
f 8929 8757 9029
f 9100 9030 9104
f 9030 8933 9104
f 8932 8934 9102
f 8760 8936 9679
f 9679 8936 9033
f 9105 8556 8842
f 8557 8493 8843
f 8843 8493 9107
f 8493 8712 9107
f 8494 8328 8844
f 8495 3807 9039
f 3806 8386 3803
f 3803 8386 8940
f 8442 8559 3802
f 7843 8329 3802
f 10413 8329 8387
f 8113 8563 8670
f 8443 8771 8717
f 8565 8388 8943
f 8671 8945 9111
f 8944 8946 8772
f 9042 8627 9043
f 9043 8627 8719
f 8854 3801 3800
f 9115 3801 8948
f 8722 8723 9116
f 9116 8723 9117
f 8723 8673 9117
f 8673 8566 9118
f 9118 8566 3805
f 3804 8445 9119
f 8949 9045 3799
f 8728 8951 9046
f 8952 8954 8955
f 8957 8959 9244
f 9244 8959 9120
f 9120 8858 9049
f 8961 8778 9052
f 9051 8859 9122
f 9053 8502 8963
f 8729 8964 9124
f 9124 8964 9127
f 9133 9059 9135
f 9137 9065 9139
f 9065 9067 9139
f 9066 8989 9072
f 9072 9074 9079
f 9007 9087 9082
f 9082 9087 9012
f 9087 8894 9012
f 9012 8795 9013
f 9091 8738 9014
f 8472 8809 9142
f 9206 9015 9144
f 9016 8913 9145
f 8913 8741 9145
f 9146 8351 8742
f 3783 8915 8747
f 9017 8916 8819
f 9018 9150 8749
f 8749 9150 9151
f 8528 8482 9093
f 9093 8482 8688
f 8690 9094 9019
f 9152 9094 9154
f 9095 8921 9155
f 8922 8536 9215
f 8536 8821 9215
f 8821 8540 9156
f 8540 3795 9156
f 3795 8541 3789
f 3789 8541 8923
f 8923 9021 9161
f 9160 9096 9165
f 9163 9020 9609
f 8612 8823 9166
f 8823 9022 9166
f 9022 9024 9166
f 8827 8926 8927
f 8926 9027 8927
f 9028 8696 8835
f 8835 8620 8755
f 8617 9029 8928
f 8757 9101 9029
f 9099 9103 9172
f 9033 8938 9679
f 8842 8843 9106
f 8558 8625 8846
f 8625 8442 9174
f 8714 8669 8942
f 8716 8113 8670
f 8564 8717 9178
f 9561 8565 8943
f 8944 8772 9110
f 3800 9113 9183
f 9113 3800 9114
f 9118 3805 3785
f 3798 3799 9045
f 8952 8955 8950
f 8955 8957 9244
f 9120 9049 9051
f 9049 8960 9051
f 9185 9123 8778
f 8675 8266 9570
f 8266 8337 9570
f 8963 9128 9053
f 9195 9126 9197
f 9130 9131 9200
f 9200 9132 9136
f 9133 9135 9201
f 9079 9082 9012
f 9012 9013 9203
f 9088 8735 9204
f 9637 8908 8738
f 8910 9014 8682
f 9014 8472 9142
f 9260 8595 9209
f 8481 8749 9594
f 9594 8749 9211
f 8749 8918 9018
f 8688 8689 3792
f 9019 9094 9152
f 8921 8922 9155
f 9156 3793 3796
f 3789 8923 9159
f 9158 9162 9216
f 9609 8612 9166
f 9167 9025 9168
f 9025 8827 8927
f 8934 9032 9224
f 8760 9679 8759
f 9679 8938 9225
f 8938 8766 9225
f 8766 8553 9225
f 9105 8842 9173
f 8712 8441 9681
f 8441 8844 9681
f 9039 3807 3806
f 8942 9108 9229
f 9177 9175 9552
f 3788 9108 3786
f 9108 8942 3786
f 8717 8771 9557
f 9233 8771 9561
f 8771 8565 9561
f 8943 8671 9180
f 9180 8671 9181
f 9181 8671 9236
f 9236 8671 9238
f 9109 9110 9237
f 9110 8772 9695
f 9695 8772 9042
f 8719 9112 9182
f 8854 3800 9183
f 9115 8948 9240
f 9241 8775 8721
f 8722 9116 9242
f 3804 9119 9565
f 9565 9119 9243
f 8950 8955 9244
f 9120 9051 9184
f 9051 9122 9184
f 9570 8337 8502
f 8962 9053 9248
f 9192 9193 9198
f 9193 9196 9198
f 9253 9199 9255
f 9130 9200 9254
f 9254 9200 9072
f 9200 9136 9072
f 9136 9138 9072
f 9138 9066 9072
f 9072 9079 9711
f 9256 9079 9012
f 9256 9012 9203
f 9204 8735 9140
f 9637 9090 8904
f 9637 8738 9091
f 9142 8809 10059
f 8809 8810 10059
f 9143 4149 9206
f 9257 9145 8741
f 8276 8351 9146
f 8595 8597 9209
f 9209 8597 9092
f 9092 8914 8915
f 3783 8747 9210
f 9262 9210 9264
f 9210 8747 9264
f 8747 9148 9264
f 9264 9148 9149
f 9267 9269 9268
f 9273 9272 9271
f 9274 9272 9275
f 9275 9272 9273
f 9276 9273 9271
f 9285 9280 9281
f 9296 9281 9280
f 9285 9281 9283
f 9285 9283 9287
f 9281 9296 9290
f 9296 9279 9290
f 9291 9289 9293
f 9289 9278 9293
f 9283 9281 9292
f 9288 9289 9291
f 9278 9294 9293
f 9295 9279 9296
f 9284 9286 9297
f 9297 9286 9298
f 9286 9282 9291
f 9293 9294 9299
f 9298 9286 9301
f 9301 9286 9291
f 9297 9298 9304
f 9291 9293 9301
f 9293 9299 9306
f 9313 9310 9302
f 9314 9302 9295
f 9314 9295 9330
f 9295 9296 9330
f 9280 9285 9303
f 9285 9300 9303
f 9302 9310 9307
f 9307 9310 9315
f 9316 9309 9318
f 9313 9302 9314
f 9319 9280 9303
f 9300 9305 9303
f 9298 9301 9320
f 9360 9301 9293
f 9309 9316 9312
f 9313 9322 9317
f 9323 9316 9328
f 9328 9316 9321
f 9335 9313 9314
f 9330 9296 9325
f 9303 9305 9327
f 9360 9320 9301
f 9360 9293 9306
f 9312 9316 9277
f 9316 9323 9277
f 9329 9322 9335
f 9322 9313 9335
f 9296 9280 9325
f 9280 9319 9326
f 9277 9271 9272
f 9325 9280 9326
f 9319 9303 9331
f 9360 9306 9390
f 9306 9312 9332
f 9312 9277 9332
f 9340 9271 9334
f 9334 9271 9342
f 9277 9323 9343
f 9343 9323 9344
f 9324 9329 9345
f 9345 9329 9335
f 9330 9325 9346
f 9319 9331 9347
f 9303 9327 9348
f 9336 9298 9320
f 9350 9338 9352
f 9276 9271 9338
f 9338 9271 9340
f 9271 9277 9342
f 9342 9277 9343
f 9356 9345 9373
f 9373 9345 9335
f 9381 9335 9314
f 9326 9319 9357
f 9357 9319 9347
f 9336 9320 9358
f 9277 9272 9332
f 9361 9273 9276
f 9363 9349 9365
f 9276 9338 9364
f 9365 9339 9351
f 9351 9353 9365
f 9352 9338 9366
f 9338 9340 9366
f 9366 9340 9368
f 9340 9334 9370
f 9371 9341 9355
f 9342 9343 9372
f 9381 9314 9330
f 9325 9326 9374
f 9326 9357 9374
f 9348 9327 9359
f 9391 9332 9272
f 9361 9276 9362
f 9365 9353 9378
f 9352 9366 9377
f 9380 9369 9371
f 9369 9354 9371
f 9355 9373 9371
f 9346 9325 9374
f 9303 9348 9388
f 9275 9270 9375
f 9275 9273 9376
f 9386 9361 9362
f 9366 9379 9377
f 9367 9369 9380
f 9371 9373 9380
f 9381 9330 9346
f 9331 9303 9388
f 9389 9358 9382
f 9358 9320 9382
f 9400 9384 9320
f 9391 9272 9274
f 9274 9275 9375
f 9270 9275 9385
f 9385 9275 9376
f 9376 9273 9361
f 9387 9363 9365
f 9365 9378 9405
f 9346 9374 9399
f 9399 9374 9357
f 9347 9331 9392
f 9348 9383 9394
f 9394 9383 9395
f 9382 9320 9384
f 9401 9320 9360
f 9306 9332 9390
f 9270 9385 9396
f 9387 9365 9397
f 9378 9380 9405
f 9380 9373 9335
f 9381 9346 9398
f 9331 9388 9427
f 9401 9400 9320
f 9401 9360 9390
f 9332 9391 9390
f 9415 9391 9274
f 9361 9386 9402
f 9402 9386 9404
f 9399 9357 9407
f 9357 9347 9392
f 9392 9331 9408
f 9403 9397 9420
f 9397 9365 9426
f 9426 9365 9405
f 9405 9380 9406
f 9380 9335 9406
f 9406 9335 9381
f 9398 9346 9399
f 9331 9427 9421
f 9348 9394 9388
f 9388 9394 9410
f 9411 9384 9413
f 9384 9400 9413
f 9267 9400 9401
f 9361 9402 9419
f 9357 9392 9438
f 9408 9331 9421
f 9393 9384 9409
f 9409 9384 9422
f 9267 9268 9400
f 9269 9414 9268
f 9415 9274 9375
f 9376 9361 9416
f 9417 9418 9437
f 9418 9420 9437
f 9420 9397 9426
f 9406 9381 9398
f 9407 9357 9438
f 9410 9423 9388
f 9428 9422 9411
f 9422 9384 9411
f 9388 9412 9429
f 9268 9414 9424
f 9430 9432 9425
f 9432 9385 9425
f 9385 9376 9425
f 9425 9376 9434
f 9376 9416 9434
f 9434 9416 9436
f 9437 9420 9426
f 9400 9268 9413
f 9414 9269 9440
f 9538 9269 9267
f 9267 9401 9390
f 9375 9270 9441
f 9442 9441 9270
f 9444 9396 9385
f 9446 9433 9447
f 9425 9434 9449
f 9435 9437 9448
f 9398 9399 9473
f 9399 9407 9473
f 9388 9429 9427
f 9427 9429 9491
f 9411 9413 9439
f 9450 9413 9452
f 9413 9268 9452
f 9483 9269 9538
f 9415 9375 9466
f 9466 9375 9516
f 9441 9442 9443
f 9457 9455 9385
f 9459 9446 9500
f 9500 9446 9447
f 9431 9448 9447
f 9448 9437 9426
f 9405 9406 9490
f 9439 9413 9460
f 9454 9268 9464
f 9268 9424 9464
f 9441 9443 9266
f 9467 9385 9455
f 9456 9458 9469
f 9457 9385 9470
f 9385 9432 9470
f 9432 9445 9470
f 9471 9446 9459
f 9447 9448 9500
f 9448 9426 9500
f 9426 9405 9489
f 9474 9392 9408
f 9475 9421 9491
f 9421 9427 9491
f 9491 9429 9476
f 9429 9461 9476
f 9462 9413 9450
f 9451 9453 9477
f 9478 9452 9454
f 9452 9268 9454
f 9464 9424 9481
f 9483 9440 9269
f 9267 9390 9538
f 9391 9415 9484
f 9270 9396 9442
f 9469 9458 9459
f 9457 9470 9488
f 9489 9405 9490
f 9490 9406 9398
f 9473 9438 9522
f 9392 9474 9438
f 9408 9421 9475
f 9476 9451 9477
f 9453 9479 9477
f 9463 9465 9480
f 9464 9481 9492
f 9424 9482 9481
f 9481 9482 9495
f 9390 9391 9484
f 9441 9266 9498
f 9266 9265 9498
f 9467 9455 9485
f 9485 9455 9486
f 9486 9455 9468
f 9487 9469 9500
f 9459 9500 9469
f 9476 9477 9491
f 9477 9479 9480
f 9479 9463 9480
f 9502 9464 9492
f 9495 9482 9503
f 9505 9482 9424
f 9375 9441 9516
f 9507 9385 9467
f 9467 9485 9508
f 9485 9486 9509
f 9510 9487 9500
f 9500 9426 9489
f 9398 9473 9490
f 9491 9477 9501
f 9477 9480 9513
f 9480 9493 9515
f 9492 9481 9514
f 9494 9496 9515
f 9496 9504 9515
f 9516 9441 9498
f 9507 9444 9385
f 9517 9467 9508
f 9519 9518 9521
f 9508 9485 9520
f 9499 9510 9521
f 9510 9500 9521
f 9490 9473 9535
f 9522 9438 9474
f 9408 9475 9512
f 9491 9501 9475
f 9504 9497 9524
f 9497 9506 9524
f 9440 9483 9537
f 9390 9484 9538
f 9466 9516 9525
f 9517 9508 9528
f 9519 9521 9500
f 9529 9500 9489
f 9477 9513 9501
f 9480 9515 9513
f 9515 9504 9513
f 9523 9505 9530
f 9505 9424 9530
f 9526 9266 9443
f 9467 9517 9534
f 9527 9519 9598
f 9598 9519 10013
f 9519 9500 10013
f 9513 9504 9536
f 9537 9483 9538
f 9596 9150 9212
f 8609 8820 8918
f 8750 8528 9541
f 8528 9093 9541
f 9093 8688 3792
f 3792 8689 9213
f 9213 8689 9019
f 9214 9153 8922
f 9153 9155 8922
f 3796 8821 9156
f 3793 3791 9542
f 3790 3791 3793
f 9543 9163 9609
f 9544 9609 9166
f 8928 9029 9171
f 9029 9101 9171
f 9547 9169 9549
f 9102 8934 9550
f 8623 8711 3797
f 8842 9106 9173
f 9106 8843 9107
f 8844 8328 9226
f 9551 8558 8846
f 9174 8442 3802
f 3802 8329 9615
f 9228 9041 8849
f 8770 8007 8714
f 8714 8942 9229
f 9177 3787 9553
f 9554 3788 3786
f 8715 8716 9231
f 8850 8564 9556
f 9556 8564 9178
f 9178 8717 9557
f 9558 9179 9232
f 9237 9110 9695
f 9043 8719 9182
f 8851 8852 8853
f 3800 9115 9114
f 9115 3800 3801
f 8721 8722 10049
f 9700 3785 8724
f 9243 9119 3798
f 3798 9045 9566
f 9045 8950 9244
f 9185 8778 8675
f 9571 8502 8962
f 9247 9188 9575
f 9575 9188 9577
f 9576 9187 9580
f 9578 9190 9581
f 9191 9252 9581
f 9252 9254 9581
f 9711 9079 9256
f 9204 9140 9582
f 10059 8810 9205
f 9585 8810 9143
f 9143 9206 9590
f 8741 8813 9259
f 8742 9260 9208
f 9210 9262 9593
f 9262 9264 9595
f 9263 8819 9594
f 9151 9150 9596
f 9596 9532 9533
f 9532 9265 9533
f 9533 9265 9266
f 10013 9500 9529
f 9535 9473 9522
f 9475 9501 9512
f 9599 9501 9513
f 9504 9524 9536
f 9524 9531 9601
f 9530 9424 9600
f 9424 9414 9654
f 9415 9466 9484
f 9498 9265 9539
f 9265 9532 9539
f 8918 8820 9540
f 8820 8750 9541
f 3796 3793 9542
f 3793 3795 3790
f 3789 9159 10020
f 9159 9218 9603
f 9220 9221 9604
f 9605 9222 9608
f 9544 9166 9545
f 9168 9025 9611
f 9025 9223 10025
f 9025 8927 9223
f 3797 8711 9613
f 9226 8328 8845
f 9038 9039 3806
f 9227 8940 8558
f 9228 8849 9616
f 8849 8770 9684
f 9177 9553 9175
f 9619 9553 9555
f 9559 9557 8771
f 9620 8943 9562
f 8943 9180 9562
f 9180 9181 9622
f 9622 9181 9623
f 9235 9237 9234
f 9234 9237 9695
f 9695 9042 10045
f 9698 9113 9563
f 9113 9114 9563
f 8724 9564 9700
f 9044 3804 9565
f 9045 9244 9566
f 9567 9244 9568
f 9244 9120 9702
f 9185 8675 9628
f 8675 9570 9569
f 8962 9248 9631
f 9630 9572 9634
f 9251 9578 9635
f 9202 9204 9582
f 9584 8797 9638
f 9637 8904 8906
f 9205 8810 3784
f 8810 9585 3784
f 9585 9143 9640
f 9586 9587 9639
f 9143 9590 9588
f 9259 8813 9642
f 4114 9767 8813
f 9767 4114 8276
f 9442 9396 9443
f 9597 9507 9467
f 9467 9534 9650
f 10014 9529 9490
f 9529 9489 9490
f 9501 9599 9512
f 9536 9524 9601
f 9414 9440 9654
f 9541 9093 9655
f 9656 3792 9213
f 9213 9019 9658
f 9159 9603 9660
f 9660 9603 9662
f 9602 9606 9661
f 9544 9545 9665
f 9545 9610 9665
f 10026 9223 8927
f 8755 8928 10119
f 10119 8928 9667
f 8928 9668 9667
f 9032 8703 9678
f 8703 8759 9678
f 9225 3797 9680
f 8939 9105 9614
f 9038 3806 3803
f 3777 8625 9174
f 8387 8768 9682
f 9616 8849 9684
f 8714 9229 9176
f 9617 9230 9686
f 9175 9553 9618
f 3786 8942 9687
f 9687 8942 9688
f 8716 8670 9689
f 8670 8850 9689
f 9561 8943 9620
f 9693 9180 9622
f 9621 9624 9694
f 9042 9043 10298
f 9043 9626 10298
f 9696 8718 8947
f 8851 8853 9697
f 8853 3815 8854
f 9183 9113 9698
f 8775 9241 9240
f 9240 9241 9699
f 9241 8721 10049
f 9564 8724 9701
f 8724 9044 9701
f 9120 9184 9702
f 9702 9184 9627
f 9628 8675 9569
f 9707 8962 9631
f 9629 9633 9709
f 9710 9250 9635
f 9635 9578 9581
f 9254 9072 9711
f 9256 9636 9711
f 9205 3784 3781
f 3782 3781 3784
f 3781 9713 9714
f 3781 3782 9713
f 9639 9587 9995
f 9722 9590 9206
f 9206 9258 9641
f 9507 9726 9732
f 9735 9739 9740
f 9739 8813 9740
f 9740 8813 9767
f 8276 9146 9767
f 9260 9209 9591
f 9092 8915 9753
f 3783 9210 9643
f 9643 9210 9746
f 9644 9592 9745
f 9745 9592 9754
f 9592 9261 9754
f 9645 9151 9596
f 9266 9526 9533
f 9444 9507 9646
f 9507 9732 9747
f 9749 9733 9751
f 9208 9260 9146
f 9209 9092 9591
f 9591 9092 9753
f 9742 9744 9755
f 9743 9745 9754
f 9261 9594 9754
f 9594 9211 9754
f 9443 9396 9444
f 9758 9646 9762
f 9646 9507 9762
f 9766 9740 9767
f 9752 9260 9591
f 9789 8915 3783
f 9768 9741 9754
f 8749 9151 9211
f 9533 9645 9596
f 9443 9444 9526
f 9756 9761 9774
f 9146 9260 9752
f 8915 9789 9753
f 3783 9643 9775
f 9775 9643 9811
f 9768 9754 9211
f 9776 9526 9444
f 9646 9758 9777
f 9777 9771 9781
f 9759 9772 9784
f 9784 9772 9787
f 9765 9767 9773
f 3783 9775 9790
f 9778 9783 9795
f 9797 9793 9801
f 9794 9782 9802
f 9803 9786 9806
f 9785 9788 9807
f 9773 9767 9808
f 9753 9789 9591
f 9646 9777 9813
f 9792 9796 9812
f 9796 9798 9812
f 9808 9767 9804
f 9767 9146 9752
f 9591 9789 9809
f 9790 9775 9789
f 9775 9811 9814
f 9768 9211 9821
f 9211 9151 9821
f 9821 9151 9645
f 9533 9526 9645
f 9776 9444 9646
f 9646 9813 9815
f 9800 9805 9817
f 9804 9767 9817
f 9789 9775 9818
f 9822 9816 9826
f 9800 9817 9828
f 9828 9817 9829
f 9831 9820 9833
f 9819 9810 9832
f 9813 9835 9815
f 9839 9824 9827
f 9591 9809 9752
f 9842 9789 9843
f 9789 9818 9843
f 9645 9526 9776
f 9646 9815 9850
f 9856 9841 9829
f 9840 9828 9829
f 9817 9767 9829
f 9767 9752 9829
f 9857 9848 9821
f 9852 9855 9860
f 9844 9847 9863
f 9863 9847 9864
f 9849 9858 9866
f 9859 9854 9870
f 9829 9752 9861
f 9809 9789 9873
f 9789 9842 9873
f 9865 9857 9876
f 9857 9821 9878
f 9776 9646 9850
f 9871 9856 9861
f 9856 9829 9861
f 9752 9809 9861
f 9809 9873 9872
f 9883 9875 9885
f 9867 9877 9889
f 9857 9878 9876
f 9821 9645 9878
f 9645 9776 9878
f 9859 9870 9894
f 9893 9871 9861
f 9872 9873 9882
f 9882 9873 9897
f 9884 9886 9895
f 9888 9876 9899
f 9899 9876 9948
f 9876 9878 9948
f 9878 9776 9850
f 9904 9880 9906
f 9882 9897 9912
f 9910 9896 9915
f 9898 9887 9913
f 9913 9887 9917
f 9878 9850 9936
f 9850 9902 9936
f 9892 9861 9907
f 9861 9809 9907
f 9907 9809 9909
f 9809 9872 9909
f 9911 9914 9922
f 9925 9936 9901
f 9872 9882 9926
f 9928 9920 9931
f 9919 9923 9930
f 9921 9916 9929
f 9935 9899 9948
f 9948 9878 9936
f 9903 9907 9909
f 9909 9872 9926
f 9926 9882 9938
f 9924 9934 9940
f 9936 9925 9941
f 9943 9927 9946
f 9927 9932 9946
f 9939 9933 9945
f 9935 9948 9947
f 9942 9937 9950
f 9951 9918 9952
f 9958 9944 9962
f 9948 9936 9963
f 10199 9936 9964
f 9936 9941 9964
f 9964 9941 9949
f 9909 9926 9953
f 9967 9954 9969
f 9971 9955 9974
f 9973 9956 9977
f 9959 9947 9979
f 9947 9948 9979
f 9963 9936 10199
f 9982 9965 9985
f 9966 9909 9989
f 9989 9909 9953
f 9717 9718 9991
f 9994 9639 10215
f 10215 9639 9995
f 9995 9587 9721
f 9587 9589 9721
f 9722 9206 9997
f 9206 9641 9997
f 9726 9507 9597
f 10005 9597 10008
f 9597 9467 10008
f 10008 9467 10010
f 10015 10830 9535
f 10015 9535 9522
f 9474 9408 10831
f 9513 9536 9652
f 9424 9654 9600
f 9466 9525 10016
f 9532 9596 9212
f 10018 9657 9659
f 9659 9214 8922
f 3790 3795 10019
f 10020 9159 9660
f 10025 9666 9611
f 9611 9025 10025
f 10026 8927 8835
f 8927 9028 8835
f 9668 8928 9171
f 9171 9548 10027
f 9672 9676 10028
f 9107 8712 9681
f 9681 8844 9226
f 10126 9038 3803
f 8625 3777 8846
f 9174 3802 9615
f 8941 9683 8768
f 8770 8714 9176
f 9176 9230 9617
f 9618 9553 9685
f 10038 9619 10039
f 9619 9555 10039
f 9231 8716 9689
f 9689 8850 9556
f 10041 9557 9559
f 9558 9232 10148
f 9232 9560 10042
f 10043 9561 9620
f 9621 9694 9692
f 9625 9624 9695
f 9624 9234 9695
f 9182 9112 10047
f 10048 9239 9183
f 9114 9115 9240
f 9699 9241 10049
f 9242 9116 10050
f 10050 9116 9117
f 3798 9566 9243
f 9243 9566 10758
f 9244 9567 9566
f 9244 9702 9568
f 9703 9628 9705
f 10052 9705 9569
f 9705 9628 9569
f 9569 9570 10053
f 9571 8962 9708
f 9581 9254 9711
f 9141 8797 10178
f 10178 8797 9584
f 3781 9714 10060
f 9714 9715 10060
f 9715 9714 10063
f 9716 9968 10062
f 9968 9970 10064
f 10064 9970 9975
f 10065 9972 10068
f 9972 9976 10068
f 10069 9959 9979
f 9948 9963 9980
f 10071 9983 10073
f 9988 9967 9987
f 9967 9969 9987
f 9970 9968 10077
f 10078 9968 10083
f 9968 9716 10083
f 9716 9990 10083
f 10084 9991 10085
f 10085 9991 9719
f 9991 9718 9719
f 9720 9992 9719
f 3784 9585 9993
f 9994 10215 9992
f 9995 9721 10088
f 9721 9996 10088
f 9997 9641 10090
f 9641 9724 10090
f 10089 9725 10091
f 9998 10001 10097
f 10004 9649 10094
f 10008 10010 10100
f 10010 9467 10011
f 10011 9467 10102
f 9467 9650 10102
f 10101 9651 10013
f 9651 9598 10013
f 10013 9529 10014
f 10831 9408 9512
f 9484 9466 10016
f 9516 9498 9525
f 9150 9018 8918
f 3792 3780 9093
f 9213 10017 9656
f 10105 9656 10107
f 9656 10017 10107
f 10108 10018 9659
f 9659 8922 9215
f 8821 3796 9215
f 10020 9660 10111
f 9660 9663 10111
f 10112 10021 10116
f 9544 9665 10117
f 3510 9223 10026
f 8835 8755 10026
f 10029 9675 10121
f 10120 9673 9677
f 9550 8934 10030
f 10030 8934 9224
f 10123 10858 10410
f 9679 9225 10125
f 9613 8711 8939
f 9614 9105 9173
f 9227 8558 9551
f 9615 8329 10413
f 10127 8768 10129
f 10033 9616 9684
f 10133 10035 10138
f 10146 10142 10034
f 9685 9553 10292
f 9688 8942 10040
f 8942 8715 10040
f 9232 10042 10148
f 10148 10042 9690
f 9620 9562 10151
f 9562 9180 10153
f 9180 9693 10154
f 9624 9625 9694
f 9043 9182 9626
f 9112 8719 9696
f 8718 9696 8719
f 9696 8947 3775
f 3775 8947 8851
f 8853 8854 9697
f 9697 10157 10156
f 9183 9239 10158
f 10048 9183 9698
f 8673 10050 9117
f 8673 9118 10050
f 9118 3785 9700
f 9701 9044 9565
f 9702 9704 10051
f 8502 9571 10163
f 10168 9571 10054
f 9571 9706 10054
f 10055 10056 10170
f 10170 9710 9635
f 9711 9636 10057
f 10058 9582 9140
f 10172 10058 9140
f 10176 9141 10178
f 10178 9584 10180
f 10179 9583 9637
f 10181 10061 10062
f 10062 9968 10185
f 10186 9968 10190
f 9968 10064 10190
f 10064 9975 10191
f 10187 10067 10195
f 10066 10070 10194
f 10199 9964 10202
f 10201 10072 10206
f 10072 10074 10206
f 9986 10076 10207
f 10203 10075 10079
f 10084 10085 10082
f 9719 9992 10211
f 9995 10088 10221
f 10221 10088 10223
f 9723 9999 10226
f 9512 9599 10229
f 10103 9536 10231
f 9653 9600 10230
f 10230 9600 9654
f 9540 8820 9655
f 9655 8820 9541
f 10233 3780 10234
f 3780 3792 9656
f 9656 10105 10236
f 10106 10108 9215
f 10108 9659 9215
f 9215 3796 10109
f 3796 9542 10109
f 9542 3791 10239
f 10240 10020 10243
f 10020 10111 10244
f 10110 10113 10245
f 9543 9609 10246
f 9609 9544 10247
f 9666 10025 10118
f 10029 10121 10250
f 10120 9677 10255
f 9224 10122 10857
f 10122 9224 10256
f 10256 9224 10858
f 9224 9032 10858
f 10123 3773 3774
f 10410 9032 10258
f 9032 9678 10258
f 10261 8939 9614
f 9106 9107 10262
f 9227 3803 8940
f 10264 8768 10127
f 10128 9684 10266
f 10133 10269 10035
f 10274 10271 10278
f 10270 10134 10282
f 10132 10135 10280
f 10281 10136 10283
f 10137 10140 10284
f 10034 10037 10146
f 10146 10037 10293
f 9617 9686 10294
f 10916 9553 9619
f 8715 9231 10040
f 9559 10149 10297
f 10152 9691 9625
f 9691 9694 9625
f 9697 8854 10157
f 8854 9183 10158
f 10158 9239 10302
f 10304 10302 9239
f 10048 9698 3534
f 3534 9698 10755
f 9563 3776 9698
f 9563 9114 3776
f 9240 9699 9114
f 10049 8722 9242
f 3772 9567 9568
f 9568 10051 10161
f 10052 9569 10162
f 9570 8502 10163
f 9571 10168 10167
f 10308 10169 10170
f 10169 10055 10170
f 10170 9635 10767
f 10058 10172 10171
f 10174 9141 10176
f 10176 10178 10311
f 10310 10177 10179
f 10310 9637 9091
f 10181 10062 10314
f 10062 10185 10314
f 10184 10188 10320
f 10189 10196 10325
f 10324 10192 10327
f 10193 9978 10328
f 10200 10205 10333
f 10332 10204 10337
f 10338 10210 10340
f 10339 10085 10342
f 10347 10344 10348
f 10344 9719 10348
f 9992 10215 10353
f 10356 10214 10358
f 10214 10086 10358
f 10218 10222 10227
f 10099 10009 10360
f 10009 10012 10013
f 10012 10101 10013
f 10228 10014 9535
f 10014 9490 9535
f 9599 9513 12678
f 9513 9652 12678
f 9537 9538 3771
f 9150 8918 9540
f 10234 3780 10235
f 3780 9656 10235
f 10363 10364 9656
f 10366 9215 10109
f 3795 3789 10019
f 10019 3789 10842
f 10842 3789 10020
f 10373 10372 10367
f 10385 10380 10389
f 10379 10241 10387
f 10242 10114 10391
f 9543 10246 10390
f 10392 3510 10026
f 9667 9668 10393
f 9171 10027 9668
f 9668 10027 10395
f 10397 10251 10400
f 10030 9224 10857
f 3757 3763 10405
f 3733 3745 10406
f 3745 3767 10406
f 3684 3724 3748
f 3724 3749 3748
f 3724 3741 3749
f 10407 3769 3770
f 3769 3754 3770
f 3770 3715 3535
f 3716 3543 10409
f 3543 3774 10409
f 9678 8759 9679
f 9225 9680 10125
f 9680 3797 9613
f 10412 9173 9106
f 9107 9681 10262
f 11396 9226 8845
f 10264 10127 10265
f 9176 9617 8770
f 8770 9617 10415
f 9617 10036 10415
f 10036 10131 10415
f 10130 10272 10416
f 10415 10273 10419
f 10275 3541 10417
f 3541 3539 10417
f 3540 3542 10423
f 10432 10431 10430
f 10430 10431 10433
f 10431 10436 10434
f 10441 10440 10436
f 10442 10434 10444
f 10443 10437 10445
f 10445 10438 10446
f 10436 10440 10447
f 10446 10439 10448
f 10440 10441 10449
f 10436 10431 10441
f 10431 10434 10450
f 10431 10432 10441
f 10431 10450 10433
f 10434 10442 10450
f 10446 10448 10451
f 10451 10448 10452
f 10443 10445 10455
f 10455 10445 10456
f 10445 10446 10458
f 10458 10446 10451
f 10441 10432 10453
f 10432 10430 10459
f 10456 10445 10458
f 10459 10430 10461
f 10430 10433 10460
f 10453 10432 10463
f 10462 10433 10450
f 10463 10432 10459
f 10450 10442 10454
f 10454 10457 10468
f 10451 10452 10469
f 10460 10433 10471
f 10471 10433 10462
f 10472 10451 10469
f 10469 10452 10473
f 10453 10463 10475
f 10459 10465 10463
f 10476 10461 10430
f 10467 10456 10477
f 10456 10458 10478
f 10458 10451 10479
f 10474 10453 10481
f 10453 10475 10481
f 10430 10460 10486
f 10490 10450 10454
f 10474 10481 10483
f 10482 10480 10484
f 10484 10480 10485
f 10476 10430 10486
f 10454 10468 10488
f 10458 10479 10478
f 10469 10473 10482
f 10461 10476 10463
f 10463 10476 10489
f 10477 10487 10467
f 10478 10477 10456
f 10479 10451 10472
f 10462 10450 10490
f 10490 10454 10492
f 10492 10454 10488
f 10472 10469 10493
f 10495 10471 10462
f 10487 10477 10491
f 10493 10469 10497
f 10469 10482 10497
f 10476 10514 10489
f 10471 10495 10500
f 10496 10479 10472
f 10482 10484 10497
f 10484 10498 10497
f 10490 10492 10502
f 10501 10491 10477
f 10503 10478 10479
f 10463 10489 10475
f 10486 10460 10506
f 10460 10471 10506
f 10507 10490 10502
f 10477 10478 10503
f 10508 10472 10493
f 10497 10498 10509
f 10499 10494 10510
f 10494 10505 10510
f 10475 10489 10511
f 10506 10471 10500
f 10523 10462 10490
f 10503 10479 10512
f 10512 10479 10496
f 10496 10472 10527
f 10472 10508 10527
f 10513 10494 10475
f 10539 10477 10503
f 10493 10497 10508
f 10497 10509 10517
f 10509 10504 10517
f 10518 10505 10520
f 10505 10494 10520
f 10494 10513 10520
f 10475 10511 10513
f 10489 10514 10522
f 10495 10462 10523
f 10490 10507 10524
f 10524 10507 10526
f 10515 10501 10525
f 10525 10501 10477
f 10503 10512 10533
f 10512 10496 10527
f 10497 10517 10528
f 10528 10517 10519
f 10530 10513 10511
f 10511 10489 10522
f 10514 10476 10486
f 10539 10503 10531
f 10508 10497 10541
f 10520 10513 10529
f 10528 10521 10534
f 10513 10530 10535
f 10524 10526 10538
f 10537 10525 10477
f 10533 10540 10539
f 10545 10536 10495
f 10539 10540 10546
f 10540 10533 10547
f 10539 10531 10533
f 10533 10512 10546
f 10508 10541 10601
f 10497 10528 10541
f 10534 10542 10541
f 10541 10542 10548
f 10549 10530 10550
f 10530 10511 10550
f 10511 10522 10555
f 10495 10536 10557
f 10536 10428 10557
f 10427 10426 10558
f 10427 10544 10426
f 10429 10536 10545
f 10495 10523 10560
f 10523 10490 10524
f 10537 10477 10561
f 10561 10477 10539
f 10547 10533 10546
f 10528 10534 10541
f 10548 10543 10551
f 10511 10554 10552
f 10551 10553 10563
f 10511 10555 10554
f 10554 10555 10564
f 10662 10522 10514
f 10577 10495 10566
f 10495 10557 10566
f 10556 10427 10565
f 10567 10558 10559
f 10558 10426 10559
f 10545 10495 10560
f 10512 10527 10571
f 10541 10548 10551
f 10575 10555 10576
f 10555 10522 10662
f 10579 10427 10558
f 10581 10567 10559
f 10524 10560 10523
f 10524 10538 10562
f 10582 10561 10539
f 10527 10508 10572
f 10541 10551 10586
f 10551 10563 10586
f 10586 10563 10587
f 10563 10573 10587
f 10573 10574 10587
f 10578 10565 10579
f 10565 10427 10579
f 10580 10581 10569
f 10581 10559 10569
f 10580 10569 10594
f 10595 10560 10524
f 10524 10562 10600
f 10599 10561 10582
f 10546 10512 10585
f 10512 10571 10585
f 10572 10508 10601
f 10601 10541 10586
f 10587 10574 10603
f 10662 10514 10604
f 10604 10514 10605
f 10514 10486 10605
f 10605 10486 10606
f 10607 10486 10506
f 10500 10495 10589
f 10589 10495 10590
f 10593 10580 10594
f 10595 10524 10596
f 10597 10596 10524
f 10598 10524 10600
f 10571 10527 10572
f 10586 10587 10602
f 10612 10576 10614
f 10606 10486 10588
f 10588 10486 10607
f 10607 10506 10500
f 10495 10577 10590
f 10577 10608 10590
f 10591 10579 10616
f 10567 10580 10558
f 10618 10597 10619
f 10597 10524 10619
f 10598 10600 10611
f 10602 10587 10613
f 10623 10576 10555
f 10607 10500 10589
f 10624 10590 10615
f 10627 10558 10626
f 10593 10609 10610
f 10618 10619 10629
f 10524 10598 10619
f 10619 10598 10633
f 10632 10620 10582
f 10634 10539 10546
f 10635 10546 10583
f 10586 10602 10636
f 10636 10602 10621
f 10602 10613 10638
f 10614 10576 10623
f 10589 10590 10624
f 10641 10625 10642
f 10626 10644 10643
f 10668 10580 10593
f 10593 10617 10668
f 10593 10610 10617
f 10617 10630 10657
f 10629 10619 10647
f 10631 10632 10630
f 10582 10539 10632
f 10539 10634 10632
f 10583 10585 10635
f 10571 10572 10648
f 10572 10601 10649
f 10601 10586 10636
f 10650 10636 10621
f 10621 10637 10652
f 10637 10602 10652
f 10602 10638 10652
f 10652 10638 10654
f 10639 10614 10655
f 10614 10623 10655
f 10643 10644 10627
f 10626 10558 10646
f 10558 10580 10646
f 10668 10617 10657
f 10634 10546 10635
f 10635 10585 10571
f 10601 10636 10649
f 10621 10652 10658
f 10658 10652 10660
f 10653 10655 10661
f 10661 10655 10623
f 10607 10589 10640
f 10616 10682 10642
f 10616 10579 10682
f 10579 10558 10682
f 10558 10627 10682
f 10646 10580 10668
f 10657 10630 10669
f 10669 10630 10632
f 10648 10572 10649
f 10659 10661 10672
f 10661 10623 10672
f 10665 10605 10606
f 10641 10642 10682
f 10682 10627 10673
f 10644 10626 10646
f 10632 10634 10669
f 10621 10658 10678
f 10659 10672 10679
f 10555 10662 10623
f 10606 10607 10665
f 10607 10640 10680
f 10644 10674 10696
f 10674 10644 10683
f 10684 10644 10646
f 10634 10635 10685
f 10649 10636 10686
f 10621 10678 10687
f 10678 10671 10687
f 10688 10672 10690
f 10672 10623 10690
f 10607 10680 10716
f 10681 10641 10682
f 10683 10644 10684
f 10675 10646 10668
f 10657 10669 10721
f 10635 10571 10887
f 10649 10686 10677
f 10686 10636 10650
f 10621 10687 10698
f 10687 10689 10698
f 10690 10623 10699
f 10699 10623 10692
f 10623 10662 10700
f 10604 10605 10666
f 10607 10716 10703
f 10716 10680 10704
f 10681 10682 10705
f 10705 10682 10706
f 10673 10627 10694
f 10627 10644 10694
f 10684 10646 10675
f 10668 10657 10708
f 10721 10669 10697
f 10669 10634 10685
f 10662 10693 10700
f 10693 10662 10710
f 10712 10662 10701
f 10701 10662 10714
f 10714 10662 10715
f 10662 10604 10715
f 10715 10604 10702
f 10644 10696 10694
f 10425 10707 10683
f 10675 10668 10708
f 10720 10657 10721
f 10648 10677 10686
f 10698 10691 10621
f 10621 10691 10723
f 10662 10712 10710
f 10725 10724 10713
f 10724 10711 10713
f 10890 10713 10726
f 10702 10604 10727
f 10727 10604 10666
f 10665 10607 10703
f 10706 10682 10729
f 10729 10682 10730
f 10730 10682 10673
f 10673 10694 10732
f 10696 10674 10718
f 10718 10674 10738
f 10683 10707 10674
f 10707 10425 10739
f 10423 3542 10743
f 10279 10286 10742
f 10741 10285 10744
f 10288 10289 10744
f 10146 10293 10745
f 10292 9553 10916
f 10916 9619 3529
f 10040 9231 10147
f 9689 10295 9231
f 10747 10041 3538
f 10041 9559 3538
f 9559 10297 3538
f 10148 9690 10296
f 10044 10152 10150
f 10152 9625 10150
f 3512 9625 10750
f 9625 10155 10750
f 10751 10298 9626
f 9626 9182 10299
f 10299 9182 10047
f 8851 9697 3775
f 8854 10158 10157
f 10158 10302 10303
f 9698 3776 10755
f 3776 10159 10755
f 3776 10160 10159
f 10160 3776 9699
f 9699 3776 9114
f 9118 9700 10050
f 9700 9564 11487
f 3532 9701 9565
f 9566 9567 3530
f 9702 10051 9568
f 10762 10163 9571
f 10306 10307 10766
f 10765 10165 10767
f 10166 10309 10768
f 10767 10308 10170
f 9711 10057 10769
f 9140 9141 10171
f 9141 10771 10171
f 10771 9141 10173
f 10174 10173 9141
f 10179 9637 10310
f 9014 9142 10772
f 9142 10059 9712
f 9205 3781 10059
f 10773 10060 10775
f 10775 10060 9715
f 9715 10182 10775
f 10181 10314 10779
f 10312 10316 10786
f 10315 10183 10319
f 10788 10322 10790
f 10323 10326 10791
f 10794 10329 10795
f 10796 10330 10797
f 10798 10197 10800
f 10198 10202 10801
f 10801 10202 10804
f 10331 10336 10803
f 10802 10335 10806
f 10334 10341 10805
f 10342 10085 10344
f 10085 9719 10344
f 10348 9719 10815
f 10815 9719 10819
f 10819 9719 10823
f 10824 9719 10211
f 9992 10352 10211
f 10825 10349 10827
f 10828 10350 10829
f 10350 10355 10829
f 10829 10354 10359
f 10354 10219 10359
f 10832 9537 10833
f 9525 9498 10016
f 10016 9498 11350
f 11350 9498 9539
f 9212 9150 10104
f 9150 9540 10104
f 9093 3780 9655
f 10835 10233 10234
f 10364 10235 9656
f 10237 10106 10366
f 10106 9215 10366
f 10844 10369 10847
f 10849 10370 10851
f 10374 10377 10382
f 10378 10381 10386
f 10852 10248 10853
f 10853 10248 10118
f 10026 8755 10119
f 9668 10395 10855
f 10401 10030 10857
f 10858 10123 3774
f 3678 3545 11533
f 3744 3697 11695
f 3764 3759 10861
f 3706 3651 3732
f 10862 3766 10863
f 10863 3766 10865
f 3766 3748 10865
f 3716 10409 3755
f 10870 3773 10410
f 10260 9613 10261
f 9613 8939 10261
f 11396 9681 9226
f 8845 9038 11544
f 8846 3777 9551
f 10263 11855 3777
f 3777 9174 10872
f 10872 9174 9615
f 8768 10264 10873
f 11052 8770 10415
f 10415 10419 10876
f 10418 10420 10874
f 10875 10421 10882
f 10885 3540 10423
f 10425 10683 10719
f 10719 10683 10684
f 10708 10657 10720
f 10571 10648 10686
f 10621 10723 10888
f 10889 10709 10692
f 10725 10713 10890
f 10890 10726 10891
f 11064 10891 10893
f 10892 10714 10715
f 10706 10729 10898
f 10898 10729 10900
f 10903 10673 10731
f 10694 10696 10906
f 10905 10733 10734
f 10696 10718 10735
f 10734 10736 10737
f 10425 10423 10909
f 10424 10741 10908
f 10908 10741 10744
f 10145 10291 10910
f 10146 10745 10912
f 10915 10292 10916
f 10041 9556 9178
f 10746 3537 10749
f 3537 10748 10749
f 10748 3537 9690
f 3537 10296 9690
f 9042 10298 10045
f 10752 10299 10047
f 9697 10156 10753
f 10754 10157 3536
f 10157 10158 3536
f 3536 10158 10303
f 10303 10918 10301
f 10303 10302 10918
f 10304 9239 10048
f 10919 3534 10755
f 10159 3533 10755
f 1473 9699 10049
f 3532 9565 3531
f 3531 9565 9243
f 3530 9567 3772
f 9569 10053 10761
f 10053 9570 10922
f 10305 10765 10763
f 9581 9711 9635
f 10770 10058 11336
f 11336 10058 10924
f 10924 10058 10171
f 10777 10313 10932
f 10313 10782 10932
f 10931 10781 10934
f 10780 10785 10936
f 10784 10787 10935
f 10937 10789 10938
f 10789 10792 10938
f 10799 10808 10939
f 10343 10346 10940
f 10939 10810 10943
f 10345 10812 10941
f 10811 10814 10942
f 10943 10816 10944
f 10818 10820 10945
f 10946 10821 10947
f 10361 10359 10360
f 10360 10009 10013
f 10228 10013 10014
f 10015 9522 10831
f 9522 9474 10831
f 9599 12678 10948
f 10949 9654 9440
f 10952 10835 10954
f 10835 10234 10954
f 10956 10954 10234
f 10235 10837 10234
f 10235 10364 10958
f 10365 10237 10840
f 9542 10238 10109
f 10238 9542 10239
f 10020 10367 10372
f 10962 10368 10843
f 10848 10850 10965
f 10967 10383 10246
f 10383 10388 10246
f 10246 9609 10247
f 10118 10025 12424
f 12424 10025 9223
f 9668 10855 10971
f 10855 10856 10971
f 10402 10857 10972
f 10857 10122 11379
f 3545 3717 10404
f 10404 3717 10976
f 10976 3717 10859
f 3718 3757 10860
f 3757 10405 10977
f 10861 3759 3706
f 3733 10406 10979
f 10406 10864 10981
f 10867 3748 3749
f 10869 3742 10987
f 3742 10408 10987
f 9680 9613 10260
f 10261 9614 10989
f 9551 3777 11855
f 11002 11006 11012
f 11021 11024 11029
f 11023 11013 11028
f 11027 11011 11033
f 11032 11007 11035
f 11008 11039 11036
f 11040 11039 11041
f 11041 11039 11046
f 11045 11037 11047
f 11038 11010 11048
f 11004 11014 11092
f 11092 10998 10990
f 10871 10263 11093
f 8768 10873 9682
f 10873 10264 11049
f 11050 10414 10266
f 11051 9684 11052
f 9684 8770 11052
f 10415 10877 11052
f 10880 10884 11054
f 10425 10719 10423
f 10886 10684 10675
f 10721 10697 10685
f 11172 10685 10635
f 10686 10650 10722
f 10621 10888 11057
f 11058 10889 11059
f 11060 10692 10700
f 10692 10623 10700
f 10724 10725 11062
f 11063 10725 10890
f 10890 10891 11064
f 10715 10702 11065
f 11064 10894 10895
f 11067 10727 10666
f 11069 10666 10665
f 10665 10703 10896
f 10898 10728 10706
f 10897 10899 11070
f 11070 10899 10901
f 11074 11073 10902
f 10673 10732 11075
f 10717 10905 11076
f 10737 10907 11077
f 11078 10674 10707
f 10707 10739 11081
f 10739 10425 11084
f 11084 10425 11086
f 10908 10744 11258
f 11088 3529 11090
f 3529 3523 11090
f 3522 3517 11089
f 11090 3518 11091
f 3519 11003 11091
f 10990 10871 11093
f 10263 3777 11093
f 10266 9684 11051
f 10881 11053 11098
f 3540 10885 11099
f 11099 10885 11100
f 10423 10719 10885
f 10719 10684 10886
f 10708 10720 11171
f 10720 11055 11171
f 11055 10720 10721
f 11055 10721 10685
f 10621 11057 11056
f 10889 10692 11059
f 10693 10710 11103
f 10890 11064 11104
f 11067 10666 11069
f 11069 10665 10896
f 10703 10897 11070
f 10729 10730 11071
f 11106 10730 10903
f 10730 10673 10903
f 11074 10902 11108
f 11110 10731 10673
f 10673 11075 11111
f 10905 10734 11076
f 10734 10737 11113
f 10740 10908 11085
f 11258 10744 10289
f 11114 10289 11115
f 10289 11087 11115
f 11116 10914 11117
f 11088 11090 11091
f 11091 11003 11123
f 10872 9615 11125
f 9615 10413 11125
f 10413 8387 11125
f 11214 9682 10873
f 11126 11096 11128
f 11095 11097 11127
f 10885 10719 11129
f 11101 10675 10708
f 11172 11055 10685
f 10571 10686 10887
f 11059 10692 11130
f 10692 11060 11130
f 11060 10700 11102
f 10700 11061 11134
f 11063 11104 10895
f 11104 11064 10895
f 11137 11067 11139
f 11139 11067 11069
f 11106 10903 11107
f 10673 11111 11110
f 10734 11113 11076
f 11143 10737 11077
f 11077 11079 11143
f 11079 11080 11143
f 11081 10739 11145
f 11144 11082 11146
f 10739 11084 11147
f 11085 10908 11258
f 10289 11114 11258
f 11118 11119 11148
f 11155 11153 11157
f 11152 11121 11156
f 11122 10915 11158
f 10915 10916 11158
f 11165 11158 10916
f 10916 11088 11091
f 11092 10990 11093
f 11050 10266 11170
f 11170 10266 11051
f 11099 11100 11129
f 11220 10719 10886
f 10886 10675 11101
f 11101 10708 11171
f 11060 11102 11174
f 11102 10700 11176
f 11176 10700 11133
f 11133 10700 11134
f 11061 10700 11181
f 10700 10693 11181
f 11181 10693 11184
f 11135 11062 11183
f 11139 11069 11141
f 10703 11070 11073
f 11072 11105 11070
f 11070 11105 11073
f 11074 11108 11186
f 10731 11110 11187
f 11186 11109 11188
f 11110 11111 11189
f 10737 11143 11113
f 11143 11080 11144
f 11083 11085 11146
f 11150 11151 11115
f 11115 11151 11190
f 11157 11159 11155
f 11160 11163 11199
f 11210 10916 11091
f 11051 11052 11216
f 11126 11128 11219
f 11218 11099 11129
f 11129 10719 11220
f 10686 10722 10887
f 10650 10621 11248
f 11131 11173 11175
f 11173 11132 11175
f 11176 11133 11223
f 11222 11177 11224
f 11133 11134 11225
f 11134 11061 11227
f 10895 11066 11063
f 11136 11138 11140
f 11111 11075 11230
f 11112 11076 11113
f 11115 11192 11114
f 11191 11195 11231
f 11164 10916 11235
f 10916 11210 11235
f 11166 11168 11211
f 11212 11169 11236
f 11092 11213 11237
f 8387 9682 11125
f 11239 11217 11245
f 11129 11220 11247
f 11246 11220 11309
f 11221 11220 10886
f 11172 10635 10887
f 11056 11131 10621
f 10621 11131 11288
f 11131 11175 11288
f 11175 11222 11288
f 11222 11224 11288
f 11288 11224 11249
f 11224 11178 11249
f 11249 11178 11251
f 11254 11134 11227
f 11183 11062 10725
f 11136 11140 3513
f 11140 11068 3513
f 11068 11185 11255
f 10896 10703 11294
f 10703 11073 11294
f 11257 11073 11074
f 11186 11188 11229
f 11188 11142 11229
f 11112 11113 11229
f 11144 11146 11143
f 11146 11085 11258
f 11114 11193 11258
f 11193 11204 11258
f 11258 11203 11259
f 11260 11202 11262
f 11200 11197 11261
f 11261 11197 11266
f 11234 11209 11232
f 11092 11093 11213
f 3777 10872 11093
f 11093 10872 11272
f 11272 10872 11125
f 9682 11214 11282
f 11170 11051 11283
f 11238 11243 11281
f 11240 11244 11286
f 11221 10886 11101
f 10722 10650 11248
f 11252 11134 11254
f 11226 11180 11310
f 11180 11182 11310
f 11182 11183 11310
f 11228 11063 11066
f 3513 11068 11255
f 11255 11185 11292
f 11293 10896 11294
f 11259 11263 11295
f 11265 11267 11268
f 11125 9682 11302
f 11275 11285 11308
f 11307 11284 11309
f 11309 11220 11221
f 11287 11055 11172
f 11250 11252 11439
f 11254 11227 11311
f 11228 11066 11136
f 11289 3513 11255
f 11257 11294 11073
f 11074 11186 11229
f 11258 11259 11295
f 11264 11042 11314
f 11042 11044 11314
f 11295 11043 11315
f 11043 11045 11315
f 11045 11047 11315
f 11047 11009 11315
f 3525 3520 11319
f 11321 3527 11323
f 9231 10295 10147
f 10295 9556 10147
f 9556 10041 11324
f 9178 9557 10041
f 10041 10747 11325
f 11325 10747 11328
f 10748 9690 10150
f 10150 9625 10748
f 9625 3512 10748
f 9625 10045 10155
f 9625 9695 10045
f 11445 10298 10751
f 10751 9626 10299
f 10918 10304 3447
f 10918 10302 10304
f 10304 10048 3534
f 1473 10049 11330
f 11330 10049 9242
f 11487 9564 10757
f 9243 10758 3531
f 10161 10759 11331
f 10759 10760 11331
f 10922 9570 11492
f 11492 9570 11333
f 9711 10769 11654
f 11654 10769 11335
f 10772 9142 9712
f 3781 10060 10925
f 10925 10060 10926
f 10773 10775 11340
f 11339 10774 11343
f 10776 10928 11345
f 10927 10930 11342
f 11344 10777 10932
f 10933 10937 10938
f 10793 10799 10938
f 10938 10799 10939
f 10943 10944 10946
f 10944 10821 10946
f 10946 10828 10829
f 10360 10013 10361
f 10361 10013 10228
f 10228 9535 10830
f 10015 10831 11511
f 10831 9512 10229
f 10103 9652 9536
f 10103 10231 11348
f 10230 9654 11349
f 9440 9537 10832
f 10832 10833 3771
f 3771 9538 9484
f 9539 9532 11514
f 11514 9532 9212
f 9212 10104 11514
f 3780 10951 11351
f 3780 10233 10951
f 10233 10835 11352
f 10834 10836 10953
f 10957 10953 10955
f 11353 10838 10957
f 10839 10959 10838
f 10838 10959 10960
f 10840 10237 10366
f 10238 10239 11354
f 10842 10020 10372
f 10372 10368 10962
f 11359 10961 11364
f 10963 10845 10964
f 11368 10846 11370
f 10846 10848 11370
f 11369 10848 10965
f 10966 10246 10965
f 10965 10246 11371
f 10246 10247 11371
f 10853 10118 12424
f 10392 10026 10119
f 9668 10970 11374
f 11380 11379 11381
f 11379 10122 11381
f 3543 3678 11533
f 12576 3744 12170
f 12170 3744 11695
f 11382 3757 11384
f 11384 3757 10977
f 10406 10981 10979
f 10979 10981 10866
f 10980 10863 10865
f 10982 10865 3748
f 3753 3761 11389
f 3761 3742 11390
f 10985 3742 10869
f 10986 3770 11391
f 10410 10258 11393
f 10258 9678 11394
f 9614 9173 10989
f 10989 9173 11395
f 10412 9106 10262
f 11396 10262 9681
f 9038 10126 11544
f 10997 11024 11021
f 11404 11018 11406
f 11025 11030 11407
f 11296 11298 11410
f 11040 11297 11412
f 11411 11300 11413
f 11415 11213 11093
f 11125 11302 11418
f 11417 11301 11422
f 11426 11419 11430
f 11420 11304 11431
f 11303 11274 11436
f 11273 11278 11437
f 11306 11309 11221
f 11248 10621 11438
f 10621 11288 11438
f 11252 11254 11439
f 11439 11254 11584
f 11183 10725 11586
f 11228 11136 3513
f 11290 11256 11294
f 11256 11293 11294
f 11143 11146 11313
f 11146 11258 11313
f 11295 11315 11440
f 11320 11322 11442
f 11442 3528 3529
f 9688 10040 10147
f 10041 11325 1471
f 10748 11326 10749
f 10754 3536 10156
f 11447 10918 1444
f 10918 3447 11448
f 3447 3066 11448
f 1519 3173 1486
f 3448 1493 3340
f 3417 3144 3379
f 11450 3379 3039
f 3294 11450 3193
f 3294 1514 3450
f 1514 3294 3452
f 3453 3251 11452
f 3251 3194 11452
f 3194 1517 11452
f 3455 1553 11759
f 11759 1553 1530
f 3383 3457 11453
f 3459 3226 3227
f 3227 3352 11454
f 11607 3460 3354
f 3460 3151 3354
f 1582 3356 11608
f 3202 3304 11455
f 3304 3357 3461
f 1490 3461 3357
f 1490 1498 3423
f 3358 3387 3424
f 1497 3388 3463
f 3154 3425 3388
f 3203 1637 3389
f 1513 3118 3230
f 2961 2997 11768
f 3122 3182 3466
f 3182 1628 3466
f 3158 3393 1467
f 3263 11618 3468
f 11461 3429 3430
f 1539 1551 3264
f 11619 3265 11462
f 11462 3265 3397
f 3163 1525 3267
f 1525 1511 3267
f 3432 1485 1464
f 3470 3471 3472
f 11465 3472 3471
f 3213 3474 3471
f 3363 3404 3476
f 3436 11467 3476
f 3437 3438 11467
f 3438 3477 11467
f 3406 3409 3477
f 3409 3411 3365
f 3246 3271 3365
f 3365 3271 3272
f 1484 3311 3273
f 1606 1685 1536
f 11469 1496 1495
f 1489 1488 1442
f 3279 11633 3320
f 3279 3280 11633
f 3324 1591 3499
f 3499 1591 3326
f 1460 3326 3188
f 1522 11477 1500
f 11477 1522 3414
f 3442 1480 1499
f 1499 1480 1478
f 1479 3500 1477
f 3500 3331 1477
f 1477 3331 11479
f 3331 3134 1476
f 3446 3416 11641
f 3416 1521 11641
f 3332 3505 11481
f 3332 3333 3505
f 3333 3334 3505
f 3505 3334 3506
f 3506 3334 1487
f 3025 3290 3508
f 10160 9699 1473
f 10050 9700 11487
f 10757 9564 9701
f 11489 3530 3772
f 11490 3772 9568
f 9568 10161 11331
f 10760 10920 11331
f 11332 10053 10922
f 11334 10763 11493
f 11495 10763 10765
f 11495 10765 9635
f 10765 10767 9635
f 10171 10771 10924
f 9014 10772 11337
f 10059 3781 10925
f 10926 10060 11497
f 10773 11340 11505
f 11504 11338 11506
f 11506 11338 11507
f 11341 11346 11509
f 11508 10933 11962
f 10933 10938 11962
f 10829 10939 10943
f 10943 10946 10829
f 10829 10359 11510
f 10359 10361 11510
f 10831 10229 1458
f 9652 10103 11512
f 10230 11349 11347
f 9484 10016 11513
f 10951 10233 11516
f 10834 10953 11517
f 10953 10957 11517
f 10960 10840 10366
f 10366 10109 11677
f 10962 11355 11518
f 11520 11363 11521
f 11369 10965 11366
f 11371 10247 10968
f 12424 9223 11372
f 10393 9668 11524
f 9668 11374 11524
f 11378 10973 11379
f 10973 10857 11379
f 11379 11380 11528
f 11530 11529 11531
f 10858 3774 3543
f 12576 10859 3744
f 10860 3757 11382
f 10978 10861 11386
f 11386 10861 3706
f 3733 10979 11534
f 10865 10982 11535
f 10979 11387 11537
f 11536 10982 11538
f 11388 10983 11542
f 3761 11390 11543
f 3742 10985 11390
f 11702 10984 11391
f 10985 10869 11392
f 10986 11391 10868
f 11391 3770 3535
f 1457 3535 3715
f 10870 10410 11393
f 11395 9173 10412
f 11849 11396 8845
f 3803 11545 10126
f 11548 10871 11552
f 10871 11399 11552
f 10992 11402 11551
f 11550 11400 11553
f 11555 11016 11558
f 11017 11403 11557
f 11409 11036 12314
f 11036 11039 12314
f 11039 11040 11562
f 11562 11040 11412
f 11566 11416 11093
f 11125 11418 11567
f 11571 11418 11575
f 11421 11427 11574
f 11576 11433 11577
f 11434 11305 11578
f 11580 11306 11221
f 11101 11171 11740
f 11171 11055 11581
f 11055 11287 11581
f 11253 11310 11585
f 11310 11183 11586
f 10725 11063 1453
f 1453 11063 11228
f 11291 11290 11589
f 11258 11295 11440
f 11441 11318 11591
f 11591 11318 11597
f 11592 11320 11442
f 12223 10147 11753
f 11753 9556 11443
f 9556 11324 11443
f 11325 11327 1471
f 9112 11446 10047
f 9112 9696 11446
f 10303 10301 3536
f 3536 10301 3509
f 10301 10918 11447
f 11449 1486 11602
f 3340 3191 3449
f 3192 3417 1236
f 3379 11450 3419
f 3039 3193 11450
f 12498 11450 3294
f 1518 3342 3455
f 3342 1516 3455
f 3456 1492 11453
f 1492 3383 11453
f 12377 1469 3422
f 3422 3352 3353
f 3352 3256 3353
f 3353 2956 3151
f 1527 3202 11455
f 11455 3304 11456
f 3304 3461 11456
f 3424 3305 3358
f 3424 3387 11457
f 3358 3152 1497
f 11922 3388 3425
f 11765 3426 3260
f 3260 3390 11614
f 3232 3306 3359
f 3359 3306 3465
f 2961 11768 11615
f 1628 3467 3466
f 1628 3158 3467
f 3208 3395 3123
f 1546 3431 3430
f 11619 1539 3264
f 11771 3398 3399
f 3362 1559 1465
f 1268 1485 11622
f 1485 3432 11622
f 3209 3125 3432
f 11464 3216 12383
f 3472 11466 11623
f 11624 3471 3474
f 11467 3477 3409
f 3478 3368 11626
f 11626 3368 1484
f 1524 1652 3479
f 11468 1496 11469
f 11628 1495 11468
f 11781 3276 3167
f 3369 3184 11629
f 3486 3491 3413
f 3484 1481 1440
f 3490 3488 1427
f 3486 3320 11633
f 3441 3324 1439
f 3414 1499 11636
f 1499 1478 11636
f 11635 1477 11637
f 1521 3332 11481
f 11642 1487 3336
f 1474 1596 3447
f 10919 10755 11645
f 10755 3533 11645
f 3533 10159 10160
f 10160 1459 11484
f 1459 10160 1473
f 11330 9242 11485
f 9242 10050 11486
f 9701 3532 11488
f 11785 3532 3531
f 3531 10758 11786
f 10758 9566 11647
f 9566 3530 11647
f 11648 3772 11490
f 11490 9568 12534
f 9568 11331 11649
f 11331 10921 11649
f 10922 11492 11650
f 11333 9570 11652
f 9570 10163 11652
f 10163 11494 11652
f 11651 11493 11653
f 10763 11495 11493
f 9635 9711 11654
f 11655 11654 11335
f 10923 11496 11335
f 11948 10173 10174
f 10175 10310 11656
f 11656 10310 9091
f 9091 9014 11337
f 11657 10772 9712
f 11658 10059 10925
f 11497 10060 11659
f 10060 10773 11664
f 11665 11660 11666
f 11662 11500 11668
f 11667 11498 11670
f 11499 11502 11671
f 11666 11503 11506
f 11672 11347 11673
f 10016 11350 11513
f 11514 11350 9539
f 9655 3780 9540
f 10104 3780 11675
f 11515 10951 11676
f 10951 11516 11676
f 11677 10960 10366
f 1410 10239 3791
f 3791 3790 1410
f 11519 11356 11679
f 11366 10965 11682
f 10965 11371 11682
f 11681 11523 10853
f 10392 10119 11373
f 11374 11377 11684
f 11375 11525 11688
f 11685 11526 11690
f 11527 11379 11692
f 11381 10122 11694
f 10976 10859 12576
f 11382 11384 11696
f 11697 11385 11386
f 11384 10977 11698
f 3706 3732 1472
f 10979 11537 11534
f 11534 11537 11700
f 11537 11539 11700
f 10982 3748 11540
f 3748 10867 11540
f 3544 3752 11701
f 11701 3752 11388
f 11390 10985 11703
f 9678 9679 11394
f 11545 3803 9227
f 11545 9227 9551
f 10871 11548 11711
f 11546 11549 11714
f 11550 11553 11716
f 11715 11556 11717
f 11556 11559 11717
f 11566 11093 11722
f 11723 11272 11125
f 11125 11567 11729
f 11418 11571 11567
f 11568 11572 11736
f 11734 11424 11738
f 11424 11579 11738
f 11580 11221 11738
f 11738 11221 11739
f 11287 11172 10887
f 11582 10887 10722
f 11741 11439 11742
f 11439 11584 11743
f 1451 1445 1453
f 1448 1450 11745
f 1450 1452 1454
f 1453 11228 1455
f 11228 11587 1455
f 11746 11587 11228
f 11749 11228 11588
f 11228 3513 11588
f 11589 11290 11294
f 11074 11229 11113
f 11752 11258 11590
f 11258 11440 11590
f 11440 11594 11590
f 11595 11592 11442
f 10147 9556 11753
f 10748 3512 11754
f 9697 10753 3775
f 10156 3536 3509
f 1542 1519 11600
f 11600 1519 1486
f 11449 11600 1486
f 1486 3173 11602
f 3419 11603 3418
f 3450 3380 11757
f 3251 3453 3452
f 12232 1517 3454
f 1530 1528 3297
f 3297 1492 11759
f 3420 3421 11606
f 3300 3114 3458
f 3458 3114 3385
f 3177 3301 11761
f 11454 3352 1470
f 3352 1469 1470
f 3353 3151 11762
f 3151 3460 11762
f 1430 3257 3355
f 3355 11608 1430
f 1468 3356 3303
f 3180 3305 3424
f 3424 11457 11764
f 1497 11920 11611
f 3229 3203 11612
f 11458 3389 1513
f 1513 3230 3426
f 11765 3260 11614
f 3464 12380 11766
f 3465 3306 1443
f 3306 3360 1443
f 1443 3360 1244
f 3233 2832 3360
f 3360 2832 2864
f 11768 3181 3392
f 11616 3392 3122
f 11616 3122 3466
f 1467 11617 3158
f 1467 3393 3123
f 3123 3395 3468
f 3397 3398 11771
f 11771 3399 3361
f 3267 1511 1466
f 1559 3244 1465
f 3400 3432 1465
f 1465 3432 1464
f 1464 1463 1429
f 1463 1464 11772
f 3216 3433 12383
f 3470 3472 11775
f 3472 11623 11775
f 11623 11466 3475
f 3475 11466 11625
f 11466 3471 11625
f 11625 3473 3475
f 3474 3245 3475
f 3246 3476 3475
f 3246 3363 3476
f 1267 3275 1604
f 1536 1524 3479
f 11468 11469 11628
f 3313 3276 11781
f 1483 1482 11470
f 3483 1441 3316
f 1441 3483 11629
f 3483 3369 11629
f 3184 1523 11629
f 3439 3278 3413
f 12249 3484 11630
f 3490 3485 11783
f 3485 3490 3492
f 3490 1427 3492
f 3488 11474 1427
f 3487 3486 11633
f 3441 1439 3440
f 3326 1460 1434
f 11477 3414 1433
f 11478 11635 11637
f 1477 11479 11637
f 12256 11639 11479
f 12256 11479 11480
f 11480 11479 3331
f 3331 1476 3502
f 3504 3446 11640
f 11642 3506 1487
f 1520 3025 3508
f 3508 11482 11643
f 11942 3291 1474
f 11483 1474 3447
f 11644 10304 3534
f 11645 3533 11646
f 3533 10160 11484
f 9242 11486 11485
f 10757 9701 11488
f 3530 11489 11647
f 9568 11649 11946
f 11333 11652 11788
f 11655 11335 11496
f 11948 10174 11791
f 11791 10174 11792
f 11506 11508 11962
f 9599 10948 10229
f 11796 12678 9652
f 10103 11674 11798
f 11347 11349 11673
f 3771 9484 11513
f 11799 11513 11350
f 9540 3780 10104
f 11800 11351 10951
f 10838 10960 11677
f 11677 10109 10238
f 10962 11518 10372
f 11680 11367 11681
f 3510 10392 12151
f 9667 10393 12290
f 11832 11802 11804
f 10393 11683 12290
f 11808 11805 11813
f 11806 11686 11815
f 11689 11691 11816
f 11692 11379 11818
f 11379 11528 11818
f 11529 11530 15600
f 15600 11530 11820
f 11820 11530 11823
f 11380 11381 11693
f 11694 10122 11833
f 11833 10122 10256
f 11835 10860 11382
f 11835 11382 11837
f 11838 11383 11697
f 3721 3760 12302
f 11839 3760 3733
f 11699 11538 11841
f 11538 10982 11841
f 10982 11540 11841
f 11844 11540 11541
f 11540 10867 11541
f 11391 3535 11702
f 1457 3715 3755
f 11394 9679 10125
f 10412 10262 11707
f 11707 10262 11396
f 8845 11544 11849
f 11851 11545 9551
f 11851 9551 11853
f 11853 9551 11855
f 10263 10871 11859
f 11859 10871 11862
f 11864 11708 11867
f 11709 11713 11868
f 11866 11712 11717
f 11712 11715 11717
f 11717 11560 11870
f 11869 11405 11409
f 11039 11562 12314
f 11562 11412 11718
f 11093 11272 11722
f 11125 11729 11723
f 11883 11732 11886
f 11731 11735 11888
f 11221 11101 11739
f 11739 11101 11740
f 11742 11439 11890
f 11890 11439 11743
f 11585 11310 11586
f 1445 1447 11893
f 1447 11744 11893
f 11745 1450 11895
f 11896 1454 11898
f 1454 1456 11898
f 11897 1455 11587
f 11900 11587 11746
f 11746 11228 11748
f 11748 11228 11902
f 11904 11750 11589
f 11313 11258 11752
f 3529 9619 11442
f 9619 10038 11910
f 11324 10041 11911
f 11444 10748 11754
f 3512 1248 11754
f 1248 3512 10750
f 10298 11445 12227
f 12227 11445 11913
f 10753 10156 3509
f 10301 11447 3509
f 1444 10918 11448
f 11914 11449 11601
f 11756 1493 3448
f 3449 3192 12773
f 1514 3452 3451
f 1530 3297 11759
f 3456 11453 11760
f 3421 3458 1432
f 3177 11761 3385
f 11761 1491 1552
f 3227 11454 3459
f 1436 1470 11916
f 11608 3356 11763
f 3356 1468 11763
f 1498 3180 3424
f 1497 11611 3358
f 11921 1497 3463
f 3203 3389 11458
f 11459 3240 11767
f 3240 3234 11767
f 2864 3155 3360
f 3467 3158 11617
f 11769 11618 1540
f 1540 3396 11769
f 12245 3431 11923
f 3431 1539 11923
f 1539 11619 11923
f 3361 3267 1466
f 12248 1466 1511
f 11620 1511 1512
f 1435 11621 3362
f 3244 3400 1465
f 1429 1463 1462
f 11773 3270 11774
f 3409 1461 11467
f 3365 3272 3478
f 1252 11626 11928
f 3273 3275 1267
f 1604 1606 11929
f 11627 3479 1494
f 11780 1494 1496
f 11468 1495 3412
f 1501 3313 3412
f 1265 1483 11470
f 3247 3319 1489
f 1488 3316 1442
f 3316 1441 1442
f 3413 3491 12249
f 3491 3484 12249
f 11630 1440 12653
f 1440 1481 11783
f 11783 1481 3490
f 11783 3485 11473
f 3492 11473 3485
f 11474 3487 11633
f 1460 1500 1434
f 1433 3414 11937
f 3414 11638 11937
f 11637 11479 11936
f 11936 11479 11938
f 11480 3331 3502
f 3504 3416 3446
f 11641 1521 11481
f 3506 11642 1256
f 11642 3336 1515
f 3508 1475 3338
f 3338 3291 11942
f 12665 11942 1474
f 11483 3447 11644
f 3447 10304 11644
f 11646 3533 11484
f 1459 11943 11944
f 11488 3532 11785
f 11945 3531 11786
f 11490 12534 12260
f 12534 9568 11946
f 11649 11491 11946
f 11492 11333 11947
f 9635 11654 11495
f 11656 9091 11337
f 10925 10926 11793
f 11957 11953 11960
f 11952 11794 11959
f 11665 11666 11962
f 11666 11506 11962
f 10939 10829 10938
f 11795 10228 10830
f 10830 10015 12263
f 1458 10229 1425
f 10103 11798 11512
f 11797 11673 11349
f 3780 11351 11675
f 11965 11800 11676
f 11800 11515 11676
f 1410 3790 10019
f 10841 10019 10842
f 10372 11801 10842
f 11801 11518 11678
f 11357 11520 11968
f 11968 11520 11680
f 11969 12039 12024
f 11971 11970 11972
f 11971 11972 11974
f 11972 11970 11984
f 11975 11971 11974
f 11976 11977 11978
f 11980 11978 11982
f 11979 11972 11983
f 11975 11974 11987
f 11987 11974 11989
f 11976 11978 11988
f 11981 11983 11984
f 11983 11972 11984
f 11970 11985 11984
f 11973 11971 11975
f 11986 11988 11978
f 11994 11980 11993
f 11992 11981 11984
f 11970 11971 11996
f 11996 11971 11973
f 11973 11975 11998
f 12000 11975 11987
f 11986 11978 12001
f 11978 11980 12001
f 12001 11980 11994
f 12005 11973 11998
f 11999 11986 12001
f 12007 11995 11984
f 11995 11992 11984
f 12003 12009 12011
f 12004 11973 12010
f 12010 11973 12005
f 11997 12006 12013
f 12013 12006 12015
f 12006 11990 12014
f 11990 11999 12014
f 11999 12001 12014
f 11985 11970 12018
f 12004 12012 12020
f 12011 12009 12013
f 12014 12001 12021
f 12017 12007 12023
f 12023 12007 11984
f 12018 11970 11996
f 11973 12004 12025
f 12004 12020 12027
f 12026 12019 12011
f 12013 12015 12021
f 12021 12015 12014
f 12008 12016 11994
f 12024 12002 11969
f 12031 12011 12013
f 11984 11985 12024
f 11985 12002 12024
f 11996 11973 12028
f 12028 11973 12025
f 12004 12027 12025
f 12029 12026 12030
f 12026 12011 12030
f 12030 12011 12031
f 12031 12013 12021
f 12025 12027 12035
f 12036 12030 12031
f 12016 12022 12037
f 12002 11985 12018
f 12028 12025 12042
f 12041 12034 12029
f 12029 12030 12048
f 12021 12001 12043
f 11994 12016 12044
f 12016 12037 12044
f 12038 12023 12045
f 12045 12023 12033
f 12033 12023 11984
f 11969 12002 12040
f 12018 11996 12028
f 12047 12028 12042
f 12051 12041 12048
f 12041 12029 12048
f 12048 12030 12053
f 12053 12030 12036
f 12043 12001 12049
f 12001 11994 12049
f 12063 12002 12018
f 12058 12047 12052
f 12046 12041 12051
f 12021 12043 12031
f 11984 12024 12033
f 12024 12039 12033
f 12057 12018 12028
f 12028 12047 12058
f 12059 12051 12064
f 12064 12051 12060
f 12060 12051 12048
f 11994 12044 12049
f 12037 12055 12044
f 12038 12045 12056
f 12056 12045 12062
f 12040 12002 12063
f 12050 12018 12057
f 12053 12036 12066
f 12031 12043 12054
f 12061 12056 12062
f 12063 12018 12070
f 12057 12028 12058
f 12058 12065 12074
f 12036 12031 12072
f 12049 12044 12067
f 12068 12039 11969
f 12069 11969 12040
f 12070 12018 12050
f 12057 12058 12071
f 12033 12039 12075
f 12070 12050 12071
f 12076 12071 12058
f 12072 12031 12054
f 12078 12062 12080
f 12062 12045 12080
f 11969 12069 12068
f 12073 12040 12063
f 12071 12076 12081
f 12076 12058 12074
f 12112 12048 12053
f 12049 12067 12077
f 12080 12045 12085
f 12081 12076 12087
f 12076 12083 12087
f 12088 12082 12060
f 12082 12084 12060
f 12066 12036 12113
f 12054 12043 12089
f 12043 12049 12089
f 12077 12079 12090
f 12080 12085 12091
f 12075 12039 12068
f 12069 12040 12094
f 12070 12071 12097
f 12088 12060 12103
f 12049 12077 12090
f 12091 12085 12100
f 12085 12045 12101
f 12045 12033 12102
f 12033 12075 12102
f 12040 12073 12095
f 12063 12070 12096
f 12081 12087 12104
f 12103 12060 12048
f 12054 12098 12072
f 12099 12092 12105
f 12106 12085 12108
f 12085 12101 12108
f 12096 12070 12097
f 12036 12072 12113
f 12093 12069 12094
f 12094 12040 12095
f 12073 12063 12110
f 12081 12097 12071
f 12103 12048 12112
f 12136 12066 12113
f 12099 12105 12114
f 12105 12107 12114
f 12114 12107 12115
f 12108 12101 12116
f 12110 12063 12096
f 12081 12104 12118
f 12117 12103 12119
f 12119 12103 12112
f 12090 12099 12114
f 12122 12097 12081
f 12122 12081 12124
f 12053 12066 12136
f 12054 12089 12098
f 12049 12090 12114
f 12045 12102 12125
f 12111 12117 12119
f 12053 12120 12112
f 12045 12125 12101
f 12102 12075 12121
f 12121 12075 12131
f 12075 12068 12132
f 12068 12069 12093
f 12097 12122 12566
f 12566 12122 12127
f 12134 12127 12129
f 12127 12122 12129
f 12133 12128 12130
f 12129 12122 12135
f 12123 12119 12130
f 12130 12119 12112
f 12049 12114 12089
f 12115 12109 12137
f 12075 12132 12131
f 12095 12073 12110
f 12141 12127 12143
f 12126 12133 12142
f 12133 12130 12112
f 12120 12053 12136
f 12125 12102 12145
f 12145 12102 12154
f 12102 12121 12154
f 12132 12068 12093
f 12093 12094 12139
f 12142 12133 12146
f 12113 12072 12144
f 12072 12098 12144
f 12089 12114 12147
f 12137 12138 12148
f 12150 12121 12131
f 12281 12110 12096
f 12566 12127 12141
f 12146 12133 12112
f 12136 12113 12568
f 12115 12137 12114
f 12114 12137 12152
f 12149 12145 12154
f 12156 12154 12121
f 12566 12141 12157
f 12157 12141 12160
f 12140 12142 12159
f 12159 12142 12146
f 12113 12144 12568
f 12152 12137 12148
f 12152 12153 12155
f 12156 12121 12162
f 12151 1437 3510
f 11802 11832 12166
f 12164 11830 12169
f 10256 10858 11532
f 10858 3543 11533
f 11695 3718 12445
f 11697 11836 11838
f 11386 3706 1472
f 11840 3733 12172
f 3733 11534 12172
f 11534 11700 12175
f 11700 11842 12175
f 3751 3544 11701
f 11388 11542 11705
f 11705 11542 11846
f 11845 11702 11704
f 11704 11702 3535
f 3774 3773 10409
f 9680 10260 10125
f 10261 11848 10260
f 12179 11855 12181
f 12181 11855 10263
f 12187 11857 12185
f 12186 11856 12193
f 11856 11861 12193
f 11860 11865 12192
f 12191 11863 11866
f 11409 12314 11869
f 11718 11871 11562
f 11873 11720 12194
f 12194 11720 12195
f 12203 11727 12208
f 11879 11884 11887
f 11733 11738 11881
f 11881 11738 12351
f 11740 11171 11581
f 11287 10887 11582
f 11248 11438 12209
f 11253 11585 11583
f 11892 1445 11893
f 11745 11895 11894
f 11895 1450 11896
f 1450 1454 11896
f 11896 11898 12213
f 11898 11899 12213
f 11746 11748 12214
f 12215 11901 11903
f 11902 11228 12216
f 11228 11749 12216
f 11904 11589 11294
f 11590 11907 12217
f 11909 11442 9619
f 12224 10041 1471
f 12226 12225 11754
f 12227 10155 10045
f 10753 11329 12865
f 11448 3292 11600
f 3292 1542 11600
f 11600 11449 11914
f 11602 11601 11449
f 3173 3190 11602
f 11604 3419 11450
f 12498 3294 3450
f 3451 3452 3453
f 3453 11605 1517
f 11605 11452 1517
f 1274 1518 3455
f 11761 1552 3459
f 1470 1469 11916
f 3422 3353 11762
f 11763 1468 11917
f 1468 3303 11609
f 12238 11456 11610
f 11456 3461 11610
f 1490 3423 3461
f 3387 3358 11919
f 1497 11921 11920
f 1513 3426 11765
f 11765 11614 12241
f 3390 1541 3464
f 3464 11459 1271
f 1271 11459 11767
f 2961 11615 3155
f 11768 3392 11616
f 11768 11616 12243
f 11461 3430 3431
f 11923 11619 11462
f 12246 11462 11771
f 11462 3397 11771
f 1464 1485 1268
f 3125 3469 11773
f 11925 11464 12383
f 11927 1461 3409
f 3478 11776 11777
f 11778 11776 3478
f 3478 11626 1252
f 1484 3273 11626
f 3273 1267 11626
f 1267 1604 11929
f 1606 1536 11929
f 11627 1494 11779
f 1494 11780 11779
f 11781 3412 3313
f 3167 1483 1265
f 1483 3247 1482
f 1482 3247 1489
f 1489 1442 11930
f 12388 11630 12521
f 3484 1440 11630
f 3492 11784 11473
f 11631 11632 1251
f 1251 11632 11934
f 11935 11474 11633
f 11633 3280 3440
f 1439 3324 11634
f 11634 3498 11475
f 3499 3326 1434
f 1434 1500 11476
f 1426 1500 11477
f 11641 11940 3446
f 12257 11940 11941
f 1520 3508 1515
f 3534 10919 11644
f 11644 10919 11645
f 11943 1459 1473
f 11496 11789 11655
f 11948 11791 12261
f 11658 11657 9712
f 11950 11954 11958
f 11955 11661 11665
f 11510 10361 10228
f 1458 11511 10831
f 10229 10948 11963
f 11512 11798 12264
f 11798 11964 12264
f 10949 9440 12266
f 9440 10832 12266
f 11514 10104 11675
f 11966 11967 11517
f 12269 10239 1410
f 1365 1396 1410
f 1278 1276 1376
f 1370 1412 1402
f 1404 1414 1412
f 1412 1414 12271
f 1414 1416 12271
f 1416 1406 12271
f 12271 1406 12273
f 12272 1386 1417
f 12275 1407 1420
f 1408 1373 12277
f 1373 1374 12278
f 1352 1277 1424
f 1277 1365 1424
f 1395 1365 1410
f 10372 11518 11801
f 11681 10853 11680
f 12280 12139 12094
f 12280 12094 12095
f 12096 12097 12282
f 12566 12157 12284
f 12284 12157 12286
f 12285 12158 12159
f 12146 12112 12120
f 12148 12153 12152
f 12152 12155 12287
f 12155 12161 12287
f 12289 12162 12121
f 12151 10392 11373
f 11373 10119 9667
f 12292 12165 12297
f 12163 12167 12296
f 11532 10858 11533
f 12445 12170 11695
f 12445 3718 10860
f 10860 11835 12298
f 1472 3732 12302
f 3732 3721 12302
f 11839 3733 12304
f 3733 11840 12304
f 11840 12172 12306
f 12172 11534 12308
f 12174 11843 12307
f 11843 11841 12307
f 11841 11540 12307
f 12307 11540 11844
f 10409 3773 12453
f 3773 10870 12453
f 10870 12176 12453
f 11393 10258 12177
f 11394 11847 10258
f 11847 11394 12309
f 10125 12309 11394
f 10125 10260 12309
f 11848 10261 12455
f 12455 10989 11395
f 11395 10412 11707
f 11850 11849 11544
f 11544 10126 12310
f 11853 12178 12311
f 12313 12180 12189
f 12182 12183 12188
f 12184 11858 12190
f 11717 11870 11866
f 11866 11870 12315
f 12196 12199 12318
f 12319 12202 12322
f 11878 11272 12324
f 11272 11723 12324
f 11723 11729 12338
f 12338 11729 12343
f 12347 12341 12350
f 12351 12206 11881
f 12351 11738 11739
f 11890 11743 12355
f 10725 1453 1445
f 12357 12211 11745
f 12213 11747 12215
f 12215 11903 11904
f 11294 11257 11751
f 11752 11590 12218
f 11442 11909 11596
f 10038 11598 11910
f 9688 10147 12223
f 11443 11324 12490
f 11911 10041 12224
f 12224 1471 11912
f 12369 11912 12371
f 10045 10298 12227
f 10299 10752 12228
f 12865 11446 9696
f 3775 10753 9696
f 9696 10753 12865
f 11329 10753 12230
f 10753 3509 12230
f 12231 1444 11600
f 1444 11448 11600
f 3190 1493 11756
f 3340 3449 12373
f 12773 3192 12374
f 3379 3418 3417
f 3456 11760 12376
f 12233 1432 1215
f 1243 11761 3459
f 1430 11608 11763
f 11763 11917 11918
f 11918 11917 12506
f 1468 11609 12236
f 3303 12778 11609
f 11455 11456 12237
f 11457 3387 12378
f 3387 11919 12378
f 11919 3358 11611
f 3229 11612 3425
f 12380 3464 1271
f 3465 1443 1245
f 1443 1244 12242
f 1467 3123 3468
f 12244 3396 3429
f 3429 11461 12244
f 1269 12245 11923
f 11462 12246 12513
f 3361 1466 12247
f 12247 1466 12248
f 11924 11620 1512
f 1435 3362 1465
f 3125 11773 3432
f 11464 1229 3216
f 11623 3433 3470
f 1461 11927 12785
f 11776 11778 11777
f 11929 1536 11627
f 1536 3479 11627
f 11780 1496 12384
f 11781 3167 12385
f 12385 3167 1265
f 1265 1266 12386
f 1489 11930 1482
f 11930 1442 11931
f 11629 1523 3439
f 3439 3413 12249
f 12249 11630 12388
f 12521 1263 12388
f 11784 3492 1427
f 1251 11934 12250
f 11633 3440 1439
f 12391 12389 11475
f 12389 11634 11475
f 1426 11476 1500
f 11477 1433 1426
f 1426 12255 12394
f 12255 1426 12396
f 1426 1433 12396
f 11938 11479 12395
f 11479 11639 12254
f 12254 11639 12393
f 11639 1257 1258
f 11939 12528 3502
f 1476 3378 3502
f 3502 3378 11939
f 11941 11940 11641
f 1515 3508 1250
f 12665 1474 11483
f 11645 11646 1255
f 10050 11487 11486
f 10758 11647 11786
f 11489 3772 11648
f 12398 11946 11787
f 11787 11653 12398
f 11653 11493 12398
f 11495 11654 12399
f 11789 11790 11656
f 11337 10772 11657
f 12400 11793 10926
f 12400 10926 12401
f 12401 10926 11497
f 11949 11956 12402
f 10938 10829 12677
f 11796 9652 11512
f 12265 11349 12406
f 11349 9654 12408
f 9654 10949 12408
f 10832 3771 11513
f 11517 10957 12267
f 10957 10838 11677
f 11354 10239 12269
f 1397 1411 12545
f 12409 12545 1411
f 1411 1387 12409
f 1412 12271 1402
f 12271 12273 12411
f 12411 12273 12274
f 12274 12275 12411
f 12275 1420 12411
f 1420 1422 12411
f 1421 12276 1422
f 1422 12276 12412
f 12276 1423 12414
f 1373 12278 12413
f 12415 1374 12417
f 1374 1375 12419
f 12419 1375 12279
f 1395 1410 10019
f 11968 11680 12425
f 10853 12424 11680
f 9223 3510 11372
f 3510 1437 11372
f 12427 12280 12095
f 12427 12095 12110
f 12284 12286 12429
f 12146 12428 12285
f 12159 12146 12285
f 12098 12089 12147
f 12152 12287 12288
f 12288 12287 12430
f 12289 12121 12431
f 12431 12121 12150
f 12131 12151 12150
f 9667 12290 12432
f 12434 12294 12440
f 12437 12293 12443
f 12291 12295 12442
f 12444 11833 10256
f 10404 10976 13441
f 10860 12298 12446
f 12299 11836 12447
f 11836 11697 12447
f 12300 11386 1472
f 12300 1472 12581
f 12302 3760 12448
f 12304 11840 12451
f 12450 12171 12305
f 12173 12307 12305
f 11393 12177 12454
f 10260 11848 12309
f 10261 10989 12455
f 11396 11849 11707
f 10126 11545 12310
f 11851 11853 12311
f 12311 12178 12456
f 12178 11855 12456
f 12456 11855 12179
f 12312 12187 12459
f 12187 12185 12459
f 12460 12459 12185
f 12191 11866 12461
f 11866 12315 12462
f 11562 11871 12316
f 12200 12320 12316
f 12321 12327 12464
f 12332 12328 12473
f 12328 12334 12473
f 11438 11889 12209
f 11889 12210 12354
f 11891 11583 12477
f 11583 11585 12477
f 11894 11896 12359
f 12359 11896 12213
f 11113 11143 12480
f 12361 12219 12481
f 12481 12219 12483
f 11906 11908 12482
f 11908 11909 12482
f 9688 12223 11599
f 11753 11443 12488
f 12489 12363 12491
f 12493 11324 11911
f 11911 12224 12366
f 12224 11912 12369
f 12226 11754 1248
f 1248 10750 1247
f 10750 10155 12227
f 12494 11913 12495
f 11913 11445 12495
f 12495 11445 10751
f 10751 10299 12228
f 12228 10752 1246
f 1246 10752 10047
f 3190 11756 11602
f 3448 3340 12373
f 3192 1236 12374
f 12499 3450 11757
f 3453 1517 12501
f 1517 12232 12501
f 1274 3455 11759
f 3456 11915 1253
f 11915 3456 12503
f 12503 3456 12376
f 3459 11454 1243
f 12237 11456 12238
f 3461 3423 12239
f 3424 11764 1272
f 11457 12378 11764
f 11921 3388 11922
f 3425 11612 11922
f 3203 12240 11612
f 11458 12240 3203
f 3360 3155 11615
f 12243 11616 3466
f 1467 3468 12381
f 12245 1269 1270
f 11923 11462 12513
f 11771 3361 12382
f 12514 1186 12248
f 1511 11620 12248
f 12248 11620 11924
f 1465 1464 1429
f 11772 1464 1268
f 3432 11773 11622
f 11622 11773 1268
f 3216 1229 11774
f 3365 3478 3409
f 3478 11777 3409
f 3478 1252 11778
f 1266 1265 1228
f 11930 12874 12519
f 12520 12519 12874
f 12874 11930 11931
f 3439 12249 11629
f 1440 11783 12654
f 11631 1251 11474
f 11631 11474 11935
f 12391 11475 3499
f 1426 12527 12525
f 12395 11479 12254
f 1257 11639 12662
f 11639 12256 12662
f 11480 3502 12528
f 11641 11481 12529
f 3505 3506 11481
f 11642 1515 1250
f 3508 11643 1250
f 11482 3508 3338
f 11645 1255 12666
f 12397 11486 11487
f 11487 10757 12397
f 10757 12258 12397
f 12258 10757 11488
f 11786 11647 12532
f 11490 12260 11648
f 12534 11946 12398
f 11493 11495 12398
f 10925 11793 11658
f 11658 11793 12262
f 11497 12404 12537
f 12538 11955 11665
f 12677 10829 11510
f 11795 12795 10228
f 12264 12407 11512
f 10957 11677 12267
f 10238 12268 11677
f 10238 11354 12268
f 1276 1377 12544
f 1387 1388 12409
f 12686 1388 1378
f 12270 1383 12807
f 1401 1361 12546
f 1361 1362 12546
f 12278 1374 12551
f 1374 12415 12551
f 12415 12417 12553
f 12554 12418 12556
f 12555 12417 12557
f 12417 1374 12557
f 1374 12419 12557
f 12558 12420 12560
f 12419 12279 12559
f 12421 12423 12560
f 1424 1365 1395
f 12562 11968 12564
f 11968 12425 12565
f 1437 12151 12132
f 12151 12131 12132
f 12096 12282 12281
f 12282 12097 12566
f 12283 12428 12567
f 12567 12428 12146
f 12150 12151 11373
f 12433 12439 12572
f 12575 11833 12444
f 10860 12446 12577
f 12579 12447 11697
f 12579 11697 11386
f 12581 1472 12301
f 3760 11839 12448
f 12449 12303 12450
f 12584 11541 12585
f 11701 11388 12587
f 12587 11388 11705
f 10258 11847 12177
f 11850 11544 12310
f 11851 12311 12592
f 12311 12179 12592
f 12592 12179 12593
f 12179 12181 12593
f 12180 12313 12594
f 12457 12459 12595
f 12185 12191 12460
f 12191 12461 12460
f 11866 12462 12461
f 12463 12314 12598
f 12598 12314 12599
f 12314 11562 12599
f 12316 12320 12600
f 12600 12320 12466
f 12330 12471 12469
f 12467 12470 12603
f 12472 12475 12604
f 12474 12344 12605
f 12602 12346 12351
f 12345 12206 12351
f 11581 11287 1220
f 12353 10722 12209
f 10722 11248 12209
f 12476 11891 12477
f 11892 11893 12478
f 12478 11893 12356
f 12616 11745 11894
f 12213 12215 11751
f 12215 11904 11751
f 11904 11294 11751
f 12755 11257 11113
f 11257 11074 11113
f 11143 11313 12480
f 11909 9619 12622
f 11598 12222 12623
f 12222 12485 12623
f 12486 12223 12624
f 12223 11753 12624
f 12491 12364 12492
f 12492 12365 12625
f 12365 12367 12625
f 12367 12368 12625
f 12224 12369 12626
f 12370 12372 12627
f 12230 3509 12496
f 12496 3509 11447
f 11601 11602 11914
f 11602 11756 12631
f 1254 3451 12501
f 3451 3453 12501
f 12775 12501 12232
f 1518 1274 13489
f 12636 1253 12638
f 3458 3385 1215
f 3385 11761 1215
f 11761 12235 1215
f 11454 1470 1436
f 11916 12504 12640
f 12777 1431 12643
f 12643 1431 12505
f 1431 1430 11763
f 1468 1273 11917
f 3303 1527 12778
f 1527 11455 12778
f 13374 12239 3423
f 11612 12240 12510
f 13376 11458 1513
f 3390 3464 11766
f 11766 12380 12780
f 3465 1245 12511
f 12512 1443 12242
f 1244 3360 11615
f 12246 11771 12382
f 3361 12247 12382
f 12247 12248 12783
f 11773 11774 1268
f 3476 12515 3475
f 12652 11780 12384
f 12385 1265 12386
f 1265 11470 1228
f 1238 1442 1441
f 12388 11629 12249
f 12521 11630 12653
f 11783 11473 12655
f 11473 11784 12656
f 11784 12522 12656
f 11784 1427 12658
f 1427 11474 1251
f 11935 1259 1261
f 1261 1262 12659
f 11935 11633 1262
f 1439 11634 12660
f 3499 1434 11476
f 12663 3504 11640
f 11481 3506 1256
f 1256 11642 1250
f 11482 3338 11942
f 12530 12665 11644
f 12665 11483 11644
f 12530 11644 12666
f 11644 11645 12666
f 1255 11646 1249
f 1249 11646 1459
f 11646 11484 1459
f 1473 11330 11485
f 11485 11486 12397
f 11495 12399 12668
f 12399 11654 11655
f 11655 11789 12669
f 11656 11337 11657
f 9712 10059 11658
f 12400 12401 12672
f 12670 12536 12674
f 12401 11497 12675
f 11497 12537 12675
f 12542 11665 12677
f 11665 11962 12677
f 11962 10938 12677
f 10228 12795 11510
f 11795 10830 12263
f 12406 11349 13520
f 13520 11349 12408
f 11799 11350 11514
f 11351 11800 12680
f 12686 12409 1388
f 12686 1378 1398
f 12410 12270 12688
f 12688 12270 12807
f 12411 1422 12689
f 1422 12412 12689
f 12276 12414 12412
f 12414 12547 12412
f 12413 12278 12690
f 12278 12548 12690
f 12692 12691 12694
f 12691 12549 12694
f 12548 12278 12693
f 12694 12550 12696
f 12278 12551 12695
f 12696 12552 12698
f 12551 12415 12697
f 12698 12416 12554
f 12554 12556 12698
f 12558 12560 12556
f 12560 12423 12556
f 12422 12279 12699
f 1352 1424 12812
f 10841 1395 10019
f 12701 12563 12702
f 12565 12425 12424
f 12132 12093 12139
f 12567 12146 12704
f 12826 12431 12706
f 12431 12150 12706
f 12150 11373 12832
f 12290 12571 12432
f 12719 12574 12444
f 12576 12170 12923
f 12578 12447 12579
f 11386 12300 12726
f 12300 12581 12728
f 12302 12448 12731
f 12307 11844 12452
f 11541 12584 11844
f 3749 3741 12732
f 12732 3741 3751
f 12732 3751 11701
f 11701 12587 12734
f 12586 11704 12733
f 11704 3535 12733
f 3755 10409 1457
f 1457 10409 12453
f 12588 11848 12455
f 12735 12455 11395
f 11707 11849 12736
f 11545 11851 12590
f 12589 12591 12737
f 12737 12591 12597
f 12460 12461 12739
f 12461 12462 12740
f 12599 11562 12932
f 12932 11562 12316
f 12932 12316 12600
f 12600 12466 12602
f 12741 12351 11739
f 11582 10722 12353
f 12209 11889 12354
f 11891 12476 12354
f 11586 10725 1445
f 12742 12607 12744
f 12610 12614 1219
f 12613 12609 12746
f 12612 12608 12747
f 12608 12615 12747
f 12608 11892 12615
f 11745 12616 12357
f 12755 11113 12480
f 12218 12362 12619
f 12621 12622 12756
f 12756 12622 12757
f 9619 12863 12622
f 12863 9619 13354
f 11910 11598 12623
f 12767 12487 12489
f 12491 12492 12625
f 12768 12224 12626
f 12628 12226 1248
f 1247 12629 12770
f 1247 10750 12629
f 10750 12227 12629
f 12771 12494 12495
f 11446 12865 10047
f 12865 11329 12230
f 11447 1444 12231
f 12231 11600 11914
f 11603 11604 12632
f 12632 11604 11450
f 11450 12498 12633
f 11757 3380 12500
f 3451 1254 12634
f 3454 1518 13489
f 1253 11915 12638
f 12233 1215 12639
f 1432 3458 1215
f 1243 11454 1436
f 1469 12377 11916
f 3422 11762 12377
f 3460 11607 12868
f 12642 1431 12777
f 12505 11763 11918
f 11918 12506 12644
f 12644 12506 13612
f 12778 11455 12237
f 1272 3423 1498
f 11920 13619 12779
f 11920 11921 13619
f 3463 3388 11921
f 3390 11766 12379
f 3234 3465 11767
f 1200 12243 3466
f 11617 1467 12782
f 12782 1467 12381
f 3468 11618 12381
f 11769 3396 12244
f 3431 12245 1187
f 1269 11923 12513
f 12783 12248 12649
f 12248 11924 12514
f 1512 11621 1435
f 1435 1465 12784
f 1429 1462 1241
f 1462 1463 11772
f 12383 3433 13501
f 3433 11623 3475
f 12515 11467 1461
f 1461 12785 12650
f 11927 3409 11777
f 12651 1267 11929
f 11929 11627 12873
f 12384 1496 11468
f 12387 1266 1228
f 12250 11632 11631
f 11633 1439 1262
f 12526 12392 12393
f 12393 11639 1258
f 3503 3504 12663
f 11941 13644 12257
f 12664 11641 12529
f 1256 1237 11481
f 1250 11643 11482
f 1459 11944 1249
f 12259 11488 12667
f 12667 11488 11785
f 11489 11648 12533
f 11495 12668 12398
f 11789 11656 12669
f 11656 11657 12669
f 12535 12671 12793
f 12793 12671 12539
f 12671 12673 12539
f 12794 11510 12795
f 12263 10015 11511
f 12543 12406 12798
f 11514 11675 12800
f 11675 11351 12800
f 12683 11966 12801
f 12801 11966 12802
f 11966 11517 12802
f 12802 11517 12267
f 1410 1396 12269
f 12269 1396 1210
f 12686 1398 12805
f 1398 12687 12805
f 12411 12689 12547
f 12547 12414 12692
f 12414 12691 12692
f 12694 12696 12698
f 12556 12423 12808
f 12423 12700 12808
f 12279 1375 12699
f 12699 1375 12809
f 1375 12561 12811
f 12819 12813 12821
f 12814 12703 12823
f 12098 12147 12825
f 12147 12114 12152
f 12829 12705 12708
f 12706 12150 12709
f 12708 12707 12830
f 12831 12830 12711
f 12150 12832 12710
f 9667 12432 12833
f 12833 12432 12712
f 12712 12432 12716
f 10256 11532 12922
f 13668 12170 12445
f 12835 12579 12724
f 12579 11386 12724
f 12725 12580 12727
f 12727 12729 12730
f 12583 12449 12838
f 12838 12449 12450
f 12584 12585 12840
f 11701 12734 12841
f 10870 11393 12176
f 12843 12309 12588
f 12309 11848 12588
f 11395 11707 12735
f 12736 11849 11850
f 12310 11545 12737
f 12938 12737 12595
f 12459 12460 12595
f 12845 12738 12599
f 12739 12461 12847
f 12600 12602 12351
f 11287 11582 1220
f 1220 11582 12353
f 12848 12354 12476
f 12850 12607 12742
f 12750 12615 12855
f 12615 11892 12857
f 12753 12478 12861
f 12479 12616 12862
f 12479 12357 12616
f 12617 11894 12754
f 12754 11894 12359
f 11752 12218 13352
f 13352 12218 12758
f 12757 12622 12761
f 12762 12622 12863
f 13354 9619 12221
f 12221 9619 11910
f 12624 11753 12766
f 12767 12489 12864
f 12489 12491 13607
f 12627 12372 12769
f 13610 11913 12494
f 1246 10047 12865
f 11602 12631 12866
f 12631 12497 12866
f 11756 3448 12373
f 12498 3450 12774
f 12500 3380 3451
f 1253 12636 13367
f 12639 12502 12233
f 11916 12640 1436
f 12504 11916 13725
f 1189 12641 12377
f 12377 11762 1189
f 1273 1468 12236
f 12236 11609 12646
f 12646 11609 12778
f 12507 12237 12238
f 3461 12239 12509
f 1498 3424 1272
f 11919 11611 13615
f 13498 13619 11921
f 11922 11612 12510
f 1513 11765 13376
f 11765 12241 13620
f 11614 3390 12647
f 11768 12243 13379
f 1234 1201 13379
f 1234 12243 1200
f 12869 1187 12245
f 12246 12382 12870
f 12382 12247 12870
f 12784 12514 11924
f 1465 1429 12784
f 11774 1229 12871
f 1229 1214 12871
f 3433 3475 12515
f 3476 11467 12515
f 1240 11777 11778
f 11928 11626 1267
f 12651 11929 12873
f 12386 12387 1228
f 1154 1482 11930
f 12519 1154 11930
f 12874 11931 1227
f 11931 1442 1238
f 1441 11629 1238
f 1238 11629 12388
f 12653 1440 12654
f 1221 1225 1223
f 1222 1226 1223
f 12250 11935 12659
f 11935 1261 12659
f 11634 12391 12876
f 3499 11476 12391
f 12391 11476 12876
f 12526 12393 12790
f 12393 1258 12790
f 12662 12878 1192
f 12662 12256 12878
f 12256 11480 12528
f 11939 3378 3503
f 11941 11641 12664
f 12529 11481 1237
f 11482 11942 1212
f 1212 11942 12665
f 11943 1473 12397
f 1473 11485 12397
f 12258 11488 12259
f 3531 11945 11785
f 12260 12534 12881
f 11658 12262 12882
f 12792 12400 12884
f 12539 11665 13397
f 13397 11665 12542
f 12677 11510 12794
f 13648 11512 12886
f 11512 12799 12886
f 12798 12406 13520
f 11799 11514 12887
f 11351 12679 12800
f 12680 11800 12888
f 12890 12683 12801
f 12894 12802 12895
f 12802 12267 12895
f 1396 1376 1276
f 13412 1377 1397
f 13412 1397 12545
f 12545 12409 12803
f 12896 12898 12804
f 12898 12686 12804
f 12686 12805 12804
f 12804 12805 12900
f 12806 12688 12901
f 1362 1402 13883
f 12411 12547 12692
f 12694 12698 12692
f 12556 12808 12902
f 12699 12809 12903
f 12904 1375 13770
f 11801 12820 12906
f 11372 1437 12139
f 1437 12132 12139
f 12909 12282 12566
f 12912 12146 13429
f 12914 12146 12120
f 12288 12827 12152
f 12829 12830 12831
f 11373 9667 13892
f 9667 12833 13892
f 12713 12717 12918
f 12917 12718 12919
f 12718 12720 12919
f 12719 12444 12921
f 11533 3545 10404
f 13441 10976 12576
f 12923 12170 13668
f 12924 12445 10860
f 12577 12722 12834
f 12928 12926 12724
f 12925 12834 12723
f 12724 11386 12928
f 11386 12726 12928
f 12725 12727 12927
f 12301 1472 12836
f 12836 1472 12837
f 1472 12302 12837
f 12302 12731 12837
f 12731 12448 12839
f 12305 12307 12452
f 12585 11541 12929
f 12929 10867 12981
f 12981 10867 3749
f 12841 12734 12935
f 12842 12733 12930
f 12930 12733 3535
f 3535 1457 12930
f 12176 11393 12454
f 11847 12843 12177
f 12588 12455 12844
f 12595 12460 12938
f 12460 12739 12846
f 12845 12599 12932
f 12949 11740 11581
f 12949 11581 1220
f 12354 12848 12209
f 11586 12849 11585
f 1445 11892 11586
f 12851 12743 12933
f 13671 12585 1218
f 11541 10867 12929
f 12981 3749 12732
f 12936 12453 12176
f 12310 12737 12938
f 11586 11892 12944
f 11892 12608 12947
f 1219 1218 12933
f 1218 12585 12929
f 1457 12453 12936
f 12455 12735 12844
f 12735 11707 12736
f 11850 12310 12931
f 12938 12460 12940
f 12845 12932 12941
f 12741 11739 12949
f 11739 11740 12949
f 12950 12476 12477
f 12477 11585 12943
f 11585 12849 12943
f 12849 11586 12944
f 12945 12933 1218
f 12454 12177 13021
f 11847 12309 12843
f 12954 12844 12937
f 12736 11850 12931
f 12600 12351 12741
f 12353 12209 12955
f 12957 12953 12962
f 12960 12945 1218
f 12177 12843 13021
f 12736 12931 12735
f 12938 12940 12968
f 12941 12932 12939
f 1220 12353 12955
f 12955 12209 12848
f 12972 1218 12966
f 1218 12929 12966
f 12966 12929 12981
f 12934 12842 12930
f 1457 12936 12930
f 13021 12843 13022
f 12986 12937 12844
f 12310 12938 13073
f 12958 12970 12977
f 12964 1218 12972
f 13016 12981 12732
f 11701 12841 12983
f 13022 12843 12588
f 12986 12844 12735
f 12931 12310 12974
f 12987 12967 12939
f 12932 12600 12741
f 12949 1220 1217
f 1217 1220 12955
f 13076 12476 12950
f 12732 11701 12999
f 12982 12934 12930
f 12930 12936 13020
f 12936 12176 12454
f 12588 12844 13022
f 12973 12937 12986
f 12986 12735 12931
f 12938 12968 13073
f 12987 12939 13003
f 12932 12741 1217
f 12943 12849 13006
f 12991 12994 13009
f 13013 12995 13015
f 12996 12998 13016
f 12998 12981 13016
f 12999 11701 13017
f 11701 12983 13017
f 13022 12844 13023
f 12844 12954 13023
f 12985 13024 13001
f 13024 12985 13026
f 12973 12986 13027
f 12931 12974 12986
f 12741 12949 1217
f 13076 12950 13028
f 12950 12477 13032
f 12477 12943 13032
f 12943 13006 13033
f 13012 13014 13044
f 13045 13016 12732
f 13018 12982 13019
f 13024 13026 13046
f 12974 12310 13073
f 13073 12968 13114
f 12968 12988 13114
f 13114 12988 13049
f 13049 12988 13050
f 12939 12932 13003
f 12932 1217 13003
f 12955 12848 1217
f 12848 12476 13076
f 13028 12950 13052
f 13055 13030 13059
f 13035 13039 13056
f 12999 13017 13063
f 12930 13019 12982
f 13089 12936 12454
f 13109 12954 13067
f 13002 13025 13066
f 13064 13024 13068
f 13024 13046 13068
f 13046 13026 13047
f 13027 12986 13071
f 12986 12974 13073
f 13114 13049 13075
f 13003 1217 13115
f 13054 13060 13085
f 13083 13058 13087
f 13057 13041 13086
f 13088 13045 12732
f 13019 12930 13020
f 13020 12936 13089
f 13023 12954 13109
f 13048 13003 13074
f 13074 13003 13115
f 13090 12848 13076
f 13095 13076 13097
f 13076 13028 13097
f 13097 13028 13080
f 13083 13087 13103
f 13103 13087 13105
f 13088 12732 13106
f 13106 12732 13108
f 12732 12999 13108
f 12454 13021 13089
f 13046 13047 13111
f 13027 13071 13112
f 13116 12848 13117
f 12848 13090 13117
f 13121 13076 13095
f 13123 13092 13128
f 13094 13096 13130
f 13126 13100 13131
f 13135 13103 13105
f 13108 12999 13137
f 13136 13062 13019
f 13109 13067 13138
f 13138 13067 13141
f 13065 13069 13140
f 13069 13110 13140
f 13140 13110 13146
f 13071 12986 13073
f 13074 13115 13113
f 13113 13115 1216
f 13116 13090 13076
f 13147 13120 13153
f 13119 13093 13154
f 13092 13123 13149
f 13150 13125 13155
f 13105 13107 13136
f 13023 13109 13139
f 13141 13143 13138
f 13142 13140 13158
f 13140 13146 13158
f 13145 13046 13111
f 13071 13073 13165
f 13073 13114 13165
f 13113 1216 13164
f 13116 13076 13169
f 13170 13076 13175
f 13076 13122 13175
f 13171 13148 13152
f 13157 13134 13136
f 13134 13135 13136
f 13135 13105 13136
f 13139 13144 13176
f 13179 13177 13158
f 13177 13142 13158
f 13160 13163 13183
f 13162 13145 13182
f 13111 13070 13184
f 13185 13071 13187
f 13071 13165 13187
f 13165 13188 13187
f 13115 1217 12848
f 12848 13116 13189
f 13116 13166 13190
f 13166 13116 13169
f 13174 13151 13156
f 13192 13019 13020
f 13021 13022 13023
f 13176 13023 13139
f 13195 13178 13197
f 13200 13199 13201
f 13199 13180 13201
f 13181 13161 13202
f 13159 13182 13201
f 13201 13182 13111
f 13182 13145 13111
f 13184 13186 1216
f 13115 12848 13189
f 13166 13169 13205
f 13191 13168 13209
f 13020 13089 13192
f 13089 13021 13193
f 13021 13023 13193
f 13193 13176 13215
f 1216 13115 13200
f 13200 13115 13216
f 13115 13189 13216
f 13219 13217 13222
f 13221 13204 13226
f 13157 13136 13173
f 13023 13176 13193
f 13211 13199 13200
f 13184 1216 13200
f 13189 13116 13229
f 13116 13190 13229
f 13229 13190 13231
f 13217 13219 13230
f 13232 13218 13233
f 13218 13225 13233
f 13136 13019 13173
f 13173 13019 13208
f 13089 13193 13236
f 13193 13214 13237
f 13212 13228 13239
f 13201 13111 13200
f 13111 13184 13200
f 13208 13019 13192
f 13238 13227 13245
f 13249 13242 13250
f 13232 13233 13252
f 13235 13208 13244
f 13192 13089 13236
f 13257 13254 13259
f 13216 13189 13255
f 13255 13189 13229
f 13247 13251 13262
f 13261 13243 13253
f 13263 13244 13192
f 13244 13208 13192
f 13193 13237 13265
f 13256 13258 13264
f 13268 13260 13270
f 13246 13200 13271
f 13216 13255 13273
f 13247 13262 13274
f 13271 13200 13280
f 13200 13216 13280
f 13216 13272 13303
f 13255 13229 13275
f 13193 13266 13236
f 13236 13266 13286
f 13285 13278 13288
f 13269 13271 13290
f 13281 13216 13303
f 13272 13216 13273
f 13273 13255 13291
f 13282 13276 13293
f 13274 13262 13294
f 13236 13286 13295
f 13283 13289 13299
f 13290 13271 13303
f 13271 13281 13303
f 13291 13255 13292
f 13305 13261 13253
f 13263 13192 13236
f 13295 13286 13310
f 13309 13297 13301
f 13315 13304 13319
f 13316 13261 13305
f 13236 13295 13307
f 13295 13310 13323
f 13308 13302 13322
f 13324 13303 13327
f 13327 13303 13272
f 13272 13273 13311
f 13328 13311 13329
f 13273 13291 13333
f 13332 13313 13320
f 13312 13314 13318
f 13306 13263 13337
f 13337 13263 13236
f 13340 13295 13323
f 13321 13325 13342
f 12616 11894 12617
f 12754 12359 13349
f 12213 11751 12359
f 12218 12619 12758
f 12759 12863 13351
f 13357 12623 12763
f 13356 12486 12624
f 13360 13358 12764
f 12764 12765 12864
f 12765 12767 12864
f 12864 12489 13607
f 13362 12769 13363
f 12628 1248 1247
f 12227 11913 12630
f 12630 11913 13610
f 13483 12771 13365
f 10751 12228 12495
f 11602 12866 11914
f 12373 3449 12773
f 13818 12773 12374
f 3450 12499 12774
f 12635 1274 13611
f 1274 11759 3456
f 11759 1492 3456
f 13369 12776 12639
f 12776 12637 12639
f 12504 1242 12640
f 13725 1242 12504
f 12641 13725 11916
f 11916 12377 12641
f 11762 3460 12868
f 11607 3354 1431
f 1431 11763 12505
f 12644 13612 1235
f 1203 12646 12778
f 12237 12507 13372
f 1272 11764 1202
f 11611 11920 13616
f 13616 11920 12779
f 11765 13620 13376
f 12647 3390 12648
f 12648 3390 12379
f 3465 12511 13377
f 12511 1245 13378
f 1245 1443 12512
f 11768 13379 11615
f 13379 12243 1234
f 3466 3467 1200
f 1231 11618 11769
f 11461 3431 1187
f 1269 12513 13623
f 12513 12246 13381
f 12870 12247 12783
f 1512 1435 12784
f 12784 1429 1241
f 13500 1241 1462
f 1197 11772 1268
f 1268 11774 12871
f 13501 3433 13736
f 11778 1252 1195
f 13503 12384 11468
f 11470 1482 12518
f 13387 1194 12519
f 11931 1238 1227
f 13388 1264 12521
f 13389 12654 11783
f 13389 11783 12655
f 1224 1223 1225
f 1221 1223 1226
f 1222 12522 1226
f 12522 11784 1226
f 1226 11784 12658
f 1427 1251 12658
f 11631 11935 12250
f 11476 1426 12876
f 1426 12525 12876
f 11640 3446 12879
f 1237 1256 1250
f 1250 11482 13392
f 12530 12666 1255
f 1255 1249 13393
f 1182 12259 12667
f 12667 11785 13395
f 13395 11785 11945
f 12532 11647 1211
f 11647 11489 1211
f 1211 11489 12533
f 11655 12669 12399
f 12262 11793 12883
f 12400 12792 11793
f 12791 12793 13397
f 12793 12539 13397
f 11795 12263 13518
f 1458 1425 1181
f 13399 11963 10948
f 13399 10948 13401
f 11514 12800 12887
f 13403 12681 13405
f 12682 12889 13407
f 12891 12893 13409
f 12267 11677 12268
f 1180 11354 12269
f 12544 1377 13412
f 12803 12409 12686
f 13413 12898 13415
f 12899 12897 13416
f 12688 12807 12901
f 12807 1383 1401
f 12698 12556 13419
f 13419 12556 12902
f 12902 12808 13420
f 13420 12808 12810
f 12809 1375 12904
f 1424 1395 12812
f 12812 1395 10841
f 12907 12818 13422
f 13421 12816 12565
f 12427 12110 12281
f 13663 12566 12284
f 13546 12704 12912
f 12704 12146 12912
f 13427 12912 13429
f 13429 12146 12914
f 12120 12136 13550
f 12147 12152 13552
f 12827 12705 12829
f 12708 12830 12829
f 13437 12916 13439
f 12444 10256 13787
f 11532 11533 10404
f 13443 12301 12836
f 12837 12731 1191
f 13566 1191 12731
f 12731 12839 13446
f 12838 12450 13445
f 12450 12305 12452
f 12452 11844 13447
f 1219 12614 13671
f 12614 12853 13448
f 12751 12854 13449
f 12856 12860 13452
f 12858 11892 13459
f 11892 12478 13460
f 12478 12753 13460
f 12753 13346 13461
f 13346 13344 13461
f 13329 13311 13273
f 13472 13338 13475
f 13339 13341 13476
f 13327 13272 13477
f 13328 13345 13311
f 13311 13345 13347
f 13346 12753 13478
f 13348 12862 12616
f 11751 11257 12755
f 12480 11313 13350
f 11313 11752 13350
f 11752 13352 13350
f 12760 13352 12758
f 13351 12863 13354
f 12623 13355 11910
f 12491 12625 13607
f 12625 12627 13608
f 13608 12627 13362
f 12627 12769 13362
f 13364 12770 12629
f 11447 12231 12496
f 12631 11756 12373
f 1175 1236 1174
f 1236 3417 13488
f 12632 11450 12633
f 3451 12634 12500
f 12501 12775 1208
f 13489 12775 12232
f 12232 3454 13489
f 12639 1215 13369
f 12235 11761 1243
f 12640 1242 13495
f 13495 1242 13370
f 11607 1431 12868
f 12868 1431 12642
f 12777 12643 13938
f 12646 12645 12236
f 12645 1273 12236
f 12646 1203 1205
f 12238 11610 13373
f 12239 13374 12509
f 3423 1272 13374
f 11767 3465 1271
f 13379 1201 13499
f 1200 3467 12781
f 12781 3467 1157
f 1270 1269 13623
f 13381 12246 12870
f 12783 12649 1199
f 1186 12514 14078
f 12514 13383 14078
f 11924 1512 12784
f 1198 1197 1268
f 1268 12871 1198
f 1196 1214 1229
f 1229 11464 13632
f 13632 11464 11925
f 12383 13501 11925
f 12650 12872 1461
f 1240 11778 13839
f 11778 1195 13839
f 11928 1267 12651
f 1154 12519 1194
f 13387 12519 12520
f 13637 1263 1264
f 1264 1193 13637
f 1193 1264 13388
f 12521 12653 13388
f 12655 11473 12656
f 12522 1222 1224
f 1251 12250 13506
f 12876 12525 13508
f 12525 12661 13508
f 1258 13391 13507
f 1257 12662 1192
f 12878 12256 12528
f 12879 3446 12257
f 3446 11940 12257
f 13392 11482 13512
f 11482 1212 13512
f 13393 1249 1183
f 12397 12258 11943
f 11943 12258 1182
f 12258 12259 1182
f 12533 11648 12880
f 13396 11648 12260
f 11657 11658 12669
f 12669 11658 12882
f 13514 11793 13515
f 13515 11793 13517
f 11793 12792 13517
f 12542 12677 13398
f 12263 11511 12885
f 11511 1458 13519
f 13519 1458 1181
f 1425 10229 1181
f 13401 12678 11796
f 12408 10949 13522
f 11513 11799 13754
f 13404 13406 13524
f 13406 13410 13524
f 12267 12268 13526
f 12545 12803 13527
f 13655 12686 12898
f 12898 13413 13529
f 13530 13414 13416
f 13416 12897 12901
f 12897 13417 12901
f 13657 12901 12807
f 12546 1362 13883
f 1402 12271 13883
f 12271 12411 13418
f 12692 12698 13419
f 12809 12904 13531
f 13532 12905 13534
f 12904 13770 13533
f 12561 12812 13535
f 10842 11801 12906
f 13423 13426 13537
f 13542 13421 13543
f 13421 12565 13543
f 12565 12424 13543
f 12424 11372 13544
f 12824 11372 12139
f 12910 12911 13547
f 13547 12913 13428
f 13428 13430 13549
f 12914 12120 13431
f 12136 12568 13551
f 12098 12825 12144
f 12152 12827 12829
f 12829 12831 13553
f 13432 12832 13434
f 13438 12920 13562
f 13563 12921 13787
f 13787 12921 12444
f 10256 12922 13787
f 12927 12727 12730
f 12730 13442 1136
f 11844 12584 13447
f 13568 13450 13454
f 13570 13453 13572
f 13459 11892 13577
f 11892 13460 13577
f 13576 13460 13583
f 13586 13583 13460
f 12753 13461 13589
f 13462 13345 13590
f 13345 13328 13590
f 13329 13273 13591
f 13273 13334 13591
f 13465 13468 13594
f 13470 13336 13337
f 13236 13307 13596
f 13596 13307 13473
f 13343 13326 13597
f 13597 13326 13598
f 13477 13272 13311
f 13311 13347 13600
f 13346 13478 13599
f 12480 13479 13603
f 13352 13480 13605
f 13605 13353 13606
f 12623 13357 13355
f 13355 13357 13359
f 13360 12764 12864
f 13607 12625 13608
f 13481 13361 1247
f 12629 12227 12630
f 13365 12771 12495
f 12228 1246 13485
f 1246 13484 13485
f 12865 12230 13719
f 12231 11914 12496
f 12496 11914 12866
f 13486 12497 12631
f 1236 1175 12374
f 1209 12633 12498
f 12499 11757 12500
f 1254 12501 1208
f 12635 13489 1274
f 1215 13494 13369
f 12642 12777 13727
f 13374 1272 1202
f 11919 13615 12378
f 13615 13497 12378
f 13617 13616 12779
f 13728 13498 11921
f 12240 11458 13376
f 12511 13378 13377
f 13378 1245 13621
f 11615 13379 1244
f 1201 1234 1200
f 12381 11618 1231
f 12244 11461 1187
f 12513 13381 13623
f 12870 12783 13624
f 12783 1199 13624
f 12649 12248 1186
f 13627 13626 13628
f 13629 13625 13627
f 13628 13626 13625
f 13625 13626 1241
f 13625 13629 13628
f 11772 13500 1462
f 13500 11772 1197
f 12871 1214 13945
f 1214 1196 13631
f 13632 11925 13501
f 13736 3433 12515
f 12515 1461 12872
f 1195 1252 1239
f 1239 1252 11928
f 11928 12651 13948
f 12651 12873 1168
f 12873 11627 11779
f 13633 11780 12652
f 12652 12384 13384
f 11468 3412 13503
f 13737 11781 12385
f 12386 1228 13842
f 1228 11470 13634
f 12874 1227 13950
f 13637 12388 1263
f 1166 1193 13505
f 13505 1193 13388
f 12656 12522 13638
f 13638 12522 1224
f 13639 1221 13390
f 1221 1226 13390
f 12660 11634 12876
f 13508 12877 13641
f 13640 13391 13642
f 13391 1257 13642
f 1257 13511 13642
f 1257 1192 13511
f 1192 12878 1213
f 12528 11939 13643
f 11939 3503 1142
f 12529 1237 13392
f 1237 1250 13392
f 13513 1212 12530
f 1212 12665 12530
f 12530 1255 13393
f 13645 13393 1183
f 1249 11944 1183
f 11786 12532 11945
f 12534 12398 12668
f 12262 12883 12882
f 13514 12883 11793
f 13516 13397 13646
f 12795 11795 13518
f 13518 12263 12885
f 12885 11511 13519
f 11796 11512 13648
f 11799 12887 13754
f 13650 13525 13651
f 13525 13411 13651
f 12894 12895 13652
f 13526 12268 11354
f 12269 1210 1180
f 1210 1396 1276
f 13654 12803 13655
f 12803 12686 13655
f 12898 13529 13655
f 13530 13416 13657
f 13416 12901 13657
f 13657 12807 13658
f 13658 12807 1401
f 12411 12692 13660
f 12810 13532 13420
f 13532 13534 13420
f 13543 12424 13544
f 12284 12910 13663
f 13428 13549 13547
f 12144 12825 13664
f 13552 12152 12829
f 12831 13433 13554
f 13555 13434 13666
f 13434 12832 13666
f 13666 12832 13892
f 11532 10404 12922
f 13668 12445 14131
f 12927 12730 12925
f 12836 12837 13565
f 13789 13444 13445
f 13671 12614 13448
f 13671 13448 13569
f 13455 13456 13674
f 13456 13574 13674
f 13679 13578 13584
f 13460 12753 13586
f 12753 13589 13586
f 13590 13328 13588
f 13588 13328 13693
f 13691 13328 13696
f 13328 13329 13696
f 13463 13465 13594
f 13695 13592 13698
f 13592 13469 13698
f 13470 13337 13699
f 13337 13595 13699
f 13236 13596 13337
f 13700 13471 13701
f 13471 13474 13701
f 13311 13600 13704
f 13599 13478 13702
f 13709 13601 13348
f 12359 11751 12755
f 12480 13603 12755
f 12480 13604 13479
f 13710 13350 13352
f 13355 13359 13713
f 14062 13608 13362
f 13609 12630 13610
f 12494 12771 13716
f 13716 12771 13483
f 13483 13365 13717
f 13365 12495 13485
f 12495 12228 13485
f 13718 13485 13484
f 12230 12496 13719
f 1174 1236 13488
f 3417 3418 12632
f 12632 3418 11603
f 1209 12498 12774
f 12499 12500 13720
f 14278 12500 12634
f 3456 1253 1274
f 1253 13611 1274
f 13367 13368 13491
f 13368 13492 13491
f 13369 13494 13493
f 12235 1243 1436
f 13724 13725 13726
f 13724 1242 13725
f 13727 12777 13938
f 11918 12644 12505
f 13832 12644 1188
f 11917 1273 12506
f 1203 12778 1207
f 13614 14075 1202
f 13834 12779 13728
f 12779 13618 13728
f 13376 13620 14497
f 11614 12647 13729
f 12379 11766 12780
f 12242 1244 13379
f 12781 1157 1169
f 3467 11617 1157
f 12782 1157 11617
f 12782 12381 1231
f 11769 12244 1231
f 1187 12869 13732
f 12245 1270 12869
f 13734 13623 13381
f 13735 13381 12870
f 12649 1186 13382
f 12784 1241 13626
f 1239 11928 13948
f 11781 13737 3412
f 12518 1482 1154
f 13950 1227 13636
f 1227 13738 13636
f 1227 1238 13738
f 13738 1238 13637
f 1238 12388 13637
f 13388 12653 12654
f 13638 1224 1165
f 1225 1221 13639
f 13740 1226 12658
f 12658 1251 13741
f 1251 13506 13741
f 1262 1439 13742
f 1439 12660 13742
f 13508 13641 13745
f 13744 13640 13642
f 13511 13509 13642
f 1178 1164 1176
f 1178 1192 1213
f 12878 12528 13643
f 13643 11939 1142
f 1142 3503 12663
f 11945 1148 13395
f 12533 12880 13851
f 12260 12881 13396
f 12534 12668 13852
f 12668 12399 12882
f 12669 12882 12399
f 13515 13647 13749
f 13646 13397 12542
f 12677 12794 13398
f 1181 10229 11963
f 13648 12886 13963
f 12799 13521 12886
f 13649 13520 12408
f 10832 11513 13754
f 13977 12895 12267
f 13763 13527 13653
f 13527 12803 13653
f 13653 12803 13654
f 13878 13654 13655
f 13766 13655 13656
f 13528 13530 13657
f 1375 12811 13770
f 10842 12906 13771
f 12906 13538 13771
f 13774 13540 13777
f 13542 13543 13775
f 13545 12280 12427
f 12909 12566 13663
f 12910 13547 13780
f 13547 13549 13780
f 13782 12914 13431
f 13431 12120 13550
f 13553 12831 13783
f 12831 13554 13783
f 13783 13554 13665
f 12712 13435 13786
f 13667 13556 13788
f 13561 13563 13787
f 10860 12577 12924
f 13670 1190 13789
f 12450 12452 13445
f 12452 13567 13445
f 12585 13671 13790
f 13671 13569 13794
f 13571 13672 13793
f 13673 13676 13792
f 13682 13585 13797
f 13585 13684 13797
f 13586 13589 13802
f 13587 13692 13803
f 13694 13697 13690
f 13804 13699 13595
f 13806 13597 13598
f 13311 13703 13477
f 13702 13478 13809
f 13478 13708 13809
f 13813 12616 12617
f 12754 13349 13814
f 13606 13354 12221
f 13711 13712 12864
f 13362 13482 14062
f 13714 13481 13817
f 13481 1247 13817
f 1247 12770 13817
f 14167 12494 13716
f 1246 12865 13719
f 13719 12496 12866
f 12866 12497 14065
f 12373 12773 13818
f 13819 1209 12774
f 14278 12634 1173
f 1208 12775 13489
f 12635 13611 13489
f 1253 13367 13721
f 13493 13494 13823
f 13494 13723 13823
f 13826 13494 1215
f 12235 1436 13827
f 13725 12641 13831
f 12505 12644 13832
f 12644 1235 1188
f 12506 1273 12645
f 12646 1205 13613
f 1205 1170 13613
f 13613 1170 13833
f 1083 1204 1207
f 1207 12778 12237
f 3461 12509 11610
f 11610 12509 13373
f 1202 11764 12378
f 13617 12779 13834
f 13618 13498 13728
f 11921 11922 13728
f 12780 12380 1145
f 12380 1271 1145
f 3465 13377 13730
f 1231 12244 1232
f 1232 12244 13837
f 12244 1187 13837
f 13735 12870 13624
f 1199 12649 13838
f 13383 12514 13627
f 12514 12784 13627
f 11927 11777 12785
f 1143 11777 13839
f 11777 1240 13839
f 13637 1193 1167
f 1193 1166 1167
f 13843 1128 1166
f 1165 1224 1152
f 1224 1225 1152
f 1225 13639 1152
f 13390 1226 13740
f 13740 12658 13741
f 12659 1262 13742
f 12660 12876 13742
f 13742 12876 1179
f 12876 13508 13846
f 13508 13745 13846
f 13846 13745 13847
f 13848 13642 13509
f 13511 1192 1178
f 1164 1178 1213
f 12663 11640 12879
f 12879 12257 1149
f 13644 11941 12664
f 12529 13392 12664
f 13392 13512 14306
f 13513 12530 13393
f 11944 11943 1182
f 12880 11648 13396
f 12881 12534 13852
f 13514 13515 13749
f 13398 12794 13751
f 13962 13401 13752
f 13520 13649 13854
f 13855 13754 13856
f 12887 12800 13856
f 12800 12679 13523
f 13650 13651 13759
f 13652 12895 13860
f 13755 13758 13859
f 12895 13977 13760
f 13526 11354 1180
f 1210 1276 12544
f 13412 12545 13864
f 13864 12545 13866
f 13866 12545 13762
f 13762 13527 13869
f 13762 12545 13527
f 13871 13527 13763
f 13763 13653 13872
f 13653 13654 13876
f 13878 13655 13880
f 13655 13766 13880
f 13882 13658 1401
f 12411 13660 13418
f 12692 13419 13660
f 13419 12902 13769
f 13884 13420 13534
f 12811 12561 13885
f 12812 10841 13535
f 10841 10842 13886
f 13886 10842 13771
f 13778 12427 12281
f 13663 12910 13780
f 13781 13549 13887
f 13888 12568 12144
f 12825 12147 14006
f 12147 13552 14006
f 13666 13892 13890
f 12832 11373 13892
f 12833 12712 13786
f 13441 12576 13897
f 13897 12576 12923
f 14131 12445 13898
f 12577 12834 12924
f 12925 12730 1136
f 13442 13669 13899
f 13670 13789 13900
f 12840 12585 13901
f 13794 13678 13671
f 13796 13688 13678
f 13688 13799 13678
f 13902 13804 13903
f 13804 13595 13903
f 13595 13337 13596
f 13905 13807 13909
f 13808 13705 13910
f 13913 13908 13915
f 13911 13706 13918
f 13707 13809 13921
f 13348 12616 13922
f 12616 13812 13922
f 13349 12359 12755
f 13604 12480 13350
f 13352 13605 13710
f 13605 13606 13710
f 12864 13607 13711
f 14062 13482 13715
f 13717 13365 13931
f 12631 12373 13818
f 13720 12500 14278
f 1171 1173 12634
f 1208 13489 13822
f 13611 13721 1146
f 13611 1253 13721
f 13367 13491 13721
f 13721 13491 13722
f 13933 13825 13934
f 13935 13826 1215
f 1215 12235 13827
f 13827 1436 13936
f 1436 12640 13936
f 13936 12640 13495
f 1189 11762 12868
f 1188 1235 13939
f 1205 1204 14394
f 1158 1202 14075
f 1202 12378 13614
f 13615 11611 13616
f 12241 11614 13729
f 12780 1145 13942
f 1271 3465 13730
f 12512 12242 1139
f 1139 13379 13499
f 1200 1144 1201
f 1200 12781 1144
f 1157 12782 1231
f 12869 1270 13733
f 1270 13623 13733
f 13838 12649 13382
f 13838 13382 13943
f 13943 1186 14078
f 13630 13500 1197
f 12650 12785 1143
f 12651 1168 13948
f 1168 12873 12652
f 12873 11779 12652
f 12652 11779 13633
f 12652 13384 13737
f 13503 3412 13737
f 13737 12385 12386
f 13634 11470 12518
f 12520 12874 13950
f 1166 1128 1167
f 13389 12655 13739
f 13739 12655 12656
f 13506 12250 13953
f 12250 12659 13953
f 13953 12659 13742
f 12876 13846 13849
f 13845 13642 13848
f 1164 1213 13955
f 12878 13643 1163
f 1161 1162 1163
f 1162 1161 13956
f 1163 13643 1142
f 1149 12257 1150
f 12664 13392 14306
f 13512 1212 1105
f 1212 13513 1105
f 13396 12881 13959
f 13960 13514 13749
f 12794 12795 13518
f 13752 13401 11796
f 12886 13753 13963
f 13963 13753 13965
f 13964 13649 13966
f 13966 13649 12408
f 10832 13754 12266
f 13754 12887 13856
f 13650 13759 13971
f 13759 13861 13971
f 12267 13526 13977
f 13526 1180 13979
f 12544 13412 14424
f 13981 13412 13864
f 13865 13867 13983
f 13866 13762 13982
f 13983 13868 13870
f 13869 13527 13986
f 13986 13527 13988
f 13988 13527 13871
f 13764 13875 13873
f 13874 13653 13876
f 13877 13765 13879
f 13767 13657 13881
f 12271 13418 13883
f 13769 13420 13884
f 13999 13993 14002
f 13994 13772 14005
f 13773 13776 14004
f 13780 13781 13887
f 13551 12568 13888
f 13783 13665 14007
f 13666 13890 14008
f 13787 12922 14014
f 12922 10404 13441
f 12924 12834 14017
f 14018 1136 14019
f 14019 1136 14020
f 1136 13442 14020
f 14020 13442 14022
f 13442 13899 14022
f 13900 13789 14023
f 12452 13447 13567
f 14024 13805 14027
f 13596 13473 14028
f 14028 13473 14031
f 13701 13906 13700
f 13907 13912 14033
f 13914 13917 14038
f 13916 13919 14037
f 14044 13811 14045
f 13811 13709 14045
f 13709 13348 14045
f 14045 13348 13922
f 12616 13923 13812
f 13923 12616 13813
f 14051 13925 14053
f 13925 13349 14053
f 14055 12755 13603
f 13603 13926 14056
f 13927 13928 14058
f 13928 13816 14058
f 14058 13816 13929
f 14270 13350 13710
f 13710 13606 14061
f 14063 13714 13817
f 12494 14167 13610
f 13365 13485 13931
f 13484 13932 13718
f 13932 13484 13719
f 13484 1246 13719
f 14065 1159 13719
f 14065 12497 13486
f 13486 12631 13818
f 3417 12632 13488
f 12634 1254 1171
f 1254 1208 1171
f 14066 13722 13824
f 13824 13825 13933
f 1215 13827 13935
f 13495 13370 13937
f 12643 12505 13832
f 1235 13612 13939
f 12645 12646 13613
f 1170 14073 13833
f 12507 12238 13372
f 12238 13373 14074
f 13614 12378 13497
f 12510 13728 11922
f 13620 12241 13729
f 1271 13730 1145
f 12242 13379 1139
f 1187 13732 13837
f 13734 13381 13735
f 13943 13382 1186
f 14078 13383 13627
f 12784 13626 13627
f 13944 13627 13625
f 13625 1241 1130
f 1196 1229 13632
f 12872 12650 1143
f 12785 11777 1143
f 1195 1239 13946
f 1239 13948 13946
f 13947 13948 1168
f 1228 13504 13842
f 13504 1228 13949
f 13949 1228 13634
f 1194 13387 1129
f 13637 13636 13738
f 1166 13505 13951
f 13388 13844 13951
f 12656 13638 13739
f 1151 1152 14080
f 13639 13390 14081
f 14081 13390 13952
f 1179 12876 14083
f 12876 13849 14083
f 14082 13848 13509
f 13511 1178 13954
f 12878 1163 13955
f 1121 13956 14087
f 13956 1161 14087
f 14088 12663 12879
f 14306 13512 1105
f 11944 13958 1183
f 13958 11944 14090
f 11944 1182 14090
f 1120 14090 1182
f 1182 12667 13850
f 12667 13395 13850
f 13850 13395 14196
f 1148 11945 12532
f 1211 12533 1119
f 1119 12533 13851
f 13851 12880 1073
f 12881 13852 14092
f 13852 12668 12882
f 12882 12883 14093
f 13514 14093 12883
f 14093 1141 14094
f 13514 13960 14095
f 12542 13398 14096
f 13751 12794 13518
f 13963 13965 13967
f 13522 10949 12266
f 13523 13969 12800
f 1180 1210 13979
f 13863 1210 13980
f 1210 12544 13980
f 13985 13983 13870
f 13870 13987 13985
f 13985 13989 13990
f 13660 13419 13769
f 13770 12811 14103
f 12811 13992 14103
f 12561 13535 13885
f 13771 14001 13886
f 14106 13996 14109
f 13775 13543 14110
f 13544 11372 12824
f 13782 13431 14111
f 13550 12136 13551
f 13552 12829 14006
f 12829 13553 14006
f 13553 13783 14115
f 13783 14007 14116
f 14007 13889 14009
f 14010 13890 14118
f 13890 13892 14118
f 14118 13892 14120
f 13893 13785 14121
f 14123 13895 14129
f 13896 14013 14126
f 13441 13897 14016
f 14131 13898 14235
f 13898 12445 12924
f 12834 12925 14017
f 14017 12925 1136
f 14021 13789 14132
f 14021 14023 13789
f 13789 13445 13567
f 13671 13678 14133
f 13678 13799 14133
f 13595 13596 14026
f 14134 13904 14029
f 13912 14034 14135
f 14136 14035 14138
f 14035 14039 14138
f 14141 14040 14142
f 13923 13813 14149
f 12617 12754 14151
f 13602 13815 14152
f 13349 12755 14053
f 14053 12755 14153
f 12755 14055 14153
f 14055 13603 14155
f 13603 14056 14155
f 14059 13604 14157
f 14157 13604 13350
f 14161 13930 13711
f 13711 13607 14272
f 14062 14162 13608
f 12629 12630 14166
f 14167 13483 14168
f 1159 14065 13932
f 13719 12866 14065
f 12374 1175 13818
f 12632 12633 13488
f 12774 12499 1140
f 12499 13720 1140
f 14169 1173 1172
f 13489 13611 13822
f 13822 13611 1146
f 13721 13722 14066
f 14066 13824 13933
f 13933 13934 14170
f 13935 13827 14171
f 13936 13495 14069
f 14173 13495 14175
f 13370 1242 13724
f 13724 13726 13828
f 13831 12641 14070
f 12868 12642 1135
f 12643 13832 1134
f 1132 13832 1188
f 13612 12506 1115
f 12506 12645 1115
f 12645 13613 1115
f 14072 13613 13833
f 1083 1207 14395
f 14395 1207 13372
f 1207 12237 13372
f 13372 12238 14074
f 13497 13615 14076
f 12240 13376 13835
f 12648 12379 14498
f 12780 13942 12379
f 12512 1139 14182
f 14182 14181 14184
f 1144 12781 14186
f 12869 13733 13732
f 14290 13733 14187
f 13733 13623 14187
f 14291 13735 13624
f 1155 1199 13838
f 1241 13500 1130
f 13945 13631 1196
f 12515 12872 13736
f 13948 13947 14079
f 13840 1168 12652
f 1107 12652 13737
f 13737 12386 13842
f 13387 12520 13950
f 13951 13843 1166
f 13505 13388 13951
f 13638 1137 13739
f 1137 13638 1165
f 13390 13740 13952
f 13740 13741 14191
f 13741 13506 14191
f 13742 1179 1127
f 1179 14083 14192
f 14083 14084 14192
f 13509 13511 14193
f 14193 13511 1126
f 13954 1176 1122
f 13954 1178 1176
f 1213 12878 13955
f 13955 1163 1162
f 13957 1121 14086
f 1161 1163 1142
f 14088 12879 1149
f 13513 14089 1105
f 13513 13393 14089
f 13393 13645 14089
f 1183 13958 13645
f 14091 13851 1073
f 13396 13959 12880
f 13959 12881 14092
f 1141 14093 13514
f 13514 14095 14199
f 14199 14095 14201
f 1181 11963 14203
f 13648 13963 14520
f 13966 12408 13522
f 13754 13855 13968
f 13969 13972 12800
f 13979 1210 13863
f 14205 13412 14206
f 14208 13412 14210
f 13412 13981 14210
f 14101 13865 14211
f 13865 13983 14211
f 14211 13983 13985
f 13985 13990 13873
f 13875 13877 14427
f 13877 13879 14427
f 14427 13879 13881
f 1401 12546 13883
f 13883 13418 14102
f 13660 13769 13991
f 14103 13992 14215
f 13886 14000 14218
f 13998 14108 14221
f 14220 14107 14223
f 14109 13543 13544
f 14778 12427 13778
f 12281 12282 13778
f 13887 14112 13780
f 13550 13551 14113
f 12144 13664 13888
f 13553 14114 14006
f 13553 14115 14114
f 14007 14009 14116
f 14009 14117 14119
f 13892 12833 14122
f 13891 14127 14226
f 12922 13441 14232
f 14232 13441 14016
f 12923 13668 14445
f 13668 14131 14233
f 14236 14132 13789
f 12584 12840 14238
f 13799 14025 14133
f 14025 14030 14133
f 14133 14030 14240
f 14030 14032 14240
f 14032 14137 14240
f 14137 14139 14240
f 14143 14144 14243
f 14244 14146 14247
f 14045 13922 14148
f 14253 14046 14256
f 14255 13922 13812
f 14258 13812 13923
f 14150 14048 14049
f 14152 13924 14050
f 14050 14052 14264
f 14052 14054 14264
f 14053 14153 14263
f 14264 14154 1118
f 1118 14156 14265
f 14155 14056 14266
f 14057 13927 14265
f 14265 13927 14267
f 13927 14058 14267
f 14267 14058 14269
f 14268 14059 14157
f 14157 13350 14270
f 14060 14158 14271
f 12221 14160 13606
f 14272 13607 13608
f 14274 14062 14163
f 13364 14165 14164
f 14164 14165 14064
f 13609 13610 14167
f 14167 14168 14380
f 13485 13718 13931
f 13719 1159 13932
f 13819 12774 14276
f 1146 13721 14066
f 14170 14067 13933
f 13827 13936 14279
f 14069 13495 14282
f 13495 14173 14282
f 13495 13937 14175
f 13828 13725 13831
f 14070 12868 1135
f 1135 12642 13727
f 14177 13938 1134
f 13938 12643 1134
f 1188 13939 14393
f 13612 1115 13939
f 1103 13833 14073
f 13372 14074 14395
f 14074 13373 12509
f 14074 12509 13374
f 14286 13834 13728
f 12510 12240 13835
f 13376 14497 13835
f 12379 13942 14498
f 1145 13730 1113
f 13377 13378 14180
f 1245 12512 1131
f 12512 14182 1131
f 14182 1139 14181
f 13499 1053 1139
f 14288 1053 13499
f 13499 1201 14185
f 1201 1144 14185
f 13623 13734 14187
f 13734 13735 14187
f 13625 1130 14499
f 1130 13500 14294
f 14294 13500 13630
f 1197 1198 12871
f 14596 13501 1067
f 13501 13736 12872
f 1168 1138 13947
f 14295 1075 13949
f 12518 1154 13634
f 13634 1154 1194
f 14189 1194 1129
f 14506 13387 13950
f 13951 13844 14190
f 13388 12654 13844
f 14299 14297 14298
f 14081 13952 14297
f 14191 13506 13953
f 13953 13742 14300
f 1179 14192 1127
f 1124 1126 13511
f 13954 14085 13511
f 14301 14085 14302
f 14086 1121 14305
f 14617 1121 14087
f 1150 12257 13644
f 13644 12664 14306
f 1182 13850 1120
f 13850 14195 1120
f 12532 1211 14308
f 1119 13851 14091
f 12882 14093 13852
f 14313 13514 14199
f 14315 14199 14317
f 14198 14200 14316
f 13961 12542 14096
f 14096 13398 14202
f 14097 13398 13751
f 11963 13399 14203
f 13752 11796 13648
f 13963 13967 14319
f 12266 13754 13968
f 13856 12800 14320
f 12800 13972 14320
f 13972 14100 14320
f 14204 13978 14321
f 14205 14206 14323
f 14324 14207 14325
f 14206 13412 14326
f 13412 14208 14326
f 14325 14209 14211
f 13657 13658 13881
f 14212 13658 13882
f 13418 13660 14328
f 13660 13991 14328
f 13991 13769 14329
f 13884 13534 14214
f 13770 14103 14330
f 14104 14216 14214
f 14214 14216 14331
f 14331 14216 14332
f 13992 12811 14333
f 13886 13535 10841
f 13886 14218 14334
f 14336 14222 14338
f 14434 14106 14109
f 12824 12139 12280
f 12427 14778 13545
f 12282 12909 13778
f 13778 12909 15185
f 12909 13663 14542
f 14339 13663 13780
f 13551 13888 14224
f 14009 14119 14116
f 14116 14119 13891
f 14230 14014 14344
f 14344 14014 12922
f 13668 14233 14346
f 1136 14018 14349
f 14351 13567 14352
f 14140 14241 14354
f 14242 14245 14355
f 14145 14147 14246
f 14246 14147 14356
f 14147 14250 14356
f 14147 14251 14250
f 14250 14251 14361
f 14365 14252 14254
f 14257 14047 14368
f 14369 13812 14371
f 13812 14258 14371
f 14259 14261 14372
f 14374 14261 14376
f 14260 14258 14375
f 14258 13923 14375
f 13815 13924 14152
f 14265 14377 1118
f 14271 14158 14159
f 13364 14164 12770
f 14166 14801 12629
f 14801 13364 12629
f 12630 13609 14166
f 13718 13932 14275
f 13818 1175 13486
f 13486 1175 14382
f 13720 14278 14277
f 1172 1171 1116
f 1208 13822 1171
f 14280 14068 13933
f 13933 14068 14281
f 14281 14172 14174
f 14385 14175 14176
f 14175 13937 14176
f 13937 14283 14176
f 12641 1189 14070
f 1189 12868 14070
f 14392 1188 14393
f 14394 14073 1170
f 1170 1205 14394
f 14394 1204 1083
f 13374 14179 14074
f 13374 1202 14179
f 1202 1158 14284
f 14284 1158 14285
f 13614 13497 14076
f 12647 12648 14498
f 13621 1245 1131
f 1102 14184 14181
f 1157 1231 1232
f 1232 13837 14396
f 13735 14291 14187
f 13624 1199 14291
f 13838 13943 14188
f 14078 1112 13943
f 14078 13627 13944
f 1111 12871 13945
f 13501 12872 1143
f 14079 13947 15372
f 13840 12652 1107
f 14505 1075 14295
f 1194 14189 14399
f 14189 1129 1106
f 13636 13637 1167
f 1137 1165 1152
f 1152 1151 14296
f 14403 14080 1152
f 1152 13639 14403
f 13639 14081 14403
f 14297 14299 14404
f 14191 13953 1100
f 14514 13511 14085
f 13954 1122 14085
f 14085 1122 14406
f 1121 13957 13956
f 14407 1105 14089
f 14089 13645 13958
f 14195 13850 14307
f 14196 13395 1148
f 1141 13514 1064
f 13514 14197 14311
f 14197 13514 14410
f 13514 14313 14410
f 14199 14315 14313
f 14096 14202 14200
f 13398 14097 14202
f 13518 12885 14411
f 12885 13519 14411
f 13519 14203 14411
f 14203 14412 14411
f 13519 1181 14203
f 13399 13401 13962
f 14318 13966 14415
f 13966 13522 14415
f 12266 13968 13522
f 13968 13855 1095
f 14098 13855 14416
f 14416 13856 14320
f 13977 13526 14420
f 13526 13979 14420
f 13863 13980 14422
f 14324 14325 14426
f 13985 13873 14427
f 14427 13881 14533
f 14533 13881 13658
f 14212 13882 14327
f 1401 13883 13882
f 13418 14213 14102
f 13418 14328 14213
f 14329 13769 14328
f 13992 14333 14429
f 13885 13535 13886
f 14109 13544 14434
f 14111 13431 14435
f 12825 14661 13664
f 12825 14006 14661
f 14438 14115 13783
f 13783 14116 14438
f 14440 14342 14443
f 14345 12922 14444
f 12922 14232 14444
f 14445 13668 14447
f 13668 14346 14447
f 14350 14236 13789
f 14561 13789 13567
f 13567 13447 14451
f 13447 14237 14451
f 13901 12585 14455
f 14455 12585 13790
f 14133 14239 13671
f 14239 14240 14139
f 14355 14245 14456
f 14245 14248 14456
f 14358 14359 14249
f 14249 14359 14458
f 14360 14363 14460
f 14459 14362 14461
f 14463 14462 14468
f 14462 14364 14468
f 14366 13812 14369
f 14471 14372 14473
f 14575 14472 14261
f 14473 14372 14261
f 14262 14150 14476
f 14152 14050 14377
f 14377 14050 14264
f 14268 14157 14477
f 14161 13711 14272
f 14478 14062 14274
f 13817 12770 14799
f 14064 13364 14801
f 13716 13483 14167
f 13483 14381 14168
f 14382 1175 1174
f 13488 12633 14480
f 14480 12633 14383
f 12633 1209 14383
f 14481 12774 1140
f 1140 13720 14277
f 1171 13822 14688
f 13822 1146 14688
f 13933 14281 14066
f 14281 14174 14066
f 14066 14174 14384
f 14483 14384 14386
f 14176 14283 14484
f 14486 13937 14488
f 13937 14388 14488
f 14489 13937 13370
f 13724 13828 14490
f 13832 1132 1134
f 1132 14390 1134
f 14492 14391 14390
f 1132 1188 14392
f 1114 1115 14072
f 1115 13613 14072
f 14179 1202 14284
f 1080 13616 13617
f 13728 12510 13835
f 13730 13377 14180
f 14182 1102 1131
f 1144 14186 14185
f 14186 12781 14592
f 14592 12781 1169
f 14592 1169 1157
f 1157 1232 14396
f 13732 13733 14594
f 14188 13943 1061
f 1061 13943 1112
f 14078 13944 1112
f 14499 1130 14292
f 13632 13501 14596
f 13501 1143 1067
f 15372 13947 14397
f 13840 1107 14504
f 14398 1107 1108
f 1108 1107 13737
f 13504 13949 14826
f 14295 13949 14399
f 13949 13634 14399
f 1194 14399 13634
f 14400 1129 14506
f 1129 13387 14506
f 13950 13636 1167
f 13844 12654 13389
f 13739 1137 13389
f 1137 1152 14296
f 14296 1151 14402
f 14402 1151 14080
f 14081 14297 14404
f 13952 1101 14297
f 1101 13952 14405
f 13952 13740 14405
f 1100 13953 14512
f 14512 13953 14300
f 13742 1127 14300
f 14300 1127 14513
f 1127 1125 14513
f 1124 13511 14514
f 14406 14303 14516
f 14516 1177 14517
f 1164 13955 1162
f 1142 12663 1161
f 12663 14088 14087
f 13644 14306 1099
f 14306 1105 14407
f 14196 1148 14408
f 1148 12532 14308
f 14308 1211 1119
f 12880 13959 14518
f 1064 13514 14311
f 14310 14309 14409
f 14409 14312 14314
f 14314 14316 14519
f 14519 14316 14200
f 14200 14202 14519
f 13752 13648 1104
f 14520 13963 14521
f 13963 14319 14521
f 1104 14414 14413
f 14414 1104 13648
f 14523 14415 13522
f 1092 13968 1095
f 13855 14098 1095
f 14639 1097 14526
f 14522 1098 14413
f 14414 13648 14520
f 14525 13522 13968
f 1092 1089 13968
f 14531 1086 13980
f 1085 14422 13980
f 13980 12544 14424
f 14424 13412 14205
f 14325 14211 14426
f 13873 13875 14427
f 13769 13884 14534
f 13884 14214 14535
f 14214 14331 14535
f 14428 13992 14429
f 14539 14433 14541
f 14336 14338 14540
f 12824 12280 13544
f 13780 14112 14339
f 14339 14112 14436
f 14113 13551 14224
f 14661 14006 14437
f 14006 14114 14437
f 13891 14226 14116
f 14439 14442 14545
f 14546 14441 14549
f 13897 12923 14552
f 12923 14445 14552
f 14446 14448 14554
f 14448 14347 14555
f 14347 14348 14555
f 14556 14131 14235
f 1136 14349 14558
f 14350 13789 14561
f 14562 14449 14564
f 14351 14352 14563
f 14352 13567 14451
f 14451 14237 14566
f 13447 12584 14568
f 14569 14353 14571
f 14677 14357 14573
f 14573 14357 14457
f 14367 14370 14470
f 14370 14372 14470
f 14470 14372 14471
f 14471 14473 14575
f 14374 14474 14261
f 14375 13923 14373
f 13923 14475 14373
f 14150 14049 14152
f 14264 1118 14377
f 14265 14267 14577
f 14477 14157 14576
f 14578 14271 14159
f 14162 14062 14478
f 14683 14799 12770
f 14164 14064 14580
f 14581 14380 14381
f 14380 14168 14381
f 14065 13486 14479
f 1174 13488 14382
f 14383 1209 13819
f 14169 1172 14482
f 1172 1116 14482
f 1117 1116 14688
f 1116 1171 14688
f 14283 13937 14486
f 13937 14489 14388
f 14491 14490 13831
f 14490 13828 13831
f 13831 14070 14491
f 14491 14070 14584
f 14492 14390 15211
f 1132 14392 1063
f 14393 13939 14585
f 14493 13939 1115
f 13833 1103 14586
f 14586 1103 14587
f 1103 14073 14588
f 14074 1082 14395
f 14074 14179 14697
f 13615 13616 14496
f 13616 1080 1081
f 1069 13617 13834
f 12647 14498 13729
f 14498 13942 14821
f 14396 13837 14594
f 14594 13837 13732
f 14187 14291 14595
f 14499 13944 13625
f 1197 12871 1111
f 13946 13839 1195
f 13946 13948 14079
f 13947 1138 14500
f 14500 1138 14503
f 1138 1168 14599
f 1168 13840 14504
f 1108 13737 13842
f 1076 1077 1078
f 1078 1075 1079
f 14602 1079 1075
f 1075 14505 14604
f 1034 14189 1106
f 14507 1128 14508
f 14508 1128 13843
f 13844 13389 14190
f 13389 1137 14509
f 1137 14607 14509
f 14607 1137 14296
f 14402 14080 14608
f 14609 14080 14403
f 14297 1101 14298
f 14298 1101 14511
f 14405 13740 14191
f 14191 1100 1065
f 1100 14512 14611
f 14303 1122 14516
f 1122 1176 14516
f 1176 1177 14516
f 1177 1164 1032
f 14086 14305 14616
f 1161 12663 14087
f 1150 13644 1099
f 14407 14089 14618
f 14307 13850 14196
f 14619 14308 1119
f 14620 1073 12880
f 13959 14092 14621
f 14310 14409 14623
f 14409 14314 14519
f 14519 14202 14625
f 13518 14411 13751
f 1097 14639 14627
f 13855 13856 14416
f 14322 14418 14629
f 14421 13979 13863
f 14422 1085 14634
f 1095 14098 14639
f 14531 13980 14644
f 14324 14426 14758
f 14426 14211 13985
f 14646 13883 14102
f 13769 14534 14328
f 14333 12811 13885
f 13886 14334 14648
f 14334 14430 14649
f 14540 14338 14658
f 14656 14434 13544
f 15185 12909 14542
f 14660 14339 14436
f 14543 13550 14113
f 13888 13664 14661
f 14891 14114 14662
f 14114 14115 14662
f 14548 14550 14665
f 14551 14232 14016
f 14552 14445 14667
f 14445 14553 14667
f 14554 14448 14555
f 14670 14559 14350
f 13567 14351 14561
f 14564 14450 14565
f 14237 13447 14568
f 12584 14238 14570
f 14572 14453 14675
f 12840 13901 14674
f 14675 14454 14793
f 14239 14139 14677
f 14457 14464 14678
f 14574 14471 14467
f 14467 14471 14575
f 14474 14374 14476
f 14476 14150 14152
f 14152 14377 14796
f 14577 14578 14681
f 14578 14159 14681
f 14681 14159 14161
f 14272 13608 14162
f 14162 14478 14682
f 12770 14684 14683
f 12770 14164 14684
f 13609 14802 14166
f 14167 14380 14685
f 13718 14275 13931
f 13819 14276 14921
f 15351 14277 14686
f 14278 1173 14277
f 1173 14169 14277
f 14482 1116 14582
f 1116 1117 14582
f 14689 14066 14483
f 14066 14384 14483
f 14486 14488 14690
f 14689 14487 14691
f 14488 14388 14692
f 14691 14387 14693
f 15087 13370 13724
f 14695 13938 14177
f 1134 14390 14391
f 15211 14390 1132
f 14813 14392 14393
f 13939 14493 14585
f 1115 1114 14493
f 14072 13833 14586
f 14588 14073 14696
f 14696 14073 14394
f 1082 14074 14697
f 1158 14075 14495
f 14075 13614 14495
f 1081 1070 14699
f 14701 1071 1080
f 13834 14286 1069
f 14590 14497 1057
f 14497 13620 13729
f 15222 14702 14498
f 13942 1145 14706
f 14706 1145 14705
f 1145 1113 14705
f 14592 1157 14396
f 14595 14291 14709
f 14291 1199 14709
f 14709 1199 1155
f 14499 14292 14710
f 1196 13632 14712
f 14712 13632 14596
f 14597 1143 13839
f 15372 14397 1060
f 14713 14598 14397
f 14397 13947 14500
f 14500 14503 14599
f 1168 14504 14599
f 14398 14600 1107
f 1108 13842 14826
f 14826 13842 13504
f 14826 13949 14601
f 13949 1075 14601
f 1079 14603 14829
f 14602 1075 14829
f 1075 14604 14829
f 14605 14505 14829
f 14505 14295 14829
f 13950 1167 1047
f 1047 1167 1128
f 14508 13843 1066
f 1066 13843 14714
f 14714 13843 14715
f 14509 14607 14510
f 14610 1100 14718
f 14512 14300 14721
f 14612 14514 14720
f 14514 14085 14720
f 14720 14085 14301
f 14302 14085 14406
f 14302 14406 14614
f 14406 14516 14614
f 1177 1032 14517
f 14722 14088 1149
f 1150 1099 14722
f 1099 14306 14407
f 14618 14089 14090
f 14089 13958 14090
f 14622 14094 1141
f 14409 14519 14623
f 14849 13399 13962
f 14421 13863 14732
f 14732 13863 14733
f 13863 14422 14733
f 14423 14635 14734
f 14633 14637 14735
f 14639 14526 14740
f 14526 14642 14740
f 14741 14643 14743
f 14745 14413 14414
f 14520 14524 14747
f 14523 13522 14746
f 13522 14525 14750
f 13968 14527 14525
f 14532 14645 14753
f 13980 14424 14756
f 14425 14324 14758
f 13985 14427 15284
f 13882 13883 14646
f 14328 14534 14213
f 14761 14331 14762
f 14331 14536 14762
f 14429 14333 14763
f 14763 14333 14764
f 14333 14647 14764
f 14764 14647 13885
f 13885 13886 14648
f 14334 14649 14648
f 14648 14649 14767
f 14768 14650 14651
f 14653 14657 14773
f 14774 14656 14777
f 14656 13544 14777
f 13431 13550 15300
f 14115 14438 14662
f 14551 14016 14782
f 14668 14554 14555
f 13898 12924 14789
f 14789 12924 14017
f 14790 14559 14670
f 14670 14350 14791
f 14791 14350 14672
f 14350 14561 14672
f 14673 14562 14564
f 14572 14675 14571
f 14675 14793 14571
f 13790 13671 14239
f 14457 14678 14573
f 14465 14575 14679
f 14679 14575 14795
f 14795 14575 14680
f 14575 14261 14680
f 14680 14261 14474
f 14476 14152 14796
f 14161 14272 14797
f 14798 14162 14682
f 14478 14274 14800
f 14273 13817 14799
f 14064 14801 14580
f 14802 13609 14167
f 14807 14381 13483
f 14275 13932 13931
f 14807 13932 14065
f 13486 14382 14479
f 14382 13488 14480
f 14276 12774 14481
f 14481 1140 14277
f 1146 14066 14688
f 14688 14066 14689
f 14483 14583 14689
f 14583 14485 14689
f 14689 14691 14809
f 14694 14388 14811
f 14811 14388 14489
f 14489 13370 15087
f 14070 1135 14584
f 13727 13938 14695
f 14493 1114 14072
f 14589 14395 1082
f 14697 14179 14284
f 14285 1158 14494
f 14076 13615 15220
f 14496 13616 1081
f 14699 1070 14819
f 14819 1070 14820
f 14701 1080 14820
f 13728 13835 14286
f 13729 14498 14702
f 1113 14591 14821
f 14288 13499 14185
f 14594 13733 14708
f 13733 14290 14708
f 14290 14187 14708
f 13838 14188 14709
f 14710 1130 14294
f 13630 1197 1111
f 1067 1143 1049
f 1049 1143 14597
f 13839 13946 14597
f 1060 14397 14598
f 14599 14504 14500
f 1108 14824 14398
f 14826 14825 1003
f 14827 1074 1076
f 14828 1078 14829
f 1078 1079 14829
f 14400 14606 1048
f 14506 13950 1047
f 14715 13843 14832
f 14832 13843 13951
f 14832 13951 14190
f 14190 13389 14509
f 14080 14609 14608
f 14609 14403 14834
f 14081 14404 14403
f 14403 14404 14834
f 14836 14404 14837
f 14404 14299 14837
f 14837 14299 14511
f 14299 14298 14511
f 14405 14716 14838
f 14405 14191 14716
f 14191 1065 14716
f 14840 14512 14842
f 14719 14720 14841
f 14301 14302 14613
f 1164 1162 1032
f 1162 13956 13957
f 14086 14616 13957
f 13957 14616 14615
f 14088 14722 14617
f 14723 14308 14619
f 14724 14619 1119
f 14724 1119 14091
f 1073 14846 14845
f 12880 14518 14620
f 13959 14621 14518
f 14847 14518 14621
f 14622 1141 14726
f 14623 14519 14727
f 14978 14727 14519
f 14097 13751 14411
f 14412 14203 14849
f 14203 13399 14849
f 1104 14413 14851
f 14626 14729 14853
f 14855 14627 14098
f 14320 14630 14856
f 14858 14731 14861
f 14631 14419 14862
f 14420 13979 14421
f 14733 14736 14864
f 14744 14413 14745
f 14414 14520 15003
f 15003 14520 14747
f 14751 14752 14870
f 14869 14755 14872
f 14644 13980 14873
f 14873 13980 14756
f 14424 14205 14874
f 14205 14757 14874
f 14213 14534 14760
f 14331 14761 14535
f 13885 14648 15035
f 14768 14651 14878
f 14879 14770 14886
f 14772 14776 14882
f 14882 14776 14889
f 14435 13431 14659
f 14437 14890 14661
f 14890 14437 14891
f 14437 14114 14891
f 14662 14438 14892
f 14892 14438 14894
f 14666 14783 14897
f 14784 14785 14898
f 14552 14667 14901
f 14667 14786 14901
f 14902 14555 14787
f 14557 14669 15064
f 14788 14235 13898
f 1136 14558 14908
f 14671 14792 15066
f 14792 14673 14564
f 15070 13790 14239
f 15070 14239 14677
f 14912 14573 14913
f 14794 14679 14795
f 14474 14476 14796
f 14377 14265 14914
f 14265 14577 14681
f 14797 14272 14915
f 14272 14162 14798
f 14682 14478 14917
f 14916 14579 14799
f 14164 14580 14684
f 14805 14803 14802
f 15079 14805 14802
f 14167 14685 15079
f 14380 14581 14685
f 14065 14479 14807
f 14276 14481 15084
f 14481 14277 15351
f 1010 14482 14923
f 14691 14693 14809
f 14809 14693 14810
f 14811 14489 14924
f 14695 1135 13727
f 15211 1132 1063
f 14392 14813 14926
f 14813 14927 14926
f 14931 14928 1044
f 1044 14928 14932
f 14933 14929 14934
f 14814 14816 14936
f 14939 14945 14944
f 14944 14942 14939
f 14942 14944 14943
f 14939 14942 14941
f 14941 14949 14956
f 14948 14942 14938
f 14939 14940 14951
f 15487 14956 14949
f 14941 14942 14948
f 14940 14939 14941
f 14938 14942 14950
f 14950 14943 14944
f 14940 14941 14956
f 14949 14941 14948
f 14950 14944 14938
f 14937 14938 14944
f 14940 14952 14951
f 14952 14940 14953
f 14938 14937 14955
f 15487 14949 14954
f 14937 14957 14955
f 14951 14945 14939
f 14953 14940 14816
f 14960 14816 14962
f 14815 14813 14961
f 14813 14393 14964
f 14493 14072 14586
f 1083 14395 14589
f 1062 14697 15365
f 13614 14076 14965
f 15220 13615 14496
f 14699 14817 1058
f 1080 13617 1069
f 14497 14590 13835
f 14702 15222 14703
f 15222 1055 14703
f 13942 14705 14821
f 14821 14705 1113
f 14591 1040 1028
f 1113 1040 14591
f 1113 13730 14968
f 13730 14180 14968
f 14180 1054 14968
f 1102 14181 1027
f 14592 14396 14969
f 14969 14396 14594
f 1155 13838 14709
f 14499 14710 1022
f 14294 13630 1052
f 1111 13945 14712
f 13945 1196 14712
f 14398 14823 14600
f 14600 14823 14824
f 14825 14826 14601
f 1075 1074 14601
f 1078 14828 1076
f 14295 14399 14829
f 1129 14400 1106
f 1048 14606 14830
f 14714 14715 1059
f 14609 14834 14833
f 14834 14404 14836
f 14836 14837 14835
f 1046 14716 1065
f 1065 1100 14971
f 14971 1100 14610
f 14718 1100 14611
f 14611 14512 14975
f 14512 14840 14975
f 14974 14839 14841
f 14720 14301 14613
f 14843 15384 14613
f 14517 1032 1031
f 1032 1162 13957
f 14305 1121 14617
f 14087 14088 14617
f 1149 1150 14722
f 1120 14195 14090
f 1148 14308 14723
f 14091 1073 14845
f 14620 14846 1073
f 14092 13852 14977
f 13852 14093 14977
f 1141 1064 1030
f 1064 14311 14979
f 14311 14624 14979
f 14624 14728 14979
f 14978 14519 14980
f 14983 14981 14848
f 14202 14097 14625
f 14852 14413 1098
f 14854 14730 14988
f 14627 14855 14986
f 14416 14320 14990
f 14320 14856 14990
f 14857 14859 14993
f 14733 14864 14732
f 14739 14639 14740
f 14740 14742 15001
f 14745 14414 15003
f 15003 14747 15011
f 14746 13522 15010
f 15010 13522 15016
f 15020 15015 15026
f 14868 14871 15022
f 15024 14873 14756
f 15023 14756 15278
f 14756 14424 15278
f 15027 14424 15029
f 14424 14874 15029
f 14875 14758 15030
f 14426 13985 15284
f 14533 13658 14212
f 14102 14213 14759
f 14213 14760 15285
f 13884 14535 15031
f 14762 14765 14761
f 15032 14764 15033
f 14876 14766 14768
f 14768 14878 15036
f 15036 14878 15039
f 14877 14880 15038
f 14881 14888 15043
f 15042 14887 14777
f 14542 13663 14779
f 14659 13431 15300
f 15187 14891 14662
f 14893 14896 15048
f 14895 14899 15047
f 14898 14785 15051
f 14785 14905 15051
f 15052 14906 15057
f 1016 14787 14555
f 1016 14555 14348
f 14348 14234 15062
f 14234 14557 15063
f 15063 14557 15064
f 14909 14560 15066
f 14571 14793 15067
f 14793 14676 15067
f 15067 14676 15069
f 13790 14910 15068
f 15070 14677 15072
f 15072 14677 14912
f 14677 14573 14912
f 14795 14680 15074
f 14681 14161 14797
f 14915 14272 14798
f 14916 14799 15077
f 15077 14799 14683
f 14683 14684 14918
f 15078 14684 14580
f 14802 14167 15079
f 14685 14581 15081
f 13483 13717 14807
f 13717 13931 14807
f 13931 13932 14807
f 14383 13819 15083
f 14921 14276 15084
f 14277 14687 14686
f 14169 14482 15085
f 14482 14922 15085
f 14808 14582 15086
f 15086 14582 1117
f 1117 14688 15086
f 15086 14688 14689
f 15087 13724 15208
f 14391 14492 15210
f 14930 14928 14926
f 14926 14928 14931
f 14931 1044 15090
f 1044 1043 15090
f 1042 1041 15091
f 1041 1042 1045
f 1045 14933 14936
f 14933 14934 14936
f 14934 14935 14936
f 14936 14816 1041
f 14816 14940 1041
f 1041 14940 14956
f 14945 14951 14958
f 14953 14816 14960
f 14813 14963 14961
f 15096 14393 14585
f 15097 14586 14587
f 15097 14587 1103
f 15098 1103 14588
f 1082 14697 14589
f 14589 14697 14698
f 14697 1062 14698
f 15099 14284 14285
f 14495 13614 14965
f 1058 14819 14820
f 13729 14702 14703
f 1055 14967 14966
f 1038 1036 1035
f 1054 14180 1039
f 14708 14187 15100
f 14187 14595 1025
f 1061 1112 1022
f 1112 13944 1022
f 13944 14499 1022
f 1022 14710 14294
f 13630 1111 1052
f 14597 15103 1049
f 14600 14824 987
f 987 14824 1108
f 14189 1034 1033
f 14400 14506 1047
f 1047 1128 14507
f 14607 14296 14402
f 15107 15106 15108
f 15509 15107 15108
f 15107 15111 15106
f 15109 14833 15105
f 15113 14837 14511
f 15114 14405 14838
f 14972 14717 15115
f 14717 14973 15115
f 14974 14841 14613
f 14841 14720 14613
f 14516 14517 14976
f 14615 14616 15117
f 14305 14617 1011
f 1018 14722 1099
f 14090 14195 14618
f 15118 14981 14983
f 14519 14625 14984
f 14097 14411 14412
f 14852 1098 14851
f 1098 14989 14851
f 14416 14990 15124
f 14991 14992 15125
f 14860 14995 15128
f 15127 14994 15130
f 15132 14420 15134
f 15134 14420 15136
f 14420 14421 15136
f 14421 14732 15137
f 15140 14999 15142
f 15000 14740 15001
f 15149 15004 15157
f 15158 15006 15161
f 15005 15007 15159
f 15160 15009 15168
f 15008 15013 15167
f 15012 15017 15166
f 15278 14424 15027
f 15030 14758 14426
f 16184 14427 14533
f 14760 14534 15031
f 14534 13884 15031
f 14764 13885 15033
f 15169 13885 15170
f 14876 14768 15036
f 15036 15039 15172
f 15175 15041 15182
f 15040 14885 15181
f 14883 15044 15179
f 14777 13544 13545
f 13544 12280 13545
f 14778 13778 15299
f 15299 13778 15185
f 14779 13663 14339
f 15186 13550 14543
f 14900 15050 15049
f 15049 15050 15189
f 14904 14787 15061
f 15061 14787 15196
f 14787 1016 15196
f 1016 14348 15062
f 14788 13898 15339
f 15065 1136 15203
f 1136 14908 15203
f 14909 15066 15204
f 14565 15066 14564
f 15066 14792 14564
f 14567 14452 14569
f 14569 14571 15067
f 13790 15070 14910
f 15073 14795 15074
f 15076 14916 15077
f 14166 14802 14801
f 1015 14802 14803
f 14920 14805 15079
f 15079 14685 15080
f 14480 14383 15082
f 15082 14383 15083
f 15083 13819 14921
f 14277 14169 15085
f 14922 14482 1010
f 15086 14689 14809
f 14812 15206 14809
f 15207 14489 15087
f 1072 14584 1135
f 14177 1134 14391
f 1041 1045 14936
f 14954 14949 14948
f 14948 14938 15092
f 14945 15359 14944
f 15359 15094 14944
f 14959 14961 14963
f 14963 14813 14964
f 15216 15096 14585
f 15217 14493 14586
f 15097 1103 15098
f 14394 1083 14696
f 15366 14494 1158
f 14286 13835 14590
f 1057 14497 14703
f 14497 13729 14703
f 15222 14498 14821
f 14180 13378 1039
f 1039 13378 13621
f 14186 14592 14822
f 14822 14592 14969
f 15224 14969 14594
f 15100 14187 1025
f 1025 14595 1026
f 1026 14595 14709
f 14709 14188 1008
f 1008 14188 1061
f 1111 14712 15101
f 14712 15371 1051
f 15226 15103 15227
f 14597 13946 14079
f 14504 15373 14500
f 1074 14827 15231
f 1034 1106 14400
f 14715 14831 1059
f 14715 14832 14831
f 14831 14832 15235
f 14190 14509 14832
f 14609 14833 14608
f 15108 15106 15104
f 15111 15105 15377
f 15378 14836 14835
f 14511 1101 15114
f 1101 14405 15114
f 1065 14971 1046
f 1046 14971 15238
f 14610 15116 14971
f 14973 14974 15384
f 15384 14974 14613
f 15871 14613 14302
f 14516 14844 14614
f 1031 1032 14615
f 1032 13957 14615
f 1011 14617 15241
f 14617 14722 1018
f 1018 1099 14407
f 14618 14195 15515
f 14307 14196 14408
f 14977 14093 14094
f 16252 14622 14726
f 14979 14981 15118
f 15118 14983 15243
f 14982 14519 15242
f 14519 14984 15242
f 15243 14985 15120
f 15119 14984 15244
f 14984 14625 15244
f 14097 14412 15121
f 13962 13752 14850
f 14851 14989 15250
f 14987 15122 15248
f 15247 14855 15251
f 14855 14098 15251
f 15253 15251 14098
f 14098 14416 15254
f 15126 15129 15123
f 15131 15135 15257
f 15256 15133 15260
f 15134 15136 15263
f 15262 15136 15266
f 15266 15136 15401
f 15136 14421 15401
f 15401 14421 15677
f 15137 14998 15138
f 15269 15139 15143
f 15277 15156 15279
f 15156 15162 15279
f 15280 15027 15282
f 15028 15030 15283
f 15283 15030 14426
f 14759 14213 15285
f 14761 15034 15415
f 15033 13885 15169
f 15170 13885 15035
f 15037 15173 15286
f 15174 15177 15287
f 15288 15178 15293
f 15176 15184 15292
f 15042 14777 15295
f 14891 15187 15301
f 14662 14892 15187
f 14892 15188 15187
f 15188 15190 15187
f 15061 15197 15194
f 15194 15197 15305
f 15200 15196 15307
f 15196 1016 15307
f 15309 15307 15311
f 15307 1016 11821
f 11821 11820 15314
f 11693 11381 11822
f 11831 11803 15323
f 15323 11803 11683
f 11803 12290 11683
f 11524 11687 15326
f 11807 11812 15327
f 15325 11811 15330
f 11809 11814 15333
f 11817 11692 15337
f 15337 11692 11818
f 11819 11529 15338
f 15338 11529 15600
f 11820 11821 15600
f 15600 11821 1016
f 15062 14234 15063
f 14789 14017 15341
f 14017 1136 15341
f 15341 1136 15065
f 15608 15204 15066
f 15069 14911 15071
f 15070 15072 15344
f 15074 14680 15343
f 15346 14680 989
f 14683 14918 15348
f 14803 14920 15614
f 15614 14920 15079
f 14382 14480 14479
f 14923 14482 14582
f 14809 15206 15086
f 15086 15206 15353
f 15207 15087 15354
f 14584 1072 15088
f 15088 1072 15089
f 1072 1135 14695
f 1014 14177 14391
f 1063 14392 14926
f 15090 1043 15357
f 14948 15092 14954
f 14953 1029 14952
f 14953 14960 15214
f 14960 15212 15214
f 15213 14963 14964
f 14964 14393 15096
f 14493 15217 15363
f 15217 14586 15364
f 14698 1062 15365
f 15099 15365 14697
f 14697 14284 15099
f 14285 14494 15099
f 15366 1158 14495
f 15221 14496 14699
f 14496 1081 14699
f 14820 1080 1069
f 1055 15222 14967
f 14591 1028 15367
f 1040 1113 14968
f 1035 1036 1037
f 1039 13621 1131
f 14181 1139 1053
f 14822 14969 15501
f 14594 14708 15224
f 1061 1022 15370
f 1022 1019 1021
f 1022 14294 1052
f 1006 15101 14712
f 1051 1050 14712
f 15371 14712 14596
f 1067 1049 15103
f 14597 14079 15372
f 15229 15228 14598
f 14826 1003 1004
f 14829 14399 14189
f 14830 14606 15233
f 14400 1047 14507
f 1066 14714 1013
f 14714 1059 1013
f 1013 1059 980
f 1059 15508 980
f 14832 14509 15235
f 15235 14509 14510
f 14607 14402 14608
f 14608 14833 15375
f 14833 15109 15375
f 15862 15111 15107
f 15236 15108 15237
f 15108 15104 15237
f 15104 15106 15111
f 15377 15105 14833
f 14833 14834 15378
f 14834 14836 15378
f 14835 14837 1002
f 1002 14837 15113
f 15380 14511 15114
f 14838 14716 1046
f 15238 14971 15383
f 15239 15115 15382
f 15382 15115 15384
f 15115 14973 15384
f 14844 14516 14976
f 14844 14976 991
f 15241 14617 1018
f 14407 14618 15515
f 14408 1148 14723
f 14619 14724 1017
f 15386 14845 14846
f 14846 15520 15386
f 15387 14621 14092
f 15118 15243 15120
f 15388 15244 14625
f 15121 14412 15390
f 15390 14412 14849
f 13752 15246 15391
f 15246 13752 1104
f 15249 15252 15392
f 14416 15255 15254
f 15123 15129 15395
f 15129 15259 15395
f 15264 15267 15400
f 15398 15265 15402
f 15677 14421 15268
f 15268 14421 15137
f 14732 14998 15137
f 15143 15273 15403
f 15403 15276 15405
f 15275 15278 15404
f 15404 15278 15406
f 15406 15278 15410
f 15410 15278 15280
f 15278 15027 15280
f 15281 15283 15413
f 15413 15283 14426
f 15414 13882 14646
f 15414 14646 14102
f 14102 14759 15544
f 15169 15170 15419
f 15423 15171 15424
f 15424 15171 14876
f 15425 15290 15427
f 15288 15293 15428
f 14777 13545 15429
f 13545 15298 15429
f 13545 14778 15298
f 14778 15299 15298
f 14779 14339 15046
f 15559 14780 14659
f 15192 15302 15190
f 15303 15306 15432
f 15201 15308 15433
f 15437 15307 15309
f 15307 11821 15311
f 15446 11821 15314
f 11822 11381 15455
f 15318 11827 15454
f 15453 15320 15457
f 15321 11683 15458
f 11683 10393 15324
f 10393 11524 15459
f 11524 15326 15459
f 15459 15326 15460
f 15336 15337 15467
f 15467 15337 11818
f 15469 11819 15338
f 15064 15340 15063
f 15202 15204 15608
f 15070 15344 15342
f 989 14680 14474
f 14797 14915 15610
f 14915 14798 15610
f 15940 14682 15075
f 15349 14919 15472
f 15081 14581 14381
f 14381 14807 15474
f 14807 14479 15474
f 15474 14479 15082
f 14479 14480 15082
f 14687 14277 15085
f 14582 14808 14923
f 14808 15086 15475
f 15352 15354 15476
f 15354 15087 15476
f 15477 15475 15478
f 15476 15087 15479
f 14491 14584 15088
f 14695 14177 1014
f 14492 15211 15210
f 1063 14925 15211
f 1063 14926 14931
f 15484 15090 15357
f 15486 1041 14956
f 15092 1009 14954
f 14938 14955 15844
f 14955 14957 15949
f 14957 14937 15488
f 14937 14944 15093
f 15093 14944 15094
f 15359 14945 15489
f 15489 14945 14958
f 14953 15214 15622
f 15096 15360 14964
f 15361 15215 15362
f 15491 15216 14585
f 15493 14493 15363
f 14586 15097 15494
f 15097 15218 15494
f 15218 15097 15098
f 15219 15098 14696
f 15098 14588 14696
f 14696 1083 14589
f 15365 928 14698
f 14703 1055 15498
f 1054 1039 1038
f 1036 1039 1131
f 1131 1102 1027
f 1053 14288 15500
f 14288 14185 15500
f 15368 14186 14822
f 15746 14708 988
f 988 14708 15100
f 1008 1061 15370
f 15225 1022 1052
f 1052 1111 15101
f 1050 1051 15371
f 15226 15227 15504
f 1060 1005 15372
f 1060 15228 1005
f 15228 1060 14598
f 14397 14500 14713
f 14601 1074 15231
f 1076 14828 14827
f 14828 14829 14189
f 1033 1034 15232
f 16156 1034 14400
f 15506 1048 14830
f 15507 15506 14830
f 14400 14507 14606
f 14510 14607 15235
f 15235 14607 14608
f 15509 15108 15236
f 14835 1002 15379
f 1046 15238 15511
f 15511 15238 15513
f 15381 15382 15512
f 15512 15382 15384
f 14302 14614 15871
f 14614 14844 15240
f 14976 14517 1031
f 14616 14305 1011
f 1018 14407 15515
f 14195 14307 15515
f 15519 15657 15516
f 14723 15516 15657
f 14724 14091 14845
f 14092 14977 15387
f 14726 1141 1030
f 1030 1064 15522
f 1064 14979 15118
f 15120 15245 15523
f 15523 15245 15389
f 15388 14625 14097
f 15249 15392 15528
f 15527 15253 15529
f 15253 14098 15254
f 15393 15396 15530
f 15538 15269 15143
f 15405 15407 15409
f 15408 15406 15539
f 15539 15406 15410
f 15541 15410 15542
f 15410 15280 15542
f 15284 14427 16184
f 15998 16184 14533
f 14327 13882 15414
f 14761 15415 14535
f 15419 15170 15545
f 15170 15035 15422
f 15548 14876 15549
f 14876 15036 15549
f 15425 15427 15550
f 14777 15429 15295
f 14779 15046 15558
f 13550 15186 15300
f 14113 14224 15430
f 14224 13888 15560
f 14890 14891 15301
f 15303 15432 15563
f 15431 15435 15564
f 15310 15312 15570
f 15445 15315 15576
f 15313 15448 15575
f 11822 15455 15585
f 15458 11683 15588
f 11683 15324 15588
f 15324 10393 15589
f 15589 10393 15459
f 15590 15461 15595
f 15461 15463 15595
f 15332 15465 15592
f 15591 15464 15597
f 11818 15468 15467
f 15599 15469 15338
f 15338 15600 15710
f 15601 15600 1016
f 15341 15604 14789
f 15341 15065 15606
f 15607 15202 15608
f 15608 15066 14567
f 15066 14565 14567
f 14567 14569 15609
f 14569 15067 15609
f 15069 15071 15067
f 15067 15071 15343
f 15345 15074 15343
f 15343 14680 15346
f 14474 14796 15347
f 14796 14377 14914
f 14797 15610 15716
f 15472 15205 15349
f 15350 14918 15611
f 14918 14684 15473
f 15473 14684 15078
f 1015 14803 15613
f 15615 15082 15083
f 15083 14921 15084
f 14481 15351 15616
f 15351 14686 15616
f 15616 14686 985
f 985 14686 14687
f 14923 14808 15475
f 15618 15479 15087
f 13724 14490 15208
f 15208 14490 15088
f 14490 14491 15088
f 15089 15481 15088
f 15089 1072 14695
f 15092 14938 15844
f 15621 15213 15623
f 15213 14964 15623
f 15623 14964 15625
f 15490 15361 15626
f 15626 15361 15362
f 15216 15491 15627
f 15492 1000 15628
f 1001 15491 15493
f 15491 14585 15493
f 14585 14493 15493
f 15632 14586 15494
f 999 15495 15633
f 15636 15634 15635
f 15495 15635 15637
f 15635 15634 15637
f 15635 15495 15638
f 15495 999 15638
f 15638 999 15640
f 15639 998 997
f 997 998 15496
f 14696 14589 14698
f 14698 928 996
f 14590 1057 15744
f 14967 15222 946
f 15222 14821 946
f 14821 14591 15367
f 15500 14185 15368
f 14185 14186 15368
f 15501 14969 15643
f 1026 14709 15644
f 15101 1006 1007
f 1006 14712 15750
f 15750 14712 1050
f 1067 15103 14596
f 15103 14597 15505
f 14598 14713 15229
f 15229 14713 15373
f 14713 14500 15373
f 15373 14504 14600
f 14504 1107 14600
f 15231 14827 15646
f 960 15754 1033
f 14606 14507 15233
f 15104 15111 15377
f 15377 14833 15378
f 14835 15379 15378
f 15652 1002 15654
f 15654 1002 15113
f 14511 15380 15113
f 978 15114 14838
f 15655 14838 15511
f 14838 1046 15511
f 15510 15512 15384
f 14613 15871 14843
f 15117 14616 990
f 990 14616 1011
f 15514 1011 15241
f 15515 14307 15385
f 14408 14723 15657
f 15657 15519 15972
f 15516 14723 14619
f 15661 14518 14847
f 16252 14726 16253
f 15118 15120 15523
f 15388 15121 15525
f 15121 15390 15525
f 14849 13962 14850
f 14851 15250 15664
f 15664 15250 15665
f 15529 15253 15254
f 15531 15534 15666
f 15401 15677 15674
f 15537 15538 15143
f 15143 15403 15787
f 15403 15405 15409
f 15409 15540 15904
f 15540 15411 15904
f 15904 15543 15413
f 15542 15280 15412
f 15904 15413 14426
f 14212 14327 15414
f 15414 14102 15544
f 15415 15417 14535
f 15416 15418 15680
f 15420 15546 15418
f 15418 15546 15681
f 15421 15423 15546
f 15546 15423 15424
f 15555 15557 15685
f 15684 15556 15688
f 15559 14659 15689
f 13888 14661 14890
f 15187 15190 15561
f 15190 15302 15561
f 15561 15438 15567
f 15566 15569 15694
f 15568 15572 15693
f 15574 15579 15692
f 15577 15581 15696
f 15580 15582 15695
f 15584 15587 15698
f 15697 15456 15700
f 15456 15458 15700
f 15458 15588 15700
f 15459 15594 15703
f 15702 15593 15705
f 15596 15598 15708
f 15599 15338 15709
f 15470 15339 15602
f 15714 15339 13898
f 15605 15471 15607
f 14567 15609 15608
f 989 14474 15347
f 14265 14681 14914
f 16031 15825 14797
f 15940 15075 15205
f 14801 14802 1015
f 15080 15614 15079
f 15081 14381 15474
f 15082 15615 15474
f 15084 14481 15616
f 14923 15475 15477
f 15618 15087 15720
f 14391 15210 15482
f 15482 15210 14925
f 15483 14931 15723
f 15355 15356 15724
f 15356 15485 15724
f 15485 15091 1041
f 15486 14956 15487
f 14951 14952 14958
f 14953 15622 15729
f 15621 15623 15728
f 15729 15624 15626
f 15362 15628 15626
f 15626 15628 1000
f 1000 15629 15731
f 15731 15630 15732
f 15630 15631 15732
f 15733 15217 15364
f 15364 14586 15632
f 15736 15494 15218
f 15740 15639 997
f 15741 15496 15098
f 15496 15218 15098
f 15742 14494 15366
f 15366 14495 995
f 15743 15221 1058
f 14286 14590 15744
f 1057 14703 15744
f 14703 15498 15744
f 15498 1055 14966
f 1036 1131 1027
f 15368 14822 15501
f 14969 15224 15643
f 15224 14708 15746
f 988 15100 15747
f 15100 1025 15747
f 14709 1008 15644
f 1022 1024 15370
f 1024 1021 15370
f 15748 1019 15225
f 15225 1052 15101
f 15371 14596 15103
f 15505 14597 15372
f 15372 1005 15505
f 15505 1005 16224
f 1108 14826 1004
f 14825 14601 15231
f 14189 1033 14828
f 14828 1033 15754
f 14400 1048 15506
f 15506 15507 939
f 14507 14508 959
f 14508 1066 959
f 1066 1013 959
f 1013 992 959
f 959 992 993
f 993 992 15650
f 15508 1059 14831
f 14831 15235 15756
f 14608 15375 15235
f 15375 15109 15757
f 15109 15105 15758
f 15105 15111 15758
f 15236 986 15760
f 15760 986 15863
f 15236 15237 986
f 15104 15377 15378
f 15761 15379 1002
f 15113 15380 15864
f 978 14838 15762
f 15510 15384 15764
f 14614 15240 15871
f 991 14976 15766
f 15766 14976 977
f 1031 14615 15117
f 14307 14408 15385
f 15519 15658 15659
f 15658 15516 15659
f 15659 15516 1017
f 15516 14619 1017
f 15520 14846 15521
f 14847 14621 15387
f 15662 15522 1064
f 1064 15118 15662
f 14097 15121 15388
f 14850 13752 15391
f 15246 1104 15768
f 1104 15526 15768
f 14851 15664 15770
f 15771 15664 15665
f 15774 15529 15780
f 15529 15254 15777
f 15781 15669 15674
f 15669 15533 15674
f 15533 15401 15674
f 15787 15537 15143
f 15031 14535 15678
f 14535 15417 15679
f 15790 15418 15681
f 15681 15546 15424
f 15681 15547 15794
f 15682 15554 15793
f 15554 15683 15793
f 15298 15299 15686
f 15299 15185 15797
f 15798 14659 15300
f 15186 14543 15799
f 15799 14543 15430
f 14543 14113 15430
f 15430 14224 15560
f 13888 15690 15560
f 14890 15301 15800
f 15567 15691 15561
f 15561 15691 16008
f 15691 15577 15699
f 15577 15696 15699
f 15589 15459 15804
f 15459 15703 15804
f 15704 15706 15807
f 15707 15711 15808
f 15814 15810 15818
f 15809 15712 15815
f 15816 15710 15819
f 15710 15600 15819
f 15820 15600 15601
f 15821 15062 15063
f 15602 15339 15934
f 13898 14789 15822
f 15823 15603 15824
f 15824 15603 15608
f 15603 15605 15608
f 15605 15607 15608
f 15608 15609 933
f 15067 15343 15346
f 15347 14796 15937
f 14914 14681 15825
f 14681 14797 15825
f 16031 14797 15716
f 14798 14682 15938
f 15826 15611 14918
f 15828 14918 15473
f 15078 14580 15717
f 14580 14801 1015
f 14803 15614 15613
f 985 14687 15085
f 1010 975 15617
f 931 975 15718
f 15719 15480 15831
f 15832 15087 15833
f 974 15087 15208
f 984 15089 14695
f 1014 14391 15721
f 14391 15482 15721
f 14925 15210 15211
f 14925 1063 15834
f 15834 1063 15836
f 1063 14931 15836
f 14931 15483 15836
f 15836 15483 15838
f 15839 15722 15724
f 15485 1041 15724
f 15845 14955 15949
f 15727 15488 14937
f 15094 15359 15950
f 15489 929 15950
f 1029 14953 15729
f 15626 15730 15729
f 15626 1000 15730
f 15846 15735 15848
f 15218 15737 15736
f 15736 15737 15850
f 15637 15634 15738
f 15738 15634 15739
f 970 15739 15634
f 15635 15638 15636
f 15636 15638 15852
f 15852 15638 15854
f 15740 997 15853
f 997 15496 15741
f 14696 14698 996
f 15857 14967 946
f 946 14821 15367
f 15745 15367 1028
f 14968 1054 15642
f 15642 1054 961
f 1054 1038 961
f 1036 1027 1037
f 1027 15499 1037
f 14181 1053 15500
f 927 1025 1026
f 1008 981 982
f 981 1008 15370
f 15225 15101 1007
f 15503 15371 15103
f 16224 15752 15505
f 15373 14600 987
f 960 1033 15232
f 15507 14830 15233
f 15508 14831 15755
f 15758 15111 15862
f 15107 15509 15862
f 15651 15379 15761
f 15652 15654 979
f 15654 15113 15864
f 15380 15114 15865
f 15865 15114 978
f 15762 14838 15868
f 14838 15655 15868
f 15867 15763 15869
f 15655 15511 15870
f 15511 15765 15870
f 15764 15384 15869
f 15117 990 976
f 14408 15657 15385
f 15660 1017 14724
f 14846 14620 14518
f 15874 14847 15387
f 15662 15118 15663
f 15663 15118 15523
f 15524 15388 15876
f 900 15525 15390
f 15390 14849 14850
f 15391 15246 15878
f 15526 1104 15882
f 14851 15770 15885
f 15886 15772 15896
f 15769 15775 15895
f 15773 15779 15894
f 15776 15785 15891
f 15782 15674 15899
f 15674 15676 15899
f 15900 15786 15902
f 15901 15677 15268
f 15409 15904 15403
f 14533 14212 15788
f 16185 15031 15905
f 15678 14535 15679
f 15789 15680 15907
f 15680 15418 15907
f 15418 15791 15907
f 15907 15791 15909
f 15790 15681 15791
f 15792 15795 15791
f 15796 15687 15910
f 15689 14659 15798
f 15690 13888 14890
f 15690 14890 15800
f 15561 15914 15187
f 15691 15699 16008
f 16008 15699 15915
f 15700 15588 15916
f 15917 15701 15918
f 15802 15806 15920
f 15805 15811 15919
f 15919 15811 15921
f 15820 15601 15930
f 15601 15932 15930
f 15714 13898 15822
f 15608 949 15824
f 15938 14682 15940
f 15940 15205 15472
f 15940 15472 15827
f 15472 15612 15827
f 15614 15080 15829
f 14685 15081 15080
f 15080 15081 15474
f 15474 15615 15829
f 15617 15085 14922
f 14922 1010 15617
f 975 1010 15718
f 15477 15719 14923
f 14923 15719 15831
f 15833 15087 973
f 15087 974 973
f 15208 15088 974
f 15088 15481 974
f 14695 1014 984
f 15839 15724 1041
f 1041 15486 16051
f 15487 14954 972
f 972 14954 1009
f 15843 15841 15840
f 15840 15841 15092
f 947 15845 15949
f 15949 14957 15488
f 14937 15093 15727
f 15359 15489 15950
f 15489 971 929
f 15489 14958 15952
f 15952 14958 1029
f 14958 14952 1029
f 15952 1029 15729
f 1000 15731 15730
f 15731 15732 15730
f 15732 15734 15953
f 15847 15494 15954
f 15494 15736 15954
f 15955 15849 15956
f 15739 970 966
f 970 15634 15636
f 997 15741 15853
f 15741 15098 15219
f 15219 14696 996
f 928 15641 983
f 15641 928 908
f 15099 963 15365
f 15099 14494 963
f 15958 14965 14076
f 14967 15856 14966
f 1027 14181 15500
f 988 945 15746
f 1025 927 15747
f 15749 1006 15750
f 15103 940 15503
f 940 15103 16057
f 15227 15103 15505
f 15229 15373 15753
f 1004 15860 16225
f 15860 1004 1003
f 15231 16155 838
f 15231 15646 16155
f 15646 15647 16155
f 14827 14828 15754
f 993 957 959
f 15235 15375 15757
f 15757 15109 15758
f 15759 15236 15964
f 15964 15236 15760
f 15965 15237 15104
f 15653 15652 979
f 15967 978 15969
f 978 15762 15969
f 15968 15866 15970
f 15866 15867 15970
f 15970 15867 15869
f 15869 15384 15970
f 15970 15384 14843
f 15871 952 16068
f 14844 991 15240
f 977 14976 1031
f 976 951 15117
f 951 15872 15117
f 1011 15514 990
f 15241 1018 15515
f 15972 15515 15385
f 15385 15657 15972
f 15519 15659 15873
f 15659 1017 15873
f 14724 14845 15386
f 14846 16070 15521
f 14518 15661 14846
f 14977 14094 14622
f 1030 15522 15875
f 15973 15662 15663
f 15523 15877 15975
f 15525 900 950
f 15882 1104 15987
f 15987 1104 15991
f 1104 14851 15991
f 15993 15888 15995
f 15995 15888 15996
f 15889 15893 15997
f 14426 15284 16286
f 16099 14760 15031
f 15031 15678 15905
f 15678 15679 15999
f 15679 15906 15999
f 15907 15909 16000
f 15999 15908 15678
f 16100 15686 15299
f 16005 15797 15185
f 16005 15185 14542
f 16007 15558 16101
f 15912 15559 15689
f 15913 15300 15186
f 15914 15561 16008
f 15915 15801 16008
f 15801 15803 16008
f 15803 15919 16008
f 16008 15919 15921
f 15926 15927 16013
f 15928 15929 16014
f 16015 15931 16018
f 15931 15933 16018
f 16020 15601 16025
f 16027 16025 16028
f 16025 15601 16028
f 15601 1016 15062
f 15821 15063 15713
f 15822 15936 15714
f 14796 14914 15937
f 15715 16030 14914
f 14914 15825 15715
f 15939 15826 16032
f 16034 15826 16036
f 14918 15828 15826
f 15829 15615 948
f 948 15615 15083
f 15718 15830 931
f 14923 15831 16038
f 15831 15945 16038
f 16042 973 16044
f 973 16045 16044
f 16045 973 974
f 15481 15089 16049
f 984 1014 15721
f 15835 15837 16051
f 15837 15839 16051
f 15839 1041 16051
f 15843 15947 15841
f 16213 15845 947
f 849 947 16052
f 16052 947 15949
f 971 15489 15951
f 15951 15489 15952
f 15730 15732 15953
f 15734 15846 15953
f 15953 15846 15848
f 15955 15956 15848
f 15848 15956 16053
f 965 967 15957
f 15365 963 928
f 928 963 908
f 963 14494 15742
f 15742 15366 16055
f 14076 15220 15958
f 15743 1058 14820
f 1069 14286 15744
f 15959 15498 16147
f 15367 15745 15961
f 1028 15962 15745
f 1028 1040 15962
f 1040 14968 15962
f 1037 15499 15500
f 15499 1027 15500
f 15368 15501 15643
f 15644 1008 982
f 16151 943 941
f 941 981 16151
f 1021 15748 15370
f 15748 1021 1019
f 1050 15371 15750
f 15103 15226 16057
f 15505 15752 15227
f 1005 15228 16224
f 987 1108 1004
f 15647 14827 15754
f 879 1034 16156
f 16156 14400 15506
f 16227 938 939
f 993 926 957
f 992 1013 15650
f 15755 14831 15756
f 15236 15759 15509
f 16060 15964 16159
f 15863 986 15965
f 986 15237 15965
f 15104 15378 15965
f 15965 15378 15379
f 15651 15761 956
f 979 954 16234
f 935 936 16062
f 935 979 15654
f 978 15967 16065
f 16065 15967 16067
f 15966 15968 16066
f 16066 15968 15970
f 16068 14843 15871
f 952 15871 15240
f 15386 15520 15767
f 15876 15976 15974
f 15876 15388 15525
f 16073 900 15390
f 15390 14850 15980
f 15980 14850 16075
f 16075 14850 15391
f 16086 15983 16090
f 15986 15989 16098
f 15988 15990 16097
f 15992 15994 16094
f 16093 15900 16092
f 15900 15902 16092
f 15902 15903 16092
f 16092 15903 15787
f 15903 15537 15787
f 16412 15787 15403
f 16412 15403 15904
f 15788 14212 15414
f 16099 15285 14760
f 16005 14542 14779
f 15798 15300 15913
f 16012 16016 16103
f 16023 16024 16114
f 16024 16026 16114
f 15821 15713 16029
f 15934 15339 16119
f 16119 15339 16121
f 15339 15714 16121
f 15935 15824 16122
f 16122 15824 949
f 15609 15067 15346
f 14798 15938 15610
f 16123 15940 16033
f 16123 16033 16035
f 16032 15826 16034
f 15828 15473 16198
f 15717 14580 1015
f 1015 15613 16124
f 15614 15941 15613
f 15941 15614 15942
f 15942 15614 15829
f 15080 15474 15829
f 15083 15084 15943
f 15616 985 15943
f 15085 15617 16126
f 16126 15617 16127
f 1010 14923 16038
f 15833 973 16039
f 16038 16040 16041
f 16044 16045 16129
f 16045 16048 16131
f 16132 16130 16047
f 16135 14925 16137
f 14925 15834 16137
f 15834 16050 16137
f 16051 15486 15946
f 1009 15092 15947
f 15092 15841 15947
f 15092 15844 15840
f 15844 14955 16140
f 14955 15845 16140
f 16141 15950 929
f 15952 15729 15730
f 15848 16053 15953
f 15956 15495 16053
f 15495 15637 16053
f 964 965 16142
f 16216 965 969
f 967 16143 15957
f 967 970 16143
f 15636 15852 16144
f 15853 15741 15855
f 16145 15855 15741
f 996 928 983
f 16055 995 14495
f 15220 14496 15221
f 14820 1069 962
f 16354 962 1069
f 15498 14966 16147
f 15962 14968 15642
f 961 16221 15642
f 16148 15500 15368
f 15746 945 944
f 988 15747 16149
f 16150 927 15644
f 927 1026 15644
f 16152 1007 1006
f 15750 15371 15503
f 15753 15373 987
f 15860 1003 14825
f 15647 15754 16155
f 15232 1034 879
f 16227 939 15507
f 957 16059 959
f 15756 15235 15757
f 15757 15758 16229
f 15758 15862 15759
f 15862 15509 15759
f 15964 16060 16231
f 15964 15760 16160
f 15965 15379 15651
f 15761 1002 15652
f 953 954 16463
f 979 935 954
f 16063 15654 15864
f 15380 15865 16162
f 16163 978 16164
f 978 16065 16164
f 16164 16065 16167
f 16064 16066 15970
f 15970 14843 16168
f 16168 14843 16068
f 1031 15117 15872
f 15514 15241 934
f 15241 15515 934
f 15515 15972 934
f 14724 15386 15660
f 15386 15767 15660
f 15521 16070 16069
f 16070 14846 15661
f 14977 14622 15387
f 15663 15523 15975
f 15976 15876 16170
f 15876 15525 16170
f 16170 15525 950
f 16173 950 16072
f 950 900 16072
f 15878 15246 16176
f 15526 15981 15768
f 15981 15526 16084
f 16084 15526 16087
f 15904 14426 16286
f 15998 14533 15788
f 16001 15909 16188
f 15909 15791 16188
f 16100 15299 15797
f 16006 15689 16424
f 16424 15689 15798
f 15301 15187 16102
f 16103 16016 16110
f 16016 16107 16110
f 16113 16115 16112
f 16028 15601 16433
f 16433 15601 15062
f 16197 15608 933
f 910 989 15347
f 15347 15937 910
f 16030 15937 14914
f 15715 15825 16031
f 16124 15613 15941
f 15829 948 16200
f 16126 16125 985
f 1010 16038 15718
f 16041 16043 16128
f 16046 16130 16128
f 16048 16045 16204
f 16045 974 16204
f 974 15481 16049
f 925 984 15721
f 15482 14925 16205
f 14925 16135 16205
f 16208 16206 16210
f 16205 16135 16209
f 16210 16136 16138
f 16138 16051 15946
f 1009 15947 16212
f 15840 16320 15843
f 16320 15840 15842
f 15840 15844 16140
f 16624 15738 924
f 15738 15739 924
f 966 964 15739
f 16216 16142 965
f 970 15636 16143
f 16144 15852 16218
f 15851 15853 16217
f 16217 15853 16219
f 16219 15853 15855
f 15855 16145 16219
f 15741 15219 16145
f 15219 996 16145
f 16055 15366 995
f 14495 14965 16055
f 16055 14965 15958
f 15220 15221 15958
f 15221 16056 15958
f 16354 1069 899
f 15744 15498 15959
f 946 15367 15961
f 1038 1035 961
f 1037 15500 16148
f 15368 15643 16356
f 15643 15224 16222
f 15224 15746 16222
f 945 988 16149
f 15747 927 16149
f 15644 982 16150
f 981 15370 16151
f 15370 15748 16151
f 15748 15225 16152
f 15225 1007 16152
f 15749 15751 1006
f 15750 15503 15749
f 923 940 16057
f 16153 15504 15227
f 987 1004 15753
f 15860 14825 15231
f 15754 904 16155
f 16157 16156 894
f 16156 15506 894
f 14507 959 15233
f 856 15650 980
f 15650 1013 980
f 15755 15756 16229
f 15756 15757 16229
f 16230 16229 15758
f 16158 15758 15759
f 15759 15964 16231
f 16368 16231 16060
f 911 912 16159
f 15964 16160 16159
f 16232 15760 15863
f 15965 15651 956
f 15761 15652 15653
f 16235 16161 16237
f 16237 16161 16239
f 16161 935 16239
f 935 16062 16239
f 16238 16061 937
f 16241 936 935
f 15864 15380 16162
f 16163 16164 16243
f 16243 16164 16245
f 16165 16166 16244
f 16064 15970 16166
f 15240 991 870
f 16247 977 1031
f 16249 16248 15872
f 16249 15872 951
f 990 15514 16250
f 16250 15514 934
f 15972 15519 934
f 15519 15873 934
f 902 15660 15767
f 16169 16070 16251
f 15875 15522 16255
f 15977 16171 16257
f 16170 950 16256
f 16257 15978 16259
f 950 15979 16258
f 16172 15979 950
f 16261 16074 16263
f 15390 15980 16262
f 15391 15878 16266
f 16267 16076 16177
f 16268 16077 16078
f 16078 16179 16272
f 16271 16178 16276
f 16277 15768 16278
f 15768 15981 16278
f 16282 16181 16285
f 16180 16082 16284
f 16081 16085 16183
f 16183 16088 15787
f 16088 16092 15787
f 16286 16412 15904
f 16286 15284 16184
f 16184 15998 817
f 15788 15414 16287
f 15678 16187 15905
f 16288 16188 16292
f 16188 15791 16419
f 15791 15795 16419
f 16293 16419 15795
f 16005 14779 16295
f 15799 15430 15560
f 16110 16193 16296
f 16298 16195 16300
f 16027 16028 16301
f 16122 949 16120
f 15346 989 798
f 15715 16031 16303
f 15940 16123 16437
f 16036 16306 16304
f 16036 15826 16306
f 1015 16124 16308
f 16124 15942 16199
f 16200 948 868
f 15084 15616 15943
f 985 15085 16126
f 16309 16127 15617
f 15830 15718 16311
f 15718 16038 16311
f 16038 16041 16311
f 16311 16041 16132
f 16041 16128 16132
f 16128 16130 16132
f 890 16132 16312
f 16312 16132 16203
f 16133 16048 16204
f 16314 974 930
f 930 974 16049
f 16134 16049 984
f 15482 16205 16316
f 16205 16207 16316
f 16316 16207 16317
f 16208 16210 15946
f 16210 16138 15946
f 15486 15487 15946
f 972 1009 16139
f 15842 15840 16140
f 16213 863 16214
f 16213 947 863
f 15949 15488 15727
f 15094 15950 15093
f 15952 15730 909
f 15730 15953 16322
f 16053 15637 15738
f 15739 888 924
f 15739 964 888
f 16216 969 16323
f 965 15957 969
f 16330 16329 16328
f 16331 16328 16329
f 16328 16326 16327
f 16334 16331 16329
f 16334 16329 16339
f 16337 16332 16333
f 16326 16336 16327
f 862 16331 16337
f 16331 16332 16337
f 16341 16342 16343
f 16342 16341 16350
f 16332 16338 16339
f 16340 16339 16348
f 16339 16329 16348
f 16330 16328 16327
f 16344 16345 16325
f 16324 16325 16345
f 16344 16342 803
f 16341 16333 16350
f 16349 16336 15957
f 16143 15636 16351
f 15636 16144 16351
f 16451 14820 962
f 1069 15744 899
f 15744 15959 899
f 15856 14967 15857
f 897 1037 16148
f 16148 15368 16356
f 16222 15746 944
f 16360 16359 16361
f 16360 16361 16362
f 858 16361 16359
f 927 16363 16149
f 16150 982 941
f 941 943 16223
f 905 15748 16364
f 15753 1004 16225
f 15754 960 904
f 960 15232 879
f 16227 15507 15233
f 957 926 16059
f 993 15650 893
f 893 15650 856
f 16230 15758 16158
f 919 914 918
f 912 911 922
f 922 911 16159
f 16160 15760 16232
f 15653 979 16233
f 16233 979 16372
f 979 16234 16372
f 935 15654 16375
f 15654 16063 16375
f 16063 15864 16162
f 16162 15865 16377
f 16379 16377 16381
f 16377 15865 16381
f 16381 15865 16382
f 16382 15865 16163
f 15865 978 16163
f 16163 16243 16385
f 16242 16244 16384
f 16384 16244 16477
f 952 15240 870
f 870 991 15766
f 977 785 15766
f 1031 15872 16247
f 16247 15872 16248
f 16249 951 16480
f 990 16250 976
f 1017 15660 15873
f 902 852 15660
f 16070 16169 16069
f 16070 15661 16251
f 15661 14847 15874
f 14726 1030 16253
f 1030 15875 16253
f 16253 15875 16254
f 16255 15522 15662
f 15975 15977 15663
f 15663 15977 16257
f 16172 950 16388
f 16388 950 16173
f 16173 16072 16391
f 16072 900 16394
f 900 16396 16394
f 16397 901 16399
f 16261 16263 16397
f 16263 16174 16265
f 16264 15980 16400
f 15980 16075 16400
f 16402 16175 16267
f 16267 16177 16268
f 16177 16077 16268
f 16268 16078 16404
f 16078 16272 16404
f 16403 16270 16406
f 16178 16279 16276
f 16279 16182 16276
f 16408 16281 16410
f 16080 16183 16283
f 16283 16183 15787
f 16099 15031 16185
f 15905 16289 16185
f 15905 16291 16289
f 16290 16292 16415
f 16185 16414 16416
f 16415 16292 16417
f 16292 16188 16417
f 16188 16419 16417
f 16422 16293 16420
f 16293 15795 16420
f 16294 16100 15797
f 14779 15558 16423
f 15558 16007 16423
f 16423 16007 16192
f 16102 15187 15914
f 16008 16103 15914
f 15914 16103 16110
f 16297 16299 16426
f 16301 16028 16428
f 949 15608 16197
f 16698 933 932
f 933 15609 15346
f 16434 798 989
f 15938 15940 16437
f 16123 16305 16438
f 16305 16307 16438
f 15942 15829 16200
f 15083 15943 16439
f 15943 985 16201
f 16201 985 16125
f 16125 16126 16309
f 931 15830 16912
f 16313 16204 974
f 16313 974 16314
f 16315 930 16049
f 16049 15089 984
f 16318 16208 15946
f 15487 972 15946
f 15947 15843 16443
f 16140 15845 16213
f 15093 15950 16321
f 909 15730 16322
f 15953 16053 16322
f 969 15957 16336
f 16331 862 16328
f 16347 16344 803
f 803 16342 16350
f 16331 16334 16332
f 16334 16338 16332
f 16332 16339 16447
f 16339 16340 16447
f 16447 16348 16449
f 16348 16329 16449
f 16449 16329 16448
f 16450 16352 16217
f 884 16217 16219
f 16219 16145 16353
f 908 963 860
f 15742 16220 963
f 882 16055 15958
f 16056 15221 15743
f 15743 14820 16451
f 16147 14966 16536
f 16536 14966 15856
f 15962 15642 881
f 961 1035 16221
f 1037 897 1035
f 16356 15643 16358
f 16358 15643 16222
f 945 16359 16360
f 945 16149 16359
f 941 895 16150
f 16151 15748 905
f 16152 1006 16453
f 1006 15751 16453
f 16153 15227 15752
f 16799 15752 16224
f 16225 16367 15753
f 880 960 879
f 820 879 16156
f 15233 959 16227
f 16227 959 16059
f 993 893 16457
f 15755 16229 16542
f 892 16158 16458
f 16158 15759 16458
f 16060 912 918
f 917 903 918
f 917 920 903
f 914 913 920
f 16370 919 918
f 912 922 921
f 16160 16371 16461
f 16371 16160 16232
f 872 836 16463
f 16463 954 935
f 16236 16238 16374
f 16374 16238 937
f 16467 937 16240
f 16241 935 16469
f 935 16375 16469
f 16376 16378 16471
f 16472 16471 16473
f 16471 16559 16473
f 16378 16380 16474
f 16381 16382 16475
f 16382 16163 16478
f 16383 16384 16477
f 16244 16166 16246
f 16246 16166 15970
f 16479 16168 16068
f 16480 951 976
f 16069 16169 16482
f 15874 15387 16483
f 15387 14622 16483
f 14622 16252 16483
f 16484 16254 15875
f 15973 15663 16386
f 16386 15663 16257
f 16257 16259 16386
f 16259 16071 16386
f 16486 16388 16173
f 16173 16391 16488
f 16395 16397 16491
f 900 16073 16398
f 16399 16261 16397
f 16263 16265 16397
f 16264 16400 16493
f 16268 16404 16496
f 16404 16407 16496
f 16274 16411 16497
f 16575 15787 16412
f 16498 16412 16286
f 16185 16289 16414
f 16501 16185 16502
f 16185 16416 16502
f 16417 16419 16503
f 16421 16190 16509
f 16510 16294 15797
f 16423 16295 14779
f 16110 16296 15914
f 15914 16296 16514
f 15821 16029 16975
f 16196 16120 949
f 932 933 15346
f 15346 798 932
f 16434 989 16610
f 16610 989 910
f 910 15937 16030
f 16303 16031 16611
f 16031 15716 16436
f 15716 15610 15938
f 16437 16123 16438
f 15826 15828 16306
f 16306 15828 16198
f 15473 15078 16198
f 15717 1015 16308
f 15941 15942 16124
f 15942 16200 16199
f 16310 931 16912
f 16311 16132 890
f 16312 16203 16441
f 16139 1009 16212
f 16443 15843 16320
f 947 849 863
f 16052 15949 15727
f 15093 16321 15727
f 929 971 15951
f 924 888 887
f 16336 16326 16328
f 16337 16333 16445
f 16333 16341 16343
f 16342 16344 16786
f 16528 16325 16324
f 885 16324 16345
f 16344 16446 16345
f 16446 16344 16531
f 16724 16350 16333
f 16448 16329 16725
f 16336 16349 16327
f 16349 15957 16143
f 16143 16351 16532
f 16450 16217 16533
f 16353 16145 883
f 16145 996 883
f 883 996 983
f 15959 15960 16737
f 881 15642 16221
f 16223 943 16452
f 16452 943 905
f 943 16151 905
f 15748 16152 16364
f 15751 15749 16539
f 15749 15503 16539
f 15503 940 16539
f 16539 923 841
f 16057 15226 16153
f 15226 15504 16153
f 16799 16224 16454
f 15229 15753 16154
f 16946 15860 15231
f 894 15506 939
f 926 993 16457
f 16641 15508 15755
f 16230 16158 892
f 16458 15759 16231
f 16368 16060 903
f 903 920 876
f 837 920 16460
f 920 913 16460
f 913 919 16369
f 16370 918 921
f 16647 956 16462
f 16462 956 15761
f 15761 15653 16233
f 16372 16234 953
f 872 874 836
f 874 872 16544
f 16545 16546 16547
f 16549 16545 16547
f 16549 16547 16650
f 16650 16547 16550
f 16548 16544 16551
f 16544 872 16551
f 871 872 16463
f 16161 16235 16554
f 16659 937 16467
f 16240 16468 16467
f 16469 16375 16555
f 16467 16470 16556
f 16375 16063 16557
f 16162 16377 16558
f 16471 16378 16559
f 16559 16378 16560
f 16378 16474 16560
f 16560 16474 16562
f 16475 16382 16563
f 16476 16477 16561
f 16561 16477 16564
f 16564 16477 16244
f 15766 785 870
f 976 16250 16480
f 16480 16250 16566
f 16250 934 16566
f 16566 934 15873
f 16566 15873 15660
f 16481 902 15767
f 15521 16069 16567
f 16670 16482 16825
f 16671 15661 15874
f 16485 16387 16570
f 16387 16389 16571
f 16390 16487 16572
f 16489 16392 16491
f 16391 16072 16490
f 16393 16395 16491
f 16265 16492 16397
f 16492 16265 16494
f 16401 16402 16267
f 16267 16268 16573
f 16405 16273 16575
f 16273 16283 16575
f 16283 15787 16575
f 16286 16184 16499
f 16413 15998 15788
f 14759 15285 16576
f 16502 16418 16501
f 16419 16293 16504
f 16501 16505 16582
f 16580 16577 16596
f 16598 16506 16601
f 16507 16508 16603
f 16512 15799 15560
f 15560 15690 16513
f 15800 15301 16604
f 15914 16514 16605
f 16518 16430 16606
f 16607 16431 16519
f 16432 16433 16609
f 16433 15062 15821
f 949 16197 16697
f 16610 910 16435
f 16611 16031 16436
f 16522 16306 16198
f 16124 16199 16775
f 948 15083 868
f 975 931 16616
f 891 15830 16311
f 890 16312 16617
f 16440 16313 16525
f 16313 16314 16525
f 16314 930 16315
f 16049 16134 16315
f 15721 15482 16618
f 16618 15482 16619
f 15482 16316 16619
f 16619 16316 16620
f 16442 16318 16621
f 16318 851 16621
f 15946 972 16139
f 850 867 866
f 850 866 16212
f 864 831 16214
f 15951 15952 909
f 15738 16624 16053
f 16336 16328 805
f 16328 862 805
f 16344 16347 16630
f 16447 16448 16332
f 16329 16787 16725
f 16143 16532 16632
f 16632 16532 16634
f 16533 16217 16633
f 16633 16217 16635
f 16217 884 16635
f 884 861 16635
f 883 16637 16353
f 963 16534 860
f 899 15959 16737
f 16638 859 16221
f 16221 1035 897
f 16222 944 945
f 16359 16149 16363
f 16152 16453 842
f 940 923 16539
f 16454 16224 16058
f 16224 15228 16058
f 16058 15228 15229
f 16154 15753 16540
f 15753 16367 16540
f 16155 904 16455
f 960 880 904
f 16157 16639 16156
f 857 939 938
f 938 16227 878
f 980 15508 16641
f 16950 876 16643
f 16643 876 920
f 16460 913 16369
f 16369 855 16644
f 16369 919 16370
f 16159 16160 16461
f 853 854 16954
f 16232 15863 16647
f 15863 15965 16647
f 15965 956 16647
f 871 16463 16652
f 935 16552 16463
f 16552 935 16161
f 16655 16552 16161
f 16465 16373 16553
f 16657 16374 16659
f 16374 937 16659
f 16467 16556 16660
f 16661 16557 16663
f 16557 16063 16663
f 16663 16063 16162
f 16162 16558 16666
f 16562 16565 16560
f 16244 16246 16564
f 15970 16168 16246
f 16246 16168 16668
f 16068 952 16669
f 785 977 16247
f 16248 785 16247
f 15767 869 16481
f 869 15767 15520
f 16569 16254 16484
f 16484 15875 16255
f 15973 16386 16673
f 16386 16071 16387
f 16570 16387 16571
f 16487 16260 16489
f 16494 16401 16267
f 16573 16268 16495
f 16495 16574 16674
f 16574 16495 16575
f 16495 16405 16575
f 15998 16413 817
f 15414 15544 16963
f 15285 16099 16576
f 16505 16578 16582
f 16677 16587 16681
f 16589 16593 16686
f 16689 16595 16690
f 16599 16602 16691
f 16510 15797 16005
f 16424 15798 16692
f 15186 15799 16512
f 16693 16513 15690
f 15301 16102 16604
f 16515 16516 16694
f 16695 16608 16696
f 16608 16520 16696
f 16609 16433 16846
f 16697 16197 16698
f 16197 933 16698
f 16521 16030 15715
f 16611 16436 16699
f 16522 16198 16523
f 16198 16524 16523
f 16612 16198 15717
f 16198 15078 15717
f 15083 16439 868
f 16439 15943 16201
f 16201 16125 16439
f 16125 16309 16615
f 16912 15830 891
f 16703 890 16617
f 16525 16314 16705
f 16134 984 16856
f 984 925 16856
f 16139 16212 782
f 850 16707 867
f 15947 16443 16212
f 16052 15727 16709
f 15950 16141 16784
f 15951 909 16861
f 16322 16053 16624
f 16624 924 887
f 887 797 16711
f 16712 847 848
f 16343 16445 16333
f 886 804 16343
f 886 16343 16342
f 16786 16344 16325
f 16714 16627 885
f 16345 16529 16530
f 16531 16344 16629
f 16629 16344 16719
f 16719 16344 16721
f 16344 16630 16721
f 16333 16332 16724
f 846 16787 16329
f 16327 16349 802
f 16726 16349 16632
f 16349 16143 16632
f 16632 16634 16728
f 16634 16636 16728
f 16727 16635 16729
f 16635 861 16729
f 861 884 16731
f 16731 884 16733
f 883 983 15641
f 16734 963 16220
f 15742 16055 16220
f 16220 16055 882
f 16735 882 15958
f 15958 16056 16735
f 15959 16147 15960
f 946 15961 15745
f 15962 881 16738
f 881 16221 859
f 16739 16221 897
f 897 16148 16357
f 16148 16356 16357
f 858 16359 16537
f 941 16223 896
f 16223 16538 896
f 16364 16152 842
f 16539 841 840
f 821 16454 16058
f 15229 16154 16741
f 16225 15860 16946
f 838 16155 16455
f 894 939 857
f 856 980 16641
f 16641 15755 16542
f 16542 16229 16230
f 16743 892 16458
f 16458 16231 16368
f 16060 918 903
f 876 16950 16642
f 16644 855 16645
f 855 16369 16370
f 922 16159 16461
f 16371 16232 854
f 854 853 16646
f 16954 854 16647
f 854 16232 16647
f 16647 16462 16954
f 15761 16233 16462
f 16233 16543 16462
f 16885 16543 16745
f 16543 16233 16745
f 953 16463 836
f 16748 836 874
f 874 16544 16649
f 16550 873 16650
f 872 871 16651
f 16652 16463 16653
f 16463 16552 16653
f 16161 16656 16655
f 16656 16161 16466
f 16465 16553 16657
f 16553 16374 16657
f 16467 16660 16659
f 16663 16162 16752
f 16162 16665 16752
f 16665 16162 16666
f 16667 16564 16754
f 16168 16479 16668
f 16479 16068 16669
f 834 833 16480
f 16069 16482 16756
f 16825 16482 16169
f 16757 16169 16568
f 16169 16251 16568
f 16671 16251 15661
f 16255 15662 15973
f 16572 16487 16489
f 16489 16491 16759
f 16491 16397 16759
f 16494 16267 16492
f 16267 16573 16492
f 16760 16495 16761
f 16761 16495 16674
f 16574 16575 16761
f 16499 16184 817
f 16413 15788 16500
f 16287 15414 16963
f 15544 14759 16576
f 16764 16678 16767
f 16684 16687 16769
f 16768 16685 16770
f 16770 16685 16600
f 16693 15690 16772
f 16102 15914 16773
f 16433 15821 16975
f 16029 16196 16697
f 16521 15715 16303
f 16700 16437 16438
f 16775 16199 16776
f 16199 16200 16777
f 16777 16200 16778
f 16200 868 16778
f 16126 16127 16309
f 15617 975 16309
f 16704 16525 16705
f 925 15721 16618
f 16706 16621 851
f 16212 866 782
f 866 867 782
f 17195 867 16707
f 16212 16443 850
f 16320 16780 16779
f 16213 16214 16708
f 16781 16214 865
f 16321 15950 16710
f 15950 16784 16710
f 929 15951 16861
f 806 887 16711
f 797 887 888
f 797 888 16527
f 16323 848 16216
f 16323 969 16336
f 805 862 16785
f 16627 16626 885
f 885 16345 16716
f 16345 16530 16716
f 16530 16717 16716
f 16347 803 16723
f 846 16329 16631
f 16329 16330 16631
f 16330 16327 802
f 16728 16730 16790
f 16729 861 16789
f 861 16731 16792
f 883 15641 908
f 963 16734 16534
f 962 16354 16451
f 899 16737 16736
f 15960 16147 16737
f 15745 15962 16738
f 16738 881 843
f 859 16795 16875
f 16221 16739 16638
f 16222 945 16796
f 945 16360 16796
f 16359 16363 16942
f 16363 927 16798
f 16798 927 16150
f 16150 895 896
f 16538 16223 16452
f 16453 16740 842
f 841 923 16057
f 16057 16153 16799
f 16799 16153 15752
f 16800 16454 839
f 16454 821 839
f 794 824 839
f 826 16800 839
f 16800 826 824
f 16058 15229 16741
f 16741 16154 16540
f 16156 16639 820
f 878 16227 16882
f 16227 16059 16882
f 16059 926 16882
f 16230 892 16542
f 16743 16458 818
f 818 16458 16368
f 922 16461 921
f 16461 16371 16953
f 16953 16371 16805
f 16233 16372 16745
f 16372 953 16887
f 16887 836 791
f 836 16746 791
f 16748 16750 836
f 16806 16749 16807
f 16749 16747 16807
f 16748 874 16808
f 874 16649 16809
f 871 16652 16812
f 16812 16652 16814
f 16552 16655 16819
f 16822 16465 16657
f 16659 16660 16473
f 16660 16662 16473
f 16473 16662 16751
f 16751 16664 16472
f 16559 16560 16753
f 16753 16560 16824
f 16560 16755 16824
f 16754 16564 16823
f 16669 952 870
f 834 16480 16566
f 15660 852 16566
f 15520 15521 16567
f 16825 16169 16757
f 16568 16251 16671
f 16253 16254 16758
f 16484 16255 16672
f 16387 16485 16386
f 16761 16492 16573
f 16412 16498 16828
f 16500 15788 16287
f 16963 15544 16576
f 16185 16501 16965
f 16501 16582 16829
f 16582 16675 16829
f 16675 810 16829
f 16829 811 16830
f 814 809 16831
f 808 813 16836
f 16836 813 16838
f 16678 16764 16839
f 16763 16765 16770
f 16770 16600 16510
f 16771 15186 16512
f 16512 15560 16513
f 15690 15800 16772
f 15914 16605 16773
f 16515 16694 16840
f 16842 16609 16845
f 16845 16609 16846
f 16975 16029 16774
f 16774 16029 16697
f 910 16030 16521
f 15938 16437 16849
f 16849 16437 16700
f 16438 16701 16852
f 16523 16524 16851
f 16851 16524 16853
f 16524 16198 16612
f 16775 15717 16308
f 16124 16775 16308
f 16199 16613 16776
f 16613 16199 16777
f 16854 931 16310
f 16706 851 16858
f 851 16318 783
f 16318 15946 783
f 15946 16139 783
f 16320 15842 16780
f 15842 16140 16780
f 16140 16213 16708
f 16708 16214 16781
f 16781 865 832
f 16623 864 16988
f 16989 16052 16709
f 15727 16321 16709
f 16141 929 16861
f 909 16322 16861
f 16322 16624 16861
f 16861 16624 887
f 888 16142 16527
f 16445 16343 16785
f 16343 804 16785
f 16786 16325 16528
f 16926 16528 17047
f 16714 885 16865
f 16718 16720 16716
f 16722 16347 16720
f 16720 16347 16716
f 16787 846 16866
f 16631 16330 802
f 16791 16793 16790
f 16790 16793 16632
f 16793 16732 16869
f 775 16219 16353
f 883 908 16870
f 908 860 16870
f 860 16534 16872
f 16734 16220 16794
f 830 16737 16147
f 15856 15857 907
f 946 15745 907
f 881 859 16875
f 795 16638 827
f 16356 16358 16878
f 16358 16222 16878
f 16878 16222 16796
f 16796 16360 16362
f 16942 16363 16797
f 16363 16798 16797
f 16150 896 16798
f 841 16057 16799
f 824 822 16800
f 15231 838 16946
f 820 16639 16881
f 16639 16157 894
f 938 878 857
f 819 16457 893
f 893 856 16742
f 16640 16641 16542
f 837 16804 16643
f 16462 16543 16885
f 16745 16372 16887
f 953 836 16887
f 836 16750 16746
f 16807 16648 16806
f 16650 16810 16811
f 16889 16813 16815
f 16818 16654 16820
f 16655 16656 16821
f 16820 16822 16657
f 16657 16659 801
f 801 16659 16658
f 16751 16472 16473
f 16753 16824 16891
f 16890 16823 16564
f 16669 870 800
f 870 785 17076
f 16248 16249 799
f 16893 16480 833
f 852 902 16481
f 869 17078 16481
f 869 15520 16567
f 16567 16069 16756
f 16482 16670 760
f 16670 16825 16894
f 16671 15874 16896
f 15874 16483 16896
f 16252 16253 16758
f 16758 16254 16897
f 16827 16572 16901
f 16572 16489 16901
f 16759 16397 16492
f 16575 16412 16828
f 16185 16965 16099
f 16904 16902 808
f 16902 16834 808
f 16836 16837 16763
f 16905 16295 16423
f 16511 16424 16907
f 16907 16424 16692
f 16692 15798 15913
f 15186 16771 15913
f 16909 16841 16843
f 949 16697 16196
f 16847 16435 16611
f 16435 910 16611
f 16436 15716 15938
f 16850 16849 16700
f 16439 16125 16615
f 975 16616 16309
f 891 16311 16702
f 16702 16311 890
f 16134 16856 16315
f 16915 925 16618
f 16858 851 16916
f 783 16139 782
f 16780 16140 16708
f 16988 16214 863
f 849 16052 16989
f 16321 16710 16709
f 847 16712 17199
f 16323 16336 16863
f 16336 805 16863
f 16924 16923 16925
f 16923 804 16925
f 16925 804 886
f 16786 16528 16926
f 16994 16926 17047
f 803 16724 16927
f 16929 16927 16928
f 803 16350 16724
f 16448 16725 16787
f 16867 16866 846
f 802 16726 16930
f 16728 16790 16632
f 16793 16869 16632
f 16632 16869 16933
f 16733 884 16932
f 775 16353 778
f 796 16637 16870
f 16637 883 16870
f 16870 16872 796
f 16872 16534 796
f 16354 899 16736
f 16737 830 16874
f 16536 15856 907
f 907 15745 16937
f 15745 16738 16937
f 17217 843 881
f 16940 16795 859
f 859 16638 16940
f 16739 897 16357
f 16357 16356 16941
f 16356 16878 16941
f 771 16362 16361
f 16361 858 16537
f 16537 16359 16942
f 17062 16797 16798
f 16798 896 17133
f 16364 842 905
f 16453 15751 16943
f 16943 15751 16539
f 16943 16539 16880
f 16880 16539 840
f 16454 16800 16799
f 17064 822 824
f 794 839 821
f 904 880 16455
f 16639 894 857
f 926 16457 16882
f 16457 819 16882
f 16949 16742 856
f 16368 903 16883
f 903 876 16883
f 920 837 16643
f 855 16370 17011
f 16370 921 17011
f 921 16461 16952
f 16954 16462 16885
f 16885 16745 16886
f 792 16745 16887
f 789 791 16746
f 16749 16806 16888
f 16545 16549 16806
f 16549 16650 16957
f 16957 16650 16889
f 16650 16811 16889
f 16811 16813 16889
f 16815 16816 16889
f 16653 16552 16958
f 16817 16818 16889
f 16820 16657 16818
f 16659 16473 16658
f 16564 16246 16892
f 16668 16479 770
f 770 16479 835
f 870 17076 800
f 16249 16480 16893
f 834 16566 852
f 16482 760 16756
f 16895 16671 16896
f 16483 16252 16896
f 16252 16758 16896
f 16485 16570 16900
f 16489 16759 16901
f 16498 16286 16499
f 16965 16501 16829
f 16830 16832 16829
f 16835 16903 16967
f 16966 16970 16972
f 17029 16972 16970
f 16763 16770 16836
f 16770 16510 16836
f 16905 16423 16908
f 16512 16513 16693
f 16604 16102 16773
f 16303 16611 16521
f 16699 16436 16848
f 16436 15938 16848
f 16849 16850 16976
f 16700 16438 16982
f 16438 16852 16982
f 16851 16853 16981
f 16612 15717 16775
f 16911 868 16439
f 16615 16309 16616
f 16616 931 16854
f 16854 16310 17105
f 16912 891 16702
f 16703 16913 890
f 16314 16315 16914
f 16857 925 16915
f 16915 16618 16985
f 16916 851 783
f 850 781 16707
f 769 781 758
f 16443 16320 16779
f 16780 16917 17325
f 832 865 16782
f 865 831 16782
f 16782 831 17257
f 17257 831 16987
f 864 16214 16988
f 16861 887 806
f 16527 16142 17198
f 16142 16216 17198
f 16216 847 17198
f 16785 804 16920
f 804 16921 16920
f 16921 16923 16920
f 16865 885 16716
f 16723 803 17050
f 766 16724 16995
f 16724 16332 16995
f 16332 16448 16995
f 16726 16632 16931
f 16632 16933 16997
f 16932 884 16996
f 16996 884 775
f 884 16219 775
f 775 776 777
f 16353 16637 778
f 778 16637 796
f 16935 16534 16734
f 16794 17000 737
f 16737 16874 16736
f 17002 17130 830
f 830 16147 17003
f 16937 16738 16938
f 843 17217 735
f 16875 773 881
f 828 16638 16739
f 16796 16362 771
f 16452 905 17007
f 17009 16880 840
f 16944 840 841
f 821 16058 16741
f 838 16455 754
f 793 16455 880
f 879 820 16881
f 17066 16742 17436
f 16949 856 16641
f 16883 876 16642
f 682 16642 16950
f 16951 16644 17140
f 17140 16644 17067
f 16645 855 17011
f 16952 16461 16953
f 16805 16371 854
f 790 788 16955
f 16888 16806 788
f 17012 17013 17014
f 17013 17012 786
f 16473 16559 16959
f 17016 16960 16890
f 16890 16564 16892
f 16246 16668 16892
f 16479 16669 800
f 17076 785 16248
f 833 834 17078
f 834 852 16481
f 16255 15973 16961
f 16386 16485 16673
f 16899 16826 16901
f 16761 16575 17022
f 16498 16499 17445
f 16576 16964 16963
f 16099 16964 16576
f 16832 16966 16972
f 17024 16972 17029
f 17030 16971 17090
f 17088 16973 17031
f 17033 16904 16836
f 16904 808 16836
f 16907 16692 17092
f 15800 16604 16772
f 16773 16605 17034
f 17035 16605 17036
f 17037 16910 16844
f 17038 16845 16846
f 16698 932 798
f 17040 16434 16610
f 16611 910 16521
f 16976 16850 16978
f 16613 16777 16911
f 16777 16778 16911
f 16911 16778 868
f 16616 16854 17104
f 890 16913 17043
f 16913 16855 17043
f 16314 16914 17044
f 16856 925 16857
f 781 850 16443
f 768 16779 17325
f 16779 16780 17325
f 16782 16783 16919
f 16783 16782 17257
f 16784 16141 740
f 740 16141 16861
f 797 16527 739
f 17198 847 780
f 780 847 17199
f 848 16323 16863
f 805 16785 16863
f 16920 16923 16924
f 16992 16994 17047
f 16626 16714 17048
f 17048 16714 16865
f 16716 16347 16723
f 803 16927 16929
f 16928 16927 766
f 16927 16724 766
f 16448 16787 16995
f 16866 16867 17053
f 17053 16867 17054
f 16930 16726 16931
f 776 775 778
f 16794 16220 882
f 17058 830 17003
f 17003 16147 16536
f 16536 907 16937
f 17059 16937 16938
f 16938 16738 16939
f 734 735 17217
f 17217 881 772
f 16878 16796 17061
f 16361 16537 17006
f 896 16538 17133
f 16538 16452 17133
f 17133 16452 17063
f 905 842 16740
f 16453 16879 16740
f 16879 16453 17008
f 17008 16453 16943
f 17009 840 16944
f 821 16741 794
f 794 16741 16540
f 16946 838 754
f 857 878 16639
f 16639 878 16881
f 819 893 17066
f 16542 892 17138
f 892 16743 17138
f 818 16368 16883
f 16644 16645 17067
f 17067 16645 17397
f 17397 16645 17011
f 17282 853 16954
f 792 16886 16745
f 16887 791 16956
f 16955 788 17068
f 17068 788 17070
f 16889 787 16957
f 787 786 16957
f 786 17012 16957
f 17015 17014 17013
f 16818 16657 801
f 16658 16473 16959
f 761 762 751
f 761 16959 17072
f 16959 16559 17072
f 16559 16753 17072
f 16753 17017 17072
f 17072 17017 17074
f 17016 16890 17073
f 16890 16892 17075
f 16892 16668 17154
f 16668 770 17154
f 835 16479 800
f 16894 17019 17293
f 17019 16825 17293
f 16757 16568 17020
f 16568 16671 16895
f 16254 16569 16897
f 17081 15973 16673
f 16485 16898 17082
f 16759 16492 16962
f 16492 17021 16962
f 17021 16492 16761
f 16575 16828 17022
f 17084 16972 17025
f 17032 17088 17031
f 17033 16836 17166
f 16836 16510 17167
f 16510 16005 17167
f 17091 16295 16905
f 16906 16907 17092
f 16692 15913 16771
f 17095 17038 16846
f 16774 16697 16698
f 16848 15938 17096
f 15938 16849 17096
f 16976 16978 17098
f 16977 17041 17097
f 17097 17041 17099
f 16978 16850 17042
f 17041 16979 17101
f 16850 16700 17102
f 16981 16853 16980
f 16776 16613 16911
f 17106 16912 16702
f 890 17043 17107
f 16914 16315 17108
f 17108 16315 16856
f 749 16856 16983
f 16856 16857 741
f 17045 16984 17110
f 17110 16984 16916
f 16707 781 769
f 781 16443 16779
f 16919 16986 17113
f 17114 16986 17256
f 17256 16986 16919
f 831 16859 16987
f 17116 16989 17046
f 16989 17116 17117
f 17046 16989 16709
f 16709 16710 17046
f 740 16861 806
f 757 16712 16863
f 16712 848 16863
f 862 16337 16785
f 16337 16445 16785
f 16342 16786 886
f 17119 16992 17120
f 17120 16992 17047
f 17260 16324 885
f 756 767 779
f 779 16626 17048
f 17048 16865 17049
f 16928 766 17051
f 16787 16866 17052
f 17052 16866 17053
f 16867 846 16930
f 846 802 16930
f 16931 16632 17129
f 16632 16997 17129
f 16997 16998 17129
f 16998 17056 17129
f 17055 775 777
f 776 17057 777
f 776 778 17057
f 16794 737 16734
f 882 16735 16794
f 16874 830 17130
f 16938 765 17059
f 16738 843 16939
f 827 16739 16357
f 827 16357 16941
f 771 16361 17006
f 16537 16942 17006
f 17062 16798 17133
f 16452 17007 17063
f 905 16740 17007
f 841 16799 16944
f 880 16947 17010
f 17136 878 16882
f 16882 819 17065
f 753 17065 819
f 893 16742 17066
f 17137 16949 16640
f 16949 16641 16640
f 16640 16542 17138
f 17138 16743 17280
f 17280 16743 818
f 16952 16953 17144
f 16954 16885 17145
f 16956 17069 16887
f 16887 17069 17071
f 16549 16957 16806
f 17015 17013 699
f 787 16889 752
f 16889 16818 752
f 16818 801 17148
f 16959 761 751
f 17072 17074 17150
f 17150 17074 17152
f 17073 16890 17151
f 17151 16890 17075
f 17075 16892 17153
f 17076 16248 17077
f 16248 799 17077
f 16249 16893 799
f 834 16481 17078
f 16756 760 17079
f 17293 16825 17155
f 16825 16757 17155
f 16569 16484 17157
f 17159 17083 16899
f 16901 16759 17160
f 17021 16761 17022
f 817 17233 16499
f 17233 817 16413
f 16500 16287 16963
f 17085 17087 17163
f 17163 17088 17032
f 16005 16974 17167
f 17091 16905 17093
f 17169 17035 17036
f 16433 16975 17171
f 759 16698 798
f 798 16434 17172
f 16610 16435 17040
f 17176 16976 17100
f 16976 17098 17100
f 17099 17041 17177
f 17041 16853 17177
f 17041 17101 16853
f 17101 16980 16853
f 17179 17182 17178
f 17179 17178 17184
f 17182 16776 16911
f 16911 16439 17185
f 16439 17103 17185
f 16439 16615 17103
f 17103 16615 17104
f 17104 16615 16616
f 16702 890 17187
f 890 17107 17187
f 16914 17108 17189
f 17191 17108 749
f 17108 16856 749
f 16983 16856 741
f 746 748 17193
f 747 741 17192
f 741 16857 17192
f 16857 17109 17192
f 17193 17110 17194
f 17110 16916 17194
f 16916 783 17194
f 769 758 729
f 758 723 729
f 723 758 716
f 716 758 781
f 17325 16917 17112
f 728 16781 832
f 16919 17113 16782
f 17115 16986 17114
f 16859 831 16623
f 863 849 16988
f 849 16989 17378
f 17117 17116 17196
f 16710 16784 17046
f 16784 740 17046
f 806 16711 17258
f 797 739 738
f 17201 16920 16924
f 16926 16992 17119
f 16528 16324 17260
f 756 779 17048
f 17122 16865 17123
f 803 16929 17050
f 755 17050 16929
f 17205 755 16929
f 766 17126 17051
f 16995 16787 17126
f 17126 16787 17051
f 17213 17208 17207
f 17214 17207 17209
f 17212 17128 17210
f 17128 16931 17129
f 17129 17056 17216
f 17215 17055 777
f 778 796 17274
f 16534 16935 796
f 737 17000 17389
f 16056 15743 16735
f 16735 15743 16451
f 17058 17003 726
f 16536 16937 17003
f 17059 765 17060
f 843 735 16939
f 16875 16795 773
f 16796 771 17061
f 17006 16942 17131
f 17131 16942 17219
f 16942 16797 17062
f 17007 16740 16879
f 16799 16800 17277
f 17344 16800 822
f 794 16540 17135
f 16540 16367 17135
f 17135 16367 16225
f 754 16455 793
f 793 880 17010
f 880 879 16947
f 879 16881 16947
f 837 16460 681
f 17221 16644 16951
f 17011 921 17143
f 921 16952 17143
f 16805 854 16646
f 16887 732 792
f 17146 17070 788
f 788 16806 731
f 16806 16957 731
f 752 16818 17148
f 17149 751 762
f 762 761 17225
f 17150 17152 17226
f 17153 16892 17228
f 16892 17290 17228
f 17290 16892 17154
f 770 835 800
f 16567 16756 17230
f 17230 16756 17079
f 17020 16568 16895
f 16484 16672 17232
f 16255 16961 16672
f 16961 15973 17081
f 16673 16485 17082
f 16498 17445 16828
f 16832 16972 16829
f 17084 17025 17235
f 17236 17028 17162
f 17237 17085 17163
f 17163 17164 17238
f 17164 17032 17238
f 17238 17032 17165
f 17166 16836 17167
f 17240 16974 16005
f 17168 16512 16693
f 16605 17035 17034
f 16698 759 16774
f 750 16434 17040
f 16435 16847 17040
f 17244 16847 16611
f 17246 17099 17247
f 17099 17177 17247
f 17178 17182 16911
f 17105 16310 16912
f 16702 17187 17106
f 17187 17107 17188
f 17251 16983 17253
f 16983 741 17253
f 17254 742 17255
f 742 744 17255
f 746 17193 17194
f 867 17195 782
f 716 781 16779
f 16917 16780 17112
f 17112 16780 16708
f 16988 849 17378
f 17046 740 17197
f 17258 16711 797
f 17258 797 738
f 739 16527 17198
f 17198 780 17199
f 17201 16924 16990
f 16990 16925 886
f 17259 17119 17260
f 17119 17047 17260
f 17047 16528 17260
f 885 16626 17260
f 16626 779 17260
f 17049 16865 17122
f 17204 17123 17262
f 17262 17123 16716
f 17123 16865 16716
f 17333 17054 16867
f 17211 17209 17263
f 17209 17207 17263
f 17207 17208 17263
f 17213 17207 722
f 17214 17209 17267
f 17209 17206 17267
f 17268 17128 17129
f 17129 17216 17271
f 17270 17215 17272
f 17215 777 17272
f 17057 778 17274
f 16451 16354 16736
f 16795 701 773
f 16940 16638 795
f 16941 16878 17061
f 16942 17062 17219
f 17062 17133 17220
f 17008 16943 17276
f 16944 16799 17277
f 16800 17344 17277
f 17345 824 794
f 17135 16225 754
f 16225 16946 754
f 17136 16882 17065
f 819 17066 753
f 17137 16640 17138
f 17280 17278 17279
f 16883 16642 818
f 16460 16369 681
f 17396 16644 17221
f 17140 17141 17281
f 16953 16805 17144
f 853 17282 17144
f 17282 16954 17145
f 17147 17222 17071
f 17283 17222 17285
f 17284 17223 17286
f 17222 17147 17287
f 17286 17146 788
f 17224 17015 699
f 17075 17153 17289
f 17227 17229 17150
f 17150 17229 17291
f 770 800 17292
f 17076 17077 725
f 799 16893 17077
f 833 17078 16893
f 17078 869 17230
f 869 16567 17230
f 17361 17020 17080
f 17080 17020 16895
f 17294 16895 17231
f 16896 16758 17231
f 16897 16569 17156
f 17157 16484 17232
f 718 16673 17296
f 16673 17082 17296
f 17082 17158 17296
f 17297 17159 17298
f 17298 17159 16899
f 16901 17160 16899
f 16500 16963 17301
f 16099 16965 16964
f 16829 16972 16965
f 17302 16972 17084
f 17305 17163 17238
f 16005 16295 17240
f 16295 17091 17306
f 17034 17035 17308
f 17170 17095 16846
f 16846 16433 17171
f 16975 16774 17171
f 759 17412 16774
f 798 17172 759
f 16699 16848 17309
f 17096 16849 17175
f 16849 16976 17175
f 17175 16976 17310
f 17310 16976 17245
f 16976 17176 17245
f 17311 17176 17312
f 16853 16524 17314
f 16524 16612 17314
f 16775 16776 17182
f 17182 17184 17315
f 17104 16854 17316
f 16912 17106 17105
f 17317 17106 17187
f 17188 17249 17250
f 16983 17251 17320
f 709 783 17322
f 783 782 17322
f 782 17195 17323
f 17323 17195 16707
f 716 16779 768
f 832 16782 728
f 17113 16986 17115
f 715 17114 17256
f 17256 16919 17257
f 16919 16783 17257
f 17710 16987 16859
f 17642 16712 757
f 17200 16785 16920
f 16990 886 16786
f 16786 16926 704
f 17260 779 17330
f 17049 17122 17261
f 17122 17203 17261
f 17051 16787 17052
f 17335 17054 17333
f 16931 17128 17212
f 17264 17265 17212
f 17265 17266 17212
f 17214 17267 17272
f 17267 17269 17272
f 17129 17271 17336
f 721 777 17057
f 796 16935 17388
f 16935 16734 737
f 16794 16735 17338
f 16451 17338 16735
f 16937 17059 17003
f 701 16795 16940
f 17061 771 17342
f 17342 771 17006
f 17062 17220 17219
f 17007 16879 17343
f 17343 16879 17008
f 16943 17009 17276
f 17344 822 17064
f 17064 824 17345
f 17346 754 17347
f 17346 17434 754
f 16881 878 17136
f 17138 17280 17137
f 818 16642 17280
f 16642 682 17348
f 16804 837 17349
f 16369 16644 17396
f 16951 17140 17281
f 17281 17141 17067
f 17397 17011 17350
f 16646 853 17144
f 17145 16885 16886
f 16887 17071 17222
f 16957 17012 720
f 699 17013 17288
f 786 787 752
f 16658 16959 751
f 17225 761 17550
f 761 17072 17352
f 17352 17150 17354
f 17354 17150 17291
f 17355 800 17076
f 760 16670 17357
f 17357 16670 17293
f 16670 16894 17293
f 16757 17020 17155
f 17231 16895 16896
f 17156 16569 17157
f 17295 17297 17298
f 17022 16828 17299
f 17300 16499 17233
f 17362 17302 17084
f 17303 17234 17365
f 17237 17163 17363
f 17363 17163 17305
f 17305 17238 17366
f 17239 17166 17367
f 17367 17166 17368
f 17240 16295 17306
f 17409 16693 16772
f 16773 17242 16604
f 17242 16773 17034
f 16434 750 17172
f 17244 16611 17173
f 17245 17176 17311
f 17313 17247 17177
f 17314 16612 16775
f 17315 17184 17370
f 17184 17178 17370
f 17178 16911 17185
f 16854 17186 17316
f 17186 16854 17105
f 17105 17106 637
f 17187 17188 17250
f 17321 17252 17374
f 17251 17253 17373
f 783 709 17194
f 17323 16707 717
f 716 768 17325
f 17112 16708 17420
f 16782 17113 728
f 17377 17114 705
f 705 17114 715
f 17046 17197 17116
f 17326 17197 17379
f 17197 740 713
f 17328 17327 738
f 17327 17474 738
f 738 739 17328
f 17329 739 17198
f 16863 16785 757
f 16785 17200 757
f 17200 16920 17201
f 767 17331 17380
f 17203 17262 17261
f 17332 17383 17334
f 16930 16931 16867
f 16867 16931 17385
f 16931 17212 17385
f 17212 17266 17385
f 17213 722 17386
f 17274 796 17388
f 17338 16451 727
f 16451 16736 727
f 16736 16874 727
f 17058 726 17340
f 16941 17061 695
f 17133 17063 17220
f 17393 17063 17007
f 17009 16944 17276
f 17344 17484 17277
f 17345 794 17135
f 17135 754 17434
f 711 754 793
f 17065 753 17136
f 17280 17279 17137
f 17280 16642 17348
f 16950 16804 682
f 17281 17067 17397
f 17011 17143 17350
f 710 17143 700
f 17143 16952 700
f 17286 788 731
f 17288 17013 786
f 17148 801 672
f 801 16658 672
f 16658 751 17351
f 17351 751 17149
f 17150 17352 17072
f 17353 17290 17154
f 17154 770 17292
f 17292 800 17355
f 17355 17076 725
f 725 17077 17356
f 16893 17078 17077
f 17400 17293 17155
f 17231 16758 17156
f 16758 16897 17156
f 16413 16500 17301
f 17301 16963 16964
f 16965 16972 17161
f 17363 17305 17406
f 17368 17166 17167
f 17240 17306 17408
f 17092 16692 17241
f 16771 16512 17168
f 16772 16604 17409
f 17369 17243 17170
f 17171 16774 17412
f 17173 16611 16699
f 17309 16848 17096
f 17413 17313 17414
f 17414 17313 17177
f 17177 16853 17314
f 17370 17178 724
f 17178 17185 724
f 17185 17103 724
f 17371 724 17103
f 17186 17105 17466
f 17105 17467 17416
f 17250 17318 17187
f 17187 17318 17319
f 17374 17254 17417
f 17254 17255 17417
f 17417 17255 17418
f 746 17194 17419
f 782 17323 17322
f 717 16707 769
f 706 17112 17420
f 17197 17326 17421
f 17379 17197 713
f 713 740 17641
f 740 806 17641
f 739 17329 17328
f 17329 17198 17199
f 16712 17642 17199
f 17201 16990 704
f 16926 17527 704
f 703 767 17475
f 17475 767 17380
f 17380 17331 17382
f 767 17048 17331
f 17422 17049 17423
f 16716 16723 17262
f 16723 17050 17262
f 755 702 17050
f 17050 702 17262
f 16928 17051 17425
f 17334 17383 17427
f 17384 17333 17429
f 17333 16867 17429
f 16867 17385 17429
f 17534 722 17207
f 17388 16935 17337
f 16794 17338 17000
f 16874 17130 727
f 727 17130 17390
f 17390 17130 17002
f 635 830 17058
f 17003 17059 726
f 17059 17060 726
f 16938 17537 765
f 16938 16939 735
f 735 733 17481
f 17481 733 17275
f 16940 795 17596
f 795 827 17433
f 827 16941 17433
f 17006 17131 17218
f 17131 17219 17218
f 17220 17063 17393
f 17394 17343 17008
f 17345 17135 17434
f 17346 17347 17435
f 16947 16881 17395
f 17395 16881 17136
f 682 16804 17349
f 17437 17486 17139
f 681 17139 837
f 17350 17143 710
f 16805 16646 17144
f 17438 17282 673
f 673 17282 17145
f 16886 792 17145
f 17284 17286 731
f 693 752 17148
f 693 17148 672
f 17352 17354 17440
f 17439 17353 17154
f 17077 17078 17230
f 17079 760 17357
f 17357 17293 17358
f 17155 17020 17361
f 17442 17361 17080
f 17080 16895 17294
f 17298 16899 17444
f 17021 17022 17299
f 17445 16499 17300
f 17233 16413 17301
f 17301 16964 17446
f 16972 17302 17447
f 17449 17447 17403
f 17405 17304 17364
f 17407 17367 17368
f 17307 17241 17459
f 17242 17034 17410
f 17461 17170 16846
f 17819 17171 17412
f 17040 16847 17244
f 17463 17096 17175
f 17310 698 17911
f 17371 17103 17466
f 17104 17186 17466
f 17467 17105 637
f 17319 17321 17187
f 17321 17374 671
f 17374 17417 671
f 17417 17418 17468
f 17419 17194 17469
f 723 17324 729
f 17581 17470 17324
f 17325 17112 706
f 16708 16781 17420
f 16781 728 17420
f 17113 17115 17376
f 17115 17114 17377
f 17583 715 636
f 17473 714 17196
f 17326 713 17421
f 687 17327 17328
f 16990 16786 704
f 16926 17119 17259
f 767 703 779
f 779 703 686
f 17049 17422 17048
f 17423 17049 17424
f 17476 17049 17261
f 702 685 669
f 669 685 17477
f 17334 17427 17426
f 17428 17386 722
f 17272 777 17214
f 777 721 17214
f 721 17057 17388
f 17338 17535 17000
f 17390 17002 17391
f 17340 726 17671
f 765 17537 17060
f 16938 735 17481
f 733 736 17341
f 736 734 17217
f 772 773 701
f 701 16940 17596
f 17433 16941 695
f 17061 17342 17482
f 17342 17006 17538
f 17006 17218 17538
f 17218 17219 17539
f 17539 17219 17483
f 17219 17220 17483
f 17007 17343 17541
f 17008 17276 17394
f 17276 16944 17484
f 16944 17277 17484
f 17010 16947 17395
f 16742 16949 17436
f 684 17348 682
f 837 17139 17349
f 17139 681 17437
f 700 16952 17144
f 17144 17282 17438
f 673 17145 17487
f 17145 792 17487
f 17487 17488 17681
f 17488 17487 732
f 17487 792 732
f 17284 731 17399
f 17399 731 16957
f 17015 17224 17489
f 672 16658 17351
f 17230 17079 17077
f 17358 17293 17400
f 618 17232 16672
f 16673 718 17081
f 718 17402 17492
f 17493 17298 17444
f 16899 17160 17494
f 17299 16828 17495
f 17495 16828 17445
f 17233 17301 17690
f 17447 17161 16972
f 17450 17452 17501
f 17451 17455 17500
f 17453 17456 17498
f 17305 17458 17406
f 17503 17368 17505
f 17368 17167 17506
f 17509 17507 17459
f 17459 17241 17509
f 17241 16692 17509
f 16692 16771 17509
f 17168 16693 17409
f 16604 17242 17409
f 17411 17369 17511
f 17369 17170 17511
f 17170 17461 17511
f 16846 17171 17461
f 17171 17819 17461
f 759 17172 17512
f 17575 17040 17244
f 17462 17244 17173
f 17173 16699 17513
f 17309 17096 17463
f 17175 17630 17463
f 17630 17175 17310
f 698 17310 17245
f 17245 17415 17516
f 17314 16775 17465
f 16775 17182 17465
f 17182 17315 17465
f 17465 17315 17370
f 17103 17104 17466
f 17105 17416 17466
f 17187 17321 671
f 671 17417 17518
f 691 689 688
f 17469 17194 691
f 17194 709 689
f 17323 717 17375
f 717 769 17521
f 769 729 17521
f 729 17324 17470
f 17470 17581 17522
f 17376 17472 17523
f 705 715 17583
f 16989 17117 17378
f 17641 806 17258
f 757 17200 17526
f 17259 17260 17646
f 17048 17422 17528
f 17529 17422 17423
f 17424 17049 17476
f 17530 702 669
f 17477 685 17531
f 685 755 17532
f 16928 17425 16929
f 17533 712 17051
f 17053 17533 17052
f 17053 668 17533
f 17383 17428 722
f 17534 17207 17214
f 17057 17274 17388
f 17671 726 17480
f 17480 726 17060
f 16938 17481 17537
f 17275 733 17392
f 17596 795 17433
f 17220 17393 17540
f 17393 17007 17541
f 17343 17394 17541
f 17344 17064 17484
f 17542 17484 17345
f 17484 17064 17345
f 754 711 17347
f 17066 17436 753
f 17280 17348 17278
f 17349 17139 17486
f 17799 681 17396
f 681 16369 17396
f 16951 17281 17221
f 17221 17281 17732
f 678 674 17543
f 17600 674 17544
f 676 17397 680
f 732 16887 17488
f 16887 17222 17488
f 17222 17283 17488
f 17012 17547 720
f 17548 720 17547
f 17014 17015 17547
f 17549 17224 658
f 658 17224 657
f 17224 699 657
f 693 786 752
f 672 17351 17490
f 17490 17351 17149
f 17550 761 17352
f 17352 17440 17551
f 17552 17439 17154
f 17154 17292 17553
f 17491 17292 17355
f 17355 725 17554
f 725 17356 17554
f 17077 17079 17356
f 17555 17400 17556
f 17400 17155 17556
f 17155 17361 17556
f 17442 17080 17618
f 17618 17080 17294
f 16961 17081 17619
f 17160 16759 16962
f 16962 17021 17620
f 17021 17299 17560
f 17561 17447 17449
f 17562 17448 17564
f 17565 17497 17499
f 17457 17363 17499
f 17499 17363 17406
f 17502 17406 17504
f 17505 17368 17506
f 17240 17408 17567
f 17408 17508 17567
f 16771 17168 17509
f 17571 17460 17573
f 17410 17034 17572
f 17572 17034 17510
f 17172 17574 692
f 750 17040 17575
f 16699 17309 17463
f 17245 17516 17577
f 697 17314 17465
f 17317 17187 671
f 671 17518 17578
f 17579 688 690
f 690 688 17520
f 691 17194 689
f 709 17322 689
f 689 17322 17323
f 17637 729 17470
f 17639 17522 17581
f 723 716 670
f 716 17325 670
f 17325 706 670
f 706 708 670
f 708 17471 17776
f 707 706 17420
f 17113 17376 17923
f 17376 17115 17472
f 715 17256 17584
f 714 17378 17117
f 17196 17525 17473
f 17525 17196 17421
f 17196 17116 17421
f 17116 17197 17421
f 17258 738 17641
f 738 17474 17641
f 17329 17199 17642
f 17646 17260 17330
f 703 17475 17586
f 17475 17380 17381
f 17381 17331 17713
f 17048 17528 17331
f 17262 702 17261
f 17476 702 17530
f 17657 17205 17587
f 17205 16929 17587
f 17053 17054 17591
f 17591 17054 17593
f 17478 17426 17592
f 17426 17427 17592
f 17427 17383 722
f 17214 721 17534
f 721 17430 17534
f 17337 16935 737
f 17535 17431 17000
f 17535 17338 17594
f 830 635 17002
f 634 17480 17060
f 17060 17537 634
f 17392 733 17432
f 733 17341 17432
f 736 17217 17341
f 17217 772 17341
f 772 701 17341
f 17341 701 652
f 17061 17482 695
f 17345 17434 17542
f 660 711 793
f 793 17010 660
f 17395 17136 17485
f 17436 16949 17731
f 17279 17278 17137
f 17278 17348 17599
f 682 17349 17486
f 17437 681 17799
f 17397 676 17281
f 17601 675 680
f 17144 17438 700
f 17545 673 17487
f 16957 720 17399
f 17607 720 17548
f 17547 17012 17014
f 17489 17549 17608
f 17489 17224 17549
f 17288 786 693
f 17610 17611 17612
f 17612 17613 17610
f 649 17613 17612
f 17614 17613 649
f 17610 17149 17611
f 17552 17154 17553
f 17553 17292 17491
f 17554 17356 17358
f 17357 17358 17079
f 17556 17361 17442
f 656 17157 17232
f 718 17896 17081
f 17896 718 17492
f 17751 17492 17443
f 17446 16964 17496
f 16964 16965 17496
f 17161 17447 17496
f 17502 17504 17622
f 17623 17240 17567
f 17567 17508 17625
f 17242 17569 17568
f 17568 17569 17626
f 17242 17410 17569
f 17569 17410 17570
f 17172 692 17512
f 17172 750 17574
f 17574 750 17575
f 17821 17244 17462
f 17631 17911 698
f 643 698 17633
f 17635 17633 17577
f 17633 698 17577
f 698 17245 17577
f 17576 17515 17414
f 17521 729 17637
f 17582 708 696
f 708 17776 696
f 17420 728 17113
f 17524 17377 705
f 16988 17378 714
f 17117 17196 714
f 714 17473 17585
f 17421 713 17641
f 17642 757 17526
f 17527 17643 704
f 17529 17424 17528
f 17261 702 17476
f 755 17205 17532
f 17205 17657 17532
f 17532 17651 17652
f 17660 17652 17658
f 17655 17651 17657
f 17651 17532 17657
f 17532 17652 17660
f 17716 17652 17662
f 17653 17650 17659
f 17659 17650 17663
f 17650 17654 17663
f 17663 17654 17656
f 17664 17665 17666
f 17587 16929 17425
f 17051 712 17425
f 17533 17051 17052
f 662 668 17589
f 17590 17592 17668
f 17592 17427 17668
f 17388 17337 721
f 17389 17000 17431
f 17594 17338 17390
f 17338 727 17390
f 17391 17002 635
f 635 17058 17340
f 634 17595 17480
f 17433 695 17795
f 17795 695 17673
f 695 17482 17673
f 17538 17218 17539
f 17539 17483 17675
f 17483 17220 17866
f 17220 17540 17866
f 17393 17541 17540
f 17676 17276 17484
f 17484 17542 17677
f 17347 711 17435
f 711 660 659
f 651 660 17597
f 17010 17395 660
f 17597 17395 17485
f 753 17436 17136
f 17598 17436 17731
f 17731 16949 17797
f 16949 17137 17797
f 684 682 650
f 683 682 17486
f 17396 17221 17800
f 17397 17350 680
f 17602 17350 710
f 17438 673 17603
f 17545 17487 17681
f 17284 17399 17606
f 626 17399 17546
f 17149 762 17682
f 762 17225 17682
f 17682 17225 17550
f 17352 17551 619
f 17683 17551 17616
f 17356 17079 17358
f 17156 17157 17557
f 17157 656 17557
f 17751 17443 17688
f 17444 16899 17494
f 17559 16962 17620
f 17620 17021 17560
f 17560 17299 17495
f 17300 17233 17690
f 17301 17446 17621
f 16965 17161 17496
f 17692 17563 17694
f 17563 17566 17694
f 17565 17499 17502
f 17499 17406 17502
f 17695 17506 17696
f 17623 17567 17761
f 17624 17509 17762
f 17626 17569 17698
f 17698 17569 17700
f 17628 17571 17573
f 17573 17511 17461
f 17412 759 17629
f 692 17574 17702
f 17575 17244 17821
f 17462 17173 17513
f 17513 16699 17463
f 17633 648 643
f 638 645 644
f 645 647 644
f 648 17633 17703
f 644 17632 17634
f 17635 17577 17704
f 17576 17414 17636
f 17106 17317 637
f 17317 671 637
f 17578 17519 17707
f 17519 17580 17707
f 17520 688 689
f 17375 717 17521
f 17581 17324 723
f 17640 17523 17472
f 17472 17115 17377
f 636 715 17584
f 17256 17257 17710
f 17257 16987 17710
f 17328 17329 17642
f 17201 704 17643
f 17330 779 686
f 17475 17381 17586
f 17648 17647 17713
f 17647 17381 17713
f 17713 17331 17528
f 17713 17528 17424
f 17780 669 17714
f 17714 669 17649
f 669 17477 17649
f 17660 17658 17715
f 17658 17652 17716
f 17667 17657 17721
f 17722 665 17724
f 17859 666 661
f 661 17588 17725
f 17589 668 17726
f 668 17053 17726
f 17053 17591 17726
f 17591 17669 17726
f 17427 722 653
f 17430 721 17792
f 17792 721 17337
f 737 17389 17337
f 635 17340 17671
f 17672 17671 17480
f 17392 17432 17727
f 17596 17433 17795
f 17342 17538 17674
f 17866 17675 17483
f 17540 17541 17728
f 17541 17394 17729
f 17434 17346 17542
f 17542 17346 17730
f 17730 17346 17678
f 17678 17346 17435
f 17435 711 659
f 660 17395 17597
f 17436 17598 17136
f 17437 17679 17486
f 17281 676 678
f 674 679 17544
f 680 17350 17602
f 633 710 17603
f 710 700 17603
f 17604 673 17545
f 17488 17283 632
f 632 17283 17735
f 17605 17284 17734
f 17734 17284 17606
f 17399 626 17606
f 17546 17399 720
f 17489 17608 17738
f 17740 17608 17742
f 17609 17549 17743
f 699 17744 657
f 699 17288 693
f 17149 17610 17490
f 17149 17682 17611
f 619 17551 17683
f 17683 17616 17747
f 17491 17355 17748
f 17294 17231 17811
f 618 16672 625
f 17896 17492 17751
f 17444 17494 17689
f 16962 17559 17160
f 17495 17445 17755
f 17755 17445 17300
f 17621 17446 17496
f 17447 17561 17757
f 17561 17691 17757
f 17759 17565 17502
f 17506 17167 17696
f 17696 17167 16974
f 16974 17240 17697
f 17509 17168 18036
f 17409 17242 17568
f 17568 17626 17764
f 17627 17699 17765
f 17628 17573 17701
f 17701 17573 17461
f 17630 17310 17464
f 639 638 17766
f 638 644 17823
f 17823 644 17768
f 644 17634 17636
f 17636 17414 17705
f 17414 17177 17705
f 17177 697 17705
f 17769 697 17465
f 17370 724 17465
f 671 17578 17770
f 17578 17707 17772
f 17708 17520 17775
f 17775 17520 689
f 689 17323 17709
f 17522 17638 17470
f 705 17583 17524
f 17421 17641 17525
f 17474 17327 17711
f 17327 687 17711
f 17200 17201 17712
f 630 17259 17646
f 17586 17381 17647
f 17531 685 17532
f 17785 17661 17658
f 17666 17717 17788
f 17721 17657 17587
f 661 17725 17427
f 17725 17668 17427
f 17792 17791 17430
f 17431 17535 17390
f 17537 17481 17275
f 701 17596 652
f 17482 17342 17674
f 17866 17540 17796
f 17394 17276 17676
f 17484 17677 17676
f 17137 17278 17797
f 17797 17278 17599
f 17348 684 17599
f 17868 684 650
f 17679 17437 17799
f 17800 17221 17732
f 17281 678 17732
f 17543 17871 17733
f 620 17601 680
f 17602 710 633
f 632 17735 17736
f 17606 626 17802
f 626 628 17802
f 628 626 17948
f 626 17546 627
f 17804 17547 17015
f 17015 17489 17737
f 17608 17740 17738
f 17805 17739 17806
f 17740 17742 17807
f 17741 17609 17743
f 699 693 694
f 672 17745 694
f 17745 672 17490
f 17550 17352 619
f 18021 17355 17554
f 17400 17555 17749
f 17749 17555 17686
f 17442 17618 17687
f 17687 17618 17957
f 656 17232 618
f 625 16672 16961
f 17619 17081 17896
f 17812 17896 17751
f 17752 17689 17753
f 17689 17494 17754
f 17959 17160 17559
f 17690 17301 17756
f 17301 17621 17756
f 17816 17758 17759
f 17693 17565 17759
f 17168 17409 18036
f 17763 17765 17907
f 17765 17699 17907
f 17699 17701 17461
f 17908 17819 17820
f 17819 17412 17820
f 17822 17463 17630
f 17766 638 17823
f 644 17636 17768
f 17768 17636 17705
f 17705 697 17706
f 17465 724 17769
f 724 17371 17769
f 17371 17466 17769
f 637 671 17913
f 671 17770 17913
f 17824 17913 17826
f 17913 17770 17826
f 17578 17772 17832
f 17707 17774 17772
f 17773 17775 17834
f 17775 689 17834
f 17709 17323 17375
f 17639 17581 624
f 670 708 17582
f 17471 707 17776
f 17776 707 17420
f 17376 17523 17923
f 17524 17583 617
f 16859 16623 17838
f 16623 16988 17838
f 16988 714 17838
f 17838 714 17585
f 17585 17473 17525
f 17641 17474 17711
f 17840 589 17711
f 17840 17711 687
f 17200 17712 17526
f 17643 17527 17924
f 17330 686 17646
f 17845 17842 623
f 17842 17841 623
f 17844 17842 17845
f 616 623 17647
f 17424 17476 17713
f 17530 17779 17714
f 17530 669 17779
f 17928 17784 17715
f 17715 17661 17785
f 17929 17785 17848
f 17848 17785 17850
f 17787 17659 17663
f 17664 17666 17656
f 17666 17788 17656
f 17665 17851 17666
f 17851 17665 17852
f 17665 17789 17852
f 17853 17587 17855
f 17855 17587 17425
f 712 17533 17425
f 668 665 17722
f 17722 17724 17858
f 17724 665 17860
f 17790 17859 17427
f 17859 661 17427
f 653 722 17534
f 17337 17389 629
f 17389 17431 629
f 17431 17390 629
f 634 622 17595
f 622 634 17537
f 17275 17392 17863
f 652 17596 17795
f 17674 17538 17864
f 17796 17540 17728
f 17728 17541 17729
f 606 17542 17730
f 17678 17435 659
f 17485 17136 17598
f 17867 17598 17731
f 17599 684 17868
f 17798 650 683
f 17543 17732 678
f 17733 17870 605
f 18070 17870 17871
f 674 17600 17543
f 17600 17544 18193
f 675 17601 621
f 680 17602 620
f 700 17438 17603
f 17603 673 17604
f 17874 17606 17802
f 628 17878 17876
f 17878 628 17948
f 17948 626 627
f 17015 17737 577
f 17805 17806 17880
f 17880 17806 17743
f 17806 17741 17743
f 17745 17490 17808
f 17883 17882 17885
f 17885 604 17883
f 17882 17888 17881
f 619 17683 17891
f 17891 17683 17893
f 17746 17491 17892
f 17491 17748 17892
f 17748 17355 18021
f 18021 17554 17684
f 17556 17687 17686
f 17556 17442 17687
f 17750 17618 18022
f 17231 17156 17811
f 17811 17156 17557
f 17812 17751 17814
f 17753 17689 17754
f 17447 17757 17496
f 17496 17757 17816
f 17696 16974 17697
f 17697 17240 17623
f 17623 17761 17901
f 17762 17509 17902
f 18036 17409 17903
f 17409 17817 17903
f 17903 17817 17905
f 17409 17568 17817
f 17818 17763 17907
f 17907 17699 17461
f 17412 17629 17820
f 759 17512 17629
f 18277 17821 17462
f 17464 17310 17910
f 643 640 17767
f 697 17769 17706
f 17769 17466 631
f 17466 17416 631
f 17970 17825 17915
f 17825 17827 17915
f 17826 17770 17914
f 17915 17771 17828
f 17770 17578 17916
f 17578 17829 17916
f 17578 17831 17829
f 17831 17578 17832
f 17832 17772 17833
f 17834 689 17919
f 17709 17375 17920
f 17375 17521 17920
f 17638 17522 17639
f 670 17582 723
f 723 17582 17581
f 612 17581 17582
f 17922 17582 696
f 17420 17113 17776
f 17472 17377 17836
f 17839 17585 18171
f 17643 17645 17712
f 17645 17643 17924
f 17527 16926 17259
f 686 703 610
f 610 703 17586
f 17647 623 17841
f 17841 17843 17778
f 17842 17844 17977
f 17845 623 17925
f 623 17846 17925
f 17648 17713 17926
f 17713 17476 17530
f 17779 17780 17714
f 17532 17660 17531
f 17531 17660 17783
f 17783 17660 17928
f 17715 17785 17929
f 17658 17716 17785
f 17663 608 17930
f 17718 17666 17851
f 17852 17854 17851
f 17931 17855 17933
f 17855 17425 17933
f 17425 17533 668
f 17934 17856 17857
f 17723 17859 17857
f 17534 17430 17791
f 622 17537 17275
f 17863 17392 17794
f 17794 17392 17938
f 17673 17482 18066
f 18066 17482 17674
f 17538 17539 17864
f 17939 17539 17675
f 17729 17394 17940
f 17394 17676 17940
f 17676 17677 18005
f 17677 17542 18005
f 17542 606 576
f 17485 17598 17942
f 17798 683 17486
f 574 17732 17543
f 18070 605 17870
f 18193 17544 17872
f 17872 17544 17801
f 675 621 679
f 18136 621 17601
f 17602 633 17873
f 17607 627 17546
f 17737 17489 17950
f 17489 17738 17950
f 17950 17738 17879
f 17880 17743 17879
f 582 658 18142
f 17884 604 17885
f 17881 17888 17887
f 600 17883 17614
f 649 17612 601
f 17611 17682 17889
f 17682 17550 619
f 619 17891 18076
f 18076 17891 17952
f 17890 17892 17951
f 17951 17892 17748
f 17955 17748 18021
f 17554 17358 17749
f 17358 17400 17749
f 18258 656 17958
f 618 625 17894
f 17895 17619 17896
f 17959 17494 17160
f 17900 17620 17560
f 17755 17300 17690
f 17759 17502 17961
f 17902 17509 18036
f 17904 17906 17962
f 17962 17906 17907
f 17906 17818 17907
f 17907 17461 17819
f 17513 17463 17822
f 17630 17464 17822
f 17822 17464 17910
f 643 17767 17964
f 17769 631 17965
f 17416 17912 631
f 17416 17467 17912
f 17967 17912 17467
f 17969 17971 17913
f 17830 17917 17828
f 17828 17917 17919
f 17831 17832 17973
f 17918 17834 17919
f 17709 17920 613
f 17639 624 18168
f 17836 17377 17524
f 17975 17837 611
f 17583 636 18290
f 17584 17256 17710
f 17641 17711 17525
f 687 17328 17642
f 17527 17259 630
f 17586 17778 610
f 17586 17647 17778
f 17647 17841 17778
f 17778 17843 17842
f 17977 17844 18046
f 17980 17845 17981
f 17981 17845 17925
f 17846 623 17983
f 623 616 614
f 17984 18122 18058
f 17983 18122 17984
f 17983 614 18122
f 616 17647 17926
f 17713 17530 17714
f 17714 17649 17847
f 17477 17531 17927
f 17531 17782 17927
f 17786 17787 17849
f 17787 17663 17849
f 17663 17930 17849
f 17930 608 588
f 17788 17717 17718
f 17851 17932 17992
f 17993 17933 17995
f 17933 17425 17995
f 17425 668 17995
f 17995 668 17997
f 668 17722 17997
f 17722 17935 17997
f 653 17534 17791
f 17792 17337 17936
f 629 17390 17793
f 17390 17391 17793
f 17391 635 607
f 17275 17863 17998
f 17938 17392 17727
f 18000 17727 17432
f 17341 652 17432
f 652 17795 18001
f 17864 17539 17939
f 17675 17865 17939
f 17865 17675 18002
f 17675 17866 18002
f 17728 17729 18003
f 18004 17676 18005
f 17542 576 18005
f 17597 17485 17941
f 17485 17942 17941
f 17797 17599 18006
f 18006 17599 17868
f 650 17798 18192
f 17798 17486 17869
f 17732 574 17800
f 17871 17543 17600
f 17873 633 17603
f 17604 584 17603
f 584 17604 17545
f 17945 17877 18012
f 17876 17878 18011
f 18013 17948 627
f 17607 17546 720
f 17803 17548 17949
f 17949 17548 17547
f 17804 17015 577
f 17743 17549 582
f 17549 658 582
f 18142 658 657
f 699 694 17744
f 694 17745 17744
f 17744 17745 17808
f 17808 17490 17610
f 17614 17883 17613
f 17883 604 17613
f 17885 17882 17881
f 17614 649 600
f 600 649 601
f 600 601 602
f 17889 17682 619
f 17951 17953 18018
f 18076 17954 18020
f 17951 17748 17953
f 17956 17686 17687
f 17618 17750 17957
f 17294 17811 17618
f 656 18258 17557
f 18258 17958 18023
f 16961 17619 625
f 17896 17812 18026
f 17813 17753 17754
f 17959 17559 17898
f 17900 17560 17495
f 17502 17760 17961
f 17961 17760 18027
f 17696 17697 18028
f 17623 17901 18030
f 18030 17901 18035
f 18034 17902 18036
f 17574 17575 17821
f 18277 17909 562
f 17909 17462 17513
f 17910 17310 17911
f 17631 698 18037
f 17706 17769 17965
f 17967 17467 17968
f 17467 637 17913
f 17970 17915 17828
f 17521 17637 17638
f 17637 17470 17638
f 17638 17639 18038
f 624 17581 612
f 612 17582 17922
f 696 17776 17922
f 17776 17113 17923
f 17640 17472 17836
f 18040 17524 17777
f 17777 17524 611
f 611 17524 617
f 590 18290 636
f 18042 17525 17711
f 687 17642 17840
f 17201 17643 17712
f 17527 630 18044
f 17646 17976 630
f 610 609 686
f 17844 17845 17978
f 17978 17845 18050
f 18052 17845 17980
f 18054 17981 17925
f 17982 17846 18173
f 18173 17846 17983
f 17983 623 614
f 17983 17984 18055
f 18057 17984 18058
f 616 17926 17713
f 17847 17649 18123
f 580 18123 17649
f 17649 17477 580
f 17477 17927 580
f 17985 17782 17987
f 17987 17782 17783
f 17782 17531 17783
f 17783 17928 17929
f 17928 17715 17929
f 17988 17929 17848
f 17848 17850 17990
f 17930 588 18128
f 17851 17992 17718
f 17718 17992 18062
f 17992 17994 18062
f 17995 17997 18063
f 18062 17996 17934
f 17857 17859 17934
f 17790 17427 653
f 17791 17792 18065
f 17792 17936 18065
f 17936 17337 17793
f 17337 629 17793
f 607 17793 17391
f 578 17595 622
f 17998 587 622
f 17432 652 18000
f 18000 652 18001
f 17795 17673 18066
f 18188 17674 17864
f 17729 17940 18003
f 17940 17676 18004
f 17730 17678 18134
f 659 585 17678
f 17867 17731 17797
f 18068 17798 17869
f 18007 17679 17799
f 17396 17800 17799
f 17799 17800 18009
f 574 17733 605
f 620 17602 17873
f 17488 632 17944
f 632 17875 17944
f 17945 18012 17944
f 18012 583 17944
f 583 18012 17946
f 17607 17548 17803
f 577 17737 18014
f 18072 17950 17879
f 17808 17610 17613
f 17888 17882 17883
f 18075 602 18017
f 602 601 17889
f 601 17612 17889
f 17612 17611 17889
f 18019 17953 18077
f 17953 17748 18079
f 18079 17748 17955
f 17684 17554 17749
f 18024 17958 18080
f 18025 18080 618
f 18080 656 618
f 18025 618 17894
f 625 17619 17894
f 18083 17813 18085
f 18086 17754 17494
f 17621 17496 18089
f 18028 17697 18090
f 18030 18032 18092
f 18093 18031 18094
f 18032 18030 18095
f 18033 18034 18094
f 18094 18034 18036
f 18036 17903 18096
f 17907 17819 18097
f 18097 17819 18098
f 18098 17819 17908
f 17512 692 18276
f 18277 17462 17909
f 17822 17910 18219
f 18100 643 18102
f 18102 643 18104
f 643 17964 18104
f 17963 17766 17823
f 17706 17965 17705
f 17966 17967 18105
f 17968 17467 18107
f 17467 17913 18107
f 17913 17971 18165
f 17970 17828 17919
f 689 17709 17919
f 17709 17974 17919
f 17709 613 17974
f 595 594 18288
f 17922 17776 581
f 17836 17524 18040
f 611 617 592
f 17710 16859 17838
f 17585 17525 18171
f 17840 17642 17526
f 17844 17978 18115
f 18054 17982 18173
f 17984 18057 18120
f 18119 18056 18121
f 18056 18058 18121
f 18058 18122 18059
f 614 616 18122
f 17714 17847 18123
f 17782 17985 17927
f 17985 17986 17927
f 17986 17987 17927
f 566 17929 18060
f 17929 17988 18124
f 17989 17930 18126
f 18126 17930 18128
f 17663 17656 17788
f 17788 17718 18184
f 17790 653 18064
f 653 17791 18064
f 635 17671 607
f 17672 17480 17595
f 578 622 587
f 17998 622 17275
f 18241 17727 18000
f 18129 17864 17939
f 18131 18130 17865
f 17796 17728 18132
f 585 651 17597
f 17867 17797 18006
f 17798 18068 18192
f 18135 18068 17869
f 18009 18007 17799
f 17543 17733 574
f 18443 17871 17600
f 17544 679 17801
f 18137 17873 584
f 17873 17603 584
f 17944 583 17488
f 18138 17878 17948
f 17949 17547 17804
f 18139 577 18014
f 18014 18071 18139
f 18071 17737 18140
f 18140 17950 18141
f 18141 18072 17879
f 18142 657 17744
f 572 18142 17744
f 18204 18074 17881
f 18074 17885 17881
f 603 17887 17888
f 17888 17883 600
f 600 599 18016
f 619 18076 17889
f 18076 18020 18078
f 18077 17953 18079
f 17684 17749 17956
f 17749 17686 17956
f 17957 17750 18022
f 18022 17618 17811
f 18023 18024 18080
f 17958 656 18080
f 18261 17894 17619
f 17959 17898 18146
f 17898 18087 18147
f 17755 17690 17756
f 17961 18029 18148
f 18149 17697 18151
f 17697 17623 18151
f 17623 18030 18152
f 18030 18092 18152
f 18032 18153 18092
f 18154 18093 18036
f 18093 18094 18036
f 17962 17907 18097
f 17512 18276 17629
f 17702 17574 17821
f 698 643 18037
f 643 18100 18037
f 18103 17963 17823
f 17912 17967 17966
f 17968 18107 18163
f 18164 18108 18166
f 18107 17913 18165
f 17972 17970 18287
f 17970 17919 18287
f 613 17920 18110
f 17638 595 18391
f 581 17776 17923
f 17923 17523 581
f 581 17523 17640
f 593 17640 17836
f 590 636 17584
f 17838 17585 17839
f 17525 18042 18171
f 18042 17711 569
f 17711 589 569
f 18043 589 18111
f 589 17840 18111
f 17840 17526 17712
f 17924 17527 530
f 530 17527 18044
f 17646 686 17976
f 686 609 17976
f 18045 17977 554
f 554 17977 18173
f 18046 18114 18115
f 18173 17978 18054
f 17978 18053 18054
f 17984 18120 18118
f 18117 18119 18121
f 616 17713 17714
f 580 579 18123
f 566 18060 18177
f 17988 17848 18127
f 18128 588 565
f 18182 18181 18183
f 18062 17934 17718
f 17718 17934 18184
f 18184 17934 17790
f 17934 17859 17790
f 17936 17793 18185
f 587 560 578
f 18186 17998 17938
f 17998 17794 17938
f 17795 18066 18187
f 18066 17674 18188
f 17939 17865 18130
f 17865 18002 18131
f 18002 17866 18189
f 17866 17796 18189
f 18005 18133 18004
f 18067 18006 17868
f 18009 18069 574
f 18069 17800 574
f 679 621 17801
f 17681 17488 583
f 17948 18195 18138
f 17948 18013 18197
f 17607 17803 18199
f 18071 18140 18141
f 17743 582 17879
f 17879 582 18203
f 17744 17808 572
f 17613 604 17808
f 18251 599 18075
f 599 602 18075
f 18078 18143 18076
f 17956 17687 17957
f 18374 17957 18022
f 18022 17811 18144
f 17811 17557 18144
f 18261 17619 18209
f 17619 17895 18209
f 18083 18085 18211
f 18085 17813 17754
f 18147 18146 17898
f 17495 17755 17900
f 17755 17756 18088
f 18088 17756 18089
f 17756 17621 18089
f 18152 18092 18215
f 18091 18093 18214
f 18214 18093 18217
f 18156 17962 18097
f 18276 692 17702
f 17513 17822 18158
f 18219 18279 17822
f 18160 17910 556
f 17705 17965 17768
f 17965 631 18221
f 18221 631 17912
f 18161 18106 18223
f 18106 18162 18223
f 18162 18164 18223
f 18164 18166 17972
f 18287 17919 17974
f 17920 17521 18391
f 17521 17638 18391
f 594 595 18225
f 18225 595 544
f 18038 17639 18168
f 18228 18226 18227
f 17777 17837 18040
f 17583 18231 617
f 17584 17710 17838
f 18043 18111 18394
f 17712 17645 17924
f 18044 630 18112
f 609 610 555
f 17842 17977 18172
f 17977 18045 18172
f 18045 554 568
f 17977 18046 18173
f 18046 18115 18173
f 18175 17984 18118
f 18058 18059 18121
f 18059 18122 18234
f 18235 579 18176
f 18124 17988 18180
f 18179 18125 18128
f 17988 18127 18238
f 588 608 18182
f 18182 18183 561
f 17663 17788 608
f 18064 17791 18065
f 18299 17936 18185
f 18185 17793 607
f 607 17671 17861
f 18001 17795 18187
f 18187 18066 18188
f 18188 17864 536
f 536 17864 18129
f 18129 17939 18242
f 18242 17939 18130
f 18189 17796 18132
f 18132 17728 18243
f 17728 18003 18243
f 18003 17940 18361
f 17940 18004 18361
f 18133 18005 576
f 606 17730 576
f 18134 17678 585
f 17597 17941 585
f 17941 18190 585
f 17941 17942 18190
f 18190 17942 18191
f 17942 17598 17867
f 17486 17679 17869
f 18007 18009 574
f 574 605 573
f 17801 621 18136
f 17601 620 18136
f 18136 620 559
f 620 18194 559
f 17545 17681 18247
f 17681 583 18247
f 583 18196 18247
f 18246 18195 17948
f 17803 17949 18199
f 18199 17949 17804
f 17804 577 18200
f 577 18202 18201
f 18141 17879 18071
f 18071 17879 18203
f 582 564 18203
f 582 18142 563
f 18249 18204 17881
f 17881 17887 571
f 570 18250 603
f 570 603 17888
f 602 17889 18017
f 17889 18076 18017
f 18076 18143 18017
f 18143 18205 18017
f 18017 18205 18253
f 18021 17684 18206
f 18256 17557 18258
f 18258 18023 18260
f 18025 17894 18207
f 18082 17895 18262
f 18210 18084 18263
f 18264 18085 17754
f 17494 17959 18146
f 18087 17898 18266
f 18379 17961 18268
f 17961 18148 18268
f 18148 18150 18268
f 18151 17623 18269
f 18268 18212 18270
f 17623 18152 18271
f 18217 18093 18272
f 18272 18093 18154
f 18036 18096 18154
f 18154 18096 18274
f 18155 17962 18156
f 17820 17629 18276
f 18278 17909 17513
f 17822 18279 18158
f 18219 18160 18279
f 556 17910 17911
f 18037 18100 18281
f 17768 17965 17823
f 17823 17965 18221
f 17912 18282 18283
f 18282 17912 18284
f 17966 18105 18222
f 18164 17972 18223
f 18223 17972 18287
f 18287 17974 18224
f 17974 613 18337
f 18337 613 18110
f 595 18288 18391
f 544 595 18038
f 17922 18227 18226
f 593 18040 18392
f 593 17836 18040
f 18040 17837 17975
f 18231 17583 18290
f 18291 18041 590
f 17838 17839 18171
f 630 17976 18292
f 17778 17842 18172
f 567 568 554
f 18115 17978 18173
f 18293 17983 18294
f 17983 18055 18294
f 18055 17984 18233
f 18233 17984 18175
f 18174 18117 18121
f 18122 616 17714
f 17987 17783 17927
f 17783 17929 566
f 18236 18060 18296
f 18060 17929 18298
f 608 18181 18182
f 18065 17936 18299
f 17672 17595 578
f 587 17998 18357
f 18357 17998 18186
f 18131 18002 18189
f 18133 576 18362
f 17730 18134 576
f 18191 17942 18305
f 17942 17867 18305
f 18067 17868 18192
f 17868 650 18192
f 18070 17871 18443
f 18443 17600 18193
f 17872 17801 18245
f 620 17873 18194
f 18408 17545 18247
f 18013 627 18198
f 627 17607 18198
f 17804 18200 18248
f 18201 18139 18071
f 18310 18308 564
f 18311 18142 572
f 17884 18074 604
f 571 17887 18313
f 18313 18314 18312
f 18313 17887 18318
f 18075 18017 18252
f 18319 17955 18254
f 18021 18206 18457
f 18260 18144 18258
f 17894 18261 18208
f 17896 18026 18320
f 18026 18210 18320
f 18320 18210 18263
f 18264 17754 18322
f 18266 17898 17559
f 17900 17755 18325
f 18089 17496 17816
f 17759 17961 17816
f 18268 18270 18379
f 18379 18270 18216
f 18270 18213 18216
f 18326 18275 18380
f 18380 18275 18155
f 18098 17908 18327
f 17702 17821 18328
f 18328 17821 18277
f 18279 18160 556
f 17911 17631 18330
f 18330 17631 18037
f 18103 17823 18101
f 18101 17823 18221
f 18221 17912 18333
f 18389 18282 18284
f 18284 17912 18336
f 17912 17966 18336
f 18224 17974 18337
f 17920 18391 18110
f 18168 624 521
f 624 612 521
f 18470 521 612
f 17922 581 18227
f 581 17640 18169
f 18230 17975 592
f 17975 611 592
f 18044 18112 18113
f 18341 18113 18112
f 18112 630 18292
f 610 17778 555
f 18172 18045 567
f 18344 18232 18121
f 18232 18174 18121
f 18059 18234 18121
f 18235 552 553
f 18177 18060 18348
f 18350 18295 18351
f 18296 18060 18298
f 17929 18124 18354
f 18237 18179 18353
f 608 17788 18184
f 17790 550 18184
f 548 550 18356
f 550 17790 18356
f 18356 17790 18064
f 18064 18065 18299
f 17861 17671 18300
f 17671 17672 18300
f 578 560 18300
f 18302 587 18357
f 18358 18357 18186
f 17938 17727 18241
f 18000 18001 18359
f 18359 18001 18187
f 18242 18130 18303
f 18360 18130 18131
f 18133 18362 547
f 576 18134 18438
f 18134 585 18438
f 18304 585 18190
f 18305 17867 18006
f 18440 18068 18135
f 18442 573 18363
f 543 17872 18245
f 18194 558 559
f 18194 17873 18137
f 584 17545 18364
f 18364 17545 18408
f 18248 18200 18307
f 18200 577 518
f 18203 564 18308
f 18310 18309 18308
f 18369 18310 564
f 564 582 563
f 563 557 18369
f 18414 563 18142
f 572 17808 604
f 604 18074 18204
f 18312 18314 18317
f 18317 18314 18313
f 17887 603 18318
f 18318 603 18250
f 18016 570 17888
f 18016 599 18251
f 17955 18021 18254
f 17956 17957 18374
f 18023 18080 18260
f 18375 18025 18376
f 18207 17894 18208
f 18209 18082 18261
f 18262 17895 17896
f 18263 18321 18320
f 18086 17494 18265
f 18265 17494 18146
f 17559 17620 18323
f 17620 17900 18325
f 18325 17755 18378
f 18378 17755 18088
f 17816 17961 18379
f 18218 18273 18380
f 18273 18326 18380
f 18156 18097 18420
f 17820 18276 18423
f 18382 18328 18277
f 18382 18277 562
f 18278 17513 18158
f 18331 18280 18329
f 18329 18280 18383
f 18280 18099 18383
f 18099 18101 18383
f 18383 18101 18385
f 18101 18221 18385
f 17912 18283 18333
f 18283 18282 18387
f 18388 18334 18390
f 18285 18335 18390
f 18286 18223 18335
f 18337 18110 18391
f 18226 18228 18552
f 18228 18227 531
f 17640 593 18169
f 18169 593 18392
f 592 617 18231
f 590 17584 18291
f 17584 17838 18291
f 18291 17838 18171
f 569 589 18043
f 17840 17712 18111
f 17712 17924 18111
f 18044 18113 539
f 18341 18112 18292
f 17976 609 555
f 18476 567 554
f 17983 18293 18173
f 18343 18344 18121
f 18122 17714 18234
f 17714 18123 18234
f 18123 579 553
f 580 17927 17783
f 566 18177 18346
f 18349 18350 18347
f 18296 18298 18399
f 18398 18297 18353
f 18298 17929 18354
f 18179 18128 18353
f 18128 565 18353
f 565 588 18401
f 588 18182 18401
f 18185 607 17861
f 17672 578 18300
f 18300 560 18301
f 18241 18000 18359
f 18402 18187 18188
f 18303 18130 18360
f 18131 18189 18404
f 18132 18243 18405
f 18004 18133 18361
f 18438 585 18304
f 18190 18191 18439
f 18440 18135 18406
f 584 18364 18407
f 18408 18247 18306
f 18306 18366 18409
f 577 18201 518
f 18308 18309 18368
f 18368 18309 18410
f 18411 18410 18412
f 18309 18310 18410
f 524 18310 18369
f 18369 564 563
f 18414 18142 18311
f 18204 546 604
f 17881 571 18249
f 571 18313 18312
f 18312 18317 18370
f 545 18313 542
f 17888 600 18016
f 18252 18017 18253
f 18253 18255 18252
f 18416 18254 18021
f 532 18374 18022
f 532 18022 18144
f 532 18144 18260
f 18025 18375 18080
f 18082 18262 18261
f 18262 17896 18417
f 17896 18320 18417
f 18377 18322 18419
f 18322 17754 18419
f 18379 18216 18380
f 18380 18216 18218
f 18380 18155 18156
f 18508 18156 18420
f 18420 18097 18421
f 18097 18098 18421
f 18098 18327 18422
f 17908 17820 18423
f 562 17909 18278
f 17911 18330 18384
f 18425 18332 18333
f 18332 18221 18333
f 18428 18388 18429
f 18335 18223 18390
f 18390 18223 18429
f 18223 18287 18429
f 18287 18224 517
f 541 18337 18391
f 18038 18168 544
f 612 17922 18470
f 17922 18226 18470
f 18552 18228 540
f 18169 18227 581
f 18040 17975 18230
f 451 18340 18230
f 592 18393 18230
f 18471 18393 592
f 18043 18394 520
f 18113 18341 539
f 555 17778 18172
f 18235 553 579
f 579 580 18176
f 580 17783 566
f 18350 18351 537
f 537 18351 18398
f 18296 18399 18352
f 18401 18182 18240
f 18240 18182 538
f 18356 18064 18436
f 18064 18299 18436
f 18437 18299 18185
f 18185 17861 18437
f 18358 18186 17938
f 18359 18187 18402
f 18242 18303 18529
f 18133 547 18361
f 18305 18006 18067
f 18192 18068 18440
f 18007 18244 18135
f 18244 18007 574
f 574 573 18442
f 18363 573 605
f 17801 18136 18444
f 18137 584 18407
f 18408 18306 18409
f 18365 18246 17948
f 18197 18013 18367
f 518 18201 18071
f 18412 18413 18411
f 18412 18410 534
f 18410 18310 534
f 18451 18449 18447
f 18447 18449 18414
f 18451 18447 18448
f 18449 18451 18450
f 18451 18448 18495
f 18414 18311 18447
f 18311 572 604
f 18448 546 18415
f 546 18204 18415
f 18317 18313 18453
f 18318 18250 507
f 18456 18251 18075
f 18206 17684 17956
f 18374 532 533
f 505 18207 18208
f 18417 18320 18418
f 18378 18088 18089
f 18089 17816 18379
f 18421 18098 18422
f 18624 18276 18424
f 18276 17702 18424
f 523 18278 18158
f 18158 18279 18459
f 17911 18384 18461
f 18221 18332 18385
f 18385 18332 18462
f 18463 18386 18426
f 18425 18333 18464
f 18333 18283 18466
f 18428 18429 18467
f 18429 18388 18390
f 18468 18288 594
f 18469 18167 594
f 594 18225 18469
f 544 18168 521
f 18228 531 540
f 451 18230 18393
f 18291 18171 18042
f 569 18043 18473
f 18111 17924 18431
f 17924 530 18431
f 18395 18044 539
f 17976 555 501
f 554 18173 18396
f 18121 18397 18343
f 18397 18121 18234
f 18234 18123 553
f 18235 18176 18525
f 18346 18177 18478
f 18398 18353 565
f 18434 537 538
f 18182 561 538
f 18181 608 18528
f 18528 608 18184
f 18184 550 18528
f 550 551 18528
f 18299 18437 18436
f 18437 17861 18300
f 18359 18402 18480
f 536 18129 18481
f 18360 18131 18404
f 18404 18189 18405
f 18189 18132 18405
f 18565 18243 18361
f 18243 18003 18361
f 18362 576 18602
f 18304 18190 18482
f 18439 18191 18305
f 18487 18305 18067
f 17869 17679 18135
f 17679 18007 18135
f 17872 543 18568
f 558 18194 18489
f 18492 18408 18409
f 18445 18365 17948
f 17607 18199 18198
f 18199 17804 18540
f 18307 519 18573
f 18200 518 18307
f 571 18452 18249
f 18313 545 18453
f 542 18313 18318
f 507 18250 570
f 18455 18251 18456
f 18075 18252 18499
f 18416 18021 18500
f 18500 18021 18502
f 18021 18544 18502
f 18544 18021 18457
f 17956 18374 533
f 18458 18080 18375
f 18376 18025 18207
f 523 18158 18459
f 18550 18459 18460
f 18460 18459 18509
f 556 17911 18463
f 17911 18461 18463
f 18426 18465 18511
f 18464 18333 18510
f 18427 18467 18511
f 18467 18429 18511
f 18511 18429 18512
f 18429 18287 517
f 594 18167 18468
f 18513 18470 18226
f 18514 18552 540
f 592 18231 18471
f 18515 18041 18473
f 18041 18291 18473
f 18042 569 18473
f 18043 520 18473
f 18394 18111 18431
f 18516 18341 18292
f 18292 17976 501
f 18345 553 552
f 18518 18519 18521
f 18518 18520 18522
f 18517 18518 18345
f 18524 18518 18517
f 566 18346 18527
f 18433 18347 18477
f 18347 18350 537
f 537 18398 565
f 18240 538 537
f 560 587 529
f 587 18302 529
f 18241 18359 17938
f 18129 18242 18529
f 18303 18360 18530
f 576 18438 18602
f 18438 18304 18532
f 18532 18304 18482
f 18482 18190 18439
f 18441 18440 18406
f 605 18070 18363
f 18070 18443 18363
f 543 527 18568
f 18568 527 18488
f 18136 559 18444
f 18194 18137 525
f 18137 18407 525
f 18533 510 18534
f 511 18364 18535
f 18535 18364 18408
f 18408 18492 18537
f 18491 18445 18536
f 18445 17948 18536
f 17948 18197 18536
f 18539 18198 18199
f 18540 17804 18248
f 18411 18608 482
f 18413 18608 18411
f 557 18446 18369
f 563 18414 557
f 18311 604 546
f 571 18312 18452
f 18497 542 18541
f 506 18541 507
f 507 18541 542
f 570 18016 18648
f 18545 18075 18499
f 18499 18252 18503
f 18252 18501 18503
f 533 532 18504
f 18080 532 18260
f 18376 18207 18621
f 18208 18261 505
f 18505 18419 18547
f 18419 17754 18547
f 18547 17754 18086
f 18266 17559 18323
f 18089 18379 18507
f 18380 18156 18508
f 17908 18423 18327
f 18423 18276 18624
f 18424 17702 18328
f 562 18278 18693
f 18463 18426 18511
f 18040 18230 18392
f 18392 18230 18340
f 18553 451 18393
f 18471 18231 503
f 18041 18515 18290
f 18042 18473 18291
f 18394 18431 520
f 18516 18292 18475
f 555 18172 501
f 18172 567 501
f 18342 554 18396
f 18293 18294 18343
f 18523 18522 500
f 18522 18520 500
f 18519 18518 18524
f 18345 552 18559
f 566 18527 515
f 515 18527 18561
f 18526 18432 18560
f 18432 18477 18560
f 18477 18347 18560
f 561 18183 512
f 18183 18528 512
f 18183 18181 18528
f 548 18356 551
f 18356 18436 18633
f 18436 18437 18563
f 18437 18300 18597
f 18359 528 17938
f 528 18359 18480
f 18188 536 18481
f 18481 18129 18529
f 18360 18404 18564
f 18405 18243 18565
f 18531 18361 547
f 18482 18439 18566
f 18067 18192 492
f 574 18442 18567
f 18443 18193 473
f 18604 17872 18568
f 18245 17801 18444
f 559 558 526
f 18489 18194 525
f 18407 18364 511
f 18533 18534 18538
f 18538 18534 18536
f 18534 18490 18536
f 18197 18367 18538
f 18199 18493 18539
f 18493 18199 18540
f 18248 18307 18573
f 18071 18203 518
f 18449 18494 18575
f 18448 18311 546
f 18370 18317 508
f 18541 18453 18497
f 18453 545 18497
f 18648 18016 18251
f 18455 18456 18580
f 18579 18543 478
f 18581 18456 18583
f 18456 18075 18583
f 18583 18075 18545
f 18546 18502 18544
f 18457 18206 17956
f 532 18080 18458
f 18619 18621 18584
f 18261 18262 505
f 18262 18417 18585
f 18147 18087 490
f 17620 18325 18548
f 18459 18279 18509
f 18509 18279 556
f 18463 18511 556
f 18429 517 516
f 18224 18337 517
f 18167 18588 18468
f 18588 18167 522
f 522 18167 18469
f 521 18470 18589
f 18226 18552 18513
f 18471 18472 18556
f 18472 18471 503
f 18473 520 18474
f 18044 18395 530
f 18475 18292 18557
f 18292 501 18557
f 501 567 18476
f 18342 18396 494
f 18628 18293 18343
f 18628 18397 18664
f 18234 553 18345
f 18559 552 18235
f 18525 18176 566
f 18176 580 566
f 515 513 566
f 513 515 18596
f 514 18560 18595
f 18347 537 18560
f 565 18240 537
f 18434 499 537
f 18633 18436 18563
f 18300 18301 18597
f 18358 17938 18709
f 17938 528 18709
f 18480 18402 18634
f 18530 18360 18600
f 18564 18404 18601
f 18404 18405 18601
f 18565 18361 18531
f 18438 18532 18603
f 18482 18484 18532
f 18482 18486 18484
f 18439 18305 18566
f 18192 18440 492
f 18440 18441 492
f 18244 574 18567
f 18567 18442 18363
f 473 18193 18604
f 18193 17872 18604
f 18568 18488 18570
f 18570 18488 18571
f 18571 18488 543
f 525 511 509
f 509 18572 18606
f 18538 18536 18197
f 18367 18013 18198
f 18248 18573 18540
f 518 18203 18308
f 18410 18411 482
f 18608 18413 18749
f 18310 524 18574
f 18574 524 18369
f 18615 18449 18450
f 18447 18311 18448
f 508 18317 18453
f 18617 18541 506
f 542 18318 507
f 507 570 18648
f 18618 18251 18578
f 18578 18251 18455
f 18582 18544 478
f 18544 18457 478
f 17956 533 18457
f 18376 18621 18619
f 18207 505 18622
f 18147 490 18146
f 18087 18266 490
f 18266 18623 490
f 18323 17620 18548
f 18548 18325 18378
f 18378 18089 18507
f 18420 18421 434
f 18421 18422 18586
f 18422 18549 18586
f 18549 18422 18327
f 18327 18423 18624
f 18693 18278 523
f 523 18459 18551
f 18459 18550 18551
f 18509 556 18511
f 517 18337 18625
f 18625 18337 541
f 18288 18468 18391
f 504 18468 18588
f 18553 18554 18696
f 18556 18393 18471
f 18556 18472 18590
f 18474 520 18698
f 18476 554 18342
f 18396 18627 494
f 18397 18234 486
f 18234 18345 486
f 18519 18524 18520
f 18524 18517 18594
f 18345 18559 18517
f 18559 18235 18525
f 18595 18560 537
f 18434 538 18632
f 18528 551 18633
f 551 18356 18633
f 18563 18437 18597
f 18301 560 529
f 18357 18358 18709
f 528 18480 18634
f 18402 18188 18481
f 18529 18303 18599
f 18599 18303 18530
f 18600 18360 18564
f 18531 547 18635
f 18487 18067 492
f 18571 543 18245
f 18637 18444 559
f 18637 559 526
f 511 525 18407
f 519 18307 518
f 18413 18609 491
f 18450 18451 18616
f 18642 18616 479
f 18448 18415 18644
f 18249 18452 18204
f 18645 18370 508
f 18680 508 18646
f 508 18453 18646
f 18251 18618 18648
f 18618 18578 18651
f 18577 18498 18650
f 18498 18579 18650
f 455 18376 18619
f 18654 18584 18621
f 18621 18207 18622
f 18262 18585 18656
f 18657 18547 18086
f 18146 490 18658
f 18548 18378 18660
f 18379 18380 18508
f 18759 18508 18420
f 18549 18327 18587
f 18327 18624 18587
f 18509 18511 18512
f 18512 18429 516
f 541 18391 504
f 504 18391 18468
f 463 18588 489
f 489 18588 522
f 531 18227 18169
f 18169 18392 18662
f 18697 18554 440
f 18554 18553 440
f 440 18553 18393
f 18626 18472 503
f 18663 503 18231
f 18592 501 18476
f 18592 18342 494
f 497 493 495
f 495 498 18701
f 18627 18396 18704
f 18396 18173 18293
f 18343 18397 18628
f 18629 18664 18397
f 18397 486 487
f 18518 18522 18345
f 18520 18524 18705
f 18524 18593 18705
f 18593 18594 18705
f 566 513 18525
f 18666 18631 18668
f 18631 18595 18668
f 18668 18595 537
f 18528 446 512
f 18669 18597 18301
f 529 18302 18709
f 18634 18402 18481
f 18601 18405 18671
f 18405 18565 18671
f 18672 18565 18531
f 18635 547 18673
f 547 18362 18673
f 18362 18602 18673
f 18305 18487 18566
f 18566 18487 18674
f 18135 18244 474
f 18244 18567 474
f 473 18604 18712
f 18637 18245 18444
f 526 558 429
f 429 558 18489
f 484 483 18786
f 18607 18538 18367
f 18198 18539 18367
f 18573 519 18678
f 18678 519 518
f 18308 18368 18410
f 18749 18413 491
f 18413 18412 18609
f 18574 18369 18640
f 18446 557 18750
f 557 18414 18750
f 18616 18451 18495
f 18415 18204 18644
f 18204 18452 18644
f 18685 18681 18683
f 18684 18682 18687
f 18682 18648 18687
f 18648 18618 18687
f 18687 18618 18689
f 18649 18650 18688
f 18650 18579 18688
f 18579 478 18688
f 478 18754 18688
f 18457 533 18504
f 18504 532 18458
f 18657 18086 18690
f 18723 18508 18759
f 18382 562 18693
f 18763 488 18661
f 18694 488 489
f 544 521 18589
f 18470 18513 18764
f 531 18169 18662
f 451 18553 18696
f 440 18393 18556
f 18431 530 18395
f 18699 18341 18516
f 502 18516 18475
f 18592 18476 18342
f 497 495 18702
f 18701 498 18703
f 18396 18293 18704
f 18293 18628 18704
f 18664 18629 18846
f 18345 18522 18523
f 18594 18517 18705
f 18559 18525 513
f 18706 513 18667
f 18633 18563 18708
f 18669 18301 529
f 529 18709 460
f 18302 18357 18709
f 18709 528 18710
f 528 18634 18710
f 18481 18529 18670
f 18599 18530 18711
f 18565 18672 18671
f 475 18531 18635
f 18602 18438 18603
f 18486 18482 18566
f 18571 444 18568
f 444 18571 18245
f 18245 18637 18675
f 18637 526 485
f 472 469 470
f 485 526 429
f 18714 525 18716
f 525 509 18716
f 18638 484 18715
f 484 18786 18715
f 483 484 18538
f 484 18533 18538
f 18539 18607 18367
f 18308 18410 518
f 18748 480 481
f 18748 482 18608
f 534 18310 18574
f 18414 18449 18750
f 18643 18641 18642
f 18453 18541 18617
f 18718 18685 18754
f 18685 18683 18754
f 18686 18688 18683
f 18688 18754 18683
f 18754 478 18457
f 18504 18652 18653
f 18652 18504 18375
f 18504 18458 18375
f 18652 18375 18376
f 18622 505 18655
f 18262 18656 18720
f 18721 18657 18690
f 465 18146 18658
f 18623 18266 18722
f 18266 18323 18691
f 18379 18508 18723
f 516 517 18625
f 18625 541 452
f 452 541 504
f 489 522 443
f 18225 544 18469
f 544 18589 18469
f 18469 18589 18875
f 441 477 540
f 477 18514 540
f 540 531 18662
f 18726 18697 18727
f 18626 503 18663
f 18231 18290 18515
f 18473 18474 18698
f 520 18431 18698
f 18395 539 18341
f 18557 501 448
f 18700 18701 18729
f 18933 18729 18701
f 18345 18523 486
f 18731 18732 18733
f 18732 18559 18733
f 18559 513 18706
f 18706 18667 18707
f 18668 537 18734
f 537 499 18734
f 18669 529 460
f 18481 18670 18634
f 18673 18602 18738
f 18602 18603 18738
f 18603 18532 18739
f 18532 18486 18739
f 18674 18487 492
f 18567 18363 473
f 18363 18443 473
f 18604 18568 18854
f 466 436 18740
f 18741 468 471
f 472 18713 18742
f 472 470 18713
f 18714 18716 18744
f 18743 18715 18786
f 18412 534 18609
f 18640 18369 18446
f 18864 18750 18449
f 18575 18494 18450
f 18450 18616 18575
f 18641 18679 18642
f 18642 479 18717
f 18312 18370 18452
f 18452 18370 18645
f 18788 506 18752
f 18648 18682 456
f 18682 457 456
f 18753 18685 18718
f 18457 18504 18754
f 18652 18376 455
f 18755 18584 18654
f 18654 18621 18756
f 18265 18146 465
f 490 18623 18659
f 18660 18378 18507
f 18507 18379 18723
f 18692 18587 18624
f 523 18551 18760
f 18460 18509 18550
f 18550 18509 18761
f 516 18625 454
f 18588 463 18762
f 489 488 18763
f 522 18469 433
f 18589 18470 18764
f 18513 18552 18764
f 441 461 442
f 441 18765 461
f 18392 476 18662
f 476 18392 18340
f 18554 18697 18766
f 18726 18843 18697
f 18697 440 18727
f 440 18556 18590
f 18472 18626 18590
f 18231 18515 18663
f 18431 18395 18698
f 18728 18729 18768
f 18768 18729 18933
f 498 494 18627
f 18629 18397 487
f 18523 500 18800
f 500 18520 18665
f 18665 18520 18705
f 18733 18559 18706
f 499 18434 18736
f 18434 18632 18736
f 18632 538 18772
f 538 561 18772
f 18528 18633 18773
f 18563 18597 18669
f 460 18709 18737
f 18709 18710 18737
f 18710 18634 18774
f 18670 18529 18776
f 18529 18599 18776
f 18564 18601 18671
f 18672 18531 475
f 18603 18739 18778
f 18486 18566 18739
f 18674 492 18779
f 18406 18135 474
f 474 18567 458
f 18782 18567 473
f 18890 444 445
f 444 18245 445
f 18245 18675 445
f 485 470 405
f 470 467 18813
f 468 18741 436
f 18785 485 429
f 483 18538 18953
f 18538 18607 18953
f 18607 18539 18746
f 18678 518 18410
f 534 18574 18609
f 18449 18575 18864
f 18643 18751 18641
f 18641 18751 18679
f 18616 18495 479
f 18645 508 18826
f 18453 18617 18788
f 18752 506 18789
f 456 18719 18792
f 18791 18718 18754
f 18262 18720 18837
f 18837 18720 18757
f 18690 18086 18871
f 18658 490 18912
f 18722 18266 18794
f 417 18624 18424
f 18424 18328 417
f 18328 18382 417
f 18693 523 18760
f 18509 18512 18761
f 454 18625 452
f 452 504 18796
f 18588 18762 504
f 463 489 18763
f 18763 428 18916
f 18694 489 443
f 18552 462 18764
f 441 540 18662
f 18797 18727 440
f 18341 18699 18395
f 18699 18516 502
f 18798 18799 18592
f 18592 494 493
f 493 496 18768
f 18627 18704 18730
f 487 486 420
f 18705 18517 18559
f 18734 499 18801
f 18735 18770 18733
f 432 18733 18770
f 18769 499 18771
f 18771 499 18736
f 561 512 18772
f 446 18528 18773
f 18563 439 18850
f 18563 18669 439
f 18669 460 18804
f 18634 18670 18775
f 18776 18599 18711
f 18711 18530 18600
f 18805 18600 18564
f 18564 18671 18777
f 18944 492 18441
f 18406 438 18441
f 437 474 18780
f 18780 474 458
f 430 18807 18808
f 18712 18604 18854
f 18854 18568 444
f 18637 485 405
f 18811 470 18813
f 18816 18741 18784
f 18818 18743 18786
f 18786 483 18745
f 18896 18607 18819
f 18607 18746 18820
f 18821 18746 18539
f 481 480 18747
f 18825 18609 18574
f 18642 18679 18616
f 18448 18644 18495
f 18865 18680 18646
f 18828 18646 18453
f 18752 435 18867
f 18648 456 18790
f 18831 456 18792
f 18791 18754 18832
f 18754 18504 18653
f 18835 18755 18654
f 18793 505 18262
f 18659 18623 18722
f 18794 18266 18691
f 18691 18323 18548
f 18507 18723 18795
f 18842 18693 18760
f 18761 18512 454
f 18512 516 454
f 428 18763 18661
f 18469 18875 433
f 18698 18395 18699
f 18699 502 18844
f 18475 18971 502
f 18971 18475 18557
f 18557 448 447
f 18799 18798 18845
f 18592 493 19081
f 423 18701 18703
f 18628 18664 18846
f 18629 487 420
f 486 18523 18630
f 500 18665 18935
f 432 18770 18803
f 18769 18771 18802
f 431 18736 18632
f 512 446 18773
f 18633 18708 18773
f 18773 18708 18850
f 18708 18563 18850
f 18669 18804 439
f 18634 18775 18774
f 18600 18805 18887
f 18672 475 18851
f 18806 18635 18738
f 18635 18673 18738
f 18603 18778 18738
f 18739 18566 18852
f 18566 18674 18852
f 18779 492 18944
f 437 438 18406
f 18406 474 437
f 18780 458 18853
f 458 18782 422
f 18807 18782 473
f 18675 18637 405
f 18812 466 18740
f 18814 18741 18816
f 18713 470 18815
f 470 485 18815
f 525 18714 18489
f 18818 18786 18856
f 18607 18896 18953
f 18607 18820 18819
f 482 481 18858
f 18858 18823 18822
f 481 18823 18858
f 18860 18861 18862
f 18861 18749 18862
f 18749 491 18862
f 18609 18825 491
f 18825 18574 18956
f 18864 18640 18750
f 18640 18446 18750
f 18495 18644 479
f 18452 18645 18644
f 18958 18645 18826
f 18827 18680 18865
f 18865 18646 18828
f 18828 18453 18788
f 18752 18867 19033
f 435 18752 18830
f 18648 18790 507
f 18831 18792 18833
f 18832 18754 18834
f 18619 18755 18835
f 18621 18622 18756
f 18655 505 18836
f 505 18793 18836
f 18793 18262 18870
f 18262 18837 18870
f 18838 18690 18871
f 465 19000 18265
f 18795 18723 18759
f 18587 18692 18839
f 18382 18693 18914
f 454 452 18874
f 18796 504 18762
f 18589 18764 19048
f 462 18552 18514
f 441 442 477
f 18727 18797 18876
f 18515 18473 18663
f 18473 18698 18663
f 448 501 18592
f 18877 18799 18932
f 498 18627 18703
f 18523 18800 18630
f 18731 18733 432
f 18771 18736 18849
f 18884 512 18773
f 18773 18850 18979
f 18980 18850 439
f 18885 18804 460
f 460 18737 18885
f 18711 18600 18887
f 18805 18564 18777
f 18671 18672 18889
f 18889 18672 18851
f 475 18635 18851
f 18778 18739 18852
f 18441 438 18944
f 18853 458 422
f 18807 430 18782
f 18894 18815 485
f 18817 18713 18815
f 18714 18857 18489
f 18489 18857 18895
f 18857 18787 18895
f 18819 18820 18821
f 18678 18410 482
f 18747 480 18899
f 480 18748 18899
f 18748 18608 18749
f 18825 18956 19103
f 19103 18956 18955
f 18956 18574 18640
f 18616 18679 18902
f 18679 18751 18906
f 18751 18643 18642
f 18866 18828 18788
f 506 507 18789
f 507 18790 18789
f 18754 18653 18652
f 18910 455 18911
f 455 18619 18835
f 18756 18622 18869
f 18086 18265 19000
f 465 18658 18872
f 18872 18658 18912
f 490 18659 18912
f 18660 18507 18795
f 18759 18420 19114
f 18549 18587 18839
f 19115 18692 18840
f 18624 417 18692
f 417 18382 18914
f 18693 18842 18841
f 18760 18551 18761
f 18551 18550 18761
f 18762 463 403
f 18661 488 18694
f 443 522 427
f 522 433 427
f 18924 461 18765
f 441 18662 18928
f 18697 18843 18766
f 18929 18727 18876
f 18930 18797 18931
f 18797 19120 18931
f 415 449 18590
f 18592 18799 448
f 448 18799 18877
f 493 18768 18933
f 424 18878 18934
f 18627 18730 18703
f 18730 18704 18628
f 18628 18846 18629
f 18800 500 18935
f 18935 18665 18559
f 432 18803 18882
f 18882 18803 18883
f 18803 18848 18883
f 18772 512 401
f 18980 439 18804
f 18775 18670 18938
f 18711 18887 18939
f 18777 18671 18888
f 18888 18671 18889
f 18851 18635 18806
f 18738 18778 18982
f 18674 18779 18940
f 18940 18779 18941
f 422 18782 430
f 411 430 18945
f 18854 18807 18712
f 18807 473 18712
f 18854 444 18890
f 470 18811 18947
f 18891 18741 18893
f 18741 18814 18893
f 429 18855 18785
f 429 18489 18951
f 18745 483 18953
f 18819 18821 18539
f 18493 18540 18539
f 482 18858 18678
f 18861 18899 18749
f 404 18861 18860
f 18862 491 394
f 18955 18956 418
f 18575 18616 19104
f 18957 18902 18903
f 479 18644 18717
f 18644 18645 18717
f 18992 18828 18959
f 18959 18828 18866
f 18752 18789 18830
f 18834 18754 18960
f 18652 455 18910
f 18911 455 18835
f 18835 18654 18756
f 18871 18086 19000
f 18691 18548 18913
f 19114 18420 434
f 434 18421 18586
f 18914 18693 18841
f 18841 18842 18873
f 18873 18842 18915
f 18842 410 18915
f 452 18796 18874
f 19046 18796 18762
f 463 18916 403
f 463 18763 18916
f 427 433 18875
f 18875 18589 19048
f 18514 477 18969
f 18921 442 461
f 18921 461 18924
f 18927 18765 18928
f 18765 441 18928
f 18928 18662 476
f 18340 451 476
f 18876 18797 18930
f 18590 449 440
f 415 18590 18970
f 18590 18626 18970
f 408 18663 18698
f 18844 502 18971
f 18798 18592 19081
f 18701 423 18933
f 18934 18878 18974
f 18730 18628 18629
f 18975 486 18630
f 18935 18559 18732
f 432 18882 18937
f 18881 18849 18936
f 18849 18736 18936
f 401 431 18632
f 18632 18772 401
f 512 18884 401
f 18884 18773 18979
f 18979 18850 18980
f 18737 18710 18886
f 18886 18710 18774
f 18938 18670 18776
f 18778 18852 18983
f 18852 18674 18940
f 18944 438 437
f 18853 422 396
f 18808 18807 18854
f 19062 18675 405
f 18984 18810 19023
f 19024 18811 18948
f 18811 18813 18948
f 18892 18894 18785
f 18894 485 18785
f 18489 18895 18988
f 18819 18539 18898
f 18898 18539 18896
f 18539 18540 18989
f 18573 18678 18858
f 481 374 18823
f 481 18747 374
f 19104 18616 18902
f 18645 18958 18717
f 18826 508 18827
f 435 18830 18993
f 18790 456 18831
f 18961 18963 18831
f 18997 18994 18996
f 18754 18652 18910
f 18911 18835 18756
f 18869 18622 18964
f 391 18622 18655
f 18793 18870 18965
f 18966 18871 19000
f 18659 18722 19039
f 434 18586 19002
f 18915 410 409
f 19045 409 410
f 18760 18761 19003
f 18874 18796 19046
f 19006 19048 18764
f 18969 477 442
f 451 18696 476
f 18696 18554 18766
f 19009 18727 18929
f 18929 18876 19010
f 415 18970 416
f 18626 18663 18970
f 408 18698 18699
f 18971 18557 447
f 423 18703 18878
f 420 486 18975
f 19014 18975 19013
f 18975 18630 19013
f 412 18976 413
f 18976 406 413
f 412 414 18976
f 18732 18731 432
f 18977 18936 18736
f 19017 18736 19020
f 18980 18804 18885
f 18885 18737 18886
f 18774 18775 387
f 386 18776 18711
f 18805 18777 18981
f 18777 18888 18981
f 19057 18806 18982
f 18806 18738 18982
f 18983 18852 18940
f 18942 18941 18943
f 18941 18779 18943
f 18779 18944 18943
f 411 396 422
f 422 430 411
f 18891 18985 19026
f 18785 18855 19027
f 429 18951 18986
f 18987 18745 19028
f 19028 18745 18952
f 18745 18953 18952
f 18539 18989 18896
f 18858 18822 18989
f 18860 18862 18990
f 18956 18640 18864
f 418 18864 19104
f 18864 18575 19104
f 18903 18902 18679
f 18679 18906 18903
f 18903 18906 19031
f 18906 18751 393
f 18642 18717 18958
f 18828 18992 19032
f 18790 18831 18789
f 18789 18831 18998
f 18998 18831 18963
f 18962 18960 18994
f 18960 18754 18994
f 18994 18754 18996
f 19109 18910 18911
f 18911 18756 19075
f 18964 18622 391
f 18836 18793 19036
f 18999 18966 19037
f 18913 18548 19040
f 18548 18660 19040
f 18795 18759 19114
f 19002 18586 19041
f 19041 18586 18549
f 18841 18967 18914
f 410 18842 19003
f 18842 18760 19003
f 18761 454 19003
f 454 18874 19003
f 19046 18762 403
f 371 428 18661
f 18694 18968 402
f 18694 443 18968
f 427 18875 19048
f 18764 462 19006
f 476 18696 18928
f 18726 19008 19119
f 18726 18727 19009
f 19010 18876 18931
f 19120 18797 449
f 18797 440 449
f 18970 18663 408
f 18844 18971 18699
f 18798 19081 19152
f 493 18933 19081
f 18933 423 18973
f 18973 423 424
f 18934 19011 424
f 19011 18974 424
f 18974 19012 407
f 19050 19014 19013
f 19016 406 19051
f 18976 414 18935
f 18732 432 19053
f 18977 18736 19017
f 19020 18736 431
f 18884 19022 19054
f 19022 399 19054
f 387 18775 18938
f 19056 18776 386
f 18711 18939 386
f 18851 18806 18889
f 18982 18778 18983
f 18943 18944 19059
f 19059 18944 19060
f 18944 437 19060
f 437 18780 18853
f 18945 430 18808
f 18808 419 19061
f 18808 18854 18890
f 445 18675 19062
f 19023 19065 19063
f 19064 470 18947
f 18741 19025 436
f 19025 18741 18891
f 19027 18855 19096
f 18951 18489 19068
f 18489 18988 19068
f 18952 18953 19030
f 18540 18573 18989
f 18573 18858 18989
f 18899 18861 395
f 491 18825 394
f 373 18825 19103
f 418 18956 18864
f 19105 19031 18906
f 18827 18865 18826
f 18991 18959 19032
f 18752 19033 18788
f 18993 18830 19071
f 18963 18995 18998
f 18997 18996 19073
f 18996 18754 18910
f 18756 392 19075
f 19037 18966 19000
f 465 18872 19000
f 18692 19115 18839
f 19078 18692 417
f 19005 428 371
f 18661 18694 402
f 19010 19119 19008
f 19190 19010 18931
f 19151 415 19080
f 18970 408 18971
f 408 18699 18971
f 18974 18878 19012
f 18878 18703 19012
f 18730 18629 420
f 19013 18630 18800
f 406 19052 19051
f 19052 406 19082
f 19053 432 19018
f 19018 390 19053
f 19017 19020 389
f 19020 19019 389
f 19084 19083 19128
f 431 401 388
f 18884 19054 401
f 19022 18884 18979
f 18979 18980 19086
f 18980 18885 19055
f 18938 18776 19056
f 386 18939 19087
f 19158 18939 18887
f 18887 18805 19130
f 18981 18888 19131
f 18806 19057 18889
f 19417 384 19088
f 437 18853 396
f 411 18945 19090
f 419 18808 18890
f 19062 18946 445
f 405 470 19091
f 470 19064 19091
f 19064 19066 19091
f 356 19092 19093
f 19094 19091 19066
f 19063 18984 19023
f 18740 436 356
f 18891 19026 19095
f 18855 429 19098
f 19098 429 19100
f 429 18986 19100
f 18988 19029 19068
f 19030 18896 18989
f 19246 18747 18899
f 19104 18902 18957
f 18826 18865 377
f 379 380 345
f 18959 18866 18788
f 18867 435 19070
f 19071 18830 18789
f 18789 18998 19072
f 18996 18910 19109
f 19035 19037 19110
f 19037 19000 19110
f 19038 18912 19076
f 18912 18659 19112
f 19039 18722 19113
f 19113 18722 18794
f 18691 18913 18794
f 19040 18660 18795
f 417 18914 19078
f 19003 18874 410
f 18661 402 371
f 462 18514 18969
f 19008 18929 19010
f 449 415 19120
f 19120 415 19151
f 415 416 19080
f 361 448 18877
f 375 18933 18973
f 18703 18730 19012
f 420 18975 19122
f 19124 19123 19125
f 18800 18935 414
f 19015 412 413
f 19015 406 19016
f 406 18976 19082
f 19053 390 19083
f 19083 19084 19126
f 19020 431 388
f 19086 18980 19055
f 387 18938 19129
f 18938 19056 19129
f 19158 18887 19130
f 18805 18981 19130
f 18888 18889 19131
f 18982 18983 19133
f 18940 18941 18942
f 19417 19088 19134
f 19134 384 383
f 18942 18943 19059
f 437 396 19060
f 18945 18808 19061
f 19061 419 19135
f 18890 445 19135
f 445 18946 19135
f 19137 18946 19136
f 19093 19065 356
f 19065 19023 356
f 356 436 18949
f 18949 436 19138
f 19025 18891 19099
f 18891 19095 19099
f 19095 19067 19099
f 19067 19097 19099
f 19102 19028 18952
f 18953 18896 19030
f 19140 19030 18989
f 18989 18822 18823
f 374 18747 19246
f 19433 404 18860
f 19433 18860 18990
f 18990 18862 394
f 19103 18955 19210
f 19142 19031 19105
f 18751 18642 393
f 18642 18958 18826
f 377 381 18826
f 18865 18828 377
f 18788 19033 18959
f 19106 18993 19107
f 19107 18993 19071
f 392 18756 18869
f 366 18964 391
f 19147 18655 19034
f 18655 18836 19034
f 18872 18912 19111
f 18913 19040 19149
f 19041 19186 19002
f 18549 18839 19403
f 18692 19078 18840
f 18915 19079 18873
f 18915 409 19079
f 403 18916 19150
f 428 19005 18916
f 18924 18765 18921
f 18696 18766 18928
f 19007 18766 18843
f 19190 18931 19120
f 18971 18972 18970
f 18972 19121 18970
f 18972 18971 447
f 19227 19152 19081
f 18973 424 19153
f 18730 420 19122
f 19122 18975 19014
f 19050 19013 19123
f 18935 18732 19053
f 19154 19084 19156
f 19085 19127 19155
f 19155 19127 388
f 19127 19019 388
f 19019 19020 388
f 388 401 400
f 399 19022 359
f 18979 19086 19022
f 18886 18774 387
f 19087 18939 19158
f 19130 18981 19159
f 18889 19057 19160
f 19057 18982 19132
f 19132 18982 19133
f 18983 18940 19133
f 383 18942 19059
f 18945 19061 19163
f 19135 18946 19137
f 19136 368 369
f 19165 19164 19166
f 19172 19171 19170
f 19170 19168 19172
f 19173 19169 19166
f 19166 19164 368
f 405 19091 19062
f 19062 19091 19174
f 19175 19092 19176
f 19092 356 19176
f 19023 18740 356
f 19140 18989 18823
f 18899 395 19246
f 19210 18955 418
f 19104 18957 19178
f 18957 18903 19178
f 18642 18826 393
f 393 18826 381
f 380 377 18828
f 380 18828 19032
f 18959 19033 19143
f 19033 18867 19144
f 19179 19145 18993
f 18993 19106 19179
f 19071 18789 19181
f 18789 19072 19181
f 19072 19074 19181
f 391 18655 19147
f 19111 18912 19038
f 18912 19112 19076
f 19112 18659 19039
f 19039 19113 19185
f 19040 18795 19114
f 18914 18967 19221
f 19079 409 19044
f 410 18874 19045
f 403 365 19046
f 365 403 19150
f 19150 18916 364
f 19117 427 19006
f 427 19048 19006
f 18928 18766 19007
f 18843 18726 362
f 19119 376 18726
f 376 362 18726
f 416 18970 19121
f 18972 361 360
f 18972 447 361
f 447 448 361
f 18799 18845 18932
f 19227 18798 19152
f 18933 375 19081
f 18730 19122 19012
f 19368 19014 19050
f 19123 19124 19050
f 19013 18800 19123
f 18800 414 19123
f 414 412 19123
f 412 19015 19123
f 18976 18935 19053
f 19053 19083 19126
f 401 19054 400
f 19157 397 399
f 19086 19055 19195
f 19196 19056 386
f 19275 18889 19160
f 19160 19057 19132
f 19132 19133 19234
f 18942 19161 18940
f 19161 18942 383
f 384 19417 383
f 19163 19090 18945
f 419 18890 19135
f 369 368 19164
f 19165 19166 19201
f 19201 19166 19203
f 19202 19167 19170
f 19166 19169 19204
f 19205 19170 19171
f 19136 18946 19062
f 19176 356 355
f 19099 19101 19025
f 19025 19101 19139
f 19139 19102 18952
f 19207 19030 19140
f 394 19208 18990
f 19209 394 373
f 19209 373 19210
f 373 19103 19210
f 19210 418 367
f 367 418 19104
f 19105 18906 19211
f 18906 393 19211
f 357 19211 393
f 18867 19070 19144
f 435 18993 19145
f 19108 19180 19212
f 19071 19181 19214
f 19182 18996 19213
f 18996 19108 19213
f 19108 18996 19109
f 18911 19075 19109
f 19109 19075 19183
f 19075 392 19183
f 19218 391 19147
f 19000 18872 19111
f 19113 18794 354
f 19220 18794 18913
f 19149 19040 19114
f 19403 18839 19115
f 19115 18840 19078
f 19359 19221 19222
f 19221 19359 18914
f 18967 18841 18873
f 364 363 19150
f 18916 19005 364
f 19005 19188 364
f 18968 443 427
f 19006 462 18969
f 442 18921 19189
f 18921 18765 18927
f 341 18927 19224
f 18927 18928 351
f 347 362 376
f 424 18974 19153
f 19153 18974 407
f 19012 19122 370
f 19126 19084 19154
f 19155 388 19231
f 19231 388 19232
f 19232 388 19233
f 19233 388 19412
f 19193 388 400
f 400 397 19270
f 19157 399 359
f 19055 18885 19195
f 19087 19158 19273
f 19158 19130 19274
f 19130 19197 19274
f 396 411 19090
f 19164 19165 19237
f 19199 19200 19202
f 19202 19170 19205
f 19239 19173 19166
f 19241 19174 19242
f 19242 19174 19206
f 18949 320 19243
f 19138 436 19025
f 19139 18952 19025
f 19030 19207 19244
f 19140 18823 19244
f 18823 374 19463
f 19299 18990 19208
f 19209 19208 394
f 19104 19178 367
f 19032 18959 380
f 435 19145 19070
f 19145 19179 342
f 19146 19180 19108
f 19071 19214 19251
f 392 19254 19183
f 18964 366 18869
f 366 19184 18869
f 366 391 19257
f 19313 19217 19259
f 19258 391 19218
f 308 19112 19039
f 19114 434 19002
f 19186 19041 19403
f 19041 18549 19403
f 19263 19115 19078
f 18873 19079 19361
f 18874 19046 19264
f 19264 19046 365
f 18968 427 19117
f 19223 19006 18969
f 442 19189 18969
f 19224 18927 351
f 362 347 19266
f 19121 18972 360
f 18798 19227 18845
f 407 19012 370
f 19368 19050 340
f 19124 19125 19230
f 19015 19016 19123
f 19016 346 19192
f 19052 19082 19051
f 19082 18976 19126
f 18976 19053 19126
f 19270 397 19157
f 19086 19195 19271
f 19195 18885 19272
f 18885 18886 19272
f 19129 19056 19328
f 19328 19056 19196
f 19196 386 19087
f 19273 19158 19274
f 19130 19159 19197
f 19131 18889 19275
f 19134 383 335
f 383 19059 335
f 19059 19060 335
f 335 19060 396
f 396 19090 19235
f 19282 19061 19135
f 19283 19137 369
f 19137 19136 369
f 19199 19202 19205
f 19171 19172 19238
f 19239 19166 368
f 19290 19136 19288
f 19288 19293 19290
f 19337 19292 19287
f 19294 19062 19295
f 19025 358 19138
f 19025 18952 19297
f 19463 374 19246
f 395 18861 19298
f 19395 18990 19299
f 367 19178 19300
f 19178 18903 19031
f 381 345 344
f 19145 19303 19070
f 19145 342 19303
f 19108 19109 19146
f 19146 19109 19304
f 19304 19109 19306
f 19109 19183 19307
f 366 19255 19184
f 19218 19147 19261
f 19262 19148 19110
f 19111 19038 19219
f 19314 308 19039
f 354 18794 19220
f 19220 18913 19149
f 19078 18914 19359
f 18967 18873 19361
f 19044 19045 19079
f 19045 18874 19264
f 365 19150 19317
f 371 402 372
f 372 402 19364
f 402 18968 19319
f 18968 19117 19319
f 19319 19117 352
f 19117 19223 352
f 19117 19006 19223
f 360 416 19121
f 361 18877 360
f 18877 18932 360
f 18845 19227 19366
f 19122 19014 19368
f 340 19050 339
f 19016 19192 337
f 346 19016 19051
f 19126 19154 19326
f 19326 19154 19269
f 19022 19086 19271
f 18886 387 19272
f 19159 18981 19329
f 18981 19131 19329
f 18940 19161 19133
f 335 396 19235
f 19163 19061 19279
f 19164 19284 19333
f 19332 19285 19334
f 19335 19198 19336
f 19198 19236 19336
f 19236 19199 19336
f 19205 19171 19286
f 19296 355 19340
f 18949 19243 356
f 18952 19030 19297
f 19030 19244 19297
f 19208 19209 19343
f 19249 19178 19031
f 19142 19105 19302
f 19211 336 19105
f 19540 336 19211
f 381 344 334
f 19397 19345 343
f 19143 19033 19144
f 19179 19106 19305
f 19306 19109 19349
f 19350 19252 19308
f 19308 19253 19352
f 19351 19183 19254
f 19309 19254 392
f 392 18869 19184
f 19311 19256 19355
f 19355 19256 19312
f 19260 19262 19259
f 19262 19110 19000
f 19038 19076 19356
f 19076 19112 19356
f 19314 19039 19185
f 19185 19113 354
f 19220 19149 19357
f 19315 19114 19002
f 19358 19002 19186
f 19360 19361 19362
f 19079 19045 19264
f 19150 363 19317
f 363 353 19317
f 19363 364 19188
f 19188 19005 19318
f 19364 402 19319
f 18969 19189 19265
f 333 341 332
f 351 18928 19007
f 19120 19151 331
f 18932 18845 19366
f 19153 407 19229
f 407 370 19367
f 19367 370 19122
f 19123 19016 337
f 330 19324 337
f 330 337 19192
f 19126 19325 19082
f 19193 400 19270
f 19157 359 19194
f 19272 387 19328
f 387 19129 19328
f 19196 19087 19416
f 19087 19273 19416
f 19197 19159 19374
f 19329 19131 19275
f 19275 19160 19330
f 19160 19132 19330
f 19133 19161 19331
f 383 19417 19161
f 19090 19163 19375
f 19135 19137 19282
f 369 19164 19333
f 19199 19205 19336
f 19377 19239 19379
f 19381 19379 19383
f 19379 19239 19383
f 19239 368 19383
f 19383 368 19240
f 19385 19240 368
f 368 19136 19290
f 19339 19288 19389
f 19288 19136 19389
f 19136 19062 19389
f 19389 19062 19294
f 19062 19174 19295
f 19174 19241 19295
f 19241 19341 19295
f 19244 18823 19463
f 18861 404 19464
f 19247 19209 19210
f 19142 19302 19031
f 19302 19105 336
f 357 393 19396
f 393 381 19396
f 19396 381 334
f 343 334 344
f 19346 19345 19397
f 19397 343 344
f 380 18959 19143
f 19398 342 19348
f 19348 342 19179
f 19179 19350 19308
f 19308 19352 19400
f 19351 19254 19399
f 19310 19215 19353
f 19353 19215 19184
f 19355 19312 19313
f 19262 19000 19259
f 19000 19111 19259
f 19314 19185 19402
f 19405 19263 19078
f 19316 19222 19406
f 19221 18967 19360
f 18967 19361 19360
f 19361 19079 19264
f 19264 365 19317
f 353 363 325
f 364 19363 19514
f 18969 19265 19223
f 19189 18921 18927
f 18843 362 19007
f 19007 362 19321
f 19151 19080 19365
f 360 18932 19366
f 19227 19494 19366
f 19081 375 19495
f 19228 375 301
f 301 375 18973
f 301 18973 19153
f 19408 19409 319
f 19122 19368 19367
f 19050 19124 339
f 19124 19230 339
f 19123 337 19324
f 19370 19192 19411
f 19325 19051 19082
f 19326 19269 19373
f 19269 19327 19373
f 19372 19233 19412
f 19194 359 19022
f 19271 19413 329
f 19413 19271 19414
f 19414 19271 19195
f 19415 19328 19196
f 19159 19329 19374
f 19275 19330 312
f 19132 19234 19330
f 19234 19133 19331
f 19417 19134 335
f 19455 19235 19418
f 19235 19090 19418
f 19418 19090 19375
f 19282 19137 19283
f 19283 369 19457
f 19420 369 19376
f 369 19333 19376
f 19332 19334 19422
f 19422 19334 19336
f 19171 19378 19380
f 368 19290 19427
f 19292 19337 19430
f 19337 19388 19430
f 19389 19294 19431
f 19294 19295 19393
f 19391 19340 19392
f 19340 355 19392
f 355 356 19292
f 356 19243 19292
f 19432 19246 395
f 19298 18861 19464
f 19395 19299 19343
f 19530 19300 19249
f 19300 19178 19249
f 19249 19301 328
f 19249 19031 19301
f 345 380 19143
f 19469 19070 19303
f 19308 19400 19438
f 19438 19400 19401
f 19309 392 19184
f 19353 19184 19441
f 19184 19354 19441
f 19355 19313 19111
f 19313 19259 19111
f 19219 19038 19356
f 19356 19112 308
f 19487 327 326
f 354 19220 19357
f 19488 19002 19358
f 19358 19186 19446
f 19404 19263 19405
f 19405 19078 19359
f 19359 19222 19316
f 19362 19361 19448
f 325 363 19514
f 19318 19005 371
f 19189 18927 323
f 341 19224 332
f 351 19007 19266
f 19007 19321 19266
f 347 348 19224
f 347 19580 348
f 376 19119 19010
f 19546 19190 19120
f 331 19151 19365
f 19495 19227 19081
f 19228 19495 375
f 19408 319 19153
f 19411 19192 346
f 346 19051 19325
f 19126 19326 19325
f 19326 19373 19453
f 19412 388 19193
f 19022 19271 19194
f 19414 19195 19272
f 19273 19274 19454
f 19163 19279 19375
f 19420 19376 19459
f 19421 19332 19422
f 19380 19382 19460
f 19383 19240 19461
f 368 19427 19385
f 19290 19387 19427
f 19386 19429 19426
f 19386 19289 19429
f 19292 19430 19392
f 19430 19390 19392
f 19392 355 19292
f 19243 19394 19292
f 19462 19297 19463
f 19297 19244 19463
f 367 19300 19210
f 343 19345 19466
f 344 345 19397
f 345 19143 19397
f 19436 19070 19468
f 19303 342 19470
f 19254 19309 19437
f 19471 19309 19473
f 19309 19184 19473
f 19184 19215 19473
f 19476 19440 19478
f 19310 19353 19477
f 19477 19353 19479
f 19479 19353 19481
f 19353 19441 19484
f 19355 19111 19442
f 19111 19443 19486
f 19185 327 19487
f 327 19185 326
f 19149 19114 19315
f 19315 19002 19488
f 19359 19316 19490
f 19222 19221 19406
f 19361 19264 19448
f 19264 19317 19448
f 19448 19317 19449
f 19514 363 364
f 352 19223 19491
f 322 324 19492
f 19492 324 323
f 323 18927 341
f 351 19266 19224
f 19266 347 19224
f 19580 347 19451
f 347 376 19451
f 19010 19190 19451
f 19120 331 19547
f 19547 331 19600
f 19229 407 19367
f 19230 19410 339
f 19125 19123 19230
f 19123 19324 19230
f 19270 19157 313
f 19271 329 19194
f 19272 19328 19497
f 19455 19418 19556
f 19556 19418 318
f 19279 19456 19557
f 19061 19282 19279
f 19458 369 19420
f 19499 19419 19422
f 19205 19423 19500
f 19205 19286 19423
f 19286 19171 19380
f 19380 19460 19502
f 19460 19424 19502
f 19424 19384 19502
f 19384 19425 19502
f 19502 19429 19289
f 320 18949 19138
f 19434 19395 19343
f 19343 19209 19648
f 19209 19247 19503
f 19210 19300 19530
f 19530 19249 328
f 19031 19302 19301
f 294 19540 19211
f 19211 357 19465
f 19465 357 19396
f 19505 19346 19397
f 19468 19070 19469
f 19348 19179 19438
f 19179 19308 19438
f 19439 19472 19438
f 19438 19472 19348
f 19472 19474 19348
f 19348 19474 19507
f 19473 19215 19506
f 19506 19215 19508
f 19215 19310 19508
f 19310 19475 19508
f 19476 19478 19482
f 19478 19480 19482
f 19482 19483 19510
f 19353 19484 19511
f 19442 19111 19485
f 19443 19111 19650
f 19111 19219 19650
f 19314 19445 308
f 19263 19403 19115
f 19405 19359 19490
f 19316 19447 19490
f 19360 19362 303
f 19449 19317 19513
f 19513 19317 353
f 353 325 19513
f 19514 19363 280
f 19491 19223 19265
f 19265 19189 324
f 19189 323 324
f 341 333 323
f 323 333 19577
f 19577 19579 19515
f 19579 19577 333
f 19450 348 19580
f 376 19010 19451
f 19120 19547 19546
f 19080 416 19365
f 19365 416 360
f 19493 19366 19494
f 19494 19227 19495
f 19517 301 19153
f 19153 19229 19408
f 19229 19367 321
f 321 19367 19368
f 339 19410 19550
f 19324 19410 19230
f 19192 19370 19371
f 315 346 19325
f 19325 19326 19525
f 19274 19197 19454
f 19374 19329 19554
f 19329 19275 312
f 19331 19161 19526
f 335 19235 19455
f 19418 19375 305
f 19458 19420 19527
f 19623 19422 19336
f 19380 19502 19286
f 19286 19502 19289
f 19243 320 317
f 317 320 311
f 358 19025 19462
f 19025 19297 19462
f 19464 404 19433
f 19433 18990 19395
f 19503 19247 295
f 19247 19210 19530
f 328 19534 19535
f 19534 19531 19535
f 19629 19531 19534
f 19537 19531 19629
f 294 19211 19465
f 334 19435 19396
f 334 343 19435
f 19345 19346 19504
f 19470 342 19398
f 19542 19572 19398
f 19507 19509 19348
f 19509 19476 19348
f 19476 19482 19486
f 19482 19510 19486
f 19510 19485 19486
f 19485 19111 19486
f 19512 19443 19650
f 19185 19487 19402
f 19185 354 326
f 326 354 19544
f 19149 19315 19357
f 19488 19358 19489
f 19489 19358 19446
f 19316 19406 19447
f 19360 303 19406
f 19363 19188 19575
f 19318 371 372
f 324 322 19545
f 19224 348 19516
f 19516 348 19450
f 19451 19190 19546
f 360 19366 316
f 319 19409 19518
f 291 19368 340
f 291 340 19520
f 19521 19520 340
f 330 19192 19371
f 290 19371 19370
f 19411 346 315
f 19452 19412 19524
f 19412 19193 19524
f 19414 19272 19497
f 19415 19196 19552
f 19552 19196 19416
f 19416 19273 19454
f 19197 19374 19553
f 19329 312 19554
f 19330 19234 19526
f 19234 19331 19526
f 19555 19417 335
f 19279 19282 19456
f 19456 19282 19283
f 19283 19457 19558
f 19560 19559 19562
f 19457 369 19566
f 19566 369 19458
f 19336 19205 19623
f 19286 19289 19292
f 311 320 19138
f 19463 19246 19432
f 19432 395 19298
f 19434 19343 19648
f 295 19247 304
f 304 19247 19530
f 19531 19538 19535
f 19302 336 19301
f 19301 336 19540
f 343 19466 19435
f 19505 19504 19467
f 19467 19346 19505
f 19505 19397 19571
f 19143 19144 19397
f 19144 19070 19436
f 19469 19303 19541
f 19470 19398 19572
f 19512 19650 292
f 19219 19356 19650
f 308 19574 266
f 19445 19402 19487
f 354 19357 19544
f 19446 19186 19403
f 19446 19403 19263
f 19406 19221 19360
f 19362 19448 303
f 19631 19449 19513
f 255 372 19364
f 323 19577 19492
f 19365 360 316
f 278 19229 321
f 340 339 19521
f 315 19325 19585
f 19584 19523 19524
f 19193 19270 19586
f 313 19157 19662
f 19157 19194 329
f 329 19413 19551
f 19413 19414 19551
f 19497 19328 19415
f 19552 19416 19588
f 19197 19553 19454
f 19374 19554 19589
f 19554 312 19330
f 19526 19161 19417
f 335 19455 19555
f 19375 19279 19557
f 19283 19558 298
f 19592 19558 19561
f 19560 19562 19563
f 19564 19457 19566
f 19565 19498 19499
f 19528 296 19500
f 296 19528 19423
f 317 285 310
f 19594 358 19462
f 19463 19432 19568
f 19432 19298 19628
f 19464 19433 19395
f 19209 19503 19648
f 19530 328 304
f 19538 284 19535
f 19534 328 19301
f 294 293 274
f 293 294 19396
f 19396 19435 19595
f 19466 19345 19570
f 19345 19504 19570
f 19436 19469 19541
f 19398 19573 19542
f 19443 19512 19486
f 19356 308 266
f 302 281 325
f 19632 19318 372
f 19364 19319 19576
f 19319 352 19576
f 352 19491 19654
f 19686 324 19545
f 19578 19579 333
f 19493 19494 19601
f 19517 19153 19548
f 19153 319 19548
f 19602 19548 265
f 19548 319 265
f 265 319 19518
f 19408 19229 300
f 278 321 19549
f 339 19550 19522
f 19370 19411 290
f 19411 307 290
f 307 275 290
f 275 307 19581
f 307 19411 19582
f 19582 19411 315
f 19583 19584 19611
f 19611 19584 19524
f 19524 19193 19613
f 19193 19586 19613
f 19270 313 19586
f 19586 313 19587
f 19157 329 19662
f 19551 19414 19497
f 19416 19454 19615
f 19553 19374 19589
f 19590 19455 19556
f 318 19418 271
f 19557 19456 19617
f 19456 19283 19618
f 19618 19283 19619
f 19283 298 19619
f 298 297 19641
f 19624 298 19592
f 298 19558 19592
f 19565 19499 19563
f 19422 19623 19499
f 19205 19500 296
f 19243 317 19394
f 19394 317 310
f 311 19138 358
f 19462 19463 19594
f 19301 19540 19534
f 19465 19396 294
f 19397 19436 19541
f 19573 19398 19348
f 19348 19476 19486
f 19487 326 282
f 326 19544 19651
f 19544 19357 19488
f 19357 19315 19488
f 19404 19446 19263
f 19447 19597 19490
f 19448 19449 303
f 325 281 19685
f 281 302 19653
f 19514 280 325
f 19491 19265 324
f 19578 333 332
f 332 19224 19516
f 331 19365 19600
f 19365 316 19600
f 279 19601 19494
f 321 19604 19549
f 19603 321 19368
f 19521 339 19522
f 330 19371 19610
f 19634 19581 19635
f 307 306 19581
f 19582 315 19612
f 313 19662 19587
f 19454 19553 19664
f 19554 19330 251
f 19330 19526 251
f 19526 19417 19639
f 19555 19455 19590
f 19617 19456 19618
f 297 19621 263
f 297 298 19644
f 19624 19625 298
f 19625 19624 19674
f 19591 19560 19623
f 19563 19499 19623
f 19623 19205 287
f 287 19627 19646
f 19205 296 287
f 19627 296 245
f 244 19286 19292
f 309 311 19594
f 311 358 19594
f 19463 19568 19594
f 19568 19432 19628
f 19648 19503 295
f 304 328 259
f 259 328 19535
f 19538 19537 19629
f 19504 19505 19570
f 19144 19436 19397
f 19573 19348 19512
f 19348 19486 19512
f 19356 266 19650
f 308 19445 19487
f 257 19651 19544
f 257 19544 19488
f 19404 19405 19490
f 19597 19447 19652
f 19363 19575 19817
f 352 19654 19576
f 322 19492 19655
f 19655 19492 19599
f 19515 19579 19656
f 273 19761 19517
f 273 19517 19633
f 19517 19548 19633
f 19548 19602 19658
f 19408 300 278
f 19368 291 19603
f 277 19410 19324
f 19324 330 19610
f 19636 306 19659
f 306 307 19659
f 19659 307 19582
f 19637 19611 19660
f 19611 19524 19660
f 19524 19613 19660
f 329 19551 19662
f 19551 19614 19662
f 19662 19614 19719
f 19551 19497 19614
f 19614 19497 19415
f 19638 19552 19588
f 19553 19589 19665
f 19616 19526 19639
f 19555 19590 250
f 19556 318 19590
f 19640 318 271
f 271 19418 305
f 264 305 19825
f 305 19375 19617
f 19375 19557 19617
f 19641 297 263
f 19621 297 19670
f 19669 19622 19643
f 298 19625 19672
f 19671 19645 262
f 19560 19563 19623
f 287 296 19627
f 19423 19286 244
f 244 19292 19394
f 310 285 244
f 19628 19298 19464
f 19464 19395 19434
f 270 268 19648
f 267 19780 284
f 284 19538 19629
f 293 19396 19595
f 19466 283 19435
f 19808 283 19676
f 19466 19570 283
f 19397 19541 19707
f 19541 19303 19707
f 19707 19303 19470
f 19681 19572 19542
f 292 19630 19512
f 282 19574 308
f 282 326 19651
f 19488 19489 19683
f 303 19449 19631
f 19813 19631 19513
f 325 19685 19513
f 302 325 280
f 302 280 19598
f 332 19516 19578
f 19687 19450 19580
f 19687 19580 19688
f 19580 19451 19688
f 19451 19546 19688
f 19546 19547 19657
f 19493 19601 254
f 19494 19495 279
f 19495 19228 279
f 19228 301 19517
f 252 278 19549
f 19520 19521 291
f 276 19690 19691
f 276 277 19324
f 19610 19371 290
f 19635 19581 306
f 19659 19582 19661
f 19614 19415 19663
f 19663 19415 19638
f 19415 19552 19638
f 19416 19615 19588
f 19615 19454 19664
f 19664 19553 19665
f 251 19526 19616
f 19417 19555 19639
f 250 19590 19693
f 19590 318 19693
f 318 19640 19693
f 19619 298 19666
f 19666 298 19641
f 19641 263 19694
f 19668 19620 19669
f 19644 298 19672
f 19671 262 19673
f 19646 262 19623
f 249 285 317
f 249 317 309
f 19628 19464 19700
f 19434 19648 268
f 246 19780 267
f 284 19629 19727
f 19727 19629 258
f 19675 258 19534
f 258 19629 19534
f 19534 19540 19675
f 19540 294 19675
f 19435 283 19808
f 19704 19676 283
f 19570 19677 19705
f 19505 19679 19570
f 19571 19397 19680
f 19649 19542 19573
f 19682 19630 292
f 308 19487 282
f 257 256 242
f 19709 256 257
f 257 19488 19683
f 19446 19404 19489
f 19489 19404 19684
f 19447 19406 19652
f 19406 303 19652
f 19813 19513 19685
f 19685 281 19710
f 19188 19318 19575
f 19575 19318 19632
f 19654 19491 19686
f 19491 324 19686
f 19492 19577 19599
f 19577 19515 19656
f 19516 19450 19578
f 19547 19600 19689
f 279 19228 19517
f 19633 19548 19658
f 19602 265 19713
f 19518 19409 278
f 19409 19408 278
f 19743 19842 253
f 19842 252 253
f 253 252 19549
f 253 19549 19603
f 19521 19522 19714
f 19714 19522 19550
f 19324 19610 276
f 19801 19610 290
f 275 19581 19634
f 19636 19659 19717
f 19692 19660 19613
f 19587 19662 19719
f 19589 19554 19720
f 19720 19554 251
f 19616 19639 225
f 19555 250 19639
f 19617 19618 238
f 263 19697 19696
f 19722 19668 19669
f 19671 19673 19643
f 19643 19673 19723
f 19623 287 19646
f 19646 19627 19698
f 19724 245 296
f 296 19423 244
f 285 19805 244
f 249 19699 248
f 249 309 19699
f 19464 19434 19701
f 19434 268 19701
f 270 19648 19703
f 19703 19648 295
f 19748 295 304
f 294 274 19675
f 274 293 19595
f 19595 19435 19808
f 283 19570 19705
f 19677 19678 19728
f 19677 19570 19678
f 19505 19571 19679
f 19680 19397 19707
f 19680 19707 19730
f 19707 19470 19572
f 243 19630 19731
f 19733 282 242
f 242 282 19651
f 19684 19735 19736
f 19404 19490 19597
f 19598 280 239
f 19738 19575 19632
f 19632 372 255
f 19656 19579 19739
f 19450 19687 19578
f 19688 19546 19657
f 19657 19547 19689
f 19493 254 19689
f 19818 279 19517
f 19713 265 19742
f 19518 278 252
f 19603 291 253
f 291 19521 19714
f 277 276 19715
f 276 19801 19690
f 19610 19801 276
f 19659 19718 19717
f 19716 19613 19586
f 19719 19614 19744
f 19744 19614 19663
f 19665 19589 19720
f 19639 19745 225
f 19825 305 19617
f 19666 19641 19696
f 19641 19667 19696
f 19667 19694 19696
f 19694 263 19696
f 19722 19669 19723
f 19669 19643 19723
f 19698 19627 235
f 19724 296 244
f 19394 310 244
f 19699 309 19594
f 19568 19628 19699
f 19464 19701 19700
f 19702 19701 19725
f 247 268 19726
f 270 19703 19726
f 19780 19535 284
f 283 19705 19704
f 19677 19728 19750
f 19679 19571 19753
f 19680 19730 19756
f 19681 19542 19649
f 19649 19573 243
f 19512 19630 19573
f 19573 19630 243
f 243 19682 292
f 282 19733 19574
f 19757 19733 19734
f 19734 19733 19758
f 19758 19733 242
f 19683 19489 19684
f 19684 19404 19597
f 19710 281 19653
f 19653 241 240
f 280 19363 239
f 19760 322 19655
f 19599 19577 232
f 19739 19579 19711
f 19761 273 19740
f 19740 273 19836
f 19712 273 19633
f 19820 19658 19762
f 19762 19658 19763
f 19658 19602 19763
f 19763 19602 19741
f 19602 19713 19765
f 19714 19550 19715
f 277 19715 19410
f 19691 19690 19767
f 19801 290 275
f 19635 306 19636
f 19636 19717 19771
f 19716 19586 19770
f 19586 19587 19772
f 19638 19588 19774
f 19615 19664 19803
f 19639 250 19745
f 19640 271 19777
f 271 305 264
f 19618 19619 19666
f 263 19721 19697
f 259 19535 19780
f 19782 246 237
f 19727 258 19749
f 19749 258 219
f 19675 274 215
f 215 274 236
f 274 19595 236
f 19704 19705 19783
f 19677 19750 19783
f 19750 19678 19570
f 19707 19572 19756
f 19649 243 19784
f 19784 243 19785
f 19731 19682 243
f 243 292 19809
f 292 19650 19809
f 19809 19650 19786
f 19786 19650 266
f 19733 19757 19811
f 19788 19684 19597
f 241 19653 302
f 19575 19738 19817
f 255 19364 19576
f 19577 19656 232
f 19711 19579 19578
f 19600 316 19689
f 254 279 19818
f 19818 19517 19761
f 19792 19658 19820
f 19762 19763 19794
f 19602 19764 19741
f 265 19518 252
f 19798 19797 252
f 19550 19410 19715
f 19767 19690 19801
f 19635 19636 19768
f 19769 19770 19772
f 19770 19586 19772
f 19772 19587 19773
f 19773 19587 19719
f 19720 251 19776
f 19776 251 19616
f 19666 238 19618
f 19666 19696 224
f 19696 19697 19778
f 19723 19673 19646
f 19698 235 19826
f 19882 248 19699
f 19594 19568 19699
f 19747 247 19726
f 19780 246 19781
f 19806 246 267
f 236 19595 19808
f 19676 19704 19783
f 19923 19753 19571
f 19571 19680 19923
f 19756 19572 19681
f 19784 19785 234
f 19733 19811 19574
f 242 19832 19758
f 233 19709 19858
f 19858 19709 257
f 19683 19684 19787
f 19788 19597 19812
f 19652 303 19813
f 303 19631 19813
f 240 19789 19859
f 19598 239 19814
f 239 19363 19815
f 19576 19654 19759
f 19791 19655 19599
f 190 19711 19578
f 19688 19657 19835
f 316 19493 19689
f 19601 279 254
f 19633 19658 19792
f 19762 19793 19837
f 19793 19763 19837
f 19837 19763 19741
f 19764 19766 19741
f 19766 19742 19741
f 19742 265 19741
f 19741 265 252
f 253 291 19869
f 291 19799 19869
f 291 19714 19870
f 19715 276 19691
f 275 19634 19821
f 19768 19636 19823
f 19636 19802 19823
f 19773 19719 201
f 19588 19615 19803
f 19803 19664 19775
f 19664 19665 19775
f 19665 19720 19824
f 19776 19616 225
f 218 19640 19777
f 19825 19617 238
f 19804 19746 19722
f 19779 19723 19646
f 19724 244 19805
f 19699 19628 19700
f 19701 19702 19700
f 19726 229 19747
f 220 19726 19703
f 19703 295 19748
f 246 19782 19781
f 237 246 19806
f 19727 19807 284
f 19829 19808 19676
f 19786 266 19810
f 266 19574 19810
f 19757 19758 19832
f 19684 19736 19787
f 19735 19684 19788
f 19597 19652 19834
f 19653 240 19859
f 19817 19815 19363
f 19860 19632 255
f 19545 322 19760
f 19688 19835 19687
f 273 19712 19836
f 19820 19762 19837
f 19797 19795 252
f 19795 19797 19838
f 19797 19798 19839
f 19841 252 19842
f 19743 253 19869
f 19799 19800 19869
f 226 19869 19800
f 19634 19635 19821
f 19768 19823 19848
f 19822 19772 19847
f 19847 19772 19850
f 19850 19772 19851
f 19772 19773 19851
f 200 19744 19663
f 19663 19638 19774
f 19588 19803 19950
f 19824 19720 19776
f 19693 19640 218
f 19777 271 19825
f 271 264 19825
f 19804 19722 19723
f 199 19698 19826
f 285 249 19805
f 19725 19701 268
f 223 221 229
f 221 217 229
f 216 19748 304
f 219 258 19827
f 19921 19827 19888
f 19827 258 19675
f 215 236 19828
f 19808 19829 236
f 19783 19750 19676
f 19856 19679 19830
f 19830 19753 19923
f 19680 19756 19681
f 19681 19649 19784
f 234 19831 19784
f 19785 243 19809
f 19574 19811 19810
f 19858 257 19683
f 19683 19787 19833
f 19735 19788 19736
f 19812 19597 19834
f 19652 19813 19834
f 19598 19790 302
f 255 19576 19759
f 19759 19654 19686
f 19545 19760 19686
f 19599 232 19861
f 190 19578 19687
f 19687 19835 19864
f 162 19818 19761
f 19798 252 19868
f 252 19841 19867
f 19865 19843 19839
f 19743 19839 19842
f 19799 291 19870
f 19714 19715 19870
f 19870 19715 211
f 19715 19691 196
f 196 19691 19767
f 19846 19801 19821
f 19821 19801 275
f 19821 19635 19768
f 19768 19848 19849
f 19719 19744 201
f 19874 19744 200
f 19775 19665 19875
f 19665 19824 19875
f 250 19693 218
f 238 19666 224
f 19696 19778 19876
f 19778 19853 19876
f 19876 19853 19877
f 19852 19804 19723
f 19627 245 235
f 19878 19805 19879
f 19880 19805 249
f 19883 247 19884
f 19884 247 19747
f 229 19726 220
f 220 223 229
f 19886 217 19887
f 217 221 19887
f 19703 19748 198
f 19748 216 198
f 216 304 259
f 284 19807 267
f 19827 19675 215
f 19935 19750 19570
f 19810 19811 19924
f 19757 19832 19811
f 19834 19813 19685
f 19685 19710 19890
f 241 302 19790
f 239 19815 19894
f 19655 19791 19760
f 19599 19861 19791
f 19739 19711 19862
f 19862 19711 190
f 19687 19864 19863
f 19864 19835 19989
f 19792 19820 19819
f 19798 19865 19839
f 19869 226 213
f 19767 19801 19872
f 19872 19801 19873
f 19801 19846 19873
f 19849 205 204
f 205 203 204
f 208 209 19897
f 203 205 19900
f 19899 19851 19773
f 201 19744 19874
f 19663 19774 200
f 19774 19588 19950
f 19902 19904 19777
f 19723 19912 19911
f 199 19779 19646
f 19646 19698 199
f 19854 19826 235
f 235 245 173
f 158 173 245
f 19724 19805 19878
f 19880 249 19957
f 19725 19917 19702
f 268 247 19725
f 19855 217 19886
f 221 220 198
f 19780 19781 259
f 215 19888 19827
f 215 214 19888
f 19828 236 19829
f 19680 19681 19923
f 234 19857 19831
f 19809 19786 19785
f 19683 19833 19858
f 19834 19685 19890
f 19789 240 19939
f 19790 19598 19814
f 19815 19817 19927
f 19738 19632 19860
f 19759 19686 19760
f 19943 19929 19862
f 19929 19656 19739
f 19689 254 230
f 254 19818 230
f 189 19712 19633
f 19837 19741 19972
f 19741 252 19795
f 213 226 19845
f 19799 19870 19800
f 19870 211 212
f 211 19715 196
f 196 19767 19872
f 183 19896 19821
f 19896 19846 19821
f 19768 19849 204
f 204 203 202
f 206 19899 209
f 19899 19773 209
f 19775 19875 19952
f 19875 19824 19901
f 19824 19776 19931
f 19745 250 218
f 218 19777 19904
f 19777 19825 19910
f 19879 19805 181
f 181 19805 19881
f 19805 19880 19881
f 249 248 19957
f 19957 248 19882
f 19700 19702 19882
f 19702 19917 19882
f 19920 217 19855
f 19887 221 198
f 220 19703 198
f 19806 267 19959
f 214 215 195
f 195 215 19828
f 19829 19676 19935
f 19676 19750 19935
f 19935 19570 19856
f 19570 19679 19856
f 19830 19923 19856
f 19936 19937 19923
f 19681 19784 19923
f 19786 19810 19785
f 19785 19810 19889
f 19811 19832 19924
f 19832 242 19709
f 242 256 19709
f 19788 19812 19834
f 19710 19653 19890
f 19653 19859 19890
f 19859 194 19890
f 240 241 19939
f 241 19790 19891
f 19927 19817 19968
f 19817 19738 19968
f 19860 255 19759
f 192 19791 19861
f 232 19656 19929
f 19944 190 19863
f 190 19687 19863
f 19945 19863 19864
f 189 19633 19792
f 19819 19837 19792
f 19837 19972 19792
f 19972 19741 188
f 19741 19795 188
f 19839 19743 19869
f 213 187 184
f 186 184 187
f 196 19872 20022
f 19873 19846 19930
f 19846 19896 19930
f 19930 19896 183
f 20023 183 179
f 19897 209 19773
f 175 201 19874
f 200 19774 19950
f 19950 19803 19951
f 19803 19775 19952
f 19931 19776 225
f 225 19745 19953
f 174 218 19904
f 19980 19904 19932
f 20074 19904 19902
f 19902 19777 19910
f 224 19696 19913
f 19696 19876 19913
f 19933 19779 199
f 19879 181 158
f 19881 19880 19957
f 19699 19700 19882
f 19725 247 19883
f 229 217 19885
f 216 259 19958
f 19958 259 19781
f 19959 19807 19960
f 19727 19749 19960
f 19934 19827 19961
f 19922 19935 19856
f 19923 19784 19936
f 19938 19831 19857
f 19889 19810 19964
f 19810 19924 19964
f 19924 19832 19965
f 19966 19787 19736
f 19788 19834 19925
f 19925 19834 19967
f 19834 19890 19967
f 19859 19789 19987
f 19814 19940 19926
f 19941 19926 19940
f 19894 19815 19968
f 163 19860 19759
f 193 192 19969
f 180 19861 232
f 19929 19739 19862
f 19862 197 19943
f 19835 19657 20120
f 19657 19689 20120
f 20120 19689 230
f 19761 19740 19836
f 189 19792 154
f 19795 19796 19946
f 19796 19839 19946
f 19839 19869 19946
f 19869 213 184
f 211 196 212
f 19821 19768 183
f 19768 204 183
f 160 202 177
f 177 202 19898
f 19897 19773 19948
f 19948 19773 201
f 19951 19803 19952
f 19875 20028 19952
f 20028 19875 19901
f 19824 19931 19901
f 19931 225 19953
f 19953 19745 218
f 238 224 19825
f 224 19913 19981
f 19912 19723 19779
f 19854 173 20114
f 19724 19879 158
f 19957 19882 19917
f 217 157 19885
f 19959 267 19807
f 19960 171 19959
f 19807 19727 19960
f 19961 19827 19921
f 19985 19828 19963
f 20043 19828 19829
f 19856 19923 19937
f 19936 19784 19831
f 19831 19938 19986
f 131 19964 20046
f 19965 19832 19709
f 233 19858 19833
f 19736 19788 19925
f 19967 19890 194
f 19859 19987 194
f 19790 19814 19891
f 19814 19941 19891
f 19814 19926 19941
f 19940 19814 19942
f 19942 19814 239
f 163 20009 19860
f 19791 193 19928
f 19791 192 193
f 180 232 19929
f 19862 190 197
f 19945 19864 19988
f 20120 230 162
f 162 230 19818
f 19990 19761 19836
f 19836 19712 19991
f 19991 19712 189
f 19972 188 19973
f 188 19795 19946
f 184 185 19994
f 185 186 19976
f 19996 19976 187
f 19870 212 20150
f 19930 183 20023
f 204 202 160
f 178 19897 169
f 175 19874 176
f 176 19874 19949
f 19950 19951 20071
f 19932 19904 19954
f 19904 20074 19954
f 19954 20074 19997
f 19910 19825 224
f 19912 19779 19982
f 19955 19779 19933
f 173 19854 235
f 245 19724 158
f 19747 229 19884
f 19782 19806 19959
f 171 19960 172
f 19960 19749 20039
f 219 19827 19749
f 19999 214 195
f 19985 19963 20002
f 19963 19828 20043
f 20043 19829 164
f 19935 164 19829
f 234 19785 20006
f 20046 19964 20007
f 20007 19964 19924
f 19924 19965 20007
f 19965 19709 233
f 19833 19787 19966
f 19966 19736 19925
f 19967 194 20008
f 19789 19939 19987
f 19968 19738 125
f 19860 20009 125
f 163 19760 19791
f 20010 19791 19928
f 20011 19928 193
f 20051 193 20015
f 193 19969 20015
f 19861 180 20017
f 19944 19863 19945
f 20019 19992 189
f 19992 19991 189
f 154 19993 189
f 19972 19973 19974
f 20062 19974 19973
f 19946 19869 184
f 19976 19995 185
f 19996 187 19977
f 19977 187 213
f 213 19845 153
f 19870 20150 19800
f 20150 212 196
f 160 177 170
f 169 19897 19948
f 201 175 19948
f 19874 200 20026
f 200 19950 20026
f 20071 19951 166
f 19951 19952 20027
f 20027 19952 20028
f 218 174 19979
f 19910 224 19902
f 224 182 19902
f 182 224 19981
f 19981 19913 20032
f 19913 19983 20032
f 20032 19983 20034
f 19982 19779 19955
f 19933 199 149
f 20191 181 19881
f 19984 19881 19957
f 19725 19883 19917
f 19884 229 19998
f 19958 19781 19782
f 19749 19827 19934
f 19934 19961 20040
f 19888 214 19999
f 195 19828 20000
f 20000 19985 20042
f 19985 20002 20042
f 20002 19963 20005
f 19936 19831 19937
f 19857 234 20045
f 234 20006 20045
f 20006 19785 19889
f 19889 19964 131
f 155 20008 194
f 19942 239 19894
f 19738 19860 125
f 19759 19760 163
f 19791 20010 163
f 193 20049 20048
f 20014 20016 20058
f 20056 20015 20059
f 19969 192 19970
f 192 19861 19970
f 19970 19861 191
f 20018 190 19944
f 20120 162 161
f 19761 19990 162
f 20062 19973 20063
f 20021 19973 19946
f 19845 20122 153
f 196 150 20150
f 151 150 196
f 160 170 20066
f 169 20024 20065
f 20067 20024 20069
f 20024 169 20069
f 169 167 20069
f 20069 167 20070
f 168 169 19948
f 20026 19950 20071
f 20028 19901 20072
f 19901 19931 159
f 174 19904 19980
f 19954 20030 19932
f 20032 20034 20036
f 20033 19982 20035
f 199 19826 19854
f 20075 19854 20114
f 181 20191 158
f 20037 19998 20077
f 157 19920 20078
f 20078 19920 19855
f 19855 20080 20079
f 19887 198 216
f 19782 19959 19958
f 195 20041 19999
f 19999 20041 20081
f 195 20000 20081
f 19999 20081 20000
f 20000 20042 20083
f 20082 20042 20085
f 20042 20002 20085
f 20002 20003 20085
f 20086 20004 20087
f 20005 19963 20088
f 20089 19935 19922
f 19831 19986 19937
f 131 20006 19889
f 19965 233 19966
f 233 19833 19966
f 19966 19967 148
f 19966 19925 19967
f 241 20146 19939
f 241 19891 20146
f 20146 19891 20047
f 20147 19941 19940
f 20147 19940 19942
f 193 20048 20011
f 20049 193 20091
f 193 20051 20091
f 20050 20012 20093
f 20012 20053 20093
f 20097 20092 20094
f 20092 20052 20094
f 20053 20012 20095
f 20013 20057 20096
f 20094 20055 20097
f 20054 20059 20097
f 20098 20015 19969
f 197 190 20018
f 154 19792 124
f 20063 20021 19946
f 19973 188 19946
f 184 19994 20102
f 20099 20100 20102
f 20100 20099 20101
f 20100 20103 20102
f 19996 19977 185
f 19977 213 153
f 19845 226 20150
f 226 19800 20150
f 19872 19873 19930
f 204 160 183
f 160 20066 20068
f 20066 20025 20068
f 19948 175 19978
f 176 19949 20107
f 19951 20027 166
f 140 20028 134
f 134 20028 20072
f 19931 19953 159
f 19953 218 19979
f 19981 20032 20110
f 20110 20032 20112
f 20111 20031 20035
f 199 19854 149
f 149 19854 20075
f 20114 158 20191
f 20191 19881 19984
f 19957 19917 19883
f 19883 19884 20115
f 19884 19998 20116
f 19998 229 20077
f 20077 229 19885
f 19886 19887 216
f 139 156 20038
f 156 172 20168
f 20083 20084 20086
f 20043 20086 20087
f 20087 19963 20043
f 20089 19922 20044
f 19857 20045 19938
f 19965 19966 148
f 126 194 19987
f 19942 19894 19968
f 163 20119 20009
f 20090 20049 20091
f 20091 20092 20097
f 20059 20015 20098
f 191 19861 20017
f 19929 19943 180
f 19971 146 19944
f 161 162 19990
f 20019 189 20121
f 189 19993 20121
f 124 19792 19972
f 184 20102 20103
f 20099 20102 20101
f 143 20122 19845
f 144 143 20123
f 20104 151 20124
f 152 151 196
f 179 183 160
f 20068 142 160
f 142 20105 20126
f 20105 20106 20126
f 20130 20128 168
f 20129 20126 20132
f 20127 167 168
f 20107 19949 20026
f 19949 19874 20026
f 20071 166 141
f 20241 19901 159
f 20134 159 19953
f 20134 19979 174
f 20136 19981 20110
f 20109 20111 20137
f 20111 20035 19955
f 20035 19982 19955
f 173 158 20141
f 19984 19957 20115
f 19957 19883 20115
f 20078 19855 20079
f 106 171 172
f 172 156 137
f 137 138 20038
f 138 139 20038
f 20038 156 20193
f 156 20168 20193
f 172 19960 20168
f 19960 20039 20168
f 20039 19749 19934
f 19921 19888 20117
f 20000 20083 19999
f 20083 20086 19999
f 164 136 165
f 19856 19937 20197
f 19986 19938 20144
f 20144 19938 20145
f 20008 155 20173
f 20146 19987 19939
f 19942 19968 125
f 20202 19928 20011
f 20011 20048 20097
f 20090 20091 20097
f 19943 197 20018
f 19944 146 111
f 19944 145 19971
f 19944 19945 145
f 19990 19836 19991
f 124 19972 19974
f 19946 184 20103
f 19994 185 19977
f 144 20123 20149
f 143 19845 20150
f 152 196 20022
f 20022 19872 19930
f 20129 20131 20153
f 168 19948 20130
f 19948 19978 20154
f 20154 19978 176
f 166 20027 20155
f 20027 20028 20155
f 20072 19901 20241
f 20156 20241 159
f 20134 19953 19979
f 20157 19980 20073
f 19954 20073 20030
f 20074 19902 20159
f 20159 19902 182
f 20135 20109 20137
f 20141 158 20114
f 20162 19984 20163
f 20163 19984 20115
f 20116 20037 20077
f 20080 19855 19886
f 106 20268 19958
f 106 19958 19959
f 171 106 19959
f 156 138 137
f 20040 19961 19921
f 20169 19921 123
f 19921 20117 123
f 20117 19888 19999
f 136 121 20196
f 136 164 20089
f 19986 20144 133
f 20145 19938 20045
f 129 20007 148
f 19965 148 20007
f 148 19967 20008
f 20047 19891 19941
f 20202 20119 20010
f 20119 163 20010
f 20097 20059 19970
f 20059 19969 19970
f 20174 113 19970
f 20018 19944 111
f 19989 19835 19988
f 19835 20120 19988
f 20175 161 19990
f 19992 20176 20177
f 19993 154 135
f 135 154 124
f 20179 20101 20102
f 20148 19994 153
f 152 20022 19930
f 20151 20152 20023
f 20152 20151 20224
f 20023 179 20151
f 20126 20129 20153
f 20130 19948 20154
f 141 166 20155
f 20155 20028 140
f 174 19980 20157
f 19997 20074 20183
f 20183 20074 20159
f 182 19981 20159
f 20185 19981 20187
f 19981 20136 20187
f 20136 20138 20187
f 20186 20137 20111
f 20188 19955 19933
f 20075 20114 116
f 19884 20116 20217
f 20080 19886 20142
f 216 19958 20268
f 20165 137 20038
f 20193 20166 20194
f 165 136 20196
f 20044 19922 20197
f 19922 19856 20197
f 20006 131 20045
f 132 131 20046
f 20172 20046 20007
f 127 148 20173
f 20173 148 20008
f 125 20009 20333
f 20009 120 20333
f 20048 20090 20097
f 111 146 20203
f 19945 19988 145
f 19988 20120 161
f 20063 19946 20103
f 20100 20101 20278
f 119 20179 20102
f 20148 119 20102
f 20148 20102 19994
f 19994 19977 153
f 20122 144 110
f 144 20149 110
f 152 19930 20023
f 20023 20152 20206
f 20151 179 160
f 20154 176 20207
f 176 20107 20209
f 140 134 117
f 20241 134 20072
f 19980 19932 20073
f 20157 20073 20182
f 20073 19954 20182
f 20182 20181 20211
f 20213 20181 20182
f 19954 20183 20182
f 19981 20185 20159
f 20186 20111 20214
f 20218 157 20078
f 20079 20080 20142
f 20142 19886 216
f 216 20268 20142
f 20268 106 19187
f 20167 20193 20168
f 20040 19921 20169
f 19999 20269 20117
f 20269 19999 20086
f 165 20195 164
f 121 20220 20196
f 19937 19986 20198
f 19986 133 20198
f 20305 133 20145
f 105 131 132
f 132 20046 20172
f 148 127 129
f 129 127 18767
f 155 194 126
f 20201 20047 19941
f 20118 19941 20147
f 20010 19928 20202
f 20017 180 20221
f 146 19971 20204
f 19991 19992 19990
f 20277 19993 135
f 19974 20178 135
f 20101 20179 20279
f 20222 119 20148
f 20148 153 118
f 152 20023 20206
f 160 142 20151
f 20126 20153 20226
f 20235 20226 20238
f 20226 20153 20238
f 20153 20208 20238
f 20207 176 20209
f 20107 20026 20240
f 20026 20071 20240
f 159 20134 20156
f 20134 174 20157
f 20182 20211 20242
f 20211 20181 20244
f 20247 20249 20251
f 20250 20248 20252
f 20213 20252 20255
f 20253 20247 20254
f 20251 20249 20256
f 20257 20250 20259
f 20260 20259 20250
f 20213 20182 20252
f 20159 20185 20262
f 20262 20185 20264
f 20214 20111 20263
f 20263 20111 20188
f 20111 19955 20188
f 20188 19933 20215
f 20189 20161 20075
f 20161 149 20075
f 20075 20190 20216
f 20190 20075 116
f 20191 19984 20266
f 20115 19884 20163
f 19884 20217 20163
f 20217 20116 20077
f 20079 20142 20267
f 106 172 137
f 137 20165 20192
f 20038 20327 20192
f 20039 19934 20168
f 20086 20043 20269
f 20043 164 20269
f 164 20195 20269
f 165 98 20269
f 136 20089 121
f 20089 20044 121
f 121 20044 20197
f 20197 19937 20198
f 20045 131 105
f 20200 20199 132
f 20201 19941 20118
f 19970 191 20174
f 180 19943 20221
f 145 19988 20175
f 19988 161 20175
f 19990 19992 20177
f 20019 20121 20276
f 20061 20276 20121
f 20278 20101 20279
f 109 110 20123
f 20352 20281 151
f 20281 103 151
f 103 20150 151
f 151 20150 150
f 20104 20124 152
f 20152 20224 20206
f 20151 142 20226
f 20126 20226 142
f 20235 20238 20284
f 20284 20238 20285
f 20237 20207 20209
f 20209 20210 20286
f 20210 20209 20107
f 20240 20071 20287
f 20071 141 20287
f 20290 20292 20242
f 20289 20288 20294
f 20242 20211 20295
f 20294 20212 20243
f 20181 20213 20297
f 20254 20247 20251
f 20256 20258 20298
f 20299 20259 20260
f 20300 20260 20250
f 20250 20252 20300
f 20252 20182 20300
f 20182 20183 20300
f 20300 20183 20159
f 20159 20262 20301
f 20301 20262 20303
f 20261 20263 20302
f 20302 20263 20188
f 20215 19933 20189
f 19933 149 20189
f 20189 20075 20216
f 116 20114 20191
f 19984 20162 20266
f 20078 20079 107
f 19934 20040 20346
f 20219 123 20117
f 98 165 20196
f 115 20220 121
f 20305 20198 133
f 20145 20045 20305
f 20045 105 20305
f 20172 20007 129
f 126 19987 20146
f 20146 20047 114
f 20047 20201 114
f 114 20201 20307
f 19942 125 20333
f 20272 120 20009
f 20202 20011 20273
f 20273 19970 20275
f 19970 113 20275
f 113 20274 20275
f 20174 191 20017
f 20334 20221 19943
f 20334 19943 20018
f 135 124 19974
f 20062 20063 19974
f 20278 20280 20309
f 20123 143 109
f 20206 19596 152
f 20151 20226 20225
f 93 20235 20311
f 20282 20283 20286
f 20283 20209 20286
f 20107 20240 20210
f 20155 140 117
f 20156 20134 20312
f 20134 20157 20312
f 20289 20293 20291
f 101 20293 20289
f 20294 20243 20289
f 20245 20296 20243
f 20243 20296 101
f 20296 20246 20315
f 20213 20255 20316
f 20315 20254 101
f 20254 20251 101
f 20256 20298 20251
f 20251 20298 20317
f 20299 20260 20318
f 20321 20260 20300
f 20322 20302 20188
f 20323 20215 20189
f 20216 20190 92
f 107 20079 108
f 20267 20325 20079
f 20192 20327 137
f 20327 20038 231
f 20038 20193 20194
f 20346 20040 20169
f 20375 20169 123
f 96 20329 98
f 132 20363 105
f 132 20306 20200
f 132 20172 20306
f 126 104 82
f 104 126 20146
f 20118 95 20201
f 20333 120 20272
f 20272 20009 20119
f 20273 20011 20097
f 20308 113 20174
f 20203 146 20204
f 19971 145 20175
f 20175 19990 20177
f 19974 20063 20103
f 20103 20100 19369
f 20100 20278 20309
f 272 119 20222
f 143 20150 109
f 20150 103 109
f 19647 103 20304
f 20351 103 20281
f 20310 20281 20352
f 20337 20104 19596
f 20224 20151 20225
f 20226 20235 93
f 117 134 102
f 20182 20242 20341
f 20341 20242 20314
f 20242 20292 20314
f 20291 20293 20313
f 20289 20243 101
f 20296 20315 101
f 20251 20317 20342
f 20317 20319 20342
f 20260 20321 20343
f 20300 20159 20301
f 20345 20215 20323
f 20216 92 91
f 92 89 91
f 19569 20217 20077
f 108 20079 19191
f 19191 20079 20325
f 20267 20142 20268
f 20346 20169 20347
f 20117 20328 20219
f 20269 98 20329
f 20329 96 19141
f 20330 20220 115
f 121 20197 20198
f 20331 20305 105
f 132 20199 20363
f 20306 20172 129
f 127 20173 20332
f 20332 20173 126
f 20173 155 126
f 18758 126 82
f 20349 20348 17558
f 20349 20119 20348
f 19970 20273 20097
f 19058 112 20308
f 17960 20308 19049
f 19047 111 20203
f 20176 19992 20019
f 20276 20061 20335
f 19993 20277 20335
f 20277 135 20178
f 20279 20179 20309
f 153 20122 110
f 18639 110 109
f 20104 152 19596
f 19596 20206 20338
f 20339 20286 20210
f 20353 20210 20240
f 20287 141 20355
f 141 20155 20355
f 20355 20155 117
f 117 102 20227
f 102 134 20241
f 20341 20314 20358
f 20313 20293 20357
f 20342 20320 20359
f 20320 20344 20359
f 20300 20301 20360
f 20359 20322 20342
f 20322 20188 20342
f 20215 20345 20188
f 20189 20216 20323
f 91 89 18576
f 17401 89 92
f 116 20265 20190
f 20162 20163 85
f 157 20218 19885
f 20325 99 19191
f 99 20324 19191
f 20324 18829 19191
f 106 137 19187
f 20327 20326 137
f 18109 20168 20346
f 20375 123 20219
f 20328 20117 20269
f 20146 114 104
f 20307 18435 87
f 18435 20307 20201
f 18725 95 20118
f 20272 20119 20349
f 20119 20202 20348
f 20274 18430 20275
f 19058 20308 17960
f 19049 20308 20174
f 20174 20017 18403
f 18403 20017 20221
f 18381 20203 20204
f 18677 19971 20175
f 20335 20061 19993
f 20277 100 86
f 20350 20178 19974
f 19974 20103 19369
f 20100 20309 19369
f 19347 20222 20148
f 19347 20148 88
f 103 20351 20304
f 20351 20336 20310
f 20225 19914 20224
f 20226 93 20366
f 93 20340 20368
f 20210 20353 20367
f 20157 20182 20370
f 20182 20341 20370
f 20356 20357 20369
f 20357 20293 20369
f 20345 20251 20342
f 19248 20345 20323
f 20323 20216 91
f 20190 20265 92
f 116 20191 20371
f 20371 20191 20266
f 20163 20217 19569
f 20078 107 18555
f 18555 107 17387
f 107 108 72
f 99 20325 18157
f 19934 20346 20168
f 20347 20169 20374
f 20328 20269 20329
f 96 98 20196
f 20330 115 20362
f 115 121 20198
f 20198 20305 20331
f 83 20363 18061
f 20306 129 18767
f 18767 127 20332
f 20332 126 18758
f 18435 20201 95
f 20348 19077 17558
f 19021 17960 19049
f 260 20221 20334
f 19407 20203 18381
f 20204 19971 18677
f 20175 20177 18677
f 20177 20176 18677
f 20176 20019 20335
f 20335 20019 20276
f 20277 20178 20350
f 20222 19347 272
f 17181 88 118
f 118 88 20148
f 109 103 18639
f 20351 20310 20352
f 151 20104 20352
f 20104 20337 20352
f 20206 20224 20338
f 20338 20224 19916
f 93 20368 20366
f 20367 20353 20377
f 20366 20354 20379
f 20378 20353 20380
f 20353 20240 20380
f 20380 20240 20382
f 20382 20240 20383
f 20240 20287 20383
f 20287 20355 20384
f 20355 117 20227
f 102 20241 19609
f 19609 20241 20156
f 20157 20370 20386
f 20385 20369 20387
f 20369 20293 20387
f 20293 101 19605
f 18900 18591 17118
f 20251 18879 101
f 20342 20188 20345
f 19248 18239 20345
f 92 20265 16319
f 116 20371 18562
f 20266 20162 19216
f 85 20163 19844
f 19844 20163 19569
f 19885 20218 20077
f 19569 20218 20078
f 20390 99 18178
f 18178 99 18157
f 20373 20325 20267
f 18824 20267 20268
f 137 20326 19187
f 20326 20327 231
f 20038 20194 231
f 19162 231 20194
f 20194 20167 19162
f 20375 20219 19519
f 96 20196 20220
f 20331 105 20363
f 20363 20199 20200
f 19116 19118 17991
f 20200 17991 19118
f 17991 20200 147
f 147 20200 20306
f 104 114 19069
f 95 18725 20365
f 18725 20118 20147
f 20147 19942 20333
f 18724 20333 20272
f 20348 20202 19077
f 19077 20202 20273
f 112 19058 20274
f 20174 18403 19049
f 20221 260 18403
f 260 20334 20018
f 20018 111 19047
f 18381 20204 18677
f 100 20277 20350
f 20350 19974 19369
f 17479 88 17181
f 153 110 118
f 110 18639 118
f 19647 20304 18636
f 19916 20224 19914
f 20225 20226 19291
f 20383 20287 20236
f 20236 20287 20233
f 20233 20287 20384
f 20384 20355 20395
f 20395 20355 19906
f 19906 20355 20227
f 20227 102 19267
f 19267 102 19609
f 20156 20312 19609
f 20157 20386 20388
f 18879 20251 20345
f 20265 116 18562
f 19216 20162 85
f 20077 20218 19569
f 19191 72 108
f 20267 18824 20373
f 18809 231 19162
f 18109 19162 20168
f 19162 20167 20168
f 20346 20347 17339
f 20347 20393 19519
f 20374 20169 20133
f 96 20220 20330
f 20362 20376 18781
f 115 20198 20331
f 20331 20363 83
f 20363 20200 19118
f 20306 18767 147
f 20332 18758 18039
f 114 20307 19069
f 20307 87 19069
f 87 20076 19755
f 20076 87 19752
f 19752 87 598
f 17273 18435 95
f 18725 20147 20333
f 20273 20275 19077
f 20275 16873 19077
f 19021 19049 16459
f 20179 119 272
f 118 18639 17181
f 103 19647 18639
f 19647 17174 18639
f 20271 19323 20337
f 18620 19914 19291
f 19914 20225 19291
f 20226 20366 19291
f 20366 20379 19291
f 20379 20381 19291
f 20233 20384 20231
f 20232 20394 19909
f 20394 20396 19909
f 20230 20395 20228
f 20395 19906 20228
f 19608 20157 20223
f 20157 20388 20223
f 19248 20323 91
f 18868 91 18576
f 19569 20078 18555
f 15095 18555 17387
f 18109 20346 17339
f 20330 20362 18781
f 655 18781 84
f 18767 20332 18039
f 19069 87 19755
f 16873 20275 18430
f 18430 20274 16526
f 260 20018 19047
f 19047 20203 18695
f 16355 18381 18677
f 20277 16037 17921
f 20277 86 16037
f 17897 20350 19369
f 20309 20179 81
f 18636 20304 18316
f 20304 20351 18316
f 20351 20352 20337
f 20338 19916 17835
f 18620 19291 17134
f 20381 20239 19291
f 19291 20239 17810
f 20239 20234 17810
f 17810 20234 286
f 19903 20232 18289
f 18289 20232 19909
f 19909 20229 19908
f 20228 19906 19907
f 19280 19906 18925
f 19906 20227 18925
f 20227 19267 18920
f 19871 19277 19267
f 19277 18920 19267
f 20312 20157 19608
f 19608 20223 19606
f 19895 20387 19605
f 20387 20293 19605
f 89 18859 18576
f 89 17401 68
f 20265 18562 763
f 85 19844 227
f 18829 20164 18542
f 18542 20391 18178
f 20326 231 17023
f 18809 19162 19816
f 17339 20347 19519
f 19519 20219 17001
f 20219 20328 18506
f 20376 20362 18479
f 18061 20363 19118
f 18435 17943 87
f 87 17943 16535
f 95 20365 17273
f 17273 20365 18725
f 18725 20333 18724
f 20349 17558 18724
f 16526 20274 16918
f 20274 19058 15374
f 20203 19407 18695
f 17947 18695 19407
f 18677 20176 20335
f 17514 20335 20277
f 16037 86 14725
f 17899 16876 86
f 86 100 20350
f 19369 20309 81
f 19347 17190 19004
f 19004 17190 18647
f 88 17479 19347
f 18636 18978 18324
f 18316 20351 20337
f 20271 18950 19323
f 20271 19250 18950
f 20337 19596 20271
f 17835 19916 17815
f 19916 19914 17815
f 19914 18620 17815
f 286 19903 18289
f 19909 19908 18289
f 19908 19905 18289
f 18289 19905 19281
f 19277 19871 19626
f 289 19871 19267
f 19609 20312 19226
f 20345 18239 18879
f 16335 18239 18868
f 16319 20265 763
f 15726 20371 20266
f 66 18178 14401
f 18178 18157 14401
f 20268 19187 18824
f 18824 19187 20326
f 19816 16622 16945
f 19816 19162 16622
f 16215 17644 18109
f 17644 19162 18109
f 17001 20219 18506
f 20328 20329 18506
f 19141 96 20330
f 655 20330 18781
f 20362 115 18479
f 115 20331 18479
f 19069 19755 598
f 19755 19752 598
f 16884 19407 18381
f 18676 20335 17514
f 20277 17921 17514
f 17899 86 20350
f 17886 20179 272
f 19347 19004 272
f 19647 18636 17174
f 17862 18978 18636
f 20337 19323 18316
f 19323 18950 18316
f 18315 18950 15223
f 19250 20271 19596
f 19596 20338 19250
f 20338 17835 19250
f 18925 20227 18920
f 18917 207 17398
f 19267 19609 18909
f 18909 19609 18908
f 18908 19609 350
f 350 19609 19226
f 19226 20312 18901
f 20312 19608 18901
f 19607 19605 18267
f 18267 19605 15859
f 15859 19605 18900
f 101 18879 18591
f 19248 91 18239
f 91 18868 18239
f 17111 18868 18576
f 16713 89 68
f 227 19569 18555
f 17387 107 16302
f 107 72 16302
f 12789 19191 18829
f 231 18809 17680
f 18809 16945 17018
f 16622 19162 17644
f 20329 16614 18506
f 19141 20330 16999
f 20376 17615 18781
f 20331 83 18479
f 17991 147 18767
f 19069 598 82
f 17558 18725 18724
f 20274 13746 16918
f 20274 15374 13746
f 19049 18403 16459
f 19407 16054 17947
f 20335 18676 18372
f 16876 14725 86
f 17897 19369 81
f 81 20179 17886
f 17886 272 19004
f 19004 18647 19001
f 17190 19347 17479
f 69 18324 17862
f 18324 19338 17862
f 17862 19338 18978
f 17134 19291 17810
f 17810 286 17132
f 17132 286 18289
f 18289 19281 18614
f 18926 19280 18925
f 18923 18925 18920
f 19278 19276 18918
f 18918 19276 18917
f 17398 207 73
f 288 19268 65
f 18908 350 18598
f 17124 349 18904
f 350 19226 18905
f 18904 19225 18267
f 18879 18239 76
f 16713 18576 18863
f 89 16713 18859
f 17401 92 16319
f 18562 20371 15725
f 20266 19216 15726
f 15726 19216 85
f 15726 85 227
f 231 17680 17023
f 19519 17001 17339
f 20329 19141 16614
f 20330 655 16999
f 17615 20376 18479
f 18479 83 18061
f 19118 16541 18061
f 19118 19116 16541
f 16873 18430 16526
f 15374 19058 17960
f 17960 19021 15369
f 19047 18695 260
f 16366 16054 16884
f 16054 19407 16884
f 20335 18372 18677
f 17899 20350 17897
f 81 17886 15971
f 17886 19004 16862
f 18316 18950 18315
f 18315 15223 15963
f 17142 18950 17835
f 18950 19250 17835
f 18926 18925 18613
f 18610 18922 18611
f 18923 18920 18612
f 18920 18919 18612
f 18611 18918 17398
f 18918 18917 17398
f 17398 73 15861
f 73 207 288
f 65 18907 17124
f 17124 18904 18267
f 18900 17118 15859
f 17118 18558 15110
f 18591 18879 17781
f 18879 76 17781
f 16335 18868 17111
f 763 18562 764
f 15726 227 18555
f 12789 72 19191
f 12789 18829 18542
f 12789 18178 66
f 20373 18824 18157
f 18157 18824 20326
f 18809 17018 17680
f 15619 16215 14389
f 18781 17615 84
f 18479 18061 16464
f 18061 13836 16464
f 19116 17991 16541
f 17991 18767 18039
f 18039 18758 82
f 15497 598 87
f 535 16535 16948
f 18435 17273 16444
f 17273 18725 16444
f 18725 17558 16444
f 16526 1012 13820
f 18695 17947 14194
f 16355 18677 18372
f 16862 19004 15234
f 19001 18647 16860
f 18639 17174 17181
f 17862 18636 18316
f 17835 17815 15948
f 17132 18289 16802
f 18289 18614 16802
f 16802 18614 17809
f 18610 18611 17809
f 18611 17398 17809
f 15110 18558 17781
f 18558 18591 17781
f 764 18562 15725
f 15726 18555 15095
f 72 12789 16302
f 16302 12789 12875
f 18542 18178 12789
f 20326 17023 15645
f 16215 18109 14389
f 18506 16614 17001
f 16614 19141 16999
f 18479 16464 17615
f 15497 87 535
f 87 16535 535
f 16146 535 16948
f 16535 17943 16936
f 17943 18435 16444
f 17558 19077 16873
f 17960 15369 15374
f 16459 18403 260
f 260 18695 14194
f 14194 17947 16456
f 17947 16054 16456
f 18381 16355 16884
f 16355 18372 17517
f 61 17899 15971
f 19004 16860 15234
f 16860 18647 17190
f 17190 17479 15230
f 18636 18324 17174
f 17174 18324 69
f 17862 18316 15963
f 18316 18315 15963
f 288 65 15112
f 65 17124 15112
f 18267 15859 17124
f 14077 76 15858
f 18239 16335 76
f 15102 17111 18576
f 18576 16713 15102
f 14401 18157 17039
f 17039 18157 20326
f 17018 13941 17680
f 14389 18109 17339
f 17001 16614 16211
f 18061 16541 13836
f 16541 17991 74
f 17991 18039 74
f 18039 82 74
f 82 598 74
f 17943 16444 16936
f 16444 17558 16118
f 1012 16526 16918
f 14194 16459 260
f 17514 17921 16037
f 17899 17897 15971
f 17897 81 15971
f 15223 18950 17142
f 17835 15948 17142
f 17815 18620 17441
f 17441 18620 17134
f 17134 17810 15944
f 17810 17132 15944
f 16802 17809 15209
f 15209 17809 17398
f 76 14077 17781
f 15858 76 16335
f 13984 17401 16319
f 20371 15726 15725
f 15656 66 14401
f 17039 20326 15645
f 17680 16226 17023
f 1233 17680 9511
f 17680 13941 9511
f 60 16945 15620
f 14389 17001 16211
f 15376 16614 16999
f 16186 655 84
f 14907 59 15502
f 84 17615 16464
f 74 598 71
f 71 598 15497
f 62 16535 13821
f 16535 16936 13821
f 17558 16873 16118
f 14287 16526 13820
f 19021 16459 15369
f 17517 18676 16355
f 16355 18676 17514
f 16876 17899 12684
f 16862 12657 17886
f 12657 16862 15234
f 15230 17479 17181
f 17181 17174 15230
f 14178 69 17862
f 16365 17142 15948
f 15948 17815 17441
f 54 15209 16346
f 15209 17398 16346
f 17398 15861 16346
f 73 288 15112
f 16335 17111 13622
f 12524 17094 13984
f 17094 68 13984
f 68 17401 13984
f 1156 17680 1233
f 16945 60 17018
f 60 15620 1056
f 16945 16622 15620
f 16622 17644 16215
f 14389 17339 17001
f 84 15502 59
f 84 16464 15502
f 16918 13375 1012
f 16918 13746 13375
f 13371 13375 13746
f 16366 16884 15358
f 15971 17886 14183
f 17886 12657 14183
f 15234 16860 15230
f 16860 17190 15230
f 15963 15223 12984
f 15223 17142 13659
f 17142 16365 13659
f 17441 17134 15944
f 15944 17132 14593
f 17132 16802 14593
f 15112 17124 14544
f 17124 15859 14544
f 15859 17118 15110
f 17781 14077 15110
f 13622 17111 15102
f 16713 68 1147
f 68 16625 1147
f 16625 17094 1147
f 1147 17094 12524
f 15095 17387 16302
f 15645 17023 16226
f 13941 17018 8624
f 17018 60 8624
f 14970 60 13380
f 13380 60 1056
f 16614 15376 56
f 15518 56 16202
f 16202 56 57
f 12796 58 55
f 16999 655 15376
f 15376 655 16186
f 16186 84 59
f 13836 16541 74
f 15497 535 16146
f 12786 16948 16535
f 62 12786 16535
f 16936 16444 13821
f 16118 16873 16526
f 15374 15369 12772
f 12772 15369 12352
f 16459 14194 15369
f 16054 16366 12745
f 15358 16884 16355
f 12684 17899 61
f 14707 61 14183
f 11770 15234 15230
f 69 14178 17174
f 15223 13659 11755
f 15948 17441 906
f 906 17441 15944
f 14593 16802 15209
f 15102 16713 1147
f 12516 16302 12875
f 66 15656 11613
f 14401 17039 12032
f 17039 15645 13510
f 13510 15645 1110
f 15649 15645 16228
f 16228 15645 11991
f 60 13940 8624
f 13940 60 14970
f 1056 15620 12867
f 15620 16622 16215
f 16211 16614 56
f 16202 57 1160
f 58 15376 55
f 11926 55 16186
f 11926 16186 10411
f 16186 59 10411
f 13402 59 14907
f 15502 16464 51
f 16464 12788 51
f 16464 13836 12788
f 12787 71 15497
f 13394 16146 11472
f 13821 16444 16118
f 16118 16526 14287
f 12772 12352 13743
f 14194 16456 13366
f 16456 16054 13366
f 12745 16366 15358
f 15358 16355 16037
f 16355 17514 16037
f 14183 61 15971
f 14178 17862 13072
f 16346 15861 12601
f 12942 15861 15112
f 15861 73 15112
f 13635 14515 12229
f 14515 13635 14071
f 14071 13635 15858
f 15858 16335 13622
f 16319 763 13984
f 763 764 13984
f 13984 764 15725
f 15725 15726 10695
f 15095 16302 12516
f 15656 14401 1153
f 12032 17039 13510
f 15645 15649 1110
f 15648 16228 11991
f 15645 16226 1156
f 13496 15620 15619
f 15620 16215 15619
f 14389 16211 13487
f 14378 13487 10422
f 13487 16211 56
f 15517 16202 1160
f 1160 58 12796
f 12796 55 11926
f 15376 16186 55
f 13836 74 12787
f 74 71 12787
f 15497 16146 13394
f 3496 13394 11472
f 12786 62 14289
f 13821 16118 14287
f 15374 12772 13746
f 14725 16876 12685
f 14707 11312 13731
f 15963 12984 17862
f 12984 11179 17862
f 16365 15948 13659
f 13659 15948 52
f 15948 906 52
f 12234 15944 14593
f 12601 15861 12942
f 15112 14544 12942
f 15859 15110 14544
f 15858 13635 14077
f 15858 13622 14071
f 13622 15102 1147
f 15726 15095 10695
f 15656 1153 11613
f 1110 15649 15648
f 1110 15648 11991
f 11991 15645 1156
f 13940 14970 9472
f 12867 15620 13496
f 15619 14389 13496
f 14389 13487 14378
f 11932 13496 12426
f 14379 12426 14378
f 15518 15517 1160
f 14907 15502 51
f 16146 16948 12786
f 14289 62 13821
f 11460 13820 1012
f 1012 13375 11834
f 13375 12375 11834
f 15369 14194 12352
f 13366 16054 12745
f 15358 16037 12685
f 12657 15234 11770
f 11770 15230 17174
f 11179 13000 8273
f 12984 15223 11755
f 52 906 12618
f 12618 906 12234
f 906 15944 12234
f 11724 15209 54
f 12942 14544 10904
f 14544 15110 12582
f 15110 14077 12582
f 12229 14515 9669
f 9669 14515 12531
f 12523 13984 12517
f 10695 15095 12516
f 14401 12032 1153
f 9472 14970 10470
f 10435 14379 14378
f 51 12788 12252
f 15497 13394 12787
f 11472 16146 12786
f 12786 14289 6696
f 13371 14217 10259
f 15358 12685 49
f 16037 14725 12685
f 61 14707 13731
f 11770 17174 14178
f 13072 17862 11179
f 12984 11755 10988
f 12234 14593 11724
f 14593 15209 11724
f 10917 54 16346
f 10904 14544 12582
f 12531 14515 14071
f 12524 13984 12523
f 13984 15725 12517
f 12517 15725 10695
f 12516 12875 12086
f 12789 66 11613
f 9511 13941 42
f 14970 13380 10470
f 14389 14378 13496
f 14378 12426 13496
f 13853 14378 10422
f 56 15518 1160
f 14907 51 13402
f 13402 51 45
f 12252 45 51
f 14289 47 6696
f 47 14289 13821
f 13821 14287 11460
f 11460 14287 13820
f 11460 1012 11834
f 13375 13371 10259
f 13747 14217 3462
f 10232 13743 12352
f 14194 13366 12352
f 12745 15358 49
f 49 12685 11397
f 16876 12684 12685
f 11312 3511 13731
f 3511 11782 13731
f 12657 11312 14707
f 11770 14178 13072
f 54 12948 11724
f 10917 16346 12601
f 12582 14077 13635
f 9669 12531 48
f 12531 14071 8725
f 8725 14071 13622
f 1147 12524 10300
f 12508 13510 1110
f 1110 11991 8637
f 42 13941 5901
f 5901 13941 8624
f 8624 13940 9472
f 9472 10470 6911
f 8596 6911 10470
f 8571 12867 13496
f 10435 14378 13490
f 13490 13853 10435
f 13853 10422 10435
f 13487 56 1160
f 8539 1160 12796
f 13836 9337 12788
f 9337 13836 12787
f 12787 13394 9333
f 13394 3496 9333
f 10259 13747 3462
f 13371 13746 12772
f 13366 12745 12352
f 49 11397 11398
f 12684 61 11782
f 61 13731 11782
f 14707 14183 12657
f 9047 12657 11770
f 13072 11179 39
f 8273 13000 9890
f 11179 12984 13000
f 10988 6241 12984
f 11755 13659 9647
f 13659 52 9647
f 52 12618 7210
f 12948 54 10917
f 12582 13635 12229
f 9669 48 7148
f 48 12531 10756
f 12531 8725 7060
f 8725 13622 1147
f 8042 12523 12517
f 7917 12086 12875
f 13510 12508 8637
f 11991 1156 1233
f 8571 13496 11932
f 13487 1160 10422
f 10411 59 13402
f 6696 47 8486
f 12375 13375 10259
f 14217 13371 12772
f 49 11398 6588
f 6470 11782 3511
f 11770 13072 39
f 11179 8273 6292
f 13000 12984 6241
f 11755 9647 3507
f 12601 12942 8847
f 9669 5222 12229
f 1147 10300 8725
f 8042 12517 9546
f 8002 9546 12517
f 10695 12516 12086
f 12875 12789 7917
f 12789 11613 7917
f 12032 13510 4244
f 4244 13510 8637
f 1056 12867 8571
f 11932 12426 10435
f 12796 11926 8539
f 12788 9337 12252
f 9337 12787 9333
f 12786 6696 11472
f 11472 6696 11463
f 47 13821 4735
f 13821 11460 4735
f 11834 12375 1275
f 12375 10259 1438
f 14217 12772 3462
f 3462 12772 13743
f 12352 12745 49
f 11397 12685 11782
f 12685 12684 11782
f 11312 12657 9047
f 13000 6241 3325
f 3325 6241 6170
f 11706 12948 6102
f 12948 10917 6102
f 10917 12601 8847
f 12942 10904 8847
f 10904 12582 5222
f 12582 12229 5222
f 10756 12531 7060
f 10300 12524 8042
f 12524 12523 8042
f 6911 6923 9472
f 10470 13380 8571
f 1160 8539 10422
f 10411 8487 11926
f 13402 45 10411
f 11463 7765 7771
f 1275 11460 11834
f 12375 1438 1275
f 13743 10232 4680
f 12352 49 10232
f 49 6588 10232
f 11782 6470 8408
f 3511 11312 10046
f 9047 3632 9097
f 1428 9890 3325
f 12618 12234 7210
f 12234 11724 7210
f 7329 11724 12948
f 6066 8847 10904
f 7148 48 10756
f 12517 10695 8002
f 10695 12086 8680
f 11613 1153 3274
f 8637 11991 1233
f 13380 1056 8571
f 8571 11932 7842
f 11932 10435 7842
f 10411 45 6782
f 6782 45 3497
f 45 12252 3497
f 9337 9333 3391
f 11472 11463 7801
f 8486 47 4735
f 11397 11782 8408
f 43 44 6470
f 11312 9047 9097
f 11770 39 9047
f 39 11179 6292
f 3325 9890 13000
f 3325 6170 7431
f 9647 52 7210
f 8847 6066 5248
f 5222 9669 7148
f 5198 10756 5184
f 7060 8725 3481
f 3480 9546 3178
f 10695 8680 8002
f 12086 7917 8680
f 7917 11613 3274
f 1153 12032 3274
f 1233 9511 8637
f 5911 42 5901
f 6923 5901 8624
f 11926 8487 8539
f 3497 12252 9337
f 9333 3496 5744
f 3496 11472 7801
f 7765 11463 6696
f 4735 11460 1275
f 4696 1438 10259
f 3462 13743 3756
f 13743 4680 3756
f 11398 11397 5498
f 5498 11397 8408
f 10046 11312 9097
f 8273 1428 6292
f 10988 11755 3507
f 7210 11724 7329
f 11706 8919 12948
f 10917 8847 6102
f 6066 10904 5222
f 35 5198 5184
f 10756 7060 5184
f 8725 10300 8042
f 3178 9546 8002
f 3274 12032 4244
f 42 5911 9511
f 8596 10470 4949
f 10470 8571 4949
f 7842 10435 10422
f 10422 41 7842
f 10422 8539 41
f 41 8539 3428
f 3428 8539 5715
f 10411 6782 8487
f 7801 11463 3205
f 10259 3462 4696
f 3462 3124 4696
f 3462 3756 3124
f 3756 4680 4691
f 4680 10232 6588
f 6588 11398 5498
f 8408 6470 44
f 44 43 3695
f 5469 43 6470
f 4657 3511 10046
f 10031 3632 8323
f 3632 9047 8323
f 8323 9047 5396
f 6292 1428 3325
f 6241 10988 3312
f 9647 7210 3507
f 8919 11706 3309
f 11706 6102 3309
f 3309 6102 3186
f 3087 5248 6066
f 7148 10756 5198
f 3481 8042 3076
f 8042 9546 3076
f 3076 9546 3480
f 2584 3480 3178
f 9511 5911 8637
f 8624 9472 6923
f 4138 6923 6911
f 6911 8596 6846
f 7842 41 3156
f 6782 3497 3391
f 3497 9337 3391
f 9333 5744 3391
f 3496 7801 5744
f 3919 7765 6696
f 1275 3901 4735
f 1275 1438 3901
f 3695 43 5469
f 6470 3511 4657
f 10046 9097 4657
f 9097 3632 3341
f 10031 3778 5396
f 5396 3778 8323
f 5396 9047 39
f 6292 5396 39
f 9035 9037 8262
f 3312 10988 3507
f 7329 12948 37
f 12948 8919 37
f 6102 3495 3186
f 6102 8847 5248
f 3302 35 5184
f 3481 8725 8042
f 3178 8002 2584
f 5092 8680 7917
f 4244 8637 5911
f 6846 8596 3027
f 8596 4949 3027
f 8571 7842 4949
f 4949 7842 4082
f 8539 8487 5715
f 8487 6782 5715
f 11463 7771 3205
f 3236 7771 7765
f 3919 6696 8486
f 3124 3756 2730
f 8408 44 5498
f 6470 4657 3106
f 5396 6292 5394
f 7329 37 4494
f 3185 3495 6102
f 7148 5198 3307
f 8002 8680 2584
f 1830 8680 5092
f 5092 7917 3274
f 6846 29 6911
f 4082 7842 3156
f 3428 5715 34
f 5715 6782 4811
f 3241 5744 3205
f 5744 7801 3205
f 3386 7771 3236
f 3236 7765 3919
f 8486 4735 3919
f 3222 7611 3695
f 5396 5394 5395
f 3325 7431 9036
f 6170 6241 3312
f 7210 7329 4494
f 7148 3307 5222
f 3307 5198 3084
f 5184 7060 3481
f 2584 8680 1830
f 5911 5901 3140
f 6923 4138 5901
f 4138 3262 5901
f 4138 6911 29
f 27 4082 2891
f 4811 6782 3391
f 1438 4696 2636
f 3124 2636 4696
f 4680 6588 5498
f 5498 44 40
f 3215 3695 5469
f 5469 6470 3106
f 3632 10031 5396
f 6292 3325 3093
f 4519 6170 3312
f 7210 4494 3507
f 6102 5248 3185
f 6066 5222 3087
f 3480 2584 2221
f 2332 1830 5092
f 4244 5911 2795
f 3140 30 5911
f 29 6846 3166
f 3166 6846 2200
f 3156 41 3428
f 5715 4811 2845
f 5744 3241 2996
f 3120 2729 4691
f 40 7611 3222
f 3222 3695 3116
f 3341 3106 4657
f 4657 9097 3341
f 5396 2840 3632
f 3289 5396 5395
f 3268 37 8919
f 3495 3185 3493
f 3185 5248 3087
f 5222 3307 3087
f 3307 3084 2801
f 5198 35 3084
f 21 35 3302
f 3302 5184 3481
f 2332 5092 3274
f 5911 30 2795
f 3140 5901 3262
f 6846 3027 2316
f 3027 4949 4082
f 2892 27 2891
f 3156 3428 34
f 26 34 2890
f 34 5715 2890
f 2845 4811 3391
f 3391 5744 2996
f 2996 3241 2659
f 2991 3386 3236
f 3919 4735 3901
f 2863 3124 17
f 4691 2729 3756
f 4691 4680 3120
f 4680 5498 3120
f 3120 5498 40
f 2287 3695 1821
f 5469 3106 3215
f 5396 3289 3337
f 3093 5394 6292
f 3268 8919 2938
f 3084 35 21
f 3480 2221 2760
f 4244 2795 3274
f 1969 2904 3262
f 3262 4138 29
f 2200 6846 2316
f 4082 27 3027
f 4082 3156 2891
f 3156 34 26
f 2890 5715 2845
f 3205 7771 2738
f 2738 7771 3386
f 2738 3386 2991
f 3236 3919 3901
f 3901 1438 2636
f 2636 3124 2863
f 2730 3756 2729
f 2727 3222 3116
f 3116 3695 2287
f 3695 3215 1821
f 3106 2716 3215
f 3341 3632 2840
f 25 9036 2603
f 9036 4519 2603
f 3312 3507 2681
f 3507 4494 2681
f 4494 2375 2681
f 2831 2375 4494
f 37 3268 2831
f 3268 2938 2831
f 2938 8919 3309
f 3186 3495 2829
f 3493 3185 2829
f 3302 3481 3076
f 3480 2591 3076
f 2760 2221 24
f 2332 3274 2795
f 3262 2904 3140
f 2560 3027 27
f 2890 2845 2660
f 2845 3391 2996
f 2636 2863 2182
f 3120 40 3222
f 2840 5396 2381
f 5396 3337 2381
f 2381 3337 3204
f 3204 3289 2607
f 2607 3289 3093
f 3289 5395 3093
f 3093 3325 2038
f 2038 3325 2154
f 3325 9036 2154
f 9036 25 2154
f 2154 25 2603
f 2149 4519 2681
f 4519 3312 2681
f 3309 3186 2938
f 2938 3186 2829
f 3307 2801 3087
f 13 2801 3084
f 3084 21 2496
f 21 3302 3076
f 2221 1651 24
f 2795 30 3140
f 1969 2568 2904
f 18 1969 29
f 1969 3262 29
f 2659 3241 2552
f 2552 3241 2649
f 3205 2643 3241
f 3236 3901 2991
f 2991 3901 2636
f 3222 2727 3120
f 1821 2057 2526
f 1821 22 2278
f 1821 3215 2716
f 2607 2381 3204
f 4494 37 2831
f 2829 3185 3087
f 29 3166 2200
f 2891 3156 26
f 2643 3205 2738
f 2863 17 2536
f 17 3124 2730
f 2727 3116 2533
f 2533 3116 1557
f 1557 3116 2287
f 2057 1821 2278
f 22 1821 2716
f 2716 3106 3341
f 3341 2840 2716
f 2270 2840 2476
f 3093 2038 2607
f 2831 2938 2146
f 2829 3087 2141
f 2141 3087 2801
f 3084 2496 13
f 2496 21 2249
f 2249 21 2591
f 21 3076 2591
f 2795 20 2332
f 1969 18 1955
f 2316 3027 2560
f 2890 11 2089
f 2845 2996 2659
f 3241 2643 2649
f 2425 2991 2636
f 17 2730 10
f 10 2533 1557
f 2840 2381 2476
f 2603 4519 2149
f 2938 2829 2146
f 2801 13 2141
f 2760 24 2591
f 2591 24 23
f 2795 3140 2568
f 3140 2904 2568
f 18 29 1639
f 2892 2891 26
f 26 2890 2089
f 2845 2659 2660
f 2643 2738 2425
f 2738 2991 2425
f 2863 2536 2182
f 17 10 2536
f 2729 3120 2533
f 3120 2727 2533
f 22 2716 15
f 2716 2840 2270
f 1882 2381 2607
f 2375 2831 8
f 8 2831 2146
f 2146 2829 2141
f 2219 20 16
f 20 2795 16
f 16 2795 2568
f 1639 29 2200
f 27 2892 2560
f 2560 2892 1926
f 26 1926 2892
f 2660 11 2890
f 2730 2729 10
f 10 2729 2533
f 2278 22 15
f 2716 2270 15
f 2149 2681 1880
f 1880 2681 2375
f 1639 1955 18
f 2316 2560 2276
f 1811 2316 2276
f 26 2089 1926
f 11 2660 2552
f 2660 2659 2552
f 2649 2643 1315
f 2636 2182 2425
f 2287 1821 1889
f 1889 1821 2526
f 2476 2381 1882
f 2141 13 1710
f 14 2496 2249
f 2249 2591 23
f 23 24 1651
f 2221 2584 1830
f 2332 20 2219
f 1980 16 1969
f 16 2568 1969
f 2560 1926 2276
f 2089 11 1605
f 2536 2073 2182
f 2287 1889 1890
f 2270 2476 1882
f 2607 2038 1882
f 2603 2149 2154
f 8 2146 1230
f 1714 2141 1710
f 1710 13 1702
f 13 2496 14
f 2249 23 7
f 1394 1639 2200
f 1812 2200 2316
f 2552 2649 1602
f 2649 5 1602
f 5 2649 1315
f 1315 2643 2425
f 2425 2182 1584
f 2536 10 2073
f 2057 2278 844
f 2149 1526 2154
f 2375 8 1880
f 13 14 1702
f 7 23 955
f 23 1651 955
f 1830 2332 1651
f 2332 2219 1651
f 2316 1811 1812
f 2276 1926 1811
f 1811 1926 1810
f 1602 11 2552
f 1315 2425 1584
f 1584 2182 889
f 2182 2073 889
f 2073 10 1109
f 10 1557 1109
f 1557 2287 1890
f 844 2278 15
f 14 2249 7
f 958 7 955
f 2221 1830 1651
f 1394 942 1639
f 2200 1812 1394
f 1605 11 1602
f 1889 2526 875
f 2526 2057 875
f 15 2270 844
f 844 2270 994
f 2270 1882 994
f 2038 2154 1526
f 1526 2149 1880
f 1230 2146 829
f 2146 2141 829
f 829 2141 1714
f 1714 1710 823
f 1206 7 958
f 2219 16 1651
f 1184 1955 1639
f 128 222 615
f 1926 2089 615
f 615 2089 1133
f 1133 2089 1605
f 1315 1584 730
f 2057 844 875
f 1260 719 844
f 1882 2038 1526
f 575 1526 425
f 425 1526 1880
f 1880 8 425
f 1980 1969 1955
f 1812 1811 4
f 615 222 1810
f 222 1811 1810
f 1810 1926 615
f 1602 5 898
f 889 2073 1109
f 1890 1889 877
f 877 1889 875
f 844 719 875
f 994 1882 1526
f 1710 1702 968
f 1651 16 1185
f 16 1980 1185
f 398 4 654
f 4 1811 222
f 1602 1327 1605
f 898 5 597
f 597 5 1315
f 719 1260 450
f 1260 845 450
f 8 1230 425
f 829 1714 823
f 823 1710 968
f 968 1702 1206
f 1702 14 1206
f 1206 14 7
f 955 1651 1185
f 1185 1980 1184
f 1980 1955 1184
f 1184 1639 942
f 1394 1812 677
f 1812 4 677
f 4 398 677
f 128 615 79
f 1133 1605 1327
f 1327 1602 898
f 730 1584 889
f 1109 1557 1890
f 994 1526 575
f 425 1230 3
f 549 1184 784
f 942 1394 677
f 130 654 4
f 77 1327 898
f 597 1315 464
f 1315 730 464
f 1109 1890 877
f 450 845 586
f 586 426 70
f 1260 844 845
f 844 994 426
f 426 994 575
f 3 1230 829
f 823 968 261
f 1206 261 968
f 1206 958 261
f 1185 1184 549
f 784 1184 942
f 615 1133 79
f 79 1133 80
f 1133 1327 80
f 1327 122 80
f 338 898 597
f 730 889 596
f 889 1109 596
f 1109 877 596
f 875 719 453
f 955 1185 549
f 942 677 784
f 1 654 130
f 130 4 222
f 122 1327 77
f 77 898 338
f 314 338 597
f 877 875 453
f 586 845 426
f 845 844 426
f 94 421 3
f 3 829 94
f 829 823 94
f 269 823 261
f 261 958 90
f 90 958 549
f 958 955 549
f 549 784 64
f 64 677 398
f 730 596 464
f 596 877 75
f 75 877 53
f 53 877 453
f 453 719 450
f 97 575 425
f 3 421 425
f 94 823 269
f 784 677 64
f 398 654 1
f 78 122 77
f 314 597 464
f 464 596 75
f 450 586 50
f 426 575 97
f 90 549 64
f 314 464 75
f 53 453 450
f 50 586 70
f 70 426 97
f 425 421 97
f 97 421 94
f 269 261 90
f 64 398 63
f 398 1 63
f 46 1 32
f 32 1 130
f 53 450 50
f 94 269 36
f 33 269 90
f 130 222 128
f 36 269 33
f 63 1 46
f 130 128 32
f 79 80 32
f 80 122 78
f 70 97 38
f 97 94 38
f 38 94 36
f 128 79 32
f 32 80 78
f 6 78 31
f 78 77 31
f 77 338 31
f 338 314 31
f 314 75 19
f 75 53 19
f 53 50 19
f 19 50 28
f 50 70 38
f 33 90 9
f 90 64 9
f 9 64 63
f 32 78 6
f 50 38 28
f 9 63 46
f 9 46 32
f 31 314 19
f 38 36 12
f 36 33 2
f 28 38 12
f 36 2 12
f 2 33 9
f 9 32 6
f 31 19 6
f 6 19 2
f 2 19 28
f 28 12 2
f 2 9 6
