v 0.7677 0.0000 -0.3530
v 0.7675 -0.0198 -0.3530
v 0.7667 -0.0394 -0.3530
v 0.7655 -0.0590 -0.3530
v 0.7638 -0.0784 -0.3530
v 0.7616 -0.0976 -0.3530
v 0.7589 -0.1168 -0.3530
v 0.7557 -0.1357 -0.3530
v 0.7521 -0.1545 -0.3530
v 0.7481 -0.1732 -0.3530
v 0.7435 -0.1916 -0.3530
v 0.7386 -0.2099 -0.3530
v 0.7332 -0.2280 -0.3530
v 0.7273 -0.2460 -0.3530
v 0.7211 -0.2637 -0.3530
v 0.7144 -0.2812 -0.3530
v 0.7073 -0.2986 -0.3530
v 0.6998 -0.3157 -0.3530
v 0.6919 -0.3326 -0.3530
v 0.6836 -0.3492 -0.3530
v 0.6750 -0.3656 -0.3530
v 0.6659 -0.3818 -0.3530
v 0.6564 -0.3978 -0.3530
v 0.6466 -0.4135 -0.3530
v 0.6365 -0.4290 -0.3530
v 0.6259 -0.4441 -0.3530
v 0.6150 -0.4591 -0.3530
v 0.6038 -0.4737 -0.3530
v 0.5922 -0.4881 -0.3530
v 0.5803 -0.5022 -0.3530
v 0.5681 -0.5159 -0.3530
v 0.5555 -0.5294 -0.3530
v 0.5426 -0.5426 -0.3530
v 0.5294 -0.5555 -0.3530
v 0.5160 -0.5681 -0.3530
v 0.5022 -0.5803 -0.3530
v 0.4881 -0.5922 -0.3530
v 0.4737 -0.6038 -0.3530
v 0.4591 -0.6150 -0.3530
v 0.4442 -0.6259 -0.3530
v 0.4290 -0.6364 -0.3530
v 0.4135 -0.6466 -0.3530
v 0.3978 -0.6564 -0.3530
v 0.3819 -0.6659 -0.3530
v 0.3657 -0.6749 -0.3530
v 0.3492 -0.6836 -0.3530
v 0.3326 -0.6919 -0.3530
v 0.3157 -0.6998 -0.3530
v 0.2986 -0.7073 -0.3530
v 0.2812 -0.7144 -0.3530
v 0.2637 -0.7211 -0.3530
v 0.2460 -0.7273 -0.3530
v 0.2281 -0.7332 -0.3530
v 0.2099 -0.7386 -0.3530
v 0.1917 -0.7435 -0.3530
v 0.1732 -0.7481 -0.3530
v 0.1545 -0.7521 -0.3530
v 0.1357 -0.7557 -0.3530
v 0.1168 -0.7589 -0.3530
v 0.0977 -0.7616 -0.3530
v 0.0784 -0.7638 -0.3530
v 0.0590 -0.7655 -0.3530
v 0.0395 -0.7667 -0.3530
v 0.0198 -0.7675 -0.3530
v 0.0000 -0.7677 -0.3530
v -0.0198 -0.7675 -0.3530
v -0.0394 -0.7667 -0.3530
v -0.0590 -0.7655 -0.3530
v -0.0784 -0.7638 -0.3530
v -0.0976 -0.7616 -0.3530
v -0.1168 -0.7589 -0.3530
v -0.1357 -0.7557 -0.3530
v -0.1545 -0.7521 -0.3530
v -0.1732 -0.7481 -0.3530
v -0.1916 -0.7435 -0.3530
v -0.2099 -0.7386 -0.3530
v -0.2280 -0.7332 -0.3530
v -0.2460 -0.7273 -0.3530
v -0.2637 -0.7211 -0.3530
v -0.2812 -0.7144 -0.3530
v -0.2986 -0.7073 -0.3530
v -0.3157 -0.6998 -0.3530
v -0.3326 -0.6919 -0.3530
v -0.3492 -0.6836 -0.3530
v -0.3656 -0.6749 -0.3530
v -0.3818 -0.6659 -0.3530
v -0.3978 -0.6564 -0.3530
v -0.4135 -0.6466 -0.3530
v -0.4290 -0.6364 -0.3530
v -0.4441 -0.6259 -0.3530
v -0.4591 -0.6150 -0.3530
v -0.4737 -0.6038 -0.3530
v -0.4881 -0.5922 -0.3530
v -0.5022 -0.5803 -0.3530
v -0.5159 -0.5681 -0.3530
v -0.5294 -0.5555 -0.3530
v -0.5426 -0.5426 -0.3530
v -0.5555 -0.5294 -0.3530
v -0.5681 -0.5159 -0.3530
v -0.5803 -0.5022 -0.3530
v -0.5922 -0.4881 -0.3530
v -0.6038 -0.4737 -0.3530
v -0.6150 -0.4591 -0.3530
v -0.6259 -0.4441 -0.3530
v -0.6364 -0.4290 -0.3530
v -0.6466 -0.4135 -0.3530
v -0.6564 -0.3978 -0.3530
v -0.6659 -0.3818 -0.3530
v -0.6749 -0.3656 -0.3530
v -0.6836 -0.3492 -0.3530
v -0.6919 -0.3326 -0.3530
v -0.6998 -0.3157 -0.3530
v -0.7073 -0.2986 -0.3530
v -0.7144 -0.2812 -0.3530
v -0.7211 -0.2637 -0.3530
v -0.7273 -0.2460 -0.3530
v -0.7332 -0.2280 -0.3530
v -0.7386 -0.2099 -0.3530
v -0.7435 -0.1916 -0.3530
v -0.7481 -0.1732 -0.3530
v -0.7521 -0.1545 -0.3530
v -0.7557 -0.1357 -0.3530
v -0.7589 -0.1168 -0.3530
v -0.7616 -0.0976 -0.3530
v -0.7638 -0.0784 -0.3530
v -0.7655 -0.0590 -0.3530
v -0.7667 -0.0394 -0.3530
v -0.7675 -0.0198 -0.3530
v -0.7677 0.0000 -0.3530
v -0.7675 0.0198 -0.3530
v -0.7667 0.0395 -0.3530
v -0.7655 0.0590 -0.3530
v -0.7638 0.0784 -0.3530
v -0.7616 0.0977 -0.3530
v -0.7589 0.1168 -0.3530
v -0.7557 0.1357 -0.3530
v -0.7521 0.1545 -0.3530
v -0.7481 0.1732 -0.3530
v -0.7435 0.1917 -0.3530
v -0.7386 0.2099 -0.3530
v -0.7332 0.2281 -0.3530
v -0.7273 0.2460 -0.3530
v -0.7211 0.2637 -0.3530
v -0.7144 0.2812 -0.3530
v -0.7073 0.2986 -0.3530
v -0.6998 0.3157 -0.3530
v -0.6919 0.3326 -0.3530
v -0.6836 0.3492 -0.3530
v -0.6749 0.3657 -0.3530
v -0.6659 0.3819 -0.3530
v -0.6564 0.3978 -0.3530
v -0.6466 0.4135 -0.3530
v -0.6364 0.4290 -0.3530
v -0.6259 0.4442 -0.3530
v -0.6150 0.4591 -0.3530
v -0.6038 0.4737 -0.3530
v -0.5922 0.4881 -0.3530
v -0.5803 0.5022 -0.3530
v -0.5681 0.5160 -0.3530
v -0.5555 0.5294 -0.3530
v -0.5426 0.5426 -0.3530
v -0.5294 0.5555 -0.3530
v -0.5159 0.5681 -0.3530
v -0.5022 0.5803 -0.3530
v -0.4881 0.5922 -0.3530
v -0.4737 0.6038 -0.3530
v -0.4591 0.6150 -0.3530
v -0.4441 0.6259 -0.3530
v -0.4290 0.6365 -0.3530
v -0.4135 0.6466 -0.3530
v -0.3978 0.6564 -0.3530
v -0.3818 0.6659 -0.3530
v -0.3656 0.6750 -0.3530
v -0.3492 0.6836 -0.3530
v -0.3326 0.6919 -0.3530
v -0.3157 0.6998 -0.3530
v -0.2986 0.7073 -0.3530
v -0.2812 0.7144 -0.3530
v -0.2637 0.7211 -0.3530
v -0.2460 0.7273 -0.3530
v -0.2280 0.7332 -0.3530
v -0.2099 0.7386 -0.3530
v -0.1916 0.7435 -0.3530
v -0.1732 0.7481 -0.3530
v -0.1545 0.7521 -0.3530
v -0.1357 0.7557 -0.3530
v -0.1168 0.7589 -0.3530
v -0.0976 0.7616 -0.3530
v -0.0784 0.7638 -0.3530
v -0.0590 0.7655 -0.3530
v -0.0394 0.7667 -0.3530
v -0.0198 0.7675 -0.3530
v 0.0000 0.7677 -0.3530
v 0.0198 0.7675 -0.3530
v 0.0395 0.7667 -0.3530
v 0.0590 0.7655 -0.3530
v 0.0784 0.7638 -0.3530
v 0.0977 0.7616 -0.3530
v 0.1168 0.7589 -0.3530
v 0.1357 0.7557 -0.3530
v 0.1545 0.7521 -0.3530
v 0.1732 0.7481 -0.3530
v 0.1917 0.7435 -0.3530
v 0.2099 0.7386 -0.3530
v 0.2281 0.7332 -0.3530
v 0.2460 0.7273 -0.3530
v 0.2637 0.7211 -0.3530
v 0.2812 0.7144 -0.3530
v 0.2986 0.7073 -0.3530
v 0.3157 0.6998 -0.3530
v 0.3326 0.6919 -0.3530
v 0.3492 0.6836 -0.3530
v 0.3657 0.6750 -0.3530
v 0.3819 0.6659 -0.3530
v 0.3978 0.6564 -0.3530
v 0.4135 0.6466 -0.3530
v 0.4290 0.6365 -0.3530
v 0.4442 0.6259 -0.3530
v 0.4591 0.6150 -0.3530
v 0.4737 0.6038 -0.3530
v 0.4881 0.5922 -0.3530
v 0.5022 0.5803 -0.3530
v 0.5160 0.5681 -0.3530
v 0.5294 0.5555 -0.3530
v 0.5426 0.5426 -0.3530
v 0.5555 0.5294 -0.3530
v 0.5681 0.5160 -0.3530
v 0.5803 0.5022 -0.3530
v 0.5922 0.4881 -0.3530
v 0.6038 0.4737 -0.3530
v 0.6150 0.4591 -0.3530
v 0.6259 0.4442 -0.3530
v 0.6365 0.4290 -0.3530
v 0.6466 0.4135 -0.3530
v 0.6564 0.3978 -0.3530
v 0.6659 0.3819 -0.3530
v 0.6750 0.3657 -0.3530
v 0.6836 0.3492 -0.3530
v 0.6919 0.3326 -0.3530
v 0.6998 0.3157 -0.3530
v 0.7073 0.2986 -0.3530
v 0.7144 0.2812 -0.3530
v 0.7211 0.2637 -0.3530
v 0.7273 0.2460 -0.3530
v 0.7332 0.2281 -0.3530
v 0.7386 0.2099 -0.3530
v 0.7435 0.1917 -0.3530
v 0.7481 0.1732 -0.3530
v 0.7521 0.1545 -0.3530
v 0.7557 0.1357 -0.3530
v 0.7589 0.1168 -0.3530
v 0.7616 0.0977 -0.3530
v 0.7638 0.0784 -0.3530
v 0.7655 0.0590 -0.3530
v 0.7667 0.0395 -0.3530
v 0.7675 0.0198 -0.3530
v 0.7677 0.0000 0.3530
v 0.7675 -0.0198 0.3530
v 0.7667 -0.0394 0.3530
v 0.7655 -0.0590 0.3530
v 0.7638 -0.0784 0.3530
v 0.7616 -0.0976 0.3530
v 0.7589 -0.1168 0.3530
v 0.7557 -0.1357 0.3530
v 0.7521 -0.1545 0.3530
v 0.7481 -0.1732 0.3530
v 0.7435 -0.1916 0.3530
v 0.7386 -0.2099 0.3530
v 0.7332 -0.2280 0.3530
v 0.7273 -0.2460 0.3530
v 0.7211 -0.2637 0.3530
v 0.7144 -0.2812 0.3530
v 0.7073 -0.2986 0.3530
v 0.6998 -0.3157 0.3530
v 0.6919 -0.3326 0.3530
v 0.6836 -0.3492 0.3530
v 0.6750 -0.3656 0.3530
v 0.6659 -0.3818 0.3530
v 0.6564 -0.3978 0.3530
v 0.6466 -0.4135 0.3530
v 0.6365 -0.4290 0.3530
v 0.6259 -0.4441 0.3530
v 0.6150 -0.4591 0.3530
v 0.6038 -0.4737 0.3530
v 0.5922 -0.4881 0.3530
v 0.5803 -0.5022 0.3530
v 0.5681 -0.5159 0.3530
v 0.5555 -0.5294 0.3530
v 0.5426 -0.5426 0.3530
v 0.5294 -0.5555 0.3530
v 0.5160 -0.5681 0.3530
v 0.5022 -0.5803 0.3530
v 0.4881 -0.5922 0.3530
v 0.4737 -0.6038 0.3530
v 0.4591 -0.6150 0.3530
v 0.4442 -0.6259 0.3530
v 0.4290 -0.6364 0.3530
v 0.4135 -0.6466 0.3530
v 0.3978 -0.6564 0.3530
v 0.3819 -0.6659 0.3530
v 0.3657 -0.6749 0.3530
v 0.3492 -0.6836 0.3530
v 0.3326 -0.6919 0.3530
v 0.3157 -0.6998 0.3530
v 0.2986 -0.7073 0.3530
v 0.2812 -0.7144 0.3530
v 0.2637 -0.7211 0.3530
v 0.2460 -0.7273 0.3530
v 0.2281 -0.7332 0.3530
v 0.2099 -0.7386 0.3530
v 0.1917 -0.7435 0.3530
v 0.1732 -0.7481 0.3530
v 0.1545 -0.7521 0.3530
v 0.1357 -0.7557 0.3530
v 0.1168 -0.7589 0.3530
v 0.0977 -0.7616 0.3530
v 0.0784 -0.7638 0.3530
v 0.0590 -0.7655 0.3530
v 0.0395 -0.7667 0.3530
v 0.0198 -0.7675 0.3530
v 0.0000 -0.7677 0.3530
v -0.0198 -0.7675 0.3530
v -0.0394 -0.7667 0.3530
v -0.0590 -0.7655 0.3530
v -0.0784 -0.7638 0.3530
v -0.0976 -0.7616 0.3530
v -0.1168 -0.7589 0.3530
v -0.1357 -0.7557 0.3530
v -0.1545 -0.7521 0.3530
v -0.1732 -0.7481 0.3530
v -0.1916 -0.7435 0.3530
v -0.2099 -0.7386 0.3530
v -0.2280 -0.7332 0.3530
v -0.2460 -0.7273 0.3530
v -0.2637 -0.7211 0.3530
v -0.2812 -0.7144 0.3530
v -0.2986 -0.7073 0.3530
v -0.3157 -0.6998 0.3530
v -0.3326 -0.6919 0.3530
v -0.3492 -0.6836 0.3530
v -0.3656 -0.6749 0.3530
v -0.3818 -0.6659 0.3530
v -0.3978 -0.6564 0.3530
v -0.4135 -0.6466 0.3530
v -0.4290 -0.6364 0.3530
v -0.4441 -0.6259 0.3530
v -0.4591 -0.6150 0.3530
v -0.4737 -0.6038 0.3530
v -0.4881 -0.5922 0.3530
v -0.5022 -0.5803 0.3530
v -0.5159 -0.5681 0.3530
v -0.5294 -0.5555 0.3530
v -0.5426 -0.5426 0.3530
v -0.5555 -0.5294 0.3530
v -0.5681 -0.5159 0.3530
v -0.5803 -0.5022 0.3530
v -0.5922 -0.4881 0.3530
v -0.6038 -0.4737 0.3530
v -0.6150 -0.4591 0.3530
v -0.6259 -0.4441 0.3530
v -0.6364 -0.4290 0.3530
v -0.6466 -0.4135 0.3530
v -0.6564 -0.3978 0.3530
v -0.6659 -0.3818 0.3530
v -0.6749 -0.3656 0.3530
v -0.6836 -0.3492 0.3530
v -0.6919 -0.3326 0.3530
v -0.6998 -0.3157 0.3530
v -0.7073 -0.2986 0.3530
v -0.7144 -0.2812 0.3530
v -0.7211 -0.2637 0.3530
v -0.7273 -0.2460 0.3530
v -0.7332 -0.2280 0.3530
v -0.7386 -0.2099 0.3530
v -0.7435 -0.1916 0.3530
v -0.7481 -0.1732 0.3530
v -0.7521 -0.1545 0.3530
v -0.7557 -0.1357 0.3530
v -0.7589 -0.1168 0.3530
v -0.7616 -0.0976 0.3530
v -0.7638 -0.0784 0.3530
v -0.7655 -0.0590 0.3530
v -0.7667 -0.0394 0.3530
v -0.7675 -0.0198 0.3530
v -0.7677 0.0000 0.3530
v -0.7675 0.0198 0.3530
v -0.7667 0.0395 0.3530
v -0.7655 0.0590 0.3530
v -0.7638 0.0784 0.3530
v -0.7616 0.0977 0.3530
v -0.7589 0.1168 0.3530
v -0.7557 0.1357 0.3530
v -0.7521 0.1545 0.3530
v -0.7481 0.1732 0.3530
v -0.7435 0.1917 0.3530
v -0.7386 0.2099 0.3530
v -0.7332 0.2281 0.3530
v -0.7273 0.2460 0.3530
v -0.7211 0.2637 0.3530
v -0.7144 0.2812 0.3530
v -0.7073 0.2986 0.3530
v -0.6998 0.3157 0.3530
v -0.6919 0.3326 0.3530
v -0.6836 0.3492 0.3530
v -0.6749 0.3657 0.3530
v -0.6659 0.3819 0.3530
v -0.6564 0.3978 0.3530
v -0.6466 0.4135 0.3530
v -0.6364 0.4290 0.3530
v -0.6259 0.4442 0.3530
v -0.6150 0.4591 0.3530
v -0.6038 0.4737 0.3530
v -0.5922 0.4881 0.3530
v -0.5803 0.5022 0.3530
v -0.5681 0.5160 0.3530
v -0.5555 0.5294 0.3530
v -0.5426 0.5426 0.3530
v -0.5294 0.5555 0.3530
v -0.5159 0.5681 0.3530
v -0.5022 0.5803 0.3530
v -0.4881 0.5922 0.3530
v -0.4737 0.6038 0.3530
v -0.4591 0.6150 0.3530
v -0.4441 0.6259 0.3530
v -0.4290 0.6365 0.3530
v -0.4135 0.6466 0.3530
v -0.3978 0.6564 0.3530
v -0.3818 0.6659 0.3530
v -0.3656 0.6750 0.3530
v -0.3492 0.6836 0.3530
v -0.3326 0.6919 0.3530
v -0.3157 0.6998 0.3530
v -0.2986 0.7073 0.3530
v -0.2812 0.7144 0.3530
v -0.2637 0.7211 0.3530
v -0.2460 0.7273 0.3530
v -0.2280 0.7332 0.3530
v -0.2099 0.7386 0.3530
v -0.1916 0.7435 0.3530
v -0.1732 0.7481 0.3530
v -0.1545 0.7521 0.3530
v -0.1357 0.7557 0.3530
v -0.1168 0.7589 0.3530
v -0.0976 0.7616 0.3530
v -0.0784 0.7638 0.3530
v -0.0590 0.7655 0.3530
v -0.0394 0.7667 0.3530
v -0.0198 0.7675 0.3530
v 0.0000 0.7677 0.3530
v 0.0198 0.7675 0.3530
v 0.0395 0.7667 0.3530
v 0.0590 0.7655 0.3530
v 0.0784 0.7638 0.3530
v 0.0977 0.7616 0.3530
v 0.1168 0.7589 0.3530
v 0.1357 0.7557 0.3530
v 0.1545 0.7521 0.3530
v 0.1732 0.7481 0.3530
v 0.1917 0.7435 0.3530
v 0.2099 0.7386 0.3530
v 0.2281 0.7332 0.3530
v 0.2460 0.7273 0.3530
v 0.2637 0.7211 0.3530
v 0.2812 0.7144 0.3530
v 0.2986 0.7073 0.3530
v 0.3157 0.6998 0.3530
v 0.3326 0.6919 0.3530
v 0.3492 0.6836 0.3530
v 0.3657 0.6750 0.3530
v 0.3819 0.6659 0.3530
v 0.3978 0.6564 0.3530
v 0.4135 0.6466 0.3530
v 0.4290 0.6365 0.3530
v 0.4442 0.6259 0.3530
v 0.4591 0.6150 0.3530
v 0.4737 0.6038 0.3530
v 0.4881 0.5922 0.3530
v 0.5022 0.5803 0.3530
v 0.5160 0.5681 0.3530
v 0.5294 0.5555 0.3530
v 0.5426 0.5426 0.3530
v 0.5555 0.5294 0.3530
v 0.5681 0.5160 0.3530
v 0.5803 0.5022 0.3530
v 0.5922 0.4881 0.3530
v 0.6038 0.4737 0.3530
v 0.6150 0.4591 0.3530
v 0.6259 0.4442 0.3530
v 0.6365 0.4290 0.3530
v 0.6466 0.4135 0.3530
v 0.6564 0.3978 0.3530
v 0.6659 0.3819 0.3530
v 0.6750 0.3657 0.3530
v 0.6836 0.3492 0.3530
v 0.6919 0.3326 0.3530
v 0.6998 0.3157 0.3530
v 0.7073 0.2986 0.3530
v 0.7144 0.2812 0.3530
v 0.7211 0.2637 0.3530
v 0.7273 0.2460 0.3530
v 0.7332 0.2281 0.3530
v 0.7386 0.2099 0.3530
v 0.7435 0.1917 0.3530
v 0.7481 0.1732 0.3530
v 0.7521 0.1545 0.3530
v 0.7557 0.1357 0.3530
v 0.7589 0.1168 0.3530
v 0.7616 0.0977 0.3530
v 0.7638 0.0784 0.3530
v 0.7655 0.0590 0.3530
v 0.7667 0.0395 0.3530
v 0.7675 0.0198 0.3530
v 0.7676 -0.0099 -0.0000
v 0.7671 -0.0296 -0.0000
v 0.7661 -0.0492 -0.0000
v 0.7646 -0.0687 -0.0000
v 0.7627 -0.0880 -0.0000
v 0.7602 -0.1072 -0.0000
v 0.7573 -0.1262 -0.0000
v 0.7539 -0.1451 -0.0000
v 0.7501 -0.1638 -0.0000
v 0.7458 -0.1824 -0.0000
v 0.7411 -0.2008 -0.0000
v 0.7359 -0.2190 -0.0000
v 0.7303 -0.2370 -0.0000
v 0.7242 -0.2548 -0.0000
v 0.7177 -0.2725 -0.0000
v 0.7109 -0.2899 -0.0000
v 0.7036 -0.3071 -0.0000
v 0.6959 -0.3241 -0.0000
v 0.6878 -0.3409 -0.0000
v 0.6793 -0.3574 -0.0000
v 0.6704 -0.3737 -0.0000
v 0.6612 -0.3898 -0.0000
v 0.6515 -0.4057 -0.0000
v 0.6415 -0.4212 -0.0000
v 0.6312 -0.4365 -0.0000
v 0.6205 -0.4516 -0.0000
v 0.6094 -0.4664 -0.0000
v 0.5980 -0.4809 -0.0000
v 0.5863 -0.4951 -0.0000
v 0.5742 -0.5091 -0.0000
v 0.5618 -0.5227 -0.0000
v 0.5491 -0.5360 -0.0000
v 0.5360 -0.5491 -0.0000
v 0.5227 -0.5618 -0.0000
v 0.5091 -0.5742 -0.0000
v 0.4951 -0.5863 -0.0000
v 0.4809 -0.5980 -0.0000
v 0.4664 -0.6094 -0.0000
v 0.4516 -0.6205 -0.0000
v 0.4366 -0.6312 -0.0000
v 0.4212 -0.6415 -0.0000
v 0.4057 -0.6515 -0.0000
v 0.3898 -0.6612 -0.0000
v 0.3738 -0.6704 -0.0000
v 0.3574 -0.6793 -0.0000
v 0.3409 -0.6878 -0.0000
v 0.3241 -0.6959 -0.0000
v 0.3071 -0.7036 -0.0000
v 0.2899 -0.7109 -0.0000
v 0.2725 -0.7177 -0.0000
v 0.2549 -0.7242 -0.0000
v 0.2370 -0.7303 -0.0000
v 0.2190 -0.7359 -0.0000
v 0.2008 -0.7411 -0.0000
v 0.1824 -0.7458 -0.0000
v 0.1639 -0.7501 -0.0000
v 0.1451 -0.7539 -0.0000
v 0.1263 -0.7573 -0.0000
v 0.1072 -0.7602 -0.0000
v 0.0880 -0.7627 -0.0000
v 0.0687 -0.7646 -0.0000
v 0.0492 -0.7661 -0.0000
v 0.0296 -0.7671 -0.0000
v 0.0099 -0.7676 -0.0000
v -0.0099 -0.7676 -0.0000
v -0.0296 -0.7671 -0.0000
v -0.0492 -0.7661 -0.0000
v -0.0687 -0.7646 -0.0000
v -0.0880 -0.7627 -0.0000
v -0.1072 -0.7602 -0.0000
v -0.1262 -0.7573 -0.0000
v -0.1451 -0.7539 -0.0000
v -0.1638 -0.7501 -0.0000
v -0.1824 -0.7458 -0.0000
v -0.2008 -0.7411 -0.0000
v -0.2190 -0.7359 -0.0000
v -0.2370 -0.7303 -0.0000
v -0.2548 -0.7242 -0.0000
v -0.2725 -0.7177 -0.0000
v -0.2899 -0.7109 -0.0000
v -0.3071 -0.7036 -0.0000
v -0.3241 -0.6959 -0.0000
v -0.3409 -0.6878 -0.0000
v -0.3574 -0.6793 -0.0000
v -0.3737 -0.6704 -0.0000
v -0.3898 -0.6612 -0.0000
v -0.4057 -0.6515 -0.0000
v -0.4212 -0.6415 -0.0000
v -0.4365 -0.6312 -0.0000
v -0.4516 -0.6205 -0.0000
v -0.4664 -0.6094 -0.0000
v -0.4809 -0.5980 -0.0000
v -0.4951 -0.5863 -0.0000
v -0.5091 -0.5742 -0.0000
v -0.5227 -0.5618 -0.0000
v -0.5360 -0.5491 -0.0000
v -0.5491 -0.5360 -0.0000
v -0.5618 -0.5227 -0.0000
v -0.5742 -0.5091 -0.0000
v -0.5863 -0.4951 -0.0000
v -0.5980 -0.4809 -0.0000
v -0.6094 -0.4664 -0.0000
v -0.6205 -0.4516 -0.0000
v -0.6312 -0.4365 -0.0000
v -0.6415 -0.4212 -0.0000
v -0.6515 -0.4057 -0.0000
v -0.6612 -0.3898 -0.0000
v -0.6704 -0.3737 -0.0000
v -0.6793 -0.3574 -0.0000
v -0.6878 -0.3409 -0.0000
v -0.6959 -0.3241 -0.0000
v -0.7036 -0.3071 -0.0000
v -0.7109 -0.2899 -0.0000
v -0.7177 -0.2725 -0.0000
v -0.7242 -0.2548 -0.0000
v -0.7303 -0.2370 -0.0000
v -0.7359 -0.2190 -0.0000
v -0.7411 -0.2008 -0.0000
v -0.7458 -0.1824 -0.0000
v -0.7501 -0.1638 -0.0000
v -0.7539 -0.1451 -0.0000
v -0.7573 -0.1262 -0.0000
v -0.7602 -0.1072 -0.0000
v -0.7627 -0.0880 -0.0000
v -0.7646 -0.0687 -0.0000
v -0.7661 -0.0492 -0.0000
v -0.7671 -0.0296 -0.0000
v -0.7676 -0.0099 -0.0000
v -0.7676 0.0099 -0.0000
v -0.7671 0.0296 -0.0000
v -0.7661 0.0492 -0.0000
v -0.7646 0.0687 -0.0000
v -0.7627 0.0880 -0.0000
v -0.7602 0.1072 -0.0000
v -0.7573 0.1263 -0.0000
v -0.7539 0.1451 -0.0000
v -0.7501 0.1639 -0.0000
v -0.7458 0.1824 -0.0000
v -0.7411 0.2008 -0.0000
v -0.7359 0.2190 -0.0000
v -0.7303 0.2370 -0.0000
v -0.7242 0.2549 -0.0000
v -0.7177 0.2725 -0.0000
v -0.7109 0.2899 -0.0000
v -0.7036 0.3071 -0.0000
v -0.6959 0.3241 -0.0000
v -0.6878 0.3409 -0.0000
v -0.6793 0.3574 -0.0000
v -0.6704 0.3738 -0.0000
v -0.6612 0.3898 -0.0000
v -0.6515 0.4057 -0.0000
v -0.6415 0.4212 -0.0000
v -0.6312 0.4366 -0.0000
v -0.6205 0.4516 -0.0000
v -0.6094 0.4664 -0.0000
v -0.5980 0.4809 -0.0000
v -0.5863 0.4951 -0.0000
v -0.5742 0.5091 -0.0000
v -0.5618 0.5227 -0.0000
v -0.5491 0.5360 -0.0000
v -0.5360 0.5491 -0.0000
v -0.5227 0.5618 -0.0000
v -0.5091 0.5742 -0.0000
v -0.4951 0.5863 -0.0000
v -0.4809 0.5980 -0.0000
v -0.4664 0.6094 -0.0000
v -0.4516 0.6205 -0.0000
v -0.4365 0.6312 -0.0000
v -0.4212 0.6415 -0.0000
v -0.4057 0.6515 -0.0000
v -0.3898 0.6612 -0.0000
v -0.3737 0.6704 -0.0000
v -0.3574 0.6793 -0.0000
v -0.3409 0.6878 -0.0000
v -0.3241 0.6959 -0.0000
v -0.3071 0.7036 -0.0000
v -0.2899 0.7109 -0.0000
v -0.2725 0.7177 -0.0000
v -0.2548 0.7242 -0.0000
v -0.2370 0.7303 -0.0000
v -0.2190 0.7359 -0.0000
v -0.2008 0.7411 -0.0000
v -0.1824 0.7458 -0.0000
v -0.1638 0.7501 -0.0000
v -0.1451 0.7539 -0.0000
v -0.1262 0.7573 -0.0000
v -0.1072 0.7602 -0.0000
v -0.0880 0.7627 -0.0000
v -0.0687 0.7646 -0.0000
v -0.0492 0.7661 -0.0000
v -0.0296 0.7671 -0.0000
v -0.0099 0.7676 -0.0000
v 0.0099 0.7676 -0.0000
v 0.0296 0.7671 -0.0000
v 0.0492 0.7661 -0.0000
v 0.0687 0.7646 -0.0000
v 0.0880 0.7627 -0.0000
v 0.1072 0.7602 -0.0000
v 0.1263 0.7573 -0.0000
v 0.1451 0.7539 -0.0000
v 0.1639 0.7501 -0.0000
v 0.1824 0.7458 -0.0000
v 0.2008 0.7411 -0.0000
v 0.2190 0.7359 -0.0000
v 0.2370 0.7303 -0.0000
v 0.2549 0.7242 -0.0000
v 0.2725 0.7177 -0.0000
v 0.2899 0.7109 -0.0000
v 0.3071 0.7036 -0.0000
v 0.3241 0.6959 -0.0000
v 0.3409 0.6878 -0.0000
v 0.3574 0.6793 -0.0000
v 0.3738 0.6704 -0.0000
v 0.3898 0.6612 -0.0000
v 0.4057 0.6515 -0.0000
v 0.4212 0.6415 -0.0000
v 0.4366 0.6312 -0.0000
v 0.4516 0.6205 -0.0000
v 0.4664 0.6094 -0.0000
v 0.4809 0.5980 -0.0000
v 0.4951 0.5863 -0.0000
v 0.5091 0.5742 -0.0000
v 0.5227 0.5618 -0.0000
v 0.5360 0.5491 -0.0000
v 0.5491 0.5360 -0.0000
v 0.5618 0.5227 -0.0000
v 0.5742 0.5091 -0.0000
v 0.5863 0.4951 -0.0000
v 0.5980 0.4809 -0.0000
v 0.6094 0.4664 -0.0000
v 0.6205 0.4516 -0.0000
v 0.6312 0.4366 -0.0000
v 0.6415 0.4212 -0.0000
v 0.6515 0.4057 -0.0000
v 0.6612 0.3898 -0.0000
v 0.6704 0.3738 -0.0000
v 0.6793 0.3574 -0.0000
v 0.6878 0.3409 -0.0000
v 0.6959 0.3241 -0.0000
v 0.7036 0.3071 -0.0000
v 0.7109 0.2899 -0.0000
v 0.7177 0.2725 -0.0000
v 0.7242 0.2549 -0.0000
v 0.7303 0.2370 -0.0000
v 0.7359 0.2190 -0.0000
v 0.7411 0.2008 -0.0000
v 0.7458 0.1824 -0.0000
v 0.7501 0.1639 -0.0000
v 0.7539 0.1451 -0.0000
v 0.7573 0.1263 -0.0000
v 0.7602 0.1072 -0.0000
v 0.7627 0.0880 -0.0000
v 0.7646 0.0687 -0.0000
v 0.7661 0.0492 -0.0000
v 0.7671 0.0296 -0.0000
v 0.7676 0.0099 -0.0000
v 1.0213 -0.0263 -0.3530
v 1.0216 0.0000 -0.3530
v 1.0213 0.0263 -0.3530
v 1.0203 0.0525 -0.3530
v 1.0187 0.0785 -0.3530
v 1.0164 0.1043 -0.3530
v 1.0134 0.1299 -0.3530
v 1.0098 0.1554 -0.3530
v 1.0056 0.1806 -0.3530
v 1.0009 0.2056 -0.3530
v 0.9954 0.2305 -0.3530
v 0.9894 0.2550 -0.3530
v 0.9828 0.2794 -0.3530
v 0.9756 0.3035 -0.3530
v 0.9679 0.3273 -0.3530
v 0.9595 0.3509 -0.3530
v 0.9507 0.3742 -0.3530
v 0.9412 0.3973 -0.3530
v 0.9313 0.4201 -0.3530
v 0.9207 0.4425 -0.3530
v 0.9097 0.4647 -0.3530
v 0.8982 0.4866 -0.3530
v 0.8861 0.5081 -0.3530
v 0.8735 0.5294 -0.3530
v 0.8605 0.5503 -0.3530
v 0.8469 0.5708 -0.3530
v 0.8329 0.5910 -0.3530
v 0.8184 0.6109 -0.3530
v 0.8035 0.6304 -0.3530
v 0.7881 0.6495 -0.3530
v 0.7722 0.6682 -0.3530
v 0.7559 0.6866 -0.3530
v 0.7392 0.7045 -0.3530
v 0.7221 0.7221 -0.3530
v 0.7045 0.7392 -0.3530
v 0.6866 0.7559 -0.3530
v 0.6682 0.7722 -0.3530
v 0.6495 0.7881 -0.3530
v 0.6304 0.8035 -0.3530
v 0.6109 0.8184 -0.3530
v 0.5910 0.8329 -0.3530
v 0.5708 0.8469 -0.3530
v 0.5503 0.8605 -0.3530
v 0.5294 0.8735 -0.3530
v 0.5081 0.8861 -0.3530
v 0.4866 0.8982 -0.3530
v 0.4647 0.9097 -0.3530
v 0.4425 0.9207 -0.3530
v 0.4201 0.9313 -0.3530
v 0.3973 0.9412 -0.3530
v 0.3742 0.9507 -0.3530
v 0.3509 0.9595 -0.3530
v 0.3273 0.9679 -0.3530
v 0.3035 0.9756 -0.3530
v 0.2794 0.9828 -0.3530
v 0.2550 0.9894 -0.3530
v 0.2305 0.9954 -0.3530
v 0.2056 1.0009 -0.3530
v 0.1806 1.0056 -0.3530
v 0.1554 1.0098 -0.3530
v 0.1299 1.0134 -0.3530
v 0.1043 1.0164 -0.3530
v 0.0785 1.0187 -0.3530
v 0.0525 1.0203 -0.3530
v 0.0263 1.0213 -0.3530
v 0.0000 1.0216 -0.3530
v -0.0263 1.0213 -0.3530
v -0.0525 1.0203 -0.3530
v -0.0785 1.0187 -0.3530
v -0.1043 1.0164 -0.3530
v -0.1299 1.0134 -0.3530
v -0.1554 1.0098 -0.3530
v -0.1806 1.0056 -0.3530
v -0.2056 1.0009 -0.3530
v -0.2304 0.9954 -0.3530
v -0.2550 0.9894 -0.3530
v -0.2794 0.9828 -0.3530
v -0.3035 0.9756 -0.3530
v -0.3273 0.9679 -0.3530
v -0.3509 0.9595 -0.3530
v -0.3742 0.9507 -0.3530
v -0.3973 0.9412 -0.3530
v -0.4200 0.9313 -0.3530
v -0.4425 0.9207 -0.3530
v -0.4647 0.9097 -0.3530
v -0.4866 0.8982 -0.3530
v -0.5081 0.8861 -0.3530
v -0.5294 0.8735 -0.3530
v -0.5502 0.8605 -0.3530
v -0.5708 0.8469 -0.3530
v -0.5910 0.8329 -0.3530
v -0.6109 0.8184 -0.3530
v -0.6304 0.8035 -0.3530
v -0.6495 0.7881 -0.3530
v -0.6682 0.7722 -0.3530
v -0.6866 0.7559 -0.3530
v -0.7045 0.7392 -0.3530
v -0.7221 0.7221 -0.3530
v -0.7392 0.7045 -0.3530
v -0.7559 0.6866 -0.3530
v -0.7722 0.6682 -0.3530
v -0.7881 0.6495 -0.3530
v -0.8035 0.6304 -0.3530
v -0.8184 0.6109 -0.3530
v -0.8329 0.5910 -0.3530
v -0.8469 0.5708 -0.3530
v -0.8605 0.5503 -0.3530
v -0.8735 0.5294 -0.3530
v -0.8861 0.5081 -0.3530
v -0.8982 0.4866 -0.3530
v -0.9097 0.4647 -0.3530
v -0.9207 0.4425 -0.3530
v -0.9313 0.4201 -0.3530
v -0.9412 0.3973 -0.3530
v -0.9507 0.3742 -0.3530
v -0.9595 0.3509 -0.3530
v -0.9679 0.3273 -0.3530
v -0.9756 0.3035 -0.3530
v -0.9828 0.2794 -0.3530
v -0.9894 0.2550 -0.3530
v -0.9954 0.2305 -0.3530
v -1.0009 0.2056 -0.3530
v -1.0056 0.1806 -0.3530
v -1.0098 0.1554 -0.3530
v -1.0134 0.1299 -0.3530
v -1.0164 0.1043 -0.3530
v -1.0187 0.0785 -0.3530
v -1.0203 0.0525 -0.3530
v -1.0213 0.0263 -0.3530
v -1.0216 0.0000 -0.3530
v -1.0213 -0.0263 -0.3530
v -1.0203 -0.0525 -0.3530
v -1.0187 -0.0785 -0.3530
v -1.0164 -0.1043 -0.3530
v -1.0134 -0.1299 -0.3530
v -1.0098 -0.1554 -0.3530
v -1.0056 -0.1806 -0.3530
v -1.0009 -0.2056 -0.3530
v -0.9954 -0.2304 -0.3530
v -0.9894 -0.2550 -0.3530
v -0.9828 -0.2794 -0.3530
v -0.9756 -0.3035 -0.3530
v -0.9679 -0.3273 -0.3530
v -0.9595 -0.3509 -0.3530
v -0.9507 -0.3742 -0.3530
v -0.9412 -0.3973 -0.3530
v -0.9313 -0.4200 -0.3530
v -0.9207 -0.4425 -0.3530
v -0.9097 -0.4647 -0.3530
v -0.8982 -0.4866 -0.3530
v -0.8861 -0.5081 -0.3530
v -0.8735 -0.5294 -0.3530
v -0.8605 -0.5502 -0.3530
v -0.8469 -0.5708 -0.3530
v -0.8329 -0.5910 -0.3530
v -0.8184 -0.6109 -0.3530
v -0.8035 -0.6304 -0.3530
v -0.7881 -0.6495 -0.3530
v -0.7722 -0.6682 -0.3530
v -0.7559 -0.6866 -0.3530
v -0.7392 -0.7045 -0.3530
v -0.7221 -0.7221 -0.3530
v -0.7045 -0.7392 -0.3530
v -0.6866 -0.7559 -0.3530
v -0.6682 -0.7722 -0.3530
v -0.6495 -0.7881 -0.3530
v -0.6304 -0.8035 -0.3530
v -0.6109 -0.8184 -0.3530
v -0.5910 -0.8329 -0.3530
v -0.5708 -0.8469 -0.3530
v -0.5502 -0.8605 -0.3530
v -0.5294 -0.8735 -0.3530
v -0.5081 -0.8861 -0.3530
v -0.4866 -0.8982 -0.3530
v -0.4647 -0.9097 -0.3530
v -0.4425 -0.9207 -0.3530
v -0.4200 -0.9313 -0.3530
v -0.3973 -0.9412 -0.3530
v -0.3742 -0.9507 -0.3530
v -0.3509 -0.9595 -0.3530
v -0.3273 -0.9679 -0.3530
v -0.3035 -0.9756 -0.3530
v -0.2794 -0.9828 -0.3530
v -0.2550 -0.9894 -0.3530
v -0.2304 -0.9954 -0.3530
v -0.2056 -1.0009 -0.3530
v -0.1806 -1.0056 -0.3530
v -0.1554 -1.0098 -0.3530
v -0.1299 -1.0134 -0.3530
v -0.1043 -1.0164 -0.3530
v -0.0785 -1.0187 -0.3530
v -0.0525 -1.0203 -0.3530
v -0.0263 -1.0213 -0.3530
v 0.0000 -1.0216 -0.3530
v 0.0263 -1.0213 -0.3530
v 0.0525 -1.0203 -0.3530
v 0.0785 -1.0187 -0.3530
v 0.1043 -1.0164 -0.3530
v 0.1299 -1.0134 -0.3530
v 0.1554 -1.0098 -0.3530
v 0.1806 -1.0056 -0.3530
v 0.2056 -1.0009 -0.3530
v 0.2305 -0.9954 -0.3530
v 0.2550 -0.9894 -0.3530
v 0.2794 -0.9828 -0.3530
v 0.3035 -0.9756 -0.3530
v 0.3273 -0.9679 -0.3530
v 0.3509 -0.9595 -0.3530
v 0.3742 -0.9507 -0.3530
v 0.3973 -0.9412 -0.3530
v 0.4201 -0.9313 -0.3530
v 0.4425 -0.9207 -0.3530
v 0.4647 -0.9097 -0.3530
v 0.4866 -0.8982 -0.3530
v 0.5081 -0.8861 -0.3530
v 0.5294 -0.8735 -0.3530
v 0.5503 -0.8605 -0.3530
v 0.5708 -0.8469 -0.3530
v 0.5910 -0.8329 -0.3530
v 0.6109 -0.8184 -0.3530
v 0.6304 -0.8035 -0.3530
v 0.6495 -0.7881 -0.3530
v 0.6682 -0.7722 -0.3530
v 0.6866 -0.7559 -0.3530
v 0.7045 -0.7392 -0.3530
v 0.7221 -0.7221 -0.3530
v 0.7392 -0.7045 -0.3530
v 0.7559 -0.6866 -0.3530
v 0.7722 -0.6682 -0.3530
v 0.7881 -0.6495 -0.3530
v 0.8035 -0.6304 -0.3530
v 0.8184 -0.6109 -0.3530
v 0.8329 -0.5910 -0.3530
v 0.8469 -0.5708 -0.3530
v 0.8605 -0.5502 -0.3530
v 0.8735 -0.5294 -0.3530
v 0.8861 -0.5081 -0.3530
v 0.8982 -0.4866 -0.3530
v 0.9097 -0.4647 -0.3530
v 0.9207 -0.4425 -0.3530
v 0.9313 -0.4200 -0.3530
v 0.9412 -0.3973 -0.3530
v 0.9507 -0.3742 -0.3530
v 0.9595 -0.3509 -0.3530
v 0.9679 -0.3273 -0.3530
v 0.9756 -0.3035 -0.3530
v 0.9828 -0.2794 -0.3530
v 0.9894 -0.2550 -0.3530
v 0.9954 -0.2304 -0.3530
v 1.0009 -0.2056 -0.3530
v 1.0056 -0.1806 -0.3530
v 1.0098 -0.1554 -0.3530
v 1.0134 -0.1299 -0.3530
v 1.0164 -0.1043 -0.3530
v 1.0187 -0.0785 -0.3530
v 1.0203 -0.0525 -0.3530
v 1.0213 -0.0263 0.3530
v 1.0216 0.0000 0.3530
v 1.0213 0.0263 0.3530
v 1.0203 0.0525 0.3530
v 1.0187 0.0785 0.3530
v 1.0164 0.1043 0.3530
v 1.0134 0.1299 0.3530
v 1.0098 0.1554 0.3530
v 1.0056 0.1806 0.3530
v 1.0009 0.2056 0.3530
v 0.9954 0.2305 0.3530
v 0.9894 0.2550 0.3530
v 0.9828 0.2794 0.3530
v 0.9756 0.3035 0.3530
v 0.9679 0.3273 0.3530
v 0.9595 0.3509 0.3530
v 0.9507 0.3742 0.3530
v 0.9412 0.3973 0.3530
v 0.9313 0.4201 0.3530
v 0.9207 0.4425 0.3530
v 0.9097 0.4647 0.3530
v 0.8982 0.4866 0.3530
v 0.8861 0.5081 0.3530
v 0.8735 0.5294 0.3530
v 0.8605 0.5503 0.3530
v 0.8469 0.5708 0.3530
v 0.8329 0.5910 0.3530
v 0.8184 0.6109 0.3530
v 0.8035 0.6304 0.3530
v 0.7881 0.6495 0.3530
v 0.7722 0.6682 0.3530
v 0.7559 0.6866 0.3530
v 0.7392 0.7045 0.3530
v 0.7221 0.7221 0.3530
v 0.7045 0.7392 0.3530
v 0.6866 0.7559 0.3530
v 0.6682 0.7722 0.3530
v 0.6495 0.7881 0.3530
v 0.6304 0.8035 0.3530
v 0.6109 0.8184 0.3530
v 0.5910 0.8329 0.3530
v 0.5708 0.8469 0.3530
v 0.5503 0.8605 0.3530
v 0.5294 0.8735 0.3530
v 0.5081 0.8861 0.3530
v 0.4866 0.8982 0.3530
v 0.4647 0.9097 0.3530
v 0.4425 0.9207 0.3530
v 0.4201 0.9313 0.3530
v 0.3973 0.9412 0.3530
v 0.3742 0.9507 0.3530
v 0.3509 0.9595 0.3530
v 0.3273 0.9679 0.3530
v 0.3035 0.9756 0.3530
v 0.2794 0.9828 0.3530
v 0.2550 0.9894 0.3530
v 0.2305 0.9954 0.3530
v 0.2056 1.0009 0.3530
v 0.1806 1.0056 0.3530
v 0.1554 1.0098 0.3530
v 0.1299 1.0134 0.3530
v 0.1043 1.0164 0.3530
v 0.0785 1.0187 0.3530
v 0.0525 1.0203 0.3530
v 0.0263 1.0213 0.3530
v 0.0000 1.0216 0.3530
v -0.0263 1.0213 0.3530
v -0.0525 1.0203 0.3530
v -0.0785 1.0187 0.3530
v -0.1043 1.0164 0.3530
v -0.1299 1.0134 0.3530
v -0.1554 1.0098 0.3530
v -0.1806 1.0056 0.3530
v -0.2056 1.0009 0.3530
v -0.2304 0.9954 0.3530
v -0.2550 0.9894 0.3530
v -0.2794 0.9828 0.3530
v -0.3035 0.9756 0.3530
v -0.3273 0.9679 0.3530
v -0.3509 0.9595 0.3530
v -0.3742 0.9507 0.3530
v -0.3973 0.9412 0.3530
v -0.4200 0.9313 0.3530
v -0.4425 0.9207 0.3530
v -0.4647 0.9097 0.3530
v -0.4866 0.8982 0.3530
v -0.5081 0.8861 0.3530
v -0.5294 0.8735 0.3530
v -0.5502 0.8605 0.3530
v -0.5708 0.8469 0.3530
v -0.5910 0.8329 0.3530
v -0.6109 0.8184 0.3530
v -0.6304 0.8035 0.3530
v -0.6495 0.7881 0.3530
v -0.6682 0.7722 0.3530
v -0.6866 0.7559 0.3530
v -0.7045 0.7392 0.3530
v -0.7221 0.7221 0.3530
v -0.7392 0.7045 0.3530
v -0.7559 0.6866 0.3530
v -0.7722 0.6682 0.3530
v -0.7881 0.6495 0.3530
v -0.8035 0.6304 0.3530
v -0.8184 0.6109 0.3530
v -0.8329 0.5910 0.3530
v -0.8469 0.5708 0.3530
v -0.8605 0.5503 0.3530
v -0.8735 0.5294 0.3530
v -0.8861 0.5081 0.3530
v -0.8982 0.4866 0.3530
v -0.9097 0.4647 0.3530
v -0.9207 0.4425 0.3530
v -0.9313 0.4201 0.3530
v -0.9412 0.3973 0.3530
v -0.9507 0.3742 0.3530
v -0.9595 0.3509 0.3530
v -0.9679 0.3273 0.3530
v -0.9756 0.3035 0.3530
v -0.9828 0.2794 0.3530
v -0.9894 0.2550 0.3530
v -0.9954 0.2305 0.3530
v -1.0009 0.2056 0.3530
v -1.0056 0.1806 0.3530
v -1.0098 0.1554 0.3530
v -1.0134 0.1299 0.3530
v -1.0164 0.1043 0.3530
v -1.0187 0.0785 0.3530
v -1.0203 0.0525 0.3530
v -1.0213 0.0263 0.3530
v -1.0216 0.0000 0.3530
v -1.0213 -0.0263 0.3530
v -1.0203 -0.0525 0.3530
v -1.0187 -0.0785 0.3530
v -1.0164 -0.1043 0.3530
v -1.0134 -0.1299 0.3530
v -1.0098 -0.1554 0.3530
v -1.0056 -0.1806 0.3530
v -1.0009 -0.2056 0.3530
v -0.9954 -0.2304 0.3530
v -0.9894 -0.2550 0.3530
v -0.9828 -0.2794 0.3530
v -0.9756 -0.3035 0.3530
v -0.9679 -0.3273 0.3530
v -0.9595 -0.3509 0.3530
v -0.9507 -0.3742 0.3530
v -0.9412 -0.3973 0.3530
v -0.9313 -0.4200 0.3530
v -0.9207 -0.4425 0.3530
v -0.9097 -0.4647 0.3530
v -0.8982 -0.4866 0.3530
v -0.8861 -0.5081 0.3530
v -0.8735 -0.5294 0.3530
v -0.8605 -0.5502 0.3530
v -0.8469 -0.5708 0.3530
v -0.8329 -0.5910 0.3530
v -0.8184 -0.6109 0.3530
v -0.8035 -0.6304 0.3530
v -0.7881 -0.6495 0.3530
v -0.7722 -0.6682 0.3530
v -0.7559 -0.6866 0.3530
v -0.7392 -0.7045 0.3530
v -0.7221 -0.7221 0.3530
v -0.7045 -0.7392 0.3530
v -0.6866 -0.7559 0.3530
v -0.6682 -0.7722 0.3530
v -0.6495 -0.7881 0.3530
v -0.6304 -0.8035 0.3530
v -0.6109 -0.8184 0.3530
v -0.5910 -0.8329 0.3530
v -0.5708 -0.8469 0.3530
v -0.5502 -0.8605 0.3530
v -0.5294 -0.8735 0.3530
v -0.5081 -0.8861 0.3530
v -0.4866 -0.8982 0.3530
v -0.4647 -0.9097 0.3530
v -0.4425 -0.9207 0.3530
v -0.4200 -0.9313 0.3530
v -0.3973 -0.9412 0.3530
v -0.3742 -0.9507 0.3530
v -0.3509 -0.9595 0.3530
v -0.3273 -0.9679 0.3530
v -0.3035 -0.9756 0.3530
v -0.2794 -0.9828 0.3530
v -0.2550 -0.9894 0.3530
v -0.2304 -0.9954 0.3530
v -0.2056 -1.0009 0.3530
v -0.1806 -1.0056 0.3530
v -0.1554 -1.0098 0.3530
v -0.1299 -1.0134 0.3530
v -0.1043 -1.0164 0.3530
v -0.0785 -1.0187 0.3530
v -0.0525 -1.0203 0.3530
v -0.0263 -1.0213 0.3530
v 0.0000 -1.0216 0.3530
v 0.0263 -1.0213 0.3530
v 0.0525 -1.0203 0.3530
v 0.0785 -1.0187 0.3530
v 0.1043 -1.0164 0.3530
v 0.1299 -1.0134 0.3530
v 0.1554 -1.0098 0.3530
v 0.1806 -1.0056 0.3530
v 0.2056 -1.0009 0.3530
v 0.2305 -0.9954 0.3530
v 0.2550 -0.9894 0.3530
v 0.2794 -0.9828 0.3530
v 0.3035 -0.9756 0.3530
v 0.3273 -0.9679 0.3530
v 0.3509 -0.9595 0.3530
v 0.3742 -0.9507 0.3530
v 0.3973 -0.9412 0.3530
v 0.4201 -0.9313 0.3530
v 0.4425 -0.9207 0.3530
v 0.4647 -0.9097 0.3530
v 0.4866 -0.8982 0.3530
v 0.5081 -0.8861 0.3530
v 0.5294 -0.8735 0.3530
v 0.5503 -0.8605 0.3530
v 0.5708 -0.8469 0.3530
v 0.5910 -0.8329 0.3530
v 0.6109 -0.8184 0.3530
v 0.6304 -0.8035 0.3530
v 0.6495 -0.7881 0.3530
v 0.6682 -0.7722 0.3530
v 0.6866 -0.7559 0.3530
v 0.7045 -0.7392 0.3530
v 0.7221 -0.7221 0.3530
v 0.7392 -0.7045 0.3530
v 0.7559 -0.6866 0.3530
v 0.7722 -0.6682 0.3530
v 0.7881 -0.6495 0.3530
v 0.8035 -0.6304 0.3530
v 0.8184 -0.6109 0.3530
v 0.8329 -0.5910 0.3530
v 0.8469 -0.5708 0.3530
v 0.8605 -0.5502 0.3530
v 0.8735 -0.5294 0.3530
v 0.8861 -0.5081 0.3530
v 0.8982 -0.4866 0.3530
v 0.9097 -0.4647 0.3530
v 0.9207 -0.4425 0.3530
v 0.9313 -0.4200 0.3530
v 0.9412 -0.3973 0.3530
v 0.9507 -0.3742 0.3530
v 0.9595 -0.3509 0.3530
v 0.9679 -0.3273 0.3530
v 0.9756 -0.3035 0.3530
v 0.9828 -0.2794 0.3530
v 0.9894 -0.2550 0.3530
v 0.9954 -0.2304 0.3530
v 1.0009 -0.2056 0.3530
v 1.0056 -0.1806 0.3530
v 1.0098 -0.1554 0.3530
v 1.0134 -0.1299 0.3530
v 1.0164 -0.1043 0.3530
v 1.0187 -0.0785 0.3530
v 1.0203 -0.0525 0.3530
v 1.0215 -0.0132 -0.0000
v 1.0215 0.0132 -0.0000
v 1.0208 0.0394 -0.0000
v 1.0195 0.0655 -0.0000
v 1.0175 0.0914 -0.0000
v 1.0149 0.1171 -0.0000
v 1.0116 0.1427 -0.0000
v 1.0077 0.1680 -0.0000
v 1.0032 0.1931 -0.0000
v 0.9981 0.2180 -0.0000
v 0.9924 0.2427 -0.0000
v 0.9861 0.2672 -0.0000
v 0.9792 0.2914 -0.0000
v 0.9718 0.3154 -0.0000
v 0.9637 0.3391 -0.0000
v 0.9551 0.3626 -0.0000
v 0.9459 0.3858 -0.0000
v 0.9362 0.4087 -0.0000
v 0.9260 0.4313 -0.0000
v 0.9152 0.4536 -0.0000
v 0.9039 0.4756 -0.0000
v 0.8921 0.4974 -0.0000
v 0.8798 0.5187 -0.0000
v 0.8670 0.5398 -0.0000
v 0.8537 0.5605 -0.0000
v 0.8399 0.5809 -0.0000
v 0.8257 0.6010 -0.0000
v 0.8109 0.6206 -0.0000
v 0.7958 0.6399 -0.0000
v 0.7801 0.6589 -0.0000
v 0.7641 0.6774 -0.0000
v 0.7476 0.6956 -0.0000
v 0.7306 0.7133 -0.0000
v 0.7133 0.7306 -0.0000
v 0.6956 0.7476 -0.0000
v 0.6774 0.7641 -0.0000
v 0.6589 0.7801 -0.0000
v 0.6399 0.7958 -0.0000
v 0.6206 0.8109 -0.0000
v 0.6010 0.8257 -0.0000
v 0.5809 0.8399 -0.0000
v 0.5605 0.8537 -0.0000
v 0.5398 0.8670 -0.0000
v 0.5187 0.8798 -0.0000
v 0.4974 0.8921 -0.0000
v 0.4756 0.9039 -0.0000
v 0.4536 0.9152 -0.0000
v 0.4313 0.9260 -0.0000
v 0.4087 0.9362 -0.0000
v 0.3858 0.9459 -0.0000
v 0.3626 0.9551 -0.0000
v 0.3391 0.9637 -0.0000
v 0.3154 0.9718 -0.0000
v 0.2914 0.9792 -0.0000
v 0.2672 0.9861 -0.0000
v 0.2427 0.9924 -0.0000
v 0.2180 0.9981 -0.0000
v 0.1931 1.0032 -0.0000
v 0.1680 1.0077 -0.0000
v 0.1427 1.0116 -0.0000
v 0.1171 1.0149 -0.0000
v 0.0914 1.0175 -0.0000
v 0.0655 1.0195 -0.0000
v 0.0394 1.0208 -0.0000
v 0.0132 1.0215 -0.0000
v -0.0132 1.0215 -0.0000
v -0.0394 1.0208 -0.0000
v -0.0655 1.0195 -0.0000
v -0.0914 1.0175 -0.0000
v -0.1171 1.0149 -0.0000
v -0.1426 1.0116 -0.0000
v -0.1680 1.0077 -0.0000
v -0.1931 1.0032 -0.0000
v -0.2180 0.9981 -0.0000
v -0.2427 0.9924 -0.0000
v -0.2672 0.9861 -0.0000
v -0.2914 0.9792 -0.0000
v -0.3154 0.9718 -0.0000
v -0.3391 0.9637 -0.0000
v -0.3626 0.9551 -0.0000
v -0.3858 0.9459 -0.0000
v -0.4087 0.9362 -0.0000
v -0.4313 0.9260 -0.0000
v -0.4536 0.9152 -0.0000
v -0.4756 0.9039 -0.0000
v -0.4973 0.8921 -0.0000
v -0.5187 0.8798 -0.0000
v -0.5398 0.8670 -0.0000
v -0.5605 0.8537 -0.0000
v -0.5809 0.8399 -0.0000
v -0.6009 0.8257 -0.0000
v -0.6206 0.8109 -0.0000
v -0.6399 0.7958 -0.0000
v -0.6588 0.7801 -0.0000
v -0.6774 0.7641 -0.0000
v -0.6955 0.7476 -0.0000
v -0.7133 0.7306 -0.0000
v -0.7306 0.7133 -0.0000
v -0.7476 0.6956 -0.0000
v -0.7641 0.6774 -0.0000
v -0.7801 0.6589 -0.0000
v -0.7958 0.6399 -0.0000
v -0.8109 0.6206 -0.0000
v -0.8257 0.6010 -0.0000
v -0.8399 0.5809 -0.0000
v -0.8537 0.5605 -0.0000
v -0.8670 0.5398 -0.0000
v -0.8798 0.5187 -0.0000
v -0.8921 0.4974 -0.0000
v -0.9039 0.4756 -0.0000
v -0.9152 0.4536 -0.0000
v -0.9260 0.4313 -0.0000
v -0.9362 0.4087 -0.0000
v -0.9459 0.3858 -0.0000
v -0.9551 0.3626 -0.0000
v -0.9637 0.3391 -0.0000
v -0.9718 0.3154 -0.0000
v -0.9792 0.2914 -0.0000
v -0.9861 0.2672 -0.0000
v -0.9924 0.2427 -0.0000
v -0.9981 0.2180 -0.0000
v -1.0032 0.1931 -0.0000
v -1.0077 0.1680 -0.0000
v -1.0116 0.1427 -0.0000
v -1.0149 0.1171 -0.0000
v -1.0175 0.0914 -0.0000
v -1.0195 0.0655 -0.0000
v -1.0208 0.0394 -0.0000
v -1.0215 0.0132 -0.0000
v -1.0215 -0.0132 -0.0000
v -1.0208 -0.0394 -0.0000
v -1.0195 -0.0655 -0.0000
v -1.0175 -0.0914 -0.0000
v -1.0149 -0.1171 -0.0000
v -1.0116 -0.1426 -0.0000
v -1.0077 -0.1680 -0.0000
v -1.0032 -0.1931 -0.0000
v -0.9981 -0.2180 -0.0000
v -0.9924 -0.2427 -0.0000
v -0.9861 -0.2672 -0.0000
v -0.9792 -0.2914 -0.0000
v -0.9718 -0.3154 -0.0000
v -0.9637 -0.3391 -0.0000
v -0.9551 -0.3626 -0.0000
v -0.9459 -0.3858 -0.0000
v -0.9362 -0.4087 -0.0000
v -0.9260 -0.4313 -0.0000
v -0.9152 -0.4536 -0.0000
v -0.9039 -0.4756 -0.0000
v -0.8921 -0.4973 -0.0000
v -0.8798 -0.5187 -0.0000
v -0.8670 -0.5398 -0.0000
v -0.8537 -0.5605 -0.0000
v -0.8399 -0.5809 -0.0000
v -0.8257 -0.6009 -0.0000
v -0.8109 -0.6206 -0.0000
v -0.7958 -0.6399 -0.0000
v -0.7801 -0.6588 -0.0000
v -0.7641 -0.6774 -0.0000
v -0.7476 -0.6955 -0.0000
v -0.7306 -0.7133 -0.0000
v -0.7133 -0.7306 -0.0000
v -0.6955 -0.7476 -0.0000
v -0.6774 -0.7641 -0.0000
v -0.6588 -0.7801 -0.0000
v -0.6399 -0.7958 -0.0000
v -0.6206 -0.8109 -0.0000
v -0.6009 -0.8257 -0.0000
v -0.5809 -0.8399 -0.0000
v -0.5605 -0.8537 -0.0000
v -0.5398 -0.8670 -0.0000
v -0.5187 -0.8798 -0.0000
v -0.4973 -0.8921 -0.0000
v -0.4756 -0.9039 -0.0000
v -0.4536 -0.9152 -0.0000
v -0.4313 -0.9260 -0.0000
v -0.4087 -0.9362 -0.0000
v -0.3858 -0.9459 -0.0000
v -0.3626 -0.9551 -0.0000
v -0.3391 -0.9637 -0.0000
v -0.3154 -0.9718 -0.0000
v -0.2914 -0.9792 -0.0000
v -0.2672 -0.9861 -0.0000
v -0.2427 -0.9924 -0.0000
v -0.2180 -0.9981 -0.0000
v -0.1931 -1.0032 -0.0000
v -0.1680 -1.0077 -0.0000
v -0.1426 -1.0116 -0.0000
v -0.1171 -1.0149 -0.0000
v -0.0914 -1.0175 -0.0000
v -0.0655 -1.0195 -0.0000
v -0.0394 -1.0208 -0.0000
v -0.0132 -1.0215 -0.0000
v 0.0132 -1.0215 -0.0000
v 0.0394 -1.0208 -0.0000
v 0.0655 -1.0195 -0.0000
v 0.0914 -1.0175 -0.0000
v 0.1171 -1.0149 -0.0000
v 0.1427 -1.0116 -0.0000
v 0.1680 -1.0077 -0.0000
v 0.1931 -1.0032 -0.0000
v 0.2180 -0.9981 -0.0000
v 0.2427 -0.9924 -0.0000
v 0.2672 -0.9861 -0.0000
v 0.2914 -0.9792 -0.0000
v 0.3154 -0.9718 -0.0000
v 0.3391 -0.9637 -0.0000
v 0.3626 -0.9551 -0.0000
v 0.3858 -0.9459 -0.0000
v 0.4087 -0.9362 -0.0000
v 0.4313 -0.9260 -0.0000
v 0.4536 -0.9152 -0.0000
v 0.4756 -0.9039 -0.0000
v 0.4974 -0.8921 -0.0000
v 0.5187 -0.8798 -0.0000
v 0.5398 -0.8670 -0.0000
v 0.5605 -0.8537 -0.0000
v 0.5809 -0.8399 -0.0000
v 0.6010 -0.8257 -0.0000
v 0.6206 -0.8109 -0.0000
v 0.6399 -0.7958 -0.0000
v 0.6589 -0.7801 -0.0000
v 0.6774 -0.7641 -0.0000
v 0.6956 -0.7476 -0.0000
v 0.7133 -0.7306 -0.0000
v 0.7306 -0.7133 -0.0000
v 0.7476 -0.6955 -0.0000
v 0.7641 -0.6774 -0.0000
v 0.7801 -0.6588 -0.0000
v 0.7958 -0.6399 -0.0000
v 0.8109 -0.6206 -0.0000
v 0.8257 -0.6009 -0.0000
v 0.8399 -0.5809 -0.0000
v 0.8537 -0.5605 -0.0000
v 0.8670 -0.5398 -0.0000
v 0.8798 -0.5187 -0.0000
v 0.8921 -0.4973 -0.0000
v 0.9039 -0.4756 -0.0000
v 0.9152 -0.4536 -0.0000
v 0.9260 -0.4313 -0.0000
v 0.9362 -0.4087 -0.0000
v 0.9459 -0.3858 -0.0000
v 0.9551 -0.3626 -0.0000
v 0.9637 -0.3391 -0.0000
v 0.9718 -0.3154 -0.0000
v 0.9792 -0.2914 -0.0000
v 0.9861 -0.2672 -0.0000
v 0.9924 -0.2427 -0.0000
v 0.9981 -0.2180 -0.0000
v 1.0032 -0.1931 -0.0000
v 1.0077 -0.1680 -0.0000
v 1.0116 -0.1426 -0.0000
v 1.0149 -0.1171 -0.0000
v 1.0175 -0.0914 -0.0000
v 1.0195 -0.0655 -0.0000
v 1.0208 -0.0394 -0.0000
f 1177 363 1176
f 1176 364 1175
f 1178 362 1177
f 359 1180 1181
f 1180 360 1179
f 1179 361 1178
f 1181 358 359
f 1170 370 1169
f 1169 371 1168
f 1171 369 1170
f 366 1173 1174
f 1173 367 1172
f 1172 368 1171
f 1175 365 1174
f 358 1181 1182
f 1186 354 1185
f 1184 1185 355
f 1186 1187 352
f 349 1189 1190
f 1189 350 1188
f 1187 1188 351
f 348 1190 1191
f 363 364 1176
f 1177 362 363
f 365 1175 364
f 1182 1183 357
f 360 1180 359
f 362 1178 361
f 361 1179 360
f 356 1183 1184
f 1191 1192 347
f 1174 365 366
f 1161 378 1160
f 1159 1160 379
f 1161 1162 377
f 1165 375 1164
f 1164 376 1163
f 1163 376 1162
f 1166 374 1165
f 1156 1157 382
f 383 1155 1156
f 381 382 1157
f 382 383 1156
f 1159 380 1158
f 384 1155 383
f 381 1157 1158
f 1155 384 1154
f 1166 1167 373
f 372 1168 371
f 372 373 1167
f 372 1167 1168
f 368 1172 367
f 370 1170 369
f 369 1171 368
f 1169 370 371
f 378 379 1160
f 380 381 1158
f 379 380 1159
f 374 375 1165
f 376 377 1162
f 375 376 1164
f 378 1161 377
f 373 374 1166
f 1173 366 367
f 1203 336 1202
f 1201 1202 337
f 1203 1204 335
f 332 1206 1207
f 1206 333 1205
f 1204 1205 334
f 338 1200 1201
f 343 1195 1196
f 1195 344 1194
f 1197 342 1196
f 339 1199 1200
f 340 1198 1199
f 1198 341 1197
f 345 1193 1194
f 1208 331 1207
f 1213 327 1212
f 1212 328 1211
f 326 1213 1214
f 1216 1217 323
f 324 1215 1216
f 325 1214 1215
f 322 1217 1218
f 330 1209 1210
f 1211 329 1210
f 325 326 1214
f 1208 1209 330
f 323 1217 322
f 325 1215 324
f 324 1216 323
f 1218 321 322
f 1218 320 321
f 326 327 1213
f 348 1191 347
f 350 1189 349
f 349 1190 348
f 343 344 1195
f 345 346 1193
f 344 345 1194
f 1192 346 347
f 356 1184 355
f 358 1182 357
f 357 1183 356
f 352 1187 351
f 354 1186 353
f 353 1186 352
f 1185 354 355
f 351 1188 350
f 331 332 1207
f 333 334 1205
f 332 333 1206
f 327 328 1212
f 329 330 1210
f 328 329 1211
f 331 1208 330
f 339 340 1199
f 341 342 1197
f 340 341 1198
f 335 336 1203
f 337 338 1201
f 336 337 1202
f 339 1200 338
f 334 335 1204
f 343 1196 342
f 1193 346 1192
f 1153 387 1152
f 1152 388 1151
f 1153 1154 386
f 1151 389 1150
f 390 1149 1150
f 1149 391 1148
f 386 1154 385
f 1154 384 385
f 393 1146 1147
f 394 1145 1146
f 1147 1148 392
f 1143 1144 395
f 394 1144 1145
f 1142 1143 396
f 1142 397 1141
f 386 387 1153
f 387 388 1152
f 389 390 1150
f 388 389 1151
f 391 392 1148
f 393 394 1146
f 392 393 1147
f 390 391 1149
f 395 396 1143
f 397 398 1141
f 396 397 1142
f 1140 398 399
f 1138 400 401
f 1139 399 400
f 1141 398 1140
f 394 395 1144
f 1137 401 402
f 1139 400 1138
f 1137 1138 401
f 402 1136 1137
f 1135 1136 403
f 1134 1135 404
f 1134 405 1133
f 1133 406 1132
f 1131 1132 407
f 1130 1131 408
f 409 1129 1130
f 1129 410 1128
f 1127 1128 411
f 1127 412 1126
f 1125 1126 413
f 1139 1140 399
f 405 1134 404
f 407 1132 406
f 406 1133 405
f 409 1130 408
f 1125 414 1124
f 410 1129 409
f 408 1131 407
f 1122 1123 416
f 418 1121 1122
f 415 1123 1124
f 1119 1120 420
f 421 1118 1119
f 1120 1121 419
f 1117 1118 422
f 411 1128 410
f 404 1135 403
f 402 403 1136
f 413 1126 412
f 415 1124 414
f 414 1125 413
f 417 1122 416
f 419 1121 418
f 418 1122 417
f 416 1123 415
f 421 1119 420
f 423 1117 422
f 422 1118 421
f 423 424 1116
f 425 426 1114
f 424 425 1115
f 423 1116 1117
f 420 1120 419
f 427 428 1112
f 429 430 1110
f 428 429 1111
f 431 432 1108
f 433 434 1106
f 432 433 1107
f 430 431 1109
f 435 436 1104
f 437 438 1102
f 436 437 1103
f 439 440 1100
f 441 442 1097
f 440 441 1098
f 438 439 1101
f 434 435 1105
f 426 427 1113
f 1113 427 1112
f 1112 428 1111
f 426 1113 1114
f 430 1109 1110
f 431 1108 1109
f 429 1110 1111
f 1114 1115 425
f 434 1105 1106
f 435 1104 1105
f 1106 1107 433
f 1102 1103 437
f 1101 1102 438
f 1103 1104 436
f 1107 1108 432
f 1116 424 1115
f 440 1098 1099
f 1100 440 1099
f 1095 443 444
f 1100 1101 439
f 1094 444 445
f 1092 446 447
f 1093 445 446
f 1091 447 448
f 441 1097 1098
f 442 1096 1097
f 1095 1096 443
f 444 1094 1095
f 445 1093 1094
f 1092 1093 446
f 447 1091 1092
f 448 1090 1091
f 443 1096 442
f 412 1127 411
f 1220 319 1219
f 318 1220 1221
f 1221 1222 317
f 315 1223 1224
f 315 1224 314
f 1222 1223 316
f 314 1224 1225
f 320 1219 319
f 318 1221 317
f 1220 318 319
f 312 1226 1227
f 316 1223 315
f 312 1227 1228
f 316 317 1222
f 1225 1226 313
f 1219 320 1218
f 310 1229 1230
f 1230 1231 309
f 308 1231 1232
f 1233 1234 306
f 1235 305 1234
f 307 1232 1233
f 304 1235 1236
f 1237 1238 302
f 1239 301 1238
f 1239 1240 300
f 1242 298 1241
f 297 1242 1243
f 1240 1241 299
f 1236 1237 303
f 1229 311 1228
f 296 1243 1244
f 313 314 1225
f 311 312 1228
f 313 1226 312
f 309 310 1230
f 307 308 1232
f 309 1231 308
f 311 1229 310
f 305 306 1234
f 303 304 1236
f 305 1235 304
f 301 302 1238
f 299 300 1240
f 301 1239 300
f 303 1237 302
f 307 1233 306
f 297 298 1242
f 295 296 1244
f 297 1243 296
f 1246 293 294
f 1248 291 292
f 292 293 1247
f 294 295 1245
f 1250 289 290
f 1251 287 288
f 288 289 1250
f 1253 285 286
f 1255 283 284
f 284 285 1254
f 286 287 1252
f 290 291 1249
f 299 1241 298
f 1244 1245 295
f 1246 1247 293
f 1247 1248 292
f 291 1248 1249
f 1251 288 1250
f 1252 287 1251
f 1250 290 1249
f 1252 1253 286
f 1257 281 282
f 1259 279 280
f 280 281 1258
f 1261 277 278
f 1263 275 276
f 276 277 1262
f 278 279 1260
f 1253 1254 285
f 1246 294 1245
f 1255 1256 283
f 1256 282 283
f 1257 282 1256
f 1258 1259 280
f 1260 279 1259
f 1258 281 1257
f 1261 278 1260
f 1262 1263 276
f 1264 275 1263
f 274 275 1264
f 1265 1266 273
f 1266 1267 272
f 1265 274 1264
f 277 1261 1262
f 284 1254 1255
f 271 1267 1268
f 274 1265 273
f 272 1267 271
f 1266 272 273
f 269 270 1269
f 267 268 1271
f 269 1270 268
f 1268 270 271
f 265 266 1274
f 263 264 1276
f 265 1275 264
f 261 262 1278
f 259 260 1280
f 261 1279 260
f 263 1277 262
f 267 1272 266
f 268 1270 1271
f 1272 267 1271
f 1273 266 1272
f 1274 1275 265
f 1276 264 1275
f 1274 266 1273
f 1276 1277 263
f 1279 261 1278
f 1026 257 258
f 1279 1280 260
f 262 1277 1278
f 1025 258 259
f 1026 258 1025
f 1280 1025 259
f 257 1026 512
f 1270 269 1269
f 1268 1269 270
f 465 466 1073
f 463 464 1075
f 465 1074 464
f 469 470 1069
f 467 468 1071
f 469 1070 468
f 466 467 1072
f 457 458 1082
f 455 456 1084
f 457 1083 456
f 461 462 1077
f 459 460 1079
f 461 1078 460
f 458 459 1080
f 463 1076 462
f 1058 480 481
f 1060 478 479
f 479 480 1059
f 1055 484 485
f 1057 482 483
f 483 484 1056
f 1058 481 482
f 473 474 1065
f 471 472 1067
f 473 1066 472
f 1062 476 477
f 1064 474 475
f 475 476 1063
f 1065 474 1064
f 477 478 1061
f 470 471 1068
f 1088 451 452
f 1090 449 450
f 450 451 1089
f 1086 453 454
f 1083 457 1082
f 1081 1082 458
f 452 453 1087
f 1084 456 1083
f 1087 1088 452
f 1088 1089 451
f 1089 1090 450
f 1085 454 455
f 1086 454 1085
f 1086 1087 453
f 455 1084 1085
f 449 1090 448
f 1072 467 1071
f 466 1072 1073
f 468 1070 1071
f 470 1068 1069
f 469 1069 1070
f 471 1067 1068
f 1073 1074 465
f 459 1079 1080
f 458 1080 1081
f 1078 1079 460
f 1076 1077 462
f 1077 1078 461
f 1075 1076 463
f 1075 464 1074
f 472 1066 1067
f 473 1065 1066
f 485 486 1054
f 504 505 1034
f 502 503 1037
f 504 1036 503
f 508 509 1030
f 506 507 1032
f 508 1031 507
f 505 506 1033
f 1043 496 497
f 1045 494 495
f 495 496 1044
f 500 501 1039
f 1041 498 499
f 499 500 1040
f 1042 497 498
f 502 1038 501
f 1028 510 511
f 1031 1032 507
f 1031 508 1030
f 511 512 1027
f 1029 510 1028
f 509 1029 1030
f 1028 511 1027
f 512 1026 1027
f 1038 502 1037
f 1036 1037 503
f 1039 501 1038
f 1034 1035 504
f 1036 504 1035
f 1033 1034 505
f 1032 1033 506
f 1029 509 510
f 500 1039 1040
f 1051 488 489
f 484 1055 1056
f 487 488 1052
f 1048 491 492
f 489 490 1050
f 491 1049 490
f 492 493 1047
f 1056 1057 483
f 476 1062 1063
f 475 1063 1064
f 1061 1062 477
f 1059 1060 479
f 1060 1061 478
f 1058 1059 480
f 1057 1058 482
f 486 487 1053
f 1046 494 1045
f 1046 493 494
f 1046 1047 493
f 1043 497 1042
f 496 1043 1044
f 1045 495 1044
f 1048 492 1047
f 1053 487 1052
f 486 1053 1054
f 485 1054 1055
f 1050 490 1049
f 489 1050 1051
f 1052 488 1051
f 491 1048 1049
f 1041 1042 498
f 499 1040 1041
f 107 921 920
f 108 920 919
f 106 922 921
f 924 103 925
f 104 924 923
f 105 923 922
f 102 925 103
f 114 914 913
f 115 913 912
f 113 915 914
f 917 110 918
f 111 917 916
f 112 916 915
f 109 919 918
f 925 102 926
f 98 930 929
f 929 928 99
f 931 930 96
f 933 93 934
f 94 933 932
f 932 931 95
f 934 92 935
f 108 107 920
f 106 921 107
f 919 109 108
f 927 926 101
f 924 104 103
f 922 106 105
f 923 105 104
f 927 100 928
f 936 935 91
f 109 918 110
f 122 905 904
f 904 903 123
f 906 905 121
f 119 909 908
f 120 908 907
f 120 907 906
f 118 910 909
f 901 900 126
f 899 127 900
f 126 125 901
f 127 126 900
f 124 903 902
f 899 128 127
f 901 125 902
f 128 899 898
f 911 910 117
f 912 116 115
f 117 116 911
f 911 116 912
f 916 112 111
f 914 114 113
f 915 113 112
f 114 913 115
f 123 122 904
f 125 124 902
f 124 123 903
f 119 118 909
f 121 120 906
f 120 119 908
f 905 122 121
f 118 117 910
f 110 917 111
f 80 947 946
f 946 945 81
f 948 947 79
f 950 76 951
f 77 950 949
f 949 948 78
f 944 82 945
f 939 87 940
f 88 939 938
f 86 941 940
f 943 83 944
f 942 84 943
f 85 942 941
f 937 89 938
f 75 952 951
f 71 957 956
f 72 956 955
f 957 70 958
f 961 960 67
f 959 68 960
f 958 69 959
f 961 66 962
f 953 74 954
f 73 955 954
f 70 69 958
f 953 952 74
f 961 67 66
f 959 69 68
f 960 68 67
f 65 962 66
f 64 962 65
f 71 70 957
f 935 92 91
f 933 94 93
f 934 93 92
f 88 87 939
f 90 89 937
f 89 88 938
f 90 936 91
f 928 100 99
f 926 102 101
f 927 101 100
f 931 96 95
f 930 98 97
f 930 97 96
f 98 929 99
f 932 95 94
f 76 75 951
f 78 77 949
f 77 76 950
f 72 71 956
f 74 73 954
f 73 72 955
f 952 75 74
f 84 83 943
f 86 85 941
f 85 84 942
f 80 79 947
f 82 81 945
f 81 80 946
f 944 83 82
f 79 78 948
f 940 87 86
f 90 937 936
f 131 897 896
f 132 896 895
f 898 897 130
f 133 895 894
f 893 134 894
f 135 893 892
f 898 130 129
f 128 898 129
f 890 137 891
f 889 138 890
f 892 891 136
f 888 887 139
f 888 138 889
f 887 886 140
f 141 886 885
f 131 130 897
f 132 131 896
f 134 133 894
f 133 132 895
f 136 135 892
f 138 137 890
f 137 136 891
f 135 134 893
f 140 139 887
f 142 141 885
f 141 140 886
f 142 884 143
f 144 882 145
f 143 883 144
f 142 885 884
f 139 138 888
f 145 881 146
f 144 883 882
f 882 881 145
f 880 146 881
f 880 879 147
f 879 878 148
f 149 878 877
f 150 877 876
f 876 875 151
f 875 874 152
f 873 153 874
f 154 873 872
f 872 871 155
f 156 871 870
f 870 869 157
f 884 883 143
f 878 149 148
f 876 151 150
f 877 150 149
f 874 153 152
f 158 869 868
f 873 154 153
f 875 152 151
f 867 866 160
f 865 162 866
f 867 159 868
f 864 863 164
f 862 165 863
f 865 864 163
f 862 861 166
f 872 155 154
f 879 148 147
f 147 146 880
f 870 157 156
f 868 159 158
f 869 158 157
f 866 161 160
f 865 163 162
f 866 162 161
f 867 160 159
f 863 165 164
f 861 167 166
f 862 166 165
f 168 167 860
f 170 169 858
f 169 168 859
f 860 167 861
f 864 164 163
f 172 171 856
f 174 173 854
f 173 172 855
f 176 175 852
f 178 177 850
f 177 176 851
f 175 174 853
f 180 179 848
f 182 181 846
f 181 180 847
f 184 183 844
f 186 185 841
f 185 184 842
f 183 182 845
f 179 178 849
f 171 170 857
f 171 857 856
f 172 856 855
f 857 170 858
f 853 174 854
f 852 175 853
f 854 173 855
f 859 858 169
f 849 178 850
f 848 179 849
f 851 850 177
f 847 846 181
f 846 845 182
f 848 847 180
f 852 851 176
f 168 860 859
f 842 184 843
f 184 844 843
f 187 839 188
f 845 844 183
f 188 838 189
f 190 836 191
f 189 837 190
f 191 835 192
f 841 185 842
f 840 186 841
f 840 839 187
f 838 188 839
f 837 189 838
f 837 836 190
f 835 191 836
f 834 192 835
f 840 187 186
f 871 156 155
f 63 964 963
f 964 62 965
f 966 965 61
f 967 59 968
f 968 59 58
f 967 966 60
f 968 58 969
f 963 64 63
f 965 62 61
f 62 964 63
f 970 56 971
f 967 60 59
f 971 56 972
f 61 60 966
f 970 969 57
f 64 963 962
f 973 54 974
f 975 974 53
f 975 52 976
f 978 977 50
f 49 979 978
f 976 51 977
f 979 48 980
f 982 981 46
f 45 983 982
f 984 983 44
f 42 986 985
f 986 41 987
f 985 984 43
f 981 980 47
f 55 973 972
f 987 40 988
f 58 57 969
f 56 55 972
f 970 57 56
f 54 53 974
f 52 51 976
f 975 53 52
f 973 55 54
f 50 49 978
f 48 47 980
f 979 49 48
f 46 45 982
f 44 43 984
f 983 45 44
f 981 47 46
f 977 51 50
f 42 41 986
f 40 39 988
f 987 41 40
f 37 990 38
f 35 992 36
f 37 36 991
f 39 38 989
f 33 994 34
f 31 995 32
f 33 32 994
f 29 997 30
f 27 999 28
f 29 28 998
f 31 30 996
f 35 34 993
f 985 43 42
f 989 988 39
f 991 990 37
f 992 991 36
f 992 35 993
f 32 995 994
f 31 996 995
f 34 994 993
f 997 996 30
f 25 1001 26
f 23 1003 24
f 25 24 1002
f 21 1005 22
f 19 1007 20
f 21 20 1006
f 23 22 1004
f 998 997 29
f 38 990 989
f 1000 999 27
f 26 1000 27
f 26 1001 1000
f 1003 1002 24
f 23 1004 1003
f 25 1002 1001
f 22 1005 1004
f 1007 1006 20
f 19 1008 1007
f 19 18 1008
f 1010 1009 17
f 1011 1010 16
f 18 1009 1008
f 1005 21 1006
f 998 28 999
f 1011 15 1012
f 1009 18 17
f 1011 16 15
f 16 1010 17
f 14 13 1013
f 12 11 1015
f 1014 13 12
f 14 1012 15
f 10 9 1018
f 8 7 1020
f 1019 9 8
f 6 5 1022
f 4 3 1024
f 1023 5 4
f 1021 7 6
f 1016 11 10
f 1014 12 1015
f 11 1016 1015
f 10 1017 1016
f 1019 1018 9
f 8 1020 1019
f 10 1018 1017
f 1021 1020 7
f 5 1023 1022
f 1 770 2
f 1024 1023 4
f 1021 6 1022
f 2 769 3
f 2 770 769
f 769 1024 3
f 770 1 256
f 13 1014 1013
f 1013 1012 14
f 210 209 817
f 208 207 819
f 818 209 208
f 214 213 813
f 212 211 815
f 814 213 212
f 211 210 816
f 202 201 826
f 200 199 828
f 827 201 200
f 206 205 821
f 204 203 823
f 822 205 204
f 203 202 824
f 820 207 206
f 224 802 225
f 222 804 223
f 224 223 803
f 228 799 229
f 226 801 227
f 228 227 800
f 225 802 226
f 218 217 809
f 216 215 811
f 810 217 216
f 220 806 221
f 218 808 219
f 220 219 807
f 218 809 808
f 222 221 805
f 215 214 812
f 195 832 196
f 193 834 194
f 195 194 833
f 197 830 198
f 201 827 826
f 826 825 202
f 197 196 831
f 200 828 827
f 832 831 196
f 833 832 195
f 834 833 194
f 198 829 199
f 198 830 829
f 831 830 197
f 828 199 829
f 834 193 192
f 211 816 815
f 816 210 817
f 814 212 815
f 812 214 813
f 813 213 814
f 811 215 812
f 818 817 209
f 823 203 824
f 824 202 825
f 823 822 204
f 821 820 206
f 822 821 205
f 820 819 207
f 208 819 818
f 810 216 811
f 809 217 810
f 230 229 798
f 249 248 778
f 247 246 781
f 780 248 247
f 253 252 774
f 251 250 776
f 775 252 251
f 250 249 777
f 240 787 241
f 238 789 239
f 240 239 788
f 245 244 783
f 242 785 243
f 244 243 784
f 241 786 242
f 782 246 245
f 254 772 255
f 776 775 251
f 252 775 774
f 256 255 771
f 254 773 772
f 773 253 774
f 255 772 771
f 770 256 771
f 246 782 781
f 781 780 247
f 245 783 782
f 779 778 248
f 248 780 779
f 778 777 249
f 777 776 250
f 253 773 254
f 783 244 784
f 232 795 233
f 799 228 800
f 232 231 796
f 235 792 236
f 234 233 794
f 793 235 234
f 237 236 791
f 801 800 227
f 806 220 807
f 807 219 808
f 806 805 221
f 804 803 223
f 805 804 222
f 803 802 224
f 802 801 226
f 231 230 797
f 238 790 789
f 237 790 238
f 791 790 237
f 241 787 786
f 787 240 788
f 239 789 788
f 236 792 791
f 231 797 796
f 797 230 798
f 798 229 799
f 234 794 793
f 794 233 795
f 232 796 795
f 792 235 793
f 786 785 242
f 784 243 785
f 513 1 2
f 513 2 258
f 513 258 257
f 513 257 1
f 514 2 3
f 514 3 259
f 514 259 258
f 514 258 2
f 515 3 4
f 515 4 260
f 515 260 259
f 515 259 3
f 516 4 5
f 516 5 261
f 516 261 260
f 516 260 4
f 517 5 6
f 517 6 262
f 517 262 261
f 517 261 5
f 518 6 7
f 518 7 263
f 518 263 262
f 518 262 6
f 519 7 8
f 519 8 264
f 519 264 263
f 519 263 7
f 520 8 9
f 520 9 265
f 520 265 264
f 520 264 8
f 521 9 10
f 521 10 266
f 521 266 265
f 521 265 9
f 522 10 11
f 522 11 267
f 522 267 266
f 522 266 10
f 523 11 12
f 523 12 268
f 523 268 267
f 523 267 11
f 524 12 13
f 524 13 269
f 524 269 268
f 524 268 12
f 525 13 14
f 525 14 270
f 525 270 269
f 525 269 13
f 526 14 15
f 526 15 271
f 526 271 270
f 526 270 14
f 527 15 16
f 527 16 272
f 527 272 271
f 527 271 15
f 528 16 17
f 528 17 273
f 528 273 272
f 528 272 16
f 529 17 18
f 529 18 274
f 529 274 273
f 529 273 17
f 530 18 19
f 530 19 275
f 530 275 274
f 530 274 18
f 531 19 20
f 531 20 276
f 531 276 275
f 531 275 19
f 532 20 21
f 532 21 277
f 532 277 276
f 532 276 20
f 533 21 22
f 533 22 278
f 533 278 277
f 533 277 21
f 534 22 23
f 534 23 279
f 534 279 278
f 534 278 22
f 535 23 24
f 535 24 280
f 535 280 279
f 535 279 23
f 536 24 25
f 536 25 281
f 536 281 280
f 536 280 24
f 537 25 26
f 537 26 282
f 537 282 281
f 537 281 25
f 538 26 27
f 538 27 283
f 538 283 282
f 538 282 26
f 539 27 28
f 539 28 284
f 539 284 283
f 539 283 27
f 540 28 29
f 540 29 285
f 540 285 284
f 540 284 28
f 541 29 30
f 541 30 286
f 541 286 285
f 541 285 29
f 542 30 31
f 542 31 287
f 542 287 286
f 542 286 30
f 543 31 32
f 543 32 288
f 543 288 287
f 543 287 31
f 544 32 33
f 544 33 289
f 544 289 288
f 544 288 32
f 545 33 34
f 545 34 290
f 545 290 289
f 545 289 33
f 546 34 35
f 546 35 291
f 546 291 290
f 546 290 34
f 547 35 36
f 547 36 292
f 547 292 291
f 547 291 35
f 548 36 37
f 548 37 293
f 548 293 292
f 548 292 36
f 549 37 38
f 549 38 294
f 549 294 293
f 549 293 37
f 550 38 39
f 550 39 295
f 550 295 294
f 550 294 38
f 551 39 40
f 551 40 296
f 551 296 295
f 551 295 39
f 552 40 41
f 552 41 297
f 552 297 296
f 552 296 40
f 553 41 42
f 553 42 298
f 553 298 297
f 553 297 41
f 554 42 43
f 554 43 299
f 554 299 298
f 554 298 42
f 555 43 44
f 555 44 300
f 555 300 299
f 555 299 43
f 556 44 45
f 556 45 301
f 556 301 300
f 556 300 44
f 557 45 46
f 557 46 302
f 557 302 301
f 557 301 45
f 558 46 47
f 558 47 303
f 558 303 302
f 558 302 46
f 559 47 48
f 559 48 304
f 559 304 303
f 559 303 47
f 560 48 49
f 560 49 305
f 560 305 304
f 560 304 48
f 561 49 50
f 561 50 306
f 561 306 305
f 561 305 49
f 562 50 51
f 562 51 307
f 562 307 306
f 562 306 50
f 563 51 52
f 563 52 308
f 563 308 307
f 563 307 51
f 564 52 53
f 564 53 309
f 564 309 308
f 564 308 52
f 565 53 54
f 565 54 310
f 565 310 309
f 565 309 53
f 566 54 55
f 566 55 311
f 566 311 310
f 566 310 54
f 567 55 56
f 567 56 312
f 567 312 311
f 567 311 55
f 568 56 57
f 568 57 313
f 568 313 312
f 568 312 56
f 569 57 58
f 569 58 314
f 569 314 313
f 569 313 57
f 570 58 59
f 570 59 315
f 570 315 314
f 570 314 58
f 571 59 60
f 571 60 316
f 571 316 315
f 571 315 59
f 572 60 61
f 572 61 317
f 572 317 316
f 572 316 60
f 573 61 62
f 573 62 318
f 573 318 317
f 573 317 61
f 574 62 63
f 574 63 319
f 574 319 318
f 574 318 62
f 575 63 64
f 575 64 320
f 575 320 319
f 575 319 63
f 576 64 65
f 576 65 321
f 576 321 320
f 576 320 64
f 577 65 66
f 577 66 322
f 577 322 321
f 577 321 65
f 578 66 67
f 578 67 323
f 578 323 322
f 578 322 66
f 579 67 68
f 579 68 324
f 579 324 323
f 579 323 67
f 580 68 69
f 580 69 325
f 580 325 324
f 580 324 68
f 581 69 70
f 581 70 326
f 581 326 325
f 581 325 69
f 582 70 71
f 582 71 327
f 582 327 326
f 582 326 70
f 583 71 72
f 583 72 328
f 583 328 327
f 583 327 71
f 584 72 73
f 584 73 329
f 584 329 328
f 584 328 72
f 585 73 74
f 585 74 330
f 585 330 329
f 585 329 73
f 586 74 75
f 586 75 331
f 586 331 330
f 586 330 74
f 587 75 76
f 587 76 332
f 587 332 331
f 587 331 75
f 588 76 77
f 588 77 333
f 588 333 332
f 588 332 76
f 589 77 78
f 589 78 334
f 589 334 333
f 589 333 77
f 590 78 79
f 590 79 335
f 590 335 334
f 590 334 78
f 591 79 80
f 591 80 336
f 591 336 335
f 591 335 79
f 592 80 81
f 592 81 337
f 592 337 336
f 592 336 80
f 593 81 82
f 593 82 338
f 593 338 337
f 593 337 81
f 594 82 83
f 594 83 339
f 594 339 338
f 594 338 82
f 595 83 84
f 595 84 340
f 595 340 339
f 595 339 83
f 596 84 85
f 596 85 341
f 596 341 340
f 596 340 84
f 597 85 86
f 597 86 342
f 597 342 341
f 597 341 85
f 598 86 87
f 598 87 343
f 598 343 342
f 598 342 86
f 599 87 88
f 599 88 344
f 599 344 343
f 599 343 87
f 600 88 89
f 600 89 345
f 600 345 344
f 600 344 88
f 601 89 90
f 601 90 346
f 601 346 345
f 601 345 89
f 602 90 91
f 602 91 347
f 602 347 346
f 602 346 90
f 603 91 92
f 603 92 348
f 603 348 347
f 603 347 91
f 604 92 93
f 604 93 349
f 604 349 348
f 604 348 92
f 605 93 94
f 605 94 350
f 605 350 349
f 605 349 93
f 606 94 95
f 606 95 351
f 606 351 350
f 606 350 94
f 607 95 96
f 607 96 352
f 607 352 351
f 607 351 95
f 608 96 97
f 608 97 353
f 608 353 352
f 608 352 96
f 609 97 98
f 609 98 354
f 609 354 353
f 609 353 97
f 610 98 99
f 610 99 355
f 610 355 354
f 610 354 98
f 611 99 100
f 611 100 356
f 611 356 355
f 611 355 99
f 612 100 101
f 612 101 357
f 612 357 356
f 612 356 100
f 613 101 102
f 613 102 358
f 613 358 357
f 613 357 101
f 614 102 103
f 614 103 359
f 614 359 358
f 614 358 102
f 615 103 104
f 615 104 360
f 615 360 359
f 615 359 103
f 616 104 105
f 616 105 361
f 616 361 360
f 616 360 104
f 617 105 106
f 617 106 362
f 617 362 361
f 617 361 105
f 618 106 107
f 618 107 363
f 618 363 362
f 618 362 106
f 619 107 108
f 619 108 364
f 619 364 363
f 619 363 107
f 620 108 109
f 620 109 365
f 620 365 364
f 620 364 108
f 621 109 110
f 621 110 366
f 621 366 365
f 621 365 109
f 622 110 111
f 622 111 367
f 622 367 366
f 622 366 110
f 623 111 112
f 623 112 368
f 623 368 367
f 623 367 111
f 624 112 113
f 624 113 369
f 624 369 368
f 624 368 112
f 625 113 114
f 625 114 370
f 625 370 369
f 625 369 113
f 626 114 115
f 626 115 371
f 626 371 370
f 626 370 114
f 627 115 116
f 627 116 372
f 627 372 371
f 627 371 115
f 628 116 117
f 628 117 373
f 628 373 372
f 628 372 116
f 629 117 118
f 629 118 374
f 629 374 373
f 629 373 117
f 630 118 119
f 630 119 375
f 630 375 374
f 630 374 118
f 631 119 120
f 631 120 376
f 631 376 375
f 631 375 119
f 632 120 121
f 632 121 377
f 632 377 376
f 632 376 120
f 633 121 122
f 633 122 378
f 633 378 377
f 633 377 121
f 634 122 123
f 634 123 379
f 634 379 378
f 634 378 122
f 635 123 124
f 635 124 380
f 635 380 379
f 635 379 123
f 636 124 125
f 636 125 381
f 636 381 380
f 636 380 124
f 637 125 126
f 637 126 382
f 637 382 381
f 637 381 125
f 638 126 127
f 638 127 383
f 638 383 382
f 638 382 126
f 639 127 128
f 639 128 384
f 639 384 383
f 639 383 127
f 640 128 129
f 640 129 385
f 640 385 384
f 640 384 128
f 641 129 130
f 641 130 386
f 641 386 385
f 641 385 129
f 642 130 131
f 642 131 387
f 642 387 386
f 642 386 130
f 643 131 132
f 643 132 388
f 643 388 387
f 643 387 131
f 644 132 133
f 644 133 389
f 644 389 388
f 644 388 132
f 645 133 134
f 645 134 390
f 645 390 389
f 645 389 133
f 646 134 135
f 646 135 391
f 646 391 390
f 646 390 134
f 647 135 136
f 647 136 392
f 647 392 391
f 647 391 135
f 648 136 137
f 648 137 393
f 648 393 392
f 648 392 136
f 649 137 138
f 649 138 394
f 649 394 393
f 649 393 137
f 650 138 139
f 650 139 395
f 650 395 394
f 650 394 138
f 651 139 140
f 651 140 396
f 651 396 395
f 651 395 139
f 652 140 141
f 652 141 397
f 652 397 396
f 652 396 140
f 653 141 142
f 653 142 398
f 653 398 397
f 653 397 141
f 654 142 143
f 654 143 399
f 654 399 398
f 654 398 142
f 655 143 144
f 655 144 400
f 655 400 399
f 655 399 143
f 656 144 145
f 656 145 401
f 656 401 400
f 656 400 144
f 657 145 146
f 657 146 402
f 657 402 401
f 657 401 145
f 658 146 147
f 658 147 403
f 658 403 402
f 658 402 146
f 659 147 148
f 659 148 404
f 659 404 403
f 659 403 147
f 660 148 149
f 660 149 405
f 660 405 404
f 660 404 148
f 661 149 150
f 661 150 406
f 661 406 405
f 661 405 149
f 662 150 151
f 662 151 407
f 662 407 406
f 662 406 150
f 663 151 152
f 663 152 408
f 663 408 407
f 663 407 151
f 664 152 153
f 664 153 409
f 664 409 408
f 664 408 152
f 665 153 154
f 665 154 410
f 665 410 409
f 665 409 153
f 666 154 155
f 666 155 411
f 666 411 410
f 666 410 154
f 667 155 156
f 667 156 412
f 667 412 411
f 667 411 155
f 668 156 157
f 668 157 413
f 668 413 412
f 668 412 156
f 669 157 158
f 669 158 414
f 669 414 413
f 669 413 157
f 670 158 159
f 670 159 415
f 670 415 414
f 670 414 158
f 671 159 160
f 671 160 416
f 671 416 415
f 671 415 159
f 672 160 161
f 672 161 417
f 672 417 416
f 672 416 160
f 673 161 162
f 673 162 418
f 673 418 417
f 673 417 161
f 674 162 163
f 674 163 419
f 674 419 418
f 674 418 162
f 675 163 164
f 675 164 420
f 675 420 419
f 675 419 163
f 676 164 165
f 676 165 421
f 676 421 420
f 676 420 164
f 677 165 166
f 677 166 422
f 677 422 421
f 677 421 165
f 678 166 167
f 678 167 423
f 678 423 422
f 678 422 166
f 679 167 168
f 679 168 424
f 679 424 423
f 679 423 167
f 680 168 169
f 680 169 425
f 680 425 424
f 680 424 168
f 681 169 170
f 681 170 426
f 681 426 425
f 681 425 169
f 682 170 171
f 682 171 427
f 682 427 426
f 682 426 170
f 683 171 172
f 683 172 428
f 683 428 427
f 683 427 171
f 684 172 173
f 684 173 429
f 684 429 428
f 684 428 172
f 685 173 174
f 685 174 430
f 685 430 429
f 685 429 173
f 686 174 175
f 686 175 431
f 686 431 430
f 686 430 174
f 687 175 176
f 687 176 432
f 687 432 431
f 687 431 175
f 688 176 177
f 688 177 433
f 688 433 432
f 688 432 176
f 689 177 178
f 689 178 434
f 689 434 433
f 689 433 177
f 690 178 179
f 690 179 435
f 690 435 434
f 690 434 178
f 691 179 180
f 691 180 436
f 691 436 435
f 691 435 179
f 692 180 181
f 692 181 437
f 692 437 436
f 692 436 180
f 693 181 182
f 693 182 438
f 693 438 437
f 693 437 181
f 694 182 183
f 694 183 439
f 694 439 438
f 694 438 182
f 695 183 184
f 695 184 440
f 695 440 439
f 695 439 183
f 696 184 185
f 696 185 441
f 696 441 440
f 696 440 184
f 697 185 186
f 697 186 442
f 697 442 441
f 697 441 185
f 698 186 187
f 698 187 443
f 698 443 442
f 698 442 186
f 699 187 188
f 699 188 444
f 699 444 443
f 699 443 187
f 700 188 189
f 700 189 445
f 700 445 444
f 700 444 188
f 701 189 190
f 701 190 446
f 701 446 445
f 701 445 189
f 702 190 191
f 702 191 447
f 702 447 446
f 702 446 190
f 703 191 192
f 703 192 448
f 703 448 447
f 703 447 191
f 704 192 193
f 704 193 449
f 704 449 448
f 704 448 192
f 705 193 194
f 705 194 450
f 705 450 449
f 705 449 193
f 706 194 195
f 706 195 451
f 706 451 450
f 706 450 194
f 707 195 196
f 707 196 452
f 707 452 451
f 707 451 195
f 708 196 197
f 708 197 453
f 708 453 452
f 708 452 196
f 709 197 198
f 709 198 454
f 709 454 453
f 709 453 197
f 710 198 199
f 710 199 455
f 710 455 454
f 710 454 198
f 711 199 200
f 711 200 456
f 711 456 455
f 711 455 199
f 712 200 201
f 712 201 457
f 712 457 456
f 712 456 200
f 713 201 202
f 713 202 458
f 713 458 457
f 713 457 201
f 714 202 203
f 714 203 459
f 714 459 458
f 714 458 202
f 715 203 204
f 715 204 460
f 715 460 459
f 715 459 203
f 716 204 205
f 716 205 461
f 716 461 460
f 716 460 204
f 717 205 206
f 717 206 462
f 717 462 461
f 717 461 205
f 718 206 207
f 718 207 463
f 718 463 462
f 718 462 206
f 719 207 208
f 719 208 464
f 719 464 463
f 719 463 207
f 720 208 209
f 720 209 465
f 720 465 464
f 720 464 208
f 721 209 210
f 721 210 466
f 721 466 465
f 721 465 209
f 722 210 211
f 722 211 467
f 722 467 466
f 722 466 210
f 723 211 212
f 723 212 468
f 723 468 467
f 723 467 211
f 724 212 213
f 724 213 469
f 724 469 468
f 724 468 212
f 725 213 214
f 725 214 470
f 725 470 469
f 725 469 213
f 726 214 215
f 726 215 471
f 726 471 470
f 726 470 214
f 727 215 216
f 727 216 472
f 727 472 471
f 727 471 215
f 728 216 217
f 728 217 473
f 728 473 472
f 728 472 216
f 729 217 218
f 729 218 474
f 729 474 473
f 729 473 217
f 730 218 219
f 730 219 475
f 730 475 474
f 730 474 218
f 731 219 220
f 731 220 476
f 731 476 475
f 731 475 219
f 732 220 221
f 732 221 477
f 732 477 476
f 732 476 220
f 733 221 222
f 733 222 478
f 733 478 477
f 733 477 221
f 734 222 223
f 734 223 479
f 734 479 478
f 734 478 222
f 735 223 224
f 735 224 480
f 735 480 479
f 735 479 223
f 736 224 225
f 736 225 481
f 736 481 480
f 736 480 224
f 737 225 226
f 737 226 482
f 737 482 481
f 737 481 225
f 738 226 227
f 738 227 483
f 738 483 482
f 738 482 226
f 739 227 228
f 739 228 484
f 739 484 483
f 739 483 227
f 740 228 229
f 740 229 485
f 740 485 484
f 740 484 228
f 741 229 230
f 741 230 486
f 741 486 485
f 741 485 229
f 742 230 231
f 742 231 487
f 742 487 486
f 742 486 230
f 743 231 232
f 743 232 488
f 743 488 487
f 743 487 231
f 744 232 233
f 744 233 489
f 744 489 488
f 744 488 232
f 745 233 234
f 745 234 490
f 745 490 489
f 745 489 233
f 746 234 235
f 746 235 491
f 746 491 490
f 746 490 234
f 747 235 236
f 747 236 492
f 747 492 491
f 747 491 235
f 748 236 237
f 748 237 493
f 748 493 492
f 748 492 236
f 749 237 238
f 749 238 494
f 749 494 493
f 749 493 237
f 750 238 239
f 750 239 495
f 750 495 494
f 750 494 238
f 751 239 240
f 751 240 496
f 751 496 495
f 751 495 239
f 752 240 241
f 752 241 497
f 752 497 496
f 752 496 240
f 753 241 242
f 753 242 498
f 753 498 497
f 753 497 241
f 754 242 243
f 754 243 499
f 754 499 498
f 754 498 242
f 755 243 244
f 755 244 500
f 755 500 499
f 755 499 243
f 756 244 245
f 756 245 501
f 756 501 500
f 756 500 244
f 757 245 246
f 757 246 502
f 757 502 501
f 757 501 245
f 758 246 247
f 758 247 503
f 758 503 502
f 758 502 246
f 759 247 248
f 759 248 504
f 759 504 503
f 759 503 247
f 760 248 249
f 760 249 505
f 760 505 504
f 760 504 248
f 761 249 250
f 761 250 506
f 761 506 505
f 761 505 249
f 762 250 251
f 762 251 507
f 762 507 506
f 762 506 250
f 763 251 252
f 763 252 508
f 763 508 507
f 763 507 251
f 764 252 253
f 764 253 509
f 764 509 508
f 764 508 252
f 765 253 254
f 765 254 510
f 765 510 509
f 765 509 253
f 766 254 255
f 766 255 511
f 766 511 510
f 766 510 254
f 767 255 256
f 767 256 512
f 767 512 511
f 767 511 255
f 768 256 1
f 768 1 257
f 768 257 512
f 768 512 256
f 1281 769 770
f 1281 770 1026
f 1281 1026 1025
f 1281 1025 769
f 1282 770 771
f 1282 771 1027
f 1282 1027 1026
f 1282 1026 770
f 1283 771 772
f 1283 772 1028
f 1283 1028 1027
f 1283 1027 771
f 1284 772 773
f 1284 773 1029
f 1284 1029 1028
f 1284 1028 772
f 1285 773 774
f 1285 774 1030
f 1285 1030 1029
f 1285 1029 773
f 1286 774 775
f 1286 775 1031
f 1286 1031 1030
f 1286 1030 774
f 1287 775 776
f 1287 776 1032
f 1287 1032 1031
f 1287 1031 775
f 1288 776 777
f 1288 777 1033
f 1288 1033 1032
f 1288 1032 776
f 1289 777 778
f 1289 778 1034
f 1289 1034 1033
f 1289 1033 777
f 1290 778 779
f 1290 779 1035
f 1290 1035 1034
f 1290 1034 778
f 1291 779 780
f 1291 780 1036
f 1291 1036 1035
f 1291 1035 779
f 1292 780 781
f 1292 781 1037
f 1292 1037 1036
f 1292 1036 780
f 1293 781 782
f 1293 782 1038
f 1293 1038 1037
f 1293 1037 781
f 1294 782 783
f 1294 783 1039
f 1294 1039 1038
f 1294 1038 782
f 1295 783 784
f 1295 784 1040
f 1295 1040 1039
f 1295 1039 783
f 1296 784 785
f 1296 785 1041
f 1296 1041 1040
f 1296 1040 784
f 1297 785 786
f 1297 786 1042
f 1297 1042 1041
f 1297 1041 785
f 1298 786 787
f 1298 787 1043
f 1298 1043 1042
f 1298 1042 786
f 1299 787 788
f 1299 788 1044
f 1299 1044 1043
f 1299 1043 787
f 1300 788 789
f 1300 789 1045
f 1300 1045 1044
f 1300 1044 788
f 1301 789 790
f 1301 790 1046
f 1301 1046 1045
f 1301 1045 789
f 1302 790 791
f 1302 791 1047
f 1302 1047 1046
f 1302 1046 790
f 1303 791 792
f 1303 792 1048
f 1303 1048 1047
f 1303 1047 791
f 1304 792 793
f 1304 793 1049
f 1304 1049 1048
f 1304 1048 792
f 1305 793 794
f 1305 794 1050
f 1305 1050 1049
f 1305 1049 793
f 1306 794 795
f 1306 795 1051
f 1306 1051 1050
f 1306 1050 794
f 1307 795 796
f 1307 796 1052
f 1307 1052 1051
f 1307 1051 795
f 1308 796 797
f 1308 797 1053
f 1308 1053 1052
f 1308 1052 796
f 1309 797 798
f 1309 798 1054
f 1309 1054 1053
f 1309 1053 797
f 1310 798 799
f 1310 799 1055
f 1310 1055 1054
f 1310 1054 798
f 1311 799 800
f 1311 800 1056
f 1311 1056 1055
f 1311 1055 799
f 1312 800 801
f 1312 801 1057
f 1312 1057 1056
f 1312 1056 800
f 1313 801 802
f 1313 802 1058
f 1313 1058 1057
f 1313 1057 801
f 1314 802 803
f 1314 803 1059
f 1314 1059 1058
f 1314 1058 802
f 1315 803 804
f 1315 804 1060
f 1315 1060 1059
f 1315 1059 803
f 1316 804 805
f 1316 805 1061
f 1316 1061 1060
f 1316 1060 804
f 1317 805 806
f 1317 806 1062
f 1317 1062 1061
f 1317 1061 805
f 1318 806 807
f 1318 807 1063
f 1318 1063 1062
f 1318 1062 806
f 1319 807 808
f 1319 808 1064
f 1319 1064 1063
f 1319 1063 807
f 1320 808 809
f 1320 809 1065
f 1320 1065 1064
f 1320 1064 808
f 1321 809 810
f 1321 810 1066
f 1321 1066 1065
f 1321 1065 809
f 1322 810 811
f 1322 811 1067
f 1322 1067 1066
f 1322 1066 810
f 1323 811 812
f 1323 812 1068
f 1323 1068 1067
f 1323 1067 811
f 1324 812 813
f 1324 813 1069
f 1324 1069 1068
f 1324 1068 812
f 1325 813 814
f 1325 814 1070
f 1325 1070 1069
f 1325 1069 813
f 1326 814 815
f 1326 815 1071
f 1326 1071 1070
f 1326 1070 814
f 1327 815 816
f 1327 816 1072
f 1327 1072 1071
f 1327 1071 815
f 1328 816 817
f 1328 817 1073
f 1328 1073 1072
f 1328 1072 816
f 1329 817 818
f 1329 818 1074
f 1329 1074 1073
f 1329 1073 817
f 1330 818 819
f 1330 819 1075
f 1330 1075 1074
f 1330 1074 818
f 1331 819 820
f 1331 820 1076
f 1331 1076 1075
f 1331 1075 819
f 1332 820 821
f 1332 821 1077
f 1332 1077 1076
f 1332 1076 820
f 1333 821 822
f 1333 822 1078
f 1333 1078 1077
f 1333 1077 821
f 1334 822 823
f 1334 823 1079
f 1334 1079 1078
f 1334 1078 822
f 1335 823 824
f 1335 824 1080
f 1335 1080 1079
f 1335 1079 823
f 1336 824 825
f 1336 825 1081
f 1336 1081 1080
f 1336 1080 824
f 1337 825 826
f 1337 826 1082
f 1337 1082 1081
f 1337 1081 825
f 1338 826 827
f 1338 827 1083
f 1338 1083 1082
f 1338 1082 826
f 1339 827 828
f 1339 828 1084
f 1339 1084 1083
f 1339 1083 827
f 1340 828 829
f 1340 829 1085
f 1340 1085 1084
f 1340 1084 828
f 1341 829 830
f 1341 830 1086
f 1341 1086 1085
f 1341 1085 829
f 1342 830 831
f 1342 831 1087
f 1342 1087 1086
f 1342 1086 830
f 1343 831 832
f 1343 832 1088
f 1343 1088 1087
f 1343 1087 831
f 1344 832 833
f 1344 833 1089
f 1344 1089 1088
f 1344 1088 832
f 1345 833 834
f 1345 834 1090
f 1345 1090 1089
f 1345 1089 833
f 1346 834 835
f 1346 835 1091
f 1346 1091 1090
f 1346 1090 834
f 1347 835 836
f 1347 836 1092
f 1347 1092 1091
f 1347 1091 835
f 1348 836 837
f 1348 837 1093
f 1348 1093 1092
f 1348 1092 836
f 1349 837 838
f 1349 838 1094
f 1349 1094 1093
f 1349 1093 837
f 1350 838 839
f 1350 839 1095
f 1350 1095 1094
f 1350 1094 838
f 1351 839 840
f 1351 840 1096
f 1351 1096 1095
f 1351 1095 839
f 1352 840 841
f 1352 841 1097
f 1352 1097 1096
f 1352 1096 840
f 1353 841 842
f 1353 842 1098
f 1353 1098 1097
f 1353 1097 841
f 1354 842 843
f 1354 843 1099
f 1354 1099 1098
f 1354 1098 842
f 1355 843 844
f 1355 844 1100
f 1355 1100 1099
f 1355 1099 843
f 1356 844 845
f 1356 845 1101
f 1356 1101 1100
f 1356 1100 844
f 1357 845 846
f 1357 846 1102
f 1357 1102 1101
f 1357 1101 845
f 1358 846 847
f 1358 847 1103
f 1358 1103 1102
f 1358 1102 846
f 1359 847 848
f 1359 848 1104
f 1359 1104 1103
f 1359 1103 847
f 1360 848 849
f 1360 849 1105
f 1360 1105 1104
f 1360 1104 848
f 1361 849 850
f 1361 850 1106
f 1361 1106 1105
f 1361 1105 849
f 1362 850 851
f 1362 851 1107
f 1362 1107 1106
f 1362 1106 850
f 1363 851 852
f 1363 852 1108
f 1363 1108 1107
f 1363 1107 851
f 1364 852 853
f 1364 853 1109
f 1364 1109 1108
f 1364 1108 852
f 1365 853 854
f 1365 854 1110
f 1365 1110 1109
f 1365 1109 853
f 1366 854 855
f 1366 855 1111
f 1366 1111 1110
f 1366 1110 854
f 1367 855 856
f 1367 856 1112
f 1367 1112 1111
f 1367 1111 855
f 1368 856 857
f 1368 857 1113
f 1368 1113 1112
f 1368 1112 856
f 1369 857 858
f 1369 858 1114
f 1369 1114 1113
f 1369 1113 857
f 1370 858 859
f 1370 859 1115
f 1370 1115 1114
f 1370 1114 858
f 1371 859 860
f 1371 860 1116
f 1371 1116 1115
f 1371 1115 859
f 1372 860 861
f 1372 861 1117
f 1372 1117 1116
f 1372 1116 860
f 1373 861 862
f 1373 862 1118
f 1373 1118 1117
f 1373 1117 861
f 1374 862 863
f 1374 863 1119
f 1374 1119 1118
f 1374 1118 862
f 1375 863 864
f 1375 864 1120
f 1375 1120 1119
f 1375 1119 863
f 1376 864 865
f 1376 865 1121
f 1376 1121 1120
f 1376 1120 864
f 1377 865 866
f 1377 866 1122
f 1377 1122 1121
f 1377 1121 865
f 1378 866 867
f 1378 867 1123
f 1378 1123 1122
f 1378 1122 866
f 1379 867 868
f 1379 868 1124
f 1379 1124 1123
f 1379 1123 867
f 1380 868 869
f 1380 869 1125
f 1380 1125 1124
f 1380 1124 868
f 1381 869 870
f 1381 870 1126
f 1381 1126 1125
f 1381 1125 869
f 1382 870 871
f 1382 871 1127
f 1382 1127 1126
f 1382 1126 870
f 1383 871 872
f 1383 872 1128
f 1383 1128 1127
f 1383 1127 871
f 1384 872 873
f 1384 873 1129
f 1384 1129 1128
f 1384 1128 872
f 1385 873 874
f 1385 874 1130
f 1385 1130 1129
f 1385 1129 873
f 1386 874 875
f 1386 875 1131
f 1386 1131 1130
f 1386 1130 874
f 1387 875 876
f 1387 876 1132
f 1387 1132 1131
f 1387 1131 875
f 1388 876 877
f 1388 877 1133
f 1388 1133 1132
f 1388 1132 876
f 1389 877 878
f 1389 878 1134
f 1389 1134 1133
f 1389 1133 877
f 1390 878 879
f 1390 879 1135
f 1390 1135 1134
f 1390 1134 878
f 1391 879 880
f 1391 880 1136
f 1391 1136 1135
f 1391 1135 879
f 1392 880 881
f 1392 881 1137
f 1392 1137 1136
f 1392 1136 880
f 1393 881 882
f 1393 882 1138
f 1393 1138 1137
f 1393 1137 881
f 1394 882 883
f 1394 883 1139
f 1394 1139 1138
f 1394 1138 882
f 1395 883 884
f 1395 884 1140
f 1395 1140 1139
f 1395 1139 883
f 1396 884 885
f 1396 885 1141
f 1396 1141 1140
f 1396 1140 884
f 1397 885 886
f 1397 886 1142
f 1397 1142 1141
f 1397 1141 885
f 1398 886 887
f 1398 887 1143
f 1398 1143 1142
f 1398 1142 886
f 1399 887 888
f 1399 888 1144
f 1399 1144 1143
f 1399 1143 887
f 1400 888 889
f 1400 889 1145
f 1400 1145 1144
f 1400 1144 888
f 1401 889 890
f 1401 890 1146
f 1401 1146 1145
f 1401 1145 889
f 1402 890 891
f 1402 891 1147
f 1402 1147 1146
f 1402 1146 890
f 1403 891 892
f 1403 892 1148
f 1403 1148 1147
f 1403 1147 891
f 1404 892 893
f 1404 893 1149
f 1404 1149 1148
f 1404 1148 892
f 1405 893 894
f 1405 894 1150
f 1405 1150 1149
f 1405 1149 893
f 1406 894 895
f 1406 895 1151
f 1406 1151 1150
f 1406 1150 894
f 1407 895 896
f 1407 896 1152
f 1407 1152 1151
f 1407 1151 895
f 1408 896 897
f 1408 897 1153
f 1408 1153 1152
f 1408 1152 896
f 1409 897 898
f 1409 898 1154
f 1409 1154 1153
f 1409 1153 897
f 1410 898 899
f 1410 899 1155
f 1410 1155 1154
f 1410 1154 898
f 1411 899 900
f 1411 900 1156
f 1411 1156 1155
f 1411 1155 899
f 1412 900 901
f 1412 901 1157
f 1412 1157 1156
f 1412 1156 900
f 1413 901 902
f 1413 902 1158
f 1413 1158 1157
f 1413 1157 901
f 1414 902 903
f 1414 903 1159
f 1414 1159 1158
f 1414 1158 902
f 1415 903 904
f 1415 904 1160
f 1415 1160 1159
f 1415 1159 903
f 1416 904 905
f 1416 905 1161
f 1416 1161 1160
f 1416 1160 904
f 1417 905 906
f 1417 906 1162
f 1417 1162 1161
f 1417 1161 905
f 1418 906 907
f 1418 907 1163
f 1418 1163 1162
f 1418 1162 906
f 1419 907 908
f 1419 908 1164
f 1419 1164 1163
f 1419 1163 907
f 1420 908 909
f 1420 909 1165
f 1420 1165 1164
f 1420 1164 908
f 1421 909 910
f 1421 910 1166
f 1421 1166 1165
f 1421 1165 909
f 1422 910 911
f 1422 911 1167
f 1422 1167 1166
f 1422 1166 910
f 1423 911 912
f 1423 912 1168
f 1423 1168 1167
f 1423 1167 911
f 1424 912 913
f 1424 913 1169
f 1424 1169 1168
f 1424 1168 912
f 1425 913 914
f 1425 914 1170
f 1425 1170 1169
f 1425 1169 913
f 1426 914 915
f 1426 915 1171
f 1426 1171 1170
f 1426 1170 914
f 1427 915 916
f 1427 916 1172
f 1427 1172 1171
f 1427 1171 915
f 1428 916 917
f 1428 917 1173
f 1428 1173 1172
f 1428 1172 916
f 1429 917 918
f 1429 918 1174
f 1429 1174 1173
f 1429 1173 917
f 1430 918 919
f 1430 919 1175
f 1430 1175 1174
f 1430 1174 918
f 1431 919 920
f 1431 920 1176
f 1431 1176 1175
f 1431 1175 919
f 1432 920 921
f 1432 921 1177
f 1432 1177 1176
f 1432 1176 920
f 1433 921 922
f 1433 922 1178
f 1433 1178 1177
f 1433 1177 921
f 1434 922 923
f 1434 923 1179
f 1434 1179 1178
f 1434 1178 922
f 1435 923 924
f 1435 924 1180
f 1435 1180 1179
f 1435 1179 923
f 1436 924 925
f 1436 925 1181
f 1436 1181 1180
f 1436 1180 924
f 1437 925 926
f 1437 926 1182
f 1437 1182 1181
f 1437 1181 925
f 1438 926 927
f 1438 927 1183
f 1438 1183 1182
f 1438 1182 926
f 1439 927 928
f 1439 928 1184
f 1439 1184 1183
f 1439 1183 927
f 1440 928 929
f 1440 929 1185
f 1440 1185 1184
f 1440 1184 928
f 1441 929 930
f 1441 930 1186
f 1441 1186 1185
f 1441 1185 929
f 1442 930 931
f 1442 931 1187
f 1442 1187 1186
f 1442 1186 930
f 1443 931 932
f 1443 932 1188
f 1443 1188 1187
f 1443 1187 931
f 1444 932 933
f 1444 933 1189
f 1444 1189 1188
f 1444 1188 932
f 1445 933 934
f 1445 934 1190
f 1445 1190 1189
f 1445 1189 933
f 1446 934 935
f 1446 935 1191
f 1446 1191 1190
f 1446 1190 934
f 1447 935 936
f 1447 936 1192
f 1447 1192 1191
f 1447 1191 935
f 1448 936 937
f 1448 937 1193
f 1448 1193 1192
f 1448 1192 936
f 1449 937 938
f 1449 938 1194
f 1449 1194 1193
f 1449 1193 937
f 1450 938 939
f 1450 939 1195
f 1450 1195 1194
f 1450 1194 938
f 1451 939 940
f 1451 940 1196
f 1451 1196 1195
f 1451 1195 939
f 1452 940 941
f 1452 941 1197
f 1452 1197 1196
f 1452 1196 940
f 1453 941 942
f 1453 942 1198
f 1453 1198 1197
f 1453 1197 941
f 1454 942 943
f 1454 943 1199
f 1454 1199 1198
f 1454 1198 942
f 1455 943 944
f 1455 944 1200
f 1455 1200 1199
f 1455 1199 943
f 1456 944 945
f 1456 945 1201
f 1456 1201 1200
f 1456 1200 944
f 1457 945 946
f 1457 946 1202
f 1457 1202 1201
f 1457 1201 945
f 1458 946 947
f 1458 947 1203
f 1458 1203 1202
f 1458 1202 946
f 1459 947 948
f 1459 948 1204
f 1459 1204 1203
f 1459 1203 947
f 1460 948 949
f 1460 949 1205
f 1460 1205 1204
f 1460 1204 948
f 1461 949 950
f 1461 950 1206
f 1461 1206 1205
f 1461 1205 949
f 1462 950 951
f 1462 951 1207
f 1462 1207 1206
f 1462 1206 950
f 1463 951 952
f 1463 952 1208
f 1463 1208 1207
f 1463 1207 951
f 1464 952 953
f 1464 953 1209
f 1464 1209 1208
f 1464 1208 952
f 1465 953 954
f 1465 954 1210
f 1465 1210 1209
f 1465 1209 953
f 1466 954 955
f 1466 955 1211
f 1466 1211 1210
f 1466 1210 954
f 1467 955 956
f 1467 956 1212
f 1467 1212 1211
f 1467 1211 955
f 1468 956 957
f 1468 957 1213
f 1468 1213 1212
f 1468 1212 956
f 1469 957 958
f 1469 958 1214
f 1469 1214 1213
f 1469 1213 957
f 1470 958 959
f 1470 959 1215
f 1470 1215 1214
f 1470 1214 958
f 1471 959 960
f 1471 960 1216
f 1471 1216 1215
f 1471 1215 959
f 1472 960 961
f 1472 961 1217
f 1472 1217 1216
f 1472 1216 960
f 1473 961 962
f 1473 962 1218
f 1473 1218 1217
f 1473 1217 961
f 1474 962 963
f 1474 963 1219
f 1474 1219 1218
f 1474 1218 962
f 1475 963 964
f 1475 964 1220
f 1475 1220 1219
f 1475 1219 963
f 1476 964 965
f 1476 965 1221
f 1476 1221 1220
f 1476 1220 964
f 1477 965 966
f 1477 966 1222
f 1477 1222 1221
f 1477 1221 965
f 1478 966 967
f 1478 967 1223
f 1478 1223 1222
f 1478 1222 966
f 1479 967 968
f 1479 968 1224
f 1479 1224 1223
f 1479 1223 967
f 1480 968 969
f 1480 969 1225
f 1480 1225 1224
f 1480 1224 968
f 1481 969 970
f 1481 970 1226
f 1481 1226 1225
f 1481 1225 969
f 1482 970 971
f 1482 971 1227
f 1482 1227 1226
f 1482 1226 970
f 1483 971 972
f 1483 972 1228
f 1483 1228 1227
f 1483 1227 971
f 1484 972 973
f 1484 973 1229
f 1484 1229 1228
f 1484 1228 972
f 1485 973 974
f 1485 974 1230
f 1485 1230 1229
f 1485 1229 973
f 1486 974 975
f 1486 975 1231
f 1486 1231 1230
f 1486 1230 974
f 1487 975 976
f 1487 976 1232
f 1487 1232 1231
f 1487 1231 975
f 1488 976 977
f 1488 977 1233
f 1488 1233 1232
f 1488 1232 976
f 1489 977 978
f 1489 978 1234
f 1489 1234 1233
f 1489 1233 977
f 1490 978 979
f 1490 979 1235
f 1490 1235 1234
f 1490 1234 978
f 1491 979 980
f 1491 980 1236
f 1491 1236 1235
f 1491 1235 979
f 1492 980 981
f 1492 981 1237
f 1492 1237 1236
f 1492 1236 980
f 1493 981 982
f 1493 982 1238
f 1493 1238 1237
f 1493 1237 981
f 1494 982 983
f 1494 983 1239
f 1494 1239 1238
f 1494 1238 982
f 1495 983 984
f 1495 984 1240
f 1495 1240 1239
f 1495 1239 983
f 1496 984 985
f 1496 985 1241
f 1496 1241 1240
f 1496 1240 984
f 1497 985 986
f 1497 986 1242
f 1497 1242 1241
f 1497 1241 985
f 1498 986 987
f 1498 987 1243
f 1498 1243 1242
f 1498 1242 986
f 1499 987 988
f 1499 988 1244
f 1499 1244 1243
f 1499 1243 987
f 1500 988 989
f 1500 989 1245
f 1500 1245 1244
f 1500 1244 988
f 1501 989 990
f 1501 990 1246
f 1501 1246 1245
f 1501 1245 989
f 1502 990 991
f 1502 991 1247
f 1502 1247 1246
f 1502 1246 990
f 1503 991 992
f 1503 992 1248
f 1503 1248 1247
f 1503 1247 991
f 1504 992 993
f 1504 993 1249
f 1504 1249 1248
f 1504 1248 992
f 1505 993 994
f 1505 994 1250
f 1505 1250 1249
f 1505 1249 993
f 1506 994 995
f 1506 995 1251
f 1506 1251 1250
f 1506 1250 994
f 1507 995 996
f 1507 996 1252
f 1507 1252 1251
f 1507 1251 995
f 1508 996 997
f 1508 997 1253
f 1508 1253 1252
f 1508 1252 996
f 1509 997 998
f 1509 998 1254
f 1509 1254 1253
f 1509 1253 997
f 1510 998 999
f 1510 999 1255
f 1510 1255 1254
f 1510 1254 998
f 1511 999 1000
f 1511 1000 1256
f 1511 1256 1255
f 1511 1255 999
f 1512 1000 1001
f 1512 1001 1257
f 1512 1257 1256
f 1512 1256 1000
f 1513 1001 1002
f 1513 1002 1258
f 1513 1258 1257
f 1513 1257 1001
f 1514 1002 1003
f 1514 1003 1259
f 1514 1259 1258
f 1514 1258 1002
f 1515 1003 1004
f 1515 1004 1260
f 1515 1260 1259
f 1515 1259 1003
f 1516 1004 1005
f 1516 1005 1261
f 1516 1261 1260
f 1516 1260 1004
f 1517 1005 1006
f 1517 1006 1262
f 1517 1262 1261
f 1517 1261 1005
f 1518 1006 1007
f 1518 1007 1263
f 1518 1263 1262
f 1518 1262 1006
f 1519 1007 1008
f 1519 1008 1264
f 1519 1264 1263
f 1519 1263 1007
f 1520 1008 1009
f 1520 1009 1265
f 1520 1265 1264
f 1520 1264 1008
f 1521 1009 1010
f 1521 1010 1266
f 1521 1266 1265
f 1521 1265 1009
f 1522 1010 1011
f 1522 1011 1267
f 1522 1267 1266
f 1522 1266 1010
f 1523 1011 1012
f 1523 1012 1268
f 1523 1268 1267
f 1523 1267 1011
f 1524 1012 1013
f 1524 1013 1269
f 1524 1269 1268
f 1524 1268 1012
f 1525 1013 1014
f 1525 1014 1270
f 1525 1270 1269
f 1525 1269 1013
f 1526 1014 1015
f 1526 1015 1271
f 1526 1271 1270
f 1526 1270 1014
f 1527 1015 1016
f 1527 1016 1272
f 1527 1272 1271
f 1527 1271 1015
f 1528 1016 1017
f 1528 1017 1273
f 1528 1273 1272
f 1528 1272 1016
f 1529 1017 1018
f 1529 1018 1274
f 1529 1274 1273
f 1529 1273 1017
f 1530 1018 1019
f 1530 1019 1275
f 1530 1275 1274
f 1530 1274 1018
f 1531 1019 1020
f 1531 1020 1276
f 1531 1276 1275
f 1531 1275 1019
f 1532 1020 1021
f 1532 1021 1277
f 1532 1277 1276
f 1532 1276 1020
f 1533 1021 1022
f 1533 1022 1278
f 1533 1278 1277
f 1533 1277 1021
f 1534 1022 1023
f 1534 1023 1279
f 1534 1279 1278
f 1534 1278 1022
f 1535 1023 1024
f 1535 1024 1280
f 1535 1280 1279
f 1535 1279 1023
f 1536 1024 769
f 1536 769 1025
f 1536 1025 1280
f 1536 1280 1024
v 1.5804 0.0000 -0.3530
v 1.5799 -0.0407 -0.3530
v 1.5783 -0.0812 -0.3530
v 1.5758 -0.1214 -0.3530
v 1.5722 -0.1613 -0.3530
v 1.5677 -0.2010 -0.3530
v 1.5621 -0.2403 -0.3530
v 1.5557 -0.2794 -0.3530
v 1.5482 -0.3181 -0.3530
v 1.5398 -0.3565 -0.3530
v 1.5306 -0.3945 -0.3530
v 1.5203 -0.4322 -0.3530
v 1.5092 -0.4694 -0.3530
v 1.4972 -0.5063 -0.3530
v 1.4843 -0.5428 -0.3530
v 1.4706 -0.5789 -0.3530
v 1.4560 -0.6146 -0.3530
v 1.4406 -0.6498 -0.3530
v 1.4243 -0.6846 -0.3530
v 1.4072 -0.7189 -0.3530
v 1.3894 -0.7527 -0.3530
v 1.3707 -0.7860 -0.3530
v 1.3513 -0.8189 -0.3530
v 1.3311 -0.8512 -0.3530
v 1.3101 -0.8830 -0.3530
v 1.2884 -0.9143 -0.3530
v 1.2660 -0.9450 -0.3530
v 1.2429 -0.9751 -0.3530
v 1.2190 -1.0047 -0.3530
v 1.1945 -1.0337 -0.3530
v 1.1693 -1.0621 -0.3530
v 1.1435 -1.0898 -0.3530
v 1.1170 -1.1170 -0.3530
v 1.0898 -1.1435 -0.3530
v 1.0621 -1.1693 -0.3530
v 1.0337 -1.1945 -0.3530
v 1.0047 -1.2190 -0.3530
v 0.9751 -1.2429 -0.3530
v 0.9450 -1.2660 -0.3530
v 0.9143 -1.2884 -0.3530
v 0.8830 -1.3101 -0.3530
v 0.8512 -1.3311 -0.3530
v 0.8189 -1.3513 -0.3530
v 0.7860 -1.3707 -0.3530
v 0.7527 -1.3894 -0.3530
v 0.7189 -1.4072 -0.3530
v 0.6846 -1.4243 -0.3530
v 0.6498 -1.4406 -0.3530
v 0.6146 -1.4560 -0.3530
v 0.5789 -1.4706 -0.3530
v 0.5428 -1.4843 -0.3530
v 0.5063 -1.4972 -0.3530
v 0.4694 -1.5092 -0.3530
v 0.4322 -1.5203 -0.3530
v 0.3945 -1.5306 -0.3530
v 0.3565 -1.5398 -0.3530
v 0.3181 -1.5482 -0.3530
v 0.2794 -1.5557 -0.3530
v 0.2404 -1.5621 -0.3530
v 0.2010 -1.5677 -0.3530
v 0.1614 -1.5722 -0.3530
v 0.1214 -1.5758 -0.3530
v 0.0812 -1.5783 -0.3530
v 0.0407 -1.5799 -0.3530
v 0.0000 -1.5804 -0.3530
v -0.0407 -1.5799 -0.3530
v -0.0812 -1.5783 -0.3530
v -0.1214 -1.5758 -0.3530
v -0.1613 -1.5722 -0.3530
v -0.2010 -1.5677 -0.3530
v -0.2403 -1.5621 -0.3530
v -0.2794 -1.5557 -0.3530
v -0.3181 -1.5482 -0.3530
v -0.3565 -1.5398 -0.3530
v -0.3945 -1.5306 -0.3530
v -0.4322 -1.5203 -0.3530
v -0.4694 -1.5092 -0.3530
v -0.5063 -1.4972 -0.3530
v -0.5428 -1.4843 -0.3530
v -0.5789 -1.4706 -0.3530
v -0.6146 -1.4560 -0.3530
v -0.6498 -1.4406 -0.3530
v -0.6846 -1.4243 -0.3530
v -0.7189 -1.4072 -0.3530
v -0.7527 -1.3894 -0.3530
v -0.7860 -1.3707 -0.3530
v -0.8189 -1.3513 -0.3530
v -0.8512 -1.3311 -0.3530
v -0.8830 -1.3101 -0.3530
v -0.9143 -1.2884 -0.3530
v -0.9450 -1.2660 -0.3530
v -0.9751 -1.2429 -0.3530
v -1.0047 -1.2190 -0.3530
v -1.0337 -1.1945 -0.3530
v -1.0621 -1.1693 -0.3530
v -1.0898 -1.1435 -0.3530
v -1.1170 -1.1170 -0.3530
v -1.1435 -1.0898 -0.3530
v -1.1693 -1.0621 -0.3530
v -1.1945 -1.0337 -0.3530
v -1.2190 -1.0047 -0.3530
v -1.2429 -0.9751 -0.3530
v -1.2660 -0.9450 -0.3530
v -1.2884 -0.9143 -0.3530
v -1.3101 -0.8830 -0.3530
v -1.3311 -0.8512 -0.3530
v -1.3513 -0.8189 -0.3530
v -1.3707 -0.7860 -0.3530
v -1.3894 -0.7527 -0.3530
v -1.4072 -0.7189 -0.3530
v -1.4243 -0.6846 -0.3530
v -1.4406 -0.6498 -0.3530
v -1.4560 -0.6146 -0.3530
v -1.4706 -0.5789 -0.3530
v -1.4843 -0.5428 -0.3530
v -1.4972 -0.5063 -0.3530
v -1.5092 -0.4694 -0.3530
v -1.5203 -0.4322 -0.3530
v -1.5306 -0.3945 -0.3530
v -1.5398 -0.3565 -0.3530
v -1.5482 -0.3181 -0.3530
v -1.5557 -0.2794 -0.3530
v -1.5621 -0.2403 -0.3530
v -1.5677 -0.2010 -0.3530
v -1.5722 -0.1613 -0.3530
v -1.5758 -0.1214 -0.3530
v -1.5783 -0.0812 -0.3530
v -1.5799 -0.0407 -0.3530
v -1.5804 0.0000 -0.3530
v -1.5799 0.0407 -0.3530
v -1.5783 0.0812 -0.3530
v -1.5758 0.1214 -0.3530
v -1.5722 0.1614 -0.3530
v -1.5677 0.2010 -0.3530
v -1.5621 0.2404 -0.3530
v -1.5557 0.2794 -0.3530
v -1.5482 0.3181 -0.3530
v -1.5398 0.3565 -0.3530
v -1.5306 0.3945 -0.3530
v -1.5203 0.4322 -0.3530
v -1.5092 0.4694 -0.3530
v -1.4972 0.5063 -0.3530
v -1.4843 0.5428 -0.3530
v -1.4706 0.5789 -0.3530
v -1.4560 0.6146 -0.3530
v -1.4406 0.6498 -0.3530
v -1.4243 0.6846 -0.3530
v -1.4072 0.7189 -0.3530
v -1.3894 0.7527 -0.3530
v -1.3707 0.7860 -0.3530
v -1.3513 0.8189 -0.3530
v -1.3311 0.8512 -0.3530
v -1.3101 0.8830 -0.3530
v -1.2884 0.9143 -0.3530
v -1.2660 0.9450 -0.3530
v -1.2429 0.9751 -0.3530
v -1.2190 1.0047 -0.3530
v -1.1945 1.0337 -0.3530
v -1.1693 1.0621 -0.3530
v -1.1435 1.0898 -0.3530
v -1.1170 1.1170 -0.3530
v -1.0898 1.1435 -0.3530
v -1.0621 1.1693 -0.3530
v -1.0337 1.1945 -0.3530
v -1.0047 1.2190 -0.3530
v -0.9751 1.2429 -0.3530
v -0.9450 1.2660 -0.3530
v -0.9143 1.2884 -0.3530
v -0.8830 1.3101 -0.3530
v -0.8512 1.3311 -0.3530
v -0.8189 1.3513 -0.3530
v -0.7860 1.3707 -0.3530
v -0.7527 1.3894 -0.3530
v -0.7189 1.4072 -0.3530
v -0.6846 1.4243 -0.3530
v -0.6498 1.4406 -0.3530
v -0.6146 1.4560 -0.3530
v -0.5789 1.4706 -0.3530
v -0.5428 1.4843 -0.3530
v -0.5063 1.4972 -0.3530
v -0.4694 1.5092 -0.3530
v -0.4322 1.5203 -0.3530
v -0.3945 1.5306 -0.3530
v -0.3565 1.5398 -0.3530
v -0.3181 1.5482 -0.3530
v -0.2794 1.5557 -0.3530
v -0.2403 1.5621 -0.3530
v -0.2010 1.5677 -0.3530
v -0.1613 1.5722 -0.3530
v -0.1214 1.5758 -0.3530
v -0.0812 1.5783 -0.3530
v -0.0407 1.5799 -0.3530
v 0.0000 1.5804 -0.3530
v 0.0407 1.5799 -0.3530
v 0.0812 1.5783 -0.3530
v 0.1214 1.5758 -0.3530
v 0.1614 1.5722 -0.3530
v 0.2010 1.5677 -0.3530
v 0.2404 1.5621 -0.3530
v 0.2794 1.5557 -0.3530
v 0.3181 1.5482 -0.3530
v 0.3565 1.5398 -0.3530
v 0.3945 1.5306 -0.3530
v 0.4322 1.5203 -0.3530
v 0.4694 1.5092 -0.3530
v 0.5063 1.4972 -0.3530
v 0.5428 1.4843 -0.3530
v 0.5789 1.4706 -0.3530
v 0.6146 1.4560 -0.3530
v 0.6498 1.4406 -0.3530
v 0.6846 1.4243 -0.3530
v 0.7189 1.4072 -0.3530
v 0.7527 1.3894 -0.3530
v 0.7860 1.3707 -0.3530
v 0.8189 1.3513 -0.3530
v 0.8512 1.3311 -0.3530
v 0.8830 1.3101 -0.3530
v 0.9143 1.2884 -0.3530
v 0.9450 1.2660 -0.3530
v 0.9751 1.2429 -0.3530
v 1.0047 1.2190 -0.3530
v 1.0337 1.1945 -0.3530
v 1.0621 1.1693 -0.3530
v 1.0898 1.1435 -0.3530
v 1.1170 1.1170 -0.3530
v 1.1435 1.0898 -0.3530
v 1.1693 1.0621 -0.3530
v 1.1945 1.0337 -0.3530
v 1.2190 1.0047 -0.3530
v 1.2429 0.9751 -0.3530
v 1.2660 0.9450 -0.3530
v 1.2884 0.9143 -0.3530
v 1.3101 0.8830 -0.3530
v 1.3311 0.8512 -0.3530
v 1.3513 0.8189 -0.3530
v 1.3707 0.7860 -0.3530
v 1.3894 0.7527 -0.3530
v 1.4072 0.7189 -0.3530
v 1.4243 0.6846 -0.3530
v 1.4406 0.6498 -0.3530
v 1.4560 0.6146 -0.3530
v 1.4706 0.5789 -0.3530
v 1.4843 0.5428 -0.3530
v 1.4972 0.5063 -0.3530
v 1.5092 0.4694 -0.3530
v 1.5203 0.4322 -0.3530
v 1.5306 0.3945 -0.3530
v 1.5398 0.3565 -0.3530
v 1.5482 0.3181 -0.3530
v 1.5557 0.2794 -0.3530
v 1.5621 0.2404 -0.3530
v 1.5677 0.2010 -0.3530
v 1.5722 0.1614 -0.3530
v 1.5758 0.1214 -0.3530
v 1.5783 0.0812 -0.3530
v 1.5799 0.0407 -0.3530
v 1.5804 0.0000 0.3530
v 1.5799 -0.0407 0.3530
v 1.5783 -0.0812 0.3530
v 1.5758 -0.1214 0.3530
v 1.5722 -0.1613 0.3530
v 1.5677 -0.2010 0.3530
v 1.5621 -0.2403 0.3530
v 1.5557 -0.2794 0.3530
v 1.5482 -0.3181 0.3530
v 1.5398 -0.3565 0.3530
v 1.5306 -0.3945 0.3530
v 1.5203 -0.4322 0.3530
v 1.5092 -0.4694 0.3530
v 1.4972 -0.5063 0.3530
v 1.4843 -0.5428 0.3530
v 1.4706 -0.5789 0.3530
v 1.4560 -0.6146 0.3530
v 1.4406 -0.6498 0.3530
v 1.4243 -0.6846 0.3530
v 1.4072 -0.7189 0.3530
v 1.3894 -0.7527 0.3530
v 1.3707 -0.7860 0.3530
v 1.3513 -0.8189 0.3530
v 1.3311 -0.8512 0.3530
v 1.3101 -0.8830 0.3530
v 1.2884 -0.9143 0.3530
v 1.2660 -0.9450 0.3530
v 1.2429 -0.9751 0.3530
v 1.2190 -1.0047 0.3530
v 1.1945 -1.0337 0.3530
v 1.1693 -1.0621 0.3530
v 1.1435 -1.0898 0.3530
v 1.1170 -1.1170 0.3530
v 1.0898 -1.1435 0.3530
v 1.0621 -1.1693 0.3530
v 1.0337 -1.1945 0.3530
v 1.0047 -1.2190 0.3530
v 0.9751 -1.2429 0.3530
v 0.9450 -1.2660 0.3530
v 0.9143 -1.2884 0.3530
v 0.8830 -1.3101 0.3530
v 0.8512 -1.3311 0.3530
v 0.8189 -1.3513 0.3530
v 0.7860 -1.3707 0.3530
v 0.7527 -1.3894 0.3530
v 0.7189 -1.4072 0.3530
v 0.6846 -1.4243 0.3530
v 0.6498 -1.4406 0.3530
v 0.6146 -1.4560 0.3530
v 0.5789 -1.4706 0.3530
v 0.5428 -1.4843 0.3530
v 0.5063 -1.4972 0.3530
v 0.4694 -1.5092 0.3530
v 0.4322 -1.5203 0.3530
v 0.3945 -1.5306 0.3530
v 0.3565 -1.5398 0.3530
v 0.3181 -1.5482 0.3530
v 0.2794 -1.5557 0.3530
v 0.2404 -1.5621 0.3530
v 0.2010 -1.5677 0.3530
v 0.1614 -1.5722 0.3530
v 0.1214 -1.5758 0.3530
v 0.0812 -1.5783 0.3530
v 0.0407 -1.5799 0.3530
v 0.0000 -1.5804 0.3530
v -0.0407 -1.5799 0.3530
v -0.0812 -1.5783 0.3530
v -0.1214 -1.5758 0.3530
v -0.1613 -1.5722 0.3530
v -0.2010 -1.5677 0.3530
v -0.2403 -1.5621 0.3530
v -0.2794 -1.5557 0.3530
v -0.3181 -1.5482 0.3530
v -0.3565 -1.5398 0.3530
v -0.3945 -1.5306 0.3530
v -0.4322 -1.5203 0.3530
v -0.4694 -1.5092 0.3530
v -0.5063 -1.4972 0.3530
v -0.5428 -1.4843 0.3530
v -0.5789 -1.4706 0.3530
v -0.6146 -1.4560 0.3530
v -0.6498 -1.4406 0.3530
v -0.6846 -1.4243 0.3530
v -0.7189 -1.4072 0.3530
v -0.7527 -1.3894 0.3530
v -0.7860 -1.3707 0.3530
v -0.8189 -1.3513 0.3530
v -0.8512 -1.3311 0.3530
v -0.8830 -1.3101 0.3530
v -0.9143 -1.2884 0.3530
v -0.9450 -1.2660 0.3530
v -0.9751 -1.2429 0.3530
v -1.0047 -1.2190 0.3530
v -1.0337 -1.1945 0.3530
v -1.0621 -1.1693 0.3530
v -1.0898 -1.1435 0.3530
v -1.1170 -1.1170 0.3530
v -1.1435 -1.0898 0.3530
v -1.1693 -1.0621 0.3530
v -1.1945 -1.0337 0.3530
v -1.2190 -1.0047 0.3530
v -1.2429 -0.9751 0.3530
v -1.2660 -0.9450 0.3530
v -1.2884 -0.9143 0.3530
v -1.3101 -0.8830 0.3530
v -1.3311 -0.8512 0.3530
v -1.3513 -0.8189 0.3530
v -1.3707 -0.7860 0.3530
v -1.3894 -0.7527 0.3530
v -1.4072 -0.7189 0.3530
v -1.4243 -0.6846 0.3530
v -1.4406 -0.6498 0.3530
v -1.4560 -0.6146 0.3530
v -1.4706 -0.5789 0.3530
v -1.4843 -0.5428 0.3530
v -1.4972 -0.5063 0.3530
v -1.5092 -0.4694 0.3530
v -1.5203 -0.4322 0.3530
v -1.5306 -0.3945 0.3530
v -1.5398 -0.3565 0.3530
v -1.5482 -0.3181 0.3530
v -1.5557 -0.2794 0.3530
v -1.5621 -0.2403 0.3530
v -1.5677 -0.2010 0.3530
v -1.5722 -0.1613 0.3530
v -1.5758 -0.1214 0.3530
v -1.5783 -0.0812 0.3530
v -1.5799 -0.0407 0.3530
v -1.5804 0.0000 0.3530
v -1.5799 0.0407 0.3530
v -1.5783 0.0812 0.3530
v -1.5758 0.1214 0.3530
v -1.5722 0.1614 0.3530
v -1.5677 0.2010 0.3530
v -1.5621 0.2404 0.3530
v -1.5557 0.2794 0.3530
v -1.5482 0.3181 0.3530
v -1.5398 0.3565 0.3530
v -1.5306 0.3945 0.3530
v -1.5203 0.4322 0.3530
v -1.5092 0.4694 0.3530
v -1.4972 0.5063 0.3530
v -1.4843 0.5428 0.3530
v -1.4706 0.5789 0.3530
v -1.4560 0.6146 0.3530
v -1.4406 0.6498 0.3530
v -1.4243 0.6846 0.3530
v -1.4072 0.7189 0.3530
v -1.3894 0.7527 0.3530
v -1.3707 0.7860 0.3530
v -1.3513 0.8189 0.3530
v -1.3311 0.8512 0.3530
v -1.3101 0.8830 0.3530
v -1.2884 0.9143 0.3530
v -1.2660 0.9450 0.3530
v -1.2429 0.9751 0.3530
v -1.2190 1.0047 0.3530
v -1.1945 1.0337 0.3530
v -1.1693 1.0621 0.3530
v -1.1435 1.0898 0.3530
v -1.1170 1.1170 0.3530
v -1.0898 1.1435 0.3530
v -1.0621 1.1693 0.3530
v -1.0337 1.1945 0.3530
v -1.0047 1.2190 0.3530
v -0.9751 1.2429 0.3530
v -0.9450 1.2660 0.3530
v -0.9143 1.2884 0.3530
v -0.8830 1.3101 0.3530
v -0.8512 1.3311 0.3530
v -0.8189 1.3513 0.3530
v -0.7860 1.3707 0.3530
v -0.7527 1.3894 0.3530
v -0.7189 1.4072 0.3530
v -0.6846 1.4243 0.3530
v -0.6498 1.4406 0.3530
v -0.6146 1.4560 0.3530
v -0.5789 1.4706 0.3530
v -0.5428 1.4843 0.3530
v -0.5063 1.4972 0.3530
v -0.4694 1.5092 0.3530
v -0.4322 1.5203 0.3530
v -0.3945 1.5306 0.3530
v -0.3565 1.5398 0.3530
v -0.3181 1.5482 0.3530
v -0.2794 1.5557 0.3530
v -0.2403 1.5621 0.3530
v -0.2010 1.5677 0.3530
v -0.1613 1.5722 0.3530
v -0.1214 1.5758 0.3530
v -0.0812 1.5783 0.3530
v -0.0407 1.5799 0.3530
v 0.0000 1.5804 0.3530
v 0.0407 1.5799 0.3530
v 0.0812 1.5783 0.3530
v 0.1214 1.5758 0.3530
v 0.1614 1.5722 0.3530
v 0.2010 1.5677 0.3530
v 0.2404 1.5621 0.3530
v 0.2794 1.5557 0.3530
v 0.3181 1.5482 0.3530
v 0.3565 1.5398 0.3530
v 0.3945 1.5306 0.3530
v 0.4322 1.5203 0.3530
v 0.4694 1.5092 0.3530
v 0.5063 1.4972 0.3530
v 0.5428 1.4843 0.3530
v 0.5789 1.4706 0.3530
v 0.6146 1.4560 0.3530
v 0.6498 1.4406 0.3530
v 0.6846 1.4243 0.3530
v 0.7189 1.4072 0.3530
v 0.7527 1.3894 0.3530
v 0.7860 1.3707 0.3530
v 0.8189 1.3513 0.3530
v 0.8512 1.3311 0.3530
v 0.8830 1.3101 0.3530
v 0.9143 1.2884 0.3530
v 0.9450 1.2660 0.3530
v 0.9751 1.2429 0.3530
v 1.0047 1.2190 0.3530
v 1.0337 1.1945 0.3530
v 1.0621 1.1693 0.3530
v 1.0898 1.1435 0.3530
v 1.1170 1.1170 0.3530
v 1.1435 1.0898 0.3530
v 1.1693 1.0621 0.3530
v 1.1945 1.0337 0.3530
v 1.2190 1.0047 0.3530
v 1.2429 0.9751 0.3530
v 1.2660 0.9450 0.3530
v 1.2884 0.9143 0.3530
v 1.3101 0.8830 0.3530
v 1.3311 0.8512 0.3530
v 1.3513 0.8189 0.3530
v 1.3707 0.7860 0.3530
v 1.3894 0.7527 0.3530
v 1.4072 0.7189 0.3530
v 1.4243 0.6846 0.3530
v 1.4406 0.6498 0.3530
v 1.4560 0.6146 0.3530
v 1.4706 0.5789 0.3530
v 1.4843 0.5428 0.3530
v 1.4972 0.5063 0.3530
v 1.5092 0.4694 0.3530
v 1.5203 0.4322 0.3530
v 1.5306 0.3945 0.3530
v 1.5398 0.3565 0.3530
v 1.5482 0.3181 0.3530
v 1.5557 0.2794 0.3530
v 1.5621 0.2404 0.3530
v 1.5677 0.2010 0.3530
v 1.5722 0.1614 0.3530
v 1.5758 0.1214 0.3530
v 1.5783 0.0812 0.3530
v 1.5799 0.0407 0.3530
v 1.5801 -0.0204 0.0000
v 1.5791 -0.0610 0.0000
v 1.5771 -0.1013 0.0000
v 1.5740 -0.1414 0.0000
v 1.5699 -0.1812 0.0000
v 1.5649 -0.2207 0.0000
v 1.5589 -0.2599 0.0000
v 1.5519 -0.2987 0.0000
v 1.5440 -0.3373 0.0000
v 1.5352 -0.3755 0.0000
v 1.5254 -0.4133 0.0000
v 1.5148 -0.4508 0.0000
v 1.5032 -0.4879 0.0000
v 1.4908 -0.5246 0.0000
v 1.4775 -0.5609 0.0000
v 1.4633 -0.5967 0.0000
v 1.4483 -0.6322 0.0000
v 1.4324 -0.6672 0.0000
v 1.4158 -0.7017 0.0000
v 1.3983 -0.7358 0.0000
v 1.3800 -0.7694 0.0000
v 1.3610 -0.8024 0.0000
v 1.3412 -0.8350 0.0000
v 1.3206 -0.8671 0.0000
v 1.2993 -0.8986 0.0000
v 1.2772 -0.9296 0.0000
v 1.2545 -0.9600 0.0000
v 1.2310 -0.9899 0.0000
v 1.2068 -1.0192 0.0000
v 1.1819 -1.0479 0.0000
v 1.1564 -1.0759 0.0000
v 1.1302 -1.1034 0.0000
v 1.1034 -1.1302 0.0000
v 1.0759 -1.1564 0.0000
v 1.0479 -1.1819 0.0000
v 1.0192 -1.2068 0.0000
v 0.9899 -1.2310 0.0000
v 0.9600 -1.2545 0.0000
v 0.9296 -1.2772 0.0000
v 0.8986 -1.2993 0.0000
v 0.8671 -1.3206 0.0000
v 0.8350 -1.3412 0.0000
v 0.8025 -1.3610 0.0000
v 0.7694 -1.3800 0.0000
v 0.7358 -1.3983 0.0000
v 0.7017 -1.4158 0.0000
v 0.6672 -1.4324 0.0000
v 0.6322 -1.4483 0.0000
v 0.5967 -1.4633 0.0000
v 0.5609 -1.4775 0.0000
v 0.5246 -1.4908 0.0000
v 0.4879 -1.5032 0.0000
v 0.4508 -1.5148 0.0000
v 0.4133 -1.5254 0.0000
v 0.3755 -1.5352 0.0000
v 0.3373 -1.5440 0.0000
v 0.2988 -1.5519 0.0000
v 0.2599 -1.5589 0.0000
v 0.2207 -1.5649 0.0000
v 0.1812 -1.5699 0.0000
v 0.1414 -1.5740 0.0000
v 0.1013 -1.5771 0.0000
v 0.0610 -1.5791 0.0000
v 0.0204 -1.5801 0.0000
v -0.0204 -1.5801 0.0000
v -0.0610 -1.5791 0.0000
v -0.1013 -1.5771 0.0000
v -0.1414 -1.5740 0.0000
v -0.1812 -1.5699 0.0000
v -0.2207 -1.5649 0.0000
v -0.2599 -1.5589 0.0000
v -0.2987 -1.5519 0.0000
v -0.3373 -1.5440 0.0000
v -0.3755 -1.5352 0.0000
v -0.4133 -1.5254 0.0000
v -0.4508 -1.5148 0.0000
v -0.4879 -1.5032 0.0000
v -0.5246 -1.4908 0.0000
v -0.5609 -1.4775 0.0000
v -0.5967 -1.4633 0.0000
v -0.6322 -1.4483 0.0000
v -0.6672 -1.4324 0.0000
v -0.7017 -1.4158 0.0000
v -0.7358 -1.3983 0.0000
v -0.7694 -1.3800 0.0000
v -0.8024 -1.3610 0.0000
v -0.8350 -1.3412 0.0000
v -0.8671 -1.3206 0.0000
v -0.8986 -1.2993 0.0000
v -0.9296 -1.2772 0.0000
v -0.9600 -1.2545 0.0000
v -0.9899 -1.2310 0.0000
v -1.0192 -1.2068 0.0000
v -1.0479 -1.1819 0.0000
v -1.0759 -1.1564 0.0000
v -1.1034 -1.1302 0.0000
v -1.1302 -1.1034 0.0000
v -1.1564 -1.0759 0.0000
v -1.1819 -1.0479 0.0000
v -1.2068 -1.0192 0.0000
v -1.2310 -0.9899 0.0000
v -1.2545 -0.9600 0.0000
v -1.2772 -0.9296 0.0000
v -1.2993 -0.8986 0.0000
v -1.3206 -0.8671 0.0000
v -1.3412 -0.8350 0.0000
v -1.3610 -0.8024 0.0000
v -1.3800 -0.7694 0.0000
v -1.3983 -0.7358 0.0000
v -1.4158 -0.7017 0.0000
v -1.4324 -0.6672 0.0000
v -1.4483 -0.6322 0.0000
v -1.4633 -0.5967 0.0000
v -1.4775 -0.5609 0.0000
v -1.4908 -0.5246 0.0000
v -1.5032 -0.4879 0.0000
v -1.5148 -0.4508 0.0000
v -1.5254 -0.4133 0.0000
v -1.5352 -0.3755 0.0000
v -1.5440 -0.3373 0.0000
v -1.5519 -0.2987 0.0000
v -1.5589 -0.2599 0.0000
v -1.5649 -0.2207 0.0000
v -1.5699 -0.1812 0.0000
v -1.5740 -0.1414 0.0000
v -1.5771 -0.1013 0.0000
v -1.5791 -0.0610 0.0000
v -1.5801 -0.0204 0.0000
v -1.5801 0.0204 0.0000
v -1.5791 0.0610 0.0000
v -1.5771 0.1013 0.0000
v -1.5740 0.1414 0.0000
v -1.5699 0.1812 0.0000
v -1.5649 0.2207 0.0000
v -1.5589 0.2599 0.0000
v -1.5519 0.2988 0.0000
v -1.5440 0.3373 0.0000
v -1.5352 0.3755 0.0000
v -1.5254 0.4133 0.0000
v -1.5148 0.4508 0.0000
v -1.5032 0.4879 0.0000
v -1.4908 0.5246 0.0000
v -1.4775 0.5609 0.0000
v -1.4633 0.5967 0.0000
v -1.4483 0.6322 0.0000
v -1.4324 0.6672 0.0000
v -1.4158 0.7017 0.0000
v -1.3983 0.7358 0.0000
v -1.3800 0.7694 0.0000
v -1.3610 0.8025 0.0000
v -1.3412 0.8350 0.0000
v -1.3206 0.8671 0.0000
v -1.2993 0.8986 0.0000
v -1.2772 0.9296 0.0000
v -1.2545 0.9600 0.0000
v -1.2310 0.9899 0.0000
v -1.2068 1.0192 0.0000
v -1.1819 1.0479 0.0000
v -1.1564 1.0759 0.0000
v -1.1302 1.1034 0.0000
v -1.1034 1.1302 0.0000
v -1.0759 1.1564 0.0000
v -1.0479 1.1819 0.0000
v -1.0192 1.2068 0.0000
v -0.9899 1.2310 0.0000
v -0.9600 1.2545 0.0000
v -0.9296 1.2772 0.0000
v -0.8986 1.2993 0.0000
v -0.8671 1.3206 0.0000
v -0.8350 1.3412 0.0000
v -0.8024 1.3610 0.0000
v -0.7694 1.3800 0.0000
v -0.7358 1.3983 0.0000
v -0.7017 1.4158 0.0000
v -0.6672 1.4324 0.0000
v -0.6322 1.4483 0.0000
v -0.5967 1.4633 0.0000
v -0.5609 1.4775 0.0000
v -0.5246 1.4908 0.0000
v -0.4879 1.5032 0.0000
v -0.4508 1.5148 0.0000
v -0.4133 1.5254 0.0000
v -0.3755 1.5352 0.0000
v -0.3373 1.5440 0.0000
v -0.2987 1.5519 0.0000
v -0.2599 1.5589 0.0000
v -0.2207 1.5649 0.0000
v -0.1812 1.5699 0.0000
v -0.1414 1.5740 0.0000
v -0.1013 1.5771 0.0000
v -0.0610 1.5791 0.0000
v -0.0204 1.5801 0.0000
v 0.0204 1.5801 0.0000
v 0.0610 1.5791 0.0000
v 0.1013 1.5771 0.0000
v 0.1414 1.5740 0.0000
v 0.1812 1.5699 0.0000
v 0.2207 1.5649 0.0000
v 0.2599 1.5589 0.0000
v 0.2988 1.5519 0.0000
v 0.3373 1.5440 0.0000
v 0.3755 1.5352 0.0000
v 0.4133 1.5254 0.0000
v 0.4508 1.5148 0.0000
v 0.4879 1.5032 0.0000
v 0.5246 1.4908 0.0000
v 0.5609 1.4775 0.0000
v 0.5967 1.4633 0.0000
v 0.6322 1.4483 0.0000
v 0.6672 1.4324 0.0000
v 0.7017 1.4158 0.0000
v 0.7358 1.3983 0.0000
v 0.7694 1.3800 0.0000
v 0.8025 1.3610 0.0000
v 0.8350 1.3412 0.0000
v 0.8671 1.3206 0.0000
v 0.8986 1.2993 0.0000
v 0.9296 1.2772 0.0000
v 0.9600 1.2545 0.0000
v 0.9899 1.2310 0.0000
v 1.0192 1.2068 0.0000
v 1.0479 1.1819 0.0000
v 1.0759 1.1564 0.0000
v 1.1034 1.1302 0.0000
v 1.1302 1.1034 0.0000
v 1.1564 1.0759 0.0000
v 1.1819 1.0479 0.0000
v 1.2068 1.0192 0.0000
v 1.2310 0.9899 0.0000
v 1.2545 0.9600 0.0000
v 1.2772 0.9296 0.0000
v 1.2993 0.8986 0.0000
v 1.3206 0.8671 0.0000
v 1.3412 0.8350 0.0000
v 1.3610 0.8025 0.0000
v 1.3800 0.7694 0.0000
v 1.3983 0.7358 0.0000
v 1.4158 0.7017 0.0000
v 1.4324 0.6672 0.0000
v 1.4483 0.6322 0.0000
v 1.4633 0.5967 0.0000
v 1.4775 0.5609 0.0000
v 1.4908 0.5246 0.0000
v 1.5032 0.4879 0.0000
v 1.5148 0.4508 0.0000
v 1.5254 0.4133 0.0000
v 1.5352 0.3755 0.0000
v 1.5440 0.3373 0.0000
v 1.5519 0.2988 0.0000
v 1.5589 0.2599 0.0000
v 1.5649 0.2207 0.0000
v 1.5699 0.1812 0.0000
v 1.5740 0.1414 0.0000
v 1.5771 0.1013 0.0000
v 1.5791 0.0610 0.0000
v 1.5801 0.0204 0.0000
v 1.8975 -0.0489 -0.3530
v 1.8981 0.0000 -0.3530
v 1.8975 0.0489 -0.3530
v 1.8956 0.0975 -0.3530
v 1.8925 0.1458 -0.3530
v 1.8883 0.1938 -0.3530
v 1.8828 0.2414 -0.3530
v 1.8762 0.2887 -0.3530
v 1.8684 0.3356 -0.3530
v 1.8595 0.3821 -0.3530
v 1.8494 0.4281 -0.3530
v 1.8382 0.4738 -0.3530
v 1.8260 0.5190 -0.3530
v 1.8126 0.5638 -0.3530
v 1.7982 0.6081 -0.3530
v 1.7827 0.6520 -0.3530
v 1.7662 0.6953 -0.3530
v 1.7487 0.7381 -0.3530
v 1.7302 0.7804 -0.3530
v 1.7106 0.8222 -0.3530
v 1.6901 0.8634 -0.3530
v 1.6687 0.9040 -0.3530
v 1.6462 0.9440 -0.3530
v 1.6229 0.9835 -0.3530
v 1.5986 1.0223 -0.3530
v 1.5735 1.0605 -0.3530
v 1.5474 1.0981 -0.3530
v 1.5205 1.1349 -0.3530
v 1.4927 1.1711 -0.3530
v 1.4641 1.2067 -0.3530
v 1.4347 1.2415 -0.3530
v 1.4044 1.2756 -0.3530
v 1.3734 1.3089 -0.3530
v 1.3415 1.3415 -0.3530
v 1.3089 1.3734 -0.3530
v 1.2756 1.4044 -0.3530
v 1.2415 1.4347 -0.3530
v 1.2067 1.4641 -0.3530
v 1.1711 1.4927 -0.3530
v 1.1349 1.5205 -0.3530
v 1.0981 1.5474 -0.3530
v 1.0605 1.5735 -0.3530
v 1.0223 1.5986 -0.3530
v 0.9835 1.6229 -0.3530
v 0.9440 1.6462 -0.3530
v 0.9040 1.6687 -0.3530
v 0.8634 1.6901 -0.3530
v 0.8222 1.7106 -0.3530
v 0.7804 1.7302 -0.3530
v 0.7381 1.7487 -0.3530
v 0.6953 1.7662 -0.3530
v 0.6520 1.7827 -0.3530
v 0.6081 1.7982 -0.3530
v 0.5638 1.8126 -0.3530
v 0.5190 1.8260 -0.3530
v 0.4738 1.8382 -0.3530
v 0.4281 1.8494 -0.3530
v 0.3821 1.8595 -0.3530
v 0.3356 1.8684 -0.3530
v 0.2887 1.8762 -0.3530
v 0.2414 1.8828 -0.3530
v 0.1938 1.8883 -0.3530
v 0.1458 1.8925 -0.3530
v 0.0975 1.8956 -0.3530
v 0.0489 1.8975 -0.3530
v 0.0000 1.8981 -0.3530
v -0.0489 1.8975 -0.3530
v -0.0975 1.8956 -0.3530
v -0.1458 1.8925 -0.3530
v -0.1938 1.8883 -0.3530
v -0.2414 1.8828 -0.3530
v -0.2887 1.8762 -0.3530
v -0.3355 1.8684 -0.3530
v -0.3820 1.8595 -0.3530
v -0.4281 1.8494 -0.3530
v -0.4738 1.8382 -0.3530
v -0.5190 1.8260 -0.3530
v -0.5638 1.8126 -0.3530
v -0.6081 1.7982 -0.3530
v -0.6519 1.7827 -0.3530
v -0.6953 1.7662 -0.3530
v -0.7381 1.7487 -0.3530
v -0.7804 1.7302 -0.3530
v -0.8222 1.7106 -0.3530
v -0.8634 1.6901 -0.3530
v -0.9040 1.6687 -0.3530
v -0.9440 1.6462 -0.3530
v -0.9835 1.6229 -0.3530
v -1.0223 1.5986 -0.3530
v -1.0605 1.5735 -0.3530
v -1.0980 1.5474 -0.3530
v -1.1349 1.5205 -0.3530
v -1.1711 1.4927 -0.3530
v -1.2067 1.4641 -0.3530
v -1.2415 1.4347 -0.3530
v -1.2756 1.4044 -0.3530
v -1.3089 1.3734 -0.3530
v -1.3415 1.3415 -0.3530
v -1.3734 1.3089 -0.3530
v -1.4044 1.2756 -0.3530
v -1.4347 1.2415 -0.3530
v -1.4641 1.2067 -0.3530
v -1.4927 1.1711 -0.3530
v -1.5205 1.1349 -0.3530
v -1.5474 1.0981 -0.3530
v -1.5735 1.0605 -0.3530
v -1.5986 1.0223 -0.3530
v -1.6229 0.9835 -0.3530
v -1.6462 0.9440 -0.3530
v -1.6687 0.9040 -0.3530
v -1.6901 0.8634 -0.3530
v -1.7106 0.8222 -0.3530
v -1.7302 0.7804 -0.3530
v -1.7487 0.7381 -0.3530
v -1.7662 0.6953 -0.3530
v -1.7827 0.6520 -0.3530
v -1.7982 0.6081 -0.3530
v -1.8126 0.5638 -0.3530
v -1.8260 0.5190 -0.3530
v -1.8382 0.4738 -0.3530
v -1.8494 0.4281 -0.3530
v -1.8595 0.3821 -0.3530
v -1.8684 0.3356 -0.3530
v -1.8762 0.2887 -0.3530
v -1.8828 0.2414 -0.3530
v -1.8883 0.1938 -0.3530
v -1.8925 0.1458 -0.3530
v -1.8956 0.0975 -0.3530
v -1.8975 0.0489 -0.3530
v -1.8981 0.0000 -0.3530
v -1.8975 -0.0489 -0.3530
v -1.8956 -0.0975 -0.3530
v -1.8925 -0.1458 -0.3530
v -1.8883 -0.1938 -0.3530
v -1.8828 -0.2414 -0.3530
v -1.8762 -0.2887 -0.3530
v -1.8684 -0.3355 -0.3530
v -1.8595 -0.3820 -0.3530
v -1.8494 -0.4281 -0.3530
v -1.8382 -0.4738 -0.3530
v -1.8260 -0.5190 -0.3530
v -1.8126 -0.5638 -0.3530
v -1.7982 -0.6081 -0.3530
v -1.7827 -0.6519 -0.3530
v -1.7662 -0.6953 -0.3530
v -1.7487 -0.7381 -0.3530
v -1.7302 -0.7804 -0.3530
v -1.7106 -0.8222 -0.3530
v -1.6901 -0.8634 -0.3530
v -1.6687 -0.9040 -0.3530
v -1.6462 -0.9440 -0.3530
v -1.6229 -0.9835 -0.3530
v -1.5986 -1.0223 -0.3530
v -1.5735 -1.0605 -0.3530
v -1.5474 -1.0980 -0.3530
v -1.5205 -1.1349 -0.3530
v -1.4927 -1.1711 -0.3530
v -1.4641 -1.2067 -0.3530
v -1.4347 -1.2415 -0.3530
v -1.4044 -1.2756 -0.3530
v -1.3734 -1.3089 -0.3530
v -1.3415 -1.3415 -0.3530
v -1.3089 -1.3734 -0.3530
v -1.2756 -1.4044 -0.3530
v -1.2415 -1.4347 -0.3530
v -1.2067 -1.4641 -0.3530
v -1.1711 -1.4927 -0.3530
v -1.1349 -1.5205 -0.3530
v -1.0980 -1.5474 -0.3530
v -1.0605 -1.5735 -0.3530
v -1.0223 -1.5986 -0.3530
v -0.9835 -1.6229 -0.3530
v -0.9440 -1.6462 -0.3530
v -0.9040 -1.6687 -0.3530
v -0.8634 -1.6901 -0.3530
v -0.8222 -1.7106 -0.3530
v -0.7804 -1.7302 -0.3530
v -0.7381 -1.7487 -0.3530
v -0.6953 -1.7662 -0.3530
v -0.6519 -1.7827 -0.3530
v -0.6081 -1.7982 -0.3530
v -0.5638 -1.8126 -0.3530
v -0.5190 -1.8260 -0.3530
v -0.4738 -1.8382 -0.3530
v -0.4281 -1.8494 -0.3530
v -0.3820 -1.8595 -0.3530
v -0.3355 -1.8684 -0.3530
v -0.2887 -1.8762 -0.3530
v -0.2414 -1.8828 -0.3530
v -0.1938 -1.8883 -0.3530
v -0.1458 -1.8925 -0.3530
v -0.0975 -1.8956 -0.3530
v -0.0489 -1.8975 -0.3530
v 0.0000 -1.8981 -0.3530
v 0.0489 -1.8975 -0.3530
v 0.0975 -1.8956 -0.3530
v 0.1458 -1.8925 -0.3530
v 0.1938 -1.8883 -0.3530
v 0.2414 -1.8828 -0.3530
v 0.2887 -1.8762 -0.3530
v 0.3356 -1.8684 -0.3530
v 0.3821 -1.8595 -0.3530
v 0.4281 -1.8494 -0.3530
v 0.4738 -1.8382 -0.3530
v 0.5190 -1.8260 -0.3530
v 0.5638 -1.8126 -0.3530
v 0.6081 -1.7982 -0.3530
v 0.6520 -1.7827 -0.3530
v 0.6953 -1.7662 -0.3530
v 0.7381 -1.7487 -0.3530
v 0.7804 -1.7302 -0.3530
v 0.8222 -1.7106 -0.3530
v 0.8634 -1.6901 -0.3530
v 0.9040 -1.6687 -0.3530
v 0.9440 -1.6462 -0.3530
v 0.9835 -1.6229 -0.3530
v 1.0223 -1.5986 -0.3530
v 1.0605 -1.5735 -0.3530
v 1.0981 -1.5474 -0.3530
v 1.1349 -1.5205 -0.3530
v 1.1711 -1.4927 -0.3530
v 1.2067 -1.4641 -0.3530
v 1.2415 -1.4347 -0.3530
v 1.2756 -1.4044 -0.3530
v 1.3089 -1.3734 -0.3530
v 1.3415 -1.3415 -0.3530
v 1.3734 -1.3089 -0.3530
v 1.4044 -1.2756 -0.3530
v 1.4347 -1.2415 -0.3530
v 1.4641 -1.2067 -0.3530
v 1.4927 -1.1711 -0.3530
v 1.5205 -1.1349 -0.3530
v 1.5474 -1.0980 -0.3530
v 1.5735 -1.0605 -0.3530
v 1.5986 -1.0223 -0.3530
v 1.6229 -0.9835 -0.3530
v 1.6462 -0.9440 -0.3530
v 1.6687 -0.9040 -0.3530
v 1.6901 -0.8634 -0.3530
v 1.7106 -0.8222 -0.3530
v 1.7302 -0.7804 -0.3530
v 1.7487 -0.7381 -0.3530
v 1.7662 -0.6953 -0.3530
v 1.7827 -0.6519 -0.3530
v 1.7982 -0.6081 -0.3530
v 1.8126 -0.5638 -0.3530
v 1.8260 -0.5190 -0.3530
v 1.8382 -0.4738 -0.3530
v 1.8494 -0.4281 -0.3530
v 1.8595 -0.3820 -0.3530
v 1.8684 -0.3355 -0.3530
v 1.8762 -0.2887 -0.3530
v 1.8828 -0.2414 -0.3530
v 1.8883 -0.1938 -0.3530
v 1.8925 -0.1458 -0.3530
v 1.8956 -0.0975 -0.3530
v 1.8975 -0.0489 0.3530
v 1.8981 0.0000 0.3530
v 1.8975 0.0489 0.3530
v 1.8956 0.0975 0.3530
v 1.8925 0.1458 0.3530
v 1.8883 0.1938 0.3530
v 1.8828 0.2414 0.3530
v 1.8762 0.2887 0.3530
v 1.8684 0.3356 0.3530
v 1.8595 0.3821 0.3530
v 1.8494 0.4281 0.3530
v 1.8382 0.4738 0.3530
v 1.8260 0.5190 0.3530
v 1.8126 0.5638 0.3530
v 1.7982 0.6081 0.3530
v 1.7827 0.6520 0.3530
v 1.7662 0.6953 0.3530
v 1.7487 0.7381 0.3530
v 1.7302 0.7804 0.3530
v 1.7106 0.8222 0.3530
v 1.6901 0.8634 0.3530
v 1.6687 0.9040 0.3530
v 1.6462 0.9440 0.3530
v 1.6229 0.9835 0.3530
v 1.5986 1.0223 0.3530
v 1.5735 1.0605 0.3530
v 1.5474 1.0981 0.3530
v 1.5205 1.1349 0.3530
v 1.4927 1.1711 0.3530
v 1.4641 1.2067 0.3530
v 1.4347 1.2415 0.3530
v 1.4044 1.2756 0.3530
v 1.3734 1.3089 0.3530
v 1.3415 1.3415 0.3530
v 1.3089 1.3734 0.3530
v 1.2756 1.4044 0.3530
v 1.2415 1.4347 0.3530
v 1.2067 1.4641 0.3530
v 1.1711 1.4927 0.3530
v 1.1349 1.5205 0.3530
v 1.0981 1.5474 0.3530
v 1.0605 1.5735 0.3530
v 1.0223 1.5986 0.3530
v 0.9835 1.6229 0.3530
v 0.9440 1.6462 0.3530
v 0.9040 1.6687 0.3530
v 0.8634 1.6901 0.3530
v 0.8222 1.7106 0.3530
v 0.7804 1.7302 0.3530
v 0.7381 1.7487 0.3530
v 0.6953 1.7662 0.3530
v 0.6520 1.7827 0.3530
v 0.6081 1.7982 0.3530
v 0.5638 1.8126 0.3530
v 0.5190 1.8260 0.3530
v 0.4738 1.8382 0.3530
v 0.4281 1.8494 0.3530
v 0.3821 1.8595 0.3530
v 0.3356 1.8684 0.3530
v 0.2887 1.8762 0.3530
v 0.2414 1.8828 0.3530
v 0.1938 1.8883 0.3530
v 0.1458 1.8925 0.3530
v 0.0975 1.8956 0.3530
v 0.0489 1.8975 0.3530
v 0.0000 1.8981 0.3530
v -0.0489 1.8975 0.3530
v -0.0975 1.8956 0.3530
v -0.1458 1.8925 0.3530
v -0.1938 1.8883 0.3530
v -0.2414 1.8828 0.3530
v -0.2887 1.8762 0.3530
v -0.3355 1.8684 0.3530
v -0.3820 1.8595 0.3530
v -0.4281 1.8494 0.3530
v -0.4738 1.8382 0.3530
v -0.5190 1.8260 0.3530
v -0.5638 1.8126 0.3530
v -0.6081 1.7982 0.3530
v -0.6519 1.7827 0.3530
v -0.6953 1.7662 0.3530
v -0.7381 1.7487 0.3530
v -0.7804 1.7302 0.3530
v -0.8222 1.7106 0.3530
v -0.8634 1.6901 0.3530
v -0.9040 1.6687 0.3530
v -0.9440 1.6462 0.3530
v -0.9835 1.6229 0.3530
v -1.0223 1.5986 0.3530
v -1.0605 1.5735 0.3530
v -1.0980 1.5474 0.3530
v -1.1349 1.5205 0.3530
v -1.1711 1.4927 0.3530
v -1.2067 1.4641 0.3530
v -1.2415 1.4347 0.3530
v -1.2756 1.4044 0.3530
v -1.3089 1.3734 0.3530
v -1.3415 1.3415 0.3530
v -1.3734 1.3089 0.3530
v -1.4044 1.2756 0.3530
v -1.4347 1.2415 0.3530
v -1.4641 1.2067 0.3530
v -1.4927 1.1711 0.3530
v -1.5205 1.1349 0.3530
v -1.5474 1.0981 0.3530
v -1.5735 1.0605 0.3530
v -1.5986 1.0223 0.3530
v -1.6229 0.9835 0.3530
v -1.6462 0.9440 0.3530
v -1.6687 0.9040 0.3530
v -1.6901 0.8634 0.3530
v -1.7106 0.8222 0.3530
v -1.7302 0.7804 0.3530
v -1.7487 0.7381 0.3530
v -1.7662 0.6953 0.3530
v -1.7827 0.6520 0.3530
v -1.7982 0.6081 0.3530
v -1.8126 0.5638 0.3530
v -1.8260 0.5190 0.3530
v -1.8382 0.4738 0.3530
v -1.8494 0.4281 0.3530
v -1.8595 0.3821 0.3530
v -1.8684 0.3356 0.3530
v -1.8762 0.2887 0.3530
v -1.8828 0.2414 0.3530
v -1.8883 0.1938 0.3530
v -1.8925 0.1458 0.3530
v -1.8956 0.0975 0.3530
v -1.8975 0.0489 0.3530
v -1.8981 0.0000 0.3530
v -1.8975 -0.0489 0.3530
v -1.8956 -0.0975 0.3530
v -1.8925 -0.1458 0.3530
v -1.8883 -0.1938 0.3530
v -1.8828 -0.2414 0.3530
v -1.8762 -0.2887 0.3530
v -1.8684 -0.3355 0.3530
v -1.8595 -0.3820 0.3530
v -1.8494 -0.4281 0.3530
v -1.8382 -0.4738 0.3530
v -1.8260 -0.5190 0.3530
v -1.8126 -0.5638 0.3530
v -1.7982 -0.6081 0.3530
v -1.7827 -0.6519 0.3530
v -1.7662 -0.6953 0.3530
v -1.7487 -0.7381 0.3530
v -1.7302 -0.7804 0.3530
v -1.7106 -0.8222 0.3530
v -1.6901 -0.8634 0.3530
v -1.6687 -0.9040 0.3530
v -1.6462 -0.9440 0.3530
v -1.6229 -0.9835 0.3530
v -1.5986 -1.0223 0.3530
v -1.5735 -1.0605 0.3530
v -1.5474 -1.0980 0.3530
v -1.5205 -1.1349 0.3530
v -1.4927 -1.1711 0.3530
v -1.4641 -1.2067 0.3530
v -1.4347 -1.2415 0.3530
v -1.4044 -1.2756 0.3530
v -1.3734 -1.3089 0.3530
v -1.3415 -1.3415 0.3530
v -1.3089 -1.3734 0.3530
v -1.2756 -1.4044 0.3530
v -1.2415 -1.4347 0.3530
v -1.2067 -1.4641 0.3530
v -1.1711 -1.4927 0.3530
v -1.1349 -1.5205 0.3530
v -1.0980 -1.5474 0.3530
v -1.0605 -1.5735 0.3530
v -1.0223 -1.5986 0.3530
v -0.9835 -1.6229 0.3530
v -0.9440 -1.6462 0.3530
v -0.9040 -1.6687 0.3530
v -0.8634 -1.6901 0.3530
v -0.8222 -1.7106 0.3530
v -0.7804 -1.7302 0.3530
v -0.7381 -1.7487 0.3530
v -0.6953 -1.7662 0.3530
v -0.6519 -1.7827 0.3530
v -0.6081 -1.7982 0.3530
v -0.5638 -1.8126 0.3530
v -0.5190 -1.8260 0.3530
v -0.4738 -1.8382 0.3530
v -0.4281 -1.8494 0.3530
v -0.3820 -1.8595 0.3530
v -0.3355 -1.8684 0.3530
v -0.2887 -1.8762 0.3530
v -0.2414 -1.8828 0.3530
v -0.1938 -1.8883 0.3530
v -0.1458 -1.8925 0.3530
v -0.0975 -1.8956 0.3530
v -0.0489 -1.8975 0.3530
v 0.0000 -1.8981 0.3530
v 0.0489 -1.8975 0.3530
v 0.0975 -1.8956 0.3530
v 0.1458 -1.8925 0.3530
v 0.1938 -1.8883 0.3530
v 0.2414 -1.8828 0.3530
v 0.2887 -1.8762 0.3530
v 0.3356 -1.8684 0.3530
v 0.3821 -1.8595 0.3530
v 0.4281 -1.8494 0.3530
v 0.4738 -1.8382 0.3530
v 0.5190 -1.8260 0.3530
v 0.5638 -1.8126 0.3530
v 0.6081 -1.7982 0.3530
v 0.6520 -1.7827 0.3530
v 0.6953 -1.7662 0.3530
v 0.7381 -1.7487 0.3530
v 0.7804 -1.7302 0.3530
v 0.8222 -1.7106 0.3530
v 0.8634 -1.6901 0.3530
v 0.9040 -1.6687 0.3530
v 0.9440 -1.6462 0.3530
v 0.9835 -1.6229 0.3530
v 1.0223 -1.5986 0.3530
v 1.0605 -1.5735 0.3530
v 1.0981 -1.5474 0.3530
v 1.1349 -1.5205 0.3530
v 1.1711 -1.4927 0.3530
v 1.2067 -1.4641 0.3530
v 1.2415 -1.4347 0.3530
v 1.2756 -1.4044 0.3530
v 1.3089 -1.3734 0.3530
v 1.3415 -1.3415 0.3530
v 1.3734 -1.3089 0.3530
v 1.4044 -1.2756 0.3530
v 1.4347 -1.2415 0.3530
v 1.4641 -1.2067 0.3530
v 1.4927 -1.1711 0.3530
v 1.5205 -1.1349 0.3530
v 1.5474 -1.0980 0.3530
v 1.5735 -1.0605 0.3530
v 1.5986 -1.0223 0.3530
v 1.6229 -0.9835 0.3530
v 1.6462 -0.9440 0.3530
v 1.6687 -0.9040 0.3530
v 1.6901 -0.8634 0.3530
v 1.7106 -0.8222 0.3530
v 1.7302 -0.7804 0.3530
v 1.7487 -0.7381 0.3530
v 1.7662 -0.6953 0.3530
v 1.7827 -0.6519 0.3530
v 1.7982 -0.6081 0.3530
v 1.8126 -0.5638 0.3530
v 1.8260 -0.5190 0.3530
v 1.8382 -0.4738 0.3530
v 1.8494 -0.4281 0.3530
v 1.8595 -0.3820 0.3530
v 1.8684 -0.3355 0.3530
v 1.8762 -0.2887 0.3530
v 1.8828 -0.2414 0.3530
v 1.8883 -0.1938 0.3530
v 1.8925 -0.1458 0.3530
v 1.8956 -0.0975 0.3530
v 1.8978 -0.0244 0.0000
v 1.8978 0.0245 0.0000
v 1.8965 0.0732 0.0000
v 1.8941 0.1217 0.0000
v 1.8904 0.1698 0.0000
v 1.8855 0.2176 0.0000
v 1.8795 0.2651 0.0000
v 1.8723 0.3121 0.0000
v 1.8639 0.3588 0.0000
v 1.8544 0.4051 0.0000
v 1.8438 0.4510 0.0000
v 1.8321 0.4964 0.0000
v 1.8193 0.5414 0.0000
v 1.8054 0.5860 0.0000
v 1.7905 0.6300 0.0000
v 1.7745 0.6736 0.0000
v 1.7575 0.7167 0.0000
v 1.7394 0.7593 0.0000
v 1.7204 0.8013 0.0000
v 1.7004 0.8428 0.0000
v 1.6794 0.8837 0.0000
v 1.6575 0.9240 0.0000
v 1.6346 0.9638 0.0000
v 1.6108 1.0029 0.0000
v 1.5861 1.0414 0.0000
v 1.5605 1.0793 0.0000
v 1.5340 1.1165 0.0000
v 1.5066 1.1530 0.0000
v 1.4784 1.1889 0.0000
v 1.4494 1.2241 0.0000
v 1.4196 1.2585 0.0000
v 1.3889 1.2922 0.0000
v 1.3574 1.3252 0.0000
v 1.3252 1.3574 0.0000
v 1.2922 1.3889 0.0000
v 1.2585 1.4196 0.0000
v 1.2241 1.4494 0.0000
v 1.1889 1.4784 0.0000
v 1.1530 1.5066 0.0000
v 1.1165 1.5340 0.0000
v 1.0793 1.5605 0.0000
v 1.0414 1.5861 0.0000
v 1.0029 1.6108 0.0000
v 0.9638 1.6346 0.0000
v 0.9240 1.6575 0.0000
v 0.8837 1.6794 0.0000
v 0.8428 1.7004 0.0000
v 0.8013 1.7204 0.0000
v 0.7593 1.7394 0.0000
v 0.7167 1.7575 0.0000
v 0.6736 1.7745 0.0000
v 0.6300 1.7905 0.0000
v 0.5860 1.8054 0.0000
v 0.5414 1.8193 0.0000
v 0.4964 1.8321 0.0000
v 0.4510 1.8438 0.0000
v 0.4051 1.8544 0.0000
v 0.3588 1.8639 0.0000
v 0.3121 1.8723 0.0000
v 0.2651 1.8795 0.0000
v 0.2176 1.8855 0.0000
v 0.1698 1.8904 0.0000
v 0.1217 1.8941 0.0000
v 0.0732 1.8965 0.0000
v 0.0245 1.8978 0.0000
v -0.0244 1.8978 0.0000
v -0.0732 1.8965 0.0000
v -0.1217 1.8941 0.0000
v -0.1698 1.8904 0.0000
v -0.2176 1.8855 0.0000
v -0.2650 1.8795 0.0000
v -0.3121 1.8723 0.0000
v -0.3588 1.8639 0.0000
v -0.4051 1.8544 0.0000
v -0.4510 1.8438 0.0000
v -0.4964 1.8321 0.0000
v -0.5414 1.8193 0.0000
v -0.5860 1.8054 0.0000
v -0.6300 1.7905 0.0000
v -0.6736 1.7745 0.0000
v -0.7167 1.7575 0.0000
v -0.7593 1.7394 0.0000
v -0.8013 1.7204 0.0000
v -0.8428 1.7004 0.0000
v -0.8837 1.6794 0.0000
v -0.9240 1.6575 0.0000
v -0.9638 1.6346 0.0000
v -1.0029 1.6108 0.0000
v -1.0414 1.5861 0.0000
v -1.0793 1.5605 0.0000
v -1.1165 1.5340 0.0000
v -1.1530 1.5066 0.0000
v -1.1889 1.4784 0.0000
v -1.2241 1.4494 0.0000
v -1.2585 1.4196 0.0000
v -1.2922 1.3889 0.0000
v -1.3252 1.3574 0.0000
v -1.3574 1.3252 0.0000
v -1.3889 1.2922 0.0000
v -1.4195 1.2585 0.0000
v -1.4494 1.2241 0.0000
v -1.4784 1.1889 0.0000
v -1.5066 1.1530 0.0000
v -1.5340 1.1165 0.0000
v -1.5605 1.0793 0.0000
v -1.5861 1.0414 0.0000
v -1.6108 1.0029 0.0000
v -1.6346 0.9638 0.0000
v -1.6575 0.9240 0.0000
v -1.6794 0.8837 0.0000
v -1.7004 0.8428 0.0000
v -1.7204 0.8013 0.0000
v -1.7394 0.7593 0.0000
v -1.7575 0.7167 0.0000
v -1.7745 0.6736 0.0000
v -1.7905 0.6300 0.0000
v -1.8054 0.5860 0.0000
v -1.8193 0.5414 0.0000
v -1.8321 0.4964 0.0000
v -1.8438 0.4510 0.0000
v -1.8544 0.4051 0.0000
v -1.8639 0.3588 0.0000
v -1.8723 0.3121 0.0000
v -1.8795 0.2651 0.0000
v -1.8855 0.2176 0.0000
v -1.8904 0.1698 0.0000
v -1.8941 0.1217 0.0000
v -1.8965 0.0732 0.0000
v -1.8978 0.0245 0.0000
v -1.8978 -0.0244 0.0000
v -1.8965 -0.0732 0.0000
v -1.8941 -0.1217 0.0000
v -1.8904 -0.1698 0.0000
v -1.8855 -0.2176 0.0000
v -1.8795 -0.2650 0.0000
v -1.8723 -0.3121 0.0000
v -1.8639 -0.3588 0.0000
v -1.8544 -0.4051 0.0000
v -1.8438 -0.4510 0.0000
v -1.8321 -0.4964 0.0000
v -1.8193 -0.5414 0.0000
v -1.8054 -0.5860 0.0000
v -1.7905 -0.6300 0.0000
v -1.7745 -0.6736 0.0000
v -1.7575 -0.7167 0.0000
v -1.7394 -0.7593 0.0000
v -1.7204 -0.8013 0.0000
v -1.7004 -0.8428 0.0000
v -1.6794 -0.8837 0.0000
v -1.6575 -0.9240 0.0000
v -1.6346 -0.9638 0.0000
v -1.6108 -1.0029 0.0000
v -1.5861 -1.0414 0.0000
v -1.5605 -1.0793 0.0000
v -1.5340 -1.1165 0.0000
v -1.5066 -1.1530 0.0000
v -1.4784 -1.1889 0.0000
v -1.4494 -1.2241 0.0000
v -1.4195 -1.2585 0.0000
v -1.3889 -1.2922 0.0000
v -1.3574 -1.3252 0.0000
v -1.3252 -1.3574 0.0000
v -1.2922 -1.3889 0.0000
v -1.2585 -1.4195 0.0000
v -1.2241 -1.4494 0.0000
v -1.1889 -1.4784 0.0000
v -1.1530 -1.5066 0.0000
v -1.1165 -1.5340 0.0000
v -1.0793 -1.5605 0.0000
v -1.0414 -1.5861 0.0000
v -1.0029 -1.6108 0.0000
v -0.9638 -1.6346 0.0000
v -0.9240 -1.6575 0.0000
v -0.8837 -1.6794 0.0000
v -0.8428 -1.7004 0.0000
v -0.8013 -1.7204 0.0000
v -0.7593 -1.7394 0.0000
v -0.7167 -1.7575 0.0000
v -0.6736 -1.7745 0.0000
v -0.6300 -1.7905 0.0000
v -0.5860 -1.8054 0.0000
v -0.5414 -1.8193 0.0000
v -0.4964 -1.8321 0.0000
v -0.4510 -1.8438 0.0000
v -0.4051 -1.8544 0.0000
v -0.3588 -1.8639 0.0000
v -0.3121 -1.8723 0.0000
v -0.2650 -1.8795 0.0000
v -0.2176 -1.8855 0.0000
v -0.1698 -1.8904 0.0000
v -0.1217 -1.8941 0.0000
v -0.0732 -1.8965 0.0000
v -0.0244 -1.8978 0.0000
v 0.0245 -1.8978 0.0000
v 0.0732 -1.8965 0.0000
v 0.1217 -1.8941 0.0000
v 0.1698 -1.8904 0.0000
v 0.2176 -1.8855 0.0000
v 0.2651 -1.8795 0.0000
v 0.3121 -1.8723 0.0000
v 0.3588 -1.8639 0.0000
v 0.4051 -1.8544 0.0000
v 0.4510 -1.8438 0.0000
v 0.4964 -1.8321 0.0000
v 0.5414 -1.8193 0.0000
v 0.5860 -1.8054 0.0000
v 0.6300 -1.7905 0.0000
v 0.6736 -1.7745 0.0000
v 0.7167 -1.7575 0.0000
v 0.7593 -1.7394 0.0000
v 0.8013 -1.7204 0.0000
v 0.8428 -1.7004 0.0000
v 0.8837 -1.6794 0.0000
v 0.9240 -1.6575 0.0000
v 0.9638 -1.6346 0.0000
v 1.0029 -1.6108 0.0000
v 1.0414 -1.5861 0.0000
v 1.0793 -1.5605 0.0000
v 1.1165 -1.5340 0.0000
v 1.1530 -1.5066 0.0000
v 1.1889 -1.4784 0.0000
v 1.2241 -1.4494 0.0000
v 1.2585 -1.4195 0.0000
v 1.2922 -1.3889 0.0000
v 1.3252 -1.3574 0.0000
v 1.3574 -1.3252 0.0000
v 1.3889 -1.2922 0.0000
v 1.4196 -1.2585 0.0000
v 1.4494 -1.2241 0.0000
v 1.4784 -1.1889 0.0000
v 1.5066 -1.1530 0.0000
v 1.5340 -1.1165 0.0000
v 1.5605 -1.0793 0.0000
v 1.5861 -1.0414 0.0000
v 1.6108 -1.0029 0.0000
v 1.6346 -0.9638 0.0000
v 1.6575 -0.9240 0.0000
v 1.6794 -0.8837 0.0000
v 1.7004 -0.8428 0.0000
v 1.7204 -0.8013 0.0000
v 1.7394 -0.7593 0.0000
v 1.7575 -0.7167 0.0000
v 1.7745 -0.6736 0.0000
v 1.7905 -0.6300 0.0000
v 1.8054 -0.5860 0.0000
v 1.8193 -0.5414 0.0000
v 1.8321 -0.4964 0.0000
v 1.8438 -0.4510 0.0000
v 1.8544 -0.4051 0.0000
v 1.8639 -0.3588 0.0000
v 1.8723 -0.3121 0.0000
v 1.8795 -0.2650 0.0000
v 1.8855 -0.2176 0.0000
v 1.8904 -0.1698 0.0000
v 1.8941 -0.1217 0.0000
v 1.8965 -0.0732 0.0000
f 2713 1899 2712
f 2712 1900 2711
f 2714 1898 2713
f 1895 2716 2717
f 2716 1896 2715
f 2715 1897 2714
f 2718 1894 2717
f 2707 1905 2706
f 2706 1906 2705
f 1904 2707 2708
f 1902 2710 1901
f 2708 2709 1903
f 1902 2709 2710
f 1901 2710 2711
f 1903 2709 1902
f 2718 2719 1893
f 2721 1891 2720
f 2720 1892 2719
f 1890 2721 2722
f 1886 2724 2725
f 2722 2723 1888
f 2724 1887 2723
f 2725 2726 1885
f 1893 1894 2718
f 1899 2713 1898
f 1901 2711 1900
f 1900 2712 1899
f 1895 2717 1894
f 1897 2715 1896
f 1896 2716 1895
f 2714 1897 1898
f 1893 2719 1892
f 2698 1913 2697
f 2696 2697 1914
f 2698 2699 1912
f 2702 1910 2701
f 2700 2701 1911
f 1912 2699 2700
f 2702 2703 1909
f 1919 2692 1918
f 1919 2691 2692
f 2693 1918 2692
f 1916 2694 2695
f 1920 2691 1919
f 1915 2695 2696
f 2694 1917 2693
f 2691 1920 2690
f 2703 2704 1908
f 1907 1908 2704
f 1909 1910 2702
f 1908 1909 2703
f 1905 2707 1904
f 1907 2705 1906
f 1906 2706 1905
f 2704 2705 1907
f 1915 1916 2695
f 1917 1918 2693
f 1916 1917 2694
f 1911 1912 2700
f 1913 1914 2697
f 1912 1913 2698
f 1915 2696 1914
f 1910 1911 2701
f 2708 1903 1904
f 2740 1871 2739
f 2738 2739 1872
f 2740 2741 1870
f 2744 1867 2743
f 2743 1868 2742
f 2741 2742 1869
f 1873 2737 2738
f 1878 2732 2733
f 2732 1879 2731
f 2734 1877 2733
f 1874 2736 2737
f 1875 2735 2736
f 2735 1876 2734
f 1880 2730 2731
f 1866 2744 2745
f 1863 2748 2749
f 2748 1864 2747
f 1862 2749 2750
f 2752 2753 1859
f 1860 2751 2752
f 1861 2750 2751
f 1858 2753 2754
f 1862 1863 2749
f 2750 1861 1862
f 2747 1865 2746
f 2745 2746 1866
f 1859 2753 1858
f 1861 2751 1860
f 1860 2752 1859
f 2754 1857 1858
f 2754 1856 1857
f 2748 1863 1864
f 1883 2727 2728
f 1884 1885 2726
f 1883 1884 2727
f 2728 2729 1882
f 1881 2729 2730
f 1882 1883 2728
f 1881 1882 2729
f 1880 1881 2730
f 1890 2722 1889
f 1892 2720 1891
f 1891 2721 1890
f 1886 2725 1885
f 1888 2723 1887
f 1887 2724 1886
f 2722 1888 1889
f 2726 2727 1884
f 1870 2741 1869
f 1872 2739 1871
f 1871 2740 1870
f 1866 2746 1865
f 1868 2743 1867
f 1867 2744 1866
f 2742 1868 1869
f 1878 2733 1877
f 1880 2731 1879
f 1879 2732 1878
f 1874 2737 1873
f 1876 2735 1875
f 1875 2736 1874
f 2734 1876 1877
f 1873 2738 1872
f 2747 1864 1865
f 2689 1923 2688
f 2688 1924 2687
f 2689 2690 1922
f 2687 1925 2686
f 1926 2685 2686
f 2685 1927 2684
f 1922 2690 1921
f 2690 1920 1921
f 1929 2682 2683
f 1930 2681 2682
f 2683 2684 1928
f 2679 2680 1931
f 1930 2680 2681
f 2678 2679 1932
f 2678 1933 2677
f 1922 1923 2689
f 1923 1924 2688
f 1925 1926 2686
f 1924 1925 2687
f 1927 1928 2684
f 1929 1930 2682
f 1928 1929 2683
f 1926 1927 2685
f 1931 1932 2679
f 1933 1934 2677
f 1932 1933 2678
f 2676 1934 1935
f 2674 1936 1937
f 2675 1935 1936
f 2677 1934 2676
f 1930 1931 2680
f 2673 1937 1938
f 2675 1936 2674
f 2673 2674 1937
f 1938 2672 2673
f 2671 2672 1939
f 2670 2671 1940
f 2670 1941 2669
f 2669 1942 2668
f 2667 2668 1943
f 2666 2667 1944
f 1945 2665 2666
f 2665 1946 2664
f 2664 1947 2663
f 1948 2662 2663
f 2661 2662 1949
f 2675 2676 1935
f 1941 2670 1940
f 1943 2668 1942
f 1942 2669 1941
f 1945 2666 1944
f 1947 2664 1946
f 1946 2665 1945
f 1944 2667 1943
f 1952 2658 2659
f 2658 1954 2657
f 2660 1951 2659
f 2657 1955 2656
f 1956 2655 2656
f 2662 1948 1949
f 1950 2660 2661
f 1947 1948 2663
f 1940 2671 1939
f 1938 1939 2672
f 1951 2660 1950
f 1953 2658 1952
f 1952 2659 1951
f 1955 2657 1954
f 1957 2655 1956
f 1956 2656 1955
f 1954 2658 1953
f 1959 2652 2653
f 1960 2651 2652
f 2653 2654 1958
f 1957 1958 2654
f 1959 1960 2652
f 1958 1959 2653
f 2655 1957 2654
f 2651 1960 1961
f 1950 2661 1949
f 2651 1961 2650
f 2649 1962 1963
f 2650 1961 1962
f 2647 1964 1965
f 2645 1966 1967
f 2646 1965 1966
f 2648 1963 1964
f 2643 1968 1969
f 2641 1970 1971
f 2642 1969 1970
f 2639 1972 1973
f 2637 1974 1975
f 2638 1973 1974
f 2640 1971 1972
f 2644 1967 1968
f 2636 1975 1976
f 2647 1965 2646
f 2646 1966 2645
f 1964 2647 2648
f 1968 2643 2644
f 1969 2642 2643
f 1967 2644 2645
f 2648 2649 1963
f 1972 2639 2640
f 1973 2638 2639
f 2640 2641 1971
f 2637 1975 2636
f 2635 2636 1976
f 1974 2637 2638
f 2641 2642 1970
f 2650 1962 2649
f 1977 1978 2633
f 1979 1980 2631
f 1978 1979 2632
f 1981 1982 2629
f 1983 1984 2627
f 1982 1983 2628
f 1980 1981 2630
f 2634 1977 2633
f 2633 1978 2632
f 2631 2632 1979
f 1980 2630 2631
f 1981 2629 2630
f 2628 2629 1982
f 1983 2627 2628
f 1984 2626 2627
f 2634 2635 1976
f 1976 1977 2634
f 2756 1855 2755
f 1854 2756 2757
f 2757 2758 1853
f 1851 2759 2760
f 2760 2761 1850
f 2758 2759 1852
f 2761 2762 1849
f 1855 1856 2755
f 1853 1854 2757
f 1855 2756 1854
f 1851 1852 2759
f 1849 1850 2761
f 1851 2760 1850
f 1853 2758 1852
f 1849 2762 1848
f 2755 1856 2754
f 2763 2764 1848
f 2764 2765 1847
f 1846 2765 2766
f 2767 2768 1844
f 2769 1843 2768
f 1845 2766 2767
f 1842 2769 2770
f 2771 2772 1840
f 2773 1839 2772
f 2773 2774 1838
f 2776 1836 2775
f 1835 2776 2777
f 2774 2775 1837
f 2770 2771 1841
f 2762 2763 1848
f 1834 2777 2778
f 1848 2764 1847
f 1846 2766 1845
f 2765 1846 1847
f 1844 2768 1843
f 1842 2770 1841
f 2769 1842 1843
f 2767 1844 1845
f 1840 2772 1839
f 1838 2774 1837
f 2773 1838 1839
f 1836 2776 1835
f 1834 2778 1833
f 2777 1834 1835
f 2775 1836 1837
f 2771 1840 1841
f 1831 1832 2780
f 1829 1830 2782
f 1831 2781 1830
f 2780 2781 1831
f 2782 1830 2781
f 1832 2779 2780
f 1832 1833 2779
f 1828 1829 2783
f 2784 1827 1828
f 2786 1825 1826
f 1826 1827 2785
f 2787 1823 1824
f 2789 1821 1822
f 1822 1823 2788
f 1824 1825 2786
f 2783 1829 2782
f 1833 2778 2779
f 2785 1827 2784
f 1820 2791 1819
f 2785 2786 1826
f 2784 1828 2783
f 1823 2787 2788
f 1822 2788 2789
f 1824 2786 2787
f 1818 1819 2792
f 2793 1817 1818
f 2795 1815 1816
f 1816 1817 2794
f 2797 1813 1814
f 2799 1811 1812
f 1812 1813 2798
f 1814 1815 2796
f 2790 1821 2789
f 1820 2790 2791
f 2791 2792 1819
f 2793 1818 2792
f 2794 2795 1816
f 2796 1815 2795
f 2794 1817 2793
f 2797 1814 2796
f 2798 2799 1812
f 2800 1811 2799
f 1810 1811 2800
f 2801 2802 1809
f 2802 2803 1808
f 2801 1810 2800
f 1813 2797 2798
f 1820 1821 2790
f 1807 2803 2804
f 1810 2801 1809
f 1808 2803 1807
f 2802 1808 1809
f 1805 1806 2805
f 1803 1804 2807
f 1805 2806 1804
f 2804 1806 1807
f 1801 1802 2810
f 1799 1800 2812
f 1801 2811 1800
f 1797 1798 2814
f 1795 1796 2816
f 1797 2815 1796
f 1799 2813 1798
f 1803 2808 1802
f 1804 2806 2807
f 2808 1803 2807
f 2809 1802 2808
f 2810 2811 1801
f 2812 1800 2811
f 2810 1802 2809
f 2812 2813 1799
f 2815 1797 2814
f 2562 1793 1794
f 2815 2816 1796
f 1798 2813 2814
f 2561 1794 1795
f 2562 1794 2561
f 2816 2561 1795
f 1793 2562 2048
f 2806 1805 2805
f 2804 2805 1806
f 2608 2002 2003
f 2610 2000 2001
f 2001 2002 2609
f 2604 2006 2007
f 2606 2004 2005
f 2005 2006 2605
f 2607 2003 2004
f 2616 1994 1995
f 2619 1992 1993
f 1993 1994 2618
f 2612 1998 1999
f 2614 1996 1997
f 1997 1998 2613
f 2615 1995 1996
f 1999 2000 2611
f 2596 2014 2015
f 2598 2012 2013
f 2013 2014 2597
f 2593 2018 2019
f 2594 2016 2017
f 2017 2018 2594
f 2595 2015 2016
f 2010 2011 2600
f 2602 2008 2009
f 2010 2601 2009
f 2599 2600 2011
f 2598 2599 2012
f 2601 2010 2600
f 2011 2012 2599
f 2007 2008 2603
f 2019 2020 2592
f 2601 2602 2009
f 2624 1987 1988
f 2626 1985 1986
f 1986 1987 2625
f 2621 1990 1991
f 1988 1989 2623
f 1990 2622 1989
f 2618 2619 1993
f 2619 2620 1992
f 2623 2624 1988
f 2624 2625 1987
f 2625 2626 1986
f 2620 2621 1991
f 2622 1990 2621
f 2622 2623 1989
f 1991 1992 2620
f 1985 2626 1984
f 2609 2002 2608
f 2001 2609 2610
f 2003 2607 2608
f 2005 2605 2606
f 2004 2606 2607
f 2006 2604 2605
f 2610 2611 2000
f 2617 1994 2616
f 1994 2617 2618
f 2616 1995 2615
f 2613 2614 1997
f 2614 2615 1996
f 2612 2613 1998
f 2612 1999 2611
f 2007 2603 2604
f 2008 2602 2603
f 2041 2042 2569
f 2039 2040 2572
f 2041 2570 2040
f 2045 2046 2565
f 2043 2044 2567
f 2045 2566 2044
f 2042 2043 2568
f 2578 2033 2034
f 2580 2031 2032
f 2032 2033 2579
f 2037 2038 2574
f 2035 2036 2576
f 2037 2575 2036
f 2577 2034 2035
f 2039 2573 2038
f 2044 2566 2567
f 2568 2043 2567
f 2047 2048 2563
f 2568 2569 2042
f 2046 2564 2565
f 2045 2565 2566
f 2564 2047 2563
f 2048 2562 2563
f 2574 2038 2573
f 2575 2037 2574
f 2576 2036 2575
f 2572 2040 2571
f 2572 2573 2039
f 2571 2040 2570
f 2569 2570 2041
f 2047 2564 2046
f 2577 2035 2576
f 2588 2023 2024
f 2590 2021 2022
f 2022 2023 2589
f 2584 2027 2028
f 2586 2025 2026
f 2026 2027 2585
f 2587 2024 2025
f 2596 2597 2014
f 2015 2595 2596
f 2598 2013 2597
f 2591 2020 2021
f 2594 2018 2593
f 2016 2594 2595
f 2592 2593 2019
f 2020 2591 2592
f 2028 2029 2583
f 2030 2581 2582
f 2030 2031 2581
f 2583 2029 2582
f 2583 2584 2028
f 2580 2032 2579
f 2031 2580 2581
f 2578 2579 2033
f 2034 2577 2578
f 2589 2023 2588
f 2590 2022 2589
f 2591 2021 2590
f 2586 2026 2585
f 2025 2586 2587
f 2588 2024 2587
f 2027 2584 2585
f 2030 2582 2029
f 1643 2457 2456
f 1644 2456 2455
f 1642 2458 2457
f 2460 1639 2461
f 1640 2460 2459
f 1641 2459 2458
f 1638 2462 2461
f 1649 2451 2450
f 1650 2450 2449
f 2451 1648 2452
f 2454 1646 1645
f 2453 2452 1647
f 2453 1646 2454
f 2454 1645 2455
f 2453 1647 1646
f 2463 2462 1637
f 1635 2465 2464
f 1636 2464 2463
f 2465 1634 2466
f 2468 1630 2469
f 2467 2466 1632
f 1631 2468 2467
f 2470 2469 1629
f 1638 1637 2462
f 2457 1643 1642
f 2455 1645 1644
f 2456 1644 1643
f 2461 1639 1638
f 2459 1641 1640
f 2460 1640 1639
f 1641 2458 1642
f 2463 1637 1636
f 1657 2442 2441
f 2441 2440 1658
f 2443 2442 1656
f 1654 2446 2445
f 2445 2444 1655
f 2443 1656 2444
f 2447 2446 1653
f 2436 1663 1662
f 2435 1663 2436
f 1662 2437 2436
f 2438 1660 2439
f 2435 1664 1663
f 2439 1659 2440
f 1661 2438 2437
f 1664 2435 2434
f 2448 2447 1652
f 1652 1651 2448
f 1654 1653 2446
f 1653 1652 2447
f 2451 1649 1648
f 2449 1651 1650
f 2450 1650 1649
f 2449 2448 1651
f 1660 1659 2439
f 1662 1661 2437
f 1661 1660 2438
f 1656 1655 2444
f 1658 1657 2441
f 1657 1656 2442
f 2440 1659 1658
f 1655 1654 2445
f 1647 2452 1648
f 1615 2484 2483
f 2483 2482 1616
f 2485 2484 1614
f 1611 2488 2487
f 1612 2487 2486
f 2486 2485 1613
f 2481 1617 2482
f 2476 1622 2477
f 1623 2476 2475
f 1621 2478 2477
f 2480 1618 2481
f 2479 1619 2480
f 1620 2479 2478
f 2474 1624 2475
f 2488 1610 2489
f 2492 1607 2493
f 1608 2492 2491
f 2493 1606 2494
f 2497 2496 1603
f 2495 1604 2496
f 2494 1605 2495
f 2497 1602 2498
f 1607 1606 2493
f 1605 2494 1606
f 1609 2491 2490
f 2490 2489 1610
f 2497 1603 1602
f 2495 1605 1604
f 2496 1604 1603
f 1601 2498 1602
f 1600 2498 1601
f 1607 2492 1608
f 2471 1627 2472
f 1629 1628 2470
f 1628 1627 2471
f 2473 2472 1626
f 2473 1625 2474
f 1627 1626 2472
f 1626 1625 2473
f 1625 1624 2474
f 2466 1634 1633
f 2464 1636 1635
f 2465 1635 1634
f 2469 1630 1629
f 2467 1632 1631
f 2468 1631 1630
f 1632 2466 1633
f 2471 2470 1628
f 2485 1614 1613
f 2483 1616 1615
f 2484 1615 1614
f 2490 1610 1609
f 2487 1612 1611
f 2488 1611 1610
f 1612 2486 1613
f 2477 1622 1621
f 2475 1624 1623
f 2476 1623 1622
f 2481 1618 1617
f 2479 1620 1619
f 2480 1619 1618
f 1620 2478 1621
f 2482 1617 1616
f 1608 2491 1609
f 1667 2433 2432
f 1668 2432 2431
f 2434 2433 1666
f 1669 2431 2430
f 2429 1670 2430
f 1671 2429 2428
f 2434 1666 1665
f 1664 2434 1665
f 2426 1673 2427
f 2425 1674 2426
f 2428 2427 1672
f 2424 2423 1675
f 2424 1674 2425
f 2423 2422 1676
f 1677 2422 2421
f 1667 1666 2433
f 1668 1667 2432
f 1670 1669 2430
f 1669 1668 2431
f 1672 1671 2428
f 1674 1673 2426
f 1673 1672 2427
f 1671 1670 2429
f 1676 1675 2423
f 1678 1677 2421
f 1677 1676 2422
f 1678 2420 1679
f 1680 2418 1681
f 1679 2419 1680
f 1678 2421 2420
f 1675 1674 2424
f 1681 2417 1682
f 1680 2419 2418
f 2418 2417 1681
f 2416 1682 2417
f 2416 2415 1683
f 2415 2414 1684
f 1685 2414 2413
f 1686 2413 2412
f 2412 2411 1687
f 2411 2410 1688
f 2409 1689 2410
f 1690 2409 2408
f 1691 2408 2407
f 2406 1692 2407
f 2406 2405 1693
f 2420 2419 1679
f 2414 1685 1684
f 2412 1687 1686
f 2413 1686 1685
f 2410 1689 1688
f 2408 1691 1690
f 2409 1690 1689
f 2411 1688 1687
f 2402 1696 2403
f 1698 2402 2401
f 1695 2404 2403
f 1699 2401 2400
f 2399 1700 2400
f 1692 2406 1693
f 2404 1694 2405
f 1692 1691 2407
f 2415 1684 1683
f 1683 1682 2416
f 2404 1695 1694
f 2402 1697 1696
f 2403 1696 1695
f 2401 1699 1698
f 2399 1701 1700
f 2400 1700 1699
f 2402 1698 1697
f 2396 1703 2397
f 2395 1704 2396
f 2398 2397 1702
f 1702 1701 2398
f 1704 1703 2396
f 1703 1702 2397
f 1701 2399 2398
f 1704 2395 1705
f 2405 1694 1693
f 1705 2395 2394
f 1706 2393 1707
f 1705 2394 1706
f 1708 2391 1709
f 1710 2389 1711
f 1709 2390 1710
f 1707 2392 1708
f 1712 2387 1713
f 1714 2385 1715
f 1713 2386 1714
f 1716 2383 1717
f 1718 2381 1719
f 1717 2382 1718
f 1715 2384 1716
f 1711 2388 1712
f 1719 2380 1720
f 1709 2391 2390
f 1710 2390 2389
f 2391 1708 2392
f 2387 1712 2388
f 2386 1713 2387
f 2388 1711 2389
f 2393 2392 1707
f 2383 1716 2384
f 2382 1717 2383
f 2385 2384 1715
f 1719 2381 2380
f 2380 2379 1720
f 2381 1718 2382
f 2386 2385 1714
f 1706 2394 2393
f 1722 1721 2377
f 1724 1723 2375
f 1723 1722 2376
f 1726 1725 2373
f 1728 1727 2371
f 1727 1726 2372
f 1725 1724 2374
f 1721 2378 2377
f 1722 2377 2376
f 2376 2375 1723
f 2374 1724 2375
f 2373 1725 2374
f 2373 2372 1726
f 2371 1727 2372
f 2370 1728 2371
f 2379 2378 1720
f 1721 1720 2378
f 1599 2500 2499
f 2500 1598 2501
f 2502 2501 1597
f 2503 1595 2504
f 2505 2504 1594
f 2503 2502 1596
f 2506 2505 1593
f 1600 1599 2499
f 1598 1597 2501
f 2500 1599 1598
f 1596 1595 2503
f 1594 1593 2505
f 2504 1595 1594
f 2502 1597 1596
f 2506 1593 1592
f 1600 2499 2498
f 2508 2507 1592
f 2509 2508 1591
f 2509 1590 2510
f 2512 2511 1588
f 1587 2513 2512
f 2510 1589 2511
f 2513 1586 2514
f 2516 2515 1584
f 1583 2517 2516
f 2518 2517 1582
f 1580 2520 2519
f 2520 1579 2521
f 2519 2518 1581
f 2515 2514 1585
f 2507 2506 1592
f 2521 1578 2522
f 2508 1592 1591
f 2510 1590 1589
f 1590 2509 1591
f 2512 1588 1587
f 2514 1586 1585
f 1586 2513 1587
f 1588 2511 1589
f 2516 1584 1583
f 2518 1582 1581
f 1582 2517 1583
f 2520 1580 1579
f 2522 1578 1577
f 1578 2521 1579
f 1580 2519 1581
f 1584 2515 1585
f 1576 1575 2524
f 1574 1573 2526
f 2525 1575 1574
f 2525 2524 1575
f 1574 2526 2525
f 2523 1576 2524
f 1577 1576 2523
f 1573 1572 2527
f 1571 2528 1572
f 1569 2530 1570
f 1571 1570 2529
f 1567 2531 1568
f 1565 2533 1566
f 1567 1566 2532
f 1569 1568 2530
f 1573 2527 2526
f 2522 1577 2523
f 1571 2529 2528
f 2535 1564 1563
f 2530 2529 1570
f 1572 2528 2527
f 2531 1567 2532
f 2532 1566 2533
f 2530 1568 2531
f 1563 1562 2536
f 1561 2537 1562
f 1559 2539 1560
f 1561 1560 2538
f 1557 2541 1558
f 1555 2543 1556
f 1557 1556 2542
f 1559 1558 2540
f 1565 2534 2533
f 2534 1564 2535
f 2536 2535 1563
f 1562 2537 2536
f 2539 2538 1560
f 1559 2540 2539
f 1561 2538 2537
f 1558 2541 2540
f 2543 2542 1556
f 1555 2544 2543
f 1555 1554 2544
f 2546 2545 1553
f 2547 2546 1552
f 1554 2545 2544
f 2541 1557 2542
f 1565 1564 2534
f 2547 1551 2548
f 2545 1554 1553
f 2547 1552 1551
f 1552 2546 1553
f 1550 1549 2549
f 1548 1547 2551
f 2550 1549 1548
f 1550 2548 1551
f 1546 1545 2554
f 1544 1543 2556
f 2555 1545 1544
f 1542 1541 2558
f 1540 1539 2560
f 2559 1541 1540
f 2557 1543 1542
f 2552 1547 1546
f 2550 1548 2551
f 1547 2552 2551
f 1546 2553 2552
f 2555 2554 1545
f 1544 2556 2555
f 1546 2554 2553
f 2557 2556 1543
f 1541 2559 2558
f 1537 2306 1538
f 2560 2559 1540
f 2557 1542 2558
f 1538 2305 1539
f 1538 2306 2305
f 2305 2560 1539
f 2306 1537 1792
f 1549 2550 2549
f 2549 2548 1550
f 1746 2352 1747
f 1744 2354 1745
f 1746 1745 2353
f 1750 2348 1751
f 1748 2350 1749
f 1750 1749 2349
f 1747 2351 1748
f 1738 2360 1739
f 1736 2363 1737
f 1738 1737 2362
f 1742 2356 1743
f 1740 2358 1741
f 1742 1741 2357
f 1739 2359 1740
f 1744 1743 2355
f 1758 2340 1759
f 1756 2342 1757
f 1758 1757 2341
f 1762 2337 1763
f 1760 2338 1761
f 1762 1761 2338
f 1759 2339 1760
f 1755 1754 2344
f 1752 2346 1753
f 2345 1754 1753
f 2344 2343 1755
f 2343 2342 1756
f 1754 2345 2344
f 1756 1755 2343
f 1752 1751 2347
f 1764 1763 2336
f 2346 2345 1753
f 1731 2368 1732
f 1729 2370 1730
f 1731 1730 2369
f 1734 2365 1735
f 1733 1732 2367
f 2366 1734 1733
f 2363 2362 1737
f 2364 2363 1736
f 2368 2367 1732
f 2369 2368 1731
f 2370 2369 1730
f 2365 2364 1735
f 1734 2366 2365
f 2367 2366 1733
f 1736 1735 2364
f 2370 1729 1728
f 1746 2353 2352
f 2353 1745 2354
f 2351 1747 2352
f 2349 1749 2350
f 2350 1748 2351
f 2348 1750 2349
f 2355 2354 1744
f 1738 2361 2360
f 2361 1738 2362
f 1739 2360 2359
f 2358 2357 1741
f 2359 2358 1740
f 2357 2356 1742
f 1743 2356 2355
f 2347 1751 2348
f 2346 1752 2347
f 1786 1785 2313
f 1784 1783 2316
f 2314 1785 1784
f 1790 1789 2309
f 1788 1787 2311
f 2310 1789 1788
f 1787 1786 2312
f 1777 2322 1778
f 1775 2324 1776
f 1777 1776 2323
f 1782 1781 2318
f 1780 1779 2320
f 2319 1781 1780
f 1778 2321 1779
f 2317 1783 1782
f 2310 1788 2311
f 1787 2312 2311
f 1792 1791 2307
f 2313 2312 1786
f 2308 1790 2309
f 2309 1789 2310
f 1791 2308 2307
f 2306 1792 2307
f 1782 2318 2317
f 1781 2319 2318
f 1780 2320 2319
f 1784 2316 2315
f 2317 2316 1783
f 1784 2315 2314
f 2314 2313 1785
f 2308 1791 1790
f 1779 2321 2320
f 1767 2332 1768
f 1765 2334 1766
f 1767 1766 2333
f 1771 2328 1772
f 1769 2330 1770
f 1771 1770 2329
f 1768 2331 1769
f 2341 2340 1758
f 2339 1759 2340
f 1757 2342 2341
f 1764 2335 1765
f 1762 2338 2337
f 2338 1760 2339
f 2337 2336 1763
f 2335 1764 2336
f 1773 1772 2327
f 2325 1774 2326
f 1775 1774 2325
f 1773 2327 2326
f 2328 2327 1772
f 1776 2324 2323
f 2324 1775 2325
f 2323 2322 1777
f 2321 1778 2322
f 1767 2333 2332
f 1766 2334 2333
f 1765 2335 2334
f 1770 2330 2329
f 2330 1769 2331
f 1768 2332 2331
f 2328 1771 2329
f 2326 1774 1773
f 2049 1537 1538
f 2049 1538 1794
f 2049 1794 1793
f 2049 1793 1537
f 2050 1538 1539
f 2050 1539 1795
f 2050 1795 1794
f 2050 1794 1538
f 2051 1539 1540
f 2051 1540 1796
f 2051 1796 1795
f 2051 1795 1539
f 2052 1540 1541
f 2052 1541 1797
f 2052 1797 1796
f 2052 1796 1540
f 2053 1541 1542
f 2053 1542 1798
f 2053 1798 1797
f 2053 1797 1541
f 2054 1542 1543
f 2054 1543 1799
f 2054 1799 1798
f 2054 1798 1542
f 2055 1543 1544
f 2055 1544 1800
f 2055 1800 1799
f 2055 1799 1543
f 2056 1544 1545
f 2056 1545 1801
f 2056 1801 1800
f 2056 1800 1544
f 2057 1545 1546
f 2057 1546 1802
f 2057 1802 1801
f 2057 1801 1545
f 2058 1546 1547
f 2058 1547 1803
f 2058 1803 1802
f 2058 1802 1546
f 2059 1547 1548
f 2059 1548 1804
f 2059 1804 1803
f 2059 1803 1547
f 2060 1548 1549
f 2060 1549 1805
f 2060 1805 1804
f 2060 1804 1548
f 2061 1549 1550
f 2061 1550 1806
f 2061 1806 1805
f 2061 1805 1549
f 2062 1550 1551
f 2062 1551 1807
f 2062 1807 1806
f 2062 1806 1550
f 2063 1551 1552
f 2063 1552 1808
f 2063 1808 1807
f 2063 1807 1551
f 2064 1552 1553
f 2064 1553 1809
f 2064 1809 1808
f 2064 1808 1552
f 2065 1553 1554
f 2065 1554 1810
f 2065 1810 1809
f 2065 1809 1553
f 2066 1554 1555
f 2066 1555 1811
f 2066 1811 1810
f 2066 1810 1554
f 2067 1555 1556
f 2067 1556 1812
f 2067 1812 1811
f 2067 1811 1555
f 2068 1556 1557
f 2068 1557 1813
f 2068 1813 1812
f 2068 1812 1556
f 2069 1557 1558
f 2069 1558 1814
f 2069 1814 1813
f 2069 1813 1557
f 2070 1558 1559
f 2070 1559 1815
f 2070 1815 1814
f 2070 1814 1558
f 2071 1559 1560
f 2071 1560 1816
f 2071 1816 1815
f 2071 1815 1559
f 2072 1560 1561
f 2072 1561 1817
f 2072 1817 1816
f 2072 1816 1560
f 2073 1561 1562
f 2073 1562 1818
f 2073 1818 1817
f 2073 1817 1561
f 2074 1562 1563
f 2074 1563 1819
f 2074 1819 1818
f 2074 1818 1562
f 2075 1563 1564
f 2075 1564 1820
f 2075 1820 1819
f 2075 1819 1563
f 2076 1564 1565
f 2076 1565 1821
f 2076 1821 1820
f 2076 1820 1564
f 2077 1565 1566
f 2077 1566 1822
f 2077 1822 1821
f 2077 1821 1565
f 2078 1566 1567
f 2078 1567 1823
f 2078 1823 1822
f 2078 1822 1566
f 2079 1567 1568
f 2079 1568 1824
f 2079 1824 1823
f 2079 1823 1567
f 2080 1568 1569
f 2080 1569 1825
f 2080 1825 1824
f 2080 1824 1568
f 2081 1569 1570
f 2081 1570 1826
f 2081 1826 1825
f 2081 1825 1569
f 2082 1570 1571
f 2082 1571 1827
f 2082 1827 1826
f 2082 1826 1570
f 2083 1571 1572
f 2083 1572 1828
f 2083 1828 1827
f 2083 1827 1571
f 2084 1572 1573
f 2084 1573 1829
f 2084 1829 1828
f 2084 1828 1572
f 2085 1573 1574
f 2085 1574 1830
f 2085 1830 1829
f 2085 1829 1573
f 2086 1574 1575
f 2086 1575 1831
f 2086 1831 1830
f 2086 1830 1574
f 2087 1575 1576
f 2087 1576 1832
f 2087 1832 1831
f 2087 1831 1575
f 2088 1576 1577
f 2088 1577 1833
f 2088 1833 1832
f 2088 1832 1576
f 2089 1577 1578
f 2089 1578 1834
f 2089 1834 1833
f 2089 1833 1577
f 2090 1578 1579
f 2090 1579 1835
f 2090 1835 1834
f 2090 1834 1578
f 2091 1579 1580
f 2091 1580 1836
f 2091 1836 1835
f 2091 1835 1579
f 2092 1580 1581
f 2092 1581 1837
f 2092 1837 1836
f 2092 1836 1580
f 2093 1581 1582
f 2093 1582 1838
f 2093 1838 1837
f 2093 1837 1581
f 2094 1582 1583
f 2094 1583 1839
f 2094 1839 1838
f 2094 1838 1582
f 2095 1583 1584
f 2095 1584 1840
f 2095 1840 1839
f 2095 1839 1583
f 2096 1584 1585
f 2096 1585 1841
f 2096 1841 1840
f 2096 1840 1584
f 2097 1585 1586
f 2097 1586 1842
f 2097 1842 1841
f 2097 1841 1585
f 2098 1586 1587
f 2098 1587 1843
f 2098 1843 1842
f 2098 1842 1586
f 2099 1587 1588
f 2099 1588 1844
f 2099 1844 1843
f 2099 1843 1587
f 2100 1588 1589
f 2100 1589 1845
f 2100 1845 1844
f 2100 1844 1588
f 2101 1589 1590
f 2101 1590 1846
f 2101 1846 1845
f 2101 1845 1589
f 2102 1590 1591
f 2102 1591 1847
f 2102 1847 1846
f 2102 1846 1590
f 2103 1591 1592
f 2103 1592 1848
f 2103 1848 1847
f 2103 1847 1591
f 2104 1592 1593
f 2104 1593 1849
f 2104 1849 1848
f 2104 1848 1592
f 2105 1593 1594
f 2105 1594 1850
f 2105 1850 1849
f 2105 1849 1593
f 2106 1594 1595
f 2106 1595 1851
f 2106 1851 1850
f 2106 1850 1594
f 2107 1595 1596
f 2107 1596 1852
f 2107 1852 1851
f 2107 1851 1595
f 2108 1596 1597
f 2108 1597 1853
f 2108 1853 1852
f 2108 1852 1596
f 2109 1597 1598
f 2109 1598 1854
f 2109 1854 1853
f 2109 1853 1597
f 2110 1598 1599
f 2110 1599 1855
f 2110 1855 1854
f 2110 1854 1598
f 2111 1599 1600
f 2111 1600 1856
f 2111 1856 1855
f 2111 1855 1599
f 2112 1600 1601
f 2112 1601 1857
f 2112 1857 1856
f 2112 1856 1600
f 2113 1601 1602
f 2113 1602 1858
f 2113 1858 1857
f 2113 1857 1601
f 2114 1602 1603
f 2114 1603 1859
f 2114 1859 1858
f 2114 1858 1602
f 2115 1603 1604
f 2115 1604 1860
f 2115 1860 1859
f 2115 1859 1603
f 2116 1604 1605
f 2116 1605 1861
f 2116 1861 1860
f 2116 1860 1604
f 2117 1605 1606
f 2117 1606 1862
f 2117 1862 1861
f 2117 1861 1605
f 2118 1606 1607
f 2118 1607 1863
f 2118 1863 1862
f 2118 1862 1606
f 2119 1607 1608
f 2119 1608 1864
f 2119 1864 1863
f 2119 1863 1607
f 2120 1608 1609
f 2120 1609 1865
f 2120 1865 1864
f 2120 1864 1608
f 2121 1609 1610
f 2121 1610 1866
f 2121 1866 1865
f 2121 1865 1609
f 2122 1610 1611
f 2122 1611 1867
f 2122 1867 1866
f 2122 1866 1610
f 2123 1611 1612
f 2123 1612 1868
f 2123 1868 1867
f 2123 1867 1611
f 2124 1612 1613
f 2124 1613 1869
f 2124 1869 1868
f 2124 1868 1612
f 2125 1613 1614
f 2125 1614 1870
f 2125 1870 1869
f 2125 1869 1613
f 2126 1614 1615
f 2126 1615 1871
f 2126 1871 1870
f 2126 1870 1614
f 2127 1615 1616
f 2127 1616 1872
f 2127 1872 1871
f 2127 1871 1615
f 2128 1616 1617
f 2128 1617 1873
f 2128 1873 1872
f 2128 1872 1616
f 2129 1617 1618
f 2129 1618 1874
f 2129 1874 1873
f 2129 1873 1617
f 2130 1618 1619
f 2130 1619 1875
f 2130 1875 1874
f 2130 1874 1618
f 2131 1619 1620
f 2131 1620 1876
f 2131 1876 1875
f 2131 1875 1619
f 2132 1620 1621
f 2132 1621 1877
f 2132 1877 1876
f 2132 1876 1620
f 2133 1621 1622
f 2133 1622 1878
f 2133 1878 1877
f 2133 1877 1621
f 2134 1622 1623
f 2134 1623 1879
f 2134 1879 1878
f 2134 1878 1622
f 2135 1623 1624
f 2135 1624 1880
f 2135 1880 1879
f 2135 1879 1623
f 2136 1624 1625
f 2136 1625 1881
f 2136 1881 1880
f 2136 1880 1624
f 2137 1625 1626
f 2137 1626 1882
f 2137 1882 1881
f 2137 1881 1625
f 2138 1626 1627
f 2138 1627 1883
f 2138 1883 1882
f 2138 1882 1626
f 2139 1627 1628
f 2139 1628 1884
f 2139 1884 1883
f 2139 1883 1627
f 2140 1628 1629
f 2140 1629 1885
f 2140 1885 1884
f 2140 1884 1628
f 2141 1629 1630
f 2141 1630 1886
f 2141 1886 1885
f 2141 1885 1629
f 2142 1630 1631
f 2142 1631 1887
f 2142 1887 1886
f 2142 1886 1630
f 2143 1631 1632
f 2143 1632 1888
f 2143 1888 1887
f 2143 1887 1631
f 2144 1632 1633
f 2144 1633 1889
f 2144 1889 1888
f 2144 1888 1632
f 2145 1633 1634
f 2145 1634 1890
f 2145 1890 1889
f 2145 1889 1633
f 2146 1634 1635
f 2146 1635 1891
f 2146 1891 1890
f 2146 1890 1634
f 2147 1635 1636
f 2147 1636 1892
f 2147 1892 1891
f 2147 1891 1635
f 2148 1636 1637
f 2148 1637 1893
f 2148 1893 1892
f 2148 1892 1636
f 2149 1637 1638
f 2149 1638 1894
f 2149 1894 1893
f 2149 1893 1637
f 2150 1638 1639
f 2150 1639 1895
f 2150 1895 1894
f 2150 1894 1638
f 2151 1639 1640
f 2151 1640 1896
f 2151 1896 1895
f 2151 1895 1639
f 2152 1640 1641
f 2152 1641 1897
f 2152 1897 1896
f 2152 1896 1640
f 2153 1641 1642
f 2153 1642 1898
f 2153 1898 1897
f 2153 1897 1641
f 2154 1642 1643
f 2154 1643 1899
f 2154 1899 1898
f 2154 1898 1642
f 2155 1643 1644
f 2155 1644 1900
f 2155 1900 1899
f 2155 1899 1643
f 2156 1644 1645
f 2156 1645 1901
f 2156 1901 1900
f 2156 1900 1644
f 2157 1645 1646
f 2157 1646 1902
f 2157 1902 1901
f 2157 1901 1645
f 2158 1646 1647
f 2158 1647 1903
f 2158 1903 1902
f 2158 1902 1646
f 2159 1647 1648
f 2159 1648 1904
f 2159 1904 1903
f 2159 1903 1647
f 2160 1648 1649
f 2160 1649 1905
f 2160 1905 1904
f 2160 1904 1648
f 2161 1649 1650
f 2161 1650 1906
f 2161 1906 1905
f 2161 1905 1649
f 2162 1650 1651
f 2162 1651 1907
f 2162 1907 1906
f 2162 1906 1650
f 2163 1651 1652
f 2163 1652 1908
f 2163 1908 1907
f 2163 1907 1651
f 2164 1652 1653
f 2164 1653 1909
f 2164 1909 1908
f 2164 1908 1652
f 2165 1653 1654
f 2165 1654 1910
f 2165 1910 1909
f 2165 1909 1653
f 2166 1654 1655
f 2166 1655 1911
f 2166 1911 1910
f 2166 1910 1654
f 2167 1655 1656
f 2167 1656 1912
f 2167 1912 1911
f 2167 1911 1655
f 2168 1656 1657
f 2168 1657 1913
f 2168 1913 1912
f 2168 1912 1656
f 2169 1657 1658
f 2169 1658 1914
f 2169 1914 1913
f 2169 1913 1657
f 2170 1658 1659
f 2170 1659 1915
f 2170 1915 1914
f 2170 1914 1658
f 2171 1659 1660
f 2171 1660 1916
f 2171 1916 1915
f 2171 1915 1659
f 2172 1660 1661
f 2172 1661 1917
f 2172 1917 1916
f 2172 1916 1660
f 2173 1661 1662
f 2173 1662 1918
f 2173 1918 1917
f 2173 1917 1661
f 2174 1662 1663
f 2174 1663 1919
f 2174 1919 1918
f 2174 1918 1662
f 2175 1663 1664
f 2175 1664 1920
f 2175 1920 1919
f 2175 1919 1663
f 2176 1664 1665
f 2176 1665 1921
f 2176 1921 1920
f 2176 1920 1664
f 2177 1665 1666
f 2177 1666 1922
f 2177 1922 1921
f 2177 1921 1665
f 2178 1666 1667
f 2178 1667 1923
f 2178 1923 1922
f 2178 1922 1666
f 2179 1667 1668
f 2179 1668 1924
f 2179 1924 1923
f 2179 1923 1667
f 2180 1668 1669
f 2180 1669 1925
f 2180 1925 1924
f 2180 1924 1668
f 2181 1669 1670
f 2181 1670 1926
f 2181 1926 1925
f 2181 1925 1669
f 2182 1670 1671
f 2182 1671 1927
f 2182 1927 1926
f 2182 1926 1670
f 2183 1671 1672
f 2183 1672 1928
f 2183 1928 1927
f 2183 1927 1671
f 2184 1672 1673
f 2184 1673 1929
f 2184 1929 1928
f 2184 1928 1672
f 2185 1673 1674
f 2185 1674 1930
f 2185 1930 1929
f 2185 1929 1673
f 2186 1674 1675
f 2186 1675 1931
f 2186 1931 1930
f 2186 1930 1674
f 2187 1675 1676
f 2187 1676 1932
f 2187 1932 1931
f 2187 1931 1675
f 2188 1676 1677
f 2188 1677 1933
f 2188 1933 1932
f 2188 1932 1676
f 2189 1677 1678
f 2189 1678 1934
f 2189 1934 1933
f 2189 1933 1677
f 2190 1678 1679
f 2190 1679 1935
f 2190 1935 1934
f 2190 1934 1678
f 2191 1679 1680
f 2191 1680 1936
f 2191 1936 1935
f 2191 1935 1679
f 2192 1680 1681
f 2192 1681 1937
f 2192 1937 1936
f 2192 1936 1680
f 2193 1681 1682
f 2193 1682 1938
f 2193 1938 1937
f 2193 1937 1681
f 2194 1682 1683
f 2194 1683 1939
f 2194 1939 1938
f 2194 1938 1682
f 2195 1683 1684
f 2195 1684 1940
f 2195 1940 1939
f 2195 1939 1683
f 2196 1684 1685
f 2196 1685 1941
f 2196 1941 1940
f 2196 1940 1684
f 2197 1685 1686
f 2197 1686 1942
f 2197 1942 1941
f 2197 1941 1685
f 2198 1686 1687
f 2198 1687 1943
f 2198 1943 1942
f 2198 1942 1686
f 2199 1687 1688
f 2199 1688 1944
f 2199 1944 1943
f 2199 1943 1687
f 2200 1688 1689
f 2200 1689 1945
f 2200 1945 1944
f 2200 1944 1688
f 2201 1689 1690
f 2201 1690 1946
f 2201 1946 1945
f 2201 1945 1689
f 2202 1690 1691
f 2202 1691 1947
f 2202 1947 1946
f 2202 1946 1690
f 2203 1691 1692
f 2203 1692 1948
f 2203 1948 1947
f 2203 1947 1691
f 2204 1692 1693
f 2204 1693 1949
f 2204 1949 1948
f 2204 1948 1692
f 2205 1693 1694
f 2205 1694 1950
f 2205 1950 1949
f 2205 1949 1693
f 2206 1694 1695
f 2206 1695 1951
f 2206 1951 1950
f 2206 1950 1694
f 2207 1695 1696
f 2207 1696 1952
f 2207 1952 1951
f 2207 1951 1695
f 2208 1696 1697
f 2208 1697 1953
f 2208 1953 1952
f 2208 1952 1696
f 2209 1697 1698
f 2209 1698 1954
f 2209 1954 1953
f 2209 1953 1697
f 2210 1698 1699
f 2210 1699 1955
f 2210 1955 1954
f 2210 1954 1698
f 2211 1699 1700
f 2211 1700 1956
f 2211 1956 1955
f 2211 1955 1699
f 2212 1700 1701
f 2212 1701 1957
f 2212 1957 1956
f 2212 1956 1700
f 2213 1701 1702
f 2213 1702 1958
f 2213 1958 1957
f 2213 1957 1701
f 2214 1702 1703
f 2214 1703 1959
f 2214 1959 1958
f 2214 1958 1702
f 2215 1703 1704
f 2215 1704 1960
f 2215 1960 1959
f 2215 1959 1703
f 2216 1704 1705
f 2216 1705 1961
f 2216 1961 1960
f 2216 1960 1704
f 2217 1705 1706
f 2217 1706 1962
f 2217 1962 1961
f 2217 1961 1705
f 2218 1706 1707
f 2218 1707 1963
f 2218 1963 1962
f 2218 1962 1706
f 2219 1707 1708
f 2219 1708 1964
f 2219 1964 1963
f 2219 1963 1707
f 2220 1708 1709
f 2220 1709 1965
f 2220 1965 1964
f 2220 1964 1708
f 2221 1709 1710
f 2221 1710 1966
f 2221 1966 1965
f 2221 1965 1709
f 2222 1710 1711
f 2222 1711 1967
f 2222 1967 1966
f 2222 1966 1710
f 2223 1711 1712
f 2223 1712 1968
f 2223 1968 1967
f 2223 1967 1711
f 2224 1712 1713
f 2224 1713 1969
f 2224 1969 1968
f 2224 1968 1712
f 2225 1713 1714
f 2225 1714 1970
f 2225 1970 1969
f 2225 1969 1713
f 2226 1714 1715
f 2226 1715 1971
f 2226 1971 1970
f 2226 1970 1714
f 2227 1715 1716
f 2227 1716 1972
f 2227 1972 1971
f 2227 1971 1715
f 2228 1716 1717
f 2228 1717 1973
f 2228 1973 1972
f 2228 1972 1716
f 2229 1717 1718
f 2229 1718 1974
f 2229 1974 1973
f 2229 1973 1717
f 2230 1718 1719
f 2230 1719 1975
f 2230 1975 1974
f 2230 1974 1718
f 2231 1719 1720
f 2231 1720 1976
f 2231 1976 1975
f 2231 1975 1719
f 2232 1720 1721
f 2232 1721 1977
f 2232 1977 1976
f 2232 1976 1720
f 2233 1721 1722
f 2233 1722 1978
f 2233 1978 1977
f 2233 1977 1721
f 2234 1722 1723
f 2234 1723 1979
f 2234 1979 1978
f 2234 1978 1722
f 2235 1723 1724
f 2235 1724 1980
f 2235 1980 1979
f 2235 1979 1723
f 2236 1724 1725
f 2236 1725 1981
f 2236 1981 1980
f 2236 1980 1724
f 2237 1725 1726
f 2237 1726 1982
f 2237 1982 1981
f 2237 1981 1725
f 2238 1726 1727
f 2238 1727 1983
f 2238 1983 1982
f 2238 1982 1726
f 2239 1727 1728
f 2239 1728 1984
f 2239 1984 1983
f 2239 1983 1727
f 2240 1728 1729
f 2240 1729 1985
f 2240 1985 1984
f 2240 1984 1728
f 2241 1729 1730
f 2241 1730 1986
f 2241 1986 1985
f 2241 1985 1729
f 2242 1730 1731
f 2242 1731 1987
f 2242 1987 1986
f 2242 1986 1730
f 2243 1731 1732
f 2243 1732 1988
f 2243 1988 1987
f 2243 1987 1731
f 2244 1732 1733
f 2244 1733 1989
f 2244 1989 1988
f 2244 1988 1732
f 2245 1733 1734
f 2245 1734 1990
f 2245 1990 1989
f 2245 1989 1733
f 2246 1734 1735
f 2246 1735 1991
f 2246 1991 1990
f 2246 1990 1734
f 2247 1735 1736
f 2247 1736 1992
f 2247 1992 1991
f 2247 1991 1735
f 2248 1736 1737
f 2248 1737 1993
f 2248 1993 1992
f 2248 1992 1736
f 2249 1737 1738
f 2249 1738 1994
f 2249 1994 1993
f 2249 1993 1737
f 2250 1738 1739
f 2250 1739 1995
f 2250 1995 1994
f 2250 1994 1738
f 2251 1739 1740
f 2251 1740 1996
f 2251 1996 1995
f 2251 1995 1739
f 2252 1740 1741
f 2252 1741 1997
f 2252 1997 1996
f 2252 1996 1740
f 2253 1741 1742
f 2253 1742 1998
f 2253 1998 1997
f 2253 1997 1741
f 2254 1742 1743
f 2254 1743 1999
f 2254 1999 1998
f 2254 1998 1742
f 2255 1743 1744
f 2255 1744 2000
f 2255 2000 1999
f 2255 1999 1743
f 2256 1744 1745
f 2256 1745 2001
f 2256 2001 2000
f 2256 2000 1744
f 2257 1745 1746
f 2257 1746 2002
f 2257 2002 2001
f 2257 2001 1745
f 2258 1746 1747
f 2258 1747 2003
f 2258 2003 2002
f 2258 2002 1746
f 2259 1747 1748
f 2259 1748 2004
f 2259 2004 2003
f 2259 2003 1747
f 2260 1748 1749
f 2260 1749 2005
f 2260 2005 2004
f 2260 2004 1748
f 2261 1749 1750
f 2261 1750 2006
f 2261 2006 2005
f 2261 2005 1749
f 2262 1750 1751
f 2262 1751 2007
f 2262 2007 2006
f 2262 2006 1750
f 2263 1751 1752
f 2263 1752 2008
f 2263 2008 2007
f 2263 2007 1751
f 2264 1752 1753
f 2264 1753 2009
f 2264 2009 2008
f 2264 2008 1752
f 2265 1753 1754
f 2265 1754 2010
f 2265 2010 2009
f 2265 2009 1753
f 2266 1754 1755
f 2266 1755 2011
f 2266 2011 2010
f 2266 2010 1754
f 2267 1755 1756
f 2267 1756 2012
f 2267 2012 2011
f 2267 2011 1755
f 2268 1756 1757
f 2268 1757 2013
f 2268 2013 2012
f 2268 2012 1756
f 2269 1757 1758
f 2269 1758 2014
f 2269 2014 2013
f 2269 2013 1757
f 2270 1758 1759
f 2270 1759 2015
f 2270 2015 2014
f 2270 2014 1758
f 2271 1759 1760
f 2271 1760 2016
f 2271 2016 2015
f 2271 2015 1759
f 2272 1760 1761
f 2272 1761 2017
f 2272 2017 2016
f 2272 2016 1760
f 2273 1761 1762
f 2273 1762 2018
f 2273 2018 2017
f 2273 2017 1761
f 2274 1762 1763
f 2274 1763 2019
f 2274 2019 2018
f 2274 2018 1762
f 2275 1763 1764
f 2275 1764 2020
f 2275 2020 2019
f 2275 2019 1763
f 2276 1764 1765
f 2276 1765 2021
f 2276 2021 2020
f 2276 2020 1764
f 2277 1765 1766
f 2277 1766 2022
f 2277 2022 2021
f 2277 2021 1765
f 2278 1766 1767
f 2278 1767 2023
f 2278 2023 2022
f 2278 2022 1766
f 2279 1767 1768
f 2279 1768 2024
f 2279 2024 2023
f 2279 2023 1767
f 2280 1768 1769
f 2280 1769 2025
f 2280 2025 2024
f 2280 2024 1768
f 2281 1769 1770
f 2281 1770 2026
f 2281 2026 2025
f 2281 2025 1769
f 2282 1770 1771
f 2282 1771 2027
f 2282 2027 2026
f 2282 2026 1770
f 2283 1771 1772
f 2283 1772 2028
f 2283 2028 2027
f 2283 2027 1771
f 2284 1772 1773
f 2284 1773 2029
f 2284 2029 2028
f 2284 2028 1772
f 2285 1773 1774
f 2285 1774 2030
f 2285 2030 2029
f 2285 2029 1773
f 2286 1774 1775
f 2286 1775 2031
f 2286 2031 2030
f 2286 2030 1774
f 2287 1775 1776
f 2287 1776 2032
f 2287 2032 2031
f 2287 2031 1775
f 2288 1776 1777
f 2288 1777 2033
f 2288 2033 2032
f 2288 2032 1776
f 2289 1777 1778
f 2289 1778 2034
f 2289 2034 2033
f 2289 2033 1777
f 2290 1778 1779
f 2290 1779 2035
f 2290 2035 2034
f 2290 2034 1778
f 2291 1779 1780
f 2291 1780 2036
f 2291 2036 2035
f 2291 2035 1779
f 2292 1780 1781
f 2292 1781 2037
f 2292 2037 2036
f 2292 2036 1780
f 2293 1781 1782
f 2293 1782 2038
f 2293 2038 2037
f 2293 2037 1781
f 2294 1782 1783
f 2294 1783 2039
f 2294 2039 2038
f 2294 2038 1782
f 2295 1783 1784
f 2295 1784 2040
f 2295 2040 2039
f 2295 2039 1783
f 2296 1784 1785
f 2296 1785 2041
f 2296 2041 2040
f 2296 2040 1784
f 2297 1785 1786
f 2297 1786 2042
f 2297 2042 2041
f 2297 2041 1785
f 2298 1786 1787
f 2298 1787 2043
f 2298 2043 2042
f 2298 2042 1786
f 2299 1787 1788
f 2299 1788 2044
f 2299 2044 2043
f 2299 2043 1787
f 2300 1788 1789
f 2300 1789 2045
f 2300 2045 2044
f 2300 2044 1788
f 2301 1789 1790
f 2301 1790 2046
f 2301 2046 2045
f 2301 2045 1789
f 2302 1790 1791
f 2302 1791 2047
f 2302 2047 2046
f 2302 2046 1790
f 2303 1791 1792
f 2303 1792 2048
f 2303 2048 2047
f 2303 2047 1791
f 2304 1792 1537
f 2304 1537 1793
f 2304 1793 2048
f 2304 2048 1792
f 2817 2305 2306
f 2817 2306 2562
f 2817 2562 2561
f 2817 2561 2305
f 2818 2306 2307
f 2818 2307 2563
f 2818 2563 2562
f 2818 2562 2306
f 2819 2307 2308
f 2819 2308 2564
f 2819 2564 2563
f 2819 2563 2307
f 2820 2308 2309
f 2820 2309 2565
f 2820 2565 2564
f 2820 2564 2308
f 2821 2309 2310
f 2821 2310 2566
f 2821 2566 2565
f 2821 2565 2309
f 2822 2310 2311
f 2822 2311 2567
f 2822 2567 2566
f 2822 2566 2310
f 2823 2311 2312
f 2823 2312 2568
f 2823 2568 2567
f 2823 2567 2311
f 2824 2312 2313
f 2824 2313 2569
f 2824 2569 2568
f 2824 2568 2312
f 2825 2313 2314
f 2825 2314 2570
f 2825 2570 2569
f 2825 2569 2313
f 2826 2314 2315
f 2826 2315 2571
f 2826 2571 2570
f 2826 2570 2314
f 2827 2315 2316
f 2827 2316 2572
f 2827 2572 2571
f 2827 2571 2315
f 2828 2316 2317
f 2828 2317 2573
f 2828 2573 2572
f 2828 2572 2316
f 2829 2317 2318
f 2829 2318 2574
f 2829 2574 2573
f 2829 2573 2317
f 2830 2318 2319
f 2830 2319 2575
f 2830 2575 2574
f 2830 2574 2318
f 2831 2319 2320
f 2831 2320 2576
f 2831 2576 2575
f 2831 2575 2319
f 2832 2320 2321
f 2832 2321 2577
f 2832 2577 2576
f 2832 2576 2320
f 2833 2321 2322
f 2833 2322 2578
f 2833 2578 2577
f 2833 2577 2321
f 2834 2322 2323
f 2834 2323 2579
f 2834 2579 2578
f 2834 2578 2322
f 2835 2323 2324
f 2835 2324 2580
f 2835 2580 2579
f 2835 2579 2323
f 2836 2324 2325
f 2836 2325 2581
f 2836 2581 2580
f 2836 2580 2324
f 2837 2325 2326
f 2837 2326 2582
f 2837 2582 2581
f 2837 2581 2325
f 2838 2326 2327
f 2838 2327 2583
f 2838 2583 2582
f 2838 2582 2326
f 2839 2327 2328
f 2839 2328 2584
f 2839 2584 2583
f 2839 2583 2327
f 2840 2328 2329
f 2840 2329 2585
f 2840 2585 2584
f 2840 2584 2328
f 2841 2329 2330
f 2841 2330 2586
f 2841 2586 2585
f 2841 2585 2329
f 2842 2330 2331
f 2842 2331 2587
f 2842 2587 2586
f 2842 2586 2330
f 2843 2331 2332
f 2843 2332 2588
f 2843 2588 2587
f 2843 2587 2331
f 2844 2332 2333
f 2844 2333 2589
f 2844 2589 2588
f 2844 2588 2332
f 2845 2333 2334
f 2845 2334 2590
f 2845 2590 2589
f 2845 2589 2333
f 2846 2334 2335
f 2846 2335 2591
f 2846 2591 2590
f 2846 2590 2334
f 2847 2335 2336
f 2847 2336 2592
f 2847 2592 2591
f 2847 2591 2335
f 2848 2336 2337
f 2848 2337 2593
f 2848 2593 2592
f 2848 2592 2336
f 2849 2337 2338
f 2849 2338 2594
f 2849 2594 2593
f 2849 2593 2337
f 2850 2338 2339
f 2850 2339 2595
f 2850 2595 2594
f 2850 2594 2338
f 2851 2339 2340
f 2851 2340 2596
f 2851 2596 2595
f 2851 2595 2339
f 2852 2340 2341
f 2852 2341 2597
f 2852 2597 2596
f 2852 2596 2340
f 2853 2341 2342
f 2853 2342 2598
f 2853 2598 2597
f 2853 2597 2341
f 2854 2342 2343
f 2854 2343 2599
f 2854 2599 2598
f 2854 2598 2342
f 2855 2343 2344
f 2855 2344 2600
f 2855 2600 2599
f 2855 2599 2343
f 2856 2344 2345
f 2856 2345 2601
f 2856 2601 2600
f 2856 2600 2344
f 2857 2345 2346
f 2857 2346 2602
f 2857 2602 2601
f 2857 2601 2345
f 2858 2346 2347
f 2858 2347 2603
f 2858 2603 2602
f 2858 2602 2346
f 2859 2347 2348
f 2859 2348 2604
f 2859 2604 2603
f 2859 2603 2347
f 2860 2348 2349
f 2860 2349 2605
f 2860 2605 2604
f 2860 2604 2348
f 2861 2349 2350
f 2861 2350 2606
f 2861 2606 2605
f 2861 2605 2349
f 2862 2350 2351
f 2862 2351 2607
f 2862 2607 2606
f 2862 2606 2350
f 2863 2351 2352
f 2863 2352 2608
f 2863 2608 2607
f 2863 2607 2351
f 2864 2352 2353
f 2864 2353 2609
f 2864 2609 2608
f 2864 2608 2352
f 2865 2353 2354
f 2865 2354 2610
f 2865 2610 2609
f 2865 2609 2353
f 2866 2354 2355
f 2866 2355 2611
f 2866 2611 2610
f 2866 2610 2354
f 2867 2355 2356
f 2867 2356 2612
f 2867 2612 2611
f 2867 2611 2355
f 2868 2356 2357
f 2868 2357 2613
f 2868 2613 2612
f 2868 2612 2356
f 2869 2357 2358
f 2869 2358 2614
f 2869 2614 2613
f 2869 2613 2357
f 2870 2358 2359
f 2870 2359 2615
f 2870 2615 2614
f 2870 2614 2358
f 2871 2359 2360
f 2871 2360 2616
f 2871 2616 2615
f 2871 2615 2359
f 2872 2360 2361
f 2872 2361 2617
f 2872 2617 2616
f 2872 2616 2360
f 2873 2361 2362
f 2873 2362 2618
f 2873 2618 2617
f 2873 2617 2361
f 2874 2362 2363
f 2874 2363 2619
f 2874 2619 2618
f 2874 2618 2362
f 2875 2363 2364
f 2875 2364 2620
f 2875 2620 2619
f 2875 2619 2363
f 2876 2364 2365
f 2876 2365 2621
f 2876 2621 2620
f 2876 2620 2364
f 2877 2365 2366
f 2877 2366 2622
f 2877 2622 2621
f 2877 2621 2365
f 2878 2366 2367
f 2878 2367 2623
f 2878 2623 2622
f 2878 2622 2366
f 2879 2367 2368
f 2879 2368 2624
f 2879 2624 2623
f 2879 2623 2367
f 2880 2368 2369
f 2880 2369 2625
f 2880 2625 2624
f 2880 2624 2368
f 2881 2369 2370
f 2881 2370 2626
f 2881 2626 2625
f 2881 2625 2369
f 2882 2370 2371
f 2882 2371 2627
f 2882 2627 2626
f 2882 2626 2370
f 2883 2371 2372
f 2883 2372 2628
f 2883 2628 2627
f 2883 2627 2371
f 2884 2372 2373
f 2884 2373 2629
f 2884 2629 2628
f 2884 2628 2372
f 2885 2373 2374
f 2885 2374 2630
f 2885 2630 2629
f 2885 2629 2373
f 2886 2374 2375
f 2886 2375 2631
f 2886 2631 2630
f 2886 2630 2374
f 2887 2375 2376
f 2887 2376 2632
f 2887 2632 2631
f 2887 2631 2375
f 2888 2376 2377
f 2888 2377 2633
f 2888 2633 2632
f 2888 2632 2376
f 2889 2377 2378
f 2889 2378 2634
f 2889 2634 2633
f 2889 2633 2377
f 2890 2378 2379
f 2890 2379 2635
f 2890 2635 2634
f 2890 2634 2378
f 2891 2379 2380
f 2891 2380 2636
f 2891 2636 2635
f 2891 2635 2379
f 2892 2380 2381
f 2892 2381 2637
f 2892 2637 2636
f 2892 2636 2380
f 2893 2381 2382
f 2893 2382 2638
f 2893 2638 2637
f 2893 2637 2381
f 2894 2382 2383
f 2894 2383 2639
f 2894 2639 2638
f 2894 2638 2382
f 2895 2383 2384
f 2895 2384 2640
f 2895 2640 2639
f 2895 2639 2383
f 2896 2384 2385
f 2896 2385 2641
f 2896 2641 2640
f 2896 2640 2384
f 2897 2385 2386
f 2897 2386 2642
f 2897 2642 2641
f 2897 2641 2385
f 2898 2386 2387
f 2898 2387 2643
f 2898 2643 2642
f 2898 2642 2386
f 2899 2387 2388
f 2899 2388 2644
f 2899 2644 2643
f 2899 2643 2387
f 2900 2388 2389
f 2900 2389 2645
f 2900 2645 2644
f 2900 2644 2388
f 2901 2389 2390
f 2901 2390 2646
f 2901 2646 2645
f 2901 2645 2389
f 2902 2390 2391
f 2902 2391 2647
f 2902 2647 2646
f 2902 2646 2390
f 2903 2391 2392
f 2903 2392 2648
f 2903 2648 2647
f 2903 2647 2391
f 2904 2392 2393
f 2904 2393 2649
f 2904 2649 2648
f 2904 2648 2392
f 2905 2393 2394
f 2905 2394 2650
f 2905 2650 2649
f 2905 2649 2393
f 2906 2394 2395
f 2906 2395 2651
f 2906 2651 2650
f 2906 2650 2394
f 2907 2395 2396
f 2907 2396 2652
f 2907 2652 2651
f 2907 2651 2395
f 2908 2396 2397
f 2908 2397 2653
f 2908 2653 2652
f 2908 2652 2396
f 2909 2397 2398
f 2909 2398 2654
f 2909 2654 2653
f 2909 2653 2397
f 2910 2398 2399
f 2910 2399 2655
f 2910 2655 2654
f 2910 2654 2398
f 2911 2399 2400
f 2911 2400 2656
f 2911 2656 2655
f 2911 2655 2399
f 2912 2400 2401
f 2912 2401 2657
f 2912 2657 2656
f 2912 2656 2400
f 2913 2401 2402
f 2913 2402 2658
f 2913 2658 2657
f 2913 2657 2401
f 2914 2402 2403
f 2914 2403 2659
f 2914 2659 2658
f 2914 2658 2402
f 2915 2403 2404
f 2915 2404 2660
f 2915 2660 2659
f 2915 2659 2403
f 2916 2404 2405
f 2916 2405 2661
f 2916 2661 2660
f 2916 2660 2404
f 2917 2405 2406
f 2917 2406 2662
f 2917 2662 2661
f 2917 2661 2405
f 2918 2406 2407
f 2918 2407 2663
f 2918 2663 2662
f 2918 2662 2406
f 2919 2407 2408
f 2919 2408 2664
f 2919 2664 2663
f 2919 2663 2407
f 2920 2408 2409
f 2920 2409 2665
f 2920 2665 2664
f 2920 2664 2408
f 2921 2409 2410
f 2921 2410 2666
f 2921 2666 2665
f 2921 2665 2409
f 2922 2410 2411
f 2922 2411 2667
f 2922 2667 2666
f 2922 2666 2410
f 2923 2411 2412
f 2923 2412 2668
f 2923 2668 2667
f 2923 2667 2411
f 2924 2412 2413
f 2924 2413 2669
f 2924 2669 2668
f 2924 2668 2412
f 2925 2413 2414
f 2925 2414 2670
f 2925 2670 2669
f 2925 2669 2413
f 2926 2414 2415
f 2926 2415 2671
f 2926 2671 2670
f 2926 2670 2414
f 2927 2415 2416
f 2927 2416 2672
f 2927 2672 2671
f 2927 2671 2415
f 2928 2416 2417
f 2928 2417 2673
f 2928 2673 2672
f 2928 2672 2416
f 2929 2417 2418
f 2929 2418 2674
f 2929 2674 2673
f 2929 2673 2417
f 2930 2418 2419
f 2930 2419 2675
f 2930 2675 2674
f 2930 2674 2418
f 2931 2419 2420
f 2931 2420 2676
f 2931 2676 2675
f 2931 2675 2419
f 2932 2420 2421
f 2932 2421 2677
f 2932 2677 2676
f 2932 2676 2420
f 2933 2421 2422
f 2933 2422 2678
f 2933 2678 2677
f 2933 2677 2421
f 2934 2422 2423
f 2934 2423 2679
f 2934 2679 2678
f 2934 2678 2422
f 2935 2423 2424
f 2935 2424 2680
f 2935 2680 2679
f 2935 2679 2423
f 2936 2424 2425
f 2936 2425 2681
f 2936 2681 2680
f 2936 2680 2424
f 2937 2425 2426
f 2937 2426 2682
f 2937 2682 2681
f 2937 2681 2425
f 2938 2426 2427
f 2938 2427 2683
f 2938 2683 2682
f 2938 2682 2426
f 2939 2427 2428
f 2939 2428 2684
f 2939 2684 2683
f 2939 2683 2427
f 2940 2428 2429
f 2940 2429 2685
f 2940 2685 2684
f 2940 2684 2428
f 2941 2429 2430
f 2941 2430 2686
f 2941 2686 2685
f 2941 2685 2429
f 2942 2430 2431
f 2942 2431 2687
f 2942 2687 2686
f 2942 2686 2430
f 2943 2431 2432
f 2943 2432 2688
f 2943 2688 2687
f 2943 2687 2431
f 2944 2432 2433
f 2944 2433 2689
f 2944 2689 2688
f 2944 2688 2432
f 2945 2433 2434
f 2945 2434 2690
f 2945 2690 2689
f 2945 2689 2433
f 2946 2434 2435
f 2946 2435 2691
f 2946 2691 2690
f 2946 2690 2434
f 2947 2435 2436
f 2947 2436 2692
f 2947 2692 2691
f 2947 2691 2435
f 2948 2436 2437
f 2948 2437 2693
f 2948 2693 2692
f 2948 2692 2436
f 2949 2437 2438
f 2949 2438 2694
f 2949 2694 2693
f 2949 2693 2437
f 2950 2438 2439
f 2950 2439 2695
f 2950 2695 2694
f 2950 2694 2438
f 2951 2439 2440
f 2951 2440 2696
f 2951 2696 2695
f 2951 2695 2439
f 2952 2440 2441
f 2952 2441 2697
f 2952 2697 2696
f 2952 2696 2440
f 2953 2441 2442
f 2953 2442 2698
f 2953 2698 2697
f 2953 2697 2441
f 2954 2442 2443
f 2954 2443 2699
f 2954 2699 2698
f 2954 2698 2442
f 2955 2443 2444
f 2955 2444 2700
f 2955 2700 2699
f 2955 2699 2443
f 2956 2444 2445
f 2956 2445 2701
f 2956 2701 2700
f 2956 2700 2444
f 2957 2445 2446
f 2957 2446 2702
f 2957 2702 2701
f 2957 2701 2445
f 2958 2446 2447
f 2958 2447 2703
f 2958 2703 2702
f 2958 2702 2446
f 2959 2447 2448
f 2959 2448 2704
f 2959 2704 2703
f 2959 2703 2447
f 2960 2448 2449
f 2960 2449 2705
f 2960 2705 2704
f 2960 2704 2448
f 2961 2449 2450
f 2961 2450 2706
f 2961 2706 2705
f 2961 2705 2449
f 2962 2450 2451
f 2962 2451 2707
f 2962 2707 2706
f 2962 2706 2450
f 2963 2451 2452
f 2963 2452 2708
f 2963 2708 2707
f 2963 2707 2451
f 2964 2452 2453
f 2964 2453 2709
f 2964 2709 2708
f 2964 2708 2452
f 2965 2453 2454
f 2965 2454 2710
f 2965 2710 2709
f 2965 2709 2453
f 2966 2454 2455
f 2966 2455 2711
f 2966 2711 2710
f 2966 2710 2454
f 2967 2455 2456
f 2967 2456 2712
f 2967 2712 2711
f 2967 2711 2455
f 2968 2456 2457
f 2968 2457 2713
f 2968 2713 2712
f 2968 2712 2456
f 2969 2457 2458
f 2969 2458 2714
f 2969 2714 2713
f 2969 2713 2457
f 2970 2458 2459
f 2970 2459 2715
f 2970 2715 2714
f 2970 2714 2458
f 2971 2459 2460
f 2971 2460 2716
f 2971 2716 2715
f 2971 2715 2459
f 2972 2460 2461
f 2972 2461 2717
f 2972 2717 2716
f 2972 2716 2460
f 2973 2461 2462
f 2973 2462 2718
f 2973 2718 2717
f 2973 2717 2461
f 2974 2462 2463
f 2974 2463 2719
f 2974 2719 2718
f 2974 2718 2462
f 2975 2463 2464
f 2975 2464 2720
f 2975 2720 2719
f 2975 2719 2463
f 2976 2464 2465
f 2976 2465 2721
f 2976 2721 2720
f 2976 2720 2464
f 2977 2465 2466
f 2977 2466 2722
f 2977 2722 2721
f 2977 2721 2465
f 2978 2466 2467
f 2978 2467 2723
f 2978 2723 2722
f 2978 2722 2466
f 2979 2467 2468
f 2979 2468 2724
f 2979 2724 2723
f 2979 2723 2467
f 2980 2468 2469
f 2980 2469 2725
f 2980 2725 2724
f 2980 2724 2468
f 2981 2469 2470
f 2981 2470 2726
f 2981 2726 2725
f 2981 2725 2469
f 2982 2470 2471
f 2982 2471 2727
f 2982 2727 2726
f 2982 2726 2470
f 2983 2471 2472
f 2983 2472 2728
f 2983 2728 2727
f 2983 2727 2471
f 2984 2472 2473
f 2984 2473 2729
f 2984 2729 2728
f 2984 2728 2472
f 2985 2473 2474
f 2985 2474 2730
f 2985 2730 2729
f 2985 2729 2473
f 2986 2474 2475
f 2986 2475 2731
f 2986 2731 2730
f 2986 2730 2474
f 2987 2475 2476
f 2987 2476 2732
f 2987 2732 2731
f 2987 2731 2475
f 2988 2476 2477
f 2988 2477 2733
f 2988 2733 2732
f 2988 2732 2476
f 2989 2477 2478
f 2989 2478 2734
f 2989 2734 2733
f 2989 2733 2477
f 2990 2478 2479
f 2990 2479 2735
f 2990 2735 2734
f 2990 2734 2478
f 2991 2479 2480
f 2991 2480 2736
f 2991 2736 2735
f 2991 2735 2479
f 2992 2480 2481
f 2992 2481 2737
f 2992 2737 2736
f 2992 2736 2480
f 2993 2481 2482
f 2993 2482 2738
f 2993 2738 2737
f 2993 2737 2481
f 2994 2482 2483
f 2994 2483 2739
f 2994 2739 2738
f 2994 2738 2482
f 2995 2483 2484
f 2995 2484 2740
f 2995 2740 2739
f 2995 2739 2483
f 2996 2484 2485
f 2996 2485 2741
f 2996 2741 2740
f 2996 2740 2484
f 2997 2485 2486
f 2997 2486 2742
f 2997 2742 2741
f 2997 2741 2485
f 2998 2486 2487
f 2998 2487 2743
f 2998 2743 2742
f 2998 2742 2486
f 2999 2487 2488
f 2999 2488 2744
f 2999 2744 2743
f 2999 2743 2487
f 3000 2488 2489
f 3000 2489 2745
f 3000 2745 2744
f 3000 2744 2488
f 3001 2489 2490
f 3001 2490 2746
f 3001 2746 2745
f 3001 2745 2489
f 3002 2490 2491
f 3002 2491 2747
f 3002 2747 2746
f 3002 2746 2490
f 3003 2491 2492
f 3003 2492 2748
f 3003 2748 2747
f 3003 2747 2491
f 3004 2492 2493
f 3004 2493 2749
f 3004 2749 2748
f 3004 2748 2492
f 3005 2493 2494
f 3005 2494 2750
f 3005 2750 2749
f 3005 2749 2493
f 3006 2494 2495
f 3006 2495 2751
f 3006 2751 2750
f 3006 2750 2494
f 3007 2495 2496
f 3007 2496 2752
f 3007 2752 2751
f 3007 2751 2495
f 3008 2496 2497
f 3008 2497 2753
f 3008 2753 2752
f 3008 2752 2496
f 3009 2497 2498
f 3009 2498 2754
f 3009 2754 2753
f 3009 2753 2497
f 3010 2498 2499
f 3010 2499 2755
f 3010 2755 2754
f 3010 2754 2498
f 3011 2499 2500
f 3011 2500 2756
f 3011 2756 2755
f 3011 2755 2499
f 3012 2500 2501
f 3012 2501 2757
f 3012 2757 2756
f 3012 2756 2500
f 3013 2501 2502
f 3013 2502 2758
f 3013 2758 2757
f 3013 2757 2501
f 3014 2502 2503
f 3014 2503 2759
f 3014 2759 2758
f 3014 2758 2502
f 3015 2503 2504
f 3015 2504 2760
f 3015 2760 2759
f 3015 2759 2503
f 3016 2504 2505
f 3016 2505 2761
f 3016 2761 2760
f 3016 2760 2504
f 3017 2505 2506
f 3017 2506 2762
f 3017 2762 2761
f 3017 2761 2505
f 3018 2506 2507
f 3018 2507 2763
f 3018 2763 2762
f 3018 2762 2506
f 3019 2507 2508
f 3019 2508 2764
f 3019 2764 2763
f 3019 2763 2507
f 3020 2508 2509
f 3020 2509 2765
f 3020 2765 2764
f 3020 2764 2508
f 3021 2509 2510
f 3021 2510 2766
f 3021 2766 2765
f 3021 2765 2509
f 3022 2510 2511
f 3022 2511 2767
f 3022 2767 2766
f 3022 2766 2510
f 3023 2511 2512
f 3023 2512 2768
f 3023 2768 2767
f 3023 2767 2511
f 3024 2512 2513
f 3024 2513 2769
f 3024 2769 2768
f 3024 2768 2512
f 3025 2513 2514
f 3025 2514 2770
f 3025 2770 2769
f 3025 2769 2513
f 3026 2514 2515
f 3026 2515 2771
f 3026 2771 2770
f 3026 2770 2514
f 3027 2515 2516
f 3027 2516 2772
f 3027 2772 2771
f 3027 2771 2515
f 3028 2516 2517
f 3028 2517 2773
f 3028 2773 2772
f 3028 2772 2516
f 3029 2517 2518
f 3029 2518 2774
f 3029 2774 2773
f 3029 2773 2517
f 3030 2518 2519
f 3030 2519 2775
f 3030 2775 2774
f 3030 2774 2518
f 3031 2519 2520
f 3031 2520 2776
f 3031 2776 2775
f 3031 2775 2519
f 3032 2520 2521
f 3032 2521 2777
f 3032 2777 2776
f 3032 2776 2520
f 3033 2521 2522
f 3033 2522 2778
f 3033 2778 2777
f 3033 2777 2521
f 3034 2522 2523
f 3034 2523 2779
f 3034 2779 2778
f 3034 2778 2522
f 3035 2523 2524
f 3035 2524 2780
f 3035 2780 2779
f 3035 2779 2523
f 3036 2524 2525
f 3036 2525 2781
f 3036 2781 2780
f 3036 2780 2524
f 3037 2525 2526
f 3037 2526 2782
f 3037 2782 2781
f 3037 2781 2525
f 3038 2526 2527
f 3038 2527 2783
f 3038 2783 2782
f 3038 2782 2526
f 3039 2527 2528
f 3039 2528 2784
f 3039 2784 2783
f 3039 2783 2527
f 3040 2528 2529
f 3040 2529 2785
f 3040 2785 2784
f 3040 2784 2528
f 3041 2529 2530
f 3041 2530 2786
f 3041 2786 2785
f 3041 2785 2529
f 3042 2530 2531
f 3042 2531 2787
f 3042 2787 2786
f 3042 2786 2530
f 3043 2531 2532
f 3043 2532 2788
f 3043 2788 2787
f 3043 2787 2531
f 3044 2532 2533
f 3044 2533 2789
f 3044 2789 2788
f 3044 2788 2532
f 3045 2533 2534
f 3045 2534 2790
f 3045 2790 2789
f 3045 2789 2533
f 3046 2534 2535
f 3046 2535 2791
f 3046 2791 2790
f 3046 2790 2534
f 3047 2535 2536
f 3047 2536 2792
f 3047 2792 2791
f 3047 2791 2535
f 3048 2536 2537
f 3048 2537 2793
f 3048 2793 2792
f 3048 2792 2536
f 3049 2537 2538
f 3049 2538 2794
f 3049 2794 2793
f 3049 2793 2537
f 3050 2538 2539
f 3050 2539 2795
f 3050 2795 2794
f 3050 2794 2538
f 3051 2539 2540
f 3051 2540 2796
f 3051 2796 2795
f 3051 2795 2539
f 3052 2540 2541
f 3052 2541 2797
f 3052 2797 2796
f 3052 2796 2540
f 3053 2541 2542
f 3053 2542 2798
f 3053 2798 2797
f 3053 2797 2541
f 3054 2542 2543
f 3054 2543 2799
f 3054 2799 2798
f 3054 2798 2542
f 3055 2543 2544
f 3055 2544 2800
f 3055 2800 2799
f 3055 2799 2543
f 3056 2544 2545
f 3056 2545 2801
f 3056 2801 2800
f 3056 2800 2544
f 3057 2545 2546
f 3057 2546 2802
f 3057 2802 2801
f 3057 2801 2545
f 3058 2546 2547
f 3058 2547 2803
f 3058 2803 2802
f 3058 2802 2546
f 3059 2547 2548
f 3059 2548 2804
f 3059 2804 2803
f 3059 2803 2547
f 3060 2548 2549
f 3060 2549 2805
f 3060 2805 2804
f 3060 2804 2548
f 3061 2549 2550
f 3061 2550 2806
f 3061 2806 2805
f 3061 2805 2549
f 3062 2550 2551
f 3062 2551 2807
f 3062 2807 2806
f 3062 2806 2550
f 3063 2551 2552
f 3063 2552 2808
f 3063 2808 2807
f 3063 2807 2551
f 3064 2552 2553
f 3064 2553 2809
f 3064 2809 2808
f 3064 2808 2552
f 3065 2553 2554
f 3065 2554 2810
f 3065 2810 2809
f 3065 2809 2553
f 3066 2554 2555
f 3066 2555 2811
f 3066 2811 2810
f 3066 2810 2554
f 3067 2555 2556
f 3067 2556 2812
f 3067 2812 2811
f 3067 2811 2555
f 3068 2556 2557
f 3068 2557 2813
f 3068 2813 2812
f 3068 2812 2556
f 3069 2557 2558
f 3069 2558 2814
f 3069 2814 2813
f 3069 2813 2557
f 3070 2558 2559
f 3070 2559 2815
f 3070 2815 2814
f 3070 2814 2558
f 3071 2559 2560
f 3071 2560 2816
f 3071 2816 2815
f 3071 2815 2559
f 3072 2560 2305
f 3072 2305 2561
f 3072 2561 2816
f 3072 2816 2560
v 2.4582 0.0000 -0.3530
v 2.4574 -0.0633 -0.3530
v 2.4550 -0.1263 -0.3530
v 2.4510 -0.1888 -0.3530
v 2.4455 -0.2510 -0.3530
v 2.4384 -0.3126 -0.3530
v 2.4298 -0.3738 -0.3530
v 2.4197 -0.4346 -0.3530
v 2.4082 -0.4948 -0.3530
v 2.3951 -0.5545 -0.3530
v 2.3807 -0.6136 -0.3530
v 2.3648 -0.6722 -0.3530
v 2.3475 -0.7302 -0.3530
v 2.3288 -0.7876 -0.3530
v 2.3088 -0.8443 -0.3530
v 2.2874 -0.9004 -0.3530
v 2.2647 -0.9559 -0.3530
v 2.2407 -1.0107 -0.3530
v 2.2154 -1.0648 -0.3530
v 2.1889 -1.1181 -0.3530
v 2.1611 -1.1707 -0.3530
v 2.1320 -1.2226 -0.3530
v 2.1018 -1.2737 -0.3530
v 2.0704 -1.3240 -0.3530
v 2.0378 -1.3734 -0.3530
v 2.0041 -1.4221 -0.3530
v 1.9692 -1.4698 -0.3530
v 1.9332 -1.5167 -0.3530
v 1.8962 -1.5627 -0.3530
v 1.8580 -1.6078 -0.3530
v 1.8188 -1.6520 -0.3530
v 1.7786 -1.6951 -0.3530
v 1.7374 -1.7374 -0.3530
v 1.6952 -1.7786 -0.3530
v 1.6520 -1.8188 -0.3530
v 1.6078 -1.8580 -0.3530
v 1.5627 -1.8961 -0.3530
v 1.5167 -1.9332 -0.3530
v 1.4698 -1.9692 -0.3530
v 1.4221 -2.0040 -0.3530
v 1.3735 -2.0378 -0.3530
v 1.3240 -2.0704 -0.3530
v 1.2737 -2.1018 -0.3530
v 1.2226 -2.1320 -0.3530
v 1.1708 -2.1610 -0.3530
v 1.1181 -2.1888 -0.3530
v 1.0648 -2.2154 -0.3530
v 1.0107 -2.2407 -0.3530
v 0.9559 -2.2647 -0.3530
v 0.9005 -2.2874 -0.3530
v 0.8443 -2.3088 -0.3530
v 0.7876 -2.3288 -0.3530
v 0.7302 -2.3475 -0.3530
v 0.6722 -2.3648 -0.3530
v 0.6136 -2.3806 -0.3530
v 0.5545 -2.3951 -0.3530
v 0.4948 -2.4081 -0.3530
v 0.4346 -2.4197 -0.3530
v 0.3739 -2.4298 -0.3530
v 0.3127 -2.4384 -0.3530
v 0.2510 -2.4455 -0.3530
v 0.1889 -2.4510 -0.3530
v 0.1263 -2.4550 -0.3530
v 0.0634 -2.4574 -0.3530
v 0.0000 -2.4582 -0.3530
v -0.0633 -2.4574 -0.3530
v -0.1263 -2.4550 -0.3530
v -0.1888 -2.4510 -0.3530
v -0.2510 -2.4455 -0.3530
v -0.3126 -2.4384 -0.3530
v -0.3738 -2.4298 -0.3530
v -0.4346 -2.4197 -0.3530
v -0.4948 -2.4081 -0.3530
v -0.5545 -2.3951 -0.3530
v -0.6136 -2.3806 -0.3530
v -0.6722 -2.3648 -0.3530
v -0.7302 -2.3475 -0.3530
v -0.7876 -2.3288 -0.3530
v -0.8443 -2.3088 -0.3530
v -0.9004 -2.2874 -0.3530
v -0.9559 -2.2647 -0.3530
v -1.0107 -2.2407 -0.3530
v -1.0648 -2.2154 -0.3530
v -1.1181 -2.1888 -0.3530
v -1.1707 -2.1610 -0.3530
v -1.2226 -2.1320 -0.3530
v -1.2737 -2.1018 -0.3530
v -1.3240 -2.0704 -0.3530
v -1.3734 -2.0378 -0.3530
v -1.4221 -2.0040 -0.3530
v -1.4698 -1.9692 -0.3530
v -1.5167 -1.9332 -0.3530
v -1.5627 -1.8961 -0.3530
v -1.6078 -1.8580 -0.3530
v -1.6520 -1.8188 -0.3530
v -1.6951 -1.7786 -0.3530
v -1.7374 -1.7374 -0.3530
v -1.7786 -1.6951 -0.3530
v -1.8188 -1.6520 -0.3530
v -1.8580 -1.6078 -0.3530
v -1.8961 -1.5627 -0.3530
v -1.9332 -1.5167 -0.3530
v -1.9692 -1.4698 -0.3530
v -2.0040 -1.4221 -0.3530
v -2.0378 -1.3734 -0.3530
v -2.0704 -1.3240 -0.3530
v -2.1018 -1.2737 -0.3530
v -2.1320 -1.2226 -0.3530
v -2.1610 -1.1707 -0.3530
v -2.1888 -1.1181 -0.3530
v -2.2154 -1.0648 -0.3530
v -2.2407 -1.0107 -0.3530
v -2.2647 -0.9559 -0.3530
v -2.2874 -0.9004 -0.3530
v -2.3088 -0.8443 -0.3530
v -2.3288 -0.7876 -0.3530
v -2.3475 -0.7302 -0.3530
v -2.3648 -0.6722 -0.3530
v -2.3806 -0.6136 -0.3530
v -2.3951 -0.5545 -0.3530
v -2.4081 -0.4948 -0.3530
v -2.4197 -0.4346 -0.3530
v -2.4298 -0.3738 -0.3530
v -2.4384 -0.3126 -0.3530
v -2.4455 -0.2510 -0.3530
v -2.4510 -0.1888 -0.3530
v -2.4550 -0.1263 -0.3530
v -2.4574 -0.0633 -0.3530
v -2.4582 0.0000 -0.3530
v -2.4574 0.0634 -0.3530
v -2.4550 0.1263 -0.3530
v -2.4510 0.1889 -0.3530
v -2.4455 0.2510 -0.3530
v -2.4384 0.3127 -0.3530
v -2.4298 0.3739 -0.3530
v -2.4197 0.4346 -0.3530
v -2.4081 0.4948 -0.3530
v -2.3951 0.5545 -0.3530
v -2.3806 0.6136 -0.3530
v -2.3648 0.6722 -0.3530
v -2.3475 0.7302 -0.3530
v -2.3288 0.7876 -0.3530
v -2.3088 0.8443 -0.3530
v -2.2874 0.9005 -0.3530
v -2.2647 0.9559 -0.3530
v -2.2407 1.0107 -0.3530
v -2.2154 1.0648 -0.3530
v -2.1888 1.1181 -0.3530
v -2.1610 1.1708 -0.3530
v -2.1320 1.2226 -0.3530
v -2.1018 1.2737 -0.3530
v -2.0704 1.3240 -0.3530
v -2.0378 1.3735 -0.3530
v -2.0040 1.4221 -0.3530
v -1.9692 1.4698 -0.3530
v -1.9332 1.5167 -0.3530
v -1.8961 1.5627 -0.3530
v -1.8580 1.6078 -0.3530
v -1.8188 1.6520 -0.3530
v -1.7786 1.6952 -0.3530
v -1.7374 1.7374 -0.3530
v -1.6951 1.7786 -0.3530
v -1.6520 1.8188 -0.3530
v -1.6078 1.8580 -0.3530
v -1.5627 1.8962 -0.3530
v -1.5167 1.9332 -0.3530
v -1.4698 1.9692 -0.3530
v -1.4221 2.0041 -0.3530
v -1.3734 2.0378 -0.3530
v -1.3240 2.0704 -0.3530
v -1.2737 2.1018 -0.3530
v -1.2226 2.1320 -0.3530
v -1.1707 2.1611 -0.3530
v -1.1181 2.1889 -0.3530
v -1.0648 2.2154 -0.3530
v -1.0107 2.2407 -0.3530
v -0.9559 2.2647 -0.3530
v -0.9004 2.2874 -0.3530
v -0.8443 2.3088 -0.3530
v -0.7876 2.3288 -0.3530
v -0.7302 2.3475 -0.3530
v -0.6722 2.3648 -0.3530
v -0.6136 2.3807 -0.3530
v -0.5545 2.3951 -0.3530
v -0.4948 2.4082 -0.3530
v -0.4346 2.4197 -0.3530
v -0.3738 2.4298 -0.3530
v -0.3126 2.4384 -0.3530
v -0.2510 2.4455 -0.3530
v -0.1888 2.4510 -0.3530
v -0.1263 2.4550 -0.3530
v -0.0633 2.4574 -0.3530
v 0.0000 2.4582 -0.3530
v 0.0634 2.4574 -0.3530
v 0.1263 2.4550 -0.3530
v 0.1889 2.4510 -0.3530
v 0.2510 2.4455 -0.3530
v 0.3127 2.4384 -0.3530
v 0.3739 2.4298 -0.3530
v 0.4346 2.4197 -0.3530
v 0.4948 2.4082 -0.3530
v 0.5545 2.3951 -0.3530
v 0.6136 2.3807 -0.3530
v 0.6722 2.3648 -0.3530
v 0.7302 2.3475 -0.3530
v 0.7876 2.3288 -0.3530
v 0.8443 2.3088 -0.3530
v 0.9005 2.2874 -0.3530
v 0.9559 2.2647 -0.3530
v 1.0107 2.2407 -0.3530
v 1.0648 2.2154 -0.3530
v 1.1181 2.1889 -0.3530
v 1.1708 2.1611 -0.3530
v 1.2226 2.1320 -0.3530
v 1.2737 2.1018 -0.3530
v 1.3240 2.0704 -0.3530
v 1.3735 2.0378 -0.3530
v 1.4221 2.0041 -0.3530
v 1.4698 1.9692 -0.3530
v 1.5167 1.9332 -0.3530
v 1.5627 1.8962 -0.3530
v 1.6078 1.8580 -0.3530
v 1.6520 1.8188 -0.3530
v 1.6952 1.7786 -0.3530
v 1.7374 1.7374 -0.3530
v 1.7786 1.6952 -0.3530
v 1.8188 1.6520 -0.3530
v 1.8580 1.6078 -0.3530
v 1.8962 1.5627 -0.3530
v 1.9332 1.5167 -0.3530
v 1.9692 1.4698 -0.3530
v 2.0041 1.4221 -0.3530
v 2.0378 1.3735 -0.3530
v 2.0704 1.3240 -0.3530
v 2.1018 1.2737 -0.3530
v 2.1320 1.2226 -0.3530
v 2.1611 1.1708 -0.3530
v 2.1889 1.1181 -0.3530
v 2.2154 1.0648 -0.3530
v 2.2407 1.0107 -0.3530
v 2.2647 0.9559 -0.3530
v 2.2874 0.9005 -0.3530
v 2.3088 0.8443 -0.3530
v 2.3288 0.7876 -0.3530
v 2.3475 0.7302 -0.3530
v 2.3648 0.6722 -0.3530
v 2.3807 0.6136 -0.3530
v 2.3951 0.5545 -0.3530
v 2.4082 0.4948 -0.3530
v 2.4197 0.4346 -0.3530
v 2.4298 0.3739 -0.3530
v 2.4384 0.3127 -0.3530
v 2.4455 0.2510 -0.3530
v 2.4510 0.1889 -0.3530
v 2.4550 0.1263 -0.3530
v 2.4574 0.0634 -0.3530
v 2.4582 0.0000 0.3530
v 2.4574 -0.0633 0.3530
v 2.4550 -0.1263 0.3530
v 2.4510 -0.1888 0.3530
v 2.4455 -0.2510 0.3530
v 2.4384 -0.3126 0.3530
v 2.4298 -0.3738 0.3530
v 2.4197 -0.4346 0.3530
v 2.4082 -0.4948 0.3530
v 2.3951 -0.5545 0.3530
v 2.3807 -0.6136 0.3530
v 2.3648 -0.6722 0.3530
v 2.3475 -0.7302 0.3530
v 2.3288 -0.7876 0.3530
v 2.3088 -0.8443 0.3530
v 2.2874 -0.9004 0.3530
v 2.2647 -0.9559 0.3530
v 2.2407 -1.0107 0.3530
v 2.2154 -1.0648 0.3530
v 2.1889 -1.1181 0.3530
v 2.1611 -1.1707 0.3530
v 2.1320 -1.2226 0.3530
v 2.1018 -1.2737 0.3530
v 2.0704 -1.3240 0.3530
v 2.0378 -1.3734 0.3530
v 2.0041 -1.4221 0.3530
v 1.9692 -1.4698 0.3530
v 1.9332 -1.5167 0.3530
v 1.8962 -1.5627 0.3530
v 1.8580 -1.6078 0.3530
v 1.8188 -1.6520 0.3530
v 1.7786 -1.6951 0.3530
v 1.7374 -1.7374 0.3530
v 1.6952 -1.7786 0.3530
v 1.6520 -1.8188 0.3530
v 1.6078 -1.8580 0.3530
v 1.5627 -1.8961 0.3530
v 1.5167 -1.9332 0.3530
v 1.4698 -1.9692 0.3530
v 1.4221 -2.0040 0.3530
v 1.3735 -2.0378 0.3530
v 1.3240 -2.0704 0.3530
v 1.2737 -2.1018 0.3530
v 1.2226 -2.1320 0.3530
v 1.1708 -2.1610 0.3530
v 1.1181 -2.1888 0.3530
v 1.0648 -2.2154 0.3530
v 1.0107 -2.2407 0.3530
v 0.9559 -2.2647 0.3530
v 0.9005 -2.2874 0.3530
v 0.8443 -2.3088 0.3530
v 0.7876 -2.3288 0.3530
v 0.7302 -2.3475 0.3530
v 0.6722 -2.3648 0.3530
v 0.6136 -2.3806 0.3530
v 0.5545 -2.3951 0.3530
v 0.4948 -2.4081 0.3530
v 0.4346 -2.4197 0.3530
v 0.3739 -2.4298 0.3530
v 0.3127 -2.4384 0.3530
v 0.2510 -2.4455 0.3530
v 0.1889 -2.4510 0.3530
v 0.1263 -2.4550 0.3530
v 0.0634 -2.4574 0.3530
v 0.0000 -2.4582 0.3530
v -0.0633 -2.4574 0.3530
v -0.1263 -2.4550 0.3530
v -0.1888 -2.4510 0.3530
v -0.2510 -2.4455 0.3530
v -0.3126 -2.4384 0.3530
v -0.3738 -2.4298 0.3530
v -0.4346 -2.4197 0.3530
v -0.4948 -2.4081 0.3530
v -0.5545 -2.3951 0.3530
v -0.6136 -2.3806 0.3530
v -0.6722 -2.3648 0.3530
v -0.7302 -2.3475 0.3530
v -0.7876 -2.3288 0.3530
v -0.8443 -2.3088 0.3530
v -0.9004 -2.2874 0.3530
v -0.9559 -2.2647 0.3530
v -1.0107 -2.2407 0.3530
v -1.0648 -2.2154 0.3530
v -1.1181 -2.1888 0.3530
v -1.1707 -2.1610 0.3530
v -1.2226 -2.1320 0.3530
v -1.2737 -2.1018 0.3530
v -1.3240 -2.0704 0.3530
v -1.3734 -2.0378 0.3530
v -1.4221 -2.0040 0.3530
v -1.4698 -1.9692 0.3530
v -1.5167 -1.9332 0.3530
v -1.5627 -1.8961 0.3530
v -1.6078 -1.8580 0.3530
v -1.6520 -1.8188 0.3530
v -1.6951 -1.7786 0.3530
v -1.7374 -1.7374 0.3530
v -1.7786 -1.6951 0.3530
v -1.8188 -1.6520 0.3530
v -1.8580 -1.6078 0.3530
v -1.8961 -1.5627 0.3530
v -1.9332 -1.5167 0.3530
v -1.9692 -1.4698 0.3530
v -2.0040 -1.4221 0.3530
v -2.0378 -1.3734 0.3530
v -2.0704 -1.3240 0.3530
v -2.1018 -1.2737 0.3530
v -2.1320 -1.2226 0.3530
v -2.1610 -1.1707 0.3530
v -2.1888 -1.1181 0.3530
v -2.2154 -1.0648 0.3530
v -2.2407 -1.0107 0.3530
v -2.2647 -0.9559 0.3530
v -2.2874 -0.9004 0.3530
v -2.3088 -0.8443 0.3530
v -2.3288 -0.7876 0.3530
v -2.3475 -0.7302 0.3530
v -2.3648 -0.6722 0.3530
v -2.3806 -0.6136 0.3530
v -2.3951 -0.5545 0.3530
v -2.4081 -0.4948 0.3530
v -2.4197 -0.4346 0.3530
v -2.4298 -0.3738 0.3530
v -2.4384 -0.3126 0.3530
v -2.4455 -0.2510 0.3530
v -2.4510 -0.1888 0.3530
v -2.4550 -0.1263 0.3530
v -2.4574 -0.0633 0.3530
v -2.4582 0.0000 0.3530
v -2.4574 0.0634 0.3530
v -2.4550 0.1263 0.3530
v -2.4510 0.1889 0.3530
v -2.4455 0.2510 0.3530
v -2.4384 0.3127 0.3530
v -2.4298 0.3739 0.3530
v -2.4197 0.4346 0.3530
v -2.4081 0.4948 0.3530
v -2.3951 0.5545 0.3530
v -2.3806 0.6136 0.3530
v -2.3648 0.6722 0.3530
v -2.3475 0.7302 0.3530
v -2.3288 0.7876 0.3530
v -2.3088 0.8443 0.3530
v -2.2874 0.9005 0.3530
v -2.2647 0.9559 0.3530
v -2.2407 1.0107 0.3530
v -2.2154 1.0648 0.3530
v -2.1888 1.1181 0.3530
v -2.1610 1.1708 0.3530
v -2.1320 1.2226 0.3530
v -2.1018 1.2737 0.3530
v -2.0704 1.3240 0.3530
v -2.0378 1.3735 0.3530
v -2.0040 1.4221 0.3530
v -1.9692 1.4698 0.3530
v -1.9332 1.5167 0.3530
v -1.8961 1.5627 0.3530
v -1.8580 1.6078 0.3530
v -1.8188 1.6520 0.3530
v -1.7786 1.6952 0.3530
v -1.7374 1.7374 0.3530
v -1.6951 1.7786 0.3530
v -1.6520 1.8188 0.3530
v -1.6078 1.8580 0.3530
v -1.5627 1.8962 0.3530
v -1.5167 1.9332 0.3530
v -1.4698 1.9692 0.3530
v -1.4221 2.0041 0.3530
v -1.3734 2.0378 0.3530
v -1.3240 2.0704 0.3530
v -1.2737 2.1018 0.3530
v -1.2226 2.1320 0.3530
v -1.1707 2.1611 0.3530
v -1.1181 2.1889 0.3530
v -1.0648 2.2154 0.3530
v -1.0107 2.2407 0.3530
v -0.9559 2.2647 0.3530
v -0.9004 2.2874 0.3530
v -0.8443 2.3088 0.3530
v -0.7876 2.3288 0.3530
v -0.7302 2.3475 0.3530
v -0.6722 2.3648 0.3530
v -0.6136 2.3807 0.3530
v -0.5545 2.3951 0.3530
v -0.4948 2.4082 0.3530
v -0.4346 2.4197 0.3530
v -0.3738 2.4298 0.3530
v -0.3126 2.4384 0.3530
v -0.2510 2.4455 0.3530
v -0.1888 2.4510 0.3530
v -0.1263 2.4550 0.3530
v -0.0633 2.4574 0.3530
v 0.0000 2.4582 0.3530
v 0.0634 2.4574 0.3530
v 0.1263 2.4550 0.3530
v 0.1889 2.4510 0.3530
v 0.2510 2.4455 0.3530
v 0.3127 2.4384 0.3530
v 0.3739 2.4298 0.3530
v 0.4346 2.4197 0.3530
v 0.4948 2.4082 0.3530
v 0.5545 2.3951 0.3530
v 0.6136 2.3807 0.3530
v 0.6722 2.3648 0.3530
v 0.7302 2.3475 0.3530
v 0.7876 2.3288 0.3530
v 0.8443 2.3088 0.3530
v 0.9005 2.2874 0.3530
v 0.9559 2.2647 0.3530
v 1.0107 2.2407 0.3530
v 1.0648 2.2154 0.3530
v 1.1181 2.1889 0.3530
v 1.1708 2.1611 0.3530
v 1.2226 2.1320 0.3530
v 1.2737 2.1018 0.3530
v 1.3240 2.0704 0.3530
v 1.3735 2.0378 0.3530
v 1.4221 2.0041 0.3530
v 1.4698 1.9692 0.3530
v 1.5167 1.9332 0.3530
v 1.5627 1.8962 0.3530
v 1.6078 1.8580 0.3530
v 1.6520 1.8188 0.3530
v 1.6952 1.7786 0.3530
v 1.7374 1.7374 0.3530
v 1.7786 1.6952 0.3530
v 1.8188 1.6520 0.3530
v 1.8580 1.6078 0.3530
v 1.8962 1.5627 0.3530
v 1.9332 1.5167 0.3530
v 1.9692 1.4698 0.3530
v 2.0041 1.4221 0.3530
v 2.0378 1.3735 0.3530
v 2.0704 1.3240 0.3530
v 2.1018 1.2737 0.3530
v 2.1320 1.2226 0.3530
v 2.1611 1.1708 0.3530
v 2.1889 1.1181 0.3530
v 2.2154 1.0648 0.3530
v 2.2407 1.0107 0.3530
v 2.2647 0.9559 0.3530
v 2.2874 0.9005 0.3530
v 2.3088 0.8443 0.3530
v 2.3288 0.7876 0.3530
v 2.3475 0.7302 0.3530
v 2.3648 0.6722 0.3530
v 2.3807 0.6136 0.3530
v 2.3951 0.5545 0.3530
v 2.4082 0.4948 0.3530
v 2.4197 0.4346 0.3530
v 2.4298 0.3739 0.3530
v 2.4384 0.3127 0.3530
v 2.4455 0.2510 0.3530
v 2.4510 0.1889 0.3530
v 2.4550 0.1263 0.3530
v 2.4574 0.0634 0.3530
v 2.4578 -0.0317 -0.0000
v 2.4562 -0.0948 -0.0000
v 2.4530 -0.1576 -0.0000
v 2.4482 -0.2199 -0.0000
v 2.4419 -0.2818 -0.0000
v 2.4341 -0.3432 -0.0000
v 2.4248 -0.4042 -0.0000
v 2.4139 -0.4647 -0.0000
v 2.4016 -0.5246 -0.0000
v 2.3879 -0.5840 -0.0000
v 2.3727 -0.6429 -0.0000
v 2.3561 -0.7012 -0.0000
v 2.3382 -0.7589 -0.0000
v 2.3188 -0.8159 -0.0000
v 2.2981 -0.8724 -0.0000
v 2.2761 -0.9282 -0.0000
v 2.2527 -0.9833 -0.0000
v 2.2281 -1.0377 -0.0000
v 2.2021 -1.0915 -0.0000
v 2.1750 -1.1444 -0.0000
v 2.1465 -1.1967 -0.0000
v 2.1169 -1.2481 -0.0000
v 2.0861 -1.2988 -0.0000
v 2.0541 -1.3487 -0.0000
v 2.0209 -1.3977 -0.0000
v 1.9866 -1.4459 -0.0000
v 1.9512 -1.4933 -0.0000
v 1.9147 -1.5397 -0.0000
v 1.8771 -1.5853 -0.0000
v 1.8384 -1.6299 -0.0000
v 1.7987 -1.6736 -0.0000
v 1.7580 -1.7163 -0.0000
v 1.7163 -1.7580 -0.0000
v 1.6736 -1.7987 -0.0000
v 1.6299 -1.8384 -0.0000
v 1.5853 -1.8771 -0.0000
v 1.5397 -1.9147 -0.0000
v 1.4933 -1.9512 -0.0000
v 1.4460 -1.9866 -0.0000
v 1.3978 -2.0209 -0.0000
v 1.3487 -2.0541 -0.0000
v 1.2988 -2.0861 -0.0000
v 1.2482 -2.1169 -0.0000
v 1.1967 -2.1465 -0.0000
v 1.1444 -2.1749 -0.0000
v 1.0915 -2.2021 -0.0000
v 1.0377 -2.2280 -0.0000
v 0.9833 -2.2527 -0.0000
v 0.9282 -2.2760 -0.0000
v 0.8724 -2.2981 -0.0000
v 0.8160 -2.3188 -0.0000
v 0.7589 -2.3381 -0.0000
v 0.7012 -2.3561 -0.0000
v 0.6429 -2.3727 -0.0000
v 0.5841 -2.3879 -0.0000
v 0.5246 -2.4016 -0.0000
v 0.4647 -2.4139 -0.0000
v 0.4042 -2.4247 -0.0000
v 0.3433 -2.4341 -0.0000
v 0.2818 -2.4419 -0.0000
v 0.2199 -2.4482 -0.0000
v 0.1576 -2.4530 -0.0000
v 0.0948 -2.4562 -0.0000
v 0.0317 -2.4578 -0.0000
v -0.0317 -2.4578 -0.0000
v -0.0948 -2.4562 -0.0000
v -0.1576 -2.4530 -0.0000
v -0.2199 -2.4482 -0.0000
v -0.2818 -2.4419 -0.0000
v -0.3432 -2.4341 -0.0000
v -0.4042 -2.4247 -0.0000
v -0.4647 -2.4139 -0.0000
v -0.5246 -2.4016 -0.0000
v -0.5840 -2.3879 -0.0000
v -0.6429 -2.3727 -0.0000
v -0.7012 -2.3561 -0.0000
v -0.7589 -2.3381 -0.0000
v -0.8159 -2.3188 -0.0000
v -0.8724 -2.2981 -0.0000
v -0.9282 -2.2760 -0.0000
v -0.9833 -2.2527 -0.0000
v -1.0377 -2.2280 -0.0000
v -1.0915 -2.2021 -0.0000
v -1.1444 -2.1749 -0.0000
v -1.1967 -2.1465 -0.0000
v -1.2481 -2.1169 -0.0000
v -1.2988 -2.0861 -0.0000
v -1.3487 -2.0541 -0.0000
v -1.3977 -2.0209 -0.0000
v -1.4459 -1.9866 -0.0000
v -1.4933 -1.9512 -0.0000
v -1.5397 -1.9147 -0.0000
v -1.5853 -1.8771 -0.0000
v -1.6299 -1.8384 -0.0000
v -1.6736 -1.7987 -0.0000
v -1.7163 -1.7580 -0.0000
v -1.7580 -1.7163 -0.0000
v -1.7987 -1.6736 -0.0000
v -1.8384 -1.6299 -0.0000
v -1.8771 -1.5853 -0.0000
v -1.9147 -1.5397 -0.0000
v -1.9512 -1.4933 -0.0000
v -1.9866 -1.4459 -0.0000
v -2.0209 -1.3977 -0.0000
v -2.0541 -1.3487 -0.0000
v -2.0861 -1.2988 -0.0000
v -2.1169 -1.2481 -0.0000
v -2.1465 -1.1967 -0.0000
v -2.1749 -1.1444 -0.0000
v -2.2021 -1.0915 -0.0000
v -2.2280 -1.0377 -0.0000
v -2.2527 -0.9833 -0.0000
v -2.2760 -0.9282 -0.0000
v -2.2981 -0.8724 -0.0000
v -2.3188 -0.8159 -0.0000
v -2.3381 -0.7589 -0.0000
v -2.3561 -0.7012 -0.0000
v -2.3727 -0.6429 -0.0000
v -2.3879 -0.5840 -0.0000
v -2.4016 -0.5246 -0.0000
v -2.4139 -0.4647 -0.0000
v -2.4247 -0.4042 -0.0000
v -2.4341 -0.3432 -0.0000
v -2.4419 -0.2818 -0.0000
v -2.4482 -0.2199 -0.0000
v -2.4530 -0.1576 -0.0000
v -2.4562 -0.0948 -0.0000
v -2.4578 -0.0317 -0.0000
v -2.4578 0.0317 -0.0000
v -2.4562 0.0948 -0.0000
v -2.4530 0.1576 -0.0000
v -2.4482 0.2199 -0.0000
v -2.4419 0.2818 -0.0000
v -2.4341 0.3433 -0.0000
v -2.4247 0.4042 -0.0000
v -2.4139 0.4647 -0.0000
v -2.4016 0.5246 -0.0000
v -2.3879 0.5841 -0.0000
v -2.3727 0.6429 -0.0000
v -2.3561 0.7012 -0.0000
v -2.3381 0.7589 -0.0000
v -2.3188 0.8160 -0.0000
v -2.2981 0.8724 -0.0000
v -2.2760 0.9282 -0.0000
v -2.2527 0.9833 -0.0000
v -2.2280 1.0377 -0.0000
v -2.2021 1.0915 -0.0000
v -2.1749 1.1444 -0.0000
v -2.1465 1.1967 -0.0000
v -2.1169 1.2482 -0.0000
v -2.0861 1.2988 -0.0000
v -2.0541 1.3487 -0.0000
v -2.0209 1.3978 -0.0000
v -1.9866 1.4460 -0.0000
v -1.9512 1.4933 -0.0000
v -1.9147 1.5397 -0.0000
v -1.8771 1.5853 -0.0000
v -1.8384 1.6299 -0.0000
v -1.7987 1.6736 -0.0000
v -1.7580 1.7163 -0.0000
v -1.7163 1.7580 -0.0000
v -1.6736 1.7987 -0.0000
v -1.6299 1.8384 -0.0000
v -1.5853 1.8771 -0.0000
v -1.5397 1.9147 -0.0000
v -1.4933 1.9512 -0.0000
v -1.4459 1.9866 -0.0000
v -1.3977 2.0209 -0.0000
v -1.3487 2.0541 -0.0000
v -1.2988 2.0861 -0.0000
v -1.2481 2.1169 -0.0000
v -1.1967 2.1465 -0.0000
v -1.1444 2.1750 -0.0000
v -1.0915 2.2021 -0.0000
v -1.0377 2.2281 -0.0000
v -0.9833 2.2527 -0.0000
v -0.9282 2.2761 -0.0000
v -0.8724 2.2981 -0.0000
v -0.8159 2.3188 -0.0000
v -0.7589 2.3382 -0.0000
v -0.7012 2.3561 -0.0000
v -0.6429 2.3727 -0.0000
v -0.5840 2.3879 -0.0000
v -0.5246 2.4016 -0.0000
v -0.4647 2.4139 -0.0000
v -0.4042 2.4248 -0.0000
v -0.3432 2.4341 -0.0000
v -0.2818 2.4419 -0.0000
v -0.2199 2.4482 -0.0000
v -0.1576 2.4530 -0.0000
v -0.0948 2.4562 -0.0000
v -0.0317 2.4578 -0.0000
v 0.0317 2.4578 -0.0000
v 0.0948 2.4562 -0.0000
v 0.1576 2.4530 -0.0000
v 0.2199 2.4482 -0.0000
v 0.2818 2.4419 -0.0000
v 0.3433 2.4341 -0.0000
v 0.4042 2.4248 -0.0000
v 0.4647 2.4139 -0.0000
v 0.5246 2.4016 -0.0000
v 0.5841 2.3879 -0.0000
v 0.6429 2.3727 -0.0000
v 0.7012 2.3561 -0.0000
v 0.7589 2.3382 -0.0000
v 0.8160 2.3188 -0.0000
v 0.8724 2.2981 -0.0000
v 0.9282 2.2761 -0.0000
v 0.9833 2.2527 -0.0000
v 1.0377 2.2281 -0.0000
v 1.0915 2.2021 -0.0000
v 1.1444 2.1750 -0.0000
v 1.1967 2.1465 -0.0000
v 1.2482 2.1169 -0.0000
v 1.2988 2.0861 -0.0000
v 1.3487 2.0541 -0.0000
v 1.3978 2.0209 -0.0000
v 1.4460 1.9866 -0.0000
v 1.4933 1.9512 -0.0000
v 1.5397 1.9147 -0.0000
v 1.5853 1.8771 -0.0000
v 1.6299 1.8384 -0.0000
v 1.6736 1.7987 -0.0000
v 1.7163 1.7580 -0.0000
v 1.7580 1.7163 -0.0000
v 1.7987 1.6736 -0.0000
v 1.8384 1.6299 -0.0000
v 1.8771 1.5853 -0.0000
v 1.9147 1.5397 -0.0000
v 1.9512 1.4933 -0.0000
v 1.9866 1.4460 -0.0000
v 2.0209 1.3978 -0.0000
v 2.0541 1.3487 -0.0000
v 2.0861 1.2988 -0.0000
v 2.1169 1.2482 -0.0000
v 2.1465 1.1967 -0.0000
v 2.1750 1.1444 -0.0000
v 2.2021 1.0915 -0.0000
v 2.2281 1.0377 -0.0000
v 2.2527 0.9833 -0.0000
v 2.2761 0.9282 -0.0000
v 2.2981 0.8724 -0.0000
v 2.3188 0.8160 -0.0000
v 2.3382 0.7589 -0.0000
v 2.3561 0.7012 -0.0000
v 2.3727 0.6429 -0.0000
v 2.3879 0.5841 -0.0000
v 2.4016 0.5246 -0.0000
v 2.4139 0.4647 -0.0000
v 2.4248 0.4042 -0.0000
v 2.4341 0.3433 -0.0000
v 2.4419 0.2818 -0.0000
v 2.4482 0.2199 -0.0000
v 2.4530 0.1576 -0.0000
v 2.4562 0.0948 -0.0000
v 2.4578 0.0317 -0.0000
v 2.8581 -0.0737 -0.3530
v 2.8590 0.0000 -0.3530
v 2.8581 0.0737 -0.3530
v 2.8553 0.1469 -0.3530
v 2.8507 0.2197 -0.3530
v 2.8442 0.2919 -0.3530
v 2.8360 0.3636 -0.3530
v 2.8260 0.4348 -0.3530
v 2.8143 0.5054 -0.3530
v 2.8008 0.5755 -0.3530
v 2.7857 0.6449 -0.3530
v 2.7689 0.7137 -0.3530
v 2.7504 0.7818 -0.3530
v 2.7303 0.8493 -0.3530
v 2.7086 0.9160 -0.3530
v 2.6853 0.9820 -0.3530
v 2.6604 1.0473 -0.3530
v 2.6340 1.1118 -0.3530
v 2.6061 1.1755 -0.3530
v 2.5767 1.2384 -0.3530
v 2.5458 1.3005 -0.3530
v 2.5135 1.3617 -0.3530
v 2.4797 1.4220 -0.3530
v 2.4445 1.4814 -0.3530
v 2.4080 1.5399 -0.3530
v 2.3701 1.5974 -0.3530
v 2.3308 1.6540 -0.3530
v 2.2903 1.7095 -0.3530
v 2.2485 1.7641 -0.3530
v 2.2054 1.8176 -0.3530
v 2.1610 1.8700 -0.3530
v 2.1154 1.9213 -0.3530
v 2.0686 1.9716 -0.3530
v 2.0207 2.0207 -0.3530
v 1.9716 2.0686 -0.3530
v 1.9213 2.1154 -0.3530
v 1.8700 2.1610 -0.3530
v 1.8176 2.2054 -0.3530
v 1.7641 2.2485 -0.3530
v 1.7095 2.2903 -0.3530
v 1.6540 2.3308 -0.3530
v 1.5974 2.3701 -0.3530
v 1.5399 2.4080 -0.3530
v 1.4814 2.4445 -0.3530
v 1.4220 2.4797 -0.3530
v 1.3617 2.5135 -0.3530
v 1.3005 2.5458 -0.3530
v 1.2384 2.5767 -0.3530
v 1.1755 2.6061 -0.3530
v 1.1118 2.6340 -0.3530
v 1.0473 2.6604 -0.3530
v 0.9820 2.6853 -0.3530
v 0.9160 2.7086 -0.3530
v 0.8493 2.7303 -0.3530
v 0.7818 2.7504 -0.3530
v 0.7137 2.7689 -0.3530
v 0.6449 2.7857 -0.3530
v 0.5755 2.8008 -0.3530
v 0.5054 2.8143 -0.3530
v 0.4348 2.8260 -0.3530
v 0.3636 2.8360 -0.3530
v 0.2919 2.8442 -0.3530
v 0.2197 2.8507 -0.3530
v 0.1469 2.8553 -0.3530
v 0.0737 2.8581 -0.3530
v 0.0000 2.8590 -0.3530
v -0.0737 2.8581 -0.3530
v -0.1469 2.8553 -0.3530
v -0.2196 2.8507 -0.3530
v -0.2919 2.8442 -0.3530
v -0.3636 2.8360 -0.3530
v -0.4348 2.8260 -0.3530
v -0.5054 2.8143 -0.3530
v -0.5755 2.8008 -0.3530
v -0.6449 2.7857 -0.3530
v -0.7137 2.7689 -0.3530
v -0.7818 2.7504 -0.3530
v -0.8492 2.7303 -0.3530
v -0.9160 2.7086 -0.3530
v -0.9820 2.6853 -0.3530
v -1.0473 2.6604 -0.3530
v -1.1118 2.6340 -0.3530
v -1.1755 2.6061 -0.3530
v -1.2384 2.5767 -0.3530
v -1.3005 2.5458 -0.3530
v -1.3617 2.5135 -0.3530
v -1.4220 2.4797 -0.3530
v -1.4814 2.4445 -0.3530
v -1.5399 2.4080 -0.3530
v -1.5974 2.3701 -0.3530
v -1.6540 2.3308 -0.3530
v -1.7095 2.2903 -0.3530
v -1.7640 2.2485 -0.3530
v -1.8175 2.2054 -0.3530
v -1.8700 2.1610 -0.3530
v -1.9213 2.1154 -0.3530
v -1.9716 2.0686 -0.3530
v -2.0207 2.0207 -0.3530
v -2.0686 1.9716 -0.3530
v -2.1154 1.9213 -0.3530
v -2.1610 1.8700 -0.3530
v -2.2053 1.8176 -0.3530
v -2.2485 1.7641 -0.3530
v -2.2903 1.7095 -0.3530
v -2.3308 1.6540 -0.3530
v -2.3701 1.5974 -0.3530
v -2.4080 1.5399 -0.3530
v -2.4445 1.4814 -0.3530
v -2.4797 1.4220 -0.3530
v -2.5134 1.3617 -0.3530
v -2.5458 1.3005 -0.3530
v -2.5766 1.2384 -0.3530
v -2.6061 1.1755 -0.3530
v -2.6340 1.1118 -0.3530
v -2.6604 1.0473 -0.3530
v -2.6852 0.9820 -0.3530
v -2.7085 0.9160 -0.3530
v -2.7303 0.8493 -0.3530
v -2.7504 0.7818 -0.3530
v -2.7689 0.7137 -0.3530
v -2.7857 0.6449 -0.3530
v -2.8008 0.5755 -0.3530
v -2.8143 0.5054 -0.3530
v -2.8260 0.4348 -0.3530
v -2.8360 0.3636 -0.3530
v -2.8442 0.2919 -0.3530
v -2.8507 0.2197 -0.3530
v -2.8553 0.1469 -0.3530
v -2.8581 0.0737 -0.3530
v -2.8590 0.0000 -0.3530
v -2.8581 -0.0737 -0.3530
v -2.8553 -0.1469 -0.3530
v -2.8507 -0.2196 -0.3530
v -2.8442 -0.2919 -0.3530
v -2.8360 -0.3636 -0.3530
v -2.8260 -0.4348 -0.3530
v -2.8143 -0.5054 -0.3530
v -2.8008 -0.5755 -0.3530
v -2.7857 -0.6449 -0.3530
v -2.7689 -0.7137 -0.3530
v -2.7504 -0.7818 -0.3530
v -2.7303 -0.8492 -0.3530
v -2.7085 -0.9160 -0.3530
v -2.6852 -0.9820 -0.3530
v -2.6604 -1.0473 -0.3530
v -2.6340 -1.1118 -0.3530
v -2.6061 -1.1755 -0.3530
v -2.5766 -1.2384 -0.3530
v -2.5458 -1.3005 -0.3530
v -2.5134 -1.3617 -0.3530
v -2.4797 -1.4220 -0.3530
v -2.4445 -1.4814 -0.3530
v -2.4080 -1.5399 -0.3530
v -2.3701 -1.5974 -0.3530
v -2.3308 -1.6540 -0.3530
v -2.2903 -1.7095 -0.3530
v -2.2485 -1.7640 -0.3530
v -2.2053 -1.8175 -0.3530
v -2.1610 -1.8700 -0.3530
v -2.1154 -1.9213 -0.3530
v -2.0686 -1.9716 -0.3530
v -2.0207 -2.0207 -0.3530
v -1.9716 -2.0686 -0.3530
v -1.9213 -2.1154 -0.3530
v -1.8700 -2.1610 -0.3530
v -1.8175 -2.2053 -0.3530
v -1.7640 -2.2485 -0.3530
v -1.7095 -2.2903 -0.3530
v -1.6540 -2.3308 -0.3530
v -1.5974 -2.3701 -0.3530
v -1.5399 -2.4080 -0.3530
v -1.4814 -2.4445 -0.3530
v -1.4220 -2.4797 -0.3530
v -1.3617 -2.5134 -0.3530
v -1.3005 -2.5458 -0.3530
v -1.2384 -2.5766 -0.3530
v -1.1755 -2.6061 -0.3530
v -1.1118 -2.6340 -0.3530
v -1.0473 -2.6604 -0.3530
v -0.9820 -2.6852 -0.3530
v -0.9160 -2.7085 -0.3530
v -0.8492 -2.7303 -0.3530
v -0.7818 -2.7504 -0.3530
v -0.7137 -2.7689 -0.3530
v -0.6449 -2.7857 -0.3530
v -0.5755 -2.8008 -0.3530
v -0.5054 -2.8143 -0.3530
v -0.4348 -2.8260 -0.3530
v -0.3636 -2.8360 -0.3530
v -0.2919 -2.8442 -0.3530
v -0.2196 -2.8507 -0.3530
v -0.1469 -2.8553 -0.3530
v -0.0737 -2.8581 -0.3530
v 0.0000 -2.8590 -0.3530
v 0.0737 -2.8581 -0.3530
v 0.1469 -2.8553 -0.3530
v 0.2197 -2.8507 -0.3530
v 0.2919 -2.8442 -0.3530
v 0.3636 -2.8360 -0.3530
v 0.4348 -2.8260 -0.3530
v 0.5054 -2.8143 -0.3530
v 0.5755 -2.8008 -0.3530
v 0.6449 -2.7857 -0.3530
v 0.7137 -2.7689 -0.3530
v 0.7818 -2.7504 -0.3530
v 0.8493 -2.7303 -0.3530
v 0.9160 -2.7085 -0.3530
v 0.9820 -2.6852 -0.3530
v 1.0473 -2.6604 -0.3530
v 1.1118 -2.6340 -0.3530
v 1.1755 -2.6061 -0.3530
v 1.2384 -2.5766 -0.3530
v 1.3005 -2.5458 -0.3530
v 1.3617 -2.5134 -0.3530
v 1.4220 -2.4797 -0.3530
v 1.4814 -2.4445 -0.3530
v 1.5399 -2.4080 -0.3530
v 1.5974 -2.3701 -0.3530
v 1.6540 -2.3308 -0.3530
v 1.7095 -2.2903 -0.3530
v 1.7641 -2.2485 -0.3530
v 1.8176 -2.2053 -0.3530
v 1.8700 -2.1610 -0.3530
v 1.9213 -2.1154 -0.3530
v 1.9716 -2.0686 -0.3530
v 2.0207 -2.0207 -0.3530
v 2.0686 -1.9716 -0.3530
v 2.1154 -1.9213 -0.3530
v 2.1610 -1.8700 -0.3530
v 2.2054 -1.8175 -0.3530
v 2.2485 -1.7640 -0.3530
v 2.2903 -1.7095 -0.3530
v 2.3308 -1.6540 -0.3530
v 2.3701 -1.5974 -0.3530
v 2.4080 -1.5399 -0.3530
v 2.4445 -1.4814 -0.3530
v 2.4797 -1.4220 -0.3530
v 2.5135 -1.3617 -0.3530
v 2.5458 -1.3005 -0.3530
v 2.5767 -1.2384 -0.3530
v 2.6061 -1.1755 -0.3530
v 2.6340 -1.1118 -0.3530
v 2.6604 -1.0473 -0.3530
v 2.6853 -0.9820 -0.3530
v 2.7086 -0.9160 -0.3530
v 2.7303 -0.8492 -0.3530
v 2.7504 -0.7818 -0.3530
v 2.7689 -0.7137 -0.3530
v 2.7857 -0.6449 -0.3530
v 2.8008 -0.5755 -0.3530
v 2.8143 -0.5054 -0.3530
v 2.8260 -0.4348 -0.3530
v 2.8360 -0.3636 -0.3530
v 2.8442 -0.2919 -0.3530
v 2.8507 -0.2196 -0.3530
v 2.8553 -0.1469 -0.3530
v 2.8581 -0.0737 0.3530
v 2.8590 0.0000 0.3530
v 2.8581 0.0737 0.3530
v 2.8553 0.1469 0.3530
v 2.8507 0.2197 0.3530
v 2.8442 0.2919 0.3530
v 2.8360 0.3636 0.3530
v 2.8260 0.4348 0.3530
v 2.8143 0.5054 0.3530
v 2.8008 0.5755 0.3530
v 2.7857 0.6449 0.3530
v 2.7689 0.7137 0.3530
v 2.7504 0.7818 0.3530
v 2.7303 0.8493 0.3530
v 2.7086 0.9160 0.3530
v 2.6853 0.9820 0.3530
v 2.6604 1.0473 0.3530
v 2.6340 1.1118 0.3530
v 2.6061 1.1755 0.3530
v 2.5767 1.2384 0.3530
v 2.5458 1.3005 0.3530
v 2.5135 1.3617 0.3530
v 2.4797 1.4220 0.3530
v 2.4445 1.4814 0.3530
v 2.4080 1.5399 0.3530
v 2.3701 1.5974 0.3530
v 2.3308 1.6540 0.3530
v 2.2903 1.7095 0.3530
v 2.2485 1.7641 0.3530
v 2.2054 1.8176 0.3530
v 2.1610 1.8700 0.3530
v 2.1154 1.9213 0.3530
v 2.0686 1.9716 0.3530
v 2.0207 2.0207 0.3530
v 1.9716 2.0686 0.3530
v 1.9213 2.1154 0.3530
v 1.8700 2.1610 0.3530
v 1.8176 2.2054 0.3530
v 1.7641 2.2485 0.3530
v 1.7095 2.2903 0.3530
v 1.6540 2.3308 0.3530
v 1.5974 2.3701 0.3530
v 1.5399 2.4080 0.3530
v 1.4814 2.4445 0.3530
v 1.4220 2.4797 0.3530
v 1.3617 2.5135 0.3530
v 1.3005 2.5458 0.3530
v 1.2384 2.5767 0.3530
v 1.1755 2.6061 0.3530
v 1.1118 2.6340 0.3530
v 1.0473 2.6604 0.3530
v 0.9820 2.6853 0.3530
v 0.9160 2.7086 0.3530
v 0.8493 2.7303 0.3530
v 0.7818 2.7504 0.3530
v 0.7137 2.7689 0.3530
v 0.6449 2.7857 0.3530
v 0.5755 2.8008 0.3530
v 0.5054 2.8143 0.3530
v 0.4348 2.8260 0.3530
v 0.3636 2.8360 0.3530
v 0.2919 2.8442 0.3530
v 0.2197 2.8507 0.3530
v 0.1469 2.8553 0.3530
v 0.0737 2.8581 0.3530
v 0.0000 2.8590 0.3530
v -0.0737 2.8581 0.3530
v -0.1469 2.8553 0.3530
v -0.2196 2.8507 0.3530
v -0.2919 2.8442 0.3530
v -0.3636 2.8360 0.3530
v -0.4348 2.8260 0.3530
v -0.5054 2.8143 0.3530
v -0.5755 2.8008 0.3530
v -0.6449 2.7857 0.3530
v -0.7137 2.7689 0.3530
v -0.7818 2.7504 0.3530
v -0.8492 2.7303 0.3530
v -0.9160 2.7086 0.3530
v -0.9820 2.6853 0.3530
v -1.0473 2.6604 0.3530
v -1.1118 2.6340 0.3530
v -1.1755 2.6061 0.3530
v -1.2384 2.5767 0.3530
v -1.3005 2.5458 0.3530
v -1.3617 2.5135 0.3530
v -1.4220 2.4797 0.3530
v -1.4814 2.4445 0.3530
v -1.5399 2.4080 0.3530
v -1.5974 2.3701 0.3530
v -1.6540 2.3308 0.3530
v -1.7095 2.2903 0.3530
v -1.7640 2.2485 0.3530
v -1.8175 2.2054 0.3530
v -1.8700 2.1610 0.3530
v -1.9213 2.1154 0.3530
v -1.9716 2.0686 0.3530
v -2.0207 2.0207 0.3530
v -2.0686 1.9716 0.3530
v -2.1154 1.9213 0.3530
v -2.1610 1.8700 0.3530
v -2.2053 1.8176 0.3530
v -2.2485 1.7641 0.3530
v -2.2903 1.7095 0.3530
v -2.3308 1.6540 0.3530
v -2.3701 1.5974 0.3530
v -2.4080 1.5399 0.3530
v -2.4445 1.4814 0.3530
v -2.4797 1.4220 0.3530
v -2.5134 1.3617 0.3530
v -2.5458 1.3005 0.3530
v -2.5766 1.2384 0.3530
v -2.6061 1.1755 0.3530
v -2.6340 1.1118 0.3530
v -2.6604 1.0473 0.3530
v -2.6852 0.9820 0.3530
v -2.7085 0.9160 0.3530
v -2.7303 0.8493 0.3530
v -2.7504 0.7818 0.3530
v -2.7689 0.7137 0.3530
v -2.7857 0.6449 0.3530
v -2.8008 0.5755 0.3530
v -2.8143 0.5054 0.3530
v -2.8260 0.4348 0.3530
v -2.8360 0.3636 0.3530
v -2.8442 0.2919 0.3530
v -2.8507 0.2197 0.3530
v -2.8553 0.1469 0.3530
v -2.8581 0.0737 0.3530
v -2.8590 0.0000 0.3530
v -2.8581 -0.0737 0.3530
v -2.8553 -0.1469 0.3530
v -2.8507 -0.2196 0.3530
v -2.8442 -0.2919 0.3530
v -2.8360 -0.3636 0.3530
v -2.8260 -0.4348 0.3530
v -2.8143 -0.5054 0.3530
v -2.8008 -0.5755 0.3530
v -2.7857 -0.6449 0.3530
v -2.7689 -0.7137 0.3530
v -2.7504 -0.7818 0.3530
v -2.7303 -0.8492 0.3530
v -2.7085 -0.9160 0.3530
v -2.6852 -0.9820 0.3530
v -2.6604 -1.0473 0.3530
v -2.6340 -1.1118 0.3530
v -2.6061 -1.1755 0.3530
v -2.5766 -1.2384 0.3530
v -2.5458 -1.3005 0.3530
v -2.5134 -1.3617 0.3530
v -2.4797 -1.4220 0.3530
v -2.4445 -1.4814 0.3530
v -2.4080 -1.5399 0.3530
v -2.3701 -1.5974 0.3530
v -2.3308 -1.6540 0.3530
v -2.2903 -1.7095 0.3530
v -2.2485 -1.7640 0.3530
v -2.2053 -1.8175 0.3530
v -2.1610 -1.8700 0.3530
v -2.1154 -1.9213 0.3530
v -2.0686 -1.9716 0.3530
v -2.0207 -2.0207 0.3530
v -1.9716 -2.0686 0.3530
v -1.9213 -2.1154 0.3530
v -1.8700 -2.1610 0.3530
v -1.8175 -2.2053 0.3530
v -1.7640 -2.2485 0.3530
v -1.7095 -2.2903 0.3530
v -1.6540 -2.3308 0.3530
v -1.5974 -2.3701 0.3530
v -1.5399 -2.4080 0.3530
v -1.4814 -2.4445 0.3530
v -1.4220 -2.4797 0.3530
v -1.3617 -2.5134 0.3530
v -1.3005 -2.5458 0.3530
v -1.2384 -2.5766 0.3530
v -1.1755 -2.6061 0.3530
v -1.1118 -2.6340 0.3530
v -1.0473 -2.6604 0.3530
v -0.9820 -2.6852 0.3530
v -0.9160 -2.7085 0.3530
v -0.8492 -2.7303 0.3530
v -0.7818 -2.7504 0.3530
v -0.7137 -2.7689 0.3530
v -0.6449 -2.7857 0.3530
v -0.5755 -2.8008 0.3530
v -0.5054 -2.8143 0.3530
v -0.4348 -2.8260 0.3530
v -0.3636 -2.8360 0.3530
v -0.2919 -2.8442 0.3530
v -0.2196 -2.8507 0.3530
v -0.1469 -2.8553 0.3530
v -0.0737 -2.8581 0.3530
v 0.0000 -2.8590 0.3530
v 0.0737 -2.8581 0.3530
v 0.1469 -2.8553 0.3530
v 0.2197 -2.8507 0.3530
v 0.2919 -2.8442 0.3530
v 0.3636 -2.8360 0.3530
v 0.4348 -2.8260 0.3530
v 0.5054 -2.8143 0.3530
v 0.5755 -2.8008 0.3530
v 0.6449 -2.7857 0.3530
v 0.7137 -2.7689 0.3530
v 0.7818 -2.7504 0.3530
v 0.8493 -2.7303 0.3530
v 0.9160 -2.7085 0.3530
v 0.9820 -2.6852 0.3530
v 1.0473 -2.6604 0.3530
v 1.1118 -2.6340 0.3530
v 1.1755 -2.6061 0.3530
v 1.2384 -2.5766 0.3530
v 1.3005 -2.5458 0.3530
v 1.3617 -2.5134 0.3530
v 1.4220 -2.4797 0.3530
v 1.4814 -2.4445 0.3530
v 1.5399 -2.4080 0.3530
v 1.5974 -2.3701 0.3530
v 1.6540 -2.3308 0.3530
v 1.7095 -2.2903 0.3530
v 1.7641 -2.2485 0.3530
v 1.8176 -2.2053 0.3530
v 1.8700 -2.1610 0.3530
v 1.9213 -2.1154 0.3530
v 1.9716 -2.0686 0.3530
v 2.0207 -2.0207 0.3530
v 2.0686 -1.9716 0.3530
v 2.1154 -1.9213 0.3530
v 2.1610 -1.8700 0.3530
v 2.2054 -1.8175 0.3530
v 2.2485 -1.7640 0.3530
v 2.2903 -1.7095 0.3530
v 2.3308 -1.6540 0.3530
v 2.3701 -1.5974 0.3530
v 2.4080 -1.5399 0.3530
v 2.4445 -1.4814 0.3530
v 2.4797 -1.4220 0.3530
v 2.5135 -1.3617 0.3530
v 2.5458 -1.3005 0.3530
v 2.5767 -1.2384 0.3530
v 2.6061 -1.1755 0.3530
v 2.6340 -1.1118 0.3530
v 2.6604 -1.0473 0.3530
v 2.6853 -0.9820 0.3530
v 2.7086 -0.9160 0.3530
v 2.7303 -0.8492 0.3530
v 2.7504 -0.7818 0.3530
v 2.7689 -0.7137 0.3530
v 2.7857 -0.6449 0.3530
v 2.8008 -0.5755 0.3530
v 2.8143 -0.5054 0.3530
v 2.8260 -0.4348 0.3530
v 2.8360 -0.3636 0.3530
v 2.8442 -0.2919 0.3530
v 2.8507 -0.2196 0.3530
v 2.8553 -0.1469 0.3530
v 2.8586 -0.0368 -0.0000
v 2.8586 0.0368 -0.0000
v 2.8567 0.1103 -0.0000
v 2.8530 0.1833 -0.0000
v 2.8475 0.2558 -0.0000
v 2.8401 0.3278 -0.0000
v 2.8310 0.3992 -0.0000
v 2.8202 0.4701 -0.0000
v 2.8076 0.5405 -0.0000
v 2.7933 0.6102 -0.0000
v 2.7773 0.6793 -0.0000
v 2.7596 0.7477 -0.0000
v 2.7403 0.8155 -0.0000
v 2.7194 0.8826 -0.0000
v 2.6969 0.9490 -0.0000
v 2.6728 1.0147 -0.0000
v 2.6472 1.0796 -0.0000
v 2.6200 1.1437 -0.0000
v 2.5914 1.2070 -0.0000
v 2.5612 1.2694 -0.0000
v 2.5296 1.3311 -0.0000
v 2.4966 1.3918 -0.0000
v 2.4621 1.4517 -0.0000
v 2.4263 1.5106 -0.0000
v 2.3890 1.5686 -0.0000
v 2.3505 1.6257 -0.0000
v 2.3106 1.6817 -0.0000
v 2.2694 1.7368 -0.0000
v 2.2269 1.7908 -0.0000
v 2.1832 1.8438 -0.0000
v 2.1382 1.8957 -0.0000
v 2.0920 1.9465 -0.0000
v 2.0447 1.9961 -0.0000
v 1.9961 2.0447 -0.0000
v 1.9465 2.0920 -0.0000
v 1.8957 2.1382 -0.0000
v 1.8438 2.1832 -0.0000
v 1.7908 2.2269 -0.0000
v 1.7368 2.2694 -0.0000
v 1.6817 2.3106 -0.0000
v 1.6257 2.3505 -0.0000
v 1.5686 2.3890 -0.0000
v 1.5106 2.4263 -0.0000
v 1.4517 2.4621 -0.0000
v 1.3918 2.4966 -0.0000
v 1.3311 2.5296 -0.0000
v 1.2694 2.5612 -0.0000
v 1.2070 2.5914 -0.0000
v 1.1437 2.6200 -0.0000
v 1.0796 2.6472 -0.0000
v 1.0147 2.6728 -0.0000
v 0.9490 2.6969 -0.0000
v 0.8826 2.7194 -0.0000
v 0.8155 2.7403 -0.0000
v 0.7477 2.7596 -0.0000
v 0.6793 2.7773 -0.0000
v 0.6102 2.7933 -0.0000
v 0.5405 2.8076 -0.0000
v 0.4701 2.8202 -0.0000
v 0.3992 2.8310 -0.0000
v 0.3278 2.8401 -0.0000
v 0.2558 2.8475 -0.0000
v 0.1833 2.8530 -0.0000
v 0.1103 2.8567 -0.0000
v 0.0368 2.8586 -0.0000
v -0.0368 2.8586 -0.0000
v -0.1103 2.8567 -0.0000
v -0.1833 2.8530 -0.0000
v -0.2558 2.8475 -0.0000
v -0.3278 2.8401 -0.0000
v -0.3992 2.8310 -0.0000
v -0.4701 2.8202 -0.0000
v -0.5404 2.8076 -0.0000
v -0.6102 2.7933 -0.0000
v -0.6793 2.7773 -0.0000
v -0.7477 2.7596 -0.0000
v -0.8155 2.7403 -0.0000
v -0.8826 2.7194 -0.0000
v -0.9490 2.6969 -0.0000
v -1.0147 2.6728 -0.0000
v -1.0795 2.6472 -0.0000
v -1.1436 2.6200 -0.0000
v -1.2069 2.5914 -0.0000
v -1.2694 2.5612 -0.0000
v -1.3311 2.5296 -0.0000
v -1.3918 2.4966 -0.0000
v -1.4517 2.4621 -0.0000
v -1.5106 2.4263 -0.0000
v -1.5686 2.3890 -0.0000
v -1.6257 2.3505 -0.0000
v -1.6817 2.3106 -0.0000
v -1.7368 2.2694 -0.0000
v -1.7908 2.2269 -0.0000
v -1.8438 2.1832 -0.0000
v -1.8957 2.1382 -0.0000
v -1.9465 2.0920 -0.0000
v -1.9961 2.0447 -0.0000
v -2.0447 1.9961 -0.0000
v -2.0920 1.9465 -0.0000
v -2.1382 1.8957 -0.0000
v -2.1832 1.8438 -0.0000
v -2.2269 1.7908 -0.0000
v -2.2694 1.7368 -0.0000
v -2.3106 1.6817 -0.0000
v -2.3504 1.6257 -0.0000
v -2.3890 1.5686 -0.0000
v -2.4263 1.5106 -0.0000
v -2.4621 1.4517 -0.0000
v -2.4966 1.3918 -0.0000
v -2.5296 1.3311 -0.0000
v -2.5612 1.2694 -0.0000
v -2.5914 1.2070 -0.0000
v -2.6200 1.1437 -0.0000
v -2.6472 1.0796 -0.0000
v -2.6728 1.0147 -0.0000
v -2.6969 0.9490 -0.0000
v -2.7194 0.8826 -0.0000
v -2.7403 0.8155 -0.0000
v -2.7596 0.7477 -0.0000
v -2.7773 0.6793 -0.0000
v -2.7933 0.6102 -0.0000
v -2.8075 0.5405 -0.0000
v -2.8201 0.4701 -0.0000
v -2.8310 0.3992 -0.0000
v -2.8401 0.3278 -0.0000
v -2.8474 0.2558 -0.0000
v -2.8530 0.1833 -0.0000
v -2.8567 0.1103 -0.0000
v -2.8586 0.0368 -0.0000
v -2.8586 -0.0368 -0.0000
v -2.8567 -0.1103 -0.0000
v -2.8530 -0.1833 -0.0000
v -2.8474 -0.2558 -0.0000
v -2.8401 -0.3278 -0.0000
v -2.8310 -0.3992 -0.0000
v -2.8201 -0.4701 -0.0000
v -2.8075 -0.5404 -0.0000
v -2.7933 -0.6102 -0.0000
v -2.7773 -0.6793 -0.0000
v -2.7596 -0.7477 -0.0000
v -2.7403 -0.8155 -0.0000
v -2.7194 -0.8826 -0.0000
v -2.6969 -0.9490 -0.0000
v -2.6728 -1.0147 -0.0000
v -2.6472 -1.0795 -0.0000
v -2.6200 -1.1436 -0.0000
v -2.5914 -1.2069 -0.0000
v -2.5612 -1.2694 -0.0000
v -2.5296 -1.3311 -0.0000
v -2.4966 -1.3918 -0.0000
v -2.4621 -1.4517 -0.0000
v -2.4263 -1.5106 -0.0000
v -2.3890 -1.5686 -0.0000
v -2.3504 -1.6257 -0.0000
v -2.3106 -1.6817 -0.0000
v -2.2694 -1.7368 -0.0000
v -2.2269 -1.7908 -0.0000
v -2.1832 -1.8438 -0.0000
v -2.1382 -1.8957 -0.0000
v -2.0920 -1.9465 -0.0000
v -2.0447 -1.9961 -0.0000
v -1.9961 -2.0447 -0.0000
v -1.9465 -2.0920 -0.0000
v -1.8957 -2.1382 -0.0000
v -1.8438 -2.1832 -0.0000
v -1.7908 -2.2269 -0.0000
v -1.7368 -2.2694 -0.0000
v -1.6817 -2.3106 -0.0000
v -1.6257 -2.3504 -0.0000
v -1.5686 -2.3890 -0.0000
v -1.5106 -2.4263 -0.0000
v -1.4517 -2.4621 -0.0000
v -1.3918 -2.4966 -0.0000
v -1.3311 -2.5296 -0.0000
v -1.2694 -2.5612 -0.0000
v -1.2069 -2.5914 -0.0000
v -1.1436 -2.6200 -0.0000
v -1.0795 -2.6472 -0.0000
v -1.0147 -2.6728 -0.0000
v -0.9490 -2.6969 -0.0000
v -0.8826 -2.7194 -0.0000
v -0.8155 -2.7403 -0.0000
v -0.7477 -2.7596 -0.0000
v -0.6793 -2.7773 -0.0000
v -0.6102 -2.7933 -0.0000
v -0.5404 -2.8075 -0.0000
v -0.4701 -2.8201 -0.0000
v -0.3992 -2.8310 -0.0000
v -0.3278 -2.8401 -0.0000
v -0.2558 -2.8474 -0.0000
v -0.1833 -2.8530 -0.0000
v -0.1103 -2.8567 -0.0000
v -0.0368 -2.8586 -0.0000
v 0.0368 -2.8586 -0.0000
v 0.1103 -2.8567 -0.0000
v 0.1833 -2.8530 -0.0000
v 0.2558 -2.8474 -0.0000
v 0.3278 -2.8401 -0.0000
v 0.3992 -2.8310 -0.0000
v 0.4701 -2.8201 -0.0000
v 0.5405 -2.8075 -0.0000
v 0.6102 -2.7933 -0.0000
v 0.6793 -2.7773 -0.0000
v 0.7477 -2.7596 -0.0000
v 0.8155 -2.7403 -0.0000
v 0.8826 -2.7194 -0.0000
v 0.9490 -2.6969 -0.0000
v 1.0147 -2.6728 -0.0000
v 1.0796 -2.6472 -0.0000
v 1.1437 -2.6200 -0.0000
v 1.2070 -2.5914 -0.0000
v 1.2694 -2.5612 -0.0000
v 1.3311 -2.5296 -0.0000
v 1.3918 -2.4966 -0.0000
v 1.4517 -2.4621 -0.0000
v 1.5106 -2.4263 -0.0000
v 1.5686 -2.3890 -0.0000
v 1.6257 -2.3504 -0.0000
v 1.6817 -2.3106 -0.0000
v 1.7368 -2.2694 -0.0000
v 1.7908 -2.2269 -0.0000
v 1.8438 -2.1832 -0.0000
v 1.8957 -2.1382 -0.0000
v 1.9465 -2.0920 -0.0000
v 1.9961 -2.0447 -0.0000
v 2.0447 -1.9961 -0.0000
v 2.0920 -1.9465 -0.0000
v 2.1382 -1.8957 -0.0000
v 2.1832 -1.8438 -0.0000
v 2.2269 -1.7908 -0.0000
v 2.2694 -1.7368 -0.0000
v 2.3106 -1.6817 -0.0000
v 2.3505 -1.6257 -0.0000
v 2.3890 -1.5686 -0.0000
v 2.4263 -1.5106 -0.0000
v 2.4621 -1.4517 -0.0000
v 2.4966 -1.3918 -0.0000
v 2.5296 -1.3311 -0.0000
v 2.5612 -1.2694 -0.0000
v 2.5914 -1.2069 -0.0000
v 2.6200 -1.1436 -0.0000
v 2.6472 -1.0795 -0.0000
v 2.6728 -1.0147 -0.0000
v 2.6969 -0.9490 -0.0000
v 2.7194 -0.8826 -0.0000
v 2.7403 -0.8155 -0.0000
v 2.7596 -0.7477 -0.0000
v 2.7773 -0.6793 -0.0000
v 2.7933 -0.6102 -0.0000
v 2.8076 -0.5404 -0.0000
v 2.8202 -0.4701 -0.0000
v 2.8310 -0.3992 -0.0000
v 2.8401 -0.3278 -0.0000
v 2.8475 -0.2558 -0.0000
v 2.8530 -0.1833 -0.0000
v 2.8567 -0.1103 -0.0000
f 4248 3436 4247
f 3436 3437 4247
f 4249 3435 4248
f 3432 4251 4252
f 4251 3433 4250
f 4250 3434 4249
f 4253 3431 4252
f 4244 3440 4243
f 4243 3441 4242
f 4244 4245 3439
f 4246 3437 3438
f 3437 4246 4247
f 3439 4245 3438
f 3438 4245 4246
f 3439 3440 4244
f 4253 4254 3430
f 3427 3428 4256
f 3428 4255 4256
f 3427 4256 4257
f 3423 4259 4260
f 4257 4258 3426
f 4259 3424 4258
f 4260 4261 3422
f 4255 3428 3429
f 3434 4250 3433
f 3436 4248 3435
f 3435 4249 3434
f 3430 4254 3429
f 3432 4252 3431
f 3431 4253 3430
f 4251 3432 3433
f 3429 4254 4255
f 4235 3448 4234
f 4233 4234 3449
f 4235 4236 3448
f 3445 4238 4239
f 4237 4238 3446
f 4236 4237 3447
f 4240 3444 4239
f 3455 4227 4228
f 3455 3456 4227
f 4229 3454 4228
f 3451 4231 4232
f 4229 4230 3453
f 4231 3452 4230
f 3450 4232 4233
f 4227 3456 4226
f 4240 4241 3443
f 3444 3445 4239
f 3446 3447 4237
f 3445 3446 4238
f 3442 4242 3441
f 3442 3443 4241
f 3442 4241 4242
f 3444 4240 3443
f 3452 3453 4230
f 3454 3455 4228
f 3453 3454 4229
f 3448 3449 4234
f 3450 3451 4232
f 3449 3450 4233
f 3452 4231 3451
f 3447 3448 4236
f 4243 3440 3441
f 4278 3405 4277
f 4276 4277 3406
f 4278 4279 3404
f 4282 3402 4281
f 4280 4281 3402
f 4280 3403 4279
f 3407 4275 4276
f 3412 4270 4271
f 4270 3413 4269
f 4272 3411 4271
f 3408 4274 4275
f 3409 4273 4274
f 4273 3410 4272
f 3414 4268 4269
f 4283 3401 4282
f 4286 3398 4285
f 4285 3399 4284
f 3397 4286 4287
f 3394 4289 4290
f 4287 4288 3396
f 4289 3395 4288
f 4290 3392 3393
f 4290 3393 3394
f 3398 3399 4285
f 3401 4283 3400
f 3399 3400 4284
f 3394 3395 4289
f 3396 3397 4287
f 3395 3396 4288
f 3398 4286 3397
f 3400 4283 4284
f 3401 3402 4282
f 4263 4264 3419
f 4263 3420 4262
f 3418 4264 4265
f 3417 4265 4266
f 3419 4264 3418
f 4266 4267 3416
f 3417 3418 4265
f 3420 4263 3419
f 3425 4258 3424
f 3427 4257 3426
f 3426 4258 3425
f 3420 3421 4262
f 3423 4260 3422
f 3422 4261 3421
f 4259 3423 3424
f 4262 3421 4261
f 3408 4275 3407
f 3410 4273 3409
f 3409 4274 3408
f 3404 4279 3403
f 3406 4277 3405
f 3405 4278 3404
f 4276 3406 3407
f 3415 4267 4268
f 3416 3417 4266
f 3415 3416 4267
f 3412 4271 3411
f 3414 4269 3413
f 3413 4270 3412
f 4268 3414 3415
f 3411 4272 3410
f 4280 3402 3403
f 4225 3459 4224
f 4224 3460 4223
f 3458 4225 4226
f 4221 4222 3462
f 4223 3461 4222
f 3463 4220 4221
f 4220 3464 4219
f 4226 3456 3457
f 3466 4217 4218
f 3466 4216 4217
f 4218 4219 3465
f 4215 4216 3467
f 3468 4214 4215
f 4213 4214 3469
f 3470 4212 4213
f 3458 4226 3457
f 3458 3459 4225
f 3460 3461 4223
f 3459 3460 4224
f 3462 3463 4221
f 3464 3465 4219
f 3463 3464 4220
f 3461 3462 4222
f 3466 3467 4216
f 3468 3469 4214
f 3467 3468 4215
f 3470 3471 4212
f 4211 3471 3472
f 4212 3471 4211
f 3469 3470 4213
f 3465 3466 4218
f 4210 3472 3473
f 4210 3473 4209
f 3474 4208 4209
f 4210 4211 3472
f 3475 4207 4208
f 3476 4206 4207
f 4206 3477 4205
f 3475 4208 3474
f 3474 4209 3473
f 4204 4205 3478
f 4203 4204 3479
f 3480 4202 4203
f 4202 3481 4201
f 4201 3482 4200
f 3483 4199 4200
f 4199 3484 4198
f 3475 3476 4207
f 3478 4205 3477
f 3480 4203 3479
f 3479 4204 3478
f 3482 4201 3481
f 3484 4199 3483
f 3483 4200 3482
f 3481 4202 3480
f 3487 4195 4196
f 4195 3488 4194
f 4197 3486 4196
f 4194 3490 4193
f 3491 4192 4193
f 3486 4197 3485
f 4197 4198 3485
f 3484 3485 4198
f 3477 4206 3476
f 3488 4195 3487
f 3490 4194 3489
f 3489 4194 3488
f 3492 4192 3491
f 3492 3493 4191
f 3492 4191 4192
f 3491 4193 3490
f 3494 4189 4190
f 3495 4188 4189
f 4191 3493 4190
f 4188 3496 4187
f 3497 4186 4187
f 3496 4188 3495
f 3495 4189 3494
f 3493 3494 4190
f 3487 4196 3486
f 3496 3497 4187
f 4186 3498 4185
f 3497 3498 4186
f 4184 3499 3500
f 4182 3501 3502
f 4183 3500 3501
f 4185 3498 3499
f 4180 3503 3504
f 4178 3505 3506
f 4179 3504 3505
f 4176 3507 3508
f 4174 3509 3510
f 4175 3508 3509
f 4177 3506 3507
f 4181 3502 3503
f 4173 3510 3511
f 4182 3502 4181
f 4181 3503 4180
f 3501 4182 4183
f 3505 4178 4179
f 3506 4177 4178
f 3504 4179 4180
f 4183 4184 3500
f 4175 3509 4174
f 4174 3510 4173
f 4175 4176 3508
f 4173 3511 4172
f 4171 4172 3512
f 4171 3512 4170
f 4176 4177 3507
f 4185 3499 4184
f 3513 4169 4170
f 3514 3515 4168
f 3513 3514 4169
f 3516 3517 4166
f 3518 3519 4164
f 3517 3518 4165
f 3515 3516 4167
f 4168 3515 4167
f 4166 4167 3516
f 4168 4169 3514
f 3518 4164 4165
f 4165 4166 3517
f 4164 3519 4163
f 3520 4162 4163
f 4163 3519 3520
f 3513 4170 3512
f 3511 3512 4172
f 3392 4291 3391
f 4293 3390 4292
f 4291 4292 3391
f 4291 3392 4290
f 4294 4295 3388
f 4295 4296 3387
f 4293 4294 3389
f 3386 4296 4297
f 3390 3391 4292
f 3388 3389 4294
f 3390 4293 3389
f 3386 3387 4296
f 4298 3384 3385
f 3386 4297 3385
f 3388 4295 3387
f 3385 4297 4298
f 4300 3384 4299
f 4300 3383 3384
f 4300 4301 3383
f 4302 4303 3381
f 4304 3380 4303
f 3382 4301 4302
f 3379 4304 4305
f 4306 4307 3377
f 4308 3376 4307
f 4308 4309 3375
f 4311 3373 4310
f 3372 4311 4312
f 4309 4310 3374
f 4305 4306 3378
f 3384 4298 4299
f 3371 4312 4313
f 3383 4301 3382
f 3381 4303 3380
f 4302 3381 3382
f 3379 4305 3378
f 3377 4307 3376
f 4306 3377 3378
f 4304 3379 3380
f 3375 4309 3374
f 3373 4311 3372
f 4310 3373 3374
f 3371 4313 3370
f 3368 3369 4315
f 3370 4314 3369
f 4312 3371 3372
f 4308 3375 3376
f 4316 3368 4315
f 4317 3366 3367
f 3368 4316 3367
f 4315 3369 4314
f 4317 4318 3366
f 4318 3365 3366
f 3367 4316 4317
f 3365 4318 4319
f 3364 3365 4319
f 4321 3362 3363
f 3363 3364 4320
f 4322 3360 3361
f 4324 3358 3359
f 3359 3360 4323
f 3361 3362 4322
f 4319 4320 3364
f 4313 4314 3370
f 4322 3362 4321
f 3357 4326 3356
f 4322 4323 3360
f 4321 3363 4320
f 3358 4324 4325
f 3357 3358 4325
f 3359 4323 4324
f 3355 3356 4327
f 4328 3354 3355
f 4330 3352 3353
f 3353 3354 4329
f 4332 3350 3351
f 4334 3348 3349
f 3349 3350 4333
f 3351 3352 4331
f 4325 4326 3357
f 3355 4327 4328
f 4328 4329 3354
f 4330 3353 4329
f 4331 4332 3351
f 4333 3350 4332
f 4331 3352 4330
f 4334 3349 4333
f 4335 3347 3348
f 4336 3346 3347
f 3347 4335 4336
f 3348 4334 4335
f 4337 3345 3346
f 4337 4338 3345
f 4337 3346 4336
f 3344 4338 4339
f 4327 3356 4326
f 3345 4338 3344
f 3342 3343 4340
f 4339 3343 3344
f 3340 3341 4342
f 3338 3339 4344
f 3340 4343 3339
f 3342 4341 3341
f 3336 3337 4347
f 3334 3335 4349
f 3336 4348 3335
f 3332 3333 4351
f 3330 3331 4097
f 3332 4352 3331
f 3334 4350 3333
f 3338 4346 3337
f 3341 4341 4342
f 4342 4343 3340
f 4344 3339 4343
f 3338 4345 4346
f 4346 4347 3337
f 3338 4344 4345
f 4347 4348 3336
f 4350 3334 4349
f 4351 4352 3332
f 3333 4350 4351
f 3335 4348 4349
f 4098 3330 4097
f 3329 3330 4098
f 4352 4097 3331
f 3329 4098 3584
f 4341 3342 4340
f 4340 3343 4339
f 4142 3540 3541
f 4144 3538 3539
f 3539 3540 4143
f 3544 3545 4138
f 4140 3542 3543
f 3544 4139 3543
f 4141 3541 3542
f 4150 3532 3533
f 4152 3530 3531
f 3531 3532 4151
f 4146 3536 3537
f 4148 3534 3535
f 3535 3536 4147
f 4149 3533 3534
f 3537 3538 4145
f 4133 3549 3550
f 3548 3549 4134
f 3549 4133 4134
f 4130 3553 3554
f 4131 3551 3552
f 3552 3553 4130
f 4132 3550 3551
f 3545 4137 4138
f 4139 3544 4138
f 3546 3547 4136
f 3545 3546 4137
f 4136 3547 4135
f 4137 3546 4136
f 3547 3548 4135
f 3548 4134 4135
f 3554 3555 4129
f 4140 3543 4139
f 3524 3525 4159
f 3522 3523 4161
f 3524 4160 3523
f 4156 3528 4155
f 3526 3527 4157
f 3528 4156 3527
f 3525 3526 4158
f 4161 4162 3522
f 3523 4160 4161
f 4162 3521 3522
f 3521 4162 3520
f 4159 3525 4158
f 3524 4159 4160
f 4157 4158 3526
f 3527 4156 4157
f 3528 3529 4155
f 4147 3536 4146
f 3535 4147 4148
f 3537 4145 4146
f 3539 4143 4144
f 3538 4144 4145
f 3540 4142 4143
f 4148 4149 3534
f 4154 3530 4153
f 4154 3529 3530
f 4154 4155 3529
f 4152 3531 4151
f 3530 4152 4153
f 4151 3532 4150
f 3533 4149 4150
f 3541 4141 4142
f 3542 4140 4141
f 3578 3579 4104
f 3576 3577 4106
f 3578 4105 3577
f 3582 3583 4100
f 3580 3581 4102
f 3582 4101 3581
f 3579 3580 4103
f 3570 3571 4113
f 4115 3568 3569
f 3569 3570 4114
f 3574 3575 4109
f 3572 3573 4111
f 3574 4110 3573
f 3571 3572 4112
f 3576 4108 3575
f 4103 4104 3579
f 3580 4102 4103
f 4105 3578 4104
f 4105 4106 3577
f 3582 4100 4101
f 3581 4101 4102
f 3583 4099 4100
f 3584 4098 4099
f 4111 3573 4110
f 4112 3572 4111
f 4113 3571 4112
f 4108 4109 3575
f 3574 4109 4110
f 4108 3576 4107
f 3576 4106 4107
f 3583 3584 4099
f 4113 4114 3570
f 4125 3558 3559
f 4127 3557 4126
f 3557 3558 4126
f 4121 3562 3563
f 4123 3560 3561
f 3561 3562 4122
f 4124 3559 3560
f 4131 4132 3551
f 3552 4130 4131
f 4133 3550 4132
f 3555 3556 4128
f 4129 3555 4128
f 3554 4129 4130
f 3556 4127 4128
f 3556 3557 4127
f 3563 3564 4120
f 4118 3566 4117
f 3565 4118 4119
f 4118 3565 3566
f 3566 3567 4117
f 4116 3567 3568
f 4117 3567 4116
f 4115 4116 3568
f 3569 4114 4115
f 4124 3560 4123
f 4125 3559 4124
f 4126 3558 4125
f 4121 3563 4120
f 3562 4121 4122
f 4123 3561 4122
f 3564 4119 4120
f 4119 3564 3565
f 3180 3992 3991
f 3181 3180 3991
f 3179 3993 3992
f 3995 3176 3996
f 3177 3995 3994
f 3178 3994 3993
f 3175 3997 3996
f 3184 3988 3987
f 3185 3987 3986
f 3989 3988 3183
f 3181 3990 3182
f 3990 3181 3991
f 3989 3183 3182
f 3989 3182 3990
f 3184 3183 3988
f 3998 3997 3174
f 3172 3171 4000
f 3999 3172 4000
f 4000 3171 4001
f 4003 3167 4004
f 4002 4001 3170
f 3168 4003 4002
f 4005 4004 3166
f 3172 3999 3173
f 3994 3178 3177
f 3992 3180 3179
f 3993 3179 3178
f 3998 3174 3173
f 3996 3176 3175
f 3997 3175 3174
f 3176 3995 3177
f 3998 3173 3999
f 3192 3979 3978
f 3978 3977 3193
f 3980 3979 3192
f 3982 3189 3983
f 3982 3981 3190
f 3981 3980 3191
f 3188 3984 3983
f 3971 3199 3972
f 3200 3199 3971
f 3198 3973 3972
f 3975 3195 3976
f 3974 3973 3197
f 3196 3975 3974
f 3976 3194 3977
f 3200 3971 3970
f 3985 3984 3187
f 3189 3188 3983
f 3191 3190 3981
f 3190 3189 3982
f 3986 3186 3185
f 3187 3186 3985
f 3985 3186 3986
f 3984 3188 3187
f 3197 3196 3974
f 3199 3198 3972
f 3198 3197 3973
f 3193 3192 3978
f 3195 3194 3976
f 3194 3193 3977
f 3975 3196 3195
f 3192 3191 3980
f 3184 3987 3185
f 3149 4022 4021
f 4021 4020 3150
f 4023 4022 3148
f 3146 4026 4025
f 4025 4024 3146
f 3147 4024 4023
f 4019 3151 4020
f 4014 3156 4015
f 3157 4014 4013
f 3155 4016 4015
f 4018 3152 4019
f 4017 3153 4018
f 3154 4017 4016
f 4012 3158 4013
f 3145 4027 4026
f 3142 4030 4029
f 3143 4029 4028
f 4030 3141 4031
f 4033 3138 4034
f 4032 4031 3140
f 3139 4033 4032
f 3136 4034 3137
f 3137 4034 3138
f 3143 3142 4029
f 4027 3145 3144
f 3144 3143 4028
f 3139 3138 4033
f 3141 3140 4031
f 3140 3139 4032
f 4030 3142 3141
f 4027 3144 4028
f 3146 3145 4026
f 4008 4007 3163
f 3164 4007 4006
f 4008 3162 4009
f 4009 3161 4010
f 4008 3163 3162
f 4011 4010 3160
f 3162 3161 4009
f 4007 3164 3163
f 4002 3169 3168
f 4001 3171 3170
f 4002 3170 3169
f 3165 3164 4006
f 4004 3167 3166
f 4005 3166 3165
f 3167 4003 3168
f 3165 4006 4005
f 4019 3152 3151
f 4017 3154 3153
f 4018 3153 3152
f 4023 3148 3147
f 4021 3150 3149
f 4022 3149 3148
f 3150 4020 3151
f 4011 3159 4012
f 3161 3160 4010
f 3160 3159 4011
f 4015 3156 3155
f 4013 3158 3157
f 4014 3157 3156
f 3158 4012 3159
f 4016 3155 3154
f 3146 4024 3147
f 3203 3969 3968
f 3204 3968 3967
f 3969 3202 3970
f 3966 3965 3206
f 3205 3967 3966
f 3964 3207 3965
f 3208 3964 3963
f 3200 3970 3201
f 3961 3210 3962
f 3960 3210 3961
f 3963 3962 3209
f 3960 3959 3211
f 3958 3212 3959
f 3958 3957 3213
f 3956 3214 3957
f 3970 3202 3201
f 3203 3202 3969
f 3205 3204 3967
f 3204 3203 3968
f 3207 3206 3965
f 3209 3208 3963
f 3208 3207 3964
f 3206 3205 3966
f 3211 3210 3960
f 3213 3212 3958
f 3212 3211 3959
f 3215 3214 3956
f 3215 3955 3216
f 3215 3956 3955
f 3214 3213 3957
f 3210 3209 3962
f 3216 3954 3217
f 3217 3954 3953
f 3952 3218 3953
f 3955 3954 3216
f 3951 3219 3952
f 3950 3220 3951
f 3221 3950 3949
f 3952 3219 3218
f 3953 3218 3217
f 3949 3948 3222
f 3948 3947 3223
f 3946 3224 3947
f 3225 3946 3945
f 3226 3945 3944
f 3943 3227 3944
f 3228 3943 3942
f 3220 3219 3951
f 3949 3222 3221
f 3947 3224 3223
f 3948 3223 3222
f 3945 3226 3225
f 3943 3228 3227
f 3944 3227 3226
f 3946 3225 3224
f 3939 3231 3940
f 3232 3939 3938
f 3230 3941 3940
f 3234 3938 3937
f 3936 3235 3937
f 3941 3230 3229
f 3942 3941 3229
f 3229 3228 3942
f 3950 3221 3220
f 3939 3232 3231
f 3938 3234 3233
f 3938 3233 3232
f 3936 3236 3235
f 3237 3236 3935
f 3935 3236 3936
f 3937 3235 3234
f 3933 3238 3934
f 3932 3239 3933
f 3237 3935 3934
f 3240 3932 3931
f 3930 3241 3931
f 3932 3240 3239
f 3933 3239 3238
f 3238 3237 3934
f 3940 3231 3230
f 3241 3240 3931
f 3242 3930 3929
f 3242 3241 3930
f 3243 3928 3244
f 3245 3926 3246
f 3244 3927 3245
f 3242 3929 3243
f 3247 3924 3248
f 3249 3922 3250
f 3248 3923 3249
f 3251 3920 3252
f 3253 3918 3254
f 3252 3919 3253
f 3250 3921 3251
f 3246 3925 3247
f 3254 3917 3255
f 3246 3926 3925
f 3247 3925 3924
f 3926 3245 3927
f 3922 3249 3923
f 3921 3250 3922
f 3923 3248 3924
f 3928 3927 3244
f 3253 3919 3918
f 3254 3918 3917
f 3920 3919 3252
f 3255 3917 3916
f 3916 3915 3256
f 3256 3915 3914
f 3921 3920 3251
f 3243 3929 3928
f 3913 3257 3914
f 3259 3258 3912
f 3258 3257 3913
f 3261 3260 3910
f 3263 3262 3908
f 3262 3261 3909
f 3260 3259 3911
f 3259 3912 3911
f 3911 3910 3260
f 3913 3912 3258
f 3908 3262 3909
f 3910 3909 3261
f 3263 3908 3907
f 3906 3264 3907
f 3263 3907 3264
f 3914 3257 3256
f 3256 3255 3916
f 4035 3136 3135
f 3134 4037 4036
f 4036 4035 3135
f 3136 4035 4034
f 4039 4038 3132
f 4040 4039 3131
f 4038 4037 3133
f 4040 3130 4041
f 3135 3134 4036
f 3133 3132 4038
f 4037 3134 3133
f 3131 3130 4040
f 3128 4042 3129
f 4041 3130 3129
f 4039 3132 3131
f 4041 3129 4042
f 3128 4044 4043
f 3127 4044 3128
f 4045 4044 3127
f 4047 4046 3125
f 3124 4048 4047
f 4045 3126 4046
f 4048 3123 4049
f 4051 4050 3121
f 3120 4052 4051
f 4053 4052 3119
f 3117 4055 4054
f 4055 3116 4056
f 4054 4053 3118
f 4050 4049 3122
f 4042 3128 4043
f 4056 3115 4057
f 4045 3127 3126
f 4047 3125 3124
f 3125 4046 3126
f 4049 3123 3122
f 4051 3121 3120
f 3121 4050 3122
f 3123 4048 3124
f 4053 3119 3118
f 4055 3117 3116
f 3117 4054 3118
f 4057 3115 3114
f 3113 3112 4059
f 4058 3114 3113
f 3115 4056 3116
f 3119 4052 3120
f 3112 4060 4059
f 3110 4061 3111
f 4060 3112 3111
f 3113 4059 4058
f 4062 4061 3110
f 3109 4062 3110
f 4060 3111 4061
f 4062 3109 4063
f 3109 3108 4063
f 3106 4065 3107
f 3108 3107 4064
f 3104 4066 3105
f 3102 4068 3103
f 3104 3103 4067
f 3106 3105 4066
f 4064 4063 3108
f 4058 4057 3114
f 3106 4066 4065
f 4070 3101 3100
f 4067 4066 3104
f 3107 4065 4064
f 4068 3102 4069
f 3102 3101 4069
f 4067 3103 4068
f 3100 3099 4071
f 3098 4072 3099
f 3096 4074 3097
f 3098 3097 4073
f 3094 4076 3095
f 3092 4078 3093
f 3094 3093 4077
f 3096 3095 4075
f 4070 4069 3101
f 4071 3099 4072
f 4073 4072 3098
f 3097 4074 4073
f 4076 4075 3095
f 3094 4077 4076
f 3096 4075 4074
f 3093 4078 4077
f 3091 4079 3092
f 3090 4080 3091
f 4079 3091 4080
f 4078 3092 4079
f 3089 4081 3090
f 4082 4081 3089
f 3090 4081 4080
f 4082 3088 4083
f 3100 4071 4070
f 4082 3089 3088
f 3087 3086 4084
f 3087 4083 3088
f 3085 3084 4086
f 3083 3082 4088
f 4087 3084 3083
f 4085 3086 3085
f 3081 3080 4091
f 3079 3078 4093
f 4092 3080 3079
f 3077 3076 4095
f 3075 3074 3841
f 4096 3076 3075
f 4094 3078 3077
f 4090 3082 3081
f 4085 3085 4086
f 4087 4086 3084
f 3083 4088 4087
f 4089 3082 4090
f 4091 4090 3081
f 4088 3082 4089
f 4092 4091 3080
f 3078 4094 4093
f 4096 4095 3076
f 4094 3077 4095
f 4092 3079 4093
f 3074 3842 3841
f 3074 3073 3842
f 3841 4096 3075
f 3842 3073 3328
f 3086 4085 4084
f 3087 4084 4083
f 3284 3886 3285
f 3282 3888 3283
f 3284 3283 3887
f 3289 3288 3882
f 3286 3884 3287
f 3883 3288 3287
f 3285 3885 3286
f 3276 3894 3277
f 3274 3896 3275
f 3276 3275 3895
f 3280 3890 3281
f 3278 3892 3279
f 3280 3279 3891
f 3277 3893 3278
f 3282 3281 3889
f 3293 3877 3294
f 3293 3292 3878
f 3877 3293 3878
f 3297 3874 3298
f 3295 3875 3296
f 3297 3296 3874
f 3294 3876 3295
f 3881 3289 3882
f 3288 3883 3882
f 3291 3290 3880
f 3290 3289 3881
f 3291 3880 3879
f 3290 3881 3880
f 3292 3291 3879
f 3878 3292 3879
f 3299 3298 3873
f 3287 3884 3883
f 3269 3268 3903
f 3267 3266 3905
f 3904 3268 3267
f 3272 3900 3899
f 3271 3270 3901
f 3900 3272 3271
f 3270 3269 3902
f 3906 3905 3266
f 3904 3267 3905
f 3265 3906 3266
f 3906 3265 3264
f 3269 3903 3902
f 3903 3268 3904
f 3902 3901 3270
f 3900 3271 3901
f 3273 3272 3899
f 3280 3891 3890
f 3891 3279 3892
f 3889 3281 3890
f 3887 3283 3888
f 3888 3282 3889
f 3886 3284 3887
f 3893 3892 3278
f 3274 3898 3897
f 3273 3898 3274
f 3899 3898 3273
f 3275 3896 3895
f 3896 3274 3897
f 3276 3895 3894
f 3893 3277 3894
f 3885 3285 3886
f 3884 3286 3885
f 3323 3322 3848
f 3321 3320 3850
f 3849 3322 3321
f 3327 3326 3844
f 3325 3324 3846
f 3845 3326 3325
f 3324 3323 3847
f 3315 3314 3857
f 3312 3859 3313
f 3314 3313 3858
f 3319 3318 3853
f 3317 3316 3855
f 3854 3318 3317
f 3316 3315 3856
f 3852 3320 3319
f 3848 3847 3323
f 3846 3324 3847
f 3322 3849 3848
f 3850 3849 3321
f 3844 3326 3845
f 3845 3325 3846
f 3843 3327 3844
f 3842 3328 3843
f 3317 3855 3854
f 3316 3856 3855
f 3315 3857 3856
f 3853 3852 3319
f 3853 3318 3854
f 3320 3852 3851
f 3850 3320 3851
f 3328 3327 3843
f 3858 3857 3314
f 3302 3869 3303
f 3301 3871 3870
f 3302 3301 3870
f 3306 3865 3307
f 3304 3867 3305
f 3306 3305 3866
f 3303 3868 3304
f 3876 3875 3295
f 3874 3296 3875
f 3294 3877 3876
f 3300 3299 3872
f 3299 3873 3872
f 3873 3298 3874
f 3871 3300 3872
f 3301 3300 3871
f 3308 3307 3864
f 3310 3862 3861
f 3862 3309 3863
f 3309 3862 3310
f 3311 3310 3861
f 3311 3860 3312
f 3311 3861 3860
f 3860 3859 3312
f 3858 3313 3859
f 3304 3868 3867
f 3303 3869 3868
f 3302 3870 3869
f 3307 3865 3864
f 3865 3306 3866
f 3305 3867 3866
f 3863 3308 3864
f 3308 3863 3309
f 3585 3073 3074
f 3585 3074 3330
f 3585 3330 3329
f 3585 3329 3073
f 3586 3074 3075
f 3586 3075 3331
f 3586 3331 3330
f 3586 3330 3074
f 3587 3075 3076
f 3587 3076 3332
f 3587 3332 3331
f 3587 3331 3075
f 3588 3076 3077
f 3588 3077 3333
f 3588 3333 3332
f 3588 3332 3076
f 3589 3077 3078
f 3589 3078 3334
f 3589 3334 3333
f 3589 3333 3077
f 3590 3078 3079
f 3590 3079 3335
f 3590 3335 3334
f 3590 3334 3078
f 3591 3079 3080
f 3591 3080 3336
f 3591 3336 3335
f 3591 3335 3079
f 3592 3080 3081
f 3592 3081 3337
f 3592 3337 3336
f 3592 3336 3080
f 3593 3081 3082
f 3593 3082 3338
f 3593 3338 3337
f 3593 3337 3081
f 3594 3082 3083
f 3594 3083 3339
f 3594 3339 3338
f 3594 3338 3082
f 3595 3083 3084
f 3595 3084 3340
f 3595 3340 3339
f 3595 3339 3083
f 3596 3084 3085
f 3596 3085 3341
f 3596 3341 3340
f 3596 3340 3084
f 3597 3085 3086
f 3597 3086 3342
f 3597 3342 3341
f 3597 3341 3085
f 3598 3086 3087
f 3598 3087 3343
f 3598 3343 3342
f 3598 3342 3086
f 3599 3087 3088
f 3599 3088 3344
f 3599 3344 3343
f 3599 3343 3087
f 3600 3088 3089
f 3600 3089 3345
f 3600 3345 3344
f 3600 3344 3088
f 3601 3089 3090
f 3601 3090 3346
f 3601 3346 3345
f 3601 3345 3089
f 3602 3090 3091
f 3602 3091 3347
f 3602 3347 3346
f 3602 3346 3090
f 3603 3091 3092
f 3603 3092 3348
f 3603 3348 3347
f 3603 3347 3091
f 3604 3092 3093
f 3604 3093 3349
f 3604 3349 3348
f 3604 3348 3092
f 3605 3093 3094
f 3605 3094 3350
f 3605 3350 3349
f 3605 3349 3093
f 3606 3094 3095
f 3606 3095 3351
f 3606 3351 3350
f 3606 3350 3094
f 3607 3095 3096
f 3607 3096 3352
f 3607 3352 3351
f 3607 3351 3095
f 3608 3096 3097
f 3608 3097 3353
f 3608 3353 3352
f 3608 3352 3096
f 3609 3097 3098
f 3609 3098 3354
f 3609 3354 3353
f 3609 3353 3097
f 3610 3098 3099
f 3610 3099 3355
f 3610 3355 3354
f 3610 3354 3098
f 3611 3099 3100
f 3611 3100 3356
f 3611 3356 3355
f 3611 3355 3099
f 3612 3100 3101
f 3612 3101 3357
f 3612 3357 3356
f 3612 3356 3100
f 3613 3101 3102
f 3613 3102 3358
f 3613 3358 3357
f 3613 3357 3101
f 3614 3102 3103
f 3614 3103 3359
f 3614 3359 3358
f 3614 3358 3102
f 3615 3103 3104
f 3615 3104 3360
f 3615 3360 3359
f 3615 3359 3103
f 3616 3104 3105
f 3616 3105 3361
f 3616 3361 3360
f 3616 3360 3104
f 3617 3105 3106
f 3617 3106 3362
f 3617 3362 3361
f 3617 3361 3105
f 3618 3106 3107
f 3618 3107 3363
f 3618 3363 3362
f 3618 3362 3106
f 3619 3107 3108
f 3619 3108 3364
f 3619 3364 3363
f 3619 3363 3107
f 3620 3108 3109
f 3620 3109 3365
f 3620 3365 3364
f 3620 3364 3108
f 3621 3109 3110
f 3621 3110 3366
f 3621 3366 3365
f 3621 3365 3109
f 3622 3110 3111
f 3622 3111 3367
f 3622 3367 3366
f 3622 3366 3110
f 3623 3111 3112
f 3623 3112 3368
f 3623 3368 3367
f 3623 3367 3111
f 3624 3112 3113
f 3624 3113 3369
f 3624 3369 3368
f 3624 3368 3112
f 3625 3113 3114
f 3625 3114 3370
f 3625 3370 3369
f 3625 3369 3113
f 3626 3114 3115
f 3626 3115 3371
f 3626 3371 3370
f 3626 3370 3114
f 3627 3115 3116
f 3627 3116 3372
f 3627 3372 3371
f 3627 3371 3115
f 3628 3116 3117
f 3628 3117 3373
f 3628 3373 3372
f 3628 3372 3116
f 3629 3117 3118
f 3629 3118 3374
f 3629 3374 3373
f 3629 3373 3117
f 3630 3118 3119
f 3630 3119 3375
f 3630 3375 3374
f 3630 3374 3118
f 3631 3119 3120
f 3631 3120 3376
f 3631 3376 3375
f 3631 3375 3119
f 3632 3120 3121
f 3632 3121 3377
f 3632 3377 3376
f 3632 3376 3120
f 3633 3121 3122
f 3633 3122 3378
f 3633 3378 3377
f 3633 3377 3121
f 3634 3122 3123
f 3634 3123 3379
f 3634 3379 3378
f 3634 3378 3122
f 3635 3123 3124
f 3635 3124 3380
f 3635 3380 3379
f 3635 3379 3123
f 3636 3124 3125
f 3636 3125 3381
f 3636 3381 3380
f 3636 3380 3124
f 3637 3125 3126
f 3637 3126 3382
f 3637 3382 3381
f 3637 3381 3125
f 3638 3126 3127
f 3638 3127 3383
f 3638 3383 3382
f 3638 3382 3126
f 3639 3127 3128
f 3639 3128 3384
f 3639 3384 3383
f 3639 3383 3127
f 3640 3128 3129
f 3640 3129 3385
f 3640 3385 3384
f 3640 3384 3128
f 3641 3129 3130
f 3641 3130 3386
f 3641 3386 3385
f 3641 3385 3129
f 3642 3130 3131
f 3642 3131 3387
f 3642 3387 3386
f 3642 3386 3130
f 3643 3131 3132
f 3643 3132 3388
f 3643 3388 3387
f 3643 3387 3131
f 3644 3132 3133
f 3644 3133 3389
f 3644 3389 3388
f 3644 3388 3132
f 3645 3133 3134
f 3645 3134 3390
f 3645 3390 3389
f 3645 3389 3133
f 3646 3134 3135
f 3646 3135 3391
f 3646 3391 3390
f 3646 3390 3134
f 3647 3135 3136
f 3647 3136 3392
f 3647 3392 3391
f 3647 3391 3135
f 3648 3136 3137
f 3648 3137 3393
f 3648 3393 3392
f 3648 3392 3136
f 3649 3137 3138
f 3649 3138 3394
f 3649 3394 3393
f 3649 3393 3137
f 3650 3138 3139
f 3650 3139 3395
f 3650 3395 3394
f 3650 3394 3138
f 3651 3139 3140
f 3651 3140 3396
f 3651 3396 3395
f 3651 3395 3139
f 3652 3140 3141
f 3652 3141 3397
f 3652 3397 3396
f 3652 3396 3140
f 3653 3141 3142
f 3653 3142 3398
f 3653 3398 3397
f 3653 3397 3141
f 3654 3142 3143
f 3654 3143 3399
f 3654 3399 3398
f 3654 3398 3142
f 3655 3143 3144
f 3655 3144 3400
f 3655 3400 3399
f 3655 3399 3143
f 3656 3144 3145
f 3656 3145 3401
f 3656 3401 3400
f 3656 3400 3144
f 3657 3145 3146
f 3657 3146 3402
f 3657 3402 3401
f 3657 3401 3145
f 3658 3146 3147
f 3658 3147 3403
f 3658 3403 3402
f 3658 3402 3146
f 3659 3147 3148
f 3659 3148 3404
f 3659 3404 3403
f 3659 3403 3147
f 3660 3148 3149
f 3660 3149 3405
f 3660 3405 3404
f 3660 3404 3148
f 3661 3149 3150
f 3661 3150 3406
f 3661 3406 3405
f 3661 3405 3149
f 3662 3150 3151
f 3662 3151 3407
f 3662 3407 3406
f 3662 3406 3150
f 3663 3151 3152
f 3663 3152 3408
f 3663 3408 3407
f 3663 3407 3151
f 3664 3152 3153
f 3664 3153 3409
f 3664 3409 3408
f 3664 3408 3152
f 3665 3153 3154
f 3665 3154 3410
f 3665 3410 3409
f 3665 3409 3153
f 3666 3154 3155
f 3666 3155 3411
f 3666 3411 3410
f 3666 3410 3154
f 3667 3155 3156
f 3667 3156 3412
f 3667 3412 3411
f 3667 3411 3155
f 3668 3156 3157
f 3668 3157 3413
f 3668 3413 3412
f 3668 3412 3156
f 3669 3157 3158
f 3669 3158 3414
f 3669 3414 3413
f 3669 3413 3157
f 3670 3158 3159
f 3670 3159 3415
f 3670 3415 3414
f 3670 3414 3158
f 3671 3159 3160
f 3671 3160 3416
f 3671 3416 3415
f 3671 3415 3159
f 3672 3160 3161
f 3672 3161 3417
f 3672 3417 3416
f 3672 3416 3160
f 3673 3161 3162
f 3673 3162 3418
f 3673 3418 3417
f 3673 3417 3161
f 3674 3162 3163
f 3674 3163 3419
f 3674 3419 3418
f 3674 3418 3162
f 3675 3163 3164
f 3675 3164 3420
f 3675 3420 3419
f 3675 3419 3163
f 3676 3164 3165
f 3676 3165 3421
f 3676 3421 3420
f 3676 3420 3164
f 3677 3165 3166
f 3677 3166 3422
f 3677 3422 3421
f 3677 3421 3165
f 3678 3166 3167
f 3678 3167 3423
f 3678 3423 3422
f 3678 3422 3166
f 3679 3167 3168
f 3679 3168 3424
f 3679 3424 3423
f 3679 3423 3167
f 3680 3168 3169
f 3680 3169 3425
f 3680 3425 3424
f 3680 3424 3168
f 3681 3169 3170
f 3681 3170 3426
f 3681 3426 3425
f 3681 3425 3169
f 3682 3170 3171
f 3682 3171 3427
f 3682 3427 3426
f 3682 3426 3170
f 3683 3171 3172
f 3683 3172 3428
f 3683 3428 3427
f 3683 3427 3171
f 3684 3172 3173
f 3684 3173 3429
f 3684 3429 3428
f 3684 3428 3172
f 3685 3173 3174
f 3685 3174 3430
f 3685 3430 3429
f 3685 3429 3173
f 3686 3174 3175
f 3686 3175 3431
f 3686 3431 3430
f 3686 3430 3174
f 3687 3175 3176
f 3687 3176 3432
f 3687 3432 3431
f 3687 3431 3175
f 3688 3176 3177
f 3688 3177 3433
f 3688 3433 3432
f 3688 3432 3176
f 3689 3177 3178
f 3689 3178 3434
f 3689 3434 3433
f 3689 3433 3177
f 3690 3178 3179
f 3690 3179 3435
f 3690 3435 3434
f 3690 3434 3178
f 3691 3179 3180
f 3691 3180 3436
f 3691 3436 3435
f 3691 3435 3179
f 3692 3180 3181
f 3692 3181 3437
f 3692 3437 3436
f 3692 3436 3180
f 3693 3181 3182
f 3693 3182 3438
f 3693 3438 3437
f 3693 3437 3181
f 3694 3182 3183
f 3694 3183 3439
f 3694 3439 3438
f 3694 3438 3182
f 3695 3183 3184
f 3695 3184 3440
f 3695 3440 3439
f 3695 3439 3183
f 3696 3184 3185
f 3696 3185 3441
f 3696 3441 3440
f 3696 3440 3184
f 3697 3185 3186
f 3697 3186 3442
f 3697 3442 3441
f 3697 3441 3185
f 3698 3186 3187
f 3698 3187 3443
f 3698 3443 3442
f 3698 3442 3186
f 3699 3187 3188
f 3699 3188 3444
f 3699 3444 3443
f 3699 3443 3187
f 3700 3188 3189
f 3700 3189 3445
f 3700 3445 3444
f 3700 3444 3188
f 3701 3189 3190
f 3701 3190 3446
f 3701 3446 3445
f 3701 3445 3189
f 3702 3190 3191
f 3702 3191 3447
f 3702 3447 3446
f 3702 3446 3190
f 3703 3191 3192
f 3703 3192 3448
f 3703 3448 3447
f 3703 3447 3191
f 3704 3192 3193
f 3704 3193 3449
f 3704 3449 3448
f 3704 3448 3192
f 3705 3193 3194
f 3705 3194 3450
f 3705 3450 3449
f 3705 3449 3193
f 3706 3194 3195
f 3706 3195 3451
f 3706 3451 3450
f 3706 3450 3194
f 3707 3195 3196
f 3707 3196 3452
f 3707 3452 3451
f 3707 3451 3195
f 3708 3196 3197
f 3708 3197 3453
f 3708 3453 3452
f 3708 3452 3196
f 3709 3197 3198
f 3709 3198 3454
f 3709 3454 3453
f 3709 3453 3197
f 3710 3198 3199
f 3710 3199 3455
f 3710 3455 3454
f 3710 3454 3198
f 3711 3199 3200
f 3711 3200 3456
f 3711 3456 3455
f 3711 3455 3199
f 3712 3200 3201
f 3712 3201 3457
f 3712 3457 3456
f 3712 3456 3200
f 3713 3201 3202
f 3713 3202 3458
f 3713 3458 3457
f 3713 3457 3201
f 3714 3202 3203
f 3714 3203 3459
f 3714 3459 3458
f 3714 3458 3202
f 3715 3203 3204
f 3715 3204 3460
f 3715 3460 3459
f 3715 3459 3203
f 3716 3204 3205
f 3716 3205 3461
f 3716 3461 3460
f 3716 3460 3204
f 3717 3205 3206
f 3717 3206 3462
f 3717 3462 3461
f 3717 3461 3205
f 3718 3206 3207
f 3718 3207 3463
f 3718 3463 3462
f 3718 3462 3206
f 3719 3207 3208
f 3719 3208 3464
f 3719 3464 3463
f 3719 3463 3207
f 3720 3208 3209
f 3720 3209 3465
f 3720 3465 3464
f 3720 3464 3208
f 3721 3209 3210
f 3721 3210 3466
f 3721 3466 3465
f 3721 3465 3209
f 3722 3210 3211
f 3722 3211 3467
f 3722 3467 3466
f 3722 3466 3210
f 3723 3211 3212
f 3723 3212 3468
f 3723 3468 3467
f 3723 3467 3211
f 3724 3212 3213
f 3724 3213 3469
f 3724 3469 3468
f 3724 3468 3212
f 3725 3213 3214
f 3725 3214 3470
f 3725 3470 3469
f 3725 3469 3213
f 3726 3214 3215
f 3726 3215 3471
f 3726 3471 3470
f 3726 3470 3214
f 3727 3215 3216
f 3727 3216 3472
f 3727 3472 3471
f 3727 3471 3215
f 3728 3216 3217
f 3728 3217 3473
f 3728 3473 3472
f 3728 3472 3216
f 3729 3217 3218
f 3729 3218 3474
f 3729 3474 3473
f 3729 3473 3217
f 3730 3218 3219
f 3730 3219 3475
f 3730 3475 3474
f 3730 3474 3218
f 3731 3219 3220
f 3731 3220 3476
f 3731 3476 3475
f 3731 3475 3219
f 3732 3220 3221
f 3732 3221 3477
f 3732 3477 3476
f 3732 3476 3220
f 3733 3221 3222
f 3733 3222 3478
f 3733 3478 3477
f 3733 3477 3221
f 3734 3222 3223
f 3734 3223 3479
f 3734 3479 3478
f 3734 3478 3222
f 3735 3223 3224
f 3735 3224 3480
f 3735 3480 3479
f 3735 3479 3223
f 3736 3224 3225
f 3736 3225 3481
f 3736 3481 3480
f 3736 3480 3224
f 3737 3225 3226
f 3737 3226 3482
f 3737 3482 3481
f 3737 3481 3225
f 3738 3226 3227
f 3738 3227 3483
f 3738 3483 3482
f 3738 3482 3226
f 3739 3227 3228
f 3739 3228 3484
f 3739 3484 3483
f 3739 3483 3227
f 3740 3228 3229
f 3740 3229 3485
f 3740 3485 3484
f 3740 3484 3228
f 3741 3229 3230
f 3741 3230 3486
f 3741 3486 3485
f 3741 3485 3229
f 3742 3230 3231
f 3742 3231 3487
f 3742 3487 3486
f 3742 3486 3230
f 3743 3231 3232
f 3743 3232 3488
f 3743 3488 3487
f 3743 3487 3231
f 3744 3232 3233
f 3744 3233 3489
f 3744 3489 3488
f 3744 3488 3232
f 3745 3233 3234
f 3745 3234 3490
f 3745 3490 3489
f 3745 3489 3233
f 3746 3234 3235
f 3746 3235 3491
f 3746 3491 3490
f 3746 3490 3234
f 3747 3235 3236
f 3747 3236 3492
f 3747 3492 3491
f 3747 3491 3235
f 3748 3236 3237
f 3748 3237 3493
f 3748 3493 3492
f 3748 3492 3236
f 3749 3237 3238
f 3749 3238 3494
f 3749 3494 3493
f 3749 3493 3237
f 3750 3238 3239
f 3750 3239 3495
f 3750 3495 3494
f 3750 3494 3238
f 3751 3239 3240
f 3751 3240 3496
f 3751 3496 3495
f 3751 3495 3239
f 3752 3240 3241
f 3752 3241 3497
f 3752 3497 3496
f 3752 3496 3240
f 3753 3241 3242
f 3753 3242 3498
f 3753 3498 3497
f 3753 3497 3241
f 3754 3242 3243
f 3754 3243 3499
f 3754 3499 3498
f 3754 3498 3242
f 3755 3243 3244
f 3755 3244 3500
f 3755 3500 3499
f 3755 3499 3243
f 3756 3244 3245
f 3756 3245 3501
f 3756 3501 3500
f 3756 3500 3244
f 3757 3245 3246
f 3757 3246 3502
f 3757 3502 3501
f 3757 3501 3245
f 3758 3246 3247
f 3758 3247 3503
f 3758 3503 3502
f 3758 3502 3246
f 3759 3247 3248
f 3759 3248 3504
f 3759 3504 3503
f 3759 3503 3247
f 3760 3248 3249
f 3760 3249 3505
f 3760 3505 3504
f 3760 3504 3248
f 3761 3249 3250
f 3761 3250 3506
f 3761 3506 3505
f 3761 3505 3249
f 3762 3250 3251
f 3762 3251 3507
f 3762 3507 3506
f 3762 3506 3250
f 3763 3251 3252
f 3763 3252 3508
f 3763 3508 3507
f 3763 3507 3251
f 3764 3252 3253
f 3764 3253 3509
f 3764 3509 3508
f 3764 3508 3252
f 3765 3253 3254
f 3765 3254 3510
f 3765 3510 3509
f 3765 3509 3253
f 3766 3254 3255
f 3766 3255 3511
f 3766 3511 3510
f 3766 3510 3254
f 3767 3255 3256
f 3767 3256 3512
f 3767 3512 3511
f 3767 3511 3255
f 3768 3256 3257
f 3768 3257 3513
f 3768 3513 3512
f 3768 3512 3256
f 3769 3257 3258
f 3769 3258 3514
f 3769 3514 3513
f 3769 3513 3257
f 3770 3258 3259
f 3770 3259 3515
f 3770 3515 3514
f 3770 3514 3258
f 3771 3259 3260
f 3771 3260 3516
f 3771 3516 3515
f 3771 3515 3259
f 3772 3260 3261
f 3772 3261 3517
f 3772 3517 3516
f 3772 3516 3260
f 3773 3261 3262
f 3773 3262 3518
f 3773 3518 3517
f 3773 3517 3261
f 3774 3262 3263
f 3774 3263 3519
f 3774 3519 3518
f 3774 3518 3262
f 3775 3263 3264
f 3775 3264 3520
f 3775 3520 3519
f 3775 3519 3263
f 3776 3264 3265
f 3776 3265 3521
f 3776 3521 3520
f 3776 3520 3264
f 3777 3265 3266
f 3777 3266 3522
f 3777 3522 3521
f 3777 3521 3265
f 3778 3266 3267
f 3778 3267 3523
f 3778 3523 3522
f 3778 3522 3266
f 3779 3267 3268
f 3779 3268 3524
f 3779 3524 3523
f 3779 3523 3267
f 3780 3268 3269
f 3780 3269 3525
f 3780 3525 3524
f 3780 3524 3268
f 3781 3269 3270
f 3781 3270 3526
f 3781 3526 3525
f 3781 3525 3269
f 3782 3270 3271
f 3782 3271 3527
f 3782 3527 3526
f 3782 3526 3270
f 3783 3271 3272
f 3783 3272 3528
f 3783 3528 3527
f 3783 3527 3271
f 3784 3272 3273
f 3784 3273 3529
f 3784 3529 3528
f 3784 3528 3272
f 3785 3273 3274
f 3785 3274 3530
f 3785 3530 3529
f 3785 3529 3273
f 3786 3274 3275
f 3786 3275 3531
f 3786 3531 3530
f 3786 3530 3274
f 3787 3275 3276
f 3787 3276 3532
f 3787 3532 3531
f 3787 3531 3275
f 3788 3276 3277
f 3788 3277 3533
f 3788 3533 3532
f 3788 3532 3276
f 3789 3277 3278
f 3789 3278 3534
f 3789 3534 3533
f 3789 3533 3277
f 3790 3278 3279
f 3790 3279 3535
f 3790 3535 3534
f 3790 3534 3278
f 3791 3279 3280
f 3791 3280 3536
f 3791 3536 3535
f 3791 3535 3279
f 3792 3280 3281
f 3792 3281 3537
f 3792 3537 3536
f 3792 3536 3280
f 3793 3281 3282
f 3793 3282 3538
f 3793 3538 3537
f 3793 3537 3281
f 3794 3282 3283
f 3794 3283 3539
f 3794 3539 3538
f 3794 3538 3282
f 3795 3283 3284
f 3795 3284 3540
f 3795 3540 3539
f 3795 3539 3283
f 3796 3284 3285
f 3796 3285 3541
f 3796 3541 3540
f 3796 3540 3284
f 3797 3285 3286
f 3797 3286 3542
f 3797 3542 3541
f 3797 3541 3285
f 3798 3286 3287
f 3798 3287 3543
f 3798 3543 3542
f 3798 3542 3286
f 3799 3287 3288
f 3799 3288 3544
f 3799 3544 3543
f 3799 3543 3287
f 3800 3288 3289
f 3800 3289 3545
f 3800 3545 3544
f 3800 3544 3288
f 3801 3289 3290
f 3801 3290 3546
f 3801 3546 3545
f 3801 3545 3289
f 3802 3290 3291
f 3802 3291 3547
f 3802 3547 3546
f 3802 3546 3290
f 3803 3291 3292
f 3803 3292 3548
f 3803 3548 3547
f 3803 3547 3291
f 3804 3292 3293
f 3804 3293 3549
f 3804 3549 3548
f 3804 3548 3292
f 3805 3293 3294
f 3805 3294 3550
f 3805 3550 3549
f 3805 3549 3293
f 3806 3294 3295
f 3806 3295 3551
f 3806 3551 3550
f 3806 3550 3294
f 3807 3295 3296
f 3807 3296 3552
f 3807 3552 3551
f 3807 3551 3295
f 3808 3296 3297
f 3808 3297 3553
f 3808 3553 3552
f 3808 3552 3296
f 3809 3297 3298
f 3809 3298 3554
f 3809 3554 3553
f 3809 3553 3297
f 3810 3298 3299
f 3810 3299 3555
f 3810 3555 3554
f 3810 3554 3298
f 3811 3299 3300
f 3811 3300 3556
f 3811 3556 3555
f 3811 3555 3299
f 3812 3300 3301
f 3812 3301 3557
f 3812 3557 3556
f 3812 3556 3300
f 3813 3301 3302
f 3813 3302 3558
f 3813 3558 3557
f 3813 3557 3301
f 3814 3302 3303
f 3814 3303 3559
f 3814 3559 3558
f 3814 3558 3302
f 3815 3303 3304
f 3815 3304 3560
f 3815 3560 3559
f 3815 3559 3303
f 3816 3304 3305
f 3816 3305 3561
f 3816 3561 3560
f 3816 3560 3304
f 3817 3305 3306
f 3817 3306 3562
f 3817 3562 3561
f 3817 3561 3305
f 3818 3306 3307
f 3818 3307 3563
f 3818 3563 3562
f 3818 3562 3306
f 3819 3307 3308
f 3819 3308 3564
f 3819 3564 3563
f 3819 3563 3307
f 3820 3308 3309
f 3820 3309 3565
f 3820 3565 3564
f 3820 3564 3308
f 3821 3309 3310
f 3821 3310 3566
f 3821 3566 3565
f 3821 3565 3309
f 3822 3310 3311
f 3822 3311 3567
f 3822 3567 3566
f 3822 3566 3310
f 3823 3311 3312
f 3823 3312 3568
f 3823 3568 3567
f 3823 3567 3311
f 3824 3312 3313
f 3824 3313 3569
f 3824 3569 3568
f 3824 3568 3312
f 3825 3313 3314
f 3825 3314 3570
f 3825 3570 3569
f 3825 3569 3313
f 3826 3314 3315
f 3826 3315 3571
f 3826 3571 3570
f 3826 3570 3314
f 3827 3315 3316
f 3827 3316 3572
f 3827 3572 3571
f 3827 3571 3315
f 3828 3316 3317
f 3828 3317 3573
f 3828 3573 3572
f 3828 3572 3316
f 3829 3317 3318
f 3829 3318 3574
f 3829 3574 3573
f 3829 3573 3317
f 3830 3318 3319
f 3830 3319 3575
f 3830 3575 3574
f 3830 3574 3318
f 3831 3319 3320
f 3831 3320 3576
f 3831 3576 3575
f 3831 3575 3319
f 3832 3320 3321
f 3832 3321 3577
f 3832 3577 3576
f 3832 3576 3320
f 3833 3321 3322
f 3833 3322 3578
f 3833 3578 3577
f 3833 3577 3321
f 3834 3322 3323
f 3834 3323 3579
f 3834 3579 3578
f 3834 3578 3322
f 3835 3323 3324
f 3835 3324 3580
f 3835 3580 3579
f 3835 3579 3323
f 3836 3324 3325
f 3836 3325 3581
f 3836 3581 3580
f 3836 3580 3324
f 3837 3325 3326
f 3837 3326 3582
f 3837 3582 3581
f 3837 3581 3325
f 3838 3326 3327
f 3838 3327 3583
f 3838 3583 3582
f 3838 3582 3326
f 3839 3327 3328
f 3839 3328 3584
f 3839 3584 3583
f 3839 3583 3327
f 3840 3328 3073
f 3840 3073 3329
f 3840 3329 3584
f 3840 3584 3328
f 4353 3841 3842
f 4353 3842 4098
f 4353 4098 4097
f 4353 4097 3841
f 4354 3842 3843
f 4354 3843 4099
f 4354 4099 4098
f 4354 4098 3842
f 4355 3843 3844
f 4355 3844 4100
f 4355 4100 4099
f 4355 4099 3843
f 4356 3844 3845
f 4356 3845 4101
f 4356 4101 4100
f 4356 4100 3844
f 4357 3845 3846
f 4357 3846 4102
f 4357 4102 4101
f 4357 4101 3845
f 4358 3846 3847
f 4358 3847 4103
f 4358 4103 4102
f 4358 4102 3846
f 4359 3847 3848
f 4359 3848 4104
f 4359 4104 4103
f 4359 4103 3847
f 4360 3848 3849
f 4360 3849 4105
f 4360 4105 4104
f 4360 4104 3848
f 4361 3849 3850
f 4361 3850 4106
f 4361 4106 4105
f 4361 4105 3849
f 4362 3850 3851
f 4362 3851 4107
f 4362 4107 4106
f 4362 4106 3850
f 4363 3851 3852
f 4363 3852 4108
f 4363 4108 4107
f 4363 4107 3851
f 4364 3852 3853
f 4364 3853 4109
f 4364 4109 4108
f 4364 4108 3852
f 4365 3853 3854
f 4365 3854 4110
f 4365 4110 4109
f 4365 4109 3853
f 4366 3854 3855
f 4366 3855 4111
f 4366 4111 4110
f 4366 4110 3854
f 4367 3855 3856
f 4367 3856 4112
f 4367 4112 4111
f 4367 4111 3855
f 4368 3856 3857
f 4368 3857 4113
f 4368 4113 4112
f 4368 4112 3856
f 4369 3857 3858
f 4369 3858 4114
f 4369 4114 4113
f 4369 4113 3857
f 4370 3858 3859
f 4370 3859 4115
f 4370 4115 4114
f 4370 4114 3858
f 4371 3859 3860
f 4371 3860 4116
f 4371 4116 4115
f 4371 4115 3859
f 4372 3860 3861
f 4372 3861 4117
f 4372 4117 4116
f 4372 4116 3860
f 4373 3861 3862
f 4373 3862 4118
f 4373 4118 4117
f 4373 4117 3861
f 4374 3862 3863
f 4374 3863 4119
f 4374 4119 4118
f 4374 4118 3862
f 4375 3863 3864
f 4375 3864 4120
f 4375 4120 4119
f 4375 4119 3863
f 4376 3864 3865
f 4376 3865 4121
f 4376 4121 4120
f 4376 4120 3864
f 4377 3865 3866
f 4377 3866 4122
f 4377 4122 4121
f 4377 4121 3865
f 4378 3866 3867
f 4378 3867 4123
f 4378 4123 4122
f 4378 4122 3866
f 4379 3867 3868
f 4379 3868 4124
f 4379 4124 4123
f 4379 4123 3867
f 4380 3868 3869
f 4380 3869 4125
f 4380 4125 4124
f 4380 4124 3868
f 4381 3869 3870
f 4381 3870 4126
f 4381 4126 4125
f 4381 4125 3869
f 4382 3870 3871
f 4382 3871 4127
f 4382 4127 4126
f 4382 4126 3870
f 4383 3871 3872
f 4383 3872 4128
f 4383 4128 4127
f 4383 4127 3871
f 4384 3872 3873
f 4384 3873 4129
f 4384 4129 4128
f 4384 4128 3872
f 4385 3873 3874
f 4385 3874 4130
f 4385 4130 4129
f 4385 4129 3873
f 4386 3874 3875
f 4386 3875 4131
f 4386 4131 4130
f 4386 4130 3874
f 4387 3875 3876
f 4387 3876 4132
f 4387 4132 4131
f 4387 4131 3875
f 4388 3876 3877
f 4388 3877 4133
f 4388 4133 4132
f 4388 4132 3876
f 4389 3877 3878
f 4389 3878 4134
f 4389 4134 4133
f 4389 4133 3877
f 4390 3878 3879
f 4390 3879 4135
f 4390 4135 4134
f 4390 4134 3878
f 4391 3879 3880
f 4391 3880 4136
f 4391 4136 4135
f 4391 4135 3879
f 4392 3880 3881
f 4392 3881 4137
f 4392 4137 4136
f 4392 4136 3880
f 4393 3881 3882
f 4393 3882 4138
f 4393 4138 4137
f 4393 4137 3881
f 4394 3882 3883
f 4394 3883 4139
f 4394 4139 4138
f 4394 4138 3882
f 4395 3883 3884
f 4395 3884 4140
f 4395 4140 4139
f 4395 4139 3883
f 4396 3884 3885
f 4396 3885 4141
f 4396 4141 4140
f 4396 4140 3884
f 4397 3885 3886
f 4397 3886 4142
f 4397 4142 4141
f 4397 4141 3885
f 4398 3886 3887
f 4398 3887 4143
f 4398 4143 4142
f 4398 4142 3886
f 4399 3887 3888
f 4399 3888 4144
f 4399 4144 4143
f 4399 4143 3887
f 4400 3888 3889
f 4400 3889 4145
f 4400 4145 4144
f 4400 4144 3888
f 4401 3889 3890
f 4401 3890 4146
f 4401 4146 4145
f 4401 4145 3889
f 4402 3890 3891
f 4402 3891 4147
f 4402 4147 4146
f 4402 4146 3890
f 4403 3891 3892
f 4403 3892 4148
f 4403 4148 4147
f 4403 4147 3891
f 4404 3892 3893
f 4404 3893 4149
f 4404 4149 4148
f 4404 4148 3892
f 4405 3893 3894
f 4405 3894 4150
f 4405 4150 4149
f 4405 4149 3893
f 4406 3894 3895
f 4406 3895 4151
f 4406 4151 4150
f 4406 4150 3894
f 4407 3895 3896
f 4407 3896 4152
f 4407 4152 4151
f 4407 4151 3895
f 4408 3896 3897
f 4408 3897 4153
f 4408 4153 4152
f 4408 4152 3896
f 4409 3897 3898
f 4409 3898 4154
f 4409 4154 4153
f 4409 4153 3897
f 4410 3898 3899
f 4410 3899 4155
f 4410 4155 4154
f 4410 4154 3898
f 4411 3899 3900
f 4411 3900 4156
f 4411 4156 4155
f 4411 4155 3899
f 4412 3900 3901
f 4412 3901 4157
f 4412 4157 4156
f 4412 4156 3900
f 4413 3901 3902
f 4413 3902 4158
f 4413 4158 4157
f 4413 4157 3901
f 4414 3902 3903
f 4414 3903 4159
f 4414 4159 4158
f 4414 4158 3902
f 4415 3903 3904
f 4415 3904 4160
f 4415 4160 4159
f 4415 4159 3903
f 4416 3904 3905
f 4416 3905 4161
f 4416 4161 4160
f 4416 4160 3904
f 4417 3905 3906
f 4417 3906 4162
f 4417 4162 4161
f 4417 4161 3905
f 4418 3906 3907
f 4418 3907 4163
f 4418 4163 4162
f 4418 4162 3906
f 4419 3907 3908
f 4419 3908 4164
f 4419 4164 4163
f 4419 4163 3907
f 4420 3908 3909
f 4420 3909 4165
f 4420 4165 4164
f 4420 4164 3908
f 4421 3909 3910
f 4421 3910 4166
f 4421 4166 4165
f 4421 4165 3909
f 4422 3910 3911
f 4422 3911 4167
f 4422 4167 4166
f 4422 4166 3910
f 4423 3911 3912
f 4423 3912 4168
f 4423 4168 4167
f 4423 4167 3911
f 4424 3912 3913
f 4424 3913 4169
f 4424 4169 4168
f 4424 4168 3912
f 4425 3913 3914
f 4425 3914 4170
f 4425 4170 4169
f 4425 4169 3913
f 4426 3914 3915
f 4426 3915 4171
f 4426 4171 4170
f 4426 4170 3914
f 4427 3915 3916
f 4427 3916 4172
f 4427 4172 4171
f 4427 4171 3915
f 4428 3916 3917
f 4428 3917 4173
f 4428 4173 4172
f 4428 4172 3916
f 4429 3917 3918
f 4429 3918 4174
f 4429 4174 4173
f 4429 4173 3917
f 4430 3918 3919
f 4430 3919 4175
f 4430 4175 4174
f 4430 4174 3918
f 4431 3919 3920
f 4431 3920 4176
f 4431 4176 4175
f 4431 4175 3919
f 4432 3920 3921
f 4432 3921 4177
f 4432 4177 4176
f 4432 4176 3920
f 4433 3921 3922
f 4433 3922 4178
f 4433 4178 4177
f 4433 4177 3921
f 4434 3922 3923
f 4434 3923 4179
f 4434 4179 4178
f 4434 4178 3922
f 4435 3923 3924
f 4435 3924 4180
f 4435 4180 4179
f 4435 4179 3923
f 4436 3924 3925
f 4436 3925 4181
f 4436 4181 4180
f 4436 4180 3924
f 4437 3925 3926
f 4437 3926 4182
f 4437 4182 4181
f 4437 4181 3925
f 4438 3926 3927
f 4438 3927 4183
f 4438 4183 4182
f 4438 4182 3926
f 4439 3927 3928
f 4439 3928 4184
f 4439 4184 4183
f 4439 4183 3927
f 4440 3928 3929
f 4440 3929 4185
f 4440 4185 4184
f 4440 4184 3928
f 4441 3929 3930
f 4441 3930 4186
f 4441 4186 4185
f 4441 4185 3929
f 4442 3930 3931
f 4442 3931 4187
f 4442 4187 4186
f 4442 4186 3930
f 4443 3931 3932
f 4443 3932 4188
f 4443 4188 4187
f 4443 4187 3931
f 4444 3932 3933
f 4444 3933 4189
f 4444 4189 4188
f 4444 4188 3932
f 4445 3933 3934
f 4445 3934 4190
f 4445 4190 4189
f 4445 4189 3933
f 4446 3934 3935
f 4446 3935 4191
f 4446 4191 4190
f 4446 4190 3934
f 4447 3935 3936
f 4447 3936 4192
f 4447 4192 4191
f 4447 4191 3935
f 4448 3936 3937
f 4448 3937 4193
f 4448 4193 4192
f 4448 4192 3936
f 4449 3937 3938
f 4449 3938 4194
f 4449 4194 4193
f 4449 4193 3937
f 4450 3938 3939
f 4450 3939 4195
f 4450 4195 4194
f 4450 4194 3938
f 4451 3939 3940
f 4451 3940 4196
f 4451 4196 4195
f 4451 4195 3939
f 4452 3940 3941
f 4452 3941 4197
f 4452 4197 4196
f 4452 4196 3940
f 4453 3941 3942
f 4453 3942 4198
f 4453 4198 4197
f 4453 4197 3941
f 4454 3942 3943
f 4454 3943 4199
f 4454 4199 4198
f 4454 4198 3942
f 4455 3943 3944
f 4455 3944 4200
f 4455 4200 4199
f 4455 4199 3943
f 4456 3944 3945
f 4456 3945 4201
f 4456 4201 4200
f 4456 4200 3944
f 4457 3945 3946
f 4457 3946 4202
f 4457 4202 4201
f 4457 4201 3945
f 4458 3946 3947
f 4458 3947 4203
f 4458 4203 4202
f 4458 4202 3946
f 4459 3947 3948
f 4459 3948 4204
f 4459 4204 4203
f 4459 4203 3947
f 4460 3948 3949
f 4460 3949 4205
f 4460 4205 4204
f 4460 4204 3948
f 4461 3949 3950
f 4461 3950 4206
f 4461 4206 4205
f 4461 4205 3949
f 4462 3950 3951
f 4462 3951 4207
f 4462 4207 4206
f 4462 4206 3950
f 4463 3951 3952
f 4463 3952 4208
f 4463 4208 4207
f 4463 4207 3951
f 4464 3952 3953
f 4464 3953 4209
f 4464 4209 4208
f 4464 4208 3952
f 4465 3953 3954
f 4465 3954 4210
f 4465 4210 4209
f 4465 4209 3953
f 4466 3954 3955
f 4466 3955 4211
f 4466 4211 4210
f 4466 4210 3954
f 4467 3955 3956
f 4467 3956 4212
f 4467 4212 4211
f 4467 4211 3955
f 4468 3956 3957
f 4468 3957 4213
f 4468 4213 4212
f 4468 4212 3956
f 4469 3957 3958
f 4469 3958 4214
f 4469 4214 4213
f 4469 4213 3957
f 4470 3958 3959
f 4470 3959 4215
f 4470 4215 4214
f 4470 4214 3958
f 4471 3959 3960
f 4471 3960 4216
f 4471 4216 4215
f 4471 4215 3959
f 4472 3960 3961
f 4472 3961 4217
f 4472 4217 4216
f 4472 4216 3960
f 4473 3961 3962
f 4473 3962 4218
f 4473 4218 4217
f 4473 4217 3961
f 4474 3962 3963
f 4474 3963 4219
f 4474 4219 4218
f 4474 4218 3962
f 4475 3963 3964
f 4475 3964 4220
f 4475 4220 4219
f 4475 4219 3963
f 4476 3964 3965
f 4476 3965 4221
f 4476 4221 4220
f 4476 4220 3964
f 4477 3965 3966
f 4477 3966 4222
f 4477 4222 4221
f 4477 4221 3965
f 4478 3966 3967
f 4478 3967 4223
f 4478 4223 4222
f 4478 4222 3966
f 4479 3967 3968
f 4479 3968 4224
f 4479 4224 4223
f 4479 4223 3967
f 4480 3968 3969
f 4480 3969 4225
f 4480 4225 4224
f 4480 4224 3968
f 4481 3969 3970
f 4481 3970 4226
f 4481 4226 4225
f 4481 4225 3969
f 4482 3970 3971
f 4482 3971 4227
f 4482 4227 4226
f 4482 4226 3970
f 4483 3971 3972
f 4483 3972 4228
f 4483 4228 4227
f 4483 4227 3971
f 4484 3972 3973
f 4484 3973 4229
f 4484 4229 4228
f 4484 4228 3972
f 4485 3973 3974
f 4485 3974 4230
f 4485 4230 4229
f 4485 4229 3973
f 4486 3974 3975
f 4486 3975 4231
f 4486 4231 4230
f 4486 4230 3974
f 4487 3975 3976
f 4487 3976 4232
f 4487 4232 4231
f 4487 4231 3975
f 4488 3976 3977
f 4488 3977 4233
f 4488 4233 4232
f 4488 4232 3976
f 4489 3977 3978
f 4489 3978 4234
f 4489 4234 4233
f 4489 4233 3977
f 4490 3978 3979
f 4490 3979 4235
f 4490 4235 4234
f 4490 4234 3978
f 4491 3979 3980
f 4491 3980 4236
f 4491 4236 4235
f 4491 4235 3979
f 4492 3980 3981
f 4492 3981 4237
f 4492 4237 4236
f 4492 4236 3980
f 4493 3981 3982
f 4493 3982 4238
f 4493 4238 4237
f 4493 4237 3981
f 4494 3982 3983
f 4494 3983 4239
f 4494 4239 4238
f 4494 4238 3982
f 4495 3983 3984
f 4495 3984 4240
f 4495 4240 4239
f 4495 4239 3983
f 4496 3984 3985
f 4496 3985 4241
f 4496 4241 4240
f 4496 4240 3984
f 4497 3985 3986
f 4497 3986 4242
f 4497 4242 4241
f 4497 4241 3985
f 4498 3986 3987
f 4498 3987 4243
f 4498 4243 4242
f 4498 4242 3986
f 4499 3987 3988
f 4499 3988 4244
f 4499 4244 4243
f 4499 4243 3987
f 4500 3988 3989
f 4500 3989 4245
f 4500 4245 4244
f 4500 4244 3988
f 4501 3989 3990
f 4501 3990 4246
f 4501 4246 4245
f 4501 4245 3989
f 4502 3990 3991
f 4502 3991 4247
f 4502 4247 4246
f 4502 4246 3990
f 4503 3991 3992
f 4503 3992 4248
f 4503 4248 4247
f 4503 4247 3991
f 4504 3992 3993
f 4504 3993 4249
f 4504 4249 4248
f 4504 4248 3992
f 4505 3993 3994
f 4505 3994 4250
f 4505 4250 4249
f 4505 4249 3993
f 4506 3994 3995
f 4506 3995 4251
f 4506 4251 4250
f 4506 4250 3994
f 4507 3995 3996
f 4507 3996 4252
f 4507 4252 4251
f 4507 4251 3995
f 4508 3996 3997
f 4508 3997 4253
f 4508 4253 4252
f 4508 4252 3996
f 4509 3997 3998
f 4509 3998 4254
f 4509 4254 4253
f 4509 4253 3997
f 4510 3998 3999
f 4510 3999 4255
f 4510 4255 4254
f 4510 4254 3998
f 4511 3999 4000
f 4511 4000 4256
f 4511 4256 4255
f 4511 4255 3999
f 4512 4000 4001
f 4512 4001 4257
f 4512 4257 4256
f 4512 4256 4000
f 4513 4001 4002
f 4513 4002 4258
f 4513 4258 4257
f 4513 4257 4001
f 4514 4002 4003
f 4514 4003 4259
f 4514 4259 4258
f 4514 4258 4002
f 4515 4003 4004
f 4515 4004 4260
f 4515 4260 4259
f 4515 4259 4003
f 4516 4004 4005
f 4516 4005 4261
f 4516 4261 4260
f 4516 4260 4004
f 4517 4005 4006
f 4517 4006 4262
f 4517 4262 4261
f 4517 4261 4005
f 4518 4006 4007
f 4518 4007 4263
f 4518 4263 4262
f 4518 4262 4006
f 4519 4007 4008
f 4519 4008 4264
f 4519 4264 4263
f 4519 4263 4007
f 4520 4008 4009
f 4520 4009 4265
f 4520 4265 4264
f 4520 4264 4008
f 4521 4009 4010
f 4521 4010 4266
f 4521 4266 4265
f 4521 4265 4009
f 4522 4010 4011
f 4522 4011 4267
f 4522 4267 4266
f 4522 4266 4010
f 4523 4011 4012
f 4523 4012 4268
f 4523 4268 4267
f 4523 4267 4011
f 4524 4012 4013
f 4524 4013 4269
f 4524 4269 4268
f 4524 4268 4012
f 4525 4013 4014
f 4525 4014 4270
f 4525 4270 4269
f 4525 4269 4013
f 4526 4014 4015
f 4526 4015 4271
f 4526 4271 4270
f 4526 4270 4014
f 4527 4015 4016
f 4527 4016 4272
f 4527 4272 4271
f 4527 4271 4015
f 4528 4016 4017
f 4528 4017 4273
f 4528 4273 4272
f 4528 4272 4016
f 4529 4017 4018
f 4529 4018 4274
f 4529 4274 4273
f 4529 4273 4017
f 4530 4018 4019
f 4530 4019 4275
f 4530 4275 4274
f 4530 4274 4018
f 4531 4019 4020
f 4531 4020 4276
f 4531 4276 4275
f 4531 4275 4019
f 4532 4020 4021
f 4532 4021 4277
f 4532 4277 4276
f 4532 4276 4020
f 4533 4021 4022
f 4533 4022 4278
f 4533 4278 4277
f 4533 4277 4021
f 4534 4022 4023
f 4534 4023 4279
f 4534 4279 4278
f 4534 4278 4022
f 4535 4023 4024
f 4535 4024 4280
f 4535 4280 4279
f 4535 4279 4023
f 4536 4024 4025
f 4536 4025 4281
f 4536 4281 4280
f 4536 4280 4024
f 4537 4025 4026
f 4537 4026 4282
f 4537 4282 4281
f 4537 4281 4025
f 4538 4026 4027
f 4538 4027 4283
f 4538 4283 4282
f 4538 4282 4026
f 4539 4027 4028
f 4539 4028 4284
f 4539 4284 4283
f 4539 4283 4027
f 4540 4028 4029
f 4540 4029 4285
f 4540 4285 4284
f 4540 4284 4028
f 4541 4029 4030
f 4541 4030 4286
f 4541 4286 4285
f 4541 4285 4029
f 4542 4030 4031
f 4542 4031 4287
f 4542 4287 4286
f 4542 4286 4030
f 4543 4031 4032
f 4543 4032 4288
f 4543 4288 4287
f 4543 4287 4031
f 4544 4032 4033
f 4544 4033 4289
f 4544 4289 4288
f 4544 4288 4032
f 4545 4033 4034
f 4545 4034 4290
f 4545 4290 4289
f 4545 4289 4033
f 4546 4034 4035
f 4546 4035 4291
f 4546 4291 4290
f 4546 4290 4034
f 4547 4035 4036
f 4547 4036 4292
f 4547 4292 4291
f 4547 4291 4035
f 4548 4036 4037
f 4548 4037 4293
f 4548 4293 4292
f 4548 4292 4036
f 4549 4037 4038
f 4549 4038 4294
f 4549 4294 4293
f 4549 4293 4037
f 4550 4038 4039
f 4550 4039 4295
f 4550 4295 4294
f 4550 4294 4038
f 4551 4039 4040
f 4551 4040 4296
f 4551 4296 4295
f 4551 4295 4039
f 4552 4040 4041
f 4552 4041 4297
f 4552 4297 4296
f 4552 4296 4040
f 4553 4041 4042
f 4553 4042 4298
f 4553 4298 4297
f 4553 4297 4041
f 4554 4042 4043
f 4554 4043 4299
f 4554 4299 4298
f 4554 4298 4042
f 4555 4043 4044
f 4555 4044 4300
f 4555 4300 4299
f 4555 4299 4043
f 4556 4044 4045
f 4556 4045 4301
f 4556 4301 4300
f 4556 4300 4044
f 4557 4045 4046
f 4557 4046 4302
f 4557 4302 4301
f 4557 4301 4045
f 4558 4046 4047
f 4558 4047 4303
f 4558 4303 4302
f 4558 4302 4046
f 4559 4047 4048
f 4559 4048 4304
f 4559 4304 4303
f 4559 4303 4047
f 4560 4048 4049
f 4560 4049 4305
f 4560 4305 4304
f 4560 4304 4048
f 4561 4049 4050
f 4561 4050 4306
f 4561 4306 4305
f 4561 4305 4049
f 4562 4050 4051
f 4562 4051 4307
f 4562 4307 4306
f 4562 4306 4050
f 4563 4051 4052
f 4563 4052 4308
f 4563 4308 4307
f 4563 4307 4051
f 4564 4052 4053
f 4564 4053 4309
f 4564 4309 4308
f 4564 4308 4052
f 4565 4053 4054
f 4565 4054 4310
f 4565 4310 4309
f 4565 4309 4053
f 4566 4054 4055
f 4566 4055 4311
f 4566 4311 4310
f 4566 4310 4054
f 4567 4055 4056
f 4567 4056 4312
f 4567 4312 4311
f 4567 4311 4055
f 4568 4056 4057
f 4568 4057 4313
f 4568 4313 4312
f 4568 4312 4056
f 4569 4057 4058
f 4569 4058 4314
f 4569 4314 4313
f 4569 4313 4057
f 4570 4058 4059
f 4570 4059 4315
f 4570 4315 4314
f 4570 4314 4058
f 4571 4059 4060
f 4571 4060 4316
f 4571 4316 4315
f 4571 4315 4059
f 4572 4060 4061
f 4572 4061 4317
f 4572 4317 4316
f 4572 4316 4060
f 4573 4061 4062
f 4573 4062 4318
f 4573 4318 4317
f 4573 4317 4061
f 4574 4062 4063
f 4574 4063 4319
f 4574 4319 4318
f 4574 4318 4062
f 4575 4063 4064
f 4575 4064 4320
f 4575 4320 4319
f 4575 4319 4063
f 4576 4064 4065
f 4576 4065 4321
f 4576 4321 4320
f 4576 4320 4064
f 4577 4065 4066
f 4577 4066 4322
f 4577 4322 4321
f 4577 4321 4065
f 4578 4066 4067
f 4578 4067 4323
f 4578 4323 4322
f 4578 4322 4066
f 4579 4067 4068
f 4579 4068 4324
f 4579 4324 4323
f 4579 4323 4067
f 4580 4068 4069
f 4580 4069 4325
f 4580 4325 4324
f 4580 4324 4068
f 4581 4069 4070
f 4581 4070 4326
f 4581 4326 4325
f 4581 4325 4069
f 4582 4070 4071
f 4582 4071 4327
f 4582 4327 4326
f 4582 4326 4070
f 4583 4071 4072
f 4583 4072 4328
f 4583 4328 4327
f 4583 4327 4071
f 4584 4072 4073
f 4584 4073 4329
f 4584 4329 4328
f 4584 4328 4072
f 4585 4073 4074
f 4585 4074 4330
f 4585 4330 4329
f 4585 4329 4073
f 4586 4074 4075
f 4586 4075 4331
f 4586 4331 4330
f 4586 4330 4074
f 4587 4075 4076
f 4587 4076 4332
f 4587 4332 4331
f 4587 4331 4075
f 4588 4076 4077
f 4588 4077 4333
f 4588 4333 4332
f 4588 4332 4076
f 4589 4077 4078
f 4589 4078 4334
f 4589 4334 4333
f 4589 4333 4077
f 4590 4078 4079
f 4590 4079 4335
f 4590 4335 4334
f 4590 4334 4078
f 4591 4079 4080
f 4591 4080 4336
f 4591 4336 4335
f 4591 4335 4079
f 4592 4080 4081
f 4592 4081 4337
f 4592 4337 4336
f 4592 4336 4080
f 4593 4081 4082
f 4593 4082 4338
f 4593 4338 4337
f 4593 4337 4081
f 4594 4082 4083
f 4594 4083 4339
f 4594 4339 4338
f 4594 4338 4082
f 4595 4083 4084
f 4595 4084 4340
f 4595 4340 4339
f 4595 4339 4083
f 4596 4084 4085
f 4596 4085 4341
f 4596 4341 4340
f 4596 4340 4084
f 4597 4085 4086
f 4597 4086 4342
f 4597 4342 4341
f 4597 4341 4085
f 4598 4086 4087
f 4598 4087 4343
f 4598 4343 4342
f 4598 4342 4086
f 4599 4087 4088
f 4599 4088 4344
f 4599 4344 4343
f 4599 4343 4087
f 4600 4088 4089
f 4600 4089 4345
f 4600 4345 4344
f 4600 4344 4088
f 4601 4089 4090
f 4601 4090 4346
f 4601 4346 4345
f 4601 4345 4089
f 4602 4090 4091
f 4602 4091 4347
f 4602 4347 4346
f 4602 4346 4090
f 4603 4091 4092
f 4603 4092 4348
f 4603 4348 4347
f 4603 4347 4091
f 4604 4092 4093
f 4604 4093 4349
f 4604 4349 4348
f 4604 4348 4092
f 4605 4093 4094
f 4605 4094 4350
f 4605 4350 4349
f 4605 4349 4093
f 4606 4094 4095
f 4606 4095 4351
f 4606 4351 4350
f 4606 4350 4094
f 4607 4095 4096
f 4607 4096 4352
f 4607 4352 4351
f 4607 4351 4095
f 4608 4096 3841
f 4608 3841 4097
f 4608 4097 4352
f 4608 4352 4096
v 3.3264 0.0000 -0.3530
v 3.3253 -0.0857 -0.3530
v 3.3220 -0.1709 -0.3530
v 3.3167 -0.2555 -0.3530
v 3.3092 -0.3396 -0.3530
v 3.2996 -0.4231 -0.3530
v 3.2880 -0.5059 -0.3530
v 3.2743 -0.5881 -0.3530
v 3.2587 -0.6695 -0.3530
v 3.2410 -0.7503 -0.3530
v 3.2215 -0.8303 -0.3530
v 3.2000 -0.9096 -0.3530
v 3.1766 -0.9881 -0.3530
v 3.1513 -1.0657 -0.3530
v 3.1242 -1.1425 -0.3530
v 3.0953 -1.2185 -0.3530
v 3.0646 -1.2935 -0.3530
v 3.0321 -1.3677 -0.3530
v 2.9979 -1.4408 -0.3530
v 2.9619 -1.5130 -0.3530
v 2.9243 -1.5842 -0.3530
v 2.8850 -1.6544 -0.3530
v 2.8441 -1.7235 -0.3530
v 2.8016 -1.7916 -0.3530
v 2.7575 -1.8585 -0.3530
v 2.7119 -1.9243 -0.3530
v 2.6647 -1.9890 -0.3530
v 2.6160 -2.0524 -0.3530
v 2.5659 -2.1147 -0.3530
v 2.5143 -2.1757 -0.3530
v 2.4612 -2.2354 -0.3530
v 2.4068 -2.2939 -0.3530
v 2.3510 -2.3510 -0.3530
v 2.2939 -2.4068 -0.3530
v 2.2354 -2.4612 -0.3530
v 2.1757 -2.5142 -0.3530
v 2.1147 -2.5658 -0.3530
v 2.0524 -2.6160 -0.3530
v 1.9890 -2.6647 -0.3530
v 1.9243 -2.7119 -0.3530
v 1.8585 -2.7575 -0.3530
v 1.7916 -2.8016 -0.3530
v 1.7235 -2.8441 -0.3530
v 1.6544 -2.8850 -0.3530
v 1.5842 -2.9243 -0.3530
v 1.5131 -2.9619 -0.3530
v 1.4408 -2.9979 -0.3530
v 1.3677 -3.0321 -0.3530
v 1.2935 -3.0646 -0.3530
v 1.2185 -3.0953 -0.3530
v 1.1425 -3.1242 -0.3530
v 1.0657 -3.1513 -0.3530
v 0.9881 -3.1766 -0.3530
v 0.9096 -3.2000 -0.3530
v 0.8303 -3.2215 -0.3530
v 0.7503 -3.2410 -0.3530
v 0.6695 -3.2587 -0.3530
v 0.5881 -3.2743 -0.3530
v 0.5059 -3.2880 -0.3530
v 0.4231 -3.2996 -0.3530
v 0.3396 -3.3092 -0.3530
v 0.2556 -3.3167 -0.3530
v 0.1709 -3.3220 -0.3530
v 0.0857 -3.3253 -0.3530
v 0.0000 -3.3264 -0.3530
v -0.0857 -3.3253 -0.3530
v -0.1709 -3.3220 -0.3530
v -0.2555 -3.3167 -0.3530
v -0.3396 -3.3092 -0.3530
v -0.4231 -3.2996 -0.3530
v -0.5059 -3.2880 -0.3530
v -0.5881 -3.2743 -0.3530
v -0.6695 -3.2587 -0.3530
v -0.7503 -3.2410 -0.3530
v -0.8303 -3.2215 -0.3530
v -0.9096 -3.2000 -0.3530
v -0.9881 -3.1766 -0.3530
v -1.0657 -3.1513 -0.3530
v -1.1425 -3.1242 -0.3530
v -1.2185 -3.0953 -0.3530
v -1.2935 -3.0646 -0.3530
v -1.3677 -3.0321 -0.3530
v -1.4408 -2.9979 -0.3530
v -1.5130 -2.9619 -0.3530
v -1.5842 -2.9243 -0.3530
v -1.6544 -2.8850 -0.3530
v -1.7235 -2.8441 -0.3530
v -1.7916 -2.8016 -0.3530
v -1.8585 -2.7575 -0.3530
v -1.9243 -2.7119 -0.3530
v -1.9890 -2.6647 -0.3530
v -2.0524 -2.6160 -0.3530
v -2.1147 -2.5658 -0.3530
v -2.1757 -2.5142 -0.3530
v -2.2354 -2.4612 -0.3530
v -2.2939 -2.4068 -0.3530
v -2.3510 -2.3510 -0.3530
v -2.4068 -2.2939 -0.3530
v -2.4612 -2.2354 -0.3530
v -2.5142 -2.1757 -0.3530
v -2.5658 -2.1147 -0.3530
v -2.6160 -2.0524 -0.3530
v -2.6647 -1.9890 -0.3530
v -2.7119 -1.9243 -0.3530
v -2.7575 -1.8585 -0.3530
v -2.8016 -1.7916 -0.3530
v -2.8441 -1.7235 -0.3530
v -2.8850 -1.6544 -0.3530
v -2.9243 -1.5842 -0.3530
v -2.9619 -1.5130 -0.3530
v -2.9979 -1.4408 -0.3530
v -3.0321 -1.3677 -0.3530
v -3.0646 -1.2935 -0.3530
v -3.0953 -1.2185 -0.3530
v -3.1242 -1.1425 -0.3530
v -3.1513 -1.0657 -0.3530
v -3.1766 -0.9881 -0.3530
v -3.2000 -0.9096 -0.3530
v -3.2215 -0.8303 -0.3530
v -3.2410 -0.7503 -0.3530
v -3.2587 -0.6695 -0.3530
v -3.2743 -0.5881 -0.3530
v -3.2880 -0.5059 -0.3530
v -3.2996 -0.4231 -0.3530
v -3.3092 -0.3396 -0.3530
v -3.3167 -0.2555 -0.3530
v -3.3220 -0.1709 -0.3530
v -3.3253 -0.0857 -0.3530
v -3.3264 0.0000 -0.3530
v -3.3253 0.0857 -0.3530
v -3.3220 0.1709 -0.3530
v -3.3167 0.2556 -0.3530
v -3.3092 0.3396 -0.3530
v -3.2996 0.4231 -0.3530
v -3.2880 0.5059 -0.3530
v -3.2743 0.5881 -0.3530
v -3.2587 0.6695 -0.3530
v -3.2410 0.7503 -0.3530
v -3.2215 0.8303 -0.3530
v -3.2000 0.9096 -0.3530
v -3.1766 0.9881 -0.3530
v -3.1513 1.0657 -0.3530
v -3.1242 1.1425 -0.3530
v -3.0953 1.2185 -0.3530
v -3.0646 1.2935 -0.3530
v -3.0321 1.3677 -0.3530
v -2.9979 1.4408 -0.3530
v -2.9619 1.5131 -0.3530
v -2.9243 1.5842 -0.3530
v -2.8850 1.6544 -0.3530
v -2.8441 1.7235 -0.3530
v -2.8016 1.7916 -0.3530
v -2.7575 1.8585 -0.3530
v -2.7119 1.9243 -0.3530
v -2.6647 1.9890 -0.3530
v -2.6160 2.0524 -0.3530
v -2.5658 2.1147 -0.3530
v -2.5142 2.1757 -0.3530
v -2.4612 2.2354 -0.3530
v -2.4068 2.2939 -0.3530
v -2.3510 2.3510 -0.3530
v -2.2939 2.4068 -0.3530
v -2.2354 2.4612 -0.3530
v -2.1757 2.5143 -0.3530
v -2.1147 2.5659 -0.3530
v -2.0524 2.6160 -0.3530
v -1.9890 2.6647 -0.3530
v -1.9243 2.7119 -0.3530
v -1.8585 2.7575 -0.3530
v -1.7916 2.8016 -0.3530
v -1.7235 2.8441 -0.3530
v -1.6544 2.8850 -0.3530
v -1.5842 2.9243 -0.3530
v -1.5130 2.9619 -0.3530
v -1.4408 2.9979 -0.3530
v -1.3677 3.0321 -0.3530
v -1.2935 3.0646 -0.3530
v -1.2185 3.0953 -0.3530
v -1.1425 3.1242 -0.3530
v -1.0657 3.1513 -0.3530
v -0.9881 3.1766 -0.3530
v -0.9096 3.2000 -0.3530
v -0.8303 3.2215 -0.3530
v -0.7503 3.2410 -0.3530
v -0.6695 3.2587 -0.3530
v -0.5881 3.2743 -0.3530
v -0.5059 3.2880 -0.3530
v -0.4231 3.2996 -0.3530
v -0.3396 3.3092 -0.3530
v -0.2555 3.3167 -0.3530
v -0.1709 3.3220 -0.3530
v -0.0857 3.3253 -0.3530
v 0.0000 3.3264 -0.3530
v 0.0857 3.3253 -0.3530
v 0.1709 3.3220 -0.3530
v 0.2556 3.3167 -0.3530
v 0.3396 3.3092 -0.3530
v 0.4231 3.2996 -0.3530
v 0.5059 3.2880 -0.3530
v 0.5881 3.2743 -0.3530
v 0.6695 3.2587 -0.3530
v 0.7503 3.2410 -0.3530
v 0.8303 3.2215 -0.3530
v 0.9096 3.2000 -0.3530
v 0.9881 3.1766 -0.3530
v 1.0657 3.1513 -0.3530
v 1.1425 3.1242 -0.3530
v 1.2185 3.0953 -0.3530
v 1.2935 3.0646 -0.3530
v 1.3677 3.0321 -0.3530
v 1.4408 2.9979 -0.3530
v 1.5131 2.9619 -0.3530
v 1.5842 2.9243 -0.3530
v 1.6544 2.8850 -0.3530
v 1.7235 2.8441 -0.3530
v 1.7916 2.8016 -0.3530
v 1.8585 2.7575 -0.3530
v 1.9243 2.7119 -0.3530
v 1.9890 2.6647 -0.3530
v 2.0524 2.6160 -0.3530
v 2.1147 2.5659 -0.3530
v 2.1757 2.5143 -0.3530
v 2.2354 2.4612 -0.3530
v 2.2939 2.4068 -0.3530
v 2.3510 2.3510 -0.3530
v 2.4068 2.2939 -0.3530
v 2.4612 2.2354 -0.3530
v 2.5143 2.1757 -0.3530
v 2.5659 2.1147 -0.3530
v 2.6160 2.0524 -0.3530
v 2.6647 1.9890 -0.3530
v 2.7119 1.9243 -0.3530
v 2.7575 1.8585 -0.3530
v 2.8016 1.7916 -0.3530
v 2.8441 1.7235 -0.3530
v 2.8850 1.6544 -0.3530
v 2.9243 1.5842 -0.3530
v 2.9619 1.5131 -0.3530
v 2.9979 1.4408 -0.3530
v 3.0321 1.3677 -0.3530
v 3.0646 1.2935 -0.3530
v 3.0953 1.2185 -0.3530
v 3.1242 1.1425 -0.3530
v 3.1513 1.0657 -0.3530
v 3.1766 0.9881 -0.3530
v 3.2000 0.9096 -0.3530
v 3.2215 0.8303 -0.3530
v 3.2410 0.7503 -0.3530
v 3.2587 0.6695 -0.3530
v 3.2743 0.5881 -0.3530
v 3.2880 0.5059 -0.3530
v 3.2996 0.4231 -0.3530
v 3.3092 0.3396 -0.3530
v 3.3167 0.2556 -0.3530
v 3.3220 0.1709 -0.3530
v 3.3253 0.0857 -0.3530
v 3.3264 0.0000 0.3530
v 3.3253 -0.0857 0.3530
v 3.3220 -0.1709 0.3530
v 3.3167 -0.2555 0.3530
v 3.3092 -0.3396 0.3530
v 3.2996 -0.4231 0.3530
v 3.2880 -0.5059 0.3530
v 3.2743 -0.5881 0.3530
v 3.2587 -0.6695 0.3530
v 3.2410 -0.7503 0.3530
v 3.2215 -0.8303 0.3530
v 3.2000 -0.9096 0.3530
v 3.1766 -0.9881 0.3530
v 3.1513 -1.0657 0.3530
v 3.1242 -1.1425 0.3530
v 3.0953 -1.2185 0.3530
v 3.0646 -1.2935 0.3530
v 3.0321 -1.3677 0.3530
v 2.9979 -1.4408 0.3530
v 2.9619 -1.5130 0.3530
v 2.9243 -1.5842 0.3530
v 2.8850 -1.6544 0.3530
v 2.8441 -1.7235 0.3530
v 2.8016 -1.7916 0.3530
v 2.7575 -1.8585 0.3530
v 2.7119 -1.9243 0.3530
v 2.6647 -1.9890 0.3530
v 2.6160 -2.0524 0.3530
v 2.5659 -2.1147 0.3530
v 2.5143 -2.1757 0.3530
v 2.4612 -2.2354 0.3530
v 2.4068 -2.2939 0.3530
v 2.3510 -2.3510 0.3530
v 2.2939 -2.4068 0.3530
v 2.2354 -2.4612 0.3530
v 2.1757 -2.5142 0.3530
v 2.1147 -2.5658 0.3530
v 2.0524 -2.6160 0.3530
v 1.9890 -2.6647 0.3530
v 1.9243 -2.7119 0.3530
v 1.8585 -2.7575 0.3530
v 1.7916 -2.8016 0.3530
v 1.7235 -2.8441 0.3530
v 1.6544 -2.8850 0.3530
v 1.5842 -2.9243 0.3530
v 1.5131 -2.9619 0.3530
v 1.4408 -2.9979 0.3530
v 1.3677 -3.0321 0.3530
v 1.2935 -3.0646 0.3530
v 1.2185 -3.0953 0.3530
v 1.1425 -3.1242 0.3530
v 1.0657 -3.1513 0.3530
v 0.9881 -3.1766 0.3530
v 0.9096 -3.2000 0.3530
v 0.8303 -3.2215 0.3530
v 0.7503 -3.2410 0.3530
v 0.6695 -3.2587 0.3530
v 0.5881 -3.2743 0.3530
v 0.5059 -3.2880 0.3530
v 0.4231 -3.2996 0.3530
v 0.3396 -3.3092 0.3530
v 0.2556 -3.3167 0.3530
v 0.1709 -3.3220 0.3530
v 0.0857 -3.3253 0.3530
v 0.0000 -3.3264 0.3530
v -0.0857 -3.3253 0.3530
v -0.1709 -3.3220 0.3530
v -0.2555 -3.3167 0.3530
v -0.3396 -3.3092 0.3530
v -0.4231 -3.2996 0.3530
v -0.5059 -3.2880 0.3530
v -0.5881 -3.2743 0.3530
v -0.6695 -3.2587 0.3530
v -0.7503 -3.2410 0.3530
v -0.8303 -3.2215 0.3530
v -0.9096 -3.2000 0.3530
v -0.9881 -3.1766 0.3530
v -1.0657 -3.1513 0.3530
v -1.1425 -3.1242 0.3530
v -1.2185 -3.0953 0.3530
v -1.2935 -3.0646 0.3530
v -1.3677 -3.0321 0.3530
v -1.4408 -2.9979 0.3530
v -1.5130 -2.9619 0.3530
v -1.5842 -2.9243 0.3530
v -1.6544 -2.8850 0.3530
v -1.7235 -2.8441 0.3530
v -1.7916 -2.8016 0.3530
v -1.8585 -2.7575 0.3530
v -1.9243 -2.7119 0.3530
v -1.9890 -2.6647 0.3530
v -2.0524 -2.6160 0.3530
v -2.1147 -2.5658 0.3530
v -2.1757 -2.5142 0.3530
v -2.2354 -2.4612 0.3530
v -2.2939 -2.4068 0.3530
v -2.3510 -2.3510 0.3530
v -2.4068 -2.2939 0.3530
v -2.4612 -2.2354 0.3530
v -2.5142 -2.1757 0.3530
v -2.5658 -2.1147 0.3530
v -2.6160 -2.0524 0.3530
v -2.6647 -1.9890 0.3530
v -2.7119 -1.9243 0.3530
v -2.7575 -1.8585 0.3530
v -2.8016 -1.7916 0.3530
v -2.8441 -1.7235 0.3530
v -2.8850 -1.6544 0.3530
v -2.9243 -1.5842 0.3530
v -2.9619 -1.5130 0.3530
v -2.9979 -1.4408 0.3530
v -3.0321 -1.3677 0.3530
v -3.0646 -1.2935 0.3530
v -3.0953 -1.2185 0.3530
v -3.1242 -1.1425 0.3530
v -3.1513 -1.0657 0.3530
v -3.1766 -0.9881 0.3530
v -3.2000 -0.9096 0.3530
v -3.2215 -0.8303 0.3530
v -3.2410 -0.7503 0.3530
v -3.2587 -0.6695 0.3530
v -3.2743 -0.5881 0.3530
v -3.2880 -0.5059 0.3530
v -3.2996 -0.4231 0.3530
v -3.3092 -0.3396 0.3530
v -3.3167 -0.2555 0.3530
v -3.3220 -0.1709 0.3530
v -3.3253 -0.0857 0.3530
v -3.3264 0.0000 0.3530
v -3.3253 0.0857 0.3530
v -3.3220 0.1709 0.3530
v -3.3167 0.2556 0.3530
v -3.3092 0.3396 0.3530
v -3.2996 0.4231 0.3530
v -3.2880 0.5059 0.3530
v -3.2743 0.5881 0.3530
v -3.2587 0.6695 0.3530
v -3.2410 0.7503 0.3530
v -3.2215 0.8303 0.3530
v -3.2000 0.9096 0.3530
v -3.1766 0.9881 0.3530
v -3.1513 1.0657 0.3530
v -3.1242 1.1425 0.3530
v -3.0953 1.2185 0.3530
v -3.0646 1.2935 0.3530
v -3.0321 1.3677 0.3530
v -2.9979 1.4408 0.3530
v -2.9619 1.5131 0.3530
v -2.9243 1.5842 0.3530
v -2.8850 1.6544 0.3530
v -2.8441 1.7235 0.3530
v -2.8016 1.7916 0.3530
v -2.7575 1.8585 0.3530
v -2.7119 1.9243 0.3530
v -2.6647 1.9890 0.3530
v -2.6160 2.0524 0.3530
v -2.5658 2.1147 0.3530
v -2.5142 2.1757 0.3530
v -2.4612 2.2354 0.3530
v -2.4068 2.2939 0.3530
v -2.3510 2.3510 0.3530
v -2.2939 2.4068 0.3530
v -2.2354 2.4612 0.3530
v -2.1757 2.5143 0.3530
v -2.1147 2.5659 0.3530
v -2.0524 2.6160 0.3530
v -1.9890 2.6647 0.3530
v -1.9243 2.7119 0.3530
v -1.8585 2.7575 0.3530
v -1.7916 2.8016 0.3530
v -1.7235 2.8441 0.3530
v -1.6544 2.8850 0.3530
v -1.5842 2.9243 0.3530
v -1.5130 2.9619 0.3530
v -1.4408 2.9979 0.3530
v -1.3677 3.0321 0.3530
v -1.2935 3.0646 0.3530
v -1.2185 3.0953 0.3530
v -1.1425 3.1242 0.3530
v -1.0657 3.1513 0.3530
v -0.9881 3.1766 0.3530
v -0.9096 3.2000 0.3530
v -0.8303 3.2215 0.3530
v -0.7503 3.2410 0.3530
v -0.6695 3.2587 0.3530
v -0.5881 3.2743 0.3530
v -0.5059 3.2880 0.3530
v -0.4231 3.2996 0.3530
v -0.3396 3.3092 0.3530
v -0.2555 3.3167 0.3530
v -0.1709 3.3220 0.3530
v -0.0857 3.3253 0.3530
v 0.0000 3.3264 0.3530
v 0.0857 3.3253 0.3530
v 0.1709 3.3220 0.3530
v 0.2556 3.3167 0.3530
v 0.3396 3.3092 0.3530
v 0.4231 3.2996 0.3530
v 0.5059 3.2880 0.3530
v 0.5881 3.2743 0.3530
v 0.6695 3.2587 0.3530
v 0.7503 3.2410 0.3530
v 0.8303 3.2215 0.3530
v 0.9096 3.2000 0.3530
v 0.9881 3.1766 0.3530
v 1.0657 3.1513 0.3530
v 1.1425 3.1242 0.3530
v 1.2185 3.0953 0.3530
v 1.2935 3.0646 0.3530
v 1.3677 3.0321 0.3530
v 1.4408 2.9979 0.3530
v 1.5131 2.9619 0.3530
v 1.5842 2.9243 0.3530
v 1.6544 2.8850 0.3530
v 1.7235 2.8441 0.3530
v 1.7916 2.8016 0.3530
v 1.8585 2.7575 0.3530
v 1.9243 2.7119 0.3530
v 1.9890 2.6647 0.3530
v 2.0524 2.6160 0.3530
v 2.1147 2.5659 0.3530
v 2.1757 2.5143 0.3530
v 2.2354 2.4612 0.3530
v 2.2939 2.4068 0.3530
v 2.3510 2.3510 0.3530
v 2.4068 2.2939 0.3530
v 2.4612 2.2354 0.3530
v 2.5143 2.1757 0.3530
v 2.5659 2.1147 0.3530
v 2.6160 2.0524 0.3530
v 2.6647 1.9890 0.3530
v 2.7119 1.9243 0.3530
v 2.7575 1.8585 0.3530
v 2.8016 1.7916 0.3530
v 2.8441 1.7235 0.3530
v 2.8850 1.6544 0.3530
v 2.9243 1.5842 0.3530
v 2.9619 1.5131 0.3530
v 2.9979 1.4408 0.3530
v 3.0321 1.3677 0.3530
v 3.0646 1.2935 0.3530
v 3.0953 1.2185 0.3530
v 3.1242 1.1425 0.3530
v 3.1513 1.0657 0.3530
v 3.1766 0.9881 0.3530
v 3.2000 0.9096 0.3530
v 3.2215 0.8303 0.3530
v 3.2410 0.7503 0.3530
v 3.2587 0.6695 0.3530
v 3.2743 0.5881 0.3530
v 3.2880 0.5059 0.3530
v 3.2996 0.4231 0.3530
v 3.3092 0.3396 0.3530
v 3.3167 0.2556 0.3530
v 3.3220 0.1709 0.3530
v 3.3253 0.0857 0.3530
v 3.3258 -0.0429 -0.0000
v 3.3237 -0.1283 -0.0000
v 3.3194 -0.2132 -0.0000
v 3.3129 -0.2976 -0.0000
v 3.3044 -0.3813 -0.0000
v 3.2938 -0.4645 -0.0000
v 3.2812 -0.5470 -0.0000
v 3.2665 -0.6288 -0.0000
v 3.2499 -0.7099 -0.0000
v 3.2313 -0.7903 -0.0000
v 3.2107 -0.8700 -0.0000
v 3.1883 -0.9488 -0.0000
v 3.1639 -1.0269 -0.0000
v 3.1378 -1.1041 -0.0000
v 3.1097 -1.1805 -0.0000
v 3.0799 -1.2560 -0.0000
v 3.0483 -1.3306 -0.0000
v 3.0150 -1.4042 -0.0000
v 2.9799 -1.4769 -0.0000
v 2.9431 -1.5486 -0.0000
v 2.9047 -1.6193 -0.0000
v 2.8646 -1.6890 -0.0000
v 2.8229 -1.7576 -0.0000
v 2.7796 -1.8251 -0.0000
v 2.7347 -1.8914 -0.0000
v 2.6883 -1.9566 -0.0000
v 2.6403 -2.0207 -0.0000
v 2.5909 -2.0835 -0.0000
v 2.5400 -2.1452 -0.0000
v 2.4877 -2.2055 -0.0000
v 2.4340 -2.2646 -0.0000
v 2.3789 -2.3224 -0.0000
v 2.3224 -2.3789 -0.0000
v 2.2647 -2.4340 -0.0000
v 2.2056 -2.4877 -0.0000
v 2.1452 -2.5400 -0.0000
v 2.0835 -2.5909 -0.0000
v 2.0207 -2.6403 -0.0000
v 1.9567 -2.6883 -0.0000
v 1.8914 -2.7347 -0.0000
v 1.8251 -2.7796 -0.0000
v 1.7576 -2.8229 -0.0000
v 1.6890 -2.8646 -0.0000
v 1.6193 -2.9047 -0.0000
v 1.5487 -2.9431 -0.0000
v 1.4769 -2.9799 -0.0000
v 1.4043 -3.0150 -0.0000
v 1.3306 -3.0483 -0.0000
v 1.2560 -3.0799 -0.0000
v 1.1805 -3.1097 -0.0000
v 1.1041 -3.1378 -0.0000
v 1.0269 -3.1639 -0.0000
v 0.9488 -3.1883 -0.0000
v 0.8700 -3.2107 -0.0000
v 0.7903 -3.2313 -0.0000
v 0.7099 -3.2499 -0.0000
v 0.6288 -3.2665 -0.0000
v 0.5470 -3.2812 -0.0000
v 0.4645 -3.2938 -0.0000
v 0.3814 -3.3044 -0.0000
v 0.2976 -3.3129 -0.0000
v 0.2132 -3.3194 -0.0000
v 0.1283 -3.3237 -0.0000
v 0.0429 -3.3258 -0.0000
v -0.0429 -3.3258 -0.0000
v -0.1283 -3.3237 -0.0000
v -0.2132 -3.3194 -0.0000
v -0.2976 -3.3129 -0.0000
v -0.3813 -3.3044 -0.0000
v -0.4645 -3.2938 -0.0000
v -0.5470 -3.2812 -0.0000
v -0.6288 -3.2665 -0.0000
v -0.7099 -3.2499 -0.0000
v -0.7903 -3.2313 -0.0000
v -0.8700 -3.2107 -0.0000
v -0.9488 -3.1883 -0.0000
v -1.0269 -3.1639 -0.0000
v -1.1041 -3.1378 -0.0000
v -1.1805 -3.1097 -0.0000
v -1.2560 -3.0799 -0.0000
v -1.3306 -3.0483 -0.0000
v -1.4042 -3.0150 -0.0000
v -1.4769 -2.9799 -0.0000
v -1.5486 -2.9431 -0.0000
v -1.6193 -2.9047 -0.0000
v -1.6890 -2.8646 -0.0000
v -1.7576 -2.8229 -0.0000
v -1.8251 -2.7796 -0.0000
v -1.8914 -2.7347 -0.0000
v -1.9566 -2.6883 -0.0000
v -2.0207 -2.6403 -0.0000
v -2.0835 -2.5909 -0.0000
v -2.1452 -2.5400 -0.0000
v -2.2055 -2.4877 -0.0000
v -2.2646 -2.4340 -0.0000
v -2.3224 -2.3789 -0.0000
v -2.3789 -2.3224 -0.0000
v -2.4340 -2.2646 -0.0000
v -2.4877 -2.2055 -0.0000
v -2.5400 -2.1452 -0.0000
v -2.5909 -2.0835 -0.0000
v -2.6403 -2.0207 -0.0000
v -2.6883 -1.9566 -0.0000
v -2.7347 -1.8914 -0.0000
v -2.7796 -1.8251 -0.0000
v -2.8229 -1.7576 -0.0000
v -2.8646 -1.6890 -0.0000
v -2.9047 -1.6193 -0.0000
v -2.9431 -1.5486 -0.0000
v -2.9799 -1.4769 -0.0000
v -3.0150 -1.4042 -0.0000
v -3.0483 -1.3306 -0.0000
v -3.0799 -1.2560 -0.0000
v -3.1097 -1.1805 -0.0000
v -3.1378 -1.1041 -0.0000
v -3.1639 -1.0269 -0.0000
v -3.1883 -0.9488 -0.0000
v -3.2107 -0.8700 -0.0000
v -3.2313 -0.7903 -0.0000
v -3.2499 -0.7099 -0.0000
v -3.2665 -0.6288 -0.0000
v -3.2812 -0.5470 -0.0000
v -3.2938 -0.4645 -0.0000
v -3.3044 -0.3813 -0.0000
v -3.3129 -0.2976 -0.0000
v -3.3194 -0.2132 -0.0000
v -3.3237 -0.1283 -0.0000
v -3.3258 -0.0429 -0.0000
v -3.3258 0.0429 -0.0000
v -3.3237 0.1283 -0.0000
v -3.3194 0.2132 -0.0000
v -3.3129 0.2976 -0.0000
v -3.3044 0.3814 -0.0000
v -3.2938 0.4645 -0.0000
v -3.2812 0.5470 -0.0000
v -3.2665 0.6288 -0.0000
v -3.2499 0.7099 -0.0000
v -3.2313 0.7903 -0.0000
v -3.2107 0.8700 -0.0000
v -3.1883 0.9488 -0.0000
v -3.1639 1.0269 -0.0000
v -3.1378 1.1041 -0.0000
v -3.1097 1.1805 -0.0000
v -3.0799 1.2560 -0.0000
v -3.0483 1.3306 -0.0000
v -3.0150 1.4043 -0.0000
v -2.9799 1.4769 -0.0000
v -2.9431 1.5487 -0.0000
v -2.9047 1.6193 -0.0000
v -2.8646 1.6890 -0.0000
v -2.8229 1.7576 -0.0000
v -2.7796 1.8251 -0.0000
v -2.7347 1.8914 -0.0000
v -2.6883 1.9567 -0.0000
v -2.6403 2.0207 -0.0000
v -2.5909 2.0835 -0.0000
v -2.5400 2.1452 -0.0000
v -2.4877 2.2056 -0.0000
v -2.4340 2.2647 -0.0000
v -2.3789 2.3224 -0.0000
v -2.3224 2.3789 -0.0000
v -2.2646 2.4340 -0.0000
v -2.2055 2.4877 -0.0000
v -2.1452 2.5400 -0.0000
v -2.0835 2.5909 -0.0000
v -2.0207 2.6403 -0.0000
v -1.9566 2.6883 -0.0000
v -1.8914 2.7347 -0.0000
v -1.8251 2.7796 -0.0000
v -1.7576 2.8229 -0.0000
v -1.6890 2.8646 -0.0000
v -1.6193 2.9047 -0.0000
v -1.5486 2.9431 -0.0000
v -1.4769 2.9799 -0.0000
v -1.4042 3.0150 -0.0000
v -1.3306 3.0483 -0.0000
v -1.2560 3.0799 -0.0000
v -1.1805 3.1097 -0.0000
v -1.1041 3.1378 -0.0000
v -1.0269 3.1639 -0.0000
v -0.9488 3.1883 -0.0000
v -0.8700 3.2107 -0.0000
v -0.7903 3.2313 -0.0000
v -0.7099 3.2499 -0.0000
v -0.6288 3.2665 -0.0000
v -0.5470 3.2812 -0.0000
v -0.4645 3.2938 -0.0000
v -0.3813 3.3044 -0.0000
v -0.2976 3.3129 -0.0000
v -0.2132 3.3194 -0.0000
v -0.1283 3.3237 -0.0000
v -0.0429 3.3258 -0.0000
v 0.0429 3.3258 -0.0000
v 0.1283 3.3237 -0.0000
v 0.2132 3.3194 -0.0000
v 0.2976 3.3129 -0.0000
v 0.3814 3.3044 -0.0000
v 0.4645 3.2938 -0.0000
v 0.5470 3.2812 -0.0000
v 0.6288 3.2665 -0.0000
v 0.7099 3.2499 -0.0000
v 0.7903 3.2313 -0.0000
v 0.8700 3.2107 -0.0000
v 0.9488 3.1883 -0.0000
v 1.0269 3.1639 -0.0000
v 1.1041 3.1378 -0.0000
v 1.1805 3.1097 -0.0000
v 1.2560 3.0799 -0.0000
v 1.3306 3.0483 -0.0000
v 1.4043 3.0150 -0.0000
v 1.4769 2.9799 -0.0000
v 1.5487 2.9431 -0.0000
v 1.6193 2.9047 -0.0000
v 1.6890 2.8646 -0.0000
v 1.7576 2.8229 -0.0000
v 1.8251 2.7796 -0.0000
v 1.8914 2.7347 -0.0000
v 1.9567 2.6883 -0.0000
v 2.0207 2.6403 -0.0000
v 2.0835 2.5909 -0.0000
v 2.1452 2.5400 -0.0000
v 2.2056 2.4877 -0.0000
v 2.2647 2.4340 -0.0000
v 2.3224 2.3789 -0.0000
v 2.3789 2.3224 -0.0000
v 2.4340 2.2647 -0.0000
v 2.4877 2.2056 -0.0000
v 2.5400 2.1452 -0.0000
v 2.5909 2.0835 -0.0000
v 2.6403 2.0207 -0.0000
v 2.6883 1.9567 -0.0000
v 2.7347 1.8914 -0.0000
v 2.7796 1.8251 -0.0000
v 2.8229 1.7576 -0.0000
v 2.8646 1.6890 -0.0000
v 2.9047 1.6193 -0.0000
v 2.9431 1.5487 -0.0000
v 2.9799 1.4769 -0.0000
v 3.0150 1.4043 -0.0000
v 3.0483 1.3306 -0.0000
v 3.0799 1.2560 -0.0000
v 3.1097 1.1805 -0.0000
v 3.1378 1.1041 -0.0000
v 3.1639 1.0269 -0.0000
v 3.1883 0.9488 -0.0000
v 3.2107 0.8700 -0.0000
v 3.2313 0.7903 -0.0000
v 3.2499 0.7099 -0.0000
v 3.2665 0.6288 -0.0000
v 3.2812 0.5470 -0.0000
v 3.2938 0.4645 -0.0000
v 3.3044 0.3814 -0.0000
v 3.3129 0.2976 -0.0000
v 3.3194 0.2132 -0.0000
v 3.3237 0.1283 -0.0000
v 3.3258 0.0429 -0.0000
v 3.7135 -0.0957 -0.3530
v 3.7147 0.0000 -0.3530
v 3.7135 0.0957 -0.3530
v 3.7098 0.1909 -0.3530
v 3.7038 0.2854 -0.3530
v 3.6955 0.3793 -0.3530
v 3.6848 0.4725 -0.3530
v 3.6718 0.5650 -0.3530
v 3.6566 0.6567 -0.3530
v 3.6391 0.7477 -0.3530
v 3.6194 0.8379 -0.3530
v 3.5975 0.9273 -0.3530
v 3.5735 1.0158 -0.3530
v 3.5474 1.1034 -0.3530
v 3.5192 1.1901 -0.3530
v 3.4889 1.2759 -0.3530
v 3.4566 1.3607 -0.3530
v 3.4223 1.4445 -0.3530
v 3.3860 1.5273 -0.3530
v 3.3478 1.6090 -0.3530
v 3.3077 1.6897 -0.3530
v 3.2657 1.7692 -0.3530
v 3.2218 1.8476 -0.3530
v 3.1761 1.9247 -0.3530
v 3.1286 2.0007 -0.3530
v 3.0794 2.0755 -0.3530
v 3.0284 2.1490 -0.3530
v 2.9757 2.2212 -0.3530
v 2.9214 2.2920 -0.3530
v 2.8654 2.3615 -0.3530
v 2.8077 2.4297 -0.3530
v 2.7485 2.4964 -0.3530
v 2.6877 2.5616 -0.3530
v 2.6254 2.6254 -0.3530
v 2.5616 2.6877 -0.3530
v 2.4964 2.7485 -0.3530
v 2.4297 2.8077 -0.3530
v 2.3615 2.8654 -0.3530
v 2.2920 2.9214 -0.3530
v 2.2212 2.9757 -0.3530
v 2.1490 3.0284 -0.3530
v 2.0755 3.0794 -0.3530
v 2.0007 3.1286 -0.3530
v 1.9247 3.1761 -0.3530
v 1.8476 3.2218 -0.3530
v 1.7692 3.2657 -0.3530
v 1.6897 3.3077 -0.3530
v 1.6090 3.3478 -0.3530
v 1.5273 3.3860 -0.3530
v 1.4445 3.4223 -0.3530
v 1.3607 3.4566 -0.3530
v 1.2759 3.4889 -0.3530
v 1.1901 3.5192 -0.3530
v 1.1034 3.5474 -0.3530
v 1.0158 3.5735 -0.3530
v 0.9273 3.5975 -0.3530
v 0.8379 3.6194 -0.3530
v 0.7477 3.6391 -0.3530
v 0.6567 3.6566 -0.3530
v 0.5650 3.6718 -0.3530
v 0.4725 3.6848 -0.3530
v 0.3793 3.6955 -0.3530
v 0.2854 3.7038 -0.3530
v 0.1909 3.7098 -0.3530
v 0.0957 3.7135 -0.3530
v 0.0000 3.7147 -0.3530
v -0.0957 3.7135 -0.3530
v -0.1909 3.7098 -0.3530
v -0.2854 3.7038 -0.3530
v -0.3793 3.6955 -0.3530
v -0.4725 3.6848 -0.3530
v -0.5649 3.6718 -0.3530
v -0.6567 3.6566 -0.3530
v -0.7477 3.6391 -0.3530
v -0.8379 3.6194 -0.3530
v -0.9273 3.5975 -0.3530
v -1.0158 3.5735 -0.3530
v -1.1034 3.5474 -0.3530
v -1.1901 3.5192 -0.3530
v -1.2759 3.4889 -0.3530
v -1.3607 3.4566 -0.3530
v -1.4445 3.4223 -0.3530
v -1.5273 3.3860 -0.3530
v -1.6090 3.3478 -0.3530
v -1.6897 3.3077 -0.3530
v -1.7692 3.2657 -0.3530
v -1.8475 3.2218 -0.3530
v -1.9247 3.1761 -0.3530
v -2.0007 3.1286 -0.3530
v -2.0755 3.0794 -0.3530
v -2.1490 3.0284 -0.3530
v -2.2211 2.9757 -0.3530
v -2.2920 2.9214 -0.3530
v -2.3615 2.8654 -0.3530
v -2.4296 2.8077 -0.3530
v -2.4964 2.7485 -0.3530
v -2.5616 2.6877 -0.3530
v -2.6254 2.6254 -0.3530
v -2.6877 2.5616 -0.3530
v -2.7485 2.4964 -0.3530
v -2.8077 2.4297 -0.3530
v -2.8654 2.3615 -0.3530
v -2.9214 2.2920 -0.3530
v -2.9757 2.2212 -0.3530
v -3.0284 2.1490 -0.3530
v -3.0794 2.0755 -0.3530
v -3.1286 2.0007 -0.3530
v -3.1761 1.9247 -0.3530
v -3.2218 1.8476 -0.3530
v -3.2657 1.7692 -0.3530
v -3.3077 1.6897 -0.3530
v -3.3478 1.6090 -0.3530
v -3.3860 1.5273 -0.3530
v -3.4223 1.4445 -0.3530
v -3.4566 1.3607 -0.3530
v -3.4889 1.2759 -0.3530
v -3.5192 1.1901 -0.3530
v -3.5474 1.1034 -0.3530
v -3.5735 1.0158 -0.3530
v -3.5975 0.9273 -0.3530
v -3.6194 0.8379 -0.3530
v -3.6391 0.7477 -0.3530
v -3.6566 0.6567 -0.3530
v -3.6718 0.5650 -0.3530
v -3.6848 0.4725 -0.3530
v -3.6955 0.3793 -0.3530
v -3.7038 0.2854 -0.3530
v -3.7098 0.1909 -0.3530
v -3.7135 0.0957 -0.3530
v -3.7147 0.0000 -0.3530
v -3.7135 -0.0957 -0.3530
v -3.7098 -0.1909 -0.3530
v -3.7038 -0.2854 -0.3530
v -3.6955 -0.3793 -0.3530
v -3.6848 -0.4725 -0.3530
v -3.6718 -0.5649 -0.3530
v -3.6566 -0.6567 -0.3530
v -3.6391 -0.7477 -0.3530
v -3.6194 -0.8379 -0.3530
v -3.5975 -0.9273 -0.3530
v -3.5735 -1.0158 -0.3530
v -3.5474 -1.1034 -0.3530
v -3.5192 -1.1901 -0.3530
v -3.4889 -1.2759 -0.3530
v -3.4566 -1.3607 -0.3530
v -3.4223 -1.4445 -0.3530
v -3.3860 -1.5273 -0.3530
v -3.3478 -1.6090 -0.3530
v -3.3077 -1.6897 -0.3530
v -3.2657 -1.7692 -0.3530
v -3.2218 -1.8475 -0.3530
v -3.1761 -1.9247 -0.3530
v -3.1286 -2.0007 -0.3530
v -3.0794 -2.0755 -0.3530
v -3.0284 -2.1490 -0.3530
v -2.9757 -2.2211 -0.3530
v -2.9214 -2.2920 -0.3530
v -2.8654 -2.3615 -0.3530
v -2.8077 -2.4296 -0.3530
v -2.7485 -2.4964 -0.3530
v -2.6877 -2.5616 -0.3530
v -2.6254 -2.6254 -0.3530
v -2.5616 -2.6877 -0.3530
v -2.4964 -2.7485 -0.3530
v -2.4296 -2.8077 -0.3530
v -2.3615 -2.8654 -0.3530
v -2.2920 -2.9214 -0.3530
v -2.2211 -2.9757 -0.3530
v -2.1490 -3.0284 -0.3530
v -2.0755 -3.0794 -0.3530
v -2.0007 -3.1286 -0.3530
v -1.9247 -3.1761 -0.3530
v -1.8475 -3.2218 -0.3530
v -1.7692 -3.2657 -0.3530
v -1.6897 -3.3077 -0.3530
v -1.6090 -3.3478 -0.3530
v -1.5273 -3.3860 -0.3530
v -1.4445 -3.4223 -0.3530
v -1.3607 -3.4566 -0.3530
v -1.2759 -3.4889 -0.3530
v -1.1901 -3.5192 -0.3530
v -1.1034 -3.5474 -0.3530
v -1.0158 -3.5735 -0.3530
v -0.9273 -3.5975 -0.3530
v -0.8379 -3.6194 -0.3530
v -0.7477 -3.6391 -0.3530
v -0.6567 -3.6566 -0.3530
v -0.5649 -3.6718 -0.3530
v -0.4725 -3.6848 -0.3530
v -0.3793 -3.6955 -0.3530
v -0.2854 -3.7038 -0.3530
v -0.1909 -3.7098 -0.3530
v -0.0957 -3.7135 -0.3530
v 0.0000 -3.7147 -0.3530
v 0.0957 -3.7135 -0.3530
v 0.1909 -3.7098 -0.3530
v 0.2854 -3.7038 -0.3530
v 0.3793 -3.6955 -0.3530
v 0.4725 -3.6848 -0.3530
v 0.5650 -3.6718 -0.3530
v 0.6567 -3.6566 -0.3530
v 0.7477 -3.6391 -0.3530
v 0.8379 -3.6194 -0.3530
v 0.9273 -3.5975 -0.3530
v 1.0158 -3.5735 -0.3530
v 1.1034 -3.5474 -0.3530
v 1.1901 -3.5192 -0.3530
v 1.2759 -3.4889 -0.3530
v 1.3607 -3.4566 -0.3530
v 1.4445 -3.4223 -0.3530
v 1.5273 -3.3860 -0.3530
v 1.6090 -3.3478 -0.3530
v 1.6897 -3.3077 -0.3530
v 1.7692 -3.2657 -0.3530
v 1.8476 -3.2218 -0.3530
v 1.9247 -3.1761 -0.3530
v 2.0007 -3.1286 -0.3530
v 2.0755 -3.0794 -0.3530
v 2.1490 -3.0284 -0.3530
v 2.2212 -2.9757 -0.3530
v 2.2920 -2.9214 -0.3530
v 2.3615 -2.8654 -0.3530
v 2.4297 -2.8077 -0.3530
v 2.4964 -2.7485 -0.3530
v 2.5616 -2.6877 -0.3530
v 2.6254 -2.6254 -0.3530
v 2.6877 -2.5616 -0.3530
v 2.7485 -2.4964 -0.3530
v 2.8077 -2.4296 -0.3530
v 2.8654 -2.3615 -0.3530
v 2.9214 -2.2920 -0.3530
v 2.9757 -2.2211 -0.3530
v 3.0284 -2.1490 -0.3530
v 3.0794 -2.0755 -0.3530
v 3.1286 -2.0007 -0.3530
v 3.1761 -1.9247 -0.3530
v 3.2218 -1.8475 -0.3530
v 3.2657 -1.7692 -0.3530
v 3.3077 -1.6897 -0.3530
v 3.3478 -1.6090 -0.3530
v 3.3860 -1.5273 -0.3530
v 3.4223 -1.4445 -0.3530
v 3.4566 -1.3607 -0.3530
v 3.4889 -1.2759 -0.3530
v 3.5192 -1.1901 -0.3530
v 3.5474 -1.1034 -0.3530
v 3.5735 -1.0158 -0.3530
v 3.5975 -0.9273 -0.3530
v 3.6194 -0.8379 -0.3530
v 3.6391 -0.7477 -0.3530
v 3.6566 -0.6567 -0.3530
v 3.6718 -0.5649 -0.3530
v 3.6848 -0.4725 -0.3530
v 3.6955 -0.3793 -0.3530
v 3.7038 -0.2854 -0.3530
v 3.7098 -0.1909 -0.3530
v 3.7135 -0.0957 0.3530
v 3.7147 0.0000 0.3530
v 3.7135 0.0957 0.3530
v 3.7098 0.1909 0.3530
v 3.7038 0.2854 0.3530
v 3.6955 0.3793 0.3530
v 3.6848 0.4725 0.3530
v 3.6718 0.5650 0.3530
v 3.6566 0.6567 0.3530
v 3.6391 0.7477 0.3530
v 3.6194 0.8379 0.3530
v 3.5975 0.9273 0.3530
v 3.5735 1.0158 0.3530
v 3.5474 1.1034 0.3530
v 3.5192 1.1901 0.3530
v 3.4889 1.2759 0.3530
v 3.4566 1.3607 0.3530
v 3.4223 1.4445 0.3530
v 3.3860 1.5273 0.3530
v 3.3478 1.6090 0.3530
v 3.3077 1.6897 0.3530
v 3.2657 1.7692 0.3530
v 3.2218 1.8476 0.3530
v 3.1761 1.9247 0.3530
v 3.1286 2.0007 0.3530
v 3.0794 2.0755 0.3530
v 3.0284 2.1490 0.3530
v 2.9757 2.2212 0.3530
v 2.9214 2.2920 0.3530
v 2.8654 2.3615 0.3530
v 2.8077 2.4297 0.3530
v 2.7485 2.4964 0.3530
v 2.6877 2.5616 0.3530
v 2.6254 2.6254 0.3530
v 2.5616 2.6877 0.3530
v 2.4964 2.7485 0.3530
v 2.4297 2.8077 0.3530
v 2.3615 2.8654 0.3530
v 2.2920 2.9214 0.3530
v 2.2212 2.9757 0.3530
v 2.1490 3.0284 0.3530
v 2.0755 3.0794 0.3530
v 2.0007 3.1286 0.3530
v 1.9247 3.1761 0.3530
v 1.8476 3.2218 0.3530
v 1.7692 3.2657 0.3530
v 1.6897 3.3077 0.3530
v 1.6090 3.3478 0.3530
v 1.5273 3.3860 0.3530
v 1.4445 3.4223 0.3530
v 1.3607 3.4566 0.3530
v 1.2759 3.4889 0.3530
v 1.1901 3.5192 0.3530
v 1.1034 3.5474 0.3530
v 1.0158 3.5735 0.3530
v 0.9273 3.5975 0.3530
v 0.8379 3.6194 0.3530
v 0.7477 3.6391 0.3530
v 0.6567 3.6566 0.3530
v 0.5650 3.6718 0.3530
v 0.4725 3.6848 0.3530
v 0.3793 3.6955 0.3530
v 0.2854 3.7038 0.3530
v 0.1909 3.7098 0.3530
v 0.0957 3.7135 0.3530
v 0.0000 3.7147 0.3530
v -0.0957 3.7135 0.3530
v -0.1909 3.7098 0.3530
v -0.2854 3.7038 0.3530
v -0.3793 3.6955 0.3530
v -0.4725 3.6848 0.3530
v -0.5649 3.6718 0.3530
v -0.6567 3.6566 0.3530
v -0.7477 3.6391 0.3530
v -0.8379 3.6194 0.3530
v -0.9273 3.5975 0.3530
v -1.0158 3.5735 0.3530
v -1.1034 3.5474 0.3530
v -1.1901 3.5192 0.3530
v -1.2759 3.4889 0.3530
v -1.3607 3.4566 0.3530
v -1.4445 3.4223 0.3530
v -1.5273 3.3860 0.3530
v -1.6090 3.3478 0.3530
v -1.6897 3.3077 0.3530
v -1.7692 3.2657 0.3530
v -1.8475 3.2218 0.3530
v -1.9247 3.1761 0.3530
v -2.0007 3.1286 0.3530
v -2.0755 3.0794 0.3530
v -2.1490 3.0284 0.3530
v -2.2211 2.9757 0.3530
v -2.2920 2.9214 0.3530
v -2.3615 2.8654 0.3530
v -2.4296 2.8077 0.3530
v -2.4964 2.7485 0.3530
v -2.5616 2.6877 0.3530
v -2.6254 2.6254 0.3530
v -2.6877 2.5616 0.3530
v -2.7485 2.4964 0.3530
v -2.8077 2.4297 0.3530
v -2.8654 2.3615 0.3530
v -2.9214 2.2920 0.3530
v -2.9757 2.2212 0.3530
v -3.0284 2.1490 0.3530
v -3.0794 2.0755 0.3530
v -3.1286 2.0007 0.3530
v -3.1761 1.9247 0.3530
v -3.2218 1.8476 0.3530
v -3.2657 1.7692 0.3530
v -3.3077 1.6897 0.3530
v -3.3478 1.6090 0.3530
v -3.3860 1.5273 0.3530
v -3.4223 1.4445 0.3530
v -3.4566 1.3607 0.3530
v -3.4889 1.2759 0.3530
v -3.5192 1.1901 0.3530
v -3.5474 1.1034 0.3530
v -3.5735 1.0158 0.3530
v -3.5975 0.9273 0.3530
v -3.6194 0.8379 0.3530
v -3.6391 0.7477 0.3530
v -3.6566 0.6567 0.3530
v -3.6718 0.5650 0.3530
v -3.6848 0.4725 0.3530
v -3.6955 0.3793 0.3530
v -3.7038 0.2854 0.3530
v -3.7098 0.1909 0.3530
v -3.7135 0.0957 0.3530
v -3.7147 0.0000 0.3530
v -3.7135 -0.0957 0.3530
v -3.7098 -0.1909 0.3530
v -3.7038 -0.2854 0.3530
v -3.6955 -0.3793 0.3530
v -3.6848 -0.4725 0.3530
v -3.6718 -0.5649 0.3530
v -3.6566 -0.6567 0.3530
v -3.6391 -0.7477 0.3530
v -3.6194 -0.8379 0.3530
v -3.5975 -0.9273 0.3530
v -3.5735 -1.0158 0.3530
v -3.5474 -1.1034 0.3530
v -3.5192 -1.1901 0.3530
v -3.4889 -1.2759 0.3530
v -3.4566 -1.3607 0.3530
v -3.4223 -1.4445 0.3530
v -3.3860 -1.5273 0.3530
v -3.3478 -1.6090 0.3530
v -3.3077 -1.6897 0.3530
v -3.2657 -1.7692 0.3530
v -3.2218 -1.8475 0.3530
v -3.1761 -1.9247 0.3530
v -3.1286 -2.0007 0.3530
v -3.0794 -2.0755 0.3530
v -3.0284 -2.1490 0.3530
v -2.9757 -2.2211 0.3530
v -2.9214 -2.2920 0.3530
v -2.8654 -2.3615 0.3530
v -2.8077 -2.4296 0.3530
v -2.7485 -2.4964 0.3530
v -2.6877 -2.5616 0.3530
v -2.6254 -2.6254 0.3530
v -2.5616 -2.6877 0.3530
v -2.4964 -2.7485 0.3530
v -2.4296 -2.8077 0.3530
v -2.3615 -2.8654 0.3530
v -2.2920 -2.9214 0.3530
v -2.2211 -2.9757 0.3530
v -2.1490 -3.0284 0.3530
v -2.0755 -3.0794 0.3530
v -2.0007 -3.1286 0.3530
v -1.9247 -3.1761 0.3530
v -1.8475 -3.2218 0.3530
v -1.7692 -3.2657 0.3530
v -1.6897 -3.3077 0.3530
v -1.6090 -3.3478 0.3530
v -1.5273 -3.3860 0.3530
v -1.4445 -3.4223 0.3530
v -1.3607 -3.4566 0.3530
v -1.2759 -3.4889 0.3530
v -1.1901 -3.5192 0.3530
v -1.1034 -3.5474 0.3530
v -1.0158 -3.5735 0.3530
v -0.9273 -3.5975 0.3530
v -0.8379 -3.6194 0.3530
v -0.7477 -3.6391 0.3530
v -0.6567 -3.6566 0.3530
v -0.5649 -3.6718 0.3530
v -0.4725 -3.6848 0.3530
v -0.3793 -3.6955 0.3530
v -0.2854 -3.7038 0.3530
v -0.1909 -3.7098 0.3530
v -0.0957 -3.7135 0.3530
v 0.0000 -3.7147 0.3530
v 0.0957 -3.7135 0.3530
v 0.1909 -3.7098 0.3530
v 0.2854 -3.7038 0.3530
v 0.3793 -3.6955 0.3530
v 0.4725 -3.6848 0.3530
v 0.5650 -3.6718 0.3530
v 0.6567 -3.6566 0.3530
v 0.7477 -3.6391 0.3530
v 0.8379 -3.6194 0.3530
v 0.9273 -3.5975 0.3530
v 1.0158 -3.5735 0.3530
v 1.1034 -3.5474 0.3530
v 1.1901 -3.5192 0.3530
v 1.2759 -3.4889 0.3530
v 1.3607 -3.4566 0.3530
v 1.4445 -3.4223 0.3530
v 1.5273 -3.3860 0.3530
v 1.6090 -3.3478 0.3530
v 1.6897 -3.3077 0.3530
v 1.7692 -3.2657 0.3530
v 1.8476 -3.2218 0.3530
v 1.9247 -3.1761 0.3530
v 2.0007 -3.1286 0.3530
v 2.0755 -3.0794 0.3530
v 2.1490 -3.0284 0.3530
v 2.2212 -2.9757 0.3530
v 2.2920 -2.9214 0.3530
v 2.3615 -2.8654 0.3530
v 2.4297 -2.8077 0.3530
v 2.4964 -2.7485 0.3530
v 2.5616 -2.6877 0.3530
v 2.6254 -2.6254 0.3530
v 2.6877 -2.5616 0.3530
v 2.7485 -2.4964 0.3530
v 2.8077 -2.4296 0.3530
v 2.8654 -2.3615 0.3530
v 2.9214 -2.2920 0.3530
v 2.9757 -2.2211 0.3530
v 3.0284 -2.1490 0.3530
v 3.0794 -2.0755 0.3530
v 3.1286 -2.0007 0.3530
v 3.1761 -1.9247 0.3530
v 3.2218 -1.8475 0.3530
v 3.2657 -1.7692 0.3530
v 3.3077 -1.6897 0.3530
v 3.3478 -1.6090 0.3530
v 3.3860 -1.5273 0.3530
v 3.4223 -1.4445 0.3530
v 3.4566 -1.3607 0.3530
v 3.4889 -1.2759 0.3530
v 3.5192 -1.1901 0.3530
v 3.5474 -1.1034 0.3530
v 3.5735 -1.0158 0.3530
v 3.5975 -0.9273 0.3530
v 3.6194 -0.8379 0.3530
v 3.6391 -0.7477 0.3530
v 3.6566 -0.6567 0.3530
v 3.6718 -0.5649 0.3530
v 3.6848 -0.4725 0.3530
v 3.6955 -0.3793 0.3530
v 3.7038 -0.2854 0.3530
v 3.7098 -0.1909 0.3530
v 3.7141 -0.0479 -0.0000
v 3.7141 0.0479 -0.0000
v 3.7117 0.1433 -0.0000
v 3.7068 0.2381 -0.0000
v 3.6997 0.3323 -0.0000
v 3.6901 0.4259 -0.0000
v 3.6783 0.5187 -0.0000
v 3.6642 0.6108 -0.0000
v 3.6478 0.7022 -0.0000
v 3.6292 0.7928 -0.0000
v 3.6085 0.8826 -0.0000
v 3.5855 0.9715 -0.0000
v 3.5605 1.0596 -0.0000
v 3.5333 1.1468 -0.0000
v 3.5040 1.2330 -0.0000
v 3.4728 1.3183 -0.0000
v 3.4394 1.4026 -0.0000
v 3.4042 1.4859 -0.0000
v 3.3669 1.5682 -0.0000
v 3.3277 1.6494 -0.0000
v 3.2867 1.7294 -0.0000
v 3.2437 1.8084 -0.0000
v 3.1990 1.8861 -0.0000
v 3.1524 1.9627 -0.0000
v 3.1040 2.0381 -0.0000
v 3.0539 2.1122 -0.0000
v 3.0021 2.1850 -0.0000
v 2.9486 2.2566 -0.0000
v 2.8934 2.3268 -0.0000
v 2.8366 2.3956 -0.0000
v 2.7781 2.4630 -0.0000
v 2.7181 2.5290 -0.0000
v 2.6566 2.5936 -0.0000
v 2.5936 2.6566 -0.0000
v 2.5290 2.7181 -0.0000
v 2.4630 2.7781 -0.0000
v 2.3956 2.8366 -0.0000
v 2.3268 2.8934 -0.0000
v 2.2566 2.9486 -0.0000
v 2.1850 3.0021 -0.0000
v 2.1122 3.0539 -0.0000
v 2.0381 3.1040 -0.0000
v 1.9627 3.1524 -0.0000
v 1.8861 3.1990 -0.0000
v 1.8084 3.2437 -0.0000
v 1.7294 3.2867 -0.0000
v 1.6494 3.3277 -0.0000
v 1.5682 3.3669 -0.0000
v 1.4859 3.4042 -0.0000
v 1.4026 3.4394 -0.0000
v 1.3183 3.4728 -0.0000
v 1.2330 3.5040 -0.0000
v 1.1468 3.5333 -0.0000
v 1.0596 3.5605 -0.0000
v 0.9715 3.5855 -0.0000
v 0.8826 3.6085 -0.0000
v 0.7928 3.6292 -0.0000
v 0.7022 3.6478 -0.0000
v 0.6108 3.6642 -0.0000
v 0.5187 3.6783 -0.0000
v 0.4259 3.6901 -0.0000
v 0.3323 3.6997 -0.0000
v 0.2381 3.7068 -0.0000
v 0.1433 3.7117 -0.0000
v 0.0479 3.7141 -0.0000
v -0.0479 3.7141 -0.0000
v -0.1433 3.7117 -0.0000
v -0.2381 3.7068 -0.0000
v -0.3323 3.6997 -0.0000
v -0.4259 3.6901 -0.0000
v -0.5187 3.6783 -0.0000
v -0.6108 3.6642 -0.0000
v -0.7022 3.6478 -0.0000
v -0.7928 3.6292 -0.0000
v -0.8826 3.6085 -0.0000
v -0.9715 3.5855 -0.0000
v -1.0596 3.5605 -0.0000
v -1.1468 3.5333 -0.0000
v -1.2330 3.5040 -0.0000
v -1.3183 3.4728 -0.0000
v -1.4026 3.4394 -0.0000
v -1.4859 3.4042 -0.0000
v -1.5682 3.3669 -0.0000
v -1.6494 3.3277 -0.0000
v -1.7294 3.2867 -0.0000
v -1.8084 3.2437 -0.0000
v -1.8861 3.1990 -0.0000
v -1.9627 3.1524 -0.0000
v -2.0381 3.1040 -0.0000
v -2.1122 3.0539 -0.0000
v -2.1850 3.0021 -0.0000
v -2.2566 2.9486 -0.0000
v -2.3268 2.8934 -0.0000
v -2.3956 2.8366 -0.0000
v -2.4630 2.7781 -0.0000
v -2.5290 2.7181 -0.0000
v -2.5935 2.6566 -0.0000
v -2.6566 2.5936 -0.0000
v -2.7181 2.5290 -0.0000
v -2.7781 2.4630 -0.0000
v -2.8365 2.3956 -0.0000
v -2.8934 2.3268 -0.0000
v -2.9486 2.2566 -0.0000
v -3.0021 2.1850 -0.0000
v -3.0539 2.1122 -0.0000
v -3.1040 2.0381 -0.0000
v -3.1524 1.9627 -0.0000
v -3.1990 1.8861 -0.0000
v -3.2437 1.8084 -0.0000
v -3.2867 1.7294 -0.0000
v -3.3277 1.6494 -0.0000
v -3.3669 1.5682 -0.0000
v -3.4042 1.4859 -0.0000
v -3.4394 1.4026 -0.0000
v -3.4728 1.3183 -0.0000
v -3.5040 1.2330 -0.0000
v -3.5333 1.1468 -0.0000
v -3.5605 1.0596 -0.0000
v -3.5855 0.9715 -0.0000
v -3.6085 0.8826 -0.0000
v -3.6292 0.7928 -0.0000
v -3.6478 0.7022 -0.0000
v -3.6642 0.6108 -0.0000
v -3.6783 0.5187 -0.0000
v -3.6901 0.4259 -0.0000
v -3.6997 0.3323 -0.0000
v -3.7068 0.2381 -0.0000
v -3.7117 0.1433 -0.0000
v -3.7141 0.0479 -0.0000
v -3.7141 -0.0479 -0.0000
v -3.7117 -0.1433 -0.0000
v -3.7068 -0.2381 -0.0000
v -3.6997 -0.3323 -0.0000
v -3.6901 -0.4259 -0.0000
v -3.6783 -0.5187 -0.0000
v -3.6642 -0.6108 -0.0000
v -3.6478 -0.7022 -0.0000
v -3.6292 -0.7928 -0.0000
v -3.6085 -0.8826 -0.0000
v -3.5855 -0.9715 -0.0000
v -3.5605 -1.0596 -0.0000
v -3.5333 -1.1468 -0.0000
v -3.5040 -1.2330 -0.0000
v -3.4728 -1.3183 -0.0000
v -3.4394 -1.4026 -0.0000
v -3.4042 -1.4859 -0.0000
v -3.3669 -1.5682 -0.0000
v -3.3277 -1.6494 -0.0000
v -3.2867 -1.7294 -0.0000
v -3.2437 -1.8084 -0.0000
v -3.1990 -1.8861 -0.0000
v -3.1524 -1.9627 -0.0000
v -3.1040 -2.0381 -0.0000
v -3.0539 -2.1122 -0.0000
v -3.0021 -2.1850 -0.0000
v -2.9486 -2.2566 -0.0000
v -2.8934 -2.3268 -0.0000
v -2.8365 -2.3956 -0.0000
v -2.7781 -2.4630 -0.0000
v -2.7181 -2.5290 -0.0000
v -2.6566 -2.5935 -0.0000
v -2.5935 -2.6566 -0.0000
v -2.5290 -2.7181 -0.0000
v -2.4630 -2.7781 -0.0000
v -2.3956 -2.8365 -0.0000
v -2.3268 -2.8934 -0.0000
v -2.2566 -2.9486 -0.0000
v -2.1850 -3.0021 -0.0000
v -2.1122 -3.0539 -0.0000
v -2.0381 -3.1040 -0.0000
v -1.9627 -3.1524 -0.0000
v -1.8861 -3.1990 -0.0000
v -1.8084 -3.2437 -0.0000
v -1.7294 -3.2867 -0.0000
v -1.6494 -3.3277 -0.0000
v -1.5682 -3.3669 -0.0000
v -1.4859 -3.4042 -0.0000
v -1.4026 -3.4394 -0.0000
v -1.3183 -3.4728 -0.0000
v -1.2330 -3.5040 -0.0000
v -1.1468 -3.5333 -0.0000
v -1.0596 -3.5605 -0.0000
v -0.9715 -3.5855 -0.0000
v -0.8826 -3.6085 -0.0000
v -0.7928 -3.6292 -0.0000
v -0.7022 -3.6478 -0.0000
v -0.6108 -3.6642 -0.0000
v -0.5187 -3.6783 -0.0000
v -0.4259 -3.6901 -0.0000
v -0.3323 -3.6997 -0.0000
v -0.2381 -3.7068 -0.0000
v -0.1433 -3.7117 -0.0000
v -0.0479 -3.7141 -0.0000
v 0.0479 -3.7141 -0.0000
v 0.1433 -3.7117 -0.0000
v 0.2381 -3.7068 -0.0000
v 0.3323 -3.6997 -0.0000
v 0.4259 -3.6901 -0.0000
v 0.5187 -3.6783 -0.0000
v 0.6108 -3.6642 -0.0000
v 0.7022 -3.6478 -0.0000
v 0.7928 -3.6292 -0.0000
v 0.8826 -3.6085 -0.0000
v 0.9715 -3.5855 -0.0000
v 1.0596 -3.5605 -0.0000
v 1.1468 -3.5333 -0.0000
v 1.2330 -3.5040 -0.0000
v 1.3183 -3.4728 -0.0000
v 1.4026 -3.4394 -0.0000
v 1.4859 -3.4042 -0.0000
v 1.5682 -3.3669 -0.0000
v 1.6494 -3.3277 -0.0000
v 1.7294 -3.2867 -0.0000
v 1.8084 -3.2437 -0.0000
v 1.8861 -3.1990 -0.0000
v 1.9627 -3.1524 -0.0000
v 2.0381 -3.1040 -0.0000
v 2.1122 -3.0539 -0.0000
v 2.1850 -3.0021 -0.0000
v 2.2566 -2.9486 -0.0000
v 2.3268 -2.8934 -0.0000
v 2.3956 -2.8365 -0.0000
v 2.4630 -2.7781 -0.0000
v 2.5290 -2.7181 -0.0000
v 2.5936 -2.6566 -0.0000
v 2.6566 -2.5935 -0.0000
v 2.7181 -2.5290 -0.0000
v 2.7781 -2.4630 -0.0000
v 2.8366 -2.3956 -0.0000
v 2.8934 -2.3268 -0.0000
v 2.9486 -2.2566 -0.0000
v 3.0021 -2.1850 -0.0000
v 3.0539 -2.1122 -0.0000
v 3.1040 -2.0381 -0.0000
v 3.1524 -1.9627 -0.0000
v 3.1990 -1.8861 -0.0000
v 3.2437 -1.8084 -0.0000
v 3.2867 -1.7294 -0.0000
v 3.3277 -1.6494 -0.0000
v 3.3669 -1.5682 -0.0000
v 3.4042 -1.4859 -0.0000
v 3.4394 -1.4026 -0.0000
v 3.4728 -1.3183 -0.0000
v 3.5040 -1.2330 -0.0000
v 3.5333 -1.1468 -0.0000
v 3.5605 -1.0596 -0.0000
v 3.5855 -0.9715 -0.0000
v 3.6085 -0.8826 -0.0000
v 3.6292 -0.7928 -0.0000
v 3.6478 -0.7022 -0.0000
v 3.6642 -0.6108 -0.0000
v 3.6783 -0.5187 -0.0000
v 3.6901 -0.4259 -0.0000
v 3.6997 -0.3323 -0.0000
v 3.7068 -0.2381 -0.0000
v 3.7117 -0.1433 -0.0000
f 4972 5783 5784
f 4973 5782 5783
f 4971 4972 5784
f 4969 5786 5787
f 5786 4970 5785
f 5785 4971 5784
f 5788 4968 5787
f 5780 4976 5779
f 5779 4977 5778
f 5780 5781 4975
f 4974 5782 4973
f 4974 4975 5781
f 4974 5781 5782
f 5783 4972 4973
f 4975 4976 5780
f 5788 5789 4967
f 5792 4964 5791
f 5791 4965 5790
f 5792 5793 4963
f 4960 5794 5795
f 5793 4962 4963
f 5794 4962 5793
f 5795 5796 4959
f 4963 4964 5792
f 4969 5787 4968
f 4971 5785 4970
f 4970 5786 4969
f 4964 4965 5791
f 4967 5789 4966
f 4965 4966 5790
f 5788 4967 4968
f 5789 5790 4966
f 5771 4984 5770
f 5769 5770 4985
f 5771 5772 4984
f 4981 5774 5775
f 5773 5774 4982
f 5772 5773 4983
f 5776 4980 5775
f 4991 5763 5764
f 4991 4992 5763
f 5765 4990 5764
f 4987 5767 5768
f 5765 5766 4989
f 5767 4988 5766
f 4986 5768 5769
f 5763 4992 5762
f 5776 5777 4979
f 4980 4981 5775
f 4982 4983 5773
f 4981 4982 5774
f 4978 5778 4977
f 4978 4979 5777
f 4978 5777 5778
f 4980 5776 4979
f 4988 4989 5766
f 4990 4991 5764
f 4989 4990 5765
f 4984 4985 5770
f 4986 4987 5768
f 4985 4986 5769
f 4988 5767 4987
f 4983 4984 5772
f 5779 4976 4977
f 5813 4942 5812
f 5811 5812 4943
f 5813 5814 4941
f 4938 5816 5817
f 5816 4939 5815
f 4940 5814 5815
f 5817 5818 4938
f 4948 5806 5807
f 5806 4949 5805
f 5808 4947 5807
f 4945 5809 5810
f 5811 4944 5810
f 5818 4937 4938
f 5808 5809 4946
f 4938 4939 5816
f 5818 5819 4937
f 4935 5820 5821
f 4936 5819 5820
f 4934 5821 5822
f 5824 5825 4931
f 4932 5823 5824
f 4933 5822 5823
f 4930 5825 5826
f 4933 4934 5822
f 4935 4936 5820
f 4934 4935 5821
f 4929 4930 5826
f 4931 4932 5824
f 4930 4931 5825
f 4933 5823 4932
f 5826 4928 4929
f 5819 4936 4937
f 4956 5798 5799
f 5798 4957 5797
f 5800 4955 5799
f 4953 5801 5802
f 5801 4954 5800
f 5800 4954 4955
f 4952 5802 5803
f 4960 5795 4959
f 4962 5794 4961
f 4961 5794 4960
f 4955 4956 5799
f 4957 4958 5797
f 4956 4957 5798
f 5796 4958 4959
f 5803 5804 4951
f 4958 5796 5797
f 4945 5810 4944
f 4947 5808 4946
f 4946 5809 4945
f 4941 5814 4940
f 4943 5812 4942
f 4942 5813 4941
f 5811 4943 4944
f 4951 4952 5803
f 4953 4954 5801
f 4952 4953 5802
f 4949 5806 4948
f 4950 5804 5805
f 4950 5805 4949
f 4951 5804 4950
f 4948 5807 4947
f 5815 4939 4940
f 5761 4995 5760
f 5760 4996 5759
f 4994 5761 5762
f 5757 5758 4998
f 5759 4997 5758
f 4999 5756 5757
f 5756 5000 5755
f 5762 4992 4993
f 5002 5753 5754
f 5002 5752 5753
f 5754 5755 5001
f 5751 5752 5003
f 5004 5750 5751
f 5749 5750 5005
f 5006 5748 5749
f 4994 5762 4993
f 4994 4995 5761
f 4996 4997 5759
f 4995 4996 5760
f 4998 4999 5757
f 5000 5001 5755
f 4999 5000 5756
f 4997 4998 5758
f 5002 5003 5752
f 5004 5005 5750
f 5003 5004 5751
f 5006 5007 5748
f 5747 5007 5008
f 5748 5007 5747
f 5005 5006 5749
f 5001 5002 5754
f 5746 5008 5009
f 5746 5009 5745
f 5010 5744 5745
f 5746 5747 5008
f 5010 5011 5744
f 5743 5011 5012
f 5744 5011 5743
f 5010 5745 5009
f 5742 5012 5013
f 5743 5012 5742
f 5742 5013 5741
f 5014 5740 5741
f 5740 5015 5739
f 5739 5016 5738
f 5017 5737 5738
f 5737 5018 5736
f 5014 5741 5013
f 5016 5739 5015
f 5018 5737 5017
f 5017 5738 5016
f 5019 5735 5736
f 5020 5021 5734
f 5019 5020 5735
f 5019 5736 5018
f 5734 5021 5733
f 5022 5732 5733
f 5734 5735 5020
f 5730 5731 5024
f 5732 5023 5731
f 5026 5729 5730
f 5022 5023 5732
f 5022 5733 5021
f 5015 5740 5014
f 5025 5730 5024
f 5027 5729 5026
f 5026 5730 5025
f 5027 5028 5728
f 5029 5030 5726
f 5028 5029 5727
f 5027 5728 5729
f 5726 5727 5029
f 5725 5726 5030
f 5728 5028 5727
f 5723 5724 5032
f 5033 5722 5723
f 5724 5725 5031
f 5721 5722 5034
f 5725 5030 5031
f 5024 5731 5023
f 5033 5723 5032
f 5035 5721 5034
f 5034 5722 5033
f 5035 5036 5720
f 5719 5036 5037
f 5720 5036 5719
f 5035 5720 5721
f 5717 5038 5039
f 5041 5715 5040
f 5039 5040 5716
f 5037 5038 5718
f 5714 5041 5042
f 5712 5043 5044
f 5713 5042 5043
f 5711 5044 5045
f 5032 5724 5031
f 5717 5718 5038
f 5716 5717 5039
f 5719 5037 5718
f 5041 5714 5715
f 5708 5047 5048
f 5046 5047 5709
f 5715 5716 5040
f 5710 5045 5046
f 5713 5043 5712
f 5712 5044 5711
f 5042 5713 5714
f 5710 5046 5709
f 5709 5047 5708
f 5045 5710 5711
f 5707 5708 5048
f 5048 5706 5707
f 5049 5050 5705
f 5051 5052 5703
f 5050 5051 5704
f 5053 5054 5701
f 5055 5056 5699
f 5054 5055 5700
f 5052 5053 5702
f 5706 5049 5705
f 5705 5050 5704
f 5703 5704 5051
f 5052 5702 5703
f 5053 5701 5702
f 5700 5701 5054
f 5055 5699 5700
f 5056 5698 5699
f 5049 5706 5048
f 5828 4927 5827
f 4926 5828 5829
f 5829 5830 4925
f 4923 5831 5832
f 5832 5833 4922
f 5830 5831 4924
f 5833 5834 4921
f 4927 4928 5827
f 4925 4926 5829
f 4927 5828 4926
f 4923 4924 5831
f 4921 4922 5833
f 4923 5832 4922
f 4925 5830 4924
f 5834 4920 4921
f 5827 4928 5826
f 4920 5835 5836
f 5836 5837 4919
f 5837 5838 4918
f 5839 4917 5838
f 4916 5839 5840
f 5838 4917 4918
f 5841 4915 5840
f 5836 4919 4920
f 4914 5841 5842
f 4919 5837 4918
f 4913 5842 5843
f 4911 5844 5845
f 5845 5846 4910
f 5844 4912 5843
f 4909 5846 5847
f 5835 4920 5834
f 4917 5839 4916
f 4915 5841 4914
f 5840 4915 4916
f 5843 4912 4913
f 4913 4914 5842
f 4912 5844 4911
f 4910 4911 5845
f 4908 5847 5848
f 4910 5846 4909
f 4907 4908 5848
f 5847 4908 4909
f 5850 4905 4906
f 5852 4903 4904
f 4904 4905 5851
f 4906 4907 5849
f 4907 5848 5849
f 5850 5851 4905
f 5851 5852 4904
f 4903 5852 5853
f 4902 5853 5854
f 5854 5855 4901
f 4902 4903 5853
f 4900 5855 5856
f 4901 4902 5854
f 4899 4900 5856
f 4901 5855 4900
f 5858 4897 4898
f 5859 4895 4896
f 4896 4897 5858
f 4898 4899 5857
f 4899 5856 5857
f 5850 4906 5849
f 5859 4896 5858
f 4895 5860 4894
f 4895 5859 5860
f 5858 4898 5857
f 5861 4893 4894
f 5861 5862 4893
f 5861 4894 5860
f 4892 5862 5863
f 4892 4893 5862
f 5864 4890 4891
f 4892 5863 4891
f 5866 4888 4889
f 5868 4886 4887
f 4887 4888 5867
f 4889 4890 5865
f 5864 4891 5863
f 4889 5865 5866
f 5866 5867 4888
f 5868 4887 5867
f 4886 5869 4885
f 5869 5870 4885
f 5869 4886 5868
f 5870 5871 4884
f 4885 5870 4884
f 4882 4883 5872
f 5871 4883 4884
f 5873 4881 4882
f 5873 5874 4881
f 5873 4882 5872
f 5872 4883 5871
f 4880 5874 5875
f 5865 4890 5864
f 4881 5874 4880
f 4878 4879 5876
f 5875 4879 4880
f 4876 4877 5878
f 4874 4875 5880
f 4876 5879 4875
f 4878 5877 4877
f 4872 4873 5883
f 4870 4871 5885
f 4872 5884 4871
f 4868 4869 5887
f 4866 4867 5633
f 4868 5888 4867
f 4870 5886 4869
f 4874 5882 4873
f 4877 5877 5878
f 5878 5879 4876
f 5880 4875 5879
f 4874 5881 5882
f 5882 5883 4873
f 4874 5880 5881
f 5883 5884 4872
f 5886 4870 5885
f 5887 5888 4868
f 4869 5886 5887
f 4871 5884 5885
f 5634 4866 5633
f 4865 4866 5634
f 5888 5633 4867
f 4865 5634 5120
f 5877 4878 5876
f 5876 4879 5875
f 5677 5077 5078
f 5679 5075 5076
f 5076 5077 5678
f 5081 5082 5673
f 5079 5080 5675
f 5081 5674 5080
f 5078 5079 5676
f 5685 5069 5070
f 5687 5067 5068
f 5068 5069 5686
f 5681 5073 5074
f 5683 5071 5072
f 5072 5073 5682
f 5684 5070 5071
f 5074 5075 5680
f 5085 5086 5669
f 5083 5084 5671
f 5085 5670 5084
f 5666 5088 5089
f 5668 5086 5087
f 5087 5088 5667
f 5669 5086 5668
f 5080 5674 5675
f 5079 5675 5676
f 5673 5674 5081
f 5083 5671 5672
f 5672 5673 5082
f 5084 5670 5671
f 5085 5669 5670
f 5089 5090 5666
f 5672 5082 5083
f 5676 5677 5078
f 5059 5060 5696
f 5057 5058 5698
f 5059 5697 5058
f 5063 5064 5692
f 5061 5062 5694
f 5063 5693 5062
f 5060 5061 5695
f 5695 5696 5060
f 5696 5697 5059
f 5697 5698 5058
f 5692 5693 5063
f 5694 5062 5693
f 5694 5695 5061
f 5692 5064 5691
f 5064 5065 5691
f 5057 5698 5056
f 5690 5065 5066
f 5683 5072 5682
f 5681 5682 5073
f 5071 5683 5684
f 5075 5679 5680
f 5074 5680 5681
f 5076 5678 5679
f 5077 5677 5678
f 5688 5066 5067
f 5688 5689 5066
f 5689 5690 5066
f 5687 5068 5686
f 5688 5067 5687
f 5685 5686 5069
f 5684 5685 5070
f 5065 5690 5691
f 5114 5115 5640
f 5112 5113 5642
f 5114 5641 5113
f 5118 5119 5636
f 5116 5117 5638
f 5118 5637 5117
f 5115 5116 5639
f 5106 5107 5649
f 5651 5104 5105
f 5105 5106 5650
f 5110 5111 5645
f 5108 5109 5647
f 5110 5646 5109
f 5107 5108 5648
f 5112 5644 5111
f 5639 5640 5115
f 5116 5638 5639
f 5641 5114 5640
f 5641 5642 5113
f 5118 5636 5637
f 5117 5637 5638
f 5119 5635 5636
f 5120 5634 5635
f 5647 5109 5646
f 5648 5108 5647
f 5649 5107 5648
f 5644 5645 5111
f 5110 5645 5646
f 5644 5112 5643
f 5112 5642 5643
f 5119 5120 5635
f 5649 5650 5106
f 5662 5094 5661
f 5092 5093 5663
f 5094 5662 5093
f 5658 5097 5098
f 5660 5095 5096
f 5096 5097 5659
f 5661 5094 5095
f 5666 5667 5088
f 5090 5665 5666
f 5668 5087 5667
f 5091 5665 5090
f 5664 5091 5092
f 5665 5091 5664
f 5663 5664 5092
f 5093 5662 5663
f 5098 5099 5657
f 5102 5103 5653
f 5655 5100 5101
f 5101 5102 5654
f 5652 5103 5104
f 5653 5103 5652
f 5651 5652 5104
f 5105 5650 5651
f 5653 5654 5102
f 5659 5097 5658
f 5660 5096 5659
f 5661 5095 5660
f 5655 5656 5100
f 5099 5656 5657
f 5658 5098 5657
f 5655 5101 5654
f 5099 5100 5656
f 5527 4716 5528
f 5526 4717 5527
f 4716 4715 5528
f 5530 4713 5531
f 4714 5530 5529
f 4715 5529 5528
f 4712 5532 5531
f 4720 5524 5523
f 4721 5523 5522
f 5525 5524 4719
f 5526 4718 4717
f 4719 4718 5525
f 5525 4718 5526
f 4716 5527 4717
f 4720 4719 5524
f 5533 5532 4711
f 4708 5536 5535
f 4709 5535 5534
f 5537 5536 4707
f 5538 4704 5539
f 4706 5537 4707
f 4706 5538 5537
f 5540 5539 4703
f 4708 4707 5536
f 5531 4713 4712
f 5529 4715 4714
f 5530 4714 4713
f 4709 4708 5535
f 5533 4711 4710
f 4710 4709 5534
f 4711 5532 4712
f 5534 5533 4710
f 4728 5515 5514
f 5514 5513 4729
f 5516 5515 4728
f 5518 4725 5519
f 5518 5517 4726
f 5517 5516 4727
f 4724 5520 5519
f 5507 4735 5508
f 4736 4735 5507
f 4734 5509 5508
f 5511 4731 5512
f 5510 5509 4733
f 4732 5511 5510
f 5512 4730 5513
f 4736 5507 5506
f 5521 5520 4723
f 4725 4724 5519
f 4727 4726 5517
f 4726 4725 5518
f 5522 4722 4721
f 4723 4722 5521
f 5521 4722 5522
f 5520 4724 4723
f 4733 4732 5510
f 4735 4734 5508
f 4734 4733 5509
f 4729 4728 5514
f 4731 4730 5512
f 4730 4729 5513
f 5511 4732 4731
f 4728 4727 5516
f 4720 5523 4721
f 4686 5557 5556
f 5556 5555 4687
f 5558 5557 4685
f 5560 4682 5561
f 4683 5560 5559
f 5558 4684 5559
f 5562 5561 4682
f 5550 4692 5551
f 4693 5550 5549
f 4691 5552 5551
f 5553 4689 5554
f 4688 5555 5554
f 4681 5562 4682
f 5553 5552 4690
f 4683 4682 5560
f 5563 5562 4681
f 5564 4679 5565
f 5563 4680 5564
f 5565 4678 5566
f 5569 5568 4675
f 5567 4676 5568
f 5566 4677 5567
f 5569 4674 5570
f 4678 4677 5566
f 4680 4679 5564
f 4679 4678 5565
f 4674 4673 5570
f 4676 4675 5568
f 4675 4674 5569
f 5567 4677 4676
f 4672 5570 4673
f 4680 5563 4681
f 5542 4700 5543
f 4701 5542 5541
f 4699 5544 5543
f 5545 4697 5546
f 4698 5545 5544
f 4698 5544 4699
f 5546 4696 5547
f 5539 4704 4703
f 5538 4706 4705
f 5538 4705 4704
f 4700 4699 5543
f 4702 4701 5541
f 4701 4700 5542
f 4702 5540 4703
f 5548 5547 4695
f 5540 4702 5541
f 5554 4689 4688
f 5552 4691 4690
f 5553 4690 4689
f 5558 4685 4684
f 5556 4687 4686
f 5557 4686 4685
f 4687 5555 4688
f 4696 4695 5547
f 4698 4697 5545
f 4697 4696 5546
f 5550 4693 4692
f 5548 4694 5549
f 5549 4694 4693
f 5548 4695 4694
f 5551 4692 4691
f 4683 5559 4684
f 4739 5505 5504
f 4740 5504 5503
f 5505 4738 5506
f 5502 5501 4742
f 4741 5503 5502
f 5500 4743 5501
f 4744 5500 5499
f 4736 5506 4737
f 5497 4746 5498
f 5496 4746 5497
f 5499 5498 4745
f 5496 5495 4747
f 5494 4748 5495
f 5494 5493 4749
f 5492 4750 5493
f 5506 4738 4737
f 4739 4738 5505
f 4741 4740 5503
f 4740 4739 5504
f 4743 4742 5501
f 4745 4744 5499
f 4744 4743 5500
f 4742 4741 5502
f 4747 4746 5496
f 4749 4748 5494
f 4748 4747 5495
f 4751 4750 5492
f 4751 5491 4752
f 4751 5492 5491
f 4750 4749 5493
f 4746 4745 5498
f 4752 5490 4753
f 4753 5490 5489
f 5488 4754 5489
f 5491 5490 4752
f 4755 4754 5488
f 4755 5487 4756
f 4755 5488 5487
f 5489 4754 4753
f 4756 5486 4757
f 4756 5487 5486
f 4757 5486 5485
f 5484 4758 5485
f 4759 5484 5483
f 4760 5483 5482
f 5481 4761 5482
f 4762 5481 5480
f 5485 4758 4757
f 5483 4760 4759
f 5481 4762 4761
f 5482 4761 4760
f 5479 4763 5480
f 4765 4764 5478
f 4764 4763 5479
f 5480 4763 4762
f 4765 5478 5477
f 5476 4766 5477
f 5479 5478 4764
f 5475 5474 4768
f 4767 5476 5475
f 5473 4770 5474
f 4767 4766 5476
f 5477 4766 4765
f 5484 4759 4758
f 5474 4769 4768
f 5473 4771 4770
f 5474 4770 4769
f 4772 4771 5472
f 4774 4773 5470
f 4773 4772 5471
f 5472 4771 5473
f 5471 5470 4773
f 5470 5469 4774
f 4772 5472 5471
f 5468 5467 4776
f 5466 4777 5467
f 5469 5468 4775
f 5466 5465 4778
f 4774 5469 4775
f 5475 4768 4767
f 5467 4777 4776
f 5465 4779 4778
f 5466 4778 4777
f 4780 4779 5464
f 4780 5463 4781
f 4780 5464 5463
f 5464 4779 5465
f 4782 5461 4783
f 5459 4785 4784
f 4784 4783 5460
f 4782 4781 5462
f 4785 5458 4786
f 4787 5456 4788
f 4786 5457 4787
f 4788 5455 4789
f 5468 4776 4775
f 5462 5461 4782
f 5461 5460 4783
f 4781 5463 5462
f 5458 4785 5459
f 4791 5452 4792
f 4791 4790 5453
f 5460 5459 4784
f 4789 5454 4790
f 4787 5457 5456
f 4788 5456 5455
f 5457 4786 5458
f 4790 5454 5453
f 4791 5453 5452
f 5454 4789 5455
f 5452 5451 4792
f 5450 4792 5451
f 4794 4793 5449
f 4796 4795 5447
f 4795 4794 5448
f 4798 4797 5445
f 4800 4799 5443
f 4799 4798 5444
f 4797 4796 5446
f 4793 5450 5449
f 4794 5449 5448
f 5448 5447 4795
f 5446 4796 5447
f 5445 4797 5446
f 5445 5444 4798
f 5443 4799 5444
f 5442 4800 5443
f 5450 4793 4792
f 4671 5572 5571
f 5572 4670 5573
f 5574 5573 4669
f 5575 4667 5576
f 5577 5576 4666
f 5575 5574 4668
f 5578 5577 4665
f 4672 4671 5571
f 4670 4669 5573
f 5572 4671 4670
f 4668 4667 5575
f 4666 4665 5577
f 5576 4667 4666
f 5574 4669 4668
f 4664 5578 4665
f 4672 5571 5570
f 5579 4664 5580
f 5581 5580 4663
f 5582 5581 4662
f 4661 5583 5582
f 5583 4660 5584
f 4661 5582 4662
f 4659 5585 5584
f 4663 5580 4664
f 5585 4658 5586
f 5581 4663 4662
f 5586 4657 5587
f 5588 4655 5589
f 5590 5589 4654
f 4656 5588 5587
f 5590 4653 5591
f 4664 5579 5578
f 5583 4661 4660
f 5585 4659 4658
f 4659 5584 4660
f 4656 5587 4657
f 4658 4657 5586
f 5588 4656 4655
f 4655 4654 5589
f 5591 4652 5592
f 5590 4654 4653
f 4652 4651 5592
f 4652 5591 4653
f 4649 5594 4650
f 4647 5596 4648
f 4649 4648 5595
f 4651 4650 5593
f 5592 4651 5593
f 5595 5594 4649
f 5596 5595 4648
f 5596 4647 5597
f 5597 4646 5598
f 5599 5598 4645
f 4647 4646 5597
f 5599 4644 5600
f 4646 4645 5598
f 4644 4643 5600
f 5599 4645 4644
f 4641 5602 4642
f 4639 5603 4640
f 4641 4640 5602
f 4643 4642 5601
f 5600 4643 5601
f 4650 5594 5593
f 4640 5603 5602
f 5604 4639 4638
f 5603 4639 5604
f 4642 5602 5601
f 4637 5605 4638
f 5606 5605 4637
f 4638 5605 5604
f 5606 4636 5607
f 4637 4636 5606
f 4634 5608 4635
f 5607 4636 4635
f 4632 5610 4633
f 4630 5612 4631
f 4632 4631 5611
f 4634 4633 5609
f 4635 5608 5607
f 5609 4633 5610
f 5611 5610 4632
f 4631 5612 5611
f 5613 4630 4629
f 5614 5613 4629
f 4630 5613 5612
f 5615 5614 4628
f 5614 4629 4628
f 4627 4626 5616
f 4627 5615 4628
f 4625 5617 4626
f 5618 5617 4625
f 4626 5617 5616
f 4627 5616 5615
f 5618 4624 5619
f 4634 5609 5608
f 5618 4625 4624
f 4623 4622 5620
f 4623 5619 4624
f 4621 4620 5622
f 4619 4618 5624
f 5623 4620 4619
f 5621 4622 4621
f 4617 4616 5627
f 4615 4614 5629
f 5628 4616 4615
f 4613 4612 5631
f 4611 4610 5377
f 5632 4612 4611
f 5630 4614 4613
f 5626 4618 4617
f 5621 4621 5622
f 5623 5622 4620
f 4619 5624 5623
f 5625 4618 5626
f 5627 5626 4617
f 5624 4618 5625
f 5628 5627 4616
f 4614 5630 5629
f 5632 5631 4612
f 5630 4613 5631
f 5628 4615 5629
f 4610 5378 5377
f 4610 4609 5378
f 5377 5632 4611
f 5378 4609 4864
f 4622 5621 5620
f 4623 5620 5619
f 4821 5421 4822
f 4819 5423 4820
f 4821 4820 5422
f 4826 4825 5417
f 4824 4823 5419
f 5418 4825 4824
f 4823 4822 5420
f 4813 5429 4814
f 4811 5431 4812
f 4813 4812 5430
f 4817 5425 4818
f 4815 5427 4816
f 4817 4816 5426
f 4814 5428 4815
f 4819 4818 5424
f 4830 4829 5413
f 4828 4827 5415
f 5414 4829 4828
f 4832 5410 4833
f 4830 5412 4831
f 4832 4831 5411
f 4830 5413 5412
f 5418 4824 5419
f 5419 4823 5420
f 5418 5417 4825
f 5415 4827 5416
f 5417 5416 4826
f 5414 4828 5415
f 5413 4829 5414
f 4834 4833 5410
f 4826 5416 4827
f 5421 5420 4822
f 4804 4803 5440
f 4802 4801 5442
f 5441 4803 4802
f 4808 4807 5436
f 4806 4805 5438
f 5437 4807 4806
f 4805 4804 5439
f 5440 5439 4804
f 5441 5440 4803
f 5442 5441 4802
f 5437 5436 4807
f 4806 5438 5437
f 5439 5438 4805
f 4808 5436 5435
f 4809 4808 5435
f 5442 4801 4800
f 4809 5434 4810
f 4816 5427 5426
f 5426 5425 4817
f 5427 4815 5428
f 5423 4819 5424
f 5424 4818 5425
f 5422 4820 5423
f 5421 4821 5422
f 4810 5432 4811
f 5433 5432 4810
f 5434 5433 4810
f 4812 5431 5430
f 4811 5432 5431
f 5430 5429 4813
f 5429 5428 4814
f 5434 4809 5435
f 4859 4858 5384
f 4857 4856 5386
f 5385 4858 4857
f 4863 4862 5380
f 4861 4860 5382
f 5381 4862 4861
f 4860 4859 5383
f 4851 4850 5393
f 4848 5395 4849
f 4850 4849 5394
f 4855 4854 5389
f 4853 4852 5391
f 5390 4854 4853
f 4852 4851 5392
f 5388 4856 4855
f 5384 5383 4859
f 5382 4860 5383
f 4858 5385 5384
f 5386 5385 4857
f 5380 4862 5381
f 5381 4861 5382
f 5379 4863 5380
f 5378 4864 5379
f 4853 5391 5390
f 4852 5392 5391
f 4851 5393 5392
f 5389 5388 4855
f 5389 4854 5390
f 4856 5388 5387
f 5386 4856 5387
f 4864 4863 5379
f 5394 5393 4850
f 4838 5406 5405
f 4837 4836 5407
f 5406 4838 4837
f 4841 5402 4842
f 4839 5404 4840
f 4841 4840 5403
f 4838 5405 4839
f 5411 5410 4832
f 5409 4834 5410
f 4831 5412 5411
f 5409 4835 4834
f 4835 5408 4836
f 4835 5409 5408
f 5408 5407 4836
f 5406 4837 5407
f 4843 4842 5401
f 4847 4846 5397
f 4844 5399 4845
f 4846 4845 5398
f 4847 5396 4848
f 4847 5397 5396
f 5396 5395 4848
f 5394 4849 5395
f 5398 5397 4846
f 4841 5403 5402
f 4840 5404 5403
f 4839 5405 5404
f 5400 5399 4844
f 5400 4843 5401
f 4842 5402 5401
f 4845 5399 5398
f 4844 4843 5400
f 5121 4609 4610
f 5121 4610 4866
f 5121 4866 4865
f 5121 4865 4609
f 5122 4610 4611
f 5122 4611 4867
f 5122 4867 4866
f 5122 4866 4610
f 5123 4611 4612
f 5123 4612 4868
f 5123 4868 4867
f 5123 4867 4611
f 5124 4612 4613
f 5124 4613 4869
f 5124 4869 4868
f 5124 4868 4612
f 5125 4613 4614
f 5125 4614 4870
f 5125 4870 4869
f 5125 4869 4613
f 5126 4614 4615
f 5126 4615 4871
f 5126 4871 4870
f 5126 4870 4614
f 5127 4615 4616
f 5127 4616 4872
f 5127 4872 4871
f 5127 4871 4615
f 5128 4616 4617
f 5128 4617 4873
f 5128 4873 4872
f 5128 4872 4616
f 5129 4617 4618
f 5129 4618 4874
f 5129 4874 4873
f 5129 4873 4617
f 5130 4618 4619
f 5130 4619 4875
f 5130 4875 4874
f 5130 4874 4618
f 5131 4619 4620
f 5131 4620 4876
f 5131 4876 4875
f 5131 4875 4619
f 5132 4620 4621
f 5132 4621 4877
f 5132 4877 4876
f 5132 4876 4620
f 5133 4621 4622
f 5133 4622 4878
f 5133 4878 4877
f 5133 4877 4621
f 5134 4622 4623
f 5134 4623 4879
f 5134 4879 4878
f 5134 4878 4622
f 5135 4623 4624
f 5135 4624 4880
f 5135 4880 4879
f 5135 4879 4623
f 5136 4624 4625
f 5136 4625 4881
f 5136 4881 4880
f 5136 4880 4624
f 5137 4625 4626
f 5137 4626 4882
f 5137 4882 4881
f 5137 4881 4625
f 5138 4626 4627
f 5138 4627 4883
f 5138 4883 4882
f 5138 4882 4626
f 5139 4627 4628
f 5139 4628 4884
f 5139 4884 4883
f 5139 4883 4627
f 5140 4628 4629
f 5140 4629 4885
f 5140 4885 4884
f 5140 4884 4628
f 5141 4629 4630
f 5141 4630 4886
f 5141 4886 4885
f 5141 4885 4629
f 5142 4630 4631
f 5142 4631 4887
f 5142 4887 4886
f 5142 4886 4630
f 5143 4631 4632
f 5143 4632 4888
f 5143 4888 4887
f 5143 4887 4631
f 5144 4632 4633
f 5144 4633 4889
f 5144 4889 4888
f 5144 4888 4632
f 5145 4633 4634
f 5145 4634 4890
f 5145 4890 4889
f 5145 4889 4633
f 5146 4634 4635
f 5146 4635 4891
f 5146 4891 4890
f 5146 4890 4634
f 5147 4635 4636
f 5147 4636 4892
f 5147 4892 4891
f 5147 4891 4635
f 5148 4636 4637
f 5148 4637 4893
f 5148 4893 4892
f 5148 4892 4636
f 5149 4637 4638
f 5149 4638 4894
f 5149 4894 4893
f 5149 4893 4637
f 5150 4638 4639
f 5150 4639 4895
f 5150 4895 4894
f 5150 4894 4638
f 5151 4639 4640
f 5151 4640 4896
f 5151 4896 4895
f 5151 4895 4639
f 5152 4640 4641
f 5152 4641 4897
f 5152 4897 4896
f 5152 4896 4640
f 5153 4641 4642
f 5153 4642 4898
f 5153 4898 4897
f 5153 4897 4641
f 5154 4642 4643
f 5154 4643 4899
f 5154 4899 4898
f 5154 4898 4642
f 5155 4643 4644
f 5155 4644 4900
f 5155 4900 4899
f 5155 4899 4643
f 5156 4644 4645
f 5156 4645 4901
f 5156 4901 4900
f 5156 4900 4644
f 5157 4645 4646
f 5157 4646 4902
f 5157 4902 4901
f 5157 4901 4645
f 5158 4646 4647
f 5158 4647 4903
f 5158 4903 4902
f 5158 4902 4646
f 5159 4647 4648
f 5159 4648 4904
f 5159 4904 4903
f 5159 4903 4647
f 5160 4648 4649
f 5160 4649 4905
f 5160 4905 4904
f 5160 4904 4648
f 5161 4649 4650
f 5161 4650 4906
f 5161 4906 4905
f 5161 4905 4649
f 5162 4650 4651
f 5162 4651 4907
f 5162 4907 4906
f 5162 4906 4650
f 5163 4651 4652
f 5163 4652 4908
f 5163 4908 4907
f 5163 4907 4651
f 5164 4652 4653
f 5164 4653 4909
f 5164 4909 4908
f 5164 4908 4652
f 5165 4653 4654
f 5165 4654 4910
f 5165 4910 4909
f 5165 4909 4653
f 5166 4654 4655
f 5166 4655 4911
f 5166 4911 4910
f 5166 4910 4654
f 5167 4655 4656
f 5167 4656 4912
f 5167 4912 4911
f 5167 4911 4655
f 5168 4656 4657
f 5168 4657 4913
f 5168 4913 4912
f 5168 4912 4656
f 5169 4657 4658
f 5169 4658 4914
f 5169 4914 4913
f 5169 4913 4657
f 5170 4658 4659
f 5170 4659 4915
f 5170 4915 4914
f 5170 4914 4658
f 5171 4659 4660
f 5171 4660 4916
f 5171 4916 4915
f 5171 4915 4659
f 5172 4660 4661
f 5172 4661 4917
f 5172 4917 4916
f 5172 4916 4660
f 5173 4661 4662
f 5173 4662 4918
f 5173 4918 4917
f 5173 4917 4661
f 5174 4662 4663
f 5174 4663 4919
f 5174 4919 4918
f 5174 4918 4662
f 5175 4663 4664
f 5175 4664 4920
f 5175 4920 4919
f 5175 4919 4663
f 5176 4664 4665
f 5176 4665 4921
f 5176 4921 4920
f 5176 4920 4664
f 5177 4665 4666
f 5177 4666 4922
f 5177 4922 4921
f 5177 4921 4665
f 5178 4666 4667
f 5178 4667 4923
f 5178 4923 4922
f 5178 4922 4666
f 5179 4667 4668
f 5179 4668 4924
f 5179 4924 4923
f 5179 4923 4667
f 5180 4668 4669
f 5180 4669 4925
f 5180 4925 4924
f 5180 4924 4668
f 5181 4669 4670
f 5181 4670 4926
f 5181 4926 4925
f 5181 4925 4669
f 5182 4670 4671
f 5182 4671 4927
f 5182 4927 4926
f 5182 4926 4670
f 5183 4671 4672
f 5183 4672 4928
f 5183 4928 4927
f 5183 4927 4671
f 5184 4672 4673
f 5184 4673 4929
f 5184 4929 4928
f 5184 4928 4672
f 5185 4673 4674
f 5185 4674 4930
f 5185 4930 4929
f 5185 4929 4673
f 5186 4674 4675
f 5186 4675 4931
f 5186 4931 4930
f 5186 4930 4674
f 5187 4675 4676
f 5187 4676 4932
f 5187 4932 4931
f 5187 4931 4675
f 5188 4676 4677
f 5188 4677 4933
f 5188 4933 4932
f 5188 4932 4676
f 5189 4677 4678
f 5189 4678 4934
f 5189 4934 4933
f 5189 4933 4677
f 5190 4678 4679
f 5190 4679 4935
f 5190 4935 4934
f 5190 4934 4678
f 5191 4679 4680
f 5191 4680 4936
f 5191 4936 4935
f 5191 4935 4679
f 5192 4680 4681
f 5192 4681 4937
f 5192 4937 4936
f 5192 4936 4680
f 5193 4681 4682
f 5193 4682 4938
f 5193 4938 4937
f 5193 4937 4681
f 5194 4682 4683
f 5194 4683 4939
f 5194 4939 4938
f 5194 4938 4682
f 5195 4683 4684
f 5195 4684 4940
f 5195 4940 4939
f 5195 4939 4683
f 5196 4684 4685
f 5196 4685 4941
f 5196 4941 4940
f 5196 4940 4684
f 5197 4685 4686
f 5197 4686 4942
f 5197 4942 4941
f 5197 4941 4685
f 5198 4686 4687
f 5198 4687 4943
f 5198 4943 4942
f 5198 4942 4686
f 5199 4687 4688
f 5199 4688 4944
f 5199 4944 4943
f 5199 4943 4687
f 5200 4688 4689
f 5200 4689 4945
f 5200 4945 4944
f 5200 4944 4688
f 5201 4689 4690
f 5201 4690 4946
f 5201 4946 4945
f 5201 4945 4689
f 5202 4690 4691
f 5202 4691 4947
f 5202 4947 4946
f 5202 4946 4690
f 5203 4691 4692
f 5203 4692 4948
f 5203 4948 4947
f 5203 4947 4691
f 5204 4692 4693
f 5204 4693 4949
f 5204 4949 4948
f 5204 4948 4692
f 5205 4693 4694
f 5205 4694 4950
f 5205 4950 4949
f 5205 4949 4693
f 5206 4694 4695
f 5206 4695 4951
f 5206 4951 4950
f 5206 4950 4694
f 5207 4695 4696
f 5207 4696 4952
f 5207 4952 4951
f 5207 4951 4695
f 5208 4696 4697
f 5208 4697 4953
f 5208 4953 4952
f 5208 4952 4696
f 5209 4697 4698
f 5209 4698 4954
f 5209 4954 4953
f 5209 4953 4697
f 5210 4698 4699
f 5210 4699 4955
f 5210 4955 4954
f 5210 4954 4698
f 5211 4699 4700
f 5211 4700 4956
f 5211 4956 4955
f 5211 4955 4699
f 5212 4700 4701
f 5212 4701 4957
f 5212 4957 4956
f 5212 4956 4700
f 5213 4701 4702
f 5213 4702 4958
f 5213 4958 4957
f 5213 4957 4701
f 5214 4702 4703
f 5214 4703 4959
f 5214 4959 4958
f 5214 4958 4702
f 5215 4703 4704
f 5215 4704 4960
f 5215 4960 4959
f 5215 4959 4703
f 5216 4704 4705
f 5216 4705 4961
f 5216 4961 4960
f 5216 4960 4704
f 5217 4705 4706
f 5217 4706 4962
f 5217 4962 4961
f 5217 4961 4705
f 5218 4706 4707
f 5218 4707 4963
f 5218 4963 4962
f 5218 4962 4706
f 5219 4707 4708
f 5219 4708 4964
f 5219 4964 4963
f 5219 4963 4707
f 5220 4708 4709
f 5220 4709 4965
f 5220 4965 4964
f 5220 4964 4708
f 5221 4709 4710
f 5221 4710 4966
f 5221 4966 4965
f 5221 4965 4709
f 5222 4710 4711
f 5222 4711 4967
f 5222 4967 4966
f 5222 4966 4710
f 5223 4711 4712
f 5223 4712 4968
f 5223 4968 4967
f 5223 4967 4711
f 5224 4712 4713
f 5224 4713 4969
f 5224 4969 4968
f 5224 4968 4712
f 5225 4713 4714
f 5225 4714 4970
f 5225 4970 4969
f 5225 4969 4713
f 5226 4714 4715
f 5226 4715 4971
f 5226 4971 4970
f 5226 4970 4714
f 5227 4715 4716
f 5227 4716 4972
f 5227 4972 4971
f 5227 4971 4715
f 5228 4716 4717
f 5228 4717 4973
f 5228 4973 4972
f 5228 4972 4716
f 5229 4717 4718
f 5229 4718 4974
f 5229 4974 4973
f 5229 4973 4717
f 5230 4718 4719
f 5230 4719 4975
f 5230 4975 4974
f 5230 4974 4718
f 5231 4719 4720
f 5231 4720 4976
f 5231 4976 4975
f 5231 4975 4719
f 5232 4720 4721
f 5232 4721 4977
f 5232 4977 4976
f 5232 4976 4720
f 5233 4721 4722
f 5233 4722 4978
f 5233 4978 4977
f 5233 4977 4721
f 5234 4722 4723
f 5234 4723 4979
f 5234 4979 4978
f 5234 4978 4722
f 5235 4723 4724
f 5235 4724 4980
f 5235 4980 4979
f 5235 4979 4723
f 5236 4724 4725
f 5236 4725 4981
f 5236 4981 4980
f 5236 4980 4724
f 5237 4725 4726
f 5237 4726 4982
f 5237 4982 4981
f 5237 4981 4725
f 5238 4726 4727
f 5238 4727 4983
f 5238 4983 4982
f 5238 4982 4726
f 5239 4727 4728
f 5239 4728 4984
f 5239 4984 4983
f 5239 4983 4727
f 5240 4728 4729
f 5240 4729 4985
f 5240 4985 4984
f 5240 4984 4728
f 5241 4729 4730
f 5241 4730 4986
f 5241 4986 4985
f 5241 4985 4729
f 5242 4730 4731
f 5242 4731 4987
f 5242 4987 4986
f 5242 4986 4730
f 5243 4731 4732
f 5243 4732 4988
f 5243 4988 4987
f 5243 4987 4731
f 5244 4732 4733
f 5244 4733 4989
f 5244 4989 4988
f 5244 4988 4732
f 5245 4733 4734
f 5245 4734 4990
f 5245 4990 4989
f 5245 4989 4733
f 5246 4734 4735
f 5246 4735 4991
f 5246 4991 4990
f 5246 4990 4734
f 5247 4735 4736
f 5247 4736 4992
f 5247 4992 4991
f 5247 4991 4735
f 5248 4736 4737
f 5248 4737 4993
f 5248 4993 4992
f 5248 4992 4736
f 5249 4737 4738
f 5249 4738 4994
f 5249 4994 4993
f 5249 4993 4737
f 5250 4738 4739
f 5250 4739 4995
f 5250 4995 4994
f 5250 4994 4738
f 5251 4739 4740
f 5251 4740 4996
f 5251 4996 4995
f 5251 4995 4739
f 5252 4740 4741
f 5252 4741 4997
f 5252 4997 4996
f 5252 4996 4740
f 5253 4741 4742
f 5253 4742 4998
f 5253 4998 4997
f 5253 4997 4741
f 5254 4742 4743
f 5254 4743 4999
f 5254 4999 4998
f 5254 4998 4742
f 5255 4743 4744
f 5255 4744 5000
f 5255 5000 4999
f 5255 4999 4743
f 5256 4744 4745
f 5256 4745 5001
f 5256 5001 5000
f 5256 5000 4744
f 5257 4745 4746
f 5257 4746 5002
f 5257 5002 5001
f 5257 5001 4745
f 5258 4746 4747
f 5258 4747 5003
f 5258 5003 5002
f 5258 5002 4746
f 5259 4747 4748
f 5259 4748 5004
f 5259 5004 5003
f 5259 5003 4747
f 5260 4748 4749
f 5260 4749 5005
f 5260 5005 5004
f 5260 5004 4748
f 5261 4749 4750
f 5261 4750 5006
f 5261 5006 5005
f 5261 5005 4749
f 5262 4750 4751
f 5262 4751 5007
f 5262 5007 5006
f 5262 5006 4750
f 5263 4751 4752
f 5263 4752 5008
f 5263 5008 5007
f 5263 5007 4751
f 5264 4752 4753
f 5264 4753 5009
f 5264 5009 5008
f 5264 5008 4752
f 5265 4753 4754
f 5265 4754 5010
f 5265 5010 5009
f 5265 5009 4753
f 5266 4754 4755
f 5266 4755 5011
f 5266 5011 5010
f 5266 5010 4754
f 5267 4755 4756
f 5267 4756 5012
f 5267 5012 5011
f 5267 5011 4755
f 5268 4756 4757
f 5268 4757 5013
f 5268 5013 5012
f 5268 5012 4756
f 5269 4757 4758
f 5269 4758 5014
f 5269 5014 5013
f 5269 5013 4757
f 5270 4758 4759
f 5270 4759 5015
f 5270 5015 5014
f 5270 5014 4758
f 5271 4759 4760
f 5271 4760 5016
f 5271 5016 5015
f 5271 5015 4759
f 5272 4760 4761
f 5272 4761 5017
f 5272 5017 5016
f 5272 5016 4760
f 5273 4761 4762
f 5273 4762 5018
f 5273 5018 5017
f 5273 5017 4761
f 5274 4762 4763
f 5274 4763 5019
f 5274 5019 5018
f 5274 5018 4762
f 5275 4763 4764
f 5275 4764 5020
f 5275 5020 5019
f 5275 5019 4763
f 5276 4764 4765
f 5276 4765 5021
f 5276 5021 5020
f 5276 5020 4764
f 5277 4765 4766
f 5277 4766 5022
f 5277 5022 5021
f 5277 5021 4765
f 5278 4766 4767
f 5278 4767 5023
f 5278 5023 5022
f 5278 5022 4766
f 5279 4767 4768
f 5279 4768 5024
f 5279 5024 5023
f 5279 5023 4767
f 5280 4768 4769
f 5280 4769 5025
f 5280 5025 5024
f 5280 5024 4768
f 5281 4769 4770
f 5281 4770 5026
f 5281 5026 5025
f 5281 5025 4769
f 5282 4770 4771
f 5282 4771 5027
f 5282 5027 5026
f 5282 5026 4770
f 5283 4771 4772
f 5283 4772 5028
f 5283 5028 5027
f 5283 5027 4771
f 5284 4772 4773
f 5284 4773 5029
f 5284 5029 5028
f 5284 5028 4772
f 5285 4773 4774
f 5285 4774 5030
f 5285 5030 5029
f 5285 5029 4773
f 5286 4774 4775
f 5286 4775 5031
f 5286 5031 5030
f 5286 5030 4774
f 5287 4775 4776
f 5287 4776 5032
f 5287 5032 5031
f 5287 5031 4775
f 5288 4776 4777
f 5288 4777 5033
f 5288 5033 5032
f 5288 5032 4776
f 5289 4777 4778
f 5289 4778 5034
f 5289 5034 5033
f 5289 5033 4777
f 5290 4778 4779
f 5290 4779 5035
f 5290 5035 5034
f 5290 5034 4778
f 5291 4779 4780
f 5291 4780 5036
f 5291 5036 5035
f 5291 5035 4779
f 5292 4780 4781
f 5292 4781 5037
f 5292 5037 5036
f 5292 5036 4780
f 5293 4781 4782
f 5293 4782 5038
f 5293 5038 5037
f 5293 5037 4781
f 5294 4782 4783
f 5294 4783 5039
f 5294 5039 5038
f 5294 5038 4782
f 5295 4783 4784
f 5295 4784 5040
f 5295 5040 5039
f 5295 5039 4783
f 5296 4784 4785
f 5296 4785 5041
f 5296 5041 5040
f 5296 5040 4784
f 5297 4785 4786
f 5297 4786 5042
f 5297 5042 5041
f 5297 5041 4785
f 5298 4786 4787
f 5298 4787 5043
f 5298 5043 5042
f 5298 5042 4786
f 5299 4787 4788
f 5299 4788 5044
f 5299 5044 5043
f 5299 5043 4787
f 5300 4788 4789
f 5300 4789 5045
f 5300 5045 5044
f 5300 5044 4788
f 5301 4789 4790
f 5301 4790 5046
f 5301 5046 5045
f 5301 5045 4789
f 5302 4790 4791
f 5302 4791 5047
f 5302 5047 5046
f 5302 5046 4790
f 5303 4791 4792
f 5303 4792 5048
f 5303 5048 5047
f 5303 5047 4791
f 5304 4792 4793
f 5304 4793 5049
f 5304 5049 5048
f 5304 5048 4792
f 5305 4793 4794
f 5305 4794 5050
f 5305 5050 5049
f 5305 5049 4793
f 5306 4794 4795
f 5306 4795 5051
f 5306 5051 5050
f 5306 5050 4794
f 5307 4795 4796
f 5307 4796 5052
f 5307 5052 5051
f 5307 5051 4795
f 5308 4796 4797
f 5308 4797 5053
f 5308 5053 5052
f 5308 5052 4796
f 5309 4797 4798
f 5309 4798 5054
f 5309 5054 5053
f 5309 5053 4797
f 5310 4798 4799
f 5310 4799 5055
f 5310 5055 5054
f 5310 5054 4798
f 5311 4799 4800
f 5311 4800 5056
f 5311 5056 5055
f 5311 5055 4799
f 5312 4800 4801
f 5312 4801 5057
f 5312 5057 5056
f 5312 5056 4800
f 5313 4801 4802
f 5313 4802 5058
f 5313 5058 5057
f 5313 5057 4801
f 5314 4802 4803
f 5314 4803 5059
f 5314 5059 5058
f 5314 5058 4802
f 5315 4803 4804
f 5315 4804 5060
f 5315 5060 5059
f 5315 5059 4803
f 5316 4804 4805
f 5316 4805 5061
f 5316 5061 5060
f 5316 5060 4804
f 5317 4805 4806
f 5317 4806 5062
f 5317 5062 5061
f 5317 5061 4805
f 5318 4806 4807
f 5318 4807 5063
f 5318 5063 5062
f 5318 5062 4806
f 5319 4807 4808
f 5319 4808 5064
f 5319 5064 5063
f 5319 5063 4807
f 5320 4808 4809
f 5320 4809 5065
f 5320 5065 5064
f 5320 5064 4808
f 5321 4809 4810
f 5321 4810 5066
f 5321 5066 5065
f 5321 5065 4809
f 5322 4810 4811
f 5322 4811 5067
f 5322 5067 5066
f 5322 5066 4810
f 5323 4811 4812
f 5323 4812 5068
f 5323 5068 5067
f 5323 5067 4811
f 5324 4812 4813
f 5324 4813 5069
f 5324 5069 5068
f 5324 5068 4812
f 5325 4813 4814
f 5325 4814 5070
f 5325 5070 5069
f 5325 5069 4813
f 5326 4814 4815
f 5326 4815 5071
f 5326 5071 5070
f 5326 5070 4814
f 5327 4815 4816
f 5327 4816 5072
f 5327 5072 5071
f 5327 5071 4815
f 5328 4816 4817
f 5328 4817 5073
f 5328 5073 5072
f 5328 5072 4816
f 5329 4817 4818
f 5329 4818 5074
f 5329 5074 5073
f 5329 5073 4817
f 5330 4818 4819
f 5330 4819 5075
f 5330 5075 5074
f 5330 5074 4818
f 5331 4819 4820
f 5331 4820 5076
f 5331 5076 5075
f 5331 5075 4819
f 5332 4820 4821
f 5332 4821 5077
f 5332 5077 5076
f 5332 5076 4820
f 5333 4821 4822
f 5333 4822 5078
f 5333 5078 5077
f 5333 5077 4821
f 5334 4822 4823
f 5334 4823 5079
f 5334 5079 5078
f 5334 5078 4822
f 5335 4823 4824
f 5335 4824 5080
f 5335 5080 5079
f 5335 5079 4823
f 5336 4824 4825
f 5336 4825 5081
f 5336 5081 5080
f 5336 5080 4824
f 5337 4825 4826
f 5337 4826 5082
f 5337 5082 5081
f 5337 5081 4825
f 5338 4826 4827
f 5338 4827 5083
f 5338 5083 5082
f 5338 5082 4826
f 5339 4827 4828
f 5339 4828 5084
f 5339 5084 5083
f 5339 5083 4827
f 5340 4828 4829
f 5340 4829 5085
f 5340 5085 5084
f 5340 5084 4828
f 5341 4829 4830
f 5341 4830 5086
f 5341 5086 5085
f 5341 5085 4829
f 5342 4830 4831
f 5342 4831 5087
f 5342 5087 5086
f 5342 5086 4830
f 5343 4831 4832
f 5343 4832 5088
f 5343 5088 5087
f 5343 5087 4831
f 5344 4832 4833
f 5344 4833 5089
f 5344 5089 5088
f 5344 5088 4832
f 5345 4833 4834
f 5345 4834 5090
f 5345 5090 5089
f 5345 5089 4833
f 5346 4834 4835
f 5346 4835 5091
f 5346 5091 5090
f 5346 5090 4834
f 5347 4835 4836
f 5347 4836 5092
f 5347 5092 5091
f 5347 5091 4835
f 5348 4836 4837
f 5348 4837 5093
f 5348 5093 5092
f 5348 5092 4836
f 5349 4837 4838
f 5349 4838 5094
f 5349 5094 5093
f 5349 5093 4837
f 5350 4838 4839
f 5350 4839 5095
f 5350 5095 5094
f 5350 5094 4838
f 5351 4839 4840
f 5351 4840 5096
f 5351 5096 5095
f 5351 5095 4839
f 5352 4840 4841
f 5352 4841 5097
f 5352 5097 5096
f 5352 5096 4840
f 5353 4841 4842
f 5353 4842 5098
f 5353 5098 5097
f 5353 5097 4841
f 5354 4842 4843
f 5354 4843 5099
f 5354 5099 5098
f 5354 5098 4842
f 5355 4843 4844
f 5355 4844 5100
f 5355 5100 5099
f 5355 5099 4843
f 5356 4844 4845
f 5356 4845 5101
f 5356 5101 5100
f 5356 5100 4844
f 5357 4845 4846
f 5357 4846 5102
f 5357 5102 5101
f 5357 5101 4845
f 5358 4846 4847
f 5358 4847 5103
f 5358 5103 5102
f 5358 5102 4846
f 5359 4847 4848
f 5359 4848 5104
f 5359 5104 5103
f 5359 5103 4847
f 5360 4848 4849
f 5360 4849 5105
f 5360 5105 5104
f 5360 5104 4848
f 5361 4849 4850
f 5361 4850 5106
f 5361 5106 5105
f 5361 5105 4849
f 5362 4850 4851
f 5362 4851 5107
f 5362 5107 5106
f 5362 5106 4850
f 5363 4851 4852
f 5363 4852 5108
f 5363 5108 5107
f 5363 5107 4851
f 5364 4852 4853
f 5364 4853 5109
f 5364 5109 5108
f 5364 5108 4852
f 5365 4853 4854
f 5365 4854 5110
f 5365 5110 5109
f 5365 5109 4853
f 5366 4854 4855
f 5366 4855 5111
f 5366 5111 5110
f 5366 5110 4854
f 5367 4855 4856
f 5367 4856 5112
f 5367 5112 5111
f 5367 5111 4855
f 5368 4856 4857
f 5368 4857 5113
f 5368 5113 5112
f 5368 5112 4856
f 5369 4857 4858
f 5369 4858 5114
f 5369 5114 5113
f 5369 5113 4857
f 5370 4858 4859
f 5370 4859 5115
f 5370 5115 5114
f 5370 5114 4858
f 5371 4859 4860
f 5371 4860 5116
f 5371 5116 5115
f 5371 5115 4859
f 5372 4860 4861
f 5372 4861 5117
f 5372 5117 5116
f 5372 5116 4860
f 5373 4861 4862
f 5373 4862 5118
f 5373 5118 5117
f 5373 5117 4861
f 5374 4862 4863
f 5374 4863 5119
f 5374 5119 5118
f 5374 5118 4862
f 5375 4863 4864
f 5375 4864 5120
f 5375 5120 5119
f 5375 5119 4863
f 5376 4864 4609
f 5376 4609 4865
f 5376 4865 5120
f 5376 5120 4864
f 5889 5377 5378
f 5889 5378 5634
f 5889 5634 5633
f 5889 5633 5377
f 5890 5378 5379
f 5890 5379 5635
f 5890 5635 5634
f 5890 5634 5378
f 5891 5379 5380
f 5891 5380 5636
f 5891 5636 5635
f 5891 5635 5379
f 5892 5380 5381
f 5892 5381 5637
f 5892 5637 5636
f 5892 5636 5380
f 5893 5381 5382
f 5893 5382 5638
f 5893 5638 5637
f 5893 5637 5381
f 5894 5382 5383
f 5894 5383 5639
f 5894 5639 5638
f 5894 5638 5382
f 5895 5383 5384
f 5895 5384 5640
f 5895 5640 5639
f 5895 5639 5383
f 5896 5384 5385
f 5896 5385 5641
f 5896 5641 5640
f 5896 5640 5384
f 5897 5385 5386
f 5897 5386 5642
f 5897 5642 5641
f 5897 5641 5385
f 5898 5386 5387
f 5898 5387 5643
f 5898 5643 5642
f 5898 5642 5386
f 5899 5387 5388
f 5899 5388 5644
f 5899 5644 5643
f 5899 5643 5387
f 5900 5388 5389
f 5900 5389 5645
f 5900 5645 5644
f 5900 5644 5388
f 5901 5389 5390
f 5901 5390 5646
f 5901 5646 5645
f 5901 5645 5389
f 5902 5390 5391
f 5902 5391 5647
f 5902 5647 5646
f 5902 5646 5390
f 5903 5391 5392
f 5903 5392 5648
f 5903 5648 5647
f 5903 5647 5391
f 5904 5392 5393
f 5904 5393 5649
f 5904 5649 5648
f 5904 5648 5392
f 5905 5393 5394
f 5905 5394 5650
f 5905 5650 5649
f 5905 5649 5393
f 5906 5394 5395
f 5906 5395 5651
f 5906 5651 5650
f 5906 5650 5394
f 5907 5395 5396
f 5907 5396 5652
f 5907 5652 5651
f 5907 5651 5395
f 5908 5396 5397
f 5908 5397 5653
f 5908 5653 5652
f 5908 5652 5396
f 5909 5397 5398
f 5909 5398 5654
f 5909 5654 5653
f 5909 5653 5397
f 5910 5398 5399
f 5910 5399 5655
f 5910 5655 5654
f 5910 5654 5398
f 5911 5399 5400
f 5911 5400 5656
f 5911 5656 5655
f 5911 5655 5399
f 5912 5400 5401
f 5912 5401 5657
f 5912 5657 5656
f 5912 5656 5400
f 5913 5401 5402
f 5913 5402 5658
f 5913 5658 5657
f 5913 5657 5401
f 5914 5402 5403
f 5914 5403 5659
f 5914 5659 5658
f 5914 5658 5402
f 5915 5403 5404
f 5915 5404 5660
f 5915 5660 5659
f 5915 5659 5403
f 5916 5404 5405
f 5916 5405 5661
f 5916 5661 5660
f 5916 5660 5404
f 5917 5405 5406
f 5917 5406 5662
f 5917 5662 5661
f 5917 5661 5405
f 5918 5406 5407
f 5918 5407 5663
f 5918 5663 5662
f 5918 5662 5406
f 5919 5407 5408
f 5919 5408 5664
f 5919 5664 5663
f 5919 5663 5407
f 5920 5408 5409
f 5920 5409 5665
f 5920 5665 5664
f 5920 5664 5408
f 5921 5409 5410
f 5921 5410 5666
f 5921 5666 5665
f 5921 5665 5409
f 5922 5410 5411
f 5922 5411 5667
f 5922 5667 5666
f 5922 5666 5410
f 5923 5411 5412
f 5923 5412 5668
f 5923 5668 5667
f 5923 5667 5411
f 5924 5412 5413
f 5924 5413 5669
f 5924 5669 5668
f 5924 5668 5412
f 5925 5413 5414
f 5925 5414 5670
f 5925 5670 5669
f 5925 5669 5413
f 5926 5414 5415
f 5926 5415 5671
f 5926 5671 5670
f 5926 5670 5414
f 5927 5415 5416
f 5927 5416 5672
f 5927 5672 5671
f 5927 5671 5415
f 5928 5416 5417
f 5928 5417 5673
f 5928 5673 5672
f 5928 5672 5416
f 5929 5417 5418
f 5929 5418 5674
f 5929 5674 5673
f 5929 5673 5417
f 5930 5418 5419
f 5930 5419 5675
f 5930 5675 5674
f 5930 5674 5418
f 5931 5419 5420
f 5931 5420 5676
f 5931 5676 5675
f 5931 5675 5419
f 5932 5420 5421
f 5932 5421 5677
f 5932 5677 5676
f 5932 5676 5420
f 5933 5421 5422
f 5933 5422 5678
f 5933 5678 5677
f 5933 5677 5421
f 5934 5422 5423
f 5934 5423 5679
f 5934 5679 5678
f 5934 5678 5422
f 5935 5423 5424
f 5935 5424 5680
f 5935 5680 5679
f 5935 5679 5423
f 5936 5424 5425
f 5936 5425 5681
f 5936 5681 5680
f 5936 5680 5424
f 5937 5425 5426
f 5937 5426 5682
f 5937 5682 5681
f 5937 5681 5425
f 5938 5426 5427
f 5938 5427 5683
f 5938 5683 5682
f 5938 5682 5426
f 5939 5427 5428
f 5939 5428 5684
f 5939 5684 5683
f 5939 5683 5427
f 5940 5428 5429
f 5940 5429 5685
f 5940 5685 5684
f 5940 5684 5428
f 5941 5429 5430
f 5941 5430 5686
f 5941 5686 5685
f 5941 5685 5429
f 5942 5430 5431
f 5942 5431 5687
f 5942 5687 5686
f 5942 5686 5430
f 5943 5431 5432
f 5943 5432 5688
f 5943 5688 5687
f 5943 5687 5431
f 5944 5432 5433
f 5944 5433 5689
f 5944 5689 5688
f 5944 5688 5432
f 5945 5433 5434
f 5945 5434 5690
f 5945 5690 5689
f 5945 5689 5433
f 5946 5434 5435
f 5946 5435 5691
f 5946 5691 5690
f 5946 5690 5434
f 5947 5435 5436
f 5947 5436 5692
f 5947 5692 5691
f 5947 5691 5435
f 5948 5436 5437
f 5948 5437 5693
f 5948 5693 5692
f 5948 5692 5436
f 5949 5437 5438
f 5949 5438 5694
f 5949 5694 5693
f 5949 5693 5437
f 5950 5438 5439
f 5950 5439 5695
f 5950 5695 5694
f 5950 5694 5438
f 5951 5439 5440
f 5951 5440 5696
f 5951 5696 5695
f 5951 5695 5439
f 5952 5440 5441
f 5952 5441 5697
f 5952 5697 5696
f 5952 5696 5440
f 5953 5441 5442
f 5953 5442 5698
f 5953 5698 5697
f 5953 5697 5441
f 5954 5442 5443
f 5954 5443 5699
f 5954 5699 5698
f 5954 5698 5442
f 5955 5443 5444
f 5955 5444 5700
f 5955 5700 5699
f 5955 5699 5443
f 5956 5444 5445
f 5956 5445 5701
f 5956 5701 5700
f 5956 5700 5444
f 5957 5445 5446
f 5957 5446 5702
f 5957 5702 5701
f 5957 5701 5445
f 5958 5446 5447
f 5958 5447 5703
f 5958 5703 5702
f 5958 5702 5446
f 5959 5447 5448
f 5959 5448 5704
f 5959 5704 5703
f 5959 5703 5447
f 5960 5448 5449
f 5960 5449 5705
f 5960 5705 5704
f 5960 5704 5448
f 5961 5449 5450
f 5961 5450 5706
f 5961 5706 5705
f 5961 5705 5449
f 5962 5450 5451
f 5962 5451 5707
f 5962 5707 5706
f 5962 5706 5450
f 5963 5451 5452
f 5963 5452 5708
f 5963 5708 5707
f 5963 5707 5451
f 5964 5452 5453
f 5964 5453 5709
f 5964 5709 5708
f 5964 5708 5452
f 5965 5453 5454
f 5965 5454 5710
f 5965 5710 5709
f 5965 5709 5453
f 5966 5454 5455
f 5966 5455 5711
f 5966 5711 5710
f 5966 5710 5454
f 5967 5455 5456
f 5967 5456 5712
f 5967 5712 5711
f 5967 5711 5455
f 5968 5456 5457
f 5968 5457 5713
f 5968 5713 5712
f 5968 5712 5456
f 5969 5457 5458
f 5969 5458 5714
f 5969 5714 5713
f 5969 5713 5457
f 5970 5458 5459
f 5970 5459 5715
f 5970 5715 5714
f 5970 5714 5458
f 5971 5459 5460
f 5971 5460 5716
f 5971 5716 5715
f 5971 5715 5459
f 5972 5460 5461
f 5972 5461 5717
f 5972 5717 5716
f 5972 5716 5460
f 5973 5461 5462
f 5973 5462 5718
f 5973 5718 5717
f 5973 5717 5461
f 5974 5462 5463
f 5974 5463 5719
f 5974 5719 5718
f 5974 5718 5462
f 5975 5463 5464
f 5975 5464 5720
f 5975 5720 5719
f 5975 5719 5463
f 5976 5464 5465
f 5976 5465 5721
f 5976 5721 5720
f 5976 5720 5464
f 5977 5465 5466
f 5977 5466 5722
f 5977 5722 5721
f 5977 5721 5465
f 5978 5466 5467
f 5978 5467 5723
f 5978 5723 5722
f 5978 5722 5466
f 5979 5467 5468
f 5979 5468 5724
f 5979 5724 5723
f 5979 5723 5467
f 5980 5468 5469
f 5980 5469 5725
f 5980 5725 5724
f 5980 5724 5468
f 5981 5469 5470
f 5981 5470 5726
f 5981 5726 5725
f 5981 5725 5469
f 5982 5470 5471
f 5982 5471 5727
f 5982 5727 5726
f 5982 5726 5470
f 5983 5471 5472
f 5983 5472 5728
f 5983 5728 5727
f 5983 5727 5471
f 5984 5472 5473
f 5984 5473 5729
f 5984 5729 5728
f 5984 5728 5472
f 5985 5473 5474
f 5985 5474 5730
f 5985 5730 5729
f 5985 5729 5473
f 5986 5474 5475
f 5986 5475 5731
f 5986 5731 5730
f 5986 5730 5474
f 5987 5475 5476
f 5987 5476 5732
f 5987 5732 5731
f 5987 5731 5475
f 5988 5476 5477
f 5988 5477 5733
f 5988 5733 5732
f 5988 5732 5476
f 5989 5477 5478
f 5989 5478 5734
f 5989 5734 5733
f 5989 5733 5477
f 5990 5478 5479
f 5990 5479 5735
f 5990 5735 5734
f 5990 5734 5478
f 5991 5479 5480
f 5991 5480 5736
f 5991 5736 5735
f 5991 5735 5479
f 5992 5480 5481
f 5992 5481 5737
f 5992 5737 5736
f 5992 5736 5480
f 5993 5481 5482
f 5993 5482 5738
f 5993 5738 5737
f 5993 5737 5481
f 5994 5482 5483
f 5994 5483 5739
f 5994 5739 5738
f 5994 5738 5482
f 5995 5483 5484
f 5995 5484 5740
f 5995 5740 5739
f 5995 5739 5483
f 5996 5484 5485
f 5996 5485 5741
f 5996 5741 5740
f 5996 5740 5484
f 5997 5485 5486
f 5997 5486 5742
f 5997 5742 5741
f 5997 5741 5485
f 5998 5486 5487
f 5998 5487 5743
f 5998 5743 5742
f 5998 5742 5486
f 5999 5487 5488
f 5999 5488 5744
f 5999 5744 5743
f 5999 5743 5487
f 6000 5488 5489
f 6000 5489 5745
f 6000 5745 5744
f 6000 5744 5488
f 6001 5489 5490
f 6001 5490 5746
f 6001 5746 5745
f 6001 5745 5489
f 6002 5490 5491
f 6002 5491 5747
f 6002 5747 5746
f 6002 5746 5490
f 6003 5491 5492
f 6003 5492 5748
f 6003 5748 5747
f 6003 5747 5491
f 6004 5492 5493
f 6004 5493 5749
f 6004 5749 5748
f 6004 5748 5492
f 6005 5493 5494
f 6005 5494 5750
f 6005 5750 5749
f 6005 5749 5493
f 6006 5494 5495
f 6006 5495 5751
f 6006 5751 5750
f 6006 5750 5494
f 6007 5495 5496
f 6007 5496 5752
f 6007 5752 5751
f 6007 5751 5495
f 6008 5496 5497
f 6008 5497 5753
f 6008 5753 5752
f 6008 5752 5496
f 6009 5497 5498
f 6009 5498 5754
f 6009 5754 5753
f 6009 5753 5497
f 6010 5498 5499
f 6010 5499 5755
f 6010 5755 5754
f 6010 5754 5498
f 6011 5499 5500
f 6011 5500 5756
f 6011 5756 5755
f 6011 5755 5499
f 6012 5500 5501
f 6012 5501 5757
f 6012 5757 5756
f 6012 5756 5500
f 6013 5501 5502
f 6013 5502 5758
f 6013 5758 5757
f 6013 5757 5501
f 6014 5502 5503
f 6014 5503 5759
f 6014 5759 5758
f 6014 5758 5502
f 6015 5503 5504
f 6015 5504 5760
f 6015 5760 5759
f 6015 5759 5503
f 6016 5504 5505
f 6016 5505 5761
f 6016 5761 5760
f 6016 5760 5504
f 6017 5505 5506
f 6017 5506 5762
f 6017 5762 5761
f 6017 5761 5505
f 6018 5506 5507
f 6018 5507 5763
f 6018 5763 5762
f 6018 5762 5506
f 6019 5507 5508
f 6019 5508 5764
f 6019 5764 5763
f 6019 5763 5507
f 6020 5508 5509
f 6020 5509 5765
f 6020 5765 5764
f 6020 5764 5508
f 6021 5509 5510
f 6021 5510 5766
f 6021 5766 5765
f 6021 5765 5509
f 6022 5510 5511
f 6022 5511 5767
f 6022 5767 5766
f 6022 5766 5510
f 6023 5511 5512
f 6023 5512 5768
f 6023 5768 5767
f 6023 5767 5511
f 6024 5512 5513
f 6024 5513 5769
f 6024 5769 5768
f 6024 5768 5512
f 6025 5513 5514
f 6025 5514 5770
f 6025 5770 5769
f 6025 5769 5513
f 6026 5514 5515
f 6026 5515 5771
f 6026 5771 5770
f 6026 5770 5514
f 6027 5515 5516
f 6027 5516 5772
f 6027 5772 5771
f 6027 5771 5515
f 6028 5516 5517
f 6028 5517 5773
f 6028 5773 5772
f 6028 5772 5516
f 6029 5517 5518
f 6029 5518 5774
f 6029 5774 5773
f 6029 5773 5517
f 6030 5518 5519
f 6030 5519 5775
f 6030 5775 5774
f 6030 5774 5518
f 6031 5519 5520
f 6031 5520 5776
f 6031 5776 5775
f 6031 5775 5519
f 6032 5520 5521
f 6032 5521 5777
f 6032 5777 5776
f 6032 5776 5520
f 6033 5521 5522
f 6033 5522 5778
f 6033 5778 5777
f 6033 5777 5521
f 6034 5522 5523
f 6034 5523 5779
f 6034 5779 5778
f 6034 5778 5522
f 6035 5523 5524
f 6035 5524 5780
f 6035 5780 5779
f 6035 5779 5523
f 6036 5524 5525
f 6036 5525 5781
f 6036 5781 5780
f 6036 5780 5524
f 6037 5525 5526
f 6037 5526 5782
f 6037 5782 5781
f 6037 5781 5525
f 6038 5526 5527
f 6038 5527 5783
f 6038 5783 5782
f 6038 5782 5526
f 6039 5527 5528
f 6039 5528 5784
f 6039 5784 5783
f 6039 5783 5527
f 6040 5528 5529
f 6040 5529 5785
f 6040 5785 5784
f 6040 5784 5528
f 6041 5529 5530
f 6041 5530 5786
f 6041 5786 5785
f 6041 5785 5529
f 6042 5530 5531
f 6042 5531 5787
f 6042 5787 5786
f 6042 5786 5530
f 6043 5531 5532
f 6043 5532 5788
f 6043 5788 5787
f 6043 5787 5531
f 6044 5532 5533
f 6044 5533 5789
f 6044 5789 5788
f 6044 5788 5532
f 6045 5533 5534
f 6045 5534 5790
f 6045 5790 5789
f 6045 5789 5533
f 6046 5534 5535
f 6046 5535 5791
f 6046 5791 5790
f 6046 5790 5534
f 6047 5535 5536
f 6047 5536 5792
f 6047 5792 5791
f 6047 5791 5535
f 6048 5536 5537
f 6048 5537 5793
f 6048 5793 5792
f 6048 5792 5536
f 6049 5537 5538
f 6049 5538 5794
f 6049 5794 5793
f 6049 5793 5537
f 6050 5538 5539
f 6050 5539 5795
f 6050 5795 5794
f 6050 5794 5538
f 6051 5539 5540
f 6051 5540 5796
f 6051 5796 5795
f 6051 5795 5539
f 6052 5540 5541
f 6052 5541 5797
f 6052 5797 5796
f 6052 5796 5540
f 6053 5541 5542
f 6053 5542 5798
f 6053 5798 5797
f 6053 5797 5541
f 6054 5542 5543
f 6054 5543 5799
f 6054 5799 5798
f 6054 5798 5542
f 6055 5543 5544
f 6055 5544 5800
f 6055 5800 5799
f 6055 5799 5543
f 6056 5544 5545
f 6056 5545 5801
f 6056 5801 5800
f 6056 5800 5544
f 6057 5545 5546
f 6057 5546 5802
f 6057 5802 5801
f 6057 5801 5545
f 6058 5546 5547
f 6058 5547 5803
f 6058 5803 5802
f 6058 5802 5546
f 6059 5547 5548
f 6059 5548 5804
f 6059 5804 5803
f 6059 5803 5547
f 6060 5548 5549
f 6060 5549 5805
f 6060 5805 5804
f 6060 5804 5548
f 6061 5549 5550
f 6061 5550 5806
f 6061 5806 5805
f 6061 5805 5549
f 6062 5550 5551
f 6062 5551 5807
f 6062 5807 5806
f 6062 5806 5550
f 6063 5551 5552
f 6063 5552 5808
f 6063 5808 5807
f 6063 5807 5551
f 6064 5552 5553
f 6064 5553 5809
f 6064 5809 5808
f 6064 5808 5552
f 6065 5553 5554
f 6065 5554 5810
f 6065 5810 5809
f 6065 5809 5553
f 6066 5554 5555
f 6066 5555 5811
f 6066 5811 5810
f 6066 5810 5554
f 6067 5555 5556
f 6067 5556 5812
f 6067 5812 5811
f 6067 5811 5555
f 6068 5556 5557
f 6068 5557 5813
f 6068 5813 5812
f 6068 5812 5556
f 6069 5557 5558
f 6069 5558 5814
f 6069 5814 5813
f 6069 5813 5557
f 6070 5558 5559
f 6070 5559 5815
f 6070 5815 5814
f 6070 5814 5558
f 6071 5559 5560
f 6071 5560 5816
f 6071 5816 5815
f 6071 5815 5559
f 6072 5560 5561
f 6072 5561 5817
f 6072 5817 5816
f 6072 5816 5560
f 6073 5561 5562
f 6073 5562 5818
f 6073 5818 5817
f 6073 5817 5561
f 6074 5562 5563
f 6074 5563 5819
f 6074 5819 5818
f 6074 5818 5562
f 6075 5563 5564
f 6075 5564 5820
f 6075 5820 5819
f 6075 5819 5563
f 6076 5564 5565
f 6076 5565 5821
f 6076 5821 5820
f 6076 5820 5564
f 6077 5565 5566
f 6077 5566 5822
f 6077 5822 5821
f 6077 5821 5565
f 6078 5566 5567
f 6078 5567 5823
f 6078 5823 5822
f 6078 5822 5566
f 6079 5567 5568
f 6079 5568 5824
f 6079 5824 5823
f 6079 5823 5567
f 6080 5568 5569
f 6080 5569 5825
f 6080 5825 5824
f 6080 5824 5568
f 6081 5569 5570
f 6081 5570 5826
f 6081 5826 5825
f 6081 5825 5569
f 6082 5570 5571
f 6082 5571 5827
f 6082 5827 5826
f 6082 5826 5570
f 6083 5571 5572
f 6083 5572 5828
f 6083 5828 5827
f 6083 5827 5571
f 6084 5572 5573
f 6084 5573 5829
f 6084 5829 5828
f 6084 5828 5572
f 6085 5573 5574
f 6085 5574 5830
f 6085 5830 5829
f 6085 5829 5573
f 6086 5574 5575
f 6086 5575 5831
f 6086 5831 5830
f 6086 5830 5574
f 6087 5575 5576
f 6087 5576 5832
f 6087 5832 5831
f 6087 5831 5575
f 6088 5576 5577
f 6088 5577 5833
f 6088 5833 5832
f 6088 5832 5576
f 6089 5577 5578
f 6089 5578 5834
f 6089 5834 5833
f 6089 5833 5577
f 6090 5578 5579
f 6090 5579 5835
f 6090 5835 5834
f 6090 5834 5578
f 6091 5579 5580
f 6091 5580 5836
f 6091 5836 5835
f 6091 5835 5579
f 6092 5580 5581
f 6092 5581 5837
f 6092 5837 5836
f 6092 5836 5580
f 6093 5581 5582
f 6093 5582 5838
f 6093 5838 5837
f 6093 5837 5581
f 6094 5582 5583
f 6094 5583 5839
f 6094 5839 5838
f 6094 5838 5582
f 6095 5583 5584
f 6095 5584 5840
f 6095 5840 5839
f 6095 5839 5583
f 6096 5584 5585
f 6096 5585 5841
f 6096 5841 5840
f 6096 5840 5584
f 6097 5585 5586
f 6097 5586 5842
f 6097 5842 5841
f 6097 5841 5585
f 6098 5586 5587
f 6098 5587 5843
f 6098 5843 5842
f 6098 5842 5586
f 6099 5587 5588
f 6099 5588 5844
f 6099 5844 5843
f 6099 5843 5587
f 6100 5588 5589
f 6100 5589 5845
f 6100 5845 5844
f 6100 5844 5588
f 6101 5589 5590
f 6101 5590 5846
f 6101 5846 5845
f 6101 5845 5589
f 6102 5590 5591
f 6102 5591 5847
f 6102 5847 5846
f 6102 5846 5590
f 6103 5591 5592
f 6103 5592 5848
f 6103 5848 5847
f 6103 5847 5591
f 6104 5592 5593
f 6104 5593 5849
f 6104 5849 5848
f 6104 5848 5592
f 6105 5593 5594
f 6105 5594 5850
f 6105 5850 5849
f 6105 5849 5593
f 6106 5594 5595
f 6106 5595 5851
f 6106 5851 5850
f 6106 5850 5594
f 6107 5595 5596
f 6107 5596 5852
f 6107 5852 5851
f 6107 5851 5595
f 6108 5596 5597
f 6108 5597 5853
f 6108 5853 5852
f 6108 5852 5596
f 6109 5597 5598
f 6109 5598 5854
f 6109 5854 5853
f 6109 5853 5597
f 6110 5598 5599
f 6110 5599 5855
f 6110 5855 5854
f 6110 5854 5598
f 6111 5599 5600
f 6111 5600 5856
f 6111 5856 5855
f 6111 5855 5599
f 6112 5600 5601
f 6112 5601 5857
f 6112 5857 5856
f 6112 5856 5600
f 6113 5601 5602
f 6113 5602 5858
f 6113 5858 5857
f 6113 5857 5601
f 6114 5602 5603
f 6114 5603 5859
f 6114 5859 5858
f 6114 5858 5602
f 6115 5603 5604
f 6115 5604 5860
f 6115 5860 5859
f 6115 5859 5603
f 6116 5604 5605
f 6116 5605 5861
f 6116 5861 5860
f 6116 5860 5604
f 6117 5605 5606
f 6117 5606 5862
f 6117 5862 5861
f 6117 5861 5605
f 6118 5606 5607
f 6118 5607 5863
f 6118 5863 5862
f 6118 5862 5606
f 6119 5607 5608
f 6119 5608 5864
f 6119 5864 5863
f 6119 5863 5607
f 6120 5608 5609
f 6120 5609 5865
f 6120 5865 5864
f 6120 5864 5608
f 6121 5609 5610
f 6121 5610 5866
f 6121 5866 5865
f 6121 5865 5609
f 6122 5610 5611
f 6122 5611 5867
f 6122 5867 5866
f 6122 5866 5610
f 6123 5611 5612
f 6123 5612 5868
f 6123 5868 5867
f 6123 5867 5611
f 6124 5612 5613
f 6124 5613 5869
f 6124 5869 5868
f 6124 5868 5612
f 6125 5613 5614
f 6125 5614 5870
f 6125 5870 5869
f 6125 5869 5613
f 6126 5614 5615
f 6126 5615 5871
f 6126 5871 5870
f 6126 5870 5614
f 6127 5615 5616
f 6127 5616 5872
f 6127 5872 5871
f 6127 5871 5615
f 6128 5616 5617
f 6128 5617 5873
f 6128 5873 5872
f 6128 5872 5616
f 6129 5617 5618
f 6129 5618 5874
f 6129 5874 5873
f 6129 5873 5617
f 6130 5618 5619
f 6130 5619 5875
f 6130 5875 5874
f 6130 5874 5618
f 6131 5619 5620
f 6131 5620 5876
f 6131 5876 5875
f 6131 5875 5619
f 6132 5620 5621
f 6132 5621 5877
f 6132 5877 5876
f 6132 5876 5620
f 6133 5621 5622
f 6133 5622 5878
f 6133 5878 5877
f 6133 5877 5621
f 6134 5622 5623
f 6134 5623 5879
f 6134 5879 5878
f 6134 5878 5622
f 6135 5623 5624
f 6135 5624 5880
f 6135 5880 5879
f 6135 5879 5623
f 6136 5624 5625
f 6136 5625 5881
f 6136 5881 5880
f 6136 5880 5624
f 6137 5625 5626
f 6137 5626 5882
f 6137 5882 5881
f 6137 5881 5625
f 6138 5626 5627
f 6138 5627 5883
f 6138 5883 5882
f 6138 5882 5626
f 6139 5627 5628
f 6139 5628 5884
f 6139 5884 5883
f 6139 5883 5627
f 6140 5628 5629
f 6140 5629 5885
f 6140 5885 5884
f 6140 5884 5628
f 6141 5629 5630
f 6141 5630 5886
f 6141 5886 5885
f 6141 5885 5629
f 6142 5630 5631
f 6142 5631 5887
f 6142 5887 5886
f 6142 5886 5630
f 6143 5631 5632
f 6143 5632 5888
f 6143 5888 5887
f 6143 5887 5631
f 6144 5632 5377
f 6144 5377 5633
f 6144 5633 5888
f 6144 5888 5632
