o VEGVISIR
v -53.4164 -5.4208 -0.0000
v -53.4184 -5.4679 26.0913
v -41.4358 -5.6057 26.0913
v -53.4153 -4.9640 26.0913
v -53.4192 -3.5954 26.0913
v -53.4153 -4.5082 -0.0000
v -53.4245 -3.5481 -0.0000
v -41.4358 -3.4106 -0.0000
v 56.9897 -5.6286 -0.0000
v 57.0069 -3.3739 -0.0000
v 56.9870 -4.7010 26.0913
v 56.9870 -4.5082 26.0913
v 57.0266 -3.3811 26.0913
v 56.9870 -4.6107 -0.0000
v 56.9870 -4.5985 26.0913
v 22.7363 46.6190 0.0000
v 24.6994 45.7236 26.0913
v 31.9086 41.7884 0.0000
v 33.1908 40.9635 26.0913
v 38.6453 36.5721 0.0000
v 41.0969 34.2492 26.0913
v 43.2677 31.8261 0.0000
v 46.5643 27.6697 26.0913
v 47.3475 26.5446 0.0000
v 50.1206 21.9770 26.0913
v 51.3330 19.6979 0.0000
v 53.2606 15.3218 26.0913
v 54.9557 10.4450 0.0000
v 55.9579 6.2741 26.0913
v 56.4742 2.8980 0.0000
v 56.9773 -5.6278 26.0913
v 56.6075 -11.5698 26.0913
v 56.5407 -11.8816 -0.0000
v 54.8106 -20.0146 -0.0000
v 54.9211 -19.5462 26.0913
v 52.4193 -26.5789 26.0913
v 51.7958 -27.9550 -0.0000
v 47.9145 -34.9411 26.0913
v 47.0878 -36.1599 -0.0000
v 41.3282 -43.1223 26.0913
v 40.9993 -43.4140 -0.0000
v 34.6362 -48.9254 -0.0000
v 34.1548 -49.2783 26.0913
v 26.6142 -53.9080 -0.0000
v 27.9357 -53.1583 26.0913
v 21.1767 -56.2715 26.0913
v 17.7365 -57.4523 -0.0000
v 15.2191 -58.1232 26.0913
v 8.5219 -59.4512 -0.0000
v 8.8640 -59.3911 26.0913
v -5.5984 -59.3998 -0.0000
v -1.6099 -59.5264 26.0913
v -6.5194 -59.2628 26.0913
v -14.7841 -57.3431 -0.0000
v -16.4177 -56.8398 26.0913
v -23.2587 -53.8912 -0.0000
v -24.6240 -53.1552 26.0913
v -30.1408 -49.7646 -0.0000
v -30.6034 -49.4347 26.0913
v -36.3753 -44.6416 -0.0000
v -36.7894 -44.2434 26.0913
v -41.9863 -38.4646 -0.0000
v -42.3494 -37.9972 26.0913
v -46.4975 -31.7469 -0.0000
v -46.7788 -31.2440 26.0913
v -49.2931 -25.9597 -0.0000
v -50.1460 -23.8838 26.0913
v -51.4858 -19.8159 -0.0000
v -52.4490 -16.0556 26.0913
v -53.2635 -11.5921 -0.0000
v -53.3006 -10.9257 26.0913
v -53.4154 -4.7495 26.0913
v -53.4154 -4.7227 -0.0000
v -53.0891 3.8956 0.0000
v -53.2099 2.5848 26.0913
v -51.3945 10.9357 0.0000
v -51.7752 9.8233 26.0913
v -48.8076 18.0994 0.0000
v -48.5491 18.5966 26.0913
v -45.0209 25.0224 26.0913
v -45.0122 25.0168 0.0000
v -40.4233 31.2351 0.0000
v -40.5593 31.0463 26.0913
v -33.5272 38.0755 26.0913
v -33.7774 37.8156 0.0000
v -27.3302 42.5290 0.0000
v -28.2628 41.8776 26.0913
v -22.6828 44.9671 26.0913
v -17.5900 47.2227 0.0000
v -15.4090 48.0177 26.0913
v -11.0924 49.2608 0.0000
v -9.8910 49.5195 26.0913
v -4.5000 50.3789 0.0000
v -3.8952 50.4351 26.0913
v 5.3750 50.5795 0.0000
v 2.6498 50.6413 26.0913
v 9.2190 50.2239 26.0913
v 13.5753 49.4145 0.0000
v 17.5429 48.3789 26.0913
v -46.8773 -37.3471 26.0913
v -46.7696 -37.3485 -0.0000
v -46.0614 -37.8753 26.0913
v -45.8065 -38.1872 -0.0000
v -42.7924 -42.0424 -0.0000
v -43.0831 -41.7214 26.0913
v -35.3722 -49.3969 -0.0000
v -34.5277 -50.1283 26.0913
v -31.0980 -52.5923 -0.0000
v -28.0296 -54.7502 26.0913
v -27.9524 -54.8736 -0.0000
v -28.0454 -55.1778 26.0913
v -33.8133 -64.4270 -0.0000
v -33.8318 -64.4301 26.0913
v -34.4371 -64.6150 26.0913
v -34.4195 -64.6421 0.0000
v -35.6072 -62.1165 -0.0000
v -35.7508 -61.8546 26.0913
v -36.0684 -61.6317 -0.0000
v -36.4857 -61.6579 26.0913
v -37.4680 -62.1028 -0.0000
v -37.8274 -62.5065 26.0913
v -37.9384 -62.9730 -0.0000
v -37.7146 -63.5757 26.0913
v -35.9552 -67.1235 26.0913
v -35.9593 -67.1065 -0.0000
v -36.5062 -67.1273 -0.0000
v -36.5109 -67.1218 26.0913
v -41.8145 -63.5830 -0.0000
v -42.1951 -63.3215 26.0913
v -49.6033 -57.1653 -0.0000
v -49.6539 -57.0873 26.0913
v -49.7301 -56.5748 26.0913
v -49.7294 -56.5742 -0.0000
v -41.1138 -56.4898 -0.0000
v -41.1138 -56.4898 26.0913
v -41.1138 -46.5733 -0.0000
v -41.1138 -46.5733 26.0913
v -51.0303 -46.5733 -0.0000
v -51.0303 -46.5733 26.0913
v -51.0526 -55.3702 -0.0000
v -51.0526 -55.3702 26.0913
v -54.7080 -51.4401 -0.0000
v -53.9597 -52.2795 26.0913
v -57.7577 -47.5673 26.0913
v -58.3701 -46.6404 -0.0000
v -62.1956 -40.7376 26.0913
v -62.0552 -40.5577 26.0913
v -62.1930 -40.7595 0.0000
v -62.0480 -40.5585 -0.0000
v -57.0650 -42.0997 -0.0000
v -56.7771 -42.1486 26.0913
v -55.9759 -41.7425 -0.0000
v -55.8410 -41.4791 26.0913
v -54.0861 -36.5157 -0.0000
v -54.3145 -37.1221 26.0913
v -53.5816 -35.8043 26.0913
v -53.5287 -35.8050 0.0000
v -49.9451 -36.7874 26.0913
v -48.9229 -37.0429 -0.0000
v 68.3008 26.2431 26.0913
v 68.3092 26.2663 0.0000
v 67.1940 25.9111 0.0000
v 67.2193 25.9331 26.0913
v 66.5228 25.3583 26.0913
v 66.4831 25.2940 0.0000
v 64.4091 20.4765 26.0913
v 64.1980 20.1755 0.0000
v 63.9728 20.0745 26.0913
v 63.2590 20.1359 0.0000
v 62.8788 20.2799 26.0913
v 59.9621 21.4832 0.0000
v 59.9463 21.4787 26.0913
v 59.1394 20.3423 0.0000
v 59.1890 20.4103 26.0913
v 59.0563 19.3033 0.0000
v 59.0725 19.2780 26.0913
v 63.7186 17.3044 0.0000
v 65.5879 17.0534 0.0000
v 65.0119 16.9557 26.0913
v 65.9212 17.3555 26.0913
v 66.1808 17.9033 0.0000
v 68.7824 24.9391 26.0913
v 68.7977 24.9664 0.0000
v 70.2836 21.9434 26.0913
v 70.5571 21.2273 0.0000
v 74.6013 6.6121 26.0913
v 74.5816 6.5241 0.0000
v 74.0370 5.8036 26.0913
v 74.0172 5.7984 0.0000
v 62.2338 4.2223 0.0001
v 62.2248 4.2241 26.0912
v 61.9774 4.4929 26.0913
v 61.9592 4.4843 -0.0000
v 63.1192 7.7864 26.0913
v 63.1609 8.1022 -0.0000
v 63.0176 8.3048 26.0913
v 62.5567 8.4629 0.0000
v 61.4453 8.4571 26.0913
v 60.8891 8.2027 0.0000
v 60.7051 7.9043 26.0913
v 59.2186 5.2929 26.0913
v 59.2299 5.3032 -0.0000
v 59.1166 5.3315 0.0000
v 59.0755 5.4393 26.0913
v 58.2440 9.1334 26.0913
v 57.6005 11.4885 0.0000
v 56.1279 16.2174 26.0913
v 56.0957 16.1532 0.0000
v 58.8717 22.8203 -0.0000
v 58.8711 22.8170 26.0913
v 62.2287 21.9276 26.0913
v 62.3058 21.9113 0.0000
v 63.5791 21.8072 26.0913
v 63.5280 21.7699 0.0000
v 63.8889 22.9152 0.0000
v 63.6168 23.9864 0.0000
v 63.8976 23.5428 26.0913
v 63.1131 24.2265 26.0913
v 58.0903 26.1108 26.0913
v 58.0167 26.1136 0.0000
v 57.2781 25.6309 26.0913
v 57.2562 25.5808 0.0000
v 55.0342 20.1765 0.0000
v 55.0015 20.1424 26.0913
v 54.5843 19.7398 26.0913
v 54.5855 19.7377 0.0000
v 54.4804 20.1298 26.0913
v 54.4606 20.1752 0.0000
v 50.7170 26.9178 26.0913
v 50.6473 27.0770 0.0000
v 50.3020 28.1930 0.0000
v 50.3095 28.2006 26.0913
v 62.2621 36.6147 26.0913
v 62.2506 36.6254 0.0000
v 63.6294 34.9854 26.0913
v 63.6730 34.9197 0.0000
v 46.1730 -54.1324 -0.0000
v 46.1547 -54.0781 26.0913
v 46.5441 -54.2584 26.0913
v 46.5912 -54.2351 -0.0000
v 52.4588 -49.2294 26.0913
v 52.4835 -49.2274 -0.0000
v 52.7028 -49.5027 26.0913
v 53.9220 -55.0301 -0.0000
v 53.9559 -55.5446 26.0913
v 53.6712 -56.2669 -0.0000
v 53.3844 -56.6070 26.0913
v 47.7189 -61.6395 -0.0000
v 46.6800 -62.4283 26.0913
v 40.6569 -66.5359 -0.0000
v 40.6410 -66.5425 26.0913
v 39.3027 -67.2003 26.0913
v 39.3072 -67.1975 -0.0000
v 39.2333 -66.9094 -0.0000
v 39.2515 -66.8772 26.0913
v 40.5780 -62.6387 26.0913
v 40.6027 -62.5480 -0.0000
v 40.9333 -60.7938 26.0913
v 40.9244 -60.7689 -0.0000
v 39.9999 -60.0687 26.0913
v 39.9973 -60.0715 -0.0000
v 39.1156 -59.8280 0.0000
v 39.0974 -59.8624 26.0913
v 37.7136 -63.8067 -0.0000
v 37.6380 -63.9137 26.0913
v 37.3361 -64.0413 26.0913
v 37.3688 -64.0452 0.0000
v 35.9997 -62.4900 26.0913
v 35.7720 -62.1427 -0.0000
v 31.5598 -54.6928 26.0913
v 31.4935 -54.5890 -0.0000
v 35.3022 -52.0386 -0.0000
v 40.2912 -48.1031 26.0913
v 40.6829 -47.7565 -0.0000
v 43.6755 -44.9327 0.0000
v 43.6731 -44.9351 26.0913
v 44.1048 -45.6045 -0.0000
v 44.1494 -45.7138 26.0913
v 72.0367 -12.4089 26.0913
v 72.0449 -12.4237 0.0000
v 69.5530 -14.7556 26.0913
v 69.4235 -14.8551 -0.0000
v 68.5953 -15.8634 26.0912
v 68.5986 -15.8742 0.0001
v 69.7343 -17.5660 26.0913
v 69.7631 -17.5998 -0.0000
v 73.0984 -21.4430 26.0913
v 73.0996 -21.4448 -0.0000
v 71.8211 -26.1596 26.0913
v 71.6020 -26.8611 -0.0000
v 71.0008 -27.9204 26.0913
v 70.8693 -27.9860 -0.0000
v 63.5264 -30.6640 -0.0000
v 63.2771 -30.7633 26.0913
v 60.9096 -30.7594 -0.0000
v 60.4867 -30.6587 26.0913
v 57.6709 -29.5616 -0.0000
v 55.4094 -28.2607 -0.0000
v 55.5151 -28.4613 26.0913
v 55.3565 -27.2505 26.0913
v 55.4113 -27.0145 -0.0000
v 57.5354 -20.9028 26.0913
v 58.2785 -19.2170 -0.0000
v 58.4867 -19.0260 26.0913
v 60.9890 -17.3600 26.0913
v 61.1350 -17.2505 -0.0000
v 63.8393 -14.9069 26.0913
v 63.8439 -14.8833 -0.0000
v 63.3689 -13.6382 26.0913
v 63.3362 -13.5761 -0.0000
v 61.8465 -11.0263 26.0913
v 61.8696 -11.0735 0.0000
v 62.1378 -10.6854 -0.0000
v 62.0974 -10.7287 26.0913
v 68.9258 -11.5602 26.0913
v 69.8634 -11.7770 -0.0000
v 60.4305 -34.0791 -0.0000
v 59.8559 -33.3335 26.0913
v 62.1600 -37.5589 26.0913
v 64.0627 -42.0525 -0.0000
v 64.1223 -42.3151 26.0913
v 64.0940 -43.0470 -0.0000
v 64.0157 -43.2646 26.0913
v 59.5695 -49.5960 -0.0000
v 58.8515 -50.4708 26.0913
v 56.2709 -53.3863 -0.0000
v 56.2709 -53.3863 26.0913
v 53.7839 -44.4086 -0.0000
v 53.7884 -44.4098 26.0913
v 53.6174 -44.3746 26.0913
v 53.6196 -44.3718 0.0000
v 47.9398 -49.4209 0.0000
v 47.9965 -49.3672 26.0913
v 47.6970 -49.4276 26.0913
v 47.6905 -49.4239 -0.0000
v 45.9232 -42.4500 -0.0000
v 45.9232 -42.4500 26.0913
v 49.5970 -37.4789 -0.0000
v 49.5831 -37.4950 26.0913
v 53.1028 -31.8535 26.0913
v 52.8550 -32.2620 -0.0000
v 54.0955 -30.5401 0.0000
v 54.0079 -30.6106 26.0913
v 54.6521 -30.6879 26.0913
v 58.7051 -32.5865 -0.0000
v -22.2287 57.3481 26.0913
v -22.2530 57.3063 0.0000
v -22.1708 56.9826 26.0913
v -22.1308 56.9698 0.0000
v -12.7808 52.0676 26.0913
v -12.7831 52.0654 -0.0000
v -12.9216 51.9147 26.0913
v -12.9170 51.9208 -0.0000
v -20.5963 49.2004 0.0000
v -20.8583 49.0962 26.0913
v -25.1195 47.1936 0.0000
v -25.1195 47.1936 26.0913
v -25.1757 48.3614 0.0000
v -25.1490 48.2344 26.0913
v -25.6082 48.7825 26.0913
v -25.7623 48.8110 0.0000
v -33.2528 50.1246 0.0000
v -33.2789 50.1354 26.0913
v -33.4579 50.3056 26.0913
v -33.4601 50.3098 -0.0000
v -30.6065 56.2003 26.0913
v -30.6088 56.2262 -0.0000
v -30.8239 56.4167 26.0913
v -30.8002 56.4101 0.0000
v -38.7147 56.9105 0.0000
v -38.8093 56.9538 26.0913
v -32.0095 60.7468 0.0000
v -28.8064 62.2706 26.0913
v -23.6624 64.4286 0.0000
v -23.1119 64.6224 26.0913
v -15.7399 66.9126 0.0000
v -15.7757 66.9051 26.0913
v -15.5297 66.7611 26.0913
v -15.5330 66.7515 0.0000
v -1.2434 62.7559 0.0000
v -0.9864 62.0757 26.0913
v -0.8908 61.1353 0.0000
v -1.1020 59.8885 26.0913
v -1.4431 59.1110 0.0000
v -4.1968 53.4059 0.0000
v -4.1968 53.4059 26.0913
v -8.7162 52.7217 0.0000
v -8.7577 52.7250 26.0913
v -10.1246 53.8101 -0.0000
v -10.1382 53.8167 26.0913
v -10.5986 53.8936 26.0913
v -10.6562 53.9104 0.0000
v -16.8980 56.7287 26.0913
v -16.9353 56.7310 0.0000
v -17.3473 56.8061 26.0913
v -17.8262 57.1054 0.0000
v -18.5763 57.7909 0.0000
v -18.5924 57.8038 26.0913
v -17.9203 59.3341 0.0000
v -17.7386 59.6158 26.0913
v -13.8752 65.2681 0.0000
v -13.8095 65.3891 26.0913
v -13.0208 67.4827 0.0000
v -13.0268 67.4663 26.0913
v -5.9595 68.5977 26.0913
v -5.4817 68.6064 0.0000
v -4.5468 68.2390 26.0913
v -4.0893 67.8085 0.0000
v -2.7716 65.6668 26.0913
v 22.3348 65.9804 0.0000
v 31.6480 62.6551 0.0000
v 31.6855 62.6310 26.0913
v 31.8583 62.2482 -0.0000
v 31.8434 62.2042 26.0913
v 24.7891 49.2184 26.0913
v 24.7808 49.2326 0.0000
v 22.7951 49.6836 26.0913
v 22.7986 49.6557 0.0000
v 16.2738 51.7616 0.0000
v 13.4042 52.5257 26.0913
v 13.4135 52.5430 0.0000
v 14.8603 58.8063 0.0000
v 14.8620 58.8008 26.0913
v 18.3097 59.6220 26.0913
v 18.2723 59.6133 0.0000
v 22.8823 60.9766 0.0000
v 22.8823 60.9766 26.0913
v 20.2237 63.8039 0.0000
v 20.1468 63.8782 26.0913
v 16.8201 67.0005 0.0000
v 16.9600 66.8111 26.0913
v 16.9343 67.3072 26.0913
v 16.9795 67.3126 -0.0000
v 22.8693 65.8097 26.0913
v -40.4325 54.6428 0.0000
v -34.4835 45.0970 26.0913
v -32.9048 42.4050 0.0000
v -33.0494 42.3227 26.0913
v -35.7262 40.0060 0.0000
v -40.9161 35.1207 26.0913
v -41.2248 34.8943 0.0000
v -41.9852 34.8956 26.0913
v -42.4500 35.2289 0.0000
v -46.7229 39.5029 26.0913
v -46.7558 39.5518 0.0000
v -46.7852 40.1100 0.0000
v -46.7823 40.1497 26.0913
v -45.5676 40.8993 0.0000
v -45.1025 41.1015 26.0913
v -41.4766 42.7208 0.0000
v -41.7946 42.5608 26.0913
v -41.1062 43.3010 26.0913
v -41.1057 43.6233 0.0000
v -41.5868 44.4569 26.0913
v -41.8083 44.5832 0.0000
v -42.6341 44.7073 26.0913
v -42.6086 44.6991 0.0000
v -48.5294 42.1594 0.0000
v -48.7381 42.1063 26.0913
v -49.5182 42.4320 0.0000
v -50.2880 43.0464 0.0000
v -50.3004 43.0600 26.0913
v -49.4096 44.1456 0.0000
v -49.3157 44.1873 26.0913
v -44.3536 46.7063 26.0913
v -44.3099 46.7818 -0.0000
v -44.3777 47.0899 26.0913
v -45.3396 48.4986 0.0000
v -45.5111 48.5626 26.0913
v -51.1962 46.2578 -0.0000
v -51.2007 46.2640 26.0913
v -51.3091 46.4709 26.0913
v -51.3012 46.4738 -0.0000
v -46.4215 50.9626 26.0913
v -46.2062 51.1549 0.0000
v -42.1851 54.4246 26.0913
v -42.0660 54.5072 0.0000
v -40.7305 55.1322 26.0912
v -40.4927 54.9885 26.0913
v -40.5593 55.0967 0.0000
v -40.4243 54.6444 26.0913
v 34.6990 -65.6260 26.0912
v 34.6927 -65.6533 0.0000
v 34.3737 -65.7228 26.0913
v 33.2604 -65.5569 -0.0000
v 30.6033 -64.9966 26.0913
v 30.4617 -64.9804 -0.0000
v 30.0477 -65.2206 26.0913
v 30.0105 -65.3195 -0.0000
v 29.5636 -67.2334 -0.0000
v 29.5482 -67.2844 26.0913
v 36.2286 -68.5732 26.0913
v 36.3739 -68.8701 26.0913
v 36.3831 -68.7073 0.0000
v 35.6270 -69.4255 -0.0000
v 30.1105 -72.0710 26.0913
v 29.5614 -72.2707 -0.0000
v 23.8685 -74.4199 0.0001
v 23.8831 -74.4109 26.0913
v 23.5119 -74.2275 26.0913
v 23.4906 -74.1811 -0.0000
v 19.9622 -59.9636 26.0913
v 19.9718 -59.9512 0.0000
v 20.9218 -59.4503 26.0913
v 20.9547 -59.4364 -0.0000
v 23.7690 -58.3475 26.0913
v 23.9551 -58.2688 -0.0000
v 29.3443 -55.9098 26.0913
v 29.3723 -55.8975 0.0000
v 33.2134 -62.3398 26.0913
v 33.5209 -62.9536 -0.0000
v -54.7074 10.9951 26.0913
v -54.6123 10.7928 0.0000
v -54.8170 9.4230 26.0913
v -55.7827 4.7784 26.0913
v -55.7763 4.7957 0.0000
v -56.3782 0.0526 0.0000
v -56.4266 -0.0205 26.0913
v -57.0946 -0.4471 -0.0000
v -57.1048 -0.4403 26.0913
v -61.3332 0.2661 0.0000
v -60.9519 0.0830 26.0913
v -61.8417 1.0109 26.0913
v -64.5347 7.4298 0.0000
v -64.5075 7.3276 26.0913
v -65.2039 7.7117 26.0913
v -65.4762 7.6906 0.0000
v -66.6692 7.3427 26.0913
v -66.6510 7.3349 0.0000
v -64.4526 0.6537 0.0000
v -64.4714 0.6228 26.0913
v -65.8176 0.4330 0.0000
v -65.9694 0.4439 26.0913
v -67.0061 0.7829 0.0000
v -67.0750 0.8456 26.0913
v -68.9572 7.9231 0.0000
v -68.9492 7.8801 26.0913
v -69.4722 8.3987 26.0913
v -69.5336 8.4177 0.0000
v -70.4836 8.6285 0.0000
v -70.2182 8.4904 26.0913
v -70.5838 8.8449 26.0913
v -70.4844 9.6871 0.0000
v -68.6910 16.1629 -0.0000
v -68.7294 16.1302 26.0913
v -61.3262 13.5821 26.0913
v -55.0912 11.2272 0.0000
v 48.9680 51.6206 0.0000
v 50.7422 49.8926 -0.0000
v 50.7571 49.8288 26.0913
v 48.5468 47.2104 0.0000
v 48.2921 47.1381 26.0914
v 48.2512 47.1711 -0.0000
v 47.9303 50.8264 26.0913
v 47.9746 50.8322 0.0000
v 45.7354 50.8322 0.0000
v 45.7354 50.8322 26.0913
v 45.4155 44.0535 0.0000
v 45.4155 44.0535 26.0913
v 40.5679 38.8150 0.0000
v 40.6079 38.8624 26.0913
v 40.2166 38.9191 26.0913
v 40.0379 39.0830 0.0000
v 39.2228 39.9432 26.0913
v 39.2619 39.8985 0.0000
v 33.0928 44.5319 26.0913
v 33.0951 44.5234 0.0000
v 35.1113 48.5857 0.0000
v 35.1166 48.5983 26.0913
v 40.1941 58.0109 0.0000
v 40.2839 58.0919 26.0913
v 44.5155 55.0696 0.0000
v 48.8916 51.7023 26.0913
v 74.7236 -9.6045 0.0000
v 74.8355 -9.1429 26.0913
v 74.2659 -9.9013 -0.0000
v 74.3545 -9.9141 26.0913
v 60.0641 -7.7525 -0.0000
v 60.0624 -7.7319 26.0913
v 59.7420 -0.4691 -0.0000
v 59.7442 -0.4964 26.0913
v 59.9218 1.4539 -0.0000
v 59.9269 1.4350 26.0913
v 70.5533 3.0148 0.0000
v 70.5605 3.0155 26.0912
v 70.7935 2.8156 26.0913
v 70.7930 2.8102 -0.0000
v 69.6567 0.0681 0.0000
v 69.5954 -0.2318 26.0913
v 69.8317 -0.9481 -0.0000
v 70.0740 -1.1705 26.0913
v 70.8187 -1.4189 -0.0000
v 71.1258 -1.4120 26.0913
v 71.7420 -1.1334 -0.0000
v 71.8723 -0.9427 26.0913
v 74.4886 4.1288 0.0000
v 74.4886 4.1288 26.0913
v 74.9643 -0.6792 -0.0000
v 74.9033 0.2203 26.0913
v 60.6395 39.1874 0.0000
v 60.6404 39.1547 26.0913
v 60.6497 38.5191 0.0000
v 60.6642 38.5245 26.0913
v 53.7762 33.6783 26.0913
v 48.5644 30.0828 0.0000
v 48.4957 30.1634 26.0913
v 43.1187 36.4579 0.0000
v 43.1087 36.5094 26.0913
v 42.9894 37.6169 26.0913
v 43.0027 37.6262 0.0000
v 45.5755 40.2415 0.0000
v 45.5755 40.2415 26.0913
v 45.6868 37.0370 0.0000
v 45.6395 37.3612 26.0913
v 46.3193 36.3817 26.0913
v 46.5815 36.3315 0.0000
v 48.1345 36.2774 0.0000
v 48.1345 36.2774 26.0913
v 48.1345 43.0413 0.0000
v 48.1345 43.0413 26.0913
v 52.7639 48.1022 0.0000
v 52.7639 48.1022 26.0913
v 56.1171 44.7321 0.0000
v 56.4772 44.3387 26.0913
v 11.6373 -66.3056 26.0913
v 11.5784 -66.4010 -0.0000
v 11.7154 -66.8395 26.0913
v 11.8654 -66.8984 -0.0000
v 15.2510 -67.5604 -0.0000
v 16.4081 -67.9996 0.0000
v 16.2347 -67.8465 26.0913
v 16.4877 -68.3275 26.0913
v 16.4523 -68.4183 -0.0000
v 13.8189 -72.1162 26.0913
v 13.5436 -72.5178 -0.0000
v 13.2210 -73.2793 26.0913
v 13.2402 -73.4133 0.0000
v 13.3661 -73.5226 26.0913
v 17.3810 -74.4572 -0.0000
v 20.5178 -75.2140 26.0913
v 20.5195 -75.2287 -0.0000
v 19.9079 -75.7034 -0.0000
v 19.8488 -75.7226 26.0913
v 8.2635 -77.5424 -0.0000
v 8.1164 -77.5551 26.0913
v 4.8481 -77.5879 -0.0000
v 4.8540 -77.5760 26.0913
v 5.5106 -62.8799 26.0912
v 5.5326 -62.8834 0.0001
v 13.4911 -61.5280 26.0913
v 13.5611 -61.5202 -0.0000
v 15.9119 -60.8996 -0.0000
v 15.8950 -60.8993 26.0913
v 16.2903 -61.2185 26.0913
v 16.2754 -61.2206 -0.0000
v -52.4188 -26.0429 -0.0000
v -53.8066 -28.4468 -0.0000
v -52.4188 -26.0429 26.0913
v -53.6244 -28.0899 26.0913
v -55.1501 -32.3064 26.0913
v -55.2329 -32.4497 -0.0000
v -55.7940 -32.6777 26.0913
v -56.0782 -32.6320 -0.0000
v -62.1635 -31.0134 26.0913
v -62.1403 -31.0138 -0.0000
v -63.8946 -36.8691 -0.0000
v -63.8921 -36.8448 26.0913
v -64.2529 -36.9680 26.0913
v -64.2361 -36.9539 0.0000
v -68.2087 -27.4631 -0.0000
v -68.1602 -27.4509 26.0913
v -69.0037 -24.2737 26.0913
v -68.9764 -24.2650 -0.0000
v -55.1486 -21.6267 -0.0000
v -55.7961 -21.7499 26.0913
v -54.4694 -21.6445 26.0913
v -53.9443 -21.9645 -0.0000
v -53.8194 -22.2102 26.0913
v 14.3877 67.6770 26.0913
v 14.3936 67.6568 0.0000
v 14.1821 66.2289 26.0913
v 14.1317 66.0222 0.0000
v 11.0815 53.0759 26.0913
v 11.0844 53.0774 0.0000
v 6.9943 53.3826 0.0000
v 6.9314 53.3947 26.0913
v 5.9187 54.0222 0.0000
v 5.9893 53.9690 26.0913
v 2.6324 60.9163 0.0000
v 2.8383 60.2139 26.0913
v 2.8063 61.9940 26.0913
v 3.4199 63.4050 0.0000
v 5.5172 67.6337 26.0913
v 5.5197 67.6662 0.0000
v 5.6251 68.3329 0.0000
v 5.9828 68.6906 -0.0000
v 5.6863 68.4975 26.0913
v 6.4481 68.7378 26.0913
v 12.7278 68.1515 0.0000
v 13.3342 68.0088 26.0913
v -43.0894 32.7256 0.0000
v -43.0902 32.7196 26.0913
v -47.2004 27.0235 26.0913
v -47.2147 27.0036 0.0000
v -48.0821 26.3488 -0.0000
v -48.0549 26.3546 26.0913
v -49.1820 26.8106 26.0913
v -49.1880 26.8163 0.0000
v -51.1686 28.1999 0.0000
v -51.1686 28.1998 26.0913
v -51.0018 36.3642 0.0000
v -51.0502 36.3555 26.0913
v -56.9750 33.4369 0.0000
v -57.5253 33.2233 26.0913
v -58.6579 33.1959 0.0000
v -59.2287 33.3580 26.0913
v -59.9517 33.7428 0.0000
v -60.5635 34.3797 -0.0000
v -60.5661 34.3349 26.0913
v -58.8058 37.1705 0.0000
v -58.7641 37.2219 26.0913
v -54.1640 43.2241 0.0000
v -54.0962 43.2773 26.0913
v -53.8149 43.2557 -0.0000
v -53.6476 43.1082 26.0913
v -49.1086 23.9999 -0.0000
v -49.1058 23.9959 26.0913
v -50.4661 21.2525 26.0913
v -50.5114 21.1742 0.0000
v -51.4122 20.1480 0.0000
v -51.4133 20.1370 26.0913
v -62.2482 23.7306 26.0913
v -62.2278 23.7266 0.0000
v -65.9021 20.6215 0.0000
v -66.2552 20.3151 26.0913
v -67.5268 19.4837 26.0913
v -67.5211 19.4825 -0.0000
v -67.6603 20.1974 26.0913
v -67.6366 20.2764 0.0000
v -62.9900 30.5165 26.0913
v -62.9338 30.6198 0.0000
v -61.9288 31.8882 -0.0000
v -61.9665 31.8887 26.0913
v -60.6857 31.4471 0.0000
v -60.7853 31.5225 26.0913
v -53.3219 26.5677 0.0000
v -51.7379 25.5377 26.0913
v -58.4450 -2.7758 26.0913
v -56.4399 -3.1030 -0.0000
v -56.4399 -3.1030 26.0913
v -56.6297 -7.3782 -0.0000
v -56.6298 -7.3760 26.0913
v -71.0980 -10.0087 26.0913
v -70.9355 -9.9931 -0.0000
v -71.4428 -9.7302 0.0000
v -71.6102 -9.3543 26.0914
v -71.7625 -7.7930 -0.0000
v -71.7520 -1.4283 0.0000
v -71.7914 -1.6534 26.0913
v -71.3174 -1.1875 26.0913
v -70.8717 -1.2216 -0.0000
v -58.4252 -2.7799 -0.0000
v -5.6064 -62.3134 -0.0000
v -5.6671 -72.9749 -0.0000
v -5.6064 -62.3134 26.0913
v -5.6734 -73.1554 26.0913
v -6.0796 -77.4057 -0.0000
v -6.1152 -77.3938 26.0913
v -14.1264 -76.1384 26.0913
v -14.1515 -76.1301 -0.0000
v -14.5333 -75.7714 0.0000
v -14.5369 -75.7646 26.0913
v -9.9948 -61.5935 0.0000
v -9.9900 -61.5970 26.0913
v -21.8465 -58.4908 26.0913
v -21.8860 -58.8023 -0.0000
v -25.7673 -71.5033 26.0913
v -25.9119 -71.8619 0.0000
v -26.4737 -72.1154 -0.0000
v -26.3342 -72.1303 26.0913
v -32.9207 -69.3490 26.0913
v -32.8788 -69.3558 -0.0000
v -33.3626 -68.7640 26.0913
v -33.3623 -68.8141 -0.0000
v -32.0016 -66.2393 -0.0000
v -31.4106 -65.2489 26.0913
v -25.8375 -56.3760 0.0000
v -25.7234 -56.2537 26.0912
v -25.2929 -56.1519 -0.0000
v -25.2234 -56.1801 26.0913
v -22.4824 -57.5402 26.0913
v -22.2284 -57.7193 -0.0000
v -13.1105 -60.9159 -0.0000
v -14.2422 -60.4982 26.0913
v -12.7970 -61.2029 26.0912
v -12.6313 -61.6491 -0.0000
v -12.6339 -61.6647 26.0913
v -14.7232 -68.1605 -0.0000
v -14.7232 -68.1605 26.0913
v -18.6631 -69.2193 26.0913
v -18.6631 -69.2193 -0.0000
v -20.6603 -66.4858 -0.0000
v -20.5324 -66.6703 26.0913
v -21.2631 -65.3041 0.0000
v -21.2589 -65.3329 26.0913
v -19.0902 -59.0371 26.0913
v -19.0784 -59.0397 0.0000
v 2.4098 -72.9419 26.0913
v 2.3167 -72.9736 -0.0000
v 1.6167 -72.7963 26.0913
v 1.5367 -72.7497 -0.0000
v -0.2596 -71.5634 -0.0000
v -0.2596 -71.5634 26.0913
v -2.8076 -73.1535 0.0000
v -2.6318 -73.0876 26.0913
v -3.1550 -72.9765 26.0913
v -3.3566 -72.4396 -0.0000
v -3.3771 -68.7781 26.0913
v -3.2712 -65.8093 -0.0000
v -3.0070 -62.5488 26.0913
v -2.9538 -62.5448 -0.0000
v 2.8706 -62.7276 26.0913
v 2.8706 -62.7276 -0.0000
v 2.5533 -72.5627 0.0000
v 2.6953 -69.7708 26.0913
v -52.2566 17.5170 0.0001
v -52.2180 17.1894 26.0913
v -53.7154 13.7895 0.0001
v -54.1995 13.5031 -0.0000
v -53.8836 13.6080 26.0912
v -54.5430 13.6240 26.0913
v -64.3589 17.1057 0.0000
v -64.8384 17.2607 26.0913
v -65.0705 17.5883 0.0000
v -65.0173 17.6668 26.0913
v -61.7649 20.9617 26.0912
v -61.6244 20.9773 -0.0000
v -52.4387 17.6665 26.0913
v -64.6900 -15.8739 0.0000
v -64.6984 -15.8576 26.0913
v -65.5444 -17.4710 26.0913
v -66.2375 -18.4309 -0.0000
v -68.3521 -21.0255 26.0913
v -69.4619 -22.0984 0.0000
v -69.5028 -22.0978 26.0913
v -69.9647 -21.4873 -0.0000
v -69.9977 -21.3438 26.0913
v -71.3837 -12.2216 0.0000
v -71.3873 -12.1943 26.0913
v -70.9665 -11.9862 0.0000
v -70.8972 -12.0055 26.0913
v -55.3333 -16.1375 -0.0000
v -54.7303 -19.3582 26.0913
v -54.7416 -19.3656 -0.0000
v -55.2321 -19.3149 -0.0000
v -55.2464 -19.3039 26.0913
v -60.5881 -15.6488 0.0000
v -60.6161 -15.6019 26.0913
v -60.5497 -14.9192 -0.0000
v -60.4908 -14.8216 26.0913
v -56.8274 -9.7060 26.0913
v -56.7467 -9.6335 0.0000
v -56.3594 -9.6534 26.0913
v -56.3247 -9.7376 -0.0000
v -55.7360 -14.1063 26.0913
v -43.3305 -49.1749 -0.0000
v -43.3340 -49.1772 26.0913
v -43.5130 -54.0906 26.0913
v -43.5130 -54.0906 -0.0000
v -48.7911 -54.2764 -0.0000
v -48.8708 -54.2492 26.0913
v -48.6962 -49.1210 0.0000
v -48.6568 -49.0812 26.0913
v -48.1519 -48.9725 -0.0000
v -48.1226 -48.9732 26.0913
v 32.5112 49.2205 0.0000
v 32.4944 49.1793 26.0913
v 31.2683 46.2696 0.0000
v 30.9162 45.8121 26.0912
v 30.8270 45.8064 -0.0000
v 27.3788 47.7094 26.0912
v 27.2516 47.8810 0.0001
v 27.3960 48.2966 26.0913
v 30.6032 54.4178 26.0913
v 30.6435 54.4608 0.0000
v 30.8886 54.5129 26.0913
v 30.8974 54.4954 -0.0000
v 31.6881 52.6570 0.0000
v 31.9423 51.8250 26.0913
v 37.8494 59.2459 26.0913
v 37.7981 58.9221 0.0000
v 35.7528 54.6996 26.0913
v 35.0739 53.6161 0.0000
v 34.2808 53.1429 -0.0000
v 34.6183 53.2028 26.0913
v 34.2157 53.1817 26.0913
v 32.6919 57.9371 0.0000
v 32.6819 58.0929 26.0913
v 33.8195 61.0261 0.0000
v 33.8986 61.1293 26.0913
v 34.2805 61.2441 0.0000
v 34.5119 61.1856 26.0913
v 37.6517 59.4838 0.0000
v -56.2365 -35.3476 -0.0000
v -56.2463 -35.4012 26.0913
v -57.2600 -38.3089 -0.0000
v -57.2706 -38.3445 26.0913
v -57.8622 -39.2441 -0.0000
v -57.8315 -39.2316 26.0913
v -61.0248 -38.1535 26.0913
v -61.1605 -38.0921 -0.0000
v -61.5336 -37.7140 26.0913
v -61.5464 -37.6834 -0.0000
v -60.7108 -34.3947 0.0000
v -60.6884 -34.3360 26.0913
v -59.1376 -34.4129 -0.0000
v -56.6357 -34.9228 -0.0000
v -56.4811 -34.9670 26.0912
v 3.2719 68.3015 0.0000
v 1.0082 64.4482 -0.0000
v 0.9843 64.4310 26.0913
v 0.6659 64.4838 0.0000
v 0.6662 64.4922 26.0913
v -1.4526 68.7809 26.0913
v -1.4542 68.7776 0.0000
v 0.8310 68.9384 26.0913
v -0.0269 68.9038 0.0000
v 3.3242 68.7751 0.0000
v 3.3566 68.7415 26.0913
v -4.1669 -77.4423 -0.0000
v -4.1669 -77.4423 26.0913
v -0.3319 -74.4073 -0.0000
v -0.3319 -74.4073 26.0913
v 1.9976 -76.7666 -0.0000
v 2.0567 -76.8340 26.0913
v 2.6675 -77.7215 26.0913
v 2.6698 -77.7184 -0.0000
v 2.4283 -77.9130 26.0913
v 2.4002 -77.9169 -0.0000
v -26.7644 46.3013 26.0913
v -26.7952 46.2519 -0.0000
v -30.7551 43.8971 26.0912
v -30.7663 43.9134 0.0001
v -32.8412 47.2799 26.0912
v -32.8194 47.2593 0.0000
v -32.1818 47.4644 26.0913
v -32.1274 47.4619 0.0000
v -26.9842 46.5043 26.0913
v -26.8168 46.4452 0.0000
v -48.5560 -34.3160 26.0913
v -48.5662 -34.3310 -0.0000
v -49.9249 -34.2111 26.0913
v -51.7626 -33.8432 -0.0000
v -52.5932 -33.3175 -0.0000
v -52.3828 -33.5878 26.0913
v -52.6681 -32.4745 26.0913
v -52.4406 -31.7887 -0.0000
v -51.2804 -29.2559 -0.0000
v -51.4207 -29.3438 26.0913
v -51.1691 -29.3132 26.0913
v -49.7355 -31.7441 -0.0000
v -49.5437 -32.1518 26.0913
v 3.3821 53.7854 0.0000
v 3.3562 53.7571 26.0913
v 2.1953 53.5732 0.0000
v 2.1423 53.5698 26.0913
v -1.4419 53.5512 0.0000
v -1.4419 53.5512 26.0913
v 0.1127 56.6693 0.0000
v 0.1127 56.6670 26.0913
v 0.8321 57.7314 26.0913
v 0.8135 57.7266 -0.0000
v 1.9625 56.3136 26.0913
v 1.6388 56.7636 0.0000
v -16.9718 -75.3361 -0.0000
v -16.9741 -75.3389 26.0913
v -17.6365 -75.3139 26.0913
v -17.7557 -75.2902 -0.0000
v -23.6653 -73.2228 26.0913
v -23.6607 -73.2212 -0.0000
v -22.7863 -72.6263 26.0913
v -22.2963 -72.4843 -0.0000
v -19.2096 -72.3126 -0.0000
v -19.5877 -72.2092 26.0913
v -18.4600 -73.0985 26.0913
v -62.7711 -13.6061 26.0913
v -62.7317 -13.5239 -0.0000
v -63.7081 -13.7629 -0.0000
v -64.1438 -13.6115 26.0913
v -65.3462 -12.6027 -0.0000
v -66.0866 -11.7594 26.0913
v -65.9404 -11.5281 26.0913
v -66.0753 -11.6309 0.0000
v -62.7975 -10.9059 -0.0000
v -61.3130 -10.7457 26.0913
v -60.8100 -10.8468 -0.0000
v -60.7441 -10.9679 26.0913
v -61.0358 -11.5889 -0.0000
v -59.4643 -19.3867 0.0000
v -59.3697 -19.8052 -0.0000
v -59.3401 -19.5881 26.0913
v -59.6668 -20.1152 26.0913
v -59.7896 -20.1444 -0.0000
v -64.4297 -20.9333 -0.0000
v -64.4137 -20.9321 26.0913
v -64.8325 -20.6580 26.0914
v -64.8300 -20.6671 -0.0001
v -62.4023 -17.7251 0.0000
v -62.4113 -17.7547 26.0913
v -60.8020 -18.5439 26.0913
v 69.2791 -33.1047 -0.0000
v 68.5087 -34.3812 0.0000
v 68.3841 -34.4631 26.0913
v 67.6957 -34.2642 -0.0000
v 65.0565 -32.5982 26.0913
v 65.0349 -32.4297 26.0913
v 65.0072 -32.4764 -0.0000
v 68.8161 -31.2774 -0.0000
v 68.7841 -31.2877 26.0913
v 69.7204 -31.3963 -0.0001
v 69.6168 -31.3035 26.0913
v 69.7190 -32.1714 26.0913
v 67.3910 -36.9420 0.0000
v 67.4055 -36.9261 26.0913
v 66.2627 -39.4106 0.0000
v 65.9591 -39.5676 0.0001
v 66.2046 -39.4881 26.0912
v 65.8703 -39.5196 26.0913
v 64.9754 -38.1056 26.0913
v 65.1511 -38.4169 -0.0000
v 64.0306 -35.5386 26.0913
v 64.0171 -35.5805 0.0000
v 64.5373 -35.4027 -0.0000
v 64.4984 -35.4078 26.0913
v 20.3135 -72.2236 -0.0000
v 20.3148 -72.2224 26.0913
v 19.9707 -72.4216 26.0913
v 19.9764 -72.4097 -0.0000
v 17.4548 -71.9583 26.0913
v 17.4765 -71.9694 -0.0000
v 17.4818 -71.4691 -0.0000
v 17.4975 -71.4362 26.0913
v 19.5013 -68.6912 0.0000
v 19.7127 -68.6198 26.0914
v 19.8237 -68.6834 -0.0000
v 20.0271 -69.5125 26.0913
v 74.1447 -15.9134 -0.0000
v 74.0839 -16.2269 26.0913
v 73.6968 -17.6240 0.0000
v 73.6743 -17.6299 26.0913
v 73.1094 -17.3139 -0.0000
v 73.1142 -17.3203 26.0913
v 71.6814 -15.8589 -0.0000
v 71.6814 -15.8589 26.0913
v 74.3173 -13.2867 0.0000
v 74.3206 -13.2823 26.0913
v 74.4568 -13.3673 26.0913
v 74.4508 -13.3564 -0.0000
v 60.8617 -13.3069 -0.0000
v 60.9610 -13.9508 26.0913
v 60.6772 -14.7256 -0.0000
v 60.0987 -15.2280 26.0913
v 59.0048 -15.8697 0.0000
v 58.9891 -15.8584 26.0913
v 59.0769 -13.7328 26.0913
v 59.0093 -14.6084 -0.0000
v 59.5622 -11.4120 -0.0000
v 59.6321 -11.3601 26.0913
v 59.7728 -11.4240 -0.0000
v 60.4947 -12.4965 26.0913
v -69.6409 1.6653 26.0913
v -69.6548 1.6731 0.0000
v -69.9793 1.4291 0.0000
v -70.0008 1.4260 26.0913
v -71.5357 1.4193 0.0000
v -71.5379 1.4266 26.0913
v -71.1055 5.7989 0.0000
v -71.1280 5.7510 26.0913
v -70.9534 5.8629 26.0913
v -70.9302 5.8540 -0.0000
v -70.5616 5.3867 0.0000
v -70.5535 5.3550 26.0913
v -53.0768 29.9259 26.0913
v -53.0827 29.9566 0.0000
v -53.2657 29.8513 0.0000
v -53.4501 29.9418 26.0913
v -55.8976 31.5490 0.0000
v -55.8976 31.5490 26.0913
v -53.8473 32.8128 0.0000
v -53.8550 32.8044 26.0913
v -53.0963 32.5603 26.0913
v -53.0023 32.4538 0.0000
v -35.4716 51.8627 0.0000
v -35.4716 51.8627 26.0913
v -36.8030 53.3737 0.0000
v -37.2137 53.9236 26.0913
v -37.2606 54.2757 26.0913
v -37.2930 54.2266 0.0000
v -36.5096 54.4850 0.0000
v -36.4719 54.4857 26.0913
v -34.0704 54.4028 -0.0000
v -34.0678 54.4001 26.0913
v 18.9335 -65.6199 26.0913
v 18.9113 -65.7244 0.0000
v 18.6254 -65.8346 26.0913
v 16.2195 -65.3323 0.0000
v 16.1655 -65.2585 26.0913
v 16.1676 -64.9102 0.0000
v 16.2187 -64.8548 26.0913
v 18.3591 -63.1750 26.0913
v 18.3721 -63.1829 0.0000
v 18.6833 -63.7430 26.0913
v 18.6935 -63.7774 -0.0000
v 18.0060 62.7175 26.0913
v 17.9785 62.7458 0.0000
v 17.8627 61.9804 0.0000
v 17.7778 61.9079 26.0913
v 15.8853 61.4417 0.0000
v 15.8475 61.4550 26.0913
v 15.5607 61.8583 0.0000
v 15.5179 62.0646 26.0913
v 15.8195 63.7075 0.0000
v 15.9788 63.9782 26.0913
v 16.2514 64.0887 0.0000
v 16.3909 64.0389 26.0913
v -21.2000 -69.9203 26.0913
v -21.4476 -70.5359 -0.0000
v -21.2354 -70.4079 26.0913
v -22.8844 -70.3954 0.0000
v -22.5685 -70.5666 26.0913
v -22.8556 -70.3196 26.0913
v -22.4745 -68.7336 26.0913
v -22.3405 -68.6441 0.0000
v -22.1539 -68.7304 26.0913
v -21.1214 -70.1369 0.0000
v -16.2884 -72.1945 -0.0000
v -16.2616 -72.1917 26.0913
v -17.0707 -71.5203 -0.0000
v -17.0456 -71.5638 26.0913
v -17.1600 -70.8881 -0.0000
v -17.1614 -70.9034 26.0913
v -15.4412 -70.6115 26.0913
v -15.4401 -70.6141 -0.0000
v -15.3698 -70.9606 -0.0000
v -15.3903 -70.9863 26.0913
v -5.7094 71.5022 0.0000
v -5.5231 71.5403 26.0913
v 1.8613 71.6585 0.0000
v 10.4255 71.3383 0.0000
v 8.9504 71.4936 26.0913
v 21.6928 69.1762 0.0000
v 18.4587 69.9259 26.0913
v 35.6162 63.8230 26.0913
v 37.9977 62.5939 0.0000
v 31.5186 65.6988 0.0000
v 27.8975 67.1509 26.0913
v 44.3210 58.7331 0.0000
v 42.1010 60.1940 26.0913
v 51.0556 53.6021 0.0000
v 54.1330 50.8213 26.0913
v 47.9543 56.0895 26.0913
v 57.5673 47.3216 0.0000
v 60.5244 43.9893 26.0913
v 62.9666 40.9336 0.0000
v 65.2451 37.7302 26.0913
v 67.3584 34.3709 0.0000
v 70.4990 28.5678 26.0913
v 70.9289 27.4800 0.0000
v 76.8338 8.6689 0.0000
v 77.1003 6.9938 26.0913
v 74.9923 16.8026 26.0913
v 74.4871 18.4862 0.0000
v 77.9363 -2.5453 -0.0000
v 77.8772 -2.1602 26.0913
v 75.2447 -24.6369 -0.0000
v 76.7975 -17.5416 26.0913
v 77.2245 -15.0024 -0.0000
v 77.7018 -9.8758 26.0913
v 72.6440 -32.5743 26.0913
v 72.3976 -33.1847 -0.0000
v 75.2345 -24.6364 26.0913
v 62.6668 -50.2021 -0.0000
v 65.2243 -46.6237 26.0913
v 67.5705 -42.8699 -0.0000
v 69.0974 -40.0552 26.0913
v 56.8380 -57.1590 -0.0000
v 58.0714 -55.8779 26.0913
v 42.0166 -69.2079 26.0913
v 41.4555 -69.5528 -0.0000
v 49.5386 -63.8437 -0.0000
v 50.0213 -63.4514 26.0913
v 24.9289 -77.0390 -0.0000
v 32.6635 -74.1190 -0.0000
v 33.2336 -73.8641 26.0913
v 23.1042 -77.6556 26.0913
v 16.7631 -79.2130 -0.0000
v 12.0496 -80.0234 26.0913
v 10.0770 -80.2010 -0.0000
v 0.9908 -80.6584 -0.0000
v -8.6034 -79.9736 -0.0000
v -0.1882 -80.6558 26.0913
v -22.0890 -76.9610 26.0913
v -16.6010 -78.5307 -0.0000
v -12.8092 -79.3737 26.0913
v -32.5377 -72.6063 -0.0000
v -29.8930 -73.9310 26.0913
v -25.7932 -75.6746 -0.0000
v -39.1703 -68.8610 -0.0000
v -38.5724 -69.2365 26.0913
v -47.2584 -62.9828 26.0913
v -45.7156 -64.1972 -0.0000
v -50.2904 -60.0798 -0.0000
v -57.0402 -53.2785 -0.0000
v -57.1785 -53.0883 26.0913
v -61.6683 -46.9513 26.0913
v -61.6597 -46.9456 -0.0000
v -66.2611 -39.2155 26.0913
v -65.9561 -39.7982 -0.0000
v -69.9575 -30.8750 -0.0000
v -71.9759 -24.5153 26.0913
v -69.5060 -31.9651 26.0913
v -72.6588 -21.7729 -0.0000
v -74.0933 -14.0645 26.0913
v -74.3260 -11.8869 -0.0000
v -74.5053 0.4674 0.0000
v -74.5866 -1.8303 26.0913
v -74.1357 4.8751 26.0913
v -73.9134 6.5720 0.0000
v -71.2964 18.0890 0.0000
v -72.7233 12.5841 26.0913
v -67.7484 27.3079 0.0000
v -69.7018 22.7648 26.0913
v -60.5949 39.6769 26.0913
v -63.0333 36.1531 0.0000
v -65.0866 32.6146 26.0913
v -55.6569 45.8918 26.0913
v -56.4934 44.9417 0.0000
v -42.2017 57.9677 0.0000
v -43.7861 56.8492 26.0913
v -49.4321 52.2281 0.0000
v -50.3430 51.3392 26.0913
v -34.7323 62.6311 0.0000
v -35.3560 62.2900 26.0913
v -25.8681 66.7108 26.0913
v -27.0341 66.2101 0.0000
v -17.4453 69.4177 0.0000
v -16.1018 69.6984 26.0913
v 8.2736 0.4032 0.0000
v 9.0186 -0.9021 26.0913
v 9.7940 -3.4742 -0.0000
v 9.7838 -3.7823 26.0913
v 9.2516 -7.7148 -0.0000
v 9.3055 -7.5844 26.0913
v 7.0411 -10.6171 26.0913
v 7.5791 -10.0283 -0.0000
v 5.6460 -11.6712 -0.0000
v 4.7314 -12.1047 26.0913
v 3.6427 -12.4073 -0.0000
v 0.4057 -12.5978 -0.0000
v 1.2360 -12.7006 26.0913
v -2.1352 -11.6816 26.0913
v -2.9362 -11.2020 -0.0000
v -4.9548 -9.2852 26.0913
v -5.3207 -8.6652 -0.0000
v -6.5506 -5.2452 26.0913
v -6.5985 -4.9527 -0.0000
v -6.2829 -2.9415 26.0913
v -5.6548 -1.0031 -0.0000
v -5.3510 -0.4674 26.0913
v -4.0973 1.1773 0.0000
v -3.4987 1.7739 26.0913
v -2.2865 2.5981 0.0000
v -0.9741 3.1637 26.0913
v 0.5213 3.5037 0.0000
v 1.8294 3.5773 26.0913
v 3.5424 3.4196 0.0000
v 4.2943 3.2383 26.0913
v 5.1667 2.8314 0.0000
v 7.1434 1.5364 26.0913
v -28.5002 24.1217 0.0000
v -30.2250 24.1538 0.0000
v -28.5002 24.1217 26.0913
v -30.2183 24.1558 26.0913
v -31.6225 24.7192 26.0913
v -31.4064 24.5946 0.0000
v -32.1345 25.5826 0.0000
v -32.3556 26.3566 26.0913
v -32.5196 27.4489 0.0000
v -32.5034 27.5047 26.0913
v -32.1874 27.6810 -0.0000
v -32.1712 27.6792 26.0913
v -27.0824 27.7932 26.0913
v -26.7849 26.5986 0.0000
v -27.1760 26.1171 -0.0000
v -26.8471 26.3325 26.0913
v -27.2936 26.1672 26.0913
v -29.7605 28.2367 26.0913
v -29.9064 28.4125 0.0000
v -30.4162 29.4485 26.0913
v -30.4039 29.4474 -0.0000
v -29.1089 29.5179 26.0913
v -29.1602 29.5223 0.0000
v -27.6154 28.6977 0.0000
v -27.9221 28.9091 26.0913
v -6.4664 44.1543 26.0913
v -5.8566 44.5510 26.0913
v -5.8242 44.5585 0.0000
v -4.3269 44.5944 0.0000
v -4.3269 44.5944 26.0913
v -4.3269 38.5166 0.0000
v -4.3269 38.5166 26.0913
v 0.3877 38.5166 0.0000
v 0.3877 38.5166 26.0913
v 0.7366 40.8779 26.0913
v 0.7358 40.8951 0.0000
v 0.8284 44.2475 0.0000
v 0.9183 44.4653 26.0912
v 1.1231 44.5507 -0.0000
v 2.7107 44.5944 0.0000
v 2.7107 44.5944 26.0913
v 2.7107 38.5166 0.0000
v 2.7107 38.5166 26.0913
v 7.8288 38.5166 0.0000
v 7.8288 38.5166 26.0913
v 7.8288 44.6349 0.0000
v 7.8288 44.6349 26.0913
v 9.3562 44.4394 26.0913
v 9.5684 44.3492 0.0000
v 10.0135 43.6663 26.0913
v 10.0062 43.4215 0.0000
v 9.6765 36.2775 0.0000
v 9.6657 36.2774 26.0913
v 2.6682 36.2774 0.0000
v 2.6682 36.2774 26.0913
v 2.9936 34.6121 0.0000
v 2.9782 34.6279 26.0913
v 5.7993 34.2274 26.0913
v 5.6333 34.3004 -0.0000
v 5.8885 33.9734 -0.0000
v 5.7671 32.7856 26.0913
v 5.5494 32.3025 0.0001
v 5.4324 32.2495 26.0913
v 2.8756 32.0824 26.0913
v 3.0048 32.1087 -0.0000
v 2.7493 31.8131 0.0000
v 2.9779 30.4558 0.0000
v 2.8254 30.7911 26.0913
v 3.3000 30.3493 26.0913
v 5.7584 29.6995 26.0913
v 5.3203 30.0497 0.0000
v 5.2333 30.0714 26.0913
v 5.8005 29.5969 0.0000
v 5.7859 28.4069 -0.0000
v 5.7889 28.3768 26.0913
v 2.7657 28.0159 26.0913
v 3.2116 28.2622 26.0913
v 2.8889 28.2115 0.0000
v 2.7019 26.9115 0.0000
v 3.0792 26.4228 0.0000
v 2.8585 26.5163 26.0913
v 5.1420 26.0116 26.0913
v 5.4408 25.9065 0.0000
v 5.7703 25.4245 26.0913
v 5.8504 24.6304 0.0000
v 5.7938 24.5555 26.0913
v 5.2380 24.1741 26.0913
v 5.1993 24.1660 0.0000
v 2.7107 24.1217 0.0000
v 2.7107 24.1217 26.0913
v 2.7107 5.5682 0.0000
v 2.7107 5.5682 26.0913
v 4.0864 5.4875 0.0000
v 4.0714 5.4966 26.0913
v 8.3091 3.6903 26.0913
v 8.3061 3.6876 -0.0000
v 21.6103 16.7584 26.0913
v 21.3330 17.1588 26.0913
v 21.6272 16.8884 -0.0000
v 19.1887 17.8067 0.0000
v 18.3733 17.8823 26.0913
v 16.2754 17.5687 0.0000
v 15.9207 17.4217 26.0913
v 13.7251 16.5296 0.0000
v 13.8866 16.5190 26.0913
v 12.9142 17.2633 26.0913
v 12.6016 17.7415 0.0000
v 12.6063 17.7780 26.0913
v 14.3882 19.0493 26.0913
v 13.4720 18.4720 0.0000
v 15.8695 19.6615 0.0000
v 18.3951 19.9654 0.0000
v 17.5935 20.0033 26.0913
v 20.6310 19.6149 0.0000
v 20.6971 19.5864 26.0913
v 23.3076 18.5146 0.0000
v 23.3716 18.5180 26.0913
v 24.3807 19.4821 0.0000
v 24.5076 19.8114 26.0913
v 24.3663 20.3349 0.0000
v 23.3574 22.9364 0.0000
v 23.4685 22.5315 26.0913
v 23.1780 25.8531 0.0000
v 23.1419 25.4948 26.0913
v 23.4887 27.7621 0.0000
v 23.4733 27.7231 26.0913
v 24.1141 27.9894 26.0913
v 24.1803 27.9644 0.0000
v 25.3087 26.5027 26.0913
v 25.3025 26.4892 0.0000
v 25.0717 25.1888 0.0000
v 25.0824 25.2081 26.0913
v 25.6107 22.4189 26.0913
v 25.8156 21.9764 -0.0000
v 26.1274 21.7849 26.0913
v 26.5682 21.7592 0.0000
v 26.5826 21.7618 26.0913
v 30.0272 25.0252 0.0000
v 30.0272 25.0252 26.0913
v 24.9741 30.2176 0.0000
v 24.9660 30.2262 26.0913
v 30.3407 35.4948 26.0913
v 30.2648 35.4578 0.0000
v 31.2249 35.5007 26.0913
v 31.2014 35.5187 0.0000
v 31.8418 34.5378 0.0000
v 31.8611 34.4259 26.0913
v 30.8196 33.2303 0.0000
v 27.8754 30.2350 0.0000
v 27.8754 30.2350 26.0913
v 30.0796 27.8111 26.0913
v 30.1314 27.7611 0.0000
v 31.5651 26.6021 0.0000
v 31.5651 26.6021 26.0913
v 35.6391 30.5470 26.0913
v 35.2004 30.1889 0.0000
v 35.9027 30.5662 -0.0000
v 36.3927 30.3074 26.0913
v 36.5318 30.1209 0.0000
v 36.9648 29.3207 26.0913
v 36.9674 29.3070 0.0000
v 36.0652 28.2433 26.0913
v 36.0045 28.1826 0.0000
v 34.0108 26.3858 26.0913
v 34.0006 26.3728 0.0000
v 33.0745 25.2982 26.0913
v 33.0759 25.2811 -0.0000
v 33.9207 24.1389 26.0913
v 33.9157 24.1423 0.0000
v 36.4397 21.5597 0.0000
v 36.4397 21.5597 26.0913
v 40.7769 25.8636 0.0000
v 40.7769 25.8636 26.0913
v 42.2056 24.4348 0.0000
v 42.2056 24.4348 26.0913
v 36.3972 18.6264 0.0000
v 36.3972 18.6264 26.0913
v 31.5243 23.6418 0.0000
v 31.5243 23.6418 26.0913
v 27.9867 20.0376 -0.0000
v 27.9681 19.9973 26.0913
v 28.1062 19.5926 0.0000
v 28.0885 19.6068 26.0913
v 29.4526 19.0198 26.0913
v 29.5200 19.0201 0.0000
v 32.8265 18.7717 26.0913
v 32.8266 18.7857 0.0000
v 34.3405 17.8437 26.0913
v 34.3888 17.7562 0.0000
v 34.1987 17.0274 26.0913
v 34.1487 17.0051 0.0000
v 32.1245 16.7312 26.0913
v 32.3194 16.7362 0.0000
v 28.9881 17.0445 0.0000
v 28.9765 17.0582 26.0913
v 26.1208 18.3072 0.0000
v 26.1208 18.3072 26.0913
v 24.8003 16.9016 0.0000
v 24.8003 16.9016 26.0913
v 26.1141 14.1205 0.0000
v 26.0661 14.2739 26.0913
v 26.3490 10.6677 0.0000
v 26.3819 11.1973 26.0913
v 25.3769 7.6759 0.0000
v 25.5516 7.9473 26.0913
v 23.9415 6.3278 0.0000
v 23.9580 6.3228 26.0913
v 22.8788 7.4715 26.0913
v 22.8532 7.5160 0.0000
v 23.9556 9.7841 0.0000
v 23.9943 9.8128 26.0913
v 24.3984 12.1431 0.0000
v 24.3636 12.8165 26.0913
v 23.5025 14.9159 -0.0000
v 23.6646 14.5848 26.0913
v 23.2414 15.0363 26.0913
v 22.9576 14.9299 0.0000
v 19.4472 11.5673 26.0913
v 9.7527 1.9577 0.0000
v 9.7527 1.9577 26.0913
v 10.8281 0.1611 0.0000
v 11.0651 -0.3078 26.0913
v 11.9719 -3.2233 -0.0000
v 11.8977 -3.2286 26.0913
v 24.1574 -3.4024 -0.0000
v 24.1574 -3.4024 26.0913
v 23.2068 -1.2470 -0.0000
v 21.6355 0.4037 0.0000
v 23.1238 -1.0817 26.0913
v 21.6897 0.3218 26.0913
v 18.7382 1.5508 0.0000
v 18.8228 1.5220 26.0913
v 18.2359 2.0824 26.0913
v 18.2337 2.1374 0.0000
v 18.4039 3.4034 -0.0000
v 18.3756 3.3990 26.0913
v 21.0663 3.0411 26.0913
v 20.8943 3.0765 0.0000
v 22.8615 2.0694 0.0000
v 24.1202 1.0376 26.0913
v 24.8812 -0.0309 -0.0000
v 26.2770 -3.0240 -0.0000
v 26.4096 -3.2252 26.0913
v 26.9150 -3.3917 -0.0000
v 27.8514 -3.3783 26.0913
v 28.2252 -3.1954 0.0000
v 28.2589 -3.0957 26.0913
v 28.4144 -0.6014 0.0001
v 28.4124 -0.6101 26.0913
v 30.2752 -0.7675 26.0913
v 30.2836 -0.7651 -0.0000
v 30.5892 -3.0080 -0.0000
v 30.6436 -3.1792 26.0913
v 30.9939 -3.3865 0.0000
v 32.1900 -3.0807 -0.0000
v 31.5129 -3.4033 26.0913
v 32.3045 -2.9053 26.0913
v 34.4951 0.9572 26.0913
v 34.5784 1.0484 0.0000
v 37.7031 3.0952 26.0913
v 37.8817 3.1663 0.0000
v 40.4111 3.5810 26.0913
v 40.4360 3.5796 0.0000
v 40.6126 2.1160 26.0913
v 40.5279 1.8223 0.0000
v 40.1924 1.5674 26.0913
v 38.7354 1.1654 0.0000
v 38.4442 1.0681 26.0913
v 36.9320 0.2088 0.0000
v 36.5569 -0.0917 26.0913
v 35.3491 -1.4768 -0.0000
v 34.7479 -2.9769 26.0912
v 35.2127 -1.7171 26.0913
v 34.7612 -2.9684 0.0001
v 35.6694 -3.3653 26.0913
v 35.5281 -3.3611 -0.0000
v 42.6965 -3.3886 -0.0000
v 42.6965 -3.3886 26.0913
v 42.6965 3.6489 0.0000
v 42.6965 3.6489 26.0913
v 50.7206 3.5524 26.0913
v 50.6028 3.5774 0.0000
v 50.8070 2.4360 26.0913
v 50.8221 3.3903 -0.0000
v 50.7554 2.4192 0.0000
v 50.1476 1.7794 26.0913
v 50.2940 1.8015 0.0000
v 44.7757 1.5697 0.0000
v 44.7757 1.5697 26.0913
v 44.5889 -3.3886 -0.0000
v 44.5889 -3.3886 26.0913
v 44.6158 -5.6278 -0.0000
v 44.6158 -5.6278 26.0913
v 44.6215 -10.4135 -0.0000
v 44.6163 -10.3947 26.0913
v 50.7753 -11.1680 26.0913
v 50.5060 -10.9210 0.0000
v 50.3539 -10.9092 26.0913
v 50.8099 -11.3007 -0.0000
v 50.8367 -12.5053 -0.0000
v 50.8367 -12.5054 26.0913
v 42.6965 -12.6844 -0.0000
v 42.6965 -12.6844 26.0913
v 42.6965 -5.6278 -0.0000
v 42.6965 -5.6278 26.0913
v 34.6300 -5.6278 -0.0000
v 34.6300 -5.6278 26.0913
v 35.1866 -7.5382 -0.0000
v 35.3416 -7.9278 26.0913
v 36.7880 -9.3957 -0.0000
v 37.3404 -9.6915 26.0913
v 40.0562 -10.7915 -0.0000
v 40.4934 -11.0392 26.0913
v 40.5998 -11.3405 -0.0000
v 40.4911 -12.7151 26.0913
v 40.4490 -12.7307 -0.0000
v 37.7380 -12.3507 -0.0000
v 35.1320 -10.6830 -0.0000
v 37.2759 -12.2158 26.0913
v 33.3125 -8.3169 -0.0000
v 33.8579 -9.2848 26.0913
v 32.2280 -5.7289 26.0913
v 32.2475 -5.8086 -0.0000
v 31.4210 -5.6763 -0.0000
v 30.5005 -5.9244 26.0912
v 30.4732 -5.9575 0.0001
v 30.5897 -8.5068 -0.0000
v 30.5897 -8.5068 26.0913
v 28.3016 -8.5068 -0.0000
v 28.3016 -8.5068 26.0913
v 28.2208 -5.7572 26.0913
v 28.2197 -5.7529 -0.0000
v 26.5473 -5.7997 -0.0000
v 26.5195 -5.8150 26.0913
v 25.2110 -8.5801 -0.0000
v 25.2497 -8.4974 26.0913
v 23.1080 -11.0400 -0.0000
v 23.4683 -10.7133 26.0913
v 21.2258 -12.1702 26.0913
v 20.5159 -12.4561 -0.0000
v 18.7331 -12.7859 26.0913
v 18.5322 -12.7524 -0.0000
v 18.1919 -12.4012 -0.0000
v 18.2501 -12.5405 26.0913
v 18.2173 -10.9276 -0.0000
v 18.1649 -10.9717 26.0913
v 20.8349 -9.9911 -0.0000
v 20.2388 -10.2560 26.0913
v 22.0785 -9.1000 26.0913
v 23.3420 -7.8085 -0.0000
v 23.4999 -7.4919 26.0913
v 24.1362 -5.7340 26.0913
v 24.1367 -5.7324 -0.0000
v 11.8977 -5.7877 -0.0000
v 11.8977 -5.7877 26.0913
v 11.0861 -8.6652 26.0913
v 11.0539 -8.7413 -0.0000
v 9.7657 -10.9059 -0.0000
v 9.7657 -10.9059 26.0913
v 22.6856 -23.8492 -0.0000
v 22.6856 -23.8492 26.0913
v 24.7913 -21.8083 -0.0000
v 24.7913 -21.8083 26.0913
v 26.1931 -23.2101 -0.0000
v 26.1931 -23.2101 26.0913
v 24.6946 -24.8163 26.0913
v 24.6235 -24.9106 -0.0000
v 24.4866 -25.4711 26.0913
v 24.5245 -25.6344 -0.0000
v 25.2744 -26.4369 26.0913
v 25.6364 -26.5857 0.0000
v 25.7635 -26.5374 26.0913
v 27.0224 -25.3564 26.0913
v 28.2938 -25.2302 26.0913
v 27.3254 -25.1451 -0.0000
v 28.5050 -25.4547 -0.0000
v 28.8743 -26.2089 -0.0000
v 28.8713 -26.2162 26.0913
v 27.5840 -27.8168 26.0913
v 27.3976 -28.2898 -0.0000
v 27.5275 -28.6497 26.0913
v 28.4282 -29.4719 0.0000
v 28.4366 -29.4606 26.0912
v 30.4611 -27.7489 0.0001
v 30.2295 -27.9017 26.0913
v 30.7698 -27.8046 26.0913
v 31.8461 -29.1913 26.0913
v 31.6764 -28.6399 -0.0000
v 31.7182 -29.4481 -0.0000
v 30.2948 -31.1552 26.0913
v 30.3014 -31.1583 -0.0000
v 31.0725 -32.4174 26.0913
v 30.8662 -32.2013 -0.0000
v 31.5270 -32.4749 26.0913
v 31.4476 -32.5265 0.0000
v 36.4724 -27.7004 -0.0000
v 36.4724 -27.7004 26.0913
v 42.2011 -33.4557 -0.0000
v 42.2011 -33.4557 26.0913
v 40.7769 -34.8800 -0.0000
v 40.7769 -34.8800 26.0913
v 36.4397 -30.5760 -0.0000
v 36.4397 -30.5760 26.0913
v 33.9127 -33.1632 26.0913
v 33.9181 -33.1595 -0.0000
v 33.0765 -34.3244 26.0913
v 33.0606 -34.4054 0.0000
v 33.9972 -35.4138 26.0913
v 35.9939 -37.2135 -0.0000
v 36.9852 -38.4566 -0.0000
v 36.8618 -38.1049 26.0913
v 36.8787 -38.6828 26.0913
v 36.2506 -39.4262 26.0913
v 35.5286 -39.5640 26.0913
v 36.0584 -39.5741 -0.0000
v 35.2726 -39.3704 -0.0000
v 31.3378 -35.6709 -0.0000
v 31.4463 -35.6934 26.0913
v 29.8005 -37.1109 26.0913
v 27.8603 -39.2327 -0.0000
v 27.8813 -39.2586 26.0913
v 31.5105 -42.9471 26.0913
v 31.9816 -43.7002 26.0913
v 31.9032 -43.3955 0.0000
v 31.8666 -44.0554 -0.0000
v 31.6210 -44.2508 26.0913
v 30.5867 -44.6880 26.0913
v 30.7204 -44.6898 0.0000
v 29.0232 -43.2781 -0.0000
v 24.9578 -39.2168 -0.0000
v 24.9578 -39.2168 26.0913
v 28.9263 -35.1655 26.0913
v 29.4371 -34.5282 -0.0000
v 29.5362 -33.8853 26.0913
v 29.2929 -33.2854 -0.0000
v 29.0777 -33.1029 26.0913
v 28.4848 -32.9280 -0.0000
v 28.4512 -32.9447 26.0913
v 26.5925 -34.6071 26.0913
v 26.6090 -34.5977 -0.0000
v 26.1244 -34.6020 -0.0000
v 26.0736 -34.5787 26.0913
v 25.0792 -33.2420 26.0913
v 25.0753 -33.2680 -0.0000
v 26.6968 -31.2059 -0.0000
v 26.7030 -31.1853 26.0913
v 26.0351 -30.1098 -0.0000
v 25.9805 -30.0797 26.0913
v 25.2529 -30.2739 26.0913
v 25.3419 -30.2064 -0.0000
v 23.3811 -31.7119 26.0912
v 23.4349 -31.6886 0.0001
v 22.2812 -30.7210 26.0913
v 22.3300 -30.0466 -0.0000
v 22.3798 -30.9410 -0.0000
v 22.3746 -29.9975 26.0913
v 23.6779 -28.5854 -0.0000
v 23.7810 -27.9490 -0.0000
v 23.8544 -28.1416 26.0913
v 23.2497 -27.3964 26.0913
v 23.1152 -27.3073 -0.0000
v 22.4633 -27.2898 26.0913
v 22.3037 -27.3960 -0.0000
v 20.5311 -29.0034 -0.0000
v 20.5311 -29.0034 26.0913
v 19.0158 -27.5799 -0.0000
v 19.0158 -27.5799 26.0913
v 21.0700 -25.4605 -0.0000
v 21.0700 -25.4605 26.0913
v 14.7834 -19.0172 26.0913
v 14.5905 -18.8243 -0.0000
v 8.2282 -12.6176 -0.0000
v 8.2282 -12.6176 26.0913
v 5.1096 -14.1372 26.0913
v 5.0293 -14.1660 -0.0000
v 2.7107 -14.6558 -0.0000
v 2.7107 -14.6558 26.0913
v 2.7107 -37.2966 -0.0000
v 2.7107 -37.2966 26.0913
v 17.1056 -37.2966 -0.0000
v 17.1056 -37.2966 26.0913
v 17.1198 -45.5499 -0.0000
v 17.1366 -46.3036 26.0913
v 17.8902 -47.6093 26.0913
v 17.3577 -47.4675 0.0000
v 17.3715 -47.4384 26.0913
v 17.9486 -47.6503 -0.0000
v 17.8952 -49.6904 0.0001
v 17.9492 -49.6495 26.0913
v 17.2503 -49.8782 26.0913
v 17.3584 -49.8263 0.0000
v 17.0420 -50.6945 -0.0000
v 17.4137 -51.6368 0.0000
v 17.9504 -51.8033 26.0913
v 17.2475 -51.5952 26.0913
v 18.0217 -52.0323 -0.0000
v 18.0652 -53.6108 -0.0000
v 18.0652 -53.6108 26.0913
v 14.2266 -53.6108 -0.0000
v 14.2266 -53.6108 26.0913
v 14.2515 -52.1690 26.0913
v 14.3591 -51.7689 0.0000
v 14.6998 -51.6375 0.0000
v 14.5438 -51.6932 26.0913
v 14.8388 -51.2458 26.0913
v 14.5473 -49.7596 0.0000
v 14.8538 -50.2502 -0.0000
v 14.7540 -49.8740 26.0913
v 14.5187 -49.7625 26.0913
v 14.2570 -49.2376 26.0913
v 14.0879 -48.3545 -0.0000
v 14.3030 -47.5649 0.0000
v 14.1749 -47.6490 26.0913
v 14.5964 -47.5008 26.0913
v 14.7010 -47.3848 0.0000
v 14.8201 -46.4109 26.0913
v 14.8366 -39.9361 26.0913
v 14.8223 -39.7211 -0.0000
v 14.4479 -39.2464 26.0912
v 14.3900 -39.2307 0.0001
v 13.7131 -39.3729 -0.0000
v 13.7188 -39.3777 26.0913
v 13.3154 -41.1908 -0.0000
v 13.3604 -41.1199 26.0913
v 12.1595 -41.3041 26.0913
v 11.5403 -41.0420 26.0913
v 11.5914 -41.1671 -0.0000
v 11.3057 -39.1976 -0.0000
v 11.3057 -39.1976 26.0913
v 2.8706 -39.3758 -0.0000
v 2.8706 -39.3758 26.0913
v 2.8706 -41.2951 -0.0000
v 2.8706 -41.2951 26.0913
v 9.9081 -41.6150 -0.0000
v 9.9081 -41.6150 26.0913
v 10.0578 -47.8051 26.0913
v 9.5868 -49.2812 26.0913
v 10.0054 -48.6500 -0.0000
v 9.1942 -49.4148 -0.0000
v 7.8288 -49.4523 -0.0000
v 7.8288 -49.4523 26.0913
v 7.8288 -43.3744 -0.0000
v 7.8288 -43.3744 26.0913
v 2.7107 -43.3744 -0.0000
v 2.7107 -43.3744 26.0913
v 2.7265 -49.7405 -0.0000
v 2.7895 -51.0022 26.0913
v 3.4698 -51.7575 26.0913
v 2.9881 -51.4281 0.0001
v 3.6684 -52.2534 -0.0000
v 3.4608 -53.5347 -0.0000
v 3.6327 -53.2782 26.0912
v 3.2469 -53.5850 26.0913
v -0.1683 -53.6108 -0.0000
v -0.1683 -53.6108 26.0913
v -0.0356 -51.7694 0.0000
v -0.0395 -51.7678 26.0913
v 0.2604 -51.6574 26.0913
v 0.2565 -51.6612 0.0000
v 0.4464 -49.8329 26.0913
v 0.4477 -49.8455 -0.0000
v 0.4714 -43.3744 -0.0000
v 0.4714 -43.3744 26.0913
v -4.3269 -43.3744 -0.0000
v -4.3269 -43.3744 26.0913
v -4.3269 -49.4523 -0.0000
v -4.3269 -49.4523 26.0913
v -6.5661 -49.4523 -0.0000
v -6.5661 -49.4523 26.0913
v -6.5661 -41.4551 -0.0000
v -6.5661 -41.4551 26.0913
v 0.4506 -41.4314 -0.0000
v 0.3988 -41.4551 26.0913
v 0.5269 -39.3095 0.0000
v 0.6154 -39.5718 26.0913
v 0.4206 -39.2979 26.0913
v -7.8456 -39.2159 -0.0000
v -7.8456 -39.2159 26.0913
v -7.8880 -40.7927 26.0913
v -7.8725 -40.6705 -0.0000
v -8.2510 -41.2302 -0.0000
v -8.4460 -41.2967 26.0913
v -9.6784 -41.3496 26.0913
v -9.5663 -41.3862 -0.0000
v -10.0512 -40.7422 26.0913
v -10.0208 -40.9112 -0.0000
v -10.1943 -39.3403 26.0912
v -10.1783 -39.3462 0.0000
v -11.4799 -39.7696 -0.0000
v -10.9145 -39.2801 26.0913
v -10.8600 -39.2694 -0.0000
v -11.4923 -39.8278 26.0913
v -11.5661 -46.7975 -0.0000
v -11.5618 -46.7926 26.0913
v -10.9336 -47.6810 26.0913
v -10.7931 -47.9723 -0.0000
v -10.6973 -48.8396 26.0913
v -10.9136 -49.6921 0.0001
v -10.9687 -49.7178 26.0912
v -11.4607 -49.8388 0.0000
v -11.4541 -49.8323 26.0913
v -11.7236 -50.5401 -0.0000
v -11.6933 -50.3773 26.0913
v -11.4787 -51.3255 26.0913
v -11.3439 -51.4747 -0.0000
v -10.7595 -51.8887 -0.0000
v -10.7744 -51.8750 26.0913
v -10.3804 -52.6828 26.0913
v -10.3861 -52.6788 -0.0000
v -10.6249 -53.5028 0.0000
v -10.6315 -53.5376 26.0913
v -14.5630 -53.6217 -0.0000
v -14.5632 -53.6108 26.0913
v -14.5162 -52.0140 26.0913
v -14.4449 -51.7934 0.0001
v -14.0956 -51.6934 26.0914
v -13.8576 -51.6341 0.0000
v -13.6603 -51.3786 26.0913
v -13.5906 -51.0440 -0.0000
v -13.7475 -49.8793 26.0913
v -13.8562 -49.8126 0.0001
v -14.3556 -49.4738 26.0913
v -14.6318 -48.7867 -0.0000
v -14.5692 -48.2749 26.0913
v -14.2659 -47.5278 26.0913
v -14.2738 -47.5318 0.0000
v -13.9023 -47.3064 0.0000
v -13.8955 -47.2977 26.0913
v -13.6372 -46.0407 -0.0000
v -13.6373 -45.9934 26.0913
v -13.6036 -37.2966 -0.0000
v -13.6036 -37.2966 26.0913
v 0.4714 -37.2966 -0.0000
v 0.4714 -37.2966 26.0913
v 0.4714 -14.6558 -0.0000
v 0.4714 -14.6558 26.0913
v -1.8490 -14.1494 26.0913
v -1.9250 -14.1201 -0.0000
v -4.7859 -12.6037 -0.0000
v -4.6830 -12.6183 26.0913
v -7.9850 -15.5649 26.0913
v -14.5612 -22.2154 -0.0000
v -14.5357 -22.2077 26.0913
v -14.3538 -23.0658 -0.0000
v -14.3974 -23.0427 26.0913
v -11.9064 -23.6171 -0.0000
v -12.1859 -23.5749 26.0913
v -8.9775 -23.1039 -0.0000
v -9.2562 -23.2234 26.0913
v -6.9742 -21.9668 -0.0000
v -6.9742 -21.9668 26.0913
v -5.5282 -23.5060 -0.0000
v -5.5282 -23.5060 26.0913
v -7.8407 -24.9438 26.0913
v -7.8328 -24.9371 -0.0000
v -9.8065 -25.7205 26.0913
v -9.8317 -25.7319 -0.0000
v -13.6857 -25.4860 26.0913
v -13.8123 -25.4496 -0.0000
v -16.2656 -24.1420 -0.0000
v -16.2656 -24.1420 26.0913
v -17.5729 -25.4493 -0.0000
v -17.5729 -25.4493 26.0913
v -15.9985 -27.1512 26.0913
v -15.8159 -27.4646 -0.0000
v -15.9079 -27.8574 26.0913
v -17.1570 -28.9641 26.0913
v -16.8343 -28.8358 0.0000
v -17.3118 -28.8675 -0.0000
v -19.0261 -27.3507 -0.0000
v -19.2734 -27.2494 26.0913
v -19.8483 -27.4326 -0.0000
v -20.1820 -27.8059 26.0913
v -20.2852 -28.2238 -0.0000
v -19.7059 -29.3961 -0.0000
v -20.0943 -28.9330 26.0913
v -15.8682 -33.1056 0.0000
v -15.9042 -33.0663 26.0913
v -15.9009 -33.6197 26.0913
v -15.9548 -33.7015 -0.0000
v -27.0204 -44.7268 26.0913
v -27.1086 -44.7087 0.0000
v -28.2361 -43.5557 26.0913
v -28.2009 -43.9896 -0.0000
v -28.0988 -44.1056 26.0913
v -27.9920 -42.9949 -0.0000
v -27.1189 -42.0513 26.0913
v -18.5957 -33.4458 -0.0000
v -18.5957 -33.4458 26.0913
v -22.0177 -29.9807 -0.0000
v -22.0177 -29.9807 26.0913
v -23.9409 -31.5096 -0.0000
v -23.8613 -31.4299 26.0913
v -24.1071 -32.2215 -0.0000
v -24.1383 -32.1461 26.0913
v -22.9764 -33.5864 26.0913
v -22.6249 -34.7530 26.0913
v -22.6383 -34.1325 -0.0000
v -23.9862 -35.2323 -0.0000
v -23.2697 -35.2637 26.0913
v -22.8751 -35.0905 -0.0000
v -24.1050 -35.1302 26.0913
v -25.9472 -33.8608 26.0912
v -25.5066 -33.9321 26.0913
v -25.8323 -33.8030 0.0000
v -27.5635 -35.3365 26.0913
v -27.6916 -35.6156 -0.0000
v -27.5877 -35.9932 26.0913
v -26.2004 -37.5405 26.0913
v -26.2170 -37.5294 -0.0000
v -26.1459 -38.1170 26.0913
v -26.1634 -38.2114 -0.0000
v -27.4393 -39.1638 -0.0000
v -27.3848 -39.1971 26.0913
v -29.4687 -37.2963 -0.0000
v -29.4687 -37.2963 26.0913
v -32.2174 -39.9374 -0.0000
v -32.2174 -39.9374 26.0913
v -33.5725 -38.5824 -0.0000
v -33.5725 -38.5823 26.0913
v -31.2862 -36.1416 26.0913
v -31.1524 -35.9516 0.0000
v -31.1981 -35.7629 26.0913
v -33.0715 -33.5560 26.0913
v -31.6557 -35.1190 -0.0000
v -33.1258 -33.5780 -0.0000
v -31.5526 -32.1001 -0.0000
v -31.5526 -32.1001 26.0913
v -29.8372 -33.9345 -0.0000
v -29.6527 -34.0519 26.0913
v -29.2777 -33.9649 0.0000
v -27.6805 -32.6461 -0.0000
v -27.7891 -32.8664 26.0913
v -27.7247 -31.7330 -0.0000
v -27.6729 -31.8202 26.0913
v -29.3062 -29.8781 -0.0000
v -29.0277 -29.2795 26.0913
v -29.2174 -30.0733 26.0913
v -28.3277 -28.8342 -0.0000
v -27.8296 -28.7972 26.0913
v -27.6595 -28.9119 -0.0000
v -26.0320 -30.2953 -0.0000
v -25.9970 -30.3086 26.0913
v -25.0538 -30.0896 -0.0000
v -25.0480 -30.0756 26.0913
v -23.7760 -28.2647 -0.0000
v -23.7760 -28.2647 26.0913
v -27.1753 -24.8226 -0.0000
v -27.1753 -24.8226 26.0913
v -36.5889 -34.1010 -0.0000
v -36.9102 -34.3702 26.0913
v -37.7529 -34.4241 -0.0000
v -37.9431 -34.2812 26.0913
v -38.6014 -33.2964 26.0913
v -38.6151 -33.2908 -0.0000
v -32.2492 -26.6435 26.0913
v -31.8375 -26.2493 -0.0000
v -27.1947 -22.0147 -0.0000
v -27.2504 -22.0802 26.0913
v -23.5496 -25.3597 -0.0000
v -21.8420 -26.6672 0.0001
v -21.8612 -26.6769 26.0913
v -21.2880 -26.2207 26.0913
v -21.0091 -25.8659 -0.0000
v -21.0060 -25.4147 26.0913
v -21.2977 -25.0118 -0.0000
v -22.9440 -23.2853 -0.0000
v -22.9440 -23.2853 26.0913
v -21.6278 -22.0342 -0.0000
v -21.6753 -22.0659 26.0913
v -21.1194 -22.0244 26.0913
v -21.0835 -22.0532 -0.0000
v -19.8417 -23.2550 -0.0000
v -19.6392 -23.4164 26.0913
v -18.7073 -23.6999 -0.0000
v -18.7219 -23.6790 26.0913
v -18.1898 -22.5631 -0.0000
v -18.1575 -22.6401 26.0913
v -19.2571 -19.7780 -0.0000
v -19.2472 -19.7691 26.0913
v -19.3970 -16.5760 -0.0000
v -19.4007 -16.3981 26.0913
v -18.5019 -13.3060 -0.0000
v -18.2114 -12.8228 26.0913
v -17.1971 -12.0842 0.0000
v -16.0009 -13.2255 26.0913
v -15.9958 -13.2243 -0.0000
v -16.9574 -12.0691 26.0913
v -16.6157 -12.3707 -0.0000
v -17.3105 -16.2118 26.0913
v -17.2314 -16.0124 -0.0000
v -17.3800 -18.5725 -0.0000
v -17.2576 -19.2142 26.0913
v -16.4473 -20.7948 26.0913
v -16.4740 -20.8394 0.0000
v -15.7008 -20.6111 26.0913
v -15.4070 -20.3407 -0.0000
v -6.2616 -11.1918 -0.0000
v -6.2616 -11.1918 26.0913
v -8.0874 -7.3643 26.0913
v -8.1135 -7.2954 -0.0000
v -8.4976 -5.6278 -0.0000
v -8.4976 -5.6278 26.0913
v -39.1945 -5.6278 -0.0000
v -39.1945 -5.6278 26.0913
v -39.2932 -19.6383 26.0913
v -39.3159 -19.6835 -0.0000
v -39.5724 -19.8712 26.0913
v -39.6613 -19.8727 -0.0000
v -47.5116 -19.6239 -0.0000
v -47.5116 -19.6239 26.0913
v -47.5116 -17.7835 -0.0000
v -47.5116 -17.7835 26.0913
v -41.4337 -17.7835 -0.0000
v -41.4337 -17.7835 26.0913
v -41.4337 -12.6653 -0.0000
v -41.4337 -12.6653 26.0913
v -47.5116 -12.6653 -0.0000
v -47.5116 -12.6653 26.0913
v -47.5116 -10.7460 -0.0000
v -47.5116 -10.7460 26.0913
v -41.4337 -10.7460 -0.0000
v -41.4337 -10.7460 26.0913
v -41.4337 -5.6518 -0.0000
v -41.4337 -3.3646 26.0913
v -41.4337 1.7296 0.0000
v -41.4337 1.7296 26.0913
v -47.5116 1.7296 0.0000
v -47.5116 1.7296 26.0913
v -47.5116 3.6489 0.0000
v -47.5116 3.6489 26.0913
v -41.4337 3.6489 0.0000
v -41.4337 3.6489 26.0913
v -41.4337 8.7671 0.0000
v -41.4337 8.7671 26.0913
v -47.5116 8.7671 0.0000
v -47.5116 8.7671 26.0913
v -47.5116 10.6864 0.0000
v -47.5116 10.6864 26.0913
v -39.1945 10.6864 0.0000
v -39.1945 10.6864 26.0913
v -39.1945 -3.3886 -0.0000
v -39.1945 -3.3886 26.0913
v -8.5362 -3.3886 -0.0000
v -8.5362 -3.3886 26.0913
v -8.0251 -1.3191 -0.0000
v -8.0544 -1.3938 26.0913
v -6.3463 1.9782 0.0000
v -6.3463 1.9782 26.0913
v -19.1790 14.8539 0.0000
v -19.1790 14.8539 26.0913
v -19.9428 13.3452 0.0000
v -19.9529 13.3370 26.0913
v -20.1742 11.2358 0.0000
v -20.1663 11.0739 26.0913
v -19.7280 8.9028 0.0000
v -19.7166 8.8915 26.0913
v -18.5952 6.8322 0.0000
v -18.5952 6.8322 26.0913
v -19.9392 5.4881 0.0000
v -19.9392 5.4881 26.0913
v -21.4528 7.6399 26.0913
v -21.4461 7.6342 0.0000
v -22.2025 9.5671 26.0913
v -22.3092 9.9922 0.0000
v -21.9275 14.0209 26.0913
v -21.7293 14.5427 0.0000
v -20.6973 16.3857 0.0000
v -20.6973 16.3857 26.0913
v -22.2605 17.8543 0.0000
v -22.2605 17.8543 26.0913
v -30.2514 10.0282 26.0913
v -30.2502 10.0276 0.0000
v -40.2756 20.3246 26.0913
v -40.1926 20.2028 0.0000
v -41.2559 21.8869 0.0000
v -41.2732 21.9456 26.0913
v -40.4790 22.8743 26.0913
v -40.5262 22.8852 0.0000
v -30.6997 13.3947 26.0913
v -31.0078 13.6524 0.0000
v -30.1396 13.3402 0.0000
v -29.9450 13.4399 26.0913
v -23.8713 19.2017 0.0000
v -23.8637 19.2225 26.0913
v -24.3175 19.9427 0.0000
v -24.3482 19.9520 26.0913
v -25.1375 19.7131 0.0000
v -25.1491 19.7001 26.0913
v -26.7304 18.2330 0.0000
v -26.7304 18.2330 26.0913
v -28.1291 19.6318 0.0000
v -28.1291 19.6318 26.0913
v -26.3861 21.6705 0.0000
v -26.4686 21.4975 26.0913
v -26.8157 22.4237 0.0000
v -26.6096 22.3089 26.0913
v -27.7752 22.2942 26.0913
v -30.0748 22.0010 0.0000
v -30.4419 22.0806 26.0913
v -32.5201 22.8647 0.0000
v -32.3871 22.7725 26.0913
v -34.1023 24.8031 0.0000
v -34.0194 24.6399 26.0913
v -34.6292 27.5592 0.0000
v -34.6467 27.3813 26.0913
v -33.6750 29.7094 0.0000
v -33.6148 29.8196 26.0913
v -31.7875 31.1809 26.0913
v -32.0547 31.0593 0.0000
v -29.5906 31.8113 26.0913
v -29.5901 31.8214 0.0000
v -27.1091 30.9893 0.0000
v -26.9546 30.9225 26.0913
v -25.4447 29.2957 0.0000
v -25.1147 28.6543 26.0913
v -24.8666 27.2368 0.0000
v -24.9119 25.9832 26.0913
v -25.3090 24.2519 0.0000
v -25.1563 23.7039 26.0913
v -25.3277 24.2953 26.0913
v -25.1335 23.7053 -0.0000
v -24.2267 23.7236 0.0000
v -24.2193 23.7368 26.0913
v -22.3764 25.3950 0.0000
v -22.3764 25.3950 26.0913
v -20.9672 23.9857 0.0000
v -20.9672 23.9857 26.0913
v -22.4617 22.4052 26.0913
v -22.5721 22.2609 0.0000
v -22.8080 21.4916 0.0000
v -22.8246 21.5321 26.0913
v -22.4931 21.0514 0.0000
v -22.5022 21.0458 26.0913
v -21.1067 21.9439 26.0913
v -21.4027 21.7140 0.0000
v -15.6604 27.2857 0.0000
v -15.6941 27.3243 26.0913
v -23.9249 35.5907 26.0913
v -25.6072 37.7689 26.0913
v -24.6871 36.3919 0.0000
v -25.5815 37.8920 -0.0000
v -24.9527 38.4149 26.0913
v -24.3360 38.5117 26.0913
v -24.4932 38.5659 0.0000
v -21.0905 35.5757 0.0000
v -20.7657 35.2564 26.0913
v -12.8121 27.3219 0.0000
v -12.8121 27.3219 26.0913
v -18.3470 21.7369 0.0000
v -18.6148 21.4596 26.0913
v -20.4428 19.2918 0.0000
v -20.4463 19.2507 26.0913
v -19.7046 18.4173 0.0000
v -18.6874 18.3228 0.0000
v -19.2119 18.2175 26.0913
v -15.3069 19.5287 26.0913
v -15.0832 19.5880 0.0000
v -12.7333 19.4785 0.0000
v -13.0340 19.5517 26.0913
v -10.3087 18.5977 26.0913
v -10.2192 18.5499 0.0000
v -8.4431 17.3304 0.0000
v -8.4431 17.3304 26.0913
v -9.7851 15.9019 0.0000
v -9.7851 15.9018 26.0913
v -12.2630 17.0939 0.0000
v -12.4355 17.1666 26.0913
v -15.1054 17.4085 0.0000
v -15.6527 17.3227 26.0913
v -17.0025 16.6436 0.0000
v -17.4152 16.3024 26.0913
v -17.4146 16.2910 -0.0000
v -5.4047 4.0171 0.0000
v -4.4965 3.7867 0.0000
v -5.2757 3.9147 26.0913
v -4.3695 3.8334 26.0913
v -1.8806 5.0282 0.0000
v -2.6030 4.7679 26.0913
v 0.3090 5.7492 0.0000
v 0.3163 5.7453 26.0913
v 0.7391 6.4145 0.0000
v 0.7509 6.4682 26.0913
v 0.7910 22.9177 0.0000
v 0.7808 22.9323 26.0913
v 0.3112 24.0086 0.0000
v 0.3348 23.9976 26.0913
v -2.2659 24.2342 26.0913
v -2.2476 24.2119 0.0001
v -2.4134 25.6074 0.0000
v -2.2858 25.9280 26.0913
v -2.1007 26.0015 -0.0000
v 0.0653 26.0833 0.0000
v 0.0043 26.0712 26.0913
v 0.4526 26.4440 26.0913
v 0.4753 26.5196 0.0000
v 0.5035 28.1545 26.0912
v 0.4762 28.1518 0.0001
v -2.2697 28.3780 26.0912
v -2.3521 28.5513 -0.0000
v -1.9694 28.3011 0.0000
v -2.2750 30.0807 -0.0000
v -2.3736 29.8528 26.0913
v -2.0826 30.1456 26.0913
v 0.4599 30.3724 26.0913
v 0.4364 30.3309 -0.0000
v 0.7393 31.8905 0.0000
v 0.6494 31.9761 26.0913
v -1.6970 32.2645 0.0000
v -2.0551 32.3291 26.0913
v -2.2524 32.5821 0.0000
v -2.2751 34.2756 -0.0000
v -2.4033 33.9861 26.0913
v -2.1203 34.3249 26.0913
v 0.0202 34.3789 26.0913
v 0.3578 34.4690 0.0000
v 0.4149 34.6259 26.0913
v 0.4714 36.2557 0.0000
v 0.4714 36.2557 26.0913
v -6.4061 36.4373 0.0000
v -6.4588 36.4402 26.0913
v -6.5046 44.1336 0.0000
f 2 1 3
f 4 5 1
f 1 5 6
f 7 5 8
f 9 10 11
f 11 10 12
f 71 70 2
f 2 70 1
f 9 11 14
f 14 11 15
f 14 15 10
f 10 15 12
f 17 16 18
f 17 18 19
f 19 18 20
f 19 20 21
f 21 20 22
f 21 22 23
f 23 22 24
f 23 24 25
f 25 24 26
f 25 26 27
f 27 26 28
f 27 28 29
f 29 28 30
f 29 30 13
f 13 30 10
f 31 9 32
f 32 9 33
f 32 33 34
f 32 34 35
f 35 34 36
f 36 34 37
f 36 37 38
f 38 37 39
f 38 39 40
f 40 39 41
f 41 42 40
f 40 42 43
f 43 42 44
f 43 44 45
f 45 44 46
f 46 44 47
f 46 47 48
f 48 47 49
f 48 49 50
f 50 49 52
f 52 49 51
f 51 53 52
f 51 54 53
f 53 54 55
f 55 54 56
f 55 56 57
f 57 56 58
f 57 58 59
f 59 58 60
f 59 60 61
f 61 60 62
f 61 62 63
f 63 62 64
f 63 64 65
f 65 64 66
f 65 66 67
f 67 66 68
f 67 68 69
f 69 68 70
f 69 70 71
f 4 1 72
f 72 1 73
f 72 73 5
f 5 73 6
f 74 75 7
f 7 75 5
f 75 74 77
f 77 74 76
f 77 76 78
f 77 78 79
f 79 78 80
f 80 78 81
f 80 81 82
f 80 82 83
f 83 82 84
f 84 82 85
f 84 85 86
f 84 86 87
f 87 86 88
f 86 89 88
f 88 89 90
f 90 89 91
f 90 91 92
f 92 91 93
f 92 93 94
f 94 93 95
f 94 95 96
f 96 95 97
f 95 98 97
f 97 98 99
f 99 98 16
f 99 16 17
f 158 159 100
f 100 159 101
f 100 101 102
f 101 103 102
f 102 103 105
f 105 103 104
f 106 107 104
f 104 107 105
f 107 106 108
f 108 109 107
f 109 108 110
f 109 110 111
f 111 110 112
f 111 112 113
f 113 112 114
f 114 112 115
f 114 115 116
f 114 116 117
f 117 116 118
f 117 118 119
f 120 119 118
f 119 120 121
f 121 120 122
f 121 122 123
f 125 123 122
f 123 125 124
f 125 126 124
f 124 126 127
f 127 126 129
f 129 126 128
f 129 128 130
f 129 130 131
f 131 130 133
f 131 133 132
f 133 134 132
f 132 134 135
f 134 136 135
f 135 136 137
f 136 138 137
f 137 138 139
f 138 140 139
f 139 140 141
f 140 142 141
f 141 142 143
f 143 142 144
f 142 145 144
f 144 145 148
f 144 148 146
f 147 146 148
f 148 149 147
f 147 149 151
f 151 149 150
f 151 150 152
f 151 152 153
f 154 155 152
f 152 155 153
f 155 154 156
f 156 154 157
f 156 157 158
f 158 157 159
f 235 236 160
f 160 236 161
f 160 161 162
f 160 162 163
f 163 162 164
f 164 162 165
f 164 165 166
f 166 165 167
f 167 168 166
f 167 169 168
f 168 169 170
f 171 172 169
f 169 172 170
f 172 171 173
f 172 173 174
f 175 176 173
f 173 176 174
f 176 175 177
f 176 177 179
f 178 179 177
f 179 178 180
f 180 178 181
f 180 181 182
f 182 181 183
f 182 183 184
f 183 185 184
f 185 186 184
f 186 185 187
f 186 187 188
f 188 187 189
f 188 189 191
f 191 189 190
f 191 190 192
f 192 190 193
f 192 193 194
f 194 193 195
f 194 195 196
f 197 196 195
f 196 197 198
f 198 197 199
f 198 199 200
f 200 199 201
f 201 199 202
f 202 203 201
f 203 204 201
f 204 203 205
f 205 203 206
f 205 206 207
f 206 208 207
f 208 209 207
f 207 209 210
f 210 209 211
f 211 209 212
f 211 212 213
f 213 212 214
f 213 214 215
f 213 215 217
f 216 217 215
f 217 216 218
f 218 216 219
f 219 216 220
f 219 220 221
f 221 220 222
f 221 222 223
f 221 223 224
f 224 223 225
f 225 223 226
f 225 226 227
f 227 226 228
f 227 228 229
f 229 228 230
f 229 230 232
f 232 230 231
f 232 231 233
f 233 231 234
f 233 234 235
f 235 234 236
f 278 277 237
f 278 237 238
f 238 237 239
f 240 239 237
f 239 240 241
f 241 240 242
f 241 242 243
f 243 242 244
f 243 244 245
f 245 244 246
f 245 246 247
f 247 246 248
f 247 248 249
f 249 248 250
f 250 251 249
f 251 250 252
f 252 250 253
f 252 253 254
f 254 255 252
f 255 254 256
f 256 254 257
f 256 257 258
f 258 257 259
f 258 259 260
f 260 259 261
f 260 261 262
f 262 263 260
f 263 262 264
f 263 264 265
f 265 267 266
f 267 265 264
f 266 267 268
f 268 267 269
f 268 269 270
f 270 269 271
f 271 272 270
f 270 272 273
f 273 272 274
f 275 276 274
f 274 276 273
f 275 277 276
f 276 277 278
f 315 316 279
f 279 316 280
f 279 280 281
f 281 280 282
f 281 282 283
f 283 282 284
f 283 284 285
f 285 284 286
f 285 286 287
f 287 286 288
f 287 288 289
f 289 288 290
f 289 290 291
f 291 290 292
f 291 292 294
f 294 292 293
f 294 293 295
f 294 295 296
f 296 295 297
f 297 299 296
f 298 299 297
f 299 298 300
f 300 298 301
f 300 301 302
f 302 301 303
f 302 303 304
f 304 303 305
f 305 303 306
f 305 306 307
f 307 306 308
f 307 308 309
f 309 308 310
f 309 310 311
f 311 310 312
f 311 312 313
f 311 313 314
f 314 313 315
f 315 313 316
f 317 318 345
f 318 317 319
f 319 317 320
f 319 320 321
f 321 320 322
f 321 322 323
f 323 322 324
f 324 325 323
f 324 326 325
f 325 326 327
f 326 328 327
f 327 328 329
f 329 328 330
f 328 331 330
f 330 331 332
f 330 332 333
f 333 332 334
f 332 335 334
f 335 336 334
f 334 336 337
f 336 338 337
f 337 338 339
f 339 338 340
f 340 338 341
f 341 342 340
f 340 342 343
f 343 342 344
f 344 342 345
f 344 345 318
f 346 347 348
f 349 348 347
f 348 349 350
f 350 349 351
f 350 351 352
f 352 351 353
f 352 353 354
f 352 354 355
f 354 356 355
f 355 356 357
f 356 358 357
f 357 358 359
f 359 358 360
f 360 358 361
f 360 361 362
f 360 362 363
f 363 362 364
f 364 362 365
f 364 365 366
f 366 365 367
f 367 369 368
f 368 366 367
f 369 370 368
f 368 370 371
f 370 372 371
f 371 372 373
f 373 372 374
f 373 374 375
f 375 374 376
f 375 376 377
f 378 376 379
f 376 378 377
f 378 379 347
f 378 347 346
f 381 380 382
f 381 382 383
f 383 382 384
f 384 385 383
f 383 385 386
f 385 387 386
f 386 387 388
f 389 388 387
f 388 389 390
f 391 390 389
f 389 392 391
f 391 392 393
f 393 392 394
f 395 393 394
f 395 394 396
f 397 398 396
f 396 398 395
f 397 399 398
f 398 399 400
f 400 399 401
f 400 401 402
f 401 403 402
f 402 403 404
f 404 403 405
f 405 403 406
f 405 406 407
f 407 406 408
f 407 408 409
f 409 408 380
f 380 381 409
f 410 411 434
f 434 411 412
f 412 411 413
f 413 414 412
f 414 413 415
f 415 413 416
f 415 416 417
f 417 416 418
f 417 418 419
f 417 419 420
f 420 419 421
f 420 421 423
f 423 421 422
f 423 422 424
f 424 422 425
f 425 426 424
f 424 426 427
f 426 428 427
f 427 428 429
f 428 430 429
f 429 430 431
f 431 430 432
f 432 430 433
f 432 433 410
f 432 410 434
f 481 435 436
f 436 435 437
f 436 437 438
f 437 439 438
f 438 439 440
f 440 439 441
f 440 441 442
f 442 441 443
f 442 443 444
f 444 443 445
f 444 445 447
f 447 445 446
f 447 446 448
f 447 448 449
f 449 448 450
f 450 451 449
f 451 450 452
f 452 450 453
f 452 453 454
f 454 453 455
f 454 455 456
f 456 455 457
f 456 457 458
f 456 458 459
f 459 458 460
f 459 460 462
f 462 460 461
f 462 461 463
f 462 463 464
f 464 463 465
f 465 463 466
f 466 467 465
f 467 466 468
f 467 468 469
f 468 470 469
f 469 470 471
f 473 472 471
f 473 471 470
f 472 473 474
f 474 473 475
f 474 475 476
f 476 475 477
f 476 477 478
f 478 477 480
f 480 479 478
f 480 435 481
f 480 481 479
f 510 511 482
f 482 511 483
f 482 483 484
f 484 483 485
f 484 485 486
f 486 485 487
f 486 487 488
f 488 487 489
f 489 490 488
f 488 490 491
f 491 490 492
f 492 490 494
f 492 494 493
f 494 495 493
f 493 495 496
f 495 497 496
f 496 497 498
f 496 498 499
f 500 498 501
f 498 500 499
f 500 501 502
f 502 501 503
f 502 503 504
f 504 503 505
f 504 505 506
f 506 505 507
f 506 507 508
f 508 507 509
f 508 509 510
f 510 509 511
f 546 547 512
f 512 547 513
f 512 513 514
f 514 513 515
f 515 513 516
f 515 516 517
f 517 518 515
f 518 517 519
f 518 519 520
f 521 522 519
f 519 522 520
f 522 521 523
f 523 521 524
f 523 524 525
f 525 524 526
f 526 524 527
f 526 527 528
f 528 527 529
f 528 529 530
f 528 530 531
f 531 530 532
f 531 532 533
f 533 532 534
f 534 535 533
f 534 536 535
f 535 536 537
f 537 536 538
f 538 536 539
f 538 539 541
f 541 539 540
f 541 540 542
f 540 543 542
f 543 545 542
f 545 543 544
f 545 544 546
f 546 544 547
f 573 548 549
f 573 549 550
f 550 549 551
f 550 551 552
f 552 551 553
f 552 553 554
f 553 555 554
f 555 556 554
f 554 556 557
f 556 558 557
f 557 558 559
f 558 560 559
f 559 560 561
f 561 560 562
f 562 560 563
f 562 563 564
f 564 563 565
f 564 565 567
f 564 567 566
f 566 567 569
f 569 567 568
f 568 570 569
f 569 570 571
f 570 572 571
f 571 572 573
f 573 572 548
f 575 574 577
f 577 574 576
f 577 576 578
f 577 578 579
f 578 580 579
f 579 580 581
f 581 580 583
f 583 580 582
f 583 582 585
f 585 582 584
f 585 584 586
f 586 584 587
f 586 587 588
f 586 588 589
f 589 588 590
f 589 590 591
f 591 590 592
f 591 592 593
f 593 592 594
f 593 594 595
f 594 596 595
f 595 596 597
f 596 598 597
f 597 598 599
f 599 598 575
f 575 598 574
f 601 600 603
f 603 600 602
f 603 602 604
f 604 602 605
f 604 605 606
f 606 605 607
f 607 608 606
f 608 607 609
f 609 607 610
f 610 611 609
f 609 611 612
f 611 613 612
f 612 613 614
f 614 613 615
f 615 613 616
f 616 617 615
f 615 617 618
f 617 619 618
f 618 619 620
f 619 621 620
f 620 621 622
f 621 623 622
f 622 623 624
f 624 623 600
f 624 600 601
f 654 655 625
f 625 655 626
f 625 626 627
f 627 626 628
f 627 628 629
f 627 629 631
f 630 631 629
f 631 630 632
f 633 632 630
f 632 633 634
f 634 633 635
f 635 636 634
f 636 635 637
f 637 638 636
f 638 637 639
f 638 639 640
f 640 639 641
f 641 642 640
f 640 642 643
f 643 642 644
f 644 645 643
f 644 646 645
f 645 646 647
f 647 646 648
f 648 646 649
f 648 649 650
f 650 649 651
f 650 651 653
f 653 651 652
f 653 652 654
f 654 652 655
f 656 657 658
f 658 657 659
f 659 657 660
f 657 661 660
f 660 661 662
f 661 663 662
f 662 663 664
f 664 663 665
f 664 665 666
f 664 666 667
f 668 667 666
f 669 668 666
f 668 669 670
f 668 670 671
f 671 670 672
f 670 673 672
f 673 674 672
f 672 674 675
f 675 674 676
f 676 674 677
f 676 677 678
f 677 656 678
f 678 656 658
f 700 699 679
f 679 699 680
f 679 680 681
f 681 680 682
f 681 682 683
f 683 682 684
f 684 685 683
f 683 685 686
f 685 687 686
f 686 687 688
f 687 690 688
f 690 687 689
f 690 689 691
f 691 689 692
f 691 692 693
f 693 692 694
f 693 694 695
f 693 695 697
f 696 697 695
f 697 696 698
f 696 699 698
f 698 699 700
f 702 701 703
f 703 701 704
f 703 704 706
f 706 704 705
f 706 705 707
f 707 705 708
f 708 709 707
f 707 709 710
f 709 711 710
f 710 711 712
f 712 711 713
f 712 713 714
f 714 713 715
f 714 715 716
f 716 715 717
f 717 719 716
f 719 717 718
f 718 720 719
f 719 720 721
f 721 720 723
f 723 720 722
f 723 722 724
f 723 724 725
f 724 701 725
f 725 701 702
f 747 746 726
f 726 727 747
f 727 726 728
f 728 726 729
f 728 729 731
f 731 729 730
f 731 730 732
f 732 730 733
f 732 733 734
f 732 734 735
f 735 734 737
f 735 737 736
f 736 737 738
f 738 737 739
f 738 739 740
f 740 739 741
f 740 741 743
f 743 741 742
f 743 742 745
f 745 742 744
f 745 744 746
f 745 746 747
f 762 749 748
f 748 749 750
f 749 751 750
f 750 751 752
f 752 751 753
f 753 751 754
f 753 754 755
f 755 756 753
f 755 757 756
f 756 757 758
f 758 759 756
f 759 758 760
f 760 758 761
f 760 761 748
f 748 761 762
f 763 764 765
f 765 764 766
f 764 767 766
f 766 767 768
f 768 767 769
f 769 767 770
f 769 770 772
f 772 770 771
f 772 771 774
f 774 771 773
f 773 763 774
f 774 763 765
f 792 775 791
f 775 792 776
f 775 776 777
f 777 776 778
f 777 778 780
f 780 778 779
f 780 779 781
f 781 779 782
f 781 782 784
f 781 784 783
f 783 784 785
f 783 785 786
f 786 785 787
f 786 787 788
f 788 787 789
f 788 789 790
f 790 789 791
f 791 789 792
f 794 793 795
f 795 793 796
f 795 796 797
f 796 798 797
f 797 798 799
f 799 798 800
f 798 801 800
f 801 802 800
f 800 802 803
f 803 802 805
f 805 802 804
f 805 804 806
f 806 804 807
f 806 807 794
f 794 807 793
f 825 824 808
f 808 824 809
f 808 809 810
f 810 809 811
f 811 812 810
f 810 812 813
f 812 814 813
f 813 814 815
f 815 814 816
f 814 817 816
f 816 817 818
f 818 817 819
f 818 819 820
f 819 821 820
f 820 821 822
f 821 823 822
f 823 824 822
f 822 824 825
f 827 838 826
f 827 826 828
f 828 830 827
f 829 830 828
f 830 829 831
f 831 829 832
f 831 832 833
f 833 832 834
f 834 835 833
f 835 834 836
f 836 834 837
f 836 837 838
f 838 837 826
f 851 839 840
f 840 839 841
f 839 842 841
f 841 842 843
f 843 842 844
f 843 844 845
f 844 846 845
f 845 846 847
f 847 846 849
f 849 846 848
f 849 848 850
f 850 851 849
f 851 850 839
f 865 864 852
f 852 853 865
f 853 852 854
f 854 855 853
f 853 855 856
f 856 855 858
f 858 855 857
f 857 859 858
f 858 859 860
f 860 859 861
f 861 859 862
f 863 862 864
f 862 863 861
f 863 864 865
f 867 866 868
f 866 869 868
f 869 870 868
f 868 870 871
f 870 872 871
f 871 872 873
f 873 872 874
f 873 874 875
f 875 874 867
f 867 874 866
f 889 888 876
f 889 876 877
f 877 876 879
f 879 876 878
f 880 879 878
f 879 880 881
f 881 880 882
f 881 882 883
f 883 882 884
f 884 882 885
f 886 885 887
f 886 884 885
f 886 887 888
f 886 888 889
f 902 903 890
f 890 903 891
f 890 891 892
f 892 891 893
f 893 895 892
f 894 895 893
f 895 894 896
f 896 894 897
f 897 898 896
f 898 897 899
f 899 900 898
f 900 899 901
f 901 902 900
f 902 901 903
f 904 918 917
f 918 904 905
f 905 904 906
f 905 906 907
f 907 906 908
f 907 908 909
f 909 908 910
f 910 908 911
f 910 911 912
f 912 911 913
f 914 915 913
f 913 915 912
f 915 914 916
f 917 918 916
f 916 918 915
f 929 919 921
f 921 919 920
f 921 920 922
f 922 923 921
f 923 922 924
f 924 922 925
f 924 925 926
f 926 925 927
f 926 927 928
f 926 928 929
f 929 928 919
f 939 930 938
f 938 930 931
f 930 932 931
f 931 932 933
f 932 934 933
f 933 934 935
f 935 934 937
f 935 937 936
f 936 937 938
f 938 937 939
f 948 949 940
f 940 949 941
f 940 941 942
f 942 941 943
f 942 943 944
f 944 943 945
f 944 945 946
f 946 945 947
f 946 947 948
f 948 947 949
f 962 961 950
f 950 961 951
f 950 951 952
f 952 951 953
f 952 953 955
f 954 955 953
f 955 954 956
f 956 954 957
f 956 957 959
f 959 957 958
f 959 958 960
f 960 958 961
f 960 961 962
f 973 963 964
f 963 965 964
f 964 965 966
f 965 967 966
f 966 967 968
f 967 969 968
f 968 969 970
f 970 969 971
f 971 969 972
f 971 972 973
f 973 972 974
f 973 974 963
f 985 975 976
f 976 975 977
f 977 975 978
f 978 979 977
f 979 978 980
f 979 980 981
f 981 980 982
f 983 984 982
f 982 984 981
f 984 983 985
f 983 975 985
f 997 998 986
f 986 998 987
f 986 987 988
f 986 988 989
f 989 988 990
f 989 990 991
f 991 990 993
f 991 993 992
f 992 993 994
f 992 994 995
f 995 994 996
f 995 996 997
f 997 996 998
f 1001 999 1000
f 1001 1000 1002
f 1002 1000 1003
f 1002 1003 1004
f 1002 1004 1005
f 1005 1004 1006
f 1006 1004 1007
f 1006 1007 1008
f 1006 1008 1009
f 1009 1008 1010
f 1010 1008 999
f 999 1001 1010
f 1022 1011 1013
f 1013 1011 1012
f 1012 1014 1013
f 1014 1015 1013
f 1015 1014 1017
f 1015 1017 1016
f 1016 1017 1018
f 1016 1018 1019
f 1020 1021 1018
f 1018 1021 1019
f 1021 1020 1022
f 1020 1011 1022
f 1024 1033 1023
f 1024 1023 1025
f 1024 1025 1027
f 1027 1025 1026
f 1027 1026 1028
f 1028 1026 1029
f 1029 1026 1030
f 1029 1030 1032
f 1032 1031 1029
f 1032 1033 1031
f 1031 1033 1034
f 1034 1033 1024
f 1036 1035 1037
f 1037 1035 1038
f 1037 1038 1040
f 1037 1040 1039
f 1040 1041 1039
f 1039 1041 1042
f 1042 1041 1043
f 1042 1043 1044
f 1044 1043 1045
f 1044 1045 1046
f 1046 1045 1036
f 1036 1045 1035
f 1048 1047 1049
f 1048 1049 1050
f 1050 1049 1052
f 1052 1049 1051
f 1051 1053 1052
f 1052 1053 1054
f 1053 1055 1054
f 1054 1055 1056
f 1056 1055 1058
f 1056 1058 1057
f 1058 1047 1057
f 1057 1047 1048
f 1060 1059 1061
f 1060 1061 1062
f 1062 1061 1063
f 1062 1063 1064
f 1064 1063 1065
f 1065 1063 1066
f 1065 1066 1067
f 1065 1067 1068
f 1067 1069 1068
f 1068 1069 1070
f 1069 1059 1070
f 1070 1059 1060
f 1082 1081 1071
f 1071 1081 1072
f 1072 1073 1071
f 1071 1073 1074
f 1073 1075 1074
f 1074 1075 1076
f 1076 1075 1078
f 1078 1075 1077
f 1079 1077 1080
f 1079 1078 1077
f 1080 1081 1079
f 1079 1081 1082
f 1083 1084 1085
f 1085 1086 1083
f 1085 1087 1086
f 1086 1087 1088
f 1087 1089 1088
f 1088 1089 1090
f 1090 1089 1091
f 1091 1089 1092
f 1092 1083 1091
f 1083 1092 1084
f 1101 1093 1102
f 1102 1093 1094
f 1093 1095 1094
f 1094 1095 1096
f 1096 1095 1098
f 1096 1098 1097
f 1097 1098 1099
f 1097 1099 1100
f 1100 1099 1102
f 1102 1099 1101
f 1104 1105 1103
f 1105 1104 1106
f 1105 1106 1107
f 1108 1107 1106
f 1107 1108 1109
f 1109 1108 1110
f 1110 1108 1111
f 1110 1111 1112
f 1112 1111 1113
f 1112 1113 1103
f 1103 1113 1104
f 1114 1115 1116
f 1114 1116 1117
f 1117 1116 1118
f 1118 1119 1117
f 1119 1118 1120
f 1119 1120 1121
f 1121 1120 1122
f 1121 1122 1123
f 1123 1122 1124
f 1124 1125 1123
f 1115 1114 1124
f 1124 1114 1125
f 1135 1128 1126
f 1127 1128 1135
f 1128 1127 1130
f 1130 1127 1129
f 1129 1131 1130
f 1131 1129 1132
f 1132 1129 1133
f 1133 1134 1132
f 1134 1133 1126
f 1126 1133 1135
f 1137 1136 1139
f 1139 1136 1138
f 1139 1138 1141
f 1141 1138 1140
f 1141 1140 1142
f 1142 1140 1143
f 1142 1143 1144
f 1144 1145 1142
f 1136 1137 1144
f 1144 1137 1145
f 1150 1148 1147
f 1147 1148 1146
f 1150 1149 1148
f 1156 1151 1152
f 1152 1151 1149
f 1152 1149 1150
f 1153 1154 1155
f 1153 1155 1156
f 1156 1155 1151
f 1161 1157 1158
f 1158 1157 1154
f 1158 1154 1153
f 1162 1159 1160
f 1160 1159 1161
f 1161 1159 1157
f 1164 1162 1163
f 1163 1162 1160
f 1166 1164 1165
f 1165 1164 1163
f 1168 1166 1167
f 1167 1166 1165
f 1167 1172 1168
f 1170 1169 1171
f 1171 1169 1172
f 1171 1172 1167
f 1178 1173 1174
f 1174 1173 1170
f 1170 1173 1169
f 1181 1175 1176
f 1176 1175 1177
f 1176 1177 1178
f 1178 1177 1173
f 1179 1180 1175
f 1179 1175 1181
f 1183 1182 1184
f 1183 1184 1185
f 1185 1184 1180
f 1185 1180 1179
f 1190 1186 1191
f 1191 1186 1187
f 1187 1186 1182
f 1187 1182 1183
f 1188 1189 1190
f 1188 1190 1191
f 1195 1192 1193
f 1195 1193 1194
f 1194 1193 1189
f 1194 1189 1188
f 1195 1196 1192
f 1197 1196 1195
f 1197 1198 1196
f 1201 1199 1197
f 1197 1199 1198
f 1204 1200 1201
f 1201 1200 1199
f 1202 1207 1203
f 1202 1203 1204
f 1204 1203 1200
f 1206 1205 1207
f 1206 1207 1202
f 1211 1208 1210
f 1210 1208 1209
f 1209 1208 1205
f 1209 1205 1206
f 1211 1210 1212
f 1212 1210 1213
f 1213 1210 1214
f 1217 1218 1215
f 1215 1218 1216
f 1215 1216 1213
f 1215 1213 1214
f 1221 1219 1217
f 1217 1219 1218
f 1222 1219 1220
f 1220 1219 1221
f 1223 1224 1222
f 1223 1222 1220
f 1224 1223 1226
f 1226 1225 1224
f 1227 1228 1225
f 1227 1225 1226
f 1232 1229 1230
f 1230 1229 1228
f 1230 1228 1227
f 1235 1231 1232
f 1232 1231 1229
f 1233 1234 1235
f 1235 1234 1231
f 1241 1240 1236
f 1236 1240 1237
f 1236 1237 1233
f 1233 1237 1234
f 1239 1238 1240
f 1239 1240 1241
f 1243 1242 1238
f 1243 1238 1239
f 1247 1246 1244
f 1244 1246 1245
f 1244 1245 1242
f 1244 1242 1243
f 1147 1146 1246
f 1147 1246 1247
f 1279 1248 1249
f 1249 1248 1250
f 1249 1250 1251
f 1252 1253 1250
f 1250 1253 1251
f 1253 1252 1254
f 1254 1252 1255
f 1254 1255 1256
f 1254 1256 1257
f 1257 1256 1258
f 1257 1258 1260
f 1259 1260 1258
f 1260 1259 1261
f 1261 1259 1262
f 1261 1262 1263
f 1263 1262 1264
f 1263 1264 1265
f 1265 1264 1266
f 1265 1266 1267
f 1266 1268 1267
f 1267 1268 1269
f 1269 1268 1270
f 1269 1270 1271
f 1271 1270 1272
f 1271 1272 1273
f 1273 1272 1274
f 1273 1274 1275
f 1275 1274 1276
f 1275 1276 1277
f 1276 1278 1277
f 1277 1278 1279
f 1279 1278 1248
f 1280 1281 1282
f 1282 1281 1283
f 1283 1281 1284
f 1284 1281 1285
f 1284 1285 1286
f 1284 1286 1287
f 1287 1286 1288
f 1287 1288 1289
f 1289 1288 1290
f 1289 1290 1291
f 1290 1280 1291
f 1291 1280 1282
f 1292 1303 1293
f 1293 1295 1292
f 1295 1293 1294
f 1294 1296 1295
f 1294 1297 1296
f 1297 1294 1298
f 1300 1299 1298
f 1298 1299 1297
f 1299 1300 1301
f 1301 1300 1302
f 1301 1302 1303
f 1303 1304 1301
f 1303 1292 1304
f 1306 1307 2301
f 2301 1305 1306
f 1308 1307 1309
f 1309 1307 1306
f 1310 1308 1311
f 1311 1308 1309
f 1312 1310 1313
f 1313 1310 1311
f 1315 1312 1314
f 1314 1312 1313
f 1317 1316 1314
f 1314 1316 1315
f 1318 1316 1317
f 1319 1318 1320
f 1320 1318 1317
f 1321 1319 1322
f 1322 1319 1320
f 1323 1321 1324
f 1324 1321 1322
f 1325 1323 1326
f 1326 1323 1324
f 1328 1325 1327
f 1327 1325 1326
f 1329 1330 1328
f 1329 1328 1327
f 1329 1331 1330
f 1332 1331 1329
f 1333 1331 1334
f 1334 1331 1332
f 1335 1333 1336
f 1336 1333 1334
f 1337 1335 1336
f 1337 1338 1335
f 1337 1339 1338
f 1340 1339 1337
f 1340 1341 1339
f 1342 1341 1340
f 1343 1344 1342
f 1342 1344 1341
f 1343 1345 1344
f 1347 1346 1345
f 1347 1345 1343
f 1348 1346 1347
f 1351 1346 1348
f 1351 1350 1346
f 1349 1350 1351
f 1349 1352 1350
f 1354 1353 1352
f 1352 1349 1354
f 1356 1357 1354
f 1354 1357 1353
f 1355 1357 1356
f 1355 1358 1357
f 1360 1358 1355
f 1360 1359 1358
f 1361 1362 1360
f 1360 1362 1359
f 1363 1362 1361
f 1365 1364 1363
f 1362 1363 1364
f 1366 1367 1364
f 1366 1364 1365
f 1368 1367 1369
f 1369 1367 1366
f 1370 1368 1371
f 1371 1368 1369
f 1372 1370 1373
f 1373 1370 1371
f 1374 1375 1373
f 1373 1375 1372
f 1376 1378 1375
f 1376 1375 1374
f 1378 1376 1377
f 1377 1379 1378
f 1380 1379 1377
f 1380 1381 1379
f 1382 1381 1380
f 1384 1383 1381
f 1384 1381 1382
f 1385 1383 1384
f 1385 1386 1383
f 1387 1386 1385
f 1387 1389 1386
f 1388 1389 1387
f 1392 1390 1388
f 1388 1390 1389
f 1392 1391 1390
f 1394 1393 1392
f 1392 1393 1391
f 1396 1395 1394
f 1394 1395 1393
f 1395 1396 1397
f 1397 1396 1398
f 1397 1398 1399
f 1401 1399 1398
f 1401 1400 1399
f 1403 1402 1400
f 1403 1400 1401
f 1405 1404 1403
f 1403 1404 1402
f 1406 1407 1404
f 1406 1404 1405
f 1408 1409 1407
f 1407 1406 1408
f 1411 1410 1408
f 1408 1410 1409
f 1412 1413 1410
f 1412 1410 1411
f 1414 1413 1412
f 1414 1415 1413
f 1414 1416 1415
f 1417 1415 1418
f 1418 1415 1416
f 1419 1417 1420
f 1420 1417 1418
f 1422 1419 1420
f 1421 1422 1420
f 1423 1424 1421
f 1421 1424 1422
f 1426 1425 1423
f 1423 1425 1424
f 1426 1427 1425
f 1428 1427 1429
f 1429 1427 1426
f 1431 1428 1430
f 1430 1428 1429
f 1432 1431 1433
f 1433 1431 1430
f 1435 1432 1434
f 1434 1432 1433
f 1434 1436 1435
f 1437 1438 1436
f 1437 1436 1434
f 1439 1440 1437
f 1437 1440 1438
f 1441 1442 1440
f 1440 1439 1441
f 1443 1442 1441
f 1443 1444 1442
f 1445 1446 1443
f 1443 1446 1444
f 1447 1448 1445
f 1445 1448 1446
f 1449 1448 1450
f 1450 1448 1447
f 1451 1449 1452
f 1452 1449 1450
f 1453 1451 1452
f 1454 1453 1452
f 1455 1453 1456
f 1456 1453 1454
f 1457 1455 1458
f 1458 1455 1456
f 1459 1457 1460
f 1460 1457 1458
f 1462 1461 1460
f 1460 1461 1459
f 1463 1464 1461
f 1463 1461 1462
f 1466 1464 1463
f 1466 1463 1465
f 1467 1468 1466
f 1466 1465 1467
f 1469 1470 1468
f 1469 1468 1467
f 1470 1469 1472
f 1472 1469 1471
f 1474 1473 1471
f 1471 1473 1472
f 1475 1473 1476
f 1476 1473 1474
f 1477 1475 1478
f 1478 1475 1476
f 1479 1477 1480
f 1480 1477 1478
f 1482 1481 1479
f 1482 1479 1480
f 1484 1483 1481
f 1484 1481 1482
f 1485 1483 1486
f 1486 1483 1484
f 1487 1488 1486
f 1486 1488 1485
f 1490 1488 1487
f 1488 1490 1489
f 1492 1491 1490
f 1490 1491 1489
f 1492 1493 1491
f 1494 1493 1492
f 1495 1493 1494
f 1495 1496 1493
f 1497 1496 1495
f 1498 1496 1499
f 1499 1496 1497
f 1500 1498 1501
f 1501 1498 1499
f 1501 1502 1500
f 1503 1502 1501
f 1504 1502 1505
f 1505 1502 1503
f 1506 1504 1508
f 1508 1504 1505
f 1509 1507 1508
f 1508 1507 1506
f 1507 1509 1511
f 1507 1511 1510
f 1512 1510 1511
f 1512 1513 1510
f 1515 1514 1512
f 1512 1514 1513
f 1516 1517 1514
f 1516 1514 1515
f 1519 1518 1516
f 1516 1518 1517
f 1519 1520 1518
f 1522 1521 1520
f 1522 1520 1519
f 1522 1523 1521
f 1524 1523 1522
f 1524 1525 1523
f 1525 1524 1526
f 1528 1527 1525
f 1525 1526 1528
f 1529 1530 1528
f 1528 1530 1527
f 1532 1530 1529
f 1532 1531 1530
f 1532 1533 1531
f 1535 1533 1532
f 1535 1534 1533
f 1536 1534 1535
f 1537 1538 1534
f 1534 1536 1537
f 1539 1540 1538
f 1538 1537 1539
f 1541 1542 1540
f 1540 1539 1541
f 1543 1544 1542
f 1542 1541 1543
f 1545 1544 1543
f 1545 1546 1544
f 1546 1545 1547
f 1546 1547 1548
f 1548 1547 1549
f 1548 1549 1550
f 1550 1549 1552
f 1551 1553 1552
f 1552 1553 1550
f 1554 1555 1551
f 1551 1555 1553
f 1556 1555 1557
f 1557 1555 1554
f 1558 1556 1559
f 1559 1556 1557
f 1561 1558 1560
f 1560 1558 1559
f 1563 1561 1560
f 1562 1563 1560
f 1562 1564 1563
f 1562 1566 1564
f 1565 1566 1562
f 1567 1566 1568
f 1568 1566 1565
f 1569 1567 1568
f 1570 1569 1568
f 10 1569 13
f 13 1569 1570
f 1571 9 1572
f 1572 9 31
f 1573 1571 1574
f 1574 1571 1572
f 1577 1573 1574
f 1577 1576 1573
f 1575 1576 1577
f 1576 1575 1578
f 1579 1578 1580
f 1580 1578 1575
f 1581 1579 1580
f 1582 1581 1580
f 1583 1581 1584
f 1584 1581 1582
f 1585 1583 1586
f 1586 1583 1584
f 1587 1585 1588
f 1588 1585 1586
f 1588 1589 1587
f 1590 1589 1588
f 1592 1591 1590
f 1590 1591 1589
f 1592 1593 1591
f 1594 1595 1593
f 1594 1593 1592
f 1598 1596 1595
f 1598 1595 1594
f 1598 1597 1596
f 1599 1597 1600
f 1600 1597 1598
f 1601 1599 1600
f 1601 1602 1599
f 1601 1603 1602
f 1604 1605 1603
f 1604 1603 1601
f 1606 1605 1607
f 1607 1605 1604
f 1608 1606 1609
f 1609 1606 1607
f 1611 1608 1610
f 1610 1608 1609
f 1613 1612 1610
f 1610 1612 1611
f 1615 1614 1613
f 1613 1614 1612
f 1617 1616 1614
f 1617 1614 1615
f 1618 1619 1616
f 1618 1616 1617
f 1621 1619 1620
f 1620 1619 1618
f 1620 1623 1621
f 1621 1623 1622
f 1625 1622 1623
f 1625 1624 1622
f 1627 1624 1625
f 1627 1626 1624
f 1626 1627 1628
f 1630 1629 1628
f 1626 1628 1629
f 1631 1632 1630
f 1630 1632 1629
f 1633 1632 1634
f 1634 1632 1631
f 1636 1633 1635
f 1635 1633 1634
f 1637 1636 1638
f 1638 1636 1635
f 1639 1637 1640
f 1640 1637 1638
f 1641 1639 1640
f 1642 1641 1640
f 1643 1641 1642
f 1644 1643 1642
f 1646 1643 1645
f 1645 1643 1644
f 1648 1646 1647
f 1647 1646 1645
f 1649 1648 1647
f 1649 1650 1648
f 1650 1649 1651
f 1652 1654 1651
f 1651 1654 1650
f 1653 1654 1652
f 1653 1655 1654
f 1657 1656 1653
f 1653 1656 1655
f 1658 1659 1656
f 1658 1656 1657
f 1660 1659 1658
f 1662 1661 1660
f 1660 1661 1659
f 1664 1663 1661
f 1664 1661 1662
f 1665 1663 1664
f 1665 1667 1663
f 1666 1667 1665
f 1666 1668 1667
f 1669 1668 1666
f 1669 1670 1668
f 1671 1672 1669
f 1669 1672 1670
f 1671 1674 1672
f 1671 1673 1674
f 1675 1674 1676
f 1676 1674 1673
f 1677 1675 1678
f 1678 1675 1676
f 1679 1677 1680
f 1680 1677 1678
f 1681 1679 1680
f 1682 1681 1680
f 1684 1681 1683
f 1683 1681 1682
f 1685 1686 1683
f 1683 1686 1684
f 1687 1686 1685
f 1690 1688 1687
f 1687 1688 1686
f 1690 1689 1688
f 1691 1689 1690
f 1692 1694 1691
f 1691 1694 1689
f 1693 1694 1692
f 1693 1695 1694
f 1696 1695 1697
f 1697 1695 1693
f 1698 1696 1697
f 1698 1699 1696
f 1700 1699 1698
f 1703 1699 1701
f 1701 1699 1700
f 1702 1703 1701
f 1702 1704 1703
f 1705 1704 1702
f 1706 1707 1705
f 1705 1707 1704
f 1706 1708 1707
f 1709 1708 1710
f 1710 1708 1706
f 1712 1709 1711
f 1711 1709 1710
f 1713 1712 1711
f 1714 1712 1713
f 1715 1714 1713
f 1717 1716 1715
f 1715 1716 1714
f 1718 1719 1717
f 1717 1719 1716
f 1721 1720 1718
f 1719 1718 1720
f 1722 1723 1721
f 1721 1723 1720
f 1725 1724 1722
f 1722 1724 1723
f 1724 1725 1726
f 1726 1725 1727
f 1728 1729 1727
f 1727 1729 1726
f 1730 1731 1729
f 1730 1729 1728
f 1730 1734 1731
f 1734 1730 1732
f 1732 1733 1734
f 1735 1733 1732
f 1738 1736 1735
f 1735 1736 1733
f 1737 1736 1738
f 1739 1740 1738
f 1738 1740 1737
f 1741 1740 1739
f 1741 1742 1740
f 1743 1742 1744
f 1744 1742 1741
f 1745 1743 1744
f 1746 1745 1744
f 1747 1745 1748
f 1748 1745 1746
f 1750 1747 1749
f 1749 1747 1748
f 1751 1750 1752
f 1752 1750 1749
f 1754 1751 1753
f 1753 1751 1752
f 1755 1754 1756
f 1756 1754 1753
f 1757 1755 1758
f 1758 1755 1756
f 1759 1757 1760
f 1760 1757 1758
f 1761 1759 1762
f 1762 1759 1760
f 1764 1761 1762
f 1765 1764 1762
f 1764 1765 1763
f 1763 1766 1764
f 1768 1767 1766
f 1766 1763 1768
f 1769 1770 1768
f 1768 1770 1767
f 1770 1769 1771
f 1771 1769 1774
f 1774 1772 1771
f 1773 1772 1774
f 1773 1775 1772
f 1776 1775 1777
f 1777 1775 1773
f 1778 1776 1779
f 1779 1776 1777
f 1781 1778 1780
f 1780 1778 1779
f 1783 1781 1780
f 1782 1781 1783
f 1784 1782 1783
f 1784 1786 1782
f 1787 1786 1784
f 1785 1786 1787
f 1788 1785 1787
f 1789 1785 1788
f 1789 1790 1785
f 1792 1790 1789
f 1790 1792 1791
f 1791 1792 1793
f 1791 1793 1794
f 1795 1794 1793
f 1796 1797 1795
f 1795 1797 1794
f 1798 1797 1796
f 1798 1799 1797
f 1801 1800 1798
f 1798 1800 1799
f 1803 1800 1801
f 1800 1803 1802
f 1804 1802 1803
f 1804 1806 1802
f 1805 1806 1804
f 1807 1806 1808
f 1808 1806 1805
f 1809 1807 1810
f 1810 1807 1808
f 1811 1809 1812
f 1812 1809 1810
f 1813 1811 1814
f 1814 1811 1812
f 1817 1813 1815
f 1815 1813 1814
f 1816 1817 1815
f 1816 1818 1817
f 1819 1818 1820
f 1820 1818 1816
f 1821 1819 1822
f 1822 1819 1820
f 1823 1821 1824
f 1824 1821 1822
f 1825 1823 1826
f 1826 1823 1824
f 1828 1825 1826
f 1828 1826 1827
f 1827 1829 1828
f 1831 1829 1827
f 1831 1830 1829
f 1831 1832 1830
f 1833 1830 1834
f 1834 1830 1832
f 1835 1833 1836
f 1836 1833 1834
f 1838 1835 1836
f 1836 1837 1838
f 1839 1840 1837
f 1837 1840 1838
f 1841 1840 1842
f 1842 1840 1839
f 1843 1841 1844
f 1844 1841 1842
f 1845 1843 1846
f 1846 1843 1844
f 1847 1845 1848
f 1848 1845 1846
f 1849 1847 1850
f 1850 1847 1848
f 1851 1849 1852
f 1852 1849 1850
f 1854 1851 1852
f 1854 1853 1851
f 1855 1853 1854
f 1856 1853 1857
f 1857 1853 1855
f 1859 1856 1858
f 1858 1856 1857
f 1858 1860 1859
f 1861 1860 1858
f 1862 1863 1861
f 1861 1863 1860
f 1864 1865 1862
f 1862 1865 1863
f 1866 1867 1864
f 1864 1867 1865
f 1869 1870 1866
f 1866 1870 1867
f 1871 1868 1869
f 1869 1868 1870
f 1873 1872 1871
f 1871 1872 1868
f 1874 1875 1872
f 1874 1872 1873
f 1875 1874 1876
f 1878 1877 1876
f 1875 1876 1877
f 1880 1879 1878
f 1878 1879 1877
f 1882 1881 1880
f 1880 1881 1879
f 1884 1881 1883
f 1883 1881 1882
f 1885 1884 1886
f 1886 1884 1883
f 1887 1888 1885
f 1885 1886 1887
f 1890 1889 1887
f 1887 1889 1888
f 1890 1891 1889
f 1892 1891 1890
f 1894 1891 1893
f 1893 1891 1892
f 1895 1894 1893
f 1895 1896 1894
f 1897 1896 1895
f 1896 1897 1898
f 1899 1898 1897
f 1900 1898 1899
f 1901 1900 1899
f 1901 1902 1900
f 1903 1902 1901
f 1904 1905 1903
f 1903 1905 1902
f 1905 1904 1907
f 1907 1906 1905
f 1909 1908 1907
f 1907 1908 1906
f 1910 1908 1911
f 1911 1908 1909
f 1912 1910 1913
f 1913 1910 1911
f 1914 1912 1915
f 1915 1912 1913
f 1917 1914 1916
f 1916 1914 1915
f 1918 1917 1919
f 1919 1917 1916
f 1918 1919 1920
f 1920 1921 1918
f 1922 1921 1920
f 1924 1923 1921
f 1924 1921 1922
f 1926 1925 1924
f 1924 1925 1923
f 1928 1925 1926
f 1928 1927 1925
f 1929 1927 1930
f 1930 1927 1928
f 1931 1929 1930
f 1932 1931 1930
f 1934 1931 1933
f 1933 1931 1932
f 1935 1936 1933
f 1933 1936 1934
f 1937 1938 1936
f 1936 1935 1937
f 1939 1938 1940
f 1940 1938 1937
f 1941 1939 1942
f 1942 1939 1940
f 1944 1941 1943
f 1943 1941 1942
f 1945 1944 1943
f 1946 1947 1945
f 1944 1945 1947
f 1948 1947 1946
f 1946 1949 1948
f 1950 1949 1946
f 1950 1951 1949
f 1952 1953 1951
f 1952 1951 1950
f 1955 1953 1952
f 1955 1954 1953
f 1956 1954 1957
f 1957 1954 1955
f 1958 1959 1956
f 1958 1956 1957
f 1960 1959 1958
f 1960 1961 1959
f 1964 1963 1961
f 1964 1961 1960
f 1962 1965 1963
f 1962 1963 1964
f 1965 1962 1966
f 1967 1965 1968
f 1968 1965 1966
f 1969 1967 1970
f 1970 1967 1968
f 1971 1969 1972
f 1972 1969 1970
f 1974 1973 1971
f 1974 1971 1972
f 1977 1973 1975
f 1975 1973 1974
f 1976 1977 1975
f 1976 1980 1977
f 1981 1978 1979
f 1979 1978 1980
f 1979 1980 1976
f 1983 1984 1978
f 1983 1978 1981
f 1982 1984 1983
f 1986 1984 1985
f 1985 1984 1982
f 1987 1986 1985
f 1987 1989 1986
f 1988 1989 1987
f 1990 1991 1988
f 1988 1991 1989
f 1993 1991 1990
f 1993 1992 1991
f 1994 1992 1995
f 1995 1992 1993
f 1996 1994 1997
f 1997 1994 1995
f 1998 1996 1999
f 1999 1996 1997
f 2001 1998 2000
f 2000 1998 1999
f 2002 2001 2000
f 2002 2004 2001
f 2003 2004 2002
f 2005 2004 2003
f 2006 2005 2007
f 2007 2005 2003
f 2008 2006 2009
f 2009 2006 2007
f 2009 2010 2008
f 2012 2010 2009
f 2012 2011 2010
f 2014 2013 2011
f 2014 2011 2012
f 2017 2015 2013
f 2013 2014 2017
f 2016 2015 2017
f 2015 2016 2018
f 2019 2018 2016
f 2019 2020 2018
f 2022 2021 2019
f 2019 2021 2020
f 2024 2023 2022
f 2022 2023 2021
f 2025 2023 2026
f 2026 2023 2024
f 2027 2025 2026
f 2028 2027 2026
f 2029 2027 2030
f 2030 2027 2028
f 2030 2031 2029
f 2032 2031 2030
f 2032 2034 2031
f 2033 2034 2032
f 2035 2036 2034
f 2035 2034 2033
f 2037 2036 2038
f 2038 2036 2035
f 2039 2037 2038
f 2041 2039 2038
f 2041 2040 2039
f 2042 2043 2041
f 2041 2043 2040
f 2044 2043 2042
f 2043 2044 2045
f 2046 2045 2047
f 2047 2045 2044
f 2048 2046 2049
f 2049 2046 2047
f 2050 2051 2048
f 2050 2048 2049
f 2053 2052 2050
f 2050 2052 2051
f 2054 2052 2053
f 2055 2054 2053
f 2057 2056 2054
f 2057 2054 2055
f 2058 2056 2057
f 2058 2057 2059
f 2061 2060 2058
f 2061 2058 2059
f 2063 2062 2061
f 2061 2062 2060
f 2064 2062 2063
f 2067 2064 2063
f 2067 2068 2064
f 2065 2066 2067
f 2067 2066 2068
f 2069 2070 2066
f 2066 2065 2069
f 2070 2069 2071
f 2071 2069 2072
f 2072 2074 2071
f 2073 2074 2072
f 2075 2074 2073
f 2075 2076 2074
f 2077 2076 2078
f 2078 2076 2075
f 2080 2077 2079
f 2079 2077 2078
f 2081 2080 2082
f 2082 2080 2079
f 2083 2081 2084
f 2084 2081 2082
f 2086 2083 2085
f 2085 2083 2084
f 2087 2086 2085
f 2087 2088 2086
f 2089 2088 2090
f 2090 2088 2087
f 2091 2089 2092
f 2092 2089 2090
f 2093 2091 2094
f 2094 2091 2092
f 2095 2093 2096
f 2096 2093 2094
f 2097 2095 2098
f 2098 2095 2096
f 2099 2097 2100
f 2100 2097 2098
f 2101 2099 2102
f 2102 2099 2100
f 2103 2101 3
f 3 2101 2102
f 1 2103 3
f 2104 8 5
f 2105 8 2106
f 2106 8 2104
f 2107 2105 2108
f 2108 2105 2106
f 2109 2107 2110
f 2110 2107 2108
f 2111 2109 2112
f 2112 2109 2110
f 2113 2111 2114
f 2114 2111 2112
f 2115 2113 2116
f 2116 2113 2114
f 2117 2115 2118
f 2118 2115 2116
f 2119 2117 2120
f 2120 2117 2118
f 2121 2119 2122
f 2122 2119 2120
f 2123 2121 2124
f 2124 2121 2122
f 2125 2123 2126
f 2126 2123 2124
f 2127 2125 2128
f 2128 2125 2126
f 2129 2127 2128
f 2130 2129 2128
f 2131 2129 2132
f 2132 2129 2130
f 2131 2132 2133
f 2133 2132 2134
f 2136 2135 2134
f 2134 2135 2133
f 2137 2135 2138
f 2138 2135 2136
f 2139 2137 2140
f 2140 2137 2138
f 2142 2139 2141
f 2141 2139 2140
f 2143 2144 2141
f 2141 2144 2142
f 2144 2143 2145
f 2145 2146 2144
f 2147 2146 2148
f 2148 2146 2145
f 2149 2147 2150
f 2150 2147 2148
f 2152 2149 2151
f 2151 2149 2150
f 2151 2154 2152
f 2153 2154 2151
f 2156 2155 2154
f 2154 2153 2156
f 2156 2158 2155
f 2157 2158 2156
f 2159 2160 2157
f 2157 2160 2158
f 2161 2160 2159
f 2162 2161 2159
f 2164 2163 2162
f 2162 2163 2161
f 2166 2165 2164
f 2164 2165 2163
f 2168 2167 2166
f 2166 2167 2165
f 2169 2167 2170
f 2170 2167 2168
f 2171 2169 2172
f 2172 2169 2170
f 2173 2171 2174
f 2174 2171 2172
f 2176 2173 2174
f 2176 2175 2173
f 2175 2176 2177
f 2179 2178 2177
f 2177 2178 2175
f 2180 2178 2181
f 2181 2178 2179
f 2183 2182 2180
f 2183 2180 2181
f 2185 2184 2182
f 2185 2182 2183
f 2187 2186 2184
f 2187 2184 2185
f 2188 2189 2187
f 2187 2189 2186
f 2190 2191 2188
f 2188 2191 2189
f 2193 2192 2191
f 2191 2190 2193
f 2194 2192 2193
f 2195 2194 2193
f 2197 2196 2195
f 2195 2196 2194
f 2200 2198 2197
f 2197 2198 2196
f 2201 2198 2199
f 2199 2198 2200
f 2203 2202 2199
f 2199 2202 2201
f 2204 2202 2205
f 2205 2202 2203
f 2206 2204 2205
f 2207 2206 2205
f 2209 2206 2208
f 2208 2206 2207
f 2211 2210 2209
f 2211 2209 2208
f 2213 2212 2211
f 2211 2212 2210
f 2214 2215 2213
f 2213 2215 2212
f 2214 2216 2215
f 2217 2216 2214
f 2220 2216 2218
f 2218 2216 2217
f 2219 2220 2218
f 2219 2221 2220
f 2222 2221 2219
f 2222 2224 2221
f 2224 2222 2223
f 2226 2225 2223
f 2223 2225 2224
f 2227 2225 2228
f 2228 2225 2226
f 2229 2227 2230
f 2230 2227 2228
f 2232 2231 2230
f 2230 2231 2229
f 2235 2233 2232
f 2231 2232 2233
f 2235 2234 2233
f 2237 2234 2236
f 2236 2234 2235
f 2239 2238 2237
f 2237 2236 2239
f 2240 2241 2238
f 2238 2239 2240
f 2242 2241 2243
f 2243 2241 2240
f 2244 2242 2243
f 2245 2244 2243
f 2246 2244 2247
f 2247 2244 2245
f 2249 2248 2247
f 2247 2248 2246
f 2250 2248 2249
f 2251 2250 2249
f 2251 2252 2250
f 2255 2253 2251
f 2251 2253 2252
f 2255 2254 2253
f 2254 2255 2256
f 2258 2254 2256
f 2258 2257 2254
f 2260 2257 2258
f 2260 2259 2257
f 2262 2261 2260
f 2260 2261 2259
f 2262 2263 2261
f 2264 2263 2262
f 2265 2263 2266
f 2266 2263 2264
f 2267 2268 2265
f 2265 2266 2267
f 2270 2269 2267
f 2268 2267 2269
f 2271 2269 2270
f 2273 2271 2270
f 2273 2272 2271
f 2274 2275 2272
f 2274 2272 2273
f 2277 2275 2276
f 2276 2275 2274
f 2278 2280 2276
f 2276 2280 2277
f 2278 2279 2280
f 2282 2279 2278
f 2279 2282 2281
f 2282 2283 2281
f 2283 2285 2281
f 2284 2285 2283
f 2284 2286 2285
f 2287 2286 2284
f 2289 2288 2287
f 2287 2288 2286
f 2289 2290 2288
f 2290 2289 2292
f 2292 2291 2290
f 2292 2293 2291
f 2294 2291 2293
f 2294 2295 2291
f 2296 2295 2294
f 2297 2295 2298
f 2298 2295 2296
f 2299 2297 2300
f 2300 2297 2298
f 2301 2299 2300
f 1305 2301 2300
f 3 5 4
f 2102 2084 3
f 3 2084 2104
f 3 2104 5
f 2100 2098 2102
f 2102 2098 2096
f 2102 2096 2085
f 2085 2096 2094
f 2085 2094 2087
f 2092 2087 2094
f 2092 2090 2087
f 2085 2084 2102
f 2082 2124 2084
f 2084 2124 2122
f 2084 2122 2104
f 2104 2122 2106
f 2106 2122 2112
f 2106 2112 2110
f 2079 1265 2082
f 1265 2079 1263
f 1263 2079 2078
f 1263 2078 1919
f 1263 1919 1261
f 1261 1919 1916
f 2075 1920 2078
f 2078 1920 1919
f 1920 2075 1922
f 1922 2075 2073
f 1922 2073 1940
f 1940 2073 2057
f 2073 2072 2057
f 2057 2072 2059
f 2059 2072 2061
f 2061 2072 2069
f 2061 2069 2063
f 2063 2069 2065
f 2063 2065 2067
f 1940 2057 2055
f 1940 2055 1942
f 1942 2055 2044
f 2044 2055 2053
f 2044 2053 2050
f 2050 2049 2044
f 2044 2049 2047
f 1942 2044 1950
f 1950 2044 2042
f 1950 2042 1952
f 1952 2042 2041
f 1952 2041 1970
f 1970 2041 2026
f 2026 2041 2038
f 2026 2038 2028
f 2028 2038 2035
f 2028 2035 2030
f 2030 2035 2033
f 2030 2033 2032
f 2026 2024 1970
f 1970 2024 1972
f 1972 2024 1974
f 1974 2024 2022
f 1974 2022 2014
f 2014 2022 2019
f 2014 2019 2017
f 2017 2019 2016
f 1974 2014 1982
f 1982 2014 2012
f 1982 2012 1985
f 1985 2012 2009
f 1985 2009 1987
f 1987 2009 1995
f 1987 1995 1993
f 1987 1993 1988
f 1988 1993 1990
f 1995 2009 2002
f 2002 2009 2003
f 2003 2009 2007
f 1995 2002 2000
f 1995 2000 1997
f 2000 1999 1997
f 1974 1982 1983
f 1974 1983 1981
f 1974 1981 1975
f 1975 1981 1976
f 1976 1981 1979
f 1968 1957 1970
f 1970 1957 1955
f 1966 1960 1968
f 1968 1960 1958
f 1960 1966 1962
f 1960 1962 1964
f 1958 1957 1968
f 1955 1952 1970
f 1942 1950 1943
f 1943 1950 1946
f 1943 1946 1945
f 1937 1924 1940
f 1924 1937 1926
f 1926 1937 1935
f 1926 1935 1928
f 1928 1935 1933
f 1932 1930 1933
f 1933 1930 1928
f 1940 1924 1922
f 1261 1916 1260
f 1260 1916 1915
f 1260 1915 1756
f 1260 1756 1753
f 1260 1753 1257
f 1915 1913 1756
f 1756 1913 1758
f 1758 1913 1855
f 1911 1857 1913
f 1913 1857 1855
f 1909 1871 1911
f 1871 1909 1873
f 1873 1909 1907
f 1907 1899 1880
f 1907 1880 1874
f 1874 1880 1876
f 1876 1880 1878
f 1907 1903 1899
f 1907 1904 1903
f 1899 1903 1901
f 1880 1899 1882
f 1882 1899 1883
f 1883 1899 1897
f 1897 1890 1883
f 1890 1897 1895
f 1895 1893 1890
f 1890 1893 1892
f 1883 1890 1886
f 1886 1890 1887
f 1907 1874 1873
f 1871 1869 1911
f 1869 1866 1911
f 1911 1866 1857
f 1857 1866 1858
f 1858 1866 1864
f 1858 1864 1861
f 1861 1864 1862
f 1758 1855 1810
f 1810 1855 1854
f 1810 1854 1812
f 1854 1852 1812
f 1812 1852 1824
f 1812 1824 1822
f 1850 1844 1852
f 1852 1844 1842
f 1852 1842 1824
f 1824 1842 1826
f 1826 1842 1839
f 1850 1848 1844
f 1844 1848 1846
f 1826 1839 1837
f 1826 1837 1832
f 1832 1837 1836
f 1836 1834 1832
f 1826 1832 1827
f 1831 1827 1832
f 1820 1815 1822
f 1816 1815 1820
f 1815 1814 1822
f 1822 1814 1812
f 1810 1808 1758
f 1758 1808 1760
f 1760 1808 1801
f 1805 1801 1808
f 1805 1803 1801
f 1805 1804 1803
f 1801 1798 1760
f 1760 1798 1796
f 1760 1796 1762
f 1762 1796 1795
f 1762 1795 1793
f 1762 1793 1765
f 1765 1793 1789
f 1765 1789 1787
f 1793 1792 1789
f 1787 1789 1788
f 1765 1787 1769
f 1769 1787 1784
f 1769 1784 1774
f 1774 1784 1783
f 1774 1783 1780
f 1779 1777 1780
f 1780 1777 1773
f 1780 1773 1774
f 1769 1768 1765
f 1765 1768 1763
f 1752 1254 1753
f 1753 1254 1257
f 1749 1638 1752
f 1752 1638 1254
f 1638 1749 1640
f 1640 1749 1748
f 1640 1748 1741
f 1741 1748 1744
f 1748 1746 1744
f 1741 1647 1640
f 1647 1741 1739
f 1647 1739 1649
f 1649 1739 1738
f 1649 1738 1651
f 1651 1738 1727
f 1651 1727 1660
f 1727 1738 1728
f 1728 1738 1735
f 1728 1735 1730
f 1730 1735 1732
f 1660 1727 1725
f 1660 1725 1662
f 1662 1725 1717
f 1662 1717 1669
f 1717 1725 1722
f 1717 1722 1718
f 1718 1722 1721
f 1669 1717 1715
f 1669 1715 1671
f 1671 1715 1713
f 1671 1713 1673
f 1673 1713 1697
f 1713 1711 1697
f 1697 1711 1698
f 1698 1711 1700
f 1700 1711 1710
f 1700 1710 1706
f 1700 1706 1701
f 1701 1706 1705
f 1701 1705 1702
f 1693 1687 1697
f 1693 1690 1687
f 1690 1693 1691
f 1691 1693 1692
f 1697 1687 1685
f 1697 1685 1673
f 1673 1685 1683
f 1682 1673 1683
f 1680 1676 1682
f 1682 1676 1673
f 1680 1678 1676
f 1662 1669 1664
f 1664 1669 1666
f 1664 1666 1665
f 1651 1660 1658
f 1651 1658 1652
f 1652 1658 1657
f 1652 1657 1653
f 1647 1645 1640
f 1640 1645 1642
f 1645 1644 1642
f 1635 1253 1638
f 1638 1253 1254
f 1253 1635 1634
f 1253 1634 1251
f 1251 1634 1503
f 1251 1503 1501
f 1251 1501 1249
f 1634 1631 1503
f 1503 1631 1505
f 1505 1631 1613
f 1613 1631 1615
f 1615 1631 1630
f 1615 1630 1628
f 1615 1628 1617
f 1617 1628 1618
f 1618 1628 1627
f 1618 1627 1620
f 1620 1627 1625
f 1620 1625 1623
f 1505 1613 1522
f 1522 1613 1524
f 1524 1613 1610
f 1524 1610 1526
f 1610 1604 1532
f 1610 1532 1526
f 1526 1532 1529
f 1526 1529 1528
f 1604 1610 1609
f 1604 1609 1607
f 1532 1604 1535
f 1535 1604 1601
f 1535 1601 1536
f 1536 1601 1586
f 1536 1586 1551
f 1586 1601 1588
f 1588 1601 1600
f 1588 1600 1590
f 1590 1600 1598
f 1590 1598 1592
f 1592 1598 1594
f 1584 1554 1586
f 1582 1574 1584
f 1584 1574 1572
f 1584 1572 1570
f 1570 1572 12
f 1570 12 13
f 13 12 581
f 1582 1580 1574
f 1574 1580 1577
f 1577 1580 1575
f 12 1572 11
f 11 1572 31
f 11 31 581
f 581 31 579
f 579 31 32
f 35 1064 32
f 36 302 35
f 36 300 302
f 36 343 299
f 299 343 344
f 38 340 36
f 38 339 340
f 38 40 339
f 339 40 337
f 337 40 276
f 276 40 273
f 273 40 43
f 273 43 270
f 270 43 45
f 46 508 45
f 48 502 46
f 50 650 48
f 650 50 648
f 648 50 822
f 648 822 825
f 648 825 647
f 50 52 822
f 822 52 820
f 52 53 820
f 820 53 765
f 820 765 766
f 820 766 818
f 818 766 816
f 816 766 931
f 816 931 815
f 815 931 933
f 815 933 813
f 813 933 810
f 810 933 935
f 810 935 808
f 808 935 647
f 808 647 825
f 765 53 774
f 55 774 53
f 55 806 794
f 55 775 806
f 806 775 805
f 57 791 55
f 57 109 788
f 59 109 57
f 61 107 59
f 107 61 105
f 105 61 63
f 105 63 102
f 102 63 100
f 100 63 65
f 100 65 950
f 65 962 950
f 67 960 65
f 67 658 960
f 658 67 678
f 678 67 69
f 678 69 676
f 676 69 853
f 71 865 69
f 71 863 865
f 2 752 71
f 71 752 863
f 752 2 750
f 750 2 4
f 750 4 72
f 2 3 4
f 1247 405 1147
f 405 1247 404
f 404 1247 378
f 378 1247 377
f 377 1247 375
f 375 1247 1244
f 375 1244 373
f 373 1244 1243
f 373 1243 371
f 371 1243 1239
f 1239 476 478
f 1241 474 1239
f 1239 474 476
f 1236 472 1241
f 1241 472 474
f 1233 723 1236
f 1233 721 723
f 1235 719 1233
f 1233 719 721
f 1235 740 743
f 740 1235 738
f 738 1235 1232
f 738 1232 736
f 736 1232 545
f 545 1232 1230
f 545 1230 542
f 542 1230 1227
f 542 1227 1079
f 542 1079 541
f 541 1079 537
f 537 1079 1082
f 1226 1076 1227
f 1076 1226 760
f 760 1226 759
f 759 1226 756
f 756 1226 1223
f 756 1223 753
f 753 1223 849
f 849 1223 1220
f 849 1220 847
f 847 1220 845
f 845 1220 672
f 845 672 843
f 843 672 1006
f 672 1220 671
f 671 1220 1221
f 671 1221 668
f 668 1221 1217
f 668 1217 147
f 668 147 912
f 1215 144 1217
f 1217 144 146
f 1214 144 1215
f 1214 143 144
f 1210 141 1214
f 1214 141 143
f 141 1210 131
f 141 131 132
f 131 1210 129
f 129 1210 1209
f 129 1209 127
f 127 1209 124
f 124 1209 783
f 1206 781 1209
f 1209 781 783
f 1206 780 781
f 1202 979 1206
f 1206 979 780
f 1204 977 1202
f 1202 977 979
f 1204 768 769
f 1201 768 1204
f 1201 931 768
f 931 1201 938
f 938 1201 936
f 936 1201 647
f 936 647 935
f 647 1201 645
f 645 1201 1197
f 645 1197 643
f 643 1197 1195
f 643 1195 640
f 640 1195 500
f 1195 496 499
f 1194 496 1195
f 1188 493 1194
f 1188 249 251
f 249 1188 1191
f 249 1191 247
f 247 1191 1187
f 247 1187 245
f 245 1187 327
f 245 327 243
f 243 327 329
f 243 329 241
f 241 329 330
f 327 1187 325
f 325 1187 1183
f 325 1183 323
f 323 1183 321
f 321 1183 1185
f 321 1185 1028
f 1028 1185 1027
f 1027 1185 1024
f 1024 1185 1179
f 1024 1179 1013
f 1024 1013 1034
f 1034 1013 1015
f 1034 1015 1031
f 1031 1015 318
f 318 1015 294
f 318 294 296
f 318 296 344
f 344 296 299
f 1181 289 1179
f 1179 289 291
f 1176 287 1181
f 1178 1057 1176
f 1174 575 1178
f 1174 599 575
f 1170 599 1174
f 1170 597 599
f 186 1170 1171
f 186 1171 184
f 184 1171 1167
f 184 1167 182
f 182 1167 160
f 1167 235 160
f 235 1167 1165
f 235 1165 233
f 233 1165 603
f 603 1165 601
f 601 1165 1163
f 601 1163 624
f 624 1163 1160
f 624 1160 622
f 622 1160 550
f 550 1160 573
f 573 1160 1161
f 573 1161 571
f 571 1161 1158
f 571 1158 890
f 890 1158 1153
f 890 1153 902
f 902 1153 900
f 900 1153 414
f 1156 412 1153
f 412 1156 434
f 434 1156 1152
f 434 1152 432
f 432 1152 679
f 1150 700 1152
f 1150 698 700
f 1147 926 1150
f 1147 407 924
f 1147 405 407
f 1145 1137 772
f 772 1137 976
f 976 1137 985
f 985 1137 1139
f 985 1139 984
f 984 1139 1141
f 984 1141 800
f 1141 1142 800
f 800 1142 799
f 799 1142 774
f 774 1142 1145
f 774 1145 772
f 800 1126 1128
f 1128 984 800
f 984 1128 981
f 981 1128 1130
f 981 1130 1131
f 981 1131 777
f 777 1131 1132
f 777 1132 805
f 805 1132 803
f 803 1132 1134
f 1134 1126 803
f 803 1126 800
f 429 1114 1117
f 429 1117 424
f 424 1117 1119
f 424 1119 423
f 423 1119 683
f 683 1119 1121
f 683 1121 681
f 681 1121 1123
f 681 1123 431
f 431 1123 1125
f 431 1125 429
f 429 1125 1114
f 502 1103 1044
f 1044 1103 1105
f 1044 1105 632
f 632 1105 631
f 631 1105 1107
f 631 1107 625
f 625 1107 1109
f 625 1109 654
f 654 1109 1110
f 654 1110 502
f 502 1110 1112
f 502 1112 1103
f 366 1102 364
f 1094 364 1102
f 1096 481 1094
f 1094 481 436
f 481 1096 1097
f 481 1097 371
f 1097 1100 371
f 371 1100 368
f 368 1100 1102
f 368 1102 366
f 710 1083 747
f 747 1083 1086
f 747 1086 745
f 745 1086 1088
f 745 1088 714
f 745 714 716
f 1090 714 1088
f 714 1090 712
f 712 1090 1091
f 712 1091 710
f 710 1091 1083
f 535 1082 1071
f 535 1071 760
f 760 1071 1074
f 760 1074 1076
f 1076 1078 1227
f 1078 1079 1227
f 537 1082 535
f 311 1060 309
f 309 1060 305
f 309 305 307
f 305 1060 1062
f 305 1062 1064
f 305 1064 304
f 304 1064 35
f 1064 1065 32
f 32 1065 1068
f 32 1068 579
f 579 1068 311
f 579 311 314
f 311 1068 1070
f 311 1070 1060
f 1176 1048 1050
f 1176 1050 287
f 287 1050 1052
f 287 1052 285
f 285 1052 1054
f 285 1054 281
f 1056 281 1054
f 281 1056 279
f 279 1056 577
f 577 1056 1178
f 1178 1056 1057
f 1176 1057 1048
f 1036 500 1046
f 1046 500 502
f 1046 502 1044
f 500 1036 640
f 640 1036 1037
f 640 1037 1039
f 640 1039 638
f 1039 634 638
f 634 1039 1042
f 634 1042 632
f 632 1042 1044
f 321 1028 319
f 319 1028 1029
f 319 1029 1031
f 319 1031 318
f 1022 1013 1179
f 1015 1016 294
f 1016 1019 294
f 294 1019 291
f 291 1019 1021
f 1021 1179 291
f 1179 1021 1022
f 1001 856 1010
f 1010 856 858
f 1010 858 1009
f 1009 858 840
f 856 1001 675
f 675 1001 1002
f 675 1002 1005
f 675 1005 672
f 672 1005 1006
f 843 1006 841
f 841 1006 1009
f 841 1009 840
f 986 860 997
f 997 860 861
f 997 861 752
f 860 986 858
f 858 986 840
f 840 986 989
f 840 989 851
f 851 989 991
f 851 991 753
f 753 991 992
f 753 992 752
f 752 992 995
f 995 997 752
f 772 976 1204
f 976 977 1204
f 780 979 777
f 777 979 981
f 690 973 688
f 688 973 964
f 688 964 96
f 96 964 966
f 96 966 94
f 94 966 968
f 94 968 386
f 94 386 388
f 386 968 383
f 383 968 970
f 970 971 383
f 383 971 690
f 971 973 690
f 100 950 158
f 158 950 952
f 158 952 955
f 158 955 156
f 156 955 662
f 662 955 660
f 660 955 956
f 660 956 659
f 659 956 959
f 959 960 659
f 659 960 658
f 65 960 962
f 360 948 359
f 359 948 357
f 357 948 940
f 357 940 88
f 88 940 87
f 87 940 942
f 87 942 438
f 438 942 436
f 436 942 944
f 436 944 363
f 363 944 946
f 363 946 948
f 363 948 360
f 768 931 766
f 921 693 929
f 921 691 693
f 691 921 381
f 691 381 383
f 691 383 690
f 381 921 923
f 381 923 409
f 409 923 924
f 409 924 407
f 924 926 1147
f 1150 926 929
f 1150 929 697
f 697 929 693
f 662 918 156
f 156 918 905
f 156 905 155
f 155 905 907
f 155 907 153
f 153 907 909
f 153 909 151
f 151 909 147
f 147 909 910
f 147 910 912
f 668 912 667
f 667 912 915
f 667 915 664
f 664 915 662
f 662 915 918
f 890 892 571
f 571 892 569
f 569 892 895
f 569 895 896
f 569 896 889
f 889 896 886
f 886 896 898
f 886 898 414
f 414 898 900
f 889 877 569
f 569 877 879
f 569 879 566
f 566 879 19
f 566 19 564
f 564 19 21
f 564 21 562
f 562 21 561
f 561 21 609
f 19 879 17
f 17 879 881
f 17 881 415
f 415 881 883
f 415 883 884
f 415 884 414
f 884 886 414
f 137 867 868
f 137 868 135
f 135 868 132
f 132 868 871
f 132 871 141
f 141 871 139
f 139 871 873
f 873 875 139
f 139 875 867
f 139 867 137
f 69 865 853
f 856 676 853
f 752 861 863
f 753 849 851
f 838 731 732
f 838 732 836
f 731 838 79
f 79 838 827
f 79 827 77
f 77 827 830
f 77 830 512
f 512 830 831
f 512 831 546
f 546 831 833
f 546 833 545
f 545 833 835
f 835 736 545
f 736 835 735
f 735 835 836
f 735 836 732
f 55 794 795
f 55 795 774
f 774 795 797
f 797 799 774
f 777 805 775
f 791 775 55
f 124 783 114
f 114 783 113
f 113 783 786
f 113 786 111
f 111 786 788
f 111 788 109
f 788 790 57
f 790 791 57
f 1204 769 772
f 522 748 520
f 750 520 748
f 535 760 533
f 533 760 531
f 531 760 748
f 531 748 523
f 531 523 528
f 528 523 525
f 523 748 522
f 710 747 707
f 707 747 727
f 707 727 706
f 706 727 80
f 80 727 79
f 79 727 728
f 79 728 731
f 1235 743 719
f 719 743 745
f 719 745 716
f 83 702 80
f 702 703 80
f 80 703 706
f 1236 723 471
f 471 723 725
f 471 725 462
f 725 447 459
f 725 444 447
f 702 442 725
f 725 442 444
f 1152 700 679
f 432 679 681
f 432 681 431
f 423 683 420
f 420 683 97
f 420 97 99
f 420 99 417
f 417 99 17
f 417 17 415
f 97 683 686
f 97 686 688
f 97 688 96
f 697 698 1150
f 675 676 856
f 631 625 627
f 638 634 636
f 650 653 48
f 48 653 654
f 48 654 502
f 233 603 604
f 233 604 232
f 606 232 604
f 606 23 232
f 232 23 229
f 229 23 25
f 229 25 227
f 227 25 27
f 227 27 225
f 23 606 21
f 21 606 608
f 21 608 609
f 561 609 612
f 561 612 559
f 559 612 620
f 559 620 552
f 552 620 622
f 552 622 550
f 620 612 618
f 618 612 614
f 618 614 615
f 1178 575 577
f 577 315 279
f 315 577 314
f 314 577 579
f 13 581 29
f 29 581 583
f 29 583 201
f 201 583 192
f 192 583 191
f 191 583 585
f 191 585 188
f 585 586 188
f 188 586 597
f 597 586 595
f 595 586 589
f 589 591 595
f 591 593 595
f 552 554 559
f 559 554 557
f 77 512 514
f 77 514 515
f 77 515 75
f 75 515 518
f 75 518 5
f 5 518 750
f 750 518 520
f 525 526 528
f 537 538 541
f 510 268 270
f 268 510 482
f 268 482 266
f 266 482 255
f 255 482 492
f 492 482 484
f 492 484 486
f 492 486 488
f 488 491 492
f 255 492 252
f 252 492 493
f 252 493 1188
f 493 496 1194
f 1195 499 500
f 502 504 46
f 46 504 506
f 46 506 508
f 45 508 270
f 270 508 510
f 1094 436 364
f 436 363 364
f 438 84 87
f 438 440 84
f 84 440 83
f 83 440 442
f 83 442 702
f 459 447 449
f 459 449 456
f 456 449 451
f 456 451 454
f 454 451 452
f 459 462 725
f 471 462 464
f 464 465 471
f 471 465 469
f 469 465 467
f 471 472 1236
f 1239 478 371
f 371 478 479
f 1153 412 414
f 429 424 427
f 94 388 92
f 92 388 350
f 350 388 390
f 350 390 391
f 350 391 393
f 350 393 348
f 393 395 348
f 348 395 398
f 348 398 346
f 346 398 400
f 346 400 378
f 378 400 402
f 378 402 404
f 350 352 92
f 92 352 90
f 90 352 355
f 90 355 88
f 88 355 357
f 241 330 333
f 241 333 239
f 239 333 334
f 334 238 239
f 238 334 278
f 278 334 337
f 278 337 276
f 36 340 343
f 285 281 283
f 287 289 1181
f 36 299 300
f 302 304 35
f 251 252 1188
f 266 255 265
f 265 255 256
f 265 256 263
f 263 256 260
f 260 256 258
f 182 160 163
f 182 163 164
f 182 164 166
f 182 166 180
f 180 166 168
f 180 168 179
f 168 170 179
f 179 170 176
f 172 174 170
f 170 174 176
f 1170 186 597
f 597 186 188
f 201 192 200
f 200 192 194
f 200 194 198
f 198 194 196
f 201 204 29
f 29 204 205
f 205 207 29
f 29 207 27
f 27 207 225
f 210 225 207
f 224 210 221
f 221 210 219
f 219 210 218
f 210 211 218
f 218 211 217
f 217 211 213
f 210 224 225
f 59 107 109
f 124 114 123
f 123 114 117
f 123 117 119
f 123 119 121
f 146 147 1217
f 12 15 581
f 581 15 11
f 750 72 5
f 1499 1279 1249
f 1499 1249 1501
f 2082 1265 2124
f 2124 1265 1267
f 2124 1267 2126
f 2126 1267 1269
f 2126 1269 2128
f 2128 1269 1271
f 1273 2258 1271
f 1271 2258 2256
f 1273 2260 2258
f 1275 2260 1273
f 1275 1371 2260
f 1371 1275 1373
f 1373 1275 1277
f 1373 1277 1279
f 1373 1279 1374
f 1374 1279 1499
f 1374 1499 1497
f 1283 2177 1282
f 2177 1283 2179
f 2179 1283 2181
f 2181 1283 1284
f 2181 1284 2183
f 2183 1284 1287
f 2183 1287 2185
f 2185 1287 1289
f 2185 1289 2187
f 2187 1289 1291
f 1291 1299 2187
f 2187 1299 2188
f 1299 1291 1297
f 1297 1291 1296
f 1296 1291 1282
f 1296 1282 2200
f 1296 2200 1295
f 1295 2200 2197
f 1295 2197 2195
f 1295 2195 1292
f 1292 2195 2193
f 1292 2193 1304
f 1304 2193 1301
f 1301 2193 2190
f 2188 1299 2190
f 2190 1299 1301
f 1584 1570 1557
f 1557 1570 1568
f 1557 1568 1559
f 1559 1568 1560
f 1560 1568 1565
f 1560 1565 1562
f 1557 1554 1584
f 1586 1554 1551
f 1536 1551 1552
f 1536 1552 1537
f 1537 1552 1549
f 1537 1549 1539
f 1539 1549 1547
f 1539 1547 1545
f 1545 1543 1539
f 1539 1543 1541
f 1505 1522 1508
f 1508 1522 1519
f 1508 1519 1509
f 1509 1519 1516
f 1509 1516 1511
f 1511 1516 1515
f 1511 1515 1512
f 1374 1497 1376
f 1376 1497 1495
f 1376 1495 1478
f 1478 1495 1480
f 1480 1495 1494
f 1480 1494 1492
f 1480 1492 1482
f 1482 1492 1490
f 1482 1490 1484
f 1484 1490 1486
f 1486 1490 1487
f 1476 1398 1478
f 1478 1398 1396
f 1474 1462 1476
f 1474 1463 1462
f 1463 1474 1471
f 1463 1471 1465
f 1465 1471 1467
f 1467 1471 1469
f 1476 1462 1460
f 1476 1460 1416
f 1476 1416 1398
f 1398 1416 1414
f 1416 1460 1418
f 1418 1460 1458
f 1418 1458 1433
f 1433 1458 1445
f 1456 1447 1458
f 1456 1450 1447
f 1450 1456 1454
f 1450 1454 1452
f 1458 1447 1445
f 1433 1445 1443
f 1433 1443 1434
f 1434 1443 1441
f 1439 1437 1441
f 1441 1437 1434
f 1433 1430 1418
f 1418 1430 1420
f 1420 1430 1429
f 1420 1429 1426
f 1420 1426 1421
f 1421 1426 1423
f 1398 1414 1412
f 1398 1412 1401
f 1401 1412 1411
f 1401 1411 1403
f 1403 1411 1408
f 1403 1408 1405
f 1405 1408 1406
f 1478 1396 1376
f 1376 1396 1377
f 1377 1396 1394
f 1377 1394 1380
f 1380 1394 1392
f 1380 1392 1382
f 1382 1392 1388
f 1382 1388 1384
f 1384 1388 1385
f 1385 1388 1387
f 1369 2262 1371
f 1366 1360 1369
f 1361 1366 1363
f 1363 1366 1365
f 1361 1360 1366
f 1360 2274 1369
f 1369 2274 2266
f 2266 2274 2273
f 2266 2273 2267
f 2267 2273 2270
f 2274 1360 1355
f 2274 1355 2276
f 2276 1355 2284
f 2284 1355 1347
f 1347 1355 1348
f 1348 1355 1356
f 1348 1356 1351
f 1351 1356 1354
f 1351 1354 1349
f 2284 1347 1343
f 2284 1343 2287
f 2287 1343 1336
f 2287 1336 2296
f 1336 1343 1337
f 1342 1340 1343
f 1343 1340 1337
f 2296 1336 1334
f 2296 1334 2298
f 2298 1334 1313
f 2298 1313 2300
f 2300 1313 1311
f 2300 1311 1309
f 2300 1309 1305
f 1305 1309 1306
f 1332 1324 1334
f 1334 1324 1322
f 1334 1322 1313
f 1313 1322 1314
f 1314 1322 1320
f 1314 1320 1317
f 1332 1329 1324
f 1324 1329 1326
f 1326 1329 1327
f 2287 2296 2294
f 2287 2294 2289
f 2289 2294 2293
f 2289 2293 2292
f 2276 2284 2283
f 2276 2283 2278
f 2278 2283 2282
f 1369 2266 2264
f 1369 2264 2262
f 1371 2262 2260
f 2256 2255 1271
f 1271 2255 2128
f 2128 2255 2251
f 2128 2251 2130
f 2130 2251 2148
f 2130 2148 2145
f 2148 2251 2235
f 2235 2251 2249
f 2235 2249 2236
f 2247 2239 2249
f 2249 2239 2236
f 2239 2247 2240
f 2240 2247 2243
f 2247 2245 2243
f 2148 2235 2150
f 2150 2235 2232
f 2150 2232 2213
f 2213 2232 2214
f 2214 2232 2230
f 2214 2230 2217
f 2217 2230 2228
f 2217 2228 2226
f 2217 2226 2218
f 2218 2226 2223
f 2218 2223 2219
f 2219 2223 2222
f 2150 2213 2164
f 2164 2213 2166
f 2166 2213 2211
f 2166 2211 2174
f 2174 2211 2203
f 2203 2211 2208
f 2203 2208 2205
f 2205 2208 2207
f 2174 2203 2199
f 2174 2199 2176
f 2176 2199 2200
f 2176 2200 1282
f 2176 1282 2177
f 2166 2174 2168
f 2168 2174 2172
f 2168 2172 2170
f 2150 2164 2151
f 2151 2164 2162
f 2151 2162 2159
f 2151 2159 2157
f 2151 2157 2153
f 2153 2157 2156
f 2130 2145 2132
f 2132 2145 2134
f 2134 2145 2143
f 2134 2143 2136
f 2136 2143 2141
f 2136 2141 2140
f 2136 2140 2138
f 2122 2120 2112
f 2112 2120 2114
f 2114 2120 2118
f 2114 2118 2116
f 2110 2108 2106
f 479 481 371
f 8 1 6
f 8 6 7
f 7 6 749
f 7 749 517
f 2105 2121 8
f 8 2121 2103
f 8 2103 1
f 2121 2105 2111
f 2111 2105 2107
f 2111 2107 2109
f 2121 2111 2119
f 2119 2111 2113
f 2119 2113 2117
f 2117 2113 2115
f 2103 2121 2083
f 2083 2121 2123
f 2083 2123 2081
f 2081 2123 1266
f 2125 1266 2123
f 1266 2125 1268
f 1268 2125 2127
f 1268 2127 1270
f 1270 2127 2254
f 2129 2253 2127
f 2131 2146 2129
f 2129 2146 2147
f 2129 2147 2252
f 2252 2147 2234
f 2252 2234 2250
f 2250 2234 2237
f 2250 2237 2248
f 2146 2131 2144
f 2144 2131 2133
f 2144 2133 2135
f 2144 2135 2142
f 2142 2135 2139
f 2135 2137 2139
f 2149 2233 2147
f 2152 2163 2149
f 2163 2152 2161
f 2161 2152 2160
f 2160 2152 2154
f 2160 2154 2158
f 2158 2154 2155
f 2149 2163 2212
f 2212 2163 2165
f 2212 2165 2210
f 2210 2165 2173
f 2173 2165 2167
f 2173 2167 2171
f 2171 2167 2169
f 2210 2173 2202
f 2202 2173 2201
f 2201 2173 2175
f 2201 2175 2198
f 2198 2175 1280
f 1280 2175 2178
f 1280 2178 1281
f 1281 2178 2180
f 1281 2180 1285
f 1285 2180 2182
f 1285 2182 1286
f 1286 2182 2184
f 1286 2184 1288
f 1288 2184 1290
f 1290 2184 2186
f 1290 2186 2189
f 1290 2189 1300
f 1300 2189 2191
f 1300 2191 1302
f 1302 2191 2192
f 1302 2192 1303
f 1303 2192 2194
f 1303 2194 2196
f 1303 2196 1293
f 1293 2196 2198
f 1293 2198 1294
f 1294 2198 1280
f 1294 1280 1290
f 1294 1290 1298
f 2210 2202 2209
f 2209 2202 2206
f 2202 2204 2206
f 2149 2212 2231
f 2231 2212 2215
f 2231 2215 2229
f 2229 2215 2216
f 2229 2216 2227
f 2227 2216 2225
f 2225 2216 2220
f 2225 2220 2224
f 2224 2220 2221
f 2231 2233 2149
f 2147 2233 2234
f 2248 2237 2238
f 2248 2238 2246
f 2246 2238 2241
f 2246 2241 2244
f 2241 2242 2244
f 2252 2253 2129
f 2253 2254 2127
f 1270 2254 1272
f 1272 2254 2257
f 1272 2257 1274
f 1274 2257 2259
f 1274 2259 1370
f 1370 2259 2261
f 1370 2261 2263
f 1370 2263 1368
f 2263 2265 1368
f 1368 2265 2275
f 2275 2265 2272
f 2272 2265 2271
f 2271 2265 2268
f 2271 2268 2269
f 1368 2275 1359
f 1359 2275 1358
f 1358 2275 2277
f 1358 2277 1357
f 1357 2277 2285
f 2285 2277 2280
f 2285 2280 2281
f 2281 2280 2279
f 2285 1346 1357
f 1346 2285 2286
f 2286 1345 1346
f 1345 2286 1344
f 1344 2286 1335
f 1335 2286 2295
f 2295 2286 2288
f 2295 2288 2291
f 2291 2288 2290
f 1335 2295 1333
f 1333 2295 2297
f 1333 2297 1312
f 1312 2297 2299
f 1312 2299 1310
f 1310 2299 2301
f 1310 2301 1308
f 1308 2301 1307
f 1333 1312 1321
f 1321 1312 1315
f 1321 1315 1319
f 1319 1315 1316
f 1319 1316 1318
f 1321 1323 1333
f 1333 1323 1331
f 1331 1323 1330
f 1330 1323 1325
f 1330 1325 1328
f 1344 1335 1338
f 1344 1338 1339
f 1344 1339 1341
f 1357 1346 1350
f 1357 1350 1352
f 1357 1352 1353
f 1368 1359 1367
f 1367 1359 1362
f 1367 1362 1364
f 1372 1276 1370
f 1276 1372 1278
f 1278 1372 1375
f 1278 1375 1248
f 1248 1375 1498
f 1248 1498 1500
f 1498 1375 1496
f 1496 1375 1378
f 1496 1378 1493
f 1493 1378 1477
f 1493 1477 1479
f 1493 1479 1491
f 1491 1479 1481
f 1491 1481 1489
f 1489 1481 1483
f 1489 1483 1488
f 1488 1483 1485
f 1477 1378 1395
f 1395 1378 1393
f 1393 1378 1379
f 1393 1379 1391
f 1391 1379 1381
f 1391 1381 1390
f 1390 1381 1389
f 1389 1381 1383
f 1389 1383 1386
f 1477 1395 1397
f 1477 1397 1475
f 1475 1397 1415
f 1415 1397 1399
f 1415 1399 1413
f 1413 1399 1400
f 1413 1400 1410
f 1410 1400 1402
f 1410 1402 1409
f 1409 1402 1404
f 1409 1404 1407
f 1475 1415 1459
f 1459 1415 1417
f 1459 1417 1457
f 1457 1417 1432
f 1457 1432 1446
f 1446 1432 1444
f 1444 1432 1435
f 1444 1435 1442
f 1442 1435 1438
f 1438 1435 1436
f 1419 1431 1417
f 1422 1428 1419
f 1419 1428 1431
f 1428 1422 1427
f 1427 1422 1424
f 1427 1424 1425
f 1431 1432 1417
f 1442 1438 1440
f 1446 1448 1457
f 1457 1448 1455
f 1448 1449 1455
f 1455 1449 1453
f 1453 1449 1451
f 1475 1459 1461
f 1475 1461 1473
f 1461 1464 1473
f 1473 1464 1472
f 1472 1464 1466
f 1466 1468 1472
f 1472 1468 1470
f 1248 1500 1250
f 1250 1500 1502
f 1250 1502 1633
f 1250 1633 1252
f 1252 1633 1636
f 1633 1502 1632
f 1632 1502 1504
f 1632 1504 1612
f 1632 1612 1614
f 1632 1614 1629
f 1629 1614 1616
f 1629 1616 1626
f 1626 1616 1619
f 1626 1619 1624
f 1624 1619 1621
f 1624 1621 1622
f 1506 1520 1504
f 1504 1520 1521
f 1520 1506 1507
f 1520 1507 1518
f 1518 1507 1517
f 1517 1507 1510
f 1517 1510 1514
f 1514 1510 1513
f 1504 1521 1612
f 1612 1521 1523
f 1612 1523 1611
f 1611 1523 1525
f 1611 1525 1531
f 1531 1525 1530
f 1530 1525 1527
f 1611 1531 1605
f 1605 1531 1533
f 1605 1533 1603
f 1603 1533 1534
f 1603 1534 1602
f 1602 1534 1585
f 1585 1534 1553
f 1553 1534 1550
f 1550 1534 1538
f 1550 1538 1548
f 1548 1538 1540
f 1548 1540 1546
f 1546 1540 1544
f 1544 1540 1542
f 1585 1553 1555
f 1585 1555 1583
f 1583 1555 1556
f 1583 1556 1569
f 1569 1556 1558
f 1569 1558 1567
f 1567 1558 1561
f 1567 1561 1566
f 1566 1561 1564
f 1564 1561 1563
f 1569 10 1571
f 1569 1571 1583
f 1583 1571 1573
f 1583 1573 1581
f 10 580 14
f 14 580 9
f 580 10 30
f 580 30 582
f 582 30 203
f 582 203 202
f 203 30 28
f 203 28 206
f 206 28 208
f 208 28 26
f 208 26 226
f 226 26 228
f 24 228 26
f 24 230 228
f 24 605 231
f 22 605 24
f 22 607 605
f 20 607 22
f 18 565 20
f 565 18 567
f 567 18 880
f 567 880 878
f 16 880 18
f 16 882 880
f 16 416 882
f 16 418 416
f 98 419 16
f 16 419 418
f 95 684 98
f 98 684 421
f 684 95 685
f 685 95 687
f 687 95 963
f 963 95 965
f 965 95 93
f 965 93 967
f 967 93 385
f 385 93 387
f 387 93 91
f 387 91 351
f 91 353 351
f 89 353 91
f 89 354 353
f 86 354 89
f 86 356 354
f 86 941 356
f 86 437 943
f 86 85 437
f 437 85 439
f 439 85 82
f 439 82 441
f 441 82 701
f 441 701 443
f 443 701 724
f 443 724 445
f 445 724 446
f 446 724 458
f 446 458 448
f 448 458 450
f 450 458 457
f 701 82 81
f 701 81 704
f 704 81 705
f 705 81 726
f 726 81 78
f 726 78 729
f 729 78 730
f 730 78 826
f 78 828 826
f 76 828 78
f 74 513 76
f 74 516 513
f 74 517 516
f 517 74 7
f 749 1 751
f 6 73 749
f 749 73 1
f 951 159 953
f 953 159 157
f 953 157 954
f 954 157 661
f 661 157 904
f 904 157 154
f 904 154 906
f 906 154 152
f 906 152 908
f 908 152 150
f 908 150 149
f 908 149 911
f 911 149 913
f 149 666 913
f 148 1218 149
f 149 1218 669
f 149 669 666
f 1218 148 1216
f 1216 148 145
f 1216 145 1213
f 1213 145 142
f 1213 142 140
f 138 872 140
f 136 866 138
f 134 866 136
f 866 134 869
f 869 134 133
f 869 133 870
f 870 133 140
f 140 133 1212
f 1212 133 130
f 1212 130 128
f 1212 128 1211
f 1211 128 1208
f 1208 128 126
f 1208 126 125
f 125 784 1208
f 784 125 785
f 785 125 115
f 115 125 122
f 115 122 116
f 116 122 120
f 120 118 116
f 785 115 112
f 785 112 787
f 787 112 110
f 787 110 789
f 789 110 56
f 56 110 58
f 58 110 108
f 58 108 106
f 58 106 60
f 60 106 104
f 60 104 62
f 62 104 103
f 103 101 62
f 62 101 64
f 101 951 64
f 951 101 159
f 236 1166 1168
f 236 1168 161
f 161 1168 183
f 161 183 162
f 162 183 165
f 1166 236 1164
f 1164 236 234
f 1164 234 602
f 602 234 605
f 605 234 231
f 24 231 230
f 208 226 209
f 209 226 223
f 209 223 222
f 209 222 220
f 216 209 220
f 216 212 209
f 212 216 215
f 212 215 214
f 202 193 582
f 193 202 199
f 193 199 195
f 195 199 197
f 193 190 582
f 582 190 584
f 584 190 189
f 584 189 587
f 587 189 596
f 587 596 594
f 587 594 588
f 596 189 187
f 596 187 1169
f 1169 187 1172
f 1172 187 185
f 1172 185 1168
f 1168 185 183
f 165 183 167
f 167 183 181
f 167 181 177
f 177 181 178
f 177 169 167
f 169 177 173
f 175 173 177
f 169 173 171
f 335 237 277
f 335 277 336
f 336 277 275
f 336 275 41
f 41 275 274
f 41 274 42
f 274 272 42
f 42 272 271
f 509 271 511
f 511 271 269
f 511 269 267
f 511 267 483
f 483 267 254
f 483 254 494
f 494 254 253
f 494 253 1189
f 254 267 264
f 254 264 257
f 257 264 262
f 257 262 261
f 261 259 257
f 1189 253 250
f 1189 250 248
f 1189 248 1190
f 1190 248 1186
f 1186 248 246
f 1186 246 244
f 1186 244 326
f 1186 326 324
f 1186 324 1182
f 326 244 328
f 244 242 328
f 242 331 328
f 331 242 332
f 332 242 240
f 332 240 335
f 335 240 237
f 316 578 576
f 316 576 280
f 280 576 1055
f 1055 576 574
f 1055 574 1058
f 1058 574 1177
f 1058 1177 1047
f 1047 1177 1049
f 1049 1177 288
f 1049 288 1051
f 1051 288 286
f 578 316 313
f 313 1069 578
f 578 1069 1067
f 1069 313 312
f 1069 312 1059
f 1059 312 310
f 1059 310 1061
f 1061 310 306
f 306 310 308
f 1061 306 1063
f 1063 306 303
f 1063 303 34
f 1063 34 33
f 1063 33 1066
f 1066 33 1067
f 1067 33 578
f 34 303 301
f 34 301 37
f 37 301 298
f 37 298 342
f 342 298 297
f 342 297 345
f 345 297 295
f 345 295 317
f 317 295 293
f 317 293 1017
f 317 1017 1032
f 1032 1017 1033
f 1033 1017 1014
f 1033 1014 1023
f 1023 1014 1012
f 1023 1012 1180
f 1023 1180 1184
f 1023 1184 1025
f 1025 1184 1026
f 1026 1184 320
f 1026 320 1030
f 1030 320 317
f 1030 317 1032
f 1017 293 1018
f 1018 293 292
f 1018 292 1020
f 1020 292 1180
f 292 290 1180
f 1180 290 1175
f 290 288 1175
f 1175 288 1177
f 1051 286 1053
f 282 286 284
f 286 282 1053
f 1053 282 1055
f 1055 282 280
f 342 341 37
f 37 341 39
f 39 341 338
f 39 338 336
f 39 336 41
f 1182 324 1184
f 1184 324 322
f 1184 322 320
f 347 399 397
f 399 347 379
f 399 379 401
f 401 379 403
f 403 379 376
f 403 376 1246
f 1246 376 374
f 1246 374 1245
f 1245 374 372
f 1245 372 1242
f 1242 372 370
f 369 1099 370
f 369 367 1101
f 1101 367 365
f 1101 365 1093
f 1093 365 437
f 365 362 437
f 437 362 945
f 945 362 947
f 947 362 949
f 949 362 361
f 949 361 358
f 949 358 356
f 949 356 941
f 351 392 389
f 392 351 394
f 394 351 349
f 394 349 396
f 396 349 397
f 397 349 347
f 380 920 382
f 382 920 689
f 380 922 920
f 922 380 408
f 922 408 925
f 925 408 1146
f 925 1146 1148
f 925 1148 927
f 927 1148 928
f 928 1148 696
f 928 696 695
f 1146 408 406
f 1146 406 403
f 1146 403 1246
f 389 387 351
f 385 384 967
f 967 384 969
f 969 384 972
f 972 384 382
f 972 382 689
f 972 689 974
f 974 689 687
f 974 687 963
f 410 1151 1155
f 410 1155 411
f 411 1155 413
f 413 1155 901
f 413 901 899
f 1151 410 433
f 1151 433 680
f 680 433 430
f 680 430 682
f 682 430 1124
f 1124 430 428
f 1124 428 1115
f 1115 428 1116
f 1116 428 425
f 428 426 425
f 1116 425 1118
f 1118 425 422
f 1118 422 684
f 684 422 421
f 421 419 98
f 882 416 413
f 882 413 885
f 885 413 887
f 887 413 897
f 435 480 370
f 435 370 1098
f 1098 370 1099
f 370 480 1238
f 1238 480 477
f 1238 477 1240
f 1240 477 475
f 1240 475 473
f 1240 473 1237
f 1237 473 470
f 1237 470 724
f 724 470 461
f 461 470 463
f 463 470 468
f 463 468 466
f 461 460 724
f 724 460 458
f 450 457 455
f 450 455 453
f 943 437 945
f 437 435 1093
f 1093 435 1095
f 1095 435 1098
f 271 509 44
f 44 509 507
f 44 507 47
f 47 507 505
f 505 503 47
f 47 503 655
f 655 503 1111
f 1111 503 1113
f 1113 503 1104
f 1104 503 1045
f 1104 1045 1043
f 1104 1043 630
f 630 1043 633
f 633 1043 1041
f 633 1041 635
f 635 1041 1040
f 501 1045 503
f 641 501 1192
f 1192 501 498
f 1192 498 497
f 1192 497 1193
f 1193 497 495
f 1193 495 1189
f 1189 495 494
f 483 494 490
f 483 490 485
f 485 490 487
f 487 490 489
f 829 547 832
f 832 547 544
f 832 544 834
f 834 544 737
f 737 544 1229
f 544 543 1229
f 1229 543 1228
f 1228 543 540
f 1228 540 1077
f 1077 540 1080
f 1080 540 539
f 1080 539 536
f 1080 536 1081
f 1081 536 1072
f 1072 536 534
f 1072 534 761
f 1072 761 1073
f 761 534 532
f 532 530 761
f 761 530 762
f 762 530 521
f 521 530 524
f 524 530 529
f 529 527 524
f 762 521 519
f 762 519 749
f 519 517 749
f 76 513 829
f 829 513 547
f 549 548 1159
f 1159 548 572
f 1159 572 1157
f 1157 572 570
f 1157 570 1154
f 1154 570 903
f 568 891 570
f 568 888 894
f 568 878 876
f 567 878 568
f 565 563 20
f 563 560 20
f 560 610 20
f 20 610 607
f 610 560 611
f 611 560 558
f 611 558 619
f 619 558 553
f 556 553 558
f 556 555 553
f 619 553 551
f 619 551 621
f 621 551 549
f 621 549 1159
f 1177 574 1173
f 1173 574 598
f 1173 598 596
f 588 594 592
f 588 592 590
f 580 578 9
f 9 578 33
f 1164 600 623
f 1164 623 1162
f 1162 623 621
f 1162 621 1159
f 619 617 611
f 611 617 613
f 613 617 616
f 1164 602 600
f 1108 626 655
f 1108 655 1111
f 47 655 652
f 47 652 651
f 47 651 49
f 49 651 649
f 49 649 823
f 823 649 824
f 824 649 646
f 646 809 824
f 646 934 809
f 809 934 811
f 811 934 932
f 811 932 812
f 812 932 814
f 814 932 930
f 814 930 764
f 814 764 817
f 817 764 819
f 819 764 763
f 819 763 821
f 821 763 51
f 646 937 934
f 644 1199 646
f 646 1199 937
f 937 1199 939
f 939 1199 930
f 930 1199 1200
f 930 1200 767
f 767 1200 770
f 770 1200 1203
f 770 1203 771
f 771 1203 975
f 1199 644 1198
f 1198 644 642
f 1198 642 1196
f 1196 642 1192
f 642 641 1192
f 501 641 1035
f 1035 641 1038
f 1038 641 639
f 1038 639 1040
f 1040 639 635
f 635 639 637
f 1104 630 1106
f 1106 630 629
f 1106 629 626
f 1106 626 1108
f 626 629 628
f 656 958 657
f 677 68 656
f 656 68 66
f 68 677 854
f 854 677 674
f 854 674 855
f 855 674 1000
f 1000 674 1003
f 1003 674 1004
f 1004 674 673
f 1004 673 1007
f 1007 673 844
f 670 1222 673
f 673 1222 844
f 844 1222 846
f 846 1222 848
f 848 1222 1224
f 848 1224 755
f 848 755 850
f 850 755 754
f 1222 670 1219
f 1219 670 1218
f 1218 670 669
f 913 666 914
f 914 666 665
f 914 665 916
f 916 665 663
f 916 663 917
f 917 663 661
f 917 661 904
f 954 661 957
f 957 661 657
f 957 657 958
f 1151 699 1149
f 1149 699 696
f 1149 696 1148
f 928 695 919
f 919 695 694
f 919 694 920
f 920 694 692
f 920 692 689
f 684 1120 1118
f 682 1122 684
f 684 1122 1120
f 1122 682 1124
f 1151 680 699
f 1237 724 722
f 1237 722 720
f 1237 720 1234
f 720 718 1234
f 1234 718 742
f 742 718 717
f 742 717 744
f 744 717 715
f 713 1087 715
f 715 1087 746
f 715 746 744
f 1087 713 1089
f 1089 713 711
f 1089 711 1092
f 1092 711 709
f 1092 709 1084
f 1084 709 1085
f 1085 709 746
f 1085 746 1087
f 708 746 709
f 708 726 746
f 726 708 705
f 1234 742 741
f 1234 741 1231
f 1231 741 739
f 1231 739 1229
f 739 737 1229
f 834 737 734
f 834 734 837
f 837 734 733
f 837 733 730
f 837 730 826
f 1073 761 1075
f 761 758 1075
f 1075 758 1225
f 1225 758 1224
f 1224 758 757
f 1224 757 755
f 850 754 993
f 993 754 751
f 993 751 994
f 994 751 996
f 996 751 862
f 862 751 864
f 864 751 70
f 864 70 852
f 852 70 68
f 852 68 854
f 773 51 763
f 51 773 54
f 54 773 793
f 793 773 796
f 796 773 798
f 771 1144 773
f 771 975 1136
f 767 764 930
f 792 789 56
f 1208 784 782
f 1208 782 1205
f 1205 782 779
f 1205 779 1207
f 1207 779 778
f 778 980 1207
f 980 778 982
f 982 778 1129
f 778 1133 1129
f 778 802 1133
f 776 804 778
f 804 776 807
f 807 776 792
f 807 792 54
f 54 792 56
f 54 793 807
f 804 802 778
f 1133 802 1135
f 1135 802 801
f 1135 801 983
f 798 1140 801
f 821 49 823
f 821 51 49
f 829 828 76
f 839 990 988
f 990 839 850
f 990 850 993
f 1007 844 842
f 1007 842 1008
f 1008 842 839
f 1008 839 857
f 1008 857 855
f 1008 855 999
f 999 855 1000
f 857 839 988
f 859 998 862
f 859 987 998
f 987 859 857
f 987 857 988
f 138 866 874
f 138 874 872
f 872 870 140
f 894 888 897
f 888 887 897
f 568 876 888
f 1154 903 901
f 1154 901 1155
f 899 897 413
f 568 894 893
f 568 893 891
f 570 891 903
f 943 941 86
f 951 961 64
f 64 961 958
f 64 958 66
f 66 958 656
f 1136 975 983
f 1136 983 1138
f 1138 983 1140
f 1140 983 801
f 1135 983 982
f 1135 982 1127
f 1127 982 1129
f 1207 980 978
f 1207 978 1203
f 978 975 1203
f 998 996 862
f 1011 1020 1180
f 1180 1012 1011
f 1035 1045 501
f 1228 1077 1075
f 1228 1075 1225
f 369 1101 1099
f 1136 1144 771
f 1144 1143 773
f 773 1143 798
f 798 1143 1140
f 1169 1173 596
f 1212 1213 140
f 370 1238 1242
f 10 9 1571
f 1276 1274 1370
f 2081 1266 2080
f 2080 1266 1264
f 2080 1264 2077
f 2077 1264 1262
f 2077 1262 1918
f 1918 1262 1917
f 1917 1262 1259
f 1917 1259 1914
f 1914 1259 1755
f 1755 1259 1258
f 1755 1258 1754
f 1256 1754 1258
f 1754 1256 1751
f 1751 1256 1255
f 1751 1255 1637
f 1751 1637 1750
f 1750 1637 1639
f 1750 1639 1747
f 1747 1639 1740
f 1747 1740 1742
f 1637 1255 1252
f 1637 1252 1636
f 1298 1290 1300
f 1 70 751
f 44 42 271
f 1573 1576 1581
f 1581 1576 1579
f 1579 1576 1578
f 1587 1599 1585
f 1585 1599 1602
f 1599 1587 1597
f 1597 1587 1589
f 1597 1589 1596
f 1596 1589 1591
f 1596 1591 1595
f 1595 1591 1593
f 1611 1605 1608
f 1608 1605 1606
f 1641 1646 1639
f 1641 1643 1646
f 1639 1646 1648
f 1639 1648 1740
f 1740 1648 1737
f 1737 1648 1650
f 1737 1650 1726
f 1726 1650 1659
f 1726 1659 1661
f 1659 1650 1656
f 1656 1650 1654
f 1656 1654 1655
f 1726 1661 1724
f 1724 1661 1716
f 1716 1661 1670
f 1670 1661 1668
f 1668 1661 1663
f 1668 1663 1667
f 1716 1670 1714
f 1714 1670 1672
f 1714 1672 1674
f 1714 1674 1712
f 1674 1696 1712
f 1696 1674 1686
f 1686 1674 1684
f 1684 1674 1681
f 1681 1674 1675
f 1681 1675 1677
f 1681 1677 1679
f 1696 1686 1695
f 1695 1686 1688
f 1695 1688 1689
f 1689 1694 1695
f 1712 1696 1699
f 1703 1708 1699
f 1699 1708 1709
f 1699 1709 1712
f 1708 1703 1707
f 1707 1703 1704
f 1724 1716 1723
f 1723 1716 1719
f 1723 1719 1720
f 1737 1726 1736
f 1736 1726 1729
f 1736 1729 1733
f 1733 1729 1734
f 1734 1729 1731
f 1747 1742 1745
f 1742 1743 1745
f 1914 1755 1912
f 1912 1755 1757
f 1912 1757 1853
f 1853 1757 1809
f 1853 1809 1851
f 1851 1809 1811
f 1851 1811 1823
f 1851 1823 1841
f 1841 1823 1825
f 1841 1825 1840
f 1840 1825 1828
f 1840 1828 1838
f 1838 1828 1830
f 1838 1830 1835
f 1809 1757 1807
f 1807 1757 1759
f 1807 1759 1800
f 1800 1759 1799
f 1799 1759 1797
f 1797 1759 1761
f 1797 1761 1794
f 1794 1761 1764
f 1794 1764 1790
f 1790 1764 1785
f 1764 1770 1785
f 1785 1770 1786
f 1786 1770 1771
f 1786 1771 1782
f 1782 1771 1772
f 1782 1772 1781
f 1770 1764 1766
f 1767 1770 1766
f 1781 1772 1775
f 1781 1775 1778
f 1778 1775 1776
f 1794 1790 1791
f 1807 1800 1806
f 1806 1800 1802
f 1823 1811 1821
f 1821 1811 1813
f 1821 1813 1817
f 1821 1817 1819
f 1819 1817 1818
f 1830 1828 1829
f 1833 1835 1830
f 1841 1843 1851
f 1851 1843 1849
f 1849 1843 1847
f 1847 1843 1845
f 1912 1853 1856
f 1859 1867 1856
f 1859 1865 1867
f 1865 1859 1860
f 1865 1860 1863
f 1856 1867 1910
f 1856 1910 1912
f 1910 1867 1870
f 1870 1868 1910
f 1910 1868 1908
f 1908 1868 1872
f 1908 1872 1906
f 1906 1872 1875
f 1906 1875 1879
f 1879 1875 1877
f 1906 1879 1900
f 1900 1879 1881
f 1900 1881 1898
f 1898 1881 1884
f 1898 1884 1896
f 1896 1884 1891
f 1891 1884 1889
f 1889 1884 1885
f 1889 1885 1888
f 1891 1894 1896
f 1906 1900 1902
f 1906 1902 1905
f 2077 1918 2076
f 1918 1921 2076
f 2076 1921 2074
f 2074 1921 1939
f 2074 1939 2056
f 1939 1921 1923
f 1939 1923 1938
f 1938 1923 1925
f 1938 1925 1936
f 1936 1925 1927
f 1936 1927 1934
f 1934 1927 1931
f 1927 1929 1931
f 1939 2054 2056
f 1941 2054 1939
f 1944 1949 1941
f 1949 1944 1948
f 1948 1944 1947
f 1949 2043 1941
f 1941 2043 2054
f 1949 1951 2043
f 2043 1951 2040
f 2040 1951 1953
f 2040 1953 1969
f 2040 1969 2025
f 2040 2025 2039
f 2039 2025 2027
f 2039 2027 2037
f 2037 2027 2036
f 2036 2027 2029
f 2036 2029 2034
f 1953 1954 1969
f 1954 1956 1969
f 1969 1956 1967
f 1967 1956 1959
f 1967 1959 1965
f 1961 1965 1959
f 1965 1961 1963
f 2025 1969 2023
f 2023 1969 1971
f 2023 1971 2021
f 2021 1971 1973
f 2021 1973 2013
f 2013 1973 1984
f 1984 1973 1978
f 1978 1973 1977
f 1978 1977 1980
f 2013 1984 2011
f 2011 1984 2010
f 2010 1984 1986
f 2010 1986 1994
f 1994 1986 1989
f 1994 1989 1992
f 1989 1991 1992
f 1996 2001 1994
f 1996 1998 2001
f 1994 2001 2010
f 2010 2001 2008
f 2008 2001 2004
f 2008 2004 2006
f 2006 2004 2005
f 2021 2013 2020
f 2020 2013 2015
f 2020 2015 2018
f 2029 2031 2034
f 2054 2043 2045
f 2054 2045 2052
f 2052 2045 2051
f 2051 2045 2048
f 2046 2048 2045
f 2058 2074 2056
f 2074 2058 2071
f 2071 2058 2060
f 2071 2060 2070
f 2070 2060 2062
f 2070 2062 2066
f 2066 2062 2068
f 2068 2062 2064
f 2103 2083 2101
f 2101 2083 2086
f 2101 2086 2095
f 2095 2086 2093
f 2086 2088 2093
f 2093 2088 2091
f 2091 2088 2089
f 2095 2097 2101
f 2101 2097 2099
