g groupNumber_0
v -0.4811 0.0149 0.0588
v -0.4699 0.0155 0.0914
v -0.4546 0.0162 0.1184
v -0.4363 0.0168 0.1396
v -0.4160 0.0173 0.1556
v -0.3946 0.0176 0.1673
v -0.3729 0.0177 0.1756
v 0.0167 -0.3807 0.2175
v -0.3512 0.0177 0.1814
v 0.0422 -0.3809 0.2120
v 0.0666 -0.3813 0.2011
v -0.3298 0.0174 0.1854
v 0.0895 -0.3819 0.1845
v 0.1100 -0.3827 0.1622
v -0.3091 0.0170 0.1884
v 0.1276 -0.3838 0.1340
v -0.2890 0.0163 0.1907
v 0.1416 -0.3851 0.1003
v 0.1514 -0.3867 0.0617
v -0.2696 0.0155 0.1928
v -0.2509 0.0144 0.1949
v -0.2328 0.0131 0.1973
v -0.2152 0.0116 0.2002
v -0.1982 0.0100 0.2035
v -0.1816 0.0085 0.2072
v -0.1653 0.0073 0.2113
v -0.1491 0.0064 0.2157
v -0.1704 -0.5823 0.0584
v -0.1614 -0.5830 0.0946
v -0.1331 0.0060 0.2205
v -0.1485 -0.5847 0.1265
v -0.1323 -0.5868 0.1534
v -0.1169 0.0060 0.2254
v -0.1134 -0.5892 0.1752
v -0.0924 -0.5914 0.1922
v -0.0696 -0.5933 0.2049
v -0.1005 0.0064 0.2303
v -0.0457 -0.5948 0.2135
v -0.0838 0.0069 0.2349
v -0.0209 -0.5957 0.2185
v -0.0667 0.0075 0.2389
v 0.0042 -0.5961 0.2200
v 0.0293 -0.5957 0.2180
v 0.0540 -0.5948 0.2126
v 0.0778 -0.5933 0.2034
v 0.1004 -0.5914 0.1902
v 0.1212 -0.5892 0.1725
v 0.1397 -0.5869 0.1500
v -0.1738 -0.7703 0.0294
v 0.1555 -0.5847 0.1224
v -0.1557 -0.7731 0.0372
v 0.1679 -0.5832 0.0899
v -0.1373 -0.7740 0.0390
v 0.1764 -0.5825 0.0529
v -0.1192 -0.7745 0.0389
v -0.1014 -0.7748 0.0381
v -0.0838 -0.7750 0.0372
v -0.0662 -0.7752 0.0362
v -0.0487 -0.7752 0.0354
v -0.0492 0.0079 0.2423
v -0.0312 -0.7752 0.0346
v -0.0137 -0.7752 0.0340
v -0.0314 0.0082 0.2448
v 0.0038 -0.7751 0.0336
v 0.0212 -0.7750 0.0334
v -0.0133 0.0083 0.2463
v 0.0387 -0.7749 0.0333
v 0.0562 -0.7747 0.0334
v 0.0736 -0.7744 0.0336
v 0.0911 -0.7741 0.0339
v 0.0049 0.0081 0.2468
v 0.1087 -0.7738 0.0343
v 0.1263 -0.7733 0.0345
v 0.1442 -0.7727 0.0342
v 0.1623 -0.7720 0.0332
v 0.1807 -0.7694 0.0237
v -0.1459 -0.3727 0.0363
v -0.1388 -0.3708 0.0779
v -0.1270 -0.3692 0.1147
v -0.1113 -0.3680 0.1463
v -0.0923 -0.3670 0.1720
v -0.0706 -0.3663 0.1918
v -0.0469 -0.3658 0.2058
v -0.0219 -0.3655 0.2141
v -0.1868 -0.7539 0.0366
v 0.0038 -0.3655 0.2168
v -0.1706 -0.7593 0.0559
v -0.1719 -0.5675 0.0338
v -0.1519 -0.7629 0.0652
v 0.0295 -0.3656 0.2141
v -0.1655 -0.5671 0.0731
v -0.1330 -0.7652 0.0686
v -0.1550 -0.5678 0.1082
v -0.1142 -0.7668 0.0694
v -0.1212 -0.1793 0.0509
v 0.0545 -0.3659 0.2057
v -0.0958 -0.7679 0.0691
v -0.1407 -0.5692 0.1386
v -0.1116 -0.1784 0.0977
v -0.0775 -0.7688 0.0683
v -0.1234 -0.5710 0.1639
v -0.0969 -0.1777 0.1367
v 0.0782 -0.3665 0.1917
v -0.0593 -0.7694 0.0673
v -0.1036 -0.5729 0.1843
v -0.0782 -0.1771 0.1674
v -0.0412 -0.7697 0.0664
v 0.0999 -0.3673 0.1719
v -0.0816 -0.5747 0.2000
v -0.0232 -0.7700 0.0657
v -0.0566 -0.1768 0.1896
v -0.0582 -0.5761 0.2113
v -0.0051 -0.7700 0.0652
v 0.1188 -0.3683 0.1461
v -0.0336 -0.5772 0.2186
v -0.0332 -0.1766 0.2038
v 0.0129 -0.7700 0.0649
v 0.0309 -0.7698 0.0648
v 0.1345 -0.3695 0.1146
v -0.0085 -0.5777 0.2220
v 0.0489 -0.7694 0.0649
v -0.0085 -0.1764 0.2107
v 0.0669 -0.7689 0.0653
v 0.1462 -0.3710 0.0778
v 0.0850 -0.7682 0.0657
v 0.0169 -0.5777 0.2218
v 0.1031 -0.7672 0.0661
v 0.1532 -0.3728 0.0368
v 0.1215 -0.7659 0.0661
v 0.0164 -0.1764 0.2106
v 0.0420 -0.5772 0.2179
v 0.1400 -0.7643 0.0650
v 0.1589 -0.7619 0.0616
v 0.0664 -0.5762 0.2101
v 0.0410 -0.1764 0.2035
v 0.0897 -0.5747 0.1983
v 0.1777 -0.7582 0.0512
v 0.0644 -0.1765 0.1889
v 0.1114 -0.5730 0.1820
v 0.0858 -0.1766 0.1663
v 0.1929 -0.7524 0.0289
v 0.1310 -0.5711 0.1610
v 0.1043 -0.1769 0.1352
v 0.1479 -0.5694 0.1350
v 0.1189 -0.1774 0.0957
v 0.1617 -0.5680 0.1040
v 0.1284 -0.1784 0.0489
v 0.1717 -0.5674 0.0684
v 0.1775 -0.5678 0.0299
v -0.1937 -0.7344 0.0244
v -0.1827 -0.7400 0.0562
v -0.1663 -0.7457 0.0761
v -0.1478 -0.7502 0.0873
v -0.1287 -0.7536 0.0928
v -0.1095 -0.7562 0.0952
v -0.0904 -0.7581 0.0960
v -0.0714 -0.7596 0.0959
v -0.0525 -0.7606 0.0954
v -0.0336 -0.7613 0.0949
v -0.0148 -0.7617 0.0944
v 0.0040 -0.7617 0.0940
v 0.0227 -0.7615 0.0938
v 0.0415 -0.7611 0.0938
v 0.0603 -0.7603 0.0938
v 0.0791 -0.7591 0.0938
v 0.0979 -0.7576 0.0935
v 0.1169 -0.7555 0.0925
v 0.1360 -0.7528 0.0898
v 0.1550 -0.7492 0.0839
v 0.1734 -0.7445 0.0716
v 0.1892 -0.7386 0.0491
v -0.1680 -0.5521 0.0498
v -0.1600 -0.5519 0.0876
v -0.1479 -0.5525 0.1212
v -0.1324 -0.5537 0.1501
v -0.1139 -0.5551 0.1738
v -0.0931 -0.5565 0.1927
v -0.0704 -0.5579 0.2068
v -0.0463 -0.5589 0.2166
v -0.0213 -0.5596 0.2222
v 0.0042 -0.5598 0.2240
v 0.0296 -0.5596 0.2218
v 0.0545 -0.5590 0.2157
v -0.1417 -0.3569 0.0532
v -0.1893 -0.7202 0.0406
v -0.1326 -0.3552 0.0930
v 0.0785 -0.5580 0.2054
v -0.1192 -0.3537 0.1279
v -0.1776 -0.7255 0.0717
v -0.1019 -0.3525 0.1572
v -0.1614 -0.7313 0.0925
v 0.1010 -0.5567 0.1907
v -0.0816 -0.3516 0.1805
v -0.0589 -0.3510 0.1978
v 0.1216 -0.5552 0.1713
v -0.1431 -0.7363 0.1054
v -0.1239 -0.7404 0.1129
v -0.0345 -0.3506 0.2092
v 0.1397 -0.5538 0.1470
v -0.1043 -0.7437 0.1169
v -0.0091 -0.3504 0.2148
v -0.0846 -0.7462 0.1190
v 0.1548 -0.5527 0.1176
v -0.0649 -0.7481 0.1199
v -0.0452 -0.7495 0.1201
v 0.1664 -0.5521 0.0834
v 0.0167 -0.3505 0.2148
v -0.0255 -0.7503 0.1201
v -0.0058 -0.7507 0.1199
v 0.1739 -0.5524 0.0452
v 0.0421 -0.3507 0.2091
v 0.0139 -0.7507 0.1196
v 0.0335 -0.7502 0.1193
v 0.0531 -0.7492 0.1189
v 0.0665 -0.3512 0.1977
v 0.0728 -0.7478 0.1182
v -0.1166 -0.1641 0.0768
v 0.0892 -0.3519 0.1805
v 0.0924 -0.7458 0.1169
v -0.1041 -0.1636 0.1206
v 0.1119 -0.7432 0.1145
v 0.1095 -0.3528 0.1572
v -0.0871 -0.1631 0.1559
v 0.1314 -0.7398 0.1100
v -0.0669 -0.1629 0.1821
v 0.1267 -0.3540 0.1280
v 0.1504 -0.7355 0.1020
v -0.0444 -0.1627 0.1999
v 0.1401 -0.3554 0.0932
v -0.0205 -0.1626 0.2101
v 0.1685 -0.7302 0.0880
v 0.1492 -0.3571 0.0536
v 0.1841 -0.7243 0.0652
v 0.0040 -0.1626 0.2133
v 0.1946 -0.7191 0.0305
v 0.0286 -0.1627 0.2098
v 0.0523 -0.1627 0.1992
v 0.0746 -0.1628 0.1809
v 0.0944 -0.1628 0.1540
v 0.1110 -0.1629 0.1177
v 0.1230 -0.1633 0.0726
v -0.1845 -0.7058 0.0550
v -0.1721 -0.7110 0.0853
v -0.1560 -0.7167 0.1066
v -0.1378 -0.7219 0.1208
v -0.1184 -0.7263 0.1299
v -0.0984 -0.7299 0.1355
v -0.0781 -0.7328 0.1388
v -0.0577 -0.7349 0.1407
v -0.0371 -0.7364 0.1416
v -0.0165 -0.7372 0.1420
v -0.1687 -0.5378 0.0257
v 0.0041 -0.7375 0.1419
v -0.1634 -0.5367 0.0650
v -0.1537 -0.5366 0.1016
v 0.0247 -0.7371 0.1415
v 0.0452 -0.7362 0.1407
v -0.1402 -0.5370 0.1338
v 0.0657 -0.7347 0.1393
v -0.1320 -0.2824 0.0518
v -0.1234 -0.5379 0.1609
v 0.0861 -0.7324 0.1370
v -0.1227 -0.2806 0.0927
v 0.1062 -0.7295 0.1333
v -0.1039 -0.5390 0.1830
v -0.1087 -0.2793 0.1284
v 0.1260 -0.7257 0.1272
v -0.0822 -0.5401 0.2001
v -0.0909 -0.2782 0.1578
v -0.0587 -0.5410 0.2126
v 0.1452 -0.7211 0.1175
v -0.0699 -0.2774 0.1807
v -0.0340 -0.5417 0.2206
v -0.0467 -0.2768 0.1970
v 0.1631 -0.7158 0.1023
v -0.0087 -0.5421 0.2245
v -0.0218 -0.2765 0.2066
v 0.1787 -0.7100 0.0794
v 0.0169 -0.5421 0.2243
v 0.0038 -0.2764 0.2099
v 0.1901 -0.7048 0.0467
v 0.0423 -0.5418 0.2200
v 0.0294 -0.2765 0.2067
v 0.0668 -0.5411 0.2115
v 0.0543 -0.2768 0.1972
v 0.0901 -0.5402 0.1985
v -0.4557 -0.1572 0.0243
v 0.0776 -0.2774 0.1811
v 0.1117 -0.5392 0.1809
v 0.0986 -0.2782 0.1585
v 0.1309 -0.5381 0.1583
v 0.1165 -0.2793 0.1294
v 0.1474 -0.5373 0.1306
v 0.1306 -0.2807 0.0941
v 0.1605 -0.5368 0.0980
v 0.1401 -0.2824 0.0534
v 0.1696 -0.5370 0.0612
v -0.1428 -0.3432 0.0277
v -0.1367 -0.3413 0.0692
v -0.1257 -0.3396 0.1074
v -0.1106 -0.3383 0.1402
v -0.1877 -0.6882 0.0308
v -0.0919 -0.3372 0.1671
v -0.1794 -0.6914 0.0686
v -0.0704 -0.3364 0.1879
v -0.1664 -0.6965 0.0979
v -0.0469 -0.3358 0.2026
v -0.1502 -0.7019 0.1194
v -0.0219 -0.3355 0.2113
v -0.1318 -0.7071 0.1345
v 0.0038 -0.3354 0.2142
v -0.1121 -0.7115 0.1448
v 0.0295 -0.3356 0.2113
v -0.0917 -0.7152 0.1516
v 0.0544 -0.3360 0.2026
v -0.0707 -0.7181 0.1560
v -0.0495 -0.7202 0.1586
v 0.0780 -0.3366 0.1880
v -0.0281 -0.7216 0.1601
v -0.1203 -0.1496 0.0542
v 0.0995 -0.3374 0.1673
v -0.0066 -0.7223 0.1606
v 0.0149 -0.7223 0.1604
v -0.1102 -0.1492 0.1037
v 0.0363 -0.7215 0.1594
v 0.1181 -0.3385 0.1406
v 0.0577 -0.7200 0.1575
v -0.0950 -0.1490 0.1440
v 0.0788 -0.7178 0.1544
v 0.1333 -0.3399 0.1079
v 0.0996 -0.7148 0.1496
v -0.0762 -0.1489 0.1742
v 0.1442 -0.3415 0.0700
v 0.1199 -0.7110 0.1422
v -0.0549 -0.1489 0.1954
v 0.1504 -0.3433 0.0287
v 0.1393 -0.7064 0.1313
v -0.0319 -0.1489 0.2086
v 0.1573 -0.7012 0.1152
v -0.0080 -0.1489 0.2148
v 0.1731 -0.6957 0.0925
v 0.1853 -0.6907 0.0617
v 0.0162 -0.1490 0.2146
v 0.0401 -0.1491 0.2079
v 0.0628 -0.1492 0.1942
v 0.0837 -0.1492 0.1723
v 0.1019 -0.1492 0.1409
v 0.1163 -0.1491 0.0985
v 0.1255 -0.1492 0.0467
v -0.1653 -0.5222 0.0405
v -0.1582 -0.5213 0.0799
v -0.1469 -0.5211 0.1152
v -0.1320 -0.5215 0.1457
v -0.1139 -0.5221 0.1710
v -0.0934 -0.5229 0.1913
v -0.0708 -0.5236 0.2066
v -0.0466 -0.5242 0.2173
v -0.0215 -0.5247 0.2235
v 0.0041 -0.5248 0.2254
v 0.0297 -0.5247 0.2231
v 0.0548 -0.5244 0.2164
v 0.0788 -0.5238 0.2053
v 0.1012 -0.5231 0.1895
v 0.1216 -0.5223 0.1688
v -0.1835 -0.6736 0.0464
v -0.1740 -0.6770 0.0818
v 0.1393 -0.5217 0.1429
v -0.1604 -0.6818 0.1100
v 0.1538 -0.5214 0.1120
v -0.1438 -0.6870 0.1314
v -0.1251 -0.6918 0.1470
v 0.1647 -0.5216 0.0764
v 0.1713 -0.5225 0.0372
v -0.1050 -0.6961 0.1581
v -0.0840 -0.6996 0.1658
v -0.0624 -0.7024 0.1708
v -0.0404 -0.7044 0.1740
v -0.0181 -0.7055 0.1756
v 0.0042 -0.7059 0.1760
v 0.0265 -0.7055 0.1752
v 0.0487 -0.7042 0.1731
v 0.0706 -0.7022 0.1695
v 0.0921 -0.6993 0.1639
v 0.1129 -0.6957 0.1557
v 0.1327 -0.6913 0.1439
v 0.1511 -0.6864 0.1274
v 0.1672 -0.6812 0.1049
v 0.1801 -0.6765 0.0754
v 0.1886 -0.6735 0.0391
v -0.4704 -0.1440 0.0394
v -0.1269 -0.2668 0.0688
v -0.4501 -0.1475 0.0505
v -0.1156 -0.2652 0.1080
v -0.0998 -0.2641 0.1415
v -0.4298 -0.1480 0.0482
v -0.4107 -0.1472 0.0418
v -0.0805 -0.2632 0.1684
v -0.0584 -0.2625 0.1885
v -0.3927 -0.1454 0.0350
v -0.0343 -0.2620 0.2018
v -0.3752 -0.1432 0.0270
v -0.0090 -0.2618 0.2083
v 0.0167 -0.2618 0.2084
v 0.0420 -0.2620 0.2019
v 0.0661 -0.2624 0.1888
v -0.1391 -0.3275 0.0434
v 0.0882 -0.2631 0.1689
v -0.1309 -0.3256 0.0848
v 0.1076 -0.2640 0.1424
v -0.1181 -0.3241 0.1212
v 0.1235 -0.2653 0.1094
v -0.1013 -0.3229 0.1517
v 0.1350 -0.2668 0.0707
v -0.0813 -0.3219 0.1761
v -0.0588 -0.3212 0.1943
v 0.1413 -0.2686 0.0284
v -0.0345 -0.3208 0.2063
v -0.0091 -0.3206 0.2122
v 0.0167 -0.3206 0.2122
v 0.0421 -0.3209 0.2063
v 0.0664 -0.3214 0.1944
v -0.1789 -0.6591 0.0610
v 0.0889 -0.3221 0.1764
v -0.1683 -0.6625 0.0944
v -0.1610 -0.5067 0.0566
v -0.1540 -0.6670 0.1217
v 0.1089 -0.3231 0.1522
v -0.1522 -0.5059 0.0946
v -0.1394 -0.5056 0.1282
v -0.1368 -0.6717 0.1428
v 0.1257 -0.3243 0.1219
v -0.1231 -0.5058 0.1569
v -0.1150 -0.1347 0.0858
v -0.1177 -0.6762 0.1586
v 0.1385 -0.3258 0.0858
v -0.1039 -0.5062 0.1803
v -0.1015 -0.1348 0.1325
v -0.0823 -0.5067 0.1986
v -0.0970 -0.6802 0.1702
v 0.1467 -0.3276 0.0452
v -0.0843 -0.1349 0.1668
v -0.0754 -0.6834 0.1783
v -0.0589 -0.5072 0.2120
v -0.0531 -0.6859 0.1837
v -0.0342 -0.5076 0.2208
v -0.0643 -0.1350 0.1908
v -0.0303 -0.6875 0.1869
v -0.0073 -0.6883 0.1883
v -0.0088 -0.5078 0.2250
v -0.0424 -0.1351 0.2066
v 0.0157 -0.6883 0.1881
v 0.0169 -0.5078 0.2248
v -0.0193 -0.1353 0.2154
v 0.0387 -0.6874 0.1862
v 0.0614 -0.6857 0.1825
v 0.0424 -0.5077 0.2202
v 0.0836 -0.6832 0.1766
v 0.0670 -0.5073 0.2111
v 0.1050 -0.6799 0.1679
v 0.0043 -0.1355 0.2181
v 0.1254 -0.6758 0.1557
v 0.0902 -0.5069 0.1972
v 0.0279 -0.1357 0.2149
v 0.1443 -0.6713 0.1391
v 0.1116 -0.5064 0.1785
v 0.0508 -0.1359 0.2055
v 0.1610 -0.6665 0.1170
v 0.1306 -0.5061 0.1545
v 0.0723 -0.1360 0.1890
v 0.1747 -0.6621 0.0886
v 0.1465 -0.5059 0.1254
v 0.0917 -0.1360 0.1640
v 0.1845 -0.6589 0.0541
v 0.1590 -0.5062 0.0913
v 0.1081 -0.1358 0.1278
v 0.1675 -0.5070 0.0529
v 0.1203 -0.1353 0.0770
v -0.1812 -0.6429 0.0373
v -0.1738 -0.6445 0.0746
v -0.1622 -0.6478 0.1068
v 0.3826 -0.1442 0.0293
v -0.1470 -0.6519 0.1331
v 0.4003 -0.1464 0.0362
v -0.1293 -0.6562 0.1538
v 0.4188 -0.1479 0.0433
v -0.1095 -0.6602 0.1695
v 0.4385 -0.1485 0.0474
v -0.0882 -0.6638 0.1811
v 0.4587 -0.1468 0.0435
v -0.0659 -0.6666 0.1893
v -0.0429 -0.6687 0.1946
v -0.0194 -0.6699 0.1976
v 0.4765 -0.1414 0.0297
v 0.0042 -0.6703 0.1984
v 0.0279 -0.6698 0.1971
v 0.0513 -0.6686 0.1936
v -0.1623 -0.4926 0.0321
v -0.1561 -0.4912 0.0722
v 0.0742 -0.6664 0.1878
v -0.4812 -0.1249 0.0386
v -0.1456 -0.4904 0.1087
v 0.0963 -0.6635 0.1791
v -0.1312 -0.4901 0.1405
v 0.1174 -0.6600 0.1668
v -0.4649 -0.1312 0.0616
v -0.1137 -0.4901 0.1672
v 0.1368 -0.6559 0.1503
v -0.0934 -0.4902 0.1887
v 0.1542 -0.6516 0.1288
v -0.0709 -0.4905 0.2050
v -0.0468 -0.4908 0.2164
v 0.1688 -0.6475 0.1015
v -0.0216 -0.4910 0.2231
v 0.1798 -0.6443 0.0683
v 0.1863 -0.6430 0.0307
v 0.0041 -0.4911 0.2252
v 0.0297 -0.4911 0.2227
v -0.1345 -0.3118 0.0605
v 0.0548 -0.4909 0.2157
v -0.1243 -0.3101 0.1000
v 0.0788 -0.4907 0.2039
v -0.1097 -0.3087 0.1342
v -0.0914 -0.3076 0.1623
v 0.1011 -0.4905 0.1872
v -0.0702 -0.3068 0.1841
v -0.0468 -0.3062 0.1996
v 0.1212 -0.4904 0.1653
v 0.0231 0.0078 0.2461
v -0.0219 -0.3059 0.2087
v 0.1386 -0.4904 0.1382
v 0.0038 -0.3058 0.2118
v 0.1526 -0.4907 0.1059
v 0.0411 0.0073 0.2444
v 0.0294 -0.3059 0.2088
v 0.1628 -0.4915 0.0688
v 0.0544 -0.3063 0.1997
v 0.0589 0.0067 0.2416
v 0.0778 -0.3069 0.1844
v 0.1686 -0.4928 0.0278
v 0.0991 -0.3078 0.1628
v 0.0763 0.0062 0.2381
v 0.1173 -0.3089 0.1349
v 0.1320 -0.3103 0.1010
v 0.0932 0.0057 0.2338
v 0.1422 -0.3119 0.0619
v 0.1097 0.0055 0.2292
v 0.1258 0.0056 0.2243
v 0.1416 0.0061 0.2195
v 0.1573 0.0070 0.2149
v 0.1731 0.0083 0.2106
v -0.0800 -0.2342 0.1658
v -0.1772 -0.6279 0.0519
v -0.0581 -0.2336 0.1870
v -0.1683 -0.6298 0.0880
v -0.0341 -0.2332 0.2008
v 0.1892 0.0097 0.2066
v -0.1556 -0.6329 0.1189
v -0.0089 -0.2329 0.2077
v -0.1396 -0.6366 0.1442
v -0.1210 -0.6404 0.1643
v 0.2057 0.0113 0.2030
v 0.0166 -0.2329 0.2077
v -0.1005 -0.6439 0.1796
v 0.0418 -0.2330 0.2009
v -0.0786 -0.6469 0.1909
v 0.2228 0.0127 0.1998
v 0.0658 -0.2333 0.1871
v -0.0556 -0.6493 0.1988
v -0.0319 -0.6509 0.2037
v 0.0878 -0.2339 0.1662
v -0.0079 -0.6517 0.2059
v 0.1068 -0.2347 0.1383
v 0.2405 0.0140 0.1971
v 0.0163 -0.6517 0.2057
v 0.0404 -0.6508 0.2030
v 0.1222 -0.2358 0.1036
v 0.2588 0.0150 0.1948
v 0.0639 -0.6492 0.1976
v 0.1329 -0.2373 0.0633
v 0.0868 -0.6468 0.1891
v 0.2778 0.0159 0.1927
v 0.1085 -0.6437 0.1772
v 0.1287 -0.6402 0.1612
v 0.2975 0.0165 0.1905
v 0.1469 -0.6364 0.1403
v 0.1624 -0.6327 0.1141
v 0.3179 0.0170 0.1879
v 0.1746 -0.6297 0.0823
v 0.3390 0.0173 0.1845
v 0.1827 -0.6280 0.0452
v 0.3605 0.0175 0.1798
v 0.3824 0.0174 0.1730
v -0.1584 -0.4769 0.0481
v 0.4041 0.0173 0.1633
v -0.1504 -0.4757 0.0872
v -0.1383 -0.4749 0.1221
v -0.1225 -0.4744 0.1520
v 0.4251 0.0169 0.1499
v -0.1037 -0.4743 0.1767
v -0.0823 -0.4743 0.1961
v 0.4447 0.0164 0.1317
v -0.0590 -0.4744 0.2103
v -0.0344 -0.4746 0.2196
v 0.4618 0.0158 0.1079
v -0.0089 -0.4747 0.2241
v 0.4756 0.0152 0.0783
v 0.0169 -0.4747 0.2239
v 0.4847 0.0147 0.0436
v 0.0424 -0.4747 0.2191
v 0.0670 -0.4746 0.2095
v 0.0901 -0.4746 0.1949
v 0.1113 -0.4746 0.1752
v -0.4848 0.0300 0.0407
v 0.1300 -0.4748 0.1501
v -0.4758 0.0314 0.0759
v 0.1455 -0.4752 0.1197
v -0.4622 0.0331 0.1055
v 0.1573 -0.4760 0.0844
v 0.1650 -0.4772 0.0447
v -0.4451 0.0349 0.1290
v -0.4255 0.0365 0.1468
v -0.4046 0.0377 0.1597
v -0.3830 0.0385 0.1690
v -0.3613 0.0389 0.1754
v -0.1362 -0.2980 0.0344
v -0.1785 -0.6127 0.0269
v -0.1290 -0.2962 0.0768
v -0.1725 -0.6130 0.0663
v -0.1169 -0.2946 0.1145
v -0.1623 -0.6149 0.1011
v -0.1006 -0.2934 0.1464
v -0.3399 0.0391 0.1798
v -0.1484 -0.6178 0.1307
v -0.0810 -0.2924 0.1720
v -0.1315 -0.6210 0.1550
v -0.0586 -0.2917 0.1911
v -0.1121 -0.6243 0.1743
v -0.0344 -0.2913 0.2037
v -0.0909 -0.6273 0.1890
v -0.0091 -0.2910 0.2100
v -0.3190 0.0389 0.1829
v -0.0682 -0.6298 0.1997
v 0.0167 -0.2911 0.2100
v -0.0446 -0.6316 0.2069
v -0.0203 -0.6328 0.2109
v 0.0420 -0.2913 0.2038
v 0.0042 -0.6332 0.2121
v 0.0663 -0.2918 0.1913
v 0.0288 -0.6328 0.2105
v 0.0886 -0.2925 0.1725
v 0.0530 -0.6316 0.2059
v 0.1083 -0.2935 0.1472
v 0.0765 -0.6297 0.1981
v 0.1246 -0.2948 0.1156
v 0.0990 -0.6272 0.1868
v 0.1369 -0.2963 0.0781
v 0.1199 -0.6242 0.1715
v 0.1443 -0.2981 0.0355
v 0.1389 -0.6209 0.1515
v 0.1554 -0.6177 0.1264
v 0.1688 -0.6149 0.0960
v 0.1783 -0.6131 0.0607
v -0.1538 -0.4613 0.0641
v -0.1441 -0.4601 0.1017
v -0.1303 -0.4593 0.1348
v -0.1132 -0.4588 0.1627
v -0.0932 -0.4585 0.1852
v -0.0709 -0.4584 0.2024
v -0.0469 -0.4584 0.2145
v -0.0217 -0.4585 0.2216
v 0.0040 -0.4585 0.2239
v 0.0297 -0.4585 0.2213
v 0.0548 -0.4586 0.2139
v 0.0787 -0.4587 0.2016
v 0.1009 -0.4588 0.1840
v -0.1224 -0.2084 0.0519
v 0.1208 -0.4591 0.1612
v -0.1127 -0.2072 0.0974
v 0.1377 -0.4596 0.1329
v -0.0979 -0.2063 0.1352
v 0.1512 -0.4604 0.0994
v -0.0792 -0.2056 0.1651
v -0.0576 -0.2050 0.1871
v 0.1606 -0.4616 0.0614
v -0.1748 -0.5975 0.0427
v -0.0338 -0.2047 0.2014
v -0.1673 -0.5981 0.0806
v -0.1557 -0.5999 0.1140
v -0.0088 -0.2044 0.2084
v -0.1406 -0.6024 0.1423
v -0.1228 -0.6052 0.1654
v 0.0166 -0.2044 0.2083
v -0.1026 -0.6080 0.1836
v 0.0415 -0.2044 0.2012
v -0.0806 -0.6104 0.1974
v 0.0653 -0.2046 0.1868
v -0.0572 -0.6124 0.2072
v -0.0330 -0.6138 0.2135
v 0.0870 -0.2050 0.1649
v -0.0082 -0.6145 0.2164
v 0.1058 -0.2056 0.1353
v 0.0167 -0.6144 0.2161
v 0.1208 -0.2065 0.0984
v 0.0414 -0.6137 0.2127
v 0.1309 -0.2078 0.0550
v 0.0655 -0.6123 0.2060
v 0.0887 -0.6104 0.1956
v 0.1105 -0.6079 0.1812
v 0.1304 -0.6052 0.1623
v -0.1514 -0.4317 0.0550
v 0.1479 -0.6024 0.1384
v -0.1425 -0.4301 0.0940
v -0.1294 -0.4290 0.1284
v 0.1624 -0.5999 0.1094
v -0.1127 -0.4281 0.1576
v 0.1735 -0.5982 0.0753
v -0.0930 -0.4275 0.1812
v 0.1803 -0.5977 0.0367
v -0.0708 -0.4272 0.1993
v -0.0469 -0.4269 0.2120
v -0.0218 -0.4268 0.2195
v 0.0039 -0.4268 0.2219
v 0.0296 -0.4269 0.2192
v 0.0547 -0.4271 0.2115
v 0.0786 -0.4274 0.1986
v 0.1006 -0.4278 0.1803
v 0.1202 -0.4285 0.1565
v 0.1367 -0.4293 0.1271
v 0.1497 -0.4305 0.0923
v 0.1584 -0.4319 0.0530
v -0.1556 -0.4474 0.0392
v -0.1485 -0.4457 0.0793
v -0.1370 -0.4445 0.1154
v -0.1218 -0.4437 0.1466
v -0.1033 -0.4432 0.1724
v -0.0822 -0.4428 0.1928
v -0.0591 -0.4426 0.2078
v -0.0344 -0.4426 0.2176
v -0.0089 -0.4426 0.2224
v 0.0168 -0.4426 0.2223
v 0.0423 -0.4427 0.2172
v 0.0669 -0.4428 0.2071
v 0.0900 -0.4431 0.1919
v 0.1110 -0.4435 0.1712
v 0.1293 -0.4441 0.1451
v 0.1443 -0.4449 0.1136
v 0.1555 -0.4460 0.0771
v 0.1624 -0.4476 0.0363
v -0.1175 -0.1934 0.0750
v -0.1053 -0.1924 0.1172
v -0.0885 -0.1916 0.1516
v -0.0683 -0.1911 0.1779
v -0.0455 -0.1907 0.1961
v -0.0212 -0.1905 0.2067
v 0.0039 -0.1903 0.2102
v 0.0290 -0.1903 0.2066
v 0.0533 -0.1904 0.1957
v 0.0760 -0.1906 0.1773
v -0.1526 -0.4178 0.0287
v 0.0962 -0.1909 0.1510
v -0.1465 -0.4160 0.0706
v -0.1357 -0.4146 0.1082
v 0.1131 -0.1915 0.1166
v -0.1210 -0.4134 0.1407
v 0.1255 -0.1924 0.0749
v -0.1029 -0.4126 0.1676
v 0.1324 -0.1939 0.0268
v -0.0821 -0.4120 0.1889
v -0.0591 -0.4116 0.2047
v -0.1488 -0.4021 0.0457
v -0.0345 -0.4114 0.2150
v -0.1407 -0.4004 0.0861
v -0.0090 -0.4113 0.2201
v -0.1283 -0.3990 0.1217
v -0.1120 -0.3979 0.1521
v 0.0168 -0.4113 0.2200
v -0.0927 -0.3971 0.1767
v 0.0423 -0.4115 0.2148
v -0.0707 -0.3965 0.1957
v 0.0668 -0.4118 0.2043
v -0.0469 -0.3961 0.2090
v 0.0897 -0.4123 0.1884
v -0.0218 -0.3959 0.2169
v 0.1105 -0.4129 0.1669
v 0.0039 -0.3959 0.2195
v 0.1285 -0.4138 0.1397
v 0.0296 -0.3960 0.2168
v 0.1430 -0.4149 0.1070
v 0.1536 -0.4163 0.0692
v 0.0546 -0.3963 0.2087
v 0.1596 -0.4180 0.0271
v 0.0784 -0.3967 0.1953
v -0.1259 -0.0963 0.0890
v 0.1002 -0.3974 0.1762
v -0.1137 -0.0949 0.1329
v 0.1195 -0.3982 0.1514
v -0.1007 -0.0946 0.1644
v 0.1357 -0.3993 0.1210
v -0.0852 -0.0945 0.1871
v -0.0674 -0.0944 0.2040
v 0.1480 -0.4007 0.0851
v -0.0480 -0.0944 0.2160
v 0.1559 -0.4023 0.0446
v -0.0273 -0.0946 0.2237
v -0.0059 -0.0949 0.2273
v 0.0158 -0.0953 0.2270
v 0.0371 -0.0959 0.2226
v 0.3043 -0.1292 0.0296
v 0.0578 -0.0966 0.2140
v 0.3213 -0.1316 0.0366
v 0.0772 -0.0973 0.2008
v 0.3386 -0.1338 0.0437
v 0.0949 -0.0981 0.1823
v 0.3563 -0.1357 0.0512
v 0.1106 -0.0987 0.1576
v 0.3745 -0.1371 0.0582
v 0.1892 -0.0671 0.1586
v 0.3932 -0.1381 0.0643
v 0.1240 -0.0987 0.1255
v 0.4126 -0.1384 0.0692
v 0.2056 -0.0676 0.1574
v 0.4329 -0.1375 0.0711
v 0.1364 -0.0984 0.0856
v 0.2225 -0.0679 0.1574
v 0.4535 -0.1348 0.0665
v 0.2399 -0.0679 0.1583
v 0.1508 -0.0988 0.0568
v 0.4725 -0.1296 0.0523
v 0.2579 -0.0679 0.1594
v 0.4856 -0.1228 0.0253
v 0.2764 -0.0677 0.1607
v 0.1664 -0.1006 0.0505
v 0.2956 -0.0674 0.1617
v -0.4760 -0.1117 0.0574
v 0.1826 -0.1031 0.0537
v -0.4590 -0.1178 0.0790
v 0.3154 -0.0670 0.1622
v -0.4390 -0.1223 0.0898
v 0.3358 -0.0664 0.1619
v 0.1993 -0.1051 0.0594
v -0.4183 -0.1252 0.0929
v 0.3568 -0.0656 0.1603
v -0.3979 -0.1267 0.0915
v 0.2160 -0.1069 0.0655
v 0.3782 -0.0643 0.1569
v -0.3780 -0.1272 0.0876
v 0.3997 -0.0625 0.1509
v -0.3588 -0.1269 0.0825
v 0.2330 -0.1086 0.0715
v -0.3402 -0.1261 0.0765
v 0.4210 -0.0602 0.1413
v 0.2501 -0.1102 0.0774
v -0.3221 -0.1249 0.0702
v 0.4411 -0.0572 0.1268
v -0.3044 -0.1234 0.0635
v 0.2674 -0.1115 0.0833
v -0.2870 -0.1216 0.0567
v 0.4593 -0.0536 0.1062
v 0.2850 -0.1127 0.0891
v -0.2698 -0.1197 0.0496
v 0.4741 -0.0500 0.0787
v 0.3030 -0.1137 0.0945
v 0.4842 -0.0469 0.0446
v -0.2529 -0.1175 0.0424
v 0.3214 -0.1145 0.0995
v -0.2362 -0.1151 0.0349
v 0.3403 -0.1149 0.1040
v -0.2195 -0.1130 0.0284
v 0.3597 -0.1150 0.1078
v 0.3798 -0.1145 0.1104
v -0.4847 -0.0313 0.0401
v -0.4754 -0.0333 0.0757
v 0.4004 -0.1133 0.1111
v -0.4615 -0.0359 0.1049
v 0.4212 -0.1110 0.1087
v -0.4441 -0.0384 0.1277
v -0.4243 -0.0408 0.1446
v 0.4419 -0.1074 0.1012
v -0.4033 -0.0427 0.1565
v 0.4612 -0.1025 0.0864
v -0.3817 -0.0443 0.1645
v 0.4770 -0.0965 0.0617
v 0.4867 -0.0914 0.0257
v -0.3601 -0.0454 0.1697
v -0.1105 -0.1068 0.1215
v -0.3388 -0.0464 0.1728
v -0.0964 -0.1073 0.1597
v -0.4786 -0.0795 0.0597
v -0.3180 -0.0471 0.1745
v -0.1441 -0.3865 0.0624
v -0.4646 -0.0846 0.0885
v -0.0794 -0.1076 0.1856
v -0.1342 -0.3848 0.1008
v -0.4466 -0.0895 0.1082
v -0.2979 -0.0477 0.1753
v -0.1201 -0.3835 0.1344
v -0.0602 -0.1078 0.2036
v -0.4265 -0.0936 0.1203
v -0.1025 -0.3824 0.1625
v -0.2785 -0.0483 0.1755
v -0.0394 -0.1080 0.2155
v -0.0819 -0.3816 0.1848
v -0.4056 -0.0967 0.1268
v -0.0176 -0.1082 0.2223
v -0.2597 -0.0488 0.1755
v -0.0590 -0.3811 0.2013
v -0.0345 -0.3808 0.2121
v -0.3845 -0.0987 0.1293
v 0.0047 -0.1086 0.2243
v -0.2415 -0.0493 0.1755
v -0.0091 -0.3806 0.2175
v -0.3638 -0.1000 0.1293
v -0.3436 -0.1006 0.1277
v -0.2238 -0.0498 0.1758
v 0.0270 -0.1090 0.2216
v -0.3239 -0.1008 0.1250
v -0.2065 -0.0501 0.1766
v 0.0487 -0.1095 0.2140
v -0.3049 -0.1007 0.1217
v 0.0693 -0.1100 0.2012
v -0.1896 -0.0502 0.1783
v -0.2864 -0.1003 0.1178
v 0.0882 -0.1104 0.1819
v -0.2684 -0.0997 0.1138
v -0.1730 -0.0498 0.1813
v -0.1487 -0.0305 0.2025
v -0.2508 -0.0990 0.1096
v 0.1049 -0.1107 0.1546
v -0.1567 -0.0488 0.1861
v -0.1328 -0.0295 0.2083
v -0.2336 -0.0983 0.1056
v -0.1408 -0.0472 0.1927
v 0.1186 -0.1103 0.1156
v -0.1169 -0.0281 0.2148
v -0.1009 -0.0266 0.2213
v -0.2166 -0.0975 0.1022
v -0.1250 -0.0453 0.2007
v -0.0845 -0.0253 0.2275
v -0.0676 -0.0243 0.2330
v -0.1997 -0.0967 0.0998
v -0.1094 -0.0432 0.2092
v -0.0501 -0.0236 0.2376
v -0.0935 -0.0414 0.2175
v -0.1828 -0.0956 0.0988
v -0.0320 -0.0231 0.2409
v -0.0771 -0.0400 0.2249
v -0.0135 -0.0231 0.2430
v -0.1660 -0.0941 0.1003
v -0.0599 -0.0390 0.2311
v 0.0052 -0.0233 0.2435
v -0.1495 -0.0918 0.1069
v -0.0419 -0.0384 0.2360
v -0.0233 -0.0381 0.2393
v 0.0240 -0.0237 0.2426
v -0.1336 -0.0885 0.1227
v -0.0043 -0.0382 0.2408
v -0.1191 -0.0852 0.1488
v 0.0425 -0.0244 0.2402
v -0.1053 -0.0831 0.1727
v 0.0149 -0.0386 0.2406
v -0.0905 -0.0819 0.1913
v 0.2264 -0.1139 0.0310
v -0.0739 -0.0813 0.2060
v 0.0340 -0.0393 0.2386
v -0.0557 -0.0809 0.2173
v 0.2432 -0.1164 0.0384
v 0.0526 -0.0402 0.2348
v -0.0362 -0.0809 0.2252
v -0.0157 -0.0810 0.2298
v 0.2600 -0.1187 0.0453
v 0.0707 -0.0413 0.2294
v 0.0051 -0.0814 0.2311
v 0.2771 -0.1206 0.0529
v 0.0879 -0.0425 0.2227
v 0.0260 -0.0819 0.2291
v 0.2944 -0.1225 0.0601
v 0.1043 -0.0439 0.2149
v 0.0464 -0.0827 0.2237
v 0.3119 -0.1241 0.0667
v 0.1200 -0.0453 0.2067
v 0.3298 -0.1255 0.0729
v 0.0660 -0.0836 0.2148
v 0.3481 -0.1266 0.0789
v 0.0844 -0.0847 0.2022
v 0.1352 -0.0467 0.1985
v 0.3670 -0.1273 0.0843
v 0.1011 -0.0858 0.1858
v 0.3865 -0.1274 0.0888
v 0.4066 -0.1267 0.0916
v 0.1162 -0.0869 0.1656
v 0.1503 -0.0479 0.1912
v 0.4273 -0.1249 0.0912
v 0.1301 -0.0881 0.1420
v 0.4479 -0.1215 0.0851
v 0.1655 -0.0488 0.1852
v 0.4670 -0.1163 0.0706
v 0.1438 -0.0895 0.1185
v 0.1811 -0.0494 0.1809
v 0.4818 -0.1099 0.0446
v 0.1972 -0.0497 0.1782
v 0.1584 -0.0914 0.1025
v 0.2139 -0.0496 0.1768
v 0.1738 -0.0933 0.0966
v -0.4831 -0.0929 0.0414
v 0.2312 -0.0494 0.1761
v -0.4705 -0.0984 0.0736
v -0.4529 -0.1039 0.0943
v 0.2490 -0.0490 0.1759
v 0.1899 -0.0951 0.0967
v -0.4329 -0.1084 0.1058
v 0.2675 -0.0486 0.1759
v -0.4122 -0.1115 0.1108
v 0.2064 -0.0965 0.0993
v 0.2866 -0.0481 0.1758
v -0.3914 -0.1135 0.1116
v 0.2233 -0.0977 0.1030
v 0.3064 -0.0476 0.1754
v -0.3711 -0.1145 0.1098
v 0.2405 -0.0986 0.1071
v 0.3268 -0.0470 0.1742
v -0.3513 -0.1149 0.1064
v 0.2580 -0.0994 0.1114
v -0.3321 -0.1147 0.1022
v 0.3479 -0.0463 0.1720
v -0.3134 -0.1141 0.0973
v 0.2759 -0.1001 0.1156
v 0.3694 -0.0453 0.1681
v -0.2953 -0.1132 0.0920
v 0.2942 -0.1006 0.1197
v 0.3911 -0.0440 0.1618
v 0.3129 -0.1009 0.1233
v -0.2775 -0.1121 0.0865
v 0.3323 -0.1009 0.1263
v 0.4126 -0.0423 0.1522
v -0.2601 -0.1108 0.0808
v -0.2430 -0.1094 0.0749
v 0.3522 -0.1006 0.1285
v 0.4332 -0.0402 0.1384
v 0.3727 -0.0998 0.1294
v -0.2262 -0.1080 0.0694
v 0.4521 -0.0376 0.1191
v 0.3936 -0.0984 0.1284
v -0.2094 -0.1067 0.0651
v 0.4683 -0.0349 0.0937
v 0.4147 -0.0960 0.1243
v 0.4804 -0.0324 0.0618
v 0.4355 -0.0926 0.1157
v -0.1925 -0.1055 0.0614
v 0.4872 -0.0308 0.0243
v 0.4550 -0.0881 0.1008
v -0.1756 -0.1040 0.0586
v 0.4716 -0.0829 0.0776
v -0.1586 -0.1022 0.0587
v 0.4835 -0.0778 0.0450
v -0.4809 -0.0165 0.0587
v -0.4696 -0.0179 0.0913
v -0.1419 -0.0998 0.0651
v -0.4541 -0.0194 0.1180
v -0.4357 -0.0209 0.1388
v -0.4154 -0.0223 0.1543
v -0.4841 -0.0619 0.0408
v -0.4737 -0.0657 0.0758
v -0.3940 -0.0234 0.1654
v -0.4584 -0.0701 0.1024
v -0.3722 -0.0244 0.1731
v -0.4398 -0.0743 0.1213
v -0.2507 -0.0287 0.1871
v -0.4195 -0.0778 0.1336
v -0.3506 -0.0252 0.1782
v -0.3983 -0.0805 0.1411
v -0.3293 -0.0259 0.1816
v -0.3771 -0.0824 0.1450
v -0.3086 -0.0266 0.1837
v -0.3560 -0.0836 0.1464
v -0.3355 -0.0844 0.1462
v -0.2887 -0.0272 0.1851
v -0.3156 -0.0849 0.1450
v -0.2693 -0.0279 0.1862
v -0.2963 -0.0850 0.1430
v 0.3650 -0.0835 0.1461
v -0.2776 -0.0850 0.1406
v 0.3863 -0.0820 0.1436
v -0.2594 -0.0849 0.1380
v 0.0606 -0.0253 0.2365
v 0.4076 -0.0799 0.1384
v -0.2417 -0.0847 0.1354
v -0.2243 -0.0844 0.1332
v 0.4286 -0.0769 0.1291
v 0.4483 -0.0731 0.1142
v -0.2073 -0.0840 0.1318
v 0.0781 -0.0263 0.2316
v 0.4657 -0.0686 0.0924
v -0.1904 -0.0834 0.1316
v 0.4792 -0.0642 0.0626
v -0.1736 -0.0823 0.1334
v 0.0950 -0.0274 0.2258
v 0.4868 -0.0610 0.0268
v -0.2326 -0.0295 0.1881
v -0.1572 -0.0805 0.1386
v 0.1112 -0.0285 0.2195
v -0.2151 -0.0303 0.1895
v -0.1411 -0.0778 0.1489
v -0.4802 -0.0479 0.0591
v -0.4679 -0.0512 0.0908
v 0.1269 -0.0294 0.2131
v -0.4516 -0.0548 0.1155
v -0.1258 -0.0747 0.1647
v -0.1980 -0.0309 0.1914
v -0.4325 -0.0581 0.1334
v -0.1111 -0.0718 0.1818
v -0.4118 -0.0609 0.1458
v 0.1423 -0.0302 0.2070
v -0.1813 -0.0312 0.1941
v -0.0961 -0.0697 0.1968
v -0.3904 -0.0630 0.1537
v -0.0802 -0.0683 0.2093
v -0.1648 -0.0311 0.1978
v -0.3689 -0.0646 0.1585
v 0.1576 -0.0306 0.2017
v -0.0629 -0.0675 0.2194
v -0.3477 -0.0657 0.1610
v -0.0444 -0.0671 0.2270
v -0.3270 -0.0665 0.1619
v -0.3069 -0.0670 0.1618
v -0.0249 -0.0670 0.2320
v 0.1732 -0.0308 0.1973
v -0.2875 -0.0674 0.1610
v 0.1509 -0.0785 0.1460
v -0.0049 -0.0672 0.2344
v 0.1891 -0.0306 0.1939
v -0.2687 -0.0677 0.1599
v 0.0154 -0.0677 0.2341
v -0.2504 -0.0680 0.1587
v 0.2056 -0.0302 0.1914
v 0.0355 -0.0684 0.2310
v -0.2327 -0.0681 0.1576
v 0.2226 -0.0296 0.1896
v 0.0550 -0.0693 0.2252
v -0.2153 -0.0682 0.1571
v -0.1983 -0.0680 0.1574
v 0.2402 -0.0290 0.1883
v 0.0736 -0.0704 0.2167
v -0.1815 -0.0675 0.1591
v 0.0911 -0.0718 0.2055
v 0.2585 -0.0283 0.1873
v -0.1650 -0.0663 0.1630
v 0.1072 -0.0732 0.1919
v -0.1488 -0.0645 0.1698
v 0.2774 -0.0277 0.1863
v 0.1222 -0.0748 0.1764
v -0.1331 -0.0620 0.1798
v 0.2970 -0.0271 0.1851
v -0.1177 -0.0594 0.1915
v 0.1365 -0.0766 0.1603
v -0.1024 -0.0570 0.2030
v 0.3174 -0.0265 0.1834
v -0.0866 -0.0552 0.2133
v 0.3383 -0.0258 0.1808
v -0.0699 -0.0540 0.2220
v -0.1266 -0.2236 0.0324
v -0.1191 -0.2222 0.0785
v -0.0522 -0.0532 0.2290
v 0.3599 -0.0251 0.1767
v -0.1065 -0.2211 0.1186
v -0.0336 -0.0528 0.2341
v -0.0895 -0.2202 0.1515
v -0.0143 -0.0528 0.2371
v -0.0691 -0.2195 0.1769
v 0.3817 -0.0243 0.1706
v -0.0461 -0.2190 0.1947
v 0.0053 -0.0531 0.2379
v -0.0215 -0.2187 0.2053
v 0.4034 -0.0233 0.1615
v 0.0250 -0.0537 0.2365
v 0.0039 -0.2186 0.2087
v 0.4245 -0.0220 0.1487
v 0.0293 -0.2186 0.2052
v 0.0443 -0.0545 0.2329
v 0.4441 -0.0206 0.1310
v 0.0539 -0.2187 0.1947
v 0.0630 -0.0556 0.2272
v 0.4615 -0.0189 0.1077
v 0.0768 -0.2191 0.1769
v 0.0808 -0.0568 0.2194
v 0.0973 -0.2197 0.1518
v 0.4754 -0.0173 0.0784
v 0.1145 -0.2206 0.1195
v 0.0977 -0.0583 0.2100
v 0.4847 -0.0160 0.0433
v 0.1274 -0.2218 0.0807
v 0.1135 -0.0599 0.1993
v 0.1350 -0.2234 0.0374
v 0.1285 -0.0616 0.1879
v -0.4849 -0.0007 0.0399
v 0.1433 -0.0633 0.1771
v -0.4761 -0.0010 0.0756
v -0.4627 -0.0014 0.1056
v 0.1581 -0.0649 0.1681
v -0.4458 -0.0019 0.1298
v -0.4264 -0.0023 0.1484
v 0.1734 -0.0661 0.1620
v -0.4055 -0.0027 0.1621
v -0.3838 -0.0032 0.1720
v 0.2693 0.6057 0.0505
v -0.3620 -0.0036 0.1789
v -0.3404 -0.0041 0.1837
v 0.1115 0.4051 0.0671
v -0.3194 -0.0046 0.1869
v -0.2989 -0.0053 0.1893
v 0.1270 0.4048 0.1050
v -0.2792 -0.0060 0.1911
v 0.1477 0.4037 0.1314
v -0.2601 -0.0069 0.1927
v 0.1716 0.4023 0.1466
v -0.2417 -0.0079 0.1944
v 0.1969 0.4009 0.1515
v -0.2238 -0.0090 0.1964
v -0.2065 -0.0101 0.1987
v 0.2222 0.3997 0.1473
v -0.1897 -0.0111 0.2015
v 0.2460 0.3988 0.1349
v -0.1731 -0.0119 0.2049
v 0.2672 0.3985 0.1149
v -0.1569 -0.0122 0.2089
v 0.2846 0.3989 0.0882
v -0.1408 -0.0121 0.2136
v -0.1248 -0.0116 0.2188
v 0.2972 0.4000 0.0559
v 0.0856 -0.0106 0.2332
v -0.1087 -0.0108 0.2242
v 0.1022 -0.0114 0.2282
v -0.0923 -0.0099 0.2295
v -0.0756 -0.0090 0.2344
v 0.1183 -0.0119 0.2228
v -0.0583 -0.0083 0.2387
v -0.0406 -0.0078 0.2420
v 0.1341 -0.0122 0.2176
v -0.0225 -0.0076 0.2443
v 0.1496 -0.0122 0.2127
v -0.0041 -0.0076 0.2454
v 0.1652 -0.0118 0.2083
v 0.1811 -0.0111 0.2045
v 0.0143 -0.0079 0.2453
v 0.1973 -0.0102 0.2013
v 0.0327 -0.0084 0.2439
v 0.2141 -0.0092 0.1986
v 0.0508 -0.0091 0.2413
v 0.2314 -0.0082 0.1963
v 0.0685 -0.0098 0.2377
v 0.2494 -0.0073 0.1944
v 0.2681 -0.0064 0.1927
v 0.2875 -0.0057 0.1910
v 0.3075 -0.0051 0.1889
v 0.3283 -0.0046 0.1862
v 0.3497 -0.0042 0.1824
v 0.3714 -0.0037 0.1768
v 0.3933 -0.0033 0.1687
v 0.4147 -0.0028 0.1572
v 0.4352 -0.0023 0.1415
v -0.3073 0.5091 0.0243
v 0.4537 -0.0018 0.1206
v 0.4692 -0.0013 0.0938
v -0.2998 0.5106 0.0593
v 0.4808 -0.0008 0.0615
v 0.4871 -0.0006 0.0259
v -0.2673 0.6195 0.0382
v -0.2867 0.5114 0.0901
v -0.2558 0.6235 0.0674
v -0.2408 0.6258 0.0929
v -0.2691 0.5115 0.1153
v -0.2230 0.6265 0.1139
v -0.2032 0.6258 0.1304
v -0.2479 0.5109 0.1341
v -0.2243 0.5098 0.1458
v -0.1821 0.6238 0.1422
v -0.2200 0.2039 0.0341
v -0.1994 0.5081 0.1497
v -0.2083 0.2006 0.0719
v -0.3069 0.4170 0.0244
v -0.1606 0.6209 0.1495
v -0.1745 0.5062 0.1451
v -0.1924 0.2002 0.1063
v -0.1392 0.6174 0.1526
v -0.2992 0.4156 0.0603
v -0.1510 0.5043 0.1308
v -0.1304 0.5030 0.1055
v -0.1732 0.2021 0.1344
v -0.1183 0.6136 0.1518
v -0.2855 0.4148 0.0918
v -0.1143 0.5031 0.0677
v -0.1517 0.2054 0.1541
v -0.0985 0.6099 0.1477
v -0.2670 0.4147 0.1170
v -0.0797 0.6066 0.1412
v -0.1291 0.2094 0.1648
v -0.2449 0.4150 0.1349
v -0.0620 0.6039 0.1334
v -0.0451 0.6021 0.1256
v -0.2203 0.4158 0.1446
v -0.0289 0.6009 0.1193
v -0.1064 0.2133 0.1671
v -0.1946 0.4168 0.1453
v -0.0129 0.6004 0.1157
v 0.0029 0.6005 0.1155
v -0.0847 0.2166 0.1619
v -0.1696 0.4180 0.1360
v 0.0188 0.6011 0.1190
v 0.0350 0.6023 0.1255
v -0.1468 0.4190 0.1155
v 0.0518 0.6042 0.1338
v -0.1283 0.4197 0.0830
v -0.0645 0.2188 0.1503
v 0.0694 0.6069 0.1422
v 0.1658 -0.0803 0.1363
v -0.1164 0.4195 0.0384
v -0.0463 0.2194 0.1335
v 0.0880 0.6102 0.1494
v 0.1814 -0.0818 0.1318
v -0.0305 0.2183 0.1130
v 0.1077 0.6139 0.1542
v 0.1285 0.6177 0.1558
v 0.1975 -0.0830 0.1309
v -0.0168 0.2153 0.0913
v 0.2142 -0.0838 0.1319
v 0.1499 0.6213 0.1536
v 0.2313 -0.0844 0.1340
v 0.1715 0.6243 0.1473
v 0.2488 -0.0848 0.1366
v 0.0067 0.2147 0.0930
v 0.2668 -0.0850 0.1392
v 0.1927 0.6264 0.1367
v 0.0198 0.2177 0.1161
v 0.2853 -0.0852 0.1418
v 0.2129 0.6274 0.1216
v 0.1036 0.5033 0.0718
v 0.3044 -0.0851 0.1441
v 0.0352 0.2189 0.1372
v 0.3240 -0.0849 0.1457
v 0.1196 0.5031 0.1088
v 0.2314 0.6270 0.1021
v 0.3443 -0.0844 0.1466
v 0.1401 0.5044 0.1342
v 0.0529 0.2185 0.1545
v 0.2474 0.6251 0.0783
v 0.1635 0.5062 0.1492
v 0.2603 0.6216 0.0506
v 0.0727 0.2167 0.1670
v 0.1883 0.5082 0.1550
v 0.0942 0.2137 0.1739
v 0.2134 0.5099 0.1526
v 0.1168 0.2100 0.1741
v 0.2374 0.5112 0.1427
v 0.1398 0.2062 0.1667
v 0.2594 0.5119 0.1259
v 0.1622 0.2028 0.1512
v 0.2782 0.5120 0.1029
v 0.1829 0.2004 0.1275
v 0.2009 0.1998 0.0967
v 0.2930 0.5114 0.0742
v 0.2151 0.2015 0.0607
v 0.3029 0.5101 0.0408
v 0.1076 0.4190 0.0386
v 0.1187 0.4191 0.0834
v 0.1365 0.4186 0.1173
v 0.1588 0.4176 0.1393
v 0.1836 0.4166 0.1502
v 0.2092 0.4156 0.1514
v -0.3060 0.4630 0.0488
v 0.2341 0.4149 0.1439
v -0.2945 0.4629 0.0819
v 0.2571 0.4145 0.1284
v -0.2778 0.4628 0.1093
v 0.2770 0.4146 0.1057
v -0.2570 0.4626 0.1300
v 0.2926 0.4151 0.0767
v -0.2334 0.4624 0.1432
v 0.3030 0.4162 0.0425
v -0.2080 0.4621 0.1480
v -0.1825 0.4618 0.1435
v -0.2580 0.6349 0.0370
v -0.1584 0.4615 0.1284
v -0.1377 0.4615 0.1013
v -0.2462 0.6393 0.0655
v -0.1226 0.4618 0.0610
v -0.2311 0.6420 0.0901
v -0.2135 0.6430 0.1107
v -0.1942 0.6425 0.1270
v -0.1737 0.6408 0.1392
v -0.1528 0.6383 0.1474
v -0.1319 0.6351 0.1519
v -0.3027 0.5253 0.0370
v -0.1116 0.6316 0.1531
v -0.2930 0.5271 0.0703
v -0.0920 0.6282 0.1518
v -0.2784 0.5278 0.0990
v -0.0733 0.6251 0.1487
v -0.0554 0.6225 0.1447
v -0.2595 0.5277 0.1220
v -0.0383 0.6207 0.1409
v -0.0215 0.6196 0.1381
v -0.2377 0.5268 0.1385
v -0.0051 0.6192 0.1371
v 0.0113 0.6196 0.1382
v 0.0280 0.6208 0.1411
v -0.2138 0.5252 0.1480
v 0.0451 0.6227 0.1453
v -0.2291 0.2187 0.0353
v -0.1890 0.5230 0.1500
v 0.0628 0.6253 0.1498
v -0.2174 0.2152 0.0708
v -0.1647 0.5205 0.1435
v 0.0815 0.6284 0.1535
v -0.2014 0.2146 0.1031
v -0.1419 0.5182 0.1278
v 0.1010 0.6318 0.1555
v -0.1822 0.2163 0.1295
v -0.1222 0.5167 0.1016
v -0.1066 0.5171 0.0641
v 0.1213 0.6353 0.1550
v -0.1606 0.2194 0.1484
v -0.1377 0.2234 0.1587
v 0.1421 0.6386 0.1514
v 0.1119 0.4612 0.0645
v -0.1148 0.2275 0.1604
v 0.1272 0.4608 0.1042
v 0.1631 0.6413 0.1442
v -0.0926 0.2310 0.1539
v 0.1477 0.4610 0.1317
v 0.1838 0.6431 0.1332
v -0.0720 0.2335 0.1396
v 0.1716 0.4614 0.1478
v 0.2036 0.6438 0.1181
v -0.0536 0.2344 0.1181
v 0.1970 0.4619 0.1537
v -0.3051 0.4316 0.0459
v -0.0378 0.2332 0.0902
v 0.2217 0.6432 0.0989
v -0.2938 0.4309 0.0796
v -0.0247 0.2296 0.0560
v 0.2377 0.6410 0.0758
v 0.2224 0.4623 0.1506
v -0.2772 0.4306 0.1076
v 0.2507 0.6371 0.0491
v -0.2564 0.4307 0.1287
v 0.2466 0.4627 0.1396
v -0.2327 0.4310 0.1421
v 0.0962 0.5174 0.0672
v 0.2684 0.4629 0.1211
v -0.2073 0.4315 0.1468
v 0.1116 0.5171 0.1046
v -0.1817 0.4322 0.1420
v 0.0140 0.2295 0.0595
v 0.2865 0.4630 0.0961
v 0.1312 0.5185 0.1310
v -0.1576 0.4330 0.1264
v 0.1538 0.5208 0.1473
v 0.0268 0.2330 0.0946
v -0.1370 0.4336 0.0988
v 0.3001 0.4631 0.0654
v -0.1220 0.4339 0.0583
v 0.1780 0.5232 0.1547
v 0.0424 0.2342 0.1224
v 0.3081 0.4631 0.0309
v 0.2028 0.5254 0.1542
v 0.0605 0.2336 0.1440
v 0.2270 0.5272 0.1463
v 0.0808 0.2315 0.1591
v 0.2495 0.5282 0.1316
v 0.1028 0.2283 0.1673
v 0.2693 0.5285 0.1107
v 0.2856 0.5279 0.0841
v 0.1258 0.2244 0.1680
v 0.2972 0.5265 0.0528
v 0.1490 0.2206 0.1609
v 0.1715 0.2172 0.1457
v 0.1921 0.2151 0.1228
v 0.2099 0.2147 0.0933
v 0.2239 0.2165 0.0586
v -0.3092 0.4784 0.0314
v -0.3009 0.4789 0.0653
v -0.2480 0.6499 0.0348
v -0.2361 0.6548 0.0616
v -0.2869 0.4790 0.0956
v -0.2212 0.6579 0.0854
v 0.1123 0.4333 0.0592
v -0.2683 0.4789 0.1199
v -0.2040 0.6593 0.1057
v -0.2461 0.4785 0.1372
v 0.1269 0.4329 0.1005
v -0.1851 0.6593 0.1220
v -0.2217 0.4779 0.1469
v -0.1652 0.6581 0.1346
v 0.1471 0.4324 0.1292
v -0.1962 0.4771 0.1480
v 0.1708 0.4318 0.1460
v -0.1449 0.6560 0.1437
v -0.1712 0.4762 0.1395
v -0.1483 0.4755 0.1201
v 0.1962 0.4313 0.1525
v -0.1295 0.4753 0.0883
v -0.1246 0.6533 0.1495
v -0.1171 0.4762 0.0443
v 0.2217 0.4309 0.1497
v -0.1046 0.6503 0.1526
v -0.0853 0.6474 0.1536
v -0.0666 0.6447 0.1531
v 0.2460 0.4306 0.1386
v -0.2968 0.5417 0.0475
v -0.0485 0.6425 0.1518
v -0.0310 0.6410 0.1506
v 0.2678 0.4305 0.1199
v -0.2854 0.5436 0.0790
v -0.0138 0.6403 0.1498
v 0.0033 0.6403 0.1499
v 0.2859 0.4307 0.0945
v -0.2695 0.5443 0.1058
v 0.0205 0.6411 0.1510
v 0.0380 0.6426 0.1526
v -0.2499 0.5439 0.1269
v 0.0560 0.6448 0.1543
v 0.2994 0.4313 0.0632
v 0.0746 0.6475 0.1554
v -0.2276 0.5426 0.1416
v 0.3072 0.4322 0.0278
v 0.0940 0.6505 0.1551
v -0.2037 0.5405 0.1494
v -0.1794 0.5378 0.1500
v 0.1139 0.6535 0.1528
v -0.1556 0.5349 0.1427
v 0.1343 0.6563 0.1478
v -0.1336 0.5322 0.1268
v -0.1143 0.5305 0.1014
v 0.1547 0.6585 0.1397
v -0.0988 0.5308 0.0667
v 0.1748 0.6599 0.1282
v -0.2382 0.2336 0.0342
v -0.2265 0.2302 0.0697
v 0.1941 0.6602 0.1129
v -0.2105 0.2293 0.1007
v 0.2119 0.6591 0.0939
v -0.1912 0.2307 0.1260
v 0.2277 0.6565 0.0712
v 0.1059 0.4758 0.0486
v -0.1695 0.2336 0.1440
v 0.2407 0.6522 0.0455
v 0.1187 0.4749 0.0917
v -0.1464 0.2374 0.1539
v 0.1376 0.4751 0.1233
v -0.1232 0.2416 0.1550
v 0.1603 0.4759 0.1433
v 0.1852 0.4769 0.1530
v -0.1007 0.2452 0.1475
v 0.0886 0.5312 0.0682
v -0.0799 0.2479 0.1314
v 0.2107 0.4778 0.1534
v 0.1039 0.5310 0.1038
v -0.0615 0.2488 0.1070
v 0.1229 0.5327 0.1296
v -0.0460 0.2475 0.0745
v 0.2355 0.4786 0.1457
v 0.1447 0.5353 0.1462
v -0.0341 0.2433 0.0359
v 0.1684 0.5382 0.1544
v 0.2583 0.4791 0.1305
v 0.1927 0.5409 0.1550
v 0.2782 0.4793 0.1084
v 0.2939 0.4792 0.0804
v 0.2168 0.5431 0.1486
v 0.3046 0.4788 0.0475
v 0.2396 0.5445 0.1357
v 0.0229 0.2439 0.0422
v -0.3093 0.4475 0.0295
v 0.2601 0.5450 0.1166
v 0.0350 0.2478 0.0803
v -0.3007 0.4470 0.0653
v 0.2774 0.5446 0.0918
v -0.2865 0.4467 0.0960
v 0.0504 0.2491 0.1117
v 0.2905 0.5430 0.0621
v -0.2675 0.4466 0.1203
v 0.0686 0.2484 0.1360
v 0.2988 0.5404 0.0283
v -0.2450 0.4466 0.1373
v 0.0891 0.2461 0.1528
v -0.2203 0.4467 0.1462
v -0.1946 0.4469 0.1462
v 0.1115 0.2427 0.1619
v -0.1696 0.4471 0.1361
v -0.1470 0.4474 0.1145
v 0.1348 0.2388 0.1630
v -0.1290 0.4477 0.0800
v -0.1182 0.4480 0.0326
v 0.1582 0.2350 0.1561
v 0.1807 0.2318 0.1413
v 0.2012 0.2299 0.1191
v 0.2189 0.2296 0.0903
v 0.2327 0.2316 0.0563
v -0.2376 0.6643 0.0291
v -0.2257 0.6697 0.0554
v -0.2110 0.6734 0.0787
v -0.1942 0.6753 0.0987
v -0.1758 0.6759 0.1151
v -0.3053 0.4944 0.0460
v -0.1565 0.6753 0.1282
v -0.2944 0.4951 0.0789
v -0.1367 0.6738 0.1380
v -0.2783 0.4953 0.1066
v -0.1169 0.6718 0.1450
v -0.2582 0.4950 0.1280
v -0.0973 0.6695 0.1496
v -0.2351 0.4942 0.1423
v -0.0781 0.6672 0.1523
v -0.0594 0.6651 0.1537
v -0.2103 0.4931 0.1489
v -0.0411 0.6635 0.1542
v -0.0231 0.6625 0.1544
v -0.1850 0.4918 0.1467
v -0.2974 0.5550 0.0231
v -0.0054 0.6621 0.1545
v -0.1607 0.4904 0.1349
v 0.0124 0.6625 0.1548
v -0.2899 0.5582 0.0556
v -0.1390 0.4893 0.1120
v 0.0304 0.6636 0.1551
v -0.1219 0.4892 0.0768
v -0.2772 0.5601 0.0856
v 0.0486 0.6652 0.1550
v 0.0674 0.6673 0.1543
v -0.2603 0.5607 0.1107
v -0.2402 0.5601 0.1302
v 0.0866 0.6697 0.1523
v -0.2178 0.5585 0.1435
v 0.1063 0.6720 0.1484
v -0.1942 0.5560 0.1503
v -0.1703 0.5529 0.1503
v 0.1262 0.6742 0.1423
v -0.1472 0.5495 0.1430
v 0.1461 0.6758 0.1333
v -0.1257 0.5465 0.1280
v 0.1657 0.6766 0.1213
v 0.1079 0.4474 0.0332
v -0.1068 0.5444 0.1051
v -0.0907 0.5443 0.0746
v 0.1844 0.6763 0.1059
v 0.1188 0.4470 0.0821
v -0.0774 0.5469 0.0377
v 0.2018 0.6747 0.0870
v 0.1365 0.4467 0.1171
v 0.1588 0.4466 0.1396
v 0.2173 0.6716 0.0646
v 0.1836 0.4465 0.1510
v 0.2303 0.6668 0.0392
v -0.2468 0.2488 0.0343
v 0.2092 0.4465 0.1528
v -0.2355 0.2453 0.0684
v -0.2196 0.2442 0.0987
v 0.0998 0.4907 0.0340
v 0.2343 0.4465 0.1459
v -0.2003 0.2453 0.1232
v 0.0679 0.5477 0.0378
v 0.1110 0.4890 0.0806
v -0.1785 0.2479 0.1406
v 0.1283 0.4892 0.1153
v 0.0807 0.5448 0.0754
v 0.2575 0.4466 0.1311
v -0.1553 0.2516 0.1501
v 0.1498 0.4902 0.1386
v 0.0965 0.5450 0.1068
v 0.2777 0.4467 0.1093
v 0.1740 0.4917 0.1513
v 0.1152 0.5470 0.1304
v -0.1318 0.2556 0.1509
v 0.2937 0.4470 0.0811
v 0.1992 0.4931 0.1547
v 0.1364 0.5500 0.1461
v 0.3047 0.4474 0.0475
v -0.1091 0.2593 0.1428
v 0.1594 0.5533 0.1543
v -0.0881 0.2620 0.1257
v 0.2243 0.4943 0.1499
v 0.1832 0.5564 0.1554
v -0.0698 0.2630 0.0995
v -0.1281 0.7241 0.0941
v 0.2070 0.5590 0.1500
v -0.0548 0.2616 0.0647
v 0.2479 0.4952 0.1375
v -0.1096 0.7250 0.1053
v 0.2298 0.5607 0.1383
v -0.0909 0.7253 0.1142
v 0.2690 0.4956 0.1183
v -0.0720 0.7253 0.1210
v 0.2507 0.5615 0.1207
v 0.2865 0.4956 0.0928
v -0.0530 0.7251 0.1260
v 0.2687 0.5612 0.0975
v 0.2995 0.4950 0.0619
v -0.0341 0.7249 0.1293
v 0.2830 0.5596 0.0693
v 0.3071 0.4939 0.0267
v -0.0151 0.7248 0.1311
v 0.2927 0.5568 0.0372
v 0.0039 0.7249 0.1316
v 0.0230 0.7252 0.1306
v 0.0421 0.7255 0.1282
v 0.0438 0.2622 0.0711
v 0.0612 0.7259 0.1242
v 0.0588 0.2637 0.1042
v 0.0804 0.7260 0.1183
v 0.0994 0.7258 0.1103
v 0.1180 0.7251 0.1001
v 0.0769 0.2629 0.1301
v 0.1362 0.7235 0.0874
v 0.1534 0.7209 0.0720
v 0.0977 0.2605 0.1480
v 0.1694 0.7171 0.0542
v 0.1837 0.7119 0.0333
v 0.1203 0.2571 0.1576
v 0.1438 0.2532 0.1591
v 0.1673 0.2495 0.1523
v 0.1899 0.2465 0.1377
v 0.2104 0.2447 0.1158
v 0.2279 0.2447 0.0874
v -0.2266 0.6779 0.0218
v 0.2414 0.2467 0.0536
v -0.2149 0.6840 0.0472
v -0.2005 0.6882 0.0699
v -0.1841 0.6909 0.0896
v -0.1663 0.6922 0.1061
v -0.1475 0.6923 0.1195
v -0.1282 0.6916 0.1300
v -0.1088 0.6903 0.1379
v -0.0894 0.6887 0.1436
v -0.0704 0.6871 0.1475
v -0.0515 0.6857 0.1500
v -0.0330 0.6847 0.1516
v -0.0146 0.6842 0.1524
v 0.0037 0.6842 0.1527
v 0.0221 0.6848 0.1524
v 0.0407 0.6859 0.1515
v 0.0595 0.6873 0.1496
v 0.0787 0.6890 0.1464
v -0.2913 0.5713 0.0289
v 0.0982 0.6906 0.1415
v -0.2822 0.5747 0.0615
v 0.1177 0.6920 0.1344
v -0.2685 0.5766 0.0902
v 0.1372 0.6928 0.1248
v -0.2510 0.5771 0.1139
v -0.2307 0.5764 0.1321
v 0.1562 0.6929 0.1124
v -0.2084 0.5745 0.1445
v 0.1745 0.6920 0.0969
v -0.1852 0.5716 0.1508
v 0.1914 0.6897 0.0781
v -0.1619 0.5682 0.1508
v 0.2066 0.6860 0.0563
v -0.1394 0.5645 0.1444
v -0.1184 0.5611 0.1314
v 0.2194 0.6806 0.0312
v -0.0995 0.5586 0.1121
v -0.0828 0.5577 0.0872
v -0.0680 0.5589 0.0588
v 0.0584 0.5598 0.0583
v -0.2552 0.2642 0.0326
v 0.0729 0.5584 0.0876
v -0.2443 0.2606 0.0666
v 0.0893 0.5593 0.1134
v -0.2287 0.2593 0.0966
v 0.1079 0.5617 0.1335
v -0.2095 0.2601 0.1207
v 0.1287 0.5650 0.1472
v -0.1876 0.2624 0.1379
v 0.1510 0.5687 0.1545
v -0.1643 0.2658 0.1472
v 0.1743 0.5721 0.1555
v -0.1662 0.7265 0.0303
v -0.1512 0.7316 0.0479
v -0.1405 0.2697 0.1479
v -0.1349 0.7353 0.0636
v 0.1976 0.5750 0.1505
v -0.1176 0.7380 0.0771
v -0.1176 0.2733 0.1396
v -0.0996 0.7397 0.0883
v 0.2202 0.5770 0.1397
v -0.0811 0.7407 0.0972
v -0.0965 0.2760 0.1219
v -0.0625 0.7414 0.1040
v 0.2412 0.5780 0.1232
v -0.0436 0.7418 0.1089
v -0.0782 0.2771 0.0950
v 0.2596 0.5777 0.1013
v -0.0247 0.7421 0.1120
v 0.2748 0.5762 0.0745
v -0.0636 0.2756 0.0594
v -0.0056 0.7422 0.1134
v 0.2857 0.5732 0.0434
v 0.0135 0.7424 0.1132
v 0.0326 0.7424 0.1111
v 0.0517 0.7422 0.1073
v 0.0707 0.7418 0.1015
v 0.0894 0.7409 0.0936
v 0.1077 0.7393 0.0835
v 0.1254 0.7370 0.0710
v 0.1422 0.7335 0.0561
v 0.1578 0.7290 0.0383
v -0.0498 0.7717 0.0261
v -0.0322 0.7735 0.0320
v -0.0143 0.7748 0.0347
v 0.0038 0.7752 0.0354
v 0.0219 0.7748 0.0341
v 0.0398 0.7735 0.0311
v 0.0526 0.2765 0.0647
v 0.0573 0.7713 0.0256
v 0.0673 0.2780 0.0992
v -0.2036 0.6972 0.0371
v 0.0855 0.2772 0.1260
v -0.1896 0.7023 0.0588
v -0.1736 0.7057 0.0781
v -0.1563 0.7077 0.0946
v 0.1064 0.2748 0.1445
v -0.1380 0.7087 0.1082
v 0.1292 0.2713 0.1545
v -0.1192 0.7088 0.1192
v -0.1001 0.7083 0.1277
v 0.1529 0.2675 0.1560
v -0.0810 0.7075 0.1341
v 0.1766 0.2640 0.1492
v -0.0620 0.7066 0.1388
v 0.1991 0.2612 0.1346
v -0.0431 0.7059 0.1420
v 0.2195 0.2596 0.1127
v -0.0243 0.7054 0.1439
v 0.2368 0.2598 0.0845
v -0.0056 0.7053 0.1448
v 0.2499 0.2621 0.0508
v 0.0132 0.7055 0.1446
v 0.0321 0.7061 0.1434
v 0.0511 0.7070 0.1410
v 0.0703 0.7079 0.1372
v 0.0895 0.7088 0.1315
v 0.1088 0.7094 0.1239
v 0.1279 0.7094 0.1138
v 0.1464 0.7087 0.1012
v 0.1642 0.7069 0.0856
v 0.1806 0.7040 0.0672
v -0.2840 0.5875 0.0342
v 0.1954 0.6995 0.0459
v -0.2739 0.5911 0.0655
v 0.2078 0.6933 0.0228
v -0.2595 0.5931 0.0929
v -0.2417 0.5936 0.1155
v -0.2214 0.5927 0.1328
v -0.1994 0.5906 0.1447
v -0.1767 0.5876 0.1509
v -0.1540 0.5840 0.1516
v -0.1321 0.5801 0.1467
v -0.1115 0.5765 0.1365
v -0.0926 0.5735 0.1215
v -0.0754 0.5718 0.1028
v -0.0596 0.5715 0.0826
v -0.0443 0.5723 0.0628
v -0.0289 0.5741 0.0484
v -0.0129 0.5753 0.0386
v 0.0032 0.5756 0.0371
v 0.0192 0.5746 0.0452
v 0.0346 0.5730 0.0609
v 0.0498 0.5721 0.0816
v 0.0655 0.5724 0.1029
v -0.1393 0.7418 0.0287
v 0.0824 0.5741 0.1225
v -0.1235 0.7464 0.0441
v -0.1066 0.7498 0.0573
v -0.0890 0.7523 0.0682
v -0.0709 0.7540 0.0767
v -0.2635 0.2796 0.0285
v -0.0525 0.7553 0.0832
v -0.0339 0.7561 0.0878
v -0.2531 0.2760 0.0638
v -0.0150 0.7566 0.0904
v -0.2379 0.2745 0.0941
v 0.0039 0.7569 0.0910
v -0.2188 0.2750 0.1184
v 0.0229 0.7568 0.0898
v -0.1969 0.2770 0.1356
v 0.0418 0.7563 0.0865
v 0.1011 0.5770 0.1383
v 0.0605 0.7554 0.0812
v -0.1735 0.2802 0.1451
v 0.0790 0.7539 0.0736
v 0.1214 0.5806 0.1493
v 0.0970 0.7517 0.0638
v 0.1142 0.7486 0.0519
v -0.1495 0.2838 0.1460
v 0.1432 0.5844 0.1550
v 0.1305 0.7444 0.0375
v -0.1263 0.2874 0.1377
v 0.1658 0.5881 0.1554
v -0.1049 0.2901 0.1199
v 0.1886 0.5912 0.1503
v -0.0866 0.2912 0.0927
v 0.2108 0.5933 0.1398
v -0.0723 0.2898 0.0566
v -0.1918 0.7093 0.0243
v -0.1782 0.7152 0.0453
v -0.1627 0.7194 0.0643
v -0.1458 0.7223 0.0805
v 0.2317 0.5944 0.1241
v 0.2504 0.5942 0.1033
v 0.2660 0.5926 0.0777
v 0.2778 0.5895 0.0481
v 0.0615 0.2908 0.0610
v 0.0760 0.2923 0.0962
v 0.0942 0.2914 0.1236
v 0.1152 0.2889 0.1424
v 0.1383 0.2855 0.1523
v 0.1622 0.2818 0.1536
v 0.1860 0.2785 0.1465
v 0.2085 0.2759 0.1317
v 0.2287 0.2747 0.1096
v 0.2456 0.2751 0.0812
v 0.2581 0.2776 0.0478
v -0.1116 0.7550 0.0225
v -0.0952 0.7590 0.0351
v -0.0781 0.7622 0.0450
v -0.0604 0.7645 0.0530
v -0.0424 0.7662 0.0588
v -0.0240 0.7673 0.0628
v -0.0055 0.7679 0.0647
v 0.0132 0.7680 0.0644
v 0.0318 0.7674 0.0620
v 0.0502 0.7662 0.0575
v 0.0682 0.7642 0.0507
v 0.0858 0.7615 0.0411
v -0.2760 0.6036 0.0371
v 0.1026 0.7578 0.0299
v -0.2651 0.6074 0.0675
v -0.2502 0.6095 0.0938
v -0.2323 0.6100 0.1155
v -0.1685 0.6040 0.1506
v -0.2122 0.6092 0.1322
v -0.1465 0.6004 0.1523
v -0.1251 0.5964 0.1494
v -0.1907 0.6071 0.1439
v -0.1049 0.5927 0.1423
v -0.0861 0.5894 0.1317
v -0.0686 0.5871 0.1189
v -0.2712 0.2953 0.0260
v -0.0521 0.5856 0.1056
v -0.2617 0.2915 0.0602
v -0.0362 0.5851 0.0938
v -0.2470 0.2899 0.0910
v -0.0205 0.5851 0.0855
v -0.0049 0.5852 0.0821
v -0.2282 0.2901 0.1158
v 0.0107 0.5853 0.0846
v 0.0263 0.5855 0.0928
v -0.2065 0.2918 0.1335
v 0.0421 0.5861 0.1050
v -0.1829 0.2946 0.1434
v 0.0585 0.5875 0.1191
v -0.1587 0.2980 0.1448
v 0.0758 0.5899 0.1326
v -0.1352 0.3014 0.1370
v 0.0945 0.5931 0.1439
v 0.1145 0.5969 0.1518
v -0.1135 0.3041 0.1195
v 0.1357 0.6008 0.1556
v -0.0949 0.3054 0.0923
v 0.1577 0.6045 0.1548
v -0.0806 0.3042 0.0560
v 0.1799 0.6076 0.1493
v 0.2017 0.6098 0.1389
v 0.2223 0.6109 0.1236
v 0.2409 0.6107 0.1035
v 0.2569 0.6090 0.0789
v 0.1717 0.2961 0.1517
v 0.1956 0.2930 0.1441
v 0.2180 0.2908 0.1287
v 0.2379 0.2898 0.1062
v 0.2543 0.2905 0.0774
v 0.2662 0.2932 0.0435
v -0.2700 0.3072 0.0555
v -0.2561 0.3054 0.0871
v 0.0702 0.3051 0.0593
v -0.2378 0.3053 0.1127
v 0.0845 0.3065 0.0951
v -0.2163 0.3066 0.1313
v 0.1450 0.1050 0.1872
v 0.1029 0.3055 0.1228
v -0.1927 0.3091 0.1421
v 0.1605 0.1073 0.1647
v 0.1242 0.3029 0.1414
v 0.1755 0.1113 0.1285
v -0.1683 0.3122 0.1443
v 0.1475 0.2996 0.1510
v 0.1914 0.1155 0.0963
v 0.2081 0.1185 0.0851
v -0.1443 0.3154 0.1373
v 0.2250 0.1207 0.0828
v 0.1602 0.3884 0.1420
v -0.2920 0.3551 0.0343
v -0.1222 0.3182 0.1205
v 0.2421 0.1224 0.0835
v 0.1851 0.3865 0.1504
v -0.2819 0.3527 0.0691
v 0.2594 0.1239 0.0856
v -0.2663 0.3517 0.0987
v 0.2104 0.3848 0.1493
v -0.1032 0.3196 0.0938
v 0.2769 0.1252 0.0886
v -0.2466 0.3519 0.1216
v 0.2348 0.3835 0.1397
v 0.2946 0.1263 0.0920
v -0.2237 0.3532 0.1370
v -0.0886 0.3188 0.0574
v 0.2570 0.3828 0.1223
v 0.3126 0.1272 0.0957
v -0.1991 0.3553 0.1440
v 0.2759 0.3828 0.0978
v 0.3310 0.1280 0.0994
v -0.1741 0.3578 0.1419
v 0.2903 0.3838 0.0674
v -0.1502 0.3602 0.1299
v 0.3500 0.1285 0.1028
v 0.2994 0.3859 0.0324
v -0.1289 0.3620 0.1075
v -0.1119 0.3625 0.0746
v 0.3695 0.1285 0.1056
v 0.3896 0.1278 0.1073
v -0.1010 0.3609 0.0318
v 0.4102 0.1261 0.1071
v 0.4309 0.1234 0.1031
v 0.4511 0.1192 0.0932
v 0.4692 0.1137 0.0746
v 0.4826 0.1078 0.0450
v -0.4822 0.1236 0.0418
v -0.4670 0.1299 0.0677
v -0.4477 0.1349 0.0808
v -0.4273 0.1380 0.0852
v -0.4070 0.1396 0.0846
v -0.2964 0.3848 0.0501
v -0.3873 0.1402 0.0816
v -0.2841 0.3834 0.0830
v -0.3682 0.1400 0.0773
v -0.2668 0.3830 0.1100
v -0.3496 0.1393 0.0726
v -0.2455 0.3835 0.1299
v -0.3315 0.1382 0.0677
v -0.2215 0.3847 0.1418
v -0.3137 0.1369 0.0627
v 0.0786 0.3196 0.0595
v -0.1962 0.3863 0.1450
v -0.2962 0.1354 0.0575
v -0.1711 0.3882 0.1385
v -0.2789 0.1337 0.0521
v 0.0930 0.3206 0.0957
v -0.1478 0.3900 0.1216
v -0.2618 0.1318 0.0469
v -0.1281 0.3911 0.0935
v -0.2448 0.1299 0.0420
v -0.1139 0.3909 0.0548
v 0.1117 0.3194 0.1233
v -0.2279 0.1277 0.0372
v 0.1334 0.3169 0.1415
v 0.1571 0.3137 0.1504
v -0.1656 0.1191 0.1370
v -0.3022 0.4010 0.0385
v 0.1815 0.3104 0.1503
v -0.2921 0.3995 0.0726
v -0.1500 0.1187 0.1700
v 0.2054 0.3076 0.1418
v -0.2764 0.3988 0.1018
v -0.1325 0.1190 0.1904
v 0.2276 0.3057 0.1256
v -0.2564 0.3990 0.1243
v -0.1139 0.1198 0.2038
v 0.2471 0.3051 0.1023
v 0.1023 0.3629 0.0731
v -0.2332 0.3997 0.1392
v -0.0948 0.1209 0.2127
v 0.2629 0.3061 0.0728
v 0.1187 0.3626 0.1080
v -0.2081 0.4009 0.1455
v 0.2738 0.3090 0.0386
v -0.0760 0.1220 0.2184
v -0.1826 0.4024 0.1424
v 0.1394 0.3609 0.1324
v -0.1583 0.4039 0.1290
v -0.0575 0.1230 0.2219
v -0.1370 0.4052 0.1043
v 0.1630 0.3585 0.1463
v -0.0396 0.1236 0.2240
v -0.1208 0.4055 0.0683
v 0.1878 0.3559 0.1505
v -0.0223 0.1239 0.2252
v 0.2126 0.3537 0.1457
v -0.0053 0.1239 0.2259
v 0.2361 0.3521 0.1327
v 0.0115 0.1237 0.2262
v 0.2569 0.3514 0.1122
v 0.0287 0.1232 0.2261
v 0.2742 0.3518 0.0851
v 0.2867 0.3536 0.0524
v 0.0462 0.1224 0.2251
v 0.0644 0.1214 0.2229
v 0.0830 0.1203 0.2189
v 0.1018 0.1191 0.2122
v 0.1205 0.1182 0.2018
v 0.1386 0.1177 0.1861
v 0.1049 0.3907 0.0515
v 0.1553 0.1181 0.1614
v 0.1695 0.1195 0.1152
v 0.1183 0.3911 0.0930
v 0.4475 0.1605 0.0411
v 0.2181 0.1274 0.0383
v 0.1374 0.3900 0.1232
v 0.2350 0.1295 0.0421
v 0.4671 0.1576 0.0349
v 0.2520 0.1314 0.0464
v 0.2691 0.1331 0.0511
v 0.2863 0.1347 0.0561
v 0.3036 0.1363 0.0614
v 0.3212 0.1378 0.0669
v 0.3391 0.1391 0.0720
v 0.3575 0.1401 0.0770
v 0.3764 0.1407 0.0816
v 0.0868 0.3340 0.0618
v -0.2779 0.3231 0.0497
v 0.3960 0.1405 0.0855
v -0.2650 0.3210 0.0823
v 0.1015 0.3347 0.0981
v 0.4162 0.1394 0.0876
v -0.2474 0.3206 0.1090
v 0.1206 0.3333 0.1252
v -0.2262 0.3216 0.1288
v 0.4368 0.1370 0.0857
v 0.1429 0.3308 0.1425
v -0.2027 0.3237 0.1407
v 0.4570 0.1330 0.0770
v 0.1669 0.3277 0.1502
v 0.4748 0.1272 0.0580
v 0.1915 0.3247 0.1489
v 0.4863 0.1209 0.0260
v -0.1782 0.3265 0.1442
v 0.2154 0.3223 0.1393
v 0.2374 0.3208 0.1219
v -0.1538 0.3295 0.1384
v 0.2563 0.3205 0.0976
v -0.4725 0.1430 0.0490
v -0.1312 0.3322 0.1228
v 0.2712 0.3218 0.0672
v -0.2978 0.3713 0.0244
v -0.4531 0.1478 0.0616
v -0.1116 0.3338 0.0970
v -0.1928 0.1605 0.0356
v 0.2810 0.3248 0.0323
v -0.2895 0.3687 0.0604
v -0.4327 0.1499 0.0636
v -0.1813 0.1582 0.0891
v -0.2755 0.3675 0.0916
v -0.0965 0.3334 0.0612
v -0.4130 0.1505 0.0604
v -0.1646 0.1589 0.1329
v -0.2567 0.3674 0.1165
v -0.3940 0.1500 0.0553
v -0.1450 0.1611 0.1626
v -0.2345 0.3682 0.1340
v -0.3757 0.1490 0.0493
v -0.1240 0.1640 0.1805
v -0.2101 0.3699 0.1433
v -0.3578 0.1476 0.0428
v -0.1849 0.3720 0.1437
v -0.1027 0.1670 0.1900
v -0.3403 0.1458 0.0370
v -0.1603 0.3742 0.1342
v -0.3231 0.1437 0.0314
v -0.0821 0.1695 0.1937
v -0.1381 0.3760 0.1143
v -0.1198 0.3769 0.0835
v -0.0625 0.1713 0.1939
v -0.1075 0.3760 0.0426
v -0.0444 0.1723 0.1921
v -0.0278 0.1725 0.1902
v -0.0126 0.1723 0.1894
v -0.1758 0.1318 0.0791
v 0.0021 0.1721 0.1901
v -0.1611 0.1316 0.1401
v -0.1434 0.1325 0.1720
v 0.0170 0.1720 0.1921
v -0.1242 0.1340 0.1909
v -0.1045 0.1358 0.2025
v 0.0331 0.1717 0.1950
v -0.0849 0.1374 0.2094
v 0.0507 0.1707 0.1979
v -0.0658 0.1388 0.2132
v -0.0476 0.1397 0.2151
v 0.0698 0.1690 0.1993
v -0.0302 0.1402 0.2160
v 0.0901 0.1666 0.1976
v -0.0135 0.1404 0.2166
v 0.1111 0.1638 0.1914
v 0.0028 0.1403 0.2172
v 0.1325 0.1608 0.1784
v 0.1532 0.1581 0.1556
v 0.0193 0.1399 0.2176
v 0.1723 0.1566 0.1196
v 0.1880 0.1572 0.0727
v 0.0363 0.1392 0.2178
v -0.2853 0.3390 0.0426
v 0.0542 0.1382 0.2172
v -0.2736 0.3368 0.0763
v -0.2569 0.3361 0.1044
v 0.0728 0.1368 0.2149
v -0.2363 0.3367 0.1256
v 0.0921 0.1352 0.2102
v -0.2131 0.3384 0.1391
v 0.1117 0.1334 0.2017
v -0.1884 0.3408 0.1442
v 0.0985 0.3759 0.0381
v 0.1312 0.1318 0.1876
v -0.1637 0.3436 0.1400
v 0.1101 0.3771 0.0820
v 0.1498 0.1306 0.1644
v -0.1405 0.3462 0.1260
v 0.1667 0.1302 0.1223
v 0.1278 0.3764 0.1152
v -0.1201 0.3479 0.1016
v 0.1495 0.3746 0.1371
v 0.1737 0.3724 0.1485
v -0.1042 0.3480 0.0670
v 0.0989 0.1812 0.1891
v 0.1989 0.3702 0.1502
v 0.2236 0.3684 0.1432
v 0.1208 0.1778 0.1822
v 0.3131 0.1429 0.0297
v 0.2466 0.3673 0.1281
v 0.1427 0.1745 0.1674
v 0.3303 0.1452 0.0362
v 0.1637 0.1718 0.1428
v 0.2666 0.3670 0.1057
v 0.3476 0.1473 0.0420
v 0.1823 0.1706 0.1081
v 0.3653 0.1491 0.0481
v 0.1972 0.1718 0.0665
v 0.2826 0.3677 0.0770
v 0.3835 0.1504 0.0547
v 0.2935 0.3697 0.0431
v 0.4023 0.1510 0.0608
v 0.4219 0.1510 0.0653
v 0.4422 0.1496 0.0656
v 0.4625 0.1462 0.0582
v 0.4796 0.1403 0.0388
v -0.1749 0.0652 0.1952
v -0.1590 0.0621 0.2043
v -0.1431 0.0596 0.2125
v -0.4766 0.1548 0.0243
v -0.1268 0.0580 0.2198
v -0.4582 0.1590 0.0385
v -0.1101 0.0571 0.2262
v -0.4381 0.1599 0.0374
v -0.4195 0.1586 0.0322
v -0.0930 0.0568 0.2316
v -0.4016 0.1569 0.0257
v -0.0756 0.0568 0.2362
v -0.0580 0.0570 0.2397
v -0.0403 0.0572 0.2424
v 0.0946 0.3485 0.0663
v -0.0225 0.0573 0.2441
v 0.1100 0.3487 0.1023
v -0.0047 0.0573 0.2449
v 0.1298 0.3471 0.1283
v -0.2014 0.1750 0.0327
v 0.1527 0.3446 0.1442
v 0.0130 0.0571 0.2449
v -0.1903 0.1721 0.0788
v 0.1772 0.3418 0.1503
v -0.1742 0.1724 0.1198
v 0.0308 0.0568 0.2439
v -0.1548 0.1746 0.1505
v -0.1847 0.1460 0.0475
v -0.1335 0.1778 0.1702
v -0.1718 0.1447 0.1089
v 0.0485 0.0565 0.2421
v 0.2019 0.3391 0.1475
v -0.1543 0.1457 0.1513
v -0.1116 0.1813 0.1806
v 0.2256 0.3371 0.1363
v -0.1347 0.1477 0.1767
v 0.0661 0.0562 0.2392
v 0.2472 0.3360 0.1175
v -0.0901 0.1844 0.1840
v -0.1142 0.1501 0.1915
v 0.0835 0.0560 0.2354
v 0.2654 0.3361 0.0919
v -0.0697 0.1867 0.1825
v -0.0938 0.1524 0.1997
v 0.2792 0.3376 0.0603
v 0.1007 0.0563 0.2306
v -0.0509 0.1881 0.1779
v 0.2878 0.3408 0.0235
v -0.0740 0.1543 0.2036
v 0.1174 0.0571 0.2248
v -0.0339 0.1883 0.1725
v -0.0552 0.1557 0.2049
v 0.1338 0.0587 0.2180
v -0.0188 0.1877 0.1687
v -0.0376 0.1564 0.2050
v 0.1498 0.0611 0.2102
v -0.0051 0.1870 0.1681
v 0.1656 0.0641 0.2014
v 0.0084 0.1872 0.1703
v 0.1816 0.0675 0.1920
v 0.0230 0.1876 0.1751
v 0.1979 0.0708 0.1831
v 0.0395 0.1874 0.1814
v 0.2146 0.0736 0.1758
v -0.0211 0.1566 0.2048
v 0.2318 0.0757 0.1707
v 0.0578 0.1862 0.1870
v 0.2495 0.0773 0.1675
v -0.0053 0.1565 0.2051
v 0.0777 0.1841 0.1902
v 0.2677 0.0784 0.1655
v 0.0103 0.1563 0.2060
v 0.2865 0.0792 0.1643
v 0.0265 0.1559 0.2072
v 0.3058 0.0796 0.1634
v 0.0437 0.1551 0.2083
v -0.0575 0.2036 0.1635
v 0.3258 0.0797 0.1624
v 0.0620 0.1537 0.2084
v -0.0399 0.2040 0.1526
v 0.0814 0.1519 0.2064
v 0.3463 0.0795 0.1607
v -0.0244 0.2029 0.1419
v 0.1015 0.1496 0.2009
v 0.3674 0.0788 0.1579
v -0.0110 0.2010 0.1361
v 0.1220 0.1472 0.1902
v 0.3888 0.0776 0.1532
v 0.1422 0.1449 0.1715
v 0.1613 0.1433 0.1395
v 0.0011 0.2006 0.1372
v 0.4101 0.0757 0.1456
v 0.1780 0.1431 0.0864
v 0.4309 0.0731 0.1339
v 0.4502 0.0698 0.1168
v 0.0139 0.2023 0.1443
v 0.4670 0.0660 0.0932
v 0.0289 0.2033 0.1557
v 0.4797 0.0624 0.0625
v -0.2987 0.0385 0.1853
v 0.4869 0.0599 0.0266
v 0.0460 0.2031 0.1673
v -0.2791 0.0378 0.1875
v -0.4838 0.0916 0.0424
v -0.4795 0.0780 0.0603
v -0.2601 0.0367 0.1897
v 0.0651 0.2016 0.1765
v -0.4719 0.0967 0.0754
v -0.4661 0.0826 0.0901
v -0.4488 0.0872 0.1117
v -0.4552 0.1020 0.0982
v -0.2418 0.0354 0.1924
v 0.0859 0.1990 0.1816
v -0.4292 0.0911 0.1261
v -0.4358 0.1066 0.1124
v -0.4153 0.1100 0.1204
v -0.4084 0.0940 0.1351
v -0.2240 0.0337 0.1957
v 0.1079 0.1956 0.1811
v 0.3915 0.1570 0.0255
v -0.3944 0.1122 0.1241
v -0.3873 0.0961 0.1403
v -0.2068 0.0318 0.1996
v 0.4093 0.1589 0.0330
v -0.3663 0.0973 0.1430
v -0.3738 0.1136 0.1252
v 0.1304 0.1919 0.1739
v -0.1901 0.0297 0.2041
v -0.3536 0.1142 0.1247
v 0.4278 0.1603 0.0394
v 0.1526 0.1885 0.1583
v -0.3458 0.0980 0.1440
v -0.1738 0.0276 0.2090
v 0.1735 0.1860 0.1338
v -0.3339 0.1143 0.1233
v -0.3257 0.0981 0.1442
v -0.1576 0.0258 0.2141
v 0.1918 0.1851 0.1012
v -0.3148 0.1140 0.1215
v -0.3062 0.0979 0.1438
v -0.1415 0.0244 0.2192
v 0.2062 0.1866 0.0631
v -0.2873 0.0973 0.1434
v -0.2961 0.1134 0.1195
v -0.1254 0.0236 0.2243
v -0.2778 0.1125 0.1177
v -0.2688 0.0964 0.1434
v -0.1090 0.0233 0.2293
v -0.2600 0.1114 0.1165
v -0.2508 0.0952 0.1443
v -0.0922 0.0234 0.2339
v -0.2424 0.1099 0.1163
v -0.2333 0.0934 0.1468
v -0.0752 0.0237 0.2381
v -0.2253 0.1080 0.1183
v -0.2162 0.0911 0.1520
v -0.2084 0.1054 0.1244
v -0.0578 0.0240 0.2416
v -0.1996 0.0880 0.1610
v -0.1921 0.1017 0.1383
v -0.0402 0.0243 0.2443
v -0.1765 0.0974 0.1596
v -0.1835 0.0842 0.1739
v -0.0223 0.0244 0.2462
v -0.1678 0.0803 0.1876
v -0.1613 0.0937 0.1796
v -0.0044 0.0244 0.2471
v -0.1522 0.0772 0.1997
v -0.1457 0.0912 0.1952
v 0.0137 0.0242 0.2470
v -0.1361 0.0750 0.2099
v -0.1293 0.0898 0.2073
v 0.0316 0.0238 0.2459
v -0.1195 0.0738 0.2184
v -0.1119 0.0893 0.2167
v 0.1652 0.0270 0.2129
v -0.1023 0.0733 0.2254
v 0.0495 0.0234 0.2439
v -0.0941 0.0893 0.2239
v -0.0847 0.0732 0.2310
v 0.1812 0.0291 0.2079
v -0.0670 0.0734 0.2353
v -0.0761 0.0897 0.2293
v 0.0670 0.0230 0.2409
v -0.0492 0.0737 0.2385
v -0.0581 0.0901 0.2332
v 0.1975 0.0312 0.2031
v 0.0842 0.0227 0.2373
v -0.0315 0.0739 0.2406
v -0.0403 0.0904 0.2358
v 0.2143 0.0332 0.1988
v 0.1010 0.0226 0.2329
v -0.0138 0.0740 0.2419
v -0.0226 0.0906 0.2374
v 0.0039 0.0739 0.2423
v 0.1174 0.0230 0.2282
v 0.2316 0.0349 0.1951
v -0.0051 0.0906 0.2383
v 0.0215 0.0736 0.2419
v 0.2496 0.0362 0.1921
v 0.1335 0.0238 0.2232
v 0.0124 0.0904 0.2383
v 0.0392 0.0732 0.2406
v 0.2681 0.0373 0.1897
v 0.1494 0.0252 0.2181
v 0.0299 0.0901 0.2376
v 0.0569 0.0728 0.2382
v 0.2874 0.0381 0.1875
v -0.1834 0.1861 0.1115
v 0.0476 0.0896 0.2359
v 0.0746 0.0725 0.2348
v 0.3073 0.0386 0.1852
v -0.1641 0.1882 0.1412
v -0.2106 0.1893 0.0331
v -0.1427 0.1916 0.1613
v 0.0921 0.0725 0.2301
v 0.0654 0.0890 0.2331
v 0.3279 0.0388 0.1825
v 0.1094 0.0729 0.2241
v 0.0833 0.0886 0.2288
v -0.1204 0.1954 0.1721
v 0.3491 0.0388 0.1789
v -0.1992 0.1862 0.0740
v 0.1262 0.0740 0.2165
v 0.1011 0.0885 0.2229
v 0.3707 0.0385 0.1737
v -0.0982 0.1990 0.1750
v 0.3040 0.1137 0.1220
v 0.1425 0.0761 0.2072
v 0.1185 0.0889 0.2149
v 0.3925 0.0379 0.1661
v 0.1583 0.0792 0.1959
v -0.0771 0.2019 0.1716
v 0.3229 0.1142 0.1239
v 0.1353 0.0901 0.2044
v 0.4139 0.0370 0.1553
v -0.2693 0.1243 0.0854
v 0.1740 0.0830 0.1824
v 0.3423 0.1143 0.1257
v 0.1514 0.0925 0.1907
v 0.4344 0.0357 0.1403
v 0.1901 0.0869 0.1686
v 0.0044 0.0407 0.2466
v 0.4530 0.0341 0.1200
v 0.3623 0.1141 0.1267
v 0.2065 0.0902 0.1575
v 0.1669 0.0962 0.1723
v -0.2519 0.1229 0.0825
v 0.0223 0.0404 0.2461
v 0.4688 0.0323 0.0938
v 0.1826 0.1005 0.1500
v 0.2235 0.0928 0.1506
v 0.3828 0.1131 0.1266
v 0.4806 0.0307 0.0616
v 0.0401 0.0401 0.2446
v 0.2408 0.0946 0.1469
v 0.1988 0.1044 0.1320
v -0.2348 0.1211 0.0805
v 0.4873 0.0296 0.0243
v 0.4037 0.1114 0.1243
v 0.2585 0.0960 0.1452
v 0.2155 0.1073 0.1227
v 0.0578 0.0397 0.2422
v 0.4246 0.1086 0.1187
v 0.2767 0.0969 0.1448
v 0.2326 0.1094 0.1189
v -0.2178 0.1191 0.0806
v 0.0752 0.0395 0.2390
v -0.4807 0.0463 0.0594
v 0.4449 0.1047 0.1078
v 0.2954 0.0976 0.1450
v 0.2500 0.1109 0.1180
v -0.4688 0.0490 0.0914
v 0.0923 0.0395 0.2349
v -0.4529 0.0519 0.1169
v -0.2011 0.1164 0.0857
v 0.4633 0.0998 0.0897
v 0.3146 0.0980 0.1454
v 0.2676 0.1121 0.1186
v 0.1091 0.0399 0.2301
v -0.4341 0.0545 0.1362
v 0.4781 0.0944 0.0623
v -0.4136 0.0566 0.1500
v 0.3343 0.0980 0.1456
v 0.2856 0.1130 0.1201
v 0.4868 0.0901 0.0254
v 0.1255 0.0408 0.2247
v -0.1850 0.1123 0.1090
v -0.3923 0.0582 0.1597
v 0.3546 0.0977 0.1451
v 0.1415 0.0425 0.2188
v 0.3966 0.0952 0.1397
v -0.1702 0.1083 0.1454
v -0.3708 0.0593 0.1662
v 0.3755 0.0968 0.1434
v -0.4772 0.1103 0.0597
v 0.1574 0.0447 0.2125
v -0.4612 0.1162 0.0837
v 0.4177 0.0928 0.1328
v -0.3494 0.0598 0.1705
v 0.1733 0.0474 0.2059
v -0.4420 0.1211 0.0975
v -0.1987 0.0509 0.1948
v 0.4382 0.0894 0.1214
v -0.4215 0.1246 0.1039
v 0.1894 0.0501 0.1992
v -0.1823 0.0482 0.2011
v 0.4570 0.0852 0.1037
v -0.3284 0.0600 0.1734
v -0.4009 0.1268 0.1056
v -0.1556 0.1060 0.1731
v 0.4728 0.0806 0.0783
v -0.1662 0.0455 0.2077
v 0.2060 0.0527 0.1932
v -0.3081 0.0598 0.1755
v -0.3807 0.1279 0.1048
v 0.4838 0.0764 0.0449
v -0.1502 0.0433 0.2142
v 0.2230 0.0549 0.1882
v -0.3610 0.1283 0.1025
v -0.1341 0.0416 0.2203
v -0.2884 0.0593 0.1773
v 0.2405 0.0567 0.1843
v -0.2508 0.0572 0.1815
v -0.1177 0.0406 0.2260
v -0.3418 0.1281 0.0994
v -0.2693 0.0584 0.1791
v 0.2587 0.0580 0.1815
v -0.1394 0.1048 0.1917
v -0.2329 0.0555 0.1848
v -0.1010 0.0402 0.2312
v -0.3231 0.1276 0.0960
v 0.2774 0.0589 0.1794
v -0.2155 0.0534 0.1892
v -0.0840 0.0402 0.2358
v -0.3048 0.1267 0.0924
v -0.0670 0.1062 0.2264
v -0.0666 0.0403 0.2396
v -0.2869 0.1256 0.0888
v 0.2968 0.0595 0.1776
v 0.4427 0.0533 0.1291
v -0.0491 0.0406 0.2427
v -0.0490 0.1068 0.2295
v 0.3168 0.0598 0.1757
v 0.4604 0.0506 0.1071
v -0.0313 0.0408 0.2449
v -0.1220 0.1046 0.2052
v 0.3374 0.0598 0.1733
v 0.4747 0.0478 0.0786
v -0.0313 0.1072 0.2315
v 0.0382 0.1063 0.2320
v -0.0135 0.0408 0.2462
v 0.4844 0.0455 0.0442
v 0.3586 0.0594 0.1699
v -0.0139 0.1073 0.2326
v -0.0854 0.1055 0.2217
v 0.0560 0.1056 0.2300
v -0.1038 0.1049 0.2149
v -0.4846 0.0606 0.0413
v 0.3802 0.0587 0.1646
v 0.0034 0.1072 0.2331
v 0.0207 0.1069 0.2329
v 0.0741 0.1049 0.2266
v -0.4746 0.0638 0.0763
v -0.4598 0.0677 0.1039
v 0.4017 0.0574 0.1568
v -0.4418 0.0714 0.1244
v 0.0924 0.1042 0.2212
v -0.4218 0.0744 0.1387
v -0.4008 0.0768 0.1483
v -0.2783 0.0788 0.1635
v 0.1105 0.1037 0.2135
v -0.2243 0.0743 0.1716
v -0.2074 0.0717 0.1778
v -0.3794 0.0784 0.1544
v -0.2598 0.0778 0.1650
v 0.1282 0.1039 0.2025
v -0.1909 0.0686 0.1860
v -0.3582 0.0793 0.1582
v -0.2418 0.0763 0.1675
v 0.4228 0.0556 0.1453
v -0.3374 0.0798 0.1604
v -0.2974 0.0795 0.1626
v -0.3171 0.0798 0.1617
v -0.4447 -0.1354 0.0717
v -0.4240 -0.1375 0.0724
v -0.4042 -0.1380 0.0686
v -0.3851 -0.1376 0.0627
v -0.3666 -0.1365 0.0559
v -0.3486 -0.1349 0.0483
v -0.3311 -0.1329 0.0408
v -0.3140 -0.1306 0.0332
v -0.2970 -0.1282 0.0240
v 0.1376 -0.2529 0.0455
v -0.1077 -0.2500 0.1229
v -0.0902 -0.2490 0.1540
v -0.1184 -0.1201 0.0687
v -0.1067 -0.1206 0.1235
v -0.0696 -0.2483 0.1781
v -0.1294 -0.2529 0.0422
v -0.0910 -0.1209 0.1612
v -0.0464 -0.2477 0.1952
v -0.1210 -0.2513 0.0854
v -0.0725 -0.1212 0.1872
v -0.0217 -0.2474 0.2054
v 0.0038 -0.2473 0.2087
v -0.0519 -0.1214 0.2047
v 0.0160 -0.1222 0.2202
v -0.0299 -0.1216 0.2155
v 0.0294 -0.2473 0.2054
v 0.0387 -0.1225 0.2145
v -0.0070 -0.1219 0.2206
v 0.0541 -0.2476 0.1953
v 0.0605 -0.1228 0.2030
v 0.0773 -0.2481 0.1785
v 0.0807 -0.1231 0.1845
v 0.0980 -0.2489 0.1547
v 0.1237 -0.1217 0.0596
v 0.1155 -0.2499 0.1241
v 0.0987 -0.1231 0.1573
v 0.1290 -0.2512 0.0874
v 0.1135 -0.1228 0.1177
v -0.1247 -0.2374 0.0603
v -0.1142 -0.2361 0.1020
v -0.0989 -0.2350 0.1374
v -0.1498 0.7367 0.0260
v 0.1297 -0.1037 0.0822
v -0.4685 -0.1527 0.0252
v -0.4845 -0.1047 0.0317
v -0.4816 -0.1364 0.0274
v -0.4441 -0.1549 0.0292
v -0.4323 -0.1536 0.0286
v -0.4852 -0.0738 0.0328
v -0.4858 -0.0435 0.0312
v -0.4860 -0.0130 0.0317
v -0.4861 0.0118 0.0317
v -0.4191 -0.1510 0.0297
v -0.3576 -0.1391 0.0329
v -0.3402 -0.1362 0.0293
v -0.2863 -0.1255 0.0301
v -0.2759 -0.1236 0.0288
v -0.2622 -0.1208 0.0299
v -0.1844 -0.7637 0.0235
v -0.1890 -0.6998 0.0306
v -0.1839 -0.6607 0.0340
v -0.1868 -0.6777 0.0272
v -0.1807 -0.6317 0.0298
v -0.1738 -0.5794 0.0304
v -0.1710 -0.5570 0.0292
v -0.1648 -0.5109 0.0305
v -0.1583 -0.4651 0.0353
v -0.1549 -0.4366 0.0313
v -0.1612 -0.4825 0.0282
v -0.1450 -0.3623 0.0312
v -0.1388 -0.3163 0.0325
v -0.1479 -0.3847 0.0326
v -0.1353 -0.2880 0.0296
v -0.1848 -0.1078 0.0381
v -0.2019 -0.1097 0.0397
v -0.1677 -0.1057 0.0381
v -0.1317 -0.2655 0.0360
v -0.1289 -0.2422 0.0341
v -0.1230 -0.1968 0.0400
v -0.1218 -0.1615 0.0429
v -0.1181 -0.1091 0.0749
v -0.1208 -0.1317 0.0487
v -0.4860 0.0476 0.0326
v -0.4850 0.1091 0.0342
v -0.4858 0.0779 0.0330
v -0.4838 0.1354 0.0315
v -0.4464 0.1629 0.0264
v -0.3842 0.1532 0.0329
v -0.3055 0.1402 0.0368
v -0.3666 0.1508 0.0302
v -0.3493 0.1483 0.0279
v -0.2883 0.1377 0.0346
v -0.2711 0.1351 0.0327
v -0.2901 0.3453 0.0264
v -0.3001 0.3822 0.0275
v -0.2840 0.3288 0.0303
v -0.2774 0.3123 0.0320
v -0.3089 0.4366 0.0264
v -0.3100 0.4590 0.0269
v -0.3085 0.4981 0.0255
v -0.3017 0.5364 0.0277
v -0.2814 0.5968 0.0232
v -0.2732 0.6126 0.0252
v -0.2546 0.6429 0.0248
v -0.2644 0.6281 0.0243
v -0.2104 0.1235 0.0509
v -0.1935 0.1200 0.0613
v -0.1776 0.1147 0.1050
v -0.1133 0.4020 0.0393
v -0.0091 0.2098 0.0973
v -0.0817 0.3135 0.0373
v -0.0890 0.3287 0.0369
v -0.0737 0.2987 0.0378
v -0.0650 0.2842 0.0385
v -0.0557 0.2702 0.0398
v -0.0458 0.2565 0.0420
v -0.0978 0.3500 0.0365
v -0.1087 0.3856 0.0344
v -0.0002 0.2092 0.0994
v -0.1171 0.4293 0.0339
v -0.1130 0.4927 0.0454
v -0.1065 0.5076 0.0414
v -0.2185 0.6855 0.0261
v -0.1758 0.7208 0.0261
v -0.1296 0.7470 0.0253
v -0.0898 0.5353 0.0447
v -0.0990 0.5219 0.0422
v -0.0575 0.5629 0.0475
v -0.0853 0.7633 0.0270
v -0.0678 0.7674 0.0308
v -0.0052 0.7766 0.0237
v 0.1956 -0.7309 0.0292
v 0.1941 -0.7080 0.0266
v 0.1884 -0.6618 0.0314
v 0.1912 -0.6911 0.0342
v 0.1822 -0.6098 0.0324
v 0.1738 -0.5405 0.0340
v 0.1699 -0.5037 0.0281
v 0.1797 -0.5865 0.0296
v 0.1643 -0.4597 0.0318
v 0.1616 -0.4370 0.0303
v 0.1558 -0.3909 0.0333
v 0.1459 -0.3097 0.0336
v 0.1374 -0.2418 0.0358
v 0.1334 -0.2041 0.0296
v 0.1435 -0.2877 0.0303
v 0.1281 -0.1673 0.0404
v 0.1525 -0.3624 0.0314
v 0.1750 -0.1038 0.0342
v 0.2088 -0.1099 0.0376
v 0.1918 -0.1069 0.0356
v 0.2523 -0.1191 0.0288
v 0.2695 -0.1222 0.0318
v 0.2866 -0.1252 0.0350
v 0.3477 -0.1374 0.0310
v 0.3304 -0.1343 0.0282
v 0.3651 -0.1403 0.0341
v 0.4090 -0.1494 0.0273
v 0.4270 -0.1521 0.0298
v 0.4459 -0.1539 0.0308
v 0.4654 -0.1506 0.0269
v 0.4872 -0.0205 0.0247
v 0.4868 -0.0810 0.0259
v 0.0305 0.2534 0.0436
v 0.0438 0.2714 0.0415
v 0.0367 0.2627 0.0371
v 0.0534 0.2855 0.0399
v 0.0626 0.2998 0.0389
v 0.0712 0.3143 0.0387
v 0.0793 0.3290 0.0392
v 0.0936 0.3594 0.0428
v 0.0868 0.3441 0.0405
v 0.1050 0.4012 0.0395
v 0.1838 0.1190 0.0772
v 0.1774 0.1335 0.0666
v 0.1874 0.1475 0.0494
v 0.2055 0.1770 0.0407
v 0.1966 0.1621 0.0428
v 0.2006 0.1230 0.0560
v 0.2143 0.1919 0.0388
v 0.2231 0.2068 0.0373
v 0.2404 0.2370 0.0338
v 0.2318 0.2219 0.0357
v 0.2488 0.2523 0.0312
v 0.2642 0.2837 0.0303
v 0.2566 0.2679 0.0314
v 0.0432 0.5665 0.0469
v 0.1081 0.4379 0.0339
v 0.1062 0.4657 0.0389
v 0.0799 0.5357 0.0449
v 0.0885 0.5220 0.0430
v 0.0956 0.5074 0.0436
v 0.0126 0.7766 0.0228
v 0.0928 0.7621 0.0230
v 0.0755 0.7667 0.0287
v 0.1202 0.7507 0.0291
v 0.2590 0.6310 0.0301
v 0.2682 0.6157 0.0303
v 0.1929 0.7057 0.0271
v 0.1738 0.7200 0.0288
v 0.1426 0.7393 0.0302
v 0.2270 0.6739 0.0229
v 0.2383 0.6601 0.0272
v 0.2489 0.6457 0.0299
v 0.2613 0.1344 0.0327
v 0.2784 0.1368 0.0344
v 0.2956 0.1392 0.0363
v 0.3565 0.1506 0.0290
v 0.3739 0.1534 0.0306
v 0.2715 0.2996 0.0283
v 0.2907 0.3516 0.0280
v 0.2941 0.3618 0.0261
v 0.2979 0.3757 0.0256
v 0.4362 0.1635 0.0293
v 0.4553 0.1640 0.0269
v 0.4786 0.1506 0.0255
v 0.3031 0.4041 0.0309
v 0.3082 0.4434 0.0263
v 0.3080 0.4827 0.0271
v 0.3016 0.5282 0.0289
v 0.2843 0.5837 0.0285
v 0.2765 0.5998 0.0308
v 0.2910 0.5671 0.0257
v 0.3062 0.5043 0.0239
v 0.1257 -0.1119 0.0722
v -0.4854 -0.1143 0.0259
v -0.4860 -0.0834 0.0273
v -0.4865 -0.0533 0.0251
v -0.4867 -0.0229 0.0256
v -0.4868 0.0218 0.0255
v -0.1755 -0.5894 0.0265
v -0.1496 -0.3947 0.0281
v -0.1337 -0.2758 0.0296
v -0.1234 -0.1873 0.0323
v -0.4869 0.0374 0.0254
v -0.4864 0.0980 0.0273
v -0.4868 0.0674 0.0257
v -0.0936 0.3402 0.0348
v -0.0487 0.5660 0.0401
v 0.1838 -0.6199 0.0281
v 0.1659 -0.4698 0.0266
v 0.1656 0.7263 0.0241
v 0.1520 0.7349 0.0241
v -0.4811 0.0149 -0.0588
v -0.4699 0.0155 -0.0914
v -0.4546 0.0162 -0.1184
v -0.4363 0.0168 -0.1396
v -0.4160 0.0173 -0.1556
v -0.3946 0.0176 -0.1673
v -0.3729 0.0177 -0.1756
v 0.0167 -0.3807 -0.2175
v -0.3512 0.0177 -0.1814
v 0.0422 -0.3809 -0.2120
v 0.0666 -0.3813 -0.2011
v -0.3298 0.0174 -0.1854
v 0.0895 -0.3819 -0.1845
v 0.1100 -0.3827 -0.1622
v -0.3091 0.0170 -0.1884
v 0.1276 -0.3838 -0.1340
v -0.2890 0.0163 -0.1907
v 0.1416 -0.3851 -0.1003
v 0.1514 -0.3867 -0.0617
v -0.2696 0.0155 -0.1928
v -0.2509 0.0144 -0.1949
v -0.2328 0.0131 -0.1973
v -0.2152 0.0116 -0.2002
v -0.1982 0.0100 -0.2035
v -0.1816 0.0085 -0.2072
v -0.1653 0.0073 -0.2113
v -0.1491 0.0064 -0.2157
v -0.1704 -0.5823 -0.0584
v -0.1614 -0.5830 -0.0946
v -0.1331 0.0060 -0.2205
v -0.1485 -0.5847 -0.1265
v -0.1323 -0.5868 -0.1534
v -0.1169 0.0060 -0.2254
v -0.1134 -0.5892 -0.1752
v -0.0924 -0.5914 -0.1922
v -0.0696 -0.5933 -0.2049
v -0.1005 0.0064 -0.2303
v -0.0457 -0.5948 -0.2135
v -0.0838 0.0069 -0.2349
v -0.0209 -0.5957 -0.2185
v -0.0667 0.0075 -0.2389
v 0.0042 -0.5961 -0.2200
v 0.0293 -0.5957 -0.2180
v 0.0540 -0.5948 -0.2126
v 0.0778 -0.5933 -0.2034
v 0.1004 -0.5914 -0.1902
v 0.1212 -0.5892 -0.1725
v 0.1397 -0.5869 -0.1500
v -0.1738 -0.7703 -0.0294
v 0.1555 -0.5847 -0.1224
v -0.1557 -0.7731 -0.0372
v 0.1679 -0.5832 -0.0899
v -0.1373 -0.7740 -0.0390
v 0.1764 -0.5825 -0.0529
v -0.1192 -0.7745 -0.0389
v -0.1014 -0.7748 -0.0381
v -0.0838 -0.7750 -0.0372
v -0.0662 -0.7752 -0.0362
v -0.0487 -0.7752 -0.0354
v -0.0492 0.0079 -0.2423
v -0.0312 -0.7752 -0.0346
v -0.0137 -0.7752 -0.0340
v -0.0314 0.0082 -0.2448
v 0.0038 -0.7751 -0.0336
v 0.0212 -0.7750 -0.0334
v -0.0133 0.0083 -0.2463
v 0.0387 -0.7749 -0.0333
v 0.0562 -0.7747 -0.0334
v 0.0736 -0.7744 -0.0336
v 0.0911 -0.7741 -0.0339
v 0.0049 0.0081 -0.2468
v 0.1087 -0.7738 -0.0343
v 0.1263 -0.7733 -0.0345
v 0.1442 -0.7727 -0.0342
v 0.1623 -0.7720 -0.0332
v 0.1807 -0.7694 -0.0237
v -0.1459 -0.3727 -0.0363
v -0.1388 -0.3708 -0.0779
v -0.1270 -0.3692 -0.1147
v -0.1113 -0.3680 -0.1463
v -0.0923 -0.3670 -0.1720
v -0.0706 -0.3663 -0.1918
v -0.0469 -0.3658 -0.2058
v -0.0219 -0.3655 -0.2141
v -0.1868 -0.7539 -0.0366
v 0.0038 -0.3655 -0.2168
v -0.1706 -0.7593 -0.0559
v -0.1719 -0.5675 -0.0338
v -0.1519 -0.7629 -0.0652
v 0.0295 -0.3656 -0.2141
v -0.1655 -0.5671 -0.0731
v -0.1330 -0.7652 -0.0686
v -0.1550 -0.5678 -0.1082
v -0.1142 -0.7668 -0.0694
v -0.1212 -0.1793 -0.0509
v 0.0545 -0.3659 -0.2057
v -0.0958 -0.7679 -0.0691
v -0.1407 -0.5692 -0.1386
v -0.1116 -0.1784 -0.0977
v -0.0775 -0.7688 -0.0683
v -0.1234 -0.5710 -0.1639
v -0.0969 -0.1777 -0.1367
v 0.0782 -0.3665 -0.1917
v -0.0593 -0.7694 -0.0673
v -0.1036 -0.5729 -0.1843
v -0.0782 -0.1771 -0.1674
v -0.0412 -0.7697 -0.0664
v 0.0999 -0.3673 -0.1719
v -0.0816 -0.5747 -0.2000
v -0.0232 -0.7700 -0.0657
v -0.0566 -0.1768 -0.1896
v -0.0582 -0.5761 -0.2113
v -0.0051 -0.7700 -0.0652
v 0.1188 -0.3683 -0.1461
v -0.0336 -0.5772 -0.2186
v -0.0332 -0.1766 -0.2038
v 0.0129 -0.7700 -0.0649
v 0.0309 -0.7698 -0.0648
v 0.1345 -0.3695 -0.1146
v -0.0085 -0.5777 -0.2220
v 0.0489 -0.7694 -0.0649
v -0.0085 -0.1764 -0.2107
v 0.0669 -0.7689 -0.0653
v 0.1462 -0.3710 -0.0778
v 0.0850 -0.7682 -0.0657
v 0.0169 -0.5777 -0.2218
v 0.1031 -0.7672 -0.0661
v 0.1532 -0.3728 -0.0368
v 0.1215 -0.7659 -0.0661
v 0.0164 -0.1764 -0.2106
v 0.0420 -0.5772 -0.2179
v 0.1400 -0.7643 -0.0650
v 0.1589 -0.7619 -0.0616
v 0.0664 -0.5762 -0.2101
v 0.0410 -0.1764 -0.2035
v 0.0897 -0.5747 -0.1983
v 0.1777 -0.7582 -0.0512
v 0.0644 -0.1765 -0.1889
v 0.1114 -0.5730 -0.1820
v 0.0858 -0.1766 -0.1663
v 0.1929 -0.7524 -0.0289
v 0.1310 -0.5711 -0.1610
v 0.1043 -0.1769 -0.1352
v 0.1479 -0.5694 -0.1350
v 0.1189 -0.1774 -0.0957
v 0.1617 -0.5680 -0.1040
v 0.1284 -0.1784 -0.0489
v 0.1717 -0.5674 -0.0684
v 0.1775 -0.5678 -0.0299
v -0.1937 -0.7344 -0.0244
v -0.1827 -0.7400 -0.0562
v -0.1663 -0.7457 -0.0761
v -0.1478 -0.7502 -0.0873
v -0.1287 -0.7536 -0.0928
v -0.1095 -0.7562 -0.0952
v -0.0904 -0.7581 -0.0960
v -0.0714 -0.7596 -0.0959
v -0.0525 -0.7606 -0.0954
v -0.0336 -0.7613 -0.0949
v -0.0148 -0.7617 -0.0944
v 0.0040 -0.7617 -0.0940
v 0.0227 -0.7615 -0.0938
v 0.0415 -0.7611 -0.0938
v 0.0603 -0.7603 -0.0938
v 0.0791 -0.7591 -0.0938
v 0.0979 -0.7576 -0.0935
v 0.1169 -0.7555 -0.0925
v 0.1360 -0.7528 -0.0898
v 0.1550 -0.7492 -0.0839
v 0.1734 -0.7445 -0.0716
v 0.1892 -0.7386 -0.0491
v -0.1680 -0.5521 -0.0498
v -0.1600 -0.5519 -0.0876
v -0.1479 -0.5525 -0.1212
v -0.1324 -0.5537 -0.1501
v -0.1139 -0.5551 -0.1738
v -0.0931 -0.5565 -0.1927
v -0.0704 -0.5579 -0.2068
v -0.0463 -0.5589 -0.2166
v -0.0213 -0.5596 -0.2222
v 0.0042 -0.5598 -0.2240
v 0.0296 -0.5596 -0.2218
v 0.0545 -0.5590 -0.2157
v -0.1417 -0.3569 -0.0532
v -0.1893 -0.7202 -0.0406
v -0.1326 -0.3552 -0.0930
v 0.0785 -0.5580 -0.2054
v -0.1192 -0.3537 -0.1279
v -0.1776 -0.7255 -0.0717
v -0.1019 -0.3525 -0.1572
v -0.1614 -0.7313 -0.0925
v 0.1010 -0.5567 -0.1907
v -0.0816 -0.3516 -0.1805
v -0.0589 -0.3510 -0.1978
v 0.1216 -0.5552 -0.1713
v -0.1431 -0.7363 -0.1054
v -0.1239 -0.7404 -0.1129
v -0.0345 -0.3506 -0.2092
v 0.1397 -0.5538 -0.1470
v -0.1043 -0.7437 -0.1169
v -0.0091 -0.3504 -0.2148
v -0.0846 -0.7462 -0.1190
v 0.1548 -0.5527 -0.1176
v -0.0649 -0.7481 -0.1199
v -0.0452 -0.7495 -0.1201
v 0.1664 -0.5521 -0.0834
v 0.0167 -0.3505 -0.2148
v -0.0255 -0.7503 -0.1201
v -0.0058 -0.7507 -0.1199
v 0.1739 -0.5524 -0.0452
v 0.0421 -0.3507 -0.2091
v 0.0139 -0.7507 -0.1196
v 0.0335 -0.7502 -0.1193
v 0.0531 -0.7492 -0.1189
v 0.0665 -0.3512 -0.1977
v 0.0728 -0.7478 -0.1182
v -0.1166 -0.1641 -0.0768
v 0.0892 -0.3519 -0.1805
v 0.0924 -0.7458 -0.1169
v -0.1041 -0.1636 -0.1206
v 0.1119 -0.7432 -0.1145
v 0.1095 -0.3528 -0.1572
v -0.0871 -0.1631 -0.1559
v 0.1314 -0.7398 -0.1100
v -0.0669 -0.1629 -0.1821
v 0.1267 -0.3540 -0.1280
v 0.1504 -0.7355 -0.1020
v -0.0444 -0.1627 -0.1999
v 0.1401 -0.3554 -0.0932
v -0.0205 -0.1626 -0.2101
v 0.1685 -0.7302 -0.0880
v 0.1492 -0.3571 -0.0536
v 0.1841 -0.7243 -0.0652
v 0.0040 -0.1626 -0.2133
v 0.1946 -0.7191 -0.0305
v 0.0286 -0.1627 -0.2098
v 0.0523 -0.1627 -0.1992
v 0.0746 -0.1628 -0.1809
v 0.0944 -0.1628 -0.1540
v 0.1110 -0.1629 -0.1177
v 0.1230 -0.1633 -0.0726
v -0.1845 -0.7058 -0.0550
v -0.1721 -0.7110 -0.0853
v -0.1560 -0.7167 -0.1066
v -0.1378 -0.7219 -0.1208
v -0.1184 -0.7263 -0.1299
v -0.0984 -0.7299 -0.1355
v -0.0781 -0.7328 -0.1388
v -0.0577 -0.7349 -0.1407
v -0.0371 -0.7364 -0.1416
v -0.0165 -0.7372 -0.1420
v -0.1687 -0.5378 -0.0257
v 0.0041 -0.7375 -0.1419
v -0.1634 -0.5367 -0.0650
v -0.1537 -0.5366 -0.1016
v 0.0247 -0.7371 -0.1415
v 0.0452 -0.7362 -0.1407
v -0.1402 -0.5370 -0.1338
v 0.0657 -0.7347 -0.1393
v -0.1320 -0.2824 -0.0518
v -0.1234 -0.5379 -0.1609
v 0.0861 -0.7324 -0.1370
v -0.1227 -0.2806 -0.0927
v 0.1062 -0.7295 -0.1333
v -0.1039 -0.5390 -0.1830
v -0.1087 -0.2793 -0.1284
v 0.1260 -0.7257 -0.1272
v -0.0822 -0.5401 -0.2001
v -0.0909 -0.2782 -0.1578
v -0.0587 -0.5410 -0.2126
v 0.1452 -0.7211 -0.1175
v -0.0699 -0.2774 -0.1807
v -0.0340 -0.5417 -0.2206
v -0.0467 -0.2768 -0.1970
v 0.1631 -0.7158 -0.1023
v -0.0087 -0.5421 -0.2245
v -0.0218 -0.2765 -0.2066
v 0.1787 -0.7100 -0.0794
v 0.0169 -0.5421 -0.2243
v 0.0038 -0.2764 -0.2099
v 0.1901 -0.7048 -0.0467
v 0.0423 -0.5418 -0.2200
v 0.0294 -0.2765 -0.2067
v 0.0668 -0.5411 -0.2115
v 0.0543 -0.2768 -0.1972
v 0.0901 -0.5402 -0.1985
v -0.4557 -0.1572 -0.0243
v 0.0776 -0.2774 -0.1811
v 0.1117 -0.5392 -0.1809
v 0.0986 -0.2782 -0.1585
v 0.1309 -0.5381 -0.1583
v 0.1165 -0.2793 -0.1294
v 0.1474 -0.5373 -0.1306
v 0.1306 -0.2807 -0.0941
v 0.1605 -0.5368 -0.0980
v 0.1401 -0.2824 -0.0534
v 0.1696 -0.5370 -0.0612
v -0.1428 -0.3432 -0.0277
v -0.1367 -0.3413 -0.0692
v -0.1257 -0.3396 -0.1074
v -0.1106 -0.3383 -0.1402
v -0.1877 -0.6882 -0.0308
v -0.0919 -0.3372 -0.1671
v -0.1794 -0.6914 -0.0686
v -0.0704 -0.3364 -0.1879
v -0.1664 -0.6965 -0.0979
v -0.0469 -0.3358 -0.2026
v -0.1502 -0.7019 -0.1194
v -0.0219 -0.3355 -0.2113
v -0.1318 -0.7071 -0.1345
v 0.0038 -0.3354 -0.2142
v -0.1121 -0.7115 -0.1448
v 0.0295 -0.3356 -0.2113
v -0.0917 -0.7152 -0.1516
v 0.0544 -0.3360 -0.2026
v -0.0707 -0.7181 -0.1560
v -0.0495 -0.7202 -0.1586
v 0.0780 -0.3366 -0.1880
v -0.0281 -0.7216 -0.1601
v -0.1203 -0.1496 -0.0542
v 0.0995 -0.3374 -0.1673
v -0.0066 -0.7223 -0.1606
v 0.0149 -0.7223 -0.1604
v -0.1102 -0.1492 -0.1037
v 0.0363 -0.7215 -0.1594
v 0.1181 -0.3385 -0.1406
v 0.0577 -0.7200 -0.1575
v -0.0950 -0.1490 -0.1440
v 0.0788 -0.7178 -0.1544
v 0.1333 -0.3399 -0.1079
v 0.0996 -0.7148 -0.1496
v -0.0762 -0.1489 -0.1742
v 0.1442 -0.3415 -0.0700
v 0.1199 -0.7110 -0.1422
v -0.0549 -0.1489 -0.1954
v 0.1504 -0.3433 -0.0287
v 0.1393 -0.7064 -0.1313
v -0.0319 -0.1489 -0.2086
v 0.1573 -0.7012 -0.1152
v -0.0080 -0.1489 -0.2148
v 0.1731 -0.6957 -0.0925
v 0.1853 -0.6907 -0.0617
v 0.0162 -0.1490 -0.2146
v 0.0401 -0.1491 -0.2079
v 0.0628 -0.1492 -0.1942
v 0.0837 -0.1492 -0.1723
v 0.1019 -0.1492 -0.1409
v 0.1163 -0.1491 -0.0985
v 0.1255 -0.1492 -0.0467
v -0.1653 -0.5222 -0.0405
v -0.1582 -0.5213 -0.0799
v -0.1469 -0.5211 -0.1152
v -0.1320 -0.5215 -0.1457
v -0.1139 -0.5221 -0.1710
v -0.0934 -0.5229 -0.1913
v -0.0708 -0.5236 -0.2066
v -0.0466 -0.5242 -0.2173
v -0.0215 -0.5247 -0.2235
v 0.0041 -0.5248 -0.2254
v 0.0297 -0.5247 -0.2231
v 0.0548 -0.5244 -0.2164
v 0.0788 -0.5238 -0.2053
v 0.1012 -0.5231 -0.1895
v 0.1216 -0.5223 -0.1688
v -0.1835 -0.6736 -0.0464
v -0.1740 -0.6770 -0.0818
v 0.1393 -0.5217 -0.1429
v -0.1604 -0.6818 -0.1100
v 0.1538 -0.5214 -0.1120
v -0.1438 -0.6870 -0.1314
v -0.1251 -0.6918 -0.1470
v 0.1647 -0.5216 -0.0764
v 0.1713 -0.5225 -0.0372
v -0.1050 -0.6961 -0.1581
v -0.0840 -0.6996 -0.1658
v -0.0624 -0.7024 -0.1708
v -0.0404 -0.7044 -0.1740
v -0.0181 -0.7055 -0.1756
v 0.0042 -0.7059 -0.1760
v 0.0265 -0.7055 -0.1752
v 0.0487 -0.7042 -0.1731
v 0.0706 -0.7022 -0.1695
v 0.0921 -0.6993 -0.1639
v 0.1129 -0.6957 -0.1557
v 0.1327 -0.6913 -0.1439
v 0.1511 -0.6864 -0.1274
v 0.1672 -0.6812 -0.1049
v 0.1801 -0.6765 -0.0754
v 0.1886 -0.6735 -0.0391
v -0.4704 -0.1440 -0.0394
v -0.1269 -0.2668 -0.0688
v -0.4501 -0.1475 -0.0505
v -0.1156 -0.2652 -0.1080
v -0.0998 -0.2641 -0.1415
v -0.4298 -0.1480 -0.0482
v -0.4107 -0.1472 -0.0418
v -0.0805 -0.2632 -0.1684
v -0.0584 -0.2625 -0.1885
v -0.3927 -0.1454 -0.0350
v -0.0343 -0.2620 -0.2018
v -0.3752 -0.1432 -0.0270
v -0.0090 -0.2618 -0.2083
v 0.0167 -0.2618 -0.2084
v 0.0420 -0.2620 -0.2019
v 0.0661 -0.2624 -0.1888
v -0.1391 -0.3275 -0.0434
v 0.0882 -0.2631 -0.1689
v -0.1309 -0.3256 -0.0848
v 0.1076 -0.2640 -0.1424
v -0.1181 -0.3241 -0.1212
v 0.1235 -0.2653 -0.1094
v -0.1013 -0.3229 -0.1517
v 0.1350 -0.2668 -0.0707
v -0.0813 -0.3219 -0.1761
v -0.0588 -0.3212 -0.1943
v 0.1413 -0.2686 -0.0284
v -0.0345 -0.3208 -0.2063
v -0.0091 -0.3206 -0.2122
v 0.0167 -0.3206 -0.2122
v 0.0421 -0.3209 -0.2063
v 0.0664 -0.3214 -0.1944
v -0.1789 -0.6591 -0.0610
v 0.0889 -0.3221 -0.1764
v -0.1683 -0.6625 -0.0944
v -0.1610 -0.5067 -0.0566
v -0.1540 -0.6670 -0.1217
v 0.1089 -0.3231 -0.1522
v -0.1522 -0.5059 -0.0946
v -0.1394 -0.5056 -0.1282
v -0.1368 -0.6717 -0.1428
v 0.1257 -0.3243 -0.1219
v -0.1231 -0.5058 -0.1569
v -0.1150 -0.1347 -0.0858
v -0.1177 -0.6762 -0.1586
v 0.1385 -0.3258 -0.0858
v -0.1039 -0.5062 -0.1803
v -0.1015 -0.1348 -0.1325
v -0.0823 -0.5067 -0.1986
v -0.0970 -0.6802 -0.1702
v 0.1467 -0.3276 -0.0452
v -0.0843 -0.1349 -0.1668
v -0.0754 -0.6834 -0.1783
v -0.0589 -0.5072 -0.2120
v -0.0531 -0.6859 -0.1837
v -0.0342 -0.5076 -0.2208
v -0.0643 -0.1350 -0.1908
v -0.0303 -0.6875 -0.1869
v -0.0073 -0.6883 -0.1883
v -0.0088 -0.5078 -0.2250
v -0.0424 -0.1351 -0.2066
v 0.0157 -0.6883 -0.1881
v 0.0169 -0.5078 -0.2248
v -0.0193 -0.1353 -0.2154
v 0.0387 -0.6874 -0.1862
v 0.0614 -0.6857 -0.1825
v 0.0424 -0.5077 -0.2202
v 0.0836 -0.6832 -0.1766
v 0.0670 -0.5073 -0.2111
v 0.1050 -0.6799 -0.1679
v 0.0043 -0.1355 -0.2181
v 0.1254 -0.6758 -0.1557
v 0.0902 -0.5069 -0.1972
v 0.0279 -0.1357 -0.2149
v 0.1443 -0.6713 -0.1391
v 0.1116 -0.5064 -0.1785
v 0.0508 -0.1359 -0.2055
v 0.1610 -0.6665 -0.1170
v 0.1306 -0.5061 -0.1545
v 0.0723 -0.1360 -0.1890
v 0.1747 -0.6621 -0.0886
v 0.1465 -0.5059 -0.1254
v 0.0917 -0.1360 -0.1640
v 0.1845 -0.6589 -0.0541
v 0.1590 -0.5062 -0.0913
v 0.1081 -0.1358 -0.1278
v 0.1675 -0.5070 -0.0529
v 0.1203 -0.1353 -0.0770
v -0.1812 -0.6429 -0.0373
v -0.1738 -0.6445 -0.0746
v -0.1622 -0.6478 -0.1068
v 0.3826 -0.1442 -0.0293
v -0.1470 -0.6519 -0.1331
v 0.4003 -0.1464 -0.0362
v -0.1293 -0.6562 -0.1538
v 0.4188 -0.1479 -0.0433
v -0.1095 -0.6602 -0.1695
v 0.4385 -0.1485 -0.0474
v -0.0882 -0.6638 -0.1811
v 0.4587 -0.1468 -0.0435
v -0.0659 -0.6666 -0.1893
v -0.0429 -0.6687 -0.1946
v -0.0194 -0.6699 -0.1976
v 0.4765 -0.1414 -0.0297
v 0.0042 -0.6703 -0.1984
v 0.0279 -0.6698 -0.1971
v 0.0513 -0.6686 -0.1936
v -0.1623 -0.4926 -0.0321
v -0.1561 -0.4912 -0.0722
v 0.0742 -0.6664 -0.1878
v -0.4812 -0.1249 -0.0386
v -0.1456 -0.4904 -0.1087
v 0.0963 -0.6635 -0.1791
v -0.1312 -0.4901 -0.1405
v 0.1174 -0.6600 -0.1668
v -0.4649 -0.1312 -0.0616
v -0.1137 -0.4901 -0.1672
v 0.1368 -0.6559 -0.1503
v -0.0934 -0.4902 -0.1887
v 0.1542 -0.6516 -0.1288
v -0.0709 -0.4905 -0.2050
v -0.0468 -0.4908 -0.2164
v 0.1688 -0.6475 -0.1015
v -0.0216 -0.4910 -0.2231
v 0.1798 -0.6443 -0.0683
v 0.1863 -0.6430 -0.0307
v 0.0041 -0.4911 -0.2252
v 0.0297 -0.4911 -0.2227
v -0.1345 -0.3118 -0.0605
v 0.0548 -0.4909 -0.2157
v -0.1243 -0.3101 -0.1000
v 0.0788 -0.4907 -0.2039
v -0.1097 -0.3087 -0.1342
v -0.0914 -0.3076 -0.1623
v 0.1011 -0.4905 -0.1872
v -0.0702 -0.3068 -0.1841
v -0.0468 -0.3062 -0.1996
v 0.1212 -0.4904 -0.1653
v 0.0231 0.0078 -0.2461
v -0.0219 -0.3059 -0.2087
v 0.1386 -0.4904 -0.1382
v 0.0038 -0.3058 -0.2118
v 0.1526 -0.4907 -0.1059
v 0.0411 0.0073 -0.2444
v 0.0294 -0.3059 -0.2088
v 0.1628 -0.4915 -0.0688
v 0.0544 -0.3063 -0.1997
v 0.0589 0.0067 -0.2416
v 0.0778 -0.3069 -0.1844
v 0.1686 -0.4928 -0.0278
v 0.0991 -0.3078 -0.1628
v 0.0763 0.0062 -0.2381
v 0.1173 -0.3089 -0.1349
v 0.1320 -0.3103 -0.1010
v 0.0932 0.0057 -0.2338
v 0.1422 -0.3119 -0.0619
v 0.1097 0.0055 -0.2292
v 0.1258 0.0056 -0.2243
v 0.1416 0.0061 -0.2195
v 0.1573 0.0070 -0.2149
v 0.1731 0.0083 -0.2106
v -0.0800 -0.2342 -0.1658
v -0.1772 -0.6279 -0.0519
v -0.0581 -0.2336 -0.1870
v -0.1683 -0.6298 -0.0880
v -0.0341 -0.2332 -0.2008
v 0.1892 0.0097 -0.2066
v -0.1556 -0.6329 -0.1189
v -0.0089 -0.2329 -0.2077
v -0.1396 -0.6366 -0.1442
v -0.1210 -0.6404 -0.1643
v 0.2057 0.0113 -0.2030
v 0.0166 -0.2329 -0.2077
v -0.1005 -0.6439 -0.1796
v 0.0418 -0.2330 -0.2009
v -0.0786 -0.6469 -0.1909
v 0.2228 0.0127 -0.1998
v 0.0658 -0.2333 -0.1871
v -0.0556 -0.6493 -0.1988
v -0.0319 -0.6509 -0.2037
v 0.0878 -0.2339 -0.1662
v -0.0079 -0.6517 -0.2059
v 0.1068 -0.2347 -0.1383
v 0.2405 0.0140 -0.1971
v 0.0163 -0.6517 -0.2057
v 0.0404 -0.6508 -0.2030
v 0.1222 -0.2358 -0.1036
v 0.2588 0.0150 -0.1948
v 0.0639 -0.6492 -0.1976
v 0.1329 -0.2373 -0.0633
v 0.0868 -0.6468 -0.1891
v 0.2778 0.0159 -0.1927
v 0.1085 -0.6437 -0.1772
v 0.1287 -0.6402 -0.1612
v 0.2975 0.0165 -0.1905
v 0.1469 -0.6364 -0.1403
v 0.1624 -0.6327 -0.1141
v 0.3179 0.0170 -0.1879
v 0.1746 -0.6297 -0.0823
v 0.3390 0.0173 -0.1845
v 0.1827 -0.6280 -0.0452
v 0.3605 0.0175 -0.1798
v 0.3824 0.0174 -0.1730
v -0.1584 -0.4769 -0.0481
v 0.4041 0.0173 -0.1633
v -0.1504 -0.4757 -0.0872
v -0.1383 -0.4749 -0.1221
v -0.1225 -0.4744 -0.1520
v 0.4251 0.0169 -0.1499
v -0.1037 -0.4743 -0.1767
v -0.0823 -0.4743 -0.1961
v 0.4447 0.0164 -0.1317
v -0.0590 -0.4744 -0.2103
v -0.0344 -0.4746 -0.2196
v 0.4618 0.0158 -0.1079
v -0.0089 -0.4747 -0.2241
v 0.4756 0.0152 -0.0783
v 0.0169 -0.4747 -0.2239
v 0.4847 0.0147 -0.0436
v 0.0424 -0.4747 -0.2191
v 0.0670 -0.4746 -0.2095
v 0.0901 -0.4746 -0.1949
v 0.1113 -0.4746 -0.1752
v -0.4848 0.0300 -0.0407
v 0.1300 -0.4748 -0.1501
v -0.4758 0.0314 -0.0759
v 0.1455 -0.4752 -0.1197
v -0.4622 0.0331 -0.1055
v 0.1573 -0.4760 -0.0844
v 0.1650 -0.4772 -0.0447
v -0.4451 0.0349 -0.1290
v -0.4255 0.0365 -0.1468
v -0.4046 0.0377 -0.1597
v -0.3830 0.0385 -0.1690
v -0.3613 0.0389 -0.1754
v -0.1362 -0.2980 -0.0344
v -0.1785 -0.6127 -0.0269
v -0.1290 -0.2962 -0.0768
v -0.1725 -0.6130 -0.0663
v -0.1169 -0.2946 -0.1145
v -0.1623 -0.6149 -0.1011
v -0.1006 -0.2934 -0.1464
v -0.3399 0.0391 -0.1798
v -0.1484 -0.6178 -0.1307
v -0.0810 -0.2924 -0.1720
v -0.1315 -0.6210 -0.1550
v -0.0586 -0.2917 -0.1911
v -0.1121 -0.6243 -0.1743
v -0.0344 -0.2913 -0.2037
v -0.0909 -0.6273 -0.1890
v -0.0091 -0.2910 -0.2100
v -0.3190 0.0389 -0.1829
v -0.0682 -0.6298 -0.1997
v 0.0167 -0.2911 -0.2100
v -0.0446 -0.6316 -0.2069
v -0.0203 -0.6328 -0.2109
v 0.0420 -0.2913 -0.2038
v 0.0042 -0.6332 -0.2121
v 0.0663 -0.2918 -0.1913
v 0.0288 -0.6328 -0.2105
v 0.0886 -0.2925 -0.1725
v 0.0530 -0.6316 -0.2059
v 0.1083 -0.2935 -0.1472
v 0.0765 -0.6297 -0.1981
v 0.1246 -0.2948 -0.1156
v 0.0990 -0.6272 -0.1868
v 0.1369 -0.2963 -0.0781
v 0.1199 -0.6242 -0.1715
v 0.1443 -0.2981 -0.0355
v 0.1389 -0.6209 -0.1515
v 0.1554 -0.6177 -0.1264
v 0.1688 -0.6149 -0.0960
v 0.1783 -0.6131 -0.0607
v -0.1538 -0.4613 -0.0641
v -0.1441 -0.4601 -0.1017
v -0.1303 -0.4593 -0.1348
v -0.1132 -0.4588 -0.1627
v -0.0932 -0.4585 -0.1852
v -0.0709 -0.4584 -0.2024
v -0.0469 -0.4584 -0.2145
v -0.0217 -0.4585 -0.2216
v 0.0040 -0.4585 -0.2239
v 0.0297 -0.4585 -0.2213
v 0.0548 -0.4586 -0.2139
v 0.0787 -0.4587 -0.2016
v 0.1009 -0.4588 -0.1840
v -0.1224 -0.2084 -0.0519
v 0.1208 -0.4591 -0.1612
v -0.1127 -0.2072 -0.0974
v 0.1377 -0.4596 -0.1329
v -0.0979 -0.2063 -0.1352
v 0.1512 -0.4604 -0.0994
v -0.0792 -0.2056 -0.1651
v -0.0576 -0.2050 -0.1871
v 0.1606 -0.4616 -0.0614
v -0.1748 -0.5975 -0.0427
v -0.0338 -0.2047 -0.2014
v -0.1673 -0.5981 -0.0806
v -0.1557 -0.5999 -0.1140
v -0.0088 -0.2044 -0.2084
v -0.1406 -0.6024 -0.1423
v -0.1228 -0.6052 -0.1654
v 0.0166 -0.2044 -0.2083
v -0.1026 -0.6080 -0.1836
v 0.0415 -0.2044 -0.2012
v -0.0806 -0.6104 -0.1974
v 0.0653 -0.2046 -0.1868
v -0.0572 -0.6124 -0.2072
v -0.0330 -0.6138 -0.2135
v 0.0870 -0.2050 -0.1649
v -0.0082 -0.6145 -0.2164
v 0.1058 -0.2056 -0.1353
v 0.0167 -0.6144 -0.2161
v 0.1208 -0.2065 -0.0984
v 0.0414 -0.6137 -0.2127
v 0.1309 -0.2078 -0.0550
v 0.0655 -0.6123 -0.2060
v 0.0887 -0.6104 -0.1956
v 0.1105 -0.6079 -0.1812
v 0.1304 -0.6052 -0.1623
v -0.1514 -0.4317 -0.0550
v 0.1479 -0.6024 -0.1384
v -0.1425 -0.4301 -0.0940
v -0.1294 -0.4290 -0.1284
v 0.1624 -0.5999 -0.1094
v -0.1127 -0.4281 -0.1576
v 0.1735 -0.5982 -0.0753
v -0.0930 -0.4275 -0.1812
v 0.1803 -0.5977 -0.0367
v -0.0708 -0.4272 -0.1993
v -0.0469 -0.4269 -0.2120
v -0.0218 -0.4268 -0.2195
v 0.0039 -0.4268 -0.2219
v 0.0296 -0.4269 -0.2192
v 0.0547 -0.4271 -0.2115
v 0.0786 -0.4274 -0.1986
v 0.1006 -0.4278 -0.1803
v 0.1202 -0.4285 -0.1565
v 0.1367 -0.4293 -0.1271
v 0.1497 -0.4305 -0.0923
v 0.1584 -0.4319 -0.0530
v -0.1556 -0.4474 -0.0392
v -0.1485 -0.4457 -0.0793
v -0.1370 -0.4445 -0.1154
v -0.1218 -0.4437 -0.1466
v -0.1033 -0.4432 -0.1724
v -0.0822 -0.4428 -0.1928
v -0.0591 -0.4426 -0.2078
v -0.0344 -0.4426 -0.2176
v -0.0089 -0.4426 -0.2224
v 0.0168 -0.4426 -0.2223
v 0.0423 -0.4427 -0.2172
v 0.0669 -0.4428 -0.2071
v 0.0900 -0.4431 -0.1919
v 0.1110 -0.4435 -0.1712
v 0.1293 -0.4441 -0.1451
v 0.1443 -0.4449 -0.1136
v 0.1555 -0.4460 -0.0771
v 0.1624 -0.4476 -0.0363
v -0.1175 -0.1934 -0.0750
v -0.1053 -0.1924 -0.1172
v -0.0885 -0.1916 -0.1516
v -0.0683 -0.1911 -0.1779
v -0.0455 -0.1907 -0.1961
v -0.0212 -0.1905 -0.2067
v 0.0039 -0.1903 -0.2102
v 0.0290 -0.1903 -0.2066
v 0.0533 -0.1904 -0.1957
v 0.0760 -0.1906 -0.1773
v -0.1526 -0.4178 -0.0287
v 0.0962 -0.1909 -0.1510
v -0.1465 -0.4160 -0.0706
v -0.1357 -0.4146 -0.1082
v 0.1131 -0.1915 -0.1166
v -0.1210 -0.4134 -0.1407
v 0.1255 -0.1924 -0.0749
v -0.1029 -0.4126 -0.1676
v 0.1324 -0.1939 -0.0268
v -0.0821 -0.4120 -0.1889
v -0.0591 -0.4116 -0.2047
v -0.1488 -0.4021 -0.0457
v -0.0345 -0.4114 -0.2150
v -0.1407 -0.4004 -0.0861
v -0.0090 -0.4113 -0.2201
v -0.1283 -0.3990 -0.1217
v -0.1120 -0.3979 -0.1521
v 0.0168 -0.4113 -0.2200
v -0.0927 -0.3971 -0.1767
v 0.0423 -0.4115 -0.2148
v -0.0707 -0.3965 -0.1957
v 0.0668 -0.4118 -0.2043
v -0.0469 -0.3961 -0.2090
v 0.0897 -0.4123 -0.1884
v -0.0218 -0.3959 -0.2169
v 0.1105 -0.4129 -0.1669
v 0.0039 -0.3959 -0.2195
v 0.1285 -0.4138 -0.1397
v 0.0296 -0.3960 -0.2168
v 0.1430 -0.4149 -0.1070
v 0.1536 -0.4163 -0.0692
v 0.0546 -0.3963 -0.2087
v 0.1596 -0.4180 -0.0271
v 0.0784 -0.3967 -0.1953
v -0.1259 -0.0963 -0.0890
v 0.1002 -0.3974 -0.1762
v -0.1137 -0.0949 -0.1329
v 0.1195 -0.3982 -0.1514
v -0.1007 -0.0946 -0.1644
v 0.1357 -0.3993 -0.1210
v -0.0852 -0.0945 -0.1871
v -0.0674 -0.0944 -0.2040
v 0.1480 -0.4007 -0.0851
v -0.0480 -0.0944 -0.2160
v 0.1559 -0.4023 -0.0446
v -0.0273 -0.0946 -0.2237
v -0.0059 -0.0949 -0.2273
v 0.0158 -0.0953 -0.2270
v 0.0371 -0.0959 -0.2226
v 0.3043 -0.1292 -0.0296
v 0.0578 -0.0966 -0.2140
v 0.3213 -0.1316 -0.0366
v 0.0772 -0.0973 -0.2008
v 0.3386 -0.1338 -0.0437
v 0.0949 -0.0981 -0.1823
v 0.3563 -0.1357 -0.0512
v 0.1106 -0.0987 -0.1576
v 0.3745 -0.1371 -0.0582
v 0.1892 -0.0671 -0.1586
v 0.3932 -0.1381 -0.0643
v 0.1240 -0.0987 -0.1255
v 0.4126 -0.1384 -0.0692
v 0.2056 -0.0676 -0.1574
v 0.4329 -0.1375 -0.0711
v 0.1364 -0.0984 -0.0856
v 0.2225 -0.0679 -0.1574
v 0.4535 -0.1348 -0.0665
v 0.2399 -0.0679 -0.1583
v 0.1508 -0.0988 -0.0568
v 0.4725 -0.1296 -0.0523
v 0.2579 -0.0679 -0.1594
v 0.4856 -0.1228 -0.0253
v 0.2764 -0.0677 -0.1607
v 0.1664 -0.1006 -0.0505
v 0.2956 -0.0674 -0.1617
v -0.4760 -0.1117 -0.0574
v 0.1826 -0.1031 -0.0537
v -0.4590 -0.1178 -0.0790
v 0.3154 -0.0670 -0.1622
v -0.4390 -0.1223 -0.0898
v 0.3358 -0.0664 -0.1619
v 0.1993 -0.1051 -0.0594
v -0.4183 -0.1252 -0.0929
v 0.3568 -0.0656 -0.1603
v -0.3979 -0.1267 -0.0915
v 0.2160 -0.1069 -0.0655
v 0.3782 -0.0643 -0.1569
v -0.3780 -0.1272 -0.0876
v 0.3997 -0.0625 -0.1509
v -0.3588 -0.1269 -0.0825
v 0.2330 -0.1086 -0.0715
v -0.3402 -0.1261 -0.0765
v 0.4210 -0.0602 -0.1413
v 0.2501 -0.1102 -0.0774
v -0.3221 -0.1249 -0.0702
v 0.4411 -0.0572 -0.1268
v -0.3044 -0.1234 -0.0635
v 0.2674 -0.1115 -0.0833
v -0.2870 -0.1216 -0.0567
v 0.4593 -0.0536 -0.1062
v 0.2850 -0.1127 -0.0891
v -0.2698 -0.1197 -0.0496
v 0.4741 -0.0500 -0.0787
v 0.3030 -0.1137 -0.0945
v 0.4842 -0.0469 -0.0446
v -0.2529 -0.1175 -0.0424
v 0.3214 -0.1145 -0.0995
v -0.2362 -0.1151 -0.0349
v 0.3403 -0.1149 -0.1040
v -0.2195 -0.1130 -0.0284
v 0.3597 -0.1150 -0.1078
v 0.3798 -0.1145 -0.1104
v -0.4847 -0.0313 -0.0401
v -0.4754 -0.0333 -0.0757
v 0.4004 -0.1133 -0.1111
v -0.4615 -0.0359 -0.1049
v 0.4212 -0.1110 -0.1087
v -0.4441 -0.0384 -0.1277
v -0.4243 -0.0408 -0.1446
v 0.4419 -0.1074 -0.1012
v -0.4033 -0.0427 -0.1565
v 0.4612 -0.1025 -0.0864
v -0.3817 -0.0443 -0.1645
v 0.4770 -0.0965 -0.0617
v 0.4867 -0.0914 -0.0257
v -0.3601 -0.0454 -0.1697
v -0.1105 -0.1068 -0.1215
v -0.3388 -0.0464 -0.1728
v -0.0964 -0.1073 -0.1597
v -0.4786 -0.0795 -0.0597
v -0.3180 -0.0471 -0.1745
v -0.1441 -0.3865 -0.0624
v -0.4646 -0.0846 -0.0885
v -0.0794 -0.1076 -0.1856
v -0.1342 -0.3848 -0.1008
v -0.4466 -0.0895 -0.1082
v -0.2979 -0.0477 -0.1753
v -0.1201 -0.3835 -0.1344
v -0.0602 -0.1078 -0.2036
v -0.4265 -0.0936 -0.1203
v -0.1025 -0.3824 -0.1625
v -0.2785 -0.0483 -0.1755
v -0.0394 -0.1080 -0.2155
v -0.0819 -0.3816 -0.1848
v -0.4056 -0.0967 -0.1268
v -0.0176 -0.1082 -0.2223
v -0.2597 -0.0488 -0.1755
v -0.0590 -0.3811 -0.2013
v -0.0345 -0.3808 -0.2121
v -0.3845 -0.0987 -0.1293
v 0.0047 -0.1086 -0.2243
v -0.2415 -0.0493 -0.1755
v -0.0091 -0.3806 -0.2175
v -0.3638 -0.1000 -0.1293
v -0.3436 -0.1006 -0.1277
v -0.2238 -0.0498 -0.1758
v 0.0270 -0.1090 -0.2216
v -0.3239 -0.1008 -0.1250
v -0.2065 -0.0501 -0.1766
v 0.0487 -0.1095 -0.2140
v -0.3049 -0.1007 -0.1217
v 0.0693 -0.1100 -0.2012
v -0.1896 -0.0502 -0.1783
v -0.2864 -0.1003 -0.1178
v 0.0882 -0.1104 -0.1819
v -0.2684 -0.0997 -0.1138
v -0.1730 -0.0498 -0.1813
v -0.1487 -0.0305 -0.2025
v -0.2508 -0.0990 -0.1096
v 0.1049 -0.1107 -0.1546
v -0.1567 -0.0488 -0.1861
v -0.1328 -0.0295 -0.2083
v -0.2336 -0.0983 -0.1056
v -0.1408 -0.0472 -0.1927
v 0.1186 -0.1103 -0.1156
v -0.1169 -0.0281 -0.2148
v -0.1009 -0.0266 -0.2213
v -0.2166 -0.0975 -0.1022
v -0.1250 -0.0453 -0.2007
v -0.0845 -0.0253 -0.2275
v -0.0676 -0.0243 -0.2330
v -0.1997 -0.0967 -0.0998
v -0.1094 -0.0432 -0.2092
v -0.0501 -0.0236 -0.2376
v -0.0935 -0.0414 -0.2175
v -0.1828 -0.0956 -0.0988
v -0.0320 -0.0231 -0.2409
v -0.0771 -0.0400 -0.2249
v -0.0135 -0.0231 -0.2430
v -0.1660 -0.0941 -0.1003
v -0.0599 -0.0390 -0.2311
v 0.0052 -0.0233 -0.2435
v -0.1495 -0.0918 -0.1069
v -0.0419 -0.0384 -0.2360
v -0.0233 -0.0381 -0.2393
v 0.0240 -0.0237 -0.2426
v -0.1336 -0.0885 -0.1227
v -0.0043 -0.0382 -0.2408
v -0.1191 -0.0852 -0.1488
v 0.0425 -0.0244 -0.2402
v -0.1053 -0.0831 -0.1727
v 0.0149 -0.0386 -0.2406
v -0.0905 -0.0819 -0.1913
v 0.2264 -0.1139 -0.0310
v -0.0739 -0.0813 -0.2060
v 0.0340 -0.0393 -0.2386
v -0.0557 -0.0809 -0.2173
v 0.2432 -0.1164 -0.0384
v 0.0526 -0.0402 -0.2348
v -0.0362 -0.0809 -0.2252
v -0.0157 -0.0810 -0.2298
v 0.2600 -0.1187 -0.0453
v 0.0707 -0.0413 -0.2294
v 0.0051 -0.0814 -0.2311
v 0.2771 -0.1206 -0.0529
v 0.0879 -0.0425 -0.2227
v 0.0260 -0.0819 -0.2291
v 0.2944 -0.1225 -0.0601
v 0.1043 -0.0439 -0.2149
v 0.0464 -0.0827 -0.2237
v 0.3119 -0.1241 -0.0667
v 0.1200 -0.0453 -0.2067
v 0.3298 -0.1255 -0.0729
v 0.0660 -0.0836 -0.2148
v 0.3481 -0.1266 -0.0789
v 0.0844 -0.0847 -0.2022
v 0.1352 -0.0467 -0.1985
v 0.3670 -0.1273 -0.0843
v 0.1011 -0.0858 -0.1858
v 0.3865 -0.1274 -0.0888
v 0.4066 -0.1267 -0.0916
v 0.1162 -0.0869 -0.1656
v 0.1503 -0.0479 -0.1912
v 0.4273 -0.1249 -0.0912
v 0.1301 -0.0881 -0.1420
v 0.4479 -0.1215 -0.0851
v 0.1655 -0.0488 -0.1852
v 0.4670 -0.1163 -0.0706
v 0.1438 -0.0895 -0.1185
v 0.1811 -0.0494 -0.1809
v 0.4818 -0.1099 -0.0446
v 0.1972 -0.0497 -0.1782
v 0.1584 -0.0914 -0.1025
v 0.2139 -0.0496 -0.1768
v 0.1738 -0.0933 -0.0966
v -0.4831 -0.0929 -0.0414
v 0.2312 -0.0494 -0.1761
v -0.4705 -0.0984 -0.0736
v -0.4529 -0.1039 -0.0943
v 0.2490 -0.0490 -0.1759
v 0.1899 -0.0951 -0.0967
v -0.4329 -0.1084 -0.1058
v 0.2675 -0.0486 -0.1759
v -0.4122 -0.1115 -0.1108
v 0.2064 -0.0965 -0.0993
v 0.2866 -0.0481 -0.1758
v -0.3914 -0.1135 -0.1116
v 0.2233 -0.0977 -0.1030
v 0.3064 -0.0476 -0.1754
v -0.3711 -0.1145 -0.1098
v 0.2405 -0.0986 -0.1071
v 0.3268 -0.0470 -0.1742
v -0.3513 -0.1149 -0.1064
v 0.2580 -0.0994 -0.1114
v -0.3321 -0.1147 -0.1022
v 0.3479 -0.0463 -0.1720
v -0.3134 -0.1141 -0.0973
v 0.2759 -0.1001 -0.1156
v 0.3694 -0.0453 -0.1681
v -0.2953 -0.1132 -0.0920
v 0.2942 -0.1006 -0.1197
v 0.3911 -0.0440 -0.1618
v 0.3129 -0.1009 -0.1233
v -0.2775 -0.1121 -0.0865
v 0.3323 -0.1009 -0.1263
v 0.4126 -0.0423 -0.1522
v -0.2601 -0.1108 -0.0808
v -0.2430 -0.1094 -0.0749
v 0.3522 -0.1006 -0.1285
v 0.4332 -0.0402 -0.1384
v 0.3727 -0.0998 -0.1294
v -0.2262 -0.1080 -0.0694
v 0.4521 -0.0376 -0.1191
v 0.3936 -0.0984 -0.1284
v -0.2094 -0.1067 -0.0651
v 0.4683 -0.0349 -0.0937
v 0.4147 -0.0960 -0.1243
v 0.4804 -0.0324 -0.0618
v 0.4355 -0.0926 -0.1157
v -0.1925 -0.1055 -0.0614
v 0.4872 -0.0308 -0.0243
v 0.4550 -0.0881 -0.1008
v -0.1756 -0.1040 -0.0586
v 0.4716 -0.0829 -0.0776
v -0.1586 -0.1022 -0.0587
v 0.4835 -0.0778 -0.0450
v -0.4809 -0.0165 -0.0587
v -0.4696 -0.0179 -0.0913
v -0.1419 -0.0998 -0.0651
v -0.4541 -0.0194 -0.1180
v -0.4357 -0.0209 -0.1388
v -0.4154 -0.0223 -0.1543
v -0.4841 -0.0619 -0.0408
v -0.4737 -0.0657 -0.0758
v -0.3940 -0.0234 -0.1654
v -0.4584 -0.0701 -0.1024
v -0.3722 -0.0244 -0.1731
v -0.4398 -0.0743 -0.1213
v -0.2507 -0.0287 -0.1871
v -0.4195 -0.0778 -0.1336
v -0.3506 -0.0252 -0.1782
v -0.3983 -0.0805 -0.1411
v -0.3293 -0.0259 -0.1816
v -0.3771 -0.0824 -0.1450
v -0.3086 -0.0266 -0.1837
v -0.3560 -0.0836 -0.1464
v -0.3355 -0.0844 -0.1462
v -0.2887 -0.0272 -0.1851
v -0.3156 -0.0849 -0.1450
v -0.2693 -0.0279 -0.1862
v -0.2963 -0.0850 -0.1430
v 0.3650 -0.0835 -0.1461
v -0.2776 -0.0850 -0.1406
v 0.3863 -0.0820 -0.1436
v -0.2594 -0.0849 -0.1380
v 0.0606 -0.0253 -0.2365
v 0.4076 -0.0799 -0.1384
v -0.2417 -0.0847 -0.1354
v -0.2243 -0.0844 -0.1332
v 0.4286 -0.0769 -0.1291
v 0.4483 -0.0731 -0.1142
v -0.2073 -0.0840 -0.1318
v 0.0781 -0.0263 -0.2316
v 0.4657 -0.0686 -0.0924
v -0.1904 -0.0834 -0.1316
v 0.4792 -0.0642 -0.0626
v -0.1736 -0.0823 -0.1334
v 0.0950 -0.0274 -0.2258
v 0.4868 -0.0610 -0.0268
v -0.2326 -0.0295 -0.1881
v -0.1572 -0.0805 -0.1386
v 0.1112 -0.0285 -0.2195
v -0.2151 -0.0303 -0.1895
v -0.1411 -0.0778 -0.1489
v -0.4802 -0.0479 -0.0591
v -0.4679 -0.0512 -0.0908
v 0.1269 -0.0294 -0.2131
v -0.4516 -0.0548 -0.1155
v -0.1258 -0.0747 -0.1647
v -0.1980 -0.0309 -0.1914
v -0.4325 -0.0581 -0.1334
v -0.1111 -0.0718 -0.1818
v -0.4118 -0.0609 -0.1458
v 0.1423 -0.0302 -0.2070
v -0.1813 -0.0312 -0.1941
v -0.0961 -0.0697 -0.1968
v -0.3904 -0.0630 -0.1537
v -0.0802 -0.0683 -0.2093
v -0.1648 -0.0311 -0.1978
v -0.3689 -0.0646 -0.1585
v 0.1576 -0.0306 -0.2017
v -0.0629 -0.0675 -0.2194
v -0.3477 -0.0657 -0.1610
v -0.0444 -0.0671 -0.2270
v -0.3270 -0.0665 -0.1619
v -0.3069 -0.0670 -0.1618
v -0.0249 -0.0670 -0.2320
v 0.1732 -0.0308 -0.1973
v -0.2875 -0.0674 -0.1610
v 0.1509 -0.0785 -0.1460
v -0.0049 -0.0672 -0.2344
v 0.1891 -0.0306 -0.1939
v -0.2687 -0.0677 -0.1599
v 0.0154 -0.0677 -0.2341
v -0.2504 -0.0680 -0.1587
v 0.2056 -0.0302 -0.1914
v 0.0355 -0.0684 -0.2310
v -0.2327 -0.0681 -0.1576
v 0.2226 -0.0296 -0.1896
v 0.0550 -0.0693 -0.2252
v -0.2153 -0.0682 -0.1571
v -0.1983 -0.0680 -0.1574
v 0.2402 -0.0290 -0.1883
v 0.0736 -0.0704 -0.2167
v -0.1815 -0.0675 -0.1591
v 0.0911 -0.0718 -0.2055
v 0.2585 -0.0283 -0.1873
v -0.1650 -0.0663 -0.1630
v 0.1072 -0.0732 -0.1919
v -0.1488 -0.0645 -0.1698
v 0.2774 -0.0277 -0.1863
v 0.1222 -0.0748 -0.1764
v -0.1331 -0.0620 -0.1798
v 0.2970 -0.0271 -0.1851
v -0.1177 -0.0594 -0.1915
v 0.1365 -0.0766 -0.1603
v -0.1024 -0.0570 -0.2030
v 0.3174 -0.0265 -0.1834
v -0.0866 -0.0552 -0.2133
v 0.3383 -0.0258 -0.1808
v -0.0699 -0.0540 -0.2220
v -0.1266 -0.2236 -0.0324
v -0.1191 -0.2222 -0.0785
v -0.0522 -0.0532 -0.2290
v 0.3599 -0.0251 -0.1767
v -0.1065 -0.2211 -0.1186
v -0.0336 -0.0528 -0.2341
v -0.0895 -0.2202 -0.1515
v -0.0143 -0.0528 -0.2371
v -0.0691 -0.2195 -0.1769
v 0.3817 -0.0243 -0.1706
v -0.0461 -0.2190 -0.1947
v 0.0053 -0.0531 -0.2379
v -0.0215 -0.2187 -0.2053
v 0.4034 -0.0233 -0.1615
v 0.0250 -0.0537 -0.2365
v 0.0039 -0.2186 -0.2087
v 0.4245 -0.0220 -0.1487
v 0.0293 -0.2186 -0.2052
v 0.0443 -0.0545 -0.2329
v 0.4441 -0.0206 -0.1310
v 0.0539 -0.2187 -0.1947
v 0.0630 -0.0556 -0.2272
v 0.4615 -0.0189 -0.1077
v 0.0768 -0.2191 -0.1769
v 0.0808 -0.0568 -0.2194
v 0.0973 -0.2197 -0.1518
v 0.4754 -0.0173 -0.0784
v 0.1145 -0.2206 -0.1195
v 0.0977 -0.0583 -0.2100
v 0.4847 -0.0160 -0.0433
v 0.1274 -0.2218 -0.0807
v 0.1135 -0.0599 -0.1993
v 0.1350 -0.2234 -0.0374
v 0.1285 -0.0616 -0.1879
v -0.4849 -0.0007 -0.0399
v 0.1433 -0.0633 -0.1771
v -0.4761 -0.0010 -0.0756
v -0.4627 -0.0014 -0.1056
v 0.1581 -0.0649 -0.1681
v -0.4458 -0.0019 -0.1298
v -0.4264 -0.0023 -0.1484
v 0.1734 -0.0661 -0.1620
v -0.4055 -0.0027 -0.1621
v -0.3838 -0.0032 -0.1720
v 0.2693 0.6057 -0.0505
v -0.3620 -0.0036 -0.1789
v -0.3404 -0.0041 -0.1837
v 0.1115 0.4051 -0.0671
v -0.3194 -0.0046 -0.1869
v -0.2989 -0.0053 -0.1893
v 0.1270 0.4048 -0.1050
v -0.2792 -0.0060 -0.1911
v 0.1477 0.4037 -0.1314
v -0.2601 -0.0069 -0.1927
v 0.1716 0.4023 -0.1466
v -0.2417 -0.0079 -0.1944
v 0.1969 0.4009 -0.1515
v -0.2238 -0.0090 -0.1964
v -0.2065 -0.0101 -0.1987
v 0.2222 0.3997 -0.1473
v -0.1897 -0.0111 -0.2015
v 0.2460 0.3988 -0.1349
v -0.1731 -0.0119 -0.2049
v 0.2672 0.3985 -0.1149
v -0.1569 -0.0122 -0.2089
v 0.2846 0.3989 -0.0882
v -0.1408 -0.0121 -0.2136
v -0.1248 -0.0116 -0.2188
v 0.2972 0.4000 -0.0559
v 0.0856 -0.0106 -0.2332
v -0.1087 -0.0108 -0.2242
v 0.1022 -0.0114 -0.2282
v -0.0923 -0.0099 -0.2295
v -0.0756 -0.0090 -0.2344
v 0.1183 -0.0119 -0.2228
v -0.0583 -0.0083 -0.2387
v -0.0406 -0.0078 -0.2420
v 0.1341 -0.0122 -0.2176
v -0.0225 -0.0076 -0.2443
v 0.1496 -0.0122 -0.2127
v -0.0041 -0.0076 -0.2454
v 0.1652 -0.0118 -0.2083
v 0.1811 -0.0111 -0.2045
v 0.0143 -0.0079 -0.2453
v 0.1973 -0.0102 -0.2013
v 0.0327 -0.0084 -0.2439
v 0.2141 -0.0092 -0.1986
v 0.0508 -0.0091 -0.2413
v 0.2314 -0.0082 -0.1963
v 0.0685 -0.0098 -0.2377
v 0.2494 -0.0073 -0.1944
v 0.2681 -0.0064 -0.1927
v 0.2875 -0.0057 -0.1910
v 0.3075 -0.0051 -0.1889
v 0.3283 -0.0046 -0.1862
v 0.3497 -0.0042 -0.1824
v 0.3714 -0.0037 -0.1768
v 0.3933 -0.0033 -0.1687
v 0.4147 -0.0028 -0.1572
v 0.4352 -0.0023 -0.1415
v -0.3073 0.5091 -0.0243
v 0.4537 -0.0018 -0.1206
v 0.4692 -0.0013 -0.0938
v -0.2998 0.5106 -0.0593
v 0.4808 -0.0008 -0.0615
v 0.4871 -0.0006 -0.0259
v -0.2673 0.6195 -0.0382
v -0.2867 0.5114 -0.0901
v -0.2558 0.6235 -0.0674
v -0.2408 0.6258 -0.0929
v -0.2691 0.5115 -0.1153
v -0.2230 0.6265 -0.1139
v -0.2032 0.6258 -0.1304
v -0.2479 0.5109 -0.1341
v -0.2243 0.5098 -0.1458
v -0.1821 0.6238 -0.1422
v -0.2200 0.2039 -0.0341
v -0.1994 0.5081 -0.1497
v -0.2083 0.2006 -0.0719
v -0.3069 0.4170 -0.0244
v -0.1606 0.6209 -0.1495
v -0.1745 0.5062 -0.1451
v -0.1924 0.2002 -0.1063
v -0.1392 0.6174 -0.1526
v -0.2992 0.4156 -0.0603
v -0.1510 0.5043 -0.1308
v -0.1304 0.5030 -0.1055
v -0.1732 0.2021 -0.1344
v -0.1183 0.6136 -0.1518
v -0.2855 0.4148 -0.0918
v -0.1143 0.5031 -0.0677
v -0.1517 0.2054 -0.1541
v -0.0985 0.6099 -0.1477
v -0.2670 0.4147 -0.1170
v -0.0797 0.6066 -0.1412
v -0.1291 0.2094 -0.1648
v -0.2449 0.4150 -0.1349
v -0.0620 0.6039 -0.1334
v -0.0451 0.6021 -0.1256
v -0.2203 0.4158 -0.1446
v -0.0289 0.6009 -0.1193
v -0.1064 0.2133 -0.1671
v -0.1946 0.4168 -0.1453
v -0.0129 0.6004 -0.1157
v 0.0029 0.6005 -0.1155
v -0.0847 0.2166 -0.1619
v -0.1696 0.4180 -0.1360
v 0.0188 0.6011 -0.1190
v 0.0350 0.6023 -0.1255
v -0.1468 0.4190 -0.1155
v 0.0518 0.6042 -0.1338
v -0.1283 0.4197 -0.0830
v -0.0645 0.2188 -0.1503
v 0.0694 0.6069 -0.1422
v 0.1658 -0.0803 -0.1363
v -0.1164 0.4195 -0.0384
v -0.0463 0.2194 -0.1335
v 0.0880 0.6102 -0.1494
v 0.1814 -0.0818 -0.1318
v -0.0305 0.2183 -0.1130
v 0.1077 0.6139 -0.1542
v 0.1285 0.6177 -0.1558
v 0.1975 -0.0830 -0.1309
v -0.0168 0.2153 -0.0913
v 0.2142 -0.0838 -0.1319
v 0.1499 0.6213 -0.1536
v 0.2313 -0.0844 -0.1340
v 0.1715 0.6243 -0.1473
v 0.2488 -0.0848 -0.1366
v 0.0067 0.2147 -0.0930
v 0.2668 -0.0850 -0.1392
v 0.1927 0.6264 -0.1367
v 0.0198 0.2177 -0.1161
v 0.2853 -0.0852 -0.1418
v 0.2129 0.6274 -0.1216
v 0.1036 0.5033 -0.0718
v 0.3044 -0.0851 -0.1441
v 0.0352 0.2189 -0.1372
v 0.3240 -0.0849 -0.1457
v 0.1196 0.5031 -0.1088
v 0.2314 0.6270 -0.1021
v 0.3443 -0.0844 -0.1466
v 0.1401 0.5044 -0.1342
v 0.0529 0.2185 -0.1545
v 0.2474 0.6251 -0.0783
v 0.1635 0.5062 -0.1492
v 0.2603 0.6216 -0.0506
v 0.0727 0.2167 -0.1670
v 0.1883 0.5082 -0.1550
v 0.0942 0.2137 -0.1739
v 0.2134 0.5099 -0.1526
v 0.1168 0.2100 -0.1741
v 0.2374 0.5112 -0.1427
v 0.1398 0.2062 -0.1667
v 0.2594 0.5119 -0.1259
v 0.1622 0.2028 -0.1512
v 0.2782 0.5120 -0.1029
v 0.1829 0.2004 -0.1275
v 0.2009 0.1998 -0.0967
v 0.2930 0.5114 -0.0742
v 0.2151 0.2015 -0.0607
v 0.3029 0.5101 -0.0408
v 0.1076 0.4190 -0.0386
v 0.1187 0.4191 -0.0834
v 0.1365 0.4186 -0.1173
v 0.1588 0.4176 -0.1393
v 0.1836 0.4166 -0.1502
v 0.2092 0.4156 -0.1514
v -0.3060 0.4630 -0.0488
v 0.2341 0.4149 -0.1439
v -0.2945 0.4629 -0.0819
v 0.2571 0.4145 -0.1284
v -0.2778 0.4628 -0.1093
v 0.2770 0.4146 -0.1057
v -0.2570 0.4626 -0.1300
v 0.2926 0.4151 -0.0767
v -0.2334 0.4624 -0.1432
v 0.3030 0.4162 -0.0425
v -0.2080 0.4621 -0.1480
v -0.1825 0.4618 -0.1435
v -0.2580 0.6349 -0.0370
v -0.1584 0.4615 -0.1284
v -0.1377 0.4615 -0.1013
v -0.2462 0.6393 -0.0655
v -0.1226 0.4618 -0.0610
v -0.2311 0.6420 -0.0901
v -0.2135 0.6430 -0.1107
v -0.1942 0.6425 -0.1270
v -0.1737 0.6408 -0.1392
v -0.1528 0.6383 -0.1474
v -0.1319 0.6351 -0.1519
v -0.3027 0.5253 -0.0370
v -0.1116 0.6316 -0.1531
v -0.2930 0.5271 -0.0703
v -0.0920 0.6282 -0.1518
v -0.2784 0.5278 -0.0990
v -0.0733 0.6251 -0.1487
v -0.0554 0.6225 -0.1447
v -0.2595 0.5277 -0.1220
v -0.0383 0.6207 -0.1409
v -0.0215 0.6196 -0.1381
v -0.2377 0.5268 -0.1385
v -0.0051 0.6192 -0.1371
v 0.0113 0.6196 -0.1382
v 0.0280 0.6208 -0.1411
v -0.2138 0.5252 -0.1480
v 0.0451 0.6227 -0.1453
v -0.2291 0.2187 -0.0353
v -0.1890 0.5230 -0.1500
v 0.0628 0.6253 -0.1498
v -0.2174 0.2152 -0.0708
v -0.1647 0.5205 -0.1435
v 0.0815 0.6284 -0.1535
v -0.2014 0.2146 -0.1031
v -0.1419 0.5182 -0.1278
v 0.1010 0.6318 -0.1555
v -0.1822 0.2163 -0.1295
v -0.1222 0.5167 -0.1016
v -0.1066 0.5171 -0.0641
v 0.1213 0.6353 -0.1550
v -0.1606 0.2194 -0.1484
v -0.1377 0.2234 -0.1587
v 0.1421 0.6386 -0.1514
v 0.1119 0.4612 -0.0645
v -0.1148 0.2275 -0.1604
v 0.1272 0.4608 -0.1042
v 0.1631 0.6413 -0.1442
v -0.0926 0.2310 -0.1539
v 0.1477 0.4610 -0.1317
v 0.1838 0.6431 -0.1332
v -0.0720 0.2335 -0.1396
v 0.1716 0.4614 -0.1478
v 0.2036 0.6438 -0.1181
v -0.0536 0.2344 -0.1181
v 0.1970 0.4619 -0.1537
v -0.3051 0.4316 -0.0459
v -0.0378 0.2332 -0.0902
v 0.2217 0.6432 -0.0989
v -0.2938 0.4309 -0.0796
v -0.0247 0.2296 -0.0560
v 0.2377 0.6410 -0.0758
v 0.2224 0.4623 -0.1506
v -0.2772 0.4306 -0.1076
v 0.2507 0.6371 -0.0491
v -0.2564 0.4307 -0.1287
v 0.2466 0.4627 -0.1396
v -0.2327 0.4310 -0.1421
v 0.0962 0.5174 -0.0672
v 0.2684 0.4629 -0.1211
v -0.2073 0.4315 -0.1468
v 0.1116 0.5171 -0.1046
v -0.1817 0.4322 -0.1420
v 0.0140 0.2295 -0.0595
v 0.2865 0.4630 -0.0961
v 0.1312 0.5185 -0.1310
v -0.1576 0.4330 -0.1264
v 0.1538 0.5208 -0.1473
v 0.0268 0.2330 -0.0946
v -0.1370 0.4336 -0.0988
v 0.3001 0.4631 -0.0654
v -0.1220 0.4339 -0.0583
v 0.1780 0.5232 -0.1547
v 0.0424 0.2342 -0.1224
v 0.3081 0.4631 -0.0309
v 0.2028 0.5254 -0.1542
v 0.0605 0.2336 -0.1440
v 0.2270 0.5272 -0.1463
v 0.0808 0.2315 -0.1591
v 0.2495 0.5282 -0.1316
v 0.1028 0.2283 -0.1673
v 0.2693 0.5285 -0.1107
v 0.2856 0.5279 -0.0841
v 0.1258 0.2244 -0.1680
v 0.2972 0.5265 -0.0528
v 0.1490 0.2206 -0.1609
v 0.1715 0.2172 -0.1457
v 0.1921 0.2151 -0.1228
v 0.2099 0.2147 -0.0933
v 0.2239 0.2165 -0.0586
v -0.3092 0.4784 -0.0314
v -0.3009 0.4789 -0.0653
v -0.2480 0.6499 -0.0348
v -0.2361 0.6548 -0.0616
v -0.2869 0.4790 -0.0956
v -0.2212 0.6579 -0.0854
v 0.1123 0.4333 -0.0592
v -0.2683 0.4789 -0.1199
v -0.2040 0.6593 -0.1057
v -0.2461 0.4785 -0.1372
v 0.1269 0.4329 -0.1005
v -0.1851 0.6593 -0.1220
v -0.2217 0.4779 -0.1469
v -0.1652 0.6581 -0.1346
v 0.1471 0.4324 -0.1292
v -0.1962 0.4771 -0.1480
v 0.1708 0.4318 -0.1460
v -0.1449 0.6560 -0.1437
v -0.1712 0.4762 -0.1395
v -0.1483 0.4755 -0.1201
v 0.1962 0.4313 -0.1525
v -0.1295 0.4753 -0.0883
v -0.1246 0.6533 -0.1495
v -0.1171 0.4762 -0.0443
v 0.2217 0.4309 -0.1497
v -0.1046 0.6503 -0.1526
v -0.0853 0.6474 -0.1536
v -0.0666 0.6447 -0.1531
v 0.2460 0.4306 -0.1386
v -0.2968 0.5417 -0.0475
v -0.0485 0.6425 -0.1518
v -0.0310 0.6410 -0.1506
v 0.2678 0.4305 -0.1199
v -0.2854 0.5436 -0.0790
v -0.0138 0.6403 -0.1498
v 0.0033 0.6403 -0.1499
v 0.2859 0.4307 -0.0945
v -0.2695 0.5443 -0.1058
v 0.0205 0.6411 -0.1510
v 0.0380 0.6426 -0.1526
v -0.2499 0.5439 -0.1269
v 0.0560 0.6448 -0.1543
v 0.2994 0.4313 -0.0632
v 0.0746 0.6475 -0.1554
v -0.2276 0.5426 -0.1416
v 0.3072 0.4322 -0.0278
v 0.0940 0.6505 -0.1551
v -0.2037 0.5405 -0.1494
v -0.1794 0.5378 -0.1500
v 0.1139 0.6535 -0.1528
v -0.1556 0.5349 -0.1427
v 0.1343 0.6563 -0.1478
v -0.1336 0.5322 -0.1268
v -0.1143 0.5305 -0.1014
v 0.1547 0.6585 -0.1397
v -0.0988 0.5308 -0.0667
v 0.1748 0.6599 -0.1282
v -0.2382 0.2336 -0.0342
v -0.2265 0.2302 -0.0697
v 0.1941 0.6602 -0.1129
v -0.2105 0.2293 -0.1007
v 0.2119 0.6591 -0.0939
v -0.1912 0.2307 -0.1260
v 0.2277 0.6565 -0.0712
v 0.1059 0.4758 -0.0486
v -0.1695 0.2336 -0.1440
v 0.2407 0.6522 -0.0455
v 0.1187 0.4749 -0.0917
v -0.1464 0.2374 -0.1539
v 0.1376 0.4751 -0.1233
v -0.1232 0.2416 -0.1550
v 0.1603 0.4759 -0.1433
v 0.1852 0.4769 -0.1530
v -0.1007 0.2452 -0.1475
v 0.0886 0.5312 -0.0682
v -0.0799 0.2479 -0.1314
v 0.2107 0.4778 -0.1534
v 0.1039 0.5310 -0.1038
v -0.0615 0.2488 -0.1070
v 0.1229 0.5327 -0.1296
v -0.0460 0.2475 -0.0745
v 0.2355 0.4786 -0.1457
v 0.1447 0.5353 -0.1462
v -0.0341 0.2433 -0.0359
v 0.1684 0.5382 -0.1544
v 0.2583 0.4791 -0.1305
v 0.1927 0.5409 -0.1550
v 0.2782 0.4793 -0.1084
v 0.2939 0.4792 -0.0804
v 0.2168 0.5431 -0.1486
v 0.3046 0.4788 -0.0475
v 0.2396 0.5445 -0.1357
v 0.0229 0.2439 -0.0422
v -0.3093 0.4475 -0.0295
v 0.2601 0.5450 -0.1166
v 0.0350 0.2478 -0.0803
v -0.3007 0.4470 -0.0653
v 0.2774 0.5446 -0.0918
v -0.2865 0.4467 -0.0960
v 0.0504 0.2491 -0.1117
v 0.2905 0.5430 -0.0621
v -0.2675 0.4466 -0.1203
v 0.0686 0.2484 -0.1360
v 0.2988 0.5404 -0.0283
v -0.2450 0.4466 -0.1373
v 0.0891 0.2461 -0.1528
v -0.2203 0.4467 -0.1462
v -0.1946 0.4469 -0.1462
v 0.1115 0.2427 -0.1619
v -0.1696 0.4471 -0.1361
v -0.1470 0.4474 -0.1145
v 0.1348 0.2388 -0.1630
v -0.1290 0.4477 -0.0800
v -0.1182 0.4480 -0.0326
v 0.1582 0.2350 -0.1561
v 0.1807 0.2318 -0.1413
v 0.2012 0.2299 -0.1191
v 0.2189 0.2296 -0.0903
v 0.2327 0.2316 -0.0563
v -0.2376 0.6643 -0.0291
v -0.2257 0.6697 -0.0554
v -0.2110 0.6734 -0.0787
v -0.1942 0.6753 -0.0987
v -0.1758 0.6759 -0.1151
v -0.3053 0.4944 -0.0460
v -0.1565 0.6753 -0.1282
v -0.2944 0.4951 -0.0789
v -0.1367 0.6738 -0.1380
v -0.2783 0.4953 -0.1066
v -0.1169 0.6718 -0.1450
v -0.2582 0.4950 -0.1280
v -0.0973 0.6695 -0.1496
v -0.2351 0.4942 -0.1423
v -0.0781 0.6672 -0.1523
v -0.0594 0.6651 -0.1537
v -0.2103 0.4931 -0.1489
v -0.0411 0.6635 -0.1542
v -0.0231 0.6625 -0.1544
v -0.1850 0.4918 -0.1467
v -0.2974 0.5550 -0.0231
v -0.0054 0.6621 -0.1545
v -0.1607 0.4904 -0.1349
v 0.0124 0.6625 -0.1548
v -0.2899 0.5582 -0.0556
v -0.1390 0.4893 -0.1120
v 0.0304 0.6636 -0.1551
v -0.1219 0.4892 -0.0768
v -0.2772 0.5601 -0.0856
v 0.0486 0.6652 -0.1550
v 0.0674 0.6673 -0.1543
v -0.2603 0.5607 -0.1107
v -0.2402 0.5601 -0.1302
v 0.0866 0.6697 -0.1523
v -0.2178 0.5585 -0.1435
v 0.1063 0.6720 -0.1484
v -0.1942 0.5560 -0.1503
v -0.1703 0.5529 -0.1503
v 0.1262 0.6742 -0.1423
v -0.1472 0.5495 -0.1430
v 0.1461 0.6758 -0.1333
v -0.1257 0.5465 -0.1280
v 0.1657 0.6766 -0.1213
v 0.1079 0.4474 -0.0332
v -0.1068 0.5444 -0.1051
v -0.0907 0.5443 -0.0746
v 0.1844 0.6763 -0.1059
v 0.1188 0.4470 -0.0821
v -0.0774 0.5469 -0.0377
v 0.2018 0.6747 -0.0870
v 0.1365 0.4467 -0.1171
v 0.1588 0.4466 -0.1396
v 0.2173 0.6716 -0.0646
v 0.1836 0.4465 -0.1510
v 0.2303 0.6668 -0.0392
v -0.2468 0.2488 -0.0343
v 0.2092 0.4465 -0.1528
v -0.2355 0.2453 -0.0684
v -0.2196 0.2442 -0.0987
v 0.0998 0.4907 -0.0340
v 0.2343 0.4465 -0.1459
v -0.2003 0.2453 -0.1232
v 0.0679 0.5477 -0.0378
v 0.1110 0.4890 -0.0806
v -0.1785 0.2479 -0.1406
v 0.1283 0.4892 -0.1153
v 0.0807 0.5448 -0.0754
v 0.2575 0.4466 -0.1311
v -0.1553 0.2516 -0.1501
v 0.1498 0.4902 -0.1386
v 0.0965 0.5450 -0.1068
v 0.2777 0.4467 -0.1093
v 0.1740 0.4917 -0.1513
v 0.1152 0.5470 -0.1304
v -0.1318 0.2556 -0.1509
v 0.2937 0.4470 -0.0811
v 0.1992 0.4931 -0.1547
v 0.1364 0.5500 -0.1461
v 0.3047 0.4474 -0.0475
v -0.1091 0.2593 -0.1428
v 0.1594 0.5533 -0.1543
v -0.0881 0.2620 -0.1257
v 0.2243 0.4943 -0.1499
v 0.1832 0.5564 -0.1554
v -0.0698 0.2630 -0.0995
v -0.1281 0.7241 -0.0941
v 0.2070 0.5590 -0.1500
v -0.0548 0.2616 -0.0647
v 0.2479 0.4952 -0.1375
v -0.1096 0.7250 -0.1053
v 0.2298 0.5607 -0.1383
v -0.0909 0.7253 -0.1142
v 0.2690 0.4956 -0.1183
v -0.0720 0.7253 -0.1210
v 0.2507 0.5615 -0.1207
v 0.2865 0.4956 -0.0928
v -0.0530 0.7251 -0.1260
v 0.2687 0.5612 -0.0975
v 0.2995 0.4950 -0.0619
v -0.0341 0.7249 -0.1293
v 0.2830 0.5596 -0.0693
v 0.3071 0.4939 -0.0267
v -0.0151 0.7248 -0.1311
v 0.2927 0.5568 -0.0372
v 0.0039 0.7249 -0.1316
v 0.0230 0.7252 -0.1306
v 0.0421 0.7255 -0.1282
v 0.0438 0.2622 -0.0711
v 0.0612 0.7259 -0.1242
v 0.0588 0.2637 -0.1042
v 0.0804 0.7260 -0.1183
v 0.0994 0.7258 -0.1103
v 0.1180 0.7251 -0.1001
v 0.0769 0.2629 -0.1301
v 0.1362 0.7235 -0.0874
v 0.1534 0.7209 -0.0720
v 0.0977 0.2605 -0.1480
v 0.1694 0.7171 -0.0542
v 0.1837 0.7119 -0.0333
v 0.1203 0.2571 -0.1576
v 0.1438 0.2532 -0.1591
v 0.1673 0.2495 -0.1523
v 0.1899 0.2465 -0.1377
v 0.2104 0.2447 -0.1158
v 0.2279 0.2447 -0.0874
v -0.2266 0.6779 -0.0218
v 0.2414 0.2467 -0.0536
v -0.2149 0.6840 -0.0472
v -0.2005 0.6882 -0.0699
v -0.1841 0.6909 -0.0896
v -0.1663 0.6922 -0.1061
v -0.1475 0.6923 -0.1195
v -0.1282 0.6916 -0.1300
v -0.1088 0.6903 -0.1379
v -0.0894 0.6887 -0.1436
v -0.0704 0.6871 -0.1475
v -0.0515 0.6857 -0.1500
v -0.0330 0.6847 -0.1516
v -0.0146 0.6842 -0.1524
v 0.0037 0.6842 -0.1527
v 0.0221 0.6848 -0.1524
v 0.0407 0.6859 -0.1515
v 0.0595 0.6873 -0.1496
v 0.0787 0.6890 -0.1464
v -0.2913 0.5713 -0.0289
v 0.0982 0.6906 -0.1415
v -0.2822 0.5747 -0.0615
v 0.1177 0.6920 -0.1344
v -0.2685 0.5766 -0.0902
v 0.1372 0.6928 -0.1248
v -0.2510 0.5771 -0.1139
v -0.2307 0.5764 -0.1321
v 0.1562 0.6929 -0.1124
v -0.2084 0.5745 -0.1445
v 0.1745 0.6920 -0.0969
v -0.1852 0.5716 -0.1508
v 0.1914 0.6897 -0.0781
v -0.1619 0.5682 -0.1508
v 0.2066 0.6860 -0.0563
v -0.1394 0.5645 -0.1444
v -0.1184 0.5611 -0.1314
v 0.2194 0.6806 -0.0312
v -0.0995 0.5586 -0.1121
v -0.0828 0.5577 -0.0872
v -0.0680 0.5589 -0.0588
v 0.0584 0.5598 -0.0583
v -0.2552 0.2642 -0.0326
v 0.0729 0.5584 -0.0876
v -0.2443 0.2606 -0.0666
v 0.0893 0.5593 -0.1134
v -0.2287 0.2593 -0.0966
v 0.1079 0.5617 -0.1335
v -0.2095 0.2601 -0.1207
v 0.1287 0.5650 -0.1472
v -0.1876 0.2624 -0.1379
v 0.1510 0.5687 -0.1545
v -0.1643 0.2658 -0.1472
v 0.1743 0.5721 -0.1555
v -0.1662 0.7265 -0.0303
v -0.1512 0.7316 -0.0479
v -0.1405 0.2697 -0.1479
v -0.1349 0.7353 -0.0636
v 0.1976 0.5750 -0.1505
v -0.1176 0.7380 -0.0771
v -0.1176 0.2733 -0.1396
v -0.0996 0.7397 -0.0883
v 0.2202 0.5770 -0.1397
v -0.0811 0.7407 -0.0972
v -0.0965 0.2760 -0.1219
v -0.0625 0.7414 -0.1040
v 0.2412 0.5780 -0.1232
v -0.0436 0.7418 -0.1089
v -0.0782 0.2771 -0.0950
v 0.2596 0.5777 -0.1013
v -0.0247 0.7421 -0.1120
v 0.2748 0.5762 -0.0745
v -0.0636 0.2756 -0.0594
v -0.0056 0.7422 -0.1134
v 0.2857 0.5732 -0.0434
v 0.0135 0.7424 -0.1132
v 0.0326 0.7424 -0.1111
v 0.0517 0.7422 -0.1073
v 0.0707 0.7418 -0.1015
v 0.0894 0.7409 -0.0936
v 0.1077 0.7393 -0.0835
v 0.1254 0.7370 -0.0710
v 0.1422 0.7335 -0.0561
v 0.1578 0.7290 -0.0383
v -0.0498 0.7717 -0.0261
v -0.0322 0.7735 -0.0320
v -0.0143 0.7748 -0.0347
v 0.0038 0.7752 -0.0354
v 0.0219 0.7748 -0.0341
v 0.0398 0.7735 -0.0311
v 0.0526 0.2765 -0.0647
v 0.0573 0.7713 -0.0256
v 0.0673 0.2780 -0.0992
v -0.2036 0.6972 -0.0371
v 0.0855 0.2772 -0.1260
v -0.1896 0.7023 -0.0588
v -0.1736 0.7057 -0.0781
v -0.1563 0.7077 -0.0946
v 0.1064 0.2748 -0.1445
v -0.1380 0.7087 -0.1082
v 0.1292 0.2713 -0.1545
v -0.1192 0.7088 -0.1192
v -0.1001 0.7083 -0.1277
v 0.1529 0.2675 -0.1560
v -0.0810 0.7075 -0.1341
v 0.1766 0.2640 -0.1492
v -0.0620 0.7066 -0.1388
v 0.1991 0.2612 -0.1346
v -0.0431 0.7059 -0.1420
v 0.2195 0.2596 -0.1127
v -0.0243 0.7054 -0.1439
v 0.2368 0.2598 -0.0845
v -0.0056 0.7053 -0.1448
v 0.2499 0.2621 -0.0508
v 0.0132 0.7055 -0.1446
v 0.0321 0.7061 -0.1434
v 0.0511 0.7070 -0.1410
v 0.0703 0.7079 -0.1372
v 0.0895 0.7088 -0.1315
v 0.1088 0.7094 -0.1239
v 0.1279 0.7094 -0.1138
v 0.1464 0.7087 -0.1012
v 0.1642 0.7069 -0.0856
v 0.1806 0.7040 -0.0672
v -0.2840 0.5875 -0.0342
v 0.1954 0.6995 -0.0459
v -0.2739 0.5911 -0.0655
v 0.2078 0.6933 -0.0228
v -0.2595 0.5931 -0.0929
v -0.2417 0.5936 -0.1155
v -0.2214 0.5927 -0.1328
v -0.1994 0.5906 -0.1447
v -0.1767 0.5876 -0.1509
v -0.1540 0.5840 -0.1516
v -0.1321 0.5801 -0.1467
v -0.1115 0.5765 -0.1365
v -0.0926 0.5735 -0.1215
v -0.0754 0.5718 -0.1028
v -0.0596 0.5715 -0.0826
v -0.0443 0.5723 -0.0628
v -0.0289 0.5741 -0.0484
v -0.0129 0.5753 -0.0386
v 0.0032 0.5756 -0.0371
v 0.0192 0.5746 -0.0452
v 0.0346 0.5730 -0.0609
v 0.0498 0.5721 -0.0816
v 0.0655 0.5724 -0.1029
v -0.1393 0.7418 -0.0287
v 0.0824 0.5741 -0.1225
v -0.1235 0.7464 -0.0441
v -0.1066 0.7498 -0.0573
v -0.0890 0.7523 -0.0682
v -0.0709 0.7540 -0.0767
v -0.2635 0.2796 -0.0285
v -0.0525 0.7553 -0.0832
v -0.0339 0.7561 -0.0878
v -0.2531 0.2760 -0.0638
v -0.0150 0.7566 -0.0904
v -0.2379 0.2745 -0.0941
v 0.0039 0.7569 -0.0910
v -0.2188 0.2750 -0.1184
v 0.0229 0.7568 -0.0898
v -0.1969 0.2770 -0.1356
v 0.0418 0.7563 -0.0865
v 0.1011 0.5770 -0.1383
v 0.0605 0.7554 -0.0812
v -0.1735 0.2802 -0.1451
v 0.0790 0.7539 -0.0736
v 0.1214 0.5806 -0.1493
v 0.0970 0.7517 -0.0638
v 0.1142 0.7486 -0.0519
v -0.1495 0.2838 -0.1460
v 0.1432 0.5844 -0.1550
v 0.1305 0.7444 -0.0375
v -0.1263 0.2874 -0.1377
v 0.1658 0.5881 -0.1554
v -0.1049 0.2901 -0.1199
v 0.1886 0.5912 -0.1503
v -0.0866 0.2912 -0.0927
v 0.2108 0.5933 -0.1398
v -0.0723 0.2898 -0.0566
v -0.1918 0.7093 -0.0243
v -0.1782 0.7152 -0.0453
v -0.1627 0.7194 -0.0643
v -0.1458 0.7223 -0.0805
v 0.2317 0.5944 -0.1241
v 0.2504 0.5942 -0.1033
v 0.2660 0.5926 -0.0777
v 0.2778 0.5895 -0.0481
v 0.0615 0.2908 -0.0610
v 0.0760 0.2923 -0.0962
v 0.0942 0.2914 -0.1236
v 0.1152 0.2889 -0.1424
v 0.1383 0.2855 -0.1523
v 0.1622 0.2818 -0.1536
v 0.1860 0.2785 -0.1465
v 0.2085 0.2759 -0.1317
v 0.2287 0.2747 -0.1096
v 0.2456 0.2751 -0.0812
v 0.2581 0.2776 -0.0478
v -0.1116 0.7550 -0.0225
v -0.0952 0.7590 -0.0351
v -0.0781 0.7622 -0.0450
v -0.0604 0.7645 -0.0530
v -0.0424 0.7662 -0.0588
v -0.0240 0.7673 -0.0628
v -0.0055 0.7679 -0.0647
v 0.0132 0.7680 -0.0644
v 0.0318 0.7674 -0.0620
v 0.0502 0.7662 -0.0575
v 0.0682 0.7642 -0.0507
v 0.0858 0.7615 -0.0411
v -0.2760 0.6036 -0.0371
v 0.1026 0.7578 -0.0299
v -0.2651 0.6074 -0.0675
v -0.2502 0.6095 -0.0938
v -0.2323 0.6100 -0.1155
v -0.1685 0.6040 -0.1506
v -0.2122 0.6092 -0.1322
v -0.1465 0.6004 -0.1523
v -0.1251 0.5964 -0.1494
v -0.1907 0.6071 -0.1439
v -0.1049 0.5927 -0.1423
v -0.0861 0.5894 -0.1317
v -0.0686 0.5871 -0.1189
v -0.2712 0.2953 -0.0260
v -0.0521 0.5856 -0.1056
v -0.2617 0.2915 -0.0602
v -0.0362 0.5851 -0.0938
v -0.2470 0.2899 -0.0910
v -0.0205 0.5851 -0.0855
v -0.0049 0.5852 -0.0821
v -0.2282 0.2901 -0.1158
v 0.0107 0.5853 -0.0846
v 0.0263 0.5855 -0.0928
v -0.2065 0.2918 -0.1335
v 0.0421 0.5861 -0.1050
v -0.1829 0.2946 -0.1434
v 0.0585 0.5875 -0.1191
v -0.1587 0.2980 -0.1448
v 0.0758 0.5899 -0.1326
v -0.1352 0.3014 -0.1370
v 0.0945 0.5931 -0.1439
v 0.1145 0.5969 -0.1518
v -0.1135 0.3041 -0.1195
v 0.1357 0.6008 -0.1556
v -0.0949 0.3054 -0.0923
v 0.1577 0.6045 -0.1548
v -0.0806 0.3042 -0.0560
v 0.1799 0.6076 -0.1493
v 0.2017 0.6098 -0.1389
v 0.2223 0.6109 -0.1236
v 0.2409 0.6107 -0.1035
v 0.2569 0.6090 -0.0789
v 0.1717 0.2961 -0.1517
v 0.1956 0.2930 -0.1441
v 0.2180 0.2908 -0.1287
v 0.2379 0.2898 -0.1062
v 0.2543 0.2905 -0.0774
v 0.2662 0.2932 -0.0435
v -0.2700 0.3072 -0.0555
v -0.2561 0.3054 -0.0871
v 0.0702 0.3051 -0.0593
v -0.2378 0.3053 -0.1127
v 0.0845 0.3065 -0.0951
v -0.2163 0.3066 -0.1313
v 0.1450 0.1050 -0.1872
v 0.1029 0.3055 -0.1228
v -0.1927 0.3091 -0.1421
v 0.1605 0.1073 -0.1647
v 0.1242 0.3029 -0.1414
v 0.1755 0.1113 -0.1285
v -0.1683 0.3122 -0.1443
v 0.1475 0.2996 -0.1510
v 0.1914 0.1155 -0.0963
v 0.2081 0.1185 -0.0851
v -0.1443 0.3154 -0.1373
v 0.2250 0.1207 -0.0828
v 0.1602 0.3884 -0.1420
v -0.2920 0.3551 -0.0343
v -0.1222 0.3182 -0.1205
v 0.2421 0.1224 -0.0835
v 0.1851 0.3865 -0.1504
v -0.2819 0.3527 -0.0691
v 0.2594 0.1239 -0.0856
v -0.2663 0.3517 -0.0987
v 0.2104 0.3848 -0.1493
v -0.1032 0.3196 -0.0938
v 0.2769 0.1252 -0.0886
v -0.2466 0.3519 -0.1216
v 0.2348 0.3835 -0.1397
v 0.2946 0.1263 -0.0920
v -0.2237 0.3532 -0.1370
v -0.0886 0.3188 -0.0574
v 0.2570 0.3828 -0.1223
v 0.3126 0.1272 -0.0957
v -0.1991 0.3553 -0.1440
v 0.2759 0.3828 -0.0978
v 0.3310 0.1280 -0.0994
v -0.1741 0.3578 -0.1419
v 0.2903 0.3838 -0.0674
v -0.1502 0.3602 -0.1299
v 0.3500 0.1285 -0.1028
v 0.2994 0.3859 -0.0324
v -0.1289 0.3620 -0.1075
v -0.1119 0.3625 -0.0746
v 0.3695 0.1285 -0.1056
v 0.3896 0.1278 -0.1073
v -0.1010 0.3609 -0.0318
v 0.4102 0.1261 -0.1071
v 0.4309 0.1234 -0.1031
v 0.4511 0.1192 -0.0932
v 0.4692 0.1137 -0.0746
v 0.4826 0.1078 -0.0450
v -0.4822 0.1236 -0.0418
v -0.4670 0.1299 -0.0677
v -0.4477 0.1349 -0.0808
v -0.4273 0.1380 -0.0852
v -0.4070 0.1396 -0.0846
v -0.2964 0.3848 -0.0501
v -0.3873 0.1402 -0.0816
v -0.2841 0.3834 -0.0830
v -0.3682 0.1400 -0.0773
v -0.2668 0.3830 -0.1100
v -0.3496 0.1393 -0.0726
v -0.2455 0.3835 -0.1299
v -0.3315 0.1382 -0.0677
v -0.2215 0.3847 -0.1418
v -0.3137 0.1369 -0.0627
v 0.0786 0.3196 -0.0595
v -0.1962 0.3863 -0.1450
v -0.2962 0.1354 -0.0575
v -0.1711 0.3882 -0.1385
v -0.2789 0.1337 -0.0521
v 0.0930 0.3206 -0.0957
v -0.1478 0.3900 -0.1216
v -0.2618 0.1318 -0.0469
v -0.1281 0.3911 -0.0935
v -0.2448 0.1299 -0.0420
v -0.1139 0.3909 -0.0548
v 0.1117 0.3194 -0.1233
v -0.2279 0.1277 -0.0372
v 0.1334 0.3169 -0.1415
v 0.1571 0.3137 -0.1504
v -0.1656 0.1191 -0.1370
v -0.3022 0.4010 -0.0385
v 0.1815 0.3104 -0.1503
v -0.2921 0.3995 -0.0726
v -0.1500 0.1187 -0.1700
v 0.2054 0.3076 -0.1418
v -0.2764 0.3988 -0.1018
v -0.1325 0.1190 -0.1904
v 0.2276 0.3057 -0.1256
v -0.2564 0.3990 -0.1243
v -0.1139 0.1198 -0.2038
v 0.2471 0.3051 -0.1023
v 0.1023 0.3629 -0.0731
v -0.2332 0.3997 -0.1392
v -0.0948 0.1209 -0.2127
v 0.2629 0.3061 -0.0728
v 0.1187 0.3626 -0.1080
v -0.2081 0.4009 -0.1455
v 0.2738 0.3090 -0.0386
v -0.0760 0.1220 -0.2184
v -0.1826 0.4024 -0.1424
v 0.1394 0.3609 -0.1324
v -0.1583 0.4039 -0.1290
v -0.0575 0.1230 -0.2219
v -0.1370 0.4052 -0.1043
v 0.1630 0.3585 -0.1463
v -0.0396 0.1236 -0.2240
v -0.1208 0.4055 -0.0683
v 0.1878 0.3559 -0.1505
v -0.0223 0.1239 -0.2252
v 0.2126 0.3537 -0.1457
v -0.0053 0.1239 -0.2259
v 0.2361 0.3521 -0.1327
v 0.0115 0.1237 -0.2262
v 0.2569 0.3514 -0.1122
v 0.0287 0.1232 -0.2261
v 0.2742 0.3518 -0.0851
v 0.2867 0.3536 -0.0524
v 0.0462 0.1224 -0.2251
v 0.0644 0.1214 -0.2229
v 0.0830 0.1203 -0.2189
v 0.1018 0.1191 -0.2122
v 0.1205 0.1182 -0.2018
v 0.1386 0.1177 -0.1861
v 0.1049 0.3907 -0.0515
v 0.1553 0.1181 -0.1614
v 0.1695 0.1195 -0.1152
v 0.1183 0.3911 -0.0930
v 0.4475 0.1605 -0.0411
v 0.2181 0.1274 -0.0383
v 0.1374 0.3900 -0.1232
v 0.2350 0.1295 -0.0421
v 0.4671 0.1576 -0.0349
v 0.2520 0.1314 -0.0464
v 0.2691 0.1331 -0.0511
v 0.2863 0.1347 -0.0561
v 0.3036 0.1363 -0.0614
v 0.3212 0.1378 -0.0669
v 0.3391 0.1391 -0.0720
v 0.3575 0.1401 -0.0770
v 0.3764 0.1407 -0.0816
v 0.0868 0.3340 -0.0618
v -0.2779 0.3231 -0.0497
v 0.3960 0.1405 -0.0855
v -0.2650 0.3210 -0.0823
v 0.1015 0.3347 -0.0981
v 0.4162 0.1394 -0.0876
v -0.2474 0.3206 -0.1090
v 0.1206 0.3333 -0.1252
v -0.2262 0.3216 -0.1288
v 0.4368 0.1370 -0.0857
v 0.1429 0.3308 -0.1425
v -0.2027 0.3237 -0.1407
v 0.4570 0.1330 -0.0770
v 0.1669 0.3277 -0.1502
v 0.4748 0.1272 -0.0580
v 0.1915 0.3247 -0.1489
v 0.4863 0.1209 -0.0260
v -0.1782 0.3265 -0.1442
v 0.2154 0.3223 -0.1393
v 0.2374 0.3208 -0.1219
v -0.1538 0.3295 -0.1384
v 0.2563 0.3205 -0.0976
v -0.4725 0.1430 -0.0490
v -0.1312 0.3322 -0.1228
v 0.2712 0.3218 -0.0672
v -0.2978 0.3713 -0.0244
v -0.4531 0.1478 -0.0616
v -0.1116 0.3338 -0.0970
v -0.1928 0.1605 -0.0356
v 0.2810 0.3248 -0.0323
v -0.2895 0.3687 -0.0604
v -0.4327 0.1499 -0.0636
v -0.1813 0.1582 -0.0891
v -0.2755 0.3675 -0.0916
v -0.0965 0.3334 -0.0612
v -0.4130 0.1505 -0.0604
v -0.1646 0.1589 -0.1329
v -0.2567 0.3674 -0.1165
v -0.3940 0.1500 -0.0553
v -0.1450 0.1611 -0.1626
v -0.2345 0.3682 -0.1340
v -0.3757 0.1490 -0.0493
v -0.1240 0.1640 -0.1805
v -0.2101 0.3699 -0.1433
v -0.3578 0.1476 -0.0428
v -0.1849 0.3720 -0.1437
v -0.1027 0.1670 -0.1900
v -0.3403 0.1458 -0.0370
v -0.1603 0.3742 -0.1342
v -0.3231 0.1437 -0.0314
v -0.0821 0.1695 -0.1937
v -0.1381 0.3760 -0.1143
v -0.1198 0.3769 -0.0835
v -0.0625 0.1713 -0.1939
v -0.1075 0.3760 -0.0426
v -0.0444 0.1723 -0.1921
v -0.0278 0.1725 -0.1902
v -0.0126 0.1723 -0.1894
v -0.1758 0.1318 -0.0791
v 0.0021 0.1721 -0.1901
v -0.1611 0.1316 -0.1401
v -0.1434 0.1325 -0.1720
v 0.0170 0.1720 -0.1921
v -0.1242 0.1340 -0.1909
v -0.1045 0.1358 -0.2025
v 0.0331 0.1717 -0.1950
v -0.0849 0.1374 -0.2094
v 0.0507 0.1707 -0.1979
v -0.0658 0.1388 -0.2132
v -0.0476 0.1397 -0.2151
v 0.0698 0.1690 -0.1993
v -0.0302 0.1402 -0.2160
v 0.0901 0.1666 -0.1976
v -0.0135 0.1404 -0.2166
v 0.1111 0.1638 -0.1914
v 0.0028 0.1403 -0.2172
v 0.1325 0.1608 -0.1784
v 0.1532 0.1581 -0.1556
v 0.0193 0.1399 -0.2176
v 0.1723 0.1566 -0.1196
v 0.1880 0.1572 -0.0727
v 0.0363 0.1392 -0.2178
v -0.2853 0.3390 -0.0426
v 0.0542 0.1382 -0.2172
v -0.2736 0.3368 -0.0763
v -0.2569 0.3361 -0.1044
v 0.0728 0.1368 -0.2149
v -0.2363 0.3367 -0.1256
v 0.0921 0.1352 -0.2102
v -0.2131 0.3384 -0.1391
v 0.1117 0.1334 -0.2017
v -0.1884 0.3408 -0.1442
v 0.0985 0.3759 -0.0381
v 0.1312 0.1318 -0.1876
v -0.1637 0.3436 -0.1400
v 0.1101 0.3771 -0.0820
v 0.1498 0.1306 -0.1644
v -0.1405 0.3462 -0.1260
v 0.1667 0.1302 -0.1223
v 0.1278 0.3764 -0.1152
v -0.1201 0.3479 -0.1016
v 0.1495 0.3746 -0.1371
v 0.1737 0.3724 -0.1485
v -0.1042 0.3480 -0.0670
v 0.0989 0.1812 -0.1891
v 0.1989 0.3702 -0.1502
v 0.2236 0.3684 -0.1432
v 0.1208 0.1778 -0.1822
v 0.3131 0.1429 -0.0297
v 0.2466 0.3673 -0.1281
v 0.1427 0.1745 -0.1674
v 0.3303 0.1452 -0.0362
v 0.1637 0.1718 -0.1428
v 0.2666 0.3670 -0.1057
v 0.3476 0.1473 -0.0420
v 0.1823 0.1706 -0.1081
v 0.3653 0.1491 -0.0481
v 0.1972 0.1718 -0.0665
v 0.2826 0.3677 -0.0770
v 0.3835 0.1504 -0.0547
v 0.2935 0.3697 -0.0431
v 0.4023 0.1510 -0.0608
v 0.4219 0.1510 -0.0653
v 0.4422 0.1496 -0.0656
v 0.4625 0.1462 -0.0582
v 0.4796 0.1403 -0.0388
v -0.1749 0.0652 -0.1952
v -0.1590 0.0621 -0.2043
v -0.1431 0.0596 -0.2125
v -0.4766 0.1548 -0.0243
v -0.1268 0.0580 -0.2198
v -0.4582 0.1590 -0.0385
v -0.1101 0.0571 -0.2262
v -0.4381 0.1599 -0.0374
v -0.4195 0.1586 -0.0322
v -0.0930 0.0568 -0.2316
v -0.4016 0.1569 -0.0257
v -0.0756 0.0568 -0.2362
v -0.0580 0.0570 -0.2397
v -0.0403 0.0572 -0.2424
v 0.0946 0.3485 -0.0663
v -0.0225 0.0573 -0.2441
v 0.1100 0.3487 -0.1023
v -0.0047 0.0573 -0.2449
v 0.1298 0.3471 -0.1283
v -0.2014 0.1750 -0.0327
v 0.1527 0.3446 -0.1442
v 0.0130 0.0571 -0.2449
v -0.1903 0.1721 -0.0788
v 0.1772 0.3418 -0.1503
v -0.1742 0.1724 -0.1198
v 0.0308 0.0568 -0.2439
v -0.1548 0.1746 -0.1505
v -0.1847 0.1460 -0.0475
v -0.1335 0.1778 -0.1702
v -0.1718 0.1447 -0.1089
v 0.0485 0.0565 -0.2421
v 0.2019 0.3391 -0.1475
v -0.1543 0.1457 -0.1513
v -0.1116 0.1813 -0.1806
v 0.2256 0.3371 -0.1363
v -0.1347 0.1477 -0.1767
v 0.0661 0.0562 -0.2392
v 0.2472 0.3360 -0.1175
v -0.0901 0.1844 -0.1840
v -0.1142 0.1501 -0.1915
v 0.0835 0.0560 -0.2354
v 0.2654 0.3361 -0.0919
v -0.0697 0.1867 -0.1825
v -0.0938 0.1524 -0.1997
v 0.2792 0.3376 -0.0603
v 0.1007 0.0563 -0.2306
v -0.0509 0.1881 -0.1779
v 0.2878 0.3408 -0.0235
v -0.0740 0.1543 -0.2036
v 0.1174 0.0571 -0.2248
v -0.0339 0.1883 -0.1725
v -0.0552 0.1557 -0.2049
v 0.1338 0.0587 -0.2180
v -0.0188 0.1877 -0.1687
v -0.0376 0.1564 -0.2050
v 0.1498 0.0611 -0.2102
v -0.0051 0.1870 -0.1681
v 0.1656 0.0641 -0.2014
v 0.0084 0.1872 -0.1703
v 0.1816 0.0675 -0.1920
v 0.0230 0.1876 -0.1751
v 0.1979 0.0708 -0.1831
v 0.0395 0.1874 -0.1814
v 0.2146 0.0736 -0.1758
v -0.0211 0.1566 -0.2048
v 0.2318 0.0757 -0.1707
v 0.0578 0.1862 -0.1870
v 0.2495 0.0773 -0.1675
v -0.0053 0.1565 -0.2051
v 0.0777 0.1841 -0.1902
v 0.2677 0.0784 -0.1655
v 0.0103 0.1563 -0.2060
v 0.2865 0.0792 -0.1643
v 0.0265 0.1559 -0.2072
v 0.3058 0.0796 -0.1634
v 0.0437 0.1551 -0.2083
v -0.0575 0.2036 -0.1635
v 0.3258 0.0797 -0.1624
v 0.0620 0.1537 -0.2084
v -0.0399 0.2040 -0.1526
v 0.0814 0.1519 -0.2064
v 0.3463 0.0795 -0.1607
v -0.0244 0.2029 -0.1419
v 0.1015 0.1496 -0.2009
v 0.3674 0.0788 -0.1579
v -0.0110 0.2010 -0.1361
v 0.1220 0.1472 -0.1902
v 0.3888 0.0776 -0.1532
v 0.1422 0.1449 -0.1715
v 0.1613 0.1433 -0.1395
v 0.0011 0.2006 -0.1372
v 0.4101 0.0757 -0.1456
v 0.1780 0.1431 -0.0864
v 0.4309 0.0731 -0.1339
v 0.4502 0.0698 -0.1168
v 0.0139 0.2023 -0.1443
v 0.4670 0.0660 -0.0932
v 0.0289 0.2033 -0.1557
v 0.4797 0.0624 -0.0625
v -0.2987 0.0385 -0.1853
v 0.4869 0.0599 -0.0266
v 0.0460 0.2031 -0.1673
v -0.2791 0.0378 -0.1875
v -0.4838 0.0916 -0.0424
v -0.4795 0.0780 -0.0603
v -0.2601 0.0367 -0.1897
v 0.0651 0.2016 -0.1765
v -0.4719 0.0967 -0.0754
v -0.4661 0.0826 -0.0901
v -0.4488 0.0872 -0.1117
v -0.4552 0.1020 -0.0982
v -0.2418 0.0354 -0.1924
v 0.0859 0.1990 -0.1816
v -0.4292 0.0911 -0.1261
v -0.4358 0.1066 -0.1124
v -0.4153 0.1100 -0.1204
v -0.4084 0.0940 -0.1351
v -0.2240 0.0337 -0.1957
v 0.1079 0.1956 -0.1811
v 0.3915 0.1570 -0.0255
v -0.3944 0.1122 -0.1241
v -0.3873 0.0961 -0.1403
v -0.2068 0.0318 -0.1996
v 0.4093 0.1589 -0.0330
v -0.3663 0.0973 -0.1430
v -0.3738 0.1136 -0.1252
v 0.1304 0.1919 -0.1739
v -0.1901 0.0297 -0.2041
v -0.3536 0.1142 -0.1247
v 0.4278 0.1603 -0.0394
v 0.1526 0.1885 -0.1583
v -0.3458 0.0980 -0.1440
v -0.1738 0.0276 -0.2090
v 0.1735 0.1860 -0.1338
v -0.3339 0.1143 -0.1233
v -0.3257 0.0981 -0.1442
v -0.1576 0.0258 -0.2141
v 0.1918 0.1851 -0.1012
v -0.3148 0.1140 -0.1215
v -0.3062 0.0979 -0.1438
v -0.1415 0.0244 -0.2192
v 0.2062 0.1866 -0.0631
v -0.2873 0.0973 -0.1434
v -0.2961 0.1134 -0.1195
v -0.1254 0.0236 -0.2243
v -0.2778 0.1125 -0.1177
v -0.2688 0.0964 -0.1434
v -0.1090 0.0233 -0.2293
v -0.2600 0.1114 -0.1165
v -0.2508 0.0952 -0.1443
v -0.0922 0.0234 -0.2339
v -0.2424 0.1099 -0.1163
v -0.2333 0.0934 -0.1468
v -0.0752 0.0237 -0.2381
v -0.2253 0.1080 -0.1183
v -0.2162 0.0911 -0.1520
v -0.2084 0.1054 -0.1244
v -0.0578 0.0240 -0.2416
v -0.1996 0.0880 -0.1610
v -0.1921 0.1017 -0.1383
v -0.0402 0.0243 -0.2443
v -0.1765 0.0974 -0.1596
v -0.1835 0.0842 -0.1739
v -0.0223 0.0244 -0.2462
v -0.1678 0.0803 -0.1876
v -0.1613 0.0937 -0.1796
v -0.0044 0.0244 -0.2471
v -0.1522 0.0772 -0.1997
v -0.1457 0.0912 -0.1952
v 0.0137 0.0242 -0.2470
v -0.1361 0.0750 -0.2099
v -0.1293 0.0898 -0.2073
v 0.0316 0.0238 -0.2459
v -0.1195 0.0738 -0.2184
v -0.1119 0.0893 -0.2167
v 0.1652 0.0270 -0.2129
v -0.1023 0.0733 -0.2254
v 0.0495 0.0234 -0.2439
v -0.0941 0.0893 -0.2239
v -0.0847 0.0732 -0.2310
v 0.1812 0.0291 -0.2079
v -0.0670 0.0734 -0.2353
v -0.0761 0.0897 -0.2293
v 0.0670 0.0230 -0.2409
v -0.0492 0.0737 -0.2385
v -0.0581 0.0901 -0.2332
v 0.1975 0.0312 -0.2031
v 0.0842 0.0227 -0.2373
v -0.0315 0.0739 -0.2406
v -0.0403 0.0904 -0.2358
v 0.2143 0.0332 -0.1988
v 0.1010 0.0226 -0.2329
v -0.0138 0.0740 -0.2419
v -0.0226 0.0906 -0.2374
v 0.0039 0.0739 -0.2423
v 0.1174 0.0230 -0.2282
v 0.2316 0.0349 -0.1951
v -0.0051 0.0906 -0.2383
v 0.0215 0.0736 -0.2419
v 0.2496 0.0362 -0.1921
v 0.1335 0.0238 -0.2232
v 0.0124 0.0904 -0.2383
v 0.0392 0.0732 -0.2406
v 0.2681 0.0373 -0.1897
v 0.1494 0.0252 -0.2181
v 0.0299 0.0901 -0.2376
v 0.0569 0.0728 -0.2382
v 0.2874 0.0381 -0.1875
v -0.1834 0.1861 -0.1115
v 0.0476 0.0896 -0.2359
v 0.0746 0.0725 -0.2348
v 0.3073 0.0386 -0.1852
v -0.1641 0.1882 -0.1412
v -0.2106 0.1893 -0.0331
v -0.1427 0.1916 -0.1613
v 0.0921 0.0725 -0.2301
v 0.0654 0.0890 -0.2331
v 0.3279 0.0388 -0.1825
v 0.1094 0.0729 -0.2241
v 0.0833 0.0886 -0.2288
v -0.1204 0.1954 -0.1721
v 0.3491 0.0388 -0.1789
v -0.1992 0.1862 -0.0740
v 0.1262 0.0740 -0.2165
v 0.1011 0.0885 -0.2229
v 0.3707 0.0385 -0.1737
v -0.0982 0.1990 -0.1750
v 0.3040 0.1137 -0.1220
v 0.1425 0.0761 -0.2072
v 0.1185 0.0889 -0.2149
v 0.3925 0.0379 -0.1661
v 0.1583 0.0792 -0.1959
v -0.0771 0.2019 -0.1716
v 0.3229 0.1142 -0.1239
v 0.1353 0.0901 -0.2044
v 0.4139 0.0370 -0.1553
v -0.2693 0.1243 -0.0854
v 0.1740 0.0830 -0.1824
v 0.3423 0.1143 -0.1257
v 0.1514 0.0925 -0.1907
v 0.4344 0.0357 -0.1403
v 0.1901 0.0869 -0.1686
v 0.0044 0.0407 -0.2466
v 0.4530 0.0341 -0.1200
v 0.3623 0.1141 -0.1267
v 0.2065 0.0902 -0.1575
v 0.1669 0.0962 -0.1723
v -0.2519 0.1229 -0.0825
v 0.0223 0.0404 -0.2461
v 0.4688 0.0323 -0.0938
v 0.1826 0.1005 -0.1500
v 0.2235 0.0928 -0.1506
v 0.3828 0.1131 -0.1266
v 0.4806 0.0307 -0.0616
v 0.0401 0.0401 -0.2446
v 0.2408 0.0946 -0.1469
v 0.1988 0.1044 -0.1320
v -0.2348 0.1211 -0.0805
v 0.4873 0.0296 -0.0243
v 0.4037 0.1114 -0.1243
v 0.2585 0.0960 -0.1452
v 0.2155 0.1073 -0.1227
v 0.0578 0.0397 -0.2422
v 0.4246 0.1086 -0.1187
v 0.2767 0.0969 -0.1448
v 0.2326 0.1094 -0.1189
v -0.2178 0.1191 -0.0806
v 0.0752 0.0395 -0.2390
v -0.4807 0.0463 -0.0594
v 0.4449 0.1047 -0.1078
v 0.2954 0.0976 -0.1450
v 0.2500 0.1109 -0.1180
v -0.4688 0.0490 -0.0914
v 0.0923 0.0395 -0.2349
v -0.4529 0.0519 -0.1169
v -0.2011 0.1164 -0.0857
v 0.4633 0.0998 -0.0897
v 0.3146 0.0980 -0.1454
v 0.2676 0.1121 -0.1186
v 0.1091 0.0399 -0.2301
v -0.4341 0.0545 -0.1362
v 0.4781 0.0944 -0.0623
v -0.4136 0.0566 -0.1500
v 0.3343 0.0980 -0.1456
v 0.2856 0.1130 -0.1201
v 0.4868 0.0901 -0.0254
v 0.1255 0.0408 -0.2247
v -0.1850 0.1123 -0.1090
v -0.3923 0.0582 -0.1597
v 0.3546 0.0977 -0.1451
v 0.1415 0.0425 -0.2188
v 0.3966 0.0952 -0.1397
v -0.1702 0.1083 -0.1454
v -0.3708 0.0593 -0.1662
v 0.3755 0.0968 -0.1434
v -0.4772 0.1103 -0.0597
v 0.1574 0.0447 -0.2125
v -0.4612 0.1162 -0.0837
v 0.4177 0.0928 -0.1328
v -0.3494 0.0598 -0.1705
v 0.1733 0.0474 -0.2059
v -0.4420 0.1211 -0.0975
v -0.1987 0.0509 -0.1948
v 0.4382 0.0894 -0.1214
v -0.4215 0.1246 -0.1039
v 0.1894 0.0501 -0.1992
v -0.1823 0.0482 -0.2011
v 0.4570 0.0852 -0.1037
v -0.3284 0.0600 -0.1734
v -0.4009 0.1268 -0.1056
v -0.1556 0.1060 -0.1731
v 0.4728 0.0806 -0.0783
v -0.1662 0.0455 -0.2077
v 0.2060 0.0527 -0.1932
v -0.3081 0.0598 -0.1755
v -0.3807 0.1279 -0.1048
v 0.4838 0.0764 -0.0449
v -0.1502 0.0433 -0.2142
v 0.2230 0.0549 -0.1882
v -0.3610 0.1283 -0.1025
v -0.1341 0.0416 -0.2203
v -0.2884 0.0593 -0.1773
v 0.2405 0.0567 -0.1843
v -0.2508 0.0572 -0.1815
v -0.1177 0.0406 -0.2260
v -0.3418 0.1281 -0.0994
v -0.2693 0.0584 -0.1791
v 0.2587 0.0580 -0.1815
v -0.1394 0.1048 -0.1917
v -0.2329 0.0555 -0.1848
v -0.1010 0.0402 -0.2312
v -0.3231 0.1276 -0.0960
v 0.2774 0.0589 -0.1794
v -0.2155 0.0534 -0.1892
v -0.0840 0.0402 -0.2358
v -0.3048 0.1267 -0.0924
v -0.0670 0.1062 -0.2264
v -0.0666 0.0403 -0.2396
v -0.2869 0.1256 -0.0888
v 0.2968 0.0595 -0.1776
v 0.4427 0.0533 -0.1291
v -0.0491 0.0406 -0.2427
v -0.0490 0.1068 -0.2295
v 0.3168 0.0598 -0.1757
v 0.4604 0.0506 -0.1071
v -0.0313 0.0408 -0.2449
v -0.1220 0.1046 -0.2052
v 0.3374 0.0598 -0.1733
v 0.4747 0.0478 -0.0786
v -0.0313 0.1072 -0.2315
v 0.0382 0.1063 -0.2320
v -0.0135 0.0408 -0.2462
v 0.4844 0.0455 -0.0442
v 0.3586 0.0594 -0.1699
v -0.0139 0.1073 -0.2326
v -0.0854 0.1055 -0.2217
v 0.0560 0.1056 -0.2300
v -0.1038 0.1049 -0.2149
v -0.4846 0.0606 -0.0413
v 0.3802 0.0587 -0.1646
v 0.0034 0.1072 -0.2331
v 0.0207 0.1069 -0.2329
v 0.0741 0.1049 -0.2266
v -0.4746 0.0638 -0.0763
v -0.4598 0.0677 -0.1039
v 0.4017 0.0574 -0.1568
v -0.4418 0.0714 -0.1244
v 0.0924 0.1042 -0.2212
v -0.4218 0.0744 -0.1387
v -0.4008 0.0768 -0.1483
v -0.2783 0.0788 -0.1635
v 0.1105 0.1037 -0.2135
v -0.2243 0.0743 -0.1716
v -0.2074 0.0717 -0.1778
v -0.3794 0.0784 -0.1544
v -0.2598 0.0778 -0.1650
v 0.1282 0.1039 -0.2025
v -0.1909 0.0686 -0.1860
v -0.3582 0.0793 -0.1582
v -0.2418 0.0763 -0.1675
v 0.4228 0.0556 -0.1453
v -0.3374 0.0798 -0.1604
v -0.2974 0.0795 -0.1626
v -0.3171 0.0798 -0.1617
v -0.4447 -0.1354 -0.0717
v -0.4240 -0.1375 -0.0724
v -0.4042 -0.1380 -0.0686
v -0.3851 -0.1376 -0.0627
v -0.3666 -0.1365 -0.0559
v -0.3486 -0.1349 -0.0483
v -0.3311 -0.1329 -0.0408
v -0.3140 -0.1306 -0.0332
v -0.2970 -0.1282 -0.0240
v 0.1376 -0.2529 -0.0455
v -0.1077 -0.2500 -0.1229
v -0.0902 -0.2490 -0.1540
v -0.1184 -0.1201 -0.0687
v -0.1067 -0.1206 -0.1235
v -0.0696 -0.2483 -0.1781
v -0.1294 -0.2529 -0.0422
v -0.0910 -0.1209 -0.1612
v -0.0464 -0.2477 -0.1952
v -0.1210 -0.2513 -0.0854
v -0.0725 -0.1212 -0.1872
v -0.0217 -0.2474 -0.2054
v 0.0038 -0.2473 -0.2087
v -0.0519 -0.1214 -0.2047
v 0.0160 -0.1222 -0.2202
v -0.0299 -0.1216 -0.2155
v 0.0294 -0.2473 -0.2054
v 0.0387 -0.1225 -0.2145
v -0.0070 -0.1219 -0.2206
v 0.0541 -0.2476 -0.1953
v 0.0605 -0.1228 -0.2030
v 0.0773 -0.2481 -0.1785
v 0.0807 -0.1231 -0.1845
v 0.0980 -0.2489 -0.1547
v 0.1237 -0.1217 -0.0596
v 0.1155 -0.2499 -0.1241
v 0.0987 -0.1231 -0.1573
v 0.1290 -0.2512 -0.0874
v 0.1135 -0.1228 -0.1177
v -0.1247 -0.2374 -0.0603
v -0.1142 -0.2361 -0.1020
v -0.0989 -0.2350 -0.1374
v -0.1498 0.7367 -0.0260
v 0.1297 -0.1037 -0.0822
v -0.4685 -0.1527 -0.0252
v -0.4845 -0.1047 -0.0317
v -0.4816 -0.1364 -0.0274
v -0.4441 -0.1549 -0.0292
v -0.4323 -0.1536 -0.0286
v -0.4852 -0.0738 -0.0328
v -0.4858 -0.0435 -0.0312
v -0.4860 -0.0130 -0.0317
v -0.4861 0.0118 -0.0317
v -0.4191 -0.1510 -0.0297
v -0.3576 -0.1391 -0.0329
v -0.3402 -0.1362 -0.0293
v -0.2863 -0.1255 -0.0301
v -0.2759 -0.1236 -0.0288
v -0.2622 -0.1208 -0.0299
v -0.1844 -0.7637 -0.0235
v -0.1890 -0.6998 -0.0306
v -0.1839 -0.6607 -0.0340
v -0.1868 -0.6777 -0.0272
v -0.1807 -0.6317 -0.0298
v -0.1738 -0.5794 -0.0304
v -0.1710 -0.5570 -0.0292
v -0.1648 -0.5109 -0.0305
v -0.1583 -0.4651 -0.0353
v -0.1549 -0.4366 -0.0313
v -0.1612 -0.4825 -0.0282
v -0.1450 -0.3623 -0.0312
v -0.1388 -0.3163 -0.0325
v -0.1479 -0.3847 -0.0326
v -0.1353 -0.2880 -0.0296
v -0.1848 -0.1078 -0.0381
v -0.2019 -0.1097 -0.0397
v -0.1677 -0.1057 -0.0381
v -0.1317 -0.2655 -0.0360
v -0.1289 -0.2422 -0.0341
v -0.1230 -0.1968 -0.0400
v -0.1218 -0.1615 -0.0429
v -0.1181 -0.1091 -0.0749
v -0.1208 -0.1317 -0.0487
v -0.4860 0.0476 -0.0326
v -0.4850 0.1091 -0.0342
v -0.4858 0.0779 -0.0330
v -0.4838 0.1354 -0.0315
v -0.4464 0.1629 -0.0264
v -0.3842 0.1532 -0.0329
v -0.3055 0.1402 -0.0368
v -0.3666 0.1508 -0.0302
v -0.3493 0.1483 -0.0279
v -0.2883 0.1377 -0.0346
v -0.2711 0.1351 -0.0327
v -0.2901 0.3453 -0.0264
v -0.3001 0.3822 -0.0275
v -0.2840 0.3288 -0.0303
v -0.2774 0.3123 -0.0320
v -0.3089 0.4366 -0.0264
v -0.3100 0.4590 -0.0269
v -0.3085 0.4981 -0.0255
v -0.3017 0.5364 -0.0277
v -0.2814 0.5968 -0.0232
v -0.2732 0.6126 -0.0252
v -0.2546 0.6429 -0.0248
v -0.2644 0.6281 -0.0243
v -0.2104 0.1235 -0.0509
v -0.1935 0.1200 -0.0613
v -0.1776 0.1147 -0.1050
v -0.1133 0.4020 -0.0393
v -0.0091 0.2098 -0.0973
v -0.0817 0.3135 -0.0373
v -0.0890 0.3287 -0.0369
v -0.0737 0.2987 -0.0378
v -0.0650 0.2842 -0.0385
v -0.0557 0.2702 -0.0398
v -0.0458 0.2565 -0.0420
v -0.0978 0.3500 -0.0365
v -0.1087 0.3856 -0.0344
v -0.0002 0.2092 -0.0994
v -0.1171 0.4293 -0.0339
v -0.1130 0.4927 -0.0454
v -0.1065 0.5076 -0.0414
v -0.2185 0.6855 -0.0261
v -0.1758 0.7208 -0.0261
v -0.1296 0.7470 -0.0253
v -0.0898 0.5353 -0.0447
v -0.0990 0.5219 -0.0422
v -0.0575 0.5629 -0.0475
v -0.0853 0.7633 -0.0270
v -0.0678 0.7674 -0.0308
v -0.0052 0.7766 -0.0237
v 0.1956 -0.7309 -0.0292
v 0.1941 -0.7080 -0.0266
v 0.1884 -0.6618 -0.0314
v 0.1912 -0.6911 -0.0342
v 0.1822 -0.6098 -0.0324
v 0.1738 -0.5405 -0.0340
v 0.1699 -0.5037 -0.0281
v 0.1797 -0.5865 -0.0296
v 0.1643 -0.4597 -0.0318
v 0.1616 -0.4370 -0.0303
v 0.1558 -0.3909 -0.0333
v 0.1459 -0.3097 -0.0336
v 0.1374 -0.2418 -0.0358
v 0.1334 -0.2041 -0.0296
v 0.1435 -0.2877 -0.0303
v 0.1281 -0.1673 -0.0404
v 0.1525 -0.3624 -0.0314
v 0.1750 -0.1038 -0.0342
v 0.2088 -0.1099 -0.0376
v 0.1918 -0.1069 -0.0356
v 0.2523 -0.1191 -0.0288
v 0.2695 -0.1222 -0.0318
v 0.2866 -0.1252 -0.0350
v 0.3477 -0.1374 -0.0310
v 0.3304 -0.1343 -0.0282
v 0.3651 -0.1403 -0.0341
v 0.4090 -0.1494 -0.0273
v 0.4270 -0.1521 -0.0298
v 0.4459 -0.1539 -0.0308
v 0.4654 -0.1506 -0.0269
v 0.4872 -0.0205 -0.0247
v 0.4868 -0.0810 -0.0259
v 0.0305 0.2534 -0.0436
v 0.0438 0.2714 -0.0415
v 0.0367 0.2627 -0.0371
v 0.0534 0.2855 -0.0399
v 0.0626 0.2998 -0.0389
v 0.0712 0.3143 -0.0387
v 0.0793 0.3290 -0.0392
v 0.0936 0.3594 -0.0428
v 0.0868 0.3441 -0.0405
v 0.1050 0.4012 -0.0395
v 0.1838 0.1190 -0.0772
v 0.1774 0.1335 -0.0666
v 0.1874 0.1475 -0.0494
v 0.2055 0.1770 -0.0407
v 0.1966 0.1621 -0.0428
v 0.2006 0.1230 -0.0560
v 0.2143 0.1919 -0.0388
v 0.2231 0.2068 -0.0373
v 0.2404 0.2370 -0.0338
v 0.2318 0.2219 -0.0357
v 0.2488 0.2523 -0.0312
v 0.2642 0.2837 -0.0303
v 0.2566 0.2679 -0.0314
v 0.0432 0.5665 -0.0469
v 0.1081 0.4379 -0.0339
v 0.1062 0.4657 -0.0389
v 0.0799 0.5357 -0.0449
v 0.0885 0.5220 -0.0430
v 0.0956 0.5074 -0.0436
v 0.0126 0.7766 -0.0228
v 0.0928 0.7621 -0.0230
v 0.0755 0.7667 -0.0287
v 0.1202 0.7507 -0.0291
v 0.2590 0.6310 -0.0301
v 0.2682 0.6157 -0.0303
v 0.1929 0.7057 -0.0271
v 0.1738 0.7200 -0.0288
v 0.1426 0.7393 -0.0302
v 0.2270 0.6739 -0.0229
v 0.2383 0.6601 -0.0272
v 0.2489 0.6457 -0.0299
v 0.2613 0.1344 -0.0327
v 0.2784 0.1368 -0.0344
v 0.2956 0.1392 -0.0363
v 0.3565 0.1506 -0.0290
v 0.3739 0.1534 -0.0306
v 0.2715 0.2996 -0.0283
v 0.2907 0.3516 -0.0280
v 0.2941 0.3618 -0.0261
v 0.2979 0.3757 -0.0256
v 0.4362 0.1635 -0.0293
v 0.4553 0.1640 -0.0269
v 0.4786 0.1506 -0.0255
v 0.3031 0.4041 -0.0309
v 0.3082 0.4434 -0.0263
v 0.3080 0.4827 -0.0271
v 0.3016 0.5282 -0.0289
v 0.2843 0.5837 -0.0285
v 0.2765 0.5998 -0.0308
v 0.2910 0.5671 -0.0257
v 0.3062 0.5043 -0.0239
v 0.1257 -0.1119 -0.0722
v -0.4854 -0.1143 -0.0259
v -0.4860 -0.0834 -0.0273
v -0.4865 -0.0533 -0.0251
v -0.4867 -0.0229 -0.0256
v -0.4868 0.0218 -0.0255
v -0.1755 -0.5894 -0.0265
v -0.1496 -0.3947 -0.0281
v -0.1337 -0.2758 -0.0296
v -0.1234 -0.1873 -0.0323
v -0.4869 0.0374 -0.0254
v -0.4864 0.0980 -0.0273
v -0.4868 0.0674 -0.0257
v -0.0936 0.3402 -0.0348
v -0.0487 0.5660 -0.0401
v 0.1838 -0.6199 -0.0281
v 0.1659 -0.4698 -0.0266
v 0.1656 0.7263 -0.0241
v 0.1520 0.7349 -0.0241
v 0.1062 0.4460 -0.0009
v 0.1062 0.4430 -0.0009
v 0.1060 0.4349 -0.0009
v 0.1056 0.4269 -0.0009
v 0.1049 0.4190 -0.0009
v 0.1038 0.4112 -0.0009
v 0.1025 0.4035 -0.0009
v 0.1010 0.3958 -0.0009
v 0.0992 0.3882 -0.0009
v 0.0971 0.3807 -0.0009
v 0.0948 0.3732 -0.0009
v 0.0923 0.3658 -0.0009
v 0.0896 0.3585 -0.0009
v 0.0866 0.3512 -0.0009
v 0.0835 0.3440 -0.0009
v 0.0801 0.3368 -0.0009
v 0.0766 0.3297 -0.0009
v 0.0728 0.3226 -0.0009
v 0.0689 0.3156 -0.0009
v 0.0649 0.3086 -0.0009
v 0.0607 0.3017 -0.0009
v 0.0563 0.2948 -0.0009
v 0.0519 0.2879 -0.0009
v 0.0472 0.2811 -0.0009
v 0.0425 0.2743 -0.0009
v 0.0377 0.2675 -0.0009
v 0.0327 0.2607 -0.0009
v 0.0277 0.2540 -0.0009
v 0.0226 0.2473 -0.0009
v 0.0174 0.2406 -0.0009
v 0.0121 0.2339 -0.0009
v 0.0068 0.2272 -0.0009
v 0.0014 0.2205 -0.0009
v -0.0040 0.2139 -0.0009
v -0.0096 0.2195 -0.0009
v -0.0153 0.2250 -0.0009
v -0.0206 0.2308 -0.0009
v -0.0260 0.2366 -0.0009
v -0.0311 0.2426 -0.0009
v -0.0362 0.2485 -0.0009
v -0.0410 0.2547 -0.0009
v -0.0458 0.2608 -0.0009
v -0.0504 0.2671 -0.0009
v -0.0549 0.2735 -0.0009
v -0.0592 0.2800 -0.0009
v -0.0634 0.2864 -0.0009
v -0.0674 0.2931 -0.0009
v -0.0714 0.2997 -0.0009
v -0.0751 0.3065 -0.0009
v -0.0787 0.3133 -0.0009
v -0.0821 0.3203 -0.0009
v -0.0855 0.3272 -0.0009
v -0.0886 0.3343 -0.0009
v -0.0916 0.3413 -0.0009
v -0.0944 0.3486 -0.0009
v -0.0972 0.3558 -0.0009
v -0.0996 0.3631 -0.0009
v -0.1021 0.3704 -0.0009
v -0.1042 0.3778 -0.0009
v -0.1063 0.3853 -0.0009
v -0.1081 0.3928 -0.0009
v -0.1099 0.4004 -0.0009
v -0.1114 0.4080 -0.0009
v -0.1129 0.4157 -0.0009
v -0.1140 0.4234 -0.0009
v -0.1152 0.4311 -0.0009
v -0.1156 0.4355 -0.0009
v -0.1160 0.4399 -0.0009
v -0.1161 0.4443 -0.0009
v -0.1162 0.4487 -0.0009
v -0.1161 0.4537 -0.0009
v -0.1159 0.4588 -0.0009
v -0.1153 0.4638 -0.0009
v -0.1148 0.4688 -0.0009
v -0.1139 0.4737 -0.0009
v -0.1130 0.4786 -0.0009
v -0.1118 0.4834 -0.0009
v -0.1106 0.4882 -0.0009
v -0.1090 0.4928 -0.0009
v -0.1075 0.4975 -0.0009
v -0.1056 0.5020 -0.0009
v -0.1037 0.5065 -0.0009
v -0.1016 0.5108 -0.0009
v -0.0994 0.5151 -0.0009
v -0.0969 0.5193 -0.0009
v -0.0944 0.5234 -0.0009
v -0.0916 0.5273 -0.0009
v -0.0888 0.5311 -0.0009
v -0.0857 0.5348 -0.0009
v -0.0826 0.5384 -0.0009
v -0.0793 0.5417 -0.0009
v -0.0759 0.5451 -0.0009
v -0.0723 0.5481 -0.0009
v -0.0686 0.5512 -0.0009
v -0.0647 0.5539 -0.0009
v -0.0608 0.5566 -0.0009
v -0.0567 0.5590 -0.0009
v -0.0525 0.5614 -0.0009
v -0.0481 0.5634 -0.0009
v -0.0437 0.5654 -0.0009
v -0.0390 0.5670 -0.0009
v -0.0344 0.5686 -0.0009
v -0.0261 0.5707 -0.0009
v -0.0179 0.5722 -0.0009
v -0.0098 0.5731 -0.0009
v -0.0019 0.5734 -0.0009
v 0.0065 0.5731 -0.0009
v 0.0147 0.5721 -0.0009
v 0.0226 0.5704 -0.0009
v 0.0303 0.5681 -0.0009
v 0.0377 0.5652 -0.0009
v 0.0448 0.5617 -0.0009
v 0.0516 0.5577 -0.0009
v 0.0580 0.5531 -0.0009
v 0.0641 0.5480 -0.0009
v 0.0698 0.5424 -0.0009
v 0.0751 0.5363 -0.0009
v 0.0800 0.5298 -0.0009
v 0.0845 0.5228 -0.0009
v 0.0885 0.5154 -0.0009
v 0.0920 0.5076 -0.0009
v 0.0935 0.5035 -0.0009
v 0.0951 0.4994 -0.0009
v 0.0971 0.4928 -0.0009
v 0.0991 0.4862 -0.0009
v 0.1006 0.4796 -0.0009
v 0.1022 0.4731 -0.0009
v 0.1033 0.4664 -0.0009
v 0.1045 0.4598 -0.0009
v 0.1053 0.4529 -0.0009
v 0.1062 0.4460 0.0009
v 0.1062 0.4430 0.0009
v 0.1060 0.4349 0.0009
v 0.1056 0.4269 0.0009
v 0.1049 0.4190 0.0009
v 0.1038 0.4112 0.0009
v 0.1025 0.4035 0.0009
v 0.1010 0.3958 0.0009
v 0.0992 0.3882 0.0009
v 0.0971 0.3807 0.0009
v 0.0948 0.3732 0.0009
v 0.0923 0.3658 0.0009
v 0.0896 0.3585 0.0009
v 0.0866 0.3512 0.0009
v 0.0835 0.3440 0.0009
v 0.0801 0.3368 0.0009
v 0.0766 0.3297 0.0009
v 0.0728 0.3226 0.0009
v 0.0689 0.3156 0.0009
v 0.0649 0.3086 0.0009
v 0.0607 0.3017 0.0009
v 0.0563 0.2948 0.0009
v 0.0519 0.2879 0.0009
v 0.0472 0.2811 0.0009
v 0.0425 0.2743 0.0009
v 0.0377 0.2675 0.0009
v 0.0327 0.2607 0.0009
v 0.0277 0.2540 0.0009
v 0.0226 0.2473 0.0009
v 0.0174 0.2406 0.0009
v 0.0121 0.2339 0.0009
v 0.0068 0.2272 0.0009
v 0.0014 0.2205 0.0009
v -0.0040 0.2139 0.0009
v -0.0096 0.2195 0.0009
v -0.0153 0.2250 0.0009
v -0.0206 0.2308 0.0009
v -0.0260 0.2366 0.0009
v -0.0311 0.2426 0.0009
v -0.0362 0.2485 0.0009
v -0.0410 0.2547 0.0009
v -0.0458 0.2608 0.0009
v -0.0504 0.2671 0.0009
v -0.0549 0.2735 0.0009
v -0.0592 0.2800 0.0009
v -0.0634 0.2864 0.0009
v -0.0674 0.2931 0.0009
v -0.0714 0.2997 0.0009
v -0.0751 0.3065 0.0009
v -0.0787 0.3133 0.0009
v -0.0821 0.3203 0.0009
v -0.0855 0.3272 0.0009
v -0.0886 0.3343 0.0009
v -0.0916 0.3413 0.0009
v -0.0944 0.3486 0.0009
v -0.0972 0.3558 0.0009
v -0.0996 0.3631 0.0009
v -0.1021 0.3704 0.0009
v -0.1042 0.3778 0.0009
v -0.1063 0.3853 0.0009
v -0.1081 0.3928 0.0009
v -0.1099 0.4004 0.0009
v -0.1114 0.4080 0.0009
v -0.1129 0.4157 0.0009
v -0.1140 0.4234 0.0009
v -0.1152 0.4311 0.0009
v -0.1156 0.4355 0.0009
v -0.1160 0.4399 0.0009
v -0.1161 0.4443 0.0009
v -0.1162 0.4487 0.0009
v -0.1161 0.4537 0.0009
v -0.1159 0.4588 0.0009
v -0.1153 0.4638 0.0009
v -0.1148 0.4688 0.0009
v -0.1139 0.4737 0.0009
v -0.1130 0.4786 0.0009
v -0.1118 0.4834 0.0009
v -0.1106 0.4882 0.0009
v -0.1090 0.4928 0.0009
v -0.1075 0.4975 0.0009
v -0.1056 0.5020 0.0009
v -0.1037 0.5065 0.0009
v -0.1016 0.5108 0.0009
v -0.0994 0.5151 0.0009
v -0.0969 0.5193 0.0009
v -0.0944 0.5234 0.0009
v -0.0916 0.5273 0.0009
v -0.0888 0.5311 0.0009
v -0.0857 0.5348 0.0009
v -0.0826 0.5384 0.0009
v -0.0793 0.5417 0.0009
v -0.0759 0.5451 0.0009
v -0.0723 0.5481 0.0009
v -0.0686 0.5512 0.0009
v -0.0647 0.5539 0.0009
v -0.0608 0.5566 0.0009
v -0.0567 0.5590 0.0009
v -0.0525 0.5614 0.0009
v -0.0481 0.5634 0.0009
v -0.0437 0.5654 0.0009
v -0.0390 0.5670 0.0009
v -0.0344 0.5686 0.0009
v -0.0261 0.5707 0.0009
v -0.0179 0.5722 0.0009
v -0.0098 0.5731 0.0009
v -0.0019 0.5734 0.0009
v 0.0065 0.5731 0.0009
v 0.0147 0.5721 0.0009
v 0.0226 0.5704 0.0009
v 0.0303 0.5681 0.0009
v 0.0377 0.5652 0.0009
v 0.0448 0.5617 0.0009
v 0.0516 0.5577 0.0009
v 0.0580 0.5531 0.0009
v 0.0641 0.5480 0.0009
v 0.0698 0.5424 0.0009
v 0.0751 0.5363 0.0009
v 0.0800 0.5298 0.0009
v 0.0845 0.5228 0.0009
v 0.0885 0.5154 0.0009
v 0.0920 0.5076 0.0009
v 0.0935 0.5035 0.0009
v 0.0951 0.4994 0.0009
v 0.0971 0.4928 0.0009
v 0.0991 0.4862 0.0009
v 0.1006 0.4796 0.0009
v 0.1022 0.4731 0.0009
v 0.1033 0.4664 0.0009
v 0.1045 0.4598 0.0009
v 0.1053 0.4529 0.0009
v 0.1062 0.4445 -0.0000
v 0.1061 0.4390 -0.0000
v 0.1058 0.4309 -0.0000
v 0.1052 0.4230 -0.0000
v 0.1043 0.4151 -0.0000
v 0.1032 0.4073 -0.0000
v 0.1018 0.3996 -0.0000
v 0.1001 0.3920 -0.0000
v 0.0982 0.3844 -0.0000
v 0.0960 0.3769 -0.0000
v 0.0936 0.3695 -0.0000
v 0.0909 0.3621 -0.0000
v 0.0881 0.3548 -0.0000
v 0.0850 0.3476 -0.0000
v 0.0818 0.3404 -0.0000
v 0.0783 0.3332 -0.0000
v 0.0747 0.3262 -0.0000
v 0.0709 0.3191 -0.0000
v 0.0669 0.3121 -0.0000
v 0.0628 0.3051 -0.0000
v 0.0585 0.2982 -0.0000
v 0.0541 0.2913 -0.0000
v 0.0495 0.2845 -0.0000
v 0.0449 0.2777 -0.0000
v 0.0401 0.2709 -0.0000
v 0.0352 0.2641 -0.0000
v 0.0302 0.2574 -0.0000
v 0.0251 0.2506 -0.0000
v 0.0200 0.2439 -0.0000
v 0.0147 0.2372 -0.0000
v 0.0094 0.2305 -0.0000
v 0.0041 0.2239 -0.0000
v -0.0013 0.2172 -0.0000
v -0.0068 0.2167 -0.0000
v -0.0125 0.2222 -0.0000
v -0.0180 0.2279 -0.0000
v -0.0233 0.2337 -0.0000
v -0.0285 0.2396 -0.0000
v -0.0336 0.2455 -0.0000
v -0.0386 0.2516 -0.0000
v -0.0434 0.2578 -0.0000
v -0.0481 0.2640 -0.0000
v -0.0526 0.2703 -0.0000
v -0.0570 0.2767 -0.0000
v -0.0613 0.2832 -0.0000
v -0.0654 0.2898 -0.0000
v -0.0694 0.2964 -0.0000
v -0.0732 0.3031 -0.0000
v -0.0769 0.3099 -0.0000
v -0.0804 0.3168 -0.0000
v -0.0838 0.3237 -0.0000
v -0.0870 0.3307 -0.0000
v -0.0901 0.3378 -0.0000
v -0.0930 0.3449 -0.0000
v -0.0958 0.3522 -0.0000
v -0.0984 0.3594 -0.0000
v -0.1008 0.3667 -0.0000
v -0.1031 0.3741 -0.0000
v -0.1053 0.3816 -0.0000
v -0.1072 0.3891 -0.0000
v -0.1090 0.3966 -0.0000
v -0.1107 0.4042 -0.0000
v -0.1121 0.4118 -0.0000
v -0.1135 0.4195 -0.0000
v -0.1146 0.4273 -0.0000
v -0.1154 0.4333 -0.0000
v -0.1158 0.4377 -0.0000
v -0.1160 0.4421 -0.0000
v -0.1162 0.4465 -0.0000
v -0.1162 0.4512 -0.0000
v -0.1160 0.4562 -0.0000
v -0.1156 0.4613 -0.0000
v -0.1151 0.4663 -0.0000
v -0.1144 0.4712 -0.0000
v -0.1135 0.4761 -0.0000
v -0.1124 0.4810 -0.0000
v -0.1112 0.4858 -0.0000
v -0.1098 0.4905 -0.0000
v -0.1083 0.4952 -0.0000
v -0.1066 0.4997 -0.0000
v -0.1047 0.5043 -0.0000
v -0.1027 0.5087 -0.0000
v -0.1005 0.5130 -0.0000
v -0.0981 0.5172 -0.0000
v -0.0956 0.5213 -0.0000
v -0.0930 0.5253 -0.0000
v -0.0902 0.5292 -0.0000
v -0.0873 0.5329 -0.0000
v -0.0842 0.5366 -0.0000
v -0.0809 0.5401 -0.0000
v -0.0776 0.5434 -0.0000
v -0.0741 0.5466 -0.0000
v -0.0704 0.5497 -0.0000
v -0.0667 0.5526 -0.0000
v -0.0628 0.5553 -0.0000
v -0.0587 0.5578 -0.0000
v -0.0546 0.5602 -0.0000
v -0.0503 0.5624 -0.0000
v -0.0459 0.5644 -0.0000
v -0.0414 0.5662 -0.0000
v -0.0367 0.5678 -0.0000
v -0.0302 0.5697 -0.0000
v -0.0220 0.5715 -0.0000
v -0.0138 0.5727 -0.0000
v -0.0059 0.5733 -0.0000
v 0.0023 0.5733 -0.0000
v 0.0106 0.5726 -0.0000
v 0.0186 0.5712 -0.0000
v 0.0265 0.5693 -0.0000
v 0.0340 0.5667 -0.0000
v 0.0413 0.5635 -0.0000
v 0.0482 0.5597 -0.0000
v 0.0548 0.5554 -0.0000
v 0.0611 0.5506 -0.0000
v 0.0670 0.5452 -0.0000
v 0.0725 0.5394 -0.0000
v 0.0776 0.5330 -0.0000
v 0.0823 0.5263 -0.0000
v 0.0865 0.5191 -0.0000
v 0.0902 0.5115 -0.0000
v 0.0928 0.5056 -0.0000
v 0.0943 0.5015 -0.0000
v 0.0961 0.4961 -0.0000
v 0.0981 0.4895 -0.0000
v 0.0998 0.4829 -0.0000
v 0.1014 0.4763 -0.0000
v 0.1028 0.4697 -0.0000
v 0.1039 0.4631 -0.0000
v 0.1049 0.4563 -0.0000
v 0.1058 0.4494 -0.0000
v 0.4884 -0.1198 -0.0009
v 0.4884 -0.1112 -0.0009
v 0.4884 -0.1027 -0.0009
v 0.4884 -0.0942 -0.0009
v 0.4884 -0.0856 -0.0009
v 0.4884 -0.0771 -0.0009
v 0.4884 -0.0686 -0.0009
v 0.4884 -0.0600 -0.0009
v 0.4884 -0.0515 -0.0009
v 0.4884 -0.0430 -0.0009
v 0.4884 -0.0344 -0.0009
v 0.4884 -0.0259 -0.0009
v 0.4884 -0.0174 -0.0009
v 0.4884 -0.0088 -0.0009
v 0.4884 -0.0003 -0.0009
v 0.4884 0.0082 -0.0009
v 0.4884 0.0167 -0.0009
v 0.4884 0.0253 -0.0009
v 0.4884 0.0338 -0.0009
v 0.4884 0.0423 -0.0009
v 0.4884 0.0509 -0.0009
v 0.4883 0.0594 -0.0009
v 0.4883 0.0679 -0.0009
v 0.4883 0.0765 -0.0009
v 0.4883 0.0850 -0.0009
v 0.4883 0.0935 -0.0009
v 0.4883 0.1021 -0.0009
v 0.4883 0.1106 -0.0009
v 0.4883 0.1191 -0.0009
v 0.4883 0.1277 -0.0009
v 0.4881 0.1317 -0.0009
v 0.4874 0.1361 -0.0009
v 0.4862 0.1407 -0.0009
v 0.4848 0.1453 -0.0009
v 0.4830 0.1496 -0.0009
v 0.4810 0.1535 -0.0009
v 0.4788 0.1568 -0.0009
v 0.4765 0.1593 -0.0009
v 0.4741 0.1610 -0.0009
v 0.4709 0.1626 -0.0009
v 0.4671 0.1640 -0.0009
v 0.4630 0.1652 -0.0009
v 0.4587 0.1663 -0.0009
v 0.4544 0.1671 -0.0009
v 0.4502 0.1676 -0.0009
v 0.4464 0.1677 -0.0009
v 0.4443 0.1677 -0.0009
v 0.4423 0.1674 -0.0009
v 0.4342 0.1660 -0.0009
v 0.4260 0.1645 -0.0009
v 0.4179 0.1631 -0.0009
v 0.4097 0.1616 -0.0009
v 0.4016 0.1602 -0.0009
v 0.3934 0.1587 -0.0009
v 0.3853 0.1573 -0.0009
v 0.3771 0.1558 -0.0009
v 0.3689 0.1543 -0.0009
v 0.3608 0.1529 -0.0009
v 0.3526 0.1514 -0.0009
v 0.3445 0.1500 -0.0009
v 0.3363 0.1485 -0.0009
v 0.3282 0.1471 -0.0009
v 0.3200 0.1456 -0.0009
v 0.3118 0.1442 -0.0009
v 0.3037 0.1427 -0.0009
v 0.2955 0.1413 -0.0009
v 0.2870 0.1400 -0.0009
v 0.2785 0.1386 -0.0009
v 0.2700 0.1373 -0.0009
v 0.2615 0.1360 -0.0009
v 0.2530 0.1347 -0.0009
v 0.2445 0.1334 -0.0009
v 0.2360 0.1321 -0.0009
v 0.2275 0.1308 -0.0009
v 0.2190 0.1295 -0.0009
v 0.2105 0.1282 -0.0009
v 0.2020 0.1268 -0.0009
v 0.1935 0.1255 -0.0009
v 0.1849 0.1242 -0.0009
v 0.1764 0.1229 -0.0009
v 0.1795 0.1281 -0.0009
v 0.1825 0.1332 -0.0009
v 0.1856 0.1384 -0.0009
v 0.1886 0.1434 -0.0009
v 0.1916 0.1484 -0.0009
v 0.1946 0.1535 -0.0009
v 0.1976 0.1584 -0.0009
v 0.2005 0.1634 -0.0009
v 0.2035 0.1683 -0.0009
v 0.2078 0.1756 -0.0009
v 0.2121 0.1830 -0.0009
v 0.2164 0.1902 -0.0009
v 0.2206 0.1974 -0.0009
v 0.2248 0.2046 -0.0009
v 0.2289 0.2118 -0.0009
v 0.2329 0.2189 -0.0009
v 0.2369 0.2260 -0.0009
v 0.2408 0.2332 -0.0009
v 0.2447 0.2403 -0.0009
v 0.2485 0.2475 -0.0009
v 0.2522 0.2546 -0.0009
v 0.2558 0.2618 -0.0009
v 0.2594 0.2690 -0.0009
v 0.2628 0.2763 -0.0009
v 0.2663 0.2836 -0.0009
v 0.2696 0.2910 -0.0009
v 0.2728 0.2984 -0.0009
v 0.2759 0.3059 -0.0009
v 0.2790 0.3134 -0.0009
v 0.2819 0.3210 -0.0009
v 0.2848 0.3287 -0.0009
v 0.2875 0.3365 -0.0009
v 0.2902 0.3444 -0.0009
v 0.2927 0.3524 -0.0009
v 0.2952 0.3605 -0.0009
v 0.2969 0.3668 -0.0009
v 0.2987 0.3732 -0.0009
v 0.3002 0.3796 -0.0009
v 0.3017 0.3859 -0.0009
v 0.3030 0.3923 -0.0009
v 0.3043 0.3987 -0.0009
v 0.3054 0.4050 -0.0009
v 0.3064 0.4114 -0.0009
v 0.3072 0.4178 -0.0009
v 0.3081 0.4241 -0.0009
v 0.3087 0.4305 -0.0009
v 0.3092 0.4369 -0.0009
v 0.3096 0.4432 -0.0009
v 0.3100 0.4496 -0.0009
v 0.3101 0.4559 -0.0009
v 0.3102 0.4622 -0.0009
v 0.3101 0.4688 -0.0009
v 0.3099 0.4753 -0.0009
v 0.3095 0.4818 -0.0009
v 0.3092 0.4884 -0.0009
v 0.3085 0.4948 -0.0009
v 0.3079 0.5013 -0.0009
v 0.3069 0.5078 -0.0009
v 0.3060 0.5142 -0.0009
v 0.3048 0.5206 -0.0009
v 0.3037 0.5270 -0.0009
v 0.3022 0.5334 -0.0009
v 0.3008 0.5397 -0.0009
v 0.2990 0.5460 -0.0009
v 0.2973 0.5523 -0.0009
v 0.2953 0.5586 -0.0009
v 0.2933 0.5648 -0.0009
v 0.2911 0.5710 -0.0009
v 0.2888 0.5771 -0.0009
v 0.2862 0.5832 -0.0009
v 0.2837 0.5893 -0.0009
v 0.2809 0.5954 -0.0009
v 0.2780 0.6014 -0.0009
v 0.2749 0.6073 -0.0009
v 0.2718 0.6133 -0.0009
v 0.2684 0.6191 -0.0009
v 0.2650 0.6250 -0.0009
v 0.2614 0.6307 -0.0009
v 0.2577 0.6365 -0.0009
v 0.2537 0.6421 -0.0009
v 0.2498 0.6478 -0.0009
v 0.2455 0.6534 -0.0009
v 0.2413 0.6589 -0.0009
v 0.2358 0.6654 -0.0009
v 0.2304 0.6718 -0.0009
v 0.2246 0.6780 -0.0009
v 0.2189 0.6841 -0.0009
v 0.2128 0.6900 -0.0009
v 0.2067 0.6959 -0.0009
v 0.2002 0.7015 -0.0009
v 0.1938 0.7070 -0.0009
v 0.1871 0.7123 -0.0009
v 0.1804 0.7175 -0.0009
v 0.1734 0.7224 -0.0009
v 0.1664 0.7273 -0.0009
v 0.1591 0.7319 -0.0009
v 0.1519 0.7364 -0.0009
v 0.1444 0.7406 -0.0009
v 0.1369 0.7447 -0.0009
v 0.1291 0.7484 -0.0009
v 0.1214 0.7522 -0.0009
v 0.1135 0.7555 -0.0009
v 0.1055 0.7588 -0.0009
v 0.0974 0.7616 -0.0009
v 0.0893 0.7645 -0.0009
v 0.0810 0.7669 -0.0009
v 0.0727 0.7693 -0.0009
v 0.0670 0.7705 -0.0009
v 0.0614 0.7718 -0.0009
v 0.0558 0.7730 -0.0009
v 0.0501 0.7740 -0.0009
v 0.0443 0.7749 -0.0009
v 0.0386 0.7758 -0.0009
v 0.0328 0.7764 -0.0009
v 0.0270 0.7769 -0.0009
v 0.0212 0.7775 -0.0009
v 0.0153 0.7777 -0.0009
v 0.0095 0.7779 -0.0009
v 0.0036 0.7780 -0.0009
v -0.0014 0.7780 -0.0009
v -0.0063 0.7779 -0.0009
v -0.0113 0.7776 -0.0009
v -0.0163 0.7773 -0.0009
v -0.0242 0.7765 -0.0009
v -0.0321 0.7758 -0.0009
v -0.0399 0.7747 -0.0009
v -0.0477 0.7735 -0.0009
v -0.0553 0.7721 -0.0009
v -0.0630 0.7706 -0.0009
v -0.0704 0.7688 -0.0009
v -0.0779 0.7670 -0.0009
v -0.0852 0.7649 -0.0009
v -0.0925 0.7628 -0.0009
v -0.0997 0.7604 -0.0009
v -0.1068 0.7579 -0.0009
v -0.1138 0.7552 -0.0009
v -0.1207 0.7524 -0.0009
v -0.1275 0.7494 -0.0009
v -0.1343 0.7463 -0.0009
v -0.1409 0.7430 -0.0009
v -0.1475 0.7397 -0.0009
v -0.1539 0.7360 -0.0009
v -0.1603 0.7324 -0.0009
v -0.1665 0.7285 -0.0009
v -0.1727 0.7246 -0.0009
v -0.1786 0.7205 -0.0009
v -0.1846 0.7163 -0.0009
v -0.1904 0.7119 -0.0009
v -0.1961 0.7075 -0.0009
v -0.2016 0.7028 -0.0009
v -0.2072 0.6982 -0.0009
v -0.2125 0.6933 -0.0009
v -0.2178 0.6884 -0.0009
v -0.2228 0.6832 -0.0009
v -0.2279 0.6781 -0.0009
v -0.2327 0.6727 -0.0009
v -0.2375 0.6674 -0.0009
v -0.2420 0.6618 -0.0009
v -0.2465 0.6562 -0.0009
v -0.2508 0.6505 -0.0009
v -0.2551 0.6447 -0.0009
v -0.2591 0.6387 -0.0009
v -0.2631 0.6327 -0.0009
v -0.2669 0.6266 -0.0009
v -0.2706 0.6204 -0.0009
v -0.2740 0.6140 -0.0009
v -0.2775 0.6077 -0.0009
v -0.2806 0.6012 -0.0009
v -0.2838 0.5947 -0.0009
v -0.2866 0.5880 -0.0009
v -0.2895 0.5813 -0.0009
v -0.2920 0.5744 -0.0009
v -0.2946 0.5676 -0.0009
v -0.2968 0.5606 -0.0009
v -0.2990 0.5536 -0.0009
v -0.3009 0.5465 -0.0009
v -0.3028 0.5394 -0.0009
v -0.3044 0.5321 -0.0009
v -0.3060 0.5249 -0.0009
v -0.3072 0.5175 -0.0009
v -0.3084 0.5101 -0.0009
v -0.3093 0.5026 -0.0009
v -0.3102 0.4952 -0.0009
v -0.3108 0.4876 -0.0009
v -0.3113 0.4800 -0.0009
v -0.3115 0.4723 -0.0009
v -0.3117 0.4646 -0.0009
v -0.3116 0.4592 -0.0009
v -0.3115 0.4539 -0.0009
v -0.3112 0.4484 -0.0009
v -0.3110 0.4430 -0.0009
v -0.3105 0.4376 -0.0009
v -0.3101 0.4321 -0.0009
v -0.3095 0.4267 -0.0009
v -0.3088 0.4212 -0.0009
v -0.3077 0.4139 -0.0009
v -0.3066 0.4065 -0.0009
v -0.3053 0.3993 -0.0009
v -0.3040 0.3920 -0.0009
v -0.3024 0.3849 -0.0009
v -0.3008 0.3777 -0.0009
v -0.2990 0.3707 -0.0009
v -0.2972 0.3636 -0.0009
v -0.2951 0.3566 -0.0009
v -0.2931 0.3496 -0.0009
v -0.2909 0.3427 -0.0009
v -0.2886 0.3358 -0.0009
v -0.2862 0.3290 -0.0009
v -0.2837 0.3222 -0.0009
v -0.2811 0.3154 -0.0009
v -0.2784 0.3086 -0.0009
v -0.2756 0.3020 -0.0009
v -0.2727 0.2953 -0.0009
v -0.2697 0.2886 -0.0009
v -0.2667 0.2820 -0.0009
v -0.2634 0.2755 -0.0009
v -0.2602 0.2689 -0.0009
v -0.2569 0.2624 -0.0009
v -0.2535 0.2559 -0.0009
v -0.2499 0.2495 -0.0009
v -0.2464 0.2431 -0.0009
v -0.2427 0.2367 -0.0009
v -0.2390 0.2303 -0.0009
v -0.2352 0.2240 -0.0009
v -0.2313 0.2176 -0.0009
v -0.2274 0.2114 -0.0009
v -0.2234 0.2051 -0.0009
v -0.2202 0.2001 -0.0009
v -0.2169 0.1953 -0.0009
v -0.2138 0.1906 -0.0009
v -0.2106 0.1859 -0.0009
v -0.2075 0.1812 -0.0009
v -0.2044 0.1765 -0.0009
v -0.2014 0.1717 -0.0009
v -0.1985 0.1669 -0.0009
v -0.1956 0.1620 -0.0009
v -0.1929 0.1569 -0.0009
v -0.1902 0.1516 -0.0009
v -0.1877 0.1461 -0.0009
v -0.1853 0.1404 -0.0009
v -0.1830 0.1344 -0.0009
v -0.1808 0.1281 -0.0009
v -0.1788 0.1215 -0.0009
v -0.1872 0.1229 -0.0009
v -0.1957 0.1243 -0.0009
v -0.2041 0.1257 -0.0009
v -0.2125 0.1271 -0.0009
v -0.2209 0.1285 -0.0009
v -0.2294 0.1299 -0.0009
v -0.2378 0.1313 -0.0009
v -0.2462 0.1327 -0.0009
v -0.2546 0.1341 -0.0009
v -0.2630 0.1354 -0.0009
v -0.2715 0.1368 -0.0009
v -0.2799 0.1382 -0.0009
v -0.2883 0.1396 -0.0009
v -0.2967 0.1410 -0.0009
v -0.3052 0.1424 -0.0009
v -0.3136 0.1438 -0.0009
v -0.3220 0.1452 -0.0009
v -0.3304 0.1466 -0.0009
v -0.3389 0.1480 -0.0009
v -0.3473 0.1494 -0.0009
v -0.3557 0.1508 -0.0009
v -0.3641 0.1522 -0.0009
v -0.3726 0.1536 -0.0009
v -0.3810 0.1550 -0.0009
v -0.3894 0.1564 -0.0009
v -0.3978 0.1578 -0.0009
v -0.4063 0.1591 -0.0009
v -0.4147 0.1605 -0.0009
v -0.4231 0.1619 -0.0009
v -0.4315 0.1633 -0.0009
v -0.4400 0.1647 -0.0009
v -0.4484 0.1661 -0.0009
v -0.4542 0.1666 -0.0009
v -0.4577 0.1664 -0.0009
v -0.4611 0.1659 -0.0009
v -0.4643 0.1651 -0.0009
v -0.4675 0.1640 -0.0009
v -0.4704 0.1626 -0.0009
v -0.4733 0.1609 -0.0009
v -0.4759 0.1590 -0.0009
v -0.4783 0.1568 -0.0009
v -0.4805 0.1544 -0.0009
v -0.4825 0.1518 -0.0009
v -0.4842 0.1491 -0.0009
v -0.4857 0.1461 -0.0009
v -0.4868 0.1430 -0.0009
v -0.4877 0.1398 -0.0009
v -0.4882 0.1364 -0.0009
v -0.4884 0.1329 -0.0009
v -0.4884 0.1244 -0.0009
v -0.4883 0.1158 -0.0009
v -0.4883 0.1072 -0.0009
v -0.4883 0.0986 -0.0009
v -0.4883 0.0901 -0.0009
v -0.4882 0.0815 -0.0009
v -0.4882 0.0729 -0.0009
v -0.4882 0.0644 -0.0009
v -0.4881 0.0558 -0.0009
v -0.4881 0.0472 -0.0009
v -0.4881 0.0387 -0.0009
v -0.4881 0.0301 -0.0009
v -0.4880 0.0215 -0.0009
v -0.4880 0.0130 -0.0009
v -0.4880 0.0044 -0.0009
v -0.4880 -0.0042 -0.0009
v -0.4879 -0.0128 -0.0009
v -0.4879 -0.0213 -0.0009
v -0.4879 -0.0299 -0.0009
v -0.4878 -0.0385 -0.0009
v -0.4878 -0.0470 -0.0009
v -0.4878 -0.0556 -0.0009
v -0.4878 -0.0642 -0.0009
v -0.4877 -0.0727 -0.0009
v -0.4877 -0.0813 -0.0009
v -0.4877 -0.0899 -0.0009
v -0.4877 -0.0984 -0.0009
v -0.4876 -0.1070 -0.0009
v -0.4876 -0.1156 -0.0009
v -0.4876 -0.1242 -0.0009
v -0.4874 -0.1277 -0.0009
v -0.4869 -0.1311 -0.0009
v -0.4860 -0.1344 -0.0009
v -0.4849 -0.1377 -0.0009
v -0.4835 -0.1408 -0.0009
v -0.4818 -0.1437 -0.0009
v -0.4799 -0.1465 -0.0009
v -0.4778 -0.1491 -0.0009
v -0.4754 -0.1514 -0.0009
v -0.4728 -0.1535 -0.0009
v -0.4701 -0.1554 -0.0009
v -0.4672 -0.1569 -0.0009
v -0.4642 -0.1582 -0.0009
v -0.4610 -0.1591 -0.0009
v -0.4577 -0.1597 -0.0009
v -0.4543 -0.1599 -0.0009
v -0.4514 -0.1597 -0.0009
v -0.4485 -0.1593 -0.0009
v -0.4403 -0.1577 -0.0009
v -0.4320 -0.1560 -0.0009
v -0.4238 -0.1544 -0.0009
v -0.4156 -0.1527 -0.0009
v -0.4074 -0.1511 -0.0009
v -0.3992 -0.1495 -0.0009
v -0.3910 -0.1478 -0.0009
v -0.3827 -0.1462 -0.0009
v -0.3745 -0.1446 -0.0009
v -0.3663 -0.1429 -0.0009
v -0.3581 -0.1413 -0.0009
v -0.3499 -0.1396 -0.0009
v -0.3417 -0.1380 -0.0009
v -0.3335 -0.1364 -0.0009
v -0.3252 -0.1347 -0.0009
v -0.3170 -0.1331 -0.0009
v -0.3088 -0.1315 -0.0009
v -0.3006 -0.1298 -0.0009
v -0.2924 -0.1282 -0.0009
v -0.2842 -0.1265 -0.0009
v -0.2759 -0.1249 -0.0009
v -0.2677 -0.1233 -0.0009
v -0.2595 -0.1216 -0.0009
v -0.2513 -0.1200 -0.0009
v -0.2431 -0.1184 -0.0009
v -0.2349 -0.1167 -0.0009
v -0.2267 -0.1151 -0.0009
v -0.2187 -0.1141 -0.0009
v -0.2106 -0.1130 -0.0009
v -0.2026 -0.1120 -0.0009
v -0.1946 -0.1110 -0.0009
v -0.1866 -0.1099 -0.0009
v -0.1786 -0.1089 -0.0009
v -0.1706 -0.1079 -0.0009
v -0.1626 -0.1068 -0.0009
v -0.1546 -0.1058 -0.0009
v -0.1466 -0.1048 -0.0009
v -0.1386 -0.1037 -0.0009
v -0.1306 -0.1027 -0.0009
v -0.1226 -0.1017 -0.0009
v -0.1228 -0.1100 -0.0009
v -0.1230 -0.1184 -0.0009
v -0.1232 -0.1268 -0.0009
v -0.1234 -0.1351 -0.0009
v -0.1236 -0.1435 -0.0009
v -0.1238 -0.1519 -0.0009
v -0.1240 -0.1602 -0.0009
v -0.1243 -0.1686 -0.0009
v -0.1245 -0.1769 -0.0009
v -0.1247 -0.1853 -0.0009
v -0.1249 -0.1937 -0.0009
v -0.1251 -0.2020 -0.0009
v -0.1262 -0.2105 -0.0009
v -0.1273 -0.2189 -0.0009
v -0.1285 -0.2274 -0.0009
v -0.1296 -0.2358 -0.0009
v -0.1307 -0.2442 -0.0009
v -0.1318 -0.2527 -0.0009
v -0.1329 -0.2611 -0.0009
v -0.1341 -0.2696 -0.0009
v -0.1352 -0.2780 -0.0009
v -0.1363 -0.2865 -0.0009
v -0.1374 -0.2949 -0.0009
v -0.1385 -0.3034 -0.0009
v -0.1396 -0.3118 -0.0009
v -0.1408 -0.3202 -0.0009
v -0.1419 -0.3287 -0.0009
v -0.1430 -0.3371 -0.0009
v -0.1441 -0.3456 -0.0009
v -0.1452 -0.3540 -0.0009
v -0.1464 -0.3625 -0.0009
v -0.1475 -0.3709 -0.0009
v -0.1486 -0.3793 -0.0009
v -0.1497 -0.3878 -0.0009
v -0.1508 -0.3962 -0.0009
v -0.1520 -0.4047 -0.0009
v -0.1531 -0.4131 -0.0009
v -0.1542 -0.4216 -0.0009
v -0.1553 -0.4300 -0.0009
v -0.1564 -0.4385 -0.0009
v -0.1576 -0.4469 -0.0009
v -0.1587 -0.4553 -0.0009
v -0.1598 -0.4638 -0.0009
v -0.1609 -0.4722 -0.0009
v -0.1620 -0.4807 -0.0009
v -0.1632 -0.4891 -0.0009
v -0.1643 -0.4976 -0.0009
v -0.1654 -0.5060 -0.0009
v -0.1665 -0.5144 -0.0009
v -0.1676 -0.5229 -0.0009
v -0.1688 -0.5313 -0.0009
v -0.1699 -0.5398 -0.0009
v -0.1710 -0.5482 -0.0009
v -0.1721 -0.5567 -0.0009
v -0.1732 -0.5651 -0.0009
v -0.1744 -0.5736 -0.0009
v -0.1755 -0.5820 -0.0009
v -0.1766 -0.5904 -0.0009
v -0.1777 -0.5989 -0.0009
v -0.1788 -0.6073 -0.0009
v -0.1800 -0.6158 -0.0009
v -0.1811 -0.6242 -0.0009
v -0.1822 -0.6327 -0.0009
v -0.1833 -0.6411 -0.0009
v -0.1844 -0.6495 -0.0009
v -0.1856 -0.6580 -0.0009
v -0.1867 -0.6664 -0.0009
v -0.1878 -0.6749 -0.0009
v -0.1889 -0.6833 -0.0009
v -0.1900 -0.6918 -0.0009
v -0.1912 -0.7002 -0.0009
v -0.1923 -0.7086 -0.0009
v -0.1934 -0.7171 -0.0009
v -0.1945 -0.7255 -0.0009
v -0.1956 -0.7340 -0.0009
v -0.1959 -0.7374 -0.0009
v -0.1956 -0.7419 -0.0009
v -0.1948 -0.7466 -0.0009
v -0.1935 -0.7515 -0.0009
v -0.1919 -0.7562 -0.0009
v -0.1900 -0.7606 -0.0009
v -0.1878 -0.7645 -0.0009
v -0.1854 -0.7677 -0.0009
v -0.1829 -0.7699 -0.0009
v -0.1801 -0.7715 -0.0009
v -0.1766 -0.7731 -0.0009
v -0.1726 -0.7744 -0.0009
v -0.1682 -0.7756 -0.0009
v -0.1636 -0.7766 -0.0009
v -0.1590 -0.7774 -0.0009
v -0.1546 -0.7779 -0.0009
v -0.1504 -0.7780 -0.0009
v -0.1419 -0.7780 -0.0009
v -0.1334 -0.7779 -0.0009
v -0.1249 -0.7779 -0.0009
v -0.1164 -0.7778 -0.0009
v -0.1078 -0.7777 -0.0009
v -0.0993 -0.7777 -0.0009
v -0.0908 -0.7776 -0.0009
v -0.0823 -0.7775 -0.0009
v -0.0738 -0.7775 -0.0009
v -0.0652 -0.7774 -0.0009
v -0.0567 -0.7773 -0.0009
v -0.0482 -0.7773 -0.0009
v -0.0397 -0.7772 -0.0009
v -0.0312 -0.7771 -0.0009
v -0.0226 -0.7771 -0.0009
v -0.0141 -0.7770 -0.0009
v -0.0056 -0.7769 -0.0009
v 0.0029 -0.7769 -0.0009
v 0.0114 -0.7768 -0.0009
v 0.0199 -0.7768 -0.0009
v 0.0285 -0.7767 -0.0009
v 0.0370 -0.7766 -0.0009
v 0.0455 -0.7766 -0.0009
v 0.0540 -0.7765 -0.0009
v 0.0625 -0.7764 -0.0009
v 0.0711 -0.7764 -0.0009
v 0.0796 -0.7763 -0.0009
v 0.0881 -0.7762 -0.0009
v 0.0966 -0.7762 -0.0009
v 0.1051 -0.7761 -0.0009
v 0.1137 -0.7760 -0.0009
v 0.1222 -0.7760 -0.0009
v 0.1307 -0.7759 -0.0009
v 0.1392 -0.7758 -0.0009
v 0.1477 -0.7758 -0.0009
v 0.1563 -0.7757 -0.0009
v 0.1648 -0.7757 -0.0009
v 0.1691 -0.7754 -0.0009
v 0.1731 -0.7747 -0.0009
v 0.1768 -0.7736 -0.0009
v 0.1802 -0.7722 -0.0009
v 0.1832 -0.7704 -0.0009
v 0.1860 -0.7683 -0.0009
v 0.1885 -0.7659 -0.0009
v 0.1907 -0.7633 -0.0009
v 0.1926 -0.7604 -0.0009
v 0.1943 -0.7574 -0.0009
v 0.1957 -0.7541 -0.0009
v 0.1968 -0.7507 -0.0009
v 0.1976 -0.7472 -0.0009
v 0.1982 -0.7436 -0.0009
v 0.1986 -0.7400 -0.0009
v 0.1987 -0.7363 -0.0009
v 0.1983 -0.7291 -0.0009
v 0.1972 -0.7206 -0.0009
v 0.1962 -0.7120 -0.0009
v 0.1952 -0.7035 -0.0009
v 0.1941 -0.6949 -0.0009
v 0.1931 -0.6864 -0.0009
v 0.1921 -0.6778 -0.0009
v 0.1910 -0.6693 -0.0009
v 0.1900 -0.6608 -0.0009
v 0.1889 -0.6522 -0.0009
v 0.1879 -0.6437 -0.0009
v 0.1869 -0.6351 -0.0009
v 0.1858 -0.6266 -0.0009
v 0.1848 -0.6180 -0.0009
v 0.1838 -0.6095 -0.0009
v 0.1827 -0.6010 -0.0009
v 0.1817 -0.5924 -0.0009
v 0.1807 -0.5839 -0.0009
v 0.1796 -0.5753 -0.0009
v 0.1786 -0.5668 -0.0009
v 0.1775 -0.5582 -0.0009
v 0.1765 -0.5497 -0.0009
v 0.1755 -0.5412 -0.0009
v 0.1744 -0.5326 -0.0009
v 0.1734 -0.5241 -0.0009
v 0.1724 -0.5155 -0.0009
v 0.1713 -0.5070 -0.0009
v 0.1703 -0.4984 -0.0009
v 0.1693 -0.4899 -0.0009
v 0.1682 -0.4814 -0.0009
v 0.1672 -0.4728 -0.0009
v 0.1661 -0.4643 -0.0009
v 0.1651 -0.4557 -0.0009
v 0.1641 -0.4472 -0.0009
v 0.1630 -0.4386 -0.0009
v 0.1620 -0.4301 -0.0009
v 0.1610 -0.4216 -0.0009
v 0.1599 -0.4130 -0.0009
v 0.1589 -0.4045 -0.0009
v 0.1579 -0.3959 -0.0009
v 0.1568 -0.3874 -0.0009
v 0.1558 -0.3788 -0.0009
v 0.1547 -0.3703 -0.0009
v 0.1537 -0.3618 -0.0009
v 0.1527 -0.3532 -0.0009
v 0.1516 -0.3447 -0.0009
v 0.1506 -0.3361 -0.0009
v 0.1496 -0.3276 -0.0009
v 0.1485 -0.3190 -0.0009
v 0.1475 -0.3105 -0.0009
v 0.1465 -0.3020 -0.0009
v 0.1454 -0.2934 -0.0009
v 0.1444 -0.2849 -0.0009
v 0.1434 -0.2763 -0.0009
v 0.1423 -0.2678 -0.0009
v 0.1413 -0.2592 -0.0009
v 0.1402 -0.2507 -0.0009
v 0.1392 -0.2422 -0.0009
v 0.1382 -0.2336 -0.0009
v 0.1371 -0.2251 -0.0009
v 0.1361 -0.2165 -0.0009
v 0.1351 -0.2080 -0.0009
v 0.1340 -0.1994 -0.0009
v 0.1330 -0.1909 -0.0009
v 0.1320 -0.1824 -0.0009
v 0.1309 -0.1738 -0.0009
v 0.1299 -0.1653 -0.0009
v 0.1288 -0.1567 -0.0009
v 0.1278 -0.1482 -0.0009
v 0.1268 -0.1396 -0.0009
v 0.1257 -0.1311 -0.0009
v 0.1256 -0.1293 -0.0009
v 0.1259 -0.1260 -0.0009
v 0.1265 -0.1223 -0.0009
v 0.1275 -0.1184 -0.0009
v 0.1288 -0.1145 -0.0009
v 0.1303 -0.1109 -0.0009
v 0.1321 -0.1078 -0.0009
v 0.1340 -0.1054 -0.0009
v 0.1359 -0.1040 -0.0009
v 0.1390 -0.1030 -0.0009
v 0.1428 -0.1023 -0.0009
v 0.1470 -0.1019 -0.0009
v 0.1514 -0.1017 -0.0009
v 0.1569 -0.1019 -0.0009
v 0.1619 -0.1026 -0.0009
v 0.1703 -0.1043 -0.0009
v 0.1787 -0.1059 -0.0009
v 0.1870 -0.1076 -0.0009
v 0.1954 -0.1092 -0.0009
v 0.2038 -0.1109 -0.0009
v 0.2122 -0.1125 -0.0009
v 0.2205 -0.1142 -0.0009
v 0.2289 -0.1158 -0.0009
v 0.2373 -0.1174 -0.0009
v 0.2456 -0.1191 -0.0009
v 0.2540 -0.1207 -0.0009
v 0.2624 -0.1224 -0.0009
v 0.2708 -0.1240 -0.0009
v 0.2791 -0.1257 -0.0009
v 0.2875 -0.1273 -0.0009
v 0.2959 -0.1290 -0.0009
v 0.3042 -0.1306 -0.0009
v 0.3126 -0.1323 -0.0009
v 0.3210 -0.1339 -0.0009
v 0.3294 -0.1355 -0.0009
v 0.3377 -0.1372 -0.0009
v 0.3461 -0.1388 -0.0009
v 0.3545 -0.1405 -0.0009
v 0.3628 -0.1421 -0.0009
v 0.3712 -0.1438 -0.0009
v 0.3796 -0.1454 -0.0009
v 0.3880 -0.1471 -0.0009
v 0.3963 -0.1487 -0.0009
v 0.4047 -0.1504 -0.0009
v 0.4131 -0.1520 -0.0009
v 0.4214 -0.1537 -0.0009
v 0.4298 -0.1553 -0.0009
v 0.4382 -0.1569 -0.0009
v 0.4411 -0.1573 -0.0009
v 0.4443 -0.1575 -0.0009
v 0.4484 -0.1573 -0.0009
v 0.4527 -0.1568 -0.0009
v 0.4571 -0.1561 -0.0009
v 0.4614 -0.1551 -0.0009
v 0.4654 -0.1540 -0.0009
v 0.4692 -0.1526 -0.0009
v 0.4724 -0.1511 -0.0009
v 0.4750 -0.1496 -0.0009
v 0.4773 -0.1473 -0.0009
v 0.4797 -0.1442 -0.0009
v 0.4820 -0.1403 -0.0009
v 0.4840 -0.1361 -0.0009
v 0.4858 -0.1317 -0.0009
v 0.4872 -0.1273 -0.0009
v 0.4881 -0.1233 -0.0009
v 0.4884 -0.1198 0.0009
v 0.4884 -0.1112 0.0009
v 0.4884 -0.1027 0.0009
v 0.4884 -0.0942 0.0009
v 0.4884 -0.0856 0.0009
v 0.4884 -0.0771 0.0009
v 0.4884 -0.0686 0.0009
v 0.4884 -0.0600 0.0009
v 0.4884 -0.0515 0.0009
v 0.4884 -0.0430 0.0009
v 0.4884 -0.0344 0.0009
v 0.4884 -0.0259 0.0009
v 0.4884 -0.0174 0.0009
v 0.4884 -0.0088 0.0009
v 0.4884 -0.0003 0.0009
v 0.4884 0.0082 0.0009
v 0.4884 0.0167 0.0009
v 0.4884 0.0253 0.0009
v 0.4884 0.0338 0.0009
v 0.4884 0.0423 0.0009
v 0.4884 0.0509 0.0009
v 0.4883 0.0594 0.0009
v 0.4883 0.0679 0.0009
v 0.4883 0.0765 0.0009
v 0.4883 0.0850 0.0009
v 0.4883 0.0935 0.0009
v 0.4883 0.1021 0.0009
v 0.4883 0.1106 0.0009
v 0.4883 0.1191 0.0009
v 0.4883 0.1277 0.0009
v 0.4881 0.1317 0.0009
v 0.4874 0.1361 0.0009
v 0.4862 0.1407 0.0009
v 0.4848 0.1453 0.0009
v 0.4830 0.1496 0.0009
v 0.4810 0.1535 0.0009
v 0.4788 0.1568 0.0009
v 0.4765 0.1593 0.0009
v 0.4741 0.1610 0.0009
v 0.4709 0.1626 0.0009
v 0.4671 0.1640 0.0009
v 0.4630 0.1652 0.0009
v 0.4587 0.1663 0.0009
v 0.4544 0.1671 0.0009
v 0.4502 0.1676 0.0009
v 0.4464 0.1677 0.0009
v 0.4443 0.1677 0.0009
v 0.4423 0.1674 0.0009
v 0.4342 0.1660 0.0009
v 0.4260 0.1645 0.0009
v 0.4179 0.1631 0.0009
v 0.4097 0.1616 0.0009
v 0.4016 0.1602 0.0009
v 0.3934 0.1587 0.0009
v 0.3853 0.1573 0.0009
v 0.3771 0.1558 0.0009
v 0.3689 0.1543 0.0009
v 0.3608 0.1529 0.0009
v 0.3526 0.1514 0.0009
v 0.3445 0.1500 0.0009
v 0.3363 0.1485 0.0009
v 0.3282 0.1471 0.0009
v 0.3200 0.1456 0.0009
v 0.3118 0.1442 0.0009
v 0.3037 0.1427 0.0009
v 0.2955 0.1413 0.0009
v 0.2870 0.1400 0.0009
v 0.2785 0.1386 0.0009
v 0.2700 0.1373 0.0009
v 0.2615 0.1360 0.0009
v 0.2530 0.1347 0.0009
v 0.2445 0.1334 0.0009
v 0.2360 0.1321 0.0009
v 0.2275 0.1308 0.0009
v 0.2190 0.1295 0.0009
v 0.2105 0.1282 0.0009
v 0.2020 0.1268 0.0009
v 0.1935 0.1255 0.0009
v 0.1849 0.1242 0.0009
v 0.1764 0.1229 0.0009
v 0.1795 0.1281 0.0009
v 0.1825 0.1332 0.0009
v 0.1856 0.1384 0.0009
v 0.1886 0.1434 0.0009
v 0.1916 0.1484 0.0009
v 0.1946 0.1535 0.0009
v 0.1976 0.1584 0.0009
v 0.2005 0.1634 0.0009
v 0.2035 0.1683 0.0009
v 0.2078 0.1756 0.0009
v 0.2121 0.1830 0.0009
v 0.2164 0.1902 0.0009
v 0.2206 0.1974 0.0009
v 0.2248 0.2046 0.0009
v 0.2289 0.2118 0.0009
v 0.2329 0.2189 0.0009
v 0.2369 0.2260 0.0009
v 0.2408 0.2332 0.0009
v 0.2447 0.2403 0.0009
v 0.2485 0.2475 0.0009
v 0.2522 0.2546 0.0009
v 0.2558 0.2618 0.0009
v 0.2594 0.2690 0.0009
v 0.2628 0.2763 0.0009
v 0.2663 0.2836 0.0009
v 0.2696 0.2910 0.0009
v 0.2728 0.2984 0.0009
v 0.2759 0.3059 0.0009
v 0.2790 0.3134 0.0009
v 0.2819 0.3210 0.0009
v 0.2848 0.3287 0.0009
v 0.2875 0.3365 0.0009
v 0.2902 0.3444 0.0009
v 0.2927 0.3524 0.0009
v 0.2952 0.3605 0.0009
v 0.2969 0.3668 0.0009
v 0.2987 0.3732 0.0009
v 0.3002 0.3796 0.0009
v 0.3017 0.3859 0.0009
v 0.3030 0.3923 0.0009
v 0.3043 0.3987 0.0009
v 0.3054 0.4050 0.0009
v 0.3064 0.4114 0.0009
v 0.3072 0.4178 0.0009
v 0.3081 0.4241 0.0009
v 0.3087 0.4305 0.0009
v 0.3092 0.4369 0.0009
v 0.3096 0.4432 0.0009
v 0.3100 0.4496 0.0009
v 0.3101 0.4559 0.0009
v 0.3102 0.4622 0.0009
v 0.3101 0.4688 0.0009
v 0.3099 0.4753 0.0009
v 0.3095 0.4818 0.0009
v 0.3092 0.4884 0.0009
v 0.3085 0.4948 0.0009
v 0.3079 0.5013 0.0009
v 0.3069 0.5078 0.0009
v 0.3060 0.5142 0.0009
v 0.3048 0.5206 0.0009
v 0.3037 0.5270 0.0009
v 0.3022 0.5334 0.0009
v 0.3008 0.5397 0.0009
v 0.2990 0.5460 0.0009
v 0.2973 0.5523 0.0009
v 0.2953 0.5586 0.0009
v 0.2933 0.5648 0.0009
v 0.2911 0.5710 0.0009
v 0.2888 0.5771 0.0009
v 0.2862 0.5832 0.0009
v 0.2837 0.5893 0.0009
v 0.2809 0.5954 0.0009
v 0.2780 0.6014 0.0009
v 0.2749 0.6073 0.0009
v 0.2718 0.6133 0.0009
v 0.2684 0.6191 0.0009
v 0.2650 0.6250 0.0009
v 0.2614 0.6307 0.0009
v 0.2577 0.6365 0.0009
v 0.2537 0.6421 0.0009
v 0.2498 0.6478 0.0009
v 0.2455 0.6534 0.0009
v 0.2413 0.6589 0.0009
v 0.2358 0.6654 0.0009
v 0.2304 0.6718 0.0009
v 0.2246 0.6780 0.0009
v 0.2189 0.6841 0.0009
v 0.2128 0.6900 0.0009
v 0.2067 0.6959 0.0009
v 0.2002 0.7015 0.0009
v 0.1938 0.7070 0.0009
v 0.1871 0.7123 0.0009
v 0.1804 0.7175 0.0009
v 0.1734 0.7224 0.0009
v 0.1664 0.7273 0.0009
v 0.1591 0.7319 0.0009
v 0.1519 0.7364 0.0009
v 0.1444 0.7406 0.0009
v 0.1369 0.7447 0.0009
v 0.1291 0.7484 0.0009
v 0.1214 0.7522 0.0009
v 0.1135 0.7555 0.0009
v 0.1055 0.7588 0.0009
v 0.0974 0.7616 0.0009
v 0.0893 0.7645 0.0009
v 0.0810 0.7669 0.0009
v 0.0727 0.7693 0.0009
v 0.0670 0.7705 0.0009
v 0.0614 0.7718 0.0009
v 0.0558 0.7730 0.0009
v 0.0501 0.7740 0.0009
v 0.0443 0.7749 0.0009
v 0.0386 0.7758 0.0009
v 0.0328 0.7764 0.0009
v 0.0270 0.7769 0.0009
v 0.0212 0.7775 0.0009
v 0.0153 0.7777 0.0009
v 0.0095 0.7779 0.0009
v 0.0036 0.7780 0.0009
v -0.0014 0.7780 0.0009
v -0.0063 0.7779 0.0009
v -0.0113 0.7776 0.0009
v -0.0163 0.7773 0.0009
v -0.0242 0.7765 0.0009
v -0.0321 0.7758 0.0009
v -0.0399 0.7747 0.0009
v -0.0477 0.7735 0.0009
v -0.0553 0.7721 0.0009
v -0.0630 0.7706 0.0009
v -0.0704 0.7688 0.0009
v -0.0779 0.7670 0.0009
v -0.0852 0.7649 0.0009
v -0.0925 0.7628 0.0009
v -0.0997 0.7604 0.0009
v -0.1068 0.7579 0.0009
v -0.1138 0.7552 0.0009
v -0.1207 0.7524 0.0009
v -0.1275 0.7494 0.0009
v -0.1343 0.7463 0.0009
v -0.1409 0.7430 0.0009
v -0.1475 0.7397 0.0009
v -0.1539 0.7360 0.0009
v -0.1603 0.7324 0.0009
v -0.1665 0.7285 0.0009
v -0.1727 0.7246 0.0009
v -0.1786 0.7205 0.0009
v -0.1846 0.7163 0.0009
v -0.1904 0.7119 0.0009
v -0.1961 0.7075 0.0009
v -0.2016 0.7028 0.0009
v -0.2072 0.6982 0.0009
v -0.2125 0.6933 0.0009
v -0.2178 0.6884 0.0009
v -0.2228 0.6832 0.0009
v -0.2279 0.6781 0.0009
v -0.2327 0.6727 0.0009
v -0.2375 0.6674 0.0009
v -0.2420 0.6618 0.0009
v -0.2465 0.6562 0.0009
v -0.2508 0.6505 0.0009
v -0.2551 0.6447 0.0009
v -0.2591 0.6387 0.0009
v -0.2631 0.6327 0.0009
v -0.2669 0.6266 0.0009
v -0.2706 0.6204 0.0009
v -0.2740 0.6140 0.0009
v -0.2775 0.6077 0.0009
v -0.2806 0.6012 0.0009
v -0.2838 0.5947 0.0009
v -0.2866 0.5880 0.0009
v -0.2895 0.5813 0.0009
v -0.2920 0.5744 0.0009
v -0.2946 0.5676 0.0009
v -0.2968 0.5606 0.0009
v -0.2990 0.5536 0.0009
v -0.3009 0.5465 0.0009
v -0.3028 0.5394 0.0009
v -0.3044 0.5321 0.0009
v -0.3060 0.5249 0.0009
v -0.3072 0.5175 0.0009
v -0.3084 0.5101 0.0009
v -0.3093 0.5026 0.0009
v -0.3102 0.4952 0.0009
v -0.3108 0.4876 0.0009
v -0.3113 0.4800 0.0009
v -0.3115 0.4723 0.0009
v -0.3117 0.4646 0.0009
v -0.3116 0.4592 0.0009
v -0.3115 0.4539 0.0009
v -0.3112 0.4484 0.0009
v -0.3110 0.4430 0.0009
v -0.3105 0.4376 0.0009
v -0.3101 0.4321 0.0009
v -0.3095 0.4267 0.0009
v -0.3088 0.4212 0.0009
v -0.3077 0.4139 0.0009
v -0.3066 0.4065 0.0009
v -0.3053 0.3993 0.0009
v -0.3040 0.3920 0.0009
v -0.3024 0.3849 0.0009
v -0.3008 0.3777 0.0009
v -0.2990 0.3707 0.0009
v -0.2972 0.3636 0.0009
v -0.2951 0.3566 0.0009
v -0.2931 0.3496 0.0009
v -0.2909 0.3427 0.0009
v -0.2886 0.3358 0.0009
v -0.2862 0.3290 0.0009
v -0.2837 0.3222 0.0009
v -0.2811 0.3154 0.0009
v -0.2784 0.3086 0.0009
v -0.2756 0.3020 0.0009
v -0.2727 0.2953 0.0009
v -0.2697 0.2886 0.0009
v -0.2667 0.2820 0.0009
v -0.2634 0.2755 0.0009
v -0.2602 0.2689 0.0009
v -0.2569 0.2624 0.0009
v -0.2535 0.2559 0.0009
v -0.2499 0.2495 0.0009
v -0.2464 0.2431 0.0009
v -0.2427 0.2367 0.0009
v -0.2390 0.2303 0.0009
v -0.2352 0.2240 0.0009
v -0.2313 0.2176 0.0009
v -0.2274 0.2114 0.0009
v -0.2234 0.2051 0.0009
v -0.2202 0.2001 0.0009
v -0.2169 0.1953 0.0009
v -0.2138 0.1906 0.0009
v -0.2106 0.1859 0.0009
v -0.2075 0.1812 0.0009
v -0.2044 0.1765 0.0009
v -0.2014 0.1717 0.0009
v -0.1985 0.1669 0.0009
v -0.1956 0.1620 0.0009
v -0.1929 0.1569 0.0009
v -0.1902 0.1516 0.0009
v -0.1877 0.1461 0.0009
v -0.1853 0.1404 0.0009
v -0.1830 0.1344 0.0009
v -0.1808 0.1281 0.0009
v -0.1788 0.1215 0.0009
v -0.1872 0.1229 0.0009
v -0.1957 0.1243 0.0009
v -0.2041 0.1257 0.0009
v -0.2125 0.1271 0.0009
v -0.2209 0.1285 0.0009
v -0.2294 0.1299 0.0009
v -0.2378 0.1313 0.0009
v -0.2462 0.1327 0.0009
v -0.2546 0.1341 0.0009
v -0.2630 0.1354 0.0009
v -0.2715 0.1368 0.0009
v -0.2799 0.1382 0.0009
v -0.2883 0.1396 0.0009
v -0.2967 0.1410 0.0009
v -0.3052 0.1424 0.0009
v -0.3136 0.1438 0.0009
v -0.3220 0.1452 0.0009
v -0.3304 0.1466 0.0009
v -0.3389 0.1480 0.0009
v -0.3473 0.1494 0.0009
v -0.3557 0.1508 0.0009
v -0.3641 0.1522 0.0009
v -0.3726 0.1536 0.0009
v -0.3810 0.1550 0.0009
v -0.3894 0.1564 0.0009
v -0.3978 0.1578 0.0009
v -0.4063 0.1591 0.0009
v -0.4147 0.1605 0.0009
v -0.4231 0.1619 0.0009
v -0.4315 0.1633 0.0009
v -0.4400 0.1647 0.0009
v -0.4484 0.1661 0.0009
v -0.4542 0.1666 0.0009
v -0.4577 0.1664 0.0009
v -0.4611 0.1659 0.0009
v -0.4643 0.1651 0.0009
v -0.4675 0.1640 0.0009
v -0.4704 0.1626 0.0009
v -0.4733 0.1609 0.0009
v -0.4759 0.1590 0.0009
v -0.4783 0.1568 0.0009
v -0.4805 0.1544 0.0009
v -0.4825 0.1518 0.0009
v -0.4842 0.1491 0.0009
v -0.4857 0.1461 0.0009
v -0.4868 0.1430 0.0009
v -0.4877 0.1398 0.0009
v -0.4882 0.1364 0.0009
v -0.4884 0.1329 0.0009
v -0.4884 0.1244 0.0009
v -0.4883 0.1158 0.0009
v -0.4883 0.1072 0.0009
v -0.4883 0.0986 0.0009
v -0.4883 0.0901 0.0009
v -0.4882 0.0815 0.0009
v -0.4882 0.0729 0.0009
v -0.4882 0.0644 0.0009
v -0.4881 0.0558 0.0009
v -0.4881 0.0472 0.0009
v -0.4881 0.0387 0.0009
v -0.4881 0.0301 0.0009
v -0.4880 0.0215 0.0009
v -0.4880 0.0130 0.0009
v -0.4880 0.0044 0.0009
v -0.4880 -0.0042 0.0009
v -0.4879 -0.0128 0.0009
v -0.4879 -0.0213 0.0009
v -0.4879 -0.0299 0.0009
v -0.4878 -0.0385 0.0009
v -0.4878 -0.0470 0.0009
v -0.4878 -0.0556 0.0009
v -0.4878 -0.0642 0.0009
v -0.4877 -0.0727 0.0009
v -0.4877 -0.0813 0.0009
v -0.4877 -0.0899 0.0009
v -0.4877 -0.0984 0.0009
v -0.4876 -0.1070 0.0009
v -0.4876 -0.1156 0.0009
v -0.4876 -0.1242 0.0009
v -0.4874 -0.1277 0.0009
v -0.4869 -0.1311 0.0009
v -0.4860 -0.1344 0.0009
v -0.4849 -0.1377 0.0009
v -0.4835 -0.1408 0.0009
v -0.4818 -0.1437 0.0009
v -0.4799 -0.1465 0.0009
v -0.4778 -0.1491 0.0009
v -0.4754 -0.1514 0.0009
v -0.4728 -0.1535 0.0009
v -0.4701 -0.1554 0.0009
v -0.4672 -0.1569 0.0009
v -0.4642 -0.1582 0.0009
v -0.4610 -0.1591 0.0009
v -0.4577 -0.1597 0.0009
v -0.4543 -0.1599 0.0009
v -0.4514 -0.1597 0.0009
v -0.4485 -0.1593 0.0009
v -0.4403 -0.1577 0.0009
v -0.4320 -0.1560 0.0009
v -0.4238 -0.1544 0.0009
v -0.4156 -0.1527 0.0009
v -0.4074 -0.1511 0.0009
v -0.3992 -0.1495 0.0009
v -0.3910 -0.1478 0.0009
v -0.3827 -0.1462 0.0009
v -0.3745 -0.1446 0.0009
v -0.3663 -0.1429 0.0009
v -0.3581 -0.1413 0.0009
v -0.3499 -0.1396 0.0009
v -0.3417 -0.1380 0.0009
v -0.3335 -0.1364 0.0009
v -0.3252 -0.1347 0.0009
v -0.3170 -0.1331 0.0009
v -0.3088 -0.1315 0.0009
v -0.3006 -0.1298 0.0009
v -0.2924 -0.1282 0.0009
v -0.2842 -0.1265 0.0009
v -0.2759 -0.1249 0.0009
v -0.2677 -0.1233 0.0009
v -0.2595 -0.1216 0.0009
v -0.2513 -0.1200 0.0009
v -0.2431 -0.1184 0.0009
v -0.2349 -0.1167 0.0009
v -0.2267 -0.1151 0.0009
v -0.2187 -0.1141 0.0009
v -0.2106 -0.1130 0.0009
v -0.2026 -0.1120 0.0009
v -0.1946 -0.1110 0.0009
v -0.1866 -0.1099 0.0009
v -0.1786 -0.1089 0.0009
v -0.1706 -0.1079 0.0009
v -0.1626 -0.1068 0.0009
v -0.1546 -0.1058 0.0009
v -0.1466 -0.1048 0.0009
v -0.1386 -0.1037 0.0009
v -0.1306 -0.1027 0.0009
v -0.1226 -0.1017 0.0009
v -0.1228 -0.1100 0.0009
v -0.1230 -0.1184 0.0009
v -0.1232 -0.1268 0.0009
v -0.1234 -0.1351 0.0009
v -0.1236 -0.1435 0.0009
v -0.1238 -0.1519 0.0009
v -0.1240 -0.1602 0.0009
v -0.1243 -0.1686 0.0009
v -0.1245 -0.1769 0.0009
v -0.1247 -0.1853 0.0009
v -0.1249 -0.1937 0.0009
v -0.1251 -0.2020 0.0009
v -0.1262 -0.2105 0.0009
v -0.1273 -0.2189 0.0009
v -0.1285 -0.2274 0.0009
v -0.1296 -0.2358 0.0009
v -0.1307 -0.2442 0.0009
v -0.1318 -0.2527 0.0009
v -0.1329 -0.2611 0.0009
v -0.1341 -0.2696 0.0009
v -0.1352 -0.2780 0.0009
v -0.1363 -0.2865 0.0009
v -0.1374 -0.2949 0.0009
v -0.1385 -0.3034 0.0009
v -0.1396 -0.3118 0.0009
v -0.1408 -0.3202 0.0009
v -0.1419 -0.3287 0.0009
v -0.1430 -0.3371 0.0009
v -0.1441 -0.3456 0.0009
v -0.1452 -0.3540 0.0009
v -0.1464 -0.3625 0.0009
v -0.1475 -0.3709 0.0009
v -0.1486 -0.3793 0.0009
v -0.1497 -0.3878 0.0009
v -0.1508 -0.3962 0.0009
v -0.1520 -0.4047 0.0009
v -0.1531 -0.4131 0.0009
v -0.1542 -0.4216 0.0009
v -0.1553 -0.4300 0.0009
v -0.1564 -0.4385 0.0009
v -0.1576 -0.4469 0.0009
v -0.1587 -0.4553 0.0009
v -0.1598 -0.4638 0.0009
v -0.1609 -0.4722 0.0009
v -0.1620 -0.4807 0.0009
v -0.1632 -0.4891 0.0009
v -0.1643 -0.4976 0.0009
v -0.1654 -0.5060 0.0009
v -0.1665 -0.5144 0.0009
v -0.1676 -0.5229 0.0009
v -0.1688 -0.5313 0.0009
v -0.1699 -0.5398 0.0009
v -0.1710 -0.5482 0.0009
v -0.1721 -0.5567 0.0009
v -0.1732 -0.5651 0.0009
v -0.1744 -0.5736 0.0009
v -0.1755 -0.5820 0.0009
v -0.1766 -0.5904 0.0009
v -0.1777 -0.5989 0.0009
v -0.1788 -0.6073 0.0009
v -0.1800 -0.6158 0.0009
v -0.1811 -0.6242 0.0009
v -0.1822 -0.6327 0.0009
v -0.1833 -0.6411 0.0009
v -0.1844 -0.6495 0.0009
v -0.1856 -0.6580 0.0009
v -0.1867 -0.6664 0.0009
v -0.1878 -0.6749 0.0009
v -0.1889 -0.6833 0.0009
v -0.1900 -0.6918 0.0009
v -0.1912 -0.7002 0.0009
v -0.1923 -0.7086 0.0009
v -0.1934 -0.7171 0.0009
v -0.1945 -0.7255 0.0009
v -0.1956 -0.7340 0.0009
v -0.1959 -0.7374 0.0009
v -0.1956 -0.7419 0.0009
v -0.1948 -0.7466 0.0009
v -0.1935 -0.7515 0.0009
v -0.1919 -0.7562 0.0009
v -0.1900 -0.7606 0.0009
v -0.1878 -0.7645 0.0009
v -0.1854 -0.7677 0.0009
v -0.1829 -0.7699 0.0009
v -0.1801 -0.7715 0.0009
v -0.1766 -0.7731 0.0009
v -0.1726 -0.7744 0.0009
v -0.1682 -0.7756 0.0009
v -0.1636 -0.7766 0.0009
v -0.1590 -0.7774 0.0009
v -0.1546 -0.7779 0.0009
v -0.1504 -0.7780 0.0009
v -0.1419 -0.7780 0.0009
v -0.1334 -0.7779 0.0009
v -0.1249 -0.7779 0.0009
v -0.1164 -0.7778 0.0009
v -0.1078 -0.7777 0.0009
v -0.0993 -0.7777 0.0009
v -0.0908 -0.7776 0.0009
v -0.0823 -0.7775 0.0009
v -0.0738 -0.7775 0.0009
v -0.0652 -0.7774 0.0009
v -0.0567 -0.7773 0.0009
v -0.0482 -0.7773 0.0009
v -0.0397 -0.7772 0.0009
v -0.0312 -0.7771 0.0009
v -0.0226 -0.7771 0.0009
v -0.0141 -0.7770 0.0009
v -0.0056 -0.7769 0.0009
v 0.0029 -0.7769 0.0009
v 0.0114 -0.7768 0.0009
v 0.0199 -0.7768 0.0009
v 0.0285 -0.7767 0.0009
v 0.0370 -0.7766 0.0009
v 0.0455 -0.7766 0.0009
v 0.0540 -0.7765 0.0009
v 0.0625 -0.7764 0.0009
v 0.0711 -0.7764 0.0009
v 0.0796 -0.7763 0.0009
v 0.0881 -0.7762 0.0009
v 0.0966 -0.7762 0.0009
v 0.1051 -0.7761 0.0009
v 0.1137 -0.7760 0.0009
v 0.1222 -0.7760 0.0009
v 0.1307 -0.7759 0.0009
v 0.1392 -0.7758 0.0009
v 0.1477 -0.7758 0.0009
v 0.1563 -0.7757 0.0009
v 0.1648 -0.7757 0.0009
v 0.1691 -0.7754 0.0009
v 0.1731 -0.7747 0.0009
v 0.1768 -0.7736 0.0009
v 0.1802 -0.7722 0.0009
v 0.1832 -0.7704 0.0009
v 0.1860 -0.7683 0.0009
v 0.1885 -0.7659 0.0009
v 0.1907 -0.7633 0.0009
v 0.1926 -0.7604 0.0009
v 0.1943 -0.7574 0.0009
v 0.1957 -0.7541 0.0009
v 0.1968 -0.7507 0.0009
v 0.1976 -0.7472 0.0009
v 0.1982 -0.7436 0.0009
v 0.1986 -0.7400 0.0009
v 0.1987 -0.7363 0.0009
v 0.1983 -0.7291 0.0009
v 0.1972 -0.7206 0.0009
v 0.1962 -0.7120 0.0009
v 0.1952 -0.7035 0.0009
v 0.1941 -0.6949 0.0009
v 0.1931 -0.6864 0.0009
v 0.1921 -0.6778 0.0009
v 0.1910 -0.6693 0.0009
v 0.1900 -0.6608 0.0009
v 0.1889 -0.6522 0.0009
v 0.1879 -0.6437 0.0009
v 0.1869 -0.6351 0.0009
v 0.1858 -0.6266 0.0009
v 0.1848 -0.6180 0.0009
v 0.1838 -0.6095 0.0009
v 0.1827 -0.6010 0.0009
v 0.1817 -0.5924 0.0009
v 0.1807 -0.5839 0.0009
v 0.1796 -0.5753 0.0009
v 0.1786 -0.5668 0.0009
v 0.1775 -0.5582 0.0009
v 0.1765 -0.5497 0.0009
v 0.1755 -0.5412 0.0009
v 0.1744 -0.5326 0.0009
v 0.1734 -0.5241 0.0009
v 0.1724 -0.5155 0.0009
v 0.1713 -0.5070 0.0009
v 0.1703 -0.4984 0.0009
v 0.1693 -0.4899 0.0009
v 0.1682 -0.4814 0.0009
v 0.1672 -0.4728 0.0009
v 0.1661 -0.4643 0.0009
v 0.1651 -0.4557 0.0009
v 0.1641 -0.4472 0.0009
v 0.1630 -0.4386 0.0009
v 0.1620 -0.4301 0.0009
v 0.1610 -0.4216 0.0009
v 0.1599 -0.4130 0.0009
v 0.1589 -0.4045 0.0009
v 0.1579 -0.3959 0.0009
v 0.1568 -0.3874 0.0009
v 0.1558 -0.3788 0.0009
v 0.1547 -0.3703 0.0009
v 0.1537 -0.3618 0.0009
v 0.1527 -0.3532 0.0009
v 0.1516 -0.3447 0.0009
v 0.1506 -0.3361 0.0009
v 0.1496 -0.3276 0.0009
v 0.1485 -0.3190 0.0009
v 0.1475 -0.3105 0.0009
v 0.1465 -0.3020 0.0009
v 0.1454 -0.2934 0.0009
v 0.1444 -0.2849 0.0009
v 0.1434 -0.2763 0.0009
v 0.1423 -0.2678 0.0009
v 0.1413 -0.2592 0.0009
v 0.1402 -0.2507 0.0009
v 0.1392 -0.2422 0.0009
v 0.1382 -0.2336 0.0009
v 0.1371 -0.2251 0.0009
v 0.1361 -0.2165 0.0009
v 0.1351 -0.2080 0.0009
v 0.1340 -0.1994 0.0009
v 0.1330 -0.1909 0.0009
v 0.1320 -0.1824 0.0009
v 0.1309 -0.1738 0.0009
v 0.1299 -0.1653 0.0009
v 0.1288 -0.1567 0.0009
v 0.1278 -0.1482 0.0009
v 0.1268 -0.1396 0.0009
v 0.1257 -0.1311 0.0009
v 0.1256 -0.1293 0.0009
v 0.1259 -0.1260 0.0009
v 0.1265 -0.1223 0.0009
v 0.1275 -0.1184 0.0009
v 0.1288 -0.1145 0.0009
v 0.1303 -0.1109 0.0009
v 0.1321 -0.1078 0.0009
v 0.1340 -0.1054 0.0009
v 0.1359 -0.1040 0.0009
v 0.1390 -0.1030 0.0009
v 0.1428 -0.1023 0.0009
v 0.1470 -0.1019 0.0009
v 0.1514 -0.1017 0.0009
v 0.1569 -0.1019 0.0009
v 0.1619 -0.1026 0.0009
v 0.1703 -0.1043 0.0009
v 0.1787 -0.1059 0.0009
v 0.1870 -0.1076 0.0009
v 0.1954 -0.1092 0.0009
v 0.2038 -0.1109 0.0009
v 0.2122 -0.1125 0.0009
v 0.2205 -0.1142 0.0009
v 0.2289 -0.1158 0.0009
v 0.2373 -0.1174 0.0009
v 0.2456 -0.1191 0.0009
v 0.2540 -0.1207 0.0009
v 0.2624 -0.1224 0.0009
v 0.2708 -0.1240 0.0009
v 0.2791 -0.1257 0.0009
v 0.2875 -0.1273 0.0009
v 0.2959 -0.1290 0.0009
v 0.3042 -0.1306 0.0009
v 0.3126 -0.1323 0.0009
v 0.3210 -0.1339 0.0009
v 0.3294 -0.1355 0.0009
v 0.3377 -0.1372 0.0009
v 0.3461 -0.1388 0.0009
v 0.3545 -0.1405 0.0009
v 0.3628 -0.1421 0.0009
v 0.3712 -0.1438 0.0009
v 0.3796 -0.1454 0.0009
v 0.3880 -0.1471 0.0009
v 0.3963 -0.1487 0.0009
v 0.4047 -0.1504 0.0009
v 0.4131 -0.1520 0.0009
v 0.4214 -0.1537 0.0009
v 0.4298 -0.1553 0.0009
v 0.4382 -0.1569 0.0009
v 0.4411 -0.1573 0.0009
v 0.4443 -0.1575 0.0009
v 0.4484 -0.1573 0.0009
v 0.4527 -0.1568 0.0009
v 0.4571 -0.1561 0.0009
v 0.4614 -0.1551 0.0009
v 0.4654 -0.1540 0.0009
v 0.4692 -0.1526 0.0009
v 0.4724 -0.1511 0.0009
v 0.4750 -0.1496 0.0009
v 0.4773 -0.1473 0.0009
v 0.4797 -0.1442 0.0009
v 0.4820 -0.1403 0.0009
v 0.4840 -0.1361 0.0009
v 0.4858 -0.1317 0.0009
v 0.4872 -0.1273 0.0009
v 0.4881 -0.1233 0.0009
v 0.4884 -0.1155 -0.0000
v 0.4884 -0.1070 -0.0000
v 0.4884 -0.0984 -0.0000
v 0.4884 -0.0899 -0.0000
v 0.4884 -0.0814 -0.0000
v 0.4884 -0.0728 -0.0000
v 0.4884 -0.0643 -0.0000
v 0.4884 -0.0558 -0.0000
v 0.4884 -0.0472 -0.0000
v 0.4884 -0.0387 -0.0000
v 0.4884 -0.0302 -0.0000
v 0.4884 -0.0216 -0.0000
v 0.4884 -0.0131 -0.0000
v 0.4884 -0.0046 -0.0000
v 0.4884 0.0040 -0.0000
v 0.4884 0.0125 -0.0000
v 0.4884 0.0210 -0.0000
v 0.4884 0.0295 -0.0000
v 0.4884 0.0381 -0.0000
v 0.4884 0.0466 -0.0000
v 0.4884 0.0551 -0.0000
v 0.4883 0.0637 -0.0000
v 0.4883 0.0722 -0.0000
v 0.4883 0.0807 -0.0000
v 0.4883 0.0893 -0.0000
v 0.4883 0.0978 -0.0000
v 0.4883 0.1063 -0.0000
v 0.4883 0.1149 -0.0000
v 0.4883 0.1234 -0.0000
v 0.4882 0.1297 -0.0000
v 0.4877 0.1339 -0.0000
v 0.4868 0.1384 -0.0000
v 0.4855 0.1430 -0.0000
v 0.4839 0.1474 -0.0000
v 0.4820 0.1516 -0.0000
v 0.4799 0.1552 -0.0000
v 0.4776 0.1581 -0.0000
v 0.4753 0.1602 -0.0000
v 0.4725 0.1618 -0.0000
v 0.4690 0.1633 -0.0000
v 0.4651 0.1646 -0.0000
v 0.4609 0.1658 -0.0000
v 0.4566 0.1667 -0.0000
v 0.4523 0.1673 -0.0000
v 0.4483 0.1676 -0.0000
v 0.4453 0.1677 -0.0000
v 0.4433 0.1675 -0.0000
v 0.4383 0.1667 -0.0000
v 0.4301 0.1652 -0.0000
v 0.4220 0.1638 -0.0000
v 0.4138 0.1623 -0.0000
v 0.4056 0.1609 -0.0000
v 0.3975 0.1594 -0.0000
v 0.3893 0.1580 -0.0000
v 0.3812 0.1565 -0.0000
v 0.3730 0.1551 -0.0000
v 0.3649 0.1536 -0.0000
v 0.3567 0.1522 -0.0000
v 0.3486 0.1507 -0.0000
v 0.3404 0.1493 -0.0000
v 0.3322 0.1478 -0.0000
v 0.3241 0.1464 -0.0000
v 0.3159 0.1449 -0.0000
v 0.3078 0.1434 -0.0000
v 0.2996 0.1420 -0.0000
v 0.2913 0.1406 -0.0000
v 0.2828 0.1393 -0.0000
v 0.2743 0.1380 -0.0000
v 0.2658 0.1367 -0.0000
v 0.2573 0.1354 -0.0000
v 0.2487 0.1341 -0.0000
v 0.2402 0.1327 -0.0000
v 0.2317 0.1314 -0.0000
v 0.2232 0.1301 -0.0000
v 0.2147 0.1288 -0.0000
v 0.2062 0.1275 -0.0000
v 0.1977 0.1262 -0.0000
v 0.1892 0.1249 -0.0000
v 0.1807 0.1236 -0.0000
v 0.1780 0.1255 -0.0000
v 0.1810 0.1306 -0.0000
v 0.1841 0.1358 -0.0000
v 0.1871 0.1409 -0.0000
v 0.1901 0.1459 -0.0000
v 0.1931 0.1510 -0.0000
v 0.1961 0.1560 -0.0000
v 0.1990 0.1609 -0.0000
v 0.2020 0.1658 -0.0000
v 0.2056 0.1720 -0.0000
v 0.2100 0.1793 -0.0000
v 0.2143 0.1866 -0.0000
v 0.2185 0.1938 -0.0000
v 0.2227 0.2010 -0.0000
v 0.2268 0.2082 -0.0000
v 0.2309 0.2153 -0.0000
v 0.2349 0.2225 -0.0000
v 0.2389 0.2296 -0.0000
v 0.2428 0.2367 -0.0000
v 0.2466 0.2439 -0.0000
v 0.2503 0.2510 -0.0000
v 0.2540 0.2582 -0.0000
v 0.2576 0.2654 -0.0000
v 0.2611 0.2727 -0.0000
v 0.2646 0.2800 -0.0000
v 0.2679 0.2873 -0.0000
v 0.2712 0.2947 -0.0000
v 0.2744 0.3021 -0.0000
v 0.2775 0.3096 -0.0000
v 0.2805 0.3172 -0.0000
v 0.2834 0.3249 -0.0000
v 0.2862 0.3326 -0.0000
v 0.2889 0.3405 -0.0000
v 0.2915 0.3484 -0.0000
v 0.2940 0.3565 -0.0000
v 0.2961 0.3637 -0.0000
v 0.2978 0.3700 -0.0000
v 0.2994 0.3764 -0.0000
v 0.3010 0.3827 -0.0000
v 0.3024 0.3891 -0.0000
v 0.3036 0.3955 -0.0000
v 0.3048 0.4018 -0.0000
v 0.3059 0.4082 -0.0000
v 0.3068 0.4146 -0.0000
v 0.3076 0.4210 -0.0000
v 0.3084 0.4273 -0.0000
v 0.3090 0.4337 -0.0000
v 0.3094 0.4400 -0.0000
v 0.3098 0.4464 -0.0000
v 0.3100 0.4527 -0.0000
v 0.3101 0.4591 -0.0000
v 0.3101 0.4655 -0.0000
v 0.3100 0.4720 -0.0000
v 0.3097 0.4786 -0.0000
v 0.3094 0.4851 -0.0000
v 0.3088 0.4916 -0.0000
v 0.3082 0.4981 -0.0000
v 0.3074 0.5046 -0.0000
v 0.3065 0.5110 -0.0000
v 0.3054 0.5174 -0.0000
v 0.3043 0.5238 -0.0000
v 0.3029 0.5302 -0.0000
v 0.3015 0.5366 -0.0000
v 0.2999 0.5429 -0.0000
v 0.2982 0.5492 -0.0000
v 0.2963 0.5554 -0.0000
v 0.2943 0.5617 -0.0000
v 0.2922 0.5679 -0.0000
v 0.2899 0.5741 -0.0000
v 0.2875 0.5802 -0.0000
v 0.2850 0.5863 -0.0000
v 0.2823 0.5923 -0.0000
v 0.2795 0.5984 -0.0000
v 0.2765 0.6043 -0.0000
v 0.2734 0.6103 -0.0000
v 0.2701 0.6162 -0.0000
v 0.2667 0.6220 -0.0000
v 0.2632 0.6278 -0.0000
v 0.2595 0.6336 -0.0000
v 0.2557 0.6393 -0.0000
v 0.2517 0.6450 -0.0000
v 0.2476 0.6506 -0.0000
v 0.2434 0.6561 -0.0000
v 0.2385 0.6621 -0.0000
v 0.2331 0.6686 -0.0000
v 0.2275 0.6749 -0.0000
v 0.2218 0.6810 -0.0000
v 0.2158 0.6871 -0.0000
v 0.2097 0.6929 -0.0000
v 0.2035 0.6987 -0.0000
v 0.1970 0.7043 -0.0000
v 0.1905 0.7097 -0.0000
v 0.1837 0.7149 -0.0000
v 0.1769 0.7200 -0.0000
v 0.1699 0.7249 -0.0000
v 0.1628 0.7296 -0.0000
v 0.1555 0.7342 -0.0000
v 0.1481 0.7385 -0.0000
v 0.1406 0.7426 -0.0000
v 0.1330 0.7466 -0.0000
v 0.1253 0.7503 -0.0000
v 0.1174 0.7538 -0.0000
v 0.1095 0.7571 -0.0000
v 0.1015 0.7602 -0.0000
v 0.0933 0.7631 -0.0000
v 0.0851 0.7657 -0.0000
v 0.0768 0.7681 -0.0000
v 0.0699 0.7699 -0.0000
v 0.0642 0.7712 -0.0000
v 0.0586 0.7724 -0.0000
v 0.0529 0.7735 -0.0000
v 0.0472 0.7744 -0.0000
v 0.0415 0.7753 -0.0000
v 0.0357 0.7761 -0.0000
v 0.0299 0.7766 -0.0000
v 0.0241 0.7772 -0.0000
v 0.0183 0.7776 -0.0000
v 0.0124 0.7778 -0.0000
v 0.0065 0.7780 -0.0000
v 0.0011 0.7780 -0.0000
v -0.0038 0.7779 -0.0000
v -0.0088 0.7777 -0.0000
v -0.0138 0.7774 -0.0000
v -0.0203 0.7769 -0.0000
v -0.0282 0.7762 -0.0000
v -0.0360 0.7752 -0.0000
v -0.0438 0.7741 -0.0000
v -0.0515 0.7728 -0.0000
v -0.0591 0.7713 -0.0000
v -0.0667 0.7697 -0.0000
v -0.0742 0.7679 -0.0000
v -0.0816 0.7660 -0.0000
v -0.0889 0.7638 -0.0000
v -0.0961 0.7616 -0.0000
v -0.1032 0.7591 -0.0000
v -0.1103 0.7565 -0.0000
v -0.1173 0.7538 -0.0000
v -0.1241 0.7509 -0.0000
v -0.1309 0.7479 -0.0000
v -0.1376 0.7447 -0.0000
v -0.1442 0.7413 -0.0000
v -0.1507 0.7379 -0.0000
v -0.1571 0.7342 -0.0000
v -0.1634 0.7305 -0.0000
v -0.1696 0.7266 -0.0000
v -0.1756 0.7226 -0.0000
v -0.1816 0.7184 -0.0000
v -0.1875 0.7141 -0.0000
v -0.1932 0.7097 -0.0000
v -0.1989 0.7052 -0.0000
v -0.2044 0.7005 -0.0000
v -0.2098 0.6957 -0.0000
v -0.2151 0.6908 -0.0000
v -0.2203 0.6858 -0.0000
v -0.2253 0.6807 -0.0000
v -0.2303 0.6754 -0.0000
v -0.2351 0.6701 -0.0000
v -0.2397 0.6646 -0.0000
v -0.2443 0.6590 -0.0000
v -0.2487 0.6533 -0.0000
v -0.2530 0.6476 -0.0000
v -0.2571 0.6417 -0.0000
v -0.2611 0.6357 -0.0000
v -0.2650 0.6296 -0.0000
v -0.2687 0.6235 -0.0000
v -0.2723 0.6172 -0.0000
v -0.2758 0.6109 -0.0000
v -0.2791 0.6044 -0.0000
v -0.2822 0.5979 -0.0000
v -0.2852 0.5913 -0.0000
v -0.2881 0.5846 -0.0000
v -0.2907 0.5779 -0.0000
v -0.2933 0.5710 -0.0000
v -0.2957 0.5641 -0.0000
v -0.2979 0.5571 -0.0000
v -0.3000 0.5501 -0.0000
v -0.3019 0.5430 -0.0000
v -0.3036 0.5358 -0.0000
v -0.3052 0.5285 -0.0000
v -0.3066 0.5212 -0.0000
v -0.3078 0.5138 -0.0000
v -0.3089 0.5064 -0.0000
v -0.3098 0.4989 -0.0000
v -0.3105 0.4914 -0.0000
v -0.3110 0.4838 -0.0000
v -0.3114 0.4761 -0.0000
v -0.3116 0.4684 -0.0000
v -0.3116 0.4619 -0.0000
v -0.3115 0.4565 -0.0000
v -0.3114 0.4511 -0.0000
v -0.3111 0.4457 -0.0000
v -0.3107 0.4403 -0.0000
v -0.3103 0.4349 -0.0000
v -0.3098 0.4294 -0.0000
v -0.3091 0.4239 -0.0000
v -0.3083 0.4175 -0.0000
v -0.3072 0.4102 -0.0000
v -0.3060 0.4029 -0.0000
v -0.3046 0.3957 -0.0000
v -0.3032 0.3885 -0.0000
v -0.3016 0.3813 -0.0000
v -0.2999 0.3742 -0.0000
v -0.2981 0.3671 -0.0000
v -0.2962 0.3601 -0.0000
v -0.2941 0.3531 -0.0000
v -0.2920 0.3462 -0.0000
v -0.2897 0.3393 -0.0000
v -0.2874 0.3324 -0.0000
v -0.2849 0.3256 -0.0000
v -0.2824 0.3188 -0.0000
v -0.2797 0.3120 -0.0000
v -0.2770 0.3053 -0.0000
v -0.2741 0.2986 -0.0000
v -0.2712 0.2920 -0.0000
v -0.2682 0.2853 -0.0000
v -0.2650 0.2788 -0.0000
v -0.2618 0.2722 -0.0000
v -0.2585 0.2657 -0.0000
v -0.2552 0.2592 -0.0000
v -0.2517 0.2527 -0.0000
v -0.2482 0.2463 -0.0000
v -0.2446 0.2399 -0.0000
v -0.2409 0.2335 -0.0000
v -0.2371 0.2271 -0.0000
v -0.2333 0.2208 -0.0000
v -0.2294 0.2145 -0.0000
v -0.2254 0.2082 -0.0000
v -0.2218 0.2026 -0.0000
v -0.2186 0.1977 -0.0000
v -0.2154 0.1929 -0.0000
v -0.2122 0.1882 -0.0000
v -0.2090 0.1835 -0.0000
v -0.2060 0.1788 -0.0000
v -0.2029 0.1741 -0.0000
v -0.2000 0.1693 -0.0000
v -0.1971 0.1644 -0.0000
v -0.1943 0.1594 -0.0000
v -0.1916 0.1542 -0.0000
v -0.1890 0.1489 -0.0000
v -0.1865 0.1433 -0.0000
v -0.1841 0.1374 -0.0000
v -0.1819 0.1313 -0.0000
v -0.1798 0.1248 -0.0000
v -0.1830 0.1222 -0.0000
v -0.1914 0.1236 -0.0000
v -0.1999 0.1250 -0.0000
v -0.2083 0.1264 -0.0000
v -0.2167 0.1278 -0.0000
v -0.2251 0.1292 -0.0000
v -0.2336 0.1306 -0.0000
v -0.2420 0.1320 -0.0000
v -0.2504 0.1334 -0.0000
v -0.2588 0.1347 -0.0000
v -0.2673 0.1361 -0.0000
v -0.2757 0.1375 -0.0000
v -0.2841 0.1389 -0.0000
v -0.2925 0.1403 -0.0000
v -0.3010 0.1417 -0.0000
v -0.3094 0.1431 -0.0000
v -0.3178 0.1445 -0.0000
v -0.3262 0.1459 -0.0000
v -0.3347 0.1473 -0.0000
v -0.3431 0.1487 -0.0000
v -0.3515 0.1501 -0.0000
v -0.3599 0.1515 -0.0000
v -0.3683 0.1529 -0.0000
v -0.3768 0.1543 -0.0000
v -0.3852 0.1557 -0.0000
v -0.3936 0.1571 -0.0000
v -0.4020 0.1585 -0.0000
v -0.4105 0.1598 -0.0000
v -0.4189 0.1612 -0.0000
v -0.4273 0.1626 -0.0000
v -0.4357 0.1640 -0.0000
v -0.4442 0.1654 -0.0000
v -0.4513 0.1664 -0.0000
v -0.4560 0.1665 -0.0000
v -0.4594 0.1662 -0.0000
v -0.4627 0.1655 -0.0000
v -0.4659 0.1645 -0.0000
v -0.4690 0.1633 -0.0000
v -0.4719 0.1617 -0.0000
v -0.4746 0.1599 -0.0000
v -0.4771 0.1579 -0.0000
v -0.4794 0.1556 -0.0000
v -0.4815 0.1531 -0.0000
v -0.4834 0.1505 -0.0000
v -0.4850 0.1476 -0.0000
v -0.4863 0.1446 -0.0000
v -0.4873 0.1414 -0.0000
v -0.4879 0.1381 -0.0000
v -0.4883 0.1347 -0.0000
v -0.4884 0.1286 -0.0000
v -0.4883 0.1201 -0.0000
v -0.4883 0.1115 -0.0000
v -0.4883 0.1029 -0.0000
v -0.4883 0.0944 -0.0000
v -0.4882 0.0858 -0.0000
v -0.4882 0.0772 -0.0000
v -0.4882 0.0687 -0.0000
v -0.4882 0.0601 -0.0000
v -0.4881 0.0515 -0.0000
v -0.4881 0.0429 -0.0000
v -0.4881 0.0344 -0.0000
v -0.4880 0.0258 -0.0000
v -0.4880 0.0172 -0.0000
v -0.4880 0.0087 -0.0000
v -0.4880 0.0001 -0.0000
v -0.4879 -0.0085 -0.0000
v -0.4879 -0.0170 -0.0000
v -0.4879 -0.0256 -0.0000
v -0.4879 -0.0342 -0.0000
v -0.4878 -0.0427 -0.0000
v -0.4878 -0.0513 -0.0000
v -0.4878 -0.0599 -0.0000
v -0.4877 -0.0685 -0.0000
v -0.4877 -0.0770 -0.0000
v -0.4877 -0.0856 -0.0000
v -0.4877 -0.0942 -0.0000
v -0.4876 -0.1027 -0.0000
v -0.4876 -0.1113 -0.0000
v -0.4876 -0.1199 -0.0000
v -0.4875 -0.1259 -0.0000
v -0.4871 -0.1294 -0.0000
v -0.4865 -0.1328 -0.0000
v -0.4855 -0.1360 -0.0000
v -0.4842 -0.1392 -0.0000
v -0.4827 -0.1422 -0.0000
v -0.4809 -0.1451 -0.0000
v -0.4788 -0.1478 -0.0000
v -0.4766 -0.1502 -0.0000
v -0.4741 -0.1525 -0.0000
v -0.4715 -0.1545 -0.0000
v -0.4687 -0.1562 -0.0000
v -0.4657 -0.1576 -0.0000
v -0.4626 -0.1587 -0.0000
v -0.4594 -0.1594 -0.0000
v -0.4560 -0.1598 -0.0000
v -0.4529 -0.1598 -0.0000
v -0.4500 -0.1595 -0.0000
v -0.4444 -0.1585 -0.0000
v -0.4362 -0.1568 -0.0000
v -0.4279 -0.1552 -0.0000
v -0.4197 -0.1536 -0.0000
v -0.4115 -0.1519 -0.0000
v -0.4033 -0.1503 -0.0000
v -0.3951 -0.1487 -0.0000
v -0.3869 -0.1470 -0.0000
v -0.3786 -0.1454 -0.0000
v -0.3704 -0.1437 -0.0000
v -0.3622 -0.1421 -0.0000
v -0.3540 -0.1405 -0.0000
v -0.3458 -0.1388 -0.0000
v -0.3376 -0.1372 -0.0000
v -0.3293 -0.1356 -0.0000
v -0.3211 -0.1339 -0.0000
v -0.3129 -0.1323 -0.0000
v -0.3047 -0.1306 -0.0000
v -0.2965 -0.1290 -0.0000
v -0.2883 -0.1274 -0.0000
v -0.2801 -0.1257 -0.0000
v -0.2718 -0.1241 -0.0000
v -0.2636 -0.1225 -0.0000
v -0.2554 -0.1208 -0.0000
v -0.2472 -0.1192 -0.0000
v -0.2390 -0.1175 -0.0000
v -0.2308 -0.1159 -0.0000
v -0.2227 -0.1146 -0.0000
v -0.2146 -0.1135 -0.0000
v -0.2066 -0.1125 -0.0000
v -0.1986 -0.1115 -0.0000
v -0.1906 -0.1104 -0.0000
v -0.1826 -0.1094 -0.0000
v -0.1746 -0.1084 -0.0000
v -0.1666 -0.1074 -0.0000
v -0.1586 -0.1063 -0.0000
v -0.1506 -0.1053 -0.0000
v -0.1426 -0.1043 -0.0000
v -0.1346 -0.1032 -0.0000
v -0.1266 -0.1022 -0.0000
v -0.1227 -0.1059 -0.0000
v -0.1229 -0.1142 -0.0000
v -0.1231 -0.1226 -0.0000
v -0.1233 -0.1310 -0.0000
v -0.1235 -0.1393 -0.0000
v -0.1237 -0.1477 -0.0000
v -0.1239 -0.1560 -0.0000
v -0.1241 -0.1644 -0.0000
v -0.1244 -0.1728 -0.0000
v -0.1246 -0.1811 -0.0000
v -0.1248 -0.1895 -0.0000
v -0.1250 -0.1979 -0.0000
v -0.1257 -0.2063 -0.0000
v -0.1268 -0.2147 -0.0000
v -0.1279 -0.2231 -0.0000
v -0.1290 -0.2316 -0.0000
v -0.1301 -0.2400 -0.0000
v -0.1313 -0.2485 -0.0000
v -0.1324 -0.2569 -0.0000
v -0.1335 -0.2654 -0.0000
v -0.1346 -0.2738 -0.0000
v -0.1357 -0.2822 -0.0000
v -0.1368 -0.2907 -0.0000
v -0.1380 -0.2991 -0.0000
v -0.1391 -0.3076 -0.0000
v -0.1402 -0.3160 -0.0000
v -0.1413 -0.3245 -0.0000
v -0.1424 -0.3329 -0.0000
v -0.1436 -0.3414 -0.0000
v -0.1447 -0.3498 -0.0000
v -0.1458 -0.3582 -0.0000
v -0.1469 -0.3667 -0.0000
v -0.1480 -0.3751 -0.0000
v -0.1492 -0.3836 -0.0000
v -0.1503 -0.3920 -0.0000
v -0.1514 -0.4005 -0.0000
v -0.1525 -0.4089 -0.0000
v -0.1536 -0.4173 -0.0000
v -0.1548 -0.4258 -0.0000
v -0.1559 -0.4342 -0.0000
v -0.1570 -0.4427 -0.0000
v -0.1581 -0.4511 -0.0000
v -0.1592 -0.4596 -0.0000
v -0.1604 -0.4680 -0.0000
v -0.1615 -0.4764 -0.0000
v -0.1626 -0.4849 -0.0000
v -0.1637 -0.4933 -0.0000
v -0.1648 -0.5018 -0.0000
v -0.1660 -0.5102 -0.0000
v -0.1671 -0.5187 -0.0000
v -0.1682 -0.5271 -0.0000
v -0.1693 -0.5356 -0.0000
v -0.1704 -0.5440 -0.0000
v -0.1716 -0.5524 -0.0000
v -0.1727 -0.5609 -0.0000
v -0.1738 -0.5693 -0.0000
v -0.1749 -0.5778 -0.0000
v -0.1760 -0.5862 -0.0000
v -0.1772 -0.5947 -0.0000
v -0.1783 -0.6031 -0.0000
v -0.1794 -0.6115 -0.0000
v -0.1805 -0.6200 -0.0000
v -0.1816 -0.6284 -0.0000
v -0.1828 -0.6369 -0.0000
v -0.1839 -0.6453 -0.0000
v -0.1850 -0.6538 -0.0000
v -0.1861 -0.6622 -0.0000
v -0.1872 -0.6707 -0.0000
v -0.1884 -0.6791 -0.0000
v -0.1895 -0.6875 -0.0000
v -0.1906 -0.6960 -0.0000
v -0.1917 -0.7044 -0.0000
v -0.1928 -0.7129 -0.0000
v -0.1940 -0.7213 -0.0000
v -0.1951 -0.7298 -0.0000
v -0.1958 -0.7357 -0.0000
v -0.1957 -0.7396 -0.0000
v -0.1952 -0.7443 -0.0000
v -0.1942 -0.7491 -0.0000
v -0.1927 -0.7538 -0.0000
v -0.1909 -0.7584 -0.0000
v -0.1889 -0.7625 -0.0000
v -0.1866 -0.7661 -0.0000
v -0.1842 -0.7688 -0.0000
v -0.1815 -0.7707 -0.0000
v -0.1784 -0.7723 -0.0000
v -0.1746 -0.7737 -0.0000
v -0.1704 -0.7750 -0.0000
v -0.1659 -0.7761 -0.0000
v -0.1613 -0.7770 -0.0000
v -0.1568 -0.7776 -0.0000
v -0.1525 -0.7780 -0.0000
v -0.1462 -0.7780 -0.0000
v -0.1377 -0.7779 -0.0000
v -0.1291 -0.7779 -0.0000
v -0.1206 -0.7778 -0.0000
v -0.1121 -0.7778 -0.0000
v -0.1036 -0.7777 -0.0000
v -0.0951 -0.7776 -0.0000
v -0.0865 -0.7776 -0.0000
v -0.0780 -0.7775 -0.0000
v -0.0695 -0.7774 -0.0000
v -0.0610 -0.7774 -0.0000
v -0.0525 -0.7773 -0.0000
v -0.0439 -0.7772 -0.0000
v -0.0354 -0.7772 -0.0000
v -0.0269 -0.7771 -0.0000
v -0.0184 -0.7770 -0.0000
v -0.0099 -0.7770 -0.0000
v -0.0013 -0.7769 -0.0000
v 0.0072 -0.7768 -0.0000
v 0.0157 -0.7768 -0.0000
v 0.0242 -0.7767 -0.0000
v 0.0327 -0.7767 -0.0000
v 0.0412 -0.7766 -0.0000
v 0.0498 -0.7765 -0.0000
v 0.0583 -0.7765 -0.0000
v 0.0668 -0.7764 -0.0000
v 0.0753 -0.7763 -0.0000
v 0.0838 -0.7763 -0.0000
v 0.0924 -0.7762 -0.0000
v 0.1009 -0.7761 -0.0000
v 0.1094 -0.7761 -0.0000
v 0.1179 -0.7760 -0.0000
v 0.1264 -0.7759 -0.0000
v 0.1350 -0.7759 -0.0000
v 0.1435 -0.7758 -0.0000
v 0.1520 -0.7758 -0.0000
v 0.1605 -0.7757 -0.0000
v 0.1669 -0.7755 -0.0000
v 0.1711 -0.7751 -0.0000
v 0.1749 -0.7742 -0.0000
v 0.1785 -0.7729 -0.0000
v 0.1817 -0.7713 -0.0000
v 0.1846 -0.7694 -0.0000
v 0.1873 -0.7671 -0.0000
v 0.1896 -0.7646 -0.0000
v 0.1917 -0.7619 -0.0000
v 0.1935 -0.7589 -0.0000
v 0.1950 -0.7558 -0.0000
v 0.1962 -0.7524 -0.0000
v 0.1972 -0.7490 -0.0000
v 0.1979 -0.7454 -0.0000
v 0.1984 -0.7418 -0.0000
v 0.1987 -0.7381 -0.0000
v 0.1985 -0.7327 -0.0000
v 0.1978 -0.7248 -0.0000
v 0.1967 -0.7163 -0.0000
v 0.1957 -0.7077 -0.0000
v 0.1946 -0.6992 -0.0000
v 0.1936 -0.6907 -0.0000
v 0.1926 -0.6821 -0.0000
v 0.1915 -0.6736 -0.0000
v 0.1905 -0.6650 -0.0000
v 0.1895 -0.6565 -0.0000
v 0.1884 -0.6479 -0.0000
v 0.1874 -0.6394 -0.0000
v 0.1864 -0.6309 -0.0000
v 0.1853 -0.6223 -0.0000
v 0.1843 -0.6138 -0.0000
v 0.1832 -0.6052 -0.0000
v 0.1822 -0.5967 -0.0000
v 0.1812 -0.5881 -0.0000
v 0.1801 -0.5796 -0.0000
v 0.1791 -0.5711 -0.0000
v 0.1781 -0.5625 -0.0000
v 0.1770 -0.5540 -0.0000
v 0.1760 -0.5454 -0.0000
v 0.1750 -0.5369 -0.0000
v 0.1739 -0.5283 -0.0000
v 0.1729 -0.5198 -0.0000
v 0.1719 -0.5113 -0.0000
v 0.1708 -0.5027 -0.0000
v 0.1698 -0.4942 -0.0000
v 0.1687 -0.4856 -0.0000
v 0.1677 -0.4771 -0.0000
v 0.1667 -0.4685 -0.0000
v 0.1656 -0.4600 -0.0000
v 0.1646 -0.4515 -0.0000
v 0.1636 -0.4429 -0.0000
v 0.1625 -0.4344 -0.0000
v 0.1615 -0.4258 -0.0000
v 0.1605 -0.4173 -0.0000
v 0.1594 -0.4087 -0.0000
v 0.1584 -0.4002 -0.0000
v 0.1573 -0.3917 -0.0000
v 0.1563 -0.3831 -0.0000
v 0.1553 -0.3746 -0.0000
v 0.1542 -0.3660 -0.0000
v 0.1532 -0.3575 -0.0000
v 0.1522 -0.3489 -0.0000
v 0.1511 -0.3404 -0.0000
v 0.1501 -0.3319 -0.0000
v 0.1490 -0.3233 -0.0000
v 0.1480 -0.3148 -0.0000
v 0.1470 -0.3062 -0.0000
v 0.1459 -0.2977 -0.0000
v 0.1449 -0.2891 -0.0000
v 0.1439 -0.2806 -0.0000
v 0.1428 -0.2721 -0.0000
v 0.1418 -0.2635 -0.0000
v 0.1408 -0.2550 -0.0000
v 0.1397 -0.2464 -0.0000
v 0.1387 -0.2379 -0.0000
v 0.1376 -0.2293 -0.0000
v 0.1366 -0.2208 -0.0000
v 0.1356 -0.2123 -0.0000
v 0.1345 -0.2037 -0.0000
v 0.1335 -0.1952 -0.0000
v 0.1325 -0.1866 -0.0000
v 0.1314 -0.1781 -0.0000
v 0.1304 -0.1695 -0.0000
v 0.1294 -0.1610 -0.0000
v 0.1283 -0.1525 -0.0000
v 0.1273 -0.1439 -0.0000
v 0.1263 -0.1354 -0.0000
v 0.1257 -0.1302 -0.0000
v 0.1257 -0.1277 -0.0000
v 0.1262 -0.1242 -0.0000
v 0.1270 -0.1203 -0.0000
v 0.1281 -0.1164 -0.0000
v 0.1296 -0.1127 -0.0000
v 0.1312 -0.1093 -0.0000
v 0.1330 -0.1066 -0.0000
v 0.1349 -0.1047 -0.0000
v 0.1375 -0.1035 -0.0000
v 0.1409 -0.1027 -0.0000
v 0.1449 -0.1021 -0.0000
v 0.1492 -0.1018 -0.0000
v 0.1541 -0.1018 -0.0000
v 0.1594 -0.1023 -0.0000
v 0.1661 -0.1035 -0.0000
v 0.1745 -0.1051 -0.0000
v 0.1829 -0.1067 -0.0000
v 0.1912 -0.1084 -0.0000
v 0.1996 -0.1100 -0.0000
v 0.2080 -0.1117 -0.0000
v 0.2163 -0.1133 -0.0000
v 0.2247 -0.1150 -0.0000
v 0.2331 -0.1166 -0.0000
v 0.2415 -0.1183 -0.0000
v 0.2498 -0.1199 -0.0000
v 0.2582 -0.1216 -0.0000
v 0.2666 -0.1232 -0.0000
v 0.2749 -0.1249 -0.0000
v 0.2833 -0.1265 -0.0000
v 0.2917 -0.1281 -0.0000
v 0.3001 -0.1298 -0.0000
v 0.3084 -0.1314 -0.0000
v 0.3168 -0.1331 -0.0000
v 0.3252 -0.1347 -0.0000
v 0.3335 -0.1364 -0.0000
v 0.3419 -0.1380 -0.0000
v 0.3503 -0.1397 -0.0000
v 0.3587 -0.1413 -0.0000
v 0.3670 -0.1430 -0.0000
v 0.3754 -0.1446 -0.0000
v 0.3838 -0.1462 -0.0000
v 0.3921 -0.1479 -0.0000
v 0.4005 -0.1495 -0.0000
v 0.4089 -0.1512 -0.0000
v 0.4173 -0.1528 -0.0000
v 0.4256 -0.1545 -0.0000
v 0.4340 -0.1561 -0.0000
v 0.4396 -0.1571 -0.0000
v 0.4427 -0.1574 -0.0000
v 0.4463 -0.1574 -0.0000
v 0.4505 -0.1571 -0.0000
v 0.4549 -0.1565 -0.0000
v 0.4592 -0.1556 -0.0000
v 0.4634 -0.1545 -0.0000
v 0.4673 -0.1533 -0.0000
v 0.4708 -0.1519 -0.0000
v 0.4737 -0.1504 -0.0000
v 0.4761 -0.1484 -0.0000
v 0.4785 -0.1457 -0.0000
v 0.4808 -0.1422 -0.0000
v 0.4830 -0.1382 -0.0000
v 0.4849 -0.1339 -0.0000
v 0.4865 -0.1295 -0.0000
v 0.4876 -0.1253 -0.0000
v 0.4882 -0.1215 -0.0000
f 7305 2680 7304
f 2680 7303 7304
f 2680 7301 7302
f 2680 7302 7303
f 2680 7300 7301
f 7306 287 7305
f 7308 287 7307
f 7309 287 7308
f 7311 2683 7310
f 7312 2684 7311
f 7310 2683 7309
f 7307 287 7306
f 2689 7312 7313
f 7298 7299 2680
f 7299 7300 2680
f 2682 7298 2680
f 2682 7295 7296
f 7296 7297 2682
f 7298 2682 7297
f 2682 2680 390
f 2680 287 390
f 287 2683 392
f 287 7309 2683
f 7312 2689 2684
f 2684 2683 7311
f 2689 7313 7314
f 2683 2684 392
f 392 395 2637
f 392 2684 395
f 2689 396 395
f 396 2689 7314
f 2684 2689 395
f 395 396 2638
f 7314 7315 396
f 287 392 390
f 7305 287 2680
f 390 392 505
f 7426 150 7425
f 7427 150 7426
f 7424 7425 150
f 7423 7424 150
f 7422 7423 185
f 7427 85 150
f 7430 2695 7429
f 7431 2695 7430
f 7421 7422 185
f 7428 85 7427
f 7419 7420 2696
f 7421 2696 7420
f 85 7428 7429
f 150 185 7423
f 7315 7316 399
f 399 7316 7317
f 7318 7319 401
f 7319 7320 2690
f 7317 7318 401
f 7315 399 396
f 302 7418 7419
f 2698 7417 7418
f 2698 7416 7417
f 2691 7321 7322
f 2697 7415 7416
f 2697 7414 7415
f 2690 7320 7321
f 2695 7431 7432
f 2691 7322 7323
f 7293 7294 2682
f 7294 7295 2682
f 7293 2682 7292
f 7292 2682 7291
f 500 505 834
f 7291 2682 500
f 390 500 2682
f 7291 500 2862
f 505 500 390
f 2640 2639 399
f 401 399 7317
f 2690 7321 2691
f 401 2640 399
f 2637 2638 838
f 395 2638 2637
f 2642 2690 2691
f 2638 396 2639
f 401 2690 2641
f 2638 2639 841
f 401 7319 2690
f 505 392 2637
f 396 399 2639
f 505 2637 836
f 7289 7290 2862
f 834 505 836
f 2681 7289 2862
f 834 836 1006
f 834 2862 500
f 838 841 1010
f 841 838 2638
f 836 2637 838
f 836 838 1007
f 2862 7290 7291
f 2681 2862 834
f 2640 2641 846
f 2641 2640 401
f 2642 2643 850
f 2643 2642 2691
f 2641 2690 2642
f 2641 2642 848
f 843 846 1015
f 846 843 2640
f 848 850 1021
f 850 848 2642
f 846 2641 848
f 846 848 1018
f 2643 853 850
f 843 841 2639
f 2640 843 2639
f 841 843 1012
f 7323 2643 2691
f 2644 7324 7325
f 2644 7325 7326
f 7326 2645 2644
f 2645 7326 7327
f 2645 7328 2692
f 7328 2645 7327
f 855 2644 2645
f 2644 853 2643
f 2693 2692 7329
f 2693 7329 7330
f 7330 7331 2693
f 7333 2694 7332
f 7331 7332 2694
f 864 7333 7334
f 866 7334 7335
f 7329 2692 7328
f 857 2645 2692
f 853 2644 855
f 2692 2693 857
f 2693 7331 2694
f 860 2693 2694
f 855 857 1028
f 855 2645 857
f 860 864 1035
f 864 860 2694
f 857 2693 860
f 857 860 1032
f 7333 864 2694
f 853 855 1025
f 7336 7337 868
f 7337 7338 868
f 2711 868 7338
f 866 868 1040
f 866 7336 868
f 2711 7339 7340
f 2711 7338 7339
f 7341 2710 7340
f 864 7334 866
f 7336 866 7335
f 864 866 1036
f 2644 2643 7324
f 2643 7323 7324
f 850 853 1023
f 7433 7434 2695
f 85 2695 49
f 2695 85 7429
f 185 2696 7421
f 85 151 150
f 2696 242 302
f 242 2696 185
f 151 185 150
f 302 2698 7418
f 2695 7434 49
f 7419 2696 302
f 49 7436 7437
f 49 7437 7438
f 85 87 151
f 49 7435 7436
f 189 242 185
f 151 189 185
f 87 85 49
f 7434 7435 49
f 302 242 304
f 365 302 304
f 7412 7413 2699
f 7416 2698 2697
f 7411 7412 2699
f 626 7410 7411
f 626 7408 7409
f 7409 7410 626
f 7414 2697 478
f 626 7411 2699
f 7413 478 2699
f 2697 422 478
f 478 552 2699
f 2697 2698 365
f 626 2699 552
f 7406 7407 2867
f 2867 7407 7408
f 626 685 7408
f 7408 685 2867
f 7406 2867 2700
f 365 422 2697
f 7414 478 7413
f 2698 302 365
f 49 7438 51
f 2695 7432 7433
f 7439 7440 51
f 51 7440 7441
f 51 87 49
f 242 189 243
f 151 152 189
f 189 191 243
f 191 189 152
f 152 87 89
f 243 304 242
f 87 51 89
f 51 7438 7439
f 7442 53 51
f 53 7442 7443
f 53 89 51
f 152 89 153
f 152 153 191
f 191 196 244
f 196 191 153
f 153 89 92
f 191 244 243
f 89 53 92
f 7441 7442 51
f 243 244 306
f 366 422 365
f 366 304 306
f 479 422 424
f 478 422 479
f 685 28 2867
f 552 628 626
f 2867 28 2700
f 628 685 626
f 478 479 552
f 479 554 552
f 422 366 424
f 304 366 365
f 479 424 480
f 366 368 424
f 424 426 480
f 426 424 368
f 368 306 308
f 480 554 479
f 687 685 628
f 685 687 28
f 628 630 687
f 554 630 628
f 552 554 628
f 91 28 29
f 28 687 29
f 366 306 368
f 304 243 306
f 2700 28 88
f 306 244 308
f 151 87 152
f 7406 2700 7405
f 2701 7403 7404
f 7402 7403 2701
f 7401 7402 252
f 350 7399 7400
f 7401 252 7400
f 7404 7405 88
f 252 2701 172
f 252 7402 2701
f 252 350 7400
f 7399 350 7398
f 7397 7398 2702
f 497 7395 7396
f 2702 7396 7397
f 7398 350 2702
f 172 2701 88
f 2701 7404 88
f 2700 88 7405
f 7394 7395 2705
f 7393 7394 2705
f 2712 7342 7343
f 2712 7343 7344
f 7392 7393 2703
f 731 7390 7391
f 7388 7389 2704
f 7390 2704 7389
f 2703 7391 7392
f 759 7386 7387
f 7387 7388 759
f 2703 7393 2705
f 2705 7395 497
f 7342 2710 7341
f 7396 2702 497
f 2702 350 425
f 497 2702 425
f 2705 593 2703
f 2705 497 593
f 2868 7384 7385
f 759 7388 2704
f 7384 2868 7383
f 731 7391 2703
f 252 254 350
f 252 172 254
f 351 425 350
f 254 351 350
f 663 731 2703
f 2704 731 710
f 593 663 2703
f 498 593 497
f 759 2704 710
f 7390 731 2704
f 770 2868 7385
f 890 2708 2868
f 7385 759 770
f 7385 7386 759
f 173 172 91
f 173 254 172
f 172 88 91
f 7383 2868 2708
f 7381 2706 7380
f 2706 7379 7380
f 7379 298 7378
f 406 7376 7377
f 298 7377 7378
f 7381 7382 77
f 2707 7374 7375
f 7376 406 7375
f 425 498 497
f 2706 7381 77
f 7373 7374 2707
f 625 7372 7373
f 2709 7370 7371
f 7371 7372 2709
f 7379 2706 298
f 7382 7383 2708
f 7382 2708 77
f 28 91 88
f 554 480 557
f 1053 7344 7345
f 1004 7287 7288
f 2681 7288 7289
f 2863 7287 1004
f 2685 7284 7285
f 7286 2863 7285
f 2863 7286 7287
f 2685 7285 2863
f 1004 7288 2681
f 1004 1006 888
f 1004 2681 834
f 1004 834 1006
f 1006 1007 891
f 1061 2685 888
f 2685 2863 888
f 888 891 1062
f 894 891 1007
f 888 1006 891
f 1061 7284 2685
f 1007 1010 894
f 888 2863 1004
f 1007 1006 836
f 1064 891 894
f 7282 7283 2864
f 7283 7284 2864
f 7282 2864 2686
f 871 7280 7281
f 2686 871 7281
f 7280 871 2865
f 7281 7282 2686
f 7280 2865 7279
f 2864 1103 2686
f 1103 871 2686
f 1103 1061 1062
f 1103 1062 1104
f 1064 1062 891
f 1061 888 1062
f 1104 1062 1064
f 2865 871 1055
f 871 1103 872
f 1104 874 872
f 1106 874 1104
f 1103 1104 872
f 1055 871 872
f 1106 1104 1064
f 1103 2864 1061
f 7284 1061 2864
f 874 1056 872
f 1064 894 1066
f 1010 1012 898
f 1007 838 1010
f 1010 841 1012
f 1012 1015 903
f 1066 898 1068
f 1066 894 898
f 1068 903 1070
f 903 1068 898
f 898 1012 903
f 1066 1068 1109
f 1015 908 903
f 1066 1106 1064
f 1018 1021 912
f 1015 846 1018
f 1018 848 1021
f 1021 1023 913
f 1072 1070 908
f 908 1070 903
f 1072 908 912
f 913 912 1021
f 908 1018 912
f 1074 912 913
f 913 916 1075
f 1018 908 1015
f 843 1015 1012
f 1068 1070 1111
f 1106 1109 876
f 1106 1066 1109
f 1109 1068 1111
f 1109 1111 877
f 1058 874 876
f 876 1109 877
f 879 1115 881
f 879 877 1111
f 1115 879 1111
f 1059 876 877
f 1070 1115 1111
f 1106 876 874
f 1118 881 1115
f 1118 1072 1074
f 1118 1074 1121
f 1075 1074 913
f 1072 912 1074
f 1121 1074 1075
f 1063 879 881
f 881 1118 884
f 1121 886 884
f 1123 886 1121
f 1118 1121 884
f 1065 881 884
f 1121 1075 1123
f 1118 1115 1072
f 1115 1070 1072
f 1060 877 879
f 913 1023 916
f 894 1010 898
f 1023 1021 850
f 1069 884 886
f 7279 2865 7278
f 2865 2687 7278
f 7278 2687 7277
f 7275 7276 2688
f 7276 1194 2688
f 7277 1194 7276
f 2866 7275 2688
f 7277 2687 1194
f 1196 1194 1055
f 1055 1194 2687
f 2687 2865 1055
f 1196 1055 1056
f 1 1196 2
f 1196 1 1194
f 617 2 3
f 1197 2 1196
f 1196 1056 1197
f 1 2 615
f 1056 1058 1197
f 1194 1 2688
f 1056 1055 872
f 2866 2688 1
f 7273 7274 2866
f 2866 7274 7275
f 7273 2866 2871
f 2719 7270 7271
f 7272 2871 7271
f 2871 7272 7273
f 2719 7271 2871
f 2866 613 2871
f 2521 2719 2871
f 2521 613 615
f 2521 615 2525
f 613 1 615
f 2866 1 613
f 2525 615 617
f 2719 2611 7270
f 2719 2521 2611
f 2616 2525 2617
f 2611 2521 2616
f 2521 2525 2616
f 2611 2616 2357
f 617 2527 2525
f 2521 2871 613
f 2 617 615
f 7270 2611 2873
f 2 1197 3
f 1058 1059 1199
f 1056 874 1058
f 1058 876 1059
f 1059 1060 1200
f 3 1199 4
f 3 1197 1199
f 4 1200 5
f 1200 4 1199
f 1199 1059 1200
f 3 4 620
f 1060 1202 1200
f 617 3 620
f 1203 1202 1063
f 1063 1202 1060
f 1203 1063 1065
f 1063 881 1065
f 879 1063 1060
f 1205 1065 1069
f 5 6 622
f 5 1202 6
f 6 1203 7
f 1205 1203 1065
f 1202 1203 6
f 7 1203 1205
f 1205 1206 9
f 1202 5 1200
f 877 1060 1059
f 4 5 621
f 2533 2527 620
f 2527 617 620
f 620 4 621
f 2533 620 621
f 2617 2619 2362
f 2617 2527 2619
f 2619 2533 2621
f 2535 2533 621
f 2527 2533 2619
f 2535 2621 2533
f 621 622 2535
f 2617 2525 2527
f 622 623 2541
f 622 6 623
f 623 7 624
f 9 7 1205
f 621 5 622
f 624 7 9
f 2622 2535 2541
f 2541 623 2546
f 624 2552 2546
f 632 2552 624
f 623 624 2546
f 2627 2541 2546
f 632 624 9
f 622 2541 2535
f 623 6 7
f 2552 2631 2546
f 1206 1205 1069
f 1197 1058 1199
f 884 1069 1065
f 2616 2617 2361
f 1071 1069 886
f 919 916 1025
f 1025 916 1023
f 1025 855 1028
f 919 1025 1028
f 1077 919 1079
f 919 1077 916
f 1081 1079 922
f 922 1079 919
f 919 1028 922
f 1077 1079 1124
f 1028 1032 922
f 1077 1123 1075
f 1032 1035 924
f 1032 860 1035
f 1035 864 1036
f 1035 1036 927
f 1081 922 924
f 924 1035 927
f 1087 931 936
f 931 927 1036
f 1040 931 1036
f 1083 924 927
f 866 1040 1036
f 1032 924 922
f 857 1032 1028
f 1086 927 931
f 1077 1124 1123
f 1079 1081 1127
f 1079 1127 1124
f 1123 1124 889
f 889 895 1073
f 889 1124 895
f 1127 900 895
f 1131 900 1127
f 1124 1127 895
f 895 900 1076
f 1127 1081 1131
f 889 1071 886
f 1133 1131 1083
f 1083 1131 1081
f 1133 1083 1086
f 1087 1086 931
f 1083 927 1086
f 1136 1086 1087
f 905 1133 910
f 1133 905 1131
f 914 910 1136
f 1136 910 1133
f 1133 1086 1136
f 905 910 1067
f 1136 1087 1139
f 1131 905 900
f 1081 924 1083
f 900 905 1078
f 931 1040 936
f 886 1123 889
f 1048 1043 2711
f 1043 1040 868
f 2711 7340 2710
f 1048 2711 2710
f 936 940 1090
f 936 1043 940
f 1048 944 940
f 1051 944 1048
f 1043 1048 940
f 940 944 1093
f 1048 2710 1051
f 1043 936 1040
f 2712 7344 1053
f 2712 2710 7342
f 1057 7346 7347
f 1051 948 944
f 948 1051 1053
f 948 1053 951
f 1057 1053 7346
f 1051 2712 1053
f 951 1053 1057
f 951 1057 955
f 2712 1051 2710
f 1023 853 1025
f 944 948 1095
f 1140 1139 1090
f 1139 1087 1090
f 1090 940 1093
f 1140 1090 1093
f 914 917 1101
f 914 1139 917
f 1140 921 917
f 1143 921 1140
f 1139 1140 917
f 917 921 1108
f 1140 1093 1143
f 914 1136 1139
f 1095 1099 1146
f 1095 948 1099
f 951 1102 1099
f 955 1102 951
f 1093 944 1095
f 1099 1102 1148
f 1143 925 921
f 925 1143 1146
f 925 1146 929
f 1148 1146 1099
f 1143 1095 1146
f 929 1146 1148
f 1148 1151 932
f 1095 1143 1093
f 1099 948 951
f 921 925 1113
f 1148 1102 1151
f 1087 936 1090
f 1043 868 2711
f 910 914 1098
f 1208 1206 1071
f 1206 1069 1071
f 1071 889 1073
f 1208 1071 1073
f 12 1208 15
f 1208 12 1206
f 17 15 1209
f 1209 15 1208
f 1208 1073 1209
f 12 15 641
f 1073 1076 1209
f 12 632 9
f 1076 1078 1211
f 1076 900 1078
f 1078 905 1067
f 1078 1067 1213
f 17 1209 1211
f 1211 1078 1213
f 22 1215 1217
f 1215 1213 1067
f 1098 1215 1067
f 20 1211 1213
f 910 1098 1067
f 1076 1211 1209
f 895 1076 1073
f 21 1213 1215
f 12 641 632
f 15 17 2352
f 15 2352 641
f 632 641 2561
f 2634 2552 2561
f 2561 641 2567
f 2352 2574 2567
f 2355 2574 2352
f 641 2352 2567
f 2636 2561 2567
f 2352 17 2355
f 632 2561 2552
f 2358 2355 20
f 20 2355 17
f 2358 20 21
f 22 21 1215
f 20 1213 21
f 2364 21 22
f 2579 2358 2576
f 2358 2579 2355
f 2576 2364 2582
f 2364 2576 2358
f 2358 21 2364
f 2623 2574 2579
f 22 2370 2364
f 2355 2579 2574
f 17 1211 20
f 2635 2567 2574
f 1215 1098 1217
f 12 9 1206
f 1218 1217 1101
f 1101 1217 1098
f 1101 917 1108
f 1218 1101 1108
f 23 1218 24
f 1218 23 1217
f 25 24 1220
f 1220 24 1218
f 1218 1108 1220
f 23 24 2375
f 1108 1113 1220
f 23 2370 22
f 1113 1117 1222
f 1113 925 1117
f 1117 929 926
f 932 929 1148
f 1108 921 1113
f 926 929 932
f 25 1220 1222
f 1222 1117 1224
f 926 1226 1224
f 930 1226 926
f 1117 926 1224
f 26 1222 1224
f 930 926 932
f 1113 1222 1220
f 1098 914 1101
f 27 1224 1226
f 23 2375 2370
f 24 25 2380
f 24 2380 2375
f 2370 2375 2586
f 2632 2576 2582
f 2582 2370 2586
f 2555 2380 2559
f 2555 2586 2375
f 2380 2555 2375
f 2625 2582 2586
f 25 2385 2380
f 2582 2364 2370
f 2385 26 2389
f 26 2385 25
f 2389 27 2393
f 27 2389 26
f 26 1224 27
f 2385 2389 2565
f 2630 2555 2559
f 2559 2385 2565
f 2570 2393 2573
f 2570 2565 2389
f 2393 2570 2389
f 2253 2559 2565
f 2393 27 30
f 2385 2559 2380
f 25 1222 26
f 2626 2586 2555
f 30 27 1226
f 22 1217 23
f 1117 925 929
f 2628 2579 2576
f 1057 7347 7348
f 1075 916 1077
f 7345 7346 1053
f 2570 2254 2565
f 7444 55 53
f 55 7444 7445
f 55 92 53
f 153 92 154
f 153 154 196
f 196 197 245
f 197 196 154
f 154 92 94
f 245 308 244
f 92 55 94
f 245 244 196
f 7446 56 55
f 56 7446 7447
f 56 94 55
f 154 94 155
f 154 155 197
f 197 200 246
f 200 197 155
f 155 94 97
f 197 246 245
f 94 56 97
f 7445 7446 55
f 245 246 310
f 370 426 368
f 370 308 310
f 480 482 557
f 480 426 482
f 688 687 630
f 687 688 29
f 630 633 688
f 557 633 630
f 554 557 630
f 29 688 31
f 430 426 370
f 308 370 368
f 426 430 482
f 370 310 371
f 559 482 484
f 430 370 371
f 371 310 312
f 430 484 482
f 690 688 633
f 688 690 31
f 633 635 690
f 559 635 633
f 557 559 633
f 31 690 32
f 434 430 371
f 559 557 482
f 308 245 310
f 29 31 93
f 310 246 312
f 53 7443 7444
f 7448 57 56
f 57 7448 7449
f 57 97 56
f 155 97 156
f 155 156 200
f 200 202 247
f 202 200 156
f 156 97 100
f 247 312 246
f 97 57 100
f 246 200 247
f 7450 58 57
f 58 7450 7451
f 58 100 57
f 156 100 157
f 156 157 202
f 202 204 248
f 204 202 157
f 157 100 104
f 202 248 247
f 100 58 104
f 7449 7450 57
f 247 248 314
f 430 434 484
f 312 374 371
f 371 374 434
f 560 484 486
f 691 690 635
f 690 691 32
f 635 637 691
f 637 635 560
f 559 560 635
f 32 691 34
f 484 434 486
f 560 559 484
f 439 434 374
f 434 439 486
f 374 375 439
f 314 375 374
f 374 312 314
f 563 486 488
f 693 691 637
f 691 693 34
f 637 639 693
f 563 639 637
f 560 563 637
f 105 34 35
f 488 486 439
f 563 560 486
f 312 247 314
f 32 34 101
f 34 693 35
f 7448 56 7447
f 31 32 98
f 255 173 174
f 173 91 93
f 174 173 93
f 255 351 254
f 428 425 351
f 425 428 498
f 498 501 595
f 501 498 428
f 428 351 352
f 595 663 593
f 351 255 352
f 255 254 173
f 258 174 175
f 98 174 93
f 175 174 98
f 258 352 255
f 429 428 352
f 428 429 501
f 501 503 596
f 503 501 429
f 429 352 353
f 501 596 595
f 352 258 353
f 258 255 174
f 93 31 98
f 595 596 664
f 732 710 731
f 732 663 664
f 761 710 712
f 732 731 663
f 890 2868 770
f 2708 890 77
f 770 772 890
f 772 770 761
f 759 761 770
f 77 890 78
f 710 732 712
f 761 759 710
f 761 712 762
f 732 733 712
f 712 713 762
f 713 712 733
f 733 664 665
f 762 772 761
f 77 78 184
f 772 893 890
f 78 893 79
f 78 890 893
f 893 772 774
f 184 78 186
f 772 762 774
f 732 664 733
f 663 595 664
f 184 298 2706
f 664 596 665
f 595 593 498
f 261 175 176
f 101 175 98
f 176 175 101
f 261 353 258
f 596 503 597
f 429 432 503
f 506 503 432
f 597 665 596
f 432 353 354
f 733 665 734
f 353 261 354
f 429 353 432
f 432 354 436
f 261 265 354
f 176 177 265
f 105 177 176
f 176 101 105
f 436 354 355
f 597 506 599
f 597 503 506
f 506 508 599
f 436 508 506
f 432 436 506
f 665 597 666
f 355 354 265
f 261 176 265
f 101 34 105
f 666 597 599
f 764 713 715
f 713 733 734
f 715 713 734
f 764 774 762
f 78 79 186
f 774 896 893
f 79 896 80
f 79 893 896
f 896 774 775
f 186 79 188
f 774 764 775
f 713 764 762
f 764 715 766
f 734 735 715
f 715 717 766
f 735 717 715
f 735 666 667
f 766 775 764
f 79 80 188
f 775 899 896
f 80 899 81
f 80 896 899
f 899 775 777
f 190 188 80
f 777 775 766
f 734 666 735
f 734 665 666
f 186 188 300
f 667 666 599
f 258 175 261
f 98 32 101
f 184 186 299
f 314 248 316
f 93 91 29
f 58 7452 59
f 59 7452 7453
f 157 104 158
f 157 158 204
f 104 107 158
f 107 104 59
f 58 59 104
f 204 158 205
f 7453 7454 59
f 248 204 249
f 7454 7455 61
f 61 7455 7456
f 61 107 59
f 204 205 249
f 107 159 158
f 317 249 250
f 205 158 159
f 159 107 110
f 205 250 249
f 107 61 110
f 59 7454 61
f 249 316 248
f 442 375 376
f 375 314 316
f 376 375 316
f 442 488 439
f 565 563 488
f 563 565 639
f 642 639 565
f 695 35 693
f 565 488 490
f 695 693 639
f 488 442 490
f 442 439 375
f 565 490 568
f 442 444 490
f 376 377 444
f 317 377 376
f 376 316 317
f 568 490 491
f 695 642 697
f 695 639 642
f 642 644 697
f 568 644 642
f 565 568 642
f 35 695 36
f 491 490 444
f 442 376 444
f 316 249 317
f 697 36 695
f 205 159 208
f 7452 58 7451
f 7456 7457 62
f 62 7457 7458
f 62 110 61
f 205 208 250
f 110 160 159
f 250 208 251
f 208 159 160
f 160 110 113
f 209 208 160
f 110 62 113
f 61 7456 62
f 7458 7459 64
f 64 7459 7460
f 64 113 62
f 208 209 251
f 113 161 160
f 251 209 253
f 209 160 161
f 161 113 117
f 212 253 209
f 113 64 117
f 62 7458 64
f 250 251 319
f 447 377 378
f 377 317 319
f 378 377 319
f 447 491 444
f 569 568 491
f 568 569 644
f 644 645 698
f 645 644 569
f 569 491 492
f 644 698 697
f 491 447 492
f 447 444 377
f 448 378 379
f 322 378 319
f 494 492 448
f 378 322 379
f 319 251 322
f 448 492 447
f 571 569 492
f 569 571 645
f 645 647 700
f 571 647 645
f 571 492 494
f 645 700 698
f 40 700 42
f 448 447 378
f 251 253 322
f 38 697 698
f 209 161 212
f 319 317 250
f 40 698 700
f 268 177 178
f 177 105 109
f 178 177 109
f 268 355 265
f 438 436 355
f 436 438 508
f 508 510 600
f 510 508 438
f 438 355 356
f 600 667 599
f 355 268 356
f 268 265 177
f 112 178 109
f 112 36 38
f 270 178 179
f 112 109 36
f 443 438 356
f 438 443 510
f 356 357 443
f 357 356 270
f 268 270 356
f 602 510 511
f 178 112 179
f 270 268 178
f 109 35 36
f 600 510 602
f 736 717 735
f 736 667 668
f 768 717 719
f 736 735 667
f 902 899 777
f 899 902 81
f 777 779 902
f 779 777 768
f 766 768 777
f 81 902 82
f 717 736 719
f 768 766 717
f 737 736 668
f 736 737 719
f 668 669 737
f 669 668 602
f 667 600 668
f 769 719 720
f 906 902 779
f 902 906 82
f 779 781 906
f 781 779 769
f 768 769 779
f 82 906 83
f 719 737 720
f 769 768 719
f 600 602 668
f 190 80 81
f 510 443 511
f 600 599 508
f 115 179 112
f 115 38 40
f 273 179 180
f 115 112 38
f 445 443 357
f 443 445 511
f 357 358 445
f 358 357 273
f 270 273 357
f 511 445 513
f 179 115 180
f 273 270 179
f 273 180 276
f 115 120 180
f 180 181 276
f 120 181 180
f 120 40 42
f 276 358 273
f 511 513 603
f 358 449 445
f 605 513 516
f 513 445 449
f 449 358 359
f 603 513 605
f 359 358 276
f 115 40 120
f 38 698 40
f 603 669 602
f 738 720 737
f 738 669 670
f 771 720 721
f 738 737 669
f 907 906 781
f 906 907 83
f 781 783 907
f 783 781 771
f 769 771 781
f 83 907 84
f 720 738 721
f 771 769 720
f 739 738 670
f 738 739 721
f 670 671 739
f 605 671 670
f 669 603 670
f 773 721 722
f 911 907 783
f 907 911 84
f 783 785 911
f 773 785 783
f 771 773 783
f 201 84 86
f 722 721 739
f 773 771 721
f 603 605 670
f 194 82 83
f 516 513 449
f 603 602 511
f 36 697 38
f 193 81 82
f 84 911 86
f 109 105 35
f 198 83 84
f 406 2707 7375
f 406 298 299
f 625 2707 518
f 625 7373 2707
f 2713 7368 7369
f 2709 625 260
f 2869 7370 2709
f 625 2709 7372
f 7369 7370 2869
f 2707 406 518
f 408 518 406
f 408 299 300
f 627 518 520
f 625 518 627
f 2869 2713 7369
f 391 2713 2869
f 2652 2713 391
f 2869 2709 260
f 627 260 625
f 2869 260 391
f 518 408 520
f 406 299 408
f 184 299 298
f 7368 2713 2652
f 7366 7367 2714
f 7364 7365 1160
f 7362 7363 1160
f 676 2715 7361
f 1160 7363 7364
f 7365 7366 2714
f 1160 2714 2675
f 2652 2714 7367
f 2715 7360 7361
f 1160 676 7362
f 2652 2675 2714
f 7362 676 7361
f 7359 7360 2870
f 7358 2870 95
f 2870 7358 7359
f 7360 2715 2870
f 2715 749 2870
f 1160 7365 2714
f 7367 7368 2652
f 263 260 627
f 410 520 408
f 410 300 301
f 629 520 522
f 627 520 629
f 391 263 393
f 260 263 391
f 263 266 393
f 266 263 629
f 629 263 627
f 391 393 2655
f 520 410 522
f 408 300 410
f 412 301 303
f 301 300 188
f 303 301 190
f 412 522 410
f 631 629 522
f 629 631 266
f 266 269 394
f 269 266 631
f 631 522 523
f 266 394 393
f 522 412 523
f 412 410 301
f 299 186 300
f 393 394 2647
f 2675 2655 2676
f 2675 2652 2655
f 2676 2655 2647
f 2675 2676 1161
f 749 2715 676
f 2870 749 95
f 676 678 749
f 1161 678 676
f 1160 1161 676
f 95 749 99
f 1161 2676 1164
f 1161 1160 2675
f 1161 1164 678
f 2676 2647 2677
f 680 1164 1166
f 1164 2676 2677
f 2677 2647 2648
f 678 1164 680
f 99 750 102
f 99 749 750
f 750 751 102
f 751 750 680
f 750 678 680
f 217 95 99
f 1164 2677 1166
f 750 749 678
f 2655 393 2647
f 7358 95 7357
f 2647 394 2648
f 2655 2652 391
f 301 188 190
f 220 99 102
f 7356 7357 2716
f 7355 7356 2716
f 2718 7352 7353
f 7353 7354 2718
f 7355 320 7354
f 1057 7348 793
f 320 2718 7354
f 320 2716 217
f 2718 2649 7352
f 7351 7352 2649
f 7350 7351 2717
f 793 7349 795
f 2717 7349 7350
f 2717 7351 2649
f 2717 795 7349
f 320 7355 2716
f 95 2716 7357
f 7348 7349 793
f 1107 955 957
f 955 1057 793
f 957 955 793
f 1107 1151 1102
f 937 932 1151
f 930 932 937
f 2397 2393 30
f 2573 2393 2397
f 1226 1227 30
f 1227 1226 930
f 1107 1153 1151
f 1107 1102 955
f 1151 1153 937
f 1110 1153 1107
f 937 941 934
f 1153 941 937
f 1110 1107 957
f 934 1227 930
f 33 30 1227
f 30 33 2397
f 2397 2400 2577
f 33 2400 2397
f 33 1227 1230
f 2397 2577 2573
f 1230 1227 934
f 934 930 937
f 957 793 795
f 2255 2570 2573
f 433 2718 320
f 2718 433 2649
f 320 217 324
f 320 324 433
f 885 2649 2650
f 959 957 795
f 957 959 1110
f 795 797 959
f 797 795 885
f 2717 885 795
f 1114 1110 959
f 2649 433 2650
f 885 2717 2649
f 324 220 328
f 220 324 217
f 2653 2650 437
f 328 437 324
f 328 220 223
f 437 2650 433
f 887 885 2650
f 885 887 797
f 797 799 961
f 887 799 797
f 887 2650 2653
f 797 961 959
f 1114 961 1116
f 437 433 324
f 95 217 2716
f 1114 959 961
f 935 941 943
f 941 1153 1155
f 943 941 1155
f 935 1230 934
f 37 33 1230
f 33 37 2400
f 2400 2403 2583
f 2403 2400 37
f 37 1230 1232
f 2400 2583 2577
f 1230 935 1232
f 935 934 941
f 1157 1155 1114
f 1155 1157 943
f 943 946 938
f 1157 946 943
f 1157 1114 1116
f 938 1232 935
f 39 37 1232
f 37 39 2403
f 2403 2406 2587
f 39 2406 2403
f 39 1232 1233
f 2403 2587 2583
f 1233 1232 938
f 938 935 943
f 1155 1110 1114
f 2259 2577 2583
f 328 441 437
f 1155 1153 1110
f 99 220 217
f 2257 2573 2577
f 220 102 223
f 298 406 7377
f 414 303 305
f 193 303 190
f 305 303 193
f 414 523 412
f 394 269 397
f 631 634 269
f 269 272 397
f 272 269 634
f 634 523 525
f 397 2648 394
f 523 414 525
f 631 523 634
f 415 305 307
f 194 305 193
f 307 305 194
f 415 525 414
f 636 634 525
f 634 636 272
f 272 274 398
f 274 272 636
f 636 525 526
f 272 398 397
f 525 415 526
f 415 414 305
f 193 82 194
f 397 398 2651
f 551 1166 2677
f 551 2648 2651
f 682 1166 1168
f 680 1166 682
f 328 223 332
f 102 106 223
f 751 752 106
f 752 751 682
f 680 682 751
f 223 106 225
f 1166 551 1168
f 102 751 106
f 682 1168 683
f 551 553 1168
f 1168 1170 683
f 1170 1168 553
f 553 2651 2654
f 683 752 682
f 223 225 332
f 752 111 106
f 225 111 228
f 225 106 111
f 111 752 753
f 332 225 335
f 752 683 753
f 551 2651 553
f 2648 397 2651
f 332 441 328
f 2651 398 2654
f 2677 2648 551
f 417 307 309
f 198 307 194
f 309 307 198
f 417 526 415
f 398 274 400
f 636 638 274
f 277 274 638
f 400 2654 398
f 638 526 529
f 553 2654 555
f 526 417 529
f 636 526 638
f 638 529 640
f 417 418 529
f 309 311 418
f 201 311 309
f 309 198 201
f 640 529 531
f 400 277 402
f 274 277 400
f 277 280 402
f 640 280 277
f 640 277 638
f 2654 400 2657
f 531 529 418
f 417 309 418
f 198 84 201
f 2657 400 402
f 686 1170 1172
f 1170 553 555
f 1172 1170 555
f 686 753 683
f 225 228 335
f 753 116 111
f 228 116 230
f 228 111 116
f 116 753 754
f 335 228 338
f 753 686 754
f 1170 686 683
f 686 1172 689
f 555 558 1172
f 1172 1175 689
f 754 689 755
f 558 2657 2658
f 689 754 686
f 228 230 338
f 754 122 116
f 340 230 234
f 230 116 122
f 122 754 755
f 338 230 340
f 122 234 230
f 555 2657 558
f 555 2654 2657
f 335 338 450
f 2658 2657 402
f 415 307 417
f 194 83 198
f 332 335 446
f 2653 441 2656
f 2653 437 441
f 2656 441 446
f 2653 2656 892
f 963 961 799
f 961 963 1116
f 799 800 963
f 892 800 799
f 887 892 799
f 1116 963 1120
f 892 2656 897
f 892 887 2653
f 2659 897 2656
f 2659 446 450
f 802 897 901
f 897 800 892
f 965 963 800
f 963 965 1120
f 1122 965 968
f 802 965 800
f 800 897 802
f 1120 965 1122
f 897 2659 901
f 2656 446 2659
f 332 446 441
f 1116 1120 1159
f 939 946 949
f 946 1157 1159
f 949 946 1159
f 939 1233 938
f 41 39 1233
f 39 41 2406
f 2406 2410 2590
f 2410 2406 41
f 41 1233 1235
f 2406 2590 2587
f 1233 939 1235
f 939 938 946
f 942 949 952
f 1162 949 1159
f 1236 1235 942
f 949 1162 952
f 1159 1120 1162
f 942 1235 939
f 60 41 1235
f 41 60 2410
f 2410 2413 2594
f 60 2413 2410
f 60 1235 1236
f 2410 2594 2590
f 1122 1165 1162
f 942 939 949
f 1120 1122 1162
f 2264 2587 2590
f 965 802 968
f 1159 1157 1116
f 2661 901 2659
f 2661 450 453
f 804 901 904
f 802 901 804
f 1165 952 1162
f 1122 1125 1165
f 968 969 1125
f 969 968 804
f 802 804 968
f 1165 1125 1167
f 901 2661 904
f 1122 968 1125
f 2664 2661 453
f 2661 2664 904
f 453 460 2664
f 904 2664 909
f 450 338 453
f 805 904 909
f 1129 1125 969
f 1125 1129 1167
f 969 972 1129
f 1167 1129 1171
f 804 805 969
f 956 1167 1171
f 805 972 969
f 805 804 904
f 446 335 450
f 1165 1167 953
f 952 953 945
f 953 952 1165
f 1238 1236 945
f 945 1236 942
f 63 60 1236
f 60 63 2413
f 2413 2416 2598
f 63 2416 2413
f 63 1236 1238
f 2413 2598 2594
f 947 945 953
f 945 942 952
f 1238 947 1240
f 947 1238 945
f 947 950 1240
f 66 1240 71
f 947 953 956
f 1238 1240 66
f 2416 66 2419
f 2416 63 66
f 2270 2604 2495
f 2419 2604 2416
f 2419 66 71
f 2416 2604 2598
f 2419 2495 2604
f 66 63 1238
f 953 1167 956
f 2266 2594 2598
f 956 950 947
f 2659 450 2661
f 453 338 340
f 2265 2590 2594
f 340 460 453
f 412 303 414
f 190 81 193
f 2262 2583 2587
f 1175 1172 558
f 184 2706 77
f 2268 2598 2604
f 7268 7269 2873
f 7269 7270 2873
f 7268 2873 2721
f 7267 2721 2356
f 2721 7267 7268
f 2356 2357 2360
f 2357 2356 2721
f 2721 2873 2357
f 7267 2356 7266
f 2611 2357 2873
f 2617 2362 2361
f 2357 2616 2361
f 2619 2366 2362
f 2361 2362 2363
f 2360 2363 2550
f 2360 2361 2363
f 2368 2367 2366
f 2367 2363 2362
f 2366 2367 2362
f 2363 2367 2554
f 2368 2366 2369
f 2361 2360 2357
f 2619 2621 2366
f 2356 2360 2548
f 7265 7266 2872
f 7266 2356 2872
f 7265 2872 7264
f 7263 7264 2720
f 2720 2036 7263
f 2548 2036 2720
f 7264 2872 2720
f 7263 2036 7262
f 2720 2872 2548
f 2548 2550 2037
f 2872 2356 2548
f 2367 2557 2554
f 2554 2550 2363
f 2548 2360 2550
f 2550 2554 2038
f 2037 2038 2153
f 2037 2550 2038
f 2039 2557 2040
f 2039 2038 2554
f 2557 2039 2554
f 2038 2039 2158
f 2368 2562 2557
f 2548 2037 2036
f 2557 2367 2368
f 2036 2037 2149
f 2366 2621 2369
f 2374 2369 2622
f 2622 2369 2621
f 2627 2622 2541
f 2374 2622 2627
f 2373 2374 2378
f 2374 2373 2369
f 2381 2378 2377
f 2377 2378 2374
f 2374 2627 2377
f 2373 2378 2568
f 2627 2631 2377
f 2373 2562 2368
f 2631 2634 2384
f 2634 2631 2552
f 2636 2634 2561
f 2634 2636 2388
f 2381 2377 2384
f 2384 2634 2388
f 2396 2392 2395
f 2392 2388 2636
f 2635 2392 2636
f 2387 2384 2388
f 2636 2567 2635
f 2631 2384 2377
f 2627 2546 2631
f 2391 2388 2392
f 2373 2568 2562
f 2378 2381 2572
f 2378 2572 2568
f 2562 2568 2042
f 2040 2042 2165
f 2040 2562 2042
f 2044 2572 2046
f 2044 2042 2568
f 2572 2044 2568
f 2042 2044 2168
f 2381 2578 2572
f 2040 2557 2562
f 2584 2578 2387
f 2578 2046 2572
f 2584 2387 2391
f 2396 2391 2392
f 2387 2388 2391
f 2588 2391 2396
f 2046 2048 2174
f 2046 2578 2048
f 2048 2584 2050
f 2588 2584 2391
f 2578 2584 2048
f 2050 2584 2588
f 2588 2591 2053
f 2578 2381 2387
f 2381 2384 2387
f 2044 2046 2171
f 2591 2588 2396
f 2368 2369 2373
f 2621 2535 2622
f 2039 2040 2162
f 2722 7259 7260
f 7261 2722 7260
f 7257 7258 2722
f 2256 7256 7257
f 7259 2722 7258
f 7261 7262 2722
f 2036 2722 7262
f 2149 2722 2036
f 2149 2153 2258
f 2722 2149 2256
f 7256 2256 7255
f 2256 2149 2258
f 7242 2260 7241
f 2260 2258 2153
f 2158 2260 2153
f 7249 2256 2258
f 2153 2149 2037
f 2722 2256 7257
f 2158 2153 2038
f 2723 2258 2260
f 2256 7253 7254
f 7253 2256 7252
f 7252 2256 7251
f 7251 2256 7250
f 2256 7249 7250
f 7254 7255 2256
f 7248 2258 7247
f 7248 7249 2258
f 7243 2723 2260
f 2260 7242 7243
f 7244 2723 7243
f 2258 7246 7247
f 2258 7245 7246
f 2723 7244 7245
f 2258 2723 7245
f 2260 2158 2261
f 2263 2162 2165
f 2162 2040 2165
f 2165 2042 2168
f 2165 2168 2724
f 7235 2724 2726
f 2724 2168 2726
f 2726 2171 7233
f 2727 2171 2174
f 2168 2171 2726
f 2727 7233 2171
f 2044 2171 2168
f 2263 2165 2724
f 2174 2048 2176
f 2174 2171 2046
f 7226 2725 2728
f 2053 2725 2050
f 2050 2588 2053
f 2176 2050 2725
f 2174 2176 7230
f 2176 2725 7228
f 7228 2725 7227
f 2725 7226 7227
f 2728 2725 2053
f 2727 2174 7231
f 2039 2162 2158
f 7229 2176 7228
f 7239 2261 2263
f 2261 2162 2263
f 2263 2724 7237
f 7238 2263 7237
f 7241 2261 7240
f 7240 2261 7239
f 2263 7238 7239
f 2261 7241 2260
f 2727 7232 7233
f 7231 2174 7230
f 7233 7234 2726
f 2724 7236 7237
f 7236 2724 7235
f 2726 7234 7235
f 7231 7232 2727
f 7229 7230 2176
f 2162 2261 2158
f 2176 2048 2050
f 2395 2392 2635
f 2399 2395 2623
f 2623 2395 2635
f 2628 2623 2579
f 2399 2623 2628
f 2591 2398 2489
f 2591 2396 2398
f 2398 2401 2489
f 2399 2401 2398
f 2398 2395 2399
f 2591 2489 2055
f 2399 2628 2402
f 2398 2396 2395
f 2405 2402 2632
f 2632 2402 2628
f 2625 2632 2582
f 2405 2632 2625
f 2489 2401 2500
f 2401 2402 2404
f 2405 2407 2404
f 2408 2407 2405
f 2402 2405 2404
f 2500 2401 2404
f 2405 2625 2408
f 2402 2401 2399
f 2628 2576 2632
f 2510 2404 2407
f 2055 2058 2729
f 2055 2489 2058
f 7223 2729 7222
f 2055 2729 2728
f 7225 2728 7224
f 7224 2728 2729
f 2729 7223 7224
f 2729 2058 7222
f 2728 2053 2055
f 7221 2058 2060
f 2060 2500 2510
f 2510 2063 2060
f 2519 2063 2510
f 2500 2404 2510
f 2060 2063 7219
f 7222 2058 7221
f 7220 7221 2060
f 2060 7219 7220
f 2063 7218 7219
f 2060 2058 2500
f 2489 2500 2058
f 2510 2407 2519
f 2055 2053 2591
f 2411 2408 2626
f 2626 2408 2625
f 2630 2626 2555
f 2411 2626 2630
f 2519 2409 2528
f 2519 2407 2409
f 2409 2412 2528
f 2411 2412 2409
f 2409 2408 2411
f 2742 2519 2528
f 2411 2630 2415
f 2063 2519 2742
f 2414 2412 2415
f 2415 2412 2411
f 2253 2415 2630
f 2417 2414 2415
f 2743 2540 2744
f 2528 2540 2743
f 2540 2545 2744
f 2545 2540 2414
f 2412 2414 2540
f 2743 2744 7213
f 2415 2253 2417
f 2540 2528 2412
f 2630 2559 2253
f 2742 2528 2743
f 2743 7215 2742
f 2743 7214 7215
f 2742 7215 7216
f 7217 7218 2063
f 2742 7216 7217
f 2063 2742 7217
f 2185 7210 7211
f 2743 7213 7214
f 2280 7210 2185
f 7207 7208 2280
f 7209 2280 7208
f 2280 7209 7210
f 7206 7207 2155
f 2185 7211 7212
f 2744 7212 7213
f 2155 7207 2280
f 7212 2744 2066
f 2407 2408 2409
f 2625 2586 2626
f 7192 1536 7191
f 7193 1536 7192
f 7189 7190 1653
f 7190 1536 1653
f 7191 1536 7190
f 7189 1653 7188
f 7193 7194 1407
f 7196 1276 7195
f 7197 1276 7196
f 7193 1407 1536
f 1407 7194 7195
f 1536 1537 1655
f 1407 1537 1536
f 1407 7195 1276
f 1536 1655 1653
f 1766 1655 1768
f 1653 1655 1766
f 7185 1875 7184
f 7186 1875 7185
f 7182 7183 1947
f 7183 1875 1947
f 7184 1875 7183
f 7182 1947 7181
f 7186 7187 1764
f 7186 1764 1875
f 1764 7187 7188
f 1875 1764 1878
f 1764 7188 1653
f 1653 1766 1764
f 1878 1764 1766
f 1949 1878 1951
f 1878 1949 1875
f 1951 1880 1954
f 1880 1951 1878
f 1878 1766 1880
f 1949 1951 1983
f 1880 1766 1768
f 1875 1949 1947
f 1947 1949 1982
f 7198 1276 7197
f 2272 7201 7202
f 2466 7201 2272
f 1410 1407 1276
f 7198 2466 1276
f 7200 2466 7199
f 2466 7200 7201
f 1276 2466 1278
f 7202 7203 2272
f 7204 7205 2155
f 2272 2155 2275
f 2155 2272 7204
f 7205 7206 2155
f 2475 2466 2272
f 1278 2475 1282
f 1278 2466 2475
f 2475 2461 1282
f 2461 2475 2275
f 2475 2272 2275
f 1278 1282 1413
f 2275 2155 2159
f 2272 7203 7204
f 1276 1278 1410
f 1537 1410 1539
f 1537 1407 1410
f 1539 1410 1413
f 1537 1539 1656
f 1880 1768 1882
f 1880 1882 1954
f 1768 1770 1882
f 1656 1770 1768
f 1655 1656 1768
f 1954 1882 1957
f 1656 1539 1659
f 1655 1537 1656
f 1656 1659 1770
f 1539 1413 1541
f 1772 1659 1662
f 1659 1539 1541
f 1541 1413 1416
f 1770 1659 1772
f 1957 1884 1959
f 1957 1882 1884
f 1884 1888 1959
f 1888 1884 1772
f 1884 1770 1772
f 1957 1959 1990
f 1659 1541 1662
f 1884 1882 1770
f 1410 1278 1413
f 1954 1957 1987
f 1413 1282 1416
f 2466 7198 7199
f 1951 1954 1985
f 2155 2280 2159
f 7225 7226 2728
f 2635 2574 2623
f 2731 7169 7170
f 2152 7170 7171
f 7169 2731 7168
f 7167 7168 2067
f 7166 7167 2067
f 7171 7172 2152
f 2730 7174 7175
f 2001 7173 7174
f 2731 2067 7168
f 7170 2152 2731
f 2731 2041 2067
f 2152 2041 2731
f 2001 7172 7173
f 2152 7172 2001
f 1279 2067 1284
f 7166 2067 1279
f 2734 7161 7162
f 7161 2734 7160
f 2735 7157 7158
f 7159 7160 1572
f 1572 7158 7159
f 2734 7162 7163
f 7164 7165 1279
f 1279 2734 7163
f 1284 1435 1279
f 7165 7166 1279
f 2734 1279 1435
f 1572 2735 7158
f 7160 2734 1572
f 1572 1368 2735
f 1572 2734 1435
f 1572 1575 1368
f 7157 2735 7156
f 1575 1572 1435
f 7164 1279 7163
f 1479 2735 1368
f 7175 7176 2730
f 7179 2733 7178
f 7180 2733 7179
f 2732 2209 7176
f 2001 7174 2730
f 2209 2001 2730
f 2732 7177 7178
f 2157 2152 2001
f 2733 7180 7181
f 2733 1982 2128
f 2733 7181 1947
f 2128 1982 2130
f 2733 2128 2732
f 2209 2730 7176
f 2732 2128 2209
f 2007 2211 2212
f 2209 2128 2211
f 2128 2130 2211
f 2001 2209 2005
f 1982 1983 2130
f 2733 2732 7178
f 1982 2733 1947
f 2005 2209 2211
f 2043 2069 2041
f 2041 2152 2157
f 2005 2157 2001
f 2157 2043 2041
f 1435 1284 1438
f 1435 1438 1575
f 1284 1289 1438
f 2069 1289 1284
f 2067 2069 1284
f 1575 1438 1577
f 2160 2157 2005
f 2067 2041 2069
f 2043 2160 2045
f 2160 2043 2157
f 2160 2164 2045
f 2164 2160 2007
f 2160 2005 2007
f 2043 2045 2072
f 1442 1438 1289
f 1438 1442 1577
f 1289 1293 1442
f 2072 1293 1289
f 2069 2072 1289
f 1372 1577 1580
f 1577 1442 1580
f 2072 2069 2043
f 2005 2211 2007
f 1368 1575 1370
f 2211 2130 2212
f 7176 7177 2732
f 1370 1575 1577
f 7154 7155 1479
f 7153 7154 1479
f 7151 7152 2736
f 7153 2736 7152
f 7151 1260 7150
f 7156 2735 7155
f 1479 1480 1603
f 1480 1479 1368
f 1263 1603 1605
f 1479 1603 2736
f 7150 1260 7149
f 7151 2736 1260
f 7149 1260 1391
f 1260 2736 1603
f 1603 1263 1260
f 1391 1260 1263
f 1603 1480 1605
f 2736 7153 1479
f 2735 1479 7155
f 7146 7147 2737
f 7145 7146 2737
f 7143 7144 1618
f 7145 1618 7144
f 7142 7143 1742
f 7147 7148 1391
f 2737 1391 1508
f 1391 2737 7147
f 7143 1618 1742
f 1508 1618 2737
f 1508 1391 1393
f 7142 1742 7141
f 7140 7141 1742
f 7139 7140 1846
f 7139 2738 7138
f 1508 1622 1618
f 1618 7145 2737
f 7148 7149 1391
f 1391 1263 1393
f 1483 1605 1480
f 1483 1370 1372
f 1263 1267 1393
f 1263 1605 1267
f 1618 1622 1742
f 1393 1512 1508
f 1742 1744 1846
f 1622 1744 1742
f 1508 1512 1622
f 2738 7139 1846
f 1483 1607 1605
f 1480 1370 1483
f 1605 1607 1267
f 1486 1607 1483
f 1267 1270 1395
f 1270 1267 1607
f 1483 1372 1486
f 1395 1512 1393
f 1626 1622 1512
f 1622 1626 1744
f 1744 1746 1848
f 1848 1936 1934
f 1626 1512 1516
f 1744 1848 1846
f 1746 1744 1626
f 1395 1393 1267
f 1370 1577 1372
f 1846 1848 1934
f 7137 2738 7136
f 7137 7138 2738
f 2739 7136 1934
f 7134 7135 2739
f 1266 7134 2739
f 7134 2741 7133
f 7135 7136 2739
f 7136 2738 1934
f 2739 1934 1266
f 7133 2741 7132
f 1380 7131 2741
f 2741 7134 1266
f 1266 1934 1936
f 7132 2741 7131
f 7130 7131 2740
f 7129 2740 1481
f 2740 7129 7130
f 2740 7131 1380
f 1380 2741 1266
f 2738 1846 1934
f 1512 1395 1516
f 1846 7140 1742
f 1370 1480 1368
f 2075 2072 2045
f 2133 2212 2130
f 2133 1983 1985
f 2011 2212 2214
f 2007 2212 2011
f 2075 1293 2072
f 2045 2047 2075
f 2164 2167 2047
f 2167 2164 2011
f 2007 2011 2164
f 2075 2047 2079
f 2212 2133 2214
f 2045 2164 2047
f 2135 2214 2133
f 2135 1985 1987
f 2014 2214 2216
f 2135 2133 1985
f 2049 2047 2167
f 2047 2049 2079
f 2167 2170 2049
f 2170 2167 2014
f 2011 2014 2167
f 1299 2079 2083
f 2214 2135 2216
f 2014 2011 2214
f 1949 1983 1982
f 2075 2079 1296
f 1444 1580 1442
f 1444 1293 1296
f 1374 1580 1583
f 1444 1442 1293
f 1609 1607 1486
f 1607 1609 1270
f 1486 1488 1609
f 1488 1486 1374
f 1372 1374 1486
f 1270 1609 1273
f 1580 1444 1583
f 1374 1372 1580
f 1446 1444 1296
f 1444 1446 1583
f 1376 1583 1585
f 1299 1446 1296
f 1296 2079 1299
f 1446 1585 1583
f 1611 1609 1488
f 1609 1611 1273
f 1488 1491 1611
f 1376 1491 1488
f 1374 1376 1488
f 1273 1611 1274
f 1449 1446 1299
f 1376 1374 1583
f 1293 2075 1296
f 1270 1273 1398
f 2079 2049 2083
f 2130 1983 2133
f 2138 2216 2135
f 2138 1987 1990
f 2018 2216 2218
f 2014 2216 2018
f 1299 2083 1302
f 2049 2052 2083
f 2170 2172 2052
f 2172 2170 2018
f 2014 2018 2170
f 2083 2052 2086
f 2216 2138 2218
f 2049 2170 2052
f 2018 2218 2021
f 2138 2144 2218
f 2218 2221 2021
f 2221 2218 2144
f 2144 1990 1994
f 2021 2172 2018
f 2083 2086 1302
f 2172 2054 2052
f 1302 2086 1306
f 2086 2052 2054
f 2054 2172 2175
f 2088 1306 2086
f 2172 2021 2175
f 2138 1990 2144
f 1954 1987 1985
f 1302 1449 1299
f 1585 1449 1586
f 1585 1446 1449
f 1586 1449 1451
f 1585 1586 1378
f 1614 1611 1491
f 1611 1614 1274
f 1491 1494 1614
f 1378 1494 1491
f 1376 1378 1491
f 1274 1614 1277
f 1378 1586 1379
f 1378 1376 1585
f 1379 1494 1378
f 1586 1588 1379
f 1451 1455 1588
f 1455 1451 1306
f 1449 1302 1451
f 1497 1379 1381
f 1617 1614 1494
f 1614 1617 1277
f 1281 1277 1617
f 1497 1617 1494
f 1494 1379 1497
f 1408 1277 1281
f 1379 1588 1381
f 1586 1451 1588
f 1302 1306 1451
f 1274 1277 1405
f 2086 2054 2088
f 2135 1987 2138
f 1951 1985 1983
f 1273 1274 1401
f 1629 1516 1519
f 1516 1395 1398
f 1519 1516 1398
f 1629 1746 1626
f 1850 1848 1746
f 1848 1850 1936
f 1936 1937 1268
f 1937 1936 1850
f 1850 1746 1748
f 1268 1380 1266
f 1746 1629 1748
f 1629 1626 1516
f 1519 1401 1523
f 1401 1519 1398
f 1523 1401 1405
f 1519 1523 1630
f 1851 1850 1748
f 1850 1851 1937
f 1748 1749 1851
f 1630 1749 1748
f 1629 1630 1748
f 1269 1937 1938
f 1937 1851 1938
f 1630 1629 1519
f 1398 1273 1401
f 1268 1937 1269
f 1380 1383 1481
f 1380 1268 1383
f 7128 1481 1598
f 1481 7128 7129
f 7127 7128 1598
f 1598 7126 7127
f 1598 7125 7126
f 1481 1383 1482
f 1481 2740 1380
f 1481 1482 1598
f 1385 1482 1383
f 1598 1599 1723
f 1723 2759 7123
f 1599 1598 1482
f 1723 7124 7125
f 7124 1723 7123
f 2759 7122 7123
f 2759 7121 7122
f 1269 1385 1383
f 1723 7125 1598
f 1268 1269 1383
f 1523 1632 1630
f 1268 1266 1936
f 1630 1632 1749
f 1523 1405 1526
f 1523 1526 1632
f 1852 1749 1751
f 1271 1269 1938
f 1269 1271 1385
f 1938 1940 1271
f 1940 1938 1852
f 1851 1852 1938
f 1385 1271 1386
f 1749 1632 1751
f 1852 1851 1749
f 1634 1632 1526
f 1632 1634 1751
f 1526 1527 1634
f 1527 1526 1408
f 1526 1405 1408
f 1853 1751 1753
f 1272 1271 1940
f 1271 1272 1386
f 1940 1943 1272
f 1943 1940 1853
f 1852 1853 1940
f 1487 1386 1387
f 1751 1634 1753
f 1853 1852 1751
f 1405 1277 1408
f 1385 1386 1484
f 1725 1599 1600
f 1599 1482 1484
f 2759 1725 1815
f 1725 2759 1723
f 1815 7121 2759
f 7121 1815 7120
f 7119 7120 1815
f 7119 1903 7118
f 1600 1599 1484
f 1725 1723 1599
f 1726 1725 1600
f 1725 1726 1815
f 1600 1601 1726
f 1726 1817 1815
f 1600 1484 1487
f 1903 1815 1817
f 7117 1903 7116
f 7117 7118 1903
f 2760 7115 7116
f 2760 7116 1903
f 1487 1601 1600
f 1903 7119 1815
f 1484 1386 1487
f 1272 1387 1386
f 1484 1482 1385
f 1401 1274 1405
f 1620 1617 1497
f 1398 1395 1270
f 1957 1990 1987
f 1990 1959 1994
f 2418 2417 2420
f 2254 2417 2253
f 2420 2417 2254
f 2418 2545 2414
f 2280 2185 2282
f 7212 2066 2185
f 2185 2187 2282
f 2187 2185 2066
f 2066 2545 2563
f 2282 2159 2280
f 2545 2418 2563
f 2744 2545 2066
f 2421 2420 2423
f 2255 2420 2254
f 2423 2420 2255
f 2421 2563 2418
f 2070 2066 2563
f 2066 2070 2187
f 2187 2188 2285
f 2188 2187 2070
f 2070 2563 2581
f 2187 2285 2282
f 2563 2421 2581
f 2421 2418 2420
f 2254 2570 2255
f 2282 2285 2163
f 2277 2461 2275
f 2277 2159 2163
f 1287 2461 2465
f 1282 2461 1287
f 1772 1662 1774
f 1541 1544 1662
f 1416 1420 1544
f 1420 1416 1287
f 1282 1287 1416
f 1662 1544 1666
f 2461 2277 2465
f 1541 1416 1544
f 1287 2465 1291
f 2277 2279 2465
f 2465 2467 1291
f 2467 2465 2279
f 2279 2163 2166
f 1291 1420 1287
f 1662 1666 1774
f 1420 1547 1544
f 1666 1547 1672
f 1666 1544 1547
f 1547 1420 1421
f 1774 1666 1778
f 1420 1291 1421
f 2277 2163 2279
f 2159 2282 2163
f 1774 1888 1772
f 2163 2285 2166
f 2275 2159 2277
f 2424 2423 2426
f 2257 2423 2255
f 2426 2423 2257
f 2424 2581 2421
f 2285 2188 2288
f 2070 2073 2188
f 2188 2190 2288
f 2190 2188 2073
f 2073 2581 2599
f 2288 2166 2285
f 2581 2424 2599
f 2070 2581 2073
f 2427 2426 2429
f 2259 2426 2257
f 2427 2610 2599
f 2427 2599 2424
f 2076 2073 2599
f 2073 2076 2190
f 2190 2191 2292
f 2292 2173 2169
f 2076 2599 2610
f 2190 2292 2288
f 2191 2190 2076
f 2427 2424 2426
f 2257 2577 2259
f 2288 2292 2169
f 2281 2467 2279
f 2281 2166 2169
f 1295 2467 2473
f 1291 2467 1295
f 1666 1672 1778
f 1421 1549 1547
f 1424 1421 1295
f 1549 1672 1547
f 1291 1295 1421
f 1782 1778 1672
f 2467 2281 2473
f 2166 2281 2279
f 1295 2473 1301
f 2281 2286 2473
f 2473 2479 1301
f 1301 1427 1424
f 2286 2169 2173
f 1301 1424 1295
f 1549 1424 1552
f 1549 1421 1424
f 1786 1677 1679
f 1552 1677 1549
f 1552 1424 1427
f 1549 1677 1672
f 1679 1677 1552
f 2281 2169 2286
f 2166 2288 2169
f 1782 1672 1677
f 2479 2473 2286
f 2421 2423 2424
f 2255 2573 2257
f 1774 1778 1893
f 1888 1893 1961
f 1888 1774 1893
f 1998 1994 1961
f 1961 1994 1959
f 2021 2221 2023
f 2144 2147 2221
f 2221 2224 2023
f 2147 2224 2221
f 2147 1994 1998
f 2023 2175 2021
f 1963 1961 1893
f 2144 1994 2147
f 1998 1963 2002
f 1963 1998 1961
f 1896 1963 1893
f 2002 1963 1966
f 2224 2150 2227
f 2224 2147 2150
f 2150 2154 2227
f 2154 2150 2002
f 2150 1998 2002
f 2023 2224 2026
f 1963 1896 1966
f 2150 2147 1998
f 1778 1896 1893
f 2026 2224 2227
f 2175 2178 2057
f 2175 2023 2178
f 2090 2088 2057
f 2057 2088 2054
f 1588 1455 1589
f 1306 1309 1455
f 1455 1458 1589
f 1309 1458 1455
f 1309 2088 2090
f 1589 1381 1588
f 2059 2057 2178
f 1306 2088 1309
f 2057 2059 2090
f 2178 2026 2179
f 2093 2059 2061
f 2059 2178 2179
f 2179 2026 2027
f 2090 2059 2093
f 1458 1311 1460
f 1309 1311 1458
f 1311 1315 1460
f 1315 1311 2093
f 2090 2093 1311
f 1589 1458 1591
f 2059 2179 2061
f 1311 1309 2090
f 2023 2026 2178
f 1460 1591 1458
f 2026 2227 2027
f 2054 2175 2057
f 1898 1966 1896
f 1898 1782 1786
f 2009 1966 1968
f 1898 1896 1782
f 2230 2227 2154
f 2227 2230 2027
f 2154 2161 2230
f 2161 2154 2009
f 2002 2009 2154
f 2027 2230 2030
f 1966 1898 1968
f 2009 2002 1966
f 2015 2161 2009
f 5944 2030 2753
f 2753 2030 2230
f 2161 2874 2230
f 2009 1968 2015
f 2753 2230 2874
f 2181 2030 5946
f 2181 2027 2030
f 5946 5947 2181
f 5946 2030 5945
f 2181 5947 2754
f 1786 1900 1898
f 1900 1968 1898
f 1782 1677 1786
f 2181 2061 2179
f 2061 2754 2745
f 2754 2061 2181
f 5951 1315 2745
f 2745 1315 2093
f 1315 2756 1460
f 5956 2756 5955
f 2756 5956 1592
f 5953 2756 1315
f 2756 1592 1460
f 2745 2754 5949
f 2745 2093 2061
f 5950 5951 2745
f 5949 5950 2745
f 2754 5948 5949
f 5954 5955 2756
f 5952 5953 1315
f 5954 2756 5953
f 5951 5952 1315
f 2754 5947 5948
f 2181 2179 2027
f 1782 1896 1778
f 5957 1592 5956
f 2429 2426 2259
f 1959 1888 1961
f 2429 2262 2432
f 2262 2429 2259
f 2432 2262 2264
f 2429 2432 2431
f 2610 2431 2608
f 2610 2427 2431
f 2080 2608 2085
f 2608 2080 2610
f 2608 2431 2435
f 2080 2191 2076
f 2431 2432 2435
f 2076 2610 2080
f 2264 2265 2434
f 2265 2264 2590
f 2438 2434 2437
f 2434 2435 2432
f 2589 2608 2435
f 2608 2589 2085
f 2089 2589 2595
f 2438 2589 2435
f 2435 2434 2438
f 2085 2589 2089
f 2434 2265 2437
f 2434 2432 2264
f 2262 2587 2264
f 2080 2085 2193
f 2191 2193 2296
f 2191 2080 2193
f 2177 2296 2301
f 2296 2173 2292
f 1301 2479 1305
f 2286 2291 2479
f 2291 2177 2295
f 2177 2291 2173
f 2173 2296 2177
f 2479 2291 2485
f 2296 2193 2301
f 2286 2173 2291
f 2301 2195 2304
f 2195 2301 2193
f 2195 2196 2304
f 2196 2195 2089
f 2193 2085 2195
f 2301 2304 2180
f 2485 2295 2329
f 2485 2291 2295
f 2295 2299 2329
f 2180 2299 2295
f 2177 2180 2295
f 2485 2329 1312
f 2180 2304 2182
f 2177 2301 2180
f 2089 2195 2085
f 2479 2485 1305
f 2589 2438 2595
f 2292 2191 2296
f 2437 2266 2441
f 2266 2437 2265
f 2441 2266 2268
f 2437 2441 2442
f 2595 2442 2602
f 2595 2438 2442
f 2092 2602 2095
f 2602 2092 2595
f 2602 2442 2446
f 2092 2196 2089
f 2442 2441 2446
f 2089 2595 2092
f 2268 2270 2445
f 2270 2268 2604
f 2450 2445 2447
f 2445 2446 2441
f 2607 2602 2446
f 2602 2607 2095
f 2097 2607 2613
f 2450 2607 2446
f 2446 2445 2450
f 2095 2607 2097
f 2613 2607 2450
f 2445 2441 2268
f 2266 2598 2268
f 2092 2095 2198
f 2196 2198 2307
f 2196 2092 2198
f 2183 2182 2307
f 2307 2182 2304
f 2299 2182 2303
f 2299 2180 2182
f 2335 2332 2303
f 2303 2332 2299
f 2303 2182 2183
f 2299 2332 2329
f 2307 2198 2317
f 2196 2307 2304
f 2317 2200 2321
f 2317 2183 2307
f 2200 2202 2321
f 2321 2186 2184
f 2198 2095 2200
f 2317 2321 2184
f 2183 2306 2303
f 2306 2183 2184
f 2184 2309 2306
f 2186 2309 2184
f 2183 2317 2184
f 2335 2303 2306
f 2338 2309 2343
f 2317 2198 2200
f 2097 2200 2095
f 2338 2306 2309
f 2202 2200 2097
f 2438 2437 2442
f 2265 2594 2266
f 2329 2332 1316
f 1427 1305 1430
f 1427 1301 1305
f 1430 1305 1312
f 1427 1430 1554
f 1968 1900 1970
f 1786 1790 1900
f 1679 1682 1790
f 1554 1682 1679
f 1552 1554 1679
f 1900 1790 1902
f 1554 1430 1557
f 1786 1679 1790
f 1554 1557 1682
f 1433 1557 1430
f 1557 1685 1682
f 1794 1682 1685
f 1900 1902 1970
f 2749 1902 2750
f 1794 2750 1902
f 2751 2750 1794
f 1790 1794 1902
f 5936 2749 5935
f 2749 2750 5935
f 1794 1790 1682
f 2485 1312 1305
f 1970 1902 2749
f 2161 2748 2874
f 2161 2015 2748
f 5941 2874 2748
f 5942 2874 5941
f 5945 2030 5944
f 5942 5943 2874
f 2753 5943 5944
f 2748 2015 2747
f 2753 2874 5943
f 2748 2747 5939
f 1970 2749 2747
f 2747 2749 5937
f 2749 5936 5937
f 2747 5937 5938
f 5941 2748 5940
f 5938 5939 2747
f 2748 5939 5940
f 2747 2015 1970
f 1968 1970 2015
f 1312 1433 1430
f 1427 1554 1552
f 2332 1319 1316
f 1316 1312 2329
f 1319 2335 1323
f 1316 1319 1436
f 1559 1433 1436
f 1433 1316 1436
f 1439 1323 5924
f 1439 1436 1319
f 1323 1439 1319
f 1562 1436 1439
f 2335 2338 1323
f 1316 1433 1312
f 1323 2746 5923
f 2755 2746 2343
f 5922 2755 5921
f 2755 5922 2746
f 2343 2746 2338
f 2746 5922 5923
f 5925 1439 5924
f 1323 5923 5924
f 2746 1323 2338
f 2335 2306 2338
f 5925 5926 1439
f 2751 1685 2752
f 1685 1557 1559
f 5932 2751 5931
f 2750 2751 5933
f 5935 2750 5934
f 5932 5933 2751
f 2750 5933 5934
f 2752 1685 1559
f 1794 1685 2751
f 1562 5928 2752
f 5928 1562 5927
f 5926 5927 1562
f 1559 1436 1562
f 2752 5931 2751
f 5931 2752 5930
f 5929 5930 2752
f 2752 5928 5929
f 1562 2752 1559
f 1439 5926 1562
f 1557 1433 1559
f 1319 2332 2335
f 2270 2447 2445
f 2427 2429 2431
f 2259 2583 2262
f 1381 1382 1498
f 1381 1589 1382
f 1623 1620 1498
f 1498 1620 1497
f 1281 1620 1285
f 1281 1617 1620
f 1411 1285 1414
f 1285 1411 1281
f 1285 1620 1623
f 1411 1527 1408
f 1498 1382 1500
f 1381 1498 1497
f 1384 1500 1382
f 1384 1591 1592
f 1625 1500 1502
f 1500 1623 1498
f 1286 1285 1623
f 1285 1286 1414
f 1417 1286 1290
f 1625 1286 1623
f 1623 1500 1625
f 1414 1286 1417
f 1500 1384 1502
f 1382 1591 1384
f 1589 1591 1382
f 1411 1414 1529
f 1527 1529 1635
f 1527 1411 1529
f 1755 1635 1637
f 1635 1753 1634
f 1854 1853 1753
f 1853 1854 1943
f 1943 1854 1939
f 1755 1854 1753
f 1753 1635 1755
f 1855 1854 1755
f 1635 1529 1637
f 1635 1634 1527
f 1637 1531 1639
f 1637 1529 1531
f 1531 1532 1639
f 1532 1531 1417
f 1414 1531 1529
f 1637 1639 1757
f 1941 1939 1855
f 1939 1854 1855
f 1757 1856 1855
f 1758 1856 1757
f 1755 1757 1855
f 1856 1941 1855
f 1757 1639 1758
f 1755 1637 1757
f 1417 1531 1414
f 1943 1939 1275
f 1286 1625 1290
f 1411 1408 1281
f 1592 5958 5959
f 5958 1592 5957
f 1592 5959 5960
f 2757 1290 1625
f 5965 2757 1502
f 1384 5961 5962
f 5960 5961 1384
f 1502 1384 5962
f 1384 1592 5960
f 5963 5964 1502
f 5963 1502 5962
f 5965 5966 2757
f 5968 2757 5967
f 5967 2757 5966
f 5964 5965 1502
f 2757 5968 2758
f 1290 2758 1418
f 1290 2757 2758
f 1534 1532 1418
f 1418 1532 1417
f 1642 1639 1532
f 1639 1642 1758
f 1758 1760 1857
f 1642 1760 1758
f 1642 1532 1534
f 1758 1857 1856
f 2763 1418 2758
f 1418 1417 1290
f 5970 5971 2758
f 2763 1534 1418
f 2758 5972 2763
f 2762 1534 2763
f 1643 1642 1534
f 1642 1643 1760
f 1760 1761 1858
f 1761 1760 1643
f 1643 1534 2762
f 1760 1858 1857
f 5972 2758 5971
f 2758 5969 5970
f 5968 5969 2758
f 1942 1856 1857
f 2757 1625 1502
f 1591 1460 1592
f 1944 1857 1858
f 1387 1275 1388
f 1387 1272 1275
f 1388 1275 1280
f 1387 1388 1490
f 1601 1490 1602
f 1601 1487 1490
f 1727 1602 1728
f 1602 1727 1601
f 1602 1490 1492
f 1727 1817 1726
f 1490 1388 1492
f 1490 1487 1387
f 1280 1941 1283
f 1280 1275 1939
f 1283 1941 1942
f 1280 1283 1389
f 1604 1602 1492
f 1602 1604 1728
f 1492 1496 1604
f 1389 1496 1492
f 1388 1389 1492
f 1819 1728 1729
f 1728 1604 1729
f 1389 1388 1280
f 1939 1941 1280
f 1727 1728 1818
f 1817 1818 1904
f 1818 1817 1727
f 1776 1904 1905
f 1904 2760 1903
f 7114 2760 1776
f 7114 7115 2760
f 7113 1776 7112
f 1776 7113 7114
f 2760 1904 1776
f 1904 1818 1905
f 1903 1817 1904
f 1776 2678 7112
f 1776 1777 2678
f 1905 1906 1777
f 1869 2678 1777
f 1905 1818 1819
f 1869 7110 2678
f 7112 2678 7111
f 7110 7111 2678
f 1869 7109 7110
f 1819 1906 1905
f 1777 1776 1905
f 1818 1728 1819
f 1283 1390 1389
f 1727 1726 1601
f 1288 1390 1283
f 1288 1942 1944
f 1501 1496 1390
f 1390 1496 1389
f 1606 1604 1496
f 1604 1606 1729
f 1729 1730 1821
f 1606 1730 1729
f 1606 1496 1501
f 1821 1906 1819
f 1392 1390 1288
f 1283 1942 1288
f 1390 1392 1501
f 1288 1944 1292
f 1501 1392 1504
f 1392 1288 1292
f 1292 1944 1945
f 1394 1504 1392
f 1730 1608 1731
f 1730 1606 1608
f 1608 1610 1731
f 1610 1608 1504
f 1608 1501 1504
f 1821 1730 1823
f 1392 1292 1394
f 1608 1606 1501
f 1942 1857 1944
f 1823 1730 1731
f 1779 1869 1777
f 1779 1906 1683
f 2761 1869 1871
f 1779 1777 1906
f 7107 7108 2761
f 2761 7106 7107
f 1922 7106 2761
f 7108 1869 2761
f 1871 1869 1779
f 1869 7108 7109
f 1683 1823 1687
f 1683 1906 1821
f 1872 1871 1781
f 1687 1781 1683
f 1687 1823 1824
f 1781 1871 1779
f 1922 2761 1871
f 7106 1922 7105
f 1922 7104 7105
f 7103 7104 1922
f 1922 1871 1872
f 1783 1781 1687
f 1781 1779 1683
f 1821 1823 1683
f 1823 1731 1824
f 1821 1819 1729
f 1941 1856 1942
f 1944 1858 1945
f 1275 1272 1943
f 5974 2763 5973
f 5975 2763 5974
f 2762 5975 5976
f 2762 2763 5975
f 5976 5977 2762
f 2762 5977 5978
f 2762 1646 1643
f 5979 5980 1646
f 5978 5979 1646
f 1646 5981 5982
f 5981 1646 5980
f 1646 5982 1762
f 1762 5982 5983
f 5978 1646 2762
f 1646 1761 1643
f 1859 1945 1858
f 1859 1761 1762
f 1294 1945 1946
f 1858 1761 1859
f 1504 1394 1505
f 1504 1505 1610
f 1394 1396 1505
f 1396 1394 1294
f 1292 1294 1394
f 1610 1505 1612
f 1945 1859 1946
f 1292 1945 1294
f 1860 1859 1762
f 1859 1860 1946
f 1948 1946 1860
f 2764 1860 1762
f 2764 1762 5984
f 1297 1946 1948
f 1506 1505 1396
f 1505 1506 1612
f 1396 1397 1506
f 1297 1397 1396
f 1294 1297 1396
f 1612 1506 1613
f 2875 1860 2764
f 1297 1294 1946
f 1761 1646 1762
f 1610 1612 1732
f 1762 5983 5984
f 1610 1732 1731
f 5986 2875 2764
f 5986 2764 5985
f 1861 1860 2875
f 5989 1861 2875
f 5987 5988 2875
f 2875 5986 5987
f 5989 2875 5988
f 1860 1861 1948
f 5990 1862 1861
f 5991 5992 1862
f 5990 5991 1862
f 1862 1863 1952
f 1862 5992 1863
f 5993 5994 1863
f 5992 5993 1863
f 1953 1863 1864
f 5990 1861 5989
f 1861 1862 1950
f 1948 1950 1298
f 1950 1948 1861
f 1399 1298 1300
f 1298 1397 1297
f 1506 1397 1509
f 1506 1509 1613
f 1509 1399 1510
f 1399 1509 1397
f 1397 1298 1399
f 1615 1613 1509
f 1298 1950 1300
f 1297 1948 1298
f 1300 1952 1303
f 1952 1300 1950
f 1402 1303 1304
f 1953 1303 1952
f 1952 1863 1953
f 1300 1303 1400
f 1510 1400 1513
f 1510 1399 1400
f 1619 1513 1514
f 1402 1513 1400
f 1400 1303 1402
f 1615 1509 1510
f 1304 1303 1953
f 1400 1399 1300
f 1950 1862 1952
f 1616 1510 1513
f 1513 1402 1514
f 5985 2764 5984
f 1612 1613 1733
f 1824 1732 1826
f 1824 1731 1732
f 1826 1732 1733
f 1824 1826 1689
f 1872 1783 1873
f 1872 1781 1783
f 1783 1785 1873
f 1689 1785 1783
f 1687 1689 1783
f 1872 1873 1923
f 1689 1826 1691
f 1824 1689 1687
f 1733 1734 1828
f 1733 1613 1734
f 1694 1828 1830
f 1828 1691 1826
f 1785 1691 1787
f 1785 1689 1691
f 1876 1787 1789
f 1694 1787 1691
f 1691 1828 1694
f 1873 1785 1874
f 1828 1734 1830
f 1826 1733 1828
f 1612 1733 1732
f 1874 1785 1787
f 1923 1924 2765
f 1923 1873 1924
f 7100 2765 2766
f 1923 2765 7102
f 7103 1923 7102
f 7102 2765 7101
f 2765 7100 7101
f 2765 1924 2766
f 7103 1922 1923
f 2766 7099 7100
f 1924 1925 2766
f 1806 1925 1926
f 1876 1925 1874
f 1874 1787 1876
f 2766 1925 1806
f 7099 2766 7098
f 7097 1806 7096
f 1806 7097 7098
f 2766 1806 7098
f 1925 1876 1926
f 1924 1874 1925
f 1873 1874 1924
f 1787 1694 1789
f 1923 1922 1872
f 1615 1616 1735
f 1616 1615 1510
f 1832 1830 1735
f 1735 1830 1734
f 1876 1789 1877
f 1694 1697 1789
f 1789 1792 1877
f 1697 1792 1789
f 1697 1830 1832
f 1877 1926 1876
f 1736 1735 1616
f 1694 1830 1697
f 1832 1736 1834
f 1736 1832 1735
f 1736 1737 1834
f 1834 1702 1700
f 1736 1616 1619
f 1832 1834 1700
f 1792 1700 1795
f 1792 1697 1700
f 1928 1879 1881
f 1795 1879 1792
f 1795 1700 1702
f 1792 1879 1877
f 1881 1879 1795
f 1700 1697 1832
f 1616 1513 1619
f 1877 1879 1927
f 1926 1927 1807
f 1927 1926 1877
f 7093 1807 1808
f 7095 1806 1807
f 1806 7095 7096
f 7094 7095 1807
f 7093 7094 1807
f 1807 1927 1808
f 1806 1926 1807
f 7091 7092 1808
f 1808 7092 7093
f 1808 1809 2767
f 7088 2767 1809
f 1808 1927 1928
f 7091 1808 2767
f 7091 2767 7090
f 7090 2767 7089
f 2767 7088 7089
f 1928 1809 1808
f 1927 1879 1928
f 1619 1737 1736
f 1734 1615 1735
f 1615 1734 1613
f 1864 1863 5994
f 2763 5972 5973
f 2755 1329 5921
f 2414 2417 2418
f 2253 2565 2254
f 323 322 253
f 7460 7461 65
f 65 7461 7462
f 65 117 64
f 161 117 162
f 161 162 212
f 213 212 162
f 256 323 253
f 162 117 118
f 256 253 212
f 117 65 118
f 322 323 379
f 7462 7463 67
f 67 7463 7464
f 67 118 65
f 212 213 256
f 213 162 163
f 256 257 325
f 213 257 256
f 163 162 118
f 256 325 323
f 380 325 381
f 65 7462 67
f 323 325 380
f 451 494 448
f 451 379 380
f 574 494 495
f 451 448 379
f 702 700 647
f 700 702 42
f 647 649 702
f 649 647 574
f 571 574 647
f 42 702 43
f 494 451 495
f 574 571 494
f 574 495 575
f 451 454 495
f 495 496 575
f 454 496 495
f 454 380 381
f 575 649 574
f 42 43 126
f 649 704 702
f 43 704 44
f 43 702 704
f 704 649 651
f 131 126 43
f 651 649 575
f 451 380 454
f 379 323 380
f 126 181 120
f 121 118 67
f 64 7460 65
f 67 68 121
f 164 163 121
f 121 163 118
f 214 213 163
f 213 214 257
f 257 259 327
f 214 259 257
f 214 163 164
f 327 381 325
f 7465 68 7464
f 67 7464 68
f 69 68 7466
f 7466 68 7465
f 123 68 69
f 216 214 164
f 214 216 259
f 164 165 216
f 123 165 164
f 121 123 164
f 329 259 262
f 259 216 262
f 123 121 68
f 327 259 329
f 455 496 454
f 455 381 382
f 578 496 499
f 455 454 381
f 706 704 651
f 704 706 44
f 651 653 706
f 653 651 578
f 575 578 651
f 44 706 45
f 496 455 499
f 578 575 496
f 457 455 382
f 455 457 499
f 382 383 457
f 329 383 382
f 381 327 382
f 580 499 502
f 707 706 653
f 706 707 45
f 653 655 707
f 580 655 653
f 578 580 653
f 136 45 46
f 502 499 457
f 580 578 499
f 327 329 382
f 131 43 44
f 45 707 46
f 327 325 257
f 134 44 45
f 279 359 276
f 279 181 182
f 452 359 360
f 279 276 181
f 607 605 516
f 605 607 671
f 516 517 607
f 517 516 452
f 449 452 516
f 672 671 607
f 359 279 360
f 452 449 359
f 282 182 183
f 182 181 126
f 183 182 131
f 282 360 279
f 456 452 360
f 452 456 517
f 517 519 609
f 519 517 456
f 456 360 361
f 517 609 607
f 360 282 361
f 282 279 182
f 126 131 182
f 672 607 609
f 776 722 723
f 722 739 740
f 723 722 740
f 776 785 773
f 8 911 785
f 911 8 86
f 86 90 207
f 90 86 8
f 8 785 787
f 207 311 201
f 785 776 787
f 776 773 722
f 741 740 672
f 740 741 723
f 723 724 778
f 724 723 741
f 741 672 673
f 778 787 776
f 10 8 787
f 8 10 90
f 90 96 211
f 96 90 10
f 10 787 790
f 90 211 207
f 787 778 790
f 778 776 723
f 740 671 672
f 207 211 313
f 672 609 673
f 740 739 671
f 284 183 187
f 134 183 131
f 187 183 134
f 284 361 282
f 458 456 361
f 456 458 519
f 521 519 458
f 610 673 609
f 458 361 362
f 610 609 519
f 361 284 362
f 284 282 183
f 458 362 462
f 284 286 362
f 187 192 286
f 136 192 187
f 187 134 136
f 462 362 363
f 610 521 611
f 610 519 521
f 521 524 611
f 462 524 521
f 458 462 521
f 673 610 674
f 363 362 286
f 284 187 286
f 134 45 136
f 674 610 611
f 780 724 725
f 724 741 742
f 725 724 742
f 780 790 778
f 11 10 790
f 10 11 96
f 96 103 215
f 103 96 11
f 11 790 792
f 96 215 211
f 790 780 792
f 780 778 724
f 743 742 674
f 742 743 725
f 725 726 782
f 743 726 725
f 743 674 675
f 782 792 780
f 13 11 792
f 11 13 103
f 103 108 218
f 13 108 103
f 13 792 794
f 103 218 215
f 794 792 782
f 782 780 725
f 742 673 674
f 215 218 318
f 675 674 611
f 742 741 673
f 131 44 134
f 211 215 315
f 7467 69 7466
f 126 120 42
f 125 69 70
f 7468 69 7467
f 70 69 7468
f 125 165 123
f 219 216 165
f 216 219 262
f 262 264 331
f 264 262 219
f 219 165 166
f 331 383 329
f 165 125 166
f 125 123 69
f 7469 7470 70
f 127 70 72
f 127 125 70
f 219 166 221
f 219 221 264
f 166 167 221
f 167 166 127
f 125 127 166
f 334 264 267
f 70 7470 72
f 7468 7469 70
f 331 264 334
f 459 502 457
f 459 383 384
f 582 502 504
f 459 457 383
f 708 707 655
f 707 708 46
f 655 657 708
f 657 655 582
f 580 582 655
f 46 708 47
f 502 459 504
f 582 580 502
f 461 459 384
f 459 461 504
f 384 385 461
f 385 384 334
f 383 331 384
f 583 504 507
f 709 708 657
f 708 709 47
f 657 659 709
f 659 657 583
f 582 583 657
f 47 709 48
f 504 461 507
f 583 582 504
f 331 334 384
f 46 47 139
f 264 221 267
f 331 329 262
f 7471 7472 72
f 129 72 73
f 129 127 72
f 221 167 224
f 221 224 267
f 167 168 224
f 168 167 129
f 127 129 167
f 267 224 271
f 72 7472 73
f 337 334 267
f 7473 7474 73
f 132 73 74
f 132 129 73
f 224 168 227
f 224 227 271
f 168 169 227
f 227 275 271
f 129 132 168
f 339 271 275
f 73 7474 74
f 7472 7473 73
f 267 271 337
f 464 385 386
f 385 334 337
f 386 385 337
f 464 507 461
f 583 507 585
f 583 585 659
f 660 659 585
f 711 48 709
f 585 507 509
f 709 659 711
f 507 464 509
f 461 385 464
f 585 509 586
f 464 467 509
f 386 387 467
f 467 512 509
f 386 337 339
f 586 509 512
f 711 660 714
f 711 659 660
f 660 661 714
f 714 52 50
f 585 586 660
f 48 711 50
f 586 661 660
f 464 386 467
f 337 271 339
f 50 711 714
f 387 386 339
f 7471 72 7470
f 47 48 142
f 289 192 195
f 192 136 139
f 195 192 139
f 289 363 286
f 465 462 363
f 462 465 524
f 524 527 612
f 527 524 465
f 465 363 364
f 612 675 611
f 363 289 364
f 289 286 192
f 291 195 199
f 142 195 139
f 199 195 142
f 291 364 289
f 468 465 364
f 465 468 527
f 527 530 614
f 530 527 468
f 468 364 367
f 527 614 612
f 364 291 367
f 291 289 195
f 47 142 139
f 612 614 677
f 744 726 743
f 744 675 677
f 784 726 727
f 744 743 675
f 14 13 794
f 13 14 108
f 794 796 14
f 796 794 784
f 782 784 794
f 108 14 114
f 726 744 727
f 784 782 726
f 784 727 786
f 744 745 727
f 727 728 786
f 728 727 745
f 745 677 679
f 786 796 784
f 108 114 222
f 796 16 14
f 114 16 119
f 114 14 16
f 16 796 798
f 222 114 226
f 796 786 798
f 744 677 745
f 675 612 677
f 108 222 218
f 677 614 679
f 612 611 524
f 293 199 203
f 144 199 142
f 203 199 144
f 293 367 291
f 614 530 616
f 468 471 530
f 530 532 616
f 532 530 471
f 471 367 369
f 616 679 614
f 367 293 369
f 468 367 471
f 146 144 50
f 144 146 203
f 203 206 295
f 295 372 369
f 146 50 52
f 295 369 293
f 474 471 369
f 471 474 532
f 532 535 618
f 618 684 681
f 474 369 372
f 532 618 616
f 535 532 474
f 295 293 203
f 142 48 144
f 616 618 681
f 746 728 745
f 746 679 681
f 788 728 729
f 786 728 788
f 114 119 226
f 798 18 16
f 801 798 788
f 18 119 16
f 786 788 798
f 229 226 119
f 728 746 729
f 679 746 745
f 788 729 789
f 746 747 729
f 729 730 789
f 789 803 801
f 747 681 684
f 789 801 788
f 18 801 19
f 18 798 801
f 232 124 128
f 19 124 18
f 19 801 803
f 18 124 119
f 128 124 19
f 746 681 747
f 679 616 681
f 229 119 124
f 730 729 747
f 291 199 293
f 50 144 48
f 222 226 326
f 206 203 146
f 139 136 46
f 218 222 321
f 311 313 419
f 311 207 313
f 534 531 419
f 419 531 418
f 643 640 531
f 640 643 280
f 280 283 403
f 643 283 280
f 643 531 534
f 403 2658 402
f 420 419 313
f 419 418 311
f 419 420 534
f 420 313 315
f 536 420 421
f 534 420 536
f 283 646 285
f 283 643 646
f 646 648 285
f 648 646 536
f 646 534 536
f 403 283 404
f 420 315 421
f 646 643 534
f 211 315 313
f 404 283 285
f 562 1175 558
f 562 2658 2662
f 692 1175 1177
f 562 558 2658
f 130 122 755
f 122 130 234
f 755 756 130
f 756 755 692
f 689 692 755
f 234 130 236
f 1175 562 1177
f 692 689 1175
f 564 562 2662
f 562 564 1177
f 2662 2665 564
f 404 2665 2662
f 2658 403 2662
f 694 1177 1180
f 135 130 756
f 130 135 236
f 756 757 135
f 694 757 756
f 692 694 756
f 236 135 237
f 1180 1177 564
f 694 692 1177
f 403 404 2662
f 234 236 343
f 285 405 404
f 403 402 280
f 538 421 423
f 318 421 315
f 423 421 318
f 538 648 536
f 404 405 2665
f 648 288 285
f 2665 405 2667
f 405 285 288
f 288 648 650
f 407 405 288
f 648 538 650
f 536 421 538
f 540 423 427
f 321 423 318
f 427 423 321
f 540 650 538
f 405 407 2667
f 650 290 288
f 2667 407 2669
f 407 288 290
f 290 650 652
f 409 2669 407
f 650 540 652
f 538 423 540
f 218 321 318
f 2665 2667 567
f 1180 567 1183
f 1180 564 567
f 1183 567 570
f 1180 1183 696
f 138 135 757
f 135 138 237
f 757 758 138
f 696 758 757
f 694 696 757
f 237 138 238
f 696 1183 699
f 696 694 1180
f 699 758 696
f 1183 1185 699
f 570 572 1185
f 572 570 2669
f 567 2667 570
f 760 699 701
f 140 138 758
f 138 140 238
f 239 140 143
f 760 140 758
f 758 699 760
f 238 140 239
f 699 1185 701
f 1183 570 1185
f 2667 2669 570
f 237 238 345
f 407 290 409
f 567 564 2665
f 215 318 315
f 236 237 344
f 2660 460 463
f 460 340 343
f 463 460 343
f 2660 909 2664
f 806 805 909
f 805 806 972
f 972 975 1132
f 975 972 806
f 806 909 915
f 1132 1171 1129
f 909 2660 915
f 2660 2664 460
f 463 344 466
f 344 463 343
f 466 344 345
f 463 466 2663
f 807 806 915
f 806 807 975
f 915 918 807
f 2663 918 915
f 2660 2663 915
f 1135 975 978
f 975 807 978
f 2663 2660 463
f 236 344 343
f 1132 975 1135
f 960 950 956
f 960 1171 1174
f 1243 950 954
f 960 956 1171
f 2422 2419 71
f 2419 2422 2495
f 71 528 2422
f 528 71 1243
f 1240 1243 71
f 2495 2422 2501
f 950 960 954
f 1243 1240 950
f 964 960 1174
f 960 964 954
f 1174 1178 964
f 1135 1178 1174
f 1171 1132 1174
f 1245 954 958
f 2425 2422 528
f 2422 2425 2501
f 528 533 2425
f 1245 533 528
f 1243 1245 528
f 2501 2425 2507
f 958 954 964
f 1245 1243 954
f 1132 1135 1174
f 2495 2501 2274
f 2666 2663 466
f 1132 1129 972
f 469 2666 466
f 469 345 346
f 920 918 2666
f 2666 918 2663
f 809 807 918
f 807 809 978
f 978 982 1138
f 809 982 978
f 809 918 920
f 1138 1178 1135
f 2668 2666 469
f 466 345 469
f 2668 920 2666
f 469 472 2668
f 346 347 472
f 347 346 239
f 345 238 346
f 923 2668 2672
f 811 809 920
f 809 811 982
f 984 982 811
f 923 811 920
f 920 2668 923
f 1142 982 984
f 2668 472 2672
f 469 346 472
f 344 237 345
f 1138 982 1142
f 967 958 964
f 967 1178 1181
f 1247 958 1084
f 967 964 1178
f 2430 2425 533
f 2425 2430 2507
f 533 537 2430
f 537 533 1247
f 1245 1247 533
f 2507 2430 2515
f 958 967 1084
f 1247 1245 958
f 971 967 1181
f 967 971 1084
f 1181 1184 971
f 1142 1184 1181
f 1178 1138 1181
f 1249 1084 1091
f 2436 2430 537
f 2430 2436 2515
f 537 541 2436
f 1249 541 537
f 1247 1249 537
f 2515 2436 2520
f 1091 1084 971
f 1249 1247 1084
f 1138 1142 1181
f 2507 2515 2283
f 811 923 813
f 1138 1135 978
f 346 238 239
f 2501 2507 2278
f 140 760 143
f 343 340 234
f 542 427 431
f 326 427 321
f 431 427 326
f 542 652 540
f 2669 409 2671
f 290 292 409
f 409 411 2671
f 411 409 292
f 292 652 654
f 2671 572 2669
f 652 542 654
f 290 652 292
f 435 543 431
f 330 431 326
f 330 326 226
f 330 435 431
f 294 292 654
f 292 294 411
f 654 656 294
f 543 656 654
f 542 543 654
f 2671 411 2673
f 411 294 413
f 543 542 431
f 321 222 326
f 413 2673 411
f 1187 701 1185
f 1187 572 576
f 763 701 703
f 760 701 763
f 472 347 475
f 239 240 347
f 143 145 240
f 145 143 763
f 760 763 143
f 347 240 348
f 701 1187 703
f 239 143 240
f 1190 1187 576
f 1187 1190 703
f 576 579 1190
f 2673 579 576
f 572 2671 576
f 765 703 705
f 241 240 145
f 240 241 348
f 145 147 241
f 765 147 145
f 763 765 145
f 348 241 349
f 705 703 1190
f 765 763 703
f 2671 2673 576
f 475 347 348
f 229 333 330
f 1185 572 1187
f 545 435 440
f 333 435 330
f 440 435 333
f 545 656 543
f 296 294 656
f 294 296 413
f 416 413 296
f 2646 579 2673
f 296 656 658
f 2646 2673 413
f 656 545 658
f 545 543 435
f 2779 658 545
f 440 2779 545
f 2782 658 7546
f 2782 296 658
f 2646 2780 579
f 7551 2780 2646
f 416 7550 2646
f 416 2646 413
f 2782 416 296
f 7553 1192 2780
f 232 336 333
f 336 440 333
f 333 229 232
f 579 2780 1192
f 705 1192 2781
f 705 1190 1192
f 7556 2781 7555
f 705 2781 767
f 2783 241 147
f 241 2783 349
f 349 2783 7562
f 147 7560 2783
f 765 767 147
f 767 7559 147
f 2781 7557 767
f 767 765 705
f 7559 767 7558
f 7556 7557 2781
f 7560 147 7559
f 7563 349 7562
f 7561 2783 7560
f 2783 7561 7562
f 7557 7558 767
f 7555 2781 1192
f 348 349 477
f 7548 416 2782
f 1192 1190 579
f 229 124 232
f 7563 7564 349
f 928 2672 2674
f 2672 472 475
f 2674 2672 475
f 928 813 923
f 1144 1142 984
f 1142 1144 1184
f 984 987 1144
f 813 987 984
f 811 813 984
f 1188 1184 1144
f 813 928 815
f 2672 928 923
f 933 2674 2670
f 477 2674 475
f 2670 2674 477
f 933 815 928
f 987 815 990
f 987 813 815
f 1191 1147 1150
f 990 1147 987
f 990 815 819
f 987 1147 1144
f 815 933 819
f 928 2674 933
f 348 477 475
f 1188 1144 1147
f 974 1091 971
f 974 1184 1188
f 1096 1091 974
f 1229 1091 1096
f 2440 2436 541
f 2436 2440 2520
f 541 544 2440
f 1229 544 541
f 1249 1229 541
f 2520 2440 2526
f 977 974 1188
f 1229 1249 1091
f 1096 977 1100
f 1096 974 977
f 977 980 1100
f 980 977 1191
f 1188 1191 977
f 1096 1100 1231
f 2444 2440 544
f 2440 2444 2526
f 544 546 2444
f 1231 546 544
f 1229 1231 544
f 2526 2444 2532
f 1231 1100 1234
f 1231 1229 1096
f 1188 1147 1191
f 2520 2526 2293
f 1147 990 1150
f 974 971 1184
f 7566 2670 477
f 7566 7567 2670
f 990 819 993
f 933 2861 819
f 2861 2679 819
f 7569 2861 2670
f 2861 7572 2679
f 819 2679 823
f 7568 2670 7567
f 477 7565 7566
f 7571 2861 7570
f 7570 2861 7569
f 7573 2679 7572
f 997 993 823
f 7574 823 2679
f 2861 7571 7572
f 7569 2670 7568
f 477 7564 7565
f 819 823 993
f 1191 1193 980
f 1150 990 993
f 1100 1105 1234
f 1100 980 1105
f 2448 2444 546
f 2444 2448 2532
f 546 547 2448
f 1234 547 546
f 1231 1234 546
f 2532 2448 2539
f 993 1154 1150
f 1150 1193 1191
f 985 980 1193
f 980 985 1105
f 1193 1195 985
f 1154 1195 1193
f 1193 1150 1154
f 1237 1105 1112
f 2453 2448 547
f 2448 2453 2539
f 547 548 2453
f 1237 548 547
f 1234 1237 547
f 2539 2453 2543
f 1112 1105 985
f 1237 1234 1105
f 1154 993 997
f 2532 2539 2302
f 7573 7574 2679
f 933 2670 2861
f 349 7564 477
f 2526 2532 2298
f 540 427 542
f 330 226 229
f 2515 2520 2289
f 169 168 132
f 207 201 86
f 7475 7476 74
f 133 74 75
f 133 132 74
f 227 169 231
f 275 227 231
f 133 170 169
f 341 387 339
f 132 133 169
f 339 275 341
f 74 7476 75
f 470 467 387
f 7477 7478 75
f 137 133 75
f 137 170 133
f 278 275 231
f 275 278 341
f 231 233 278
f 170 233 231
f 169 170 231
f 388 341 342
f 341 278 342
f 75 7476 7477
f 387 341 388
f 588 512 514
f 512 467 470
f 514 512 470
f 588 661 586
f 714 661 716
f 714 716 52
f 54 52 716
f 148 206 146
f 716 661 662
f 146 52 148
f 661 588 662
f 586 512 588
f 590 662 588
f 473 470 388
f 54 148 52
f 54 149 148
f 718 716 662
f 718 54 716
f 210 206 148
f 206 210 297
f 210 2773 297
f 7516 2773 210
f 210 148 149
f 373 297 2773
f 590 588 514
f 473 514 470
f 470 387 388
f 297 372 295
f 7479 75 7478
f 297 295 206
f 7479 7480 76
f 76 7480 7481
f 76 137 75
f 171 170 137
f 233 170 171
f 389 388 342
f 473 388 389
f 278 281 342
f 281 278 233
f 137 141 171
f 76 75 7479
f 141 137 76
f 7482 76 7481
f 171 235 233
f 2771 342 281
f 342 2771 389
f 7504 515 2770
f 389 7502 2770
f 2771 281 2769
f 389 2770 473
f 7501 389 2771
f 233 235 281
f 473 2770 515
f 2876 2772 662
f 7507 2876 590
f 7510 718 2772
f 2772 718 662
f 2775 54 718
f 54 2775 149
f 7516 7517 2773
f 2775 7513 149
f 2775 718 7511
f 210 149 7515
f 7509 7510 2772
f 662 590 2876
f 7512 7513 2775
f 2775 7511 7512
f 7511 718 7510
f 515 7506 590
f 210 7515 7516
f 7514 149 7513
f 149 7514 7515
f 2772 2876 7509
f 514 515 590
f 7482 7483 76
f 515 514 473
f 7518 2773 7517
f 618 535 619
f 474 476 535
f 618 619 684
f 747 684 748
f 19 803 2778
f 789 791 803
f 440 336 7541
f 232 2784 336
f 2778 128 19
f 232 128 2784
f 748 730 747
f 789 730 791
f 2776 748 684
f 619 2877 684
f 748 2777 730
f 2777 791 730
f 7539 336 2784
f 7537 2784 128
f 7536 128 2778
f 803 791 7533
f 2778 803 7534
f 336 7540 7541
f 539 535 476
f 619 535 539
f 372 373 476
f 7541 7542 440
f 7550 7551 2646
f 416 7549 7550
f 7551 7552 2780
f 7555 1192 7554
f 7553 2780 7552
f 1192 7553 7554
f 7546 658 7545
f 7543 7544 2779
f 440 7543 2779
f 7549 416 7548
f 2782 7546 7547
f 7547 7548 2782
f 7544 7545 2779
f 7542 7543 440
f 372 476 474
f 2774 539 476
f 7522 539 2774
f 2877 619 7524
f 619 539 7524
f 2776 2877 7526
f 2776 684 2877
f 7526 7527 2776
f 7526 2877 7525
f 7527 7528 748
f 2774 373 7520
f 476 373 2774
f 7520 7521 2774
f 7518 7519 373
f 7520 373 7519
f 7524 7525 2877
f 7522 7523 539
f 7524 539 7523
f 7521 7522 2774
f 372 297 373
f 7535 7536 2778
f 2778 7534 7535
f 7536 7537 128
f 336 7539 7540
f 7538 2784 7537
f 7538 7539 2784
f 7530 791 2777
f 7532 791 7531
f 7529 7530 2777
f 7530 7531 791
f 803 7533 7534
f 7533 791 7532
f 7528 7529 2777
f 748 7528 2777
f 748 2776 7527
f 2773 7518 373
f 74 7474 7475
f 7484 7485 76
f 7485 7486 76
f 2768 235 171
f 141 7493 2768
f 7486 7487 141
f 76 7486 141
f 7488 141 7487
f 2768 171 141
f 7489 7490 141
f 7490 7491 141
f 7495 7496 2768
f 7491 7492 141
f 7495 2768 7494
f 7492 7493 141
f 141 7488 7489
f 2768 7496 235
f 2769 7499 2771
f 2769 235 7497
f 515 7504 7505
f 515 7505 7506
f 7509 2876 7508
f 7507 590 7506
f 2876 7507 7508
f 281 235 2769
f 2771 7499 7500
f 7497 7498 2769
f 2771 7500 7501
f 2770 7503 7504
f 389 7501 7502
f 7502 7503 2770
f 2769 7498 7499
f 235 7496 7497
f 7483 7484 76
f 7493 7494 2768
f 2795 7611 7612
f 2796 7612 7613
f 2795 7610 7611
f 7613 7614 2796
f 2796 7615 7616
f 7617 2796 7616
f 2797 7618 7619
f 7619 7620 2797
f 7618 2797 7617
f 2796 7614 7615
f 2797 7620 7621
f 7608 483 7607
f 7607 481 7606
f 2793 7603 7604
f 7606 481 7605
f 2793 7604 7605
f 2794 7608 7609
f 2796 7617 2797
f 2794 7610 2795
f 7622 7623 2797
f 7623 493 2797
f 485 2794 2795
f 7609 7610 2794
f 493 7624 7625
f 2796 487 2795
f 493 7623 7624
f 2797 489 2796
f 2796 2795 7612
f 7622 2797 7621
f 2794 483 7608
f 2789 7592 7593
f 7593 7594 2789
f 966 7589 7590
f 7592 2788 7591
f 7591 2788 7590
f 7595 2790 7594
f 7598 7599 810
f 810 7599 2792
f 7596 7597 808
f 2790 7596 808
f 808 7597 7598
f 7598 810 808
f 7595 7596 2790
f 7599 7600 2792
f 979 808 810
f 7587 7588 962
f 2786 7586 7587
f 2787 7583 7584
f 7584 7585 2787
f 7586 2786 7585
f 7582 7583 2785
f 7589 962 7588
f 970 966 2788
f 962 7589 966
f 2788 7592 970
f 7592 2789 970
f 7590 2788 966
f 973 2789 2790
f 970 973 856
f 973 970 2789
f 976 979 862
f 976 2790 808
f 973 2790 976
f 973 976 859
f 808 979 976
f 966 970 852
f 7594 2790 2789
f 962 966 849
f 810 981 979
f 2791 7601 7602
f 7605 481 2793
f 7603 2793 2791
f 7601 2791 812
f 812 2792 7601
f 483 818 481
f 2791 7602 7603
f 481 816 2793
f 2793 814 2791
f 483 481 7607
f 7601 2792 7600
f 822 485 487
f 485 2795 487
f 2796 489 487
f 483 2794 485
f 493 7626 7627
f 828 489 493
f 489 2797 493
f 493 7628 830
f 493 7627 7628
f 487 489 825
f 820 483 485
f 7626 493 7625
f 830 7628 7629
f 812 814 983
f 812 2791 814
f 814 2793 816
f 814 816 986
f 981 983 867
f 981 812 983
f 818 988 816
f 986 983 814
f 816 988 986
f 983 986 869
f 481 818 816
f 981 810 812
f 992 820 822
f 820 485 822
f 489 828 825
f 825 822 487
f 818 483 820
f 994 822 825
f 999 828 830
f 828 493 830
f 6890 6891 830
f 830 7630 6890
f 825 828 996
f 818 820 989
f 7630 830 7629
f 999 830 6891
f 812 810 2792
f 979 981 865
f 962 2786 7587
f 7576 827 823
f 7576 823 7575
f 7577 827 7576
f 827 7577 7578
f 7578 7579 827
f 827 7579 832
f 823 827 997
f 832 7580 7581
f 2787 835 7583
f 7581 7582 2785
f 832 2785 835
f 2785 832 7581
f 835 840 1009
f 2785 7583 835
f 2787 840 835
f 832 835 1003
f 2787 2786 840
f 7580 832 7579
f 827 832 1001
f 997 1001 1128
f 1001 997 827
f 1128 1001 1314
f 1128 1195 1154
f 991 1112 985
f 991 1195 1198
f 991 1198 995
f 1198 1195 1128
f 1128 1314 1198
f 1201 1198 1314
f 1001 1003 1314
f 1154 997 1128
f 1318 1201 1314
f 1318 1003 1009
f 1009 1322 1318
f 1013 1322 1009
f 1003 835 1009
f 1318 1322 817
f 995 1201 998
f 995 1198 1201
f 1000 998 817
f 817 998 1201
f 1201 1318 817
f 995 998 1126
f 817 1322 821
f 1314 1003 1318
f 1001 832 1003
f 991 995 1119
f 1009 840 1013
f 991 985 1195
f 962 844 2786
f 962 849 844
f 844 849 1016
f 844 1013 840
f 1013 1016 1324
f 1013 844 1016
f 1019 852 1022
f 1019 1016 849
f 852 1019 849
f 1016 1019 1326
f 852 849 966
f 1322 1013 1324
f 856 859 1026
f 852 970 856
f 862 859 976
f 859 862 1029
f 1022 1026 1330
f 1022 856 1026
f 1031 862 865
f 1029 1026 859
f 862 1031 1029
f 1026 1029 1333
f 862 979 865
f 856 1022 852
f 859 856 973
f 1019 1022 1328
f 1324 1326 824
f 1324 1016 1326
f 1326 1019 1328
f 1326 1328 826
f 1002 1000 821
f 1000 817 821
f 1002 821 824
f 826 824 1326
f 821 1324 824
f 826 1005 824
f 1328 829 826
f 821 1322 1324
f 1330 1333 831
f 1330 1026 1333
f 837 1336 1338
f 1336 1333 1029
f 1328 1022 1330
f 1333 1336 833
f 1008 826 829
f 831 829 1330
f 1014 831 833
f 837 833 1336
f 831 1333 833
f 1011 829 831
f 1338 1336 1031
f 1330 829 1328
f 1031 1336 1029
f 1017 833 837
f 1017 837 1020
f 840 2786 844
f 7585 2786 2787
f 998 1000 1130
f 1112 1119 1239
f 1112 991 1119
f 1119 995 1126
f 1119 1126 1241
f 548 1239 549
f 548 1237 1239
f 550 549 1241
f 1241 549 1239
f 1239 1119 1241
f 548 549 2457
f 1126 1242 1241
f 1237 1112 1239
f 1000 1134 1130
f 1130 1126 998
f 1134 1002 1137
f 1130 1134 1244
f 550 1241 1242
f 1242 1130 1244
f 566 1246 1248
f 1246 1244 1134
f 1137 1246 1134
f 556 1242 1244
f 1002 1005 1137
f 1130 1242 1126
f 1000 1002 1134
f 561 1244 1246
f 549 2428 2457
f 2428 549 550
f 2428 550 2433
f 2457 2428 2549
f 2543 2549 2308
f 2543 2457 2549
f 2553 2433 2558
f 2553 2549 2428
f 2433 2553 2428
f 2549 2553 2310
f 550 556 2433
f 2543 2453 2457
f 2439 2558 2433
f 2439 556 561
f 2439 561 2443
f 566 561 1246
f 556 1244 561
f 2443 561 566
f 2558 2566 2314
f 2558 2439 2566
f 2443 2571 2566
f 2449 2571 2443
f 2439 2443 2566
f 2566 2571 2316
f 2443 566 2449
f 2439 2433 556
f 550 1242 556
f 2553 2558 2312
f 1246 1137 1248
f 2453 548 2457
f 1005 1008 1141
f 1008 1005 826
f 1011 1008 829
f 1008 1011 1145
f 1248 1141 1250
f 1248 1137 1141
f 1250 1145 1251
f 1145 1250 1141
f 1141 1008 1145
f 1248 1250 573
f 1011 1149 1145
f 1141 1137 1005
f 1149 1014 1152
f 1014 1149 1011
f 1152 1017 1156
f 1017 1152 1014
f 1014 833 1017
f 1149 1152 1252
f 1251 1252 581
f 1251 1149 1252
f 587 1253 1254
f 1253 1252 1152
f 1156 1253 1152
f 1252 1253 584
f 1156 1017 1020
f 1149 1251 1145
f 1011 831 1014
f 1250 1251 577
f 2452 2449 573
f 2449 566 573
f 577 573 1250
f 2452 573 577
f 2575 2452 2580
f 2452 2575 2449
f 2580 2456 2585
f 2456 2580 2452
f 2452 577 2456
f 2575 2580 2320
f 577 581 2456
f 2449 2575 2571
f 2460 2585 2456
f 2460 581 584
f 2460 584 2464
f 587 584 1253
f 581 1252 584
f 2464 584 587
f 2585 2592 2325
f 2585 2460 2592
f 2464 2596 2592
f 2470 2596 2464
f 2460 2464 2592
f 2592 2596 2327
f 2470 2464 587
f 2460 2456 581
f 577 1251 581
f 2580 2585 2323
f 1254 1253 1156
f 573 566 1248
f 1002 824 1005
f 2571 2575 2318
f 1031 865 1033
f 823 7574 7575
f 1037 1033 867
f 867 1033 865
f 867 983 869
f 1037 867 869
f 1338 1341 839
f 1338 1033 1341
f 1341 1037 1080
f 1039 1037 869
f 1033 1037 1341
f 1039 1080 1037
f 869 870 1039
f 1033 1338 1031
f 873 870 988
f 870 869 986
f 989 988 818
f 873 988 989
f 1042 873 1045
f 873 1042 870
f 1088 1045 1047
f 875 1045 873
f 873 989 875
f 1082 1039 1042
f 989 992 875
f 870 1042 1039
f 865 981 867
f 1085 1042 1045
f 1341 842 839
f 842 1341 1080
f 842 1080 845
f 839 842 1024
f 1020 1024 1158
f 1020 839 1024
f 1027 845 1030
f 1027 1024 842
f 845 1027 842
f 1024 1027 1163
f 1080 1082 845
f 1020 837 839
f 847 1030 845
f 847 1082 1085
f 847 1085 851
f 1088 1085 1045
f 1082 1042 1085
f 851 1085 1088
f 1030 1034 1173
f 1030 847 1034
f 851 1038 1034
f 854 1038 851
f 847 851 1034
f 1034 1038 1176
f 851 1088 854
f 847 845 1082
f 1080 1039 1082
f 1027 1030 1169
f 1045 875 1047
f 839 837 1338
f 992 994 878
f 994 992 822
f 996 994 825
f 994 996 880
f 1047 878 1050
f 1047 875 878
f 1052 1050 880
f 880 1050 878
f 878 994 880
f 1047 1050 1089
f 996 882 880
f 878 875 992
f 883 882 999
f 999 882 996
f 999 6892 883
f 999 6891 6892
f 6893 883 6892
f 882 883 1054
f 2799 883 6894
f 6894 6895 2799
f 883 6893 6894
f 2799 1054 883
f 1052 880 882
f 996 828 999
f 6896 2799 6895
f 1050 1092 1089
f 1092 1050 1052
f 1092 1052 1094
f 1089 1092 858
f 854 858 1041
f 854 1089 858
f 861 1094 863
f 861 858 1092
f 1094 861 1092
f 1044 858 861
f 1052 1054 1094
f 854 1088 1089
f 1097 863 1094
f 1054 2799 1097
f 6896 6897 1097
f 2799 6896 1097
f 1097 6897 6898
f 861 863 1046
f 6899 1049 863
f 6898 6899 863
f 863 1097 6898
f 1097 1094 1054
f 1052 882 1054
f 854 1041 1038
f 1089 1088 1047
f 989 820 992
f 6899 6900 1049
f 1255 1254 1158
f 1254 1156 1158
f 1158 1024 1163
f 1255 1158 1163
f 589 1255 591
f 1255 589 1254
f 592 591 1256
f 1256 591 1255
f 1255 1163 1256
f 589 591 2474
f 1163 1169 1256
f 589 2470 587
f 1169 1173 1257
f 1169 1030 1173
f 1173 1034 1176
f 1173 1176 1258
f 592 1256 1257
f 1257 1173 1258
f 601 1259 1261
f 1259 1258 1176
f 1179 1259 1176
f 594 1257 1258
f 1038 1179 1176
f 1169 1257 1256
f 1027 1169 1163
f 598 1258 1259
f 589 2474 2470
f 591 592 2478
f 591 2478 2474
f 2470 2474 2600
f 2600 2606 2334
f 2600 2474 2606
f 2478 2612 2606
f 2483 2612 2478
f 2474 2478 2606
f 2606 2612 2337
f 2478 592 2483
f 2470 2600 2596
f 2488 2483 594
f 594 2483 592
f 2488 594 598
f 601 598 1259
f 594 1258 598
f 2493 598 601
f 2618 2488 2633
f 2488 2618 2483
f 2633 2493 2593
f 2493 2633 2488
f 2488 598 2493
f 2618 2633 2344
f 601 2496 2493
f 2483 2618 2612
f 592 1257 594
f 2612 2618 2340
f 1259 1179 1261
f 589 587 1254
f 1041 1044 1182
f 1044 1041 858
f 1046 1044 861
f 1044 1046 1186
f 1261 1182 1262
f 1261 1179 1182
f 1262 1186 1264
f 1186 1262 1182
f 1182 1044 1186
f 1261 1262 604
f 1046 1189 1186
f 601 1261 604
f 1049 2798 1189
f 2798 1049 6901
f 6901 6902 2798
f 1049 6900 6901
f 2798 6902 6903
f 1264 1189 1265
f 1189 1264 1186
f 1265 6903 6904
f 1265 1189 2798
f 2798 6903 1265
f 1264 1265 608
f 1049 1189 1046
f 1046 863 1049
f 1262 1264 606
f 2502 2496 604
f 2496 601 604
f 604 1262 606
f 2502 604 606
f 2593 2597 2347
f 2593 2496 2597
f 2597 2502 2601
f 2506 2502 606
f 2496 2502 2597
f 2506 2601 2502
f 606 608 2506
f 2593 2493 2496
f 608 6906 2511
f 6906 608 6905
f 6905 608 1265
f 606 1264 608
f 2506 2511 2605
f 6909 2511 6908
f 6907 6908 2511
f 2511 6906 6907
f 608 2511 2506
f 6905 1265 6904
f 6909 2605 2511
f 1179 1041 1182
f 1041 1179 1038
f 2633 2593 2346
f 1158 1156 1020
f 986 988 870
f 2596 2600 2330
f 658 2779 7545
f 2539 2543 2305
f 2447 2274 2451
f 2447 2270 2274
f 2451 2274 2278
f 2447 2451 2454
f 2613 2454 2614
f 2613 2450 2454
f 2099 2614 2101
f 2614 2099 2613
f 2614 2454 2458
f 2099 2202 2097
f 2454 2451 2458
f 2454 2450 2447
f 2278 2283 2455
f 2278 2507 2283
f 2462 2455 2459
f 2455 2458 2451
f 2603 2614 2458
f 2614 2603 2101
f 2104 2603 2609
f 2462 2603 2458
f 2458 2455 2462
f 2101 2603 2104
f 2455 2283 2459
f 2455 2451 2278
f 2501 2278 2274
f 2099 2101 2205
f 2202 2205 2324
f 2202 2099 2205
f 2189 2324 2326
f 2324 2186 2321
f 2311 2309 2186
f 2309 2311 2343
f 2311 2189 2313
f 2189 2311 2186
f 2186 2324 2189
f 2343 2311 2348
f 2324 2205 2326
f 2324 2321 2202
f 2326 2208 2328
f 2208 2326 2205
f 2208 2210 2328
f 2210 2208 2104
f 2205 2101 2208
f 2326 2328 2192
f 2348 2313 2350
f 2348 2311 2313
f 2313 2315 2350
f 2192 2315 2313
f 2189 2192 2313
f 2348 2350 1332
f 2192 2328 2194
f 2189 2326 2192
f 2104 2208 2101
f 2343 2348 1329
f 2603 2462 2609
f 2099 2097 2613
f 2459 2289 2463
f 2289 2459 2283
f 2463 2289 2293
f 2459 2463 2469
f 2609 2469 2615
f 2609 2462 2469
f 2105 2615 2106
f 2615 2105 2609
f 2615 2469 2472
f 2105 2210 2104
f 2469 2463 2472
f 2104 2609 2105
f 2293 2298 2468
f 2293 2526 2298
f 2477 2468 2471
f 2468 2472 2463
f 2620 2615 2472
f 2615 2620 2106
f 2107 2620 2624
f 2477 2620 2472
f 2472 2468 2477
f 2106 2620 2107
f 2468 2298 2471
f 2468 2463 2293
f 2520 2293 2289
f 2105 2106 2213
f 2210 2213 2331
f 2210 2105 2213
f 2197 2194 2331
f 2331 2194 2328
f 2315 2194 2319
f 2315 2192 2194
f 2359 2354 2319
f 2319 2354 2315
f 2319 2194 2197
f 2315 2354 2350
f 2331 2213 2333
f 2210 2331 2328
f 2333 2215 2336
f 2333 2197 2331
f 2215 2217 2336
f 2217 2215 2107
f 2213 2106 2215
f 2333 2336 2199
f 2197 2322 2319
f 2322 2197 2199
f 2199 2231 2322
f 2201 2231 2199
f 2197 2333 2199
f 2359 2319 2322
f 2199 2336 2201
f 2333 2213 2215
f 2107 2215 2106
f 2365 2322 2231
f 2620 2477 2624
f 2462 2459 2469
f 2515 2289 2283
f 2350 2354 1337
f 1329 1332 1452
f 1329 2348 1332
f 1571 5918 1452
f 1329 1452 5920
f 5919 5920 1452
f 1571 5917 5918
f 5919 1452 5918
f 1452 1332 1457
f 5920 5921 1329
f 1462 1457 1337
f 1457 1571 1452
f 1337 2354 1343
f 1462 1337 1343
f 5917 1571 2800
f 1571 1457 1574
f 1462 1578 1574
f 1465 1578 1462
f 1457 1462 1574
f 2800 1571 1574
f 1707 1705 1578
f 1457 1332 1337
f 2350 1337 1332
f 1705 1574 1578
f 5915 5916 2800
f 2800 5916 5917
f 2802 2800 1705
f 5915 2800 2802
f 5914 5915 2802
f 2801 5912 5913
f 5913 5914 2801
f 2801 5914 2802
f 2801 1705 1812
f 1705 2801 2802
f 2803 2804 5910
f 1812 2803 2801
f 1812 1705 1707
f 2803 5911 5912
f 5910 5911 2803
f 2804 5908 5909
f 5909 5910 2804
f 1911 2803 1812
f 2803 5912 2801
f 2800 1574 1705
f 1465 1462 1343
f 1347 1465 1343
f 1347 2359 2365
f 1581 1465 1467
f 1578 1465 1581
f 2803 1911 2804
f 1707 1814 1812
f 1711 1707 1581
f 1814 1911 1812
f 1578 1581 1707
f 1984 2804 1911
f 1465 1347 1467
f 2805 5908 2804
f 1581 1467 1584
f 1347 1349 1467
f 1467 1469 1584
f 1469 1467 1349
f 1349 2365 2371
f 1584 1711 1581
f 1814 1711 1816
f 1814 1707 1711
f 1986 1984 1912
f 1816 1912 1814
f 1816 1711 1714
f 1814 1912 1911
f 1711 1584 1714
f 1347 2365 1349
f 2359 2322 2365
f 1984 1911 1912
f 2805 5907 5908
f 2805 2804 1984
f 5906 2805 2806
f 5907 2805 5906
f 2806 5905 5906
f 2808 5903 5904
f 5904 5905 2806
f 2805 1984 2051
f 5903 2808 5902
f 2808 5904 2806
f 2806 2127 2808
f 2051 2127 2806
f 2806 2805 2051
f 5901 5902 2807
f 2807 5900 5901
f 2219 5898 5899
f 5899 5900 2219
f 2807 5902 2808
f 2051 1984 1986
f 1816 1913 1912
f 2359 1347 1343
f 1343 2354 2359
f 2365 2231 2371
f 2471 2302 2476
f 2302 2471 2298
f 2476 2302 2305
f 2471 2476 2482
f 2336 2217 2339
f 2107 2108 2217
f 2624 2629 2108
f 2482 2629 2624
f 2477 2482 2624
f 2217 2108 2220
f 2482 2476 2487
f 2107 2624 2108
f 2481 2487 2476
f 2481 2305 2308
f 1988 2487 2492
f 2487 2629 2482
f 2109 2108 2629
f 2108 2109 2220
f 2223 2109 2111
f 1988 2109 2629
f 2629 2487 1988
f 2220 2109 2223
f 2487 2481 2492
f 2476 2305 2481
f 2539 2305 2302
f 2217 2220 2339
f 2234 2201 2203
f 2201 2336 2339
f 2203 2201 2339
f 2234 2371 2231
f 1584 1469 1587
f 1349 1351 1469
f 1469 1472 1587
f 1472 1469 1351
f 1351 2371 2379
f 1587 1714 1584
f 2371 2234 2379
f 1349 2371 1351
f 2237 2203 2204
f 2203 2339 2341
f 2383 2379 2237
f 2203 2341 2204
f 2220 2341 2339
f 2237 2379 2234
f 1353 1351 2379
f 1351 1353 1472
f 1472 1474 1590
f 1353 1474 1472
f 1353 2379 2383
f 1472 1590 1587
f 2223 2342 2341
f 2237 2234 2203
f 2220 2223 2341
f 1587 1590 1717
f 2109 1988 2111
f 2231 2201 2234
f 2484 2492 2481
f 2484 2308 2310
f 1991 2492 2499
f 1988 2492 1991
f 2342 2204 2341
f 2223 2225 2342
f 2111 2112 2225
f 2112 2111 1991
f 1988 1991 2111
f 2342 2225 2345
f 2492 2484 2499
f 2223 2111 2225
f 2490 2499 2484
f 2490 2310 2312
f 1993 2499 2503
f 2490 2484 2310
f 2811 2225 2112
f 2225 2811 2345
f 2812 2345 2811
f 2112 6969 2811
f 1991 1993 2112
f 2207 2345 2812
f 2499 2490 2503
f 1993 1991 2499
f 2549 2310 2308
f 2342 2345 2206
f 2204 2206 2239
f 2206 2204 2342
f 2386 2383 2239
f 2239 2383 2237
f 1355 1353 2383
f 1353 1355 1474
f 1474 1475 1593
f 1355 1475 1474
f 1355 2383 2386
f 1474 1593 1590
f 2242 2239 2206
f 2239 2237 2204
f 2386 2242 2390
f 2242 2386 2239
f 2242 2244 2390
f 2244 2242 2207
f 2242 2206 2207
f 2386 2390 1357
f 1475 1357 1476
f 1475 1355 1357
f 1720 1594 1595
f 1476 1594 1475
f 1476 1357 1358
f 1475 1594 1593
f 1357 2390 1358
f 1357 1355 2386
f 2206 2345 2207
f 1593 1594 1719
f 6969 2112 1993
f 2481 2308 2484
f 2543 2308 2305
f 1590 1593 1718
f 1820 1913 1816
f 1820 1714 1717
f 1989 1913 1914
f 1913 1986 1912
f 2056 2051 1986
f 2051 2056 2127
f 2056 1989 2062
f 1989 2056 1986
f 1986 1913 1989
f 2127 2056 2131
f 1913 1820 1914
f 1714 1820 1816
f 1822 1914 1820
f 1822 1717 1718
f 1992 1914 1915
f 1989 1914 1992
f 2131 2062 2134
f 2056 2062 2131
f 2062 2064 2134
f 2064 2062 1992
f 1992 2062 1989
f 2131 2134 2269
f 1914 1822 1915
f 1820 1717 1822
f 1714 1587 1717
f 2127 2131 2267
f 2219 2807 2078
f 2807 2808 2267
f 2078 2807 2267
f 2219 5897 5898
f 2110 5896 5897
f 2809 5894 5895
f 5895 5896 2809
f 2219 2110 5897
f 5900 2807 2219
f 2078 2269 2082
f 2269 2078 2267
f 2113 2110 2222
f 2082 2222 2078
f 2082 2269 2271
f 2222 2110 2219
f 2809 2110 1207
f 2809 5896 2110
f 1362 1207 1363
f 1207 1362 2809
f 1207 2110 2113
f 2809 1362 5894
f 2222 2082 2226
f 2219 2078 2222
f 2267 2131 2269
f 5894 1362 5893
f 2269 2134 2271
f 2808 2127 2267
f 1718 1719 1825
f 1719 1718 1593
f 1916 1915 1825
f 1825 1915 1822
f 2134 2064 2137
f 1992 1995 2064
f 2064 2065 2137
f 1995 2065 2064
f 1995 1915 1916
f 2137 2271 2134
f 1827 1825 1719
f 1992 1915 1995
f 1916 1827 1917
f 1916 1825 1827
f 1827 1829 1917
f 1829 1827 1720
f 1719 1720 1827
f 1916 1917 1976
f 2065 1976 2068
f 2065 1995 1976
f 2276 2140 2142
f 2068 2140 2065
f 2068 1976 1977
f 2065 2140 2137
f 1976 1917 1977
f 1976 1995 1916
f 1719 1594 1720
f 2137 2140 2273
f 2087 2226 2082
f 2087 2271 2273
f 2116 2226 2228
f 2226 2113 2222
f 1210 1207 2113
f 1207 1210 1363
f 1364 1363 1210
f 2116 1210 2113
f 2113 2226 2116
f 1212 1210 2116
f 2226 2087 2228
f 2271 2087 2082
f 2091 2087 2273
f 2087 2091 2228
f 2229 2091 2094
f 2276 2091 2273
f 2273 2140 2276
f 2228 2091 2229
f 1212 2000 1214
f 2116 2000 1212
f 2000 2004 1214
f 2004 2000 2229
f 2228 2229 2000
f 1364 1210 1212
f 2091 2276 2094
f 2000 2116 2228
f 2271 2137 2273
f 1365 1212 1214
f 2140 2068 2142
f 1822 1718 1825
f 1717 1590 1718
f 1362 1363 1485
f 1594 1476 1595
f 2477 2471 2482
f 2532 2302 2298
f 1865 5998 1866
f 5997 5998 1865
f 1864 5995 5996
f 1864 5994 5995
f 5996 1865 1864
f 1865 5996 5997
f 1864 1865 1955
f 5998 5999 1866
f 1763 6001 6002
f 1763 2823 6001
f 5999 2823 1866
f 2823 5999 6000
f 2823 1867 1866
f 2823 6000 6001
f 2823 1763 1867
f 1866 1867 1958
f 1958 1867 1960
f 1865 1866 1956
f 1304 1955 1307
f 1304 1953 1955
f 1307 1955 1956
f 1304 1307 1403
f 1514 1403 1517
f 1514 1402 1403
f 1624 1621 1517
f 1517 1621 1514
f 1517 1403 1404
f 1621 1737 1619
f 1403 1307 1404
f 1403 1402 1304
f 1308 1404 1307
f 1308 1956 1958
f 1958 1310 1308
f 1960 1310 1958
f 1956 1866 1958
f 1308 1310 1406
f 1404 1518 1517
f 1518 1404 1406
f 1406 1520 1518
f 1409 1520 1406
f 1404 1308 1406
f 1624 1517 1518
f 1409 1406 1310
f 1308 1307 1956
f 1955 1865 1956
f 1520 1627 1518
f 6003 1660 6002
f 1955 1953 1864
f 2827 6006 6007
f 2826 6006 2827
f 1660 1763 6002
f 1660 6004 2826
f 6005 2826 6004
f 2826 6005 6006
f 1660 2826 1664
f 6007 6008 2827
f 2828 6010 6011
f 2828 6009 6010
f 2827 1553 2826
f 2828 2827 6008
f 1553 1664 2826
f 6009 2828 6008
f 2827 1447 1553
f 1767 1664 1668
f 1657 6011 6012
f 1660 1664 1765
f 1763 1765 1868
f 1765 1763 1660
f 1962 1960 1868
f 1868 1960 1867
f 1313 1310 1960
f 1310 1313 1409
f 1409 1412 1522
f 1313 1412 1409
f 1313 1960 1962
f 1409 1522 1520
f 1870 1868 1765
f 1868 1867 1763
f 1962 1870 1964
f 1870 1962 1868
f 1870 1886 1964
f 1886 1870 1767
f 1870 1765 1767
f 1962 1964 1317
f 1412 1317 1415
f 1412 1313 1317
f 1633 1631 1525
f 1415 1525 1412
f 1415 1317 1320
f 1412 1525 1522
f 1317 1964 1320
f 1317 1313 1962
f 1765 1664 1767
f 1628 1520 1522
f 1664 1553 1668
f 1660 6003 6004
f 1631 1522 1525
f 1737 1738 1836
f 1737 1621 1738
f 1703 1836 1837
f 1836 1702 1834
f 1797 1795 1702
f 1795 1797 1881
f 1883 1881 1797
f 1703 1797 1702
f 1702 1836 1703
f 1798 1797 1703
f 1836 1738 1837
f 1836 1834 1737
f 1624 1627 1739
f 1627 1624 1518
f 1838 1739 1740
f 1739 1837 1738
f 1704 1703 1837
f 1703 1704 1798
f 1799 1798 1704
f 1838 1704 1837
f 1837 1739 1838
f 1885 1798 1799
f 1739 1627 1740
f 1739 1738 1624
f 1621 1624 1738
f 1883 1797 1798
f 1809 1929 1810
f 1809 1928 1929
f 1883 1929 1881
f 1810 1929 1930
f 7087 2829 7086
f 7087 7088 2829
f 7085 2829 1810
f 2829 7085 7086
f 2829 1809 1810
f 1929 1883 1930
f 2829 7088 1809
f 1811 1930 1931
f 1885 1930 1883
f 1810 1811 7083
f 7080 7081 1811
f 1885 1931 1930
f 7082 1811 7081
f 1810 7084 7085
f 1810 7083 7084
f 1811 7082 7083
f 1811 1810 1930
f 1883 1798 1885
f 1706 1704 1838
f 1929 1928 1881
f 1839 1740 1741
f 1628 1740 1627
f 1741 1740 1628
f 1839 1706 1838
f 1799 1706 1800
f 1799 1704 1706
f 1887 1800 1889
f 1800 1887 1799
f 1800 1706 1708
f 1887 1931 1885
f 1706 1839 1708
f 1838 1740 1839
f 1741 1631 1743
f 1631 1741 1628
f 1709 1840 1841
f 1743 1840 1741
f 1743 1631 1633
f 1840 1708 1839
f 1801 1800 1708
f 1800 1801 1889
f 1889 1801 1891
f 1709 1801 1708
f 1708 1840 1709
f 1802 1891 1801
f 1840 1743 1841
f 1840 1839 1741
f 1628 1522 1631
f 1887 1889 1932
f 1931 1932 1813
f 1931 1887 1932
f 7077 1813 2831
f 1813 7080 1811
f 7080 1813 7079
f 7079 1813 7078
f 1813 7077 7078
f 1813 1932 2831
f 1813 1811 1931
f 2831 1933 2830
f 2831 1932 1933
f 1933 1935 2830
f 7073 2830 1935
f 1889 1933 1932
f 2831 2830 7075
f 7076 2831 7075
f 7074 7075 2830
f 7073 7074 2830
f 1891 1935 1933
f 2831 7076 7077
f 1891 1933 1889
f 1802 1801 1709
f 1887 1885 1799
f 1627 1520 1628
f 1415 1528 1525
f 1621 1619 1514
f 5893 1362 5892
f 5891 5892 2824
f 6016 6017 2825
f 6018 5889 1641
f 6017 6018 1641
f 5891 2824 5890
f 5892 1362 2824
f 2824 1485 1641
f 5890 2824 1641
f 2825 1641 1423
f 2825 6017 1641
f 1546 1543 1423
f 1645 1423 1641
f 1641 1485 1645
f 2825 1423 1543
f 1485 1489 1645
f 1641 5889 5890
f 2824 1362 1485
f 6016 2825 6015
f 1657 6014 1543
f 6013 6014 1657
f 1447 2828 1335
f 2828 6011 1657
f 1553 1447 1556
f 1553 1556 1668
f 2828 1657 1335
f 2827 2828 1447
f 6014 6015 1543
f 1769 1767 1668
f 1447 1335 1450
f 1657 1661 1335
f 1335 1339 1450
f 1661 1339 1335
f 1661 1543 1546
f 1450 1556 1447
f 1769 1886 1767
f 1556 1671 1668
f 1769 1671 1771
f 1769 1668 1671
f 1671 1556 1558
f 1890 1886 1769
f 1558 1556 1450
f 1657 1543 1661
f 6015 2825 1543
f 1964 1886 1965
f 1645 1425 1423
f 1648 1489 1493
f 1489 1485 1363
f 1493 1489 1364
f 1648 1425 1645
f 1546 1425 1548
f 1546 1423 1425
f 1663 1548 1667
f 1548 1663 1546
f 1548 1425 1428
f 1663 1339 1661
f 1425 1648 1428
f 1645 1489 1648
f 1493 1365 1495
f 1365 1493 1364
f 1431 1649 1651
f 1495 1649 1493
f 1495 1365 1366
f 1649 1428 1648
f 1550 1548 1428
f 1548 1550 1667
f 1667 1550 1670
f 1431 1550 1428
f 1428 1649 1431
f 1551 1670 1550
f 1649 1495 1651
f 1649 1648 1493
f 1364 1212 1365
f 1663 1667 1342
f 1339 1342 1454
f 1339 1663 1342
f 1561 1454 1456
f 1454 1558 1450
f 1675 1671 1558
f 1671 1675 1771
f 1675 1561 1678
f 1561 1675 1558
f 1558 1454 1561
f 1771 1675 1773
f 1454 1342 1456
f 1454 1450 1339
f 1456 1345 1461
f 1345 1456 1342
f 1345 1348 1461
f 1348 1345 1670
f 1342 1667 1345
f 1456 1461 1563
f 1773 1678 1775
f 1773 1675 1678
f 1678 1681 1775
f 1563 1681 1678
f 1561 1563 1678
f 1894 1771 1773
f 1897 1775 1899
f 1561 1456 1563
f 1670 1345 1667
f 1890 1769 1771
f 1550 1431 1551
f 1663 1661 1546
f 1364 1489 1363
f 1897 1773 1775
f 1419 1320 1321
f 1964 1965 1320
f 1321 1320 1965
f 1419 1528 1415
f 1633 1528 1636
f 1633 1525 1528
f 1745 1636 1747
f 1636 1745 1633
f 1636 1528 1530
f 1745 1841 1743
f 1528 1419 1530
f 1320 1419 1415
f 1967 1321 1965
f 1967 1890 1894
f 1422 1321 1325
f 1967 1965 1890
f 1638 1636 1530
f 1636 1638 1747
f 1530 1533 1638
f 1533 1530 1422
f 1419 1422 1530
f 1843 1747 1750
f 1321 1967 1325
f 1422 1419 1321
f 1886 1890 1965
f 1745 1747 1842
f 1710 1802 1709
f 1710 1841 1842
f 1892 1802 1803
f 1710 1709 1841
f 1935 7072 7073
f 7072 1935 7071
f 1935 2832 7071
f 1892 2832 1935
f 1891 1892 1935
f 1803 1802 1710
f 1892 1891 1802
f 1712 1710 1842
f 1710 1712 1803
f 1804 1803 1712
f 1843 1712 1842
f 1842 1747 1843
f 1895 1803 1804
f 2832 7070 7071
f 7070 2832 7069
f 1895 7069 2832
f 7068 7069 1895
f 1892 1895 2832
f 1713 1712 1843
f 1895 1892 1803
f 1841 1745 1842
f 1747 1638 1750
f 1745 1743 1633
f 1969 1325 1967
f 1969 1894 1897
f 1426 1325 1327
f 1422 1325 1426
f 1843 1750 1844
f 1638 1640 1750
f 1533 1535 1640
f 1535 1533 1426
f 1422 1426 1533
f 1750 1640 1752
f 1325 1969 1327
f 1638 1533 1640
f 1426 1327 1429
f 1969 1971 1327
f 1327 1331 1429
f 1331 1327 1971
f 1971 1897 1899
f 1429 1535 1426
f 1750 1752 1844
f 1535 1644 1640
f 1844 1752 1845
f 1752 1640 1644
f 1644 1535 1538
f 1754 1845 1752
f 1754 1752 1644
f 1969 1897 1971
f 1894 1773 1897
f 1844 1713 1843
f 1804 1713 1805
f 1804 1712 1713
f 1805 1713 1715
f 1804 1805 2879
f 7068 2837 7067
f 7068 1895 2837
f 7066 7067 2879
f 2879 7067 2837
f 2837 1804 2879
f 2879 1805 2878
f 2837 1895 1804
f 7065 2879 2878
f 2878 1715 2836
f 1715 1716 2836
f 7063 2836 7062
f 1713 1844 1715
f 2878 2836 7063
f 2879 7065 7066
f 7064 7065 2878
f 7063 7064 2878
f 1845 1716 1715
f 2878 1805 1715
f 1844 1845 1715
f 1538 1535 1429
f 1967 1894 1969
f 1890 1771 1894
f 1563 1461 1565
f 1657 6012 6013
f 1365 1214 1366
f 2755 2343 1329
f 2312 2314 2494
f 2312 2558 2314
f 2494 2314 2498
f 2494 2503 2490
f 1996 2810 1993
f 1996 2503 2509
f 2509 2498 2514
f 2509 2503 2494
f 2494 2498 2509
f 1996 2509 1997
f 2314 2316 2498
f 1993 2503 1996
f 2316 2318 2504
f 2316 2571 2318
f 2518 2504 2508
f 2504 2514 2498
f 1997 2514 1999
f 1997 2509 2514
f 2117 1999 2003
f 2518 1999 2514
f 2514 2504 2518
f 1997 1999 2115
f 2504 2318 2508
f 2498 2316 2504
f 2566 2316 2314
f 1996 1997 2815
f 6969 2810 6968
f 6969 1993 2810
f 6968 2810 6967
f 6971 6972 2811
f 2811 6972 2812
f 2810 2815 6967
f 6971 2811 6970
f 6965 6966 2815
f 2815 6966 6967
f 6965 2815 2115
f 2115 2815 1997
f 1999 2117 2115
f 6963 2115 2117
f 6964 6965 2115
f 6962 6963 2117
f 6964 2115 6963
f 2117 6961 6962
f 2810 1996 2815
f 1999 2518 2003
f 2490 2312 2494
f 2513 2508 2320
f 2320 2508 2318
f 2320 2580 2323
f 2513 2320 2323
f 2003 2524 2006
f 2003 2518 2524
f 2524 2531 2006
f 2513 2531 2524
f 2524 2508 2513
f 2003 2006 2119
f 2513 2323 2517
f 2119 2117 2003
f 2523 2517 2325
f 2325 2517 2323
f 2325 2592 2327
f 2523 2325 2327
f 2006 2531 2010
f 2531 2517 2537
f 2523 2480 2537
f 2530 2480 2523
f 2517 2523 2537
f 2010 2531 2537
f 2523 2327 2530
f 2517 2531 2513
f 2585 2325 2323
f 2013 2537 2480
f 2119 2120 2841
f 2119 2006 2120
f 6958 2841 2842
f 2119 2841 6960
f 6961 2119 6960
f 6960 2841 6959
f 2841 6958 6959
f 2841 2120 2842
f 6961 2117 2119
f 2842 6957 6958
f 2120 2121 2842
f 2843 2121 2122
f 2013 2121 2010
f 2010 2537 2013
f 2842 2121 2843
f 6957 2842 6956
f 6954 6955 2843
f 2843 6955 6956
f 2842 2843 6956
f 2122 2121 2013
f 2120 2010 2121
f 2006 2010 2120
f 6954 2843 2235
f 2518 2508 2524
f 2575 2320 2318
f 2812 6973 6974
f 6973 2812 6972
f 2812 6974 6975
f 2394 2244 2813
f 2244 2207 2814
f 6976 2814 6975
f 2244 2814 2813
f 2814 2812 6975
f 2394 1358 2390
f 2394 2390 2244
f 6977 6978 2814
f 2814 6978 2813
f 2813 2816 2394
f 2816 2813 6980
f 6979 6980 2813
f 2813 6978 6979
f 2817 2816 6982
f 6977 2814 6976
f 2394 2816 1360
f 1477 1595 1476
f 1477 1358 1360
f 1721 1595 1596
f 1476 1358 1477
f 1829 1918 1917
f 1917 1918 1977
f 1829 1831 1918
f 1831 1829 1721
f 1720 1721 1829
f 1977 1918 1978
f 1595 1477 1596
f 1720 1595 1721
f 1478 1477 1360
f 1477 1478 1596
f 1597 1596 1478
f 2817 1478 1360
f 1360 2816 2817
f 1722 1596 1597
f 1919 1918 1831
f 1918 1919 1978
f 1831 1833 1919
f 1722 1833 1831
f 1721 1722 1831
f 1978 1919 1979
f 2819 1478 2817
f 1722 1721 1596
f 1358 2394 1360
f 1977 1978 2071
f 2816 6980 6981
f 2812 2814 2207
f 6982 6983 2817
f 6983 6984 2817
f 1724 1597 2818
f 1597 1478 2819
f 6985 2819 6984
f 1597 2819 2818
f 2817 6984 2819
f 1724 1833 1722
f 1724 1722 1597
f 2819 6986 2818
f 2818 6986 6987
f 2820 2818 6988
f 6988 2818 6987
f 2820 6988 6989
f 2818 2820 1724
f 6986 2819 6985
f 2820 6989 6990
f 1724 1835 1833
f 1835 1724 2820
f 1921 1835 2822
f 1833 1835 1920
f 1979 1920 1980
f 1979 1919 1920
f 1981 1980 1921
f 1921 1980 1920
f 1920 1835 1921
f 1979 1980 2077
f 1835 2820 2822
f 1919 1833 1920
f 2822 6991 6992
f 6991 2822 2820
f 6992 6993 2822
f 2822 6993 2821
f 2821 6994 6995
f 6994 2821 6993
f 2821 6995 1981
f 1981 1921 2821
f 2822 2821 1921
f 2820 6990 6991
f 6996 2846 6995
f 6982 2816 6981
f 1978 1979 2074
f 2017 2013 2480
f 2071 2068 1977
f 2536 2530 2330
f 2330 2530 2327
f 2330 2600 2334
f 2536 2330 2334
f 2486 2536 2491
f 2536 2486 2530
f 2497 2491 2542
f 2542 2491 2536
f 2536 2334 2542
f 2486 2491 2020
f 2334 2337 2542
f 2486 2017 2480
f 2337 2340 2547
f 2337 2612 2340
f 2340 2618 2344
f 2340 2344 2544
f 2497 2542 2547
f 2547 2340 2544
f 2516 2512 2551
f 2551 2544 2344
f 2346 2551 2344
f 2505 2547 2544
f 2633 2346 2344
f 2337 2547 2542
f 2606 2337 2334
f 2512 2544 2551
f 2486 2020 2017
f 2491 2497 2024
f 2491 2024 2020
f 2017 2020 2123
f 2122 2123 2235
f 2122 2017 2123
f 2124 2024 2125
f 2124 2123 2020
f 2024 2124 2020
f 2123 2124 2238
f 2497 2028 2024
f 2122 2013 2017
f 2028 2505 2029
f 2028 2125 2024
f 2029 2512 2031
f 2512 2029 2505
f 2505 2544 2512
f 2028 2029 2126
f 2125 2126 2243
f 2125 2028 2126
f 2129 2031 2132
f 2129 2126 2029
f 2031 2129 2029
f 2126 2129 2246
f 2031 2512 2516
f 2028 2497 2505
f 2497 2547 2505
f 2124 2125 2241
f 2551 2346 2556
f 2480 2530 2486
f 2597 2349 2347
f 2347 2346 2593
f 2349 2601 2351
f 2347 2349 2560
f 2522 2556 2560
f 2556 2347 2560
f 2564 2351 2569
f 2564 2560 2349
f 2351 2564 2349
f 2529 2560 2564
f 2601 2605 2351
f 2347 2556 2346
f 2605 6910 2353
f 6910 2605 6909
f 2353 6910 6911
f 2353 2569 2351
f 2564 2569 2534
f 6913 2569 6912
f 6912 2569 2353
f 2353 6911 6912
f 2353 2351 2605
f 2601 2506 2605
f 2569 6913 2538
f 2516 2522 2032
f 2516 2556 2522
f 2522 2560 2529
f 2522 2529 2033
f 2132 2032 2136
f 2132 2031 2032
f 2139 2136 2033
f 2033 2136 2032
f 2032 2522 2033
f 2132 2136 2249
f 2529 2034 2033
f 2032 2031 2516
f 2035 2534 2538
f 2534 2569 2538
f 6914 6915 2538
f 2529 2564 2534
f 6916 2538 6915
f 2141 2034 2035
f 2034 2534 2035
f 6916 6917 2035
f 2538 6916 2035
f 2033 2034 2139
f 2534 2034 2529
f 6913 6914 2538
f 2143 2035 6917
f 2556 2516 2551
f 2327 2596 2330
f 2129 2132 2248
f 2235 2238 6952
f 2235 2123 2238
f 2238 2124 2241
f 2238 2241 6950
f 6953 2235 6952
f 6950 6951 2238
f 2238 6951 6952
f 6950 2241 6949
f 6953 6954 2235
f 2243 2246 2845
f 2243 2126 2246
f 2246 2129 2248
f 2845 2246 2372
f 6949 2241 2844
f 2844 2243 2845
f 2376 2248 2249
f 2249 2136 2250
f 2372 2246 2248
f 2382 2249 2250
f 2132 2249 2248
f 2243 2844 2241
f 2125 2243 2241
f 6947 2844 2845
f 2844 6948 6949
f 2845 2372 6944
f 2844 6947 6948
f 6947 2845 6946
f 6946 2845 6945
f 6944 6945 2845
f 2372 6943 6944
f 6943 2372 6942
f 6942 2376 6941
f 2382 2376 2249
f 2372 2376 6942
f 6940 2376 2382
f 6941 2376 6940
f 2850 6938 6939
f 2382 6939 6940
f 2850 6939 2382
f 2372 2248 2376
f 2382 2250 2114
f 2139 2141 2251
f 2141 2139 2034
f 2251 2141 2252
f 2251 2114 2250
f 2851 2114 2118
f 2114 2251 2118
f 2252 2852 2118
f 2852 2252 6922
f 2251 2252 2118
f 6928 2118 2852
f 2141 2143 2252
f 2114 2850 2382
f 6920 6921 2252
f 6920 2143 6919
f 6918 6919 2143
f 2143 6917 6918
f 2852 6923 6924
f 2852 6922 6923
f 6921 6922 2252
f 6920 2252 2143
f 2141 2035 2143
f 6924 6925 2852
f 6937 2850 2851
f 2850 2114 2851
f 6933 2851 6932
f 6934 2851 6933
f 6937 2851 6936
f 6936 2851 6935
f 2851 6934 6935
f 2850 6937 6938
f 6928 2852 6927
f 6929 2118 6928
f 6930 2118 6929
f 2851 6931 6932
f 2851 2118 6931
f 2118 6930 6931
f 6926 6927 2852
f 6925 6926 2852
f 2250 2139 2251
f 2136 2139 2250
f 2235 2843 2122
f 2310 2553 2312
f 2284 2142 2145
f 2142 2068 2071
f 2145 2142 2071
f 2284 2094 2276
f 1214 2004 1216
f 2229 2232 2004
f 2004 2008 1216
f 2008 2004 2232
f 2232 2094 2096
f 1216 1366 1214
f 2094 2284 2096
f 2229 2094 2232
f 2287 2145 2146
f 2074 2145 2071
f 2146 2145 2074
f 2287 2096 2284
f 2233 2232 2096
f 2232 2233 2008
f 2008 2012 1219
f 2012 2008 2233
f 2233 2096 2098
f 2008 1219 1216
f 2096 2287 2098
f 2287 2284 2145
f 1978 2074 2071
f 1216 1219 1367
f 1499 1651 1495
f 1499 1366 1367
f 1434 1651 1654
f 1431 1651 1434
f 1461 1348 1464
f 1670 1674 1348
f 1551 1555 1674
f 1555 1551 1434
f 1431 1434 1551
f 1348 1674 1350
f 1651 1499 1654
f 1670 1551 1674
f 1434 1654 1441
f 1499 1503 1654
f 1654 1658 1441
f 1658 1654 1503
f 1503 1367 1369
f 1441 1555 1434
f 1348 1350 1464
f 1555 1680 1674
f 1350 1680 1352
f 1350 1674 1680
f 1680 1555 1560
f 1464 1350 1466
f 1555 1441 1560
f 1499 1367 1503
f 1366 1216 1367
f 1464 1565 1461
f 1367 1219 1369
f 1495 1366 1499
f 2290 2146 2148
f 2077 2146 2074
f 2148 2146 2077
f 2290 2098 2287
f 1219 2012 1221
f 2233 2236 2012
f 2012 2016 1221
f 2016 2012 2236
f 2236 2098 2100
f 1221 1369 1219
f 2098 2290 2100
f 2233 2098 2236
f 2294 2148 2151
f 2081 2148 2077
f 2151 2148 2081
f 2294 2100 2290
f 2240 2236 2100
f 2236 2240 2016
f 2016 2019 1223
f 2019 2016 2240
f 2240 2100 2102
f 2016 1223 1221
f 2100 2294 2102
f 2294 2290 2148
f 1980 2081 2077
f 1221 1223 1371
f 1507 1658 1503
f 1507 1369 1371
f 1445 1658 1665
f 1441 1658 1445
f 1350 1352 1466
f 1560 1686 1680
f 1564 1560 1445
f 1686 1352 1680
f 1441 1445 1560
f 1468 1466 1352
f 1658 1507 1665
f 1369 1507 1503
f 1445 1665 1448
f 1507 1511 1665
f 1665 1669 1448
f 1669 1665 1511
f 1511 1371 1373
f 1448 1564 1445
f 1686 1564 1690
f 1686 1560 1564
f 1470 1354 1356
f 1690 1354 1686
f 1690 1564 1566
f 1686 1354 1352
f 1564 1448 1566
f 1507 1371 1511
f 1369 1221 1371
f 1468 1352 1354
f 1371 1223 1373
f 2287 2146 2290
f 1979 2077 2074
f 1464 1466 1568
f 1780 1681 1684
f 1681 1563 1565
f 1684 1681 1565
f 1780 1899 1775
f 1972 1971 1899
f 1971 1972 1331
f 1331 1334 1432
f 1334 1331 1972
f 1972 1899 1901
f 1432 1538 1429
f 1899 1780 1901
f 1780 1775 1681
f 1784 1684 1688
f 1568 1684 1565
f 1784 1907 1901
f 1784 1901 1780
f 1973 1972 1901
f 1972 1973 1334
f 1334 1340 1437
f 1437 1542 1540
f 1973 1901 1907
f 1334 1437 1432
f 1340 1334 1973
f 1784 1780 1684
f 1464 1568 1565
f 1432 1437 1540
f 1647 1754 1644
f 1647 1538 1540
f 1847 1754 1756
f 1647 1644 1538
f 1716 7062 2836
f 7061 7062 1716
f 1847 2835 1716
f 1849 2835 1847
f 1845 1847 1716
f 7061 1716 2835
f 1756 1754 1647
f 1847 1845 1754
f 1847 1756 1849
f 1647 1650 1756
f 1756 1759 1849
f 7058 1849 7057
f 1650 1540 1542
f 7059 2835 1849
f 2835 7060 7061
f 2835 7059 7060
f 1849 7058 7059
f 1650 1759 1756
f 1647 1540 1650
f 1538 1432 1540
f 1688 1684 1568
f 1432 1429 1331
f 1568 1570 1688
f 1568 1466 1570
f 1692 1688 1570
f 1788 1688 1692
f 1974 1973 1907
f 1973 1974 1340
f 1907 1908 1974
f 1788 1908 1907
f 1784 1788 1907
f 1340 1974 1344
f 1573 1570 1468
f 1788 1784 1688
f 1692 1573 1695
f 1692 1570 1573
f 1573 1576 1695
f 1576 1573 1470
f 1468 1470 1573
f 1692 1695 1791
f 1975 1974 1908
f 1974 1975 1344
f 1908 1909 1975
f 1791 1909 1908
f 1788 1791 1908
f 1443 1344 1346
f 1346 1344 1975
f 1791 1788 1692
f 1468 1354 1470
f 1340 1344 1440
f 1652 1542 1545
f 1542 1437 1440
f 2838 1652 2839
f 1652 1759 1650
f 1759 7057 1849
f 7057 1759 7056
f 7055 1759 2838
f 1759 7055 7056
f 1759 1652 2838
f 1545 1542 1440
f 1652 1650 1542
f 2838 2839 7053
f 2839 1545 2840
f 1443 2840 1545
f 2833 2840 1443
f 1545 1440 1443
f 7052 2839 7051
f 2838 7054 7055
f 2838 7053 7054
f 2839 7052 7053
f 7051 2839 2840
f 2839 1652 1545
f 1440 1344 1443
f 1695 1793 1791
f 1440 1437 1340
f 1468 1570 1466
f 1354 1690 1356
f 2142 2284 2276
f 1981 2846 2084
f 1981 6995 2846
f 2156 2084 6998
f 2084 2151 2081
f 2240 2102 2245
f 2294 2297 2102
f 2297 2156 2300
f 2156 2297 2151
f 2151 2084 2156
f 2102 2297 2103
f 2084 2846 6997
f 2294 2151 2297
f 6999 2156 6998
f 6999 7000 2156
f 2103 2300 2847
f 2297 2300 2103
f 2848 2847 7003
f 2300 7002 2847
f 7000 2300 2156
f 2103 2847 2848
f 6998 2084 6997
f 6996 6997 2846
f 2102 2103 2245
f 1225 2019 2022
f 2019 2240 2245
f 2022 2019 2245
f 1225 1373 1223
f 1448 1669 1453
f 1511 1515 1669
f 1669 1673 1453
f 1673 1669 1515
f 1515 1373 1375
f 1453 1566 1448
f 1373 1225 1375
f 1511 1373 1515
f 1228 2022 2025
f 2247 2022 2245
f 1377 1375 1228
f 2022 2247 2025
f 2245 2103 2247
f 1228 1375 1225
f 1521 1515 1375
f 1515 1521 1673
f 1673 1676 1459
f 1521 1676 1673
f 1521 1375 1377
f 1673 1459 1453
f 2848 2849 2247
f 1228 1225 2022
f 2103 2848 2247
f 1567 1453 1459
f 7001 2300 7000
f 1223 2019 1225
f 7002 7003 2847
f 7003 7004 2848
f 2853 2025 7009
f 2025 2247 2849
f 2849 2848 7005
f 2025 2849 7007
f 7004 7005 2848
f 2853 1377 1228
f 2853 1228 2025
f 7006 7007 2849
f 2025 7007 7008
f 2025 7008 7009
f 7010 7011 2853
f 2853 7011 7012
f 7009 7010 2853
f 7005 7006 2849
f 2853 7012 1377
f 1377 7013 7014
f 7013 1377 7012
f 1377 7014 1524
f 1676 1524 2854
f 1676 1521 1524
f 7019 1463 2854
f 2854 1463 1676
f 2854 1524 7016
f 1676 1463 1459
f 7015 1524 7014
f 1521 1377 1524
f 7016 7017 2854
f 2854 7017 7018
f 2854 7018 7019
f 1463 7021 7022
f 7020 7021 1463
f 7020 1463 7019
f 7015 7016 1524
f 1459 1463 1569
f 7002 2300 7001
f 7022 2855 1463
f 1693 1356 1690
f 1693 1566 1567
f 1471 1356 1359
f 1470 1356 1471
f 1791 1793 1909
f 1576 1698 1695
f 1579 1576 1471
f 1698 1793 1695
f 1470 1471 1576
f 1909 1793 1910
f 1356 1693 1359
f 1566 1693 1690
f 1473 1579 1471
f 1701 1698 1579
f 7041 2858 2857
f 1579 1698 1576
f 1796 1793 1698
f 1793 1796 1910
f 1796 2857 1910
f 2859 2857 1796
f 1796 1698 1701
f 1910 2857 2858
f 1359 1473 1471
f 1696 1359 1693
f 1566 1453 1567
f 1909 1910 1204
f 2833 1346 2834
f 1346 1975 1204
f 7048 2833 7047
f 2840 2833 7049
f 2840 7050 7051
f 2840 7049 7050
f 2833 7048 7049
f 2834 1346 1204
f 2833 1443 1346
f 2834 2858 7043
f 2858 2834 1204
f 7042 7043 2858
f 7042 2858 7041
f 2834 7043 7044
f 2833 7046 7047
f 7046 2834 7045
f 2834 7044 7045
f 7046 2833 2834
f 1204 1910 2858
f 1696 1693 1567
f 1204 1975 1909
f 1696 1569 1699
f 1569 1696 1567
f 1699 1569 2855
f 1696 1699 1361
f 1473 1361 2856
f 1473 1359 1361
f 7028 1361 2860
f 1361 7029 2856
f 1361 1699 2860
f 1473 2856 1582
f 1699 7026 2860
f 1361 1359 1696
f 7025 7026 1699
f 1699 7024 7025
f 7023 7024 2855
f 1569 1463 2855
f 1361 7028 7029
f 2860 7027 7028
f 7026 7027 2860
f 1699 2855 7024
f 7022 7023 2855
f 2856 7029 7030
f 2859 1701 7035
f 1701 1579 1582
f 7038 2859 7037
f 2859 7038 2857
f 2857 7040 7041
f 2857 7039 7040
f 7038 7039 2857
f 7034 1701 1582
f 2859 1796 1701
f 7033 1582 7032
f 7032 1582 7031
f 1582 7033 7034
f 7037 2859 7036
f 2859 7035 7036
f 7034 7035 1701
f 1582 2856 7031
f 2856 7030 7031
f 1582 1579 1473
f 1567 1459 1569
f 2081 1981 2084
f 2081 1980 1981
f 2811 6969 6970
f 2597 2601 2349
f 2274 2270 2495
f 5559 6564 6563
f 6562 5559 6563
f 6560 5559 6561
f 6561 5559 6562
f 6559 5559 6560
f 3166 6565 6564
f 3166 6567 6566
f 3166 6568 6567
f 5562 6570 6569
f 5563 6571 6570
f 5562 6569 6568
f 3166 6566 6565
f 6571 5568 6572
f 6558 6557 5559
f 6559 6558 5559
f 6557 5561 5559
f 6554 5561 6555
f 6556 6555 5561
f 5561 6557 6556
f 5559 5561 3269
f 3166 5559 3269
f 5562 3166 3271
f 6568 3166 5562
f 5568 6571 5563
f 5562 5563 6570
f 6572 5568 6573
f 5563 5562 3271
f 3274 3271 5516
f 5563 3271 3274
f 3275 5568 3274
f 5568 3275 6573
f 5568 5563 3274
f 3275 3274 5517
f 6574 6573 3275
f 3271 3166 3269
f 3166 6564 5559
f 3271 3269 3384
f 3029 6685 6684
f 3029 6686 6685
f 6684 6683 3029
f 6683 6682 3029
f 6682 6681 3064
f 2964 6686 3029
f 5574 6689 6688
f 5574 6690 6689
f 6681 6680 3064
f 2964 6687 6686
f 6679 6678 5575
f 5575 6680 6679
f 6687 2964 6688
f 3064 3029 6682
f 6575 6574 3278
f 6575 3278 6576
f 6578 6577 3280
f 6579 6578 5569
f 6577 6576 3280
f 3278 6574 3275
f 6677 3181 6678
f 6676 5577 6677
f 6675 5577 6676
f 6580 5570 6581
f 6674 5576 6675
f 6673 5576 6674
f 6579 5569 6580
f 6690 5574 6691
f 6581 5570 6582
f 6553 6552 5561
f 6554 6553 5561
f 5561 6552 6551
f 5561 6551 6550
f 3384 3379 3713
f 5561 6550 3379
f 3379 3269 5561
f 3379 6550 5741
f 3379 3384 3269
f 5518 5519 3278
f 3278 3280 6576
f 6580 5569 5570
f 5519 3280 3278
f 5517 5516 3717
f 5517 3274 5516
f 5569 5521 5570
f 3275 5517 5518
f 5569 3280 5520
f 5518 5517 3720
f 6578 3280 5569
f 3271 3384 5516
f 3278 3275 5518
f 5516 3384 3715
f 6549 6548 5741
f 3384 3713 3715
f 6548 5560 5741
f 3715 3713 3885
f 5741 3713 3379
f 3720 3717 3889
f 3717 3720 5517
f 5516 3715 3717
f 3717 3715 3886
f 6549 5741 6550
f 5741 5560 3713
f 5520 5519 3725
f 5519 5520 3280
f 5522 5521 3729
f 5521 5522 5570
f 5569 5520 5521
f 5521 5520 3727
f 3725 3722 3894
f 3722 3725 5519
f 3729 3727 3900
f 3727 3729 5521
f 5520 3725 3727
f 3727 3725 3897
f 3732 5522 3729
f 3720 3722 5518
f 3722 5519 5518
f 3722 3720 3891
f 5522 6582 5570
f 6583 5523 6584
f 6584 5523 6585
f 5524 6585 5523
f 6585 5524 6586
f 6587 5524 5571
f 5524 6587 6586
f 5523 3734 5524
f 3732 5523 5522
f 5571 5572 6588
f 6588 5572 6589
f 6590 6589 5572
f 5573 6592 6591
f 6591 6590 5573
f 6592 3743 6593
f 6593 3745 6594
f 5571 6588 6587
f 5524 3736 5571
f 5523 3732 3734
f 5572 5571 3736
f 6590 5572 5573
f 5572 3739 5573
f 3736 3734 3907
f 5524 3734 3736
f 3743 3739 3914
f 3739 3743 5573
f 5572 3736 3739
f 3739 3736 3911
f 3743 6592 5573
f 3734 3732 3904
f 6596 6595 3747
f 6597 6596 3747
f 3747 5590 6597
f 3747 3745 3919
f 6595 3745 3747
f 6598 5590 6599
f 6597 5590 6598
f 5589 6600 6599
f 6593 3743 3745
f 3745 6595 6594
f 3745 3743 3915
f 5522 5523 6583
f 6582 5522 6583
f 3732 3729 3902
f 6693 6692 5574
f 5574 2964 2928
f 2964 5574 6688
f 5575 3064 6680
f 3030 2964 3029
f 3121 5575 3181
f 5575 3121 3064
f 3064 3030 3029
f 5577 3181 6677
f 6693 5574 2928
f 5575 6678 3181
f 6695 2928 6696
f 6696 2928 6697
f 2966 2964 3030
f 6694 2928 6695
f 3121 3068 3064
f 3068 3030 3064
f 2964 2966 2928
f 6694 6693 2928
f 3121 3181 3183
f 3181 3244 3183
f 6672 6671 5578
f 5577 6675 5576
f 6671 6670 5578
f 6669 3505 6670
f 6667 3505 6668
f 6669 6668 3505
f 5576 6673 3357
f 6670 3505 5578
f 3357 6672 5578
f 3301 5576 3357
f 3431 3357 5578
f 5577 5576 3244
f 5578 3505 3431
f 6666 6665 5746
f 6666 5746 6667
f 3564 3505 6667
f 3564 6667 5746
f 5746 6665 5579
f 3301 3244 5576
f 3357 6673 6672
f 3181 5577 3244
f 6697 2928 2930
f 6691 5574 6692
f 6699 6698 2930
f 6699 2930 6700
f 2966 2930 2928
f 3068 3121 3122
f 3031 3030 3068
f 3070 3068 3122
f 3068 3070 3031
f 2966 3031 2968
f 3183 3122 3121
f 2930 2966 2968
f 6697 2930 6698
f 2932 6701 2930
f 6701 2932 6702
f 2968 2932 2930
f 2968 3031 3032
f 3032 3031 3070
f 3075 3070 3123
f 3070 3075 3032
f 2968 3032 2971
f 3123 3070 3122
f 2932 2968 2971
f 6701 6700 2930
f 3123 3122 3185
f 3301 3245 3244
f 3183 3245 3185
f 3301 3358 3303
f 3301 3357 3358
f 2907 3564 5746
f 3507 3431 3505
f 2907 5746 5579
f 3564 3507 3505
f 3358 3357 3431
f 3433 3358 3431
f 3245 3301 3303
f 3245 3183 3244
f 3303 3358 3359
f 3247 3245 3303
f 3305 3303 3359
f 3303 3305 3247
f 3185 3247 3187
f 3433 3359 3358
f 3564 3566 3507
f 3566 3564 2907
f 3509 3507 3566
f 3509 3433 3507
f 3433 3431 3507
f 2907 2970 2908
f 3566 2907 2908
f 3185 3245 3247
f 3122 3183 3185
f 2907 5579 2967
f 3123 3185 3187
f 2966 3030 3031
f 5579 6665 6664
f 6662 5580 6663
f 6662 6661 5580
f 6661 6660 3131
f 6658 3229 6659
f 3131 6660 6659
f 6664 6663 2967
f 5580 3131 3051
f 6661 3131 5580
f 3229 3131 6659
f 3229 6658 6657
f 6657 6656 5581
f 6654 3376 6655
f 6655 5581 6656
f 3229 6657 5581
f 5580 3051 2967
f 6663 5580 2967
f 2967 5579 6664
f 6654 6653 5584
f 6653 6652 5584
f 6601 5591 6602
f 6602 5591 6603
f 6652 6651 5582
f 6649 3610 6650
f 6648 6647 5583
f 5583 6649 6648
f 6650 5582 6651
f 6645 3638 6646
f 6647 6646 3638
f 6652 5582 5584
f 6654 5584 3376
f 5589 6601 6600
f 5581 6655 3376
f 3229 5581 3304
f 5581 3376 3304
f 3472 5584 5582
f 3376 5584 3472
f 6643 5747 6644
f 6647 3638 5583
f 5747 6643 6642
f 6650 3610 5582
f 3133 3131 3229
f 3051 3131 3133
f 3304 3230 3229
f 3230 3133 3229
f 3610 3542 5582
f 3610 5583 3589
f 3542 3472 5582
f 3472 3377 3376
f 5583 3638 3589
f 3610 6649 5583
f 5747 3649 6644
f 5587 3769 5747
f 3638 6644 3649
f 6645 6644 3638
f 3051 3052 2970
f 3133 3052 3051
f 2967 3051 2970
f 5747 6642 5587
f 5585 6640 6639
f 6638 5585 6639
f 3177 6638 6637
f 6635 3285 6636
f 6636 3177 6637
f 6641 6640 2956
f 6633 5586 6634
f 3285 6635 6634
f 3377 3304 3376
f 6640 5585 2956
f 6633 6632 5586
f 6631 3504 6632
f 6629 5588 6630
f 6631 6630 5588
f 5585 6638 3177
f 6642 6641 5587
f 5587 6641 2956
f 2970 2907 2967
f 3359 3433 3436
f 6603 3932 6604
f 6546 3883 6547
f 6547 5560 6548
f 6546 5742 3883
f 6543 5564 6544
f 5742 6545 6544
f 6545 5742 6546
f 6544 5564 5742
f 6547 3883 5560
f 3885 3883 3767
f 5560 3883 3713
f 3713 3883 3885
f 3886 3885 3770
f 5564 3940 3767
f 5742 5564 3767
f 3770 3767 3941
f 3770 3773 3886
f 3885 3767 3770
f 6543 3940 5564
f 3889 3886 3773
f 5742 3767 3883
f 3885 3886 3715
f 3770 3943 3773
f 6542 6541 5743
f 6543 6542 5743
f 5743 6541 5565
f 6539 3750 6540
f 3750 5565 6540
f 3750 6539 5744
f 6541 6540 5565
f 5744 6539 6538
f 3982 5743 5565
f 3750 3982 5565
f 3940 3982 3941
f 3941 3982 3983
f 3941 3943 3770
f 3767 3940 3941
f 3941 3983 3943
f 3750 5744 3934
f 3982 3750 3751
f 3753 3983 3751
f 3753 3985 3983
f 3983 3982 3751
f 3750 3934 3751
f 3983 3985 3943
f 5743 3982 3940
f 3940 6543 5743
f 3935 3753 3751
f 3773 3943 3945
f 3891 3889 3777
f 3717 3886 3889
f 3720 3889 3891
f 3894 3891 3782
f 3777 3945 3947
f 3773 3945 3777
f 3782 3947 3949
f 3947 3782 3777
f 3891 3777 3782
f 3947 3945 3988
f 3787 3894 3782
f 3985 3945 3943
f 3900 3897 3791
f 3725 3894 3897
f 3727 3897 3900
f 3902 3900 3792
f 3949 3951 3787
f 3949 3787 3782
f 3787 3951 3791
f 3791 3792 3900
f 3897 3787 3791
f 3791 3953 3792
f 3795 3792 3954
f 3787 3897 3894
f 3894 3722 3891
f 3949 3947 3990
f 3988 3985 3755
f 3945 3985 3988
f 3947 3988 3990
f 3990 3988 3756
f 3753 3937 3755
f 3988 3755 3756
f 3994 3758 3760
f 3756 3758 3990
f 3758 3994 3990
f 3755 3938 3756
f 3994 3949 3990
f 3755 3985 3753
f 3760 3997 3994
f 3951 3997 3953
f 3953 3997 4000
f 3953 3954 3792
f 3791 3951 3953
f 3953 4000 3954
f 3758 3942 3760
f 3997 3760 3763
f 3765 4000 3763
f 3765 4002 4000
f 4000 3997 3763
f 3760 3944 3763
f 3954 4000 4002
f 3994 3997 3951
f 3949 3994 3951
f 3756 3939 3758
f 3902 3792 3795
f 3889 3773 3777
f 3900 3902 3729
f 3763 3948 3765
f 5744 6538 6537
f 5566 5744 6537
f 5566 6537 6536
f 6535 6534 5567
f 4073 6535 5567
f 4073 6536 6535
f 6534 5745 5567
f 5566 6536 4073
f 4073 4075 3934
f 4073 3934 5566
f 5744 5566 3934
f 3934 4075 3935
f 4075 2880 2881
f 2880 4075 4073
f 2881 3496 2882
f 2881 4076 4075
f 3935 4075 4076
f 2881 2880 3494
f 3937 3935 4076
f 2880 4073 5567
f 3934 3935 3751
f 5567 5745 2880
f 6533 6532 5745
f 6533 5745 6534
f 5745 6532 5750
f 6529 5598 6530
f 5750 6531 6530
f 6531 5750 6532
f 6530 5598 5750
f 3492 5745 5750
f 5598 5400 5750
f 3492 5400 3494
f 3494 5400 5404
f 2880 3492 3494
f 2880 5745 3492
f 3494 5404 3496
f 5490 5598 6529
f 5400 5598 5490
f 5404 5495 5496
f 5400 5490 5495
f 5404 5400 5495
f 5495 5490 5236
f 5406 3496 5404
f 5750 5400 3492
f 3496 2881 3494
f 5490 6529 5752
f 4076 2881 2882
f 3938 3937 4078
f 3753 3935 3937
f 3755 3937 3938
f 3939 3938 4079
f 4078 2882 2883
f 4076 2882 4078
f 4079 2883 2884
f 2883 4079 4078
f 3938 4078 4079
f 2883 2882 3499
f 4081 3939 4079
f 2882 3496 3499
f 4081 4082 3942
f 4081 3942 3939
f 3942 4082 3944
f 3760 3942 3944
f 3942 3758 3939
f 3944 4084 3948
f 2885 2884 3501
f 4081 2884 2885
f 4082 2885 2886
f 4082 4084 3944
f 4082 4081 2885
f 4082 2886 4084
f 4085 4084 2888
f 2884 4081 4079
f 3939 3756 3938
f 2884 2883 3500
f 5406 5412 3499
f 3496 5406 3499
f 2883 3499 3500
f 3499 5412 3500
f 5498 5496 5241
f 5406 5496 5498
f 5412 5498 5500
f 5412 5414 3500
f 5412 5406 5498
f 5500 5414 5412
f 3501 3500 5414
f 5404 5496 5406
f 3502 3501 5420
f 2885 3501 3502
f 2886 3502 3503
f 2886 2888 4084
f 2884 3500 3501
f 2886 3503 2888
f 5414 5501 5420
f 3502 5420 5425
f 5431 3503 5425
f 5431 3511 3503
f 3503 3502 5425
f 5420 5506 5425
f 3503 3511 2888
f 5420 3501 5414
f 2885 3502 2886
f 5510 5431 5425
f 4084 4085 3948
f 3937 4076 4078
f 3948 3763 3944
f 5496 5495 5240
f 3948 3950 3765
f 3795 3798 3904
f 3795 3904 3902
f 3734 3904 3907
f 3904 3798 3907
f 3798 3956 3958
f 3956 3798 3795
f 3958 3960 3801
f 3958 3801 3798
f 3907 3798 3801
f 3958 3956 4003
f 3911 3907 3801
f 4002 3956 3954
f 3914 3911 3803
f 3739 3911 3914
f 3743 3914 3915
f 3915 3914 3806
f 3801 3960 3803
f 3914 3803 3806
f 3810 3966 3815
f 3806 3810 3915
f 3810 3919 3915
f 3803 3962 3806
f 3919 3745 3915
f 3803 3911 3801
f 3911 3736 3907
f 3806 3965 3810
f 4003 3956 4002
f 3960 3958 4006
f 4006 3958 4003
f 4003 4002 3768
f 3774 3768 3952
f 4003 3768 3774
f 3779 4006 3774
f 3779 4010 4006
f 4006 4003 3774
f 3779 3774 3955
f 3960 4006 4010
f 3950 3768 3765
f 4010 4012 3962
f 4010 3962 3960
f 3962 4012 3965
f 3965 3966 3810
f 3806 3962 3965
f 3965 4015 3966
f 4012 3784 3789
f 3784 4012 4010
f 3789 3793 4015
f 3789 4015 4012
f 3965 4012 4015
f 3789 3784 3946
f 3966 4015 4018
f 3784 4010 3779
f 3803 3960 3962
f 3784 3779 3957
f 3919 3810 3815
f 4002 3765 3768
f 3922 3927 5590
f 3919 3922 3747
f 6599 5590 5589
f 5590 3927 5589
f 3819 3815 3969
f 3922 3815 3819
f 3823 3927 3819
f 3823 3930 3927
f 3927 3922 3819
f 3823 3819 3972
f 5589 3927 3930
f 3815 3922 3919
f 6603 5591 3932
f 5589 5591 6601
f 6605 3936 6606
f 3827 3930 3823
f 3930 3827 3932
f 3932 3827 3830
f 3932 3936 6605
f 5591 3930 3932
f 3932 3830 3936
f 3936 3830 3834
f 3930 5591 5589
f 3732 3902 3904
f 3827 3823 3974
f 4018 4019 3969
f 3966 4018 3969
f 3819 3969 3972
f 3969 4019 3972
f 3796 3793 3980
f 4018 3793 3796
f 3800 4019 3796
f 3800 4022 4019
f 4019 4018 3796
f 3800 3796 3987
f 3972 4019 4022
f 4015 3793 4018
f 3978 3974 4025
f 3827 3974 3978
f 3981 3830 3978
f 3981 3834 3830
f 3823 3972 3974
f 3981 3978 4027
f 3804 4022 3800
f 4022 3804 4025
f 4025 3804 3808
f 4025 4027 3978
f 3974 4022 4025
f 4025 3808 4027
f 4030 4027 3811
f 4022 3974 3972
f 3827 3978 3830
f 3804 3800 3992
f 3981 4027 4030
f 3815 3966 3969
f 3747 3922 5590
f 3793 3789 3977
f 4085 4087 3950
f 3948 4085 3950
f 3768 3950 3952
f 3950 4087 3952
f 4087 2891 2894
f 2891 4087 4085
f 2894 2896 4088
f 2894 4088 4087
f 3952 4087 4088
f 2894 2891 3520
f 3955 3952 4088
f 3511 2891 2888
f 3957 3955 4090
f 3779 3955 3957
f 3784 3957 3946
f 3946 3957 4092
f 4088 2896 4090
f 3957 4090 4092
f 4094 2901 4096
f 4092 4094 3946
f 4094 3977 3946
f 4090 2899 4092
f 3977 3789 3946
f 4090 3955 4088
f 3955 3774 3952
f 4092 2900 4094
f 3520 2891 3511
f 2896 2894 5231
f 5231 2894 3520
f 3520 3511 5440
f 5431 5513 5440
f 3520 5440 5446
f 5453 5231 5446
f 5453 5234 5231
f 5231 3520 5446
f 5440 5515 5446
f 2896 5231 5234
f 5440 3511 5431
f 5234 5237 2899
f 5234 2899 2896
f 2899 5237 2900
f 2900 2901 4094
f 4092 2899 2900
f 2900 5243 2901
f 5237 5458 5455
f 5458 5237 5234
f 5243 5455 5461
f 5455 5243 5237
f 2900 5237 5243
f 5453 5502 5458
f 5249 2901 5243
f 5458 5234 5453
f 4090 2896 2899
f 5446 5514 5453
f 3977 4094 4096
f 2888 2891 4085
f 4096 4097 3980
f 4096 3980 3977
f 3796 3980 3987
f 3980 4097 3987
f 4097 2902 2903
f 2902 4097 4096
f 2903 2904 4099
f 2903 4099 4097
f 3987 4097 4099
f 2903 2902 5254
f 3992 3987 4099
f 5249 2902 2901
f 3996 3992 4101
f 3804 3992 3996
f 3808 3996 3805
f 3808 3811 4027
f 3800 3987 3992
f 3808 3805 3811
f 4099 2904 4101
f 3996 4101 4103
f 4105 3805 4103
f 4105 3809 3805
f 3805 3996 4103
f 4101 2905 4103
f 3805 3809 3811
f 4101 3992 4099
f 3793 3977 3980
f 4103 2906 4105
f 5254 2902 5249
f 2904 2903 5259
f 5259 2903 5254
f 5254 5249 5465
f 5455 5511 5461
f 5249 5461 5465
f 5259 5434 5438
f 5465 5434 5254
f 5434 5259 5254
f 5461 5504 5465
f 5264 2904 5259
f 5243 5461 5249
f 2905 5264 5268
f 5264 2905 2904
f 2906 5268 5272
f 5268 2906 2905
f 4103 2905 2906
f 5268 5264 5444
f 5434 5509 5438
f 5264 5438 5444
f 5272 5449 5452
f 5444 5449 5268
f 5449 5272 5268
f 5438 5132 5444
f 2906 5272 2909
f 5438 5264 5259
f 4101 2904 2905
f 5465 5505 5434
f 2906 2909 4105
f 4096 2901 2902
f 3804 3996 3808
f 5458 5507 5455
f 6606 3936 6607
f 3795 3954 3956
f 6605 6604 3932
f 5133 5449 5444
f 2934 6703 2932
f 6703 2934 6704
f 2971 2934 2932
f 2971 3032 3033
f 3033 3032 3075
f 3076 3075 3124
f 3075 3076 3033
f 2971 3033 2973
f 3187 3124 3123
f 2934 2971 2973
f 3123 3124 3075
f 2935 6705 2934
f 6705 2935 6706
f 2973 2935 2934
f 2973 3033 3034
f 3034 3033 3076
f 3079 3076 3125
f 3076 3079 3034
f 2973 3034 2976
f 3125 3076 3124
f 2935 2973 2976
f 6705 6704 2934
f 3125 3124 3189
f 3305 3249 3247
f 3187 3249 3189
f 3361 3359 3436
f 3305 3359 3361
f 3566 3567 3509
f 3567 3566 2908
f 3512 3509 3567
f 3512 3436 3509
f 3436 3433 3509
f 3567 2908 2910
f 3305 3309 3249
f 3249 3187 3247
f 3309 3305 3361
f 3189 3249 3250
f 3361 3438 3363
f 3249 3309 3250
f 3189 3250 3191
f 3363 3309 3361
f 3567 3569 3512
f 3569 3567 2910
f 3514 3512 3569
f 3514 3438 3512
f 3438 3436 3512
f 3569 2910 2911
f 3309 3313 3250
f 3436 3438 3361
f 3124 3187 3189
f 2910 2908 2972
f 3125 3189 3191
f 6702 2932 6703
f 2936 6707 2935
f 6707 2936 6708
f 2976 2936 2935
f 2976 3034 3035
f 3035 3034 3079
f 3081 3079 3126
f 3079 3081 3035
f 2976 3035 2979
f 3191 3126 3125
f 2936 2976 2979
f 3079 3125 3126
f 2937 6709 2936
f 6709 2937 6710
f 2979 2937 2936
f 2979 3035 3036
f 3036 3035 3081
f 3083 3081 3127
f 3081 3083 3036
f 2979 3036 2983
f 3127 3081 3126
f 2937 2979 2983
f 6709 6708 2936
f 3127 3126 3193
f 3313 3309 3363
f 3253 3191 3250
f 3253 3250 3313
f 3363 3439 3365
f 3569 3570 3514
f 3570 3569 2911
f 3516 3514 3570
f 3514 3516 3439
f 3439 3438 3514
f 3570 2911 2913
f 3313 3363 3365
f 3438 3439 3363
f 3313 3318 3253
f 3318 3313 3365
f 3254 3253 3318
f 3254 3193 3253
f 3191 3253 3193
f 3365 3442 3367
f 3570 3572 3516
f 3572 3570 2913
f 3518 3516 3572
f 3518 3442 3516
f 3442 3439 3516
f 2913 2984 2914
f 3365 3367 3318
f 3439 3442 3365
f 3126 3191 3193
f 2913 2911 2980
f 3572 2913 2914
f 2935 6707 6706
f 2911 2910 2977
f 3052 3134 3053
f 2970 3052 2972
f 3052 3053 2972
f 3230 3134 3133
f 3304 3307 3230
f 3307 3304 3377
f 3380 3377 3474
f 3377 3380 3307
f 3230 3307 3231
f 3542 3474 3472
f 3134 3230 3231
f 3133 3134 3052
f 3053 3137 3054
f 3053 2977 2972
f 3053 3054 2977
f 3231 3137 3134
f 3307 3308 3231
f 3308 3307 3380
f 3382 3380 3475
f 3380 3382 3308
f 3231 3308 3232
f 3475 3380 3474
f 3137 3231 3232
f 3134 3137 3053
f 2910 2972 2977
f 3475 3474 3543
f 3589 3611 3610
f 3542 3611 3543
f 3589 3640 3591
f 3610 3611 3542
f 5747 3769 3649
f 3769 5587 2956
f 3651 3649 3769
f 3649 3651 3640
f 3640 3638 3649
f 3769 2956 2957
f 3611 3589 3591
f 3638 3640 3589
f 3591 3640 3641
f 3612 3611 3591
f 3592 3591 3641
f 3591 3592 3612
f 3543 3612 3544
f 3651 3641 3640
f 2957 2956 3063
f 3772 3651 3769
f 3772 2957 2958
f 3769 2957 3772
f 3651 3772 3653
f 2957 3063 3065
f 3641 3651 3653
f 3543 3611 3612
f 3474 3542 3543
f 3177 3063 5585
f 3475 3543 3544
f 3472 3474 3377
f 3054 3140 3055
f 3054 2980 2977
f 3054 3055 2980
f 3232 3140 3137
f 3382 3475 3476
f 3311 3308 3382
f 3382 3385 3311
f 3544 3476 3475
f 3232 3311 3233
f 3544 3612 3613
f 3140 3232 3233
f 3232 3308 3311
f 3233 3311 3315
f 3144 3140 3233
f 3056 3055 3144
f 3056 2984 3055
f 2980 3055 2984
f 3233 3315 3234
f 3385 3476 3478
f 3382 3476 3385
f 3387 3385 3478
f 3387 3315 3385
f 3315 3311 3385
f 3476 3544 3545
f 3233 3234 3144
f 3055 3140 3144
f 2913 2980 2984
f 3476 3545 3478
f 3592 3643 3594
f 3612 3592 3613
f 3592 3594 3613
f 3653 3643 3641
f 2958 2957 3065
f 3775 3653 3772
f 3775 2958 2959
f 3772 2958 3775
f 3653 3775 3654
f 2958 3065 3067
f 3643 3653 3654
f 3643 3592 3641
f 3594 3643 3645
f 3614 3613 3594
f 3596 3594 3645
f 3596 3614 3594
f 3545 3614 3546
f 3654 3645 3643
f 2959 2958 3067
f 3778 3654 3775
f 3778 2959 2960
f 3775 2959 3778
f 3654 3778 3656
f 3067 3069 2959
f 3654 3656 3645
f 3545 3613 3614
f 3544 3613 3545
f 3067 3065 3179
f 3545 3546 3478
f 3054 3137 3140
f 2911 2977 2980
f 3065 3063 3178
f 3127 3193 3195
f 2970 2972 2908
f 6711 2937 2938
f 6711 2938 6712
f 2983 3036 3037
f 3037 3036 3083
f 2986 2983 3037
f 2983 2986 2938
f 2938 2937 2983
f 3037 3083 3084
f 6713 6712 2938
f 3083 3127 3128
f 6714 6713 2940
f 6714 2940 6715
f 2986 2940 2938
f 3084 3083 3128
f 3038 2986 3037
f 3128 3196 3129
f 3037 3084 3038
f 2986 3038 2989
f 3129 3084 3128
f 2940 2986 2989
f 6713 2938 2940
f 3195 3128 3127
f 3254 3321 3255
f 3193 3254 3195
f 3254 3255 3195
f 3367 3321 3318
f 3442 3444 3367
f 3444 3442 3518
f 3518 3521 3444
f 2914 3574 3572
f 3367 3444 3369
f 3572 3574 3518
f 3321 3367 3369
f 3318 3321 3254
f 3369 3444 3447
f 3323 3321 3369
f 3256 3255 3323
f 3256 3196 3255
f 3195 3255 3196
f 3369 3447 3370
f 3521 3574 3576
f 3518 3574 3521
f 3523 3521 3576
f 3523 3447 3521
f 3447 3444 3521
f 3574 2914 2915
f 3369 3370 3323
f 3255 3321 3323
f 3128 3195 3196
f 2915 3576 3574
f 3038 3084 3087
f 2937 6711 6710
f 6716 6715 2941
f 6716 2941 6717
f 2989 2941 2940
f 3087 3084 3129
f 3039 2989 3038
f 3087 3129 3130
f 3038 3087 3039
f 2989 3039 2992
f 3087 3088 3039
f 2941 2989 2992
f 6715 2940 2941
f 6718 6717 2943
f 6718 2943 6719
f 2992 2943 2941
f 3088 3087 3130
f 3040 2992 3039
f 3088 3130 3132
f 3039 3088 3040
f 2992 3040 2996
f 3132 3091 3088
f 2943 2992 2996
f 6717 2941 2943
f 3130 3129 3198
f 3256 3326 3257
f 3196 3256 3198
f 3256 3257 3198
f 3370 3326 3323
f 3447 3448 3370
f 3448 3447 3523
f 3524 3523 3577
f 3523 3524 3448
f 3370 3448 3371
f 3577 3523 3576
f 3326 3370 3371
f 3323 3326 3256
f 3257 3327 3258
f 3257 3201 3198
f 3371 3373 3327
f 3201 3257 3258
f 3130 3198 3201
f 3371 3327 3326
f 3448 3450 3371
f 3450 3448 3524
f 3526 3524 3579
f 3526 3450 3524
f 3371 3450 3373
f 3579 3524 3577
f 3579 2919 2921
f 3326 3327 3257
f 3132 3130 3201
f 3576 2917 3577
f 3040 3088 3091
f 3196 3198 3129
f 3577 2919 3579
f 3056 3147 3057
f 2984 3056 2988
f 3056 3057 2988
f 3234 3147 3144
f 3315 3317 3234
f 3317 3315 3387
f 3389 3387 3479
f 3387 3389 3317
f 3234 3317 3235
f 3546 3479 3478
f 3147 3234 3235
f 3144 3147 3056
f 3057 2991 2988
f 2915 2991 2917
f 3057 3149 3058
f 2988 2991 2915
f 3317 3322 3235
f 3322 3317 3389
f 3236 3235 3322
f 3235 3236 3149
f 3149 3147 3235
f 3389 3481 3390
f 2991 3057 3058
f 3147 3149 3057
f 2914 2988 2915
f 3389 3479 3481
f 3596 3615 3614
f 3546 3615 3547
f 3596 3647 3598
f 3614 3615 3546
f 3778 3781 3656
f 3781 3778 2960
f 3658 3656 3781
f 3656 3658 3647
f 3647 3645 3656
f 3781 2960 2961
f 3615 3596 3598
f 3645 3647 3596
f 3615 3616 3547
f 3616 3615 3598
f 3548 3547 3616
f 3547 3548 3481
f 3479 3546 3547
f 3598 3648 3599
f 3781 3785 3658
f 3785 3781 2961
f 3660 3658 3785
f 3658 3660 3648
f 3648 3647 3658
f 3785 2961 2962
f 3616 3598 3599
f 3647 3648 3598
f 3481 3479 3547
f 2959 3069 2960
f 3322 3389 3390
f 3478 3479 3387
f 3058 2994 2991
f 2917 2994 2919
f 3058 3152 3059
f 2991 2994 2917
f 3322 3324 3236
f 3324 3322 3390
f 3237 3236 3324
f 3236 3237 3152
f 3152 3149 3236
f 3324 3390 3392
f 2994 3058 3059
f 3149 3152 3058
f 3059 3152 3155
f 2999 2994 3059
f 3060 3059 3155
f 3060 2999 3059
f 2919 2999 2921
f 3237 3155 3152
f 3392 3390 3482
f 3328 3237 3324
f 3392 3484 3395
f 3324 3392 3328
f 3237 3328 3238
f 3392 3482 3484
f 3237 3238 3155
f 2919 2994 2999
f 3577 2917 2919
f 3548 3482 3481
f 3599 3617 3616
f 3548 3617 3549
f 3599 3650 3600
f 3616 3617 3548
f 3785 3786 3660
f 3786 3785 2962
f 3662 3660 3786
f 3660 3662 3650
f 3650 3648 3660
f 3786 2962 2963
f 3617 3599 3600
f 3648 3650 3599
f 3617 3618 3549
f 3618 3617 3600
f 3550 3549 3618
f 3550 3484 3549
f 3482 3548 3549
f 3600 3652 3601
f 3786 3790 3662
f 3790 3786 2963
f 3664 3662 3790
f 3664 3652 3662
f 3652 3650 3662
f 2963 3080 2965
f 3600 3601 3618
f 3650 3652 3600
f 3484 3482 3549
f 2961 3073 2962
f 3392 3395 3328
f 3481 3482 3390
f 3576 2915 2917
f 2960 3072 2961
f 3790 2963 2965
f 2984 2988 2914
f 2962 3077 2963
f 5586 3285 6634
f 3177 3285 3178
f 5586 3504 3397
f 6632 3504 5586
f 6627 5592 6628
f 3504 5588 3139
f 6629 5748 5588
f 5588 3504 6631
f 6629 6628 5748
f 3285 5586 3397
f 3397 3287 3285
f 3178 3287 3179
f 3397 3506 3399
f 3397 3504 3506
f 5592 5748 6628
f 5592 3270 5748
f 5592 5531 3270
f 5588 5748 3139
f 3139 3506 3504
f 3139 5748 3270
f 3287 3397 3399
f 3178 3285 3287
f 3178 3063 3177
f 5592 6627 5531
f 6626 6625 5593
f 6624 6623 4039
f 6622 6621 4039
f 5594 3555 6620
f 6622 4039 6623
f 6625 6624 5593
f 5593 4039 5554
f 5593 5531 6626
f 6619 5594 6620
f 3555 4039 6621
f 5554 5531 5593
f 3555 6621 6620
f 6619 6618 5749
f 5749 6617 2974
f 6617 5749 6618
f 5594 6619 5749
f 3628 5594 5749
f 6624 4039 5593
f 6627 6626 5531
f 3139 3142 3506
f 3399 3289 3287
f 3179 3289 3180
f 3399 3508 3401
f 3399 3506 3508
f 3142 3270 3272
f 3142 3139 3270
f 3145 3142 3272
f 3142 3145 3508
f 3142 3508 3506
f 3272 3270 5534
f 3289 3399 3401
f 3179 3287 3289
f 3180 3291 3182
f 3179 3180 3067
f 3180 3182 3069
f 3401 3291 3289
f 3508 3510 3401
f 3510 3508 3145
f 3148 3145 3273
f 3145 3148 3510
f 3401 3510 3402
f 3273 3145 3272
f 3291 3401 3402
f 3289 3291 3180
f 3065 3178 3179
f 3273 3272 5526
f 5534 5554 5555
f 5531 5554 5534
f 5534 5555 5526
f 5555 5554 4040
f 5594 3628 3555
f 3628 5749 2974
f 3557 3555 3628
f 3557 4040 3555
f 4040 4039 3555
f 3628 2974 2978
f 5555 4040 4043
f 4039 4040 5554
f 4043 4040 3557
f 5526 5555 5556
f 4043 3559 4045
f 5555 4043 5556
f 5526 5556 5527
f 4043 3557 3559
f 3629 2978 2981
f 3628 2978 3629
f 3630 3629 2981
f 3629 3630 3559
f 3557 3629 3559
f 2974 3096 2978
f 5556 4043 4045
f 3628 3629 3557
f 3272 5534 5526
f 2974 6617 6616
f 3273 5526 5527
f 5531 5534 3270
f 3067 3180 3069
f 2978 3099 2981
f 6616 6615 5595
f 6615 6614 5595
f 6611 5597 6612
f 6613 6612 5597
f 3199 6614 6613
f 6607 3936 3672
f 5597 3199 6613
f 5595 3199 3096
f 5528 5597 6611
f 6611 6610 5528
f 6610 6609 5596
f 6608 3672 3674
f 6608 5596 6609
f 6610 5596 5528
f 3674 5596 6608
f 6614 3199 5595
f 5595 2974 6616
f 6608 6607 3672
f 3834 3986 3836
f 3936 3834 3672
f 3834 3836 3672
f 4030 3986 3981
f 3811 3816 4030
f 3811 3809 3816
f 5272 5276 2909
f 5272 5452 5276
f 4106 4105 2909
f 4105 4106 3809
f 4032 3986 4030
f 3981 3986 3834
f 4032 4030 3816
f 4032 3989 3986
f 3820 3816 3813
f 3820 4032 3816
f 3986 3989 3836
f 4106 3813 3809
f 2909 2912 4106
f 2912 2909 5276
f 5279 5276 5456
f 5279 2912 5276
f 4106 2912 4109
f 5456 5276 5452
f 4106 4109 3813
f 3809 3813 3816
f 3672 3836 3674
f 5449 5134 5452
f 5597 3312 3199
f 3312 5597 5528
f 3096 3199 3203
f 3203 3199 3312
f 5528 3764 5529
f 3836 3838 3674
f 3838 3836 3989
f 3676 3674 3838
f 3674 3676 3764
f 3764 5596 3674
f 3989 3993 3838
f 3312 5528 5529
f 5596 3764 5528
f 3099 3203 3207
f 3203 3099 3096
f 5529 5532 3316
f 3316 3207 3203
f 3099 3207 3102
f 5529 3316 3312
f 3764 3766 5529
f 3766 3764 3676
f 3678 3676 3840
f 3678 3766 3676
f 5529 3766 5532
f 3840 3676 3838
f 3840 3993 3995
f 3312 3316 3203
f 3096 2974 5595
f 3838 3993 3840
f 3820 3814 3822
f 4032 3820 4034
f 3820 3822 4034
f 4109 3814 3813
f 2912 2916 4109
f 2916 2912 5279
f 5282 5279 5462
f 5279 5282 2916
f 4109 2916 4111
f 5462 5279 5456
f 3814 4109 4111
f 3813 3814 3820
f 4034 4036 3993
f 4036 4034 3822
f 3825 3822 3817
f 3825 4036 3822
f 3993 4036 3995
f 4111 3817 3814
f 2916 2918 4111
f 2918 2916 5282
f 5285 5282 5466
f 5285 2918 5282
f 4111 2918 4112
f 5466 5282 5462
f 4111 4112 3817
f 3814 3817 3822
f 3989 4034 3993
f 5456 5138 5462
f 3320 3207 3316
f 4032 4034 3989
f 3099 2978 3096
f 5452 5136 5456
f 2981 3099 3102
f 3285 3177 6636
f 3182 3293 3184
f 3182 3072 3069
f 3182 3184 3072
f 3402 3293 3291
f 3148 3273 3276
f 3513 3510 3148
f 3151 3148 3276
f 3148 3151 3513
f 3402 3513 3404
f 5527 3276 3273
f 3293 3402 3404
f 3402 3510 3513
f 3184 3294 3186
f 3184 3073 3072
f 3184 3186 3073
f 3404 3294 3293
f 3513 3515 3404
f 3515 3513 3151
f 3153 3151 3277
f 3151 3153 3515
f 3404 3515 3405
f 3277 3151 3276
f 3294 3404 3405
f 3293 3294 3184
f 2961 3072 3073
f 3277 3276 5530
f 4045 3430 5556
f 5527 3430 5530
f 4045 3561 4047
f 4045 3559 3561
f 3102 3207 3211
f 2985 2981 3102
f 3631 3630 2985
f 3630 3631 3561
f 3561 3559 3630
f 2985 3102 3104
f 3430 4045 4047
f 3630 2981 2985
f 4047 3561 3562
f 3432 3430 4047
f 4049 4047 3562
f 4047 4049 3432
f 5530 3432 5533
f 3631 3562 3561
f 3104 3102 3211
f 2990 3631 2985
f 2990 3104 3107
f 2985 3104 2990
f 3631 2990 3632
f 3104 3211 3214
f 3562 3631 3632
f 5530 3430 3432
f 3276 5527 5530
f 3320 3211 3207
f 3277 5530 5533
f 5527 5556 3430
f 3186 3296 3188
f 3186 3077 3073
f 3186 3188 3077
f 3405 3296 3294
f 3153 3277 3279
f 3517 3515 3153
f 3153 3156 3517
f 5533 3279 3277
f 3405 3517 3408
f 5533 3432 3434
f 3296 3405 3408
f 3405 3515 3517
f 3408 3517 3519
f 3297 3296 3408
f 3190 3188 3297
f 3190 3080 3188
f 3077 3188 3080
f 3408 3519 3410
f 3156 3279 3281
f 3156 3153 3279
f 3159 3156 3281
f 3159 3519 3156
f 3156 3519 3517
f 3279 5533 5536
f 3408 3410 3297
f 3188 3296 3297
f 2963 3077 3080
f 3279 5536 3281
f 4049 3565 4051
f 3432 4049 3434
f 4049 4051 3434
f 3632 3565 3562
f 3107 3104 3214
f 2995 3632 2990
f 2995 3107 3109
f 2990 3107 2995
f 3632 2995 3633
f 3107 3214 3217
f 3565 3632 3633
f 3565 4049 3562
f 4051 3565 3568
f 3437 3434 4051
f 4054 4051 3568
f 3568 3633 3634
f 5536 3437 5537
f 3633 3568 3565
f 3109 3107 3217
f 3001 3633 2995
f 3109 3219 3113
f 2995 3109 3001
f 3633 3001 3634
f 3109 3217 3219
f 3113 3001 3109
f 5536 3434 3437
f 5533 3434 5536
f 3217 3214 3329
f 5536 5537 3281
f 3186 3294 3296
f 2962 3073 3077
f 3214 3211 3325
f 3320 5532 5535
f 3316 5532 3320
f 3320 5535 3325
f 5535 5532 3771
f 3840 3842 3678
f 3842 3840 3995
f 3679 3678 3842
f 3679 3771 3678
f 3771 3766 3678
f 3842 3995 3999
f 5535 3771 3776
f 3766 3771 5532
f 3776 5538 5535
f 3325 5538 3329
f 3776 3681 3780
f 3679 3776 3771
f 3842 3844 3679
f 3844 3842 3999
f 3844 4001 3847
f 3844 3681 3679
f 3776 3679 3681
f 3844 3999 4001
f 5538 3776 3780
f 3325 5535 5538
f 3325 3211 3320
f 3999 3995 4038
f 3825 3818 3828
f 4036 3825 4038
f 3825 3828 4038
f 4112 3818 3817
f 2918 2920 4112
f 2920 2918 5285
f 5289 5285 5469
f 5285 5289 2920
f 4112 2920 4114
f 5469 5285 5466
f 3818 4112 4114
f 3817 3818 3825
f 3828 3821 3831
f 3828 4041 4038
f 4114 4115 3821
f 4041 3828 3831
f 3999 4038 4041
f 4114 3821 3818
f 2920 2939 4114
f 2939 2920 5289
f 5292 5289 5473
f 5292 2939 5289
f 4114 2939 4115
f 5473 5289 5469
f 4044 4001 4041
f 3818 3821 3828
f 4001 3999 4041
f 5466 5143 5469
f 3681 3844 3847
f 4036 4038 3995
f 3780 5540 5538
f 3329 5540 3332
f 3780 3683 3783
f 3780 3681 3683
f 3831 4044 4041
f 4004 4001 4044
f 3848 3847 4004
f 3847 3848 3683
f 3683 3681 3847
f 4004 4044 4046
f 5540 3780 3783
f 3847 4001 4004
f 5540 5543 3332
f 5543 5540 3783
f 3339 3332 5543
f 5543 3783 3788
f 3217 3329 3332
f 3783 3684 3788
f 4004 4008 3848
f 4008 4004 4046
f 3851 3848 4008
f 4008 4046 4050
f 3684 3683 3848
f 4046 3835 4050
f 3851 3684 3848
f 3683 3684 3783
f 3214 3325 3329
f 4046 4044 3832
f 3832 3831 3824
f 3831 3832 4044
f 4115 4117 3824
f 4115 3824 3821
f 2939 2942 4115
f 2942 2939 5292
f 5295 5292 5477
f 5295 2942 5292
f 4115 2942 4117
f 5477 5292 5473
f 3824 3826 3832
f 3821 3824 3831
f 3826 4117 4119
f 4117 3826 3824
f 3829 3826 4119
f 4119 2945 2950
f 3832 3826 3835
f 4119 4117 2945
f 2945 5295 5298
f 2942 5295 2945
f 5483 5149 5374
f 5483 5298 5295
f 2945 5298 2950
f 5483 5295 5477
f 5374 5298 5483
f 2942 2945 4117
f 4046 3832 3835
f 5473 5145 5477
f 3829 3835 3826
f 3329 5538 5540
f 3217 3332 3219
f 5469 5144 5473
f 3339 3219 3332
f 3182 3291 3293
f 2960 3069 3072
f 5462 5141 5466
f 4051 4054 3437
f 5585 3063 2956
f 5477 5147 5483
f 6528 6527 5752
f 6529 6528 5752
f 5752 6527 5600
f 5600 6526 5235
f 6526 5600 6527
f 5236 5235 5239
f 5235 5236 5600
f 5752 5600 5236
f 5235 6526 6525
f 5236 5490 5752
f 5241 5496 5240
f 5495 5236 5240
f 5245 5498 5241
f 5241 5240 5242
f 5242 5239 5429
f 5240 5239 5242
f 5246 5247 5245
f 5242 5246 5241
f 5246 5245 5241
f 5246 5242 5433
f 5245 5247 5248
f 5239 5240 5236
f 5500 5498 5245
f 5239 5235 5427
f 6525 6524 5751
f 5235 6525 5751
f 5751 6524 6523
f 6523 6522 5599
f 4915 5599 6522
f 4915 5427 5599
f 5751 6523 5599
f 4915 6522 6521
f 5751 5599 5427
f 5429 5427 4916
f 5235 5751 5427
f 5436 5246 5433
f 5429 5433 5242
f 5239 5427 5429
f 5433 5429 4917
f 4917 4916 5032
f 5429 4916 4917
f 5436 4918 4919
f 4917 4918 5433
f 4918 5436 5433
f 4918 4917 5037
f 5441 5247 5436
f 4916 5427 4915
f 5246 5436 5247
f 4916 4915 5028
f 5500 5245 5248
f 5248 5253 5501
f 5248 5501 5500
f 5501 5506 5420
f 5501 5253 5506
f 5253 5252 5257
f 5252 5253 5248
f 5257 5260 5256
f 5257 5256 5253
f 5506 5253 5256
f 5257 5252 5447
f 5510 5506 5256
f 5441 5252 5247
f 5513 5510 5263
f 5510 5513 5431
f 5513 5515 5440
f 5515 5513 5267
f 5256 5260 5263
f 5513 5263 5267
f 5271 5275 5274
f 5267 5271 5515
f 5271 5514 5515
f 5263 5266 5267
f 5446 5515 5514
f 5263 5510 5256
f 5425 5506 5510
f 5267 5270 5271
f 5447 5252 5441
f 5260 5257 5451
f 5451 5257 5447
f 5447 5441 4921
f 4921 4919 5044
f 5441 4919 4921
f 5451 4923 4925
f 4921 4923 5447
f 4923 5451 5447
f 4923 4921 5047
f 5457 5260 5451
f 5436 4919 5441
f 5457 5463 5266
f 4925 5457 5451
f 5266 5463 5270
f 5270 5275 5271
f 5267 5266 5270
f 5270 5467 5275
f 4927 4925 5053
f 5457 4925 4927
f 5463 4927 4929
f 5463 5467 5270
f 5463 5457 4927
f 5463 4929 5467
f 5470 5467 4932
f 5260 5457 5266
f 5263 5260 5266
f 4925 4923 5050
f 5467 5470 5275
f 5248 5247 5252
f 5414 5500 5501
f 4919 4918 5041
f 6518 5601 6519
f 5601 6520 6519
f 6517 6516 5601
f 6515 5135 6516
f 5601 6518 6517
f 6521 6520 5601
f 5601 4915 6521
f 5601 5028 4915
f 5032 5028 5137
f 5028 5601 5135
f 5135 6515 6514
f 5028 5135 5137
f 5139 6501 6500
f 5137 5139 5032
f 5139 5037 5032
f 5135 6508 5137
f 5028 5032 4916
f 5135 5601 6516
f 5032 5037 4917
f 5137 5602 5139
f 6512 5135 6513
f 5135 6512 6511
f 5135 6511 6510
f 5135 6510 6509
f 6508 5135 6509
f 6514 6513 5135
f 5137 6507 6506
f 6508 6507 5137
f 5602 6502 5139
f 6501 5139 6502
f 5602 6503 6502
f 6505 5137 6506
f 6504 5137 6505
f 6503 5602 6504
f 5602 5137 6504
f 5037 5139 5140
f 5041 5142 5044
f 4919 5041 5044
f 4921 5044 5047
f 5047 5044 5603
f 5603 6494 5605
f 5047 5603 5605
f 5050 5605 6492
f 5050 5606 5053
f 5050 5047 5605
f 6492 5606 5050
f 5050 4923 5047
f 5044 5142 5603
f 4927 5053 5055
f 5050 5053 4925
f 5604 6485 5607
f 5604 4932 4929
f 5467 4929 4932
f 4929 5055 5604
f 5055 5053 6489
f 5604 5055 6487
f 5604 6487 6486
f 6485 5604 6486
f 5604 5607 4932
f 5053 5606 6490
f 5041 4918 5037
f 5055 6488 6487
f 5140 6498 5142
f 5041 5140 5142
f 5603 5142 6496
f 5142 6497 6496
f 5140 6500 6499
f 5140 6499 6498
f 6497 5142 6498
f 6500 5140 5139
f 6491 5606 6492
f 5053 6490 6489
f 6493 6492 5605
f 6495 5603 6496
f 5603 6495 6494
f 6493 5605 6494
f 6491 6490 5606
f 6489 6488 5055
f 5140 5041 5037
f 4927 5055 4929
f 5271 5274 5514
f 5274 5278 5502
f 5274 5502 5514
f 5502 5507 5458
f 5502 5278 5507
f 5277 5470 5368
f 5275 5470 5277
f 5280 5277 5368
f 5280 5278 5277
f 5274 5277 5278
f 5368 5470 4934
f 5507 5278 5281
f 5275 5277 5274
f 5281 5284 5511
f 5281 5511 5507
f 5511 5504 5461
f 5511 5284 5504
f 5280 5368 5379
f 5281 5280 5283
f 5286 5284 5283
f 5286 5287 5284
f 5284 5281 5283
f 5280 5379 5283
f 5504 5284 5287
f 5280 5281 5278
f 5455 5507 5511
f 5283 5389 5286
f 4937 4934 5608
f 5368 4934 4937
f 5608 6482 6481
f 5608 4934 5607
f 5607 6484 6483
f 5607 6483 5608
f 6482 5608 6483
f 4937 5608 6481
f 4932 5607 4934
f 4937 6480 4939
f 5379 4939 5389
f 4942 5389 4939
f 4942 5398 5389
f 5283 5379 5389
f 4942 4939 6478
f 4937 6481 6480
f 6480 6479 4939
f 6478 4939 6479
f 6477 4942 6478
f 4937 4939 5379
f 5379 5368 4937
f 5286 5389 5398
f 4932 4934 5470
f 5287 5290 5505
f 5287 5505 5504
f 5505 5509 5434
f 5505 5290 5509
f 5288 5398 5407
f 5286 5398 5288
f 5291 5288 5407
f 5291 5290 5288
f 5287 5288 5290
f 5398 5621 5407
f 5509 5290 5294
f 5398 4942 5621
f 5291 5293 5294
f 5291 5294 5290
f 5294 5132 5509
f 5293 5296 5294
f 5419 5622 5623
f 5419 5407 5622
f 5424 5419 5623
f 5419 5424 5293
f 5293 5291 5419
f 5623 5622 6472
f 5132 5294 5296
f 5407 5419 5291
f 5438 5509 5132
f 5407 5621 5622
f 6474 5622 5621
f 6473 5622 6474
f 6474 5621 6475
f 6477 6476 4942
f 6475 5621 6476
f 5621 4942 6476
f 6469 5064 6470
f 6472 5622 6473
f 6469 5159 5064
f 6467 6466 5159
f 5159 6468 6467
f 6468 5159 6469
f 6466 6465 5034
f 6470 5064 6471
f 6471 5623 6472
f 6466 5034 5159
f 5623 6471 4945
f 5287 5286 5288
f 5465 5504 5505
f 4415 6451 6450
f 4415 6452 6451
f 6449 6448 4532
f 4415 6449 4532
f 4415 6450 6449
f 4532 6448 6447
f 6453 6452 4286
f 4155 6455 6454
f 4155 6456 6455
f 4286 6452 4415
f 6453 4286 6454
f 4416 4415 4534
f 4416 4286 4415
f 6454 4286 4155
f 4534 4415 4532
f 4534 4645 4647
f 4534 4532 4645
f 4754 6444 6443
f 4754 6445 6444
f 6442 6441 4826
f 4754 6442 4826
f 4754 6443 6442
f 4826 6441 6440
f 6446 6445 4643
f 4643 6445 4754
f 6446 4643 6447
f 4643 4754 4757
f 6447 4643 4532
f 4645 4532 4643
f 4643 4757 4645
f 4757 4828 4830
f 4828 4757 4754
f 4759 4830 4833
f 4830 4759 4757
f 4645 4757 4759
f 4830 4828 4862
f 4645 4759 4647
f 4828 4754 4826
f 4828 4826 4861
f 4155 6457 6456
f 6460 5151 6461
f 6460 5345 5151
f 4286 4289 4155
f 5345 6457 4155
f 5345 6459 6458
f 6459 5345 6460
f 5345 4155 4157
f 6462 6461 5151
f 6464 6463 5034
f 5034 5151 5154
f 5151 5034 6463
f 6465 6464 5034
f 5345 5354 5151
f 5354 4157 4161
f 5345 4157 5354
f 5340 5354 4161
f 5354 5340 5154
f 5151 5354 5154
f 4161 4157 4292
f 5034 5154 5038
f 6462 5151 6463
f 4157 4155 4289
f 4289 4416 4418
f 4286 4416 4289
f 4289 4418 4292
f 4418 4416 4535
f 4647 4759 4761
f 4761 4759 4833
f 4649 4647 4761
f 4649 4535 4647
f 4535 4534 4647
f 4761 4833 4836
f 4418 4535 4538
f 4416 4534 4535
f 4538 4535 4649
f 4292 4418 4420
f 4538 4651 4541
f 4418 4538 4420
f 4292 4420 4295
f 4538 4649 4651
f 4763 4836 4838
f 4761 4836 4763
f 4767 4763 4838
f 4763 4767 4651
f 4649 4763 4651
f 4838 4836 4869
f 4420 4538 4541
f 4761 4763 4649
f 4157 4289 4292
f 4836 4833 4866
f 4161 4292 4295
f 6457 5345 6458
f 4833 4830 4864
f 5159 5034 5038
f 6485 6484 5607
f 5453 5514 5502
f 6428 5610 6429
f 6429 5031 6430
f 5610 6428 6427
f 6427 6426 4946
f 6426 6425 4946
f 6431 6430 5031
f 6433 5609 6434
f 6432 4880 6433
f 4946 5610 6427
f 5031 6429 5610
f 4920 5610 4946
f 4920 5031 5610
f 6431 4880 6432
f 6431 5031 4880
f 4946 4158 4163
f 4946 6425 4158
f 6420 5613 6421
f 5613 6420 6419
f 6416 5614 6417
f 6419 6418 4451
f 6417 4451 6418
f 6421 5613 6422
f 6424 6423 4158
f 5613 4158 6422
f 4314 4163 4158
f 6425 6424 4158
f 4158 5613 4314
f 5614 4451 6417
f 5613 6419 4451
f 4247 4451 5614
f 5613 4451 4314
f 4454 4451 4247
f 5614 6416 6415
f 4451 4454 4314
f 4158 6423 6422
f 5614 4358 4247
f 6435 6434 5609
f 5612 6438 6437
f 5612 6439 6438
f 5088 5611 6435
f 6433 4880 5609
f 4880 5088 5609
f 6436 5611 6437
f 5031 5036 4880
f 6439 5612 6440
f 4861 5612 5007
f 6440 5612 4826
f 4861 5007 5009
f 5007 5612 5611
f 5609 5088 6435
f 5007 5611 5088
f 5090 4886 5091
f 5007 5088 5090
f 5009 5007 5090
f 5088 4880 4884
f 4862 4861 5009
f 5611 5612 6437
f 5612 4861 4826
f 5088 4884 5090
f 4948 4922 4920
f 5031 4920 5036
f 5036 4884 4880
f 4922 5036 4920
f 4163 4314 4317
f 4317 4314 4454
f 4168 4163 4317
f 4168 4948 4163
f 4948 4946 4163
f 4317 4454 4456
f 5036 5039 4884
f 4920 4946 4948
f 5039 4922 4924
f 4922 5039 5036
f 5043 5039 4924
f 5039 5043 4886
f 4884 5039 4886
f 4924 4922 4951
f 4317 4321 4168
f 4321 4317 4456
f 4172 4168 4321
f 4172 4951 4168
f 4951 4948 4168
f 4456 4251 4459
f 4321 4456 4459
f 4948 4951 4922
f 5090 4884 4886
f 4454 4247 4249
f 5009 5090 5091
f 6436 6435 5611
f 4454 4249 4456
f 6414 6413 4358
f 6413 6412 4358
f 6411 6410 5615
f 5615 6412 6411
f 4139 6410 6409
f 5614 6415 6414
f 4359 4358 4482
f 4358 4359 4247
f 4482 4142 4484
f 4482 4358 5615
f 4139 6409 6408
f 5615 6410 4139
f 4139 6408 4270
f 5615 4139 4482
f 4142 4482 4139
f 4139 4270 4142
f 4359 4482 4484
f 6412 5615 4358
f 4358 5614 6414
f 6406 6405 5616
f 6405 6404 5616
f 6403 6402 4497
f 4497 6404 6403
f 6402 6401 4621
f 6407 6406 4270
f 4270 5616 4387
f 5616 4270 6406
f 4497 6402 4621
f 4497 4387 5616
f 4270 4387 4272
f 4621 6401 6400
f 6400 6399 4621
f 6399 6398 4725
f 5617 6398 6397
f 4501 4387 4497
f 6404 4497 5616
f 6408 6407 4270
f 4142 4270 4272
f 4484 4362 4359
f 4249 4362 4251
f 4146 4142 4272
f 4484 4142 4146
f 4501 4497 4621
f 4391 4272 4387
f 4623 4621 4725
f 4623 4501 4621
f 4391 4387 4501
f 6398 5617 4725
f 4486 4362 4484
f 4249 4359 4362
f 4486 4484 4146
f 4486 4365 4362
f 4149 4146 4274
f 4146 4149 4486
f 4251 4362 4365
f 4391 4274 4272
f 4501 4505 4391
f 4505 4501 4623
f 4625 4623 4727
f 4815 4727 4813
f 4391 4505 4395
f 4727 4623 4725
f 4623 4625 4505
f 4272 4274 4146
f 4456 4249 4251
f 4727 4725 4813
f 5617 6396 6395
f 6397 6396 5617
f 6395 5618 4813
f 6394 6393 5618
f 6393 4145 5618
f 5620 6393 6392
f 6395 6394 5618
f 5617 6395 4813
f 4813 5618 4145
f 5620 6392 6391
f 6390 4259 5620
f 6393 5620 4145
f 4813 4145 4815
f 5620 6391 6390
f 6390 6389 5619
f 5619 6388 4360
f 6388 5619 6389
f 6390 5619 4259
f 5620 4259 4145
f 4725 5617 4813
f 4274 4391 4395
f 6399 4725 4621
f 4359 4249 4247
f 4951 4954 4924
f 5091 5012 5009
f 4862 5012 4864
f 5091 4890 5093
f 5091 4886 4890
f 4172 4954 4951
f 4926 4924 4954
f 5046 5043 4926
f 5043 5046 4890
f 4890 4886 5043
f 4926 4954 4958
f 5012 5091 5093
f 5043 4924 4926
f 5093 5014 5012
f 4864 5014 4866
f 5093 4893 5095
f 5012 5014 4864
f 4926 4928 5046
f 4928 4926 4958
f 5049 5046 4928
f 5046 5049 4893
f 4893 4890 5046
f 4958 4178 4962
f 5014 5093 5095
f 4890 4893 5093
f 4862 4828 4861
f 4958 4954 4175
f 4459 4323 4321
f 4172 4323 4175
f 4459 4253 4462
f 4321 4323 4172
f 4486 4488 4365
f 4488 4486 4149
f 4367 4365 4488
f 4365 4367 4253
f 4253 4251 4365
f 4488 4149 4152
f 4323 4459 4462
f 4251 4253 4459
f 4323 4325 4175
f 4325 4323 4462
f 4462 4255 4464
f 4325 4178 4175
f 4958 4175 4178
f 4464 4325 4462
f 4488 4490 4367
f 4490 4488 4152
f 4370 4367 4490
f 4370 4255 4367
f 4255 4253 4367
f 4490 4152 4153
f 4325 4328 4178
f 4253 4255 4462
f 4954 4172 4175
f 4152 4149 4277
f 4928 4958 4962
f 4862 5009 5012
f 5095 5017 5014
f 4866 5017 4869
f 5095 4897 5097
f 5095 4893 4897
f 4962 4178 4181
f 4931 4928 4962
f 5051 5049 4931
f 5049 5051 4897
f 4897 4893 5049
f 4931 4962 4965
f 5017 5095 5097
f 5049 4928 4931
f 5097 4897 4900
f 5023 5017 5097
f 5100 5097 4900
f 5097 5100 5023
f 4869 5023 4873
f 5051 4900 4897
f 4965 4962 4181
f 4933 5051 4931
f 4965 4181 4185
f 4931 4965 4933
f 5051 4933 5054
f 4185 4967 4965
f 4900 5051 5054
f 4869 5017 5023
f 4866 4833 4864
f 4328 4181 4178
f 4328 4464 4465
f 4325 4464 4328
f 4328 4465 4330
f 4465 4464 4257
f 4490 4493 4370
f 4493 4490 4153
f 4373 4370 4493
f 4373 4257 4370
f 4257 4255 4370
f 4493 4153 4156
f 4465 4257 4258
f 4255 4257 4464
f 4373 4258 4257
f 4467 4465 4258
f 4334 4330 4467
f 4330 4334 4185
f 4181 4328 4330
f 4258 4376 4260
f 4493 4496 4373
f 4496 4493 4156
f 4156 4160 4496
f 4496 4376 4373
f 4258 4373 4376
f 4156 4287 4160
f 4467 4258 4260
f 4330 4465 4467
f 4185 4181 4330
f 4156 4153 4284
f 4933 4965 4967
f 4866 5014 5017
f 4864 4830 4862
f 4153 4152 4280
f 4395 4508 4398
f 4274 4395 4277
f 4395 4398 4277
f 4625 4508 4505
f 4727 4729 4625
f 4729 4727 4815
f 4816 4815 4147
f 4815 4816 4729
f 4625 4729 4627
f 4259 4147 4145
f 4508 4625 4627
f 4505 4508 4395
f 4280 4398 4402
f 4398 4280 4277
f 4280 4402 4284
f 4402 4398 4509
f 4729 4730 4627
f 4730 4729 4816
f 4628 4627 4730
f 4628 4509 4627
f 4509 4508 4627
f 4816 4148 4817
f 4730 4816 4817
f 4508 4509 4398
f 4152 4277 4280
f 4816 4147 4148
f 4262 4259 4360
f 4147 4259 4262
f 4360 6387 4477
f 6387 4360 6388
f 6387 6386 4477
f 6385 4477 6386
f 6384 4477 6385
f 4262 4360 4361
f 5619 4360 4259
f 4361 4360 4477
f 4361 4264 4262
f 4478 4477 4602
f 5638 4602 6382
f 4477 4478 4361
f 6383 4602 6384
f 4602 6383 6382
f 6381 5638 6382
f 6380 5638 6381
f 4264 4148 4262
f 6384 4602 4477
f 4148 4147 4262
f 4511 4402 4509
f 4145 4147 4815
f 4511 4509 4628
f 4284 4402 4405
f 4405 4402 4511
f 4628 4731 4630
f 4148 4150 4817
f 4150 4148 4264
f 4819 4817 4150
f 4817 4819 4731
f 4731 4730 4817
f 4150 4264 4265
f 4511 4628 4630
f 4730 4731 4628
f 4511 4513 4405
f 4513 4511 4630
f 4406 4405 4513
f 4405 4406 4287
f 4284 4405 4287
f 4630 4732 4632
f 4150 4151 4819
f 4151 4150 4265
f 4822 4819 4151
f 4819 4822 4732
f 4732 4731 4819
f 4265 4366 4266
f 4513 4630 4632
f 4731 4732 4630
f 4156 4284 4287
f 4265 4264 4363
f 4478 4604 4479
f 4361 4478 4363
f 4604 5638 4694
f 5638 4604 4602
f 6380 4694 5638
f 4694 6380 6379
f 6379 6378 4694
f 4782 6378 6377
f 4478 4479 4363
f 4602 4604 4478
f 4604 4605 4479
f 4605 4604 4694
f 4480 4479 4605
f 4696 4605 4694
f 4363 4479 4366
f 4694 4782 4696
f 4782 6376 6375
f 6377 6376 4782
f 6374 5639 6375
f 6375 5639 4782
f 4480 4366 4479
f 6378 4782 4694
f 4265 4363 4366
f 4266 4151 4265
f 4361 4363 4264
f 4153 4280 4284
f 4496 4499 4376
f 4274 4277 4149
f 4869 4836 4866
f 4838 4869 4873
f 5296 5297 5299
f 5296 5133 5132
f 5296 5299 5133
f 5424 5297 5293
f 5064 5159 5161
f 4945 6471 5064
f 5066 5064 5161
f 5064 5066 4945
f 5424 4945 5442
f 5038 5161 5159
f 5297 5424 5442
f 5424 5623 4945
f 5299 5300 5302
f 5299 5134 5133
f 5299 5302 5134
f 5442 5300 5297
f 4945 4949 5442
f 4949 4945 5066
f 5067 5066 5164
f 5066 5067 4949
f 5442 4949 5460
f 5164 5066 5161
f 5300 5442 5460
f 5297 5300 5299
f 5449 5133 5134
f 5164 5161 5042
f 5340 5156 5154
f 5038 5156 5042
f 5340 4166 5344
f 5340 4161 4166
f 4541 4651 4653
f 4423 4420 4541
f 4299 4295 4423
f 4295 4299 4166
f 4166 4161 4295
f 4423 4541 4545
f 5156 5340 5344
f 4295 4420 4423
f 5344 4166 4170
f 5158 5156 5344
f 5346 5344 4170
f 5344 5346 5158
f 5042 5158 5045
f 4299 4170 4166
f 4545 4541 4653
f 4426 4299 4423
f 4426 4545 4551
f 4423 4545 4426
f 4299 4426 4300
f 4545 4653 4657
f 4170 4299 4300
f 5042 5156 5158
f 5161 5038 5042
f 4767 4653 4651
f 5164 5042 5045
f 5038 5154 5156
f 5302 5303 5305
f 5302 5136 5134
f 5302 5305 5136
f 5460 5303 5300
f 5067 5164 5167
f 4952 4949 5067
f 5069 5067 5167
f 5067 5069 4952
f 5460 4952 5478
f 5045 5167 5164
f 5303 5460 5478
f 5460 4949 4952
f 5305 5306 5308
f 5305 5138 5136
f 5489 5306 5478
f 5478 5306 5303
f 4952 4955 5478
f 4955 4952 5069
f 5070 5069 5171
f 5052 5171 5048
f 5478 4955 5489
f 5171 5069 5167
f 5069 5070 4955
f 5303 5306 5305
f 5456 5136 5138
f 5171 5167 5048
f 5346 5160 5158
f 5045 5160 5048
f 5346 4174 5352
f 5346 4170 4174
f 4551 4545 4657
f 4428 4300 4426
f 4300 4303 4174
f 4551 4428 4426
f 4174 4170 4300
f 4657 4661 4551
f 5160 5346 5352
f 5160 5045 5158
f 5352 4174 4180
f 5165 5160 5352
f 5358 5352 4180
f 4306 4180 4303
f 5048 5165 5052
f 4303 4180 4174
f 4303 4428 4431
f 4300 4428 4303
f 4556 4665 4558
f 4556 4431 4428
f 4303 4431 4306
f 4556 4428 4551
f 4556 4558 4431
f 5048 5160 5165
f 5167 5045 5048
f 4551 4661 4556
f 5352 5358 5165
f 5302 5300 5303
f 5452 5134 5136
f 4657 4653 4772
f 4772 4767 4840
f 4653 4767 4772
f 4873 4877 4840
f 4873 4840 4838
f 5100 4900 4902
f 5026 5023 5100
f 5103 5100 4902
f 5103 5026 5100
f 4873 5026 4877
f 5054 4902 4900
f 4840 4842 4772
f 4873 5023 5026
f 4842 4877 4881
f 4877 4842 4840
f 4842 4775 4772
f 4842 4881 4845
f 5029 5103 5106
f 5026 5103 5029
f 5033 5029 5106
f 5029 5033 4881
f 4877 5029 4881
f 5103 4902 4905
f 4775 4842 4845
f 5026 5029 4877
f 4775 4657 4772
f 5103 4905 5106
f 5057 5054 4936
f 4902 5054 5057
f 4967 4969 4936
f 4967 4936 4933
f 4334 4467 4468
f 4188 4185 4334
f 4337 4334 4468
f 4337 4188 4334
f 4967 4188 4969
f 4260 4468 4467
f 4936 4938 5057
f 4967 4185 4188
f 4938 4936 4969
f 4905 5057 5058
f 4938 4972 4940
f 5057 4938 5058
f 4905 5058 4906
f 4938 4969 4972
f 4190 4337 4339
f 4190 4188 4337
f 4194 4190 4339
f 4190 4194 4972
f 4972 4969 4190
f 4337 4468 4470
f 5058 4938 4940
f 4188 4190 4969
f 4905 4902 5057
f 4470 4339 4337
f 5106 4905 4906
f 5054 4933 4936
f 4845 4777 4775
f 4661 4777 4665
f 4845 4888 4847
f 4775 4777 4661
f 5106 5109 5033
f 5109 5106 4906
f 5040 5033 5109
f 5033 5040 4888
f 4888 4881 5033
f 5109 4906 4909
f 4777 4845 4847
f 4881 4888 4845
f 5040 4894 4888
f 4909 5814 5632
f 4909 5632 5109
f 5753 5040 5109
f 4847 4888 4894
f 5109 5632 5753
f 4909 5060 5816
f 4906 5060 4909
f 5817 5816 5060
f 4909 5816 5815
f 5817 5060 5633
f 4779 4665 4777
f 4847 4779 4777
f 4556 4661 4665
f 4940 5060 5058
f 5633 4940 5624
f 4940 5633 5060
f 4194 5821 5624
f 4194 5624 4972
f 5635 4194 4339
f 5635 5826 5825
f 5826 5635 4471
f 5635 5823 4194
f 4471 5635 4339
f 5633 5624 5819
f 4972 5624 4940
f 5821 5820 5624
f 5820 5819 5624
f 5818 5633 5819
f 5825 5824 5635
f 5823 5822 4194
f 5635 5824 5823
f 5822 5821 4194
f 5817 5633 5818
f 5058 5060 4906
f 4775 4661 4657
f 4471 5827 5826
f 5305 5308 5138
f 4767 4838 4840
f 5141 5308 5311
f 5308 5141 5138
f 5141 5311 5143
f 5311 5308 5310
f 5310 5489 5487
f 5306 5489 5310
f 5487 4959 4964
f 4959 5487 5489
f 5310 5487 5314
f 5070 4959 4955
f 5311 5310 5314
f 5489 4955 4959
f 5144 5143 5313
f 5143 5144 5469
f 5313 5317 5316
f 5314 5313 5311
f 5487 5468 5314
f 5468 5487 4964
f 5468 4968 5474
f 5468 5317 5314
f 5313 5314 5317
f 5468 4964 4968
f 5144 5313 5316
f 5311 5313 5143
f 5466 5141 5143
f 4964 4959 5072
f 5072 5070 5175
f 4959 5070 5072
f 5175 5056 5180
f 5052 5175 5171
f 5358 4180 4184
f 5170 5165 5358
f 5056 5170 5174
f 5170 5056 5052
f 5175 5052 5056
f 5170 5358 5364
f 5072 5175 5180
f 5052 5165 5170
f 5074 5180 5183
f 5180 5074 5072
f 5075 5074 5183
f 5074 5075 4968
f 4964 5072 5074
f 5183 5180 5059
f 5174 5364 5208
f 5170 5364 5174
f 5178 5174 5208
f 5178 5059 5174
f 5059 5056 5174
f 5208 5364 4191
f 5183 5059 5061
f 5180 5056 5059
f 5074 4968 4964
f 5364 5358 4184
f 5317 5468 5474
f 5070 5171 5175
f 5145 5316 5320
f 5316 5145 5144
f 5145 5320 5147
f 5320 5316 5321
f 5321 5474 5481
f 5317 5474 5321
f 5481 4971 4974
f 4971 5481 5474
f 5321 5481 5325
f 5075 4971 4968
f 5320 5321 5325
f 5474 4968 4971
f 5149 5147 5324
f 5147 5149 5483
f 5324 5329 5326
f 5325 5324 5320
f 5481 5486 5325
f 5486 5481 4974
f 5486 4976 5492
f 5486 5329 5325
f 5324 5325 5329
f 5486 4974 4976
f 5486 5492 5329
f 5320 5324 5147
f 5477 5145 5147
f 4974 4971 5077
f 5077 5075 5186
f 4971 5075 5077
f 5061 5062 5186
f 5061 5186 5183
f 5061 5178 5182
f 5059 5178 5061
f 5211 5214 5182
f 5211 5182 5178
f 5061 5182 5062
f 5211 5178 5208
f 5077 5186 5196
f 5186 5075 5183
f 5079 5196 5200
f 5062 5196 5186
f 5081 5079 5200
f 5065 5200 5063
f 4974 5077 5079
f 5200 5196 5063
f 5185 5062 5182
f 5062 5185 5063
f 5188 5063 5185
f 5188 5065 5063
f 5196 5062 5063
f 5182 5214 5185
f 5188 5217 5222
f 5077 5196 5079
f 5079 4976 4974
f 5185 5217 5188
f 5079 5081 4976
f 5316 5317 5321
f 5473 5144 5145
f 5211 5208 4195
f 4184 4306 4309
f 4180 4306 4184
f 4184 4309 4191
f 4309 4306 4433
f 4779 4847 4849
f 4669 4665 4779
f 4561 4558 4669
f 4561 4433 4558
f 4433 4431 4558
f 4669 4779 4781
f 4309 4433 4436
f 4558 4665 4669
f 4436 4433 4561
f 4436 4312 4309
f 4564 4436 4561
f 4561 4673 4564
f 4781 4779 4849
f 4781 5628 5629
f 5629 4673 4781
f 5629 5630 4673
f 4673 4669 4781
f 5628 5806 5805
f 5629 5628 5805
f 4669 4673 4561
f 4191 5364 4184
f 4781 4849 5628
f 5627 5040 5753
f 4894 5040 5627
f 5753 5811 5627
f 5753 5812 5811
f 4909 5815 5814
f 5813 5812 5753
f 5813 5632 5814
f 4894 5627 5626
f 5753 5632 5813
f 5626 5627 5809
f 5628 4849 5626
f 5628 5626 5807
f 5806 5628 5807
f 5807 5626 5808
f 5627 5811 5810
f 5809 5808 5626
f 5809 5627 5810
f 4894 5626 4849
f 4849 4847 4894
f 4312 4191 4309
f 4433 4306 4431
f 4198 5211 4195
f 4191 4195 5208
f 5214 4198 4202
f 4198 4195 4315
f 4312 4438 4315
f 4195 4312 4315
f 4202 4318 5794
f 4315 4318 4198
f 4318 4202 4198
f 4315 4441 4318
f 5217 5214 4202
f 4312 4195 4191
f 5625 4202 5793
f 5625 5634 5222
f 5634 5792 5791
f 5792 5634 5625
f 5625 5222 5217
f 5792 5625 5793
f 4318 5795 5794
f 5793 4202 5794
f 4202 5625 5217
f 5185 5214 5217
f 5796 5795 4318
f 4564 5630 5631
f 4436 4564 4438
f 5630 5802 5801
f 5630 5629 5803
f 5629 5805 5804
f 5803 5802 5630
f 5803 5629 5804
f 4564 5631 4438
f 4564 4673 5630
f 5798 4441 5631
f 4441 5798 5797
f 5797 5796 4441
f 4315 4438 4441
f 5801 5631 5630
f 5631 5801 5800
f 5800 5799 5631
f 5798 5631 5799
f 5631 4441 4438
f 5796 4318 4441
f 4312 4436 4438
f 5211 4198 5214
f 5326 5149 5324
f 5308 5306 5310
f 5462 5138 5141
f 4261 4260 4377
f 4468 4260 4261
f 4499 4502 4377
f 4499 4377 4376
f 4499 4160 4164
f 4496 4160 4499
f 4164 4290 4293
f 4290 4164 4160
f 4499 4164 4502
f 4406 4290 4287
f 4261 4377 4379
f 4377 4260 4376
f 4379 4263 4261
f 4470 4263 4471
f 4379 4504 4381
f 4502 4379 4377
f 4164 4165 4502
f 4165 4164 4293
f 4165 4296 4169
f 4165 4504 4502
f 4379 4502 4504
f 4165 4293 4296
f 4263 4379 4381
f 4470 4261 4263
f 4470 4468 4261
f 4293 4290 4408
f 4408 4406 4514
f 4290 4406 4408
f 4514 4634 4516
f 4632 4514 4513
f 4732 4733 4632
f 4733 4732 4822
f 4733 4822 4818
f 4733 4634 4632
f 4514 4632 4634
f 4733 4734 4634
f 4408 4514 4516
f 4513 4514 4406
f 4410 4516 4518
f 4408 4516 4410
f 4411 4410 4518
f 4410 4411 4296
f 4410 4293 4408
f 4518 4516 4636
f 4818 4820 4734
f 4733 4818 4734
f 4735 4636 4734
f 4735 4637 4636
f 4636 4634 4734
f 4820 4735 4734
f 4518 4636 4637
f 4516 4634 4636
f 4410 4296 4293
f 4818 4822 4154
f 4504 4165 4169
f 4287 4290 4160
f 5828 4471 5829
f 4471 5828 5827
f 5829 4471 5830
f 4169 5636 4504
f 5636 5835 4381
f 5831 4263 5832
f 5831 5830 4263
f 4263 4381 5832
f 4471 4263 5830
f 5834 5833 4381
f 4381 5833 5832
f 5836 5835 5636
f 5636 5838 5837
f 5636 5837 5836
f 5835 5834 4381
f 5838 5636 5637
f 5637 4169 4297
f 5636 4169 5637
f 4411 4413 4297
f 4411 4297 4296
f 4518 4521 4411
f 4521 4518 4637
f 4639 4637 4736
f 4639 4521 4637
f 4411 4521 4413
f 4736 4637 4735
f 4297 5642 5637
f 4296 4297 4169
f 5841 5840 5637
f 4413 5642 4297
f 5842 5637 5642
f 4413 5641 5642
f 4521 4522 4413
f 4522 4521 4639
f 4640 4639 4737
f 4639 4640 4522
f 4413 4522 5641
f 4737 4639 4736
f 5637 5842 5841
f 5839 5637 5840
f 5839 5838 5637
f 4735 4821 4736
f 4504 5636 4381
f 4339 4470 4471
f 4736 4823 4737
f 4154 4266 4267
f 4151 4266 4154
f 4154 4267 4159
f 4267 4266 4369
f 4369 4480 4481
f 4366 4480 4369
f 4481 4606 4607
f 4606 4481 4480
f 4369 4481 4371
f 4696 4606 4605
f 4267 4369 4371
f 4366 4369 4266
f 4820 4159 4162
f 4154 4159 4818
f 4820 4162 4821
f 4162 4159 4268
f 4481 4483 4371
f 4483 4481 4607
f 4375 4371 4483
f 4375 4268 4371
f 4268 4267 4371
f 4607 4698 4608
f 4483 4607 4608
f 4267 4268 4159
f 4820 4818 4159
f 4607 4606 4697
f 4697 4696 4783
f 4696 4697 4606
f 4783 4655 4784
f 5639 4783 4782
f 5639 6373 4655
f 6374 6373 5639
f 4655 6372 6371
f 6372 4655 6373
f 4783 5639 4655
f 4697 4783 4784
f 4696 4782 4783
f 5557 4655 6371
f 4656 4655 5557
f 4785 4784 4656
f 5557 4748 4656
f 4697 4784 4698
f 6369 4748 5557
f 5557 6371 6370
f 6370 6369 5557
f 6368 4748 6369
f 4785 4698 4784
f 4655 4656 4784
f 4607 4697 4698
f 4269 4162 4268
f 4605 4606 4480
f 4269 4167 4162
f 4821 4167 4823
f 4375 4380 4269
f 4375 4269 4268
f 4483 4485 4375
f 4485 4483 4608
f 4609 4608 4700
f 4609 4485 4608
f 4375 4485 4380
f 4785 4700 4698
f 4269 4271 4167
f 4821 4162 4167
f 4271 4269 4380
f 4823 4167 4171
f 4271 4380 4383
f 4167 4271 4171
f 4823 4171 4824
f 4383 4273 4271
f 4487 4609 4610
f 4485 4609 4487
f 4489 4487 4610
f 4487 4489 4383
f 4380 4487 4383
f 4609 4700 4702
f 4171 4271 4273
f 4485 4487 4380
f 4736 4821 4823
f 4609 4702 4610
f 4748 4658 4656
f 4785 4658 4562
f 4748 5640 4750
f 4656 4658 4785
f 6367 6366 5640
f 6365 5640 6366
f 6365 4801 5640
f 4748 6367 5640
f 4748 4750 4658
f 6367 4748 6368
f 4702 4562 4566
f 4785 4562 4700
f 4750 4751 4660
f 4660 4566 4562
f 4702 4566 4703
f 4750 4660 4658
f 5640 4801 4750
f 4801 6365 6364
f 6363 4801 6364
f 6363 6362 4801
f 4750 4801 4751
f 4660 4662 4566
f 4658 4660 4562
f 4702 4700 4562
f 4610 4702 4703
f 4698 4700 4608
f 4735 4820 4821
f 4737 4823 4824
f 4151 4154 4822
f 5642 5844 5843
f 5642 5845 5844
f 5845 5641 5846
f 5642 5641 5845
f 5847 5846 5641
f 5847 5641 5848
f 4525 5641 4522
f 5850 5849 4525
f 5849 5848 4525
f 5851 4525 5852
f 4525 5851 5850
f 5852 4525 4641
f 5852 4641 5853
f 4525 5848 5641
f 4640 4525 4522
f 4824 4738 4737
f 4640 4738 4641
f 4824 4173 4825
f 4640 4737 4738
f 4273 4383 4384
f 4384 4383 4489
f 4275 4273 4384
f 4273 4275 4173
f 4173 4171 4273
f 4384 4489 4491
f 4738 4824 4825
f 4824 4171 4173
f 4738 4739 4641
f 4739 4738 4825
f 4825 4827 4739
f 4739 5643 4641
f 4641 5643 5854
f 4825 4176 4827
f 4384 4385 4275
f 4385 4384 4491
f 4276 4275 4385
f 4276 4176 4275
f 4176 4173 4275
f 4385 4491 4492
f 4739 5754 5643
f 4173 4176 4825
f 4525 4640 4641
f 4491 4489 4611
f 5853 4641 5854
f 4611 4489 4610
f 5754 5856 5643
f 5643 5856 5855
f 4739 4740 5754
f 4740 5859 5754
f 5858 5857 5754
f 5856 5754 5857
f 5754 5859 5858
f 4740 4739 4827
f 4741 5860 4740
f 5862 5861 4741
f 5861 5860 4741
f 4742 4741 4831
f 5862 4741 4742
f 5864 5863 4742
f 5863 5862 4742
f 4742 4832 4743
f 4740 5860 5859
f 4741 4740 4829
f 4829 4827 4177
f 4827 4829 4740
f 4177 4278 4179
f 4276 4177 4176
f 4276 4385 4388
f 4388 4385 4492
f 4278 4388 4389
f 4388 4278 4276
f 4177 4276 4278
f 4492 4494 4388
f 4829 4177 4179
f 4827 4176 4177
f 4831 4179 4182
f 4179 4831 4829
f 4182 4281 4183
f 4182 4832 4831
f 4742 4831 4832
f 4182 4179 4279
f 4279 4389 4392
f 4278 4389 4279
f 4392 4498 4393
f 4392 4281 4279
f 4182 4279 4281
f 4388 4494 4389
f 4182 4183 4832
f 4278 4279 4179
f 4741 4829 4831
f 4389 4495 4392
f 4281 4392 4393
f 5643 5855 5854
f 4492 4491 4612
f 4611 4703 4705
f 4610 4703 4611
f 4611 4705 4612
f 4705 4703 4568
f 4662 4751 4752
f 4660 4751 4662
f 4664 4662 4752
f 4664 4568 4662
f 4568 4566 4662
f 4752 4751 4802
f 4705 4568 4570
f 4568 4703 4566
f 4613 4612 4707
f 4492 4612 4613
f 4707 4573 4709
f 4570 4707 4705
f 4570 4664 4666
f 4568 4664 4570
f 4666 4755 4668
f 4666 4573 4570
f 4707 4570 4573
f 4664 4752 4753
f 4613 4707 4709
f 4612 4705 4707
f 4612 4491 4611
f 4664 4753 4666
f 4803 4802 5644
f 4752 4802 4803
f 5644 6359 5645
f 5644 4802 6361
f 4802 6362 6361
f 5644 6361 6360
f 6359 5644 6360
f 4803 5644 5645
f 4801 6362 4802
f 6358 5645 6359
f 4804 4803 5645
f 4804 4685 4805
f 4804 4755 4753
f 4666 4753 4755
f 4804 5645 4685
f 5645 6358 6357
f 4685 6356 6355
f 6356 4685 6357
f 4685 5645 6357
f 4755 4804 4805
f 4753 4803 4804
f 4753 4752 4803
f 4573 4666 4668
f 4801 4802 4751
f 4495 4494 4614
f 4494 4495 4389
f 4709 4711 4614
f 4709 4614 4613
f 4668 4755 4756
f 4576 4573 4668
f 4671 4668 4756
f 4671 4576 4668
f 4709 4576 4711
f 4805 4756 4755
f 4614 4615 4495
f 4709 4573 4576
f 4615 4711 4713
f 4711 4615 4614
f 4616 4615 4713
f 4581 4713 4579
f 4495 4615 4498
f 4713 4711 4579
f 4579 4671 4674
f 4576 4671 4579
f 4758 4807 4760
f 4758 4674 4671
f 4579 4674 4581
f 4758 4671 4756
f 4758 4760 4674
f 4576 4579 4711
f 4392 4495 4498
f 4758 4756 4806
f 4806 4805 4686
f 4805 4806 4756
f 4686 6352 4687
f 4685 6354 4686
f 6354 4685 6355
f 6354 6353 4686
f 6353 6352 4686
f 4806 4686 4687
f 4805 4685 4686
f 6351 6350 4687
f 6351 4687 6352
f 4688 4687 5646
f 5646 6347 4688
f 4806 4687 4807
f 4687 6350 5646
f 5646 6350 6349
f 5646 6349 6348
f 6347 5646 6348
f 4688 4807 4687
f 4758 4806 4807
f 4616 4498 4615
f 4494 4613 4614
f 4613 4494 4492
f 4742 4743 5864
f 5842 5642 5843
f 4208 5634 5791
f 5296 5293 5297
f 5444 5132 5133
f 3201 3202 3132
f 6720 6719 2944
f 6720 2944 6721
f 2996 2944 2943
f 2996 3040 3041
f 3041 3040 3091
f 3091 3092 3041
f 3202 3135 3132
f 2996 3041 2997
f 3132 3135 3091
f 2944 2996 2997
f 3202 3201 3258
f 6722 6721 2946
f 6722 2946 6723
f 2997 2946 2944
f 3092 3091 3135
f 3041 3092 3042
f 3136 3135 3204
f 3136 3092 3135
f 3041 3042 2997
f 3204 3135 3202
f 3204 3259 3260
f 6721 2944 2946
f 3204 3202 3259
f 3373 3330 3327
f 3258 3330 3259
f 3373 3453 3374
f 3327 3330 3258
f 3579 3581 3526
f 3581 3579 2921
f 3528 3526 3581
f 3526 3528 3453
f 3453 3450 3526
f 3581 2921 2922
f 3330 3373 3374
f 3450 3453 3373
f 3374 3453 3454
f 3333 3330 3374
f 3375 3374 3454
f 3375 3333 3374
f 3259 3333 3260
f 3528 3454 3453
f 2922 2921 3005
f 3583 3528 3581
f 3583 2922 2923
f 3581 2922 3583
f 3528 3583 3530
f 3005 3010 2922
f 3528 3530 3454
f 3259 3330 3333
f 3202 3258 3259
f 3060 3005 2999
f 2997 3000 2946
f 6719 2943 2944
f 2947 2946 3000
f 3042 3043 3000
f 3042 3000 2997
f 3092 3093 3042
f 3093 3092 3136
f 3138 3136 3206
f 3138 3093 3136
f 3042 3093 3043
f 3260 3206 3204
f 2947 6724 6723
f 6723 2946 2947
f 2947 2948 6725
f 2947 6725 6724
f 2947 3002 2948
f 3093 3095 3043
f 3095 3093 3138
f 3044 3043 3095
f 3044 3002 3043
f 3002 3000 3043
f 3138 3208 3141
f 3095 3138 3141
f 3000 3002 2947
f 3138 3206 3208
f 3375 3334 3333
f 3260 3334 3261
f 3375 3457 3378
f 3333 3334 3260
f 3583 3585 3530
f 3585 3583 2923
f 3532 3530 3585
f 3530 3532 3457
f 3457 3454 3530
f 3585 2923 2924
f 3334 3375 3378
f 3454 3457 3375
f 3334 3336 3261
f 3336 3334 3378
f 3262 3261 3336
f 3262 3208 3261
f 3206 3260 3261
f 3378 3459 3381
f 3585 3586 3532
f 3586 3585 2924
f 3534 3532 3586
f 3534 3459 3532
f 3459 3457 3532
f 2924 3015 2925
f 3378 3381 3336
f 3457 3459 3378
f 3208 3206 3261
f 2922 3010 2923
f 3586 2924 2925
f 3204 3206 3136
f 2923 3013 2924
f 3238 3158 3155
f 3060 3158 3061
f 3238 3331 3239
f 3155 3158 3060
f 3484 3486 3395
f 3486 3484 3550
f 3396 3395 3486
f 3395 3396 3331
f 3331 3328 3395
f 3550 3551 3486
f 3158 3238 3239
f 3328 3331 3238
f 3061 3161 3062
f 3060 3061 3005
f 3061 3062 3010
f 3239 3161 3158
f 3331 3335 3239
f 3335 3331 3396
f 3398 3396 3488
f 3396 3398 3335
f 3239 3335 3240
f 3488 3396 3486
f 3161 3239 3240
f 3158 3161 3061
f 3010 3005 3061
f 3486 3551 3488
f 3601 3655 3602
f 3618 3601 3619
f 3601 3602 3619
f 3664 3655 3652
f 3790 2887 3664
f 2887 3790 2965
f 2969 2965 3086
f 2965 2969 2887
f 3664 2887 3666
f 3190 3086 3080
f 3655 3664 3666
f 3652 3655 3601
f 3619 3620 3551
f 3620 3619 3602
f 3603 3602 3657
f 3602 3603 3620
f 3551 3620 3552
f 3666 3657 3655
f 2887 2889 3666
f 2889 2887 2969
f 2975 2969 3090
f 2969 2975 2889
f 3666 2889 3669
f 3090 2969 3086
f 3657 3666 3669
f 3655 3657 3602
f 3550 3619 3551
f 3090 3086 3192
f 3488 3551 3552
f 3618 3619 3550
f 3062 3163 3066
f 3062 3013 3010
f 3062 3066 3013
f 3240 3163 3161
f 3335 3337 3240
f 3337 3335 3398
f 3398 3400 3337
f 3552 3489 3488
f 3240 3337 3241
f 3488 3489 3398
f 3163 3240 3241
f 3161 3163 3062
f 3241 3337 3341
f 3165 3163 3241
f 3071 3066 3165
f 3071 3015 3066
f 3013 3066 3015
f 3241 3341 3242
f 3400 3489 3490
f 3398 3489 3400
f 3403 3400 3490
f 3403 3341 3400
f 3341 3337 3400
f 3489 3552 3553
f 3241 3242 3165
f 3066 3163 3165
f 2924 3013 3015
f 3489 3553 3490
f 3603 3659 3604
f 3620 3603 3621
f 3603 3604 3621
f 3669 3659 3657
f 2889 2890 3669
f 2890 2889 2975
f 2982 2975 3094
f 2975 2982 2890
f 3669 2890 3671
f 3094 2975 3090
f 3659 3669 3671
f 3657 3659 3603
f 3621 3622 3553
f 3622 3621 3604
f 3605 3604 3661
f 3605 3622 3604
f 3553 3622 3554
f 3671 3661 3659
f 2890 2892 3671
f 2892 2890 2982
f 2987 2982 3097
f 2987 2892 2982
f 3671 2892 3673
f 3097 2982 3094
f 3671 3673 3661
f 3659 3661 3604
f 3552 3621 3553
f 3097 3094 3197
f 3553 3554 3490
f 3620 3621 3552
f 2923 3010 3013
f 3094 3090 3194
f 2948 6726 6725
f 2999 3005 2921
f 2948 3004 2949
f 2948 6727 6726
f 2948 2949 6727
f 3044 3004 3002
f 3095 3098 3044
f 3098 3095 3141
f 3143 3141 3210
f 3141 3143 3098
f 3044 3098 3045
f 3262 3210 3208
f 3004 3044 3045
f 3002 3004 2948
f 6729 6728 2949
f 2949 3006 2951
f 3004 3006 2949
f 3045 3098 3100
f 3100 3098 3143
f 3046 3045 3100
f 3045 3046 3006
f 3006 3004 3045
f 3143 3213 3146
f 6729 2949 2951
f 6728 6727 2949
f 3143 3210 3213
f 3381 3338 3336
f 3262 3338 3263
f 3381 3461 3383
f 3336 3338 3262
f 3586 3587 3534
f 3587 3586 2925
f 3536 3534 3587
f 3534 3536 3461
f 3461 3459 3534
f 3587 2925 2926
f 3338 3381 3383
f 3459 3461 3381
f 3338 3340 3263
f 3340 3338 3383
f 3264 3263 3340
f 3263 3264 3213
f 3210 3262 3263
f 3383 3462 3386
f 3587 3588 3536
f 3588 3587 2926
f 3538 3536 3588
f 3536 3538 3462
f 3462 3461 3536
f 3588 2926 2927
f 3340 3383 3386
f 3461 3462 3383
f 3213 3210 3263
f 2926 2925 3018
f 3100 3143 3146
f 3208 3210 3141
f 6731 6730 2951
f 2951 3008 2952
f 3006 3008 2951
f 3046 3100 3103
f 3103 3100 3146
f 3047 3046 3103
f 3046 3047 3008
f 3008 3006 3046
f 3103 3146 3150
f 6731 2951 2952
f 3213 3216 3146
f 6733 6732 2952
f 2952 3011 2953
f 3008 3011 2952
f 3047 3103 3106
f 3106 3103 3150
f 3048 3047 3106
f 3154 3106 3150
f 3011 3008 3047
f 3150 3218 3154
f 6733 2952 2953
f 6732 6731 2952
f 3150 3146 3216
f 3264 3343 3265
f 3213 3264 3216
f 3264 3265 3216
f 3386 3343 3340
f 3386 3462 3464
f 3464 3462 3538
f 3538 3539 3464
f 2927 3590 3588
f 3386 3464 3388
f 3538 3588 3590
f 3343 3386 3388
f 3264 3340 3343
f 3388 3464 3465
f 3346 3343 3388
f 3266 3265 3346
f 3391 3346 3388
f 3216 3265 3218
f 3388 3465 3391
f 3539 3590 3593
f 3538 3590 3539
f 3540 3539 3593
f 2931 3593 2929
f 3465 3464 3539
f 3590 2927 2929
f 3540 3465 3539
f 3265 3343 3346
f 3150 3216 3218
f 3590 2929 3593
f 3265 3266 3218
f 2951 6730 6729
f 2927 2926 3021
f 3071 3168 3074
f 3015 3071 3018
f 3071 3074 3018
f 3242 3168 3165
f 3341 3344 3242
f 3344 3341 3403
f 3406 3403 3491
f 3403 3406 3344
f 3242 3344 3243
f 3554 3491 3490
f 3168 3242 3243
f 3165 3168 3071
f 3074 3170 3078
f 3074 3021 3018
f 3074 3078 3021
f 3243 3170 3168
f 3344 3347 3243
f 3347 3344 3406
f 3409 3406 3493
f 3406 3409 3347
f 3243 3347 3246
f 3493 3406 3491
f 3170 3243 3246
f 3168 3170 3074
f 3021 2926 3018
f 3493 3491 3556
f 3605 3623 3622
f 3554 3623 3556
f 3605 3663 3606
f 3622 3623 3554
f 2892 2893 3673
f 2893 2892 2987
f 3675 3673 2893
f 3673 3675 3663
f 3663 3661 3673
f 2893 2987 2993
f 3623 3605 3606
f 3661 3663 3605
f 3606 3663 3665
f 3624 3623 3606
f 3607 3606 3665
f 3606 3607 3624
f 3556 3624 3558
f 3675 3665 3663
f 2993 2987 3101
f 2895 3675 2893
f 2895 2993 2998
f 2893 2993 2895
f 3675 2895 3677
f 2993 3101 3105
f 3665 3675 3677
f 3556 3623 3624
f 3491 3554 3556
f 3101 2987 3097
f 3493 3556 3558
f 3490 3491 3403
f 3078 3172 3082
f 3078 3023 3021
f 3078 3082 3023
f 3246 3172 3170
f 3409 3493 3495
f 3350 3347 3409
f 3411 3409 3495
f 3409 3411 3350
f 3246 3350 3248
f 3558 3495 3493
f 3172 3246 3248
f 3246 3347 3350
f 3023 3025 2929
f 3025 3023 3082
f 3085 3082 3174
f 3251 3174 3248
f 2929 3025 2931
f 3248 3174 3172
f 3350 3353 3248
f 3353 3350 3411
f 3414 3411 3497
f 3563 3497 3560
f 3248 3353 3251
f 3497 3411 3495
f 3411 3414 3353
f 3172 3174 3082
f 2927 3021 3023
f 3497 3495 3560
f 3607 3625 3624
f 3558 3625 3560
f 3607 3667 3608
f 3607 3665 3667
f 2998 2993 3105
f 2897 3677 2895
f 3677 3680 3667
f 2998 2897 2895
f 3667 3665 3677
f 3105 3108 2998
f 3625 3607 3608
f 3625 3558 3624
f 3608 3667 3668
f 3626 3625 3608
f 3609 3608 3668
f 3682 3668 3680
f 3560 3626 3563
f 3680 3668 3667
f 3680 2897 2898
f 3677 2897 3680
f 3003 3111 3007
f 3003 2898 2897
f 3680 2898 3682
f 3003 2897 2998
f 3003 3007 2898
f 3560 3625 3626
f 3495 3558 3560
f 2998 3108 3003
f 3608 3609 3626
f 3078 3170 3172
f 3023 2929 2927
f 3105 3101 3205
f 3082 3085 3025
f 3015 3018 2925
f 3101 3097 3200
f 3192 3190 3298
f 3086 3190 3192
f 3410 3413 3298
f 3410 3298 3297
f 3519 3522 3410
f 3522 3519 3159
f 3162 3159 3282
f 3162 3522 3159
f 3410 3522 3413
f 5537 3282 3281
f 3298 3299 3192
f 3297 3298 3190
f 3299 3298 3413
f 3192 3299 3194
f 3299 3415 3300
f 3299 3413 3415
f 3525 3162 3164
f 3522 3162 3525
f 3527 3525 3164
f 3525 3527 3415
f 3413 3525 3415
f 3162 3282 3283
f 3194 3299 3300
f 3522 3525 3413
f 3194 3090 3192
f 3162 3283 3164
f 4054 3441 3437
f 5537 3441 5541
f 4054 3571 4056
f 3437 3441 5537
f 3001 3009 3634
f 3009 3001 3113
f 3635 3634 3009
f 3634 3635 3571
f 3571 3568 3634
f 3009 3113 3115
f 3441 4054 4056
f 3568 3571 4054
f 3441 3443 5541
f 3443 3441 4056
f 5544 5541 3443
f 5544 3283 5541
f 3282 5537 5541
f 4056 3573 4059
f 3009 3014 3635
f 3014 3009 3115
f 3636 3635 3014
f 3636 3573 3635
f 3573 3571 3635
f 3014 3115 3116
f 4056 4059 3443
f 3571 3573 4056
f 3283 3282 5541
f 3115 3113 3222
f 3284 3164 3283
f 3281 3282 3159
f 3300 3417 3302
f 3300 3197 3194
f 3300 3302 3197
f 3527 3417 3415
f 3284 3283 5544
f 3167 3527 3164
f 3284 5544 5546
f 3164 3284 3167
f 3527 3167 3529
f 3284 3286 3167
f 3417 3527 3529
f 3300 3415 3417
f 3302 3419 3306
f 3302 3200 3197
f 3302 3306 3200
f 3529 3419 3417
f 3286 3284 5546
f 3169 3529 3167
f 3286 5546 5548
f 3167 3286 3169
f 3529 3169 3531
f 5548 3288 3286
f 3419 3529 3531
f 3302 3417 3419
f 3200 3097 3197
f 5546 5544 3446
f 3446 4059 4062
f 3443 4059 3446
f 3446 4062 3449
f 4062 4059 3575
f 3014 3017 3636
f 3017 3014 3116
f 3637 3636 3017
f 3637 3575 3636
f 3575 3573 3636
f 3017 3116 3117
f 4062 3575 3578
f 3573 3575 4059
f 3637 3578 3575
f 4064 4062 3578
f 3451 3449 4064
f 3449 3451 5548
f 5546 3446 3449
f 3578 3639 3580
f 3017 3019 3637
f 3019 3017 3117
f 3019 3118 3022
f 3019 3639 3637
f 3578 3637 3639
f 3019 3117 3118
f 4064 3578 3580
f 3449 4062 4064
f 5548 5546 3449
f 3117 3116 3224
f 3169 3286 3288
f 3443 3446 5544
f 3197 3094 3194
f 3116 3115 3223
f 3339 5539 3342
f 3219 3339 3222
f 3339 3342 3222
f 3788 5539 5543
f 3684 3685 3788
f 3685 3684 3851
f 3854 3851 4011
f 3851 3854 3685
f 3788 3685 3794
f 4050 4011 4008
f 5539 3788 3794
f 5543 5539 3339
f 3223 3342 3345
f 3342 3223 3222
f 3223 3345 3224
f 3345 3342 5542
f 3685 3686 3794
f 3686 3685 3854
f 3797 3794 3686
f 3797 5542 3794
f 5542 5539 3794
f 3854 4014 3857
f 3686 3854 3857
f 5539 5542 3342
f 3223 3115 3222
f 3854 4011 4014
f 3829 3839 3835
f 4050 3839 4053
f 3829 4122 3833
f 3835 3839 4050
f 5298 5301 2950
f 5301 5298 5374
f 3407 2950 5301
f 2950 3407 4122
f 4122 4119 2950
f 5301 5374 5380
f 3839 3829 3833
f 4119 4122 3829
f 3839 3843 4053
f 3843 3839 3833
f 4057 4053 3843
f 4057 4014 4053
f 4011 4050 4053
f 3833 4124 3837
f 5301 5304 3407
f 5304 5301 5380
f 3412 3407 5304
f 3412 4124 3407
f 4124 4122 3407
f 5304 5380 5386
f 3833 3837 3843
f 4122 4124 3833
f 4014 4011 4053
f 5380 5374 5153
f 5542 5545 3345
f 4008 4011 3851
f 5545 3348 3345
f 3224 3348 3225
f 3797 3799 5545
f 3797 5545 5542
f 3686 3688 3797
f 3688 3686 3857
f 3861 3857 4017
f 3861 3688 3857
f 3797 3688 3799
f 4057 4017 4014
f 5545 5547 3348
f 3224 3345 3348
f 3799 5547 5545
f 3351 3348 5547
f 3226 3225 3351
f 3225 3226 3118
f 3117 3224 3225
f 5547 3802 5551
f 3688 3690 3799
f 3690 3688 3861
f 3861 3863 3690
f 3690 3802 3799
f 5547 3799 3802
f 3861 4021 3863
f 3351 5547 5551
f 3225 3348 3351
f 3116 3223 3224
f 3861 4017 4021
f 3837 3846 3843
f 4057 3846 4060
f 3837 4126 3963
f 3843 3846 4057
f 5304 5309 3412
f 5309 5304 5386
f 3416 3412 5309
f 3412 3416 4126
f 4126 4124 3412
f 5309 5386 5394
f 3846 3837 3963
f 4124 4126 3837
f 3846 3850 4060
f 3850 3846 3963
f 4063 4060 3850
f 4063 4021 4060
f 4017 4057 4060
f 3963 4128 3970
f 5309 5315 3416
f 5315 5309 5394
f 3420 3416 5315
f 3420 4128 3416
f 4128 4126 3416
f 5315 5394 5399
f 3963 3970 3850
f 4126 4128 3963
f 4021 4017 4060
f 5394 5386 5162
f 3802 3690 3692
f 4014 4017 3857
f 3117 3225 3118
f 5386 5380 5157
f 3639 3019 3022
f 3219 3222 3113
f 3306 3421 3310
f 3306 3205 3200
f 3306 3310 3205
f 3531 3421 3419
f 3288 5548 5550
f 3171 3169 3288
f 3290 3288 5550
f 3288 3290 3171
f 3531 3171 3533
f 3451 5550 5548
f 3421 3531 3533
f 3531 3169 3171
f 3422 3314 3310
f 3310 3209 3205
f 3205 3209 3105
f 3314 3209 3310
f 3171 3173 3533
f 3173 3171 3290
f 3535 3533 3173
f 3535 3422 3533
f 3422 3421 3533
f 3290 5550 5552
f 3173 3290 3292
f 3421 3422 3310
f 3101 3200 3205
f 5552 3292 3290
f 3580 4066 4064
f 3451 4066 3455
f 3580 3642 3582
f 3580 3639 3642
f 3226 3351 3354
f 3119 3118 3226
f 3024 3022 3119
f 3022 3024 3642
f 3642 3639 3022
f 3119 3226 3227
f 4066 3580 3582
f 3022 3118 3119
f 4066 4069 3455
f 4069 4066 3582
f 3458 3455 4069
f 3458 5552 3455
f 5550 3451 3455
f 3582 3644 3584
f 3119 3120 3024
f 3120 3119 3227
f 3026 3024 3120
f 3026 3644 3024
f 3644 3642 3024
f 3120 3227 3228
f 3582 3584 4069
f 3642 3644 3582
f 5552 5550 3455
f 3226 3354 3227
f 3212 3108 3209
f 3451 4064 4066
f 3314 3424 3319
f 3314 3212 3209
f 3314 3319 3212
f 3535 3424 3422
f 3173 3175 3535
f 3175 3173 3292
f 3292 3295 3175
f 3458 5525 5552
f 3535 3175 3537
f 5552 5525 3292
f 3424 3535 3537
f 3422 3424 3314
f 3537 5658 3424
f 5658 3319 3424
f 3537 5661 6805
f 3175 5661 3537
f 5659 5525 3458
f 5659 6810 5525
f 6809 3295 5525
f 5525 3295 3292
f 3295 5661 3175
f 4071 6812 5659
f 3215 3111 3212
f 3319 3215 3212
f 3108 3212 3111
f 5659 3458 4071
f 4071 3584 5660
f 4069 3584 4071
f 5660 6815 6814
f 5660 3584 3646
f 3120 5662 3026
f 5662 3120 3228
f 5662 3228 6821
f 6819 3026 5662
f 3646 3644 3026
f 6818 3646 3026
f 6816 5660 3646
f 3644 3646 3584
f 3646 6818 6817
f 6816 6815 5660
f 3026 6819 6818
f 3228 6822 6821
f 5662 6820 6819
f 6820 5662 6821
f 6817 6816 3646
f 5660 6814 4071
f 3228 3227 3356
f 3295 6807 5661
f 4069 4071 3458
f 3003 3108 3111
f 6823 6822 3228
f 5551 3807 5553
f 3351 5551 3354
f 5551 5553 3354
f 3692 3807 3802
f 4021 4023 3863
f 4023 4021 4063
f 3866 3863 4023
f 3866 3692 3863
f 3692 3690 3863
f 4063 4067 4023
f 3807 3692 3694
f 3807 5551 3802
f 5553 3812 5549
f 5553 3356 3354
f 5553 5549 3356
f 3694 3812 3807
f 3694 3866 3869
f 3692 3866 3694
f 4026 4070 4029
f 4026 3869 3866
f 3694 3869 3698
f 4026 3866 4023
f 3812 3694 3698
f 5553 3807 3812
f 3356 3227 3354
f 4023 4067 4026
f 3970 3853 3850
f 4063 3853 4067
f 3970 3975 3853
f 3970 4108 3975
f 5315 5319 3420
f 5319 5315 5399
f 3423 3420 5319
f 3423 4108 3420
f 4108 4128 3420
f 5319 5399 5405
f 3853 3856 4067
f 4128 4108 3970
f 3856 3975 3979
f 3853 3975 3856
f 3859 3856 3979
f 3856 3859 4070
f 4070 4067 3856
f 3979 3975 4110
f 5319 5323 3423
f 5323 5319 5405
f 3425 3423 5323
f 3425 4110 3423
f 4110 4108 3423
f 5323 5405 5411
f 3979 4110 4113
f 4108 4110 3975
f 4026 4067 4070
f 5405 5399 5172
f 3869 4026 4029
f 3850 3853 4063
f 5549 6825 3356
f 6826 6825 5549
f 3698 3869 3872
f 5740 3812 3698
f 5558 5740 3698
f 5740 6828 5549
f 6831 5740 5558
f 5558 3698 3702
f 5549 6827 6826
f 6824 3356 6825
f 5740 6830 6829
f 5740 6829 6828
f 5558 6832 6831
f 3872 3876 3702
f 3702 6833 5558
f 6830 5740 6831
f 5549 6828 6827
f 6823 3356 6824
f 3702 3698 3872
f 4072 4070 3859
f 3869 4029 3872
f 3984 3979 4113
f 3859 3979 3984
f 5323 5327 3425
f 5327 5323 5411
f 3426 3425 5327
f 3426 4113 3425
f 4113 4110 3425
f 5327 5411 5418
f 4033 3872 4029
f 4072 4029 4070
f 3859 3864 4072
f 3864 3859 3984
f 4074 4072 3864
f 4074 4033 4072
f 4029 4072 4033
f 3984 4116 3991
f 5327 5332 3426
f 5332 5327 5418
f 3427 3426 5332
f 3427 4116 3426
f 4116 4113 3426
f 5332 5418 5422
f 3984 3991 3864
f 4113 4116 3984
f 3872 4033 3876
f 5418 5411 5181
f 6833 6832 5558
f 5549 3812 5740
f 6823 3228 3356
f 5411 5405 5177
f 3306 3419 3421
f 3105 3209 3108
f 5399 5394 5168
f 3047 3048 3011
f 3080 3086 2965
f 6735 6734 2953
f 2953 3012 2954
f 3011 3012 2953
f 3048 3106 3110
f 3106 3154 3110
f 3049 3012 3048
f 3266 3220 3218
f 3012 3011 3048
f 3154 3218 3220
f 6735 2953 2954
f 3346 3349 3266
f 6737 6736 2954
f 3012 3016 2954
f 3049 3016 3012
f 3154 3157 3110
f 3157 3154 3220
f 3112 3110 3157
f 3112 3049 3110
f 3049 3048 3110
f 3220 3267 3221
f 3157 3220 3221
f 6735 2954 6736
f 3220 3266 3267
f 3391 3467 3393
f 3346 3391 3349
f 3391 3393 3349
f 3540 3467 3465
f 3540 3593 3595
f 3595 3593 2931
f 2931 2933 3595
f 3085 3027 3025
f 3540 3595 3541
f 2931 3025 3027
f 3467 3540 3541
f 3391 3465 3467
f 3541 3469 3467
f 3349 3352 3267
f 3027 2933 2931
f 3028 2933 3027
f 3595 3597 3541
f 2933 3597 3595
f 3085 3089 3027
f 3089 3085 3176
f 5652 3089 3176
f 5652 6775 3089
f 3027 3089 3028
f 3176 3252 5652
f 3467 3469 3393
f 3393 3352 3349
f 3266 3349 3267
f 3251 3176 3174
f 2954 6738 6737
f 3174 3176 3085
f 6739 6738 2955
f 6739 2955 6740
f 3016 2955 2954
f 3049 3050 3016
f 3049 3112 3050
f 3267 3268 3221
f 3267 3352 3268
f 3160 3157 3221
f 3157 3160 3112
f 3020 3016 3050
f 2954 2955 6738
f 3016 3020 2955
f 2955 6741 6740
f 3114 3050 3112
f 3221 5650 3160
f 5650 3221 3268
f 3394 6763 5649
f 6761 3268 5649
f 3160 5650 5648
f 5649 3268 3352
f 3268 6760 5650
f 3114 3112 3160
f 5649 3352 3394
f 5651 5755 3541
f 5755 6766 3469
f 3597 6769 5651
f 3597 5651 3541
f 2933 5654 3597
f 5654 2933 3028
f 6776 6775 5652
f 6772 5654 3028
f 3597 5654 6770
f 3028 3089 6774
f 6769 6768 5651
f 3469 3541 5755
f 6772 6771 5654
f 6770 5654 6771
f 3597 6770 6769
f 6765 3394 3469
f 6774 3089 6775
f 3028 6773 6772
f 6773 3028 6774
f 5755 5651 6768
f 3394 3393 3469
f 6742 6741 2955
f 3393 3394 3352
f 5652 6777 6776
f 3414 3497 3498
f 3355 3353 3414
f 3498 3497 3563
f 3563 3626 3627
f 3682 2898 5657
f 3670 3668 3682
f 3215 3319 6800
f 5663 3111 3215
f 3007 5657 2898
f 3007 3111 5663
f 3609 3627 3626
f 3609 3668 3670
f 3627 5655 3563
f 5756 3498 3563
f 5656 3627 3609
f 3670 5656 3609
f 3215 6798 5663
f 5663 6796 3007
f 3007 6795 5657
f 3670 3682 6792
f 3682 5657 6793
f 6799 3215 6800
f 3414 3418 3355
f 3414 3498 3418
f 3252 3251 3355
f 6801 6800 3319
f 6810 6809 5525
f 6808 3295 6809
f 6811 6810 5659
f 4071 6814 6813
f 5659 6812 6811
f 6812 4071 6813
f 3537 6805 6804
f 6803 6802 5658
f 6802 3319 5658
f 3295 6808 6807
f 6805 5661 6806
f 6807 6806 5661
f 6804 6803 5658
f 6802 6801 3319
f 3355 3251 3353
f 3418 5653 3355
f 3418 6781 5653
f 3498 5756 6783
f 3418 3498 6783
f 5756 5655 6785
f 3563 5655 5756
f 6786 6785 5655
f 5756 6785 6784
f 6787 6786 3627
f 3252 5653 6779
f 3252 3355 5653
f 6780 6779 5653
f 6778 6777 3252
f 3252 6779 6778
f 6784 6783 5756
f 6782 6781 3418
f 3418 6783 6782
f 6781 6780 5653
f 3176 3251 3252
f 6795 6794 5657
f 6793 5657 6794
f 6796 6795 3007
f 6798 3215 6799
f 5663 6797 6796
f 6798 6797 5663
f 3670 6789 5656
f 3670 6791 6790
f 6789 6788 5656
f 6790 6789 3670
f 6792 3682 6793
f 3670 6792 6791
f 6788 6787 5656
f 6787 3627 5656
f 5655 3627 6786
f 6777 5652 3252
f 6733 2953 6734
f 6744 6743 2955
f 6745 6744 2955
f 3114 5647 3050
f 6752 3020 5647
f 6746 6745 3020
f 6745 2955 3020
f 3020 6747 6746
f 3050 5647 3020
f 6749 6748 3020
f 6750 6749 3020
f 6755 6754 5647
f 6751 6750 3020
f 5647 6754 6753
f 6752 6751 3020
f 6747 3020 6748
f 6755 5647 3114
f 6758 5648 5650
f 3114 5648 6756
f 6763 3394 6764
f 6764 3394 6765
f 5755 6768 6767
f 3469 6766 6765
f 6766 5755 6767
f 3114 3160 5648
f 6758 5650 6759
f 6757 6756 5648
f 6759 5650 6760
f 6762 5649 6763
f 6760 3268 6761
f 6762 6761 5649
f 6757 5648 6758
f 6755 3114 6756
f 6743 6742 2955
f 6753 6752 5647
f 6870 5674 6871
f 6871 5675 6872
f 6869 5674 6870
f 6873 6872 5675
f 6874 5675 6875
f 5675 6876 6875
f 6877 5676 6878
f 6879 6878 5676
f 5676 6877 6876
f 6873 5675 6874
f 6879 5676 6880
f 3362 6867 6866
f 3360 6866 6865
f 6862 5672 6863
f 3360 6865 6864
f 6863 5672 6864
f 6867 5673 6868
f 6876 5675 5676
f 6869 5673 5674
f 6882 6881 5676
f 3372 6882 5676
f 5673 3364 5674
f 6869 6868 5673
f 6883 3372 6884
f 3366 5675 5674
f 6882 3372 6883
f 3368 5676 5675
f 5674 5675 6871
f 5676 6881 6880
f 3362 5673 6867
f 6851 5668 6852
f 6853 6852 5668
f 6848 3845 6849
f 5667 6851 6850
f 5667 6850 6849
f 5669 6854 6853
f 6858 6857 3689
f 6858 3689 5671
f 6856 6855 3687
f 6855 5669 3687
f 6856 3687 6857
f 3689 6857 3687
f 6855 6854 5669
f 6859 6858 5671
f 3687 3858 3689
f 6847 6846 3841
f 6845 5665 6846
f 6842 5666 6843
f 6844 6843 5666
f 5665 6845 6844
f 6842 6841 5664
f 3841 6848 6847
f 3845 3849 5667
f 6848 3841 3845
f 6851 5667 3849
f 5668 6851 3849
f 5667 6849 3845
f 5668 3852 5669
f 3852 3849 3735
f 3849 3852 5668
f 3858 3855 3741
f 5669 3855 3687
f 5669 3852 3855
f 3855 3852 3738
f 3858 3687 3855
f 3849 3845 3731
f 5669 6853 5668
f 3845 3841 3728
f 3860 3689 3858
f 6860 5670 6861
f 3360 6864 5672
f 5672 6862 5670
f 5670 6860 3691
f 5671 3691 6860
f 3697 3362 3360
f 6861 5670 6862
f 3695 3360 5672
f 3693 5672 5670
f 3360 3362 6866
f 5671 6860 6859
f 3364 3701 3366
f 5674 3364 3366
f 3368 5675 3366
f 5673 3362 3364
f 6885 3372 6886
f 3368 3707 3372
f 5676 3368 3372
f 6887 3372 3709
f 6886 3372 6887
f 3368 3366 3704
f 3362 3699 3364
f 3372 6885 6884
f 6887 3709 6888
f 3693 3691 3862
f 5670 3691 3693
f 5672 3693 3695
f 3695 3693 3865
f 3862 3860 3746
f 3691 3860 3862
f 3867 3697 3695
f 3862 3865 3693
f 3867 3695 3865
f 3865 3862 3748
f 3697 3360 3695
f 3689 3860 3691
f 3699 3871 3701
f 3364 3699 3701
f 3707 3368 3704
f 3701 3704 3366
f 3362 3697 3699
f 3701 3873 3704
f 3707 3878 3709
f 3372 3707 3709
f 6150 6149 3709
f 6889 3709 6149
f 3707 3704 3875
f 3699 3697 3868
f 3709 6889 6888
f 3709 3878 6150
f 3689 3691 5671
f 3860 3858 3744
f 5665 3841 6846
f 3706 6835 3702
f 3702 6835 6834
f 3706 6836 6835
f 6836 3706 6837
f 6838 6837 3706
f 6838 3706 3711
f 3706 3702 3876
f 6839 3711 6840
f 3714 5666 6842
f 6841 6840 5664
f 5664 3711 3714
f 3711 5664 6840
f 3719 3714 3888
f 6842 5664 3714
f 3719 5666 3714
f 3714 3711 3882
f 5665 5666 3719
f 3711 6839 6838
f 3711 3706 3880
f 3880 3876 4007
f 3876 3880 3706
f 3880 4007 4193
f 4074 4007 4033
f 3991 3870 3864
f 4074 3870 4077
f 4077 3870 3874
f 4074 4077 4007
f 4193 4007 4077
f 4077 4080 4193
f 3882 3880 4193
f 3876 4033 4007
f 4080 4197 4193
f 3882 4197 3888
f 4201 3888 4197
f 4201 3892 3888
f 3714 3882 3888
f 4201 4197 3696
f 4080 3874 3877
f 4077 3874 4080
f 3877 3879 3696
f 3877 3696 4080
f 4197 4080 3696
f 3877 3874 4005
f 4201 3696 3700
f 3882 4193 4197
f 3711 3880 3882
f 3874 3870 3998
f 3719 3888 3892
f 3864 3870 4074
f 3723 3841 5665
f 3728 3841 3723
f 3728 3723 3895
f 3892 3723 3719
f 3895 3892 4203
f 3723 3892 3895
f 3731 3898 3901
f 3895 3898 3728
f 3898 3731 3728
f 3898 3895 4205
f 3728 3731 3845
f 3892 4201 4203
f 3738 3735 3905
f 3849 3731 3735
f 3738 3741 3855
f 3741 3738 3908
f 3905 3901 4209
f 3735 3901 3905
f 3741 3910 3744
f 3905 3908 3738
f 3910 3741 3908
f 3908 3905 4212
f 3858 3741 3744
f 3901 3735 3731
f 3735 3738 3852
f 3901 3898 4207
f 4205 4203 3703
f 3895 4203 4205
f 3898 4205 4207
f 4207 4205 3705
f 3879 3881 3700
f 3696 3879 3700
f 3700 3881 3703
f 3703 3705 4205
f 4203 3700 3703
f 3884 3705 3703
f 3708 4207 3705
f 4201 3700 4203
f 4212 4209 3710
f 3905 4209 4212
f 4215 3716 4217
f 4212 4215 3908
f 3901 4207 4209
f 4215 4212 3712
f 3705 3887 3708
f 3708 3710 4209
f 3710 3893 3712
f 3712 3716 4215
f 4212 3710 3712
f 3708 3890 3710
f 4215 4217 3910
f 3708 4209 4207
f 4215 3910 3908
f 3712 3896 3716
f 3716 3896 3899
f 5665 3719 3723
f 5665 6844 5666
f 3879 3877 4009
f 3998 3991 4118
f 3870 3991 3998
f 3874 3998 4005
f 4005 3998 4120
f 4118 3427 3428
f 4116 3427 4118
f 3428 3429 4120
f 3428 4120 4118
f 3998 4118 4120
f 3428 3427 5336
f 4121 4005 4120
f 3991 4116 4118
f 4013 3879 4009
f 4005 4009 3877
f 3881 4013 4016
f 4013 4009 4123
f 4120 3429 4121
f 4009 4121 4123
f 4125 3445 4127
f 4123 4125 4013
f 4125 4016 4013
f 4121 3435 4123
f 3884 3881 4016
f 4121 4009 4005
f 3881 3879 4013
f 4123 3440 4125
f 5307 3428 5336
f 3428 5307 3429
f 3429 5307 5312
f 5307 5336 5428
f 5428 5422 5187
f 5336 5422 5428
f 5312 5432 5437
f 5428 5432 5307
f 5432 5312 5307
f 5432 5428 5189
f 3435 3429 5312
f 5332 5422 5336
f 5437 5318 5312
f 3435 5318 3440
f 3440 5318 5322
f 3440 3445 4125
f 4123 3435 3440
f 3440 5322 3445
f 5445 5437 5193
f 5318 5437 5445
f 5450 5322 5445
f 5450 5328 5322
f 5322 5318 5445
f 5450 5445 5195
f 3445 5322 5328
f 5312 5318 3435
f 4121 3429 3435
f 5437 5432 5191
f 4016 4125 4127
f 3427 5332 5336
f 3887 3884 4020
f 3884 3887 3705
f 3887 3890 3708
f 3890 3887 4024
f 4020 4127 4129
f 4016 4127 4020
f 4024 4129 4130
f 4129 4024 4020
f 3887 4020 4024
f 4129 4127 3452
f 4028 3890 4024
f 4016 4020 3884
f 3893 4028 4031
f 4028 3893 3890
f 3896 4031 4035
f 4031 3896 3893
f 3712 3893 3896
f 4031 4028 4131
f 4131 4130 3460
f 4028 4130 4131
f 4132 3466 4133
f 4131 4132 4031
f 4132 4035 4031
f 4132 4131 3463
f 3896 4035 3899
f 4130 4028 4024
f 3710 3890 3893
f 4130 4129 3456
f 5328 5331 3452
f 3445 5328 3452
f 3452 3456 4129
f 3452 5331 3456
f 5331 5454 5459
f 5454 5331 5328
f 5335 5459 5464
f 5459 5335 5331
f 3456 5331 5335
f 5459 5454 5199
f 3460 3456 5335
f 5454 5328 5450
f 5464 5339 5335
f 3460 5339 3463
f 3463 5339 5343
f 3463 3466 4132
f 4131 3460 3463
f 3463 5343 3466
f 5471 5464 5204
f 5339 5464 5471
f 5475 5343 5471
f 5475 5349 5343
f 5343 5339 5471
f 5475 5471 5206
f 5343 5349 3466
f 5335 5339 3460
f 4130 3456 3460
f 5464 5459 5202
f 4132 4133 4035
f 3445 3452 4127
f 3703 3881 3884
f 5454 5450 5197
f 3744 3910 3912
f 6833 3702 6834
f 3912 3916 3746
f 3912 3746 3744
f 3862 3746 3748
f 3746 3916 3748
f 4220 4217 3718
f 3912 4217 4220
f 3916 4220 3959
f 3916 3918 3748
f 3916 3912 4220
f 3959 3918 3916
f 3749 3748 3918
f 4217 3912 3910
f 3749 3752 3867
f 3748 3749 3865
f 3867 3868 3697
f 3867 3752 3868
f 3752 3921 3924
f 3921 3752 3749
f 3924 3967 3926
f 3924 3754 3752
f 3868 3752 3754
f 3918 3961 3921
f 3871 3868 3754
f 3921 3749 3918
f 3860 3744 3746
f 3921 3964 3924
f 3721 4220 3718
f 4220 3721 3959
f 3959 3721 3724
f 3721 3718 3903
f 3903 3899 4037
f 3718 3899 3903
f 3724 3906 3909
f 3903 3906 3721
f 3906 3724 3721
f 3906 3903 4042
f 3961 3959 3724
f 3716 3899 3718
f 3909 3726 3724
f 3961 3726 3964
f 3964 3726 3730
f 3964 3967 3924
f 3921 3961 3964
f 3964 3730 3967
f 3913 3909 4052
f 3726 3909 3913
f 3917 3730 3913
f 3917 3733 3730
f 3730 3726 3913
f 3917 3913 4055
f 3967 3730 3733
f 3724 3726 3961
f 3918 3959 3961
f 3909 3906 4048
f 3754 3924 3926
f 3716 3718 4217
f 3873 3871 3757
f 3871 3873 3701
f 3873 3875 3704
f 3875 3873 3759
f 3757 3926 3929
f 3754 3926 3757
f 3929 3931 3759
f 3929 3759 3757
f 3873 3757 3759
f 3929 3926 3968
f 3761 3875 3759
f 3754 3757 3871
f 3761 3762 3878
f 3761 3878 3875
f 6151 3878 3762
f 6150 3878 6151
f 3762 6152 6151
f 3762 3761 3933
f 3762 5678 6153
f 6154 6153 5678
f 6152 3762 6153
f 3933 5678 3762
f 3759 3931 3761
f 3707 3875 3878
f 5678 6155 6154
f 3971 3929 3968
f 3929 3971 3931
f 3931 3971 3973
f 3971 3968 3737
f 3737 3733 3920
f 3968 3733 3737
f 3973 3740 3742
f 3737 3740 3971
f 3740 3973 3971
f 3737 3923 3740
f 3933 3931 3973
f 3967 3733 3968
f 3742 3976 3973
f 5678 3933 3976
f 6156 6155 3976
f 6155 5678 3976
f 6156 3976 6157
f 3742 3740 3925
f 3928 6158 3742
f 6158 6157 3742
f 3976 3742 6157
f 3973 3976 3933
f 3761 3931 3933
f 3920 3733 3917
f 3967 3968 3926
f 3699 3868 3871
f 6159 6158 3928
f 4133 4134 4037
f 4035 4133 4037
f 3903 4037 4042
f 4037 4134 4042
f 4134 3468 3470
f 3468 4134 4133
f 3470 3471 4135
f 3470 4135 4134
f 4042 4134 4135
f 3470 3468 5353
f 4048 4042 4135
f 5349 3468 3466
f 4052 4048 4136
f 3909 4048 4052
f 3913 4052 4055
f 4055 4052 4137
f 4135 3471 4136
f 4052 4136 4137
f 4138 3480 4140
f 4137 4138 4055
f 4138 4058 4055
f 4136 3473 4137
f 4058 3917 4055
f 4136 4048 4135
f 4048 3906 4042
f 4137 3477 4138
f 5353 3468 5349
f 3471 3470 5357
f 5357 3470 5353
f 5353 5349 5479
f 5485 5479 5213
f 5353 5479 5485
f 5491 5357 5485
f 5491 5362 5357
f 5357 5353 5485
f 5491 5485 5216
f 3471 5357 5362
f 5479 5349 5475
f 5362 5367 3473
f 5362 3473 3471
f 3473 5367 3477
f 3477 3480 4138
f 4137 3473 3477
f 3477 5372 3480
f 5367 5497 5512
f 5497 5367 5362
f 5372 5512 5472
f 5512 5372 5367
f 3477 5367 5372
f 5512 5497 5223
f 5375 3480 5372
f 5497 5362 5491
f 4136 3471 3473
f 5497 5491 5219
f 4058 4138 4140
f 3466 3468 4133
f 3923 3920 4061
f 3920 3923 3737
f 3923 3925 3740
f 3925 3923 4065
f 4061 4140 4141
f 4058 4140 4061
f 4065 4141 4143
f 4141 4065 4061
f 3923 4061 4065
f 4141 4140 3483
f 4068 3925 4065
f 4140 3480 3483
f 5677 3928 4068
f 3928 5677 6160
f 6161 6160 5677
f 6159 3928 6160
f 6161 5677 6162
f 4068 4143 4144
f 4143 4068 4065
f 6162 4144 6163
f 4068 4144 5677
f 6162 5677 4144
f 4144 4143 3487
f 4068 3928 3925
f 3742 3925 3928
f 4143 4141 3485
f 5375 5381 3483
f 3480 5375 3483
f 4141 3483 3485
f 3483 5381 3485
f 5476 5472 5226
f 5375 5472 5476
f 5381 5476 5480
f 5381 5385 3485
f 5381 5375 5476
f 5480 5385 5381
f 3487 3485 5385
f 5372 5472 5375
f 6165 3487 5390
f 3487 6165 6164
f 3487 6164 4144
f 4143 3485 3487
f 5390 5385 5484
f 5390 6168 6167
f 6167 6166 5390
f 6165 5390 6166
f 5390 3487 5385
f 4144 6164 6163
f 5484 6168 5390
f 3920 4058 4061
f 4058 3920 3917
f 5472 5512 5225
f 4035 4037 3899
f 3867 3865 3749
f 5479 5475 5209
f 5658 3537 6804
f 5422 5418 5184
f 5153 5326 5330
f 5149 5326 5153
f 5153 5330 5157
f 5330 5326 5333
f 5333 5492 5493
f 5329 5492 5333
f 5493 4978 4980
f 4978 5493 5492
f 5333 5493 5337
f 5081 4978 4976
f 5330 5333 5337
f 5329 5333 5326
f 5162 5157 5334
f 5386 5157 5162
f 5334 5341 5338
f 5337 5334 5330
f 5493 5482 5337
f 5482 5493 4980
f 5482 4983 5488
f 5482 5341 5337
f 5334 5337 5341
f 5482 4980 4983
f 5162 5334 5338
f 5330 5334 5157
f 5157 5380 5153
f 4980 4978 5084
f 5084 5081 5203
f 4978 5081 5084
f 5203 5068 5205
f 5065 5203 5200
f 5188 5190 5065
f 5190 5188 5222
f 5068 5190 5192
f 5190 5068 5065
f 5203 5065 5068
f 5190 5222 5227
f 5084 5203 5205
f 5200 5203 5081
f 5087 5205 5207
f 5205 5087 5084
f 5089 5087 5207
f 5087 5089 4983
f 4980 5084 5087
f 5207 5205 5071
f 5192 5227 5229
f 5190 5227 5192
f 5194 5192 5229
f 5194 5071 5192
f 5071 5068 5192
f 5229 5227 4211
f 5207 5071 5073
f 5205 5068 5071
f 5087 4983 4980
f 5227 5222 4208
f 5341 5482 5488
f 4976 4978 5492
f 5168 5338 5342
f 5338 5168 5162
f 5168 5342 5172
f 5342 5338 5348
f 5348 5488 5494
f 5341 5488 5348
f 5494 4984 4985
f 4984 5494 5488
f 5348 5494 5351
f 5089 4984 4983
f 5342 5348 5351
f 5488 4983 4984
f 5177 5172 5347
f 5405 5172 5177
f 5347 5356 5350
f 5351 5347 5342
f 5494 5499 5351
f 5499 5494 4985
f 5499 4986 5503
f 5499 5356 5351
f 5347 5351 5356
f 5499 4985 4986
f 5177 5347 5350
f 5342 5347 5172
f 5172 5399 5168
f 4985 4984 5092
f 5092 5089 5210
f 4984 5089 5092
f 5073 5076 5210
f 5073 5210 5207
f 5073 5194 5198
f 5071 5194 5073
f 5233 5238 5198
f 5233 5198 5194
f 5073 5198 5076
f 5233 5194 5229
f 5092 5210 5212
f 5210 5089 5207
f 5094 5212 5215
f 5076 5212 5210
f 5096 5094 5215
f 5094 5096 4986
f 4985 5092 5094
f 5215 5212 5078
f 5201 5076 5198
f 5076 5201 5078
f 5110 5078 5201
f 5110 5080 5078
f 5212 5076 5078
f 5198 5238 5201
f 5215 5078 5080
f 5092 5212 5094
f 5094 4986 4985
f 5201 5244 5110
f 5356 5499 5503
f 5338 5341 5348
f 5168 5394 5162
f 5233 5229 4216
f 4211 4208 4331
f 5227 4208 4211
f 5788 4450 4331
f 4331 4208 5790
f 5790 5789 4331
f 5787 4450 5788
f 4331 5789 5788
f 4211 4331 4336
f 5791 5790 4208
f 4336 4341 4216
f 4450 4336 4331
f 5233 4216 4222
f 4216 4341 4222
f 4450 5787 5679
f 4336 4450 4453
f 4457 4341 4453
f 4457 4344 4341
f 4341 4336 4453
f 4450 5679 4453
f 4584 4586 4457
f 4211 4336 4216
f 4216 5229 4211
f 4453 4584 4457
f 5786 5785 5679
f 5786 5679 5787
f 5679 5681 4584
f 5679 5785 5681
f 5785 5784 5681
f 5782 5680 5783
f 5784 5783 5680
f 5784 5680 5681
f 4584 5680 4691
f 5680 4584 5681
f 5683 5682 5780
f 5682 4691 5680
f 4584 4691 4586
f 5781 5682 5782
f 5781 5780 5682
f 5778 5683 5779
f 5780 5779 5683
f 5682 4790 4691
f 5782 5682 5680
f 4453 5679 4584
f 4341 4344 4222
f 4344 4226 4222
f 5238 4226 5244
f 4344 4460 4346
f 4344 4457 4460
f 4790 5682 5683
f 4693 4586 4691
f 4586 4590 4460
f 4790 4693 4691
f 4460 4457 4586
f 5683 4863 4790
f 4226 4344 4346
f 5778 5684 5683
f 4346 4460 4463
f 4228 4226 4346
f 4348 4346 4463
f 4346 4348 4228
f 5244 4228 5250
f 4590 4463 4460
f 4590 4693 4695
f 4586 4693 4590
f 4863 4865 4791
f 4791 4695 4693
f 4590 4695 4593
f 4791 4693 4790
f 4463 4590 4593
f 5244 4226 4228
f 5201 5238 5244
f 4790 4863 4791
f 5777 5684 5778
f 5683 5684 4863
f 5684 5776 5685
f 5684 5777 5776
f 5775 5685 5776
f 5773 5687 5774
f 5775 5774 5685
f 4863 5684 4930
f 5687 5773 5772
f 5774 5687 5685
f 5006 5685 5687
f 5006 4930 5685
f 5684 5685 4930
f 5772 5771 5686
f 5770 5686 5771
f 5768 5098 5769
f 5770 5769 5098
f 5772 5686 5687
f 4863 4930 4865
f 4792 4695 4791
f 4226 5238 4222
f 5233 4222 5238
f 5110 5244 5250
f 5181 5350 5355
f 5350 5181 5177
f 5181 5355 5184
f 5355 5350 5361
f 5096 5215 5218
f 4987 4986 5096
f 5508 5503 4987
f 5508 5361 5503
f 5361 5356 5503
f 4987 5096 5099
f 5355 5361 5366
f 5503 4986 4987
f 5366 5360 5355
f 5184 5360 5187
f 5366 4867 5371
f 5508 5366 5361
f 4987 4988 5508
f 4988 4987 5099
f 4988 5102 4990
f 4988 4867 5508
f 5366 5508 4867
f 4988 5099 5102
f 5360 5366 5371
f 5184 5355 5360
f 5184 5418 5181
f 5099 5096 5218
f 5080 5113 5082
f 5215 5080 5218
f 5080 5082 5218
f 5250 5113 5110
f 4348 4463 4466
f 4230 4228 4348
f 4351 4348 4466
f 4348 4351 4230
f 5250 4230 5258
f 4593 4466 4463
f 5113 5250 5258
f 5250 4228 4230
f 5082 5116 5083
f 5218 5082 5220
f 5258 5262 5116
f 5220 5082 5083
f 5220 5099 5218
f 5258 5116 5113
f 4230 4232 5258
f 4232 4230 4351
f 4353 4351 4469
f 4353 4232 4351
f 5258 4232 5262
f 4469 4351 4466
f 5221 5102 5220
f 5113 5116 5082
f 5102 5099 5220
f 4469 4466 4596
f 4867 4988 4990
f 5080 5110 5113
f 5371 5363 5360
f 5187 5363 5189
f 5371 4870 5378
f 5371 4867 4870
f 5083 5221 5220
f 5104 5102 5221
f 4991 4990 5104
f 4990 4991 4870
f 4870 4867 4990
f 5104 5221 5224
f 5363 5371 5378
f 4990 5102 5104
f 5378 5369 5363
f 5189 5369 5191
f 5378 4872 5382
f 5363 5369 5189
f 5104 5690 4991
f 5690 5104 5224
f 5224 5691 5690
f 6228 4991 5690
f 4872 4870 4991
f 5224 5086 5691
f 5369 5378 5382
f 4870 4872 5378
f 5189 5428 5187
f 5224 5221 5085
f 5085 5083 5118
f 5083 5085 5221
f 5262 5265 5118
f 5262 5118 5116
f 4232 4234 5262
f 4234 4232 4353
f 4354 4353 4472
f 4354 4234 4353
f 5262 4234 5265
f 4472 4353 4469
f 5118 5121 5085
f 5116 5118 5083
f 5121 5265 5269
f 5265 5121 5118
f 5123 5121 5269
f 5121 5123 5086
f 5085 5121 5086
f 5269 5265 4236
f 4236 4354 4355
f 4234 4354 4236
f 4473 4599 4474
f 4473 4355 4354
f 4236 4355 4237
f 4473 4354 4472
f 5269 4236 4237
f 4234 4236 5265
f 5224 5085 5086
f 4473 4472 4598
f 4991 6228 4872
f 5187 5360 5363
f 5187 5422 5184
f 4472 4469 4597
f 4792 4699 4695
f 4593 4699 4596
f 4792 4868 4793
f 4865 4792 4791
f 4930 4935 4865
f 4935 4930 5006
f 4868 4935 4941
f 4935 4868 4865
f 4792 4865 4868
f 4935 5006 5010
f 4699 4792 4793
f 4699 4593 4695
f 4793 4701 4699
f 4596 4701 4597
f 4793 4871 4794
f 4793 4868 4871
f 4941 5010 5013
f 4941 4935 5010
f 4943 4941 5013
f 4941 4943 4871
f 4941 4871 4868
f 5013 5010 5148
f 4701 4793 4794
f 4596 4699 4701
f 4466 4593 4596
f 5010 5006 5146
f 5686 5098 4957
f 5687 5686 5146
f 5686 4957 5146
f 5767 5098 5768
f 5766 4989 5767
f 5764 5688 5765
f 5766 5765 5688
f 4989 5098 5767
f 5686 5770 5098
f 5148 4957 4961
f 4957 5148 5146
f 4989 4992 5101
f 5101 4961 4957
f 5148 4961 5150
f 4989 5101 5098
f 4989 5688 4086
f 5766 5688 4989
f 4086 4241 4242
f 4241 4086 5688
f 4989 4086 4992
f 4241 5688 5764
f 4961 5101 5105
f 4957 5098 5101
f 5010 5146 5148
f 4241 5764 5763
f 5013 5148 5150
f 5006 5687 5146
f 4598 4597 4704
f 4597 4598 4472
f 4794 4795 4704
f 4794 4704 4701
f 4943 5013 5016
f 4874 4871 4943
f 4944 4943 5016
f 4944 4874 4943
f 4794 4874 4795
f 5150 5016 5013
f 4704 4706 4598
f 4794 4871 4874
f 4706 4795 4796
f 4704 4795 4706
f 4708 4706 4796
f 4706 4708 4599
f 4599 4598 4706
f 4796 4795 4855
f 4855 4944 4947
f 4874 4944 4855
f 5019 5155 5021
f 5019 4947 4944
f 4855 4947 4856
f 5019 4944 5016
f 4796 4855 4856
f 4874 4855 4795
f 4473 4598 4599
f 5019 5016 5152
f 5105 4966 4961
f 5150 4966 5152
f 5105 4995 5107
f 4992 5105 5101
f 4086 4089 4992
f 4089 4086 4242
f 4242 4243 4089
f 4089 4995 4992
f 5105 4992 4995
f 4089 4091 4995
f 4966 5105 5107
f 4966 5150 4961
f 4966 4970 5152
f 4970 4966 5107
f 4970 5108 4973
f 4970 5155 5152
f 5019 5152 5155
f 4970 5107 5108
f 4879 4091 4093
f 4879 4995 4091
f 4883 4879 4093
f 4879 4883 5108
f 5108 5107 4879
f 4089 4243 4091
f 5155 4970 4973
f 4995 4879 5107
f 5016 5150 5152
f 4091 4244 4093
f 4947 5019 5021
f 4597 4701 4704
f 4469 4596 4597
f 4242 4241 4364
f 4355 4473 4474
f 5350 5356 5361
f 5181 5411 5177
f 5868 4744 4745
f 5868 5867 4744
f 5865 4743 5866
f 5864 4743 5865
f 4744 5866 4743
f 5866 4744 5867
f 4744 4743 4834
f 5869 5868 4745
f 5871 4642 5872
f 5702 4642 5871
f 5702 5869 4745
f 5869 5702 5870
f 4746 5702 4745
f 5870 5702 5871
f 4642 5702 4746
f 4746 4745 4837
f 4746 4837 4839
f 4745 4744 4835
f 4834 4183 4186
f 4832 4183 4834
f 4834 4186 4835
f 4186 4183 4282
f 4282 4393 4396
f 4281 4393 4282
f 4500 4503 4396
f 4500 4396 4393
f 4282 4396 4283
f 4616 4500 4498
f 4186 4282 4283
f 4281 4282 4183
f 4283 4187 4186
f 4835 4187 4837
f 4189 4837 4187
f 4189 4839 4837
f 4745 4835 4837
f 4189 4187 4285
f 4397 4283 4396
f 4283 4397 4285
f 4399 4285 4397
f 4399 4288 4285
f 4187 4283 4285
f 4396 4503 4397
f 4285 4288 4189
f 4186 4187 4835
f 4744 4834 4835
f 4506 4399 4397
f 4539 5873 5872
f 4832 4834 4743
f 5876 5706 5877
f 5876 5705 5706
f 4642 4539 5872
f 5874 4539 5705
f 5705 5875 5874
f 5875 5705 5876
f 5705 4539 4543
f 5878 5877 5706
f 5880 5707 5881
f 5879 5707 5880
f 4432 5706 5705
f 5706 5707 5878
f 4543 4432 5705
f 5707 5879 5878
f 4326 5706 4432
f 4543 4646 4547
f 5881 4536 5882
f 4543 4539 4644
f 4644 4642 4747
f 4642 4644 4539
f 4839 4841 4747
f 4839 4747 4746
f 4189 4192 4839
f 4192 4189 4288
f 4291 4288 4401
f 4291 4192 4288
f 4839 4192 4841
f 4401 4288 4399
f 4747 4749 4644
f 4746 4747 4642
f 4749 4841 4843
f 4841 4749 4747
f 4765 4749 4843
f 4749 4765 4646
f 4644 4749 4646
f 4843 4841 4196
f 4196 4291 4294
f 4192 4291 4196
f 4510 4512 4404
f 4404 4294 4291
f 4196 4294 4199
f 4404 4291 4401
f 4843 4196 4199
f 4192 4196 4841
f 4543 4644 4646
f 4399 4507 4401
f 4432 4543 4547
f 5873 4539 5874
f 4401 4510 4404
f 4617 4616 4715
f 4500 4616 4617
f 4715 4582 4716
f 4581 4715 4713
f 4674 4676 4581
f 4676 4674 4760
f 4760 4762 4676
f 4676 4582 4581
f 4715 4581 4582
f 4676 4677 4582
f 4617 4715 4716
f 4713 4715 4616
f 4506 4503 4618
f 4503 4506 4397
f 4618 4717 4619
f 4716 4618 4617
f 4582 4583 4716
f 4583 4582 4677
f 4677 4678 4583
f 4583 4717 4716
f 4618 4716 4717
f 4677 4764 4678
f 4506 4618 4619
f 4617 4618 4503
f 4503 4500 4617
f 4676 4762 4677
f 4808 4688 4689
f 4807 4688 4808
f 4808 4762 4760
f 4808 4689 4809
f 5708 6346 6345
f 6347 6346 5708
f 5708 6344 4689
f 6344 5708 6345
f 4688 5708 4689
f 4762 4808 4809
f 6347 5708 4688
f 4809 4690 4810
f 4809 4764 4762
f 4690 4689 6342
f 6340 6339 4690
f 4810 4764 4809
f 4690 6341 6340
f 6343 4689 6344
f 6342 4689 6343
f 6341 4690 6342
f 4689 4690 4809
f 4677 4762 4764
f 4583 4585 4717
f 4807 4808 4760
f 4619 4718 4620
f 4619 4507 4506
f 4619 4620 4507
f 4585 4718 4717
f 4585 4678 4679
f 4583 4678 4585
f 4679 4766 4768
f 4766 4679 4678
f 4585 4679 4587
f 4810 4766 4764
f 4718 4585 4587
f 4619 4717 4718
f 4510 4620 4622
f 4620 4510 4507
f 4719 4588 4720
f 4719 4622 4620
f 4510 4622 4512
f 4587 4719 4718
f 4679 4680 4587
f 4680 4679 4768
f 4680 4768 4770
f 4680 4588 4587
f 4719 4587 4588
f 4770 4681 4680
f 4622 4719 4720
f 4718 4719 4620
f 4401 4507 4510
f 4768 4766 4811
f 4811 4810 4692
f 4766 4810 4811
f 4692 6336 5710
f 6339 4692 4690
f 4692 6339 6338
f 4692 6338 6337
f 6336 4692 6337
f 4811 4692 5710
f 4690 4692 4810
f 4812 5710 5709
f 4811 5710 4812
f 4814 4812 5709
f 5709 6332 4814
f 4812 4768 4811
f 5709 5710 6334
f 5710 6335 6334
f 6334 6333 5709
f 6333 6332 5709
f 4814 4770 4812
f 6335 5710 6336
f 4812 4770 4768
f 4680 4681 4588
f 4764 4766 4678
f 4399 4506 4507
f 4407 4294 4404
f 4498 4500 4393
f 4241 5763 5762
f 5762 5761 5703
f 5887 5886 5704
f 5759 5888 4520
f 5888 5887 4520
f 5703 5761 5760
f 4241 5762 5703
f 4364 5703 4520
f 5703 5760 4520
f 4520 5704 4302
f 5887 5704 4520
f 4422 4425 4302
f 4302 4524 4520
f 4364 4520 4524
f 4302 5704 4422
f 4368 4364 4524
f 5759 4520 5760
f 4241 5703 4364
f 5704 5886 5885
f 5884 4536 4422
f 5884 5883 4536
f 5707 4326 4214
f 5881 5707 4536
f 4326 4432 4435
f 4435 4432 4547
f 4536 5707 4214
f 5707 5706 4326
f 5885 5884 4422
f 4646 4648 4547
f 4214 4326 4329
f 4540 4536 4214
f 4218 4214 4329
f 4218 4540 4214
f 4422 4540 4425
f 4435 4329 4326
f 4765 4648 4646
f 4550 4435 4547
f 4550 4648 4650
f 4547 4648 4550
f 4435 4550 4437
f 4765 4769 4648
f 4435 4437 4329
f 4422 4536 4540
f 5704 5885 4422
f 4765 4843 4844
f 4304 4524 4302
f 4368 4527 4372
f 4364 4368 4242
f 4368 4372 4243
f 4304 4527 4524
f 4304 4425 4427
f 4302 4425 4304
f 4427 4542 4546
f 4542 4427 4425
f 4304 4427 4307
f 4218 4542 4540
f 4527 4304 4307
f 4368 4524 4527
f 4244 4372 4374
f 4372 4244 4243
f 4528 4310 4530
f 4528 4374 4372
f 4244 4374 4245
f 4307 4528 4527
f 4427 4429 4307
f 4429 4427 4546
f 4429 4546 4549
f 4429 4310 4307
f 4528 4307 4310
f 4549 4430 4429
f 4374 4528 4530
f 4527 4528 4372
f 4091 4243 4244
f 4546 4542 4221
f 4221 4218 4333
f 4542 4218 4221
f 4333 4440 4335
f 4437 4333 4329
f 4550 4554 4437
f 4554 4550 4650
f 4440 4554 4557
f 4554 4440 4437
f 4333 4437 4440
f 4554 4650 4652
f 4221 4333 4335
f 4329 4333 4218
f 4224 4335 4340
f 4335 4224 4221
f 4227 4224 4340
f 4224 4227 4549
f 4546 4221 4224
f 4340 4335 4442
f 4557 4652 4654
f 4554 4652 4557
f 4560 4557 4654
f 4560 4442 4557
f 4442 4440 4557
f 4650 4773 4652
f 4654 4776 4778
f 4335 4440 4442
f 4224 4549 4546
f 4648 4769 4650
f 4310 4429 4430
f 4540 4542 4425
f 4368 4243 4242
f 4652 4776 4654
f 4199 4298 4200
f 4844 4843 4199
f 4199 4200 4844
f 4407 4298 4294
f 4407 4512 4515
f 4404 4512 4407
f 4515 4624 4626
f 4624 4515 4512
f 4407 4515 4409
f 4720 4624 4622
f 4298 4407 4409
f 4298 4199 4294
f 4200 4846 4844
f 4769 4846 4773
f 4200 4301 4204
f 4844 4846 4769
f 4515 4517 4409
f 4517 4515 4626
f 4412 4409 4517
f 4409 4412 4301
f 4301 4298 4409
f 4626 4722 4629
f 4846 4200 4204
f 4298 4301 4200
f 4769 4765 4844
f 4626 4624 4721
f 4681 4589 4588
f 4720 4589 4721
f 4681 4771 4682
f 4588 4589 4720
f 6331 4814 6332
f 4814 6331 6330
f 5711 4814 6330
f 5711 4771 4814
f 4771 4770 4814
f 4681 4682 4589
f 4770 4771 4681
f 4589 4591 4721
f 4591 4589 4682
f 4682 4683 4591
f 4591 4722 4721
f 4626 4721 4722
f 4682 4774 4683
f 6329 5711 6330
f 5711 6329 6328
f 6328 4774 5711
f 6328 6327 4774
f 4774 4771 5711
f 4591 4592 4722
f 4771 4774 4682
f 4624 4720 4721
f 4517 4626 4629
f 4622 4624 4512
f 4204 4848 4846
f 4773 4848 4776
f 4204 4305 4206
f 4204 4301 4305
f 4629 4722 4723
f 4519 4517 4629
f 4414 4412 4519
f 4412 4414 4305
f 4305 4301 4412
f 4519 4629 4631
f 4848 4204 4206
f 4412 4517 4519
f 4206 4305 4308
f 4850 4848 4206
f 4210 4206 4308
f 4206 4210 4850
f 4776 4850 4778
f 4414 4308 4305
f 4631 4629 4723
f 4523 4414 4519
f 4631 4723 4724
f 4519 4631 4523
f 4414 4523 4417
f 4724 4633 4631
f 4631 4633 4523
f 4776 4848 4850
f 4652 4773 4776
f 4592 4723 4722
f 4592 4683 4684
f 4591 4683 4592
f 4592 4684 4594
f 4684 4683 5758
f 5716 6327 6326
f 4774 6327 5716
f 6326 6325 5758
f 6326 5758 5716
f 4683 5716 5758
f 4684 5758 5757
f 4774 5716 4683
f 5758 6324 5757
f 4594 5757 5715
f 4595 4594 5715
f 5715 6322 6321
f 4723 4592 4594
f 5715 5757 6322
f 6324 5758 6325
f 6324 6323 5757
f 6323 6322 5757
f 4595 4724 4594
f 4684 5757 4594
f 4724 4723 4594
f 4414 4417 4308
f 4773 4846 4848
f 4650 4769 4773
f 4340 4442 4444
f 5882 4536 5883
f 4093 4244 4245
f 5222 5634 4208
f 5193 5191 5373
f 5437 5191 5193
f 5193 5373 5377
f 5382 5373 5369
f 5689 4875 4872
f 5382 4875 5388
f 5377 5388 5393
f 5382 5388 5373
f 5377 5373 5388
f 5388 4875 4876
f 5195 5193 5377
f 5382 4872 4875
f 5197 5195 5383
f 5450 5195 5197
f 5383 5397 5387
f 5393 5383 5377
f 5393 4876 4878
f 5388 4876 5393
f 4878 4996 4882
f 4878 5397 5393
f 5383 5393 5397
f 4878 4876 4994
f 5197 5383 5387
f 5195 5377 5383
f 5195 5445 5193
f 4876 4875 5694
f 5689 6228 6227
f 4872 6228 5689
f 5689 6227 6226
f 6231 6230 5690
f 6231 5690 5691
f 5694 5689 6226
f 5690 6230 6229
f 6225 6224 5694
f 6225 5694 6226
f 5694 6224 4994
f 5694 4994 4876
f 4996 4878 4994
f 4994 6222 4996
f 6224 6223 4994
f 6222 6221 4996
f 4994 6223 6222
f 6220 4996 6221
f 4875 5689 5694
f 5397 4878 4882
f 5191 5369 5373
f 5387 5392 5199
f 5387 5199 5197
f 5459 5199 5202
f 5199 5392 5202
f 5403 4882 4885
f 5397 4882 5403
f 5410 5403 4885
f 5410 5392 5403
f 5387 5403 5392
f 4885 4882 4998
f 5202 5392 5396
f 4996 4998 4882
f 5396 5402 5204
f 5396 5204 5202
f 5471 5204 5206
f 5204 5402 5206
f 5410 4885 4889
f 5396 5410 5416
f 5359 5402 5416
f 5359 5409 5402
f 5402 5396 5416
f 5410 4889 5416
f 5206 5402 5409
f 5410 5396 5392
f 5204 5464 5202
f 5416 4892 5359
f 4999 4998 5720
f 4885 4998 4999
f 5720 6217 5721
f 5720 4998 6219
f 4998 6220 6219
f 5720 6219 6218
f 6217 5720 6218
f 4999 5720 5721
f 4996 6220 4998
f 6216 5721 6217
f 5000 4999 5721
f 5000 5722 5001
f 5000 4892 4889
f 5416 4889 4892
f 5000 5721 5722
f 5721 6216 6215
f 6214 6213 5722
f 6214 5722 6215
f 5722 5721 6215
f 5000 5001 4892
f 4889 4999 5000
f 4889 4885 4999
f 5722 6213 5114
f 5387 5397 5403
f 5199 5454 5197
f 6232 5691 6233
f 5691 6232 6231
f 6233 5691 6234
f 5123 5273 5692
f 5086 5123 5693
f 5693 6235 6234
f 5693 5123 5692
f 5691 5693 6234
f 4237 5273 5269
f 5269 5273 5123
f 6237 6236 5693
f 6237 5693 5692
f 5695 5692 5273
f 5692 5695 6239
f 6239 6238 5692
f 6237 5692 6238
f 5695 5696 6241
f 5693 6236 6235
f 5695 5273 4239
f 4474 4356 4355
f 4237 4356 4239
f 4474 4600 4475
f 4237 4355 4356
f 4797 4708 4796
f 4797 4796 4856
f 4710 4708 4797
f 4708 4710 4600
f 4600 4599 4708
f 4797 4856 4857
f 4356 4474 4475
f 4474 4599 4600
f 4356 4357 4239
f 4357 4356 4475
f 4475 4476 4357
f 4357 5696 4239
f 5695 4239 5696
f 4475 4601 4476
f 4797 4798 4710
f 4798 4797 4857
f 4712 4710 4798
f 4712 4601 4710
f 4601 4600 4710
f 4798 4857 4858
f 4357 5698 5696
f 4600 4601 4475
f 5273 4237 4239
f 4857 4856 4950
f 6239 5695 6240
f 5693 5691 5086
f 6242 6241 5696
f 6243 6242 5696
f 4476 4603 5697
f 4357 4476 5698
f 5698 6244 6243
f 5698 4476 5697
f 6243 5696 5698
f 4712 4603 4601
f 4601 4603 4476
f 6245 5698 5697
f 6245 5697 6246
f 5697 5699 6247
f 5697 6247 6246
f 6247 5699 6248
f 5699 5697 4603
f 5698 6245 6244
f 6248 5699 6249
f 4714 4603 4712
f 4603 4714 5699
f 4714 4800 5701
f 4714 4712 4799
f 4799 4858 4859
f 4798 4858 4799
f 4859 4860 4800
f 4859 4800 4799
f 4714 4799 4800
f 4859 4858 4956
f 5699 4714 5701
f 4712 4798 4799
f 6250 5701 6251
f 5701 6250 5699
f 6252 6251 5701
f 6252 5701 5700
f 6253 5700 6254
f 5700 6253 6252
f 6254 5700 4860
f 4800 4860 5700
f 5700 5701 4800
f 6249 5699 6250
f 5725 6255 6254
f 5695 6241 6240
f 4858 4857 4953
f 4892 4896 5359
f 4947 4950 4856
f 5409 5415 5209
f 5409 5209 5206
f 5479 5209 5213
f 5209 5415 5213
f 5415 5365 5370
f 5365 5415 5409
f 5370 5376 5421
f 5370 5421 5415
f 5213 5415 5421
f 5370 5365 4899
f 5216 5213 5421
f 4896 5365 5359
f 5219 5216 5426
f 5491 5216 5219
f 5497 5219 5223
f 5223 5219 5423
f 5421 5376 5426
f 5219 5426 5423
f 5391 5395 5430
f 5423 5430 5223
f 5430 5225 5223
f 5426 5384 5423
f 5225 5512 5223
f 5426 5216 5421
f 5216 5485 5213
f 5423 5391 5430
f 4899 5365 4896
f 5376 5370 4903
f 4903 5370 4899
f 4899 4896 5002
f 5002 5001 5114
f 4896 5001 5002
f 4903 5003 5004
f 5002 5003 4899
f 5003 4903 4899
f 5003 5002 5117
f 4907 5376 4903
f 4892 5001 4896
f 5384 4907 4908
f 5004 4907 4903
f 5391 4908 4910
f 4908 5391 5384
f 5423 5384 5391
f 4908 4907 5005
f 5005 5004 5122
f 4907 5004 5005
f 4910 5008 5011
f 5005 5008 4908
f 5008 4910 4908
f 5008 5005 5125
f 5391 4910 5395
f 5376 4907 5384
f 5426 5376 5384
f 5004 5003 5120
f 5225 5430 5435
f 5409 5359 5365
f 5228 5476 5226
f 5225 5226 5472
f 5480 5228 5230
f 5228 5226 5439
f 5435 5401 5439
f 5226 5435 5439
f 5230 5443 5448
f 5439 5443 5228
f 5443 5230 5228
f 5439 5408 5443
f 5484 5480 5230
f 5435 5226 5225
f 6169 5484 5232
f 5484 6169 6168
f 6169 5232 6170
f 5448 5232 5230
f 5448 5443 5413
f 5448 6172 6171
f 5448 6171 5232
f 6170 5232 6171
f 5230 5232 5484
f 5385 5480 5484
f 6172 5448 5417
f 5401 5395 4911
f 5435 5395 5401
f 5439 5401 5408
f 5408 5401 4912
f 4911 5011 5015
f 4910 5011 4911
f 5015 5018 4912
f 5015 4912 4911
f 5401 4911 4912
f 5015 5011 5128
f 4913 5408 4912
f 4910 4911 5395
f 5413 4914 5417
f 5448 5413 5417
f 6174 6173 5417
f 5443 5408 5413
f 5417 6175 6174
f 4913 5020 4914
f 5413 4913 4914
f 6176 6175 4914
f 6175 5417 4914
f 4913 4912 5018
f 4913 5413 5408
f 6173 6172 5417
f 4914 5022 6176
f 5395 5435 5430
f 5475 5206 5209
f 5011 5008 5127
f 5117 5114 6211
f 5002 5114 5117
f 5003 5117 5120
f 5120 5117 6209
f 5114 6212 6211
f 6210 6209 5117
f 6210 5117 6211
f 5120 6209 6208
f 6213 6212 5114
f 5125 5122 5724
f 5005 5122 5125
f 5008 5125 5127
f 5125 5724 5251
f 5120 6208 5723
f 5122 5723 5724
f 5127 5255 5128
f 5015 5128 5129
f 5125 5251 5127
f 5128 5261 5129
f 5128 5011 5127
f 5723 5122 5120
f 5122 5004 5120
f 5723 6206 5724
f 6207 5723 6208
f 5251 5724 6203
f 6206 5723 6207
f 5724 6206 6205
f 5724 6205 6204
f 6204 6203 5724
f 6202 5251 6203
f 5251 6202 6201
f 5255 6201 6200
f 5255 5261 5128
f 5255 5251 6201
f 5255 6199 5261
f 5255 6200 6199
f 6197 5729 6198
f 6198 5261 6199
f 6198 5729 5261
f 5127 5251 5255
f 5129 5261 4993
f 5020 5018 5130
f 5018 5020 4913
f 5020 5130 5131
f 4993 5130 5129
f 4993 5730 4997
f 5130 4993 4997
f 5731 5131 4997
f 5131 5731 6181
f 5131 5130 4997
f 4997 6187 5731
f 5022 5020 5131
f 5729 4993 5261
f 6180 6179 5131
f 5022 6179 6178
f 6178 6177 5022
f 6176 5022 6177
f 6182 5731 6183
f 6181 5731 6182
f 6181 6180 5131
f 5131 6179 5022
f 4914 5020 5022
f 6184 6183 5731
f 5729 6196 5730
f 4993 5729 5730
f 5730 6192 6191
f 5730 6193 6192
f 5730 6196 6195
f 5730 6195 6194
f 6193 5730 6194
f 6196 5729 6197
f 5731 6187 6186
f 4997 6188 6187
f 4997 6189 6188
f 6190 5730 6191
f 4997 5730 6190
f 6189 4997 6190
f 6186 6185 5731
f 6185 6184 5731
f 5018 5129 5130
f 5018 5015 5129
f 5722 5114 5001
f 5432 5189 5191
f 5021 5163 5024
f 4947 5021 4950
f 5021 5024 4950
f 4973 5163 5155
f 4883 4093 4095
f 5111 5108 4883
f 4887 4883 4095
f 4883 4887 5111
f 4973 5111 4975
f 4245 4095 4093
f 5163 4973 4975
f 4973 5108 5111
f 5024 5166 5025
f 5024 4953 4950
f 5024 5025 4953
f 4975 5166 5163
f 5111 5112 4975
f 5112 5111 4887
f 4891 4887 4098
f 4887 4891 5112
f 4975 5112 4977
f 4098 4887 4095
f 5166 4975 4977
f 5163 5166 5024
f 4953 4857 4950
f 4098 4095 4246
f 4530 4378 4374
f 4245 4378 4246
f 4530 4313 4533
f 4530 4310 4313
f 4227 4340 4343
f 4553 4549 4227
f 4434 4430 4553
f 4430 4434 4313
f 4313 4310 4430
f 4553 4227 4229
f 4378 4530 4533
f 4430 4549 4553
f 4533 4313 4320
f 4382 4378 4533
f 4537 4533 4320
f 4533 4537 4382
f 4246 4382 4248
f 4434 4320 4313
f 4229 4227 4343
f 4559 4434 4553
f 4559 4229 4231
f 4553 4229 4559
f 4434 4559 4439
f 4229 4343 4345
f 4320 4434 4439
f 4246 4378 4382
f 4095 4245 4246
f 4444 4343 4340
f 4098 4246 4248
f 4245 4374 4378
f 5025 5169 5027
f 5025 4956 4953
f 5025 5027 4956
f 4977 5169 5166
f 4891 4098 4100
f 5115 5112 4891
f 4895 4891 4100
f 4891 4895 5115
f 4977 5115 4979
f 4248 4100 4098
f 5169 4977 4979
f 4977 5112 5115
f 5027 5173 5030
f 5027 4960 4956
f 5027 5030 4960
f 4979 5173 5169
f 5115 5119 4979
f 5119 5115 4895
f 4898 4895 4102
f 4895 4898 5119
f 4979 5119 4981
f 4102 4895 4100
f 5173 4979 4981
f 5169 5173 5027
f 4960 4859 4956
f 4102 4100 4250
f 4537 4386 4382
f 4248 4386 4250
f 4537 4324 4544
f 4537 4320 4324
f 4231 4229 4345
f 4565 4439 4559
f 4439 4443 4324
f 4231 4565 4559
f 4324 4320 4439
f 4345 4347 4231
f 4386 4537 4544
f 4386 4248 4382
f 4544 4324 4327
f 4390 4386 4544
f 4548 4544 4327
f 4544 4548 4390
f 4250 4390 4252
f 4443 4327 4324
f 4443 4565 4569
f 4439 4565 4443
f 4233 4349 4235
f 4233 4569 4565
f 4443 4569 4445
f 4233 4565 4231
f 4327 4443 4445
f 4250 4386 4390
f 4100 4248 4250
f 4231 4347 4233
f 4102 4250 4252
f 5025 5166 5169
f 4956 4858 4953
f 4345 4343 4447
f 4560 4659 4563
f 4442 4560 4444
f 4560 4563 4444
f 4778 4659 4654
f 4850 4851 4778
f 4851 4850 4210
f 4213 4210 4311
f 4210 4213 4851
f 4778 4851 4780
f 4417 4311 4308
f 4659 4778 4780
f 4654 4659 4560
f 4563 4663 4567
f 4563 4447 4444
f 4786 4663 4780
f 4780 4663 4659
f 4851 4852 4780
f 4852 4851 4213
f 4219 4213 4316
f 4421 4316 4419
f 4780 4852 4786
f 4316 4213 4311
f 4213 4219 4852
f 4659 4663 4563
f 4447 4343 4444
f 4316 4311 4419
f 4633 4526 4523
f 4417 4526 4419
f 4633 4726 4635
f 4523 4526 4417
f 6321 4595 5715
f 6321 6320 4595
f 5714 4726 4595
f 5714 4728 4726
f 4726 4724 4595
f 4595 6320 5714
f 4633 4635 4526
f 4724 4726 4633
f 4635 4726 4728
f 4529 4526 4635
f 4638 4635 4728
f 4728 6317 6316
f 4419 4529 4421
f 5714 6318 4728
f 6319 5714 6320
f 6318 5714 6319
f 6317 4728 6318
f 4638 4529 4635
f 4419 4526 4529
f 4311 4417 4419
f 4563 4567 4447
f 4308 4311 4210
f 4449 4447 4567
f 4345 4447 4449
f 4567 4571 4449
f 4567 4667 4571
f 4852 4853 4786
f 4853 4852 4219
f 4787 4786 4853
f 4787 4667 4786
f 4667 4663 4786
f 4853 4219 4223
f 4449 4452 4347
f 4663 4667 4567
f 4452 4571 4574
f 4449 4571 4452
f 4455 4452 4574
f 4452 4455 4349
f 4349 4347 4452
f 4574 4571 4670
f 4853 4854 4787
f 4854 4853 4223
f 4788 4787 4854
f 4788 4670 4787
f 4670 4667 4787
f 4223 4322 4225
f 4223 4225 4854
f 4667 4670 4571
f 4233 4347 4349
f 4223 4219 4319
f 4421 4531 4424
f 4316 4421 4319
f 4531 5717 5718
f 4638 4531 4529
f 6316 4638 4728
f 4638 6316 6315
f 4638 6314 5717
f 6314 4638 6315
f 4531 4638 5717
f 4421 4424 4319
f 4529 4531 4421
f 5718 5717 6312
f 4424 5718 5719
f 5719 4322 4424
f 5719 5712 4322
f 4319 4424 4322
f 5718 6311 6310
f 6313 5717 6314
f 6312 5717 6313
f 6311 5718 6312
f 5718 6310 5719
f 4531 5718 4424
f 4223 4319 4322
f 4672 4574 4670
f 4316 4319 4219
f 4449 4347 4345
f 4569 4233 4235
f 5163 5021 5155
f 5725 4860 4963
f 6254 4860 5725
f 4963 5035 6257
f 5030 4963 4960
f 4981 5119 5124
f 5176 5173 4981
f 5035 5176 5179
f 5176 5035 5030
f 4963 5030 5035
f 5176 4981 4982
f 5725 4963 6256
f 5030 5173 5176
f 5035 6258 6257
f 6259 6258 5035
f 5179 4982 5726
f 5179 5176 4982
f 5726 5727 6262
f 6261 5179 5726
f 5179 6259 5035
f 5726 4982 5727
f 4963 6257 6256
f 6256 6255 5725
f 4982 4981 5124
f 4898 4104 4901
f 5119 4898 5124
f 4898 4901 5124
f 4252 4104 4102
f 4548 4327 4332
f 4394 4390 4548
f 4552 4548 4332
f 4548 4552 4394
f 4252 4394 4254
f 4445 4332 4327
f 4104 4252 4254
f 4252 4390 4394
f 4901 4107 4904
f 4901 5126 5124
f 4254 4256 4107
f 5126 4901 4904
f 4982 5124 5126
f 4254 4107 4104
f 4394 4400 4254
f 4400 4394 4552
f 4555 4552 4338
f 4555 4400 4552
f 4254 4400 4256
f 4338 4552 4332
f 5728 5727 5126
f 4104 4107 4901
f 5727 4982 5126
f 4332 4446 4338
f 5179 6260 6259
f 4898 4102 4104
f 6262 6261 5726
f 6263 6262 5727
f 4904 5732 6268
f 5126 4904 5728
f 5727 5728 6264
f 5728 4904 6266
f 6264 6263 5727
f 4256 5732 4107
f 4107 5732 4904
f 6266 6265 5728
f 6266 4904 6267
f 6267 4904 6268
f 6270 6269 5732
f 6270 5732 6271
f 6269 6268 5732
f 6265 6264 5728
f 6271 5732 4256
f 6272 4256 6273
f 4256 6272 6271
f 6273 4256 4403
f 4403 4555 5733
f 4400 4555 4403
f 4342 6278 5733
f 4342 5733 4555
f 4403 5733 6275
f 4342 4555 4338
f 4403 6274 6273
f 4256 4400 4403
f 6276 6275 5733
f 6276 5733 6277
f 6277 5733 6278
f 6280 4342 6281
f 6280 6279 4342
f 4342 6279 6278
f 6275 6274 4403
f 4342 4338 4448
f 5179 6261 6260
f 5734 6281 4342
f 4235 4572 4569
f 4445 4572 4446
f 4235 4350 4238
f 4235 4349 4350
f 4672 4670 4788
f 4577 4455 4574
f 4455 4458 4350
f 4672 4577 4574
f 4350 4349 4455
f 4672 4788 4789
f 4572 4235 4238
f 4572 4445 4569
f 4458 4352 4350
f 4577 4580 4458
f 5737 6300 5736
f 4577 4458 4455
f 4672 4675 4577
f 4675 4672 4789
f 5736 4675 4789
f 5736 5738 4675
f 4577 4675 4580
f 5736 4789 5737
f 4352 4238 4350
f 4238 4575 4572
f 4332 4445 4446
f 4789 4788 4083
f 4225 5712 5713
f 4854 4225 4083
f 5712 6307 6306
f 5712 5719 6308
f 6309 5719 6310
f 6308 5719 6309
f 6307 5712 6308
f 4225 5713 4083
f 4322 5712 4225
f 5737 5713 6302
f 5713 5737 4083
f 6302 6301 5737
f 5737 6301 6300
f 6302 5713 6303
f 6305 5712 6306
f 5713 6305 6304
f 6303 5713 6304
f 5712 6305 5713
f 4789 4083 5737
f 4572 4575 4446
f 4854 4083 4788
f 4448 4575 4578
f 4575 4448 4446
f 4448 4578 5734
f 4578 4575 4240
f 4240 4352 5735
f 4238 4352 4240
f 4240 6287 5739
f 6288 4240 5735
f 4578 4240 5739
f 5735 4352 4461
f 6285 4578 5739
f 4238 4240 4575
f 6285 6284 4578
f 6283 4578 6284
f 6283 6282 5734
f 4342 4448 5734
f 6287 4240 6288
f 6286 5739 6287
f 6286 6285 5739
f 5734 4578 6283
f 6282 6281 5734
f 6288 5735 6289
f 4580 5738 6294
f 4458 4580 4461
f 5738 6297 6296
f 6297 5738 5736
f 6299 5736 6300
f 6298 5736 6299
f 6298 6297 5736
f 4580 6293 4461
f 4675 5738 4580
f 4461 6292 6291
f 4461 6291 6290
f 6292 4461 6293
f 5738 6296 6295
f 6294 5738 6295
f 6294 6293 4580
f 5735 4461 6290
f 6289 5735 6290
f 4458 4461 4352
f 4338 4446 4448
f 4860 4960 4963
f 4859 4960 4860
f 6228 5690 6229
f 5480 5476 5228
f 5149 5153 5374
f 6019 5759 5760
f 6019 5760 5890
f 6019 5890 5889
f 6019 5889 5759
f 6020 5760 5761
f 6020 5761 5891
f 6020 5891 5890
f 6020 5890 5760
f 6021 5761 5762
f 6021 5762 5892
f 6021 5892 5891
f 6021 5891 5761
f 6022 5762 5763
f 6022 5763 5893
f 6022 5893 5892
f 6022 5892 5762
f 6023 5763 5764
f 6023 5764 5894
f 6023 5894 5893
f 6023 5893 5763
f 6024 5764 5765
f 6024 5765 5895
f 6024 5895 5894
f 6024 5894 5764
f 6025 5765 5766
f 6025 5766 5896
f 6025 5896 5895
f 6025 5895 5765
f 6026 5766 5767
f 6026 5767 5897
f 6026 5897 5896
f 6026 5896 5766
f 6027 5767 5768
f 6027 5768 5898
f 6027 5898 5897
f 6027 5897 5767
f 6028 5768 5769
f 6028 5769 5899
f 6028 5899 5898
f 6028 5898 5768
f 6029 5769 5770
f 6029 5770 5900
f 6029 5900 5899
f 6029 5899 5769
f 6030 5770 5771
f 6030 5771 5901
f 6030 5901 5900
f 6030 5900 5770
f 6031 5771 5772
f 6031 5772 5902
f 6031 5902 5901
f 6031 5901 5771
f 6032 5772 5773
f 6032 5773 5903
f 6032 5903 5902
f 6032 5902 5772
f 6033 5773 5774
f 6033 5774 5904
f 6033 5904 5903
f 6033 5903 5773
f 6034 5774 5775
f 6034 5775 5905
f 6034 5905 5904
f 6034 5904 5774
f 6035 5775 5776
f 6035 5776 5906
f 6035 5906 5905
f 6035 5905 5775
f 6036 5776 5777
f 6036 5777 5907
f 6036 5907 5906
f 6036 5906 5776
f 6037 5777 5778
f 6037 5778 5908
f 6037 5908 5907
f 6037 5907 5777
f 6038 5778 5779
f 6038 5779 5909
f 6038 5909 5908
f 6038 5908 5778
f 6039 5779 5780
f 6039 5780 5910
f 6039 5910 5909
f 6039 5909 5779
f 6040 5780 5781
f 6040 5781 5911
f 6040 5911 5910
f 6040 5910 5780
f 6041 5781 5782
f 6041 5782 5912
f 6041 5912 5911
f 6041 5911 5781
f 6042 5782 5783
f 6042 5783 5913
f 6042 5913 5912
f 6042 5912 5782
f 6043 5783 5784
f 6043 5784 5914
f 6043 5914 5913
f 6043 5913 5783
f 6044 5784 5785
f 6044 5785 5915
f 6044 5915 5914
f 6044 5914 5784
f 6045 5785 5786
f 6045 5786 5916
f 6045 5916 5915
f 6045 5915 5785
f 6046 5786 5787
f 6046 5787 5917
f 6046 5917 5916
f 6046 5916 5786
f 6047 5787 5788
f 6047 5788 5918
f 6047 5918 5917
f 6047 5917 5787
f 6048 5788 5789
f 6048 5789 5919
f 6048 5919 5918
f 6048 5918 5788
f 6049 5789 5790
f 6049 5790 5920
f 6049 5920 5919
f 6049 5919 5789
f 6050 5790 5791
f 6050 5791 5921
f 6050 5921 5920
f 6050 5920 5790
f 6051 5791 5792
f 6051 5792 5922
f 6051 5922 5921
f 6051 5921 5791
f 6052 5792 5793
f 6052 5793 5923
f 6052 5923 5922
f 6052 5922 5792
f 6053 5793 5794
f 6053 5794 5924
f 6053 5924 5923
f 6053 5923 5793
f 6054 5794 5795
f 6054 5795 5925
f 6054 5925 5924
f 6054 5924 5794
f 6055 5795 5796
f 6055 5796 5926
f 6055 5926 5925
f 6055 5925 5795
f 6056 5796 5797
f 6056 5797 5927
f 6056 5927 5926
f 6056 5926 5796
f 6057 5797 5798
f 6057 5798 5928
f 6057 5928 5927
f 6057 5927 5797
f 6058 5798 5799
f 6058 5799 5929
f 6058 5929 5928
f 6058 5928 5798
f 6059 5799 5800
f 6059 5800 5930
f 6059 5930 5929
f 6059 5929 5799
f 6060 5800 5801
f 6060 5801 5931
f 6060 5931 5930
f 6060 5930 5800
f 6061 5801 5802
f 6061 5802 5932
f 6061 5932 5931
f 6061 5931 5801
f 6062 5802 5803
f 6062 5803 5933
f 6062 5933 5932
f 6062 5932 5802
f 6063 5803 5804
f 6063 5804 5934
f 6063 5934 5933
f 6063 5933 5803
f 6064 5804 5805
f 6064 5805 5935
f 6064 5935 5934
f 6064 5934 5804
f 6065 5805 5806
f 6065 5806 5936
f 6065 5936 5935
f 6065 5935 5805
f 6066 5806 5807
f 6066 5807 5937
f 6066 5937 5936
f 6066 5936 5806
f 6067 5807 5808
f 6067 5808 5938
f 6067 5938 5937
f 6067 5937 5807
f 6068 5808 5809
f 6068 5809 5939
f 6068 5939 5938
f 6068 5938 5808
f 6069 5809 5810
f 6069 5810 5940
f 6069 5940 5939
f 6069 5939 5809
f 6070 5810 5811
f 6070 5811 5941
f 6070 5941 5940
f 6070 5940 5810
f 6071 5811 5812
f 6071 5812 5942
f 6071 5942 5941
f 6071 5941 5811
f 6072 5812 5813
f 6072 5813 5943
f 6072 5943 5942
f 6072 5942 5812
f 6073 5813 5814
f 6073 5814 5944
f 6073 5944 5943
f 6073 5943 5813
f 6074 5814 5815
f 6074 5815 5945
f 6074 5945 5944
f 6074 5944 5814
f 6075 5815 5816
f 6075 5816 5946
f 6075 5946 5945
f 6075 5945 5815
f 6076 5816 5817
f 6076 5817 5947
f 6076 5947 5946
f 6076 5946 5816
f 6077 5817 5818
f 6077 5818 5948
f 6077 5948 5947
f 6077 5947 5817
f 6078 5818 5819
f 6078 5819 5949
f 6078 5949 5948
f 6078 5948 5818
f 6079 5819 5820
f 6079 5820 5950
f 6079 5950 5949
f 6079 5949 5819
f 6080 5820 5821
f 6080 5821 5951
f 6080 5951 5950
f 6080 5950 5820
f 6081 5821 5822
f 6081 5822 5952
f 6081 5952 5951
f 6081 5951 5821
f 6082 5822 5823
f 6082 5823 5953
f 6082 5953 5952
f 6082 5952 5822
f 6083 5823 5824
f 6083 5824 5954
f 6083 5954 5953
f 6083 5953 5823
f 6084 5824 5825
f 6084 5825 5955
f 6084 5955 5954
f 6084 5954 5824
f 6085 5825 5826
f 6085 5826 5956
f 6085 5956 5955
f 6085 5955 5825
f 6086 5826 5827
f 6086 5827 5957
f 6086 5957 5956
f 6086 5956 5826
f 6087 5827 5828
f 6087 5828 5958
f 6087 5958 5957
f 6087 5957 5827
f 6088 5828 5829
f 6088 5829 5959
f 6088 5959 5958
f 6088 5958 5828
f 6089 5829 5830
f 6089 5830 5960
f 6089 5960 5959
f 6089 5959 5829
f 6090 5830 5831
f 6090 5831 5961
f 6090 5961 5960
f 6090 5960 5830
f 6091 5831 5832
f 6091 5832 5962
f 6091 5962 5961
f 6091 5961 5831
f 6092 5832 5833
f 6092 5833 5963
f 6092 5963 5962
f 6092 5962 5832
f 6093 5833 5834
f 6093 5834 5964
f 6093 5964 5963
f 6093 5963 5833
f 6094 5834 5835
f 6094 5835 5965
f 6094 5965 5964
f 6094 5964 5834
f 6095 5835 5836
f 6095 5836 5966
f 6095 5966 5965
f 6095 5965 5835
f 6096 5836 5837
f 6096 5837 5967
f 6096 5967 5966
f 6096 5966 5836
f 6097 5837 5838
f 6097 5838 5968
f 6097 5968 5967
f 6097 5967 5837
f 6098 5838 5839
f 6098 5839 5969
f 6098 5969 5968
f 6098 5968 5838
f 6099 5839 5840
f 6099 5840 5970
f 6099 5970 5969
f 6099 5969 5839
f 6100 5840 5841
f 6100 5841 5971
f 6100 5971 5970
f 6100 5970 5840
f 6101 5841 5842
f 6101 5842 5972
f 6101 5972 5971
f 6101 5971 5841
f 6102 5842 5843
f 6102 5843 5973
f 6102 5973 5972
f 6102 5972 5842
f 6103 5843 5844
f 6103 5844 5974
f 6103 5974 5973
f 6103 5973 5843
f 6104 5844 5845
f 6104 5845 5975
f 6104 5975 5974
f 6104 5974 5844
f 6105 5845 5846
f 6105 5846 5976
f 6105 5976 5975
f 6105 5975 5845
f 6106 5846 5847
f 6106 5847 5977
f 6106 5977 5976
f 6106 5976 5846
f 6107 5847 5848
f 6107 5848 5978
f 6107 5978 5977
f 6107 5977 5847
f 6108 5848 5849
f 6108 5849 5979
f 6108 5979 5978
f 6108 5978 5848
f 6109 5849 5850
f 6109 5850 5980
f 6109 5980 5979
f 6109 5979 5849
f 6110 5850 5851
f 6110 5851 5981
f 6110 5981 5980
f 6110 5980 5850
f 6111 5851 5852
f 6111 5852 5982
f 6111 5982 5981
f 6111 5981 5851
f 6112 5852 5853
f 6112 5853 5983
f 6112 5983 5982
f 6112 5982 5852
f 6113 5853 5854
f 6113 5854 5984
f 6113 5984 5983
f 6113 5983 5853
f 6114 5854 5855
f 6114 5855 5985
f 6114 5985 5984
f 6114 5984 5854
f 6115 5855 5856
f 6115 5856 5986
f 6115 5986 5985
f 6115 5985 5855
f 6116 5856 5857
f 6116 5857 5987
f 6116 5987 5986
f 6116 5986 5856
f 6117 5857 5858
f 6117 5858 5988
f 6117 5988 5987
f 6117 5987 5857
f 6118 5858 5859
f 6118 5859 5989
f 6118 5989 5988
f 6118 5988 5858
f 6119 5859 5860
f 6119 5860 5990
f 6119 5990 5989
f 6119 5989 5859
f 6120 5860 5861
f 6120 5861 5991
f 6120 5991 5990
f 6120 5990 5860
f 6121 5861 5862
f 6121 5862 5992
f 6121 5992 5991
f 6121 5991 5861
f 6122 5862 5863
f 6122 5863 5993
f 6122 5993 5992
f 6122 5992 5862
f 6123 5863 5864
f 6123 5864 5994
f 6123 5994 5993
f 6123 5993 5863
f 6124 5864 5865
f 6124 5865 5995
f 6124 5995 5994
f 6124 5994 5864
f 6125 5865 5866
f 6125 5866 5996
f 6125 5996 5995
f 6125 5995 5865
f 6126 5866 5867
f 6126 5867 5997
f 6126 5997 5996
f 6126 5996 5866
f 6127 5867 5868
f 6127 5868 5998
f 6127 5998 5997
f 6127 5997 5867
f 6128 5868 5869
f 6128 5869 5999
f 6128 5999 5998
f 6128 5998 5868
f 6129 5869 5870
f 6129 5870 6000
f 6129 6000 5999
f 6129 5999 5869
f 6130 5870 5871
f 6130 5871 6001
f 6130 6001 6000
f 6130 6000 5870
f 6131 5871 5872
f 6131 5872 6002
f 6131 6002 6001
f 6131 6001 5871
f 6132 5872 5873
f 6132 5873 6003
f 6132 6003 6002
f 6132 6002 5872
f 6133 5873 5874
f 6133 5874 6004
f 6133 6004 6003
f 6133 6003 5873
f 6134 5874 5875
f 6134 5875 6005
f 6134 6005 6004
f 6134 6004 5874
f 6135 5875 5876
f 6135 5876 6006
f 6135 6006 6005
f 6135 6005 5875
f 6136 5876 5877
f 6136 5877 6007
f 6136 6007 6006
f 6136 6006 5876
f 6137 5877 5878
f 6137 5878 6008
f 6137 6008 6007
f 6137 6007 5877
f 6138 5878 5879
f 6138 5879 6009
f 6138 6009 6008
f 6138 6008 5878
f 6139 5879 5880
f 6139 5880 6010
f 6139 6010 6009
f 6139 6009 5879
f 6140 5880 5881
f 6140 5881 6011
f 6140 6011 6010
f 6140 6010 5880
f 6141 5881 5882
f 6141 5882 6012
f 6141 6012 6011
f 6141 6011 5881
f 6142 5882 5883
f 6142 5883 6013
f 6142 6013 6012
f 6142 6012 5882
f 6143 5883 5884
f 6143 5884 6014
f 6143 6014 6013
f 6143 6013 5883
f 6144 5884 5885
f 6144 5885 6015
f 6144 6015 6014
f 6144 6014 5884
f 6145 5885 5886
f 6145 5886 6016
f 6145 6016 6015
f 6145 6015 5885
f 6146 5886 5887
f 6146 5887 6017
f 6146 6017 6016
f 6146 6016 5886
f 6147 5887 5888
f 6147 5888 6018
f 6147 6018 6017
f 6147 6017 5887
f 6148 5888 5759
f 6148 5759 5889
f 6148 5889 6018
f 6148 6018 5888
f 7631 6149 6150
f 7631 6150 6891
f 7631 6891 6890
f 7631 6890 6149
f 7632 6150 6151
f 7632 6151 6892
f 7632 6892 6891
f 7632 6891 6150
f 7633 6151 6152
f 7633 6152 6893
f 7633 6893 6892
f 7633 6892 6151
f 7634 6152 6153
f 7634 6153 6894
f 7634 6894 6893
f 7634 6893 6152
f 7635 6153 6154
f 7635 6154 6895
f 7635 6895 6894
f 7635 6894 6153
f 7636 6154 6155
f 7636 6155 6896
f 7636 6896 6895
f 7636 6895 6154
f 7637 6155 6156
f 7637 6156 6897
f 7637 6897 6896
f 7637 6896 6155
f 7638 6156 6157
f 7638 6157 6898
f 7638 6898 6897
f 7638 6897 6156
f 7639 6157 6158
f 7639 6158 6899
f 7639 6899 6898
f 7639 6898 6157
f 7640 6158 6159
f 7640 6159 6900
f 7640 6900 6899
f 7640 6899 6158
f 7641 6159 6160
f 7641 6160 6901
f 7641 6901 6900
f 7641 6900 6159
f 7642 6160 6161
f 7642 6161 6902
f 7642 6902 6901
f 7642 6901 6160
f 7643 6161 6162
f 7643 6162 6903
f 7643 6903 6902
f 7643 6902 6161
f 7644 6162 6163
f 7644 6163 6904
f 7644 6904 6903
f 7644 6903 6162
f 7645 6163 6164
f 7645 6164 6905
f 7645 6905 6904
f 7645 6904 6163
f 7646 6164 6165
f 7646 6165 6906
f 7646 6906 6905
f 7646 6905 6164
f 7647 6165 6166
f 7647 6166 6907
f 7647 6907 6906
f 7647 6906 6165
f 7648 6166 6167
f 7648 6167 6908
f 7648 6908 6907
f 7648 6907 6166
f 7649 6167 6168
f 7649 6168 6909
f 7649 6909 6908
f 7649 6908 6167
f 7650 6168 6169
f 7650 6169 6910
f 7650 6910 6909
f 7650 6909 6168
f 7651 6169 6170
f 7651 6170 6911
f 7651 6911 6910
f 7651 6910 6169
f 7652 6170 6171
f 7652 6171 6912
f 7652 6912 6911
f 7652 6911 6170
f 7653 6171 6172
f 7653 6172 6913
f 7653 6913 6912
f 7653 6912 6171
f 7654 6172 6173
f 7654 6173 6914
f 7654 6914 6913
f 7654 6913 6172
f 7655 6173 6174
f 7655 6174 6915
f 7655 6915 6914
f 7655 6914 6173
f 7656 6174 6175
f 7656 6175 6916
f 7656 6916 6915
f 7656 6915 6174
f 7657 6175 6176
f 7657 6176 6917
f 7657 6917 6916
f 7657 6916 6175
f 7658 6176 6177
f 7658 6177 6918
f 7658 6918 6917
f 7658 6917 6176
f 7659 6177 6178
f 7659 6178 6919
f 7659 6919 6918
f 7659 6918 6177
f 7660 6178 6179
f 7660 6179 6920
f 7660 6920 6919
f 7660 6919 6178
f 7661 6179 6180
f 7661 6180 6921
f 7661 6921 6920
f 7661 6920 6179
f 7662 6180 6181
f 7662 6181 6922
f 7662 6922 6921
f 7662 6921 6180
f 7663 6181 6182
f 7663 6182 6923
f 7663 6923 6922
f 7663 6922 6181
f 7664 6182 6183
f 7664 6183 6924
f 7664 6924 6923
f 7664 6923 6182
f 7665 6183 6184
f 7665 6184 6925
f 7665 6925 6924
f 7665 6924 6183
f 7666 6184 6185
f 7666 6185 6926
f 7666 6926 6925
f 7666 6925 6184
f 7667 6185 6186
f 7667 6186 6927
f 7667 6927 6926
f 7667 6926 6185
f 7668 6186 6187
f 7668 6187 6928
f 7668 6928 6927
f 7668 6927 6186
f 7669 6187 6188
f 7669 6188 6929
f 7669 6929 6928
f 7669 6928 6187
f 7670 6188 6189
f 7670 6189 6930
f 7670 6930 6929
f 7670 6929 6188
f 7671 6189 6190
f 7671 6190 6931
f 7671 6931 6930
f 7671 6930 6189
f 7672 6190 6191
f 7672 6191 6932
f 7672 6932 6931
f 7672 6931 6190
f 7673 6191 6192
f 7673 6192 6933
f 7673 6933 6932
f 7673 6932 6191
f 7674 6192 6193
f 7674 6193 6934
f 7674 6934 6933
f 7674 6933 6192
f 7675 6193 6194
f 7675 6194 6935
f 7675 6935 6934
f 7675 6934 6193
f 7676 6194 6195
f 7676 6195 6936
f 7676 6936 6935
f 7676 6935 6194
f 7677 6195 6196
f 7677 6196 6937
f 7677 6937 6936
f 7677 6936 6195
f 7678 6196 6197
f 7678 6197 6938
f 7678 6938 6937
f 7678 6937 6196
f 7679 6197 6198
f 7679 6198 6939
f 7679 6939 6938
f 7679 6938 6197
f 7680 6198 6199
f 7680 6199 6940
f 7680 6940 6939
f 7680 6939 6198
f 7681 6199 6200
f 7681 6200 6941
f 7681 6941 6940
f 7681 6940 6199
f 7682 6200 6201
f 7682 6201 6942
f 7682 6942 6941
f 7682 6941 6200
f 7683 6201 6202
f 7683 6202 6943
f 7683 6943 6942
f 7683 6942 6201
f 7684 6202 6203
f 7684 6203 6944
f 7684 6944 6943
f 7684 6943 6202
f 7685 6203 6204
f 7685 6204 6945
f 7685 6945 6944
f 7685 6944 6203
f 7686 6204 6205
f 7686 6205 6946
f 7686 6946 6945
f 7686 6945 6204
f 7687 6205 6206
f 7687 6206 6947
f 7687 6947 6946
f 7687 6946 6205
f 7688 6206 6207
f 7688 6207 6948
f 7688 6948 6947
f 7688 6947 6206
f 7689 6207 6208
f 7689 6208 6949
f 7689 6949 6948
f 7689 6948 6207
f 7690 6208 6209
f 7690 6209 6950
f 7690 6950 6949
f 7690 6949 6208
f 7691 6209 6210
f 7691 6210 6951
f 7691 6951 6950
f 7691 6950 6209
f 7692 6210 6211
f 7692 6211 6952
f 7692 6952 6951
f 7692 6951 6210
f 7693 6211 6212
f 7693 6212 6953
f 7693 6953 6952
f 7693 6952 6211
f 7694 6212 6213
f 7694 6213 6954
f 7694 6954 6953
f 7694 6953 6212
f 7695 6213 6214
f 7695 6214 6955
f 7695 6955 6954
f 7695 6954 6213
f 7696 6214 6215
f 7696 6215 6956
f 7696 6956 6955
f 7696 6955 6214
f 7697 6215 6216
f 7697 6216 6957
f 7697 6957 6956
f 7697 6956 6215
f 7698 6216 6217
f 7698 6217 6958
f 7698 6958 6957
f 7698 6957 6216
f 7699 6217 6218
f 7699 6218 6959
f 7699 6959 6958
f 7699 6958 6217
f 7700 6218 6219
f 7700 6219 6960
f 7700 6960 6959
f 7700 6959 6218
f 7701 6219 6220
f 7701 6220 6961
f 7701 6961 6960
f 7701 6960 6219
f 7702 6220 6221
f 7702 6221 6962
f 7702 6962 6961
f 7702 6961 6220
f 7703 6221 6222
f 7703 6222 6963
f 7703 6963 6962
f 7703 6962 6221
f 7704 6222 6223
f 7704 6223 6964
f 7704 6964 6963
f 7704 6963 6222
f 7705 6223 6224
f 7705 6224 6965
f 7705 6965 6964
f 7705 6964 6223
f 7706 6224 6225
f 7706 6225 6966
f 7706 6966 6965
f 7706 6965 6224
f 7707 6225 6226
f 7707 6226 6967
f 7707 6967 6966
f 7707 6966 6225
f 7708 6226 6227
f 7708 6227 6968
f 7708 6968 6967
f 7708 6967 6226
f 7709 6227 6228
f 7709 6228 6969
f 7709 6969 6968
f 7709 6968 6227
f 7710 6228 6229
f 7710 6229 6970
f 7710 6970 6969
f 7710 6969 6228
f 7711 6229 6230
f 7711 6230 6971
f 7711 6971 6970
f 7711 6970 6229
f 7712 6230 6231
f 7712 6231 6972
f 7712 6972 6971
f 7712 6971 6230
f 7713 6231 6232
f 7713 6232 6973
f 7713 6973 6972
f 7713 6972 6231
f 7714 6232 6233
f 7714 6233 6974
f 7714 6974 6973
f 7714 6973 6232
f 7715 6233 6234
f 7715 6234 6975
f 7715 6975 6974
f 7715 6974 6233
f 7716 6234 6235
f 7716 6235 6976
f 7716 6976 6975
f 7716 6975 6234
f 7717 6235 6236
f 7717 6236 6977
f 7717 6977 6976
f 7717 6976 6235
f 7718 6236 6237
f 7718 6237 6978
f 7718 6978 6977
f 7718 6977 6236
f 7719 6237 6238
f 7719 6238 6979
f 7719 6979 6978
f 7719 6978 6237
f 7720 6238 6239
f 7720 6239 6980
f 7720 6980 6979
f 7720 6979 6238
f 7721 6239 6240
f 7721 6240 6981
f 7721 6981 6980
f 7721 6980 6239
f 7722 6240 6241
f 7722 6241 6982
f 7722 6982 6981
f 7722 6981 6240
f 7723 6241 6242
f 7723 6242 6983
f 7723 6983 6982
f 7723 6982 6241
f 7724 6242 6243
f 7724 6243 6984
f 7724 6984 6983
f 7724 6983 6242
f 7725 6243 6244
f 7725 6244 6985
f 7725 6985 6984
f 7725 6984 6243
f 7726 6244 6245
f 7726 6245 6986
f 7726 6986 6985
f 7726 6985 6244
f 7727 6245 6246
f 7727 6246 6987
f 7727 6987 6986
f 7727 6986 6245
f 7728 6246 6247
f 7728 6247 6988
f 7728 6988 6987
f 7728 6987 6246
f 7729 6247 6248
f 7729 6248 6989
f 7729 6989 6988
f 7729 6988 6247
f 7730 6248 6249
f 7730 6249 6990
f 7730 6990 6989
f 7730 6989 6248
f 7731 6249 6250
f 7731 6250 6991
f 7731 6991 6990
f 7731 6990 6249
f 7732 6250 6251
f 7732 6251 6992
f 7732 6992 6991
f 7732 6991 6250
f 7733 6251 6252
f 7733 6252 6993
f 7733 6993 6992
f 7733 6992 6251
f 7734 6252 6253
f 7734 6253 6994
f 7734 6994 6993
f 7734 6993 6252
f 7735 6253 6254
f 7735 6254 6995
f 7735 6995 6994
f 7735 6994 6253
f 7736 6254 6255
f 7736 6255 6996
f 7736 6996 6995
f 7736 6995 6254
f 7737 6255 6256
f 7737 6256 6997
f 7737 6997 6996
f 7737 6996 6255
f 7738 6256 6257
f 7738 6257 6998
f 7738 6998 6997
f 7738 6997 6256
f 7739 6257 6258
f 7739 6258 6999
f 7739 6999 6998
f 7739 6998 6257
f 7740 6258 6259
f 7740 6259 7000
f 7740 7000 6999
f 7740 6999 6258
f 7741 6259 6260
f 7741 6260 7001
f 7741 7001 7000
f 7741 7000 6259
f 7742 6260 6261
f 7742 6261 7002
f 7742 7002 7001
f 7742 7001 6260
f 7743 6261 6262
f 7743 6262 7003
f 7743 7003 7002
f 7743 7002 6261
f 7744 6262 6263
f 7744 6263 7004
f 7744 7004 7003
f 7744 7003 6262
f 7745 6263 6264
f 7745 6264 7005
f 7745 7005 7004
f 7745 7004 6263
f 7746 6264 6265
f 7746 6265 7006
f 7746 7006 7005
f 7746 7005 6264
f 7747 6265 6266
f 7747 6266 7007
f 7747 7007 7006
f 7747 7006 6265
f 7748 6266 6267
f 7748 6267 7008
f 7748 7008 7007
f 7748 7007 6266
f 7749 6267 6268
f 7749 6268 7009
f 7749 7009 7008
f 7749 7008 6267
f 7750 6268 6269
f 7750 6269 7010
f 7750 7010 7009
f 7750 7009 6268
f 7751 6269 6270
f 7751 6270 7011
f 7751 7011 7010
f 7751 7010 6269
f 7752 6270 6271
f 7752 6271 7012
f 7752 7012 7011
f 7752 7011 6270
f 7753 6271 6272
f 7753 6272 7013
f 7753 7013 7012
f 7753 7012 6271
f 7754 6272 6273
f 7754 6273 7014
f 7754 7014 7013
f 7754 7013 6272
f 7755 6273 6274
f 7755 6274 7015
f 7755 7015 7014
f 7755 7014 6273
f 7756 6274 6275
f 7756 6275 7016
f 7756 7016 7015
f 7756 7015 6274
f 7757 6275 6276
f 7757 6276 7017
f 7757 7017 7016
f 7757 7016 6275
f 7758 6276 6277
f 7758 6277 7018
f 7758 7018 7017
f 7758 7017 6276
f 7759 6277 6278
f 7759 6278 7019
f 7759 7019 7018
f 7759 7018 6277
f 7760 6278 6279
f 7760 6279 7020
f 7760 7020 7019
f 7760 7019 6278
f 7761 6279 6280
f 7761 6280 7021
f 7761 7021 7020
f 7761 7020 6279
f 7762 6280 6281
f 7762 6281 7022
f 7762 7022 7021
f 7762 7021 6280
f 7763 6281 6282
f 7763 6282 7023
f 7763 7023 7022
f 7763 7022 6281
f 7764 6282 6283
f 7764 6283 7024
f 7764 7024 7023
f 7764 7023 6282
f 7765 6283 6284
f 7765 6284 7025
f 7765 7025 7024
f 7765 7024 6283
f 7766 6284 6285
f 7766 6285 7026
f 7766 7026 7025
f 7766 7025 6284
f 7767 6285 6286
f 7767 6286 7027
f 7767 7027 7026
f 7767 7026 6285
f 7768 6286 6287
f 7768 6287 7028
f 7768 7028 7027
f 7768 7027 6286
f 7769 6287 6288
f 7769 6288 7029
f 7769 7029 7028
f 7769 7028 6287
f 7770 6288 6289
f 7770 6289 7030
f 7770 7030 7029
f 7770 7029 6288
f 7771 6289 6290
f 7771 6290 7031
f 7771 7031 7030
f 7771 7030 6289
f 7772 6290 6291
f 7772 6291 7032
f 7772 7032 7031
f 7772 7031 6290
f 7773 6291 6292
f 7773 6292 7033
f 7773 7033 7032
f 7773 7032 6291
f 7774 6292 6293
f 7774 6293 7034
f 7774 7034 7033
f 7774 7033 6292
f 7775 6293 6294
f 7775 6294 7035
f 7775 7035 7034
f 7775 7034 6293
f 7776 6294 6295
f 7776 6295 7036
f 7776 7036 7035
f 7776 7035 6294
f 7777 6295 6296
f 7777 6296 7037
f 7777 7037 7036
f 7777 7036 6295
f 7778 6296 6297
f 7778 6297 7038
f 7778 7038 7037
f 7778 7037 6296
f 7779 6297 6298
f 7779 6298 7039
f 7779 7039 7038
f 7779 7038 6297
f 7780 6298 6299
f 7780 6299 7040
f 7780 7040 7039
f 7780 7039 6298
f 7781 6299 6300
f 7781 6300 7041
f 7781 7041 7040
f 7781 7040 6299
f 7782 6300 6301
f 7782 6301 7042
f 7782 7042 7041
f 7782 7041 6300
f 7783 6301 6302
f 7783 6302 7043
f 7783 7043 7042
f 7783 7042 6301
f 7784 6302 6303
f 7784 6303 7044
f 7784 7044 7043
f 7784 7043 6302
f 7785 6303 6304
f 7785 6304 7045
f 7785 7045 7044
f 7785 7044 6303
f 7786 6304 6305
f 7786 6305 7046
f 7786 7046 7045
f 7786 7045 6304
f 7787 6305 6306
f 7787 6306 7047
f 7787 7047 7046
f 7787 7046 6305
f 7788 6306 6307
f 7788 6307 7048
f 7788 7048 7047
f 7788 7047 6306
f 7789 6307 6308
f 7789 6308 7049
f 7789 7049 7048
f 7789 7048 6307
f 7790 6308 6309
f 7790 6309 7050
f 7790 7050 7049
f 7790 7049 6308
f 7791 6309 6310
f 7791 6310 7051
f 7791 7051 7050
f 7791 7050 6309
f 7792 6310 6311
f 7792 6311 7052
f 7792 7052 7051
f 7792 7051 6310
f 7793 6311 6312
f 7793 6312 7053
f 7793 7053 7052
f 7793 7052 6311
f 7794 6312 6313
f 7794 6313 7054
f 7794 7054 7053
f 7794 7053 6312
f 7795 6313 6314
f 7795 6314 7055
f 7795 7055 7054
f 7795 7054 6313
f 7796 6314 6315
f 7796 6315 7056
f 7796 7056 7055
f 7796 7055 6314
f 7797 6315 6316
f 7797 6316 7057
f 7797 7057 7056
f 7797 7056 6315
f 7798 6316 6317
f 7798 6317 7058
f 7798 7058 7057
f 7798 7057 6316
f 7799 6317 6318
f 7799 6318 7059
f 7799 7059 7058
f 7799 7058 6317
f 7800 6318 6319
f 7800 6319 7060
f 7800 7060 7059
f 7800 7059 6318
f 7801 6319 6320
f 7801 6320 7061
f 7801 7061 7060
f 7801 7060 6319
f 7802 6320 6321
f 7802 6321 7062
f 7802 7062 7061
f 7802 7061 6320
f 7803 6321 6322
f 7803 6322 7063
f 7803 7063 7062
f 7803 7062 6321
f 7804 6322 6323
f 7804 6323 7064
f 7804 7064 7063
f 7804 7063 6322
f 7805 6323 6324
f 7805 6324 7065
f 7805 7065 7064
f 7805 7064 6323
f 7806 6324 6325
f 7806 6325 7066
f 7806 7066 7065
f 7806 7065 6324
f 7807 6325 6326
f 7807 6326 7067
f 7807 7067 7066
f 7807 7066 6325
f 7808 6326 6327
f 7808 6327 7068
f 7808 7068 7067
f 7808 7067 6326
f 7809 6327 6328
f 7809 6328 7069
f 7809 7069 7068
f 7809 7068 6327
f 7810 6328 6329
f 7810 6329 7070
f 7810 7070 7069
f 7810 7069 6328
f 7811 6329 6330
f 7811 6330 7071
f 7811 7071 7070
f 7811 7070 6329
f 7812 6330 6331
f 7812 6331 7072
f 7812 7072 7071
f 7812 7071 6330
f 7813 6331 6332
f 7813 6332 7073
f 7813 7073 7072
f 7813 7072 6331
f 7814 6332 6333
f 7814 6333 7074
f 7814 7074 7073
f 7814 7073 6332
f 7815 6333 6334
f 7815 6334 7075
f 7815 7075 7074
f 7815 7074 6333
f 7816 6334 6335
f 7816 6335 7076
f 7816 7076 7075
f 7816 7075 6334
f 7817 6335 6336
f 7817 6336 7077
f 7817 7077 7076
f 7817 7076 6335
f 7818 6336 6337
f 7818 6337 7078
f 7818 7078 7077
f 7818 7077 6336
f 7819 6337 6338
f 7819 6338 7079
f 7819 7079 7078
f 7819 7078 6337
f 7820 6338 6339
f 7820 6339 7080
f 7820 7080 7079
f 7820 7079 6338
f 7821 6339 6340
f 7821 6340 7081
f 7821 7081 7080
f 7821 7080 6339
f 7822 6340 6341
f 7822 6341 7082
f 7822 7082 7081
f 7822 7081 6340
f 7823 6341 6342
f 7823 6342 7083
f 7823 7083 7082
f 7823 7082 6341
f 7824 6342 6343
f 7824 6343 7084
f 7824 7084 7083
f 7824 7083 6342
f 7825 6343 6344
f 7825 6344 7085
f 7825 7085 7084
f 7825 7084 6343
f 7826 6344 6345
f 7826 6345 7086
f 7826 7086 7085
f 7826 7085 6344
f 7827 6345 6346
f 7827 6346 7087
f 7827 7087 7086
f 7827 7086 6345
f 7828 6346 6347
f 7828 6347 7088
f 7828 7088 7087
f 7828 7087 6346
f 7829 6347 6348
f 7829 6348 7089
f 7829 7089 7088
f 7829 7088 6347
f 7830 6348 6349
f 7830 6349 7090
f 7830 7090 7089
f 7830 7089 6348
f 7831 6349 6350
f 7831 6350 7091
f 7831 7091 7090
f 7831 7090 6349
f 7832 6350 6351
f 7832 6351 7092
f 7832 7092 7091
f 7832 7091 6350
f 7833 6351 6352
f 7833 6352 7093
f 7833 7093 7092
f 7833 7092 6351
f 7834 6352 6353
f 7834 6353 7094
f 7834 7094 7093
f 7834 7093 6352
f 7835 6353 6354
f 7835 6354 7095
f 7835 7095 7094
f 7835 7094 6353
f 7836 6354 6355
f 7836 6355 7096
f 7836 7096 7095
f 7836 7095 6354
f 7837 6355 6356
f 7837 6356 7097
f 7837 7097 7096
f 7837 7096 6355
f 7838 6356 6357
f 7838 6357 7098
f 7838 7098 7097
f 7838 7097 6356
f 7839 6357 6358
f 7839 6358 7099
f 7839 7099 7098
f 7839 7098 6357
f 7840 6358 6359
f 7840 6359 7100
f 7840 7100 7099
f 7840 7099 6358
f 7841 6359 6360
f 7841 6360 7101
f 7841 7101 7100
f 7841 7100 6359
f 7842 6360 6361
f 7842 6361 7102
f 7842 7102 7101
f 7842 7101 6360
f 7843 6361 6362
f 7843 6362 7103
f 7843 7103 7102
f 7843 7102 6361
f 7844 6362 6363
f 7844 6363 7104
f 7844 7104 7103
f 7844 7103 6362
f 7845 6363 6364
f 7845 6364 7105
f 7845 7105 7104
f 7845 7104 6363
f 7846 6364 6365
f 7846 6365 7106
f 7846 7106 7105
f 7846 7105 6364
f 7847 6365 6366
f 7847 6366 7107
f 7847 7107 7106
f 7847 7106 6365
f 7848 6366 6367
f 7848 6367 7108
f 7848 7108 7107
f 7848 7107 6366
f 7849 6367 6368
f 7849 6368 7109
f 7849 7109 7108
f 7849 7108 6367
f 7850 6368 6369
f 7850 6369 7110
f 7850 7110 7109
f 7850 7109 6368
f 7851 6369 6370
f 7851 6370 7111
f 7851 7111 7110
f 7851 7110 6369
f 7852 6370 6371
f 7852 6371 7112
f 7852 7112 7111
f 7852 7111 6370
f 7853 6371 6372
f 7853 6372 7113
f 7853 7113 7112
f 7853 7112 6371
f 7854 6372 6373
f 7854 6373 7114
f 7854 7114 7113
f 7854 7113 6372
f 7855 6373 6374
f 7855 6374 7115
f 7855 7115 7114
f 7855 7114 6373
f 7856 6374 6375
f 7856 6375 7116
f 7856 7116 7115
f 7856 7115 6374
f 7857 6375 6376
f 7857 6376 7117
f 7857 7117 7116
f 7857 7116 6375
f 7858 6376 6377
f 7858 6377 7118
f 7858 7118 7117
f 7858 7117 6376
f 7859 6377 6378
f 7859 6378 7119
f 7859 7119 7118
f 7859 7118 6377
f 7860 6378 6379
f 7860 6379 7120
f 7860 7120 7119
f 7860 7119 6378
f 7861 6379 6380
f 7861 6380 7121
f 7861 7121 7120
f 7861 7120 6379
f 7862 6380 6381
f 7862 6381 7122
f 7862 7122 7121
f 7862 7121 6380
f 7863 6381 6382
f 7863 6382 7123
f 7863 7123 7122
f 7863 7122 6381
f 7864 6382 6383
f 7864 6383 7124
f 7864 7124 7123
f 7864 7123 6382
f 7865 6383 6384
f 7865 6384 7125
f 7865 7125 7124
f 7865 7124 6383
f 7866 6384 6385
f 7866 6385 7126
f 7866 7126 7125
f 7866 7125 6384
f 7867 6385 6386
f 7867 6386 7127
f 7867 7127 7126
f 7867 7126 6385
f 7868 6386 6387
f 7868 6387 7128
f 7868 7128 7127
f 7868 7127 6386
f 7869 6387 6388
f 7869 6388 7129
f 7869 7129 7128
f 7869 7128 6387
f 7870 6388 6389
f 7870 6389 7130
f 7870 7130 7129
f 7870 7129 6388
f 7871 6389 6390
f 7871 6390 7131
f 7871 7131 7130
f 7871 7130 6389
f 7872 6390 6391
f 7872 6391 7132
f 7872 7132 7131
f 7872 7131 6390
f 7873 6391 6392
f 7873 6392 7133
f 7873 7133 7132
f 7873 7132 6391
f 7874 6392 6393
f 7874 6393 7134
f 7874 7134 7133
f 7874 7133 6392
f 7875 6393 6394
f 7875 6394 7135
f 7875 7135 7134
f 7875 7134 6393
f 7876 6394 6395
f 7876 6395 7136
f 7876 7136 7135
f 7876 7135 6394
f 7877 6395 6396
f 7877 6396 7137
f 7877 7137 7136
f 7877 7136 6395
f 7878 6396 6397
f 7878 6397 7138
f 7878 7138 7137
f 7878 7137 6396
f 7879 6397 6398
f 7879 6398 7139
f 7879 7139 7138
f 7879 7138 6397
f 7880 6398 6399
f 7880 6399 7140
f 7880 7140 7139
f 7880 7139 6398
f 7881 6399 6400
f 7881 6400 7141
f 7881 7141 7140
f 7881 7140 6399
f 7882 6400 6401
f 7882 6401 7142
f 7882 7142 7141
f 7882 7141 6400
f 7883 6401 6402
f 7883 6402 7143
f 7883 7143 7142
f 7883 7142 6401
f 7884 6402 6403
f 7884 6403 7144
f 7884 7144 7143
f 7884 7143 6402
f 7885 6403 6404
f 7885 6404 7145
f 7885 7145 7144
f 7885 7144 6403
f 7886 6404 6405
f 7886 6405 7146
f 7886 7146 7145
f 7886 7145 6404
f 7887 6405 6406
f 7887 6406 7147
f 7887 7147 7146
f 7887 7146 6405
f 7888 6406 6407
f 7888 6407 7148
f 7888 7148 7147
f 7888 7147 6406
f 7889 6407 6408
f 7889 6408 7149
f 7889 7149 7148
f 7889 7148 6407
f 7890 6408 6409
f 7890 6409 7150
f 7890 7150 7149
f 7890 7149 6408
f 7891 6409 6410
f 7891 6410 7151
f 7891 7151 7150
f 7891 7150 6409
f 7892 6410 6411
f 7892 6411 7152
f 7892 7152 7151
f 7892 7151 6410
f 7893 6411 6412
f 7893 6412 7153
f 7893 7153 7152
f 7893 7152 6411
f 7894 6412 6413
f 7894 6413 7154
f 7894 7154 7153
f 7894 7153 6412
f 7895 6413 6414
f 7895 6414 7155
f 7895 7155 7154
f 7895 7154 6413
f 7896 6414 6415
f 7896 6415 7156
f 7896 7156 7155
f 7896 7155 6414
f 7897 6415 6416
f 7897 6416 7157
f 7897 7157 7156
f 7897 7156 6415
f 7898 6416 6417
f 7898 6417 7158
f 7898 7158 7157
f 7898 7157 6416
f 7899 6417 6418
f 7899 6418 7159
f 7899 7159 7158
f 7899 7158 6417
f 7900 6418 6419
f 7900 6419 7160
f 7900 7160 7159
f 7900 7159 6418
f 7901 6419 6420
f 7901 6420 7161
f 7901 7161 7160
f 7901 7160 6419
f 7902 6420 6421
f 7902 6421 7162
f 7902 7162 7161
f 7902 7161 6420
f 7903 6421 6422
f 7903 6422 7163
f 7903 7163 7162
f 7903 7162 6421
f 7904 6422 6423
f 7904 6423 7164
f 7904 7164 7163
f 7904 7163 6422
f 7905 6423 6424
f 7905 6424 7165
f 7905 7165 7164
f 7905 7164 6423
f 7906 6424 6425
f 7906 6425 7166
f 7906 7166 7165
f 7906 7165 6424
f 7907 6425 6426
f 7907 6426 7167
f 7907 7167 7166
f 7907 7166 6425
f 7908 6426 6427
f 7908 6427 7168
f 7908 7168 7167
f 7908 7167 6426
f 7909 6427 6428
f 7909 6428 7169
f 7909 7169 7168
f 7909 7168 6427
f 7910 6428 6429
f 7910 6429 7170
f 7910 7170 7169
f 7910 7169 6428
f 7911 6429 6430
f 7911 6430 7171
f 7911 7171 7170
f 7911 7170 6429
f 7912 6430 6431
f 7912 6431 7172
f 7912 7172 7171
f 7912 7171 6430
f 7913 6431 6432
f 7913 6432 7173
f 7913 7173 7172
f 7913 7172 6431
f 7914 6432 6433
f 7914 6433 7174
f 7914 7174 7173
f 7914 7173 6432
f 7915 6433 6434
f 7915 6434 7175
f 7915 7175 7174
f 7915 7174 6433
f 7916 6434 6435
f 7916 6435 7176
f 7916 7176 7175
f 7916 7175 6434
f 7917 6435 6436
f 7917 6436 7177
f 7917 7177 7176
f 7917 7176 6435
f 7918 6436 6437
f 7918 6437 7178
f 7918 7178 7177
f 7918 7177 6436
f 7919 6437 6438
f 7919 6438 7179
f 7919 7179 7178
f 7919 7178 6437
f 7920 6438 6439
f 7920 6439 7180
f 7920 7180 7179
f 7920 7179 6438
f 7921 6439 6440
f 7921 6440 7181
f 7921 7181 7180
f 7921 7180 6439
f 7922 6440 6441
f 7922 6441 7182
f 7922 7182 7181
f 7922 7181 6440
f 7923 6441 6442
f 7923 6442 7183
f 7923 7183 7182
f 7923 7182 6441
f 7924 6442 6443
f 7924 6443 7184
f 7924 7184 7183
f 7924 7183 6442
f 7925 6443 6444
f 7925 6444 7185
f 7925 7185 7184
f 7925 7184 6443
f 7926 6444 6445
f 7926 6445 7186
f 7926 7186 7185
f 7926 7185 6444
f 7927 6445 6446
f 7927 6446 7187
f 7927 7187 7186
f 7927 7186 6445
f 7928 6446 6447
f 7928 6447 7188
f 7928 7188 7187
f 7928 7187 6446
f 7929 6447 6448
f 7929 6448 7189
f 7929 7189 7188
f 7929 7188 6447
f 7930 6448 6449
f 7930 6449 7190
f 7930 7190 7189
f 7930 7189 6448
f 7931 6449 6450
f 7931 6450 7191
f 7931 7191 7190
f 7931 7190 6449
f 7932 6450 6451
f 7932 6451 7192
f 7932 7192 7191
f 7932 7191 6450
f 7933 6451 6452
f 7933 6452 7193
f 7933 7193 7192
f 7933 7192 6451
f 7934 6452 6453
f 7934 6453 7194
f 7934 7194 7193
f 7934 7193 6452
f 7935 6453 6454
f 7935 6454 7195
f 7935 7195 7194
f 7935 7194 6453
f 7936 6454 6455
f 7936 6455 7196
f 7936 7196 7195
f 7936 7195 6454
f 7937 6455 6456
f 7937 6456 7197
f 7937 7197 7196
f 7937 7196 6455
f 7938 6456 6457
f 7938 6457 7198
f 7938 7198 7197
f 7938 7197 6456
f 7939 6457 6458
f 7939 6458 7199
f 7939 7199 7198
f 7939 7198 6457
f 7940 6458 6459
f 7940 6459 7200
f 7940 7200 7199
f 7940 7199 6458
f 7941 6459 6460
f 7941 6460 7201
f 7941 7201 7200
f 7941 7200 6459
f 7942 6460 6461
f 7942 6461 7202
f 7942 7202 7201
f 7942 7201 6460
f 7943 6461 6462
f 7943 6462 7203
f 7943 7203 7202
f 7943 7202 6461
f 7944 6462 6463
f 7944 6463 7204
f 7944 7204 7203
f 7944 7203 6462
f 7945 6463 6464
f 7945 6464 7205
f 7945 7205 7204
f 7945 7204 6463
f 7946 6464 6465
f 7946 6465 7206
f 7946 7206 7205
f 7946 7205 6464
f 7947 6465 6466
f 7947 6466 7207
f 7947 7207 7206
f 7947 7206 6465
f 7948 6466 6467
f 7948 6467 7208
f 7948 7208 7207
f 7948 7207 6466
f 7949 6467 6468
f 7949 6468 7209
f 7949 7209 7208
f 7949 7208 6467
f 7950 6468 6469
f 7950 6469 7210
f 7950 7210 7209
f 7950 7209 6468
f 7951 6469 6470
f 7951 6470 7211
f 7951 7211 7210
f 7951 7210 6469
f 7952 6470 6471
f 7952 6471 7212
f 7952 7212 7211
f 7952 7211 6470
f 7953 6471 6472
f 7953 6472 7213
f 7953 7213 7212
f 7953 7212 6471
f 7954 6472 6473
f 7954 6473 7214
f 7954 7214 7213
f 7954 7213 6472
f 7955 6473 6474
f 7955 6474 7215
f 7955 7215 7214
f 7955 7214 6473
f 7956 6474 6475
f 7956 6475 7216
f 7956 7216 7215
f 7956 7215 6474
f 7957 6475 6476
f 7957 6476 7217
f 7957 7217 7216
f 7957 7216 6475
f 7958 6476 6477
f 7958 6477 7218
f 7958 7218 7217
f 7958 7217 6476
f 7959 6477 6478
f 7959 6478 7219
f 7959 7219 7218
f 7959 7218 6477
f 7960 6478 6479
f 7960 6479 7220
f 7960 7220 7219
f 7960 7219 6478
f 7961 6479 6480
f 7961 6480 7221
f 7961 7221 7220
f 7961 7220 6479
f 7962 6480 6481
f 7962 6481 7222
f 7962 7222 7221
f 7962 7221 6480
f 7963 6481 6482
f 7963 6482 7223
f 7963 7223 7222
f 7963 7222 6481
f 7964 6482 6483
f 7964 6483 7224
f 7964 7224 7223
f 7964 7223 6482
f 7965 6483 6484
f 7965 6484 7225
f 7965 7225 7224
f 7965 7224 6483
f 7966 6484 6485
f 7966 6485 7226
f 7966 7226 7225
f 7966 7225 6484
f 7967 6485 6486
f 7967 6486 7227
f 7967 7227 7226
f 7967 7226 6485
f 7968 6486 6487
f 7968 6487 7228
f 7968 7228 7227
f 7968 7227 6486
f 7969 6487 6488
f 7969 6488 7229
f 7969 7229 7228
f 7969 7228 6487
f 7970 6488 6489
f 7970 6489 7230
f 7970 7230 7229
f 7970 7229 6488
f 7971 6489 6490
f 7971 6490 7231
f 7971 7231 7230
f 7971 7230 6489
f 7972 6490 6491
f 7972 6491 7232
f 7972 7232 7231
f 7972 7231 6490
f 7973 6491 6492
f 7973 6492 7233
f 7973 7233 7232
f 7973 7232 6491
f 7974 6492 6493
f 7974 6493 7234
f 7974 7234 7233
f 7974 7233 6492
f 7975 6493 6494
f 7975 6494 7235
f 7975 7235 7234
f 7975 7234 6493
f 7976 6494 6495
f 7976 6495 7236
f 7976 7236 7235
f 7976 7235 6494
f 7977 6495 6496
f 7977 6496 7237
f 7977 7237 7236
f 7977 7236 6495
f 7978 6496 6497
f 7978 6497 7238
f 7978 7238 7237
f 7978 7237 6496
f 7979 6497 6498
f 7979 6498 7239
f 7979 7239 7238
f 7979 7238 6497
f 7980 6498 6499
f 7980 6499 7240
f 7980 7240 7239
f 7980 7239 6498
f 7981 6499 6500
f 7981 6500 7241
f 7981 7241 7240
f 7981 7240 6499
f 7982 6500 6501
f 7982 6501 7242
f 7982 7242 7241
f 7982 7241 6500
f 7983 6501 6502
f 7983 6502 7243
f 7983 7243 7242
f 7983 7242 6501
f 7984 6502 6503
f 7984 6503 7244
f 7984 7244 7243
f 7984 7243 6502
f 7985 6503 6504
f 7985 6504 7245
f 7985 7245 7244
f 7985 7244 6503
f 7986 6504 6505
f 7986 6505 7246
f 7986 7246 7245
f 7986 7245 6504
f 7987 6505 6506
f 7987 6506 7247
f 7987 7247 7246
f 7987 7246 6505
f 7988 6506 6507
f 7988 6507 7248
f 7988 7248 7247
f 7988 7247 6506
f 7989 6507 6508
f 7989 6508 7249
f 7989 7249 7248
f 7989 7248 6507
f 7990 6508 6509
f 7990 6509 7250
f 7990 7250 7249
f 7990 7249 6508
f 7991 6509 6510
f 7991 6510 7251
f 7991 7251 7250
f 7991 7250 6509
f 7992 6510 6511
f 7992 6511 7252
f 7992 7252 7251
f 7992 7251 6510
f 7993 6511 6512
f 7993 6512 7253
f 7993 7253 7252
f 7993 7252 6511
f 7994 6512 6513
f 7994 6513 7254
f 7994 7254 7253
f 7994 7253 6512
f 7995 6513 6514
f 7995 6514 7255
f 7995 7255 7254
f 7995 7254 6513
f 7996 6514 6515
f 7996 6515 7256
f 7996 7256 7255
f 7996 7255 6514
f 7997 6515 6516
f 7997 6516 7257
f 7997 7257 7256
f 7997 7256 6515
f 7998 6516 6517
f 7998 6517 7258
f 7998 7258 7257
f 7998 7257 6516
f 7999 6517 6518
f 7999 6518 7259
f 7999 7259 7258
f 7999 7258 6517
f 8000 6518 6519
f 8000 6519 7260
f 8000 7260 7259
f 8000 7259 6518
f 8001 6519 6520
f 8001 6520 7261
f 8001 7261 7260
f 8001 7260 6519
f 8002 6520 6521
f 8002 6521 7262
f 8002 7262 7261
f 8002 7261 6520
f 8003 6521 6522
f 8003 6522 7263
f 8003 7263 7262
f 8003 7262 6521
f 8004 6522 6523
f 8004 6523 7264
f 8004 7264 7263
f 8004 7263 6522
f 8005 6523 6524
f 8005 6524 7265
f 8005 7265 7264
f 8005 7264 6523
f 8006 6524 6525
f 8006 6525 7266
f 8006 7266 7265
f 8006 7265 6524
f 8007 6525 6526
f 8007 6526 7267
f 8007 7267 7266
f 8007 7266 6525
f 8008 6526 6527
f 8008 6527 7268
f 8008 7268 7267
f 8008 7267 6526
f 8009 6527 6528
f 8009 6528 7269
f 8009 7269 7268
f 8009 7268 6527
f 8010 6528 6529
f 8010 6529 7270
f 8010 7270 7269
f 8010 7269 6528
f 8011 6529 6530
f 8011 6530 7271
f 8011 7271 7270
f 8011 7270 6529
f 8012 6530 6531
f 8012 6531 7272
f 8012 7272 7271
f 8012 7271 6530
f 8013 6531 6532
f 8013 6532 7273
f 8013 7273 7272
f 8013 7272 6531
f 8014 6532 6533
f 8014 6533 7274
f 8014 7274 7273
f 8014 7273 6532
f 8015 6533 6534
f 8015 6534 7275
f 8015 7275 7274
f 8015 7274 6533
f 8016 6534 6535
f 8016 6535 7276
f 8016 7276 7275
f 8016 7275 6534
f 8017 6535 6536
f 8017 6536 7277
f 8017 7277 7276
f 8017 7276 6535
f 8018 6536 6537
f 8018 6537 7278
f 8018 7278 7277
f 8018 7277 6536
f 8019 6537 6538
f 8019 6538 7279
f 8019 7279 7278
f 8019 7278 6537
f 8020 6538 6539
f 8020 6539 7280
f 8020 7280 7279
f 8020 7279 6538
f 8021 6539 6540
f 8021 6540 7281
f 8021 7281 7280
f 8021 7280 6539
f 8022 6540 6541
f 8022 6541 7282
f 8022 7282 7281
f 8022 7281 6540
f 8023 6541 6542
f 8023 6542 7283
f 8023 7283 7282
f 8023 7282 6541
f 8024 6542 6543
f 8024 6543 7284
f 8024 7284 7283
f 8024 7283 6542
f 8025 6543 6544
f 8025 6544 7285
f 8025 7285 7284
f 8025 7284 6543
f 8026 6544 6545
f 8026 6545 7286
f 8026 7286 7285
f 8026 7285 6544
f 8027 6545 6546
f 8027 6546 7287
f 8027 7287 7286
f 8027 7286 6545
f 8028 6546 6547
f 8028 6547 7288
f 8028 7288 7287
f 8028 7287 6546
f 8029 6547 6548
f 8029 6548 7289
f 8029 7289 7288
f 8029 7288 6547
f 8030 6548 6549
f 8030 6549 7290
f 8030 7290 7289
f 8030 7289 6548
f 8031 6549 6550
f 8031 6550 7291
f 8031 7291 7290
f 8031 7290 6549
f 8032 6550 6551
f 8032 6551 7292
f 8032 7292 7291
f 8032 7291 6550
f 8033 6551 6552
f 8033 6552 7293
f 8033 7293 7292
f 8033 7292 6551
f 8034 6552 6553
f 8034 6553 7294
f 8034 7294 7293
f 8034 7293 6552
f 8035 6553 6554
f 8035 6554 7295
f 8035 7295 7294
f 8035 7294 6553
f 8036 6554 6555
f 8036 6555 7296
f 8036 7296 7295
f 8036 7295 6554
f 8037 6555 6556
f 8037 6556 7297
f 8037 7297 7296
f 8037 7296 6555
f 8038 6556 6557
f 8038 6557 7298
f 8038 7298 7297
f 8038 7297 6556
f 8039 6557 6558
f 8039 6558 7299
f 8039 7299 7298
f 8039 7298 6557
f 8040 6558 6559
f 8040 6559 7300
f 8040 7300 7299
f 8040 7299 6558
f 8041 6559 6560
f 8041 6560 7301
f 8041 7301 7300
f 8041 7300 6559
f 8042 6560 6561
f 8042 6561 7302
f 8042 7302 7301
f 8042 7301 6560
f 8043 6561 6562
f 8043 6562 7303
f 8043 7303 7302
f 8043 7302 6561
f 8044 6562 6563
f 8044 6563 7304
f 8044 7304 7303
f 8044 7303 6562
f 8045 6563 6564
f 8045 6564 7305
f 8045 7305 7304
f 8045 7304 6563
f 8046 6564 6565
f 8046 6565 7306
f 8046 7306 7305
f 8046 7305 6564
f 8047 6565 6566
f 8047 6566 7307
f 8047 7307 7306
f 8047 7306 6565
f 8048 6566 6567
f 8048 6567 7308
f 8048 7308 7307
f 8048 7307 6566
f 8049 6567 6568
f 8049 6568 7309
f 8049 7309 7308
f 8049 7308 6567
f 8050 6568 6569
f 8050 6569 7310
f 8050 7310 7309
f 8050 7309 6568
f 8051 6569 6570
f 8051 6570 7311
f 8051 7311 7310
f 8051 7310 6569
f 8052 6570 6571
f 8052 6571 7312
f 8052 7312 7311
f 8052 7311 6570
f 8053 6571 6572
f 8053 6572 7313
f 8053 7313 7312
f 8053 7312 6571
f 8054 6572 6573
f 8054 6573 7314
f 8054 7314 7313
f 8054 7313 6572
f 8055 6573 6574
f 8055 6574 7315
f 8055 7315 7314
f 8055 7314 6573
f 8056 6574 6575
f 8056 6575 7316
f 8056 7316 7315
f 8056 7315 6574
f 8057 6575 6576
f 8057 6576 7317
f 8057 7317 7316
f 8057 7316 6575
f 8058 6576 6577
f 8058 6577 7318
f 8058 7318 7317
f 8058 7317 6576
f 8059 6577 6578
f 8059 6578 7319
f 8059 7319 7318
f 8059 7318 6577
f 8060 6578 6579
f 8060 6579 7320
f 8060 7320 7319
f 8060 7319 6578
f 8061 6579 6580
f 8061 6580 7321
f 8061 7321 7320
f 8061 7320 6579
f 8062 6580 6581
f 8062 6581 7322
f 8062 7322 7321
f 8062 7321 6580
f 8063 6581 6582
f 8063 6582 7323
f 8063 7323 7322
f 8063 7322 6581
f 8064 6582 6583
f 8064 6583 7324
f 8064 7324 7323
f 8064 7323 6582
f 8065 6583 6584
f 8065 6584 7325
f 8065 7325 7324
f 8065 7324 6583
f 8066 6584 6585
f 8066 6585 7326
f 8066 7326 7325
f 8066 7325 6584
f 8067 6585 6586
f 8067 6586 7327
f 8067 7327 7326
f 8067 7326 6585
f 8068 6586 6587
f 8068 6587 7328
f 8068 7328 7327
f 8068 7327 6586
f 8069 6587 6588
f 8069 6588 7329
f 8069 7329 7328
f 8069 7328 6587
f 8070 6588 6589
f 8070 6589 7330
f 8070 7330 7329
f 8070 7329 6588
f 8071 6589 6590
f 8071 6590 7331
f 8071 7331 7330
f 8071 7330 6589
f 8072 6590 6591
f 8072 6591 7332
f 8072 7332 7331
f 8072 7331 6590
f 8073 6591 6592
f 8073 6592 7333
f 8073 7333 7332
f 8073 7332 6591
f 8074 6592 6593
f 8074 6593 7334
f 8074 7334 7333
f 8074 7333 6592
f 8075 6593 6594
f 8075 6594 7335
f 8075 7335 7334
f 8075 7334 6593
f 8076 6594 6595
f 8076 6595 7336
f 8076 7336 7335
f 8076 7335 6594
f 8077 6595 6596
f 8077 6596 7337
f 8077 7337 7336
f 8077 7336 6595
f 8078 6596 6597
f 8078 6597 7338
f 8078 7338 7337
f 8078 7337 6596
f 8079 6597 6598
f 8079 6598 7339
f 8079 7339 7338
f 8079 7338 6597
f 8080 6598 6599
f 8080 6599 7340
f 8080 7340 7339
f 8080 7339 6598
f 8081 6599 6600
f 8081 6600 7341
f 8081 7341 7340
f 8081 7340 6599
f 8082 6600 6601
f 8082 6601 7342
f 8082 7342 7341
f 8082 7341 6600
f 8083 6601 6602
f 8083 6602 7343
f 8083 7343 7342
f 8083 7342 6601
f 8084 6602 6603
f 8084 6603 7344
f 8084 7344 7343
f 8084 7343 6602
f 8085 6603 6604
f 8085 6604 7345
f 8085 7345 7344
f 8085 7344 6603
f 8086 6604 6605
f 8086 6605 7346
f 8086 7346 7345
f 8086 7345 6604
f 8087 6605 6606
f 8087 6606 7347
f 8087 7347 7346
f 8087 7346 6605
f 8088 6606 6607
f 8088 6607 7348
f 8088 7348 7347
f 8088 7347 6606
f 8089 6607 6608
f 8089 6608 7349
f 8089 7349 7348
f 8089 7348 6607
f 8090 6608 6609
f 8090 6609 7350
f 8090 7350 7349
f 8090 7349 6608
f 8091 6609 6610
f 8091 6610 7351
f 8091 7351 7350
f 8091 7350 6609
f 8092 6610 6611
f 8092 6611 7352
f 8092 7352 7351
f 8092 7351 6610
f 8093 6611 6612
f 8093 6612 7353
f 8093 7353 7352
f 8093 7352 6611
f 8094 6612 6613
f 8094 6613 7354
f 8094 7354 7353
f 8094 7353 6612
f 8095 6613 6614
f 8095 6614 7355
f 8095 7355 7354
f 8095 7354 6613
f 8096 6614 6615
f 8096 6615 7356
f 8096 7356 7355
f 8096 7355 6614
f 8097 6615 6616
f 8097 6616 7357
f 8097 7357 7356
f 8097 7356 6615
f 8098 6616 6617
f 8098 6617 7358
f 8098 7358 7357
f 8098 7357 6616
f 8099 6617 6618
f 8099 6618 7359
f 8099 7359 7358
f 8099 7358 6617
f 8100 6618 6619
f 8100 6619 7360
f 8100 7360 7359
f 8100 7359 6618
f 8101 6619 6620
f 8101 6620 7361
f 8101 7361 7360
f 8101 7360 6619
f 8102 6620 6621
f 8102 6621 7362
f 8102 7362 7361
f 8102 7361 6620
f 8103 6621 6622
f 8103 6622 7363
f 8103 7363 7362
f 8103 7362 6621
f 8104 6622 6623
f 8104 6623 7364
f 8104 7364 7363
f 8104 7363 6622
f 8105 6623 6624
f 8105 6624 7365
f 8105 7365 7364
f 8105 7364 6623
f 8106 6624 6625
f 8106 6625 7366
f 8106 7366 7365
f 8106 7365 6624
f 8107 6625 6626
f 8107 6626 7367
f 8107 7367 7366
f 8107 7366 6625
f 8108 6626 6627
f 8108 6627 7368
f 8108 7368 7367
f 8108 7367 6626
f 8109 6627 6628
f 8109 6628 7369
f 8109 7369 7368
f 8109 7368 6627
f 8110 6628 6629
f 8110 6629 7370
f 8110 7370 7369
f 8110 7369 6628
f 8111 6629 6630
f 8111 6630 7371
f 8111 7371 7370
f 8111 7370 6629
f 8112 6630 6631
f 8112 6631 7372
f 8112 7372 7371
f 8112 7371 6630
f 8113 6631 6632
f 8113 6632 7373
f 8113 7373 7372
f 8113 7372 6631
f 8114 6632 6633
f 8114 6633 7374
f 8114 7374 7373
f 8114 7373 6632
f 8115 6633 6634
f 8115 6634 7375
f 8115 7375 7374
f 8115 7374 6633
f 8116 6634 6635
f 8116 6635 7376
f 8116 7376 7375
f 8116 7375 6634
f 8117 6635 6636
f 8117 6636 7377
f 8117 7377 7376
f 8117 7376 6635
f 8118 6636 6637
f 8118 6637 7378
f 8118 7378 7377
f 8118 7377 6636
f 8119 6637 6638
f 8119 6638 7379
f 8119 7379 7378
f 8119 7378 6637
f 8120 6638 6639
f 8120 6639 7380
f 8120 7380 7379
f 8120 7379 6638
f 8121 6639 6640
f 8121 6640 7381
f 8121 7381 7380
f 8121 7380 6639
f 8122 6640 6641
f 8122 6641 7382
f 8122 7382 7381
f 8122 7381 6640
f 8123 6641 6642
f 8123 6642 7383
f 8123 7383 7382
f 8123 7382 6641
f 8124 6642 6643
f 8124 6643 7384
f 8124 7384 7383
f 8124 7383 6642
f 8125 6643 6644
f 8125 6644 7385
f 8125 7385 7384
f 8125 7384 6643
f 8126 6644 6645
f 8126 6645 7386
f 8126 7386 7385
f 8126 7385 6644
f 8127 6645 6646
f 8127 6646 7387
f 8127 7387 7386
f 8127 7386 6645
f 8128 6646 6647
f 8128 6647 7388
f 8128 7388 7387
f 8128 7387 6646
f 8129 6647 6648
f 8129 6648 7389
f 8129 7389 7388
f 8129 7388 6647
f 8130 6648 6649
f 8130 6649 7390
f 8130 7390 7389
f 8130 7389 6648
f 8131 6649 6650
f 8131 6650 7391
f 8131 7391 7390
f 8131 7390 6649
f 8132 6650 6651
f 8132 6651 7392
f 8132 7392 7391
f 8132 7391 6650
f 8133 6651 6652
f 8133 6652 7393
f 8133 7393 7392
f 8133 7392 6651
f 8134 6652 6653
f 8134 6653 7394
f 8134 7394 7393
f 8134 7393 6652
f 8135 6653 6654
f 8135 6654 7395
f 8135 7395 7394
f 8135 7394 6653
f 8136 6654 6655
f 8136 6655 7396
f 8136 7396 7395
f 8136 7395 6654
f 8137 6655 6656
f 8137 6656 7397
f 8137 7397 7396
f 8137 7396 6655
f 8138 6656 6657
f 8138 6657 7398
f 8138 7398 7397
f 8138 7397 6656
f 8139 6657 6658
f 8139 6658 7399
f 8139 7399 7398
f 8139 7398 6657
f 8140 6658 6659
f 8140 6659 7400
f 8140 7400 7399
f 8140 7399 6658
f 8141 6659 6660
f 8141 6660 7401
f 8141 7401 7400
f 8141 7400 6659
f 8142 6660 6661
f 8142 6661 7402
f 8142 7402 7401
f 8142 7401 6660
f 8143 6661 6662
f 8143 6662 7403
f 8143 7403 7402
f 8143 7402 6661
f 8144 6662 6663
f 8144 6663 7404
f 8144 7404 7403
f 8144 7403 6662
f 8145 6663 6664
f 8145 6664 7405
f 8145 7405 7404
f 8145 7404 6663
f 8146 6664 6665
f 8146 6665 7406
f 8146 7406 7405
f 8146 7405 6664
f 8147 6665 6666
f 8147 6666 7407
f 8147 7407 7406
f 8147 7406 6665
f 8148 6666 6667
f 8148 6667 7408
f 8148 7408 7407
f 8148 7407 6666
f 8149 6667 6668
f 8149 6668 7409
f 8149 7409 7408
f 8149 7408 6667
f 8150 6668 6669
f 8150 6669 7410
f 8150 7410 7409
f 8150 7409 6668
f 8151 6669 6670
f 8151 6670 7411
f 8151 7411 7410
f 8151 7410 6669
f 8152 6670 6671
f 8152 6671 7412
f 8152 7412 7411
f 8152 7411 6670
f 8153 6671 6672
f 8153 6672 7413
f 8153 7413 7412
f 8153 7412 6671
f 8154 6672 6673
f 8154 6673 7414
f 8154 7414 7413
f 8154 7413 6672
f 8155 6673 6674
f 8155 6674 7415
f 8155 7415 7414
f 8155 7414 6673
f 8156 6674 6675
f 8156 6675 7416
f 8156 7416 7415
f 8156 7415 6674
f 8157 6675 6676
f 8157 6676 7417
f 8157 7417 7416
f 8157 7416 6675
f 8158 6676 6677
f 8158 6677 7418
f 8158 7418 7417
f 8158 7417 6676
f 8159 6677 6678
f 8159 6678 7419
f 8159 7419 7418
f 8159 7418 6677
f 8160 6678 6679
f 8160 6679 7420
f 8160 7420 7419
f 8160 7419 6678
f 8161 6679 6680
f 8161 6680 7421
f 8161 7421 7420
f 8161 7420 6679
f 8162 6680 6681
f 8162 6681 7422
f 8162 7422 7421
f 8162 7421 6680
f 8163 6681 6682
f 8163 6682 7423
f 8163 7423 7422
f 8163 7422 6681
f 8164 6682 6683
f 8164 6683 7424
f 8164 7424 7423
f 8164 7423 6682
f 8165 6683 6684
f 8165 6684 7425
f 8165 7425 7424
f 8165 7424 6683
f 8166 6684 6685
f 8166 6685 7426
f 8166 7426 7425
f 8166 7425 6684
f 8167 6685 6686
f 8167 6686 7427
f 8167 7427 7426
f 8167 7426 6685
f 8168 6686 6687
f 8168 6687 7428
f 8168 7428 7427
f 8168 7427 6686
f 8169 6687 6688
f 8169 6688 7429
f 8169 7429 7428
f 8169 7428 6687
f 8170 6688 6689
f 8170 6689 7430
f 8170 7430 7429
f 8170 7429 6688
f 8171 6689 6690
f 8171 6690 7431
f 8171 7431 7430
f 8171 7430 6689
f 8172 6690 6691
f 8172 6691 7432
f 8172 7432 7431
f 8172 7431 6690
f 8173 6691 6692
f 8173 6692 7433
f 8173 7433 7432
f 8173 7432 6691
f 8174 6692 6693
f 8174 6693 7434
f 8174 7434 7433
f 8174 7433 6692
f 8175 6693 6694
f 8175 6694 7435
f 8175 7435 7434
f 8175 7434 6693
f 8176 6694 6695
f 8176 6695 7436
f 8176 7436 7435
f 8176 7435 6694
f 8177 6695 6696
f 8177 6696 7437
f 8177 7437 7436
f 8177 7436 6695
f 8178 6696 6697
f 8178 6697 7438
f 8178 7438 7437
f 8178 7437 6696
f 8179 6697 6698
f 8179 6698 7439
f 8179 7439 7438
f 8179 7438 6697
f 8180 6698 6699
f 8180 6699 7440
f 8180 7440 7439
f 8180 7439 6698
f 8181 6699 6700
f 8181 6700 7441
f 8181 7441 7440
f 8181 7440 6699
f 8182 6700 6701
f 8182 6701 7442
f 8182 7442 7441
f 8182 7441 6700
f 8183 6701 6702
f 8183 6702 7443
f 8183 7443 7442
f 8183 7442 6701
f 8184 6702 6703
f 8184 6703 7444
f 8184 7444 7443
f 8184 7443 6702
f 8185 6703 6704
f 8185 6704 7445
f 8185 7445 7444
f 8185 7444 6703
f 8186 6704 6705
f 8186 6705 7446
f 8186 7446 7445
f 8186 7445 6704
f 8187 6705 6706
f 8187 6706 7447
f 8187 7447 7446
f 8187 7446 6705
f 8188 6706 6707
f 8188 6707 7448
f 8188 7448 7447
f 8188 7447 6706
f 8189 6707 6708
f 8189 6708 7449
f 8189 7449 7448
f 8189 7448 6707
f 8190 6708 6709
f 8190 6709 7450
f 8190 7450 7449
f 8190 7449 6708
f 8191 6709 6710
f 8191 6710 7451
f 8191 7451 7450
f 8191 7450 6709
f 8192 6710 6711
f 8192 6711 7452
f 8192 7452 7451
f 8192 7451 6710
f 8193 6711 6712
f 8193 6712 7453
f 8193 7453 7452
f 8193 7452 6711
f 8194 6712 6713
f 8194 6713 7454
f 8194 7454 7453
f 8194 7453 6712
f 8195 6713 6714
f 8195 6714 7455
f 8195 7455 7454
f 8195 7454 6713
f 8196 6714 6715
f 8196 6715 7456
f 8196 7456 7455
f 8196 7455 6714
f 8197 6715 6716
f 8197 6716 7457
f 8197 7457 7456
f 8197 7456 6715
f 8198 6716 6717
f 8198 6717 7458
f 8198 7458 7457
f 8198 7457 6716
f 8199 6717 6718
f 8199 6718 7459
f 8199 7459 7458
f 8199 7458 6717
f 8200 6718 6719
f 8200 6719 7460
f 8200 7460 7459
f 8200 7459 6718
f 8201 6719 6720
f 8201 6720 7461
f 8201 7461 7460
f 8201 7460 6719
f 8202 6720 6721
f 8202 6721 7462
f 8202 7462 7461
f 8202 7461 6720
f 8203 6721 6722
f 8203 6722 7463
f 8203 7463 7462
f 8203 7462 6721
f 8204 6722 6723
f 8204 6723 7464
f 8204 7464 7463
f 8204 7463 6722
f 8205 6723 6724
f 8205 6724 7465
f 8205 7465 7464
f 8205 7464 6723
f 8206 6724 6725
f 8206 6725 7466
f 8206 7466 7465
f 8206 7465 6724
f 8207 6725 6726
f 8207 6726 7467
f 8207 7467 7466
f 8207 7466 6725
f 8208 6726 6727
f 8208 6727 7468
f 8208 7468 7467
f 8208 7467 6726
f 8209 6727 6728
f 8209 6728 7469
f 8209 7469 7468
f 8209 7468 6727
f 8210 6728 6729
f 8210 6729 7470
f 8210 7470 7469
f 8210 7469 6728
f 8211 6729 6730
f 8211 6730 7471
f 8211 7471 7470
f 8211 7470 6729
f 8212 6730 6731
f 8212 6731 7472
f 8212 7472 7471
f 8212 7471 6730
f 8213 6731 6732
f 8213 6732 7473
f 8213 7473 7472
f 8213 7472 6731
f 8214 6732 6733
f 8214 6733 7474
f 8214 7474 7473
f 8214 7473 6732
f 8215 6733 6734
f 8215 6734 7475
f 8215 7475 7474
f 8215 7474 6733
f 8216 6734 6735
f 8216 6735 7476
f 8216 7476 7475
f 8216 7475 6734
f 8217 6735 6736
f 8217 6736 7477
f 8217 7477 7476
f 8217 7476 6735
f 8218 6736 6737
f 8218 6737 7478
f 8218 7478 7477
f 8218 7477 6736
f 8219 6737 6738
f 8219 6738 7479
f 8219 7479 7478
f 8219 7478 6737
f 8220 6738 6739
f 8220 6739 7480
f 8220 7480 7479
f 8220 7479 6738
f 8221 6739 6740
f 8221 6740 7481
f 8221 7481 7480
f 8221 7480 6739
f 8222 6740 6741
f 8222 6741 7482
f 8222 7482 7481
f 8222 7481 6740
f 8223 6741 6742
f 8223 6742 7483
f 8223 7483 7482
f 8223 7482 6741
f 8224 6742 6743
f 8224 6743 7484
f 8224 7484 7483
f 8224 7483 6742
f 8225 6743 6744
f 8225 6744 7485
f 8225 7485 7484
f 8225 7484 6743
f 8226 6744 6745
f 8226 6745 7486
f 8226 7486 7485
f 8226 7485 6744
f 8227 6745 6746
f 8227 6746 7487
f 8227 7487 7486
f 8227 7486 6745
f 8228 6746 6747
f 8228 6747 7488
f 8228 7488 7487
f 8228 7487 6746
f 8229 6747 6748
f 8229 6748 7489
f 8229 7489 7488
f 8229 7488 6747
f 8230 6748 6749
f 8230 6749 7490
f 8230 7490 7489
f 8230 7489 6748
f 8231 6749 6750
f 8231 6750 7491
f 8231 7491 7490
f 8231 7490 6749
f 8232 6750 6751
f 8232 6751 7492
f 8232 7492 7491
f 8232 7491 6750
f 8233 6751 6752
f 8233 6752 7493
f 8233 7493 7492
f 8233 7492 6751
f 8234 6752 6753
f 8234 6753 7494
f 8234 7494 7493
f 8234 7493 6752
f 8235 6753 6754
f 8235 6754 7495
f 8235 7495 7494
f 8235 7494 6753
f 8236 6754 6755
f 8236 6755 7496
f 8236 7496 7495
f 8236 7495 6754
f 8237 6755 6756
f 8237 6756 7497
f 8237 7497 7496
f 8237 7496 6755
f 8238 6756 6757
f 8238 6757 7498
f 8238 7498 7497
f 8238 7497 6756
f 8239 6757 6758
f 8239 6758 7499
f 8239 7499 7498
f 8239 7498 6757
f 8240 6758 6759
f 8240 6759 7500
f 8240 7500 7499
f 8240 7499 6758
f 8241 6759 6760
f 8241 6760 7501
f 8241 7501 7500
f 8241 7500 6759
f 8242 6760 6761
f 8242 6761 7502
f 8242 7502 7501
f 8242 7501 6760
f 8243 6761 6762
f 8243 6762 7503
f 8243 7503 7502
f 8243 7502 6761
f 8244 6762 6763
f 8244 6763 7504
f 8244 7504 7503
f 8244 7503 6762
f 8245 6763 6764
f 8245 6764 7505
f 8245 7505 7504
f 8245 7504 6763
f 8246 6764 6765
f 8246 6765 7506
f 8246 7506 7505
f 8246 7505 6764
f 8247 6765 6766
f 8247 6766 7507
f 8247 7507 7506
f 8247 7506 6765
f 8248 6766 6767
f 8248 6767 7508
f 8248 7508 7507
f 8248 7507 6766
f 8249 6767 6768
f 8249 6768 7509
f 8249 7509 7508
f 8249 7508 6767
f 8250 6768 6769
f 8250 6769 7510
f 8250 7510 7509
f 8250 7509 6768
f 8251 6769 6770
f 8251 6770 7511
f 8251 7511 7510
f 8251 7510 6769
f 8252 6770 6771
f 8252 6771 7512
f 8252 7512 7511
f 8252 7511 6770
f 8253 6771 6772
f 8253 6772 7513
f 8253 7513 7512
f 8253 7512 6771
f 8254 6772 6773
f 8254 6773 7514
f 8254 7514 7513
f 8254 7513 6772
f 8255 6773 6774
f 8255 6774 7515
f 8255 7515 7514
f 8255 7514 6773
f 8256 6774 6775
f 8256 6775 7516
f 8256 7516 7515
f 8256 7515 6774
f 8257 6775 6776
f 8257 6776 7517
f 8257 7517 7516
f 8257 7516 6775
f 8258 6776 6777
f 8258 6777 7518
f 8258 7518 7517
f 8258 7517 6776
f 8259 6777 6778
f 8259 6778 7519
f 8259 7519 7518
f 8259 7518 6777
f 8260 6778 6779
f 8260 6779 7520
f 8260 7520 7519
f 8260 7519 6778
f 8261 6779 6780
f 8261 6780 7521
f 8261 7521 7520
f 8261 7520 6779
f 8262 6780 6781
f 8262 6781 7522
f 8262 7522 7521
f 8262 7521 6780
f 8263 6781 6782
f 8263 6782 7523
f 8263 7523 7522
f 8263 7522 6781
f 8264 6782 6783
f 8264 6783 7524
f 8264 7524 7523
f 8264 7523 6782
f 8265 6783 6784
f 8265 6784 7525
f 8265 7525 7524
f 8265 7524 6783
f 8266 6784 6785
f 8266 6785 7526
f 8266 7526 7525
f 8266 7525 6784
f 8267 6785 6786
f 8267 6786 7527
f 8267 7527 7526
f 8267 7526 6785
f 8268 6786 6787
f 8268 6787 7528
f 8268 7528 7527
f 8268 7527 6786
f 8269 6787 6788
f 8269 6788 7529
f 8269 7529 7528
f 8269 7528 6787
f 8270 6788 6789
f 8270 6789 7530
f 8270 7530 7529
f 8270 7529 6788
f 8271 6789 6790
f 8271 6790 7531
f 8271 7531 7530
f 8271 7530 6789
f 8272 6790 6791
f 8272 6791 7532
f 8272 7532 7531
f 8272 7531 6790
f 8273 6791 6792
f 8273 6792 7533
f 8273 7533 7532
f 8273 7532 6791
f 8274 6792 6793
f 8274 6793 7534
f 8274 7534 7533
f 8274 7533 6792
f 8275 6793 6794
f 8275 6794 7535
f 8275 7535 7534
f 8275 7534 6793
f 8276 6794 6795
f 8276 6795 7536
f 8276 7536 7535
f 8276 7535 6794
f 8277 6795 6796
f 8277 6796 7537
f 8277 7537 7536
f 8277 7536 6795
f 8278 6796 6797
f 8278 6797 7538
f 8278 7538 7537
f 8278 7537 6796
f 8279 6797 6798
f 8279 6798 7539
f 8279 7539 7538
f 8279 7538 6797
f 8280 6798 6799
f 8280 6799 7540
f 8280 7540 7539
f 8280 7539 6798
f 8281 6799 6800
f 8281 6800 7541
f 8281 7541 7540
f 8281 7540 6799
f 8282 6800 6801
f 8282 6801 7542
f 8282 7542 7541
f 8282 7541 6800
f 8283 6801 6802
f 8283 6802 7543
f 8283 7543 7542
f 8283 7542 6801
f 8284 6802 6803
f 8284 6803 7544
f 8284 7544 7543
f 8284 7543 6802
f 8285 6803 6804
f 8285 6804 7545
f 8285 7545 7544
f 8285 7544 6803
f 8286 6804 6805
f 8286 6805 7546
f 8286 7546 7545
f 8286 7545 6804
f 8287 6805 6806
f 8287 6806 7547
f 8287 7547 7546
f 8287 7546 6805
f 8288 6806 6807
f 8288 6807 7548
f 8288 7548 7547
f 8288 7547 6806
f 8289 6807 6808
f 8289 6808 7549
f 8289 7549 7548
f 8289 7548 6807
f 8290 6808 6809
f 8290 6809 7550
f 8290 7550 7549
f 8290 7549 6808
f 8291 6809 6810
f 8291 6810 7551
f 8291 7551 7550
f 8291 7550 6809
f 8292 6810 6811
f 8292 6811 7552
f 8292 7552 7551
f 8292 7551 6810
f 8293 6811 6812
f 8293 6812 7553
f 8293 7553 7552
f 8293 7552 6811
f 8294 6812 6813
f 8294 6813 7554
f 8294 7554 7553
f 8294 7553 6812
f 8295 6813 6814
f 8295 6814 7555
f 8295 7555 7554
f 8295 7554 6813
f 8296 6814 6815
f 8296 6815 7556
f 8296 7556 7555
f 8296 7555 6814
f 8297 6815 6816
f 8297 6816 7557
f 8297 7557 7556
f 8297 7556 6815
f 8298 6816 6817
f 8298 6817 7558
f 8298 7558 7557
f 8298 7557 6816
f 8299 6817 6818
f 8299 6818 7559
f 8299 7559 7558
f 8299 7558 6817
f 8300 6818 6819
f 8300 6819 7560
f 8300 7560 7559
f 8300 7559 6818
f 8301 6819 6820
f 8301 6820 7561
f 8301 7561 7560
f 8301 7560 6819
f 8302 6820 6821
f 8302 6821 7562
f 8302 7562 7561
f 8302 7561 6820
f 8303 6821 6822
f 8303 6822 7563
f 8303 7563 7562
f 8303 7562 6821
f 8304 6822 6823
f 8304 6823 7564
f 8304 7564 7563
f 8304 7563 6822
f 8305 6823 6824
f 8305 6824 7565
f 8305 7565 7564
f 8305 7564 6823
f 8306 6824 6825
f 8306 6825 7566
f 8306 7566 7565
f 8306 7565 6824
f 8307 6825 6826
f 8307 6826 7567
f 8307 7567 7566
f 8307 7566 6825
f 8308 6826 6827
f 8308 6827 7568
f 8308 7568 7567
f 8308 7567 6826
f 8309 6827 6828
f 8309 6828 7569
f 8309 7569 7568
f 8309 7568 6827
f 8310 6828 6829
f 8310 6829 7570
f 8310 7570 7569
f 8310 7569 6828
f 8311 6829 6830
f 8311 6830 7571
f 8311 7571 7570
f 8311 7570 6829
f 8312 6830 6831
f 8312 6831 7572
f 8312 7572 7571
f 8312 7571 6830
f 8313 6831 6832
f 8313 6832 7573
f 8313 7573 7572
f 8313 7572 6831
f 8314 6832 6833
f 8314 6833 7574
f 8314 7574 7573
f 8314 7573 6832
f 8315 6833 6834
f 8315 6834 7575
f 8315 7575 7574
f 8315 7574 6833
f 8316 6834 6835
f 8316 6835 7576
f 8316 7576 7575
f 8316 7575 6834
f 8317 6835 6836
f 8317 6836 7577
f 8317 7577 7576
f 8317 7576 6835
f 8318 6836 6837
f 8318 6837 7578
f 8318 7578 7577
f 8318 7577 6836
f 8319 6837 6838
f 8319 6838 7579
f 8319 7579 7578
f 8319 7578 6837
f 8320 6838 6839
f 8320 6839 7580
f 8320 7580 7579
f 8320 7579 6838
f 8321 6839 6840
f 8321 6840 7581
f 8321 7581 7580
f 8321 7580 6839
f 8322 6840 6841
f 8322 6841 7582
f 8322 7582 7581
f 8322 7581 6840
f 8323 6841 6842
f 8323 6842 7583
f 8323 7583 7582
f 8323 7582 6841
f 8324 6842 6843
f 8324 6843 7584
f 8324 7584 7583
f 8324 7583 6842
f 8325 6843 6844
f 8325 6844 7585
f 8325 7585 7584
f 8325 7584 6843
f 8326 6844 6845
f 8326 6845 7586
f 8326 7586 7585
f 8326 7585 6844
f 8327 6845 6846
f 8327 6846 7587
f 8327 7587 7586
f 8327 7586 6845
f 8328 6846 6847
f 8328 6847 7588
f 8328 7588 7587
f 8328 7587 6846
f 8329 6847 6848
f 8329 6848 7589
f 8329 7589 7588
f 8329 7588 6847
f 8330 6848 6849
f 8330 6849 7590
f 8330 7590 7589
f 8330 7589 6848
f 8331 6849 6850
f 8331 6850 7591
f 8331 7591 7590
f 8331 7590 6849
f 8332 6850 6851
f 8332 6851 7592
f 8332 7592 7591
f 8332 7591 6850
f 8333 6851 6852
f 8333 6852 7593
f 8333 7593 7592
f 8333 7592 6851
f 8334 6852 6853
f 8334 6853 7594
f 8334 7594 7593
f 8334 7593 6852
f 8335 6853 6854
f 8335 6854 7595
f 8335 7595 7594
f 8335 7594 6853
f 8336 6854 6855
f 8336 6855 7596
f 8336 7596 7595
f 8336 7595 6854
f 8337 6855 6856
f 8337 6856 7597
f 8337 7597 7596
f 8337 7596 6855
f 8338 6856 6857
f 8338 6857 7598
f 8338 7598 7597
f 8338 7597 6856
f 8339 6857 6858
f 8339 6858 7599
f 8339 7599 7598
f 8339 7598 6857
f 8340 6858 6859
f 8340 6859 7600
f 8340 7600 7599
f 8340 7599 6858
f 8341 6859 6860
f 8341 6860 7601
f 8341 7601 7600
f 8341 7600 6859
f 8342 6860 6861
f 8342 6861 7602
f 8342 7602 7601
f 8342 7601 6860
f 8343 6861 6862
f 8343 6862 7603
f 8343 7603 7602
f 8343 7602 6861
f 8344 6862 6863
f 8344 6863 7604
f 8344 7604 7603
f 8344 7603 6862
f 8345 6863 6864
f 8345 6864 7605
f 8345 7605 7604
f 8345 7604 6863
f 8346 6864 6865
f 8346 6865 7606
f 8346 7606 7605
f 8346 7605 6864
f 8347 6865 6866
f 8347 6866 7607
f 8347 7607 7606
f 8347 7606 6865
f 8348 6866 6867
f 8348 6867 7608
f 8348 7608 7607
f 8348 7607 6866
f 8349 6867 6868
f 8349 6868 7609
f 8349 7609 7608
f 8349 7608 6867
f 8350 6868 6869
f 8350 6869 7610
f 8350 7610 7609
f 8350 7609 6868
f 8351 6869 6870
f 8351 6870 7611
f 8351 7611 7610
f 8351 7610 6869
f 8352 6870 6871
f 8352 6871 7612
f 8352 7612 7611
f 8352 7611 6870
f 8353 6871 6872
f 8353 6872 7613
f 8353 7613 7612
f 8353 7612 6871
f 8354 6872 6873
f 8354 6873 7614
f 8354 7614 7613
f 8354 7613 6872
f 8355 6873 6874
f 8355 6874 7615
f 8355 7615 7614
f 8355 7614 6873
f 8356 6874 6875
f 8356 6875 7616
f 8356 7616 7615
f 8356 7615 6874
f 8357 6875 6876
f 8357 6876 7617
f 8357 7617 7616
f 8357 7616 6875
f 8358 6876 6877
f 8358 6877 7618
f 8358 7618 7617
f 8358 7617 6876
f 8359 6877 6878
f 8359 6878 7619
f 8359 7619 7618
f 8359 7618 6877
f 8360 6878 6879
f 8360 6879 7620
f 8360 7620 7619
f 8360 7619 6878
f 8361 6879 6880
f 8361 6880 7621
f 8361 7621 7620
f 8361 7620 6879
f 8362 6880 6881
f 8362 6881 7622
f 8362 7622 7621
f 8362 7621 6880
f 8363 6881 6882
f 8363 6882 7623
f 8363 7623 7622
f 8363 7622 6881
f 8364 6882 6883
f 8364 6883 7624
f 8364 7624 7623
f 8364 7623 6882
f 8365 6883 6884
f 8365 6884 7625
f 8365 7625 7624
f 8365 7624 6883
f 8366 6884 6885
f 8366 6885 7626
f 8366 7626 7625
f 8366 7625 6884
f 8367 6885 6886
f 8367 6886 7627
f 8367 7627 7626
f 8367 7626 6885
f 8368 6886 6887
f 8368 6887 7628
f 8368 7628 7627
f 8368 7627 6886
f 8369 6887 6888
f 8369 6888 7629
f 8369 7629 7628
f 8369 7628 6887
f 8370 6888 6889
f 8370 6889 7630
f 8370 7630 7629
f 8370 7629 6888
f 8371 6889 6149
f 8371 6149 6890
f 8371 6890 7630
f 8371 7630 6889
