mtllib Asset 1.mtl
# Vertex Positions: 
g groupNumber_0
v 2.14035 0.300705 -0.0882508
v 2.12267 0.318381 -0.0882508
v 1.80425 -8.61817e-06 -0.0882508
v 1.82194 -0.0177017 -0.0882508
v 2.14035 0.300705 0.0882492
v 2.12267 0.318381 0.0882492
v 1.80425 -8.61817e-06 0.0882492
v 1.82194 -0.0177017 0.0882492
v 2.13151 0.309543 -7.63607e-07
v 1.96346 0.159186 -7.63607e-07
v 1.81309 -0.00885516 -7.63607e-07
v 1.98114 0.141502 -7.63607e-07


# Vertex Texture Coordinates :
vt 0.408635 0.387149
vt 0.387144 0.40864
vt 0 0.021538
vt 0.0215115 2.64663e-05
vt 0 0.802567
vt 0.0214905 0.824058
vt 0.408635 0.436956
vt 0.387123 0.415444
vt 0.415409 0
vt 0.445801 0
vt 0.452525 0
vt 1 0
vt 0.415394 0.221342
vt 0.445816 0.221342
vt 0.452525 0.221342
vt 1 0.221342
vt 0.415409 0.214591
vt 0.445801 0.214591
vt 0.452525 0.214591
vt 1 0.214591
vt 0.415394 0.435933
vt 0.445816 0.435933
vt 0.452525 0.435933
vt 1 0.435933
vt 0.430605 0.107296
vt 0.726263 0.107296
vt 0.430605 0.328638
vt 0.726263 0.328638


# Vertex Surface Normals: 
vn 0 0 1
vn 0 0 -1
vn 0.707107 0.707107 1.90266e-19
vn 0.707107 0.707107 -9.95893e-17
vn 0.707107 0.707107 -9.93991e-17
vn 0.707107 0.707107 9.92088e-17
vn 0.707107 0.707107 9.90186e-17
vn -0.707069 0.707145 -5.02001e-19
vn -0.707069 0.707145 5.02001e-19
vn -0.707069 0.707145 5.02001e-19
vn -0.707069 0.707145 5.02001e-19
vn -0.707069 0.707145 5.02001e-19
vn -0.707107 -0.707107 1.24822e-18
vn -0.707107 -0.707107 -1.00404e-16
vn -0.707107 -0.707107 -1.00584e-16
vn -0.707107 -0.707107 9.79071e-17
vn -0.707107 -0.707107 9.80878e-17
vn 0.707107 -0.707107 4.44814e-18
vn 0.707107 -0.707107 -4.44814e-18
vn 0.707107 -0.707107 -4.44814e-18
vn 0.707107 -0.707107 -4.44814e-18
vn 0.707107 -0.707107 -4.44814e-18


# Faces: 
usemtl material0
f 7/3/1 8/4/1 6/2/1
f 5/1/1 6/2/1 8/4/1
f 4/8/2 3/7/2 2/6/2
f 2/6/2 1/5/2 4/8/2
f 9/25/3 1/9/4 2/10/5
f 9/25/3 2/10/5 6/18/6
f 9/25/3 6/18/6 5/17/7
f 9/25/3 5/17/7 1/9/4
f 10/26/8 2/11/9 3/12/10
f 10/26/8 3/12/10 7/20/11
f 10/26/8 7/20/11 6/19/12
f 10/26/8 6/19/12 2/11/9
f 11/27/13 3/13/14 4/14/15
f 11/27/13 4/14/15 8/22/16
f 11/27/13 8/22/16 7/21/17
f 11/27/13 7/21/17 3/13/14
f 12/28/18 4/15/19 1/16/20
f 12/28/18 1/16/20 5/24/21
f 12/28/18 5/24/21 8/23/22
f 12/28/18 8/23/22 4/15/19

# Vertex Positions: 
g groupNumber_1
v 0.672174 0.353776 -0.0882508
v 0.353776 0.672174 -0.0882508
v -0.672182 -0.353784 -0.0882508
v -0.353784 -0.672182 -0.0882508
v 0.672174 0.353776 0.0882492
v 0.353776 0.672174 0.0882492
v -0.672182 -0.353784 0.0882492
v -0.353784 -0.672182 0.0882492
v 0.512975 0.512975 -7.63607e-07
v -0.159203 0.159195 -7.63607e-07
v -0.512983 -0.512983 -7.63607e-07
v 0.159195 -0.159203 -7.63607e-07


# Vertex Texture Coordinates :
vt 0.477884 0.364709
vt 0.364702 0.477891
vt 0 0.113189
vt 0.113182 6.81294e-06
vt 0 0.848995
vt 0.113182 0.962178
vt 0.477884 0.597476
vt 0.364702 0.484293
vt 0.484286 0
vt 0.64435 0
vt 0.484234 0.0691298
vt 1 0.0691298
vt 0.650752 0
vt 0.810816 0
vt 0.484234 0.13826
vt 1 0.13826
vt 0.484286 0.0627413
vt 0.64435 0.0627413
vt 0.484234 0.131871
vt 1 0.131871
vt 0.650752 0.0627413
vt 0.810816 0.0627413
vt 0.484234 0.201001
vt 1 0.201001
vt 0.564318 0.0313706
vt 0.742117 0.1005
vt 0.730784 0.0313706
vt 0.742117 0.16963


# Vertex Surface Normals: 
vn 0 0 1
vn 0 0 -1
vn 0.707107 0.707107 -3.73417e-17
vn 0.707107 0.707107 6.38664e-17
vn 0.707107 0.707107 6.38664e-17
vn 0.707107 0.707107 -1.06031e-16
vn 0.707107 0.707107 -1.06031e-16
vn -0.707107 0.707107 -1.292e-17
vn -0.707107 0.707107 1.292e-17
vn -0.707107 0.707107 1.292e-17
vn -0.707107 0.707107 1.292e-17
vn -0.707107 0.707107 1.292e-17
vn -0.707107 -0.707107 -3.73417e-17
vn -0.707107 -0.707107 6.38664e-17
vn -0.707107 -0.707107 6.38664e-17
vn -0.707107 -0.707107 -1.06031e-16
vn -0.707107 -0.707107 -1.06031e-16
vn 0.707107 -0.707107 -1.292e-17
vn 0.707107 -0.707107 1.292e-17
vn 0.707107 -0.707107 1.292e-17
vn 0.707107 -0.707107 1.292e-17
vn 0.707107 -0.707107 1.292e-17


# Faces: 
usemtl material1
f 19/31/23 20/32/23 17/29/23
f 17/29/23 18/30/23 19/31/23
f 16/36/24 15/35/24 13/33/24
f 14/34/24 13/33/24 15/35/24
f 21/53/25 13/37/26 14/38/27
f 21/53/25 14/38/27 18/46/28
f 21/53/25 18/46/28 17/45/29
f 21/53/25 17/45/29 13/37/26
f 22/54/30 14/39/31 15/40/32
f 22/54/30 15/40/32 19/48/33
f 22/54/30 19/48/33 18/47/34
f 22/54/30 18/47/34 14/39/31
f 23/55/35 15/41/36 16/42/37
f 23/55/35 16/42/37 20/50/38
f 23/55/35 20/50/38 19/49/39
f 23/55/35 19/49/39 15/41/36
f 24/56/40 16/43/41 13/44/42
f 24/56/40 13/44/42 17/52/43
f 24/56/40 17/52/43 20/51/44
f 24/56/40 20/51/44 16/43/41

# Vertex Positions: 
g groupNumber_2
v -0.353767 -1.37973 -0.0882508
v -0.0353746 -1.06133 -0.0882508
v -1.06134 -0.0353886 -0.0882508
v -1.37974 -0.35379 -0.0882508
v -0.353767 -1.37973 0.0882488
v -0.0353746 -1.06133 0.0882488
v -1.06134 -0.0353886 0.0882488
v -1.37974 -0.35379 0.0882488
v -0.194571 -1.22053 -1.00593e-06
v -0.548359 -0.548359 -1.00593e-06
v -1.22054 -0.194589 -1.00593e-06
v -0.866752 -0.866761 -1.00593e-06


# Vertex Texture Coordinates :
vt 0.477884 0.364709
vt 0.364702 0.477891
vt 0 0.113189
vt 0.113182 6.81294e-06
vt 0 0.848995
vt 0.113182 0.962178
vt 0.477884 0.597476
vt 0.364702 0.484293
vt 0.484286 0
vt 0.64435 0
vt 0.484234 0.0691298
vt 1 0.0691298
vt 0.650752 0
vt 0.810816 0
vt 0.484234 0.13826
vt 1 0.13826
vt 0.484286 0.0627413
vt 0.64435 0.0627413
vt 0.484234 0.131871
vt 1 0.131871
vt 0.650752 0.0627413
vt 0.810816 0.0627413
vt 0.484234 0.201001
vt 1 0.201001
vt 0.564318 0.0313706
vt 0.742117 0.1005
vt 0.730784 0.0313706
vt 0.742117 0.16963


# Vertex Surface Normals: 
vn 0 0 1
vn 0 0 -1
vn 0.707117 -0.707097 -3.73417e-17
vn 0.707117 -0.707097 6.38664e-17
vn 0.707117 -0.707097 6.38664e-17
vn 0.707117 -0.707097 -1.06031e-16
vn 0.707117 -0.707097 -1.06031e-16
vn 0.707097 0.707117 -1.292e-17
vn 0.707097 0.707117 1.292e-17
vn 0.707097 0.707117 1.292e-17
vn 0.707097 0.707117 1.292e-17
vn 0.707097 0.707117 1.292e-17
vn -0.707117 0.707097 -3.73417e-17
vn -0.707117 0.707097 6.38664e-17
vn -0.707117 0.707097 6.38664e-17
vn -0.707117 0.707097 -1.06031e-16
vn -0.707117 0.707097 -1.06031e-16
vn -0.707097 -0.707117 -1.292e-17
vn -0.707097 -0.707117 1.292e-17
vn -0.707097 -0.707117 1.292e-17
vn -0.707097 -0.707117 1.292e-17
vn -0.707097 -0.707117 1.292e-17


# Faces: 
usemtl material2
f 31/59/45 32/60/45 29/57/45
f 29/57/45 30/58/45 31/59/45
f 28/64/46 27/63/46 25/61/46
f 26/62/46 25/61/46 27/63/46
f 33/81/47 25/65/48 26/66/49
f 33/81/47 26/66/49 30/74/50
f 33/81/47 30/74/50 29/73/51
f 33/81/47 29/73/51 25/65/48
f 34/82/52 26/67/53 27/68/54
f 34/82/52 27/68/54 31/76/55
f 34/82/52 31/76/55 30/75/56
f 34/82/52 30/75/56 26/67/53
f 35/83/57 27/69/58 28/70/59
f 35/83/57 28/70/59 32/78/60
f 35/83/57 32/78/60 31/77/61
f 35/83/57 31/77/61 27/69/58
f 36/84/62 28/71/63 25/72/64
f 36/84/62 25/72/64 29/80/65
f 36/84/62 29/80/65 32/79/66
f 36/84/62 32/79/66 28/71/63

# Vertex Positions: 
g groupNumber_3
v 1.37974 0.353776 -0.0882508
v 0.353769 1.37973 -0.0882508
v 0.0353668 1.06132 -0.0882508
v 1.06132 0.0353646 -0.0882508
v 1.37974 0.353776 0.0882492
v 0.353769 1.37973 0.0882492
v 0.0353668 1.06132 0.0882492
v 1.06132 0.0353646 0.0882492
v 0.866756 0.866754 -7.63607e-07
v 0.194568 1.22053 -7.63607e-07
v 0.548345 0.548343 -7.63607e-07
v 1.22053 0.19457 -7.63607e-07


# Vertex Texture Coordinates :
vt 0.477887 0.113192
vt 0.113183 0.477891
vt 0 0.364704
vt 0.364698 6.20607e-06
vt 0 0.597478
vt 0.364704 0.962176
vt 0.477887 0.84899
vt 0.113189 0.484292
vt 0.484235 0
vt 1 0
vt 0.484286 0.0691297
vt 0.644353 0.0691297
vt 0.484237 0.138259
vt 0.999998 0.138259
vt 0.650749 0.0691297
vt 0.81082 0.0691297
vt 0.484235 0.0627407
vt 1 0.0627407
vt 0.484286 0.13187
vt 0.644353 0.13187
vt 0.484237 0.201
vt 0.999998 0.201
vt 0.650749 0.13187
vt 0.81082 0.13187
vt 0.742117 0.0313704
vt 0.564319 0.1005
vt 0.742117 0.16963
vt 0.730785 0.1005


# Vertex Surface Normals: 
vn 0 0 1
vn 0 0 -1
vn 0.707101 0.707113 -4.30257e-17
vn 0.707101 0.707113 4.30257e-17
vn 0.707101 0.707113 4.30257e-17
vn 0.707101 0.707113 4.30257e-17
vn 0.707101 0.707113 4.30257e-17
vn -0.707116 0.707097 -9.77723e-18
vn -0.707116 0.707097 9.77723e-18
vn -0.707116 0.707097 9.77723e-18
vn -0.707116 0.707097 9.77723e-18
vn -0.707116 0.707097 9.77723e-18
vn -0.707107 -0.707107 -5.5995e-17
vn -0.707107 -0.707107 4.71643e-17
vn -0.707107 -0.707107 1.15222e-16
vn -0.707107 -0.707107 6.48257e-17
vn -0.707107 -0.707107 -3.23196e-18
vn 0.707097 -0.707116 -2.39287e-18
vn 0.707097 -0.707116 -6.6752e-17
vn 0.707097 -0.707116 -2.72976e-17
vn 0.707097 -0.707116 7.15377e-17
vn 0.707097 -0.707116 3.20833e-17


# Faces: 
usemtl material3
f 42/86/67 43/87/67 44/88/67
f 44/88/67 41/85/67 42/86/67
f 39/91/68 38/90/68 40/92/68
f 37/89/68 40/92/68 38/90/68
f 45/109/69 37/93/70 38/94/71
f 45/109/69 38/94/71 42/102/72
f 45/109/69 42/102/72 41/101/73
f 45/109/69 41/101/73 37/93/70
f 46/110/74 38/95/75 39/96/76
f 46/110/74 39/96/76 43/104/77
f 46/110/74 43/104/77 42/103/78
f 46/110/74 42/103/78 38/95/75
f 47/111/79 39/97/80 40/98/81
f 47/111/79 40/98/81 44/106/82
f 47/111/79 44/106/82 43/105/83
f 47/111/79 43/105/83 39/97/80
f 48/112/84 40/99/85 37/100/86
f 48/112/84 37/100/86 41/108/87
f 48/112/84 41/108/87 44/107/88
f 48/112/84 44/107/88 40/99/85

# Vertex Positions: 
g groupNumber_4
v -0.353776 0.0353603 -0.0882508
v -0.0353689 0.353767 -0.0882508
v -1.0967 1.41509 -0.0882508
v -0.707551 1.80424 -0.0882508
v -0.35378 1.45047 -0.0882508
v -0.0353776 1.76888 -0.0882508
v -0.707551 2.44103 -0.0882508
v -1.73349 1.41509 -0.0882508
v -0.353776 0.0353603 0.0882492
v -0.0353689 0.353767 0.0882492
v -1.0967 1.41509 0.0882492
v -0.707551 1.80424 0.0882492
v -0.35378 1.45047 0.0882492
v -0.0353776 1.76888 0.0882492
v -0.707551 2.44103 0.0882492
v -1.73349 1.41509 0.0882492
v -0.194572 0.194564 -7.63607e-07
v -0.566032 0.884431 -7.63607e-07
v -0.902124 1.60967 -7.63607e-07
v -0.530666 1.62735 -7.63607e-07
v -0.194579 1.60967 -7.63607e-07
v -0.371464 2.10496 -7.63607e-07
v -1.22052 1.92806 -7.63607e-07
v -1.04363 0.725227 -7.63607e-07


# Vertex Texture Coordinates :
vt 0.37503 0
vt 0.461571 0.0865409
vt 0.173109 0.375003
vt 0.278876 0.48077
vt 0.375029 0.384617
vt 0.461568 0.471159
vt 0.278876 0.653847
vt 3.16679e-05 0.375003
vt 0.556206 0
vt 0.469665 0.0865409
vt 0.758127 0.375003
vt 0.65236 0.48077
vt 0.556207 0.384617
vt 0.469667 0.471159
vt 0.65236 0.653847
vt 0.931204 0.375003
vt 0 0.661867
vt 0.122387 0.661867
vt 9.88005e-06 0.717897
vt 0.407957 0.717897
vt 0.130472 0.661867
vt 0.280049 0.661867
vt 0.288121 0.661867
vt 0.424101 0.661867
vt 1.02045e-10 0.773928
vt 0.122387 0.773928
vt 0.130433 0.773928
vt 0.388796 0.773928
vt 2.63476e-05 0.829958
vt 0.394371 0.829958
vt 0.469669 0.661867
vt 1 0.661867
vt 0 0.709839
vt 0.122387 0.709839
vt 9.88005e-06 0.765869
vt 0.407957 0.765869
vt 0.130472 0.709839
vt 0.280049 0.709839
vt 0.288121 0.709839
vt 0.424101 0.709839
vt 1.02045e-10 0.821899
vt 0.122387 0.821899
vt 0.130433 0.821899
vt 0.388796 0.821899
vt 2.63476e-05 0.87793
vt 0.394371 0.87793
vt 0.469669 0.709839
vt 1 0.709839
vt 0.0611937 0.685853
vt 0.203983 0.741883
vt 0.20526 0.685853
vt 0.356111 0.685853
vt 0.0611937 0.797913
vt 0.259614 0.797913
vt 0.197199 0.853944
vt 0.734835 0.685853


# Vertex Surface Normals: 
vn 0 0 1
vn 0 0 -1
vn 0.707107 -0.707107 -6.54196e-18
vn 0.707107 -0.707107 -1.47619e-16
vn 0.707107 -0.707107 -1.12019e-16
vn 0.707107 -0.707107 1.60703e-16
vn 0.707107 -0.707107 1.25103e-16
vn 0.707107 0.707107 -1.57618e-16
vn 0.707107 0.707107 1.57618e-16
vn 0.707107 0.707107 1.57618e-16
vn 0.707107 0.707107 1.57618e-16
vn 0.707107 0.707107 1.57618e-16
vn 0.707107 -0.707107 -4.83127e-18
vn 0.707107 -0.707107 4.83127e-18
vn 0.707107 -0.707107 4.83127e-18
vn 0.707107 -0.707107 4.83127e-18
vn 0.707107 -0.707107 4.83127e-18
vn -0.707107 -0.707107 2.57166e-17
vn -0.707107 -0.707107 -9.45374e-17
vn -0.707107 -0.707107 -8.23956e-17
vn -0.707107 -0.707107 4.31042e-17
vn -0.707107 -0.707107 3.09623e-17
vn 0.707116 -0.707097 -1.32588e-17
vn 0.707116 -0.707097 -6.56648e-17
vn 0.707116 -0.707097 -5.35231e-17
vn 0.707116 -0.707097 9.21824e-17
vn 0.707116 -0.707097 8.00407e-17
vn 0.707098 0.707116 -3.13573e-17
vn 0.707098 0.707116 -3.74481e-18
vn 0.707098 0.707116 -3.21478e-18
vn 0.707098 0.707116 6.64595e-17
vn 0.707098 0.707116 6.59294e-17
vn -0.707107 0.707107 -7.60407e-17
vn -0.707107 0.707107 -5.73075e-17
vn -0.707107 0.707107 1.33331e-16
vn -0.707107 0.707107 2.09389e-16
vn -0.707107 0.707107 1.87505e-17
vn -0.707111 -0.707102 6.54262e-17
vn -0.707111 -0.707102 -9.14601e-17
vn -0.707111 -0.707102 -1.06988e-16
vn -0.707111 -0.707102 -3.93924e-17
vn -0.707111 -0.707102 -2.38641e-17


# Faces: 
usemtl material4
f 64/120/89 59/115/89 60/116/89
f 59/115/89 64/120/89 57/113/89
f 60/116/89 63/119/89 64/120/89
f 63/119/89 60/116/89 62/118/89
f 61/117/89 62/118/89 60/116/89
f 58/114/89 59/115/89 57/113/89
f 51/123/90 56/128/90 52/124/90
f 56/128/90 51/123/90 49/121/90
f 55/127/90 52/124/90 56/128/90
f 52/124/90 55/127/90 54/126/90
f 54/126/90 53/125/90 52/124/90
f 51/123/90 50/122/90 49/121/90
f 65/161/91 49/129/92 50/130/93
f 65/161/91 50/130/93 58/146/94
f 65/161/91 58/146/94 57/145/95
f 65/161/91 57/145/95 49/129/92
f 66/162/96 50/131/97 51/132/98
f 66/162/96 51/132/98 59/148/99
f 66/162/96 59/148/99 58/147/100
f 66/162/96 58/147/100 50/131/97
f 67/163/101 51/133/102 52/134/103
f 67/163/101 52/134/103 60/150/104
f 67/163/101 60/150/104 59/149/105
f 67/163/101 59/149/105 51/133/102
f 68/164/106 52/135/107 53/136/108
f 68/164/106 53/136/108 61/152/109
f 68/164/106 61/152/109 60/151/110
f 68/164/106 60/151/110 52/135/107
f 69/165/111 53/137/112 54/138/113
f 69/165/111 54/138/113 62/154/114
f 69/165/111 62/154/114 61/153/115
f 69/165/111 61/153/115 53/137/112
f 70/166/116 54/139/117 55/140/118
f 70/166/116 55/140/118 63/156/119
f 70/166/116 63/156/119 62/155/120
f 70/166/116 62/155/120 54/139/117
f 71/167/121 55/141/122 56/142/123
f 71/167/121 56/142/123 64/158/124
f 71/167/121 64/158/124 63/157/125
f 71/167/121 63/157/125 55/141/122
f 72/168/126 56/143/127 49/144/128
f 72/168/126 49/144/128 57/160/129
f 72/168/126 57/160/129 64/159/130
f 72/168/126 64/159/130 56/143/127

# Vertex Positions: 
g groupNumber_5
v -0.672171 1.06131 -0.0882508
v -0.353763 0.742905 -0.0882508
v 0.707542 1.80424 -0.0882508
v 1.09669 1.4151 -0.0882508
v 0.742925 1.06133 -0.0882508
v 1.06134 0.742932 -0.0882508
v 1.73348 1.41511 -0.0882508
v 0.707534 2.44103 -0.0882508
v -0.672171 1.06131 0.0882479
v -0.353763 0.742905 0.0882479
v 0.707542 1.80424 0.0882479
v 1.09669 1.4151 0.0882479
v 0.742925 1.06133 0.0882479
v 1.06134 0.742932 0.0882479
v 1.73348 1.41511 0.0882479
v 0.707534 2.44103 0.0882479
v -0.512967 0.902105 -1.44605e-06
v 0.17689 1.27357 -1.44605e-06
v 0.902115 1.60967 -1.44605e-06
v 0.919807 1.23821 -1.44605e-06
v 0.902131 0.90213 -1.44605e-06
v 1.39741 1.07902 -1.44605e-06
v 1.22051 1.92807 -1.44605e-06
v 0.0176813 1.75117 -1.44605e-06


# Vertex Texture Coordinates :
vt 0.37503 0
vt 0.461571 0.0865409
vt 0.173109 0.375003
vt 0.278876 0.48077
vt 0.375029 0.384617
vt 0.461568 0.471159
vt 0.278876 0.653847
vt 3.16679e-05 0.375003
vt 0.556206 0
vt 0.469665 0.0865409
vt 0.758127 0.375003
vt 0.65236 0.48077
vt 0.556207 0.384617
vt 0.469667 0.471159
vt 0.65236 0.653847
vt 0.931204 0.375003
vt 0 0.661867
vt 0.122387 0.661867
vt 9.88005e-06 0.717897
vt 0.407957 0.717897
vt 0.130472 0.661867
vt 0.280049 0.661867
vt 0.288121 0.661867
vt 0.424101 0.661867
vt 1.02045e-10 0.773928
vt 0.122387 0.773928
vt 0.130433 0.773928
vt 0.388796 0.773928
vt 2.63476e-05 0.829958
vt 0.394371 0.829958
vt 0.469669 0.661867
vt 1 0.661867
vt 0 0.709839
vt 0.122387 0.709839
vt 9.88005e-06 0.765869
vt 0.407957 0.765869
vt 0.130472 0.709839
vt 0.280049 0.709839
vt 0.288121 0.709839
vt 0.424101 0.709839
vt 1.02045e-10 0.821899
vt 0.122387 0.821899
vt 0.130433 0.821899
vt 0.388796 0.821899
vt 2.63476e-05 0.87793
vt 0.394371 0.87793
vt 0.469669 0.709839
vt 1 0.709839
vt 0.0611937 0.685853
vt 0.203983 0.741883
vt 0.20526 0.685853
vt 0.356111 0.685853
vt 0.0611937 0.797913
vt 0.259614 0.797913
vt 0.197199 0.853944
vt 0.734835 0.685853


# Vertex Surface Normals: 
vn 0 0 1
vn 0 0 -1
vn -0.707097 -0.707116 -6.54196e-18
vn -0.707097 -0.707116 -1.47619e-16
vn -0.707097 -0.707116 -1.12019e-16
vn -0.707097 -0.707116 1.60703e-16
vn -0.707097 -0.707116 1.25103e-16
vn 0.707116 -0.707097 -1.57618e-16
vn 0.707116 -0.707097 1.57618e-16
vn 0.707116 -0.707097 1.57618e-16
vn 0.707116 -0.707097 1.57618e-16
vn 0.707116 -0.707097 1.57618e-16
vn -0.707097 -0.707116 -4.83127e-18
vn -0.707097 -0.707116 4.83127e-18
vn -0.707097 -0.707116 4.83127e-18
vn -0.707097 -0.707116 4.83127e-18
vn -0.707097 -0.707116 4.83127e-18
vn -0.707116 0.707097 2.57166e-17
vn -0.707116 0.707097 -9.45374e-17
vn -0.707116 0.707097 -8.23956e-17
vn -0.707116 0.707097 4.31042e-17
vn -0.707116 0.707097 3.09623e-17
vn -0.707088 -0.707126 -1.32588e-17
vn -0.707088 -0.707126 -6.56648e-17
vn -0.707088 -0.707126 -5.35231e-17
vn -0.707088 -0.707126 9.21824e-17
vn -0.707088 -0.707126 8.00407e-17
vn 0.707125 -0.707088 -3.13573e-17
vn 0.707125 -0.707088 -3.74481e-18
vn 0.707125 -0.707088 -3.21478e-18
vn 0.707125 -0.707088 6.64595e-17
vn 0.707125 -0.707088 6.59294e-17
vn 0.707097 0.707116 -7.60407e-17
vn 0.707097 0.707116 -5.73075e-17
vn 0.707097 0.707116 1.33331e-16
vn 0.707097 0.707116 2.09389e-16
vn 0.707097 0.707116 1.87505e-17
vn -0.707112 0.707102 6.54262e-17
vn -0.707112 0.707102 -9.14601e-17
vn -0.707112 0.707102 -1.06988e-16
vn -0.707112 0.707102 -3.93924e-17
vn -0.707112 0.707102 -2.38641e-17


# Faces: 
usemtl material5
f 88/176/131 83/171/131 84/172/131
f 83/171/131 88/176/131 81/169/131
f 84/172/131 87/175/131 88/176/131
f 87/175/131 84/172/131 86/174/131
f 85/173/131 86/174/131 84/172/131
f 82/170/131 83/171/131 81/169/131
f 75/179/132 80/184/132 76/180/132
f 80/184/132 75/179/132 73/177/132
f 79/183/132 76/180/132 80/184/132
f 76/180/132 79/183/132 78/182/132
f 78/182/132 77/181/132 76/180/132
f 75/179/132 74/178/132 73/177/132
f 89/217/133 73/185/134 74/186/135
f 89/217/133 74/186/135 82/202/136
f 89/217/133 82/202/136 81/201/137
f 89/217/133 81/201/137 73/185/134
f 90/218/138 74/187/139 75/188/140
f 90/218/138 75/188/140 83/204/141
f 90/218/138 83/204/141 82/203/142
f 90/218/138 82/203/142 74/187/139
f 91/219/143 75/189/144 76/190/145
f 91/219/143 76/190/145 84/206/146
f 91/219/143 84/206/146 83/205/147
f 91/219/143 83/205/147 75/189/144
f 92/220/148 76/191/149 77/192/150
f 92/220/148 77/192/150 85/208/151
f 92/220/148 85/208/151 84/207/152
f 92/220/148 84/207/152 76/191/149
f 93/221/153 77/193/154 78/194/155
f 93/221/153 78/194/155 86/210/156
f 93/221/153 86/210/156 85/209/157
f 93/221/153 85/209/157 77/193/154
f 94/222/158 78/195/159 79/196/160
f 94/222/158 79/196/160 87/212/161
f 94/222/158 87/212/161 86/211/162
f 94/222/158 86/211/162 78/195/159
f 95/223/163 79/197/164 80/198/165
f 95/223/163 80/198/165 88/214/166
f 95/223/163 88/214/166 87/213/167
f 95/223/163 87/213/167 79/197/164
f 96/224/168 80/199/169 73/200/170
f 96/224/168 73/200/170 81/216/171
f 96/224/168 81/216/171 88/215/172
f 96/224/168 88/215/172 80/199/169

# Vertex Positions: 
g groupNumber_6
v 0.672167 -1.06133 -0.0882508
v 0.353761 -0.742931 -0.0882508
v -0.707554 -1.80426 -0.0882508
v -1.0967 -1.41512 -0.0882508
v -0.742931 -1.06135 -0.0882508
v -1.06134 -0.742948 -0.0882508
v -1.73349 -1.41512 -0.0882508
v -0.70755 -2.44105 -0.0882508
v 0.672167 -1.06133 0.0882482
v 0.353761 -0.742931 0.0882482
v -0.707554 -1.80426 0.0882482
v -1.0967 -1.41512 0.0882482
v -0.742931 -1.06135 0.0882482
v -1.06134 -0.742948 0.0882482
v -1.73349 -1.41512 0.0882482
v -0.70755 -2.44105 0.0882482
v 0.512964 -0.902133 -1.27544e-06
v -0.176897 -1.27359 -1.27544e-06
v -0.902126 -1.60969 -1.27544e-06
v -0.919815 -1.23823 -1.27544e-06
v -0.902137 -0.902148 -1.27544e-06
v -1.39742 -1.07904 -1.27544e-06
v -1.22052 -1.92809 -1.27544e-06
v -0.0176913 -1.75119 -1.27544e-06


# Vertex Texture Coordinates :
vt 0.37503 0
vt 0.461571 0.0865409
vt 0.173109 0.375003
vt 0.278876 0.48077
vt 0.375029 0.384617
vt 0.461568 0.471159
vt 0.278876 0.653847
vt 3.16679e-05 0.375003
vt 0.556206 0
vt 0.469665 0.0865409
vt 0.758127 0.375003
vt 0.65236 0.48077
vt 0.556207 0.384617
vt 0.469667 0.471159
vt 0.65236 0.653847
vt 0.931204 0.375003
vt 0 0.661867
vt 0.122387 0.661867
vt 9.88005e-06 0.717897
vt 0.407957 0.717897
vt 0.130472 0.661867
vt 0.280049 0.661867
vt 0.288121 0.661867
vt 0.424101 0.661867
vt 1.02045e-10 0.773928
vt 0.122387 0.773928
vt 0.130433 0.773928
vt 0.388796 0.773928
vt 2.63476e-05 0.829958
vt 0.394371 0.829958
vt 0.469669 0.661867
vt 1 0.661867
vt 0 0.709839
vt 0.122387 0.709839
vt 9.88005e-06 0.765869
vt 0.407957 0.765869
vt 0.130472 0.709839
vt 0.280049 0.709839
vt 0.288121 0.709839
vt 0.424101 0.709839
vt 1.02045e-10 0.821899
vt 0.122387 0.821899
vt 0.130433 0.821899
vt 0.388796 0.821899
vt 2.63476e-05 0.87793
vt 0.394371 0.87793
vt 0.469669 0.709839
vt 1 0.709839
vt 0.0611937 0.685853
vt 0.203983 0.741883
vt 0.20526 0.685853
vt 0.356111 0.685853
vt 0.0611937 0.797913
vt 0.259614 0.797913
vt 0.197199 0.853944
vt 0.734835 0.685853


# Vertex Surface Normals: 
vn 0 0 1
vn 0 0 -1
vn 0.707103 0.707111 -6.54196e-18
vn 0.707103 0.707111 -1.47619e-16
vn 0.707103 0.707111 -1.12019e-16
vn 0.707103 0.707111 1.60703e-16
vn 0.707103 0.707111 1.25103e-16
vn -0.707111 0.707103 -1.57618e-16
vn -0.707111 0.707103 1.57618e-16
vn -0.707111 0.707103 1.57618e-16
vn -0.707111 0.707103 1.57618e-16
vn -0.707111 0.707103 1.57618e-16
vn 0.707103 0.707111 -4.83127e-18
vn 0.707103 0.707111 4.83127e-18
vn 0.707103 0.707111 4.83127e-18
vn 0.707103 0.707111 4.83127e-18
vn 0.707103 0.707111 4.83127e-18
vn 0.707111 -0.707103 2.57166e-17
vn 0.707111 -0.707103 -9.45374e-17
vn 0.707111 -0.707103 -8.23956e-17
vn 0.707111 -0.707103 4.31042e-17
vn 0.707111 -0.707103 3.09623e-17
vn 0.707093 0.707121 -1.32588e-17
vn 0.707093 0.707121 -6.56648e-17
vn 0.707093 0.707121 -5.35231e-17
vn 0.707093 0.707121 9.21824e-17
vn 0.707093 0.707121 8.00407e-17
vn -0.70712 0.707094 -3.13573e-17
vn -0.70712 0.707094 -3.74481e-18
vn -0.70712 0.707094 -3.21478e-18
vn -0.70712 0.707094 6.64595e-17
vn -0.70712 0.707094 6.59294e-17
vn -0.707103 -0.707111 -7.60407e-17
vn -0.707103 -0.707111 -5.73075e-17
vn -0.707103 -0.707111 1.33331e-16
vn -0.707103 -0.707111 2.09389e-16
vn -0.707103 -0.707111 1.87505e-17
vn 0.707107 -0.707107 6.54262e-17
vn 0.707107 -0.707107 -9.14601e-17
vn 0.707107 -0.707107 -1.06988e-16
vn 0.707107 -0.707107 -3.93924e-17
vn 0.707107 -0.707107 -2.38641e-17


# Faces: 
usemtl material6
f 112/232/173 107/227/173 108/228/173
f 107/227/173 112/232/173 105/225/173
f 108/228/173 111/231/173 112/232/173
f 111/231/173 108/228/173 110/230/173
f 109/229/173 110/230/173 108/228/173
f 106/226/173 107/227/173 105/225/173
f 99/235/174 104/240/174 100/236/174
f 104/240/174 99/235/174 97/233/174
f 103/239/174 100/236/174 104/240/174
f 100/236/174 103/239/174 102/238/174
f 102/238/174 101/237/174 100/236/174
f 99/235/174 98/234/174 97/233/174
f 113/273/175 97/241/176 98/242/177
f 113/273/175 98/242/177 106/258/178
f 113/273/175 106/258/178 105/257/179
f 113/273/175 105/257/179 97/241/176
f 114/274/180 98/243/181 99/244/182
f 114/274/180 99/244/182 107/260/183
f 114/274/180 107/260/183 106/259/184
f 114/274/180 106/259/184 98/243/181
f 115/275/185 99/245/186 100/246/187
f 115/275/185 100/246/187 108/262/188
f 115/275/185 108/262/188 107/261/189
f 115/275/185 107/261/189 99/245/186
f 116/276/190 100/247/191 101/248/192
f 116/276/190 101/248/192 109/264/193
f 116/276/190 109/264/193 108/263/194
f 116/276/190 108/263/194 100/247/191
f 117/277/195 101/249/196 102/250/197
f 117/277/195 102/250/197 110/266/198
f 117/277/195 110/266/198 109/265/199
f 117/277/195 109/265/199 101/249/196
f 118/278/200 102/251/201 103/252/202
f 118/278/200 103/252/202 111/268/203
f 118/278/200 111/268/203 110/267/204
f 118/278/200 110/267/204 102/251/201
f 119/279/205 103/253/206 104/254/207
f 119/279/205 104/254/207 112/270/208
f 119/279/205 112/270/208 111/269/209
f 119/279/205 111/269/209 103/253/206
f 120/280/210 104/255/211 97/256/212
f 120/280/210 97/256/212 105/272/213
f 120/280/210 105/272/213 112/271/214
f 120/280/210 112/271/214 104/255/211

# Vertex Positions: 
g groupNumber_7
v 0.353781 -0.0353656 -0.0882508
v 0.0353676 -0.353771 -0.0882508
v 1.09669 -1.41512 -0.0882508
v 0.707539 -1.80426 -0.0882508
v 0.353769 -1.45048 -0.0882508
v 0.0353597 -1.76889 -0.0882508
v 0.707531 -2.44106 -0.0882508
v 1.73349 -1.41513 -0.0882508
v 0.353781 -0.0353656 0.0882508
v 0.0353676 -0.353771 0.0882508
v 1.09669 -1.41512 0.0882508
v 0.707539 -1.80426 0.0882508
v 0.353769 -1.45048 0.0882508
v 0.0353597 -1.76889 0.0882508
v 0.707531 -2.44106 0.0882508
v 1.73349 -1.41513 0.0882508
v 0.194574 -0.194568 0
v 0.566029 -0.884446 0
v 0.902115 -1.60969 0
v 0.530654 -1.62737 0
v 0.194564 -1.60969 0
v 0.371446 -2.10498 0
v 1.22051 -1.9281 0
v 1.04364 -0.725246 0


# Vertex Texture Coordinates :
vt 0.37503 0
vt 0.461571 0.0865409
vt 0.173109 0.375003
vt 0.278876 0.48077
vt 0.375029 0.384617
vt 0.461568 0.471159
vt 0.278876 0.653847
vt 3.16679e-05 0.375003
vt 0.556206 0
vt 0.469665 0.0865409
vt 0.758127 0.375003
vt 0.65236 0.48077
vt 0.556207 0.384617
vt 0.469667 0.471159
vt 0.65236 0.653847
vt 0.931204 0.375003
vt 0 0.661867
vt 0.122387 0.661867
vt 9.88005e-06 0.717897
vt 0.407957 0.717897
vt 0.130472 0.661867
vt 0.280049 0.661867
vt 0.288121 0.661867
vt 0.424101 0.661867
vt 1.02045e-10 0.773928
vt 0.122387 0.773928
vt 0.130433 0.773928
vt 0.388796 0.773928
vt 2.63476e-05 0.829958
vt 0.394371 0.829958
vt 0.469669 0.661867
vt 1 0.661867
vt 0 0.709839
vt 0.122387 0.709839
vt 9.88005e-06 0.765869
vt 0.407957 0.765869
vt 0.130472 0.709839
vt 0.280049 0.709839
vt 0.288121 0.709839
vt 0.424101 0.709839
vt 1.02045e-10 0.821899
vt 0.122387 0.821899
vt 0.130433 0.821899
vt 0.388796 0.821899
vt 2.63476e-05 0.87793
vt 0.394371 0.87793
vt 0.469669 0.709839
vt 1 0.709839
vt 0.0611937 0.685853
vt 0.203983 0.741883
vt 0.20526 0.685853
vt 0.356111 0.685853
vt 0.0611937 0.797913
vt 0.259614 0.797913
vt 0.197199 0.853944
vt 0.734835 0.685853


# Vertex Surface Normals: 
vn 0 0 1
vn 0 0 -1
vn -0.707099 0.707115 -6.54196e-18
vn -0.707099 0.707115 -1.47619e-16
vn -0.707099 0.707115 -1.12019e-16
vn -0.707099 0.707115 1.60703e-16
vn -0.707099 0.707115 1.25103e-16
vn -0.707115 -0.707099 -1.57618e-16
vn -0.707115 -0.707099 1.57618e-16
vn -0.707115 -0.707099 1.57618e-16
vn -0.707115 -0.707099 1.57618e-16
vn -0.707115 -0.707099 1.57618e-16
vn -0.707099 0.707115 -4.83127e-18
vn -0.707099 0.707115 4.83127e-18
vn -0.707099 0.707115 4.83127e-18
vn -0.707099 0.707115 4.83127e-18
vn -0.707099 0.707115 4.83127e-18
vn 0.707115 0.707099 2.57166e-17
vn 0.707115 0.707099 -9.45374e-17
vn 0.707115 0.707099 -8.23956e-17
vn 0.707115 0.707099 4.31042e-17
vn 0.707115 0.707099 3.09623e-17
vn -0.707108 0.707105 -1.32588e-17
vn -0.707108 0.707105 -6.56648e-17
vn -0.707108 0.707105 -5.35231e-17
vn -0.707108 0.707105 9.21824e-17
vn -0.707108 0.707105 8.00407e-17
vn -0.707106 -0.707108 -3.13573e-17
vn -0.707106 -0.707108 -3.74481e-18
vn -0.707106 -0.707108 -3.21478e-18
vn -0.707106 -0.707108 6.64595e-17
vn -0.707106 -0.707108 6.59294e-17
vn 0.707099 -0.707115 -7.60407e-17
vn 0.707099 -0.707115 -5.73075e-17
vn 0.707099 -0.707115 1.33331e-16
vn 0.707099 -0.707115 2.09389e-16
vn 0.707099 -0.707115 1.87505e-17
vn 0.707119 0.707094 6.54262e-17
vn 0.707119 0.707094 -9.14601e-17
vn 0.707119 0.707094 -1.06988e-16
vn 0.707119 0.707094 -3.93924e-17
vn 0.707119 0.707094 -2.38641e-17


# Faces: 
usemtl material7
f 136/288/215 131/283/215 132/284/215
f 131/283/215 136/288/215 129/281/215
f 132/284/215 135/287/215 136/288/215
f 135/287/215 132/284/215 134/286/215
f 133/285/215 134/286/215 132/284/215
f 130/282/215 131/283/215 129/281/215
f 123/291/216 128/296/216 124/292/216
f 128/296/216 123/291/216 121/289/216
f 127/295/216 124/292/216 128/296/216
f 124/292/216 127/295/216 126/294/216
f 126/294/216 125/293/216 124/292/216
f 123/291/216 122/290/216 121/289/216
f 137/329/217 121/297/218 122/298/219
f 137/329/217 122/298/219 130/314/220
f 137/329/217 130/314/220 129/313/221
f 137/329/217 129/313/221 121/297/218
f 138/330/222 122/299/223 123/300/224
f 138/330/222 123/300/224 131/316/225
f 138/330/222 131/316/225 130/315/226
f 138/330/222 130/315/226 122/299/223
f 139/331/227 123/301/228 124/302/229
f 139/331/227 124/302/229 132/318/230
f 139/331/227 132/318/230 131/317/231
f 139/331/227 131/317/231 123/301/228
f 140/332/232 124/303/233 125/304/234
f 140/332/232 125/304/234 133/320/235
f 140/332/232 133/320/235 132/319/236
f 140/332/232 132/319/236 124/303/233
f 141/333/237 125/305/238 126/306/239
f 141/333/237 126/306/239 134/322/240
f 141/333/237 134/322/240 133/321/241
f 141/333/237 133/321/241 125/305/238
f 142/334/242 126/307/243 127/308/244
f 142/334/242 127/308/244 135/324/245
f 142/334/242 135/324/245 134/323/246
f 142/334/242 134/323/246 126/307/243
f 143/335/247 127/309/248 128/310/249
f 143/335/247 128/310/249 136/326/250
f 143/335/247 136/326/250 135/325/251
f 143/335/247 135/325/251 127/309/248
f 144/336/252 128/311/253 121/312/254
f 144/336/252 121/312/254 129/328/255
f 144/336/252 129/328/255 136/327/256
f 144/336/252 136/327/256 128/311/253

# Vertex Positions: 
g groupNumber_8
v -2.12265 -1.02597 -0.0882508
v -0.742922 0.353765 -0.0882508
v -1.06133 0.672169 -0.0882508
v -2.12265 -0.389153 -0.0882508
v -2.5118 -8.61816e-06 -0.0882508
v -2.12265 0.389153 -0.0882508
v -1.76888 0.0353776 -0.0882508
v -1.45048 0.353771 -0.0882508
v -2.12265 1.02595 -0.0882508
v -3.14859 -8.61816e-06 -0.0882508
v -2.12265 -1.02597 0.0882492
v -0.742922 0.353765 0.0882492
v -1.06133 0.672169 0.0882492
v -2.12265 -0.389153 0.0882492
v -2.5118 -8.61816e-06 0.0882492
v -2.12265 0.389153 0.0882492
v -1.76888 0.0353776 0.0882492
v -1.45048 0.353771 0.0882492
v -2.12265 1.02595 0.0882492
v -3.14859 -8.61816e-06 0.0882492
v -1.43279 -0.336101 -7.63607e-07
v -0.902127 0.512967 -7.63607e-07
v -1.59199 0.141508 -7.63607e-07
v -2.31723 -0.194581 -7.63607e-07
v -2.31723 0.194572 -7.63607e-07
v -1.94577 0.212265 -7.63607e-07
v -1.60968 0.194574 -7.63607e-07
v -1.78656 0.68986 -7.63607e-07
v -2.63562 0.51297 -7.63607e-07
v -2.63562 -0.512988 -7.63607e-07


# Vertex Texture Coordinates :
vt 0.23642 0
vt 0.554368 0.317948
vt 0.480993 0.391322
vt 0.23642 0.146748
vt 0.146745 0.236424
vt 0.23642 0.326103
vt 0.317944 0.244578
vt 0.391318 0.317949
vt 0.23642 0.472847
vt 0 0.236424
vt 0.317948 0.479658
vt 0 0.797606
vt 0.0733747 0.87098
vt 0.317948 0.626406
vt 0.407623 0.716082
vt 0.317948 0.805761
vt 0.236423 0.724236
vt 0.16305 0.797607
vt 0.317948 0.952505
vt 0.554368 0.716082
vt 5.03638e-05 0.959327
vt 0.449697 0.959327
vt 0.561156 1.10381e-05
vt 0.664923 1.10381e-05
vt 0.561165 0.0475167
vt 0.907043 0.0475167
vt 0.671777 1.10381e-05
vt 0.798597 1.10381e-05
vt 0.805495 1.10381e-05
vt 0.932318 1.10381e-05
vt 0.561145 0.0950223
vt 0.676438 0.0950223
vt 0.683237 0.0950223
vt 0.787001 0.0950223
vt 0.561166 0.142528
vt 0.780225 0.142528
vt 0.561177 0.190034
vt 0.895527 0.190034
vt 0.561177 0.237539
vt 0.895527 0.237539
vt 5.03638e-05 1
vt 0.449697 1
vt 0.561156 0.040684
vt 0.664923 0.040684
vt 0.561165 0.0881897
vt 0.907043 0.0881897
vt 0.671777 0.040684
vt 0.798597 0.040684
vt 0.805495 0.040684
vt 0.932318 0.040684
vt 0.561145 0.135695
vt 0.676438 0.135695
vt 0.683237 0.135695
vt 0.787001 0.135695
vt 0.561166 0.183201
vt 0.780225 0.183201
vt 0.561177 0.230707
vt 0.895527 0.230707
vt 0.561177 0.278212
vt 0.895527 0.278212
vt 0.224874 0.979664
vt 0.613039 0.0203475
vt 0.734104 0.0678532
vt 0.735187 0.0203475
vt 0.868906 0.0203475
vt 0.618791 0.115359
vt 0.735119 0.115359
vt 0.670696 0.162864
vt 0.728352 0.21037
vt 0.728352 0.257876


# Vertex Surface Normals: 
vn 0 0 1
vn 0 0 -1
vn 0.707107 -0.707107 1.67931e-16
vn 0.707107 -0.707107 -2.22322e-16
vn 0.707107 -0.707107 -1.74756e-16
vn 0.707107 -0.707107 -1.1354e-16
vn 0.707107 -0.707107 -1.61106e-16
vn 0.707102 0.707112 -1.80367e-18
vn 0.707102 0.707112 6.925e-17
vn 0.707102 0.707112 6.61369e-17
vn 0.707102 0.707112 -6.56426e-17
vn 0.707102 0.707112 -6.25296e-17
vn -0.707107 0.707107 1.05498e-16
vn -0.707107 0.707107 -1.05498e-16
vn -0.707107 0.707107 -1.05498e-16
vn -0.707107 0.707107 -1.05498e-16
vn -0.707107 0.707107 -1.05498e-16
vn 0.707107 0.707107 1.00982e-17
vn 0.707107 0.707107 2.73723e-17
vn 0.707107 0.707107 7.42649e-17
vn 0.707107 0.707107 -4.75687e-17
vn 0.707107 0.707107 -9.44613e-17
vn 0.707122 -0.707091 -5.77448e-18
vn 0.707122 -0.707091 5.77448e-18
vn 0.707122 -0.707091 5.77448e-18
vn 0.707122 -0.707091 5.77448e-18
vn 0.707122 -0.707091 5.77448e-18
vn -0.707107 -0.707107 3.36843e-17
vn -0.707107 -0.707107 -3.36843e-17
vn -0.707107 -0.707107 -3.36843e-17
vn -0.707107 -0.707107 -3.36843e-17
vn -0.707107 -0.707107 -3.36843e-17
vn 0.707097 -0.707116 -3.13138e-17
vn 0.707097 -0.707116 6.34839e-17
vn 0.707097 -0.707116 6.50354e-17
vn 0.707097 -0.707116 -8.56212e-19
vn 0.707097 -0.707116 -2.40772e-18
vn 0.707107 0.707107 7.09247e-17
vn 0.707107 0.707107 8.52889e-18
vn 0.707107 0.707107 -2.42384e-17
vn 0.707107 0.707107 -1.50378e-16
vn 0.707107 0.707107 -1.17611e-16
vn -0.707113 0.707101 3.88915e-17
vn -0.707113 0.707101 2.64884e-17
vn -0.707113 0.707101 -1.736e-16
vn -0.707113 0.707101 -1.04271e-16
vn -0.707113 0.707101 9.58174e-17
vn -0.707113 -0.707101 -3.88915e-17
vn -0.707113 -0.707101 1.04271e-16
vn -0.707113 -0.707101 -9.58174e-17
vn -0.707113 -0.707101 -2.64884e-17
vn -0.707113 -0.707101 1.736e-16


# Faces: 
usemtl material8
f 155/337/257 158/340/257 164/346/257
f 156/338/257 158/340/257 155/337/257
f 164/346/257 159/341/257 160/342/257
f 159/341/257 164/346/257 158/340/257
f 164/346/257 160/342/257 163/345/257
f 158/340/257 156/338/257 157/339/257
f 163/345/257 160/342/257 162/344/257
f 162/344/257 160/342/257 161/343/257
f 148/350/258 145/347/258 154/356/258
f 148/350/258 146/348/258 145/347/258
f 149/351/258 154/356/258 150/352/258
f 154/356/258 149/351/258 148/350/258
f 150/352/258 154/356/258 153/355/258
f 146/348/258 148/350/258 147/349/258
f 150/352/258 153/355/258 152/354/258
f 150/352/258 152/354/258 151/353/258
f 165/397/259 145/357/260 146/358/261
f 165/397/259 146/358/261 156/378/262
f 165/397/259 156/378/262 155/377/263
f 165/397/259 155/377/263 145/357/260
f 166/398/264 146/359/265 147/360/266
f 166/398/264 147/360/266 157/380/267
f 166/398/264 157/380/267 156/379/268
f 166/398/264 156/379/268 146/359/265
f 167/399/269 147/361/270 148/362/271
f 167/399/269 148/362/271 158/382/272
f 167/399/269 158/382/272 157/381/273
f 167/399/269 157/381/273 147/361/270
f 168/400/274 148/363/275 149/364/276
f 168/400/274 149/364/276 159/384/277
f 168/400/274 159/384/277 158/383/278
f 168/400/274 158/383/278 148/363/275
f 169/401/279 149/365/280 150/366/281
f 169/401/279 150/366/281 160/386/282
f 169/401/279 160/386/282 159/385/283
f 169/401/279 159/385/283 149/365/280
f 170/402/284 150/367/285 151/368/286
f 170/402/284 151/368/286 161/388/287
f 170/402/284 161/388/287 160/387/288
f 170/402/284 160/387/288 150/367/285
f 171/403/289 151/369/290 152/370/291
f 171/403/289 152/370/291 162/390/292
f 171/403/289 162/390/292 161/389/293
f 171/403/289 161/389/293 151/369/290
f 172/404/294 152/371/295 153/372/296
f 172/404/294 153/372/296 163/392/297
f 172/404/294 163/392/297 162/391/298
f 172/404/294 162/391/298 152/371/295
f 173/405/299 153/373/300 154/374/301
f 173/405/299 154/374/301 164/394/302
f 173/405/299 164/394/302 163/393/303
f 173/405/299 163/393/303 153/373/300
f 174/406/304 154/375/305 145/376/306
f 174/406/304 145/376/306 155/396/307
f 174/406/304 155/396/307 164/395/308
f 174/406/304 164/395/308 154/375/305

# Vertex Positions: 
g groupNumber_9
v 2.12267 -1.02597 -0.0882508
v 3.14861 -8.6183e-06 -0.0882508
v 2.12267 1.02593 -0.0882508
v 0.742909 -0.353778 -0.0882508
v 1.06131 -0.672187 -0.0882508
v 2.12267 0.389153 -0.0882508
v 2.5118 -8.6183e-06 -0.0882508
v 2.49412 -0.0176909 -0.0882508
v 2.51181 -0.035384 -0.0882508
v 2.15803 -0.38916 -0.0882508
v 2.14035 -0.371475 -0.0882508
v 2.12267 -0.389153 -0.0882508
v 1.76888 -0.0353948 -0.0882508
v 1.45048 -0.353776 -0.0882508
v 2.12267 -1.02597 0.0882492
v 3.14861 -8.6183e-06 0.0882492
v 2.12267 1.02593 0.0882492
v 0.742909 -0.353778 0.0882492
v 1.06131 -0.672187 0.0882492
v 2.12267 0.389153 0.0882492
v 2.5118 -8.6183e-06 0.0882492
v 2.49412 -0.0176909 0.0882492
v 2.51181 -0.035384 0.0882492
v 2.15803 -0.38916 0.0882492
v 2.14035 -0.371475 0.0882492
v 2.12267 -0.389153 0.0882492
v 1.76888 -0.0353948 0.0882492
v 1.45048 -0.353776 0.0882492
v 2.63564 -0.512988 -7.63607e-07
v 2.63564 0.512962 -7.63607e-07
v 1.43279 0.336077 -7.63607e-07
v 0.902112 -0.512982 -7.63607e-07
v 1.59199 -0.141517 -7.63607e-07
v 2.31723 0.194572 -7.63607e-07
v 2.50296 -0.00884978 -7.63607e-07
v 2.50296 -0.0265375 -7.63607e-07
v 2.33492 -0.212272 -7.63607e-07
v 2.14919 -0.380317 -7.63607e-07
v 2.13151 -0.380314 -7.63607e-07
v 1.94577 -0.212274 -7.63607e-07
v 1.60968 -0.194585 -7.63607e-07
v 1.78658 -0.689871 -7.63607e-07


# Vertex Texture Coordinates :
vt 0.314545 0
vt 0.548429 0.233888
vt 0.314545 0.467772
vt 0 0.153239
vt 0.0725868 0.0806513
vt 0.314545 0.322605
vt 0.403254 0.233888
vt 0.399223 0.229857
vt 0.403256 0.225823
vt 0.322606 0.145173
vt 0.318575 0.149205
vt 0.314545 0.145174
vt 0.23389 0.225821
vt 0.161305 0.15324
vt 0.233884 0.474519
vt 0 0.708407
vt 0.233884 0.942291
vt 0.548429 0.627758
vt 0.475842 0.555171
vt 0.233884 0.797124
vt 0.145174 0.708407
vt 0.149206 0.704376
vt 0.145172 0.700343
vt 0.225822 0.619692
vt 0.229854 0.623724
vt 0.233884 0.619694
vt 0.314538 0.70034
vt 0.387123 0.627759
vt 4.33304e-05 0.949045
vt 0.330808 0.949045
vt 0.555168 6.27444e-06
vt 0.88593 6.27444e-06
vt 0.555175 0.047003
vt 1 0.047003
vt 0.89269 6.27444e-06
vt 0.995344 6.27444e-06
vt 0.555151 0.0939996
vt 0.897328 0.0939996
vt 0.337612 0.949045
vt 0.463072 0.949045
vt 0.904078 0.0939996
vt 0.909779 0.0939996
vt 0.916529 0.0939996
vt 0.922233 0.0939996
vt 0.555134 0.140996
vt 0.66919 0.140996
vt 0.928982 0.0939996
vt 0.934684 0.0939996
vt 0.941436 0.0939996
vt 0.947135 0.0939996
vt 0.675906 0.140996
vt 0.789962 0.140996
vt 0.796691 0.140996
vt 0.89934 0.140996
vt 0.555153 0.187993
vt 0.771867 0.187993
vt 4.33304e-05 0.989281
vt 0.330808 0.989281
vt 0.555168 0.040243
vt 0.88593 0.040243
vt 0.555175 0.0872397
vt 1 0.0872397
vt 0.89269 0.040243
vt 0.995344 0.040243
vt 0.555151 0.134236
vt 0.897328 0.134236
vt 0.337612 0.989281
vt 0.463072 0.989281
vt 0.904078 0.134236
vt 0.909779 0.134236
vt 0.916529 0.134236
vt 0.922233 0.134236
vt 0.555134 0.181233
vt 0.66919 0.181233
vt 0.928982 0.134236
vt 0.934684 0.134236
vt 0.941436 0.134236
vt 0.947135 0.134236
vt 0.675906 0.181233
vt 0.789962 0.181233
vt 0.796691 0.181233
vt 0.89934 0.181233
vt 0.555153 0.22823
vt 0.771867 0.22823
vt 0.165426 0.969163
vt 0.720549 0.0201246
vt 0.777588 0.0671213
vt 0.944017 0.0201246
vt 0.726239 0.114118
vt 0.400342 0.969163
vt 0.906929 0.114118
vt 0.919381 0.114118
vt 0.612162 0.161115
vt 0.931833 0.114118
vt 0.944285 0.114118
vt 0.732934 0.161115
vt 0.848016 0.161115
vt 0.66351 0.208111


# Vertex Surface Normals: 
vn 0 0 1
vn 0 0 -1
vn 0.707113 -0.707101 -5.71241e-17
vn 0.707113 -0.707101 1.33945e-16
vn 0.707113 -0.707101 -1.96963e-17
vn 0.707113 -0.707101 -1.96966e-17
vn 0.707113 -0.707101 1.33945e-16
vn 0.707107 0.707107 2.43452e-17
vn 0.707107 0.707107 2.00841e-16
vn 0.707107 0.707107 2.00841e-16
vn 0.707107 0.707107 1.2669e-16
vn 0.707107 0.707107 1.2669e-16
vn -0.707094 0.70712 -7.95298e-17
vn -0.707094 0.70712 7.95298e-17
vn -0.707094 0.70712 7.95298e-17
vn -0.707094 0.70712 7.95298e-17
vn -0.707094 0.70712 7.95298e-17
vn -0.707112 -0.707102 1.45283e-18
vn -0.707112 -0.707102 -4.59612e-17
vn -0.707112 -0.707102 -8.0676e-17
vn -0.707112 -0.707102 4.30555e-17
vn -0.707112 -0.707102 7.77704e-17
vn 0.707101 -0.707113 -6.61207e-17
vn 0.707101 -0.707113 8.94355e-18
vn 0.707101 -0.707113 7.43654e-17
vn 0.707101 -0.707113 1.23298e-16
vn 0.707101 -0.707113 5.7876e-17
vn -0.707138 -0.707075 -3.29773e-17
vn -0.707138 -0.707075 3.29773e-17
vn -0.707138 -0.707075 3.29773e-17
vn -0.707138 -0.707075 3.29773e-17
vn -0.707138 -0.707075 3.29773e-17
vn -0.707107 0.707107 3.28801e-19
vn -0.707107 0.707107 -3.28801e-19
vn -0.707107 0.707107 -3.28801e-19
vn -0.707107 0.707107 -3.28801e-19
vn -0.707107 0.707107 -3.28801e-19
vn -0.707107 -0.707107 -1.317e-18
vn -0.707107 -0.707107 1.317e-18
vn -0.707107 -0.707107 1.317e-18
vn -0.707107 -0.707107 1.317e-18
vn -0.707107 -0.707107 1.317e-18
vn -0.707107 0.707107 2.39202e-17
vn -0.707107 0.707107 -2.39202e-17
vn -0.707107 0.707107 -2.39202e-17
vn -0.707107 0.707107 -2.39202e-17
vn -0.707107 0.707107 -2.39202e-17
vn 0.707107 0.707107 -2.91717e-19
vn 0.707107 0.707107 2.91717e-19
vn 0.707107 0.707107 2.91717e-19
vn 0.707107 0.707107 2.91717e-19
vn 0.707107 0.707107 2.91717e-19
vn -0.707107 0.707107 -1.13909e-18
vn -0.707107 0.707107 1.13909e-18
vn -0.707107 0.707107 1.13909e-18
vn -0.707107 0.707107 1.13909e-18
vn -0.707107 0.707107 1.13909e-18
vn 0.707072 0.707141 4.49453e-18
vn 0.707072 0.707141 -4.49453e-18
vn 0.707072 0.707141 -4.49453e-18
vn 0.707072 0.707141 -4.49453e-18
vn 0.707072 0.707141 -4.49453e-18
vn -0.707088 0.707126 1.35087e-17
vn -0.707088 0.707126 -1.35087e-17
vn -0.707088 0.707126 -1.35087e-17
vn -0.707088 0.707126 -1.35087e-17
vn -0.707088 0.707126 -1.35087e-17
vn -0.707107 -0.707107 6.18345e-17
vn -0.707107 -0.707107 -9.31369e-17
vn -0.707107 -0.707107 -9.83268e-17
vn -0.707107 -0.707107 -3.05321e-17
vn -0.707107 -0.707107 -2.53422e-17


# Faces: 
usemtl material9
f 200/418/309 189/407/309 198/416/309
f 202/420/309 189/407/309 200/418/309
f 194/412/309 192/410/309 193/411/309
f 202/420/309 200/418/309 201/419/309
f 194/412/309 191/409/309 192/410/309
f 198/416/309 199/417/309 200/418/309
f 198/416/309 189/407/309 197/415/309
f 195/413/309 190/408/309 194/412/309
f 190/408/309 191/409/309 194/412/309
f 195/413/309 196/414/309 197/415/309
f 197/415/309 190/408/309 195/413/309
f 189/407/309 190/408/309 197/415/309
f 175/421/310 186/432/310 184/430/310
f 175/421/310 188/434/310 186/432/310
f 178/424/310 180/426/310 179/425/310
f 186/432/310 188/434/310 187/433/310
f 177/423/310 180/426/310 178/424/310
f 185/431/310 184/430/310 186/432/310
f 175/421/310 184/430/310 183/429/310
f 176/422/310 181/427/310 180/426/310
f 177/423/310 176/422/310 180/426/310
f 182/428/310 181/427/310 183/429/310
f 176/422/310 183/429/310 181/427/310
f 176/422/310 175/421/310 183/429/310
f 203/491/311 175/435/312 176/436/313
f 203/491/311 176/436/313 190/464/314
f 203/491/311 190/464/314 189/463/315
f 203/491/311 189/463/315 175/435/312
f 204/492/316 176/437/317 177/438/318
f 204/492/316 177/438/318 191/466/319
f 204/492/316 191/466/319 190/465/320
f 204/492/316 190/465/320 176/437/317
f 205/493/321 177/439/322 178/440/323
f 205/493/321 178/440/323 192/468/324
f 205/493/321 192/468/324 191/467/325
f 205/493/321 191/467/325 177/439/322
f 206/494/326 178/441/327 179/442/328
f 206/494/326 179/442/328 193/470/329
f 206/494/326 193/470/329 192/469/330
f 206/494/326 192/469/330 178/441/327
f 207/495/331 179/443/332 180/444/333
f 207/495/331 180/444/333 194/472/334
f 207/495/331 194/472/334 193/471/335
f 207/495/331 193/471/335 179/443/332
f 208/496/336 180/445/337 181/446/338
f 208/496/336 181/446/338 195/474/339
f 208/496/336 195/474/339 194/473/340
f 208/496/336 194/473/340 180/445/337
f 209/497/341 181/447/342 182/448/343
f 209/497/341 182/448/343 196/476/344
f 209/497/341 196/476/344 195/475/345
f 209/497/341 195/475/345 181/447/342
f 210/498/346 182/449/347 183/450/348
f 210/498/346 183/450/348 197/478/349
f 210/498/346 197/478/349 196/477/350
f 210/498/346 196/477/350 182/449/347
f 211/499/351 183/451/352 184/452/353
f 211/499/351 184/452/353 198/480/354
f 211/499/351 198/480/354 197/479/355
f 211/499/351 197/479/355 183/451/352
f 212/500/356 184/453/357 185/454/358
f 212/500/356 185/454/358 199/482/359
f 212/500/356 199/482/359 198/481/360
f 212/500/356 198/481/360 184/453/357
f 213/501/361 185/455/362 186/456/363
f 213/501/361 186/456/363 200/484/364
f 213/501/361 200/484/364 199/483/365
f 213/501/361 199/483/365 185/455/362
f 214/502/366 186/457/367 187/458/368
f 214/502/366 187/458/368 201/486/369
f 214/502/366 201/486/369 200/485/370
f 214/502/366 200/485/370 186/457/367
f 215/503/371 187/459/372 188/460/373
f 215/503/371 188/460/373 202/488/374
f 215/503/371 202/488/374 201/487/375
f 215/503/371 201/487/375 187/459/372
f 216/504/376 188/461/377 175/462/378
f 216/504/376 175/462/378 189/490/379
f 216/504/376 189/490/379 202/489/380
f 216/504/376 202/489/380 188/461/377

# Vertex Positions: 
g groupNumber_10
v -1.80426 -8.61698e-06 -0.0882508
v -2.12265 -0.318415 -0.0882508
v -2.44106 -8.61698e-06 -0.0882508
v -2.12265 0.318381 -0.0882508
v -1.80426 -8.61698e-06 0.0882492
v -2.12265 -0.318415 0.0882492
v -2.44106 -8.61698e-06 0.0882492
v -2.12265 0.318381 0.0882492
v -1.96346 -0.159212 -7.63607e-07
v -2.28186 -0.159212 -7.63607e-07
v -2.28186 0.159186 -7.63607e-07
v -1.96346 0.159186 -7.63607e-07
v -1.06133 0.672169 -0.0882508
v -0.742922 0.353765 -0.0882508
v -2.12265 -1.02597 -0.0882508
v -3.14859 -8.61698e-06 -0.0882508
v -2.12265 1.02595 -0.0882508
v -1.45048 0.353771 -0.0882508
v -1.76888 0.0353776 -0.0882508
v -2.12265 0.389153 -0.0882508
v -2.5118 -8.61698e-06 -0.0882508
v -2.12265 -0.389153 -0.0882508
v -1.06133 0.672169 0.0882492
v -0.742922 0.353765 0.0882492
v -2.12265 -1.02597 0.0882492
v -3.14859 -8.61698e-06 0.0882492
v -2.12265 1.02595 0.0882492
v -1.45048 0.353771 0.0882492
v -1.76888 0.0353776 0.0882492
v -2.12265 0.389153 0.0882492
v -2.5118 -8.61698e-06 0.0882492
v -2.12265 -0.389153 0.0882492
v -0.902127 0.512967 -7.63607e-07
v -1.43279 -0.336101 -7.63607e-07
v -2.63562 -0.512988 -7.63607e-07
v -2.63562 0.51297 -7.63607e-07
v -1.78656 0.68986 -7.63607e-07
v -1.60968 0.194574 -7.63607e-07
v -1.94577 0.212265 -7.63607e-07
v -2.31723 0.194572 -7.63607e-07
v -2.31723 -0.194581 -7.63607e-07
v -1.59199 0.141508 -7.63607e-07
v -0.389155 -1.41512 -0.0882508
v -0.707551 -1.73352 -0.0882508
v -1.02594 -1.41513 -0.0882508
v -0.707556 -1.09671 -0.0882508
v -0.389155 -1.41512 0.0882492
v -0.707551 -1.73352 0.0882492
v -1.02594 -1.41513 0.0882492
v -0.707556 -1.09671 0.0882492
v -0.548353 -1.57432 -7.63607e-07
v -0.866746 -1.57432 -7.63607e-07
v -0.866748 -1.25592 -7.63607e-07
v -0.548355 -1.25591 -7.63607e-07
v -0.389149 1.4151 -0.0882508
v -0.707545 1.09669 -0.0882508
v -1.02594 1.41509 -0.0882508
v -0.707551 1.7335 -0.0882508
v -0.389149 1.4151 0.0882492
v -0.707545 1.09669 0.0882492
v -1.02594 1.41509 0.0882492
v -0.707551 1.7335 0.0882492
v -0.548347 1.2559 -7.63607e-07
v -0.866743 1.25589 -7.63607e-07
v -0.866746 1.5743 -7.63607e-07
v -0.54835 1.5743 -7.63607e-07
v -0.707553 0.318396 -0.0882508
v -0.389145 -8.61698e-06 -0.0882508
v -0.707551 -0.318415 -0.0882508
v -1.02596 -8.61698e-06 -0.0882508
v -0.707553 0.318396 0.0882492
v -0.389145 -8.61698e-06 0.0882492
v -0.707551 -0.318415 0.0882492
v -1.02596 -8.61698e-06 0.0882492
v -0.548349 0.159194 -7.63607e-07
v -0.548348 -0.159212 -7.63607e-07
v -0.866755 -0.159212 -7.63607e-07
v -0.866756 0.159194 -7.63607e-07
v -0.0353754 -1.06133 -0.0882508
v -0.353786 -1.37975 -0.0882508
v -1.37973 -0.353784 -0.0882508
v -1.06133 -0.0353776 -0.0882508
v -0.0353754 -1.06133 0.0882492
v -0.353786 -1.37975 0.0882492
v -1.37973 -0.353784 0.0882492
v -1.06133 -0.0353776 0.0882492
v -0.194581 -1.22054 -7.63607e-07
v -0.86676 -0.866767 -7.63607e-07
v -1.22053 -0.194581 -7.63607e-07
v -0.548351 -0.548353 -7.63607e-07
v -1.0967 1.41509 -0.0882508
v -0.0353689 0.353767 -0.0882508
v -0.353776 0.0353603 -0.0882508
v -1.73349 1.41509 -0.0882508
v -0.707551 2.44103 -0.0882508
v -0.0353776 1.76888 -0.0882508
v -0.35378 1.45047 -0.0882508
v -0.707551 1.80424 -0.0882508
v -1.0967 1.41509 0.0882492
v -0.0353689 0.353767 0.0882492
v -0.353776 0.0353603 0.0882492
v -1.73349 1.41509 0.0882492
v -0.707551 2.44103 0.0882492
v -0.0353776 1.76888 0.0882492
v -0.35378 1.45047 0.0882492
v -0.707551 1.80424 0.0882492
v -0.566032 0.884431 -7.63607e-07
v -0.194572 0.194564 -7.63607e-07
v -1.04363 0.725227 -7.63607e-07
v -1.22052 1.92806 -7.63607e-07
v -0.371464 2.10496 -7.63607e-07
v -0.194579 1.60967 -7.63607e-07
v -0.530666 1.62735 -7.63607e-07
v -0.902124 1.60967 -7.63607e-07
v 0.318396 -0.707553 -0.0882508
v -6.46423e-06 -1.02596 -0.0882508
v -0.318415 -0.707551 -0.0882508
v -8.61698e-06 -0.389145 -0.0882508
v 0.318396 -0.707553 0.0882492
v -6.46423e-06 -1.02596 0.0882492
v -0.318415 -0.707551 0.0882492
v -8.61698e-06 -0.389145 0.0882492
v 0.159195 -0.866757 -7.63607e-07
v -0.159211 -0.866756 -7.63607e-07
v -0.159212 -0.548348 -7.63607e-07
v 0.159194 -0.548349 -7.63607e-07
v -2.15574e-06 1.02595 -0.0882508
v 0.318407 0.707543 -0.0882508
v 0 0.389136 -0.0882508
v -0.318405 0.707545 -0.0882508
v -2.15574e-06 1.02595 0.0882492
v 0.318407 0.707543 0.0882492
v 0 0.389136 0.0882492
v -0.318405 0.707545 0.0882492
v 0.159202 0.866747 -7.63607e-07
v 0.159203 0.548339 -7.63607e-07
v -0.159202 0.54834 -7.63607e-07
v -0.159203 0.866748 -7.63607e-07
v 0.672167 -1.06133 -0.0882508
v -0.707551 -2.44107 -0.0882508
v -1.73351 -1.41513 -0.0882508
v -1.06134 -0.742925 -0.0882508
v -0.742925 -1.06134 -0.0882508
v -1.0967 -1.41513 -0.0882508
v -0.707551 -1.80426 -0.0882508
v 0.353765 -0.742922 -0.0882508
v 0.672167 -1.06133 0.0882492
v -0.707551 -2.44107 0.0882492
v -1.73351 -1.41513 0.0882492
v -1.06134 -0.742925 0.0882492
v -0.742925 -1.06134 0.0882492
v -1.0967 -1.41513 0.0882492
v -0.707551 -1.80426 0.0882492
v 0.353765 -0.742922 0.0882492
v -0.017692 -1.7512 -7.63607e-07
v -1.22053 -1.9281 -7.63607e-07
v -1.39742 -1.07903 -7.63607e-07
v -0.902131 -0.902133 -7.63607e-07
v -0.91981 -1.23824 -7.63607e-07
v -0.902124 -1.60969 -7.63607e-07
v -0.176893 -1.27359 -7.63607e-07
v 0.512966 -0.902128 -7.63607e-07
v 0.672174 0.353776 -0.0882508
v -0.353784 -0.672182 -0.0882508
v -0.672182 -0.353784 -0.0882508
v 0.353776 0.672174 -0.0882508
v 0.672174 0.353776 0.0882492
v -0.353784 -0.672182 0.0882492
v -0.672182 -0.353784 0.0882492
v 0.353776 0.672174 0.0882492
v 0.159195 -0.159203 -7.63607e-07
v -0.512983 -0.512983 -7.63607e-07
v -0.159203 0.159195 -7.63607e-07
v 0.512975 0.512975 -7.63607e-07
v 0.707543 0.318407 -0.0882508
v 1.02595 -4.30849e-06 -0.0882508
v 0.707541 -0.318409 -0.0882508
v 0.389136 0 -0.0882508
v 0.707543 0.318407 0.0882492
v 1.02595 -4.30849e-06 0.0882492
v 0.707541 -0.318409 0.0882492
v 0.389136 0 0.0882492
v 0.866748 0.159201 -7.63607e-07
v 0.866747 -0.159207 -7.63607e-07
v 0.548338 -0.159204 -7.63607e-07
v 0.548339 0.159203 -7.63607e-07
v 0.707534 1.7335 -0.0882508
v 1.02596 1.41509 -0.0882508
v 0.707545 1.0967 -0.0882508
v 0.389138 1.4151 -0.0882508
v 0.707534 1.7335 0.0882492
v 1.02596 1.41509 0.0882492
v 0.707545 1.0967 0.0882492
v 0.389138 1.4151 0.0882492
v 0.866746 1.5743 -7.63607e-07
v 0.866751 1.2559 -7.63607e-07
v 0.548341 1.2559 -7.63607e-07
v 0.548336 1.5743 -7.63607e-07
v 0.707536 -1.0967 -0.0882508
v 1.02596 -1.41513 -0.0882508
v 0.707534 -1.73352 -0.0882508
v 0.38913 -1.41511 -0.0882508
v 0.707536 -1.0967 0.0882492
v 1.02596 -1.41513 0.0882492
v 0.707534 -1.73352 0.0882492
v 0.38913 -1.41511 0.0882492
v 0.866747 -1.25592 -7.63607e-07
v 0.866746 -1.57432 -7.63607e-07
v 0.548332 -1.57432 -7.63607e-07
v 0.548333 -1.25591 -7.63607e-07
v 0.353769 1.37973 -0.0882508
v 1.37974 0.353776 -0.0882508
v 1.06132 0.0353646 -0.0882508
v 0.0353668 1.06132 -0.0882508
v 0.353769 1.37973 0.0882492
v 1.37974 0.353776 0.0882492
v 1.06132 0.0353646 0.0882492
v 0.0353668 1.06132 0.0882492
v 0.866756 0.866754 -7.63607e-07
v 1.22053 0.19457 -7.63607e-07
v 0.548345 0.548343 -7.63607e-07
v 0.194568 1.22053 -7.63607e-07
v 0.707534 2.44103 -0.0882508
v 1.73351 1.41509 -0.0882508
v 1.06133 0.742918 -0.0882508
v 0.742916 1.06133 -0.0882508
v 1.0967 1.41509 -0.0882508
v 0.707534 1.80424 -0.0882508
v -0.353773 0.742914 -0.0882508
v -0.672176 1.06132 -0.0882508
v 0.707534 2.44103 0.0882492
v 1.73351 1.41509 0.0882492
v 1.06133 0.742918 0.0882492
v 0.742916 1.06133 0.0882492
v 1.0967 1.41509 0.0882492
v 0.707534 1.80424 0.0882492
v -0.353773 0.742914 0.0882492
v -0.672176 1.06132 0.0882492
v 1.22052 1.92806 -7.63607e-07
v 1.39742 1.07901 -7.63607e-07
v 0.902125 0.902124 -7.63607e-07
v 0.919806 1.23821 -7.63607e-07
v 0.902115 1.60967 -7.63607e-07
v 0.17688 1.27358 -7.63607e-07
v -0.512975 0.902119 -7.63607e-07
v 0.0176791 1.75118 -7.63607e-07
v 0.353767 -0.0353689 -0.0882508
v 1.73351 -1.41513 -0.0882508
v 0.707534 -2.44107 -0.0882508
v 0.0353646 -1.76888 -0.0882508
v 0.353761 -1.45048 -0.0882508
v 0.707534 -1.80426 -0.0882508
v 1.0967 -1.41513 -0.0882508
v 0.0353603 -0.353776 -0.0882508
v 0.353767 -0.0353689 0.0882492
v 1.73351 -1.41513 0.0882492
v 0.707534 -2.44107 0.0882492
v 0.0353646 -1.76888 0.0882492
v 0.353761 -1.45048 0.0882492
v 0.707534 -1.80426 0.0882492
v 1.0967 -1.41513 0.0882492
v 0.0353603 -0.353776 0.0882492
v 1.04364 -0.725249 -7.63607e-07
v 1.22052 -1.9281 -7.63607e-07
v 0.371449 -2.10498 -7.63607e-07
v 0.194563 -1.60968 -7.63607e-07
v 0.530647 -1.62737 -7.63607e-07
v 0.902115 -1.60969 -7.63607e-07
v 0.566028 -0.884452 -7.63607e-07
v 0.194564 -0.194572 -7.63607e-07
v 2.44106 -8.61698e-06 -0.0882508
v 2.12267 -0.318415 -0.0882508
v 1.82194 -0.0177017 -0.0882508
v 1.80425 -8.61698e-06 -0.0882508
v 2.12267 0.318381 -0.0882508
v 2.44106 -8.61698e-06 0.0882492
v 2.12267 -0.318415 0.0882492
v 1.82194 -0.0177017 0.0882492
v 1.80425 -8.61698e-06 0.0882492
v 2.12267 0.318381 0.0882492
v 2.28187 -0.159212 -7.63607e-07
v 1.97231 -0.168059 -7.63607e-07
v 1.81309 -0.00885516 -7.63607e-07
v 1.96346 0.159186 -7.63607e-07
v 2.28187 0.159186 -7.63607e-07
v 3.14861 -8.61698e-06 -0.0882508
v 2.12267 -1.02597 -0.0882508
v 1.45048 -0.353776 -0.0882508
v 1.76888 -0.0353948 -0.0882508
v 2.12267 -0.389153 -0.0882508
v 2.14035 -0.371475 -0.0882508
v 2.49412 -0.0176909 -0.0882508
v 2.5118 -8.61698e-06 -0.0882508
v 2.12267 0.389153 -0.0882508
v 1.06131 -0.672187 -0.0882508
v 0.742909 -0.353778 -0.0882508
v 2.12267 1.02593 -0.0882508
v 3.14861 -8.61698e-06 0.0882492
v 2.12267 -1.02597 0.0882492
v 1.45048 -0.353776 0.0882492
v 1.76888 -0.0353948 0.0882492
v 2.12267 -0.389153 0.0882492
v 2.14035 -0.371475 0.0882492
v 2.49412 -0.0176909 0.0882492
v 2.5118 -8.61698e-06 0.0882492
v 2.12267 0.389153 0.0882492
v 1.06131 -0.672187 0.0882492
v 0.742909 -0.353778 0.0882492
v 2.12267 1.02593 0.0882492
v 2.63564 -0.512988 -7.63607e-07
v 1.78658 -0.689871 -7.63607e-07
v 1.60968 -0.194585 -7.63607e-07
v 1.94577 -0.212274 -7.63607e-07
v 2.13151 -0.380314 -7.63607e-07
v 2.31723 -0.194583 -7.63607e-07
v 2.50296 -0.00884978 -7.63607e-07
v 2.31723 0.194572 -7.63607e-07
v 1.59199 -0.141517 -7.63607e-07
v 0.902112 -0.512982 -7.63607e-07
v 1.43279 0.336077 -7.63607e-07
v 2.63564 0.512962 -7.63607e-07
v 2.12267 -1.0967 -0.0882508
v 3.21935 -8.61698e-06 -0.0882508
v 2.12267 1.09669 -0.0882508
v 1.41511 0.389145 -0.0882508
v 1.0967 0.707549 -0.0882508
v 1.80425 1.41509 -0.0882508
v 0.707534 2.51181 -0.0882508
v -8.61698e-06 1.80425 -0.0882508
v -0.707551 2.51179 -0.0882508
v -1.80426 1.41509 -0.0882508
v -1.0967 0.707538 -0.0882508
v -1.41511 0.38914 -0.0882508
v -2.12265 1.09669 -0.0882508
v -3.21935 -8.61698e-06 -0.0882508
v -2.12265 -1.0967 -0.0882508
v -1.4151 -0.389153 -0.0882508
v -1.09671 -0.707553 -0.0882508
v -1.80425 -1.41513 -0.0882508
v -0.707551 -2.51181 -0.0882508
v -4.30849e-06 -1.80425 -0.0882508
v 0.707534 -2.51181 -0.0882508
v 1.80425 -1.41513 -0.0882508
v 1.09668 -0.707556 -0.0882508
v 1.41511 -0.389145 -0.0882508
v 2.12267 -1.0967 0.0882492
v 3.21935 -8.61698e-06 0.0882492
v 2.12267 1.09669 0.0882492
v 1.41511 0.389145 0.0882492
v 1.0967 0.707549 0.0882492
v 1.80425 1.41509 0.0882492
v 0.707534 2.51181 0.0882492
v -8.61698e-06 1.80425 0.0882492
v -0.707551 2.51179 0.0882492
v -1.80426 1.41509 0.0882492
v -1.0967 0.707538 0.0882492
v -1.41511 0.38914 0.0882492
v -2.12265 1.09669 0.0882492
v -3.21935 -8.61698e-06 0.0882492
v -2.12265 -1.0967 0.0882492
v -1.4151 -0.389153 0.0882492
v -1.09671 -0.707553 0.0882492
v -1.80425 -1.41513 0.0882492
v -0.707551 -2.51181 0.0882492
v -4.30849e-06 -1.80425 0.0882492
v 0.707534 -2.51181 0.0882492
v 1.80425 -1.41513 0.0882492
v 1.09668 -0.707556 0.0882492
v 1.41511 -0.389145 0.0882492
v 2.67101 -0.548357 -7.63607e-07
v 2.67101 0.548339 -7.63607e-07
v 1.76889 0.742916 -7.63607e-07
v 1.25591 0.548347 -7.63607e-07
v 1.45047 1.06132 -7.63607e-07
v 1.25589 1.96345 -7.63607e-07
v 0.353763 2.15803 -7.63607e-07
v -0.35378 2.15802 -7.63607e-07
v -1.25591 1.96344 -7.63607e-07
v -1.45048 1.06132 -7.63607e-07
v -1.2559 0.548339 -7.63607e-07
v -1.76888 0.742914 -7.63607e-07
v -2.671 0.548339 -7.63607e-07
v -2.671 -0.548357 -7.63607e-07
v -1.76888 -0.742929 -7.63607e-07
v -1.2559 -0.548353 -7.63607e-07
v -1.45048 -1.06134 -7.63607e-07
v -1.2559 -1.96347 -7.63607e-07
v -0.353778 -2.15803 -7.63607e-07
v 0.353765 -2.15803 -7.63607e-07
v 1.25589 -1.96347 -7.63607e-07
v 1.45047 -1.06134 -7.63607e-07
v 1.2559 -0.54835 -7.63607e-07
v 1.76889 -0.742925 -7.63607e-07


# Vertex Texture Coordinates :
vt 0.139746 0.24805
vt 0.108303 0.216607
vt 0.0768593 0.24805
vt 0.108303 0.279493
vt 0.213113 0.314431
vt 0.244557 0.282987
vt 0.108303 0.146733
vt 0.00698736 0.24805
vt 0.108303 0.349368
vt 0.174684 0.282988
vt 0.14324 0.251545
vt 0.108303 0.286482
vt 0.0698736 0.24805
vt 0.108303 0.209621
vt 0.279493 0.108303
vt 0.24805 0.0768593
vt 0.216608 0.108302
vt 0.24805 0.139747
vt 0.279494 0.387798
vt 0.248051 0.356354
vt 0.216608 0.387798
vt 0.24805 0.419242
vt 0.24805 0.279494
vt 0.279494 0.24805
vt 0.24805 0.216607
vt 0.216607 0.24805
vt 0.314431 0.143241
vt 0.282986 0.111795
vt 0.18167 0.213114
vt 0.213114 0.244558
vt 0.209621 0.387798
vt 0.314431 0.282987
vt 0.282987 0.251543
vt 0.146735 0.387798
vt 0.24805 0.489114
vt 0.31443 0.422735
vt 0.282987 0.391291
vt 0.24805 0.426227
vt 0.349367 0.178178
vt 0.317923 0.146734
vt 0.286479 0.178178
vt 0.317923 0.209622
vt 0.317924 0.349368
vt 0.349368 0.317924
vt 0.317924 0.28648
vt 0.28648 0.317924
vt 0.384303 0.14324
vt 0.24805 0.00698566
vt 0.146733 0.108302
vt 0.213113 0.174684
vt 0.244557 0.143239
vt 0.209621 0.108302
vt 0.24805 0.0698736
vt 0.35286 0.174685
vt 0.384304 0.282988
vt 0.282986 0.181671
vt 0.251543 0.213114
vt 0.352861 0.314431
vt 0.387797 0.279495
vt 0.419241 0.248051
vt 0.387797 0.216607
vt 0.356353 0.248051
vt 0.387796 0.419242
vt 0.419242 0.387798
vt 0.387797 0.356355
vt 0.356353 0.387798
vt 0.387796 0.139747
vt 0.419242 0.108302
vt 0.387796 0.0768593
vt 0.356352 0.108303
vt 0.35286 0.384306
vt 0.454179 0.282988
vt 0.422734 0.251544
vt 0.321417 0.352861
vt 0.387796 0.489114
vt 0.489115 0.387798
vt 0.422735 0.321418
vt 0.39129 0.352862
vt 0.426227 0.387798
vt 0.387796 0.426227
vt 0.282988 0.321417
vt 0.251544 0.352862
vt 0.35286 0.244559
vt 0.489115 0.108302
vt 0.387796 0.00698566
vt 0.321417 0.0733669
vt 0.352859 0.10481
vt 0.387796 0.0698736
vt 0.426227 0.108302
vt 0.321416 0.213115
vt 0.558989 0.24805
vt 0.527547 0.216607
vt 0.497848 0.246303
vt 0.496101 0.24805
vt 0.527547 0.279493
vt 0.628863 0.24805
vt 0.527547 0.146733
vt 0.461165 0.213115
vt 0.492608 0.244556
vt 0.527547 0.209621
vt 0.529292 0.211367
vt 0.564228 0.246304
vt 0.565975 0.24805
vt 0.527547 0.286482
vt 0.422733 0.18167
vt 0.39129 0.213114
vt 0.527547 0.349366
vt 0.527547 0.139747
vt 0.635848 0.24805
vt 0.527547 0.356354
vt 0.457672 0.286481
vt 0.426228 0.317925
vt 0.496101 0.387798
vt 0.387796 0.496103
vt 0.317923 0.426228
vt 0.24805 0.496101
vt 0.139746 0.387798
vt 0.20962 0.317924
vt 0.178176 0.286481
vt 0.108303 0.356354
vt 0 0.24805
vt 0.108303 0.139747
vt 0.178177 0.209621
vt 0.20962 0.178178
vt 0.139747 0.108302
vt 0.24805 0
vt 0.317924 0.069874
vt 0.387796 0
vt 0.496101 0.108302
vt 0.426226 0.178177
vt 0.457672 0.209622
vt 0.496103 0.751948
vt 0.527545 0.720504
vt 0.558989 0.751948
vt 0.527545 0.78339
vt 0.422735 0.818328
vt 0.391291 0.786884
vt 0.527545 0.65063
vt 0.628861 0.751948
vt 0.527545 0.853265
vt 0.461165 0.786885
vt 0.492608 0.755442
vt 0.527545 0.790379
vt 0.565975 0.751948
vt 0.527545 0.713518
vt 0.356355 0.6122
vt 0.387798 0.580757
vt 0.41924 0.612199
vt 0.387798 0.643644
vt 0.356354 0.891695
vt 0.387797 0.860252
vt 0.41924 0.891695
vt 0.387798 0.923139
vt 0.387798 0.783392
vt 0.356354 0.751948
vt 0.387798 0.720504
vt 0.419242 0.751948
vt 0.321418 0.647138
vt 0.352862 0.615693
vt 0.454179 0.717011
vt 0.422735 0.748455
vt 0.426227 0.891695
vt 0.321417 0.786885
vt 0.352861 0.755441
vt 0.489114 0.891695
vt 0.387798 0.993011
vt 0.321418 0.926633
vt 0.352861 0.895188
vt 0.387798 0.930125
vt 0.286481 0.682075
vt 0.317925 0.650631
vt 0.349369 0.682075
vt 0.317925 0.713519
vt 0.317924 0.853266
vt 0.28648 0.821821
vt 0.317924 0.790377
vt 0.349368 0.821822
vt 0.251545 0.647138
vt 0.387798 0.510883
vt 0.489115 0.612199
vt 0.422736 0.678582
vt 0.391291 0.647137
vt 0.426227 0.612199
vt 0.387798 0.573771
vt 0.282988 0.678582
vt 0.251544 0.786885
vt 0.352862 0.685568
vt 0.384305 0.717011
vt 0.282987 0.818329
vt 0.248051 0.783393
vt 0.216607 0.751948
vt 0.248052 0.720504
vt 0.279495 0.751949
vt 0.248052 0.923139
vt 0.216607 0.891695
vt 0.248051 0.860252
vt 0.279495 0.891696
vt 0.248052 0.643645
vt 0.216607 0.612199
vt 0.248052 0.580757
vt 0.279496 0.6122
vt 0.282988 0.888203
vt 0.181669 0.786885
vt 0.213114 0.755441
vt 0.314431 0.856758
vt 0.248052 0.993011
vt 0.146733 0.891695
vt 0.213113 0.825315
vt 0.244558 0.856759
vt 0.209621 0.891695
vt 0.248052 0.930125
vt 0.352861 0.825314
vt 0.384304 0.856759
vt 0.282988 0.748456
vt 0.146733 0.612199
vt 0.248052 0.510883
vt 0.314432 0.577264
vt 0.282989 0.608708
vt 0.248052 0.573771
vt 0.209621 0.612199
vt 0.314432 0.717012
vt 0.0768593 0.751948
vt 0.108302 0.720504
vt 0.138 0.750201
vt 0.139747 0.751948
vt 0.108302 0.78339
vt 0.00698566 0.751948
vt 0.108302 0.65063
vt 0.174683 0.717012
vt 0.14324 0.748453
vt 0.108302 0.713518
vt 0.106556 0.715264
vt 0.0716198 0.750202
vt 0.0698736 0.751948
vt 0.108302 0.790379
vt 0.213115 0.685567
vt 0.244559 0.717012
vt 0.108302 0.853264
vt 0.108302 0.643645
vt 0 0.751948
vt 0.108302 0.860251
vt 0.178176 0.790378
vt 0.20962 0.821822
vt 0.139747 0.891695
vt 0.248052 1
vt 0.317925 0.930126
vt 0.387798 0.999998
vt 0.496103 0.891695
vt 0.426228 0.821821
vt 0.457672 0.790378
vt 0.527545 0.860251
vt 0.635848 0.751948
vt 0.527545 0.643645
vt 0.457671 0.713518
vt 0.426228 0.682075
vt 0.496101 0.612199
vt 0.387798 0.503897
vt 0.317925 0.573771
vt 0.248052 0.503897
vt 0.139747 0.612199
vt 0.209622 0.682075
vt 0.178176 0.713519
vt 0.643653 3.94078e-05
vt 0.68812 3.94078e-05
vt 0.695967 3.94078e-05
vt 0.740435 3.94078e-05
vt 0.748282 3.94078e-05
vt 0.792749 3.94078e-05
vt 0.800597 3.94078e-05
vt 0.845064 3.94078e-05
vt 0.643653 0.0174695
vt 0.68812 0.0174695
vt 0.695967 0.0174695
vt 0.740435 0.0174695
vt 0.748282 0.0174695
vt 0.792749 0.0174695
vt 0.800597 0.0174695
vt 0.845064 0.0174695
vt 0.665886 0.00875446
vt 0.718201 0.00875446
vt 0.770516 0.00875446
vt 0.82283 0.00875446
vt 0.852911 3.94078e-05
vt 0.897379 3.94078e-05
vt 0.643666 0.0253429
vt 0.836358 0.0253429
vt 0.844253 0.0253429
vt 0.987536 0.0253429
vt 0.643688 0.0506465
vt 0.786971 0.0506465
vt 0.905204 3.94078e-05
vt 0.99908 3.94078e-05
vt 0.794853 0.0506465
vt 0.83932 0.0506465
vt 0.847181 0.0506465
vt 0.896589 0.0506465
vt 0.904477 0.0506465
vt 0.958826 0.0506465
vt 0.64368 0.07595
vt 0.698028 0.07595
vt 0.705873 0.07595
vt 0.854097 0.07595
vt 0.852911 0.0174695
vt 0.897379 0.0174695
vt 0.643666 0.042773
vt 0.836358 0.042773
vt 0.844253 0.042773
vt 0.987536 0.042773
vt 0.643688 0.0680766
vt 0.786971 0.0680766
vt 0.905204 0.0174695
vt 0.99908 0.0174695
vt 0.794853 0.0680766
vt 0.83932 0.0680766
vt 0.847181 0.0680766
vt 0.896589 0.0680766
vt 0.904477 0.0680766
vt 0.958826 0.0680766
vt 0.64368 0.0933801
vt 0.698028 0.0933801
vt 0.705873 0.0933801
vt 0.854097 0.0933801
vt 0.875145 0.00875446
vt 0.740012 0.034058
vt 0.915895 0.034058
vt 0.715329 0.0593615
vt 0.952142 0.00875446
vt 0.817087 0.0593615
vt 0.871885 0.0593615
vt 0.931651 0.0593615
vt 0.670854 0.0846651
vt 0.779985 0.0846651
vt 0.861915 0.07595
vt 0.906382 0.07595
vt 0.91423 0.07595
vt 0.958697 0.07595
vt 0.643653 0.101254
vt 0.68812 0.101254
vt 0.695967 0.101254
vt 0.740435 0.101254
vt 0.861915 0.0933801
vt 0.906382 0.0933801
vt 0.91423 0.0933801
vt 0.958697 0.0933801
vt 0.643653 0.118684
vt 0.68812 0.118684
vt 0.695967 0.118684
vt 0.740435 0.118684
vt 0.884149 0.0846651
vt 0.936463 0.0846651
vt 0.665886 0.109969
vt 0.718201 0.109969
vt 0.748282 0.101254
vt 0.79275 0.101254
vt 0.800597 0.101254
vt 0.845064 0.101254
vt 0.852911 0.101254
vt 0.897379 0.101254
vt 0.905226 0.101254
vt 0.949694 0.101254
vt 0.748282 0.118684
vt 0.79275 0.118684
vt 0.800597 0.118684
vt 0.845064 0.118684
vt 0.852911 0.118684
vt 0.897379 0.118684
vt 0.905226 0.118684
vt 0.949694 0.118684
vt 0.770516 0.109969
vt 0.82283 0.109969
vt 0.875145 0.109969
vt 0.92746 0.109969
vt 0.643652 0.126557
vt 0.688121 0.126557
vt 0.695967 0.126557
vt 0.740435 0.126557
vt 0.748282 0.126557
vt 0.79275 0.126557
vt 0.800596 0.126557
vt 0.845065 0.126557
vt 0.643652 0.143987
vt 0.688121 0.143987
vt 0.695967 0.143987
vt 0.740435 0.143987
vt 0.748282 0.143987
vt 0.79275 0.143987
vt 0.800596 0.143987
vt 0.845065 0.143987
vt 0.665886 0.135272
vt 0.718201 0.135272
vt 0.770516 0.135272
vt 0.82283 0.135272
vt 0.85291 0.126557
vt 0.89738 0.126557
vt 0.643687 0.151861
vt 0.786971 0.151861
vt 0.905226 0.126557
vt 0.949694 0.126557
vt 0.794888 0.151861
vt 0.938171 0.151861
vt 0.85291 0.143987
vt 0.89738 0.143987
vt 0.643687 0.169291
vt 0.786971 0.169291
vt 0.905226 0.143987
vt 0.949694 0.143987
vt 0.794888 0.169291
vt 0.938171 0.169291
vt 0.875145 0.135272
vt 0.715329 0.160576
vt 0.92746 0.135272
vt 0.866529 0.160576
vt 0.643623 0.177164
vt 0.791848 0.177164
vt 0.946053 0.151861
vt 0.990521 0.151861
vt 0.799679 0.177164
vt 0.99237 0.177164
vt 0.64361 0.202468
vt 0.786893 0.202468
vt 0.794677 0.202468
vt 0.888551 0.202468
vt 0.896377 0.202468
vt 0.940846 0.202468
vt 0.948706 0.202468
vt 0.998114 0.202468
vt 0.64368 0.227771
vt 0.698028 0.227771
vt 0.643623 0.194594
vt 0.791848 0.194594
vt 0.946053 0.169291
vt 0.990521 0.169291
vt 0.799679 0.194594
vt 0.99237 0.194594
vt 0.64361 0.219898
vt 0.786893 0.219898
vt 0.794677 0.219898
vt 0.888551 0.219898
vt 0.896377 0.219898
vt 0.940846 0.219898
vt 0.948706 0.219898
vt 0.998114 0.219898
vt 0.64368 0.245201
vt 0.698028 0.245201
vt 0.717735 0.185879
vt 0.968287 0.160576
vt 0.896024 0.185879
vt 0.715252 0.211183
vt 0.841614 0.211183
vt 0.918611 0.211183
vt 0.97341 0.211183
vt 0.670854 0.236486
vt 0.705902 0.227771
vt 0.75037 0.227771
vt 0.758217 0.227771
vt 0.802685 0.227771
vt 0.810531 0.227771
vt 0.855 0.227771
vt 0.862846 0.227771
vt 0.907314 0.227771
vt 0.705902 0.245201
vt 0.75037 0.245201
vt 0.758217 0.245201
vt 0.802685 0.245201
vt 0.810531 0.245201
vt 0.855 0.245201
vt 0.862846 0.245201
vt 0.907314 0.245201
vt 0.728136 0.236486
vt 0.780451 0.236486
vt 0.832766 0.236486
vt 0.88508 0.236486
vt 0.915161 0.227771
vt 0.959629 0.227771
vt 0.643652 0.253075
vt 0.688121 0.253075
vt 0.695967 0.253075
vt 0.740435 0.253075
vt 0.748282 0.253075
vt 0.79275 0.253075
vt 0.915161 0.245201
vt 0.959629 0.245201
vt 0.643652 0.270505
vt 0.688121 0.270505
vt 0.695967 0.270505
vt 0.740435 0.270505
vt 0.748282 0.270505
vt 0.79275 0.270505
vt 0.937395 0.236486
vt 0.665886 0.26179
vt 0.718201 0.26179
vt 0.770516 0.26179
vt 0.80061 0.253075
vt 0.993302 0.253075
vt 0.643688 0.278378
vt 0.786971 0.278378
vt 0.794831 0.278378
vt 0.888708 0.278378
vt 0.896532 0.278378
vt 0.941001 0.278378
vt 0.948861 0.278378
vt 0.998269 0.278378
vt 0.643681 0.303682
vt 0.698027 0.303682
vt 0.705873 0.303682
vt 0.854097 0.303682
vt 0.861915 0.303682
vt 0.906383 0.303682
vt 0.80061 0.270505
vt 0.993302 0.270505
vt 0.643688 0.295808
vt 0.786971 0.295808
vt 0.794831 0.295808
vt 0.888708 0.295808
vt 0.896532 0.295808
vt 0.941001 0.295808
vt 0.948861 0.295808
vt 0.998269 0.295808
vt 0.643681 0.321112
vt 0.698027 0.321112
vt 0.705873 0.321112
vt 0.854097 0.321112
vt 0.861915 0.321112
vt 0.906383 0.321112
vt 0.896956 0.26179
vt 0.715329 0.287093
vt 0.841769 0.287093
vt 0.918767 0.287093
vt 0.973565 0.287093
vt 0.670854 0.312397
vt 0.779985 0.312397
vt 0.884149 0.312397
vt 0.643687 0.328985
vt 0.786972 0.328985
vt 0.91423 0.303682
vt 0.958697 0.303682
vt 0.794887 0.328985
vt 0.938172 0.328985
vt 0.946053 0.328985
vt 0.990521 0.328985
vt 0.643687 0.346415
vt 0.786972 0.346415
vt 0.91423 0.321112
vt 0.958697 0.321112
vt 0.794887 0.346415
vt 0.938172 0.346415
vt 0.946053 0.346415
vt 0.990521 0.346415
vt 0.715329 0.3377
vt 0.936463 0.312397
vt 0.866529 0.3377
vt 0.968287 0.3377
vt 0.643652 0.354289
vt 0.688121 0.354289
vt 0.643652 0.379592
vt 0.688121 0.379592
vt 0.643652 0.404896
vt 0.688121 0.404896
vt 0.643652 0.430199
vt 0.688121 0.430199
vt 0.643652 0.371719
vt 0.688121 0.371719
vt 0.643652 0.397022
vt 0.688121 0.397022
vt 0.643652 0.422326
vt 0.688121 0.422326
vt 0.643652 0.44763
vt 0.688121 0.44763
vt 0.665886 0.363004
vt 0.665886 0.388307
vt 0.665886 0.413611
vt 0.665886 0.438914
vt 0.643652 0.455503
vt 0.688121 0.455503
vt 0.695967 0.354289
vt 0.740435 0.354289
vt 0.695967 0.379592
vt 0.740435 0.379592
vt 0.695967 0.404896
vt 0.740435 0.404896
vt 0.643652 0.472933
vt 0.688121 0.472933
vt 0.695967 0.371719
vt 0.740435 0.371719
vt 0.695967 0.397022
vt 0.740435 0.397022
vt 0.695967 0.422326
vt 0.740435 0.422326
vt 0.665886 0.464218
vt 0.718201 0.363004
vt 0.718201 0.388307
vt 0.718201 0.413611
vt 0.695966 0.430199
vt 0.740437 0.430199
vt 0.695967 0.455503
vt 0.740435 0.455503
vt 0.748282 0.354289
vt 0.79275 0.354289
vt 0.800596 0.354289
vt 0.845065 0.354289
vt 0.695966 0.44763
vt 0.740437 0.44763
vt 0.695967 0.472933
vt 0.740435 0.472933
vt 0.748282 0.371719
vt 0.79275 0.371719
vt 0.800596 0.371719
vt 0.845065 0.371719
vt 0.718201 0.438914
vt 0.718201 0.464218
vt 0.770516 0.363004
vt 0.82283 0.363004
vt 0.852945 0.354289
vt 0.996231 0.354289
vt 0.748281 0.379592
vt 0.792751 0.379592
vt 0.800631 0.379592
vt 0.943915 0.379592
vt 0.951796 0.379592
vt 0.996265 0.379592
vt 0.852945 0.371719
vt 0.996231 0.371719
vt 0.748281 0.397022
vt 0.792751 0.397022
vt 0.800631 0.397022
vt 0.943915 0.397022
vt 0.951796 0.397022
vt 0.996265 0.397022
vt 0.924588 0.363004
vt 0.770516 0.388307
vt 0.872273 0.388307
vt 0.974031 0.388307
vt 0.800631 0.404896
vt 0.943916 0.404896
vt 0.800575 0.430199
vt 0.894451 0.430199
vt 0.951796 0.404896
vt 0.996265 0.404896
vt 0.90229 0.430199
vt 0.951698 0.430199
vt 0.800624 0.455503
vt 0.854972 0.455503
vt 0.643624 0.503937
vt 0.791847 0.503937
vt 0.748282 0.404896
vt 0.79275 0.404896
vt 0.79968 0.503937
vt 0.992369 0.503937
vt 0.800631 0.422326
vt 0.943916 0.422326
vt 0.800575 0.44763
vt 0.894451 0.44763
vt 0.951796 0.422326
vt 0.996265 0.422326
vt 0.90229 0.44763
vt 0.951698 0.44763
vt 0.800624 0.472933
vt 0.854972 0.472933
vt 0.643624 0.521367
vt 0.791847 0.521367
vt 0.748282 0.422326
vt 0.79275 0.422326
vt 0.79968 0.521367
vt 0.992369 0.521367
vt 0.872273 0.413611
vt 0.847513 0.438914
vt 0.974031 0.413611
vt 0.926994 0.438914
vt 0.827798 0.464218
vt 0.717735 0.512652
vt 0.770516 0.413611
vt 0.896024 0.512652
vt 0.643664 0.52924
vt 0.836359 0.52924
vt 0.844252 0.52924
vt 0.987537 0.52924
vt 0.862825 0.455503
vt 0.956701 0.455503
vt 0.748282 0.430199
vt 0.792749 0.430199
vt 0.643666 0.554544
vt 0.693074 0.554544
vt 0.700962 0.554544
vt 0.75531 0.554544
vt 0.763154 0.554544
vt 0.911381 0.554544
vt 0.919197 0.554544
vt 0.963665 0.554544
vt 0.643664 0.54667
vt 0.836359 0.54667
vt 0.844252 0.54667
vt 0.987537 0.54667
vt 0.862825 0.472933
vt 0.956701 0.472933
vt 0.748282 0.44763
vt 0.792749 0.44763
vt 0.643666 0.571974
vt 0.693074 0.571974
vt 0.700962 0.571974
vt 0.75531 0.571974
vt 0.763154 0.571974
vt 0.911381 0.571974
vt 0.919197 0.571974
vt 0.963665 0.571974
vt 0.740012 0.537955
vt 0.915895 0.537955
vt 0.909763 0.464218
vt 0.770516 0.438914
vt 0.66837 0.563259
vt 0.728136 0.563259
vt 0.837267 0.563259
vt 0.941431 0.563259
vt 0.748282 0.455503
vt 0.792749 0.455503
vt 0.643652 0.579847
vt 0.68565 0.579847
vt 0.688121 0.579847
vt 0.695967 0.579847
vt 0.740435 0.579847
vt 0.748283 0.579847
vt 0.792749 0.579847
vt 0.748282 0.472933
vt 0.792749 0.472933
vt 0.643652 0.597277
vt 0.68565 0.597277
vt 0.688121 0.597277
vt 0.695967 0.597277
vt 0.740435 0.597277
vt 0.748283 0.597277
vt 0.792749 0.597277
vt 0.770516 0.464218
vt 0.664651 0.588562
vt 0.686886 0.588562
vt 0.718201 0.588562
vt 0.770516 0.588562
vt 0.800631 0.579847
vt 0.943915 0.579847
vt 0.64363 0.605151
vt 0.737508 0.605151
vt 0.951798 0.579847
vt 0.996264 0.579847
vt 0.745346 0.605151
vt 0.794754 0.605151
vt 0.802643 0.605151
vt 0.805112 0.605151
vt 0.85452 0.605151
vt 0.856989 0.605151
vt 0.864892 0.605151
vt 0.91924 0.605151
vt 0.643622 0.630454
vt 0.791849 0.630454
vt 0.927114 0.605151
vt 0.971582 0.605151
vt 0.799678 0.630454
vt 0.992371 0.630454
vt 0.64361 0.655758
vt 0.786893 0.655758
vt 0.800631 0.597277
vt 0.943915 0.597277
vt 0.64363 0.622581
vt 0.737508 0.622581
vt 0.951798 0.597277
vt 0.996264 0.597277
vt 0.745346 0.622581
vt 0.794754 0.622581
vt 0.802643 0.622581
vt 0.805112 0.622581
vt 0.85452 0.622581
vt 0.856989 0.622581
vt 0.864892 0.622581
vt 0.91924 0.622581
vt 0.643622 0.647884
vt 0.791849 0.647884
vt 0.927114 0.622581
vt 0.971582 0.622581
vt 0.799678 0.647884
vt 0.992371 0.647884
vt 0.64361 0.673188
vt 0.786893 0.673188
vt 0.872273 0.588562
vt 0.690569 0.613866
vt 0.974031 0.588562
vt 0.77005 0.613866
vt 0.803877 0.613866
vt 0.829816 0.613866
vt 0.855755 0.613866
vt 0.892066 0.613866
vt 0.717735 0.639169
vt 0.949348 0.613866
vt 0.896024 0.639169
vt 0.715252 0.664473
vt 0.794683 0.655758
vt 0.947846 0.655758
vt 0.643638 0.681061
vt 0.796801 0.681061
vt 0.804625 0.681061
vt 0.903441 0.681061
vt 0.91128 0.681061
vt 0.955748 0.681061
vt 0.643645 0.706365
vt 0.74246 0.706365
vt 0.750283 0.706365
vt 0.90345 0.706365
vt 0.643645 0.731668
vt 0.742461 0.731668
vt 0.750293 0.731668
vt 0.849108 0.731668
vt 0.643637 0.756972
vt 0.796802 0.756972
vt 0.856939 0.731668
vt 0.955756 0.731668
vt 0.91128 0.706365
vt 0.955748 0.706365
vt 0.804625 0.756972
vt 0.903441 0.756972
vt 0.643637 0.782276
vt 0.796801 0.782276
vt 0.804617 0.782276
vt 0.957781 0.782276
vt 0.643645 0.807579
vt 0.742461 0.807579
vt 0.91128 0.756972
vt 0.955748 0.756972
vt 0.750292 0.807579
vt 0.849109 0.807579
vt 0.643638 0.832883
vt 0.796801 0.832883
vt 0.85694 0.807579
vt 0.955756 0.807579
vt 0.804625 0.832883
vt 0.903441 0.832883
vt 0.643637 0.858186
vt 0.796801 0.858186
vt 0.804624 0.858186
vt 0.903442 0.858186
vt 0.911279 0.832883
vt 0.955749 0.832883
vt 0.643644 0.88349
vt 0.742462 0.88349
vt 0.794683 0.673188
vt 0.947846 0.673188
vt 0.643638 0.698492
vt 0.796801 0.698492
vt 0.804625 0.698492
vt 0.903441 0.698492
vt 0.91128 0.698492
vt 0.955748 0.698492
vt 0.643645 0.723795
vt 0.74246 0.723795
vt 0.750283 0.723795
vt 0.90345 0.723795
vt 0.643645 0.749099
vt 0.742461 0.749099
vt 0.750293 0.749099
vt 0.849108 0.749099
vt 0.643637 0.774402
vt 0.796802 0.774402
vt 0.856939 0.749099
vt 0.955756 0.749099
vt 0.91128 0.723795
vt 0.955748 0.723795
vt 0.804625 0.774402
vt 0.903441 0.774402
vt 0.643637 0.799706
vt 0.796801 0.799706
vt 0.804617 0.799706
vt 0.957781 0.799706
vt 0.643645 0.825009
vt 0.742461 0.825009
vt 0.91128 0.774402
vt 0.955748 0.774402
vt 0.750292 0.825009
vt 0.849109 0.825009
vt 0.643638 0.850313
vt 0.796801 0.850313
vt 0.85694 0.825009
vt 0.955756 0.825009
vt 0.804625 0.850313
vt 0.903441 0.850313
vt 0.643637 0.875616
vt 0.796801 0.875616
vt 0.804624 0.875616
vt 0.903442 0.875616
vt 0.911279 0.850313
vt 0.955749 0.850313
vt 0.643644 0.90092
vt 0.742462 0.90092
vt 0.871264 0.664473
vt 0.720219 0.689776
vt 0.854033 0.689776
vt 0.933514 0.689776
vt 0.693053 0.71508
vt 0.826867 0.71508
vt 0.693053 0.740384
vt 0.7997 0.740384
vt 0.720219 0.765687
vt 0.906348 0.740384
vt 0.933514 0.71508
vt 0.854033 0.765687
vt 0.720219 0.790991
vt 0.881199 0.790991
vt 0.693053 0.816294
vt 0.933514 0.765687
vt 0.7997 0.816294
vt 0.720219 0.841598
vt 0.906348 0.816294
vt 0.854033 0.841598
vt 0.720219 0.866901
vt 0.854033 0.866901
vt 0.933514 0.841598
vt 0.693053 0.892205


# Vertex Surface Normals: 
vn 0 0 1
vn 0 0 -1
vn -0.707126 0.707088 2.3085e-17
vn -0.707126 0.707088 -2.3085e-17
vn -0.707126 0.707088 -2.3085e-17
vn -0.707126 0.707088 -2.3085e-17
vn -0.707126 0.707088 -2.3085e-17
vn 0.707107 0.707107 -1.36045e-17
vn 0.707107 0.707107 -3.63412e-16
vn 0.707107 0.707107 -3.15886e-16
vn 0.707107 0.707107 3.90621e-16
vn 0.707107 0.707107 3.43095e-16
vn 0.707088 -0.707126 1.59737e-17
vn 0.707088 -0.707126 -3.34698e-16
vn 0.707088 -0.707126 -3.7603e-16
vn 0.707088 -0.707126 3.0275e-16
vn 0.707088 -0.707126 3.44082e-16
vn -0.707107 -0.707107 2.92003e-17
vn -0.707107 -0.707107 -2.92003e-17
vn -0.707107 -0.707107 -2.92003e-17
vn -0.707107 -0.707107 -2.92003e-17
vn -0.707107 -0.707107 -2.92003e-17
vn -0.707102 -0.707112 -3.35557e-17
vn -0.707102 -0.707112 1.18725e-16
vn -0.707102 -0.707112 1.00133e-16
vn -0.707102 -0.707112 -1.68274e-16
vn -0.707102 -0.707112 -1.49682e-16
vn -0.707107 0.707107 -3.35552e-17
vn -0.707107 0.707107 -1.75496e-16
vn -0.707107 0.707107 1.45211e-17
vn -0.707107 0.707107 2.42606e-16
vn -0.707107 0.707107 5.25892e-17
vn 0.707113 0.707101 -6.69597e-17
vn 0.707113 0.707101 1.71669e-17
vn 0.707113 0.707101 -5.65872e-17
vn 0.707113 0.707101 1.16753e-16
vn 0.707113 0.707101 1.90507e-16
vn 0.707113 -0.707101 2.31309e-17
vn 0.707113 -0.707101 -1.91474e-16
vn 0.707113 -0.707101 -1.28805e-16
vn 0.707113 -0.707101 1.45212e-16
vn 0.707113 -0.707101 8.25433e-17
vn -0.707107 -0.707107 2.0899e-18
vn -0.707107 -0.707107 6.33005e-17
vn -0.707107 -0.707107 1.89157e-16
vn -0.707107 -0.707107 -6.74803e-17
vn -0.707107 -0.707107 -1.93337e-16
vn -0.707097 0.707116 -2.72019e-18
vn -0.707097 0.707116 1.6208e-16
vn -0.707097 0.707116 1.82753e-16
vn -0.707097 0.707116 -1.56639e-16
vn -0.707097 0.707116 -1.77313e-16
vn 0.707107 0.707107 -2.71512e-19
vn 0.707107 0.707107 3.15032e-17
vn 0.707107 0.707107 5.36268e-17
vn 0.707107 0.707107 -3.09602e-17
vn 0.707107 0.707107 -5.30838e-17
vn -0.707122 0.707091 2.66106e-17
vn -0.707122 0.707091 -2.66106e-17
vn -0.707122 0.707091 -2.66106e-17
vn -0.707122 0.707091 -2.66106e-17
vn -0.707122 0.707091 -2.66106e-17
vn -0.707107 -0.707107 2.8795e-18
vn -0.707107 -0.707107 -2.8795e-18
vn -0.707107 -0.707107 -2.8795e-18
vn -0.707107 -0.707107 -2.8795e-18
vn -0.707107 -0.707107 -2.8795e-18
vn 0.707107 -0.707107 7.07814e-17
vn 0.707107 -0.707107 3.9836e-17
vn 0.707107 -0.707107 -6.4619e-17
vn 0.707107 -0.707107 -1.81399e-16
vn 0.707107 -0.707107 -7.69438e-17
vn -0.707112 0.707102 1.37235e-17
vn -0.707112 0.707102 -1.14081e-16
vn -0.707112 0.707102 -8.30616e-17
vn -0.707112 0.707102 8.6634e-17
vn -0.707112 0.707102 5.56146e-17
vn 0.707107 0.707107 -1.49026e-17
vn 0.707107 0.707107 9.45879e-17
vn 0.707107 0.707107 1.04921e-16
vn 0.707107 0.707107 -6.47827e-17
vn 0.707107 0.707107 -7.51159e-17
vn 0.707143 -0.707071 -5.59824e-18
vn 0.707143 -0.707071 -9.47503e-17
vn 0.707143 -0.707071 -6.37349e-17
vn 0.707143 -0.707071 1.05947e-16
vn 0.707143 -0.707071 7.49314e-17
vn -0.707114 -0.7071 -2.44278e-17
vn -0.707114 -0.7071 -5.52454e-17
vn -0.707114 -0.7071 -6.55932e-17
vn -0.707114 -0.7071 1.04101e-16
vn -0.707114 -0.7071 1.14449e-16
vn -0.707116 0.707097 1.22181e-17
vn -0.707116 0.707097 -3.41698e-16
vn -0.707116 0.707097 -3.89262e-16
vn -0.707116 0.707097 3.17261e-16
vn -0.707116 0.707097 3.64825e-16
vn 0.707112 0.707102 -3.05324e-18
vn 0.707112 0.707102 3.05324e-18
vn 0.707112 0.707102 3.05324e-18
vn 0.707112 0.707102 3.05324e-18
vn 0.707112 0.707102 3.05324e-18
vn 0.707126 -0.707088 -1.09934e-18
vn 0.707126 -0.707088 8.07752e-17
vn 0.707126 -0.707088 9.11231e-17
vn 0.707126 -0.707088 -7.85765e-17
vn 0.707126 -0.707088 -8.89245e-17
vn -0.707107 -0.707107 1.8257e-19
vn -0.707107 -0.707107 -1.38189e-16
vn -0.707107 -0.707107 -5.96151e-17
vn -0.707107 -0.707107 1.37823e-16
vn -0.707107 -0.707107 5.925e-17
vn -0.707102 -0.707112 -6.91727e-18
vn -0.707102 -0.707112 6.72208e-17
vn -0.707102 -0.707112 1.75877e-17
vn -0.707102 -0.707112 -5.33862e-17
vn -0.707102 -0.707112 -3.75313e-18
vn -0.707107 0.707107 -1.34224e-17
vn -0.707107 0.707107 9.3094e-17
vn -0.707107 0.707107 1.03442e-16
vn -0.707107 0.707107 -6.62492e-17
vn -0.707107 0.707107 -7.65969e-17
vn 0.707107 0.707107 1.34224e-17
vn 0.707107 0.707107 -9.3094e-17
vn 0.707107 0.707107 -1.03442e-16
vn 0.707107 0.707107 6.62492e-17
vn 0.707107 0.707107 7.65969e-17
vn 0.707107 -0.707107 -1.12679e-17
vn 0.707107 -0.707107 -1.48079e-16
vn 0.707107 -0.707107 -1.68771e-16
vn 0.707107 -0.707107 1.70615e-16
vn 0.707107 -0.707107 1.91306e-16
vn -0.707116 0.707097 9.3214e-18
vn -0.707116 0.707097 1.36215e-16
vn -0.707116 0.707097 1.35152e-16
vn -0.707116 0.707097 -1.54858e-16
vn -0.707116 0.707097 -1.53794e-16
vn 0.707113 0.707101 3.32709e-17
vn 0.707113 0.707101 -1.53909e-17
vn 0.707113 0.707101 -1.51828e-16
vn 0.707113 0.707101 -5.11509e-17
vn 0.707113 0.707101 8.52867e-17
vn 0.707107 -0.707107 2.47909e-17
vn 0.707107 -0.707107 -2.47909e-17
vn 0.707107 -0.707107 -2.47909e-17
vn 0.707107 -0.707107 -2.47909e-17
vn 0.707107 -0.707107 -2.47909e-17
vn -0.707107 -0.707107 4.94803e-17
vn -0.707107 -0.707107 -1.17695e-16
vn -0.707107 -0.707107 1.87346e-17
vn -0.707107 -0.707107 1.87346e-17
vn -0.707107 -0.707107 -1.17695e-16
vn -0.707107 -0.707107 1.91916e-17
vn -0.707107 -0.707107 9.75875e-17
vn -0.707107 -0.707107 9.75875e-17
vn -0.707107 -0.707107 -1.35971e-16
vn -0.707107 -0.707107 -1.35971e-16
vn -0.707107 0.707107 -1.34224e-17
vn -0.707107 0.707107 2.40931e-17
vn -0.707107 0.707107 7.37253e-17
vn -0.707107 0.707107 2.75169e-18
vn -0.707107 0.707107 -4.68805e-17
vn 0.707111 0.707102 -5.39866e-17
vn 0.707111 0.707102 6.28495e-17
vn 0.707111 0.707102 -4.93412e-19
vn 0.707111 0.707102 4.51238e-17
vn 0.707111 0.707102 1.08467e-16
vn 0.707107 -0.707107 2.20856e-17
vn 0.707107 -0.707107 -4.88941e-17
vn 0.707107 -0.707107 1.55742e-16
vn 0.707107 -0.707107 4.72295e-18
vn 0.707107 -0.707107 -1.99913e-16
vn -0.707098 -0.707116 5.68151e-17
vn -0.707098 -0.707116 -1.59337e-17
vn -0.707098 -0.707116 -5.06168e-17
vn -0.707098 -0.707116 -9.76965e-17
vn -0.707098 -0.707116 -6.30134e-17
vn -0.707116 0.707097 -4.86984e-19
vn -0.707116 0.707097 1.49934e-16
vn -0.707116 0.707097 2.18163e-16
vn -0.707116 0.707097 -1.4896e-16
vn -0.707116 0.707097 -2.17189e-16
vn 0.707107 0.707107 1.78351e-17
vn 0.707107 0.707107 1.90277e-16
vn 0.707107 0.707107 1.74325e-16
vn 0.707107 0.707107 -2.25947e-16
vn 0.707107 0.707107 -2.09995e-16
vn -0.707107 0.707107 1.04626e-17
vn -0.707107 0.707107 7.04969e-17
vn -0.707107 0.707107 5.58456e-17
vn -0.707107 0.707107 -9.1422e-17
vn -0.707107 0.707107 -7.67707e-17
vn -0.707112 0.707102 -3.26986e-17
vn -0.707112 0.707102 1.44446e-16
vn -0.707112 0.707102 1.93033e-16
vn -0.707112 0.707102 -1.9571e-16
vn -0.707112 0.707102 -2.44297e-16
vn 0.707107 0.707107 5.29199e-18
vn 0.707107 0.707107 -1.29811e-16
vn 0.707107 0.707107 -9.98201e-17
vn 0.707107 0.707107 1.19227e-16
vn 0.707107 0.707107 8.92361e-17
vn 0.707107 -0.707107 1.75224e-17
vn 0.707107 -0.707107 3.56339e-17
vn 0.707107 -0.707107 4.59816e-17
vn 0.707107 -0.707107 4.59816e-17
vn 0.707107 -0.707107 3.56339e-17
vn -0.707112 -0.707102 6.59652e-18
vn -0.707112 -0.707102 5.37057e-17
vn -0.707112 -0.707102 4.07452e-18
vn -0.707112 -0.707102 -6.68988e-17
vn -0.707112 -0.707102 -1.72676e-17
vn -0.707107 -0.707107 1.7803e-17
vn -0.707107 -0.707107 7.22165e-17
vn -0.707107 -0.707107 6.18669e-17
vn -0.707107 -0.707107 -1.07822e-16
vn -0.707107 -0.707107 -9.74728e-17
vn -0.707107 0.707107 -1.34224e-17
vn -0.707107 0.707107 -7.65969e-17
vn -0.707107 0.707107 -6.62492e-17
vn -0.707107 0.707107 1.03442e-16
vn -0.707107 0.707107 9.3094e-17
vn 0.707112 0.707102 2.44157e-17
vn 0.707112 0.707102 -2.44157e-17
vn 0.707112 0.707102 -2.44157e-17
vn 0.707112 0.707102 -2.44157e-17
vn 0.707112 0.707102 -2.44157e-17
vn 0.707112 -0.707102 -3.18285e-17
vn 0.707112 -0.707102 1.78077e-16
vn 0.707112 -0.707102 2.07021e-16
vn 0.707112 -0.707102 -2.31081e-16
vn 0.707112 -0.707102 -2.60025e-16
vn -0.707111 0.707102 -6.34559e-17
vn -0.707111 0.707102 4.57306e-17
vn -0.707111 0.707102 1.72415e-16
vn -0.707111 0.707102 8.11811e-17
vn -0.707111 0.707102 -4.55035e-17
vn 0.707101 0.707113 6.79262e-18
vn 0.707101 0.707113 -1.4268e-16
vn 0.707101 0.707113 5.64343e-17
vn 0.707101 0.707113 1.29095e-16
vn 0.707101 0.707113 -7.00196e-17
vn 0.707124 -0.70709 8.26683e-19
vn 0.707124 -0.70709 -4.49365e-17
vn 0.707124 -0.70709 1.37441e-16
vn 0.707124 -0.70709 4.32832e-17
vn 0.707124 -0.70709 -1.39095e-16
vn -0.707112 -0.707102 1.67597e-18
vn -0.707112 -0.707102 -1.20304e-17
vn -0.707112 -0.707102 8.67963e-18
vn -0.707112 -0.707102 8.67846e-18
vn -0.707112 -0.707102 -1.20316e-17
vn -0.707122 0.707092 -1.60047e-17
vn -0.707122 0.707092 -3.8203e-17
vn -0.707122 0.707092 -7.62916e-17
vn -0.707122 0.707092 7.02124e-17
vn -0.707122 0.707092 1.08301e-16
vn -0.707091 -0.707122 -1.60421e-17
vn -0.707091 -0.707122 -1.97103e-16
vn -0.707091 -0.707122 -1.93778e-16
vn -0.707091 -0.707122 2.29187e-16
vn -0.707091 -0.707122 2.25862e-16
vn 0.707113 -0.707101 2.61343e-17
vn 0.707113 -0.707101 -1.14431e-17
vn 0.707113 -0.707101 -8.87831e-17
vn 0.707113 -0.707101 -4.08256e-17
vn 0.707113 -0.707101 3.65144e-17
vn -0.707116 -0.707097 3.14325e-17
vn -0.707116 -0.707097 -1.77678e-16
vn -0.707116 -0.707097 -2.06624e-16
vn -0.707116 -0.707097 2.31473e-16
vn -0.707116 -0.707097 2.60419e-16
vn -0.707107 0.707107 -1.4617e-18
vn -0.707107 0.707107 1.4617e-18
vn -0.707107 0.707107 1.4617e-18
vn -0.707107 0.707107 1.4617e-18
vn -0.707107 0.707107 1.4617e-18
vn 0.707107 0.707107 1.56537e-17
vn 0.707107 0.707107 1.54044e-16
vn 0.707107 0.707107 1.54044e-16
vn 0.707107 0.707107 -1.85351e-16
vn 0.707107 0.707107 -1.85351e-16
vn 0.707107 -0.707107 -1.4617e-18
vn 0.707107 -0.707107 1.4617e-18
vn 0.707107 -0.707107 1.4617e-18
vn 0.707107 -0.707107 1.4617e-18
vn 0.707107 -0.707107 1.4617e-18
vn -0.707107 -0.707107 1.66082e-17
vn -0.707107 -0.707107 1.26572e-16
vn -0.707107 -0.707107 1.26572e-16
vn -0.707107 -0.707107 -4.31251e-17
vn -0.707107 -0.707107 -4.31251e-17
vn -0.707107 -0.707107 1.51902e-17
vn -0.707107 -0.707107 -8.00001e-17
vn -0.707107 -0.707107 -7.07103e-17
vn -0.707107 -0.707107 4.96197e-17
vn -0.707107 -0.707107 4.03299e-17
vn -0.707097 0.707116 -5.4154e-18
vn -0.707097 0.707116 -9.44347e-18
vn -0.707097 0.707116 -2.90842e-17
vn -0.707097 0.707116 2.02743e-17
vn -0.707097 0.707116 3.9915e-17
vn 0.707112 0.707102 -8.7363e-18
vn 0.707112 0.707102 8.7363e-18
vn 0.707112 0.707102 8.7363e-18
vn 0.707112 0.707102 8.7363e-18
vn 0.707112 0.707102 8.7363e-18
vn 0.707107 -0.707107 -1.34224e-17
vn 0.707107 -0.707107 -6.62492e-17
vn 0.707107 -0.707107 -7.65969e-17
vn 0.707107 -0.707107 9.3094e-17
vn 0.707107 -0.707107 1.03442e-16
vn -0.707088 -0.707126 5.83755e-18
vn -0.707088 -0.707126 4.33928e-16
vn -0.707088 -0.707126 4.02826e-16
vn -0.707088 -0.707126 -4.45604e-16
vn -0.707088 -0.707126 -4.14501e-16
vn -0.707088 0.707126 1.43603e-17
vn -0.707088 0.707126 -1.73712e-16
vn -0.707088 0.707126 -1.94389e-16
vn -0.707088 0.707126 1.44992e-16
vn -0.707088 0.707126 1.65668e-16
vn 0.707102 0.707112 2.11518e-18
vn 0.707102 0.707112 -1.27869e-17
vn 0.707102 0.707112 -6.24174e-17
vn 0.707102 0.707112 8.55652e-18
vn 0.707102 0.707112 5.8187e-17
vn 0.707112 -0.707102 -1.04613e-17
vn 0.707112 -0.707102 7.9466e-17
vn 0.707112 -0.707102 4.0178e-17
vn 0.707112 -0.707102 -5.85435e-17
vn 0.707112 -0.707102 -1.92555e-17
vn -0.707112 -0.707102 -2.52711e-17
vn -0.707112 -0.707102 1.04928e-16
vn -0.707112 -0.707102 1.15293e-16
vn -0.707112 -0.707102 -5.43861e-17
vn -0.707112 -0.707102 -6.47503e-17
vn -0.707069 0.707145 -2.87338e-18
vn -0.707069 0.707145 8.25501e-17
vn -0.707069 0.707145 9.28829e-17
vn -0.707069 0.707145 -7.68034e-17
vn -0.707069 0.707145 -8.71361e-17
vn 0.707107 0.707107 -1.93186e-17
vn 0.707107 0.707107 -2.40393e-16
vn 0.707107 0.707107 -2.30047e-16
vn 0.707107 0.707107 2.7903e-16
vn 0.707107 0.707107 2.68684e-16
vn 0.707112 -0.707102 7.54489e-18
vn 0.707112 -0.707102 -2.67251e-16
vn 0.707112 -0.707102 -2.56907e-16
vn 0.707112 -0.707102 2.52161e-16
vn 0.707112 -0.707102 2.41817e-16
vn -0.707101 -0.707113 -3.07671e-17
vn -0.707101 -0.707113 1.78868e-17
vn -0.707101 -0.707113 2.16982e-16
vn -0.707101 -0.707113 4.36473e-17
vn -0.707101 -0.707113 -1.55448e-16
vn -0.707097 0.707116 1.6443e-17
vn -0.707097 0.707116 -3.1302e-17
vn -0.707097 0.707116 -5.0941e-17
vn -0.707097 0.707116 -1.584e-18
vn -0.707097 0.707116 1.8055e-17
vn 0.707107 0.707107 -6.74997e-17
vn 0.707107 0.707107 6.74997e-17
vn 0.707107 0.707107 6.74997e-17
vn 0.707107 0.707107 6.74997e-17
vn 0.707107 0.707107 6.74997e-17
vn 0.707116 -0.707097 2.2983e-17
vn 0.707116 -0.707097 -2.2983e-17
vn 0.707116 -0.707097 -2.2983e-17
vn 0.707116 -0.707097 -2.2983e-17
vn 0.707116 -0.707097 -2.2983e-17
vn -0.707095 -0.707119 -1.05691e-17
vn -0.707095 -0.707119 1.63256e-18
vn -0.707095 -0.707119 6.98435e-17
vn -0.707095 -0.707119 1.95056e-17
vn -0.707095 -0.707119 -4.87054e-17
vn -0.707107 0.707107 -2.55125e-17
vn -0.707107 0.707107 7.85031e-17
vn -0.707107 0.707107 1.35003e-16
vn -0.707107 0.707107 -2.7478e-17
vn -0.707107 0.707107 -8.3978e-17
vn 0.7071 0.707114 1.32749e-17
vn 0.7071 0.707114 -3.39849e-17
vn 0.7071 0.707114 7.43151e-18
vn 0.7071 0.707114 7.43502e-18
vn 0.7071 0.707114 -3.39814e-17
vn 0.707092 -0.707122 -9.81148e-18
vn 0.707092 -0.707122 1.64574e-16
vn 0.707092 -0.707122 1.70734e-16
vn 0.707092 -0.707122 -1.44951e-16
vn 0.707092 -0.707122 -1.51111e-16
vn 0.707091 0.707122 5.01772e-18
vn 0.707091 0.707122 -3.82479e-17
vn 0.707091 0.707122 -1.0019e-16
vn 0.707091 0.707122 2.82125e-17
vn 0.707091 0.707122 9.01548e-17
vn -0.707113 0.707101 1.14881e-16
vn -0.707113 0.707101 -1.14881e-16
vn -0.707113 0.707101 -1.14881e-16
vn -0.707113 0.707101 -1.14881e-16
vn -0.707113 0.707101 -1.14881e-16
vn 0.707116 0.707097 4.86984e-19
vn 0.707116 0.707097 -2.60191e-16
vn 0.707116 0.707097 -2.49855e-16
vn 0.707116 0.707097 2.59217e-16
vn 0.707116 0.707097 2.48881e-16
vn 0.707107 -0.707107 1.6094e-17
vn 0.707107 -0.707107 1.63312e-18
vn 0.707107 -0.707107 -1.25057e-16
vn 0.707107 -0.707107 -3.38211e-17
vn 0.707107 -0.707107 9.28693e-17
vn -0.707111 -0.707102 2.23164e-17
vn -0.707111 -0.707102 -1.31264e-16
vn -0.707111 -0.707102 -4.60145e-18
vn -0.707111 -0.707102 8.66308e-17
vn -0.707111 -0.707102 -4.00314e-17
vn -0.707095 0.707119 9.37676e-18
vn -0.707095 0.707119 1.74327e-17
vn -0.707095 0.707119 -1.872e-16
vn -0.707095 0.707119 -3.61862e-17
vn -0.707095 0.707119 1.68446e-16
vn 0.707116 0.707098 2.67956e-19
vn 0.707116 0.707098 3.93866e-16
vn 0.707116 0.707098 3.28428e-16
vn 0.707116 0.707098 -3.94402e-16
vn 0.707116 0.707098 -3.28964e-16
vn 0.707112 -0.707102 -3.70401e-18
vn 0.707112 -0.707102 3.82064e-17
vn 0.707112 -0.707102 1.85624e-17
vn 0.707112 -0.707102 -3.07984e-17
vn 0.707112 -0.707102 -1.11544e-17
vn -0.707107 -0.707107 -2.31298e-17
vn -0.707107 -0.707107 -4.34257e-16
vn -0.707107 -0.707107 -4.02349e-16
vn -0.707107 -0.707107 3.75519e-16
vn -0.707107 -0.707107 3.4361e-16
vn 0.707075 -0.707138 2.32769e-17
vn 0.707075 -0.707138 -1.04241e-16
vn 0.707075 -0.707138 -8.95769e-17
vn 0.707075 -0.707138 5.76875e-17
vn 0.707075 -0.707138 4.30232e-17
vn 0.707113 0.707101 3.5565e-17
vn 0.707113 0.707101 -2.08707e-17
vn 0.707113 0.707101 -9.82155e-17
vn 0.707113 0.707101 -5.02593e-17
vn 0.707113 0.707101 2.70855e-17
vn 0.707107 -0.707107 1.7164e-17
vn 0.707107 -0.707107 -1.7164e-17
vn 0.707107 -0.707107 -1.7164e-17
vn 0.707107 -0.707107 -1.7164e-17
vn 0.707107 -0.707107 -1.7164e-17
vn -0.707126 0.707088 -7.50155e-18
vn -0.707126 0.707088 -6.88237e-16
vn -0.707126 0.707088 -6.82102e-16
vn -0.707126 0.707088 7.0324e-16
vn -0.707126 0.707088 6.97105e-16
vn 0.707087 0.707127 1.54137e-17
vn 0.707087 0.707127 -3.79005e-16
vn 0.707097 0.707117 -1.64154e-16
vn 0.707097 0.707117 1.7224e-16
vn 0.707087 0.707127 3.02687e-16
vn 0.707107 0.707107 -6.82934e-19
vn 0.707107 0.707107 5.06416e-18
vn 0.707107 0.707107 -3.83996e-18
vn 0.707069 -0.707145 1.41919e-17
vn 0.707069 -0.707145 3.04515e-16
vn 0.707069 -0.707145 3.45846e-16
vn 0.707069 -0.707145 -3.32899e-16
vn 0.707069 -0.707145 -3.7423e-16
vn -0.707107 -0.707107 2.92003e-17
vn -0.707107 -0.707107 -2.92003e-17
vn -0.707107 -0.707107 -2.92003e-17
vn -0.707107 -0.707107 -2.92003e-17
vn -0.707107 -0.707107 -2.92003e-17
vn -0.707113 0.707101 6.94996e-17
vn -0.707113 0.707101 -2.2836e-16
vn -0.707113 0.707101 -3.07657e-16
vn -0.707113 0.707101 8.93612e-17
vn -0.707113 0.707101 1.68658e-16
vn 0.707107 0.707107 9.13592e-18
vn 0.707107 0.707107 -1.213e-16
vn 0.707107 0.707107 -2.69e-16
vn 0.707107 0.707107 1.03028e-16
vn 0.707107 0.707107 2.50729e-16
vn 0.707088 -0.707126 2.21841e-17
vn 0.707088 -0.707126 -3.70432e-17
vn 0.707088 -0.707126 -5.66881e-17
vn 0.707088 -0.707126 -7.32492e-18
vn 0.707088 -0.707126 1.23199e-17
vn -0.707072 -0.707141 7.86054e-18
vn -0.707072 -0.707141 2.98387e-16
vn -0.707072 -0.707141 2.74939e-16
vn -0.707072 -0.707141 -3.14108e-16
vn -0.707072 -0.707141 -2.9066e-16
vn 0.707107 -0.707107 1.32926e-19
vn 0.707107 -0.707107 1.66552e-16
vn 0.707115 -0.707098 2.26146e-16
vn 0.707115 -0.707098 -2.35204e-16
vn 0.707107 -0.707107 -1.67078e-16
vn 0.707124 -0.70709 2.07402e-17
vn 0.707115 -0.707098 1.28112e-16
vn 0.707115 -0.707098 -1.60102e-16
vn 0.707107 -0.707107 -3.22463e-19
vn 0.707107 -0.707107 -6.1118e-18
vn 0.707107 -0.707107 6.53045e-18
vn 0.707138 0.707075 2.82739e-18
vn 0.707138 0.707075 2.73264e-16
vn 0.707138 0.707075 2.91305e-16
vn 0.707138 0.707075 -2.78919e-16
vn 0.707138 0.707075 -2.9696e-16
vn -0.707101 0.707113 -1.12863e-16
vn -0.707101 0.707113 1.12863e-16
vn -0.707101 0.707113 1.12863e-16
vn -0.707101 0.707113 1.12863e-16
vn -0.707101 0.707113 1.12863e-16
vn 0.707112 0.707102 -2.61058e-18
vn 0.707112 0.707102 2.61058e-18
vn 0.707112 0.707102 2.61058e-18
vn 0.707112 0.707102 2.61058e-18
vn 0.707112 0.707102 2.61058e-18
vn 0.707094 -0.70712 7.18455e-17
vn 0.707094 -0.70712 -7.18455e-17
vn 0.707094 -0.70712 -7.18455e-17
vn 0.707094 -0.70712 -7.18455e-17
vn 0.707094 -0.70712 -7.18455e-17
vn -0.707107 -0.707107 -4.07727e-17
vn -0.707107 -0.707107 -1.85031e-17
vn -0.707107 -0.707107 4.97089e-17
vn -0.707107 -0.707107 1.00048e-16
vn -0.707107 -0.707107 3.18365e-17
vn 0.707112 -0.707101 -6.1128e-18
vn 0.707112 -0.707101 -5.97289e-17
vn 0.707112 -0.707101 2.61817e-17
vn 0.707112 -0.707101 7.19545e-17
vn 0.707112 -0.707101 -1.39561e-17
vn 0.707112 0.707101 1.81554e-17
vn 0.707112 0.707101 -6.82492e-17
vn 0.707112 0.707101 9.72579e-17
vn 0.707112 0.707101 3.19384e-17
vn 0.707112 0.707101 -1.33569e-16
vn -0.707098 0.707115 2.31033e-17
vn -0.707098 0.707115 9.81178e-17
vn -0.707098 0.707115 1.09213e-16
vn -0.707098 0.707115 6.56697e-17
vn -0.707098 0.707115 5.45742e-17
vn 0.707102 0.707112 2.47744e-17
vn 0.707102 0.707112 2.67076e-16
vn 0.707102 0.707112 2.38134e-16
vn 0.707102 0.707112 -1.99964e-16
vn 0.707102 0.707112 -1.71023e-16
vn 0.707107 -0.707107 3.33198e-17
vn 0.707107 -0.707107 -7.02495e-17
vn 0.707107 -0.707107 -1.70574e-16
vn 0.707107 -0.707107 3.60987e-18
vn 0.707107 -0.707107 1.03934e-16
vn 0.707107 0.707107 7.26079e-17
vn 0.707107 0.707107 -5.2534e-17
vn 0.707107 0.707107 -1.38453e-16
vn 0.707107 0.707107 -9.26819e-17
vn 0.707107 0.707107 -6.7625e-18
vn -0.707115 0.707098 -5.43986e-17
vn -0.707115 0.707098 8.87101e-17
vn -0.707115 0.707098 6.36327e-17
vn -0.707115 0.707098 2.00871e-17
vn -0.707115 0.707098 4.51645e-17
vn 0.707107 0.707107 5.95527e-17
vn 0.707107 0.707107 -2.49382e-16
vn 0.707107 0.707107 -2.38298e-16
vn 0.707107 0.707107 1.30276e-16
vn 0.707107 0.707107 1.19192e-16
vn -0.707101 0.707112 -5.46782e-17
vn -0.707101 0.707112 -1.22617e-16
vn -0.707101 0.707112 -1.9585e-16
vn -0.707101 0.707112 -3.89871e-17
vn -0.707101 0.707112 3.42464e-17
vn -0.707102 -0.707111 -1.45149e-17
vn -0.707102 -0.707111 1.14639e-16
vn -0.707102 -0.707111 -2.18601e-17
vn -0.707102 -0.707111 -8.56092e-17
vn -0.707102 -0.707111 5.08898e-17
vn -0.707097 0.707116 -2.01634e-17
vn -0.707097 0.707116 1.79516e-16
vn -0.707097 0.707116 2.00197e-16
vn -0.707097 0.707116 -1.39189e-16
vn -0.707097 0.707116 -1.5987e-16
vn 0.707107 0.707107 3.3357e-18
vn 0.707107 0.707107 1.52382e-16
vn 0.707107 0.707107 1.02221e-16
vn 0.707107 0.707107 -1.59054e-16
vn 0.707107 0.707107 -1.08892e-16
vn -0.707107 0.707107 5.45585e-17
vn -0.707107 0.707107 -3.41368e-17
vn -0.707107 0.707107 3.91184e-17
vn -0.707107 0.707107 1.95982e-16
vn -0.707107 0.707107 1.22727e-16
vn -0.707107 -0.707107 3.93203e-17
vn -0.707107 -0.707107 -3.46517e-17
vn -0.707107 -0.707107 -4.09818e-17
vn -0.707107 -0.707107 2.26974e-16
vn -0.707107 -0.707107 2.33304e-16
vn 0.707107 -0.707107 2.26865e-17
vn 0.707107 -0.707107 1.42453e-17
vn 0.707107 -0.707107 1.14563e-16
vn 0.707107 -0.707107 -5.96184e-17
vn 0.707107 -0.707107 -1.59936e-16
vn -0.707112 -0.707102 -3.05324e-18
vn -0.707112 -0.707102 3.05324e-18
vn -0.707112 -0.707102 3.05324e-18
vn -0.707112 -0.707102 3.05324e-18
vn -0.707112 -0.707102 3.05324e-18
vn -0.707124 0.70709 4.34606e-17
vn -0.707124 0.70709 1.00765e-16
vn -0.707124 0.70709 1.73151e-16
vn -0.707124 0.70709 2.23067e-17
vn -0.707124 0.70709 -5.00801e-17
vn -0.707101 -0.707112 2.39885e-17
vn -0.707101 -0.707112 1.03385e-16
vn -0.707101 -0.707112 9.70499e-17
vn -0.707101 -0.707112 -1.51362e-16
vn -0.707101 -0.707112 -1.45027e-16
vn 0.707111 -0.707102 -4.61691e-17
vn 0.707111 -0.707102 8.04811e-17
vn 0.707111 -0.707102 5.54026e-17
vn 0.707111 -0.707102 1.18571e-17
vn 0.707111 -0.707102 3.69356e-17
vn -0.707115 -0.707098 2.27571e-18
vn -0.707115 -0.707098 6.84098e-17
vn -0.707115 -0.707098 -9.31661e-17
vn -0.707115 -0.707098 -7.29612e-17
vn -0.707115 -0.707098 8.86147e-17
vn 0.707096 -0.707118 1.36491e-17
vn 0.707096 -0.707118 1.53872e-16
vn 0.707096 -0.707118 -2.43045e-17
vn 0.707096 -0.707118 -1.8117e-16
vn 0.707096 -0.707118 -2.99377e-18
vn 0.707111 0.707102 -2.601e-18
vn 0.707111 0.707102 -1.53102e-16
vn 0.707111 0.707102 -1.02958e-16
vn 0.707111 0.707102 1.58304e-16
vn 0.707111 0.707102 1.0816e-16
vn 0.707088 -0.707126 1.73785e-18
vn 0.707088 -0.707126 -3.14572e-17
vn 0.707088 -0.707126 -7.07311e-17
vn 0.707088 -0.707126 2.79815e-17
vn 0.707088 -0.707126 6.72554e-17
vn -0.707107 -0.707107 -6.3386e-17
vn -0.707107 -0.707107 9.31972e-17
vn -0.707107 -0.707107 1.79656e-17
vn -0.707107 -0.707107 -1.76417e-16
vn -0.707107 -0.707107 -1.01185e-16


# Faces: 
usemtl material10
f 365/553/381 578/628/381 579/629/381
f 365/553/381 579/629/381 580/630/381
f 576/626/381 241/511/381 575/625/381
f 265/521/381 368/556/381 369/557/381
f 578/628/381 365/553/381 366/554/381
f 301/533/381 366/554/381 367/555/381
f 576/626/381 577/627/381 241/511/381
f 241/511/381 242/512/381 575/625/381
f 247/517/381 248/518/381 223/507/381
f 575/625/381 242/512/381 243/513/381
f 301/533/381 577/627/381 578/628/381
f 223/507/381 248/518/381 222/506/381
f 301/533/381 240/510/381 577/627/381
f 366/554/381 301/533/381 578/628/381
f 241/511/381 577/627/381 240/510/381
f 240/510/381 301/533/381 302/534/381
f 367/555/381 368/556/381 265/521/381
f 364/552/381 580/630/381 581/631/381
f 264/520/381 265/521/381 369/557/381
f 581/631/381 363/551/381 364/552/381
f 266/522/381 367/555/381 265/521/381
f 369/557/381 263/519/381 264/520/381
f 263/519/381 300/532/381 266/522/381
f 300/532/381 263/519/381 369/557/381
f 337/545/381 384/560/381 299/531/381
f 385/561/381 289/529/381 302/534/381
f 302/534/381 384/560/381 385/561/381
f 288/528/381 289/529/381 385/561/381
f 300/532/381 301/533/381 367/555/381
f 299/531/381 336/544/381 337/545/381
f 370/558/381 300/532/381 369/557/381
f 337/545/381 338/546/381 384/560/381
f 383/559/381 384/560/381 478/594/381
f 367/555/381 266/522/381 300/532/381
f 299/531/381 384/560/381 302/534/381
f 302/534/381 289/529/381 290/530/381
f 364/552/381 365/553/381 580/630/381
f 478/594/381 384/560/381 338/546/381
f 224/508/381 246/516/381 223/507/381
f 245/515/381 246/516/381 224/508/381
f 224/508/381 221/505/381 245/515/381
f 245/515/381 221/505/381 248/518/381
f 248/518/381 221/505/381 222/506/381
f 243/513/381 244/514/381 573/623/381
f 245/515/381 248/518/381 239/509/381
f 239/509/381 244/514/381 245/515/381
f 240/510/381 302/534/381 290/530/381
f 574/624/381 575/625/381 243/513/381
f 571/621/381 318/538/381 570/620/381
f 574/624/381 243/513/381 573/623/381
f 239/509/381 317/537/381 318/538/381
f 571/621/381 572/622/381 318/538/381
f 315/535/381 277/525/381 278/526/381
f 276/524/381 277/525/381 315/535/381
f 240/510/381 317/537/381 239/509/381
f 318/538/381 572/622/381 239/509/381
f 573/623/381 239/509/381 572/622/381
f 239/509/381 573/623/381 244/514/381
f 247/517/381 223/507/381 246/516/381
f 276/524/381 315/535/381 454/586/381
f 316/536/381 454/586/381 315/535/381
f 287/527/381 288/528/381 317/537/381
f 287/527/381 240/510/381 290/530/381
f 453/585/381 316/536/381 350/550/381
f 385/561/381 317/537/381 288/528/381
f 453/585/381 454/586/381 316/536/381
f 347/547/381 453/585/381 350/550/381
f 347/547/381 434/578/381 453/585/381
f 322/542/381 315/535/381 278/526/381
f 322/542/381 278/526/381 321/541/381
f 570/620/381 318/538/381 319/539/381
f 570/620/381 319/539/381 569/619/381
f 276/524/381 454/586/381 275/523/381
f 454/586/381 321/541/381 275/523/381
f 320/540/381 569/619/381 319/539/381
f 320/540/381 321/541/381 454/586/381
f 321/541/381 278/526/381 275/523/381
f 316/536/381 349/549/381 350/550/381
f 287/527/381 317/537/381 240/510/381
f 474/590/381 363/551/381 581/631/381
f 473/589/381 581/631/381 582/632/381
f 370/558/381 299/531/381 300/532/381
f 421/573/381 422/574/381 475/591/381
f 475/591/381 422/574/381 363/551/381
f 474/590/381 581/631/381 473/589/381
f 420/572/381 476/592/381 477/593/381
f 420/572/381 421/573/381 476/592/381
f 476/592/381 421/573/381 475/591/381
f 473/589/381 582/632/381 472/588/381
f 478/594/381 370/558/381 363/551/381
f 336/544/381 370/558/381 335/543/381
f 317/537/381 385/561/381 386/562/381
f 335/543/381 370/558/381 478/594/381
f 477/593/381 478/594/381 363/551/381
f 478/594/381 338/546/381 335/543/381
f 477/593/381 363/551/381 419/571/381
f 419/571/381 363/551/381 422/574/381
f 396/564/381 397/565/381 524/610/381
f 471/587/381 524/610/381 397/565/381
f 420/572/381 477/593/381 419/571/381
f 524/610/381 471/587/381 523/609/381
f 336/544/381 299/531/381 370/558/381
f 398/566/381 471/587/381 397/565/381
f 383/559/381 478/594/381 471/587/381
f 584/634/381 523/609/381 472/588/381
f 585/635/381 523/609/381 584/634/381
f 472/588/381 523/609/381 471/587/381
f 472/588/381 583/633/381 584/634/381
f 562/612/381 515/601/381 585/635/381
f 472/588/381 582/632/381 583/633/381
f 523/609/381 516/602/381 517/603/381
f 522/608/381 523/609/381 517/603/381
f 495/598/381 517/603/381 494/597/381
f 515/601/381 516/602/381 585/635/381
f 523/609/381 585/635/381 516/602/381
f 493/596/381 519/605/381 520/606/381
f 493/596/381 494/597/381 517/603/381
f 492/595/381 493/596/381 520/606/381
f 492/595/381 520/606/381 521/607/381
f 518/604/381 493/596/381 517/603/381
f 519/605/381 493/596/381 518/604/381
f 515/601/381 562/612/381 563/613/381
f 517/603/381 495/598/381 522/608/381
f 348/548/381 349/549/381 386/562/381
f 431/575/381 452/584/381 453/585/381
f 434/578/381 347/547/381 348/548/381
f 383/559/381 434/578/381 386/562/381
f 398/566/381 395/563/381 383/559/381
f 434/578/381 383/559/381 433/577/381
f 316/536/381 386/562/381 349/549/381
f 395/563/381 433/577/381 383/559/381
f 316/536/381 317/537/381 386/562/381
f 471/587/381 398/566/381 383/559/381
f 431/575/381 432/576/381 450/582/381
f 320/540/381 454/586/381 447/579/381
f 410/570/381 431/575/381 409/569/381
f 407/567/381 452/584/381 410/570/381
f 408/568/381 452/584/381 407/567/381
f 447/579/381 569/619/381 320/540/381
f 348/548/381 386/562/381 434/578/381
f 569/619/381 447/579/381 568/618/381
f 448/580/381 568/618/381 447/579/381
f 409/569/381 450/582/381 408/568/381
f 450/582/381 409/569/381 431/575/381
f 410/570/381 452/584/381 431/575/381
f 434/578/381 431/575/381 453/585/381
f 524/610/381 433/577/381 396/564/381
f 566/616/381 449/581/381 432/576/381
f 432/576/381 433/577/381 524/610/381
f 566/616/381 432/576/381 565/615/381
f 496/599/381 521/607/381 522/608/381
f 525/611/381 514/600/381 563/613/381
f 514/600/381 515/601/381 563/613/381
f 496/599/381 522/608/381 495/598/381
f 521/607/381 496/599/381 492/595/381
f 432/576/381 524/610/381 525/611/381
f 449/581/381 450/582/381 432/576/381
f 408/568/381 451/583/381 452/584/381
f 408/568/381 450/582/381 451/583/381
f 449/581/381 566/616/381 448/580/381
f 566/616/381 567/617/381 448/580/381
f 448/580/381 567/617/381 568/618/381
f 525/611/381 563/613/381 564/614/381
f 525/611/381 564/614/381 565/615/381
f 525/611/381 565/615/381 432/576/381
f 395/563/381 396/564/381 433/577/381
f 475/591/381 363/551/381 474/590/381
f 554/759/382 357/684/382 555/760/382
f 555/760/382 357/684/382 556/761/382
f 231/642/382 552/757/382 551/756/382
f 360/687/382 261/652/382 361/688/382
f 357/684/382 554/759/382 358/685/382
f 358/685/382 297/664/382 359/686/382
f 553/758/382 552/757/382 231/642/382
f 232/643/382 231/642/382 551/756/382
f 238/649/382 237/648/382 219/638/382
f 232/643/382 551/756/382 233/644/382
f 553/758/382 297/664/382 554/759/382
f 238/649/382 219/638/382 218/637/382
f 230/641/382 297/664/382 553/758/382
f 297/664/382 358/685/382 554/759/382
f 553/758/382 231/642/382 230/641/382
f 297/664/382 230/641/382 298/665/382
f 360/687/382 359/686/382 261/652/382
f 556/761/382 356/683/382 557/762/382
f 261/652/382 260/651/382 361/688/382
f 355/682/382 557/762/382 356/683/382
f 359/686/382 262/653/382 261/652/382
f 259/650/382 361/688/382 260/651/382
f 296/663/382 259/650/382 262/653/382
f 259/650/382 296/663/382 361/688/382
f 380/691/382 333/676/382 295/662/382
f 285/660/382 381/692/382 298/665/382
f 380/691/382 298/665/382 381/692/382
f 285/660/382 284/659/382 381/692/382
f 297/664/382 296/663/382 359/686/382
f 332/675/382 295/662/382 333/676/382
f 296/663/382 362/689/382 361/688/382
f 334/677/382 333/676/382 380/691/382
f 380/691/382 379/690/382 470/725/382
f 262/653/382 359/686/382 296/663/382
f 380/691/382 295/662/382 298/665/382
f 285/660/382 298/665/382 286/661/382
f 357/684/382 356/683/382 556/761/382
f 380/691/382 470/725/382 334/677/382
f 236/647/382 220/639/382 219/638/382
f 236/647/382 235/646/382 220/639/382
f 217/636/382 220/639/382 235/646/382
f 217/636/382 235/646/382 238/649/382
f 217/636/382 238/649/382 218/637/382
f 234/645/382 233/644/382 549/754/382
f 238/649/382 235/646/382 229/640/382
f 234/645/382 229/640/382 235/646/382
f 298/665/382 230/641/382 286/661/382
f 551/756/382 550/755/382 233/644/382
f 310/669/382 547/752/382 546/751/382
f 233/644/382 550/755/382 549/754/382
f 309/668/382 229/640/382 310/669/382
f 548/753/382 547/752/382 310/669/382
f 273/656/382 307/666/382 274/657/382
f 273/656/382 272/655/382 307/666/382
f 309/668/382 230/641/382 229/640/382
f 548/753/382 310/669/382 229/640/382
f 229/640/382 549/754/382 548/753/382
f 549/754/382 229/640/382 234/645/382
f 219/638/382 237/648/382 236/647/382
f 307/666/382 272/655/382 446/717/382
f 446/717/382 308/667/382 307/666/382
f 284/659/382 283/658/382 309/668/382
f 230/641/382 283/658/382 286/661/382
f 308/667/382 445/716/382 346/681/382
f 309/668/382 381/692/382 284/659/382
f 446/717/382 445/716/382 308/667/382
f 445/716/382 343/678/382 346/681/382
f 430/709/382 343/678/382 445/716/382
f 307/666/382 314/673/382 274/657/382
f 274/657/382 314/673/382 313/672/382
f 310/669/382 546/751/382 311/670/382
f 311/670/382 546/751/382 545/750/382
f 446/717/382 272/655/382 271/654/382
f 313/672/382 446/717/382 271/654/382
f 545/750/382 312/671/382 311/670/382
f 313/672/382 312/671/382 446/717/382
f 274/657/382 313/672/382 271/654/382
f 345/680/382 308/667/382 346/681/382
f 309/668/382 283/658/382 230/641/382
f 355/682/382 466/721/382 557/762/382
f 557/762/382 465/720/382 558/763/382
f 295/662/382 362/689/382 296/663/382
f 418/705/382 417/704/382 467/722/382
f 418/705/382 467/722/382 355/682/382
f 557/762/382 466/721/382 465/720/382
f 468/723/382 416/703/382 469/724/382
f 417/704/382 416/703/382 468/723/382
f 417/704/382 468/723/382 467/722/382
f 558/763/382 465/720/382 464/719/382
f 362/689/382 470/725/382 355/682/382
f 362/689/382 332/675/382 331/674/382
f 381/692/382 309/668/382 382/693/382
f 362/689/382 331/674/382 470/725/382
f 470/725/382 469/724/382 355/682/382
f 334/677/382 470/725/382 331/674/382
f 355/682/382 469/724/382 415/702/382
f 355/682/382 415/702/382 418/705/382
f 393/696/382 392/695/382 512/741/382
f 512/741/382 463/718/382 393/696/382
f 469/724/382 416/703/382 415/702/382
f 463/718/382 512/741/382 511/740/382
f 295/662/382 332/675/382 362/689/382
f 463/718/382 394/697/382 393/696/382
f 470/725/382 379/690/382 463/718/382
f 511/740/382 560/765/382 464/719/382
f 511/740/382 561/766/382 560/765/382
f 511/740/382 464/719/382 463/718/382
f 559/764/382 464/719/382 560/765/382
f 503/732/382 538/743/382 561/766/382
f 558/763/382 464/719/382 559/764/382
f 504/733/382 511/740/382 505/734/382
f 511/740/382 510/739/382 505/734/382
f 505/734/382 490/729/382 489/728/382
f 504/733/382 503/732/382 561/766/382
f 561/766/382 511/740/382 504/733/382
f 507/736/382 488/727/382 508/737/382
f 489/728/382 488/727/382 505/734/382
f 488/727/382 487/726/382 508/737/382
f 508/737/382 487/726/382 509/738/382
f 488/727/382 506/735/382 505/734/382
f 488/727/382 507/736/382 506/735/382
f 538/743/382 503/732/382 539/744/382
f 490/729/382 505/734/382 510/739/382
f 345/680/382 344/679/382 382/693/382
f 444/715/382 427/706/382 445/716/382
f 343/678/382 430/709/382 344/679/382
f 430/709/382 379/690/382 382/693/382
f 391/694/382 394/697/382 379/690/382
f 379/690/382 430/709/382 429/708/382
f 382/693/382 308/667/382 345/680/382
f 429/708/382 391/694/382 379/690/382
f 309/668/382 308/667/382 382/693/382
f 394/697/382 463/718/382 379/690/382
f 428/707/382 427/706/382 442/713/382
f 446/717/382 312/671/382 439/710/382
f 427/706/382 406/701/382 405/700/382
f 444/715/382 403/698/382 406/701/382
f 444/715/382 404/699/382 403/698/382
f 545/750/382 439/710/382 312/671/382
f 382/693/382 344/679/382 430/709/382
f 439/710/382 545/750/382 544/749/382
f 544/749/382 440/711/382 439/710/382
f 442/713/382 405/700/382 404/699/382
f 405/700/382 442/713/382 427/706/382
f 444/715/382 406/701/382 427/706/382
f 427/706/382 430/709/382 445/716/382
f 429/708/382 512/741/382 392/695/382
f 441/712/382 542/747/382 428/707/382
f 429/708/382 428/707/382 512/741/382
f 428/707/382 542/747/382 541/746/382
f 509/738/382 491/730/382 510/739/382
f 502/731/382 513/742/382 539/744/382
f 503/732/382 502/731/382 539/744/382
f 510/739/382 491/730/382 490/729/382
f 491/730/382 509/738/382 487/726/382
f 512/741/382 428/707/382 513/742/382
f 442/713/382 441/712/382 428/707/382
f 443/714/382 404/699/382 444/715/382
f 442/713/382 404/699/382 443/714/382
f 542/747/382 441/712/382 440/711/382
f 543/748/382 542/747/382 440/711/382
f 543/748/382 440/711/382 544/749/382
f 539/744/382 513/742/382 540/745/382
f 540/745/382 513/742/382 541/746/382
f 541/746/382 513/742/382 428/707/382
f 392/695/382 391/694/382 429/708/382
f 355/682/382 467/722/382 466/721/382
f 225/783/383 217/767/384 218/768/385
f 225/783/383 218/768/385 222/776/386
f 225/783/383 222/776/386 221/775/387
f 225/783/383 221/775/387 217/767/384
f 226/784/388 218/769/389 219/770/390
f 226/784/388 219/770/390 223/778/391
f 226/784/388 223/778/391 222/777/392
f 226/784/388 222/777/392 218/769/389
f 227/785/393 219/771/394 220/772/395
f 227/785/393 220/772/395 224/780/396
f 227/785/393 224/780/396 223/779/397
f 227/785/393 223/779/397 219/771/394
f 228/786/398 220/773/399 217/774/400
f 228/786/398 217/774/400 221/782/401
f 228/786/398 221/782/401 224/781/402
f 228/786/398 224/781/402 220/773/399
f 249/827/403 229/787/404 230/788/405
f 249/827/403 230/788/405 240/808/406
f 249/827/403 240/808/406 239/807/407
f 249/827/403 239/807/407 229/787/404
f 250/828/408 230/789/409 231/790/410
f 250/828/408 231/790/410 241/810/411
f 250/828/408 241/810/411 240/809/412
f 250/828/408 240/809/412 230/789/409
f 251/829/413 231/791/414 232/792/415
f 251/829/413 232/792/415 242/812/416
f 251/829/413 242/812/416 241/811/417
f 251/829/413 241/811/417 231/791/414
f 252/830/418 232/793/419 233/794/420
f 252/830/418 233/794/420 243/814/421
f 252/830/418 243/814/421 242/813/422
f 252/830/418 242/813/422 232/793/419
f 253/831/423 233/795/424 234/796/425
f 253/831/423 234/796/425 244/816/426
f 253/831/423 244/816/426 243/815/427
f 253/831/423 243/815/427 233/795/424
f 254/832/428 234/797/429 235/798/430
f 254/832/428 235/798/430 245/818/431
f 254/832/428 245/818/431 244/817/432
f 254/832/428 244/817/432 234/797/429
f 255/833/433 235/799/434 236/800/435
f 255/833/433 236/800/435 246/820/436
f 255/833/433 246/820/436 245/819/437
f 255/833/433 245/819/437 235/799/434
f 256/834/438 236/801/439 237/802/440
f 256/834/438 237/802/440 247/822/441
f 256/834/438 247/822/441 246/821/442
f 256/834/438 246/821/442 236/801/439
f 257/835/443 237/803/444 238/804/445
f 257/835/443 238/804/445 248/824/446
f 257/835/443 248/824/446 247/823/447
f 257/835/443 247/823/447 237/803/444
f 258/836/448 238/805/449 229/806/450
f 258/836/448 229/806/450 239/826/451
f 258/836/448 239/826/451 248/825/452
f 258/836/448 248/825/452 238/805/449
f 267/853/453 259/837/454 260/838/455
f 267/853/453 260/838/455 264/846/456
f 267/853/453 264/846/456 263/845/457
f 267/853/453 263/845/457 259/837/454
f 268/854/458 260/839/459 261/840/460
f 268/854/458 261/840/460 265/848/461
f 268/854/458 265/848/461 264/847/462
f 268/854/458 264/847/462 260/839/459
f 269/855/463 261/841/464 262/842/465
f 269/855/463 262/842/465 266/850/466
f 269/855/463 266/850/466 265/849/467
f 269/855/463 265/849/467 261/841/464
f 270/856/468 262/843/469 259/844/470
f 270/856/468 259/844/470 263/852/471
f 270/856/468 263/852/471 266/851/472
f 270/856/468 266/851/472 262/843/469
f 279/873/473 271/857/474 272/858/475
f 279/873/473 272/858/475 276/866/476
f 279/873/473 276/866/476 275/865/477
f 279/873/473 275/865/477 271/857/474
f 280/874/478 272/859/479 273/860/480
f 280/874/478 273/860/480 277/868/481
f 280/874/478 277/868/481 276/867/482
f 280/874/478 276/867/482 272/859/479
f 281/875/483 273/861/484 274/862/485
f 281/875/483 274/862/485 278/870/486
f 281/875/483 278/870/486 277/869/487
f 281/875/483 277/869/487 273/861/484
f 282/876/488 274/863/489 271/864/490
f 282/876/488 271/864/490 275/872/491
f 282/876/488 275/872/491 278/871/492
f 282/876/488 278/871/492 274/863/489
f 291/893/493 283/877/494 284/878/495
f 291/893/493 284/878/495 288/886/496
f 291/893/493 288/886/496 287/885/497
f 291/893/493 287/885/497 283/877/494
f 292/894/498 284/879/499 285/880/500
f 292/894/498 285/880/500 289/888/501
f 292/894/498 289/888/501 288/887/502
f 292/894/498 288/887/502 284/879/499
f 293/895/503 285/881/504 286/882/505
f 293/895/503 286/882/505 290/890/506
f 293/895/503 290/890/506 289/889/507
f 293/895/503 289/889/507 285/881/504
f 294/896/508 286/883/509 283/884/510
f 294/896/508 283/884/510 287/892/511
f 294/896/508 287/892/511 290/891/512
f 294/896/508 290/891/512 286/883/509
f 303/913/513 295/897/514 296/898/515
f 303/913/513 296/898/515 300/906/516
f 303/913/513 300/906/516 299/905/517
f 303/913/513 299/905/517 295/897/514
f 304/914/518 296/899/519 297/900/520
f 304/914/518 297/900/520 301/908/521
f 304/914/518 301/908/521 300/907/522
f 304/914/518 300/907/522 296/899/519
f 305/915/523 297/901/524 298/902/525
f 305/915/523 298/902/525 302/910/526
f 305/915/523 302/910/526 301/909/527
f 305/915/523 301/909/527 297/901/524
f 306/916/528 298/903/529 295/904/530
f 306/916/528 295/904/530 299/912/531
f 306/916/528 299/912/531 302/911/532
f 306/916/528 302/911/532 298/903/529
f 323/949/533 307/917/534 308/918/535
f 323/949/533 308/918/535 316/934/536
f 323/949/533 316/934/536 315/933/537
f 323/949/533 315/933/537 307/917/534
f 324/950/538 308/919/539 309/920/540
f 324/950/538 309/920/540 317/936/541
f 324/950/538 317/936/541 316/935/542
f 324/950/538 316/935/542 308/919/539
f 325/951/543 309/921/544 310/922/545
f 325/951/543 310/922/545 318/938/546
f 325/951/543 318/938/546 317/937/547
f 325/951/543 317/937/547 309/921/544
f 326/952/548 310/923/549 311/924/550
f 326/952/548 311/924/550 319/940/551
f 326/952/548 319/940/551 318/939/552
f 326/952/548 318/939/552 310/923/549
f 327/953/553 311/925/554 312/926/555
f 327/953/553 312/926/555 320/942/556
f 327/953/553 320/942/556 319/941/557
f 327/953/553 319/941/557 311/925/554
f 328/954/558 312/927/559 313/928/560
f 328/954/558 313/928/560 321/944/561
f 328/954/558 321/944/561 320/943/562
f 328/954/558 320/943/562 312/927/559
f 329/955/563 313/929/564 314/930/565
f 329/955/563 314/930/565 322/946/566
f 329/955/563 322/946/566 321/945/567
f 329/955/563 321/945/567 313/929/564
f 330/956/568 314/931/569 307/932/570
f 330/956/568 307/932/570 315/948/571
f 330/956/568 315/948/571 322/947/572
f 330/956/568 322/947/572 314/931/569
f 339/973/573 331/957/574 332/958/575
f 339/973/573 332/958/575 336/966/576
f 339/973/573 336/966/576 335/965/577
f 339/973/573 335/965/577 331/957/574
f 340/974/578 332/959/579 333/960/580
f 340/974/578 333/960/580 337/968/581
f 340/974/578 337/968/581 336/967/582
f 340/974/578 336/967/582 332/959/579
f 341/975/583 333/961/584 334/962/585
f 341/975/583 334/962/585 338/970/586
f 341/975/583 338/970/586 337/969/587
f 341/975/583 337/969/587 333/961/584
f 342/976/588 334/963/589 331/964/590
f 342/976/588 331/964/590 335/972/591
f 342/976/588 335/972/591 338/971/592
f 342/976/588 338/971/592 334/963/589
f 351/993/593 343/977/594 344/978/595
f 351/993/593 344/978/595 348/986/596
f 351/993/593 348/986/596 347/985/597
f 351/993/593 347/985/597 343/977/594
f 352/994/598 344/979/599 345/980/600
f 352/994/598 345/980/600 349/988/601
f 352/994/598 349/988/601 348/987/602
f 352/994/598 348/987/602 344/979/599
f 353/995/603 345/981/604 346/982/605
f 353/995/603 346/982/605 350/990/606
f 353/995/603 350/990/606 349/989/607
f 353/995/603 349/989/607 345/981/604
f 354/996/608 346/983/609 343/984/610
f 354/996/608 343/984/610 347/992/611
f 354/996/608 347/992/611 350/991/612
f 354/996/608 350/991/612 346/983/609
f 371/1029/613 355/997/614 356/998/615
f 371/1029/613 356/998/615 364/1014/616
f 371/1029/613 364/1014/616 363/1013/617
f 371/1029/613 363/1013/617 355/997/614
f 372/1030/618 356/999/619 357/1000/620
f 372/1030/618 357/1000/620 365/1016/621
f 372/1030/618 365/1016/621 364/1015/622
f 372/1030/618 364/1015/622 356/999/619
f 373/1031/623 357/1001/624 358/1002/625
f 373/1031/623 358/1002/625 366/1018/626
f 373/1031/623 366/1018/626 365/1017/627
f 373/1031/623 365/1017/627 357/1001/624
f 374/1032/628 358/1003/629 359/1004/630
f 374/1032/628 359/1004/630 367/1020/631
f 374/1032/628 367/1020/631 366/1019/632
f 374/1032/628 366/1019/632 358/1003/629
f 375/1033/633 359/1005/634 360/1006/635
f 375/1033/633 360/1006/635 368/1022/636
f 375/1033/633 368/1022/636 367/1021/637
f 375/1033/633 367/1021/637 359/1005/634
f 376/1034/638 360/1007/639 361/1008/640
f 376/1034/638 361/1008/640 369/1024/641
f 376/1034/638 369/1024/641 368/1023/642
f 376/1034/638 368/1023/642 360/1007/639
f 377/1035/643 361/1009/644 362/1010/645
f 377/1035/643 362/1010/645 370/1026/646
f 377/1035/643 370/1026/646 369/1025/647
f 377/1035/643 369/1025/647 361/1009/644
f 378/1036/648 362/1011/649 355/1012/650
f 378/1036/648 355/1012/650 363/1028/651
f 378/1036/648 363/1028/651 370/1027/652
f 378/1036/648 370/1027/652 362/1011/649
f 387/1053/653 379/1037/654 380/1038/655
f 387/1053/653 380/1038/655 384/1046/656
f 387/1053/653 384/1046/656 383/1045/657
f 387/1053/653 383/1045/657 379/1037/654
f 388/1054/658 380/1039/659 381/1040/660
f 388/1054/658 381/1040/660 385/1048/661
f 388/1054/658 385/1048/661 384/1047/662
f 388/1054/658 384/1047/662 380/1039/659
f 389/1055/663 381/1041/664 382/1042/665
f 389/1055/663 382/1042/665 386/1050/666
f 389/1055/663 386/1050/666 385/1049/667
f 389/1055/663 385/1049/667 381/1041/664
f 390/1056/668 382/1043/669 379/1044/670
f 390/1056/668 379/1044/670 383/1052/671
f 390/1056/668 383/1052/671 386/1051/672
f 390/1056/668 386/1051/672 382/1043/669
f 399/1073/673 391/1057/674 392/1058/675
f 399/1073/673 392/1058/675 396/1066/676
f 399/1073/673 396/1066/676 395/1065/677
f 399/1073/673 395/1065/677 391/1057/674
f 400/1074/678 392/1059/679 393/1060/680
f 400/1074/678 393/1060/680 397/1068/681
f 400/1074/678 397/1068/681 396/1067/682
f 400/1074/678 396/1067/682 392/1059/679
f 401/1075/683 393/1061/684 394/1062/685
f 401/1075/683 394/1062/685 398/1070/686
f 401/1075/683 398/1070/686 397/1069/687
f 401/1075/683 397/1069/687 393/1061/684
f 402/1076/688 394/1063/689 391/1064/690
f 402/1076/688 391/1064/690 395/1072/691
f 402/1076/688 395/1072/691 398/1071/692
f 402/1076/688 398/1071/692 394/1063/689
f 411/1093/693 403/1077/694 404/1078/695
f 411/1093/693 404/1078/695 408/1086/696
f 411/1093/693 408/1086/696 407/1085/697
f 411/1093/693 407/1085/697 403/1077/694
f 412/1094/698 404/1079/699 405/1080/700
f 412/1094/698 405/1080/700 409/1088/701
f 412/1094/698 409/1088/701 408/1087/702
f 412/1094/698 408/1087/702 404/1079/699
f 413/1095/703 405/1081/704 406/1082/705
f 413/1095/703 406/1082/705 410/1090/706
f 413/1095/703 410/1090/706 409/1089/707
f 413/1095/703 409/1089/707 405/1081/704
f 414/1096/708 406/1083/709 403/1084/710
f 414/1096/708 403/1084/710 407/1092/711
f 414/1096/708 407/1092/711 410/1091/712
f 414/1096/708 410/1091/712 406/1083/709
f 423/1113/713 415/1097/714 416/1098/715
f 423/1113/713 416/1098/715 420/1106/716
f 423/1113/713 420/1106/716 419/1105/717
f 423/1113/713 419/1105/717 415/1097/714
f 424/1114/718 416/1099/719 417/1100/720
f 424/1114/718 417/1100/720 421/1108/721
f 424/1114/718 421/1108/721 420/1107/722
f 424/1114/718 420/1107/722 416/1099/719
f 425/1115/723 417/1101/724 418/1102/725
f 425/1115/723 418/1102/725 422/1110/726
f 425/1115/723 422/1110/726 421/1109/727
f 425/1115/723 421/1109/727 417/1101/724
f 426/1116/728 418/1103/729 415/1104/730
f 426/1116/728 415/1104/730 419/1112/731
f 426/1116/728 419/1112/731 422/1111/732
f 426/1116/728 422/1111/732 418/1103/729
f 435/1133/733 427/1117/734 428/1118/735
f 435/1133/733 428/1118/735 432/1126/736
f 435/1133/733 432/1126/736 431/1125/737
f 435/1133/733 431/1125/737 427/1117/734
f 436/1134/738 428/1119/739 429/1120/740
f 436/1134/738 429/1120/740 433/1128/741
f 436/1134/738 433/1128/741 432/1127/742
f 436/1134/738 432/1127/742 428/1119/739
f 437/1135/743 429/1121/744 430/1122/745
f 437/1135/743 430/1122/745 434/1130/746
f 437/1135/743 434/1130/746 433/1129/747
f 437/1135/743 433/1129/747 429/1121/744
f 438/1136/748 430/1123/749 427/1124/750
f 438/1136/748 427/1124/750 431/1132/751
f 438/1136/748 431/1132/751 434/1131/752
f 438/1136/748 434/1131/752 430/1123/749
f 455/1169/753 439/1137/754 440/1138/755
f 455/1169/753 440/1138/755 448/1154/756
f 455/1169/753 448/1154/756 447/1153/757
f 455/1169/753 447/1153/757 439/1137/754
f 456/1170/758 440/1139/759 441/1140/760
f 456/1170/758 441/1140/760 449/1156/761
f 456/1170/758 449/1156/761 448/1155/762
f 456/1170/758 448/1155/762 440/1139/759
f 457/1171/763 441/1141/764 442/1142/765
f 457/1171/763 442/1142/765 450/1158/766
f 457/1171/763 450/1158/766 449/1157/767
f 457/1171/763 449/1157/767 441/1141/764
f 458/1172/768 442/1143/769 443/1144/770
f 458/1172/768 443/1144/770 451/1160/771
f 458/1172/768 451/1160/771 450/1159/772
f 458/1172/768 450/1159/772 442/1143/769
f 459/1173/773 443/1145/774 444/1146/775
f 459/1173/773 444/1146/775 452/1162/776
f 459/1173/773 452/1162/776 451/1161/777
f 459/1173/773 451/1161/777 443/1145/774
f 460/1174/778 444/1147/779 445/1148/780
f 460/1174/778 445/1148/780 453/1164/781
f 460/1174/778 453/1164/781 452/1163/782
f 460/1174/778 452/1163/782 444/1147/779
f 461/1175/783 445/1149/784 446/1150/785
f 461/1175/783 446/1150/785 454/1166/786
f 461/1175/783 454/1166/786 453/1165/787
f 461/1175/783 453/1165/787 445/1149/784
f 462/1176/788 446/1151/789 439/1152/790
f 462/1176/788 439/1152/790 447/1168/791
f 462/1176/788 447/1168/791 454/1167/792
f 462/1176/788 454/1167/792 446/1151/789
f 479/1209/793 463/1177/794 464/1178/795
f 479/1209/793 464/1178/795 472/1194/796
f 479/1209/793 472/1194/796 471/1193/797
f 479/1209/793 471/1193/797 463/1177/794
f 480/1210/798 464/1179/799 465/1180/800
f 480/1210/798 465/1180/800 473/1196/801
f 480/1210/798 473/1196/801 472/1195/802
f 480/1210/798 472/1195/802 464/1179/799
f 481/1211/803 465/1181/804 466/1182/805
f 481/1211/803 466/1182/805 474/1198/806
f 481/1211/803 474/1198/806 473/1197/807
f 481/1211/803 473/1197/807 465/1181/804
f 482/1212/808 466/1183/809 467/1184/810
f 482/1212/808 467/1184/810 475/1200/811
f 482/1212/808 475/1200/811 474/1199/812
f 482/1212/808 474/1199/812 466/1183/809
f 483/1213/813 467/1185/814 468/1186/815
f 483/1213/813 468/1186/815 476/1202/816
f 483/1213/813 476/1202/816 475/1201/817
f 483/1213/813 475/1201/817 467/1185/814
f 484/1214/818 468/1187/819 469/1188/820
f 484/1214/818 469/1188/820 477/1204/821
f 484/1214/818 477/1204/821 476/1203/822
f 484/1214/818 476/1203/822 468/1187/819
f 485/1215/823 469/1189/824 470/1190/825
f 485/1215/823 470/1190/825 478/1206/826
f 485/1215/823 478/1206/826 477/1205/827
f 485/1215/823 477/1205/827 469/1189/824
f 486/1216/828 470/1191/829 463/1192/830
f 486/1216/828 463/1192/830 471/1208/831
f 486/1216/828 471/1208/831 478/1207/832
f 486/1216/828 478/1207/832 470/1191/829
f 497/1235/833 487/1217/834 488/1218/835
f 497/1235/833 488/1218/835 493/1227/836
f 497/1235/833 493/1227/836 492/1226/837
f 497/1235/833 492/1226/837 487/1217/834
f 498/1236/838 488/1219/839 489/1220/840
f 498/1236/838 489/1220/840 494/1229/841
f 498/1236/838 494/1229/841 493/1228/842
f 498/1236/838 493/1228/842 488/1219/839
f 499/1237/843 489/1220/840 490/1221/844
f 499/1237/843 490/1221/844 495/1230/845
f 499/1237/843 495/1230/845 494/1229/841
f 499/1237/843 494/1229/841 489/1220/840
f 500/1238/846 490/1222/847 491/1223/848
f 500/1238/846 491/1223/848 496/1232/849
f 500/1238/846 496/1232/849 495/1231/850
f 500/1238/846 495/1231/850 490/1222/847
f 501/1239/851 491/1224/852 487/1225/853
f 501/1239/851 487/1225/853 492/1234/854
f 501/1239/851 492/1234/854 496/1233/855
f 501/1239/851 496/1233/855 491/1224/852
f 526/1284/856 502/1240/857 503/1241/858
f 526/1284/856 503/1241/858 515/1263/859
f 526/1284/856 515/1263/859 514/1262/860
f 526/1284/856 514/1262/860 502/1240/857
f 527/1285/861 503/1242/862 504/1243/863
f 527/1285/861 504/1243/863 516/1265/864
f 527/1285/861 516/1265/864 515/1264/865
f 527/1285/861 515/1264/865 503/1242/862
f 528/1286/866 504/1244/867 505/1245/868
f 528/1286/866 505/1245/868 517/1267/869
f 528/1286/866 517/1267/869 516/1266/870
f 528/1286/866 516/1266/870 504/1244/867
f 529/1287/871 505/1246/872 506/1247/873
f 529/1287/871 506/1247/873 518/1269/874
f 529/1287/871 518/1269/874 517/1268/875
f 529/1287/871 517/1268/875 505/1246/872
f 530/1288/876 506/1248/877 507/1249/878
f 530/1288/876 507/1249/878 519/1271/879
f 530/1288/876 519/1271/879 518/1270/880
f 530/1288/876 518/1270/880 506/1248/877
f 531/1289/881 507/1249/878 508/1250/882
f 531/1289/881 508/1250/882 520/1272/883
f 531/1289/881 520/1272/883 519/1271/879
f 531/1289/881 519/1271/879 507/1249/878
f 532/1290/884 508/1250/882 509/1251/885
f 532/1290/884 509/1251/885 521/1273/886
f 532/1290/884 521/1273/886 520/1272/883
f 532/1290/884 520/1272/883 508/1250/882
f 533/1291/887 509/1252/888 510/1253/889
f 533/1291/887 510/1253/889 522/1275/890
f 533/1291/887 522/1275/890 521/1274/891
f 533/1291/887 521/1274/891 509/1252/888
f 534/1292/892 510/1254/893 511/1255/894
f 534/1292/892 511/1255/894 523/1277/895
f 534/1292/892 523/1277/895 522/1276/896
f 534/1292/892 522/1276/896 510/1254/893
f 535/1293/897 511/1256/898 512/1257/899
f 535/1293/897 512/1257/899 524/1279/900
f 535/1293/897 524/1279/900 523/1278/901
f 535/1293/897 523/1278/901 511/1256/898
f 536/1294/902 512/1258/903 513/1259/904
f 536/1294/902 513/1259/904 525/1281/905
f 536/1294/902 525/1281/905 524/1280/906
f 536/1294/902 524/1280/906 512/1258/903
f 537/1295/907 513/1260/908 502/1261/909
f 537/1295/907 502/1261/909 514/1283/910
f 537/1295/907 514/1283/910 525/1282/911
f 537/1295/907 525/1282/911 513/1260/908
f 586/1392/912 538/1296/913 539/1297/914
f 586/1392/912 539/1297/914 563/1345/915
f 586/1392/912 563/1345/915 562/1344/916
f 586/1392/912 562/1344/916 538/1296/913
f 587/1393/917 539/1298/918 540/1299/919
f 587/1393/917 540/1299/919 564/1347/920
f 587/1393/917 564/1347/920 563/1346/921
f 587/1393/917 563/1346/921 539/1298/918
f 588/1394/922 540/1300/923 541/1301/924
f 588/1394/922 541/1301/924 565/1349/925
f 588/1394/922 565/1349/925 564/1348/926
f 588/1394/922 564/1348/926 540/1300/923
f 589/1395/927 541/1302/928 542/1303/929
f 589/1395/927 542/1303/929 566/1351/930
f 589/1395/927 566/1351/930 565/1350/931
f 589/1395/927 565/1350/931 541/1302/928
f 590/1396/932 542/1304/933 543/1305/934
f 590/1396/932 543/1305/934 567/1353/935
f 590/1396/932 567/1353/935 566/1352/936
f 590/1396/932 566/1352/936 542/1304/933
f 591/1397/937 543/1306/938 544/1307/939
f 591/1397/937 544/1307/939 568/1355/940
f 591/1397/937 568/1355/940 567/1354/941
f 591/1397/937 567/1354/941 543/1306/938
f 592/1398/942 544/1308/943 545/1309/944
f 592/1398/942 545/1309/944 569/1357/945
f 592/1398/942 569/1357/945 568/1356/946
f 592/1398/942 568/1356/946 544/1308/943
f 593/1399/947 545/1310/948 546/1311/949
f 593/1399/947 546/1311/949 570/1359/950
f 593/1399/947 570/1359/950 569/1358/951
f 593/1399/947 569/1358/951 545/1310/948
f 594/1400/952 546/1312/953 547/1313/954
f 594/1400/952 547/1313/954 571/1361/955
f 594/1400/952 571/1361/955 570/1360/956
f 594/1400/952 570/1360/956 546/1312/953
f 595/1401/957 547/1314/958 548/1315/959
f 595/1401/957 548/1315/959 572/1363/960
f 595/1401/957 572/1363/960 571/1362/961
f 595/1401/957 571/1362/961 547/1314/958
f 596/1402/962 548/1316/963 549/1317/964
f 596/1402/962 549/1317/964 573/1365/965
f 596/1402/962 573/1365/965 572/1364/966
f 596/1402/962 572/1364/966 548/1316/963
f 597/1403/967 549/1318/968 550/1319/969
f 597/1403/967 550/1319/969 574/1367/970
f 597/1403/967 574/1367/970 573/1366/971
f 597/1403/967 573/1366/971 549/1318/968
f 598/1404/972 550/1320/973 551/1321/974
f 598/1404/972 551/1321/974 575/1369/975
f 598/1404/972 575/1369/975 574/1368/976
f 598/1404/972 574/1368/976 550/1320/973
f 599/1405/977 551/1322/978 552/1323/979
f 599/1405/977 552/1323/979 576/1371/980
f 599/1405/977 576/1371/980 575/1370/981
f 599/1405/977 575/1370/981 551/1322/978
f 600/1406/982 552/1324/983 553/1325/984
f 600/1406/982 553/1325/984 577/1373/985
f 600/1406/982 577/1373/985 576/1372/986
f 600/1406/982 576/1372/986 552/1324/983
f 601/1407/987 553/1326/988 554/1327/989
f 601/1407/987 554/1327/989 578/1375/990
f 601/1407/987 578/1375/990 577/1374/991
f 601/1407/987 577/1374/991 553/1326/988
f 602/1408/992 554/1328/993 555/1329/994
f 602/1408/992 555/1329/994 579/1377/995
f 602/1408/992 579/1377/995 578/1376/996
f 602/1408/992 578/1376/996 554/1328/993
f 603/1409/997 555/1330/998 556/1331/999
f 603/1409/997 556/1331/999 580/1379/1000
f 603/1409/997 580/1379/1000 579/1378/1001
f 603/1409/997 579/1378/1001 555/1330/998
f 604/1410/1002 556/1332/1003 557/1333/1004
f 604/1410/1002 557/1333/1004 581/1381/1005
f 604/1410/1002 581/1381/1005 580/1380/1006
f 604/1410/1002 580/1380/1006 556/1332/1003
f 605/1411/1007 557/1334/1008 558/1335/1009
f 605/1411/1007 558/1335/1009 582/1383/1010
f 605/1411/1007 582/1383/1010 581/1382/1011
f 605/1411/1007 581/1382/1011 557/1334/1008
f 606/1412/1012 558/1336/1013 559/1337/1014
f 606/1412/1012 559/1337/1014 583/1385/1015
f 606/1412/1012 583/1385/1015 582/1384/1016
f 606/1412/1012 582/1384/1016 558/1336/1013
f 607/1413/1017 559/1338/1018 560/1339/1019
f 607/1413/1017 560/1339/1019 584/1387/1020
f 607/1413/1017 584/1387/1020 583/1386/1021
f 607/1413/1017 583/1386/1021 559/1338/1018
f 608/1414/1022 560/1340/1023 561/1341/1024
f 608/1414/1022 561/1341/1024 585/1389/1025
f 608/1414/1022 585/1389/1025 584/1388/1026
f 608/1414/1022 584/1388/1026 560/1340/1023
f 609/1415/1027 561/1342/1028 538/1343/1029
f 609/1415/1027 538/1343/1029 562/1391/1030
f 609/1415/1027 562/1391/1030 585/1390/1031
f 609/1415/1027 585/1390/1031 561/1342/1028
