o lotus
v 0.2457 0.8170 -0.2191
v 0.2599 0.7946 -0.2476
v 0.2348 0.8294 -0.2741
v 0.2217 0.8549 -0.2432
v 0.2779 0.7668 -0.2819
v 0.2517 0.7980 -0.3114
v 0.2032 0.8690 -0.3049
v 0.1903 0.8973 -0.2709
v 0.2199 0.8336 -0.3459
v 0.2991 0.7357 -0.3202
v 0.3227 0.7035 -0.3603
v 0.2971 0.7284 -0.3964
v 0.2726 0.7633 -0.3529
v 0.2657 0.7566 -0.4387
v 0.2403 0.7949 -0.3913
v 0.1936 0.8185 -0.5339
v 0.1664 0.8643 -0.4776
v 0.2043 0.8290 -0.4334
v 0.2306 0.7870 -0.4853
v 0.1453 0.9116 -0.4232
v 0.1835 0.8721 -0.3836
v 0.1242 0.9542 -0.3736
v 0.0924 0.9850 -0.3297
v 0.1500 0.9408 -0.2999
v 0.1649 0.9114 -0.3379
v 0.3484 0.6726 -0.4002
v 0.3255 0.6958 -0.4396
v 0.3740 0.6439 -0.4380
v 0.3549 0.6663 -0.4804
v 0.2975 0.7222 -0.4859
v 0.3314 0.6917 -0.5302
v 0.3976 0.6186 -0.4710
v 0.4174 0.5975 -0.4972
v 0.4061 0.6194 -0.5441
v 0.3827 0.6407 -0.5159
v 0.3902 0.6426 -0.5999
v 0.3635 0.6650 -0.5695
v 0.3353 0.6769 -0.7380
v 0.3136 0.7144 -0.6922
v 0.3399 0.6891 -0.6299
v 0.3684 0.6633 -0.6626
v 0.2757 0.7466 -0.6430
v 0.3045 0.7185 -0.5854
v 0.2328 0.7801 -0.5896
v 0.2660 0.7506 -0.5366
v -0.0127 1.2441 -0.5140
v 0.0082 1.2033 -0.5609
v 0.0027 1.3258 -0.6347
v -0.0080 1.3771 -0.5834
v 0.0172 1.1409 -0.6231
v 0.0010 1.2516 -0.7022
v 0.0113 1.4735 -0.7226
v 0.0104 1.5331 -0.6662
v -0.0008 1.3900 -0.7964
v 0.0286 1.0706 -0.6947
v 0.0565 1.0060 -0.7697
v 0.0306 1.0991 -0.8596
v 0.0044 1.1707 -0.7795
v 0.0192 1.2229 -0.9646
v -0.0052 1.3004 -0.8797
v 0.0795 1.5860 -1.2153
v 0.0551 1.6629 -1.1230
v 0.0087 1.4632 -0.9945
v 0.0321 1.3832 -1.0837
v 0.0627 1.7463 -1.0259
v 0.0177 1.5551 -0.9046
v 0.0798 1.8212 -0.9365
v 0.0837 1.8728 -0.8664
v 0.0413 1.7018 -0.7609
v 0.0363 1.6405 -0.8235
v 0.1154 0.9609 -0.8423
v 0.0974 1.0529 -0.9358
v 0.1857 0.9279 -0.9096
v 0.1814 1.0230 -1.0058
v 0.0934 1.1751 -1.0432
v 0.1904 1.1467 -1.1139
v 0.2480 0.9001 -0.9691
v 0.2828 0.8700 -1.0180
v 0.3087 0.9752 -1.1172
v 0.2596 1.0001 -1.0670
v 0.3463 1.1054 -1.2247
v 0.2837 1.1271 -1.1750
v 0.4369 1.4212 -1.4398
v 0.3660 1.4554 -1.4011
v 0.3193 1.2793 -1.2879
v 0.3907 1.2558 -1.3342
v 0.2637 1.4894 -1.3521
v 0.2165 1.3015 -1.2306
v 0.1586 1.5306 -1.2909
v 0.1111 1.3327 -1.1624
v 0.1443 2.0099 -1.0602
v 0.1361 2.0359 -0.9811
v 0.1403 1.9630 -1.1596
v 0.2142 2.1892 -1.1856
v 0.1896 2.1825 -1.0991
v 0.2295 2.1799 -1.2943
v 0.1713 1.8375 -1.3582
v 0.1430 1.9030 -1.2641
v 0.2812 2.1020 -1.5007
v 0.2476 2.1516 -1.4058
v 0.4507 2.5295 -1.7373
v 0.4059 2.5469 -1.6422
v 0.3435 2.3769 -1.5359
v 0.3831 2.3445 -1.6309
v 0.3573 2.5126 -1.5197
v 0.3090 2.3719 -1.4189
v 0.3061 2.4475 -1.3960
v 0.2606 2.3800 -1.3039
v 0.2349 2.3037 -1.2147
v 0.2743 2.3417 -1.3039
v 0.2437 1.7740 -1.4266
v 0.3358 1.7128 -1.4751
v 0.3431 2.0293 -1.5596
v 0.4147 1.9430 -1.5923
v 0.4799 1.5968 -1.5354
v 0.4228 1.6537 -1.5095
v 0.5136 1.7698 -1.6191
v 0.4774 1.8531 -1.6086
v 0.5311 2.0387 -1.7360
v 0.5343 2.1591 -1.7610
v 0.5177 2.0320 -1.6941
v 0.5314 1.9276 -1.6894
v 0.5204 2.3063 -1.7807
v 0.4821 2.1513 -1.6965
v 0.4906 2.4395 -1.7780
v 0.4333 2.2624 -1.6800
v 0.1832 0.8215 0.2627
v 0.1836 0.8233 0.2231
v 0.1516 0.8612 0.2368
v 0.1532 0.8607 0.2801
v 0.1849 0.8250 0.1747
v 0.1507 0.8614 0.1838
v 0.1121 0.9040 0.2535
v 0.1153 0.9039 0.3014
v 0.1094 0.9031 0.1945
v 0.1875 0.8268 0.1204
v 0.1916 0.8294 0.0633
v 0.1553 0.8644 0.0620
v 0.1517 0.8622 0.1244
v 0.1114 0.9046 0.0603
v 0.1085 0.9027 0.1288
v 0.0113 0.9931 0.0563
v 0.0100 0.9923 0.1387
v 0.0605 0.9467 0.1337
v 0.0626 0.9480 0.0584
v 0.0139 0.9946 0.2187
v 0.0630 0.9480 0.2065
v 0.0160 0.9954 0.2922
v 0.0055 0.9878 0.3578
v 0.0685 0.9471 0.3261
v 0.0656 0.9491 0.2731
v 0.1977 0.8332 0.0064
v 0.1627 0.8691 0.0001
v 0.2047 0.8373 -0.0473
v 0.1724 0.8748 -0.0582
v 0.1206 0.9103 -0.0074
v 0.1332 0.9178 -0.0713
v 0.2120 0.8410 -0.0950
v 0.2187 0.8432 -0.1338
v 0.1922 0.8839 -0.1515
v 0.1827 0.8802 -0.1098
v 0.1584 0.9292 -0.1739
v 0.1464 0.9248 -0.1282
v 0.0590 1.0200 -0.2384
v 0.0575 1.0210 -0.1727
v 0.1036 0.9722 -0.1505
v 0.1163 0.9752 -0.2011
v 0.0426 1.0124 -0.1017
v 0.0891 0.9642 -0.0863
v 0.0246 1.0014 -0.0246
v 0.0738 0.9550 -0.0158
v -0.1607 1.2724 0.4295
v -0.1598 1.2726 0.3589
v -0.1943 1.4058 0.3789
v -0.1851 1.4123 0.4547
v -0.1767 1.2619 0.2667
v -0.2221 1.3882 0.2807
v -0.2254 1.5667 0.3972
v -0.2059 1.5774 0.4768
v -0.2644 1.5446 0.2941
v -0.1955 1.2501 0.1615
v -0.2006 1.2469 0.0516
v -0.2585 1.3654 0.0530
v -0.2498 1.3708 0.1691
v -0.3137 1.5170 0.0565
v -0.3011 1.5238 0.1774
v -0.3944 1.9347 0.0726
v -0.3774 1.9352 0.1951
v -0.3451 1.7112 0.1861
v -0.3608 1.7055 0.0628
v -0.3303 1.9421 0.3133
v -0.3012 1.7297 0.3055
v -0.2785 1.9473 0.4175
v -0.2473 1.9428 0.4975
v -0.2257 1.7576 0.4923
v -0.2533 1.7491 0.4109
v -0.1762 1.2621 -0.0547
v -0.2296 1.3835 -0.0584
v -0.1394 1.2853 -0.1529
v -0.1829 1.4128 -0.1607
v -0.2801 1.5369 -0.0587
v -0.2236 1.5701 -0.1642
v -0.1069 1.3060 -0.2386
v -0.0959 1.3138 -0.3074
v -0.1167 1.4557 -0.3211
v -0.1385 1.4410 -0.2497
v -0.1346 1.6221 -0.3286
v -0.1674 1.6031 -0.2555
v -0.1753 1.9882 -0.3180
v -0.2199 1.9841 -0.2436
v -0.1943 1.7861 -0.2541
v -0.1530 1.8031 -0.3282
v -0.2890 1.9680 -0.1509
v -0.2597 1.7557 -0.1614
v -0.3560 1.9485 -0.0442
v -0.3237 1.7246 -0.0544
v -0.3014 2.1552 0.4142
v -0.2734 2.1231 0.4886
v -0.3494 2.1803 0.3162
v -0.3258 2.3556 0.4027
v -0.3047 2.2913 0.4680
v -0.3657 2.4180 0.3144
v -0.4091 2.2085 0.0865
v -0.3933 2.1982 0.2039
v -0.4158 2.4914 0.1015
v -0.4028 2.4671 0.2112
v -0.4489 2.9433 0.1221
v -0.4417 2.8923 0.2159
v -0.4157 2.7094 0.2157
v -0.4255 2.7481 0.1144
v -0.4184 2.7845 0.2997
v -0.3864 2.6291 0.3084
v -0.3928 2.6537 0.3666
v -0.3777 2.5425 0.4077
v -0.3419 2.4400 0.4377
v -0.3556 2.5311 0.3843
v -0.3727 2.2110 -0.0266
v -0.3096 2.2053 -0.1310
v -0.3834 2.4793 -0.0063
v -0.3284 2.4418 -0.1067
v -0.2047 2.1673 -0.2959
v -0.2452 2.1909 -0.2223
v -0.2415 2.3334 -0.2653
v -0.2736 2.3894 -0.1947
v -0.3280 2.5793 -0.1978
v -0.3506 2.6847 -0.1452
v -0.3085 2.5631 -0.1652
v -0.2859 2.4794 -0.2294
v -0.3879 2.8065 -0.0666
v -0.3525 2.6516 -0.0830
v -0.4258 2.9037 0.0252
v -0.3980 2.7211 0.0125
v 0.3170 0.5353 0.6258
v 0.3020 0.5593 0.5989
v 0.2790 0.5769 0.6427
v 0.2972 0.5525 0.6720
v 0.2843 0.5884 0.5653
v 0.2577 0.6065 0.6059
v 0.2501 0.5958 0.6944
v 0.2713 0.5700 0.7264
v 0.2252 0.6268 0.6534
v 0.2655 0.6213 0.5272
v 0.2469 0.6567 0.4871
v 0.2147 0.6782 0.5210
v 0.2356 0.6406 0.5644
v 0.1757 0.7025 0.5604
v 0.1993 0.6624 0.6077
v 0.0863 0.7557 0.6485
v 0.1161 0.7103 0.7045
v 0.1588 0.6859 0.6551
v 0.1322 0.7285 0.6035
v 0.1494 0.6705 0.7599
v 0.1885 0.6482 0.7057
v 0.1782 0.6329 0.8112
v 0.1921 0.5903 0.8557
v 0.2382 0.5843 0.7863
v 0.2157 0.6139 0.7519
v 0.2302 0.6937 0.4476
v 0.1975 0.7186 0.4785
v 0.2154 0.7294 0.4102
v 0.1834 0.7585 0.4388
v 0.1579 0.7471 0.5147
v 0.1445 0.7920 0.4721
v 0.2033 0.7613 0.3768
v 0.1940 0.7870 0.3489
v 0.1646 0.8238 0.3739
v 0.1725 0.7947 0.4033
v 0.1268 0.8655 0.4020
v 0.1341 0.8331 0.4339
v 0.0142 0.9536 0.4582
v 0.0397 0.9160 0.5012
v 0.0883 0.8743 0.4664
v 0.0796 0.9086 0.4306
v 0.0540 0.8655 0.5463
v 0.1004 0.8283 0.5083
v 0.0675 0.8097 0.5956
v 0.1139 0.7778 0.5543
v 0.0886 0.7536 1.1416
v 0.0624 0.7888 1.0908
v 0.0559 0.8770 1.1997
v 0.0957 0.8465 1.2548
v 0.0113 0.8233 1.0250
v -0.0104 0.9068 1.1287
v 0.0597 0.9902 1.3235
v 0.1129 0.9631 1.3809
v -0.0215 1.0172 1.2497
v -0.0465 0.8642 0.9513
v -0.0931 0.9189 0.8767
v -0.1350 1.0012 0.9698
v -0.0813 0.9451 1.0495
v -0.1653 1.1118 1.0836
v -0.1050 1.0541 1.1672
v -0.1522 1.4425 1.3781
v -0.0870 1.3781 1.4596
v -0.1096 1.1966 1.3039
v -0.1743 1.2568 1.2192
v 0.0061 1.3294 1.5332
v -0.0174 1.1571 1.3853
v 0.0983 1.2894 1.5951
v 0.1613 1.2511 1.6414
v 0.1361 1.0993 1.5122
v 0.0739 1.1281 1.4570
v -0.1103 0.9947 0.8084
v -0.1493 1.0840 0.8973
v -0.1126 1.0766 0.7479
v -0.1424 1.1765 0.8332
v -0.1765 1.2004 1.0067
v -0.1604 1.3011 0.9382
v -0.1144 1.1497 0.6963
v -0.1301 1.1989 0.6551
v -0.1369 1.3207 0.7359
v -0.1323 1.2611 0.7790
v -0.1318 1.4623 0.8333
v -0.1383 1.3948 0.8798
v -0.0920 1.7696 1.0712
v -0.1070 1.7096 1.1331
v -0.1305 1.5457 0.9980
v -0.1162 1.6149 0.9457
v -0.1380 1.6244 1.2089
v -0.1608 1.4504 1.0632
v -0.1612 1.5300 1.2925
v -0.1834 1.3477 1.1379
v 0.1331 1.4738 1.7325
v 0.1847 1.4144 1.7608
v 0.0534 1.5369 1.6906
v 0.1671 1.6605 1.8604
v 0.2005 1.5769 1.8661
v 0.1080 1.7519 1.8441
v -0.0891 1.6752 1.5614
v -0.0293 1.6039 1.6340
v -0.0086 1.9213 1.7490
v 0.0427 1.8418 1.8094
v 0.1118 2.3195 2.0560
v 0.1443 2.2248 2.0923
v 0.1075 2.0595 1.9681
v 0.0662 2.1472 1.9205
v 0.1735 2.0920 2.0842
v 0.1533 1.9470 1.9800
v 0.1910 1.9484 2.0495
v 0.1923 1.8320 2.0097
v 0.2030 1.7264 1.9535
v 0.1890 1.8289 1.9693
v -0.1012 1.7513 1.4718
v -0.0864 1.8229 1.3760
v -0.0255 1.9815 1.6558
v -0.0241 2.0226 1.5465
v -0.0604 1.9173 1.2080
v -0.0657 1.8813 1.2844
v -0.0291 2.0499 1.3472
v -0.0201 2.0449 1.4381
v 0.0029 2.2263 1.5797
v 0.0308 2.2813 1.6862
v 0.0168 2.1841 1.5800
v -0.0059 2.1589 1.4803
v 0.0588 2.3300 1.8244
v 0.0306 2.1995 1.7028
v 0.0845 2.3486 1.9571
v 0.0438 2.1906 1.8242
v 0.5710 0.1219 0.6606
v 0.5477 0.1537 0.6616
v 0.5462 0.1360 0.7098
v 0.5736 0.1028 0.7091
v 0.5194 0.1930 0.6620
v 0.5131 0.1772 0.7098
v 0.5429 0.1131 0.7658
v 0.5742 0.0775 0.7649
v 0.5045 0.1577 0.7655
v 0.4885 0.2377 0.6619
v 0.4572 0.2857 0.6618
v 0.4424 0.2765 0.7092
v 0.4775 0.2247 0.7095
v 0.4239 0.2649 0.7645
v 0.4633 0.2087 0.7649
v 0.3803 0.2376 0.8879
v 0.4298 0.1718 0.8887
v 0.4471 0.1907 0.8255
v 0.4027 0.2516 0.8250
v 0.4825 0.1116 0.8899
v 0.4941 0.1351 0.8264
v 0.5293 0.0553 0.8906
v 0.5592 -0.0037 0.8890
v 0.5707 0.0446 0.8245
v 0.5371 0.0847 0.8269
v 0.4278 0.3349 0.6619
v 0.4113 0.3307 0.7095
v 0.4011 0.3824 0.6620
v 0.3842 0.3835 0.7098
v 0.3907 0.3249 0.7649
v 0.3629 0.3843 0.7655
v 0.3782 0.4250 0.6616
v 0.3598 0.4600 0.6606
v 0.3436 0.4708 0.7091
v 0.3615 0.4314 0.7098
v 0.3210 0.4827 0.7649
v 0.3395 0.4385 0.7659
v 0.2415 0.5043 0.8896
v 0.2815 0.4515 0.8907
v 0.3114 0.4457 0.8270
v 0.2899 0.4940 0.8247
v 0.3118 0.3848 0.8900
v 0.3381 0.3848 0.8264
v 0.3428 0.3110 0.8887
v 0.3674 0.3183 0.8255
v 0.5824 -0.0734 1.2184
v 0.5397 -0.0172 1.2175
v 0.5728 -0.0149 1.3526
v 0.6282 -0.0678 1.3552
v 0.4674 0.0432 1.2143
v 0.4866 0.0423 1.3479
v 0.6166 -0.0017 1.5109
v 0.6831 -0.0508 1.5128
v 0.5180 0.0520 1.5071
v 0.3853 0.1126 1.2107
v 0.3129 0.1955 1.2089
v 0.3129 0.1955 1.3408
v 0.3923 0.1103 1.3431
v 0.3273 0.2045 1.5013
v 0.4129 0.1181 1.5032
v 0.4219 0.2636 1.9122
v 0.5095 0.1765 1.9065
v 0.4507 0.1391 1.6910
v 0.3618 0.2261 1.6914
v 0.6180 0.1111 1.8933
v 0.5617 0.0742 1.6897
v 0.7207 0.0589 1.8764
v 0.7906 0.0116 1.8595
v 0.7399 -0.0239 1.6836
v 0.6672 0.0228 1.6872
v 0.2701 0.2969 1.2107
v 0.2711 0.3043 1.3431
v 0.2437 0.4010 1.2144
v 0.2513 0.4187 1.3479
v 0.2871 0.3194 1.5032
v 0.2737 0.4427 1.5070
v 0.2212 0.4922 1.2177
v 0.1893 0.5546 1.2192
v 0.2144 0.5934 1.3556
v 0.2377 0.5211 1.3527
v 0.2536 0.6357 1.5130
v 0.2687 0.5548 1.5110
v 0.3556 0.7066 1.8598
v 0.3682 0.6224 1.8765
v 0.3127 0.5897 1.6873
v 0.3022 0.6755 1.6836
v 0.3706 0.5069 1.8934
v 0.3129 0.4723 1.6897
v 0.3820 0.3805 1.9065
v 0.3226 0.3441 1.6910
v 0.7731 0.1066 2.0732
v 0.8279 0.0544 2.0329
v 0.6872 0.1644 2.1158
v 0.8168 0.1580 2.2639
v 0.8501 0.1002 2.1975
v 0.7554 0.2230 2.3365
v 0.5130 0.3206 2.1648
v 0.5930 0.2339 2.1499
v 0.6136 0.3837 2.4221
v 0.6822 0.2976 2.3958
v 0.7564 0.4748 2.8428
v 0.8019 0.3906 2.7949
v 0.7581 0.3543 2.6192
v 0.7020 0.4395 2.6571
v 0.8333 0.3074 2.6887
v 0.8086 0.2750 2.5352
v 0.8483 0.2324 2.5607
v 0.8464 0.1775 2.4546
v 0.8556 0.1449 2.3471
v 0.8439 0.2048 2.4344
v 0.4701 0.4304 2.1499
v 0.4489 0.5458 2.1159
v 0.5663 0.4831 2.3959
v 0.5308 0.5820 2.3369
v 0.4091 0.7228 2.0339
v 0.4336 0.6491 2.0737
v 0.4582 0.7246 2.1996
v 0.4979 0.6670 2.2648
v 0.5218 0.6922 2.4593
v 0.5740 0.6676 2.5644
v 0.5503 0.6727 2.4365
v 0.4984 0.7125 2.3506
v 0.6372 0.6191 2.6911
v 0.5996 0.6084 2.5363
v 0.6998 0.5528 2.7961
v 0.6497 0.5274 2.6197
v 0.7925 -0.1705 0.3478
v 0.7735 -0.1509 0.3758
v 0.7901 -0.1932 0.4012
v 0.8128 -0.2130 0.3715
v 0.7501 -0.1261 0.4095
v 0.7623 -0.1676 0.4372
v 0.8079 -0.2444 0.4303
v 0.8339 -0.2652 0.3980
v 0.7754 -0.2171 0.4694
v 0.7244 -0.0971 0.4471
v 0.6985 -0.0658 0.4868
v 0.7035 -0.1039 0.5205
v 0.7325 -0.1374 0.4775
v 0.7081 -0.1493 0.5595
v 0.7407 -0.1852 0.5130
v 0.7163 -0.2522 0.6468
v 0.7573 -0.2936 0.5922
v 0.7490 -0.2381 0.5517
v 0.7123 -0.1996 0.6022
v 0.8020 -0.3305 0.5409
v 0.7887 -0.2725 0.5043
v 0.8414 -0.3656 0.4936
v 0.8644 -0.4047 0.4486
v 0.8522 -0.3265 0.4244
v 0.8251 -0.3036 0.4610
v 0.6746 -0.0333 0.5270
v 0.6785 -0.0682 0.5642
v 0.6531 -0.0018 0.5653
v 0.6573 -0.0330 0.6059
v 0.6819 -0.1098 0.6073
v 0.6608 -0.0703 0.6533
v 0.6346 0.0271 0.5989
v 0.6195 0.0512 0.6258
v 0.6258 0.0267 0.6720
v 0.6398 -0.0005 0.6427
v 0.6294 -0.0032 0.7264
v 0.6434 -0.0337 0.6944
v 0.6110 -0.0803 0.8556
v 0.6437 -0.1120 0.8111
v 0.6438 -0.0713 0.7519
v 0.6269 -0.0378 0.7862
v 0.6656 -0.1555 0.7598
v 0.6633 -0.1118 0.7056
v 0.6877 -0.2043 0.7039
v 0.6849 -0.1559 0.6546
v 1.0225 -0.6414 0.6398
v 0.9844 -0.6060 0.6843
v 1.0766 -0.6711 0.7689
v 1.1286 -0.7010 0.7229
v 0.9189 -0.5725 0.7395
v 0.9956 -0.6431 0.8262
v 1.1938 -0.7352 0.8723
v 1.2578 -0.7587 0.8238
v 1.0996 -0.7140 0.9328
v 0.8457 -0.5341 0.8033
v 0.7841 -0.4844 0.8741
v 0.8398 -0.5583 0.9676
v 0.9089 -0.6084 0.8929
v 0.9261 -0.6345 1.0820
v 1.0015 -0.6841 1.0034
v 1.2296 -0.7688 1.3776
v 1.3045 -0.8154 1.2914
v 1.1309 -0.7552 1.1358
v 1.0528 -0.7067 1.2183
v 1.3995 -0.8360 1.2073
v 1.2334 -0.7801 1.0598
v 1.4897 -0.8452 1.1310
v 1.5500 -0.8577 1.0690
v 1.4012 -0.8118 0.9400
v 1.3327 -0.7945 0.9934
v 0.7540 -0.4166 0.9502
v 0.8118 -0.4840 1.0487
v 0.7411 -0.3444 1.0247
v 0.8070 -0.4015 1.1285
v 0.8999 -0.5539 1.1665
v 0.9022 -0.4612 1.2495
v 0.7311 -0.2816 1.0908
v 0.7098 -0.2416 1.1415
v 0.7972 -0.2770 1.2547
v 0.8081 -0.3272 1.1997
v 0.9107 -0.3146 1.3808
v 0.9127 -0.3751 1.3235
v 1.1935 -0.4008 1.6420
v 1.2008 -0.4750 1.5954
v 1.0439 -0.4247 1.4570
v 1.0447 -0.3554 1.5123
v 1.1967 -0.5760 1.5332
v 1.0308 -0.5204 1.3852
v 1.2000 -0.6814 1.4594
v 1.0265 -0.6215 1.3035
v 1.6616 -0.8833 1.2840
v 1.6954 -0.8938 1.2081
v 1.6005 -0.8765 1.3754
v 1.8278 -0.9136 1.4388
v 1.8267 -0.9231 1.3491
v 1.8068 -0.9079 1.5468
v 1.4665 -0.8143 1.5612
v 1.5296 -0.8586 1.4714
v 1.7229 -0.8498 1.7490
v 1.7696 -0.8914 1.6559
v 2.1328 -0.9151 2.0574
v 2.1461 -0.9522 1.9585
v 1.9874 -0.9204 1.8248
v 1.9585 -0.8812 1.9211
v 2.1167 -0.9667 1.8263
v 1.9889 -0.9359 1.7037
v 2.0590 -0.9696 1.6892
v 1.9960 -0.9699 1.5836
v 1.9330 -0.9491 1.4834
v 1.9677 -0.9407 1.5818
v 1.4285 -0.7291 1.6339
v 1.4043 -0.6251 1.6908
v 1.6740 -0.7689 1.8096
v 1.6217 -0.6704 1.8447
v 1.3513 -0.4518 1.7624
v 1.3824 -0.5252 1.7332
v 1.5048 -0.5084 1.8693
v 1.5654 -0.5764 1.8618
v 1.7307 -0.6254 2.0163
v 1.8348 -0.6788 2.0546
v 1.7265 -0.6297 1.9723
v 1.6403 -0.5705 1.9585
v 1.9562 -0.7588 2.0876
v 1.8170 -0.7146 1.9814
v 2.0625 -0.8441 2.0944
v 1.8981 -0.8056 1.9689
v 0.8540 -0.1734 -0.1343
v 0.8489 -0.1781 -0.0952
v 0.8714 -0.2219 -0.1101
v 0.8793 -0.2155 -0.1526
v 0.8423 -0.1830 -0.0474
v 0.8618 -0.2286 -0.0583
v 0.8957 -0.2742 -0.1289
v 0.9055 -0.2661 -0.1755
v 0.8834 -0.2827 -0.0714
v 0.8355 -0.1875 0.0064
v 0.8294 -0.1914 0.0633
v 0.8450 -0.2394 0.0620
v 0.8525 -0.2347 0.0001
v 0.8619 -0.2964 0.0603
v 0.8711 -0.2907 -0.0074
v 0.8975 -0.4252 0.0563
v 0.9108 -0.4169 -0.0246
v 0.8907 -0.3523 -0.0158
v 0.8795 -0.3593 0.0584
v 0.9286 -0.4056 -0.1019
v 0.9058 -0.3427 -0.0865
v 0.9432 -0.3961 -0.1736
v 0.9436 -0.3948 -0.2409
v 0.9285 -0.3241 -0.2034
v 0.9196 -0.3334 -0.1513
v 0.8254 -0.1939 0.1204
v 0.8414 -0.2416 0.1244
v 0.8225 -0.1954 0.1747
v 0.8403 -0.2421 0.1837
v 0.8589 -0.2983 0.1288
v 0.8597 -0.2975 0.1944
v 0.8205 -0.1959 0.2230
v 0.8187 -0.1955 0.2624
v 0.8408 -0.2396 0.2796
v 0.8405 -0.2412 0.2366
v 0.8630 -0.2926 0.3005
v 0.8617 -0.2956 0.2532
v 0.8905 -0.4286 0.3560
v 0.9017 -0.4222 0.2915
v 0.8818 -0.3572 0.2726
v 0.8815 -0.3537 0.3248
v 0.9001 -0.4236 0.2185
v 0.8797 -0.3590 0.2063
v 0.8963 -0.4260 0.1387
v 0.8774 -0.3607 0.1337
v 1.1389 -0.6611 -0.3083
v 1.1270 -0.6682 -0.2390
v 1.2344 -0.7559 -0.2500
v 1.2574 -0.7423 -0.3218
v 1.0942 -0.6886 -0.1530
v 1.1897 -0.7836 -0.1608
v 1.3675 -0.8530 -0.2556
v 1.3993 -0.8317 -0.3289
v 1.3132 -0.8892 -0.1641
v 1.0571 -0.7117 -0.0547
v 1.0327 -0.7269 0.0516
v 1.1139 -0.8309 0.0530
v 1.1428 -0.8128 -0.0584
v 1.2259 -0.9469 0.0565
v 1.2586 -0.9255 -0.0587
v 1.5660 -1.2026 0.0726
v 1.5952 -1.1742 -0.0442
v 1.4082 -1.0470 -0.0544
v 1.3747 -1.0719 0.0628
v 1.6421 -1.1224 -0.1507
v 1.4642 -1.0030 -0.1613
v 1.6870 -1.0672 -0.2429
v 1.7103 -1.0286 -0.3162
v 1.5539 -0.9276 -0.3277
v 1.5203 -0.9574 -0.2539
v 1.0378 -0.7237 0.1615
v 1.1225 -0.8255 0.1691
v 1.0567 -0.7121 0.2666
v 1.1503 -0.8083 0.2806
v 1.2375 -0.9386 0.1774
v 1.2723 -0.9148 0.2941
v 1.0738 -0.7018 0.3585
v 1.0732 -0.7031 0.4285
v 1.1881 -0.7861 0.4539
v 1.1784 -0.7912 0.3786
v 1.3272 -0.8769 0.4764
v 1.3092 -0.8896 0.3971
v 1.6373 -1.0747 0.4991
v 1.6279 -1.1043 0.4181
v 1.4609 -0.9947 0.4111
v 1.4804 -0.9737 0.4927
v 1.6007 -1.1484 0.3135
v 1.4225 -1.0290 0.3055
v 1.5739 -1.1875 0.1951
v 1.3867 -1.0604 0.1861
v 1.8615 -1.1803 -0.2209
v 1.8580 -1.1330 -0.2923
v 1.8463 -1.2450 -0.1307
v 2.0274 -1.2923 -0.1917
v 1.9906 -1.2378 -0.2590
v 2.0505 -1.3653 -0.1056
v 1.8056 -1.3358 0.0865
v 1.8239 -1.3043 -0.0266
v 2.0569 -1.4659 0.1019
v 2.0602 -1.4315 -0.0058
v 2.4483 -1.6939 0.1257
v 2.4226 -1.6546 0.0296
v 2.2710 -1.5501 0.0142
v 2.2833 -1.5872 0.1158
v 2.3513 -1.5767 -0.0601
v 2.2283 -1.4782 -0.0801
v 2.2577 -1.4884 -0.1355
v 2.1724 -1.4210 -0.1851
v 2.1017 -1.3403 -0.2196
v 2.1675 -1.3988 -0.1597
v 1.8033 -1.3171 0.2039
v 1.8065 -1.2700 0.3165
v 2.0409 -1.4437 0.2117
v 2.0130 -1.3891 0.3155
v 1.7880 -1.1780 0.4921
v 1.8048 -1.2163 0.4156
v 1.9255 -1.2811 0.4740
v 1.9742 -1.3267 0.4055
v 2.1194 -1.4599 0.4198
v 2.2128 -1.5210 0.3760
v 2.1190 -1.4318 0.3896
v 2.0428 -1.3815 0.4471
v 2.3193 -1.5997 0.3060
v 2.1936 -1.5012 0.3112
v 2.4058 -1.6665 0.2202
v 2.2530 -1.5620 0.2174
v 0.7204 0.1125 -0.4972
v 0.7306 0.0856 -0.4710
v 0.7443 0.0620 -0.5159
v 0.7356 0.0922 -0.5441
v 0.7430 0.0533 -0.4380
v 0.7551 0.0259 -0.4805
v 0.7582 0.0333 -0.5695
v 0.7499 0.0670 -0.5999
v 0.7680 -0.0070 -0.5304
v 0.7576 0.0179 -0.4004
v 0.7742 -0.0188 -0.3608
v 0.7856 -0.0533 -0.3974
v 0.7687 -0.0134 -0.4401
v 0.7977 -0.0944 -0.4404
v 0.7804 -0.0506 -0.4865
v 0.8229 -0.1880 -0.5372
v 0.8052 -0.1355 -0.5910
v 0.7927 -0.0920 -0.5376
v 0.8102 -0.1401 -0.4877
v 0.7938 -0.0825 -0.6433
v 0.7808 -0.0437 -0.5857
v 0.7819 -0.0350 -0.6923
v 0.7579 0.0010 -0.7381
v 0.7595 0.0374 -0.6627
v 0.7702 0.0006 -0.6298
v 0.7930 -0.0545 -0.3212
v 0.8068 -0.0912 -0.3550
v 0.8119 -0.0875 -0.2835
v 0.8293 -0.1257 -0.3146
v 0.8218 -0.1350 -0.3947
v 0.8486 -0.1715 -0.3512
v 0.8292 -0.1161 -0.2497
v 0.8433 -0.1388 -0.2214
v 0.8680 -0.1785 -0.2477
v 0.8507 -0.1553 -0.2782
v 0.8942 -0.2275 -0.2786
v 0.8740 -0.2031 -0.3119
v 0.9351 -0.3604 -0.3476
v 0.9200 -0.3164 -0.3882
v 0.8972 -0.2585 -0.3486
v 0.9177 -0.2854 -0.3119
v 0.8890 -0.2764 -0.4338
v 0.8686 -0.2227 -0.3914
v 0.8536 -0.2342 -0.4842
v 0.8376 -0.1834 -0.4384
v 0.9104 -0.1333 -1.0181
v 0.9214 -0.1773 -0.9690
v 1.0160 -0.2099 -1.0670
v 1.0157 -0.1554 -1.1173
v 0.9184 -0.2446 -0.9101
v 1.0016 -0.2894 -1.0062
v 1.1399 -0.2428 -1.1749
v 1.1484 -0.1774 -1.2247
v 1.1162 -0.3346 -1.1142
v 0.9171 -0.3217 -0.8442
v 0.9327 -0.3951 -0.7748
v 1.0044 -0.4585 -0.8639
v 0.9915 -0.3777 -0.9375
v 1.1099 -0.5220 -0.9679
v 1.0990 -0.4340 -1.0445
v 1.4612 -0.6248 -1.2164
v 1.4458 -0.5292 -1.2914
v 1.2477 -0.4861 -1.1633
v 1.2588 -0.5795 -1.0858
v 1.4549 -0.4170 -1.3522
v 1.2659 -0.3779 -1.2308
v 1.4694 -0.3105 -1.4008
v 1.4702 -0.2324 -1.4392
v 1.3021 -0.2022 -1.3341
v 1.2915 -0.2762 -1.2879
v 0.9807 -0.4512 -0.7047
v 1.0593 -0.5157 -0.7881
v 1.0420 -0.4960 -0.6393
v 1.1331 -0.5575 -0.7162
v 1.1704 -0.5796 -0.8862
v 1.2547 -0.6173 -0.8068
v 1.0973 -0.5355 -0.5836
v 1.1273 -0.5758 -0.5427
v 1.2468 -0.6271 -0.6079
v 1.2032 -0.5919 -0.6541
v 1.3918 -0.6749 -0.6845
v 1.3371 -0.6457 -0.7371
v 1.7233 -0.7502 -0.8714
v 1.6745 -0.7301 -0.9407
v 1.4953 -0.6929 -0.8326
v 1.5536 -0.7167 -0.7722
v 1.5989 -0.7115 -1.0292
v 1.4091 -0.6704 -0.9112
v 1.5200 -0.6810 -1.1249
v 1.3214 -0.6367 -0.9986
v 1.6721 -0.3461 -1.5088
v 1.6460 -0.2708 -1.5339
v 1.6870 -0.4495 -1.4750
v 1.8748 -0.3846 -1.6073
v 1.8157 -0.3172 -1.6163
v 1.9282 -0.4796 -1.5918
v 1.7269 -0.6519 -1.3587
v 1.7016 -0.5590 -1.4268
v 2.0127 -0.6690 -1.5007
v 1.9744 -0.5815 -1.5594
v 2.4717 -0.7051 -1.7358
v 2.4077 -0.6302 -1.7760
v 2.2233 -0.6031 -1.6792
v 2.2754 -0.6840 -1.6303
v 2.3006 -0.5461 -1.7776
v 2.1447 -0.5110 -1.6952
v 2.1741 -0.4705 -1.7564
v 2.0643 -0.4219 -1.7301
v 1.9649 -0.3717 -1.6848
v 2.0529 -0.4279 -1.6915
v 1.7736 -0.7063 -1.2649
v 1.8267 -0.7355 -1.1608
v 2.0426 -0.7210 -1.4059
v 2.0606 -0.7500 -1.2943
v 1.8920 -0.7728 -0.9819
v 1.8712 -0.7532 -1.0614
v 2.0475 -0.7886 -1.0973
v 2.0630 -0.7684 -1.1850
v 2.2589 -0.8130 -1.2994
v 2.3383 -0.8009 -1.3926
v 2.2273 -0.7818 -1.3019
v 2.1777 -0.8018 -1.2111
v 2.4178 -0.7825 -1.5174
v 2.2685 -0.7629 -1.4178
v 2.4686 -0.7532 -1.6407
v 2.2875 -0.7338 -1.5353
v 0.4661 0.5263 -0.5320
v 0.4847 0.4916 -0.5336
v 0.4768 0.5034 -0.5830
v 0.4588 0.5425 -0.5812
v 0.5078 0.4490 -0.5346
v 0.4995 0.4555 -0.5843
v 0.4649 0.5168 -0.6409
v 0.4462 0.5607 -0.6384
v 0.4884 0.4627 -0.6425
v 0.5345 0.4016 -0.5351
v 0.5639 0.3523 -0.5352
v 0.5578 0.3486 -0.5852
v 0.5266 0.4028 -0.5850
v 0.5494 0.3433 -0.6439
v 0.5162 0.4034 -0.6435
v 0.5285 0.3303 -0.7753
v 0.4910 0.4036 -0.7746
v 0.5041 0.4037 -0.7076
v 0.5394 0.3370 -0.7082
v 0.4600 0.4774 -0.7731
v 0.4747 0.4702 -0.7063
v 0.4297 0.5442 -0.7717
v 0.3895 0.5972 -0.7714
v 0.4260 0.5788 -0.7009
v 0.4480 0.5311 -0.7048
v 0.5952 0.3044 -0.5351
v 0.5929 0.2968 -0.5850
v 0.6262 0.2596 -0.5346
v 0.6285 0.2492 -0.5843
v 0.5888 0.2872 -0.6435
v 0.6300 0.2361 -0.6425
v 0.6544 0.2201 -0.5336
v 0.6775 0.1881 -0.5320
v 0.6890 0.1742 -0.5812
v 0.6616 0.2077 -0.5830
v 0.6997 0.1550 -0.6384
v 0.6684 0.1912 -0.6410
v 0.7073 0.0883 -0.7720
v 0.6775 0.1476 -0.7719
v 0.6737 0.1697 -0.7049
v 0.7071 0.1288 -0.7011
v 0.6308 0.2042 -0.7732
v 0.6307 0.2205 -0.7063
v 0.5780 0.2644 -0.7746
v 0.5838 0.2761 -0.7076
v 0.3180 0.7131 -0.2950
v 0.3408 0.6831 -0.3326
v 0.2970 0.7416 -0.2593
v 0.3324 0.6922 -0.2730
v 0.3545 0.6635 -0.3083
v 0.3114 0.7197 -0.2399
v 0.2641 0.7871 -0.2005
v 0.2786 0.7669 -0.2273
v 0.2787 0.7626 -0.1869
v 0.2930 0.7438 -0.2110
v 0.3023 0.7222 -0.1710
v 0.3154 0.7031 -0.1802
v 0.3053 0.7226 -0.1969
v 0.2916 0.7406 -0.1773
v 0.3355 0.6740 -0.1962
v 0.3236 0.6978 -0.2204
v 0.3584 0.6422 -0.2200
v 0.3810 0.6120 -0.2508
v 0.3669 0.6410 -0.2827
v 0.3448 0.6697 -0.2495
v 0.4082 0.6010 -0.4363
v 0.4256 0.5804 -0.4611
v 0.3874 0.6259 -0.4053
v 0.4158 0.5866 -0.4085
v 0.4310 0.5675 -0.4319
v 0.3974 0.6094 -0.3785
v 0.3645 0.6537 -0.3700
v 0.3767 0.6355 -0.3443
v 0.4008 0.5878 -0.2882
v 0.3878 0.6147 -0.3185
v 0.4169 0.5697 -0.3271
v 0.4064 0.5918 -0.3534
v 0.4286 0.5580 -0.3622
v 0.4355 0.5515 -0.3853
v 0.4341 0.5580 -0.4064
v 0.4216 0.5735 -0.3840
v 0.2137 0.7983 0.1172
v 0.2180 0.8010 0.0640
v 0.2101 0.7959 0.1677
v 0.2332 0.7743 0.1134
v 0.2369 0.7776 0.0644
v 0.2301 0.7704 0.1600
v 0.2060 0.7909 0.2493
v 0.2075 0.7934 0.2127
v 0.2257 0.7632 0.2375
v 0.2275 0.7667 0.2024
v 0.2730 0.6940 0.2074
v 0.2721 0.7028 0.1705
v 0.2477 0.7380 0.1894
v 0.2467 0.7328 0.2244
v 0.2689 0.7158 0.1309
v 0.2484 0.7449 0.1491
v 0.2645 0.7304 0.0929
v 0.2613 0.7411 0.0646
v 0.2511 0.7574 0.0646
v 0.2490 0.7524 0.1072
v 0.2340 0.8099 -0.0840
v 0.2390 0.8113 -0.1203
v 0.2286 0.8073 -0.0393
v 0.2522 0.7819 -0.0734
v 0.2565 0.7824 -0.1084
v 0.2471 0.7810 -0.0311
v 0.2231 0.8043 0.0110
v 0.2419 0.7798 0.0155
v 0.2695 0.7336 0.0362
v 0.2566 0.7571 0.0219
v 0.2807 0.7232 -0.0018
v 0.2635 0.7544 -0.0200
v 0.2910 0.7146 -0.0413
v 0.2985 0.7099 -0.0782
v 0.2752 0.7506 -0.0953
v 0.2700 0.7519 -0.0602
v 0.2870 0.6054 0.4982
v 0.2700 0.6391 0.4608
v 0.3036 0.5737 0.5337
v 0.3038 0.5899 0.4732
v 0.2880 0.6219 0.4372
v 0.3185 0.5601 0.5074
v 0.3318 0.5220 0.5900
v 0.3188 0.5454 0.5650
v 0.3424 0.5122 0.5610
v 0.3315 0.5339 0.5375
v 0.3553 0.5014 0.5144
v 0.3525 0.5105 0.4913
v 0.3417 0.5235 0.5131
v 0.3501 0.5056 0.5356
v 0.3471 0.5261 0.4562
v 0.3319 0.5452 0.4826
v 0.3379 0.5485 0.4173
v 0.3248 0.5769 0.3799
v 0.3050 0.6023 0.4119
v 0.3195 0.5720 0.4477
v 0.2262 0.7350 0.3564
v 0.2164 0.7583 0.3300
v 0.2390 0.7060 0.3881
v 0.2439 0.7132 0.3402
v 0.2338 0.7347 0.3160
v 0.2570 0.6858 0.3690
v 0.2538 0.6733 0.4235
v 0.2722 0.6547 0.4020
v 0.3076 0.6105 0.3491
v 0.2889 0.6347 0.3786
v 0.2890 0.6450 0.3253
v 0.2728 0.6661 0.3495
v 0.2718 0.6758 0.3093
v 0.2603 0.6960 0.3002
v 0.2484 0.7137 0.3064
v 0.2587 0.6934 0.3260
v 0.4955 0.2467 0.6248
v 0.4668 0.2917 0.6248
v 0.5232 0.2042 0.6247
v 0.4989 0.2537 0.5946
v 0.4725 0.2953 0.5954
v 0.5240 0.2141 0.5930
v 0.5687 0.1363 0.6230
v 0.5481 0.1667 0.6241
v 0.5661 0.1487 0.5892
v 0.5470 0.1783 0.5912
v 0.5577 0.1792 0.5060
v 0.5374 0.2102 0.5139
v 0.5436 0.1917 0.5565
v 0.5626 0.1621 0.5526
v 0.5151 0.2432 0.5265
v 0.5217 0.2258 0.5619
v 0.4936 0.2748 0.5412
v 0.4775 0.2984 0.5519
v 0.4758 0.2973 0.5711
v 0.4988 0.2611 0.5679
v 0.3901 0.4197 0.6241
v 0.3717 0.4515 0.6230
v 0.4129 0.3808 0.6247
v 0.4000 0.4135 0.5912
v 0.3818 0.4436 0.5892
v 0.4222 0.3771 0.5930
v 0.4389 0.3372 0.6248
v 0.4467 0.3372 0.5946
v 0.4634 0.3232 0.5412
v 0.4534 0.3339 0.5679
v 0.4444 0.3564 0.5265
v 0.4316 0.3699 0.5619
v 0.4245 0.3908 0.5139
v 0.4055 0.4227 0.5060
v 0.3923 0.4346 0.5526
v 0.4106 0.4046 0.5565
v 0.7165 -0.0670 0.4233
v 0.6927 -0.0374 0.4607
v 0.7393 -0.0947 0.3878
v 0.7078 -0.0424 0.4019
v 0.6853 -0.0138 0.4372
v 0.7291 -0.0696 0.3690
v 0.7764 -0.1379 0.3295
v 0.7598 -0.1188 0.3559
v 0.7628 -0.1120 0.3160
v 0.7479 -0.0935 0.3400
v 0.7397 -0.0712 0.3002
v 0.7265 -0.0520 0.3093
v 0.7367 -0.0715 0.3260
v 0.7504 -0.0896 0.3064
v 0.7064 -0.0229 0.3253
v 0.7183 -0.0468 0.3495
v 0.6836 0.0089 0.3491
v 0.6609 0.0391 0.3799
v 0.6751 0.0101 0.4119
v 0.6971 -0.0186 0.3786
v 0.6298 0.0478 0.5650
v 0.6144 0.0697 0.5900
v 0.6486 0.0217 0.5337
v 0.6251 0.0640 0.5375
v 0.6104 0.0833 0.5610
v 0.6429 0.0408 0.5074
v 0.6698 -0.0072 0.4982
v 0.6634 0.0144 0.4732
v 0.6411 0.0633 0.4173
v 0.6542 0.0364 0.4477
v 0.6250 0.0814 0.4562
v 0.6355 0.0593 0.4826
v 0.6133 0.0931 0.4913
v 0.6064 0.0996 0.5144
v 0.6079 0.0931 0.5356
v 0.6203 0.0776 0.5131
v 0.8207 -0.1520 0.0110
v 0.8155 -0.1552 0.0640
v 0.8259 -0.1485 -0.0393
v 0.8069 -0.1244 0.0155
v 0.8028 -0.1279 0.0644
v 0.8103 -0.1203 -0.0311
v 0.8341 -0.1410 -0.1205
v 0.8305 -0.1448 -0.0841
v 0.8157 -0.1124 -0.1084
v 0.8134 -0.1162 -0.0734
v 0.7689 -0.0430 -0.0782
v 0.7698 -0.0517 -0.0413
v 0.7942 -0.0870 -0.0602
v 0.7952 -0.0817 -0.0953
v 0.7730 -0.0647 -0.0018
v 0.7935 -0.0939 -0.0200
v 0.7775 -0.0794 0.0362
v 0.7806 -0.0900 0.0646
v 0.7909 -0.1064 0.0646
v 0.7930 -0.1013 0.0219
v 0.8041 -0.1613 0.2126
v 0.8012 -0.1616 0.2492
v 0.8075 -0.1600 0.1677
v 0.7888 -0.1316 0.2024
v 0.7849 -0.1317 0.2375
v 0.7933 -0.1309 0.1600
v 0.8112 -0.1579 0.1172
v 0.7982 -0.1299 0.1134
v 0.7724 -0.0825 0.0929
v 0.7854 -0.1060 0.1072
v 0.7612 -0.0721 0.1309
v 0.7784 -0.1033 0.1491
v 0.7509 -0.0635 0.1705
v 0.7435 -0.0589 0.2074
v 0.7668 -0.0995 0.2244
v 0.7719 -0.1009 0.1894
v 0.7474 0.0409 -0.3701
v 0.7635 0.0067 -0.3328
v 0.7325 0.0736 -0.4053
v 0.7363 0.0599 -0.3443
v 0.7517 0.0278 -0.3084
v 0.7220 0.0901 -0.3785
v 0.7084 0.1278 -0.4611
v 0.7193 0.1031 -0.4363
v 0.6990 0.1386 -0.4319
v 0.7095 0.1165 -0.4085
v 0.6866 0.1497 -0.3853
v 0.6894 0.1406 -0.3622
v 0.7003 0.1276 -0.3840
v 0.6918 0.1455 -0.4064
v 0.6948 0.1250 -0.3271
v 0.7100 0.1059 -0.3534
v 0.7040 0.1026 -0.2882
v 0.7171 0.0742 -0.2508
v 0.7370 0.0487 -0.2827
v 0.7225 0.0791 -0.3185
v 0.8119 -0.0863 -0.2281
v 0.8238 -0.1083 -0.2015
v 0.7971 -0.0586 -0.2600
v 0.7971 -0.0628 -0.2112
v 0.8077 -0.0840 -0.1871
v 0.7834 -0.0357 -0.2401
v 0.7805 -0.0270 -0.2954
v 0.7679 -0.0048 -0.2731
v 0.7343 0.0406 -0.2200
v 0.7531 0.0164 -0.2495
v 0.7529 0.0061 -0.1962
v 0.7691 -0.0150 -0.2204
v 0.7702 -0.0247 -0.1802
v 0.7817 -0.0449 -0.1710
v 0.7935 -0.0626 -0.1773
v 0.7833 -0.0424 -0.1969
v 0.5389 0.3997 -0.4966
v 0.5667 0.3541 -0.4967
v 0.5128 0.4432 -0.4963
v 0.5412 0.3962 -0.4657
v 0.5672 0.3544 -0.4665
v 0.5164 0.4360 -0.4640
v 0.4714 0.5136 -0.4941
v 0.4899 0.4820 -0.4955
v 0.4753 0.5021 -0.4602
v 0.4939 0.4722 -0.4622
v 0.4842 0.4719 -0.3769
v 0.5046 0.4409 -0.3848
v 0.4983 0.4594 -0.4273
v 0.4793 0.4890 -0.4234
v 0.5268 0.4078 -0.3974
v 0.5203 0.4253 -0.4328
v 0.5484 0.3763 -0.4121
v 0.5644 0.3527 -0.4227
v 0.5661 0.3537 -0.4419
v 0.5431 0.3900 -0.4388
v 0.6480 0.2290 -0.4955
v 0.6683 0.1984 -0.4941
v 0.6231 0.2666 -0.4963
v 0.6409 0.2369 -0.4622
v 0.6596 0.2071 -0.4602
v 0.6182 0.2730 -0.4640
v 0.5955 0.3091 -0.4966
v 0.5934 0.3128 -0.4657
v 0.5786 0.3279 -0.4121
v 0.5886 0.3172 -0.4388
v 0.5975 0.2947 -0.3974
v 0.6103 0.2812 -0.4328
v 0.6175 0.2602 -0.3848
v 0.6364 0.2283 -0.3769
v 0.6496 0.2164 -0.4234
v 0.6313 0.2465 -0.4273
v 0.4529 0.5502 -0.5297
v 0.4582 0.5355 -0.4918
v 0.4422 0.5673 -0.5245
v 0.4479 0.5514 -0.4868
v 0.4621 0.5232 -0.4582
v 0.4518 0.5389 -0.4543
v 0.4313 0.5818 -0.5144
v 0.4378 0.5651 -0.4772
v 0.4423 0.5526 -0.4463
v 0.4437 0.5381 -0.3842
v 0.4444 0.5437 -0.4171
v 0.4550 0.5192 -0.3800
v 0.4542 0.5286 -0.4207
v 0.4681 0.4976 -0.3764
v 0.4652 0.5112 -0.4221
v 0.6524 0.2026 -0.3764
v 0.6634 0.1941 -0.4221
v 0.6662 0.1814 -0.3800
v 0.6742 0.1765 -0.4207
v 0.6729 0.1859 -0.4582
v 0.6825 0.1698 -0.4543
v 0.6782 0.1629 -0.3842
v 0.6835 0.1610 -0.4171
v 0.6906 0.1552 -0.4463
v 0.7123 0.1320 -0.5144
v 0.6999 0.1456 -0.4772
v 0.7040 0.1483 -0.5245
v 0.6921 0.1607 -0.4868
v 0.6932 0.1656 -0.5297
v 0.6822 0.1769 -0.4918
v 0.7797 -0.0448 -0.1554
v 0.7976 -0.0727 -0.1598
v 0.7755 -0.0425 -0.1335
v 0.7979 -0.0767 -0.1419
v 0.8139 -0.0972 -0.1687
v 0.8166 -0.1049 -0.1520
v 0.7714 -0.0409 -0.1084
v 0.7968 -0.0791 -0.1214
v 0.8170 -0.1092 -0.1333
v 0.8568 -0.1691 -0.1617
v 0.8357 -0.1374 -0.1459
v 0.8563 -0.1633 -0.1821
v 0.8350 -0.1319 -0.1649
v 0.8521 -0.1539 -0.2004
v 0.8312 -0.1229 -0.1819
v 0.7405 -0.0601 0.2375
v 0.7637 -0.0998 0.2505
v 0.7402 -0.0646 0.2627
v 0.7611 -0.0997 0.2710
v 0.7818 -0.1313 0.2623
v 0.7781 -0.1290 0.2810
v 0.7405 -0.0694 0.2846
v 0.7576 -0.0977 0.2889
v 0.7723 -0.1231 0.2976
v 0.8050 -0.1833 0.3274
v 0.7873 -0.1503 0.3102
v 0.8124 -0.1906 0.3097
v 0.7942 -0.1575 0.2934
v 0.8165 -0.1942 0.2896
v 0.7983 -0.1608 0.2747
v 0.3014 0.7112 -0.1084
v 0.2783 0.7508 -0.1214
v 0.3018 0.7156 -0.1335
v 0.2808 0.7508 -0.1419
v 0.2600 0.7821 -0.1332
v 0.2638 0.7798 -0.1519
v 0.3015 0.7204 -0.1554
v 0.2843 0.7487 -0.1598
v 0.2695 0.7739 -0.1685
v 0.2360 0.8316 -0.1983
v 0.2542 0.8003 -0.1810
v 0.2292 0.8399 -0.1805
v 0.2477 0.8079 -0.1643
v 0.2240 0.8434 -0.1606
v 0.2430 0.8111 -0.1455
v 0.2623 0.6959 0.2846
v 0.2443 0.7238 0.2889
v 0.2664 0.6936 0.2627
v 0.2440 0.7278 0.2710
v 0.2279 0.7481 0.2977
v 0.2251 0.7559 0.2811
v 0.2706 0.6919 0.2375
v 0.2451 0.7301 0.2505
v 0.2247 0.7602 0.2624
v 0.1834 0.8190 0.2901
v 0.2054 0.7880 0.2749
v 0.1847 0.8137 0.3105
v 0.2066 0.7828 0.2938
v 0.1881 0.8038 0.3285
v 0.2100 0.7735 0.3106
v 0.3895 0.4485 0.5055
v 0.3785 0.4570 0.5512
v 0.3758 0.4697 0.5091
v 0.3677 0.4746 0.5498
v 0.3689 0.4650 0.5873
v 0.3593 0.4811 0.5834
v 0.3638 0.4881 0.5133
v 0.3585 0.4900 0.5462
v 0.3511 0.4958 0.5754
v 0.3279 0.5176 0.6433
v 0.3412 0.5048 0.6062
v 0.3370 0.5020 0.6535
v 0.3496 0.4901 0.6159
v 0.3469 0.4842 0.6586
v 0.3589 0.4736 0.6209
v 0.5982 0.1130 0.5133
v 0.5976 0.1074 0.5462
v 0.5869 0.1318 0.5091
v 0.5877 0.1225 0.5498
v 0.5995 0.0983 0.5754
v 0.5899 0.1121 0.5834
v 0.5738 0.1535 0.5055
v 0.5767 0.1399 0.5512
v 0.5796 0.1278 0.5873
v 0.5870 0.1000 0.6586
v 0.5829 0.1152 0.6209
v 0.5985 0.0835 0.6535
v 0.5936 0.0996 0.6159
v 0.6085 0.0686 0.6433
v 0.6032 0.0856 0.6062
v 0.3238 0.6848 -0.1558
v 0.3297 0.6693 -0.1258
v 0.3492 0.6456 -0.1632
v 0.3623 0.6166 -0.1223
v 0.3301 0.6546 -0.0546
v 0.3328 0.6577 -0.0921
v 0.3723 0.5812 -0.0247
v 0.3726 0.5905 -0.0745
v 0.5210 0.3255 0.0646
v 0.4606 0.4491 -0.0715
v 0.4210 0.5098 -0.0581
v 0.4272 0.4862 0.0109
v 0.4260 0.5200 -0.1495
v 0.3968 0.5622 -0.1268
v 0.4001 0.5730 -0.2078
v 0.3758 0.6064 -0.1799
v 0.2830 0.7064 0.0646
v 0.2954 0.6792 0.1018
v 0.3020 0.6834 0.0274
v 0.3245 0.6400 0.0646
v 0.3089 0.6413 0.1837
v 0.3048 0.6560 0.1427
v 0.3564 0.5712 0.1539
v 0.3456 0.5978 0.1071
v 0.3943 0.5283 0.0646
v 0.4177 0.4802 0.1183
v 0.3532 0.6025 0.0220
v 0.3187 0.6647 -0.0136
v 0.3673 0.4908 0.4715
v 0.3847 0.4661 0.4553
v 0.3675 0.4997 0.4251
v 0.3921 0.4666 0.3937
v 0.4238 0.4061 0.4427
v 0.4037 0.4380 0.4439
v 0.4472 0.3853 0.3585
v 0.4200 0.4273 0.3662
v 0.4364 0.4340 0.2006
v 0.4371 0.4185 0.2726
v 0.4759 0.3610 0.2494
v 0.3879 0.4961 0.2786
v 0.3954 0.4739 0.3296
v 0.3515 0.5426 0.3370
v 0.3628 0.5165 0.3779
v 0.4812 0.3007 0.5112
v 0.5036 0.2706 0.4818
v 0.4640 0.3340 0.4818
v 0.4881 0.3050 0.4333
v 0.5508 0.2029 0.4427
v 0.5276 0.2370 0.4572
v 0.5424 0.2330 0.3585
v 0.5149 0.2713 0.3866
v 0.4998 0.3123 0.3024
v 0.5331 0.2694 0.2494
v 0.4696 0.3439 0.3866
v 0.4443 0.3703 0.4572
v 0.7182 -0.0338 0.2850
v 0.7122 -0.0183 0.2549
v 0.6928 0.0054 0.2923
v 0.6797 0.0345 0.2514
v 0.7118 -0.0035 0.1837
v 0.7091 -0.0066 0.2212
v 0.6697 0.0699 0.1539
v 0.6693 0.0606 0.2036
v 0.5813 0.2019 0.2006
v 0.6209 0.1413 0.1872
v 0.6147 0.1649 0.1183
v 0.6159 0.1311 0.2786
v 0.6451 0.0889 0.2559
v 0.6418 0.0781 0.3370
v 0.6662 0.0447 0.3090
v 0.7590 -0.0553 0.0646
v 0.7466 -0.0281 0.0274
v 0.7400 -0.0323 0.1018
v 0.7175 0.0111 0.0646
v 0.7331 0.0097 -0.0546
v 0.7371 -0.0049 -0.0136
v 0.6856 0.0798 -0.0247
v 0.6964 0.0533 0.0220
v 0.6477 0.1228 0.0646
v 0.6243 0.1709 0.0109
v 0.6888 0.0486 0.1071
v 0.7232 -0.0136 0.1427
v 0.6747 0.1603 -0.3424
v 0.6572 0.1850 -0.3262
v 0.6745 0.1514 -0.2959
v 0.6499 0.1845 -0.2645
v 0.6182 0.2450 -0.3135
v 0.6382 0.2131 -0.3147
v 0.5948 0.2658 -0.2294
v 0.6219 0.2238 -0.2371
v 0.6056 0.2171 -0.0715
v 0.6049 0.2326 -0.1435
v 0.5661 0.2900 -0.1203
v 0.6541 0.1550 -0.1495
v 0.6465 0.1771 -0.2005
v 0.6904 0.1084 -0.2078
v 0.6792 0.1345 -0.2488
v 0.5608 0.3504 -0.3821
v 0.5383 0.3805 -0.3526
v 0.5780 0.3171 -0.3526
v 0.5538 0.3461 -0.3042
v 0.4912 0.4482 -0.3135
v 0.5143 0.4141 -0.3281
v 0.4996 0.4181 -0.2294
v 0.5270 0.3798 -0.2575
v 0.5422 0.3388 -0.1732
v 0.5088 0.3816 -0.1203
v 0.5724 0.3072 -0.2575
v 0.5976 0.2807 -0.3281
v 0.4398 0.5361 -0.3424
v 0.4318 0.5398 -0.2959
v 0.4544 0.5096 -0.3262
v 0.4507 0.5032 -0.2645
v 0.4186 0.5514 -0.2488
v 0.4426 0.5035 -0.2005
v 0.4742 0.4417 -0.1435
v 0.4738 0.4609 -0.2371
v 0.4713 0.4802 -0.3147
v 0.7575 -0.0092 -0.1558
v 0.7334 0.0308 -0.1632
v 0.7461 0.0029 -0.1258
v 0.7130 0.0553 -0.1223
v 0.7097 0.0719 -0.1799
v 0.6792 0.1102 -0.1268
v 0.6428 0.1550 -0.0581
v 0.6941 0.0761 -0.0745
v 0.7370 0.0108 -0.0921
v 0.2845 0.6603 0.2850
v 0.3086 0.6203 0.2923
v 0.2958 0.6481 0.2549
v 0.3290 0.5957 0.2514
v 0.3322 0.5791 0.3090
v 0.3627 0.5409 0.2559
v 0.3992 0.4961 0.1872
v 0.3479 0.5750 0.2036
v 0.3049 0.6403 0.2212
v 0.6021 0.1149 0.4715
v 0.6102 0.1113 0.4251
v 0.5876 0.1415 0.4553
v 0.5912 0.1479 0.3937
v 0.6233 0.0996 0.3779
v 0.5993 0.1476 0.3296
v 0.5678 0.2094 0.2726
v 0.5682 0.1902 0.3662
v 0.5706 0.1708 0.4439
v -0.2819 0.7949 -0.8143
v -0.2517 0.7245 -0.7393
v -0.2821 0.7867 -0.6648
v -0.3118 0.8633 -0.7345
v -0.2181 0.6733 -0.6773
v -0.2481 0.7302 -0.6079
v -0.2895 0.8589 -0.5934
v -0.3141 0.9442 -0.6576
v -0.2589 0.7954 -0.5416
v -0.1822 0.6349 -0.6239
v -0.1452 0.6030 -0.5748
v -0.1734 0.6508 -0.5155
v -0.2114 0.6871 -0.5596
v -0.1891 0.7046 -0.4580
v -0.2248 0.7466 -0.4977
v -0.1768 0.8229 -0.3554
v -0.1969 0.8736 -0.3968
v -0.2214 0.8096 -0.4412
v -0.1917 0.7614 -0.4047
v -0.2197 0.9312 -0.4353
v -0.2499 0.8641 -0.4823
v -0.2390 1.0074 -0.4796
v -0.2492 1.1096 -0.5346
v -0.2921 1.0292 -0.5892
v -0.2748 0.9347 -0.5301
v 0.0544 0.7230 -1.0586
v 0.0440 0.6475 -0.9719
v -0.0433 0.6402 -0.9334
v -0.0436 0.7127 -1.0186
v 0.0462 0.5936 -0.8977
v -0.0330 0.5883 -0.8605
v -0.1260 0.6508 -0.8785
v -0.1386 0.7206 -0.9613
v -0.1062 0.6013 -0.8082
v 0.0562 0.5521 -0.8345
v 0.0697 0.5092 -0.7768
v 0.0014 0.5157 -0.7368
v -0.0164 0.5488 -0.7969
v -0.0555 0.5347 -0.6884
v -0.0818 0.5648 -0.7464
v -0.1381 0.5937 -0.6874
v -0.1052 0.5640 -0.6335
v -0.1694 0.6300 -0.7456
v -0.2211 0.7476 -0.8916
v -0.1975 0.6791 -0.8122
v -0.2582 1.3882 -1.2715
v -0.3060 1.1819 -1.1367
v -0.3319 1.2669 -1.0422
v -0.2851 1.4696 -1.1740
v -0.3192 1.0181 -1.0145
v -0.3459 1.1004 -0.9243
v -0.3137 1.3697 -0.9461
v -0.2682 1.5632 -1.0711
v -0.3323 1.2011 -0.8350
v -0.3078 0.8908 -0.9065
v -0.3362 0.9669 -0.8213
v -0.3304 1.0588 -0.7385
v -0.2445 1.2459 -0.6048
v -0.2975 1.1555 -0.6642
v -0.2259 1.4049 -0.6890
v -0.2888 1.3070 -0.7540
v -0.1945 1.5759 -0.7859
v -0.1517 1.7477 -0.8940
v -0.2196 1.6594 -0.9740
v -0.2637 1.4771 -0.8577
v 0.2151 1.2791 -1.4890
v 0.1676 1.1121 -1.3815
v 0.0329 1.0970 -1.3458
v 0.0810 1.2754 -1.4614
v 0.1214 0.9604 -1.2697
v -0.0046 0.9427 -1.2300
v -0.1040 1.1010 -1.2912
v -0.0557 1.2919 -1.4156
v -0.1314 0.9435 -1.1715
v 0.0819 0.8290 -1.1600
v -0.0304 0.8141 -1.1192
v -0.1417 0.8174 -1.0602
v -0.2386 0.8420 -0.9877
v -0.2420 0.9672 -1.0983
v -0.1753 1.3292 -1.3522
v -0.2235 1.1280 -1.2206
v 0.2199 2.3985 -1.7819
v 0.0890 2.1769 -1.6867
v 0.0475 2.2100 -1.5889
v 0.1737 2.4157 -1.6852
v -0.0449 1.9151 -1.5604
v -0.0808 1.9667 -1.4618
v 0.0217 2.2106 -1.4679
v 0.1320 2.3854 -1.5598
v -0.0896 2.0024 -1.3456
v -0.1660 1.6424 -1.4174
v -0.1966 1.7114 -1.3188
v -0.1899 1.7804 -1.2087
v -0.0984 1.9095 -1.0122
v -0.1543 1.8472 -1.1018
v -0.0368 2.0582 -1.1325
v -0.0740 2.0300 -1.2297
v 0.0315 2.1907 -1.2468
v 0.0879 2.2832 -1.3323
v 0.1030 2.3332 -1.4308
v 0.0149 2.1969 -1.3463
v 0.3665 1.9379 -1.7739
v 0.3387 1.8080 -1.7343
v 0.2697 1.8808 -1.7500
v 0.3396 2.0416 -1.8050
v 0.2998 1.6354 -1.6690
v 0.2026 1.6835 -1.6701
v 0.2040 1.9854 -1.7565
v 0.3021 2.1772 -1.8281
v 0.1066 1.7572 -1.6576
v 0.2589 1.4563 -1.5861
v 0.1386 1.4763 -1.5718
v 0.0172 1.5183 -1.5409
v -0.0895 1.5758 -1.4904
v 0.0208 1.8399 -1.6233
v 0.2624 2.3075 -1.8250
v 0.1425 2.0931 -1.7389
v -0.5400 1.0357 0.0082
v -0.4842 0.9446 0.0080
v -0.4813 0.9461 0.1170
v -0.5345 1.0389 0.1242
v -0.4306 0.8764 0.0090
v -0.4295 0.8766 0.1105
v -0.4581 0.9610 0.2219
v -0.5048 1.0579 0.2363
v -0.4111 0.8885 0.2083
v -0.3786 0.8231 0.0108
v -0.3272 0.7774 0.0128
v -0.3280 0.7763 0.0988
v -0.3785 0.8226 0.1045
v -0.3176 0.7830 0.1829
v -0.3642 0.8318 0.1957
v -0.2605 0.8197 0.3333
v -0.2932 0.8799 0.3458
v -0.3362 0.8499 0.2790
v -0.2965 0.7966 0.2613
v -0.3278 0.9426 0.3650
v -0.3769 0.9105 0.2956
v -0.3621 1.0225 0.3884
v -0.3930 1.1289 0.4142
v -0.4558 1.0892 0.3359
v -0.4174 0.9872 0.3150
v -0.3289 1.1730 -0.3471
v -0.3023 1.0648 -0.3277
v -0.3688 1.0221 -0.2712
v -0.4037 1.1255 -0.2874
v -0.2719 0.9828 -0.3074
v -0.3317 0.9436 -0.2534
v -0.4239 0.9858 -0.1921
v -0.4681 1.0836 -0.2041
v -0.3794 0.9119 -0.1785
v -0.2402 0.9179 -0.2891
v -0.2088 0.8554 -0.2764
v -0.2569 0.8258 -0.2177
v -0.2937 0.8812 -0.2363
v -0.2906 0.8034 -0.1488
v -0.3348 0.8538 -0.1641
v -0.3636 0.8340 -0.0802
v -0.3143 0.7869 -0.0708
v -0.4132 0.8888 -0.0892
v -0.5157 1.0522 -0.1034
v -0.4638 0.9590 -0.0970
v -0.7362 1.7369 0.0281
v -0.7022 1.5043 0.0191
v -0.6862 1.5102 0.1495
v -0.7184 1.7374 0.1569
v -0.6545 1.3122 0.0131
v -0.6417 1.3192 0.1412
v -0.6306 1.5358 0.2763
v -0.6590 1.7509 0.2816
v -0.5936 1.3472 0.2656
v -0.5985 1.1570 0.0097
v -0.5896 1.1626 0.1326
v -0.5509 1.1873 0.2516
v -0.4177 1.2711 0.4406
v -0.4907 1.2254 0.3574
v -0.4384 1.4387 0.4634
v -0.5220 1.3894 0.3763
v -0.4577 1.6212 0.4779
v -0.4780 1.8080 0.4801
v -0.5737 1.7752 0.3926
v -0.5497 1.5748 0.3891
v -0.4059 1.8548 -0.3630
v -0.3841 1.6678 -0.3723
v -0.4896 1.6129 -0.3073
v -0.5150 1.8136 -0.2977
v -0.3663 1.4849 -0.3715
v -0.4632 1.4272 -0.3075
v -0.5882 1.5627 -0.2160
v -0.6176 1.7781 -0.2062
v -0.5522 1.3739 -0.2177
v -0.3491 1.3165 -0.3623
v -0.4348 1.2626 -0.3002
v -0.5114 1.2137 -0.2132
v -0.5693 1.1763 -0.1077
v -0.6203 1.3330 -0.1087
v -0.6970 1.7515 -0.0953
v -0.6643 1.5242 -0.1049
v -0.6830 2.8124 0.0877
v -0.7238 2.5807 0.0716
v -0.7111 2.5407 0.1736
v -0.6731 2.7600 0.1809
v -0.7466 2.3046 0.0556
v -0.7311 2.2793 0.1679
v -0.6688 2.4646 0.2673
v -0.6392 2.6554 0.2648
v -0.6803 2.2354 0.2737
v -0.7508 2.0135 0.0406
v -0.7334 2.0027 0.1627
v -0.6763 1.9908 0.2797
v -0.5016 1.9888 0.4654
v -0.5942 1.9841 0.3833
v -0.5235 2.1612 0.4399
v -0.6069 2.1902 0.3665
v -0.5381 2.3229 0.4092
v -0.5446 2.4430 0.3820
v -0.5899 2.5369 0.3355
v -0.6077 2.3821 0.3475
v -0.5000 2.4838 -0.2296
v -0.4875 2.3667 -0.2679
v -0.5670 2.4191 -0.2117
v -0.5537 2.5724 -0.1811
v -0.4650 2.2074 -0.3090
v -0.5597 2.2285 -0.2471
v -0.6407 2.4916 -0.1312
v -0.6145 2.6816 -0.1041
v -0.6473 2.2628 -0.1604
v -0.4354 2.0357 -0.3413
v -0.5404 2.0228 -0.2768
v -0.6385 2.0182 -0.1865
v -0.7139 2.0168 -0.0783
v -0.7141 2.2936 -0.0568
v -0.6605 2.7739 -0.0110
v -0.6966 2.5548 -0.0334
v -0.4331 0.7096 0.8351
v -0.3894 0.6477 0.7594
v -0.3457 0.5914 0.8330
v -0.3836 0.6512 0.9140
v -0.3447 0.6029 0.6990
v -0.3055 0.5493 0.7672
v -0.2845 0.5534 0.9068
v -0.3124 0.6141 0.9934
v -0.2521 0.5112 0.8359
v -0.2991 0.5696 0.6485
v -0.2531 0.5420 0.6031
v -0.2215 0.4944 0.6614
v -0.2638 0.5188 0.7117
v -0.1803 0.4568 0.7203
v -0.2166 0.4810 0.7756
v -0.0703 0.4178 0.8278
v -0.0945 0.4554 0.8863
v -0.1597 0.4576 0.8355
v -0.1313 0.4305 0.7763
v -0.1161 0.4905 0.9509
v -0.1878 0.4907 0.8991
v -0.1319 0.5367 1.0291
v -0.1380 0.6025 1.1244
v -0.2277 0.5980 1.0660
v -0.2114 0.5348 0.9744
v -0.3675 1.0648 0.6227
v -0.3472 0.9697 0.5606
v -0.3880 0.8894 0.5911
v -0.4160 0.9765 0.6553
v -0.3184 0.8975 0.5114
v -0.3534 0.8233 0.5403
v -0.4095 0.8041 0.6361
v -0.4456 0.8818 0.7033
v -0.3689 0.7457 0.5832
v -0.2863 0.8416 0.4692
v -0.2557 0.7917 0.4237
v -0.2773 0.7247 0.4592
v -0.3158 0.7713 0.4973
v -0.2816 0.6606 0.5009
v -0.3259 0.7002 0.5397
v -0.3200 0.6315 0.5906
v -0.2734 0.5986 0.5492
v -0.3659 0.6702 0.6369
v -0.4525 0.7896 0.7640
v -0.4103 0.7210 0.6931
v -0.4943 1.2465 1.3480
v -0.5159 1.0571 1.1863
v -0.4479 0.9927 1.2765
v -0.4261 1.1779 1.4346
v -0.5062 0.9084 1.0475
v -0.4427 0.8466 1.1365
v -0.3417 0.9564 1.3638
v -0.3193 1.1325 1.5135
v -0.3452 0.8132 1.2251
v -0.4754 0.7945 0.9308
v -0.4186 0.7346 1.0153
v -0.3340 0.6999 1.1005
v -0.1301 0.6969 1.2405
v -0.2338 0.6881 1.1782
v -0.1127 0.8156 1.3692
v -0.2298 0.8040 1.3053
v -0.0898 0.9544 1.5023
v -0.0656 1.1089 1.6320
v -0.1928 1.1098 1.5805
v -0.2161 0.9449 1.4414
v -0.3283 1.6471 1.0403
v -0.3529 1.4897 0.9140
v -0.4318 1.3835 0.9593
v -0.4079 1.5506 1.0958
v -0.3687 1.3340 0.8012
v -0.4398 1.2287 0.8400
v -0.4942 1.2666 1.0230
v -0.4714 1.4442 1.1708
v -0.4937 1.1133 0.8961
v -0.3742 1.1892 0.7035
v -0.4339 1.0914 0.7384
v -0.4756 0.9849 0.7897
v -0.4919 0.8820 0.8547
v -0.5196 1.0019 0.9663
v -0.5049 1.3390 1.2575
v -0.5268 1.1531 1.1002
v -0.1244 2.1916 2.0390
v -0.2343 1.9831 1.8985
v -0.1923 1.8924 1.9474
v -0.0919 2.0948 2.0759
v -0.3409 1.7375 1.7235
v -0.2883 1.6543 1.7868
v -0.1360 1.7830 1.9606
v -0.0548 1.9646 2.0683
v -0.2108 1.5678 1.8240
v -0.4318 1.4825 1.5335
v -0.3696 1.4073 1.6103
v -0.2739 1.3436 1.6709
v -0.0443 1.2751 1.7497
v -0.1602 1.2976 1.7170
v -0.0233 1.4444 1.8534
v -0.1192 1.4928 1.8433
v 0.0002 1.6086 1.9409
v 0.0191 1.7327 1.9983
v -0.0137 1.8325 2.0355
v -0.0707 1.6797 1.9527
v -0.1717 2.1378 1.5609
v -0.2114 2.0553 1.4569
v -0.2453 2.0501 1.5524
v -0.1748 2.1764 1.6656
v -0.2575 1.9345 1.3198
v -0.3110 1.8954 1.4056
v -0.2605 2.0481 1.6751
v -0.1696 2.2117 1.8037
v -0.3465 1.8533 1.5140
v -0.2965 1.7969 1.1782
v -0.3665 1.7251 1.2490
v -0.4196 1.6458 1.3402
v -0.4449 1.5635 1.4393
v -0.3584 1.8021 1.6264
v -0.1516 2.2236 1.9381
v -0.2568 2.0303 1.7991
v -0.0270 -0.0152 1.1677
v -0.0183 -0.0098 1.0613
v 0.0512 -0.0937 1.0626
v 0.0494 -0.1028 1.1694
v -0.0028 -0.0001 0.9765
v 0.0605 -0.0794 0.9773
v 0.1374 -0.1595 1.0669
v 0.1460 -0.1696 1.1746
v 0.1378 -0.1431 0.9810
v 0.0172 0.0123 0.9058
v 0.0394 0.0262 0.8423
v 0.0913 -0.0423 0.8426
v 0.0747 -0.0617 0.9064
v 0.1527 -0.1010 0.8449
v 0.1440 -0.1232 0.9093
v 0.2978 -0.1772 0.8545
v 0.3031 -0.1889 0.9231
v 0.2213 -0.1683 0.9142
v 0.2205 -0.1472 0.8487
v 0.3118 -0.2057 0.9948
v 0.2233 -0.1871 0.9867
v 0.3290 -0.2209 1.0818
v 0.3590 -0.2287 1.1913
v 0.2527 -0.2125 1.1823
v 0.2325 -0.2033 1.0736
v -0.0487 0.4188 1.1945
v -0.0546 0.3881 1.0858
v -0.0817 0.2952 1.0772
v -0.0814 0.3175 1.1853
v -0.0484 0.3661 0.9992
v -0.0711 0.2799 0.9907
v -0.0846 0.1925 1.0696
v -0.0901 0.2049 1.1768
v -0.0697 0.1857 0.9839
v -0.0369 0.3512 0.9276
v -0.0284 0.3415 0.8589
v -0.0361 0.2602 0.8528
v -0.0549 0.2700 0.9183
v -0.0251 0.1810 0.8478
v -0.0489 0.1826 0.9124
v -0.0244 0.0952 0.9080
v 0.0004 0.1018 0.8442
v -0.0466 0.0903 0.9789
v -0.0727 0.0906 1.1706
v -0.0636 0.0882 1.0641
v 0.0841 0.0561 1.8840
v 0.0236 0.0172 1.6599
v 0.1173 -0.0752 1.6596
v 0.1762 -0.0355 1.8780
v -0.0114 -0.0052 1.4663
v 0.0789 -0.0972 1.4685
v 0.2435 -0.1375 1.6597
v 0.2997 -0.0975 1.8655
v 0.1991 -0.1611 1.4739
v -0.0264 -0.0149 1.3024
v 0.0574 -0.1053 1.3048
v 0.1666 -0.1710 1.3113
v 0.4061 -0.2236 1.3302
v 0.2874 -0.2108 1.3202
v 0.4623 -0.2064 1.4901
v 0.3325 -0.1973 1.4816
v 0.5196 -0.1778 1.6627
v 0.5700 -0.1387 1.8395
v 0.4369 -0.1315 1.8511
v 0.3837 -0.1712 1.6604
v 0.1185 0.5785 1.8407
v 0.0647 0.5458 1.6630
v 0.0110 0.4215 1.6607
v 0.0670 0.4557 1.8522
v 0.0157 0.5041 1.4909
v -0.0334 0.3845 1.4823
v -0.0201 0.2814 1.6599
v 0.0383 0.3173 1.8664
v -0.0597 0.2501 1.4744
v -0.0237 0.4596 1.3322
v -0.0647 0.3486 1.3220
v -0.0823 0.2244 1.3126
v -0.0713 0.0990 1.3055
v -0.0549 0.1154 1.4687
v 0.0411 0.1789 1.8785
v -0.0190 0.1413 1.6598
v 0.5242 0.3370 2.8276
v 0.4065 0.2630 2.6371
v 0.4647 0.1785 2.5967
v 0.5708 0.2544 2.7772
v 0.2866 0.1864 2.3989
v 0.3581 0.0994 2.3706
v 0.5265 0.1066 2.5108
v 0.6109 0.1779 2.6692
v 0.4444 0.0316 2.3100
v 0.1754 0.1151 2.1390
v 0.2592 0.0253 2.1230
v 0.3677 -0.0388 2.0886
v 0.6056 -0.0899 2.0121
v 0.4877 -0.0773 2.0477
v 0.6329 -0.0340 2.1763
v 0.5383 -0.0138 2.2382
v 0.6586 0.0271 2.3277
v 0.6781 0.0784 2.4382
v 0.6492 0.1163 2.5419
v 0.5913 0.0541 2.4108
v 0.3475 0.5964 2.4485
v 0.2930 0.6009 2.3375
v 0.2889 0.5275 2.4201
v 0.3693 0.5533 2.5523
v 0.2296 0.6015 2.1840
v 0.2075 0.5065 2.2452
v 0.3106 0.4437 2.5184
v 0.4105 0.4895 2.6779
v 0.2101 0.3996 2.3154
v 0.1724 0.5954 2.0164
v 0.1330 0.4833 2.0516
v 0.1172 0.3570 2.0915
v 0.1296 0.2299 2.1246
v 0.2368 0.2897 2.3735
v 0.4665 0.4165 2.7821
v 0.3524 0.3535 2.6009
v 0.4455 -0.6964 0.8348
v 0.4090 -0.6300 0.7590
v 0.4673 -0.6809 0.6881
v 0.5105 -0.7490 0.7594
v 0.3885 -0.5704 0.6986
v 0.4412 -0.6189 0.6321
v 0.5440 -0.7167 0.6255
v 0.5981 -0.7834 0.6932
v 0.5091 -0.6548 0.5729
v 0.3787 -0.5152 0.6484
v 0.3744 -0.4623 0.6034
v 0.4172 -0.5048 0.5460
v 0.4264 -0.5609 0.5864
v 0.4704 -0.5395 0.4932
v 0.4869 -0.5963 0.5304
v 0.6019 -0.5748 0.4086
v 0.6335 -0.6235 0.4515
v 0.5566 -0.6188 0.4831
v 0.5310 -0.5641 0.4471
v 0.6701 -0.6765 0.4917
v 0.5871 -0.6751 0.5246
v 0.7227 -0.7339 0.5402
v 0.7994 -0.7942 0.6034
v 0.6979 -0.7988 0.6399
v 0.6317 -0.7352 0.5749
v 0.4754 -0.3837 1.1247
v 0.4191 -0.3497 1.0297
v 0.3831 -0.4209 0.9759
v 0.4325 -0.4630 1.0671
v 0.3854 -0.3161 0.9517
v 0.3545 -0.3811 0.9008
v 0.3684 -0.4949 0.9089
v 0.4105 -0.5463 0.9953
v 0.3453 -0.4478 0.8381
v 0.3644 -0.2826 0.8870
v 0.3429 -0.2464 0.8282
v 0.3273 -0.3061 0.7778
v 0.3380 -0.3424 0.8371
v 0.3292 -0.3609 0.7226
v 0.3342 -0.4034 0.7778
v 0.3479 -0.4618 0.7136
v 0.3450 -0.4136 0.6633
v 0.3565 -0.5121 0.7690
v 0.4135 -0.6265 0.9156
v 0.3766 -0.5663 0.8346
v 0.9011 -0.9873 1.3512
v 0.7216 -0.9238 1.1883
v 0.8040 -0.9760 1.1008
v 0.9798 -1.0375 1.2602
v 0.5923 -0.8498 1.0485
v 0.6718 -0.9030 0.9648
v 0.9212 -0.9968 1.0216
v 1.0890 -1.0538 1.1729
v 0.7848 -0.9290 0.8913
v 0.5034 -0.7718 0.9310
v 0.5763 -0.8252 0.8513
v 0.6777 -0.8560 0.7818
v 0.9083 -0.8552 0.6875
v 0.7931 -0.8656 0.7260
v 1.0400 -0.9143 0.7903
v 0.9134 -0.9315 0.8318
v 1.1852 -0.9683 0.9089
v 1.3345 -1.0144 1.0407
v 1.2126 -1.0435 1.0972
v 1.0545 -0.9922 0.9560
v 0.9647 -0.5402 1.6354
v 0.8143 -0.4951 1.5034
v 0.7506 -0.6047 1.4430
v 0.9098 -0.6550 1.5842
v 0.6788 -0.4550 1.3692
v 0.6173 -0.5555 1.3062
v 0.7064 -0.7228 1.3661
v 0.8749 -0.7791 1.5172
v 0.5754 -0.6633 1.2267
v 0.5638 -0.4184 1.2404
v 0.5109 -0.5081 1.1791
v 0.4782 -0.6034 1.1022
v 0.4732 -0.6946 1.0170
v 0.5635 -0.7656 1.1383
v 0.8690 -0.8956 1.4382
v 0.6929 -0.8343 1.2789
v 1.9109 -1.0670 2.0460
v 1.6754 -1.0744 1.9053
v 1.7046 -1.1152 1.8060
v 1.9238 -1.1050 1.9452
v 1.4084 -1.0632 1.7294
v 1.4565 -1.1072 1.6323
v 1.7155 -1.1251 1.6832
v 1.9013 -1.1149 1.8118
v 1.5051 -1.1182 1.5210
v 1.1401 -1.0340 1.5382
v 1.2061 -1.0814 1.4439
v 1.2899 -1.0943 1.3451
v 1.4784 -1.0494 1.1833
v 1.3835 -1.0810 1.2542
v 1.6146 -1.0727 1.3281
v 1.5567 -1.1039 1.4135
v 1.7410 -1.0831 1.4665
v 1.8320 -1.0835 1.5703
v 1.8655 -1.1032 1.6747
v 1.7220 -1.1116 1.5615
v 1.5649 -0.7310 2.0133
v 1.4446 -0.6937 1.9553
v 1.4774 -0.7891 1.9666
v 1.6402 -0.8045 2.0504
v 1.2862 -0.6442 1.8656
v 1.2876 -0.7521 1.8548
v 1.5415 -0.8947 1.9728
v 1.7408 -0.9007 2.0813
v 1.3148 -0.8689 1.8338
v 1.1241 -0.5915 1.7575
v 1.0936 -0.7058 1.7245
v 1.0852 -0.8291 1.6776
v 1.1002 -0.9442 1.6158
v 1.3581 -0.9781 1.7942
v 1.8404 -0.9935 2.0856
v 1.6143 -0.9953 1.9566
v 0.6940 -0.9395 0.0109
v 0.6365 -0.8495 0.0108
v 0.6583 -0.8355 -0.0951
v 0.7196 -0.9233 -0.1013
v 0.5986 -0.7714 0.0118
v 0.6172 -0.7593 -0.0872
v 0.6998 -0.8099 -0.1920
v 0.7687 -0.8929 -0.2036
v 0.6528 -0.7374 -0.1784
v 0.5736 -0.7012 0.0134
v 0.5551 -0.6350 0.0154
v 0.5689 -0.6258 -0.0689
v 0.5897 -0.6906 -0.0783
v 0.5941 -0.6102 -0.1488
v 0.6200 -0.6720 -0.1641
v 0.6774 -0.5592 -0.2825
v 0.7193 -0.6137 -0.2933
v 0.6626 -0.6459 -0.2386
v 0.6290 -0.5889 -0.2204
v 0.7638 -0.6702 -0.3110
v 0.7023 -0.7072 -0.2554
v 0.8244 -0.7336 -0.3311
v 0.9105 -0.8055 -0.3500
v 0.8348 -0.8523 -0.2889
v 0.7568 -0.7752 -0.2730
v 0.8426 -0.8521 0.4107
v 0.7611 -0.7781 0.3846
v 0.7049 -0.8120 0.3128
v 0.7792 -0.8909 0.3340
v 0.7046 -0.7126 0.3611
v 0.6541 -0.7423 0.2934
v 0.6633 -0.8362 0.2218
v 0.7295 -0.9203 0.2365
v 0.6188 -0.7623 0.2082
v 0.6638 -0.6539 0.3416
v 0.6243 -0.5978 0.3280
v 0.5874 -0.6198 0.2588
v 0.6177 -0.6791 0.2765
v 0.5652 -0.6319 0.1828
v 0.5886 -0.6954 0.1955
v 0.5736 -0.7027 0.1062
v 0.5542 -0.6370 0.1005
v 0.5998 -0.7722 0.1123
v 0.6992 -0.9375 0.1261
v 0.6394 -0.8492 0.1188
v 1.2379 -1.4234 0.0341
v 1.0438 -1.2908 0.0233
v 1.0789 -1.2648 -0.1009
v 1.2686 -1.3936 -0.0887
v 0.8922 -1.1636 0.0163
v 0.9264 -1.1413 -0.1059
v 1.1475 -1.2128 -0.2122
v 1.3277 -1.3331 -0.1987
v 0.9936 -1.0973 -0.2160
v 0.7773 -1.0453 0.0125
v 0.8077 -1.0263 -0.1055
v 0.8670 -0.9898 -0.2124
v 1.0312 -0.8878 -0.3646
v 0.9449 -0.9415 -0.3011
v 1.1754 -0.9782 -0.3720
v 1.0808 -1.0402 -0.3070
v 1.3320 -1.0749 -0.3696
v 1.4899 -1.1757 -0.3547
v 1.4048 -1.2559 -0.2896
v 1.2362 -1.1458 -0.3040
v 1.4133 -1.2254 0.4879
v 1.2546 -1.1238 0.4802
v 1.1727 -1.1861 0.3920
v 1.3420 -1.2968 0.4002
v 1.0997 -1.0266 0.4624
v 1.0188 -1.0800 0.3763
v 1.1025 -1.2414 0.2798
v 1.2833 -1.3622 0.2887
v 0.9496 -1.1256 0.2670
v 0.9589 -0.9355 0.4379
v 0.8857 -0.9809 0.3560
v 0.8252 -1.0176 0.2521
v 0.7861 -1.0408 0.1346
v 0.9036 -1.1559 0.1439
v 1.2457 -1.4086 0.1633
v 1.0557 -1.2796 0.1534
v 2.2269 -1.8477 0.1036
v 2.0009 -1.7827 0.0867
v 1.9886 -1.7423 -0.0152
v 2.2010 -1.8053 0.0085
v 1.7430 -1.6819 0.0679
v 1.7469 -1.6446 -0.0420
v 1.9554 -1.6607 -0.1078
v 2.1371 -1.7194 -0.0791
v 1.7479 -1.5683 -0.1414
v 1.4798 -1.5580 0.0498
v 1.4990 -1.5242 -0.0678
v 1.5332 -1.4554 -0.1735
v 1.6380 -1.2787 -0.3246
v 1.5803 -1.3679 -0.2611
v 1.7775 -1.3776 -0.2845
v 1.7551 -1.4727 -0.2242
v 1.9097 -1.4659 -0.2392
v 2.0089 -1.5280 -0.2006
v 2.0650 -1.6151 -0.1526
v 1.9221 -1.5608 -0.1846
v 1.9562 -1.5738 0.4101
v 1.8506 -1.5149 0.4368
v 1.8736 -1.6027 0.3737
v 2.0208 -1.6556 0.3629
v 1.7113 -1.4286 0.4635
v 1.7010 -1.5154 0.3886
v 1.9210 -1.6916 0.2899
v 2.1058 -1.7497 0.2889
v 1.7097 -1.5990 0.2921
v 1.5655 -1.3295 0.4814
v 1.5210 -1.4101 0.3983
v 1.4914 -1.4853 0.2922
v 1.4774 -1.5398 0.1729
v 1.7271 -1.6606 0.1823
v 2.1848 -1.8214 0.1999
v 1.9709 -1.7586 0.1913
v 0.5955 -0.6088 -0.8170
v 0.5456 -0.5508 -0.7423
v 0.5273 -0.4794 -0.8114
v 0.5787 -0.5308 -0.8907
v 0.5140 -0.4978 -0.6800
v 0.4951 -0.4321 -0.7446
v 0.5327 -0.4007 -0.8764
v 0.5901 -0.4429 -0.9593
v 0.4963 -0.3608 -0.8059
v 0.4947 -0.4479 -0.6260
v 0.4815 -0.3998 -0.5762
v 0.4630 -0.3444 -0.6320
v 0.4758 -0.3876 -0.6863
v 0.4576 -0.2850 -0.6861
v 0.4737 -0.3223 -0.7440
v 0.4888 -0.1588 -0.7761
v 0.5226 -0.1911 -0.8333
v 0.4878 -0.2552 -0.7950
v 0.4650 -0.2239 -0.7350
v 0.5564 -0.2192 -0.8965
v 0.5167 -0.2882 -0.8585
v 0.6047 -0.2454 -0.9707
v 0.6774 -0.2695 -1.0578
v 0.6247 -0.3531 -1.0170
v 0.5594 -0.3207 -0.9315
v 0.9020 -0.7307 -0.5677
v 0.8151 -0.6773 -0.5141
v 0.7318 -0.6746 -0.5579
v 0.8087 -0.7312 -0.6159
v 0.7544 -0.6250 -0.4680
v 0.6786 -0.6201 -0.5087
v 0.6545 -0.6511 -0.6125
v 0.7202 -0.7103 -0.6759
v 0.6104 -0.5948 -0.5596
v 0.7107 -0.5765 -0.4258
v 0.6711 -0.5321 -0.3793
v 0.6085 -0.5177 -0.4240
v 0.6405 -0.5684 -0.4645
v 0.5570 -0.4886 -0.4711
v 0.5804 -0.5412 -0.5135
v 0.5306 -0.5001 -0.5679
v 0.5138 -0.4486 -0.5222
v 0.5539 -0.5530 -0.6175
v 0.6459 -0.6691 -0.7442
v 0.5903 -0.6088 -0.6750
v 1.1370 -0.8451 -1.2688
v 0.9310 -0.7979 -1.1357
v 0.9185 -0.6992 -1.2185
v 1.1201 -0.7446 -1.3488
v 0.7786 -0.7386 -1.0152
v 0.7664 -0.6453 -1.0969
v 0.9467 -0.5794 -1.2889
v 1.1388 -0.6209 -1.4120
v 0.7937 -0.5344 -1.1697
v 0.6700 -0.6736 -0.9085
v 0.6558 -0.5877 -0.9867
v 0.6760 -0.4882 -1.0584
v 0.7848 -0.2913 -1.1595
v 0.7218 -0.3858 -1.1179
v 0.9200 -0.3138 -1.2693
v 0.8488 -0.4194 -1.2287
v 1.0761 -0.3397 -1.3802
v 1.2462 -0.3720 -1.4857
v 1.1840 -0.4910 -1.4577
v 1.0034 -0.4542 -1.3439
v 1.5091 -0.9093 -0.8963
v 1.3367 -0.8750 -0.7967
v 1.2169 -0.8929 -0.8658
v 1.3994 -0.9311 -0.9749
v 1.1720 -0.8321 -0.7089
v 1.0550 -0.8443 -0.7697
v 1.0977 -0.8896 -0.9510
v 1.2912 -0.9320 -1.0706
v 0.9395 -0.8349 -0.8452
v 1.0239 -0.7832 -0.6326
v 0.9177 -0.7891 -0.6864
v 0.8144 -0.7734 -0.7535
v 0.7273 -0.7352 -0.8291
v 0.8418 -0.8008 -0.9291
v 1.1987 -0.9054 -1.1723
v 0.9966 -0.8596 -1.0437
v 2.2552 -0.8601 -1.7750
v 1.9987 -0.8806 -1.6798
v 1.9444 -0.7976 -1.7303
v 2.1894 -0.7841 -1.8159
v 1.7044 -0.8855 -1.5546
v 1.6639 -0.7948 -1.6163
v 1.8733 -0.6975 -1.7453
v 2.0880 -0.6941 -1.8163
v 1.6263 -0.6834 -1.6486
v 1.4059 -0.8740 -1.4130
v 1.3788 -0.7768 -1.4852
v 1.3734 -0.6567 -1.5346
v 1.4234 -0.4137 -1.5788
v 1.3886 -0.5302 -1.5647
v 1.6010 -0.4587 -1.6579
v 1.6017 -0.5665 -1.6596
v 1.7723 -0.5011 -1.7212
v 1.9008 -0.5330 -1.7604
v 1.9822 -0.6025 -1.7916
v 1.8076 -0.5943 -1.7374
v 2.1031 -0.9310 -1.3216
v 1.9947 -0.9410 -1.2359
v 1.9925 -0.9583 -1.3359
v 2.1546 -0.9393 -1.4202
v 1.8436 -0.9434 -1.1235
v 1.8013 -0.9641 -1.2211
v 2.0060 -0.9574 -1.4588
v 2.2125 -0.9352 -1.5505
v 1.7680 -0.9650 -1.3381
v 1.6799 -0.9325 -1.0077
v 1.5990 -0.9550 -1.0970
v 1.5221 -0.9569 -1.2042
v 1.4557 -0.9319 -1.3144
v 1.7374 -0.9405 -1.4555
v 2.2544 -0.9097 -1.6775
v 2.0136 -0.9326 -1.5813
v 0.1836 0.1129 -1.1428
v 0.1717 0.1056 -1.0402
v 0.1277 0.1984 -1.0386
v 0.1405 0.2037 -1.1413
v 0.1711 0.1052 -0.9550
v 0.1278 0.1953 -0.9535
v 0.1042 0.3000 -1.0374
v 0.1176 0.3049 -1.1419
v 0.1038 0.2915 -0.9511
v 0.1778 0.1096 -0.8816
v 0.1884 0.1162 -0.8140
v 0.1495 0.1928 -0.8127
v 0.1365 0.1937 -0.8802
v 0.1237 0.2738 -0.8106
v 0.1117 0.2830 -0.8776
v 0.1187 0.4381 -0.8028
v 0.1229 0.4553 -0.8703
v 0.1051 0.3723 -0.8737
v 0.1119 0.3551 -0.8075
v 0.1227 0.4771 -0.9436
v 0.1010 0.3882 -0.9481
v 0.1271 0.5053 -1.0357
v 0.1448 0.5420 -1.1702
v 0.1160 0.4144 -1.1484
v 0.1029 0.4065 -1.0383
v 0.5467 -0.1054 -1.1744
v 0.5063 -0.1051 -1.0404
v 0.4081 -0.0847 -1.0427
v 0.4208 -0.0768 -1.1524
v 0.4793 -0.0967 -0.9484
v 0.3910 -0.0783 -0.9525
v 0.3144 -0.0385 -1.0406
v 0.3247 -0.0289 -1.1449
v 0.3066 -0.0350 -0.9544
v 0.4602 -0.0868 -0.8751
v 0.4432 -0.0827 -0.8075
v 0.3665 -0.0539 -0.8118
v 0.3787 -0.0676 -0.8782
v 0.2998 -0.0094 -0.8138
v 0.3026 -0.0241 -0.8809
v 0.2344 0.0360 -0.8820
v 0.2395 0.0481 -0.8145
v 0.2321 0.0273 -0.9552
v 0.2453 0.0349 -1.1429
v 0.2348 0.0258 -1.0404
v -0.0391 0.5082 -0.2121
v -0.0497 0.5265 -0.2178
v -0.0358 0.5082 -0.2374
v -0.0260 0.4891 -0.2214
v -0.0624 0.5482 -0.2264
v -0.0477 0.5291 -0.2506
v -0.0174 0.4833 -0.2611
v -0.0057 0.4599 -0.2377
v -0.0292 0.5045 -0.2799
v -0.0770 0.5729 -0.2390
v -0.0953 0.6032 -0.2565
v -0.0806 0.5800 -0.2850
v -0.0620 0.5520 -0.2657
v -0.0622 0.5513 -0.3199
v -0.0433 0.5262 -0.2982
v -0.0166 0.4870 -0.4002
v 0.0011 0.4670 -0.3728
v -0.0219 0.4972 -0.3345
v -0.0405 0.5196 -0.3590
v 0.0142 0.4480 -0.3491
v -0.0080 0.4768 -0.3133
v 0.0260 0.4263 -0.3241
v 0.0398 0.3980 -0.2926
v 0.0171 0.4281 -0.2616
v 0.0040 0.4551 -0.2905
v 0.0468 0.4001 -0.3602
v 0.0595 0.3737 -0.3302
v 0.0362 0.4202 -0.3855
v 0.0653 0.3775 -0.3953
v 0.0755 0.3558 -0.3691
v 0.0567 0.3946 -0.4201
v 0.0089 0.4564 -0.4412
v 0.0245 0.4378 -0.4110
v 0.0341 0.4284 -0.4798
v 0.0471 0.4106 -0.4468
v 0.0763 0.3840 -0.5395
v 0.0842 0.3667 -0.5029
v 0.0674 0.3866 -0.4782
v 0.0572 0.4039 -0.5133
v 0.0895 0.3538 -0.4737
v 0.0747 0.3724 -0.4503
v 0.0924 0.3444 -0.4483
v 0.0939 0.3379 -0.4272
v 0.0871 0.3442 -0.4042
v 0.0803 0.3596 -0.4259
v -0.0681 0.4798 0.1654
v -0.0940 0.5179 0.1827
v -0.0928 0.5230 0.1476
v -0.0690 0.4885 0.1283
v -0.1144 0.5476 0.1964
v -0.1124 0.5507 0.1610
v -0.0920 0.5298 0.1070
v -0.0721 0.5014 0.0887
v -0.1097 0.5544 0.1181
v -0.1337 0.5747 0.2090
v -0.1560 0.6051 0.2234
v -0.1551 0.6063 0.1832
v -0.1317 0.5769 0.1719
v -0.1536 0.6077 0.1338
v -0.1290 0.5791 0.1261
v -0.1471 0.6125 0.0200
v -0.1212 0.5847 0.0210
v -0.1254 0.5816 0.0748
v -0.1510 0.6096 0.0782
v -0.1029 0.5619 0.0215
v -0.1066 0.5584 0.0709
v -0.0893 0.5424 0.0218
v -0.0795 0.5265 0.0219
v -0.0765 0.5160 0.0505
v -0.0914 0.5372 0.0647
v -0.0841 0.5423 -0.0208
v -0.0715 0.5193 -0.0064
v -0.0983 0.5645 -0.0275
v -0.0775 0.5400 -0.0626
v -0.0606 0.5092 -0.0443
v -0.0935 0.5663 -0.0740
v -0.1415 0.6171 -0.0375
v -0.1166 0.5884 -0.0324
v -0.1351 0.6221 -0.0912
v -0.1116 0.5923 -0.0826
v -0.1223 0.6297 -0.1763
v -0.1022 0.5974 -0.1625
v -0.1067 0.5955 -0.1269
v -0.1285 0.6266 -0.1385
v -0.0847 0.5685 -0.1504
v -0.0888 0.5677 -0.1160
v -0.0663 0.5367 -0.1374
v -0.0431 0.4963 -0.1205
v -0.0505 0.5008 -0.0837
v -0.0712 0.5379 -0.1027
v 0.0145 0.2869 0.4715
v 0.0096 0.2907 0.4925
v 0.0012 0.3086 0.4698
v 0.0116 0.2961 0.4484
v 0.0026 0.2965 0.5177
v -0.0083 0.3184 0.4938
v -0.0086 0.3305 0.4390
v 0.0060 0.3120 0.4132
v -0.0214 0.3447 0.4632
v -0.0074 0.3056 0.5467
v -0.0213 0.3183 0.5829
v -0.0362 0.3422 0.5552
v -0.0201 0.3290 0.5211
v -0.0541 0.3717 0.5205
v -0.0356 0.3577 0.4890
v -0.0927 0.4418 0.4411
v -0.0698 0.4243 0.4154
v -0.0525 0.3899 0.4530
v -0.0734 0.4054 0.4816
v -0.0524 0.4075 0.3926
v -0.0363 0.3750 0.4286
v -0.0359 0.3881 0.3680
v -0.0164 0.3631 0.3369
v -0.0032 0.3345 0.3743
v -0.0212 0.3576 0.4039
v -0.0522 0.4208 0.3350
v -0.0338 0.3968 0.3061
v -0.0686 0.4405 0.3576
v -0.0684 0.4523 0.3062
v -0.0524 0.4313 0.2825
v -0.0839 0.4719 0.3252
v -0.1101 0.4795 0.4018
v -0.0866 0.4590 0.3783
v -0.1253 0.5159 0.3652
v -0.1018 0.4921 0.3436
v -0.1472 0.5738 0.3063
v -0.1248 0.5445 0.2874
v -0.1148 0.5214 0.3128
v -0.1378 0.5482 0.3329
v -0.1075 0.5208 0.2735
v -0.0973 0.4994 0.2969
v -0.0929 0.4998 0.2640
v -0.0812 0.4822 0.2577
v -0.0697 0.4621 0.2667
v -0.0827 0.4797 0.2832
v 0.2164 -0.0346 0.4628
v 0.2216 -0.0519 0.5086
v 0.2026 -0.0220 0.5122
v 0.1960 -0.0034 0.4706
v 0.2256 -0.0655 0.5443
v 0.2064 -0.0357 0.5459
v 0.1805 0.0123 0.5176
v 0.1737 0.0298 0.4831
v 0.1831 0.0006 0.5476
v 0.2288 -0.0785 0.5773
v 0.2320 -0.0934 0.6146
v 0.2085 -0.0611 0.6149
v 0.2081 -0.0475 0.5780
v 0.1796 -0.0210 0.6148
v 0.1827 -0.0094 0.5782
v 0.1159 0.0736 0.6151
v 0.1254 0.0793 0.5788
v 0.1546 0.0337 0.5784
v 0.1479 0.0248 0.6149
v 0.1311 0.0826 0.5503
v 0.1576 0.0407 0.5492
v 0.1343 0.0844 0.5268
v 0.1359 0.0853 0.5082
v 0.1521 0.0615 0.4977
v 0.1574 0.0480 0.5235
v 0.1117 0.1209 0.5240
v 0.1217 0.1100 0.4979
v 0.1051 0.1245 0.5500
v 0.0900 0.1568 0.5185
v 0.1027 0.1431 0.4836
v 0.0805 0.1643 0.5490
v 0.0860 0.1232 0.6161
v 0.0972 0.1250 0.5795
v 0.0592 0.1706 0.6173
v 0.0711 0.1684 0.5802
v 0.0184 0.2470 0.6180
v 0.0304 0.2380 0.5801
v 0.0485 0.2069 0.5805
v 0.0363 0.2128 0.6181
v 0.0404 0.2300 0.5463
v 0.0585 0.2004 0.5478
v 0.0508 0.2210 0.5098
v 0.0639 0.2092 0.4635
v 0.0829 0.1774 0.4712
v 0.0691 0.1913 0.5134
v 0.3979 -0.2840 0.2565
v 0.4086 -0.3022 0.2623
v 0.3948 -0.2839 0.2819
v 0.3847 -0.2649 0.2659
v 0.4212 -0.3243 0.2709
v 0.4061 -0.3054 0.2950
v 0.3763 -0.2590 0.3056
v 0.3645 -0.2358 0.2822
v 0.3869 -0.2812 0.3242
v 0.4350 -0.3501 0.2834
v 0.4517 -0.3828 0.3007
v 0.4322 -0.3624 0.3286
v 0.4181 -0.3304 0.3099
v 0.4082 -0.3368 0.3628
v 0.3971 -0.3057 0.3420
v 0.3555 -0.2757 0.4423
v 0.3500 -0.2478 0.4164
v 0.3739 -0.2776 0.3782
v 0.3819 -0.3072 0.4013
v 0.3428 -0.2251 0.3934
v 0.3653 -0.2537 0.3576
v 0.3328 -0.2021 0.3685
v 0.3190 -0.1738 0.3371
v 0.3417 -0.2039 0.3061
v 0.3550 -0.2308 0.3350
v 0.3120 -0.1759 0.4046
v 0.2991 -0.1496 0.3747
v 0.3209 -0.1971 0.4298
v 0.2935 -0.1533 0.4397
v 0.2831 -0.1317 0.4136
v 0.3007 -0.1713 0.4644
v 0.3316 -0.2435 0.4835
v 0.3271 -0.2181 0.4546
v 0.3104 -0.2126 0.5225
v 0.3061 -0.1898 0.4906
v 0.2781 -0.1618 0.5835
v 0.2728 -0.1434 0.5471
v 0.2877 -0.1644 0.5223
v 0.2925 -0.1848 0.5566
v 0.2688 -0.1299 0.5181
v 0.2832 -0.1486 0.4947
v 0.2662 -0.1203 0.4927
v 0.2647 -0.1138 0.4716
v 0.2716 -0.1202 0.4487
v 0.2785 -0.1354 0.4704
v 0.4269 -0.2556 -0.1209
v 0.4528 -0.2937 -0.1383
v 0.4517 -0.2987 -0.1031
v 0.4277 -0.2643 -0.0839
v 0.4730 -0.3235 -0.1519
v 0.4705 -0.3270 -0.1166
v 0.4510 -0.3055 -0.0624
v 0.4309 -0.2772 -0.0442
v 0.4673 -0.3310 -0.0738
v 0.4913 -0.3512 -0.1648
v 0.5114 -0.3830 -0.1796
v 0.5058 -0.3872 -0.1399
v 0.4875 -0.3546 -0.1278
v 0.4989 -0.3919 -0.0910
v 0.4825 -0.3581 -0.0823
v 0.4858 -0.4009 0.0220
v 0.4722 -0.3654 0.0225
v 0.4773 -0.3618 -0.0312
v 0.4919 -0.3966 -0.0360
v 0.4599 -0.3389 0.0227
v 0.4638 -0.3351 -0.0266
v 0.4483 -0.3181 0.0226
v 0.4383 -0.3023 0.0225
v 0.4353 -0.2918 -0.0060
v 0.4503 -0.3129 -0.0202
v 0.4429 -0.3181 0.0653
v 0.4303 -0.2951 0.0509
v 0.4554 -0.3413 0.0718
v 0.4363 -0.3158 0.1071
v 0.4192 -0.2851 0.0888
v 0.4509 -0.3430 0.1183
v 0.4821 -0.4042 0.0797
v 0.4681 -0.3688 0.0760
v 0.4799 -0.4067 0.1339
v 0.4648 -0.3716 0.1264
v 0.4772 -0.4084 0.2204
v 0.4594 -0.3745 0.2068
v 0.4620 -0.3736 0.1709
v 0.4784 -0.4082 0.1819
v 0.4430 -0.3446 0.1949
v 0.4467 -0.3441 0.1603
v 0.4249 -0.3126 0.1818
v 0.4017 -0.2722 0.1649
v 0.4091 -0.2767 0.1281
v 0.4300 -0.3137 0.1471
v 0.3443 -0.0627 -0.4270
v 0.3493 -0.0664 -0.4480
v 0.3577 -0.0843 -0.4253
v 0.3472 -0.0719 -0.4039
v 0.3561 -0.0725 -0.4732
v 0.3666 -0.0945 -0.4494
v 0.3676 -0.1062 -0.3946
v 0.3528 -0.0878 -0.3687
v 0.3791 -0.1213 -0.4189
v 0.3650 -0.0823 -0.5024
v 0.3768 -0.0964 -0.5389
v 0.3870 -0.1234 -0.5117
v 0.3759 -0.1068 -0.4770
v 0.3995 -0.1561 -0.4778
v 0.3892 -0.1368 -0.4452
v 0.4314 -0.2302 -0.3994
v 0.4209 -0.2050 -0.3719
v 0.4044 -0.1702 -0.4094
v 0.4144 -0.1926 -0.4394
v 0.4093 -0.1844 -0.3483
v 0.3936 -0.1518 -0.3844
v 0.3947 -0.1639 -0.3236
v 0.3752 -0.1389 -0.2924
v 0.3620 -0.1103 -0.3298
v 0.3802 -0.1333 -0.3595
v 0.4110 -0.1966 -0.2905
v 0.3924 -0.1727 -0.2616
v 0.4257 -0.2174 -0.3133
v 0.4272 -0.2281 -0.2617
v 0.4110 -0.2072 -0.2380
v 0.4414 -0.2486 -0.2809
v 0.4507 -0.2667 -0.3600
v 0.4382 -0.2394 -0.3350
v 0.4701 -0.3004 -0.3231
v 0.4551 -0.2714 -0.3001
v 0.5020 -0.3521 -0.2632
v 0.4820 -0.3213 -0.2435
v 0.4701 -0.2994 -0.2691
v 0.4879 -0.3294 -0.2903
v 0.4658 -0.2969 -0.2292
v 0.4552 -0.2758 -0.2526
v 0.4516 -0.2757 -0.2195
v 0.4398 -0.2581 -0.2133
v 0.4283 -0.2380 -0.2222
v 0.4414 -0.2555 -0.2387
v 0.1424 0.2588 -0.4183
v 0.1372 0.2761 -0.4641
v 0.1564 0.2463 -0.4678
v 0.1628 0.2276 -0.4261
v 0.1331 0.2896 -0.4999
v 0.1518 0.2594 -0.5015
v 0.1785 0.2120 -0.4731
v 0.1851 0.1944 -0.4386
v 0.1745 0.2228 -0.5032
v 0.1288 0.3019 -0.5330
v 0.1233 0.3156 -0.5705
v 0.1422 0.2803 -0.5714
v 0.1476 0.2699 -0.5339
v 0.1657 0.2368 -0.5720
v 0.1708 0.2303 -0.5344
v 0.2228 0.1381 -0.5731
v 0.2256 0.1400 -0.5353
v 0.1973 0.1861 -0.5348
v 0.1930 0.1883 -0.5726
v 0.2259 0.1404 -0.5061
v 0.1996 0.1825 -0.5050
v 0.2247 0.1399 -0.4823
v 0.2229 0.1389 -0.4637
v 0.2067 0.1627 -0.4532
v 0.2015 0.1763 -0.4790
v 0.2471 0.1033 -0.4795
v 0.2371 0.1142 -0.4534
v 0.2520 0.0987 -0.5058
v 0.2688 0.0674 -0.4740
v 0.2559 0.0810 -0.4391
v 0.2769 0.0590 -0.5047
v 0.2545 0.0896 -0.5739
v 0.2544 0.0947 -0.5359
v 0.2855 0.0448 -0.5746
v 0.2821 0.0523 -0.5364
v 0.3364 -0.0254 -0.5739
v 0.3267 -0.0149 -0.5358
v 0.3068 0.0151 -0.5365
v 0.3135 0.0058 -0.5747
v 0.3178 -0.0061 -0.5019
v 0.2994 0.0233 -0.5034
v 0.3078 0.0031 -0.4654
v 0.2947 0.0149 -0.4190
v 0.2758 0.0467 -0.4267
v 0.2897 0.0329 -0.4690
v 0.1026 0.3304 -0.4587
v 0.1020 0.3247 -0.4261
v 0.1004 0.3395 -0.4878
v 0.1123 0.3155 -0.4620
v 0.1132 0.3060 -0.4218
v 0.1097 0.3262 -0.4951
v 0.0896 0.3694 -0.5560
v 0.0961 0.3523 -0.5185
v 0.0999 0.3559 -0.5651
v 0.1057 0.3393 -0.5274
v 0.1157 0.3237 -0.5315
v 0.1102 0.3394 -0.5692
v 0.1198 0.3107 -0.4985
v 0.1263 0.2844 -0.4181
v 0.1232 0.2983 -0.4630
v 0.3570 -0.0649 -0.5190
v 0.3693 -0.0776 -0.5566
v 0.3478 -0.0562 -0.4881
v 0.3495 -0.0507 -0.5289
v 0.3617 -0.0625 -0.5670
v 0.3401 -0.0422 -0.4961
v 0.3360 -0.0497 -0.4261
v 0.3410 -0.0511 -0.4588
v 0.3242 -0.0316 -0.4221
v 0.3320 -0.0360 -0.4627
v 0.3215 -0.0189 -0.4641
v 0.3106 -0.0106 -0.4186
v 0.3307 -0.0267 -0.5001
v 0.3516 -0.0467 -0.5722
v 0.3402 -0.0354 -0.5338
v 0.4933 -0.3483 -0.1901
v 0.5145 -0.3796 -0.2067
v 0.4746 -0.3209 -0.1768
v 0.4929 -0.3437 -0.2086
v 0.5146 -0.3749 -0.2264
v 0.4744 -0.3170 -0.1952
v 0.4295 -0.2538 -0.1511
v 0.4546 -0.2913 -0.1644
v 0.4336 -0.2556 -0.1762
v 0.4559 -0.2893 -0.1847
v 0.4557 -0.2855 -0.2023
v 0.4378 -0.2580 -0.1979
v 0.4719 -0.3098 -0.2114
v 0.5107 -0.3665 -0.2437
v 0.4894 -0.3353 -0.2248
v 0.4461 -0.3630 0.2647
v 0.4645 -0.3961 0.2812
v 0.4307 -0.3359 0.2529
v 0.4530 -0.3705 0.2489
v 0.4718 -0.4038 0.2648
v 0.4364 -0.3419 0.2369
v 0.3988 -0.2824 0.2412
v 0.4159 -0.3105 0.2450
v 0.3985 -0.2779 0.2197
v 0.4195 -0.3129 0.2276
v 0.4220 -0.3129 0.2076
v 0.3988 -0.2735 0.1949
v 0.4401 -0.3443 0.2189
v 0.4756 -0.4075 0.2462
v 0.4569 -0.3738 0.2312
v -0.0871 0.5865 -0.2201
v -0.1052 0.6184 -0.2367
v -0.0718 0.5599 -0.2084
v -0.0937 0.5942 -0.2043
v -0.1121 0.6269 -0.2202
v -0.0776 0.5660 -0.1925
v -0.0400 0.5066 -0.1968
v -0.0571 0.5347 -0.2005
v -0.0399 0.5020 -0.1753
v -0.0607 0.5370 -0.1831
v -0.0632 0.5371 -0.1631
v -0.0402 0.4976 -0.1504
v -0.0815 0.5684 -0.1745
v -0.1174 0.6303 -0.2018
v -0.0983 0.5975 -0.1867
v -0.1347 0.5724 0.2345
v -0.1564 0.6034 0.2507
v -0.1158 0.5451 0.2212
v -0.1340 0.5680 0.2529
v -0.1556 0.5992 0.2703
v -0.1157 0.5411 0.2396
v -0.0707 0.4780 0.1956
v -0.0958 0.5155 0.2089
v -0.0750 0.4796 0.2206
v -0.0971 0.5135 0.2292
v -0.0969 0.5097 0.2468
v -0.0792 0.4821 0.2423
v -0.1132 0.5339 0.2557
v -0.1528 0.5901 0.2871
v -0.1309 0.5593 0.2690
v 0.0017 0.2889 0.5634
v -0.0109 0.3013 0.6010
v 0.0110 0.2804 0.5325
v 0.0095 0.2749 0.5734
v -0.0026 0.2867 0.6115
v 0.0188 0.2663 0.5406
v 0.0227 0.2739 0.4706
v 0.0178 0.2753 0.5033
v 0.0345 0.2557 0.4666
v 0.0267 0.2602 0.5072
v 0.0373 0.2431 0.5086
v 0.0480 0.2347 0.4631
v 0.0279 0.2508 0.5445
v 0.0063 0.2701 0.6165
v 0.0182 0.2594 0.5783
v 0.2429 -0.0995 0.5760
v 0.2478 -0.1154 0.6135
v 0.2390 -0.0865 0.5430
v 0.2532 -0.1148 0.5719
v 0.2588 -0.1313 0.6096
v 0.2491 -0.1020 0.5396
v 0.2325 -0.0602 0.4626
v 0.2356 -0.0741 0.5075
v 0.2454 -0.0819 0.4663
v 0.2465 -0.0914 0.5065
v 0.2562 -0.1062 0.5032
v 0.2566 -0.1006 0.4706
v 0.2582 -0.1154 0.5322
v 0.2679 -0.1453 0.6004
v 0.2622 -0.1281 0.5629
v 0.1793 0.1120 0.0222
v 0.0856 0.2727 -0.0315
v 0.0794 0.2963 -0.1004
v 0.1189 0.2356 -0.1138
v 0.0306 0.3677 -0.0671
v 0.0310 0.3769 -0.1168
v 0.0552 0.3486 -0.1691
v 0.0844 0.3064 -0.1917
v 0.0207 0.4030 -0.1645
v -0.0115 0.4410 -0.0969
v -0.0088 0.4441 -0.1342
v -0.0119 0.4557 -0.1678
v -0.0178 0.4711 -0.1976
v 0.0076 0.4319 -0.2052
v 0.0586 0.3592 -0.2500
v 0.0343 0.3926 -0.2220
v 0.0760 0.2667 0.0759
v 0.0526 0.3148 0.0222
v 0.0148 0.3577 0.1115
v 0.0040 0.3842 0.0648
v 0.0115 0.3890 -0.0203
v -0.0171 0.4264 0.0222
v -0.0326 0.4276 0.1416
v -0.0367 0.4422 0.1005
v -0.0461 0.4654 0.0595
v -0.0583 0.4923 0.0221
v -0.0395 0.4696 -0.0151
v -0.0228 0.4510 -0.0559
v 0.1342 0.1475 0.2071
v 0.0954 0.2050 0.2303
v 0.0947 0.2205 0.1583
v 0.1055 0.1718 0.3162
v 0.0783 0.2138 0.3238
v 0.0537 0.2605 0.2872
v 0.0463 0.2825 0.2361
v 0.0505 0.2530 0.3512
v 0.0821 0.1926 0.4002
v 0.0622 0.2243 0.4014
v 0.0432 0.2523 0.4129
v 0.0259 0.2768 0.4289
v 0.0260 0.2859 0.3824
v 0.0100 0.3290 0.2943
v 0.0213 0.3029 0.3353
v 0.1914 0.0560 0.2071
v 0.1581 0.0988 0.2600
v 0.2007 0.0195 0.3161
v 0.1733 0.0578 0.3442
v 0.1279 0.1304 0.3442
v 0.1464 0.0915 0.3909
v 0.2092 -0.0108 0.4000
v 0.1860 0.0235 0.4145
v 0.1620 0.0570 0.4390
v 0.1395 0.0873 0.4682
v 0.1223 0.1206 0.4391
v 0.1027 0.1568 0.4147
v 0.2730 -0.0486 0.0759
v 0.2792 -0.0722 0.1448
v 0.2397 -0.0115 0.1583
v 0.3280 -0.1436 0.1115
v 0.3276 -0.1528 0.1613
v 0.3034 -0.1245 0.2136
v 0.2742 -0.0823 0.2361
v 0.3380 -0.1789 0.2090
v 0.3701 -0.2169 0.1414
v 0.3674 -0.2200 0.1787
v 0.3705 -0.2317 0.2123
v 0.3764 -0.2470 0.2420
v 0.3510 -0.2078 0.2497
v 0.3000 -0.1351 0.2944
v 0.3244 -0.1685 0.2665
v 0.2826 -0.0426 -0.0315
v 0.3060 -0.0907 0.0222
v 0.3439 -0.1336 -0.0671
v 0.3546 -0.1601 -0.0203
v 0.3471 -0.1649 0.0648
v 0.3757 -0.2023 0.0222
v 0.3913 -0.2035 -0.0971
v 0.3953 -0.2181 -0.0560
v 0.4047 -0.2413 -0.0151
v 0.4169 -0.2682 0.0223
v 0.3981 -0.2455 0.0595
v 0.3814 -0.2270 0.1004
v 0.2244 0.0765 -0.1627
v 0.2632 0.0191 -0.1858
v 0.2639 0.0036 -0.1138
v 0.2531 0.0523 -0.2718
v 0.2803 0.0103 -0.2793
v 0.3049 -0.0364 -0.2427
v 0.3124 -0.0585 -0.1917
v 0.3081 -0.0289 -0.3068
v 0.2765 0.0315 -0.3558
v 0.2965 -0.0002 -0.3570
v 0.3154 -0.0283 -0.3684
v 0.3327 -0.0527 -0.3844
v 0.3326 -0.0618 -0.3380
v 0.3486 -0.1049 -0.2499
v 0.3374 -0.0788 -0.2909
v 0.1672 0.1681 -0.1627
v 0.2005 0.1253 -0.2156
v 0.1579 0.2046 -0.2717
v 0.1853 0.1663 -0.2997
v 0.2307 0.0937 -0.2998
v 0.2122 0.1326 -0.3464
v 0.1494 0.2349 -0.3556
v 0.1726 0.2006 -0.3700
v 0.1966 0.1671 -0.3946
v 0.2191 0.1368 -0.4237
v 0.2363 0.1035 -0.3947
v 0.2559 0.0672 -0.3702
v 0.1325 0.2282 -0.1858
v 0.1010 0.2900 -0.2428
v 0.1320 0.2475 -0.2793
v 0.1091 0.2897 -0.3068
v 0.0771 0.3378 -0.2910
v 0.0902 0.3262 -0.3382
v 0.0982 0.3225 -0.3845
v 0.1126 0.2962 -0.3682
v 0.1296 0.2668 -0.3568
v 0.3011 -0.0585 -0.1004
v 0.3376 -0.1033 -0.1691
v 0.3524 -0.1373 -0.1169
v 0.3713 -0.1581 -0.1646
v 0.3679 -0.1414 -0.2220
v 0.3916 -0.1826 -0.2053
v 0.4157 -0.2225 -0.1981
v 0.4043 -0.2103 -0.1682
v 0.3952 -0.2024 -0.1345
v 0.0575 0.2826 0.1448
v 0.0210 0.3274 0.2136
v 0.0062 0.3614 0.1614
v -0.0126 0.3822 0.2091
v -0.0093 0.3655 0.2665
v -0.0330 0.4067 0.2498
v -0.0571 0.4466 0.2425
v -0.0457 0.4344 0.2127
v -0.0366 0.4265 0.1790
v 0.2261 -0.0041 0.2303
v 0.2576 -0.0659 0.2873
v 0.2266 -0.0234 0.3238
v 0.2496 -0.0656 0.3512
v 0.2815 -0.1137 0.3354
v 0.2684 -0.1021 0.3826
v 0.2604 -0.0985 0.4290
v 0.2460 -0.0721 0.4128
v 0.2290 -0.0427 0.4012
v 0.2736 0.7951 -0.9331
v 0.2548 0.7537 -0.9674
v 0.2706 0.8307 -1.0537
v 0.2795 0.7430 -0.8603
v 0.2547 0.7010 -0.8941
v 0.2034 0.7109 -0.9866
v 0.2217 0.7886 -1.0738
v 0.2000 0.6578 -0.9133
v 0.2990 0.7067 -0.7972
v 0.2837 0.6404 -0.7897
v 0.2674 0.6654 -0.8332
v 0.2183 0.5979 -0.8117
v 0.2070 0.6220 -0.8542
v 0.1335 0.5803 -0.8541
v 0.1455 0.5534 -0.8102
v 0.1272 0.6193 -0.9149
v 0.1463 0.7505 -1.0763
v 0.1297 0.6734 -0.9888
v -0.0490 1.3895 -0.5553
v -0.0599 1.2496 -0.4885
v -0.0246 1.5509 -0.6352
v -0.1093 1.3682 -0.5498
v -0.1222 1.2253 -0.4837
v -0.0828 1.5320 -0.6290
v 0.0517 1.8861 -0.8279
v 0.0100 1.7208 -0.7266
v -0.0053 1.8662 -0.8202
v -0.0469 1.7028 -0.7197
v -0.1187 1.6527 -0.7396
v -0.0767 1.8184 -0.8425
v -0.1536 1.4817 -0.6471
v -0.1890 1.1768 -0.4992
v -0.1781 1.3184 -0.5665
v 0.4015 1.2207 -1.3694
v 0.4478 1.3799 -1.4707
v 0.3515 1.0713 -1.2615
v 0.3615 1.1806 -1.3907
v 0.4081 1.3380 -1.4910
v 0.3093 1.0313 -1.2830
v 0.3054 0.9389 -1.1540
v 0.2598 0.8980 -1.1751
v 0.1821 0.8591 -1.1778
v 0.2293 0.9920 -1.2866
v 0.3274 1.3022 -1.4980
v 0.2803 1.1421 -1.3956
v 0.2914 2.4866 -1.4431
v 0.2336 2.3795 -1.3036
v 0.3525 2.5766 -1.5830
v 0.2449 2.4738 -1.4602
v 0.1855 2.3586 -1.3086
v 0.3062 2.5719 -1.6108
v 0.4578 2.6215 -1.8077
v 0.4096 2.6299 -1.7127
v 0.4147 2.6265 -1.8402
v 0.3652 2.6316 -1.7448
v 0.2830 2.5583 -1.7364
v 0.3319 2.5502 -1.8324
v 0.2297 2.5070 -1.6053
v 0.1312 2.3221 -1.3205
v 0.1809 2.4241 -1.4624
v 0.0972 2.0335 -0.9378
v 0.1431 2.1631 -1.0542
v 0.0379 2.0080 -0.9292
v 0.0835 2.1334 -1.0465
v 0.1864 2.2751 -1.1750
v 0.1322 2.2477 -1.1718
v 0.0756 2.2136 -1.1922
v 0.0197 2.0956 -1.0719
v -0.0308 1.9649 -0.9543
v 0.5145 1.8609 -1.6992
v 0.5168 2.0242 -1.7550
v 0.5053 1.7034 -1.6346
v 0.4724 1.8207 -1.7139
v 0.4764 1.9960 -1.7712
v 0.4611 1.6560 -1.6503
v 0.4827 1.5419 -1.5587
v 0.4405 1.4958 -1.5768
v 0.3628 1.4651 -1.5868
v 0.3893 1.6299 -1.6621
v 0.4193 1.9644 -1.7776
v 0.4100 1.7955 -1.7239
v 0.4920 2.5269 -1.8438
v 0.5122 2.3769 -1.8373
v 0.4475 2.5301 -1.8752
v 0.4667 2.3736 -1.8653
v 0.5183 2.2028 -1.8043
v 0.4755 2.1878 -1.8262
v 0.4121 2.1390 -1.8283
v 0.3931 2.3067 -1.8633
v 0.3675 2.4551 -1.8697
v -0.0689 1.2069 -0.2894
v -0.1011 1.1881 -0.3347
v -0.1231 1.2983 -0.3547
v -0.0352 1.1276 -0.2701
v -0.0726 1.1071 -0.3133
v -0.1578 1.1540 -0.3575
v -0.1780 1.2657 -0.3785
v -0.1323 1.0721 -0.3352
v 0.0052 1.0685 -0.2521
v -0.0094 1.0085 -0.2818
v -0.0391 1.0487 -0.2939
v -0.0798 0.9736 -0.3014
v -0.1047 1.0134 -0.3151
v -0.1744 0.9659 -0.3144
v -0.1487 0.9233 -0.3018
v -0.2021 1.0281 -0.3339
v -0.2502 1.2218 -0.3768
v -0.2284 1.1109 -0.3559
v -0.2134 1.3958 0.4988
v -0.1949 1.2516 0.4704
v -0.2279 1.5637 0.5234
v -0.2685 1.3626 0.5113
v -0.2521 1.2165 0.4815
v -0.2809 1.5320 0.5368
v -0.2618 1.9206 0.5436
v -0.2426 1.7429 0.5398
v -0.3119 1.8867 0.5558
v -0.2939 1.7112 0.5533
v -0.3690 1.6686 0.5326
v -0.3873 1.8471 0.5346
v -0.3546 1.4882 0.5168
v -0.3216 1.1735 0.4627
v -0.3401 1.3190 0.4919
v -0.1617 1.7938 -0.3797
v -0.1818 1.9714 -0.3697
v -0.1484 1.6139 -0.3791
v -0.2099 1.7642 -0.4059
v -0.2291 1.9397 -0.3962
v -0.1986 1.5843 -0.4049
v -0.1373 1.4445 -0.3702
v -0.1898 1.4136 -0.3951
v -0.2640 1.3689 -0.3932
v -0.2747 1.5392 -0.4031
v -0.3073 1.8989 -0.3949
v -0.2875 1.7201 -0.4043
v -0.4396 2.6953 0.3574
v -0.4047 2.5285 0.4140
v -0.4685 2.8552 0.2904
v -0.4922 2.6799 0.3504
v -0.4513 2.5004 0.4117
v -0.5280 2.8517 0.2806
v -0.4970 3.0415 0.1216
v -0.4909 2.9828 0.2105
v -0.5590 3.0486 0.1144
v -0.5526 2.9870 0.2014
v -0.6168 2.9108 0.1909
v -0.6245 2.9703 0.1025
v -0.5886 2.7848 0.2707
v -0.5036 2.4695 0.3987
v -0.5469 2.6317 0.3399
v -0.2893 2.0844 0.5302
v -0.3239 2.2367 0.5024
v -0.3393 2.0450 0.5397
v -0.3734 2.1941 0.5082
v -0.3644 2.3802 0.4631
v -0.4112 2.3422 0.4648
v -0.4709 2.3163 0.4476
v -0.4428 2.1657 0.4872
v -0.4134 2.0111 0.5178
v -0.3045 2.4248 -0.2712
v -0.3549 2.5681 -0.2161
v -0.2552 2.2845 -0.3140
v -0.3515 2.3894 -0.2918
v -0.4025 2.5423 -0.2314
v -0.3040 2.2447 -0.3390
v -0.2136 2.1342 -0.3473
v -0.2619 2.0973 -0.3739
v -0.3390 2.0626 -0.3727
v -0.3767 2.2159 -0.3385
v -0.4569 2.5116 -0.2351
v -0.4141 2.3635 -0.2927
v -0.4766 2.9946 0.0276
v -0.4408 2.8779 -0.0641
v -0.5398 2.9994 0.0212
v -0.5026 2.8757 -0.0715
v -0.4003 2.7275 -0.1462
v -0.4548 2.7139 -0.1567
v -0.5111 2.6664 -0.1656
v -0.5645 2.8100 -0.0845
v -0.6046 2.9240 0.0078
v -0.1099 1.1061 0.5928
v -0.1585 1.1113 0.5645
v -0.1741 1.2094 0.6256
v -0.0785 1.0375 0.5436
v -0.1313 1.0389 0.5172
v -0.2214 1.0863 0.5487
v -0.2356 1.1868 0.6094
v -0.1968 1.0120 0.5026
v -0.0381 0.9885 0.5020
v -0.0669 0.9558 0.4484
v -0.0968 0.9880 0.4792
v -0.1413 0.9254 0.4389
v -0.1675 0.9593 0.4667
v -0.2338 0.9074 0.4612
v -0.2073 0.8719 0.4307
v -0.2627 0.9626 0.4997
v -0.3037 1.1367 0.6079
v -0.2880 1.0372 0.5469
v 0.0872 0.8061 1.2865
v 0.0716 0.7102 1.1702
v 0.1125 0.9250 1.4144
v 0.0402 0.7631 1.2946
v 0.0216 0.6658 1.1766
v 0.0682 0.8832 1.4236
v 0.1666 1.2071 1.6683
v 0.1410 1.0607 1.5446
v 0.1239 1.1643 1.6758
v 0.0985 1.0191 1.5538
v 0.0183 0.9813 1.5398
v 0.0433 1.1294 1.6636
v -0.0101 0.8443 1.4086
v -0.0516 0.6275 1.1613
v -0.0356 0.7243 1.2793
v -0.1422 1.6388 0.9094
v -0.1173 1.7884 1.0291
v -0.1623 1.4847 0.8005
v -0.1974 1.6224 0.8909
v -0.1722 1.7709 1.0088
v -0.2192 1.4673 0.7831
v -0.1742 1.3378 0.7051
v -0.2335 1.3179 0.6884
v -0.3037 1.2666 0.6873
v -0.2917 1.4153 0.7827
v -0.2461 1.7222 1.0119
v -0.2713 1.5711 0.8918
v 0.1648 1.9883 2.0905
v 0.1731 1.8168 2.0212
v 0.1529 2.1571 2.1431
v 0.1169 1.9726 2.0992
v 0.1288 1.7885 2.0235
v 0.1012 2.1523 2.1588
v 0.1048 2.4045 2.1348
v 0.1318 2.3055 2.1644
v 0.0558 2.4078 2.1578
v 0.0810 2.3069 2.1851
v 0.0029 2.2348 2.1554
v -0.0242 2.3350 2.1256
v 0.0282 2.0879 2.1341
v 0.0704 1.7579 2.0144
v 0.0531 1.9254 2.0827
v 0.1827 1.3583 1.7764
v 0.1884 1.5106 1.8698
v 0.1372 1.3119 1.7796
v 0.1407 1.4636 1.8694
v 0.1832 1.6605 1.9495
v 0.1373 1.6206 1.9487
v 0.0728 1.5961 1.9427
v 0.0668 1.4381 1.8630
v 0.0582 1.2820 1.7707
v -0.0467 2.1389 1.4277
v -0.0239 2.2294 1.5728
v -0.0671 2.0391 1.2911
v -0.0993 2.1161 1.4098
v -0.0722 2.2122 1.5649
v -0.1243 2.0141 1.2677
v -0.0914 1.9220 1.1573
v -0.1483 1.9003 1.1342
v -0.2201 1.8569 1.1406
v -0.1915 1.9767 1.2756
v -0.1274 2.1771 1.5615
v -0.1585 2.0828 1.4145
v 0.0747 2.4254 2.0343
v 0.0421 2.3897 1.8908
v 0.0249 2.4266 2.0564
v -0.0085 2.3859 1.9075
v 0.0075 2.3187 1.7320
v -0.0414 2.3083 1.7371
v -0.1045 2.2616 1.7210
v -0.0824 2.3254 1.8797
v -0.0541 2.3576 2.0242
v 0.1832 0.5256 1.1114
v 0.1261 0.5383 1.1082
v 0.1356 0.5726 1.2167
v 0.1920 0.5069 1.0257
v 0.1319 0.5147 1.0233
v 0.0601 0.5157 1.1022
v 0.0708 0.5522 1.2112
v 0.0640 0.4895 1.0179
v 0.2117 0.4986 0.9556
v 0.1619 0.4981 0.9096
v 0.1476 0.5019 0.9570
v 0.0878 0.4653 0.9092
v 0.0759 0.4728 0.9540
v 0.0106 0.4207 0.9418
v 0.0215 0.4137 0.8939
v 0.0002 0.4380 1.0090
v 0.0056 0.4990 1.2034
v -0.0037 0.4637 1.0944
v 0.6296 -0.1227 1.3532
v 0.5762 -0.1302 1.2152
v 0.6915 -0.1034 1.5107
v 0.5867 -0.1719 1.3477
v 0.5304 -0.1801 1.2089
v 0.6512 -0.1519 1.5057
v 0.8011 -0.0388 1.8465
v 0.7520 -0.0747 1.6783
v 0.7615 -0.0853 1.8381
v 0.7130 -0.1222 1.6725
v 0.6325 -0.1590 1.6670
v 0.6813 -0.1210 1.8354
v 0.5717 -0.1887 1.4984
v 0.4549 -0.2154 1.2006
v 0.5091 -0.2082 1.3397
v 0.2612 0.7087 1.6785
v 0.3134 0.7392 1.8470
v 0.2098 0.6656 1.5110
v 0.2007 0.6947 1.6727
v 0.2527 0.7253 1.8391
v 0.1482 0.6501 1.5062
v 0.1657 0.6177 1.3541
v 0.1025 0.5999 1.3491
v 0.0357 0.5453 1.3415
v 0.0799 0.5945 1.4991
v 0.1840 0.6700 1.8367
v 0.1315 0.6387 1.6673
v 0.8235 0.2255 2.6185
v 0.8264 0.1537 2.4540
v 0.8161 0.3069 2.7741
v 0.7766 0.1979 2.6277
v 0.7823 0.1222 2.4491
v 0.7665 0.2810 2.7970
v 0.7553 0.4761 2.9522
v 0.7943 0.3931 2.8978
v 0.7092 0.4496 2.9857
v 0.7463 0.3675 2.9286
v 0.6683 0.3193 2.8881
v 0.6286 0.4013 2.9440
v 0.6945 0.2370 2.7633
v 0.7266 0.0951 2.4442
v 0.7147 0.1628 2.6083
v 0.8290 0.0021 2.0056
v 0.8391 0.0473 2.1573
v 0.7858 -0.0437 1.9923
v 0.7929 0.0038 2.1408
v 0.8349 0.0960 2.3035
v 0.7897 0.0584 2.2900
v 0.7279 0.0320 2.2928
v 0.7209 -0.0257 2.1455
v 0.7081 -0.0766 1.9941
v 0.4410 0.7201 2.3093
v 0.4876 0.6888 2.4609
v 0.4019 0.7419 2.1612
v 0.3828 0.7007 2.2979
v 0.4356 0.6676 2.4584
v 0.3384 0.7238 2.1465
v 0.3599 0.7493 2.0075
v 0.2967 0.7335 1.9953
v 0.2307 0.6806 1.9979
v 0.2771 0.6755 2.1526
v 0.3842 0.6320 2.4546
v 0.3288 0.6598 2.3021
v 0.6960 0.5483 2.9001
v 0.6253 0.6078 2.7785
v 0.6488 0.5200 2.9321
v 0.5762 0.5791 2.8036
v 0.5525 0.6530 2.6247
v 0.5027 0.6276 2.6363
v 0.4411 0.5906 2.6183
v 0.5018 0.5371 2.7715
v 0.5688 0.4740 2.8926
v 0.6541 -0.2069 1.0486
v 0.6029 -0.2084 1.0742
v 0.6630 -0.2382 1.1699
v 0.6235 -0.1710 0.9726
v 0.5693 -0.1774 0.9967
v 0.5397 -0.2369 1.0792
v 0.6012 -0.2650 1.1764
v 0.5042 -0.2087 1.0011
v 0.6111 -0.1313 0.9104
v 0.5473 -0.1152 0.8930
v 0.5543 -0.1445 0.9355
v 0.4780 -0.1567 0.8983
v 0.4864 -0.1811 0.9405
v 0.4184 -0.2280 0.9229
v 0.4080 -0.2017 0.8791
v 0.4391 -0.2568 0.9856
v 0.5351 -0.3156 1.1612
v 0.4749 -0.2863 1.0643
v 1.1285 -0.7418 0.6897
v 1.0133 -0.6852 0.6073
v 1.2652 -0.7959 0.7894
v 1.0854 -0.7860 0.6715
v 0.9667 -0.7301 0.5891
v 1.2252 -0.8390 0.7711
v 1.5554 -0.8882 1.0272
v 1.4116 -0.8453 0.9031
v 1.5151 -0.9295 1.0074
v 1.3729 -0.8874 0.8843
v 1.2944 -0.9310 0.8856
v 1.4384 -0.9739 1.0114
v 1.1471 -0.8810 0.7707
v 0.8922 -0.7689 0.5870
v 1.0088 -0.8263 0.6700
v 1.0117 -0.3338 1.5448
v 1.1558 -0.3759 1.6696
v 0.8758 -0.2984 1.4140
v 0.9553 -0.3538 1.5541
v 1.0982 -0.3948 1.6778
v 0.8186 -0.3204 1.4231
v 0.7567 -0.2673 1.2861
v 0.6973 -0.2918 1.2941
v 0.6295 -0.3442 1.2788
v 0.7493 -0.3747 1.4082
v 1.0310 -0.4515 1.6664
v 0.8860 -0.4095 1.5404
v 2.0792 -1.0052 1.7369
v 1.9842 -0.9936 1.5785
v 2.1605 -1.0063 1.8944
v 2.0451 -1.0428 1.7440
v 1.9444 -1.0277 1.5726
v 2.1317 -1.0485 1.9130
v 2.2052 -0.9575 2.1378
v 2.2090 -0.9936 2.0372
v 2.1857 -1.0016 2.1625
v 2.1861 -1.0374 2.0610
v 2.0877 -1.0768 2.0302
v 2.0843 -1.0404 2.1318
v 2.0427 -1.0870 1.8869
v 1.8869 -1.0610 1.5706
v 1.9735 -1.0779 1.7294
v 1.6846 -0.9227 1.1587
v 1.7979 -0.9510 1.2947
v 1.6384 -0.9631 1.1370
v 1.7477 -0.9899 1.2735
v 1.8941 -0.9750 1.4328
v 1.8474 -1.0107 1.4171
v 1.7895 -1.0482 1.4234
v 1.6825 -1.0325 1.2830
v 1.5666 -1.0078 1.1447
v 1.5722 -0.5570 1.9578
v 1.7085 -0.6338 2.0308
v 1.4395 -0.4879 1.8757
v 1.5160 -0.5782 1.9603
v 1.6634 -0.6588 2.0364
v 1.3760 -0.5079 1.8780
v 1.2996 -0.4275 1.7797
v 1.2375 -0.4465 1.7848
v 1.1756 -0.5031 1.7775
v 1.3203 -0.5613 1.8740
v 1.6101 -0.6963 2.0291
v 1.4654 -0.6236 1.9564
v 2.1292 -0.8890 2.1687
v 2.0055 -0.8036 2.1493
v 2.1077 -0.9334 2.1918
v 1.9785 -0.8457 2.1683
v 1.8591 -0.7172 2.0990
v 1.8239 -0.7510 2.1111
v 1.7533 -0.7859 2.0967
v 1.8883 -0.8812 2.1460
v 2.0082 -0.9706 2.1641
v 0.9927 -0.6296 0.4039
v 0.9544 -0.6548 0.4404
v 1.0396 -0.7257 0.4683
v 0.9399 -0.5624 0.3823
v 0.8984 -0.5913 0.4157
v 0.8961 -0.6927 0.4490
v 0.9832 -0.7626 0.4783
v 0.8382 -0.6313 0.4226
v 0.9080 -0.4986 0.3653
v 0.8441 -0.4898 0.3853
v 0.8644 -0.5340 0.3962
v 0.7801 -0.5393 0.3883
v 0.8017 -0.5791 0.4015
v 0.7300 -0.6197 0.3833
v 0.7060 -0.5779 0.3709
v 0.7698 -0.6736 0.4043
v 0.9139 -0.8070 0.4590
v 0.8282 -0.7360 0.4302
v 1.2386 -0.7552 -0.3718
v 1.1132 -0.6778 -0.3566
v 1.3861 -0.8400 -0.3798
v 1.1880 -0.7880 -0.3972
v 1.0597 -0.7118 -0.3814
v 1.3379 -0.8716 -0.4058
v 1.6926 -1.0266 -0.3662
v 1.5420 -0.9309 -0.3788
v 1.6434 -1.0547 -0.3908
v 1.4945 -0.9609 -0.4045
v 1.4213 -1.0110 -0.4022
v 1.5726 -1.1065 -0.3877
v 1.2643 -0.9198 -0.4041
v 0.9889 -0.7565 -0.3800
v 1.1155 -0.8345 -0.3958
v 1.4593 -0.9829 0.5405
v 1.6105 -1.0787 0.5468
v 1.3051 -0.8911 0.5225
v 1.4080 -1.0155 0.5544
v 1.5577 -1.1096 0.5609
v 1.2530 -0.9254 0.5356
v 1.1609 -0.8050 0.4970
v 1.1068 -0.8406 0.5087
v 1.0360 -0.8865 0.4889
v 1.1812 -0.9728 0.5154
v 1.4886 -1.1608 0.5413
v 1.3363 -1.0647 0.5343
v 2.2733 -1.5495 -0.1301
v 2.1497 -1.4381 -0.1978
v 2.3914 -1.6536 -0.0521
v 2.2361 -1.5901 -0.1343
v 2.1047 -1.4673 -0.2067
v 2.3614 -1.7061 -0.0534
v 2.5152 -1.7804 0.1285
v 2.4813 -1.7391 0.0362
v 2.4941 -1.8394 0.1254
v 2.4573 -1.7968 0.0347
v 2.3606 -1.8212 0.0252
v 2.3946 -1.8642 0.1169
v 2.2745 -1.7312 -0.0617
v 2.0528 -1.5015 -0.2067
v 2.1683 -1.6185 -0.1389
v 1.8242 -1.1253 -0.3400
v 1.9401 -1.2268 -0.3021
v 1.7697 -1.1512 -0.3624
v 1.8823 -1.2513 -0.3212
v 2.0436 -1.3309 -0.2550
v 1.9904 -1.3554 -0.2691
v 1.9391 -1.3989 -0.2657
v 1.8240 -1.3027 -0.3160
v 1.7044 -1.2044 -0.3578
v 1.9791 -1.3784 0.4787
v 2.0949 -1.4809 0.4317
v 1.8676 -1.2769 0.5138
v 1.9241 -1.4067 0.4867
v 2.0491 -1.5134 0.4355
v 1.8072 -1.3054 0.5253
v 1.7457 -1.1768 0.5372
v 1.6879 -1.2063 0.5506
v 1.6245 -1.2593 0.5321
v 1.7510 -1.3572 0.5088
v 1.9982 -1.5485 0.4261
v 1.8744 -1.4510 0.4737
v 2.4655 -1.7518 0.2189
v 2.3608 -1.6782 0.3021
v 2.4420 -1.8108 0.2145
v 2.3314 -1.7330 0.2981
v 2.2297 -1.5844 0.3729
v 2.1927 -1.6279 0.3721
v 2.1252 -1.6578 0.3657
v 2.2445 -1.7601 0.2927
v 2.3452 -1.8364 0.2079
v 1.0424 -0.5235 -0.4888
v 1.0216 -0.5720 -0.4703
v 1.1129 -0.6228 -0.5218
v 0.9859 -0.4705 -0.4418
v 0.9603 -0.5209 -0.4264
v 0.9700 -0.6186 -0.4691
v 1.0640 -0.6691 -0.5197
v 0.9062 -0.5687 -0.4269
v 0.9520 -0.4175 -0.3978
v 0.9012 -0.4345 -0.3531
v 0.9228 -0.4719 -0.3870
v 0.8411 -0.4882 -0.3607
v 0.8652 -0.5233 -0.3908
v 0.7900 -0.5598 -0.4025
v 0.7642 -0.5240 -0.3697
v 0.8338 -0.6057 -0.4407
v 0.9904 -0.7076 -0.5353
v 0.8979 -0.6561 -0.4841
v 0.9820 -0.1417 -1.1542
v 0.8699 -0.1262 -1.0538
v 1.1205 -0.1573 -1.2617
v 0.9254 -0.1637 -1.1752
v 0.8105 -0.1503 -1.0738
v 1.0662 -0.1771 -1.2831
v 1.4381 -0.2053 -1.4694
v 1.2757 -0.1772 -1.3691
v 1.3833 -0.2234 -1.4890
v 1.2224 -0.1955 -1.3902
v 1.1525 -0.2516 -1.3948
v 1.3160 -0.2809 -1.4952
v 0.9960 -0.2311 -1.2866
v 0.7428 -0.2000 -1.0759
v 0.8561 -0.2154 -1.1778
v 1.5575 -0.7544 -0.7391
v 1.7220 -0.7857 -0.8328
v 1.3931 -0.7156 -0.6560
v 1.5164 -0.7982 -0.7326
v 1.6796 -0.8290 -0.8245
v 1.3506 -0.7603 -0.6513
v 1.2409 -0.6712 -0.5837
v 1.1953 -0.7169 -0.5803
v 1.1197 -0.7567 -0.5969
v 1.2736 -0.8017 -0.6692
v 1.6056 -0.8727 -0.8459
v 1.4397 -0.8410 -0.7521
v 2.2058 -0.5069 -1.7967
v 2.0447 -0.4310 -1.7463
v 2.3601 -0.5868 -1.8316
v 2.1731 -0.5416 -1.8154
v 2.0011 -0.4576 -1.7595
v 2.3367 -0.6289 -1.8567
v 2.5582 -0.7405 -1.8047
v 2.4868 -0.6692 -1.8399
v 2.5446 -0.7830 -1.8356
v 2.4703 -0.7126 -1.8689
v 2.3679 -0.7534 -1.8615
v 2.4403 -0.8252 -1.8262
v 2.2443 -0.6679 -1.8525
v 1.9477 -0.4969 -1.7642
v 2.1013 -0.5792 -1.8157
v 1.5981 -0.2459 -1.5557
v 1.7522 -0.2979 -1.6293
v 1.5382 -0.2655 -1.5720
v 1.6902 -0.3196 -1.6425
v 1.8973 -0.3605 -1.6916
v 1.8423 -0.3836 -1.7034
v 1.7923 -0.4307 -1.7116
v 1.6352 -0.3747 -1.6521
v 1.4766 -0.3233 -1.5805
v 2.1334 -0.8349 -1.1690
v 2.2491 -0.8389 -1.2970
v 2.0120 -0.8238 -1.0502
v 2.0878 -0.8736 -1.1634
v 2.2120 -0.8751 -1.2997
v 1.9614 -0.8661 -1.0403
v 1.8741 -0.8081 -0.9374
v 1.8267 -0.8515 -0.9272
v 1.7589 -0.8954 -0.9509
v 1.9012 -0.9083 -1.0639
v 2.1568 -0.9090 -1.3100
v 2.0339 -0.9109 -1.1820
v 2.5464 -0.7876 -1.7095
v 2.4756 -0.8165 -1.5787
v 2.5303 -0.8300 -1.7397
v 2.4537 -0.8580 -1.6044
v 2.3699 -0.8332 -1.4373
v 2.3408 -0.8715 -1.4521
v 2.2698 -0.9085 -1.4527
v 2.3638 -0.8998 -1.5970
v 2.4298 -0.8731 -1.7297
v 0.8026 0.0674 -1.1338
v 0.7435 0.0544 -1.0057
v 0.7306 -0.0035 -1.0085
v 0.7889 0.0026 -1.1148
v 0.7133 0.0591 -0.9158
v 0.6946 0.0015 -0.9225
v 0.6781 -0.0547 -1.0142
v 0.7356 -0.0496 -1.1180
v 0.6418 -0.0486 -0.9313
v 0.7013 0.0717 -0.8425
v 0.6718 0.0224 -0.8063
v 0.6773 0.0135 -0.8548
v 0.6113 -0.0290 -0.8226
v 0.6207 -0.0377 -0.8677
v 0.5447 -0.0740 -0.8730
v 0.5346 -0.0665 -0.8250
v 0.5665 -0.0840 -0.9406
v 0.6553 -0.0884 -1.1357
v 0.5998 -0.0918 -1.0279
v 0.4124 0.6922 -1.1332
v 0.4678 0.7732 -1.2772
v 0.4044 0.7756 -1.2430
v 0.3479 0.7098 -1.1132
v 0.5366 0.8423 -1.4128
v 0.4770 0.8452 -1.3851
v 0.3353 0.7516 -1.2428
v 0.2775 0.6861 -1.1153
v 0.4101 0.8211 -1.3839
v 0.6111 0.9005 -1.5484
v 0.6843 0.9429 -1.6811
v 0.6333 0.9508 -1.6702
v 0.5560 0.9060 -1.5291
v 0.5702 0.9285 -1.6737
v 0.4912 0.8829 -1.5297
v 0.4497 0.8125 -1.7170
v 0.3753 0.7701 -1.5854
v 0.4274 0.8360 -1.5490
v 0.5056 0.8809 -1.6897
v 0.2976 0.7100 -1.4499
v 0.3461 0.7738 -1.4050
v 0.2208 0.6358 -1.3141
v 0.2074 0.6319 -1.1321
v 0.2678 0.7006 -1.2626
v 1.1463 0.1998 -1.6812
v 1.0767 0.1537 -1.5484
v 1.0570 0.1020 -1.5294
v 1.1313 0.1507 -1.6710
v 0.9919 0.1129 -1.4131
v 0.9674 0.0584 -1.3856
v 1.0074 0.0539 -1.5303
v 1.0836 0.1034 -1.6750
v 0.9158 0.0092 -1.3848
v 0.8996 0.0816 -1.2776
v 0.8729 0.0243 -1.2440
v 0.8200 -0.0268 -1.2444
v 0.6648 -0.0788 -1.3168
v 0.7438 -0.0648 -1.2650
v 0.7656 -0.0435 -1.4514
v 0.8445 -0.0276 -1.4062
v 0.8545 -0.0016 -1.5864
v 0.9260 0.0445 -1.7195
v 1.0121 0.0655 -1.6917
v 0.9368 0.0169 -1.5498
v 0.9618 0.9526 -2.2175
v 1.0624 0.9390 -2.3832
v 1.0216 0.9332 -2.4054
v 0.9180 0.9504 -2.2311
v 1.1668 0.9173 -2.5387
v 1.1296 0.9079 -2.5698
v 0.9636 0.9046 -2.4186
v 0.8590 0.9236 -2.2410
v 1.0727 0.8776 -2.5866
v 1.2592 0.8811 -2.6552
v 1.3236 0.8240 -2.7039
v 1.2941 0.8067 -2.7455
v 1.2259 0.8679 -2.6934
v 1.2398 0.7726 -2.7674
v 1.1701 0.8358 -2.7133
v 1.0955 0.6795 -2.7424
v 1.0306 0.7387 -2.6903
v 1.1017 0.7907 -2.7130
v 1.1703 0.7281 -2.7671
v 0.9390 0.7772 -2.5701
v 1.0058 0.8320 -2.5872
v 0.8356 0.8014 -2.4116
v 0.7353 0.8173 -2.2444
v 0.7948 0.8774 -2.2458
v 0.8982 0.8588 -2.4211
v 0.7489 0.9645 -1.8084
v 0.7005 0.9721 -1.8040
v 0.8119 0.9702 -1.9362
v 0.7652 0.9754 -1.9375
v 0.6387 0.9496 -1.8092
v 0.7044 0.9519 -1.9439
v 0.8806 0.9646 -2.0706
v 0.8351 0.9664 -2.0774
v 0.7752 0.9412 -2.0853
v 0.6529 0.8312 -2.0985
v 0.7112 0.8945 -2.0927
v 0.5821 0.8383 -1.9665
v 0.6400 0.9045 -1.9540
v 0.5166 0.8336 -1.8417
v 0.5739 0.9019 -1.8222
v 1.2738 0.4390 -2.2195
v 1.2491 0.3618 -2.0722
v 1.2334 0.3208 -2.0827
v 1.2555 0.4018 -2.2372
v 1.2249 0.2993 -1.9373
v 1.2110 0.2552 -1.9411
v 1.1861 0.2768 -2.0943
v 1.2071 0.3593 -2.2514
v 1.1642 0.2100 -1.9504
v 1.1932 0.2468 -1.8089
v 1.1797 0.2002 -1.8061
v 1.1329 0.1538 -1.8128
v 0.9752 0.0924 -1.8480
v 1.0617 0.1153 -1.8273
v 1.0089 0.1464 -1.9775
v 1.0938 0.1711 -1.9630
v 1.0344 0.2108 -2.1135
v 1.0586 0.2897 -2.2617
v 1.1383 0.3193 -2.2602
v 1.1166 0.2375 -2.1052
v 1.3444 0.7396 -2.6560
v 1.3182 0.7173 -2.6957
v 1.3344 0.6396 -2.5401
v 1.3109 0.6120 -2.5741
v 1.2652 0.6811 -2.7172
v 1.2597 0.5736 -2.5939
v 1.3066 0.5356 -2.3851
v 1.2857 0.5028 -2.4111
v 1.2359 0.4623 -2.4282
v 1.0887 0.3874 -2.4275
v 1.1671 0.4214 -2.4344
v 1.1128 0.4925 -2.5822
v 1.1903 0.5314 -2.5973
v 1.1190 0.5937 -2.6968
v 1.1956 0.6377 -2.7184
v 0.1565 0.8499 -0.5825
v 0.1285 0.8997 -0.5216
v 0.1206 0.8876 -0.6353
v 0.0920 0.9415 -0.5698
v 0.1076 0.9509 -0.4635
v 0.0723 0.9973 -0.5078
v 0.0869 0.9375 -0.6963
v 0.0582 0.9963 -0.6261
v 0.0415 1.0583 -0.5597
v -0.0027 1.1444 -0.4593
v 0.0252 1.1116 -0.5022
v 0.0193 1.0719 -0.4144
v 0.0518 1.0443 -0.4541
v 0.0505 1.0210 -0.3744
v 0.0857 0.9952 -0.4118
v 0.2859 0.7421 -0.7521
v 0.2627 0.7780 -0.8148
v 0.2467 0.7751 -0.6998
v 0.2202 0.8106 -0.7604
v 0.2496 0.8283 -0.8861
v 0.1993 0.8594 -0.8291
v 0.1394 0.8938 -0.7649
v 0.1681 0.8454 -0.6997
v 0.1997 0.8097 -0.6427
v -0.0401 1.0382 0.0542
v -0.0404 1.0380 0.1438
v -0.0920 1.0907 0.0525
v -0.0912 1.0912 0.1491
v -0.0349 1.0413 0.2299
v -0.0832 1.0962 0.2412
v -0.1453 1.1578 0.0515
v -0.1428 1.1594 0.1549
v -0.1304 1.1671 0.2535
v -0.1298 1.1676 0.4051
v -0.1216 1.1726 0.3394
v -0.0927 1.0906 0.3834
v -0.0794 1.0984 0.3219
v -0.0494 1.0340 0.3666
v -0.0329 1.0423 0.3073
v 0.0113 1.0700 -0.1910
v -0.0324 1.1281 -0.2073
v -0.0041 1.0606 -0.1161
v -0.0502 1.1169 -0.1297
v -0.0718 1.2042 -0.2239
v -0.0952 1.1893 -0.1422
v -0.1246 1.1708 -0.0490
v -0.0742 1.1018 -0.0417
v -0.0246 1.0479 -0.0334
v 0.0404 0.7826 0.6934
v 0.0736 0.7346 0.7539
v -0.0050 0.8152 0.7433
v 0.0317 0.7646 0.8083
v 0.1102 0.6933 0.8137
v 0.0730 0.7226 0.8723
v -0.0497 0.8588 0.8028
v -0.0086 0.8059 0.8725
v 0.0396 0.7638 0.9411
v 0.0953 0.6884 1.0486
v 0.0793 0.7267 1.0020
v 0.1146 0.6443 0.9727
v 0.1055 0.6841 0.9290
v 0.1454 0.6144 0.9104
v 0.1400 0.6545 0.8678
v -0.0075 0.9556 0.5386
v -0.0505 1.0022 0.5814
v 0.0080 0.9023 0.5850
v -0.0362 0.9454 0.6285
v -0.0866 1.0652 0.6322
v -0.0768 1.0016 0.6812
v -0.0685 0.9284 0.7385
v -0.0243 0.8792 0.6829
v 0.0212 0.8416 0.6369
v 0.3578 0.2236 0.9510
v 0.4126 0.1528 0.9520
v 0.3377 0.2110 1.0209
v 0.3978 0.1355 1.0221
v 0.4706 0.0889 0.9535
v 0.4619 0.0687 1.0241
v 0.3219 0.2012 1.1046
v 0.3879 0.1215 1.1061
v 0.4599 0.0527 1.1087
v 0.5538 -0.0663 1.1105
v 0.5209 -0.0087 1.1107
v 0.5407 -0.0501 1.0248
v 0.5149 0.0079 1.0253
v 0.5417 -0.0286 0.9548
v 0.5198 0.0294 0.9543
v 0.2542 0.4541 0.9546
v 0.2328 0.4590 1.0257
v 0.2862 0.3840 0.9536
v 0.2642 0.3849 1.0241
v 0.2206 0.4715 1.1111
v 0.2491 0.3902 1.1088
v 0.2793 0.2954 1.1061
v 0.2961 0.2981 1.0221
v 0.3182 0.3039 0.9520
v 0.7203 -0.3051 0.6913
v 0.7657 -0.3490 0.6327
v 0.7296 -0.3599 0.7409
v 0.7795 -0.4063 0.6781
v 0.8150 -0.3879 0.5782
v 0.8345 -0.4463 0.6207
v 0.7490 -0.4189 0.8001
v 0.8043 -0.4674 0.7333
v 0.8672 -0.5074 0.6727
v 0.9479 -0.5825 0.5771
v 0.9207 -0.5440 0.6200
v 0.8999 -0.5243 0.5289
v 0.8799 -0.4840 0.5701
v 0.8732 -0.4667 0.4893
v 0.8566 -0.4251 0.5290
v 0.6454 -0.1546 0.8678
v 0.6561 -0.1975 0.9290
v 0.6683 -0.1998 0.8135
v 0.6777 -0.2454 0.8720
v 0.6825 -0.2390 1.0020
v 0.7000 -0.2930 0.9408
v 0.7182 -0.3569 0.8714
v 0.6989 -0.3029 0.8074
v 0.6906 -0.2526 0.7531
v 0.9156 -0.4912 0.0542
v 0.9310 -0.4815 -0.0334
v 0.9400 -0.5608 0.0525
v 0.9577 -0.5497 -0.0417
v 0.9515 -0.4686 -0.1163
v 0.9819 -0.5346 -0.1298
v 0.9769 -0.6382 0.0515
v 0.9977 -0.6252 -0.0490
v 1.0271 -0.6068 -0.1423
v 1.0545 -0.5898 -0.2905
v 1.0509 -0.5920 -0.2243
v 0.9980 -0.5249 -0.2713
v 0.9997 -0.5234 -0.2078
v 0.9630 -0.4632 -0.2537
v 0.9669 -0.4587 -0.1916
v 0.9225 -0.4868 0.3067
v 0.9527 -0.5532 0.3214
v 0.9207 -0.4879 0.2297
v 0.9488 -0.5554 0.2411
v 1.0007 -0.6238 0.3390
v 0.9919 -0.6289 0.2534
v 0.9795 -0.6366 0.1549
v 0.9407 -0.5603 0.1491
v 0.9152 -0.4914 0.1438
v 0.8355 -0.2359 -0.5866
v 0.8177 -0.1789 -0.6443
v 0.8541 -0.2853 -0.6401
v 0.8363 -0.2236 -0.7016
v 0.8073 -0.1219 -0.7002
v 0.8280 -0.1618 -0.7609
v 0.8845 -0.3378 -0.7015
v 0.8674 -0.2708 -0.7669
v 0.8628 -0.2024 -0.8296
v 0.8390 -0.1087 -0.9331
v 0.8577 -0.1445 -0.8860
v 0.7944 -0.0800 -0.8602
v 0.8179 -0.1102 -0.8148
v 0.7696 -0.0458 -0.7972
v 0.7952 -0.0729 -0.7521
v 0.9420 -0.3717 -0.4302
v 0.9729 -0.4258 -0.4758
v 0.9092 -0.3294 -0.4768
v 0.9366 -0.3829 -0.5234
v 1.0226 -0.4803 -0.5255
v 0.9787 -0.4381 -0.5763
v 0.9270 -0.3921 -0.6363
v 0.8922 -0.3372 -0.5794
v 0.8698 -0.2851 -0.5299
v 0.5177 0.3235 -0.8425
v 0.4780 0.4038 -0.8416
v 0.5084 0.3177 -0.9151
v 0.4673 0.4035 -0.9140
v 0.4460 0.4839 -0.8399
v 0.4357 0.4898 -0.9125
v 0.5023 0.3138 -0.9988
v 0.5010 0.3128 -1.0989
v 0.4616 0.4005 -1.0975
v 0.4611 0.4025 -0.9975
v 0.4382 0.4960 -1.0983
v 0.4324 0.4953 -0.9970
v 0.3746 0.6454 -1.0049
v 0.4083 0.5833 -1.0006
v 0.4241 0.5928 -1.1062
v 0.3656 0.6161 -0.9149
v 0.4054 0.5658 -0.9125
v 0.3718 0.5996 -0.8415
v 0.4141 0.5543 -0.8386
v 0.6794 0.1293 -0.8389
v 0.6860 0.1166 -0.9129
v 0.6304 0.1888 -0.8400
v 0.6312 0.1770 -0.9126
v 0.7189 0.1212 -1.1064
v 0.7031 0.1114 -1.0009
v 0.6381 0.1762 -1.0984
v 0.6348 0.1714 -0.9971
v 0.5640 0.2378 -0.9975
v 0.5626 0.2391 -1.0975
v 0.5675 0.2431 -0.9140
v 0.5725 0.2526 -0.8416
v -0.1082 0.5710 -0.5257
v -0.1353 0.6145 -0.4715
v -0.0732 0.5402 -0.4789
v -0.0992 0.5796 -0.4294
v -0.1535 0.6617 -0.4193
v -0.1195 0.6203 -0.3823
v -0.0420 0.5118 -0.4363
v -0.0670 0.5474 -0.3914
v -0.0883 0.5831 -0.3486
v -0.1195 0.6423 -0.2797
v -0.1058 0.6158 -0.3106
v -0.1446 0.6904 -0.3059
v -0.1343 0.6590 -0.3402
v -0.1659 0.7477 -0.3319
v -0.1627 0.7094 -0.3713
v 0.0549 0.4664 -0.7059
v 0.0150 0.4830 -0.6743
v 0.0568 0.4336 -0.6439
v 0.0277 0.4524 -0.6137
v -0.0304 0.5049 -0.6299
v -0.0066 0.4764 -0.5737
v 0.0655 0.4061 -0.5875
v 0.0429 0.4259 -0.5592
v 0.0156 0.4505 -0.5228
v -0.0136 0.4793 -0.4810
v -0.0413 0.5057 -0.5278
v -0.0724 0.5343 -0.5795
v -0.2758 0.7317 0.0150
v -0.2775 0.7301 0.0930
v -0.2269 0.6879 0.0169
v -0.2296 0.6856 0.0876
v -0.2716 0.7338 0.1691
v -0.2277 0.6867 0.1556
v -0.1832 0.6475 0.0186
v -0.1866 0.6448 0.0825
v -0.1874 0.6441 0.1437
v -0.1856 0.6446 0.2423
v -0.1868 0.6443 0.1982
v -0.2170 0.6926 0.2659
v -0.2227 0.6898 0.2168
v -0.2445 0.7487 0.2945
v -0.2589 0.7419 0.2392
v -0.1988 0.7805 -0.2437
v -0.2229 0.7686 -0.1957
v -0.1761 0.7215 -0.2175
v -0.1904 0.7140 -0.1733
v -0.2469 0.7526 -0.1325
v -0.2054 0.7039 -0.1169
v -0.1487 0.6712 -0.1949
v -0.1577 0.6664 -0.1541
v -0.1673 0.6598 -0.1028
v -0.1763 0.6530 -0.0442
v -0.2183 0.6946 -0.0524
v -0.2651 0.7398 -0.0614
v -0.2072 0.5145 0.5577
v -0.1791 0.4699 0.6110
v -0.1636 0.4879 0.5142
v -0.1389 0.4463 0.5628
v -0.1448 0.4328 0.6642
v -0.1111 0.4100 0.6103
v -0.1246 0.4634 0.4747
v -0.1030 0.4245 0.5189
v -0.0801 0.3894 0.5616
v -0.0402 0.3350 0.6304
v -0.0584 0.3593 0.5999
v -0.0589 0.3562 0.6872
v -0.0830 0.3799 0.6534
v -0.0719 0.3824 0.7511
v -0.1065 0.4041 0.7139
v -0.2370 0.7159 0.3908
v -0.2402 0.6738 0.4232
v -0.2085 0.6590 0.3600
v -0.2042 0.6245 0.3898
v -0.2378 0.6200 0.4627
v -0.1959 0.5809 0.4264
v -0.1769 0.6118 0.3311
v -0.1688 0.5826 0.3591
v -0.1576 0.5458 0.3933
v -0.1428 0.5050 0.4324
v -0.1825 0.5341 0.4684
v -0.2267 0.5657 0.5079
v 0.0618 0.0400 0.7787
v 0.1080 -0.0230 0.7788
v 0.0828 0.0532 0.7178
v 0.1236 -0.0047 0.7177
v 0.1602 -0.0785 0.7803
v 0.1671 -0.0569 0.7186
v 0.1013 0.0646 0.6624
v 0.1373 0.0116 0.6621
v 0.1740 -0.0372 0.6625
v 0.2358 -0.1133 0.6633
v 0.2079 -0.0796 0.6631
v 0.2442 -0.1356 0.7205
v 0.2093 -0.1013 0.7199
v 0.2612 -0.1575 0.7832
v 0.2149 -0.1243 0.7829
v -0.0266 0.3004 0.7875
v -0.0179 0.2456 0.7868
v -0.0143 0.2758 0.7246
v 0.0005 0.2306 0.7237
v -0.0014 0.1780 0.7833
v 0.0213 0.1748 0.7215
v 0.0021 0.2588 0.6671
v 0.0194 0.2202 0.6666
v 0.0420 0.1726 0.6652
v 0.0694 0.1194 0.6636
v 0.0487 0.1144 0.7193
v 0.0252 0.1083 0.7804
v 0.3700 -0.4092 0.5583
v 0.4080 -0.4489 0.5055
v 0.3654 -0.3589 0.5151
v 0.3991 -0.3955 0.4667
v 0.4529 -0.4825 0.4565
v 0.4360 -0.4280 0.4217
v 0.3607 -0.3135 0.4758
v 0.3902 -0.3474 0.4314
v 0.4210 -0.3785 0.3899
v 0.4732 -0.4259 0.3237
v 0.4498 -0.4051 0.3533
v 0.5022 -0.4749 0.3503
v 0.4723 -0.4550 0.3822
v 0.5413 -0.5251 0.3787
v 0.5012 -0.5087 0.4134
v 0.3117 -0.2337 0.7515
v 0.3154 -0.2734 0.7154
v 0.2949 -0.2115 0.6876
v 0.3048 -0.2427 0.6550
v 0.3240 -0.3193 0.6664
v 0.3189 -0.2798 0.6125
v 0.2845 -0.1860 0.6310
v 0.2977 -0.2120 0.6014
v 0.3145 -0.2434 0.5638
v 0.3355 -0.2780 0.5209
v 0.3389 -0.3195 0.5648
v 0.3420 -0.3654 0.6129
v 0.5366 -0.5688 0.0174
v 0.5481 -0.5610 -0.0595
v 0.5186 -0.5056 0.0193
v 0.5279 -0.4992 -0.0506
v 0.5673 -0.5490 -0.1325
v 0.5416 -0.4905 -0.1167
v 0.5015 -0.4486 0.0208
v 0.5089 -0.4434 -0.0426
v 0.5187 -0.4370 -0.1027
v 0.5373 -0.4248 -0.1991
v 0.5288 -0.4306 -0.1559
v 0.5710 -0.4715 -0.2227
v 0.5574 -0.4807 -0.1756
v 0.6143 -0.5176 -0.2496
v 0.5923 -0.5336 -0.1981
v 0.5677 -0.5519 0.2894
v 0.5548 -0.5619 0.2368
v 0.5294 -0.5024 0.2614
v 0.5240 -0.5062 0.2147
v 0.5414 -0.5688 0.1691
v 0.5184 -0.5085 0.1556
v 0.4999 -0.4528 0.2384
v 0.4987 -0.4536 0.1965
v 0.4978 -0.4534 0.1438
v 0.4982 -0.4519 0.0841
v 0.5160 -0.5085 0.0893
v 0.5348 -0.5713 0.0948
v 0.4684 -0.3516 -0.5264
v 0.4501 -0.3013 -0.5779
v 0.4554 -0.3058 -0.4788
v 0.4375 -0.2602 -0.5260
v 0.4412 -0.2487 -0.6276
v 0.4256 -0.2144 -0.5715
v 0.4430 -0.2645 -0.4358
v 0.4255 -0.2233 -0.4792
v 0.4116 -0.1828 -0.5207
v 0.3923 -0.1157 -0.5869
v 0.4007 -0.1459 -0.5575
v 0.4135 -0.1358 -0.6433
v 0.4183 -0.1715 -0.6119
v 0.4427 -0.1523 -0.7053
v 0.4408 -0.1967 -0.6725
v 0.6056 -0.4856 -0.3499
v 0.5724 -0.4662 -0.3864
v 0.5615 -0.4385 -0.3195
v 0.5378 -0.4160 -0.3514
v 0.5326 -0.4359 -0.4294
v 0.5090 -0.3853 -0.3899
v 0.5277 -0.3926 -0.2896
v 0.5100 -0.3694 -0.3185
v 0.4881 -0.3393 -0.3537
v 0.4649 -0.3038 -0.3934
v 0.4804 -0.3480 -0.4329
v 0.4969 -0.3971 -0.4765
v 0.1990 0.1229 -0.7463
v 0.1626 0.1920 -0.7452
v 0.2088 0.1291 -0.6817
v 0.1746 0.1911 -0.6808
v 0.1354 0.2634 -0.7437
v 0.1468 0.2530 -0.6797
v 0.2170 0.1343 -0.6229
v 0.1851 0.1898 -0.6222
v 0.1573 0.2442 -0.6214
v 0.1157 0.3334 -0.6197
v 0.1340 0.2934 -0.6207
v 0.1095 0.3571 -0.6766
v 0.1253 0.3105 -0.6784
v 0.1082 0.3890 -0.7374
v 0.1183 0.3327 -0.7415
v 0.3948 -0.0707 -0.7419
v 0.3495 -0.0384 -0.7457
v 0.3670 -0.0557 -0.6809
v 0.3329 -0.0224 -0.6824
v 0.2958 0.0059 -0.7468
v 0.2917 0.0206 -0.6827
v 0.3487 -0.0398 -0.6236
v 0.3215 -0.0072 -0.6243
v 0.2885 0.0339 -0.6243
v 0.2525 0.0817 -0.6237
v 0.2491 0.0717 -0.6824
v 0.2445 0.0602 -0.7470
v -0.0100 1.0168 -0.3592
v 0.0120 0.9850 -0.3307
v -0.0359 1.0688 -0.3943
v -0.0808 0.9869 -0.3603
v -0.0622 0.9541 -0.3356
v -0.1019 1.0404 -0.3920
v -0.0539 1.1445 -0.4361
v -0.1178 1.1180 -0.4321
v -0.1830 1.0703 -0.4468
v -0.1668 0.9923 -0.4054
v -0.1282 0.9012 -0.3440
v -0.1465 0.9360 -0.3714
v -0.0997 1.0096 0.3989
v -0.0692 0.9721 0.3888
v -0.1360 1.0653 0.4180
v -0.1667 0.9722 0.4054
v -0.1410 0.9353 0.3932
v -0.1974 1.0280 0.4262
v -0.1685 1.1437 0.4426
v -0.2271 1.1072 0.4523
v -0.2951 1.0646 0.4342
v -0.2645 0.9844 0.4084
v -0.2075 0.8849 0.3765
v -0.2340 0.9248 0.3879
v 0.1094 0.5690 0.9355
v 0.1334 0.5480 0.8933
v 0.0857 0.5983 0.9968
v 0.0479 0.5229 0.9406
v 0.0668 0.5028 0.8986
v 0.0302 0.5527 1.0012
v 0.0721 0.6432 1.0743
v 0.0198 0.5980 1.0794
v -0.0515 0.5601 1.0642
v -0.0403 0.5140 0.9854
v -0.0029 0.4582 0.8793
v -0.0226 0.4811 0.9227
v 0.5174 -0.0882 0.9552
v 0.5196 -0.0732 0.9080
v 0.5225 -0.1082 1.0214
v 0.4609 -0.1405 0.9511
v 0.4586 -0.1260 0.9065
v 0.4711 -0.1587 1.0149
v 0.5413 -0.1238 1.1064
v 0.4931 -0.1737 1.0994
v 0.4191 -0.2086 1.0908
v 0.3977 -0.1937 1.0050
v 0.3840 -0.1636 0.8903
v 0.3863 -0.1769 0.9379
v 0.8476 -0.5189 0.4636
v 0.8314 -0.4783 0.4357
v 0.8786 -0.5719 0.4994
v 0.7914 -0.5694 0.4489
v 0.7720 -0.5316 0.4241
v 0.8263 -0.6185 0.4824
v 0.9320 -0.6280 0.5456
v 0.8825 -0.6732 0.5276
v 0.8096 -0.7109 0.5252
v 0.7533 -0.6555 0.4788
v 0.6953 -0.5671 0.4147
v 0.7159 -0.6056 0.4424
v 0.9257 -0.4934 -0.2969
v 0.9036 -0.4507 -0.2865
v 0.9632 -0.5484 -0.3156
v 0.8653 -0.5357 -0.3193
v 0.8413 -0.4977 -0.3076
v 0.9056 -0.5855 -0.3385
v 1.0235 -0.6094 -0.3367
v 0.9681 -0.6442 -0.3604
v 0.8983 -0.6877 -0.3594
v 0.8353 -0.6277 -0.3379
v 0.7654 -0.5363 -0.3085
v 0.7917 -0.5763 -0.3192
v 0.7186 -0.0552 -0.8331
v 0.7023 -0.0286 -0.7899
v 0.7458 -0.0830 -0.8940
v 0.6526 -0.0889 -0.8540
v 0.6350 -0.0672 -0.8118
v 0.6826 -0.1117 -0.9131
v 0.7937 -0.1066 -0.9672
v 0.7324 -0.1326 -0.9864
v 0.6658 -0.1807 -0.9883
v 0.6155 -0.1587 -0.9143
v 0.5624 -0.1114 -0.8102
v 0.5825 -0.1350 -0.8535
v 0.3085 0.6046 -0.8528
v 0.3143 0.5951 -0.8046
v 0.3054 0.6257 -0.9204
v 0.2374 0.5772 -0.8645
v 0.2412 0.5642 -0.8198
v 0.2369 0.6013 -0.9280
v 0.3167 0.6603 -1.0065
v 0.2474 0.6368 -1.0110
v 0.1797 0.5835 -1.0237
v 0.1720 0.5499 -0.9362
v 0.1734 0.5128 -0.8211
v 0.1713 0.5255 -0.8688
v 0.7074 0.1503 -0.5786
v 0.7197 0.1318 -0.5731
v 0.7198 0.1299 -0.6344
v 0.7324 0.1104 -0.6278
v 0.7282 0.1139 -0.5624
v 0.7419 0.0911 -0.6178
v 0.7333 0.0300 -0.7306
v 0.7476 0.0631 -0.6770
v 0.7199 0.0489 -0.7324
v 0.7357 0.0831 -0.6835
v 0.7123 0.0660 -0.7440
v 0.7250 0.1024 -0.6928
v 0.8788 -0.1940 -0.2250
v 0.8838 -0.2037 -0.2050
v 0.9052 -0.2424 -0.2533
v 0.9095 -0.2517 -0.2313
v 0.8836 -0.2102 -0.1825
v 0.9099 -0.2590 -0.2075
v 0.9265 -0.3716 -0.2645
v 0.9287 -0.3143 -0.2358
v 0.9209 -0.3614 -0.2848
v 0.9257 -0.3052 -0.2590
v 0.9235 -0.3582 -0.3091
v 0.9246 -0.2984 -0.2831
v 0.8398 -0.2376 0.3093
v 0.8360 -0.2336 0.3309
v 0.8619 -0.2891 0.3318
v 0.8574 -0.2843 0.3540
v 0.8275 -0.2260 0.3499
v 0.8492 -0.2773 0.3743
v 0.8593 -0.3985 0.4127
v 0.8640 -0.3363 0.3974
v 0.8608 -0.3995 0.3916
v 0.8692 -0.3408 0.3758
v 0.8697 -0.4078 0.3753
v 0.8761 -0.3474 0.3555
v 0.6152 0.0461 0.6911
v 0.6051 0.0624 0.7020
v 0.6184 0.0185 0.7451
v 0.6076 0.0358 0.7554
v 0.5921 0.0798 0.7073
v 0.5944 0.0536 0.7616
v 0.5683 -0.0215 0.8600
v 0.5893 0.0202 0.8165
v 0.5768 -0.0356 0.8483
v 0.6008 0.0033 0.8073
v 0.5892 -0.0525 0.8471
v 0.6129 -0.0145 0.8009
v 0.3308 0.4981 0.7073
v 0.3206 0.5177 0.7020
v 0.3080 0.5119 0.7617
v 0.2973 0.5324 0.7554
v 0.3101 0.5343 0.6911
v 0.2861 0.5503 0.7451
v 0.2086 0.5566 0.8473
v 0.2534 0.5609 0.8010
v 0.2192 0.5366 0.8487
v 0.2647 0.5410 0.8075
v 0.2289 0.5213 0.8606
v 0.2756 0.5222 0.8167
v 0.1594 0.8427 0.3519
v 0.1564 0.8537 0.3325
v 0.1227 0.8846 0.3778
v 0.1201 0.8951 0.3567
v 0.1545 0.8589 0.3103
v 0.1179 0.9012 0.3335
v 0.0148 0.9598 0.3790
v 0.0717 0.9395 0.3580
v 0.0180 0.9481 0.3973
v 0.0745 0.9302 0.3799
v 0.0179 0.9464 0.4204
v 0.0760 0.9236 0.4030
v 0.1992 0.8847 -0.1804
v 0.2055 0.8811 -0.2018
v 0.1673 0.9288 -0.2041
v 0.1744 0.9237 -0.2260
v 0.2124 0.8716 -0.2209
v 0.1815 0.9143 -0.2464
v 0.0877 0.9768 -0.2949
v 0.1408 0.9539 -0.2727
v 0.0819 0.9792 -0.2746
v 0.1340 0.9602 -0.2513
v 0.0737 0.9917 -0.2582
v 0.1261 0.9692 -0.2311
v 0.4223 0.6034 -0.5624
v 0.4346 0.5882 -0.5731
v 0.4083 0.6251 -0.6178
v 0.4212 0.6086 -0.6278
v 0.4456 0.5694 -0.5786
v 0.4328 0.5892 -0.6343
v 0.3720 0.6106 -0.7434
v 0.4104 0.6058 -0.6926
v 0.3605 0.6240 -0.7320
v 0.3982 0.6231 -0.6833
v 0.3500 0.6432 -0.7304
v 0.3860 0.6418 -0.6769
v 0.3109 0.5950 -0.7766
v 0.2406 0.5619 -0.7931
v 0.3028 0.6035 -0.7657
v 0.2360 0.5677 -0.7832
v 0.1245 0.4631 -0.7735
v 0.1744 0.5140 -0.7934
v 0.1199 0.4779 -0.7633
v 0.1708 0.5235 -0.7831
v 0.1596 0.5355 -0.7876
v 0.1048 0.4914 -0.7643
v 0.2283 0.5799 -0.7887
v 0.2946 0.6192 -0.7687
v 0.1026 0.4208 -0.7296
v 0.0987 0.3865 -0.6738
v 0.0953 0.4385 -0.7218
v 0.0889 0.4052 -0.6689
v 0.1029 0.3599 -0.6184
v 0.0924 0.3778 -0.6144
v 0.0810 0.3916 -0.6050
v 0.0761 0.4193 -0.6605
v 0.0805 0.4526 -0.7178
v 0.4409 -0.1227 -0.7187
v 0.4871 -0.1187 -0.7652
v 0.4086 -0.1117 -0.6615
v 0.4340 -0.1031 -0.7243
v 0.4807 -0.0990 -0.7656
v 0.4010 -0.0939 -0.6712
v 0.3855 -0.0949 -0.6058
v 0.3779 -0.0786 -0.6166
v 0.3665 -0.0619 -0.6218
v 0.3885 -0.0773 -0.6775
v 0.4686 -0.0883 -0.7771
v 0.4209 -0.0890 -0.7333
v 0.6871 -0.0084 -0.7692
v 0.6221 -0.0493 -0.7894
v 0.6757 0.0069 -0.7666
v 0.6137 -0.0363 -0.7846
v 0.5515 -0.0902 -0.7884
v 0.5446 -0.0742 -0.7849
v 0.5368 -0.0664 -0.7965
v 0.6095 -0.0290 -0.7953
v 0.6709 0.0187 -0.7780
v 0.8890 -0.4266 -0.2906
v 0.8281 -0.4745 -0.3082
v 0.8834 -0.4170 -0.3051
v 0.8240 -0.4654 -0.3185
v 0.6826 -0.5239 -0.3008
v 0.7548 -0.5106 -0.3109
v 0.6832 -0.5119 -0.3178
v 0.7532 -0.4997 -0.3234
v 0.7541 -0.5041 -0.3433
v 0.6806 -0.5141 -0.3406
v 0.8278 -0.4693 -0.3363
v 0.8878 -0.4180 -0.3258
v 0.6244 -0.5036 -0.2798
v 0.5783 -0.4644 -0.2537
v 0.6258 -0.4941 -0.3002
v 0.5796 -0.4581 -0.2758
v 0.5423 -0.4206 -0.2287
v 0.5430 -0.4156 -0.2500
v 0.5384 -0.4071 -0.2685
v 0.5747 -0.4509 -0.2960
v 0.6214 -0.4915 -0.3224
v 0.5622 -0.5297 0.3548
v 0.6178 -0.5545 0.3780
v 0.5199 -0.4863 0.3286
v 0.5703 -0.5317 0.3366
v 0.6240 -0.5517 0.3606
v 0.5285 -0.4927 0.3107
v 0.4882 -0.4395 0.3032
v 0.4964 -0.4473 0.2861
v 0.4997 -0.4513 0.2664
v 0.5314 -0.4980 0.2908
v 0.6262 -0.5633 0.3466
v 0.5725 -0.5404 0.3188
v 0.8224 -0.4594 0.4131
v 0.7626 -0.5110 0.4050
v 0.8213 -0.4569 0.3966
v 0.7614 -0.5061 0.3921
v 0.6895 -0.5455 0.3941
v 0.6916 -0.5404 0.3797
v 0.6952 -0.5514 0.3708
v 0.7669 -0.5153 0.3859
v 0.8292 -0.4655 0.3863
v 0.5226 -0.0724 0.8800
v 0.4605 -0.1219 0.8801
v 0.5281 -0.0812 0.8689
v 0.4649 -0.1266 0.8703
v 0.3272 -0.1793 0.8296
v 0.3899 -0.1595 0.8635
v 0.3397 -0.1880 0.8204
v 0.3981 -0.1649 0.8537
v 0.4026 -0.1797 0.8575
v 0.3446 -0.2066 0.8202
v 0.4708 -0.1383 0.8756
v 0.5374 -0.0948 0.8721
v 0.2882 -0.1753 0.7781
v 0.2661 -0.1577 0.7191
v 0.3019 -0.1882 0.7712
v 0.2791 -0.1737 0.7146
v 0.2541 -0.1362 0.6627
v 0.2661 -0.1528 0.6589
v 0.2752 -0.1679 0.6493
v 0.2876 -0.1901 0.7057
v 0.3085 -0.2065 0.7662
v -0.0488 0.3663 0.7673
v -0.0337 0.4001 0.8213
v -0.0427 0.3392 0.7068
v -0.0354 0.3511 0.7736
v -0.0192 0.3860 0.8227
v -0.0320 0.3238 0.7169
v -0.0280 0.3177 0.6501
v -0.0187 0.3027 0.6611
v -0.0096 0.2846 0.6661
v -0.0237 0.3047 0.7226
v -0.0170 0.3696 0.8330
v -0.0303 0.3325 0.7817
v 0.1483 0.5283 0.8726
v 0.0809 0.4864 0.8764
v 0.1573 0.5120 0.8698
v 0.0894 0.4741 0.8717
v 0.0149 0.4419 0.8585
v 0.0265 0.4295 0.8556
v 0.0278 0.4184 0.8664
v 0.0920 0.4664 0.8822
v 0.1634 0.5018 0.8813
v -0.0545 0.9481 0.3916
v -0.1259 0.9132 0.3926
v -0.0508 0.9373 0.4041
v -0.1212 0.9045 0.4013
v -0.2300 0.8067 0.3546
v -0.1895 0.8638 0.3784
v -0.2221 0.8001 0.3713
v -0.1825 0.8563 0.3900
v -0.1893 0.8570 0.4071
v -0.2289 0.7963 0.3912
v -0.1261 0.9078 0.4170
v -0.0533 0.9394 0.4232
v -0.2329 0.7483 0.3265
v -0.2130 0.6927 0.2977
v -0.2274 0.7430 0.3466
v -0.2107 0.6886 0.3194
v -0.1850 0.6439 0.2721
v -0.1839 0.6400 0.2932
v -0.1815 0.6302 0.3110
v -0.2099 0.6788 0.3383
v -0.2307 0.7356 0.3667
v -0.1660 0.7667 -0.3055
v -0.1592 0.8276 -0.3209
v -0.1515 0.7094 -0.2827
v -0.1689 0.7750 -0.2867
v -0.1590 0.8329 -0.3028
v -0.1575 0.7193 -0.2646
v -0.1290 0.6597 -0.2586
v -0.1360 0.6692 -0.2413
v -0.1420 0.6726 -0.2220
v -0.1653 0.7233 -0.2454
v -0.1726 0.8413 -0.2903
v -0.1802 0.7811 -0.2701
v 0.0188 0.9697 -0.3086
v -0.0536 0.9383 -0.3168
v 0.0156 0.9693 -0.2926
v -0.0542 0.9372 -0.3042
v -0.1173 0.8878 -0.3228
v -0.1165 0.8893 -0.3082
v -0.1282 0.8994 -0.3004
v -0.0630 0.9487 -0.2985
v 0.0075 0.9822 -0.2826
v 1.0380 0.0094 0.4274
v 0.9996 0.0731 0.4610
v 1.1027 0.1115 0.4992
v 1.1482 0.0605 0.4757
v 0.9486 0.1243 0.4998
v 1.0457 0.1597 0.5383
v 1.2202 0.1665 0.5379
v 1.2687 0.1206 0.5137
v 1.1582 0.2092 0.5778
v 0.8941 0.1754 0.5421
v 0.8445 0.2315 0.5849
v 0.9323 0.2659 0.6282
v 0.9855 0.2090 0.5830
v 1.0376 0.3120 0.6722
v 1.0937 0.2553 0.6249
v 1.2827 0.4327 0.7541
v 1.3381 0.3783 0.7055
v 1.2130 0.3123 0.6664
v 1.1558 0.3681 0.7150
v 1.4012 0.3360 0.6548
v 1.2792 0.2688 0.6169
v 1.4612 0.2977 0.6115
v 1.5078 0.2554 0.5849
v 1.3925 0.1869 0.5492
v 1.3427 0.2296 0.5750
v 0.8081 0.2979 0.6246
v 0.8956 0.3370 0.6687
v 0.7784 0.3665 0.6625
v 0.8684 0.4117 0.7072
v 1.0010 0.3867 0.7127
v 0.9766 0.4667 0.7496
v 0.7489 0.4295 0.7002
v 0.7068 0.4801 0.7422
v 0.8184 0.5287 0.7895
v 0.8433 0.4799 0.7459
v 0.9365 0.5910 0.8280
v 0.9571 0.5392 0.7867
v 1.1791 0.7139 0.8897
v 1.2003 0.6616 0.8535
v 1.0783 0.6023 0.8230
v 1.0592 0.6563 0.8617
v 1.2203 0.5881 0.8226
v 1.0958 0.5271 0.7887
v 1.2457 0.5072 0.7913
v 1.1193 0.4443 0.7542
v 1.5666 0.3674 0.6487
v 1.6034 0.3225 0.6234
v 1.5173 0.4081 0.6912
v 1.6544 0.4301 0.6876
v 1.6774 0.3818 0.6650
v 1.6209 0.4751 0.7278
v 1.4135 0.5039 0.7877
v 1.4637 0.4514 0.7408
v 1.5374 0.5715 0.8194
v 1.5803 0.5208 0.7752
v 1.7208 0.6538 0.8925
v 1.7500 0.6049 0.8530
v 1.6789 0.5755 0.8115
v 1.6434 0.6249 0.8531
v 1.7642 0.5529 0.8096
v 1.7051 0.5269 0.7669
v 1.7639 0.4987 0.7717
v 1.7537 0.4530 0.7480
v 1.7284 0.4273 0.7096
v 1.7205 0.4772 0.7293
v 1.3751 0.5726 0.8219
v 1.3441 0.6450 0.8497
v 1.4969 0.6319 0.8504
v 1.4583 0.6923 0.8747
v 1.2891 0.7534 0.9114
v 1.3169 0.7093 0.8774
v 1.3850 0.7750 0.9298
v 1.4209 0.7430 0.8989
v 1.5106 0.7700 0.9648
v 1.5607 0.7611 0.9520
v 1.5051 0.7598 0.9221
v 1.4621 0.7788 0.9485
v 1.6203 0.7366 0.9367
v 1.5536 0.7243 0.9021
v 1.6756 0.6993 0.9186
v 1.6007 0.6770 0.8811
v 0.7215 0.0120 0.7843
v 0.6418 -0.0048 0.7242
v 0.7011 -0.0739 0.6695
v 0.7840 -0.0597 0.7260
v 0.5819 -0.0090 0.6665
v 0.6374 -0.0749 0.6156
v 0.7663 -0.1328 0.6110
v 0.8531 -0.1185 0.6618
v 0.6980 -0.1319 0.5625
v 0.5338 -0.0051 0.6099
v 0.4898 0.0028 0.5528
v 0.5365 -0.0544 0.5096
v 0.5851 -0.0669 0.5627
v 0.5869 -0.1049 0.4656
v 0.6408 -0.1210 0.5143
v 0.6781 -0.1835 0.3828
v 0.7422 -0.2052 0.4224
v 0.6950 -0.1672 0.4668
v 0.6358 -0.1481 0.4227
v 0.8081 -0.2195 0.4596
v 0.7575 -0.1801 0.5096
v 0.8818 -0.2219 0.4933
v 0.9811 -0.2015 0.5222
v 0.9209 -0.1652 0.5946
v 0.8304 -0.1818 0.5510
v 0.5768 0.3711 0.9112
v 0.5003 0.3185 0.8595
v 0.5292 0.2448 0.8435
v 0.6055 0.2812 0.9002
v 0.4496 0.2886 0.8029
v 0.4749 0.2204 0.7838
v 0.5594 0.1604 0.8132
v 0.6356 0.1891 0.8732
v 0.5033 0.1440 0.7529
v 0.4089 0.2672 0.7408
v 0.3727 0.2495 0.6741
v 0.3946 0.1938 0.6558
v 0.4323 0.2051 0.7213
v 0.4203 0.1312 0.6281
v 0.4595 0.1358 0.6914
v 0.4926 0.0642 0.6536
v 0.4515 0.0660 0.5929
v 0.5381 0.0657 0.7130
v 0.6731 0.0972 0.8340
v 0.5958 0.0752 0.7728
v 1.2290 0.2165 1.0210
v 1.0907 0.1513 0.9710
v 1.1573 0.0770 0.9039
v 1.2926 0.1435 0.9545
v 0.9543 0.0933 0.9121
v 1.0212 0.0188 0.8467
v 1.2287 0.0256 0.8253
v 1.3588 0.0930 0.8745
v 1.0944 -0.0343 0.7719
v 0.8284 0.0458 0.8484
v 0.8937 -0.0278 0.7862
v 0.9658 -0.0841 0.7164
v 1.0992 -0.1332 0.5793
v 1.0362 -0.1226 0.6441
v 1.2267 -0.0675 0.6255
v 1.1654 -0.0644 0.6952
v 1.3559 -0.0002 0.6694
v 1.4740 0.0676 0.7133
v 1.4212 0.0669 0.7909
v 1.2974 -0.0007 0.7441
v 1.0891 0.6057 1.0707
v 0.9650 0.5497 1.0366
v 0.9719 0.4572 1.0499
v 1.1007 0.5152 1.0885
v 0.8359 0.4842 0.9970
v 0.8409 0.3935 1.0039
v 0.9963 0.3526 1.0437
v 1.1299 0.4129 1.0869
v 0.8638 0.2910 0.9913
v 0.7076 0.4209 0.9550
v 0.7141 0.3328 0.9539
v 0.7403 0.2346 0.9335
v 0.7778 0.1361 0.8979
v 0.9017 0.1874 0.9605
v 1.1737 0.3098 1.0648
v 1.0365 0.2468 1.0175
v 1.6709 0.4967 1.0718
v 1.5865 0.4278 1.0850
v 1.6273 0.3652 1.0329
v 1.7041 0.4382 1.0254
v 1.4816 0.3567 1.0797
v 1.5309 0.2902 1.0218
v 1.6566 0.3125 0.9696
v 1.7214 0.3842 0.9689
v 1.5740 0.2384 0.9509
v 1.3609 0.2857 1.0579
v 1.4183 0.2154 0.9946
v 1.4743 0.1646 0.9178
v 1.5686 0.1348 0.7598
v 1.5255 0.1365 0.8365
v 1.6410 0.2009 0.8032
v 1.6105 0.2069 0.8753
v 1.6930 0.2658 0.8382
v 1.7221 0.3173 0.8602
v 1.7260 0.3420 0.9085
v 1.6764 0.2766 0.9019
v 1.4522 0.6758 1.1026
v 1.3909 0.6721 1.1109
v 1.4231 0.6176 1.1306
v 1.4964 0.6460 1.1143
v 1.3036 0.6612 1.1102
v 1.3295 0.5909 1.1311
v 1.4746 0.5575 1.1339
v 1.5563 0.6021 1.1166
v 1.3732 0.5131 1.1338
v 1.2025 0.6410 1.0960
v 1.2209 0.5582 1.1163
v 1.2569 0.4656 1.1175
v 1.3054 0.3720 1.0984
v 1.4264 0.4330 1.1168
v 1.6179 0.5518 1.1023
v 1.5323 0.4930 1.1187
v 1.1745 0.0029 0.4781
v 1.0821 -0.0494 0.4432
v 1.2934 0.0649 0.5134
v 1.1763 -0.0546 0.4992
v 1.0846 -0.1077 0.4647
v 1.2940 0.0086 0.5338
v 1.5303 0.2011 0.5844
v 1.4167 0.1324 0.5480
v 1.5307 0.1448 0.6074
v 1.4174 0.0764 0.5691
v 1.3965 0.0288 0.6103
v 1.5113 0.0970 0.6513
v 1.2707 -0.0394 0.5714
v 1.0548 -0.1610 0.4911
v 1.1485 -0.1052 0.5320
v 1.0314 0.6750 0.9095
v 1.1503 0.7313 0.9368
v 0.9089 0.6089 0.8774
v 1.0017 0.6615 0.9593
v 1.1210 0.7170 0.9876
v 0.8790 0.5953 0.9272
v 0.6941 0.5012 0.8116
v 0.7918 0.5456 0.8424
v 0.6648 0.4874 0.8641
v 0.7623 0.5319 0.8939
v 0.7289 0.4887 0.9332
v 0.6259 0.4466 0.9007
v 0.8516 0.5527 0.9692
v 1.0982 0.6740 1.0346
v 0.9773 0.6188 1.0040
v 1.7839 0.4845 0.8125
v 1.7628 0.4280 0.7668
v 1.7923 0.5428 0.8572
v 1.7825 0.4473 0.8513
v 1.7602 0.3885 0.7978
v 1.7924 0.5057 0.9040
v 1.7586 0.6477 0.9415
v 1.7848 0.5978 0.9026
v 1.7605 0.6144 0.9927
v 1.7863 0.5625 0.9527
v 1.7583 0.5067 0.9961
v 1.7301 0.5614 1.0386
v 1.7677 0.4506 0.9441
v 1.7436 0.3471 0.8329
v 1.7624 0.3993 0.8875
v 1.6197 0.2665 0.6253
v 1.6866 0.3263 0.6701
v 1.6179 0.2099 0.6508
v 1.6826 0.2718 0.6977
v 1.7324 0.3777 0.7182
v 1.7284 0.3307 0.7467
v 1.7128 0.2886 0.7865
v 1.6663 0.2263 0.7431
v 1.6001 0.1627 0.6968
v 1.4312 0.7764 0.9886
v 1.5049 0.7636 0.9964
v 1.3510 0.7792 0.9744
v 1.4087 0.7556 1.0340
v 1.4897 0.7414 1.0388
v 1.3227 0.7592 1.0244
v 1.2571 0.7651 0.9578
v 1.2274 0.7480 1.0091
v 1.2070 0.7054 1.0577
v 1.3041 0.7186 1.0722
v 1.4695 0.7078 1.0779
v 1.3907 0.7195 1.0767
v 1.7112 0.6904 0.9670
v 1.6491 0.7242 0.9831
v 1.7111 0.6580 1.0189
v 1.6452 0.6935 1.0337
v 1.5789 0.7474 0.9937
v 1.5699 0.7210 1.0395
v 1.5439 0.6838 1.0819
v 1.6137 0.6501 1.0808
v 1.6788 0.6093 1.0666
v 0.6730 0.2165 0.4126
v 0.6974 0.2041 0.4613
v 0.7371 0.1537 0.4262
v 0.7109 0.1665 0.3807
v 0.7314 0.2017 0.5043
v 0.7737 0.1497 0.4664
v 0.7789 0.1087 0.3932
v 0.7514 0.1206 0.3542
v 0.8189 0.1031 0.4288
v 0.7790 0.2105 0.5446
v 0.8248 0.1562 0.5042
v 0.8742 0.1069 0.4638
v 0.9552 0.0202 0.3916
v 0.9207 0.0603 0.4259
v 0.8962 0.0314 0.3631
v 0.8618 0.0631 0.3940
v 0.8505 0.0455 0.3410
v 0.8208 0.0602 0.3267
v 0.7910 0.0832 0.3363
v 0.8190 0.0723 0.3657
v 0.5949 0.3812 0.5384
v 0.6052 0.3942 0.5716
v 0.6199 0.3553 0.5542
v 0.6010 0.3529 0.5148
v 0.6265 0.4146 0.6174
v 0.6463 0.3696 0.5989
v 0.6383 0.3087 0.5269
v 0.6162 0.3126 0.4817
v 0.6692 0.3162 0.5718
v 0.6590 0.4413 0.6719
v 0.6863 0.3936 0.6494
v 0.7140 0.3349 0.6172
v 0.7434 0.2720 0.5823
v 0.6971 0.2587 0.5398
v 0.6407 0.2662 0.4470
v 0.6644 0.2570 0.4953
v 0.6281 0.6111 0.7019
v 0.6092 0.6626 0.6404
v 0.6898 0.7363 0.6801
v 0.7152 0.7014 0.7381
v 0.5730 0.7090 0.5836
v 0.6475 0.7804 0.6222
v 0.7889 0.8216 0.7155
v 0.8191 0.7892 0.7708
v 0.7399 0.8625 0.6594
v 0.5325 0.7571 0.5262
v 0.4979 0.8083 0.4680
v 0.5626 0.8818 0.5029
v 0.6008 0.8286 0.5634
v 0.6458 0.9652 0.5397
v 0.6872 0.9105 0.6012
v 0.8541 1.1471 0.6100
v 0.8967 1.0919 0.6690
v 0.7873 0.9994 0.6371
v 0.7440 1.0547 0.5760
v 0.9515 1.0422 0.7223
v 0.8434 0.9509 0.6935
v 1.0024 0.9999 0.7730
v 1.0337 0.9668 0.8237
v 0.9293 0.8783 0.8004
v 0.8961 0.9103 0.7472
v 0.4793 0.8638 0.4086
v 0.5458 0.9409 0.4396
v 0.4677 0.9203 0.3513
v 0.5392 1.0019 0.3785
v 0.6307 1.0264 0.4734
v 0.6291 1.0899 0.4090
v 0.4544 0.9743 0.2992
v 0.4241 1.0238 0.2535
v 0.5133 1.1148 0.2864
v 0.5313 1.0605 0.3242
v 0.6158 1.2060 0.3138
v 0.6283 1.1510 0.3532
v 0.8304 1.3742 0.3742
v 0.8411 1.3232 0.4161
v 0.7340 1.2406 0.3834
v 0.7246 1.2949 0.3421
v 0.8397 1.2661 0.4751
v 0.7311 1.1796 0.4414
v 0.8396 1.2063 0.5425
v 0.7299 1.1163 0.5082
v 1.0987 1.0881 0.7902
v 1.1205 1.0526 0.8378
v 1.0578 1.1331 0.7435
v 1.1774 1.1705 0.8032
v 1.1858 1.1327 0.8464
v 1.1517 1.2192 0.7616
v 0.9728 1.2387 0.6393
v 1.0113 1.1845 0.6945
v 1.0852 1.3254 0.6670
v 1.1177 1.2725 0.7174
v 1.2331 1.4667 0.7288
v 1.2533 1.4159 0.7715
v 1.2028 1.3513 0.7417
v 1.1769 1.4027 0.6958
v 1.2621 1.3570 0.8067
v 1.2230 1.2956 0.7810
v 1.2561 1.2985 0.8369
v 1.2394 1.2539 0.8591
v 1.2255 1.2035 0.8534
v 1.2312 1.2430 0.8166
v 0.9558 1.2925 0.5749
v 0.9494 1.3442 0.5097
v 1.0646 1.3720 0.6067
v 1.0485 1.4134 0.5454
v 0.9241 1.4366 0.4127
v 0.9425 1.3928 0.4527
v 1.0007 1.4840 0.4559
v 1.0293 1.4502 0.4922
v 1.0830 1.5384 0.5410
v 1.1245 1.5343 0.5728
v 1.0930 1.4964 0.5336
v 1.0552 1.5185 0.5021
v 1.1684 1.5224 0.6211
v 1.1254 1.4729 0.5827
v 1.2047 1.5011 0.6758
v 1.1522 1.4425 0.6398
v 0.2212 0.8453 0.6196
v 0.1775 0.7690 0.5696
v 0.2198 0.7020 0.6404
v 0.2666 0.7747 0.6931
v 0.1535 0.7052 0.5222
v 0.1925 0.6421 0.5894
v 0.2729 0.6381 0.7055
v 0.3253 0.7068 0.7587
v 0.2404 0.5827 0.6520
v 0.1416 0.6491 0.4761
v 0.1344 0.5958 0.4302
v 0.1667 0.5417 0.4880
v 0.1773 0.5904 0.5389
v 0.2051 0.4909 0.5424
v 0.2204 0.5351 0.5980
v 0.2814 0.4022 0.6304
v 0.3066 0.4383 0.6932
v 0.2652 0.4842 0.6503
v 0.2450 0.4441 0.5908
v 0.3369 0.4766 0.7518
v 0.2909 0.5273 0.7073
v 0.3796 0.5199 0.8053
v 0.4541 0.5760 0.8549
v 0.3894 0.6420 0.8135
v 0.3299 0.5772 0.7620
v 0.1999 1.0937 0.3113
v 0.1394 1.0083 0.2961
v 0.1393 0.9660 0.3546
v 0.1902 1.0482 0.3853
v 0.1111 0.9353 0.2744
v 0.1119 0.8921 0.3257
v 0.1415 0.9064 0.4234
v 0.1877 0.9877 0.4619
v 0.1167 0.8354 0.3868
v 0.0970 0.8642 0.2492
v 0.0896 0.7924 0.2226
v 0.0925 0.7550 0.2648
v 0.0991 0.8231 0.2955
v 0.0995 0.7068 0.3154
v 0.1052 0.7703 0.3510
v 0.1185 0.7107 0.4123
v 0.1126 0.6523 0.3717
v 0.1293 0.7713 0.4536
v 0.1964 0.9182 0.5412
v 0.1528 0.8390 0.4962
v 0.6048 1.2553 0.8202
v 0.4899 1.1512 0.7771
v 0.5414 1.0728 0.8524
v 0.6543 1.1772 0.8929
v 0.3835 1.0435 0.7269
v 0.4344 0.9666 0.8029
v 0.6115 0.9968 0.9093
v 0.7210 1.0994 0.9459
v 0.5033 0.8934 0.8634
v 0.2919 0.9392 0.6732
v 0.3405 0.8651 0.7486
v 0.4050 0.7943 0.8123
v 0.5508 0.6835 0.8861
v 0.4768 0.7296 0.8609
v 0.6590 0.7823 0.9217
v 0.5809 0.8294 0.9046
v 0.7702 0.8801 0.9562
v 0.8729 0.9759 0.9840
v 0.7966 1.0297 0.9770
v 0.6908 0.9303 0.9448
v 0.6343 1.4554 0.4567
v 0.5276 1.3721 0.4193
v 0.4885 1.3403 0.4978
v 0.5978 1.4292 0.5378
v 0.4155 1.2783 0.3856
v 0.3782 1.2418 0.4595
v 0.4669 1.2897 0.5901
v 0.5791 1.3847 0.6323
v 0.3591 1.1867 0.5470
v 0.3056 1.1837 0.3525
v 0.2744 1.1423 0.4211
v 0.2631 1.0836 0.5036
v 0.2675 1.0140 0.5896
v 0.3596 1.1188 0.6389
v 0.5805 1.3256 0.7299
v 0.4662 1.2251 0.6864
v 1.0499 1.5303 0.8713
v 0.9484 1.4895 0.8798
v 0.9777 1.4240 0.9358
v 1.0724 1.4697 0.9214
v 0.8379 1.4278 0.8731
v 0.8750 1.3571 0.9353
v 1.0070 1.3511 0.9743
v 1.0885 1.3995 0.9563
v 0.9188 1.2814 0.9788
v 0.7221 1.3486 0.8528
v 0.7664 1.2734 0.9208
v 0.8235 1.1959 0.9692
v 0.9555 1.0683 0.9998
v 0.8883 1.1246 0.9961
v 1.0214 1.1530 1.0028
v 0.9680 1.2100 1.0017
v 1.0743 1.2254 0.9928
v 1.1090 1.2753 0.9765
v 1.1011 1.3291 0.9737
v 1.0376 1.2807 0.9935
v 0.9373 1.5958 0.6187
v 0.8835 1.5876 0.5891
v 0.8777 1.5847 0.6547
v 0.9548 1.6008 0.6701
v 0.8100 1.5627 0.5475
v 0.7921 1.5518 0.6220
v 0.8921 1.5696 0.7309
v 0.9831 1.5944 0.7383
v 0.7933 1.5258 0.7073
v 0.7277 1.5188 0.5014
v 0.6989 1.4998 0.5811
v 0.6883 1.4638 0.6729
v 0.6961 1.4128 0.7668
v 0.8096 1.4842 0.7940
v 1.0174 1.5713 0.8078
v 0.9178 1.5378 0.8088
v 0.7113 0.6809 0.7973
v 0.6318 0.6054 0.7762
v 0.8158 0.7670 0.8269
v 0.6797 0.6710 0.8479
v 0.6002 0.5956 0.8275
v 0.7842 0.7566 0.8759
v 1.0293 0.9446 0.8775
v 0.9266 0.8559 0.8551
v 0.9963 0.9366 0.9270
v 0.8948 0.8464 0.9041
v 0.8404 0.8533 0.9401
v 0.9419 0.9460 0.9650
v 0.7294 0.7599 0.9097
v 0.5429 0.5855 0.8580
v 0.6223 0.6679 0.8797
v 0.6893 1.3384 0.3253
v 0.7942 1.4161 0.3577
v 0.5795 1.2507 0.2986
v 0.6379 1.3679 0.3327
v 0.7426 1.4457 0.3662
v 0.5278 1.2806 0.3061
v 0.3931 1.0922 0.2525
v 0.4760 1.1627 0.2744
v 0.3407 1.1254 0.2628
v 0.4237 1.1948 0.2833
v 0.3612 1.2015 0.3079
v 0.2758 1.1300 0.2820
v 0.4692 1.2904 0.3348
v 0.6859 1.4598 0.3994
v 0.5808 1.3802 0.3641
v 1.2482 1.3303 0.8705
v 1.2282 1.2595 0.8886
v 1.2594 1.3983 0.8438
v 1.2148 1.3444 0.9092
v 1.1961 1.2658 0.9260
v 1.2237 1.4195 0.8855
v 1.2392 1.5132 0.7688
v 1.2564 1.4617 0.8105
v 1.2046 1.5404 0.8098
v 1.2210 1.4870 0.8526
v 1.1566 1.4903 0.8917
v 1.1383 1.5466 0.8459
v 1.1637 1.4211 0.9247
v 1.1505 1.2715 0.9581
v 1.1630 1.3471 0.9446
v 1.1096 1.0304 0.8900
v 1.1679 1.1117 0.8952
v 1.0736 1.0238 0.9393
v 1.1300 1.1076 0.9423
v 1.2044 1.1874 0.8957
v 1.1694 1.1875 0.9374
v 1.1221 1.1972 0.9719
v 1.0784 1.1201 0.9805
v 1.0198 1.0356 0.9783
v 1.0122 1.5443 0.4977
v 1.0620 1.5606 0.5516
v 0.9561 1.5160 0.4459
v 0.9659 1.5674 0.5136
v 1.0222 1.5822 0.5719
v 0.9035 1.5423 0.4591
v 0.8832 1.4744 0.3984
v 0.8301 1.5028 0.4092
v 0.7749 1.5187 0.4438
v 0.8510 1.5587 0.4932
v 0.9752 1.5943 0.5971
v 0.9179 1.5819 0.5431
v 1.2081 1.5452 0.7165
v 1.1658 1.5617 0.6600
v 1.1719 1.5730 0.7559
v 1.1279 1.5885 0.6956
v 1.1151 1.5667 0.6053
v 1.0770 1.5904 0.6333
v 1.0224 1.6023 0.6590
v 1.0643 1.6000 0.7241
v 1.1052 1.5824 0.7882
v 0.4226 0.6414 0.3696
v 0.4213 0.6643 0.3869
v 0.4460 0.6230 0.4262
v 0.4394 0.6057 0.3878
v 0.4304 0.7004 0.4099
v 0.4592 0.6551 0.4589
v 0.4751 0.5799 0.4623
v 0.4663 0.5604 0.4122
v 0.4923 0.6108 0.5052
v 0.4549 0.7481 0.4370
v 0.4867 0.6995 0.4918
v 0.5231 0.6532 0.5451
v 0.5831 0.5674 0.6369
v 0.5571 0.6088 0.5960
v 0.5543 0.5323 0.5826
v 0.5255 0.5694 0.5478
v 0.5351 0.5017 0.5272
v 0.5254 0.4756 0.4656
v 0.4967 0.5158 0.4391
v 0.5063 0.5385 0.4970
v 0.3801 0.7282 0.2034
v 0.3725 0.7934 0.2173
v 0.3793 0.7642 0.2534
v 0.3885 0.7013 0.2417
v 0.3789 0.8604 0.2295
v 0.3862 0.8281 0.2664
v 0.3891 0.7320 0.2965
v 0.3983 0.6761 0.2868
v 0.3963 0.7884 0.3108
v 0.3959 0.9326 0.2412
v 0.4087 0.8974 0.2807
v 0.4214 0.8502 0.3288
v 0.4349 0.7993 0.3818
v 0.4102 0.7454 0.3596
v 0.4103 0.6550 0.3336
v 0.4027 0.6996 0.3422
v 0.4298 1.0448 0.1081
v 0.4614 1.0163 0.0426
v 0.5383 1.1034 0.0481
v 0.5200 1.1387 0.1069
v 0.4754 0.9857 -0.0301
v 0.5469 1.0699 -0.0274
v 0.6364 1.1968 0.0525
v 0.6241 1.2319 0.1122
v 0.6376 1.1619 -0.0246
v 0.4873 0.9548 -0.1079
v 0.5059 0.9260 -0.1860
v 0.5710 1.0065 -0.1921
v 0.5540 1.0368 -0.1097
v 0.6545 1.0970 -0.1956
v 0.6393 1.1280 -0.1099
v 0.8636 1.2913 -0.1933
v 0.8504 1.3200 -0.1075
v 0.7395 1.2239 -0.1092
v 0.7531 1.1933 -0.1961
v 0.8517 1.3494 -0.0213
v 0.7411 1.2567 -0.0219
v 0.8541 1.3794 0.0562
v 0.8442 1.4104 0.1157
v 0.7353 1.3244 0.1169
v 0.7442 1.2904 0.0564
v 0.5401 0.9018 -0.2592
v 0.6091 0.9813 -0.2681
v 0.5797 0.8809 -0.3287
v 0.6551 0.9605 -0.3395
v 0.6957 1.0708 -0.2733
v 0.7479 1.0498 -0.3445
v 0.6145 0.8620 -0.3956
v 0.6312 0.8408 -0.4667
v 0.7203 0.9360 -0.4722
v 0.6964 0.9437 -0.4074
v 0.8250 1.0276 -0.4735
v 0.7959 1.0347 -0.4110
v 1.0375 1.2082 -0.4602
v 1.0075 1.2189 -0.4008
v 0.9028 1.1275 -0.4092
v 0.9349 1.1194 -0.4701
v 0.9579 1.2381 -0.3379
v 0.8509 1.1436 -0.3443
v 0.9048 1.2631 -0.2694
v 0.7957 1.1660 -0.2739
v 0.9592 1.4585 0.0488
v 0.9421 1.4838 0.1037
v 0.9641 1.4352 -0.0240
v 1.0495 1.5277 0.0343
v 1.0226 1.5454 0.0821
v 1.0661 1.5133 -0.0308
v 0.9827 1.3868 -0.1868
v 0.9684 1.4119 -0.1054
v 1.0956 1.4768 -0.1806
v 1.0789 1.4977 -0.1054
v 1.2440 1.6306 -0.1850
v 1.2216 1.6436 -0.1206
v 1.1682 1.5755 -0.1096
v 1.1876 1.5590 -0.1786
v 1.1901 1.6439 -0.0592
v 1.1455 1.5830 -0.0427
v 1.1490 1.6374 -0.0080
v 1.1083 1.6294 0.0240
v 1.0796 1.5958 0.0527
v 1.1157 1.5870 0.0137
v 1.0184 1.3577 -0.2590
v 1.0622 1.3290 -0.3243
v 1.1238 1.4469 -0.2480
v 1.1539 1.4143 -0.3094
v 1.1209 1.2912 -0.4420
v 1.1008 1.3054 -0.3845
v 1.1825 1.3668 -0.4206
v 1.1764 1.3853 -0.3664
v 1.2333 1.4819 -0.3874
v 1.2513 1.5145 -0.3501
v 1.2279 1.4561 -0.3520
v 1.2200 1.4338 -0.4008
v 1.2609 1.5572 -0.3000
v 1.2232 1.4913 -0.2991
v 1.2578 1.5988 -0.2449
v 1.2079 1.5282 -0.2416
v 0.2307 1.0158 -0.3165
v 0.1872 0.9259 -0.3000
v 0.1640 0.9582 -0.2015
v 0.2074 1.0490 -0.2126
v 0.1633 0.8487 -0.2808
v 0.1406 0.8795 -0.1884
v 0.1533 0.9897 -0.1026
v 0.1993 1.0800 -0.1071
v 0.1285 0.9103 -0.0968
v 0.1514 0.7794 -0.2598
v 0.1439 0.7129 -0.2374
v 0.1234 0.7392 -0.1586
v 0.1296 0.8081 -0.1739
v 0.1106 0.7658 -0.0814
v 0.1169 0.8371 -0.0895
v 0.0993 0.8091 0.0465
v 0.1072 0.8844 0.0510
v 0.1103 0.8635 -0.0125
v 0.1034 0.7899 -0.0112
v 0.1214 0.9589 0.0569
v 0.1235 0.9381 -0.0126
v 0.1497 1.0342 0.0663
v 0.2100 1.1190 0.0856
v 0.2017 1.1051 -0.0068
v 0.1507 1.0170 -0.0098
v 0.4507 0.8776 -0.6250
v 0.3761 0.8067 -0.5997
v 0.3301 0.8388 -0.5454
v 0.3897 0.9179 -0.5686
v 0.3341 0.7451 -0.5671
v 0.2918 0.7709 -0.5142
v 0.2769 0.8679 -0.4745
v 0.3291 0.9514 -0.4973
v 0.2447 0.7958 -0.4466
v 0.3048 0.6855 -0.5283
v 0.2808 0.6265 -0.4847
v 0.2471 0.6470 -0.4388
v 0.2668 0.7079 -0.4784
v 0.2101 0.6676 -0.3804
v 0.2251 0.7304 -0.4150
v 0.1850 0.7538 -0.3411
v 0.1743 0.6893 -0.3123
v 0.2000 0.8213 -0.3679
v 0.2737 0.9836 -0.4123
v 0.2270 0.8964 -0.3918
v 0.6144 1.4711 -0.3455
v 0.4994 1.3586 -0.3453
v 0.4772 1.3906 -0.2314
v 0.5918 1.5008 -0.2340
v 0.3930 1.2399 -0.3398
v 0.3705 1.2732 -0.2273
v 0.4789 1.4123 -0.1155
v 0.5918 1.5176 -0.1198
v 0.3709 1.2990 -0.1129
v 0.3013 1.1230 -0.3301
v 0.2784 1.1567 -0.2211
v 0.2748 1.1857 -0.1104
v 0.3165 1.2189 0.0767
v 0.2859 1.2070 -0.0064
v 0.4272 1.3207 0.0773
v 0.3902 1.3155 -0.0075
v 0.5404 1.4221 0.0778
v 0.6489 1.5153 0.0718
v 0.6117 1.5221 -0.0141
v 0.5011 1.4230 -0.0086
v 0.8760 1.2791 -0.6047
v 0.7734 1.1836 -0.6136
v 0.6950 1.2245 -0.5848
v 0.8008 1.3255 -0.5777
v 0.6610 1.0842 -0.6167
v 0.5842 1.1194 -0.5846
v 0.6173 1.2706 -0.5270
v 0.7268 1.3771 -0.5222
v 0.5086 1.1599 -0.5235
v 0.5507 0.9839 -0.6184
v 0.4784 1.0144 -0.5805
v 0.4095 1.0511 -0.5136
v 0.3477 1.0875 -0.4289
v 0.4419 1.2011 -0.4403
v 0.6620 1.4278 -0.4433
v 0.5491 1.3169 -0.4454
v 1.0597 1.7446 -0.2888
v 0.9582 1.7102 -0.3117
v 0.9315 1.7285 -0.2266
v 1.0322 1.7592 -0.2133
v 0.8475 1.6507 -0.3287
v 0.8224 1.6730 -0.2333
v 0.9095 1.7285 -0.1418
v 1.0022 1.7549 -0.1391
v 0.8089 1.6785 -0.1367
v 0.7317 1.5698 -0.3400
v 0.7080 1.5960 -0.2352
v 0.7024 1.6073 -0.1281
v 0.7452 1.5926 0.0529
v 0.7148 1.6055 -0.0287
v 0.8305 1.6521 0.0265
v 0.8104 1.6702 -0.0472
v 0.9060 1.6920 -0.0024
v 0.9608 1.7113 -0.0265
v 0.9770 1.7353 -0.0726
v 0.8980 1.7140 -0.0649
v 1.1051 1.5466 -0.4871
v 1.0714 1.5071 -0.5211
v 1.0370 1.5588 -0.5000
v 1.0988 1.5953 -0.4638
v 1.0205 1.4450 -0.5573
v 0.9692 1.4976 -0.5340
v 1.0094 1.6170 -0.4545
v 1.0893 1.6542 -0.4200
v 0.9227 1.5551 -0.4845
v 0.9569 1.3676 -0.5856
v 0.8914 1.4181 -0.5603
v 0.8285 1.4736 -0.5076
v 0.7737 1.5265 -0.4325
v 0.8815 1.6088 -0.4143
v 1.0775 1.7067 -0.3597
v 0.9836 1.6703 -0.3897
v 0.4831 1.1764 0.1386
v 0.3988 1.1044 0.1362
v 0.5884 1.2661 0.1455
v 0.4320 1.2068 0.1444
v 0.3474 1.1358 0.1411
v 0.5376 1.2947 0.1515
v 0.8088 1.4423 0.1479
v 0.7005 1.3574 0.1505
v 0.7575 1.4725 0.1519
v 0.6500 1.3865 0.1561
v 0.5933 1.4090 0.1323
v 0.7010 1.4977 0.1268
v 0.4800 1.3135 0.1295
v 0.2841 1.1443 0.1266
v 0.3707 1.2199 0.1254
v 0.9311 1.1208 -0.5290
v 1.0323 1.2088 -0.5184
v 0.8202 1.0307 -0.5333
v 0.8982 1.1319 -0.5778
v 0.9988 1.2208 -0.5671
v 0.7872 1.0417 -0.5825
v 0.6327 0.8669 -0.5363
v 0.7144 0.9424 -0.5339
v 0.5990 0.8807 -0.5876
v 0.6810 0.9552 -0.5845
v 0.6223 0.9667 -0.6162
v 0.5400 0.8859 -0.6209
v 0.7314 1.0589 -0.6133
v 0.9443 1.2442 -0.5986
v 0.8435 1.1527 -0.6087
v 1.1407 1.6800 -0.0254
v 1.0887 1.6544 0.0233
v 1.1882 1.6954 -0.0798
v 1.1025 1.7127 -0.0420
v 1.0492 1.6821 0.0128
v 1.1497 1.7337 -0.1022
v 1.2500 1.6888 -0.2038
v 1.2253 1.7002 -0.1410
v 1.2151 1.7299 -0.2303
v 1.1886 1.7410 -0.1661
v 1.1211 1.7620 -0.1917
v 1.1485 1.7497 -0.2602
v 1.0850 1.7551 -0.1240
v 1.0008 1.7024 -0.0063
v 1.0466 1.7330 -0.0614
v 0.9020 1.5131 0.1318
v 0.9788 1.5712 0.1042
v 0.8490 1.5432 0.1329
v 0.9263 1.6003 0.1017
v 1.0379 1.6182 0.0672
v 0.9917 1.6457 0.0613
v 0.9424 1.6697 0.0388
v 0.8730 1.6281 0.0760
v 0.7934 1.5708 0.1066
v 1.1976 1.4348 -0.4462
v 1.2206 1.4980 -0.4126
v 1.1638 1.3660 -0.4737
v 1.1626 1.4506 -0.4847
v 1.1883 1.5179 -0.4447
v 1.1261 1.3800 -0.5190
v 1.1093 1.2906 -0.4988
v 1.0732 1.3035 -0.5470
v 1.0199 1.3293 -0.5785
v 1.0756 1.4060 -0.5496
v 1.1444 1.5356 -0.4720
v 1.1169 1.4729 -0.5129
v 1.2604 1.6559 -0.2632
v 1.2575 1.6091 -0.3185
v 1.2251 1.6956 -0.2917
v 1.2221 1.6447 -0.3485
v 1.2424 1.5562 -0.3692
v 1.2089 1.5840 -0.3994
v 1.1586 1.6004 -0.4306
v 1.1631 1.6616 -0.3835
v 1.1611 1.7138 -0.3254
v 0.4295 0.7407 -0.1465
v 0.4282 0.7667 -0.1566
v 0.4115 0.7831 -0.0984
v 0.4189 0.7407 -0.1045
v 0.4375 0.8069 -0.1677
v 0.4188 0.8300 -0.1008
v 0.3998 0.7972 -0.0386
v 0.4089 0.7438 -0.0482
v 0.4061 0.8527 -0.0344
v 0.4624 0.8598 -0.1778
v 0.4432 0.8864 -0.1045
v 0.4300 0.9144 -0.0319
v 0.4036 0.9597 0.0897
v 0.4172 0.9411 0.0354
v 0.3891 0.8915 0.0782
v 0.3968 0.8742 0.0272
v 0.3847 0.8270 0.0687
v 0.3927 0.7626 0.0595
v 0.4008 0.7515 0.0089
v 0.3914 0.8125 0.0191
v 0.5232 0.6314 -0.2933
v 0.5336 0.6780 -0.3417
v 0.5072 0.6977 -0.3038
v 0.4973 0.6560 -0.2565
v 0.5541 0.7257 -0.3826
v 0.5275 0.7439 -0.3411
v 0.4781 0.7202 -0.2585
v 0.4692 0.6846 -0.2165
v 0.4962 0.7632 -0.2892
v 0.5846 0.7769 -0.4209
v 0.5608 0.7970 -0.3726
v 0.5284 0.8160 -0.3123
v 0.4932 0.8366 -0.2472
v 0.4647 0.7845 -0.2310
v 0.4446 0.7155 -0.1771
v 0.4509 0.7444 -0.2097
v 0.7004 0.7380 -0.5227
v 0.7443 0.6727 -0.5059
v 0.8397 0.7357 -0.5287
v 0.8130 0.7996 -0.5462
v 0.7758 0.5976 -0.4993
v 0.8666 0.6564 -0.5236
v 0.9547 0.8059 -0.5442
v 0.9326 0.8712 -0.5581
v 0.9756 0.7237 -0.5425
v 0.8076 0.5178 -0.4948
v 0.8459 0.4403 -0.4880
v 0.9338 0.4897 -0.5160
v 0.8956 0.5714 -0.5216
v 1.0389 0.5501 -0.5402
v 1.0012 0.6350 -0.5440
v 1.2835 0.6943 -0.5711
v 1.2465 0.7782 -0.5718
v 1.1197 0.7051 -0.5611
v 1.1568 0.6192 -0.5590
v 1.2214 0.8656 -0.5647
v 1.0957 0.7951 -0.5562
v 1.2013 0.9461 -0.5606
v 1.1798 1.0094 -0.5701
v 1.0573 0.9444 -0.5653
v 1.0773 0.8785 -0.5543
v 0.8969 0.3719 -0.4739
v 0.9885 0.4195 -0.5002
v 0.9521 0.3094 -0.4579
v 1.0495 0.3570 -0.4816
v 1.0962 0.4791 -0.5226
v 1.1618 0.4182 -0.5007
v 1.0032 0.2491 -0.4454
v 1.0406 0.1806 -0.4434
v 1.1521 0.2443 -0.4702
v 1.1068 0.2985 -0.4678
v 1.2727 0.3131 -0.4836
v 1.2242 0.3637 -0.4842
v 1.5084 0.4625 -0.4999
v 1.4621 0.5119 -0.5047
v 1.3458 0.4358 -0.4957
v 1.3955 0.3867 -0.4922
v 1.4020 0.5647 -0.5259
v 1.2816 0.4883 -0.5154
v 1.3390 0.6243 -0.5520
v 1.2148 0.5482 -0.5401
v 1.3208 1.0015 -0.5646
v 1.2932 1.0566 -0.5755
v 1.3473 0.9299 -0.5682
v 1.4274 1.0431 -0.5717
v 1.3920 1.0864 -0.5846
v 1.4636 0.9847 -0.5730
v 1.4145 0.7728 -0.5752
v 1.3772 0.8508 -0.5752
v 1.5385 0.8470 -0.5788
v 1.5004 0.9172 -0.5789
v 1.7215 0.9517 -0.6149
v 1.6804 1.0076 -0.6159
v 1.6052 0.9713 -0.5899
v 1.6446 0.9092 -0.5895
v 1.6281 1.0528 -0.6132
v 1.5606 1.0265 -0.5860
v 1.5701 1.0838 -0.6142
v 1.5202 1.0981 -0.6203
v 1.4710 1.0991 -0.6010
v 1.5135 1.0695 -0.5869
v 1.4634 0.7047 -0.5572
v 1.5160 0.6441 -0.5328
v 1.5789 0.7810 -0.5628
v 1.6171 0.7190 -0.5417
v 1.6002 0.5378 -0.5110
v 1.5643 0.5893 -0.5135
v 1.6703 0.6073 -0.5272
v 1.6488 0.6609 -0.5262
v 1.7426 0.7043 -0.5758
v 1.7536 0.7558 -0.5779
v 1.7122 0.7197 -0.5469
v 1.7185 0.6657 -0.5508
v 1.7563 0.8214 -0.5881
v 1.6992 0.7810 -0.5584
v 1.7462 0.8882 -0.6031
v 1.6763 0.8449 -0.5758
v 0.7196 0.3213 -0.7598
v 0.6415 0.2803 -0.7102
v 0.5925 0.3745 -0.7149
v 0.6684 0.4205 -0.7633
v 0.5823 0.2521 -0.6572
v 0.5361 0.3404 -0.6629
v 0.5525 0.4717 -0.7115
v 0.6277 0.5234 -0.7560
v 0.4981 0.4310 -0.6626
v 0.5336 0.2323 -0.6004
v 0.4868 0.2167 -0.5392
v 0.4500 0.2914 -0.5500
v 0.4913 0.3142 -0.6080
v 0.4177 0.3674 -0.5541
v 0.4558 0.3976 -0.6098
v 0.3662 0.5004 -0.5492
v 0.4006 0.5447 -0.6019
v 0.4258 0.4766 -0.6073
v 0.3900 0.4389 -0.5532
v 0.4391 0.5909 -0.6490
v 0.4664 0.5171 -0.6574
v 0.4879 0.6427 -0.6874
v 0.5628 0.7128 -0.7122
v 0.5942 0.6223 -0.7394
v 0.5189 0.5650 -0.7015
v 0.9778 0.0356 -0.6327
v 0.8784 0.0055 -0.6123
v 0.8299 0.0589 -0.6453
v 0.9195 0.0921 -0.6799
v 0.8055 -0.0075 -0.5768
v 0.7570 0.0425 -0.6024
v 0.7672 0.1227 -0.6740
v 0.8526 0.1571 -0.7159
v 0.6986 0.1029 -0.6251
v 0.7408 -0.0119 -0.5311
v 0.6778 -0.0112 -0.4774
v 0.6287 0.0338 -0.4876
v 0.6928 0.0354 -0.5498
v 0.5756 0.0880 -0.5001
v 0.6379 0.0926 -0.5675
v 0.5837 0.1584 -0.5857
v 0.5285 0.1489 -0.5200
v 0.6384 0.1728 -0.6440
v 0.7834 0.2335 -0.7432
v 0.7020 0.1965 -0.6961
v 1.2228 0.6078 -0.9016
v 1.0851 0.5273 -0.8800
v 1.0301 0.6341 -0.8789
v 1.1674 0.7116 -0.8996
v 0.9498 0.4495 -0.8474
v 0.8955 0.5560 -0.8477
v 0.9891 0.7425 -0.8556
v 1.1240 0.8155 -0.8742
v 0.8559 0.6649 -0.8289
v 0.8251 0.3793 -0.8064
v 0.7722 0.4829 -0.8084
v 0.7320 0.5898 -0.7954
v 0.6952 0.7737 -0.7336
v 0.7032 0.6907 -0.7701
v 0.8258 0.8469 -0.7499
v 0.8315 0.7655 -0.7951
v 0.9576 0.9214 -0.7639
v 1.0848 0.9860 -0.7762
v 1.0954 0.9101 -0.8311
v 0.9644 0.8417 -0.8156
v 1.4706 0.3455 -0.6953
v 1.3540 0.2681 -0.6828
v 1.2944 0.2978 -0.7486
v 1.4167 0.3768 -0.7640
v 1.2254 0.1916 -0.6706
v 1.1633 0.2215 -0.7303
v 1.2249 0.3541 -0.8079
v 1.3534 0.4347 -0.8263
v 1.0917 0.2783 -0.7832
v 1.0976 0.1163 -0.6561
v 1.0345 0.1497 -0.7078
v 0.9642 0.2108 -0.7525
v 0.8917 0.2880 -0.7865
v 1.0178 0.3556 -0.8241
v 1.2867 0.5136 -0.8747
v 1.1526 0.4322 -0.8541
v 1.6652 0.8852 -0.8416
v 1.5800 0.8280 -0.8802
v 1.5284 0.9029 -0.8805
v 1.6157 0.9503 -0.8430
v 1.4747 0.7609 -0.9025
v 1.4214 0.8469 -0.9016
v 1.4735 0.9693 -0.8645
v 1.5573 1.0039 -0.8316
v 1.3703 0.9277 -0.8810
v 1.3542 0.6866 -0.9094
v 1.2995 0.7828 -0.9076
v 1.2525 0.8768 -0.8834
v 1.2014 1.0293 -0.7876
v 1.2180 0.9615 -0.8418
v 1.3054 1.0548 -0.7941
v 1.3289 0.9984 -0.8439
v 1.3947 1.0665 -0.7917
v 1.4570 1.0674 -0.7837
v 1.4999 1.0443 -0.8085
v 1.4246 1.0239 -0.8341
v 1.7097 0.6275 -0.7316
v 1.6818 0.5719 -0.7318
v 1.6657 0.6090 -0.7836
v 1.7139 0.6705 -0.7645
v 1.6321 0.4995 -0.7252
v 1.6016 0.5356 -0.7864
v 1.6467 0.6712 -0.8283
v 1.7106 0.7353 -0.8002
v 1.5654 0.5970 -0.8398
v 1.5625 0.4233 -0.7112
v 1.5189 0.4571 -0.7782
v 1.4673 0.5169 -0.8380
v 1.4113 0.5957 -0.8839
v 1.5229 0.6747 -0.8802
v 1.6955 0.8102 -0.8266
v 1.6187 0.7475 -0.8616
v 0.7841 0.8384 -0.5853
v 0.6860 0.7869 -0.5762
v 0.9030 0.9092 -0.5934
v 0.7526 0.8486 -0.6356
v 0.6545 0.7974 -0.6276
v 0.8712 0.9184 -0.6423
v 1.1501 1.0453 -0.6042
v 1.0279 0.9820 -0.5991
v 1.1194 1.0534 -0.6550
v 0.9967 0.9911 -0.6483
v 0.9708 0.9710 -0.7056
v 1.0953 1.0337 -0.7149
v 0.8423 0.8978 -0.6967
v 0.6134 0.7767 -0.6750
v 0.7173 0.8266 -0.6869
v 1.4189 0.3375 -0.5157
v 1.5301 0.4131 -0.5234
v 1.2964 0.2638 -0.5094
v 1.4183 0.2960 -0.5597
v 1.5295 0.3717 -0.5683
v 1.2957 0.2223 -0.5540
v 1.0829 0.1366 -0.4875
v 1.1771 0.1952 -0.5001
v 1.0834 0.0952 -0.5359
v 1.1772 0.1537 -0.5470
v 1.1479 0.1225 -0.6008
v 1.0519 0.0596 -0.5858
v 1.2708 0.1950 -0.6098
v 1.5089 0.3465 -0.6279
v 1.3961 0.2703 -0.6177
v 1.5882 1.0892 -0.6577
v 1.5148 1.1061 -0.6509
v 1.6565 1.0613 -0.6609
v 1.5781 1.0841 -0.7099
v 1.4989 1.1034 -0.6981
v 1.6509 1.0541 -0.7196
v 1.7580 0.9668 -0.6627
v 1.7151 1.0202 -0.6642
v 1.7582 0.9584 -0.7230
v 1.7131 1.0123 -0.7247
v 1.6787 0.9879 -0.7877
v 1.7259 0.9299 -0.7859
v 1.6171 1.0336 -0.7799
v 1.4766 1.0879 -0.7475
v 1.5499 1.0668 -0.7637
v 1.2604 1.0868 -0.6114
v 1.3577 1.1090 -0.6219
v 1.2296 1.0921 -0.6641
v 1.3283 1.1110 -0.6749
v 1.4402 1.1141 -0.6370
v 1.4168 1.1136 -0.6863
v 1.3969 1.0970 -0.7402
v 1.3081 1.0927 -0.7350
v 1.2076 1.0729 -0.7256
v 1.7211 0.6236 -0.5798
v 1.7500 0.6886 -0.6037
v 1.6784 0.5585 -0.5553
v 1.7164 0.5922 -0.6248
v 1.7463 0.6653 -0.6482
v 1.6739 0.5200 -0.6028
v 1.6158 0.4875 -0.5366
v 1.6132 0.4465 -0.5833
v 1.5947 0.4225 -0.6440
v 1.6573 0.4973 -0.6618
v 1.7302 0.6425 -0.6959
v 1.7010 0.5706 -0.6772
v 1.7794 0.9024 -0.6518
v 1.7827 0.8316 -0.6362
v 1.7796 0.8916 -0.7118
v 1.7818 0.8175 -0.6938
v 1.7717 0.7591 -0.6214
v 1.7694 0.7412 -0.6719
v 1.7493 0.7132 -0.7234
v 1.7567 0.7848 -0.7519
v 1.7504 0.8596 -0.7734
v 0.6701 0.3604 -0.3319
v 0.6956 0.3667 -0.3810
v 0.6604 0.4312 -0.3896
v 0.6361 0.4221 -0.3425
v 0.7307 0.3808 -0.4223
v 0.6943 0.4492 -0.4299
v 0.6321 0.4950 -0.3971
v 0.6094 0.4825 -0.3557
v 0.6642 0.5180 -0.4349
v 0.7796 0.4046 -0.4573
v 0.7420 0.4776 -0.4646
v 0.7103 0.5518 -0.4692
v 0.6521 0.6767 -0.4763
v 0.6805 0.6214 -0.4740
v 0.6186 0.6331 -0.4386
v 0.6394 0.5815 -0.4381
v 0.5967 0.5977 -0.4061
v 0.5865 0.5730 -0.3821
v 0.5930 0.5359 -0.3706
v 0.6122 0.5522 -0.4039
v 0.8184 0.1914 -0.3238
v 0.8490 0.1832 -0.3432
v 0.8181 0.2143 -0.3529
v 0.7888 0.2141 -0.3216
v 0.8959 0.1780 -0.3702
v 0.8624 0.2159 -0.3837
v 0.7783 0.2555 -0.3611
v 0.7494 0.2527 -0.3207
v 0.8198 0.2632 -0.3970
v 0.9564 0.1776 -0.4027
v 0.9229 0.2245 -0.4159
v 0.8766 0.2796 -0.4296
v 0.8266 0.3391 -0.4445
v 0.7742 0.3185 -0.4106
v 0.7089 0.3027 -0.3244
v 0.7362 0.3072 -0.3710
v 1.0791 0.0957 -0.3426
v 1.0793 0.0866 -0.2623
v 1.1922 0.1186 -0.2642
v 1.2049 0.1300 -0.3340
v 1.0701 0.0617 -0.1850
v 1.1788 0.0891 -0.1867
v 1.3200 0.1645 -0.2581
v 1.3352 0.1806 -0.3252
v 1.3023 0.1292 -0.1830
v 1.0604 0.0326 -0.1050
v 1.0561 0.0079 -0.0226
v 1.1607 0.0266 -0.0198
v 1.1662 0.0546 -0.1052
v 1.2811 0.0580 -0.0145
v 1.2872 0.0892 -0.1015
v 1.5495 0.1546 0.0034
v 1.5544 0.1882 -0.0814
v 1.4184 0.1344 -0.0936
v 1.4122 0.1010 -0.0068
v 1.5668 0.2326 -0.1601
v 1.4337 0.1784 -0.1743
v 1.5818 0.2720 -0.2318
v 1.5946 0.2911 -0.2956
v 1.4680 0.2371 -0.3134
v 1.4522 0.2177 -0.2479
v 1.0628 -0.0033 0.0618
v 1.1688 0.0167 0.0686
v 1.0749 -0.0092 0.1445
v 1.1840 0.0143 0.1554
v 1.2901 0.0496 0.0768
v 1.3081 0.0516 0.1663
v 1.0862 -0.0178 0.2222
v 1.0878 -0.0421 0.2958
v 1.2156 -0.0104 0.3011
v 1.2001 0.0090 0.2358
v 1.3467 0.0368 0.3129
v 1.3285 0.0515 0.2475
v 1.6039 0.1454 0.3282
v 1.5889 0.1567 0.2635
v 1.4606 0.1025 0.2581
v 1.4790 0.0912 0.3240
v 1.5716 0.1527 0.1830
v 1.4393 0.0987 0.1762
v 1.5569 0.1474 0.0940
v 1.4212 0.0937 0.0855
v 1.7016 0.3212 -0.2082
v 1.7070 0.3338 -0.2697
v 1.6952 0.2881 -0.1395
v 1.8071 0.3583 -0.1824
v 1.8022 0.3616 -0.2398
v 1.8128 0.3355 -0.1177
v 1.6881 0.2176 0.0160
v 1.6901 0.2488 -0.0646
v 1.8192 0.2775 0.0280
v 1.8173 0.3046 -0.0471
v 2.0244 0.3372 0.0389
v 2.0147 0.3559 -0.0272
v 1.9281 0.3442 -0.0333
v 1.9342 0.3215 0.0366
v 1.9901 0.3698 -0.0903
v 1.9132 0.3656 -0.0993
v 1.9568 0.3723 -0.1471
v 1.9254 0.3639 -0.1883
v 1.8779 0.3705 -0.2105
v 1.8935 0.3765 -0.1591
v 1.6916 0.2090 0.1012
v 1.6983 0.2102 0.1846
v 1.8176 0.2662 0.1062
v 1.8137 0.2610 0.1816
v 1.7130 0.1926 0.3195
v 1.7062 0.2089 0.2594
v 1.8047 0.2281 0.3009
v 1.8086 0.2514 0.2484
v 1.9235 0.2506 0.2519
v 1.9541 0.2770 0.2183
v 1.8925 0.2765 0.2327
v 1.8775 0.2473 0.2758
v 1.9875 0.3019 0.1664
v 1.9120 0.2949 0.1750
v 2.0131 0.3206 0.1051
v 1.9274 0.3075 0.1078
v 1.0313 -0.3101 -0.0919
v 0.9303 -0.3052 -0.0888
v 0.9314 -0.2722 -0.1897
v 1.0324 -0.2742 -0.1976
v 0.8489 -0.2876 -0.0833
v 0.8499 -0.2575 -0.1787
v 0.9375 -0.2289 -0.2855
v 1.0383 -0.2248 -0.2968
v 0.8559 -0.2194 -0.2694
v 0.7791 -0.2616 -0.0763
v 0.7128 -0.2309 -0.0690
v 0.7132 -0.2061 -0.1508
v 0.7797 -0.2341 -0.1653
v 0.7180 -0.1761 -0.2290
v 0.7852 -0.2004 -0.2502
v 0.7320 -0.1156 -0.3613
v 0.7983 -0.1305 -0.3930
v 0.7923 -0.1644 -0.3272
v 0.7250 -0.1447 -0.3002
v 0.8673 -0.1389 -0.4218
v 0.8631 -0.1780 -0.3518
v 0.9440 -0.1352 -0.4461
v 1.0436 -0.1057 -0.4646
v 1.0442 -0.1680 -0.3861
v 0.9440 -0.1805 -0.3730
v 1.0648 -0.2912 0.3131
v 0.9640 -0.3100 0.2872
v 0.9621 -0.3218 0.2075
v 1.0626 -0.3156 0.2215
v 0.8854 -0.3026 0.2673
v 0.8798 -0.3104 0.1930
v 0.9508 -0.3274 0.1140
v 1.0515 -0.3277 0.1224
v 0.8684 -0.3121 0.1066
v 0.8129 -0.2816 0.2478
v 0.7419 -0.2527 0.2274
v 0.7369 -0.2566 0.1653
v 0.8070 -0.2871 0.1794
v 0.7280 -0.2551 0.0927
v 0.7967 -0.2865 0.1000
v 0.7860 -0.2785 0.0134
v 0.7189 -0.2469 0.0134
v 0.8566 -0.3052 0.0132
v 1.0394 -0.3269 0.0164
v 0.9385 -0.3227 0.0138
v 1.6131 -0.1812 -0.0726
v 1.4607 -0.2321 -0.0816
v 1.4596 -0.1891 -0.1939
v 1.6102 -0.1392 -0.1824
v 1.3064 -0.2717 -0.0879
v 1.3064 -0.2300 -0.2000
v 1.4606 -0.1238 -0.2923
v 1.6065 -0.0749 -0.2782
v 1.3107 -0.1680 -0.2996
v 1.1599 -0.2984 -0.0915
v 1.1607 -0.2592 -0.2011
v 1.1662 -0.2030 -0.3013
v 1.1840 -0.0662 -0.4427
v 1.1729 -0.1371 -0.3865
v 1.3255 -0.0164 -0.4301
v 1.3171 -0.0941 -0.3793
v 1.4676 0.0365 -0.4173
v 1.6011 0.0849 -0.3990
v 1.6030 0.0028 -0.3528
v 1.4635 -0.0456 -0.3692
v 1.6135 -0.0871 0.3327
v 1.4831 -0.1394 0.3301
v 1.4767 -0.1926 0.2530
v 1.6136 -0.1406 0.2567
v 1.3436 -0.1941 0.3199
v 1.3327 -0.2427 0.2433
v 1.4702 -0.2290 0.1521
v 1.6140 -0.1774 0.1569
v 1.3219 -0.2738 0.1429
v 1.2041 -0.2459 0.3104
v 1.1904 -0.2864 0.2331
v 1.1788 -0.3083 0.1325
v 1.1673 -0.3135 0.0220
v 1.3123 -0.2850 0.0294
v 1.6141 -0.1925 0.0439
v 1.4646 -0.2438 0.0371
v 2.0534 0.1004 -0.0162
v 1.9790 0.0214 -0.0330
v 1.9684 0.0479 -0.1194
v 2.0408 0.1214 -0.0942
v 1.8774 -0.0530 -0.0481
v 1.8693 -0.0203 -0.1435
v 1.9444 0.0831 -0.1958
v 2.0109 0.1457 -0.1644
v 1.8522 0.0269 -0.2275
v 1.7537 -0.1211 -0.0614
v 1.7484 -0.0828 -0.1650
v 1.7383 -0.0252 -0.2557
v 1.7170 0.1213 -0.3701
v 1.7268 0.0451 -0.3264
v 1.8135 0.1503 -0.3331
v 1.8315 0.0849 -0.2929
v 1.8886 0.1768 -0.2910
v 1.9352 0.1971 -0.2539
v 1.9711 0.1735 -0.2202
v 1.9139 0.1260 -0.2553
v 1.9355 0.0732 0.2409
v 1.8908 0.0394 0.2675
v 1.9159 0.0109 0.2132
v 1.9709 0.0680 0.1998
v 1.8187 -0.0017 0.2967
v 1.8360 -0.0416 0.2323
v 1.9457 0.0005 0.1408
v 2.0104 0.0696 0.1369
v 1.8556 -0.0634 0.1481
v 1.7258 -0.0425 0.3201
v 1.7343 -0.0912 0.2482
v 1.7437 -0.1224 0.1545
v 1.7512 -0.1332 0.0482
v 1.8711 -0.0673 0.0518
v 2.0405 0.0817 0.0629
v 1.9691 0.0047 0.0562
v 1.2152 0.1103 -0.3930
v 1.1115 0.0719 -0.4062
v 1.3429 0.1634 -0.3827
v 1.2166 0.0663 -0.4353
v 1.1135 0.0273 -0.4493
v 1.3431 0.1201 -0.4239
v 1.6007 0.2739 -0.3512
v 1.4750 0.2211 -0.3699
v 1.6022 0.2285 -0.3914
v 1.4757 0.1775 -0.4107
v 1.4724 0.1134 -0.4287
v 1.6016 0.1629 -0.4096
v 1.3358 0.0576 -0.4423
v 1.0934 -0.0316 -0.4726
v 1.2024 0.0044 -0.4555
v 1.4884 0.0512 0.3670
v 1.6118 0.1051 0.3702
v 1.3572 -0.0050 0.3556
v 1.4909 -0.0074 0.3842
v 1.6147 0.0460 0.3868
v 1.3599 -0.0643 0.3727
v 1.1239 -0.0932 0.3397
v 1.2292 -0.0556 0.3434
v 1.1294 -0.1555 0.3570
v 1.2337 -0.1168 0.3606
v 1.2219 -0.1848 0.3513
v 1.1124 -0.2230 0.3512
v 1.3540 -0.1310 0.3620
v 1.6145 -0.0215 0.3753
v 1.4886 -0.0743 0.3728
v 1.9929 0.3420 -0.1553
v 1.9381 0.3408 -0.2076
v 2.0375 0.3396 -0.0966
v 2.0060 0.2930 -0.1742
v 1.9452 0.2962 -0.2299
v 2.0563 0.2851 -0.1134
v 2.0811 0.3119 0.0321
v 2.0691 0.3285 -0.0332
v 2.1048 0.2566 0.0190
v 2.0914 0.2728 -0.0483
v 2.0819 0.2002 -0.0695
v 2.0953 0.1825 0.0020
v 2.0478 0.2168 -0.1365
v 1.9432 0.2419 -0.2467
v 2.0004 0.2330 -0.1945
v 1.7091 0.3115 -0.3231
v 1.8006 0.3340 -0.2888
v 1.7102 0.2630 -0.3619
v 1.8016 0.2841 -0.3242
v 1.8754 0.3410 -0.2511
v 1.8785 0.2942 -0.2801
v 1.8798 0.2361 -0.2963
v 1.8048 0.2198 -0.3413
v 1.7122 0.1968 -0.3798
v 1.8754 0.2022 0.2998
v 1.9356 0.2205 0.2587
v 1.8040 0.1813 0.3333
v 1.8790 0.1473 0.3062
v 1.9430 0.1704 0.2599
v 1.8059 0.1208 0.3445
v 1.7166 0.1488 0.3579
v 1.7188 0.0880 0.3725
v 1.7213 0.0207 0.3606
v 1.8097 0.0561 0.3332
v 1.9421 0.1153 0.2525
v 1.8813 0.0889 0.2969
v 2.0672 0.2934 0.0968
v 2.0342 0.2716 0.1577
v 2.0897 0.2372 0.0855
v 2.0534 0.2156 0.1491
v 1.9894 0.2455 0.2115
v 2.0028 0.1933 0.2074
v 1.9983 0.1314 0.2006
v 2.0459 0.1449 0.1410
v 2.0808 0.1629 0.0735
v 0.8401 0.0399 -0.0149
v 0.8641 0.0236 -0.0178
v 0.8625 0.0419 -0.0801
v 0.8287 0.0582 -0.0545
v 0.9079 0.0093 -0.0206
v 0.9098 0.0293 -0.0932
v 0.8621 0.0661 -0.1406
v 0.8199 0.0852 -0.1070
v 0.9154 0.0538 -0.1626
v 0.9719 0.0032 -0.0225
v 0.9754 0.0251 -0.1012
v 0.9836 0.0512 -0.1772
v 0.9939 0.0944 -0.3074
v 0.9918 0.0752 -0.2485
v 0.9280 0.1008 -0.2786
v 0.9227 0.0787 -0.2262
v 0.8696 0.1149 -0.2477
v 0.8169 0.1384 -0.2106
v 0.8170 0.1135 -0.1611
v 0.8655 0.0917 -0.1983
v 0.8215 0.0522 0.1957
v 0.8747 0.0158 0.2199
v 0.8700 0.0138 0.1679
v 0.8207 0.0488 0.1425
v 0.9337 -0.0092 0.2422
v 0.9278 -0.0092 0.1880
v 0.8653 0.0130 0.1080
v 0.8224 0.0442 0.0845
v 0.9192 -0.0071 0.1231
v 1.0005 -0.0271 0.2652
v 0.9977 -0.0218 0.2062
v 0.9878 -0.0154 0.1344
v 0.9776 -0.0087 0.0572
v 0.9117 -0.0018 0.0525
v 0.8299 0.0405 0.0278
v 0.8642 0.0152 0.0455
v 0.4110 0.4664 0.8303
v 0.4587 0.4982 0.8575
v 0.3710 0.4310 0.7820
v 0.4363 0.4168 0.8451
v 0.4782 0.4463 0.8680
v 0.3985 0.3873 0.8001
v 0.3098 0.3661 0.6587
v 0.3389 0.3981 0.7238
v 0.3328 0.3314 0.6754
v 0.3649 0.3592 0.7419
v 0.3873 0.3170 0.7476
v 0.3529 0.2940 0.6805
v 0.4244 0.3421 0.8077
v 0.5139 0.4063 0.8843
v 0.4677 0.3717 0.8574
v 0.5566 0.4721 0.5496
v 0.5467 0.4434 0.4889
v 0.5741 0.5013 0.6056
v 0.5739 0.4468 0.5649
v 0.5641 0.4174 0.5093
v 0.5901 0.4738 0.6185
v 0.6073 0.5479 0.7158
v 0.5955 0.5295 0.6604
v 0.6132 0.5109 0.7262
v 0.6070 0.4970 0.6722
v 0.6303 0.4717 0.6777
v 0.6427 0.4890 0.7351
v 0.6077 0.4472 0.6231
v 0.5807 0.3960 0.5270
v 0.5899 0.4227 0.5738
v 0.5962 0.5480 0.7731
v 0.5645 0.5367 0.8222
v 0.5979 0.5098 0.7810
v 0.5663 0.4967 0.8283
v 0.5143 0.5209 0.8525
v 0.5240 0.4742 0.8598
v 0.5594 0.4456 0.8760
v 0.5997 0.4779 0.8421
v 0.6300 0.4918 0.7925
v 0.3496 1.0662 0.1441
v 0.3826 1.0206 0.1342
v 0.2986 1.0951 0.1478
v 0.3257 1.0498 0.1576
v 0.3624 1.0100 0.1514
v 0.2750 1.0757 0.1606
v 0.1827 1.0842 0.1266
v 0.2387 1.1026 0.1398
v 0.1702 1.0700 0.1531
v 0.2198 1.0837 0.1587
v 0.1639 1.0638 0.1926
v 0.2117 1.0756 0.1942
v 0.2127 1.0766 0.1767
v 0.1652 1.0646 0.1742
v 0.2656 1.0672 0.1914
v 0.2665 1.0684 0.1755
v 0.3163 1.0423 0.1856
v 0.3541 1.0044 0.1780
v 0.3550 1.0058 0.1655
v 0.3172 1.0435 0.1715
v 0.1435 1.0356 0.1147
v 0.1184 0.9691 0.1041
v 0.1367 1.0306 0.1452
v 0.1154 0.9727 0.1353
v 0.0964 0.8207 0.0862
v 0.1047 0.8970 0.0950
v 0.0942 0.8266 0.1124
v 0.1026 0.9032 0.1244
v 0.0910 0.8290 0.1424
v 0.0995 0.9053 0.1587
v 0.1011 0.9053 0.1440
v 0.0925 0.8287 0.1296
v 0.1118 0.9733 0.1735
v 0.1133 0.9737 0.1568
v 0.1320 1.0279 0.1853
v 0.1333 1.0285 0.1673
v 0.3780 0.8387 0.1039
v 0.3826 0.7757 0.0962
v 0.3817 0.9009 0.1128
v 0.3726 0.8483 0.1279
v 0.3731 0.7911 0.1219
v 0.3757 0.9054 0.1354
v 0.3882 0.9635 0.1233
v 0.3757 0.9605 0.1436
v 0.3694 0.9573 0.1700
v 0.3707 0.9590 0.1582
v 0.3708 0.9070 0.1621
v 0.3726 0.9078 0.1507
v 0.3669 0.8595 0.1547
v 0.3646 0.8243 0.1490
v 0.3665 0.8090 0.1392
v 0.3691 0.8570 0.1438
v 0.9897 -0.0305 0.3047
v 1.0363 -0.0609 0.3295
v 0.9324 -0.0080 0.2809
v 0.9756 -0.0263 0.3339
v 1.0147 -0.0586 0.3579
v 0.9257 -0.0026 0.3103
v 0.8214 0.0527 0.2378
v 0.8760 0.0177 0.2589
v 0.8211 0.0527 0.2726
v 0.8735 0.0215 0.2894
v 0.8668 0.0298 0.3161
v 0.8210 0.0551 0.3036
v 0.9156 0.0100 0.3364
v 1.0140 -0.0379 0.3880
v 0.9688 -0.0090 0.3619
v 0.8106 -0.2718 0.3013
v 0.7396 -0.2444 0.2753
v 0.8797 -0.2908 0.3246
v 0.7988 -0.2564 0.3448
v 0.7289 -0.2307 0.3141
v 0.8647 -0.2739 0.3718
v 1.0072 -0.2795 0.3620
v 0.9485 -0.2962 0.3456
v 0.9786 -0.2628 0.4063
v 0.9265 -0.2781 0.3935
v 0.9090 -0.2536 0.4418
v 0.9689 -0.2384 0.4553
v 0.8423 -0.2505 0.4152
v 0.7087 -0.2107 0.3483
v 0.7764 -0.2345 0.3835
v 1.0143 -0.1989 0.4478
v 1.0152 -0.2220 0.4066
v 1.0394 -0.1454 0.4294
v 1.0344 -0.1668 0.3970
v 1.0457 -0.2326 0.3720
v 1.0637 -0.1712 0.3709
v 1.0608 -0.1109 0.3541
v 1.0342 -0.1089 0.3798
v 1.0384 -0.0875 0.4100
v 0.4556 0.6928 -0.6714
v 0.5012 0.7357 -0.6819
v 0.4139 0.6441 -0.6389
v 0.4262 0.7301 -0.6532
v 0.4679 0.7664 -0.6622
v 0.3896 0.6839 -0.6243
v 0.3464 0.5461 -0.5439
v 0.3790 0.5955 -0.5950
v 0.3274 0.5799 -0.5337
v 0.3578 0.6332 -0.5829
v 0.3341 0.6619 -0.5620
v 0.3065 0.6054 -0.5151
v 0.3649 0.7168 -0.6021
v 0.4516 0.8093 -0.6447
v 0.4039 0.7693 -0.6324
v 0.5819 0.6265 -0.4002
v 0.5724 0.5839 -0.3682
v 0.6004 0.6667 -0.4350
v 0.5674 0.6454 -0.3874
v 0.5570 0.5974 -0.3475
v 0.5847 0.6893 -0.4259
v 0.6368 0.7452 -0.5181
v 0.6240 0.7082 -0.4741
v 0.6094 0.7620 -0.5093
v 0.6027 0.7293 -0.4657
v 0.5941 0.7533 -0.4500
v 0.6064 0.7908 -0.4941
v 0.5712 0.7082 -0.4096
v 0.5419 0.6126 -0.3232
v 0.5525 0.6616 -0.3687
v 0.5941 0.8149 -0.5466
v 0.5928 0.7838 -0.5590
v 0.5602 0.8263 -0.5958
v 0.5592 0.7928 -0.6066
v 0.6228 0.7716 -0.5682
v 0.5903 0.7810 -0.6176
v 0.5479 0.7671 -0.6597
v 0.5148 0.7871 -0.6439
v 0.5082 0.8264 -0.6305
v 0.9307 -0.1017 -0.4988
v 0.9892 -0.0797 -0.5087
v 0.8641 -0.1075 -0.4752
v 0.9132 -0.0717 -0.5398
v 0.9654 -0.0527 -0.5463
v 0.8537 -0.0785 -0.5161
v 0.7370 -0.0926 -0.4091
v 0.7999 -0.1029 -0.4441
v 0.7330 -0.0706 -0.4436
v 0.7932 -0.0768 -0.4825
v 0.7738 -0.0479 -0.5101
v 0.7129 -0.0447 -0.4645
v 0.8359 -0.0465 -0.5490
v 0.9608 -0.0176 -0.5845
v 0.9009 -0.0370 -0.5773
v 1.0512 0.0580 -0.4279
v 1.0294 0.0897 -0.3825
v 1.0508 0.0149 -0.4705
v 1.0280 0.0661 -0.4518
v 1.0105 0.1000 -0.4080
v 1.0254 0.0244 -0.4946
v 1.0297 -0.0360 -0.4983
v 1.0036 -0.0180 -0.5287
v 1.0075 0.0133 -0.5597
v 1.0346 0.0516 -0.5175
v 1.0131 0.1267 -0.4271
v 1.0359 0.0928 -0.4716
v 0.8712 0.1316 -0.2833
v 0.8167 0.1552 -0.2494
v 0.9273 0.1166 -0.3145
v 0.8694 0.1460 -0.3090
v 0.8168 0.1677 -0.2802
v 0.9221 0.1317 -0.3387
v 0.9841 0.1060 -0.3461
v 0.9722 0.1191 -0.3711
v 0.9678 0.1426 -0.3888
v 0.9136 0.1510 -0.3562
v 0.8177 0.1798 -0.3060
v 0.8641 0.1618 -0.3287
v 0.6915 0.1862 0.3275
v 0.6535 0.2379 0.3556
v 0.7333 0.1356 0.3092
v 0.6766 0.2122 0.2630
v 0.6359 0.2700 0.2850
v 0.7226 0.1517 0.2575
v 0.7764 0.0912 0.3013
v 0.7708 0.0973 0.2614
v 0.7715 0.1037 0.1668
v 0.7694 0.1027 0.2171
v 0.7210 0.1715 0.1342
v 0.7177 0.1667 0.1984
v 0.6659 0.2571 0.0993
v 0.5853 0.3896 0.0557
v 0.6165 0.3145 0.1956
v 0.6642 0.2438 0.1834
v 0.4953 0.6162 -0.1949
v 0.5233 0.5837 -0.2326
v 0.4650 0.6548 -0.1589
v 0.4994 0.5775 -0.1215
v 0.5332 0.5321 -0.1588
v 0.4631 0.6319 -0.0920
v 0.4381 0.6972 -0.1267
v 0.4314 0.6881 -0.0669
v 0.4153 0.6944 0.0486
v 0.4248 0.6869 -0.0059
v 0.4523 0.6174 0.0404
v 0.4612 0.6168 -0.0225
v 0.5034 0.5270 0.0390
v 0.5518 0.4739 -0.0717
v 0.5078 0.5393 -0.0383
v 0.6170 0.4206 -0.2875
v 0.6505 0.3600 -0.2729
v 0.5913 0.4801 -0.3101
v 0.5996 0.4265 -0.2214
v 0.6331 0.3646 -0.1980
v 0.5748 0.4872 -0.2607
v 0.5760 0.5348 -0.3377
v 0.5601 0.5444 -0.3041
v 0.5437 0.5602 -0.2689
v 0.5568 0.5034 -0.2077
v 0.6148 0.3733 -0.1010
v 0.5801 0.4403 -0.1412
v 0.7767 0.0971 0.1084
v 0.7867 0.0857 0.0478
v 0.7352 0.1573 0.0674
v 0.7575 0.1330 0.0018
v 0.8038 0.0727 -0.0092
v 0.7854 0.1082 -0.0579
v 0.7679 0.1732 -0.1630
v 0.7740 0.1436 -0.1109
v 0.7186 0.2212 -0.1054
v 0.7339 0.1818 -0.0495
v 0.6647 0.2850 -0.0383
v 0.6934 0.2280 0.0211
v 0.5481 0.4167 0.4201
v 0.5250 0.4545 0.3929
v 0.5666 0.3869 0.4497
v 0.5601 0.3895 0.3433
v 0.5338 0.4356 0.3070
v 0.5800 0.3537 0.3892
v 0.5837 0.3646 0.4807
v 0.5977 0.3278 0.4356
v 0.6216 0.2854 0.3928
v 0.6035 0.3159 0.3307
v 0.5517 0.4164 0.2058
v 0.5824 0.3593 0.2587
v 0.4004 0.7109 0.0892
v 0.3843 0.7354 0.1182
v 0.4299 0.6419 0.0872
v 0.4029 0.6815 0.1210
v 0.3634 0.8045 0.1528
v 0.3708 0.7662 0.1386
v 0.3660 0.7794 0.1616
v 0.3801 0.7276 0.1447
v 0.4049 0.6611 0.1874
v 0.3924 0.6922 0.1599
v 0.3720 0.7540 0.1775
v 0.4455 0.5886 0.1640
v 0.4259 0.6301 0.1340
v 0.5005 0.5072 0.1279
v 0.4695 0.5661 0.0951
v 0.7654 0.1914 -0.2092
v 0.7669 0.2022 -0.2504
v 0.7146 0.2407 -0.1649
v 0.7194 0.2480 -0.2231
v 0.7732 0.2099 -0.2876
v 0.7303 0.2512 -0.2749
v 0.6888 0.3023 -0.2694
v 0.6739 0.3037 -0.2020
v 0.6621 0.3040 -0.1189
v 0.1626 1.0628 0.2110
v 0.2105 1.0745 0.2117
v 0.1650 1.0648 0.2331
v 0.2155 1.0787 0.2315
v 0.2648 1.0660 0.2074
v 0.2715 1.0707 0.2242
v 0.1750 1.0727 0.2626
v 0.2321 1.0931 0.2557
v 0.2933 1.0873 0.2429
v 0.3780 1.0081 0.2235
v 0.3453 1.0569 0.2326
v 0.3591 1.0027 0.2048
v 0.3227 1.0440 0.2148
v 0.3533 1.0025 0.1903
v 0.3156 1.0408 0.1995
v 0.0896 0.8293 0.1551
v 0.0980 0.9053 0.1735
v 0.0886 0.8257 0.1708
v 0.0968 0.9012 0.1913
v 0.1103 0.9731 0.1901
v 0.1095 0.9694 0.2101
v 0.0884 0.8146 0.1923
v 0.0964 0.8889 0.2156
v 0.1101 0.9590 0.2370
v 0.1353 1.0241 0.2545
v 0.1309 1.0262 0.2250
v 0.1305 1.0273 0.2032
v 0.3682 0.9544 0.1815
v 0.3710 0.9509 0.1953
v 0.3693 0.9023 0.1728
v 0.3694 0.8936 0.1856
v 0.3818 0.9470 0.2140
v 0.3729 0.8809 0.2036
v 0.3676 0.8167 0.1918
v 0.3651 0.8355 0.1748
v 0.3653 0.8511 0.1637
v 0.4144 0.6352 0.2307
v 0.4227 0.6160 0.2829
v 0.4540 0.5647 0.2179
v 0.4573 0.5540 0.2841
v 0.4313 0.6048 0.3377
v 0.4608 0.5521 0.3509
v 0.4940 0.5008 0.3696
v 0.4969 0.4921 0.2897
v 0.5043 0.4883 0.2010
v 0.5726 -0.1273 0.3771
v 0.6102 -0.1597 0.3417
v 0.5291 -0.0878 0.4154
v 0.5112 -0.1062 0.3330
v 0.5448 -0.1352 0.3032
v 0.4716 -0.0705 0.3650
v 0.4420 0.0099 0.4937
v 0.4841 -0.0418 0.4549
v 0.3935 0.0177 0.4335
v 0.4311 -0.0289 0.3992
v 0.3052 0.0396 0.3133
v 0.3377 -0.0005 0.2875
v 0.3812 -0.0152 0.3431
v 0.3468 0.0272 0.3732
v 0.3755 -0.0379 0.2674
v 0.4191 -0.0534 0.3157
v 0.4162 -0.0707 0.2553
v 0.4495 -0.0933 0.2503
v 0.4883 -0.1117 0.2713
v 0.4575 -0.0864 0.2930
v 0.4073 0.0669 0.5300
v 0.3788 0.1253 0.5619
v 0.3624 0.0685 0.4664
v 0.3372 0.1201 0.4958
v 0.3350 0.2307 0.6038
v 0.3550 0.1812 0.5871
v 0.2998 0.2121 0.5359
v 0.3171 0.1691 0.5200
v 0.2545 0.1833 0.4338
v 0.2554 0.1575 0.4076
v 0.2840 0.1598 0.4593
v 0.2717 0.1954 0.4761
v 0.2632 0.1213 0.3744
v 0.2981 0.1179 0.4325
v 0.2800 0.0812 0.3426
v 0.3191 0.0727 0.4033
v 0.2222 0.4035 0.5286
v 0.2542 0.3658 0.5645
v 0.1871 0.4457 0.4848
v 0.1990 0.3644 0.4642
v 0.2272 0.3303 0.4961
v 0.1684 0.4030 0.4260
v 0.1241 0.5405 0.3832
v 0.1531 0.4917 0.4356
v 0.1141 0.4885 0.3393
v 0.1391 0.4449 0.3841
v 0.1054 0.4170 0.2771
v 0.1163 0.3814 0.2886
v 0.1272 0.4065 0.3363
v 0.1075 0.4453 0.3022
v 0.1353 0.3392 0.3072
v 0.1507 0.3662 0.3670
v 0.1587 0.3007 0.3304
v 0.1822 0.2670 0.3548
v 0.2025 0.2969 0.4259
v 0.1771 0.3294 0.3979
v 0.1043 0.5914 0.3304
v 0.0918 0.6404 0.2798
v 0.0965 0.5319 0.2924
v 0.0851 0.5732 0.2467
v 0.0815 0.7172 0.1966
v 0.0849 0.6835 0.2343
v 0.0749 0.6404 0.1716
v 0.0784 0.6106 0.2056
v 0.0735 0.4892 0.1277
v 0.0779 0.4658 0.1592
v 0.0753 0.5376 0.1800
v 0.0716 0.5638 0.1484
v 0.0844 0.4432 0.1981
v 0.0817 0.5073 0.2185
v 0.0944 0.4263 0.2414
v 0.0924 0.4778 0.2612
v 0.0949 0.7140 -0.0106
v 0.0906 0.7312 0.0411
v 0.1023 0.6923 -0.0736
v 0.0874 0.6375 -0.0117
v 0.0829 0.6526 0.0346
v 0.0944 0.6193 -0.0679
v 0.1331 0.6446 -0.2141
v 0.1144 0.6684 -0.1431
v 0.1223 0.5808 -0.1916
v 0.1056 0.6003 -0.1294
v 0.1118 0.4930 -0.1577
v 0.1010 0.4869 -0.1194
v 0.1003 0.5400 -0.1196
v 0.1146 0.5279 -0.1719
v 0.0911 0.4851 -0.0703
v 0.0897 0.5497 -0.0659
v 0.0842 0.4907 -0.0227
v 0.0790 0.5007 0.0180
v 0.0784 0.5752 0.0270
v 0.0830 0.5624 -0.0154
v 0.1603 0.6232 -0.2817
v 0.1921 0.6035 -0.3433
v 0.1457 0.5608 -0.2503
v 0.1730 0.5416 -0.3036
v 0.2542 0.5665 -0.4376
v 0.2247 0.5848 -0.3962
v 0.2275 0.5067 -0.3875
v 0.2015 0.5237 -0.3504
v 0.1826 0.3930 -0.2790
v 0.1608 0.4130 -0.2475
v 0.1795 0.4658 -0.3009
v 0.2028 0.4485 -0.3345
v 0.1391 0.4372 -0.2138
v 0.1549 0.4852 -0.2611
v 0.1217 0.4666 -0.1818
v 0.1331 0.5077 -0.2186
v 0.3516 0.3999 -0.4971
v 0.3298 0.4548 -0.4941
v 0.3764 0.3359 -0.4963
v 0.3143 0.3627 -0.4426
v 0.2958 0.4109 -0.4413
v 0.3348 0.3065 -0.4392
v 0.4332 0.2011 -0.4733
v 0.4039 0.2679 -0.4892
v 0.3788 0.1909 -0.4096
v 0.3573 0.2478 -0.4297
v 0.2964 0.1982 -0.3204
v 0.2782 0.2256 -0.3249
v 0.3144 0.2351 -0.3755
v 0.3296 0.1914 -0.3556
v 0.2622 0.2655 -0.3354
v 0.2962 0.2825 -0.3854
v 0.2537 0.3096 -0.3503
v 0.2520 0.3447 -0.3643
v 0.2685 0.3723 -0.3958
v 0.2819 0.3309 -0.3934
v 0.4639 0.1406 -0.4457
v 0.5027 0.0852 -0.4217
v 0.3970 0.1401 -0.3745
v 0.4143 0.0861 -0.3234
v 0.6105 -0.0093 -0.4177
v 0.5562 0.0340 -0.4160
v 0.5485 -0.0102 -0.3552
v 0.4885 0.0310 -0.3398
v 0.4699 -0.0319 -0.2318
v 0.4078 0.0013 -0.1938
v 0.4387 0.0200 -0.2643
v 0.5016 -0.0178 -0.2925
v 0.3427 0.0413 -0.1462
v 0.3691 0.0637 -0.2257
v 0.2710 0.0883 -0.0841
v 0.1753 0.1656 0.0043
v 0.2286 0.1599 -0.1347
v 0.2926 0.1101 -0.1707
v 0.2638 0.1643 -0.2217
v 0.3246 0.1257 -0.2576
v 0.3350 0.1539 -0.3178
v 0.2844 0.1797 -0.2827
v 0.6545 -0.1242 -0.2720
v 0.6641 -0.1000 -0.3285
v 0.6467 -0.1513 -0.2070
v 0.5839 -0.1024 -0.2422
v 0.5969 -0.0817 -0.2958
v 0.5760 -0.1263 -0.1830
v 0.6419 -0.1997 -0.0622
v 0.6422 -0.1776 -0.1362
v 0.5744 -0.1697 -0.0562
v 0.5733 -0.1499 -0.1205
v 0.4821 -0.1216 -0.0476
v 0.4644 -0.1026 -0.0792
v 0.5134 -0.1242 -0.1035
v 0.5184 -0.1423 -0.0511
v 0.4519 -0.0774 -0.1236
v 0.5099 -0.1014 -0.1562
v 0.4535 -0.0528 -0.1750
v 0.5325 -0.0593 -0.2647
v 0.5164 -0.0787 -0.2106
v 0.6472 -0.2143 0.0122
v 0.6551 -0.2222 0.0836
v 0.5777 -0.1819 0.0088
v 0.5824 -0.1880 0.0716
v 0.6670 -0.2214 0.2044
v 0.6627 -0.2243 0.1488
v 0.5907 -0.1871 0.1795
v 0.5877 -0.1896 0.1296
v 0.4448 -0.1068 0.1260
v 0.4473 -0.1108 0.0816
v 0.5149 -0.1519 0.1073
v 0.5159 -0.1491 0.1531
v 0.4535 -0.1150 0.0340
v 0.5141 -0.1524 0.0558
v 0.4666 -0.1191 -0.0124
v 0.5170 -0.1505 0.0025
v 0.3171 0.2700 0.6097
v 0.2994 0.3030 0.6051
v 0.2838 0.2459 0.5399
v 0.2673 0.2742 0.5338
v 0.2791 0.3336 0.5901
v 0.2493 0.3013 0.5192
v 0.2017 0.2391 0.3767
v 0.2226 0.2697 0.4477
v 0.2197 0.2161 0.3974
v 0.2399 0.2454 0.4640
v 0.2383 0.1969 0.4179
v 0.2567 0.2223 0.4756
v 0.0836 0.7491 0.1147
v 0.0823 0.7496 0.1258
v 0.0853 0.7471 0.0997
v 0.0759 0.6727 0.1007
v 0.0747 0.6745 0.1104
v 0.0774 0.6685 0.0872
v 0.0874 0.7416 0.0765
v 0.0797 0.6624 0.0663
v 0.0742 0.5124 0.0467
v 0.0748 0.5851 0.0562
v 0.0703 0.5277 0.0663
v 0.0720 0.5945 0.0757
v 0.0680 0.5488 0.0803
v 0.0678 0.5691 0.0890
v 0.0696 0.6114 0.0976
v 0.0705 0.6054 0.0888
v 0.6648 -0.2144 0.2471
v 0.6552 -0.2023 0.2812
v 0.5887 -0.1812 0.2178
v 0.5810 -0.1711 0.2488
v 0.6373 -0.1844 0.3113
v 0.5672 -0.1563 0.2762
v 0.4450 -0.0965 0.2261
v 0.5032 -0.1275 0.2467
v 0.4420 -0.0997 0.1955
v 0.5093 -0.1371 0.2194
v 0.4425 -0.1032 0.1630
v 0.5138 -0.1443 0.1894
v 0.2767 0.5478 -0.4649
v 0.2951 0.5252 -0.4812
v 0.2475 0.4899 -0.4123
v 0.2640 0.4703 -0.4277
v 0.3119 0.4953 -0.4899
v 0.2796 0.4454 -0.4369
v 0.2358 0.3521 -0.3475
v 0.2534 0.3984 -0.3890
v 0.2178 0.3627 -0.3263
v 0.2373 0.4162 -0.3756
v 0.2008 0.3763 -0.3044
v 0.2213 0.4325 -0.3584
v 0.6512 -0.0408 -0.4164
v 0.6741 -0.0638 -0.4043
v 0.5971 -0.0400 -0.3667
v 0.6286 -0.0572 -0.3716
v 0.6745 -0.0817 -0.3738
v 0.6144 -0.0671 -0.3416
v 0.5584 -0.0463 -0.3164
v 0.0801 0.7372 0.1696
v 0.0801 0.7469 0.1505
v 0.0731 0.6586 0.1475
v 0.0729 0.6686 0.1309
v 0.0809 0.7499 0.1369
v 0.0735 0.6735 0.1195
v 0.0668 0.5493 0.0898
v 0.0686 0.6062 0.1040
v 0.0675 0.5274 0.0948
v 0.0682 0.5946 0.1124
v 0.0698 0.5086 0.1068
v 0.0692 0.5816 0.1264
v 0.2476 0.0959 0.2857
v 0.2710 0.0562 0.2547
v 0.2341 0.1332 0.3239
v 0.2187 0.1184 0.2288
v 0.2411 0.0791 0.1916
v 0.2086 0.1532 0.2791
v 0.2308 0.1670 0.3676
v 0.2091 0.1856 0.3356
v 0.1685 0.2419 0.2833
v 0.1890 0.2105 0.3076
v 0.1616 0.2190 0.2079
v 0.1851 0.1815 0.2387
v 0.1619 0.1960 0.1248
v 0.2121 0.1105 0.1177
v 0.1903 0.1505 0.1682
v 0.1454 0.2806 0.2621
v 0.1232 0.3252 0.2462
v 0.1370 0.2672 0.1920
v 0.1139 0.3224 0.1869
v 0.1054 0.3746 0.2378
v 0.0959 0.3813 0.1883
v 0.0828 0.4181 0.1101
v 0.0887 0.3969 0.1444
v 0.1001 0.3465 0.0901
v 0.1072 0.3286 0.1323
v 0.1262 0.2702 0.0619
v 0.1329 0.2585 0.1194
v 0.0934 0.4242 -0.0347
v 0.0868 0.4312 0.0075
v 0.1008 0.4268 -0.0839
v 0.1103 0.3592 -0.0491
v 0.1026 0.3602 -0.0012
v 0.1174 0.3745 -0.1041
v 0.1106 0.4402 -0.1348
v 0.1268 0.4004 -0.1604
v 0.1692 0.3416 -0.2213
v 0.1475 0.3676 -0.1900
v 0.1629 0.2911 -0.1598
v 0.1389 0.3278 -0.1286
v 0.1641 0.2382 -0.0931
v 0.1273 0.2815 -0.0048
v 0.1347 0.2919 -0.0634
v 0.3970 -0.0244 -0.1333
v 0.4044 -0.0548 -0.0824
v 0.3440 0.0067 -0.0838
v 0.3665 -0.0341 -0.0350
v 0.4284 -0.0868 -0.0415
v 0.4036 -0.0752 0.0040
v 0.3802 -0.0596 0.0985
v 0.3883 -0.0657 0.0519
v 0.3188 -0.0041 0.0701
v 0.3367 -0.0154 0.0169
v 0.2571 0.0626 0.0400
v 0.2916 0.0411 -0.0251
v 0.3773 -0.0573 0.1404
v 0.3808 -0.0584 0.1795
v 0.3163 -0.0052 0.1221
v 0.3262 -0.0136 0.1723
v 0.3923 -0.0621 0.2176
v 0.3452 -0.0246 0.2201
v 0.3043 0.0155 0.2327
v 0.2783 0.0336 0.1745
v 0.2577 0.0547 0.1084
v 0.1887 0.3223 -0.2513
v 0.2080 0.3097 -0.2818
v 0.1866 0.2686 -0.2006
v 0.2105 0.2582 -0.2455
v 0.2294 0.3040 -0.3138
v 0.2347 0.2572 -0.2896
v 0.2519 0.2150 -0.2763
v 0.2274 0.2090 -0.2216
v 0.1966 0.2136 -0.1532
v 0.0768 0.4417 0.0889
v 0.0718 0.4699 0.0783
v 0.0901 0.3790 0.0675
v 0.0801 0.4219 0.0592
v 0.0686 0.5047 0.0761
v 0.0733 0.4709 0.0598
v 0.0797 0.4465 0.0380
v 0.0915 0.3832 0.0338
v 0.1097 0.3181 0.0376
v 0.8973 0.5552 0.1113
v 0.9049 0.5600 0.0253
v 0.8598 0.6319 0.0270
v 0.8514 0.6286 0.1113
v 0.9132 0.5652 -0.0552
v 0.8701 0.6335 -0.0519
v 0.8185 0.6997 0.0311
v 0.8095 0.6981 0.1114
v 0.8304 0.6978 -0.0439
v 0.9226 0.5711 -0.1247
v 0.9338 0.5780 -0.1777
v 0.8952 0.6385 -0.1718
v 0.8819 0.6354 -0.1199
v 0.8598 0.6940 -0.1565
v 0.8446 0.6948 -0.1080
v 0.8141 0.7700 -0.1116
v 0.7963 0.7848 -0.0777
v 0.8148 0.7454 -0.0915
v 0.8312 0.7400 -0.1339
v 0.7774 0.7995 -0.0240
v 0.7982 0.7542 -0.0335
v 0.7627 0.8084 0.0413
v 0.7532 0.8094 0.1126
v 0.7755 0.7596 0.1118
v 0.7848 0.7597 0.0363
v 0.8448 0.6225 0.1955
v 0.8896 0.5505 0.1972
v 0.8042 0.6907 0.1918
v 0.8410 0.6154 0.2746
v 0.8835 0.5466 0.2780
v 0.8027 0.6805 0.2670
v 0.7500 0.8005 0.1838
v 0.7713 0.7513 0.1874
v 0.7530 0.7843 0.2495
v 0.7723 0.7380 0.2574
v 0.7740 0.7449 0.3382
v 0.7872 0.7125 0.3598
v 0.7785 0.7227 0.3161
v 0.7623 0.7636 0.3036
v 0.8118 0.6640 0.3818
v 0.8053 0.6703 0.3319
v 0.8445 0.6069 0.3970
v 0.8820 0.5457 0.4028
v 0.8805 0.5448 0.3483
v 0.8406 0.6096 0.3436
v 0.9346 0.4787 0.1955
v 0.9430 0.4820 0.1113
v 0.9266 0.4783 0.2746
v 0.9781 0.4123 0.1918
v 0.9871 0.4139 0.1114
v 0.9683 0.4154 0.2670
v 0.9205 0.4853 0.3970
v 0.9212 0.4806 0.3436
v 0.9575 0.4308 0.3818
v 0.9603 0.4223 0.3319
v 1.0136 0.3614 0.3382
v 1.0254 0.3426 0.3036
v 0.9956 0.3752 0.3161
v 0.9904 0.3875 0.3598
v 1.0398 0.3253 0.2495
v 1.0067 0.3629 0.2574
v 1.0530 0.3155 0.1838
v 1.0625 0.3144 0.1126
v 1.0276 0.3563 0.1118
v 1.0183 0.3561 0.1874
v 0.9497 0.4881 0.0270
v 0.9925 0.4212 0.0311
v 0.9557 0.4965 -0.0519
v 0.9960 0.4327 -0.0439
v 1.0657 0.3234 0.0413
v 1.0318 0.3645 0.0363
v 1.0642 0.3405 -0.0240
v 1.0326 0.3791 -0.0335
v 1.0537 0.3864 -0.1116
v 1.0344 0.4150 -0.1339
v 1.0320 0.3979 -0.0915
v 1.0594 0.3639 -0.0777
v 1.0055 0.4607 -0.1565
v 0.9996 0.4468 -0.1080
v 0.9712 0.5170 -0.1718
v 0.9625 0.5064 -0.1199
v 0.9716 0.6017 -0.3110
v 0.9411 0.5826 -0.3257
v 0.8949 0.6547 -0.3168
v 0.9265 0.6720 -0.3023
v 0.8969 0.5551 -0.3378
v 0.8501 0.6282 -0.3288
v 0.8490 0.7233 -0.2917
v 0.8817 0.7389 -0.2778
v 0.8035 0.6978 -0.3033
v 0.8387 0.5186 -0.3481
v 0.7656 0.4730 -0.3580
v 0.7184 0.5469 -0.3489
v 0.7915 0.5924 -0.3392
v 0.6713 0.6170 -0.3232
v 0.7445 0.6625 -0.3134
v 0.5851 0.7359 -0.2267
v 0.6585 0.7810 -0.2172
v 0.6996 0.7262 -0.2723
v 0.6263 0.6810 -0.2820
v 0.7180 0.8156 -0.2077
v 0.7588 0.7612 -0.2625
v 0.7648 0.8393 -0.1975
v 0.7996 0.8520 -0.1859
v 0.8388 0.7997 -0.2386
v 0.8050 0.7857 -0.2515
v 0.7301 0.8817 -0.1311
v 0.7658 0.8933 -0.1212
v 0.6828 0.8586 -0.1403
v 0.7019 0.9117 -0.0553
v 0.7383 0.9226 -0.0473
v 0.6542 0.8891 -0.0633
v 0.5496 0.7792 -0.1588
v 0.6230 0.8243 -0.1492
v 0.5208 0.8099 -0.0811
v 0.5942 0.8550 -0.0718
v 0.4870 0.8301 0.0900
v 0.5605 0.8752 0.0991
v 0.5730 0.8723 0.0121
v 0.4996 0.8272 0.0028
v 0.6207 0.9091 0.1064
v 0.6332 0.9062 0.0199
v 0.6689 0.9314 0.1119
v 0.7061 0.9418 0.1158
v 0.7181 0.9391 0.0328
v 0.6812 0.9286 0.0268
v 0.6660 0.9191 0.1970
v 0.7033 0.9299 0.1988
v 0.6178 0.8966 0.1928
v 0.6721 0.8931 0.2791
v 0.7092 0.9045 0.2788
v 0.6240 0.8702 0.2760
v 0.4840 0.8175 0.1772
v 0.5575 0.8626 0.1861
v 0.4903 0.7909 0.2612
v 0.5638 0.8360 0.2700
v 0.5286 0.7006 0.4068
v 0.6021 0.7458 0.4154
v 0.5788 0.7967 0.3474
v 0.5053 0.7514 0.3388
v 0.6620 0.7806 0.4203
v 0.6388 0.8311 0.3529
v 0.7096 0.8048 0.4213
v 0.7458 0.8184 0.4175
v 0.7235 0.8670 0.3527
v 0.6868 0.8546 0.3549
v 0.7402 0.7452 0.4752
v 0.7757 0.7603 0.4701
v 0.6931 0.7201 0.4751
v 0.7770 0.6783 0.5155
v 0.8115 0.6951 0.5093
v 0.7305 0.6522 0.5159
v 0.5600 0.6395 0.4621
v 0.6334 0.6848 0.4705
v 0.5977 0.5710 0.5033
v 0.6710 0.6165 0.5116
v 0.6858 0.4231 0.5380
v 0.7590 0.4688 0.5463
v 0.7134 0.5435 0.5373
v 0.6401 0.4980 0.5290
v 0.8178 0.5056 0.5504
v 0.7725 0.5798 0.5415
v 0.8631 0.5339 0.5494
v 0.8955 0.5541 0.5424
v 0.8520 0.6254 0.5339
v 0.8185 0.6070 0.5406
v 0.9092 0.4618 0.5406
v 0.9405 0.4838 0.5339
v 0.8646 0.4324 0.5415
v 0.9552 0.3932 0.5155
v 0.9853 0.4170 0.5093
v 0.9113 0.3628 0.5159
v 0.7330 0.3493 0.5290
v 0.8061 0.3951 0.5373
v 0.7801 0.2791 0.5033
v 0.8531 0.3251 0.5116
v 0.8662 0.1603 0.4068
v 0.9392 0.2064 0.4154
v 0.8980 0.2613 0.4705
v 0.8251 0.2152 0.4621
v 0.9967 0.2451 0.4203
v 0.9559 0.2995 0.4751
v 1.0393 0.2772 0.4213
v 1.0674 0.3038 0.4175
v 1.0282 0.3562 0.4701
v 0.9991 0.3308 0.4752
v 1.0740 0.2349 0.3549
v 1.1012 0.2625 0.3527
v 1.0319 0.2021 0.3529
v 1.1022 0.2048 0.2791
v 1.1287 0.2333 0.2788
v 1.0605 0.1716 0.2760
v 0.9017 0.1170 0.3388
v 0.9746 0.1632 0.3474
v 0.9306 0.0862 0.2612
v 1.0034 0.1325 0.2700
v 0.9644 0.0661 0.0900
v 1.0371 0.1124 0.0991
v 1.0246 0.1152 0.1861
v 0.9518 0.0689 0.1772
v 1.0940 0.1517 0.1064
v 1.0815 0.1545 0.1928
v 1.1352 0.1852 0.1119
v 1.1609 0.2141 0.1158
v 1.1489 0.2168 0.1988
v 1.1229 0.1879 0.1970
v 1.1381 0.1974 0.0268
v 1.1637 0.2260 0.0328
v 1.0969 0.1641 0.0199
v 1.1320 0.2234 -0.0553
v 1.1577 0.2514 -0.0473
v 1.0907 0.1905 -0.0633
v 0.9673 0.0787 0.0028
v 1.0401 0.1249 0.0121
v 0.9611 0.1053 -0.0811
v 1.0339 0.1515 -0.0718
v 0.9227 0.1956 -0.2267
v 0.9955 0.2417 -0.2172
v 1.0188 0.1909 -0.1492
v 0.9461 0.1447 -0.1588
v 1.0526 0.2801 -0.2077
v 1.0758 0.2296 -0.1403
v 1.0945 0.3116 -0.1975
v 1.1212 0.3374 -0.1859
v 1.1435 0.2889 -0.1212
v 1.1173 0.2620 -0.1311
v 1.0639 0.3713 -0.2515
v 1.0913 0.3956 -0.2386
v 1.0216 0.3406 -0.2624
v 1.0271 0.4382 -0.2917
v 1.0555 0.4608 -0.2778
v 0.9843 0.4085 -0.3033
v 0.8914 0.2567 -0.2820
v 0.9643 0.3027 -0.2723
v 0.8537 0.3251 -0.3232
v 0.9266 0.3710 -0.3134
v 0.8843 0.4439 -0.3392
v 0.8113 0.3982 -0.3489
v 0.9422 0.4809 -0.3288
v 1.0150 0.5304 -0.3023
v 0.9856 0.5095 -0.3168
v 0.6773 0.4178 -0.3681
v 0.6301 0.4915 -0.3592
v 0.5838 0.3594 -0.3725
v 0.5373 0.4321 -0.3639
v 0.5831 0.5616 -0.3334
v 0.4911 0.5011 -0.3390
v 0.4957 0.3043 -0.3646
v 0.4230 0.2589 -0.3382
v 0.3815 0.3244 -0.3333
v 0.4509 0.3744 -0.3572
v 0.3409 0.3856 -0.3142
v 0.4066 0.4408 -0.3343
v 0.2673 0.4857 -0.2250
v 0.3258 0.5516 -0.2412
v 0.3645 0.5003 -0.2945
v 0.3027 0.4391 -0.2761
v 0.4065 0.6175 -0.2436
v 0.4469 0.5637 -0.2982
v 0.4971 0.6802 -0.2372
v 0.5382 0.6253 -0.2924
v 0.4616 0.7234 -0.1692
v 0.3714 0.6604 -0.1769
v 0.4328 0.7542 -0.0918
v 0.3429 0.6909 -0.1008
v 0.2350 0.5259 -0.1672
v 0.2918 0.5935 -0.1774
v 0.2088 0.5549 -0.1019
v 0.2641 0.6234 -0.1051
v 0.1827 0.5669 0.0483
v 0.2335 0.6402 0.0569
v 0.2448 0.6386 -0.0259
v 0.1921 0.5671 -0.0288
v 0.3101 0.7101 0.0676
v 0.3223 0.7076 -0.0182
v 0.3990 0.7743 0.0791
v 0.4116 0.7714 -0.0079
v 0.3961 0.7618 0.1661
v 0.3070 0.6980 0.1534
v 0.4024 0.7351 0.2500
v 0.3129 0.6721 0.2360
v 0.1784 0.5585 0.1252
v 0.2301 0.6293 0.1396
v 0.1821 0.5382 0.1983
v 0.2352 0.6053 0.2189
v 0.2186 0.4552 0.3215
v 0.2727 0.5184 0.3548
v 0.2500 0.5674 0.2912
v 0.1966 0.5020 0.2636
v 0.3510 0.5829 0.3788
v 0.3279 0.6331 0.3119
v 0.4407 0.6449 0.3954
v 0.4173 0.6958 0.3274
v 0.4720 0.5839 0.4505
v 0.3817 0.5229 0.4334
v 0.5095 0.5157 0.4916
v 0.4186 0.4558 0.4741
v 0.2449 0.4030 0.3726
v 0.3019 0.4611 0.4082
v 0.2763 0.3453 0.4107
v 0.3369 0.3972 0.4480
v 0.3542 0.2159 0.4346
v 0.4205 0.2574 0.4783
v 0.3771 0.3283 0.4710
v 0.3135 0.2819 0.4299
v 0.5053 0.3103 0.5077
v 0.4604 0.3840 0.4990
v 0.5975 0.3680 0.5263
v 0.5520 0.4427 0.5173
v 0.6447 0.2943 0.5173
v 0.5518 0.2377 0.4990
v 0.6917 0.2242 0.4916
v 0.5980 0.1686 0.4741
v 0.3956 0.1505 0.4299
v 0.4653 0.1872 0.4710
v 0.4363 0.0892 0.4107
v 0.5096 0.1209 0.4480
v 0.5098 -0.0108 0.3215
v 0.5903 0.0102 0.3548
v 0.5516 0.0615 0.4082
v 0.4744 0.0357 0.3726
v 0.6826 0.0522 0.3788
v 0.6421 0.1061 0.4334
v 0.7777 0.1056 0.3954
v 0.7366 0.1604 0.4505
v 0.8131 0.0624 0.3274
v 0.7177 0.0093 0.3119
v 0.8420 0.0316 0.2500
v 0.7461 -0.0211 0.2360
v 0.5422 -0.0511 0.2636
v 0.6244 -0.0318 0.2912
v 0.5683 -0.0800 0.1983
v 0.6520 -0.0617 0.2189
v 0.5945 -0.0921 0.0483
v 0.6826 -0.0785 0.0569
v 0.6714 -0.0769 0.1396
v 0.5851 -0.0923 0.1252
v 0.7790 -0.0403 0.0676
v 0.7668 -0.0378 0.1534
v 0.8757 0.0115 0.0791
v 0.8631 0.0144 0.1661
v 0.8786 0.0241 -0.0079
v 0.7821 -0.0283 -0.0182
v 0.8724 0.0506 -0.0918
v 0.7761 -0.0024 -0.1008
v 0.5988 -0.0837 -0.0288
v 0.6861 -0.0677 -0.0259
v 0.5951 -0.0633 -0.1019
v 0.6809 -0.0436 -0.1051
v 0.5585 0.0197 -0.2250
v 0.6434 0.0433 -0.2412
v 0.6661 -0.0057 -0.1774
v 0.5806 -0.0271 -0.1672
v 0.7380 0.0869 -0.2436
v 0.7612 0.0365 -0.1769
v 0.8341 0.1408 -0.2372
v 0.8574 0.0900 -0.1692
v 0.8028 0.2018 -0.2924
v 0.7073 0.1469 -0.2982
v 0.7652 0.2701 -0.3334
v 0.6705 0.2139 -0.3390
v 0.5322 0.0719 -0.2761
v 0.6143 0.1006 -0.2945
v 0.5009 0.1296 -0.3142
v 0.5793 0.1645 -0.3343
v 0.5391 0.2333 -0.3572
v 0.4636 0.1930 -0.3333
v 0.6287 0.2858 -0.3639
v 0.7228 0.3431 -0.3592
v 0.3192 0.1940 0.0397
v 0.2707 0.2932 -0.0695
v 0.2956 0.2674 -0.1397
v 0.3329 0.2026 -0.1147
v 0.2468 0.3606 -0.1381
v 0.2724 0.3298 -0.1892
v 0.3152 0.2676 -0.2202
v 0.3486 0.2124 -0.2121
v 0.2958 0.3126 -0.2297
v 0.2434 0.4234 -0.1903
v 0.2735 0.3847 -0.2378
v 0.3053 0.3408 -0.2734
v 0.3764 0.2297 -0.2870
v 0.3401 0.2876 -0.2862
v 0.2369 0.3256 0.0397
v 0.2303 0.3511 -0.0346
v 0.1915 0.4138 0.0405
v 0.1929 0.4243 -0.0236
v 0.2161 0.4020 -0.0985
v 0.1971 0.4390 -0.0710
v 0.1711 0.4928 0.0431
v 0.1775 0.4960 -0.0248
v 0.1899 0.4886 -0.0880
v 0.2137 0.4612 -0.1418
v 0.2513 0.2811 0.1488
v 0.2170 0.3428 0.1139
v 0.2150 0.3407 0.2191
v 0.1913 0.3865 0.1795
v 0.1814 0.4171 0.1046
v 0.1771 0.4265 0.1534
v 0.2018 0.3974 0.2764
v 0.1808 0.4406 0.2279
v 0.1666 0.4740 0.1742
v 0.1654 0.4885 0.1109
v 0.3054 0.1854 0.1940
v 0.2636 0.2474 0.2190
v 0.3036 0.1843 0.2930
v 0.2687 0.2385 0.3012
v 0.2315 0.3042 0.2702
v 0.2475 0.2824 0.3121
v 0.3175 0.1930 0.3731
v 0.2814 0.2509 0.3724
v 0.2489 0.3055 0.3596
v 0.2234 0.3534 0.3240
v 0.3676 0.0949 0.1488
v 0.3427 0.1208 0.2190
v 0.4053 0.0362 0.2191
v 0.3797 0.0670 0.2702
v 0.3370 0.1292 0.3012
v 0.3671 0.0910 0.3121
v 0.4505 -0.0006 0.2764
v 0.4204 0.0382 0.3240
v 0.3886 0.0820 0.3596
v 0.3537 0.1352 0.3724
v 0.4014 0.0624 0.0397
v 0.4081 0.0370 0.1139
v 0.4606 -0.0170 0.0405
v 0.4593 -0.0275 0.1046
v 0.4361 -0.0052 0.1795
v 0.4658 -0.0355 0.1534
v 0.5228 -0.0700 0.0431
v 0.5163 -0.0732 0.1109
v 0.5039 -0.0658 0.1742
v 0.4801 -0.0384 0.2279
v 0.3870 0.1071 -0.0695
v 0.4214 0.0453 -0.0346
v 0.4371 0.0561 -0.1381
v 0.4609 0.0103 -0.0985
v 0.4707 -0.0204 -0.0236
v 0.4858 -0.0230 -0.0710
v 0.4921 0.0254 -0.1903
v 0.5131 -0.0178 -0.1418
v 0.5272 -0.0512 -0.0880
v 0.5284 -0.0656 -0.0248
v 0.3747 0.1407 -0.1397
v 0.3835 0.1583 -0.2202
v 0.4207 0.0926 -0.1892
v 0.4154 0.1211 -0.2297
v 0.4124 0.1719 -0.2862
v 0.4450 0.1172 -0.2734
v 0.4704 0.0694 -0.2378
v 0.9457 0.6803 -0.2842
v 0.9890 0.6126 -0.2925
v 0.9026 0.7446 -0.2607
v 0.9543 0.6815 -0.2650
v 0.9957 0.6168 -0.2730
v 0.9131 0.7429 -0.2425
v 0.8236 0.8535 -0.1723
v 0.8613 0.8032 -0.2229
v 0.8377 0.8468 -0.1581
v 0.8737 0.7988 -0.2064
v 0.8418 0.8216 -0.1355
v 0.8748 0.7776 -0.1798
v 0.8778 0.7893 -0.1914
v 0.8434 0.8351 -0.1453
v 0.9109 0.7264 -0.2128
v 0.9154 0.7360 -0.2257
v 0.9485 0.6702 -0.2334
v 0.9864 0.6110 -0.2406
v 0.9941 0.6158 -0.2548
v 0.9546 0.6774 -0.2473
v 0.7910 0.8932 -0.1099
v 0.7646 0.9215 -0.0388
v 0.8066 0.8848 -0.0985
v 0.7814 0.9117 -0.0307
v 0.7336 0.9399 0.1181
v 0.7451 0.9373 0.0382
v 0.7518 0.9293 0.1192
v 0.7628 0.9269 0.0429
v 0.7631 0.8971 0.1184
v 0.7732 0.8948 0.0485
v 0.7720 0.9115 0.0464
v 0.7615 0.9138 0.1192
v 0.7902 0.8810 -0.0188
v 0.7897 0.8971 -0.0237
v 0.8133 0.8563 -0.0809
v 0.8138 0.8713 -0.0885
v 0.7309 0.9284 0.1980
v 0.7366 0.9040 0.2750
v 0.7492 0.9184 0.1955
v 0.7547 0.8950 0.2689
v 0.7718 0.8212 0.4084
v 0.7504 0.8678 0.3461
v 0.7883 0.8159 0.3964
v 0.7678 0.8605 0.3369
v 0.7965 0.7933 0.3722
v 0.7778 0.8341 0.3177
v 0.7768 0.8482 0.3268
v 0.7963 0.8057 0.3836
v 0.7657 0.8657 0.2555
v 0.7642 0.8812 0.2620
v 0.7608 0.8870 0.1882
v 0.7590 0.9034 0.1919
v 0.8005 0.7652 0.4592
v 0.8350 0.7024 0.4969
v 0.8157 0.7625 0.4448
v 0.8487 0.7026 0.4808
v 0.9158 0.5668 0.5288
v 0.8739 0.6355 0.5204
v 0.9258 0.5731 0.5112
v 0.8858 0.6387 0.5034
v 0.9224 0.5710 0.4773
v 0.8858 0.6310 0.4702
v 0.8893 0.6366 0.4856
v 0.9274 0.5741 0.4931
v 0.8518 0.6895 0.4495
v 0.8539 0.6976 0.4641
v 0.8216 0.7444 0.4164
v 0.8224 0.7547 0.4297
v 0.9591 0.4992 0.5204
v 1.0022 0.4349 0.4969
v 0.9672 0.5085 0.5034
v 1.0083 0.4471 0.4808
v 1.0812 0.3260 0.4084
v 1.0435 0.3763 0.4592
v 1.0838 0.3430 0.3964
v 1.0477 0.3912 0.4448
v 1.0670 0.3604 0.3722
v 1.0341 0.4044 0.4164
v 1.0437 0.4006 0.4297
v 1.0780 0.3548 0.3836
v 0.9980 0.4556 0.4495
v 1.0061 0.4539 0.4641
v 0.9603 0.5118 0.4702
v 0.9668 0.5125 0.4856
v 1.1138 0.2862 0.3461
v 1.1402 0.2580 0.2750
v 1.1149 0.3051 0.3369
v 1.1401 0.2782 0.2689
v 1.1712 0.2395 0.1181
v 1.1596 0.2422 0.1980
v 1.1697 0.2606 0.1192
v 1.1587 0.2631 0.1955
v 1.1457 0.2849 0.1184
v 1.1356 0.2872 0.1882
v 1.1495 0.2785 0.1919
v 1.1600 0.2761 0.1192
v 1.1186 0.3010 0.2555
v 1.1318 0.2929 0.2620
v 1.0955 0.3257 0.3177
v 1.1077 0.3186 0.3268
v 1.1739 0.2511 0.0382
v 1.1682 0.2755 -0.0388
v 1.1723 0.2716 0.0429
v 1.1668 0.2949 -0.0307
v 1.1330 0.3583 -0.1723
v 1.1544 0.3116 -0.1099
v 1.1332 0.3739 -0.1581
v 1.1537 0.3294 -0.0985
v 1.1123 0.3887 -0.1355
v 1.1310 0.3479 -0.0809
v 1.1447 0.3417 -0.0885
v 1.1252 0.3842 -0.1453
v 1.1431 0.3163 -0.0188
v 1.1573 0.3088 -0.0237
v 1.1480 0.2950 0.0485
v 1.1625 0.2866 0.0464
v 1.1043 0.4143 -0.2229
v 1.0697 0.4771 -0.2607
v 1.1058 0.4274 -0.2064
v 1.0728 0.4874 -0.2425
v 1.0308 0.5440 -0.2842
v 1.0356 0.5513 -0.2650
v 1.0230 0.5510 -0.2334
v 1.0322 0.5533 -0.2473
v 1.0570 0.4925 -0.2128
v 1.0676 0.4924 -0.2257
v 1.0872 0.4376 -0.1798
v 1.0990 0.4352 -0.1914
v 0.9381 0.6615 -0.2259
v 0.9750 0.6038 -0.2329
v 0.9013 0.7164 -0.2057
v 0.9248 0.6527 -0.2178
v 0.9615 0.5954 -0.2246
v 0.8887 0.7068 -0.1985
v 0.8340 0.8092 -0.1305
v 0.8662 0.7662 -0.1736
v 0.8243 0.7967 -0.1265
v 0.8550 0.7555 -0.1677
v 0.8440 0.7451 -0.1569
v 0.8169 0.7828 -0.1201
v 0.8746 0.6986 -0.1843
v 0.9472 0.5864 -0.2086
v 0.9100 0.6447 -0.2021
v 0.8062 0.8430 -0.0773
v 0.7837 0.8671 -0.0167
v 0.7977 0.8289 -0.0756
v 0.7757 0.8516 -0.0169
v 0.7573 0.8828 0.1171
v 0.7671 0.8806 0.0489
v 0.7499 0.8665 0.1155
v 0.7596 0.8644 0.0478
v 0.7561 0.8418 0.0452
v 0.7466 0.8435 0.1139
v 0.7718 0.8305 -0.0189
v 0.7925 0.8111 -0.0740
v 0.7550 0.8730 0.1852
v 0.7599 0.8522 0.2507
v 0.7476 0.8568 0.1831
v 0.7521 0.8368 0.2479
v 0.7899 0.7816 0.3645
v 0.7716 0.8214 0.3114
v 0.7812 0.7697 0.3576
v 0.7636 0.8076 0.3067
v 0.7589 0.7901 0.3023
v 0.7751 0.7568 0.3484
v 0.7481 0.8157 0.2468
v 0.7439 0.8342 0.1825
v 0.8144 0.7339 0.4077
v 0.8438 0.6804 0.4399
v 0.8045 0.7239 0.3988
v 0.8327 0.6719 0.4294
v 0.9126 0.5648 0.4670
v 0.8769 0.6233 0.4600
v 0.9008 0.5575 0.4556
v 0.8654 0.6156 0.4488
v 0.8536 0.6095 0.4299
v 0.8897 0.5505 0.4365
v 0.8215 0.6654 0.4122
v 0.7957 0.7149 0.3851
v 0.9495 0.5072 0.4600
v 0.9863 0.4524 0.4399
v 0.9375 0.5002 0.4488
v 0.9738 0.4461 0.4294
v 1.0536 0.3596 0.3645
v 1.0215 0.4024 0.4077
v 1.0392 0.3569 0.3576
v 1.0081 0.3980 0.3988
v 0.9962 0.3940 0.3851
v 1.0248 0.3572 0.3484
v 0.9631 0.4388 0.4122
v 0.9268 0.4924 0.4299
v 1.0813 0.3257 0.3114
v 1.1039 0.3016 0.2507
v 1.0655 0.3245 0.3067
v 1.0867 0.3015 0.2479
v 1.1303 0.2859 0.1171
v 1.1205 0.2881 0.1852
v 1.1124 0.2864 0.1155
v 1.1027 0.2885 0.1831
v 1.0807 0.2952 0.1825
v 1.0902 0.2935 0.1139
v 1.0659 0.3070 0.2468
v 1.0477 0.3280 0.3023
v 1.1326 0.2957 0.0489
v 1.1277 0.3165 -0.0167
v 1.1148 0.2960 0.0478
v 1.1103 0.3162 -0.0169
v 1.0977 0.3871 -0.1305
v 1.1160 0.3474 -0.0773
v 1.0823 0.3839 -0.1265
v 1.0995 0.3458 -0.0756
v 1.0812 0.3490 -0.0740
v 1.0665 0.3833 -0.1201
v 1.0896 0.3218 -0.0189
v 1.0929 0.3029 0.0452
v 1.0733 0.4348 -0.1736
v 1.0438 0.4883 -0.2057
v 1.0586 0.4296 -0.1677
v 1.0298 0.4811 -0.1985
v 1.0106 0.5454 -0.2259
v 0.9969 0.5373 -0.2178
v 0.9832 0.5276 -0.2021
v 1.0162 0.4720 -0.1843
v 1.0445 0.4242 -0.1569
v 0.5488 0.3415 -1.5718
v 0.5315 0.3933 -1.5704
v 0.5085 0.3919 -1.4708
v 0.5308 0.3305 -1.4722
v 0.5321 0.4525 -1.5711
v 0.5061 0.4615 -1.4723
v 0.4877 0.3937 -1.3489
v 0.5161 0.3217 -1.3504
v 0.4797 0.4743 -1.3512
v 0.5464 0.5131 -1.5786
v 0.5705 0.5688 -1.5978
v 0.5465 0.5995 -1.5090
v 0.5200 0.5328 -1.4831
v 0.5145 0.6352 -1.3976
v 0.4888 0.5571 -1.3641
v 0.4540 0.5806 -1.2329
v 0.4727 0.6690 -1.2726
v 0.4556 0.4874 -1.2214
v 0.5059 0.3157 -1.2211
v 0.4713 0.3971 -1.2196
v 0.7632 0.2617 -1.5977
v 0.7024 0.2644 -1.5785
v 0.7083 0.2323 -1.4831
v 0.7800 0.2271 -1.5090
v 0.6416 0.2780 -1.5710
v 0.6380 0.2511 -1.4723
v 0.7160 0.1943 -1.3641
v 0.7975 0.1830 -1.3975
v 0.6376 0.2222 -1.3512
v 0.5879 0.3034 -1.5704
v 0.5764 0.2837 -1.4707
v 0.5685 0.2647 -1.3488
v 0.5641 0.2488 -1.2196
v 0.6383 0.1952 -1.2215
v 0.8090 0.1311 -1.2728
v 0.7213 0.1530 -1.2330
v 0.9448 0.3318 -1.8115
v 0.9062 0.3058 -1.7430
v 0.9576 0.2789 -1.6958
v 1.0034 0.3097 -1.7792
v 0.8639 0.2842 -1.6826
v 0.9048 0.2531 -1.6199
v 1.0126 0.2436 -1.6412
v 1.0669 0.2799 -1.7422
v 0.9481 0.2128 -1.5458
v 0.8166 0.2689 -1.6333
v 0.8455 0.2350 -1.5562
v 0.8757 0.1908 -1.4613
v 0.8971 0.1384 -1.3594
v 0.9812 0.1652 -1.4716
v 1.1197 0.2431 -1.7072
v 1.0571 0.2014 -1.5889
v 1.0961 0.4888 -2.1499
v 1.0545 0.4362 -2.0538
v 1.1114 0.4275 -2.0558
v 1.1490 0.4857 -2.1637
v 1.0169 0.3943 -1.9660
v 1.0769 0.3808 -1.9572
v 1.1730 0.4134 -2.0592
v 1.2061 0.4782 -2.1810
v 1.1421 0.3611 -1.9477
v 0.9811 0.3605 -1.8856
v 1.0420 0.3426 -1.8657
v 1.1083 0.3178 -1.8432
v 1.1640 0.2860 -1.8228
v 1.1967 0.3342 -1.9402
v 1.2525 0.4636 -2.2002
v 1.2239 0.3921 -2.0645
v 1.2132 0.7438 -2.4563
v 1.2130 0.6911 -2.4256
v 1.2556 0.7103 -2.4764
v 1.2512 0.7703 -2.5113
v 1.1861 0.6250 -2.3528
v 1.2325 0.6366 -2.3937
v 1.3003 0.7294 -2.5376
v 1.2902 0.7978 -2.5772
v 1.2817 0.6464 -2.4432
v 1.1435 0.5546 -2.2553
v 1.1933 0.5585 -2.2829
v 1.2463 0.5594 -2.3166
v 1.2888 0.5530 -2.3521
v 1.3202 0.6492 -2.4942
v 1.3183 0.8183 -2.6446
v 1.3341 0.7413 -2.6004
v 0.9569 0.7788 -2.1572
v 1.0363 0.7877 -2.2619
v 1.0545 0.8301 -2.2882
v 0.9702 0.8263 -2.1695
v 1.1132 0.7878 -2.3578
v 1.1379 0.8253 -2.3977
v 1.0705 0.8767 -2.3202
v 0.9804 0.8789 -2.1849
v 1.1614 0.8660 -2.4458
v 1.1761 0.7747 -2.4281
v 1.2077 0.8070 -2.4785
v 1.2392 0.8416 -2.5390
v 1.2600 0.8693 -2.6008
v 1.1743 0.9000 -2.4950
v 0.9801 0.9249 -2.2015
v 1.0759 0.9165 -2.3532
v 0.7207 0.7046 -1.8132
v 0.7701 0.7276 -1.8889
v 0.7777 0.7895 -1.8684
v 0.7249 0.7666 -1.7806
v 0.8250 0.7482 -1.9711
v 0.8345 0.8067 -1.9613
v 0.7811 0.8590 -1.8451
v 0.7241 0.8365 -1.7431
v 0.8398 0.8722 -1.9505
v 0.8870 0.7654 -2.0604
v 0.8978 0.8187 -2.0611
v 0.9050 0.8781 -2.0627
v 0.9015 0.9310 -2.0657
v 0.8347 0.9312 -1.9414
v 0.7125 0.9001 -1.7077
v 0.7736 0.9221 -1.8235
v 0.6002 0.6136 -1.6334
v 0.5823 0.6550 -1.5562
v 0.6354 0.6497 -1.6829
v 0.6252 0.7006 -1.6201
v 0.5557 0.7020 -1.4614
v 0.6077 0.7576 -1.5459
v 0.6757 0.6793 -1.7437
v 0.6734 0.7374 -1.6963
v 0.6650 0.8027 -1.6417
v 0.6459 0.8615 -1.5891
v 0.5791 0.8090 -1.4717
v 0.5178 0.7450 -1.3592
v 0.2609 0.3755 -1.6607
v 0.2606 0.3344 -1.6399
v 0.2245 0.3511 -1.5432
v 0.2301 0.4057 -1.5708
v 0.2714 0.2893 -1.6298
v 0.2329 0.2924 -1.5300
v 0.1838 0.3736 -1.4198
v 0.1963 0.4457 -1.4546
v 0.1895 0.2973 -1.4051
v 0.2910 0.2423 -1.6269
v 0.3169 0.1959 -1.6273
v 0.2834 0.1750 -1.5270
v 0.2532 0.2326 -1.5263
v 0.2458 0.1516 -1.4022
v 0.2106 0.2221 -1.4012
v 0.1707 0.2121 -1.2675
v 0.2104 0.1296 -1.2688
v 0.1485 0.3027 -1.2701
v 0.1655 0.4916 -1.3216
v 0.1453 0.3991 -1.2818
v 0.3808 0.4897 -1.8659
v 0.3361 0.4657 -1.8007
v 0.3311 0.5275 -1.7537
v 0.3827 0.5557 -1.8341
v 0.3002 0.4397 -1.7432
v 0.2865 0.4935 -1.6803
v 0.3325 0.6057 -1.6965
v 0.3922 0.6389 -1.7949
v 0.2767 0.5621 -1.6026
v 0.2746 0.4100 -1.6958
v 0.2518 0.4530 -1.6179
v 0.2293 0.5087 -1.5187
v 0.2135 0.5708 -1.4085
v 0.2775 0.6368 -1.5209
v 0.4132 0.7282 -1.7539
v 0.3454 0.6898 -1.6374
v 0.6269 0.5660 -2.1942
v 0.5560 0.5525 -2.1000
v 0.5647 0.6083 -2.1013
v 0.6384 0.6155 -2.2072
v 0.4911 0.5343 -2.0145
v 0.4982 0.5960 -2.0054
v 0.5821 0.6792 -2.1020
v 0.6590 0.6789 -2.2221
v 0.5140 0.6739 -1.9935
v 0.4325 0.5130 -1.9369
v 0.4380 0.5785 -1.9171
v 0.4517 0.6610 -1.8925
v 0.4768 0.7497 -1.8663
v 0.5411 0.7580 -1.9801
v 0.6907 0.7487 -2.2355
v 0.6108 0.7565 -2.1013
v 0.8746 0.5307 -2.5007
v 0.8367 0.5594 -2.4685
v 0.8678 0.5920 -2.5211
v 0.9120 0.5564 -2.5580
v 0.7766 0.5727 -2.3955
v 0.8004 0.6113 -2.4370
v 0.9118 0.6354 -2.5830
v 0.9633 0.5913 -2.6255
v 0.8358 0.6617 -2.4860
v 0.7036 0.5738 -2.2983
v 0.7205 0.6178 -2.3258
v 0.7475 0.6745 -2.3579
v 0.7856 0.7378 -2.3885
v 0.8822 0.7187 -2.5334
v 1.0255 0.6331 -2.6912
v 0.9666 0.6856 -2.6432
v 0.7859 0.2980 -2.2117
v 0.8292 0.3607 -2.3144
v 0.8757 0.3581 -2.3426
v 0.8354 0.2871 -2.2256
v 0.8634 0.4248 -2.4074
v 0.9075 0.4317 -2.4497
v 0.9378 0.3592 -2.3752
v 0.9013 0.2788 -2.2408
v 0.9667 0.4442 -2.4991
v 0.8810 0.4836 -2.4749
v 0.9223 0.5004 -2.5279
v 0.9784 0.5246 -2.5901
v 1.0453 0.5559 -2.6502
v 1.0367 0.4640 -2.5464
v 0.9777 0.2779 -2.2541
v 1.0105 0.3679 -2.4057
v 0.6064 0.1218 -1.8695
v 0.6502 0.1557 -1.9444
v 0.7115 0.1320 -1.9248
v 0.6664 0.0949 -1.8376
v 0.6953 0.1960 -2.0265
v 0.7542 0.1755 -2.0177
v 0.7917 0.1085 -1.8999
v 0.7451 0.0675 -1.7982
v 0.8313 0.1558 -2.0059
v 0.7410 0.2432 -2.1157
v 0.7953 0.2268 -2.1176
v 0.8668 0.2117 -2.1186
v 0.9488 0.2042 -2.1177
v 0.9188 0.1437 -1.9921
v 0.8344 0.0479 -1.7569
v 0.8824 0.0927 -1.8733
v 0.4512 0.0673 -1.6618
v 0.4881 0.0643 -1.6967
v 0.5160 0.0260 -1.6192
v 0.4642 0.0272 -1.5726
v 0.5259 0.0739 -1.7440
v 0.5677 0.0388 -1.6812
v 0.5554 -0.0176 -1.5205
v 0.4846 -0.0196 -1.4570
v 0.6243 0.0010 -1.6038
v 0.5652 0.0938 -1.8023
v 0.6181 0.0628 -1.7552
v 0.6884 0.0305 -1.6979
v 0.7694 0.0059 -1.6386
v 0.6913 -0.0302 -1.5221
v 0.5114 -0.0660 -1.3250
v 0.6035 -0.0578 -1.4108
v 0.3467 0.1522 -1.6274
v 0.3213 0.1227 -1.5271
v 0.3797 0.1141 -1.6308
v 0.3651 0.0786 -1.5314
v 0.2929 0.0893 -1.4023
v 0.3500 0.0379 -1.4070
v 0.4147 0.0849 -1.6410
v 0.4134 0.0458 -1.5449
v 0.4150 0.0003 -1.4222
v 0.4203 -0.0445 -1.2851
v 0.3366 -0.0007 -1.2726
v 0.2661 0.0580 -1.2688
v 0.8703 0.6744 -2.1520
v 0.8251 0.6464 -2.1572
v 0.8982 0.6616 -2.2452
v 0.9440 0.6901 -2.2398
v 0.7722 0.6137 -2.1632
v 0.8446 0.6282 -2.2518
v 0.9666 0.6676 -2.3256
v 1.0131 0.6966 -2.3194
v 0.9121 0.6335 -2.3327
v 0.7194 0.5809 -2.1693
v 0.6741 0.5530 -2.1745
v 0.7451 0.5663 -2.2639
v 0.7909 0.5948 -2.2583
v 0.8110 0.5704 -2.3461
v 0.8574 0.5995 -2.3400
v 0.8945 0.5408 -2.4339
v 0.9411 0.5699 -2.4264
v 0.9104 0.5921 -2.4005
v 0.8635 0.5628 -2.4074
v 0.9959 0.6042 -2.4175
v 0.9656 0.6266 -2.3926
v 1.0508 0.6385 -2.4087
v 1.0975 0.6676 -2.4012
v 1.0676 0.6903 -2.3777
v 1.0207 0.6610 -2.3846
v 0.6419 0.5800 -1.8646
v 0.5954 0.5523 -1.8705
v 0.6414 0.5760 -1.9304
v 0.6874 0.6036 -1.9248
v 0.5411 0.5201 -1.8773
v 0.5876 0.5437 -1.9370
v 0.6957 0.6011 -1.9988
v 0.7412 0.6287 -1.9934
v 0.6425 0.5689 -2.0050
v 0.4867 0.4877 -1.8842
v 0.4403 0.4601 -1.8900
v 0.4878 0.4839 -1.9491
v 0.5339 0.5115 -1.9436
v 0.5438 0.5092 -2.0166
v 0.5894 0.5367 -2.0112
v 0.6517 0.5606 -2.0868
v 0.6065 0.5330 -2.0920
v 0.7045 0.5930 -2.0807
v 0.8025 0.6531 -2.0695
v 0.7573 0.6255 -2.0747
v 0.5479 0.4978 -1.7191
v 0.5027 0.4708 -1.7246
v 0.5128 0.4946 -1.7469
v 0.5590 0.5219 -1.7412
v 0.4499 0.4393 -1.7311
v 0.4587 0.4626 -1.7536
v 0.5314 0.5143 -1.7787
v 0.5781 0.5419 -1.7728
v 0.4769 0.4820 -1.7855
v 0.3970 0.4080 -1.7375
v 0.3517 0.3810 -1.7431
v 0.3585 0.4033 -1.7661
v 0.4047 0.4306 -1.7603
v 0.3755 0.4223 -1.7984
v 0.4223 0.4499 -1.7925
v 0.4496 0.4681 -1.8338
v 0.4029 0.4404 -1.8397
v 0.5042 0.5003 -1.8268
v 0.6056 0.5602 -1.8139
v 0.5588 0.5327 -1.8198
v 0.5767 0.3586 -1.7001
v 0.5371 0.3337 -1.7049
v 0.5186 0.3692 -1.7045
v 0.5590 0.3941 -1.6996
v 0.4909 0.3047 -1.7105
v 0.4715 0.3402 -1.7102
v 0.5062 0.4056 -1.7060
v 0.5482 0.4311 -1.7009
v 0.4575 0.3759 -1.7119
v 0.4446 0.2758 -1.7161
v 0.4050 0.2509 -1.7209
v 0.3841 0.2862 -1.7208
v 0.4246 0.3112 -1.7159
v 0.3668 0.3208 -1.7229
v 0.4087 0.3463 -1.7178
v 0.3989 0.3792 -1.7242
v 0.3552 0.3530 -1.7294
v 0.4498 0.4097 -1.7179
v 0.5444 0.4665 -1.7066
v 0.5007 0.4402 -1.7118
v 0.6894 0.2720 -1.7190
v 0.6451 0.2429 -1.7247
v 0.6168 0.2545 -1.7119
v 0.6597 0.2824 -1.7065
v 0.5933 0.2089 -1.7313
v 0.5667 0.2219 -1.7182
v 0.5881 0.2747 -1.7061
v 0.6294 0.3013 -1.7009
v 0.5398 0.2436 -1.7120
v 0.5415 0.1750 -1.7378
v 0.4972 0.1459 -1.7435
v 0.4738 0.1614 -1.7298
v 0.5167 0.1894 -1.7245
v 0.4503 0.1859 -1.7231
v 0.4917 0.2125 -1.7180
v 0.4673 0.2422 -1.7161
v 0.4271 0.2166 -1.7210
v 0.5141 0.2718 -1.7103
v 0.6009 0.3272 -1.6996
v 0.5608 0.3016 -1.7046
v 0.7981 0.3143 -1.8636
v 0.7536 0.2850 -1.8704
v 0.7231 0.2641 -1.8198
v 0.7685 0.2940 -1.8135
v 0.7017 0.2509 -1.8782
v 0.6702 0.2292 -1.8272
v 0.6961 0.2492 -1.7787
v 0.7417 0.2792 -1.7726
v 0.6430 0.2139 -1.7857
v 0.6497 0.2166 -1.8859
v 0.6052 0.1873 -1.8926
v 0.5720 0.1643 -1.8409
v 0.6173 0.1942 -1.8346
v 0.5443 0.1487 -1.7989
v 0.5898 0.1788 -1.7928
v 0.5652 0.1720 -1.7606
v 0.5200 0.1423 -1.7664
v 0.6180 0.2068 -1.7538
v 0.7161 0.2714 -1.7411
v 0.6708 0.2416 -1.7470
v 0.9643 0.4528 -2.1481
v 0.9239 0.4272 -2.1570
v 0.8757 0.3804 -2.0745
v 0.9163 0.4063 -2.0660
v 0.8766 0.3974 -2.1673
v 0.8282 0.3501 -2.0843
v 0.8307 0.3420 -1.9986
v 0.8724 0.3689 -1.9906
v 0.7819 0.3104 -2.0078
v 0.8292 0.3675 -2.1776
v 0.7888 0.3418 -2.1864
v 0.7400 0.2938 -2.1027
v 0.7807 0.3197 -2.0943
v 0.6916 0.2520 -2.0249
v 0.7332 0.2789 -2.0170
v 0.6890 0.2447 -1.9472
v 0.6458 0.2165 -1.9545
v 0.7393 0.2776 -1.9387
v 0.8329 0.3387 -1.9229
v 0.7898 0.3105 -1.9303
v 1.0471 0.5966 -2.3845
v 1.0923 0.6249 -2.3764
v 0.9939 0.5634 -2.3940
v 1.0187 0.5426 -2.3255
v 1.0620 0.5698 -2.3169
v 0.9678 0.5108 -2.3355
v 0.8954 0.5019 -2.4117
v 0.9407 0.5301 -2.4036
v 0.8735 0.4519 -2.3542
v 0.9169 0.4789 -2.3456
v 0.8772 0.4226 -2.2658
v 0.8356 0.3966 -2.2746
v 0.9259 0.4532 -2.2555
v 1.0161 0.5098 -2.2362
v 0.9746 0.4837 -2.2451
v 0.6444 0.5345 -2.1779
v 0.7151 0.5476 -2.2675
v 0.6279 0.5285 -2.1812
v 0.6993 0.5411 -2.2724
v 0.7807 0.5515 -2.3501
v 0.7657 0.5445 -2.3566
v 0.6228 0.5381 -2.1862
v 0.6959 0.5490 -2.2816
v 0.7646 0.5510 -2.3701
v 0.8543 0.5166 -2.4659
v 0.8202 0.5410 -2.4366
v 0.8510 0.5138 -2.4473
v 0.8189 0.5362 -2.4197
v 0.8644 0.5220 -2.4388
v 0.8332 0.5438 -2.4118
v 1.1276 0.6864 -2.3962
v 1.0980 0.7093 -2.3733
v 1.1452 0.6976 -2.3937
v 1.1159 0.7206 -2.3709
v 1.0433 0.7155 -2.3155
v 1.0613 0.7269 -2.3132
v 1.1547 0.7035 -2.3929
v 1.1599 0.7069 -2.3936
v 1.1305 0.7305 -2.3708
v 1.1254 0.7268 -2.3702
v 1.0760 0.7372 -2.3128
v 1.0709 0.7332 -2.3125
v 0.9332 0.7157 -2.1450
v 0.9280 0.7110 -2.1454
v 1.0016 0.7267 -2.2332
v 1.0067 0.7310 -2.2331
v 0.9182 0.7042 -2.1465
v 0.9919 0.7202 -2.2340
v 0.9002 0.6928 -2.1485
v 0.9740 0.7087 -2.2361
v 0.4094 0.4418 -1.8939
v 0.4573 0.4656 -1.9529
v 0.3912 0.4375 -1.8931
v 0.4396 0.4613 -1.9532
v 0.5137 0.4908 -2.0202
v 0.4964 0.4861 -2.0214
v 0.3827 0.4519 -1.8847
v 0.4322 0.4755 -1.9483
v 0.4897 0.4991 -2.0197
v 0.5536 0.5207 -2.0989
v 0.5597 0.5093 -2.0976
v 0.5766 0.5146 -2.0954
v 0.8324 0.6715 -2.0660
v 0.8505 0.6829 -2.0640
v 0.7714 0.6470 -1.9899
v 0.7898 0.6585 -1.9876
v 0.8659 0.6949 -2.0619
v 0.8606 0.6899 -2.0627
v 0.8053 0.6709 -1.9851
v 0.8000 0.6657 -1.9862
v 0.7072 0.6225 -1.8544
v 0.7018 0.6171 -1.8563
v 0.7468 0.6406 -1.9170
v 0.7523 0.6460 -1.9155
v 0.6915 0.6098 -1.8581
v 0.7365 0.6333 -1.9186
v 0.6728 0.5982 -1.8607
v 0.7179 0.6218 -1.9210
v 0.3216 0.3631 -1.7467
v 0.3278 0.3851 -1.7699
v 0.3005 0.3553 -1.7400
v 0.3072 0.3785 -1.7644
v 0.3445 0.4040 -1.8023
v 0.3247 0.3984 -1.7983
v 0.2823 0.3590 -1.7142
v 0.2912 0.3860 -1.7422
v 0.3114 0.4091 -1.7806
v 0.3422 0.4304 -1.8284
v 0.3528 0.4173 -1.8413
v 0.3718 0.4221 -1.8437
v 0.6367 0.5786 -1.8099
v 0.6555 0.5901 -1.8073
v 0.6091 0.5602 -1.7689
v 0.6279 0.5716 -1.7661
v 0.6707 0.6026 -1.8027
v 0.6656 0.5973 -1.8051
v 0.6422 0.5833 -1.7608
v 0.6377 0.5785 -1.7637
v 0.6064 0.5353 -1.7062
v 0.6045 0.5324 -1.7099
v 0.6176 0.5578 -1.7319
v 0.6210 0.5619 -1.7286
v 0.5959 0.5266 -1.7126
v 0.6082 0.5514 -1.7346
v 0.5781 0.5157 -1.7154
v 0.5897 0.5401 -1.7373
v 0.3781 0.2342 -1.7242
v 0.3569 0.2695 -1.7241
v 0.3585 0.2217 -1.7161
v 0.3365 0.2582 -1.7160
v 0.3386 0.3037 -1.7262
v 0.3177 0.2936 -1.7183
v 0.3400 0.2102 -1.6871
v 0.3166 0.2501 -1.6869
v 0.2975 0.2893 -1.6894
v 0.2852 0.3262 -1.6975
v 0.3049 0.3265 -1.7254
v 0.3260 0.3354 -1.7330
v 0.5736 0.4840 -1.7030
v 0.5906 0.4945 -1.7003
v 0.5762 0.4481 -1.6975
v 0.5924 0.4580 -1.6949
v 0.5979 0.5007 -1.6939
v 0.5980 0.4995 -1.6976
v 0.5964 0.4617 -1.6888
v 0.5985 0.4622 -1.6923
v 0.6191 0.3852 -1.6887
v 0.6234 0.3879 -1.6919
v 0.6068 0.4239 -1.6914
v 0.6031 0.4220 -1.6880
v 0.6187 0.3848 -1.6944
v 0.6017 0.4206 -1.6938
v 0.6035 0.3753 -1.6968
v 0.5863 0.4109 -1.6964
v 0.4675 0.1266 -1.7472
v 0.4451 0.1427 -1.7334
v 0.4512 0.1110 -1.7406
v 0.4276 0.1276 -1.7260
v 0.4225 0.1679 -1.7265
v 0.4042 0.1535 -1.7187
v 0.4463 0.0931 -1.7150
v 0.4185 0.1102 -1.6983
v 0.3913 0.1373 -1.6900
v 0.3650 0.1717 -1.6872
v 0.3811 0.1859 -1.7162
v 0.4001 0.1993 -1.7242
v 0.6281 0.3444 -1.6963
v 0.6435 0.3541 -1.6938
v 0.6572 0.3192 -1.6976
v 0.6734 0.3295 -1.6949
v 0.6455 0.3547 -1.6880
v 0.6488 0.3573 -1.6914
v 0.6784 0.3314 -1.6888
v 0.6798 0.3331 -1.6923
v 0.7493 0.3085 -1.7061
v 0.7458 0.3079 -1.7098
v 0.7132 0.3164 -1.6976
v 0.7142 0.3159 -1.6939
v 0.7367 0.3028 -1.7125
v 0.7054 0.3120 -1.7002
v 0.7189 0.2913 -1.7153
v 0.6884 0.3012 -1.7029
v 0.5757 0.1679 -1.8972
v 0.5419 0.1444 -1.8451
v 0.5641 0.1535 -1.8966
v 0.5293 0.1295 -1.8428
v 0.5141 0.1288 -1.8029
v 0.5001 0.1133 -1.7989
v 0.5733 0.1397 -1.8883
v 0.5363 0.1143 -1.8299
v 0.5038 0.0969 -1.7813
v 0.4741 0.0893 -1.7428
v 0.4748 0.1067 -1.7649
v 0.4899 0.1224 -1.7703
v 0.7461 0.2913 -1.7372
v 0.7645 0.3029 -1.7345
v 0.7719 0.2992 -1.7686
v 0.7906 0.3111 -1.7659
v 0.7796 0.3100 -1.7285
v 0.7745 0.3086 -1.7318
v 0.8075 0.3190 -1.7605
v 0.8012 0.3170 -1.7634
v 0.8642 0.3539 -1.8523
v 0.8570 0.3515 -1.8542
v 0.8280 0.3318 -1.8043
v 0.8349 0.3341 -1.8019
v 0.8461 0.3454 -1.8563
v 0.8171 0.3258 -1.8065
v 0.8277 0.3337 -1.8592
v 0.7985 0.3138 -1.8093
v 0.7621 0.3250 -2.1922
v 0.7130 0.2765 -2.1083
v 0.7513 0.3140 -2.1970
v 0.7025 0.2647 -2.1118
v 0.6638 0.2340 -2.0302
v 0.6533 0.2213 -2.0325
v 0.7586 0.3060 -2.2029
v 0.7109 0.2548 -2.1140
v 0.6628 0.2099 -2.0313
v 0.6162 0.1716 -1.9558
v 0.6062 0.1843 -1.9603
v 0.6172 0.1978 -1.9594
v 0.8615 0.3575 -1.9181
v 0.8794 0.3687 -1.9151
v 0.9001 0.3867 -1.9855
v 0.9173 0.3976 -1.9821
v 0.8973 0.3772 -1.9115
v 0.8901 0.3746 -1.9131
v 0.9346 0.4058 -1.9789
v 0.9276 0.4032 -1.9802
v 1.0232 0.4879 -2.1363
v 1.0170 0.4851 -2.1370
v 0.9698 0.4394 -2.0551
v 0.9765 0.4420 -2.0540
v 1.0074 0.4797 -2.1388
v 0.9599 0.4339 -2.0569
v 0.9910 0.4696 -2.1423
v 0.9432 0.4236 -2.0604
v 0.8662 0.4836 -2.4171
v 0.8536 0.4748 -2.4254
v 0.8453 0.4342 -2.3598
v 0.8335 0.4247 -2.3674
v 0.8583 0.4750 -2.4427
v 0.8391 0.4220 -2.3816
v 0.8036 0.3637 -2.2969
v 0.7972 0.3693 -2.2867
v 0.8085 0.3795 -2.2805
v 1.0434 0.5269 -2.2304
v 1.0598 0.5370 -2.2270
v 1.0902 0.5873 -2.3112
v 1.1070 0.5977 -2.3080
v 1.0751 0.5452 -2.2252
v 1.0691 0.5425 -2.2255
v 1.1219 0.6063 -2.3070
v 1.1164 0.6034 -2.3068
v 1.1482 0.6597 -2.3671
v 1.1536 0.6628 -2.3677
v 1.1388 0.6540 -2.3681
v 1.1216 0.6432 -2.3710
v 0.5691 0.3541 -1.6344
v 0.5542 0.3992 -1.6332
v 0.5894 0.3666 -1.6688
v 0.5750 0.4074 -1.6678
v 0.5549 0.4506 -1.6334
v 0.5737 0.4533 -1.6681
v 0.6069 0.3776 -1.6839
v 0.5918 0.4157 -1.6831
v 0.5878 0.4579 -1.6837
v 0.6048 0.5370 -1.7009
v 0.5928 0.4997 -1.6885
v 0.5988 0.5409 -1.6861
v 0.5827 0.4995 -1.6730
v 0.5876 0.5504 -1.6542
v 0.5672 0.5029 -1.6391
v 0.7544 0.2850 -1.6541
v 0.7027 0.2874 -1.6391
v 0.7509 0.2992 -1.6860
v 0.7064 0.3028 -1.6730
v 0.6501 0.2991 -1.6334
v 0.6608 0.3148 -1.6680
v 0.7501 0.3063 -1.7008
v 0.7111 0.3118 -1.6884
v 0.6711 0.3255 -1.6836
v 0.6349 0.3474 -1.6831
v 0.6199 0.3360 -1.6678
v 0.6034 0.3211 -1.6332
v 0.9068 0.3455 -1.8322
v 0.8728 0.3226 -1.7732
v 0.8840 0.3527 -1.8441
v 0.8528 0.3316 -1.7903
v 0.8375 0.3040 -1.7228
v 0.8218 0.3148 -1.7455
v 0.8715 0.3549 -1.8498
v 0.8417 0.3347 -1.7986
v 0.8131 0.3190 -1.7563
v 0.7833 0.3092 -1.7236
v 0.7886 0.3036 -1.7104
v 0.7987 0.2910 -1.6825
v 1.0616 0.4904 -2.1416
v 1.0175 0.4414 -2.0529
v 1.0410 0.4906 -2.1374
v 0.9954 0.4437 -2.0527
v 0.9779 0.4026 -1.9719
v 0.9546 0.4066 -1.9755
v 1.0297 0.4896 -2.1360
v 0.9834 0.4436 -2.0532
v 0.9419 0.4073 -1.9776
v 0.9048 0.3784 -1.9097
v 0.9177 0.3770 -1.9059
v 0.9414 0.3714 -1.8984
v 1.1884 0.7266 -2.4220
v 1.1851 0.6783 -2.3938
v 1.1735 0.7162 -2.4033
v 1.1684 0.6705 -2.3765
v 1.1559 0.6172 -2.3274
v 1.1377 0.6122 -2.3136
v 1.1651 0.7103 -2.3955
v 1.1592 0.6658 -2.3693
v 1.1278 0.6089 -2.3080
v 1.0812 0.5475 -2.2256
v 1.0918 0.5495 -2.2291
v 1.1112 0.5518 -2.2382
v 0.9479 0.7481 -2.1497
v 1.0241 0.7603 -2.2456
v 0.9418 0.7301 -2.1459
v 1.0162 0.7442 -2.2370
v 1.0969 0.7635 -2.3328
v 1.0867 0.7491 -2.3195
v 0.9374 0.7206 -2.1448
v 1.0110 0.7356 -2.2336
v 1.0805 0.7415 -2.3140
v 1.1354 0.7343 -2.3725
v 1.1427 0.7411 -2.3796
v 1.1554 0.7537 -2.3967
v 0.7174 0.6643 -1.8342
v 0.7645 0.6877 -1.9022
v 0.7144 0.6409 -1.8461
v 0.7603 0.6643 -1.9099
v 0.8185 0.7104 -1.9776
v 0.8136 0.6882 -1.9816
v 0.7112 0.6287 -1.8520
v 0.7565 0.6522 -1.9138
v 0.8096 0.6767 -1.9838
v 0.8700 0.7003 -2.0612
v 0.8742 0.7109 -2.0606
v 0.8794 0.7310 -2.0602
v 0.6122 0.5875 -1.6826
v 0.6192 0.5728 -1.7106
v 0.6417 0.6170 -1.7230
v 0.6447 0.5981 -1.7458
v 0.6218 0.5655 -1.7237
v 0.6447 0.5883 -1.7566
v 0.6742 0.6084 -1.7995
v 0.6761 0.6197 -1.7913
v 0.6766 0.6417 -1.7740
v 0.2619 0.9344 -0.0040
v 0.2715 0.9221 -0.0418
v 0.2636 0.9737 -0.0496
v 0.2554 0.9877 -0.0088
v 0.2841 0.9064 -0.0877
v 0.2747 0.9561 -0.0991
v 0.2556 1.0344 -0.0579
v 0.2478 1.0495 -0.0134
v 0.2658 1.0148 -0.1120
v 0.2990 0.8886 -0.1389
v 0.3162 0.8702 -0.1928
v 0.3063 0.9166 -0.2122
v 0.2890 0.9364 -0.1544
v 0.2966 0.9716 -0.2347
v 0.2790 0.9931 -0.1721
v 0.2773 1.0957 -0.2844
v 0.2596 1.1208 -0.2114
v 0.2693 1.0555 -0.1913
v 0.2869 1.0323 -0.2590
v 0.2474 1.1467 -0.1404
v 0.2566 1.0793 -0.1258
v 0.2352 1.1694 -0.0750
v 0.2139 1.1842 -0.0162
v 0.2363 1.1149 -0.0167
v 0.2455 1.1008 -0.0656
v 0.3349 0.8525 -0.2463
v 0.3271 0.8983 -0.2696
v 0.3540 0.8360 -0.2969
v 0.3491 0.8816 -0.3237
v 0.3197 0.9526 -0.2964
v 0.3453 0.9358 -0.3546
v 0.3717 0.8212 -0.3415
v 0.3869 0.8085 -0.3774
v 0.3884 0.8542 -0.4093
v 0.3703 0.8668 -0.3712
v 0.3905 0.9071 -0.4471
v 0.3699 0.9207 -0.4062
v 0.3837 1.0170 -0.5449
v 0.3671 1.0397 -0.4868
v 0.3689 0.9787 -0.4461
v 0.3905 0.9620 -0.4904
v 0.3383 1.0575 -0.4241
v 0.3417 0.9952 -0.3888
v 0.3059 1.0754 -0.3560
v 0.3128 1.0126 -0.3256
v 0.2531 1.5298 -0.0673
v 0.2650 1.5070 -0.1256
v 0.3177 1.6388 -0.1388
v 0.3141 1.6702 -0.0790
v 0.2653 1.4710 -0.2019
v 0.3088 1.5932 -0.2173
v 0.3871 1.7863 -0.1543
v 0.3915 1.8259 -0.0936
v 0.3695 1.7321 -0.2340
v 0.2668 1.4310 -0.2894
v 0.2822 1.3959 -0.3813
v 0.3160 1.5057 -0.4021
v 0.3030 1.5452 -0.3073
v 0.3671 1.6332 -0.4223
v 0.3567 1.6766 -0.3257
v 0.5215 1.9380 -0.4657
v 0.5123 1.9827 -0.3685
v 0.4268 1.8232 -0.3457
v 0.4356 1.7776 -0.4431
v 0.5288 2.0393 -0.2759
v 0.4440 1.8825 -0.2532
v 0.5510 2.0947 -0.1953
v 0.5591 2.1356 -0.1342
v 0.4763 1.9849 -0.1117
v 0.4671 1.9412 -0.1728
v 0.3242 1.3751 -0.4709
v 0.3630 1.4863 -0.4948
v 0.3767 1.3626 -0.5545
v 0.4253 1.4790 -0.5816
v 0.4189 1.6151 -0.5171
v 0.4902 1.6126 -0.6060
v 0.4237 1.3524 -0.6284
v 0.4489 1.3389 -0.6890
v 0.5190 1.4691 -0.7218
v 0.4837 1.4759 -0.6585
v 0.6040 1.6152 -0.7501
v 0.5592 1.6160 -0.6850
v 0.7778 1.9158 -0.7907
v 0.7277 1.9170 -0.7260
v 0.6431 1.7654 -0.7076
v 0.6938 1.7674 -0.7733
v 0.6527 1.9147 -0.6479
v 0.5673 1.7593 -0.6280
v 0.5761 1.9186 -0.5600
v 0.4904 1.7598 -0.5386
v 0.6323 2.2383 -0.2227
v 0.6309 2.2660 -0.1617
v 0.6204 2.1975 -0.3032
v 0.7029 2.3639 -0.2540
v 0.6879 2.3729 -0.1948
v 0.7067 2.3445 -0.3333
v 0.6247 2.1139 -0.4912
v 0.6123 2.1529 -0.3954
v 0.7289 2.2868 -0.5179
v 0.7112 2.3176 -0.4243
v 0.8728 2.5518 -0.5678
v 0.8440 2.5655 -0.4785
v 0.7937 2.4606 -0.4527
v 0.8171 2.4389 -0.5440
v 0.8130 2.5563 -0.3911
v 0.7751 2.4682 -0.3640
v 0.7779 2.5297 -0.3175
v 0.7446 2.4977 -0.2702
v 0.7269 2.4528 -0.2343
v 0.7544 2.4633 -0.2887
v 0.6749 2.0898 -0.5823
v 0.7422 2.0749 -0.6662
v 0.7719 2.2564 -0.6047
v 0.8242 2.2261 -0.6829
v 0.8456 2.0500 -0.8014
v 0.8059 2.0635 -0.7401
v 0.8940 2.1664 -0.8055
v 0.8699 2.1960 -0.7502
v 0.9231 2.3210 -0.7962
v 0.9296 2.3795 -0.7649
v 0.9124 2.3053 -0.7565
v 0.9194 2.2610 -0.8030
v 0.9220 2.4481 -0.7134
v 0.8877 2.3553 -0.6981
v 0.9009 2.5091 -0.6469
v 0.8521 2.4018 -0.6265
v 0.2912 0.7906 0.4845
v 0.2842 0.8050 0.4462
v 0.2768 0.8480 0.4775
v 0.2864 0.8334 0.5191
v 0.2765 0.8220 0.3989
v 0.2662 0.8655 0.4262
v 0.2697 0.8983 0.5149
v 0.2813 0.8822 0.5602
v 0.2563 0.9169 0.4583
v 0.2688 0.8409 0.3457
v 0.2620 0.8612 0.2894
v 0.2480 0.9068 0.3076
v 0.2562 0.8853 0.3685
v 0.2335 0.9608 0.3289
v 0.2433 0.9377 0.3952
v 0.2035 1.0827 0.3767
v 0.2172 1.0563 0.4552
v 0.2304 0.9957 0.4246
v 0.2186 1.0204 0.3522
v 0.2357 1.0323 0.5308
v 0.2460 0.9732 0.4939
v 0.2519 1.0088 0.6001
v 0.2569 0.9809 0.6624
v 0.2732 0.9322 0.6065
v 0.2611 0.9522 0.5571
v 0.2570 0.8821 0.2332
v 0.2434 0.9298 0.2468
v 0.2536 0.9021 0.1799
v 0.2414 0.9521 0.1893
v 0.2294 0.9862 0.2628
v 0.2293 1.0114 0.2000
v 0.2514 0.9198 0.1325
v 0.2505 0.9333 0.0935
v 0.2425 0.9875 0.0960
v 0.2414 0.9720 0.1380
v 0.2335 1.0503 0.0976
v 0.2310 1.0338 0.1436
v 0.1972 1.1896 0.0894
v 0.2052 1.1717 0.1540
v 0.2185 1.1015 0.1481
v 0.2206 1.1175 0.0968
v 0.2035 1.1447 0.2236
v 0.2164 1.0766 0.2114
v 0.2008 1.1136 0.2986
v 0.2152 1.0485 0.2803
v 0.2854 1.2882 0.8330
v 0.2761 1.3102 0.7676
v 0.3244 1.4347 0.8165
v 0.3380 1.4181 0.8857
v 0.2488 1.3303 0.6835
v 0.2923 1.4492 0.7282
v 0.3877 1.5779 0.8651
v 0.4044 1.5663 0.9369
v 0.3518 1.5872 0.7741
v 0.2173 1.3531 0.5877
v 0.1953 1.3833 0.4872
v 0.2326 1.4967 0.5245
v 0.2567 1.4677 0.6284
v 0.2873 1.6291 0.5661
v 0.3129 1.6017 0.6717
v 0.4355 1.9454 0.6598
v 0.4606 1.9175 0.7622
v 0.3822 1.7524 0.7168
v 0.3561 1.7792 0.6115
v 0.4986 1.9014 0.8613
v 0.4222 1.7394 0.8192
v 0.5331 1.8905 0.9498
v 0.5485 1.8779 1.0197
v 0.4772 1.7229 0.9829
v 0.4594 1.7323 0.9106
v 0.1965 1.4259 0.3888
v 0.2353 1.5426 0.4241
v 0.2083 1.4717 0.2971
v 0.2507 1.5945 0.3315
v 0.2912 1.6773 0.4653
v 0.3096 1.7342 0.3729
v 0.2181 1.5120 0.2170
v 0.2133 1.5378 0.1528
v 0.2640 1.6743 0.1866
v 0.2649 1.6420 0.2508
v 0.3296 1.8256 0.2295
v 0.3273 1.7876 0.2930
v 0.4742 2.1318 0.3321
v 0.4731 2.0956 0.3939
v 0.3989 1.9413 0.3415
v 0.4023 1.9814 0.2789
v 0.4564 2.0452 0.4717
v 0.3798 1.8860 0.4201
v 0.4390 1.9915 0.5616
v 0.3604 1.8278 0.5114
v 0.6024 2.0450 0.9795
v 0.6109 2.0216 1.0433
v 0.5756 2.0684 0.8986
v 0.6602 2.1870 1.0005
v 0.6593 2.1494 1.0550
v 0.6448 2.2278 0.9303
v 0.5220 2.1262 0.7101
v 0.5442 2.0947 0.8068
v 0.6045 2.3052 0.7589
v 0.6226 2.2682 0.8483
v 0.7132 2.5914 0.8366
v 0.7223 2.5424 0.9125
v 0.6854 2.4226 0.8842
v 0.6720 2.4659 0.8024
v 0.7247 2.4720 0.9751
v 0.6972 2.3669 0.9556
v 0.7158 2.3933 1.0221
v 0.6989 2.3277 1.0488
v 0.6890 2.2565 1.0557
v 0.6995 2.3073 1.0129
v 0.5228 2.1660 0.6150
v 0.5340 2.2072 0.5261
v 0.6015 2.3363 0.6672
v 0.6040 2.3602 0.5792
v 0.5377 2.2669 0.3863
v 0.5432 2.2430 0.4483
v 0.5885 2.3822 0.4401
v 0.6025 2.3753 0.5015
v 0.6367 2.5285 0.5341
v 0.6624 2.5634 0.5870
v 0.6442 2.4845 0.5510
v 0.6222 2.4732 0.4928
v 0.6859 2.5938 0.6638
v 0.6575 2.4928 0.6271
v 0.7020 2.6058 0.7504
v 0.6647 2.4880 0.7137
v 0.5027 0.4032 0.7309
v 0.4822 0.4348 0.7150
v 0.4890 0.4511 0.7668
v 0.5129 0.4183 0.7839
v 0.4577 0.4735 0.6945
v 0.4606 0.4912 0.7447
v 0.4984 0.4703 0.8277
v 0.5252 0.4351 0.8457
v 0.4660 0.5130 0.8033
v 0.4308 0.5171 0.6709
v 0.4037 0.5637 0.6459
v 0.4004 0.5865 0.6923
v 0.4303 0.5370 0.7192
v 0.3984 0.6141 0.7466
v 0.4314 0.5613 0.7757
v 0.3961 0.6771 0.8681
v 0.4362 0.6173 0.9019
v 0.4336 0.5886 0.8374
v 0.3970 0.6448 0.8060
v 0.4793 0.5622 0.9348
v 0.4725 0.5368 0.8677
v 0.5179 0.5107 0.9647
v 0.5434 0.4572 0.9904
v 0.5365 0.4500 0.9133
v 0.5084 0.4896 0.8949
v 0.3782 0.6113 0.6210
v 0.3738 0.6379 0.6658
v 0.3551 0.6569 0.5972
v 0.3507 0.6878 0.6406
v 0.3706 0.6700 0.7182
v 0.3474 0.7249 0.6912
v 0.3352 0.6977 0.5757
v 0.3196 0.7307 0.5573
v 0.3167 0.7691 0.5982
v 0.3315 0.7327 0.6178
v 0.3131 0.8145 0.6451
v 0.3281 0.7748 0.6666
v 0.2854 0.9177 0.7481
v 0.3172 0.8692 0.7759
v 0.3226 0.8215 0.7197
v 0.3051 0.8635 0.6951
v 0.3412 0.8092 0.8047
v 0.3441 0.7661 0.7466
v 0.3658 0.7431 0.8356
v 0.3681 0.7057 0.7756
v 0.6545 0.6184 1.2934
v 0.6245 0.6659 1.2612
v 0.7023 0.7460 1.3520
v 0.7381 0.7021 1.3890
v 0.5701 0.7179 1.2211
v 0.6401 0.7945 1.3071
v 0.7980 0.8425 1.4466
v 0.8380 0.8020 1.4882
v 0.7296 0.8875 1.3976
v 0.5071 0.7778 1.1772
v 0.4515 0.8492 1.1337
v 0.5098 0.9243 1.2129
v 0.5698 0.8523 1.2592
v 0.5899 1.0154 1.2981
v 0.6533 0.9431 1.3463
v 0.8058 1.2401 1.4815
v 0.8695 1.1661 1.5290
v 0.7542 1.0484 1.4369
v 0.6891 1.1210 1.3880
v 0.9453 1.1079 1.5793
v 0.8331 0.9932 1.4894
v 1.0118 1.0603 1.6281
v 1.0478 1.0182 1.6711
v 0.9446 0.9099 1.5842
v 0.9038 0.9492 1.5403
v 0.4189 0.9354 1.0942
v 0.4785 1.0155 1.1732
v 0.3987 1.0239 1.0601
v 0.4627 1.1113 1.1403
v 0.5598 1.1103 1.2582
v 0.5478 1.2120 1.2268
v 0.3799 1.1020 1.0322
v 0.3518 1.1569 1.0114
v 0.4246 1.2593 1.0972
v 0.4491 1.1973 1.1148
v 0.5171 1.3719 1.1896
v 0.5387 1.3045 1.2039
v 0.7247 1.5930 1.3723
v 0.7504 1.5270 1.3858
v 0.6416 1.4166 1.2954
v 0.6201 1.4861 1.2831
v 0.7620 1.4359 1.4090
v 0.6493 1.3216 1.3172
v 0.7752 1.3352 1.4413
v 0.6597 1.2176 1.3481
v 1.1142 1.1699 1.7055
v 1.1381 1.1188 1.7425
v 1.0607 1.2277 1.6643
v 1.2006 1.2716 1.7723
v 1.2085 1.2100 1.7997
v 1.1662 1.3422 1.7425
v 0.9374 1.3712 1.5775
v 0.9959 1.2942 1.6208
v 1.0661 1.5004 1.6712
v 1.1169 1.4196 1.7090
v 1.2437 1.6967 1.8319
v 1.2784 1.6083 1.8598
v 1.2165 1.5288 1.7898
v 1.1743 1.6137 1.7575
v 1.2947 1.5106 1.8726
v 1.2483 1.4407 1.8124
v 1.2892 1.4168 1.8753
v 1.2682 1.3463 1.8724
v 1.2527 1.2902 1.8443
v 1.2611 1.3586 1.8284
v 0.9032 1.4607 1.5363
v 0.8810 1.5506 1.4998
v 1.0270 1.5819 1.6283
v 0.9921 1.6562 1.5857
v 0.8218 1.6836 1.4518
v 0.8580 1.6289 1.4707
v 0.9055 1.7541 1.5219
v 0.9539 1.7156 1.5485
v 1.0066 1.8201 1.6281
v 1.0660 1.8220 1.6694
v 1.0277 1.7805 1.6167
v 0.9701 1.8004 1.5833
v 1.1334 1.8039 1.7259
v 1.0812 1.7434 1.6627
v 1.1941 1.7620 1.7836
v 1.1296 1.6865 1.7124
v 0.7754 -0.0056 0.5920
v 0.7519 0.0245 0.6076
v 0.7804 0.0080 0.6498
v 0.8075 -0.0231 0.6328
v 0.7232 0.0622 0.6258
v 0.7474 0.0471 0.6696
v 0.8153 -0.0113 0.6985
v 0.8455 -0.0443 0.6792
v 0.7776 0.0307 0.7205
v 0.6914 0.1051 0.6455
v 0.6589 0.1514 0.6661
v 0.6756 0.1420 0.7135
v 0.7115 0.0925 0.6912
v 0.6967 0.1323 0.7686
v 0.7366 0.0790 0.7443
v 0.7462 0.1120 0.8918
v 0.7953 0.0503 0.8629
v 0.7652 0.0648 0.8023
v 0.7207 0.1222 0.8289
v 0.8467 -0.0057 0.8340
v 0.8113 0.0126 0.7760
v 0.8926 -0.0574 0.8063
v 0.9242 -0.1104 0.7793
v 0.8850 -0.0709 0.7281
v 0.8535 -0.0342 0.7510
v 0.6278 0.1987 0.6865
v 0.6428 0.1938 0.7354
v 0.5994 0.2444 0.7055
v 0.6136 0.2442 0.7559
v 0.6618 0.1892 0.7925
v 0.6316 0.2456 0.8146
v 0.5746 0.2856 0.7219
v 0.5546 0.3195 0.7345
v 0.5688 0.3283 0.7870
v 0.5887 0.2902 0.7735
v 0.5846 0.3396 0.8480
v 0.6057 0.2973 0.8337
v 0.6009 0.3652 0.9888
v 0.6406 0.3134 0.9690
v 0.6226 0.3058 0.9002
v 0.5976 0.3520 0.9143
v 0.6731 0.2500 0.9460
v 0.6516 0.2477 0.8789
v 0.7068 0.1806 0.9199
v 0.6837 0.1849 0.8548
v 1.1447 -0.1523 1.0381
v 1.1107 -0.0976 1.0635
v 1.2128 -0.0798 1.1498
v 1.2486 -0.1360 1.1256
v 1.0539 -0.0373 1.0956
v 1.1551 -0.0168 1.1817
v 1.3303 -0.0484 1.2435
v 1.3656 -0.1066 1.2210
v 1.2748 0.0175 1.2749
v 0.9875 0.0309 1.1318
v 0.9251 0.1091 1.1698
v 1.0275 0.1369 1.2589
v 1.0890 0.0548 1.2190
v 1.1529 0.1778 1.3539
v 1.2117 0.0926 1.3125
v 1.4420 0.2903 1.5434
v 1.4907 0.2030 1.5016
v 1.3480 0.1425 1.4082
v 1.2937 0.2296 1.4502
v 1.5391 0.1223 1.4638
v 1.4054 0.0643 1.3704
v 1.5793 0.0494 1.4335
v 1.6037 -0.0145 1.4139
v 1.4871 -0.0656 1.3189
v 1.4552 -0.0049 1.3396
v 0.8801 0.1996 1.2071
v 0.9838 0.2313 1.2990
v 0.8450 0.2903 1.2417
v 0.9501 0.3255 1.3372
v 1.1109 0.2744 1.3963
v 1.0781 0.3700 1.4374
v 0.8122 0.3686 1.2719
v 0.7739 0.4224 1.2956
v 0.8811 0.4632 1.3987
v 0.9184 0.4069 1.3711
v 1.0093 0.5090 1.5063
v 1.0468 0.4523 1.4749
v 1.2797 0.5940 1.6996
v 1.3238 0.5451 1.6650
v 1.1856 0.4999 1.5754
v 1.1463 0.5544 1.6094
v 1.3627 0.4716 1.6264
v 1.2189 0.4199 1.5360
v 1.4008 0.3832 1.5854
v 1.2528 0.3260 1.4936
v 1.6944 0.1133 1.5202
v 1.7064 0.0450 1.5006
v 1.6684 0.1901 1.5510
v 1.7931 0.1770 1.5986
v 1.7909 0.1058 1.5781
v 1.7837 0.2566 1.6312
v 1.5902 0.3577 1.6287
v 1.6323 0.2725 1.5887
v 1.7259 0.4217 1.7068
v 1.7613 0.3397 1.6692
v 1.9114 0.4981 1.8440
v 1.9361 0.4231 1.8091
v 1.8664 0.3937 1.7427
v 1.8371 0.4718 1.7784
v 1.9349 0.3411 1.7670
v 1.8756 0.3110 1.7034
v 1.9141 0.2605 1.7247
v 1.8858 0.1989 1.6931
v 1.8528 0.1607 1.6452
v 1.8683 0.2309 1.6674
v 1.5460 0.4432 1.6663
v 1.4993 0.5210 1.7019
v 1.6774 0.4977 1.7385
v 1.6202 0.5627 1.7662
v 1.3972 0.6224 1.7675
v 1.4499 0.5834 1.7356
v 1.4973 0.6384 1.8187
v 1.5587 0.6111 1.7920
v 1.6309 0.6327 1.8831
v 1.6975 0.6252 1.8810
v 1.6450 0.6252 1.8387
v 1.5788 0.6409 1.8577
v 1.7789 0.6002 1.8754
v 1.7168 0.5907 1.8228
v 1.8546 0.5574 1.8646
v 1.7840 0.5385 1.8039
v 0.9448 -0.1896 0.1527
v 0.9314 -0.1796 0.1899
v 0.9725 -0.2102 0.2010
v 0.9887 -0.2196 0.1614
v 0.9144 -0.1663 0.2352
v 0.9524 -0.1973 0.2495
v 1.0221 -0.2448 0.2134
v 1.0399 -0.2542 0.1703
v 0.9990 -0.2316 0.2661
v 0.8957 -0.1503 0.2861
v 0.8768 -0.1325 0.3397
v 0.9099 -0.1626 0.3613
v 0.9308 -0.1813 0.3038
v 0.9509 -0.1957 0.3868
v 0.9742 -0.2152 0.3248
v 1.0509 -0.2638 0.4443
v 1.0792 -0.2857 0.3724
v 1.0242 -0.2506 0.3479
v 0.9983 -0.2300 0.4147
v 1.1091 -0.3043 0.3033
v 1.0518 -0.2679 0.2841
v 1.1345 -0.3225 0.2393
v 1.1474 -0.3456 0.1796
v 1.0935 -0.2940 0.1776
v 1.0767 -0.2833 0.2255
v 0.8594 -0.1135 0.3935
v 0.8918 -0.1417 0.4191
v 0.8438 -0.0947 0.4445
v 0.8766 -0.1205 0.4739
v 0.9322 -0.1726 0.4491
v 0.9171 -0.1486 0.5085
v 0.8302 -0.0772 0.4896
v 0.8189 -0.0622 0.5259
v 0.8538 -0.0831 0.5617
v 0.8639 -0.1003 0.5225
v 0.8939 -0.1065 0.6038
v 0.9045 -0.1258 0.5616
v 0.9693 -0.1656 0.7085
v 0.9955 -0.1818 0.6510
v 0.9484 -0.1533 0.6058
v 0.9339 -0.1328 0.6513
v 1.0132 -0.2072 0.5868
v 0.9630 -0.1779 0.5468
v 1.0303 -0.2361 0.5168
v 0.9788 -0.2046 0.4821
v 1.4701 -0.4757 0.2738
v 1.4577 -0.4452 0.3325
v 1.5967 -0.4620 0.3724
v 1.6151 -0.4935 0.3142
v 1.4280 -0.4199 0.4062
v 1.5614 -0.4360 0.4468
v 1.7551 -0.4736 0.4216
v 1.7787 -0.5058 0.3644
v 1.7151 -0.4474 0.4960
v 1.3903 -0.3957 0.4903
v 1.3541 -0.3683 0.5801
v 1.4807 -0.3832 0.6249
v 1.5193 -0.4113 0.5326
v 1.6291 -0.3942 0.6760
v 1.6695 -0.4225 0.5825
v 1.9758 -0.4096 0.8003
v 2.0135 -0.4368 0.7080
v 1.8358 -0.4306 0.6407
v 1.7955 -0.4025 0.7342
v 2.0547 -0.4607 0.6211
v 1.8819 -0.4552 0.5539
v 2.0904 -0.4862 0.5463
v 2.1118 -0.5188 0.4897
v 1.9485 -0.5138 0.4233
v 1.9230 -0.4813 0.4796
v 1.3288 -0.3335 0.6709
v 1.4558 -0.3473 0.7187
v 1.3086 -0.2994 0.7571
v 1.4379 -0.3120 0.8082
v 1.6048 -0.3577 0.7714
v 1.5892 -0.3216 0.8626
v 1.2872 -0.2736 0.8329
v 1.2588 -0.2642 0.8927
v 1.3960 -0.2759 0.9503
v 1.4202 -0.2855 0.8874
v 1.5547 -0.2853 1.0083
v 1.5750 -0.2947 0.9437
v 1.8912 -0.3049 1.1133
v 1.9137 -0.3127 1.0528
v 1.7424 -0.3031 0.9994
v 1.7235 -0.2943 1.0637
v 1.9315 -0.3386 0.9774
v 1.7560 -0.3299 0.9193
v 1.9504 -0.3738 0.8917
v 1.7712 -0.3660 0.8290
v 2.2475 -0.4899 0.6212
v 2.2563 -0.5221 0.5626
v 2.2262 -0.4649 0.6980
v 2.3846 -0.4957 0.6979
v 2.3764 -0.5264 0.6372
v 2.3833 -0.4723 0.7769
v 2.1664 -0.4165 0.8750
v 2.1975 -0.4423 0.7852
v 2.3485 -0.4271 0.9509
v 2.3712 -0.4511 0.8644
v 2.6142 -0.4740 1.0782
v 2.6215 -0.4947 0.9972
v 2.5180 -0.4672 0.9378
v 2.5039 -0.4450 1.0211
v 2.6014 -0.5119 0.9083
v 2.5127 -0.4865 0.8500
v 2.5619 -0.5292 0.8246
v 2.5188 -0.5448 0.7645
v 2.4670 -0.5346 0.7092
v 2.4922 -0.5073 0.7697
v 2.1377 -0.3826 0.9594
v 2.1096 -0.3493 1.0358
v 2.3155 -0.3955 1.0267
v 2.2746 -0.3646 1.0912
v 2.0460 -0.3190 1.1539
v 2.0797 -0.3252 1.1016
v 2.1809 -0.3382 1.1850
v 2.2285 -0.3428 1.1439
v 2.3548 -0.3893 1.2160
v 2.4252 -0.3983 1.2051
v 2.3482 -0.3672 1.1780
v 2.2884 -0.3637 1.2062
v 2.5050 -0.4187 1.1796
v 2.4117 -0.3871 1.1400
v 2.5717 -0.4463 1.1382
v 2.4660 -0.4157 1.0881
v 0.9148 -0.0449 -0.3344
v 0.9179 -0.0616 -0.2965
v 0.9575 -0.0824 -0.3229
v 0.9560 -0.0631 -0.3637
v 0.9213 -0.0810 -0.2498
v 0.9595 -0.1050 -0.2727
v 1.0046 -0.1052 -0.3540
v 1.0034 -0.0833 -0.3986
v 1.0055 -0.1312 -0.2991
v 0.9254 -0.1021 -0.1970
v 0.9306 -0.1233 -0.1411
v 0.9676 -0.1523 -0.1558
v 0.9626 -0.1289 -0.2160
v 1.0119 -0.1847 -0.1725
v 1.0073 -0.1586 -0.2377
v 1.1133 -0.2553 -0.2093
v 1.1095 -0.2231 -0.2857
v 1.0571 -0.1903 -0.2612
v 1.0614 -0.2195 -0.1905
v 1.1092 -0.1883 -0.3583
v 1.0561 -0.1592 -0.3282
v 1.1074 -0.1565 -0.4256
v 1.0959 -0.1337 -0.4895
v 1.0513 -0.1057 -0.4387
v 1.0550 -0.1300 -0.3896
v 0.9372 -0.1431 -0.0849
v 0.9752 -0.1732 -0.0950
v 0.9441 -0.1609 -0.0314
v 0.9842 -0.1912 -0.0369
v 1.0211 -0.2067 -0.1062
v 1.0322 -0.2250 -0.0426
v 0.9506 -0.1760 0.0165
v 0.9555 -0.1875 0.0557
v 0.9998 -0.2168 0.0577
v 0.9928 -0.2060 0.0152
v 1.0511 -0.2508 0.0614
v 1.0430 -0.2399 0.0148
v 1.1551 -0.3414 0.0782
v 1.1536 -0.3179 0.0156
v 1.0973 -0.2782 0.0157
v 1.1038 -0.2902 0.0672
v 1.1410 -0.2994 -0.0547
v 1.0854 -0.2616 -0.0484
v 1.1257 -0.2797 -0.1310
v 1.0721 -0.2426 -0.1184
v 1.3805 -0.2222 -0.6210
v 1.3867 -0.2501 -0.5563
v 1.5026 -0.2634 -0.5907
v 1.5010 -0.2296 -0.6575
v 1.3817 -0.2961 -0.4773
v 1.4932 -0.3164 -0.5092
v 1.6361 -0.2716 -0.6224
v 1.6380 -0.2329 -0.6904
v 1.6240 -0.3306 -0.5394
v 1.3751 -0.3479 -0.3877
v 1.3767 -0.3932 -0.2906
v 1.4845 -0.4236 -0.3156
v 1.4837 -0.3746 -0.4164
v 1.6133 -0.4461 -0.3413
v 1.6128 -0.3941 -0.4446
v 1.9286 -0.4435 -0.3867
v 1.9250 -0.3916 -0.4892
v 1.7605 -0.4014 -0.4696
v 1.7617 -0.4546 -0.3656
v 1.9292 -0.3280 -0.5831
v 1.7706 -0.3355 -0.5649
v 1.9333 -0.2692 -0.6654
v 1.9291 -0.2317 -0.7327
v 1.7833 -0.2331 -0.7166
v 1.7816 -0.2738 -0.6483
v 1.3964 -0.4201 -0.1894
v 1.5063 -0.4495 -0.2101
v 1.4230 -0.4365 -0.0921
v 1.5372 -0.4619 -0.1083
v 1.6364 -0.4706 -0.2327
v 1.6700 -0.4791 -0.1278
v 1.4459 -0.4506 -0.0068
v 1.4538 -0.4704 0.0585
v 1.5790 -0.4861 0.0498
v 1.5653 -0.4708 -0.0189
v 1.7196 -0.4942 0.0356
v 1.7018 -0.4832 -0.0355
v 2.0105 -0.4894 -0.0118
v 1.9978 -0.4787 -0.0822
v 1.8483 -0.4864 -0.0565
v 1.8666 -0.4952 0.0152
v 1.9739 -0.4753 -0.1742
v 1.8170 -0.4848 -0.1500
v 1.9479 -0.4675 -0.2788
v 1.7844 -0.4784 -0.2560
v 2.0852 -0.2572 -0.6707
v 2.0672 -0.2294 -0.7360
v 2.0962 -0.3052 -0.5913
v 2.2249 -0.2442 -0.6679
v 2.1902 -0.2292 -0.7289
v 2.2557 -0.2776 -0.5936
v 2.1124 -0.4069 -0.4029
v 2.1042 -0.3598 -0.5011
v 2.2934 -0.3599 -0.4161
v 2.2791 -0.3195 -0.5086
v 2.5673 -0.2945 -0.4431
v 2.5406 -0.2673 -0.5248
v 2.4309 -0.2842 -0.5154
v 2.4516 -0.3174 -0.4288
v 2.4862 -0.2492 -0.5985
v 2.3912 -0.2555 -0.5941
v 2.4164 -0.2415 -0.6594
v 2.3529 -0.2437 -0.6990
v 2.2901 -0.2340 -0.7145
v 2.3401 -0.2368 -0.6609
v 2.1245 -0.4328 -0.2996
v 2.1363 -0.4470 -0.1999
v 2.2964 -0.3888 -0.3192
v 2.2901 -0.4117 -0.2263
v 2.1422 -0.4773 -0.0459
v 2.1436 -0.4587 -0.1124
v 2.2570 -0.4625 -0.0852
v 2.2760 -0.4343 -0.1456
v 2.4079 -0.4402 -0.1648
v 2.4598 -0.4080 -0.2091
v 2.3853 -0.4133 -0.1801
v 2.3500 -0.4483 -0.1280
v 2.5148 -0.3687 -0.2773
v 2.4211 -0.3814 -0.2528
v 2.5547 -0.3296 -0.3580
v 2.4458 -0.3495 -0.3385
v 0.7046 0.3417 -0.5812
v 0.7217 0.3082 -0.5654
v 0.7492 0.3135 -0.6122
v 0.7324 0.3501 -0.6292
v 0.7424 0.2675 -0.5448
v 0.7700 0.2691 -0.5900
v 0.7822 0.3210 -0.6668
v 0.7641 0.3607 -0.6852
v 0.8038 0.2725 -0.6423
v 0.7662 0.2222 -0.5212
v 0.7918 0.1749 -0.4962
v 0.8210 0.1692 -0.5380
v 0.7940 0.2200 -0.5647
v 0.8568 0.1640 -0.5860
v 0.8285 0.2189 -0.6147
v 0.9395 0.1542 -0.6927
v 0.9083 0.2183 -0.7258
v 0.8673 0.2185 -0.6692
v 0.8970 0.1590 -0.6383
v 0.8810 0.2813 -0.7590
v 0.8413 0.2768 -0.6995
v 0.8535 0.3378 -0.7907
v 0.8176 0.3833 -0.8210
v 0.7946 0.3719 -0.7475
v 0.8169 0.3297 -0.7276
v 0.8188 0.1282 -0.4716
v 0.8503 0.1194 -0.5118
v 0.8449 0.0843 -0.4481
v 0.8796 0.0734 -0.4869
v 0.8890 0.1110 -0.5582
v 0.9218 0.0618 -0.5320
v 0.8684 0.0459 -0.4266
v 0.8874 0.0149 -0.4081
v 0.9277 0.0007 -0.4446
v 0.9061 0.0330 -0.4643
v 0.9750 -0.0162 -0.4867
v 0.9516 0.0184 -0.5080
v 1.0730 -0.0727 -0.5840
v 1.0523 -0.0172 -0.6066
v 1.0012 0.0005 -0.5559
v 1.0241 -0.0382 -0.5326
v 1.0180 0.0368 -0.6323
v 0.9687 0.0493 -0.5810
v 0.9782 0.0938 -0.6612
v 0.9324 0.1023 -0.6087
v 1.0671 0.4497 -1.0779
v 1.0968 0.4022 -1.0440
v 1.2195 0.4476 -1.1139
v 1.1958 0.5007 -1.1481
v 1.1193 0.3322 -1.0057
v 1.2358 0.3710 -1.0754
v 1.3650 0.5007 -1.1842
v 1.3468 0.5587 -1.2176
v 1.3753 0.4185 -1.1467
v 1.1433 0.2504 -0.9650
v 1.1776 0.1677 -0.9240
v 1.2884 0.1957 -0.9922
v 1.2553 0.2829 -1.0343
v 1.4218 0.2346 -1.0637
v 1.3901 0.3253 -1.1062
v 1.7376 0.3365 -1.2077
v 1.7073 0.4269 -1.2476
v 1.5425 0.3743 -1.1782
v 1.5730 0.2823 -1.1362
v 1.6936 0.5208 -1.2827
v 1.5303 0.4700 -1.2167
v 1.6844 0.6042 -1.3140
v 1.6672 0.6628 -1.3426
v 1.5079 0.6153 -1.2836
v 1.5231 0.5551 -1.2519
v 1.2307 0.0948 -0.8848
v 1.3458 0.1214 -0.9507
v 1.2889 0.0298 -0.8500
v 1.4117 0.0571 -0.9130
v 1.4826 0.1600 -1.0200
v 1.5549 0.0971 -0.9794
v 1.3386 -0.0291 -0.8223
v 1.3661 -0.0838 -0.8044
v 1.5059 -0.0532 -0.8622
v 1.4704 -0.0001 -0.8824
v 1.6636 -0.0086 -0.9227
v 1.6211 0.0423 -0.9455
v 1.9739 0.1038 -1.0488
v 1.9323 0.1524 -1.0766
v 1.7790 0.0944 -1.0106
v 1.8245 0.0452 -0.9852
v 1.8674 0.2041 -1.1163
v 1.7097 0.1471 -1.0475
v 1.7967 0.2639 -1.1620
v 1.6349 0.2081 -1.0911
v 1.8387 0.6417 -1.3677
v 1.8123 0.6931 -1.3917
v 1.8578 0.5664 -1.3419
v 1.9747 0.6653 -1.4133
v 1.9359 0.7059 -1.4316
v 2.0085 0.6023 -1.3946
v 1.9105 0.3952 -1.2759
v 1.8788 0.4798 -1.3122
v 2.0744 0.4500 -1.3395
v 2.0403 0.5268 -1.3713
v 2.3055 0.5163 -1.4473
v 2.2658 0.5775 -1.4707
v 2.1750 0.5615 -1.4242
v 2.2120 0.4931 -1.3971
v 2.2110 0.6304 -1.4817
v 2.1311 0.6246 -1.4410
v 2.1453 0.6682 -1.4849
v 2.0854 0.6858 -1.4839
v 2.0305 0.7012 -1.4633
v 2.0808 0.6731 -1.4518
v 1.9619 0.3250 -1.2309
v 2.0193 0.2655 -1.1840
v 2.1152 0.3829 -1.2960
v 2.1540 0.3229 -1.2486
v 2.0974 0.1626 -1.1130
v 2.0691 0.2126 -1.1424
v 2.1923 0.2166 -1.1752
v 2.1821 0.2681 -1.2055
v 2.2855 0.2879 -1.2768
v 2.3114 0.3338 -1.3114
v 2.2645 0.3117 -1.2635
v 2.2559 0.2604 -1.2333
v 2.3275 0.3926 -1.3587
v 2.2604 0.3683 -1.3078
v 2.3258 0.4541 -1.4070
v 2.2416 0.4287 -1.3553
v 0.4313 0.7504 -0.4428
v 0.4509 0.7177 -0.4588
v 0.4556 0.7552 -0.4969
v 0.4362 0.7915 -0.4791
v 0.4755 0.6774 -0.4774
v 0.4801 0.7105 -0.5177
v 0.4617 0.8003 -0.5406
v 0.4414 0.8403 -0.5203
v 0.4872 0.7503 -0.5640
v 0.5037 0.6322 -0.4977
v 0.5347 0.5850 -0.5183
v 0.5418 0.6092 -0.5628
v 0.5091 0.6607 -0.5401
v 0.5518 0.6384 -0.6141
v 0.5170 0.6949 -0.5891
v 0.5764 0.7050 -0.7281
v 0.5373 0.7729 -0.6980
v 0.5267 0.7330 -0.6424
v 0.5637 0.6708 -0.6699
v 0.5040 0.8404 -0.6668
v 0.4951 0.7944 -0.6144
v 0.4722 0.9016 -0.6375
v 0.4331 0.9515 -0.6116
v 0.4428 0.8930 -0.5642
v 0.4666 0.8504 -0.5877
v 0.5673 0.5386 -0.5385
v 0.5779 0.5594 -0.5844
v 0.5993 0.4951 -0.5571
v 0.6140 0.5133 -0.6040
v 0.5919 0.5847 -0.6372
v 0.6332 0.5352 -0.6580
v 0.6283 0.4565 -0.5731
v 0.6523 0.4249 -0.5851
v 0.6753 0.4394 -0.6331
v 0.6475 0.4726 -0.6205
v 0.7028 0.4552 -0.6887
v 0.6716 0.4913 -0.6757
v 0.7569 0.4745 -0.8208
v 0.7243 0.5303 -0.8001
v 0.6979 0.5099 -0.7367
v 0.7309 0.4687 -0.7499
v 0.6777 0.5847 -0.7787
v 0.6548 0.5592 -0.7172
v 0.6258 0.6425 -0.7550
v 0.6083 0.6129 -0.6949
v 0.5338 1.2159 -0.8375
v 0.5671 1.1561 -0.8652
v 0.6341 1.2629 -0.9402
v 0.6064 1.3325 -0.9105
v 0.5946 1.0724 -0.9027
v 0.6560 1.1679 -0.9802
v 0.7208 1.3816 -1.0217
v 0.6983 1.4601 -0.9902
v 0.7374 1.2765 -1.0641
v 0.6267 0.9773 -0.9444
v 0.6732 0.8833 -0.9843
v 0.7316 0.9593 -1.0658
v 0.6843 1.0618 -1.0242
v 0.8102 1.0507 -1.1531
v 0.7622 1.1608 -1.1102
v 1.0342 1.2754 -1.3306
v 0.9841 1.3888 -1.2866
v 0.8617 1.2709 -1.1989
v 0.9104 1.1565 -1.2425
v 0.9582 1.5077 -1.2366
v 0.8382 1.3919 -1.1507
v 0.9416 1.6157 -1.1896
v 0.9190 1.6967 -1.1541
v 0.8042 1.5857 -1.0726
v 0.8243 1.5025 -1.1060
v 0.7445 0.8032 -1.0168
v 0.8105 0.8747 -1.0986
v 0.8234 0.7342 -1.0435
v 0.9009 0.8043 -1.1246
v 0.8957 0.9624 -1.1855
v 0.9967 0.8910 -1.2101
v 0.8930 0.6741 -1.0660
v 0.9363 0.6202 -1.0861
v 1.0378 0.6919 -1.1658
v 0.9833 0.7447 -1.1464
v 1.1554 0.7800 -1.2482
v 1.0907 0.8318 -1.2301
v 1.3975 0.9925 -1.4061
v 1.3285 1.0467 -1.3930
v 1.2081 0.9332 -1.3136
v 1.2788 0.8813 -1.3296
v 1.2295 1.1088 -1.3791
v 1.1073 0.9929 -1.2962
v 1.1236 1.1836 -1.3599
v 1.0002 1.0655 -1.2738
v 1.0699 1.7115 -1.2687
v 1.0375 1.7803 -1.2309
v 1.0969 1.6173 -1.3183
v 1.1927 1.7868 -1.3414
v 1.1479 1.8374 -1.3016
v 1.2349 1.7139 -1.3933
v 1.1831 1.4062 -1.4136
v 1.1308 1.5111 -1.3698
v 1.3352 1.5347 -1.4898
v 1.2800 1.6268 -1.4463
v 1.5593 1.7272 -1.6147
v 1.4985 1.7931 -1.5710
v 1.4098 1.7245 -1.5141
v 1.4680 1.6465 -1.5575
v 1.4302 1.8410 -1.5139
v 1.3525 1.7904 -1.4596
v 1.3568 1.8688 -1.4556
v 1.2930 1.8764 -1.4122
v 1.2381 1.8685 -1.3651
v 1.2941 1.8386 -1.4056
v 1.2661 1.3159 -1.4402
v 1.3599 1.2378 -1.4552
v 1.4078 1.4470 -1.5133
v 1.4829 1.3650 -1.5235
v 1.5012 1.1102 -1.4739
v 1.4448 1.1700 -1.4645
v 1.5825 1.2238 -1.5320
v 1.5454 1.2898 -1.5272
v 1.6528 1.3888 -1.6114
v 1.6600 1.4622 -1.6239
v 1.6187 1.3926 -1.5802
v 1.6341 1.3225 -1.5797
v 1.6464 1.5541 -1.6339
v 1.5830 1.4756 -1.5833
v 1.6107 1.6450 -1.6333
v 1.5293 1.5619 -1.5782
v 0.3094 0.8524 -0.1267
v 0.3261 0.8351 -0.1773
v 0.2942 0.8688 -0.0785
v 0.3216 0.8220 -0.1149
v 0.3379 0.8051 -0.1629
v 0.3060 0.8383 -0.0697
v 0.2709 0.8942 -0.0001
v 0.2811 0.8832 -0.0355
v 0.2819 0.8635 0.0023
v 0.2924 0.8528 -0.0301
v 0.3076 0.8185 0.0010
v 0.3196 0.8027 -0.0165
v 0.3056 0.8269 -0.0252
v 0.2950 0.8383 0.0023
v 0.3377 0.7795 -0.0451
v 0.3203 0.8102 -0.0596
v 0.3570 0.7561 -0.0827
v 0.3748 0.7363 -0.1270
v 0.3536 0.7742 -0.1471
v 0.3369 0.7919 -0.1011
v 0.3760 0.7873 -0.3177
v 0.3891 0.7747 -0.3517
v 0.3604 0.8019 -0.2755
v 0.3826 0.7615 -0.2975
v 0.3939 0.7502 -0.3295
v 0.3692 0.7744 -0.2573
v 0.3434 0.8181 -0.2278
v 0.3541 0.7891 -0.2115
v 0.3882 0.7244 -0.1753
v 0.3685 0.7598 -0.1947
v 0.3976 0.7188 -0.2225
v 0.3812 0.7485 -0.2400
v 0.4029 0.7184 -0.2631
v 0.4056 0.7192 -0.2894
v 0.3999 0.7322 -0.3082
v 0.3912 0.7402 -0.2787
v 0.2810 0.8075 0.3280
v 0.2752 0.8267 0.2754
v 0.2873 0.7894 0.3779
v 0.2935 0.7821 0.3128
v 0.2879 0.8005 0.2645
v 0.2995 0.7638 0.3585
v 0.2986 0.7590 0.4578
v 0.2932 0.7730 0.4221
v 0.3101 0.7328 0.4340
v 0.3052 0.7470 0.3999
v 0.3517 0.6739 0.3740
v 0.3435 0.6938 0.3401
v 0.3215 0.7222 0.3743
v 0.3273 0.7063 0.4078
v 0.3323 0.7187 0.3053
v 0.3142 0.7414 0.3363
v 0.3200 0.7447 0.2730
v 0.3111 0.7638 0.2486
v 0.3003 0.7797 0.2556
v 0.3065 0.7616 0.2968
v 0.2625 0.8805 0.1282
v 0.2603 0.8928 0.0917
v 0.2657 0.8645 0.1729
v 0.2765 0.8473 0.1260
v 0.2742 0.8584 0.0905
v 0.2796 0.8333 0.1687
v 0.2700 0.8460 0.2228
v 0.2833 0.8176 0.2157
v 0.3141 0.7653 0.2166
v 0.2977 0.7926 0.2120
v 0.3184 0.7670 0.1736
v 0.2967 0.8028 0.1683
v 0.3214 0.7709 0.1297
v 0.3220 0.7778 0.0901
v 0.2941 0.8225 0.0900
v 0.2955 0.8130 0.1263
v 0.4335 0.5030 0.6333
v 0.4085 0.5472 0.6097
v 0.4579 0.4612 0.6554
v 0.4392 0.4919 0.6005
v 0.4155 0.5341 0.5776
v 0.4614 0.4523 0.6226
v 0.4981 0.3937 0.6896
v 0.4799 0.4242 0.6747
v 0.4972 0.3892 0.6565
v 0.4810 0.4177 0.6420
v 0.4993 0.3920 0.6046
v 0.4918 0.4079 0.5850
v 0.4847 0.4138 0.6127
v 0.4980 0.3895 0.6280
v 0.4791 0.4339 0.5559
v 0.4683 0.4443 0.5909
v 0.4618 0.4677 0.5259
v 0.4405 0.5069 0.4999
v 0.4259 0.5217 0.5430
v 0.4483 0.4811 0.5667
v 0.3414 0.6719 0.5433
v 0.3255 0.7024 0.5258
v 0.3612 0.6342 0.5637
v 0.3497 0.6526 0.5173
v 0.3342 0.6808 0.5018
v 0.3693 0.6171 0.5351
v 0.3839 0.5917 0.5862
v 0.3917 0.5767 0.5555
v 0.4163 0.5490 0.4828
v 0.4023 0.5634 0.5230
v 0.3920 0.5898 0.4731
v 0.3796 0.6029 0.5067
v 0.3706 0.6246 0.4699
v 0.3567 0.6471 0.4692
v 0.3455 0.6623 0.4832
v 0.3601 0.6367 0.4945
v 0.6779 0.1164 0.6100
v 0.6479 0.1601 0.6291
v 0.7068 0.0756 0.5915
v 0.6687 0.1283 0.5815
v 0.6413 0.1683 0.6000
v 0.6949 0.0904 0.5629
v 0.7537 0.0105 0.5601
v 0.7327 0.0395 0.5746
v 0.7383 0.0282 0.5311
v 0.7187 0.0563 0.5458
v 0.7110 0.0819 0.4595
v 0.6911 0.1097 0.4806
v 0.7061 0.0785 0.5161
v 0.7254 0.0510 0.4996
v 0.6702 0.1378 0.5074
v 0.6841 0.1099 0.5361
v 0.6504 0.1638 0.5359
v 0.6356 0.1834 0.5566
v 0.6376 0.1765 0.5757
v 0.6612 0.1423 0.5571
v 0.5666 0.2840 0.6816
v 0.5468 0.3151 0.6933
v 0.5909 0.2463 0.6662
v 0.5639 0.2842 0.6455
v 0.5442 0.3140 0.6561
v 0.5876 0.2484 0.6320
v 0.6184 0.2041 0.6483
v 0.6138 0.2092 0.6168
v 0.6186 0.2107 0.5564
v 0.6133 0.2128 0.5880
v 0.5957 0.2475 0.5555
v 0.5892 0.2497 0.5971
v 0.5722 0.2848 0.5571
v 0.5506 0.3182 0.5627
v 0.5459 0.3154 0.6151
v 0.5660 0.2849 0.6064
v 0.8703 -0.1242 0.2724
v 0.8529 -0.1071 0.3229
v 0.8870 -0.1399 0.2244
v 0.8506 -0.0990 0.2599
v 0.8340 -0.0821 0.3080
v 0.8666 -0.1152 0.2148
v 0.9136 -0.1635 0.1463
v 0.9019 -0.1534 0.1815
v 0.8914 -0.1398 0.1428
v 0.8806 -0.1293 0.1752
v 0.8621 -0.0971 0.1438
v 0.8500 -0.0813 0.1612
v 0.8641 -0.1056 0.1700
v 0.8746 -0.1169 0.1424
v 0.8320 -0.0582 0.1899
v 0.8494 -0.0888 0.2043
v 0.8126 -0.0346 0.2275
v 0.7949 -0.0150 0.2717
v 0.8161 -0.0529 0.2919
v 0.8328 -0.0705 0.2459
v 0.8066 -0.0569 0.4638
v 0.7950 -0.0434 0.4980
v 0.8205 -0.0725 0.4214
v 0.7903 -0.0378 0.4427
v 0.7794 -0.0263 0.4746
v 0.8032 -0.0510 0.4023
v 0.8361 -0.0896 0.3735
v 0.8180 -0.0659 0.3564
v 0.7814 -0.0030 0.3201
v 0.8011 -0.0384 0.3395
v 0.7721 0.0025 0.3672
v 0.7884 -0.0271 0.3848
v 0.7668 0.0030 0.4079
v 0.7640 0.0022 0.4342
v 0.7698 -0.0107 0.4529
v 0.7785 -0.0188 0.4236
v 0.8984 -0.0791 -0.1817
v 0.9036 -0.0987 -0.1293
v 0.8936 -0.0602 -0.2314
v 0.8786 -0.0590 -0.1676
v 0.8840 -0.0774 -0.1194
v 0.8729 -0.0405 -0.2133
v 0.8856 -0.0279 -0.3109
v 0.8894 -0.0428 -0.2753
v 0.8632 -0.0090 -0.2887
v 0.8677 -0.0234 -0.2546
v 0.8179 0.0475 -0.2292
v 0.8262 0.0275 -0.1953
v 0.8482 -0.0009 -0.2295
v 0.8424 0.0151 -0.2629
v 0.8374 0.0027 -0.1606
v 0.8554 -0.0200 -0.1914
v 0.8496 -0.0233 -0.1282
v 0.8586 -0.0425 -0.1039
v 0.8693 -0.0583 -0.1108
v 0.8632 -0.0402 -0.1520
v 0.9201 -0.1501 0.0181
v 0.9239 -0.1617 0.0548
v 0.9151 -0.1352 -0.0265
v 0.8964 -0.1236 0.0191
v 0.8991 -0.1346 0.0546
v 0.8928 -0.1100 -0.0236
v 0.9094 -0.1177 -0.0766
v 0.8887 -0.0945 -0.0705
v 0.8556 -0.0440 -0.0719
v 0.8720 -0.0712 -0.0673
v 0.8512 -0.0455 -0.0288
v 0.8730 -0.0815 -0.0236
v 0.8482 -0.0495 0.0151
v 0.8477 -0.0565 0.0546
v 0.8756 -0.1012 0.0547
v 0.8742 -0.0917 0.0184
v 0.7470 0.2255 -0.4866
v 0.7716 0.1811 -0.4630
v 0.7239 0.2679 -0.5087
v 0.7333 0.2312 -0.4553
v 0.7567 0.1890 -0.4323
v 0.7113 0.2710 -0.4774
v 0.6866 0.3371 -0.5429
v 0.7035 0.3059 -0.5280
v 0.6763 0.3345 -0.5112
v 0.6921 0.3059 -0.4967
v 0.6703 0.3295 -0.4599
v 0.6779 0.3134 -0.4402
v 0.6850 0.3075 -0.4680
v 0.6717 0.3319 -0.4831
v 0.6905 0.2874 -0.4111
v 0.7013 0.2771 -0.4461
v 0.7079 0.2537 -0.3811
v 0.7292 0.2145 -0.3551
v 0.7437 0.1998 -0.3983
v 0.7213 0.2403 -0.4220
v 0.8419 0.0583 -0.3968
v 0.8591 0.0286 -0.3793
v 0.8206 0.0951 -0.4172
v 0.8234 0.0710 -0.3721
v 0.8393 0.0430 -0.3566
v 0.8034 0.1063 -0.3899
v 0.7966 0.1368 -0.4396
v 0.7807 0.1464 -0.4103
v 0.7534 0.1723 -0.3379
v 0.7673 0.1580 -0.3782
v 0.7777 0.1316 -0.3284
v 0.7900 0.1185 -0.3620
v 0.7990 0.0967 -0.3252
v 0.8130 0.0743 -0.3244
v 0.8242 0.0590 -0.3383
v 0.8096 0.0848 -0.3498
v 0.5019 0.6112 -0.4640
v 0.5314 0.5673 -0.4832
v 0.4745 0.6531 -0.4453
v 0.5035 0.5947 -0.4364
v 0.5307 0.5545 -0.4548
v 0.4776 0.6327 -0.4178
v 0.4308 0.7202 -0.4135
v 0.4503 0.6902 -0.4282
v 0.4350 0.6955 -0.3859
v 0.4543 0.6671 -0.4006
v 0.4586 0.6394 -0.3146
v 0.4785 0.6117 -0.3358
v 0.4635 0.6428 -0.3713
v 0.4442 0.6705 -0.3548
v 0.4995 0.5836 -0.3627
v 0.4856 0.6115 -0.3913
v 0.5192 0.5576 -0.3910
v 0.5341 0.5380 -0.4119
v 0.5321 0.5450 -0.4309
v 0.5085 0.5790 -0.4124
v 0.6164 0.4457 -0.5352
v 0.6378 0.4155 -0.5467
v 0.5903 0.4824 -0.5200
v 0.6091 0.4392 -0.5003
v 0.6291 0.4096 -0.5109
v 0.5849 0.4747 -0.4869
v 0.5613 0.5236 -0.5023
v 0.5583 0.5139 -0.4717
v 0.5511 0.5106 -0.4116
v 0.5564 0.5085 -0.4432
v 0.5740 0.4739 -0.4106
v 0.5805 0.4717 -0.4524
v 0.5975 0.4366 -0.4124
v 0.6191 0.4031 -0.4180
v 0.6238 0.4060 -0.4704
v 0.6037 0.4364 -0.4616
v 0.4175 0.7725 -0.4305
v 0.4173 0.7407 -0.4021
v 0.4073 0.7874 -0.4180
v 0.4074 0.7544 -0.3903
v 0.4214 0.7153 -0.3750
v 0.4114 0.7294 -0.3643
v 0.3979 0.7983 -0.4016
v 0.3989 0.7648 -0.3747
v 0.4028 0.7402 -0.3505
v 0.4145 0.7059 -0.2940
v 0.4086 0.7215 -0.3251
v 0.4272 0.6863 -0.2977
v 0.4183 0.7080 -0.3351
v 0.4417 0.6642 -0.3033
v 0.4297 0.6916 -0.3439
v 0.6361 0.3780 -0.4284
v 0.6386 0.3838 -0.4784
v 0.6498 0.3585 -0.4411
v 0.6502 0.3665 -0.4845
v 0.6434 0.3885 -0.5179
v 0.6544 0.3716 -0.5208
v 0.6617 0.3419 -0.4531
v 0.6607 0.3503 -0.4874
v 0.6645 0.3550 -0.5189
v 0.6922 0.3654 -0.5907
v 0.6744 0.3592 -0.5519
v 0.6811 0.3841 -0.5943
v 0.6640 0.3767 -0.5554
v 0.6689 0.4024 -0.5924
v 0.6527 0.3941 -0.5536
v 0.8140 0.0695 -0.3086
v 0.8320 0.0439 -0.3247
v 0.8139 0.0650 -0.2853
v 0.8359 0.0344 -0.3083
v 0.8493 0.0245 -0.3434
v 0.8555 0.0118 -0.3298
v 0.8146 0.0588 -0.2591
v 0.8388 0.0258 -0.2885
v 0.8596 0.0018 -0.3126
v 0.9119 -0.0324 -0.3606
v 0.8821 -0.0166 -0.3354
v 0.9074 -0.0207 -0.3791
v 0.8777 -0.0055 -0.3524
v 0.8999 -0.0061 -0.3936
v 0.8705 0.0085 -0.3658
v 0.8506 -0.0671 0.0848
v 0.8775 -0.1095 0.0813
v 0.8552 -0.0791 0.1084
v 0.8789 -0.1158 0.1021
v 0.9007 -0.1419 0.0800
v 0.9004 -0.1453 0.0999
v 0.8598 -0.0905 0.1287
v 0.8788 -0.1194 0.1211
v 0.8977 -0.1449 0.1193
v 0.9534 -0.1955 0.1263
v 0.9211 -0.1695 0.1213
v 0.9576 -0.1971 0.1050
v 0.9249 -0.1713 0.1012
v 0.9581 -0.1944 0.0834
v 0.9256 -0.1687 0.0807
v 0.3190 0.7885 0.0600
v 0.2921 0.8309 0.0636
v 0.3144 0.8006 0.0363
v 0.2907 0.8372 0.0428
v 0.2729 0.8657 0.0652
v 0.2732 0.8693 0.0452
v 0.3099 0.8119 0.0160
v 0.2909 0.8407 0.0237
v 0.2759 0.8687 0.0259
v 0.2556 0.9418 0.0228
v 0.2642 0.9009 0.0252
v 0.2520 0.9442 0.0443
v 0.2606 0.9029 0.0454
v 0.2505 0.9415 0.0659
v 0.2596 0.9004 0.0658
v 0.3557 0.6518 0.4533
v 0.3377 0.6775 0.4695
v 0.3557 0.6564 0.4300
v 0.3337 0.6870 0.4530
v 0.3242 0.6995 0.4887
v 0.3182 0.7121 0.4751
v 0.3551 0.6626 0.4038
v 0.3309 0.6955 0.4332
v 0.3139 0.7221 0.4579
v 0.2966 0.7795 0.5107
v 0.3030 0.7483 0.4822
v 0.3020 0.7681 0.5288
v 0.3079 0.7373 0.4992
v 0.3091 0.7530 0.5430
v 0.3149 0.7232 0.5125
v 0.5336 0.3433 0.5733
v 0.5310 0.3376 0.6232
v 0.5199 0.3628 0.5859
v 0.5194 0.3550 0.6292
v 0.5302 0.3353 0.6632
v 0.5194 0.3523 0.6660
v 0.5080 0.3794 0.5978
v 0.5090 0.3710 0.6321
v 0.5091 0.3688 0.6641
v 0.5173 0.3806 0.7405
v 0.5112 0.3721 0.6988
v 0.5289 0.3623 0.7440
v 0.5218 0.3546 0.7021
v 0.5403 0.3435 0.7419
v 0.5328 0.3372 0.7003
v 0.7552 0.0154 0.4387
v 0.7610 -0.0000 0.4698
v 0.7424 0.0351 0.4426
v 0.7513 0.0134 0.4800
v 0.7707 -0.0163 0.4956
v 0.7622 -0.0054 0.5096
v 0.7279 0.0571 0.4480
v 0.7400 0.0298 0.4886
v 0.7521 0.0085 0.5202
v 0.7912 -0.0258 0.5798
v 0.7680 -0.0092 0.5487
v 0.8021 -0.0398 0.5673
v 0.7781 -0.0226 0.5369
v 0.8105 -0.0508 0.5505
v 0.7863 -0.0331 0.5211
v 0.3332 0.7775 0.0006
v 0.3455 0.7531 0.0245
v 0.3586 0.7417 -0.0236
v 0.3805 0.7009 0.0057
v 0.3600 0.7168 0.0907
v 0.3555 0.7314 0.0539
v 0.4104 0.6364 0.0899
v 0.4009 0.6608 0.0433
v 0.5848 0.3607 0.0724
v 0.4942 0.5227 -0.0136
v 0.4552 0.5774 0.0258
v 0.4754 0.5331 0.0859
v 0.4423 0.6156 -0.0629
v 0.4160 0.6496 -0.0220
v 0.4035 0.6851 -0.0998
v 0.3833 0.7089 -0.0573
v 0.3340 0.7301 0.2339
v 0.3543 0.6923 0.2603
v 0.3466 0.7194 0.1863
v 0.3776 0.6658 0.2058
v 0.3848 0.6302 0.3276
v 0.3724 0.6570 0.2921
v 0.4290 0.5714 0.2674
v 0.4083 0.6116 0.2311
v 0.4512 0.5574 0.1584
v 0.4866 0.4941 0.1926
v 0.3995 0.6425 0.1466
v 0.3561 0.7139 0.1367
v 0.5034 0.3950 0.5566
v 0.5186 0.3760 0.5295
v 0.4945 0.4179 0.5130
v 0.5141 0.3956 0.4670
v 0.5573 0.3217 0.4913
v 0.5364 0.3523 0.5059
v 0.5653 0.3276 0.3968
v 0.5381 0.3660 0.4224
v 0.5226 0.4237 0.2568
v 0.5376 0.3864 0.3235
v 0.5740 0.3378 0.2755
v 0.4869 0.4599 0.3625
v 0.5049 0.4226 0.4050
v 0.4602 0.4869 0.4416
v 0.4801 0.4489 0.4722
v 0.6314 0.1982 0.5162
v 0.6492 0.1781 0.4736
v 0.6074 0.2397 0.5005
v 0.6233 0.2265 0.4389
v 0.6911 0.1246 0.4051
v 0.6696 0.1532 0.4342
v 0.6656 0.1799 0.3322
v 0.6423 0.2083 0.3770
v 0.6096 0.2742 0.3087
v 0.6342 0.2490 0.2367
v 0.5945 0.2788 0.4078
v 0.5818 0.2825 0.4908
v 0.8364 -0.0562 0.1442
v 0.8241 -0.0318 0.1203
v 0.8111 -0.0204 0.1683
v 0.7891 0.0205 0.1391
v 0.8097 0.0045 0.0540
v 0.8142 -0.0101 0.0908
v 0.7593 0.0850 0.0548
v 0.7688 0.0606 0.1015
v 0.6754 0.1987 0.1583
v 0.7145 0.1439 0.1190
v 0.6943 0.1882 0.0588
v 0.7273 0.1058 0.2077
v 0.7537 0.0718 0.1667
v 0.7662 0.0362 0.2446
v 0.7863 0.0125 0.2020
v 0.8357 -0.0088 -0.0892
v 0.8153 0.0291 -0.1155
v 0.8231 0.0020 -0.0416
v 0.7920 0.0556 -0.0610
v 0.7849 0.0912 -0.1828
v 0.7972 0.0643 -0.1473
v 0.7407 0.1500 -0.1227
v 0.7613 0.1098 -0.0864
v 0.7184 0.1639 -0.0136
v 0.6831 0.2272 -0.0478
v 0.7702 0.0788 -0.0018
v 0.8135 0.0074 0.0081
v 0.6662 0.3265 -0.4118
v 0.6511 0.3453 -0.3848
v 0.6752 0.3034 -0.3683
v 0.6555 0.3258 -0.3222
v 0.6124 0.3996 -0.3465
v 0.6333 0.3691 -0.3612
v 0.6044 0.3937 -0.2521
v 0.6315 0.3554 -0.2777
v 0.6471 0.2976 -0.1120
v 0.6321 0.3349 -0.1788
v 0.5957 0.3836 -0.1308
v 0.6828 0.2615 -0.2177
v 0.6647 0.2988 -0.2602
v 0.7095 0.2344 -0.2968
v 0.6896 0.2724 -0.3275
v 0.5383 0.5232 -0.3714
v 0.5205 0.5433 -0.3288
v 0.5623 0.4817 -0.3557
v 0.5464 0.4948 -0.2941
v 0.4785 0.5968 -0.2602
v 0.5000 0.5682 -0.2895
v 0.5041 0.5415 -0.1875
v 0.5274 0.5130 -0.2322
v 0.5600 0.4472 -0.1640
v 0.5354 0.4723 -0.0920
v 0.5752 0.4427 -0.2630
v 0.5879 0.4388 -0.3461
v 0.4186 0.6911 -0.2524
v 0.4193 0.6803 -0.2035
v 0.4372 0.6603 -0.2470
v 0.4456 0.6350 -0.1871
v 0.4149 0.6769 -0.1506
v 0.4497 0.6154 -0.1218
v 0.4943 0.5378 -0.0901
v 0.4753 0.5854 -0.1770
v 0.4574 0.6282 -0.2479
v 0.7905 0.1041 -0.2939
v 0.7636 0.1453 -0.2843
v 0.7845 0.1067 -0.2582
v 0.7502 0.1564 -0.2324
v 0.7354 0.1904 -0.2839
v 0.7138 0.2110 -0.2137
v 0.6890 0.2331 -0.1248
v 0.7398 0.1618 -0.1749
v 0.7816 0.1039 -0.2205
v 0.3792 0.6172 0.4386
v 0.4060 0.5761 0.4292
v 0.3851 0.6147 0.4029
v 0.4194 0.5649 0.3771
v 0.4342 0.5310 0.4287
v 0.4559 0.5103 0.3584
v 0.4807 0.4882 0.2695
v 0.4299 0.5596 0.3197
v 0.3881 0.6175 0.3652
v 0.7510 0.0303 0.3971
v 0.7503 0.0412 0.3483
v 0.7325 0.0610 0.3919
v 0.7241 0.0863 0.3318
v 0.7548 0.0444 0.2954
v 0.7200 0.1059 0.2665
v 0.6754 0.1835 0.2348
v 0.6944 0.1359 0.3218
v 0.7123 0.0931 0.3927
v 0.0119 1.2903 -0.4415
v -0.0085 1.1709 -0.4075
v -0.0274 1.2032 -0.3120
v -0.0064 1.3240 -0.3406
v -0.0133 1.0787 -0.3775
v -0.0324 1.1093 -0.2876
v -0.0278 1.2413 -0.2198
v -0.0031 1.3630 -0.2423
v -0.0356 1.1454 -0.2012
v -0.0078 1.0047 -0.3500
v 0.0029 0.9398 -0.3237
v -0.0158 0.9661 -0.2458
v -0.0268 1.0332 -0.2661
v -0.0241 0.9968 -0.1700
v -0.0325 1.0669 -0.1848
v -0.0057 1.0671 -0.0351
v 0.0001 1.1443 -0.0524
v -0.0248 1.1038 -0.1107
v -0.0219 1.0299 -0.0994
v 0.0063 1.2254 -0.0634
v -0.0229 1.1848 -0.1241
v 0.0229 1.3233 -0.0734
v 0.0576 1.4455 -0.0850
v 0.0192 1.4045 -0.1544
v -0.0106 1.2822 -0.1379
v 0.2601 1.2471 -0.7380
v 0.2149 1.1361 -0.6968
v 0.1464 1.1289 -0.6494
v 0.1849 1.2419 -0.6903
v 0.1889 1.0474 -0.6562
v 0.1261 1.0395 -0.6095
v 0.0833 1.1330 -0.5817
v 0.1142 1.2481 -0.6215
v 0.0693 1.0431 -0.5436
v 0.1758 0.9726 -0.6186
v 0.1676 0.8969 -0.5853
v 0.1135 0.8971 -0.5330
v 0.1177 0.9646 -0.5715
v 0.0694 0.9050 -0.4705
v 0.0667 0.9700 -0.5068
v 0.0242 0.9835 -0.4316
v 0.0318 0.9194 -0.3996
v 0.0218 1.0565 -0.4645
v 0.0542 1.2646 -0.5368
v 0.0300 1.1472 -0.4993
v 0.2784 1.9922 -0.5888
v 0.1884 1.8108 -0.5580
v 0.1730 1.8446 -0.4465
v 0.2618 2.0233 -0.4776
v 0.1126 1.6242 -0.5205
v 0.0968 1.6590 -0.4112
v 0.1880 1.8772 -0.3330
v 0.2745 2.0495 -0.3633
v 0.1097 1.6956 -0.3012
v 0.0530 1.4460 -0.4804
v 0.0361 1.4807 -0.3747
v 0.0444 1.5194 -0.2702
v 0.1184 1.5990 -0.1009
v 0.0734 1.5596 -0.1759
v 0.1958 1.7688 -0.1209
v 0.1449 1.7326 -0.2010
v 0.2803 1.9397 -0.1446
v 0.3623 2.0963 -0.1718
v 0.3103 2.0730 -0.2575
v 0.2262 1.9088 -0.2287
v 0.5925 1.8650 -0.8622
v 0.5085 1.7105 -0.8415
v 0.4135 1.7207 -0.8008
v 0.4993 1.8831 -0.8242
v 0.4179 1.5474 -0.8125
v 0.3269 1.5509 -0.7688
v 0.3206 1.7441 -0.7380
v 0.4084 1.9150 -0.7644
v 0.2385 1.5670 -0.7031
v 0.3314 1.3885 -0.7773
v 0.2479 1.3869 -0.7310
v 0.1678 1.3972 -0.6631
v 0.0999 1.4175 -0.5781
v 0.1634 1.5924 -0.6191
v 0.3311 1.9537 -0.6852
v 0.2416 1.7757 -0.6561
v 0.6948 2.5093 -0.6215
v 0.5949 2.4145 -0.6239
v 0.5653 2.4299 -0.5264
v 0.6614 2.5199 -0.5289
v 0.4880 2.2957 -0.6203
v 0.4631 2.3166 -0.5173
v 0.5449 2.4254 -0.4281
v 0.6298 2.5058 -0.4365
v 0.4553 2.3229 -0.4116
v 0.3804 2.1543 -0.6090
v 0.3602 2.1809 -0.5011
v 0.3645 2.1978 -0.3898
v 0.4323 2.2238 -0.2021
v 0.3897 2.2104 -0.2864
v 0.4943 2.3249 -0.2351
v 0.4656 2.3227 -0.3143
v 0.5527 2.4030 -0.2702
v 0.5977 2.4527 -0.3007
v 0.6082 2.4790 -0.3552
v 0.5390 2.4117 -0.3400
v 0.7838 2.2724 -0.8416
v 0.7551 2.2058 -0.8591
v 0.7076 2.2482 -0.8292
v 0.7678 2.3255 -0.8172
v 0.7119 2.1108 -0.8717
v 0.6449 2.1466 -0.8378
v 0.6663 2.3083 -0.7793
v 0.7457 2.3954 -0.7703
v 0.5828 2.1981 -0.7833
v 0.6591 1.9977 -0.8725
v 0.5759 2.0250 -0.8364
v 0.4964 2.0667 -0.7789
v 0.4285 2.1131 -0.7024
v 0.5292 2.2520 -0.7098
v 0.7221 2.4623 -0.7036
v 0.6287 2.3689 -0.7095
v -0.0930 1.2758 0.4736
v -0.1034 1.1559 0.4317
v -0.0820 1.1215 0.5342
v -0.0693 1.2392 0.5805
v -0.1004 1.0641 0.3983
v -0.0813 1.0317 0.4950
v -0.0446 1.0962 0.6311
v -0.0270 1.2110 0.6811
v -0.0483 1.0082 0.5871
v -0.0885 0.9910 0.3705
v -0.0723 0.9272 0.3455
v -0.0575 0.8988 0.4285
v -0.0716 0.9606 0.4606
v -0.0334 0.8765 0.5093
v -0.0430 0.9380 0.5473
v 0.0415 0.8552 0.6513
v 0.0442 0.9264 0.6884
v -0.0043 0.9244 0.6258
v -0.0013 0.8612 0.5838
v 0.0491 0.9969 0.7314
v -0.0040 0.9956 0.6683
v 0.0631 1.0822 0.7807
v 0.0918 1.1912 0.8352
v 0.0285 1.1940 0.7683
v 0.0052 1.0824 0.7156
v 0.0137 1.4536 0.1251
v -0.0121 1.3339 0.1023
v -0.0569 1.2889 0.1595
v -0.0359 1.4095 0.1861
v -0.0224 1.2361 0.0876
v -0.0630 1.1916 0.1417
v -0.0886 1.2424 0.2379
v -0.0728 1.3635 0.2694
v -0.0901 1.1466 0.2159
v -0.0237 1.1539 0.0759
v -0.0233 1.0743 0.0593
v -0.0532 1.0345 0.1186
v -0.0599 1.1098 0.1282
v -0.0696 0.9969 0.1872
v -0.0820 1.0677 0.1999
v -0.0918 1.0274 0.2821
v -0.0761 0.9605 0.2639
v -0.1029 1.1032 0.3033
v -0.0930 1.3181 0.3676
v -0.1048 1.1972 0.3308
v 0.1284 2.0077 0.7057
v 0.0457 1.8114 0.6477
v 0.0745 1.7669 0.7568
v 0.1557 1.9601 0.8111
v -0.0186 1.6159 0.5865
v 0.0095 1.5742 0.6969
v 0.1280 1.7226 0.8558
v 0.2061 1.9081 0.9055
v 0.0615 1.5365 0.7985
v -0.0649 1.4332 0.5268
v -0.0385 1.3941 0.6364
v 0.0091 1.3619 0.7386
v 0.1407 1.3327 0.8934
v 0.0712 1.3401 0.8266
v 0.2036 1.4945 0.9506
v 0.1290 1.5081 0.8852
v 0.2739 1.6646 1.0018
v 0.3455 1.8305 1.0418
v 0.2721 1.8616 0.9839
v 0.1974 1.6860 0.9394
v 0.2678 2.0988 0.3182
v 0.1947 1.9367 0.2614
v 0.1323 1.9094 0.3316
v 0.2083 2.0818 0.3899
v 0.1235 1.7672 0.2080
v 0.0632 1.7318 0.2758
v 0.0818 1.8807 0.4258
v 0.1611 2.0640 0.4851
v 0.0148 1.6948 0.3673
v 0.0610 1.6021 0.1615
v 0.0055 1.5613 0.2261
v -0.0375 1.5184 0.3138
v -0.0627 1.4751 0.4167
v -0.0146 1.6561 0.4737
v 0.1323 2.0408 0.5936
v 0.0506 1.8487 0.5342
v 0.5502 2.6037 0.8516
v 0.4500 2.4978 0.8288
v 0.4612 2.4414 0.9135
v 0.5567 2.5458 0.9300
v 0.3401 2.3582 0.7966
v 0.3572 2.3042 0.8888
v 0.4758 2.3640 0.9837
v 0.5596 2.4623 0.9928
v 0.3856 2.2345 0.9679
v 0.2296 2.1924 0.7554
v 0.2526 2.1415 0.8549
v 0.2938 2.0806 0.9423
v 0.4118 1.9803 1.0660
v 0.3486 2.0224 1.0139
v 0.4724 2.1123 1.0757
v 0.4242 2.1648 1.0308
v 0.5269 2.2250 1.0725
v 0.5654 2.3037 1.0621
v 0.5630 2.3730 1.0378
v 0.4960 2.2847 1.0365
v 0.5030 2.5164 0.5302
v 0.4595 2.4563 0.4866
v 0.4403 2.4780 0.5502
v 0.5095 2.5559 0.5857
v 0.4003 2.3613 0.4318
v 0.3651 2.3706 0.5011
v 0.4359 2.5035 0.6355
v 0.5209 2.5953 0.6678
v 0.3437 2.3808 0.5920
v 0.3364 2.2412 0.3754
v 0.2868 2.2370 0.4471
v 0.2502 2.2325 0.5411
v 0.2301 2.2202 0.6474
v 0.3355 2.3802 0.6941
v 0.5364 2.6157 0.7603
v 0.4403 2.5143 0.7322
v 0.1837 0.7171 1.1519
v 0.1441 0.6435 1.0564
v 0.1984 0.5675 1.0991
v 0.2406 0.6378 1.1958
v 0.1253 0.5902 0.9768
v 0.1761 0.5180 1.0176
v 0.2644 0.5055 1.1411
v 0.3099 0.5729 1.2380
v 0.2378 0.4586 1.0580
v 0.1202 0.5504 0.9077
v 0.1220 0.5176 0.8439
v 0.1648 0.4538 0.8794
v 0.1671 0.4825 0.9459
v 0.2154 0.3983 0.9150
v 0.2237 0.4250 0.9843
v 0.3344 0.3218 0.9783
v 0.3533 0.3604 1.0502
v 0.2865 0.3814 1.0197
v 0.2710 0.3534 0.9483
v 0.3768 0.3954 1.1242
v 0.3060 0.4159 1.0947
v 0.4121 0.4402 1.2076
v 0.4649 0.5034 1.3030
v 0.3864 0.5266 1.2749
v 0.3374 0.4616 1.1784
v 0.1454 1.0652 1.0144
v 0.1072 0.9784 0.9308
v 0.0869 0.9030 0.9520
v 0.1239 0.9872 1.0390
v 0.0867 0.9084 0.8600
v 0.0683 0.8358 0.8790
v 0.0872 0.8176 0.9812
v 0.1241 0.8986 1.0714
v 0.0700 0.7548 0.9062
v 0.0761 0.8514 0.7972
v 0.0648 0.8002 0.7314
v 0.0584 0.7299 0.7547
v 0.0608 0.7809 0.8144
v 0.0679 0.6591 0.7811
v 0.0658 0.7042 0.8410
v 0.0860 0.6259 0.8725
v 0.0894 0.5872 0.8110
v 0.0894 0.6709 0.9392
v 0.1444 0.8064 1.1098
v 0.1067 0.7290 1.0165
v 0.5670 1.2027 1.6476
v 0.4477 1.0690 1.5259
v 0.5052 0.9828 1.5678
v 0.6211 1.1149 1.6876
v 0.3407 0.9381 1.3963
v 0.3995 0.8538 1.4396
v 0.5725 0.9078 1.6016
v 0.6816 1.0352 1.7163
v 0.4700 0.7826 1.4775
v 0.2510 0.8180 1.2684
v 0.3095 0.7359 1.3125
v 0.3806 0.6681 1.3533
v 0.5405 0.5935 1.4128
v 0.4591 0.6190 1.3877
v 0.6308 0.7012 1.5283
v 0.5485 0.7300 1.5078
v 0.7278 0.8172 1.6408
v 0.8233 0.9322 1.7414
v 0.7489 0.9716 1.7340
v 0.6474 0.8505 1.6263
v 0.4840 1.5204 1.4338
v 0.3854 1.4103 1.3349
v 0.3662 1.3357 1.3765
v 0.4704 1.4525 1.4823
v 0.2914 1.2911 1.2259
v 0.2696 1.2130 1.2609
v 0.3734 1.2506 1.4254
v 0.4845 1.3748 1.5384
v 0.2727 1.1240 1.3034
v 0.2090 1.1728 1.1159
v 0.1869 1.0937 1.1451
v 0.1878 1.0037 1.1821
v 0.2097 0.9096 1.2241
v 0.2973 1.0302 1.3497
v 0.5192 1.2904 1.5956
v 0.4022 1.1600 1.4768
v 1.0569 1.6395 1.9335
v 0.9442 1.5540 1.8970
v 0.9787 1.4630 1.9299
v 1.0860 1.5480 1.9639
v 0.8211 1.4497 1.8355
v 0.8624 1.3596 1.8709
v 1.0018 1.3663 1.9406
v 1.0978 1.4464 1.9699
v 0.8989 1.2679 1.8876
v 0.6935 1.3312 1.7516
v 0.7416 1.2420 1.7894
v 0.7912 1.1564 1.8121
v 0.9094 1.0370 1.8216
v 0.8459 1.0846 1.8221
v 0.9864 1.1328 1.8813
v 0.9376 1.1879 1.8894
v 1.0544 1.2213 1.9201
v 1.1029 1.2888 1.9387
v 1.1020 1.3532 1.9578
v 1.0226 1.2806 1.9346
v 0.8376 1.7656 1.6700
v 0.7656 1.7360 1.6316
v 0.7834 1.7069 1.6911
v 0.8758 1.7609 1.7237
v 0.6742 1.6836 1.5774
v 0.6813 1.6392 1.6374
v 0.8304 1.6723 1.7631
v 0.9348 1.7414 1.7972
v 0.7172 1.5875 1.7075
v 0.5803 1.6117 1.5130
v 0.5762 1.5541 1.5685
v 0.6006 1.4877 1.6325
v 0.6430 1.4132 1.6964
v 0.7683 1.5251 1.7772
v 1.0008 1.7024 1.8725
v 0.8894 1.6226 1.8365
v 0.6592 -0.0704 1.1905
v 0.5850 -0.0762 1.0879
v 0.6517 -0.1547 1.0485
v 0.7294 -0.1516 1.1478
v 0.5353 -0.0736 1.0043
v 0.5975 -0.1483 0.9678
v 0.7293 -0.2176 1.0106
v 0.8115 -0.2158 1.1052
v 0.6696 -0.2093 0.9334
v 0.5018 -0.0654 0.9333
v 0.4764 -0.0546 0.8686
v 0.5283 -0.1197 0.8375
v 0.5590 -0.1356 0.8996
v 0.5875 -0.1763 0.8077
v 0.6250 -0.1946 0.8676
v 0.7204 -0.2525 0.7580
v 0.7698 -0.2611 0.8212
v 0.6962 -0.2389 0.8396
v 0.6508 -0.2215 0.7810
v 0.8237 -0.2733 0.8825
v 0.7466 -0.2526 0.9036
v 0.8921 -0.2816 0.9528
v 0.9811 -0.2797 1.0373
v 0.8978 -0.2595 1.0670
v 0.8115 -0.2613 0.9775
v 0.5808 0.3117 1.3067
v 0.5078 0.2825 1.2074
v 0.4959 0.2007 1.1865
v 0.5679 0.2245 1.2879
v 0.4584 0.2614 1.1227
v 0.4475 0.1845 1.1005
v 0.5057 0.1087 1.1585
v 0.5774 0.1260 1.2616
v 0.4586 0.0987 1.0723
v 0.4223 0.2472 1.0493
v 0.3850 0.2386 0.9785
v 0.3868 0.1645 0.9549
v 0.4135 0.1741 1.0254
v 0.4045 0.0910 0.9285
v 0.4276 0.0939 0.9977
v 0.4575 0.0126 0.9664
v 0.4347 0.0170 0.8993
v 0.4884 0.0108 1.0397
v 0.6082 0.0250 1.2287
v 0.5359 0.0140 1.1250
v 1.2021 0.0640 1.7296
v 1.0449 0.0139 1.6002
v 1.1174 -0.0683 1.5474
v 1.2703 -0.0169 1.6753
v 0.8970 -0.0252 1.4589
v 0.9708 -0.1082 1.4091
v 1.2002 -0.1298 1.4868
v 1.3455 -0.0783 1.6105
v 1.0565 -0.1707 1.3541
v 0.7657 -0.0533 1.3182
v 0.8386 -0.1361 1.2720
v 0.9237 -0.1997 1.2233
v 1.0968 -0.2615 1.1411
v 1.0125 -0.2423 1.1779
v 1.2276 -0.2299 1.2560
v 1.1451 -0.2117 1.3008
v 1.3624 -0.1875 1.3736
v 1.4897 -0.1375 1.4855
v 1.4209 -0.1188 1.5441
v 1.2847 -0.1698 1.4260
v 1.0967 0.4715 1.7815
v 0.9557 0.4347 1.6722
v 0.9453 0.3375 1.6703
v 1.0923 0.3775 1.7866
v 0.8155 0.3925 1.5496
v 0.8024 0.2963 1.5410
v 0.9576 0.2278 1.6593
v 1.1103 0.2714 1.7818
v 0.8121 0.1875 1.5238
v 0.6869 0.3500 1.4243
v 0.6734 0.2575 1.4099
v 0.6825 0.1530 1.3873
v 0.7135 0.0462 1.3567
v 0.8438 0.0768 1.4968
v 1.1479 0.1635 1.7640
v 0.9912 0.1162 1.6367
v 1.7703 0.3351 1.9903
v 1.6518 0.2644 1.9666
v 1.6919 0.1888 1.9174
v 1.8015 0.2609 1.9445
v 1.5129 0.1933 1.9144
v 1.5631 0.1157 1.8623
v 1.7195 0.1205 1.8544
v 1.8131 0.1890 1.8847
v 1.6085 0.0503 1.7966
v 1.3605 0.1251 1.8348
v 1.4207 0.0458 1.7809
v 1.4827 -0.0171 1.7146
v 1.5979 -0.0823 1.5834
v 1.5430 -0.0607 1.6454
v 1.6874 -0.0230 1.6650
v 1.6494 0.0023 1.7274
v 1.7581 0.0399 1.7283
v 1.8028 0.0923 1.7678
v 1.8114 0.1297 1.8200
v 1.7386 0.0683 1.7873
v 1.5250 0.5348 1.9786
v 1.4504 0.5292 1.9645
v 1.4812 0.4734 1.9855
v 1.5753 0.5050 1.9999
v 1.3463 0.5169 1.9284
v 1.3650 0.4445 1.9455
v 1.5348 0.4102 1.9972
v 1.6436 0.4586 2.0148
v 1.4052 0.3631 1.9521
v 1.2277 0.4983 1.8672
v 1.2338 0.4129 1.8787
v 1.2617 0.3167 1.8799
v 1.3056 0.2181 1.8664
v 1.4573 0.2775 1.9430
v 1.7131 0.4014 2.0127
v 1.5956 0.3394 1.9922
v 1.0785 -0.6269 0.5797
v 0.9682 -0.5806 0.5272
v 1.0089 -0.6057 0.4332
v 1.1218 -0.6514 0.4818
v 0.8887 -0.5367 0.4855
v 0.9263 -0.5614 0.3965
v 1.0619 -0.6178 0.3461
v 1.1785 -0.6606 0.3904
v 0.9752 -0.5752 0.3140
v 0.8296 -0.4943 0.4510
v 0.7808 -0.4526 0.4201
v 0.8118 -0.4751 0.3427
v 0.8640 -0.5181 0.3676
v 0.8509 -0.4907 0.2694
v 0.9083 -0.5328 0.2896
v 0.9478 -0.4949 0.1469
v 1.0179 -0.5292 0.1722
v 0.9596 -0.5375 0.2213
v 0.8954 -0.4983 0.2037
v 1.0923 -0.5648 0.1929
v 1.0317 -0.5768 0.2438
v 1.1860 -0.6009 0.2183
v 1.3079 -0.6350 0.2545
v 1.2425 -0.6549 0.3124
v 1.1226 -0.6165 0.2724
v 1.0832 -0.4169 0.9047
v 0.9731 -0.3917 0.8448
v 0.9479 -0.4453 0.7868
v 1.0577 -0.4765 0.8461
v 0.8911 -0.3656 0.7911
v 0.8669 -0.4142 0.7341
v 0.9383 -0.4969 0.7102
v 1.0475 -0.5345 0.7682
v 0.8590 -0.4606 0.6601
v 0.8266 -0.3391 0.7438
v 0.7625 -0.3105 0.7015
v 0.7494 -0.3535 0.6411
v 0.8039 -0.3832 0.6871
v 0.7496 -0.3905 0.5730
v 0.7994 -0.4252 0.6154
v 0.8081 -0.4627 0.5351
v 0.7600 -0.4240 0.4981
v 0.8662 -0.5023 0.5753
v 1.0541 -0.5862 0.6773
v 0.9449 -0.5432 0.6217
v 1.8108 -0.7796 0.8828
v 1.6076 -0.7586 0.8033
v 1.6540 -0.7773 0.7021
v 1.8542 -0.7968 0.7831
v 1.4098 -0.7220 0.7228
v 1.4569 -0.7428 0.6214
v 1.7115 -0.7716 0.6028
v 1.9048 -0.7886 0.6831
v 1.5170 -0.7417 0.5239
v 1.2296 -0.6759 0.6466
v 1.2753 -0.6990 0.5463
v 1.3347 -0.7033 0.4513
v 1.4673 -0.6647 0.3068
v 1.4009 -0.6911 0.3691
v 1.6480 -0.6892 0.3712
v 1.5831 -0.7226 0.4379
v 1.8340 -0.7075 0.4432
v 2.0094 -0.7186 0.5182
v 1.9579 -0.7606 0.5917
v 1.7737 -0.7465 0.5136
v 1.7626 -0.4992 1.1538
v 1.5861 -0.4825 1.0994
v 1.5689 -0.5626 1.0503
v 1.7536 -0.5811 1.1110
v 1.4043 -0.4629 1.0366
v 1.3820 -0.5374 0.9826
v 1.5660 -0.6417 0.9817
v 1.7594 -0.6618 1.0497
v 1.3743 -0.6110 0.9088
v 1.2318 -0.4408 0.9702
v 1.2071 -0.5079 0.9130
v 1.1972 -0.5739 0.8360
v 1.2041 -0.6321 0.7452
v 1.3830 -0.6752 0.8205
v 1.7788 -0.7313 0.9725
v 1.5785 -0.7101 0.8979
v 2.4909 -0.6804 1.1105
v 2.3552 -0.7260 1.0728
v 2.3755 -0.7439 0.9840
v 2.5035 -0.6992 1.0253
v 2.1918 -0.7599 1.0204
v 2.2207 -0.7771 0.9275
v 2.3797 -0.7447 0.8882
v 2.4918 -0.7048 0.9313
v 2.2423 -0.7733 0.8292
v 2.0079 -0.7789 0.9561
v 2.0451 -0.7957 0.8594
v 2.0828 -0.7885 0.7597
v 2.1579 -0.7217 0.5918
v 2.1205 -0.7621 0.6671
v 2.2803 -0.7164 0.6626
v 2.2602 -0.7518 0.7372
v 2.3775 -0.7026 0.7291
v 2.4399 -0.6866 0.7798
v 2.4664 -0.6983 0.8430
v 2.3756 -0.7304 0.7991
v 2.2555 -0.5256 1.2420
v 2.1733 -0.5250 1.2386
v 2.2036 -0.5829 1.2212
v 2.3082 -0.5614 1.2355
v 2.0558 -0.5212 1.2234
v 2.0731 -0.5915 1.1971
v 2.2553 -0.6391 1.1903
v 2.3767 -0.6062 1.2136
v 2.1084 -0.6595 1.1550
v 1.9190 -0.5124 1.1952
v 1.9225 -0.5908 1.1601
v 1.9417 -0.6675 1.1077
v 1.9719 -0.7332 1.0393
v 2.1511 -0.7182 1.0961
v 2.4431 -0.6476 1.1725
v 2.3104 -0.6889 1.1412
v 1.1607 -0.5972 -0.3427
v 1.0530 -0.5580 -0.3146
v 1.0492 -0.5125 -0.4152
v 1.1565 -0.5484 -0.4480
v 0.9719 -0.5183 -0.2904
v 0.9683 -0.4764 -0.3853
v 1.0593 -0.4573 -0.5063
v 1.1663 -0.4874 -0.5426
v 0.9775 -0.4263 -0.4721
v 0.9088 -0.4784 -0.2688
v 0.8546 -0.4383 -0.2486
v 0.8503 -0.4034 -0.3303
v 0.9049 -0.4399 -0.3573
v 0.8548 -0.3631 -0.4075
v 0.9121 -0.3947 -0.4395
v 0.8923 -0.2712 -0.5355
v 0.9630 -0.2961 -0.5624
v 0.9301 -0.3455 -0.5107
v 0.8678 -0.3195 -0.4763
v 1.0331 -0.3180 -0.5960
v 0.9989 -0.3722 -0.5446
v 1.1169 -0.3380 -0.6341
v 1.2226 -0.3550 -0.6741
v 1.1888 -0.4208 -0.6201
v 1.0822 -0.3975 -0.5815
v 1.3013 -0.6181 0.0406
v 1.1904 -0.5905 0.0450
v 1.1428 -0.6051 -0.0242
v 1.2535 -0.6369 -0.0336
v 1.1022 -0.5584 0.0465
v 1.0557 -0.5695 -0.0185
v 1.1023 -0.6044 -0.1120
v 1.2122 -0.6405 -0.1274
v 1.0175 -0.5657 -0.1009
v 1.0287 -0.5250 0.0485
v 0.9560 -0.4925 0.0558
v 0.9182 -0.4942 -0.0116
v 0.9837 -0.5323 -0.0138
v 0.8898 -0.4844 -0.0856
v 0.9497 -0.5255 -0.0923
v 0.9242 -0.5072 -0.1789
v 0.8682 -0.4655 -0.1657
v 0.9890 -0.5484 -0.1936
v 1.1803 -0.6276 -0.2331
v 1.0714 -0.5887 -0.2112
v 1.8468 -0.6816 -0.4736
v 1.6578 -0.6848 -0.4447
v 1.6475 -0.6293 -0.5552
v 1.8323 -0.6277 -0.5817
v 1.4735 -0.6674 -0.4110
v 1.4661 -0.6127 -0.5215
v 1.6458 -0.5538 -0.6507
v 1.8221 -0.5542 -0.6745
v 1.4705 -0.5398 -0.6184
v 1.3044 -0.6359 -0.3760
v 1.2990 -0.5837 -0.4846
v 1.3071 -0.5162 -0.5812
v 1.3582 -0.3684 -0.7135
v 1.3272 -0.4417 -0.6595
v 1.5120 -0.3784 -0.7492
v 1.4860 -0.4583 -0.6961
v 1.6724 -0.3851 -0.7778
v 1.8277 -0.3889 -0.7964
v 1.8195 -0.4713 -0.7475
v 1.6538 -0.4689 -0.7265
v 1.9237 -0.6520 -0.0399
v 1.7655 -0.6545 -0.0096
v 1.7310 -0.6893 -0.0962
v 1.8994 -0.6863 -0.1268
v 1.6009 -0.6498 0.0137
v 1.5593 -0.6808 -0.0700
v 1.7007 -0.7095 -0.2046
v 1.8792 -0.7059 -0.2353
v 1.5226 -0.6970 -0.1753
v 1.4421 -0.6378 0.0303
v 1.3963 -0.6628 -0.0489
v 1.3560 -0.6726 -0.1491
v 1.3244 -0.6647 -0.2610
v 1.4931 -0.6940 -0.2923
v 1.8620 -0.7061 -0.3545
v 1.6759 -0.7098 -0.3243
v 2.4777 -0.4680 -0.5083
v 2.3530 -0.5368 -0.5118
v 2.3220 -0.5014 -0.6024
v 2.4430 -0.4389 -0.5932
v 2.2015 -0.6002 -0.5072
v 2.1757 -0.5577 -0.6043
v 2.2744 -0.4630 -0.6795
v 2.3847 -0.4130 -0.6656
v 2.1406 -0.5054 -0.6873
v 2.0305 -0.6509 -0.4945
v 2.0105 -0.6018 -0.5978
v 1.9884 -0.5370 -0.6861
v 1.9666 -0.3901 -0.8014
v 1.9714 -0.4640 -0.7555
v 2.0891 -0.3868 -0.7935
v 2.1076 -0.4473 -0.7516
v 2.1953 -0.3773 -0.7733
v 2.2705 -0.3665 -0.7494
v 2.3207 -0.3871 -0.7195
v 2.2260 -0.4216 -0.7372
v 2.3488 -0.5663 -0.1957
v 2.2824 -0.5956 -0.1615
v 2.3020 -0.6025 -0.2292
v 2.3902 -0.5573 -0.2493
v 2.1833 -0.6244 -0.1192
v 2.1882 -0.6420 -0.1969
v 2.3309 -0.5927 -0.3157
v 2.4369 -0.5357 -0.3277
v 2.1992 -0.6434 -0.2937
v 2.0634 -0.6426 -0.0775
v 2.0529 -0.6703 -0.1615
v 2.0470 -0.6826 -0.2660
v 2.0411 -0.6770 -0.3804
v 2.2065 -0.6291 -0.4003
v 2.4708 -0.5031 -0.4169
v 2.3519 -0.5689 -0.4131
v 0.9114 -0.0282 -1.0127
v 0.8165 -0.0411 -0.9374
v 0.7804 0.0453 -0.9771
v 0.8741 0.0634 -1.0536
v 0.7492 -0.0431 -0.8699
v 0.7144 0.0379 -0.9079
v 0.7621 0.1366 -1.0126
v 0.8563 0.1611 -1.0887
v 0.6955 0.1231 -0.9427
v 0.7002 -0.0377 -0.8078
v 0.6606 -0.0285 -0.7484
v 0.6285 0.0412 -0.7819
v 0.6668 0.0378 -0.8436
v 0.6071 0.1142 -0.8136
v 0.6468 0.1170 -0.8772
v 0.6015 0.2596 -0.8632
v 0.6569 0.2665 -0.9262
v 0.6413 0.1953 -0.9056
v 0.5970 0.1866 -0.8415
v 0.7116 0.2807 -0.9900
v 0.6937 0.2061 -0.9712
v 0.7820 0.3046 -1.0585
v 0.8787 0.3407 -1.1315
v 0.8579 0.2563 -1.1157
v 0.7624 0.2255 -1.0408
v 1.1920 -0.2207 -0.8482
v 1.0808 -0.2305 -0.7899
v 1.0076 -0.2136 -0.8209
v 1.1149 -0.2045 -0.8835
v 0.9959 -0.2284 -0.7347
v 0.9265 -0.2106 -0.7627
v 0.9355 -0.1741 -0.8572
v 1.0381 -0.1651 -0.9247
v 0.8596 -0.1709 -0.7960
v 0.9292 -0.2207 -0.6810
v 0.8674 -0.2157 -0.6223
v 0.8062 -0.1876 -0.6531
v 0.8629 -0.2011 -0.7068
v 0.7520 -0.1452 -0.6835
v 0.8016 -0.1601 -0.7387
v 0.7464 -0.1046 -0.7726
v 0.7026 -0.0915 -0.7155
v 0.7991 -0.1140 -0.8322
v 0.9682 -0.1053 -0.9688
v 0.8701 -0.1155 -0.8968
v 1.5519 0.1447 -1.3595
v 1.3739 0.0886 -1.2781
v 1.3343 0.1893 -1.3178
v 1.5114 0.2428 -1.3969
v 1.2008 0.0394 -1.1892
v 1.1619 0.1392 -1.2300
v 1.3151 0.2996 -1.3437
v 1.4885 0.3501 -1.4184
v 1.1443 0.2478 -1.2600
v 1.0430 -0.0005 -1.0987
v 1.0048 0.0960 -1.1400
v 0.9875 0.1999 -1.1731
v 1.0124 0.3917 -1.2089
v 0.9902 0.3017 -1.1966
v 1.1694 0.4491 -1.2862
v 1.1471 0.3547 -1.2788
v 1.3363 0.5046 -1.3591
v 1.4995 0.5500 -1.4235
v 1.4841 0.4560 -1.4265
v 1.3159 0.4084 -1.3571
v 1.8230 -0.0389 -1.1137
v 1.6694 -0.0968 -1.0452
v 1.5893 -0.0855 -1.0994
v 1.7497 -0.0276 -1.1720
v 1.5023 -0.1494 -0.9773
v 1.4203 -0.1367 -1.0253
v 1.5087 -0.0500 -1.1613
v 1.6765 0.0079 -1.2383
v 1.3377 -0.1000 -1.0807
v 1.3379 -0.1921 -0.9110
v 1.2574 -0.1776 -0.9525
v 1.1766 -0.1394 -1.0005
v 1.1027 -0.0797 -1.0507
v 1.2619 -0.0409 -1.1373
v 1.6087 0.0658 -1.3037
v 1.4345 0.0084 -1.2234
v 2.1549 0.3871 -1.5352
v 2.0304 0.3281 -1.5163
v 1.9871 0.3997 -1.5431
v 2.1110 0.4501 -1.5589
v 1.8851 0.2666 -1.4799
v 1.8425 0.3483 -1.5103
v 1.9403 0.4704 -1.5526
v 2.0560 0.5083 -1.5656
v 1.8047 0.4333 -1.5236
v 1.7240 0.2047 -1.4272
v 1.6825 0.2959 -1.4614
v 1.6529 0.3940 -1.4787
v 1.6456 0.5768 -1.4750
v 1.6392 0.4904 -1.4822
v 1.7741 0.5901 -1.5127
v 1.7789 0.5157 -1.5231
v 1.8840 0.5951 -1.5358
v 1.9611 0.5945 -1.5454
v 2.0016 0.5595 -1.5585
v 1.9008 0.5361 -1.5483
v 2.1711 0.1846 -1.3306
v 2.1222 0.1377 -1.2953
v 2.0982 0.1574 -1.3490
v 2.1777 0.2138 -1.3775
v 2.0456 0.0790 -1.2431
v 2.0025 0.0956 -1.3012
v 2.0808 0.2004 -1.4106
v 2.1810 0.2617 -1.4364
v 1.9632 0.1356 -1.3663
v 1.9471 0.0200 -1.1811
v 1.8869 0.0334 -1.2408
v 1.8282 0.0706 -1.3078
v 1.7732 0.1286 -1.3729
v 1.9247 0.1942 -1.4289
v 2.1757 0.3219 -1.4918
v 2.0600 0.2596 -1.4693
v 0.4219 0.7470 -1.0575
v 0.3698 0.6733 -0.9699
v 0.3201 0.7650 -0.9285
v 0.3692 0.8459 -1.0129
v 0.3375 0.6191 -0.8962
v 0.2907 0.7040 -0.8579
v 0.2896 0.8598 -0.8847
v 0.3376 0.9477 -0.9637
v 0.2607 0.7919 -0.8181
v 0.3185 0.5780 -0.8316
v 0.3060 0.5434 -0.7716
v 0.2645 0.6151 -0.7392
v 0.2743 0.6563 -0.7963
v 0.2340 0.6896 -0.7059
v 0.2442 0.7376 -0.7599
v 0.2138 0.8360 -0.6423
v 0.2384 0.8902 -0.6962
v 0.2300 0.8173 -0.7247
v 0.2159 0.7630 -0.6735
v 0.2605 0.9519 -0.7483
v 0.2496 0.8767 -0.7803
v 0.2922 1.0297 -0.8063
v 0.3415 1.1287 -0.8739
v 0.3281 1.0447 -0.9155
v 0.2798 0.9505 -0.8425
v 0.7609 0.5061 -1.1367
v 0.6822 0.4520 -1.0584
v 0.5994 0.4769 -1.0495
v 0.6719 0.5341 -1.1314
v 0.6255 0.4124 -0.9880
v 0.5479 0.4354 -0.9769
v 0.5156 0.5249 -1.0313
v 0.5808 0.5866 -1.1165
v 0.4710 0.4808 -0.9570
v 0.5839 0.3801 -0.9246
v 0.5479 0.3431 -0.8630
v 0.4783 0.3756 -0.8477
v 0.5106 0.4028 -0.9109
v 0.4156 0.4214 -0.8268
v 0.4402 0.4482 -0.8901
v 0.3749 0.5076 -0.8633
v 0.3574 0.4780 -0.8011
v 0.3992 0.5434 -0.9296
v 0.4949 0.6590 -1.0920
v 0.4370 0.5918 -1.0045
v 0.8515 1.2243 -1.4943
v 0.7197 1.0932 -1.3915
v 0.6573 1.2091 -1.3374
v 0.7869 1.3383 -1.4385
v 0.6013 0.9647 -1.2779
v 0.5418 1.0774 -1.2265
v 0.6200 1.3249 -1.2686
v 0.7453 1.4499 -1.3653
v 0.5073 1.1918 -1.1639
v 0.5006 0.8467 -1.1634
v 0.4444 0.9532 -1.1153
v 0.4117 1.0623 -1.0596
v 0.4168 1.2536 -0.9546
v 0.4024 1.1653 -1.0035
v 0.5118 1.3900 -1.0429
v 0.4974 1.2989 -1.0995
v 0.6205 1.5230 -1.1326
v 0.7366 1.6377 -1.2185
v 0.7282 1.5520 -1.2876
v 0.6077 1.4324 -1.1965
v 1.2396 0.8943 -1.4869
v 1.1191 0.7805 -1.4047
v 1.0169 0.8227 -1.4200
v 1.1410 0.9415 -1.5084
v 0.9912 0.6749 -1.3153
v 0.8907 0.7120 -1.3233
v 0.9096 0.8933 -1.4268
v 1.0375 1.0177 -1.5217
v 0.7856 0.7764 -1.3223
v 0.8679 0.5819 -1.2241
v 0.7723 0.6141 -1.2248
v 0.6734 0.6723 -1.2162
v 0.5798 0.7514 -1.1963
v 0.6858 0.8625 -1.3085
v 0.9381 1.1147 -1.5195
v 0.8072 0.9857 -1.4192
v 1.3922 1.6564 -1.7034
v 1.2702 1.5702 -1.6810
v 1.2041 1.6500 -1.6274
v 1.3266 1.7242 -1.6518
v 1.1344 1.4668 -1.6389
v 1.0681 1.5601 -1.5837
v 1.1424 1.7148 -1.5558
v 1.2579 1.7731 -1.5831
v 1.0137 1.6431 -1.5094
v 0.9922 1.3502 -1.5767
v 0.9264 1.4558 -1.5207
v 0.8789 1.5554 -1.4458
v 0.8542 1.7194 -1.2944
v 0.8535 1.6447 -1.3657
v 0.9685 1.7741 -1.3605
v 0.9777 1.7145 -1.4304
v 1.0751 1.8077 -1.4168
v 1.1542 1.8228 -1.4565
v 1.1967 1.8062 -1.5113
v 1.0947 1.7658 -1.4809
v 1.5262 1.3147 -1.6721
v 1.4873 1.2345 -1.6511
v 1.4366 1.2909 -1.6775
v 1.5117 1.3792 -1.6974
v 1.4235 1.1270 -1.6122
v 1.3519 1.1821 -1.6388
v 1.3868 1.3767 -1.6982
v 1.4837 1.4697 -1.7190
v 1.2790 1.2657 -1.6581
v 1.3411 1.0117 -1.5568
v 1.2531 1.0635 -1.5819
v 1.1616 1.1439 -1.5990
v 1.0727 1.2428 -1.6000
v 1.2056 1.3646 -1.6609
v 1.4442 1.5667 -1.7234
v 1.3313 1.4744 -1.7020
v 0.0344 0.6605 -0.0323
v 0.0220 0.6802 -0.0304
v 0.0328 0.6684 -0.0585
v 0.0466 0.6445 -0.0502
v 0.0088 0.7052 -0.0296
v 0.0197 0.6940 -0.0627
v 0.0478 0.6514 -0.0937
v 0.0649 0.6210 -0.0796
v 0.0337 0.6792 -0.1034
v -0.0024 0.7361 -0.0310
v -0.0118 0.7769 -0.0339
v -0.0014 0.7637 -0.0725
v 0.0084 0.7243 -0.0672
v 0.0119 0.7471 -0.1200
v 0.0221 0.7093 -0.1115
v 0.0448 0.7100 -0.2291
v 0.0547 0.6749 -0.2133
v 0.0377 0.6924 -0.1612
v 0.0274 0.7286 -0.1733
v 0.0663 0.6454 -0.1990
v 0.0497 0.6625 -0.1497
v 0.0816 0.6150 -0.1832
v 0.1026 0.5773 -0.1629
v 0.0845 0.5972 -0.1180
v 0.0647 0.6327 -0.1362
v 0.0966 0.6005 -0.2317
v 0.1162 0.5652 -0.2121
v 0.0824 0.6295 -0.2485
v 0.1092 0.5893 -0.2777
v 0.1255 0.5599 -0.2600
v 0.0974 0.6151 -0.2952
v 0.0636 0.6926 -0.2845
v 0.0719 0.6581 -0.2652
v 0.0822 0.6768 -0.3363
v 0.0887 0.6425 -0.3140
v 0.1142 0.6509 -0.4176
v 0.1167 0.6165 -0.3908
v 0.1040 0.6285 -0.3568
v 0.0996 0.6628 -0.3816
v 0.1216 0.5917 -0.3682
v 0.1105 0.6026 -0.3361
v 0.1277 0.5735 -0.3465
v 0.1335 0.5605 -0.3277
v 0.1308 0.5595 -0.3012
v 0.1191 0.5814 -0.3170
v 0.0792 0.5139 0.3451
v 0.0551 0.5459 0.3794
v 0.0492 0.5621 0.3452
v 0.0709 0.5341 0.3106
v 0.0382 0.5718 0.4062
v 0.0333 0.5861 0.3712
v 0.0419 0.5815 0.3062
v 0.0595 0.5592 0.2752
v 0.0276 0.6033 0.3287
v 0.0269 0.5976 0.4309
v 0.0196 0.6291 0.4589
v 0.0129 0.6433 0.4192
v 0.0217 0.6115 0.3940
v 0.0051 0.6606 0.3700
v 0.0157 0.6283 0.3483
v -0.0101 0.7015 0.2568
v 0.0031 0.6670 0.2429
v 0.0094 0.6470 0.2969
v -0.0029 0.6803 0.3148
v 0.0155 0.6410 0.2324
v 0.0215 0.6220 0.2817
v 0.0277 0.6206 0.2239
v 0.0382 0.6049 0.2171
v 0.0472 0.5856 0.2420
v 0.0341 0.6020 0.2658
v 0.0246 0.6340 0.1798
v 0.0410 0.6067 0.1848
v 0.0106 0.6589 0.1828
v 0.0234 0.6448 0.1356
v 0.0452 0.6087 0.1413
v 0.0064 0.6753 0.1356
v -0.0159 0.7236 0.1995
v -0.0027 0.6873 0.1895
v -0.0201 0.7450 0.1458
v -0.0076 0.7067 0.1392
v -0.0244 0.7779 0.0601
v -0.0139 0.7363 0.0586
v -0.0114 0.7235 0.0947
v -0.0229 0.7636 0.0983
v 0.0003 0.7013 0.0576
v 0.0029 0.6898 0.0929
v 0.0204 0.6651 0.0571
v 0.0486 0.6200 0.0571
v 0.0481 0.6128 0.0970
v 0.0220 0.6553 0.0934
v 0.2291 0.2278 0.5780
v 0.2281 0.2250 0.6012
v 0.2146 0.2498 0.5856
v 0.2213 0.2442 0.5581
v 0.2278 0.2240 0.6298
v 0.2113 0.2530 0.6145
v 0.1978 0.2810 0.5633
v 0.2083 0.2708 0.5287
v 0.1913 0.2886 0.5945
v 0.2293 0.2276 0.6631
v 0.2345 0.2363 0.7051
v 0.2137 0.2686 0.6881
v 0.2108 0.2588 0.6472
v 0.1883 0.3087 0.6663
v 0.1882 0.2971 0.6271
v 0.1323 0.4023 0.6164
v 0.1371 0.3856 0.5804
v 0.1631 0.3401 0.6042
v 0.1605 0.3540 0.6419
v 0.1441 0.3725 0.5487
v 0.1684 0.3293 0.5719
v 0.1544 0.3600 0.5148
v 0.1690 0.3451 0.4719
v 0.1906 0.3053 0.4982
v 0.1774 0.3186 0.5386
v 0.1303 0.4025 0.4947
v 0.1443 0.3879 0.4546
v 0.1198 0.4160 0.5267
v 0.1072 0.4426 0.4785
v 0.1196 0.4293 0.4451
v 0.0968 0.4571 0.5068
v 0.1057 0.4514 0.5918
v 0.1117 0.4314 0.5571
v 0.0817 0.4981 0.5689
v 0.0884 0.4746 0.5352
v 0.0457 0.5725 0.5309
v 0.0522 0.5433 0.4988
v 0.0681 0.5128 0.5155
v 0.0614 0.5394 0.5482
v 0.0612 0.5213 0.4743
v 0.0768 0.4930 0.4894
v 0.0726 0.5025 0.4555
v 0.0839 0.4873 0.4414
v 0.0980 0.4646 0.4420
v 0.0874 0.4767 0.4666
v 0.4433 -0.0858 0.4308
v 0.4581 -0.1172 0.4705
v 0.4384 -0.0890 0.4872
v 0.4230 -0.0576 0.4522
v 0.4714 -0.1404 0.5015
v 0.4513 -0.1115 0.5161
v 0.4159 -0.0569 0.5074
v 0.4017 -0.0289 0.4793
v 0.4269 -0.0764 0.5335
v 0.4873 -0.1588 0.5299
v 0.5099 -0.1760 0.5617
v 0.4857 -0.1446 0.5770
v 0.4657 -0.1288 0.5442
v 0.4558 -0.1054 0.5953
v 0.4391 -0.0914 0.5614
v 0.3892 -0.0131 0.6376
v 0.3784 -0.0046 0.6006
v 0.4092 -0.0492 0.5804
v 0.4229 -0.0608 0.6159
v 0.3719 0.0034 0.5717
v 0.4001 -0.0375 0.5525
v 0.3684 0.0111 0.5479
v 0.3664 0.0178 0.5292
v 0.3815 -0.0023 0.5081
v 0.3924 -0.0236 0.5289
v 0.3437 0.0479 0.5608
v 0.3491 0.0454 0.5292
v 0.3440 0.0447 0.5894
v 0.3193 0.0850 0.5705
v 0.3260 0.0825 0.5286
v 0.3176 0.0842 0.6054
v 0.3574 0.0350 0.6593
v 0.3483 0.0401 0.6208
v 0.3286 0.0810 0.6797
v 0.3205 0.0824 0.6398
v 0.2840 0.1554 0.7108
v 0.2765 0.1507 0.6685
v 0.2961 0.1201 0.6562
v 0.3038 0.1220 0.6974
v 0.2741 0.1496 0.6306
v 0.2937 0.1200 0.6196
v 0.2757 0.1510 0.5892
v 0.2804 0.1539 0.5363
v 0.3023 0.1201 0.5306
v 0.2959 0.1205 0.5802
v 0.5960 -0.2666 0.1105
v 0.6086 -0.2862 0.1086
v 0.5978 -0.2744 0.1366
v 0.5838 -0.2506 0.1284
v 0.6255 -0.3091 0.1081
v 0.6143 -0.2981 0.1412
v 0.5827 -0.2574 0.1718
v 0.5655 -0.2272 0.1577
v 0.5999 -0.2834 0.1819
v 0.6483 -0.3334 0.1108
v 0.6808 -0.3612 0.1162
v 0.6665 -0.3502 0.1543
v 0.6360 -0.3225 0.1468
v 0.6488 -0.3359 0.2014
v 0.6206 -0.3084 0.1910
v 0.6099 -0.3013 0.3101
v 0.5855 -0.2750 0.2927
v 0.6032 -0.2922 0.2405
v 0.6293 -0.3194 0.2543
v 0.5666 -0.2499 0.2774
v 0.5836 -0.2669 0.2282
v 0.5489 -0.2210 0.2613
v 0.5278 -0.1834 0.2410
v 0.5458 -0.2033 0.1961
v 0.5658 -0.2387 0.2143
v 0.5338 -0.2066 0.3099
v 0.5142 -0.1714 0.2902
v 0.5506 -0.2340 0.3270
v 0.5211 -0.1954 0.3558
v 0.5049 -0.1660 0.3381
v 0.5359 -0.2193 0.3737
v 0.5924 -0.2826 0.3658
v 0.5687 -0.2578 0.3446
v 0.5769 -0.2645 0.4182
v 0.5533 -0.2413 0.3936
v 0.5530 -0.2334 0.5005
v 0.5284 -0.2132 0.4709
v 0.5396 -0.2261 0.4366
v 0.5637 -0.2477 0.4641
v 0.5125 -0.1954 0.4467
v 0.5231 -0.2066 0.4146
v 0.5027 -0.1796 0.4246
v 0.4969 -0.1666 0.4058
v 0.4996 -0.1656 0.3793
v 0.5113 -0.1875 0.3951
v 0.5512 -0.1201 -0.2670
v 0.5755 -0.1519 -0.3013
v 0.5813 -0.1681 -0.2670
v 0.5595 -0.1402 -0.2324
v 0.5961 -0.1755 -0.3276
v 0.6006 -0.1900 -0.2926
v 0.5886 -0.1875 -0.2281
v 0.5708 -0.1653 -0.1970
v 0.6059 -0.2073 -0.2501
v 0.6186 -0.1942 -0.3509
v 0.6484 -0.2116 -0.3763
v 0.6512 -0.2283 -0.3370
v 0.6223 -0.2091 -0.3142
v 0.6546 -0.2483 -0.2882
v 0.6266 -0.2269 -0.2687
v 0.6646 -0.2926 -0.1757
v 0.6371 -0.2670 -0.1636
v 0.6314 -0.2465 -0.2175
v 0.6590 -0.2702 -0.2334
v 0.6174 -0.2456 -0.1539
v 0.6117 -0.2263 -0.2032
v 0.6028 -0.2266 -0.1457
v 0.5922 -0.2111 -0.1390
v 0.5832 -0.1917 -0.1639
v 0.5965 -0.2080 -0.1877
v 0.6057 -0.2401 -0.1017
v 0.5893 -0.2129 -0.1066
v 0.6225 -0.2634 -0.1044
v 0.6070 -0.2509 -0.0575
v 0.5851 -0.2148 -0.0632
v 0.6270 -0.2795 -0.0571
v 0.6717 -0.3138 -0.1182
v 0.6433 -0.2870 -0.1101
v 0.6795 -0.3329 -0.0641
v 0.6496 -0.3055 -0.0597
v 0.6920 -0.3611 0.0226
v 0.6592 -0.3333 0.0214
v 0.6551 -0.3213 -0.0149
v 0.6866 -0.3491 -0.0162
v 0.6338 -0.3051 0.0210
v 0.6309 -0.2939 -0.0143
v 0.6099 -0.2712 0.0211
v 0.5817 -0.2261 0.0211
v 0.5822 -0.2189 -0.0189
v 0.6083 -0.2615 -0.0152
v 0.4013 0.1661 -0.4999
v 0.4024 0.1690 -0.5230
v 0.4160 0.1442 -0.5074
v 0.4090 0.1497 -0.4800
v 0.4065 0.1723 -0.5511
v 0.4226 0.1431 -0.5360
v 0.4327 0.1130 -0.4851
v 0.4220 0.1230 -0.4505
v 0.4423 0.1072 -0.5160
v 0.4163 0.1756 -0.5831
v 0.4336 0.1809 -0.6224
v 0.4506 0.1461 -0.6059
v 0.4333 0.1435 -0.5674
v 0.4717 0.1035 -0.5847
v 0.4542 0.1042 -0.5475
v 0.5223 0.0067 -0.5356
v 0.5031 0.0144 -0.5012
v 0.4778 0.0603 -0.5249
v 0.4958 0.0559 -0.5607
v 0.4888 0.0230 -0.4703
v 0.4648 0.0664 -0.4934
v 0.4761 0.0340 -0.4366
v 0.4614 0.0488 -0.3938
v 0.4398 0.0886 -0.4201
v 0.4532 0.0754 -0.4605
v 0.5001 -0.0086 -0.4165
v 0.4860 0.0060 -0.3764
v 0.5133 -0.0204 -0.4484
v 0.5231 -0.0487 -0.4004
v 0.5107 -0.0354 -0.3670
v 0.5366 -0.0613 -0.4284
v 0.5503 -0.0414 -0.5109
v 0.5289 -0.0309 -0.4778
v 0.5775 -0.0858 -0.4877
v 0.5536 -0.0734 -0.4559
v 0.6217 -0.1550 -0.4490
v 0.5930 -0.1400 -0.4192
v 0.5755 -0.1105 -0.4360
v 0.6021 -0.1245 -0.4669
v 0.5729 -0.1250 -0.3958
v 0.5569 -0.0969 -0.4108
v 0.5577 -0.1086 -0.3773
v 0.5465 -0.0934 -0.3633
v 0.5324 -0.0707 -0.3639
v 0.5430 -0.0828 -0.3885
v 0.1870 0.4797 -0.3527
v 0.1724 0.5112 -0.3924
v 0.1921 0.4830 -0.4091
v 0.2073 0.4515 -0.3741
v 0.1628 0.5367 -0.4229
v 0.1826 0.5076 -0.4375
v 0.2147 0.4509 -0.4292
v 0.2286 0.4228 -0.4012
v 0.2066 0.4723 -0.4550
v 0.1582 0.5623 -0.4498
v 0.1580 0.5935 -0.4789
v 0.1784 0.5597 -0.4946
v 0.1783 0.5312 -0.4644
v 0.2039 0.5176 -0.5136
v 0.2033 0.4928 -0.4818
v 0.2652 0.4221 -0.5565
v 0.2618 0.4046 -0.5212
v 0.2316 0.4496 -0.5010
v 0.2333 0.4708 -0.5346
v 0.2610 0.3921 -0.4932
v 0.2332 0.4332 -0.4740
v 0.2622 0.3829 -0.4697
v 0.2640 0.3760 -0.4510
v 0.2488 0.3962 -0.4300
v 0.2381 0.4176 -0.4507
v 0.2867 0.3460 -0.4827
v 0.2812 0.3485 -0.4510
v 0.2890 0.3509 -0.5109
v 0.3111 0.3089 -0.4924
v 0.3043 0.3114 -0.4504
v 0.3158 0.3116 -0.5269
v 0.2984 0.3748 -0.5781
v 0.2923 0.3602 -0.5414
v 0.3307 0.3311 -0.5980
v 0.3215 0.3188 -0.5602
v 0.3835 0.2616 -0.6281
v 0.3688 0.2524 -0.5886
v 0.3476 0.2822 -0.5764
v 0.3598 0.2926 -0.6152
v 0.3600 0.2466 -0.5521
v 0.3400 0.2760 -0.5410
v 0.3546 0.2429 -0.5111
v 0.3499 0.2400 -0.4582
v 0.3281 0.2738 -0.4524
v 0.3345 0.2734 -0.5021
v 0.1364 0.5629 -0.3634
v 0.1424 0.5471 -0.3322
v 0.1304 0.5821 -0.3888
v 0.1460 0.5494 -0.3732
v 0.1552 0.5274 -0.3359
v 0.1388 0.5713 -0.4022
v 0.1246 0.6415 -0.4411
v 0.1261 0.6072 -0.4134
v 0.1338 0.6311 -0.4563
v 0.1345 0.5970 -0.4282
v 0.1444 0.5831 -0.4390
v 0.1440 0.6162 -0.4676
v 0.1489 0.5571 -0.4123
v 0.1699 0.5049 -0.3413
v 0.1575 0.5327 -0.3816
v 0.4042 0.1979 -0.5929
v 0.4216 0.2048 -0.6327
v 0.3947 0.1929 -0.5594
v 0.3942 0.2150 -0.5969
v 0.4113 0.2228 -0.6370
v 0.3848 0.2093 -0.5617
v 0.3926 0.1786 -0.4933
v 0.3913 0.1876 -0.5277
v 0.3808 0.1952 -0.4815
v 0.3810 0.2035 -0.5251
v 0.3694 0.2208 -0.5193
v 0.3670 0.2147 -0.4688
v 0.3741 0.2259 -0.5591
v 0.3996 0.2400 -0.6354
v 0.3834 0.2315 -0.5955
v 0.6155 -0.1833 -0.3760
v 0.6458 -0.1997 -0.4030
v 0.5927 -0.1651 -0.3520
v 0.6113 -0.1730 -0.3930
v 0.6417 -0.1888 -0.4213
v 0.5889 -0.1555 -0.3694
v 0.5479 -0.1087 -0.2973
v 0.5720 -0.1414 -0.3272
v 0.5473 -0.1026 -0.3239
v 0.5693 -0.1331 -0.3473
v 0.5655 -0.1238 -0.3638
v 0.5474 -0.0981 -0.3473
v 0.5829 -0.1433 -0.3830
v 0.6343 -0.1752 -0.4353
v 0.6044 -0.1597 -0.4061
v 0.6563 -0.3402 0.0858
v 0.6899 -0.3679 0.0900
v 0.6321 -0.3147 0.0846
v 0.6604 -0.3425 0.0662
v 0.6944 -0.3704 0.0696
v 0.6351 -0.3157 0.0655
v 0.5938 -0.2601 0.0954
v 0.6129 -0.2890 0.0871
v 0.5893 -0.2489 0.0752
v 0.6132 -0.2858 0.0682
v 0.6119 -0.2796 0.0475
v 0.5847 -0.2368 0.0514
v 0.6355 -0.3124 0.0460
v 0.6948 -0.3682 0.0492
v 0.6611 -0.3403 0.0466
v -0.0095 0.7434 -0.0059
v -0.0186 0.7854 -0.0074
v 0.0024 0.7110 -0.0060
v -0.0134 0.7462 0.0138
v -0.0228 0.7884 0.0131
v -0.0006 0.7120 0.0131
v 0.0365 0.6540 -0.0172
v 0.0175 0.6829 -0.0090
v 0.0410 0.6428 0.0030
v 0.0172 0.6797 0.0099
v 0.0184 0.6735 0.0306
v 0.0456 0.6307 0.0267
v -0.0010 0.7088 0.0326
v -0.0245 0.7860 0.0337
v -0.0147 0.7438 0.0334
v 0.0309 0.5873 0.4559
v 0.0243 0.6187 0.4857
v 0.0417 0.5615 0.4307
v 0.0353 0.5771 0.4729
v 0.0290 0.6083 0.5038
v 0.0455 0.5519 0.4480
v 0.0825 0.5026 0.3754
v 0.0584 0.5353 0.4053
v 0.0830 0.4964 0.4021
v 0.0611 0.5269 0.4254
v 0.0648 0.5177 0.4419
v 0.0829 0.4920 0.4254
v 0.0514 0.5398 0.4616
v 0.0355 0.5941 0.5175
v 0.0418 0.5636 0.4859
v 0.2422 0.2060 0.6730
v 0.2488 0.2139 0.7157
v 0.2397 0.2035 0.6380
v 0.2525 0.1891 0.6771
v 0.2597 0.1962 0.7201
v 0.2496 0.1871 0.6403
v 0.2377 0.2153 0.5714
v 0.2391 0.2063 0.6058
v 0.2495 0.1987 0.5596
v 0.2494 0.1904 0.6033
v 0.2609 0.1731 0.5974
v 0.2633 0.1792 0.5470
v 0.2603 0.1706 0.6377
v 0.2703 0.1784 0.7184
v 0.2629 0.1722 0.6755
v 0.5019 -0.1791 0.5192
v 0.5261 -0.1973 0.5507
v 0.4854 -0.1606 0.4909
v 0.5120 -0.1929 0.5084
v 0.5369 -0.2116 0.5396
v 0.4955 -0.1748 0.4808
v 0.4605 -0.1111 0.4195
v 0.4729 -0.1388 0.4597
v 0.4752 -0.1335 0.4140
v 0.4843 -0.1555 0.4513
v 0.4940 -0.1690 0.4415
v 0.4880 -0.1532 0.4103
v 0.5039 -0.1855 0.4675
v 0.5449 -0.2226 0.5242
v 0.5200 -0.2032 0.4935
v 0.3151 0.1969 0.0391
v 0.2040 0.3719 0.0528
v 0.1835 0.4168 -0.0082
v 0.2232 0.3613 -0.0482
v 0.1382 0.4765 0.0569
v 0.1285 0.5014 0.0095
v 0.1439 0.4899 -0.0566
v 0.1706 0.4554 -0.0982
v 0.1079 0.5419 -0.0286
v 0.0871 0.5581 0.0576
v 0.0824 0.5729 0.0205
v 0.0725 0.5949 -0.0093
v 0.0602 0.6194 -0.0333
v 0.0858 0.5832 -0.0580
v 0.1313 0.5258 -0.1355
v 0.1109 0.5498 -0.0923
v 0.2154 0.3322 0.1610
v 0.1795 0.3965 0.1264
v 0.1570 0.4106 0.2370
v 0.1361 0.4514 0.2002
v 0.1271 0.4828 0.1143
v 0.1050 0.5063 0.1743
v 0.1125 0.4700 0.2979
v 0.0999 0.4972 0.2619
v 0.0816 0.5330 0.2296
v 0.0610 0.5713 0.2027
v 0.0736 0.5607 0.1544
v 0.0832 0.5551 0.1042
v 0.3040 0.1737 0.2452
v 0.2672 0.2230 0.2938
v 0.2519 0.2608 0.2261
v 0.2952 0.1634 0.3681
v 0.2677 0.2023 0.3942
v 0.2340 0.2597 0.3764
v 0.2157 0.2975 0.3332
v 0.2434 0.2323 0.4392
v 0.2871 0.1574 0.4639
v 0.2660 0.1883 0.4788
v 0.2481 0.2123 0.5026
v 0.2329 0.2314 0.5298
v 0.2236 0.2548 0.4857
v 0.1888 0.3249 0.4133
v 0.2091 0.2864 0.4443
v 0.3652 0.0836 0.2057
v 0.3402 0.1091 0.2788
v 0.3971 0.0135 0.3026
v 0.3734 0.0423 0.3481
v 0.3249 0.1137 0.3793
v 0.3540 0.0609 0.4107
v 0.4231 -0.0426 0.3762
v 0.4013 -0.0135 0.4057
v 0.3805 0.0118 0.4456
v 0.3623 0.0324 0.4888
v 0.3380 0.0744 0.4732
v 0.3120 0.1177 0.4634
v 0.4262 0.0219 0.0253
v 0.4466 -0.0230 0.0863
v 0.4070 0.0325 0.1263
v 0.4920 -0.0827 0.0213
v 0.5017 -0.1076 0.0686
v 0.4863 -0.0961 0.1347
v 0.4596 -0.0616 0.1763
v 0.5223 -0.1481 0.1067
v 0.5431 -0.1644 0.0205
v 0.5478 -0.1791 0.0576
v 0.5579 -0.2010 0.0874
v 0.5702 -0.2255 0.1115
v 0.5445 -0.1893 0.1361
v 0.4990 -0.1319 0.2136
v 0.5194 -0.1560 0.1704
v 0.4148 0.0616 -0.0829
v 0.4506 -0.0027 -0.0483
v 0.4732 -0.0168 -0.1589
v 0.4941 -0.0576 -0.1221
v 0.5031 -0.0890 -0.0362
v 0.5252 -0.1125 -0.0962
v 0.5179 -0.0761 -0.2198
v 0.5304 -0.1033 -0.1838
v 0.5488 -0.1391 -0.1515
v 0.5694 -0.1774 -0.1245
v 0.5568 -0.1668 -0.0763
v 0.5470 -0.1613 -0.0261
v 0.3262 0.2201 -0.1671
v 0.3630 0.1708 -0.2157
v 0.3782 0.1329 -0.1480
v 0.3349 0.2304 -0.2900
v 0.3625 0.1915 -0.3161
v 0.3961 0.1341 -0.2983
v 0.4144 0.0962 -0.2551
v 0.3868 0.1615 -0.3611
v 0.3431 0.2364 -0.3858
v 0.3642 0.2055 -0.4007
v 0.3823 0.1815 -0.4245
v 0.3975 0.1625 -0.4516
v 0.4067 0.1391 -0.4076
v 0.4415 0.0690 -0.3352
v 0.4213 0.1075 -0.3662
v 0.2650 0.3101 -0.1276
v 0.2899 0.2847 -0.2007
v 0.2331 0.3803 -0.2245
v 0.2568 0.3515 -0.2699
v 0.3053 0.2800 -0.3012
v 0.2762 0.3329 -0.3326
v 0.2073 0.4365 -0.2981
v 0.2291 0.4074 -0.3276
v 0.2499 0.3821 -0.3675
v 0.2681 0.3615 -0.4107
v 0.2924 0.3195 -0.3950
v 0.3182 0.2761 -0.3853
v 0.2232 0.3766 -0.1257
v 0.1781 0.4552 -0.1580
v 0.2039 0.4249 -0.2140
v 0.1739 0.4751 -0.2241
v 0.1429 0.5176 -0.1871
v 0.1474 0.5210 -0.2408
v 0.1467 0.5319 -0.2902
v 0.1654 0.5009 -0.2848
v 0.1858 0.4684 -0.2856
v 0.4207 0.0675 -0.1609
v 0.4459 0.0451 -0.2510
v 0.4723 -0.0049 -0.2119
v 0.4829 -0.0103 -0.2700
v 0.4679 0.0242 -0.3221
v 0.4965 -0.0215 -0.3226
v 0.5237 -0.0632 -0.3323
v 0.5176 -0.0605 -0.2963
v 0.5146 -0.0633 -0.2581
v 0.2095 0.3263 0.2391
v 0.1843 0.3487 0.3292
v 0.1579 0.3987 0.2900
v 0.1473 0.4041 0.3481
v 0.1625 0.3697 0.4003
v 0.1338 0.4154 0.4008
v 0.1066 0.4571 0.4104
v 0.1127 0.4544 0.3744
v 0.1157 0.4572 0.3362
v 0.4070 0.0172 0.2038
v 0.4521 -0.0615 0.2361
v 0.4262 -0.0312 0.2921
v 0.4563 -0.0813 0.3022
v 0.4875 -0.1237 0.2652
v 0.4830 -0.1271 0.3189
v 0.4837 -0.1381 0.3683
v 0.4650 -0.1071 0.3629
v 0.4446 -0.0745 0.3637
v 0.4042 1.2352 -0.6526
v 0.3869 1.2097 -0.6941
v 0.4362 1.3163 -0.7326
v 0.3807 1.1516 -0.6151
v 0.3596 1.1257 -0.6553
v 0.3438 1.1814 -0.7169
v 0.3946 1.2897 -0.7568
v 0.3145 1.0971 -0.6771
v 0.3744 1.0825 -0.5789
v 0.3490 1.0101 -0.5931
v 0.3495 1.0595 -0.6191
v 0.2977 0.9850 -0.6145
v 0.3010 1.0321 -0.6412
v 0.2401 0.9991 -0.6414
v 0.2364 0.9479 -0.6146
v 0.2547 1.0688 -0.6781
v 0.3330 1.2649 -0.7595
v 0.2835 1.1552 -0.7186
v 0.2825 1.6766 -0.0444
v 0.2170 1.5302 -0.0336
v 0.3643 1.8376 -0.0587
v 0.2329 1.6630 -0.0360
v 0.1659 1.5132 -0.0250
v 0.3158 1.8276 -0.0509
v 0.5334 2.1487 -0.1001
v 0.4516 1.9995 -0.0770
v 0.4847 2.1416 -0.0943
v 0.4036 1.9921 -0.0702
v 0.3430 1.9697 -0.0922
v 0.4240 2.1217 -0.1177
v 0.2562 1.8026 -0.0712
v 0.1097 1.4833 -0.0420
v 0.1748 1.6353 -0.0546
v 0.6961 1.7548 -0.8214
v 0.7794 1.9014 -0.8385
v 0.6030 1.6007 -0.7974
v 0.6595 1.7357 -0.8501
v 0.7425 1.8826 -0.8676
v 0.5653 1.5795 -0.8248
v 0.5123 1.4505 -0.7674
v 0.4728 1.4267 -0.7933
v 0.4094 1.4039 -0.7973
v 0.5005 1.5594 -0.8305
v 0.6769 1.8676 -0.8760
v 0.5938 1.7182 -0.8573
v 0.7641 2.5566 -0.3314
v 0.7221 2.5032 -0.2634
v 0.8077 2.5967 -0.4106
v 0.7247 2.5526 -0.3396
v 0.6809 2.4949 -0.2656
v 0.7693 2.5972 -0.4245
v 0.8795 2.6074 -0.5876
v 0.8469 2.6165 -0.4994
v 0.8460 2.6136 -0.6032
v 0.8113 2.6208 -0.5150
v 0.7465 2.5860 -0.5250
v 0.7816 2.5782 -0.6146
v 0.7073 2.5649 -0.4341
v 0.6343 2.4746 -0.2807
v 0.6715 2.5263 -0.3514
v 0.5990 2.2714 -0.1286
v 0.6499 2.3691 -0.1641
v 0.5479 2.2613 -0.1239
v 0.5982 2.3564 -0.1607
v 0.6874 2.4436 -0.2083
v 0.6407 2.4320 -0.2069
v 0.5912 2.4141 -0.2267
v 0.5425 2.3390 -0.1842
v 0.4887 2.2431 -0.1481
v 0.9017 2.2314 -0.8387
v 0.9109 2.3178 -0.8175
v 0.8812 2.1382 -0.8476
v 0.8641 2.2122 -0.8615
v 0.8764 2.3045 -0.8365
v 0.8406 2.1157 -0.8742
v 0.8409 2.0288 -0.8473
v 0.8014 2.0076 -0.8759
v 0.7375 1.9946 -0.8850
v 0.7807 2.1035 -0.8830
v 0.8278 2.2869 -0.8440
v 0.8112 2.1988 -0.8691
v 0.9034 2.5612 -0.6652
v 0.9167 2.4901 -0.7304
v 0.8684 2.5659 -0.6810
v 0.8799 2.4905 -0.7466
v 0.9175 2.4065 -0.7813
v 0.8821 2.4003 -0.7983
v 0.8291 2.3748 -0.8086
v 0.8199 2.4575 -0.7597
v 0.8050 2.5304 -0.6940
v 0.1851 1.4257 0.1311
v 0.1513 1.4245 0.0889
v 0.1813 1.5400 0.1095
v 0.1753 1.3340 0.1168
v 0.1392 1.3314 0.0766
v 0.1011 1.4060 0.0687
v 0.1314 1.5236 0.0889
v 0.0880 1.3117 0.0576
v 0.1798 1.2581 0.1052
v 0.1470 1.2038 0.0592
v 0.1407 1.2573 0.0682
v 0.0905 1.1857 0.0448
v 0.0864 1.2381 0.0509
v 0.0283 1.2002 0.0518
v 0.0320 1.1443 0.0435
v 0.0309 1.2781 0.0604
v 0.0724 1.4933 0.0934
v 0.0436 1.3743 0.0726
v 0.3179 1.3929 0.9283
v 0.2631 1.2594 0.8730
v 0.3859 1.5446 0.9814
v 0.2726 1.3658 0.9440
v 0.2177 1.2297 0.8870
v 0.3406 1.5203 0.9987
v 0.5287 1.8573 1.0637
v 0.4590 1.7031 1.0281
v 0.4825 1.8368 1.0819
v 0.4133 1.6814 1.0462
v 0.3488 1.6658 1.0374
v 0.4185 1.8251 1.0746
v 0.2769 1.5011 0.9884
v 0.1577 1.2050 0.8745
v 0.2107 1.3434 0.9325
v 0.3746 1.9940 0.2364
v 0.4453 2.1431 0.2903
v 0.3015 1.8362 0.1862
v 0.3248 1.9860 0.2171
v 0.3953 2.1366 0.2718
v 0.2517 1.8257 0.1662
v 0.2342 1.6810 0.1430
v 0.1844 1.6676 0.1225
v 0.1236 1.6394 0.1278
v 0.1894 1.8006 0.1725
v 0.3331 2.1195 0.2800
v 0.2618 1.9646 0.2243
v 0.7051 2.4326 1.0337
v 0.6845 2.3290 1.0646
v 0.7194 2.5295 0.9894
v 0.6725 2.4375 1.0419
v 0.6509 2.3232 1.0743
v 0.6867 2.5445 0.9974
v 0.7172 2.6653 0.8579
v 0.7231 2.6119 0.9305
v 0.6883 2.6902 0.8669
v 0.6924 2.6338 0.9390
v 0.6354 2.6109 0.9386
v 0.6312 2.6688 0.8646
v 0.6316 2.5223 0.9979
v 0.6057 2.3132 1.0720
v 0.6234 2.4208 1.0415
v 0.5870 1.9956 1.0838
v 0.6321 2.1186 1.0900
v 0.5400 1.9747 1.1011
v 0.5864 2.0988 1.1052
v 0.6624 2.2272 1.0834
v 0.6228 2.2126 1.0958
v 0.5734 2.2064 1.0922
v 0.5298 2.0935 1.1005
v 0.4785 1.9670 1.0951
v 0.5887 2.4693 0.4597
v 0.6190 2.5423 0.5247
v 0.5534 2.3810 0.4011
v 0.5467 2.4660 0.4481
v 0.5837 2.5449 0.5187
v 0.5047 2.3744 0.3856
v 0.5053 2.2722 0.3449
v 0.4547 2.2654 0.3274
v 0.3954 2.2528 0.3365
v 0.4502 2.3653 0.3945
v 0.5400 2.5336 0.5217
v 0.4993 2.4571 0.4549
v 0.7030 2.6753 0.7726
v 0.6810 2.6519 0.6837
v 0.6725 2.6985 0.7812
v 0.6482 2.6700 0.6898
v 0.6513 2.6053 0.6002
v 0.6180 2.6159 0.6009
v 0.5697 2.6006 0.5993
v 0.5932 2.6509 0.6853
v 0.6154 2.6779 0.7768
v 0.3077 1.0741 0.9375
v 0.2593 1.0896 0.9230
v 0.3036 1.1762 0.9987
v 0.2860 1.0081 0.8723
v 0.2369 1.0210 0.8583
v 0.2032 1.0760 0.9167
v 0.2459 1.1643 0.9947
v 0.1810 1.0059 0.8517
v 0.2803 0.9572 0.8121
v 0.2286 0.9351 0.7567
v 0.2298 0.9691 0.8020
v 0.1701 0.9175 0.7558
v 0.1722 0.9528 0.7979
v 0.1171 0.9112 0.7940
v 0.1134 0.8744 0.7483
v 0.1276 0.9667 0.8516
v 0.1895 1.1258 0.9998
v 0.1492 1.0374 0.9192
v 0.7291 0.6576 1.4137
v 0.6443 0.5717 1.3139
v 0.8291 0.7598 1.5169
v 0.6861 0.6200 1.4259
v 0.6031 0.5325 1.3223
v 0.7833 0.7239 1.5330
v 1.0322 0.9763 1.7038
v 0.9336 0.8690 1.6160
v 0.9798 0.9426 1.7264
v 0.8846 0.8346 1.6358
v 0.8114 0.8147 1.6440
v 0.9052 0.9253 1.7389
v 0.7131 0.7017 1.5367
v 0.5402 0.5076 1.3188
v 0.6196 0.5962 1.4256
v 0.5684 1.5136 1.2802
v 0.6690 1.6184 1.3695
v 0.4676 1.3983 1.1841
v 0.5018 1.5058 1.2874
v 0.5995 1.6103 1.3782
v 0.4042 1.3897 1.1880
v 0.3762 1.2825 1.0880
v 0.3159 1.2723 1.0878
v 0.2561 1.2340 1.0970
v 0.3409 1.3520 1.2017
v 0.5325 1.5753 1.3993
v 0.4357 1.4692 1.3055
v 1.2787 1.4319 1.9145
v 1.2519 1.3308 1.8954
v 1.2930 1.5392 1.9218
v 1.2384 1.4198 1.9433
v 1.2098 1.3105 1.9188
v 1.2531 1.5341 1.9567
v 1.2567 1.7355 1.8892
v 1.2861 1.6451 1.9154
v 1.2231 1.7354 1.9270
v 1.2498 1.6440 1.9535
v 1.1798 1.6100 1.9707
v 1.1532 1.7018 1.9426
v 1.1849 1.5027 1.9740
v 1.1527 1.2956 1.9339
v 1.1767 1.3965 1.9592
v 1.1146 1.0724 1.7730
v 1.1784 1.1605 1.8263
v 1.0587 1.0384 1.7966
v 1.1224 1.1275 1.8498
v 1.2213 1.2435 1.8666
v 1.1720 1.2157 1.8891
v 1.1102 1.2040 1.9060
v 1.0532 1.1155 1.8681
v 0.9853 1.0240 1.8130
v 0.9089 1.8062 1.5717
v 0.9769 1.8291 1.6327
v 0.8401 1.7654 1.5113
v 0.8488 1.7962 1.5774
v 0.9277 1.8216 1.6418
v 0.7705 1.7541 1.5168
v 0.7598 1.7026 1.4453
v 0.6882 1.6926 1.4525
v 0.6230 1.6601 1.4748
v 0.7095 1.7244 1.5380
v 0.8755 1.7958 1.6562
v 0.7942 1.7693 1.5955
v 1.2035 1.7963 1.8371
v 1.1338 1.8299 1.7705
v 1.1677 1.7944 1.8710
v 1.0939 1.8253 1.7972
v 1.0551 1.8390 1.7006
v 1.0116 1.8328 1.7180
v 0.9519 1.8048 1.7292
v 1.0250 1.7941 1.8073
v 1.0968 1.7614 1.8833
v 0.7000 0.3919 1.2057
v 0.6482 0.4065 1.2186
v 0.7224 0.4392 1.3110
v 0.6518 0.3719 1.1269
v 0.6001 0.3835 1.1394
v 0.5930 0.3900 1.2233
v 0.6670 0.4234 1.3181
v 0.5447 0.3655 1.1434
v 0.6217 0.3623 1.0569
v 0.5510 0.3661 1.0234
v 0.5704 0.3704 1.0726
v 0.4953 0.3422 1.0312
v 0.5143 0.3496 1.0784
v 0.4603 0.3071 1.0688
v 0.4385 0.3003 1.0186
v 0.4941 0.3233 1.1374
v 0.6168 0.3794 1.3167
v 0.5432 0.3472 1.2196
v 1.2494 -0.1875 1.1117
v 1.1422 -0.2038 1.0219
v 1.3687 -0.1582 1.2101
v 1.2206 -0.2291 1.1090
v 1.1099 -0.2460 1.0156
v 1.3439 -0.1989 1.2116
v 1.6044 -0.0684 1.4086
v 1.4904 -0.1178 1.3111
v 1.5839 -0.1090 1.4184
v 1.4686 -0.1580 1.3169
v 1.4247 -0.1824 1.3375
v 1.5448 -0.1331 1.4438
v 1.2954 -0.2242 1.2266
v 1.0540 -0.2733 1.0205
v 1.1680 -0.2555 1.1184
v 1.0946 0.5716 1.6361
v 1.2263 0.6078 1.7287
v 0.9582 0.5275 1.5292
v 1.0394 0.5551 1.6552
v 1.1723 0.5899 1.7523
v 0.9027 0.5119 1.5439
v 0.8299 0.4815 1.4178
v 0.7744 0.4660 1.4283
v 0.7236 0.4208 1.4305
v 0.8520 0.4657 1.5506
v 1.1263 0.5434 1.7700
v 0.9901 0.5083 1.6672
v 1.9251 0.2513 1.7681
v 1.8840 0.1737 1.7101
v 1.9526 0.3346 1.8207
v 1.9079 0.2191 1.7993
v 1.8666 0.1404 1.7324
v 1.9346 0.3014 1.8611
v 1.9365 0.4901 1.9042
v 1.9589 0.4168 1.8682
v 1.9179 0.4553 1.9528
v 1.9404 0.3826 1.9142
v 1.8861 0.3280 1.9415
v 1.8607 0.4012 1.9835
v 1.8864 0.2511 1.8847
v 1.8353 0.1108 1.7535
v 1.8689 0.1793 1.8204
v 1.7006 -0.0121 1.4970
v 1.7785 0.0478 1.5762
v 1.6791 -0.0546 1.5094
v 1.7562 0.0050 1.5909
v 1.8374 0.1078 1.6467
v 1.8174 0.0695 1.6641
v 1.7877 0.0437 1.6892
v 1.7244 -0.0203 1.6200
v 1.6441 -0.0792 1.5381
v 1.5280 0.6368 1.8857
v 1.6127 0.6257 1.9104
v 1.4408 0.6397 1.8486
v 1.4890 0.6150 1.9159
v 1.5829 0.6029 1.9421
v 1.3932 0.6179 1.8787
v 1.3410 0.6303 1.7979
v 1.2890 0.6102 1.8256
v 1.2486 0.5651 1.8490
v 1.3587 0.5759 1.9058
v 1.5505 0.5683 1.9665
v 1.4580 0.5777 1.9417
v 1.8780 0.5462 1.9226
v 1.7965 0.5862 1.9277
v 1.8590 0.5118 1.9711
v 1.7762 0.5539 1.9730
v 1.7052 0.6107 1.9240
v 1.6814 0.5835 1.9622
v 1.6400 0.5450 1.9898
v 1.7246 0.5089 2.0045
v 1.8025 0.4612 2.0034
v 1.1547 -0.2482 0.8388
v 1.1114 -0.2627 0.8743
v 1.2174 -0.2791 0.9308
v 1.0768 -0.2275 0.7897
v 1.0335 -0.2427 0.8233
v 1.0620 -0.2950 0.8877
v 1.1699 -0.3130 0.9460
v 0.9835 -0.2750 0.8353
v 1.0182 -0.2015 0.7464
v 0.9386 -0.1986 0.7496
v 0.9775 -0.2197 0.7799
v 0.8903 -0.2359 0.7601
v 0.9277 -0.2544 0.7914
v 0.8727 -0.2951 0.7790
v 0.8315 -0.2744 0.7467
v 0.9330 -0.3176 0.8247
v 1.1228 -0.3607 0.9377
v 1.0135 -0.3398 0.8781
v 1.6061 -0.5351 0.2769
v 1.4558 -0.5158 0.2349
v 1.7750 -0.5487 0.3296
v 1.5750 -0.5812 0.2623
v 1.4202 -0.5596 0.2175
v 1.7489 -0.5971 0.3183
v 2.1102 -0.5635 0.4582
v 1.9478 -0.5578 0.3907
v 2.0898 -0.6149 0.4520
v 1.9256 -0.6081 0.3825
v 1.8863 -0.6597 0.3998
v 2.0548 -0.6684 0.4718
v 1.7049 -0.6457 0.3318
v 1.3690 -0.6013 0.2234
v 1.5271 -0.6262 0.2718
v 1.6919 -0.3124 1.1063
v 1.8582 -0.3243 1.1541
v 1.5209 -0.3022 1.0506
v 1.6542 -0.3529 1.1269
v 1.8214 -0.3662 1.1748
v 1.4803 -0.3405 1.0699
v 1.3584 -0.2917 0.9909
v 1.3141 -0.3277 1.0083
v 1.2697 -0.3791 1.0016
v 1.4392 -0.3957 1.0655
v 1.7874 -0.4260 1.1749
v 1.6168 -0.4111 1.1248
v 2.5854 -0.5657 0.8501
v 2.5196 -0.5736 0.7614
v 2.6366 -0.5528 0.9427
v 2.5723 -0.6103 0.8578
v 2.5035 -0.6147 0.7623
v 2.6254 -0.6027 0.9565
v 2.6607 -0.5178 1.1150
v 2.6648 -0.5377 1.0349
v 2.6509 -0.5706 1.1323
v 2.6551 -0.5901 1.0515
v 2.5989 -0.6459 1.0480
v 2.5919 -0.6267 1.1305
v 2.5755 -0.6555 0.9534
v 2.4726 -0.6564 0.7697
v 2.5323 -0.6564 0.8590
v 2.2475 -0.5668 0.5298
v 2.3599 -0.5696 0.6045
v 2.2255 -0.6186 0.5236
v 2.3366 -0.6194 0.5982
v 2.4475 -0.5733 0.6805
v 2.4272 -0.6180 0.6767
v 2.3993 -0.6630 0.6906
v 2.3079 -0.6704 0.6169
v 2.1942 -0.6720 0.5441
v 2.2449 -0.3841 1.2292
v 2.3446 -0.4107 1.2332
v 2.1358 -0.3592 1.2149
v 2.2114 -0.4217 1.2437
v 2.3189 -0.4471 1.2460
v 2.0966 -0.4002 1.2319
v 2.0065 -0.3396 1.1901
v 1.9677 -0.3819 1.2094
v 1.9364 -0.4411 1.2114
v 2.0667 -0.4559 1.2349
v 2.2852 -0.4901 1.2481
v 2.1817 -0.4700 1.2464
v 2.6148 -0.4906 1.1713
v 2.5392 -0.4614 1.2074
v 2.6029 -0.5428 1.1879
v 2.5236 -0.5105 1.2226
v 2.4459 -0.4355 1.2270
v 2.4259 -0.4776 1.2405
v 2.3812 -0.5229 1.2426
v 2.4678 -0.5610 1.2245
v 2.5431 -0.5971 1.1882
v 1.3533 -0.4468 0.0623
v 1.3315 -0.4817 0.0973
v 1.4360 -0.5041 0.0959
v 1.2732 -0.4167 0.0643
v 1.2494 -0.4533 0.0965
v 1.2923 -0.5219 0.1059
v 1.3998 -0.5447 0.1054
v 1.2082 -0.4939 0.1037
v 1.2095 -0.3823 0.0677
v 1.1416 -0.3962 0.1000
v 1.1863 -0.4220 0.0965
v 1.0996 -0.4410 0.1020
v 1.1442 -0.4651 0.1015
v 1.0869 -0.5010 0.0863
v 1.0385 -0.4756 0.0885
v 1.1560 -0.5311 0.0871
v 1.3524 -0.5850 0.0869
v 1.2428 -0.5605 0.0884
v 1.4781 -0.2292 -0.7062
v 1.3532 -0.2244 -0.6683
v 1.6187 -0.2304 -0.7399
v 1.4414 -0.2561 -0.7338
v 1.3126 -0.2511 -0.6951
v 1.5861 -0.2581 -0.7682
v 1.9088 -0.2316 -0.7822
v 1.7655 -0.2306 -0.7664
v 1.8801 -0.2622 -0.8110
v 1.7360 -0.2594 -0.7950
v 1.7023 -0.3131 -0.7998
v 1.8506 -0.3170 -0.8166
v 1.5480 -0.3095 -0.7723
v 1.2665 -0.2965 -0.6980
v 1.3989 -0.3046 -0.7373
v 1.8606 -0.5236 0.0562
v 2.0030 -0.5194 0.0281
v 1.7114 -0.5235 0.0763
v 1.8372 -0.5644 0.0661
v 1.9819 -0.5613 0.0371
v 1.6841 -0.5640 0.0864
v 1.5663 -0.5175 0.0892
v 1.5344 -0.5581 0.0992
v 1.4906 -0.6005 0.0796
v 1.6449 -0.6085 0.0657
v 1.9533 -0.6079 0.0146
v 1.8032 -0.6105 0.0443
v 2.4395 -0.2646 -0.6730
v 2.3459 -0.2614 -0.7208
v 2.5242 -0.2692 -0.6123
v 2.4244 -0.3006 -0.6918
v 2.3246 -0.2949 -0.7412
v 2.5144 -0.3082 -0.6308
v 2.6207 -0.3063 -0.4611
v 2.5891 -0.2824 -0.5404
v 2.6187 -0.3446 -0.4800
v 2.5841 -0.3214 -0.5591
v 2.5328 -0.3763 -0.5777
v 2.5687 -0.4012 -0.4966
v 2.4663 -0.3588 -0.6490
v 2.2959 -0.3341 -0.7507
v 2.3858 -0.3441 -0.7058
v 2.0390 -0.2356 -0.7844
v 2.1545 -0.2427 -0.7744
v 2.0078 -0.2691 -0.8132
v 2.1221 -0.2779 -0.8019
v 2.2538 -0.2527 -0.7538
v 2.2258 -0.2869 -0.7780
v 2.2008 -0.3304 -0.7857
v 2.0971 -0.3282 -0.8093
v 1.9812 -0.3229 -0.8198
v 2.3265 -0.4893 -0.1038
v 2.4080 -0.4673 -0.1611
v 2.2357 -0.5023 -0.0532
v 2.3085 -0.5311 -0.1029
v 2.3952 -0.5059 -0.1654
v 2.2142 -0.5472 -0.0485
v 2.1280 -0.5123 -0.0088
v 2.1064 -0.5563 -0.0015
v 2.0831 -0.6021 -0.0243
v 2.1944 -0.5904 -0.0702
v 2.3723 -0.5420 -0.1791
v 2.2891 -0.5693 -0.1208
v 2.6052 -0.3431 -0.3783
v 2.5564 -0.3866 -0.2978
v 2.6039 -0.3820 -0.3968
v 2.5533 -0.4260 -0.3141
v 2.4877 -0.4306 -0.2257
v 2.4803 -0.4692 -0.2363
v 2.4487 -0.5121 -0.2480
v 2.5122 -0.4779 -0.3257
v 2.5570 -0.4381 -0.4106
v 1.2586 -0.0960 -0.7499
v 1.2461 -0.1484 -0.7451
v 1.3577 -0.1364 -0.7989
v 1.1779 -0.0950 -0.6970
v 1.1629 -0.1469 -0.6940
v 1.2074 -0.1921 -0.7509
v 1.3209 -0.1807 -0.8049
v 1.1227 -0.1904 -0.7006
v 1.1185 -0.0857 -0.6441
v 1.0637 -0.1296 -0.6028
v 1.1031 -0.1378 -0.6450
v 1.0218 -0.1732 -0.6153
v 1.0618 -0.1818 -0.6543
v 0.9997 -0.2118 -0.6650
v 0.9573 -0.2042 -0.6229
v 1.0642 -0.2195 -0.7140
v 1.2632 -0.2107 -0.8217
v 1.1498 -0.2214 -0.7662
v 1.1540 0.5182 -1.1763
v 1.0218 0.4637 -1.1054
v 1.3085 0.5787 -1.2463
v 1.1034 0.5034 -1.1971
v 0.9694 0.4480 -1.1247
v 1.2597 0.5648 -1.2683
v 1.6299 0.6825 -1.3696
v 1.4716 0.6366 -1.3118
v 1.5826 0.6675 -1.3934
v 1.4241 0.6226 -1.3349
v 1.3757 0.5773 -1.3512
v 1.5358 0.6218 -1.4119
v 1.2101 0.5203 -1.2821
v 0.9188 0.4057 -1.1340
v 1.0532 0.4601 -1.2085
v 1.8276 -0.0051 -0.9761
v 1.9751 0.0536 -1.0389
v 1.6648 -0.0597 -0.9148
v 1.7971 -0.0500 -0.9833
v 1.9444 0.0085 -1.0468
v 1.6328 -0.1044 -0.9216
v 1.5026 -0.1051 -0.8556
v 1.4684 -0.1497 -0.8620
v 1.4108 -0.1807 -0.8807
v 1.5759 -0.1364 -0.9425
v 1.8908 -0.0246 -1.0717
v 1.7415 -0.0827 -1.0064
v 2.1569 0.6535 -1.5146
v 2.0724 0.6810 -1.5027
v 2.2336 0.6170 -1.5172
v 2.1297 0.6288 -1.5384
v 2.0404 0.6603 -1.5235
v 2.2092 0.5887 -1.5449
v 2.3377 0.5115 -1.4887
v 2.2959 0.5684 -1.5101
v 2.3174 0.4846 -1.5190
v 2.2743 0.5402 -1.5397
v 2.2097 0.4988 -1.5568
v 2.2535 0.4411 -1.5353
v 2.1478 0.5501 -1.5620
v 1.9979 0.6269 -1.5387
v 2.0779 0.5940 -1.5541
v 1.7697 0.7076 -1.4165
v 1.8893 0.7139 -1.4537
v 1.7210 0.6900 -1.4401
v 1.8414 0.6941 -1.4764
v 1.9867 0.7031 -1.4825
v 1.9461 0.6831 -1.5036
v 1.9055 0.6455 -1.5212
v 1.7989 0.6511 -1.4967
v 1.6763 0.6449 -1.4603
v 2.2364 0.2158 -1.2277
v 2.2798 0.2666 -1.2871
v 2.1771 0.1661 -1.1663
v 2.2055 0.1784 -1.2393
v 2.2533 0.2357 -1.3023
v 2.1429 0.1224 -1.1760
v 2.0908 0.1114 -1.1028
v 2.0578 0.0659 -1.1113
v 2.0070 0.0331 -1.1377
v 2.0957 0.0906 -1.2015
v 2.2113 0.2053 -1.3184
v 2.1627 0.1485 -1.2603
v 2.3526 0.4502 -1.4491
v 2.3448 0.3872 -1.3985
v 2.3308 0.4230 -1.4791
v 2.3207 0.3592 -1.4260
v 2.3182 0.3248 -1.3443
v 2.2932 0.2963 -1.3659
v 2.2446 0.2597 -1.3800
v 2.2635 0.3160 -1.4401
v 2.2690 0.3782 -1.4942
v 0.8612 0.5683 -1.0133
v 0.8557 0.5186 -1.0322
v 0.9363 0.5702 -1.1054
v 0.8085 0.5307 -0.9463
v 0.7990 0.4821 -0.9661
v 0.8187 0.4788 -1.0474
v 0.9016 0.5305 -1.1215
v 0.7598 0.4427 -0.9816
v 0.7748 0.5021 -0.8840
v 0.7419 0.4347 -0.8635
v 0.7625 0.4557 -0.9075
v 0.6977 0.3981 -0.8836
v 0.7205 0.4171 -0.9255
v 0.6573 0.3883 -0.9303
v 0.6333 0.3663 -0.8859
v 0.6990 0.4171 -0.9893
v 0.8402 0.5069 -1.1327
v 0.7581 0.4546 -1.0569
v 0.5602 1.3623 -0.8978
v 0.4847 1.2392 -0.8254
v 0.6548 1.4957 -0.9768
v 0.5062 1.3563 -0.9012
v 0.4297 1.2298 -0.8280
v 0.6017 1.4929 -0.9812
v 0.8751 1.7344 -1.1389
v 0.7619 1.6246 -1.0585
v 0.8221 1.7338 -1.1444
v 0.7094 1.6239 -1.0637
v 0.6583 1.5884 -1.0884
v 0.7719 1.7000 -1.1708
v 0.5503 1.4562 -1.0034
v 0.3787 1.1916 -0.8445
v 0.4548 1.3187 -0.9204
v 1.2955 0.8319 -1.3480
v 1.4132 0.9417 -1.4234
v 1.1686 0.7308 -1.2673
v 1.2680 0.7933 -1.3674
v 1.3856 0.9029 -1.4433
v 1.1394 0.6919 -1.2857
v 1.0447 0.6423 -1.1850
v 1.0129 0.6029 -1.2024
v 0.9509 0.5804 -1.2160
v 1.0772 0.6708 -1.3022
v 1.3244 0.8842 -1.4648
v 1.2060 0.7734 -1.3866
v 1.3640 1.8791 -1.4860
v 1.2757 1.8839 -1.4173
v 1.4484 1.8601 -1.5532
v 1.3317 1.8704 -1.5037
v 1.2386 1.8756 -1.4277
v 1.4187 1.8519 -1.5781
v 1.5868 1.7625 -1.6598
v 1.5240 1.8217 -1.6147
v 1.5611 1.7584 -1.6909
v 1.4970 1.8158 -1.6439
v 1.4277 1.7813 -1.6567
v 1.4926 1.7211 -1.7060
v 1.3526 1.8209 -1.5892
v 1.1924 1.8512 -1.4426
v 1.2758 1.8436 -1.5155
v 0.9881 1.8106 -1.2141
v 1.0944 1.8575 -1.2847
v 0.9332 1.8073 -1.2189
v 1.0405 1.8509 -1.2894
v 1.1881 1.8793 -1.3514
v 1.1420 1.8713 -1.3576
v 1.0975 1.8452 -1.3775
v 0.9941 1.8213 -1.3141
v 0.8846 1.7752 -1.2456
v 1.6266 1.2748 -1.5925
v 1.6520 1.3775 -1.6299
v 1.5812 1.1693 -1.5457
v 1.5969 1.2441 -1.6117
v 1.6253 1.3564 -1.6503
v 1.5489 1.1310 -1.5651
v 1.5093 1.0562 -1.4893
v 1.4788 1.0163 -1.5091
v 1.4196 0.9987 -1.5320
v 1.4928 1.1135 -1.5875
v 1.5760 1.3325 -1.6652
v 1.5455 1.2248 -1.6302
v 1.6326 1.6810 -1.6778
v 1.6592 1.5851 -1.6750
v 1.6052 1.6760 -1.7090
v 1.6303 1.5767 -1.7043
v 1.6643 1.4824 -1.6582
v 1.6367 1.4687 -1.6830
v 1.5821 1.4364 -1.6976
v 1.5683 1.5373 -1.7200
v 1.5390 1.6360 -1.7250
v 0.2676 1.1593 -0.3097
v 0.2499 1.1862 -0.2314
v 0.2623 1.2273 -0.3346
v 0.2448 1.2563 -0.2512
v 0.2385 1.2138 -0.1559
v 0.2351 1.2866 -0.1715
v 0.2657 1.3047 -0.3586
v 0.2489 1.3363 -0.2706
v 0.2424 1.3705 -0.1868
v 0.2178 1.4162 -0.0579
v 0.2356 1.3997 -0.1137
v 0.2028 1.3246 -0.0483
v 0.2243 1.3116 -0.1016
v 0.2026 1.2502 -0.0362
v 0.2261 1.2372 -0.0878
v 0.3645 1.1021 -0.5240
v 0.3684 1.1714 -0.5595
v 0.3345 1.1201 -0.4585
v 0.3361 1.1885 -0.4920
v 0.3867 1.2529 -0.5949
v 0.3486 1.2675 -0.5243
v 0.3036 1.2833 -0.4443
v 0.2967 1.2059 -0.4159
v 0.2990 1.1382 -0.3863
v 0.1884 1.1451 0.4011
v 0.2042 1.1170 0.4858
v 0.1785 1.2126 0.4268
v 0.1964 1.1830 0.5175
v 0.2252 1.0918 0.5667
v 0.2203 1.1574 0.6032
v 0.1790 1.2903 0.4550
v 0.1991 1.2599 0.5512
v 0.2265 1.2350 0.6420
v 0.2543 1.1864 0.7830
v 0.2491 1.2117 0.7215
v 0.2411 1.1063 0.7369
v 0.2392 1.1328 0.6785
v 0.2422 1.0414 0.6966
v 0.2424 1.0671 0.6393
v 0.1925 1.2411 0.1638
v 0.1863 1.3166 0.1770
v 0.1905 1.2126 0.2367
v 0.1834 1.2860 0.2522
v 0.1934 1.4052 0.1935
v 0.1876 1.3707 0.2715
v 0.1790 1.3298 0.3603
v 0.1775 1.2491 0.3369
v 0.1865 1.1789 0.3169
v 0.3950 0.7094 0.9302
v 0.4390 0.6460 0.9663
v 0.4000 0.7460 0.9939
v 0.4477 0.6793 1.0326
v 0.4859 0.5884 1.0015
v 0.4988 0.6200 1.0700
v 0.4168 0.7911 1.0612
v 0.4684 0.7217 1.1022
v 0.5249 0.6615 1.1426
v 0.5971 0.5586 1.2074
v 0.5724 0.6079 1.1789
v 0.5618 0.5165 1.1298
v 0.5413 0.5663 1.1034
v 0.5446 0.4857 1.0594
v 0.5260 0.5350 1.0331
v 0.3137 0.9141 0.8339
v 0.3186 0.9636 0.8948
v 0.3387 0.8513 0.8631
v 0.3432 0.8980 0.9238
v 0.3386 1.0251 0.9599
v 0.3610 0.9542 0.9888
v 0.3841 0.8724 1.0230
v 0.3677 0.8222 0.9573
v 0.3637 0.7805 0.8955
v 0.7717 0.1017 0.9548
v 0.8256 0.0358 0.9235
v 0.8049 0.0953 1.0204
v 0.8629 0.0252 0.9867
v 0.8816 -0.0232 0.8925
v 0.9232 -0.0367 0.9538
v 0.8534 0.0965 1.0912
v 0.9145 0.0223 1.0553
v 0.9785 -0.0426 1.0205
v 1.0632 -0.1538 0.9638
v 1.0325 -0.1006 0.9893
v 1.0012 -0.1448 0.8991
v 0.9737 -0.0926 0.9236
v 0.9559 -0.1294 0.8405
v 0.9299 -0.0776 0.8633
v 0.6611 0.3179 1.0368
v 0.6914 0.3254 1.1074
v 0.6950 0.2514 1.0127
v 0.7257 0.2561 1.0822
v 0.7391 0.3419 1.1848
v 0.7729 0.2681 1.1576
v 0.8086 0.1824 1.1259
v 0.7613 0.1759 1.0527
v 0.7301 0.1765 0.9850
v 1.1073 -0.2953 0.4743
v 1.1376 -0.3186 0.3973
v 1.1729 -0.3236 0.5061
v 1.2051 -0.3484 0.4242
v 1.1688 -0.3388 0.3238
v 1.2376 -0.3702 0.3468
v 1.2534 -0.3482 0.5409
v 1.2875 -0.3744 0.4547
v 1.3220 -0.3976 0.3736
v 1.3564 -0.4512 0.2446
v 1.3480 -0.4218 0.3021
v 1.2687 -0.4211 0.2224
v 1.2618 -0.3929 0.2779
v 1.2016 -0.3867 0.2030
v 1.1934 -0.3594 0.2569
v 1.0459 -0.2102 0.6931
v 1.1068 -0.2362 0.7357
v 1.0664 -0.2351 0.6262
v 1.1292 -0.2604 0.6668
v 1.1850 -0.2573 0.7824
v 1.2078 -0.2819 0.7102
v 1.2287 -0.3148 0.6279
v 1.1494 -0.2919 0.5886
v 1.0852 -0.2654 0.5520
v 1.1651 -0.2911 -0.2281
v 1.1618 -0.2557 -0.3101
v 1.2226 -0.3264 -0.2475
v 1.2198 -0.2878 -0.3349
v 1.1625 -0.2176 -0.3873
v 1.2219 -0.2461 -0.4164
v 1.2913 -0.3606 -0.2681
v 1.2890 -0.3187 -0.3607
v 1.2931 -0.2725 -0.4464
v 1.2845 -0.2095 -0.5840
v 1.2945 -0.2325 -0.5220
v 1.2085 -0.1914 -0.5487
v 1.2208 -0.2105 -0.4888
v 1.1480 -0.1676 -0.5168
v 1.1606 -0.1843 -0.4577
v 1.2098 -0.3563 0.0118
v 1.2730 -0.3921 0.0062
v 1.1966 -0.3369 -0.0619
v 1.2583 -0.3729 -0.0702
v 1.3500 -0.4239 0.0007
v 1.3319 -0.4064 -0.0799
v 1.3090 -0.3877 -0.1720
v 1.2385 -0.3529 -0.1570
v 1.1793 -0.3167 -0.1436
v 0.9820 0.1493 -0.7471
v 0.9494 0.2183 -0.7823
v 1.0312 0.1478 -0.8028
v 0.9975 0.2213 -0.8403
v 0.9212 0.2851 -0.8180
v 0.9694 0.2923 -0.8780
v 1.0941 0.1528 -0.8614
v 1.0598 0.2310 -0.9007
v 1.0329 0.3070 -0.9402
v 0.9729 0.4135 -1.0104
v 1.0064 0.3711 -0.9775
v 0.9055 0.3910 -0.9457
v 0.9409 0.3521 -0.9137
v 0.8571 0.3806 -0.8840
v 0.8924 0.3431 -0.8521
v 1.1025 -0.0316 -0.6589
v 1.1610 -0.0404 -0.7122
v 1.0670 0.0252 -0.6840
v 1.1235 0.0178 -0.7369
v 1.2376 -0.0410 -0.7662
v 1.1951 0.0180 -0.7917
v 1.1433 0.0822 -0.8242
v 1.0767 0.0801 -0.7676
v 1.0240 0.0853 -0.7138
v 0.5892 0.7392 -0.7863
v 0.5479 0.8128 -0.7534
v 0.6066 0.7775 -0.8469
v 0.5631 0.8573 -0.8114
v 0.5135 0.8857 -0.7198
v 0.5284 0.9358 -0.7752
v 0.6331 0.8241 -0.9121
v 0.5878 0.9106 -0.8742
v 0.5538 0.9966 -0.8354
v 0.4856 1.1228 -0.7749
v 0.5225 1.0711 -0.8005
v 0.4564 1.0500 -0.7193
v 0.4953 1.0036 -0.7428
v 0.4406 0.9944 -0.6677
v 0.4802 0.9499 -0.6888
v 0.7489 0.5541 -0.8622
v 0.7802 0.5837 -0.9257
v 0.7000 0.6109 -0.8400
v 0.7279 0.6420 -0.9031
v 0.8267 0.6221 -0.9931
v 0.7673 0.6815 -0.9702
v 0.6978 0.7483 -0.9437
v 0.6657 0.7061 -0.8772
v 0.6434 0.6722 -0.8150
v 0.0135 0.8749 -0.2974
v -0.0049 0.8991 -0.2257
v 0.0242 0.8129 -0.2721
v 0.0060 0.8351 -0.2062
v -0.0160 0.9259 -0.1561
v -0.0075 0.8584 -0.1431
v 0.0346 0.7570 -0.2490
v 0.0168 0.7773 -0.1885
v 0.0019 0.7977 -0.1308
v -0.0193 0.8317 -0.0376
v -0.0102 0.8166 -0.0793
v -0.0230 0.8985 -0.0406
v -0.0167 0.8807 -0.0864
v -0.0203 0.9748 -0.0409
v -0.0199 0.9537 -0.0922
v 0.1369 0.8196 -0.5342
v 0.1061 0.8295 -0.4911
v 0.1219 0.7548 -0.4907
v 0.0994 0.7656 -0.4499
v 0.0712 0.8401 -0.4332
v 0.0734 0.7784 -0.3973
v 0.1151 0.6978 -0.4513
v 0.0976 0.7093 -0.4131
v 0.0770 0.7230 -0.3645
v 0.0553 0.7389 -0.3088
v 0.0474 0.7941 -0.3369
v 0.0396 0.8552 -0.3676
v -0.0559 0.8635 0.3205
v -0.0434 0.8370 0.3966
v -0.0400 0.8027 0.2966
v -0.0295 0.7781 0.3660
v -0.0244 0.8151 0.4702
v -0.0154 0.7566 0.4324
v -0.0245 0.7477 0.2750
v -0.0158 0.7248 0.3382
v -0.0054 0.7043 0.3985
v 0.0143 0.6721 0.4955
v 0.0052 0.6864 0.4523
v 0.0137 0.7246 0.5395
v 0.0001 0.7389 0.4920
v 0.0205 0.7842 0.5898
v -0.0009 0.7983 0.5375
v -0.0371 0.9792 0.0633
v -0.0484 0.9567 0.1127
v -0.0385 0.9014 0.0634
v -0.0428 0.8824 0.1083
v -0.0577 0.9254 0.1755
v -0.0456 0.8572 0.1645
v -0.0334 0.8336 0.0619
v -0.0338 0.8173 0.1031
v -0.0330 0.7961 0.1544
v -0.0301 0.7722 0.2128
v -0.0451 0.8298 0.2284
v -0.0604 0.8937 0.2458
v 0.1238 0.4847 0.7801
v 0.1625 0.4252 0.8127
v 0.1259 0.4535 0.7191
v 0.1607 0.3980 0.7490
v 0.2061 0.3720 0.8452
v 0.1975 0.3475 0.7783
v 0.1286 0.4255 0.6636
v 0.1599 0.3738 0.6912
v 0.1915 0.3259 0.7178
v 0.2451 0.2504 0.7600
v 0.2209 0.2841 0.7414
v 0.2629 0.2694 0.8246
v 0.2332 0.3040 0.8046
v 0.2898 0.2926 0.8960
v 0.2516 0.3274 0.8751
v 0.0477 0.7225 0.6741
v 0.0557 0.6746 0.6965
v 0.0417 0.6625 0.6216
v 0.0544 0.6212 0.6414
v 0.0699 0.6131 0.7215
v 0.0726 0.5691 0.6646
v 0.0416 0.6123 0.5728
v 0.0566 0.5758 0.5912
v 0.0765 0.5301 0.6129
v 0.1006 0.4788 0.6372
v 0.0964 0.5119 0.6907
v 0.0928 0.5486 0.7495
v 0.4509 -0.0436 0.8039
v 0.4977 -0.1040 0.7754
v 0.4269 -0.0329 0.7420
v 0.4687 -0.0886 0.7161
v 0.5489 -0.1576 0.7482
v 0.5122 -0.1391 0.6914
v 0.4059 -0.0226 0.6856
v 0.4432 -0.0740 0.6619
v 0.4807 -0.1214 0.6396
v 0.5432 -0.1956 0.6032
v 0.5151 -0.1628 0.6195
v 0.5875 -0.2159 0.6512
v 0.5538 -0.1824 0.6694
v 0.6434 -0.2351 0.7026
v 0.6012 -0.2023 0.7238
v 0.3452 0.2018 0.8989
v 0.3601 0.1504 0.8829
v 0.3178 0.1794 0.8290
v 0.3361 0.1363 0.8134
v 0.3815 0.0870 0.8589
v 0.3602 0.0833 0.7922
v 0.2975 0.1645 0.7653
v 0.3172 0.1271 0.7507
v 0.3422 0.0813 0.7315
v 0.3720 0.0302 0.7093
v 0.3906 0.0257 0.7679
v 0.4120 0.0213 0.8322
v 0.7319 -0.4109 0.3892
v 0.7596 -0.4322 0.3178
v 0.6855 -0.3708 0.3598
v 0.7101 -0.3909 0.2941
v 0.7926 -0.4486 0.2501
v 0.7372 -0.4077 0.2320
v 0.6440 -0.3337 0.3329
v 0.6657 -0.3527 0.2726
v 0.6884 -0.3697 0.2154
v 0.7268 -0.3944 0.1241
v 0.7096 -0.3838 0.1649
v 0.7855 -0.4297 0.1329
v 0.7639 -0.4208 0.1770
v 0.8562 -0.4640 0.1412
v 0.8281 -0.4592 0.1894
v 0.6907 -0.2992 0.6377
v 0.6942 -0.3263 0.5913
v 0.6349 -0.2796 0.5852
v 0.6423 -0.3001 0.5426
v 0.6996 -0.3565 0.5295
v 0.6523 -0.3236 0.4877
v 0.5888 -0.2566 0.5391
v 0.5984 -0.2731 0.4999
v 0.6106 -0.2925 0.4500
v 0.6257 -0.3131 0.3933
v 0.6665 -0.3478 0.4255
v 0.7120 -0.3852 0.4610
v 0.8005 -0.3982 -0.2283
v 0.7957 -0.3669 -0.3033
v 0.7490 -0.3597 -0.2088
v 0.7438 -0.3317 -0.2775
v 0.7971 -0.3322 -0.3744
v 0.7424 -0.3023 -0.3423
v 0.7028 -0.3239 -0.1910
v 0.6973 -0.2990 -0.2537
v 0.6941 -0.2739 -0.3132
v 0.6909 -0.2312 -0.4085
v 0.6922 -0.2507 -0.3659
v 0.7449 -0.2502 -0.4461
v 0.7436 -0.2741 -0.4001
v 0.8097 -0.2651 -0.4874
v 0.8039 -0.2963 -0.4382
v 0.8668 -0.4624 0.0389
v 0.8502 -0.4562 -0.0135
v 0.7969 -0.4290 0.0301
v 0.7857 -0.4188 -0.0163
v 0.8293 -0.4434 -0.0799
v 0.7719 -0.4036 -0.0746
v 0.7383 -0.3941 0.0252
v 0.7307 -0.3823 -0.0169
v 0.7211 -0.3662 -0.0691
v 0.7112 -0.3466 -0.1284
v 0.7589 -0.3837 -0.1399
v 0.8122 -0.4239 -0.1526
v 0.6208 -0.0194 -0.6889
v 0.5903 0.0447 -0.7200
v 0.5832 -0.0103 -0.6319
v 0.5540 0.0482 -0.6609
v 0.5673 0.1102 -0.7498
v 0.5300 0.1064 -0.6885
v 0.5497 -0.0017 -0.5799
v 0.5219 0.0520 -0.6069
v 0.4974 0.1041 -0.6326
v 0.4605 0.1898 -0.6727
v 0.4769 0.1513 -0.6551
v 0.4966 0.2039 -0.7309
v 0.5112 0.1601 -0.7127
v 0.5416 0.2248 -0.7936
v 0.5524 0.1734 -0.7760
v 0.7809 -0.2029 -0.5759
v 0.7457 -0.1722 -0.6012
v 0.7159 -0.1879 -0.5307
v 0.6880 -0.1561 -0.5521
v 0.7015 -0.1298 -0.6289
v 0.6535 -0.1145 -0.5767
v 0.6628 -0.1714 -0.4873
v 0.6399 -0.1399 -0.5064
v 0.6115 -0.0997 -0.5288
v 0.5805 -0.0529 -0.5537
v 0.6175 -0.0653 -0.6036
v 0.6589 -0.0782 -0.6583
v 0.2936 0.5088 -0.7116
v 0.2546 0.5741 -0.6822
v 0.2821 0.4759 -0.6541
v 0.2456 0.5350 -0.6275
v 0.2238 0.6404 -0.6525
v 0.2148 0.5934 -0.6013
v 0.2723 0.4465 -0.6015
v 0.2383 0.4998 -0.5775
v 0.2080 0.5519 -0.5541
v 0.1619 0.6365 -0.5157
v 0.1822 0.5986 -0.5331
v 0.1711 0.6902 -0.5571
v 0.1899 0.6472 -0.5772
v 0.1867 0.7540 -0.5996
v 0.2019 0.7041 -0.6241
v 0.4840 0.3158 -0.7963
v 0.4416 0.3504 -0.7835
v 0.4401 0.2939 -0.7352
v 0.4067 0.3277 -0.7213
v 0.3901 0.3950 -0.7633
v 0.3660 0.3704 -0.7022
v 0.4069 0.2756 -0.6781
v 0.3795 0.3081 -0.6643
v 0.3459 0.3487 -0.6463
v 0.3091 0.3954 -0.6249
v 0.3233 0.4204 -0.6794
v 0.3398 0.4485 -0.7390
v 0.1577 1.2469 -0.0099
v 0.1594 1.1965 0.0009
v 0.1607 1.3193 -0.0185
v 0.1018 1.2267 -0.0053
v 0.1018 1.1775 0.0025
v 0.1076 1.2984 -0.0114
v 0.1784 1.4125 -0.0257
v 0.1267 1.3927 -0.0174
v 0.0717 1.3616 -0.0333
v 0.0530 1.2651 -0.0261
v 0.0449 1.1361 -0.0085
v 0.0458 1.1889 -0.0183
v 0.2114 1.0138 0.7314
v 0.2146 0.9685 0.7043
v 0.2139 1.0753 0.7721
v 0.1609 0.9835 0.7423
v 0.1614 0.9408 0.7143
v 0.1668 1.0438 0.7833
v 0.2297 1.1554 0.8201
v 0.1841 1.1242 0.8324
v 0.1257 1.0979 0.8195
v 0.1090 1.0153 0.7697
v 0.1025 0.9034 0.6993
v 0.1022 0.9503 0.7276
v 0.5269 0.4401 1.0784
v 0.5185 0.4181 1.0275
v 0.5471 0.4691 1.1462
v 0.4827 0.4009 1.0849
v 0.4716 0.3808 1.0356
v 0.5058 0.4292 1.1512
v 0.5849 0.5109 1.2247
v 0.5444 0.4711 1.2306
v 0.4840 0.4454 1.2250
v 0.4461 0.4022 1.1435
v 0.4100 0.3474 1.0218
v 0.4218 0.3705 1.0737
v 0.9456 -0.1808 0.8290
v 0.9151 -0.1689 0.7866
v 0.9926 -0.1955 0.8830
v 0.9058 -0.2246 0.8233
v 0.8735 -0.2130 0.7843
v 0.9551 -0.2382 0.8748
v 1.0574 -0.2048 0.9465
v 1.0222 -0.2472 0.9383
v 0.9647 -0.2748 0.9400
v 0.8960 -0.2663 0.8738
v 0.8096 -0.2434 0.7757
v 0.8435 -0.2539 0.8182
v 1.1834 -0.4267 0.1687
v 1.1388 -0.3999 0.1541
v 1.2492 -0.4592 0.1848
v 1.1427 -0.4696 0.1519
v 1.0981 -0.4442 0.1403
v 1.2091 -0.5004 0.1664
v 1.3384 -0.4898 0.2055
v 1.2999 -0.5316 0.1869
v 1.2471 -0.5706 0.1905
v 1.1541 -0.5375 0.1681
v 1.0356 -0.4783 0.1368
v 1.0832 -0.5051 0.1511
v 1.1170 -0.1796 -0.5606
v 1.0744 -0.1609 -0.5404
v 1.1763 -0.1990 -0.5926
v 1.0713 -0.2104 -0.5851
v 1.0292 -0.1949 -0.5640
v 1.1313 -0.2266 -0.6171
v 1.2539 -0.2141 -0.6295
v 1.2105 -0.2407 -0.6549
v 1.1622 -0.2838 -0.6575
v 1.0804 -0.2679 -0.6192
v 0.9689 -0.2326 -0.5652
v 1.0151 -0.2501 -0.5865
v 0.8099 0.3858 -0.9129
v 0.7771 0.3824 -0.8673
v 0.8571 0.3990 -0.9720
v 0.7558 0.3649 -0.9325
v 0.7241 0.3589 -0.8884
v 0.8031 0.3806 -0.9897
v 0.9252 0.4245 -1.0367
v 0.8718 0.4076 -1.0547
v 0.8212 0.3665 -1.0626
v 0.7514 0.3400 -0.9960
v 0.6648 0.3187 -0.8896
v 0.7000 0.3241 -0.9360
v 0.3879 1.0080 -0.6639
v 0.3775 0.9717 -0.6268
v 0.4043 1.0645 -0.7106
v 0.3301 0.9928 -0.6702
v 0.3196 0.9556 -0.6367
v 0.3481 1.0505 -0.7137
v 0.4346 1.1407 -0.7637
v 0.3791 1.1286 -0.7659
v 0.3285 1.0904 -0.7805
v 0.2967 1.0114 -0.7261
v 0.2632 0.9123 -0.6429
v 0.2761 0.9511 -0.6795
v 0.2932 0.8220 0.5475
v 0.2890 0.8687 0.5898
v 0.2994 0.8099 0.5673
v 0.2953 0.8552 0.6101
v 0.2578 0.9409 0.6726
v 0.2796 0.9131 0.6341
v 0.2613 0.9224 0.6862
v 0.2847 0.8965 0.6522
v 0.2929 0.8843 0.6724
v 0.2691 0.9155 0.7081
v 0.3027 0.8392 0.6274
v 0.3066 0.7935 0.5827
v 0.0319 0.6360 0.5587
v 0.0338 0.6872 0.6055
v 0.0256 0.6511 0.5442
v 0.0282 0.7020 0.5894
v 0.0680 0.8057 0.6940
v 0.0438 0.7460 0.6537
v 0.0663 0.8131 0.6738
v 0.0402 0.7579 0.6350
v 0.0332 0.7707 0.6180
v 0.0594 0.8269 0.6612
v 0.0224 0.7134 0.5697
v 0.0204 0.6617 0.5246
v 0.1125 0.8599 0.7170
v 0.1676 0.9007 0.7262
v 0.1111 0.8621 0.6985
v 0.1652 0.9000 0.7090
v 0.2235 0.9202 0.7247
v 0.2183 0.9218 0.7051
v 0.2161 0.9379 0.6969
v 0.1629 0.9132 0.7041
v 0.1066 0.8753 0.6910
v -0.0322 0.8428 0.0339
v -0.0347 0.9102 0.0338
v -0.0298 0.8452 0.0123
v -0.0311 0.9116 0.0118
v -0.0065 1.0560 0.0323
v -0.0284 0.9846 0.0331
v 0.0003 1.0494 0.0141
v -0.0229 0.9824 0.0122
v -0.0207 0.9817 -0.0093
v 0.0013 1.0522 -0.0048
v -0.0275 0.9082 -0.0104
v -0.0258 0.8415 -0.0093
v 0.2496 0.9963 0.0200
v 0.2422 1.0572 0.0174
v 0.2461 0.9993 0.0431
v 0.2382 1.0593 0.0415
v 0.2028 1.1595 0.0144
v 0.2290 1.1168 0.0153
v 0.1973 1.1539 0.0356
v 0.2240 1.1153 0.0391
v 0.2218 1.1187 0.0634
v 0.1955 1.1625 0.0572
v 0.2357 1.0579 0.0660
v 0.2438 0.9964 0.0664
v 0.1499 1.1726 0.0459
v 0.1520 1.1617 0.0303
v 0.0944 1.1548 0.0354
v 0.0978 1.1436 0.0242
v 0.1564 1.1688 0.0148
v 0.1004 1.1505 0.0127
v 0.0451 1.1100 0.0043
v 0.0438 1.1047 0.0185
v 0.0383 1.1143 0.0320
v 0.4225 0.8161 -0.4657
v 0.4268 0.8653 -0.5048
v 0.4118 0.8324 -0.4523
v 0.4152 0.8815 -0.4903
v 0.4079 0.9491 -0.5796
v 0.4251 0.9142 -0.5450
v 0.3948 0.9565 -0.5632
v 0.4122 0.9268 -0.5288
v 0.4028 0.9437 -0.5143
v 0.3876 0.9760 -0.5532
v 0.4045 0.8947 -0.4731
v 0.4013 0.8439 -0.4350
v 0.1274 0.6885 -0.4761
v 0.1368 0.7447 -0.5151
v 0.1374 0.6777 -0.4919
v 0.1477 0.7328 -0.5302
v 0.1887 0.8667 -0.5877
v 0.1556 0.8068 -0.5553
v 0.1997 0.8510 -0.5944
v 0.1674 0.7927 -0.5668
v 0.1764 0.7794 -0.5810
v 0.2073 0.8421 -0.6092
v 0.1581 0.7168 -0.5429
v 0.1479 0.6616 -0.5036
v 0.3504 0.9767 -0.5842
v 0.3554 0.9589 -0.5885
v 0.2988 0.9541 -0.6026
v 0.3035 0.9389 -0.6032
v 0.3656 0.9564 -0.6022
v 0.3105 0.9384 -0.6146
v 0.2548 0.8978 -0.6187
v 0.2483 0.9013 -0.6059
v 0.2407 0.9166 -0.6036
v 0.4254 0.2532 -0.6859
v 0.4611 0.2708 -0.7419
v 0.4382 0.2351 -0.6879
v 0.4744 0.2522 -0.7431
v 0.5625 0.3187 -0.8422
v 0.5070 0.2926 -0.7981
v 0.5727 0.3022 -0.8370
v 0.5196 0.2746 -0.7961
v 0.5308 0.2553 -0.7975
v 0.5841 0.2856 -0.8428
v 0.4854 0.2323 -0.7402
v 0.4487 0.2159 -0.6836
v 0.7197 0.3759 -0.6394
v 0.7497 0.3877 -0.6945
v 0.7081 0.3961 -0.6430
v 0.7367 0.4084 -0.6970
v 0.7804 0.3994 -0.8052
v 0.7747 0.3977 -0.7528
v 0.7626 0.4152 -0.8003
v 0.7587 0.4169 -0.7519
v 0.7477 0.4391 -0.7529
v 0.7556 0.4369 -0.8042
v 0.7229 0.4293 -0.6955
v 0.6944 0.4156 -0.6407
v 0.6438 0.3240 -0.8637
v 0.6327 0.3356 -0.8554
v 0.7025 0.3609 -0.8627
v 0.6906 0.3691 -0.8539
v 0.6272 0.3492 -0.8619
v 0.6884 0.3819 -0.8603
v 0.7335 0.4145 -0.8406
v 0.7370 0.3975 -0.8349
v 0.7521 0.3866 -0.8425
v 0.6772 -0.1921 -0.4724
v 0.7318 -0.2078 -0.5133
v 0.6854 -0.2062 -0.4573
v 0.7398 -0.2213 -0.4962
v 0.8671 -0.2199 -0.5827
v 0.7966 -0.2194 -0.5533
v 0.8693 -0.2274 -0.5607
v 0.8024 -0.2303 -0.5331
v 0.8080 -0.2444 -0.5151
v 0.8765 -0.2413 -0.5465
v 0.7440 -0.2340 -0.4759
v 0.6893 -0.2178 -0.4375
v 0.9540 -0.0491 -0.3923
v 1.0003 -0.0677 -0.4287
v 0.9498 -0.0364 -0.4126
v 0.9952 -0.0543 -0.4502
v 1.0639 -0.1156 -0.5066
v 1.0425 -0.0893 -0.4684
v 1.0525 -0.1036 -0.5240
v 1.0340 -0.0761 -0.4888
v 1.0314 -0.0615 -0.5103
v 1.0550 -0.0914 -0.5470
v 0.9881 -0.0388 -0.4685
v 0.9417 -0.0211 -0.4287
v 1.0417 -0.1312 -0.5718
v 1.0367 -0.1386 -0.5508
v 1.0002 -0.1713 -0.5861
v 0.9950 -0.1750 -0.5673
v 1.0476 -0.1479 -0.5388
v 1.0043 -0.1830 -0.5590
v 0.9446 -0.2175 -0.5613
v 0.9364 -0.2068 -0.5714
v 0.9385 -0.2024 -0.5918
v 0.7425 -0.4011 0.0536
v 0.8020 -0.4340 0.0604
v 0.7425 -0.4032 0.0751
v 0.8018 -0.4353 0.0822
v 0.9438 -0.4748 0.0824
v 0.8711 -0.4622 0.0701
v 0.9393 -0.4705 0.0998
v 0.8691 -0.4606 0.0906
v 0.8669 -0.4628 0.1113
v 0.9407 -0.4758 0.1179
v 0.7972 -0.4342 0.1039
v 0.7375 -0.4009 0.0964
v 0.9988 -0.2250 0.1333
v 1.0492 -0.2587 0.1404
v 1.0035 -0.2264 0.1107
v 1.0528 -0.2595 0.1169
v 1.1238 -0.3402 0.1461
v 1.0966 -0.2974 0.1457
v 1.1182 -0.3379 0.1249
v 1.0959 -0.2967 0.1223
v 1.1007 -0.2954 0.0995
v 1.1269 -0.3380 0.1053
v 1.0539 -0.2571 0.0930
v 1.0036 -0.2237 0.0876
v 1.0126 -0.4619 0.1224
v 1.0077 -0.4559 0.1089
v 1.0731 -0.4294 0.1282
v 1.0658 -0.4242 0.1169
v 1.0142 -0.4605 0.0968
v 1.0741 -0.4277 0.1076
v 1.1148 -0.3845 0.1093
v 1.1054 -0.3826 0.1227
v 1.1130 -0.3865 0.1382
v 0.8458 -0.0704 0.5882
v 0.8373 -0.0586 0.6061
v 0.8846 -0.0926 0.6308
v 0.8750 -0.0802 0.6487
v 0.8254 -0.0441 0.6196
v 0.8636 -0.0657 0.6636
v 0.9158 -0.1263 0.7426
v 0.8988 -0.0926 0.7079
v 0.9186 -0.1371 0.7241
v 0.9063 -0.1060 0.6905
v 0.9335 -0.1483 0.7140
v 0.9191 -0.1182 0.6755
v 0.8997 -0.1684 0.7581
v 0.8577 -0.2097 0.7588
v 0.8989 -0.1749 0.7425
v 0.8560 -0.2132 0.7461
v 0.7285 -0.2566 0.7254
v 0.7967 -0.2407 0.7488
v 0.7351 -0.2648 0.7106
v 0.7985 -0.2454 0.7354
v 0.8084 -0.2572 0.7334
v 0.7449 -0.2798 0.7040
v 0.8667 -0.2220 0.7457
v 0.9122 -0.1843 0.7384
v 0.6645 -0.2529 0.6855
v 0.6080 -0.2373 0.6380
v 0.6746 -0.2647 0.6717
v 0.6198 -0.2518 0.6258
v 0.5616 -0.2177 0.5917
v 0.5733 -0.2326 0.5803
v 0.5814 -0.2445 0.5644
v 0.6280 -0.2647 0.6107
v 0.6837 -0.2794 0.6601
v 0.5544 0.3549 0.7953
v 0.5424 0.3754 0.7977
v 0.5690 0.3680 0.8552
v 0.5559 0.3892 0.8569
v 0.5296 0.3947 0.7941
v 0.5429 0.4099 0.8546
v 0.5465 0.4200 0.9694
v 0.5519 0.4212 0.9171
v 0.5544 0.3984 0.9630
v 0.5630 0.3991 0.9153
v 0.5700 0.3825 0.9681
v 0.5780 0.3795 0.9168
v 0.3116 0.2692 0.9014
v 0.3536 0.2973 0.9584
v 0.2817 0.2458 0.8350
v 0.3240 0.2511 0.9003
v 0.3644 0.2806 0.9526
v 0.2942 0.2271 0.8380
v 0.2613 0.2272 0.7714
v 0.2732 0.2089 0.7759
v 0.2840 0.1899 0.7738
v 0.3050 0.2073 0.8367
v 0.3735 0.2642 0.9579
v 0.3342 0.2319 0.9021
v 0.5163 0.3975 0.9992
v 0.4686 0.3640 1.0070
v 0.5211 0.3806 0.9903
v 0.4723 0.3512 0.9974
v 0.4101 0.3297 0.9935
v 0.4169 0.3159 0.9850
v 0.4252 0.3047 0.9920
v 0.4813 0.3433 1.0049
v 0.5337 0.3698 0.9972
f 1 2 3 4
f 2 5 6 3
f 4 3 7 8
f 3 6 9 7
f 10 11 12 13
f 13 12 14 15
f 5 10 13 6
f 6 13 15 9
f 16 17 18 19
f 17 20 21 18
f 19 18 15 14
f 18 21 9 15
f 22 23 24 25
f 25 24 8 7
f 20 22 25 21
f 21 25 7 9
f 11 26 27 12
f 26 28 29 27
f 12 27 30 14
f 27 29 31 30
f 32 33 34 35
f 35 34 36 37
f 28 32 35 29
f 29 35 37 31
f 38 39 40 41
f 39 42 43 40
f 41 40 37 36
f 40 43 31 37
f 44 16 19 45
f 45 19 14 30
f 42 44 45 43
f 43 45 30 31
f 46 47 48 49
f 47 50 51 48
f 49 48 52 53
f 48 51 54 52
f 55 56 57 58
f 58 57 59 60
f 50 55 58 51
f 51 58 60 54
f 61 62 63 64
f 62 65 66 63
f 64 63 60 59
f 63 66 54 60
f 67 68 69 70
f 70 69 53 52
f 65 67 70 66
f 66 70 52 54
f 56 71 72 57
f 71 73 74 72
f 57 72 75 59
f 72 74 76 75
f 77 78 79 80
f 80 79 81 82
f 73 77 80 74
f 74 80 82 76
f 83 84 85 86
f 84 87 88 85
f 86 85 82 81
f 85 88 76 82
f 89 61 64 90
f 90 64 59 75
f 87 89 90 88
f 88 90 75 76
f 68 67 91 92
f 67 65 93 91
f 92 91 94 95
f 91 93 96 94
f 62 61 97 98
f 98 97 99 100
f 65 62 98 93
f 93 98 100 96
f 101 102 103 104
f 102 105 106 103
f 104 103 100 99
f 103 106 96 100
f 107 108 109 110
f 110 109 95 94
f 105 107 110 106
f 106 110 94 96
f 61 89 111 97
f 89 87 112 111
f 97 111 113 99
f 111 112 114 113
f 84 83 115 116
f 116 115 117 118
f 87 84 116 112
f 112 116 118 114
f 119 120 121 122
f 120 123 124 121
f 122 121 118 117
f 121 124 114 118
f 125 101 104 126
f 126 104 99 113
f 123 125 126 124
f 124 126 113 114
f 127 128 129 130
f 128 131 132 129
f 130 129 133 134
f 129 132 135 133
f 136 137 138 139
f 139 138 140 141
f 131 136 139 132
f 132 139 141 135
f 142 143 144 145
f 143 146 147 144
f 145 144 141 140
f 144 147 135 141
f 148 149 150 151
f 151 150 134 133
f 146 148 151 147
f 147 151 133 135
f 137 152 153 138
f 152 154 155 153
f 138 153 156 140
f 153 155 157 156
f 158 159 160 161
f 161 160 162 163
f 154 158 161 155
f 155 161 163 157
f 164 165 166 167
f 165 168 169 166
f 167 166 163 162
f 166 169 157 163
f 170 142 145 171
f 171 145 140 156
f 168 170 171 169
f 169 171 156 157
f 172 173 174 175
f 173 176 177 174
f 175 174 178 179
f 174 177 180 178
f 181 182 183 184
f 184 183 185 186
f 176 181 184 177
f 177 184 186 180
f 187 188 189 190
f 188 191 192 189
f 190 189 186 185
f 189 192 180 186
f 193 194 195 196
f 196 195 179 178
f 191 193 196 192
f 192 196 178 180
f 182 197 198 183
f 197 199 200 198
f 183 198 201 185
f 198 200 202 201
f 203 204 205 206
f 206 205 207 208
f 199 203 206 200
f 200 206 208 202
f 209 210 211 212
f 210 213 214 211
f 212 211 208 207
f 211 214 202 208
f 215 187 190 216
f 216 190 185 201
f 213 215 216 214
f 214 216 201 202
f 194 193 217 218
f 193 191 219 217
f 218 217 220 221
f 217 219 222 220
f 188 187 223 224
f 224 223 225 226
f 191 188 224 219
f 219 224 226 222
f 227 228 229 230
f 228 231 232 229
f 230 229 226 225
f 229 232 222 226
f 233 234 235 236
f 236 235 221 220
f 231 233 236 232
f 232 236 220 222
f 187 215 237 223
f 215 213 238 237
f 223 237 239 225
f 237 238 240 239
f 210 209 241 242
f 242 241 243 244
f 213 210 242 238
f 238 242 244 240
f 245 246 247 248
f 246 249 250 247
f 248 247 244 243
f 247 250 240 244
f 251 227 230 252
f 252 230 225 239
f 249 251 252 250
f 250 252 239 240
f 253 254 255 256
f 254 257 258 255
f 256 255 259 260
f 255 258 261 259
f 262 263 264 265
f 265 264 266 267
f 257 262 265 258
f 258 265 267 261
f 268 269 270 271
f 269 272 273 270
f 271 270 267 266
f 270 273 261 267
f 274 275 276 277
f 277 276 260 259
f 272 274 277 273
f 273 277 259 261
f 263 278 279 264
f 278 280 281 279
f 264 279 282 266
f 279 281 283 282
f 284 285 286 287
f 287 286 288 289
f 280 284 287 281
f 281 287 289 283
f 290 291 292 293
f 291 294 295 292
f 293 292 289 288
f 292 295 283 289
f 296 268 271 297
f 297 271 266 282
f 294 296 297 295
f 295 297 282 283
f 298 299 300 301
f 299 302 303 300
f 301 300 304 305
f 300 303 306 304
f 307 308 309 310
f 310 309 311 312
f 302 307 310 303
f 303 310 312 306
f 313 314 315 316
f 314 317 318 315
f 316 315 312 311
f 315 318 306 312
f 319 320 321 322
f 322 321 305 304
f 317 319 322 318
f 318 322 304 306
f 308 323 324 309
f 323 325 326 324
f 309 324 327 311
f 324 326 328 327
f 329 330 331 332
f 332 331 333 334
f 325 329 332 326
f 326 332 334 328
f 335 336 337 338
f 336 339 340 337
f 338 337 334 333
f 337 340 328 334
f 341 313 316 342
f 342 316 311 327
f 339 341 342 340
f 340 342 327 328
f 320 319 343 344
f 319 317 345 343
f 344 343 346 347
f 343 345 348 346
f 314 313 349 350
f 350 349 351 352
f 317 314 350 345
f 345 350 352 348
f 353 354 355 356
f 354 357 358 355
f 356 355 352 351
f 355 358 348 352
f 359 360 361 362
f 362 361 347 346
f 357 359 362 358
f 358 362 346 348
f 313 341 363 349
f 341 339 364 363
f 349 363 365 351
f 363 364 366 365
f 336 335 367 368
f 368 367 369 370
f 339 336 368 364
f 364 368 370 366
f 371 372 373 374
f 372 375 376 373
f 374 373 370 369
f 373 376 366 370
f 377 353 356 378
f 378 356 351 365
f 375 377 378 376
f 376 378 365 366
f 379 380 381 382
f 380 383 384 381
f 382 381 385 386
f 381 384 387 385
f 388 389 390 391
f 391 390 392 393
f 383 388 391 384
f 384 391 393 387
f 394 395 396 397
f 395 398 399 396
f 397 396 393 392
f 396 399 387 393
f 400 401 402 403
f 403 402 386 385
f 398 400 403 399
f 399 403 385 387
f 389 404 405 390
f 404 406 407 405
f 390 405 408 392
f 405 407 409 408
f 410 411 412 413
f 413 412 414 415
f 406 410 413 407
f 407 413 415 409
f 416 417 418 419
f 417 420 421 418
f 419 418 415 414
f 418 421 409 415
f 422 394 397 423
f 423 397 392 408
f 420 422 423 421
f 421 423 408 409
f 424 425 426 427
f 425 428 429 426
f 427 426 430 431
f 426 429 432 430
f 433 434 435 436
f 436 435 437 438
f 428 433 436 429
f 429 436 438 432
f 439 440 441 442
f 440 443 444 441
f 442 441 438 437
f 441 444 432 438
f 445 446 447 448
f 448 447 431 430
f 443 445 448 444
f 444 448 430 432
f 434 449 450 435
f 449 451 452 450
f 435 450 453 437
f 450 452 454 453
f 455 456 457 458
f 458 457 459 460
f 451 455 458 452
f 452 458 460 454
f 461 462 463 464
f 462 465 466 463
f 464 463 460 459
f 463 466 454 460
f 467 439 442 468
f 468 442 437 453
f 465 467 468 466
f 466 468 453 454
f 446 445 469 470
f 445 443 471 469
f 470 469 472 473
f 469 471 474 472
f 440 439 475 476
f 476 475 477 478
f 443 440 476 471
f 471 476 478 474
f 479 480 481 482
f 480 483 484 481
f 482 481 478 477
f 481 484 474 478
f 485 486 487 488
f 488 487 473 472
f 483 485 488 484
f 484 488 472 474
f 439 467 489 475
f 467 465 490 489
f 475 489 491 477
f 489 490 492 491
f 462 461 493 494
f 494 493 495 496
f 465 462 494 490
f 490 494 496 492
f 497 498 499 500
f 498 501 502 499
f 500 499 496 495
f 499 502 492 496
f 503 479 482 504
f 504 482 477 491
f 501 503 504 502
f 502 504 491 492
f 505 506 507 508
f 506 509 510 507
f 508 507 511 512
f 507 510 513 511
f 514 515 516 517
f 517 516 518 519
f 509 514 517 510
f 510 517 519 513
f 520 521 522 523
f 521 524 525 522
f 523 522 519 518
f 522 525 513 519
f 526 527 528 529
f 529 528 512 511
f 524 526 529 525
f 525 529 511 513
f 515 530 531 516
f 530 532 533 531
f 516 531 534 518
f 531 533 535 534
f 536 537 538 539
f 539 538 540 541
f 532 536 539 533
f 533 539 541 535
f 542 543 544 545
f 543 546 547 544
f 545 544 541 540
f 544 547 535 541
f 548 520 523 549
f 549 523 518 534
f 546 548 549 547
f 547 549 534 535
f 550 551 552 553
f 551 554 555 552
f 553 552 556 557
f 552 555 558 556
f 559 560 561 562
f 562 561 563 564
f 554 559 562 555
f 555 562 564 558
f 565 566 567 568
f 566 569 570 567
f 568 567 564 563
f 567 570 558 564
f 571 572 573 574
f 574 573 557 556
f 569 571 574 570
f 570 574 556 558
f 560 575 576 561
f 575 577 578 576
f 561 576 579 563
f 576 578 580 579
f 581 582 583 584
f 584 583 585 586
f 577 581 584 578
f 578 584 586 580
f 587 588 589 590
f 588 591 592 589
f 590 589 586 585
f 589 592 580 586
f 593 565 568 594
f 594 568 563 579
f 591 593 594 592
f 592 594 579 580
f 572 571 595 596
f 571 569 597 595
f 596 595 598 599
f 595 597 600 598
f 566 565 601 602
f 602 601 603 604
f 569 566 602 597
f 597 602 604 600
f 605 606 607 608
f 606 609 610 607
f 608 607 604 603
f 607 610 600 604
f 611 612 613 614
f 614 613 599 598
f 609 611 614 610
f 610 614 598 600
f 565 593 615 601
f 593 591 616 615
f 601 615 617 603
f 615 616 618 617
f 588 587 619 620
f 620 619 621 622
f 591 588 620 616
f 616 620 622 618
f 623 624 625 626
f 624 627 628 625
f 626 625 622 621
f 625 628 618 622
f 629 605 608 630
f 630 608 603 617
f 627 629 630 628
f 628 630 617 618
f 631 632 633 634
f 632 635 636 633
f 634 633 637 638
f 633 636 639 637
f 640 641 642 643
f 643 642 644 645
f 635 640 643 636
f 636 643 645 639
f 646 647 648 649
f 647 650 651 648
f 649 648 645 644
f 648 651 639 645
f 652 653 654 655
f 655 654 638 637
f 650 652 655 651
f 651 655 637 639
f 641 656 657 642
f 656 658 659 657
f 642 657 660 644
f 657 659 661 660
f 662 663 664 665
f 665 664 666 667
f 658 662 665 659
f 659 665 667 661
f 668 669 670 671
f 669 672 673 670
f 671 670 667 666
f 670 673 661 667
f 674 646 649 675
f 675 649 644 660
f 672 674 675 673
f 673 675 660 661
f 676 677 678 679
f 677 680 681 678
f 679 678 682 683
f 678 681 684 682
f 685 686 687 688
f 688 687 689 690
f 680 685 688 681
f 681 688 690 684
f 691 692 693 694
f 692 695 696 693
f 694 693 690 689
f 693 696 684 690
f 697 698 699 700
f 700 699 683 682
f 695 697 700 696
f 696 700 682 684
f 686 701 702 687
f 701 703 704 702
f 687 702 705 689
f 702 704 706 705
f 707 708 709 710
f 710 709 711 712
f 703 707 710 704
f 704 710 712 706
f 713 714 715 716
f 714 717 718 715
f 716 715 712 711
f 715 718 706 712
f 719 691 694 720
f 720 694 689 705
f 717 719 720 718
f 718 720 705 706
f 698 697 721 722
f 697 695 723 721
f 722 721 724 725
f 721 723 726 724
f 692 691 727 728
f 728 727 729 730
f 695 692 728 723
f 723 728 730 726
f 731 732 733 734
f 732 735 736 733
f 734 733 730 729
f 733 736 726 730
f 737 738 739 740
f 740 739 725 724
f 735 737 740 736
f 736 740 724 726
f 691 719 741 727
f 719 717 742 741
f 727 741 743 729
f 741 742 744 743
f 714 713 745 746
f 746 745 747 748
f 717 714 746 742
f 742 746 748 744
f 749 750 751 752
f 750 753 754 751
f 752 751 748 747
f 751 754 744 748
f 755 731 734 756
f 756 734 729 743
f 753 755 756 754
f 754 756 743 744
f 757 758 759 760
f 758 761 762 759
f 760 759 763 764
f 759 762 765 763
f 766 767 768 769
f 769 768 770 771
f 761 766 769 762
f 762 769 771 765
f 772 773 774 775
f 773 776 777 774
f 775 774 771 770
f 774 777 765 771
f 778 779 780 781
f 781 780 764 763
f 776 778 781 777
f 777 781 763 765
f 767 782 783 768
f 782 784 785 783
f 768 783 786 770
f 783 785 787 786
f 788 789 790 791
f 791 790 792 793
f 784 788 791 785
f 785 791 793 787
f 794 795 796 797
f 795 798 799 796
f 797 796 793 792
f 796 799 787 793
f 800 772 775 801
f 801 775 770 786
f 798 800 801 799
f 799 801 786 787
f 802 803 804 805
f 803 806 807 804
f 805 804 808 809
f 804 807 810 808
f 811 812 813 814
f 814 813 815 816
f 806 811 814 807
f 807 814 816 810
f 817 818 819 820
f 818 821 822 819
f 820 819 816 815
f 819 822 810 816
f 823 824 825 826
f 826 825 809 808
f 821 823 826 822
f 822 826 808 810
f 812 827 828 813
f 827 829 830 828
f 813 828 831 815
f 828 830 832 831
f 833 834 835 836
f 836 835 837 838
f 829 833 836 830
f 830 836 838 832
f 839 840 841 842
f 840 843 844 841
f 842 841 838 837
f 841 844 832 838
f 845 817 820 846
f 846 820 815 831
f 843 845 846 844
f 844 846 831 832
f 824 823 847 848
f 823 821 849 847
f 848 847 850 851
f 847 849 852 850
f 818 817 853 854
f 854 853 855 856
f 821 818 854 849
f 849 854 856 852
f 857 858 859 860
f 858 861 862 859
f 860 859 856 855
f 859 862 852 856
f 863 864 865 866
f 866 865 851 850
f 861 863 866 862
f 862 866 850 852
f 817 845 867 853
f 845 843 868 867
f 853 867 869 855
f 867 868 870 869
f 840 839 871 872
f 872 871 873 874
f 843 840 872 868
f 868 872 874 870
f 875 876 877 878
f 876 879 880 877
f 878 877 874 873
f 877 880 870 874
f 881 857 860 882
f 882 860 855 869
f 879 881 882 880
f 880 882 869 870
f 883 884 885 886
f 884 887 888 885
f 886 885 889 890
f 885 888 891 889
f 892 893 894 895
f 895 894 896 897
f 887 892 895 888
f 888 895 897 891
f 898 899 900 901
f 899 902 903 900
f 901 900 897 896
f 900 903 891 897
f 904 905 906 907
f 907 906 890 889
f 902 904 907 903
f 903 907 889 891
f 893 908 909 894
f 908 910 911 909
f 894 909 912 896
f 909 911 913 912
f 914 915 916 917
f 917 916 918 919
f 910 914 917 911
f 911 917 919 913
f 920 921 922 923
f 921 924 925 922
f 923 922 919 918
f 922 925 913 919
f 926 898 901 927
f 927 901 896 912
f 924 926 927 925
f 925 927 912 913
f 11 10 928 929
f 10 5 930 928
f 929 928 931 932
f 928 930 933 931
f 2 1 934 935
f 935 934 936 937
f 5 2 935 930
f 930 935 937 933
f 938 939 940 941
f 939 942 943 940
f 941 940 937 936
f 940 943 933 937
f 944 945 946 947
f 947 946 932 931
f 942 944 947 943
f 943 947 931 933
f 33 32 948 949
f 32 28 950 948
f 949 948 951 952
f 948 950 953 951
f 26 11 929 954
f 954 929 932 955
f 28 26 954 950
f 950 954 955 953
f 945 956 957 946
f 956 958 959 957
f 946 957 955 932
f 957 959 953 955
f 960 961 962 963
f 963 962 952 951
f 958 960 963 959
f 959 963 951 953
f 137 136 964 965
f 136 131 966 964
f 965 964 967 968
f 964 966 969 967
f 128 127 970 971
f 971 970 972 973
f 131 128 971 966
f 966 971 973 969
f 974 975 976 977
f 975 978 979 976
f 977 976 973 972
f 976 979 969 973
f 980 981 982 983
f 983 982 968 967
f 978 980 983 979
f 979 983 967 969
f 159 158 984 985
f 158 154 986 984
f 985 984 987 988
f 984 986 989 987
f 152 137 965 990
f 990 965 968 991
f 154 152 990 986
f 986 990 991 989
f 981 992 993 982
f 992 994 995 993
f 982 993 991 968
f 993 995 989 991
f 996 997 998 999
f 999 998 988 987
f 994 996 999 995
f 995 999 987 989
f 263 262 1000 1001
f 262 257 1002 1000
f 1001 1000 1003 1004
f 1000 1002 1005 1003
f 254 253 1006 1007
f 1007 1006 1008 1009
f 257 254 1007 1002
f 1002 1007 1009 1005
f 1010 1011 1012 1013
f 1011 1014 1015 1012
f 1013 1012 1009 1008
f 1012 1015 1005 1009
f 1016 1017 1018 1019
f 1019 1018 1004 1003
f 1014 1016 1019 1015
f 1015 1019 1003 1005
f 285 284 1020 1021
f 284 280 1022 1020
f 1021 1020 1023 1024
f 1020 1022 1025 1023
f 278 263 1001 1026
f 1026 1001 1004 1027
f 280 278 1026 1022
f 1022 1026 1027 1025
f 1017 1028 1029 1018
f 1028 1030 1031 1029
f 1018 1029 1027 1004
f 1029 1031 1025 1027
f 1032 1033 1034 1035
f 1035 1034 1024 1023
f 1030 1032 1035 1031
f 1031 1035 1023 1025
f 389 388 1036 1037
f 388 383 1038 1036
f 1037 1036 1039 1040
f 1036 1038 1041 1039
f 380 379 1042 1043
f 1043 1042 1044 1045
f 383 380 1043 1038
f 1038 1043 1045 1041
f 1046 1047 1048 1049
f 1047 1050 1051 1048
f 1049 1048 1045 1044
f 1048 1051 1041 1045
f 1052 1053 1054 1055
f 1055 1054 1040 1039
f 1050 1052 1055 1051
f 1051 1055 1039 1041
f 411 410 1056 1057
f 410 406 1058 1056
f 1057 1056 1059 1060
f 1056 1058 1061 1059
f 404 389 1037 1062
f 1062 1037 1040 1063
f 406 404 1062 1058
f 1058 1062 1063 1061
f 1053 1064 1065 1054
f 1064 1066 1067 1065
f 1054 1065 1063 1040
f 1065 1067 1061 1063
f 1068 1069 1070 1071
f 1071 1070 1060 1059
f 1066 1068 1071 1067
f 1067 1071 1059 1061
f 515 514 1072 1073
f 514 509 1074 1072
f 1073 1072 1075 1076
f 1072 1074 1077 1075
f 506 505 1078 1079
f 1079 1078 1080 1081
f 509 506 1079 1074
f 1074 1079 1081 1077
f 1082 1083 1084 1085
f 1083 1086 1087 1084
f 1085 1084 1081 1080
f 1084 1087 1077 1081
f 1088 1089 1090 1091
f 1091 1090 1076 1075
f 1086 1088 1091 1087
f 1087 1091 1075 1077
f 537 536 1092 1093
f 536 532 1094 1092
f 1093 1092 1095 1096
f 1092 1094 1097 1095
f 530 515 1073 1098
f 1098 1073 1076 1099
f 532 530 1098 1094
f 1094 1098 1099 1097
f 1089 1100 1101 1090
f 1100 1102 1103 1101
f 1090 1101 1099 1076
f 1101 1103 1097 1099
f 1104 1105 1106 1107
f 1107 1106 1096 1095
f 1102 1104 1107 1103
f 1103 1107 1095 1097
f 641 640 1108 1109
f 640 635 1110 1108
f 1109 1108 1111 1112
f 1108 1110 1113 1111
f 632 631 1114 1115
f 1115 1114 1116 1117
f 635 632 1115 1110
f 1110 1115 1117 1113
f 1118 1119 1120 1121
f 1119 1122 1123 1120
f 1121 1120 1117 1116
f 1120 1123 1113 1117
f 1124 1125 1126 1127
f 1127 1126 1112 1111
f 1122 1124 1127 1123
f 1123 1127 1111 1113
f 663 662 1128 1129
f 662 658 1130 1128
f 1129 1128 1131 1132
f 1128 1130 1133 1131
f 656 641 1109 1134
f 1134 1109 1112 1135
f 658 656 1134 1130
f 1130 1134 1135 1133
f 1125 1136 1137 1126
f 1136 1138 1139 1137
f 1126 1137 1135 1112
f 1137 1139 1133 1135
f 1140 1141 1142 1143
f 1143 1142 1132 1131
f 1138 1140 1143 1139
f 1139 1143 1131 1133
f 767 766 1144 1145
f 766 761 1146 1144
f 1145 1144 1147 1148
f 1144 1146 1149 1147
f 758 757 1150 1151
f 1151 1150 1152 1153
f 761 758 1151 1146
f 1146 1151 1153 1149
f 1154 1155 1156 1157
f 1155 1158 1159 1156
f 1157 1156 1153 1152
f 1156 1159 1149 1153
f 1160 1161 1162 1163
f 1163 1162 1148 1147
f 1158 1160 1163 1159
f 1159 1163 1147 1149
f 789 788 1164 1165
f 788 784 1166 1164
f 1165 1164 1167 1168
f 1164 1166 1169 1167
f 782 767 1145 1170
f 1170 1145 1148 1171
f 784 782 1170 1166
f 1166 1170 1171 1169
f 1161 1172 1173 1162
f 1172 1174 1175 1173
f 1162 1173 1171 1148
f 1173 1175 1169 1171
f 1176 1177 1178 1179
f 1179 1178 1168 1167
f 1174 1176 1179 1175
f 1175 1179 1167 1169
f 893 892 1180 1181
f 892 887 1182 1180
f 1181 1180 1183 1184
f 1180 1182 1185 1183
f 884 883 1186 1187
f 1187 1186 1188 1189
f 887 884 1187 1182
f 1182 1187 1189 1185
f 1190 1191 1192 1193
f 1191 1194 1195 1192
f 1193 1192 1189 1188
f 1192 1195 1185 1189
f 1196 1197 1198 1199
f 1199 1198 1184 1183
f 1194 1196 1199 1195
f 1195 1199 1183 1185
f 915 914 1200 1201
f 914 910 1202 1200
f 1201 1200 1203 1204
f 1200 1202 1205 1203
f 908 893 1181 1206
f 1206 1181 1184 1207
f 910 908 1206 1202
f 1202 1206 1207 1205
f 1197 1208 1209 1198
f 1208 1210 1211 1209
f 1198 1209 1207 1184
f 1209 1211 1205 1207
f 1212 1213 1214 1215
f 1215 1214 1204 1203
f 1210 1212 1215 1211
f 1211 1215 1203 1205
f 883 1216 1217 1186
f 1216 1218 1219 1217
f 1186 1217 1220 1188
f 1217 1219 1221 1220
f 1222 33 949 1223
f 1223 949 952 1224
f 1218 1222 1223 1219
f 1219 1223 1224 1221
f 961 1225 1226 962
f 1225 1227 1228 1226
f 962 1226 1224 952
f 1226 1228 1221 1224
f 1229 1190 1193 1230
f 1230 1193 1188 1220
f 1227 1229 1230 1228
f 1228 1230 1220 1221
f 1213 1231 1232 1214
f 1231 1233 1234 1232
f 1214 1232 1235 1204
f 1232 1234 1236 1235
f 1237 1154 1157 1238
f 1238 1157 1152 1239
f 1233 1237 1238 1234
f 1234 1238 1239 1236
f 757 1240 1241 1150
f 1240 1242 1243 1241
f 1150 1241 1239 1152
f 1241 1243 1236 1239
f 1244 915 1201 1245
f 1245 1201 1204 1235
f 1242 1244 1245 1243
f 1243 1245 1235 1236
f 1177 1246 1247 1178
f 1246 1248 1249 1247
f 1178 1247 1250 1168
f 1247 1249 1251 1250
f 1252 1118 1121 1253
f 1253 1121 1116 1254
f 1248 1252 1253 1249
f 1249 1253 1254 1251
f 631 1255 1256 1114
f 1255 1257 1258 1256
f 1114 1256 1254 1116
f 1256 1258 1251 1254
f 1259 789 1165 1260
f 1260 1165 1168 1250
f 1257 1259 1260 1258
f 1258 1260 1250 1251
f 1141 1261 1262 1142
f 1261 1263 1264 1262
f 1142 1262 1265 1132
f 1262 1264 1266 1265
f 1267 1082 1085 1268
f 1268 1085 1080 1269
f 1263 1267 1268 1264
f 1264 1268 1269 1266
f 505 1270 1271 1078
f 1270 1272 1273 1271
f 1078 1271 1269 1080
f 1271 1273 1266 1269
f 1274 663 1129 1275
f 1275 1129 1132 1265
f 1272 1274 1275 1273
f 1273 1275 1265 1266
f 997 1276 1277 998
f 1276 1278 1279 1277
f 998 1277 1280 988
f 1277 1279 1281 1280
f 1282 938 941 1283
f 1283 941 936 1284
f 1278 1282 1283 1279
f 1279 1283 1284 1281
f 1 1285 1286 934
f 1285 1287 1288 1286
f 934 1286 1284 936
f 1286 1288 1281 1284
f 1289 159 985 1290
f 1290 985 988 1280
f 1287 1289 1290 1288
f 1288 1290 1280 1281
f 1033 1291 1292 1034
f 1291 1293 1294 1292
f 1034 1292 1295 1024
f 1292 1294 1296 1295
f 1297 974 977 1298
f 1298 977 972 1299
f 1293 1297 1298 1294
f 1294 1298 1299 1296
f 127 1300 1301 970
f 1300 1302 1303 1301
f 970 1301 1299 972
f 1301 1303 1296 1299
f 1304 285 1021 1305
f 1305 1021 1024 1295
f 1302 1304 1305 1303
f 1303 1305 1295 1296
f 1069 1306 1307 1070
f 1306 1308 1309 1307
f 1070 1307 1310 1060
f 1307 1309 1311 1310
f 1312 1010 1013 1313
f 1313 1013 1008 1314
f 1308 1312 1313 1309
f 1309 1313 1314 1311
f 253 1315 1316 1006
f 1315 1317 1318 1316
f 1006 1316 1314 1008
f 1316 1318 1311 1314
f 1319 411 1057 1320
f 1320 1057 1060 1310
f 1317 1319 1320 1318
f 1318 1320 1310 1311
f 1105 1321 1322 1106
f 1321 1323 1324 1322
f 1106 1322 1325 1096
f 1322 1324 1326 1325
f 1327 1046 1049 1328
f 1328 1049 1044 1329
f 1323 1327 1328 1324
f 1324 1328 1329 1326
f 379 1330 1331 1042
f 1330 1332 1333 1331
f 1042 1331 1329 1044
f 1331 1333 1326 1329
f 1334 537 1093 1335
f 1335 1093 1096 1325
f 1332 1334 1335 1333
f 1333 1335 1325 1326
f 938 1282 1336 939
f 1282 1278 1337 1336
f 939 1336 1338 942
f 1336 1337 1339 1338
f 1276 997 1340 1341
f 1341 1340 1342 1343
f 1278 1276 1341 1337
f 1337 1341 1343 1339
f 1344 1345 1346 1347
f 1345 1348 1349 1346
f 1347 1346 1343 1342
f 1346 1349 1339 1343
f 1350 945 944 1351
f 1351 944 942 1338
f 1348 1350 1351 1349
f 1349 1351 1338 1339
f 981 980 1352 992
f 980 978 1353 1352
f 992 1352 1354 994
f 1352 1353 1355 1354
f 975 974 1356 1357
f 1357 1356 1358 1359
f 978 975 1357 1353
f 1353 1357 1359 1355
f 1344 1347 1360 1361
f 1347 1342 1362 1360
f 1361 1360 1359 1358
f 1360 1362 1355 1359
f 1340 997 996 1363
f 1363 996 994 1354
f 1342 1340 1363 1362
f 1362 1363 1354 1355
f 1010 1312 1364 1011
f 1312 1308 1365 1364
f 1011 1364 1366 1014
f 1364 1365 1367 1366
f 1306 1069 1368 1369
f 1369 1368 1370 1371
f 1308 1306 1369 1365
f 1365 1369 1371 1367
f 1344 1372 1373 1374
f 1372 1375 1376 1373
f 1374 1373 1371 1370
f 1373 1376 1367 1371
f 1377 1017 1016 1378
f 1378 1016 1014 1366
f 1375 1377 1378 1376
f 1376 1378 1366 1367
f 1053 1052 1379 1064
f 1052 1050 1380 1379
f 1064 1379 1381 1066
f 1379 1380 1382 1381
f 1047 1046 1383 1384
f 1384 1383 1385 1386
f 1050 1047 1384 1380
f 1380 1384 1386 1382
f 1344 1374 1387 1388
f 1374 1370 1389 1387
f 1388 1387 1386 1385
f 1387 1389 1382 1386
f 1368 1069 1068 1390
f 1390 1068 1066 1381
f 1370 1368 1390 1389
f 1389 1390 1381 1382
f 1082 1267 1391 1083
f 1267 1263 1392 1391
f 1083 1391 1393 1086
f 1391 1392 1394 1393
f 1261 1141 1395 1396
f 1396 1395 1397 1398
f 1263 1261 1396 1392
f 1392 1396 1398 1394
f 1344 1399 1400 1401
f 1399 1402 1403 1400
f 1401 1400 1398 1397
f 1400 1403 1394 1398
f 1404 1089 1088 1405
f 1405 1088 1086 1393
f 1402 1404 1405 1403
f 1403 1405 1393 1394
f 1125 1124 1406 1136
f 1124 1122 1407 1406
f 1136 1406 1408 1138
f 1406 1407 1409 1408
f 1119 1118 1410 1411
f 1411 1410 1412 1413
f 1122 1119 1411 1407
f 1407 1411 1413 1409
f 1344 1401 1414 1415
f 1401 1397 1416 1414
f 1415 1414 1413 1412
f 1414 1416 1409 1413
f 1395 1141 1140 1417
f 1417 1140 1138 1408
f 1397 1395 1417 1416
f 1416 1417 1408 1409
f 1154 1237 1418 1155
f 1237 1233 1419 1418
f 1155 1418 1420 1158
f 1418 1419 1421 1420
f 1231 1213 1422 1423
f 1423 1422 1424 1425
f 1233 1231 1423 1419
f 1419 1423 1425 1421
f 1344 1426 1427 1428
f 1426 1429 1430 1427
f 1428 1427 1425 1424
f 1427 1430 1421 1425
f 1431 1161 1160 1432
f 1432 1160 1158 1420
f 1429 1431 1432 1430
f 1430 1432 1420 1421
f 1197 1196 1433 1208
f 1196 1194 1434 1433
f 1208 1433 1435 1210
f 1433 1434 1436 1435
f 1191 1190 1437 1438
f 1438 1437 1439 1440
f 1194 1191 1438 1434
f 1434 1438 1440 1436
f 1344 1428 1441 1442
f 1428 1424 1443 1441
f 1442 1441 1440 1439
f 1441 1443 1436 1440
f 1422 1213 1212 1444
f 1444 1212 1210 1435
f 1424 1422 1444 1443
f 1443 1444 1435 1436
f 961 960 1445 1225
f 960 958 1446 1445
f 1225 1445 1447 1227
f 1445 1446 1448 1447
f 956 945 1350 1449
f 1449 1350 1348 1450
f 958 956 1449 1446
f 1446 1449 1450 1448
f 1344 1442 1451 1345
f 1442 1439 1452 1451
f 1345 1451 1450 1348
f 1451 1452 1448 1450
f 1437 1190 1229 1453
f 1453 1229 1227 1447
f 1439 1437 1453 1452
f 1452 1453 1447 1448
f 1177 1176 1454 1246
f 1176 1174 1455 1454
f 1246 1454 1456 1248
f 1454 1455 1457 1456
f 1172 1161 1431 1458
f 1458 1431 1429 1459
f 1174 1172 1458 1455
f 1455 1458 1459 1457
f 1344 1415 1460 1426
f 1415 1412 1461 1460
f 1426 1460 1459 1429
f 1460 1461 1457 1459
f 1410 1118 1252 1462
f 1462 1252 1248 1456
f 1412 1410 1462 1461
f 1461 1462 1456 1457
f 1033 1032 1463 1291
f 1032 1030 1464 1463
f 1291 1463 1465 1293
f 1463 1464 1466 1465
f 1028 1017 1377 1467
f 1467 1377 1375 1468
f 1030 1028 1467 1464
f 1464 1467 1468 1466
f 1344 1361 1469 1372
f 1361 1358 1470 1469
f 1372 1469 1468 1375
f 1469 1470 1466 1468
f 1356 974 1297 1471
f 1471 1297 1293 1465
f 1358 1356 1471 1470
f 1470 1471 1465 1466
f 1105 1104 1472 1321
f 1104 1102 1473 1472
f 1321 1472 1474 1323
f 1472 1473 1475 1474
f 1100 1089 1404 1476
f 1476 1404 1402 1477
f 1102 1100 1476 1473
f 1473 1476 1477 1475
f 1344 1388 1478 1399
f 1388 1385 1479 1478
f 1399 1478 1477 1402
f 1478 1479 1475 1477
f 1383 1046 1327 1480
f 1480 1327 1323 1474
f 1385 1383 1480 1479
f 1479 1480 1474 1475
f 1481 1482 1483 1484
f 1482 1485 1486 1483
f 1484 1483 1487 1488
f 1483 1486 1489 1487
f 1490 1491 1492 1493
f 1493 1492 1494 1495
f 1485 1490 1493 1486
f 1486 1493 1495 1489
f 1496 1497 1498 1499
f 1497 1500 1501 1498
f 1499 1498 1495 1494
f 1498 1501 1489 1495
f 1502 1503 1504 1505
f 1505 1504 1488 1487
f 1500 1502 1505 1501
f 1501 1505 1487 1489
f 1506 1507 1508 1509
f 1507 1510 1511 1508
f 1509 1508 1512 1513
f 1508 1511 1514 1512
f 1515 1516 1517 1518
f 1518 1517 1519 1520
f 1510 1515 1518 1511
f 1511 1518 1520 1514
f 1491 1490 1521 1522
f 1490 1485 1523 1521
f 1522 1521 1520 1519
f 1521 1523 1514 1520
f 1482 1481 1524 1525
f 1525 1524 1513 1512
f 1485 1482 1525 1523
f 1523 1525 1512 1514
f 1526 1527 1528 1529
f 1527 1530 1531 1528
f 1529 1528 1532 1533
f 1528 1531 1534 1532
f 1535 1481 1484 1536
f 1536 1484 1488 1537
f 1530 1535 1536 1531
f 1531 1536 1537 1534
f 1503 1538 1539 1504
f 1538 1540 1541 1539
f 1504 1539 1537 1488
f 1539 1541 1534 1537
f 1542 1543 1544 1545
f 1545 1544 1533 1532
f 1540 1542 1545 1541
f 1541 1545 1532 1534
f 1546 1547 1548 1549
f 1547 1550 1551 1548
f 1549 1548 1552 1553
f 1548 1551 1554 1552
f 1555 1506 1509 1556
f 1556 1509 1513 1557
f 1550 1555 1556 1551
f 1551 1556 1557 1554
f 1481 1535 1558 1524
f 1535 1530 1559 1558
f 1524 1558 1557 1513
f 1558 1559 1554 1557
f 1527 1526 1560 1561
f 1561 1560 1553 1552
f 1530 1527 1561 1559
f 1559 1561 1552 1554
f 1562 1563 1564 1565
f 1563 1566 1567 1564
f 1565 1564 1568 1569
f 1564 1567 1570 1568
f 1571 1526 1529 1572
f 1572 1529 1533 1573
f 1566 1571 1572 1567
f 1567 1572 1573 1570
f 1543 1574 1575 1544
f 1574 1576 1577 1575
f 1544 1575 1573 1533
f 1575 1577 1570 1573
f 1578 1579 1580 1581
f 1581 1580 1569 1568
f 1576 1578 1581 1577
f 1577 1581 1568 1570
f 1582 1583 1584 1585
f 1583 1586 1587 1584
f 1585 1584 1588 1589
f 1584 1587 1590 1588
f 1591 1546 1549 1592
f 1592 1549 1553 1593
f 1586 1591 1592 1587
f 1587 1592 1593 1590
f 1526 1571 1594 1560
f 1571 1566 1595 1594
f 1560 1594 1593 1553
f 1594 1595 1590 1593
f 1563 1562 1596 1597
f 1597 1596 1589 1588
f 1566 1563 1597 1595
f 1595 1597 1588 1590
f 1598 1599 1600 1601
f 1599 1602 1603 1600
f 1601 1600 1604 1605
f 1600 1603 1606 1604
f 1607 1608 1609 1610
f 1610 1609 1611 1612
f 1602 1607 1610 1603
f 1603 1610 1612 1606
f 1613 1614 1615 1616
f 1614 1617 1618 1615
f 1616 1615 1612 1611
f 1615 1618 1606 1612
f 1619 1620 1621 1622
f 1622 1621 1605 1604
f 1617 1619 1622 1618
f 1618 1622 1604 1606
f 1623 1624 1625 1626
f 1624 1627 1628 1625
f 1626 1625 1629 1630
f 1625 1628 1631 1629
f 1632 1633 1634 1635
f 1635 1634 1636 1637
f 1627 1632 1635 1628
f 1628 1635 1637 1631
f 1608 1607 1638 1639
f 1607 1602 1640 1638
f 1639 1638 1637 1636
f 1638 1640 1631 1637
f 1599 1598 1641 1642
f 1642 1641 1630 1629
f 1602 1599 1642 1640
f 1640 1642 1629 1631
f 1643 1644 1645 1646
f 1644 1647 1648 1645
f 1646 1645 1649 1650
f 1645 1648 1651 1649
f 1652 1598 1601 1653
f 1653 1601 1605 1654
f 1647 1652 1653 1648
f 1648 1653 1654 1651
f 1620 1655 1656 1621
f 1655 1657 1658 1656
f 1621 1656 1654 1605
f 1656 1658 1651 1654
f 1659 1660 1661 1662
f 1662 1661 1650 1649
f 1657 1659 1662 1658
f 1658 1662 1649 1651
f 1663 1664 1665 1666
f 1664 1667 1668 1665
f 1666 1665 1669 1670
f 1665 1668 1671 1669
f 1672 1623 1626 1673
f 1673 1626 1630 1674
f 1667 1672 1673 1668
f 1668 1673 1674 1671
f 1598 1652 1675 1641
f 1652 1647 1676 1675
f 1641 1675 1674 1630
f 1675 1676 1671 1674
f 1644 1643 1677 1678
f 1678 1677 1670 1669
f 1647 1644 1678 1676
f 1676 1678 1669 1671
f 1679 1680 1681 1682
f 1680 1683 1684 1681
f 1682 1681 1685 1686
f 1681 1684 1687 1685
f 1688 1643 1646 1689
f 1689 1646 1650 1690
f 1683 1688 1689 1684
f 1684 1689 1690 1687
f 1660 1691 1692 1661
f 1691 1693 1694 1692
f 1661 1692 1690 1650
f 1692 1694 1687 1690
f 1695 1696 1697 1698
f 1698 1697 1686 1685
f 1693 1695 1698 1694
f 1694 1698 1685 1687
f 1699 1700 1701 1702
f 1700 1703 1704 1701
f 1702 1701 1705 1706
f 1701 1704 1707 1705
f 1708 1663 1666 1709
f 1709 1666 1670 1710
f 1703 1708 1709 1704
f 1704 1709 1710 1707
f 1643 1688 1711 1677
f 1688 1683 1712 1711
f 1677 1711 1710 1670
f 1711 1712 1707 1710
f 1680 1679 1713 1714
f 1714 1713 1706 1705
f 1683 1680 1714 1712
f 1712 1714 1705 1707
f 1715 1716 1717 1718
f 1716 1719 1720 1717
f 1718 1717 1721 1722
f 1717 1720 1723 1721
f 1724 1725 1726 1727
f 1727 1726 1728 1729
f 1719 1724 1727 1720
f 1720 1727 1729 1723
f 1730 1731 1732 1733
f 1731 1734 1735 1732
f 1733 1732 1729 1728
f 1732 1735 1723 1729
f 1736 1737 1738 1739
f 1739 1738 1722 1721
f 1734 1736 1739 1735
f 1735 1739 1721 1723
f 1740 1741 1742 1743
f 1741 1744 1745 1742
f 1743 1742 1746 1747
f 1742 1745 1748 1746
f 1749 1750 1751 1752
f 1752 1751 1753 1754
f 1744 1749 1752 1745
f 1745 1752 1754 1748
f 1725 1724 1755 1756
f 1724 1719 1757 1755
f 1756 1755 1754 1753
f 1755 1757 1748 1754
f 1716 1715 1758 1759
f 1759 1758 1747 1746
f 1719 1716 1759 1757
f 1757 1759 1746 1748
f 1760 1761 1762 1763
f 1761 1764 1765 1762
f 1763 1762 1766 1767
f 1762 1765 1768 1766
f 1769 1715 1718 1770
f 1770 1718 1722 1771
f 1764 1769 1770 1765
f 1765 1770 1771 1768
f 1737 1772 1773 1738
f 1772 1774 1775 1773
f 1738 1773 1771 1722
f 1773 1775 1768 1771
f 1776 1777 1778 1779
f 1779 1778 1767 1766
f 1774 1776 1779 1775
f 1775 1779 1766 1768
f 1780 1781 1782 1783
f 1781 1784 1785 1782
f 1783 1782 1786 1787
f 1782 1785 1788 1786
f 1789 1740 1743 1790
f 1790 1743 1747 1791
f 1784 1789 1790 1785
f 1785 1790 1791 1788
f 1715 1769 1792 1758
f 1769 1764 1793 1792
f 1758 1792 1791 1747
f 1792 1793 1788 1791
f 1761 1760 1794 1795
f 1795 1794 1787 1786
f 1764 1761 1795 1793
f 1793 1795 1786 1788
f 1796 1797 1798 1799
f 1797 1800 1801 1798
f 1799 1798 1802 1803
f 1798 1801 1804 1802
f 1805 1760 1763 1806
f 1806 1763 1767 1807
f 1800 1805 1806 1801
f 1801 1806 1807 1804
f 1777 1808 1809 1778
f 1808 1810 1811 1809
f 1778 1809 1807 1767
f 1809 1811 1804 1807
f 1812 1813 1814 1815
f 1815 1814 1803 1802
f 1810 1812 1815 1811
f 1811 1815 1802 1804
f 1816 1817 1818 1819
f 1817 1820 1821 1818
f 1819 1818 1822 1823
f 1818 1821 1824 1822
f 1825 1780 1783 1826
f 1826 1783 1787 1827
f 1820 1825 1826 1821
f 1821 1826 1827 1824
f 1760 1805 1828 1794
f 1805 1800 1829 1828
f 1794 1828 1827 1787
f 1828 1829 1824 1827
f 1797 1796 1830 1831
f 1831 1830 1823 1822
f 1800 1797 1831 1829
f 1829 1831 1822 1824
f 1832 1833 1834 1835
f 1833 1836 1837 1834
f 1835 1834 1838 1839
f 1834 1837 1840 1838
f 1841 1842 1843 1844
f 1844 1843 1845 1846
f 1836 1841 1844 1837
f 1837 1844 1846 1840
f 1847 1848 1849 1850
f 1848 1851 1852 1849
f 1850 1849 1846 1845
f 1849 1852 1840 1846
f 1853 1854 1855 1856
f 1856 1855 1839 1838
f 1851 1853 1856 1852
f 1852 1856 1838 1840
f 1857 1858 1859 1860
f 1858 1861 1862 1859
f 1860 1859 1863 1864
f 1859 1862 1865 1863
f 1866 1867 1868 1869
f 1869 1868 1870 1871
f 1861 1866 1869 1862
f 1862 1869 1871 1865
f 1842 1841 1872 1873
f 1841 1836 1874 1872
f 1873 1872 1871 1870
f 1872 1874 1865 1871
f 1833 1832 1875 1876
f 1876 1875 1864 1863
f 1836 1833 1876 1874
f 1874 1876 1863 1865
f 1877 1878 1879 1880
f 1878 1881 1882 1879
f 1880 1879 1883 1884
f 1879 1882 1885 1883
f 1886 1832 1835 1887
f 1887 1835 1839 1888
f 1881 1886 1887 1882
f 1882 1887 1888 1885
f 1854 1889 1890 1855
f 1889 1891 1892 1890
f 1855 1890 1888 1839
f 1890 1892 1885 1888
f 1893 1894 1895 1896
f 1896 1895 1884 1883
f 1891 1893 1896 1892
f 1892 1896 1883 1885
f 1897 1898 1899 1900
f 1898 1901 1902 1899
f 1900 1899 1903 1904
f 1899 1902 1905 1903
f 1906 1857 1860 1907
f 1907 1860 1864 1908
f 1901 1906 1907 1902
f 1902 1907 1908 1905
f 1832 1886 1909 1875
f 1886 1881 1910 1909
f 1875 1909 1908 1864
f 1909 1910 1905 1908
f 1878 1877 1911 1912
f 1912 1911 1904 1903
f 1881 1878 1912 1910
f 1910 1912 1903 1905
f 1913 1914 1915 1916
f 1914 1917 1918 1915
f 1916 1915 1919 1920
f 1915 1918 1921 1919
f 1922 1877 1880 1923
f 1923 1880 1884 1924
f 1917 1922 1923 1918
f 1918 1923 1924 1921
f 1894 1925 1926 1895
f 1925 1927 1928 1926
f 1895 1926 1924 1884
f 1926 1928 1921 1924
f 1929 1930 1931 1932
f 1932 1931 1920 1919
f 1927 1929 1932 1928
f 1928 1932 1919 1921
f 1933 1934 1935 1936
f 1934 1937 1938 1935
f 1936 1935 1939 1940
f 1935 1938 1941 1939
f 1942 1897 1900 1943
f 1943 1900 1904 1944
f 1937 1942 1943 1938
f 1938 1943 1944 1941
f 1877 1922 1945 1911
f 1922 1917 1946 1945
f 1911 1945 1944 1904
f 1945 1946 1941 1944
f 1914 1913 1947 1948
f 1948 1947 1940 1939
f 1917 1914 1948 1946
f 1946 1948 1939 1941
f 1949 1950 1951 1952
f 1950 1953 1954 1951
f 1952 1951 1955 1956
f 1951 1954 1957 1955
f 1958 1959 1960 1961
f 1961 1960 1962 1963
f 1953 1958 1961 1954
f 1954 1961 1963 1957
f 1964 1965 1966 1967
f 1965 1968 1969 1966
f 1967 1966 1963 1962
f 1966 1969 1957 1963
f 1970 1971 1972 1973
f 1973 1972 1956 1955
f 1968 1970 1973 1969
f 1969 1973 1955 1957
f 1974 1975 1976 1977
f 1975 1978 1979 1976
f 1977 1976 1980 1981
f 1976 1979 1982 1980
f 1983 1984 1985 1986
f 1986 1985 1987 1988
f 1978 1983 1986 1979
f 1979 1986 1988 1982
f 1959 1958 1989 1990
f 1958 1953 1991 1989
f 1990 1989 1988 1987
f 1989 1991 1982 1988
f 1950 1949 1992 1993
f 1993 1992 1981 1980
f 1953 1950 1993 1991
f 1991 1993 1980 1982
f 1994 1995 1996 1997
f 1995 1998 1999 1996
f 1997 1996 2000 2001
f 1996 1999 2002 2000
f 2003 1949 1952 2004
f 2004 1952 1956 2005
f 1998 2003 2004 1999
f 1999 2004 2005 2002
f 1971 2006 2007 1972
f 2006 2008 2009 2007
f 1972 2007 2005 1956
f 2007 2009 2002 2005
f 2010 2011 2012 2013
f 2013 2012 2001 2000
f 2008 2010 2013 2009
f 2009 2013 2000 2002
f 2014 2015 2016 2017
f 2015 2018 2019 2016
f 2017 2016 2020 2021
f 2016 2019 2022 2020
f 2023 1974 1977 2024
f 2024 1977 1981 2025
f 2018 2023 2024 2019
f 2019 2024 2025 2022
f 1949 2003 2026 1992
f 2003 1998 2027 2026
f 1992 2026 2025 1981
f 2026 2027 2022 2025
f 1995 1994 2028 2029
f 2029 2028 2021 2020
f 1998 1995 2029 2027
f 2027 2029 2020 2022
f 2030 2031 2032 2033
f 2031 2034 2035 2032
f 2033 2032 2036 2037
f 2032 2035 2038 2036
f 2039 1994 1997 2040
f 2040 1997 2001 2041
f 2034 2039 2040 2035
f 2035 2040 2041 2038
f 2011 2042 2043 2012
f 2042 2044 2045 2043
f 2012 2043 2041 2001
f 2043 2045 2038 2041
f 2046 2047 2048 2049
f 2049 2048 2037 2036
f 2044 2046 2049 2045
f 2045 2049 2036 2038
f 2050 2051 2052 2053
f 2051 2054 2055 2052
f 2053 2052 2056 2057
f 2052 2055 2058 2056
f 2059 2014 2017 2060
f 2060 2017 2021 2061
f 2054 2059 2060 2055
f 2055 2060 2061 2058
f 1994 2039 2062 2028
f 2039 2034 2063 2062
f 2028 2062 2061 2021
f 2062 2063 2058 2061
f 2031 2030 2064 2065
f 2065 2064 2057 2056
f 2034 2031 2065 2063
f 2063 2065 2056 2058
f 2066 2067 2068 2069
f 2067 2070 2071 2068
f 2069 2068 2072 2073
f 2068 2071 2074 2072
f 2075 2076 2077 2078
f 2078 2077 2079 2080
f 2070 2075 2078 2071
f 2071 2078 2080 2074
f 2081 2082 2083 2084
f 2082 2085 2086 2083
f 2084 2083 2080 2079
f 2083 2086 2074 2080
f 2087 2088 2089 2090
f 2090 2089 2073 2072
f 2085 2087 2090 2086
f 2086 2090 2072 2074
f 2091 2092 2093 2094
f 2092 2095 2096 2093
f 2094 2093 2097 2098
f 2093 2096 2099 2097
f 2100 2101 2102 2103
f 2103 2102 2104 2105
f 2095 2100 2103 2096
f 2096 2103 2105 2099
f 2076 2075 2106 2107
f 2075 2070 2108 2106
f 2107 2106 2105 2104
f 2106 2108 2099 2105
f 2067 2066 2109 2110
f 2110 2109 2098 2097
f 2070 2067 2110 2108
f 2108 2110 2097 2099
f 2111 2112 2113 2114
f 2112 2115 2116 2113
f 2114 2113 2117 2118
f 2113 2116 2119 2117
f 2120 2066 2069 2121
f 2121 2069 2073 2122
f 2115 2120 2121 2116
f 2116 2121 2122 2119
f 2088 2123 2124 2089
f 2123 2125 2126 2124
f 2089 2124 2122 2073
f 2124 2126 2119 2122
f 2127 2128 2129 2130
f 2130 2129 2118 2117
f 2125 2127 2130 2126
f 2126 2130 2117 2119
f 2131 2132 2133 2134
f 2132 2135 2136 2133
f 2134 2133 2137 2138
f 2133 2136 2139 2137
f 2140 2091 2094 2141
f 2141 2094 2098 2142
f 2135 2140 2141 2136
f 2136 2141 2142 2139
f 2066 2120 2143 2109
f 2120 2115 2144 2143
f 2109 2143 2142 2098
f 2143 2144 2139 2142
f 2112 2111 2145 2146
f 2146 2145 2138 2137
f 2115 2112 2146 2144
f 2144 2146 2137 2139
f 2147 2148 2149 2150
f 2148 2151 2152 2149
f 2150 2149 2153 2154
f 2149 2152 2155 2153
f 2156 2111 2114 2157
f 2157 2114 2118 2158
f 2151 2156 2157 2152
f 2152 2157 2158 2155
f 2128 2159 2160 2129
f 2159 2161 2162 2160
f 2129 2160 2158 2118
f 2160 2162 2155 2158
f 2163 2164 2165 2166
f 2166 2165 2154 2153
f 2161 2163 2166 2162
f 2162 2166 2153 2155
f 2167 2168 2169 2170
f 2168 2171 2172 2169
f 2170 2169 2173 2174
f 2169 2172 2175 2173
f 2176 2131 2134 2177
f 2177 2134 2138 2178
f 2171 2176 2177 2172
f 2172 2177 2178 2175
f 2111 2156 2179 2145
f 2156 2151 2180 2179
f 2145 2179 2178 2138
f 2179 2180 2175 2178
f 2148 2147 2181 2182
f 2182 2181 2174 2173
f 2151 2148 2182 2180
f 2180 2182 2173 2175
f 2183 2184 2185 2186
f 2184 2187 2188 2185
f 2186 2185 2189 2190
f 2185 2188 2191 2189
f 2192 2193 2194 2195
f 2195 2194 2196 2197
f 2187 2192 2195 2188
f 2188 2195 2197 2191
f 2198 2199 2200 2201
f 2199 2202 2203 2200
f 2201 2200 2197 2196
f 2200 2203 2191 2197
f 2204 2205 2206 2207
f 2207 2206 2190 2189
f 2202 2204 2207 2203
f 2203 2207 2189 2191
f 2208 2209 2210 2211
f 2209 2212 2213 2210
f 2211 2210 2214 2215
f 2210 2213 2216 2214
f 2217 2218 2219 2220
f 2220 2219 2221 2222
f 2212 2217 2220 2213
f 2213 2220 2222 2216
f 2193 2192 2223 2224
f 2192 2187 2225 2223
f 2224 2223 2222 2221
f 2223 2225 2216 2222
f 2184 2183 2226 2227
f 2227 2226 2215 2214
f 2187 2184 2227 2225
f 2225 2227 2214 2216
f 2228 2229 2230 2231
f 2229 2232 2233 2230
f 2231 2230 2234 2235
f 2230 2233 2236 2234
f 2237 2183 2186 2238
f 2238 2186 2190 2239
f 2232 2237 2238 2233
f 2233 2238 2239 2236
f 2205 2240 2241 2206
f 2240 2242 2243 2241
f 2206 2241 2239 2190
f 2241 2243 2236 2239
f 2244 2245 2246 2247
f 2247 2246 2235 2234
f 2242 2244 2247 2243
f 2243 2247 2234 2236
f 2248 2249 2250 2251
f 2249 2252 2253 2250
f 2251 2250 2254 2255
f 2250 2253 2256 2254
f 2257 2208 2211 2258
f 2258 2211 2215 2259
f 2252 2257 2258 2253
f 2253 2258 2259 2256
f 2183 2237 2260 2226
f 2237 2232 2261 2260
f 2226 2260 2259 2215
f 2260 2261 2256 2259
f 2229 2228 2262 2263
f 2263 2262 2255 2254
f 2232 2229 2263 2261
f 2261 2263 2254 2256
f 2264 2265 2266 2267
f 2265 2268 2269 2266
f 2267 2266 2270 2271
f 2266 2269 2272 2270
f 2273 2228 2231 2274
f 2274 2231 2235 2275
f 2268 2273 2274 2269
f 2269 2274 2275 2272
f 2245 2276 2277 2246
f 2276 2278 2279 2277
f 2246 2277 2275 2235
f 2277 2279 2272 2275
f 2280 2281 2282 2283
f 2283 2282 2271 2270
f 2278 2280 2283 2279
f 2279 2283 2270 2272
f 2284 2285 2286 2287
f 2285 2288 2289 2286
f 2287 2286 2290 2291
f 2286 2289 2292 2290
f 2293 2248 2251 2294
f 2294 2251 2255 2295
f 2288 2293 2294 2289
f 2289 2294 2295 2292
f 2228 2273 2296 2262
f 2273 2268 2297 2296
f 2262 2296 2295 2255
f 2296 2297 2292 2295
f 2265 2264 2298 2299
f 2299 2298 2291 2290
f 2268 2265 2299 2297
f 2297 2299 2290 2292
f 2300 2301 2302 2303
f 2301 2304 2305 2302
f 2303 2302 2306 2307
f 2302 2305 2308 2306
f 2309 2310 2311 2312
f 2312 2311 2313 2314
f 2304 2309 2312 2305
f 2305 2312 2314 2308
f 2315 2316 2317 2318
f 2316 2319 2320 2317
f 2318 2317 2314 2313
f 2317 2320 2308 2314
f 2321 2322 2323 2324
f 2324 2323 2307 2306
f 2319 2321 2324 2320
f 2320 2324 2306 2308
f 2325 2326 2327 2328
f 2326 2329 2330 2327
f 2328 2327 2331 2332
f 2327 2330 2333 2331
f 2334 2335 2336 2337
f 2337 2336 2338 2339
f 2329 2334 2337 2330
f 2330 2337 2339 2333
f 2310 2309 2340 2341
f 2309 2304 2342 2340
f 2341 2340 2339 2338
f 2340 2342 2333 2339
f 2301 2300 2343 2344
f 2344 2343 2332 2331
f 2304 2301 2344 2342
f 2342 2344 2331 2333
f 2345 2346 2347 2348
f 2346 2349 2350 2347
f 2348 2347 2351 2352
f 2347 2350 2353 2351
f 2354 2355 2356 2357
f 2357 2356 2358 2359
f 2349 2354 2357 2350
f 2350 2357 2359 2353
f 2360 2361 2362 2363
f 2361 2364 2365 2362
f 2363 2362 2359 2358
f 2362 2365 2353 2359
f 2366 2367 2368 2369
f 2369 2368 2352 2351
f 2364 2366 2369 2365
f 2365 2369 2351 2353
f 2367 2366 2370 2371
f 2366 2364 2372 2370
f 2371 2370 2373 2374
f 2370 2372 2375 2373
f 2361 2360 2376 2377
f 2377 2376 2378 2379
f 2364 2361 2377 2372
f 2372 2377 2379 2375
f 2380 2381 2382 2383
f 2381 2384 2385 2382
f 2383 2382 2379 2378
f 2382 2385 2375 2379
f 2386 2387 2388 2389
f 2389 2388 2374 2373
f 2384 2386 2389 2385
f 2385 2389 2373 2375
f 2390 2391 2392 2393
f 2391 2394 2395 2392
f 2393 2392 2396 2397
f 2392 2395 2398 2396
f 2399 2400 2401 2402
f 2402 2401 2403 2404
f 2394 2399 2402 2395
f 2395 2402 2404 2398
f 2405 2406 2407 2408
f 2406 2409 2410 2407
f 2408 2407 2404 2403
f 2407 2410 2398 2404
f 2411 2412 2413 2414
f 2414 2413 2397 2396
f 2409 2411 2414 2410
f 2410 2414 2396 2398
f 2412 2411 2415 2416
f 2411 2409 2417 2415
f 2416 2415 2418 2419
f 2415 2417 2420 2418
f 2406 2405 2421 2422
f 2422 2421 2423 2424
f 2409 2406 2422 2417
f 2417 2422 2424 2420
f 2425 2426 2427 2428
f 2426 2429 2430 2427
f 2428 2427 2424 2423
f 2427 2430 2420 2424
f 2431 2432 2433 2434
f 2434 2433 2419 2418
f 2429 2431 2434 2430
f 2430 2434 2418 2420
f 2435 2436 2437 2438
f 2436 2439 2440 2437
f 2438 2437 2441 2442
f 2437 2440 2443 2441
f 2444 2445 2446 2447
f 2447 2446 2448 2449
f 2439 2444 2447 2440
f 2440 2447 2449 2443
f 2450 2451 2452 2453
f 2451 2454 2455 2452
f 2453 2452 2449 2448
f 2452 2455 2443 2449
f 2456 2457 2458 2459
f 2459 2458 2442 2441
f 2454 2456 2459 2455
f 2455 2459 2441 2443
f 2457 2456 2460 2461
f 2456 2454 2462 2460
f 2461 2460 2463 2464
f 2460 2462 2465 2463
f 2451 2450 2466 2467
f 2467 2466 2468 2469
f 2454 2451 2467 2462
f 2462 2467 2469 2465
f 2470 2471 2472 2473
f 2471 2474 2475 2472
f 2473 2472 2469 2468
f 2472 2475 2465 2469
f 2476 2477 2478 2479
f 2479 2478 2464 2463
f 2474 2476 2479 2475
f 2475 2479 2463 2465
f 2480 2481 2482 2483
f 2481 2484 2485 2482
f 2483 2482 2486 2487
f 2482 2485 2488 2486
f 2489 2490 2491 2492
f 2492 2491 2493 2494
f 2484 2489 2492 2485
f 2485 2492 2494 2488
f 2495 2496 2497 2498
f 2496 2499 2500 2497
f 2498 2497 2494 2493
f 2497 2500 2488 2494
f 2501 2502 2503 2504
f 2504 2503 2487 2486
f 2499 2501 2504 2500
f 2500 2504 2486 2488
f 2502 2501 2505 2506
f 2501 2499 2507 2505
f 2506 2505 2508 2509
f 2505 2507 2510 2508
f 2496 2495 2511 2512
f 2512 2511 2513 2514
f 2499 2496 2512 2507
f 2507 2512 2514 2510
f 2515 2516 2517 2518
f 2516 2519 2520 2517
f 2518 2517 2514 2513
f 2517 2520 2510 2514
f 2521 2522 2523 2524
f 2524 2523 2509 2508
f 2519 2521 2524 2520
f 2520 2524 2508 2510
f 2525 2526 2527 2528
f 2526 2529 2530 2527
f 2528 2527 2531 2532
f 2527 2530 2533 2531
f 2534 2535 2536 2537
f 2537 2536 2538 2539
f 2529 2534 2537 2530
f 2530 2537 2539 2533
f 2540 2541 2542 2543
f 2541 2544 2545 2542
f 2543 2542 2539 2538
f 2542 2545 2533 2539
f 2546 2547 2548 2549
f 2549 2548 2532 2531
f 2544 2546 2549 2545
f 2545 2549 2531 2533
f 2547 2546 2550 2551
f 2546 2544 2552 2550
f 2551 2550 2553 2554
f 2550 2552 2555 2553
f 2541 2540 2556 2557
f 2557 2556 2558 2559
f 2544 2541 2557 2552
f 2552 2557 2559 2555
f 2560 2561 2562 2563
f 2561 2564 2565 2562
f 2563 2562 2559 2558
f 2562 2565 2555 2559
f 2566 2567 2568 2569
f 2569 2568 2554 2553
f 2564 2566 2569 2565
f 2565 2569 2553 2555
f 2570 2571 2572 2573
f 2571 2574 2575 2572
f 2573 2572 2576 2577
f 2572 2575 2578 2576
f 2579 2580 2581 2582
f 2582 2581 2583 2584
f 2574 2579 2582 2575
f 2575 2582 2584 2578
f 2585 2586 2587 2588
f 2586 2589 2590 2587
f 2588 2587 2584 2583
f 2587 2590 2578 2584
f 2591 2592 2593 2594
f 2594 2593 2577 2576
f 2589 2591 2594 2590
f 2590 2594 2576 2578
f 2592 2591 2595 2596
f 2591 2589 2597 2595
f 2596 2595 2598 2599
f 2595 2597 2600 2598
f 2586 2585 2601 2602
f 2602 2601 2603 2604
f 2589 2586 2602 2597
f 2597 2602 2604 2600
f 2605 2606 2607 2608
f 2606 2609 2610 2607
f 2608 2607 2604 2603
f 2607 2610 2600 2604
f 2611 2612 2613 2614
f 2614 2613 2599 2598
f 2609 2611 2614 2610
f 2610 2614 2598 2600
f 2615 2616 2617 2618
f 2616 2619 2620 2617
f 2618 2617 2621 2622
f 2617 2620 2623 2621
f 2624 2625 2626 2627
f 2627 2626 2628 2629
f 2619 2624 2627 2620
f 2620 2627 2629 2623
f 2630 2631 2632 2633
f 2631 2634 2635 2632
f 2633 2632 2629 2628
f 2632 2635 2623 2629
f 2636 2637 2638 2639
f 2639 2638 2622 2621
f 2634 2636 2639 2635
f 2635 2639 2621 2623
f 2637 2636 2640 2641
f 2636 2634 2642 2640
f 2641 2640 2643 2644
f 2640 2642 2645 2643
f 2631 2630 2646 2647
f 2647 2646 2648 2649
f 2634 2631 2647 2642
f 2642 2647 2649 2645
f 2650 2651 2652 2653
f 2651 2654 2655 2652
f 2653 2652 2649 2648
f 2652 2655 2645 2649
f 2656 2657 2658 2659
f 2659 2658 2644 2643
f 2654 2656 2659 2655
f 2655 2659 2643 2645
f 2660 2661 2662 2663
f 2661 2664 2665 2662
f 2663 2662 2666 2667
f 2662 2665 2668 2666
f 2669 2670 2671 2672
f 2672 2671 2673 2674
f 2664 2669 2672 2665
f 2665 2672 2674 2668
f 2675 2676 2677 2678
f 2676 2679 2680 2677
f 2678 2677 2674 2673
f 2677 2680 2668 2674
f 2681 2682 2683 2684
f 2684 2683 2667 2666
f 2679 2681 2684 2680
f 2680 2684 2666 2668
f 2682 2681 2685 2686
f 2681 2679 2687 2685
f 2686 2685 2688 2689
f 2685 2687 2690 2688
f 2676 2675 2691 2692
f 2692 2691 2693 2694
f 2679 2676 2692 2687
f 2687 2692 2694 2690
f 2695 2696 2697 2698
f 2696 2699 2700 2697
f 2698 2697 2694 2693
f 2697 2700 2690 2694
f 2701 2702 2703 2704
f 2704 2703 2689 2688
f 2699 2701 2704 2700
f 2700 2704 2688 2690
f 2387 2386 2705 2706
f 2386 2384 2707 2705
f 2706 2705 2708 2709
f 2705 2707 2710 2708
f 2381 2380 2711 2712
f 2712 2711 2713 2714
f 2384 2381 2712 2707
f 2707 2712 2714 2710
f 2670 2669 2715 2716
f 2669 2664 2717 2715
f 2716 2715 2714 2713
f 2715 2717 2710 2714
f 2661 2660 2718 2719
f 2719 2718 2709 2708
f 2664 2661 2719 2717
f 2717 2719 2708 2710
f 2625 2624 2720 2721
f 2624 2619 2722 2720
f 2721 2720 2723 2724
f 2720 2722 2725 2723
f 2616 2615 2726 2727
f 2727 2726 2728 2729
f 2619 2616 2727 2722
f 2722 2727 2729 2725
f 2702 2701 2730 2731
f 2701 2699 2732 2730
f 2731 2730 2729 2728
f 2730 2732 2725 2729
f 2696 2695 2733 2734
f 2734 2733 2724 2723
f 2699 2696 2734 2732
f 2732 2734 2723 2725
f 2580 2579 2735 2736
f 2579 2574 2737 2735
f 2736 2735 2738 2739
f 2735 2737 2740 2738
f 2571 2570 2741 2742
f 2742 2741 2743 2744
f 2574 2571 2742 2737
f 2737 2742 2744 2740
f 2657 2656 2745 2746
f 2656 2654 2747 2745
f 2746 2745 2744 2743
f 2745 2747 2740 2744
f 2651 2650 2748 2749
f 2749 2748 2739 2738
f 2654 2651 2749 2747
f 2747 2749 2738 2740
f 2535 2534 2750 2751
f 2534 2529 2752 2750
f 2751 2750 2753 2754
f 2750 2752 2755 2753
f 2526 2525 2756 2757
f 2757 2756 2758 2759
f 2529 2526 2757 2752
f 2752 2757 2759 2755
f 2612 2611 2760 2761
f 2611 2609 2762 2760
f 2761 2760 2759 2758
f 2760 2762 2755 2759
f 2606 2605 2763 2764
f 2764 2763 2754 2753
f 2609 2606 2764 2762
f 2762 2764 2753 2755
f 2355 2354 2765 2766
f 2354 2349 2767 2765
f 2766 2765 2768 2769
f 2765 2767 2770 2768
f 2346 2345 2771 2772
f 2772 2771 2773 2774
f 2349 2346 2772 2767
f 2767 2772 2774 2770
f 2432 2431 2775 2776
f 2431 2429 2777 2775
f 2776 2775 2774 2773
f 2775 2777 2770 2774
f 2426 2425 2778 2779
f 2779 2778 2769 2768
f 2429 2426 2779 2777
f 2777 2779 2768 2770
f 2400 2399 2780 2781
f 2399 2394 2782 2780
f 2781 2780 2783 2784
f 2780 2782 2785 2783
f 2391 2390 2786 2787
f 2787 2786 2788 2789
f 2394 2391 2787 2782
f 2782 2787 2789 2785
f 2477 2476 2790 2791
f 2476 2474 2792 2790
f 2791 2790 2789 2788
f 2790 2792 2785 2789
f 2471 2470 2793 2794
f 2794 2793 2784 2783
f 2474 2471 2794 2792
f 2792 2794 2783 2785
f 2445 2444 2795 2796
f 2444 2439 2797 2795
f 2796 2795 2798 2799
f 2795 2797 2800 2798
f 2436 2435 2801 2802
f 2802 2801 2803 2804
f 2439 2436 2802 2797
f 2797 2802 2804 2800
f 2522 2521 2805 2806
f 2521 2519 2807 2805
f 2806 2805 2804 2803
f 2805 2807 2800 2804
f 2516 2515 2808 2809
f 2809 2808 2799 2798
f 2519 2516 2809 2807
f 2807 2809 2798 2800
f 2490 2489 2810 2811
f 2489 2484 2812 2810
f 2811 2810 2813 2814
f 2810 2812 2815 2813
f 2481 2480 2816 2817
f 2817 2816 2818 2819
f 2484 2481 2817 2812
f 2812 2817 2819 2815
f 2567 2566 2820 2821
f 2566 2564 2822 2820
f 2821 2820 2819 2818
f 2820 2822 2815 2819
f 2561 2560 2823 2824
f 2824 2823 2814 2813
f 2564 2561 2824 2822
f 2822 2824 2813 2815
f 2825 2826 2827 2828
f 2826 2829 2830 2827
f 2828 2827 2831 2832
f 2827 2830 2833 2831
f 2834 2432 2776 2835
f 2835 2776 2773 2836
f 2829 2834 2835 2830
f 2830 2835 2836 2833
f 2345 2348 2837 2771
f 2348 2352 2838 2837
f 2771 2837 2836 2773
f 2837 2838 2833 2836
f 2368 2367 2839 2840
f 2840 2839 2832 2831
f 2352 2368 2840 2838
f 2838 2840 2831 2833
f 2825 2841 2842 2826
f 2841 2843 2844 2842
f 2826 2842 2845 2829
f 2842 2844 2846 2845
f 2847 2390 2393 2848
f 2848 2393 2397 2849
f 2843 2847 2848 2844
f 2844 2848 2849 2846
f 2412 2416 2850 2413
f 2416 2419 2851 2850
f 2413 2850 2849 2397
f 2850 2851 2846 2849
f 2433 2432 2834 2852
f 2852 2834 2829 2845
f 2419 2433 2852 2851
f 2851 2852 2845 2846
f 2825 2853 2854 2855
f 2853 2856 2857 2854
f 2855 2854 2858 2859
f 2854 2857 2860 2858
f 2861 2522 2806 2862
f 2862 2806 2803 2863
f 2856 2861 2862 2857
f 2857 2862 2863 2860
f 2435 2438 2864 2801
f 2438 2442 2865 2864
f 2801 2864 2863 2803
f 2864 2865 2860 2863
f 2458 2457 2866 2867
f 2867 2866 2859 2858
f 2442 2458 2867 2865
f 2865 2867 2858 2860
f 2825 2868 2869 2853
f 2868 2870 2871 2869
f 2853 2869 2872 2856
f 2869 2871 2873 2872
f 2874 2480 2483 2875
f 2875 2483 2487 2876
f 2870 2874 2875 2871
f 2871 2875 2876 2873
f 2502 2506 2877 2503
f 2506 2509 2878 2877
f 2503 2877 2876 2487
f 2877 2878 2873 2876
f 2523 2522 2861 2879
f 2879 2861 2856 2872
f 2509 2523 2879 2878
f 2878 2879 2872 2873
f 2825 2880 2881 2882
f 2880 2883 2884 2881
f 2882 2881 2885 2886
f 2881 2884 2887 2885
f 2888 2612 2761 2889
f 2889 2761 2758 2890
f 2883 2888 2889 2884
f 2884 2889 2890 2887
f 2525 2528 2891 2756
f 2528 2532 2892 2891
f 2756 2891 2890 2758
f 2891 2892 2887 2890
f 2548 2547 2893 2894
f 2894 2893 2886 2885
f 2532 2548 2894 2892
f 2892 2894 2885 2887
f 2825 2895 2896 2880
f 2895 2897 2898 2896
f 2880 2896 2899 2883
f 2896 2898 2900 2899
f 2901 2570 2573 2902
f 2902 2573 2577 2903
f 2897 2901 2902 2898
f 2898 2902 2903 2900
f 2592 2596 2904 2593
f 2596 2599 2905 2904
f 2593 2904 2903 2577
f 2904 2905 2900 2903
f 2613 2612 2888 2906
f 2906 2888 2883 2899
f 2599 2613 2906 2905
f 2905 2906 2899 2900
f 2825 2907 2908 2909
f 2907 2910 2911 2908
f 2909 2908 2912 2913
f 2908 2911 2914 2912
f 2915 2702 2731 2916
f 2916 2731 2728 2917
f 2910 2915 2916 2911
f 2911 2916 2917 2914
f 2615 2618 2918 2726
f 2618 2622 2919 2918
f 2726 2918 2917 2728
f 2918 2919 2914 2917
f 2638 2637 2920 2921
f 2921 2920 2913 2912
f 2622 2638 2921 2919
f 2919 2921 2912 2914
f 2825 2922 2923 2907
f 2922 2924 2925 2923
f 2907 2923 2926 2910
f 2923 2925 2927 2926
f 2928 2660 2663 2929
f 2929 2663 2667 2930
f 2924 2928 2929 2925
f 2925 2929 2930 2927
f 2682 2686 2931 2683
f 2686 2689 2932 2931
f 2683 2931 2930 2667
f 2931 2932 2927 2930
f 2703 2702 2915 2933
f 2933 2915 2910 2926
f 2689 2703 2933 2932
f 2932 2933 2926 2927
f 2825 2828 2934 2922
f 2828 2832 2935 2934
f 2922 2934 2936 2924
f 2934 2935 2937 2936
f 2839 2367 2371 2938
f 2938 2371 2374 2939
f 2832 2839 2938 2935
f 2935 2938 2939 2937
f 2387 2706 2940 2388
f 2706 2709 2941 2940
f 2388 2940 2939 2374
f 2940 2941 2937 2939
f 2718 2660 2928 2942
f 2942 2928 2924 2936
f 2709 2718 2942 2941
f 2941 2942 2936 2937
f 2825 2909 2943 2895
f 2909 2913 2944 2943
f 2895 2943 2945 2897
f 2943 2944 2946 2945
f 2920 2637 2641 2947
f 2947 2641 2644 2948
f 2913 2920 2947 2944
f 2944 2947 2948 2946
f 2657 2746 2949 2658
f 2746 2743 2950 2949
f 2658 2949 2948 2644
f 2949 2950 2946 2948
f 2741 2570 2901 2951
f 2951 2901 2897 2945
f 2743 2741 2951 2950
f 2950 2951 2945 2946
f 2825 2855 2952 2841
f 2855 2859 2953 2952
f 2841 2952 2954 2843
f 2952 2953 2955 2954
f 2866 2457 2461 2956
f 2956 2461 2464 2957
f 2859 2866 2956 2953
f 2953 2956 2957 2955
f 2477 2791 2958 2478
f 2791 2788 2959 2958
f 2478 2958 2957 2464
f 2958 2959 2955 2957
f 2786 2390 2847 2960
f 2960 2847 2843 2954
f 2788 2786 2960 2959
f 2959 2960 2954 2955
f 2825 2882 2961 2868
f 2882 2886 2962 2961
f 2868 2961 2963 2870
f 2961 2962 2964 2963
f 2893 2547 2551 2965
f 2965 2551 2554 2966
f 2886 2893 2965 2962
f 2962 2965 2966 2964
f 2567 2821 2967 2568
f 2821 2818 2968 2967
f 2568 2967 2966 2554
f 2967 2968 2964 2966
f 2816 2480 2874 2969
f 2969 2874 2870 2963
f 2818 2816 2969 2968
f 2968 2969 2963 2964
f 78 2970 2971 2972
f 2970 2973 2974 2971
f 2972 2971 2975 2976
f 2971 2974 2977 2975
f 2978 38 2979 2980
f 2980 2979 2981 2982
f 2973 2978 2980 2974
f 2974 2980 2982 2977
f 1516 1515 2983 2984
f 1515 1510 2985 2983
f 2984 2983 2982 2981
f 2983 2985 2977 2982
f 1507 1506 2986 2987
f 2987 2986 2976 2975
f 1510 1507 2987 2985
f 2985 2987 2975 2977
f 46 49 2988 2989
f 49 53 2990 2988
f 2989 2988 2991 2992
f 2988 2990 2993 2991
f 69 68 2994 2995
f 2995 2994 2996 2997
f 53 69 2995 2990
f 2990 2995 2997 2993
f 1543 1542 2998 2999
f 1542 1540 3000 2998
f 2999 2998 2997 2996
f 2998 3000 2993 2997
f 1538 1503 3001 3002
f 3002 3001 2992 2991
f 1540 1538 3002 3000
f 3000 3002 2991 2993
f 83 86 3003 3004
f 86 81 3005 3003
f 3004 3003 3006 3007
f 3003 3005 3008 3006
f 79 78 2972 3009
f 3009 2972 2976 3010
f 81 79 3009 3005
f 3005 3009 3010 3008
f 1506 1555 3011 2986
f 1555 1550 3012 3011
f 2986 3011 3010 2976
f 3011 3012 3008 3010
f 1547 1546 3013 3014
f 3014 3013 3007 3006
f 1550 1547 3014 3012
f 3012 3014 3006 3008
f 108 107 3015 3016
f 107 105 3017 3015
f 3016 3015 3018 3019
f 3015 3017 3020 3018
f 102 101 3021 3022
f 3022 3021 3023 3024
f 105 102 3022 3017
f 3017 3022 3024 3020
f 1562 1565 3025 3026
f 1565 1569 3027 3025
f 3026 3025 3024 3023
f 3025 3027 3020 3024
f 1580 1579 3028 3029
f 3029 3028 3019 3018
f 1569 1580 3029 3027
f 3027 3029 3018 3020
f 68 92 3030 2994
f 92 95 3031 3030
f 2994 3030 3032 2996
f 3030 3031 3033 3032
f 109 108 3016 3034
f 3034 3016 3019 3035
f 95 109 3034 3031
f 3031 3034 3035 3033
f 1579 1578 3036 3028
f 1578 1576 3037 3036
f 3028 3036 3035 3019
f 3036 3037 3033 3035
f 1574 1543 2999 3038
f 3038 2999 2996 3032
f 1576 1574 3038 3037
f 3037 3038 3032 3033
f 119 122 3039 3040
f 122 117 3041 3039
f 3040 3039 3042 3043
f 3039 3041 3044 3042
f 115 83 3004 3045
f 3045 3004 3007 3046
f 117 115 3045 3041
f 3041 3045 3046 3044
f 1546 1591 3047 3013
f 1591 1586 3048 3047
f 3013 3047 3046 3007
f 3047 3048 3044 3046
f 1583 1582 3049 3050
f 3050 3049 3043 3042
f 1586 1583 3050 3048
f 3048 3050 3042 3044
f 101 125 3051 3021
f 125 123 3052 3051
f 3021 3051 3053 3023
f 3051 3052 3054 3053
f 120 119 3040 3055
f 3055 3040 3043 3056
f 123 120 3055 3052
f 3052 3055 3056 3054
f 1582 1585 3057 3049
f 1585 1589 3058 3057
f 3049 3057 3056 3043
f 3057 3058 3054 3056
f 1596 1562 3026 3059
f 3059 3026 3023 3053
f 1589 1596 3059 3058
f 3058 3059 3053 3054
f 204 3060 3061 3062
f 3060 3063 3064 3061
f 3062 3061 3065 3066
f 3061 3064 3067 3065
f 3068 164 3069 3070
f 3070 3069 3071 3072
f 3063 3068 3070 3064
f 3064 3070 3072 3067
f 1633 1632 3073 3074
f 1632 1627 3075 3073
f 3074 3073 3072 3071
f 3073 3075 3067 3072
f 1624 1623 3076 3077
f 3077 3076 3066 3065
f 1627 1624 3077 3075
f 3075 3077 3065 3067
f 172 175 3078 3079
f 175 179 3080 3078
f 3079 3078 3081 3082
f 3078 3080 3083 3081
f 195 194 3084 3085
f 3085 3084 3086 3087
f 179 195 3085 3080
f 3080 3085 3087 3083
f 1660 1659 3088 3089
f 1659 1657 3090 3088
f 3089 3088 3087 3086
f 3088 3090 3083 3087
f 1655 1620 3091 3092
f 3092 3091 3082 3081
f 1657 1655 3092 3090
f 3090 3092 3081 3083
f 209 212 3093 3094
f 212 207 3095 3093
f 3094 3093 3096 3097
f 3093 3095 3098 3096
f 205 204 3062 3099
f 3099 3062 3066 3100
f 207 205 3099 3095
f 3095 3099 3100 3098
f 1623 1672 3101 3076
f 1672 1667 3102 3101
f 3076 3101 3100 3066
f 3101 3102 3098 3100
f 1664 1663 3103 3104
f 3104 3103 3097 3096
f 1667 1664 3104 3102
f 3102 3104 3096 3098
f 234 233 3105 3106
f 233 231 3107 3105
f 3106 3105 3108 3109
f 3105 3107 3110 3108
f 228 227 3111 3112
f 3112 3111 3113 3114
f 231 228 3112 3107
f 3107 3112 3114 3110
f 1679 1682 3115 3116
f 1682 1686 3117 3115
f 3116 3115 3114 3113
f 3115 3117 3110 3114
f 1697 1696 3118 3119
f 3119 3118 3109 3108
f 1686 1697 3119 3117
f 3117 3119 3108 3110
f 194 218 3120 3084
f 218 221 3121 3120
f 3084 3120 3122 3086
f 3120 3121 3123 3122
f 235 234 3106 3124
f 3124 3106 3109 3125
f 221 235 3124 3121
f 3121 3124 3125 3123
f 1696 1695 3126 3118
f 1695 1693 3127 3126
f 3118 3126 3125 3109
f 3126 3127 3123 3125
f 1691 1660 3089 3128
f 3128 3089 3086 3122
f 1693 1691 3128 3127
f 3127 3128 3122 3123
f 245 248 3129 3130
f 248 243 3131 3129
f 3130 3129 3132 3133
f 3129 3131 3134 3132
f 241 209 3094 3135
f 3135 3094 3097 3136
f 243 241 3135 3131
f 3131 3135 3136 3134
f 1663 1708 3137 3103
f 1708 1703 3138 3137
f 3103 3137 3136 3097
f 3137 3138 3134 3136
f 1700 1699 3139 3140
f 3140 3139 3133 3132
f 1703 1700 3140 3138
f 3138 3140 3132 3134
f 227 251 3141 3111
f 251 249 3142 3141
f 3111 3141 3143 3113
f 3141 3142 3144 3143
f 246 245 3130 3145
f 3145 3130 3133 3146
f 249 246 3145 3142
f 3142 3145 3146 3144
f 1699 1702 3147 3139
f 1702 1706 3148 3147
f 3139 3147 3146 3133
f 3147 3148 3144 3146
f 1713 1679 3116 3149
f 3149 3116 3113 3143
f 1706 1713 3149 3148
f 3148 3149 3143 3144
f 330 3150 3151 3152
f 3150 3153 3154 3151
f 3152 3151 3155 3156
f 3151 3154 3157 3155
f 3158 290 3159 3160
f 3160 3159 3161 3162
f 3153 3158 3160 3154
f 3154 3160 3162 3157
f 1750 1749 3163 3164
f 1749 1744 3165 3163
f 3164 3163 3162 3161
f 3163 3165 3157 3162
f 1741 1740 3166 3167
f 3167 3166 3156 3155
f 1744 1741 3167 3165
f 3165 3167 3155 3157
f 298 301 3168 3169
f 301 305 3170 3168
f 3169 3168 3171 3172
f 3168 3170 3173 3171
f 321 320 3174 3175
f 3175 3174 3176 3177
f 305 321 3175 3170
f 3170 3175 3177 3173
f 1777 1776 3178 3179
f 1776 1774 3180 3178
f 3179 3178 3177 3176
f 3178 3180 3173 3177
f 1772 1737 3181 3182
f 3182 3181 3172 3171
f 1774 1772 3182 3180
f 3180 3182 3171 3173
f 335 338 3183 3184
f 338 333 3185 3183
f 3184 3183 3186 3187
f 3183 3185 3188 3186
f 331 330 3152 3189
f 3189 3152 3156 3190
f 333 331 3189 3185
f 3185 3189 3190 3188
f 1740 1789 3191 3166
f 1789 1784 3192 3191
f 3166 3191 3190 3156
f 3191 3192 3188 3190
f 1781 1780 3193 3194
f 3194 3193 3187 3186
f 1784 1781 3194 3192
f 3192 3194 3186 3188
f 360 359 3195 3196
f 359 357 3197 3195
f 3196 3195 3198 3199
f 3195 3197 3200 3198
f 354 353 3201 3202
f 3202 3201 3203 3204
f 357 354 3202 3197
f 3197 3202 3204 3200
f 1796 1799 3205 3206
f 1799 1803 3207 3205
f 3206 3205 3204 3203
f 3205 3207 3200 3204
f 1814 1813 3208 3209
f 3209 3208 3199 3198
f 1803 1814 3209 3207
f 3207 3209 3198 3200
f 320 344 3210 3174
f 344 347 3211 3210
f 3174 3210 3212 3176
f 3210 3211 3213 3212
f 361 360 3196 3214
f 3214 3196 3199 3215
f 347 361 3214 3211
f 3211 3214 3215 3213
f 1813 1812 3216 3208
f 1812 1810 3217 3216
f 3208 3216 3215 3199
f 3216 3217 3213 3215
f 1808 1777 3179 3218
f 3218 3179 3176 3212
f 1810 1808 3218 3217
f 3217 3218 3212 3213
f 371 374 3219 3220
f 374 369 3221 3219
f 3220 3219 3222 3223
f 3219 3221 3224 3222
f 367 335 3184 3225
f 3225 3184 3187 3226
f 369 367 3225 3221
f 3221 3225 3226 3224
f 1780 1825 3227 3193
f 1825 1820 3228 3227
f 3193 3227 3226 3187
f 3227 3228 3224 3226
f 1817 1816 3229 3230
f 3230 3229 3223 3222
f 1820 1817 3230 3228
f 3228 3230 3222 3224
f 353 377 3231 3201
f 377 375 3232 3231
f 3201 3231 3233 3203
f 3231 3232 3234 3233
f 372 371 3220 3235
f 3235 3220 3223 3236
f 375 372 3235 3232
f 3232 3235 3236 3234
f 1816 1819 3237 3229
f 1819 1823 3238 3237
f 3229 3237 3236 3223
f 3237 3238 3234 3236
f 1830 1796 3206 3239
f 3239 3206 3203 3233
f 1823 1830 3239 3238
f 3238 3239 3233 3234
f 456 3240 3241 3242
f 3240 3243 3244 3241
f 3242 3241 3245 3246
f 3241 3244 3247 3245
f 3248 416 3249 3250
f 3250 3249 3251 3252
f 3243 3248 3250 3244
f 3244 3250 3252 3247
f 1867 1866 3253 3254
f 1866 1861 3255 3253
f 3254 3253 3252 3251
f 3253 3255 3247 3252
f 1858 1857 3256 3257
f 3257 3256 3246 3245
f 1861 1858 3257 3255
f 3255 3257 3245 3247
f 424 427 3258 3259
f 427 431 3260 3258
f 3259 3258 3261 3262
f 3258 3260 3263 3261
f 447 446 3264 3265
f 3265 3264 3266 3267
f 431 447 3265 3260
f 3260 3265 3267 3263
f 1894 1893 3268 3269
f 1893 1891 3270 3268
f 3269 3268 3267 3266
f 3268 3270 3263 3267
f 1889 1854 3271 3272
f 3272 3271 3262 3261
f 1891 1889 3272 3270
f 3270 3272 3261 3263
f 461 464 3273 3274
f 464 459 3275 3273
f 3274 3273 3276 3277
f 3273 3275 3278 3276
f 457 456 3242 3279
f 3279 3242 3246 3280
f 459 457 3279 3275
f 3275 3279 3280 3278
f 1857 1906 3281 3256
f 1906 1901 3282 3281
f 3256 3281 3280 3246
f 3281 3282 3278 3280
f 1898 1897 3283 3284
f 3284 3283 3277 3276
f 1901 1898 3284 3282
f 3282 3284 3276 3278
f 486 485 3285 3286
f 485 483 3287 3285
f 3286 3285 3288 3289
f 3285 3287 3290 3288
f 480 479 3291 3292
f 3292 3291 3293 3294
f 483 480 3292 3287
f 3287 3292 3294 3290
f 1913 1916 3295 3296
f 1916 1920 3297 3295
f 3296 3295 3294 3293
f 3295 3297 3290 3294
f 1931 1930 3298 3299
f 3299 3298 3289 3288
f 1920 1931 3299 3297
f 3297 3299 3288 3290
f 446 470 3300 3264
f 470 473 3301 3300
f 3264 3300 3302 3266
f 3300 3301 3303 3302
f 487 486 3286 3304
f 3304 3286 3289 3305
f 473 487 3304 3301
f 3301 3304 3305 3303
f 1930 1929 3306 3298
f 1929 1927 3307 3306
f 3298 3306 3305 3289
f 3306 3307 3303 3305
f 1925 1894 3269 3308
f 3308 3269 3266 3302
f 1927 1925 3308 3307
f 3307 3308 3302 3303
f 497 500 3309 3310
f 500 495 3311 3309
f 3310 3309 3312 3313
f 3309 3311 3314 3312
f 493 461 3274 3315
f 3315 3274 3277 3316
f 495 493 3315 3311
f 3311 3315 3316 3314
f 1897 1942 3317 3283
f 1942 1937 3318 3317
f 3283 3317 3316 3277
f 3317 3318 3314 3316
f 1934 1933 3319 3320
f 3320 3319 3313 3312
f 1937 1934 3320 3318
f 3318 3320 3312 3314
f 479 503 3321 3291
f 503 501 3322 3321
f 3291 3321 3323 3293
f 3321 3322 3324 3323
f 498 497 3310 3325
f 3325 3310 3313 3326
f 501 498 3325 3322
f 3322 3325 3326 3324
f 1933 1936 3327 3319
f 1936 1940 3328 3327
f 3319 3327 3326 3313
f 3327 3328 3324 3326
f 1947 1913 3296 3329
f 3329 3296 3293 3323
f 1940 1947 3329 3328
f 3328 3329 3323 3324
f 582 3330 3331 3332
f 3330 3333 3334 3331
f 3332 3331 3335 3336
f 3331 3334 3337 3335
f 3338 542 3339 3340
f 3340 3339 3341 3342
f 3333 3338 3340 3334
f 3334 3340 3342 3337
f 1984 1983 3343 3344
f 1983 1978 3345 3343
f 3344 3343 3342 3341
f 3343 3345 3337 3342
f 1975 1974 3346 3347
f 3347 3346 3336 3335
f 1978 1975 3347 3345
f 3345 3347 3335 3337
f 550 553 3348 3349
f 553 557 3350 3348
f 3349 3348 3351 3352
f 3348 3350 3353 3351
f 573 572 3354 3355
f 3355 3354 3356 3357
f 557 573 3355 3350
f 3350 3355 3357 3353
f 2011 2010 3358 3359
f 2010 2008 3360 3358
f 3359 3358 3357 3356
f 3358 3360 3353 3357
f 2006 1971 3361 3362
f 3362 3361 3352 3351
f 2008 2006 3362 3360
f 3360 3362 3351 3353
f 587 590 3363 3364
f 590 585 3365 3363
f 3364 3363 3366 3367
f 3363 3365 3368 3366
f 583 582 3332 3369
f 3369 3332 3336 3370
f 585 583 3369 3365
f 3365 3369 3370 3368
f 1974 2023 3371 3346
f 2023 2018 3372 3371
f 3346 3371 3370 3336
f 3371 3372 3368 3370
f 2015 2014 3373 3374
f 3374 3373 3367 3366
f 2018 2015 3374 3372
f 3372 3374 3366 3368
f 612 611 3375 3376
f 611 609 3377 3375
f 3376 3375 3378 3379
f 3375 3377 3380 3378
f 606 605 3381 3382
f 3382 3381 3383 3384
f 609 606 3382 3377
f 3377 3382 3384 3380
f 2030 2033 3385 3386
f 2033 2037 3387 3385
f 3386 3385 3384 3383
f 3385 3387 3380 3384
f 2048 2047 3388 3389
f 3389 3388 3379 3378
f 2037 2048 3389 3387
f 3387 3389 3378 3380
f 572 596 3390 3354
f 596 599 3391 3390
f 3354 3390 3392 3356
f 3390 3391 3393 3392
f 613 612 3376 3394
f 3394 3376 3379 3395
f 599 613 3394 3391
f 3391 3394 3395 3393
f 2047 2046 3396 3388
f 2046 2044 3397 3396
f 3388 3396 3395 3379
f 3396 3397 3393 3395
f 2042 2011 3359 3398
f 3398 3359 3356 3392
f 2044 2042 3398 3397
f 3397 3398 3392 3393
f 623 626 3399 3400
f 626 621 3401 3399
f 3400 3399 3402 3403
f 3399 3401 3404 3402
f 619 587 3364 3405
f 3405 3364 3367 3406
f 621 619 3405 3401
f 3401 3405 3406 3404
f 2014 2059 3407 3373
f 2059 2054 3408 3407
f 3373 3407 3406 3367
f 3407 3408 3404 3406
f 2051 2050 3409 3410
f 3410 3409 3403 3402
f 2054 2051 3410 3408
f 3408 3410 3402 3404
f 605 629 3411 3381
f 629 627 3412 3411
f 3381 3411 3413 3383
f 3411 3412 3414 3413
f 624 623 3400 3415
f 3415 3400 3403 3416
f 627 624 3415 3412
f 3412 3415 3416 3414
f 2050 2053 3417 3409
f 2053 2057 3418 3417
f 3409 3417 3416 3403
f 3417 3418 3414 3416
f 2064 2030 3386 3419
f 3419 3386 3383 3413
f 2057 2064 3419 3418
f 3418 3419 3413 3414
f 708 3420 3421 3422
f 3420 3423 3424 3421
f 3422 3421 3425 3426
f 3421 3424 3427 3425
f 3428 668 3429 3430
f 3430 3429 3431 3432
f 3423 3428 3430 3424
f 3424 3430 3432 3427
f 2101 2100 3433 3434
f 2100 2095 3435 3433
f 3434 3433 3432 3431
f 3433 3435 3427 3432
f 2092 2091 3436 3437
f 3437 3436 3426 3425
f 2095 2092 3437 3435
f 3435 3437 3425 3427
f 676 679 3438 3439
f 679 683 3440 3438
f 3439 3438 3441 3442
f 3438 3440 3443 3441
f 699 698 3444 3445
f 3445 3444 3446 3447
f 683 699 3445 3440
f 3440 3445 3447 3443
f 2128 2127 3448 3449
f 2127 2125 3450 3448
f 3449 3448 3447 3446
f 3448 3450 3443 3447
f 2123 2088 3451 3452
f 3452 3451 3442 3441
f 2125 2123 3452 3450
f 3450 3452 3441 3443
f 713 716 3453 3454
f 716 711 3455 3453
f 3454 3453 3456 3457
f 3453 3455 3458 3456
f 709 708 3422 3459
f 3459 3422 3426 3460
f 711 709 3459 3455
f 3455 3459 3460 3458
f 2091 2140 3461 3436
f 2140 2135 3462 3461
f 3436 3461 3460 3426
f 3461 3462 3458 3460
f 2132 2131 3463 3464
f 3464 3463 3457 3456
f 2135 2132 3464 3462
f 3462 3464 3456 3458
f 738 737 3465 3466
f 737 735 3467 3465
f 3466 3465 3468 3469
f 3465 3467 3470 3468
f 732 731 3471 3472
f 3472 3471 3473 3474
f 735 732 3472 3467
f 3467 3472 3474 3470
f 2147 2150 3475 3476
f 2150 2154 3477 3475
f 3476 3475 3474 3473
f 3475 3477 3470 3474
f 2165 2164 3478 3479
f 3479 3478 3469 3468
f 2154 2165 3479 3477
f 3477 3479 3468 3470
f 698 722 3480 3444
f 722 725 3481 3480
f 3444 3480 3482 3446
f 3480 3481 3483 3482
f 739 738 3466 3484
f 3484 3466 3469 3485
f 725 739 3484 3481
f 3481 3484 3485 3483
f 2164 2163 3486 3478
f 2163 2161 3487 3486
f 3478 3486 3485 3469
f 3486 3487 3483 3485
f 2159 2128 3449 3488
f 3488 3449 3446 3482
f 2161 2159 3488 3487
f 3487 3488 3482 3483
f 749 752 3489 3490
f 752 747 3491 3489
f 3490 3489 3492 3493
f 3489 3491 3494 3492
f 745 713 3454 3495
f 3495 3454 3457 3496
f 747 745 3495 3491
f 3491 3495 3496 3494
f 2131 2176 3497 3463
f 2176 2171 3498 3497
f 3463 3497 3496 3457
f 3497 3498 3494 3496
f 2168 2167 3499 3500
f 3500 3499 3493 3492
f 2171 2168 3500 3498
f 3498 3500 3492 3494
f 731 755 3501 3471
f 755 753 3502 3501
f 3471 3501 3503 3473
f 3501 3502 3504 3503
f 750 749 3490 3505
f 3505 3490 3493 3506
f 753 750 3505 3502
f 3502 3505 3506 3504
f 2167 2170 3507 3499
f 2170 2174 3508 3507
f 3499 3507 3506 3493
f 3507 3508 3504 3506
f 2181 2147 3476 3509
f 3509 3476 3473 3503
f 2174 2181 3509 3508
f 3508 3509 3503 3504
f 834 3510 3511 3512
f 3510 3513 3514 3511
f 3512 3511 3515 3516
f 3511 3514 3517 3515
f 3518 794 3519 3520
f 3520 3519 3521 3522
f 3513 3518 3520 3514
f 3514 3520 3522 3517
f 2218 2217 3523 3524
f 2217 2212 3525 3523
f 3524 3523 3522 3521
f 3523 3525 3517 3522
f 2209 2208 3526 3527
f 3527 3526 3516 3515
f 2212 2209 3527 3525
f 3525 3527 3515 3517
f 802 805 3528 3529
f 805 809 3530 3528
f 3529 3528 3531 3532
f 3528 3530 3533 3531
f 825 824 3534 3535
f 3535 3534 3536 3537
f 809 825 3535 3530
f 3530 3535 3537 3533
f 2245 2244 3538 3539
f 2244 2242 3540 3538
f 3539 3538 3537 3536
f 3538 3540 3533 3537
f 2240 2205 3541 3542
f 3542 3541 3532 3531
f 2242 2240 3542 3540
f 3540 3542 3531 3533
f 839 842 3543 3544
f 842 837 3545 3543
f 3544 3543 3546 3547
f 3543 3545 3548 3546
f 835 834 3512 3549
f 3549 3512 3516 3550
f 837 835 3549 3545
f 3545 3549 3550 3548
f 2208 2257 3551 3526
f 2257 2252 3552 3551
f 3526 3551 3550 3516
f 3551 3552 3548 3550
f 2249 2248 3553 3554
f 3554 3553 3547 3546
f 2252 2249 3554 3552
f 3552 3554 3546 3548
f 864 863 3555 3556
f 863 861 3557 3555
f 3556 3555 3558 3559
f 3555 3557 3560 3558
f 858 857 3561 3562
f 3562 3561 3563 3564
f 861 858 3562 3557
f 3557 3562 3564 3560
f 2264 2267 3565 3566
f 2267 2271 3567 3565
f 3566 3565 3564 3563
f 3565 3567 3560 3564
f 2282 2281 3568 3569
f 3569 3568 3559 3558
f 2271 2282 3569 3567
f 3567 3569 3558 3560
f 824 848 3570 3534
f 848 851 3571 3570
f 3534 3570 3572 3536
f 3570 3571 3573 3572
f 865 864 3556 3574
f 3574 3556 3559 3575
f 851 865 3574 3571
f 3571 3574 3575 3573
f 2281 2280 3576 3568
f 2280 2278 3577 3576
f 3568 3576 3575 3559
f 3576 3577 3573 3575
f 2276 2245 3539 3578
f 3578 3539 3536 3572
f 2278 2276 3578 3577
f 3577 3578 3572 3573
f 875 878 3579 3580
f 878 873 3581 3579
f 3580 3579 3582 3583
f 3579 3581 3584 3582
f 871 839 3544 3585
f 3585 3544 3547 3586
f 873 871 3585 3581
f 3581 3585 3586 3584
f 2248 2293 3587 3553
f 2293 2288 3588 3587
f 3553 3587 3586 3547
f 3587 3588 3584 3586
f 2285 2284 3589 3590
f 3590 3589 3583 3582
f 2288 2285 3590 3588
f 3588 3590 3582 3584
f 857 881 3591 3561
f 881 879 3592 3591
f 3561 3591 3593 3563
f 3591 3592 3594 3593
f 876 875 3580 3595
f 3595 3580 3583 3596
f 879 876 3595 3592
f 3592 3595 3596 3594
f 2284 2287 3597 3589
f 2287 2291 3598 3597
f 3589 3597 3596 3583
f 3597 3598 3594 3596
f 2298 2264 3566 3599
f 3599 3566 3563 3593
f 2291 2298 3599 3598
f 3598 3599 3593 3594
f 3600 3601 3602 3603
f 3601 3604 3605 3602
f 3603 3602 3606 3607
f 3602 3605 3608 3606
f 3609 920 3610 3611
f 3611 3610 3612 3613
f 3604 3609 3611 3605
f 3605 3611 3613 3608
f 2335 2334 3614 3615
f 2334 2329 3616 3614
f 3615 3614 3613 3612
f 3614 3616 3608 3613
f 2326 2325 3617 3618
f 3618 3617 3607 3606
f 2329 2326 3618 3616
f 3616 3618 3606 3608
f 3619 3620 3621 3622
f 3620 3623 3624 3621
f 3622 3621 3625 3626
f 3621 3624 3627 3625
f 3628 3629 3630 3631
f 3631 3630 3632 3633
f 3623 3628 3631 3624
f 3624 3631 3633 3627
f 3634 3635 3636 3637
f 3635 3638 3639 3636
f 3637 3636 3633 3632
f 3636 3639 3627 3633
f 3640 2322 3641 3642
f 3642 3641 3626 3625
f 3638 3640 3642 3639
f 3639 3642 3625 3627
f 3643 3644 3645 3646
f 3644 3647 3648 3645
f 3646 3645 3649 3650
f 3645 3648 3651 3649
f 3652 3600 3603 3653
f 3653 3603 3607 3654
f 3647 3652 3653 3648
f 3648 3653 3654 3651
f 2325 3655 3656 3617
f 3655 3657 3658 3656
f 3617 3656 3654 3607
f 3656 3658 3651 3654
f 3659 3660 3661 3662
f 3662 3661 3650 3649
f 3657 3659 3662 3658
f 3658 3662 3649 3651
f 3663 3664 3665 3666
f 3664 3667 3668 3665
f 3666 3665 3669 3670
f 3665 3668 3671 3669
f 3672 3673 3674 3675
f 3675 3674 3676 3677
f 3667 3672 3675 3668
f 3668 3675 3677 3671
f 3678 3679 3680 3681
f 3679 3682 3683 3680
f 3681 3680 3677 3676
f 3680 3683 3671 3677
f 3684 3685 3686 3687
f 3687 3686 3670 3669
f 3682 3684 3687 3683
f 3683 3687 3669 3671
f 3629 3688 3689 3630
f 3688 3690 3691 3689
f 3630 3689 3692 3632
f 3689 3691 3693 3692
f 3694 3663 3666 3695
f 3695 3666 3670 3696
f 3690 3694 3695 3691
f 3691 3695 3696 3693
f 3685 3697 3698 3686
f 3697 3699 3700 3698
f 3686 3698 3696 3670
f 3698 3700 3693 3696
f 3701 3634 3637 3702
f 3702 3637 3632 3692
f 3699 3701 3702 3700
f 3700 3702 3692 3693
f 3703 3704 3705 3706
f 3704 3707 3708 3705
f 3706 3705 3709 3710
f 3705 3708 3711 3709
f 3712 3643 3646 3713
f 3713 3646 3650 3714
f 3707 3712 3713 3708
f 3708 3713 3714 3711
f 3660 3715 3716 3661
f 3715 3717 3718 3716
f 3661 3716 3714 3650
f 3716 3718 3711 3714
f 3719 3720 3721 3722
f 3722 3721 3710 3709
f 3717 3719 3722 3718
f 3718 3722 3709 3711
f 3673 3723 3724 3674
f 3723 3725 3726 3724
f 3674 3724 3727 3676
f 3724 3726 3728 3727
f 3729 3703 3706 3730
f 3730 3706 3710 3731
f 3725 3729 3730 3726
f 3726 3730 3731 3728
f 3720 3732 3733 3721
f 3732 3734 3735 3733
f 3721 3733 3731 3710
f 3733 3735 3728 3731
f 3736 3678 3681 3737
f 3737 3681 3676 3727
f 3734 3736 3737 3735
f 3735 3737 3727 3728
f 16 3738 3739 17
f 3738 3740 3741 3739
f 17 3739 3742 20
f 3739 3741 3743 3742
f 3744 56 55 3745
f 3745 55 50 3746
f 3740 3744 3745 3741
f 3741 3745 3746 3743
f 46 3747 3748 47
f 3747 3749 3750 3748
f 47 3748 3746 50
f 3748 3750 3743 3746
f 3751 23 22 3752
f 3752 22 20 3742
f 3749 3751 3752 3750
f 3750 3752 3742 3743
f 38 2978 3753 39
f 2978 2973 3754 3753
f 39 3753 3755 42
f 3753 3754 3756 3755
f 2970 78 77 3757
f 3757 77 73 3758
f 2973 2970 3757 3754
f 3754 3757 3758 3756
f 56 3744 3759 71
f 3744 3740 3760 3759
f 71 3759 3758 73
f 3759 3760 3756 3758
f 3738 16 44 3761
f 3761 44 42 3755
f 3740 3738 3761 3760
f 3760 3761 3755 3756
f 142 3762 3763 143
f 3762 3764 3765 3763
f 143 3763 3766 146
f 3763 3765 3767 3766
f 3768 182 181 3769
f 3769 181 176 3770
f 3764 3768 3769 3765
f 3765 3769 3770 3767
f 172 3771 3772 173
f 3771 3773 3774 3772
f 173 3772 3770 176
f 3772 3774 3767 3770
f 3775 149 148 3776
f 3776 148 146 3766
f 3773 3775 3776 3774
f 3774 3776 3766 3767
f 164 3068 3777 165
f 3068 3063 3778 3777
f 165 3777 3779 168
f 3777 3778 3780 3779
f 3060 204 203 3781
f 3781 203 199 3782
f 3063 3060 3781 3778
f 3778 3781 3782 3780
f 182 3768 3783 197
f 3768 3764 3784 3783
f 197 3783 3782 199
f 3783 3784 3780 3782
f 3762 142 170 3785
f 3785 170 168 3779
f 3764 3762 3785 3784
f 3784 3785 3779 3780
f 268 3786 3787 269
f 3786 3788 3789 3787
f 269 3787 3790 272
f 3787 3789 3791 3790
f 3792 308 307 3793
f 3793 307 302 3794
f 3788 3792 3793 3789
f 3789 3793 3794 3791
f 298 3795 3796 299
f 3795 3797 3798 3796
f 299 3796 3794 302
f 3796 3798 3791 3794
f 3799 275 274 3800
f 3800 274 272 3790
f 3797 3799 3800 3798
f 3798 3800 3790 3791
f 290 3158 3801 291
f 3158 3153 3802 3801
f 291 3801 3803 294
f 3801 3802 3804 3803
f 3150 330 329 3805
f 3805 329 325 3806
f 3153 3150 3805 3802
f 3802 3805 3806 3804
f 308 3792 3807 323
f 3792 3788 3808 3807
f 323 3807 3806 325
f 3807 3808 3804 3806
f 3786 268 296 3809
f 3809 296 294 3803
f 3788 3786 3809 3808
f 3808 3809 3803 3804
f 394 3810 3811 395
f 3810 3812 3813 3811
f 395 3811 3814 398
f 3811 3813 3815 3814
f 3816 434 433 3817
f 3817 433 428 3818
f 3812 3816 3817 3813
f 3813 3817 3818 3815
f 424 3819 3820 425
f 3819 3821 3822 3820
f 425 3820 3818 428
f 3820 3822 3815 3818
f 3823 401 400 3824
f 3824 400 398 3814
f 3821 3823 3824 3822
f 3822 3824 3814 3815
f 416 3248 3825 417
f 3248 3243 3826 3825
f 417 3825 3827 420
f 3825 3826 3828 3827
f 3240 456 455 3829
f 3829 455 451 3830
f 3243 3240 3829 3826
f 3826 3829 3830 3828
f 434 3816 3831 449
f 3816 3812 3832 3831
f 449 3831 3830 451
f 3831 3832 3828 3830
f 3810 394 422 3833
f 3833 422 420 3827
f 3812 3810 3833 3832
f 3832 3833 3827 3828
f 520 3834 3835 521
f 3834 3836 3837 3835
f 521 3835 3838 524
f 3835 3837 3839 3838
f 3840 560 559 3841
f 3841 559 554 3842
f 3836 3840 3841 3837
f 3837 3841 3842 3839
f 550 3843 3844 551
f 3843 3845 3846 3844
f 551 3844 3842 554
f 3844 3846 3839 3842
f 3847 527 526 3848
f 3848 526 524 3838
f 3845 3847 3848 3846
f 3846 3848 3838 3839
f 542 3338 3849 543
f 3338 3333 3850 3849
f 543 3849 3851 546
f 3849 3850 3852 3851
f 3330 582 581 3853
f 3853 581 577 3854
f 3333 3330 3853 3850
f 3850 3853 3854 3852
f 560 3840 3855 575
f 3840 3836 3856 3855
f 575 3855 3854 577
f 3855 3856 3852 3854
f 3834 520 548 3857
f 3857 548 546 3851
f 3836 3834 3857 3856
f 3856 3857 3851 3852
f 646 3858 3859 647
f 3858 3860 3861 3859
f 647 3859 3862 650
f 3859 3861 3863 3862
f 3864 686 685 3865
f 3865 685 680 3866
f 3860 3864 3865 3861
f 3861 3865 3866 3863
f 676 3867 3868 677
f 3867 3869 3870 3868
f 677 3868 3866 680
f 3868 3870 3863 3866
f 3871 653 652 3872
f 3872 652 650 3862
f 3869 3871 3872 3870
f 3870 3872 3862 3863
f 668 3428 3873 669
f 3428 3423 3874 3873
f 669 3873 3875 672
f 3873 3874 3876 3875
f 3420 708 707 3877
f 3877 707 703 3878
f 3423 3420 3877 3874
f 3874 3877 3878 3876
f 686 3864 3879 701
f 3864 3860 3880 3879
f 701 3879 3878 703
f 3879 3880 3876 3878
f 3858 646 674 3881
f 3881 674 672 3875
f 3860 3858 3881 3880
f 3880 3881 3875 3876
f 772 3882 3883 773
f 3882 3884 3885 3883
f 773 3883 3886 776
f 3883 3885 3887 3886
f 3888 812 811 3889
f 3889 811 806 3890
f 3884 3888 3889 3885
f 3885 3889 3890 3887
f 802 3891 3892 803
f 3891 3893 3894 3892
f 803 3892 3890 806
f 3892 3894 3887 3890
f 3895 779 778 3896
f 3896 778 776 3886
f 3893 3895 3896 3894
f 3894 3896 3886 3887
f 794 3518 3897 795
f 3518 3513 3898 3897
f 795 3897 3899 798
f 3897 3898 3900 3899
f 3510 834 833 3901
f 3901 833 829 3902
f 3513 3510 3901 3898
f 3898 3901 3902 3900
f 812 3888 3903 827
f 3888 3884 3904 3903
f 827 3903 3902 829
f 3903 3904 3900 3902
f 3882 772 800 3905
f 3905 800 798 3899
f 3884 3882 3905 3904
f 3904 3905 3899 3900
f 898 3906 3907 899
f 3906 3908 3909 3907
f 899 3907 3910 902
f 3907 3909 3911 3910
f 3912 3913 3914 3915
f 3915 3914 3916 3917
f 3908 3912 3915 3909
f 3909 3915 3917 3911
f 3619 3918 3919 3920
f 3918 3921 3922 3919
f 3920 3919 3917 3916
f 3919 3922 3911 3917
f 3923 905 904 3924
f 3924 904 902 3910
f 3921 3923 3924 3922
f 3922 3924 3910 3911
f 920 3609 3925 921
f 3609 3604 3926 3925
f 921 3925 3927 924
f 3925 3926 3928 3927
f 3601 3600 3929 3930
f 3930 3929 3931 3932
f 3604 3601 3930 3926
f 3926 3930 3932 3928
f 3913 3912 3933 3934
f 3912 3908 3935 3933
f 3934 3933 3932 3931
f 3933 3935 3928 3932
f 3906 898 926 3936
f 3936 926 924 3927
f 3908 3906 3936 3935
f 3935 3936 3927 3928
f 1491 3937 3938 1492
f 3937 3939 3940 3938
f 1492 3938 3941 1494
f 3938 3940 3942 3941
f 3943 2360 2363 3944
f 3944 2363 2358 3945
f 3939 3943 3944 3940
f 3940 3944 3945 3942
f 2355 3946 3947 2356
f 3946 3948 3949 3947
f 2356 3947 3945 2358
f 3947 3949 3942 3945
f 3950 1496 1499 3951
f 3951 1499 1494 3941
f 3948 3950 3951 3949
f 3949 3951 3941 3942
f 1516 3952 3953 1517
f 3952 3954 3955 3953
f 1517 3953 3956 1519
f 3953 3955 3957 3956
f 3958 2380 2383 3959
f 3959 2383 2378 3960
f 3954 3958 3959 3955
f 3955 3959 3960 3957
f 2360 3943 3961 2376
f 3943 3939 3962 3961
f 2376 3961 3960 2378
f 3961 3962 3957 3960
f 3937 1491 1522 3963
f 3963 1522 1519 3956
f 3939 3937 3963 3962
f 3962 3963 3956 3957
f 1608 3964 3965 1609
f 3964 3966 3967 3965
f 1609 3965 3968 1611
f 3965 3967 3969 3968
f 3970 2405 2408 3971
f 3971 2408 2403 3972
f 3966 3970 3971 3967
f 3967 3971 3972 3969
f 2400 3973 3974 2401
f 3973 3975 3976 3974
f 2401 3974 3972 2403
f 3974 3976 3969 3972
f 3977 1613 1616 3978
f 3978 1616 1611 3968
f 3975 3977 3978 3976
f 3976 3978 3968 3969
f 1633 3979 3980 1634
f 3979 3981 3982 3980
f 1634 3980 3983 1636
f 3980 3982 3984 3983
f 3985 2425 2428 3986
f 3986 2428 2423 3987
f 3981 3985 3986 3982
f 3982 3986 3987 3984
f 2405 3970 3988 2421
f 3970 3966 3989 3988
f 2421 3988 3987 2423
f 3988 3989 3984 3987
f 3964 1608 1639 3990
f 3990 1639 1636 3983
f 3966 3964 3990 3989
f 3989 3990 3983 3984
f 1725 3991 3992 1726
f 3991 3993 3994 3992
f 1726 3992 3995 1728
f 3992 3994 3996 3995
f 3997 2450 2453 3998
f 3998 2453 2448 3999
f 3993 3997 3998 3994
f 3994 3998 3999 3996
f 2445 4000 4001 2446
f 4000 4002 4003 4001
f 2446 4001 3999 2448
f 4001 4003 3996 3999
f 4004 1730 1733 4005
f 4005 1733 1728 3995
f 4002 4004 4005 4003
f 4003 4005 3995 3996
f 1750 4006 4007 1751
f 4006 4008 4009 4007
f 1751 4007 4010 1753
f 4007 4009 4011 4010
f 4012 2470 2473 4013
f 4013 2473 2468 4014
f 4008 4012 4013 4009
f 4009 4013 4014 4011
f 2450 3997 4015 2466
f 3997 3993 4016 4015
f 2466 4015 4014 2468
f 4015 4016 4011 4014
f 3991 1725 1756 4017
f 4017 1756 1753 4010
f 3993 3991 4017 4016
f 4016 4017 4010 4011
f 1842 4018 4019 1843
f 4018 4020 4021 4019
f 1843 4019 4022 1845
f 4019 4021 4023 4022
f 4024 2495 2498 4025
f 4025 2498 2493 4026
f 4020 4024 4025 4021
f 4021 4025 4026 4023
f 2490 4027 4028 2491
f 4027 4029 4030 4028
f 2491 4028 4026 2493
f 4028 4030 4023 4026
f 4031 1847 1850 4032
f 4032 1850 1845 4022
f 4029 4031 4032 4030
f 4030 4032 4022 4023
f 1867 4033 4034 1868
f 4033 4035 4036 4034
f 1868 4034 4037 1870
f 4034 4036 4038 4037
f 4039 2515 2518 4040
f 4040 2518 2513 4041
f 4035 4039 4040 4036
f 4036 4040 4041 4038
f 2495 4024 4042 2511
f 4024 4020 4043 4042
f 2511 4042 4041 2513
f 4042 4043 4038 4041
f 4018 1842 1873 4044
f 4044 1873 1870 4037
f 4020 4018 4044 4043
f 4043 4044 4037 4038
f 1959 4045 4046 1960
f 4045 4047 4048 4046
f 1960 4046 4049 1962
f 4046 4048 4050 4049
f 4051 2540 2543 4052
f 4052 2543 2538 4053
f 4047 4051 4052 4048
f 4048 4052 4053 4050
f 2535 4054 4055 2536
f 4054 4056 4057 4055
f 2536 4055 4053 2538
f 4055 4057 4050 4053
f 4058 1964 1967 4059
f 4059 1967 1962 4049
f 4056 4058 4059 4057
f 4057 4059 4049 4050
f 1984 4060 4061 1985
f 4060 4062 4063 4061
f 1985 4061 4064 1987
f 4061 4063 4065 4064
f 4066 2560 2563 4067
f 4067 2563 2558 4068
f 4062 4066 4067 4063
f 4063 4067 4068 4065
f 2540 4051 4069 2556
f 4051 4047 4070 4069
f 2556 4069 4068 2558
f 4069 4070 4065 4068
f 4045 1959 1990 4071
f 4071 1990 1987 4064
f 4047 4045 4071 4070
f 4070 4071 4064 4065
f 2076 4072 4073 2077
f 4072 4074 4075 4073
f 2077 4073 4076 2079
f 4073 4075 4077 4076
f 4078 2585 2588 4079
f 4079 2588 2583 4080
f 4074 4078 4079 4075
f 4075 4079 4080 4077
f 2580 4081 4082 2581
f 4081 4083 4084 4082
f 2581 4082 4080 2583
f 4082 4084 4077 4080
f 4085 2081 2084 4086
f 4086 2084 2079 4076
f 4083 4085 4086 4084
f 4084 4086 4076 4077
f 2101 4087 4088 2102
f 4087 4089 4090 4088
f 2102 4088 4091 2104
f 4088 4090 4092 4091
f 4093 2605 2608 4094
f 4094 2608 2603 4095
f 4089 4093 4094 4090
f 4090 4094 4095 4092
f 2585 4078 4096 2601
f 4078 4074 4097 4096
f 2601 4096 4095 2603
f 4096 4097 4092 4095
f 4072 2076 2107 4098
f 4098 2107 2104 4091
f 4074 4072 4098 4097
f 4097 4098 4091 4092
f 2193 4099 4100 2194
f 4099 4101 4102 4100
f 2194 4100 4103 2196
f 4100 4102 4104 4103
f 4105 2630 2633 4106
f 4106 2633 2628 4107
f 4101 4105 4106 4102
f 4102 4106 4107 4104
f 2625 4108 4109 2626
f 4108 4110 4111 4109
f 2626 4109 4107 2628
f 4109 4111 4104 4107
f 4112 2198 2201 4113
f 4113 2201 2196 4103
f 4110 4112 4113 4111
f 4111 4113 4103 4104
f 2218 4114 4115 2219
f 4114 4116 4117 4115
f 2219 4115 4118 2221
f 4115 4117 4119 4118
f 4120 2650 2653 4121
f 4121 2653 2648 4122
f 4116 4120 4121 4117
f 4117 4121 4122 4119
f 2630 4105 4123 2646
f 4105 4101 4124 4123
f 2646 4123 4122 2648
f 4123 4124 4119 4122
f 4099 2193 2224 4125
f 4125 2224 2221 4118
f 4101 4099 4125 4124
f 4124 4125 4118 4119
f 2310 4126 4127 2311
f 4126 4128 4129 4127
f 2311 4127 4130 2313
f 4127 4129 4131 4130
f 4132 2675 2678 4133
f 4133 2678 2673 4134
f 4128 4132 4133 4129
f 4129 4133 4134 4131
f 2670 4135 4136 2671
f 4135 4137 4138 4136
f 2671 4136 4134 2673
f 4136 4138 4131 4134
f 4139 2315 2318 4140
f 4140 2318 2313 4130
f 4137 4139 4140 4138
f 4138 4140 4130 4131
f 2335 4141 4142 2336
f 4141 4143 4144 4142
f 2336 4142 4145 2338
f 4142 4144 4146 4145
f 4147 2695 2698 4148
f 4148 2698 2693 4149
f 4143 4147 4148 4144
f 4144 4148 4149 4146
f 2675 4132 4150 2691
f 4132 4128 4151 4150
f 2691 4150 4149 2693
f 4150 4151 4146 4149
f 4126 2310 2341 4152
f 4152 2341 2338 4145
f 4128 4126 4152 4151
f 4151 4152 4145 4146
f 23 3751 4153 4154
f 3751 3749 4155 4153
f 4154 4153 4156 4157
f 4153 4155 4158 4156
f 3747 46 2989 4159
f 4159 2989 2992 4160
f 3749 3747 4159 4155
f 4155 4159 4160 4158
f 1503 1502 4161 3001
f 1502 1500 4162 4161
f 3001 4161 4160 2992
f 4161 4162 4158 4160
f 1497 1496 4163 4164
f 4164 4163 4157 4156
f 1500 1497 4164 4162
f 4162 4164 4156 4158
f 149 3775 4165 4166
f 3775 3773 4167 4165
f 4166 4165 4168 4169
f 4165 4167 4170 4168
f 3771 172 3079 4171
f 4171 3079 3082 4172
f 3773 3771 4171 4167
f 4167 4171 4172 4170
f 1620 1619 4173 3091
f 1619 1617 4174 4173
f 3091 4173 4172 3082
f 4173 4174 4170 4172
f 1614 1613 4175 4176
f 4176 4175 4169 4168
f 1617 1614 4176 4174
f 4174 4176 4168 4170
f 275 3799 4177 4178
f 3799 3797 4179 4177
f 4178 4177 4180 4181
f 4177 4179 4182 4180
f 3795 298 3169 4183
f 4183 3169 3172 4184
f 3797 3795 4183 4179
f 4179 4183 4184 4182
f 1737 1736 4185 3181
f 1736 1734 4186 4185
f 3181 4185 4184 3172
f 4185 4186 4182 4184
f 1731 1730 4187 4188
f 4188 4187 4181 4180
f 1734 1731 4188 4186
f 4186 4188 4180 4182
f 401 3823 4189 4190
f 3823 3821 4191 4189
f 4190 4189 4192 4193
f 4189 4191 4194 4192
f 3819 424 3259 4195
f 4195 3259 3262 4196
f 3821 3819 4195 4191
f 4191 4195 4196 4194
f 1854 1853 4197 3271
f 1853 1851 4198 4197
f 3271 4197 4196 3262
f 4197 4198 4194 4196
f 1848 1847 4199 4200
f 4200 4199 4193 4192
f 1851 1848 4200 4198
f 4198 4200 4192 4194
f 527 3847 4201 4202
f 3847 3845 4203 4201
f 4202 4201 4204 4205
f 4201 4203 4206 4204
f 3843 550 3349 4207
f 4207 3349 3352 4208
f 3845 3843 4207 4203
f 4203 4207 4208 4206
f 1971 1970 4209 3361
f 1970 1968 4210 4209
f 3361 4209 4208 3352
f 4209 4210 4206 4208
f 1965 1964 4211 4212
f 4212 4211 4205 4204
f 1968 1965 4212 4210
f 4210 4212 4204 4206
f 653 3871 4213 4214
f 3871 3869 4215 4213
f 4214 4213 4216 4217
f 4213 4215 4218 4216
f 3867 676 3439 4219
f 4219 3439 3442 4220
f 3869 3867 4219 4215
f 4215 4219 4220 4218
f 2088 2087 4221 3451
f 2087 2085 4222 4221
f 3451 4221 4220 3442
f 4221 4222 4218 4220
f 2082 2081 4223 4224
f 4224 4223 4217 4216
f 2085 2082 4224 4222
f 4222 4224 4216 4218
f 779 3895 4225 4226
f 3895 3893 4227 4225
f 4226 4225 4228 4229
f 4225 4227 4230 4228
f 3891 802 3529 4231
f 4231 3529 3532 4232
f 3893 3891 4231 4227
f 4227 4231 4232 4230
f 2205 2204 4233 3541
f 2204 2202 4234 4233
f 3541 4233 4232 3532
f 4233 4234 4230 4232
f 2199 2198 4235 4236
f 4236 4235 4229 4228
f 2202 2199 4236 4234
f 4234 4236 4228 4230
f 905 3923 4237 4238
f 3923 3921 4239 4237
f 4238 4237 4240 4241
f 4237 4239 4242 4240
f 3918 3619 3622 4243
f 4243 3622 3626 4244
f 3921 3918 4243 4239
f 4239 4243 4244 4242
f 2322 2321 4245 3641
f 2321 2319 4246 4245
f 3641 4245 4244 3626
f 4245 4246 4242 4244
f 2316 2315 4247 4248
f 4248 4247 4241 4240
f 2319 2316 4248 4246
f 4246 4248 4240 4242
f 915 1244 4249 916
f 1244 1242 4250 4249
f 916 4249 4251 918
f 4249 4250 4252 4251
f 1240 757 760 4253
f 4253 760 764 4254
f 1242 1240 4253 4250
f 4250 4253 4254 4252
f 779 4255 4256 780
f 4255 4257 4258 4256
f 780 4256 4254 764
f 4256 4258 4252 4254
f 4259 920 923 4260
f 4260 923 918 4251
f 4257 4259 4260 4258
f 4258 4260 4251 4252
f 789 1259 4261 790
f 1259 1257 4262 4261
f 790 4261 4263 792
f 4261 4262 4264 4263
f 1255 631 634 4265
f 4265 634 638 4266
f 1257 1255 4265 4262
f 4262 4265 4266 4264
f 653 4267 4268 654
f 4267 4269 4270 4268
f 654 4268 4266 638
f 4268 4270 4264 4266
f 4271 794 797 4272
f 4272 797 792 4263
f 4269 4271 4272 4270
f 4270 4272 4263 4264
f 663 1274 4273 664
f 1274 1272 4274 4273
f 664 4273 4275 666
f 4273 4274 4276 4275
f 1270 505 508 4277
f 4277 508 512 4278
f 1272 1270 4277 4274
f 4274 4277 4278 4276
f 527 4279 4280 528
f 4279 4281 4282 4280
f 528 4280 4278 512
f 4280 4282 4276 4278
f 4283 668 671 4284
f 4284 671 666 4275
f 4281 4283 4284 4282
f 4282 4284 4275 4276
f 537 1334 4285 538
f 1334 1332 4286 4285
f 538 4285 4287 540
f 4285 4286 4288 4287
f 1330 379 382 4289
f 4289 382 386 4290
f 1332 1330 4289 4286
f 4286 4289 4290 4288
f 401 4291 4292 402
f 4291 4293 4294 4292
f 402 4292 4290 386
f 4292 4294 4288 4290
f 4295 542 545 4296
f 4296 545 540 4287
f 4293 4295 4296 4294
f 4294 4296 4287 4288
f 411 1319 4297 412
f 1319 1317 4298 4297
f 412 4297 4299 414
f 4297 4298 4300 4299
f 1315 253 256 4301
f 4301 256 260 4302
f 1317 1315 4301 4298
f 4298 4301 4302 4300
f 275 4303 4304 276
f 4303 4305 4306 4304
f 276 4304 4302 260
f 4304 4306 4300 4302
f 4307 416 419 4308
f 4308 419 414 4299
f 4305 4307 4308 4306
f 4306 4308 4299 4300
f 285 1304 4309 286
f 1304 1302 4310 4309
f 286 4309 4311 288
f 4309 4310 4312 4311
f 1300 127 130 4313
f 4313 130 134 4314
f 1302 1300 4313 4310
f 4310 4313 4314 4312
f 149 4315 4316 150
f 4315 4317 4318 4316
f 150 4316 4314 134
f 4316 4318 4312 4314
f 4319 290 293 4320
f 4320 293 288 4311
f 4317 4319 4320 4318
f 4318 4320 4311 4312
f 159 1289 4321 160
f 1289 1287 4322 4321
f 160 4321 4323 162
f 4321 4322 4324 4323
f 1285 1 4 4325
f 4325 4 8 4326
f 1287 1285 4325 4322
f 4322 4325 4326 4324
f 23 4327 4328 24
f 4327 4329 4330 4328
f 24 4328 4326 8
f 4328 4330 4324 4326
f 4331 164 167 4332
f 4332 167 162 4323
f 4329 4331 4332 4330
f 4330 4332 4323 4324
f 33 1222 4333 34
f 1222 1218 4334 4333
f 34 4333 4335 36
f 4333 4334 4336 4335
f 1216 883 886 4337
f 4337 886 890 4338
f 1218 1216 4337 4334
f 4334 4337 4338 4336
f 905 4339 4340 906
f 4339 4341 4342 4340
f 906 4340 4338 890
f 4340 4342 4336 4338
f 4343 38 41 4344
f 4344 41 36 4335
f 4341 4343 4344 4342
f 4342 4344 4335 4336
f 905 4238 4345 4339
f 4238 4241 4346 4345
f 4339 4345 4347 4341
f 4345 4346 4348 4347
f 4247 2315 4349 4350
f 4350 4349 4351 4352
f 4241 4247 4350 4346
f 4346 4350 4352 4348
f 1516 2984 4353 4354
f 2984 2981 4355 4353
f 4354 4353 4352 4351
f 4353 4355 4348 4352
f 2979 38 4343 4356
f 4356 4343 4341 4347
f 2981 2979 4356 4355
f 4355 4356 4347 4348
f 2315 4139 4357 4349
f 4139 4137 4358 4357
f 4349 4357 4359 4351
f 4357 4358 4360 4359
f 4135 2670 2716 4361
f 4361 2716 2713 4362
f 4137 4135 4361 4358
f 4358 4361 4362 4360
f 2380 3958 4363 2711
f 3958 3954 4364 4363
f 2711 4363 4362 2713
f 4363 4364 4360 4362
f 3952 1516 4354 4365
f 4365 4354 4351 4359
f 3954 3952 4365 4364
f 4364 4365 4359 4360
f 2198 4112 4366 4367
f 4112 4110 4368 4366
f 4367 4366 4369 4370
f 4366 4368 4371 4369
f 4108 2625 2721 4372
f 4372 2721 2724 4373
f 4110 4108 4372 4368
f 4368 4372 4373 4371
f 2695 4147 4374 2733
f 4147 4143 4375 4374
f 2733 4374 4373 2724
f 4374 4375 4371 4373
f 4141 2335 4376 4377
f 4377 4376 4370 4369
f 4143 4141 4377 4375
f 4375 4377 4369 4371
f 779 4226 4378 4255
f 4226 4229 4379 4378
f 4255 4378 4380 4257
f 4378 4379 4381 4380
f 4235 2198 4367 4382
f 4382 4367 4370 4383
f 4229 4235 4382 4379
f 4379 4382 4383 4381
f 2335 3615 4384 4376
f 3615 3612 4385 4384
f 4376 4384 4383 4370
f 4384 4385 4381 4383
f 3610 920 4259 4386
f 4386 4259 4257 4380
f 3612 3610 4386 4385
f 4385 4386 4380 4381
f 653 4214 4387 4267
f 4214 4217 4388 4387
f 4267 4387 4389 4269
f 4387 4388 4390 4389
f 4223 2081 4391 4392
f 4392 4391 4393 4394
f 4217 4223 4392 4388
f 4388 4392 4394 4390
f 2218 3524 4395 4396
f 3524 3521 4397 4395
f 4396 4395 4394 4393
f 4395 4397 4390 4394
f 3519 794 4271 4398
f 4398 4271 4269 4389
f 3521 3519 4398 4397
f 4397 4398 4389 4390
f 2081 4085 4399 4391
f 4085 4083 4400 4399
f 4391 4399 4401 4393
f 4399 4400 4402 4401
f 4081 2580 2736 4403
f 4403 2736 2739 4404
f 4083 4081 4403 4400
f 4400 4403 4404 4402
f 2650 4120 4405 2748
f 4120 4116 4406 4405
f 2748 4405 4404 2739
f 4405 4406 4402 4404
f 4114 2218 4396 4407
f 4407 4396 4393 4401
f 4116 4114 4407 4406
f 4406 4407 4401 4402
f 1964 4058 4408 4409
f 4058 4056 4410 4408
f 4409 4408 4411 4412
f 4408 4410 4413 4411
f 4054 2535 2751 4414
f 4414 2751 2754 4415
f 4056 4054 4414 4410
f 4410 4414 4415 4413
f 2605 4093 4416 2763
f 4093 4089 4417 4416
f 2763 4416 4415 2754
f 4416 4417 4413 4415
f 4087 2101 4418 4419
f 4419 4418 4412 4411
f 4089 4087 4419 4417
f 4417 4419 4411 4413
f 527 4202 4420 4279
f 4202 4205 4421 4420
f 4279 4420 4422 4281
f 4420 4421 4423 4422
f 4211 1964 4409 4424
f 4424 4409 4412 4425
f 4205 4211 4424 4421
f 4421 4424 4425 4423
f 2101 3434 4426 4418
f 3434 3431 4427 4426
f 4418 4426 4425 4412
f 4426 4427 4423 4425
f 3429 668 4283 4428
f 4428 4283 4281 4422
f 3431 3429 4428 4427
f 4427 4428 4422 4423
f 401 4190 4429 4291
f 4190 4193 4430 4429
f 4291 4429 4431 4293
f 4429 4430 4432 4431
f 4199 1847 4433 4434
f 4434 4433 4435 4436
f 4193 4199 4434 4430
f 4430 4434 4436 4432
f 1984 3344 4437 4438
f 3344 3341 4439 4437
f 4438 4437 4436 4435
f 4437 4439 4432 4436
f 3339 542 4295 4440
f 4440 4295 4293 4431
f 3341 3339 4440 4439
f 4439 4440 4431 4432
f 1847 4031 4441 4433
f 4031 4029 4442 4441
f 4433 4441 4443 4435
f 4441 4442 4444 4443
f 4027 2490 2811 4445
f 4445 2811 2814 4446
f 4029 4027 4445 4442
f 4442 4445 4446 4444
f 2560 4066 4447 2823
f 4066 4062 4448 4447
f 2823 4447 4446 2814
f 4447 4448 4444 4446
f 4060 1984 4438 4449
f 4449 4438 4435 4443
f 4062 4060 4449 4448
f 4448 4449 4443 4444
f 1730 4004 4450 4451
f 4004 4002 4452 4450
f 4451 4450 4453 4454
f 4450 4452 4455 4453
f 4000 2445 2796 4456
f 4456 2796 2799 4457
f 4002 4000 4456 4452
f 4452 4456 4457 4455
f 2515 4039 4458 2808
f 4039 4035 4459 4458
f 2808 4458 4457 2799
f 4458 4459 4455 4457
f 4033 1867 4460 4461
f 4461 4460 4454 4453
f 4035 4033 4461 4459
f 4459 4461 4453 4455
f 275 4178 4462 4303
f 4178 4181 4463 4462
f 4303 4462 4464 4305
f 4462 4463 4465 4464
f 4187 1730 4451 4466
f 4466 4451 4454 4467
f 4181 4187 4466 4463
f 4463 4466 4467 4465
f 1867 3254 4468 4460
f 3254 3251 4469 4468
f 4460 4468 4467 4454
f 4468 4469 4465 4467
f 3249 416 4307 4470
f 4470 4307 4305 4464
f 3251 3249 4470 4469
f 4469 4470 4464 4465
f 149 4166 4471 4315
f 4166 4169 4472 4471
f 4315 4471 4473 4317
f 4471 4472 4474 4473
f 4175 1613 4475 4476
f 4476 4475 4477 4478
f 4169 4175 4476 4472
f 4472 4476 4478 4474
f 1750 3164 4479 4480
f 3164 3161 4481 4479
f 4480 4479 4478 4477
f 4479 4481 4474 4478
f 3159 290 4319 4482
f 4482 4319 4317 4473
f 3161 3159 4482 4481
f 4481 4482 4473 4474
f 1613 3977 4483 4475
f 3977 3975 4484 4483
f 4475 4483 4485 4477
f 4483 4484 4486 4485
f 3973 2400 2781 4487
f 4487 2781 2784 4488
f 3975 3973 4487 4484
f 4484 4487 4488 4486
f 2470 4012 4489 2793
f 4012 4008 4490 4489
f 2793 4489 4488 2784
f 4489 4490 4486 4488
f 4006 1750 4480 4491
f 4491 4480 4477 4485
f 4008 4006 4491 4490
f 4490 4491 4485 4486
f 1496 3950 4492 4493
f 3950 3948 4494 4492
f 4493 4492 4495 4496
f 4492 4494 4497 4495
f 3946 2355 2766 4498
f 4498 2766 2769 4499
f 3948 3946 4498 4494
f 4494 4498 4499 4497
f 2425 3985 4500 2778
f 3985 3981 4501 4500
f 2778 4500 4499 2769
f 4500 4501 4497 4499
f 3979 1633 4502 4503
f 4503 4502 4496 4495
f 3981 3979 4503 4501
f 4501 4503 4495 4497
f 23 4154 4504 4327
f 4154 4157 4505 4504
f 4327 4504 4506 4329
f 4504 4505 4507 4506
f 4163 1496 4493 4508
f 4508 4493 4496 4509
f 4157 4163 4508 4505
f 4505 4508 4509 4507
f 1633 3074 4510 4502
f 3074 3071 4511 4510
f 4502 4510 4509 4496
f 4510 4511 4507 4509
f 3069 164 4331 4512
f 4512 4331 4329 4506
f 3071 3069 4512 4511
f 4511 4512 4506 4507
f 4513 4514 4515 4516
f 4514 4517 4518 4515
f 4516 4515 4519 4520
f 4515 4518 4521 4519
f 4522 4523 4524 4525
f 4525 4524 4526 4527
f 4517 4522 4525 4518
f 4518 4525 4527 4521
f 4528 4529 4530 4531
f 4529 4532 4533 4530
f 4531 4530 4527 4526
f 4530 4533 4521 4527
f 4534 4535 4536 4537
f 4537 4536 4520 4519
f 4532 4534 4537 4533
f 4533 4537 4519 4521
f 4523 4538 4539 4524
f 4538 4540 4541 4539
f 4524 4539 4542 4526
f 4539 4541 4543 4542
f 4544 4545 4546 4547
f 4547 4546 4548 4549
f 4540 4544 4547 4541
f 4541 4547 4549 4543
f 4550 4551 4552 4553
f 4551 4554 4555 4552
f 4553 4552 4549 4548
f 4552 4555 4543 4549
f 4556 4528 4531 4557
f 4557 4531 4526 4542
f 4554 4556 4557 4555
f 4555 4557 4542 4543
f 4535 4534 4558 4559
f 4534 4532 4560 4558
f 4559 4558 4561 4562
f 4558 4560 4563 4561
f 4529 4528 4564 4565
f 4565 4564 4566 4567
f 4532 4529 4565 4560
f 4560 4565 4567 4563
f 4568 4569 4570 4571
f 4569 4572 4573 4570
f 4571 4570 4567 4566
f 4570 4573 4563 4567
f 4574 4575 4576 4577
f 4577 4576 4562 4561
f 4572 4574 4577 4573
f 4573 4577 4561 4563
f 4528 4556 4578 4564
f 4556 4554 4579 4578
f 4564 4578 4580 4566
f 4578 4579 4581 4580
f 4551 4550 4582 4583
f 4583 4582 4584 4585
f 4554 4551 4583 4579
f 4579 4583 4585 4581
f 4586 4587 4588 4589
f 4587 4590 4591 4588
f 4589 4588 4585 4584
f 4588 4591 4581 4585
f 4592 4568 4571 4593
f 4593 4571 4566 4580
f 4590 4592 4593 4591
f 4591 4593 4580 4581
f 4594 4595 4596 4597
f 4595 4598 4599 4596
f 4597 4596 4600 4601
f 4596 4599 4602 4600
f 4603 4604 4605 4606
f 4606 4605 4607 4608
f 4598 4603 4606 4599
f 4599 4606 4608 4602
f 4609 4610 4611 4612
f 4610 4613 4614 4611
f 4612 4611 4608 4607
f 4611 4614 4602 4608
f 4615 4616 4617 4618
f 4618 4617 4601 4600
f 4613 4615 4618 4614
f 4614 4618 4600 4602
f 4619 4620 4621 4622
f 4620 4623 4624 4621
f 4622 4621 4625 4626
f 4621 4624 4627 4625
f 4628 4629 4630 4631
f 4631 4630 4632 4633
f 4623 4628 4631 4624
f 4624 4631 4633 4627
f 4604 4603 4634 4635
f 4603 4598 4636 4634
f 4635 4634 4633 4632
f 4634 4636 4627 4633
f 4595 4594 4637 4638
f 4638 4637 4626 4625
f 4598 4595 4638 4636
f 4636 4638 4625 4627
f 4639 4640 4641 4642
f 4640 4643 4644 4641
f 4642 4641 4645 4646
f 4641 4644 4647 4645
f 4648 4594 4597 4649
f 4649 4597 4601 4650
f 4643 4648 4649 4644
f 4644 4649 4650 4647
f 4616 4651 4652 4617
f 4651 4653 4654 4652
f 4617 4652 4650 4601
f 4652 4654 4647 4650
f 4655 4656 4657 4658
f 4658 4657 4646 4645
f 4653 4655 4658 4654
f 4654 4658 4645 4647
f 4659 4660 4661 4662
f 4660 4663 4664 4661
f 4662 4661 4665 4666
f 4661 4664 4667 4665
f 4668 4619 4622 4669
f 4669 4622 4626 4670
f 4663 4668 4669 4664
f 4664 4669 4670 4667
f 4594 4648 4671 4637
f 4648 4643 4672 4671
f 4637 4671 4670 4626
f 4671 4672 4667 4670
f 4640 4639 4673 4674
f 4674 4673 4666 4665
f 4643 4640 4674 4672
f 4672 4674 4665 4667
f 4675 4676 4677 4678
f 4676 4679 4680 4677
f 4678 4677 4681 4682
f 4677 4680 4683 4681
f 4684 4639 4642 4685
f 4685 4642 4646 4686
f 4679 4684 4685 4680
f 4680 4685 4686 4683
f 4656 4687 4688 4657
f 4687 4689 4690 4688
f 4657 4688 4686 4646
f 4688 4690 4683 4686
f 4691 4692 4693 4694
f 4694 4693 4682 4681
f 4689 4691 4694 4690
f 4690 4694 4681 4683
f 4695 4696 4697 4698
f 4696 4699 4700 4697
f 4698 4697 4701 4702
f 4697 4700 4703 4701
f 4704 4659 4662 4705
f 4705 4662 4666 4706
f 4699 4704 4705 4700
f 4700 4705 4706 4703
f 4639 4684 4707 4673
f 4684 4679 4708 4707
f 4673 4707 4706 4666
f 4707 4708 4703 4706
f 4676 4675 4709 4710
f 4710 4709 4702 4701
f 4679 4676 4710 4708
f 4708 4710 4701 4703
f 4513 4516 4711 4712
f 4516 4520 4713 4711
f 4712 4711 4714 4715
f 4711 4713 4716 4714
f 4536 4535 4717 4718
f 4718 4717 4719 4720
f 4520 4536 4718 4713
f 4713 4718 4720 4716
f 4656 4655 4721 4722
f 4655 4653 4723 4721
f 4722 4721 4720 4719
f 4721 4723 4716 4720
f 4651 4616 4724 4725
f 4725 4724 4715 4714
f 4653 4651 4725 4723
f 4723 4725 4714 4716
f 4550 4553 4726 4727
f 4553 4548 4728 4726
f 4727 4726 4729 4730
f 4726 4728 4731 4729
f 4546 4545 4732 4733
f 4733 4732 4734 4735
f 4548 4546 4733 4728
f 4728 4733 4735 4731
f 4619 4668 4736 4737
f 4668 4663 4738 4736
f 4737 4736 4735 4734
f 4736 4738 4731 4735
f 4660 4659 4739 4740
f 4740 4739 4730 4729
f 4663 4660 4740 4738
f 4738 4740 4729 4731
f 4575 4574 4741 4742
f 4574 4572 4743 4741
f 4742 4741 4744 4745
f 4741 4743 4746 4744
f 4569 4568 4747 4748
f 4748 4747 4749 4750
f 4572 4569 4748 4743
f 4743 4748 4750 4746
f 4675 4678 4751 4752
f 4678 4682 4753 4751
f 4752 4751 4750 4749
f 4751 4753 4746 4750
f 4693 4692 4754 4755
f 4755 4754 4745 4744
f 4682 4693 4755 4753
f 4753 4755 4744 4746
f 4535 4559 4756 4717
f 4559 4562 4757 4756
f 4717 4756 4758 4719
f 4756 4757 4759 4758
f 4576 4575 4742 4760
f 4760 4742 4745 4761
f 4562 4576 4760 4757
f 4757 4760 4761 4759
f 4692 4691 4762 4754
f 4691 4689 4763 4762
f 4754 4762 4761 4745
f 4762 4763 4759 4761
f 4687 4656 4722 4764
f 4764 4722 4719 4758
f 4689 4687 4764 4763
f 4763 4764 4758 4759
f 4586 4589 4765 4766
f 4589 4584 4767 4765
f 4766 4765 4768 4769
f 4765 4767 4770 4768
f 4582 4550 4727 4771
f 4771 4727 4730 4772
f 4584 4582 4771 4767
f 4767 4771 4772 4770
f 4659 4704 4773 4739
f 4704 4699 4774 4773
f 4739 4773 4772 4730
f 4773 4774 4770 4772
f 4696 4695 4775 4776
f 4776 4775 4769 4768
f 4699 4696 4776 4774
f 4774 4776 4768 4770
f 4568 4592 4777 4747
f 4592 4590 4778 4777
f 4747 4777 4779 4749
f 4777 4778 4780 4779
f 4587 4586 4766 4781
f 4781 4766 4769 4782
f 4590 4587 4781 4778
f 4778 4781 4782 4780
f 4695 4698 4783 4775
f 4698 4702 4784 4783
f 4775 4783 4782 4769
f 4783 4784 4780 4782
f 4709 4675 4752 4785
f 4785 4752 4749 4779
f 4702 4709 4785 4784
f 4784 4785 4779 4780
f 4786 4787 4788 4789
f 4787 4790 4791 4788
f 4789 4788 4792 4793
f 4788 4791 4794 4792
f 4795 4523 4522 4796
f 4796 4522 4517 4797
f 4790 4795 4796 4791
f 4791 4796 4797 4794
f 4513 4798 4799 4514
f 4798 4800 4801 4799
f 4514 4799 4797 4517
f 4799 4801 4794 4797
f 4802 4803 4804 4805
f 4805 4804 4793 4792
f 4800 4802 4805 4801
f 4801 4805 4792 4794
f 4806 4807 4808 4809
f 4807 4810 4811 4808
f 4809 4808 4812 4813
f 4808 4811 4814 4812
f 4815 4545 4544 4816
f 4816 4544 4540 4817
f 4810 4815 4816 4811
f 4811 4816 4817 4814
f 4523 4795 4818 4538
f 4795 4790 4819 4818
f 4538 4818 4817 4540
f 4818 4819 4814 4817
f 4787 4786 4820 4821
f 4821 4820 4813 4812
f 4790 4787 4821 4819
f 4819 4821 4812 4814
f 4822 4823 4824 4825
f 4823 4826 4827 4824
f 4825 4824 4828 4829
f 4824 4827 4830 4828
f 4831 4832 4833 4834
f 4834 4833 4835 4836
f 4826 4831 4834 4827
f 4827 4834 4836 4830
f 4837 4838 4839 4840
f 4838 4841 4842 4839
f 4840 4839 4836 4835
f 4839 4842 4830 4836
f 4843 4844 4845 4846
f 4846 4845 4829 4828
f 4841 4843 4846 4842
f 4842 4846 4828 4830
f 4832 4847 4848 4833
f 4847 4849 4850 4848
f 4833 4848 4851 4835
f 4848 4850 4852 4851
f 4853 4854 4855 4856
f 4856 4855 4857 4858
f 4849 4853 4856 4850
f 4850 4856 4858 4852
f 4859 4860 4861 4862
f 4860 4863 4864 4861
f 4862 4861 4858 4857
f 4861 4864 4852 4858
f 4865 4837 4840 4866
f 4866 4840 4835 4851
f 4863 4865 4866 4864
f 4864 4866 4851 4852
f 4844 4843 4867 4868
f 4843 4841 4869 4867
f 4868 4867 4870 4871
f 4867 4869 4872 4870
f 4838 4837 4873 4874
f 4874 4873 4875 4876
f 4841 4838 4874 4869
f 4869 4874 4876 4872
f 4877 4878 4879 4880
f 4878 4881 4882 4879
f 4880 4879 4876 4875
f 4879 4882 4872 4876
f 4883 4884 4885 4886
f 4886 4885 4871 4870
f 4881 4883 4886 4882
f 4882 4886 4870 4872
f 4837 4865 4887 4873
f 4865 4863 4888 4887
f 4873 4887 4889 4875
f 4887 4888 4890 4889
f 4860 4859 4891 4892
f 4892 4891 4893 4894
f 4863 4860 4892 4888
f 4888 4892 4894 4890
f 4895 4896 4897 4898
f 4896 4899 4900 4897
f 4898 4897 4894 4893
f 4897 4900 4890 4894
f 4901 4877 4880 4902
f 4902 4880 4875 4889
f 4899 4901 4902 4900
f 4900 4902 4889 4890
f 4903 4904 4905 4906
f 4904 4907 4908 4905
f 4906 4905 4909 4910
f 4905 4908 4911 4909
f 4912 4913 4914 4915
f 4915 4914 4916 4917
f 4907 4912 4915 4908
f 4908 4915 4917 4911
f 4918 4919 4920 4921
f 4919 4922 4923 4920
f 4921 4920 4917 4916
f 4920 4923 4911 4917
f 4924 4925 4926 4927
f 4927 4926 4910 4909
f 4922 4924 4927 4923
f 4923 4927 4909 4911
f 4928 4929 4930 4931
f 4929 4932 4933 4930
f 4931 4930 4934 4935
f 4930 4933 4936 4934
f 4937 4938 4939 4940
f 4940 4939 4941 4942
f 4932 4937 4940 4933
f 4933 4940 4942 4936
f 4913 4912 4943 4944
f 4912 4907 4945 4943
f 4944 4943 4942 4941
f 4943 4945 4936 4942
f 4904 4903 4946 4947
f 4947 4946 4935 4934
f 4907 4904 4947 4945
f 4945 4947 4934 4936
f 4948 4949 4950 4951
f 4949 4952 4953 4950
f 4951 4950 4954 4955
f 4950 4953 4956 4954
f 4957 4903 4906 4958
f 4958 4906 4910 4959
f 4952 4957 4958 4953
f 4953 4958 4959 4956
f 4925 4960 4961 4926
f 4960 4962 4963 4961
f 4926 4961 4959 4910
f 4961 4963 4956 4959
f 4964 4965 4966 4967
f 4967 4966 4955 4954
f 4962 4964 4967 4963
f 4963 4967 4954 4956
f 4968 4969 4970 4971
f 4969 4972 4973 4970
f 4971 4970 4974 4975
f 4970 4973 4976 4974
f 4977 4928 4931 4978
f 4978 4931 4935 4979
f 4972 4977 4978 4973
f 4973 4978 4979 4976
f 4903 4957 4980 4946
f 4957 4952 4981 4980
f 4946 4980 4979 4935
f 4980 4981 4976 4979
f 4949 4948 4982 4983
f 4983 4982 4975 4974
f 4952 4949 4983 4981
f 4981 4983 4974 4976
f 4984 4985 4986 4987
f 4985 4988 4989 4986
f 4987 4986 4990 4991
f 4986 4989 4992 4990
f 4993 4948 4951 4994
f 4994 4951 4955 4995
f 4988 4993 4994 4989
f 4989 4994 4995 4992
f 4965 4996 4997 4966
f 4996 4998 4999 4997
f 4966 4997 4995 4955
f 4997 4999 4992 4995
f 5000 5001 5002 5003
f 5003 5002 4991 4990
f 4998 5000 5003 4999
f 4999 5003 4990 4992
f 5004 5005 5006 5007
f 5005 5008 5009 5006
f 5007 5006 5010 5011
f 5006 5009 5012 5010
f 5013 4968 4971 5014
f 5014 4971 4975 5015
f 5008 5013 5014 5009
f 5009 5014 5015 5012
f 4948 4993 5016 4982
f 4993 4988 5017 5016
f 4982 5016 5015 4975
f 5016 5017 5012 5015
f 4985 4984 5018 5019
f 5019 5018 5011 5010
f 4988 4985 5019 5017
f 5017 5019 5010 5012
f 4822 4825 5020 5021
f 4825 4829 5022 5020
f 5021 5020 5023 5024
f 5020 5022 5025 5023
f 4845 4844 5026 5027
f 5027 5026 5028 5029
f 4829 4845 5027 5022
f 5022 5027 5029 5025
f 4965 4964 5030 5031
f 4964 4962 5032 5030
f 5031 5030 5029 5028
f 5030 5032 5025 5029
f 4960 4925 5033 5034
f 5034 5033 5024 5023
f 4962 4960 5034 5032
f 5032 5034 5023 5025
f 4859 4862 5035 5036
f 4862 4857 5037 5035
f 5036 5035 5038 5039
f 5035 5037 5040 5038
f 4855 4854 5041 5042
f 5042 5041 5043 5044
f 4857 4855 5042 5037
f 5037 5042 5044 5040
f 4928 4977 5045 5046
f 4977 4972 5047 5045
f 5046 5045 5044 5043
f 5045 5047 5040 5044
f 4969 4968 5048 5049
f 5049 5048 5039 5038
f 4972 4969 5049 5047
f 5047 5049 5038 5040
f 4884 4883 5050 5051
f 4883 4881 5052 5050
f 5051 5050 5053 5054
f 5050 5052 5055 5053
f 4878 4877 5056 5057
f 5057 5056 5058 5059
f 4881 4878 5057 5052
f 5052 5057 5059 5055
f 4984 4987 5060 5061
f 4987 4991 5062 5060
f 5061 5060 5059 5058
f 5060 5062 5055 5059
f 5002 5001 5063 5064
f 5064 5063 5054 5053
f 4991 5002 5064 5062
f 5062 5064 5053 5055
f 4844 4868 5065 5026
f 4868 4871 5066 5065
f 5026 5065 5067 5028
f 5065 5066 5068 5067
f 4885 4884 5051 5069
f 5069 5051 5054 5070
f 4871 4885 5069 5066
f 5066 5069 5070 5068
f 5001 5000 5071 5063
f 5000 4998 5072 5071
f 5063 5071 5070 5054
f 5071 5072 5068 5070
f 4996 4965 5031 5073
f 5073 5031 5028 5067
f 4998 4996 5073 5072
f 5072 5073 5067 5068
f 4895 4898 5074 5075
f 4898 4893 5076 5074
f 5075 5074 5077 5078
f 5074 5076 5079 5077
f 4891 4859 5036 5080
f 5080 5036 5039 5081
f 4893 4891 5080 5076
f 5076 5080 5081 5079
f 4968 5013 5082 5048
f 5013 5008 5083 5082
f 5048 5082 5081 5039
f 5082 5083 5079 5081
f 5005 5004 5084 5085
f 5085 5084 5078 5077
f 5008 5005 5085 5083
f 5083 5085 5077 5079
f 4877 4901 5086 5056
f 4901 4899 5087 5086
f 5056 5086 5088 5058
f 5086 5087 5089 5088
f 4896 4895 5075 5090
f 5090 5075 5078 5091
f 4899 4896 5090 5087
f 5087 5090 5091 5089
f 5004 5007 5092 5084
f 5007 5011 5093 5092
f 5084 5092 5091 5078
f 5092 5093 5089 5091
f 5018 4984 5061 5094
f 5094 5061 5058 5088
f 5011 5018 5094 5093
f 5093 5094 5088 5089
f 5095 5096 5097 5098
f 5096 5099 5100 5097
f 5098 5097 5101 5102
f 5097 5100 5103 5101
f 5104 4832 4831 5105
f 5105 4831 4826 5106
f 5099 5104 5105 5100
f 5100 5105 5106 5103
f 4822 5107 5108 4823
f 5107 5109 5110 5108
f 4823 5108 5106 4826
f 5108 5110 5103 5106
f 5111 5112 5113 5114
f 5114 5113 5102 5101
f 5109 5111 5114 5110
f 5110 5114 5101 5103
f 5115 5116 5117 5118
f 5116 5119 5120 5117
f 5118 5117 5121 5122
f 5117 5120 5123 5121
f 5124 4854 4853 5125
f 5125 4853 4849 5126
f 5119 5124 5125 5120
f 5120 5125 5126 5123
f 4832 5104 5127 4847
f 5104 5099 5128 5127
f 4847 5127 5126 4849
f 5127 5128 5123 5126
f 5096 5095 5129 5130
f 5130 5129 5122 5121
f 5099 5096 5130 5128
f 5128 5130 5121 5123
f 5131 5132 5133 5134
f 5132 5135 5136 5133
f 5134 5133 5137 5138
f 5133 5136 5139 5137
f 5140 5141 5142 5143
f 5143 5142 5144 5145
f 5135 5140 5143 5136
f 5136 5143 5145 5139
f 5146 5147 5148 5149
f 5147 5150 5151 5148
f 5149 5148 5145 5144
f 5148 5151 5139 5145
f 5152 5153 5154 5155
f 5155 5154 5138 5137
f 5150 5152 5155 5151
f 5151 5155 5137 5139
f 5141 5156 5157 5142
f 5156 5158 5159 5157
f 5142 5157 5160 5144
f 5157 5159 5161 5160
f 5162 5163 5164 5165
f 5165 5164 5166 5167
f 5158 5162 5165 5159
f 5159 5165 5167 5161
f 5168 5169 5170 5171
f 5169 5172 5173 5170
f 5171 5170 5167 5166
f 5170 5173 5161 5167
f 5174 5146 5149 5175
f 5175 5149 5144 5160
f 5172 5174 5175 5173
f 5173 5175 5160 5161
f 5153 5152 5176 5177
f 5152 5150 5178 5176
f 5177 5176 5179 5180
f 5176 5178 5181 5179
f 5147 5146 5182 5183
f 5183 5182 5184 5185
f 5150 5147 5183 5178
f 5178 5183 5185 5181
f 5186 5187 5188 5189
f 5187 5190 5191 5188
f 5189 5188 5185 5184
f 5188 5191 5181 5185
f 5192 5193 5194 5195
f 5195 5194 5180 5179
f 5190 5192 5195 5191
f 5191 5195 5179 5181
f 5146 5174 5196 5182
f 5174 5172 5197 5196
f 5182 5196 5198 5184
f 5196 5197 5199 5198
f 5169 5168 5200 5201
f 5201 5200 5202 5203
f 5172 5169 5201 5197
f 5197 5201 5203 5199
f 5204 5205 5206 5207
f 5205 5208 5209 5206
f 5207 5206 5203 5202
f 5206 5209 5199 5203
f 5210 5186 5189 5211
f 5211 5189 5184 5198
f 5208 5210 5211 5209
f 5209 5211 5198 5199
f 5212 5213 5214 5215
f 5213 5216 5217 5214
f 5215 5214 5218 5219
f 5214 5217 5220 5218
f 5221 5222 5223 5224
f 5224 5223 5225 5226
f 5216 5221 5224 5217
f 5217 5224 5226 5220
f 5227 5228 5229 5230
f 5228 5231 5232 5229
f 5230 5229 5226 5225
f 5229 5232 5220 5226
f 5233 5234 5235 5236
f 5236 5235 5219 5218
f 5231 5233 5236 5232
f 5232 5236 5218 5220
f 5237 5238 5239 5240
f 5238 5241 5242 5239
f 5240 5239 5243 5244
f 5239 5242 5245 5243
f 5246 5247 5248 5249
f 5249 5248 5250 5251
f 5241 5246 5249 5242
f 5242 5249 5251 5245
f 5222 5221 5252 5253
f 5221 5216 5254 5252
f 5253 5252 5251 5250
f 5252 5254 5245 5251
f 5213 5212 5255 5256
f 5256 5255 5244 5243
f 5216 5213 5256 5254
f 5254 5256 5243 5245
f 5257 5258 5259 5260
f 5258 5261 5262 5259
f 5260 5259 5263 5264
f 5259 5262 5265 5263
f 5266 5212 5215 5267
f 5267 5215 5219 5268
f 5261 5266 5267 5262
f 5262 5267 5268 5265
f 5234 5269 5270 5235
f 5269 5271 5272 5270
f 5235 5270 5268 5219
f 5270 5272 5265 5268
f 5273 5274 5275 5276
f 5276 5275 5264 5263
f 5271 5273 5276 5272
f 5272 5276 5263 5265
f 5277 5278 5279 5280
f 5278 5281 5282 5279
f 5280 5279 5283 5284
f 5279 5282 5285 5283
f 5286 5237 5240 5287
f 5287 5240 5244 5288
f 5281 5286 5287 5282
f 5282 5287 5288 5285
f 5212 5266 5289 5255
f 5266 5261 5290 5289
f 5255 5289 5288 5244
f 5289 5290 5285 5288
f 5258 5257 5291 5292
f 5292 5291 5284 5283
f 5261 5258 5292 5290
f 5290 5292 5283 5285
f 5293 5294 5295 5296
f 5294 5297 5298 5295
f 5296 5295 5299 5300
f 5295 5298 5301 5299
f 5302 5257 5260 5303
f 5303 5260 5264 5304
f 5297 5302 5303 5298
f 5298 5303 5304 5301
f 5274 5305 5306 5275
f 5305 5307 5308 5306
f 5275 5306 5304 5264
f 5306 5308 5301 5304
f 5309 5310 5311 5312
f 5312 5311 5300 5299
f 5307 5309 5312 5308
f 5308 5312 5299 5301
f 5313 5314 5315 5316
f 5314 5317 5318 5315
f 5316 5315 5319 5320
f 5315 5318 5321 5319
f 5322 5277 5280 5323
f 5323 5280 5284 5324
f 5317 5322 5323 5318
f 5318 5323 5324 5321
f 5257 5302 5325 5291
f 5302 5297 5326 5325
f 5291 5325 5324 5284
f 5325 5326 5321 5324
f 5294 5293 5327 5328
f 5328 5327 5320 5319
f 5297 5294 5328 5326
f 5326 5328 5319 5321
f 5131 5134 5329 5330
f 5134 5138 5331 5329
f 5330 5329 5332 5333
f 5329 5331 5334 5332
f 5154 5153 5335 5336
f 5336 5335 5337 5338
f 5138 5154 5336 5331
f 5331 5336 5338 5334
f 5274 5273 5339 5340
f 5273 5271 5341 5339
f 5340 5339 5338 5337
f 5339 5341 5334 5338
f 5269 5234 5342 5343
f 5343 5342 5333 5332
f 5271 5269 5343 5341
f 5341 5343 5332 5334
f 5168 5171 5344 5345
f 5171 5166 5346 5344
f 5345 5344 5347 5348
f 5344 5346 5349 5347
f 5164 5163 5350 5351
f 5351 5350 5352 5353
f 5166 5164 5351 5346
f 5346 5351 5353 5349
f 5237 5286 5354 5355
f 5286 5281 5356 5354
f 5355 5354 5353 5352
f 5354 5356 5349 5353
f 5278 5277 5357 5358
f 5358 5357 5348 5347
f 5281 5278 5358 5356
f 5356 5358 5347 5349
f 5193 5192 5359 5360
f 5192 5190 5361 5359
f 5360 5359 5362 5363
f 5359 5361 5364 5362
f 5187 5186 5365 5366
f 5366 5365 5367 5368
f 5190 5187 5366 5361
f 5361 5366 5368 5364
f 5293 5296 5369 5370
f 5296 5300 5371 5369
f 5370 5369 5368 5367
f 5369 5371 5364 5368
f 5311 5310 5372 5373
f 5373 5372 5363 5362
f 5300 5311 5373 5371
f 5371 5373 5362 5364
f 5153 5177 5374 5335
f 5177 5180 5375 5374
f 5335 5374 5376 5337
f 5374 5375 5377 5376
f 5194 5193 5360 5378
f 5378 5360 5363 5379
f 5180 5194 5378 5375
f 5375 5378 5379 5377
f 5310 5309 5380 5372
f 5309 5307 5381 5380
f 5372 5380 5379 5363
f 5380 5381 5377 5379
f 5305 5274 5340 5382
f 5382 5340 5337 5376
f 5307 5305 5382 5381
f 5381 5382 5376 5377
f 5204 5207 5383 5384
f 5207 5202 5385 5383
f 5384 5383 5386 5387
f 5383 5385 5388 5386
f 5200 5168 5345 5389
f 5389 5345 5348 5390
f 5202 5200 5389 5385
f 5385 5389 5390 5388
f 5277 5322 5391 5357
f 5322 5317 5392 5391
f 5357 5391 5390 5348
f 5391 5392 5388 5390
f 5314 5313 5393 5394
f 5394 5393 5387 5386
f 5317 5314 5394 5392
f 5392 5394 5386 5388
f 5186 5210 5395 5365
f 5210 5208 5396 5395
f 5365 5395 5397 5367
f 5395 5396 5398 5397
f 5205 5204 5384 5399
f 5399 5384 5387 5400
f 5208 5205 5399 5396
f 5396 5399 5400 5398
f 5313 5316 5401 5393
f 5316 5320 5402 5401
f 5393 5401 5400 5387
f 5401 5402 5398 5400
f 5327 5293 5370 5403
f 5403 5370 5367 5397
f 5320 5327 5403 5402
f 5402 5403 5397 5398
f 5404 5405 5406 5407
f 5405 5408 5409 5406
f 5407 5406 5410 5411
f 5406 5409 5412 5410
f 5413 5141 5140 5414
f 5414 5140 5135 5415
f 5408 5413 5414 5409
f 5409 5414 5415 5412
f 5131 5416 5417 5132
f 5416 5418 5419 5417
f 5132 5417 5415 5135
f 5417 5419 5412 5415
f 5420 5421 5422 5423
f 5423 5422 5411 5410
f 5418 5420 5423 5419
f 5419 5423 5410 5412
f 5424 5425 5426 5427
f 5425 5428 5429 5426
f 5427 5426 5430 5431
f 5426 5429 5432 5430
f 5433 5163 5162 5434
f 5434 5162 5158 5435
f 5428 5433 5434 5429
f 5429 5434 5435 5432
f 5141 5413 5436 5156
f 5413 5408 5437 5436
f 5156 5436 5435 5158
f 5436 5437 5432 5435
f 5405 5404 5438 5439
f 5439 5438 5431 5430
f 5408 5405 5439 5437
f 5437 5439 5430 5432
f 5440 5441 5442 5443
f 5441 5444 5445 5442
f 5443 5442 5446 5447
f 5442 5445 5448 5446
f 5449 5450 5451 5452
f 5452 5451 5453 5454
f 5444 5449 5452 5445
f 5445 5452 5454 5448
f 5455 5456 5457 5458
f 5456 5459 5460 5457
f 5458 5457 5454 5453
f 5457 5460 5448 5454
f 5461 5462 5463 5464
f 5464 5463 5447 5446
f 5459 5461 5464 5460
f 5460 5464 5446 5448
f 5450 5465 5466 5451
f 5465 5467 5468 5466
f 5451 5466 5469 5453
f 5466 5468 5470 5469
f 5471 5472 5473 5474
f 5474 5473 5475 5476
f 5467 5471 5474 5468
f 5468 5474 5476 5470
f 5477 5478 5479 5480
f 5478 5481 5482 5479
f 5480 5479 5476 5475
f 5479 5482 5470 5476
f 5483 5455 5458 5484
f 5484 5458 5453 5469
f 5481 5483 5484 5482
f 5482 5484 5469 5470
f 5462 5461 5485 5486
f 5461 5459 5487 5485
f 5486 5485 5488 5489
f 5485 5487 5490 5488
f 5456 5455 5491 5492
f 5492 5491 5493 5494
f 5459 5456 5492 5487
f 5487 5492 5494 5490
f 5495 5496 5497 5498
f 5496 5499 5500 5497
f 5498 5497 5494 5493
f 5497 5500 5490 5494
f 5501 5502 5503 5504
f 5504 5503 5489 5488
f 5499 5501 5504 5500
f 5500 5504 5488 5490
f 5455 5483 5505 5491
f 5483 5481 5506 5505
f 5491 5505 5507 5493
f 5505 5506 5508 5507
f 5478 5477 5509 5510
f 5510 5509 5511 5512
f 5481 5478 5510 5506
f 5506 5510 5512 5508
f 5513 5514 5515 5516
f 5514 5517 5518 5515
f 5516 5515 5512 5511
f 5515 5518 5508 5512
f 5519 5495 5498 5520
f 5520 5498 5493 5507
f 5517 5519 5520 5518
f 5518 5520 5507 5508
f 5521 5522 5523 5524
f 5522 5525 5526 5523
f 5524 5523 5527 5528
f 5523 5526 5529 5527
f 5530 5531 5532 5533
f 5533 5532 5534 5535
f 5525 5530 5533 5526
f 5526 5533 5535 5529
f 5536 5537 5538 5539
f 5537 5540 5541 5538
f 5539 5538 5535 5534
f 5538 5541 5529 5535
f 5542 5543 5544 5545
f 5545 5544 5528 5527
f 5540 5542 5545 5541
f 5541 5545 5527 5529
f 5546 5547 5548 5549
f 5547 5550 5551 5548
f 5549 5548 5552 5553
f 5548 5551 5554 5552
f 5555 5556 5557 5558
f 5558 5557 5559 5560
f 5550 5555 5558 5551
f 5551 5558 5560 5554
f 5531 5530 5561 5562
f 5530 5525 5563 5561
f 5562 5561 5560 5559
f 5561 5563 5554 5560
f 5522 5521 5564 5565
f 5565 5564 5553 5552
f 5525 5522 5565 5563
f 5563 5565 5552 5554
f 5566 5567 5568 5569
f 5567 5570 5571 5568
f 5569 5568 5572 5573
f 5568 5571 5574 5572
f 5575 5521 5524 5576
f 5576 5524 5528 5577
f 5570 5575 5576 5571
f 5571 5576 5577 5574
f 5543 5578 5579 5544
f 5578 5580 5581 5579
f 5544 5579 5577 5528
f 5579 5581 5574 5577
f 5582 5583 5584 5585
f 5585 5584 5573 5572
f 5580 5582 5585 5581
f 5581 5585 5572 5574
f 5586 5587 5588 5589
f 5587 5590 5591 5588
f 5589 5588 5592 5593
f 5588 5591 5594 5592
f 5595 5546 5549 5596
f 5596 5549 5553 5597
f 5590 5595 5596 5591
f 5591 5596 5597 5594
f 5521 5575 5598 5564
f 5575 5570 5599 5598
f 5564 5598 5597 5553
f 5598 5599 5594 5597
f 5567 5566 5600 5601
f 5601 5600 5593 5592
f 5570 5567 5601 5599
f 5599 5601 5592 5594
f 5602 5603 5604 5605
f 5603 5606 5607 5604
f 5605 5604 5608 5609
f 5604 5607 5610 5608
f 5611 5566 5569 5612
f 5612 5569 5573 5613
f 5606 5611 5612 5607
f 5607 5612 5613 5610
f 5583 5614 5615 5584
f 5614 5616 5617 5615
f 5584 5615 5613 5573
f 5615 5617 5610 5613
f 5618 5619 5620 5621
f 5621 5620 5609 5608
f 5616 5618 5621 5617
f 5617 5621 5608 5610
f 5622 5623 5624 5625
f 5623 5626 5627 5624
f 5625 5624 5628 5629
f 5624 5627 5630 5628
f 5631 5586 5589 5632
f 5632 5589 5593 5633
f 5626 5631 5632 5627
f 5627 5632 5633 5630
f 5566 5611 5634 5600
f 5611 5606 5635 5634
f 5600 5634 5633 5593
f 5634 5635 5630 5633
f 5603 5602 5636 5637
f 5637 5636 5629 5628
f 5606 5603 5637 5635
f 5635 5637 5628 5630
f 5440 5443 5638 5639
f 5443 5447 5640 5638
f 5639 5638 5641 5642
f 5638 5640 5643 5641
f 5463 5462 5644 5645
f 5645 5644 5646 5647
f 5447 5463 5645 5640
f 5640 5645 5647 5643
f 5583 5582 5648 5649
f 5582 5580 5650 5648
f 5649 5648 5647 5646
f 5648 5650 5643 5647
f 5578 5543 5651 5652
f 5652 5651 5642 5641
f 5580 5578 5652 5650
f 5650 5652 5641 5643
f 5477 5480 5653 5654
f 5480 5475 5655 5653
f 5654 5653 5656 5657
f 5653 5655 5658 5656
f 5473 5472 5659 5660
f 5660 5659 5661 5662
f 5475 5473 5660 5655
f 5655 5660 5662 5658
f 5546 5595 5663 5664
f 5595 5590 5665 5663
f 5664 5663 5662 5661
f 5663 5665 5658 5662
f 5587 5586 5666 5667
f 5667 5666 5657 5656
f 5590 5587 5667 5665
f 5665 5667 5656 5658
f 5502 5501 5668 5669
f 5501 5499 5670 5668
f 5669 5668 5671 5672
f 5668 5670 5673 5671
f 5496 5495 5674 5675
f 5675 5674 5676 5677
f 5499 5496 5675 5670
f 5670 5675 5677 5673
f 5602 5605 5678 5679
f 5605 5609 5680 5678
f 5679 5678 5677 5676
f 5678 5680 5673 5677
f 5620 5619 5681 5682
f 5682 5681 5672 5671
f 5609 5620 5682 5680
f 5680 5682 5671 5673
f 5462 5486 5683 5644
f 5486 5489 5684 5683
f 5644 5683 5685 5646
f 5683 5684 5686 5685
f 5503 5502 5669 5687
f 5687 5669 5672 5688
f 5489 5503 5687 5684
f 5684 5687 5688 5686
f 5619 5618 5689 5681
f 5618 5616 5690 5689
f 5681 5689 5688 5672
f 5689 5690 5686 5688
f 5614 5583 5649 5691
f 5691 5649 5646 5685
f 5616 5614 5691 5690
f 5690 5691 5685 5686
f 5513 5516 5692 5693
f 5516 5511 5694 5692
f 5693 5692 5695 5696
f 5692 5694 5697 5695
f 5509 5477 5654 5698
f 5698 5654 5657 5699
f 5511 5509 5698 5694
f 5694 5698 5699 5697
f 5586 5631 5700 5666
f 5631 5626 5701 5700
f 5666 5700 5699 5657
f 5700 5701 5697 5699
f 5623 5622 5702 5703
f 5703 5702 5696 5695
f 5626 5623 5703 5701
f 5701 5703 5695 5697
f 5495 5519 5704 5674
f 5519 5517 5705 5704
f 5674 5704 5706 5676
f 5704 5705 5707 5706
f 5514 5513 5693 5708
f 5708 5693 5696 5709
f 5517 5514 5708 5705
f 5705 5708 5709 5707
f 5622 5625 5710 5702
f 5625 5629 5711 5710
f 5702 5710 5709 5696
f 5710 5711 5707 5709
f 5636 5602 5679 5712
f 5712 5679 5676 5706
f 5629 5636 5712 5711
f 5711 5712 5706 5707
f 5713 5714 5715 5716
f 5714 5717 5718 5715
f 5716 5715 5719 5720
f 5715 5718 5721 5719
f 5722 5450 5449 5723
f 5723 5449 5444 5724
f 5717 5722 5723 5718
f 5718 5723 5724 5721
f 5440 5725 5726 5441
f 5725 5727 5728 5726
f 5441 5726 5724 5444
f 5726 5728 5721 5724
f 5729 5730 5731 5732
f 5732 5731 5720 5719
f 5727 5729 5732 5728
f 5728 5732 5719 5721
f 5733 5734 5735 5736
f 5734 5737 5738 5735
f 5736 5735 5739 5740
f 5735 5738 5741 5739
f 5742 5472 5471 5743
f 5743 5471 5467 5744
f 5737 5742 5743 5738
f 5738 5743 5744 5741
f 5450 5722 5745 5465
f 5722 5717 5746 5745
f 5465 5745 5744 5467
f 5745 5746 5741 5744
f 5714 5713 5747 5748
f 5748 5747 5740 5739
f 5717 5714 5748 5746
f 5746 5748 5739 5741
f 5749 5750 5751 5752
f 5750 5753 5754 5751
f 5752 5751 5755 5756
f 5751 5754 5757 5755
f 5758 5759 5760 5761
f 5761 5760 5762 5763
f 5753 5758 5761 5754
f 5754 5761 5763 5757
f 5764 5765 5766 5767
f 5765 5768 5769 5766
f 5767 5766 5763 5762
f 5766 5769 5757 5763
f 5770 5771 5772 5773
f 5773 5772 5756 5755
f 5768 5770 5773 5769
f 5769 5773 5755 5757
f 5759 5774 5775 5760
f 5774 5776 5777 5775
f 5760 5775 5778 5762
f 5775 5777 5779 5778
f 5780 5781 5782 5783
f 5783 5782 5784 5785
f 5776 5780 5783 5777
f 5777 5783 5785 5779
f 5786 5787 5788 5789
f 5787 5790 5791 5788
f 5789 5788 5785 5784
f 5788 5791 5779 5785
f 5792 5764 5767 5793
f 5793 5767 5762 5778
f 5790 5792 5793 5791
f 5791 5793 5778 5779
f 5771 5770 5794 5795
f 5770 5768 5796 5794
f 5795 5794 5797 5798
f 5794 5796 5799 5797
f 5765 5764 5800 5801
f 5801 5800 5802 5803
f 5768 5765 5801 5796
f 5796 5801 5803 5799
f 5804 5805 5806 5807
f 5805 5808 5809 5806
f 5807 5806 5803 5802
f 5806 5809 5799 5803
f 5810 5811 5812 5813
f 5813 5812 5798 5797
f 5808 5810 5813 5809
f 5809 5813 5797 5799
f 5764 5792 5814 5800
f 5792 5790 5815 5814
f 5800 5814 5816 5802
f 5814 5815 5817 5816
f 5787 5786 5818 5819
f 5819 5818 5820 5821
f 5790 5787 5819 5815
f 5815 5819 5821 5817
f 5822 5823 5824 5825
f 5823 5826 5827 5824
f 5825 5824 5821 5820
f 5824 5827 5817 5821
f 5828 5804 5807 5829
f 5829 5807 5802 5816
f 5826 5828 5829 5827
f 5827 5829 5816 5817
f 5830 5831 5832 5833
f 5831 5834 5835 5832
f 5833 5832 5836 5837
f 5832 5835 5838 5836
f 5839 5840 5841 5842
f 5842 5841 5843 5844
f 5834 5839 5842 5835
f 5835 5842 5844 5838
f 5845 5846 5847 5848
f 5846 5849 5850 5847
f 5848 5847 5844 5843
f 5847 5850 5838 5844
f 5851 5852 5853 5854
f 5854 5853 5837 5836
f 5849 5851 5854 5850
f 5850 5854 5836 5838
f 5855 5856 5857 5858
f 5856 5859 5860 5857
f 5858 5857 5861 5862
f 5857 5860 5863 5861
f 5864 5865 5866 5867
f 5867 5866 5868 5869
f 5859 5864 5867 5860
f 5860 5867 5869 5863
f 5840 5839 5870 5871
f 5839 5834 5872 5870
f 5871 5870 5869 5868
f 5870 5872 5863 5869
f 5831 5830 5873 5874
f 5874 5873 5862 5861
f 5834 5831 5874 5872
f 5872 5874 5861 5863
f 5875 5876 5877 5878
f 5876 5879 5880 5877
f 5878 5877 5881 5882
f 5877 5880 5883 5881
f 5884 5830 5833 5885
f 5885 5833 5837 5886
f 5879 5884 5885 5880
f 5880 5885 5886 5883
f 5852 5887 5888 5853
f 5887 5889 5890 5888
f 5853 5888 5886 5837
f 5888 5890 5883 5886
f 5891 5892 5893 5894
f 5894 5893 5882 5881
f 5889 5891 5894 5890
f 5890 5894 5881 5883
f 5895 5896 5897 5898
f 5896 5899 5900 5897
f 5898 5897 5901 5902
f 5897 5900 5903 5901
f 5904 5855 5858 5905
f 5905 5858 5862 5906
f 5899 5904 5905 5900
f 5900 5905 5906 5903
f 5830 5884 5907 5873
f 5884 5879 5908 5907
f 5873 5907 5906 5862
f 5907 5908 5903 5906
f 5876 5875 5909 5910
f 5910 5909 5902 5901
f 5879 5876 5910 5908
f 5908 5910 5901 5903
f 5911 5912 5913 5914
f 5912 5915 5916 5913
f 5914 5913 5917 5918
f 5913 5916 5919 5917
f 5920 5875 5878 5921
f 5921 5878 5882 5922
f 5915 5920 5921 5916
f 5916 5921 5922 5919
f 5892 5923 5924 5893
f 5923 5925 5926 5924
f 5893 5924 5922 5882
f 5924 5926 5919 5922
f 5927 5928 5929 5930
f 5930 5929 5918 5917
f 5925 5927 5930 5926
f 5926 5930 5917 5919
f 5931 5932 5933 5934
f 5932 5935 5936 5933
f 5934 5933 5937 5938
f 5933 5936 5939 5937
f 5940 5895 5898 5941
f 5941 5898 5902 5942
f 5935 5940 5941 5936
f 5936 5941 5942 5939
f 5875 5920 5943 5909
f 5920 5915 5944 5943
f 5909 5943 5942 5902
f 5943 5944 5939 5942
f 5912 5911 5945 5946
f 5946 5945 5938 5937
f 5915 5912 5946 5944
f 5944 5946 5937 5939
f 5749 5752 5947 5948
f 5752 5756 5949 5947
f 5948 5947 5950 5951
f 5947 5949 5952 5950
f 5772 5771 5953 5954
f 5954 5953 5955 5956
f 5756 5772 5954 5949
f 5949 5954 5956 5952
f 5892 5891 5957 5958
f 5891 5889 5959 5957
f 5958 5957 5956 5955
f 5957 5959 5952 5956
f 5887 5852 5960 5961
f 5961 5960 5951 5950
f 5889 5887 5961 5959
f 5959 5961 5950 5952
f 5786 5789 5962 5963
f 5789 5784 5964 5962
f 5963 5962 5965 5966
f 5962 5964 5967 5965
f 5782 5781 5968 5969
f 5969 5968 5970 5971
f 5784 5782 5969 5964
f 5964 5969 5971 5967
f 5855 5904 5972 5973
f 5904 5899 5974 5972
f 5973 5972 5971 5970
f 5972 5974 5967 5971
f 5896 5895 5975 5976
f 5976 5975 5966 5965
f 5899 5896 5976 5974
f 5974 5976 5965 5967
f 5811 5810 5977 5978
f 5810 5808 5979 5977
f 5978 5977 5980 5981
f 5977 5979 5982 5980
f 5805 5804 5983 5984
f 5984 5983 5985 5986
f 5808 5805 5984 5979
f 5979 5984 5986 5982
f 5911 5914 5987 5988
f 5914 5918 5989 5987
f 5988 5987 5986 5985
f 5987 5989 5982 5986
f 5929 5928 5990 5991
f 5991 5990 5981 5980
f 5918 5929 5991 5989
f 5989 5991 5980 5982
f 5771 5795 5992 5953
f 5795 5798 5993 5992
f 5953 5992 5994 5955
f 5992 5993 5995 5994
f 5812 5811 5978 5996
f 5996 5978 5981 5997
f 5798 5812 5996 5993
f 5993 5996 5997 5995
f 5928 5927 5998 5990
f 5927 5925 5999 5998
f 5990 5998 5997 5981
f 5998 5999 5995 5997
f 5923 5892 5958 6000
f 6000 5958 5955 5994
f 5925 5923 6000 5999
f 5999 6000 5994 5995
f 5822 5825 6001 6002
f 5825 5820 6003 6001
f 6002 6001 6004 6005
f 6001 6003 6006 6004
f 5818 5786 5963 6007
f 6007 5963 5966 6008
f 5820 5818 6007 6003
f 6003 6007 6008 6006
f 5895 5940 6009 5975
f 5940 5935 6010 6009
f 5975 6009 6008 5966
f 6009 6010 6006 6008
f 5932 5931 6011 6012
f 6012 6011 6005 6004
f 5935 5932 6012 6010
f 6010 6012 6004 6006
f 5804 5828 6013 5983
f 5828 5826 6014 6013
f 5983 6013 6015 5985
f 6013 6014 6016 6015
f 5823 5822 6002 6017
f 6017 6002 6005 6018
f 5826 5823 6017 6014
f 6014 6017 6018 6016
f 5931 5934 6019 6011
f 5934 5938 6020 6019
f 6011 6019 6018 6005
f 6019 6020 6016 6018
f 5945 5911 5988 6021
f 6021 5988 5985 6015
f 5938 5945 6021 6020
f 6020 6021 6015 6016
f 6022 6023 6024 6025
f 6023 6026 6027 6024
f 6025 6024 6028 6029
f 6024 6027 6030 6028
f 6031 5759 5758 6032
f 6032 5758 5753 6033
f 6026 6031 6032 6027
f 6027 6032 6033 6030
f 5749 6034 6035 5750
f 6034 6036 6037 6035
f 5750 6035 6033 5753
f 6035 6037 6030 6033
f 6038 6039 6040 6041
f 6041 6040 6029 6028
f 6036 6038 6041 6037
f 6037 6041 6028 6030
f 6042 6043 6044 6045
f 6043 6046 6047 6044
f 6045 6044 6048 6049
f 6044 6047 6050 6048
f 6051 5781 5780 6052
f 6052 5780 5776 6053
f 6046 6051 6052 6047
f 6047 6052 6053 6050
f 5759 6031 6054 5774
f 6031 6026 6055 6054
f 5774 6054 6053 5776
f 6054 6055 6050 6053
f 6023 6022 6056 6057
f 6057 6056 6049 6048
f 6026 6023 6057 6055
f 6055 6057 6048 6050
f 4925 4924 6058 6059
f 4924 4922 6060 6058
f 6059 6058 6061 6062
f 6058 6060 6063 6061
f 4919 4918 6064 6065
f 6065 6064 6066 6067
f 4922 4919 6065 6060
f 6060 6065 6067 6063
f 4629 4628 6068 6069
f 4628 4623 6070 6068
f 6069 6068 6067 6066
f 6068 6070 6063 6067
f 4620 4619 6071 6072
f 6072 6071 6062 6061
f 4623 4620 6072 6070
f 6070 6072 6061 6063
f 5112 5111 6073 6074
f 5111 5109 6075 6073
f 6074 6073 6076 6077
f 6073 6075 6078 6076
f 5107 4822 6079 6080
f 6080 6079 6081 6082
f 5109 5107 6080 6075
f 6075 6080 6082 6078
f 4545 4815 6083 6084
f 4815 4810 6085 6083
f 6084 6083 6082 6081
f 6083 6085 6078 6082
f 4807 4806 6086 6087
f 6087 6086 6077 6076
f 4810 4807 6087 6085
f 6085 6087 6076 6078
f 4822 5021 6088 6079
f 5021 5024 6089 6088
f 6079 6088 6090 6081
f 6088 6089 6091 6090
f 5033 4925 6059 6092
f 6092 6059 6062 6093
f 5024 5033 6092 6089
f 6089 6092 6093 6091
f 4619 4737 6094 6071
f 4737 4734 6095 6094
f 6071 6094 6093 6062
f 6094 6095 6091 6093
f 4732 4545 6084 6096
f 6096 6084 6081 6090
f 4734 4732 6096 6095
f 6095 6096 6090 6091
f 5131 5330 6097 6098
f 5330 5333 6099 6097
f 6098 6097 6100 6101
f 6097 6099 6102 6100
f 5342 5234 6103 6104
f 6104 6103 6105 6106
f 5333 5342 6104 6099
f 6099 6104 6106 6102
f 6107 6108 6109 6110
f 6108 6111 6112 6109
f 6110 6109 6106 6105
f 6109 6112 6102 6106
f 6113 6114 6115 6116
f 6116 6115 6101 6100
f 6111 6113 6116 6112
f 6112 6116 6100 6102
f 5234 5233 6117 6103
f 5233 5231 6118 6117
f 6103 6117 6119 6105
f 6117 6118 6120 6119
f 5228 5227 6121 6122
f 6122 6121 6123 6124
f 5231 5228 6122 6118
f 6118 6122 6124 6120
f 6125 6126 6127 6128
f 6126 6129 6130 6127
f 6128 6127 6124 6123
f 6127 6130 6120 6124
f 6131 6107 6110 6132
f 6132 6110 6105 6119
f 6129 6131 6132 6130
f 6130 6132 6119 6120
f 5421 5420 6133 6134
f 5420 5418 6135 6133
f 6134 6133 6136 6137
f 6133 6135 6138 6136
f 5416 5131 6098 6139
f 6139 6098 6101 6140
f 5418 5416 6139 6135
f 6135 6139 6140 6138
f 6114 6141 6142 6115
f 6141 6143 6144 6142
f 6115 6142 6140 6101
f 6142 6144 6138 6140
f 6145 6146 6147 6148
f 6148 6147 6137 6136
f 6143 6145 6148 6144
f 6144 6148 6136 6138
f 5781 6051 6149 6150
f 6051 6046 6151 6149
f 6150 6149 6152 6153
f 6149 6151 6154 6152
f 6043 6042 6155 6156
f 6156 6155 6157 6158
f 6046 6043 6156 6151
f 6151 6156 6158 6154
f 4803 4802 6159 6160
f 4802 4800 6161 6159
f 6160 6159 6158 6157
f 6159 6161 6154 6158
f 4798 4513 6162 6163
f 6163 6162 6153 6152
f 4800 4798 6163 6161
f 6161 6163 6152 6154
f 5865 5864 6164 6165
f 5864 5859 6166 6164
f 6165 6164 6167 6168
f 6164 6166 6169 6167
f 5856 5855 6170 6171
f 6171 6170 6172 6173
f 5859 5856 6171 6166
f 6166 6171 6173 6169
f 4616 4615 6174 6175
f 4615 4613 6176 6174
f 6175 6174 6173 6172
f 6174 6176 6169 6173
f 4610 4609 6177 6178
f 6178 6177 6168 6167
f 4613 4610 6178 6176
f 6176 6178 6167 6169
f 4616 6175 6179 4724
f 6175 6172 6180 6179
f 4724 6179 6181 4715
f 6179 6180 6182 6181
f 6170 5855 5973 6183
f 6183 5973 5970 6184
f 6172 6170 6183 6180
f 6180 6183 6184 6182
f 5781 6150 6185 5968
f 6150 6153 6186 6185
f 5968 6185 6184 5970
f 6185 6186 6182 6184
f 6162 4513 4712 6187
f 6187 4712 4715 6181
f 6153 6162 6187 6186
f 6186 6187 6181 6182
f 5543 5542 6188 6189
f 5542 5540 6190 6188
f 6189 6188 6191 6192
f 6188 6190 6193 6191
f 5537 5536 6194 6195
f 6195 6194 6196 6197
f 5540 5537 6195 6190
f 6190 6195 6197 6193
f 5247 5246 6198 6199
f 5246 5241 6200 6198
f 6199 6198 6197 6196
f 6198 6200 6193 6197
f 5238 5237 6201 6202
f 6202 6201 6192 6191
f 5241 5238 6202 6200
f 6200 6202 6191 6193
f 5730 5729 6203 6204
f 5729 5727 6205 6203
f 6204 6203 6206 6207
f 6203 6205 6208 6206
f 5725 5440 6209 6210
f 6210 6209 6211 6212
f 5727 5725 6210 6205
f 6205 6210 6212 6208
f 5163 5433 6213 6214
f 5433 5428 6215 6213
f 6214 6213 6212 6211
f 6213 6215 6208 6212
f 5425 5424 6216 6217
f 6217 6216 6207 6206
f 5428 5425 6217 6215
f 6215 6217 6206 6208
f 5163 6214 6218 5350
f 6214 6211 6219 6218
f 5350 6218 6220 5352
f 6218 6219 6221 6220
f 6209 5440 5639 6222
f 6222 5639 5642 6223
f 6211 6209 6222 6219
f 6219 6222 6223 6221
f 5543 6189 6224 5651
f 6189 6192 6225 6224
f 5651 6224 6223 5642
f 6224 6225 6221 6223
f 6201 5237 5355 6226
f 6226 5355 5352 6220
f 6192 6201 6226 6225
f 6225 6226 6220 6221
f 5852 5851 6227 6228
f 5851 5849 6229 6227
f 6228 6227 6230 6231
f 6227 6229 6232 6230
f 5846 5845 6233 6234
f 6234 6233 6235 6236
f 5849 5846 6234 6229
f 6229 6234 6236 6232
f 5556 5555 6237 6238
f 5555 5550 6239 6237
f 6238 6237 6236 6235
f 6237 6239 6232 6236
f 5547 5546 6240 6241
f 6241 6240 6231 6230
f 5550 5547 6241 6239
f 6239 6241 6230 6232
f 5749 5948 6242 6243
f 5948 5951 6244 6242
f 6243 6242 6245 6246
f 6242 6244 6247 6245
f 5960 5852 6228 6248
f 6248 6228 6231 6249
f 5951 5960 6248 6244
f 6244 6248 6249 6247
f 5546 5664 6250 6240
f 5664 5661 6251 6250
f 6240 6250 6249 6231
f 6250 6251 6247 6249
f 5659 5472 6252 6253
f 6253 6252 6246 6245
f 5661 5659 6253 6251
f 6251 6253 6245 6247
f 6039 6038 6254 6255
f 6038 6036 6256 6254
f 6255 6254 6257 6258
f 6254 6256 6259 6257
f 6034 5749 6243 6260
f 6260 6243 6246 6261
f 6036 6034 6260 6256
f 6256 6260 6261 6259
f 5472 5742 6262 6252
f 5742 5737 6263 6262
f 6252 6262 6261 6246
f 6262 6263 6259 6261
f 5734 5733 6264 6265
f 6265 6264 6258 6257
f 5737 5734 6265 6263
f 6263 6265 6257 6259
f 4786 4789 6266 6267
f 4789 4793 6268 6266
f 6267 6266 6269 6270
f 6266 6268 6271 6269
f 4804 4803 6160 6272
f 6272 6160 6157 6273
f 4793 4804 6272 6268
f 6268 6272 6273 6271
f 6042 6274 6275 6155
f 6274 6276 6277 6275
f 6155 6275 6273 6157
f 6275 6277 6271 6273
f 6278 6279 6280 6281
f 6281 6280 6270 6269
f 6276 6278 6281 6277
f 6277 6281 6269 6271
f 5424 5427 6282 6283
f 5427 5431 6284 6282
f 6283 6282 6285 6286
f 6282 6284 6287 6285
f 5438 5404 5407 6288
f 6288 5407 5411 6289
f 5431 5438 6288 6284
f 6284 6288 6289 6287
f 5421 6290 6291 5422
f 6290 6292 6293 6291
f 5422 6291 6289 5411
f 6291 6293 6287 6289
f 6294 6279 6295 6296
f 6296 6295 6286 6285
f 6292 6294 6296 6293
f 6293 6296 6285 6287
f 5713 5716 6297 6298
f 5716 5720 6299 6297
f 6298 6297 6300 6301
f 6297 6299 6302 6300
f 5731 5730 6204 6303
f 6303 6204 6207 6304
f 5720 5731 6303 6299
f 6299 6303 6304 6302
f 5424 6283 6305 6216
f 6283 6286 6306 6305
f 6216 6305 6304 6207
f 6305 6306 6302 6304
f 6295 6279 6307 6308
f 6308 6307 6301 6300
f 6286 6295 6308 6306
f 6306 6308 6300 6302
f 6042 6045 6309 6274
f 6045 6049 6310 6309
f 6274 6309 6311 6276
f 6309 6310 6312 6311
f 6056 6022 6025 6313
f 6313 6025 6029 6314
f 6049 6056 6313 6310
f 6310 6313 6314 6312
f 6039 6315 6316 6040
f 6315 6317 6318 6316
f 6040 6316 6314 6029
f 6316 6318 6312 6314
f 6319 6279 6278 6320
f 6320 6278 6276 6311
f 6317 6319 6320 6318
f 6318 6320 6311 6312
f 5112 6074 6321 6322
f 6074 6077 6323 6321
f 6322 6321 6324 6325
f 6321 6323 6326 6324
f 6086 4806 4809 6327
f 6327 4809 4813 6328
f 6077 6086 6327 6323
f 6323 6327 6328 6326
f 4786 6267 6329 4820
f 6267 6270 6330 6329
f 4820 6329 6328 4813
f 6329 6330 6326 6328
f 6280 6279 6331 6332
f 6332 6331 6325 6324
f 6270 6280 6332 6330
f 6330 6332 6324 6326
f 5421 6134 6333 6290
f 6134 6137 6334 6333
f 6290 6333 6335 6292
f 6333 6334 6336 6335
f 6147 6146 6337 6338
f 6338 6337 6339 6340
f 6137 6147 6338 6334
f 6334 6338 6340 6336
f 5115 6341 6342 6343
f 6341 6344 6345 6342
f 6343 6342 6340 6339
f 6342 6345 6336 6340
f 6346 6279 6294 6347
f 6347 6294 6292 6335
f 6344 6346 6347 6345
f 6345 6347 6335 6336
f 6039 6255 6348 6315
f 6255 6258 6349 6348
f 6315 6348 6350 6317
f 6348 6349 6351 6350
f 6264 5733 5736 6352
f 6352 5736 5740 6353
f 6258 6264 6352 6349
f 6349 6352 6353 6351
f 5713 6298 6354 5747
f 6298 6301 6355 6354
f 5747 6354 6353 5740
f 6354 6355 6351 6353
f 6307 6279 6319 6356
f 6356 6319 6317 6350
f 6301 6307 6356 6355
f 6355 6356 6350 6351
f 6107 6357 6358 6108
f 6357 6359 6360 6358
f 6108 6358 6361 6111
f 6358 6360 6362 6361
f 6363 4928 5046 6364
f 6364 5046 5043 6365
f 6359 6363 6364 6360
f 6360 6364 6365 6362
f 4854 6366 6367 5041
f 6366 6368 6369 6367
f 5041 6367 6365 5043
f 6367 6369 6362 6365
f 6370 6114 6113 6371
f 6371 6113 6111 6361
f 6368 6370 6371 6369
f 6369 6371 6361 6362
f 6125 6372 6373 6126
f 6372 6374 6375 6373
f 6126 6373 6376 6129
f 6373 6375 6377 6376
f 6378 4938 4937 6379
f 6379 4937 4932 6380
f 6374 6378 6379 6375
f 6375 6379 6380 6377
f 4928 6363 6381 4929
f 6363 6359 6382 6381
f 4929 6381 6380 4932
f 6381 6382 6377 6380
f 6357 6107 6131 6383
f 6383 6131 6129 6376
f 6359 6357 6383 6382
f 6382 6383 6376 6377
f 6114 6370 6384 6141
f 6370 6368 6385 6384
f 6141 6384 6386 6143
f 6384 6385 6387 6386
f 6366 4854 5124 6388
f 6388 5124 5119 6389
f 6368 6366 6388 6385
f 6385 6388 6389 6387
f 5115 6343 6390 5116
f 6343 6339 6391 6390
f 5116 6390 6389 5119
f 6390 6391 6387 6389
f 6337 6146 6145 6392
f 6392 6145 6143 6386
f 6339 6337 6392 6391
f 6391 6392 6386 6387
f 5115 5118 6393 6341
f 5118 5122 6394 6393
f 6341 6393 6395 6344
f 6393 6394 6396 6395
f 5129 5095 5098 6397
f 6397 5098 5102 6398
f 5122 5129 6397 6394
f 6394 6397 6398 6396
f 5112 6322 6399 5113
f 6322 6325 6400 6399
f 5113 6399 6398 5102
f 6399 6400 6396 6398
f 6331 6279 6346 6401
f 6401 6346 6344 6395
f 6325 6331 6401 6400
f 6400 6401 6395 6396
f 4609 4612 6402 6403
f 4612 4607 6404 6402
f 6403 6402 6405 6406
f 6402 6404 6407 6405
f 4605 4604 6408 6409
f 6409 6408 6410 6411
f 4607 4605 6409 6404
f 6404 6409 6411 6407
f 6412 6413 6414 6415
f 6413 6416 6417 6414
f 6415 6414 6411 6410
f 6414 6417 6407 6411
f 6418 6419 6420 6421
f 6421 6420 6406 6405
f 6416 6418 6421 6417
f 6417 6421 6405 6407
f 4604 4635 6422 6408
f 4635 4632 6423 6422
f 6408 6422 6424 6410
f 6422 6423 6425 6424
f 4630 4629 6426 6427
f 6427 6426 6428 6429
f 4632 4630 6427 6423
f 6423 6427 6429 6425
f 6430 6431 6432 6433
f 6431 6434 6435 6432
f 6433 6432 6429 6428
f 6432 6435 6425 6429
f 6436 6412 6415 6437
f 6437 6415 6410 6424
f 6434 6436 6437 6435
f 6435 6437 6424 6425
f 4918 4921 6438 6439
f 4921 4916 6440 6438
f 6439 6438 6441 6442
f 6438 6440 6443 6441
f 4914 4913 6444 6445
f 6445 6444 6446 6447
f 4916 4914 6445 6440
f 6440 6445 6447 6443
f 6448 6449 6450 6451
f 6449 6452 6453 6450
f 6451 6450 6447 6446
f 6450 6453 6443 6447
f 6454 6455 6456 6457
f 6457 6456 6442 6441
f 6452 6454 6457 6453
f 6453 6457 6441 6443
f 4913 4944 6458 6444
f 4944 4941 6459 6458
f 6444 6458 6460 6446
f 6458 6459 6461 6460
f 4939 4938 6462 6463
f 6463 6462 6464 6465
f 4941 4939 6463 6459
f 6459 6463 6465 6461
f 6466 6467 6468 6469
f 6467 6470 6471 6468
f 6469 6468 6465 6464
f 6468 6471 6461 6465
f 6472 6448 6451 6473
f 6473 6451 6446 6460
f 6470 6472 6473 6471
f 6471 6473 6460 6461
f 5227 5230 6474 6475
f 5230 5225 6476 6474
f 6475 6474 6477 6478
f 6474 6476 6479 6477
f 5223 5222 6480 6481
f 6481 6480 6482 6483
f 5225 5223 6481 6476
f 6476 6481 6483 6479
f 6484 6485 6486 6487
f 6485 6488 6489 6486
f 6487 6486 6483 6482
f 6486 6489 6479 6483
f 6490 6491 6492 6493
f 6493 6492 6478 6477
f 6488 6490 6493 6489
f 6489 6493 6477 6479
f 5222 5253 6494 6480
f 5253 5250 6495 6494
f 6480 6494 6496 6482
f 6494 6495 6497 6496
f 5248 5247 6498 6499
f 6499 6498 6500 6501
f 5250 5248 6499 6495
f 6495 6499 6501 6497
f 6502 6503 6504 6505
f 6503 6506 6507 6504
f 6505 6504 6501 6500
f 6504 6507 6497 6501
f 6508 6484 6487 6509
f 6509 6487 6482 6496
f 6506 6508 6509 6507
f 6507 6509 6496 6497
f 5536 5539 6510 6511
f 5539 5534 6512 6510
f 6511 6510 6513 6514
f 6510 6512 6515 6513
f 5532 5531 6516 6517
f 6517 6516 6518 6519
f 5534 5532 6517 6512
f 6512 6517 6519 6515
f 6520 6521 6522 6523
f 6521 6524 6525 6522
f 6523 6522 6519 6518
f 6522 6525 6515 6519
f 6526 6527 6528 6529
f 6529 6528 6514 6513
f 6524 6526 6529 6525
f 6525 6529 6513 6515
f 5531 5562 6530 6516
f 5562 5559 6531 6530
f 6516 6530 6532 6518
f 6530 6531 6533 6532
f 5557 5556 6534 6535
f 6535 6534 6536 6537
f 5559 5557 6535 6531
f 6531 6535 6537 6533
f 6538 6539 6540 6541
f 6539 6542 6543 6540
f 6541 6540 6537 6536
f 6540 6543 6533 6537
f 6544 6545 6546 6547
f 6547 6546 6548 6549
f 6542 6544 6547 6543
f 6543 6547 6549 6533
f 6520 6523 6550 6551
f 6523 6518 6532 6550
f 6551 6550 6549 6548
f 6550 6532 6533 6549
f 5845 5848 6552 6553
f 5848 5843 6554 6552
f 6553 6552 6555 6556
f 6552 6554 6557 6555
f 5841 5840 6558 6559
f 6559 6558 6560 6561
f 5843 5841 6559 6554
f 6554 6559 6561 6557
f 6562 6563 6564 6565
f 6563 6566 6567 6564
f 6565 6564 6561 6560
f 6564 6567 6557 6561
f 6568 6538 6569 6570
f 6570 6569 6556 6555
f 6566 6568 6570 6567
f 6567 6570 6555 6557
f 5840 5871 6571 6558
f 5871 5868 6572 6571
f 6558 6571 6573 6560
f 6571 6572 6574 6573
f 5866 5865 6575 6576
f 6576 6575 6577 6578
f 5868 5866 6576 6572
f 6572 6576 6578 6574
f 6579 6580 6581 6582
f 6580 6583 6584 6581
f 6582 6581 6578 6577
f 6581 6584 6574 6578
f 6585 6562 6565 6586
f 6586 6565 6560 6573
f 6583 6585 6586 6584
f 6584 6586 6573 6574
f 4629 6069 6587 6426
f 6069 6066 6588 6587
f 6426 6587 6589 6428
f 6587 6588 6590 6589
f 6064 4918 6439 6591
f 6591 6439 6442 6592
f 6066 6064 6591 6588
f 6588 6591 6592 6590
f 6455 6593 6594 6456
f 6593 6595 6596 6594
f 6456 6594 6592 6442
f 6594 6596 6590 6592
f 6597 6430 6433 6598
f 6598 6433 6428 6589
f 6595 6597 6598 6596
f 6596 6598 6589 6590
f 6125 6128 6599 6600
f 6128 6123 6601 6599
f 6600 6599 6602 6603
f 6599 6601 6604 6602
f 6121 5227 6475 6605
f 6605 6475 6478 6606
f 6123 6121 6605 6601
f 6601 6605 6606 6604
f 6491 6607 6608 6492
f 6607 6609 6610 6608
f 6492 6608 6606 6478
f 6608 6610 6604 6606
f 6611 6612 6613 6614
f 6614 6613 6603 6602
f 6609 6611 6614 6610
f 6610 6614 6602 6604
f 5865 6165 6615 6575
f 6165 6168 6616 6615
f 6575 6615 6617 6577
f 6615 6616 6618 6617
f 6177 4609 6403 6619
f 6619 6403 6406 6620
f 6168 6177 6619 6616
f 6616 6619 6620 6618
f 6419 6621 6622 6420
f 6621 6623 6624 6622
f 6420 6622 6620 6406
f 6622 6624 6618 6620
f 6625 6579 6582 6626
f 6626 6582 6577 6617
f 6623 6625 6626 6624
f 6624 6626 6617 6618
f 5247 6199 6627 6498
f 6199 6196 6628 6627
f 6498 6627 6629 6500
f 6627 6628 6630 6629
f 6194 5536 6511 6631
f 6631 6511 6514 6632
f 6196 6194 6631 6628
f 6628 6631 6632 6630
f 6527 6633 6634 6528
f 6633 6635 6636 6634
f 6528 6634 6632 6514
f 6634 6636 6630 6632
f 6637 6502 6505 6638
f 6638 6505 6500 6629
f 6635 6637 6638 6636
f 6636 6638 6629 6630
f 5556 6238 6639 6534
f 6238 6235 6640 6639
f 6534 6639 6641 6536
f 6639 6640 6642 6641
f 6233 5845 6553 6643
f 6643 6553 6556 6644
f 6235 6233 6643 6640
f 6640 6643 6644 6642
f 6538 6541 6645 6569
f 6541 6536 6641 6645
f 6569 6645 6644 6556
f 6645 6641 6642 6644
f 4938 6378 6646 6462
f 6378 6374 6647 6646
f 6462 6646 6648 6464
f 6646 6647 6649 6648
f 6372 6125 6600 6650
f 6650 6600 6603 6651
f 6374 6372 6650 6647
f 6647 6650 6651 6649
f 6612 6652 6653 6613
f 6652 6654 6655 6653
f 6613 6653 6651 6603
f 6653 6655 6649 6651
f 6656 6466 6469 6657
f 6657 6469 6464 6648
f 6654 6656 6657 6655
f 6655 6657 6648 6649
f 6412 6436 6658 6659
f 6436 6434 6660 6658
f 6659 6658 6661 6662
f 6658 6660 6663 6661
f 6431 6430 6597 6664
f 6664 6597 6595 6665
f 6434 6431 6664 6660
f 6660 6664 6665 6663
f 6455 6666 6667 6593
f 6666 6668 6669 6667
f 6593 6667 6665 6595
f 6667 6669 6663 6665
f 6670 6545 6671 6672
f 6672 6671 6662 6661
f 6668 6670 6672 6669
f 6669 6672 6661 6663
f 6455 6454 6673 6666
f 6454 6452 6674 6673
f 6666 6673 6675 6668
f 6673 6674 6676 6675
f 6449 6448 6472 6677
f 6677 6472 6470 6678
f 6452 6449 6677 6674
f 6674 6677 6678 6676
f 6466 6679 6680 6467
f 6679 6681 6682 6680
f 6467 6680 6678 6470
f 6680 6682 6676 6678
f 6683 6545 6670 6684
f 6684 6670 6668 6675
f 6681 6683 6684 6682
f 6682 6684 6675 6676
f 6491 6490 6685 6686
f 6490 6488 6687 6685
f 6686 6685 6688 6689
f 6685 6687 6690 6688
f 6485 6484 6508 6691
f 6691 6508 6506 6692
f 6488 6485 6691 6687
f 6687 6691 6692 6690
f 6502 6693 6694 6503
f 6693 6695 6696 6694
f 6503 6694 6692 6506
f 6694 6696 6690 6692
f 6697 6545 6698 6699
f 6699 6698 6689 6688
f 6695 6697 6699 6696
f 6696 6699 6688 6690
f 6538 6568 6700 6539
f 6568 6566 6701 6700
f 6539 6700 6702 6542
f 6700 6701 6703 6702
f 6563 6562 6585 6704
f 6704 6585 6583 6705
f 6566 6563 6704 6701
f 6701 6704 6705 6703
f 6579 6706 6707 6580
f 6706 6708 6709 6707
f 6580 6707 6705 6583
f 6707 6709 6703 6705
f 6710 6545 6544 6711
f 6711 6544 6542 6702
f 6708 6710 6711 6709
f 6709 6711 6702 6703
f 6579 6625 6712 6706
f 6625 6623 6713 6712
f 6706 6712 6714 6708
f 6712 6713 6715 6714
f 6621 6419 6418 6716
f 6716 6418 6416 6717
f 6623 6621 6716 6713
f 6713 6716 6717 6715
f 6412 6659 6718 6413
f 6659 6662 6719 6718
f 6413 6718 6717 6416
f 6718 6719 6715 6717
f 6671 6545 6710 6720
f 6720 6710 6708 6714
f 6662 6671 6720 6719
f 6719 6720 6714 6715
f 6502 6637 6721 6693
f 6637 6635 6722 6721
f 6693 6721 6723 6695
f 6721 6722 6724 6723
f 6633 6527 6526 6725
f 6725 6526 6524 6726
f 6635 6633 6725 6722
f 6722 6725 6726 6724
f 6520 6551 6727 6521
f 6551 6548 6728 6727
f 6521 6727 6726 6524
f 6727 6728 6724 6726
f 6546 6545 6697 6729
f 6729 6697 6695 6723
f 6548 6546 6729 6728
f 6728 6729 6723 6724
f 6466 6656 6730 6679
f 6656 6654 6731 6730
f 6679 6730 6732 6681
f 6730 6731 6733 6732
f 6652 6612 6611 6734
f 6734 6611 6609 6735
f 6654 6652 6734 6731
f 6731 6734 6735 6733
f 6491 6686 6736 6607
f 6686 6689 6737 6736
f 6607 6736 6735 6609
f 6736 6737 6733 6735
f 6698 6545 6683 6738
f 6738 6683 6681 6732
f 6689 6698 6738 6737
f 6737 6738 6732 6733
f 6739 6740 6741 6742
f 6740 6743 6744 6741
f 6742 6741 6745 6746
f 6741 6744 6747 6745
f 6748 6749 6750 6751
f 6751 6750 6752 6753
f 6743 6748 6751 6744
f 6744 6751 6753 6747
f 6754 6755 6756 6757
f 6755 6758 6759 6756
f 6757 6756 6753 6752
f 6756 6759 6747 6753
f 6760 6761 6762 6763
f 6763 6762 6746 6745
f 6758 6760 6763 6759
f 6759 6763 6745 6747
f 6739 6742 6764 6765
f 6742 6746 6766 6764
f 6765 6764 6767 6768
f 6764 6766 6769 6767
f 6762 6761 6770 6771
f 6771 6770 6772 6773
f 6746 6762 6771 6766
f 6766 6771 6773 6769
f 6774 6775 6776 6777
f 6775 6778 6779 6776
f 6777 6776 6773 6772
f 6776 6779 6769 6773
f 6780 6781 6782 6783
f 6783 6782 6768 6767
f 6778 6780 6783 6779
f 6779 6783 6767 6769
f 6739 6765 6784 6785
f 6765 6768 6786 6784
f 6785 6784 6787 6788
f 6784 6786 6789 6787
f 6782 6781 6790 6791
f 6791 6790 6792 6793
f 6768 6782 6791 6786
f 6786 6791 6793 6789
f 6794 6795 6796 6797
f 6795 6798 6799 6796
f 6797 6796 6793 6792
f 6796 6799 6789 6793
f 6800 6801 6802 6803
f 6803 6802 6788 6787
f 6798 6800 6803 6799
f 6799 6803 6787 6789
f 6739 6785 6804 6740
f 6785 6788 6805 6804
f 6740 6804 6806 6743
f 6804 6805 6807 6806
f 6802 6801 6808 6809
f 6809 6808 6810 6811
f 6788 6802 6809 6805
f 6805 6809 6811 6807
f 6812 6813 6814 6815
f 6813 6816 6817 6814
f 6815 6814 6811 6810
f 6814 6817 6807 6811
f 6818 6749 6748 6819
f 6819 6748 6743 6806
f 6816 6818 6819 6817
f 6817 6819 6806 6807
f 6820 6821 6822 6823
f 6821 6824 6825 6822
f 6823 6822 6826 6827
f 6822 6825 6828 6826
f 6829 6830 6831 6832
f 6832 6831 6833 6834
f 6824 6829 6832 6825
f 6825 6832 6834 6828
f 6835 6836 6837 6838
f 6836 6839 6840 6837
f 6838 6837 6834 6833
f 6837 6840 6828 6834
f 6841 6842 6843 6844
f 6844 6843 6827 6826
f 6839 6841 6844 6840
f 6840 6844 6826 6828
f 6842 6841 6845 6846
f 6841 6839 6847 6845
f 6846 6845 6848 6849
f 6845 6847 6850 6848
f 6836 6835 6851 6852
f 6852 6851 6853 6854
f 6839 6836 6852 6847
f 6847 6852 6854 6850
f 6855 6856 6857 6858
f 6856 6859 6860 6857
f 6858 6857 6854 6853
f 6857 6860 6850 6854
f 6861 6862 6863 6864
f 6864 6863 6849 6848
f 6859 6861 6864 6860
f 6860 6864 6848 6850
f 6862 6861 6865 6866
f 6861 6859 6867 6865
f 6866 6865 6868 6869
f 6865 6867 6870 6868
f 6856 6855 6871 6872
f 6872 6871 6873 6874
f 6859 6856 6872 6867
f 6867 6872 6874 6870
f 6875 6876 6877 6878
f 6876 6879 6880 6877
f 6878 6877 6874 6873
f 6877 6880 6870 6874
f 6881 6882 6883 6884
f 6884 6883 6869 6868
f 6879 6881 6884 6880
f 6880 6884 6868 6870
f 6882 6881 6885 6886
f 6881 6879 6887 6885
f 6886 6885 6888 6889
f 6885 6887 6890 6888
f 6876 6875 6891 6892
f 6892 6891 6893 6894
f 6879 6876 6892 6887
f 6887 6892 6894 6890
f 6895 6896 6897 6898
f 6896 6899 6900 6897
f 6898 6897 6894 6893
f 6897 6900 6890 6894
f 6901 6902 6903 6904
f 6904 6903 6889 6888
f 6899 6901 6904 6900
f 6900 6904 6888 6890
f 6902 6901 6905 6906
f 6901 6899 6907 6905
f 6906 6905 6908 6909
f 6905 6907 6910 6908
f 6896 6895 6911 6912
f 6912 6911 6913 6914
f 6899 6896 6912 6907
f 6907 6912 6914 6910
f 6915 6916 6917 6918
f 6916 6919 6920 6917
f 6918 6917 6914 6913
f 6917 6920 6910 6914
f 6921 6922 6923 6924
f 6924 6923 6909 6908
f 6919 6921 6924 6920
f 6920 6924 6908 6910
f 6922 6921 6925 6926
f 6921 6919 6927 6925
f 6926 6925 6928 6929
f 6925 6927 6930 6928
f 6916 6915 6931 6932
f 6932 6931 6933 6934
f 6919 6916 6932 6927
f 6927 6932 6934 6930
f 6935 6936 6937 6938
f 6936 6939 6940 6937
f 6938 6937 6934 6933
f 6937 6940 6930 6934
f 6941 6942 6943 6944
f 6944 6943 6929 6928
f 6939 6941 6944 6940
f 6940 6944 6928 6930
f 6942 6941 6945 6946
f 6941 6939 6947 6945
f 6946 6945 6948 6949
f 6945 6947 6950 6948
f 6936 6935 6951 6952
f 6952 6951 6953 6954
f 6939 6936 6952 6947
f 6947 6952 6954 6950
f 6955 6956 6957 6958
f 6956 6959 6960 6957
f 6958 6957 6954 6953
f 6957 6960 6950 6954
f 6961 6962 6963 6964
f 6964 6963 6949 6948
f 6959 6961 6964 6960
f 6960 6964 6948 6950
f 6962 6961 6965 6966
f 6961 6959 6967 6965
f 6966 6965 6968 6969
f 6965 6967 6970 6968
f 6956 6955 6971 6972
f 6972 6971 6973 6974
f 6959 6956 6972 6967
f 6967 6972 6974 6970
f 6830 6829 6975 6976
f 6829 6824 6977 6975
f 6976 6975 6974 6973
f 6975 6977 6970 6974
f 6821 6820 6978 6979
f 6979 6978 6969 6968
f 6824 6821 6979 6977
f 6977 6979 6968 6970
f 6830 6980 6981 6831
f 6980 6982 6983 6981
f 6831 6981 6984 6833
f 6981 6983 6985 6984
f 6986 6987 6988 6989
f 6989 6988 6990 6991
f 6982 6986 6989 6983
f 6983 6989 6991 6985
f 6992 6993 6994 6995
f 6993 6996 6997 6994
f 6995 6994 6991 6990
f 6994 6997 6985 6991
f 6998 6835 6838 6999
f 6999 6838 6833 6984
f 6996 6998 6999 6997
f 6997 6999 6984 6985
f 6835 6998 7000 6851
f 6998 6996 7001 7000
f 6851 7000 7002 6853
f 7000 7001 7003 7002
f 6993 6992 7004 7005
f 7005 7004 7006 7007
f 6996 6993 7005 7001
f 7001 7005 7007 7003
f 7008 7009 7010 7011
f 7009 7012 7013 7010
f 7011 7010 7007 7006
f 7010 7013 7003 7007
f 7014 6855 6858 7015
f 7015 6858 6853 7002
f 7012 7014 7015 7013
f 7013 7015 7002 7003
f 6855 7014 7016 6871
f 7014 7012 7017 7016
f 6871 7016 7018 6873
f 7016 7017 7019 7018
f 7009 7008 7020 7021
f 7021 7020 7022 7023
f 7012 7009 7021 7017
f 7017 7021 7023 7019
f 7024 7025 7026 7027
f 7025 7028 7029 7026
f 7027 7026 7023 7022
f 7026 7029 7019 7023
f 7030 6875 6878 7031
f 7031 6878 6873 7018
f 7028 7030 7031 7029
f 7029 7031 7018 7019
f 6875 7030 7032 6891
f 7030 7028 7033 7032
f 6891 7032 7034 6893
f 7032 7033 7035 7034
f 7025 7024 7036 7037
f 7037 7036 7038 7039
f 7028 7025 7037 7033
f 7033 7037 7039 7035
f 7040 7041 7042 7043
f 7041 7044 7045 7042
f 7043 7042 7039 7038
f 7042 7045 7035 7039
f 7046 6895 6898 7047
f 7047 6898 6893 7034
f 7044 7046 7047 7045
f 7045 7047 7034 7035
f 6895 7046 7048 6911
f 7046 7044 7049 7048
f 6911 7048 7050 6913
f 7048 7049 7051 7050
f 7041 7040 7052 7053
f 7053 7052 7054 7055
f 7044 7041 7053 7049
f 7049 7053 7055 7051
f 7056 7057 7058 7059
f 7057 7060 7061 7058
f 7059 7058 7055 7054
f 7058 7061 7051 7055
f 7062 6915 6918 7063
f 7063 6918 6913 7050
f 7060 7062 7063 7061
f 7061 7063 7050 7051
f 6915 7062 7064 6931
f 7062 7060 7065 7064
f 6931 7064 7066 6933
f 7064 7065 7067 7066
f 7057 7056 7068 7069
f 7069 7068 7070 7071
f 7060 7057 7069 7065
f 7065 7069 7071 7067
f 7072 7073 7074 7075
f 7073 7076 7077 7074
f 7075 7074 7071 7070
f 7074 7077 7067 7071
f 7078 6935 6938 7079
f 7079 6938 6933 7066
f 7076 7078 7079 7077
f 7077 7079 7066 7067
f 6935 7078 7080 6951
f 7078 7076 7081 7080
f 6951 7080 7082 6953
f 7080 7081 7083 7082
f 7073 7072 7084 7085
f 7085 7084 7086 7087
f 7076 7073 7085 7081
f 7081 7085 7087 7083
f 7088 7089 7090 7091
f 7089 7092 7093 7090
f 7091 7090 7087 7086
f 7090 7093 7083 7087
f 7094 6955 6958 7095
f 7095 6958 6953 7082
f 7092 7094 7095 7093
f 7093 7095 7082 7083
f 6955 7094 7096 6971
f 7094 7092 7097 7096
f 6971 7096 7098 6973
f 7096 7097 7099 7098
f 7089 7088 7100 7101
f 7101 7100 7102 7103
f 7092 7089 7101 7097
f 7097 7101 7103 7099
f 6987 6986 7104 7105
f 6986 6982 7106 7104
f 7105 7104 7103 7102
f 7104 7106 7099 7103
f 6980 6830 6976 7107
f 7107 6976 6973 7098
f 6982 6980 7107 7106
f 7106 7107 7098 7099
f 7108 7109 7110 7111
f 7109 7112 7113 7110
f 7111 7110 7114 7115
f 7110 7113 7116 7114
f 7117 6992 6995 7118
f 7118 6995 6990 7119
f 7112 7117 7118 7113
f 7113 7118 7119 7116
f 6987 7120 7121 6988
f 7120 7115 7114 7121
f 6988 7121 7119 6990
f 7121 7114 7116 7119
f 7108 7122 7123 7109
f 7122 7124 7125 7123
f 7109 7123 7126 7112
f 7123 7125 7127 7126
f 7128 7008 7011 7129
f 7129 7011 7006 7130
f 7124 7128 7129 7125
f 7125 7129 7130 7127
f 6992 7117 7131 7004
f 7117 7112 7126 7131
f 7004 7131 7130 7006
f 7131 7126 7127 7130
f 7108 7132 7133 7122
f 7132 7134 7135 7133
f 7122 7133 7136 7124
f 7133 7135 7137 7136
f 7138 7024 7027 7139
f 7139 7027 7022 7140
f 7134 7138 7139 7135
f 7135 7139 7140 7137
f 7008 7128 7141 7020
f 7128 7124 7136 7141
f 7020 7141 7140 7022
f 7141 7136 7137 7140
f 7108 7142 7143 7132
f 7142 7144 7145 7143
f 7132 7143 7146 7134
f 7143 7145 7147 7146
f 7148 7040 7043 7149
f 7149 7043 7038 7150
f 7144 7148 7149 7145
f 7145 7149 7150 7147
f 7024 7138 7151 7036
f 7138 7134 7146 7151
f 7036 7151 7150 7038
f 7151 7146 7147 7150
f 7108 7152 7153 7142
f 7152 7154 7155 7153
f 7142 7153 7156 7144
f 7153 7155 7157 7156
f 7158 7056 7059 7159
f 7159 7059 7054 7160
f 7154 7158 7159 7155
f 7155 7159 7160 7157
f 7040 7148 7161 7052
f 7148 7144 7156 7161
f 7052 7161 7160 7054
f 7161 7156 7157 7160
f 7108 7162 7163 7152
f 7162 7164 7165 7163
f 7152 7163 7166 7154
f 7163 7165 7167 7166
f 7168 7072 7075 7169
f 7169 7075 7070 7170
f 7164 7168 7169 7165
f 7165 7169 7170 7167
f 7056 7158 7171 7068
f 7158 7154 7166 7171
f 7068 7171 7170 7070
f 7171 7166 7167 7170
f 7108 7172 7173 7162
f 7172 7174 7175 7173
f 7162 7173 7176 7164
f 7173 7175 7177 7176
f 7178 7088 7091 7179
f 7179 7091 7086 7180
f 7174 7178 7179 7175
f 7175 7179 7180 7177
f 7072 7168 7181 7084
f 7168 7164 7176 7181
f 7084 7181 7180 7086
f 7181 7176 7177 7180
f 7108 7111 7182 7172
f 7111 7115 7183 7182
f 7172 7182 7184 7174
f 7182 7183 7185 7184
f 7120 6987 7105 7186
f 7186 7105 7102 7187
f 7115 7120 7186 7183
f 7183 7186 7187 7185
f 7088 7178 7188 7100
f 7178 7174 7184 7188
f 7100 7188 7187 7102
f 7188 7184 7185 7187
f 6820 6823 7189 7190
f 6823 6827 7191 7189
f 7190 7189 7192 7193
f 7189 7191 7194 7192
f 6843 6842 7195 7196
f 7196 7195 7197 7198
f 6827 6843 7196 7191
f 7191 7196 7198 7194
f 7199 7200 7201 7202
f 7200 7203 7204 7201
f 7202 7201 7198 7197
f 7201 7204 7194 7198
f 7205 7206 7207 7208
f 7208 7207 7193 7192
f 7203 7205 7208 7204
f 7204 7208 7192 7194
f 6842 6846 7209 7195
f 6846 6849 7210 7209
f 7195 7209 7211 7197
f 7209 7210 7212 7211
f 6863 6862 7213 7214
f 7214 7213 7215 7216
f 6849 6863 7214 7210
f 7210 7214 7216 7212
f 7217 7218 7219 7220
f 7218 7221 7222 7219
f 7220 7219 7216 7215
f 7219 7222 7212 7216
f 7223 7199 7202 7224
f 7224 7202 7197 7211
f 7221 7223 7224 7222
f 7222 7224 7211 7212
f 6862 6866 7225 7213
f 6866 6869 7226 7225
f 7213 7225 7227 7215
f 7225 7226 7228 7227
f 6883 6882 7229 7230
f 7230 7229 7231 7232
f 6869 6883 7230 7226
f 7226 7230 7232 7228
f 7233 7234 7235 7236
f 7234 7237 7238 7235
f 7236 7235 7232 7231
f 7235 7238 7228 7232
f 7239 7217 7220 7240
f 7240 7220 7215 7227
f 7237 7239 7240 7238
f 7238 7240 7227 7228
f 6882 6886 7241 7229
f 6886 6889 7242 7241
f 7229 7241 7243 7231
f 7241 7242 7244 7243
f 6903 6902 7245 7246
f 7246 7245 7247 7248
f 6889 6903 7246 7242
f 7242 7246 7248 7244
f 7249 7250 7251 7252
f 7250 7253 7254 7251
f 7252 7251 7248 7247
f 7251 7254 7244 7248
f 7255 7233 7236 7256
f 7256 7236 7231 7243
f 7253 7255 7256 7254
f 7254 7256 7243 7244
f 6902 6906 7257 7245
f 6906 6909 7258 7257
f 7245 7257 7259 7247
f 7257 7258 7260 7259
f 6923 6922 7261 7262
f 7262 7261 7263 7264
f 6909 6923 7262 7258
f 7258 7262 7264 7260
f 7265 7266 7267 7268
f 7266 7269 7270 7267
f 7268 7267 7264 7263
f 7267 7270 7260 7264
f 7271 7249 7252 7272
f 7272 7252 7247 7259
f 7269 7271 7272 7270
f 7270 7272 7259 7260
f 6922 6926 7273 7261
f 6926 6929 7274 7273
f 7261 7273 7275 7263
f 7273 7274 7276 7275
f 6943 6942 7277 7278
f 7278 7277 7279 7280
f 6929 6943 7278 7274
f 7274 7278 7280 7276
f 7281 7282 7283 7284
f 7282 7285 7286 7283
f 7284 7283 7280 7279
f 7283 7286 7276 7280
f 7287 7265 7268 7288
f 7288 7268 7263 7275
f 7285 7287 7288 7286
f 7286 7288 7275 7276
f 6942 6946 7289 7277
f 6946 6949 7290 7289
f 7277 7289 7291 7279
f 7289 7290 7292 7291
f 6963 6962 7293 7294
f 7294 7293 7295 7296
f 6949 6963 7294 7290
f 7290 7294 7296 7292
f 7297 7298 7299 7300
f 7298 7301 7302 7299
f 7300 7299 7296 7295
f 7299 7302 7292 7296
f 7303 7281 7284 7304
f 7304 7284 7279 7291
f 7301 7303 7304 7302
f 7302 7304 7291 7292
f 6962 6966 7305 7293
f 6966 6969 7306 7305
f 7293 7305 7307 7295
f 7305 7306 7308 7307
f 6978 6820 7190 7309
f 7309 7190 7193 7310
f 6969 6978 7309 7306
f 7306 7309 7310 7308
f 7206 7311 7312 7207
f 7311 7313 7314 7312
f 7207 7312 7310 7193
f 7312 7314 7308 7310
f 7315 7297 7300 7316
f 7316 7300 7295 7307
f 7313 7315 7316 7314
f 7314 7316 7307 7308
f 7206 7205 7317 7318
f 7205 7203 7319 7317
f 7318 7317 7320 7321
f 7317 7319 7322 7320
f 7200 7199 7323 7324
f 7324 7323 7325 7326
f 7203 7200 7324 7319
f 7319 7324 7326 7322
f 6754 6757 7327 7328
f 6757 6752 7329 7327
f 7328 7327 7326 7325
f 7327 7329 7322 7326
f 6750 6749 7330 7331
f 7331 7330 7321 7320
f 6752 6750 7331 7329
f 7329 7331 7320 7322
f 7199 7223 7332 7323
f 7223 7221 7333 7332
f 7323 7332 7334 7325
f 7332 7333 7335 7334
f 7218 7217 7336 7337
f 7337 7336 7338 7339
f 7221 7218 7337 7333
f 7333 7337 7339 7335
f 6761 6760 7340 7341
f 6760 6758 7342 7340
f 7341 7340 7339 7338
f 7340 7342 7335 7339
f 6755 6754 7328 7343
f 7343 7328 7325 7334
f 6758 6755 7343 7342
f 7342 7343 7334 7335
f 7217 7239 7344 7336
f 7239 7237 7345 7344
f 7336 7344 7346 7338
f 7344 7345 7347 7346
f 7234 7233 7348 7349
f 7349 7348 7350 7351
f 7237 7234 7349 7345
f 7345 7349 7351 7347
f 6774 6777 7352 7353
f 6777 6772 7354 7352
f 7353 7352 7351 7350
f 7352 7354 7347 7351
f 6770 6761 7341 7355
f 7355 7341 7338 7346
f 6772 6770 7355 7354
f 7354 7355 7346 7347
f 7233 7255 7356 7348
f 7255 7253 7357 7356
f 7348 7356 7358 7350
f 7356 7357 7359 7358
f 7250 7249 7360 7361
f 7361 7360 7362 7363
f 7253 7250 7361 7357
f 7357 7361 7363 7359
f 6781 6780 7364 7365
f 6780 6778 7366 7364
f 7365 7364 7363 7362
f 7364 7366 7359 7363
f 6775 6774 7353 7367
f 7367 7353 7350 7358
f 6778 6775 7367 7366
f 7366 7367 7358 7359
f 7249 7271 7368 7360
f 7271 7269 7369 7368
f 7360 7368 7370 7362
f 7368 7369 7371 7370
f 7266 7265 7372 7373
f 7373 7372 7374 7375
f 7269 7266 7373 7369
f 7369 7373 7375 7371
f 6794 6797 7376 7377
f 6797 6792 7378 7376
f 7377 7376 7375 7374
f 7376 7378 7371 7375
f 6790 6781 7365 7379
f 7379 7365 7362 7370
f 6792 6790 7379 7378
f 7378 7379 7370 7371
f 7265 7287 7380 7372
f 7287 7285 7381 7380
f 7372 7380 7382 7374
f 7380 7381 7383 7382
f 7282 7281 7384 7385
f 7385 7384 7386 7387
f 7285 7282 7385 7381
f 7381 7385 7387 7383
f 6801 6800 7388 7389
f 6800 6798 7390 7388
f 7389 7388 7387 7386
f 7388 7390 7383 7387
f 6795 6794 7377 7391
f 7391 7377 7374 7382
f 6798 6795 7391 7390
f 7390 7391 7382 7383
f 7281 7303 7392 7384
f 7303 7301 7393 7392
f 7384 7392 7394 7386
f 7392 7393 7395 7394
f 7298 7297 7396 7397
f 7397 7396 7398 7399
f 7301 7298 7397 7393
f 7393 7397 7399 7395
f 6812 6815 7400 7401
f 6815 6810 7402 7400
f 7401 7400 7399 7398
f 7400 7402 7395 7399
f 6808 6801 7389 7403
f 7403 7389 7386 7394
f 6810 6808 7403 7402
f 7402 7403 7394 7395
f 7297 7315 7404 7396
f 7315 7313 7405 7404
f 7396 7404 7406 7398
f 7404 7405 7407 7406
f 7311 7206 7318 7408
f 7408 7318 7321 7409
f 7313 7311 7408 7405
f 7405 7408 7409 7407
f 6749 6818 7410 7330
f 6818 6816 7411 7410
f 7330 7410 7409 7321
f 7410 7411 7407 7409
f 6813 6812 7401 7412
f 7412 7401 7398 7406
f 6816 6813 7412 7411
f 7411 7412 7406 7407
f 7413 7414 7415 7416
f 7414 7417 7418 7415
f 7416 7415 7419 7420
f 7415 7418 7421 7419
f 7422 7423 7424 7425
f 7425 7424 7426 7427
f 7417 7422 7425 7418
f 7418 7425 7427 7421
f 3619 3920 7428 7429
f 3920 3916 7430 7428
f 7429 7428 7427 7426
f 7428 7430 7421 7427
f 3914 3913 7431 7432
f 7432 7431 7420 7419
f 3916 3914 7432 7430
f 7430 7432 7419 7421
f 7433 7434 7435 7436
f 7434 7437 7438 7435
f 7436 7435 7439 7440
f 7435 7438 7441 7439
f 7442 7413 7416 7443
f 7443 7416 7420 7444
f 7437 7442 7443 7438
f 7438 7443 7444 7441
f 3913 3934 7445 7431
f 3934 3931 7446 7445
f 7431 7445 7444 7420
f 7445 7446 7441 7444
f 3929 3600 7447 7448
f 7448 7447 7440 7439
f 3931 3929 7448 7446
f 7446 7448 7439 7441
f 7449 7450 7451 7452
f 7450 7453 7454 7451
f 7452 7451 7455 7456
f 7451 7454 7457 7455
f 7458 7433 7436 7459
f 7459 7436 7440 7460
f 7453 7458 7459 7454
f 7454 7459 7460 7457
f 3600 3652 7461 7447
f 3652 3647 7462 7461
f 7447 7461 7460 7440
f 7461 7462 7457 7460
f 3644 3643 7463 7464
f 7464 7463 7456 7455
f 3647 3644 7464 7462
f 7462 7464 7455 7457
f 7465 7466 7467 7468
f 7466 7469 7470 7467
f 7468 7467 7471 7472
f 7467 7470 7473 7471
f 7474 7449 7452 7475
f 7475 7452 7456 7476
f 7469 7474 7475 7470
f 7470 7475 7476 7473
f 3643 3712 7477 7463
f 3712 3707 7478 7477
f 7463 7477 7476 7456
f 7477 7478 7473 7476
f 3704 3703 7479 7480
f 7480 7479 7472 7471
f 3707 3704 7480 7478
f 7478 7480 7471 7473
f 7481 7482 7483 7484
f 7482 7485 7486 7483
f 7484 7483 7487 7488
f 7483 7486 7489 7487
f 7490 7465 7468 7491
f 7491 7468 7472 7492
f 7485 7490 7491 7486
f 7486 7491 7492 7489
f 3703 3729 7493 7479
f 3729 3725 7494 7493
f 7479 7493 7492 7472
f 7493 7494 7489 7492
f 3723 3673 7495 7496
f 7496 7495 7488 7487
f 3725 3723 7496 7494
f 7494 7496 7487 7489
f 7497 7498 7499 7500
f 7498 7501 7502 7499
f 7500 7499 7503 7504
f 7499 7502 7505 7503
f 7506 7481 7484 7507
f 7507 7484 7488 7508
f 7501 7506 7507 7502
f 7502 7507 7508 7505
f 3673 3672 7509 7495
f 3672 3667 7510 7509
f 7495 7509 7508 7488
f 7509 7510 7505 7508
f 3664 3663 7511 7512
f 7512 7511 7504 7503
f 3667 3664 7512 7510
f 7510 7512 7503 7505
f 7513 7514 7515 7516
f 7514 7517 7518 7515
f 7516 7515 7519 7520
f 7515 7518 7521 7519
f 7522 7497 7500 7523
f 7523 7500 7504 7524
f 7517 7522 7523 7518
f 7518 7523 7524 7521
f 3663 3694 7525 7511
f 3694 3690 7526 7525
f 7511 7525 7524 7504
f 7525 7526 7521 7524
f 3688 3629 7527 7528
f 7528 7527 7520 7519
f 3690 3688 7528 7526
f 7526 7528 7519 7521
f 7423 7529 7530 7424
f 7529 7531 7532 7530
f 7424 7530 7533 7426
f 7530 7532 7534 7533
f 7535 7513 7516 7536
f 7536 7516 7520 7537
f 7531 7535 7536 7532
f 7532 7536 7537 7534
f 3629 3628 7538 7527
f 3628 3623 7539 7538
f 7527 7538 7537 7520
f 7538 7539 7534 7537
f 3620 3619 7429 7540
f 7540 7429 7426 7533
f 3623 3620 7540 7539
f 7539 7540 7533 7534
f 7541 7542 7543 7544
f 7542 7545 7546 7543
f 7544 7543 7547 7548
f 7543 7546 7549 7547
f 7550 7551 7552 7553
f 7553 7552 7554 7555
f 7545 7550 7553 7546
f 7546 7553 7555 7549
f 2300 2303 7556 7557
f 2303 2307 7558 7556
f 7557 7556 7555 7554
f 7556 7558 7549 7555
f 2323 2322 7559 7560
f 7560 7559 7548 7547
f 2307 2323 7560 7558
f 7558 7560 7547 7549
f 7561 7562 7563 7564
f 7562 7565 7566 7563
f 7564 7563 7567 7568
f 7563 7566 7569 7567
f 7570 7541 7544 7571
f 7571 7544 7548 7572
f 7565 7570 7571 7566
f 7566 7571 7572 7569
f 2322 3640 7573 7559
f 3640 3638 7574 7573
f 7559 7573 7572 7548
f 7573 7574 7569 7572
f 3635 3634 7575 7576
f 7576 7575 7568 7567
f 3638 3635 7576 7574
f 7574 7576 7567 7569
f 7577 7578 7579 7580
f 7578 7581 7582 7579
f 7580 7579 7583 7584
f 7579 7582 7585 7583
f 7586 7561 7564 7587
f 7587 7564 7568 7588
f 7581 7586 7587 7582
f 7582 7587 7588 7585
f 3634 3701 7589 7575
f 3701 3699 7590 7589
f 7575 7589 7588 7568
f 7589 7590 7585 7588
f 3697 3685 7591 7592
f 7592 7591 7584 7583
f 3699 3697 7592 7590
f 7590 7592 7583 7585
f 7593 7594 7595 7596
f 7594 7597 7598 7595
f 7596 7595 7599 7600
f 7595 7598 7601 7599
f 7602 7577 7580 7603
f 7603 7580 7584 7604
f 7597 7602 7603 7598
f 7598 7603 7604 7601
f 3685 3684 7605 7591
f 3684 3682 7606 7605
f 7591 7605 7604 7584
f 7605 7606 7601 7604
f 3679 3678 7607 7608
f 7608 7607 7600 7599
f 3682 3679 7608 7606
f 7606 7608 7599 7601
f 7609 7610 7611 7612
f 7610 7613 7614 7611
f 7612 7611 7615 7616
f 7611 7614 7617 7615
f 7618 7593 7596 7619
f 7619 7596 7600 7620
f 7613 7618 7619 7614
f 7614 7619 7620 7617
f 3678 3736 7621 7607
f 3736 3734 7622 7621
f 7607 7621 7620 7600
f 7621 7622 7617 7620
f 3732 3720 7623 7624
f 7624 7623 7616 7615
f 3734 3732 7624 7622
f 7622 7624 7615 7617
f 7625 7626 7627 7628
f 7626 7629 7630 7627
f 7628 7627 7631 7632
f 7627 7630 7633 7631
f 7634 7609 7612 7635
f 7635 7612 7616 7636
f 7629 7634 7635 7630
f 7630 7635 7636 7633
f 3720 3719 7637 7623
f 3719 3717 7638 7637
f 7623 7637 7636 7616
f 7637 7638 7633 7636
f 3715 3660 7639 7640
f 7640 7639 7632 7631
f 3717 3715 7640 7638
f 7638 7640 7631 7633
f 7641 7642 7643 7644
f 7642 7645 7646 7643
f 7644 7643 7647 7648
f 7643 7646 7649 7647
f 7650 7625 7628 7651
f 7651 7628 7632 7652
f 7645 7650 7651 7646
f 7646 7651 7652 7649
f 3660 3659 7653 7639
f 3659 3657 7654 7653
f 7639 7653 7652 7632
f 7653 7654 7649 7652
f 3655 2325 7655 7656
f 7656 7655 7648 7647
f 3657 3655 7656 7654
f 7654 7656 7647 7649
f 7551 7657 7658 7552
f 7657 7659 7660 7658
f 7552 7658 7661 7554
f 7658 7660 7662 7661
f 7663 7641 7644 7664
f 7664 7644 7648 7665
f 7659 7663 7664 7660
f 7660 7664 7665 7662
f 2325 2328 7666 7655
f 2328 2332 7667 7666
f 7655 7666 7665 7648
f 7666 7667 7662 7665
f 2343 2300 7557 7668
f 7668 7557 7554 7661
f 2332 2343 7668 7667
f 7667 7668 7661 7662
f 7669 7670 7671 7672
f 7670 7673 7674 7671
f 7672 7671 7675 7676
f 7671 7674 7677 7675
f 7678 7679 7680 7681
f 7681 7680 7682 7683
f 7673 7678 7681 7674
f 7674 7681 7683 7677
f 7684 7685 7686 7687
f 7685 7688 7689 7686
f 7687 7686 7683 7682
f 7686 7689 7677 7683
f 7690 7691 7692 7693
f 7693 7692 7676 7675
f 7688 7690 7693 7689
f 7689 7693 7675 7677
f 7694 7695 7696 7697
f 7695 7698 7699 7696
f 7697 7696 7700 7701
f 7696 7699 7702 7700
f 7703 7704 7705 7706
f 7706 7705 7707 7708
f 7698 7703 7706 7699
f 7699 7706 7708 7702
f 7679 7678 7709 7710
f 7678 7673 7711 7709
f 7710 7709 7708 7707
f 7709 7711 7702 7708
f 7670 7669 7712 7713
f 7713 7712 7701 7700
f 7673 7670 7713 7711
f 7711 7713 7700 7702
f 7714 7715 7716 7717
f 7715 7718 7719 7716
f 7717 7716 7720 7721
f 7716 7719 7722 7720
f 7723 7724 7725 7726
f 7726 7725 7727 7728
f 7718 7723 7726 7719
f 7719 7726 7728 7722
f 7704 7703 7729 7730
f 7703 7698 7731 7729
f 7730 7729 7728 7727
f 7729 7731 7722 7728
f 7695 7694 7732 7733
f 7733 7732 7721 7720
f 7698 7695 7733 7731
f 7731 7733 7720 7722
f 7734 7735 7736 7737
f 7735 7738 7739 7736
f 7737 7736 7740 7741
f 7736 7739 7742 7740
f 7743 7744 7745 7746
f 7746 7745 7747 7748
f 7738 7743 7746 7739
f 7739 7746 7748 7742
f 7724 7723 7749 7750
f 7723 7718 7751 7749
f 7750 7749 7748 7747
f 7749 7751 7742 7748
f 7715 7714 7752 7753
f 7753 7752 7741 7740
f 7718 7715 7753 7751
f 7751 7753 7740 7742
f 7754 7755 7756 7757
f 7755 7758 7759 7756
f 7757 7756 7760 7761
f 7756 7759 7762 7760
f 7763 7764 7765 7766
f 7766 7765 7767 7768
f 7758 7763 7766 7759
f 7759 7766 7768 7762
f 7744 7743 7769 7770
f 7743 7738 7771 7769
f 7770 7769 7768 7767
f 7769 7771 7762 7768
f 7735 7734 7772 7773
f 7773 7772 7761 7760
f 7738 7735 7773 7771
f 7771 7773 7760 7762
f 7774 7775 7776 7777
f 7775 7778 7779 7776
f 7777 7776 7780 7781
f 7776 7779 7782 7780
f 7783 7784 7785 7786
f 7786 7785 7787 7788
f 7778 7783 7786 7779
f 7779 7786 7788 7782
f 7764 7763 7789 7790
f 7763 7758 7791 7789
f 7790 7789 7788 7787
f 7789 7791 7782 7788
f 7755 7754 7792 7793
f 7793 7792 7781 7780
f 7758 7755 7793 7791
f 7791 7793 7780 7782
f 7794 7795 7796 7797
f 7795 7798 7799 7796
f 7797 7796 7800 7801
f 7796 7799 7802 7800
f 7803 7804 7805 7806
f 7806 7805 7807 7808
f 7798 7803 7806 7799
f 7799 7806 7808 7802
f 7784 7783 7809 7810
f 7783 7778 7811 7809
f 7810 7809 7808 7807
f 7809 7811 7802 7808
f 7775 7774 7812 7813
f 7813 7812 7801 7800
f 7778 7775 7813 7811
f 7811 7813 7800 7802
f 7691 7690 7814 7815
f 7690 7688 7816 7814
f 7815 7814 7817 7818
f 7814 7816 7819 7817
f 7685 7684 7820 7821
f 7821 7820 7822 7823
f 7688 7685 7821 7816
f 7816 7821 7823 7819
f 7804 7803 7824 7825
f 7803 7798 7826 7824
f 7825 7824 7823 7822
f 7824 7826 7819 7823
f 7795 7794 7827 7828
f 7828 7827 7818 7817
f 7798 7795 7828 7826
f 7826 7828 7817 7819
f 7679 7829 7830 7680
f 7829 7831 7832 7830
f 7680 7830 7833 7682
f 7830 7832 7834 7833
f 7835 7577 7602 7836
f 7836 7602 7597 7837
f 7831 7835 7836 7832
f 7832 7836 7837 7834
f 7593 7838 7839 7594
f 7838 7840 7841 7839
f 7594 7839 7837 7597
f 7839 7841 7834 7837
f 7842 7684 7687 7843
f 7843 7687 7682 7833
f 7840 7842 7843 7841
f 7841 7843 7833 7834
f 7691 7844 7845 7692
f 7844 7846 7847 7845
f 7692 7845 7848 7676
f 7845 7847 7849 7848
f 7850 7851 7852 7853
f 7853 7852 7854 7855
f 7846 7850 7853 7847
f 7847 7853 7855 7849
f 7856 7857 7858 7859
f 7857 7860 7861 7858
f 7859 7858 7855 7854
f 7858 7861 7849 7855
f 7862 7669 7672 7863
f 7863 7672 7676 7848
f 7860 7862 7863 7861
f 7861 7863 7848 7849
f 7704 7864 7865 7705
f 7864 7866 7867 7865
f 7705 7865 7868 7707
f 7865 7867 7869 7868
f 7870 7561 7586 7871
f 7871 7586 7581 7872
f 7866 7870 7871 7867
f 7867 7871 7872 7869
f 7577 7835 7873 7578
f 7835 7831 7874 7873
f 7578 7873 7872 7581
f 7873 7874 7869 7872
f 7829 7679 7710 7875
f 7875 7710 7707 7868
f 7831 7829 7875 7874
f 7874 7875 7868 7869
f 7669 7862 7876 7712
f 7862 7860 7877 7876
f 7712 7876 7878 7701
f 7876 7877 7879 7878
f 7857 7856 7880 7881
f 7881 7880 7882 7883
f 7860 7857 7881 7877
f 7877 7881 7883 7879
f 7884 7885 7886 7887
f 7885 7888 7889 7886
f 7887 7886 7883 7882
f 7886 7889 7879 7883
f 7890 7694 7697 7891
f 7891 7697 7701 7878
f 7888 7890 7891 7889
f 7889 7891 7878 7879
f 7724 7892 7893 7725
f 7892 7894 7895 7893
f 7725 7893 7896 7727
f 7893 7895 7897 7896
f 7898 7541 7570 7899
f 7899 7570 7565 7900
f 7894 7898 7899 7895
f 7895 7899 7900 7897
f 7561 7870 7901 7562
f 7870 7866 7902 7901
f 7562 7901 7900 7565
f 7901 7902 7897 7900
f 7864 7704 7730 7903
f 7903 7730 7727 7896
f 7866 7864 7903 7902
f 7902 7903 7896 7897
f 7694 7890 7904 7732
f 7890 7888 7905 7904
f 7732 7904 7906 7721
f 7904 7905 7907 7906
f 7885 7884 7908 7909
f 7909 7908 7910 7911
f 7888 7885 7909 7905
f 7905 7909 7911 7907
f 7912 7913 7914 7915
f 7913 7916 7917 7914
f 7915 7914 7911 7910
f 7914 7917 7907 7911
f 7918 7714 7717 7919
f 7919 7717 7721 7906
f 7916 7918 7919 7917
f 7917 7919 7906 7907
f 7744 7920 7921 7745
f 7920 7922 7923 7921
f 7745 7921 7924 7747
f 7921 7923 7925 7924
f 7926 7551 7550 7927
f 7927 7550 7545 7928
f 7922 7926 7927 7923
f 7923 7927 7928 7925
f 7541 7898 7929 7542
f 7898 7894 7930 7929
f 7542 7929 7928 7545
f 7929 7930 7925 7928
f 7892 7724 7750 7931
f 7931 7750 7747 7924
f 7894 7892 7931 7930
f 7930 7931 7924 7925
f 7714 7918 7932 7752
f 7918 7916 7933 7932
f 7752 7932 7934 7741
f 7932 7933 7935 7934
f 7913 7912 7936 7937
f 7937 7936 7938 7939
f 7916 7913 7937 7933
f 7933 7937 7939 7935
f 7940 7941 7942 7943
f 7941 7944 7945 7942
f 7943 7942 7939 7938
f 7942 7945 7935 7939
f 7946 7734 7737 7947
f 7947 7737 7741 7934
f 7944 7946 7947 7945
f 7945 7947 7934 7935
f 7764 7948 7949 7765
f 7948 7950 7951 7949
f 7765 7949 7952 7767
f 7949 7951 7953 7952
f 7954 7641 7663 7955
f 7955 7663 7659 7956
f 7950 7954 7955 7951
f 7951 7955 7956 7953
f 7551 7926 7957 7657
f 7926 7922 7958 7957
f 7657 7957 7956 7659
f 7957 7958 7953 7956
f 7920 7744 7770 7959
f 7959 7770 7767 7952
f 7922 7920 7959 7958
f 7958 7959 7952 7953
f 7734 7946 7960 7772
f 7946 7944 7961 7960
f 7772 7960 7962 7761
f 7960 7961 7963 7962
f 7941 7940 7964 7965
f 7965 7964 7966 7967
f 7944 7941 7965 7961
f 7961 7965 7967 7963
f 7968 7969 7970 7971
f 7969 7972 7973 7970
f 7971 7970 7967 7966
f 7970 7973 7963 7967
f 7974 7754 7757 7975
f 7975 7757 7761 7962
f 7972 7974 7975 7973
f 7973 7975 7962 7963
f 7784 7976 7977 7785
f 7976 7978 7979 7977
f 7785 7977 7980 7787
f 7977 7979 7981 7980
f 7982 7625 7650 7983
f 7983 7650 7645 7984
f 7978 7982 7983 7979
f 7979 7983 7984 7981
f 7641 7954 7985 7642
f 7954 7950 7986 7985
f 7642 7985 7984 7645
f 7985 7986 7981 7984
f 7948 7764 7790 7987
f 7987 7790 7787 7980
f 7950 7948 7987 7986
f 7986 7987 7980 7981
f 7754 7974 7988 7792
f 7974 7972 7989 7988
f 7792 7988 7990 7781
f 7988 7989 7991 7990
f 7969 7968 7992 7993
f 7993 7992 7994 7995
f 7972 7969 7993 7989
f 7989 7993 7995 7991
f 7996 7997 7998 7999
f 7997 8000 8001 7998
f 7999 7998 7995 7994
f 7998 8001 7991 7995
f 8002 7774 7777 8003
f 8003 7777 7781 7990
f 8000 8002 8003 8001
f 8001 8003 7990 7991
f 7804 8004 8005 7805
f 8004 8006 8007 8005
f 7805 8005 8008 7807
f 8005 8007 8009 8008
f 8010 7609 7634 8011
f 8011 7634 7629 8012
f 8006 8010 8011 8007
f 8007 8011 8012 8009
f 7625 7982 8013 7626
f 7982 7978 8014 8013
f 7626 8013 8012 7629
f 8013 8014 8009 8012
f 7976 7784 7810 8015
f 8015 7810 7807 8008
f 7978 7976 8015 8014
f 8014 8015 8008 8009
f 7774 8002 8016 7812
f 8002 8000 8017 8016
f 7812 8016 8018 7801
f 8016 8017 8019 8018
f 7997 7996 8020 8021
f 8021 8020 8022 8023
f 8000 7997 8021 8017
f 8017 8021 8023 8019
f 8024 8025 8026 8027
f 8025 8028 8029 8026
f 8027 8026 8023 8022
f 8026 8029 8019 8023
f 8030 7794 7797 8031
f 8031 7797 7801 8018
f 8028 8030 8031 8029
f 8029 8031 8018 8019
f 7684 7842 8032 7820
f 7842 7840 8033 8032
f 7820 8032 8034 7822
f 8032 8033 8035 8034
f 7838 7593 7618 8036
f 8036 7618 7613 8037
f 7840 7838 8036 8033
f 8033 8036 8037 8035
f 7609 8010 8038 7610
f 8010 8006 8039 8038
f 7610 8038 8037 7613
f 8038 8039 8035 8037
f 8004 7804 7825 8040
f 8040 7825 7822 8034
f 8006 8004 8040 8039
f 8039 8040 8034 8035
f 7794 8030 8041 7827
f 8030 8028 8042 8041
f 7827 8041 8043 7818
f 8041 8042 8044 8043
f 8025 8024 8045 8046
f 8046 8045 8047 8048
f 8028 8025 8046 8042
f 8042 8046 8048 8044
f 7851 7850 8049 8050
f 7850 7846 8051 8049
f 8050 8049 8048 8047
f 8049 8051 8044 8048
f 7844 7691 7815 8052
f 8052 7815 7818 8043
f 7846 7844 8052 8051
f 8051 8052 8043 8044
f 7413 8053 8054 7414
f 8053 8055 8056 8054
f 7414 8054 8057 7417
f 8054 8056 8058 8057
f 8059 7940 7943 8060
f 8060 7943 7938 8061
f 8055 8059 8060 8056
f 8056 8060 8061 8058
f 7912 8062 8063 7936
f 8062 8064 8065 8063
f 7936 8063 8061 7938
f 8063 8065 8058 8061
f 8066 7423 7422 8067
f 8067 7422 7417 8057
f 8064 8066 8067 8065
f 8065 8067 8057 8058
f 7433 8068 8069 7434
f 8068 8070 8071 8069
f 7434 8069 8072 7437
f 8069 8071 8073 8072
f 8074 7968 7971 8075
f 8075 7971 7966 8076
f 8070 8074 8075 8071
f 8071 8075 8076 8073
f 7940 8059 8077 7964
f 8059 8055 8078 8077
f 7964 8077 8076 7966
f 8077 8078 8073 8076
f 8053 7413 7442 8079
f 8079 7442 7437 8072
f 8055 8053 8079 8078
f 8078 8079 8072 8073
f 7449 8080 8081 7450
f 8080 8082 8083 8081
f 7450 8081 8084 7453
f 8081 8083 8085 8084
f 8086 7996 7999 8087
f 8087 7999 7994 8088
f 8082 8086 8087 8083
f 8083 8087 8088 8085
f 7968 8074 8089 7992
f 8074 8070 8090 8089
f 7992 8089 8088 7994
f 8089 8090 8085 8088
f 8068 7433 7458 8091
f 8091 7458 7453 8084
f 8070 8068 8091 8090
f 8090 8091 8084 8085
f 7465 8092 8093 7466
f 8092 8094 8095 8093
f 7466 8093 8096 7469
f 8093 8095 8097 8096
f 8098 8024 8027 8099
f 8099 8027 8022 8100
f 8094 8098 8099 8095
f 8095 8099 8100 8097
f 7996 8086 8101 8020
f 8086 8082 8102 8101
f 8020 8101 8100 8022
f 8101 8102 8097 8100
f 8080 7449 7474 8103
f 8103 7474 7469 8096
f 8082 8080 8103 8102
f 8102 8103 8096 8097
f 7481 8104 8105 7482
f 8104 8106 8107 8105
f 7482 8105 8108 7485
f 8105 8107 8109 8108
f 8110 7851 8050 8111
f 8111 8050 8047 8112
f 8106 8110 8111 8107
f 8107 8111 8112 8109
f 8024 8098 8113 8045
f 8098 8094 8114 8113
f 8045 8113 8112 8047
f 8113 8114 8109 8112
f 8092 7465 7490 8115
f 8115 7490 7485 8108
f 8094 8092 8115 8114
f 8114 8115 8108 8109
f 7497 8116 8117 7498
f 8116 8118 8119 8117
f 7498 8117 8120 7501
f 8117 8119 8121 8120
f 8122 7856 7859 8123
f 8123 7859 7854 8124
f 8118 8122 8123 8119
f 8119 8123 8124 8121
f 7851 8110 8125 7852
f 8110 8106 8126 8125
f 7852 8125 8124 7854
f 8125 8126 8121 8124
f 8104 7481 7506 8127
f 8127 7506 7501 8120
f 8106 8104 8127 8126
f 8126 8127 8120 8121
f 7513 8128 8129 7514
f 8128 8130 8131 8129
f 7514 8129 8132 7517
f 8129 8131 8133 8132
f 8134 7884 7887 8135
f 8135 7887 7882 8136
f 8130 8134 8135 8131
f 8131 8135 8136 8133
f 7856 8122 8137 7880
f 8122 8118 8138 8137
f 7880 8137 8136 7882
f 8137 8138 8133 8136
f 8116 7497 7522 8139
f 8139 7522 7517 8132
f 8118 8116 8139 8138
f 8138 8139 8132 8133
f 7423 8066 8140 7529
f 8066 8064 8141 8140
f 7529 8140 8142 7531
f 8140 8141 8143 8142
f 8062 7912 7915 8144
f 8144 7915 7910 8145
f 8064 8062 8144 8141
f 8141 8144 8145 8143
f 7884 8134 8146 7908
f 8134 8130 8147 8146
f 7908 8146 8145 7910
f 8146 8147 8143 8145
f 8128 7513 7535 8148
f 8148 7535 7531 8142
f 8130 8128 8148 8147
f 8147 8148 8142 8143
f 8149 8150 8151 8152
f 8150 8153 8154 8151
f 8152 8151 8155 8156
f 8151 8154 8157 8155
f 8158 8159 8160 8161
f 8161 8160 8162 8163
f 8153 8158 8161 8154
f 8154 8161 8163 8157
f 8164 8165 8166 8167
f 8165 8168 8169 8166
f 8167 8166 8163 8162
f 8166 8169 8157 8163
f 8170 8171 8172 8173
f 8173 8172 8156 8155
f 8168 8170 8173 8169
f 8169 8173 8155 8157
f 8159 8174 8175 8160
f 8174 8176 8177 8175
f 8160 8175 8178 8162
f 8175 8177 8179 8178
f 8180 8181 8182 8183
f 8183 8182 8184 8185
f 8176 8180 8183 8177
f 8177 8183 8185 8179
f 8186 8187 8188 8189
f 8187 8190 8191 8188
f 8189 8188 8185 8184
f 8188 8191 8179 8185
f 8192 8164 8167 8193
f 8193 8167 8162 8178
f 8190 8192 8193 8191
f 8191 8193 8178 8179
f 8194 8195 8196 8197
f 8195 8198 8199 8196
f 8197 8196 8200 8201
f 8196 8199 8202 8200
f 8203 8204 8205 8206
f 8206 8205 8207 8208
f 8198 8203 8206 8199
f 8199 8206 8208 8202
f 8209 8210 8211 8212
f 8210 8213 8214 8211
f 8212 8211 8208 8207
f 8211 8214 8202 8208
f 8215 8216 8217 8218
f 8218 8217 8201 8200
f 8213 8215 8218 8214
f 8214 8218 8200 8202
f 8204 8219 8220 8205
f 8219 8221 8222 8220
f 8205 8220 8223 8207
f 8220 8222 8224 8223
f 8225 8226 8227 8228
f 8228 8227 8229 8230
f 8221 8225 8228 8222
f 8222 8228 8230 8224
f 8231 8232 8233 8234
f 8232 8235 8236 8233
f 8234 8233 8230 8229
f 8233 8236 8224 8230
f 8237 8209 8212 8238
f 8238 8212 8207 8223
f 8235 8237 8238 8236
f 8236 8238 8223 8224
f 8216 8215 8239 8240
f 8215 8213 8241 8239
f 8240 8239 8242 8243
f 8239 8241 8244 8242
f 8210 8209 8245 8246
f 8246 8245 8247 8248
f 8213 8210 8246 8241
f 8241 8246 8248 8244
f 8249 8250 8251 8252
f 8250 8253 8254 8251
f 8252 8251 8248 8247
f 8251 8254 8244 8248
f 8255 8256 8257 8258
f 8258 8257 8243 8242
f 8253 8255 8258 8254
f 8254 8258 8242 8244
f 8209 8237 8259 8245
f 8237 8235 8260 8259
f 8245 8259 8261 8247
f 8259 8260 8262 8261
f 8232 8231 8263 8264
f 8264 8263 8265 8266
f 8235 8232 8264 8260
f 8260 8264 8266 8262
f 8267 8268 8269 8270
f 8268 8271 8272 8269
f 8270 8269 8266 8265
f 8269 8272 8262 8266
f 8273 8249 8252 8274
f 8274 8252 8247 8261
f 8271 8273 8274 8272
f 8272 8274 8261 8262
f 8275 8276 8277 8278
f 8276 8279 8280 8277
f 8278 8277 8281 8282
f 8277 8280 8283 8281
f 8284 8285 8286 8287
f 8287 8286 8288 8289
f 8279 8284 8287 8280
f 8280 8287 8289 8283
f 8290 8291 8292 8293
f 8291 8294 8295 8292
f 8293 8292 8289 8288
f 8292 8295 8283 8289
f 8296 8297 8298 8299
f 8299 8298 8282 8281
f 8294 8296 8299 8295
f 8295 8299 8281 8283
f 8285 8300 8301 8286
f 8300 8302 8303 8301
f 8286 8301 8304 8288
f 8301 8303 8305 8304
f 8306 8307 8308 8309
f 8309 8308 8310 8311
f 8302 8306 8309 8303
f 8303 8309 8311 8305
f 8312 8313 8314 8315
f 8313 8316 8317 8314
f 8315 8314 8311 8310
f 8314 8317 8305 8311
f 8318 8290 8293 8319
f 8319 8293 8288 8304
f 8316 8318 8319 8317
f 8317 8319 8304 8305
f 8320 8321 8322 8323
f 8321 8324 8325 8322
f 8323 8322 8326 8327
f 8322 8325 8328 8326
f 8329 8330 8331 8332
f 8332 8331 8333 8334
f 8324 8329 8332 8325
f 8325 8332 8334 8328
f 8335 8336 8337 8338
f 8336 8339 8340 8337
f 8338 8337 8334 8333
f 8337 8340 8328 8334
f 8341 8342 8343 8344
f 8344 8343 8327 8326
f 8339 8341 8344 8340
f 8340 8344 8326 8328
f 8330 8345 8346 8331
f 8345 8347 8348 8346
f 8331 8346 8349 8333
f 8346 8348 8350 8349
f 8351 8352 8353 8354
f 8354 8353 8355 8356
f 8347 8351 8354 8348
f 8348 8354 8356 8350
f 8357 8358 8359 8360
f 8358 8361 8362 8359
f 8360 8359 8356 8355
f 8359 8362 8350 8356
f 8363 8335 8338 8364
f 8364 8338 8333 8349
f 8361 8363 8364 8362
f 8362 8364 8349 8350
f 8342 8341 8365 8366
f 8341 8339 8367 8365
f 8366 8365 8368 8369
f 8365 8367 8370 8368
f 8336 8335 8371 8372
f 8372 8371 8373 8374
f 8339 8336 8372 8367
f 8367 8372 8374 8370
f 8375 8376 8377 8378
f 8376 8379 8380 8377
f 8378 8377 8374 8373
f 8377 8380 8370 8374
f 8381 8382 8383 8384
f 8384 8383 8369 8368
f 8379 8381 8384 8380
f 8380 8384 8368 8370
f 8335 8363 8385 8371
f 8363 8361 8386 8385
f 8371 8385 8387 8373
f 8385 8386 8388 8387
f 8358 8357 8389 8390
f 8390 8389 8391 8392
f 8361 8358 8390 8386
f 8386 8390 8392 8388
f 8393 8394 8395 8396
f 8394 8397 8398 8395
f 8396 8395 8392 8391
f 8395 8398 8388 8392
f 8399 8375 8378 8400
f 8400 8378 8373 8387
f 8397 8399 8400 8398
f 8398 8400 8387 8388
f 8401 8402 8403 8404
f 8402 8405 8406 8403
f 8404 8403 8407 8408
f 8403 8406 8409 8407
f 8410 8411 8412 8413
f 8413 8412 8414 8415
f 8405 8410 8413 8406
f 8406 8413 8415 8409
f 8416 8417 8418 8419
f 8417 8420 8421 8418
f 8419 8418 8415 8414
f 8418 8421 8409 8415
f 8422 8423 8424 8425
f 8425 8424 8408 8407
f 8420 8422 8425 8421
f 8421 8425 8407 8409
f 8411 8426 8427 8412
f 8426 8428 8429 8427
f 8412 8427 8430 8414
f 8427 8429 8431 8430
f 8432 8433 8434 8435
f 8435 8434 8436 8437
f 8428 8432 8435 8429
f 8429 8435 8437 8431
f 8438 8439 8440 8441
f 8439 8442 8443 8440
f 8441 8440 8437 8436
f 8440 8443 8431 8437
f 8444 8416 8419 8445
f 8445 8419 8414 8430
f 8442 8444 8445 8443
f 8443 8445 8430 8431
f 8446 8447 8448 8449
f 8447 8450 8451 8448
f 8449 8448 8452 8453
f 8448 8451 8454 8452
f 8455 8456 8457 8458
f 8458 8457 8459 8460
f 8450 8455 8458 8451
f 8451 8458 8460 8454
f 8461 8462 8463 8464
f 8462 8465 8466 8463
f 8464 8463 8460 8459
f 8463 8466 8454 8460
f 8467 8468 8469 8470
f 8470 8469 8453 8452
f 8465 8467 8470 8466
f 8466 8470 8452 8454
f 8456 8471 8472 8457
f 8471 8473 8474 8472
f 8457 8472 8475 8459
f 8472 8474 8476 8475
f 8477 8478 8479 8480
f 8480 8479 8481 8482
f 8473 8477 8480 8474
f 8474 8480 8482 8476
f 8483 8484 8485 8486
f 8484 8487 8488 8485
f 8486 8485 8482 8481
f 8485 8488 8476 8482
f 8489 8461 8464 8490
f 8490 8464 8459 8475
f 8487 8489 8490 8488
f 8488 8490 8475 8476
f 8468 8467 8491 8492
f 8467 8465 8493 8491
f 8492 8491 8494 8495
f 8491 8493 8496 8494
f 8462 8461 8497 8498
f 8498 8497 8499 8500
f 8465 8462 8498 8493
f 8493 8498 8500 8496
f 8501 8502 8503 8504
f 8502 8505 8506 8503
f 8504 8503 8500 8499
f 8503 8506 8496 8500
f 8507 8508 8509 8510
f 8510 8509 8495 8494
f 8505 8507 8510 8506
f 8506 8510 8494 8496
f 8461 8489 8511 8497
f 8489 8487 8512 8511
f 8497 8511 8513 8499
f 8511 8512 8514 8513
f 8484 8483 8515 8516
f 8516 8515 8517 8518
f 8487 8484 8516 8512
f 8512 8516 8518 8514
f 8519 8520 8521 8522
f 8520 8523 8524 8521
f 8522 8521 8518 8517
f 8521 8524 8514 8518
f 8525 8501 8504 8526
f 8526 8504 8499 8513
f 8523 8525 8526 8524
f 8524 8526 8513 8514
f 8527 8528 8529 8530
f 8528 8531 8532 8529
f 8530 8529 8533 8534
f 8529 8532 8535 8533
f 8536 8537 8538 8539
f 8539 8538 8540 8541
f 8531 8536 8539 8532
f 8532 8539 8541 8535
f 8542 8543 8544 8545
f 8543 8546 8547 8544
f 8545 8544 8541 8540
f 8544 8547 8535 8541
f 8548 8549 8550 8551
f 8551 8550 8534 8533
f 8546 8548 8551 8547
f 8547 8551 8533 8535
f 8537 8552 8553 8538
f 8552 8554 8555 8553
f 8538 8553 8556 8540
f 8553 8555 8557 8556
f 8558 8559 8560 8561
f 8561 8560 8562 8563
f 8554 8558 8561 8555
f 8555 8561 8563 8557
f 8564 8565 8566 8567
f 8565 8568 8569 8566
f 8567 8566 8563 8562
f 8566 8569 8557 8563
f 8570 8542 8545 8571
f 8571 8545 8540 8556
f 8568 8570 8571 8569
f 8569 8571 8556 8557
f 8572 8573 8574 8575
f 8573 8576 8577 8574
f 8575 8574 8578 8579
f 8574 8577 8580 8578
f 8581 8582 8583 8584
f 8584 8583 8585 8586
f 8576 8581 8584 8577
f 8577 8584 8586 8580
f 8587 8588 8589 8590
f 8588 8591 8592 8589
f 8590 8589 8586 8585
f 8589 8592 8580 8586
f 8593 8594 8595 8596
f 8596 8595 8579 8578
f 8591 8593 8596 8592
f 8592 8596 8578 8580
f 8582 8597 8598 8583
f 8597 8599 8600 8598
f 8583 8598 8601 8585
f 8598 8600 8602 8601
f 8603 8604 8605 8606
f 8606 8605 8607 8608
f 8599 8603 8606 8600
f 8600 8606 8608 8602
f 8609 8610 8611 8612
f 8610 8613 8614 8611
f 8612 8611 8608 8607
f 8611 8614 8602 8608
f 8615 8587 8590 8616
f 8616 8590 8585 8601
f 8613 8615 8616 8614
f 8614 8616 8601 8602
f 8594 8593 8617 8618
f 8593 8591 8619 8617
f 8618 8617 8620 8621
f 8617 8619 8622 8620
f 8588 8587 8623 8624
f 8624 8623 8625 8626
f 8591 8588 8624 8619
f 8619 8624 8626 8622
f 8627 8628 8629 8630
f 8628 8631 8632 8629
f 8630 8629 8626 8625
f 8629 8632 8622 8626
f 8633 8634 8635 8636
f 8636 8635 8621 8620
f 8631 8633 8636 8632
f 8632 8636 8620 8622
f 8587 8615 8637 8623
f 8615 8613 8638 8637
f 8623 8637 8639 8625
f 8637 8638 8640 8639
f 8610 8609 8641 8642
f 8642 8641 8643 8644
f 8613 8610 8642 8638
f 8638 8642 8644 8640
f 8645 8646 8647 8648
f 8646 8649 8650 8647
f 8648 8647 8644 8643
f 8647 8650 8640 8644
f 8651 8627 8630 8652
f 8652 8630 8625 8639
f 8649 8651 8652 8650
f 8650 8652 8639 8640
f 8653 8654 8655 8656
f 8654 8657 8658 8655
f 8656 8655 8659 8660
f 8655 8658 8661 8659
f 8662 8663 8664 8665
f 8665 8664 8666 8667
f 8657 8662 8665 8658
f 8658 8665 8667 8661
f 8668 8669 8670 8671
f 8669 8672 8673 8670
f 8671 8670 8667 8666
f 8670 8673 8661 8667
f 8674 8675 8676 8677
f 8677 8676 8660 8659
f 8672 8674 8677 8673
f 8673 8677 8659 8661
f 8663 8678 8679 8664
f 8678 8680 8681 8679
f 8664 8679 8682 8666
f 8679 8681 8683 8682
f 8684 8685 8686 8687
f 8687 8686 8688 8689
f 8680 8684 8687 8681
f 8681 8687 8689 8683
f 8690 8691 8692 8693
f 8691 8694 8695 8692
f 8693 8692 8689 8688
f 8692 8695 8683 8689
f 8696 8668 8671 8697
f 8697 8671 8666 8682
f 8694 8696 8697 8695
f 8695 8697 8682 8683
f 8698 8699 8700 8701
f 8699 8702 8703 8700
f 8701 8700 8704 8705
f 8700 8703 8706 8704
f 8707 8708 8709 8710
f 8710 8709 8711 8712
f 8702 8707 8710 8703
f 8703 8710 8712 8706
f 8713 8714 8715 8716
f 8714 8717 8718 8715
f 8716 8715 8712 8711
f 8715 8718 8706 8712
f 8719 8720 8721 8722
f 8722 8721 8705 8704
f 8717 8719 8722 8718
f 8718 8722 8704 8706
f 8708 8723 8724 8709
f 8723 8725 8726 8724
f 8709 8724 8727 8711
f 8724 8726 8728 8727
f 8729 8730 8731 8732
f 8732 8731 8733 8734
f 8725 8729 8732 8726
f 8726 8732 8734 8728
f 8735 8736 8737 8738
f 8736 8739 8740 8737
f 8738 8737 8734 8733
f 8737 8740 8728 8734
f 8741 8713 8716 8742
f 8742 8716 8711 8727
f 8739 8741 8742 8740
f 8740 8742 8727 8728
f 8720 8719 8743 8744
f 8719 8717 8745 8743
f 8744 8743 8746 8747
f 8743 8745 8748 8746
f 8714 8713 8749 8750
f 8750 8749 8751 8752
f 8717 8714 8750 8745
f 8745 8750 8752 8748
f 8753 8754 8755 8756
f 8754 8757 8758 8755
f 8756 8755 8752 8751
f 8755 8758 8748 8752
f 8759 8760 8761 8762
f 8762 8761 8747 8746
f 8757 8759 8762 8758
f 8758 8762 8746 8748
f 8713 8741 8763 8749
f 8741 8739 8764 8763
f 8749 8763 8765 8751
f 8763 8764 8766 8765
f 8736 8735 8767 8768
f 8768 8767 8769 8770
f 8739 8736 8768 8764
f 8764 8768 8770 8766
f 8771 8772 8773 8774
f 8772 8775 8776 8773
f 8774 8773 8770 8769
f 8773 8776 8766 8770
f 8777 8753 8756 8778
f 8778 8756 8751 8765
f 8775 8777 8778 8776
f 8776 8778 8765 8766
f 8779 8780 8781 8782
f 8780 8783 8784 8781
f 8782 8781 8785 8786
f 8781 8784 8787 8785
f 8788 8789 8790 8791
f 8791 8790 8792 8793
f 8783 8788 8791 8784
f 8784 8791 8793 8787
f 8794 8795 8796 8797
f 8795 8798 8799 8796
f 8797 8796 8793 8792
f 8796 8799 8787 8793
f 8800 8801 8802 8803
f 8803 8802 8786 8785
f 8798 8800 8803 8799
f 8799 8803 8785 8787
f 8789 8804 8805 8790
f 8804 8806 8807 8805
f 8790 8805 8808 8792
f 8805 8807 8809 8808
f 8810 8811 8812 8813
f 8813 8812 8814 8815
f 8806 8810 8813 8807
f 8807 8813 8815 8809
f 8816 8817 8818 8819
f 8817 8820 8821 8818
f 8819 8818 8815 8814
f 8818 8821 8809 8815
f 8822 8794 8797 8823
f 8823 8797 8792 8808
f 8820 8822 8823 8821
f 8821 8823 8808 8809
f 8824 8825 8826 8827
f 8825 8828 8829 8826
f 8827 8826 8830 8831
f 8826 8829 8832 8830
f 8833 8834 8835 8836
f 8836 8835 8837 8838
f 8828 8833 8836 8829
f 8829 8836 8838 8832
f 8839 8840 8841 8842
f 8840 8843 8844 8841
f 8842 8841 8838 8837
f 8841 8844 8832 8838
f 8845 8846 8847 8848
f 8848 8847 8831 8830
f 8843 8845 8848 8844
f 8844 8848 8830 8832
f 8834 8849 8850 8835
f 8849 8851 8852 8850
f 8835 8850 8853 8837
f 8850 8852 8854 8853
f 8855 8856 8857 8858
f 8858 8857 8859 8860
f 8851 8855 8858 8852
f 8852 8858 8860 8854
f 8861 8862 8863 8864
f 8862 8865 8866 8863
f 8864 8863 8860 8859
f 8863 8866 8854 8860
f 8867 8839 8842 8868
f 8868 8842 8837 8853
f 8865 8867 8868 8866
f 8866 8868 8853 8854
f 8846 8845 8869 8870
f 8845 8843 8871 8869
f 8870 8869 8872 8873
f 8869 8871 8874 8872
f 8840 8839 8875 8876
f 8876 8875 8877 8878
f 8843 8840 8876 8871
f 8871 8876 8878 8874
f 8879 8880 8881 8882
f 8880 8883 8884 8881
f 8882 8881 8878 8877
f 8881 8884 8874 8878
f 8885 8886 8887 8888
f 8888 8887 8873 8872
f 8883 8885 8888 8884
f 8884 8888 8872 8874
f 8839 8867 8889 8875
f 8867 8865 8890 8889
f 8875 8889 8891 8877
f 8889 8890 8892 8891
f 8862 8861 8893 8894
f 8894 8893 8895 8896
f 8865 8862 8894 8890
f 8890 8894 8896 8892
f 8897 8898 8899 8900
f 8898 8901 8902 8899
f 8900 8899 8896 8895
f 8899 8902 8892 8896
f 8903 8879 8882 8904
f 8904 8882 8877 8891
f 8901 8903 8904 8902
f 8902 8904 8891 8892
f 8905 8906 8907 8908
f 8906 8909 8910 8907
f 8908 8907 8911 8912
f 8907 8910 8913 8911
f 8914 8915 8916 8917
f 8917 8916 8918 8919
f 8909 8914 8917 8910
f 8910 8917 8919 8913
f 8920 8921 8922 8923
f 8921 8924 8925 8922
f 8923 8922 8919 8918
f 8922 8925 8913 8919
f 8926 8927 8928 8929
f 8929 8928 8912 8911
f 8924 8926 8929 8925
f 8925 8929 8911 8913
f 8915 8930 8931 8916
f 8930 8932 8933 8931
f 8916 8931 8934 8918
f 8931 8933 8935 8934
f 8936 8937 8938 8939
f 8939 8938 8940 8941
f 8932 8936 8939 8933
f 8933 8939 8941 8935
f 8942 8943 8944 8945
f 8943 8946 8947 8944
f 8945 8944 8941 8940
f 8944 8947 8935 8941
f 8948 8920 8923 8949
f 8949 8923 8918 8934
f 8946 8948 8949 8947
f 8947 8949 8934 8935
f 8950 8951 8952 8953
f 8951 8954 8955 8952
f 8953 8952 8956 8957
f 8952 8955 8958 8956
f 8959 8960 8961 8962
f 8962 8961 8963 8964
f 8954 8959 8962 8955
f 8955 8962 8964 8958
f 8965 8966 8967 8968
f 8966 8969 8970 8967
f 8968 8967 8964 8963
f 8967 8970 8958 8964
f 8971 8972 8973 8974
f 8974 8973 8957 8956
f 8969 8971 8974 8970
f 8970 8974 8956 8958
f 8960 8975 8976 8961
f 8975 8977 8978 8976
f 8961 8976 8979 8963
f 8976 8978 8980 8979
f 8981 8982 8983 8984
f 8984 8983 8985 8986
f 8977 8981 8984 8978
f 8978 8984 8986 8980
f 8987 8988 8989 8990
f 8988 8991 8992 8989
f 8990 8989 8986 8985
f 8989 8992 8980 8986
f 8993 8965 8968 8994
f 8994 8968 8963 8979
f 8991 8993 8994 8992
f 8992 8994 8979 8980
f 8972 8971 8995 8996
f 8971 8969 8997 8995
f 8996 8995 8998 8999
f 8995 8997 9000 8998
f 8966 8965 9001 9002
f 9002 9001 9003 9004
f 8969 8966 9002 8997
f 8997 9002 9004 9000
f 9005 9006 9007 9008
f 9006 9009 9010 9007
f 9008 9007 9004 9003
f 9007 9010 9000 9004
f 9011 9012 9013 9014
f 9014 9013 8999 8998
f 9009 9011 9014 9010
f 9010 9014 8998 9000
f 8965 8993 9015 9001
f 8993 8991 9016 9015
f 9001 9015 9017 9003
f 9015 9016 9018 9017
f 8988 8987 9019 9020
f 9020 9019 9021 9022
f 8991 8988 9020 9016
f 9016 9020 9022 9018
f 9023 9024 9025 9026
f 9024 9027 9028 9025
f 9026 9025 9022 9021
f 9025 9028 9018 9022
f 9029 9005 9008 9030
f 9030 9008 9003 9017
f 9027 9029 9030 9028
f 9028 9030 9017 9018
f 9031 9032 9033 9034
f 9032 9035 9036 9033
f 9034 9033 9037 9038
f 9033 9036 9039 9037
f 9040 9041 9042 9043
f 9043 9042 9044 9045
f 9035 9040 9043 9036
f 9036 9043 9045 9039
f 9046 9047 9048 9049
f 9047 9050 9051 9048
f 9049 9048 9045 9044
f 9048 9051 9039 9045
f 9052 9053 9054 9055
f 9055 9054 9038 9037
f 9050 9052 9055 9051
f 9051 9055 9037 9039
f 9041 9056 9057 9042
f 9056 9058 9059 9057
f 9042 9057 9060 9044
f 9057 9059 9061 9060
f 9062 9063 9064 9065
f 9065 9064 9066 9067
f 9058 9062 9065 9059
f 9059 9065 9067 9061
f 9068 9069 9070 9071
f 9069 9072 9073 9070
f 9071 9070 9067 9066
f 9070 9073 9061 9067
f 9074 9046 9049 9075
f 9075 9049 9044 9060
f 9072 9074 9075 9073
f 9073 9075 9060 9061
f 9076 9077 9078 9079
f 9077 9080 9081 9078
f 9079 9078 9082 9083
f 9078 9081 9084 9082
f 9085 9086 9087 9088
f 9088 9087 9089 9090
f 9080 9085 9088 9081
f 9081 9088 9090 9084
f 9091 9092 9093 9094
f 9092 9095 9096 9093
f 9094 9093 9090 9089
f 9093 9096 9084 9090
f 9097 9098 9099 9100
f 9100 9099 9083 9082
f 9095 9097 9100 9096
f 9096 9100 9082 9084
f 9086 9101 9102 9087
f 9101 9103 9104 9102
f 9087 9102 9105 9089
f 9102 9104 9106 9105
f 9107 9108 9109 9110
f 9110 9109 9111 9112
f 9103 9107 9110 9104
f 9104 9110 9112 9106
f 9113 9114 9115 9116
f 9114 9117 9118 9115
f 9116 9115 9112 9111
f 9115 9118 9106 9112
f 9119 9091 9094 9120
f 9120 9094 9089 9105
f 9117 9119 9120 9118
f 9118 9120 9105 9106
f 9098 9097 9121 9122
f 9097 9095 9123 9121
f 9122 9121 9124 9125
f 9121 9123 9126 9124
f 9092 9091 9127 9128
f 9128 9127 9129 9130
f 9095 9092 9128 9123
f 9123 9128 9130 9126
f 9131 9132 9133 9134
f 9132 9135 9136 9133
f 9134 9133 9130 9129
f 9133 9136 9126 9130
f 9137 9138 9139 9140
f 9140 9139 9125 9124
f 9135 9137 9140 9136
f 9136 9140 9124 9126
f 9091 9119 9141 9127
f 9119 9117 9142 9141
f 9127 9141 9143 9129
f 9141 9142 9144 9143
f 9114 9113 9145 9146
f 9146 9145 9147 9148
f 9117 9114 9146 9142
f 9142 9146 9148 9144
f 9149 9150 9151 9152
f 9150 9153 9154 9151
f 9152 9151 9148 9147
f 9151 9154 9144 9148
f 9155 9131 9134 9156
f 9156 9134 9129 9143
f 9153 9155 9156 9154
f 9154 9156 9143 9144
f 8159 8158 9157 9158
f 8158 8153 9159 9157
f 9158 9157 9160 9161
f 9157 9159 9162 9160
f 8150 8149 9163 9164
f 9164 9163 9165 9166
f 8153 8150 9164 9159
f 9159 9164 9166 9162
f 9167 9168 9169 9170
f 9168 9171 9172 9169
f 9170 9169 9166 9165
f 9169 9172 9162 9166
f 9173 9174 9175 9176
f 9176 9175 9161 9160
f 9171 9173 9176 9172
f 9172 9176 9160 9162
f 8181 8180 9177 9178
f 8180 8176 9179 9177
f 9178 9177 9180 9181
f 9177 9179 9182 9180
f 8174 8159 9158 9183
f 9183 9158 9161 9184
f 8176 8174 9183 9179
f 9179 9183 9184 9182
f 9174 9185 9186 9175
f 9185 9187 9188 9186
f 9175 9186 9184 9161
f 9186 9188 9182 9184
f 9189 9190 9191 9192
f 9192 9191 9181 9180
f 9187 9189 9192 9188
f 9188 9192 9180 9182
f 8285 8284 9193 9194
f 8284 8279 9195 9193
f 9194 9193 9196 9197
f 9193 9195 9198 9196
f 8276 8275 9199 9200
f 9200 9199 9201 9202
f 8279 8276 9200 9195
f 9195 9200 9202 9198
f 9203 9204 9205 9206
f 9204 9207 9208 9205
f 9206 9205 9202 9201
f 9205 9208 9198 9202
f 9209 9210 9211 9212
f 9212 9211 9197 9196
f 9207 9209 9212 9208
f 9208 9212 9196 9198
f 8307 8306 9213 9214
f 8306 8302 9215 9213
f 9214 9213 9216 9217
f 9213 9215 9218 9216
f 8300 8285 9194 9219
f 9219 9194 9197 9220
f 8302 8300 9219 9215
f 9215 9219 9220 9218
f 9210 9221 9222 9211
f 9221 9223 9224 9222
f 9211 9222 9220 9197
f 9222 9224 9218 9220
f 9225 9226 9227 9228
f 9228 9227 9217 9216
f 9223 9225 9228 9224
f 9224 9228 9216 9218
f 8411 8410 9229 9230
f 8410 8405 9231 9229
f 9230 9229 9232 9233
f 9229 9231 9234 9232
f 8402 8401 9235 9236
f 9236 9235 9237 9238
f 8405 8402 9236 9231
f 9231 9236 9238 9234
f 9239 9240 9241 9242
f 9240 9243 9244 9241
f 9242 9241 9238 9237
f 9241 9244 9234 9238
f 9245 9246 9247 9248
f 9248 9247 9233 9232
f 9243 9245 9248 9244
f 9244 9248 9232 9234
f 8433 8432 9249 9250
f 8432 8428 9251 9249
f 9250 9249 9252 9253
f 9249 9251 9254 9252
f 8426 8411 9230 9255
f 9255 9230 9233 9256
f 8428 8426 9255 9251
f 9251 9255 9256 9254
f 9246 9257 9258 9247
f 9257 9259 9260 9258
f 9247 9258 9256 9233
f 9258 9260 9254 9256
f 9261 9262 9263 9264
f 9264 9263 9253 9252
f 9259 9261 9264 9260
f 9260 9264 9252 9254
f 8537 8536 9265 9266
f 8536 8531 9267 9265
f 9266 9265 9268 9269
f 9265 9267 9270 9268
f 8528 8527 9271 9272
f 9272 9271 9273 9274
f 8531 8528 9272 9267
f 9267 9272 9274 9270
f 9275 9276 9277 9278
f 9276 9279 9280 9277
f 9278 9277 9274 9273
f 9277 9280 9270 9274
f 9281 9282 9283 9284
f 9284 9283 9269 9268
f 9279 9281 9284 9280
f 9280 9284 9268 9270
f 8559 8558 9285 9286
f 8558 8554 9287 9285
f 9286 9285 9288 9289
f 9285 9287 9290 9288
f 8552 8537 9266 9291
f 9291 9266 9269 9292
f 8554 8552 9291 9287
f 9287 9291 9292 9290
f 9282 9293 9294 9283
f 9293 9295 9296 9294
f 9283 9294 9292 9269
f 9294 9296 9290 9292
f 9297 9298 9299 9300
f 9300 9299 9289 9288
f 9295 9297 9300 9296
f 9296 9300 9288 9290
f 8663 8662 9301 9302
f 8662 8657 9303 9301
f 9302 9301 9304 9305
f 9301 9303 9306 9304
f 8654 8653 9307 9308
f 9308 9307 9309 9310
f 8657 8654 9308 9303
f 9303 9308 9310 9306
f 9311 9312 9313 9314
f 9312 9315 9316 9313
f 9314 9313 9310 9309
f 9313 9316 9306 9310
f 9317 9318 9319 9320
f 9320 9319 9305 9304
f 9315 9317 9320 9316
f 9316 9320 9304 9306
f 8685 8684 9321 9322
f 8684 8680 9323 9321
f 9322 9321 9324 9325
f 9321 9323 9326 9324
f 8678 8663 9302 9327
f 9327 9302 9305 9328
f 8680 8678 9327 9323
f 9323 9327 9328 9326
f 9318 9329 9330 9319
f 9329 9331 9332 9330
f 9319 9330 9328 9305
f 9330 9332 9326 9328
f 9333 9334 9335 9336
f 9336 9335 9325 9324
f 9331 9333 9336 9332
f 9332 9336 9324 9326
f 8789 8788 9337 9338
f 8788 8783 9339 9337
f 9338 9337 9340 9341
f 9337 9339 9342 9340
f 8780 8779 9343 9344
f 9344 9343 9345 9346
f 8783 8780 9344 9339
f 9339 9344 9346 9342
f 9347 9348 9349 9350
f 9348 9351 9352 9349
f 9350 9349 9346 9345
f 9349 9352 9342 9346
f 9353 9354 9355 9356
f 9356 9355 9341 9340
f 9351 9353 9356 9352
f 9352 9356 9340 9342
f 8811 8810 9357 9358
f 8810 8806 9359 9357
f 9358 9357 9360 9361
f 9357 9359 9362 9360
f 8804 8789 9338 9363
f 9363 9338 9341 9364
f 8806 8804 9363 9359
f 9359 9363 9364 9362
f 9354 9365 9366 9355
f 9365 9367 9368 9366
f 9355 9366 9364 9341
f 9366 9368 9362 9364
f 9369 9370 9371 9372
f 9372 9371 9361 9360
f 9367 9369 9372 9368
f 9368 9372 9360 9362
f 8915 8914 9373 9374
f 8914 8909 9375 9373
f 9374 9373 9376 9377
f 9373 9375 9378 9376
f 8906 8905 9379 9380
f 9380 9379 9381 9382
f 8909 8906 9380 9375
f 9375 9380 9382 9378
f 9383 9384 9385 9386
f 9384 9387 9388 9385
f 9386 9385 9382 9381
f 9385 9388 9378 9382
f 9389 9390 9391 9392
f 9392 9391 9377 9376
f 9387 9389 9392 9388
f 9388 9392 9376 9378
f 8937 8936 9393 9394
f 8936 8932 9395 9393
f 9394 9393 9396 9397
f 9393 9395 9398 9396
f 8930 8915 9374 9399
f 9399 9374 9377 9400
f 8932 8930 9399 9395
f 9395 9399 9400 9398
f 9390 9401 9402 9391
f 9401 9403 9404 9402
f 9391 9402 9400 9377
f 9402 9404 9398 9400
f 9405 9406 9407 9408
f 9408 9407 9397 9396
f 9403 9405 9408 9404
f 9404 9408 9396 9398
f 9041 9040 9409 9410
f 9040 9035 9411 9409
f 9410 9409 9412 9413
f 9409 9411 9414 9412
f 9032 9031 9415 9416
f 9416 9415 9417 9418
f 9035 9032 9416 9411
f 9411 9416 9418 9414
f 9419 9420 9421 9422
f 9420 9423 9424 9421
f 9422 9421 9418 9417
f 9421 9424 9414 9418
f 9425 9426 9427 9428
f 9428 9427 9413 9412
f 9423 9425 9428 9424
f 9424 9428 9412 9414
f 9063 9062 9429 9430
f 9062 9058 9431 9429
f 9430 9429 9432 9433
f 9429 9431 9434 9432
f 9056 9041 9410 9435
f 9435 9410 9413 9436
f 9058 9056 9435 9431
f 9431 9435 9436 9434
f 9426 9437 9438 9427
f 9437 9439 9440 9438
f 9427 9438 9436 9413
f 9438 9440 9434 9436
f 9441 9442 9443 9444
f 9444 9443 9433 9432
f 9439 9441 9444 9440
f 9440 9444 9432 9434
f 9031 9445 9446 9415
f 9445 9447 9448 9446
f 9415 9446 9449 9417
f 9446 9448 9450 9449
f 9451 8181 9178 9452
f 9452 9178 9181 9453
f 9447 9451 9452 9448
f 9448 9452 9453 9450
f 9190 9454 9455 9191
f 9454 9456 9457 9455
f 9191 9455 9453 9181
f 9455 9457 9450 9453
f 9458 9419 9422 9459
f 9459 9422 9417 9449
f 9456 9458 9459 9457
f 9457 9459 9449 9450
f 9442 9460 9461 9443
f 9460 9462 9463 9461
f 9443 9461 9464 9433
f 9461 9463 9465 9464
f 9466 9383 9386 9467
f 9467 9386 9381 9468
f 9462 9466 9467 9463
f 9463 9467 9468 9465
f 8905 9469 9470 9379
f 9469 9471 9472 9470
f 9379 9470 9468 9381
f 9470 9472 9465 9468
f 9473 9063 9430 9474
f 9474 9430 9433 9464
f 9471 9473 9474 9472
f 9472 9474 9464 9465
f 9406 9475 9476 9407
f 9475 9477 9478 9476
f 9407 9476 9479 9397
f 9476 9478 9480 9479
f 9481 9347 9350 9482
f 9482 9350 9345 9483
f 9477 9481 9482 9478
f 9478 9482 9483 9480
f 8779 9484 9485 9343
f 9484 9486 9487 9485
f 9343 9485 9483 9345
f 9485 9487 9480 9483
f 9488 8937 9394 9489
f 9489 9394 9397 9479
f 9486 9488 9489 9487
f 9487 9489 9479 9480
f 9370 9490 9491 9371
f 9490 9492 9493 9491
f 9371 9491 9494 9361
f 9491 9493 9495 9494
f 9496 9311 9314 9497
f 9497 9314 9309 9498
f 9492 9496 9497 9493
f 9493 9497 9498 9495
f 8653 9499 9500 9307
f 9499 9501 9502 9500
f 9307 9500 9498 9309
f 9500 9502 9495 9498
f 9503 8811 9358 9504
f 9504 9358 9361 9494
f 9501 9503 9504 9502
f 9502 9504 9494 9495
f 9226 9505 9506 9227
f 9505 9507 9508 9506
f 9227 9506 9509 9217
f 9506 9508 9510 9509
f 9511 9167 9170 9512
f 9512 9170 9165 9513
f 9507 9511 9512 9508
f 9508 9512 9513 9510
f 8149 9514 9515 9163
f 9514 9516 9517 9515
f 9163 9515 9513 9165
f 9515 9517 9510 9513
f 9518 8307 9214 9519
f 9519 9214 9217 9509
f 9516 9518 9519 9517
f 9517 9519 9509 9510
f 9262 9520 9521 9263
f 9520 9522 9523 9521
f 9263 9521 9524 9253
f 9521 9523 9525 9524
f 9526 9203 9206 9527
f 9527 9206 9201 9528
f 9522 9526 9527 9523
f 9523 9527 9528 9525
f 8275 9529 9530 9199
f 9529 9531 9532 9530
f 9199 9530 9528 9201
f 9530 9532 9525 9528
f 9533 8433 9250 9534
f 9534 9250 9253 9524
f 9531 9533 9534 9532
f 9532 9534 9524 9525
f 9298 9535 9536 9299
f 9535 9537 9538 9536
f 9299 9536 9539 9289
f 9536 9538 9540 9539
f 9541 9239 9242 9542
f 9542 9242 9237 9543
f 9537 9541 9542 9538
f 9538 9542 9543 9540
f 8401 9544 9545 9235
f 9544 9546 9547 9545
f 9235 9545 9543 9237
f 9545 9547 9540 9543
f 9548 8559 9286 9549
f 9549 9286 9289 9539
f 9546 9548 9549 9547
f 9547 9549 9539 9540
f 9334 9550 9551 9335
f 9550 9552 9553 9551
f 9335 9551 9554 9325
f 9551 9553 9555 9554
f 9556 9275 9278 9557
f 9557 9278 9273 9558
f 9552 9556 9557 9553
f 9553 9557 9558 9555
f 8527 9559 9560 9271
f 9559 9561 9562 9560
f 9271 9560 9558 9273
f 9560 9562 9555 9558
f 9563 8685 9322 9564
f 9564 9322 9325 9554
f 9561 9563 9564 9562
f 9562 9564 9554 9555
f 9167 9511 9565 9168
f 9511 9507 9566 9565
f 9168 9565 9567 9171
f 9565 9566 9568 9567
f 9505 9226 9569 9570
f 9570 9569 9571 9572
f 9507 9505 9570 9566
f 9566 9570 9572 9568
f 9573 9574 9575 9576
f 9574 9577 9578 9575
f 9576 9575 9572 9571
f 9575 9578 9568 9572
f 9579 9174 9173 9580
f 9580 9173 9171 9567
f 9577 9579 9580 9578
f 9578 9580 9567 9568
f 9210 9209 9581 9221
f 9209 9207 9582 9581
f 9221 9581 9583 9223
f 9581 9582 9584 9583
f 9204 9203 9585 9586
f 9586 9585 9587 9588
f 9207 9204 9586 9582
f 9582 9586 9588 9584
f 9573 9576 9589 9590
f 9576 9571 9591 9589
f 9590 9589 9588 9587
f 9589 9591 9584 9588
f 9569 9226 9225 9592
f 9592 9225 9223 9583
f 9571 9569 9592 9591
f 9591 9592 9583 9584
f 9239 9541 9593 9240
f 9541 9537 9594 9593
f 9240 9593 9595 9243
f 9593 9594 9596 9595
f 9535 9298 9597 9598
f 9598 9597 9599 9600
f 9537 9535 9598 9594
f 9594 9598 9600 9596
f 9573 9601 9602 9603
f 9601 9604 9605 9602
f 9603 9602 9600 9599
f 9602 9605 9596 9600
f 9606 9246 9245 9607
f 9607 9245 9243 9595
f 9604 9606 9607 9605
f 9605 9607 9595 9596
f 9282 9281 9608 9293
f 9281 9279 9609 9608
f 9293 9608 9610 9295
f 9608 9609 9611 9610
f 9276 9275 9612 9613
f 9613 9612 9614 9615
f 9279 9276 9613 9609
f 9609 9613 9615 9611
f 9573 9603 9616 9617
f 9603 9599 9618 9616
f 9617 9616 9615 9614
f 9616 9618 9611 9615
f 9597 9298 9297 9619
f 9619 9297 9295 9610
f 9599 9597 9619 9618
f 9618 9619 9610 9611
f 9311 9496 9620 9312
f 9496 9492 9621 9620
f 9312 9620 9622 9315
f 9620 9621 9623 9622
f 9490 9370 9624 9625
f 9625 9624 9626 9627
f 9492 9490 9625 9621
f 9621 9625 9627 9623
f 9573 9628 9629 9630
f 9628 9631 9632 9629
f 9630 9629 9627 9626
f 9629 9632 9623 9627
f 9633 9318 9317 9634
f 9634 9317 9315 9622
f 9631 9633 9634 9632
f 9632 9634 9622 9623
f 9354 9353 9635 9365
f 9353 9351 9636 9635
f 9365 9635 9637 9367
f 9635 9636 9638 9637
f 9348 9347 9639 9640
f 9640 9639 9641 9642
f 9351 9348 9640 9636
f 9636 9640 9642 9638
f 9573 9630 9643 9644
f 9630 9626 9645 9643
f 9644 9643 9642 9641
f 9643 9645 9638 9642
f 9624 9370 9369 9646
f 9646 9369 9367 9637
f 9626 9624 9646 9645
f 9645 9646 9637 9638
f 9383 9466 9647 9384
f 9466 9462 9648 9647
f 9384 9647 9649 9387
f 9647 9648 9650 9649
f 9460 9442 9651 9652
f 9652 9651 9653 9654
f 9462 9460 9652 9648
f 9648 9652 9654 9650
f 9573 9655 9656 9657
f 9655 9658 9659 9656
f 9657 9656 9654 9653
f 9656 9659 9650 9654
f 9660 9390 9389 9661
f 9661 9389 9387 9649
f 9658 9660 9661 9659
f 9659 9661 9649 9650
f 9426 9425 9662 9437
f 9425 9423 9663 9662
f 9437 9662 9664 9439
f 9662 9663 9665 9664
f 9420 9419 9666 9667
f 9667 9666 9668 9669
f 9423 9420 9667 9663
f 9663 9667 9669 9665
f 9573 9657 9670 9671
f 9657 9653 9672 9670
f 9671 9670 9669 9668
f 9670 9672 9665 9669
f 9651 9442 9441 9673
f 9673 9441 9439 9664
f 9653 9651 9673 9672
f 9672 9673 9664 9665
f 9190 9189 9674 9454
f 9189 9187 9675 9674
f 9454 9674 9676 9456
f 9674 9675 9677 9676
f 9185 9174 9579 9678
f 9678 9579 9577 9679
f 9187 9185 9678 9675
f 9675 9678 9679 9677
f 9573 9671 9680 9574
f 9671 9668 9681 9680
f 9574 9680 9679 9577
f 9680 9681 9677 9679
f 9666 9419 9458 9682
f 9682 9458 9456 9676
f 9668 9666 9682 9681
f 9681 9682 9676 9677
f 9406 9405 9683 9475
f 9405 9403 9684 9683
f 9475 9683 9685 9477
f 9683 9684 9686 9685
f 9401 9390 9660 9687
f 9687 9660 9658 9688
f 9403 9401 9687 9684
f 9684 9687 9688 9686
f 9573 9644 9689 9655
f 9644 9641 9690 9689
f 9655 9689 9688 9658
f 9689 9690 9686 9688
f 9639 9347 9481 9691
f 9691 9481 9477 9685
f 9641 9639 9691 9690
f 9690 9691 9685 9686
f 9262 9261 9692 9520
f 9261 9259 9693 9692
f 9520 9692 9694 9522
f 9692 9693 9695 9694
f 9257 9246 9606 9696
f 9696 9606 9604 9697
f 9259 9257 9696 9693
f 9693 9696 9697 9695
f 9573 9590 9698 9601
f 9590 9587 9699 9698
f 9601 9698 9697 9604
f 9698 9699 9695 9697
f 9585 9203 9526 9700
f 9700 9526 9522 9694
f 9587 9585 9700 9699
f 9699 9700 9694 9695
f 9334 9333 9701 9550
f 9333 9331 9702 9701
f 9550 9701 9703 9552
f 9701 9702 9704 9703
f 9329 9318 9633 9705
f 9705 9633 9631 9706
f 9331 9329 9705 9702
f 9702 9705 9706 9704
f 9573 9617 9707 9628
f 9617 9614 9708 9707
f 9628 9707 9706 9631
f 9707 9708 9704 9706
f 9612 9275 9556 9709
f 9709 9556 9552 9703
f 9614 9612 9709 9708
f 9708 9709 9703 9704
f 9710 9711 9712 9713
f 9711 9714 9715 9712
f 9713 9712 9716 9717
f 9712 9715 9718 9716
f 9719 9720 9721 9722
f 9722 9721 9723 9724
f 9714 9719 9722 9715
f 9715 9722 9724 9718
f 9725 9726 9727 9728
f 9726 9729 9730 9727
f 9728 9727 9724 9723
f 9727 9730 9718 9724
f 9731 9732 9733 9734
f 9734 9733 9717 9716
f 9729 9731 9734 9730
f 9730 9734 9716 9718
f 9735 9736 9737 9738
f 9736 9739 9740 9737
f 9738 9737 9741 9742
f 9737 9740 9743 9741
f 9744 9745 9746 9747
f 9747 9746 9748 9749
f 9739 9744 9747 9740
f 9740 9747 9749 9743
f 9720 9719 9750 9751
f 9719 9714 9752 9750
f 9751 9750 9749 9748
f 9750 9752 9743 9749
f 9711 9710 9753 9754
f 9754 9753 9742 9741
f 9714 9711 9754 9752
f 9752 9754 9741 9743
f 9755 9756 9757 9758
f 9756 9759 9760 9757
f 9758 9757 9761 9762
f 9757 9760 9763 9761
f 9764 9710 9713 9765
f 9765 9713 9717 9766
f 9759 9764 9765 9760
f 9760 9765 9766 9763
f 9732 9767 9768 9733
f 9767 9769 9770 9768
f 9733 9768 9766 9717
f 9768 9770 9763 9766
f 9771 9772 9773 9774
f 9774 9773 9762 9761
f 9769 9771 9774 9770
f 9770 9774 9761 9763
f 9775 9776 9777 9778
f 9776 9779 9780 9777
f 9778 9777 9781 9782
f 9777 9780 9783 9781
f 9784 9735 9738 9785
f 9785 9738 9742 9786
f 9779 9784 9785 9780
f 9780 9785 9786 9783
f 9710 9764 9787 9753
f 9764 9759 9788 9787
f 9753 9787 9786 9742
f 9787 9788 9783 9786
f 9756 9755 9789 9790
f 9790 9789 9782 9781
f 9759 9756 9790 9788
f 9788 9790 9781 9783
f 9791 9792 9793 9794
f 9792 9795 9796 9793
f 9794 9793 9797 9798
f 9793 9796 9799 9797
f 9800 9755 9758 9801
f 9801 9758 9762 9802
f 9795 9800 9801 9796
f 9796 9801 9802 9799
f 9772 9803 9804 9773
f 9803 9805 9806 9804
f 9773 9804 9802 9762
f 9804 9806 9799 9802
f 9807 9808 9809 9810
f 9810 9809 9798 9797
f 9805 9807 9810 9806
f 9806 9810 9797 9799
f 9811 9812 9813 9814
f 9812 9815 9816 9813
f 9814 9813 9817 9818
f 9813 9816 9819 9817
f 9820 9775 9778 9821
f 9821 9778 9782 9822
f 9815 9820 9821 9816
f 9816 9821 9822 9819
f 9755 9800 9823 9789
f 9800 9795 9824 9823
f 9789 9823 9822 9782
f 9823 9824 9819 9822
f 9792 9791 9825 9826
f 9826 9825 9818 9817
f 9795 9792 9826 9824
f 9824 9826 9817 9819
f 9827 9828 9829 9830
f 9828 9831 9832 9829
f 9830 9829 9833 9834
f 9829 9832 9835 9833
f 9836 9837 9838 9839
f 9839 9838 9840 9841
f 9831 9836 9839 9832
f 9832 9839 9841 9835
f 9842 9843 9844 9845
f 9843 9846 9847 9844
f 9845 9844 9841 9840
f 9844 9847 9835 9841
f 9848 9849 9850 9851
f 9851 9850 9834 9833
f 9846 9848 9851 9847
f 9847 9851 9833 9835
f 9852 9853 9854 9855
f 9853 9856 9857 9854
f 9855 9854 9858 9859
f 9854 9857 9860 9858
f 9861 9862 9863 9864
f 9864 9863 9865 9866
f 9856 9861 9864 9857
f 9857 9864 9866 9860
f 9837 9836 9867 9868
f 9836 9831 9869 9867
f 9868 9867 9866 9865
f 9867 9869 9860 9866
f 9828 9827 9870 9871
f 9871 9870 9859 9858
f 9831 9828 9871 9869
f 9869 9871 9858 9860
f 9872 9873 9874 9875
f 9873 9876 9877 9874
f 9875 9874 9878 9879
f 9874 9877 9880 9878
f 9881 9827 9830 9882
f 9882 9830 9834 9883
f 9876 9881 9882 9877
f 9877 9882 9883 9880
f 9849 9884 9885 9850
f 9884 9886 9887 9885
f 9850 9885 9883 9834
f 9885 9887 9880 9883
f 9888 9889 9890 9891
f 9891 9890 9879 9878
f 9886 9888 9891 9887
f 9887 9891 9878 9880
f 9892 9893 9894 9895
f 9893 9896 9897 9894
f 9895 9894 9898 9899
f 9894 9897 9900 9898
f 9901 9852 9855 9902
f 9902 9855 9859 9903
f 9896 9901 9902 9897
f 9897 9902 9903 9900
f 9827 9881 9904 9870
f 9881 9876 9905 9904
f 9870 9904 9903 9859
f 9904 9905 9900 9903
f 9873 9872 9906 9907
f 9907 9906 9899 9898
f 9876 9873 9907 9905
f 9905 9907 9898 9900
f 9908 9909 9910 9911
f 9909 9912 9913 9910
f 9911 9910 9914 9915
f 9910 9913 9916 9914
f 9917 9872 9875 9918
f 9918 9875 9879 9919
f 9912 9917 9918 9913
f 9913 9918 9919 9916
f 9889 9920 9921 9890
f 9920 9922 9923 9921
f 9890 9921 9919 9879
f 9921 9923 9916 9919
f 9924 9925 9926 9927
f 9927 9926 9915 9914
f 9922 9924 9927 9923
f 9923 9927 9914 9916
f 9928 9929 9930 9931
f 9929 9932 9933 9930
f 9931 9930 9934 9935
f 9930 9933 9936 9934
f 9937 9892 9895 9938
f 9938 9895 9899 9939
f 9932 9937 9938 9933
f 9933 9938 9939 9936
f 9872 9917 9940 9906
f 9917 9912 9941 9940
f 9906 9940 9939 9899
f 9940 9941 9936 9939
f 9909 9908 9942 9943
f 9943 9942 9935 9934
f 9912 9909 9943 9941
f 9941 9943 9934 9936
f 9944 9945 9946 9947
f 9945 9948 9949 9946
f 9947 9946 9950 9951
f 9946 9949 9952 9950
f 9953 9954 9955 9956
f 9956 9955 9957 9958
f 9948 9953 9956 9949
f 9949 9956 9958 9952
f 9959 9960 9961 9962
f 9960 9963 9964 9961
f 9962 9961 9958 9957
f 9961 9964 9952 9958
f 9965 9966 9967 9968
f 9968 9967 9951 9950
f 9963 9965 9968 9964
f 9964 9968 9950 9952
f 9969 9970 9971 9972
f 9970 9973 9974 9971
f 9972 9971 9975 9976
f 9971 9974 9977 9975
f 9978 9979 9980 9981
f 9981 9980 9982 9983
f 9973 9978 9981 9974
f 9974 9981 9983 9977
f 9954 9953 9984 9985
f 9953 9948 9986 9984
f 9985 9984 9983 9982
f 9984 9986 9977 9983
f 9945 9944 9987 9988
f 9988 9987 9976 9975
f 9948 9945 9988 9986
f 9986 9988 9975 9977
f 9989 9990 9991 9992
f 9990 9993 9994 9991
f 9992 9991 9995 9996
f 9991 9994 9997 9995
f 9998 9944 9947 9999
f 9999 9947 9951 10000
f 9993 9998 9999 9994
f 9994 9999 10000 9997
f 9966 10001 10002 9967
f 10001 10003 10004 10002
f 9967 10002 10000 9951
f 10002 10004 9997 10000
f 10005 10006 10007 10008
f 10008 10007 9996 9995
f 10003 10005 10008 10004
f 10004 10008 9995 9997
f 10009 10010 10011 10012
f 10010 10013 10014 10011
f 10012 10011 10015 10016
f 10011 10014 10017 10015
f 10018 9969 9972 10019
f 10019 9972 9976 10020
f 10013 10018 10019 10014
f 10014 10019 10020 10017
f 9944 9998 10021 9987
f 9998 9993 10022 10021
f 9987 10021 10020 9976
f 10021 10022 10017 10020
f 9990 9989 10023 10024
f 10024 10023 10016 10015
f 9993 9990 10024 10022
f 10022 10024 10015 10017
f 10025 10026 10027 10028
f 10026 10029 10030 10027
f 10028 10027 10031 10032
f 10027 10030 10033 10031
f 10034 9989 9992 10035
f 10035 9992 9996 10036
f 10029 10034 10035 10030
f 10030 10035 10036 10033
f 10006 10037 10038 10007
f 10037 10039 10040 10038
f 10007 10038 10036 9996
f 10038 10040 10033 10036
f 10041 10042 10043 10044
f 10044 10043 10032 10031
f 10039 10041 10044 10040
f 10040 10044 10031 10033
f 10045 10046 10047 10048
f 10046 10049 10050 10047
f 10048 10047 10051 10052
f 10047 10050 10053 10051
f 10054 10009 10012 10055
f 10055 10012 10016 10056
f 10049 10054 10055 10050
f 10050 10055 10056 10053
f 9989 10034 10057 10023
f 10034 10029 10058 10057
f 10023 10057 10056 10016
f 10057 10058 10053 10056
f 10026 10025 10059 10060
f 10060 10059 10052 10051
f 10029 10026 10060 10058
f 10058 10060 10051 10053
f 10061 10062 10063 10064
f 10062 10065 10066 10063
f 10064 10063 10067 10068
f 10063 10066 10069 10067
f 10070 10071 10072 10073
f 10073 10072 10074 10075
f 10065 10070 10073 10066
f 10066 10073 10075 10069
f 10076 10077 10078 10079
f 10077 10080 10081 10078
f 10079 10078 10075 10074
f 10078 10081 10069 10075
f 10082 10083 10084 10085
f 10085 10084 10068 10067
f 10080 10082 10085 10081
f 10081 10085 10067 10069
f 10086 10087 10088 10089
f 10087 10090 10091 10088
f 10089 10088 10092 10093
f 10088 10091 10094 10092
f 10095 10096 10097 10098
f 10098 10097 10099 10100
f 10090 10095 10098 10091
f 10091 10098 10100 10094
f 10071 10070 10101 10102
f 10070 10065 10103 10101
f 10102 10101 10100 10099
f 10101 10103 10094 10100
f 10062 10061 10104 10105
f 10105 10104 10093 10092
f 10065 10062 10105 10103
f 10103 10105 10092 10094
f 10106 10107 10108 10109
f 10107 10110 10111 10108
f 10109 10108 10112 10113
f 10108 10111 10114 10112
f 10115 10061 10064 10116
f 10116 10064 10068 10117
f 10110 10115 10116 10111
f 10111 10116 10117 10114
f 10083 10118 10119 10084
f 10118 10120 10121 10119
f 10084 10119 10117 10068
f 10119 10121 10114 10117
f 10122 10123 10124 10125
f 10125 10124 10113 10112
f 10120 10122 10125 10121
f 10121 10125 10112 10114
f 10126 10127 10128 10129
f 10127 10130 10131 10128
f 10129 10128 10132 10133
f 10128 10131 10134 10132
f 10135 10086 10089 10136
f 10136 10089 10093 10137
f 10130 10135 10136 10131
f 10131 10136 10137 10134
f 10061 10115 10138 10104
f 10115 10110 10139 10138
f 10104 10138 10137 10093
f 10138 10139 10134 10137
f 10107 10106 10140 10141
f 10141 10140 10133 10132
f 10110 10107 10141 10139
f 10139 10141 10132 10134
f 10142 10143 10144 10145
f 10143 10146 10147 10144
f 10145 10144 10148 10149
f 10144 10147 10150 10148
f 10151 10106 10109 10152
f 10152 10109 10113 10153
f 10146 10151 10152 10147
f 10147 10152 10153 10150
f 10123 10154 10155 10124
f 10154 10156 10157 10155
f 10124 10155 10153 10113
f 10155 10157 10150 10153
f 10158 10159 10160 10161
f 10161 10160 10149 10148
f 10156 10158 10161 10157
f 10157 10161 10148 10150
f 10162 10163 10164 10165
f 10163 10166 10167 10164
f 10165 10164 10168 10169
f 10164 10167 10170 10168
f 10171 10126 10129 10172
f 10172 10129 10133 10173
f 10166 10171 10172 10167
f 10167 10172 10173 10170
f 10106 10151 10174 10140
f 10151 10146 10175 10174
f 10140 10174 10173 10133
f 10174 10175 10170 10173
f 10143 10142 10176 10177
f 10177 10176 10169 10168
f 10146 10143 10177 10175
f 10175 10177 10168 10170
f 10178 10179 10180 10181
f 10179 10182 10183 10180
f 10181 10180 10184 10185
f 10180 10183 10186 10184
f 10187 10188 10189 10190
f 10190 10189 10191 10192
f 10182 10187 10190 10183
f 10183 10190 10192 10186
f 10193 10194 10195 10196
f 10194 10197 10198 10195
f 10196 10195 10192 10191
f 10195 10198 10186 10192
f 10199 10200 10201 10202
f 10202 10201 10185 10184
f 10197 10199 10202 10198
f 10198 10202 10184 10186
f 10203 10204 10205 10206
f 10204 10207 10208 10205
f 10206 10205 10209 10210
f 10205 10208 10211 10209
f 10212 10213 10214 10215
f 10215 10214 10216 10217
f 10207 10212 10215 10208
f 10208 10215 10217 10211
f 10188 10187 10218 10219
f 10187 10182 10220 10218
f 10219 10218 10217 10216
f 10218 10220 10211 10217
f 10179 10178 10221 10222
f 10222 10221 10210 10209
f 10182 10179 10222 10220
f 10220 10222 10209 10211
f 10223 10224 10225 10226
f 10224 10227 10228 10225
f 10226 10225 10229 10230
f 10225 10228 10231 10229
f 10232 10178 10181 10233
f 10233 10181 10185 10234
f 10227 10232 10233 10228
f 10228 10233 10234 10231
f 10200 10235 10236 10201
f 10235 10237 10238 10236
f 10201 10236 10234 10185
f 10236 10238 10231 10234
f 10239 10240 10241 10242
f 10242 10241 10230 10229
f 10237 10239 10242 10238
f 10238 10242 10229 10231
f 10243 10244 10245 10246
f 10244 10247 10248 10245
f 10246 10245 10249 10250
f 10245 10248 10251 10249
f 10252 10203 10206 10253
f 10253 10206 10210 10254
f 10247 10252 10253 10248
f 10248 10253 10254 10251
f 10178 10232 10255 10221
f 10232 10227 10256 10255
f 10221 10255 10254 10210
f 10255 10256 10251 10254
f 10224 10223 10257 10258
f 10258 10257 10250 10249
f 10227 10224 10258 10256
f 10256 10258 10249 10251
f 10259 10260 10261 10262
f 10260 10263 10264 10261
f 10262 10261 10265 10266
f 10261 10264 10267 10265
f 10268 10223 10226 10269
f 10269 10226 10230 10270
f 10263 10268 10269 10264
f 10264 10269 10270 10267
f 10240 10271 10272 10241
f 10271 10273 10274 10272
f 10241 10272 10270 10230
f 10272 10274 10267 10270
f 10275 10276 10277 10278
f 10278 10277 10266 10265
f 10273 10275 10278 10274
f 10274 10278 10265 10267
f 10279 10280 10281 10282
f 10280 10283 10284 10281
f 10282 10281 10285 10286
f 10281 10284 10287 10285
f 10288 10243 10246 10289
f 10289 10246 10250 10290
f 10283 10288 10289 10284
f 10284 10289 10290 10287
f 10223 10268 10291 10257
f 10268 10263 10292 10291
f 10257 10291 10290 10250
f 10291 10292 10287 10290
f 10260 10259 10293 10294
f 10294 10293 10286 10285
f 10263 10260 10294 10292
f 10292 10294 10285 10287
f 10295 10296 10297 10298
f 10296 10299 10300 10297
f 10298 10297 10301 10302
f 10297 10300 10303 10301
f 10304 10305 10306 10307
f 10307 10306 10308 10309
f 10299 10304 10307 10300
f 10300 10307 10309 10303
f 10310 10311 10312 10313
f 10311 10314 10315 10312
f 10313 10312 10309 10308
f 10312 10315 10303 10309
f 10316 10317 10318 10319
f 10319 10318 10302 10301
f 10314 10316 10319 10315
f 10315 10319 10301 10303
f 10320 10321 10322 10323
f 10321 10324 10325 10322
f 10323 10322 10326 10327
f 10322 10325 10328 10326
f 10329 10330 10331 10332
f 10332 10331 10333 10334
f 10324 10329 10332 10325
f 10325 10332 10334 10328
f 10305 10304 10335 10336
f 10304 10299 10337 10335
f 10336 10335 10334 10333
f 10335 10337 10328 10334
f 10296 10295 10338 10339
f 10339 10338 10327 10326
f 10299 10296 10339 10337
f 10337 10339 10326 10328
f 10340 10341 10342 10343
f 10341 10344 10345 10342
f 10343 10342 10346 10347
f 10342 10345 10348 10346
f 10349 10295 10298 10350
f 10350 10298 10302 10351
f 10344 10349 10350 10345
f 10345 10350 10351 10348
f 10317 10352 10353 10318
f 10352 10354 10355 10353
f 10318 10353 10351 10302
f 10353 10355 10348 10351
f 10356 10357 10358 10359
f 10359 10358 10347 10346
f 10354 10356 10359 10355
f 10355 10359 10346 10348
f 10360 10361 10362 10363
f 10361 10364 10365 10362
f 10363 10362 10366 10367
f 10362 10365 10368 10366
f 10369 10320 10323 10370
f 10370 10323 10327 10371
f 10364 10369 10370 10365
f 10365 10370 10371 10368
f 10295 10349 10372 10338
f 10349 10344 10373 10372
f 10338 10372 10371 10327
f 10372 10373 10368 10371
f 10341 10340 10374 10375
f 10375 10374 10367 10366
f 10344 10341 10375 10373
f 10373 10375 10366 10368
f 10376 10377 10378 10379
f 10377 10380 10381 10378
f 10379 10378 10382 10383
f 10378 10381 10384 10382
f 10385 10340 10343 10386
f 10386 10343 10347 10387
f 10380 10385 10386 10381
f 10381 10386 10387 10384
f 10357 10388 10389 10358
f 10388 10390 10391 10389
f 10358 10389 10387 10347
f 10389 10391 10384 10387
f 10392 10393 10394 10395
f 10395 10394 10383 10382
f 10390 10392 10395 10391
f 10391 10395 10382 10384
f 10396 10397 10398 10399
f 10397 10400 10401 10398
f 10399 10398 10402 10403
f 10398 10401 10404 10402
f 10405 10360 10363 10406
f 10406 10363 10367 10407
f 10400 10405 10406 10401
f 10401 10406 10407 10404
f 10340 10385 10408 10374
f 10385 10380 10409 10408
f 10374 10408 10407 10367
f 10408 10409 10404 10407
f 10377 10376 10410 10411
f 10411 10410 10403 10402
f 10380 10377 10411 10409
f 10409 10411 10402 10404
f 10412 10413 10414 10415
f 10413 10416 10417 10414
f 10415 10414 10418 10419
f 10414 10417 10420 10418
f 10421 10422 10423 10424
f 10424 10423 10425 10426
f 10416 10421 10424 10417
f 10417 10424 10426 10420
f 10427 10428 10429 10430
f 10428 10431 10432 10429
f 10430 10429 10426 10425
f 10429 10432 10420 10426
f 10433 10434 10435 10436
f 10436 10435 10419 10418
f 10431 10433 10436 10432
f 10432 10436 10418 10420
f 10437 10438 10439 10440
f 10438 10441 10442 10439
f 10440 10439 10443 10444
f 10439 10442 10445 10443
f 10446 10447 10448 10449
f 10449 10448 10450 10451
f 10441 10446 10449 10442
f 10442 10449 10451 10445
f 10422 10421 10452 10453
f 10421 10416 10454 10452
f 10453 10452 10451 10450
f 10452 10454 10445 10451
f 10413 10412 10455 10456
f 10456 10455 10444 10443
f 10416 10413 10456 10454
f 10454 10456 10443 10445
f 10457 10458 10459 10460
f 10458 10461 10462 10459
f 10460 10459 10463 10464
f 10459 10462 10465 10463
f 10466 10412 10415 10467
f 10467 10415 10419 10468
f 10461 10466 10467 10462
f 10462 10467 10468 10465
f 10434 10469 10470 10435
f 10469 10471 10472 10470
f 10435 10470 10468 10419
f 10470 10472 10465 10468
f 10473 10474 10475 10476
f 10476 10475 10464 10463
f 10471 10473 10476 10472
f 10472 10476 10463 10465
f 10477 10478 10479 10480
f 10478 10481 10482 10479
f 10480 10479 10483 10484
f 10479 10482 10485 10483
f 10486 10437 10440 10487
f 10487 10440 10444 10488
f 10481 10486 10487 10482
f 10482 10487 10488 10485
f 10412 10466 10489 10455
f 10466 10461 10490 10489
f 10455 10489 10488 10444
f 10489 10490 10485 10488
f 10458 10457 10491 10492
f 10492 10491 10484 10483
f 10461 10458 10492 10490
f 10490 10492 10483 10485
f 10493 10494 10495 10496
f 10494 10497 10498 10495
f 10496 10495 10499 10500
f 10495 10498 10501 10499
f 10502 10457 10460 10503
f 10503 10460 10464 10504
f 10497 10502 10503 10498
f 10498 10503 10504 10501
f 10474 10505 10506 10475
f 10505 10507 10508 10506
f 10475 10506 10504 10464
f 10506 10508 10501 10504
f 10509 10510 10511 10512
f 10512 10511 10500 10499
f 10507 10509 10512 10508
f 10508 10512 10499 10501
f 10513 10514 10515 10516
f 10514 10517 10518 10515
f 10516 10515 10519 10520
f 10515 10518 10521 10519
f 10522 10477 10480 10523
f 10523 10480 10484 10524
f 10517 10522 10523 10518
f 10518 10523 10524 10521
f 10457 10502 10525 10491
f 10502 10497 10526 10525
f 10491 10525 10524 10484
f 10525 10526 10521 10524
f 10494 10493 10527 10528
f 10528 10527 10520 10519
f 10497 10494 10528 10526
f 10526 10528 10519 10521
f 10529 10530 10531 10532
f 10530 10533 10534 10531
f 10532 10531 10535 10536
f 10531 10534 10537 10535
f 10538 10539 10540 10541
f 10541 10540 10542 10543
f 10533 10538 10541 10534
f 10534 10541 10543 10537
f 10544 10545 10546 10547
f 10545 10548 10549 10546
f 10547 10546 10543 10542
f 10546 10549 10537 10543
f 10550 10551 10552 10553
f 10553 10552 10536 10535
f 10548 10550 10553 10549
f 10549 10553 10535 10537
f 10554 10555 10556 10557
f 10555 10558 10559 10556
f 10557 10556 10560 10561
f 10556 10559 10562 10560
f 10563 10564 10565 10566
f 10566 10565 10567 10568
f 10558 10563 10566 10559
f 10559 10566 10568 10562
f 10539 10538 10569 10570
f 10538 10533 10571 10569
f 10570 10569 10568 10567
f 10569 10571 10562 10568
f 10530 10529 10572 10573
f 10573 10572 10561 10560
f 10533 10530 10573 10571
f 10571 10573 10560 10562
f 10574 10575 10576 10577
f 10575 10578 10579 10576
f 10577 10576 10580 10581
f 10576 10579 10582 10580
f 10583 10529 10532 10584
f 10584 10532 10536 10585
f 10578 10583 10584 10579
f 10579 10584 10585 10582
f 10551 10586 10587 10552
f 10586 10588 10589 10587
f 10552 10587 10585 10536
f 10587 10589 10582 10585
f 10590 10591 10592 10593
f 10593 10592 10581 10580
f 10588 10590 10593 10589
f 10589 10593 10580 10582
f 10594 10595 10596 10597
f 10595 10598 10599 10596
f 10597 10596 10600 10601
f 10596 10599 10602 10600
f 10603 10554 10557 10604
f 10604 10557 10561 10605
f 10598 10603 10604 10599
f 10599 10604 10605 10602
f 10529 10583 10606 10572
f 10583 10578 10607 10606
f 10572 10606 10605 10561
f 10606 10607 10602 10605
f 10575 10574 10608 10609
f 10609 10608 10601 10600
f 10578 10575 10609 10607
f 10607 10609 10600 10602
f 10610 10611 10612 10613
f 10611 10614 10615 10612
f 10613 10612 10616 10617
f 10612 10615 10618 10616
f 10619 10574 10577 10620
f 10620 10577 10581 10621
f 10614 10619 10620 10615
f 10615 10620 10621 10618
f 10591 10622 10623 10592
f 10622 10624 10625 10623
f 10592 10623 10621 10581
f 10623 10625 10618 10621
f 10626 10627 10628 10629
f 10629 10628 10617 10616
f 10624 10626 10629 10625
f 10625 10629 10616 10618
f 10630 10631 10632 10633
f 10631 10634 10635 10632
f 10633 10632 10636 10637
f 10632 10635 10638 10636
f 10639 10594 10597 10640
f 10640 10597 10601 10641
f 10634 10639 10640 10635
f 10635 10640 10641 10638
f 10574 10619 10642 10608
f 10619 10614 10643 10642
f 10608 10642 10641 10601
f 10642 10643 10638 10641
f 10611 10610 10644 10645
f 10645 10644 10637 10636
f 10614 10611 10645 10643
f 10643 10645 10636 10638
f 10646 10647 10648 10649
f 10647 10650 10651 10648
f 10649 10648 10652 10653
f 10648 10651 10654 10652
f 10655 10656 10657 10658
f 10658 10657 10659 10660
f 10650 10655 10658 10651
f 10651 10658 10660 10654
f 10661 10662 10663 10664
f 10662 10665 10666 10663
f 10664 10663 10660 10659
f 10663 10666 10654 10660
f 10667 10668 10669 10670
f 10670 10669 10653 10652
f 10665 10667 10670 10666
f 10666 10670 10652 10654
f 10668 10667 10671 10672
f 10667 10665 10673 10671
f 10672 10671 10674 10675
f 10671 10673 10676 10674
f 10662 10661 10677 10678
f 10678 10677 10679 10680
f 10665 10662 10678 10673
f 10673 10678 10680 10676
f 10681 10682 10683 10684
f 10682 10685 10686 10683
f 10684 10683 10680 10679
f 10683 10686 10676 10680
f 10687 10688 10689 10690
f 10690 10689 10675 10674
f 10685 10687 10690 10686
f 10686 10690 10674 10676
f 10691 10692 10693 10694
f 10692 10695 10696 10693
f 10694 10693 10697 10698
f 10693 10696 10699 10697
f 10700 10701 10702 10703
f 10703 10702 10704 10705
f 10695 10700 10703 10696
f 10696 10703 10705 10699
f 10706 10707 10708 10709
f 10707 10710 10711 10708
f 10709 10708 10705 10704
f 10708 10711 10699 10705
f 10712 10713 10714 10715
f 10715 10714 10698 10697
f 10710 10712 10715 10711
f 10711 10715 10697 10699
f 10713 10712 10716 10717
f 10712 10710 10718 10716
f 10717 10716 10719 10720
f 10716 10718 10721 10719
f 10707 10706 10722 10723
f 10723 10722 10724 10725
f 10710 10707 10723 10718
f 10718 10723 10725 10721
f 10726 10727 10728 10729
f 10727 10730 10731 10728
f 10729 10728 10725 10724
f 10728 10731 10721 10725
f 10732 10733 10734 10735
f 10735 10734 10720 10719
f 10730 10732 10735 10731
f 10731 10735 10719 10721
f 10736 10737 10738 10739
f 10737 10740 10741 10738
f 10739 10738 10742 10743
f 10738 10741 10744 10742
f 10745 10746 10747 10748
f 10748 10747 10749 10750
f 10740 10745 10748 10741
f 10741 10748 10750 10744
f 10751 10752 10753 10754
f 10752 10755 10756 10753
f 10754 10753 10750 10749
f 10753 10756 10744 10750
f 10757 10758 10759 10760
f 10760 10759 10743 10742
f 10755 10757 10760 10756
f 10756 10760 10742 10744
f 10758 10757 10761 10762
f 10757 10755 10763 10761
f 10762 10761 10764 10765
f 10761 10763 10766 10764
f 10752 10751 10767 10768
f 10768 10767 10769 10770
f 10755 10752 10768 10763
f 10763 10768 10770 10766
f 10771 10772 10773 10774
f 10772 10775 10776 10773
f 10774 10773 10770 10769
f 10773 10776 10766 10770
f 10777 10778 10779 10780
f 10780 10779 10765 10764
f 10775 10777 10780 10776
f 10776 10780 10764 10766
f 10781 10782 10783 10784
f 10782 10785 10786 10783
f 10784 10783 10787 10788
f 10783 10786 10789 10787
f 10790 10791 10792 10793
f 10793 10792 10794 10795
f 10785 10790 10793 10786
f 10786 10793 10795 10789
f 10796 10797 10798 10799
f 10797 10800 10801 10798
f 10799 10798 10795 10794
f 10798 10801 10789 10795
f 10802 10803 10804 10805
f 10805 10804 10788 10787
f 10800 10802 10805 10801
f 10801 10805 10787 10789
f 10803 10802 10806 10807
f 10802 10800 10808 10806
f 10807 10806 10809 10810
f 10806 10808 10811 10809
f 10797 10796 10812 10813
f 10813 10812 10814 10815
f 10800 10797 10813 10808
f 10808 10813 10815 10811
f 10816 10817 10818 10819
f 10817 10820 10821 10818
f 10819 10818 10815 10814
f 10818 10821 10811 10815
f 10822 10823 10824 10825
f 10825 10824 10810 10809
f 10820 10822 10825 10821
f 10821 10825 10809 10811
f 10826 10827 10828 10829
f 10827 10830 10831 10828
f 10829 10828 10832 10833
f 10828 10831 10834 10832
f 10835 10836 10837 10838
f 10838 10837 10839 10840
f 10830 10835 10838 10831
f 10831 10838 10840 10834
f 10841 10842 10843 10844
f 10842 10845 10846 10843
f 10844 10843 10840 10839
f 10843 10846 10834 10840
f 10847 10848 10849 10850
f 10850 10849 10833 10832
f 10845 10847 10850 10846
f 10846 10850 10832 10834
f 10848 10847 10851 10852
f 10847 10845 10853 10851
f 10852 10851 10854 10855
f 10851 10853 10856 10854
f 10842 10841 10857 10858
f 10858 10857 10859 10860
f 10845 10842 10858 10853
f 10853 10858 10860 10856
f 10861 10862 10863 10864
f 10862 10865 10866 10863
f 10864 10863 10860 10859
f 10863 10866 10856 10860
f 10867 10868 10869 10870
f 10870 10869 10855 10854
f 10865 10867 10870 10866
f 10866 10870 10854 10856
f 10871 10872 10873 10874
f 10872 10875 10876 10873
f 10874 10873 10877 10878
f 10873 10876 10879 10877
f 10880 10881 10882 10883
f 10883 10882 10884 10885
f 10875 10880 10883 10876
f 10876 10883 10885 10879
f 10886 10887 10888 10889
f 10887 10890 10891 10888
f 10889 10888 10885 10884
f 10888 10891 10879 10885
f 10892 10893 10894 10895
f 10895 10894 10878 10877
f 10890 10892 10895 10891
f 10891 10895 10877 10879
f 10893 10892 10896 10897
f 10892 10890 10898 10896
f 10897 10896 10899 10900
f 10896 10898 10901 10899
f 10887 10886 10902 10903
f 10903 10902 10904 10905
f 10890 10887 10903 10898
f 10898 10903 10905 10901
f 10906 10907 10908 10909
f 10907 10910 10911 10908
f 10909 10908 10905 10904
f 10908 10911 10901 10905
f 10912 10913 10914 10915
f 10915 10914 10900 10899
f 10910 10912 10915 10911
f 10911 10915 10899 10901
f 10916 10917 10918 10919
f 10917 10920 10921 10918
f 10919 10918 10922 10923
f 10918 10921 10924 10922
f 10925 10926 10927 10928
f 10928 10927 10929 10930
f 10920 10925 10928 10921
f 10921 10928 10930 10924
f 10931 10932 10933 10934
f 10932 10935 10936 10933
f 10934 10933 10930 10929
f 10933 10936 10924 10930
f 10937 10938 10939 10940
f 10940 10939 10923 10922
f 10935 10937 10940 10936
f 10936 10940 10922 10924
f 10938 10937 10941 10942
f 10937 10935 10943 10941
f 10942 10941 10944 10945
f 10941 10943 10946 10944
f 10932 10931 10947 10948
f 10948 10947 10949 10950
f 10935 10932 10948 10943
f 10943 10948 10950 10946
f 10951 10952 10953 10954
f 10952 10955 10956 10953
f 10954 10953 10950 10949
f 10953 10956 10946 10950
f 10957 10958 10959 10960
f 10960 10959 10945 10944
f 10955 10957 10960 10956
f 10956 10960 10944 10946
f 10961 10962 10963 10964
f 10962 10965 10966 10963
f 10964 10963 10967 10968
f 10963 10966 10969 10967
f 10970 10971 10972 10973
f 10973 10972 10974 10975
f 10965 10970 10973 10966
f 10966 10973 10975 10969
f 10976 10977 10978 10979
f 10977 10980 10981 10978
f 10979 10978 10975 10974
f 10978 10981 10969 10975
f 10982 10983 10984 10985
f 10985 10984 10968 10967
f 10980 10982 10985 10981
f 10981 10985 10967 10969
f 10983 10982 10986 10987
f 10982 10980 10988 10986
f 10987 10986 10989 10990
f 10986 10988 10991 10989
f 10977 10976 10992 10993
f 10993 10992 10994 10995
f 10980 10977 10993 10988
f 10988 10993 10995 10991
f 10996 10997 10998 10999
f 10997 11000 11001 10998
f 10999 10998 10995 10994
f 10998 11001 10991 10995
f 11002 11003 11004 11005
f 11005 11004 10990 10989
f 11000 11002 11005 11001
f 11001 11005 10989 10991
f 10688 10687 11006 11007
f 10687 10685 11008 11006
f 11007 11006 11009 11010
f 11006 11008 11011 11009
f 10682 10681 11012 11013
f 11013 11012 11014 11015
f 10685 10682 11013 11008
f 11008 11013 11015 11011
f 10971 10970 11016 11017
f 10970 10965 11018 11016
f 11017 11016 11015 11014
f 11016 11018 11011 11015
f 10962 10961 11019 11020
f 11020 11019 11010 11009
f 10965 10962 11020 11018
f 11018 11020 11009 11011
f 10926 10925 11021 11022
f 10925 10920 11023 11021
f 11022 11021 11024 11025
f 11021 11023 11026 11024
f 10917 10916 11027 11028
f 11028 11027 11029 11030
f 10920 10917 11028 11023
f 11023 11028 11030 11026
f 11003 11002 11031 11032
f 11002 11000 11033 11031
f 11032 11031 11030 11029
f 11031 11033 11026 11030
f 10997 10996 11034 11035
f 11035 11034 11025 11024
f 11000 10997 11035 11033
f 11033 11035 11024 11026
f 10881 10880 11036 11037
f 10880 10875 11038 11036
f 11037 11036 11039 11040
f 11036 11038 11041 11039
f 10872 10871 11042 11043
f 11043 11042 11044 11045
f 10875 10872 11043 11038
f 11038 11043 11045 11041
f 10958 10957 11046 11047
f 10957 10955 11048 11046
f 11047 11046 11045 11044
f 11046 11048 11041 11045
f 10952 10951 11049 11050
f 11050 11049 11040 11039
f 10955 10952 11050 11048
f 11048 11050 11039 11041
f 10836 10835 11051 11052
f 10835 10830 11053 11051
f 11052 11051 11054 11055
f 11051 11053 11056 11054
f 10827 10826 11057 11058
f 11058 11057 11059 11060
f 10830 10827 11058 11053
f 11053 11058 11060 11056
f 10913 10912 11061 11062
f 10912 10910 11063 11061
f 11062 11061 11060 11059
f 11061 11063 11056 11060
f 10907 10906 11064 11065
f 11065 11064 11055 11054
f 10910 10907 11065 11063
f 11063 11065 11054 11056
f 10656 10655 11066 11067
f 10655 10650 11068 11066
f 11067 11066 11069 11070
f 11066 11068 11071 11069
f 10647 10646 11072 11073
f 11073 11072 11074 11075
f 10650 10647 11073 11068
f 11068 11073 11075 11071
f 10733 10732 11076 11077
f 10732 10730 11078 11076
f 11077 11076 11075 11074
f 11076 11078 11071 11075
f 10727 10726 11079 11080
f 11080 11079 11070 11069
f 10730 10727 11080 11078
f 11078 11080 11069 11071
f 10701 10700 11081 11082
f 10700 10695 11083 11081
f 11082 11081 11084 11085
f 11081 11083 11086 11084
f 10692 10691 11087 11088
f 11088 11087 11089 11090
f 10695 10692 11088 11083
f 11083 11088 11090 11086
f 10778 10777 11091 11092
f 10777 10775 11093 11091
f 11092 11091 11090 11089
f 11091 11093 11086 11090
f 10772 10771 11094 11095
f 11095 11094 11085 11084
f 10775 10772 11095 11093
f 11093 11095 11084 11086
f 10746 10745 11096 11097
f 10745 10740 11098 11096
f 11097 11096 11099 11100
f 11096 11098 11101 11099
f 10737 10736 11102 11103
f 11103 11102 11104 11105
f 10740 10737 11103 11098
f 11098 11103 11105 11101
f 10823 10822 11106 11107
f 10822 10820 11108 11106
f 11107 11106 11105 11104
f 11106 11108 11101 11105
f 10817 10816 11109 11110
f 11110 11109 11100 11099
f 10820 10817 11110 11108
f 11108 11110 11099 11101
f 10791 10790 11111 11112
f 10790 10785 11113 11111
f 11112 11111 11114 11115
f 11111 11113 11116 11114
f 10782 10781 11117 11118
f 11118 11117 11119 11120
f 10785 10782 11118 11113
f 11113 11118 11120 11116
f 10868 10867 11121 11122
f 10867 10865 11123 11121
f 11122 11121 11120 11119
f 11121 11123 11116 11120
f 10862 10861 11124 11125
f 11125 11124 11115 11114
f 10865 10862 11125 11123
f 11123 11125 11114 11116
f 11126 11127 11128 11129
f 11127 11130 11131 11128
f 11129 11128 11132 11133
f 11128 11131 11134 11132
f 11135 10733 11077 11136
f 11136 11077 11074 11137
f 11130 11135 11136 11131
f 11131 11136 11137 11134
f 10646 10649 11138 11072
f 10649 10653 11139 11138
f 11072 11138 11137 11074
f 11138 11139 11134 11137
f 10669 10668 11140 11141
f 11141 11140 11133 11132
f 10653 10669 11141 11139
f 11139 11141 11132 11134
f 11126 11142 11143 11127
f 11142 11144 11145 11143
f 11127 11143 11146 11130
f 11143 11145 11147 11146
f 11148 10691 10694 11149
f 11149 10694 10698 11150
f 11144 11148 11149 11145
f 11145 11149 11150 11147
f 10713 10717 11151 10714
f 10717 10720 11152 11151
f 10714 11151 11150 10698
f 11151 11152 11147 11150
f 10734 10733 11135 11153
f 11153 11135 11130 11146
f 10720 10734 11153 11152
f 11152 11153 11146 11147
f 11126 11154 11155 11156
f 11154 11157 11158 11155
f 11156 11155 11159 11160
f 11155 11158 11161 11159
f 11162 10823 11107 11163
f 11163 11107 11104 11164
f 11157 11162 11163 11158
f 11158 11163 11164 11161
f 10736 10739 11165 11102
f 10739 10743 11166 11165
f 11102 11165 11164 11104
f 11165 11166 11161 11164
f 10759 10758 11167 11168
f 11168 11167 11160 11159
f 10743 10759 11168 11166
f 11166 11168 11159 11161
f 11126 11169 11170 11154
f 11169 11171 11172 11170
f 11154 11170 11173 11157
f 11170 11172 11174 11173
f 11175 10781 10784 11176
f 11176 10784 10788 11177
f 11171 11175 11176 11172
f 11172 11176 11177 11174
f 10803 10807 11178 10804
f 10807 10810 11179 11178
f 10804 11178 11177 10788
f 11178 11179 11174 11177
f 10824 10823 11162 11180
f 11180 11162 11157 11173
f 10810 10824 11180 11179
f 11179 11180 11173 11174
f 11126 11181 11182 11183
f 11181 11184 11185 11182
f 11183 11182 11186 11187
f 11182 11185 11188 11186
f 11189 10913 11062 11190
f 11190 11062 11059 11191
f 11184 11189 11190 11185
f 11185 11190 11191 11188
f 10826 10829 11192 11057
f 10829 10833 11193 11192
f 11057 11192 11191 11059
f 11192 11193 11188 11191
f 10849 10848 11194 11195
f 11195 11194 11187 11186
f 10833 10849 11195 11193
f 11193 11195 11186 11188
f 11126 11196 11197 11181
f 11196 11198 11199 11197
f 11181 11197 11200 11184
f 11197 11199 11201 11200
f 11202 10871 10874 11203
f 11203 10874 10878 11204
f 11198 11202 11203 11199
f 11199 11203 11204 11201
f 10893 10897 11205 10894
f 10897 10900 11206 11205
f 10894 11205 11204 10878
f 11205 11206 11201 11204
f 10914 10913 11189 11207
f 11207 11189 11184 11200
f 10900 10914 11207 11206
f 11206 11207 11200 11201
f 11126 11208 11209 11210
f 11208 11211 11212 11209
f 11210 11209 11213 11214
f 11209 11212 11215 11213
f 11216 11003 11032 11217
f 11217 11032 11029 11218
f 11211 11216 11217 11212
f 11212 11217 11218 11215
f 10916 10919 11219 11027
f 10919 10923 11220 11219
f 11027 11219 11218 11029
f 11219 11220 11215 11218
f 10939 10938 11221 11222
f 11222 11221 11214 11213
f 10923 10939 11222 11220
f 11220 11222 11213 11215
f 11126 11223 11224 11208
f 11223 11225 11226 11224
f 11208 11224 11227 11211
f 11224 11226 11228 11227
f 11229 10961 10964 11230
f 11230 10964 10968 11231
f 11225 11229 11230 11226
f 11226 11230 11231 11228
f 10983 10987 11232 10984
f 10987 10990 11233 11232
f 10984 11232 11231 10968
f 11232 11233 11228 11231
f 11004 11003 11216 11234
f 11234 11216 11211 11227
f 10990 11004 11234 11233
f 11233 11234 11227 11228
f 11126 11129 11235 11223
f 11129 11133 11236 11235
f 11223 11235 11237 11225
f 11235 11236 11238 11237
f 11140 10668 10672 11239
f 11239 10672 10675 11240
f 11133 11140 11239 11236
f 11236 11239 11240 11238
f 10688 11007 11241 10689
f 11007 11010 11242 11241
f 10689 11241 11240 10675
f 11241 11242 11238 11240
f 11019 10961 11229 11243
f 11243 11229 11225 11237
f 11010 11019 11243 11242
f 11242 11243 11237 11238
f 11126 11210 11244 11196
f 11210 11214 11245 11244
f 11196 11244 11246 11198
f 11244 11245 11247 11246
f 11221 10938 10942 11248
f 11248 10942 10945 11249
f 11214 11221 11248 11245
f 11245 11248 11249 11247
f 10958 11047 11250 10959
f 11047 11044 11251 11250
f 10959 11250 11249 10945
f 11250 11251 11247 11249
f 11042 10871 11202 11252
f 11252 11202 11198 11246
f 11044 11042 11252 11251
f 11251 11252 11246 11247
f 11126 11156 11253 11142
f 11156 11160 11254 11253
f 11142 11253 11255 11144
f 11253 11254 11256 11255
f 11167 10758 10762 11257
f 11257 10762 10765 11258
f 11160 11167 11257 11254
f 11254 11257 11258 11256
f 10778 11092 11259 10779
f 11092 11089 11260 11259
f 10779 11259 11258 10765
f 11259 11260 11256 11258
f 11087 10691 11148 11261
f 11261 11148 11144 11255
f 11089 11087 11261 11260
f 11260 11261 11255 11256
f 11126 11183 11262 11169
f 11183 11187 11263 11262
f 11169 11262 11264 11171
f 11262 11263 11265 11264
f 11194 10848 10852 11266
f 11266 10852 10855 11267
f 11187 11194 11266 11263
f 11263 11266 11267 11265
f 10868 11122 11268 10869
f 11122 11119 11269 11268
f 10869 11268 11267 10855
f 11268 11269 11265 11267
f 11117 10781 11175 11270
f 11270 11175 11171 11264
f 11119 11117 11270 11269
f 11269 11270 11264 11265
f 8226 11271 11272 11273
f 11271 11274 11275 11272
f 11273 11272 11276 11277
f 11272 11275 11278 11276
f 11279 8186 11280 11281
f 11281 11280 11282 11283
f 11274 11279 11281 11275
f 11275 11281 11283 11278
f 9745 9744 11284 11285
f 9744 9739 11286 11284
f 11285 11284 11283 11282
f 11284 11286 11278 11283
f 9736 9735 11287 11288
f 11288 11287 11277 11276
f 9739 9736 11288 11286
f 11286 11288 11276 11278
f 8194 8197 11289 11290
f 8197 8201 11291 11289
f 11290 11289 11292 11293
f 11289 11291 11294 11292
f 8217 8216 11295 11296
f 11296 11295 11297 11298
f 8201 8217 11296 11291
f 11291 11296 11298 11294
f 9772 9771 11299 11300
f 9771 9769 11301 11299
f 11300 11299 11298 11297
f 11299 11301 11294 11298
f 9767 9732 11302 11303
f 11303 11302 11293 11292
f 9769 9767 11303 11301
f 11301 11303 11292 11294
f 8231 8234 11304 11305
f 8234 8229 11306 11304
f 11305 11304 11307 11308
f 11304 11306 11309 11307
f 8227 8226 11273 11310
f 11310 11273 11277 11311
f 8229 8227 11310 11306
f 11306 11310 11311 11309
f 9735 9784 11312 11287
f 9784 9779 11313 11312
f 11287 11312 11311 11277
f 11312 11313 11309 11311
f 9776 9775 11314 11315
f 11315 11314 11308 11307
f 9779 9776 11315 11313
f 11313 11315 11307 11309
f 8256 8255 11316 11317
f 8255 8253 11318 11316
f 11317 11316 11319 11320
f 11316 11318 11321 11319
f 8250 8249 11322 11323
f 11323 11322 11324 11325
f 8253 8250 11323 11318
f 11318 11323 11325 11321
f 9791 9794 11326 11327
f 9794 9798 11328 11326
f 11327 11326 11325 11324
f 11326 11328 11321 11325
f 9809 9808 11329 11330
f 11330 11329 11320 11319
f 9798 9809 11330 11328
f 11328 11330 11319 11321
f 8216 8240 11331 11295
f 8240 8243 11332 11331
f 11295 11331 11333 11297
f 11331 11332 11334 11333
f 8257 8256 11317 11335
f 11335 11317 11320 11336
f 8243 8257 11335 11332
f 11332 11335 11336 11334
f 9808 9807 11337 11329
f 9807 9805 11338 11337
f 11329 11337 11336 11320
f 11337 11338 11334 11336
f 9803 9772 11300 11339
f 11339 11300 11297 11333
f 9805 9803 11339 11338
f 11338 11339 11333 11334
f 8267 8270 11340 11341
f 8270 8265 11342 11340
f 11341 11340 11343 11344
f 11340 11342 11345 11343
f 8263 8231 11305 11346
f 11346 11305 11308 11347
f 8265 8263 11346 11342
f 11342 11346 11347 11345
f 9775 9820 11348 11314
f 9820 9815 11349 11348
f 11314 11348 11347 11308
f 11348 11349 11345 11347
f 9812 9811 11350 11351
f 11351 11350 11344 11343
f 9815 9812 11351 11349
f 11349 11351 11343 11345
f 8249 8273 11352 11322
f 8273 8271 11353 11352
f 11322 11352 11354 11324
f 11352 11353 11355 11354
f 8268 8267 11341 11356
f 11356 11341 11344 11357
f 8271 8268 11356 11353
f 11353 11356 11357 11355
f 9811 9814 11358 11350
f 9814 9818 11359 11358
f 11350 11358 11357 11344
f 11358 11359 11355 11357
f 9825 9791 11327 11360
f 11360 11327 11324 11354
f 9818 9825 11360 11359
f 11359 11360 11354 11355
f 8352 11361 11362 11363
f 11361 11364 11365 11362
f 11363 11362 11366 11367
f 11362 11365 11368 11366
f 11369 8312 11370 11371
f 11371 11370 11372 11373
f 11364 11369 11371 11365
f 11365 11371 11373 11368
f 9862 9861 11374 11375
f 9861 9856 11376 11374
f 11375 11374 11373 11372
f 11374 11376 11368 11373
f 9853 9852 11377 11378
f 11378 11377 11367 11366
f 9856 9853 11378 11376
f 11376 11378 11366 11368
f 8320 8323 11379 11380
f 8323 8327 11381 11379
f 11380 11379 11382 11383
f 11379 11381 11384 11382
f 8343 8342 11385 11386
f 11386 11385 11387 11388
f 8327 8343 11386 11381
f 11381 11386 11388 11384
f 9889 9888 11389 11390
f 9888 9886 11391 11389
f 11390 11389 11388 11387
f 11389 11391 11384 11388
f 9884 9849 11392 11393
f 11393 11392 11383 11382
f 9886 9884 11393 11391
f 11391 11393 11382 11384
f 8357 8360 11394 11395
f 8360 8355 11396 11394
f 11395 11394 11397 11398
f 11394 11396 11399 11397
f 8353 8352 11363 11400
f 11400 11363 11367 11401
f 8355 8353 11400 11396
f 11396 11400 11401 11399
f 9852 9901 11402 11377
f 9901 9896 11403 11402
f 11377 11402 11401 11367
f 11402 11403 11399 11401
f 9893 9892 11404 11405
f 11405 11404 11398 11397
f 9896 9893 11405 11403
f 11403 11405 11397 11399
f 8382 8381 11406 11407
f 8381 8379 11408 11406
f 11407 11406 11409 11410
f 11406 11408 11411 11409
f 8376 8375 11412 11413
f 11413 11412 11414 11415
f 8379 8376 11413 11408
f 11408 11413 11415 11411
f 9908 9911 11416 11417
f 9911 9915 11418 11416
f 11417 11416 11415 11414
f 11416 11418 11411 11415
f 9926 9925 11419 11420
f 11420 11419 11410 11409
f 9915 9926 11420 11418
f 11418 11420 11409 11411
f 8342 8366 11421 11385
f 8366 8369 11422 11421
f 11385 11421 11423 11387
f 11421 11422 11424 11423
f 8383 8382 11407 11425
f 11425 11407 11410 11426
f 8369 8383 11425 11422
f 11422 11425 11426 11424
f 9925 9924 11427 11419
f 9924 9922 11428 11427
f 11419 11427 11426 11410
f 11427 11428 11424 11426
f 9920 9889 11390 11429
f 11429 11390 11387 11423
f 9922 9920 11429 11428
f 11428 11429 11423 11424
f 8393 8396 11430 11431
f 8396 8391 11432 11430
f 11431 11430 11433 11434
f 11430 11432 11435 11433
f 8389 8357 11395 11436
f 11436 11395 11398 11437
f 8391 8389 11436 11432
f 11432 11436 11437 11435
f 9892 9937 11438 11404
f 9937 9932 11439 11438
f 11404 11438 11437 11398
f 11438 11439 11435 11437
f 9929 9928 11440 11441
f 11441 11440 11434 11433
f 9932 9929 11441 11439
f 11439 11441 11433 11435
f 8375 8399 11442 11412
f 8399 8397 11443 11442
f 11412 11442 11444 11414
f 11442 11443 11445 11444
f 8394 8393 11431 11446
f 11446 11431 11434 11447
f 8397 8394 11446 11443
f 11443 11446 11447 11445
f 9928 9931 11448 11440
f 9931 9935 11449 11448
f 11440 11448 11447 11434
f 11448 11449 11445 11447
f 9942 9908 11417 11450
f 11450 11417 11414 11444
f 9935 9942 11450 11449
f 11449 11450 11444 11445
f 8478 11451 11452 11453
f 11451 11454 11455 11452
f 11453 11452 11456 11457
f 11452 11455 11458 11456
f 11459 8438 11460 11461
f 11461 11460 11462 11463
f 11454 11459 11461 11455
f 11455 11461 11463 11458
f 9979 9978 11464 11465
f 9978 9973 11466 11464
f 11465 11464 11463 11462
f 11464 11466 11458 11463
f 9970 9969 11467 11468
f 11468 11467 11457 11456
f 9973 9970 11468 11466
f 11466 11468 11456 11458
f 8446 8449 11469 11470
f 8449 8453 11471 11469
f 11470 11469 11472 11473
f 11469 11471 11474 11472
f 8469 8468 11475 11476
f 11476 11475 11477 11478
f 8453 8469 11476 11471
f 11471 11476 11478 11474
f 10006 10005 11479 11480
f 10005 10003 11481 11479
f 11480 11479 11478 11477
f 11479 11481 11474 11478
f 10001 9966 11482 11483
f 11483 11482 11473 11472
f 10003 10001 11483 11481
f 11481 11483 11472 11474
f 8483 8486 11484 11485
f 8486 8481 11486 11484
f 11485 11484 11487 11488
f 11484 11486 11489 11487
f 8479 8478 11453 11490
f 11490 11453 11457 11491
f 8481 8479 11490 11486
f 11486 11490 11491 11489
f 9969 10018 11492 11467
f 10018 10013 11493 11492
f 11467 11492 11491 11457
f 11492 11493 11489 11491
f 10010 10009 11494 11495
f 11495 11494 11488 11487
f 10013 10010 11495 11493
f 11493 11495 11487 11489
f 8508 8507 11496 11497
f 8507 8505 11498 11496
f 11497 11496 11499 11500
f 11496 11498 11501 11499
f 8502 8501 11502 11503
f 11503 11502 11504 11505
f 8505 8502 11503 11498
f 11498 11503 11505 11501
f 10025 10028 11506 11507
f 10028 10032 11508 11506
f 11507 11506 11505 11504
f 11506 11508 11501 11505
f 10043 10042 11509 11510
f 11510 11509 11500 11499
f 10032 10043 11510 11508
f 11508 11510 11499 11501
f 8468 8492 11511 11475
f 8492 8495 11512 11511
f 11475 11511 11513 11477
f 11511 11512 11514 11513
f 8509 8508 11497 11515
f 11515 11497 11500 11516
f 8495 8509 11515 11512
f 11512 11515 11516 11514
f 10042 10041 11517 11509
f 10041 10039 11518 11517
f 11509 11517 11516 11500
f 11517 11518 11514 11516
f 10037 10006 11480 11519
f 11519 11480 11477 11513
f 10039 10037 11519 11518
f 11518 11519 11513 11514
f 8519 8522 11520 11521
f 8522 8517 11522 11520
f 11521 11520 11523 11524
f 11520 11522 11525 11523
f 8515 8483 11485 11526
f 11526 11485 11488 11527
f 8517 8515 11526 11522
f 11522 11526 11527 11525
f 10009 10054 11528 11494
f 10054 10049 11529 11528
f 11494 11528 11527 11488
f 11528 11529 11525 11527
f 10046 10045 11530 11531
f 11531 11530 11524 11523
f 10049 10046 11531 11529
f 11529 11531 11523 11525
f 8501 8525 11532 11502
f 8525 8523 11533 11532
f 11502 11532 11534 11504
f 11532 11533 11535 11534
f 8520 8519 11521 11536
f 11536 11521 11524 11537
f 8523 8520 11536 11533
f 11533 11536 11537 11535
f 10045 10048 11538 11530
f 10048 10052 11539 11538
f 11530 11538 11537 11524
f 11538 11539 11535 11537
f 10059 10025 11507 11540
f 11540 11507 11504 11534
f 10052 10059 11540 11539
f 11539 11540 11534 11535
f 8604 11541 11542 11543
f 11541 11544 11545 11542
f 11543 11542 11546 11547
f 11542 11545 11548 11546
f 11549 8564 11550 11551
f 11551 11550 11552 11553
f 11544 11549 11551 11545
f 11545 11551 11553 11548
f 10096 10095 11554 11555
f 10095 10090 11556 11554
f 11555 11554 11553 11552
f 11554 11556 11548 11553
f 10087 10086 11557 11558
f 11558 11557 11547 11546
f 10090 10087 11558 11556
f 11556 11558 11546 11548
f 8572 8575 11559 11560
f 8575 8579 11561 11559
f 11560 11559 11562 11563
f 11559 11561 11564 11562
f 8595 8594 11565 11566
f 11566 11565 11567 11568
f 8579 8595 11566 11561
f 11561 11566 11568 11564
f 10123 10122 11569 11570
f 10122 10120 11571 11569
f 11570 11569 11568 11567
f 11569 11571 11564 11568
f 10118 10083 11572 11573
f 11573 11572 11563 11562
f 10120 10118 11573 11571
f 11571 11573 11562 11564
f 8609 8612 11574 11575
f 8612 8607 11576 11574
f 11575 11574 11577 11578
f 11574 11576 11579 11577
f 8605 8604 11543 11580
f 11580 11543 11547 11581
f 8607 8605 11580 11576
f 11576 11580 11581 11579
f 10086 10135 11582 11557
f 10135 10130 11583 11582
f 11557 11582 11581 11547
f 11582 11583 11579 11581
f 10127 10126 11584 11585
f 11585 11584 11578 11577
f 10130 10127 11585 11583
f 11583 11585 11577 11579
f 8634 8633 11586 11587
f 8633 8631 11588 11586
f 11587 11586 11589 11590
f 11586 11588 11591 11589
f 8628 8627 11592 11593
f 11593 11592 11594 11595
f 8631 8628 11593 11588
f 11588 11593 11595 11591
f 10142 10145 11596 11597
f 10145 10149 11598 11596
f 11597 11596 11595 11594
f 11596 11598 11591 11595
f 10160 10159 11599 11600
f 11600 11599 11590 11589
f 10149 10160 11600 11598
f 11598 11600 11589 11591
f 8594 8618 11601 11565
f 8618 8621 11602 11601
f 11565 11601 11603 11567
f 11601 11602 11604 11603
f 8635 8634 11587 11605
f 11605 11587 11590 11606
f 8621 8635 11605 11602
f 11602 11605 11606 11604
f 10159 10158 11607 11599
f 10158 10156 11608 11607
f 11599 11607 11606 11590
f 11607 11608 11604 11606
f 10154 10123 11570 11609
f 11609 11570 11567 11603
f 10156 10154 11609 11608
f 11608 11609 11603 11604
f 8645 8648 11610 11611
f 8648 8643 11612 11610
f 11611 11610 11613 11614
f 11610 11612 11615 11613
f 8641 8609 11575 11616
f 11616 11575 11578 11617
f 8643 8641 11616 11612
f 11612 11616 11617 11615
f 10126 10171 11618 11584
f 10171 10166 11619 11618
f 11584 11618 11617 11578
f 11618 11619 11615 11617
f 10163 10162 11620 11621
f 11621 11620 11614 11613
f 10166 10163 11621 11619
f 11619 11621 11613 11615
f 8627 8651 11622 11592
f 8651 8649 11623 11622
f 11592 11622 11624 11594
f 11622 11623 11625 11624
f 8646 8645 11611 11626
f 11626 11611 11614 11627
f 8649 8646 11626 11623
f 11623 11626 11627 11625
f 10162 10165 11628 11620
f 10165 10169 11629 11628
f 11620 11628 11627 11614
f 11628 11629 11625 11627
f 10176 10142 11597 11630
f 11630 11597 11594 11624
f 10169 10176 11630 11629
f 11629 11630 11624 11625
f 8730 11631 11632 11633
f 11631 11634 11635 11632
f 11633 11632 11636 11637
f 11632 11635 11638 11636
f 11639 8690 11640 11641
f 11641 11640 11642 11643
f 11634 11639 11641 11635
f 11635 11641 11643 11638
f 10213 10212 11644 11645
f 10212 10207 11646 11644
f 11645 11644 11643 11642
f 11644 11646 11638 11643
f 10204 10203 11647 11648
f 11648 11647 11637 11636
f 10207 10204 11648 11646
f 11646 11648 11636 11638
f 8698 8701 11649 11650
f 8701 8705 11651 11649
f 11650 11649 11652 11653
f 11649 11651 11654 11652
f 8721 8720 11655 11656
f 11656 11655 11657 11658
f 8705 8721 11656 11651
f 11651 11656 11658 11654
f 10240 10239 11659 11660
f 10239 10237 11661 11659
f 11660 11659 11658 11657
f 11659 11661 11654 11658
f 10235 10200 11662 11663
f 11663 11662 11653 11652
f 10237 10235 11663 11661
f 11661 11663 11652 11654
f 8735 8738 11664 11665
f 8738 8733 11666 11664
f 11665 11664 11667 11668
f 11664 11666 11669 11667
f 8731 8730 11633 11670
f 11670 11633 11637 11671
f 8733 8731 11670 11666
f 11666 11670 11671 11669
f 10203 10252 11672 11647
f 10252 10247 11673 11672
f 11647 11672 11671 11637
f 11672 11673 11669 11671
f 10244 10243 11674 11675
f 11675 11674 11668 11667
f 10247 10244 11675 11673
f 11673 11675 11667 11669
f 8760 8759 11676 11677
f 8759 8757 11678 11676
f 11677 11676 11679 11680
f 11676 11678 11681 11679
f 8754 8753 11682 11683
f 11683 11682 11684 11685
f 8757 8754 11683 11678
f 11678 11683 11685 11681
f 10259 10262 11686 11687
f 10262 10266 11688 11686
f 11687 11686 11685 11684
f 11686 11688 11681 11685
f 10277 10276 11689 11690
f 11690 11689 11680 11679
f 10266 10277 11690 11688
f 11688 11690 11679 11681
f 8720 8744 11691 11655
f 8744 8747 11692 11691
f 11655 11691 11693 11657
f 11691 11692 11694 11693
f 8761 8760 11677 11695
f 11695 11677 11680 11696
f 8747 8761 11695 11692
f 11692 11695 11696 11694
f 10276 10275 11697 11689
f 10275 10273 11698 11697
f 11689 11697 11696 11680
f 11697 11698 11694 11696
f 10271 10240 11660 11699
f 11699 11660 11657 11693
f 10273 10271 11699 11698
f 11698 11699 11693 11694
f 8771 8774 11700 11701
f 8774 8769 11702 11700
f 11701 11700 11703 11704
f 11700 11702 11705 11703
f 8767 8735 11665 11706
f 11706 11665 11668 11707
f 8769 8767 11706 11702
f 11702 11706 11707 11705
f 10243 10288 11708 11674
f 10288 10283 11709 11708
f 11674 11708 11707 11668
f 11708 11709 11705 11707
f 10280 10279 11710 11711
f 11711 11710 11704 11703
f 10283 10280 11711 11709
f 11709 11711 11703 11705
f 8753 8777 11712 11682
f 8777 8775 11713 11712
f 11682 11712 11714 11684
f 11712 11713 11715 11714
f 8772 8771 11701 11716
f 11716 11701 11704 11717
f 8775 8772 11716 11713
f 11713 11716 11717 11715
f 10279 10282 11718 11710
f 10282 10286 11719 11718
f 11710 11718 11717 11704
f 11718 11719 11715 11717
f 10293 10259 11687 11720
f 11720 11687 11684 11714
f 10286 10293 11720 11719
f 11719 11720 11714 11715
f 8856 11721 11722 11723
f 11721 11724 11725 11722
f 11723 11722 11726 11727
f 11722 11725 11728 11726
f 11729 8816 11730 11731
f 11731 11730 11732 11733
f 11724 11729 11731 11725
f 11725 11731 11733 11728
f 10330 10329 11734 11735
f 10329 10324 11736 11734
f 11735 11734 11733 11732
f 11734 11736 11728 11733
f 10321 10320 11737 11738
f 11738 11737 11727 11726
f 10324 10321 11738 11736
f 11736 11738 11726 11728
f 8824 8827 11739 11740
f 8827 8831 11741 11739
f 11740 11739 11742 11743
f 11739 11741 11744 11742
f 8847 8846 11745 11746
f 11746 11745 11747 11748
f 8831 8847 11746 11741
f 11741 11746 11748 11744
f 10357 10356 11749 11750
f 10356 10354 11751 11749
f 11750 11749 11748 11747
f 11749 11751 11744 11748
f 10352 10317 11752 11753
f 11753 11752 11743 11742
f 10354 10352 11753 11751
f 11751 11753 11742 11744
f 8861 8864 11754 11755
f 8864 8859 11756 11754
f 11755 11754 11757 11758
f 11754 11756 11759 11757
f 8857 8856 11723 11760
f 11760 11723 11727 11761
f 8859 8857 11760 11756
f 11756 11760 11761 11759
f 10320 10369 11762 11737
f 10369 10364 11763 11762
f 11737 11762 11761 11727
f 11762 11763 11759 11761
f 10361 10360 11764 11765
f 11765 11764 11758 11757
f 10364 10361 11765 11763
f 11763 11765 11757 11759
f 8886 8885 11766 11767
f 8885 8883 11768 11766
f 11767 11766 11769 11770
f 11766 11768 11771 11769
f 8880 8879 11772 11773
f 11773 11772 11774 11775
f 8883 8880 11773 11768
f 11768 11773 11775 11771
f 10376 10379 11776 11777
f 10379 10383 11778 11776
f 11777 11776 11775 11774
f 11776 11778 11771 11775
f 10394 10393 11779 11780
f 11780 11779 11770 11769
f 10383 10394 11780 11778
f 11778 11780 11769 11771
f 8846 8870 11781 11745
f 8870 8873 11782 11781
f 11745 11781 11783 11747
f 11781 11782 11784 11783
f 8887 8886 11767 11785
f 11785 11767 11770 11786
f 8873 8887 11785 11782
f 11782 11785 11786 11784
f 10393 10392 11787 11779
f 10392 10390 11788 11787
f 11779 11787 11786 11770
f 11787 11788 11784 11786
f 10388 10357 11750 11789
f 11789 11750 11747 11783
f 10390 10388 11789 11788
f 11788 11789 11783 11784
f 8897 8900 11790 11791
f 8900 8895 11792 11790
f 11791 11790 11793 11794
f 11790 11792 11795 11793
f 8893 8861 11755 11796
f 11796 11755 11758 11797
f 8895 8893 11796 11792
f 11792 11796 11797 11795
f 10360 10405 11798 11764
f 10405 10400 11799 11798
f 11764 11798 11797 11758
f 11798 11799 11795 11797
f 10397 10396 11800 11801
f 11801 11800 11794 11793
f 10400 10397 11801 11799
f 11799 11801 11793 11795
f 8879 8903 11802 11772
f 8903 8901 11803 11802
f 11772 11802 11804 11774
f 11802 11803 11805 11804
f 8898 8897 11791 11806
f 11806 11791 11794 11807
f 8901 8898 11806 11803
f 11803 11806 11807 11805
f 10396 10399 11808 11800
f 10399 10403 11809 11808
f 11800 11808 11807 11794
f 11808 11809 11805 11807
f 10410 10376 11777 11810
f 11810 11777 11774 11804
f 10403 10410 11810 11809
f 11809 11810 11804 11805
f 8982 11811 11812 11813
f 11811 11814 11815 11812
f 11813 11812 11816 11817
f 11812 11815 11818 11816
f 11819 8942 11820 11821
f 11821 11820 11822 11823
f 11814 11819 11821 11815
f 11815 11821 11823 11818
f 10447 10446 11824 11825
f 10446 10441 11826 11824
f 11825 11824 11823 11822
f 11824 11826 11818 11823
f 10438 10437 11827 11828
f 11828 11827 11817 11816
f 10441 10438 11828 11826
f 11826 11828 11816 11818
f 8950 8953 11829 11830
f 8953 8957 11831 11829
f 11830 11829 11832 11833
f 11829 11831 11834 11832
f 8973 8972 11835 11836
f 11836 11835 11837 11838
f 8957 8973 11836 11831
f 11831 11836 11838 11834
f 10474 10473 11839 11840
f 10473 10471 11841 11839
f 11840 11839 11838 11837
f 11839 11841 11834 11838
f 10469 10434 11842 11843
f 11843 11842 11833 11832
f 10471 10469 11843 11841
f 11841 11843 11832 11834
f 8987 8990 11844 11845
f 8990 8985 11846 11844
f 11845 11844 11847 11848
f 11844 11846 11849 11847
f 8983 8982 11813 11850
f 11850 11813 11817 11851
f 8985 8983 11850 11846
f 11846 11850 11851 11849
f 10437 10486 11852 11827
f 10486 10481 11853 11852
f 11827 11852 11851 11817
f 11852 11853 11849 11851
f 10478 10477 11854 11855
f 11855 11854 11848 11847
f 10481 10478 11855 11853
f 11853 11855 11847 11849
f 9012 9011 11856 11857
f 9011 9009 11858 11856
f 11857 11856 11859 11860
f 11856 11858 11861 11859
f 9006 9005 11862 11863
f 11863 11862 11864 11865
f 9009 9006 11863 11858
f 11858 11863 11865 11861
f 10493 10496 11866 11867
f 10496 10500 11868 11866
f 11867 11866 11865 11864
f 11866 11868 11861 11865
f 10511 10510 11869 11870
f 11870 11869 11860 11859
f 10500 10511 11870 11868
f 11868 11870 11859 11861
f 8972 8996 11871 11835
f 8996 8999 11872 11871
f 11835 11871 11873 11837
f 11871 11872 11874 11873
f 9013 9012 11857 11875
f 11875 11857 11860 11876
f 8999 9013 11875 11872
f 11872 11875 11876 11874
f 10510 10509 11877 11869
f 10509 10507 11878 11877
f 11869 11877 11876 11860
f 11877 11878 11874 11876
f 10505 10474 11840 11879
f 11879 11840 11837 11873
f 10507 10505 11879 11878
f 11878 11879 11873 11874
f 9023 9026 11880 11881
f 9026 9021 11882 11880
f 11881 11880 11883 11884
f 11880 11882 11885 11883
f 9019 8987 11845 11886
f 11886 11845 11848 11887
f 9021 9019 11886 11882
f 11882 11886 11887 11885
f 10477 10522 11888 11854
f 10522 10517 11889 11888
f 11854 11888 11887 11848
f 11888 11889 11885 11887
f 10514 10513 11890 11891
f 11891 11890 11884 11883
f 10517 10514 11891 11889
f 11889 11891 11883 11885
f 9005 9029 11892 11862
f 9029 9027 11893 11892
f 11862 11892 11894 11864
f 11892 11893 11895 11894
f 9024 9023 11881 11896
f 11896 11881 11884 11897
f 9027 9024 11896 11893
f 11893 11896 11897 11895
f 10513 10516 11898 11890
f 10516 10520 11899 11898
f 11890 11898 11897 11884
f 11898 11899 11895 11897
f 10527 10493 11867 11900
f 11900 11867 11864 11894
f 10520 10527 11900 11899
f 11899 11900 11894 11895
f 9108 11901 11902 11903
f 11901 11904 11905 11902
f 11903 11902 11906 11907
f 11902 11905 11908 11906
f 11909 9068 11910 11911
f 11911 11910 11912 11913
f 11904 11909 11911 11905
f 11905 11911 11913 11908
f 10564 10563 11914 11915
f 10563 10558 11916 11914
f 11915 11914 11913 11912
f 11914 11916 11908 11913
f 10555 10554 11917 11918
f 11918 11917 11907 11906
f 10558 10555 11918 11916
f 11916 11918 11906 11908
f 9076 9079 11919 11920
f 9079 9083 11921 11919
f 11920 11919 11922 11923
f 11919 11921 11924 11922
f 9099 9098 11925 11926
f 11926 11925 11927 11928
f 9083 9099 11926 11921
f 11921 11926 11928 11924
f 10591 10590 11929 11930
f 10590 10588 11931 11929
f 11930 11929 11928 11927
f 11929 11931 11924 11928
f 10586 10551 11932 11933
f 11933 11932 11923 11922
f 10588 10586 11933 11931
f 11931 11933 11922 11924
f 9113 9116 11934 11935
f 9116 9111 11936 11934
f 11935 11934 11937 11938
f 11934 11936 11939 11937
f 9109 9108 11903 11940
f 11940 11903 11907 11941
f 9111 9109 11940 11936
f 11936 11940 11941 11939
f 10554 10603 11942 11917
f 10603 10598 11943 11942
f 11917 11942 11941 11907
f 11942 11943 11939 11941
f 10595 10594 11944 11945
f 11945 11944 11938 11937
f 10598 10595 11945 11943
f 11943 11945 11937 11939
f 9138 9137 11946 11947
f 9137 9135 11948 11946
f 11947 11946 11949 11950
f 11946 11948 11951 11949
f 9132 9131 11952 11953
f 11953 11952 11954 11955
f 9135 9132 11953 11948
f 11948 11953 11955 11951
f 10610 10613 11956 11957
f 10613 10617 11958 11956
f 11957 11956 11955 11954
f 11956 11958 11951 11955
f 10628 10627 11959 11960
f 11960 11959 11950 11949
f 10617 10628 11960 11958
f 11958 11960 11949 11951
f 9098 9122 11961 11925
f 9122 9125 11962 11961
f 11925 11961 11963 11927
f 11961 11962 11964 11963
f 9139 9138 11947 11965
f 11965 11947 11950 11966
f 9125 9139 11965 11962
f 11962 11965 11966 11964
f 10627 10626 11967 11959
f 10626 10624 11968 11967
f 11959 11967 11966 11950
f 11967 11968 11964 11966
f 10622 10591 11930 11969
f 11969 11930 11927 11963
f 10624 10622 11969 11968
f 11968 11969 11963 11964
f 9149 9152 11970 11971
f 9152 9147 11972 11970
f 11971 11970 11973 11974
f 11970 11972 11975 11973
f 9145 9113 11935 11976
f 11976 11935 11938 11977
f 9147 9145 11976 11972
f 11972 11976 11977 11975
f 10594 10639 11978 11944
f 10639 10634 11979 11978
f 11944 11978 11977 11938
f 11978 11979 11975 11977
f 10631 10630 11980 11981
f 11981 11980 11974 11973
f 10634 10631 11981 11979
f 11979 11981 11973 11975
f 9131 9155 11982 11952
f 9155 9153 11983 11982
f 11952 11982 11984 11954
f 11982 11983 11985 11984
f 9150 9149 11971 11986
f 11986 11971 11974 11987
f 9153 9150 11986 11983
f 11983 11986 11987 11985
f 10630 10633 11988 11980
f 10633 10637 11989 11988
f 11980 11988 11987 11974
f 11988 11989 11985 11987
f 10644 10610 11957 11990
f 11990 11957 11954 11984
f 10637 10644 11990 11989
f 11989 11990 11984 11985
f 8164 11991 11992 8165
f 11991 11993 11994 11992
f 8165 11992 11995 8168
f 11992 11994 11996 11995
f 11997 8204 8203 11998
f 11998 8203 8198 11999
f 11993 11997 11998 11994
f 11994 11998 11999 11996
f 8194 12000 12001 8195
f 12000 12002 12003 12001
f 8195 12001 11999 8198
f 12001 12003 11996 11999
f 12004 8171 8170 12005
f 12005 8170 8168 11995
f 12002 12004 12005 12003
f 12003 12005 11995 11996
f 8186 11279 12006 8187
f 11279 11274 12007 12006
f 8187 12006 12008 8190
f 12006 12007 12009 12008
f 11271 8226 8225 12010
f 12010 8225 8221 12011
f 11274 11271 12010 12007
f 12007 12010 12011 12009
f 8204 11997 12012 8219
f 11997 11993 12013 12012
f 8219 12012 12011 8221
f 12012 12013 12009 12011
f 11991 8164 8192 12014
f 12014 8192 8190 12008
f 11993 11991 12014 12013
f 12013 12014 12008 12009
f 8290 12015 12016 8291
f 12015 12017 12018 12016
f 8291 12016 12019 8294
f 12016 12018 12020 12019
f 12021 8330 8329 12022
f 12022 8329 8324 12023
f 12017 12021 12022 12018
f 12018 12022 12023 12020
f 8320 12024 12025 8321
f 12024 12026 12027 12025
f 8321 12025 12023 8324
f 12025 12027 12020 12023
f 12028 8297 8296 12029
f 12029 8296 8294 12019
f 12026 12028 12029 12027
f 12027 12029 12019 12020
f 8312 11369 12030 8313
f 11369 11364 12031 12030
f 8313 12030 12032 8316
f 12030 12031 12033 12032
f 11361 8352 8351 12034
f 12034 8351 8347 12035
f 11364 11361 12034 12031
f 12031 12034 12035 12033
f 8330 12021 12036 8345
f 12021 12017 12037 12036
f 8345 12036 12035 8347
f 12036 12037 12033 12035
f 12015 8290 8318 12038
f 12038 8318 8316 12032
f 12017 12015 12038 12037
f 12037 12038 12032 12033
f 8416 12039 12040 8417
f 12039 12041 12042 12040
f 8417 12040 12043 8420
f 12040 12042 12044 12043
f 12045 8456 8455 12046
f 12046 8455 8450 12047
f 12041 12045 12046 12042
f 12042 12046 12047 12044
f 8446 12048 12049 8447
f 12048 12050 12051 12049
f 8447 12049 12047 8450
f 12049 12051 12044 12047
f 12052 8423 8422 12053
f 12053 8422 8420 12043
f 12050 12052 12053 12051
f 12051 12053 12043 12044
f 8438 11459 12054 8439
f 11459 11454 12055 12054
f 8439 12054 12056 8442
f 12054 12055 12057 12056
f 11451 8478 8477 12058
f 12058 8477 8473 12059
f 11454 11451 12058 12055
f 12055 12058 12059 12057
f 8456 12045 12060 8471
f 12045 12041 12061 12060
f 8471 12060 12059 8473
f 12060 12061 12057 12059
f 12039 8416 8444 12062
f 12062 8444 8442 12056
f 12041 12039 12062 12061
f 12061 12062 12056 12057
f 8542 12063 12064 8543
f 12063 12065 12066 12064
f 8543 12064 12067 8546
f 12064 12066 12068 12067
f 12069 8582 8581 12070
f 12070 8581 8576 12071
f 12065 12069 12070 12066
f 12066 12070 12071 12068
f 8572 12072 12073 8573
f 12072 12074 12075 12073
f 8573 12073 12071 8576
f 12073 12075 12068 12071
f 12076 8549 8548 12077
f 12077 8548 8546 12067
f 12074 12076 12077 12075
f 12075 12077 12067 12068
f 8564 11549 12078 8565
f 11549 11544 12079 12078
f 8565 12078 12080 8568
f 12078 12079 12081 12080
f 11541 8604 8603 12082
f 12082 8603 8599 12083
f 11544 11541 12082 12079
f 12079 12082 12083 12081
f 8582 12069 12084 8597
f 12069 12065 12085 12084
f 8597 12084 12083 8599
f 12084 12085 12081 12083
f 12063 8542 8570 12086
f 12086 8570 8568 12080
f 12065 12063 12086 12085
f 12085 12086 12080 12081
f 8668 12087 12088 8669
f 12087 12089 12090 12088
f 8669 12088 12091 8672
f 12088 12090 12092 12091
f 12093 8708 8707 12094
f 12094 8707 8702 12095
f 12089 12093 12094 12090
f 12090 12094 12095 12092
f 8698 12096 12097 8699
f 12096 12098 12099 12097
f 8699 12097 12095 8702
f 12097 12099 12092 12095
f 12100 8675 8674 12101
f 12101 8674 8672 12091
f 12098 12100 12101 12099
f 12099 12101 12091 12092
f 8690 11639 12102 8691
f 11639 11634 12103 12102
f 8691 12102 12104 8694
f 12102 12103 12105 12104
f 11631 8730 8729 12106
f 12106 8729 8725 12107
f 11634 11631 12106 12103
f 12103 12106 12107 12105
f 8708 12093 12108 8723
f 12093 12089 12109 12108
f 8723 12108 12107 8725
f 12108 12109 12105 12107
f 12087 8668 8696 12110
f 12110 8696 8694 12104
f 12089 12087 12110 12109
f 12109 12110 12104 12105
f 8794 12111 12112 8795
f 12111 12113 12114 12112
f 8795 12112 12115 8798
f 12112 12114 12116 12115
f 12117 8834 8833 12118
f 12118 8833 8828 12119
f 12113 12117 12118 12114
f 12114 12118 12119 12116
f 8824 12120 12121 8825
f 12120 12122 12123 12121
f 8825 12121 12119 8828
f 12121 12123 12116 12119
f 12124 8801 8800 12125
f 12125 8800 8798 12115
f 12122 12124 12125 12123
f 12123 12125 12115 12116
f 8816 11729 12126 8817
f 11729 11724 12127 12126
f 8817 12126 12128 8820
f 12126 12127 12129 12128
f 11721 8856 8855 12130
f 12130 8855 8851 12131
f 11724 11721 12130 12127
f 12127 12130 12131 12129
f 8834 12117 12132 8849
f 12117 12113 12133 12132
f 8849 12132 12131 8851
f 12132 12133 12129 12131
f 12111 8794 8822 12134
f 12134 8822 8820 12128
f 12113 12111 12134 12133
f 12133 12134 12128 12129
f 8920 12135 12136 8921
f 12135 12137 12138 12136
f 8921 12136 12139 8924
f 12136 12138 12140 12139
f 12141 8960 8959 12142
f 12142 8959 8954 12143
f 12137 12141 12142 12138
f 12138 12142 12143 12140
f 8950 12144 12145 8951
f 12144 12146 12147 12145
f 8951 12145 12143 8954
f 12145 12147 12140 12143
f 12148 8927 8926 12149
f 12149 8926 8924 12139
f 12146 12148 12149 12147
f 12147 12149 12139 12140
f 8942 11819 12150 8943
f 11819 11814 12151 12150
f 8943 12150 12152 8946
f 12150 12151 12153 12152
f 11811 8982 8981 12154
f 12154 8981 8977 12155
f 11814 11811 12154 12151
f 12151 12154 12155 12153
f 8960 12141 12156 8975
f 12141 12137 12157 12156
f 8975 12156 12155 8977
f 12156 12157 12153 12155
f 12135 8920 8948 12158
f 12158 8948 8946 12152
f 12137 12135 12158 12157
f 12157 12158 12152 12153
f 9046 12159 12160 9047
f 12159 12161 12162 12160
f 9047 12160 12163 9050
f 12160 12162 12164 12163
f 12165 9086 9085 12166
f 12166 9085 9080 12167
f 12161 12165 12166 12162
f 12162 12166 12167 12164
f 9076 12168 12169 9077
f 12168 12170 12171 12169
f 9077 12169 12167 9080
f 12169 12171 12164 12167
f 12172 9053 9052 12173
f 12173 9052 9050 12163
f 12170 12172 12173 12171
f 12171 12173 12163 12164
f 9068 11909 12174 9069
f 11909 11904 12175 12174
f 9069 12174 12176 9072
f 12174 12175 12177 12176
f 11901 9108 9107 12178
f 12178 9107 9103 12179
f 11904 11901 12178 12175
f 12175 12178 12179 12177
f 9086 12165 12180 9101
f 12165 12161 12181 12180
f 9101 12180 12179 9103
f 12180 12181 12177 12179
f 12159 9046 9074 12182
f 12182 9074 9072 12176
f 12161 12159 12182 12181
f 12181 12182 12176 12177
f 9720 12183 12184 9721
f 12183 12185 12186 12184
f 9721 12184 12187 9723
f 12184 12186 12188 12187
f 12189 10661 10664 12190
f 12190 10664 10659 12191
f 12185 12189 12190 12186
f 12186 12190 12191 12188
f 10656 12192 12193 10657
f 12192 12194 12195 12193
f 10657 12193 12191 10659
f 12193 12195 12188 12191
f 12196 9725 9728 12197
f 12197 9728 9723 12187
f 12194 12196 12197 12195
f 12195 12197 12187 12188
f 9745 12198 12199 9746
f 12198 12200 12201 12199
f 9746 12199 12202 9748
f 12199 12201 12203 12202
f 12204 10681 10684 12205
f 12205 10684 10679 12206
f 12200 12204 12205 12201
f 12201 12205 12206 12203
f 10661 12189 12207 10677
f 12189 12185 12208 12207
f 10677 12207 12206 10679
f 12207 12208 12203 12206
f 12183 9720 9751 12209
f 12209 9751 9748 12202
f 12185 12183 12209 12208
f 12208 12209 12202 12203
f 9837 12210 12211 9838
f 12210 12212 12213 12211
f 9838 12211 12214 9840
f 12211 12213 12215 12214
f 12216 10706 10709 12217
f 12217 10709 10704 12218
f 12212 12216 12217 12213
f 12213 12217 12218 12215
f 10701 12219 12220 10702
f 12219 12221 12222 12220
f 10702 12220 12218 10704
f 12220 12222 12215 12218
f 12223 9842 9845 12224
f 12224 9845 9840 12214
f 12221 12223 12224 12222
f 12222 12224 12214 12215
f 9862 12225 12226 9863
f 12225 12227 12228 12226
f 9863 12226 12229 9865
f 12226 12228 12230 12229
f 12231 10726 10729 12232
f 12232 10729 10724 12233
f 12227 12231 12232 12228
f 12228 12232 12233 12230
f 10706 12216 12234 10722
f 12216 12212 12235 12234
f 10722 12234 12233 10724
f 12234 12235 12230 12233
f 12210 9837 9868 12236
f 12236 9868 9865 12229
f 12212 12210 12236 12235
f 12235 12236 12229 12230
f 9954 12237 12238 9955
f 12237 12239 12240 12238
f 9955 12238 12241 9957
f 12238 12240 12242 12241
f 12243 10751 10754 12244
f 12244 10754 10749 12245
f 12239 12243 12244 12240
f 12240 12244 12245 12242
f 10746 12246 12247 10747
f 12246 12248 12249 12247
f 10747 12247 12245 10749
f 12247 12249 12242 12245
f 12250 9959 9962 12251
f 12251 9962 9957 12241
f 12248 12250 12251 12249
f 12249 12251 12241 12242
f 9979 12252 12253 9980
f 12252 12254 12255 12253
f 9980 12253 12256 9982
f 12253 12255 12257 12256
f 12258 10771 10774 12259
f 12259 10774 10769 12260
f 12254 12258 12259 12255
f 12255 12259 12260 12257
f 10751 12243 12261 10767
f 12243 12239 12262 12261
f 10767 12261 12260 10769
f 12261 12262 12257 12260
f 12237 9954 9985 12263
f 12263 9985 9982 12256
f 12239 12237 12263 12262
f 12262 12263 12256 12257
f 10071 12264 12265 10072
f 12264 12266 12267 12265
f 10072 12265 12268 10074
f 12265 12267 12269 12268
f 12270 10796 10799 12271
f 12271 10799 10794 12272
f 12266 12270 12271 12267
f 12267 12271 12272 12269
f 10791 12273 12274 10792
f 12273 12275 12276 12274
f 10792 12274 12272 10794
f 12274 12276 12269 12272
f 12277 10076 10079 12278
f 12278 10079 10074 12268
f 12275 12277 12278 12276
f 12276 12278 12268 12269
f 10096 12279 12280 10097
f 12279 12281 12282 12280
f 10097 12280 12283 10099
f 12280 12282 12284 12283
f 12285 10816 10819 12286
f 12286 10819 10814 12287
f 12281 12285 12286 12282
f 12282 12286 12287 12284
f 10796 12270 12288 10812
f 12270 12266 12289 12288
f 10812 12288 12287 10814
f 12288 12289 12284 12287
f 12264 10071 10102 12290
f 12290 10102 10099 12283
f 12266 12264 12290 12289
f 12289 12290 12283 12284
f 10188 12291 12292 10189
f 12291 12293 12294 12292
f 10189 12292 12295 10191
f 12292 12294 12296 12295
f 12297 10841 10844 12298
f 12298 10844 10839 12299
f 12293 12297 12298 12294
f 12294 12298 12299 12296
f 10836 12300 12301 10837
f 12300 12302 12303 12301
f 10837 12301 12299 10839
f 12301 12303 12296 12299
f 12304 10193 10196 12305
f 12305 10196 10191 12295
f 12302 12304 12305 12303
f 12303 12305 12295 12296
f 10213 12306 12307 10214
f 12306 12308 12309 12307
f 10214 12307 12310 10216
f 12307 12309 12311 12310
f 12312 10861 10864 12313
f 12313 10864 10859 12314
f 12308 12312 12313 12309
f 12309 12313 12314 12311
f 10841 12297 12315 10857
f 12297 12293 12316 12315
f 10857 12315 12314 10859
f 12315 12316 12311 12314
f 12291 10188 10219 12317
f 12317 10219 10216 12310
f 12293 12291 12317 12316
f 12316 12317 12310 12311
f 10305 12318 12319 10306
f 12318 12320 12321 12319
f 10306 12319 12322 10308
f 12319 12321 12323 12322
f 12324 10886 10889 12325
f 12325 10889 10884 12326
f 12320 12324 12325 12321
f 12321 12325 12326 12323
f 10881 12327 12328 10882
f 12327 12329 12330 12328
f 10882 12328 12326 10884
f 12328 12330 12323 12326
f 12331 10310 10313 12332
f 12332 10313 10308 12322
f 12329 12331 12332 12330
f 12330 12332 12322 12323
f 10330 12333 12334 10331
f 12333 12335 12336 12334
f 10331 12334 12337 10333
f 12334 12336 12338 12337
f 12339 10906 10909 12340
f 12340 10909 10904 12341
f 12335 12339 12340 12336
f 12336 12340 12341 12338
f 10886 12324 12342 10902
f 12324 12320 12343 12342
f 10902 12342 12341 10904
f 12342 12343 12338 12341
f 12318 10305 10336 12344
f 12344 10336 10333 12337
f 12320 12318 12344 12343
f 12343 12344 12337 12338
f 10422 12345 12346 10423
f 12345 12347 12348 12346
f 10423 12346 12349 10425
f 12346 12348 12350 12349
f 12351 10931 10934 12352
f 12352 10934 10929 12353
f 12347 12351 12352 12348
f 12348 12352 12353 12350
f 10926 12354 12355 10927
f 12354 12356 12357 12355
f 10927 12355 12353 10929
f 12355 12357 12350 12353
f 12358 10427 10430 12359
f 12359 10430 10425 12349
f 12356 12358 12359 12357
f 12357 12359 12349 12350
f 10447 12360 12361 10448
f 12360 12362 12363 12361
f 10448 12361 12364 10450
f 12361 12363 12365 12364
f 12366 10951 10954 12367
f 12367 10954 10949 12368
f 12362 12366 12367 12363
f 12363 12367 12368 12365
f 10931 12351 12369 10947
f 12351 12347 12370 12369
f 10947 12369 12368 10949
f 12369 12370 12365 12368
f 12345 10422 10453 12371
f 12371 10453 10450 12364
f 12347 12345 12371 12370
f 12370 12371 12364 12365
f 10539 12372 12373 10540
f 12372 12374 12375 12373
f 10540 12373 12376 10542
f 12373 12375 12377 12376
f 12378 10976 10979 12379
f 12379 10979 10974 12380
f 12374 12378 12379 12375
f 12375 12379 12380 12377
f 10971 12381 12382 10972
f 12381 12383 12384 12382
f 10972 12382 12380 10974
f 12382 12384 12377 12380
f 12385 10544 10547 12386
f 12386 10547 10542 12376
f 12383 12385 12386 12384
f 12384 12386 12376 12377
f 10564 12387 12388 10565
f 12387 12389 12390 12388
f 10565 12388 12391 10567
f 12388 12390 12392 12391
f 12393 10996 10999 12394
f 12394 10999 10994 12395
f 12389 12393 12394 12390
f 12390 12394 12395 12392
f 10976 12378 12396 10992
f 12378 12374 12397 12396
f 10992 12396 12395 10994
f 12396 12397 12392 12395
f 12372 10539 10570 12398
f 12398 10570 10567 12391
f 12374 12372 12398 12397
f 12397 12398 12391 12392
f 8171 12004 12399 12400
f 12004 12002 12401 12399
f 12400 12399 12402 12403
f 12399 12401 12404 12402
f 12000 8194 11290 12405
f 12405 11290 11293 12406
f 12002 12000 12405 12401
f 12401 12405 12406 12404
f 9732 9731 12407 11302
f 9731 9729 12408 12407
f 11302 12407 12406 11293
f 12407 12408 12404 12406
f 9726 9725 12409 12410
f 12410 12409 12403 12402
f 9729 9726 12410 12408
f 12408 12410 12402 12404
f 8297 12028 12411 12412
f 12028 12026 12413 12411
f 12412 12411 12414 12415
f 12411 12413 12416 12414
f 12024 8320 11380 12417
f 12417 11380 11383 12418
f 12026 12024 12417 12413
f 12413 12417 12418 12416
f 9849 9848 12419 11392
f 9848 9846 12420 12419
f 11392 12419 12418 11383
f 12419 12420 12416 12418
f 9843 9842 12421 12422
f 12422 12421 12415 12414
f 9846 9843 12422 12420
f 12420 12422 12414 12416
f 8423 12052 12423 12424
f 12052 12050 12425 12423
f 12424 12423 12426 12427
f 12423 12425 12428 12426
f 12048 8446 11470 12429
f 12429 11470 11473 12430
f 12050 12048 12429 12425
f 12425 12429 12430 12428
f 9966 9965 12431 11482
f 9965 9963 12432 12431
f 11482 12431 12430 11473
f 12431 12432 12428 12430
f 9960 9959 12433 12434
f 12434 12433 12427 12426
f 9963 9960 12434 12432
f 12432 12434 12426 12428
f 8549 12076 12435 12436
f 12076 12074 12437 12435
f 12436 12435 12438 12439
f 12435 12437 12440 12438
f 12072 8572 11560 12441
f 12441 11560 11563 12442
f 12074 12072 12441 12437
f 12437 12441 12442 12440
f 10083 10082 12443 11572
f 10082 10080 12444 12443
f 11572 12443 12442 11563
f 12443 12444 12440 12442
f 10077 10076 12445 12446
f 12446 12445 12439 12438
f 10080 10077 12446 12444
f 12444 12446 12438 12440
f 8675 12100 12447 12448
f 12100 12098 12449 12447
f 12448 12447 12450 12451
f 12447 12449 12452 12450
f 12096 8698 11650 12453
f 12453 11650 11653 12454
f 12098 12096 12453 12449
f 12449 12453 12454 12452
f 10200 10199 12455 11662
f 10199 10197 12456 12455
f 11662 12455 12454 11653
f 12455 12456 12452 12454
f 10194 10193 12457 12458
f 12458 12457 12451 12450
f 10197 10194 12458 12456
f 12456 12458 12450 12452
f 8801 12124 12459 12460
f 12124 12122 12461 12459
f 12460 12459 12462 12463
f 12459 12461 12464 12462
f 12120 8824 11740 12465
f 12465 11740 11743 12466
f 12122 12120 12465 12461
f 12461 12465 12466 12464
f 10317 10316 12467 11752
f 10316 10314 12468 12467
f 11752 12467 12466 11743
f 12467 12468 12464 12466
f 10311 10310 12469 12470
f 12470 12469 12463 12462
f 10314 10311 12470 12468
f 12468 12470 12462 12464
f 8927 12148 12471 12472
f 12148 12146 12473 12471
f 12472 12471 12474 12475
f 12471 12473 12476 12474
f 12144 8950 11830 12477
f 12477 11830 11833 12478
f 12146 12144 12477 12473
f 12473 12477 12478 12476
f 10434 10433 12479 11842
f 10433 10431 12480 12479
f 11842 12479 12478 11833
f 12479 12480 12476 12478
f 10428 10427 12481 12482
f 12482 12481 12475 12474
f 10431 10428 12482 12480
f 12480 12482 12474 12476
f 9053 12172 12483 12484
f 12172 12170 12485 12483
f 12484 12483 12486 12487
f 12483 12485 12488 12486
f 12168 9076 11920 12489
f 12489 11920 11923 12490
f 12170 12168 12489 12485
f 12485 12489 12490 12488
f 10551 10550 12491 11932
f 10550 10548 12492 12491
f 11932 12491 12490 11923
f 12491 12492 12488 12490
f 10545 10544 12493 12494
f 12494 12493 12487 12486
f 10548 10545 12494 12492
f 12492 12494 12486 12488
f 8275 8278 12495 9529
f 8278 8282 12496 12495
f 9529 12495 12497 9531
f 12495 12496 12498 12497
f 8298 8297 12499 12500
f 12500 12499 12501 12502
f 8282 8298 12500 12496
f 12496 12500 12502 12498
f 8438 8441 12503 12504
f 8441 8436 12505 12503
f 12504 12503 12502 12501
f 12503 12505 12498 12502
f 8434 8433 9533 12506
f 12506 9533 9531 12497
f 8436 8434 12506 12505
f 12505 12506 12497 12498
f 10771 12258 12507 11094
f 12258 12254 12508 12507
f 11094 12507 12509 11085
f 12507 12508 12510 12509
f 12252 9979 12511 12512
f 12512 12511 12513 12514
f 12254 12252 12512 12508
f 12508 12512 12514 12510
f 9842 12223 12515 12516
f 12223 12221 12517 12515
f 12516 12515 12514 12513
f 12515 12517 12510 12514
f 12219 10701 11082 12518
f 12518 11082 11085 12509
f 12221 12219 12518 12517
f 12517 12518 12509 12510
f 9979 11465 12519 12511
f 11465 11462 12520 12519
f 12511 12519 12521 12513
f 12519 12520 12522 12521
f 11460 8438 12504 12523
f 12523 12504 12501 12524
f 11462 11460 12523 12520
f 12520 12523 12524 12522
f 8297 12412 12525 12499
f 12412 12415 12526 12525
f 12499 12525 12524 12501
f 12525 12526 12522 12524
f 12421 9842 12516 12527
f 12527 12516 12513 12521
f 12415 12421 12527 12526
f 12526 12527 12521 12522
f 10726 12231 12528 11079
f 12231 12227 12529 12528
f 11079 12528 12530 11070
f 12528 12529 12531 12530
f 12225 9862 12532 12533
f 12533 12532 12534 12535
f 12227 12225 12533 12529
f 12529 12533 12535 12531
f 9725 12196 12536 12537
f 12196 12194 12538 12536
f 12537 12536 12535 12534
f 12536 12538 12531 12535
f 12192 10656 11067 12539
f 12539 11067 11070 12530
f 12194 12192 12539 12538
f 12538 12539 12530 12531
f 8149 8152 12540 9514
f 8152 8156 12541 12540
f 9514 12540 12542 9516
f 12540 12541 12543 12542
f 8172 8171 12544 12545
f 12545 12544 12546 12547
f 8156 8172 12545 12541
f 12541 12545 12547 12543
f 8312 8315 12548 12549
f 8315 8310 12550 12548
f 12549 12548 12547 12546
f 12548 12550 12543 12547
f 8308 8307 9518 12551
f 12551 9518 9516 12542
f 8310 8308 12551 12550
f 12550 12551 12542 12543
f 8312 12549 12552 11370
f 12549 12546 12553 12552
f 11370 12552 12554 11372
f 12552 12553 12555 12554
f 12544 8171 12400 12556
f 12556 12400 12403 12557
f 12546 12544 12556 12553
f 12553 12556 12557 12555
f 9725 12537 12558 12409
f 12537 12534 12559 12558
f 12409 12558 12557 12403
f 12558 12559 12555 12557
f 12532 9862 11375 12560
f 12560 11375 11372 12554
f 12534 12532 12560 12559
f 12559 12560 12554 12555
f 9031 9034 12561 9445
f 9034 9038 12562 12561
f 9445 12561 12563 9447
f 12561 12562 12564 12563
f 9054 9053 12565 12566
f 12566 12565 12567 12568
f 9038 9054 12566 12562
f 12562 12566 12568 12564
f 8186 8189 12569 12570
f 8189 8184 12571 12569
f 12570 12569 12568 12567
f 12569 12571 12564 12568
f 8182 8181 9451 12572
f 12572 9451 9447 12563
f 8184 8182 12572 12571
f 12571 12572 12563 12564
f 10681 12204 12573 11012
f 12204 12200 12574 12573
f 11012 12573 12575 11014
f 12573 12574 12576 12575
f 12198 9745 12577 12578
f 12578 12577 12579 12580
f 12200 12198 12578 12574
f 12574 12578 12580 12576
f 10544 12385 12581 12582
f 12385 12383 12583 12581
f 12582 12581 12580 12579
f 12581 12583 12576 12580
f 12381 10971 11017 12584
f 12584 11017 11014 12575
f 12383 12381 12584 12583
f 12583 12584 12575 12576
f 8186 12570 12585 11280
f 12570 12567 12586 12585
f 11280 12585 12587 11282
f 12585 12586 12588 12587
f 12565 9053 12484 12589
f 12589 12484 12487 12590
f 12567 12565 12589 12586
f 12586 12589 12590 12588
f 10544 12582 12591 12493
f 12582 12579 12592 12591
f 12493 12591 12590 12487
f 12591 12592 12588 12590
f 12577 9745 11285 12593
f 12593 11285 11282 12587
f 12579 12577 12593 12592
f 12592 12593 12587 12588
f 10996 12393 12594 11034
f 12393 12389 12595 12594
f 11034 12594 12596 11025
f 12594 12595 12597 12596
f 12387 10564 12598 12599
f 12599 12598 12600 12601
f 12389 12387 12599 12595
f 12595 12599 12601 12597
f 10427 12358 12602 12603
f 12358 12356 12604 12602
f 12603 12602 12601 12600
f 12602 12604 12597 12601
f 12354 10926 11022 12605
f 12605 11022 11025 12596
f 12356 12354 12605 12604
f 12604 12605 12596 12597
f 8905 8908 12606 9469
f 8908 8912 12607 12606
f 9469 12606 12608 9471
f 12606 12607 12609 12608
f 8928 8927 12610 12611
f 12611 12610 12612 12613
f 8912 8928 12611 12607
f 12607 12611 12613 12609
f 9068 9071 12614 12615
f 9071 9066 12616 12614
f 12615 12614 12613 12612
f 12614 12616 12609 12613
f 9064 9063 9473 12617
f 12617 9473 9471 12608
f 9066 9064 12617 12616
f 12616 12617 12608 12609
f 10427 12603 12618 12481
f 12603 12600 12619 12618
f 12481 12618 12620 12475
f 12618 12619 12621 12620
f 12598 10564 11915 12622
f 12622 11915 11912 12623
f 12600 12598 12622 12619
f 12619 12622 12623 12621
f 9068 12615 12624 11910
f 12615 12612 12625 12624
f 11910 12624 12623 11912
f 12624 12625 12621 12623
f 12610 8927 12472 12626
f 12626 12472 12475 12620
f 12612 12610 12626 12625
f 12625 12626 12620 12621
f 10951 12366 12627 11049
f 12366 12362 12628 12627
f 11049 12627 12629 11040
f 12627 12628 12630 12629
f 12360 10447 12631 12632
f 12632 12631 12633 12634
f 12362 12360 12632 12628
f 12628 12632 12634 12630
f 10310 12331 12635 12636
f 12331 12329 12637 12635
f 12636 12635 12634 12633
f 12635 12637 12630 12634
f 12327 10881 11037 12638
f 12638 11037 11040 12629
f 12329 12327 12638 12637
f 12637 12638 12629 12630
f 8779 8782 12639 9484
f 8782 8786 12640 12639
f 9484 12639 12641 9486
f 12639 12640 12642 12641
f 8802 8801 12643 12644
f 12644 12643 12645 12646
f 8786 8802 12644 12640
f 12640 12644 12646 12642
f 8942 8945 12647 12648
f 8945 8940 12649 12647
f 12648 12647 12646 12645
f 12647 12649 12642 12646
f 8938 8937 9488 12650
f 12650 9488 9486 12641
f 8940 8938 12650 12649
f 12649 12650 12641 12642
f 8942 12648 12651 11820
f 12648 12645 12652 12651
f 11820 12651 12653 11822
f 12651 12652 12654 12653
f 12643 8801 12460 12655
f 12655 12460 12463 12656
f 12645 12643 12655 12652
f 12652 12655 12656 12654
f 10310 12636 12657 12469
f 12636 12633 12658 12657
f 12469 12657 12656 12463
f 12657 12658 12654 12656
f 12631 10447 11825 12659
f 12659 11825 11822 12653
f 12633 12631 12659 12658
f 12658 12659 12653 12654
f 10906 12339 12660 11064
f 12339 12335 12661 12660
f 11064 12660 12662 11055
f 12660 12661 12663 12662
f 12333 10330 12664 12665
f 12665 12664 12666 12667
f 12335 12333 12665 12661
f 12661 12665 12667 12663
f 10193 12304 12668 12669
f 12304 12302 12670 12668
f 12669 12668 12667 12666
f 12668 12670 12663 12667
f 12300 10836 11052 12671
f 12671 11052 11055 12662
f 12302 12300 12671 12670
f 12670 12671 12662 12663
f 8653 8656 12672 9499
f 8656 8660 12673 12672
f 9499 12672 12674 9501
f 12672 12673 12675 12674
f 8676 8675 12676 12677
f 12677 12676 12678 12679
f 8660 8676 12677 12673
f 12673 12677 12679 12675
f 8816 8819 12680 12681
f 8819 8814 12682 12680
f 12681 12680 12679 12678
f 12680 12682 12675 12679
f 8812 8811 9503 12683
f 12683 9503 9501 12674
f 8814 8812 12683 12682
f 12682 12683 12674 12675
f 10193 12669 12684 12457
f 12669 12666 12685 12684
f 12457 12684 12686 12451
f 12684 12685 12687 12686
f 12664 10330 11735 12688
f 12688 11735 11732 12689
f 12666 12664 12688 12685
f 12685 12688 12689 12687
f 8816 12681 12690 11730
f 12681 12678 12691 12690
f 11730 12690 12689 11732
f 12690 12691 12687 12689
f 12676 8675 12448 12692
f 12692 12448 12451 12686
f 12678 12676 12692 12691
f 12691 12692 12686 12687
f 8685 9563 12693 8686
f 9563 9561 12694 12693
f 8686 12693 12695 8688
f 12693 12694 12696 12695
f 9559 8527 8530 12697
f 12697 8530 8534 12698
f 9561 9559 12697 12694
f 12694 12697 12698 12696
f 8549 12699 12700 8550
f 12699 12701 12702 12700
f 8550 12700 12698 8534
f 12700 12702 12696 12698
f 12703 8690 8693 12704
f 12704 8693 8688 12695
f 12701 12703 12704 12702
f 12702 12704 12695 12696
f 8549 12436 12705 12699
f 12436 12439 12706 12705
f 12699 12705 12707 12701
f 12705 12706 12708 12707
f 12445 10076 12709 12710
f 12710 12709 12711 12712
f 12439 12445 12710 12706
f 12706 12710 12712 12708
f 10213 11645 12713 12714
f 11645 11642 12715 12713
f 12714 12713 12712 12711
f 12713 12715 12708 12712
f 11640 8690 12703 12716
f 12716 12703 12701 12707
f 11642 11640 12716 12715
f 12715 12716 12707 12708
f 10076 12277 12717 12709
f 12277 12275 12718 12717
f 12709 12717 12719 12711
f 12717 12718 12720 12719
f 12273 10791 11112 12721
f 12721 11112 11115 12722
f 12275 12273 12721 12718
f 12718 12721 12722 12720
f 10861 12312 12723 11124
f 12312 12308 12724 12723
f 11124 12723 12722 11115
f 12723 12724 12720 12722
f 12306 10213 12714 12725
f 12725 12714 12711 12719
f 12308 12306 12725 12724
f 12724 12725 12719 12720
f 8559 9548 12726 8560
f 9548 9546 12727 12726
f 8560 12726 12728 8562
f 12726 12727 12729 12728
f 9544 8401 8404 12730
f 12730 8404 8408 12731
f 9546 9544 12730 12727
f 12727 12730 12731 12729
f 8423 12732 12733 8424
f 12732 12734 12735 12733
f 8424 12733 12731 8408
f 12733 12735 12729 12731
f 12736 8564 8567 12737
f 12737 8567 8562 12728
f 12734 12736 12737 12735
f 12735 12737 12728 12729
f 9959 12250 12738 12739
f 12250 12248 12740 12738
f 12739 12738 12741 12742
f 12738 12740 12743 12741
f 12246 10746 11097 12744
f 12744 11097 11100 12745
f 12248 12246 12744 12740
f 12740 12744 12745 12743
f 10816 12285 12746 11109
f 12285 12281 12747 12746
f 11109 12746 12745 11100
f 12746 12747 12743 12745
f 12279 10096 12748 12749
f 12749 12748 12742 12741
f 12281 12279 12749 12747
f 12747 12749 12741 12743
f 8423 12424 12750 12732
f 12424 12427 12751 12750
f 12732 12750 12752 12734
f 12750 12751 12753 12752
f 12433 9959 12739 12754
f 12754 12739 12742 12755
f 12427 12433 12754 12751
f 12751 12754 12755 12753
f 10096 11555 12756 12748
f 11555 11552 12757 12756
f 12748 12756 12755 12742
f 12756 12757 12753 12755
f 11550 8564 12736 12758
f 12758 12736 12734 12752
f 11552 11550 12758 12757
f 12757 12758 12752 12753
