v 0.1635 6.0706 2.5088
v 0.1635 6.0910 2.3910
v 0.1635 6.2617 1.8731
v 0.1635 5.5741 1.0998
v 0.1635 5.5455 0.9393
v 0.1635 5.9375 2.6204
v 0.1635 6.0456 2.5938
v 0.1635 6.3901 1.5010
v 0.1635 6.0995 2.3496
v 0.1635 6.2803 1.8260
v 0.1635 5.5903 1.0664
v 0.1635 5.5839 0.9603
v 0.1635 5.5276 1.4070
v 0.1635 5.5601 1.4877
v 0.1635 6.3871 1.3653
v 0.1635 6.3697 1.1898
v 0.1635 6.2084 2.0247
v 0.1635 5.9915 2.6271
v 0.1635 5.8696 2.4708
v 0.1635 5.8545 2.4992
v 0.1635 5.6010 1.0358
v 0.1635 5.5413 1.1814
v 0.1635 5.8582 2.5293
v 0.1635 6.3017 1.7791
v 0.1635 5.9185 2.6130
v 0.1635 6.3908 1.4115
v 0.1635 5.5332 1.4291
v 0.1635 6.3847 1.5471
v 0.1635 6.0643 2.5394
v 0.1635 5.9567 2.6254
v 0.1635 6.0536 2.5780
v 0.1635 5.5311 1.2299
v 0.1635 5.5725 1.4951
v 0.1635 6.2267 1.9712
v 0.1635 6.3257 1.7342
v 0.1635 6.2815 0.8377
v 0.1635 6.1974 0.7088
v 0.1635 5.8656 2.5456
v 0.1635 5.6014 1.5036
v 0.1635 6.2442 1.9212
v 0.1635 5.5388 1.4477
v 0.1635 6.0073 2.6239
v 0.1635 5.5246 1.2800
v 0.1635 6.3465 1.6885
v 0.1635 6.0774 2.4707
v 0.1635 6.3920 1.4560
v 0.1635 6.3324 0.9513
v 0.1635 5.5993 0.9823
v 0.1635 5.5211 1.3297
v 0.1635 5.5446 1.4630
v 0.1635 5.5863 1.4999
v 0.1635 5.8860 2.5808
v 0.1635 6.3628 1.6409
v 0.1635 6.1570 2.1741
v 0.1635 6.0842 2.4313
v 0.1635 6.3510 1.0415
v 0.1635 6.0596 2.5596
v 0.1635 6.1104 2.3077
v 0.1635 6.3818 1.3133
v 0.1635 6.3752 1.2532
v 0.1635 5.4214 0.9127
v 0.1635 6.1743 2.1263
v 0.1635 5.8599 2.4849
v 0.1635 5.9746 2.6276
v 0.1635 6.3755 1.5939
v 0.1635 6.1237 2.2642
v 0.1635 5.6049 1.0078
v 0.1635 6.0356 2.6066
v 0.1635 5.5048 0.9252
v 0.1635 5.5562 1.1376
v 0.1635 5.5224 1.3736
v 0.1635 5.5512 1.4766
v 0.1635 5.8734 2.5623
v 0.1635 5.9012 2.5980
v 0.1635 6.3633 1.1202
v 0.1635 6.0361 0.5256
v 0.1635 5.8535 2.5137
v 0.1635 6.1395 2.2199
v 0.1635 6.1914 2.0760
v 0.1635 6.0226 2.6172
v 0.1635 5.2953 0.9211
v 0.1635 5.1211 0.8931
v 0.1635 5.8228 0.3720
v 0.1635 5.5843 0.2341
v 0.1635 5.3359 0.1184
v 0.1635 4.4994 0.0191
v 0.1635 5.0695 0.0577
v 0.1635 4.7911 0.0221
v 0.1635 4.9386 0.8715
v 0.1635 4.3385 0.9068
v 0.1635 4.7482 0.8731
v 0.1635 4.5458 0.8838
v 0.1635 4.0961 0.9346
v 0.1635 4.1557 0.0757
v 0.1635 3.9650 0.1097
v 0.1635 3.9141 0.9534
v 0.2509 6.0723 2.4911
v 0.5735 5.6324 1.4491
v 0.5574 6.1073 1.8159
v 0.5913 6.0515 1.8208
v 0.6299 5.9234 1.9960
v 0.7160 6.0082 1.5938
v 0.6983 6.2147 1.5508
v 0.5731 6.1882 1.7058
v 0.5326 6.1237 1.7411
v 0.5935 6.0982 1.6710
v 0.2623 6.0768 2.4654
v 0.2166 6.0779 2.4670
v 0.2169 6.0713 2.5015
v 0.2673 6.0689 2.5079
v 0.2953 6.0734 2.4768
v 0.2208 6.0656 2.5299
v 0.5944 5.6263 1.3829
v 0.6629 5.6615 1.3995
v 0.6484 5.6694 1.4587
v 0.6361 5.6839 1.5211
v 0.5891 5.6597 1.5194
v 0.5443 5.6459 1.5336
v 0.5127 5.6209 1.4854
v 0.5696 6.1094 1.8359
v 0.5629 6.0804 1.7988
v 0.5446 6.1276 1.8094
v 0.5573 6.1461 1.8327
v 0.5436 6.1031 1.7841
v 0.6017 6.0249 1.7786
v 0.5733 6.0557 1.7690
v 0.6214 5.9804 1.8254
v 0.6276 5.9734 1.7820
v 0.5791 6.1165 1.8622
v 0.5996 6.0555 1.8591
v 0.6212 5.9836 1.8648
v 0.6203 5.8578 2.0070
v 0.6271 5.8601 1.9448
v 0.6335 5.9165 1.9304
v 0.6213 5.9890 1.9057
v 0.6180 6.0005 1.9450
v 0.6088 5.8996 2.0839
v 0.6004 5.8547 2.0820
v 0.6152 5.9711 2.0244
v 0.6026 5.9416 2.0917
v 0.6062 6.0245 1.9757
v 0.7309 5.9319 1.5787
v 0.7535 5.9446 1.5344
v 0.7386 6.0217 1.5437
v 0.7205 6.1105 1.5526
v 0.7086 6.1013 1.5879
v 0.6945 6.1050 1.6130
v 0.6942 6.0429 1.6279
v 0.6795 6.0046 1.6608
v 0.6955 5.9649 1.6414
v 0.7063 5.9131 1.6261
v 0.6743 6.2767 1.6180
v 0.6762 6.2542 1.6279
v 0.6966 6.1911 1.5780
v 0.6729 6.2860 1.5498
v 0.6545 6.3113 1.6127
v 0.7317 6.1203 1.5178
v 0.7233 6.2097 1.4841
v 0.6936 6.2799 1.4922
v 0.7537 6.1278 1.4653
v 0.5590 6.1925 1.7237
v 0.5477 6.1655 1.7109
v 0.5694 6.1686 1.6932
v 0.5990 6.1772 1.6814
v 0.5911 6.2008 1.7044
v 0.5758 6.2125 1.7327
v 0.5378 6.1067 1.7465
v 0.5446 6.1019 1.7238
v 0.5364 6.1263 1.7240
v 0.5337 6.1577 1.7338
v 0.5271 6.1443 1.7546
v 0.5309 6.1249 1.7709
v 0.6274 6.0833 1.6620
v 0.6326 6.1149 1.6525
v 0.5953 6.1179 1.6685
v 0.5829 6.0891 1.6844
v 0.6168 6.0630 1.6824
v 0.5705 6.1126 1.6828
v 0.2840 5.8284 2.4501
v 0.2377 5.8483 2.4615
v 0.1948 5.8667 2.4694
v 0.2360 5.8378 2.4763
v 0.1941 5.8567 2.4837
v 0.1937 5.8509 2.4983
v 0.2795 6.3647 1.6461
v 0.2847 6.3765 1.5977
v 0.2897 6.3855 1.5494
v 0.2947 6.3909 1.5010
v 0.3670 6.3783 1.6040
v 0.3737 6.3866 1.5525
v 0.3815 6.3924 1.5007
v 0.3895 6.3956 1.4498
v 0.2986 6.3929 1.4539
v 0.4513 6.3868 1.5556
v 0.4619 6.3936 1.5013
v 0.4747 6.3998 1.4475
v 0.4860 6.4019 1.3955
v 0.3954 6.3950 1.4010
v 0.5350 6.3900 1.5032
v 0.5533 6.3983 1.4475
v 0.5716 6.4016 1.3915
v 0.5815 6.3978 1.3368
v 0.4918 6.3975 1.3452
v 0.6211 6.3818 1.4481
v 0.6448 6.3843 1.3892
v 0.6585 6.3808 1.3281
v 0.6561 6.3704 1.2661
v 0.5790 6.3886 1.2816
v 0.7017 6.3458 1.3853
v 0.7172 6.3421 1.3212
v 0.7210 6.3341 1.2533
v 0.7195 6.3284 1.1790
v 0.6421 6.3576 1.2017
v 0.7641 6.2857 1.3143
v 0.7823 6.2830 1.2426
v 0.7943 6.2837 1.1633
v 0.8029 6.2800 1.0917
v 0.7163 6.3199 1.1102
v 0.8390 6.2168 1.2349
v 0.8611 6.2192 1.1592
v 0.8811 6.2163 1.0904
v 0.9019 6.2023 1.0316
v 0.8135 6.2668 1.0311
v 0.9159 6.1411 1.1629
v 0.9446 6.1360 1.0996
v 0.9735 6.1207 1.0415
v 1.0146 6.0939 0.9903
v 0.9335 6.1757 0.9807
v 0.9930 6.0632 1.1011
v 1.0263 6.0525 1.0420
v 1.0705 6.0356 0.9842
v 1.1279 6.0067 0.9182
v 1.0752 6.0595 0.9277
v 1.0560 5.9987 1.0329
v 1.0993 5.9872 0.9773
v 1.1501 5.9646 0.9145
v 1.2069 5.9103 0.8379
v 1.1962 5.9550 0.8400
v 1.1021 5.9455 0.9724
v 1.1483 5.9325 0.9153
v 1.2016 5.8834 0.8439
v 1.2290 5.7613 0.7640
v 1.2465 5.7899 0.7516
v 1.1267 5.9070 0.9207
v 1.1698 5.8723 0.8540
v 1.1903 5.7475 0.7829
v 1.1062 5.8504 0.8734
v 1.1099 5.7427 0.8067
v 1.0817 5.0297 0.5302
v 1.1269 5.0474 0.4919
v 0.9440 5.6866 0.8202
v 1.0073 5.0193 0.5607
v 0.8994 5.0084 0.5821
v 0.7425 4.9955 0.6292
v 1.1397 5.0731 0.4430
v 1.1196 5.1147 0.3783
v 1.0504 5.1701 0.3166
v 0.7089 5.2683 0.1708
v 0.5811 5.2923 0.1420
v 0.8450 5.2363 0.2013
v 0.9624 5.2038 0.2662
v 0.4563 5.3139 0.1297
v 0.3544 5.3259 0.1253
v 0.2593 5.3329 0.1217
v 1.2429 5.8337 0.7404
v 1.2213 5.8993 0.7296
v 1.1538 6.0127 0.8457
v 1.1524 5.9853 0.7242
v 1.0746 6.0660 0.8521
v 0.9894 6.1295 0.9334
v 0.9558 6.1451 0.8615
v 0.8814 6.2100 0.9219
v 0.8343 6.2480 0.9767
v 0.7546 6.2570 0.9214
v 0.7280 6.2817 0.9876
v 0.7158 6.3021 1.0491
v 0.6210 6.3033 1.0049
v 0.6196 6.3264 1.0743
v 0.6281 6.3443 1.1369
v 0.5333 6.3458 1.0962
v 0.5469 6.3614 1.1633
v 0.5649 6.3757 1.2244
v 0.4630 6.3696 1.1802
v 0.4784 6.3788 1.2416
v 0.4894 6.3886 1.2954
v 0.3862 6.3756 1.2503
v 0.3948 6.3827 1.3055
v 0.3977 6.3904 1.3543
v 0.2982 6.3795 1.3110
v 0.3013 6.3857 1.3619
v 0.3010 6.3908 1.4079
v 0.2913 6.3734 1.2529
v 0.2821 6.3686 1.1911
v 0.2723 6.3624 1.1213
v 0.3731 6.3695 1.1873
v 0.3601 6.3614 1.1190
v 0.3499 6.3458 1.0392
v 0.2647 6.3490 1.0430
v 0.4491 6.3579 1.1114
v 0.4395 6.3389 1.0324
v 0.4366 6.3168 0.9449
v 0.3442 6.3250 0.9507
v 0.5287 6.3261 1.0205
v 0.5315 6.3040 0.9371
v 0.5443 6.2528 0.8261
v 0.4334 6.2684 0.8387
v 0.6415 6.2761 0.9273
v 0.6703 6.2342 0.8278
v 0.7216 6.1641 0.7074
v 0.5730 6.1826 0.7037
v 0.8048 6.2157 0.8407
v 0.9062 6.1286 0.7503
v 1.0467 6.0542 0.7343
v 0.6249 4.9820 0.6589
v 0.5466 4.9700 0.6815
v 0.4946 4.9590 0.7159
v 0.4396 6.1928 0.7097
v 0.3407 6.1955 0.7133
v 0.3417 6.2752 0.8400
v 0.2528 6.1968 0.7097
v 0.2542 6.2794 0.8389
v 0.2597 6.3298 0.9531
v 0.3505 4.9443 0.8288
v 0.4363 4.9502 0.7654
v 0.2551 4.9398 0.8648
v 0.2641 5.4242 0.9088
v 0.4739 5.4455 0.8328
v 0.3712 5.4328 0.8799
v 0.3756 5.7711 2.3544
v 0.3540 5.7909 2.3981
v 0.3236 5.8087 2.4298
v 0.3584 5.7798 2.4103
v 0.3262 5.7979 2.4459
v 0.2840 5.8162 2.4659
v 0.3301 5.7891 2.4608
v 0.2853 5.8066 2.4822
v 0.2351 5.8299 2.4919
v 0.2873 5.8022 2.4989
v 0.2353 5.8274 2.5082
v 0.1939 5.8496 2.5133
v 0.2381 5.8308 2.5242
v 0.1956 5.8543 2.5293
v 0.1980 5.8614 2.5450
v 0.2647 6.3121 1.7890
v 0.2691 6.3319 1.7420
v 0.2741 6.3502 1.6942
v 0.3448 6.3433 1.7563
v 0.3527 6.3569 1.7054
v 0.3604 6.3685 1.6548
v 0.4258 6.3608 1.7153
v 0.4360 6.3707 1.6615
v 0.4437 6.3791 1.6092
v 0.5033 6.3659 1.6656
v 0.5148 6.3738 1.6127
v 0.5228 6.3817 1.5583
v 0.5739 6.3580 1.6115
v 0.5868 6.3639 1.5568
v 0.6001 6.3738 1.5037
v 0.6365 6.3300 1.5520
v 0.6547 6.3362 1.4986
v 0.6779 6.3437 1.4448
v 0.7202 6.2851 1.4367
v 0.7449 6.2881 1.3778
v 0.7525 6.2146 1.4250
v 0.7810 6.2185 1.3667
v 0.8130 6.2179 1.3048
v 0.8195 6.1428 1.3549
v 0.8592 6.1441 1.2943
v 0.8874 6.1417 1.2302
v 0.8963 6.0696 1.2829
v 0.9295 6.0704 1.2205
v 0.9607 6.0684 1.1600
v 0.9596 6.0027 1.2074
v 0.9926 6.0051 1.1477
v 1.0244 6.0046 1.0907
v 1.0039 5.9455 1.1329
v 1.0315 5.9500 1.0776
v 1.0596 5.9504 1.0242
v 1.0129 5.8974 1.0623
v 1.0393 5.9049 1.0138
v 1.0804 5.9085 0.9705
v 0.9810 5.8572 1.0020
v 1.0235 5.8703 0.9665
v 1.0761 5.8784 0.9292
v 0.9115 5.8079 0.9640
v 0.9466 5.8036 0.9233
v 0.9583 5.7638 0.8725
v 0.8095 5.7416 0.9283
v 0.8018 5.6991 0.8834
v 0.8217 5.6422 0.8396
v 0.6744 5.6498 0.8925
v 0.6680 5.5925 0.8518
v 0.5582 5.5612 0.8508
v 0.5517 5.4656 0.8069
v 0.6377 5.4933 0.8005
v 0.7754 5.5276 0.7893
v 0.2286 5.5241 1.3727
v 0.2239 5.5291 1.4070
v 0.2204 5.5346 1.4300
v 0.3040 5.5409 1.4126
v 0.2950 5.5463 1.4375
v 0.2876 5.5516 1.4561
v 0.2176 5.5401 1.4485
v 0.2807 5.5571 1.4717
v 0.2149 5.5459 1.4638
v 0.2746 5.5630 1.4861
v 0.2124 5.5524 1.4778
v 0.2688 5.5707 1.4991
v 0.2100 5.5612 1.4894
v 0.2632 5.5831 1.5065
v 0.2073 5.5735 1.4965
v 0.2575 5.5977 1.5099
v 0.2051 5.5874 1.5012
v 0.2515 5.6135 1.5120
v 0.2021 5.6029 1.5049
v 0.4257 5.7417 2.1775
v 0.4084 5.7464 2.2381
v 0.3920 5.7524 2.2998
v 0.4204 5.7365 2.2412
v 0.4001 5.7390 2.3042
v 0.3808 5.7569 2.3619
v 0.4113 5.7297 2.3082
v 0.3894 5.7468 2.3683
v 0.3643 5.7698 2.4220
v 0.4000 5.7425 2.3737
v 0.3721 5.7608 2.4324
v 0.3349 5.7823 2.4773
v 0.3824 5.7578 2.4432
v 0.3399 5.7790 2.4928
v 0.2903 5.8034 2.5154
v 0.3457 5.7815 2.5049
v 0.2955 5.8103 2.5310
v 0.2435 5.8388 2.5404
v 0.3030 5.8215 2.5425
v 0.2495 5.8492 2.5539
v 0.2013 5.8696 2.5611
v 0.2570 5.8623 2.5660
v 0.2065 5.8814 2.5784
v 0.2142 5.8963 2.5948
v 0.2487 6.2510 1.9276
v 0.2548 6.2726 1.8828
v 0.2600 6.2926 1.8366
v 0.3202 6.2864 1.9035
v 0.3285 6.3088 1.8577
v 0.3367 6.3275 1.8075
v 0.3912 6.3131 1.8788
v 0.4026 6.3342 1.8254
v 0.4140 6.3494 1.7706
v 0.4518 6.3314 1.8384
v 0.4658 6.3473 1.7804
v 0.4845 6.3573 1.7220
v 0.4990 6.3413 1.7869
v 0.5230 6.3502 1.7279
v 0.5537 6.3551 1.6687
v 0.5504 6.3426 1.7331
v 0.5886 6.3428 1.6738
v 0.6188 6.3359 1.6111
v 0.6163 6.3290 1.6790
v 0.5731 6.3330 1.7386
v 0.5896 6.3199 1.7426
v 0.6341 6.3125 1.6846
v 0.6001 6.3039 1.7447
v 0.6411 6.2932 1.6899
v 0.6049 6.2861 1.7450
v 0.6409 6.2749 1.6940
v 0.6722 6.2361 1.6397
v 0.6907 6.1753 1.6020
v 0.6361 6.2569 1.6974
v 0.6633 6.2215 1.6517
v 0.6799 6.1661 1.6225
v 0.6483 6.2059 1.6638
v 0.6587 6.1579 1.6418
v 0.6660 6.1100 1.6373
v 0.6320 6.1517 1.6558
v 0.6625 6.0663 1.6501
v 0.6501 6.0376 1.6757
v 0.6026 6.0502 1.7068
v 0.6326 6.0216 1.7060
v 0.6596 5.9847 1.6990
v 0.6147 6.0151 1.7405
v 0.6402 5.9752 1.7398
v 0.6500 5.9289 1.7333
v 0.6729 5.9418 1.6873
v 0.6535 5.8822 1.7279
v 0.6798 5.8949 1.6772
v 0.6507 5.8360 1.7237
v 0.6796 5.8445 1.6702
v 0.7091 5.8554 1.6169
v 0.7364 5.8653 1.5671
v 0.6698 5.7981 1.6650
v 0.6998 5.8024 1.6100
v 0.7284 5.8056 1.5561
v 0.7551 5.8080 1.5038
v 0.7617 5.8735 1.5204
v 0.6802 5.7591 1.6014
v 0.7075 5.7567 1.5441
v 0.7331 5.7525 1.4877
v 0.7569 5.7518 1.4315
v 0.7801 5.8123 1.4513
v 0.6764 5.7159 1.5313
v 0.6973 5.7069 1.4723
v 0.7171 5.7021 1.4141
v 0.7387 5.7054 1.3549
v 0.7822 5.7577 1.3746
v 0.6796 5.6629 1.3391
v 0.6973 5.6731 1.2805
v 0.7643 5.7174 1.2963
v 0.6079 5.6282 1.3240
v 0.6198 5.6363 1.2666
v 0.6310 5.6484 1.2123
v 0.7193 5.6863 1.2249
v 0.5219 5.5959 1.3049
v 0.5313 5.6042 1.2522
v 0.5393 5.6163 1.2006
v 0.5473 5.6306 1.1543
v 0.6431 5.6628 1.1637
v 0.4380 5.5747 1.2402
v 0.4437 5.5866 1.1916
v 0.4497 5.6007 1.1477
v 0.4556 5.6159 1.1072
v 0.5537 5.6455 1.1118
v 0.3467 5.5617 1.1850
v 0.3512 5.5764 1.1419
v 0.3553 5.5927 1.1036
v 0.3583 5.6081 1.0687
v 0.4608 5.6312 1.0685
v 0.2529 5.5608 1.1381
v 0.2570 5.5783 1.1005
v 0.2597 5.5943 1.0670
v 0.2613 5.6051 1.0361
v 0.3607 5.6193 1.0364
v 0.2621 5.6091 1.0079
v 0.2522 6.0367 0.5251
v 0.3406 6.0397 0.5231
v 0.4410 6.0449 0.5222
v 1.0677 5.9373 0.5629
v 0.9185 6.0186 0.5387
v 0.5823 6.0433 0.5141
v 0.7398 6.0368 0.5246
v 0.2632 5.5495 0.9374
v 0.2630 5.5880 0.9595
v 0.2625 5.6035 0.9820
v 0.3672 5.6028 0.9511
v 0.3649 5.6182 0.9769
v 0.3629 5.6236 1.0058
v 0.4702 5.6409 0.9647
v 0.4678 5.6463 0.9976
v 0.4647 5.6422 1.0320
v 0.5590 5.6737 0.9972
v 0.5585 5.6694 1.0336
v 0.5568 5.6596 1.0726
v 0.6647 5.7029 1.0410
v 0.6613 5.6909 1.0792
v 0.6548 5.6769 1.1201
v 0.7721 5.7311 1.0818
v 0.7620 5.7165 1.1253
v 0.7431 5.7014 1.1726
v 0.8603 5.7635 1.1320
v 0.8332 5.7482 1.1844
v 0.7980 5.7324 1.2395
v 0.8991 5.8019 1.2029
v 0.8565 5.7860 1.2598
v 0.8151 5.7706 1.3172
v 0.8884 5.8474 1.2852
v 0.8433 5.8329 1.3419
v 0.8072 5.8200 1.3974
v 0.8481 5.9025 1.3666
v 0.8116 5.8900 1.4198
v 0.7857 5.8807 1.4710
v 0.8000 5.9650 1.4379
v 0.7759 5.9543 1.4871
v 0.7792 6.0445 1.4509
v 0.7575 6.0332 1.4997
v 0.8104 6.0559 1.3995
v 0.7812 6.1364 1.4113
v 0.8348 5.9773 1.3866
v 0.8807 5.9890 1.3312
v 0.8547 6.0651 1.3442
v 0.8941 5.9158 1.3110
v 0.9380 5.9277 1.2509
v 0.9238 5.9974 1.2693
v 0.9328 5.8620 1.2272
v 0.9658 5.8762 1.1700
v 0.9732 5.9379 1.1906
v 0.9310 5.8175 1.1483
v 0.9508 5.8317 1.0962
v 0.9923 5.8880 1.1151
v 0.8732 5.7782 1.0845
v 0.8786 5.7914 1.0409
v 0.9636 5.8446 1.0456
v 0.7770 5.7437 1.0417
v 0.7807 5.7514 1.0038
v 0.8844 5.8013 1.0009
v 0.6682 5.7091 1.0039
v 0.6725 5.7064 0.9681
v 0.7889 5.7518 0.9666
v 0.5597 5.6691 0.9631
v 0.5616 5.6521 0.9290
v 0.6762 5.6914 0.9320
v 0.4733 5.6249 0.9337
v 0.4710 5.5863 0.9001
v 0.5566 5.6105 0.8897
v 0.3658 5.5640 0.9248
v 0.3705 5.5247 0.9041
v 0.4843 5.5422 0.8688
v 0.2619 5.5091 0.9223
v 1.1956 5.8587 0.6068
v 1.2630 5.7475 0.6391
v 1.2896 5.6781 0.6594
v 0.9425 5.5403 0.7581
v 1.1014 5.5669 0.7364
v 1.2057 5.5789 0.7188
v 1.2897 5.6291 0.6814
v 1.2639 5.5966 0.6995
v 0.2478 5.5452 1.1813
v 0.2432 5.5342 1.2290
v 0.3419 5.5500 1.2323
v 0.3351 5.5423 1.2818
v 0.2387 5.5272 1.2788
v 0.3261 5.5368 1.3307
v 0.2338 5.5229 1.3283
v 0.3152 5.5363 1.3760
v 0.4176 5.5600 1.3388
v 0.4007 5.5582 1.3855
v 0.3808 5.5611 1.4253
v 0.4856 5.5893 1.4065
v 0.4520 5.5888 1.4476
v 0.4260 5.5912 1.4769
v 0.3648 5.5657 1.4519
v 0.4056 5.5939 1.4978
v 0.3506 5.5707 1.4724
v 0.3887 5.5972 1.5138
v 0.3392 5.5754 1.4881
v 0.3732 5.6023 1.5269
v 0.3287 5.5809 1.5021
v 0.3592 5.6105 1.5366
v 0.3188 5.5886 1.5133
v 0.3465 5.6216 1.5436
v 0.3096 5.6005 1.5199
v 0.3344 5.6348 1.5492
v 0.3008 5.6146 1.5239
v 0.4812 5.7101 1.9506
v 0.4743 5.7139 2.0094
v 0.4615 5.7211 2.0680
v 0.4888 5.7053 2.0099
v 0.4758 5.7123 2.0695
v 0.4578 5.7215 2.1265
v 0.4449 5.7315 2.1237
v 0.4373 5.7306 2.1810
v 0.4725 5.7157 2.1295
v 0.4517 5.7250 2.1851
v 0.4342 5.7297 2.2447
v 0.4670 5.7229 2.1891
v 0.4492 5.7264 2.2480
v 0.4247 5.7255 2.3117
v 0.4639 5.7275 2.2509
v 0.4386 5.7261 2.3146
v 0.4133 5.7417 2.3792
v 0.4526 5.7305 2.3167
v 0.4256 5.7435 2.3835
v 0.3923 5.7579 2.4528
v 0.4385 5.7494 2.3871
v 0.4022 5.7626 2.4611
v 0.3534 5.7891 2.5176
v 0.4134 5.7737 2.4670
v 0.3624 5.7991 2.5285
v 0.3116 5.8351 2.5510
v 0.3723 5.8150 2.5347
v 0.3210 5.8507 2.5573
v 0.2667 5.8781 2.5762
v 0.3306 5.8685 2.5579
v 0.2792 5.8954 2.5844
v 0.2220 5.9140 2.6077
v 0.2930 5.9144 2.5900
v 0.2292 5.9332 2.6160
v 0.2362 5.9528 2.6222
v 0.2271 6.1857 2.0762
v 0.2323 6.2047 2.0265
v 0.2403 6.2271 1.9756
v 0.2827 6.1969 2.0332
v 0.2935 6.2260 1.9896
v 0.3084 6.2588 1.9465
v 0.3442 6.2179 2.0066
v 0.3614 6.2529 1.9689
v 0.3788 6.2851 1.9276
v 0.4091 6.2354 1.9877
v 0.4269 6.2730 1.9468
v 0.4399 6.3073 1.8954
v 0.4642 6.2585 1.9557
v 0.4748 6.2981 1.9049
v 0.4850 6.3252 1.8466
v 0.5013 6.2884 1.9081
v 0.5098 6.3179 1.8511
v 0.5236 6.3345 1.7919
v 0.5303 6.3086 1.8529
v 0.5450 6.3259 1.7962
v 0.5469 6.2968 1.8518
v 0.5624 6.3145 1.7988
v 0.5597 6.2823 1.8476
v 0.5742 6.2991 1.7983
v 0.5672 6.2655 1.8406
v 0.5801 6.2824 1.7952
v 0.5707 6.2496 1.8317
v 0.5823 6.2655 1.7901
v 0.6043 6.2688 1.7444
v 0.5805 6.2481 1.7836
v 0.5994 6.2511 1.7424
v 0.6268 6.2386 1.7003
v 0.5896 6.2309 1.7381
v 0.6105 6.2176 1.7032
v 0.6251 6.1892 1.6733
v 0.5986 6.1465 1.6696
v 0.5670 6.1399 1.6845
v 0.5468 6.1333 1.7025
v 0.5538 6.1054 1.7003
v 0.5619 6.0763 1.7288
v 0.5729 6.0792 1.7039
v 0.5870 6.0474 1.7361
v 0.5499 6.0827 1.7569
v 0.5727 6.2293 1.7750
v 0.5599 6.2114 1.7649
v 0.5642 6.2157 1.8088
v 0.5501 6.1980 1.7945
v 0.5347 6.1748 1.7762
v 0.5440 6.1886 1.7503
v 0.5506 6.1747 1.8177
v 0.5339 6.1528 1.7970
v 0.5623 6.1924 1.8352
v 0.5666 6.1605 1.8546
v 0.5672 6.2083 1.8517
v 0.5695 6.1731 1.8752
v 0.5823 6.1237 1.8886
v 0.5676 6.1839 1.8920
v 0.5780 6.1324 1.9111
v 0.5982 6.0687 1.9226
v 0.6021 6.0599 1.8912
v 0.5694 6.1440 1.9309
v 0.5868 6.0837 1.9499
v 0.5579 6.1569 1.9505
v 0.5700 6.1010 1.9735
v 0.5852 6.0500 2.0032
v 0.5495 6.1190 1.9937
v 0.5573 6.0740 2.0245
v 0.5607 6.0405 2.0633
v 0.5924 6.0077 2.0451
v 0.5559 6.0173 2.1089
v 0.5853 5.9807 2.0996
v 0.5449 6.0044 2.1641
v 0.5669 5.9701 2.1636
v 0.5789 5.9332 2.1617
v 0.5463 5.9673 2.2278
v 0.5533 5.9295 2.2270
v 0.5516 5.8896 2.2210
v 0.5800 5.8943 2.1571
v 0.5441 5.8512 2.2117
v 0.5713 5.8545 2.1504
v 0.5368 5.8199 2.2052
v 0.5597 5.8196 2.1445
v 0.5871 5.8163 2.0799
v 0.6064 5.8153 2.0116
v 0.5519 5.7929 2.1417
v 0.5763 5.7874 2.0785
v 0.5944 5.7839 2.0129
v 0.6028 5.7839 1.9504
v 0.6144 5.8167 1.9491
v 0.5679 5.7662 2.0780
v 0.5842 5.7614 2.0133
v 0.5925 5.7605 1.9507
v 0.5958 5.7618 1.8909
v 0.6062 5.7863 1.8917
v 0.5739 5.7437 2.0132
v 0.5817 5.7412 1.9505
v 0.5840 5.7416 1.8900
v 0.5853 5.7439 1.8312
v 0.5978 5.7642 1.8323
v 0.5695 5.7255 1.9503
v 0.5710 5.7252 1.8894
v 0.5713 5.7276 1.8302
v 0.5768 5.7268 1.7717
v 0.5921 5.7438 1.7726
v 0.5572 5.7132 1.8892
v 0.5564 5.7149 1.8296
v 0.5604 5.7137 1.7712
v 0.5698 5.7061 1.7120
v 0.5893 5.7199 1.7120
v 0.5419 5.7061 1.8299
v 0.5435 5.7041 1.7717
v 0.5492 5.6969 1.7132
v 0.5553 5.6835 1.6533
v 0.5805 5.6932 1.6502
v 0.5268 5.6987 1.7736
v 0.5287 5.6918 1.7161
v 0.5287 5.6782 1.6594
v 0.5227 5.6599 1.6049
v 0.5556 5.6663 1.5932
v 0.5086 5.6900 1.7204
v 0.5048 5.6765 1.6671
v 0.4949 5.6585 1.6171
v 0.4771 5.6377 1.5729
v 0.5057 5.6393 1.5559
v 0.4818 5.6772 1.6751
v 0.4701 5.6605 1.6289
v 0.4526 5.6398 1.5868
v 0.4267 5.6178 1.5482
v 0.4486 5.6166 1.5322
v 0.4474 5.6649 1.6392
v 0.4306 5.6452 1.5982
v 0.4071 5.6227 1.5608
v 0.4108 5.6532 1.6070
v 0.3893 5.6313 1.5702
v 0.3730 5.6420 1.5775
v 0.4750 5.7038 1.7823
v 0.4779 5.7059 1.8362
v 0.4815 5.7083 1.8929
v 0.4939 5.6996 1.8339
v 0.4965 5.7013 1.8917
v 0.4955 5.7019 1.9502
v 0.5122 5.6972 1.8906
v 0.5115 5.6969 1.9499
v 0.5044 5.7001 2.0108
v 0.5277 5.6978 1.9500
v 0.5205 5.7007 2.0117
v 0.5074 5.7065 2.0730
v 0.4910 5.7067 2.0713
v 0.4883 5.7139 2.1327
v 0.5229 5.7116 2.0743
v 0.5039 5.7180 2.1352
v 0.4827 5.7254 2.1925
v 0.5178 5.7266 2.1372
v 0.4970 5.7331 2.1948
v 0.4784 5.7333 2.2534
v 0.5089 5.7448 2.1965
v 0.4907 5.7437 2.2550
v 0.4660 5.7388 2.3180
v 0.5005 5.7585 2.2562
v 0.4771 5.7525 2.3186
v 0.4504 5.7593 2.3898
v 0.4850 5.7692 2.3191
v 0.4599 5.7747 2.3910
v 0.4219 5.7886 2.4699
v 0.4668 5.7924 2.3912
v 0.4296 5.8042 2.4703
v 0.3813 5.8336 2.5335
v 0.4367 5.8226 2.4680
v 0.3891 5.8529 2.5267
v 0.3425 5.8878 2.5574
v 0.3972 5.8735 2.5153
v 0.3567 5.9092 2.5547
v 0.3057 5.9357 2.5931
v 0.3724 5.9329 2.5498
v 0.3176 5.9591 2.5919
v 0.2415 5.9732 2.6235
v 0.3228 5.9810 2.5873
v 0.2438 5.9915 2.6219
v 0.2438 6.0082 2.6177
v 0.2246 6.1371 2.2179
v 0.2246 6.1533 2.1722
v 0.2251 6.1693 2.1250
v 0.2739 6.1435 2.1701
v 0.2746 6.1579 2.1246
v 0.2770 6.1754 2.0791
v 0.3249 6.1436 2.1247
v 0.3278 6.1616 2.0829
v 0.3340 6.1859 2.0432
v 0.3801 6.1439 2.0857
v 0.3861 6.1694 2.0509
v 0.3950 6.2008 2.0197
v 0.4368 6.1474 2.0517
v 0.4433 6.1791 2.0229
v 0.4520 6.2160 1.9942
v 0.4865 6.1572 2.0186
v 0.4889 6.1989 1.9911
v 0.4938 6.2451 1.9555
v 0.5192 6.1843 1.9822
v 0.5170 6.2325 1.9490
v 0.5217 6.2776 1.9066
v 0.5373 6.2203 1.9391
v 0.5397 6.2642 1.9005
v 0.5531 6.2082 1.9267
v 0.5529 6.2506 1.8915
v 0.5621 6.1958 1.9101
v 0.5615 6.2370 1.8805
v 0.5661 6.2223 1.8663
v 0.5705 6.2333 1.8210
v 0.5417 6.1704 1.9683
v 0.5232 6.1370 2.0087
v 0.4837 6.1231 2.0475
v 0.5253 6.0977 2.0389
v 0.4802 6.0976 2.0821
v 0.5239 6.0696 2.0753
v 0.4749 6.0791 2.1212
v 0.5188 6.0494 2.1168
v 0.4689 6.0678 2.1653
v 0.5108 6.0378 2.1648
v 0.4625 6.0637 2.2127
v 0.5004 6.0351 2.2177
v 0.5288 6.0031 2.2241
v 0.4833 6.0348 2.2706
v 0.5069 6.0017 2.2792
v 0.5202 5.9623 2.2846
v 0.4862 5.9977 2.3298
v 0.4974 5.9559 2.3349
v 0.4993 5.9099 2.3338
v 0.5265 5.9203 2.2831
v 0.4969 5.8689 2.3293
v 0.5258 5.8797 2.2758
v 0.4959 5.8364 2.3255
v 0.5201 5.8453 2.2683
v 0.4938 5.8107 2.3220
v 0.5163 5.8177 2.2634
v 0.4904 5.7889 2.3197
v 0.5125 5.7950 2.2601
v 0.5313 5.7959 2.2017
v 0.5076 5.7756 2.2578
v 0.5258 5.7769 2.1996
v 0.5462 5.7729 2.1408
v 0.5185 5.7596 2.1980
v 0.5392 5.7547 2.1399
v 0.5592 5.7486 2.0775
v 0.5297 5.7391 2.1388
v 0.5490 5.7333 2.0767
v 0.5627 5.7286 2.0131
v 0.5369 5.7208 2.0755
v 0.5501 5.7162 2.0128
v 0.5566 5.7133 1.9502
v 0.5359 5.7067 2.0124
v 0.5428 5.7039 1.9502
v 0.5433 5.7046 1.8893
v 0.5282 5.6989 1.8897
v 0.5266 5.7001 1.8308
v 0.5104 5.6981 1.8321
v 0.5093 5.6965 1.7761
v 0.4918 5.6983 1.7790
v 0.4887 5.6910 1.7251
v 0.4690 5.6947 1.7306
v 0.4596 5.6810 1.6830
v 0.4715 5.8111 2.3912
v 0.4733 5.8341 2.3906
v 0.4410 5.8445 2.4619
v 0.4745 5.8642 2.3892
v 0.4452 5.8689 2.4539
v 0.4086 5.8976 2.5050
v 0.4527 5.9060 2.4442
v 0.4260 5.9284 2.4978
v 0.3834 5.9603 2.5439
v 0.4358 5.9670 2.4924
v 0.3854 5.9878 2.5396
v 0.3225 6.0014 2.5830
v 0.3797 6.0134 2.5343
v 0.3188 6.0210 2.5782
v 0.2418 6.0244 2.6101
v 0.3117 6.0393 2.5698
v 0.2386 6.0380 2.5992
v 0.2345 6.0481 2.5855
v 0.2299 6.0558 2.5686
v 0.2258 6.0612 2.5504
v 0.2186 6.0846 2.4301
v 0.2213 6.0919 2.3913
v 0.2698 6.0835 2.4301
v 0.2734 6.0910 2.3934
v 0.2757 6.1000 2.3518
v 0.2233 6.1006 2.3500
v 0.3135 6.0784 2.4399
v 0.3229 6.0850 2.3996
v 0.3259 6.0940 2.3556
v 0.3263 6.1038 2.3085
v 0.2763 6.1096 2.3076
v 0.3590 6.0774 2.4058
v 0.3660 6.0850 2.3585
v 0.3691 6.0940 2.3090
v 0.3711 6.1012 2.2596
v 0.3251 6.1124 2.2606
v 0.4004 6.0727 2.3616
v 0.4075 6.0790 2.3102
v 0.4147 6.0844 2.2595
v 0.4192 6.0873 2.2113
v 0.3722 6.1060 2.2120
v 0.4391 6.0572 2.3145
v 0.4522 6.0619 2.2630
v 0.4656 6.0312 2.3217
v 0.4296 6.0538 2.3672
v 0.4548 6.0290 2.3742
v 0.4739 5.9956 2.3817
v 0.4426 6.0286 2.4270
v 0.4599 5.9966 2.4348
v 0.4660 5.9528 2.4413
v 0.4821 5.9518 2.3874
v 0.4767 5.9039 2.3880
v 0.4288 6.0023 2.4850
v 0.4145 6.0296 2.4772
v 0.3690 6.0356 2.5262
v 0.3952 6.0497 2.4682
v 0.3554 6.0518 2.5154
v 0.3024 6.0528 2.5584
v 0.3381 6.0630 2.5035
v 0.2916 6.0610 2.5422
v 0.3181 6.0696 2.4903
v 0.2798 6.0656 2.5252
v 0.3445 6.0728 2.4494
v 0.3717 6.0639 2.4586
v 0.3909 6.0669 2.4118
v 0.4189 6.0514 2.4191
v 0.3736 6.1130 2.1669
v 0.3235 6.1295 2.1682
v 0.3238 6.1199 2.2136
v 0.4227 6.0928 2.1660
v 0.4274 6.1045 2.1235
v 0.3764 6.1258 2.1245
v 0.4320 6.1224 2.0853
v 0.2744 6.1304 2.2157
v 0.2755 6.1194 2.2618
v 0.2247 6.1231 2.2630
v 0.2244 6.1110 2.3071
v 0.4744 5.6174 1.5135
v 0.5880 5.6778 1.5858
v 0.6222 5.6975 1.5862
v 0.6055 5.7091 1.6502
v 0.6536 5.7244 1.5925
v 0.6299 5.7316 1.6534
v 0.6081 5.7385 1.7136
v 0.6520 5.7603 1.6588
v 0.6256 5.7630 1.7165
v 0.6062 5.7649 1.7741
v 0.6406 5.7955 1.7201
v 0.6194 5.7930 1.7761
v 0.6091 5.7896 1.8336
v 0.6296 5.8291 1.7780
v 0.6194 5.8228 1.8342
v 0.6168 5.8186 1.8916
v 0.6270 5.8665 1.8332
v 0.6271 5.8622 1.8885
v 0.6288 5.9175 1.8301
v 0.6300 5.9156 1.8796
v 0.6347 5.9218 1.7812
v 0.6349 5.8734 1.7796
v 0.5080 5.5904 1.3558
v 0.4298 5.5662 1.2899
v 0.7758 4.3863 0.5381
v 0.8146 4.3934 0.4876
v 0.7006 4.3743 0.5909
v 0.6174 4.3638 0.6354
v 0.5519 4.3553 0.6684
v 0.8248 4.4011 0.4370
v 0.8122 4.4119 0.3837
v 0.7727 4.4248 0.3263
v 0.5643 4.4655 0.1543
v 0.4806 4.4797 0.1037
v 0.6526 4.4522 0.2195
v 0.7218 4.4383 0.2752
v 0.3940 4.4909 0.0623
v 0.3159 4.4960 0.0378
v 0.2396 4.4985 0.0236
v 0.5038 4.3494 0.7007
v 0.4718 4.3447 0.7348
v 0.4323 4.3433 0.7852
v 0.3013 4.3432 0.8834
v 0.3703 4.3468 0.8449
v 0.2344 4.3397 0.9020
v 1.0837 5.3925 0.6749
v 0.9882 5.2048 0.6304
v 0.8913 5.5073 0.2874
v 0.9545 5.7971 0.4038
v 0.2635 5.1215 0.8861
v 0.2701 5.2940 0.9114
v 0.7205 5.3608 0.7358
v 0.6714 5.1740 0.6874
v 0.8265 5.1872 0.6680
v 0.9051 5.3756 0.7058
v 1.2363 5.2480 0.5426
v 1.2943 5.4416 0.6078
v 1.2050 5.3999 0.6552
v 1.1115 5.2125 0.5996
v 1.1926 5.2246 0.5752
v 1.2669 5.4128 0.6341
v 0.7543 5.8139 0.3629
v 0.7374 5.5399 0.2499
v 0.5756 5.1589 0.7073
v 0.6034 5.3340 0.7481
v 0.5172 5.1445 0.7329
v 0.5332 5.3171 0.7638
v 0.3587 5.5798 0.2354
v 0.3531 5.8237 0.3703
v 0.3775 5.2968 0.8629
v 0.3688 5.1257 0.8440
v 0.4560 5.1330 0.7789
v 0.4700 5.3040 0.8016
v 0.2585 5.8228 0.3718
v 0.2621 5.5828 0.2352
v 0.5988 5.8233 0.3541
v 0.5967 5.5593 0.2291
v 0.4633 5.5741 0.2303
v 0.4565 5.8258 0.3630
v 1.2950 5.4832 0.5763
v 1.2426 5.2840 0.5020
v 1.2110 5.3344 0.4559
v 1.2694 5.5444 0.5422
v 1.1966 5.6429 0.4941
v 1.1284 5.4063 0.3950
v 1.0247 5.4606 0.3503
v 1.0953 5.7237 0.4570
v 0.5233 4.7507 0.0935
v 0.5571 5.0228 0.1046
v 0.6728 4.9987 0.1428
v 0.6255 4.7294 0.1398
v 0.8210 4.6042 0.5588
v 0.9185 4.8181 0.5463
v 0.8002 4.8051 0.5926
v 0.7082 4.5876 0.6081
v 0.2481 4.7883 0.0272
v 0.2546 5.0660 0.0610
v 0.3460 5.0583 0.0688
v 0.3326 4.7814 0.0384
v 0.7948 4.9732 0.1939
v 0.7332 4.7065 0.1969
v 0.5448 4.5681 0.6692
v 0.5844 4.7791 0.6562
v 0.5225 4.7689 0.6874
v 0.4982 4.5615 0.7040
v 0.2410 4.5474 0.8786
v 0.2472 4.7493 0.8671
v 0.9023 4.9459 0.2510
v 0.8216 4.6894 0.2524
v 0.4754 4.7612 0.7250
v 0.4577 4.5574 0.7454
v 0.9836 4.9245 0.2919
v 0.8834 4.6756 0.2992
v 0.9011 4.6138 0.5169
v 0.9964 4.8258 0.5108
v 0.4424 5.0454 0.0794
v 0.4212 4.7700 0.0575
v 0.3182 4.5526 0.8570
v 0.3337 4.7540 0.8405
v 0.9507 4.6315 0.4278
v 1.0618 4.8521 0.4221
v 1.0456 4.8349 0.4712
v 0.9403 4.6210 0.4767
v 0.3995 4.5562 0.8039
v 0.4177 4.7572 0.7787
v 0.6160 4.5761 0.6392
v 0.6730 4.7898 0.6318
v 1.0467 4.8825 0.3645
v 0.9352 4.6505 0.3696
v 0.5390 4.1100 0.7130
v 0.5760 4.1112 0.6794
v 0.2355 4.0967 0.9295
v 0.3047 4.0992 0.9137
v 0.6585 4.1312 0.5638
v 0.6732 4.1430 0.4982
v 0.3750 4.1049 0.8784
v 0.6207 4.1178 0.6292
v 0.5105 4.1098 0.7419
v 0.4823 4.1098 0.7785
v 0.3669 4.1659 0.1114
v 0.3000 4.1611 0.0911
v 0.2312 4.1570 0.0791
v 0.4386 4.1096 0.8266
v 0.6686 4.1523 0.4364
v 0.6516 4.1611 0.3767
v 0.4952 4.1636 0.1820
v 0.4340 4.1671 0.1431
v 0.5408 4.1871 0.2177
v 0.6240 4.1700 0.3196
v 0.5867 4.1787 0.2662
v 0.5837 3.9477 0.3485
v 0.6080 3.9439 0.4044
v 0.6097 3.9296 0.6422
v 0.5150 3.9212 0.8021
v 0.3511 3.9623 0.1442
v 0.2894 3.9638 0.1243
v 0.5509 3.9512 0.2962
v 0.2253 3.9647 0.1126
v 0.4159 3.9173 0.8829
v 0.4686 3.9191 0.8457
v 0.5545 3.9237 0.7530
v 0.5863 3.9265 0.6993
v 0.2325 3.9143 0.9483
v 0.6239 3.9329 0.5831
v 0.4093 3.9602 0.1720
v 0.2966 3.9149 0.9347
v 0.3582 3.9159 0.9128
v 0.6284 3.9364 0.5229
v 0.6230 3.9401 0.4628
v 0.5103 3.9546 0.2489
v 0.4627 3.9577 0.2073
v 0.0761 6.0723 2.4911
v -0.2464 5.6324 1.4491
v -0.2304 6.1073 1.8159
v -0.2643 6.0515 1.8208
v -0.3028 5.9234 1.9960
v -0.3889 6.0082 1.5938
v -0.3712 6.2147 1.5508
v -0.2461 6.1882 1.7058
v -0.2055 6.1237 1.7411
v -0.2665 6.0982 1.6710
v 0.0648 6.0768 2.4654
v 0.1105 6.0779 2.4670
v 0.1102 6.0713 2.5015
v 0.0598 6.0689 2.5079
v 0.0318 6.0734 2.4768
v 0.1063 6.0656 2.5299
v -0.2674 5.6263 1.3829
v -0.3358 5.6615 1.3995
v -0.3213 5.6694 1.4587
v -0.3091 5.6839 1.5211
v -0.2620 5.6597 1.5194
v -0.2173 5.6459 1.5336
v -0.1857 5.6209 1.4854
v -0.2425 6.1094 1.8359
v -0.2358 6.0804 1.7988
v -0.2176 6.1276 1.8094
v -0.2302 6.1461 1.8327
v -0.2165 6.1031 1.7841
v -0.2746 6.0249 1.7786
v -0.2462 6.0557 1.7690
v -0.2944 5.9804 1.8254
v -0.3006 5.9734 1.7820
v -0.2521 6.1165 1.8622
v -0.2726 6.0555 1.8591
v -0.2941 5.9836 1.8648
v -0.2932 5.8578 2.0070
v -0.3000 5.8601 1.9448
v -0.3065 5.9165 1.9304
v -0.2942 5.9890 1.9057
v -0.2910 6.0005 1.9450
v -0.2817 5.8996 2.0839
v -0.2733 5.8547 2.0820
v -0.2881 5.9711 2.0244
v -0.2755 5.9416 2.0917
v -0.2791 6.0245 1.9757
v -0.4038 5.9319 1.5787
v -0.4265 5.9446 1.5344
v -0.4115 6.0217 1.5437
v -0.3934 6.1105 1.5526
v -0.3815 6.1013 1.5879
v -0.3674 6.1050 1.6130
v -0.3671 6.0429 1.6279
v -0.3525 6.0046 1.6608
v -0.3685 5.9649 1.6414
v -0.3793 5.9131 1.6261
v -0.3472 6.2767 1.6180
v -0.3491 6.2542 1.6279
v -0.3695 6.1911 1.5780
v -0.3458 6.2860 1.5498
v -0.3275 6.3113 1.6127
v -0.4047 6.1203 1.5178
v -0.3963 6.2097 1.4841
v -0.3665 6.2799 1.4922
v -0.4267 6.1278 1.4653
v -0.2320 6.1925 1.7237
v -0.2206 6.1655 1.7109
v -0.2423 6.1686 1.6932
v -0.2720 6.1772 1.6814
v -0.2640 6.2008 1.7044
v -0.2487 6.2125 1.7327
v -0.2107 6.1067 1.7465
v -0.2175 6.1019 1.7238
v -0.2093 6.1263 1.7240
v -0.2066 6.1577 1.7338
v -0.2001 6.1443 1.7546
v -0.2038 6.1249 1.7709
v -0.3004 6.0833 1.6620
v -0.3055 6.1149 1.6525
v -0.2683 6.1179 1.6685
v -0.2559 6.0891 1.6844
v -0.2898 6.0630 1.6824
v -0.2434 6.1126 1.6828
v 0.0430 5.8284 2.4501
v 0.0893 5.8483 2.4615
v 0.1323 5.8667 2.4694
v 0.0911 5.8378 2.4763
v 0.1330 5.8567 2.4837
v 0.1334 5.8509 2.4983
v 0.0475 6.3647 1.6461
v 0.0424 6.3765 1.5977
v 0.0374 6.3855 1.5494
v 0.0324 6.3909 1.5010
v -0.0399 6.3783 1.6040
v -0.0466 6.3866 1.5525
v -0.0544 6.3924 1.5007
v -0.0624 6.3956 1.4498
v 0.0285 6.3929 1.4539
v -0.1243 6.3868 1.5556
v -0.1348 6.3936 1.5013
v -0.1476 6.3998 1.4475
v -0.1589 6.4019 1.3955
v -0.0683 6.3950 1.4010
v -0.2079 6.3900 1.5032
v -0.2263 6.3983 1.4475
v -0.2446 6.4016 1.3915
v -0.2544 6.3978 1.3368
v -0.1647 6.3975 1.3452
v -0.2940 6.3818 1.4481
v -0.3177 6.3843 1.3892
v -0.3314 6.3808 1.3281
v -0.3290 6.3704 1.2661
v -0.2519 6.3886 1.2816
v -0.3746 6.3458 1.3853
v -0.3901 6.3421 1.3212
v -0.3939 6.3341 1.2533
v -0.3925 6.3284 1.1790
v -0.3150 6.3576 1.2017
v -0.4370 6.2857 1.3143
v -0.4552 6.2830 1.2426
v -0.4673 6.2837 1.1633
v -0.4758 6.2800 1.0917
v -0.3892 6.3199 1.1102
v -0.5119 6.2168 1.2349
v -0.5341 6.2192 1.1592
v -0.5540 6.2163 1.0904
v -0.5749 6.2023 1.0316
v -0.4864 6.2668 1.0311
v -0.5888 6.1411 1.1629
v -0.6175 6.1360 1.0996
v -0.6464 6.1207 1.0415
v -0.6876 6.0939 0.9903
v -0.6065 6.1757 0.9807
v -0.6659 6.0632 1.1011
v -0.6992 6.0525 1.0420
v -0.7434 6.0356 0.9842
v -0.8008 6.0067 0.9182
v -0.7481 6.0595 0.9277
v -0.7289 5.9987 1.0329
v -0.7722 5.9872 0.9773
v -0.8230 5.9646 0.9145
v -0.8799 5.9103 0.8379
v -0.8692 5.9550 0.8400
v -0.7750 5.9455 0.9724
v -0.8213 5.9325 0.9153
v -0.8746 5.8834 0.8439
v -0.9019 5.7613 0.7640
v -0.9194 5.7899 0.7516
v -0.7997 5.9070 0.9207
v -0.8427 5.8723 0.8540
v -0.8632 5.7475 0.7829
v -0.7792 5.8504 0.8734
v -0.7828 5.7427 0.8067
v -0.7546 5.0297 0.5302
v -0.7998 5.0474 0.4919
v -0.6170 5.6866 0.8202
v -0.6802 5.0193 0.5607
v -0.5723 5.0084 0.5821
v -0.4154 4.9955 0.6292
v -0.8126 5.0731 0.4430
v -0.7926 5.1147 0.3783
v -0.7233 5.1701 0.3166
v -0.3818 5.2683 0.1708
v -0.2540 5.2923 0.1420
v -0.5179 5.2363 0.2013
v -0.6353 5.2038 0.2662
v -0.1293 5.3139 0.1297
v -0.0273 5.3259 0.1253
v 0.0677 5.3329 0.1217
v -0.9158 5.8337 0.7404
v -0.8943 5.8993 0.7296
v -0.8268 6.0127 0.8457
v -0.8253 5.9853 0.7242
v -0.7476 6.0660 0.8521
v -0.6623 6.1295 0.9334
v -0.6287 6.1451 0.8615
v -0.5544 6.2100 0.9219
v -0.5072 6.2480 0.9767
v -0.4275 6.2570 0.9214
v -0.4009 6.2817 0.9876
v -0.3887 6.3021 1.0491
v -0.2940 6.3033 1.0049
v -0.2925 6.3264 1.0743
v -0.3010 6.3443 1.1369
v -0.2062 6.3458 1.0962
v -0.2199 6.3614 1.1633
v -0.2378 6.3757 1.2244
v -0.1360 6.3696 1.1802
v -0.1514 6.3788 1.2416
v -0.1623 6.3886 1.2954
v -0.0591 6.3756 1.2503
v -0.0678 6.3827 1.3055
v -0.0707 6.3904 1.3543
v 0.0288 6.3795 1.3110
v 0.0257 6.3857 1.3619
v 0.0261 6.3908 1.4079
v 0.0358 6.3734 1.2529
v 0.0449 6.3686 1.1911
v 0.0547 6.3624 1.1213
v -0.0461 6.3695 1.1873
v -0.0330 6.3614 1.1190
v -0.0229 6.3458 1.0392
v 0.0623 6.3490 1.0430
v -0.1220 6.3579 1.1114
v -0.1124 6.3389 1.0324
v -0.1096 6.3168 0.9449
v -0.0171 6.3250 0.9507
v -0.2016 6.3261 1.0205
v -0.2045 6.3040 0.9371
v -0.2172 6.2528 0.8261
v -0.1064 6.2684 0.8387
v -0.3144 6.2761 0.9273
v -0.3433 6.2342 0.8278
v -0.3946 6.1641 0.7074
v -0.2459 6.1826 0.7037
v -0.4778 6.2157 0.8407
v -0.5791 6.1286 0.7503
v -0.7197 6.0542 0.7343
v -0.2979 4.9820 0.6589
v -0.2195 4.9700 0.6815
v -0.1676 4.9590 0.7159
v -0.1126 6.1928 0.7097
v -0.0136 6.1955 0.7133
v -0.0146 6.2752 0.8400
v 0.0742 6.1968 0.7097
v 0.0729 6.2794 0.8389
v 0.0673 6.3298 0.9531
v -0.0234 4.9443 0.8288
v -0.1093 4.9502 0.7654
v 0.0720 4.9398 0.8648
v 0.0629 5.4242 0.9088
v -0.1468 5.4455 0.8328
v -0.0441 5.4328 0.8799
v -0.0485 5.7711 2.3544
v -0.0269 5.7909 2.3981
v 0.0034 5.8087 2.4298
v -0.0313 5.7798 2.4103
v 0.0008 5.7979 2.4459
v 0.0431 5.8162 2.4659
v -0.0030 5.7891 2.4608
v 0.0418 5.8066 2.4822
v 0.0919 5.8299 2.4919
v 0.0398 5.8022 2.4989
v 0.0917 5.8274 2.5082
v 0.1332 5.8496 2.5133
v 0.0889 5.8308 2.5242
v 0.1314 5.8543 2.5293
v 0.1290 5.8614 2.5450
v 0.0624 6.3121 1.7890
v 0.0580 6.3319 1.7420
v 0.0530 6.3502 1.6942
v -0.0177 6.3433 1.7563
v -0.0257 6.3569 1.7054
v -0.0333 6.3685 1.6548
v -0.0988 6.3608 1.7153
v -0.1089 6.3707 1.6615
v -0.1167 6.3791 1.6092
v -0.1763 6.3659 1.6656
v -0.1877 6.3738 1.6127
v -0.1957 6.3817 1.5583
v -0.2468 6.3580 1.6115
v -0.2598 6.3639 1.5568
v -0.2731 6.3738 1.5037
v -0.3095 6.3300 1.5520
v -0.3276 6.3362 1.4986
v -0.3508 6.3437 1.4448
v -0.3931 6.2851 1.4367
v -0.4179 6.2881 1.3778
v -0.4254 6.2146 1.4250
v -0.4539 6.2185 1.3667
v -0.4860 6.2179 1.3048
v -0.4924 6.1428 1.3549
v -0.5322 6.1441 1.2943
v -0.5603 6.1417 1.2302
v -0.5693 6.0696 1.2829
v -0.6024 6.0704 1.2205
v -0.6337 6.0684 1.1600
v -0.6325 6.0027 1.2074
v -0.6656 6.0051 1.1477
v -0.6973 6.0046 1.0907
v -0.6768 5.9455 1.1329
v -0.7044 5.9500 1.0776
v -0.7326 5.9504 1.0242
v -0.6858 5.8974 1.0623
v -0.7123 5.9049 1.0138
v -0.7534 5.9085 0.9705
v -0.6539 5.8572 1.0020
v -0.6965 5.8703 0.9665
v -0.7490 5.8784 0.9292
v -0.5845 5.8079 0.9640
v -0.6195 5.8036 0.9233
v -0.6313 5.7638 0.8725
v -0.4825 5.7416 0.9283
v -0.4747 5.6991 0.8834
v -0.4946 5.6422 0.8396
v -0.3473 5.6498 0.8925
v -0.3409 5.5925 0.8518
v -0.2311 5.5612 0.8508
v -0.2246 5.4656 0.8069
v -0.3107 5.4933 0.8005
v -0.4484 5.5276 0.7893
v 0.0984 5.5241 1.3727
v 0.1031 5.5291 1.4070
v 0.1066 5.5346 1.4300
v 0.0231 5.5409 1.4126
v 0.0321 5.5463 1.4375
v 0.0395 5.5516 1.4561
v 0.1094 5.5401 1.4485
v 0.0463 5.5571 1.4717
v 0.1121 5.5459 1.4638
v 0.0525 5.5630 1.4861
v 0.1147 5.5524 1.4778
v 0.0582 5.5707 1.4991
v 0.1171 5.5612 1.4894
v 0.0639 5.5831 1.5065
v 0.1198 5.5735 1.4965
v 0.0696 5.5977 1.5099
v 0.1220 5.5874 1.5012
v 0.0755 5.6135 1.5120
v 0.1249 5.6029 1.5049
v -0.0987 5.7417 2.1775
v -0.0813 5.7464 2.2381
v -0.0650 5.7524 2.2998
v -0.0934 5.7365 2.2412
v -0.0730 5.7390 2.3042
v -0.0538 5.7569 2.3619
v -0.0842 5.7297 2.3082
v -0.0624 5.7468 2.3683
v -0.0372 5.7698 2.4220
v -0.0729 5.7425 2.3737
v -0.0450 5.7608 2.4324
v -0.0079 5.7823 2.4773
v -0.0553 5.7578 2.4432
v -0.0128 5.7790 2.4928
v 0.0368 5.8034 2.5154
v -0.0186 5.7815 2.5049
v 0.0316 5.8103 2.5310
v 0.0835 5.8388 2.5404
v 0.0241 5.8215 2.5425
v 0.0776 5.8492 2.5539
v 0.1258 5.8696 2.5611
v 0.0700 5.8623 2.5660
v 0.1205 5.8814 2.5784
v 0.1129 5.8963 2.5948
v 0.0784 6.2510 1.9276
v 0.0723 6.2726 1.8828
v 0.0671 6.2926 1.8366
v 0.0068 6.2864 1.9035
v -0.0015 6.3088 1.8577
v -0.0096 6.3275 1.8075
v -0.0642 6.3131 1.8788
v -0.0755 6.3342 1.8254
v -0.0869 6.3494 1.7706
v -0.1247 6.3314 1.8384
v -0.1387 6.3473 1.7804
v -0.1575 6.3573 1.7220
v -0.1719 6.3413 1.7869
v -0.1959 6.3502 1.7279
v -0.2266 6.3551 1.6687
v -0.2233 6.3426 1.7331
v -0.2616 6.3428 1.6738
v -0.2918 6.3359 1.6111
v -0.2893 6.3290 1.6790
v -0.2461 6.3330 1.7386
v -0.2625 6.3199 1.7426
v -0.3070 6.3125 1.6846
v -0.2730 6.3039 1.7447
v -0.3141 6.2932 1.6899
v -0.2779 6.2861 1.7450
v -0.3139 6.2749 1.6940
v -0.3451 6.2361 1.6397
v -0.3636 6.1753 1.6020
v -0.3090 6.2569 1.6974
v -0.3363 6.2215 1.6517
v -0.3528 6.1661 1.6225
v -0.3212 6.2059 1.6638
v -0.3316 6.1579 1.6418
v -0.3389 6.1100 1.6373
v -0.3049 6.1517 1.6558
v -0.3355 6.0663 1.6501
v -0.3230 6.0376 1.6757
v -0.2755 6.0502 1.7068
v -0.3055 6.0216 1.7060
v -0.3326 5.9847 1.6990
v -0.2877 6.0151 1.7405
v -0.3132 5.9752 1.7398
v -0.3230 5.9289 1.7333
v -0.3458 5.9418 1.6873
v -0.3264 5.8822 1.7279
v -0.3527 5.8949 1.6772
v -0.3236 5.8360 1.7237
v -0.3526 5.8445 1.6702
v -0.3820 5.8554 1.6169
v -0.4093 5.8653 1.5671
v -0.3427 5.7981 1.6650
v -0.3727 5.8024 1.6100
v -0.4013 5.8056 1.5561
v -0.4280 5.8080 1.5038
v -0.4346 5.8735 1.5204
v -0.3531 5.7591 1.6014
v -0.3805 5.7567 1.5441
v -0.4061 5.7525 1.4877
v -0.4298 5.7518 1.4315
v -0.4531 5.8123 1.4513
v -0.3494 5.7159 1.5313
v -0.3702 5.7069 1.4723
v -0.3901 5.7021 1.4141
v -0.4117 5.7054 1.3549
v -0.4551 5.7577 1.3746
v -0.3525 5.6629 1.3391
v -0.3702 5.6731 1.2805
v -0.4372 5.7174 1.2963
v -0.2809 5.6282 1.3240
v -0.2927 5.6363 1.2666
v -0.3039 5.6484 1.2123
v -0.3922 5.6863 1.2249
v -0.1949 5.5959 1.3049
v -0.2042 5.6042 1.2522
v -0.2122 5.6163 1.2006
v -0.2202 5.6306 1.1543
v -0.3161 5.6628 1.1637
v -0.1110 5.5747 1.2402
v -0.1167 5.5866 1.1916
v -0.1226 5.6007 1.1477
v -0.1286 5.6159 1.1072
v -0.2266 5.6455 1.1118
v -0.0197 5.5617 1.1850
v -0.0242 5.5764 1.1419
v -0.0283 5.5927 1.1036
v -0.0313 5.6081 1.0687
v -0.1337 5.6312 1.0685
v 0.0742 5.5608 1.1381
v 0.0701 5.5783 1.1005
v 0.0674 5.5943 1.0670
v 0.0658 5.6051 1.0361
v -0.0336 5.6193 1.0364
v 0.0649 5.6091 1.0079
v 0.0749 6.0367 0.5251
v -0.0135 6.0397 0.5231
v -0.1140 6.0449 0.5222
v -0.7407 5.9373 0.5629
v -0.5914 6.0186 0.5387
v -0.2552 6.0433 0.5141
v -0.4127 6.0368 0.5246
v 0.0638 5.5495 0.9374
v 0.0640 5.5880 0.9595
v 0.0646 5.6035 0.9820
v -0.0401 5.6028 0.9511
v -0.0378 5.6182 0.9769
v -0.0359 5.6236 1.0058
v -0.1432 5.6409 0.9647
v -0.1407 5.6463 0.9976
v -0.1376 5.6422 1.0320
v -0.2319 5.6737 0.9972
v -0.2314 5.6694 1.0336
v -0.2297 5.6596 1.0726
v -0.3376 5.7029 1.0410
v -0.3342 5.6909 1.0792
v -0.3277 5.6769 1.1201
v -0.4450 5.7311 1.0818
v -0.4350 5.7165 1.1253
v -0.4161 5.7014 1.1726
v -0.5332 5.7635 1.1320
v -0.5062 5.7482 1.1844
v -0.4710 5.7324 1.2395
v -0.5721 5.8019 1.2029
v -0.5295 5.7860 1.2598
v -0.4881 5.7706 1.3172
v -0.5613 5.8474 1.2852
v -0.5162 5.8329 1.3419
v -0.4801 5.8200 1.3974
v -0.5210 5.9025 1.3666
v -0.4845 5.8900 1.4198
v -0.4587 5.8807 1.4710
v -0.4729 5.9650 1.4379
v -0.4488 5.9543 1.4871
v -0.4522 6.0445 1.4509
v -0.4304 6.0332 1.4997
v -0.4834 6.0559 1.3995
v -0.4541 6.1364 1.4113
v -0.5078 5.9773 1.3866
v -0.5537 5.9890 1.3312
v -0.5276 6.0651 1.3442
v -0.5671 5.9158 1.3110
v -0.6109 5.9277 1.2509
v -0.5967 5.9974 1.2693
v -0.6057 5.8620 1.2272
v -0.6387 5.8762 1.1700
v -0.6461 5.9379 1.1906
v -0.6039 5.8175 1.1483
v -0.6237 5.8317 1.0962
v -0.6652 5.8880 1.1151
v -0.5461 5.7782 1.0845
v -0.5516 5.7914 1.0409
v -0.6365 5.8446 1.0456
v -0.4499 5.7437 1.0417
v -0.4536 5.7514 1.0038
v -0.5574 5.8013 1.0009
v -0.3411 5.7091 1.0039
v -0.3454 5.7064 0.9681
v -0.4619 5.7518 0.9666
v -0.2327 5.6691 0.9631
v -0.2346 5.6521 0.9290
v -0.3492 5.6914 0.9320
v -0.1462 5.6249 0.9337
v -0.1439 5.5863 0.9001
v -0.2295 5.6105 0.8897
v -0.0387 5.5640 0.9248
v -0.0434 5.5247 0.9041
v -0.1573 5.5422 0.8688
v 0.0651 5.5091 0.9223
v -0.8685 5.8587 0.6068
v -0.9359 5.7475 0.6391
v -0.9626 5.6781 0.6594
v -0.6154 5.5403 0.7581
v -0.7744 5.5669 0.7364
v -0.8786 5.5789 0.7188
v -0.9627 5.6291 0.6814
v -0.9369 5.5966 0.6995
v 0.0792 5.5452 1.1813
v 0.0839 5.5342 1.2290
v -0.0148 5.5500 1.2323
v -0.0080 5.5423 1.2818
v 0.0883 5.5272 1.2788
v 0.0010 5.5368 1.3307
v 0.0933 5.5229 1.3283
v 0.0118 5.5363 1.3760
v -0.0905 5.5600 1.3388
v -0.0736 5.5582 1.3855
v -0.0537 5.5611 1.4253
v -0.1586 5.5893 1.4065
v -0.1250 5.5888 1.4476
v -0.0989 5.5912 1.4769
v -0.0377 5.5657 1.4519
v -0.0786 5.5939 1.4978
v -0.0236 5.5707 1.4724
v -0.0616 5.5972 1.5138
v -0.0121 5.5754 1.4881
v -0.0461 5.6023 1.5269
v -0.0016 5.5809 1.5021
v -0.0321 5.6105 1.5366
v 0.0083 5.5886 1.5133
v -0.0195 5.6216 1.5436
v 0.0175 5.6005 1.5199
v -0.0073 5.6348 1.5492
v 0.0262 5.6146 1.5239
v -0.1541 5.7101 1.9506
v -0.1472 5.7139 2.0094
v -0.1345 5.7211 2.0680
v -0.1617 5.7053 2.0099
v -0.1487 5.7123 2.0695
v -0.1307 5.7215 2.1265
v -0.1179 5.7315 2.1237
v -0.1102 5.7306 2.1810
v -0.1455 5.7157 2.1295
v -0.1246 5.7250 2.1851
v -0.1071 5.7297 2.2447
v -0.1399 5.7229 2.1891
v -0.1221 5.7264 2.2480
v -0.0976 5.7255 2.3117
v -0.1369 5.7275 2.2509
v -0.1115 5.7261 2.3146
v -0.0863 5.7417 2.3792
v -0.1255 5.7305 2.3167
v -0.0985 5.7435 2.3835
v -0.0652 5.7579 2.4528
v -0.1114 5.7494 2.3871
v -0.0751 5.7626 2.4611
v -0.0264 5.7891 2.5176
v -0.0863 5.7737 2.4670
v -0.0353 5.7991 2.5285
v 0.0154 5.8351 2.5510
v -0.0453 5.8150 2.5347
v 0.0060 5.8507 2.5573
v 0.0603 5.8781 2.5762
v -0.0035 5.8685 2.5579
v 0.0478 5.8954 2.5844
v 0.1050 5.9140 2.6077
v 0.0341 5.9144 2.5900
v 0.0978 5.9332 2.6160
v 0.0908 5.9528 2.6222
v 0.1000 6.1857 2.0762
v 0.0948 6.2047 2.0265
v 0.0868 6.2271 1.9756
v 0.0444 6.1969 2.0332
v 0.0336 6.2260 1.9896
v 0.0187 6.2588 1.9465
v -0.0171 6.2179 2.0066
v -0.0344 6.2529 1.9689
v -0.0517 6.2851 1.9276
v -0.0820 6.2354 1.9877
v -0.0998 6.2730 1.9468
v -0.1129 6.3073 1.8954
v -0.1372 6.2585 1.9557
v -0.1477 6.2981 1.9049
v -0.1579 6.3252 1.8466
v -0.1743 6.2884 1.9081
v -0.1828 6.3179 1.8511
v -0.1965 6.3345 1.7919
v -0.2032 6.3086 1.8529
v -0.2179 6.3259 1.7962
v -0.2198 6.2968 1.8518
v -0.2353 6.3145 1.7988
v -0.2326 6.2823 1.8476
v -0.2471 6.2991 1.7983
v -0.2401 6.2655 1.8406
v -0.2531 6.2824 1.7952
v -0.2437 6.2496 1.8317
v -0.2552 6.2655 1.7901
v -0.2772 6.2688 1.7444
v -0.2534 6.2481 1.7836
v -0.2723 6.2511 1.7424
v -0.2998 6.2386 1.7003
v -0.2625 6.2309 1.7381
v -0.2835 6.2176 1.7032
v -0.2980 6.1892 1.6733
v -0.2716 6.1465 1.6696
v -0.2400 6.1399 1.6845
v -0.2198 6.1333 1.7025
v -0.2267 6.1054 1.7003
v -0.2348 6.0763 1.7288
v -0.2458 6.0792 1.7039
v -0.2600 6.0474 1.7361
v -0.2228 6.0827 1.7569
v -0.2457 6.2293 1.7750
v -0.2328 6.2114 1.7649
v -0.2371 6.2157 1.8088
v -0.2230 6.1980 1.7945
v -0.2077 6.1748 1.7762
v -0.2169 6.1886 1.7503
v -0.2235 6.1747 1.8177
v -0.2068 6.1528 1.7970
v -0.2352 6.1924 1.8352
v -0.2396 6.1605 1.8546
v -0.2402 6.2083 1.8517
v -0.2425 6.1731 1.8752
v -0.2553 6.1237 1.8886
v -0.2405 6.1839 1.8920
v -0.2510 6.1324 1.9111
v -0.2712 6.0687 1.9226
v -0.2751 6.0599 1.8912
v -0.2424 6.1440 1.9309
v -0.2598 6.0837 1.9499
v -0.2308 6.1569 1.9505
v -0.2429 6.1010 1.9735
v -0.2582 6.0500 2.0032
v -0.2224 6.1190 1.9937
v -0.2303 6.0740 2.0245
v -0.2336 6.0405 2.0633
v -0.2654 6.0077 2.0451
v -0.2288 6.0173 2.1089
v -0.2582 5.9807 2.0996
v -0.2178 6.0044 2.1641
v -0.2399 5.9701 2.1636
v -0.2519 5.9332 2.1617
v -0.2192 5.9673 2.2278
v -0.2262 5.9295 2.2270
v -0.2245 5.8896 2.2210
v -0.2530 5.8943 2.1571
v -0.2170 5.8512 2.2117
v -0.2442 5.8545 2.1504
v -0.2098 5.8199 2.2052
v -0.2327 5.8196 2.1445
v -0.2600 5.8163 2.0799
v -0.2793 5.8153 2.0116
v -0.2248 5.7929 2.1417
v -0.2493 5.7874 2.0785
v -0.2674 5.7839 2.0129
v -0.2758 5.7839 1.9504
v -0.2874 5.8167 1.9491
v -0.2408 5.7662 2.0780
v -0.2571 5.7614 2.0133
v -0.2655 5.7605 1.9507
v -0.2687 5.7618 1.8909
v -0.2792 5.7863 1.8917
v -0.2469 5.7437 2.0132
v -0.2546 5.7412 1.9505
v -0.2569 5.7416 1.8900
v -0.2583 5.7439 1.8312
v -0.2707 5.7642 1.8323
v -0.2425 5.7255 1.9503
v -0.2439 5.7252 1.8894
v -0.2442 5.7276 1.8302
v -0.2498 5.7268 1.7717
v -0.2650 5.7438 1.7726
v -0.2301 5.7132 1.8892
v -0.2294 5.7149 1.8296
v -0.2334 5.7137 1.7712
v -0.2427 5.7061 1.7120
v -0.2622 5.7199 1.7120
v -0.2149 5.7061 1.8299
v -0.2164 5.7041 1.7717
v -0.2221 5.6969 1.7132
v -0.2282 5.6835 1.6533
v -0.2534 5.6932 1.6502
v -0.1997 5.6987 1.7736
v -0.2017 5.6918 1.7161
v -0.2016 5.6782 1.6594
v -0.1957 5.6599 1.6049
v -0.2285 5.6663 1.5932
v -0.1815 5.6900 1.7204
v -0.1777 5.6765 1.6671
v -0.1679 5.6585 1.6171
v -0.1500 5.6377 1.5729
v -0.1787 5.6393 1.5559
v -0.1547 5.6772 1.6751
v -0.1430 5.6605 1.6289
v -0.1255 5.6398 1.5868
v -0.0996 5.6178 1.5482
v -0.1215 5.6166 1.5322
v -0.1204 5.6649 1.6392
v -0.1035 5.6452 1.5982
v -0.0800 5.6227 1.5608
v -0.0837 5.6532 1.6070
v -0.0622 5.6313 1.5702
v -0.0459 5.6420 1.5775
v -0.1479 5.7038 1.7823
v -0.1509 5.7059 1.8362
v -0.1545 5.7083 1.8929
v -0.1669 5.6996 1.8339
v -0.1694 5.7013 1.8917
v -0.1684 5.7019 1.9502
v -0.1851 5.6972 1.8906
v -0.1845 5.6969 1.9499
v -0.1774 5.7001 2.0108
v -0.2006 5.6978 1.9500
v -0.1934 5.7007 2.0117
v -0.1803 5.7065 2.0730
v -0.1639 5.7067 2.0713
v -0.1612 5.7139 2.1327
v -0.1958 5.7116 2.0743
v -0.1769 5.7180 2.1352
v -0.1556 5.7254 2.1925
v -0.1907 5.7266 2.1372
v -0.1699 5.7331 2.1948
v -0.1513 5.7333 2.2534
v -0.1819 5.7448 2.1965
v -0.1636 5.7437 2.2550
v -0.1390 5.7388 2.3180
v -0.1735 5.7585 2.2562
v -0.1501 5.7525 2.3186
v -0.1234 5.7593 2.3898
v -0.1580 5.7692 2.3191
v -0.1328 5.7747 2.3910
v -0.0949 5.7886 2.4699
v -0.1397 5.7924 2.3912
v -0.1026 5.8042 2.4703
v -0.0542 5.8336 2.5335
v -0.1096 5.8226 2.4680
v -0.0621 5.8529 2.5267
v -0.0154 5.8878 2.5574
v -0.0701 5.8735 2.5153
v -0.0297 5.9092 2.5547
v 0.0214 5.9357 2.5931
v -0.0453 5.9329 2.5498
v 0.0095 5.9591 2.5919
v 0.0856 5.9732 2.6235
v 0.0042 5.9810 2.5873
v 0.0832 5.9915 2.6219
v 0.0833 6.0082 2.6177
v 0.1025 6.1371 2.2179
v 0.1025 6.1533 2.1722
v 0.1020 6.1693 2.1250
v 0.0531 6.1435 2.1701
v 0.0525 6.1579 2.1246
v 0.0501 6.1754 2.0791
v 0.0022 6.1436 2.1247
v -0.0007 6.1616 2.0829
v -0.0070 6.1859 2.0432
v -0.0531 6.1439 2.0857
v -0.0590 6.1694 2.0509
v -0.0680 6.2008 2.0197
v -0.1097 6.1474 2.0517
v -0.1162 6.1791 2.0229
v -0.1249 6.2160 1.9942
v -0.1594 6.1572 2.0186
v -0.1619 6.1989 1.9911
v -0.1667 6.2451 1.9555
v -0.1921 6.1843 1.9822
v -0.1900 6.2325 1.9490
v -0.1947 6.2776 1.9066
v -0.2102 6.2203 1.9391
v -0.2126 6.2642 1.9005
v -0.2260 6.2082 1.9267
v -0.2258 6.2506 1.8915
v -0.2350 6.1958 1.9101
v -0.2344 6.2370 1.8805
v -0.2390 6.2223 1.8663
v -0.2434 6.2333 1.8210
v -0.2146 6.1704 1.9683
v -0.1961 6.1370 2.0087
v -0.1566 6.1231 2.0475
v -0.1982 6.0977 2.0389
v -0.1531 6.0976 2.0821
v -0.1968 6.0696 2.0753
v -0.1479 6.0791 2.1212
v -0.1917 6.0494 2.1168
v -0.1419 6.0678 2.1653
v -0.1838 6.0378 2.1648
v -0.1355 6.0637 2.2127
v -0.1734 6.0351 2.2177
v -0.2018 6.0031 2.2241
v -0.1562 6.0348 2.2706
v -0.1798 6.0017 2.2792
v -0.1931 5.9623 2.2846
v -0.1591 5.9977 2.3298
v -0.1703 5.9559 2.3349
v -0.1723 5.9099 2.3338
v -0.1995 5.9203 2.2831
v -0.1698 5.8689 2.3293
v -0.1987 5.8797 2.2758
v -0.1689 5.8364 2.3255
v -0.1931 5.8453 2.2683
v -0.1668 5.8107 2.3220
v -0.1892 5.8177 2.2634
v -0.1633 5.7889 2.3197
v -0.1855 5.7950 2.2601
v -0.2042 5.7959 2.2017
v -0.1805 5.7756 2.2578
v -0.1988 5.7769 2.1996
v -0.2192 5.7729 2.1408
v -0.1914 5.7596 2.1980
v -0.2121 5.7547 2.1399
v -0.2321 5.7486 2.0775
v -0.2026 5.7391 2.1388
v -0.2219 5.7333 2.0767
v -0.2357 5.7286 2.0131
v -0.2098 5.7208 2.0755
v -0.2230 5.7162 2.0128
v -0.2296 5.7133 1.9502
v -0.2089 5.7067 2.0124
v -0.2157 5.7039 1.9502
v -0.2163 5.7046 1.8893
v -0.2012 5.6989 1.8897
v -0.1995 5.7001 1.8308
v -0.1833 5.6981 1.8321
v -0.1822 5.6965 1.7761
v -0.1648 5.6983 1.7790
v -0.1616 5.6910 1.7251
v -0.1420 5.6947 1.7306
v -0.1325 5.6810 1.6830
v -0.1445 5.8111 2.3912
v -0.1462 5.8341 2.3906
v -0.1140 5.8445 2.4619
v -0.1475 5.8642 2.3892
v -0.1181 5.8689 2.4539
v -0.0815 5.8976 2.5050
v -0.1257 5.9060 2.4442
v -0.0989 5.9284 2.4978
v -0.0563 5.9603 2.5439
v -0.1087 5.9670 2.4924
v -0.0584 5.9878 2.5396
v 0.0046 6.0014 2.5830
v -0.0526 6.0134 2.5343
v 0.0083 6.0210 2.5782
v 0.0852 6.0244 2.6101
v 0.0153 6.0393 2.5698
v 0.0885 6.0380 2.5992
v 0.0925 6.0481 2.5855
v 0.0971 6.0558 2.5686
v 0.1013 6.0612 2.5504
v 0.1084 6.0846 2.4301
v 0.1058 6.0919 2.3913
v 0.0573 6.0835 2.4301
v 0.0537 6.0910 2.3934
v 0.0514 6.1000 2.3518
v 0.1038 6.1006 2.3500
v 0.0136 6.0784 2.4399
v 0.0042 6.0850 2.3996
v 0.0011 6.0940 2.3556
v 0.0008 6.1038 2.3085
v 0.0507 6.1096 2.3076
v -0.0320 6.0774 2.4058
v -0.0389 6.0850 2.3585
v -0.0420 6.0940 2.3090
v -0.0441 6.1012 2.2596
v 0.0020 6.1124 2.2606
v -0.0733 6.0727 2.3616
v -0.0804 6.0790 2.3102
v -0.0876 6.0844 2.2595
v -0.0922 6.0873 2.2113
v -0.0451 6.1060 2.2120
v -0.1121 6.0572 2.3145
v -0.1252 6.0619 2.2630
v -0.1385 6.0312 2.3217
v -0.1025 6.0538 2.3672
v -0.1277 6.0290 2.3742
v -0.1468 5.9956 2.3817
v -0.1156 6.0286 2.4270
v -0.1329 5.9966 2.4348
v -0.1389 5.9528 2.4413
v -0.1551 5.9518 2.3874
v -0.1496 5.9039 2.3880
v -0.1018 6.0023 2.4850
v -0.0875 6.0296 2.4772
v -0.0420 6.0356 2.5262
v -0.0681 6.0497 2.4682
v -0.0284 6.0518 2.5154
v 0.0246 6.0528 2.5584
v -0.0110 6.0630 2.5035
v 0.0354 6.0610 2.5422
v 0.0090 6.0696 2.4903
v 0.0472 6.0656 2.5252
v -0.0174 6.0728 2.4494
v -0.0446 6.0639 2.4586
v -0.0638 6.0669 2.4118
v -0.0918 6.0514 2.4191
v -0.0465 6.1130 2.1669
v 0.0035 6.1295 2.1682
v 0.0033 6.1199 2.2136
v -0.0956 6.0928 2.1660
v -0.1004 6.1045 2.1235
v -0.0493 6.1258 2.1245
v -0.1050 6.1224 2.0853
v 0.0527 6.1304 2.2157
v 0.0515 6.1194 2.2618
v 0.1023 6.1231 2.2630
v 0.1027 6.1110 2.3071
v -0.1473 5.6174 1.5135
v -0.2609 5.6778 1.5858
v -0.2952 5.6975 1.5862
v -0.2784 5.7091 1.6502
v -0.3266 5.7244 1.5925
v -0.3029 5.7316 1.6534
v -0.2810 5.7385 1.7136
v -0.3249 5.7603 1.6588
v -0.2985 5.7630 1.7165
v -0.2792 5.7649 1.7741
v -0.3135 5.7955 1.7201
v -0.2923 5.7930 1.7761
v -0.2820 5.7896 1.8336
v -0.3025 5.8291 1.7780
v -0.2924 5.8228 1.8342
v -0.2897 5.8186 1.8916
v -0.3000 5.8665 1.8332
v -0.3000 5.8622 1.8885
v -0.3017 5.9175 1.8301
v -0.3030 5.9156 1.8796
v -0.3076 5.9218 1.7812
v -0.3078 5.8734 1.7796
v -0.1809 5.5904 1.3558
v -0.1027 5.5662 1.2899
v -0.4487 4.3863 0.5381
v -0.4875 4.3934 0.4876
v -0.3736 4.3743 0.5909
v -0.2904 4.3638 0.6354
v -0.2248 4.3553 0.6684
v -0.4978 4.4011 0.4370
v -0.4852 4.4119 0.3837
v -0.4456 4.4248 0.3263
v -0.2373 4.4655 0.1543
v -0.1535 4.4797 0.1037
v -0.3255 4.4522 0.2195
v -0.3947 4.4383 0.2752
v -0.0670 4.4909 0.0623
v 0.0112 4.4960 0.0378
v 0.0874 4.4985 0.0236
v -0.1767 4.3494 0.7007
v -0.1448 4.3447 0.7348
v -0.1052 4.3433 0.7852
v 0.0257 4.3432 0.8834
v -0.0432 4.3468 0.8449
v 0.0927 4.3397 0.9020
v -0.7566 5.3925 0.6749
v -0.6611 5.2048 0.6304
v -0.5642 5.5073 0.2874
v -0.6274 5.7971 0.4038
v 0.0635 5.1215 0.8861
v 0.0569 5.2940 0.9114
v -0.3934 5.3608 0.7358
v -0.3443 5.1740 0.6874
v -0.4994 5.1872 0.6680
v -0.5780 5.3756 0.7058
v -0.9092 5.2480 0.5426
v -0.9673 5.4416 0.6078
v -0.8779 5.3999 0.6552
v -0.7844 5.2125 0.5996
v -0.8655 5.2246 0.5752
v -0.9399 5.4128 0.6341
v -0.4273 5.8139 0.3629
v -0.4103 5.5399 0.2499
v -0.2485 5.1589 0.7073
v -0.2763 5.3340 0.7481
v -0.1901 5.1445 0.7329
v -0.2061 5.3171 0.7638
v -0.0316 5.5798 0.2354
v -0.0261 5.8237 0.3703
v -0.0504 5.2968 0.8629
v -0.0418 5.1257 0.8440
v -0.1289 5.1330 0.7789
v -0.1429 5.3040 0.8016
v 0.0686 5.8228 0.3718
v 0.0649 5.5828 0.2352
v -0.2717 5.8233 0.3541
v -0.2697 5.5593 0.2291
v -0.1362 5.5741 0.2303
v -0.1295 5.8258 0.3630
v -0.9679 5.4832 0.5763
v -0.9156 5.2840 0.5020
v -0.8840 5.3344 0.4559
v -0.9423 5.5444 0.5422
v -0.8696 5.6429 0.4941
v -0.8013 5.4063 0.3950
v -0.6976 5.4606 0.3503
v -0.7683 5.7237 0.4570
v -0.1963 4.7507 0.0935
v -0.2300 5.0228 0.1046
v -0.3458 4.9987 0.1428
v -0.2985 4.7294 0.1398
v -0.4940 4.6042 0.5588
v -0.5914 4.8181 0.5463
v -0.4731 4.8051 0.5926
v -0.3811 4.5876 0.6081
v 0.0789 4.7883 0.0272
v 0.0725 5.0660 0.0610
v -0.0189 5.0583 0.0688
v -0.0055 4.7814 0.0384
v -0.4678 4.9732 0.1939
v -0.4061 4.7065 0.1969
v -0.2177 4.5681 0.6692
v -0.2574 4.7791 0.6562
v -0.1955 4.7689 0.6874
v -0.1711 4.5615 0.7040
v 0.0861 4.5474 0.8786
v 0.0798 4.7493 0.8671
v -0.5752 4.9459 0.2510
v -0.4945 4.6894 0.2524
v -0.1484 4.7612 0.7250
v -0.1306 4.5574 0.7454
v -0.6565 4.9245 0.2919
v -0.5563 4.6756 0.2992
v -0.5740 4.6138 0.5169
v -0.6693 4.8258 0.5108
v -0.1154 5.0454 0.0794
v -0.0942 4.7700 0.0575
v 0.0089 4.5526 0.8570
v -0.0066 4.7540 0.8405
v -0.6236 4.6315 0.4278
v -0.7347 4.8521 0.4221
v -0.7185 4.8349 0.4712
v -0.6132 4.6210 0.4767
v -0.0724 4.5562 0.8039
v -0.0906 4.7572 0.7787
v -0.2889 4.5761 0.6392
v -0.3460 4.7898 0.6318
v -0.7196 4.8825 0.3645
v -0.6081 4.6505 0.3696
v -0.2119 4.1100 0.7130
v -0.2489 4.1112 0.6794
v 0.0915 4.0967 0.9295
v 0.0224 4.0992 0.9137
v -0.3314 4.1312 0.5638
v -0.3461 4.1430 0.4982
v -0.0479 4.1049 0.8784
v -0.2936 4.1178 0.6292
v -0.1835 4.1098 0.7419
v -0.1552 4.1098 0.7785
v -0.0398 4.1659 0.1114
v 0.0270 4.1611 0.0911
v 0.0959 4.1570 0.0791
v -0.1115 4.1096 0.8266
v -0.3415 4.1523 0.4364
v -0.3246 4.1611 0.3767
v -0.1681 4.1636 0.1820
v -0.1070 4.1671 0.1431
v -0.2138 4.1871 0.2177
v -0.2969 4.1700 0.3196
v -0.2597 4.1787 0.2662
v -0.2567 3.9477 0.3485
v -0.2809 3.9439 0.4044
v -0.2826 3.9296 0.6422
v -0.1880 3.9212 0.8021
v -0.0241 3.9623 0.1442
v 0.0377 3.9638 0.1243
v -0.2239 3.9512 0.2962
v 0.1018 3.9647 0.1126
v -0.0889 3.9173 0.8829
v -0.1415 3.9191 0.8457
v -0.2274 3.9237 0.7530
v -0.2592 3.9265 0.6993
v 0.0946 3.9143 0.9483
v -0.2968 3.9329 0.5831
v -0.0822 3.9602 0.1720
v 0.0305 3.9149 0.9347
v -0.0311 3.9159 0.9128
v -0.3013 3.9364 0.5229
v -0.2959 3.9401 0.4628
v -0.1832 3.9546 0.2489
v -0.1356 3.9577 0.2073
v 0.2014 3.1345 0.3063
v 0.1635 2.9405 0.3755
v 0.2087 3.1343 1.1284
v 0.2320 2.9847 1.2045
v 0.5990 3.1345 0.5467
v 0.6209 3.1345 0.6016
v 0.6683 2.9948 0.9000
v 0.6231 3.1340 0.8370
v 0.5371 3.1340 0.9967
v 0.5841 2.9977 1.0619
v 0.3864 3.1346 0.3459
v 0.3288 3.1346 0.3255
v 0.5697 3.1341 0.4957
v 0.6115 2.9750 0.5566
v 0.2692 3.1342 0.3130
v 0.4454 3.1345 1.0765
v 0.4942 3.1345 1.0402
v 0.5730 3.1345 0.9478
v 0.6019 3.1345 0.8945
v 0.2757 3.1345 1.1404
v 0.6352 3.1344 0.7783
v 0.4806 2.9617 0.4351
v 0.4400 3.1341 0.3734
v 0.3354 3.1345 1.1276
v 0.4405 2.9948 1.1738
v 0.3922 3.1341 1.1060
v 0.6391 3.1344 0.7183
v 0.6780 2.9867 0.7196
v 0.6346 3.1340 0.6582
v 0.5326 3.1345 0.4494
v 0.4889 3.1346 0.4079
v -0.1757 3.1345 0.5198
v -0.1976 3.1345 0.5749
v -0.1546 2.9464 0.8842
v -0.2004 3.1340 0.8104
v -0.1145 3.1340 0.9698
v -0.0672 2.9591 1.0438
v 0.0371 3.1346 0.3192
v 0.0946 3.1347 0.2997
v -0.1469 3.1341 0.4680
v -0.1044 2.9327 0.5390
v 0.1451 3.1344 0.2963
v -0.0223 3.1345 1.0508
v -0.0711 3.1345 1.0135
v -0.1499 3.1344 0.9209
v -0.1788 3.1344 0.8674
v 0.1475 3.1345 1.1158
v -0.2120 3.1344 0.7518
v 0.0241 2.9343 0.4147
v -0.0172 3.1342 0.3460
v 0.0877 3.1345 1.1026
v 0.0785 2.9728 1.1536
v 0.0303 3.1340 1.0807
v -0.2159 3.1344 0.6921
v -0.1678 2.9370 0.7052
v -0.2119 3.1340 0.6325
v -0.1092 3.1346 0.4217
v -0.0656 3.1346 0.3809
v 0.2694 2.5460 1.3795
v 0.6010 2.4471 0.6741
v 0.7701 2.5363 0.9212
v 0.7573 2.5569 1.1612
v 0.2247 2.4247 0.6353
v -0.0031 2.4820 0.8270
v 0.0098 2.5171 1.1565
v 0.3672 2.0351 1.5775
v 0.6520 2.0288 0.7839
v 0.8908 2.0338 1.0008
v 0.9063 2.0378 1.3230
v 0.3297 2.0256 0.7995
v 0.1128 2.0261 1.0384
v 0.1283 2.0301 1.3606
v 0.4084 1.4591 1.7456
v 0.6941 1.4327 0.9454
v 0.9342 1.3919 1.1665
v 0.9503 1.3835 1.4933
v 0.3715 1.4810 0.9574
v 0.1551 1.5023 1.1939
v 0.1702 1.4900 1.5205
v -0.8123 0.4687 2.1315
v -0.6582 0.1972 1.3357
v -0.6483 -0.0363 1.5542
v -0.6894 -0.0519 1.8778
v -0.7130 0.5092 1.3537
v -0.7804 0.7147 1.5963
v -0.8219 0.6978 1.9172
v 0.4416 0.3940 1.2510
v -0.0187 0.8218 1.1000
v 0.4822 0.3520 1.6130
v -0.1655 0.9514 1.3985
v 0.2335 0.5895 1.0384
v 0.0814 0.7136 1.9726
v -0.1236 0.9053 1.7595
v -1.8417 0.5142 1.6527
v -1.2810 0.2409 1.1106
v -1.4305 0.0159 1.2535
v -1.6557 -0.0031 1.4716
v -1.2963 0.5490 1.1266
v -1.4679 0.7625 1.2919
v -1.6941 0.7496 1.5098
v -2.3059 0.5514 0.6627
v -1.5479 0.2732 0.4299
v -1.7529 0.0335 0.4930
v -2.0598 0.0158 0.5873
v -1.5649 0.5943 0.4349
v -1.7940 0.8088 0.5052
v -2.1009 0.7910 0.5996
v -2.3185 0.5626 -0.4292
v -1.5346 0.2844 -0.3097
v -1.7466 0.0447 -0.3421
v -2.0641 0.0269 -0.3905
v -1.5522 0.6055 -0.3123
v -1.7891 0.8200 -0.3484
v -2.1065 0.8022 -0.3968
v -1.8654 0.5564 -1.4931
v -1.2111 0.2782 -1.0451
v -1.3880 0.0386 -1.1664
v -1.6529 0.0208 -1.3479
v -1.2259 0.5993 -1.0550
v -1.4236 0.8138 -1.1903
v -1.6885 0.7960 -1.3718
v -1.0972 0.5563 -2.1296
v -0.5878 0.2832 -1.5287
v -0.7244 0.0447 -1.6907
v -0.9302 0.0259 -1.9338
v -0.6004 0.6017 -1.5427
v -0.7548 0.8137 -1.7245
v -0.9606 0.7949 -1.9675
v -0.1007 0.5555 -2.5370
v 0.1277 0.2871 -1.7846
v 0.0667 0.0484 -1.9856
v -0.0254 0.0282 -2.2892
v 0.1217 0.6045 -1.8040
v 0.0524 0.8145 -2.0324
v -0.0398 0.7942 -2.3360
v 1.2040 0.5551 -2.3639
v 0.8877 0.2873 -1.6455
v 0.9721 0.0490 -1.8374
v 1.0997 0.0288 -2.1273
v 0.8960 0.6041 -1.6640
v 0.9920 0.8137 -1.8821
v 1.1196 0.7934 -2.1720
v 2.1447 0.5567 -1.3378
v 1.4411 0.2847 -0.9888
v 1.6302 0.0469 -1.0827
v 1.9146 0.0280 -1.2239
v 1.4580 0.6023 -0.9971
v 1.6711 0.8135 -1.1028
v 1.9556 0.7946 -1.2439
v 2.3468 0.5658 -0.0592
v 1.5138 0.2719 -0.1715
v 1.7388 0.0178 -0.1411
v 2.0759 -0.0014 -0.0957
v 1.5329 0.6121 -0.1690
v 1.7847 0.8391 -0.1351
v 2.1218 0.8199 -0.0896
v 1.7440 0.5568 1.1601
v 1.2563 0.2828 0.5445
v 1.3877 0.0453 0.7107
v 1.5850 0.0271 0.9599
v 1.2677 0.6006 0.5586
v 1.4153 0.8125 0.7448
v 1.6126 0.7943 0.9939
v 0.4105 0.5559 1.4263
v 0.5344 0.2833 0.6531
v 0.5010 0.0464 0.8615
v 0.4508 0.0281 1.1743
v 0.5315 0.6001 0.6712
v 0.4940 0.8111 0.9051
v 0.4438 0.7929 1.2179
v -0.6137 0.5573 0.9675
v -0.0317 0.2824 0.4343
v -0.1885 0.0436 0.5781
v -0.4239 0.0252 0.7939
v -0.0454 0.6018 0.4466
v -0.2215 0.8145 0.6079
v -0.4569 0.7961 0.8236
v -1.1156 0.5407 -0.0970
v -0.3400 0.2993 -0.1208
v -0.5389 0.0603 -0.1147
v -0.8484 0.0320 -0.1052
v -0.3683 0.6090 -0.1200
v -0.6072 0.8079 -0.1126
v -0.9167 0.7796 -0.1031
v -0.5808 0.5256 -1.1093
v -0.0630 0.3187 -0.6429
v -0.1931 0.1026 -0.7602
v -0.3986 0.0737 -0.9454
v -0.0845 0.5954 -0.6622
v -0.2451 0.7706 -0.8068
v -0.4507 0.7417 -0.9920
v 0.4544 0.5030 -1.3071
v 0.5018 0.3559 -0.8658
v 0.4893 0.2205 -0.9821
v 0.4703 0.2075 -1.1596
v 0.5004 0.5344 -0.8787
v 0.4859 0.6514 -1.0133
v 0.4668 0.6384 -1.1907
v 0.1635 3.5979 0.1769
v 0.1635 3.5975 1.0122
v 0.5645 3.5970 0.4119
v 0.5872 3.5968 0.4672
v 0.5895 3.5967 0.7026
v 0.5004 3.5970 0.8615
v 0.3436 3.5977 0.2105
v 0.2844 3.5978 0.1910
v 0.5336 3.5971 0.3602
v 0.2228 3.5979 0.1794
v 0.4057 3.5972 0.9420
v 0.4560 3.5971 0.9049
v 0.5380 3.5969 0.8128
v 0.5679 3.5968 0.7594
v 0.2298 3.5975 1.0073
v 0.6025 3.5967 0.6441
v 0.3992 3.5976 0.2378
v 0.2914 3.5974 0.9937
v 0.3505 3.5973 0.9718
v 0.6064 3.5967 0.5845
v 0.6013 3.5967 0.5249
v 0.4952 3.5973 0.3135
v 0.4501 3.5974 0.2726
v -0.2374 3.5970 0.4119
v -0.2601 3.5968 0.4672
v -0.2625 3.5967 0.7026
v -0.1734 3.5970 0.8615
v -0.0166 3.5977 0.2105
v 0.0427 3.5978 0.1910
v -0.2065 3.5971 0.3602
v 0.1043 3.5979 0.1794
v -0.0786 3.5972 0.9420
v -0.1289 3.5971 0.9049
v -0.2109 3.5969 0.8128
v -0.2408 3.5968 0.7594
v 0.0973 3.5975 1.0073
v -0.2754 3.5967 0.6441
v -0.0722 3.5976 0.2378
v 0.0356 3.5974 0.9937
v -0.0234 3.5973 0.9718
v -0.2793 3.5967 0.5845
v -0.2742 3.5967 0.5249
v -0.1681 3.5973 0.3135
v -0.1230 3.5974 0.2726
v 1.2497 0.4879 -0.8677
v 1.0099 0.3787 -0.6825
v 1.0756 0.2876 -0.7332
v 1.1730 0.2818 -0.8085
v 1.0145 0.5018 -0.6860
v 1.0866 0.5848 -0.7417
v 1.1840 0.5790 -0.8170
v 0.8381 2.3045 0.9123
v 0.2809 2.2435 0.7066
v 0.8488 2.3324 1.2341
v 0.0608 2.2462 0.9431
v 0.6029 2.2676 0.6938
v 0.3067 2.3110 1.4834
v 0.0714 2.2742 1.2649
v -0.1139 2.7607 0.7655
v 0.1343 2.8086 1.2389
v 0.1027 2.7468 0.4822
v -0.1103 2.7755 0.9491
v -0.0381 2.7505 0.5998
v -0.0278 2.7922 1.1159
v 0.7273 2.7962 0.7860
v 0.4849 2.8236 1.2489
v 0.5171 2.7649 0.4993
v 0.7195 2.8107 0.9702
v 0.6552 2.7801 0.6199
v 0.6332 2.8205 1.1357
v 0.2699 2.7505 0.4447
v 0.2605 2.8175 1.2867
v 0.1549 1.7320 1.1244
v 0.6893 1.7235 0.8793
v 0.3699 1.7296 0.8920
v 0.9266 1.7184 1.0955
v 0.4046 1.7283 1.6637
v 0.1686 1.7315 1.4440
v 0.9417 1.7181 1.4156
v 0.7118 0.7130 1.2056
v 0.8656 1.0385 1.1968
v 0.7488 0.6754 1.5560
v 0.8914 1.0169 1.5345
v -0.0057 1.0929 1.3296
v 0.1029 1.2859 1.2613
v 0.4741 0.8580 0.9943
v 0.6225 1.1346 0.9784
v 0.2666 0.9203 1.8915
v 0.3683 1.1814 1.8195
v 0.0320 1.0499 1.6801
v 0.1288 1.2578 1.5982
v 0.3063 1.2402 1.0056
v 0.1768 1.0158 1.0457
v -0.2442 0.6759 1.1747
v -0.4869 0.5644 1.2837
v -0.3037 0.0024 1.4838
v 0.1060 0.1473 1.3384
v -0.2938 -0.0199 1.8244
v 0.1403 0.1064 1.7000
v -0.5524 0.7731 1.5419
v -0.3535 0.8541 1.4678
v -0.3836 0.2449 1.2590
v -0.0534 0.3829 1.1204
v -0.4618 0.5092 2.1043
v -0.1599 0.5760 2.0462
v -0.5417 0.7502 1.8813
v -0.3184 0.8127 1.8282
v -1.4030 -0.0153 1.6930
v -1.0832 -0.0396 1.8376
v -1.2680 0.7150 1.4842
v -1.0126 0.6909 1.5910
v -1.1345 0.2114 1.2607
v -0.9390 0.1896 1.3392
v -1.1453 0.5094 1.2829
v -0.9461 0.4886 1.3612
v -0.9956 -0.0296 1.5372
v -1.2416 -0.0044 1.4307
v -1.5359 0.4858 1.9161
v -1.1581 0.4597 2.0857
v -1.4298 0.7052 1.7464
v -1.1006 0.6773 1.8906
v -2.2020 0.5327 1.0060
v -2.0680 0.5326 1.3326
v -2.0105 0.7716 0.9178
v -1.8902 0.7714 1.2194
v -1.6218 0.7913 1.0489
v -1.7216 0.7914 0.7850
v -1.8494 0.0038 1.1943
v -1.9668 0.0039 0.8983
v -1.6779 0.0237 0.7655
v -1.5811 0.0236 1.0238
v -1.4198 0.5789 0.9210
v -1.5045 0.5805 0.6854
v -1.4864 0.2626 0.6774
v -1.4031 0.2617 0.9107
v -1.8300 0.7971 0.2109
v -1.8275 0.7972 -0.0697
v -2.0951 0.0111 0.2510
v -2.0956 0.0112 -0.0704
v -2.1437 0.7768 0.2581
v -2.1447 0.7769 -0.0705
v -1.7784 0.0315 -0.0696
v -1.7814 0.0314 0.2037
v -1.5940 0.5872 0.1754
v -1.5888 0.5873 -0.0691
v -1.5685 0.2702 -0.0690
v -1.5739 0.2701 0.1724
v -2.3546 0.5382 -0.0711
v -2.3512 0.5381 0.2894
v -1.5541 0.0540 -0.9042
v -1.6666 0.0546 -0.6309
v -1.4855 0.6104 -0.5747
v -1.3837 0.6099 -0.8211
v -1.8394 0.0337 -1.0427
v -1.9696 0.0342 -0.7246
v -1.5984 0.8198 -0.9253
v -1.7136 0.8203 -0.6451
v -1.3653 0.2927 -0.8124
v -1.4661 0.2932 -0.5688
v -2.0725 0.5608 -1.1556
v -2.2171 0.5613 -0.8010
v -1.8837 0.7994 -1.0638
v -2.0166 0.8000 -0.7389
v -0.0022 2.6272 0.6843
v 0.1154 2.6229 0.5612
v -1.0022 0.8112 -1.5857
v -1.2261 0.8097 -1.4029
v 0.6546 2.6596 0.6591
v 0.7206 2.6728 0.7596
v -0.8164 0.2806 -1.4077
v -1.0260 0.2768 -1.2402
v -0.8304 0.5992 -1.4202
v -1.0405 0.5967 -1.2518
v -1.1910 0.0375 -1.3749
v -0.9685 0.0421 -1.5554
v 0.1210 2.6826 1.2300
v 0.0584 2.6755 1.1926
v -1.3834 0.5539 -1.9549
v -1.6390 0.5518 -1.7397
v -1.2313 0.7925 -1.8071
v -1.4740 0.7911 -1.6050
v 0.6895 2.0383 1.5619
v 0.5958 2.5641 1.3504
v -1.4390 0.0189 -1.5770
v -1.1976 0.0233 -1.7769
v 0.7322 1.4126 1.7340
v -0.7573 0.1581 2.1162
v 0.3322 0.4862 1.9120
v -1.8258 0.2019 1.6369
v -2.2889 0.2303 0.6576
v -2.3010 0.2414 -0.4266
v -1.8507 0.2353 -1.4832
v -1.0846 0.2378 -2.1156
v -0.0948 0.2382 -2.5176
v 1.1957 0.2384 -2.3454
v 2.1278 0.2392 -1.3295
v 2.3278 0.2256 -0.0617
v 1.7326 0.2390 1.1460
v 0.4133 0.2392 1.4082
v -0.6000 0.2380 0.9551
v -1.0873 0.2310 -0.0978
v -0.5592 0.2489 -1.0900
v 0.4558 0.3246 -1.2942
v 1.2451 0.3648 -0.8642
v 0.6286 2.3352 1.4706
v 0.7253 1.7225 1.6517
v 0.6842 1.0827 1.7930
v 0.5630 0.7693 1.8401
v 0.0300 0.2836 1.9932
v -0.3593 0.1903 2.0810
v -1.1505 0.1626 2.0642
v -1.5245 0.1858 1.8940
v -2.0512 0.2147 1.3222
v -2.1839 0.2147 0.9979
v -2.3311 0.2210 0.2865
v -2.3342 0.2211 -0.0710
v -2.1976 0.2441 -0.7951
v -2.0541 0.2436 -1.1468
v -1.6245 0.2320 -1.7281
v -1.3694 0.2354 -1.9423
v -0.4678 0.0469 -1.8100
v -0.2030 0.0480 -1.9086
v -0.3532 0.2856 -1.6326
v -0.1119 0.2868 -1.7188
v -0.4528 0.5564 -2.4283
v -0.7819 0.5568 -2.2931
v -0.3617 0.7952 -2.2384
v -0.6673 0.7955 -2.1157
v -0.4943 0.8149 -1.8487
v -0.2241 0.8152 -1.9520
v -0.6408 0.0274 -2.0770
v -0.3406 0.0280 -2.1951
v -0.3642 0.6037 -1.6486
v -0.1206 0.6046 -1.7368
v -0.7709 0.2387 -2.2771
v -0.4441 0.2386 -2.4103
v 0.7210 0.7885 -2.3034
v 0.3104 0.7921 -2.3724
v 0.2884 0.5537 -2.5797
v 0.7556 0.5506 -2.5062
v 0.3439 0.8133 -2.0582
v 0.6684 0.8113 -1.9942
v 0.3159 0.0293 -2.3216
v 0.7118 0.0313 -2.2492
v 0.6591 0.0540 -1.9400
v 0.3493 0.0505 -2.0074
v 0.3691 0.6049 -1.8212
v 0.6284 0.6056 -1.7597
v 0.6246 0.2919 -1.7372
v 0.3714 0.2889 -1.8001
v 0.2907 0.2377 -2.5587
v 0.7517 0.2370 -2.4838
v 1.4387 0.0276 -1.9207
v 1.7317 0.0327 -1.5617
v 1.4660 0.7962 -1.9564
v 1.7667 0.7911 -1.5891
v 1.4853 0.0511 -1.3668
v 1.2463 0.0462 -1.6670
v 1.1297 0.6029 -1.5129
v 1.3358 0.6004 -1.2483
v 1.5203 0.8095 -1.3942
v 1.2737 0.8148 -1.7027
v 1.3213 0.2862 -1.2370
v 1.1184 0.2845 -1.4981
v 1.9307 0.5560 -1.7189
v 1.5940 0.5579 -2.1254
v 1.9162 0.2418 -1.7075
v 1.5827 0.2395 -2.1106
v 1.5168 0.6060 -0.7276
v 1.5418 0.6099 -0.4491
v 2.0803 0.0053 -0.4822
v 2.0217 0.0173 -0.8651
v 1.7918 0.8334 -0.4644
v 1.7521 0.8228 -0.7916
v 1.5227 0.2748 -0.4479
v 1.4983 0.2803 -0.7226
v 1.7074 0.0365 -0.7796
v 1.7458 0.0243 -0.4617
v 2.3493 0.5639 -0.4988
v 2.2755 0.5598 -0.9341
v 2.1262 0.8143 -0.4850
v 2.0664 0.8036 -0.8771
v 2.3303 0.2287 -0.4976
v 2.2570 0.2341 -0.9291
v 1.3834 0.2858 0.3558
v 1.4776 0.2743 0.0981
v 1.4009 0.6055 0.3686
v 1.4963 0.6110 0.1046
v 1.6889 0.0222 0.1729
v 1.5525 0.0443 0.4818
v 2.0204 0.5532 0.8293
v 2.2627 0.5634 0.3757
v 1.8513 0.7947 0.7034
v 2.0514 0.8155 0.3009
v 1.7339 0.8352 0.1886
v 1.5948 0.8163 0.5126
v 2.0064 0.0024 0.2852
v 1.8091 0.0227 0.6726
v 2.2441 0.2266 0.3692
v 2.0029 0.2335 0.8166
v 1.0743 0.2799 0.6616
v 0.8100 0.2842 0.6572
v 0.9497 0.5552 1.4258
v 1.3962 0.5598 1.3771
v 0.9122 0.7917 1.2189
v 1.3087 0.7962 1.1820
v 1.1781 0.8121 0.8916
v 0.8558 0.8103 0.9082
v 1.2924 0.0276 1.1471
v 0.9039 0.0291 1.1749
v 0.8475 0.0477 0.8641
v 1.1619 0.0435 0.8567
v 1.0811 0.5983 0.6761
v 0.8135 0.6001 0.6755
v 1.3895 0.2414 1.3626
v 0.9462 0.2393 1.4075
v -0.0970 0.5605 1.3043
v 0.1509 0.8139 0.8303
v 0.0206 0.0255 1.0799
v 0.0026 0.7980 1.1138
v 0.1690 0.0414 0.7964
v 0.2611 0.5989 0.6199
v 0.2685 0.2789 0.6058
v -0.0895 0.2405 1.2903
v -0.4930 0.8125 0.2806
v -0.2506 0.2896 0.1802
v -0.2718 0.6054 0.1889
v -0.4419 0.0501 0.2596
v -0.9761 0.5502 0.4809
v -0.7848 0.7897 0.4015
v -0.7337 0.0273 0.3806
v -0.9549 0.2344 0.4723
v -0.2575 0.3094 -0.4042
v -0.9670 0.5314 -0.6633
v -0.7894 0.7659 -0.5984
v -0.5080 0.7981 -0.4956
v -0.7165 0.0427 -0.5719
v -0.4351 0.0749 -0.4691
v -0.2877 0.6089 -0.4152
v -0.9368 0.2319 -0.6523
v 0.0369 0.6895 -1.1968
v -0.0292 0.5163 -1.3275
v 0.1389 0.7084 -0.9951
v 0.0576 0.1438 -1.1561
v 0.1596 0.1627 -0.9544
v 0.2171 0.5619 -0.8405
v 0.2257 0.3359 -0.8237
v -0.0206 0.2903 -1.3107
v 0.8261 0.6038 -0.9123
v 0.7820 0.3745 -0.8072
v 0.7856 0.5128 -0.8160
v 0.8173 0.2700 -0.8912
v 0.9150 0.4898 -1.1237
v 0.8797 0.5943 -1.0398
v 0.8709 0.2605 -1.0186
v 0.9114 0.3516 -1.1149
v 0.9658 1.6495 1.1766
v 0.9746 1.6493 1.3624
v 0.9795 1.4551 1.4075
v 0.9702 1.4600 1.2178
v 0.8227 2.2392 0.8602
v 0.8533 2.0821 0.9116
v 0.7147 2.0792 0.7857
v 0.6862 2.2178 0.7334
v 0.5448 2.2017 0.6839
v 0.5733 2.0631 0.7361
v 0.3862 2.0612 0.7452
v 0.3579 2.1877 0.6913
v 0.0996 1.9628 1.3124
v 0.0906 1.9605 1.1253
v 0.1151 1.7898 1.1753
v 0.1230 1.7894 1.3608
v 0.3021 1.9746 1.5749
v 0.1635 1.9717 1.4490
v 0.1868 1.7984 1.4974
v 0.3238 1.7965 1.6250
v 0.9447 1.9737 1.2734
v 0.9653 1.7881 1.3272
v 0.9565 1.7883 1.1413
v 0.9357 1.9714 1.0864
v 0.1427 1.9540 0.9848
v 0.2686 1.9537 0.8461
v 0.2919 1.7819 0.8998
v 0.1671 1.7833 1.0348
v 0.7669 1.9807 1.5532
v 0.7877 1.7974 1.6054
v 0.9134 1.7948 1.4683
v 0.8929 1.9804 1.4146
v 0.9008 1.6496 1.0392
v 0.9052 1.4601 1.0804
v 0.7659 1.4837 0.9521
v 0.7631 1.6525 0.9137
v 0.6210 1.6601 0.8624
v 0.6238 1.4913 0.9008
v 0.4365 1.5193 0.9077
v 0.4356 1.6636 0.8698
v 0.1960 1.6847 1.5315
v 0.1969 1.5445 1.5758
v 0.3352 1.5266 1.7065
v 0.3330 1.6829 1.6590
v 0.1236 1.6828 1.2083
v 0.1237 1.5495 1.2486
v 0.1325 1.5424 1.4382
v 0.1315 1.6825 1.3938
v 0.1621 1.4509 1.1340
v 0.2877 1.4385 0.9967
v 0.2499 1.2988 1.0247
v 0.1318 1.3253 1.1731
v -0.3880 0.0206 1.4272
v -0.5881 -0.0019 1.4681
v -0.5938 0.1336 1.3413
v -0.4344 0.1613 1.2968
v -0.4674 0.3009 1.2466
v -0.6268 0.2732 1.2911
v -0.6586 0.4544 1.3015
v -0.5274 0.4864 1.2609
v -0.5920 0.7132 1.9599
v -0.7546 0.6828 1.9808
v -0.7491 0.5498 2.1052
v -0.5456 0.5733 2.0894
v -0.6105 0.7903 1.6243
v -0.7428 0.7564 1.6558
v -0.7669 0.7466 1.8421
v -0.6042 0.7770 1.8213
v 0.7929 1.3327 1.7164
v 0.7650 1.1412 1.7507
v 0.8852 1.1030 1.6006
v 0.9194 1.3158 1.5767
v 0.9673 1.3036 1.4298
v 0.9331 1.0908 1.4538
v 0.9181 1.1033 1.2577
v 0.9579 1.3084 1.2401
v 0.6889 0.6154 1.2845
v 0.7104 0.5937 1.4880
v 0.5556 0.4059 1.5211
v 0.5321 0.4303 1.3109
v -0.3946 0.8177 1.4051
v -0.3311 0.7143 1.2349
v -0.4721 0.6496 1.2981
v -0.5101 0.7707 1.4481
v 0.4660 0.7525 1.9000
v 0.2939 0.8402 1.9299
v 0.1864 0.7201 1.9770
v 0.3320 0.5882 1.9418
v 0.4840 0.7500 1.0208
v 0.6220 0.6658 1.1434
v 0.4651 0.4806 1.1698
v 0.3444 0.5941 1.0464
v 0.1862 0.9338 1.0116
v 0.3588 0.8422 0.9818
v 0.2192 0.6863 1.0074
v 0.0728 0.8212 1.0431
v 0.1722 0.9315 1.8896
v 0.0360 1.0068 1.7669
v -0.0543 0.9228 1.8130
v 0.0647 0.8115 1.9367
v -0.0302 1.0554 1.6278
v -0.0521 1.0803 1.4244
v -0.1449 0.9982 1.4644
v -0.1206 0.9714 1.6739
v -1.5271 0.6896 1.7503
v -1.6805 0.7153 1.6129
v -1.7663 0.5787 1.6959
v -1.5887 0.5622 1.8488
v -0.7592 -0.0810 1.8024
v -0.9879 -0.0739 1.7790
v -0.9370 -0.0680 1.6047
v -0.7354 -0.0719 1.6145
v -1.3476 0.7566 1.4983
v -1.4637 0.7842 1.3866
v -1.5949 0.7767 1.5131
v -1.4415 0.7509 1.6505
v -1.5726 0.1206 1.8181
v -1.7475 0.1300 1.6688
v -1.6488 0.0110 1.5729
v -1.5021 0.0039 1.7014
v -1.1431 0.2837 1.2096
v -1.2281 0.3008 1.1225
v -1.2370 0.4797 1.1318
v -1.1493 0.4567 1.2225
v -1.2385 0.0228 1.3410
v -1.3482 0.0346 1.2381
v -1.2613 0.1652 1.1551
v -1.1763 0.1481 1.2422
v 0.0947 1.2420 1.1984
v 0.2128 1.2154 1.0499
v 0.1376 1.0851 1.0732
v 0.0317 1.1299 1.2381
v -1.8530 0.1352 1.5527
v -1.9839 0.1426 1.3700
v -1.8668 0.0202 1.2958
v -1.7543 0.0162 1.4567
v -1.3403 0.6252 1.1044
v -1.4120 0.6426 0.9851
v -1.5292 0.7658 1.0593
v -1.4399 0.7492 1.2004
v -1.6273 0.0532 0.6851
v -1.6709 0.0589 0.5269
v -1.5519 0.1980 0.4903
v -1.5162 0.1918 0.6339
v -1.4696 0.3338 0.6188
v -1.5053 0.3400 0.4751
v -1.5152 0.5264 0.4780
v -1.4801 0.5184 0.6234
v -2.0953 0.7483 0.8754
v -2.1479 0.7596 0.6907
v -2.2669 0.6205 0.7273
v -2.2065 0.6096 0.9266
v -1.8005 0.8254 0.7526
v -1.8425 0.8355 0.5902
v -2.0207 0.8252 0.6450
v -1.9682 0.8139 0.8297
v -1.0753 -0.0608 1.5717
v -1.1262 -0.0666 1.7461
v -1.3119 -0.0525 1.6622
v -1.2182 -0.0462 1.5099
v -2.2979 0.6214 0.5768
v -2.1789 0.7605 0.5402
v -2.2037 0.7523 0.3419
v -2.3242 0.6137 0.3601
v -2.0472 0.8263 0.5120
v -1.8690 0.8366 0.4572
v -1.8899 0.8299 0.2863
v -2.0720 0.8181 0.3138
v -2.1144 0.2792 1.2691
v -2.1242 0.4638 1.2752
v -2.2020 0.4639 1.0856
v -2.1915 0.2793 1.0809
v -1.6578 -0.0148 1.0007
v -1.8136 -0.0263 1.0996
v -1.8817 -0.0263 0.9278
v -1.7140 -0.0148 0.8507
v -1.5772 0.7725 0.9618
v -1.4600 0.6492 0.8876
v -1.5091 0.6502 0.7508
v -1.6351 0.7726 0.8086
v -1.7018 0.0617 -0.1212
v -1.6833 0.0693 -0.2794
v -1.5603 0.2084 -0.2606
v -1.5799 0.2002 -0.1209
v -1.5314 0.3421 -0.1147
v -1.5117 0.3504 -0.2544
v -1.5219 0.5368 -0.2559
v -1.5432 0.5262 -0.1147
v -2.0799 0.8154 0.1843
v -1.8979 0.8272 0.1569
v -1.8964 0.8273 -0.0060
v -2.0805 0.8155 -0.0065
v -1.8447 -0.0071 0.1513
v -2.0268 -0.0190 0.1787
v -2.0271 -0.0189 -0.0079
v -1.8430 -0.0071 -0.0074
v -2.3340 0.6109 0.2107
v -2.2135 0.7494 0.1926
v -2.2141 0.7495 0.0018
v -2.3359 0.6109 0.0015
v -1.7569 0.7789 0.1487
v -1.6199 0.6570 0.1281
v -1.6169 0.6571 -0.0138
v -1.7554 0.7789 -0.0141
v -1.9881 0.1717 -1.2035
v -1.8700 0.1668 -1.3988
v -1.7552 0.0423 -1.3202
v -1.8634 0.0498 -1.1431
v -1.4599 0.0782 -0.9218
v -1.3635 0.0692 -1.0741
v -1.2608 0.2083 -1.0037
v -1.3503 0.2168 -0.8686
v -1.3078 0.3586 -0.8441
v -1.2183 0.3502 -0.9792
v -1.2269 0.5366 -0.9850
v -1.3185 0.5427 -0.8492
v -1.5529 -0.0101 -1.3542
v -1.4287 -0.0112 -1.4872
v -1.2848 -0.0004 -1.3699
v -1.3991 0.0002 -1.2489
v -1.6219 0.8020 -0.6770
v -1.4896 0.6801 -0.6361
v -1.4304 0.6798 -0.7791
v -1.5551 0.8016 -0.8396
v -1.7800 0.1641 -1.5200
v -1.6487 0.1622 -1.6622
v -1.5410 0.0385 -1.5745
v -1.6652 0.0396 -1.4415
v -0.8744 0.0702 -1.5285
v -0.7327 0.0718 -1.6071
v -0.6534 0.2102 -1.5130
v -0.7861 0.2087 -1.4428
v -0.7552 0.3499 -1.4055
v -0.6224 0.3514 -1.4758
v -0.6298 0.5363 -1.4839
v -0.7633 0.5349 -1.4128
v -1.2183 0.7655 -1.8954
v -1.0612 0.7669 -1.9885
v -1.1405 0.6284 -2.0826
v -1.3066 0.6270 -1.9812
v -0.9972 0.8421 -1.6651
v -0.8536 0.8435 -1.7457
v -0.9730 0.8326 -1.8868
v -1.1301 0.8312 -1.7937
v -0.1417 0.7967 -1.9004
v -0.0816 0.6744 -1.7754
v 0.0591 0.6743 -1.8145
v 0.0188 0.7963 -1.9470
v -0.0705 0.2142 -1.7487
v -0.1235 0.0755 -1.8589
v 0.0331 0.0758 -1.9035
v 0.0685 0.2144 -1.7869
v -0.0591 0.5401 -1.7139
v -0.0540 0.3556 -1.7034
v 0.0850 0.3558 -1.7416
v 0.0816 0.5400 -1.7529
v -0.3705 0.6289 -2.4349
v -0.3176 0.7676 -2.3247
v -0.1307 0.7670 -2.3813
v -0.1661 0.6284 -2.4980
v -0.2706 0.8336 -2.1992
v -0.1907 0.8451 -2.0329
v -0.0302 0.8447 -2.0795
v -0.0837 0.8330 -2.2558
v -1.5961 0.2976 -1.8019
v -1.6045 0.4833 -1.8086
v -1.4561 0.4846 -1.9335
v -1.4480 0.2996 -1.9262
v -1.1928 0.0002 -1.4560
v -1.3367 -0.0106 -1.5733
v -1.1965 -0.0080 -1.6894
v -1.0636 0.0029 -1.5608
v 0.8919 2.2733 1.1835
v 0.9253 2.1023 1.2352
v 0.9163 2.1000 1.0481
v 0.8857 2.2571 0.9967
v 0.6836 0.2185 -1.7349
v 0.7037 0.0804 -1.8526
v 0.8854 0.0775 -1.7930
v 0.8364 0.2159 -1.6816
v 0.6719 0.5415 -1.7030
v 0.6697 0.3594 -1.6899
v 0.8224 0.3567 -1.6367
v 0.8272 0.5406 -1.6474
v 0.8449 0.6240 -2.4598
v 0.8249 0.7621 -2.3420
v 1.0562 0.7650 -2.2658
v 1.1052 0.6266 -2.3772
v 0.7862 0.8284 -2.2153
v 0.7556 0.8416 -2.0358
v 0.9435 0.8430 -1.9708
v 1.0175 0.8312 -2.1391
v 0.8564 0.3011 -2.4918
v 0.8587 0.4831 -2.5048
v 1.1189 0.4858 -2.4222
v 1.1142 0.3019 -2.4114
v 0.7426 0.0141 -1.9792
v 0.7732 0.0009 -2.1587
v 0.9984 -0.0005 -2.0879
v 0.9243 0.0113 -1.9196
v 0.7144 0.7940 -1.9018
v 0.6913 0.6746 -1.7657
v 0.8465 0.6738 -1.7101
v 0.9023 0.7955 -1.8368
v 1.7523 0.8301 -1.4827
v 1.6092 0.8408 -1.3696
v 1.6968 0.8430 -1.2004
v 1.8619 0.8321 -1.2823
v 1.9389 0.1716 -1.6132
v 2.0617 0.1700 -1.3937
v 1.9379 0.0474 -1.3324
v 1.8318 0.0501 -1.5285
v 1.5693 0.0120 -1.3419
v 1.7124 0.0013 -1.4550
v 1.8186 -0.0014 -1.2589
v 1.6535 0.0095 -1.1770
v 1.9610 0.6285 -1.6281
v 1.8659 0.7650 -1.5528
v 1.9755 0.7670 -1.3524
v 2.0853 0.6289 -1.4069
v 1.4896 0.7919 -1.2966
v 1.3825 0.6705 -1.2119
v 1.4534 0.6715 -1.0661
v 1.5772 0.7941 -1.1274
v 1.3603 0.2136 -1.1971
v 1.4554 0.0771 -1.2725
v 1.5396 0.0747 -1.1075
v 1.4298 0.2128 -1.0530
v 1.3273 0.5366 -1.1786
v 1.3189 0.3542 -1.1720
v 1.3884 0.3533 -1.0280
v 1.3982 0.5376 -1.0328
v 1.8128 -0.0154 -0.3925
v 2.0070 -0.0265 -0.4044
v 2.0045 -0.0303 -0.1800
v 1.8088 -0.0192 -0.2064
v 2.3275 0.6400 -0.4083
v 2.1980 0.7854 -0.4003
v 2.1955 0.7886 -0.1708
v 2.3260 0.6411 -0.1532
v 1.7147 0.8129 -0.3982
v 1.5696 0.6832 -0.3893
v 1.5644 0.6845 -0.2267
v 1.7106 0.8162 -0.2070
v 2.3001 0.1553 -0.4083
v 2.2986 0.1534 -0.1552
v 2.1525 0.0216 -0.1749
v 2.1550 0.0255 -0.3993
v 1.5422 0.1984 -0.3892
v 1.6717 0.0530 -0.3972
v 1.6676 0.0492 -0.2112
v 1.5370 0.1967 -0.2288
v 1.5016 0.5415 -0.3916
v 1.4906 0.3469 -0.3909
v 1.4854 0.3452 -0.2304
v 1.4964 0.5427 -0.2290
v 2.0568 0.8538 -0.4052
v 1.8627 0.8649 -0.3932
v 1.8586 0.8682 -0.2020
v 2.0543 0.8571 -0.1756
v 1.5026 0.7968 0.5133
v 1.3901 0.6744 0.4297
v 1.3127 0.6715 0.5401
v 1.3984 0.7945 0.6481
v 1.9757 0.2994 0.9104
v 1.9858 0.4850 0.9178
v 1.8254 0.4870 1.1098
v 1.8187 0.3026 1.1016
v 1.3670 0.2124 0.4111
v 1.4652 0.0723 0.4842
v 1.3695 0.0728 0.6171
v 1.2932 0.2107 0.5206
v 1.3417 0.5397 0.3862
v 1.3315 0.3541 0.3788
v 1.2577 0.3524 0.4884
v 1.2643 0.5369 0.4966
v 1.9509 0.6268 0.8845
v 1.8528 0.7670 0.8115
v 1.7142 0.7668 0.9801
v 1.7905 0.6289 1.0766
v 1.7552 0.8331 0.7197
v 1.6063 0.8457 0.6089
v 1.5021 0.8434 0.7437
v 1.6166 0.8329 0.8884
v 1.5636 0.0060 0.5748
v 1.7125 -0.0065 0.6856
v 1.5825 -0.0040 0.8524
v 1.4679 0.0066 0.7078
v 0.7530 0.2117 0.6741
v 0.7747 0.0744 0.7942
v 0.5736 0.0737 0.7927
v 0.5930 0.2112 0.6717
v 0.7548 0.5357 0.6365
v 0.7528 0.3523 0.6259
v 0.5927 0.3518 0.6235
v 0.5911 0.5357 0.6340
v 0.8362 0.6277 1.4082
v 0.8144 0.7650 1.2881
v 0.5425 0.7656 1.2875
v 0.5232 0.6281 1.4085
v 0.8134 0.8301 1.1554
v 0.7806 0.8409 0.9750
v 0.5706 0.8414 0.9732
v 0.5415 0.8308 1.1547
v 0.8346 0.3037 1.4458
v 0.8365 0.4870 1.4564
v 0.5235 0.4875 1.4567
v 0.5252 0.3036 1.4462
v 0.7756 0.0093 0.9269
v 0.8083 -0.0015 1.1073
v 0.5453 -0.0021 1.1070
v 0.5744 0.0085 0.9254
v 0.7797 0.7918 0.8356
v 0.7551 0.6698 0.7005
v 0.5914 0.6698 0.6980
v 0.5697 0.7923 0.8338
v 0.2160 0.5342 0.5509
v 0.2203 0.3485 0.5428
v 0.0460 0.3505 0.4432
v 0.0381 0.5359 0.4503
v -0.1925 0.6325 1.2202
v -0.1347 0.7704 1.1096
v -0.4014 0.7693 0.9412
v -0.4925 0.6307 1.0247
v -0.0546 0.8355 1.0021
v 0.0315 0.8447 0.8376
v -0.1847 0.8451 0.7084
v -0.3213 0.8345 0.8337
v -0.2176 0.3052 1.2515
v -0.2219 0.4910 1.2596
v -0.5219 0.4891 1.0641
v -0.5140 0.3038 1.0569
v 0.0547 0.0040 0.8013
v -0.0314 -0.0053 0.9659
v -0.2895 -0.0054 0.7998
v -0.1528 0.0052 0.6746
v 0.1146 0.7945 0.7246
v 0.1786 0.6697 0.6025
v 0.0007 0.6713 0.5019
v -0.1016 0.7949 0.5955
v 0.1917 0.2070 0.5826
v 0.1339 0.0692 0.6932
v -0.0736 0.0704 0.5665
v 0.0174 0.2091 0.4830
v -1.0212 0.2965 0.3616
v -1.0335 0.4798 0.3667
v -1.1145 0.4743 0.0312
v -1.0980 0.2946 0.0307
v -0.7522 0.8272 0.2822
v -0.5829 0.8405 0.2120
v -0.6491 0.8378 -0.0162
v -0.8288 0.8214 -0.0107
v -0.5227 0.0126 0.1936
v -0.6920 -0.0006 0.2638
v -0.7587 0.0021 -0.0182
v -0.5790 0.0186 -0.0237
v -0.9901 0.6204 0.3568
v -0.8790 0.7594 0.3107
v -0.9556 0.7536 0.0178
v -1.0711 0.6149 0.0213
v -0.3187 0.6747 0.1280
v -0.3748 0.6768 -0.0513
v -0.5134 0.7923 -0.0470
v -0.4472 0.7950 0.1812
v -0.2850 0.2195 0.1184
v -0.3961 0.0805 0.1645
v -0.4523 0.0864 -0.0528
v -0.3369 0.2251 -0.0563
v -0.2541 0.5433 0.1132
v -0.2418 0.3600 0.1082
v -0.2937 0.3656 -0.0666
v -0.3101 0.5454 -0.0661
v -0.3952 0.7806 -0.5244
v -0.2673 0.6708 -0.4777
v -0.1494 0.6630 -0.6211
v -0.2426 0.7647 -0.7051
v -0.2274 0.2428 -0.4571
v -0.3305 0.1067 -0.4948
v -0.1900 0.1228 -0.6638
v -0.1145 0.2482 -0.5957
v -0.2132 0.5492 -0.4422
v -0.1956 0.3753 -0.4358
v -0.0827 0.3807 -0.5744
v -0.0952 0.5413 -0.5856
v -0.8739 0.5986 -0.7559
v -0.7708 0.7347 -0.7182
v -0.5742 0.7206 -0.9467
v -0.6497 0.5952 -1.0148
v -0.6691 0.8013 -0.6548
v -0.5058 0.8200 -0.5952
v -0.3532 0.8041 -0.7758
v -0.4725 0.7873 -0.8833
v -0.8889 0.2924 -0.7697
v -0.9064 0.4662 -0.7760
v -0.6822 0.4629 -1.0350
v -0.6697 0.3022 -1.0238
v -0.4314 0.0401 -0.5600
v -0.5947 0.0215 -0.6196
v -0.4102 0.0395 -0.8365
v -0.2909 0.0563 -0.7290
v 0.2825 0.5163 -0.8115
v 0.2875 0.3851 -0.8017
v 0.4477 0.3967 -0.8261
v 0.4469 0.5003 -0.8336
v 0.0828 0.5670 -1.3244
v 0.1211 0.6675 -1.2485
v 0.3707 0.6379 -1.2450
v 0.3635 0.5593 -1.3125
v 0.1444 0.7159 -1.1601
v 0.2036 0.7269 -1.0430
v 0.4050 0.6938 -1.0535
v 0.3940 0.6863 -1.1566
v 0.0796 0.3374 -1.3446
v 0.0747 0.4686 -1.3544
v 0.3554 0.4609 -1.3425
v 0.3562 0.3573 -1.3350
v 0.2217 0.1376 -0.9989
v 0.1624 0.1266 -1.1160
v 0.4020 0.1636 -1.1180
v 0.4131 0.1711 -1.0150
v 0.2269 0.6948 -0.9467
v 0.2723 0.6097 -0.8570
v 0.4367 0.5937 -0.8791
v 0.4283 0.6617 -0.9572
v 0.2812 0.2857 -0.8327
v 0.2428 0.1851 -0.9086
v 0.4342 0.2187 -0.9247
v 0.4414 0.2973 -0.8571
v 0.9303 0.6270 -0.9724
v 0.8992 0.6325 -0.8984
v 1.0504 0.6214 -0.7994
v 1.1069 0.6181 -0.8431
v 1.0030 0.3798 -1.0910
v 1.0051 0.4601 -1.0961
v 1.1994 0.4589 -0.9474
v 1.1967 0.3875 -0.9454
v 0.8878 0.2378 -0.8764
v 0.9189 0.2323 -0.9504
v 1.0943 0.2447 -0.8284
v 1.0377 0.2480 -0.7847
v 0.9907 0.5324 -1.0764
v 0.9702 0.5930 -1.0277
v 1.1468 0.5841 -0.8984
v 1.1849 0.5312 -0.9278
v 0.8343 0.5539 -0.7840
v 0.9672 0.5475 -0.7086
v 1.0091 0.5957 -0.7409
v 0.8578 0.6068 -0.8400
v 0.8280 0.3326 -0.7721
v 0.8485 0.2719 -0.8208
v 0.9984 0.2821 -0.7291
v 0.9603 0.3350 -0.6997
v 0.8161 0.4850 -0.7574
v 0.8139 0.4047 -0.7523
v 0.9463 0.4072 -0.6799
v 0.9489 0.4786 -0.6820
v 0.0945 2.1854 0.8922
v 0.2223 2.1838 0.7549
v 0.2506 2.0573 0.8088
v 0.1247 2.0576 0.9474
v 0.9232 1.6576 1.5045
v 0.7975 1.6602 1.6415
v 0.8016 1.4803 1.6893
v 0.9281 1.4634 1.5495
v 0.4039 1.9528 0.7832
v 0.5910 1.9546 0.7742
v 0.6127 1.7774 0.8295
v 0.4273 1.7810 0.8369
v 0.7326 1.9597 0.8242
v 0.8713 1.9626 0.9501
v 0.8921 1.7796 1.0050
v 0.7543 1.7825 0.8796
v 0.3000 1.6735 0.9322
v 0.3009 1.5291 0.9701
v 0.1753 1.5415 1.1074
v 0.1752 1.6749 1.0671
v -0.4242 0.1141 2.0593
v -0.6553 0.0954 2.0797
v -0.6158 -0.0265 1.9413
v -0.3862 -0.0079 1.9103
v 0.0784 1.0140 1.0991
v -0.0351 0.9014 1.1307
v -0.1203 0.9766 1.3039
v -0.0275 1.0588 1.2640
v -0.3705 -0.0568 1.7642
v -0.6002 -0.0754 1.7952
v -0.5763 -0.0663 1.6073
v -0.3763 -0.0439 1.5664
v 0.3289 1.4229 1.7393
v 0.1906 1.4409 1.6086
v 0.1666 1.3060 1.6537
v 0.3056 1.2617 1.7822
v 0.1238 1.4534 1.4697
v 0.1150 1.4605 1.2801
v 0.0847 1.3349 1.3193
v 0.0998 1.3185 1.5148
v 0.4217 1.4100 0.9294
v 0.6090 1.3820 0.9225
v 0.5674 1.2089 0.9416
v 0.3838 1.2703 0.9574
v 0.7513 1.3487 0.9726
v 0.8906 1.3250 1.1009
v 0.8508 1.1198 1.1185
v 0.7097 1.1756 0.9917
v 0.8711 0.9500 1.2668
v 0.8860 0.9375 1.4628
v 0.8033 0.7392 1.4753
v 0.7818 0.7610 1.2719
v 0.3981 0.3054 1.3400
v 0.4217 0.2811 1.5502
v 0.2233 0.1385 1.6007
v 0.2033 0.1622 1.3907
v -0.1972 0.9198 1.3317
v -0.1119 0.8446 1.1585
v -0.2429 0.7599 1.2018
v -0.3063 0.8633 1.3720
v -0.5982 0.7406 1.4784
v -0.5602 0.6195 1.3285
v -0.6914 0.5875 1.3691
v -0.7306 0.7068 1.5100
v 0.6007 1.0478 1.8446
v 0.4173 1.1050 1.8599
v 0.3583 0.9535 1.9018
v 0.5303 0.8658 1.8719
v 0.2317 0.4987 1.9741
v 0.0861 0.6307 2.0093
v -0.0540 0.5508 2.0520
v 0.0563 0.3811 2.0212
v 0.6605 1.0408 0.9999
v 0.8016 0.9850 1.1267
v 0.7124 0.7960 1.1318
v 0.5744 0.8802 1.0091
v 0.2194 0.4807 1.0741
v 0.3402 0.3672 1.1975
v 0.1454 0.2240 1.2482
v 0.0528 0.3607 1.1216
v 0.3386 1.1644 0.9717
v 0.5222 1.1031 0.9559
v 0.4360 0.9425 0.9652
v 0.2634 1.0341 0.9950
v -0.0291 0.7353 1.0705
v 0.1173 0.6005 1.0348
v -0.0492 0.4806 1.0823
v -0.1600 0.6506 1.1138
v 0.2805 1.1637 1.8149
v 0.1415 1.2081 1.6865
v 0.0853 1.0875 1.7340
v 0.2215 1.0122 1.8567
v -0.0110 0.7523 1.9684
v -0.1300 0.8636 1.8447
v -0.2431 0.8099 1.8846
v -0.1511 0.6724 2.0112
v 0.0722 1.2385 1.5478
v 0.0571 1.2548 1.3522
v -0.0059 1.1428 1.3919
v 0.0160 1.1179 1.5953
v -0.1861 0.9262 1.7035
v -0.2104 0.9530 1.4939
v -0.3196 0.8965 1.5342
v -0.2992 0.8725 1.7434
v -0.2486 0.6353 2.0375
v -0.3406 0.7727 1.9109
v -0.4702 0.7364 1.9418
v -0.4238 0.5965 2.0712
v -0.8838 0.5370 2.1039
v -0.8894 0.6700 1.9795
v -1.0511 0.6580 1.9641
v -1.0845 0.5317 2.0773
v 0.0341 0.0774 1.4390
v 0.0541 0.0537 1.6489
v -0.1979 -0.0197 1.7211
v -0.2037 -0.0067 1.5234
v -1.3221 -0.0376 1.4415
v -1.4158 -0.0439 1.5938
v -1.5625 -0.0368 1.4652
v -1.4318 -0.0258 1.3386
v -0.3801 0.8390 1.7696
v -0.4004 0.8631 1.5604
v -0.5159 0.8160 1.6034
v -0.5097 0.8027 1.8004
v -0.8698 0.7309 1.8476
v -0.8457 0.7408 1.6613
v -0.9805 0.7270 1.6582
v -1.0316 0.7190 1.8322
v -0.0751 0.3274 2.0532
v -0.1853 0.4971 2.0840
v -0.3605 0.4584 2.1177
v -0.3010 0.2733 2.1042
v -0.8509 0.2202 2.1431
v -0.8828 0.4006 2.1520
v -1.0835 0.3953 2.1254
v -1.0791 0.2229 2.1129
v -0.2771 0.5862 1.1574
v -0.1664 0.4161 1.1259
v -0.3580 0.3360 1.2064
v -0.4180 0.5215 1.2207
v -0.7563 0.4430 1.3168
v -0.7245 0.2618 1.3064
v -0.8875 0.2574 1.3083
v -0.8916 0.4310 1.3212
v -0.0982 0.2803 1.1708
v -0.0057 0.1435 1.2974
v -0.2435 0.0594 1.3818
v -0.2899 0.2002 1.2513
v -0.7214 0.1248 1.3549
v -0.7157 -0.0107 1.4817
v -0.9173 -0.0069 1.4718
v -0.8844 0.1204 1.3569
v -1.1885 0.5868 1.2753
v -1.2761 0.6098 1.1846
v -1.3758 0.7337 1.2806
v -1.2597 0.7062 1.3922
v -0.8176 0.6926 1.5228
v -0.7785 0.5733 1.3820
v -0.9138 0.5613 1.3864
v -0.9524 0.6788 1.5197
v -1.0357 0.6792 1.5035
v -0.9971 0.5617 1.3701
v -1.1127 0.5738 1.3246
v -1.1839 0.6931 1.4415
v -1.6673 0.7759 0.7043
v -1.5412 0.6535 0.6465
v -1.5763 0.6615 0.5011
v -1.7093 0.7860 0.5419
v -1.6434 -0.0319 1.3708
v -1.7558 -0.0279 1.2099
v -1.6000 -0.0164 1.1109
v -1.5126 -0.0209 1.2442
v -1.7546 -0.0125 0.7305
v -1.9223 -0.0240 0.8076
v -1.9763 -0.0171 0.6270
v -1.7981 -0.0068 0.5723
v -1.2290 0.5342 2.0357
v -1.1956 0.6605 1.9225
v -1.3867 0.6767 1.8388
v -1.4483 0.5493 1.9372
v -1.8756 0.5904 1.5745
v -1.7899 0.7270 1.4915
v -1.9038 0.7397 1.3229
v -2.0070 0.6011 1.3886
v -1.1414 0.7198 1.8038
v -1.0903 0.7278 1.6299
v -1.2386 0.7417 1.5679
v -1.3325 0.7361 1.7201
v -1.6831 0.7918 1.4113
v -1.5519 0.7993 1.2848
v -1.6412 0.8160 1.1437
v -1.7970 0.8045 1.2427
v -1.2452 0.2274 2.0642
v -1.2496 0.3998 2.0767
v -1.4689 0.4150 1.9783
v -1.4623 0.2408 1.9654
v -2.2425 0.2830 0.9379
v -2.2530 0.4676 0.9426
v -2.3133 0.4784 0.7433
v -2.3034 0.2920 0.7403
v -0.9731 0.4331 1.3084
v -0.9690 0.2595 1.2956
v -1.0824 0.2722 1.2500
v -1.0887 0.4452 1.2629
v -1.2894 0.4920 1.0631
v -1.2805 0.3131 1.0539
v -1.3514 0.3252 0.9378
v -1.3611 0.5093 0.9438
v -0.9896 0.1253 1.3372
v -1.0224 -0.0020 1.4522
v -1.1652 0.0126 1.3903
v -1.1030 0.1379 1.2916
v -1.3201 0.1737 1.0808
v -1.4069 0.0431 1.1637
v -1.4942 0.0476 1.0304
v -1.3909 0.1858 0.9647
v -1.4016 0.5147 0.8581
v -1.3919 0.3306 0.8521
v -1.4403 0.3311 0.7167
v -1.4508 0.5157 0.7213
v -1.5330 0.5279 0.3760
v -1.5231 0.3415 0.3730
v -1.5382 0.3397 0.2236
v -1.5499 0.5238 0.2253
v -1.4350 0.1893 0.8739
v -1.5383 0.0511 0.9396
v -1.5945 0.0511 0.7897
v -1.4834 0.1898 0.7385
v -1.5708 0.1997 0.3834
v -1.6898 0.0606 0.4201
v -1.7064 0.0594 0.2521
v -1.5860 0.1979 0.2340
v -1.5972 0.6630 0.3881
v -1.6141 0.6589 0.2374
v -1.7511 0.7807 0.2580
v -1.7302 0.7875 0.4289
v -1.7471 0.7831 -0.1191
v -1.6086 0.6612 -0.1187
v -1.5873 0.6717 -0.2599
v -1.7248 0.7963 -0.2809
v -2.3000 0.1552 -0.1453
v -2.2807 0.1670 -0.3517
v -2.1432 0.0425 -0.3307
v -2.1614 0.0333 -0.1449
v -2.3357 0.2932 0.5847
v -2.3456 0.4796 0.5876
v -2.3719 0.4719 0.3709
v -2.3602 0.2878 0.3692
v -2.0000 -0.0155 0.5021
v -2.0205 -0.0183 0.3068
v -1.8384 -0.0065 0.2794
v -1.8218 -0.0052 0.4473
v -1.8361 -0.0040 -0.1333
v -2.0202 -0.0158 -0.1338
v -2.0019 -0.0067 -0.3196
v -1.8176 0.0037 -0.2915
v -2.0814 0.6054 1.2527
v -1.9782 0.7440 1.1870
v -2.0480 0.7441 1.0119
v -2.1591 0.6054 1.0631
v -2.3285 0.6163 -0.1439
v -2.2066 0.7548 -0.1435
v -2.1845 0.7695 -0.3330
v -2.3076 0.6304 -0.3518
v -1.8590 0.8099 1.1251
v -1.7032 0.8214 1.0262
v -1.7611 0.8215 0.8730
v -1.9288 0.8100 0.9501
v -2.0723 0.8204 -0.1314
v -1.8882 0.8322 -0.1309
v -1.8659 0.8454 -0.2927
v -2.0502 0.8351 -0.3208
v -2.3703 0.2853 0.2121
v -2.3820 0.4694 0.2138
v -2.3839 0.4695 0.0045
v -2.3721 0.2854 0.0046
v -2.3163 0.3069 -0.5139
v -2.3265 0.4933 -0.5154
v -2.2676 0.4926 -0.7312
v -2.2563 0.3085 -0.7278
v -1.6209 0.8488 -1.0159
v -1.5195 0.8453 -1.1698
v -1.6733 0.8350 -1.2752
v -1.7866 0.8370 -1.0964
v -2.0246 0.8401 -0.4543
v -1.8403 0.8504 -0.4261
v -1.7964 0.8506 -0.5984
v -1.9723 0.8388 -0.6528
v -1.9029 0.7713 -1.1646
v -1.7896 0.7693 -1.3434
v -1.8922 0.6302 -1.4138
v -2.0124 0.6328 -1.2178
v -2.2789 0.6352 -0.5040
v -2.1558 0.7743 -0.4852
v -2.1036 0.7731 -0.6838
v -2.2200 0.6345 -0.7198
v -1.5544 0.5229 0.1245
v -1.5427 0.3388 0.1228
v -1.5396 0.3389 -0.0173
v -1.5514 0.5230 -0.0173
v -1.5011 0.5416 -0.3578
v -1.4909 0.3552 -0.3563
v -1.4511 0.3604 -0.5067
v -1.4624 0.5445 -0.5101
v -1.5906 0.1974 0.1254
v -1.7111 0.0589 0.1436
v -1.7093 0.0589 -0.0150
v -1.5875 0.1975 -0.0147
v -1.5384 0.2133 -0.3679
v -1.6615 0.0742 -0.3867
v -1.6151 0.0799 -0.5544
v -1.4987 0.2184 -0.5183
v -1.5648 0.6767 -0.3726
v -1.5262 0.6796 -0.5250
v -1.6585 0.8014 -0.5659
v -1.7024 0.8012 -0.3936
v -1.4991 0.7997 -0.9437
v -1.3744 0.6778 -0.8832
v -1.2828 0.6717 -1.0190
v -1.3976 0.7962 -1.0975
v -1.7416 0.0007 -1.0708
v -1.6333 -0.0068 -1.2480
v -1.4795 0.0035 -1.1426
v -1.5759 0.0125 -0.9904
v -1.7927 0.0085 -0.4179
v -1.9770 -0.0018 -0.4460
v -1.9222 0.0024 -0.6400
v -1.7463 0.0142 -0.5856
v -2.1699 0.6339 -0.8690
v -2.0535 0.7725 -0.8329
v -1.9763 0.7722 -1.0216
v -2.0859 0.6336 -1.0749
v -1.8008 0.6284 -1.5357
v -1.6981 0.7676 -1.4652
v -1.5736 0.7647 -1.6006
v -1.6694 0.6258 -1.6788
v -1.7027 0.0159 -0.7117
v -1.8786 0.0041 -0.7661
v -1.8030 0.0038 -0.9507
v -1.6373 0.0156 -0.8703
v -0.9616 0.0044 -1.6309
v -1.0946 -0.0065 -1.7595
v -0.9394 -0.0050 -1.8506
v -0.8199 0.0059 -1.7095
v -1.9290 0.8384 -0.7835
v -1.7531 0.8502 -0.7291
v -1.6863 0.8499 -0.8918
v -1.8519 0.8381 -0.9722
v -1.5909 0.8331 -1.3822
v -1.4371 0.8434 -1.2769
v -1.3224 0.8411 -1.4003
v -1.4663 0.8303 -1.5176
v -2.2033 0.3084 -0.8833
v -2.2146 0.4925 -0.8868
v -2.1306 0.4922 -1.0926
v -2.1200 0.3080 -1.0875
v -1.3303 0.3007 -2.0108
v -1.3384 0.4857 -2.0180
v -1.1723 0.4871 -2.1195
v -1.1650 0.3022 -2.1113
v -1.4285 0.5460 -0.6117
v -1.4172 0.3618 -0.6083
v -1.3587 0.3615 -0.7497
v -1.3693 0.5457 -0.7548
v -1.1590 0.5334 -1.0704
v -1.1504 0.3470 -1.0647
v -1.0429 0.3462 -1.1779
v -1.0513 0.5319 -1.1847
v -1.4619 0.2204 -0.6261
v -1.5783 0.0819 -0.6622
v -1.5130 0.0815 -0.8208
v -1.4034 0.2201 -0.7675
v -1.1895 0.2049 -1.0951
v -1.2922 0.0658 -1.1655
v -1.1779 0.0651 -1.2865
v -1.0821 0.2041 -1.2083
v -0.8054 0.6695 -1.4618
v -0.6719 0.6710 -1.5329
v -0.7615 0.7940 -1.6384
v -0.9051 0.7926 -1.5578
v -1.3250 0.7937 -1.1894
v -1.2102 0.6692 -1.1108
v -1.1026 0.6676 -1.2251
v -1.2103 0.7913 -1.3128
v -0.3825 0.3030 -2.4696
v -0.3875 0.4874 -2.4800
v -0.1831 0.4869 -2.5431
v -0.1797 0.3027 -2.5318
v -1.1273 0.7910 -1.3900
v -1.0195 0.6673 -1.3023
v -0.8976 0.6688 -1.4001
v -0.9973 0.7918 -1.4961
v -0.1699 0.0095 -1.9846
v -0.2498 -0.0021 -2.1509
v -0.0668 -0.0020 -2.2055
v -0.0133 0.0098 -2.0292
v -1.5688 0.6251 -1.7750
v -1.4730 0.7640 -1.6967
v -1.3321 0.7648 -1.8141
v -1.4204 0.6263 -1.8998
v -1.3745 0.8297 -1.6044
v -1.2305 0.8404 -1.4871
v -1.1006 0.8413 -1.5932
v -1.2336 0.8304 -1.7218
v 0.1098 2.2313 1.3556
v 0.1428 2.0895 1.4112
v 0.2815 2.0925 1.5371
v 0.2463 2.2526 1.4825
v -0.9720 0.5322 -1.2578
v -0.9636 0.3465 -1.2510
v -0.8419 0.3487 -1.3483
v -0.8500 0.5337 -1.3556
v -0.9988 0.2048 -1.2850
v -1.0946 0.0659 -1.3632
v -0.9654 0.0685 -1.4680
v -0.8772 0.2070 -1.3823
v 0.0409 2.1963 1.0324
v 0.0711 2.0685 1.0877
v 0.0801 2.0708 1.2747
v 0.0470 2.2125 1.2192
v 0.7111 2.2840 1.4618
v 0.7464 2.1117 1.5148
v 0.8723 2.1114 1.3761
v 0.8389 2.2824 1.3245
v 0.6611 1.6724 1.7045
v 0.4749 1.6758 1.7114
v 0.4771 1.5195 1.7590
v 0.6652 1.4925 1.7522
v 0.3879 2.2668 1.5328
v 0.4230 2.1066 1.5874
v 0.6101 2.1085 1.5784
v 0.5748 2.2808 1.5254
v -0.2992 0.0464 -2.2832
v -0.3593 0.1687 -2.4081
v -0.1565 0.1684 -2.4704
v -0.1163 0.0465 -2.3378
v -1.1874 0.0429 -1.8662
v -1.2872 0.1660 -1.9623
v -1.1219 0.1675 -2.0628
v -1.0322 0.0444 -1.9573
v -2.0098 0.0524 -0.8182
v -2.1422 0.1742 -0.8591
v -2.0589 0.1739 -1.0633
v -1.9342 0.0521 -1.0028
v -2.1149 0.0473 -0.4783
v -2.2525 0.1718 -0.4992
v -2.1925 0.1734 -0.7131
v -2.0601 0.0516 -0.6722
v -2.1677 0.0294 0.1873
v -2.3047 0.1512 0.2079
v -2.3066 0.1513 0.0004
v -2.1680 0.0294 0.0008
v -2.1387 0.0337 0.5309
v -2.2717 0.1582 0.5717
v -2.2962 0.1528 0.3562
v -2.1592 0.0309 0.3356
v -2.3772 0.4744 -0.1493
v -2.3563 0.4885 -0.3572
v -2.3461 0.3021 -0.3557
v -2.3654 0.2902 -0.1493
v -2.0553 0.0254 0.8566
v -2.1814 0.1478 0.9144
v -2.2423 0.1568 0.7169
v -2.1093 0.0323 0.6761
v -1.1809 -0.0182 1.8719
v -1.2199 0.0992 2.0034
v -1.4370 0.1126 1.9046
v -1.3665 -0.0041 1.7880
v -0.7893 -0.0322 1.9403
v -0.8288 0.0897 2.0787
v -1.0570 0.0923 2.0485
v -1.0180 -0.0251 1.9170
v 0.0428 0.0961 1.8048
v -0.0213 0.1990 1.9750
v -0.2473 0.1448 2.0260
v -0.2092 0.0228 1.8770
v 0.4026 0.3125 1.7128
v 0.3156 0.3904 1.8863
v 0.1401 0.2728 1.9335
v 0.2042 0.1699 1.7633
v 0.8461 0.9538 1.6170
v 0.7259 0.9921 1.7671
v 0.6555 0.8101 1.7944
v 0.7634 0.7556 1.6295
v -0.5158 0.4333 2.1402
v -0.7193 0.4098 2.1560
v -0.6874 0.2295 2.1471
v -0.4563 0.2482 2.1267
v 0.9606 0.2579 -1.0087
v 0.9841 0.3108 -1.0646
v 1.1779 0.3185 -0.9190
v 1.1360 0.2703 -0.8867
v 0.1375 0.1600 -1.2108
v 0.0921 0.2450 -1.3005
v 0.3687 0.2649 -1.2909
v 0.3771 0.1970 -1.2128
v -0.7058 0.0612 -0.6892
v -0.8337 0.1710 -0.7358
v -0.6145 0.1809 -0.9900
v -0.5213 0.0792 -0.9060
v -0.8279 0.0448 0.2942
v -0.9563 0.1651 0.3474
v -1.0331 0.1631 0.0165
v -0.8945 0.0476 0.0122
v -0.1152 0.0449 1.0783
v -0.1792 0.1698 1.2005
v -0.4755 0.1683 1.0059
v -0.3733 0.0448 0.9123
v 0.8094 0.0476 1.2467
v 0.8340 0.1696 1.3818
v 0.5246 0.1695 1.3822
v 0.5464 0.0470 1.2464
v 1.8156 0.0423 0.7820
v 1.9281 0.1646 0.8656
v 1.7711 0.1678 1.0569
v 1.6855 0.0449 0.9488
v 2.3791 0.4915 -0.4065
v 2.3777 0.4926 -0.1514
v 2.3666 0.2951 -0.1528
v 2.3681 0.2970 -0.4059
v 2.0022 0.4879 -1.6537
v 2.1265 0.4883 -1.4325
v 2.1166 0.3040 -1.4277
v 1.9938 0.3055 -1.6471
v 0.8142 0.0485 -2.2928
v 0.8373 0.1679 -2.4289
v 1.0951 0.1687 -2.3486
v 1.0394 0.0470 -2.2220
v -1.4403 0.0389 -1.6700
v -1.5481 0.1626 -1.7577
v -1.3999 0.1645 -1.8821
v -1.3002 0.0415 -1.7860
v -1.8401 0.4863 -1.5658
v -1.7087 0.4836 -1.7090
v -1.7003 0.2979 -1.7023
v -1.8316 0.2999 -1.5601
v -2.0549 0.4909 -1.2422
v -1.9347 0.4883 -1.4382
v -1.9261 0.3019 -1.4325
v -2.0443 0.3067 -1.2372
v -1.9392 0.0224 1.1646
v -2.0563 0.1448 1.2389
v -2.1333 0.1448 1.0506
v -2.0073 0.0224 0.9928
v -1.9138 0.4497 1.6027
v -2.0451 0.4604 1.4168
v -2.0353 0.2758 1.4108
v -1.9045 0.2684 1.5935
v -1.6196 0.4249 1.8828
v -1.7972 0.4414 1.7299
v -1.7879 0.2601 1.7208
v -1.6130 0.2508 1.8700
v 0.6814 0.6162 1.6487
v 0.5735 0.6707 1.8137
v 0.4396 0.5064 1.8554
v 0.5266 0.4285 1.6819
v 0.4706 1.3924 1.7906
v 0.4473 1.2312 1.8335
v 0.6307 1.1740 1.8181
v 0.6586 1.3654 1.7839
v 0.4439 1.9800 1.6257
v 0.4656 1.8019 1.6757
v 0.6518 1.7985 1.6688
v 0.6310 1.9818 1.6166
v -0.9097 0.0451 -2.0245
v -0.9993 0.1681 -2.1300
v -0.8172 0.1686 -2.2238
v -0.7417 0.0460 -2.1076
v -0.6109 0.0461 -2.1666
v -0.6864 0.1688 -2.2827
v -0.4967 0.1687 -2.3601
v -0.4366 0.0465 -2.2351
v -0.7092 0.0068 -1.7675
v -0.8287 -0.0041 -1.9086
v -0.6607 -0.0032 -1.9917
v -0.5603 0.0081 -1.8367
v -0.4440 0.0086 -1.8868
v -0.5444 -0.0026 -2.0417
v -0.3701 -0.0023 -2.1103
v -0.2903 0.0093 -1.9440
v -1.0371 0.3028 -2.1831
v -1.0444 0.4877 -2.1912
v -0.8613 0.4879 -2.2862
v -0.8550 0.3032 -2.2768
v -0.7175 0.3032 -2.3404
v -0.7238 0.4879 -2.3497
v -0.5328 0.4877 -2.4281
v -0.5277 0.3032 -2.4177
v -0.8604 0.8333 -1.9469
v -0.7409 0.8442 -1.8058
v -0.5897 0.8450 -1.8780
v -0.6901 0.8337 -2.0329
v -0.5714 0.8339 -2.0854
v -0.4710 0.8452 -1.9304
v -0.3141 0.8453 -1.9904
v -0.3940 0.8337 -2.1567
v -1.0166 0.6291 -2.1513
v -0.9373 0.7676 -2.0572
v -0.7670 0.7679 -2.1432
v -0.8336 0.6294 -2.2462
v -0.7010 0.6294 -2.3069
v -0.6345 0.7680 -2.2039
v -0.4571 0.7678 -2.2752
v -0.5100 0.6292 -2.3854
v -0.5344 0.5374 -1.5304
v -0.5271 0.3525 -1.5223
v -0.3909 0.3538 -1.5826
v -0.3973 0.5385 -1.5919
v -0.2994 0.5393 -1.6312
v -0.2930 0.3546 -1.6219
v -0.1529 0.3553 -1.6720
v -0.1580 0.5398 -1.6824
v -0.5540 0.2112 -1.5625
v -0.6333 0.0727 -1.6566
v -0.4843 0.0739 -1.7258
v -0.4178 0.2125 -1.6228
v -0.3152 0.2132 -1.6648
v -0.3817 0.0746 -1.7679
v -0.2280 0.0752 -1.8251
v -0.1751 0.2139 -1.7149
v -0.6608 0.7950 -1.6894
v -0.5711 0.6720 -1.5839
v -0.4340 0.6731 -1.6454
v -0.5095 0.7957 -1.7615
v -0.4052 0.7963 -1.8053
v -0.3296 0.6737 -1.6891
v -0.1882 0.6742 -1.7403
v -0.2483 0.7965 -1.8652
v 0.0340 0.0465 -2.3675
v -0.0063 0.1685 -2.5001
v 0.2175 0.1682 -2.5239
v 0.2321 0.0472 -2.3863
v 0.4044 0.0474 -2.3783
v 0.3897 0.1684 -2.5160
v 0.6574 0.1680 -2.4725
v 0.6342 0.0485 -2.3363
v 0.1253 0.7961 -1.9662
v 0.1656 0.6742 -1.8336
v 0.3092 0.6744 -1.8436
v 0.2945 0.7954 -1.9812
v 0.4056 0.7951 -1.9730
v 0.4203 0.6741 -1.8353
v 0.5708 0.6745 -1.7996
v 0.5940 0.7939 -1.9358
v 0.1132 0.0102 -2.0527
v 0.0597 -0.0016 -2.2290
v 0.2579 -0.0009 -2.2478
v 0.2773 0.0114 -2.0654
v 0.4161 0.0123 -2.0562
v 0.3967 0.0000 -2.2386
v 0.6265 0.0012 -2.1966
v 0.5960 0.0144 -2.0171
v -0.0185 0.3023 -2.5646
v -0.0219 0.4865 -2.5758
v 0.2040 0.4855 -2.6006
v 0.2053 0.3020 -2.5884
v 0.3930 0.3013 -2.5814
v 0.3916 0.4847 -2.5936
v 0.6628 0.4829 -2.5509
v 0.6606 0.3008 -2.5379
v 0.0468 0.8325 -2.2812
v 0.1003 0.8442 -2.1049
v 0.2695 0.8435 -2.1199
v 0.2501 0.8312 -2.3023
v 0.3953 0.8303 -2.2950
v 0.4147 0.8426 -2.1126
v 0.6030 0.8414 -2.0754
v 0.6336 0.8282 -2.2549
v -0.0130 0.6277 -2.5290
v 0.0223 0.7663 -2.4123
v 0.2256 0.7651 -2.4334
v 0.2129 0.6267 -2.5538
v 0.3894 0.6253 -2.5471
v 0.4022 0.7637 -2.4268
v 0.6406 0.7616 -2.3867
v 0.6606 0.6236 -2.5044
v 0.1767 0.5403 -1.7691
v 0.1802 0.3561 -1.7578
v 0.3217 0.3572 -1.7668
v 0.3204 0.5406 -1.7791
v 0.4152 0.5413 -1.7704
v 0.4166 0.3579 -1.7581
v 0.5636 0.3596 -1.7216
v 0.5658 0.5417 -1.7347
v 0.1721 0.2150 -1.8047
v 0.1367 0.0764 -1.9214
v 0.3008 0.0776 -1.9341
v 0.3136 0.2160 -1.8137
v 0.4201 0.2174 -1.8043
v 0.4073 0.0790 -1.9246
v 0.5872 0.0810 -1.8855
v 0.5671 0.2191 -1.7678
v 1.3016 0.4870 -2.3397
v 1.5280 0.4886 -2.2012
v 1.5214 0.3038 -2.1926
v 1.2968 0.3032 -2.3289
v 1.6883 0.4892 -2.0593
v 1.8838 0.4881 -1.8233
v 1.8754 0.3057 -1.8167
v 1.6818 0.3044 -2.0507
v 0.9244 0.5393 -1.6000
v 0.9196 0.3554 -1.5892
v 1.0535 0.3538 -1.5037
v 1.0601 0.5386 -1.5122
v 1.1431 0.5380 -1.4336
v 1.1366 0.3532 -1.4250
v 1.2544 0.3542 -1.2734
v 1.2628 0.5366 -1.2800
v 0.9444 0.2141 -1.6307
v 0.9934 0.0757 -1.7421
v 1.1526 0.0741 -1.6432
v 1.0783 0.2124 -1.5451
v 1.1714 0.2126 -1.4585
v 1.2456 0.0743 -1.5566
v 1.3844 0.0771 -1.3823
v 1.2892 0.2136 -1.3069
v 1.0136 0.7954 -1.7825
v 0.9578 0.6737 -1.6559
v 1.0935 0.6730 -1.5681
v 1.1771 0.7960 -1.6783
v 1.2731 0.7951 -1.5883
v 1.1895 0.6720 -1.4781
v 1.3091 0.6706 -1.3245
v 1.4162 0.7920 -1.4092
v 1.2769 0.6284 -2.2981
v 1.2279 0.7667 -2.1867
v 1.4290 0.7683 -2.0616
v 1.5033 0.6300 -2.1596
v 1.6540 0.6298 -2.0251
v 1.5798 0.7681 -1.9270
v 1.7543 0.7652 -1.7138
v 1.8495 0.6287 -1.7891
v 1.0619 0.0101 -1.8570
v 1.1360 -0.0017 -2.0253
v 1.3327 -0.0024 -1.9053
v 1.2211 0.0084 -1.7581
v 1.3412 0.0091 -1.6496
v 1.4528 -0.0018 -1.7968
v 1.6229 0.0012 -1.5884
v 1.4799 0.0119 -1.4753
v 1.2636 0.1688 -2.2729
v 1.4882 0.1694 -2.1366
v 1.4046 0.0464 -2.0264
v 1.2079 0.0471 -2.1463
v 1.6361 0.1703 -2.0053
v 1.8297 0.1717 -1.7714
v 1.7226 0.0502 -1.6867
v 1.5525 0.0473 -1.8951
v 1.1597 0.8324 -2.0717
v 1.0856 0.8442 -1.9034
v 1.2491 0.8448 -1.7993
v 1.3608 0.8340 -1.9465
v 1.4849 0.8333 -1.8333
v 1.3733 0.8441 -1.6861
v 1.5165 0.8411 -1.5069
v 1.6595 0.8304 -1.6201
v 2.2011 0.4879 -1.2623
v 2.2770 0.4896 -1.0280
v 2.2663 0.3006 -1.0251
v 2.1912 0.3035 -1.2575
v 2.3209 0.4893 -0.8479
v 2.3637 0.4917 -0.5952
v 2.3527 0.2972 -0.5945
v 2.3102 0.3003 -0.8450
v 1.9177 0.8348 -1.1446
v 1.7526 0.8457 -1.0627
v 1.7996 0.8512 -0.8820
v 1.9820 0.8400 -0.9317
v 2.0127 0.8442 -0.7850
v 1.8303 0.8553 -0.7353
v 1.8533 0.8615 -0.5454
v 2.0475 0.8504 -0.5574
v 1.4331 0.5376 -0.9319
v 1.4232 0.3533 -0.9271
v 1.4564 0.3507 -0.7726
v 1.4672 0.5398 -0.7754
v 1.4839 0.5395 -0.6654
v 1.4732 0.3504 -0.6626
v 1.4874 0.3472 -0.5031
v 1.4984 0.5417 -0.5038
v 1.4695 0.2107 -0.9434
v 1.5793 0.0726 -0.9979
v 1.6241 0.0665 -0.8219
v 1.5027 0.2081 -0.7889
v 1.5230 0.2046 -0.6704
v 1.6445 0.0630 -0.7034
v 1.6667 0.0560 -0.5189
v 1.5372 0.2013 -0.5109
v 2.1296 0.1676 -1.2351
v 2.2046 0.1646 -1.0026
v 2.0680 0.0388 -0.9655
v 2.0058 0.0450 -1.1737
v 2.2440 0.1612 -0.8345
v 2.2866 0.1581 -0.5840
v 2.1414 0.0283 -0.5751
v 2.1074 0.0353 -0.7973
v 1.6186 0.7961 -1.0149
v 1.4948 0.6735 -0.9535
v 1.5290 0.6757 -0.7970
v 1.6656 0.8015 -0.8342
v 1.6866 0.8044 -0.7128
v 1.5500 0.6786 -0.6756
v 1.5645 0.6808 -0.5140
v 1.7096 0.8106 -0.5229
v 2.1549 0.6306 -1.2454
v 2.0451 0.7687 -1.1908
v 2.1094 0.7740 -0.9779
v 2.2308 0.6324 -1.0110
v 2.2710 0.6353 -0.8399
v 2.1496 0.7768 -0.8068
v 2.1843 0.7830 -0.5792
v 2.3138 0.6376 -0.5872
v 1.7068 0.0064 -1.0434
v 1.8720 -0.0046 -1.1253
v 1.9341 -0.0108 -0.9170
v 1.7517 0.0003 -0.8674
v 1.7813 -0.0044 -0.7249
v 1.9638 -0.0155 -0.7746
v 1.9978 -0.0225 -0.5523
v 1.8036 -0.0114 -0.5403
v 2.1352 0.0211 0.0010
v 2.2814 0.1529 0.0207
v 2.2328 0.1535 0.2709
v 2.0949 0.0233 0.2221
v 2.0302 0.0266 0.4017
v 2.1681 0.1568 0.4504
v 2.0281 0.1607 0.7101
v 1.9156 0.0384 0.6265
v 1.7949 -0.0197 -0.0587
v 1.9906 -0.0308 -0.0323
v 1.9503 -0.0286 0.1889
v 1.7660 -0.0172 0.1237
v 1.7176 -0.0118 0.2702
v 1.9020 -0.0232 0.3354
v 1.7874 -0.0115 0.5603
v 1.6385 0.0011 0.4495
v 2.0403 0.8574 -0.0235
v 1.8446 0.8685 -0.0499
v 1.8151 0.8663 0.1379
v 1.9994 0.8548 0.2031
v 1.9505 0.8497 0.3559
v 1.7662 0.8612 0.2907
v 1.6853 0.8502 0.4788
v 1.8343 0.8376 0.5896
v 2.3087 0.6412 0.0259
v 2.1781 0.7887 0.0083
v 2.1372 0.7861 0.2349
v 2.2599 0.6398 0.2784
v 2.1947 0.6356 0.4623
v 2.0720 0.7819 0.4189
v 1.9559 0.7699 0.6526
v 2.0540 0.6297 0.7257
v 1.4872 0.5428 -0.1171
v 1.4762 0.3453 -0.1186
v 1.4551 0.3467 0.0379
v 1.4660 0.5422 0.0417
v 1.4402 0.5432 0.1462
v 1.4294 0.3477 0.1424
v 1.3747 0.3543 0.2921
v 1.3849 0.5400 0.2995
v 1.5264 0.1965 -0.1074
v 1.6570 0.0490 -0.0898
v 1.6281 0.0516 0.0925
v 1.5054 0.1979 0.0491
v 1.4732 0.2025 0.1646
v 1.5958 0.0561 0.2080
v 1.5167 0.0690 0.3873
v 1.4185 0.2091 0.3142
v 2.3479 0.2948 0.0361
v 2.3589 0.4923 0.0376
v 2.3101 0.4909 0.2901
v 2.2993 0.2954 0.2863
v 2.2275 0.2947 0.4813
v 2.2384 0.4902 0.4851
v 2.0977 0.4844 0.7484
v 2.0875 0.2987 0.7410
v 1.6999 0.8165 -0.0827
v 1.5537 0.6847 -0.1024
v 1.5325 0.6841 0.0564
v 1.6705 0.8143 0.1052
v 1.6378 0.8112 0.2250
v 1.4998 0.6810 0.1763
v 1.4445 0.6778 0.3295
v 1.5570 0.8002 0.4131
v 1.5616 0.0464 1.0608
v 1.6472 0.1694 1.1688
v 1.4481 0.1708 1.2946
v 1.3917 0.0466 1.1695
v 1.2276 0.0471 1.2231
v 1.2839 0.1713 1.3483
v 1.0266 0.1701 1.3743
v 1.0021 0.0480 1.2393
v 1.3276 0.7932 0.7139
v 1.2419 0.6703 0.6059
v 1.1336 0.6689 0.6741
v 1.1899 0.7930 0.7992
v 1.0953 0.7923 0.8246
v 1.0389 0.6682 0.6994
v 0.8836 0.6692 0.6991
v 0.9082 0.7913 0.8342
v 1.3738 0.0070 0.7963
v 1.4883 -0.0035 0.9410
v 1.3185 -0.0033 1.0496
v 1.2427 0.0060 0.8811
v 1.1152 0.0065 0.9194
v 1.1910 -0.0028 1.0880
v 0.9654 -0.0019 1.1041
v 0.9327 0.0089 0.9237
v 1.6808 0.3044 1.2235
v 1.6874 0.4889 1.2317
v 1.4855 0.4906 1.3577
v 1.4816 0.3058 1.3493
v 1.3012 0.3057 1.4096
v 1.3051 0.4905 1.4180
v 1.0459 0.4878 1.4463
v 1.0439 0.3045 1.4357
v 1.5155 0.8326 0.9783
v 1.4010 0.8432 0.8337
v 1.2633 0.8430 0.9189
v 1.3391 0.8337 1.0875
v 1.2058 0.8332 1.1287
v 1.1300 0.8424 0.9602
v 0.9429 0.8414 0.9698
v 0.9756 0.8306 1.1502
v 1.6618 0.6300 1.1895
v 1.5855 0.7679 1.0930
v 1.4091 0.7690 1.2022
v 1.4599 0.6317 1.3154
v 1.2918 0.6310 1.3710
v 1.2410 0.7682 1.2577
v 1.0109 0.7656 1.2792
v 1.0326 0.6283 1.3992
v 1.2082 0.5352 0.5513
v 1.2016 0.3508 0.5431
v 1.0960 0.3491 0.6111
v 1.0999 0.5339 0.6195
v 1.0242 0.5339 0.6382
v 1.0203 0.3491 0.6298
v 0.8669 0.3516 0.6272
v 0.8689 0.5349 0.6379
v 1.2274 0.2096 0.5853
v 1.3036 0.0717 0.6818
v 1.1726 0.0707 0.7665
v 1.1217 0.2080 0.6533
v 1.0316 0.2089 0.6767
v 1.0824 0.0717 0.7900
v 0.8999 0.0741 0.7942
v 0.8781 0.2114 0.6742
v 0.3400 0.0469 1.2237
v 0.3182 0.1694 1.3595
v 0.0263 0.1702 1.2910
v 0.0903 0.0454 1.1689
v 0.4698 0.2099 0.6598
v 0.4504 0.0724 0.7807
v 0.2577 0.0695 0.7429
v 0.3155 0.2074 0.6323
v 0.4422 0.7924 0.8201
v 0.4640 0.6699 0.6843
v 0.3070 0.6692 0.6545
v 0.2431 0.7940 0.7766
v 0.4112 0.0075 0.9087
v 0.3821 -0.0032 1.0902
v 0.1324 -0.0047 1.0354
v 0.2185 0.0046 0.8708
v 0.2988 0.3044 1.4203
v 0.2972 0.4883 1.4307
v 0.0026 0.4909 1.3599
v 0.0069 0.3052 1.3518
v 0.3720 0.8318 1.1355
v 0.4011 0.8425 0.9539
v 0.2019 0.8440 0.9104
v 0.1159 0.8348 1.0750
v 0.3122 0.6294 1.3840
v 0.3316 0.7669 1.2630
v 0.0754 0.7699 1.2026
v 0.0176 0.6320 1.3132
v 0.4820 0.5349 0.6233
v 0.4837 0.3510 0.6128
v 0.3294 0.3484 0.5853
v 0.3251 0.5342 0.5935
v -0.5489 0.0441 0.7474
v -0.6512 0.1676 0.8410
v -0.8572 0.1655 0.5607
v -0.7287 0.0452 0.5075
v -0.0633 0.5381 0.3678
v -0.0554 0.3527 0.3607
v -0.1825 0.3569 0.2132
v -0.1948 0.5402 0.2183
v -0.0943 0.2114 0.3875
v -0.1853 0.0728 0.4710
v -0.3324 0.0766 0.2861
v -0.2214 0.2156 0.2400
v -0.1170 0.6721 0.4042
v -0.2484 0.6742 0.2546
v -0.3769 0.7945 0.3078
v -0.2192 0.7956 0.4978
v -0.6741 0.6285 0.8575
v -0.5831 0.7671 0.7740
v -0.7734 0.7633 0.5290
v -0.8844 0.6243 0.5751
v -0.2953 0.0064 0.5450
v -0.4320 -0.0043 0.6702
v -0.6118 -0.0031 0.4303
v -0.4424 0.0101 0.3601
v -0.4723 0.8334 0.7009
v -0.3357 0.8441 0.5757
v -0.4933 0.8429 0.3857
v -0.6627 0.8297 0.4559
v -0.7057 0.3017 0.8765
v -0.7136 0.4870 0.8836
v -0.9240 0.4829 0.6012
v -0.9117 0.2996 0.5962
v -0.8902 0.0487 -0.2169
v -1.0288 0.1642 -0.2126
v -0.9414 0.1647 -0.5345
v -0.8136 0.0549 -0.4878
v -0.5756 0.0228 -0.1989
v -0.7553 0.0064 -0.1933
v -0.6787 0.0126 -0.4643
v -0.5153 0.0313 -0.4046
v -1.0949 0.2918 -0.2240
v -1.1113 0.4715 -0.2235
v -1.0251 0.4661 -0.5522
v -1.0075 0.2922 -0.5459
v -0.8312 0.8173 -0.1989
v -0.6515 0.8337 -0.2045
v -0.5940 0.8280 -0.4268
v -0.7573 0.8093 -0.4865
v -1.0708 0.6099 -0.2168
v -0.9553 0.7486 -0.2203
v -0.8814 0.7406 -0.5078
v -0.9845 0.6045 -0.5455
v -0.3123 0.5484 -0.1715
v -0.2959 0.3686 -0.1720
v -0.2480 0.3745 -0.3365
v -0.2655 0.5484 -0.3429
v -0.3362 0.2303 -0.1797
v -0.4517 0.0915 -0.1761
v -0.3914 0.1000 -0.3819
v -0.2883 0.2361 -0.3442
v -0.5168 0.7915 -0.1800
v -0.3781 0.6760 -0.1843
v -0.3313 0.6760 -0.3556
v -0.4592 0.7858 -0.4023
v -0.3347 0.0966 -1.0431
v -0.4279 0.1983 -1.1270
v -0.1153 0.2224 -1.2551
v -0.0699 0.1373 -1.1654
v -0.0076 0.2598 -0.6850
v -0.0832 0.1344 -0.7531
v 0.1216 0.1693 -0.8658
v 0.1600 0.2698 -0.7900
v -0.1264 0.7502 -0.7972
v -0.0331 0.6485 -0.7132
v 0.1420 0.6290 -0.8167
v 0.0966 0.7140 -0.9064
v -0.1460 0.0763 -0.8416
v -0.2653 0.0595 -0.9492
v -0.0004 0.1001 -1.0715
v 0.0588 0.1111 -0.9544
v -0.4621 0.3072 -1.1719
v -0.4746 0.4679 -1.1831
v -0.1544 0.4625 -1.3098
v -0.1495 0.3313 -1.3000
v -0.3143 0.7696 -1.0001
v -0.1949 0.7864 -0.8926
v 0.0280 0.7503 -1.0019
v -0.0312 0.7393 -1.1189
v -0.4537 0.5854 -1.1547
v -0.3782 0.7109 -1.0866
v -0.0951 0.6806 -1.2055
v -0.1335 0.5801 -1.2814
v -0.0002 0.5389 -0.6666
v 0.0123 0.3782 -0.6554
v 0.1799 0.3882 -0.7604
v 0.1749 0.5194 -0.7701
v 0.5674 0.2155 -1.1756
v 0.5589 0.2835 -1.2537
v 0.8234 0.2991 -1.1496
v 0.7999 0.2463 -1.0937
v 0.5528 0.4990 -0.8297
v 0.5536 0.3954 -0.8222
v 0.7163 0.4061 -0.7882
v 0.7184 0.4864 -0.7933
v 0.5590 0.3125 -0.8485
v 0.5518 0.2339 -0.9160
v 0.7422 0.2626 -0.8632
v 0.7217 0.3233 -0.8145
v 0.5598 0.5773 -0.8670
v 0.7254 0.5647 -0.8306
v 0.7489 0.6176 -0.8865
v 0.5514 0.6452 -0.9451
v 0.5594 0.5470 -1.2722
v 0.5666 0.6255 -1.2046
v 0.8063 0.5999 -1.1170
v 0.8268 0.5393 -1.1657
v 0.5656 0.1945 -0.9921
v 0.5545 0.1870 -1.0951
v 0.7871 0.2177 -1.0133
v 0.7560 0.2232 -0.9393
v 0.5643 0.3612 -1.2908
v 0.5634 0.4648 -1.2982
v 0.8308 0.4571 -1.1918
v 0.8287 0.3768 -1.1867
v 0.5546 0.6655 -1.1290
v 0.5657 0.6731 -1.0260
v 0.7632 0.6454 -0.9674
v 0.7943 0.6399 -1.0414
v 0.1804 2.3870 0.6781
v 0.2151 2.2750 0.7222
v 0.0790 2.2767 0.8684
v 0.0395 2.4225 0.7966
v 0.6540 2.4269 0.7095
v 0.7586 2.4821 0.8623
v 0.8006 2.3387 0.8568
v 0.6552 2.3160 0.7217
v 0.3031 2.3900 0.6328
v 0.5357 2.4039 0.6568
v 0.5369 2.2929 0.6690
v 0.3378 2.2780 0.6769
v 0.2165 2.4984 1.3710
v 0.0560 2.4805 1.2331
v 0.0941 2.3303 1.3001
v 0.2395 2.3531 1.4352
v 0.0007 2.4604 1.1161
v -0.0073 2.4386 0.9124
v 0.0322 2.2929 0.9842
v 0.0388 2.3102 1.1832
v 0.5408 2.5248 1.3946
v 0.3389 2.5136 1.4125
v 0.3620 2.3683 1.4768
v 0.5611 2.3832 1.4689
v 0.8010 2.5029 0.9726
v 0.7930 2.5156 1.1210
v 0.8496 2.3769 1.1661
v 0.8430 2.3596 0.9671
v 0.7512 2.5234 1.2271
v 0.6514 2.5279 1.3441
v 0.6717 2.3863 1.4184
v 0.8078 2.3846 1.2722
v 1.2274 0.4535 -0.7866
v 1.1117 0.4008 -0.6973
v 1.1434 0.3569 -0.7218
v 1.1904 0.3541 -0.7581
v 1.1139 0.4602 -0.6990
v 1.1487 0.5002 -0.7259
v 1.1957 0.4974 -0.7622
v 1.2252 0.3941 -0.7849
v 1.2042 0.4255 -0.7162
v 0.6294 6.0999 1.7031
v 0.5944 6.0765 1.6758
v 0.6348 6.1494 1.6963
v 0.5906 6.1365 1.6494
v 0.6267 6.2046 1.6974
v 0.5789 6.1964 1.6460
v 0.6045 6.2549 1.7076
v 0.5576 6.2515 1.6617
v 0.5479 6.0392 1.8998
v 0.5304 6.0883 1.9398
v 0.5144 6.1447 1.9568
v 0.4974 6.2032 1.9521
v 0.5892 6.0677 1.8969
v 0.6172 6.0639 1.8554
v 0.6357 6.0683 1.8029
v 0.6393 6.0816 1.7488
v 0.5883 6.1122 1.9203
v 0.6332 6.1248 1.8740
v 0.6560 6.1343 1.8181
v 0.6573 6.1441 1.7578
v 0.5778 6.1654 1.9333
v 0.6261 6.1844 1.8854
v 0.6502 6.1975 1.8274
v 0.6513 6.2046 1.7637
v 0.5580 6.2176 1.9315
v 0.6002 6.2397 1.8862
v 0.6214 6.2547 1.8309
v 0.6243 6.2591 1.7701
v 0.5732 6.0166 1.8435
v 0.5908 6.0168 1.7850
v 0.5973 6.0359 1.7274
v 0.5743 6.2917 1.7235
v 0.5308 6.2980 1.6994
v 0.5757 6.3032 1.7724
v 0.5148 6.3232 1.7580
v 0.5687 6.3017 1.8278
v 0.5025 6.3243 1.8178
v 0.5536 6.2854 1.8790
v 0.4907 6.3038 1.8742
v 0.5341 6.2595 1.9174
v 0.4843 6.2608 1.9234
v 0.6156 6.0891 1.6903
v 0.6333 6.1210 1.6992
v 0.6147 6.1446 1.6703
v 0.6326 6.1777 1.6957
v 0.6048 6.2014 1.6689
v 0.6174 6.2304 1.7013
v 0.5834 6.2534 1.6819
v 0.5733 6.3043 1.8006
v 0.6025 6.0651 1.8799
v 0.6395 6.0738 1.7761
v 0.5899 6.0862 1.9083
v 0.6132 6.1197 1.8995
v 0.6493 6.1007 1.8111
v 0.6594 6.1392 1.7885
v 0.5842 6.1389 1.9287
v 0.6047 6.1755 1.9115
v 0.6561 6.1667 1.8235
v 0.6537 6.2019 1.7963
v 0.5691 6.1917 1.9343
v 0.5820 6.2285 1.9111
v 0.6388 6.2269 1.8299
v 0.6252 6.2583 1.8012
v 0.5835 6.0142 1.8142
v 0.5885 6.2770 1.7159
v 0.5215 6.3137 1.7273
v 0.5361 6.3164 1.8235
v 0.5977 6.2804 1.8303
v 0.4965 6.3169 1.8464
v 0.5451 6.2423 1.9249
v 0.5963 6.0532 1.6995
v 0.5229 6.2982 1.8766
v 0.5431 6.2719 1.9020
v 0.5562 6.2959 1.7123
v 0.5759 6.2982 1.7442
v 0.6155 6.0398 1.7940
v 0.6353 6.0913 1.7222
v 0.5929 6.1053 1.6592
v 0.5860 6.1671 1.6453
v 0.5695 6.2245 1.6514
v 0.5383 6.0615 1.9225
v 0.5225 6.1162 1.9511
v 0.5060 6.1737 1.9573
v 0.5722 6.0543 1.8993
v 0.6284 6.0650 1.8294
v 0.5600 6.1008 1.9335
v 0.6287 6.0937 1.8646
v 0.6474 6.1295 1.8466
v 0.6516 6.1119 1.7546
v 0.5468 6.1549 1.9485
v 0.6321 6.1552 1.8810
v 0.6411 6.1917 1.8571
v 0.6570 6.1752 1.7607
v 0.5288 6.2096 1.9451
v 0.6156 6.2126 1.8871
v 0.6132 6.2486 1.8593
v 0.6405 6.2326 1.7668
v 0.5604 6.0244 1.8727
v 0.5955 6.0239 1.7561
v 0.5437 6.2766 1.6775
v 0.6024 6.2833 1.7729
v 0.5622 6.2955 1.8539
v 0.5086 6.3265 1.7884
v 0.5795 6.2650 1.8828
v 0.4890 6.2329 1.9408
v 0.6423 6.2057 1.7299
v 0.6491 6.1485 1.7263
v 0.6179 6.2573 1.7379
v 0.4856 6.2849 1.9005
v 0.5128 6.2612 1.9214
v 0.5977 6.0377 1.8488
v 0.6206 6.0560 1.7388
v 0.5458 6.3164 1.7666
v 0.6153 6.1150 1.6771
v 0.6112 6.1736 1.6678
v 0.5956 6.2280 1.6736
v 0.5689 6.2768 1.6944
v 0.5652 6.0749 1.9187
v 0.5540 6.1278 1.9434
v 0.5384 6.1822 1.9492
v 0.5187 6.2367 1.9359
v 0.6113 6.0912 1.8892
v 0.6414 6.0967 1.8382
v 0.6528 6.1058 1.7833
v 0.6452 6.1184 1.7257
v 0.6108 6.1479 1.9071
v 0.6471 6.1613 1.8529
v 0.6595 6.1713 1.7928
v 0.6480 6.1778 1.7275
v 0.5951 6.2023 1.9129
v 0.6300 6.2209 1.8593
v 0.6424 6.2309 1.7991
v 0.6324 6.2322 1.7333
v 0.5648 6.2531 1.9065
v 0.5904 6.2743 1.8572
v 0.6018 6.2835 1.8022
v 0.5987 6.2802 1.7429
v 0.5844 6.0428 1.8756
v 0.6083 6.0370 1.8214
v 0.6197 6.0461 1.7665
v 0.6183 6.0700 1.7120
v 0.5497 6.3090 1.7375
v 0.5414 6.3188 1.7955
v 0.5300 6.3097 1.8505
v 0.5158 6.2818 1.9011
v -0.3024 6.0999 1.7031
v -0.2673 6.0765 1.6758
v -0.3078 6.1494 1.6963
v -0.2636 6.1365 1.6494
v -0.2996 6.2046 1.6974
v -0.2519 6.1964 1.6460
v -0.2775 6.2549 1.7076
v -0.2306 6.2515 1.6617
v -0.2208 6.0392 1.8998
v -0.2033 6.0883 1.9398
v -0.1874 6.1447 1.9568
v -0.1703 6.2032 1.9521
v -0.2621 6.0677 1.8969
v -0.2901 6.0639 1.8554
v -0.3087 6.0683 1.8029
v -0.3123 6.0816 1.7488
v -0.2613 6.1122 1.9203
v -0.3061 6.1248 1.8740
v -0.3289 6.1343 1.8181
v -0.3302 6.1441 1.7578
v -0.2507 6.1654 1.9333
v -0.2990 6.1844 1.8854
v -0.3231 6.1975 1.8274
v -0.3242 6.2046 1.7637
v -0.2310 6.2176 1.9315
v -0.2731 6.2397 1.8862
v -0.2943 6.2547 1.8309
v -0.2972 6.2591 1.7701
v -0.2461 6.0166 1.8435
v -0.2638 6.0168 1.7850
v -0.2702 6.0359 1.7274
v -0.2473 6.2917 1.7235
v -0.2037 6.2980 1.6994
v -0.2486 6.3032 1.7724
v -0.1877 6.3232 1.7580
v -0.2417 6.3017 1.8278
v -0.1755 6.3243 1.8178
v -0.2265 6.2854 1.8790
v -0.1636 6.3038 1.8742
v -0.2071 6.2595 1.9174
v -0.1572 6.2608 1.9234
v -0.2886 6.0891 1.6903
v -0.3062 6.1210 1.6992
v -0.2876 6.1446 1.6703
v -0.3055 6.1777 1.6957
v -0.2778 6.2014 1.6689
v -0.2904 6.2304 1.7013
v -0.2564 6.2534 1.6819
v -0.2462 6.3043 1.8006
v -0.2755 6.0651 1.8799
v -0.3124 6.0738 1.7761
v -0.2628 6.0862 1.9083
v -0.2861 6.1197 1.8995
v -0.3222 6.1007 1.8111
v -0.3324 6.1392 1.7885
v -0.2572 6.1389 1.9287
v -0.2776 6.1755 1.9115
v -0.3290 6.1667 1.8235
v -0.3267 6.2019 1.7963
v -0.2420 6.1917 1.9343
v -0.2549 6.2285 1.9111
v -0.3117 6.2269 1.8299
v -0.2982 6.2583 1.8012
v -0.2564 6.0142 1.8142
v -0.2614 6.2770 1.7159
v -0.1945 6.3137 1.7273
v -0.2090 6.3164 1.8235
v -0.2706 6.2804 1.8303
v -0.1695 6.3169 1.8464
v -0.2180 6.2423 1.9249
v -0.2693 6.0532 1.6995
v -0.1959 6.2982 1.8766
v -0.2161 6.2719 1.9020
v -0.2292 6.2959 1.7123
v -0.2488 6.2982 1.7442
v -0.2885 6.0398 1.7940
v -0.3082 6.0913 1.7222
v -0.2658 6.1053 1.6592
v -0.2590 6.1671 1.6453
v -0.2425 6.2245 1.6514
v -0.2112 6.0615 1.9225
v -0.1955 6.1162 1.9511
v -0.1790 6.1737 1.9573
v -0.2452 6.0543 1.8993
v -0.3013 6.0650 1.8294
v -0.2330 6.1008 1.9335
v -0.3017 6.0937 1.8646
v -0.3203 6.1295 1.8466
v -0.3245 6.1119 1.7546
v -0.2198 6.1549 1.9485
v -0.3050 6.1552 1.8810
v -0.3140 6.1917 1.8571
v -0.3300 6.1752 1.7607
v -0.2017 6.2096 1.9451
v -0.2885 6.2126 1.8871
v -0.2861 6.2486 1.8593
v -0.3135 6.2326 1.7668
v -0.2333 6.0244 1.8727
v -0.2684 6.0239 1.7561
v -0.2166 6.2766 1.6775
v -0.2753 6.2833 1.7729
v -0.2351 6.2955 1.8539
v -0.1815 6.3265 1.7884
v -0.2525 6.2650 1.8828
v -0.1620 6.2329 1.9408
v -0.3153 6.2057 1.7299
v -0.3221 6.1485 1.7263
v -0.2908 6.2573 1.7379
v -0.1585 6.2849 1.9005
v -0.1858 6.2612 1.9214
v -0.2707 6.0377 1.8488
v -0.2935 6.0560 1.7388
v -0.2187 6.3164 1.7666
v -0.2883 6.1150 1.6771
v -0.2842 6.1736 1.6678
v -0.2686 6.2280 1.6736
v -0.2418 6.2768 1.6944
v -0.2381 6.0749 1.9187
v -0.2270 6.1278 1.9434
v -0.2114 6.1822 1.9492
v -0.1917 6.2367 1.9359
v -0.2842 6.0912 1.8892
v -0.3143 6.0967 1.8382
v -0.3257 6.1058 1.7833
v -0.3181 6.1184 1.7257
v -0.2837 6.1479 1.9071
v -0.3200 6.1613 1.8529
v -0.3325 6.1713 1.7928
v -0.3210 6.1778 1.7275
v -0.2681 6.2023 1.9129
v -0.3029 6.2209 1.8593
v -0.3154 6.2309 1.7991
v -0.3053 6.2322 1.7333
v -0.2377 6.2531 1.9065
v -0.2633 6.2743 1.8572
v -0.2747 6.2835 1.8022
v -0.2717 6.2802 1.7429
v -0.2573 6.0428 1.8756
v -0.2812 6.0370 1.8214
v -0.2926 6.0461 1.7665
v -0.2913 6.0700 1.7120
v -0.2226 6.3090 1.7375
v -0.2143 6.3188 1.7955
v -0.2029 6.3097 1.8505
v -0.1887 6.2818 1.9011
v 0.2003 5.7131 2.5311
v 0.1238 5.7471 2.5767
v 0.0879 5.5913 1.4870
v 0.2046 5.6888 2.4899
v 0.2390 5.6994 2.4992
v 0.2174 5.7268 2.5479
v 0.1734 5.7146 2.5359
v 0.1637 5.6849 2.4861
v 0.1864 5.7379 2.5672
v 0.1513 5.7443 2.5760
v 0.1579 5.7615 2.5945
v 0.1189 5.7611 2.5898
v 0.0827 5.7419 2.5590
v 0.1054 5.7271 2.5480
v 0.1376 5.7172 2.5390
v 0.4444 5.6506 1.4709
v 0.4862 5.6749 1.4673
v 0.3946 5.6290 1.4734
v 0.3283 5.6084 1.5409
v 0.2305 5.5914 1.5430
v 0.2305 5.5914 1.4791
v 0.3283 5.6084 1.4771
v 0.3946 5.6290 1.5372
v 0.4862 5.6749 1.5312
v 0.4444 5.6506 1.5347
v 0.4912 5.6514 1.6971
v 0.4501 5.6297 1.6907
v 0.3996 5.6098 1.6829
v 0.4268 5.6114 1.8346
v 0.3788 5.5900 1.8221
v 0.3152 5.5679 1.8086
v 0.3325 5.5899 1.6747
v 0.2234 5.5503 1.7978
v 0.2301 5.5718 1.6676
v 0.1004 5.5503 1.7999
v 0.0902 5.5720 1.6720
v 0.0879 5.5913 1.5509
v -0.0113 5.5899 1.6859
v -0.0207 5.6110 1.5599
v -0.0761 5.6090 1.6978
v -0.0838 5.6315 1.5645
v -0.1276 5.6292 1.7088
v -0.1341 5.6547 1.5675
v -0.1749 5.6794 1.5698
v 0.5388 5.7171 1.5281
v 0.5158 5.6966 1.5286
v 0.5421 5.6930 1.7065
v 0.5212 5.6726 1.7020
v 0.5105 5.6731 1.8586
v 0.4914 5.6530 1.8531
v 0.4641 5.6326 1.8471
v 0.4535 5.6496 1.9865
v 0.4287 5.6288 1.9787
v 0.3939 5.6070 1.9684
v 0.4025 5.6326 2.1036
v 0.3691 5.6100 2.0973
v 0.3273 5.5877 2.0901
v 0.3492 5.5851 1.9566
v 0.2743 5.5663 2.0821
v 0.2916 5.5617 1.9438
v 0.2077 5.5513 2.0760
v 0.2141 5.5435 1.9346
v 0.1281 5.5504 2.0759
v 0.1154 5.5433 1.9353
v 0.0609 5.5637 2.0819
v 0.0385 5.5607 1.9454
v 0.0113 5.5678 1.8139
v -0.0189 5.5838 1.9586
v -0.0513 5.5901 1.8289
v -0.0642 5.6058 1.9711
v -0.0991 5.6118 1.8427
v -0.0994 5.6277 1.9817
v -0.1354 5.6329 1.8557
v -0.1669 5.6505 1.7190
v -0.1613 5.6527 1.8640
v -0.1946 5.6713 1.7250
v -0.2033 5.7015 1.5713
v -0.2148 5.6919 1.7313
v -0.2241 5.7217 1.5754
v -0.2383 5.7399 1.5817
v 0.5557 5.7359 1.5310
v 0.5656 5.7353 1.7182
v 0.5568 5.7135 1.7121
v 0.5284 5.7226 1.8695
v 0.5233 5.6966 1.8649
v 0.4868 5.7232 1.9982
v 0.4836 5.6971 1.9952
v 0.4723 5.6717 1.9914
v 0.4523 5.7010 2.1121
v 0.4424 5.6743 2.1110
v 0.4246 5.6520 2.1079
v 0.4151 5.6874 2.2328
v 0.3994 5.6676 2.2323
v 0.3788 5.6488 2.2296
v 0.3772 5.6966 2.3484
v 0.3562 5.6787 2.3494
v 0.3338 5.6632 2.3466
v 0.3520 5.6302 2.2256
v 0.2987 5.6450 2.3427
v 0.3107 5.6090 2.2228
v 0.2538 5.6301 2.3420
v 0.2620 5.5902 2.2178
v 0.2036 5.6204 2.3415
v 0.2045 5.5775 2.2144
v 0.1470 5.6182 2.3417
v 0.1380 5.5760 2.2145
v 0.0926 5.6260 2.3427
v 0.0785 5.5865 2.2174
v 0.0448 5.6389 2.3431
v 0.0271 5.6042 2.2227
v 0.0054 5.5851 2.0903
v -0.0166 5.6257 2.2261
v -0.0370 5.6073 2.0976
v -0.0482 5.6465 2.2298
v -0.0722 5.6303 2.1043
v -0.0689 5.6642 2.2328
v -0.0945 5.6497 2.1087
v -0.1241 5.6483 1.9897
v -0.1128 5.6720 2.1120
v -0.1424 5.6705 1.9960
v -0.1805 5.6732 1.8692
v -0.1542 5.6959 1.9997
v -0.1940 5.6977 1.8756
v -0.2277 5.7130 1.7380
v -0.1981 5.7238 1.8803
v -0.2341 5.7359 1.7436
v -0.2486 5.7595 1.5903
v -0.2347 5.7591 1.7479
v -0.2524 5.7809 1.6006
v 0.5673 5.7592 1.7231
v 0.5280 5.7502 1.8729
v 0.4859 5.7497 2.0010
v 0.4542 5.7481 2.1122
v 0.4550 5.7246 2.1117
v 0.4293 5.7542 2.2277
v 0.4300 5.7331 2.2295
v 0.4253 5.7091 2.2316
v 0.4056 5.7518 2.3421
v 0.4015 5.7323 2.3439
v 0.3920 5.7138 2.3458
v 0.3751 5.7593 2.4395
v 0.3667 5.7449 2.4420
v 0.3535 5.7294 2.4449
v 0.3337 5.7707 2.5219
v 0.3225 5.7565 2.5219
v 0.3082 5.7426 2.5202
v 0.3357 5.7134 2.4466
v 0.2878 5.7264 2.5146
v 0.3100 5.6951 2.4436
v 0.2645 5.7119 2.5076
v 0.2823 5.6793 2.4365
v 0.2483 5.6666 2.4310
v 0.2052 5.6574 2.4273
v 0.1553 5.6544 2.4257
v 0.1218 5.6888 2.4901
v 0.1053 5.6598 2.4280
v 0.0863 5.7004 2.5008
v 0.0648 5.6713 2.4338
v 0.0565 5.7162 2.5116
v 0.0329 5.6864 2.4416
v 0.0049 5.6565 2.3457
v 0.0057 5.7044 2.4487
v -0.0230 5.6744 2.3499
v -0.0172 5.7228 2.4493
v -0.0441 5.6911 2.3501
v -0.0334 5.7389 2.4464
v -0.0607 5.7084 2.3473
v -0.0857 5.6839 2.2338
v -0.0721 5.7273 2.3454
v -0.0970 5.7046 2.2323
v -0.1236 5.6965 2.1146
v -0.1023 5.7286 2.2298
v -0.1272 5.7213 2.1142
v -0.1580 5.7214 2.0027
v -0.1272 5.7441 2.1137
v -0.1576 5.7476 2.0053
v -0.1977 5.7508 1.8837
v 0.4051 5.7691 2.3382
v 0.3789 5.8033 2.4259
v 0.3812 5.7898 2.4309
v 0.3804 5.7748 2.4360
v 0.3461 5.8133 2.5083
v 0.3459 5.7999 2.5149
v 0.3421 5.7850 2.5197
v 0.2951 5.8206 2.5707
v 0.2923 5.8069 2.5760
v 0.2868 5.7927 2.5782
v 0.2318 5.8218 2.6093
v 0.2285 5.8082 2.6109
v 0.2240 5.7949 2.6090
v 0.2788 5.7792 2.5767
v 0.2180 5.7811 2.6033
v 0.2684 5.7656 2.5723
v 0.2102 5.7682 2.5950
v 0.2553 5.7519 2.5655
v 0.1990 5.7536 2.5829
v 0.2370 5.7379 2.5563
v 0.1613 5.7757 2.6060
v 0.1124 5.7732 2.5983
v 0.1627 5.7888 2.6141
v 0.1074 5.7850 2.6053
v 0.0552 5.7710 2.5758
v 0.0659 5.7575 2.5694
v 0.1637 5.8015 2.6190
v 0.1033 5.7983 2.6104
v 0.0468 5.7846 2.5796
v 0.0007 5.7640 2.5253
v 0.0138 5.7493 2.5242
v 0.1006 5.8122 2.6127
v 0.0407 5.7990 2.5808
v -0.0092 5.7787 2.5240
v -0.0446 5.7546 2.4435
v 0.0369 5.8136 2.5780
v -0.0149 5.7937 2.5206
v -0.0506 5.7696 2.4404
v -0.0780 5.7463 2.3434
v -0.0163 5.8085 2.5152
v -0.0533 5.7854 2.4356
v -0.0783 5.7648 2.3402
v -0.1023 5.7495 2.2284
v -0.0516 5.8003 2.4305
v 0.3398 5.8367 2.4937
v 0.3441 5.8257 2.5012
v 0.2925 5.8562 2.5475
v 0.2949 5.8455 2.5563
v 0.2958 5.8335 2.5640
v 0.2352 5.8585 2.5905
v 0.2351 5.8474 2.5987
v 0.2341 5.8349 2.6053
v 0.1664 5.8408 2.6160
v 0.1655 5.8281 2.6197
v 0.1674 5.8526 2.6098
v 0.0999 5.8509 2.5995
v 0.0991 5.8388 2.6061
v 0.1686 5.8630 2.6012
v 0.1016 5.8617 2.5910
v 0.0396 5.8525 2.5578
v 0.0367 5.8407 2.5660
v 0.1692 5.8714 2.5907
v 0.1041 5.8703 2.5804
v 0.0444 5.8620 2.5479
v -0.0051 5.8448 2.4936
v -0.0114 5.8341 2.5016
v 0.1074 5.8758 2.5682
v 0.0512 5.8689 2.5364
v 0.2879 5.8640 2.5371
v 0.2289 5.8777 2.5559
v 0.2319 5.8744 2.5687
v 0.2342 5.8679 2.5805
v 0.1696 5.8772 2.5788
v 0.1700 5.8801 2.5654
v 0.1115 5.8786 2.5550
v -0.0148 5.8219 2.5086
v 0.0358 5.8275 2.5725
v 0.0993 5.8259 2.6106
v 0.1646 5.8148 2.6210
v 0.0330 5.7324 2.5192
v -0.0207 5.6110 1.4961
v -0.0838 5.6315 1.5007
v -0.1341 5.6547 1.5037
v -0.1749 5.6794 1.5060
v 0.5388 5.7171 1.4642
v 0.5158 5.6966 1.4648
v -0.2033 5.7015 1.5074
v -0.2241 5.7217 1.5116
v -0.2383 5.7399 1.5179
v 0.5557 5.7359 1.4672
v -0.2486 5.7595 1.5265
v -0.2524 5.7809 1.5368
f 97 107 108 109
f 97 110 111 107
f 97 109 112 110
f 98 113 114 115
f 98 115 116 117
f 98 117 118 119
f 99 120 100 121
f 99 122 123 120
f 99 121 124 122
f 100 125 126 121
f 100 127 128 125
f 100 120 129 130
f 100 130 131 127
f 101 132 133 134
f 101 134 135 136
f 101 137 138 132
f 101 139 140 137
f 101 136 141 139
f 102 142 143 144
f 102 144 145 146
f 102 146 147 148
f 102 148 149 150
f 102 150 151 142
f 103 152 153 154
f 103 155 156 152
f 103 154 145 157
f 103 158 159 155
f 103 157 160 158
f 104 161 162 163
f 104 163 164 165
f 104 165 166 161
f 105 167 168 169
f 105 169 170 171
f 105 171 172 167
f 106 173 174 175
f 106 176 177 173
f 106 175 178 176
f 181 180 182 183
f 63 183 184 20
f 858 62 54 857
f 856 857 54 78
f 36 47 322 321
f 45 1 109 108
f 187 186 189 190
f 187 190 191 188
f 191 192 193 188
f 191 190 194 195
f 191 195 196 192
f 196 197 198 192
f 196 195 199 200
f 196 200 201 197
f 201 202 203 197
f 201 200 204 205
f 201 205 206 202
f 206 207 208 202
f 206 205 209 210
f 206 210 211 207
f 211 212 213 207
f 211 210 214 215
f 211 215 216 212
f 216 217 218 212
f 216 215 219 220
f 216 220 221 217
f 221 222 223 217
f 221 220 224 225
f 221 225 226 222
f 226 227 228 222
f 226 225 229 230
f 226 230 231 227
f 231 232 233 227
f 231 230 234 235
f 231 235 236 232
f 236 237 238 232
f 236 235 239 240
f 236 240 241 237
f 241 242 243 237
f 241 240 244 245
f 241 245 246 242
f 1084 1063 325 323
f 246 245 247 248
f 15 26 291 290
f 1066 1077 315 314
f 1060 1067 254 253
f 1076 1061 260 258
f 1072 1060 253 252
f 1094 1069 250 255
f 1088 1081 263 264
f 265 266 267 238
f 265 238 237 243
f 267 266 268 269
f 267 269 270 233
f 267 233 232 238
f 270 269 271 272
f 270 272 273 228
f 270 228 227 233
f 273 272 274 275
f 273 275 276 223
f 273 223 222 228
f 276 275 277 278
f 276 278 279 218
f 276 218 217 223
f 279 278 280 281
f 279 281 282 213
f 279 213 212 218
f 282 281 283 284
f 282 284 285 208
f 282 208 207 213
f 285 284 286 287
f 285 287 288 203
f 285 203 202 208
f 288 287 289 290
f 288 290 291 198
f 288 198 197 203
f 290 289 59 15
f 8 28 187 188
f 291 193 192 198
f 293 16 60 292
f 75 16 293 294
f 1012 856 78 66
f 187 28 65 186
f 293 292 286 295
f 293 295 296 294
f 296 297 298 294
f 296 295 283 299
f 296 299 300 297
f 300 301 302 297
f 300 299 280 303
f 300 303 304 301
f 304 305 306 301
f 304 303 277 307
f 304 307 308 305
f 308 309 310 305
f 308 307 274 311
f 308 311 312 309
f 312 311 271 313
f 1061 1099 261 260
f 1067 1066 314 254
f 1069 1073 249 250
f 1073 1072 252 249
f 317 318 319 306
f 317 306 305 310
f 319 318 320 321
f 319 321 322 302
f 319 302 301 306
f 291 26 46 193
f 679 440 40 34
f 322 298 297 302
f 88 1109 1052 86
f 1090 1076 258 259
f 1098 1095 256 257
f 1077 1079 316 315
f 1079 1085 324 316
f 1081 1091 262 263
f 1085 1084 323 324
f 1091 1090 259 262
f 1095 1094 255 256
f 24 344 345 35
f 1099 1098 257 261
f 320 318 534 533
f 242 246 612 614
f 331 330 332 333
f 331 333 334 179
f 334 182 180 179
f 334 333 335 336
f 334 336 337 182
f 337 184 183 182
f 337 336 338 339
f 337 339 340 184
f 340 339 341 342
f 23 342 343 38
f 320 37 36 321
f 55 45 108 957
f 185 186 65 53
f 346 345 347 348
f 346 348 349 185
f 349 189 186 185
f 349 348 350 351
f 349 351 352 189
f 352 194 190 189
f 352 351 353 354
f 352 354 355 194
f 355 199 195 194
f 355 354 356 357
f 355 357 358 199
f 358 204 200 199
f 358 357 359 360
f 358 360 361 204
f 361 209 205 204
f 361 360 159 362
f 361 362 363 209
f 363 214 210 209
f 363 362 364 365
f 363 365 366 214
f 366 219 215 214
f 366 365 367 368
f 366 368 369 219
f 369 224 220 219
f 369 368 370 371
f 369 371 372 224
f 372 229 225 224
f 372 371 373 374
f 372 374 375 229
f 375 234 230 229
f 375 374 376 377
f 375 377 378 234
f 378 239 235 234
f 378 377 379 380
f 378 380 381 239
f 381 244 240 239
f 381 380 382 383
f 381 383 384 244
f 384 247 245 244
f 384 383 385 386
f 384 386 387 247
f 387 251 248 247
f 387 386 388 389
f 387 389 390 251
f 390 389 391 392
f 604 606 326 328
f 268 266 608 607
f 392 393 394 395
f 393 605 327 394
f 243 242 614 613
f 265 243 613 609
f 390 392 395 396
f 251 390 396 610
f 13 71 397 398
f 13 398 399 27
f 399 398 400 401
f 399 401 402 403
f 403 402 404 405
f 405 404 406 407
f 407 406 408 409
f 409 408 410 411
f 411 410 412 413
f 413 412 414 415
f 418 417 419 420
f 418 420 421 329
f 421 420 422 423
f 421 423 424 332
f 421 332 330 329
f 424 423 425 426
f 424 426 427 335
f 424 335 333 332
f 427 426 428 429
f 427 429 430 338
f 427 338 336 335
f 430 341 339 338
f 430 429 431 432
f 430 432 433 341
f 433 343 342 341
f 433 432 434 435
f 433 435 436 343
f 436 435 437 438
f 52 438 439 74
f 2 55 957 958
f 298 56 75 294
f 442 344 24 10
f 442 441 443 444
f 442 444 445 344
f 445 347 345 344
f 445 444 446 447
f 445 447 448 347
f 448 350 348 347
f 448 447 449 450
f 448 450 451 350
f 451 353 351 350
f 451 450 452 453
f 451 453 454 353
f 454 356 354 353
f 454 453 455 456
f 454 456 457 356
f 457 359 357 356
f 457 456 458 156
f 457 156 155 359
f 458 456 455 459
f 458 459 460 461
f 458 461 152 156
f 461 460 462 463
f 461 463 153 152
f 463 462 464 465
f 463 465 466 153
f 466 467 154 153
f 466 465 468 469
f 466 469 470 467
f 470 469 471 472
f 470 472 473 147
f 470 147 146 467
f 473 472 474 174
f 473 174 173 475
f 473 475 148 147
f 475 173 177 476
f 475 476 149 148
f 476 177 477 478
f 476 478 479 149
f 479 478 480 481
f 479 481 482 483
f 479 483 150 149
f 483 482 484 485
f 483 485 151 150
f 485 484 486 487
f 485 487 488 151
f 488 489 142 151
f 488 487 490 491
f 488 491 492 489
f 492 493 494 489
f 492 491 495 496
f 492 496 497 493
f 497 498 499 493
f 497 496 500 501
f 497 501 502 498
f 502 503 504 498
f 502 501 115 114
f 502 114 505 503
f 505 506 507 503
f 505 114 113 508
f 505 508 509 506
f 509 510 511 506
f 509 508 512 513
f 509 513 514 510
f 514 515 516 510
f 514 513 517 518
f 514 518 519 515
f 519 520 521 515
f 519 518 522 523
f 519 523 524 520
f 524 525 526 520
f 524 523 527 528
f 524 528 529 525
f 529 530 531 525
f 21 67 532 530
f 266 265 609 608
f 309 312 537 539
f 318 317 535 534
f 310 309 539 538
f 312 313 536 537
f 40 440 441 3
f 246 248 611 612
f 12 5 540 541
f 12 541 542 48
f 542 541 543 544
f 542 544 545 532
f 545 544 546 547
f 545 547 548 531
f 545 531 530 532
f 548 547 549 550
f 548 550 551 526
f 548 526 525 531
f 551 550 552 553
f 551 553 554 521
f 551 521 520 526
f 554 553 555 556
f 554 556 557 516
f 554 516 515 521
f 557 556 558 559
f 557 559 560 511
f 557 511 510 516
f 560 559 561 562
f 560 562 563 507
f 560 507 506 511
f 563 562 564 565
f 563 565 566 504
f 563 504 503 507
f 566 565 567 568
f 566 568 569 499
f 566 499 498 504
f 569 568 570 571
f 569 571 143 494
f 569 494 493 499
f 571 570 572 573
f 571 573 144 143
f 573 572 160 157
f 573 157 145 144
f 572 574 575 160
f 572 570 576 574
f 576 577 578 574
f 576 570 568 567
f 576 567 579 577
f 579 580 581 577
f 579 567 565 564
f 579 564 582 580
f 582 583 584 580
f 582 564 562 561
f 582 561 585 583
f 585 586 587 583
f 585 561 559 558
f 585 558 588 586
f 588 589 590 586
f 588 558 556 555
f 588 555 591 589
f 591 592 593 589
f 591 555 553 552
f 591 552 594 592
f 594 595 596 592
f 594 552 550 549
f 594 549 597 595
f 597 598 599 595
f 597 549 547 546
f 597 546 600 598
f 600 601 602 598
f 600 546 544 543
f 600 543 603 601
f 603 604 605 601
f 603 543 541 540
f 603 540 606 604
f 605 604 328 327
f 317 310 538 535
f 313 268 607 536
f 605 393 602 601
f 602 393 392 391
f 602 391 599 598
f 599 391 389 388
f 599 388 596 595
f 596 388 386 385
f 596 385 593 592
f 593 385 383 382
f 593 382 590 589
f 590 382 380 379
f 590 379 587 586
f 587 379 377 376
f 587 376 584 583
f 584 376 374 373
f 584 373 581 580
f 581 373 371 370
f 581 370 578 577
f 578 370 368 367
f 578 367 575 574
f 575 367 365 364
f 575 364 158 160
f 248 251 610 611
f 70 4 528 527
f 70 527 615 22
f 22 615 616 32
f 616 615 522 617
f 616 617 618 619
f 619 618 620 621
f 621 620 622 397
f 622 620 623 624
f 622 624 625 400
f 622 400 398 397
f 625 624 626 627
f 625 627 628 629
f 625 629 401 400
f 629 628 630 631
f 629 631 402 401
f 631 630 632 633
f 631 633 404 402
f 633 632 634 635
f 633 635 406 404
f 635 634 636 637
f 635 637 408 406
f 637 636 638 639
f 637 639 410 408
f 639 638 640 641
f 639 641 412 410
f 644 643 645 646
f 644 646 647 648
f 648 647 649 416
f 649 647 650 651
f 649 651 652 419
f 649 419 417 416
f 652 651 653 654
f 652 654 655 422
f 652 422 420 419
f 655 654 656 657
f 655 657 658 425
f 655 425 423 422
f 658 657 659 660
f 658 660 661 428
f 658 428 426 425
f 661 660 662 663
f 661 663 664 431
f 661 431 429 428
f 664 663 665 666
f 664 666 667 434
f 664 434 432 431
f 667 666 668 669
f 667 669 670 437
f 667 437 435 434
f 670 439 438 437
f 670 669 671 672
f 670 672 673 439
f 673 672 674 675
f 6 675 676 30
f 962 9 2 958
f 193 46 8 188
f 37 320 533 76
f 679 678 680 681
f 679 681 682 440
f 682 443 441 440
f 682 681 683 684
f 682 684 685 443
f 685 446 444 443
f 685 684 686 687
f 685 687 688 446
f 688 449 447 446
f 688 687 689 690
f 688 690 691 449
f 691 452 450 449
f 691 690 692 693
f 691 693 694 452
f 694 455 453 452
f 694 693 695 696
f 694 696 459 455
f 696 695 697 698
f 696 698 460 459
f 698 697 699 700
f 698 700 462 460
f 700 699 701 702
f 700 702 464 462
f 702 701 703 704
f 702 704 705 464
f 705 468 465 464
f 705 704 706 707
f 705 707 708 468
f 708 471 469 468
f 708 707 709 710
f 708 710 711 471
f 711 710 165 164
f 711 164 712 474
f 711 474 472 471
f 712 164 163 713
f 712 713 178 175
f 712 175 174 474
f 713 163 162 714
f 713 714 715 178
f 715 714 169 168
f 715 168 716 717
f 715 717 176 178
f 717 716 718 477
f 717 477 177 176
f 718 716 719 126
f 718 126 125 480
f 718 480 478 477
f 719 716 168 167
f 719 167 172 124
f 719 124 121 126
f 714 162 170 169
f 710 709 166 165
f 709 707 706 720
f 709 720 721 166
f 721 720 722 723
f 721 723 724 725
f 721 725 161 166
f 725 724 171 170
f 725 170 162 161
f 724 723 726 727
f 724 727 172 171
f 727 726 123 122
f 727 122 124 172
f 726 723 722 728
f 726 728 729 123
f 729 728 730 731
f 729 731 732 129
f 729 129 120 123
f 732 731 733 734
f 732 734 735 736
f 732 736 130 129
f 736 735 136 135
f 736 135 131 130
f 735 734 737 738
f 735 738 141 136
f 738 737 739 740
f 738 740 741 141
f 741 740 742 743
f 741 743 744 745
f 741 745 139 141
f 745 744 746 747
f 745 747 140 139
f 747 746 748 749
f 747 749 750 140
f 750 749 751 752
f 750 752 753 754
f 750 754 137 140
f 754 753 755 756
f 754 756 138 137
f 756 755 757 758
f 756 758 759 138
f 759 760 132 138
f 759 758 761 762
f 759 762 763 760
f 763 764 765 760
f 763 762 766 767
f 763 767 768 764
f 768 769 770 764
f 768 767 771 772
f 768 772 773 769
f 773 774 775 769
f 773 772 776 777
f 773 777 778 774
f 778 779 780 774
f 778 777 781 782
f 778 782 783 779
f 783 784 785 779
f 783 782 786 787
f 783 787 788 784
f 788 789 790 784
f 788 787 791 792
f 788 792 793 789
f 793 794 795 789
f 793 792 796 797
f 793 797 798 794
f 798 799 800 794
f 798 797 801 802
f 798 802 803 799
f 803 804 805 799
f 803 802 806 807
f 803 807 808 804
f 808 634 632 804
f 808 807 809 810
f 808 810 636 634
f 810 811 638 636
f 814 813 815 816
f 814 816 817 642
f 817 816 818 819
f 817 819 820 645
f 817 645 643 642
f 820 819 821 822
f 820 822 823 824
f 820 824 646 645
f 824 823 825 650
f 824 650 647 646
f 825 823 826 827
f 825 827 828 653
f 825 653 651 650
f 828 827 829 830
f 828 830 831 656
f 828 656 654 653
f 831 830 832 833
f 831 833 834 659
f 831 659 657 656
f 834 833 835 836
f 834 836 837 662
f 834 662 660 659
f 837 836 838 839
f 837 839 840 665
f 837 665 663 662
f 840 839 841 842
f 840 842 843 668
f 840 668 666 665
f 843 842 844 845
f 843 845 846 671
f 843 671 669 668
f 846 845 847 848
f 846 848 849 674
f 846 674 672 671
f 849 848 850 851
f 849 851 852 676
f 849 676 675 674
f 852 851 853 854
f 18 854 855 42
f 346 44 35 345
f 677 678 17 79
f 1012 66 58 1013
f 858 857 859 860
f 858 860 861 677
f 861 680 678 677
f 861 860 862 863
f 861 863 864 680
f 864 683 681 680
f 864 863 865 866
f 864 866 867 683
f 867 686 684 683
f 867 866 868 869
f 867 869 870 686
f 870 689 687 686
f 870 869 871 872
f 870 872 873 689
f 873 692 690 689
f 873 872 874 875
f 873 875 876 692
f 876 695 693 692
f 876 875 877 878
f 876 878 697 695
f 878 877 879 880
f 878 880 699 697
f 880 879 881 882
f 880 882 701 699
f 882 881 733 883
f 882 883 703 701
f 883 733 731 730
f 883 730 884 703
f 884 706 704 703
f 884 730 728 722
f 884 722 720 706
f 881 879 739 737
f 881 737 734 733
f 879 877 885 739
f 885 877 875 874
f 885 874 886 742
f 885 742 740 739
f 886 874 872 871
f 886 871 887 888
f 886 888 743 742
f 888 887 889 890
f 888 890 744 743
f 890 889 891 892
f 890 892 746 744
f 892 891 893 894
f 892 894 748 746
f 894 893 895 896
f 894 896 897 748
f 897 896 898 899
f 897 899 900 751
f 897 751 749 748
f 900 899 901 902
f 900 902 903 904
f 900 904 752 751
f 904 903 905 906
f 904 906 753 752
f 906 905 907 908
f 906 908 755 753
f 908 907 909 910
f 908 910 757 755
f 910 909 911 912
f 910 912 913 757
f 913 761 758 757
f 913 912 914 915
f 913 915 916 761
f 916 766 762 761
f 916 915 917 918
f 916 918 919 766
f 919 771 767 766
f 919 918 920 921
f 919 921 922 771
f 922 776 772 771
f 922 921 923 924
f 922 924 925 776
f 925 781 777 776
f 925 924 926 927
f 925 927 928 781
f 928 786 782 781
f 928 927 821 929
f 928 929 930 786
f 930 791 787 786
f 930 929 818 931
f 930 931 932 791
f 932 796 792 791
f 932 931 815 933
f 932 933 934 796
f 934 801 797 796
f 934 933 812 935
f 934 935 936 801
f 936 806 802 801
f 933 815 813 812
f 931 818 816 815
f 929 821 819 818
f 927 926 822 821
f 926 924 923 826
f 926 826 823 822
f 923 921 920 829
f 923 829 827 826
f 920 918 917 832
f 920 832 830 829
f 917 915 914 835
f 917 835 833 832
f 914 912 911 838
f 914 838 836 835
f 911 909 937 841
f 911 841 839 838
f 937 909 907 938
f 937 938 939 844
f 937 844 842 841
f 939 938 940 941
f 939 941 942 847
f 939 847 845 844
f 942 941 943 944
f 942 944 945 850
f 942 850 848 847
f 945 944 946 947
f 945 947 948 853
f 945 853 851 850
f 948 947 949 950
f 948 950 951 855
f 948 855 854 853
f 951 950 952 953
f 68 953 954 7
f 7 954 955 31
f 31 955 956 57
f 10 3 441 442
f 322 47 56 298
f 34 17 678 679
f 957 108 107 959
f 957 959 960 958
f 960 961 962 958
f 960 959 963 964
f 960 964 965 961
f 965 966 967 961
f 965 964 968 969
f 965 969 970 966
f 970 971 972 966
f 970 969 973 974
f 970 974 975 971
f 975 976 977 971
f 975 974 978 979
f 975 979 895 976
f 979 978 980 898
f 979 898 896 895
f 980 978 981 982
f 980 982 983 901
f 980 901 899 898
f 983 982 984 985
f 983 985 986 987
f 983 987 902 901
f 987 986 943 988
f 987 988 903 902
f 988 943 941 940
f 988 940 905 903
f 986 985 989 946
f 986 946 944 943
f 989 985 984 990
f 989 990 991 949
f 989 949 947 946
f 991 990 992 993
f 991 993 994 952
f 991 952 950 949
f 994 993 995 996
f 994 996 955 954
f 994 954 953 952
f 996 995 997 998
f 996 998 956 955
f 998 997 111 110
f 998 110 112 956
f 997 999 963 111
f 997 995 1000 999
f 1000 1001 968 999
f 1000 995 993 992
f 1000 992 1002 1001
f 1002 981 973 1001
f 1002 992 990 984
f 1002 984 982 981
f 1001 973 969 968
f 999 968 964 963
f 981 978 974 973
f 977 1003 1004 1005
f 977 1005 972 971
f 977 976 1006 1003
f 1006 1007 1008 1003
f 1006 976 895 893
f 1006 893 891 1007
f 1008 865 863 862
f 1008 862 1004 1003
f 1008 1007 1009 865
f 1009 868 866 865
f 1009 1007 891 889
f 1009 889 887 868
f 1005 1004 859 1010
f 1005 1010 1011 972
f 1011 1010 856 1012
f 1011 1012 1013 967
f 1011 967 966 972
f 58 9 962 1013
f 59 289 292 60
f 1013 962 961 967
f 346 185 53 44
f 1010 859 857 856
f 1004 862 860 859
f 963 959 107 111
f 29 57 956 112
f 940 938 907 905
f 887 871 869 868
f 805 630 628 1014
f 805 1014 800 799
f 805 804 632 630
f 1014 628 627 119
f 1014 119 118 800
f 800 118 795 794
f 795 118 117 1015
f 795 1015 790 789
f 1015 117 116 1016
f 1015 1016 1017 790
f 1017 1016 1018 1019
f 1017 1019 1020 785
f 1017 785 784 790
f 1020 1019 1021 1022
f 1020 1022 1023 780
f 1020 780 779 785
f 1023 1022 1024 1025
f 1023 1025 1026 775
f 1023 775 774 780
f 1026 1025 1027 1028
f 1026 1028 1029 770
f 1026 770 769 775
f 1029 1028 1030 1031
f 1029 1031 133 765
f 1029 765 764 770
f 1031 1030 1032 1033
f 1031 1033 134 133
f 1033 1032 127 131
f 1033 131 135 134
f 1032 1034 128 127
f 1032 1030 1035 1034
f 1035 484 482 1034
f 1035 1030 1028 1027
f 1035 1027 486 484
f 1034 482 481 128
f 1027 1025 1024 486
f 1024 490 487 486
f 1024 1022 1021 490
f 1021 495 491 490
f 1021 1019 1018 495
f 1018 500 496 495
f 1018 1016 116 500
f 765 133 132 760
f 627 626 98 119
f 626 1036 113 98
f 626 624 623 1036
f 1036 512 508 113
f 1036 623 1037 512
f 1037 517 513 512
f 1037 623 620 618
f 1037 618 617 517
f 617 522 518 517
f 615 527 523 522
f 501 500 116 115
f 494 143 142 489
f 481 480 125 128
f 467 146 145 154
f 364 362 159 158
f 360 359 155 159
f 313 271 269 268
f 311 274 272 271
f 307 277 275 274
f 303 280 278 277
f 299 283 281 280
f 295 286 284 283
f 292 289 287 286
f 1101 1104 1046 1047
f 1105 1108 1041 1040
f 1109 1112 1051 1052
f 1104 1114 1048 1046
f 1115 1118 1054 1053
f 1114 1122 1049 1048
f 1118 1124 1055 1054
f 1122 1126 1045 1049
f 1127 1105 1040 1038
f 1112 1130 1050 1051
f 1131 1119 1058 1056
f 1133 1136 1039 1043
f 1137 1131 1056 1057
f 1139 1115 1053 1042
f 1126 1142 1044 1045
f 1130 1101 1047 1050
f 1108 1139 1042 1041
f 1124 1137 1057 1055
f 1136 1127 1038 1039
f 1142 1133 1043 1044
f 951 953 68 80
f 606 69 61 326
f 436 438 52 73
f 405 407 72 50
f 621 397 71 49
f 542 532 67 48
f 619 621 49 43
f 951 80 42 855
f 403 405 50 41
f 413 415 39 51
f 92 90 1058 1119
f 89 91 1120 325
f 436 73 38 343
f 411 413 51 33
f 616 619 43 32
f 852 64 30 676
f 399 403 41 27
f 673 25 74 439
f 340 342 23 77
f 340 77 20 184
f 181 183 63 19
f 852 854 18 64
f 407 409 14 72
f 409 411 33 14
f 529 11 21 530
f 673 675 6 25
f 1 29 112 109
f 606 540 5 69
f 529 528 4 11
f 858 677 79 62
f 326 61 81 1064
f 1064 81 82 1063
f 536 607 1097 1100
f 1100 1097 1098 1099
f 608 609 1093 1096
f 1096 1093 1094 1095
f 535 538 1089 1092
f 1092 1089 1090 1091
f 327 328 1083 1086
f 1086 1083 1084 1085
f 534 535 1092 1082
f 1082 1092 1091 1081
f 394 327 1086 1080
f 1080 1086 1085 1079
f 395 394 1080 1078
f 1078 1080 1079 1077
f 607 608 1096 1097
f 1097 1096 1095 1098
f 538 539 1075 1089
f 1089 1075 1076 1090
f 614 612 1071 1074
f 1074 1071 1072 1073
f 613 614 1074 1070
f 1070 1074 1073 1069
f 610 396 1065 1068
f 1068 1065 1066 1067
f 537 536 1100 1062
f 1062 1100 1099 1061
f 533 1087 83 76
f 1087 1088 84 83
f 533 534 1082 1087
f 1087 1082 1081 1088
f 609 613 1070 1093
f 1093 1070 1069 1094
f 612 611 1059 1071
f 1071 1059 1060 1072
f 539 537 1062 1075
f 1075 1062 1061 1076
f 611 610 1068 1059
f 1059 1068 1067 1060
f 396 395 1078 1065
f 1065 1078 1077 1066
f 328 326 1064 1083
f 1083 1064 1063 1084
f 91 92 1119 1120
f 1058 90 93 1145
f 256 255 1134 1141
f 1141 1134 1133 1142
f 250 249 1128 1135
f 1135 1128 1127 1136
f 316 324 1138 1123
f 1123 1138 1137 1124
f 253 254 1140 1107
f 1107 1140 1139 1108
f 262 259 1102 1129
f 1129 1102 1101 1130
f 257 256 1141 1125
f 1125 1141 1142 1126
f 254 314 1116 1140
f 1140 1116 1115 1139
f 324 323 1132 1138
f 1138 1132 1131 1137
f 255 250 1135 1134
f 1134 1135 1136 1133
f 323 325 1120 1132
f 1132 1120 1119 1131
f 263 262 1129 1111
f 1111 1129 1130 1112
f 249 252 1106 1128
f 1128 1106 1105 1127
f 261 257 1125 1121
f 1121 1125 1126 1122
f 315 316 1123 1117
f 1117 1123 1124 1118
f 260 261 1121 1113
f 1113 1121 1122 1114
f 314 315 1117 1116
f 1116 1117 1118 1115
f 258 260 1113 1103
f 1103 1113 1114 1104
f 264 263 1111 1110
f 1110 1111 1112 1109
f 252 253 1107 1106
f 1106 1107 1108 1105
f 259 258 1103 1102
f 1102 1103 1104 1101
f 85 264 1110 87
f 87 1110 1109 88
f 1049 1045 1162 1163
f 1050 1047 1160 1153
f 1048 1049 1163 1161
f 1145 93 96 1176
f 1055 1057 1149 1156
f 1052 1051 1154 1155
f 1045 1044 1158 1162
f 1046 1048 1161 1159
f 1043 1039 1148 1157
f 1047 1046 1159 1160
f 1044 1043 1157 1158
f 1054 1055 1156 1152
f 86 1052 1155 94
f 1051 1050 1153 1154
f 1053 1054 1152 1151
f 1042 1053 1151 1143
f 1040 1041 1144 1150
f 1038 1040 1150 1147
f 1057 1056 1146 1149
f 1039 1038 1147 1148
f 1056 1058 1145 1146
f 1041 1042 1143 1144
f 1159 1161 1183 1184
f 1157 1148 1181 1182
f 1149 1146 1179 1180
f 1160 1159 1184 1178
f 1148 1147 1177 1181
f 1146 1145 1176 1179
f 1144 1143 1174 1175
f 1152 1156 1172 1173
f 94 1155 1171 95
f 1161 1163 1170 1183
f 1154 1153 1168 1169
f 1143 1151 1167 1174
f 1150 1144 1175 1166
f 1147 1150 1166 1177
f 1158 1157 1182 1165
f 1163 1162 1164 1170
f 82 89 325 1063
f 1153 1160 1178 1168
f 1156 1149 1180 1172
f 1151 1152 1173 1167
f 1155 1154 1169 1171
f 1162 1158 1165 1164
f 1088 264 85 84
f 1185 1197 1196 1195
f 1185 1195 1199 1198
f 1185 1198 1200 1197
f 1186 1203 1202 1201
f 1186 1205 1204 1203
f 1186 1207 1206 1205
f 1187 1209 1188 1208
f 1187 1208 1211 1210
f 1187 1210 1212 1209
f 1188 1209 1214 1213
f 1188 1213 1216 1215
f 1188 1218 1217 1208
f 1188 1215 1219 1218
f 1189 1222 1221 1220
f 1189 1224 1223 1222
f 1189 1220 1226 1225
f 1189 1225 1228 1227
f 1189 1227 1229 1224
f 1190 1232 1231 1230
f 1190 1234 1233 1232
f 1190 1236 1235 1234
f 1190 1238 1237 1236
f 1190 1230 1239 1238
f 1191 1242 1241 1240
f 1191 1240 1244 1243
f 1191 1245 1233 1242
f 1191 1243 1247 1246
f 1191 1246 1248 1245
f 1192 1251 1250 1249
f 1192 1253 1252 1251
f 1192 1249 1254 1253
f 1193 1257 1256 1255
f 1193 1259 1258 1257
f 1193 1255 1260 1259
f 1194 1263 1262 1261
f 1194 1261 1265 1264
f 1194 1264 1266 1263
f 1269 1271 1270 1268
f 63 20 1272 1271
f 1946 1945 54 62
f 1944 78 54 1945
f 36 1409 1410 47
f 45 1196 1197 1
f 1275 1278 1277 1274
f 1275 1276 1279 1278
f 1279 1276 1281 1280
f 1279 1283 1282 1278
f 1279 1280 1284 1283
f 1284 1280 1286 1285
f 1284 1288 1287 1283
f 1284 1285 1289 1288
f 1289 1285 1291 1290
f 1289 1293 1292 1288
f 1289 1290 1294 1293
f 1294 1290 1296 1295
f 1294 1298 1297 1293
f 1294 1295 1299 1298
f 1299 1295 1301 1300
f 1299 1303 1302 1298
f 1299 1300 1304 1303
f 1304 1300 1306 1305
f 1304 1308 1307 1303
f 1304 1305 1309 1308
f 1309 1305 1311 1310
f 1309 1313 1312 1308
f 1309 1310 1314 1313
f 1314 1310 1316 1315
f 1314 1318 1317 1313
f 1314 1315 1319 1318
f 1319 1315 1321 1320
f 1319 1323 1322 1318
f 1319 1320 1324 1323
f 1324 1320 1326 1325
f 1324 1328 1327 1323
f 1324 1325 1329 1328
f 1329 1325 1331 1330
f 1329 1333 1332 1328
f 1329 1330 1334 1333
f 2172 1411 1413 2151
f 1334 1336 1335 1333
f 15 1378 1379 26
f 2154 1402 1403 2165
f 2148 1341 1342 2155
f 2164 1346 1348 2149
f 2160 1340 1341 2148
f 2182 1343 1338 2157
f 2176 1352 1351 2169
f 1353 1326 1355 1354
f 1353 1331 1325 1326
f 1355 1357 1356 1354
f 1355 1321 1358 1357
f 1355 1326 1320 1321
f 1358 1360 1359 1357
f 1358 1316 1361 1360
f 1358 1321 1315 1316
f 1361 1363 1362 1360
f 1361 1311 1364 1363
f 1361 1316 1310 1311
f 1364 1366 1365 1363
f 1364 1306 1367 1366
f 1364 1311 1305 1306
f 1367 1369 1368 1366
f 1367 1301 1370 1369
f 1367 1306 1300 1301
f 1370 1372 1371 1369
f 1370 1296 1373 1372
f 1370 1301 1295 1296
f 1373 1375 1374 1372
f 1373 1291 1376 1375
f 1373 1296 1290 1291
f 1376 1378 1377 1375
f 1376 1286 1379 1378
f 1376 1291 1285 1286
f 1378 15 59 1377
f 8 1276 1275 28
f 1379 1286 1280 1281
f 1381 1380 60 16
f 75 1382 1381 16
f 2100 66 78 1944
f 1275 1274 65 28
f 1381 1383 1374 1380
f 1381 1382 1384 1383
f 1384 1382 1386 1385
f 1384 1387 1371 1383
f 1384 1385 1388 1387
f 1388 1385 1390 1389
f 1388 1391 1368 1387
f 1388 1389 1392 1391
f 1392 1389 1394 1393
f 1392 1395 1365 1391
f 1392 1393 1396 1395
f 1396 1393 1398 1397
f 1396 1399 1362 1395
f 1396 1397 1400 1399
f 1400 1401 1359 1399
f 2149 1348 1349 2187
f 2155 1342 1402 2154
f 2157 1338 1337 2161
f 2161 1337 1340 2160
f 1405 1394 1407 1406
f 1405 1398 1393 1394
f 1407 1409 1408 1406
f 1407 1390 1410 1409
f 1407 1394 1389 1390
f 1379 1281 46 26
f 1767 34 40 1528
f 1410 1390 1385 1386
f 88 86 2140 2197
f 2178 1347 1346 2164
f 2186 1345 1344 2183
f 2165 1403 1404 2167
f 2167 1404 1412 2173
f 2169 1351 1350 2179
f 2173 1412 1411 2172
f 2179 1350 1347 2178
f 2183 1344 1343 2182
f 24 35 1433 1432
f 2187 1349 1345 2186
f 1408 1621 1622 1406
f 1330 1702 1700 1334
f 1419 1421 1420 1418
f 1419 1267 1422 1421
f 1422 1267 1268 1270
f 1422 1424 1423 1421
f 1422 1270 1425 1424
f 1425 1270 1271 1272
f 1425 1427 1426 1424
f 1425 1272 1428 1427
f 1428 1430 1429 1427
f 23 38 1431 1430
f 1408 1409 36 37
f 55 2045 1196 45
f 1273 53 65 1274
f 1434 1436 1435 1433
f 1434 1273 1437 1436
f 1437 1273 1274 1277
f 1437 1439 1438 1436
f 1437 1277 1440 1439
f 1440 1277 1278 1282
f 1440 1442 1441 1439
f 1440 1282 1443 1442
f 1443 1282 1283 1287
f 1443 1445 1444 1442
f 1443 1287 1446 1445
f 1446 1287 1288 1292
f 1446 1448 1447 1445
f 1446 1292 1449 1448
f 1449 1292 1293 1297
f 1449 1450 1247 1448
f 1449 1297 1451 1450
f 1451 1297 1298 1302
f 1451 1453 1452 1450
f 1451 1302 1454 1453
f 1454 1302 1303 1307
f 1454 1456 1455 1453
f 1454 1307 1457 1456
f 1457 1307 1308 1312
f 1457 1459 1458 1456
f 1457 1312 1460 1459
f 1460 1312 1313 1317
f 1460 1462 1461 1459
f 1460 1317 1463 1462
f 1463 1317 1318 1322
f 1463 1465 1464 1462
f 1463 1322 1466 1465
f 1466 1322 1323 1327
f 1466 1468 1467 1465
f 1466 1327 1469 1468
f 1469 1327 1328 1332
f 1469 1471 1470 1468
f 1469 1332 1472 1471
f 1472 1332 1333 1335
f 1472 1474 1473 1471
f 1472 1335 1475 1474
f 1475 1335 1336 1339
f 1475 1477 1476 1474
f 1475 1339 1478 1477
f 1478 1480 1479 1477
f 1692 1416 1414 1694
f 1356 1695 1696 1354
f 1480 1483 1482 1481
f 1481 1482 1415 1693
f 1331 1701 1702 1330
f 1353 1697 1701 1331
f 1478 1484 1483 1480
f 1339 1698 1484 1478
f 13 1486 1485 71
f 13 27 1487 1486
f 1487 1489 1488 1486
f 1487 1491 1490 1489
f 1491 1493 1492 1490
f 1493 1495 1494 1492
f 1495 1497 1496 1494
f 1497 1499 1498 1496
f 1499 1501 1500 1498
f 1501 1503 1502 1500
f 1506 1508 1507 1505
f 1506 1417 1509 1508
f 1509 1511 1510 1508
f 1509 1420 1512 1511
f 1509 1417 1418 1420
f 1512 1514 1513 1511
f 1512 1423 1515 1514
f 1512 1420 1421 1423
f 1515 1517 1516 1514
f 1515 1426 1518 1517
f 1515 1423 1424 1426
f 1518 1426 1427 1429
f 1518 1520 1519 1517
f 1518 1429 1521 1520
f 1521 1429 1430 1431
f 1521 1523 1522 1520
f 1521 1431 1524 1523
f 1524 1526 1525 1523
f 52 74 1527 1526
f 2 2046 2045 55
f 1386 1382 75 56
f 1530 10 24 1432
f 1530 1532 1531 1529
f 1530 1432 1533 1532
f 1533 1432 1433 1435
f 1533 1535 1534 1532
f 1533 1435 1536 1535
f 1536 1435 1436 1438
f 1536 1538 1537 1535
f 1536 1438 1539 1538
f 1539 1438 1439 1441
f 1539 1541 1540 1538
f 1539 1441 1542 1541
f 1542 1441 1442 1444
f 1542 1544 1543 1541
f 1542 1444 1545 1544
f 1545 1444 1445 1447
f 1545 1244 1546 1544
f 1545 1447 1243 1244
f 1546 1547 1543 1544
f 1546 1549 1548 1547
f 1546 1244 1240 1549
f 1549 1551 1550 1548
f 1549 1240 1241 1551
f 1551 1553 1552 1550
f 1551 1241 1554 1553
f 1554 1241 1242 1555
f 1554 1557 1556 1553
f 1554 1555 1558 1557
f 1558 1560 1559 1557
f 1558 1235 1561 1560
f 1558 1555 1234 1235
f 1561 1262 1562 1560
f 1561 1563 1261 1262
f 1561 1235 1236 1563
f 1563 1564 1265 1261
f 1563 1236 1237 1564
f 1564 1566 1565 1265
f 1564 1237 1567 1566
f 1567 1569 1568 1566
f 1567 1571 1570 1569
f 1567 1237 1238 1571
f 1571 1573 1572 1570
f 1571 1238 1239 1573
f 1573 1575 1574 1572
f 1573 1239 1576 1575
f 1576 1239 1230 1577
f 1576 1579 1578 1575
f 1576 1577 1580 1579
f 1580 1577 1582 1581
f 1580 1584 1583 1579
f 1580 1581 1585 1584
f 1585 1581 1587 1586
f 1585 1589 1588 1584
f 1585 1586 1590 1589
f 1590 1586 1592 1591
f 1590 1202 1203 1589
f 1590 1591 1593 1202
f 1593 1591 1595 1594
f 1593 1596 1201 1202
f 1593 1594 1597 1596
f 1597 1594 1599 1598
f 1597 1601 1600 1596
f 1597 1598 1602 1601
f 1602 1598 1604 1603
f 1602 1606 1605 1601
f 1602 1603 1607 1606
f 1607 1603 1609 1608
f 1607 1611 1610 1606
f 1607 1608 1612 1611
f 1612 1608 1614 1613
f 1612 1616 1615 1611
f 1612 1613 1617 1616
f 1617 1613 1619 1618
f 21 1618 1620 67
f 1354 1696 1697 1353
f 1397 1627 1625 1400
f 1406 1622 1623 1405
f 1398 1626 1627 1397
f 1400 1625 1624 1401
f 40 3 1529 1528
f 1334 1700 1699 1336
f 12 1629 1628 5
f 12 48 1630 1629
f 1630 1632 1631 1629
f 1630 1620 1633 1632
f 1633 1635 1634 1632
f 1633 1619 1636 1635
f 1633 1620 1618 1619
f 1636 1638 1637 1635
f 1636 1614 1639 1638
f 1636 1619 1613 1614
f 1639 1641 1640 1638
f 1639 1609 1642 1641
f 1639 1614 1608 1609
f 1642 1644 1643 1641
f 1642 1604 1645 1644
f 1642 1609 1603 1604
f 1645 1647 1646 1644
f 1645 1599 1648 1647
f 1645 1604 1598 1599
f 1648 1650 1649 1647
f 1648 1595 1651 1650
f 1648 1599 1594 1595
f 1651 1653 1652 1650
f 1651 1592 1654 1653
f 1651 1595 1591 1592
f 1654 1656 1655 1653
f 1654 1587 1657 1656
f 1654 1592 1586 1587
f 1657 1659 1658 1656
f 1657 1582 1231 1659
f 1657 1587 1581 1582
f 1659 1661 1660 1658
f 1659 1231 1232 1661
f 1661 1245 1248 1660
f 1661 1232 1233 1245
f 1660 1248 1663 1662
f 1660 1662 1664 1658
f 1664 1662 1666 1665
f 1664 1655 1656 1658
f 1664 1665 1667 1655
f 1667 1665 1669 1668
f 1667 1652 1653 1655
f 1667 1668 1670 1652
f 1670 1668 1672 1671
f 1670 1649 1650 1652
f 1670 1671 1673 1649
f 1673 1671 1675 1674
f 1673 1646 1647 1649
f 1673 1674 1676 1646
f 1676 1674 1678 1677
f 1676 1643 1644 1646
f 1676 1677 1679 1643
f 1679 1677 1681 1680
f 1679 1640 1641 1643
f 1679 1680 1682 1640
f 1682 1680 1684 1683
f 1682 1637 1638 1640
f 1682 1683 1685 1637
f 1685 1683 1687 1686
f 1685 1634 1635 1637
f 1685 1686 1688 1634
f 1688 1686 1690 1689
f 1688 1631 1632 1634
f 1688 1689 1691 1631
f 1691 1689 1693 1692
f 1691 1628 1629 1631
f 1691 1692 1694 1628
f 1693 1415 1416 1692
f 1405 1623 1626 1398
f 1401 1624 1695 1356
f 1693 1689 1690 1481
f 1690 1479 1480 1481
f 1690 1686 1687 1479
f 1687 1476 1477 1479
f 1687 1683 1684 1476
f 1684 1473 1474 1476
f 1684 1680 1681 1473
f 1681 1470 1471 1473
f 1681 1677 1678 1470
f 1678 1467 1468 1470
f 1678 1674 1675 1467
f 1675 1464 1465 1467
f 1675 1671 1672 1464
f 1672 1461 1462 1464
f 1672 1668 1669 1461
f 1669 1458 1459 1461
f 1669 1665 1666 1458
f 1666 1455 1456 1458
f 1666 1662 1663 1455
f 1663 1452 1453 1455
f 1663 1248 1246 1452
f 1336 1699 1698 1339
f 70 1615 1616 4
f 70 22 1703 1615
f 22 32 1704 1703
f 1704 1705 1610 1703
f 1704 1707 1706 1705
f 1707 1709 1708 1706
f 1709 1485 1710 1708
f 1710 1712 1711 1708
f 1710 1488 1713 1712
f 1710 1485 1486 1488
f 1713 1715 1714 1712
f 1713 1717 1716 1715
f 1713 1488 1489 1717
f 1717 1719 1718 1716
f 1717 1489 1490 1719
f 1719 1721 1720 1718
f 1719 1490 1492 1721
f 1721 1723 1722 1720
f 1721 1492 1494 1723
f 1723 1725 1724 1722
f 1723 1494 1496 1725
f 1725 1727 1726 1724
f 1725 1496 1498 1727
f 1727 1729 1728 1726
f 1727 1498 1500 1729
f 1732 1734 1733 1731
f 1732 1736 1735 1734
f 1736 1504 1737 1735
f 1737 1739 1738 1735
f 1737 1507 1740 1739
f 1737 1504 1505 1507
f 1740 1742 1741 1739
f 1740 1510 1743 1742
f 1740 1507 1508 1510
f 1743 1745 1744 1742
f 1743 1513 1746 1745
f 1743 1510 1511 1513
f 1746 1748 1747 1745
f 1746 1516 1749 1748
f 1746 1513 1514 1516
f 1749 1751 1750 1748
f 1749 1519 1752 1751
f 1749 1516 1517 1519
f 1752 1754 1753 1751
f 1752 1522 1755 1754
f 1752 1519 1520 1522
f 1755 1757 1756 1754
f 1755 1525 1758 1757
f 1755 1522 1523 1525
f 1758 1525 1526 1527
f 1758 1760 1759 1757
f 1758 1527 1761 1760
f 1761 1763 1762 1760
f 6 30 1764 1763
f 2050 2046 2 9
f 1281 1276 8 46
f 37 76 1621 1408
f 1767 1769 1768 1766
f 1767 1528 1770 1769
f 1770 1528 1529 1531
f 1770 1772 1771 1769
f 1770 1531 1773 1772
f 1773 1531 1532 1534
f 1773 1775 1774 1772
f 1773 1534 1776 1775
f 1776 1534 1535 1537
f 1776 1778 1777 1775
f 1776 1537 1779 1778
f 1779 1537 1538 1540
f 1779 1781 1780 1778
f 1779 1540 1782 1781
f 1782 1540 1541 1543
f 1782 1784 1783 1781
f 1782 1543 1547 1784
f 1784 1786 1785 1783
f 1784 1547 1548 1786
f 1786 1788 1787 1785
f 1786 1548 1550 1788
f 1788 1790 1789 1787
f 1788 1550 1552 1790
f 1790 1792 1791 1789
f 1790 1552 1793 1792
f 1793 1552 1553 1556
f 1793 1795 1794 1792
f 1793 1556 1796 1795
f 1796 1556 1557 1559
f 1796 1798 1797 1795
f 1796 1559 1799 1798
f 1799 1252 1253 1798
f 1799 1562 1800 1252
f 1799 1559 1560 1562
f 1800 1801 1251 1252
f 1800 1263 1266 1801
f 1800 1562 1262 1263
f 1801 1802 1250 1251
f 1801 1266 1803 1802
f 1803 1256 1257 1802
f 1803 1805 1804 1256
f 1803 1266 1264 1805
f 1805 1565 1806 1804
f 1805 1264 1265 1565
f 1806 1214 1807 1804
f 1806 1568 1213 1214
f 1806 1565 1566 1568
f 1807 1255 1256 1804
f 1807 1212 1260 1255
f 1807 1214 1209 1212
f 1802 1257 1258 1250
f 1798 1253 1254 1797
f 1797 1808 1794 1795
f 1797 1254 1809 1808
f 1809 1811 1810 1808
f 1809 1813 1812 1811
f 1809 1254 1249 1813
f 1813 1258 1259 1812
f 1813 1249 1250 1258
f 1812 1815 1814 1811
f 1812 1259 1260 1815
f 1815 1210 1211 1814
f 1815 1260 1212 1210
f 1814 1816 1810 1811
f 1814 1211 1817 1816
f 1817 1819 1818 1816
f 1817 1217 1820 1819
f 1817 1211 1208 1217
f 1820 1822 1821 1819
f 1820 1824 1823 1822
f 1820 1217 1218 1824
f 1824 1223 1224 1823
f 1824 1218 1219 1223
f 1823 1826 1825 1822
f 1823 1224 1229 1826
f 1826 1828 1827 1825
f 1826 1229 1829 1828
f 1829 1831 1830 1828
f 1829 1833 1832 1831
f 1829 1229 1227 1833
f 1833 1835 1834 1832
f 1833 1227 1228 1835
f 1835 1837 1836 1834
f 1835 1228 1838 1837
f 1838 1840 1839 1837
f 1838 1842 1841 1840
f 1838 1228 1225 1842
f 1842 1844 1843 1841
f 1842 1225 1226 1844
f 1844 1846 1845 1843
f 1844 1226 1847 1846
f 1847 1226 1220 1848
f 1847 1850 1849 1846
f 1847 1848 1851 1850
f 1851 1848 1853 1852
f 1851 1855 1854 1850
f 1851 1852 1856 1855
f 1856 1852 1858 1857
f 1856 1860 1859 1855
f 1856 1857 1861 1860
f 1861 1857 1863 1862
f 1861 1865 1864 1860
f 1861 1862 1866 1865
f 1866 1862 1868 1867
f 1866 1870 1869 1865
f 1866 1867 1871 1870
f 1871 1867 1873 1872
f 1871 1875 1874 1870
f 1871 1872 1876 1875
f 1876 1872 1878 1877
f 1876 1880 1879 1875
f 1876 1877 1881 1880
f 1881 1877 1883 1882
f 1881 1885 1884 1880
f 1881 1882 1886 1885
f 1886 1882 1888 1887
f 1886 1890 1889 1885
f 1886 1887 1891 1890
f 1891 1887 1893 1892
f 1891 1895 1894 1890
f 1891 1892 1896 1895
f 1896 1892 1720 1722
f 1896 1898 1897 1895
f 1896 1722 1724 1898
f 1898 1724 1726 1899
f 1902 1904 1903 1901
f 1902 1730 1905 1904
f 1905 1907 1906 1904
f 1905 1733 1908 1907
f 1905 1730 1731 1733
f 1908 1910 1909 1907
f 1908 1912 1911 1910
f 1908 1733 1734 1912
f 1912 1738 1913 1911
f 1912 1734 1735 1738
f 1913 1915 1914 1911
f 1913 1741 1916 1915
f 1913 1738 1739 1741
f 1916 1918 1917 1915
f 1916 1744 1919 1918
f 1916 1741 1742 1744
f 1919 1921 1920 1918
f 1919 1747 1922 1921
f 1919 1744 1745 1747
f 1922 1924 1923 1921
f 1922 1750 1925 1924
f 1922 1747 1748 1750
f 1925 1927 1926 1924
f 1925 1753 1928 1927
f 1925 1750 1751 1753
f 1928 1930 1929 1927
f 1928 1756 1931 1930
f 1928 1753 1754 1756
f 1931 1933 1932 1930
f 1931 1759 1934 1933
f 1931 1756 1757 1759
f 1934 1936 1935 1933
f 1934 1762 1937 1936
f 1934 1759 1760 1762
f 1937 1939 1938 1936
f 1937 1764 1940 1939
f 1937 1762 1763 1764
f 1940 1942 1941 1939
f 18 42 1943 1942
f 1434 1433 35 44
f 1765 79 17 1766
f 2100 2101 58 66
f 1946 1948 1947 1945
f 1946 1765 1949 1948
f 1949 1765 1766 1768
f 1949 1951 1950 1948
f 1949 1768 1952 1951
f 1952 1768 1769 1771
f 1952 1954 1953 1951
f 1952 1771 1955 1954
f 1955 1771 1772 1774
f 1955 1957 1956 1954
f 1955 1774 1958 1957
f 1958 1774 1775 1777
f 1958 1960 1959 1957
f 1958 1777 1961 1960
f 1961 1777 1778 1780
f 1961 1963 1962 1960
f 1961 1780 1964 1963
f 1964 1780 1781 1783
f 1964 1966 1965 1963
f 1964 1783 1785 1966
f 1966 1968 1967 1965
f 1966 1785 1787 1968
f 1968 1970 1969 1967
f 1968 1787 1789 1970
f 1970 1971 1821 1969
f 1970 1789 1791 1971
f 1971 1818 1819 1821
f 1971 1791 1972 1818
f 1972 1791 1792 1794
f 1972 1810 1816 1818
f 1972 1794 1808 1810
f 1969 1825 1827 1967
f 1969 1821 1822 1825
f 1967 1827 1973 1965
f 1973 1962 1963 1965
f 1973 1830 1974 1962
f 1973 1827 1828 1830
f 1974 1959 1960 1962
f 1974 1976 1975 1959
f 1974 1830 1831 1976
f 1976 1978 1977 1975
f 1976 1831 1832 1978
f 1978 1980 1979 1977
f 1978 1832 1834 1980
f 1980 1982 1981 1979
f 1980 1834 1836 1982
f 1982 1984 1983 1981
f 1982 1836 1985 1984
f 1985 1987 1986 1984
f 1985 1839 1988 1987
f 1985 1836 1837 1839
f 1988 1990 1989 1987
f 1988 1992 1991 1990
f 1988 1839 1840 1992
f 1992 1994 1993 1991
f 1992 1840 1841 1994
f 1994 1996 1995 1993
f 1994 1841 1843 1996
f 1996 1998 1997 1995
f 1996 1843 1845 1998
f 1998 2000 1999 1997
f 1998 1845 2001 2000
f 2001 1845 1846 1849
f 2001 2003 2002 2000
f 2001 1849 2004 2003
f 2004 1849 1850 1854
f 2004 2006 2005 2003
f 2004 1854 2007 2006
f 2007 1854 1855 1859
f 2007 2009 2008 2006
f 2007 1859 2010 2009
f 2010 1859 1860 1864
f 2010 2012 2011 2009
f 2010 1864 2013 2012
f 2013 1864 1865 1869
f 2013 2015 2014 2012
f 2013 1869 2016 2015
f 2016 1869 1870 1874
f 2016 2017 1909 2015
f 2016 1874 2018 2017
f 2018 1874 1875 1879
f 2018 2019 1906 2017
f 2018 1879 2020 2019
f 2020 1879 1880 1884
f 2020 2021 1903 2019
f 2020 1884 2022 2021
f 2022 1884 1885 1889
f 2022 2023 1900 2021
f 2022 1889 2024 2023
f 2024 1889 1890 1894
f 2021 1900 1901 1903
f 2019 1903 1904 1906
f 2017 1906 1907 1909
f 2015 1909 1910 2014
f 2014 1914 2011 2012
f 2014 1910 1911 1914
f 2011 1917 2008 2009
f 2011 1914 1915 1917
f 2008 1920 2005 2006
f 2008 1917 1918 1920
f 2005 1923 2002 2003
f 2005 1920 1921 1923
f 2002 1926 1999 2000
f 2002 1923 1924 1926
f 1999 1929 2025 1997
f 1999 1926 1927 1929
f 2025 2026 1995 1997
f 2025 1932 2027 2026
f 2025 1929 1930 1932
f 2027 2029 2028 2026
f 2027 1935 2030 2029
f 2027 1932 1933 1935
f 2030 2032 2031 2029
f 2030 1938 2033 2032
f 2030 1935 1936 1938
f 2033 2035 2034 2032
f 2033 1941 2036 2035
f 2033 1938 1939 1941
f 2036 2038 2037 2035
f 2036 1943 2039 2038
f 2036 1941 1942 1943
f 2039 2041 2040 2038
f 68 7 2042 2041
f 7 31 2043 2042
f 31 57 2044 2043
f 10 1530 1529 3
f 1410 1386 56 47
f 34 1767 1766 17
f 2045 2047 1195 1196
f 2045 2046 2048 2047
f 2048 2046 2050 2049
f 2048 2052 2051 2047
f 2048 2049 2053 2052
f 2053 2049 2055 2054
f 2053 2057 2056 2052
f 2053 2054 2058 2057
f 2058 2054 2060 2059
f 2058 2062 2061 2057
f 2058 2059 2063 2062
f 2063 2059 2065 2064
f 2063 2067 2066 2062
f 2063 2064 1983 2067
f 2067 1986 2068 2066
f 2067 1983 1984 1986
f 2068 2070 2069 2066
f 2068 1989 2071 2070
f 2068 1986 1987 1989
f 2071 2073 2072 2070
f 2071 2075 2074 2073
f 2071 1989 1990 2075
f 2075 2076 2031 2074
f 2075 1990 1991 2076
f 2076 2028 2029 2031
f 2076 1991 1993 2028
f 2074 2034 2077 2073
f 2074 2031 2032 2034
f 2077 2078 2072 2073
f 2077 2037 2079 2078
f 2077 2034 2035 2037
f 2079 2081 2080 2078
f 2079 2040 2082 2081
f 2079 2037 2038 2040
f 2082 2084 2083 2081
f 2082 2042 2043 2084
f 2082 2040 2041 2042
f 2084 2086 2085 2083
f 2084 2043 2044 2086
f 2086 1198 1199 2085
f 2086 2044 1200 1198
f 2085 1199 2051 2087
f 2085 2087 2088 2083
f 2088 2087 2056 2089
f 2088 2080 2081 2083
f 2088 2089 2090 2080
f 2090 2089 2061 2069
f 2090 2072 2078 2080
f 2090 2069 2070 2072
f 2089 2056 2057 2061
f 2087 2051 2052 2056
f 2069 2061 2062 2066
f 2065 2093 2092 2091
f 2065 2059 2060 2093
f 2065 2091 2094 2064
f 2094 2091 2096 2095
f 2094 1981 1983 2064
f 2094 2095 1979 1981
f 2096 1950 1951 1953
f 2096 2091 2092 1950
f 2096 1953 2097 2095
f 2097 1953 1954 1956
f 2097 1977 1979 2095
f 2097 1956 1975 1977
f 2093 2098 1947 2092
f 2093 2060 2099 2098
f 2099 2100 1944 2098
f 2099 2055 2101 2100
f 2099 2060 2054 2055
f 58 2101 2050 9
f 59 60 1380 1377
f 2101 2055 2049 2050
f 1434 44 53 1273
f 2098 1944 1945 1947
f 2092 1947 1948 1950
f 2051 1199 1195 2047
f 29 1200 2044 57
f 2028 1993 1995 2026
f 1975 1956 1957 1959
f 1893 2102 1716 1718
f 1893 1887 1888 2102
f 1893 1718 1720 1892
f 2102 1207 1715 1716
f 2102 1888 1206 1207
f 1888 1882 1883 1206
f 1883 2103 1205 1206
f 1883 1877 1878 2103
f 2103 2104 1204 1205
f 2103 1878 2105 2104
f 2105 2107 2106 2104
f 2105 1873 2108 2107
f 2105 1878 1872 1873
f 2108 2110 2109 2107
f 2108 1868 2111 2110
f 2108 1873 1867 1868
f 2111 2113 2112 2110
f 2111 1863 2114 2113
f 2111 1868 1862 1863
f 2114 2116 2115 2113
f 2114 1858 2117 2116
f 2114 1863 1857 1858
f 2117 2119 2118 2116
f 2117 1853 1221 2119
f 2117 1858 1852 1853
f 2119 2121 2120 2118
f 2119 1221 1222 2121
f 2121 1219 1215 2120
f 2121 1222 1223 1219
f 2120 1215 1216 2122
f 2120 2122 2123 2118
f 2123 2122 1570 1572
f 2123 2115 2116 2118
f 2123 1572 1574 2115
f 2122 1216 1569 1570
f 2115 1574 2112 2113
f 2112 1574 1575 1578
f 2112 1578 2109 2110
f 2109 1578 1579 1583
f 2109 1583 2106 2107
f 2106 1583 1584 1588
f 2106 1588 1204 2104
f 1853 1848 1220 1221
f 1715 1207 1186 1714
f 1714 1186 1201 2124
f 1714 2124 1711 1712
f 2124 1201 1596 1600
f 2124 1600 2125 1711
f 2125 1600 1601 1605
f 2125 1706 1708 1711
f 2125 1605 1705 1706
f 1705 1605 1606 1610
f 1703 1610 1611 1615
f 1589 1203 1204 1588
f 1582 1577 1230 1231
f 1569 1216 1213 1568
f 1555 1242 1233 1234
f 1452 1246 1247 1450
f 1448 1247 1243 1447
f 1401 1356 1357 1359
f 1399 1359 1360 1362
f 1395 1362 1363 1365
f 1391 1365 1366 1368
f 1387 1368 1369 1371
f 1383 1371 1372 1374
f 1380 1374 1375 1377
f 2189 2135 2134 2192
f 2193 2128 2129 2196
f 2197 2140 2139 2200
f 2192 2134 2136 2202
f 2203 2141 2142 2206
f 2202 2136 2137 2210
f 2206 2142 2143 2212
f 2210 2137 2133 2214
f 2215 2126 2128 2193
f 2200 2139 2138 2218
f 2219 2144 2146 2207
f 2221 2131 2127 2224
f 2225 2145 2144 2219
f 2227 2130 2141 2203
f 2214 2133 2132 2230
f 2218 2138 2135 2189
f 2196 2129 2130 2227
f 2212 2143 2145 2225
f 2224 2127 2126 2215
f 2230 2132 2131 2221
f 2039 80 68 2041
f 1694 1414 61 69
f 1524 73 52 1526
f 1493 50 72 1495
f 1709 49 71 1485
f 1630 48 67 1620
f 1707 43 49 1709
f 2039 1943 42 80
f 1491 41 50 1493
f 1501 51 39 1503
f 92 2207 2146 90
f 89 1413 2208 91
f 1524 1431 38 73
f 1499 33 51 1501
f 1704 32 43 1707
f 1940 1764 30 64
f 1487 27 41 1491
f 1761 1527 74 25
f 1428 77 23 1430
f 1428 1272 20 77
f 1269 19 63 1271
f 1940 64 18 1942
f 1495 72 14 1497
f 1497 14 33 1499
f 1617 1618 21 11
f 1761 25 6 1763
f 1 1197 1200 29
f 1694 69 5 1628
f 1617 11 4 1616
f 1946 62 79 1765
f 1414 2152 81 61
f 2152 2151 82 81
f 1624 2188 2185 1695
f 2188 2187 2186 2185
f 1696 2184 2181 1697
f 2184 2183 2182 2181
f 1623 2180 2177 1626
f 2180 2179 2178 2177
f 1415 2174 2171 1416
f 2174 2173 2172 2171
f 1622 2170 2180 1623
f 2170 2169 2179 2180
f 1482 2168 2174 1415
f 2168 2167 2173 2174
f 1483 2166 2168 1482
f 2166 2165 2167 2168
f 1695 2185 2184 1696
f 2185 2186 2183 2184
f 1626 2177 2163 1627
f 2177 2178 2164 2163
f 1702 2162 2159 1700
f 2162 2161 2160 2159
f 1701 2158 2162 1702
f 2158 2157 2161 2162
f 1698 2156 2153 1484
f 2156 2155 2154 2153
f 1625 2150 2188 1624
f 2150 2149 2187 2188
f 1621 76 83 2175
f 2175 83 84 2176
f 1621 2175 2170 1622
f 2175 2176 2169 2170
f 1697 2181 2158 1701
f 2181 2182 2157 2158
f 1700 2159 2147 1699
f 2159 2160 2148 2147
f 1627 2163 2150 1625
f 2163 2164 2149 2150
f 1699 2147 2156 1698
f 2147 2148 2155 2156
f 1484 2153 2166 1483
f 2153 2154 2165 2166
f 1416 2171 2152 1414
f 2171 2172 2151 2152
f 91 2208 2207 92
f 2146 2233 93 90
f 1344 2229 2222 1343
f 2229 2230 2221 2222
f 1338 2223 2216 1337
f 2223 2224 2215 2216
f 1404 2211 2226 1412
f 2211 2212 2225 2226
f 1341 2195 2228 1342
f 2195 2196 2227 2228
f 1350 2217 2190 1347
f 2217 2218 2189 2190
f 1345 2213 2229 1344
f 2213 2214 2230 2229
f 1342 2228 2204 1402
f 2228 2227 2203 2204
f 1412 2226 2220 1411
f 2226 2225 2219 2220
f 1343 2222 2223 1338
f 2222 2221 2224 2223
f 1411 2220 2208 1413
f 2220 2219 2207 2208
f 1351 2199 2217 1350
f 2199 2200 2218 2217
f 1337 2216 2194 1340
f 2216 2215 2193 2194
f 1349 2209 2213 1345
f 2209 2210 2214 2213
f 1403 2205 2211 1404
f 2205 2206 2212 2211
f 1348 2201 2209 1349
f 2201 2202 2210 2209
f 1402 2204 2205 1403
f 2204 2203 2206 2205
f 1346 2191 2201 1348
f 2191 2192 2202 2201
f 1352 2198 2199 1351
f 2198 2197 2200 2199
f 1340 2194 2195 1341
f 2194 2193 2196 2195
f 1347 2190 2191 1346
f 2190 2189 2192 2191
f 85 87 2198 1352
f 87 88 2197 2198
f 2137 2251 2250 2133
f 2138 2241 2248 2135
f 2136 2249 2251 2137
f 2233 2264 96 93
f 2143 2244 2237 2145
f 2140 2243 2242 2139
f 2133 2250 2246 2132
f 2134 2247 2249 2136
f 2131 2245 2236 2127
f 2135 2248 2247 2134
f 2132 2246 2245 2131
f 2142 2240 2244 2143
f 86 94 2243 2140
f 2139 2242 2241 2138
f 2141 2239 2240 2142
f 2130 2231 2239 2141
f 2128 2238 2232 2129
f 2126 2235 2238 2128
f 2145 2237 2234 2144
f 2127 2236 2235 2126
f 2144 2234 2233 2146
f 2129 2232 2231 2130
f 2247 2272 2271 2249
f 2245 2270 2269 2236
f 2237 2268 2267 2234
f 2248 2266 2272 2247
f 2236 2269 2265 2235
f 2234 2267 2264 2233
f 2232 2263 2262 2231
f 2240 2261 2260 2244
f 94 95 2259 2243
f 2249 2271 2258 2251
f 2242 2257 2256 2241
f 2231 2262 2255 2239
f 2238 2254 2263 2232
f 2235 2265 2254 2238
f 2246 2253 2270 2245
f 2251 2258 2252 2250
f 82 2151 1413 89
f 2241 2256 2266 2248
f 2244 2260 2268 2237
f 2239 2255 2261 2240
f 2243 2259 2257 2242
f 2250 2252 2253 2246
f 2176 84 85 1352
f 2283 2294 2274 2284
f 2277 2278 2300 2286
f 2290 2282 2279 2291
f 2285 2277 2286 2302
f 2302 2286 2294 2303
f 2301 2299 2300 2278
f 2282 2289 2288 2297
f 2295 2303 2294 2283
f 2293 2279 2300 2299
f 2314 2273 2274 2311
f 2297 2288 2298 2296
f 2292 2276 2297 2296
f 2281 2289 2282 2290
f 2293 2280 2291 2279
f 2310 2311 2274 2321
f 2304 2313 2327 2305
f 2317 2318 2306 2309
f 2542 2530 2646 2331
f 2312 2329 2313 2304
f 2273 2287 2284 2274
f 2329 2330 2321 2313
f 2328 2305 2327 2326
f 2309 2324 2315 2316
f 2322 2310 2321 2330
f 2320 2326 2327 2306
f 2324 2323 2325 2315
f 2319 2323 2324 2276
f 2308 2317 2309 2316
f 2320 2306 2318 2307
f 2275 2319 2276 2292
f 2255 2262 2504 2497
f 1168 1178 2487 2477
f 1178 1184 2493 2487
f 95 1171 2480 2471
f 2263 2254 2496 2505
f 1172 1180 2489 2481
f 1181 1177 2486 2490
f 2254 2265 2507 2496
f 1167 1173 2482 2476
f 1179 1176 2485 2488
f 2270 2253 2495 2512
f 1171 1169 2478 2480
f 2271 2272 2514 2513
f 1175 1174 2483 2484
f 2252 2258 2500 2494
f 1164 1165 2474 2473
f 2269 2270 2512 2511
f 1173 1172 2481 2482
f 96 2264 2506 2472
f 2267 2268 2510 2509
f 1183 1170 2479 2492
f 2266 2256 2498 2508
f 2272 2266 2508 2514
f 2259 95 2471 2501
f 1169 1168 2477 2478
f 2268 2260 2502 2510
f 2265 2269 2511 2507
f 1174 1167 2476 2483
f 2261 2255 2497 2503
f 2264 2267 2509 2506
f 1166 1175 2484 2475
f 2257 2259 2501 2499
f 2262 2263 2505 2504
f 1177 1166 2475 2486
f 2253 2252 2494 2495
f 2260 2261 2503 2502
f 1165 1182 2491 2474
f 1184 1183 2492 2493
f 2258 2271 2513 2500
f 1170 1164 2473 2479
f 1182 1181 2490 2491
f 2256 2257 2499 2498
f 1176 96 2472 2485
f 1180 1179 2488 2489
f 2471 2273 2314 2501
f 2493 2303 2295 2487
f 2513 2329 2312 2500
f 2489 2298 2288 2481
f 2486 2293 2299 2490
f 2499 2311 2310 2498
f 2482 2289 2281 2476
f 2485 2292 2296 2488
f 2504 2317 2308 2497
f 2478 2284 2287 2480
f 2483 2290 2291 2484
f 2496 2307 2318 2505
f 2474 2278 2277 2473
f 2481 2288 2289 2482
f 2507 2320 2307 2496
f 2480 2287 2273 2471
f 2479 2285 2302 2492
f 2495 2305 2328 2512
f 2514 2330 2329 2513
f 2477 2283 2284 2478
f 2500 2312 2304 2494
f 2512 2328 2326 2511
f 2476 2281 2290 2483
f 2506 2319 2275 2472
f 2510 2325 2323 2509
f 2484 2291 2280 2475
f 2498 2310 2322 2508
f 2508 2322 2330 2514
f 2475 2280 2293 2486
f 2502 2315 2325 2510
f 2511 2326 2320 2507
f 2491 2301 2278 2474
f 2497 2308 2316 2503
f 2509 2323 2319 2506
f 2473 2277 2285 2479
f 2501 2314 2311 2499
f 2490 2299 2301 2491
f 2505 2318 2317 2504
f 2472 2275 2292 2485
f 2494 2304 2305 2495
f 2488 2296 2298 2489
f 2503 2316 2315 2502
f 2487 2295 2283 2477
f 2492 2302 2303 2493
f 2646 2530 2534 2647
f 2334 2333 2538 2540
f 2529 2336 2337 2532
f 2313 2533 2529 2327
f 2274 2541 2531 2321
f 2321 2531 2533 2313
f 2309 2534 2530 2324
f 2324 2530 2542 2276
f 2327 2529 2532 2306
f 2306 2532 2534 2309
f 2286 2300 2535 2539
f 2274 2294 2537 2541
f 2294 2286 2539 2537
f 2282 2297 2536 2540
f 2297 2276 2542 2536
f 2300 2279 2538 2535
f 2279 2282 2540 2538
f 2535 2538 2333 2639
f 2335 2336 2634 2635
f 2537 2539 2638 2332
f 2331 2646 2647 2337
f 2638 2639 2333 2332
f 2529 2533 2634 2336
f 2539 2535 2639 2638
f 2635 2634 2533 2531
f 2534 2532 2337 2647
f 2531 2541 2335 2635
f 2541 2537 2332 2335
f 2536 2542 2331 2653
f 2536 2653 2334 2540
f 2827 2828 2829 2830
f 2549 2828 2827 2546
f 2348 2829 2828 2549
f 2347 2830 2829 2348
f 2546 2827 2830 2347
f 2831 2832 2833 2834
f 2340 2832 2831 2522
f 2339 2833 2832 2340
f 2526 2834 2833 2339
f 2522 2831 2834 2526
f 2835 2836 2837 2838
f 2339 2836 2835 2526
f 2342 2837 2836 2339
f 2523 2838 2837 2342
f 2526 2835 2838 2523
f 2839 2840 2841 2842
f 2343 2840 2839 2344
f 2543 2841 2840 2343
f 2548 2842 2841 2543
f 2344 2839 2842 2548
f 2843 2844 2845 2846
f 2344 2844 2843 2338
f 2548 2845 2844 2344
f 2547 2846 2845 2548
f 2338 2843 2846 2547
f 2847 2848 2849 2850
f 2549 2848 2847 2341
f 2546 2849 2848 2549
f 2340 2850 2849 2546
f 2341 2847 2850 2340
f 2851 2852 2853 2854
f 2342 2852 2851 2343
f 2545 2853 2852 2342
f 2543 2854 2853 2545
f 2343 2851 2854 2543
f 2855 2856 2857 2858
f 2676 2856 2855 2652
f 2549 2857 2856 2676
f 2341 2858 2857 2549
f 2652 2855 2858 2341
f 2859 2860 2861 2862
f 2347 2860 2859 2546
f 2346 2861 2860 2347
f 2544 2862 2861 2346
f 2546 2859 2862 2544
f 2863 2864 2865 2866
f 2346 2864 2863 2544
f 2349 2865 2864 2346
f 2545 2866 2865 2349
f 2544 2863 2866 2545
f 2867 2868 2869 2870
f 2351 2868 2867 2548
f 2345 2869 2868 2351
f 2547 2870 2869 2345
f 2548 2867 2870 2547
f 2871 2872 2873 2874
f 2350 2872 2871 2543
f 2351 2873 2872 2350
f 2548 2874 2873 2351
f 2543 2871 2874 2548
f 2875 2876 2877 2878
f 2349 2876 2875 2350
f 2562 2877 2876 2349
f 2555 2878 2877 2562
f 2350 2875 2878 2555
f 2879 2880 2881 2882
f 2354 2880 2879 2566
f 2353 2881 2880 2354
f 2572 2882 2881 2353
f 2566 2879 2882 2572
f 2883 2884 2885 2886
f 2353 2884 2883 2572
f 2356 2885 2884 2353
f 2565 2886 2885 2356
f 2572 2883 2886 2565
f 2887 2888 2889 2890
f 2358 2888 2887 2576
f 2352 2889 2888 2358
f 2574 2890 2889 2352
f 2576 2887 2890 2574
f 2891 2892 2893 2894
f 2357 2892 2891 2570
f 2358 2893 2892 2357
f 2576 2894 2893 2358
f 2570 2891 2894 2576
f 2895 2896 2897 2898
f 2677 2896 2895 2656
f 2553 2897 2896 2677
f 2348 2898 2897 2553
f 2656 2895 2898 2348
f 2899 2900 2901 2902
f 2553 2900 2899 2348
f 2551 2901 2900 2553
f 2347 2902 2901 2551
f 2348 2899 2902 2347
f 2903 2904 2905 2906
f 2552 2904 2903 2550
f 2361 2905 2904 2552
f 2359 2906 2905 2361
f 2550 2903 2906 2359
f 2907 2908 2909 2910
f 2564 2908 2907 2571
f 2565 2909 2908 2564
f 2570 2910 2909 2565
f 2571 2907 2910 2570
f 2911 2912 2913 2914
f 2558 2912 2911 2678
f 2364 2913 2912 2558
f 2658 2914 2913 2364
f 2678 2911 2914 2658
f 2915 2916 2917 2918
f 2550 2916 2915 2556
f 2359 2917 2916 2550
f 2363 2918 2917 2359
f 2556 2915 2918 2363
f 2919 2920 2921 2922
f 2556 2920 2919 2563
f 2363 2921 2920 2556
f 2360 2922 2921 2363
f 2563 2919 2922 2360
f 2923 2924 2925 2926
f 2560 2924 2923 2558
f 2365 2925 2924 2560
f 2364 2926 2925 2365
f 2558 2923 2926 2364
f 2927 2928 2929 2930
f 2554 2928 2927 2560
f 2362 2929 2928 2554
f 2365 2930 2929 2362
f 2560 2927 2930 2365
f 2931 2932 2933 2934
f 2372 2932 2931 2590
f 2366 2933 2932 2372
f 2588 2934 2933 2366
f 2590 2931 2934 2588
f 2935 2936 2937 2938
f 2579 2936 2935 2355
f 2586 2937 2936 2579
f 2354 2938 2937 2586
f 2355 2935 2938 2354
f 2939 2940 2941 2942
f 2371 2940 2939 2580
f 2372 2941 2940 2371
f 2590 2942 2941 2372
f 2580 2939 2942 2590
f 2943 2944 2945 2946
f 2659 2944 2943 2682
f 2369 2945 2944 2659
f 2578 2946 2945 2369
f 2682 2943 2946 2578
f 2947 2948 2949 2950
f 2367 2948 2947 2582
f 2370 2949 2948 2367
f 2584 2950 2949 2370
f 2582 2947 2950 2584
f 2951 2952 2953 2954
f 2368 2952 2951 2587
f 2367 2953 2952 2368
f 2582 2954 2953 2367
f 2587 2951 2954 2582
f 2955 2956 2957 2958
f 2562 2956 2955 2555
f 2563 2957 2956 2562
f 2554 2958 2957 2563
f 2555 2955 2958 2554
f 2959 2960 2961 2962
f 2683 2960 2959 2659
f 2598 2961 2960 2683
f 2369 2962 2961 2598
f 2659 2959 2962 2369
f 2963 2964 2965 2966
f 2602 2964 2963 2370
f 2596 2965 2964 2602
f 2371 2966 2965 2596
f 2370 2963 2966 2371
f 2967 2968 2969 2970
f 2375 2968 2967 2600
f 2374 2969 2968 2375
f 2604 2970 2969 2374
f 2600 2967 2970 2604
f 2971 2972 2973 2974
f 2374 2972 2971 2604
f 2377 2973 2972 2374
f 2603 2974 2973 2377
f 2604 2971 2974 2603
f 2975 2976 2977 2978
f 2379 2976 2975 2594
f 2373 2977 2976 2379
f 2592 2978 2977 2373
f 2594 2975 2978 2592
f 2979 2980 2981 2982
f 2378 2980 2979 2597
f 2379 2981 2980 2378
f 2594 2982 2981 2379
f 2597 2979 2982 2594
f 2983 2984 2985 2986
f 2579 2984 2983 2586
f 2578 2985 2984 2579
f 2587 2986 2985 2578
f 2586 2983 2986 2587
f 2987 2988 2989 2990
f 2379 2988 2987 2373
f 2610 2989 2988 2379
f 2619 2990 2989 2610
f 2373 2987 2990 2619
f 2991 2992 2993 2994
f 2378 2992 2991 2379
f 2606 2993 2992 2378
f 2610 2994 2993 2606
f 2379 2991 2994 2610
f 2995 2996 2997 2998
f 2593 2996 2995 2683
f 2592 2997 2996 2593
f 2684 2998 2997 2592
f 2683 2995 2998 2684
f 2999 3000 3001 3002
f 2598 3000 2999 2601
f 2599 3001 3000 2598
f 2600 3002 3001 2599
f 2601 2999 3002 2600
f 3003 3004 3005 3006
f 2602 3004 3003 2596
f 2603 3005 3004 2602
f 2597 3006 3005 2603
f 2596 3003 3006 2597
f 3007 3008 3009 3010
f 2382 3008 3007 2612
f 2381 3009 3008 2382
f 2616 3010 3009 2381
f 2612 3007 3010 2616
f 3011 3012 3013 3014
f 2381 3012 3011 2616
f 2384 3013 3012 2381
f 2615 3014 3013 2384
f 2616 3011 3014 2615
f 3015 3016 3017 3018
f 2606 3016 3015 2610
f 2607 3017 3016 2606
f 2611 3018 3017 2607
f 2610 3015 3018 2611
f 3019 3020 3021 3022
f 2608 3020 3019 2613
f 2609 3021 3020 2608
f 2612 3022 3021 2609
f 2613 3019 3022 2612
f 3023 3024 3025 3026
f 2610 3024 3023 2619
f 2611 3025 3024 2610
f 2618 3026 3025 2611
f 2619 3023 3026 2618
f 3027 3028 3029 3030
f 2614 3028 3027 2606
f 2615 3029 3028 2614
f 2607 3030 3029 2615
f 2606 3027 3030 2607
f 3031 3032 3033 3034
f 2662 3032 3031 2688
f 2390 3033 3032 2662
f 2624 3034 3033 2390
f 2688 3031 3034 2624
f 3035 3036 3037 3038
f 2389 3036 3035 2620
f 2388 3037 3036 2389
f 2628 3038 3037 2388
f 2620 3035 3038 2628
f 3039 3040 3041 3042
f 2388 3040 3039 2628
f 2391 3041 3040 2388
f 2623 3042 3041 2391
f 2628 3039 3042 2623
f 3043 3044 3045 3046
f 2654 3044 3043 2390
f 2644 3045 3044 2654
f 2389 3046 3045 2644
f 2390 3043 3046 2389
f 3047 3048 3049 3050
f 2622 3048 3047 2627
f 2623 3049 3048 2622
f 2626 3050 3049 2623
f 2627 3047 3050 2626
f 3051 3052 3053 3054
f 2689 3052 3051 2662
f 2654 3053 3052 2689
f 2390 3054 3053 2654
f 2662 3051 3054 2390
f 3055 3056 3057 3058
f 2396 3056 3055 2645
f 2395 3057 3056 2396
f 2640 3058 3057 2395
f 2645 3055 3058 2640
f 3059 3060 3061 3062
f 2395 3060 3059 2640
f 2398 3061 3060 2395
f 2642 3062 3061 2398
f 2640 3059 3062 2642
f 3063 3064 3065 3066
f 2400 3064 3063 2650
f 2394 3065 3064 2400
f 2648 3066 3065 2394
f 2650 3063 3066 2648
f 3067 3068 3069 3070
f 2399 3068 3067 2636
f 2400 3069 3068 2399
f 2650 3070 3069 2400
f 2636 3067 3070 2650
f 3071 3072 3073 3074
f 2704 3072 3071 2700
f 2405 3073 3072 2704
f 2406 3074 3073 2405
f 2700 3071 3074 2406
f 3075 3076 3077 3078
f 2692 3076 3075 2694
f 2403 3077 3076 2692
f 2402 3078 3077 2403
f 2694 3075 3078 2402
f 3079 3080 3081 3082
f 2694 3080 3079 2704
f 2402 3081 3080 2694
f 2405 3082 3081 2402
f 2704 3079 3082 2405
f 3083 3084 3085 3086
f 2697 3084 3083 2695
f 2407 3085 3084 2697
f 2401 3086 3085 2407
f 2695 3083 3086 2401
f 3087 3088 3089 3090
f 2700 3088 3087 2697
f 2406 3089 3088 2700
f 2407 3090 3089 2406
f 2697 3087 3090 2407
f 3091 3092 3093 3094
f 2649 3092 3091 2689
f 2648 3093 3092 2649
f 2690 3094 3093 2648
f 2689 3091 3094 2690
f 3095 3096 3097 3098
f 2654 3096 3095 2644
f 2655 3097 3096 2654
f 2645 3098 3097 2655
f 2644 3095 3098 2645
f 3099 3100 3101 3102
f 2341 3100 3099 2524
f 2340 3101 3100 2341
f 2522 3102 3101 2340
f 2524 3099 3102 2522
f 3103 3104 3105 3106
f 2715 3104 3103 2719
f 2410 3105 3104 2715
f 2409 3106 3105 2410
f 2719 3103 3106 2409
f 3107 3108 3109 3110
f 2719 3108 3107 2718
f 2409 3109 3108 2719
f 2412 3110 3109 2409
f 2718 3107 3110 2412
f 3111 3112 3113 3114
f 2707 3112 3111 2710
f 2414 3113 3112 2707
f 2408 3114 3113 2414
f 2710 3111 3114 2408
f 3115 3116 3117 3118
f 2712 3116 3115 2707
f 2413 3117 3116 2712
f 2414 3118 3117 2413
f 2707 3115 3118 2414
f 3119 3120 3121 3122
f 2710 3120 3119 2722
f 2408 3121 3120 2710
f 2665 3122 3121 2408
f 2722 3119 3122 2665
f 3123 3124 3125 3126
f 2714 3124 3123 2715
f 2411 3125 3124 2714
f 2410 3126 3125 2411
f 2715 3123 3126 2410
f 3127 3128 3129 3130
f 2718 3128 3127 2712
f 2412 3129 3128 2718
f 2413 3130 3129 2412
f 2712 3127 3130 2413
f 3131 3132 3133 3134
f 2731 3132 3131 2726
f 2420 3133 3132 2731
f 2421 3134 3133 2420
f 2726 3131 3134 2421
f 3135 3136 3137 3138
f 2666 3136 3135 2737
f 2418 3137 3136 2666
f 2724 3138 3137 2418
f 2737 3135 3138 2724
f 3139 3140 3141 3142
f 2724 3140 3139 2727
f 2418 3141 3140 2724
f 2417 3142 3141 2418
f 2727 3139 3142 2417
f 3143 3144 3145 3146
f 2726 3144 3143 2735
f 2421 3145 3144 2726
f 2415 3146 3145 2421
f 2735 3143 3146 2415
f 3147 3148 3149 3150
f 2730 3148 3147 2731
f 2419 3149 3148 2730
f 2420 3150 3149 2419
f 2731 3147 3150 2420
f 3151 3152 3153 3154
f 2727 3152 3151 2733
f 2417 3153 3152 2727
f 2416 3154 3153 2417
f 2733 3151 3154 2416
f 3155 3156 3157 3158
f 2733 3156 3155 2730
f 2416 3157 3156 2733
f 2419 3158 3157 2416
f 2730 3155 3158 2419
f 3159 3160 3161 3162
f 2741 3160 3159 2748
f 2425 3161 3160 2741
f 2424 3162 3161 2425
f 2748 3159 3162 2424
f 3163 3164 3165 3166
f 2751 3164 3163 2749
f 2428 3165 3164 2751
f 2422 3166 3165 2428
f 2749 3163 3166 2422
f 3167 3168 3169 3170
f 2740 3168 3167 2743
f 2426 3169 3168 2740
f 2427 3170 3169 2426
f 2743 3167 3170 2427
f 3171 3172 3173 3174
f 2667 3172 3171 2753
f 2425 3173 3172 2667
f 2741 3174 3173 2425
f 2753 3171 3174 2741
f 3175 3176 3177 3178
f 2748 3176 3175 2745
f 2424 3177 3176 2748
f 2423 3178 3177 2424
f 2745 3175 3178 2423
f 3179 3180 3181 3182
f 2745 3180 3179 2740
f 2423 3181 3180 2745
f 2426 3182 3181 2423
f 2740 3179 3182 2426
f 3183 3184 3185 3186
f 2743 3184 3183 2751
f 2427 3185 3184 2743
f 2428 3186 3185 2427
f 2751 3183 3186 2428
f 3187 3188 3189 3190
f 2757 3188 3187 2766
f 2433 3189 3188 2757
f 2434 3190 3189 2433
f 2766 3187 3190 2434
f 3191 3192 3193 3194
f 2761 3192 3191 2770
f 2429 3193 3192 2761
f 2668 3194 3193 2429
f 2770 3191 3194 2668
f 3195 3196 3197 3198
f 2760 3196 3195 2755
f 2431 3197 3196 2760
f 2430 3198 3197 2431
f 2755 3195 3198 2430
f 3199 3200 3201 3202
f 2755 3200 3199 2757
f 2430 3201 3200 2755
f 2433 3202 3201 2430
f 2757 3199 3202 2433
f 3203 3204 3205 3206
f 2763 3204 3203 2761
f 2435 3205 3204 2763
f 2429 3206 3205 2435
f 2761 3203 3206 2429
f 3207 3208 3209 3210
f 2766 3208 3207 2763
f 2434 3209 3208 2766
f 2435 3210 3209 2434
f 2763 3207 3210 2435
f 3211 3212 3213 3214
f 2768 3212 3211 2760
f 2432 3213 3212 2768
f 2431 3214 3213 2432
f 2760 3211 3214 2431
f 3215 3216 3217 3218
f 2781 3216 3215 2772
f 2438 3217 3216 2781
f 2437 3218 3217 2438
f 2772 3215 3218 2437
f 3219 3220 3221 3222
f 2772 3220 3219 2784
f 2437 3221 3220 2772
f 2440 3222 3221 2437
f 2784 3219 3222 2440
f 3223 3224 3225 3226
f 2775 3224 3223 2773
f 2442 3225 3224 2775
f 2436 3226 3225 2442
f 2773 3223 3226 2436
f 3227 3228 3229 3230
f 2778 3228 3227 2775
f 2441 3229 3228 2778
f 2442 3230 3229 2441
f 2775 3227 3230 2442
f 3231 3232 3233 3234
f 2773 3232 3231 2786
f 2436 3233 3232 2773
f 2669 3234 3233 2436
f 2786 3231 3234 2669
f 3235 3236 3237 3238
f 2780 3236 3235 2781
f 2439 3237 3236 2780
f 2438 3238 3237 2439
f 2781 3235 3238 2438
f 3239 3240 3241 3242
f 2784 3240 3239 2778
f 2440 3241 3240 2784
f 2441 3242 3241 2440
f 2778 3239 3242 2441
f 3243 3244 3245 3246
f 2793 3244 3243 2792
f 2444 3245 3244 2793
f 2447 3246 3245 2444
f 2792 3243 3246 2447
f 3247 3248 3249 3250
f 2790 3248 3247 2787
f 2449 3249 3248 2790
f 2443 3250 3249 2449
f 2787 3247 3250 2443
f 3251 3252 3253 3254
f 2788 3252 3251 2790
f 2448 3253 3252 2788
f 2449 3254 3253 2448
f 2790 3251 3254 2449
f 3255 3256 3257 3258
f 2787 3256 3255 2794
f 2443 3257 3256 2787
f 2670 3258 3257 2443
f 2794 3255 3258 2670
f 3259 3260 3261 3262
f 2789 3260 3259 2791
f 2446 3261 3260 2789
f 2445 3262 3261 2446
f 2791 3259 3262 2445
f 3263 3264 3265 3266
f 2792 3264 3263 2788
f 2447 3265 3264 2792
f 2448 3266 3265 2447
f 2788 3263 3266 2448
f 3267 3268 3269 3270
f 2791 3268 3267 2793
f 2445 3269 3268 2791
f 2444 3270 3269 2445
f 2793 3267 3270 2444
f 3271 3272 3273 3274
f 2799 3272 3271 2802
f 2450 3273 3272 2799
f 2671 3274 3273 2450
f 2802 3271 3274 2671
f 3275 3276 3277 3278
f 2795 3276 3275 2800
f 2455 3277 3276 2795
f 2456 3278 3277 2455
f 2800 3275 3278 2456
f 3279 3280 3281 3282
f 2801 3280 3279 2798
f 2453 3281 3280 2801
f 2452 3282 3281 2453
f 2798 3279 3282 2452
f 3283 3284 3285 3286
f 2800 3284 3283 2799
f 2456 3285 3284 2800
f 2450 3286 3285 2456
f 2799 3283 3286 2450
f 3287 3288 3289 3290
f 2454 3288 3287 2797
f 2455 3289 3288 2454
f 2795 3290 3289 2455
f 2797 3287 3290 2795
f 3291 3292 3293 3294
f 2798 3292 3291 2796
f 2452 3293 3292 2798
f 2451 3294 3293 2452
f 2796 3291 3294 2451
f 3295 3296 3297 3298
f 2796 3296 3295 2797
f 2451 3297 3296 2796
f 2454 3298 3297 2451
f 2797 3295 3298 2454
f 3299 3300 3301 3302
f 2809 3300 3299 2806
f 2461 3301 3300 2809
f 2462 3302 3301 2461
f 2806 3299 3302 2462
f 3303 3304 3305 3306
f 2808 3304 3303 2803
f 2459 3305 3304 2808
f 2458 3306 3305 2459
f 2803 3303 3306 2458
f 3307 3308 3309 3310
f 2803 3308 3307 2809
f 2458 3309 3308 2803
f 2461 3310 3309 2458
f 2809 3307 3310 2461
f 3311 3312 3313 3314
f 2805 3312 3311 2804
f 2463 3313 3312 2805
f 2457 3314 3313 2463
f 2804 3311 3314 2457
f 3315 3316 3317 3318
f 2806 3316 3315 2805
f 2462 3317 3316 2806
f 2463 3318 3317 2462
f 2805 3315 3318 2463
f 3319 3320 3321 3322
f 2804 3320 3319 2810
f 2457 3321 3320 2804
f 2672 3322 3321 2457
f 2810 3319 3322 2672
f 3323 3324 3325 3326
f 2807 3324 3323 2808
f 2460 3325 3324 2807
f 2459 3326 3325 2460
f 2808 3323 3326 2459
f 3327 3328 3329 3330
f 2817 3328 3327 2816
f 2465 3329 3328 2817
f 2468 3330 3329 2465
f 2816 3327 3330 2468
f 3331 3332 3333 3334
f 2811 3332 3331 2812
f 2470 3333 3332 2811
f 2464 3334 3333 2470
f 2812 3331 3334 2464
f 3335 3336 3337 3338
f 2813 3336 3335 2811
f 2469 3337 3336 2813
f 2470 3338 3337 2469
f 2811 3335 3338 2470
f 3339 3340 3341 3342
f 2812 3340 3339 2818
f 2464 3341 3340 2812
f 2673 3342 3341 2464
f 2818 3339 3342 2673
f 3343 3344 3345 3346
f 2814 3344 3343 2815
f 2467 3345 3344 2814
f 2466 3346 3345 2467
f 2815 3343 3346 2466
f 3347 3348 3349 3350
f 2816 3348 3347 2813
f 2468 3349 3348 2816
f 2469 3350 3349 2468
f 2813 3347 3350 2469
f 3351 3352 3353 3354
f 2815 3352 3351 2817
f 2466 3353 3352 2815
f 2465 3354 3353 2466
f 2817 3351 3354 2465
f 3355 3356 3357 3358
f 2819 3356 3355 2824
f 2520 3357 3356 2819
f 2521 3358 3357 2520
f 2824 3355 3358 2521
f 3359 3360 3361 3362
f 2823 3360 3359 2826
f 2515 3361 3360 2823
f 2674 3362 3361 2515
f 2826 3359 3362 2674
f 3363 3364 3365 3366
f 2825 3364 3363 2822
f 2518 3365 3364 2825
f 2517 3366 3365 2518
f 2822 3363 3366 2517
f 3367 3368 3369 3370
f 2824 3368 3367 2823
f 2521 3369 3368 2824
f 2515 3370 3369 2521
f 2823 3367 3370 2515
f 3371 3372 3373 3374
f 2519 3372 3371 2821
f 2520 3373 3372 2519
f 2819 3374 3373 2520
f 2821 3371 3374 2819
f 3375 3376 3377 3378
f 2822 3376 3375 2820
f 2517 3377 3376 2822
f 2516 3378 3377 2517
f 2820 3375 3378 2516
f 3379 3380 3381 3382
f 2820 3380 3379 2821
f 2516 3381 3380 2820
f 2519 3382 3381 2516
f 2821 3379 3382 2519
f 3383 3384 3385 3386
f 2523 3384 3383 2525
f 2342 3385 3384 2523
f 2343 3386 3385 2342
f 2525 3383 3386 2343
f 3387 3388 3389 3390
f 2676 3388 3387 2549
f 2656 3389 3388 2676
f 2348 3390 3389 2656
f 2549 3387 3390 2348
f 3391 3392 3393 3394
f 2339 3392 3391 2342
f 2544 3393 3392 2339
f 2545 3394 3393 2544
f 2342 3391 3394 2545
f 3395 3396 3397 3398
f 2340 3396 3395 2339
f 2546 3397 3396 2340
f 2544 3398 3397 2546
f 2339 3395 3398 2544
f 3399 3400 3401 3402
f 2349 3400 3399 2545
f 2350 3401 3400 2349
f 2543 3402 3401 2350
f 2545 3399 3402 2543
f 3403 3404 3405 3406
f 2657 3404 3403 2680
f 2355 3405 3404 2657
f 2568 3406 3405 2355
f 2680 3403 3406 2568
f 3407 3408 3409 3410
f 2360 3408 3407 2563
f 2362 3409 3408 2360
f 2554 3410 3409 2362
f 2563 3407 3410 2554
f 3411 3412 3413 3414
f 2355 3412 3411 2568
f 2354 3413 3412 2355
f 2566 3414 3413 2354
f 2568 3411 3414 2566
f 3415 3416 3417 3418
f 2351 3416 3415 2345
f 2561 3417 3416 2351
f 2559 3418 3417 2561
f 2345 3415 3418 2559
f 3419 3420 3421 3422
f 2350 3420 3419 2351
f 2555 3421 3420 2350
f 2561 3422 3421 2555
f 2351 3419 3422 2561
f 3423 3424 3425 3426
f 2346 3424 3423 2349
f 2557 3425 3424 2346
f 2562 3426 3425 2557
f 2349 3423 3426 2562
f 3427 3428 3429 3430
f 2347 3428 3427 2346
f 2551 3429 3428 2347
f 2557 3430 3429 2551
f 2346 3427 3430 2557
f 3431 3432 3433 3434
f 2553 3432 3431 2551
f 2552 3433 3432 2553
f 2550 3434 3433 2552
f 2551 3431 3434 2550
f 3435 3436 3437 3438
f 2361 3436 3435 2359
f 2569 3437 3436 2361
f 2567 3438 3437 2569
f 2359 3435 3438 2567
f 3439 3440 3441 3442
f 2360 3440 3439 2362
f 2564 3441 3440 2360
f 2571 3442 3441 2564
f 2362 3439 3442 2571
f 3443 3444 3445 3446
f 2565 3444 3443 2570
f 2356 3445 3444 2565
f 2357 3446 3445 2356
f 2570 3443 3446 2357
f 3447 3448 3449 3450
f 2559 3448 3447 2677
f 2558 3449 3448 2559
f 2678 3450 3449 2558
f 2677 3447 3450 2678
f 3451 3452 3453 3454
f 2364 3452 3451 2658
f 2575 3453 3452 2364
f 2679 3454 3453 2575
f 2658 3451 3454 2679
f 3455 3456 3457 3458
f 2551 3456 3455 2557
f 2550 3457 3456 2551
f 2556 3458 3457 2550
f 2557 3455 3458 2556
f 3459 3460 3461 3462
f 2359 3460 3459 2363
f 2567 3461 3460 2359
f 2573 3462 3461 2567
f 2363 3459 3462 2573
f 3463 3464 3465 3466
f 2557 3464 3463 2562
f 2556 3465 3464 2557
f 2563 3466 3465 2556
f 2562 3463 3466 2563
f 3467 3468 3469 3470
f 2363 3468 3467 2360
f 2573 3469 3468 2363
f 2564 3470 3469 2573
f 2360 3467 3470 2564
f 3471 3472 3473 3474
f 2561 3472 3471 2559
f 2560 3473 3472 2561
f 2558 3474 3473 2560
f 2559 3471 3474 2558
f 3475 3476 3477 3478
f 2365 3476 3475 2364
f 2577 3477 3476 2365
f 2575 3478 3477 2577
f 2364 3475 3478 2575
f 3479 3480 3481 3482
f 2555 3480 3479 2561
f 2554 3481 3480 2555
f 2560 3482 3481 2554
f 2561 3479 3482 2560
f 3483 3484 3485 3486
f 2362 3484 3483 2365
f 2571 3485 3484 2362
f 2577 3486 3485 2571
f 2365 3483 3486 2577
f 3487 3488 3489 3490
f 2577 3488 3487 2575
f 2576 3489 3488 2577
f 2574 3490 3489 2576
f 2575 3487 3490 2574
f 3491 3492 3493 3494
f 2358 3492 3491 2352
f 2591 3493 3492 2358
f 2589 3494 3493 2591
f 2352 3491 3494 2589
f 3495 3496 3497 3498
f 2569 3496 3495 2567
f 2568 3497 3496 2569
f 2566 3498 3497 2568
f 2567 3495 3498 2566
f 3499 3500 3501 3502
f 2578 3500 3499 2587
f 2369 3501 3500 2578
f 2368 3502 3501 2369
f 2587 3499 3502 2368
f 3503 3504 3505 3506
f 2571 3504 3503 2577
f 2570 3505 3504 2571
f 2576 3506 3505 2570
f 2577 3503 3506 2576
f 3507 3508 3509 3510
f 2357 3508 3507 2358
f 2581 3509 3508 2357
f 2591 3510 3509 2581
f 2358 3507 3510 2591
f 3511 3512 3513 3514
f 2575 3512 3511 2679
f 2574 3513 3512 2575
f 2680 3514 3513 2574
f 2679 3511 3514 2680
f 3515 3516 3517 3518
f 2352 3516 3515 2657
f 2589 3517 3516 2352
f 2681 3518 3517 2589
f 2657 3515 3518 2681
f 3519 3520 3521 3522
f 2573 3520 3519 2564
f 2572 3521 3520 2573
f 2565 3522 3521 2572
f 2564 3519 3522 2565
f 3523 3524 3525 3526
f 2353 3524 3523 2356
f 2583 3525 3524 2353
f 2585 3526 3525 2583
f 2356 3523 3526 2585
f 3527 3528 3529 3530
f 2567 3528 3527 2573
f 2566 3529 3528 2567
f 2572 3530 3529 2566
f 2573 3527 3530 2572
f 3531 3532 3533 3534
f 2354 3532 3531 2353
f 2586 3533 3532 2354
f 2583 3534 3533 2586
f 2353 3531 3534 2583
f 3535 3536 3537 3538
f 2370 3536 3535 2584
f 2371 3537 3536 2370
f 2580 3538 3537 2371
f 2584 3535 3538 2580
f 3539 3540 3541 3542
f 2356 3540 3539 2357
f 2585 3541 3540 2356
f 2581 3542 3541 2585
f 2357 3539 3542 2581
f 3543 3544 3545 3546
f 2585 3544 3543 2581
f 2584 3545 3544 2585
f 2580 3546 3545 2584
f 2581 3543 3546 2580
f 3547 3548 3549 3550
f 2603 3548 3547 2597
f 2377 3549 3548 2603
f 2378 3550 3549 2377
f 2597 3547 3550 2378
f 3551 3552 3553 3554
f 2598 3552 3551 2369
f 2601 3553 3552 2598
f 2368 3554 3553 2601
f 2369 3551 3554 2368
f 3555 3556 3557 3558
f 2599 3556 3555 2600
f 2376 3557 3556 2599
f 2375 3558 3557 2376
f 2600 3555 3558 2375
f 3559 3560 3561 3562
f 2591 3560 3559 2589
f 2590 3561 3560 2591
f 2588 3562 3561 2590
f 2589 3559 3562 2588
f 3563 3564 3565 3566
f 2372 3564 3563 2366
f 2595 3565 3564 2372
f 2593 3566 3565 2595
f 2366 3563 3566 2593
f 3567 3568 3569 3570
f 2581 3568 3567 2591
f 2580 3569 3568 2581
f 2590 3570 3569 2580
f 2591 3567 3570 2590
f 3571 3572 3573 3574
f 2371 3572 3571 2372
f 2596 3573 3572 2371
f 2595 3574 3573 2596
f 2372 3571 3574 2595
f 3575 3576 3577 3578
f 2589 3576 3575 2681
f 2588 3577 3576 2589
f 2682 3578 3577 2588
f 2681 3575 3578 2682
f 3579 3580 3581 3582
f 2592 3580 3579 2684
f 2373 3581 3580 2592
f 2660 3582 3581 2373
f 2684 3579 3582 2660
f 3583 3584 3585 3586
f 2583 3584 3583 2585
f 2582 3585 3584 2583
f 2584 3586 3585 2582
f 2585 3583 3586 2584
f 3587 3588 3589 3590
f 2367 3588 3587 2370
f 2605 3589 3588 2367
f 2602 3590 3589 2605
f 2370 3587 3590 2602
f 3591 3592 3593 3594
f 2586 3592 3591 2583
f 2587 3593 3592 2586
f 2582 3594 3593 2587
f 2583 3591 3594 2582
f 3595 3596 3597 3598
f 2368 3596 3595 2367
f 2601 3597 3596 2368
f 2605 3598 3597 2601
f 2367 3595 3598 2605
f 3599 3600 3601 3602
f 2605 3600 3599 2602
f 2604 3601 3600 2605
f 2603 3602 3601 2604
f 2602 3599 3602 2603
f 3603 3604 3605 3606
f 2374 3604 3603 2377
f 2617 3605 3604 2374
f 2614 3606 3605 2617
f 2377 3603 3606 2614
f 3607 3608 3609 3610
f 2601 3608 3607 2605
f 2600 3609 3608 2601
f 2604 3610 3609 2600
f 2605 3607 3610 2604
f 3611 3612 3613 3614
f 2375 3612 3611 2374
f 2613 3613 3612 2375
f 2617 3614 3613 2613
f 2374 3611 3614 2617
f 3615 3616 3617 3618
f 2614 3616 3615 2377
f 2606 3617 3616 2614
f 2378 3618 3617 2606
f 2377 3615 3618 2378
f 3619 3620 3621 3622
f 2615 3620 3619 2607
f 2384 3621 3620 2615
f 2385 3622 3621 2384
f 2607 3619 3622 2385
f 3623 3624 3625 3626
f 2661 3624 3623 2686
f 2383 3625 3624 2661
f 2609 3626 3625 2383
f 2686 3623 3626 2609
f 3627 3628 3629 3630
f 2373 3628 3627 2660
f 2619 3629 3628 2373
f 2685 3630 3629 2619
f 2660 3627 3630 2685
f 3631 3632 3633 3634
f 2608 3632 3631 2376
f 2613 3633 3632 2608
f 2375 3634 3633 2613
f 2376 3631 3634 2375
f 3635 3636 3637 3638
f 2609 3636 3635 2612
f 2383 3637 3636 2609
f 2382 3638 3637 2383
f 2612 3635 3638 2382
f 3639 3640 3641 3642
f 2595 3640 3639 2593
f 2594 3641 3640 2595
f 2592 3642 3641 2594
f 2593 3639 3642 2592
f 3643 3644 3645 3646
f 2611 3644 3643 2618
f 2386 3645 3644 2611
f 2380 3646 3645 2386
f 2618 3643 3646 2380
f 3647 3648 3649 3650
f 2596 3648 3647 2595
f 2597 3649 3648 2596
f 2594 3650 3649 2597
f 2595 3647 3650 2594
f 3651 3652 3653 3654
f 2607 3652 3651 2611
f 2385 3653 3652 2607
f 2386 3654 3653 2385
f 2611 3651 3654 2386
f 3655 3656 3657 3658
f 2619 3656 3655 2685
f 2618 3657 3656 2619
f 2686 3658 3657 2618
f 2685 3655 3658 2686
f 3659 3660 3661 3662
f 2380 3660 3659 2661
f 2631 3661 3660 2380
f 2687 3662 3661 2631
f 2661 3659 3662 2687
f 3663 3664 3665 3666
f 2392 3664 3663 2626
f 2393 3665 3664 2392
f 2632 3666 3665 2393
f 2626 3663 3666 2632
f 3667 3668 3669 3670
f 2385 3668 3667 2386
f 2627 3669 3668 2385
f 2633 3670 3669 2627
f 2386 3667 3670 2633
f 3671 3672 3673 3674
f 2393 3672 3671 2632
f 2387 3673 3672 2393
f 2630 3674 3673 2387
f 2632 3671 3674 2630
f 3675 3676 3677 3678
f 2386 3676 3675 2380
f 2633 3677 3676 2386
f 2631 3678 3677 2633
f 2380 3675 3678 2631
f 3679 3680 3681 3682
f 2617 3680 3679 2614
f 2616 3681 3680 2617
f 2615 3682 3681 2616
f 2614 3679 3682 2615
f 3683 3684 3685 3686
f 2381 3684 3683 2384
f 2629 3685 3684 2381
f 2622 3686 3685 2629
f 2384 3683 3686 2622
f 3687 3688 3689 3690
f 2613 3688 3687 2617
f 2612 3689 3688 2613
f 2616 3690 3689 2612
f 2617 3687 3690 2616
f 3691 3692 3693 3694
f 2382 3692 3691 2381
f 2621 3693 3692 2382
f 2629 3694 3693 2621
f 2381 3691 3694 2629
f 3695 3696 3697 3698
f 2622 3696 3695 2384
f 2627 3697 3696 2622
f 2385 3698 3697 2627
f 2384 3695 3698 2385
f 3699 3700 3701 3702
f 2623 3700 3699 2626
f 2391 3701 3700 2623
f 2392 3702 3701 2391
f 2626 3699 3702 2392
f 3703 3704 3705 3706
f 2390 3704 3703 2624
f 2389 3705 3704 2390
f 2620 3706 3705 2389
f 2624 3703 3706 2620
f 3707 3708 3709 3710
f 2383 3708 3707 2382
f 2625 3709 3708 2383
f 2621 3710 3709 2625
f 2382 3707 3710 2621
f 3711 3712 3713 3714
f 2633 3712 3711 2631
f 2632 3713 3712 2633
f 2630 3714 3713 2632
f 2631 3711 3714 2630
f 3715 3716 3717 3718
f 2393 3716 3715 2387
f 2651 3717 3716 2393
f 2649 3718 3717 2651
f 2387 3715 3718 2649
f 3719 3720 3721 3722
f 2625 3720 3719 2621
f 2624 3721 3720 2625
f 2620 3722 3721 2624
f 2621 3719 3722 2620
f 3723 3724 3725 3726
f 2655 3724 3723 2645
f 2397 3725 3724 2655
f 2396 3726 3725 2397
f 2645 3723 3726 2396
f 3727 3728 3729 3730
f 2627 3728 3727 2633
f 2626 3729 3728 2627
f 2632 3730 3729 2626
f 2633 3727 3730 2632
f 3731 3732 3733 3734
f 2392 3732 3731 2393
f 2637 3733 3732 2392
f 2651 3734 3733 2637
f 2393 3731 3734 2651
f 3735 3736 3737 3738
f 2631 3736 3735 2687
f 2630 3737 3736 2631
f 2688 3738 3737 2630
f 2687 3735 3738 2688
f 3739 3740 3741 3742
f 2648 3740 3739 2690
f 2394 3741 3740 2648
f 2663 3742 3741 2394
f 2690 3739 3742 2663
f 3743 3744 3745 3746
f 2629 3744 3743 2622
f 2628 3745 3744 2629
f 2623 3746 3745 2628
f 2622 3743 3746 2623
f 3747 3748 3749 3750
f 2388 3748 3747 2391
f 2641 3749 3748 2388
f 2643 3750 3749 2641
f 2391 3747 3750 2643
f 3751 3752 3753 3754
f 2621 3752 3751 2629
f 2620 3753 3752 2621
f 2628 3754 3753 2620
f 2629 3751 3754 2628
f 3755 3756 3757 3758
f 2389 3756 3755 2388
f 2644 3757 3756 2389
f 2641 3758 3757 2644
f 2388 3755 3758 2641
f 3759 3760 3761 3762
f 2398 3760 3759 2642
f 2399 3761 3760 2398
f 2636 3762 3761 2399
f 2642 3759 3762 2636
f 3763 3764 3765 3766
f 2391 3764 3763 2392
f 2643 3765 3764 2391
f 2637 3766 3765 2643
f 2392 3763 3766 2637
f 3767 3768 3769 3770
f 2695 3768 3767 2706
f 2401 3769 3768 2695
f 2664 3770 3769 2401
f 2706 3767 3770 2664
f 3771 3772 3773 3774
f 2643 3772 3771 2637
f 2642 3773 3772 2643
f 2636 3774 3773 2642
f 2637 3771 3774 2636
f 3775 3776 3777 3778
f 2702 3776 3775 2692
f 2404 3777 3776 2702
f 2403 3778 3777 2404
f 2692 3775 3778 2403
f 3779 3780 3781 3782
f 2651 3780 3779 2649
f 2650 3781 3780 2651
f 2648 3782 3781 2650
f 2649 3779 3782 2648
f 3783 3784 3785 3786
f 2637 3784 3783 2651
f 2636 3785 3784 2637
f 2650 3786 3785 2636
f 2651 3783 3786 2650
f 3787 3788 3789 3790
f 2344 3788 3787 2528
f 2338 3789 3788 2344
f 2527 3790 3789 2338
f 2528 3787 3790 2527
f 3791 3792 3793 3794
f 2641 3792 3791 2643
f 2640 3793 3792 2641
f 2642 3794 3793 2640
f 2643 3791 3794 2642
f 3795 3796 3797 3798
f 2644 3796 3795 2641
f 2645 3797 3796 2644
f 2640 3798 3797 2645
f 2641 3795 3798 2640
f 3799 3800 3801 3802
f 2343 3800 3799 2525
f 2344 3801 3800 2343
f 2528 3802 3801 2344
f 2525 3799 3802 2528
f 3803 3804 3805 3806
f 2652 3804 3803 2675
f 2341 3805 3804 2652
f 2524 3806 3805 2341
f 2675 3803 3806 2524
f 3807 3808 3809 3810
f 2547 3808 3807 2676
f 2345 3809 3808 2547
f 2656 3810 3809 2345
f 2676 3807 3810 2656
f 3811 3812 3813 3814
f 2338 3812 3811 2527
f 2652 3813 3812 2338
f 2675 3814 3813 2652
f 2527 3811 3814 2675
f 3815 3816 3817 3818
f 2706 3816 3815 2702
f 2664 3817 3816 2706
f 2404 3818 3817 2664
f 2702 3815 3818 2404
f 3819 3820 3821 3822
f 2690 3820 3819 2655
f 2663 3821 3820 2690
f 2397 3822 3821 2663
f 2655 3819 3822 2397
f 3823 3824 3825 3826
f 2687 3824 3823 2625
f 2688 3825 3824 2687
f 2624 3826 3825 2688
f 2625 3823 3826 2624
f 3827 3828 3829 3830
f 2661 3828 3827 2383
f 2687 3829 3828 2661
f 2625 3830 3829 2687
f 2383 3827 3830 2625
f 3831 3832 3833 3834
f 2685 3832 3831 2608
f 2686 3833 3832 2685
f 2609 3834 3833 2686
f 2608 3831 3834 2609
f 3835 3836 3837 3838
f 2660 3836 3835 2376
f 2685 3837 3836 2660
f 2608 3838 3837 2685
f 2376 3835 3838 2608
f 3839 3840 3841 3842
f 2380 3840 3839 2618
f 2661 3841 3840 2380
f 2686 3842 3841 2661
f 2618 3839 3842 2686
f 3843 3844 3845 3846
f 2684 3844 3843 2599
f 2660 3845 3844 2684
f 2376 3846 3845 2660
f 2599 3843 3846 2376
f 3847 3848 3849 3850
f 2681 3848 3847 2579
f 2682 3849 3848 2681
f 2578 3850 3849 2682
f 2579 3847 3850 2578
f 3851 3852 3853 3854
f 2657 3852 3851 2355
f 2681 3853 3852 2657
f 2579 3854 3853 2681
f 2355 3851 3854 2579
f 3855 3856 3857 3858
f 2679 3856 3855 2569
f 2680 3857 3856 2679
f 2568 3858 3857 2680
f 2569 3855 3858 2568
f 3859 3860 3861 3862
f 2658 3860 3859 2361
f 2679 3861 3860 2658
f 2569 3862 3861 2679
f 2361 3859 3862 2569
f 3863 3864 3865 3866
f 2677 3864 3863 2553
f 2678 3865 3864 2677
f 2552 3866 3865 2678
f 2553 3863 3866 2552
f 3867 3868 3869 3870
f 2352 3868 3867 2574
f 2657 3869 3868 2352
f 2680 3870 3869 2657
f 2574 3867 3870 2680
f 3871 3872 3873 3874
f 2826 3872 3871 2825
f 2674 3873 3872 2826
f 2518 3874 3873 2674
f 2825 3871 3874 2518
f 3875 3876 3877 3878
f 2818 3876 3875 2814
f 2673 3877 3876 2818
f 2467 3878 3877 2673
f 2814 3875 3878 2467
f 3879 3880 3881 3882
f 2810 3880 3879 2807
f 2672 3881 3880 2810
f 2460 3882 3881 2672
f 2807 3879 3882 2460
f 3883 3884 3885 3886
f 2802 3884 3883 2801
f 2671 3885 3884 2802
f 2453 3886 3885 2671
f 2801 3883 3886 2453
f 3887 3888 3889 3890
f 2794 3888 3887 2789
f 2670 3889 3888 2794
f 2446 3890 3889 2670
f 2789 3887 3890 2446
f 3891 3892 3893 3894
f 2786 3892 3891 2780
f 2669 3893 3892 2786
f 2439 3894 3893 2669
f 2780 3891 3894 2439
f 3895 3896 3897 3898
f 2770 3896 3895 2768
f 2668 3897 3896 2770
f 2432 3898 3897 2668
f 2768 3895 3898 2432
f 3899 3900 3901 3902
f 2422 3900 3899 2749
f 2667 3901 3900 2422
f 2753 3902 3901 2667
f 2749 3899 3902 2753
f 3903 3904 3905 3906
f 2415 3904 3903 2735
f 2666 3905 3904 2415
f 2737 3906 3905 2666
f 2735 3903 3906 2737
f 3907 3908 3909 3910
f 2722 3908 3907 2714
f 2665 3909 3908 2722
f 2411 3910 3909 2665
f 2714 3907 3910 2411
f 3911 3912 3913 3914
f 2689 3912 3911 2654
f 2690 3913 3912 2689
f 2655 3914 3913 2690
f 2654 3911 3914 2655
f 3915 3916 3917 3918
f 2649 3916 3915 2387
f 2689 3917 3916 2649
f 2662 3918 3917 2689
f 2387 3915 3918 2662
f 3919 3920 3921 3922
f 2387 3920 3919 2630
f 2662 3921 3920 2387
f 2688 3922 3921 2662
f 2630 3919 3922 2688
f 3923 3924 3925 3926
f 2683 3924 3923 2598
f 2684 3925 3924 2683
f 2599 3926 3925 2684
f 2598 3923 3926 2599
f 3927 3928 3929 3930
f 2593 3928 3927 2366
f 2683 3929 3928 2593
f 2659 3930 3929 2683
f 2366 3927 3930 2659
f 3931 3932 3933 3934
f 2366 3932 3931 2588
f 2659 3933 3932 2366
f 2682 3934 3933 2659
f 2588 3931 3934 2682
f 3935 3936 3937 3938
f 2678 3936 3935 2552
f 2658 3937 3936 2678
f 2361 3938 3937 2658
f 2552 3935 3938 2361
f 3939 3940 3941 3942
f 2559 3940 3939 2345
f 2677 3941 3940 2559
f 2656 3942 3941 2677
f 2345 3939 3942 2656
f 3943 3944 3945 3946
f 2547 3944 3943 2338
f 2676 3945 3944 2547
f 2652 3946 3945 2676
f 2338 3943 3946 2652
f 3947 3948 3949 3950
f 2663 3948 3947 2397
f 2705 3949 3948 2663
f 2701 3950 3949 2705
f 2397 3947 3950 2701
f 3951 3952 3953 3954
f 2705 3952 3951 2701
f 2706 3953 3952 2705
f 2702 3954 3953 2706
f 2701 3951 3954 2702
f 3955 3956 3957 3958
f 2397 3956 3955 2396
f 2701 3957 3956 2397
f 2691 3958 3957 2701
f 2396 3955 3958 2691
f 3959 3960 3961 3962
f 2701 3960 3959 2691
f 2702 3961 3960 2701
f 2692 3962 3961 2702
f 2691 3959 3962 2692
f 3963 3964 3965 3966
f 2394 3964 3963 2663
f 2696 3965 3964 2394
f 2705 3966 3965 2696
f 2663 3963 3966 2705
f 3967 3968 3969 3970
f 2696 3968 3967 2705
f 2695 3969 3968 2696
f 2706 3970 3969 2695
f 2705 3967 3970 2706
f 3971 3972 3973 3974
f 2399 3972 3971 2400
f 2699 3973 3972 2399
f 2698 3974 3973 2699
f 2400 3971 3974 2698
f 3975 3976 3977 3978
f 2699 3976 3975 2698
f 2700 3977 3976 2699
f 2697 3978 3977 2700
f 2698 3975 3978 2697
f 3979 3980 3981 3982
f 2400 3980 3979 2394
f 2698 3981 3980 2400
f 2696 3982 3981 2698
f 2394 3979 3982 2696
f 3983 3984 3985 3986
f 2698 3984 3983 2696
f 2697 3985 3984 2698
f 2695 3986 3985 2697
f 2696 3983 3986 2695
f 3987 3988 3989 3990
f 2395 3988 3987 2398
f 2693 3989 3988 2395
f 2703 3990 3989 2693
f 2398 3987 3990 2703
f 3991 3992 3993 3994
f 2693 3992 3991 2703
f 2694 3993 3992 2693
f 2704 3994 3993 2694
f 2703 3991 3994 2704
f 3995 3996 3997 3998
f 2396 3996 3995 2395
f 2691 3997 3996 2396
f 2693 3998 3997 2691
f 2395 3995 3998 2693
f 3999 4000 4001 4002
f 2691 4000 3999 2693
f 2692 4001 4000 2691
f 2694 4002 4001 2692
f 2693 3999 4002 2694
f 4003 4004 4005 4006
f 2398 4004 4003 2399
f 2703 4005 4004 2398
f 2699 4006 4005 2703
f 2399 4003 4006 2699
f 4007 4008 4009 4010
f 2703 4008 4007 2699
f 2704 4009 4008 2703
f 2700 4010 4009 2704
f 2699 4007 4010 2700
f 4011 4012 4013 4014
f 2664 4012 4011 2404
f 2721 4013 4012 2664
f 2713 4014 4013 2721
f 2404 4011 4014 2713
f 4015 4016 4017 4018
f 2721 4016 4015 2713
f 2722 4017 4016 2721
f 2714 4018 4017 2722
f 2713 4015 4018 2714
f 4019 4020 4021 4022
f 2405 4020 4019 2406
f 2717 4021 4020 2405
f 2711 4022 4021 2717
f 2406 4019 4022 2711
f 4023 4024 4025 4026
f 2717 4024 4023 2711
f 2718 4025 4024 2717
f 2712 4026 4025 2718
f 2711 4023 4026 2712
f 4027 4028 4029 4030
f 2404 4028 4027 2403
f 2713 4029 4028 2404
f 2716 4030 4029 2713
f 2403 4027 4030 2716
f 4031 4032 4033 4034
f 2713 4032 4031 2716
f 2714 4033 4032 2713
f 2715 4034 4033 2714
f 2716 4031 4034 2715
f 4035 4036 4037 4038
f 2401 4036 4035 2664
f 2709 4037 4036 2401
f 2721 4038 4037 2709
f 2664 4035 4038 2721
f 4039 4040 4041 4042
f 2709 4040 4039 2721
f 2710 4041 4040 2709
f 2722 4042 4041 2710
f 2721 4039 4042 2722
f 4043 4044 4045 4046
f 2406 4044 4043 2407
f 2711 4045 4044 2406
f 2708 4046 4045 2711
f 2407 4043 4046 2708
f 4047 4048 4049 4050
f 2711 4048 4047 2708
f 2712 4049 4048 2711
f 2707 4050 4049 2712
f 2708 4047 4050 2707
f 4051 4052 4053 4054
f 2407 4052 4051 2401
f 2708 4053 4052 2407
f 2709 4054 4053 2708
f 2401 4051 4054 2709
f 4055 4056 4057 4058
f 2708 4056 4055 2709
f 2707 4057 4056 2708
f 2710 4058 4057 2707
f 2709 4055 4058 2710
f 4059 4060 4061 4062
f 2402 4060 4059 2405
f 2720 4061 4060 2402
f 2717 4062 4061 2720
f 2405 4059 4062 2717
f 4063 4064 4065 4066
f 2720 4064 4063 2717
f 2719 4065 4064 2720
f 2718 4066 4065 2719
f 2717 4063 4066 2718
f 4067 4068 4069 4070
f 2403 4068 4067 2402
f 2716 4069 4068 2403
f 2720 4070 4069 2716
f 2402 4067 4070 2720
f 4071 4072 4073 4074
f 2716 4072 4071 2720
f 2715 4073 4072 2716
f 2719 4074 4073 2715
f 2720 4071 4074 2719
f 4075 4076 4077 4078
f 2736 4076 4075 2408
f 2738 4077 4076 2736
f 2665 4078 4077 2738
f 2408 4075 4078 2665
f 4079 4080 4081 4082
f 2735 4080 4079 2736
f 2737 4081 4080 2735
f 2738 4082 4081 2737
f 2736 4079 4082 2738
f 4083 4084 4085 4086
f 2409 4084 4083 2412
f 2734 4085 4084 2409
f 2729 4086 4085 2734
f 2412 4083 4086 2729
f 4087 4088 4089 4090
f 2734 4088 4087 2729
f 2733 4089 4088 2734
f 2730 4090 4089 2733
f 2729 4087 4090 2730
f 4091 4092 4093 4094
f 2410 4092 4091 2409
f 2728 4093 4092 2410
f 2734 4094 4093 2728
f 2409 4091 4094 2734
f 4095 4096 4097 4098
f 2728 4096 4095 2734
f 2727 4097 4096 2728
f 2733 4098 4097 2727
f 2734 4095 4098 2733
f 4099 4100 4101 4102
f 2412 4100 4099 2413
f 2729 4101 4100 2412
f 2732 4102 4101 2729
f 2413 4099 4102 2732
f 4103 4104 4105 4106
f 2729 4104 4103 2732
f 2730 4105 4104 2729
f 2731 4106 4105 2730
f 2732 4103 4106 2731
f 4107 4108 4109 4110
f 2414 4108 4107 2408
f 2725 4109 4108 2414
f 2736 4110 4109 2725
f 2408 4107 4110 2736
f 4111 4112 4113 4114
f 2725 4112 4111 2736
f 2726 4113 4112 2725
f 2735 4114 4113 2726
f 2736 4111 4114 2735
f 4115 4116 4117 4118
f 2411 4116 4115 2410
f 2723 4117 4116 2411
f 2728 4118 4117 2723
f 2410 4115 4118 2728
f 4119 4120 4121 4122
f 2723 4120 4119 2728
f 2724 4121 4120 2723
f 2727 4122 4121 2724
f 2728 4119 4122 2727
f 4123 4124 4125 4126
f 2738 4124 4123 2665
f 2723 4125 4124 2738
f 2411 4126 4125 2723
f 2665 4123 4126 2411
f 4127 4128 4129 4130
f 2737 4128 4127 2738
f 2724 4129 4128 2737
f 2723 4130 4129 2724
f 2738 4127 4130 2723
f 4131 4132 4133 4134
f 2413 4132 4131 2414
f 2732 4133 4132 2413
f 2725 4134 4133 2732
f 2414 4131 4134 2725
f 4135 4136 4137 4138
f 2732 4136 4135 2725
f 2731 4137 4136 2732
f 2726 4138 4137 2731
f 2725 4135 4138 2726
f 4139 4140 4141 4142
f 2750 4140 4139 2415
f 2754 4141 4140 2750
f 2666 4142 4141 2754
f 2415 4139 4142 2666
f 4143 4144 4145 4146
f 2749 4144 4143 2750
f 2753 4145 4144 2749
f 2754 4146 4145 2753
f 2750 4143 4146 2754
f 4147 4148 4149 4150
f 2420 4148 4147 2421
f 2744 4149 4148 2420
f 2752 4150 4149 2744
f 2421 4147 4150 2752
f 4151 4152 4153 4154
f 2744 4152 4151 2752
f 2743 4153 4152 2744
f 2751 4154 4153 2743
f 2752 4151 4154 2751
f 4155 4156 4157 4158
f 2416 4156 4155 2419
f 2746 4157 4156 2416
f 2739 4158 4157 2746
f 2419 4155 4158 2739
f 4159 4160 4161 4162
f 2746 4160 4159 2739
f 2745 4161 4160 2746
f 2740 4162 4161 2745
f 2739 4159 4162 2740
f 4163 4164 4165 4166
f 2417 4164 4163 2416
f 2747 4165 4164 2417
f 2746 4166 4165 2747
f 2416 4163 4166 2746
f 4167 4168 4169 4170
f 2747 4168 4167 2746
f 2748 4169 4168 2747
f 2745 4170 4169 2748
f 2746 4167 4170 2745
f 4171 4172 4173 4174
f 2754 4172 4171 2666
f 2742 4173 4172 2754
f 2418 4174 4173 2742
f 2666 4171 4174 2418
f 4175 4176 4177 4178
f 2753 4176 4175 2754
f 2741 4177 4176 2753
f 2742 4178 4177 2741
f 2754 4175 4178 2742
f 4179 4180 4181 4182
f 2419 4180 4179 2420
f 2739 4181 4180 2419
f 2744 4182 4181 2739
f 2420 4179 4182 2744
f 4183 4184 4185 4186
f 2739 4184 4183 2744
f 2740 4185 4184 2739
f 2743 4186 4185 2740
f 2744 4183 4186 2743
f 4187 4188 4189 4190
f 2421 4188 4187 2415
f 2752 4189 4188 2421
f 2750 4190 4189 2752
f 2415 4187 4190 2750
f 4191 4192 4193 4194
f 2752 4192 4191 2750
f 2751 4193 4192 2752
f 2749 4194 4193 2751
f 2750 4191 4194 2749
f 4195 4196 4197 4198
f 2418 4196 4195 2417
f 2742 4197 4196 2418
f 2747 4198 4197 2742
f 2417 4195 4198 2747
f 4199 4200 4201 4202
f 2742 4200 4199 2747
f 2741 4201 4200 2742
f 2748 4202 4201 2741
f 2747 4199 4202 2748
f 4203 4204 4205 4206
f 2667 4204 4203 2425
f 2769 4205 4204 2667
f 2767 4206 4205 2769
f 2425 4203 4206 2767
f 4207 4208 4209 4210
f 2769 4208 4207 2767
f 2770 4209 4208 2769
f 2768 4210 4209 2770
f 2767 4207 4210 2768
f 4211 4212 4213 4214
f 2425 4212 4211 2424
f 2767 4213 4212 2425
f 2759 4214 4213 2767
f 2424 4211 4214 2759
f 4215 4216 4217 4218
f 2767 4216 4215 2759
f 2768 4217 4216 2767
f 2760 4218 4217 2768
f 2759 4215 4218 2760
f 4219 4220 4221 4222
f 2427 4220 4219 2428
f 2765 4221 4220 2427
f 2764 4222 4221 2765
f 2428 4219 4222 2764
f 4223 4224 4225 4226
f 2765 4224 4223 2764
f 2766 4225 4224 2765
f 2763 4226 4225 2766
f 2764 4223 4226 2763
f 4227 4228 4229 4230
f 2428 4228 4227 2422
f 2764 4229 4228 2428
f 2762 4230 4229 2764
f 2422 4227 4230 2762
f 4231 4232 4233 4234
f 2764 4232 4231 2762
f 2763 4233 4232 2764
f 2761 4234 4233 2763
f 2762 4231 4234 2761
f 4235 4236 4237 4238
f 2423 4236 4235 2426
f 2756 4237 4236 2423
f 2758 4238 4237 2756
f 2426 4235 4238 2758
f 4239 4240 4241 4242
f 2756 4240 4239 2758
f 2755 4241 4240 2756
f 2757 4242 4241 2755
f 2758 4239 4242 2757
f 4243 4244 4245 4246
f 2424 4244 4243 2423
f 2759 4245 4244 2424
f 2756 4246 4245 2759
f 2423 4243 4246 2756
f 4247 4248 4249 4250
f 2759 4248 4247 2756
f 2760 4249 4248 2759
f 2755 4250 4249 2760
f 2756 4247 4250 2755
f 4251 4252 4253 4254
f 2422 4252 4251 2667
f 2762 4253 4252 2422
f 2769 4254 4253 2762
f 2667 4251 4254 2769
f 4255 4256 4257 4258
f 2762 4256 4255 2769
f 2761 4257 4256 2762
f 2770 4258 4257 2761
f 2769 4255 4258 2770
f 4259 4260 4261 4262
f 2426 4260 4259 2427
f 2758 4261 4260 2426
f 2765 4262 4261 2758
f 2427 4259 4262 2765
f 4263 4264 4265 4266
f 2758 4264 4263 2765
f 2757 4265 4264 2758
f 2766 4266 4265 2757
f 2765 4263 4266 2766
f 4267 4268 4269 4270
f 2668 4268 4267 2432
f 2785 4269 4268 2668
f 2779 4270 4269 2785
f 2432 4267 4270 2779
f 4271 4272 4273 4274
f 2785 4272 4271 2779
f 2786 4273 4272 2785
f 2780 4274 4273 2786
f 2779 4271 4274 2780
f 4275 4276 4277 4278
f 2433 4276 4275 2434
f 2783 4277 4276 2433
f 2777 4278 4277 2783
f 2434 4275 4278 2777
f 4279 4280 4281 4282
f 2783 4280 4279 2777
f 2784 4281 4280 2783
f 2778 4282 4281 2784
f 2777 4279 4282 2778
f 4283 4284 4285 4286
f 2432 4284 4283 2431
f 2779 4285 4284 2432
f 2782 4286 4285 2779
f 2431 4283 4286 2782
f 4287 4288 4289 4290
f 2779 4288 4287 2782
f 2780 4289 4288 2779
f 2781 4290 4289 2780
f 2782 4287 4290 2781
f 4291 4292 4293 4294
f 2429 4292 4291 2668
f 2774 4293 4292 2429
f 2785 4294 4293 2774
f 2668 4291 4294 2785
f 4295 4296 4297 4298
f 2774 4296 4295 2785
f 2773 4297 4296 2774
f 2786 4298 4297 2773
f 2785 4295 4298 2786
f 4299 4300 4301 4302
f 2434 4300 4299 2435
f 2777 4301 4300 2434
f 2776 4302 4301 2777
f 2435 4299 4302 2776
f 4303 4304 4305 4306
f 2777 4304 4303 2776
f 2778 4305 4304 2777
f 2775 4306 4305 2778
f 2776 4303 4306 2775
f 4307 4308 4309 4310
f 2435 4308 4307 2429
f 2776 4309 4308 2435
f 2774 4310 4309 2776
f 2429 4307 4310 2774
f 4311 4312 4313 4314
f 2776 4312 4311 2774
f 2775 4313 4312 2776
f 2773 4314 4313 2775
f 2774 4311 4314 2773
f 4315 4316 4317 4318
f 2430 4316 4315 2433
f 2771 4317 4316 2430
f 2783 4318 4317 2771
f 2433 4315 4318 2783
f 4319 4320 4321 4322
f 2771 4320 4319 2783
f 2772 4321 4320 2771
f 2784 4322 4321 2772
f 2783 4319 4322 2784
f 4323 4324 4325 4326
f 2431 4324 4323 2430
f 2782 4325 4324 2431
f 2771 4326 4325 2782
f 2430 4323 4326 2771
f 4327 4328 4329 4330
f 2782 4328 4327 2771
f 2781 4329 4328 2782
f 2772 4330 4329 2781
f 2771 4327 4330 2772
f 4331 4332 4333 4334
f 2669 4332 4331 2439
f 2794 4333 4332 2669
f 2789 4334 4333 2794
f 2439 4331 4334 2789
f 4335 4336 4337 4338
f 2438 4336 4335 2437
f 2791 4337 4336 2438
f 2793 4338 4337 2791
f 2437 4335 4338 2793
f 4339 4340 4341 4342
f 2440 4340 4339 2441
f 2792 4341 4340 2440
f 2788 4342 4341 2792
f 2441 4339 4342 2788
f 4343 4344 4345 4346
f 2439 4344 4343 2438
f 2789 4345 4344 2439
f 2791 4346 4345 2789
f 2438 4343 4346 2791
f 4347 4348 4349 4350
f 2436 4348 4347 2669
f 2787 4349 4348 2436
f 2794 4350 4349 2787
f 2669 4347 4350 2794
f 4351 4352 4353 4354
f 2441 4352 4351 2442
f 2788 4353 4352 2441
f 2790 4354 4353 2788
f 2442 4351 4354 2790
f 4355 4356 4357 4358
f 2442 4356 4355 2436
f 2790 4357 4356 2442
f 2787 4358 4357 2790
f 2436 4355 4358 2787
f 4359 4360 4361 4362
f 2437 4360 4359 2440
f 2793 4361 4360 2437
f 2792 4362 4361 2793
f 2440 4359 4362 2792
f 4363 4364 4365 4366
f 2670 4364 4363 2446
f 2802 4365 4364 2670
f 2801 4366 4365 2802
f 2446 4363 4366 2801
f 4367 4368 4369 4370
f 2444 4368 4367 2447
f 2796 4369 4368 2444
f 2797 4370 4369 2796
f 2447 4367 4370 2797
f 4371 4372 4373 4374
f 2445 4372 4371 2444
f 2798 4373 4372 2445
f 2796 4374 4373 2798
f 2444 4371 4374 2796
f 4375 4376 4377 4378
f 2797 4376 4375 2447
f 2795 4377 4376 2797
f 2448 4378 4377 2795
f 2447 4375 4378 2448
f 4379 4380 4381 4382
f 2449 4380 4379 2443
f 2800 4381 4380 2449
f 2799 4382 4381 2800
f 2443 4379 4382 2799
f 4383 4384 4385 4386
f 2446 4384 4383 2445
f 2801 4385 4384 2446
f 2798 4386 4385 2801
f 2445 4383 4386 2798
f 4387 4388 4389 4390
f 2448 4388 4387 2449
f 2795 4389 4388 2448
f 2800 4390 4389 2795
f 2449 4387 4390 2800
f 4391 4392 4393 4394
f 2443 4392 4391 2670
f 2799 4393 4392 2443
f 2802 4394 4393 2799
f 2670 4391 4394 2802
f 4395 4396 4397 4398
f 2671 4396 4395 2453
f 2810 4397 4396 2671
f 2807 4398 4397 2810
f 2453 4395 4398 2807
f 4399 4400 4401 4402
f 2453 4400 4399 2452
f 2807 4401 4400 2453
f 2808 4402 4401 2807
f 2452 4399 4402 2808
f 4403 4404 4405 4406
f 2450 4404 4403 2671
f 2804 4405 4404 2450
f 2810 4406 4405 2804
f 2671 4403 4406 2810
f 4407 4408 4409 4410
f 2455 4408 4407 2456
f 2806 4409 4408 2455
f 2805 4410 4409 2806
f 2456 4407 4410 2805
f 4411 4412 4413 4414
f 2456 4412 4411 2450
f 2805 4413 4412 2456
f 2804 4414 4413 2805
f 2450 4411 4414 2804
f 4415 4416 4417 4418
f 2451 4416 4415 2454
f 2803 4417 4416 2451
f 2809 4418 4417 2803
f 2454 4415 4418 2809
f 4419 4420 4421 4422
f 2452 4420 4419 2451
f 2808 4421 4420 2452
f 2803 4422 4421 2808
f 2451 4419 4422 2803
f 4423 4424 4425 4426
f 2454 4424 4423 2455
f 2809 4425 4424 2454
f 2806 4426 4425 2809
f 2455 4423 4426 2806
f 4427 4428 4429 4430
f 2672 4428 4427 2460
f 2818 4429 4428 2672
f 2814 4430 4429 2818
f 2460 4427 4430 2814
f 4431 4432 4433 4434
f 2459 4432 4431 2458
f 2815 4433 4432 2459
f 2817 4434 4433 2815
f 2458 4431 4434 2817
f 4435 4436 4437 4438
f 2461 4436 4435 2462
f 2816 4437 4436 2461
f 2813 4438 4437 2816
f 2462 4435 4438 2813
f 4439 4440 4441 4442
f 2460 4440 4439 2459
f 2814 4441 4440 2460
f 2815 4442 4441 2814
f 2459 4439 4442 2815
f 4443 4444 4445 4446
f 2457 4444 4443 2672
f 2812 4445 4444 2457
f 2818 4446 4445 2812
f 2672 4443 4446 2818
f 4447 4448 4449 4450
f 2462 4448 4447 2463
f 2813 4449 4448 2462
f 2811 4450 4449 2813
f 2463 4447 4450 2811
f 4451 4452 4453 4454
f 2463 4452 4451 2457
f 2811 4453 4452 2463
f 2812 4454 4453 2811
f 2457 4451 4454 2812
f 4455 4456 4457 4458
f 2458 4456 4455 2461
f 2817 4457 4456 2458
f 2816 4458 4457 2817
f 2461 4455 4458 2816
f 4459 4460 4461 4462
f 2673 4460 4459 2467
f 2826 4461 4460 2673
f 2825 4462 4461 2826
f 2467 4459 4462 2825
f 4463 4464 4465 4466
f 2465 4464 4463 2468
f 2820 4465 4464 2465
f 2821 4466 4465 2820
f 2468 4463 4466 2821
f 4467 4468 4469 4470
f 2466 4468 4467 2465
f 2822 4469 4468 2466
f 2820 4470 4469 2822
f 2465 4467 4470 2820
f 4471 4472 4473 4474
f 2821 4472 4471 2468
f 2819 4473 4472 2821
f 2469 4474 4473 2819
f 2468 4471 4474 2469
f 4475 4476 4477 4478
f 2470 4476 4475 2464
f 2824 4477 4476 2470
f 2823 4478 4477 2824
f 2464 4475 4478 2823
f 4479 4480 4481 4482
f 2467 4480 4479 2466
f 2825 4481 4480 2467
f 2822 4482 4481 2825
f 2466 4479 4482 2822
f 4483 4484 4485 4486
f 2464 4484 4483 2673
f 2823 4485 4484 2464
f 2826 4486 4485 2823
f 2673 4483 4486 2826
f 4487 4488 4489 4490
f 2469 4488 4487 2470
f 2819 4489 4488 2469
f 2824 4490 4489 2819
f 2470 4487 4490 2824
f 4491 4492 4493 4494
f 2523 4492 4491 2335
f 2525 4493 4492 2523
f 2336 4494 4493 2525
f 2335 4491 4494 2336
f 4495 4496 4497 4498
f 2333 4496 4495 2332
f 2522 4497 4496 2333
f 2526 4498 4497 2522
f 2332 4495 4498 2526
f 4499 4500 4501 4502
f 2332 4500 4499 2335
f 2526 4501 4500 2332
f 2523 4502 4501 2526
f 2335 4499 4502 2523
f 4503 4504 4505 4506
f 2337 4504 4503 2331
f 2528 4505 4504 2337
f 2527 4506 4505 2528
f 2331 4503 4506 2527
f 4507 4508 4509 4510
f 2336 4508 4507 2337
f 2525 4509 4508 2336
f 2528 4510 4509 2525
f 2337 4507 4510 2528
f 4511 4512 4513 4514
f 2331 4512 4511 2653
f 2527 4513 4512 2331
f 2675 4514 4513 2527
f 2653 4511 4514 2675
f 4515 4516 4517 4518
f 2334 4516 4515 2333
f 2524 4517 4516 2334
f 2522 4518 4517 2524
f 2333 4515 4518 2522
f 4519 4520 4521 4522
f 2653 4520 4519 2334
f 2675 4521 4520 2653
f 2524 4522 4521 2675
f 2334 4519 4522 2524
f 2520 2519 4527 4528
f 2521 2520 4528 4529
f 2674 2515 4523 4530
f 2518 2674 4530 4526
f 2519 2516 4524 4527
f 2515 2521 4529 4523
f 2516 2517 4525 4524
f 2517 2518 4526 4525
f 4529 4528 4527 4531
f 4525 4526 4530 4531
f 4524 4525 4531 4527
f 4523 4529 4531 4530
f 4532 4573 4645 4574
f 4573 4533 4609 4645
f 4645 4609 4535 4575
f 4574 4645 4575 4534
f 4534 4575 4646 4576
f 4575 4535 4610 4646
f 4646 4610 4537 4577
f 4576 4646 4577 4536
f 4536 4577 4647 4578
f 4577 4537 4611 4647
f 4647 4611 4539 4579
f 4578 4647 4579 4538
f 4538 4579 4648 4596
f 4579 4539 4631 4648
f 4648 4631 4564 4605
f 4596 4648 4605 4563
f 4540 4615 4649 4612
f 4615 4544 4583 4649
f 4649 4583 4548 4617
f 4612 4649 4617 4541
f 4541 4617 4650 4613
f 4617 4548 4587 4650
f 4650 4587 4552 4621
f 4613 4650 4621 4542
f 4542 4621 4651 4614
f 4621 4552 4591 4651
f 4651 4591 4556 4625
f 4614 4651 4625 4543
f 4543 4625 4652 4636
f 4625 4556 4601 4652
f 4652 4601 4571 4641
f 4636 4652 4641 4572
f 4544 4581 4653 4583
f 4581 4545 4618 4653
f 4653 4618 4549 4584
f 4583 4653 4584 4548
f 4545 4616 4654 4618
f 4616 4546 4585 4654
f 4654 4585 4550 4619
f 4618 4654 4619 4549
f 4546 4582 4655 4585
f 4582 4547 4620 4655
f 4655 4620 4551 4586
f 4585 4655 4586 4550
f 4547 4608 4656 4620
f 4608 4532 4574 4656
f 4656 4574 4534 4638
f 4620 4656 4638 4551
f 4548 4584 4657 4587
f 4584 4549 4622 4657
f 4657 4622 4553 4588
f 4587 4657 4588 4552
f 4549 4619 4658 4622
f 4619 4550 4589 4658
f 4658 4589 4554 4623
f 4622 4658 4623 4553
f 4550 4586 4659 4589
f 4586 4551 4624 4659
f 4659 4624 4555 4590
f 4589 4659 4590 4554
f 4551 4638 4660 4624
f 4638 4534 4576 4660
f 4660 4576 4536 4637
f 4624 4660 4637 4555
f 4552 4588 4661 4591
f 4588 4553 4626 4661
f 4661 4626 4557 4592
f 4591 4661 4592 4556
f 4553 4623 4662 4626
f 4623 4554 4593 4662
f 4662 4593 4558 4627
f 4626 4662 4627 4557
f 4554 4590 4663 4593
f 4590 4555 4628 4663
f 4663 4628 4559 4594
f 4593 4663 4594 4558
f 4555 4637 4664 4628
f 4637 4536 4578 4664
f 4664 4578 4538 4639
f 4628 4664 4639 4559
f 4556 4592 4665 4601
f 4592 4557 4635 4665
f 4665 4635 4569 4604
f 4601 4665 4604 4571
f 4557 4627 4666 4635
f 4627 4558 4599 4666
f 4666 4599 4567 4633
f 4635 4666 4633 4569
f 4558 4594 4667 4599
f 4594 4559 4632 4667
f 4667 4632 4565 4580
f 4599 4667 4580 4567
f 4559 4639 4668 4632
f 4639 4538 4596 4668
f 4668 4596 4563 4606
f 4632 4668 4606 4565
f 4544 4615 4669 4581
f 4615 4540 4629 4669
f 4669 4629 4560 4642
f 4581 4669 4642 4545
f 4545 4642 4670 4616
f 4642 4560 4595 4670
f 4670 4595 4561 4607
f 4616 4670 4607 4546
f 4546 4607 4671 4582
f 4607 4561 4630 4671
f 4671 4630 4562 4643
f 4582 4671 4643 4547
f 4547 4643 4672 4608
f 4643 4562 4602 4672
f 4672 4602 4533 4573
f 4608 4672 4573 4532
f 4563 4605 4673 4606
f 4605 4564 4597 4673
f 4673 4597 4566 4644
f 4606 4673 4644 4565
f 4565 4644 4674 4580
f 4644 4566 4634 4674
f 4674 4634 4568 4598
f 4580 4674 4598 4567
f 4567 4598 4675 4633
f 4598 4568 4600 4675
f 4675 4600 4570 4603
f 4633 4675 4603 4569
f 4569 4603 4676 4604
f 4603 4570 4640 4676
f 4676 4640 4572 4641
f 4604 4676 4641 4571
f 4677 4719 4790 4718
f 4718 4790 4754 4678
f 4790 4720 4680 4754
f 4719 4679 4720 4790
f 4679 4721 4791 4720
f 4720 4791 4755 4680
f 4791 4722 4682 4755
f 4721 4681 4722 4791
f 4681 4723 4792 4722
f 4722 4792 4756 4682
f 4792 4724 4684 4756
f 4723 4683 4724 4792
f 4683 4741 4793 4724
f 4724 4793 4776 4684
f 4793 4750 4709 4776
f 4741 4708 4750 4793
f 4685 4757 4794 4760
f 4760 4794 4728 4689
f 4794 4762 4693 4728
f 4757 4686 4762 4794
f 4686 4758 4795 4762
f 4762 4795 4732 4693
f 4795 4766 4697 4732
f 4758 4687 4766 4795
f 4687 4759 4796 4766
f 4766 4796 4736 4697
f 4796 4770 4701 4736
f 4759 4688 4770 4796
f 4688 4781 4797 4770
f 4770 4797 4746 4701
f 4797 4786 4716 4746
f 4781 4717 4786 4797
f 4689 4728 4798 4726
f 4726 4798 4763 4690
f 4798 4729 4694 4763
f 4728 4693 4729 4798
f 4690 4763 4799 4761
f 4761 4799 4730 4691
f 4799 4764 4695 4730
f 4763 4694 4764 4799
f 4691 4730 4800 4727
f 4727 4800 4765 4692
f 4800 4731 4696 4765
f 4730 4695 4731 4800
f 4692 4765 4801 4753
f 4753 4801 4719 4677
f 4801 4783 4679 4719
f 4765 4696 4783 4801
f 4693 4732 4802 4729
f 4729 4802 4767 4694
f 4802 4733 4698 4767
f 4732 4697 4733 4802
f 4694 4767 4803 4764
f 4764 4803 4734 4695
f 4803 4768 4699 4734
f 4767 4698 4768 4803
f 4695 4734 4804 4731
f 4731 4804 4769 4696
f 4804 4735 4700 4769
f 4734 4699 4735 4804
f 4696 4769 4805 4783
f 4783 4805 4721 4679
f 4805 4782 4681 4721
f 4769 4700 4782 4805
f 4697 4736 4806 4733
f 4733 4806 4771 4698
f 4806 4737 4702 4771
f 4736 4701 4737 4806
f 4698 4771 4807 4768
f 4768 4807 4738 4699
f 4807 4772 4703 4738
f 4771 4702 4772 4807
f 4699 4738 4808 4735
f 4735 4808 4773 4700
f 4808 4739 4704 4773
f 4738 4703 4739 4808
f 4700 4773 4809 4782
f 4782 4809 4723 4681
f 4809 4784 4683 4723
f 4773 4704 4784 4809
f 4701 4746 4810 4737
f 4737 4810 4780 4702
f 4810 4749 4714 4780
f 4746 4716 4749 4810
f 4702 4780 4811 4772
f 4772 4811 4744 4703
f 4811 4778 4712 4744
f 4780 4714 4778 4811
f 4703 4744 4812 4739
f 4739 4812 4777 4704
f 4812 4725 4710 4777
f 4744 4712 4725 4812
f 4704 4777 4813 4784
f 4784 4813 4741 4683
f 4813 4751 4708 4741
f 4777 4710 4751 4813
f 4689 4726 4814 4760
f 4760 4814 4774 4685
f 4814 4787 4705 4774
f 4726 4690 4787 4814
f 4690 4761 4815 4787
f 4787 4815 4740 4705
f 4815 4752 4706 4740
f 4761 4691 4752 4815
f 4691 4727 4816 4752
f 4752 4816 4775 4706
f 4816 4788 4707 4775
f 4727 4692 4788 4816
f 4692 4753 4817 4788
f 4788 4817 4747 4707
f 4817 4718 4678 4747
f 4753 4677 4718 4817
f 4708 4751 4818 4750
f 4750 4818 4742 4709
f 4818 4789 4711 4742
f 4751 4710 4789 4818
f 4710 4725 4819 4789
f 4789 4819 4779 4711
f 4819 4743 4713 4779
f 4725 4712 4743 4819
f 4712 4778 4820 4743
f 4743 4820 4745 4713
f 4820 4748 4715 4745
f 4778 4714 4748 4820
f 4714 4749 4821 4748
f 4748 4821 4785 4715
f 4821 4786 4717 4785
f 4749 4716 4786 4821
f 4822 4825 4826 4827
f 4822 4828 4829 4825
f 4822 4827 4830 4828
f 4823 4831 4832 4833
f 4823 4833 4834 4835
f 4823 4835 4836 4831
f 4948 4950 5090 5089
f 4844 4840 4843 4839
f 4846 4845 4847 4848
f 4846 4848 4849 4844
f 4849 4848 4850 4851
f 4849 4851 4852 4853
f 4849 4853 4840 4844
f 4853 4852 4854 4855
f 4853 4855 4841 4840
f 4855 4854 4856 4857
f 4855 4857 4858 4841
f 4867 4845 4838 5084
f 4858 4857 4859 4860
f 4840 4841 4842 4843
f 4860 4859 4861 4862
f 4866 4867 5084 5083
f 4862 4861 4863 4864
f 4867 4866 4868 4869
f 4867 4869 4847 4845
f 4869 4868 4870 4871
f 4869 4871 4872 4847
f 4872 4871 4873 4874
f 4872 4874 4875 4850
f 4872 4850 4848 4847
f 4875 4874 4876 4877
f 4875 4877 4878 4879
f 4875 4879 4851 4850
f 4879 4878 4880 4881
f 4879 4881 4852 4851
f 4881 4880 4882 4883
f 4881 4883 4854 4852
f 4883 4882 4884 4885
f 4883 4885 4856 4854
f 4885 4884 4886 4887
f 4885 4887 4888 4856
f 4888 4859 4857 4856
f 4888 4887 4889 4890
f 4888 4890 4861 4859
f 4890 4889 4891 4892
f 4890 4892 4863 4861
f 4892 4891 4893 4894
f 4892 4894 4895 4863
f 4895 4865 4864 4863
f 4895 4894 4896 4897
f 4895 4897 4898 4865
f 4898 4897 4899 4900
f 4902 4904 4868 4866
f 4904 4903 4905 4906
f 4904 4906 4870 4868
f 4906 4905 4907 4908
f 4906 4908 4909 4870
f 4909 4908 4910 4911
f 4909 4911 4912 4873
f 4909 4873 4871 4870
f 4912 4911 4913 4914
f 4912 4914 4915 4876
f 4912 4876 4874 4873
f 4915 4914 4916 4917
f 4915 4917 4918 4919
f 4915 4919 4877 4876
f 4919 4918 4920 4921
f 4919 4921 4878 4877
f 4921 4920 4922 4923
f 4921 4923 4880 4878
f 4923 4922 4924 4925
f 4923 4925 4882 4880
f 4925 4924 4926 4927
f 4925 4927 4884 4882
f 4927 4926 4928 4929
f 4927 4929 4886 4884
f 4929 4928 4930 4931
f 4929 4931 4932 4886
f 4932 4889 4887 4886
f 4932 4931 4933 4934
f 4932 4934 4891 4889
f 4934 4933 4935 4936
f 4934 4936 4893 4891
f 4936 4935 4937 4938
f 4936 4938 4939 4893
f 4939 4896 4894 4893
f 4939 4938 4940 4941
f 4939 4941 4942 4896
f 4942 4899 4897 4896
f 4942 4941 4943 4944
f 4942 4944 4945 4899
f 4945 4901 4900 4899
f 4945 4944 4946 4947
f 4945 4947 4948 4901
f 4948 4947 4949 4950
f 4951 4952 4905 4903
f 4952 4953 4907 4905
f 4953 4954 4955 4907
f 4955 4954 4956 4957
f 4955 4957 4958 4910
f 4955 4910 4908 4907
f 4958 4957 4959 4960
f 4958 4960 4961 4913
f 4958 4913 4911 4910
f 4961 4960 4962 4963
f 4961 4963 4964 4916
f 4961 4916 4914 4913
f 4964 4963 4965 4966
f 4964 4966 4967 4968
f 4964 4968 4917 4916
f 4968 4967 4969 4970
f 4968 4970 4918 4917
f 4970 4969 4971 4972
f 4970 4972 4920 4918
f 4972 4971 4826 4973
f 4972 4973 4922 4920
f 4973 4826 4825 4974
f 4973 4974 4924 4922
f 4974 4825 4829 4975
f 4974 4975 4926 4924
f 4975 4829 4976 4977
f 4975 4977 4928 4926
f 4977 4976 4978 4979
f 4977 4979 4930 4928
f 4979 4978 4980 4981
f 4979 4981 4982 4930
f 4982 4933 4931 4930
f 4982 4981 4983 4984
f 4982 4984 4935 4933
f 4984 4983 4985 4986
f 4984 4986 4937 4935
f 4986 4985 4987 4988
f 4986 4988 4989 4937
f 4989 4940 4938 4937
f 4989 4988 4990 4991
f 4989 4991 4992 4940
f 4992 4943 4941 4940
f 4992 4991 4993 4994
f 4992 4994 4995 4943
f 4995 4946 4944 4943
f 4995 4994 4996 4997
f 4995 4997 4998 4946
f 4998 4949 4947 4946
f 4999 5001 5002 4959
f 4999 4959 4957 4956
f 5002 5001 5003 5004
f 5002 5004 5005 4962
f 5002 4962 4960 4959
f 5005 5004 5006 5007
f 5005 5007 5008 4965
f 5005 4965 4963 4962
f 5008 5007 5009 5010
f 5008 5010 5011 5012
f 5008 5012 4966 4965
f 5012 5011 5013 5014
f 5012 5014 4967 4966
f 5014 5013 5015 5016
f 5014 5016 4969 4967
f 5016 5015 5017 5018
f 5016 5018 4971 4969
f 5018 5017 4830 4827
f 5018 4827 4826 4971
f 5017 4832 4831 4830
f 5017 5015 5019 4832
f 5019 5020 4833 4832
f 5019 5015 5013 5021
f 5019 5021 5022 5020
f 5022 5023 5024 5020
f 5022 5021 5025 5026
f 5022 5026 5027 5023
f 5027 5028 5029 5023
f 5027 5026 5030 5031
f 5027 5031 5032 5028
f 5032 5033 4987 5028
f 5032 5031 5034 5035
f 5032 5035 5036 5033
f 5036 5037 4990 5033
f 5036 5035 5038 5039
f 5036 5039 5040 5037
f 5040 5041 4993 5037
f 5044 5043 5045 5046
f 5044 5046 5047 5003
f 5044 5003 5001 5000
f 5047 5046 5048 5049
f 5047 5049 5050 5006
f 5047 5006 5004 5003
f 5050 5051 5052 5009
f 5050 5009 5007 5006
f 5050 5049 5053 5051
f 5053 5054 5055 5051
f 5053 5049 5048 5056
f 5053 5056 5057 5054
f 5057 5058 5059 5054
f 5057 5056 5060 5061
f 5057 5061 5062 5058
f 5062 5063 5064 5058
f 5062 5061 5065 5066
f 5067 5069 5070 5045
f 5070 5060 5056 5048
f 5070 5048 5046 5045
f 5070 5069 5071 5060
f 5071 5065 5061 5060
f 5071 5069 5068 5072
f 5071 5072 5073 5065
f 5074 5042 5039 5038
f 5074 5038 5075 5059
f 5074 5059 5058 5064
f 5075 5038 5035 5034
f 5075 5034 5076 5055
f 5075 5055 5054 5059
f 5076 5034 5031 5030
f 5076 5030 5077 5052
f 5076 5052 5051 5055
f 5077 5030 5026 5025
f 5077 5025 5011 5010
f 5077 5010 5009 5052
f 5041 4996 4994 4993
f 5037 4993 4991 4990
f 5033 4990 4988 4987
f 5029 4985 4983 5078
f 5029 5078 5024 5023
f 5029 5028 4987 4985
f 5078 4983 4981 4980
f 5078 4980 4834 5024
f 5025 5021 5013 5011
f 5024 4834 4833 5020
f 4980 4978 4835 4834
f 4978 4976 4836 4835
f 4976 4829 4828 4836
f 4836 4828 4830 4831
f 4864 4865 5082 5081
f 4902 4866 5083 5088
f 4865 4898 5085 5082
f 4841 4858 4824 4842
f 4846 4844 4839 4837
f 4860 4862 5080 5079
f 4901 4948 5089 5087
f 4898 4900 5086 5085
f 4858 4860 5079 4824
f 4862 4864 5081 5080
f 4845 4846 4837 4838
f 4900 4901 5087 5086
